year,ward_no,candidate,symbol,gender,votes,won,incumbent,source_path
2002,1,Kanojiya Geetabai Chhedilal,Hand,F,4581,W,0,data/maharashtra/mumbai/BMC 2002.xls
2002,1,Keny Hemlata Manoj,Bicycle,F,887,L,0,data/maharashtra/mumbai/BMC 2002.xls
2002,1,Dhanu Bharti Bhuvaneshwar,Clock,F,2117,L,0,data/maharashtra/mumbai/BMC 2002.xls
2002,1,Patil Nilam Manohar,Bow and Arrow,F,3921,L,0,data/maharashtra/mumbai/BMC 2002.xls
2002,1,Seepal Nanda Narayan,Bungalow,F,1271,L,0,data/maharashtra/mumbai/BMC 2002.xls
2002,2,Indolia Atul Kumar,Kite,M,277,L,0,data/maharashtra/mumbai/BMC 2002.xls
2002,2,Gour Vasantkumar Lalman,Bungalow,M,44,L,0,data/maharashtra/mumbai/BMC 2002.xls
2002,2,Chauhan Chaman Vitthalal,Bicycle,M,250,L,0,data/maharashtra/mumbai/BMC 2002.xls
2002,2,John Varghese Joseph,Car,M,7,L,0,data/maharashtra/mumbai/BMC 2002.xls
2002,2,Tiwari Rajkumar Suryamani,Whistle,M,18,L,0,data/maharashtra/mumbai/BMC 2002.xls
2002,2,Doshi Puran Mohanalal,Hand,M,1403,W,0,data/maharashtra/mumbai/BMC 2002.xls
2002,2,Narvekar Suresh Murari,Bow and Arrow,M,956,L,1,data/maharashtra/mumbai/BMC 2002.xls
2002,2,Yadav Ramnath Shree Jagdish,Comb,M,43,L,0,data/maharashtra/mumbai/BMC 2002.xls
2002,2,Rane Arvind Dattaram,Ceiling Fan,M,472,L,0,data/maharashtra/mumbai/BMC 2002.xls
2002,2,Shekh Mohd Hassan Aboobacker,Bus,M,78,L,0,data/maharashtra/mumbai/BMC 2002.xls
2002,2,Sagaya Mary Lazarus,Clock,F,308,L,0,data/maharashtra/mumbai/BMC 2002.xls
2002,2,Sathe Vijay Maruti,Aeroplane,M,15,L,0,data/maharashtra/mumbai/BMC 2002.xls
2002,3,Ayare Devendra Shriram,Bus,M,106,L,0,data/maharashtra/mumbai/BMC 2002.xls
2002,3,Kanojiya Rakesh Shivram,Lock and Key,M,9,L,0,data/maharashtra/mumbai/BMC 2002.xls
2002,3,Kanojiya Suresh Shivram,Bicycle,M,182,L,0,data/maharashtra/mumbai/BMC 2002.xls
2002,3,Khan Aslam Shabaz,Book,M,134,L,0,data/maharashtra/mumbai/BMC 2002.xls
2002,3,Gavdar Rajaswami,Flaming Torch,M,49,L,0,data/maharashtra/mumbai/BMC 2002.xls
2002,3,Jadhav Kailash Kashinath,State,M,104,L,0,data/maharashtra/mumbai/BMC 2002.xls
2002,3,Thakkar Deepak Hemraj,Kite,M,28,L,0,data/maharashtra/mumbai/BMC 2002.xls
2002,3,Patil Ravindra Lalu,Coconut,M,432,L,0,data/maharashtra/mumbai/BMC 2002.xls
2002,3,Mishra Dinesh Ramshiromani,Clock,M,1995,L,0,data/maharashtra/mumbai/BMC 2002.xls
2002,3,Yelve Anesh Vishram,Bungalow,M,208,L,0,data/maharashtra/mumbai/BMC 2002.xls
2002,3,Ramaiyya Dinesh Vallabhdas,Gas Cylinder,M,56,L,0,data/maharashtra/mumbai/BMC 2002.xls
2002,3,Ruke Arjun Ganpat,Railway Engine,M,72,L,0,data/maharashtra/mumbai/BMC 2002.xls
2002,3,Lee Shuphen Chen Phu,Road Roller,F,42,L,0,data/maharashtra/mumbai/BMC 2002.xls
2002,3,Shekhar Vinod Sitambalam,Hand,M,4318,W,0,data/maharashtra/mumbai/BMC 2002.xls
2002,3,Salvi Vilas Shivdas,Aeroplane,M,11,L,0,data/maharashtra/mumbai/BMC 2002.xls
2002,3,Surve Prakash Ravji,Lotus,M,3347,L,0,data/maharashtra/mumbai/BMC 2002.xls
2002,4,Kapadiya Saroj Kumudchandra,Bow and Arrow,F,3778,L,0,data/maharashtra/mumbai/BMC 2002.xls
2002,4,Gurav Minal Sanjay,Clock,F,1325,L,0,data/maharashtra/mumbai/BMC 2002.xls
2002,4,Dhulla Vijay Kantilal,Hand,F,4543,W,1,data/maharashtra/mumbai/BMC 2002.xls
2002,4,Ramaiyya Ratna Dinesh,Book,F,314,L,0,data/maharashtra/mumbai/BMC 2002.xls
2002,4,Hivalie Sushma Dayanand,Aeroplane,F,737,L,0,data/maharashtra/mumbai/BMC 2002.xls
2002,5,Khule Chintaman Jagannath,Bow and Arrow,M,2790,L,0,data/maharashtra/mumbai/BMC 2002.xls
2002,5,Nikam Dhyanraj Yashvant,Hand,M,4439,W,0,data/maharashtra/mumbai/BMC 2002.xls
2002,5,Pengoda Anjannyya Ramanna,Clock,M,192,L,0,data/maharashtra/mumbai/BMC 2002.xls
2002,5,Pawar Balvantrav Sonappa,Coconut,M,3604,L,1,data/maharashtra/mumbai/BMC 2002.xls
2002,5,Mallepogo Hiralal Yaranna,Bus,M,8,L,0,data/maharashtra/mumbai/BMC 2002.xls
2002,5,Rathod Jyoti Dinesh,Kite,F,185,L,0,data/maharashtra/mumbai/BMC 2002.xls
2002,5,Lakdavala Imranali Noormohammad,Flaming Torch,M,19,L,0,data/maharashtra/mumbai/BMC 2002.xls
2002,5,Shaikh Mohamma Ikabal Mohammad Ahmed,Ladder,M,58,L,0,data/maharashtra/mumbai/BMC 2002.xls
2002,5,Hiraji Iquabal Khalim,Bicycle,M,1248,L,0,data/maharashtra/mumbai/BMC 2002.xls
2002,6,Ansari Vakarunnisa Zahid Husain,Bicycle,F,4678,W,,data/maharashtra/mumbai/BMC 2002.xls
2002,6,Nanjiyani Rafiya Masum Hussain,Hand,F,2174,L,,data/maharashtra/mumbai/BMC 2002.xls
2002,6,Vaishnav Manju Rajchoddas,Lotus,F,2560,L,,data/maharashtra/mumbai/BMC 2002.xls
2002,6,Shaikh Zinat Aziz Ahmed,Ladder,F,224,L,,data/maharashtra/mumbai/BMC 2002.xls
2002,6,Sayyad Amin Mohammed,Clock,F,1556,L,,data/maharashtra/mumbai/BMC 2002.xls
2002,7,Ansari Amin Khatun,Ladder,F,219,L,0,data/maharashtra/mumbai/BMC 2002.xls
2002,7,Ansari Altaph Hussain,Clock,M,2198,L,0,data/maharashtra/mumbai/BMC 2002.xls
2002,7,Ansari Mohammed Ikhalak,Bicycle,M,3910,W,0,data/maharashtra/mumbai/BMC 2002.xls
2002,7,Shaikh Shaphik Ahmed Japhar,Hand,M,2236,L,0,data/maharashtra/mumbai/BMC 2002.xls
2002,7,Sapkal Atmaram Lakshman,Bow and Arrow,M,131,L,0,data/maharashtra/mumbai/BMC 2002.xls
2002,8,Gohil Narendra Devji,Lotus,M,4271,L,,data/maharashtra/mumbai/BMC 2002.xls
2002,8,Solanki Ahmed Dawood,Bat,M,1321,L,,data/maharashtra/mumbai/BMC 2002.xls
2002,8,Patel Ibrahim Allarakha,Bicycle,M,1716,L,,data/maharashtra/mumbai/BMC 2002.xls
2002,8,Shaikh Yusuph Mohammed Yakub,Hand,M,4862,W,,data/maharashtra/mumbai/BMC 2002.xls
2002,8,Amre Manoj Shankar,Clock,M,1447,L,,data/maharashtra/mumbai/BMC 2002.xls
2002,9,Khedakar Ashok Dhyaneshwar,Clock,M,1122,L,0,data/maharashtra/mumbai/BMC 2002.xls
2002,9,Rajput Pushpasen Prabhudas,Hand,M,6737,W,0,data/maharashtra/mumbai/BMC 2002.xls
2002,9,Naik Deelip Pandarinath,Bow and Arrow,M,6340,L,0,data/maharashtra/mumbai/BMC 2002.xls
2002,10,Agarval Amit Radheshyam,Lady Purse,M,114,L,,data/maharashtra/mumbai/BMC 2002.xls
2002,10,Gala Damji Jivaraj,Hand,M,2058,L,,data/maharashtra/mumbai/BMC 2002.xls
2002,10,Jain Yugraj Bherumal,Bus,M,2239,L,,data/maharashtra/mumbai/BMC 2002.xls
2002,10,Nagi Harjindarsingh Gyansingh,Kite,M,236,L,,data/maharashtra/mumbai/BMC 2002.xls
2002,10,Patole Vilas Shrikrushna,Aeroplane,M,126,L,,data/maharashtra/mumbai/BMC 2002.xls
2002,10,Vichare Sharad Shankar,Clock,M,3757,L,,data/maharashtra/mumbai/BMC 2002.xls
2002,10,Shah Sharad Chandualal,Lotus,M,5476,W,,data/maharashtra/mumbai/BMC 2002.xls
2002,10,Singhvi Shikharchand Hanumantraj,Bat,M,8,L,,data/maharashtra/mumbai/BMC 2002.xls
2002,11,Talat Pharuki Shuhela,Bicycle,F,2794,L,0,data/maharashtra/mumbai/BMC 2002.xls
2002,11,Mandhre Mangal Deelip,Clock,F,1807,L,0,data/maharashtra/mumbai/BMC 2002.xls
2002,11,Mithaivala Sarah Hasan Alli,Hand,F,5102,L,0,data/maharashtra/mumbai/BMC 2002.xls
2002,11,Shettye Hema Sudhakar,Bow and Arrow,F,5928,W,0,data/maharashtra/mumbai/BMC 2002.xls
2002,12,Chachad Darshan Surendra,Hand,F,3314,L,,data/maharashtra/mumbai/BMC 2002.xls
2002,12,Juvatakar Minal Pravin,Bow and Arrow,F,8018,W,,data/maharashtra/mumbai/BMC 2002.xls
2002,12,Devrukhkar Jasmina Vaman,Clock,F,1640,L,,data/maharashtra/mumbai/BMC 2002.xls
2002,13,Thakur Suresh Baburav,Elephant,M,90,L,0,data/maharashtra/mumbai/BMC 2002.xls
2002,13,Tendulkar Rajiv Madhusudan,Bus,M,195,L,0,data/maharashtra/mumbai/BMC 2002.xls
2002,13,Bagalkar Surendra Ramkrushna,Bow and Arrow,M,6401,W,0,data/maharashtra/mumbai/BMC 2002.xls
2002,13,Modi Sudhir Anantray,Television,M,131,L,0,data/maharashtra/mumbai/BMC 2002.xls
2002,13,Mohite Mangesh Janardhan,Clock,M,709,L,0,data/maharashtra/mumbai/BMC 2002.xls
2002,13,Sharma Vishal Harish,Hand,M,3604,L,0,data/maharashtra/mumbai/BMC 2002.xls
2002,14,Kokate Kishor Hanumant,Lock and Key,M,438,L,0,data/maharashtra/mumbai/BMC 2002.xls
2002,14,Mandrekar Pramod Mahadev,Hand,M,4819,W,0,data/maharashtra/mumbai/BMC 2002.xls
2002,14,Shirke Sanjay Ramchandra,Bungalow,M,970,L,0,data/maharashtra/mumbai/BMC 2002.xls
2002,14,Saini Mohanlal Narayan,Coconut,M,434,L,0,data/maharashtra/mumbai/BMC 2002.xls
2002,14,Hadkar Ashok Ganpat,Bow and Arrow,M,4464,L,0,data/maharashtra/mumbai/BMC 2002.xls
2002,15,Jain Shantilal Bhavarlal,Lotus,M,3676,L,0,data/maharashtra/mumbai/BMC 2002.xls
2002,15,Mayekar Subhash,Clock,M,2612,L,1,data/maharashtra/mumbai/BMC 2002.xls
2002,15,Sheth Gunvant Hiralal,Hand,M,4830,W,0,data/maharashtra/mumbai/BMC 2002.xls
2002,16,Kanade Bhaskar Yashwant,Bungalow,M,43,L,0,data/maharashtra/mumbai/BMC 2002.xls
2002,16,Jadhav Kisan Baburav,Hand,M,5949,L,1,data/maharashtra/mumbai/BMC 2002.xls
2002,16,Pasalkar Sachin Manikrav,Clock,M,1238,L,0,data/maharashtra/mumbai/BMC 2002.xls
2002,16,Bane Arvind Jagannath,Lotus,M,6981,W,0,data/maharashtra/mumbai/BMC 2002.xls
2002,16,Sonavane Shankar Gangaram,Coconut,M,49,L,0,data/maharashtra/mumbai/BMC 2002.xls
2002,17,Kadam Jagdish Dagdu,Car,M,103,L,0,data/maharashtra/mumbai/BMC 2002.xls
2002,17,Kamble Jayashri Sopan,Lock and Key,F,160,L,0,data/maharashtra/mumbai/BMC 2002.xls
2002,17,Chauhan Pravin Mansur,Bicycle,M,345,L,0,data/maharashtra/mumbai/BMC 2002.xls
2002,17,Pote Harishchandra Mahadev,Bow and Arrow,M,4707,L,0,data/maharashtra/mumbai/BMC 2002.xls
2002,17,Maru Hansa Dinesh,Hand,F,5199,W,0,data/maharashtra/mumbai/BMC 2002.xls
2002,17,Vinjuda Dhudibai Hamir,Elephant,F,141,L,0,data/maharashtra/mumbai/BMC 2002.xls
2002,17,Sonavane Vilas Manji,Aeroplane,M,3204,L,0,data/maharashtra/mumbai/BMC 2002.xls
2002,18,Khedakar Rahul Prakash,Hand,M,4488,L,0,data/maharashtra/mumbai/BMC 2002.xls
2002,18,Naik Ramesh Shriram,Bow and Arrow,M,4728,W,0,data/maharashtra/mumbai/BMC 2002.xls
2002,18,Narkar Shantaram Vishnu,Clock,M,1775,L,0,data/maharashtra/mumbai/BMC 2002.xls
2002,18,Pardeshi Prakash Mangal,Flaming Torch,M,144,L,0,data/maharashtra/mumbai/BMC 2002.xls
2002,19,Kamble Prashant Atmaram,Television,M,216,L,0,data/maharashtra/mumbai/BMC 2002.xls
2002,19,Parmar Arvind Baldev,Lotus,M,5054,W,0,data/maharashtra/mumbai/BMC 2002.xls
2002,19,Parekh Pravin Kantilal,Bungalow,M,75,L,0,data/maharashtra/mumbai/BMC 2002.xls
2002,19,Brid Shantaram Sakharam,Hand,M,3307,L,0,data/maharashtra/mumbai/BMC 2002.xls
2002,19,Mphapasekar Sachin Suryakant,Railway Engine,M,492,L,0,data/maharashtra/mumbai/BMC 2002.xls
2002,19,Las Sadanand Shamrav,Clock,M,1536,L,0,data/maharashtra/mumbai/BMC 2002.xls
2002,19,Shukla Panna Deelip,Bus,F,640,L,0,data/maharashtra/mumbai/BMC 2002.xls
2002,19,Sheth Narpatchand Harkhachand,Aeroplane,M,640,L,0,data/maharashtra/mumbai/BMC 2002.xls
2002,19,Harale Shankar Rajaram,Batsman,M,276,L,0,data/maharashtra/mumbai/BMC 2002.xls
2002,20,Gite Prabha Tukaram,Lotus,F,1686,L,0,data/maharashtra/mumbai/BMC 2002.xls
2002,20,Jaam Fatima Harun,Clock,F,331,L,0,data/maharashtra/mumbai/BMC 2002.xls
2002,20,Mehata Anahita Rusi,Hand,F,8370,W,0,data/maharashtra/mumbai/BMC 2002.xls
2002,20,Kadar Sadira Sayyad,Bicycle,F,105,L,0,data/maharashtra/mumbai/BMC 2002.xls
2002,20,Salunkhe Lalita,Axe,F,21,L,0,data/maharashtra/mumbai/BMC 2002.xls
2002,21,Kranti Hiralal,Hand,M,2506,L,0,data/maharashtra/mumbai/BMC 2002.xls
2002,21,Kale Suresh Gajanan,Bow and Arrow,M,4689,W,0,data/maharashtra/mumbai/BMC 2002.xls
2002,21,Khan Javed Ahmed Baphatikhan,Bicycle,M,3629,L,0,data/maharashtra/mumbai/BMC 2002.xls
2002,21,Ghuge Ravikiram  Bhausaheb,Bungalow,M,473,L,0,data/maharashtra/mumbai/BMC 2002.xls
2002,21,Dasar Nandvijay Pannapa,Clock,M,707,L,0,data/maharashtra/mumbai/BMC 2002.xls
2002,22,Kazhi Nazimuddin Abdul Hamid,Hand,M,3787,L,0,data/maharashtra/mumbai/BMC 2002.xls
2002,22,Khan Gulam Rasul Mazid,Aeroplane,M,40,L,0,data/maharashtra/mumbai/BMC 2002.xls
2002,22,Khan Shahid Abdul Hamid,Clock,M,933,L,0,data/maharashtra/mumbai/BMC 2002.xls
2002,22,Jadhav Yashwant Kamlakar,Bow and Arrow,M,4033,L,0,data/maharashtra/mumbai/BMC 2002.xls
2002,22,Bag Salim Mohammed,Carrom Board,M,17,L,0,data/maharashtra/mumbai/BMC 2002.xls
2002,22,Makhrani Jaffarali Rajabaali,Road Roller,M,27,L,0,data/maharashtra/mumbai/BMC 2002.xls
2002,22,Momin Abdul Kayyum Sultan,Chair,M,26,L,0,data/maharashtra/mumbai/BMC 2002.xls
2002,22,Shaikh Abusayyad Ajami,Bicycle,M,5811,W,0,data/maharashtra/mumbai/BMC 2002.xls
2002,22,Shaikh Amir Ahmed Vazir Ahmed,Book,M,22,L,0,data/maharashtra/mumbai/BMC 2002.xls
2002,22,Shaikh Mohammed Shamim,Ladeer,M,276,L,0,data/maharashtra/mumbai/BMC 2002.xls
2002,23,Ahir Rajesh Mohan,Aeroplane,M,819,L,0,data/maharashtra/mumbai/BMC 2002.xls
2002,23,Nanvala Bashir Ahmed Abdul Majid,Hand,M,2269,L,0,data/maharashtra/mumbai/BMC 2002.xls
2002,23,Patil Trushant Keshav,Bead Necklace,M,40,L,0,data/maharashtra/mumbai/BMC 2002.xls
2002,23,Patil Suryakant Bhagvan,Clock,M,7997,W,0,data/maharashtra/mumbai/BMC 2002.xls
2002,23,Rane Krushna Narayan,Bow and Arrow,M,4729,L,0,data/maharashtra/mumbai/BMC 2002.xls
2002,24,Chindarkar Pradna Prakash,Clock,F,4628,L,0,data/maharashtra/mumbai/BMC 2002.xls
2002,24,Nakhva Yashoda Arvind,Hand,F,1426,L,0,data/maharashtra/mumbai/BMC 2002.xls
2002,24,Patkar Ulka Ashok,Bangles,F,2345,L,1,data/maharashtra/mumbai/BMC 2002.xls
2002,24,Bhajanvali Aruna Maruti,Lock and Key,F,60,L,0,data/maharashtra/mumbai/BMC 2002.xls
2002,24,Mayekar Kamini Vithal,Bow and Arrow,F,5044,W,0,data/maharashtra/mumbai/BMC 2002.xls
2002,24,Shaikh Yasmin Hamidullah,Bicycle,F,1252,L,0,data/maharashtra/mumbai/BMC 2002.xls
2002,25,Kureshi Salim Mohammad Aaub,Bus,M,921,L,0,data/maharashtra/mumbai/BMC 2002.xls
2002,25,Gaonkar Baban Sakharam,Bow and Arrow,M,3346,L,0,data/maharashtra/mumbai/BMC 2002.xls
2002,25,Ghorpade Vijay Anant,Aeroplane,M,1530,L,0,data/maharashtra/mumbai/BMC 2002.xls
2002,25,Bansode Mangesh Gangadhar,Clock,M,2669,L,0,data/maharashtra/mumbai/BMC 2002.xls
2002,25,Yadav Janardan Vasant,Hand,M,3589,W,0,data/maharashtra/mumbai/BMC 2002.xls
2002,26,Ansari Kaisar Salim,Coconut,M,14,L,0,data/maharashtra/mumbai/BMC 2002.xls
2002,26,Ansari Mohamed Aayub Mohammed Yakub,Bicycle,M,6751,W,0,data/maharashtra/mumbai/BMC 2002.xls
2002,26,Kureshi Usman Gani,Clock,M,3378,L,0,data/maharashtra/mumbai/BMC 2002.xls
2002,26,Khan Aasiph Ali,Ink & Pot & Pen,M,62,L,0,data/maharashtra/mumbai/BMC 2002.xls
2002,26,Khan Sohl Munavar,Lotus,M,258,L,0,data/maharashtra/mumbai/BMC 2002.xls
2002,26,Shaikh Abdul Aziz,Bungalow,M,158,L,0,data/maharashtra/mumbai/BMC 2002.xls
2002,26,Shaikh Abdul Hamid Bakridi,Ladder,M,215,L,0,data/maharashtra/mumbai/BMC 2002.xls
2002,26,Shaikh Mohammad Sajid Mohammad Sajjad,Kisan Driving Tractor,M,1820,L,0,data/maharashtra/mumbai/BMC 2002.xls
2002,26,Sayyad Shaliumar Rehman Abdul Shakur,Hand,M,1834,L,0,data/maharashtra/mumbai/BMC 2002.xls
2002,27,Ansari Kamruddin Abdul Sattar,Bus,M,19,L,0,data/maharashtra/mumbai/BMC 2002.xls
2002,27,Ansari Parvin Rais Ahmed,Hammer Sickle and Star,F,409,L,0,data/maharashtra/mumbai/BMC 2002.xls
2002,27,Ansari mohammed Yuni Mohammad Yaya,Chair,M,17,L,0,data/maharashtra/mumbai/BMC 2002.xls
2002,27,Kazi Abdul Rajjak Baki,Bicycle,M,4060,W,0,data/maharashtra/mumbai/BMC 2002.xls
2002,27,Gujral Kulvindar Singh Harbansingh,Book,M,631,L,0,data/maharashtra/mumbai/BMC 2002.xls
2002,27,Tahir Shaikh Shamshuddin,Kite,M,58,L,0,data/maharashtra/mumbai/BMC 2002.xls
2002,27,Pawar Prabhakar Vishram,Hand,M,2637,L,0,data/maharashtra/mumbai/BMC 2002.xls
2002,27,Pednekar Kuldip Sadanand,Clock,M,3121,L,0,data/maharashtra/mumbai/BMC 2002.xls
2002,27,Raut Surekha Kashinath,Bow and Arrow,F,3195,L,1,data/maharashtra/mumbai/BMC 2002.xls
2002,27,Shaikh Jabbar Haji Mohammed Sardar,Bat,M,2,L,0,data/maharashtra/mumbai/BMC 2002.xls
2002,27,Shaikh Fatimabi Mohammed Khalik,Car,F,10,L,0,data/maharashtra/mumbai/BMC 2002.xls
2002,27,Shaikh Mohammed Yahsan Anjum,Ladder,M,268,L,0,data/maharashtra/mumbai/BMC 2002.xls
2002,27,Shaikh Siddik Iman,Kisan Driving Tractor,M,996,L,0,data/maharashtra/mumbai/BMC 2002.xls
2002,27,Sayyad Parvaj Ali Japhar,Road Roller,M,195,L,0,data/maharashtra/mumbai/BMC 2002.xls
2002,27,Hussain Ashphak Taphjjul,Aeroplane,M,1533,L,0,data/maharashtra/mumbai/BMC 2002.xls
2002,28,Ansari Mohammed Ayub Kamaluddin,Bicycle,M,319,L,0,data/maharashtra/mumbai/BMC 2002.xls
2002,28,Ghate Sunil Sadashiv,Aeroplane,M,11437,L,0,data/maharashtra/mumbai/BMC 2002.xls
2002,28,Pingle Sahadev Kosiram,Bow and Arrow,M,2520,L,0,data/maharashtra/mumbai/BMC 2002.xls
2002,28,Pednekar Surekha Charudatt,Clock,F,775,L,0,data/maharashtra/mumbai/BMC 2002.xls
2002,28,Lokhande Rohidas Madhukar,Hand,M,1875,L,0,data/maharashtra/mumbai/BMC 2002.xls
2002,28,Hakim Sajid Anvar Jamattulla,Kisan Driving Tractor,M,247,L,0,data/maharashtra/mumbai/BMC 2002.xls
2002,29,Mayekar Bharati Sudam,Clock,F,3615,L,0,data/maharashtra/mumbai/BMC 2002.xls
2002,29,More Anjali Ajit,Bow and Arrow,F,7173,W,0,data/maharashtra/mumbai/BMC 2002.xls
2002,29,Zhore Dishanka Dinesh,Hand,F,1328,L,0,data/maharashtra/mumbai/BMC 2002.xls
2002,30,Gavalkar Yashvant Pandurang,Hand,M,1770,L,0,data/maharashtra/mumbai/BMC 2002.xls
2002,30,Gavkar Tulshidas Raghoji,Clock,M,3046,L,0,data/maharashtra/mumbai/BMC 2002.xls
2002,30,Meher Sudha Suresh,Bow and Arrow,F,9523,W,1,data/maharashtra/mumbai/BMC 2002.xls
2002,30,Supekar Vijay Chandrakant,Ears of Corn and Sickle,M,307,L,0,data/maharashtra/mumbai/BMC 2002.xls
2002,31,Gayakawad Sanjiv Sampat,Clock,M,2189,L,0,data/maharashtra/mumbai/BMC 2002.xls
2002,31,Jadhav Pradip Manohar,Bow and Arrow,M,9662,W,0,data/maharashtra/mumbai/BMC 2002.xls
2002,31,Narkar Sahadev Sitaram,Hand,M,2813,L,0,data/maharashtra/mumbai/BMC 2002.xls
2002,31,Shette Hitendra Manohar,State,M,142,L,0,data/maharashtra/mumbai/BMC 2002.xls
2002,32,Kanavje Trupti Vishnu,Clock,F,6360,L,0,data/maharashtra/mumbai/BMC 2002.xls
2002,32,Jagtap Jyoti Prakash,Railway Engine,F,152,L,0,data/maharashtra/mumbai/BMC 2002.xls
2002,32,Paralkar Samiksha Suresh,Bow and Arrow,F,8956,W,0,data/maharashtra/mumbai/BMC 2002.xls
2002,32,Misal Aasha Vaman,Rising Sun,F,437,L,0,data/maharashtra/mumbai/BMC 2002.xls
2002,32,Shelar Sulbha Tukaram,Ears of Corn and Sickel,F,174,L,0,data/maharashtra/mumbai/BMC 2002.xls
2002,33,Khale Manisha Madan,Railway Engine,F,122,L,0,data/maharashtra/mumbai/BMC 2002.xls
2002,33,Ghagre Urmila Narayan,Ears of Corn and Sickle,F,2700,L,0,data/maharashtra/mumbai/BMC 2002.xls
2002,33,Dhamapurkar Sumitra Chandrakant,Clock,F,3187,L,0,data/maharashtra/mumbai/BMC 2002.xls
2002,33,Dhruv Smital Mayank,Hand,F,1456,L,0,data/maharashtra/mumbai/BMC 2002.xls
2002,33,Parab Surekha Dinkar,State,F,128,L,0,data/maharashtra/mumbai/BMC 2002.xls
2002,33,Rahate Lata Mangesh,Bow and Arrow,F,9331,W,0,data/maharashtra/mumbai/BMC 2002.xls
2002,34,Avhad Kashinath Arjun,Elephant,M,311,L,0,data/maharashtra/mumbai/BMC 2002.xls
2002,34,Khan Julphikar Mustak Ahmed,Bicycle,M,786,L,0,data/maharashtra/mumbai/BMC 2002.xls
2002,34,Khan Mustak Ahmed Yusuf,Bus,M,17,L,0,data/maharashtra/mumbai/BMC 2002.xls
2002,34,Chalke Prakash Shankar,Bow and Arrow,M,4425,W,0,data/maharashtra/mumbai/BMC 2002.xls
2002,34,Jadhav Vikas Yashvant,Bridge,M,57,L,0,data/maharashtra/mumbai/BMC 2002.xls
2002,34,Pati Shivbachan Shambhu,Car,M,104,L,0,data/maharashtra/mumbai/BMC 2002.xls
2002,34,Bhardwaj Hariram Patvar,Bat,M,11,L,0,data/maharashtra/mumbai/BMC 2002.xls
2002,34,Murai Rambachan Sitaram,Hand,M,3627,L,1,data/maharashtra/mumbai/BMC 2002.xls
2002,34,Babale Satpal Vinayak,Axe,M,244,L,0,data/maharashtra/mumbai/BMC 2002.xls
2002,34,Vaidya Sanjay Ashok,State,M,34,L,0,data/maharashtra/mumbai/BMC 2002.xls
2002,34,Shukla Avdhnarayan Krushnkumar,Clock,M,1330,L,0,data/maharashtra/mumbai/BMC 2002.xls
2002,34,Satardekar Sanjay Ramchandra,Black Board,M,329,L,0,data/maharashtra/mumbai/BMC 2002.xls
2002,34,Sapate Vasant Shankar,Ears of Corn and Sickle,M,315,L,0,data/maharashtra/mumbai/BMC 2002.xls
2002,34,Singh Balbir Bhanupratap,Kite,M,453,L,0,data/maharashtra/mumbai/BMC 2002.xls
2002,34,Sandbhor Gajanan Baburav,Aeroplane,M,648,L,0,data/maharashtra/mumbai/BMC 2002.xls
2002,35,Ansari Salim Mohammed,Television,M,172,L,0,data/maharashtra/mumbai/BMC 2002.xls
2002,35,Aali Mohammed Husain Mubarak Aali,Ink Pot & Pen,M,21,L,0,data/maharashtra/mumbai/BMC 2002.xls
2002,35,Aaga Shabira Abdulgni,Hand Pump,F,192,L,0,data/maharashtra/mumbai/BMC 2002.xls
2002,35,Kamble Anil Dagdu,Book,M,65,L,0,data/maharashtra/mumbai/BMC 2002.xls
2002,35,Khan Firoz Halim,Axe,M,16,L,0,data/maharashtra/mumbai/BMC 2002.xls
2002,35,Khan Mohammed Idaliyas Mohammed Hasan,Car,M,48,L,0,data/maharashtra/mumbai/BMC 2002.xls
2002,35,Khan Razahusain Mohammed Ismail,Bicycle,M,4466,W,0,data/maharashtra/mumbai/BMC 2002.xls
2002,35,Gamre Deepak Mahadev,Lock and Key,M,538,L,0,data/maharashtra/mumbai/BMC 2002.xls
2002,35,Gangavane Yashwant Dattaram,Bungalow,M,66,L,0,data/maharashtra/mumbai/BMC 2002.xls
2002,35,Ghatge Satish Srirank,Bus,M,728,L,0,data/maharashtra/mumbai/BMC 2002.xls
2002,35,Rajeshirke Dattaram Savalaram,Kisan Driving tractor,M,824,L,0,data/maharashtra/mumbai/BMC 2002.xls
2002,35,Shirke Ramesh Changuji,Elephant,M,286,L,0,data/maharashtra/mumbai/BMC 2002.xls
2002,35,Shaikh Abdulsalam Mehebub,Bow and Arrow,M,3830,L,1,data/maharashtra/mumbai/BMC 2002.xls
2002,35,Shaikh Aftab Husain Abdul Jabbar,Balloon,M,77,L,0,data/maharashtra/mumbai/BMC 2002.xls
2002,35,Shaikh Mohammed Rafi Husain,Sewing Machine,M,32,L,0,data/maharashtra/mumbai/BMC 2002.xls
2002,35,Savant Ajit Pandurang,Hand,M,3411,L,0,data/maharashtra/mumbai/BMC 2002.xls
2002,35,Sayyad Kayyum Saba,Ladder,M,60,L,0,data/maharashtra/mumbai/BMC 2002.xls
2002,35,Saudagar Mohammed Aarif Abdulla,Bat,M,133,L,0,data/maharashtra/mumbai/BMC 2002.xls
2002,35,Hate Mangesh Vasant,Kite,M,64,L,0,data/maharashtra/mumbai/BMC 2002.xls
2002,36,Kharote Surekha Nandkishor,Clock,F,3157,L,0,data/maharashtra/mumbai/BMC 2002.xls
2002,36,Khan Afjoz Rais,Bicycle,F,96,L,0,data/maharashtra/mumbai/BMC 2002.xls
2002,36,Jadhav Shradha Shridhar,Bow and Arrow,F,10811,W,1,data/maharashtra/mumbai/BMC 2002.xls
2002,36,Dike Shaila Kisan,Railway Engine,F,718,L,0,data/maharashtra/mumbai/BMC 2002.xls
2002,36,Sannke Nirmal Balaram,Hand,F,1324,L,0,data/maharashtra/mumbai/BMC 2002.xls
2002,37,Gaud Kailas Bharat,Hand,M,2119,L,0,data/maharashtra/mumbai/BMC 2002.xls
2002,37,Doke Hemant Umaji,Bow and Arrow,M,7400,W,0,data/maharashtra/mumbai/BMC 2002.xls
2002,37,Bhitale Sanjay Anant,Elephant,M,201,L,0,data/maharashtra/mumbai/BMC 2002.xls
2002,37,Mhatre Manohar Sakharam,Clock,M,2692,L,0,data/maharashtra/mumbai/BMC 2002.xls
2002,38,Tarkar Ashish Murlidhar,Clock,M,3412,L,0,data/maharashtra/mumbai/BMC 2002.xls
2002,38,Padyal Mukund Sonu,Bow and Arrow,M,9268,W,0,data/maharashtra/mumbai/BMC 2002.xls
2002,38,Bakle Krushna Mahadev,Hand,M,2523,L,0,data/maharashtra/mumbai/BMC 2002.xls
2002,39,Kalokhe Satish Rajaram,Kite,M,103,L,0,data/maharashtra/mumbai/BMC 2002.xls
2002,39,Gavand Nitin,Clock,M,3008,L,0,data/maharashtra/mumbai/BMC 2002.xls
2002,39,Chauhan Gordhan Keshav,Lotus,M,4045,W,0,data/maharashtra/mumbai/BMC 2002.xls
2002,39,Thavai Raghunath Dharma,Hand,M,3221,L,0,data/maharashtra/mumbai/BMC 2002.xls
2002,40,Thakur Urmila Neru,Hand,F,4198,L,0,data/maharashtra/mumbai/BMC 2002.xls
2002,40,Narvekar Supriya Chandrakant,Bow and Arrow,F,5827,W,0,data/maharashtra/mumbai/BMC 2002.xls
2002,40,Mhatre Jyoti Jitendra,Clock,F,2905,L,0,data/maharashtra/mumbai/BMC 2002.xls
2002,41,Kaji Nurjaha Salim,Bungalow,F,2325,L,0,data/maharashtra/mumbai/BMC 2002.xls
2002,41,Dhakad Jesinta Santoshkumar,Bicycle,F,2568,L,0,data/maharashtra/mumbai/BMC 2002.xls
2002,41,Pille Vijayalkshmi Shajmugam,Clock,F,4835,L,0,data/maharashtra/mumbai/BMC 2002.xls
2002,41,Bajeto Odet Harbat,Hand,F,182,L,0,data/maharashtra/mumbai/BMC 2002.xls
2002,41,Bhatkal Kavita Krushna,Kite,F,182,L,0,data/maharashtra/mumbai/BMC 2002.xls
2002,41,Malvi Pratibha Prakash,Lotuts,F,5800,W,0,data/maharashtra/mumbai/BMC 2002.xls
2002,42,Kadam Chandrakant Dattaram,Hand Pump,M,317,L,0,data/maharashtra/mumbai/BMC 2002.xls
2002,42,Kasbe Chandrakant Khanduji,Lock and Key,M,8,L,0,data/maharashtra/mumbai/BMC 2002.xls
2002,42,Khare Milind Madhukar,Hammer Sickle and Star,M,110,L,0,data/maharashtra/mumbai/BMC 2002.xls
2002,42,Gayakawad Uttam Damodar,Clock,M,219,L,0,data/maharashtra/mumbai/BMC 2002.xls
2002,42,Gavankar Sharad Sahadev,Bow and Arrow,M,3438,L,0,data/maharashtra/mumbai/BMC 2002.xls
2002,42,Jadhav Joyti Deepak,Hand Pump,F,589,L,0,data/maharashtra/mumbai/BMC 2002.xls
2002,42,Jadhav Dagdu Kadappa,Iron,M,20,L,0,data/maharashtra/mumbai/BMC 2002.xls
2002,42,Nagavakar Dattaram Ramchandra,Bungalow,M,236,L,0,data/maharashtra/mumbai/BMC 2002.xls
2002,42,Pal Arun Ramdas,Flaming Torch,M,617,L,0,data/maharashtra/mumbai/BMC 2002.xls
2002,42,Mohite Sachinbhai Dayanand,Candles,M,14,L,0,data/maharashtra/mumbai/BMC 2002.xls
2002,42,Randive Sanjay Bansi,Axe,M,48,L,0,data/maharashtra/mumbai/BMC 2002.xls
2002,42,Shaha Mohammed Islam,Bicycle,M,750,L,0,data/maharashtra/mumbai/BMC 2002.xls
2002,42,Sonavne Ashok Bapu,elephant,M,46,L,0,data/maharashtra/mumbai/BMC 2002.xls
2002,42,Sansare Manojkumar Matandrao,Railway Engine,M,5549,W,0,data/maharashtra/mumbai/BMC 2002.xls
2002,42,Hankar Rajendra Baburav,Aeroplane,M,22,L,0,data/maharashtra/mumbai/BMC 2002.xls
2002,43,Kanojiya Surekha Mahesh,Elephant,F,120,L,0,data/maharashtra/mumbai/BMC 2002.xls
2002,43,Kureshi Noor Mohammed,Car,M,101,L,0,data/maharashtra/mumbai/BMC 2002.xls
2002,43,Chauhan Harishchandra Singh,Bicycle,M,2238,L,0,data/maharashtra/mumbai/BMC 2002.xls
2002,43,Jayswal Omprakash Puranchand,Lock and Key,M,428,L,0,data/maharashtra/mumbai/BMC 2002.xls
2002,43,Tirandaj Rustam S.,Clock,M,460,L,0,data/maharashtra/mumbai/BMC 2002.xls
2002,43,Tiwari Madhuri Ravimohan,Batsman,F,25,L,0,data/maharashtra/mumbai/BMC 2002.xls
2002,43,Patil Ashok Pandurang,Coconut,M,1169,L,0,data/maharashtra/mumbai/BMC 2002.xls
2002,43,Vishasrao Trushna Chandrakant,Bow and Arrow,F,4599,W,1,data/maharashtra/mumbai/BMC 2002.xls
2002,43,Siddiki Shakil M. Safi,Hand,M,3499,L,0,data/maharashtra/mumbai/BMC 2002.xls
2002,43,Singh Harinath,Ink Port & Pen,M,90,L,0,data/maharashtra/mumbai/BMC 2002.xls
2002,44,Usman Ali Tufail Ahmed,Ladder,M,61,L,\,data/maharashtra/mumbai/BMC 2002.xls
2002,44,Kureshi Noor Mohammed,Bungalow,M,11,L,0,data/maharashtra/mumbai/BMC 2002.xls
2002,44,Khan Sabir Ali Raja,Bicycle,M,1477,L,0,data/maharashtra/mumbai/BMC 2002.xls
2002,44,Neela Gita Vithal,Hand,F,2310,L,0,data/maharashtra/mumbai/BMC 2002.xls
2002,44,Bhise Ravindra Dnyanu,Elephant,M,426,L,0,data/maharashtra/mumbai/BMC 2002.xls
2002,44,Vanu Niyaj Ahmed,Clock,M,3422,L,1,data/maharashtra/mumbai/BMC 2002.xls
2002,44,Shinde Dattaram Babu,Bow and Arrow,M,4192,W,0,data/maharashtra/mumbai/BMC 2002.xls
2002,44,Siddiki Mehadi Hasan,Car,M,8,L,0,data/maharashtra/mumbai/BMC 2002.xls
2002,45,Jayswar Devraj Bhageluram,Elephant,M,256,L,0,data/maharashtra/mumbai/BMC 2002.xls
2002,45,Tripathi Surendra Shivshankar,Clock,M,1586,L,0,data/maharashtra/mumbai/BMC 2002.xls
2002,45,Nayar Chinnatambi Shashikumar,Electric Poll,M,52,L,0,data/maharashtra/mumbai/BMC 2002.xls
2002,45,Mohite Anandrao Jagannath,Gas Cylinder,M,97,L,0,data/maharashtra/mumbai/BMC 2002.xls
2002,45,Kodu Raja Ravi N.,Hand,M,6179,W,1,data/maharashtra/mumbai/BMC 2002.xls
2002,45,Shukla Ramkrushna,Bicycle,M,205,L,0,data/maharashtra/mumbai/BMC 2002.xls
2002,45,Savant Shashikant Shivram,Bow and Arrow,M,6010,L,0,data/maharashtra/mumbai/BMC 2002.xls
2002,46,Ansari Anvar Mohammed,Bicycle,M,400,L,0,data/maharashtra/mumbai/BMC 2002.xls
2002,46,Kamble Anant Lakshman,Ceiling Fan,M,33,L,0,data/maharashtra/mumbai/BMC 2002.xls
2002,46,Chavariya Rameshkumar,Hand Pump,M,86,L,0,data/maharashtra/mumbai/BMC 2002.xls
2002,46,Chopada Lalit Guljarilal,Lotus,M,4349,L,0,data/maharashtra/mumbai/BMC 2002.xls
2002,46,Julka Harbans Singh,Clock,M,1321,L,0,data/maharashtra/mumbai/BMC 2002.xls
2002,46,Tiwari Madhuri Ravimohan,Batsman,F,38,L,0,data/maharashtra/mumbai/BMC 2002.xls
2002,46,Mata Raghuvir Singh,Aeroplane,M,38,L,0,data/maharashtra/mumbai/BMC 2002.xls
2002,46,Manisatla Jasvirsingh,Hand Pump,M,7494,W,0,data/maharashtra/mumbai/BMC 2002.xls
2002,46,Sardar Abdul Kasim,Bungalow,M,107,L,0,data/maharashtra/mumbai/BMC 2002.xls
2002,46,Sokhi Manjitsingh Brijabalsingh,Elephant,M,387,L,0,data/maharashtra/mumbai/BMC 2002.xls
2002,47,Kariya Chetan Harkishan,Harmonium,M,0,L,0,data/maharashtra/mumbai/BMC 2002.xls
2002,47,Keni Jayavant Lakshman,Clock,M,1393,L,0,data/maharashtra/mumbai/BMC 2002.xls
2002,47,Keni Jayant Bhalchnadra,Carrom Board,M,83,L,0,data/maharashtra/mumbai/BMC 2002.xls
2002,47,Cheda Babubhai Bhavanji Javaji,Lotus,M,5757,W,0,data/maharashtra/mumbai/BMC 2002.xls
2002,47,Doshi Upendra Pitambardas,Hand,M,5646,L,0,data/maharashtra/mumbai/BMC 2002.xls
2002,47,Bhavsar Hemlata Jaesh,Bungalow,F,42,L,0,data/maharashtra/mumbai/BMC 2002.xls
2002,47,Miya Khulabat Ali,Elephant,M,12,L,0,data/maharashtra/mumbai/BMC 2002.xls
2002,47,Raval Rajesh Mafatalal,Banana,M,6,L,0,data/maharashtra/mumbai/BMC 2002.xls
2002,47,Surve Mahesh Kashinath,Cot,M,6,L,0,data/maharashtra/mumbai/BMC 2002.xls
2002,48,Gautam Harichandra Sahablal,Elephant,M,783,L,0,data/maharashtra/mumbai/BMC 2002.xls
2002,48,Gangurde Deelip Murlidhar,Kisand Driving Tractor,M,409,L,0,data/maharashtra/mumbai/BMC 2002.xls
2002,48,Chelaghugec Devendrakumar,Chair,M,13,L,0,data/maharashtra/mumbai/BMC 2002.xls
2002,48,Manam Venkatesh Munnaswami,Table,M,19,L,0,data/maharashtra/mumbai/BMC 2002.xls
2002,48,More Santosh Ramchandra,Ceiling Fan,M,439,L,0,data/maharashtra/mumbai/BMC 2002.xls
2002,48,Yadav Radheshyam Hubalal,Bicycle,M,91,L,0,data/maharashtra/mumbai/BMC 2002.xls
2002,48,Rajapkar Baban Bhai,Lock and Key,M,957,L,0,data/maharashtra/mumbai/BMC 2002.xls
2002,48,Ravat Jeetsingh Kundansingh,Hand,M,5424,L,0,data/maharashtra/mumbai/BMC 2002.xls
2002,48,Sharma Kiran Jaykisan,Falming Torch,F,73,L,0,data/maharashtra/mumbai/BMC 2002.xls
2002,48,Satamkar Mangesh Shridhar,Bow and Arrow,M,6503,W,0,data/maharashtra/mumbai/BMC 2002.xls
2002,49,Kulkarni Vaishali Jagannath,Railway Engine,F,2268,L,0,data/maharashtra/mumbai/BMC 2002.xls
2002,49,Khan Seema Karim,Bicycle,F,1999,L,0,data/maharashtra/mumbai/BMC 2002.xls
2002,49,Jadhav Anita Bharat,Elephant,F,2318,L,0,data/maharashtra/mumbai/BMC 2002.xls
2002,49,Nair Anita Velayadhan,Clock,F,2743,W,0,data/maharashtra/mumbai/BMC 2002.xls
2002,49,Bechu Filomeena Mustakim,Bungalow,F,355,L,0,data/maharashtra/mumbai/BMC 2002.xls
2002,49,Landge Aasha Narayan,Lock and Key,F,113,L,0,data/maharashtra/mumbai/BMC 2002.xls
2002,49,Shaikh Kammu Abdul Rahman,Hand,F,1243,L,0,data/maharashtra/mumbai/BMC 2002.xls
2002,49,Salvi Shalaka Sharad,Lotus,F,2658,L,0,data/maharashtra/mumbai/BMC 2002.xls
2002,50,Jalgavankar Manohar Harichandra,Hand,M,1840,L,0,data/maharashtra/mumbai/BMC 2002.xls
2002,50,Jadhav Sanjay Ramchandra,Bungalow,M,97,L,0,data/maharashtra/mumbai/BMC 2002.xls
2002,50,Devle Mahadev Bhagoji,Bow and Arrow,M,9785,W,1,data/maharashtra/mumbai/BMC 2002.xls
2002,50,Pawar Sanjay Sudam,Lock and Key,M,1583,L,0,data/maharashtra/mumbai/BMC 2002.xls
2002,50,Harlyya Prabhakar Pandurang,Aeroplane,M,1284,L,0,data/maharashtra/mumbai/BMC 2002.xls
2002,51,Katariya Jitendra Kamabhai,Flaming Torch,M,304,L,0,data/maharashtra/mumbai/BMC 2002.xls
2002,51,Kamble Gautam Krushna,Axe,M,406,L,0,data/maharashtra/mumbai/BMC 2002.xls
2002,51,Gayakawad Bhikaji Dagdu,Coconut,M,24,L,0,data/maharashtra/mumbai/BMC 2002.xls
2002,51,Gautam Umashankar Mithailal,Elephant,M,1753,L,0,data/maharashtra/mumbai/BMC 2002.xls
2002,51,Pugavankar Chandrakant Ramchandra,Lotus,M,3554,W,0,data/maharashtra/mumbai/BMC 2002.xls
2002,51,Pugavankar Sudhir Shantaram,Kite,M,212,L,0,data/maharashtra/mumbai/BMC 2002.xls
2002,51,Birvadkar Sanju Gopal,Bungalow,M,69,L,0,data/maharashtra/mumbai/BMC 2002.xls
2002,51,Bhaskar Jayashri Kantilal,Clock,F,3505,L,1,data/maharashtra/mumbai/BMC 2002.xls
2002,51,Makvana Rajesh Naran,Bicycle,M,722,L,0,data/maharashtra/mumbai/BMC 2002.xls
2002,51,Mohite Upendra Ganpat,Glass Tumbler,M,182,L,0,data/maharashtra/mumbai/BMC 2002.xls
2002,51,Solanki Virajibhai Lakhdhir,Hand,M,2002,L,0,data/maharashtra/mumbai/BMC 2002.xls
2002,52,Desai Vijayamala Baban,Clock,F,3843,L,0,data/maharashtra/mumbai/BMC 2002.xls
2002,52,Patil Suman Sunil,Ceiling Fan,F,210,L,0,data/maharashtra/mumbai/BMC 2002.xls
2002,52,Pednekar Kishor Kishor,Bow and Arrow,F,6922,L,0,data/maharashtra/mumbai/BMC 2002.xls
2002,52,Barge Shubhangi Balasaheb,Ink Pot & Pen,F,40,L,0,data/maharashtra/mumbai/BMC 2002.xls
2002,52,Bhagvat Ratan Purushottam,Hand,F,2631,L,0,data/maharashtra/mumbai/BMC 2002.xls
2002,52,Bhoir Aasha Santosh,Candles,F,109,L,0,data/maharashtra/mumbai/BMC 2002.xls
2002,52,Revdekar Madhuri Gajanan,Kisan Driving Tractor,F,213,L,0,data/maharashtra/mumbai/BMC 2002.xls
2002,53,Agavane Jayashri Uttam,Clock,F,3471,L,0,data/maharashtra/mumbai/BMC 2002.xls
2002,53,Insulkar Vanita Vasant,Bow and Arrow,F,5763,W,0,data/maharashtra/mumbai/BMC 2002.xls
2002,53,Kamble Hemlata Jagannath,Hand,F,5047,L,0,data/maharashtra/mumbai/BMC 2002.xls
2002,53,Ghamre Vijaya Deepak,Bungalow,F,167,L,0,data/maharashtra/mumbai/BMC 2002.xls
2002,53,Triratne Vidya Masaji,Elephant,F,1136,L,0,data/maharashtra/mumbai/BMC 2002.xls
2002,54,Kharat Kanchan Narhari,Bungalow,F,126,L,0,data/maharashtra/mumbai/BMC 2002.xls
2002,54,Khedekar Alka Sahadu,Flaming Torch,F,28,L,0,data/maharashtra/mumbai/BMC 2002.xls
2002,54,Gavde Nilima Nandu,Bow and Arrow,F,6001,L,0,data/maharashtra/mumbai/BMC 2002.xls
2002,54,Joshi Ila Javahar,Axe,F,128,L,0,data/maharashtra/mumbai/BMC 2002.xls
2002,54,Dabde Shobha Vasant,Clock,F,1574,L,0,data/maharashtra/mumbai/BMC 2002.xls
2002,54,Bansode Sarojani Udhav,Lock and Key,F,48,L,0,data/maharashtra/mumbai/BMC 2002.xls
2002,54,Suryavanshi Suvarna Vasant,Hand,F,6568,W,0,data/maharashtra/mumbai/BMC 2002.xls
2002,55,Kuveskar Vinayak Pandurang,Hand,M,1361,L,0,data/maharashtra/mumbai/BMC 2002.xls
2002,55,Gundetti Bhumeshwar Yalayya,Clock,M,2212,L,0,data/maharashtra/mumbai/BMC 2002.xls
2002,55,Gollar Teema Teemappa,Bicycle,M,2730,L,0,data/maharashtra/mumbai/BMC 2002.xls
2002,55,Chemburkar Ashish Ramanath,Bow and Arrow,M,7320,W,1,data/maharashtra/mumbai/BMC 2002.xls
2002,55,Lokhande Reeta Ramesh,Bungalow,F,611,L,0,data/maharashtra/mumbai/BMC 2002.xls
2002,56,Jadhav Vatsala Baban,Bow and Arrow,F,5228,W,0,data/maharashtra/mumbai/BMC 2002.xls
2002,56,Badela Meena Chandrasingh,Bus,F,239,L,0,data/maharashtra/mumbai/BMC 2002.xls
2002,56,Bhagat Suman Baburav,Hand,F,2099,L,0,data/maharashtra/mumbai/BMC 2002.xls
2002,56,Mahale Ratna Raghunath,Clock,F,3857,L,0,data/maharashtra/mumbai/BMC 2002.xls
2002,56,Halade Anita Dasharath,Elephant,F,449,L,0,data/maharashtra/mumbai/BMC 2002.xls
2002,57,Kavathe Manishankar Narayan,Ears of Corn and Sickle,M,5355,L,1,data/maharashtra/mumbai/BMC 2002.xls
2002,57,Keni Ramkrushna Mangesh,Bow and Arrow,M,6576,W,0,data/maharashtra/mumbai/BMC 2002.xls
2002,57,Varlikar Kishor Vasudev,Hand,M,966,L,0,data/maharashtra/mumbai/BMC 2002.xls
2002,57,Varlikar Vijay Vasudev,Clock,M,936,L,0,data/maharashtra/mumbai/BMC 2002.xls
2002,58,Ajavankar Prajakta Parag,Book,F,693,L,0,data/maharashtra/mumbai/BMC 2002.xls
2002,58,Kumar Geeta Hanumant,Flaming Torch,F,60,L,0,data/maharashtra/mumbai/BMC 2002.xls
2002,58,Dalal Deepali Mayank,Clock,F,1806,L,0,data/maharashtra/mumbai/BMC 2002.xls
2002,58,Patil Jayashri Dattaram,Aeroplane,F,1062,L,0,data/maharashtra/mumbai/BMC 2002.xls
2002,58,Purav Leena Mukesh,Ring,F,1292,L,0,data/maharashtra/mumbai/BMC 2002.xls
2002,58,Pusalkar Pranjali Prashant,Hand,F,2664,L,0,data/maharashtra/mumbai/BMC 2002.xls
2002,58,Prabhu Bhagyashri Deepak,Coconut,F,382,L,0,data/maharashtra/mumbai/BMC 2002.xls
2002,58,Bhosle Jyoti Lakshman,Bow and Arrow,F,8736,W,0,data/maharashtra/mumbai/BMC 2002.xls
2002,58,Savant Mangala Suryakant,Ears of Corn and Sickle,F,236,L,0,data/maharashtra/mumbai/BMC 2002.xls
2002,59,Ajagaonkar Raja Vaman,Ears of Corn and Sickle,M,152,L,0,data/maharashtra/mumbai/BMC 2002.xls
2002,59,Jogelekar Aparna Arun,Pressure Coo,M,105,L,0,data/maharashtra/mumbai/BMC 2002.xls
2002,59,Dalal Yasvant Somchand,Lock and Key,M,139,L,0,data/maharashtra/mumbai/BMC 2002.xls
2002,59,Padave Satish Jayaram,Hand,M,4477,L,0,data/maharashtra/mumbai/BMC 2002.xls
2002,59,Bhatkar Vivek Shankar,Flaming Torch,M,90,L,0,data/maharashtra/mumbai/BMC 2002.xls
2002,59,Sarvankar Sadanand Shankar,Bow and Arrow,M,10088,W,1,data/maharashtra/mumbai/BMC 2002.xls
2002,59,Singh Dr. Arvind Ramji,Whistle,M,401,L,0,data/maharashtra/mumbai/BMC 2002.xls
2002,59,Sangam Eaknath Venkayya,Clock,M,2592,L,0,data/maharashtra/mumbai/BMC 2002.xls
2002,59,Shrivastav Sitaram Chotelal,Bow and Arrow,M,44,L,0,data/maharashtra/mumbai/BMC 2002.xls
2002,60,Kadam Madhukar Girjappa,Elephant,M,365,L,0,data/maharashtra/mumbai/BMC 2002.xls
2002,60,Jadhav Snehal Sudhir,Bow and Arrow,F,7374,W,1,data/maharashtra/mumbai/BMC 2002.xls
2002,60,Jaiswal Sushila Milan,Hand,F,365,L,0,data/maharashtra/mumbai/BMC 2002.xls
2002,60,Dethe Ashok Chintamani,Lock and Key,M,5102,L,0,data/maharashtra/mumbai/BMC 2002.xls
2002,60,Mhaprolkar Prakash Ganpat,Flaming Torch,M,571,L,0,data/maharashtra/mumbai/BMC 2002.xls
2002,60,Savne Ashok Gangaram,Railway Engine,M,255,L,0,data/maharashtra/mumbai/BMC 2002.xls
2002,60,Sagre Bhimrav Ganpat,Aeroplane,M,49,L,0,data/maharashtra/mumbai/BMC 2002.xls
2002,61,Devhare Priti Pravin,Bow and Arrow,F,6467,W,0,data/maharashtra/mumbai/BMC 2002.xls
2002,61,Bosamiya Deepali Parmanand,Kisand Driving Tractor,F,254,L,0,data/maharashtra/mumbai/BMC 2002.xls
2002,61,Motivale Milan Satish,Flaming Torch,F,301,L,0,data/maharashtra/mumbai/BMC 2002.xls
2002,61,Vaidya Arati Anil,Clock,F,954,L,0,data/maharashtra/mumbai/BMC 2002.xls
2002,61,Shaha Roshana Ashwin,Hand,F,6082,L,0,data/maharashtra/mumbai/BMC 2002.xls
2002,62,Khan Faruk,Bicycle,M,158,L,0,data/maharashtra/mumbai/BMC 2002.xls
2002,62,Talwar Deepak Gurunath,Hand,M,5065,L,0,data/maharashtra/mumbai/BMC 2002.xls
2002,62,Mangavkar Indumati Bhikaji,Bow and Arrow,M,7278,W,0,data/maharashtra/mumbai/BMC 2002.xls
2002,62,Mhaskar Ashok Krushna,Flaming Torch,M,133,L,0,data/maharashtra/mumbai/BMC 2002.xls
2002,62,Husain Sayyad Mohammad,Clock,M,1387,L,0,data/maharashtra/mumbai/BMC 2002.xls
2002,63,Gupta Parsanath Kalpanath,Hurricane Lamp,M,176,L,0,data/maharashtra/mumbai/BMC 2002.xls
2002,63,Jadhav Vasant Bhaguji,Hand,M,4430,L,0,data/maharashtra/mumbai/BMC 2002.xls
2002,63,Dalvi Vijaykumar Sitaram,Clock,M,1988,L,0,data/maharashtra/mumbai/BMC 2002.xls
2002,63,Pandit Ajit Govind,Bow and Arrow,M,7601,W,1,data/maharashtra/mumbai/BMC 2002.xls
2002,63,Dindayal Mudliyar Shanmugam,Bungalow,M,25,L,0,data/maharashtra/mumbai/BMC 2002.xls
2002,63,Sosa Mohan Mulji,Fleming Torch,M,39,L,0,data/maharashtra/mumbai/BMC 2002.xls
2002,64,Ayare Prakash Atmaram,Bow and Arrow,M,5824,W,1,data/maharashtra/mumbai/BMC 2002.xls
2002,64,Gupta Jitendra Parasnath,Flaming Torch,M,187,L,0,data/maharashtra/mumbai/BMC 2002.xls
2002,64,Gharat Rajan Raghunath,Candles,M,206,L,0,data/maharashtra/mumbai/BMC 2002.xls
2002,64,Mittal Surendra Kumar,Clock,M,174,L,0,data/maharashtra/mumbai/BMC 2002.xls
2002,64,Mudliyar Mahesh Ashok,Bicycle,M,2415,L,0,data/maharashtra/mumbai/BMC 2002.xls
2002,64,Mhatre Karuna Mahendra,Hand,F,250,L,0,data/maharashtra/mumbai/BMC 2002.xls
2002,64,Rane Rajiv Sitaram,Coat,M,5457,L,0,data/maharashtra/mumbai/BMC 2002.xls
2002,65,Karkate Usha Jyotiram,Lock and Key,F,24,L,0,data/maharashtra/mumbai/BMC 2002.xls
2002,65,Kagada Shila Surajbhan,Lotus,F,3723,L,0,data/maharashtra/mumbai/BMC 2002.xls
2002,65,Gayakavad Mangal Vishnu,Hand,F,5014,L,0,data/maharashtra/mumbai/BMC 2002.xls
2002,65,Chavda Leela Panabhai,Elephant,F,1782,L,0,data/maharashtra/mumbai/BMC 2002.xls
2002,65,Dulgaj Meena Deepak,Bicycle,F,1369,L,0,data/maharashtra/mumbai/BMC 2002.xls
2002,65,Dive Kamal Vijay,Clock,F,1245,L,0,data/maharashtra/mumbai/BMC 2002.xls
2002,66,Alvas John Francis,Hurricane Lamp,M,1,L,0,data/maharashtra/mumbai/BMC 2002.xls
2002,66,Alhusundar Subhiyah Udiyar,Lotus,M,1422,L,0,data/maharashtra/mumbai/BMC 2002.xls
2002,66,Ali Ajgar Sakshi,Elephant,M,98,L,0,data/maharashtra/mumbai/BMC 2002.xls
2002,66,Ashok V. S.,Ceiling Fan,M,238,L,0,data/maharashtra/mumbai/BMC 2002.xls
2002,66,Kankaraj T.A.,Television,M,1912,L,0,data/maharashtra/mumbai/BMC 2002.xls
2002,66,Kuchekorve RajU Venkappa,Aeroplane,M,1726,L,0,data/maharashtra/mumbai/BMC 2002.xls
2002,66,Khan Abdul Momin,Ladder,M,954,L,0,data/maharashtra/mumbai/BMC 2002.xls
2002,66,Kuchekorve Vinod Ramu,Railway Engine,M,15,L,0,data/maharashtra/mumbai/BMC 2002.xls
2002,66,Chauhan Jasumati Mulji,Clock,F,153,L,0,data/maharashtra/mumbai/BMC 2002.xls
2002,66,Jayaswal Anita Ramharak,Bungalow,F,85,L,0,data/maharashtra/mumbai/BMC 2002.xls
2002,66,Nair Premi V.K.,Hameer Sickle and Star,F,55,L,0,data/maharashtra/mumbai/BMC 2002.xls
2002,66,Nandepalli Hanumant Sayappa,Hand,M,2927,W,0,data/maharashtra/mumbai/BMC 2002.xls
2002,66,Yeshumitra Satyamitra,Brick,M,32,L,0,data/maharashtra/mumbai/BMC 2002.xls
2002,66,Shaikh Mohammed Jalal,Chair,M,81,L,0,data/maharashtra/mumbai/BMC 2002.xls
2002,66,Shaikh Mohammed Husain,Bus,M,164,L,0,data/maharashtra/mumbai/BMC 2002.xls
2002,66,Sadairaj S. Ramchandra,Batsman,M,5,L,0,data/maharashtra/mumbai/BMC 2002.xls
2002,66,Siddique Irshad Husain,Car,M,2027,L,0,data/maharashtra/mumbai/BMC 2002.xls
2002,66,Sayyad Mohammed Hashim,Bicycle,M,1837,L,0,data/maharashtra/mumbai/BMC 2002.xls
2002,67,Katke Anil Dattu,Flaming Torch,M,528,L,0,data/maharashtra/mumbai/BMC 2002.xls
2002,67,Kavle Narsiha Saidappa,Ceiling Fan,M,2596,L,0,data/maharashtra/mumbai/BMC 2002.xls
2002,67,Khedekar Ganesh Pandurang,Elephant,M,220,L,0,data/maharashtra/mumbai/BMC 2002.xls
2002,67,Kandare Nivruti Hariba,Bus,M,442,L,0,data/maharashtra/mumbai/BMC 2002.xls
2002,67,Garud Bhagwan Hari,Bow and Arrow,M,1494,L,0,data/maharashtra/mumbai/BMC 2002.xls
2002,67,Jogndakar Sauvaji Baburav,Lock and Key,M,193,L,0,data/maharashtra/mumbai/BMC 2002.xls
2002,67,Vhatkar Shivling Rama,Bungalow,M,3866,L,0,data/maharashtra/mumbai/BMC 2002.xls
2002,67,Vhatkar Mahendra Tukaram,State,M,21,L,0,data/maharashtra/mumbai/BMC 2002.xls
2002,67,Vhatkar Subhash Shankar,Bicycle,M,555,L,0,data/maharashtra/mumbai/BMC 2002.xls
2002,67,Shinde Chandrakant Fakirappa,Clock,M,1114,L,0,data/maharashtra/mumbai/BMC 2002.xls
2002,67,Shinde Mahendra Shivdas,Hand,M,5146,L,0,data/maharashtra/mumbai/BMC 2002.xls
2002,67,Sherkhane Giriraj Dasharath,Chair,M,425,L,0,data/maharashtra/mumbai/BMC 2002.xls
2002,68,Pawar Vithal Jyoti,Bow and Arrow,M,6072,L,0,data/maharashtra/mumbai/BMC 2002.xls
2002,68,Mane Naresh Pehlvan,Hand,M,8914,W,1,data/maharashtra/mumbai/BMC 2002.xls
2002,68,Shinde Chandrakant Sakharam,Bicycle,M,263,L,0,data/maharashtra/mumbai/BMC 2002.xls
2002,69,Kale Deepak Namdev,Hand,M,4703,W,1,data/maharashtra/mumbai/BMC 2002.xls
2002,69,Kori Bhaiyalal Ramavatar,Elephant,M,697,L,0,data/maharashtra/mumbai/BMC 2002.xls
2002,69,Bhandare Anil Sarjerav,Glass Tumbler,M,72,L,0,data/maharashtra/mumbai/BMC 2002.xls
2002,69,Mane Shankar Dhondiram,Bungalow,M,59,L,0,data/maharashtra/mumbai/BMC 2002.xls
2002,69,Lokhande Ashok Bansi,Axe,M,112,L,0,data/maharashtra/mumbai/BMC 2002.xls
2002,69,Vhtakar Jagannath Bhimrav,Bicycle,M,431,L,0,data/maharashtra/mumbai/BMC 2002.xls
2002,69,Shikhre Bhanudas Appa,Clock,M,245,L,0,data/maharashtra/mumbai/BMC 2002.xls
2002,69,Suryavanshi Rajendra Narayan,Bow and Arrow,M,3685,L,0,data/maharashtra/mumbai/BMC 2002.xls
2002,70,Katke Parubhai Dattu,Bow and Arrow,F,6621,L,0,data/maharashtra/mumbai/BMC 2002.xls
2002,70,Kale Aasha Hemant,Hand,F,7313,W,0,data/maharashtra/mumbai/BMC 2002.xls
2002,70,Kale Manda Prakash,Bungalow,F,34,L,0,data/maharashtra/mumbai/BMC 2002.xls
2002,70,Kamble Nirmla Baban,Bicycle,F,1228,L,0,data/maharashtra/mumbai/BMC 2002.xls
2002,70,Khedekar Shubhangi Sudhir,Bicycle,F,1209,L,0,data/maharashtra/mumbai/BMC 2002.xls
2002,70,Vhatkar Vimal Prakash,Candles,F,52,L,0,data/maharashtra/mumbai/BMC 2002.xls
2002,70,Songavankar Sonal Mukesh,Clock,F,1093,L,0,data/maharashtra/mumbai/BMC 2002.xls
2002,71,Timande Deelip Vinayak,Aeroplane,M,1012,L,0,data/maharashtra/mumbai/BMC 2002.xls
2002,71,Marde Namdev Baburav,Clock,M,3414,L,0,data/maharashtra/mumbai/BMC 2002.xls
2002,71,Vaiti Sanjay Parshuram,Hand,M,3478,L,0,data/maharashtra/mumbai/BMC 2002.xls
2002,71,Vaidya Milind Dattaram,Bow and Arrow,M,6883,W,1,data/maharashtra/mumbai/BMC 2002.xls
2002,72,Azhad Rafakaf Banu Anvar,Bicycle,F,553,L,0,data/maharashtra/mumbai/BMC 2002.xls
2002,72,Kureshi Mohammed Salim Mohammed,Chair,M,42,L,0,data/maharashtra/mumbai/BMC 2002.xls
2002,72,Ghatekari Shivaji Satyappa,Hand,M,3538,L,0,data/maharashtra/mumbai/BMC 2002.xls
2002,72,Desai Sudhir Gurunath,Television,M,393,L,0,data/maharashtra/mumbai/BMC 2002.xls
2002,72,Patel Imtiyaj Ahmed Zaffar,Clock,M,748,L,0,data/maharashtra/mumbai/BMC 2002.xls
2002,72,Pathan Nasibkhan Ghafurkhan,Bungalow,M,14,L,0,data/maharashtra/mumbai/BMC 2002.xls
2002,72,Padval Deepak Sadashiv,Lotus,M,4595,L,0,data/maharashtra/mumbai/BMC 2002.xls
2002,72,Punmiya Bherulal Chandanlal,Bus,M,425,L,0,data/maharashtra/mumbai/BMC 2002.xls
2002,72,Bhandari Suresh Champalal,Aeroplane,M,115,L,0,data/maharashtra/mumbai/BMC 2002.xls
2002,73,Kureshi Mohammed Sharif Sarvar,Bungalow,M,12,L,0,data/maharashtra/mumbai/BMC 2002.xls
2002,73,Khan Atahar Mohammed Abdul Moid,Clock,M,568,L,0,data/maharashtra/mumbai/BMC 2002.xls
2002,73,Goms Lorence Jems,Whistle,M,1350,L,0,data/maharashtra/mumbai/BMC 2002.xls
2002,73,Dube Sudesh Lakshman,Bow and Arrow,M,3340,L,0,data/maharashtra/mumbai/BMC 2002.xls
2002,73,Fernandis Anthone Martin,Candles,M,121,L,0,data/maharashtra/mumbai/BMC 2002.xls
2002,73,Vadkar Arun Shankar,Kite,M,391,L,0,data/maharashtra/mumbai/BMC 2002.xls
2002,73,Shaikh Alijan Suleman,Hand,M,5589,W,0,data/maharashtra/mumbai/BMC 2002.xls
2002,73,Shaikh Said Habib,Chair,M,71,L,0,data/maharashtra/mumbai/BMC 2002.xls
2002,73,Shejal Mangala Bharat,Aeroplane,F,51,L,0,data/maharashtra/mumbai/BMC 2002.xls
2002,73,Sayyad Aadag Ibrahim,Bicycle,M,498,L,0,data/maharashtra/mumbai/BMC 2002.xls
2002,74,Khatri Kishor Madhubhai,Bicycle,M,90,L,0,data/maharashtra/mumbai/BMC 2002.xls
2002,74,Telis Anthoni Frances,Kite,M,86,L,0,data/maharashtra/mumbai/BMC 2002.xls
2002,74,Pavale Dattatray Tukaram,Aeroplane,M,453,L,0,data/maharashtra/mumbai/BMC 2002.xls
2002,74,Britto Advin Frances,Battery Torch,M,3051,L,0,data/maharashtra/mumbai/BMC 2002.xls
2002,74,Bhamla Asif Vali,Clock,M,1396,L,0,data/maharashtra/mumbai/BMC 2002.xls
2002,74,Maniyal Ajit Motiram,Lotus,M,2604,L,0,data/maharashtra/mumbai/BMC 2002.xls
2002,74,Rodriks Kavita Harvi,Hand,F,4188,W,0,data/maharashtra/mumbai/BMC 2002.xls
2002,74,Rodriks Khristophar,Black Board,M,571,L,0,data/maharashtra/mumbai/BMC 2002.xls
2002,74,Vaz Grerg Jerom,Candles,M,41,L,0,data/maharashtra/mumbai/BMC 2002.xls
2002,74,Sharma Harbansh Rampratap,Basket,M,42,L,0,data/maharashtra/mumbai/BMC 2002.xls
2002,75,Punavat Kishor Barku,Lotus,M,4016,L,0,data/maharashtra/mumbai/BMC 2002.xls
2002,75,Bobadi Prakash Pandurang,Hand,M,5093,W,0,data/maharashtra/mumbai/BMC 2002.xls
2002,75,Sayyad Gaffar Umar,Clock,M,1908,L,0,data/maharashtra/mumbai/BMC 2002.xls
2002,76,Agalave Bharti Ramchandra,Hand,F,5067,L,0,data/maharashtra/mumbai/BMC 2002.xls
2002,76,Gujar Vijay Narayan,Bicycle,M,342,L,0,data/maharashtra/mumbai/BMC 2002.xls
2002,76,Gobare Ramesh Hari,Bungalow,M,372,L,0,data/maharashtra/mumbai/BMC 2002.xls
2002,76,Chavri Vilas Sitaram,Bow and Arrow,M,8491,W,0,data/maharashtra/mumbai/BMC 2002.xls
2002,76,Pal Udayanarayan Sukharam,Car,M,655,L,0,data/maharashtra/mumbai/BMC 2002.xls
2002,76,More Sunil Mahadev,Aeroplane,M,1257,L,0,data/maharashtra/mumbai/BMC 2002.xls
2002,76,Yadav Lalji Ramkishore,Bus,M,2144,L,0,data/maharashtra/mumbai/BMC 2002.xls
2002,76,Rana Kamdev Diho,Elephant,M,234,L,0,data/maharashtra/mumbai/BMC 2002.xls
2002,76,Rane Aruna Vinayak,Candles,F,684,L,0,data/maharashtra/mumbai/BMC 2002.xls
2002,76,Roy Dinesh Siyasaran,Kite,M,650,L,0,data/maharashtra/mumbai/BMC 2002.xls
2002,76,Shivtare Vijay Sopanrav,Clock,M,2483,L,0,data/maharashtra/mumbai/BMC 2002.xls
2002,76,Hak Mohammed Siddique Maitulak,Gas Cylnder,M,110,L,0,data/maharashtra/mumbai/BMC 2002.xls
2002,77,Kasare Hansraj Ramdas,Television,M,295,L,0,data/maharashtra/mumbai/BMC 2002.xls
2002,77,Ghatge Vijay Maruti,Elephant,M,1000,L,0,data/maharashtra/mumbai/BMC 2002.xls
2002,77,Chadda Tejpalsingh,Bicycle,M,341,L,0,data/maharashtra/mumbai/BMC 2002.xls
2002,77,Jadhav Sunita Mangesh,Bungalow,F,679,L,0,data/maharashtra/mumbai/BMC 2002.xls
2002,77,Nandgavnkar Prashant Shantaram,Clock,M,505,L,0,data/maharashtra/mumbai/BMC 2002.xls
2002,77,Pawar Tukaram Gunaji,Kite,M,17,L,0,data/maharashtra/mumbai/BMC 2002.xls
2002,77,Vavekar Suresh Dharma,Hand,M,3667,L,0,data/maharashtra/mumbai/BMC 2002.xls
2002,77,Shelar Ashish Babaji,Lotus,M,4311,L,0,data/maharashtra/mumbai/BMC 2002.xls
2002,77,Sethi Jasbirsingh Balvantsingh,Ceilng Fan,M,342,L,0,data/maharashtra/mumbai/BMC 2002.xls
2002,78,Gangar Ramesh Dhamji,Elephant,M,64,L,0,data/maharashtra/mumbai/BMC 2002.xls
2002,78,Chavan Shrikrushna Lakshman,Bow and Arrow,M,5921,W,0,data/maharashtra/mumbai/BMC 2002.xls
2002,78,Jani Prakash Revashankar,Kite,M,126,L,0,data/maharashtra/mumbai/BMC 2002.xls
2002,78,Tirletkar Seema Krishna,Bungalow,F,391,L,0,data/maharashtra/mumbai/BMC 2002.xls
2002,78,Pawar Vivek Govindrav,Lock and Key,M,1731,L,0,data/maharashtra/mumbai/BMC 2002.xls
2002,78,Batad Akhil Amar,Chair,M,151,L,0,data/maharashtra/mumbai/BMC 2002.xls
2002,78,Shukla Shashikant Vishvnath,Cup and Saucer,M,53,L,0,data/maharashtra/mumbai/BMC 2002.xls
2002,78,Shekh Aslam Jamaluddin,Bicycle,M,411,L,0,data/maharashtra/mumbai/BMC 2002.xls
2002,78,Singh Arjun Bjjala,Hand,M,4194,L,0,data/maharashtra/mumbai/BMC 2002.xls
2002,78,Husain Nishant Imtiyaj,Axe,F,312,L,0,data/maharashtra/mumbai/BMC 2002.xls
2002,79,Ovhal Smita Vishnu,Clock,F,2134,L,,data/maharashtra/mumbai/BMC 2002.xls
2002,79,Chauhan Rinki Radheshyam,Hand,F,5590,W,,data/maharashtra/mumbai/BMC 2002.xls
2002,79,Jagtap Anita Hemchandra,Bicycle,F,5547,L,,data/maharashtra/mumbai/BMC 2002.xls
2002,79,Jalgavankar Minikshi Pritish,Elephant,F,126,L,,data/maharashtra/mumbai/BMC 2002.xls
2002,79,Bagoriya Kiran Jayaprakash,Bow and Arrow,F,4297,L,,data/maharashtra/mumbai/BMC 2002.xls
2002,80,Kumbhar Suresh Tukaram,Elephant,M,148,L,,data/maharashtra/mumbai/BMC 2002.xls
2002,80,Kore Rajendra Gopal,Clock,M,827,L,,data/maharashtra/mumbai/BMC 2002.xls
2002,80,Patil Suhas Krushna,Bow and Arrow,M,4131,L,,data/maharashtra/mumbai/BMC 2002.xls
2002,80,Shaikh Mohammed Kayyub Mohammed Ahmed,Aeroplane,M,10,L,,data/maharashtra/mumbai/BMC 2002.xls
2002,80,Shaikh Lalmohamed Mehmud,Hand,M,6386,W,,data/maharashtra/mumbai/BMC 2002.xls
2002,80,Hadi Mohammed Shahrukh Mukthar Ahmed,Bicycle,M,1575,L,,data/maharashtra/mumbai/BMC 2002.xls
2002,81,Kadam Dharmsen Shantaram,Elephant,M,190,L,0,data/maharashtra/mumbai/BMC 2002.xls
2002,81,Gangurde Dinesh Khanderav,Clock,M,1471,L,0,data/maharashtra/mumbai/BMC 2002.xls
2002,81,Gayakavad Deepak Kisan,Bus,M,73,L,0,data/maharashtra/mumbai/BMC 2002.xls
2002,81,Thakur Tejbahadur Pratapsingh,Ink Pot & Pen,M,38,L,0,data/maharashtra/mumbai/BMC 2002.xls
2002,81,Dayama Bhupendrasingh Dhannalal,Hand,M,3440,L,0,data/maharashtra/mumbai/BMC 2002.xls
2002,81,Pawar Jawant Maruti,Batsman,M,27,L,0,data/maharashtra/mumbai/BMC 2002.xls
2002,81,Piwal Rajbir Chandsigh,Bungalow,M,414,L,0,data/maharashtra/mumbai/BMC 2002.xls
2002,81,Pai Sunanda Raj,Aeroplane,F,271,L,0,data/maharashtra/mumbai/BMC 2002.xls
2002,81,Bhowal Vishnu Baliram,Axe,M,231,L,0,data/maharashtra/mumbai/BMC 2002.xls
2002,81,Bhosale Suryakant Gangaram,Car,M,55,L,0,data/maharashtra/mumbai/BMC 2002.xls
2002,81,Rikkibe Anand Balbhim,Bat,M,36,L,0,data/maharashtra/mumbai/BMC 2002.xls
2002,81,Lot Harish Surjeet,Railway Engine,M,132,L,0,data/maharashtra/mumbai/BMC 2002.xls
2002,81,Shinde Ashok Gauru,Kite,M,43,L,0,data/maharashtra/mumbai/BMC 2002.xls
2002,81,Shaik Mohammed Rahim Abdul Gaffur,Bicycle,M,1268,L,0,data/maharashtra/mumbai/BMC 2002.xls
2002,81,Swant Prakash Vasant,Bow and Arrow,M,7946,W,1,data/maharashtra/mumbai/BMC 2002.xls
2002,82,Ingle Suchitra Vijay,Lotus,F,1493,L,,data/maharashtra/mumbai/BMC 2002.xls
2002,82,Kureshi Jahida Sadique (Jaffar),Hand,F,5539,W,,data/maharashtra/mumbai/BMC 2002.xls
2002,82,Parle Suvrna Dattatray,Kite,F,49,L,,data/maharashtra/mumbai/BMC 2002.xls
2002,82,Palekar Shalini (Kala) Vilas,Clock,F,2670,L,,data/maharashtra/mumbai/BMC 2002.xls
2002,82,Mirlekar Urmila Lakshman,Aeroplane,F,2095,L,,data/maharashtra/mumbai/BMC 2002.xls
2002,83,Ajavankar Arvind Atmaram,Sewing Machine,M,74,L,,data/maharashtra/mumbai/BMC 2002.xls
2002,83,Chavan Surekha Gangaram,Clock,M,1657,L,,data/maharashtra/mumbai/BMC 2002.xls
2002,83,Dhamapurkar Ashok Sambhaji,Flaming Torch,M,93,L,,data/maharashtra/mumbai/BMC 2002.xls
2002,83,Mayekar Gundu Balkrushna,Television,M,1864,L,,data/maharashtra/mumbai/BMC 2002.xls
2002,83,Mahadeshwar Vishwnath Panudrang,Bow and Arrow,M,7483,W,,data/maharashtra/mumbai/BMC 2002.xls
2002,83,Rai Satish Chintamani,Hand,M,6788,L,,data/maharashtra/mumbai/BMC 2002.xls
2002,83,Lal Vasudev Madhukar,Bus,M,267,L,,data/maharashtra/mumbai/BMC 2002.xls
2002,83,Lokhande Ashok Kisan,Elephant,M,102,L,,data/maharashtra/mumbai/BMC 2002.xls
2002,83,Shaikh Iqbal Azij,Carg,M,66,L,,data/maharashtra/mumbai/BMC 2002.xls
2002,83,Shaikh Shamim Ahmed Habib Ahmed,Bicycle,M,694,L,,data/maharashtra/mumbai/BMC 2002.xls
2002,84,Ahmed Neesha Bashir,Railway Engine,F,12,L,,data/maharashtra/mumbai/BMC 2002.xls
2002,84,Anant Tavindar Pal Kaur Tarlochan Singh,Carg,F,489,L,,data/maharashtra/mumbai/BMC 2002.xls
2002,84,Kalgoda Sheela Shantaram,Bangles,F,122,L,,data/maharashtra/mumbai/BMC 2002.xls
2002,84,Koriya Fatima Paul,Candles,F,621,L,,data/maharashtra/mumbai/BMC 2002.xls
2002,84,Kandekar Vidya Prakash,Bungalow,F,197,L,,data/maharashtra/mumbai/BMC 2002.xls
2002,84,Gotekar Ramabai Bharat,Ceiling Fan,F,80,L,,data/maharashtra/mumbai/BMC 2002.xls
2002,84,Dal Sadhna Subhash,Aeroplane,F,1017,L,,data/maharashtra/mumbai/BMC 2002.xls
2002,84,Potnis Sunana Suresh,Bow and Arrow,F,6903,W,,data/maharashtra/mumbai/BMC 2002.xls
2002,84,Beg Jarina Ramjan,Bicycle,F,164,L,,data/maharashtra/mumbai/BMC 2002.xls
2002,84,Barde Helan Anvar,Hand,F,6168,L,,data/maharashtra/mumbai/BMC 2002.xls
2002,84,Meshram Kirti Sheshrav,Axe,F,47,L,,data/maharashtra/mumbai/BMC 2002.xls
2002,84,More Minakshi Prakash,Lock and Arrow,F,3220,L,,data/maharashtra/mumbai/BMC 2002.xls
2002,84,Shaikh Mominabi Mohammed Razaqe,Chair,F,22,L,,data/maharashtra/mumbai/BMC 2002.xls
2002,84,Sonavne Sangita Ravindra,Bus,F,173,L,,data/maharashtra/mumbai/BMC 2002.xls
2002,84,Somayya Sheela Deepak,Cup and Saucer,F,12,L,,data/maharashtra/mumbai/BMC 2002.xls
2002,85,Anavakar Bhaskar Jagannath,Aeroplane,M,288,L,,data/maharashtra/mumbai/BMC 2002.xls
2002,85,Ansari Masood Ahmed Abdul Kasab,Bicycle,M,1500,L,,data/maharashtra/mumbai/BMC 2002.xls
2002,85,Kureshi Akbar Ali,Lock and Key,M,377,L,,data/maharashtra/mumbai/BMC 2002.xls
2002,85,Jadhav Soma Sukappa,Bow and Arrow,M,3550,L,,data/maharashtra/mumbai/BMC 2002.xls
2002,85,Pawar Sukhdev Kisan,Clock,M,283,L,,data/maharashtra/mumbai/BMC 2002.xls
2002,85,Mahadgut Krushna Vasudev,Hand,M,2908,L,,data/maharashtra/mumbai/BMC 2002.xls
2002,85,Lad Ramesh Dayaram,State,M,248,L,,data/maharashtra/mumbai/BMC 2002.xls
2002,85,Shaikh Mohammed Raffiqe Mustaffa Husain,Coconut,M,5032,W,,data/maharashtra/mumbai/BMC 2002.xls
2002,86,Abraham Jorge,Hand,M,4727,W,,data/maharashtra/mumbai/BMC 2002.xls
2002,86,Kirtavade Vidyadhar Bhimrav,Televison,M,30,L,,data/maharashtra/mumbai/BMC 2002.xls
2002,86,Gauli Pravin Harishchandra,Aeroplane,M,614,L,,data/maharashtra/mumbai/BMC 2002.xls
2002,86,Gutka Harakchandra Liladhar,Clock,M,1699,L,,data/maharashtra/mumbai/BMC 2002.xls
2002,86,Jadhav Krushana Narayan,State,M,150,L,,data/maharashtra/mumbai/BMC 2002.xls
2002,86,Dayas Joseph Domnik,Bus,M,569,L,,data/maharashtra/mumbai/BMC 2002.xls
2002,86,Dalvi Santosh Narayan,Axe,M,42,L,,data/maharashtra/mumbai/BMC 2002.xls
2002,86,Miranda Brayan Francis,Kite,M,1408,L,,data/maharashtra/mumbai/BMC 2002.xls
2002,86,Rajaura Pushpadevi S.,Elephant,F,41,L,,data/maharashtra/mumbai/BMC 2002.xls
2002,86,Shaikh Abdulla Kadar,Railway Engine,M,19,L,,data/maharashtra/mumbai/BMC 2002.xls
2002,86,Shrikhande Sanjay Suresh,Candles,M,105,L,,data/maharashtra/mumbai/BMC 2002.xls
2002,86,Saravade Sharad Mahadev,Bungalow,M,105,L,,data/maharashtra/mumbai/BMC 2002.xls
2002,86,Singh Jangbadur Ramnarayan,Bicycle,M,125,L,,data/maharashtra/mumbai/BMC 2002.xls
2002,86,Singh Shriprakash Kashinath,Flaming Torch,M,29,L,,data/maharashtra/mumbai/BMC 2002.xls
2002,86,Singh Ajaykumar Prasidhanarayan,Lotus,M,3900,L,,data/maharashtra/mumbai/BMC 2002.xls
2002,86,Haldankar Dinesh Jayaram,Book,M,226,L,,data/maharashtra/mumbai/BMC 2002.xls
2002,87,Khan Azad Mohammed,Aeroplane,M,199,L,,data/maharashtra/mumbai/BMC 2002.xls
2002,87,Khan Tavkir Ahmed Mohammed Hanif,Bicycle,M,60,L,,data/maharashtra/mumbai/BMC 2002.xls
2002,87,Dubhashi Aasha Arvind,Coconut,F,135,L,,data/maharashtra/mumbai/BMC 2002.xls
2002,87,Parab Sadanand Gajanan,Bow and Arrow,M,4669,L,,data/maharashtra/mumbai/BMC 2002.xls
2002,87,Pande Bholanath Kharpat,Hand Pump,M,8,L,,data/maharashtra/mumbai/BMC 2002.xls
2002,87,Pulavale Trimbak Kisan,Gas Cylinder,M,38,L,,data/maharashtra/mumbai/BMC 2002.xls
2002,87,Bastivala Khan Mohammed Haji Abbas,Hand,M,7725,W,,data/maharashtra/mumbai/BMC 2002.xls
2002,87,Mishra Brahmajeet Shobhnath,Flaming Torch,M,45,L,,data/maharashtra/mumbai/BMC 2002.xls
2002,87,Savant Subhash Mahadev,Clock,M,1816,L,,data/maharashtra/mumbai/BMC 2002.xls
2002,87,Soni Padam Bhagavti,Book,F,260,L,,data/maharashtra/mumbai/BMC 2002.xls
2002,88,Gurav Vijay Raghunath,Bow and Arrow,M,7392,L,1,data/maharashtra/mumbai/BMC 2002.xls
2002,88,Thakur Suryvanshi Balrup,Hand,M,7770,W,0,data/maharashtra/mumbai/BMC 2002.xls
2002,88,Nandivakar Sanjay Vithoba,Bungalow,M,3003,L,0,data/maharashtra/mumbai/BMC 2002.xls
2002,88,Yadav Baijnath Shilaprasad,Clock,M,70,L,0,data/maharashtra/mumbai/BMC 2002.xls
2002,89,Kuntadi Sanjeev Timappa,Hand,M,3087,L,,data/maharashtra/mumbai/BMC 2002.xls
2002,89,Khot Sukhdev Sitaram,Aeroplane,M,688,L,,data/maharashtra/mumbai/BMC 2002.xls
2002,89,Gurav Dattaram Mahadev,Kite,M,160,L,,data/maharashtra/mumbai/BMC 2002.xls
2002,89,Gurav Maruti Gopal,Coconut,M,770,L,,data/maharashtra/mumbai/BMC 2002.xls
2002,89,Nirala Shilkumar Shitalprasad,Bicycle,M,660,L,,data/maharashtra/mumbai/BMC 2002.xls
2002,89,Vavekar Naresh Vasant,Television,M,2392,L,,data/maharashtra/mumbai/BMC 2002.xls
2002,89,Saliyan Shekhar Jillhu,Clock,M,1574,L,,data/maharashtra/mumbai/BMC 2002.xls
2002,89,Khsirsagar Vasant Vithal,Lotus,M,4214,W,,data/maharashtra/mumbai/BMC 2002.xls
2002,90,Almeda Nikolas Hilari,Whistle,M,2990,L,0,data/maharashtra/mumbai/BMC 2002.xls
2002,90,Khan Lalmiya Suleman,Lock and Key,M,362,L,0,data/maharashtra/mumbai/BMC 2002.xls
2002,90,Gamre Vijay Prabhakar,Hand,M,6092,L,0,data/maharashtra/mumbai/BMC 2002.xls
2002,90,Gavali Pritish Kumar,Car,M,620,L,0,data/maharashtra/mumbai/BMC 2002.xls
2002,90,Gardi Suresh Babu,Ceiling Fan,M,122,L,0,data/maharashtra/mumbai/BMC 2002.xls
2002,90,Jadhav Rahul Jagan,Bungalow,M,467,L,0,data/maharashtra/mumbai/BMC 2002.xls
2002,90,Jayagade Krushna Dhondu,Railway Engine,M,509,L,0,data/maharashtra/mumbai/BMC 2002.xls
2002,90,D'Souza Anthoni Sebostiyan,Candles,M,224,L,0,data/maharashtra/mumbai/BMC 2002.xls
2002,90,Tiwari Raju,Flaming Torch,M,158,L,0,data/maharashtra/mumbai/BMC 2002.xls
2002,90,Dev Shyam Chabilal,Aeroplane,M,819,L,0,data/maharashtra/mumbai/BMC 2002.xls
2002,90,Nikam Tukaram Shabaji,Bow and Arrow,M,7221,W,0,data/maharashtra/mumbai/BMC 2002.xls
2002,90,Varma Sushila Umarav,Hammer Sickel and Sta,M,2639,L,0,data/maharashtra/mumbai/BMC 2002.xls
2002,90,Shaikh Mohammed Ali Mohammed Husain,Bus,M,819,L,0,data/maharashtra/mumbai/BMC 2002.xls
2002,90,Sayyad Manjeer Mujammil Husain,Bicycle,M,562,L,0,data/maharashtra/mumbai/BMC 2002.xls
2002,90,Sitap Balkrushna Babu,Television,M,459,L,0,data/maharashtra/mumbai/BMC 2002.xls
2002,90,Husain Ahmed Azam Nasir Ahamed,Road Roller,M,69,L,0,data/maharashtra/mumbai/BMC 2002.xls
2002,91,Alvani Parag Madhusudan,Lotus,M,8082,W,1,data/maharashtra/mumbai/BMC 2002.xls
2002,91,Ghadshi Ramchandra Bhikaji,Bungalow,M,157,L,0,data/maharashtra/mumbai/BMC 2002.xls
2002,91,Joshi Jitendra Gulab,Clock,M,2415,L,0,data/maharashtra/mumbai/BMC 2002.xls
2002,91,Joshi Vijay Kashinath,Aeroplane,M,21,L,0,data/maharashtra/mumbai/BMC 2002.xls
2002,91,Baghel Pradeep Shivsahay Singh,Hand,M,4489,L,0,data/maharashtra/mumbai/BMC 2002.xls
2002,91,Raje Anil Madhusudan,Letter Box,M,3,L,0,data/maharashtra/mumbai/BMC 2002.xls
2002,91,Vartak Avinash Anant,Coconut,M,578,L,0,data/maharashtra/mumbai/BMC 2002.xls
2002,91,Surve Rajaram Parshuram,Bus,M,85,L,0,data/maharashtra/mumbai/BMC 2002.xls
2002,92,Kasture Vidyalakshmi,Aeroplane,F,11,L,0,data/maharashtra/mumbai/BMC 2002.xls
2002,92,Chandevar Alka Govind,Hand,F,2871,L,0,data/maharashtra/mumbai/BMC 2002.xls
2002,92,Dhuri Riddhi Budhivan,Bow and Arrow,F,5928,W,0,data/maharashtra/mumbai/BMC 2002.xls
2002,92,Bagve Ujwala Dhulip,Clock,F,1351,L,0,data/maharashtra/mumbai/BMC 2002.xls
2002,92,Mane Sarita Suresh,Bicycle,F,71,L,0,data/maharashtra/mumbai/BMC 2002.xls
2002,92,Rav Sheela Chandrakant,Kite,F,21,L,0,data/maharashtra/mumbai/BMC 2002.xls
2002,92,Vadekar Chitra Chandrakant,Bungalow,F,154,L,0,data/maharashtra/mumbai/BMC 2002.xls
2002,93,Kanse Savitri Sakharam,Car,F,99,L,0,data/maharashtra/mumbai/BMC 2002.xls
2002,93,Kesari Anju Rajaram,Bicycle,F,164,L,0,data/maharashtra/mumbai/BMC 2002.xls
2002,93,Khandagle Varsha Deelip,Lock and Key,F,790,L,0,data/maharashtra/mumbai/BMC 2002.xls
2002,93,Zanzotada Sulochana Ishwarsingh,Aeroplane,F,267,L,0,data/maharashtra/mumbai/BMC 2002.xls
2002,93,Chandeliya Dhanpati Dayanand,Elephant,F,172,L,0,data/maharashtra/mumbai/BMC 2002.xls
2002,93,D'Souza Nanda Alliver,Candles,F,248,L,0,data/maharashtra/mumbai/BMC 2002.xls
2002,93,D'Souza Vinnifred Baptis,Hand,F,6296,L,0,data/maharashtra/mumbai/BMC 2002.xls
2002,93,Surve Vasanti Gajannath,Bow and Arrow,F,4808,L,0,data/maharashtra/mumbai/BMC 2002.xls
2002,94,Andhari Jyoti Deepak,Bow and Arrow,F,8252,W,0,data/maharashtra/mumbai/BMC 2002.xls
2002,94,Mishri Sarimadevi (Sarita) Premsagar,Hand,F,7775,L,0,data/maharashtra/mumbai/BMC 2002.xls
2002,94,Shaikh Asama Begam,Clock,F,729,L,0,data/maharashtra/mumbai/BMC 2002.xls
2002,95,Kapasi Hakim Saifuddin,Book,M,704,L,0,data/maharashtra/mumbai/BMC 2002.xls
2002,95,Karmel Alfanso Thomas,Bicycle,M,141,L,0,data/maharashtra/mumbai/BMC 2002.xls
2002,95,Dayas Klaive Jorje,Hand,M,4674,L,0,data/maharashtra/mumbai/BMC 2002.xls
2002,95,Tadalapurakar Prashant Shivaji,Aeroplane,M,68,L,0,data/maharashtra/mumbai/BMC 2002.xls
2002,95,Desai Ashok Bhivaji,Clock,M,3879,L,0,data/maharashtra/mumbai/BMC 2002.xls
2002,95,Perimal John Baburav,Candles,M,55,L,0,data/maharashtra/mumbai/BMC 2002.xls
2002,95,Yadav Rajesh Bhobhnath,Elephant,M,61,L,0,data/maharashtra/mumbai/BMC 2002.xls
2002,95,Rai Kamlesh Kedarnath,Bow and Arrow,M,5178,W,0,data/maharashtra/mumbai/BMC 2002.xls
2002,95,Sayyad Sanobar Dost Mohammed,Ladder,M,41,L,0,data/maharashtra/mumbai/BMC 2002.xls
2002,95,Hedge S. J.,Kisand Driving Tractor,M,2157,L,1,data/maharashtra/mumbai/BMC 2002.xls
2002,96,Ghosh Nandkumar Gosta,Candles,M,29,L,0,data/maharashtra/mumbai/BMC 2002.xls
2002,96,Jain Devilal,Flaming Torch,M,166,L,0,data/maharashtra/mumbai/BMC 2002.xls
2002,96,Dube Adyaprasad Bhagavatiprasad,Kite,M,169,L,0,data/maharashtra/mumbai/BMC 2002.xls
2002,96,Dube Rajiv Ramesh,Clock,M,3210,L,0,data/maharashtra/mumbai/BMC 2002.xls
2002,96,Dube Surendra Dayashankar,Lotus,M,3998,L,0,data/maharashtra/mumbai/BMC 2002.xls
2002,96,Parab Santosh Sitaram,Table Lamp,M,268,L,0,data/maharashtra/mumbai/BMC 2002.xls
2002,96,Patil Bhagavanrav Annasaheb,Bicycle,M,3771,L,0,data/maharashtra/mumbai/BMC 2002.xls
2002,96,Borade Prabhakar Narhari,Cup and Saucer,M,363,L,0,data/maharashtra/mumbai/BMC 2002.xls
2002,96,Vankhede Shobha Devram,Bungalow,F,460,L,0,data/maharashtra/mumbai/BMC 2002.xls
2002,96,Sharma Tribhuvan Nath,Hand Pump,M,33,L,0,data/maharashtra/mumbai/BMC 2002.xls
2002,96,Shaikh Mutruzkabi Abdul Munaff,Diesel Pump,M,6,L,0,data/maharashtra/mumbai/BMC 2002.xls
2002,96,Shetty Manmat Krushna,Hand,M,3684,L,0,data/maharashtra/mumbai/BMC 2002.xls
2002,96,Singh Upendra Pratap,Elephant,M,115,L,0,data/maharashtra/mumbai/BMC 2002.xls
2002,96,Suryvanshi Maruti Santaram,Aeroplane,M,184,L,0,data/maharashtra/mumbai/BMC 2002.xls
2002,96,Sontode Tukaram Pundalikarav,Bus,M,2462,L,0,data/maharashtra/mumbai/BMC 2002.xls
2002,97,Khare Jayantrav Mahadev,Chair,M,202,L,0,data/maharashtra/mumbai/BMC 2002.xls
2002,97,Dhuri Anil Raghunath,Ink Pot & Pen,M,147,L,0,data/maharashtra/mumbai/BMC 2002.xls
2002,97,Patel Bhavesh Dayabhai,Axe,M,49,L,0,data/maharashtra/mumbai/BMC 2002.xls
2002,97,Pal Rajinder Ramlakhan,Candles,M,22,L,0,data/maharashtra/mumbai/BMC 2002.xls
2002,97,Panchal Manohar Gangaram,Bow and Arrow,M,10815,W,0,data/maharashtra/mumbai/BMC 2002.xls
2002,97,Pande Gaurishnakar Devnarayan,Clock,M,2296,L,0,data/maharashtra/mumbai/BMC 2002.xls
2002,97,Savant Sanjay Vasant,Hand,M,6396,L,0,data/maharashtra/mumbai/BMC 2002.xls
2002,97,Singh Rakesh Shardaprasad,Bicycle,M,200,L,0,data/maharashtra/mumbai/BMC 2002.xls
2002,97,Sinh Surendra Vashishth N.,Aeroplane,M,107,L,0,data/maharashtra/mumbai/BMC 2002.xls
2002,98,Kathure Jyoti Deelip,Hand,F,4685,L,0,data/maharashtra/mumbai/BMC 2002.xls
2002,98,Padval Anita Bhalchandra,Clock,F,1738,L,0,data/maharashtra/mumbai/BMC 2002.xls
2002,98,Patil Shvetali Madhusudan,Bow and Arrow,F,6996,W,0,data/maharashtra/mumbai/BMC 2002.xls
2002,99,Gupta Rambachan Faguram,Bicycle,M,590,L,0,data/maharashtra/mumbai/BMC 2002.xls
2002,99,Patkar Shantaram Sitaram,Clock,M,2099,L,0,data/maharashtra/mumbai/BMC 2002.xls
2002,99,Prajapati Divakar Rambali,Hand,M,4873,L,0,data/maharashtra/mumbai/BMC 2002.xls
2002,99,Latke Ramesh Kondiram,Bow and Arrow,M,12297,W,0,data/maharashtra/mumbai/BMC 2002.xls
2002,99,Vishvakarma Ramprasad Ramharsh,Ink Pot & Pen,M,11,L,0,data/maharashtra/mumbai/BMC 2002.xls
2002,100,Acharekar Vijay Dattatray,Car,M,262,L,,data/maharashtra/mumbai/BMC 2002.xls
2002,100,Jadhav Deelipkumar Ramesh,Coconut,M,119,L,,data/maharashtra/mumbai/BMC 2002.xls
2002,100,Nalavade Sunil Dattram,Clock,M,5676,L,,data/maharashtra/mumbai/BMC 2002.xls
2002,100,Pujari Sitaram Mundappa,Bicycle,M,729,L,,data/maharashtra/mumbai/BMC 2002.xls
2002,100,Reddi Vijay Babulal,Hand,M,4428,L,,data/maharashtra/mumbai/BMC 2002.xls
2002,100,Vaghmare Shashikant Maruti,Lock and Key,M,47,L,,data/maharashtra/mumbai/BMC 2002.xls
2002,100,Vayakar Ravindra Dattaram,Bow and Arrow,M,13165,W,,data/maharashtra/mumbai/BMC 2002.xls
2002,100,Vichare Ravindra Ramrav,Railway Engine,M,36,L,,data/maharashtra/mumbai/BMC 2002.xls
2002,101,Anjan Jayanti Suresh,Table Lamp,F,181,L,,data/maharashtra/mumbai/BMC 2002.xls
2002,101,Kureshi Shamim Banu,Bicycle,F,6668,L,,data/maharashtra/mumbai/BMC 2002.xls
2002,101,Kotiyan Sandhya Damodar,Hand,F,4992,L,,data/maharashtra/mumbai/BMC 2002.xls
2002,101,Nakashe Vrushali Chandrpraksh,Bow and Arrow,F,7938,W,,data/maharashtra/mumbai/BMC 2002.xls
2002,101,Patel Hasina Salam,Book,F,453,L,,data/maharashtra/mumbai/BMC 2002.xls
2002,101,Pipil Shantidevi Tarasingh,Television,F,497,L,,data/maharashtra/mumbai/BMC 2002.xls
2002,101,Shaikh Parvin Mohiddin,Clock,F,1243,L,,data/maharashtra/mumbai/BMC 2002.xls
2002,102,Aadarkar Prakash Vaman,Clock,M,828,L,0,data/maharashtra/mumbai/BMC 2002.xls
2002,102,Thakur Lakshman Tukaram,Ceiling Fan,M,350,L,0,data/maharashtra/mumbai/BMC 2002.xls
2002,102,Bangera Deepak Narayan,Flaming Torch,M,72,L,0,data/maharashtra/mumbai/BMC 2002.xls
2002,102,Bhosale Anant Govind,Bow and Arrow,M,4361,L,1,data/maharashtra/mumbai/BMC 2002.xls
2002,102,Mahadik Pradeep Bamanrav,Aeroplane,M,465,L,0,data/maharashtra/mumbai/BMC 2002.xls
2002,102,Mahale Ravindra Anant,Bicycle,M,162,L,0,data/maharashtra/mumbai/BMC 2002.xls
2002,102,Mhamunkar Ajit Baliram,Whistle,M,188,L,0,data/maharashtra/mumbai/BMC 2002.xls
2002,102,Sharma Sushil Dharajeet,Book,M,130,L,0,data/maharashtra/mumbai/BMC 2002.xls
2002,102,Shinde Pravin Gajanan,Railway Engine,M,7491,W,0,data/maharashtra/mumbai/BMC 2002.xls
2002,102,Sinh Pashupatinath Baban,Hand,M,3026,L,0,data/maharashtra/mumbai/BMC 2002.xls
2002,103,Kadam Vijaya Gangaram,Bicycle,F,447,L,1,data/maharashtra/mumbai/BMC 2002.xls
2002,103,Kasurde Sulochana Sambhaji,Hand,F,2678,L,0,data/maharashtra/mumbai/BMC 2002.xls
2002,103,Palekar Madhuri Bindumadhav,Aeroplane,F,56,L,0,data/maharashtra/mumbai/BMC 2002.xls
2002,103,Pavaskar Rupali Ramesh,Coconut,F,2888,L,0,data/maharashtra/mumbai/BMC 2002.xls
2002,103,Pasi Geeta Kashinath,Cloak,F,2613,L,0,data/maharashtra/mumbai/BMC 2002.xls
2002,103,Pednekar Nanda Ramakant,Table Lamp,F,307,L,0,data/maharashtra/mumbai/BMC 2002.xls
2002,103,Modak Ujwala Shrikrushna,Lotus,F,4333,W,0,data/maharashtra/mumbai/BMC 2002.xls
2002,103,Ranade Pramila Bhalanchandra,Bus,F,11,L,0,data/maharashtra/mumbai/BMC 2002.xls
2002,103,Shiyal Savita Vallabh,Kite,F,276,L,0,data/maharashtra/mumbai/BMC 2002.xls
2002,103,Singh Lata Singh S.P.,State,F,14,L,0,data/maharashtra/mumbai/BMC 2002.xls
2002,103,Singh Shashi (Didi) Ramsurat,Chair,F,161,L,0,data/maharashtra/mumbai/BMC 2002.xls
2002,104,Kadam Raghunath Sitaram,Railway Engine,M,4011,L,,data/maharashtra/mumbai/BMC 2002.xls
2002,104,Kariya Hansraj Bhurabhai,Table Lamp,M,13,L,,data/maharashtra/mumbai/BMC 2002.xls
2002,104,Patel Mohammed Khan,Bicycle,M,585,L,,data/maharashtra/mumbai/BMC 2002.xls
2002,104,Pande Pramod Shamacharan,Chair,M,220,L,,data/maharashtra/mumbai/BMC 2002.xls
2002,104,Bhosale Mansingh Mahadev,Clock,M,383,L,,data/maharashtra/mumbai/BMC 2002.xls
2002,104,Rangila Ali Mohammed,Bungalow,M,46,L,,data/maharashtra/mumbai/BMC 2002.xls
2002,104,Sharma Rajesh Prabhushankar,Lotus,M,4351,W,,data/maharashtra/mumbai/BMC 2002.xls
2002,104,Shaikh Taj Mohammed Ibrahim,Hand,M,1985,L,,data/maharashtra/mumbai/BMC 2002.xls
2002,104,Sayyad Kasibi Abdulla,Aeroplane,M,15,L,,data/maharashtra/mumbai/BMC 2002.xls
2002,104,Singh Baba Dasharath,Whistel,M,854,L,,data/maharashtra/mumbai/BMC 2002.xls
2002,105,Shaikh Mohammed Yakub Abdul Rajjak,Hand Pump,M,8,L,0,data/maharashtra/mumbai/BMC 2002.xls
2002,105,Dev Arun Ganesh,Lotus,M,1892,W,0,data/maharashtra/mumbai/BMC 2002.xls
2002,105,Favan Anvar,Bus,M,119,L,0,data/maharashtra/mumbai/BMC 2002.xls
2002,105,Khatri Sarvar Ismail,Bungalow,M,627,L,0,data/maharashtra/mumbai/BMC 2002.xls
2002,105,Dait Manoj Gopal,Camera,M,39,L,0,data/maharashtra/mumbai/BMC 2002.xls
2002,105,Pusti Ajaykumar Govind,Bric,M,53,L,0,data/maharashtra/mumbai/BMC 2002.xls
2002,105,D'Souza Francis,Candles,M,250,L,0,data/maharashtra/mumbai/BMC 2002.xls
2002,105,Mayin Rajan Sakharam,Hat,M,300,L,0,data/maharashtra/mumbai/BMC 2002.xls
2002,105,Mehra Dinesh Singh,Flaming Torch,M,251,L,0,data/maharashtra/mumbai/BMC 2002.xls
2002,105,Meman Yakub Jan Ahmed,Bicycle,M,1027,L,0,data/maharashtra/mumbai/BMC 2002.xls
2002,105,Chauhan Ismail Ashraf,Aeroplane,M,45,L,0,data/maharashtra/mumbai/BMC 2002.xls
2002,105,Khan Ashraf Ahmed Husain,Elephant,M,14,L,0,data/maharashtra/mumbai/BMC 2002.xls
2002,105,Soni Retadevi,Kite,F,44,L,0,data/maharashtra/mumbai/BMC 2002.xls
2002,105,Shetty Santosh Kariya,Ceiling Fan,M,17,L,0,data/maharashtra/mumbai/BMC 2002.xls
2002,105,Gupta Balmukund Ghanshyamdas,Clock,M,512,L,0,data/maharashtra/mumbai/BMC 2002.xls
2002,105,Sinh Ramjanak Zhinkan,Hand,M,1501,L,0,data/maharashtra/mumbai/BMC 2002.xls
2002,105,Khechare Chandrashekhar Bapu,Bat,M,1767,L,0,data/maharashtra/mumbai/BMC 2002.xls
2002,105,Naik Rajendra Gajannath,Railway Engine,M,723,L,0,data/maharashtra/mumbai/BMC 2002.xls
2002,105,Haridas Raghavanand Lakshmidhar,Coconut,M,324,L,0,data/maharashtra/mumbai/BMC 2002.xls
2002,105,Chari Madhura Madhukar,Electric Poll,F,883,L,1,data/maharashtra/mumbai/BMC 2002.xls
2002,106,Mangela Pandurang Devji,Lotus,M,6460,L,0,data/maharashtra/mumbai/BMC 2002.xls
2002,106,Palamedu Bhiman Karpan,Clock,M,2681,L,0,data/maharashtra/mumbai/BMC 2002.xls
2002,106,Jadhav Ashok Bhau,Hand,M,7541,L,0,data/maharashtra/mumbai/BMC 2002.xls
2002,106,Shistakar Arvind Ramchandra,Bus,M,16,L,0,data/maharashtra/mumbai/BMC 2002.xls
2002,106,Mhatre Yatin Puspakant,Kite,M,913,L,0,data/maharashtra/mumbai/BMC 2002.xls
2002,106,Dodiya Bipin Harjivan,Book,M,71,L,0,data/maharashtra/mumbai/BMC 2002.xls
2002,107,Bapstista Ruth Nazareth,Coconut,F,608,L,0,data/maharashtra/mumbai/BMC 2002.xls
2002,107,Khan Farjana Samiulla,Bicycle,F,153,L,0,data/maharashtra/mumbai/BMC 2002.xls
2002,107,Miskita Tulip Oswald,Clock,F,2006,L,0,data/maharashtra/mumbai/BMC 2002.xls
2002,107,Khemkar Sandhya Shankar,Aeroplane,F,340,L,0,data/maharashtra/mumbai/BMC 2002.xls
2002,107,Kubal Punam Subhash,Bow and Arrow,F,4433,L,0,data/maharashtra/mumbai/BMC 2002.xls
2002,107,Shah Nilanjana Mangaladas,Hand,F,8277,W,0,data/maharashtra/mumbai/BMC 2002.xls
2002,108,Beg Shahin Aara Salim,Bus,F,3241,L,0,data/maharashtra/mumbai/BMC 2002.xls
2002,108,Chauhan Leea Mahesh,Clock,F,706,L,0,data/maharashtra/mumbai/BMC 2002.xls
2002,108,Dhongade Bharti Balkrushna,Hand,F,2820,L,0,data/maharashtra/mumbai/BMC 2002.xls
2002,108,Shaikh Sufiya Parvin Abdul Munaf,Chair,F,16,L,0,data/maharashtra/mumbai/BMC 2002.xls
2002,108,Gore Geeta Lakshman,Bow and Arrow,F,3887,W,0,data/maharashtra/mumbai/BMC 2002.xls
2002,109,Sadadekar Madhumati Madhusudan,Clock,F,1464,L,0,data/maharashtra/mumbai/BMC 2002.xls
2002,109,Yadav Geeta Vasant,Hand,F,5140,W,0,data/maharashtra/mumbai/BMC 2002.xls
2002,109,Amin Smita Jayant,Bow and Arrow,F,5053,L,0,data/maharashtra/mumbai/BMC 2002.xls
2002,110,Marucha Vanita Kailash,Hand,F,5793,W,,data/maharashtra/mumbai/BMC 2002.xls
2002,110,Chinchan Prathrna Kashiram,Bow and Arrow,F,4736,L,,data/maharashtra/mumbai/BMC 2002.xls
2002,110,Akre Deepa Krushna,Aeroplane,F,545,L,,data/maharashtra/mumbai/BMC 2002.xls
2002,110,Page Bharati Vishnu,Clock,F,476,L,,data/maharashtra/mumbai/BMC 2002.xls
2002,111,Ansari Khurshid Aalam,Elephant,M,42,L,0,data/maharashtra/mumbai/BMC 2002.xls
2002,111,Ansari Mo Affak,Bicycle,M,1978,L,0,data/maharashtra/mumbai/BMC 2002.xls
2002,111,Amberkar Devendra Shridhar,Hand,M,5911,L,0,data/maharashtra/mumbai/BMC 2002.xls
2002,111,Gayakawad Kailash Kisan,Bus,M,386,L,0,data/maharashtra/mumbai/BMC 2002.xls
2002,111,Choudhary Rajesh Ramchandra,Candles,M,53,L,0,data/maharashtra/mumbai/BMC 2002.xls
2002,111,Dabholkar Pravin Rajaram,Clock,M,1445,L,0,data/maharashtra/mumbai/BMC 2002.xls
2002,111,Fanse Yshodhar Padmakar,Bow and Arrow,M,6270,W,0,data/maharashtra/mumbai/BMC 2002.xls
2002,112,Gurav Yogini Bapu,Hurricane Lamp,F,73,L,0,data/maharashtra/mumbai/BMC 2002.xls
2002,112,Dighe Jostna Abha,Bow and Arrow,F,6398,W,0,data/maharashtra/mumbai/BMC 2002.xls
2002,112,Bhargav Nirmala Rameswarprasad,Hand,F,3328,L,0,data/maharashtra/mumbai/BMC 2002.xls
2002,112,Shirke Deepali Sitaram,Clock,F,1263,L,0,data/maharashtra/mumbai/BMC 2002.xls
2002,112,Sayyad Shabana Sayyad Raffiq,Bicycle,F,187,L,0,data/maharashtra/mumbai/BMC 2002.xls
2002,113,Ali Liyakaf Monasir,Hurrican Lamp,M,458,L,0,data/maharashtra/mumbai/BMC 2002.xls
2002,113,Konar Balaraj Hanumant,Ears of Corn and Sickle,M,431,L,0,data/maharashtra/mumbai/BMC 2002.xls
2002,113,Jani Ajit Yogendra,Bungalow,M,95,L,0,data/maharashtra/mumbai/BMC 2002.xls
2002,113,Tamboli Mohammed Yusuf Shaikh Lal,Clock,M,942,L,0,data/maharashtra/mumbai/BMC 2002.xls
2002,113,Devkule Parshuram Shivappa,Coconut,M,287,L,0,data/maharashtra/mumbai/BMC 2002.xls
2002,113,Makvana Ismail Mohammed,Car,M,2862,L,1,data/maharashtra/mumbai/BMC 2002.xls
2002,113,Makvana Suresh Manaji,Road Roller,M,98,L,0,data/maharashtra/mumbai/BMC 2002.xls
2002,113,Mohasin Haider Haji Haider,Bicycle,M,4505,W,0,data/maharashtra/mumbai/BMC 2002.xls
2002,113,Lamve Lata Gangadhar,Sewing Machine,F,42,L,0,data/maharashtra/mumbai/BMC 2002.xls
2002,113,Shukla Atul Harpdaray,Lotus,M,3321,L,0,data/maharashtra/mumbai/BMC 2002.xls
2002,113,Shaikh Isa Bismilla,Railway Engine,M,70,L,0,data/maharashtra/mumbai/BMC 2002.xls
2002,113,Shaikh Mohammed Javed Abdul Gaffar,Ladder,M,60,L,0,data/maharashtra/mumbai/BMC 2002.xls
2002,113,Shaikh Ruksana Banu,Cot,F,539,L,0,data/maharashtra/mumbai/BMC 2002.xls
2002,113,Shaikh Shakil Ahmed Momudin,Hand,M,2412,L,0,data/maharashtra/mumbai/BMC 2002.xls
2002,113,Sayyad Ismail Abdul Rehman,Bus,M,114,L,0,data/maharashtra/mumbai/BMC 2002.xls
2002,114,Ambre Pandurang Soma,Bow and Arrow,M,6940,W,1,data/maharashtra/mumbai/BMC 2002.xls
2002,114,Gupta Fulchand Tulshiram,Hand,M,3498,L,0,data/maharashtra/mumbai/BMC 2002.xls
2002,114,Negandhi Ketan Ranjeet,Bus,M,161,L,0,data/maharashtra/mumbai/BMC 2002.xls
2002,114,Makwana Haji Mahamad,Car,M,1119,L,0,data/maharashtra/mumbai/BMC 2002.xls
2002,114,Varma Virendrapal Amarsingh,Clock,M,745,L,0,data/maharashtra/mumbai/BMC 2002.xls
2002,114,Shaikh Mohammed Yusuf Mohammed Dastagir,Bicycle,M,1136,L,0,data/maharashtra/mumbai/BMC 2002.xls
2002,114,Shaikh Badshaha Abdul Rehman,Candles,M,1027,L,0,data/maharashtra/mumbai/BMC 2002.xls
2002,114,Shaikh Salim Abdul,Ladder,M,167,L,0,data/maharashtra/mumbai/BMC 2002.xls
2002,114,Solanki Chandrakant Motilal,Elephant,M,98,L,0,data/maharashtra/mumbai/BMC 2002.xls
2002,115,Kapoor Jagmoham Ramanarayan,Hand,M,3571,L,0,data/maharashtra/mumbai/BMC 2002.xls
2002,115,Korgavankar Vishnu Vasudev,Bow and Arrow,M,6934,W,0,data/maharashtra/mumbai/BMC 2002.xls
2002,115,Khadtare Narayan Bajirav,Car,M,158,L,0,data/maharashtra/mumbai/BMC 2002.xls
2002,115,Khan Lubna Yusuf,Road Roller,F,107,L,0,data/maharashtra/mumbai/BMC 2002.xls
2002,115,Gudekar Deepak Shantaram,Chair,M,45,L,0,data/maharashtra/mumbai/BMC 2002.xls
2002,115,D'Souza Zevier Richard,Coconut,M,1796,L,0,data/maharashtra/mumbai/BMC 2002.xls
2002,115,Dube Santosh Sudhakar,Hanger,M,82,L,0,data/maharashtra/mumbai/BMC 2002.xls
2002,115,Miranda Mayakal Luis,Bat,M,385,L,0,data/maharashtra/mumbai/BMC 2002.xls
2002,115,Mishra Omprakash Kanhaiyalal,Bus,M,315,L,0,data/maharashtra/mumbai/BMC 2002.xls
2002,115,Multani Changej Jamal,Bungalow,M,1711,L,0,data/maharashtra/mumbai/BMC 2002.xls
2002,115,Yadav Ramraj Raghunath,Elephant,M,32,L,0,data/maharashtra/mumbai/BMC 2002.xls
2002,115,Yadav Sitaram Ramurat,Hurricane Lamp,M,273,L,0,data/maharashtra/mumbai/BMC 2002.xls
2002,115,Lokare Chandrakant Pandurant,State,M,91,L,0,data/maharashtra/mumbai/BMC 2002.xls
2002,115,Sarang Saiprasad Pandharinath,Aeroplane,M,147,L,0,data/maharashtra/mumbai/BMC 2002.xls
2002,115,Singh Sabhajeet Bechu,Bicycle,M,776,L,0,data/maharashtra/mumbai/BMC 2002.xls
2002,115,Sing Rajesh Ranabahadur,Clock,M,1001,L,0,data/maharashtra/mumbai/BMC 2002.xls
2002,116,Darvesh Mansur Umar,Bungalow,M,153,L,0,data/maharashtra/mumbai/BMC 2002.xls
2002,116,Patel Abdul Rahuf Rajjak,Bicycle,M,2082,L,1,data/maharashtra/mumbai/BMC 2002.xls
2002,116,Pallur Sheshan Ramaswami,Lotus,M,1585,L,0,data/maharashtra/mumbai/BMC 2002.xls
2002,116,Farid Mohammed Asif Gulam Mohammed,Clock,M,476,L,0,data/maharashtra/mumbai/BMC 2002.xls
2002,116,Shah Mohammed Akbar Saddiq,Aeroplane,M,76,L,0,data/maharashtra/mumbai/BMC 2002.xls
2002,116,Hafiji Iqabal Vali,Hand,M,5335,W,0,data/maharashtra/mumbai/BMC 2002.xls
2002,117,Avachar Nirmala Dinkar,Ceilng Fan,F,115,L,0,data/maharashtra/mumbai/BMC 2002.xls
2002,117,Kataranavare Agnesh Ramnath,Aeroplane,F,128,L,0,data/maharashtra/mumbai/BMC 2002.xls
2002,117,Khan Shabana Afzhal,Ladder,F,72,L,0,data/maharashtra/mumbai/BMC 2002.xls
2002,117,Dhanani Nilopfar Habib,Bicycle,F,3515,L,0,data/maharashtra/mumbai/BMC 2002.xls
2002,117,Nerurkar Shubhangi Sanjay,Candles,F,106,L,0,data/maharashtra/mumbai/BMC 2002.xls
2002,117,Patel Indumati Tribhuvan,Clock,F,1016,L,0,data/maharashtra/mumbai/BMC 2002.xls
2002,117,Patel Rajul Suresh,Bow and Arrow,F,10458,W,1,data/maharashtra/mumbai/BMC 2002.xls
2002,117,Pawar Shantabai Ramlal,Bus,F,35,L,0,data/maharashtra/mumbai/BMC 2002.xls
2002,117,Pistawala Ajija Mo Husain,Bungalow,F,297,L,0,data/maharashtra/mumbai/BMC 2002.xls
2002,117,Yadav Nirmal Ramji,Hurricane Lamp,F,1983,L,0,data/maharashtra/mumbai/BMC 2002.xls
2002,117,Shah Divyabala Velji,Hand,F,4256,L,0,data/maharashtra/mumbai/BMC 2002.xls
2002,118,Gulhane Rajendra Balkrushna,Hand,M,5124,L,0,data/maharashtra/mumbai/BMC 2002.xls
2002,118,Shinde Deelip Yallappa,Bow and Arrow,M,5995,L,1,data/maharashtra/mumbai/BMC 2002.xls
2002,118,Pal Rambali Jagannath,Bicycle,M,452,L,0,data/maharashtra/mumbai/BMC 2002.xls
2002,118,Shivkalagar Naushad Yakub,Lock and Key,M,1930,L,0,data/maharashtra/mumbai/BMC 2002.xls
2002,118,Bhovad Harishchandra Dattaram,Kite,M,456,L,0,data/maharashtra/mumbai/BMC 2002.xls
2002,118,Vadekar Pradip Sakharam,Railway Engine,M,3282,L,0,data/maharashtra/mumbai/BMC 2002.xls
2002,119,Pillai Ramchandra Raghavan,Haned,M,8094,W,1,data/maharashtra/mumbai/BMC 2002.xls
2002,119,Pophale Shyam Murlidhar,Flamng Torch,M,1930,L,0,data/maharashtra/mumbai/BMC 2002.xls
2002,119,Sukhu Rajkumar Prajapati,Bicycle,M,304,L,0,data/maharashtra/mumbai/BMC 2002.xls
2002,119,Bhat Chetan Harishankar,Kisan Driving Tractor,M,1221,L,0,data/maharashtra/mumbai/BMC 2002.xls
2002,119,Malu Subhash Bansilal,Clock,M,662,L,0,data/maharashtra/mumbai/BMC 2002.xls
2002,119,Mhatre Makrand Khanderav,Bow and Arrow,M,4870,L,0,data/maharashtra/mumbai/BMC 2002.xls
2002,119,Singh Arunkumar Brahmdev,Hurricane Lamp,M,18,L,0,data/maharashtra/mumbai/BMC 2002.xls
2002,120,Udhate Sahebrav Tukaram,Bow and Arrow,M,7355,L,0,data/maharashtra/mumbai/BMC 2002.xls
2002,120,Angane Kashinath Datta,Pressure Cooker,M,35,L,0,data/maharashtra/mumbai/BMC 2002.xls
2002,120,Giri Subhash Shriram,Bus,M,1085,L,0,data/maharashtra/mumbai/BMC 2002.xls
2002,120,Chavan Sushil Anant,Lock and Key,M,696,L,0,data/maharashtra/mumbai/BMC 2002.xls
2002,120,Jaiswal Pachuram Bachulal,Car,M,127,L,0,data/maharashtra/mumbai/BMC 2002.xls
2002,120,Thombre Madhukar Namdev,Television,M,37,L,0,data/maharashtra/mumbai/BMC 2002.xls
2002,120,Desai Samir Kamlakar,Hand,M,7688,W,0,data/maharashtra/mumbai/BMC 2002.xls
2002,120,Naik Karunakar Krushna,Book,M,146,L,0,data/maharashtra/mumbai/BMC 2002.xls
2002,120,Farukhi Juned Mohammed Harun,Flaming Torch,M,72,L,0,data/maharashtra/mumbai/BMC 2002.xls
2002,120,Mitabavkar Sudhir Keshav,Sewing Machine,M,1426,L,0,data/maharashtra/mumbai/BMC 2002.xls
2002,120,Mishra Munna Hiranarayan,Clock,M,649,L,0,data/maharashtra/mumbai/BMC 2002.xls
2002,120,Mohite Ramchandra Gopal,Bungalow,M,181,L,0,data/maharashtra/mumbai/BMC 2002.xls
2002,120,Yadav Radheshyam Baliram,Bicycle,M,1454,L,0,data/maharashtra/mumbai/BMC 2002.xls
2002,120,Yadav Suresh Mahadev,Hurricane Lamp,M,13,L,0,data/maharashtra/mumbai/BMC 2002.xls
2002,120,Saroj Biharilal Bhagirathi,Galss Tumber,M,8,L,0,data/maharashtra/mumbai/BMC 2002.xls
2002,120,Lot Hariom Munshiram,Elephant,M,63,L,0,data/maharashtra/mumbai/BMC 2002.xls
2002,120,Varma Manish Jiyalal,Gas Cylinder,M,16,L,0,data/maharashtra/mumbai/BMC 2002.xls
2002,120,Shelar Sanjay Dattaram,Aeroplane,M,130,L,0,data/maharashtra/mumbai/BMC 2002.xls
2002,121,Agaskar Avinash Gajanan,Gas Cylinder,M,57,L,0,data/maharashtra/mumbai/BMC 2002.xls
2002,121,Patel Kamlesh Suryakant,Hand,M,3468,L,0,data/maharashtra/mumbai/BMC 2002.xls
2002,121,Patel Chirayu Devendrabhai,Clock,M,1542,L,0,data/maharashtra/mumbai/BMC 2002.xls
2002,121,Patel Deelip Ghanshyam,Lotus,M,6071,W,1,data/maharashtra/mumbai/BMC 2002.xls
2002,121,Yadav Virendrashinh,Bicycle,M,1178,L,0,data/maharashtra/mumbai/BMC 2002.xls
2002,121,Shete Naresh Vasudev,Sewing Machine,M,2784,L,0,data/maharashtra/mumbai/BMC 2002.xls
2002,122,Jadhav Bhimrav Pandurang,Hammer Sickle and Star,M,387,L,0,data/maharashtra/mumbai/BMC 2002.xls
2002,122,Tayade Bharat Rustamrav,Elephant,M,140,L,0,data/maharashtra/mumbai/BMC 2002.xls
2002,122,Tavde Vilas Vaman,Chair,M,970,L,0,data/maharashtra/mumbai/BMC 2002.xls
2002,122,Nambiyar Mohandas Shankaran,Clock,M,495,L,0,data/maharashtra/mumbai/BMC 2002.xls
2002,122,Prabhu Sunil Vaman,Bow and Arrow,M,9704,W,1,data/maharashtra/mumbai/BMC 2002.xls
2002,122,Mangutkar Shankar Ranba,Hand,M,1842,L,0,data/maharashtra/mumbai/BMC 2002.xls
2002,122,Mane Vijay Shankarrav,Forke,M,83,L,0,data/maharashtra/mumbai/BMC 2002.xls
2002,122,More Sunderrav Sakharam,Ink Pot & Pen,M,31,L,0,data/maharashtra/mumbai/BMC 2002.xls
2002,122,Yadav Vishvnath Mohan,Bus,M,102,L,0,data/maharashtra/mumbai/BMC 2002.xls
2002,122,Sargade Arun Baburav,Bicycle,M,1426,L,0,data/maharashtra/mumbai/BMC 2002.xls
2002,123,Avade Mangal Yuvraj,Kite,F,82,L,0,data/maharashtra/mumbai/BMC 2002.xls
2002,123,Ipte Ashvini Sitaram,Balloon,F,12,L,0,data/maharashtra/mumbai/BMC 2002.xls
2002,123,Uke Chandraprabha Sheshrav,Electric Poll,F,420,L,0,data/maharashtra/mumbai/BMC 2002.xls
2002,123,Khanvilkar Nandini Nandkishor,Ceiling Fan,F,634,L,0,data/maharashtra/mumbai/BMC 2002.xls
2002,123,Gandhi Pushpa Kadmanni,Railway Engine,F,640,L,0,data/maharashtra/mumbai/BMC 2002.xls
2002,123,Gupta Uma Ramesh,Women carrying pot on her head,F,44,L,0,data/maharashtra/mumbai/BMC 2002.xls
2002,123,Gupta Shardadevi Gorakhnath,Bicycle,F,949,L,0,data/maharashtra/mumbai/BMC 2002.xls
2002,123,Pawar Ranjana Sakharam,Bus,F,85,L,0,data/maharashtra/mumbai/BMC 2002.xls
2002,123,Pande Alka Devendra,Hand,F,1979,L,0,data/maharashtra/mumbai/BMC 2002.xls
2002,123,Prabhu Uma Shrikant,Cup and Saucer,F,2305,L,0,data/maharashtra/mumbai/BMC 2002.xls
2002,123,Belchand Hemlata Krushna,Elephant,F,31,L,0,data/maharashtra/mumbai/BMC 2002.xls
2002,123,Magar Ramkala Giridhari,Bungalow,F,911,L,0,data/maharashtra/mumbai/BMC 2002.xls
2002,123,Mahalkari Shalini Ganpat,Chair,F,6,L,0,data/maharashtra/mumbai/BMC 2002.xls
2002,123,Maskarnes Sunita Vinci,Aeroplane,F,1384,L,0,data/maharashtra/mumbai/BMC 2002.xls
2002,123,Mishra Bachi Govind,Clock,F,355,L,0,data/maharashtra/mumbai/BMC 2002.xls
2002,123,Mishra Shivraji Vishvnath,Sewing Machine,F,44,L,0,data/maharashtra/mumbai/BMC 2002.xls
2002,123,Rasal Shital Deelip,Car,F,19,L,0,data/maharashtra/mumbai/BMC 2002.xls
2002,123,Pillai Dhanlakshmi Rajan,Coconut,F,20,L,0,data/maharashtra/mumbai/BMC 2002.xls
2002,123,Shaha Nirmala Ketan,Lock and Key,F,259,L,0,data/maharashtra/mumbai/BMC 2002.xls
2002,123,Shetye Sugandha Madhukar,Bow and Arrow,F,4440,L,0,data/maharashtra/mumbai/BMC 2002.xls
2002,123,Singh Reena Sumata,Road Roller,F,56,L,0,data/maharashtra/mumbai/BMC 2002.xls
2002,124,Ansari Usman Ansari Aklu Bachu,Gas Cylinder,M,93,L,0,data/maharashtra/mumbai/BMC 2002.xls
2002,124,Khan Nazrul Islam Dawood Khan Sulema,Railway Engine,M,17,L,0,data/maharashtra/mumbai/BMC 2002.xls
2002,124,Tembavalkar Sudha Mohan,Bow and Arrow,F,4227,W,1,data/maharashtra/mumbai/BMC 2002.xls
2002,124,Deshpande Suhas Madhukar,Bat,M,224,L,0,data/maharashtra/mumbai/BMC 2002.xls
2002,124,Bari Ravi Hiralal,Bungalow,M,863,L,0,data/maharashtra/mumbai/BMC 2002.xls
2002,124,More Shantaram Arjun,Car,M,20,L,0,data/maharashtra/mumbai/BMC 2002.xls
2002,124,Lilani Deelip Ramdas,Clock,M,1425,L,0,data/maharashtra/mumbai/BMC 2002.xls
2002,124,Vaze Sharadchandra Nagesh,Book,M,1136,L,0,data/maharashtra/mumbai/BMC 2002.xls
2002,124,Vyas Sushil Ravatmal,Hand,M,2837,L,0,data/maharashtra/mumbai/BMC 2002.xls
2002,124,Shinde Shalan Anil,Elephant,F,20,L,0,data/maharashtra/mumbai/BMC 2002.xls
2002,124,Singh Deelip Lalataprasad,Bicycle,M,839,L,0,data/maharashtra/mumbai/BMC 2002.xls
2002,125,Ansari Noorjahan Mohammed Yunus,Bicycle,F,55,L,0,data/maharashtra/mumbai/BMC 2002.xls
2002,125,Thakur Vidya Jauprakash,Lotus,F,7563,W,1,data/maharashtra/mumbai/BMC 2002.xls
2002,125,Bhardwaj Sulbha Durgaprasad,Clock,F,347,L,0,data/maharashtra/mumbai/BMC 2002.xls
2002,125,Rathod Manjula Ramesh,Hurricane Lamp,F,25,L,0,data/maharashtra/mumbai/BMC 2002.xls
2002,125,Saluji Masuma Mohammed,Hand,F,3726,L,0,data/maharashtra/mumbai/BMC 2002.xls
2002,126,Ansari Abdul Rashid Mahammed,Bicycle,M,1677,L,,data/maharashtra/mumbai/BMC 2002.xls
2002,126,Ansari Nasir Ahmed Nurhasan,Hand,M,5586,L,,data/maharashtra/mumbai/BMC 2002.xls
2002,126,Kale Rajendra Nandkumar,Bow and Arrow,M,7256,L,,data/maharashtra/mumbai/BMC 2002.xls
2002,126,Kambli Jagdish Dattatray,Television,M,80,L,,data/maharashtra/mumbai/BMC 2002.xls
2002,126,Gurav Sanjay Atmaram,Gas Cylnder,M,1765,L,,data/maharashtra/mumbai/BMC 2002.xls
2002,126,Mhatre Pradeep Baliram,Aeroplane,M,70,L,,data/maharashtra/mumbai/BMC 2002.xls
2002,126,Yadav Arvind Badriprasad,Clock,M,1493,L,,data/maharashtra/mumbai/BMC 2002.xls
2002,127,Jadhav Ashok Krushna,Flaming Torch,M,32,L,0,data/maharashtra/mumbai/BMC 2002.xls
2002,127,Tiwari Gopinath Ramnarayan,Railway Engine,M,244,L,0,data/maharashtra/mumbai/BMC 2002.xls
2002,127,Nedariya Mohammed Hanif Ibrahim,Batsman,M,6,L,0,data/maharashtra/mumbai/BMC 2002.xls
2002,127,Bhati Vali Mahamed Abdul Gani,Bus,M,501,L,0,data/maharashtra/mumbai/BMC 2002.xls
2002,127,Marediya Usmanbhai Gulam Rasul,Batsman,M,4,L,0,data/maharashtra/mumbai/BMC 2002.xls
2002,127,Mansuri Imran Azim,Ladder,M,110,L,0,data/maharashtra/mumbai/BMC 2002.xls
2002,127,Lodha Mohammed Shafi Usman,Hand,M,1762,L,0,data/maharashtra/mumbai/BMC 2002.xls
2002,127,Varise Ganpat Balkrushna,Bow and Arrow,M,3752,L,0,data/maharashtra/mumbai/BMC 2002.xls
2002,127,Shaikh Mohammed Umar Mohammed Mastan,Hurricane Lamp,M,175,L,0,data/maharashtra/mumbai/BMC 2002.xls
2002,127,Shaik Ziyauddin Shamshuddin,Clock,M,301,L,0,data/maharashtra/mumbai/BMC 2002.xls
2002,127,Sayyad Insaf Ali,Saw,M,24,L,0,data/maharashtra/mumbai/BMC 2002.xls
2002,127,Soni Inderlal Chegalalji,Bead Necklace,M,5,L,0,data/maharashtra/mumbai/BMC 2002.xls
2002,127,Saudagar Ahmed Jamal,Bicyclce,M,3807,L,1,data/maharashtra/mumbai/BMC 2002.xls
2002,128,Ansari Munni Mustakim,Chair,F,87,L,0,data/maharashtra/mumbai/BMC 2002.xls
2002,128,Kamble Sunil Anand,Hand Pump,M,21,L,0,data/maharashtra/mumbai/BMC 2002.xls
2002,128,Khan Rahat Liyakat,Hurricane Lamp,M,196,L,0,data/maharashtra/mumbai/BMC 2002.xls
2002,128,Tiwari Vijaya Rajkishor,Balloon,F,64,L,0,data/maharashtra/mumbai/BMC 2002.xls
2002,128,Patel Julie Raman,Bicycle,F,2866,L,1,data/maharashtra/mumbai/BMC 2002.xls
2002,128,Pawar Prakash Ganpat,Ceiling Fan,M,569,L,0,data/maharashtra/mumbai/BMC 2002.xls
2002,128,Patil Sadashiv Dadu,Bow and Arrow,M,4594,W,0,data/maharashtra/mumbai/BMC 2002.xls
2002,128,Pasi Balkrushna Mevalal,Elephant,M,49,L,0,data/maharashtra/mumbai/BMC 2002.xls
2002,128,Mishra Dr. Surendrakumar Rambali,Car,M,202,L,0,data/maharashtra/mumbai/BMC 2002.xls
2002,128,Yadav Rambhujarat Sarjuprasad,Hand,M,2209,L,0,data/maharashtra/mumbai/BMC 2002.xls
2002,128,Reddy Prakash Gangaram,Ears of Corn and Sickle,M,833,L,0,data/maharashtra/mumbai/BMC 2002.xls
2002,128,Varma Ramtirth Rambharose,Flaming Torch,M,73,L,0,data/maharashtra/mumbai/BMC 2002.xls
2002,128,Vare Sunita Tulshiram,Lock and Key,F,215,L,0,data/maharashtra/mumbai/BMC 2002.xls
2002,128,Shirke Ramdas Dharma,Bus,M,17,L,0,data/maharashtra/mumbai/BMC 2002.xls
2002,128,Shaikh Umarali Yakub,Whistle,M,84,L,0,data/maharashtra/mumbai/BMC 2002.xls
2002,128,Harmalkar Ramesh Vasudev,Bungalow,M,673,L,0,data/maharashtra/mumbai/BMC 2002.xls
2002,129,Kadam Harish Shivram,Bungalow,M,129,L,0,data/maharashtra/mumbai/BMC 2002.xls
2002,129,Ghag Vilas Tatoba,Lock and Key,M,1829,L,0,data/maharashtra/mumbai/BMC 2002.xls
2002,129,Chavan Vidya Ajit,Kisan Drving Tractor,M,3241,L,0,data/maharashtra/mumbai/BMC 2002.xls
2002,129,Mahalkari Shalini Ganpati,Chair,F,39,L,0,data/maharashtra/mumbai/BMC 2002.xls
2002,129,Yadav Satiram Rambali,Bicycle,M,1241,L,0,data/maharashtra/mumbai/BMC 2002.xls
2002,129,Rathod Bhomsingh Hirasingh,Hand,M,6137,W,0,data/maharashtra/mumbai/BMC 2002.xls
2002,129,Vadkar Chandrakant Govind,Bow and Arrow,M,6079,L,1,data/maharashtra/mumbai/BMC 2002.xls
2002,130,Ahire Subhash Chagan,Scissors,M,162,L,,data/maharashtra/mumbai/BMC 2002.xls
2002,130,Upadhya Madhvi Rasiklal,Carrom Board,F,96,L,,data/maharashtra/mumbai/BMC 2002.xls
2002,130,Kadam Prashant Dashrath,Whistle,M,1547,L,,data/maharashtra/mumbai/BMC 2002.xls
2002,130,Karekar Sanjay Baburav,Cup and Saucer,M,104,L,,data/maharashtra/mumbai/BMC 2002.xls
2002,130,Khan Yunus Mehabob,Hurricane Lamp,M,22,L,,data/maharashtra/mumbai/BMC 2002.xls
2002,130,Gayakawad Ashok Durgaji,Bus,M,159,L,,data/maharashtra/mumbai/BMC 2002.xls
2002,130,Gala Premjibhai Gelabhai,Bat,M,19,L,,data/maharashtra/mumbai/BMC 2002.xls
2002,130,Ghotalkar Ramesh Balkrushna,Kisan Driving Tractor,M,188,L,,data/maharashtra/mumbai/BMC 2002.xls
2002,130,Chotliya Balvant Dhanjibhai,Kite,M,651,L,,data/maharashtra/mumbai/BMC 2002.xls
2002,130,Chauhan Shantilal Motilal,Bungalow,M,449,L,,data/maharashtra/mumbai/BMC 2002.xls
2002,130,Naik Suchitra Suresh,Lotus,F,2063,W,,data/maharashtra/mumbai/BMC 2002.xls
2002,130,Padiya Sunita Vinod,Sewing Machine,F,47,L,,data/maharashtra/mumbai/BMC 2002.xls
2002,130,Prajapti Kokilaben Rameshbhai,Jug,F,133,L,,data/maharashtra/mumbai/BMC 2002.xls
2002,130,Badekar Deelip Keshav,Ring,M,386,L,,data/maharashtra/mumbai/BMC 2002.xls
2002,130,Bhoye Ramchandra Janu,Gas Cylinder,M,1912,L,,data/maharashtra/mumbai/BMC 2002.xls
2002,130,Mohite Rakesh Vasant,Chair,M,81,L,,data/maharashtra/mumbai/BMC 2002.xls
2002,130,Yadav Rajkumar Jiyaram,rising Sun,M,765,L,,data/maharashtra/mumbai/BMC 2002.xls
2002,130,Ravarane Ajit Balkrushna,Clock,M,1536,L,,data/maharashtra/mumbai/BMC 2002.xls
2002,130,Late Dharmendra Mahadev,Aeroplane,M,104,L,,data/maharashtra/mumbai/BMC 2002.xls
2002,130,Vaidya Pradip Ramakant,Camera,M,70,L,,data/maharashtra/mumbai/BMC 2002.xls
2002,130,Shetty Padmnabh Timayya,Road Roller,M,533,L,,data/maharashtra/mumbai/BMC 2002.xls
2002,130,Shelar Nagesh Mahipatrav,Battery Torch,M,499,L,,data/maharashtra/mumbai/BMC 2002.xls
2002,130,Singh Anand Badur Shambunath,Flaming Torch,M,193,L,,data/maharashtra/mumbai/BMC 2002.xls
2002,130,Singh Lalchand Raghunath,Car,M,620,L,,data/maharashtra/mumbai/BMC 2002.xls
2002,130,Shristav Satyiendra,Bicycle,M,837,L,,data/maharashtra/mumbai/BMC 2002.xls
2002,130,Hingu Mahendra Babubhai,Railway Engne,M,844,L,,data/maharashtra/mumbai/BMC 2002.xls
2002,130,Kshirsagar Sanjay Namdev,Coconut,M,270,L,,data/maharashtra/mumbai/BMC 2002.xls
2002,131,Pawar Anusaya Anant,Han,F,8703,L,0,data/maharashtra/mumbai/BMC 2002.xls
2002,131,Badagale Rajashree Shivram,Coconut,F,2433,L,0,data/maharashtra/mumbai/BMC 2002.xls
2002,131,Mahadeshwar Anita Atmaram,Clock,F,859,L,0,data/maharashtra/mumbai/BMC 2002.xls
2002,131,Surve Reena Rajendra,Bow and Arrow,F,10373,W,0,data/maharashtra/mumbai/BMC 2002.xls
2002,132,Gupta Ajitkumar Ramdhani,Bicycle,M,300,L,0,data/maharashtra/mumbai/BMC 2002.xls
2002,132,Chanda Narendra Harivansh,Railway Engne,M,450,L,0,data/maharashtra/mumbai/BMC 2002.xls
2002,132,Doshi Girish Manilal,Flaming Torch,M,856,L,0,data/maharashtra/mumbai/BMC 2002.xls
2002,132,Patel Ramesh Ravajibhai,Clock,M,886,L,0,data/maharashtra/mumbai/BMC 2002.xls
2002,132,Barot Rajendra Udasinh,Aeroplane,M,460,L,0,data/maharashtra/mumbai/BMC 2002.xls
2002,132,Barot Dr. Ramanarayan Atmaram,Lotus,M,4465,L,1,data/maharashtra/mumbai/BMC 2002.xls
2002,132,Bhosale Sunil Gajanath,Lock and Key,M,932,L,0,data/maharashtra/mumbai/BMC 2002.xls
2002,132,Sharma Kailash Chiranjilal,Hand,M,2346,L,0,data/maharashtra/mumbai/BMC 2002.xls
2002,133,Jadhav Sunil Mukariya,Kit,M,89,L,,data/maharashtra/mumbai/BMC 2002.xls
2002,133,Patel Diksha Jagdish,Lotus,F,4442,W,,data/maharashtra/mumbai/BMC 2002.xls
2002,133,Baloch Salim Usman,Bicycle,M,1493,L,,data/maharashtra/mumbai/BMC 2002.xls
2002,133,Yadav Kamlaprasad Dhaniram,Hand,M,4145,L,,data/maharashtra/mumbai/BMC 2002.xls
2002,133,Shirke Meena Ram,Bungalow,F,447,L,,data/maharashtra/mumbai/BMC 2002.xls
2002,133,Shendge Adnyan Bandu,Clock,M,1194,L,,data/maharashtra/mumbai/BMC 2002.xls
2002,134,Ingole Ajay Kisan,Clock,M,2238,L,0,data/maharashtra/mumbai/BMC 2002.xls
2002,134,Dhiya Jayashri Tarun,Hand,F,3466,L,0,data/maharashtra/mumbai/BMC 2002.xls
2002,134,Mhatre Angha Prakash,Bow and Arro,F,5563,W,1,data/maharashtra/mumbai/BMC 2002.xls
2002,134,Yadav Umashankar Mukhi,Bicycle,M,980,L,0,data/maharashtra/mumbai/BMC 2002.xls
2002,135,Keni Chandrakant Jayaram,Clock,M,1127,L,0,data/maharashtra/mumbai/BMC 2002.xls
2002,135,Koli Sunil Narayan,Hand,M,5581,L,0,data/maharashtra/mumbai/BMC 2002.xls
2002,135,Patil Parshuram Khanderav,Bow and Arrow,M,6275,W,0,data/maharashtra/mumbai/BMC 2002.xls
2002,136,Arora Ramsaran Lokuram,Shuttle,M,10,L,,data/maharashtra/mumbai/BMC 2002.xls
2002,136,Almelkar Salma Salim,Chair,F,1663,L,,data/maharashtra/mumbai/BMC 2002.xls
2002,136,Istichar Nura Mohammed,Car,M,27,L,,data/maharashtra/mumbai/BMC 2002.xls
2002,136,Upade Vindo Vasant,Elephant,M,90,L,,data/maharashtra/mumbai/BMC 2002.xls
2002,136,Kureshi Jamila Khatun,Bus,F,95,L,,data/maharashtra/mumbai/BMC 2002.xls
2002,136,Khan Firoz Khalid,Bungalow,M,36,L,,data/maharashtra/mumbai/BMC 2002.xls
2002,136,Khan Rashida Abdul Razaq,Flaming Torch,F,41,L,,data/maharashtra/mumbai/BMC 2002.xls
2002,136,Khan Rasul Gulam,Ladder,M,147,L,,data/maharashtra/mumbai/BMC 2002.xls
2002,136,Garud Santosh Gopal,Aeroplane,M,195,L,,data/maharashtra/mumbai/BMC 2002.xls
2002,136,Gresheas Astin Markus,Kite,M,1187,L,,data/maharashtra/mumbai/BMC 2002.xls
2002,136,Nakvi Kanu Miran,Television,F,68,L,,data/maharashtra/mumbai/BMC 2002.xls
2002,136,Pathan Iqbal Thomas,Table Lamp,M,1140,L,,data/maharashtra/mumbai/BMC 2002.xls
2002,136,M. Ibrahim Thomas,Hand Pump,M,470,L,,data/maharashtra/mumbai/BMC 2002.xls
2002,136,Marchant Ali Mahammed,Clock,M,1477,L,,data/maharashtra/mumbai/BMC 2002.xls
2002,136,Malik Aliaudhin Hafijaudhin,Hand,M,2268,L,,data/maharashtra/mumbai/BMC 2002.xls
2002,136,Mentis Avin Ansil,Lotus,M,1644,L,,data/maharashtra/mumbai/BMC 2002.xls
2002,136,Siddique Vasim Ahmed,Railwlay Engine,M,284,L,,data/maharashtra/mumbai/BMC 2002.xls
2002,136,Shinde Sunil Hiraman,Axe,M,544,L,,data/maharashtra/mumbai/BMC 2002.xls
2002,136,Shaikh Mohamad Yasim Salim,Electric Poll,M,481,L,,data/maharashtra/mumbai/BMC 2002.xls
2002,136,Shaikh Aslam Ramazanali,Bicycle,M,4345,W,,data/maharashtra/mumbai/BMC 2002.xls
2002,136,Shaikh Sabera Akbar,Coat,F,36,L,,data/maharashtra/mumbai/BMC 2002.xls
2002,136,Sindhi Kiran Hari,Bat,M,68,L,,data/maharashtra/mumbai/BMC 2002.xls
2002,137,Almelkar Salma Salim,Bungalow,F,53,L,,data/maharashtra/mumbai/BMC 2002.xls
2002,137,Kishe Vikas Pandurang,Whistle,M,1001,L,,data/maharashtra/mumbai/BMC 2002.xls
2002,137,Keni Deelip Raghunath,Kite,M,3540,L,,data/maharashtra/mumbai/BMC 2002.xls
2002,137,Koli Kiram Mahadev,Basket,M,989,L,,data/maharashtra/mumbai/BMC 2002.xls
2002,137,Gupta Dinesh Harishchandra,Batsman,M,412,L,,data/maharashtra/mumbai/BMC 2002.xls
2002,137,Patil Ashish Vamanrav,Hand,M,3983,L,,data/maharashtra/mumbai/BMC 2002.xls
2002,137,Pedade Jorem Paskel,Candles,M,1121,L,,data/maharashtra/mumbai/BMC 2002.xls
2002,137,Bhave Motiram Govind,Kisan Drivng Tractor,M,797,L,,data/maharashtra/mumbai/BMC 2002.xls
2002,137,Bhandri Ganesh Lalku,Bow and Arrow,M,4287,W,,data/maharashtra/mumbai/BMC 2002.xls
2002,137,Masurkar Parshuram Datta,Aeroplane,M,149,L,,data/maharashtra/mumbai/BMC 2002.xls
2002,137,Vade Harishchandra Ravji,Cot,M,20,L,,data/maharashtra/mumbai/BMC 2002.xls
2002,137,Shaikh Alimuddin Fakaroddin,Table Lamp,M,141,L,,data/maharashtra/mumbai/BMC 2002.xls
2002,137,Shaikh Gausiya Begum Allahbux,Sewng Machine,F,77,L,,data/maharashtra/mumbai/BMC 2002.xls
2002,137,Shaikh Tabssum Faruq Aazam,Ladder,F,1012,L,,data/maharashtra/mumbai/BMC 2002.xls
2002,137,Sayyad Ruksana Ahmed,Bicycle,F,2509,L,,data/maharashtra/mumbai/BMC 2002.xls
2002,137,Saklhat Vinod Bijal,Electric Poll,M,51,L,,data/maharashtra/mumbai/BMC 2002.xls
2002,138,Indulkar Rajeshwar Dattaram,Lock and Key,M,703,L,0,data/maharashtra/mumbai/BMC 2002.xls
2002,138,Kaslak Sitaram Keshav,Whistle,M,58,L,0,data/maharashtra/mumbai/BMC 2002.xls
2002,138,Gupta Ashok Kuunjlal,Celing Fan,M,82,L,0,data/maharashtra/mumbai/BMC 2002.xls
2002,138,D'Souza Terence,Book,M,553,L,0,data/maharashtra/mumbai/BMC 2002.xls
2002,138,Nadar Rajamani Adonosorimutu,Clock,M,12,L,0,data/maharashtra/mumbai/BMC 2002.xls
2002,138,Nadar Mujgesh Narayan,Kisan Driving Tractor,M,1853,L,0,data/maharashtra/mumbai/BMC 2002.xls
2002,138,Brito Anthoni Rozhario,Bow and Arrow,M,3585,L,1,data/maharashtra/mumbai/BMC 2002.xls
2002,138,Mendes Anthoni John,Candles,M,119,L,0,data/maharashtra/mumbai/BMC 2002.xls
2002,138,Shabanakar Satish Tipanna,Bicycle,M,686,L,0,data/maharashtra/mumbai/BMC 2002.xls
2002,138,Shaikh Banu Raffiq,Table Lamp,F,19,L,0,data/maharashtra/mumbai/BMC 2002.xls
2002,138,Saraf Shivkumar Shyamsundar,Ladder,M,81,L,0,data/maharashtra/mumbai/BMC 2002.xls
2002,138,Singh Satnam,Hand,M,7029,W,0,data/maharashtra/mumbai/BMC 2002.xls
2002,139,Gamre Sunil Tukaram,Lock and Key,M,784,L,0,data/maharashtra/mumbai/BMC 2002.xls
2002,139,Joshi Chandrakant Ramchandra,Candles,M,185,L,0,data/maharashtra/mumbai/BMC 2002.xls
2002,139,Thakkar Ashok Ishwar,Bicycle,M,224,L,0,data/maharashtra/mumbai/BMC 2002.xls
2002,139,Desai Yashvantrav Shankarav,Flaming Torch,M,204,L,0,data/maharashtra/mumbai/BMC 2002.xls
2002,139,Bareto Barthol Anthoni,Hat,M,921,L,0,data/maharashtra/mumbai/BMC 2002.xls
2002,139,Mataliya Deepak Suraykant,Bat,M,594,L,0,data/maharashtra/mumbai/BMC 2002.xls
2002,139,Mudliyar Chinnaswami Rajendra,Kite,M,6,L,0,data/maharashtra/mumbai/BMC 2002.xls
2002,139,Mehta Parul Pinkin,Lotus,F,5649,W,1,data/maharashtra/mumbai/BMC 2002.xls
2002,139,Mehavani Sunil Kishanchand,Toffee,M,4,L,0,data/maharashtra/mumbai/BMC 2002.xls
2002,139,Ridalan Suresh Ramkumar,Elephant,M,25,L,0,data/maharashtra/mumbai/BMC 2002.xls
2002,139,Lobo Rozi Luis,Book,F,564,L,0,data/maharashtra/mumbai/BMC 2002.xls
2002,139,Sodha Nanubhai Nagindas,Hand,M,4314,L,0,data/maharashtra/mumbai/BMC 2002.xls
2002,139,Handriks Ralfa John,Aeroplane,M,39,L,0,data/maharashtra/mumbai/BMC 2002.xls
2002,140,Kotecha Pankaj Babubhai,Clock,M,1756,L,0,data/maharashtra/mumbai/BMC 2002.xls
2002,140,Gupta Vijerav Ramraj,Bicycle,M,272,L,0,data/maharashtra/mumbai/BMC 2002.xls
2002,140,Zalte Jagdish Vamanrav,Kite,M,233,L,0,data/maharashtra/mumbai/BMC 2002.xls
2002,140,Tambitkar Anant Ganpat,Bungalow,M,164,L,0,data/maharashtra/mumbai/BMC 2002.xls
2002,140,Parekh Trambaklal Nanalal,Hand,M,4041,L,0,data/maharashtra/mumbai/BMC 2002.xls
2002,140,Sagar Yogesh Amrutlal,Lotus,M,7547,W,0,data/maharashtra/mumbai/BMC 2002.xls
2002,141,Gupta Premlata Jagdishchandra,Book,F,2213,L,0,data/maharashtra/mumbai/BMC 2002.xls
2002,141,Panchal Mandakini Nathuram,Chair,F,62,L,0,data/maharashtra/mumbai/BMC 2002.xls
2002,141,Bhatkar Babita Devidas,Aeroplane,F,488,L,0,data/maharashtra/mumbai/BMC 2002.xls
2002,141,Makadiya Anita Haresh,Coconut,F,1835,L,0,data/maharashtra/mumbai/BMC 2002.xls
2002,141,Yadav Indravati Raghunath,Lotus,F,2234,L,0,data/maharashtra/mumbai/BMC 2002.xls
2002,141,Yadav Bimla Achhelal,Bicycle,F,3579,L,0,data/maharashtra/mumbai/BMC 2002.xls
2002,141,Yadav Shantidevi Kamaleshkumr,Hand,F,8390,W,0,data/maharashtra/mumbai/BMC 2002.xls
2002,141,Vairagade Kalpana Banduji,Kite,F,223,L,0,data/maharashtra/mumbai/BMC 2002.xls
2002,142,Kavandar Kunni Kristo,Hand Pump,F,581,L,0,data/maharashtra/mumbai/BMC 2002.xls
2002,142,Gavandi Nandini Namdev,Letter Box,F,437,L,0,data/maharashtra/mumbai/BMC 2002.xls
2002,142,Gudekar Shubhada Subhash,Bow and Arrow,F,5436,W,0,data/maharashtra/mumbai/BMC 2002.xls
2002,142,Chatrivala Sakiyabi Abdul Razaq,Chair,F,37,L,0,data/maharashtra/mumbai/BMC 2002.xls
2002,142,Dungarni Punam Mukesh,Railway Engine,F,34,L,0,data/maharashtra/mumbai/BMC 2002.xls
2002,142,Tiwari Kala Ramnihor,Hand Pump,F,3138,,0,data/maharashtra/mumbai/BMC 2002.xls
2002,142,Tiwari Punam Krupashankar,Kite,F,177,L,0,data/maharashtra/mumbai/BMC 2002.xls
2002,142,Patil Vidya Vinayak,Clock,F,5390,L,0,data/maharashtra/mumbai/BMC 2002.xls
2002,142,Yadav Pramila Kailash,Lock and Key,F,459,L,0,data/maharashtra/mumbai/BMC 2002.xls
2002,142,Vaje Lata Vijay,Aeroplane,F,25,L,0,data/maharashtra/mumbai/BMC 2002.xls
2002,142,Shaikh Shakira Khatun Takiyuddin,Bungalow,F,195,L,0,data/maharashtra/mumbai/BMC 2002.xls
2002,142,Shrivastav Madhu Radheshyam,Bicycle,F,1168,L,0,data/maharashtra/mumbai/BMC 2002.xls
2002,142,Shrivastav Hira Kedarnath,Hurricane Lamp,F,47,L,0,data/maharashtra/mumbai/BMC 2002.xls
2002,142,Sayyad Rashida Vajhir,Sewing Machine,F,620,L,0,data/maharashtra/mumbai/BMC 2002.xls
2002,143,Kasavakar Ashok Sambaji,Clock,M,1556,L,0,data/maharashtra/mumbai/BMC 2002.xls
2002,143,Khavle Bajirav Abaji,Railway Engine,M,226,L,0,data/maharashtra/mumbai/BMC 2002.xls
2002,143,Girkar Shailaja Vijay,Lotus,F,6573,W,1,data/maharashtra/mumbai/BMC 2002.xls
2002,143,Gupta Kapurchand Durga,Ears of Corn and Sickle,M,185,L,0,data/maharashtra/mumbai/BMC 2002.xls
2002,143,Gupta Rakesh Ramanarayan,Sewing Machine,M,289,L,0,data/maharashtra/mumbai/BMC 2002.xls
2002,143,Ghadshi Suryakant Anant,Bungalow,M,596,L,0,data/maharashtra/mumbai/BMC 2002.xls
2002,143,Bhat Mahesh Bhavanishankar,Hand,M,4785,L,0,data/maharashtra/mumbai/BMC 2002.xls
2002,143,Modkar Prabhanand Ramchandra,Bus,M,1646,L,0,data/maharashtra/mumbai/BMC 2002.xls
2002,143,Yadav Baldev Banvari,Bicycle,M,101,L,0,data/maharashtra/mumbai/BMC 2002.xls
2002,143,Rajput Suresh Amrulal,Walking Stick,M,109,L,0,data/maharashtra/mumbai/BMC 2002.xls
2002,143,Vairagade Bandu Vithobaji,Kite,M,20,L,0,data/maharashtra/mumbai/BMC 2002.xls
2002,143,Sarkar Sidharth Ashok,Battery Torch,M,277,L,0,data/maharashtra/mumbai/BMC 2002.xls
2002,143,Singh Ajay Pratap Balaram,Aeroplane,M,229,L,0,data/maharashtra/mumbai/BMC 2002.xls
2002,144,Talreja Jyoti Prakash,Hand,F,1802,L,0,data/maharashtra/mumbai/BMC 2002.xls
2002,144,Bhosle Uma Prakash,Sewing Machine,F,414,L,0,data/maharashtra/mumbai/BMC 2002.xls
2002,144,Malkan Darshana Yogesh,Bungalow,F,343,L,0,data/maharashtra/mumbai/BMC 2002.xls
2002,144,More Singhu Purushottam,Clock,F,3861,L,0,data/maharashtra/mumbai/BMC 2002.xls
2002,144,Shelar Sujata Shridhar,Bow and Arrow,F,6546,W,0,data/maharashtra/mumbai/BMC 2002.xls
2002,145,Chaudhary Tripurari Parshuram,Bungalow,M,69,L,0,data/maharashtra/mumbai/BMC 2002.xls
2002,145,Jangam Bhaskar Vithoba,Kite,M,1029,L,0,data/maharashtra/mumbai/BMC 2002.xls
2002,145,Jangam Sanjay Narayan,Cup and Saucer,M,8,L,0,data/maharashtra/mumbai/BMC 2002.xls
2002,145,Zha Bhogendra Krushakant,Bus,M,111,L,0,data/maharashtra/mumbai/BMC 2002.xls
2002,145,Zha Shivkumar Basukinath,Lotus,M,4346,L,0,data/maharashtra/mumbai/BMC 2002.xls
2002,145,Zha Sushil Bhukhan,Ring,M,312,L,0,data/maharashtra/mumbai/BMC 2002.xls
2002,145,Desai Smita Ravindra,Ceiling Fan,F,459,L,0,data/maharashtra/mumbai/BMC 2002.xls
2002,145,Dodiya Barkal Babubhai,Batsman,M,462,L,0,data/maharashtra/mumbai/BMC 2002.xls
2002,145,Pande Rajendra Pratap,Bicycle,M,262,L,0,data/maharashtra/mumbai/BMC 2002.xls
2002,145,Bobade Prabhakar Shripat,Sewng Machine,M,497,L,0,data/maharashtra/mumbai/BMC 2002.xls
2002,145,Madaswami Saloraj,Car,M,23,L,0,data/maharashtra/mumbai/BMC 2002.xls
2002,145,More Manohar Lakshman,gas Cylnder,M,173,L,0,data/maharashtra/mumbai/BMC 2002.xls
2002,145,Yadav Shivprasad Upendra,Hurricane Lamp,M,72,L,0,data/maharashtra/mumbai/BMC 2002.xls
2002,145,Lanke Rajkumar Maruti,Road Roller,M,89,L,0,data/maharashtra/mumbai/BMC 2002.xls
2002,145,Sawant Ashok Vasudev,Ralway Engine,M,5898,W,0,data/maharashtra/mumbai/BMC 2002.xls
2002,145,Surve Shankar Tanaji,Aeroplane,M,171,L,0,data/maharashtra/mumbai/BMC 2002.xls
2002,145,Singh Mahendra Satyanarayan,Clock,M,2693,L,0,data/maharashtra/mumbai/BMC 2002.xls
2002,145,Singh Vinodkumar Rajeshwar,Axe,M,4,L,0,data/maharashtra/mumbai/BMC 2002.xls
2002,145,Singh Shivsahay Hanumanprasad,Hand,M,4910,L,1,data/maharashtra/mumbai/BMC 2002.xls
2002,146,Adavale Ramchandra Madhavrav,Kite,M,2443,L,,data/maharashtra/mumbai/BMC 2002.xls
2002,146,Aditdravid Anthoni Luis,Candles,M,1097,L,,data/maharashtra/mumbai/BMC 2002.xls
2002,146,Karale Dattatray Vamanrav,Aeroplane,M,110,L,,data/maharashtra/mumbai/BMC 2002.xls
2002,146,Kokane Jaysingh Tukaram,Coconut,M,1837,L,,data/maharashtra/mumbai/BMC 2002.xls
2002,146,Gadge Bharti Vinayak,Elephant,F,98,L,,data/maharashtra/mumbai/BMC 2002.xls
2002,146,Choube Tarashankar Baijanth,Hand,M,4014,W,,data/maharashtra/mumbai/BMC 2002.xls
2002,146,Chauhan Ramsevak Ramdhani,Flaming Torch,M,394,L,,data/maharashtra/mumbai/BMC 2002.xls
2002,146,Tandan Bhupendrakumar Mulchand,Ceiling Fan,M,22,L,,data/maharashtra/mumbai/BMC 2002.xls
2002,146,Tetme Baban Shankar,Cup and Saucer,M,85,L,,data/maharashtra/mumbai/BMC 2002.xls
2002,146,Patil Narayan Changa,Television,M,400,L,,data/maharashtra/mumbai/BMC 2002.xls
2002,146,Pangagale Bharti Ram,Clock,F,3103,L,,data/maharashtra/mumbai/BMC 2002.xls
2002,146,Bhalerav Gulab Shankar,Bungalow,F,478,L,,data/maharashtra/mumbai/BMC 2002.xls
2002,146,More Dattatray Vithal,Table,M,1072,L,,data/maharashtra/mumbai/BMC 2002.xls
2002,146,More Bhagavan Dagdu,Diesel Pump,M,25,L,,data/maharashtra/mumbai/BMC 2002.xls
2002,146,Mourya Mahendra Pyarelal,Car,M,148,L,,data/maharashtra/mumbai/BMC 2002.xls
2002,146,Yadav Bilgu Bihari,Bus,M,1996,L,,data/maharashtra/mumbai/BMC 2002.xls
2002,146,Rajput Hirasingh Gabbarsingh,Book,M,76,L,,data/maharashtra/mumbai/BMC 2002.xls
2002,146,Vitkar Dattaram Digambar,Road Roller,M,771,L,,data/maharashtra/mumbai/BMC 2002.xls
2002,146,Salvi Dattaram Sundar,Stool,M,3728,L,,data/maharashtra/mumbai/BMC 2002.xls
2002,146,Siddiqui Mustafa Mehbubali,Axe,M,70,L,,data/maharashtra/mumbai/BMC 2002.xls
2002,146,Sonavane Sanjany Shivdas,Bicycle,M,73,L,,data/maharashtra/mumbai/BMC 2002.xls
2002,146,Singh Arun Parmanand,Lock and Key,M,204,L,,data/maharashtra/mumbai/BMC 2002.xls
2002,146,Sinh Deepakkumar Musaphir,Bow and Arrow,M,2384,L,,data/maharashtra/mumbai/BMC 2002.xls
2002,146,Sinh Indrajeet Ramashram,Chair,M,1059,L,,data/maharashtra/mumbai/BMC 2002.xls
2002,146,Sinh Sanjay Ramavatar,Sewing Machne,M,237,L,,data/maharashtra/mumbai/BMC 2002.xls
2002,147,Kadam Sadanand Gangaram,Bow and Arrow,M,6271,L,0,data/maharashtra/mumbai/BMC 2002.xls
2002,147,Karande Vijay Ramchandra,Kite,M,85,L,0,data/maharashtra/mumbai/BMC 2002.xls
2002,147,Kale Shivram Rajaram,Sewing Machine,M,407,L,0,data/maharashtra/mumbai/BMC 2002.xls
2002,147,Gajaskosh Rambhau Pandurang,Aeroplane,M,1792,L,0,data/maharashtra/mumbai/BMC 2002.xls
2002,147,Thakur Rameshsingh Ramnarayan,Hand,M,15735,L,1,data/maharashtra/mumbai/BMC 2002.xls
2002,147,Tavare Tushar Chintamani,Coat,M,25,L,0,data/maharashtra/mumbai/BMC 2002.xls
2002,147,Date Depak Mahadev,Coconut,M,842,L,0,data/maharashtra/mumbai/BMC 2002.xls
2002,147,Barot Dhirajlal Amrutlal,Clock,M,824,L,0,data/maharashtra/mumbai/BMC 2002.xls
2002,147,Borade Tukaram Baburav,Axe,M,38,L,0,data/maharashtra/mumbai/BMC 2002.xls
2002,147,Malik S. Sabir,Bicycle,M,260,L,0,data/maharashtra/mumbai/BMC 2002.xls
2002,147,Yadav Vimla Rajendra,Hand Pump,F,278,L,0,data/maharashtra/mumbai/BMC 2002.xls
2002,147,Yadav Sudamprasad Badri,Bus,M,214,L,0,data/maharashtra/mumbai/BMC 2002.xls
2002,147,Rohimal Vilas Asaram,Bungalow,M,558,L,0,data/maharashtra/mumbai/BMC 2002.xls
2002,147,Sakpal Sanjay Vishwnath,Elephant,M,175,L,0,data/maharashtra/mumbai/BMC 2002.xls
2002,148,Kadam Sangita Madhukar,Aeroplane,F,501,L,,data/maharashtra/mumbai/BMC 2002.xls
2002,148,Gupta Simla Rajnath,Elephant,F,58,L,,data/maharashtra/mumbai/BMC 2002.xls
2002,148,Manjrekar Shaileja Ganpat,Hand,F,2743,L,,data/maharashtra/mumbai/BMC 2002.xls
2002,148,Shinde Sharmila Suresh,Bow and Arrow,F,6456,W,,data/maharashtra/mumbai/BMC 2002.xls
2002,148,Surve Shital Ramakant,Clock,F,1477,L,,data/maharashtra/mumbai/BMC 2002.xls
2002,148,Haji Nimmi Abdul Gaffur,Sewing Machine,F,175,L,,data/maharashtra/mumbai/BMC 2002.xls
2002,149,Patil Rekha Tukaram,Coconut,F,2377,L,0,data/maharashtra/mumbai/BMC 2002.xls
2002,149,Mishri Manjulaben Ashok,Clock,F,999,L,0,data/maharashtra/mumbai/BMC 2002.xls
2002,149,Rathod Neela Kannubhai,Lotus,F,3266,L,0,data/maharashtra/mumbai/BMC 2002.xls
2002,149,Shah Pooja Manish,Hand,F,6565,W,0,data/maharashtra/mumbai/BMC 2002.xls
2002,150,Gangurde Kusum Hiraman,Lock and Key,F,504,L,,data/maharashtra/mumbai/BMC 2002.xls
2002,150,Ray Bhanumati Jayprakash,Axe,F,25,L,,data/maharashtra/mumbai/BMC 2002.xls
2002,150,Satam Harshvina Harishandra,Bow and Arrow,F,7752,W,,data/maharashtra/mumbai/BMC 2002.xls
2002,150,Satpute Sulochana Mahipati,Elephant,F,58,L,,data/maharashtra/mumbai/BMC 2002.xls
2002,150,Salvi Jyoti Deepak,Bat,F,375,L,,data/maharashtra/mumbai/BMC 2002.xls
2002,150,Singh Sushiladevi Vidhardhi,Hand,F,6097,L,,data/maharashtra/mumbai/BMC 2002.xls
2002,151,Khursange Bhaskar Namdev,Clock,M,5604,L,,data/maharashtra/mumbai/BMC 2002.xls
2002,151,Gupta Sambunath Ramkrushna,Hand,M,2465,L,,data/maharashtra/mumbai/BMC 2002.xls
2002,151,Dahale Sunil Dattatray,Bow and Arrow,M,8717,W,,data/maharashtra/mumbai/BMC 2002.xls
2002,151,Narvekar Pandurang Gangaram,Axe,F,3256,L,,data/maharashtra/mumbai/BMC 2002.xls
2002,152,Kamat Meera Sadanand,Battery Torch,F,100,L,,data/maharashtra/mumbai/BMC 2002.xls
2002,152,Khanvilkar Subhash Parshuram,Coconut,M,154,L,,data/maharashtra/mumbai/BMC 2002.xls
2002,152,Joshi Mukund Rameshkumar,Clock,M,586,L,,data/maharashtra/mumbai/BMC 2002.xls
2002,152,Thakkar Rajendra Javerilal,Book,M,100,L,,data/maharashtra/mumbai/BMC 2002.xls
2002,152,Shah Pravin Tokarsi,Hand,M,3697,L,,data/maharashtra/mumbai/BMC 2002.xls
2002,152,Shetty Gopal,Lotus,M,11624,W,,data/maharashtra/mumbai/BMC 2002.xls
2002,153,Kamat Meera Sadanand,Battery Torch,F,29,L,0,data/maharashtra/mumbai/BMC 2002.xls
2002,153,Jire Govind Barku,Television,M,78,L,0,data/maharashtra/mumbai/BMC 2002.xls
2002,153,Naik Bharat Vithal,Kite,M,12,L,0,data/maharashtra/mumbai/BMC 2002.xls
2002,153,Narkar Harish Sakharam,Letter Box,M,800,L,0,data/maharashtra/mumbai/BMC 2002.xls
2002,153,Pawar Sonu Shankar,Aeroplane,M,121,L,0,data/maharashtra/mumbai/BMC 2002.xls
2002,153,Prajapati Munnalal Gajraj,Bus,M,78,L,0,data/maharashtra/mumbai/BMC 2002.xls
2002,153,Prabhu Pandurang Pundlik,Hand,M,3070,L,0,data/maharashtra/mumbai/BMC 2002.xls
2002,153,Medhekar Ramesh Devmane,Lotus,M,7138,W,0,data/maharashtra/mumbai/BMC 2002.xls
2002,153,Shaha Bhavna Kirit,Clock,F,1174,L,0,data/maharashtra/mumbai/BMC 2002.xls
2002,153,Shirke Arun Motiram,Whistle,M,1804,L,0,data/maharashtra/mumbai/BMC 2002.xls
2002,153,Salgavankar Pradeep Mangesh,Bat,M,43,L,0,data/maharashtra/mumbai/BMC 2002.xls
2002,153,Surve Pandurang Tanaji,Bungalow,M,1693,L,0,data/maharashtra/mumbai/BMC 2002.xls
2002,154,Ayanodkar Vilas Arjun,Sewing Machine,M,19,L,,data/maharashtra/mumbai/BMC 2002.xls
2002,154,Daruvale Vijay Mahadev,Whistle,M,3866,L,,data/maharashtra/mumbai/BMC 2002.xls
2002,154,Mali Rishi Chintaman,Lock and Key,M,3217,L,,data/maharashtra/mumbai/BMC 2002.xls
2002,154,Mitabavkar Mohan Ramchandra,Lotus,M,4324,W,,data/maharashtra/mumbai/BMC 2002.xls
2002,154,Mhatre Hement Pandurang,Hand,M,3174,L,,data/maharashtra/mumbai/BMC 2002.xls
2002,154,Sakre Sandhya Shashikant,Clock,F,1315,L,,data/maharashtra/mumbai/BMC 2002.xls
2002,155,Khanolkar Geeta Vishnu,Bow and Arrow,F,7684,W,,data/maharashtra/mumbai/BMC 2002.xls
2002,155,Gayakawad Sharmila Suresh,Hand,F,3783,L,,data/maharashtra/mumbai/BMC 2002.xls
2002,155,Devrukhkar Laskhmi Anant,Clock,F,1051,L,,data/maharashtra/mumbai/BMC 2002.xls
2002,155,Shinde Urmila Lakshmanrav,Aeroplane,F,416,L,,data/maharashtra/mumbai/BMC 2002.xls
2002,156,Amin Ganesh Vithal,Elephant,M,47,L,0,data/maharashtra/mumbai/BMC 2002.xls
2002,156,Ghediya Vinod Popatlal,Bus,M,5876,W,1,data/maharashtra/mumbai/BMC 2002.xls
2002,156,Jadhav Ramchandra Tukaram,Hand,M,987,L,0,data/maharashtra/mumbai/BMC 2002.xls
2002,156,Thakkar Bipin Dahyalal,Bungalow,M,48,L,0,data/maharashtra/mumbai/BMC 2002.xls
2002,156,Mulla Ibrahim Abu,Railway Engine,M,55,L,0,data/maharashtra/mumbai/BMC 2002.xls
2002,156,Mehta Bansi Ratilal,Lotus,M,3852,L,0,data/maharashtra/mumbai/BMC 2002.xls
2002,156,Singh Rampratap Jayaram,Bicycle,M,152,L,0,data/maharashtra/mumbai/BMC 2002.xls
2002,156,Surti Bhupendra Rangiladas,Book,M,729,L,0,data/maharashtra/mumbai/BMC 2002.xls
2002,156,Surve Prakash Rajaram,Clock,M,3053,L,0,data/maharashtra/mumbai/BMC 2002.xls
2002,157,Karvade Keshav Sonu,Bungalow,M,416,L,,data/maharashtra/mumbai/BMC 2002.xls
2002,157,Kotiyan Timappa Kettu,Sewing Machine,M,51,L,,data/maharashtra/mumbai/BMC 2002.xls
2002,157,Tripathi Bhagavtprasad Ayodhyaprasad,Car,M,97,L,,data/maharashtra/mumbai/BMC 2002.xls
2002,157,Desai Motibhai Lallubhai,Hand,M,9082,L,,data/maharashtra/mumbai/BMC 2002.xls
2002,157,Pardeshi Ratnamala Bhagatsingh,Bicycle,F,219,L,,data/maharashtra/mumbai/BMC 2002.xls
2002,157,Bujad Hement Budhya,Axe,M,111,L,,data/maharashtra/mumbai/BMC 2002.xls
2002,157,Bhoir Surendra Ramchandra,Chair,M,824,L,,data/maharashtra/mumbai/BMC 2002.xls
2002,157,Mane Namdev Mahipat,Bow and Arrow,M,10553,W,,data/maharashtra/mumbai/BMC 2002.xls
2002,157,Shivgan Janardhan Ramchandra,Televsion,M,167,L,,data/maharashtra/mumbai/BMC 2002.xls
2002,157,Sinh Gopalnarayan Kalika,Clock,M,1135,L,,data/maharashtra/mumbai/BMC 2002.xls
2002,158,Gaud Sushila Nirmal,Bicycle,F,78,L,0,data/maharashtra/mumbai/BMC 2002.xls
2002,158,Jadhav Meera Amit,lClock,F,872,L,0,data/maharashtra/mumbai/BMC 2002.xls
2002,158,Rasal Shakuntala Chandrakant,Bow and Arrow,F,7063,W,0,data/maharashtra/mumbai/BMC 2002.xls
2002,158,Vasani Alka Bharat,Hand,F,5184,L,0,data/maharashtra/mumbai/BMC 2002.xls
2002,158,Sharma Meena Ramesh,Bangles,F,531,L,0,data/maharashtra/mumbai/BMC 2002.xls
2002,159,Khan Vakil Abdul Hamid,Bicycle,M,523,L,0,data/maharashtra/mumbai/BMC 2002.xls
2002,159,Gayakawad Ramesh Baburav,Lock and Key,M,1065,L,0,data/maharashtra/mumbai/BMC 2002.xls
2002,159,Chaube Rajendraprasad Brijbhushan,Hand,M,4234,W,0,data/maharashtra/mumbai/BMC 2002.xls
2002,159,Jadhav Fulabai Shivram,Elephant,M,104,L,0,data/maharashtra/mumbai/BMC 2002.xls
2002,159,Jani Kiran Dayashankar,Clock,F,633,L,0,data/maharashtra/mumbai/BMC 2002.xls
2002,159,Thakre Gajanan Santuram,Bow and Arrow,M,2747,L,1,data/maharashtra/mumbai/BMC 2002.xls
2002,159,Bodare Vasant Krishna,State,M,21,L,0,data/maharashtra/mumbai/BMC 2002.xls
2002,159,Shirke Shashikant Tukaram,Chair,M,42,L,0,data/maharashtra/mumbai/BMC 2002.xls
2002,160,Imandar Lajuddin Badruddin,Clock,M,326,L,,data/maharashtra/mumbai/BMC 2002.xls
2002,160,Karkar Prakash Krushna,Bow and Arrow,M,8390,W,,data/maharashtra/mumbai/BMC 2002.xls
2002,160,Parab Dinesh Narayan,Char,M,30,L,,data/maharashtra/mumbai/BMC 2002.xls
2002,160,Pawar Rajesh Kashinath,Television,M,292,L,,data/maharashtra/mumbai/BMC 2002.xls
2002,160,Pandiya Harendra Bhutteshwar,Sewing Machine,M,605,L,,data/maharashtra/mumbai/BMC 2002.xls
2002,160,Marediya Akbar Vazir,Elephant,M,81,L,,data/maharashtra/mumbai/BMC 2002.xls
2002,160,Rajput Ashok Rajapal,Bicycle,M,58,L,,data/maharashtra/mumbai/BMC 2002.xls
2002,160,Sharma Sanjay Shyamnarayan,Hand,M,4810,L,,data/maharashtra/mumbai/BMC 2002.xls
2002,160,Shirsat Deelip Sambaji,Aeroplane,M,88,L,,data/maharashtra/mumbai/BMC 2002.xls
2002,160,Shaikh Munaf Iquabal Mohammed,Gas Cylnder,M,399,L,,data/maharashtra/mumbai/BMC 2002.xls
2002,161,Koli Manik Satyavan,Coconut,F,183,L,,data/maharashtra/mumbai/BMC 2002.xls
2002,161,Jarivala Surekha Girish,Bicycle,F,148,L,,data/maharashtra/mumbai/BMC 2002.xls
2002,161,D'Silva Janet Agresis,Clock,F,2292,L,,data/maharashtra/mumbai/BMC 2002.xls
2002,161,Parab Deepali Dinesh,Chair,F,46,L,,data/maharashtra/mumbai/BMC 2002.xls
2002,161,Mehra Nimmi Ashok,Whistle,F,33,L,,data/maharashtra/mumbai/BMC 2002.xls
2002,161,Mendosa Odit Hillari,Hand,F,3189,L,,data/maharashtra/mumbai/BMC 2002.xls
2002,161,Rawool Shubha Umesh,Bow and Arrow,F,6611,W,,data/maharashtra/mumbai/BMC 2002.xls
2002,162,Chavan Deepali Deelip,Clock,F,2023,L,,data/maharashtra/mumbai/BMC 2002.xls
2002,162,Patil Asha Kamalkar,Bow and Arrow,F,5148,L,,data/maharashtra/mumbai/BMC 2002.xls
2002,162,Mhatre Shital Ashok,Hand,F,6750,W,,data/maharashtra/mumbai/BMC 2002.xls
2002,163,Khan Sofiya Abdul Hanan,Bicycle,F,4565,W,0,data/maharashtra/mumbai/BMC 2002.xls
2002,163,Chindarkar Meena Manohar,Car,F,480,L,0,data/maharashtra/mumbai/BMC 2002.xls
2002,163,Tamboli Tahira Gulam,Clock,F,4167,L,0,data/maharashtra/mumbai/BMC 2002.xls
2002,163,Bhovar Tejaswi Devendra,Lotus,F,3973,L,0,data/maharashtra/mumbai/BMC 2002.xls
2002,163,Salunke Veena Anil,Hand,F,2115,L,0,data/maharashtra/mumbai/BMC 2002.xls
2002,164,Ansari Mohammed Hanif Farid Ahmed,Ladder,M,105,L,,data/maharashtra/mumbai/BMC 2002.xls
2002,164,Kagade Jayaram Haridas,Flamng Torch,M,20,L,,data/maharashtra/mumbai/BMC 2002.xls
2002,164,Khan Sajid Jamil Ahmed,Chair,M,42,L,,data/maharashtra/mumbai/BMC 2002.xls
2002,164,Khan Siraj Sohera,Bicycle,M,4062,L,,data/maharashtra/mumbai/BMC 2002.xls
2002,164,Gadheve Dinkar Krushnaji,Hand,M,1953,L,,data/maharashtra/mumbai/BMC 2002.xls
2002,164,Tandel Vijay Pandharinath,Clock,M,6812,L,,data/maharashtra/mumbai/BMC 2002.xls
2002,164,Nalavade Champabai Maruti,Bungalow,F,53,W,,data/maharashtra/mumbai/BMC 2002.xls
2002,164,Pawar Mahadev Lakshman,Bow and Arrow,M,3835,L,,data/maharashtra/mumbai/BMC 2002.xls
2002,164,Patil Surekha Harichandra,Coconut,F,152,L,,data/maharashtra/mumbai/BMC 2002.xls
2002,164,Faki Anvar Ali Abdul Gani,Car,M,33,L,,data/maharashtra/mumbai/BMC 2002.xls
2002,164,Manjerakr Anuradha Vithal,Television,F,81,L,,data/maharashtra/mumbai/BMC 2002.xls
2002,164,Mhatre Kesrinath Dayaram,Railway Engine,M,1597,L,,data/maharashtra/mumbai/BMC 2002.xls
2002,164,Haladankar Dinesh Shashikant,Bus,M,326,L,,data/maharashtra/mumbai/BMC 2002.xls
2002,165,Ahire Jayashri Sukhdev,Bungalow,F,41,L,,data/maharashtra/mumbai/BMC 2002.xls
2002,165,Ansari Rukshna Bano,Bicycle,F,2464,L,,data/maharashtra/mumbai/BMC 2002.xls
2002,165,Kanchan Kasturba Mukund,Hammer Sickle and Star,F,287,L,,data/maharashtra/mumbai/BMC 2002.xls
2002,165,Kureshi Jarina Jaffar,Clock,F,3046,L,,data/maharashtra/mumbai/BMC 2002.xls
2002,165,Khan Khairunnisa Mohammed Bashir,Chair,F,13,L,,data/maharashtra/mumbai/BMC 2002.xls
2002,165,Khan Shama Sheroj,Hand,F,1184,L,,data/maharashtra/mumbai/BMC 2002.xls
2002,165,Pednekar Anuradha Mahesh,Bow and Arrow,F,4936,W,,data/maharashtra/mumbai/BMC 2002.xls
2002,165,Mun Shivleela Devram,State,F,32,L,,data/maharashtra/mumbai/BMC 2002.xls
2002,165,Mujavar Meharunisa Rehman,Book,F,2,L,,data/maharashtra/mumbai/BMC 2002.xls
2002,165,Yadav Gyandevi Rehman,Hurricane Lamp,F,9,L,,data/maharashtra/mumbai/BMC 2002.xls
2002,165,Shaikh Shakila Mahamad Ismail,Aeroplane,F,187,L,,data/maharashtra/mumbai/BMC 2002.xls
2002,166,Ahire Dilip Popat,Aeroplane,M,40,L,,data/maharashtra/mumbai/BMC 2002.xls
2002,166,Aarya Shashikant Mulchand,Kite,M,15,L,,data/maharashtra/mumbai/BMC 2002.xls
2002,166,Kadam Ramchandra Tatojirav,Clock,M,3767,L,,data/maharashtra/mumbai/BMC 2002.xls
2002,166,Kharat Sadashiv Shankar,Hand,M,1738,L,,data/maharashtra/mumbai/BMC 2002.xls
2002,166,Gharat Sanjay Madhukar,Elephant,M,126,L,,data/maharashtra/mumbai/BMC 2002.xls
2002,166,Javale Dhyanoba Nivruti,Bungalow,M,195,L,,data/maharashtra/mumbai/BMC 2002.xls
2002,166,More Meena Suryakant,Bicycle,F,543,L,,data/maharashtra/mumbai/BMC 2002.xls
2002,166,More Vijay Dhyandev,State,M,22,L,,data/maharashtra/mumbai/BMC 2002.xls
2002,166,Lad Rajendra Ramakant,Bow and Arrow,M,6733,W,,data/maharashtra/mumbai/BMC 2002.xls
2002,166,Shaikh Mohammed Rafiq Husain,Chair,M,36,L,,data/maharashtra/mumbai/BMC 2002.xls
2002,166,Shaik Salim Husain,Alimirah,M,17,L,,data/maharashtra/mumbai/BMC 2002.xls
2002,167,Gavai Sunita Pundalik,Bicycle,F,1288,L,0,data/maharashtra/mumbai/BMC 2002.xls
2002,167,Gade Pornima Sasan,Railway Engine,F,419,L,0,data/maharashtra/mumbai/BMC 2002.xls
2002,167,Gangavane Vaishali Chandrakant,Coconut,F,28,L,0,data/maharashtra/mumbai/BMC 2002.xls
2002,167,Jhodge Dr. Nanda Rajendra,Elephant,F,154,L,0,data/maharashtra/mumbai/BMC 2002.xls
2002,167,Darne Geeta Padmakar,Bow and Arrow,F,5070,W,0,data/maharashtra/mumbai/BMC 2002.xls
2002,167,Patkar Aparna Ashok,Bus,F,1335,L,0,data/maharashtra/mumbai/BMC 2002.xls
2002,167,Pentar Alpana Deepak,Clock,F,3826,L,0,data/maharashtra/mumbai/BMC 2002.xls
2002,167,Shaikh Jubedabegam Salam,Bungalow,F,282,L,0,data/maharashtra/mumbai/BMC 2002.xls
2002,167,Singh Sudarshan Kaur Parmjeet,Hand,F,1837,L,0,data/maharashtra/mumbai/BMC 2002.xls
2002,168,Adangale Suresh Udhav,Lock and Key,M,4,L,,data/maharashtra/mumbai/BMC 2002.xls
2002,168,Inullah Inayatali,Hand,M,2665,L,,data/maharashtra/mumbai/BMC 2002.xls
2002,168,Korve Mahesh Babu,Coconut,M,10,L,,data/maharashtra/mumbai/BMC 2002.xls
2002,168,Khan Abdul Latif Abdul Majid,Bicycle,M,3099,L,,data/maharashtra/mumbai/BMC 2002.xls
2002,168,Khan Gulnavaz Fazlur Rehman,Walking Stick,M,2,L,,data/maharashtra/mumbai/BMC 2002.xls
2002,168,Khan Naushad Aliraj,Ladder,M,60,L,,data/maharashtra/mumbai/BMC 2002.xls
2002,168,Khan Mohammed Yakub Haji Abbas Ali,Aeroplane,M,425,L,,data/maharashtra/mumbai/BMC 2002.xls
2002,168,Gadge Balaji Saibu,Candles,M,427,L,,data/maharashtra/mumbai/BMC 2002.xls
2002,168,Gayakavad Arun Nathuram,Clock,M,1198,L,,data/maharashtra/mumbai/BMC 2002.xls
2002,168,Gupta Sushil Ramkalyan,Cup and Saucer,M,7,L,,data/maharashtra/mumbai/BMC 2002.xls
2002,168,Ghodake Nivruti Pandit,Ears of Corn and Sickle,M,99,L,,data/maharashtra/mumbai/BMC 2002.xls
2002,168,Chaudhari Niyaz Ahmed Riyasat,Chair,M,33,L,,data/maharashtra/mumbai/BMC 2002.xls
2002,168,Jain Khamanchand Bherulal,Lotus,M,3522,L,,data/maharashtra/mumbai/BMC 2002.xls
2002,168,Jain Maheshkumar Girdharilal,Kite,M,10,L,,data/maharashtra/mumbai/BMC 2002.xls
2002,168,Thakur Ramsingh Vald Sohansingh,Axe,M,7,L,,data/maharashtra/mumbai/BMC 2002.xls
2002,168,Davare Chatursen Tipana,Bus,M,38,L,,data/maharashtra/mumbai/BMC 2002.xls
2002,168,Lokhande Shashikant Baburav,Bungalow,M,2053,L,,data/maharashtra/mumbai/BMC 2002.xls
2002,168,Vichare Prabhakar Subanrav,Carrom Board,M,39,L,,data/maharashtra/mumbai/BMC 2002.xls
2002,168,Shaikh Tahir Munshi Asth,Elephant,F,98,L,,data/maharashtra/mumbai/BMC 2002.xls
2002,168,Shaikh Rais Ahmed Azhimulla,Ring,M,382,L,,data/maharashtra/mumbai/BMC 2002.xls
2002,168,Shaikh Ramzhan Ali Karan Ali,Carrom Board,M,6,L,,data/maharashtra/mumbai/BMC 2002.xls
2002,168,Shaikh Salim Mehmud,Jung,M,14,L,,data/maharashtra/mumbai/BMC 2002.xls
2002,168,Sayyad Parvez Ali Ashiki Ali,Flaming Torch,M,52,L,,data/maharashtra/mumbai/BMC 2002.xls
2002,169,Kanade Sanjay Ganesh,Televison,M,10,L,0,data/maharashtra/mumbai/BMC 2002.xls
2002,169,Ganacharya Sunil Gulabrav,Bicycle,M,3318,L,1,data/maharashtra/mumbai/BMC 2002.xls
2002,169,Ghatpande Suhas Prabhakar,Chair,M,37,L,0,data/maharashtra/mumbai/BMC 2002.xls
2002,169,Patel Mahammed Akthar,Kte,M,11,L,0,data/maharashtra/mumbai/BMC 2002.xls
2002,169,Malik Abdul Rashid Islam,Clock,M,3361,L,0,data/maharashtra/mumbai/BMC 2002.xls
2002,169,Mantri Firoz jainuddin,Bungalow,M,386,L,0,data/maharashtra/mumbai/BMC 2002.xls
2002,169,Yadav Lakshmishankar Ramdev,Elepahnt,M,79,L,0,data/maharashtra/mumbai/BMC 2002.xls
2002,169,Vavare Sanjay Dasharath,Candles,M,6,L,0,data/maharashtra/mumbai/BMC 2002.xls
2002,169,Shaikh Abdul Vasud M. Hayat,Aeroplane,M,5,L,0,data/maharashtra/mumbai/BMC 2002.xls
2002,169,Shaikh Iqabal Ahmed Abdul Latif,Cup and Saucer,M,46,L,0,data/maharashtra/mumbai/BMC 2002.xls
2002,169,Sayyad Mohammed Mohasin,Carrom Board,M,53,L,0,data/maharashtra/mumbai/BMC 2002.xls
2002,169,Samantray Dr. Santoshkumar,Lock and Key,M,98,L,0,data/maharashtra/mumbai/BMC 2002.xls
2002,169,Sinh Dasharath Jagardev,Bow and Arrow,M,3207,L,0,data/maharashtra/mumbai/BMC 2002.xls
2002,169,Sinh Manager Rammurat,Bus,M,21,L,0,data/maharashtra/mumbai/BMC 2002.xls
2002,169,Sinh Rajahans Dhanjay,Hand,M,3757,W,0,data/maharashtra/mumbai/BMC 2002.xls
2002,170,Putharan Yashoda Narayan,Cup and Saucer,F,209,L,,data/maharashtra/mumbai/BMC 2002.xls
2002,170,Shaikh Shafrunisa Ibrahim,Hurriane Lamp,F,12,L,,data/maharashtra/mumbai/BMC 2002.xls
2002,170,Mishra Manjula Hiramani,Hand,F,1644,L,,data/maharashtra/mumbai/BMC 2002.xls
2002,170,Lande Shaila Deelip,Bow and Arrow,F,9233,W,,data/maharashtra/mumbai/BMC 2002.xls
2002,170,Shaikh Shahajahan,Bungalow,F,2066,L,,data/maharashtra/mumbai/BMC 2002.xls
2002,170,Shetty Anita B. Vishwnath,Clock,F,3977,L,,data/maharashtra/mumbai/BMC 2002.xls
2002,170,Shaikh Ayesha Rayas,Bungalow,F,39,L,,data/maharashtra/mumbai/BMC 2002.xls
2002,170,Mandal Dr. Manju Hariprasad,Aeroplane,F,84,L,,data/maharashtra/mumbai/BMC 2002.xls
2002,171,Kureshi Samutali Abdul Avval,Chair,M,270,L,0,data/maharashtra/mumbai/BMC 2002.xls
2002,171,Khan Hasnullah Habivullah,Bicycle,M,3118,L,1,data/maharashtra/mumbai/BMC 2002.xls
2002,171,Khan Imran Noormohammed,Car,M,289,L,0,data/maharashtra/mumbai/BMC 2002.xls
2002,171,Khan Nijamuddin Yasin,Celing Fan,M,58,L,0,data/maharashtra/mumbai/BMC 2002.xls
2002,171,Khan Mainmuddin Yaar Mohammed,Bungalow,M,72,L,0,data/maharashtra/mumbai/BMC 2002.xls
2002,171,Khan Rizhavan,Aeroplane,M,670,L,0,data/maharashtra/mumbai/BMC 2002.xls
2002,171,Gajre Khanderav Ghaleppa,Elephant,M,729,L,0,data/maharashtra/mumbai/BMC 2002.xls
2002,171,Gajre Devendra Kashiram,Axe,M,4,L,0,data/maharashtra/mumbai/BMC 2002.xls
2002,171,Gayakavad Uttam Chandramohan,State,M,13,L,0,data/maharashtra/mumbai/BMC 2002.xls
2002,171,Jayaswar Matukadhar Balvalaram,Hurricane Lamp,M,42,L,0,data/maharashtra/mumbai/BMC 2002.xls
2002,171,Tiwari Sitaram Shivnaresh,Lotus,M,3487,W,0,data/maharashtra/mumbai/BMC 2002.xls
2002,171,Dasar Venkedesh Bhimrav,Railway Engine,M,33,L,0,data/maharashtra/mumbai/BMC 2002.xls
2002,171,Pande Kamlesh Jagatanarayan,Kite,M,275,L,0,data/maharashtra/mumbai/BMC 2002.xls
2002,171,Bendakhale Chandrakant Vishnu,Ladder,M,267,L,0,data/maharashtra/mumbai/BMC 2002.xls
2002,171,Bhosale Yogiraj Vaman,Cup and Saucer,M,734,L,0,data/maharashtra/mumbai/BMC 2002.xls
2002,171,Madhukunta Dasharath,Clock,M,1627,L,0,data/maharashtra/mumbai/BMC 2002.xls
2002,171,Gaus Shaikh Mohammed,Hand,M,3228,L,0,data/maharashtra/mumbai/BMC 2002.xls
2002,171,Surve Vikas Ramchandra,Bus,M,701,L,0,data/maharashtra/mumbai/BMC 2002.xls
2002,172,Annamalai Lalita,Hand,F,9548,W,1,data/maharashtra/mumbai/BMC 2002.xls
2002,172,Udugade Mohini Gajannath,Clock,F,1468,L,0,data/maharashtra/mumbai/BMC 2002.xls
2002,172,Punbhadiya Ila Narsibai Kumbhar,Railway Engne,F,22,L,0,data/maharashtra/mumbai/BMC 2002.xls
2002,172,Kureshi Halimakatun Mohammed Yakub,Elephant,F,158,L,0,data/maharashtra/mumbai/BMC 2002.xls
2002,172,Khan Noorjanha Istiyak,Bus,F,455,L,0,data/maharashtra/mumbai/BMC 2002.xls
2002,172,Gaud Geetadevi Rajesh,Hurricane Lamp,F,153,L,0,data/maharashtra/mumbai/BMC 2002.xls
2002,172,Joseph Yesu Payakiyam,Aeroplane,F,34,L,0,data/maharashtra/mumbai/BMC 2002.xls
2002,172,Doiphode Chaya Rajesh,Television,F,49,L,0,data/maharashtra/mumbai/BMC 2002.xls
2002,172,Doiphode Shobha Pradeep,Almirah,F,26,L,0,data/maharashtra/mumbai/BMC 2002.xls
2002,172,Pathan Hasina Begam Hajarat,Bungalow,F,63,L,0,data/maharashtra/mumbai/BMC 2002.xls
2002,172,Pawag Geeta Gajanan,Cup and Saucer,F,28,L,0,data/maharashtra/mumbai/BMC 2002.xls
2002,172,Belvankar Jayashri P.,Ciling Fan,F,51,L,0,data/maharashtra/mumbai/BMC 2002.xls
2002,172,Shivtare Shila Ashok,Bow and Arrow,F,3797,L,0,data/maharashtra/mumbai/BMC 2002.xls
2002,172,Siddique Naimabanu Aziz,Ladder,F,110,L,0,data/maharashtra/mumbai/BMC 2002.xls
2002,172,Selina Mery Martha G. Thomas Amalraj,Candles,F,107,L,0,data/maharashtra/mumbai/BMC 2002.xls
2002,172,Soni Urmila Kamlesh,Bicycle,F,886,L,0,data/maharashtra/mumbai/BMC 2002.xls
2002,173,Patil Kesharsingh,Hand,M,4176,L,,data/maharashtra/mumbai/BMC 2002.xls
2002,173,Pendurakar Krushna Dhondu,Bow and Arrow,M,7256,W,,data/maharashtra/mumbai/BMC 2002.xls
2002,173,Mahajan Dr. D. N.,Clock,F,3372,L,,data/maharashtra/mumbai/BMC 2002.xls
2002,173,Yadav Kadedin,Bicycle,F,811,L,,data/maharashtra/mumbai/BMC 2002.xls
2002,173,Hadkar Kishor Vishnu,Aeroplane,M,64,L,,data/maharashtra/mumbai/BMC 2002.xls
2002,174,Khan Abdul Rahim Kamruddin,Bicycle,M,1262,L,0,data/maharashtra/mumbai/BMC 2002.xls
2002,174,Chaudhary Mohammed Umar Khanbaba,Chair,M,32,L,0,data/maharashtra/mumbai/BMC 2002.xls
2002,174,Jamsandekar Kamlakar Bhaskar,Bow and Arrow,M,5159,W,1,data/maharashtra/mumbai/BMC 2002.xls
2002,174,Javakar Prabhakar Ramchandra,Hand,M,1338,L,0,data/maharashtra/mumbai/BMC 2002.xls
2002,174,Joyasar Arvind,Pressure Cooker,M,70,L,0,data/maharashtra/mumbai/BMC 2002.xls
2002,174,Dongare Jitendra Gajanan,State,M,88,L,0,data/maharashtra/mumbai/BMC 2002.xls
2002,174,Tiwari Shivdhar Ramyash,Railway Engne,M,132,L,0,data/maharashtra/mumbai/BMC 2002.xls
2002,174,Dube Omprakash Gaurishankar,Gas Cylinder,M,55,L,0,data/maharashtra/mumbai/BMC 2002.xls
2002,174,Pande Narendradev,Sewing Machine,M,31,L,0,data/maharashtra/mumbai/BMC 2002.xls
2002,174,Bhanushali Narsibhai Kantibhai,Bat,M,1291,L,0,data/maharashtra/mumbai/BMC 2002.xls
2002,174,Bhintade Sahebrav Kaluram,Clock,M,1241,L,0,data/maharashtra/mumbai/BMC 2002.xls
2002,174,Mishra Sanjay Kumar Lalji,Lock and Key,M,123,L,0,data/maharashtra/mumbai/BMC 2002.xls
2002,174,Lad Sambhaji Vaman,Aeroplane,M,376,L,0,data/maharashtra/mumbai/BMC 2002.xls
2002,174,Vaghode Dinkar Rama,Bungalow,M,61,L,0,data/maharashtra/mumbai/BMC 2002.xls
2002,174,Shukla Dhirendra Chandan,Bus,M,168,L,0,data/maharashtra/mumbai/BMC 2002.xls
2002,174,Shetty Dinesh Vithal,Ladder,M,63,L,0,data/maharashtra/mumbai/BMC 2002.xls
2002,174,Shetty Dhiraj Narayan,Kite,M,250,L,0,data/maharashtra/mumbai/BMC 2002.xls
2002,175,Kadam Suvarna Ramchandra,Aeroplane,F,453,L,,data/maharashtra/mumbai/BMC 2002.xls
2002,175,Qutinho Margaret,Candles,F,122,L,,data/maharashtra/mumbai/BMC 2002.xls
2002,175,Kumar Vanita,Bus,F,342,L,,data/maharashtra/mumbai/BMC 2002.xls
2002,175,Khan Ashraf Begam,Chair,F,40,L,,data/maharashtra/mumbai/BMC 2002.xls
2002,175,Ghag Anuradha Vijay,State,F,243,L,,data/maharashtra/mumbai/BMC 2002.xls
2002,175,Nagarkar Kalpana Ramesh,Bungalow,F,35,L,,data/maharashtra/mumbai/BMC 2002.xls
2002,175,Nayar Padma Vasudev,Hand,F,2827,L,,data/maharashtra/mumbai/BMC 2002.xls
2002,175,Pathak Usha,Bicycle,F,292,L,,data/maharashtra/mumbai/BMC 2002.xls
2002,175,Aara Dr. Abarjahan,Walking Stick,F,22,L,,data/maharashtra/mumbai/BMC 2002.xls
2002,175,Shaikh Nasimbano Salim,Clock,F,2664,L,,data/maharashtra/mumbai/BMC 2002.xls
2002,175,Sangle Chitra Somnath,Bow and Arrow,F,7494,W,,data/maharashtra/mumbai/BMC 2002.xls
2002,176,Adsul Dashrath Dhondiba,Jug,M,129,L,0,data/maharashtra/mumbai/BMC 2002.xls
2002,176,Idris Iqabal Ahmed,Battery Torch,M,103,L,0,data/maharashtra/mumbai/BMC 2002.xls
2002,176,Kamble Suresh Sundar,Lock and Key,M,1406,L,0,data/maharashtra/mumbai/BMC 2002.xls
2002,176,Kureshi Altaf Husain Rahamtullah,Chair,M,64,L,0,data/maharashtra/mumbai/BMC 2002.xls
2002,176,Khan Altaf,Ladder,M,118,L,0,data/maharashtra/mumbai/BMC 2002.xls
2002,176,Khan Jainullah,Cot,M,149,L,0,data/maharashtra/mumbai/BMC 2002.xls
2002,176,Khan Lalan Zulkadar,Bicycle,M,1839,L,0,data/maharashtra/mumbai/BMC 2002.xls
2002,176,Khan Shahid Jamal Sigate Hasan,Car,M,30,L,0,data/maharashtra/mumbai/BMC 2002.xls
2002,176,Gayakavad Mahesh Devanna,Elephant,M,84,L,0,data/maharashtra/mumbai/BMC 2002.xls
2002,176,Gayakavad Sunil Dharmaji,Candles,M,166,L,0,data/maharashtra/mumbai/BMC 2002.xls
2002,176,Chindarakar Rajesh Suresh,Bow and Arrow,M,2922,L,0,data/maharashtra/mumbai/BMC 2002.xls
2002,176,Mohammed Riyaz Vali Mohammed,Letter Box,M,64,L,0,data/maharashtra/mumbai/BMC 2002.xls
2002,176,Chaudhry Mahadev Anantrav,Coconut,M,820,L,0,data/maharashtra/mumbai/BMC 2002.xls
2002,176,Joshi Jagdish Nanalal,Ink Pot & Pen,M,12,L,0,data/maharashtra/mumbai/BMC 2002.xls
2002,176,Davande Rameshwar Yogaji,Aeroplane,M,4,L,0,data/maharashtra/mumbai/BMC 2002.xls
2002,176,Nakvi Salimulla Hakakavi,Book,M,66,L,0,data/maharashtra/mumbai/BMC 2002.xls
2002,176,Pawar Sharad Shivkumar,Television,M,2019,L,0,data/maharashtra/mumbai/BMC 2002.xls
2002,176,Farnandis Iffaniya Joseph,State,F,150,L,0,data/maharashtra/mumbai/BMC 2002.xls
2002,176,Babur Babu Gangaram,Railway Engine,M,124,L,0,data/maharashtra/mumbai/BMC 2002.xls
2002,176,Barhade Prakash Ganpat,Flamng Torch,M,64,L,0,data/maharashtra/mumbai/BMC 2002.xls
2002,176,Bhalerav Bhagavan Hari,Bat,M,93,L,0,data/maharashtra/mumbai/BMC 2002.xls
2002,176,Mayekar Vidya Ramakant,Bus,M,139,L,0,data/maharashtra/mumbai/BMC 2002.xls
2002,176,Raina Mohammed Shakil Babulal,Black Board,M,100,L,0,data/maharashtra/mumbai/BMC 2002.xls
2002,176,Shaikh Chand Nabi,Ceiling Fan,M,111,L,0,data/maharashtra/mumbai/BMC 2002.xls
2002,176,Shaikh Khalil F.,Bungalow,M,54,L,0,data/maharashtra/mumbai/BMC 2002.xls
2002,176,Sarguro Rais Mohammed,Ring,M,46,L,0,data/maharashtra/mumbai/BMC 2002.xls
2002,176,Samant Bhushan Dattatray,Road Roller,M,4773,W,0,data/maharashtra/mumbai/BMC 2002.xls
2002,176,Savant Ashok Bhagavan,Kite,M,11,L,0,data/maharashtra/mumbai/BMC 2002.xls
2002,177,Ansari Abdul Tamad,Ceilng Fan,M,47,L,0,data/maharashtra/mumbai/BMC 2002.xls
2002,177,Koli Savitri Yadav,Car,F,1217,L,0,data/maharashtra/mumbai/BMC 2002.xls
2002,177,Kamble Ashvin Ghatu,Bus,M,149,L,0,data/maharashtra/mumbai/BMC 2002.xls
2002,177,Choda Suresh Pokardas,Railway Engne,M,792,L,0,data/maharashtra/mumbai/BMC 2002.xls
2002,177,Patil Ramesh Bhaskar,Bow and Arrow,M,4463,L,0,data/maharashtra/mumbai/BMC 2002.xls
2002,177,Patil Rajesh Sudhakar,Aeroplane,M,522,L,0,data/maharashtra/mumbai/BMC 2002.xls
2002,177,Bhujabal Nitin Chandrakant,Flaming Torch,M,50,L,0,data/maharashtra/mumbai/BMC 2002.xls
2002,177,Mahulkar Rajendra Gajannath,Clock,M,6231,L,1,data/maharashtra/mumbai/BMC 2002.xls
2002,177,Yadav Krushnkumar Girdharilal,Bicycle,M,195,L,0,data/maharashtra/mumbai/BMC 2002.xls
2002,177,Shetty Mabal Gopal,Chair,M,419,L,0,data/maharashtra/mumbai/BMC 2002.xls
2002,177,Sayyad Nayim Abdul Alim,Hand,M,3316,L,0,data/maharashtra/mumbai/BMC 2002.xls
2002,178,Arakade Appasaheb Ramchandra,Clock,M,519,L,0,data/maharashtra/mumbai/BMC 2002.xls
2002,178,Avachare Appa Anandrav,Camera,M,375,L,0,data/maharashtra/mumbai/BMC 2002.xls
2002,178,Ahire Govind Motiram,State,M,233,L,0,data/maharashtra/mumbai/BMC 2002.xls
2002,178,Bpdeshe Shamrav Keru,Television,M,119,L,0,data/maharashtra/mumbai/BMC 2002.xls
2002,178,Kamble Sharad Ravaji,Lotus,M,4351,L,1,data/maharashtra/mumbai/BMC 2002.xls
2002,178,Gayakavad Ramdas Shivaji,Elephant,M,106,L,0,data/maharashtra/mumbai/BMC 2002.xls
2002,178,Jadhav Rameshwar Yadavrav,Sewing Machine,M,23,L,0,data/maharashtra/mumbai/BMC 2002.xls
2002,178,Dhivar Shailesh Prabhakar,Hand,M,4484,W,0,data/maharashtra/mumbai/BMC 2002.xls
2002,178,Pawar Moham Kishan,Lock and Key,M,1617,L,0,data/maharashtra/mumbai/BMC 2002.xls
2002,178,Pawar Kishor Bhaurav,Aeroplane,M,1211,L,0,data/maharashtra/mumbai/BMC 2002.xls
2002,178,Shilvant Navinkumar Devidas,Bicycle,M,1021,L,0,data/maharashtra/mumbai/BMC 2002.xls
2002,178,Shinde Bappa Vaman,Bungalow,M,2504,L,0,data/maharashtra/mumbai/BMC 2002.xls
2002,179,Agraval Omprakash,Television,M,131,L,0,data/maharashtra/mumbai/BMC 2002.xls
2002,179,Aravade Kailas Raghunath,Hand,M,3292,L,0,data/maharashtra/mumbai/BMC 2002.xls
2002,179,Kamble Rekha Vithal,Car,F,109,L,0,data/maharashtra/mumbai/BMC 2002.xls
2002,179,Gayakavad Ravindra Jayavant,Bicycle,M,103,L,0,data/maharashtra/mumbai/BMC 2002.xls
2002,179,Gandurde Raju Punjaram,Lock and Key,M,2579,L,1,data/maharashtra/mumbai/BMC 2002.xls
2002,179,Ghag Sachin Sakharam,Ceiling Fan,M,64,L,0,data/maharashtra/mumbai/BMC 2002.xls
2002,179,Chauhan Bachubhai Arjun,Bus,M,3542,L,0,data/maharashtra/mumbai/BMC 2002.xls
2002,179,Tupalondhe Balkrushna Khandu,Elephant,M,83,L,0,data/maharashtra/mumbai/BMC 2002.xls
2002,179,Bansode Sunil Manohar,Candles,M,995,L,0,data/maharashtra/mumbai/BMC 2002.xls
2002,179,Bhanat Sangita Gajanan,Railway Engne,F,170,L,0,data/maharashtra/mumbai/BMC 2002.xls
2002,179,Marathe Subhash Bapurav,Ears of Corn and Sickle,M,652,L,0,data/maharashtra/mumbai/BMC 2002.xls
2002,179,More Sunil Sitaram,Kite,M,17,L,0,data/maharashtra/mumbai/BMC 2002.xls
2002,179,Mohite Ramchandra Bhivaji,Book,M,229,L,0,data/maharashtra/mumbai/BMC 2002.xls
2002,179,Ramraje Anurudha Murlidhar,Road Roller,M,153,L,0,data/maharashtra/mumbai/BMC 2002.xls
2002,179,Waghmare Bhagavan Bandu,Bungalow,M,77,L,0,data/maharashtra/mumbai/BMC 2002.xls
2002,179,Waghmare Bharat Sidhu,Falming Torch,M,444,L,0,data/maharashtra/mumbai/BMC 2002.xls
2002,179,Sharma Kushal Milkharam,Lotus,M,3656,W,0,data/maharashtra/mumbai/BMC 2002.xls
2002,180,Kuradiya Jagdish Rampalji,Bus,M,2197,L,0,data/maharashtra/mumbai/BMC 2002.xls
2002,180,Goyale Ramaswarup Kusalaram,Lotus,M,2679,L,0,data/maharashtra/mumbai/BMC 2002.xls
2002,180,Pholpuriya Madanlal Ramdinji,Bungalow,M,812,L,0,data/maharashtra/mumbai/BMC 2002.xls
2002,180,Tupare Fakira Pandhari,Railway Engine,M,69,L,0,data/maharashtra/mumbai/BMC 2002.xls
2002,180,Nagarale Shantabi Mahadev,Bicycle,F,292,L,0,data/maharashtra/mumbai/BMC 2002.xls
2002,180,Pawar Ravindra Daulati,Clock,M,3609,L,1,data/maharashtra/mumbai/BMC 2002.xls
2002,180,Pawar Ravindra Maruti,Aeroplane,M,38,L,0,data/maharashtra/mumbai/BMC 2002.xls
2002,180,Rithadiya Khemchand Shivkiran,Axe,M,36,L,0,data/maharashtra/mumbai/BMC 2002.xls
2002,180,Shirke Sunil Subhaji,Elephant,M,2526,L,0,data/maharashtra/mumbai/BMC 2002.xls
2002,180,Salve Shivajirav Bhagavt,Hand,M,1516,L,0,data/maharashtra/mumbai/BMC 2002.xls
2002,181,Keni Kamal Karunakar,Hand,F,3777,L,0,data/maharashtra/mumbai/BMC 2002.xls
2002,181,Jayakar Kumud Ashok,Clock,F,4687,L,0,data/maharashtra/mumbai/BMC 2002.xls
2002,181,More Jyoti Prakash,Elephant,F,603,L,0,data/maharashtra/mumbai/BMC 2002.xls
2002,181,Satardekar Anjali Ashok,Bow and Arrow,F,6878,L,0,data/maharashtra/mumbai/BMC 2002.xls
2002,182,Ahire Raju Tulsiram,Elephant,M,1078,L,0,data/maharashtra/mumbai/BMC 2002.xls
2002,182,Kureshi Ijajhusain Diladarhusain,Bungalow,M,1331,L,0,data/maharashtra/mumbai/BMC 2002.xls
2002,182,Koyande Kishor Subhashchandra,Cup and Saucer,M,84,L,0,data/maharashtra/mumbai/BMC 2002.xls
2002,182,Patil Mahendra Lakshman,Lock and Key,M,2248,L,0,data/maharashtra/mumbai/BMC 2002.xls
2002,182,Pose Shantaram Dhanaji,Aeroplane,M,125,L,0,data/maharashtra/mumbai/BMC 2002.xls
2002,182,Mhatre Jitendra Hariram,Lotus,M,3700,L,0,data/maharashtra/mumbai/BMC 2002.xls
2002,182,Vaghulkar Ramkrushna Madhukar,Bicycle,M,1370,L,0,data/maharashtra/mumbai/BMC 2002.xls
2002,182,Sabale Kundlik Govind,Hand,M,7211,W,0,data/maharashtra/mumbai/BMC 2002.xls
2002,183,Dolas Nilam Vikas,Bow and Arrow,F,5315,W,0,data/maharashtra/mumbai/BMC 2002.xls
2002,183,Shinde Sangita Vinod,Car,F,3446,L,0,data/maharashtra/mumbai/BMC 2002.xls
2002,183,Thali Nirmala Bhai,Clock,F,124,L,0,data/maharashtra/mumbai/BMC 2002.xls
2002,183,Shisode Varsha Arun,Hand,F,148,L,0,data/maharashtra/mumbai/BMC 2002.xls
2002,183,Mhatre Pradnya Vind,Coat,F,1829,L,0,data/maharashtra/mumbai/BMC 2002.xls
2002,184,Kate Mangala Tukaram,Coconut,F,9837,W,0,data/maharashtra/mumbai/BMC 2002.xls
2002,184,Kolambkar Pushpalat,Flamng Torch,F,159,L,0,data/maharashtra/mumbai/BMC 2002.xls
2002,184,Patil Ragini Chandrakant,Bus,F,196,L,0,data/maharashtra/mumbai/BMC 2002.xls
2002,184,Palav Geeta Savalaram,Bow and Arrow,F,4061,L,0,data/maharashtra/mumbai/BMC 2002.xls
2002,184,Panchal Yogita Suresh,Aeroplane,F,26,L,0,data/maharashtra/mumbai/BMC 2002.xls
2002,184,Vazhe Yogita Suresh,Clock,F,1386,L,0,data/maharashtra/mumbai/BMC 2002.xls
2002,184,Sharma Saroj Vinay,Hand,F,1977,L,0,data/maharashtra/mumbai/BMC 2002.xls
2002,185,Ingale Jaya Lakshman,Bungalow,F,157,L,0,data/maharashtra/mumbai/BMC 2002.xls
2002,185,Kharatmol Rukhmini Vithal,Lotus,F,3704,W,0,data/maharashtra/mumbai/BMC 2002.xls
2002,185,Gayakavad Minal Prakash,Hand,F,2907,L,0,data/maharashtra/mumbai/BMC 2002.xls
2002,185,Jagatap Pratibha Ravindra,Bicycle,F,149,L,0,data/maharashtra/mumbai/BMC 2002.xls
2002,185,Jogadand Ushatai Babasaheb,Lock and Key,F,448,L,0,data/maharashtra/mumbai/BMC 2002.xls
2002,185,Tunbale Shantabai Damodar,Bus,F,1616,L,0,data/maharashtra/mumbai/BMC 2002.xls
2002,185,Nirbhavne Vandana Namdev,Flaming Torch,F,80,L,0,data/maharashtra/mumbai/BMC 2002.xls
2002,185,Pagare Sindhutai Harishchandra,Road Roller,F,17,L,0,data/maharashtra/mumbai/BMC 2002.xls
2002,185,Bhosale Bijubai Ramchandra,State,F,28,L,0,data/maharashtra/mumbai/BMC 2002.xls
2002,186,Iso Filip K.,Clock,M,1730,L,,data/maharashtra/mumbai/BMC 2002.xls
2002,186,Kamble Sharad Shankar,Elephant,M,147,L,,data/maharashtra/mumbai/BMC 2002.xls
2002,186,Thakur Anil Gajanan,Lotus,M,2386,L,,data/maharashtra/mumbai/BMC 2002.xls
2002,186,Patil Shubhananda Dattatray,Sewing Machine,F,116,L,,data/maharashtra/mumbai/BMC 2002.xls
2002,186,Baiat Suryakant Govind,Flamng Torch,M,51,L,,data/maharashtra/mumbai/BMC 2002.xls
2002,186,Vaiti Narendra Madan,Basket,M,2082,L,,data/maharashtra/mumbai/BMC 2002.xls
2002,186,Sharma Anil Sitaram,Hand,M,1242,L,,data/maharashtra/mumbai/BMC 2002.xls
2002,186,Shevale Rahul Ramesh,Television,M,2646,W,,data/maharashtra/mumbai/BMC 2002.xls
2002,187,Alam Bilkis Kamar Alam,Hurricane Lamp,F,84,L,0,data/maharashtra/mumbai/BMC 2002.xls
2002,187,Kamble Jalindar Sona,Bicycle,M,470,L,0,data/maharashtra/mumbai/BMC 2002.xls
2002,187,Khade Prabhakar Vishwas,Car,M,44,L,0,data/maharashtra/mumbai/BMC 2002.xls
2002,187,Gavli Sakharam Balu,Bow and Arrow,M,5460,L,1,data/maharashtra/mumbai/BMC 2002.xls
2002,187,Dahivile Ramkrushna Janaba,Elephant,M,146,L,0,data/maharashtra/mumbai/BMC 2002.xls
2002,187,Nair Raghunathan Damoraran,Flaming Torch,M,163,L,0,data/maharashtra/mumbai/BMC 2002.xls
2002,187,Bhosale Prakash Limbaji,Lock and Key,M,5526,L,0,data/maharashtra/mumbai/BMC 2002.xls
2002,187,Mishri Kisan Raju,Hand,M,4057,L,0,data/maharashtra/mumbai/BMC 2002.xls
2002,187,More Tulshiram Narayan,Bungalow,M,333,L,0,data/maharashtra/mumbai/BMC 2002.xls
2002,187,Yadav Mataprasad Lodi,Bus,M,315,L,0,data/maharashtra/mumbai/BMC 2002.xls
2002,187,Shaikh Abdul Latif,Cup and Saucer,M,400,L,0,data/maharashtra/mumbai/BMC 2002.xls
2002,187,Shaikh Dr. Japhar Abdul Jalil,Television,M,68,L,0,data/maharashtra/mumbai/BMC 2002.xls
2002,187,Sidhique Samiullah Shukarullah,Ceilng Fan,M,66,L,0,data/maharashtra/mumbai/BMC 2002.xls
2002,187,Singh Narendrakumar Pratap Narayan,Ring,M,548,L,0,data/maharashtra/mumbai/BMC 2002.xls
2002,187,Sanavane Ramesh Shankar,Railway Engine,M,66,L,0,data/maharashtra/mumbai/BMC 2002.xls
2002,188,Kale Sonabai Govind,Aeroplane,F,220,L,,data/maharashtra/mumbai/BMC 2002.xls
2002,188,Kamble Alka Vijay,Bungalow,F,296,L,,data/maharashtra/mumbai/BMC 2002.xls
2002,188,Ghanavat Sharda Balu,Bow and Arrow,F,4973,L,,data/maharashtra/mumbai/BMC 2002.xls
2002,188,Dalvi Mariyam Mehbub Alam,Bicycle,F,3108,L,,data/maharashtra/mumbai/BMC 2002.xls
2002,188,Pindgale Anita Ashok,Axe,F,145,L,,data/maharashtra/mumbai/BMC 2002.xls
2002,188,Mane Shantabai Shankar,Elephant,F,263,L,,data/maharashtra/mumbai/BMC 2002.xls
2002,188,Mir Mairajabegam Abdul Karim,Television,F,602,L,,data/maharashtra/mumbai/BMC 2002.xls
2002,188,Shaikh Shamimbanu Abdul Karim,Bat,F,514,L,,data/maharashtra/mumbai/BMC 2002.xls
2002,188,Suradkar Shobha Sidharth,Bus,F,266,L,,data/maharashtra/mumbai/BMC 2002.xls
2002,188,Sanjar Juberdabanu Mo. Harun,Hand,F,3276,L,,data/maharashtra/mumbai/BMC 2002.xls
2002,188,Hamid Aminabi Shahul,Lady Purse,F,644,L,,data/maharashtra/mumbai/BMC 2002.xls
2002,188,Haimd Zarina Begam Shahul,Clock,F,5757,L,,data/maharashtra/mumbai/BMC 2002.xls
2002,189,Ansari Mohammed Nazir Mohammed Issar,Railway Engne,M,1074,L,,data/maharashtra/mumbai/BMC 2002.xls
2002,189,Bhoge Balu Ramdas,Stool,M,192,L,,data/maharashtra/mumbai/BMC 2002.xls
2002,189,Chaudhri Fajalur Rehman Shafatullah,Book,M,362,L,,data/maharashtra/mumbai/BMC 2002.xls
2002,189,Divate Munaf Aashak,State,M,194,L,,data/maharashtra/mumbai/BMC 2002.xls
2002,189,Faruki Mahammed Israr Mohid,Candles,M,33,L,,data/maharashtra/mumbai/BMC 2002.xls
2002,189,Gayakavad Machindra Sopan,Bus,M,479,L,,data/maharashtra/mumbai/BMC 2002.xls
2002,189,Hankare Prabhakar Maruti,Whistle,M,32,L,,data/maharashtra/mumbai/BMC 2002.xls
2002,189,Jadhav Rajaram Bhimrav,Brick,M,408,L,,data/maharashtra/mumbai/BMC 2002.xls
2002,189,Jadhav Balu Uttam,Coconut,M,68,L,,data/maharashtra/mumbai/BMC 2002.xls
2002,189,Jayaswal Saroj Harivilas,Bridge,M,881,L,,data/maharashtra/mumbai/BMC 2002.xls
2002,189,Khan Guljar Sardar Ahmed,Comb,M,5,L,,data/maharashtra/mumbai/BMC 2002.xls
2002,189,Khan N. Rahman,Bat,M,315,L,,data/maharashtra/mumbai/BMC 2002.xls
2002,189,Khan Iqbal Ramjan,Ceiling Fan,M,78,L,,data/maharashtra/mumbai/BMC 2002.xls
2002,189,Khan Mehbub Ali Jumman,Banana,M,153,L,,data/maharashtra/mumbai/BMC 2002.xls
2002,189,Khan Mohammed Husain Abdul Khalik,Kite,M,370,L,,data/maharashtra/mumbai/BMC 2002.xls
2002,189,Khan Najnin Ayyub,Electirc Poll,F,51,L,,data/maharashtra/mumbai/BMC 2002.xls
2002,189,Khan Vakil Munshi,Scissors,M,104,L,,data/maharashtra/mumbai/BMC 2002.xls
2002,189,Londhe Anil Rajaram,Bungalow,M,259,L,,data/maharashtra/mumbai/BMC 2002.xls
2002,189,Mishra Chandrakishor Shivkumar,Iron,M,255,L,,data/maharashtra/mumbai/BMC 2002.xls
2002,189,Nayadu Veluswami Subaiyya,Hand,M,4056,W,,data/maharashtra/mumbai/BMC 2002.xls
2002,189,Pandav Sanjay Ratan,Elephant,M,478,L,,data/maharashtra/mumbai/BMC 2002.xls
2002,189,Pathan Insan Ali Rahimuddin,Cup and Saucer,M,60,L,,data/maharashtra/mumbai/BMC 2002.xls
2002,189,Patil Ravindra Dattatray,Almirah,M,592,L,,data/maharashtra/mumbai/BMC 2002.xls
2002,189,Prajapati Kalicharan Sukhai,Elephant,M,118,L,,data/maharashtra/mumbai/BMC 2002.xls
2002,189,Salavi Prabhakar Devram,Bow and Arrow,M,3816,L,,data/maharashtra/mumbai/BMC 2002.xls
2002,189,Sathe Atmaram Nanabhu,Ring,M,396,L,,data/maharashtra/mumbai/BMC 2002.xls
2002,189,Sathe Shankar Dhyanu,Jug,M,212,L,,data/maharashtra/mumbai/BMC 2002.xls
2002,189,Sayyad Mahammed Haji Ali Jaffar,Gas Cylinder,M,61,L,,data/maharashtra/mumbai/BMC 2002.xls
2002,189,Shah Mohammed Salim Mo. Jamidar,Hurricane Lamp,M,221,L,,data/maharashtra/mumbai/BMC 2002.xls
2002,189,Shaikh Gayasuddin Nafamuddin,Bicycle,M,1803,L,,data/maharashtra/mumbai/BMC 2002.xls
2002,189,Shaikh Irmarn Aajmi,Car,M,122,L,,data/maharashtra/mumbai/BMC 2002.xls
2002,189,Shaikh Mohammed Altaf Abdul Rauf,Chair,M,163,L,,data/maharashtra/mumbai/BMC 2002.xls
2002,189,Shendge Malti Maruti,Aeroplane,F,97,L,,data/maharashtra/mumbai/BMC 2002.xls
2002,189,Shinde Ganesh Babanrav,Clock,M,1700,L,,data/maharashtra/mumbai/BMC 2002.xls
2002,189,Sinh Sakaldev Raghuraj Bahadursingh,,M,417,L,,data/maharashtra/mumbai/BMC 2002.xls
2002,189,Vajage Sunita Pravin,Pressure Cooker,F,147,L,,data/maharashtra/mumbai/BMC 2002.xls
2002,190,Ishke Mohammed Hamid Abdul Ajij,Car,M,98,L,,data/maharashtra/mumbai/BMC 2002.xls
2002,190,Kate Tukaram Ramkrushna,Coconut,M,5802,W,,data/maharashtra/mumbai/BMC 2002.xls
2002,190,Kandalagavankar Manoj Mahadev,Axe,M,666,L,,data/maharashtra/mumbai/BMC 2002.xls
2002,190,Khulli Nazir Kasam,Clock,M,1160,L,,data/maharashtra/mumbai/BMC 2002.xls
2002,190,Jadhav Vishnu Raju,Bungalow,M,323,L,,data/maharashtra/mumbai/BMC 2002.xls
2002,190,Patil Dattaram Ganpat,Hand,M,1583,L,,data/maharashtra/mumbai/BMC 2002.xls
2002,190,Malave Nanda Bhagavan,Bus,F,32,L,,data/maharashtra/mumbai/BMC 2002.xls
2002,190,Lokare Vithal Govind,Bow and Arrow,M,5031,L,,data/maharashtra/mumbai/BMC 2002.xls
2002,190,Varma Rammurad Vasudev,Bicycle,M,708,L,,data/maharashtra/mumbai/BMC 2002.xls
2002,191,Ingale Vilas Sitaram,Bungalow,M,352,L,,data/maharashtra/mumbai/BMC 2002.xls
2002,191,Kureshi Mohammed Hainf Allauddin,Elephant,M,438,L,,data/maharashtra/mumbai/BMC 2002.xls
2002,191,Kumbhar Vasant Namdev,Railway Engine,M,545,L,,data/maharashtra/mumbai/BMC 2002.xls
2002,191,Khan Mubrak Ali Mohammed Raja,Clock,M,489,L,,data/maharashtra/mumbai/BMC 2002.xls
2002,191,Khan Mo. Atik Mo. Akmal,Hand,M,2229,L,,data/maharashtra/mumbai/BMC 2002.xls
2002,191,Khan Vakil Munshi,Scissors,M,24,L,,data/maharashtra/mumbai/BMC 2002.xls
2002,191,Khan Shabbir Ahmad Ruvabali,Chair,M,304,L,,data/maharashtra/mumbai/BMC 2002.xls
2002,191,Khan Sharfuddin Karamat,Bus,M,95,L,,data/maharashtra/mumbai/BMC 2002.xls
2002,191,Chavan Anil Shankar,Flaming Torch,M,4,L,,data/maharashtra/mumbai/BMC 2002.xls
2002,191,Chavan Smita Milind,Car,F,194,L,,data/maharashtra/mumbai/BMC 2002.xls
2002,191,Chaudhary Niyaz Ahmed Murtuja Husain,Ink Pot & Pen,M,1106,L,,data/maharashtra/mumbai/BMC 2002.xls
2002,191,Jasarapuriya Manoharlal Mahavirprasad,Lotus,M,798,L,,data/maharashtra/mumbai/BMC 2002.xls
2002,191,Dethe Ashok Bhima,Kite,M,19,L,,data/maharashtra/mumbai/BMC 2002.xls
2002,191,Pathan Mohammed Umar,Ceiling Fan,M,89,L,,data/maharashtra/mumbai/BMC 2002.xls
2002,191,Mishra Shyamdhar Shivkiram,Sewing Machine,M,49,L,,data/maharashtra/mumbai/BMC 2002.xls
2002,191,Yadav Devraj Sarjuprasad,Cup and Saucer,M,60,L,,data/maharashtra/mumbai/BMC 2002.xls
2002,191,Shaikh Akbar Ali Ibrahim,Television,M,11,L,,data/maharashtra/mumbai/BMC 2002.xls
2002,191,Shaikh Mohammed Nazir Mohammed Lalbabu,Hurricane Lamp,M,148,L,,data/maharashtra/mumbai/BMC 2002.xls
2002,191,Sayyad Jishan Haidar,Ladder,M,10,L,,data/maharashtra/mumbai/BMC 2002.xls
2002,191,Sarguroh Dilavar Ali Khan,Kisan Driving Tractor,M,42,L,,data/maharashtra/mumbai/BMC 2002.xls
2002,191,Sumra Mohammed Usman,Bicycle,M,105,L,,data/maharashtra/mumbai/BMC 2002.xls
2002,191,Sonavane Gautam Keshav,Lock and Key,M,1391,L,,data/maharashtra/mumbai/BMC 2002.xls
2002,192,Avare Shamrav Gajannath,Sewing Machine,M,36,L,,data/maharashtra/mumbai/BMC 2002.xls
2002,192,Kamble Arun Vishwnath,Bungalow,M,897,L,,data/maharashtra/mumbai/BMC 2002.xls
2002,192,Kamble Ramesh Suresh,Hand,M,4721,W,,data/maharashtra/mumbai/BMC 2002.xls
2002,192,Gavali Sanjay Narayan,State,M,145,L,,data/maharashtra/mumbai/BMC 2002.xls
2002,192,Gayakavad Shobha Baban,Bicycle,F,924,L,,data/maharashtra/mumbai/BMC 2002.xls
2002,192,Zhire Suraj Mohan,Lotus,M,3135,L,,data/maharashtra/mumbai/BMC 2002.xls
2002,192,Davare Shahaji Baburav,Kite,M,1339,L,,data/maharashtra/mumbai/BMC 2002.xls
2002,192,Nirbhavane Anuradha Piraji,Axe,F,612,L,,data/maharashtra/mumbai/BMC 2002.xls
2002,192,Nirbhavane Martand Shivram,Elephant,M,185,L,,data/maharashtra/mumbai/BMC 2002.xls
2002,192,Patole Rajendra Bhausaheb,Ceiling Fan,M,52,L,,data/maharashtra/mumbai/BMC 2002.xls
2002,192,Bansode Ajit Sukhdev,Cup and Saucer,M,41,L,,data/maharashtra/mumbai/BMC 2002.xls
2002,192,More Pravin Dadu,Railway Engine,M,233,L,,data/maharashtra/mumbai/BMC 2002.xls
2002,192,Waghmare Rajendra Vaman,Lock and Key,M,3252,L,,data/maharashtra/mumbai/BMC 2002.xls
2002,193,Ansari Shakila Mohammed Sabir,Ladder,F,299,L,1,data/maharashtra/mumbai/BMC 2002.xls
2002,193,Kamble Sulochana Madhukar,Bungalow,F,258,L,0,data/maharashtra/mumbai/BMC 2002.xls
2002,193,Khan Gulnarbanu Ajij,Ink Pot & Pen,F,16,L,0,data/maharashtra/mumbai/BMC 2002.xls
2002,193,Khan Jubaida Jabbar,Bicycle,F,2456,L,0,data/maharashtra/mumbai/BMC 2002.xls
2002,193,Khan Lekunisa Habibulla,Bus,F,140,L,0,data/maharashtra/mumbai/BMC 2002.xls
2002,193,Taksal Shashi Prabhakar,Lotus,F,1266,L,0,data/maharashtra/mumbai/BMC 2002.xls
2002,193,Yashvante Yashoda Prabhakar,Basket,F,274,L,0,data/maharashtra/mumbai/BMC 2002.xls
2002,193,Shaikh Ayasha Anis,Hand,F,4903,W,0,data/maharashtra/mumbai/BMC 2002.xls
2002,193,Shaikh Shahajanha Mohammed Jumman,Hurricane Lamp,F,133,L,0,data/maharashtra/mumbai/BMC 2002.xls
2002,193,Shaikh Shahistabanu Mohammed Iliyas,Elephant,F,480,L,0,data/maharashtra/mumbai/BMC 2002.xls
2002,193,Sayyad Muktara Kamruddin,Clock,F,862,L,0,data/maharashtra/mumbai/BMC 2002.xls
2002,193,Siddique Maimuna Mahammed Nasim,Television,F,285,L,0,data/maharashtra/mumbai/BMC 2002.xls
2002,193,Hashmi Aktharunissa Mehmud Hasan,Hand Pump,F,136,L,0,data/maharashtra/mumbai/BMC 2002.xls
2002,194,Ansari Shahajanha Din Mohammed,Hurricane Lamp,F,28,L,,data/maharashtra/mumbai/BMC 2002.xls
2002,194,Khan Anis Hasan,Bus,F,25,L,,data/maharashtra/mumbai/BMC 2002.xls
2002,194,Khan Mumtaj Islam,Bicycle,F,1621,L,,data/maharashtra/mumbai/BMC 2002.xls
2002,194,Khan Raziya Khatun Nasaruddin Khan,Ink Pot & Pen,F,30,L,,data/maharashtra/mumbai/BMC 2002.xls
2002,194,Gharat Rekha Kashinath,Bow and Arrow,F,3534,L,,data/maharashtra/mumbai/BMC 2002.xls
2002,194,Dhonde Shakuntala Kisan,Hand,F,4268,W,,data/maharashtra/mumbai/BMC 2002.xls
2002,194,Pachpute Shaileja Maruti,Celing Fan,F,1706,L,,data/maharashtra/mumbai/BMC 2002.xls
2002,194,Bhutekar Shantabai Vijay,Bungalow,F,471,L,,data/maharashtra/mumbai/BMC 2002.xls
2002,194,Waghmare Savita Shashikant,Cup and Saucer,F,342,L,,data/maharashtra/mumbai/BMC 2002.xls
2002,194,Shaikh Anvari Nazir Ahmed,Chair,F,135,L,,data/maharashtra/mumbai/BMC 2002.xls
2002,194,Shaikh Khursdidabanu Nasir Ahmed,Ladder,F,2127,L,,data/maharashtra/mumbai/BMC 2002.xls
2002,194,Shaikh Mumtaj Ramjan,Clock,F,787,L,,data/maharashtra/mumbai/BMC 2002.xls
2002,194,Shaikh Sahida Motiuar Rehmane,Elephant,F,85,L,,data/maharashtra/mumbai/BMC 2002.xls
2002,195,Ansari Ayesha Begam Abdul Kadir,Elephant,F,139,L,,data/maharashtra/mumbai/BMC 2002.xls
2002,195,Ansari Mehrunnisa Nijamuddin,Flamng Torch,F,68,L,,data/maharashtra/mumbai/BMC 2002.xls
2002,195,Inamdar Nurjahan Abdul Mjid,Bicycle,F,3126,L,,data/maharashtra/mumbai/BMC 2002.xls
2002,195,Kingar Rekha Deelip,Ladder,F,22,L,,data/maharashtra/mumbai/BMC 2002.xls
2002,195,Kute Sarla Balu,Bow and Arrow,F,1552,L,,data/maharashtra/mumbai/BMC 2002.xls
2002,195,Kureshi Raisabi Abdul Ajij,Chair,F,216,L,,data/maharashtra/mumbai/BMC 2002.xls
2002,195,Khan Shamida Khatun Abdul Mannan,Hurrcane Lamp,F,109,L,,data/maharashtra/mumbai/BMC 2002.xls
2002,195,Jadhav Janabai Bhimrav,Clock,F,544,L,,data/maharashtra/mumbai/BMC 2002.xls
2002,195,Shaikh Salma Mastan,Hand,F,3925,W,,data/maharashtra/mumbai/BMC 2002.xls
2002,196,Avaghade Dayanand Krushna,Elephant,M,434,L,0,data/maharashtra/mumbai/BMC 2002.xls
2002,196,Ubale Namdev Damu,Clock,M,4741,W,1,data/maharashtra/mumbai/BMC 2002.xls
2002,196,Kedare Sanju Ramchandra,Axe,M,902,L,0,data/maharashtra/mumbai/BMC 2002.xls
2002,196,Kharat Anant Gavaji,Television,M,431,L,0,data/maharashtra/mumbai/BMC 2002.xls
2002,196,Khade Vishwnath Shripati,Bungalow,M,150,L,0,data/maharashtra/mumbai/BMC 2002.xls
2002,196,Jadhav Changdev Hari,Scissors,M,562,L,0,data/maharashtra/mumbai/BMC 2002.xls
2002,196,Jadhav Subhash Lakshman,Bow and Arrow,M,4578,L,0,data/maharashtra/mumbai/BMC 2002.xls
2002,196,Jhodge Nandkumar Sitaram,Bus,M,110,L,0,data/maharashtra/mumbai/BMC 2002.xls
2002,196,Pawar Vikas Damodar,Rising Sun,M,2975,L,0,data/maharashtra/mumbai/BMC 2002.xls
2002,196,Rupvate Vilas Haribhau,Hand Pump,M,1378,L,0,data/maharashtra/mumbai/BMC 2002.xls
2002,196,Salve Nana Rauaba,Kite,M,128,L,0,data/maharashtra/mumbai/BMC 2002.xls
2002,196,Hivrale Dayaram Sitaram,Kisan Driving Tractor,M,193,L,0,data/maharashtra/mumbai/BMC 2002.xls
2002,196,Hivale Prakash Ashruba,Batsman,M,56,L,0,data/maharashtra/mumbai/BMC 2002.xls
2002,197,Gurav Balkrushna Ramchandra,Coconut,M,2253,L,0,data/maharashtra/mumbai/BMC 2002.xls
2002,197,Das Piyush Cahmpakalal,Clock,M,996,L,0,data/maharashtra/mumbai/BMC 2002.xls
2002,197,Bhute Snehalata Satish,Hand,F,2558,L,0,data/maharashtra/mumbai/BMC 2002.xls
2002,197,Shirsat Bhalchandra Motiram,Lotus,M,7014,W,0,data/maharashtra/mumbai/BMC 2002.xls
2002,198,Adagale Sadashiv Sampat,Elephant,M,95,L,0,data/maharashtra/mumbai/BMC 2002.xls
2002,198,Agale Vasant Kisan,Lock and Key,M,304,L,0,data/maharashtra/mumbai/BMC 2002.xls
2002,198,Gonsalvis Malvil Dobrik,Kisan Driving Tractor,M,95,L,0,data/maharashtra/mumbai/BMC 2002.xls
2002,198,Thakkar Priti Naranji,Bus,F,124,L,0,data/maharashtra/mumbai/BMC 2002.xls
2002,198,Nayakar Raju Shrinivas,Book,M,622,L,0,data/maharashtra/mumbai/BMC 2002.xls
2002,198,Barota Manoj Bdersingh,Hand,M,2559,L,0,data/maharashtra/mumbai/BMC 2002.xls
2002,198,Gragari John Mathana,Bungalow,M,403,L,0,data/maharashtra/mumbai/BMC 2002.xls
2002,198,Mange Mangal Lakhamashi,Lotus,F,7324,W,0,data/maharashtra/mumbai/BMC 2002.xls
2002,198,Rav Shrinivas Alivar,Axe,M,1483,L,1,data/maharashtra/mumbai/BMC 2002.xls
2002,198,Shinde Deelip Vasant,Television,M,508,L,0,data/maharashtra/mumbai/BMC 2002.xls
2002,198,Sanghavi Ramesh Harilal,Kite,M,24,L,0,data/maharashtra/mumbai/BMC 2002.xls
2002,199,Ansari Shakila Nasiblal,Hand,F,6776,L,0,data/maharashtra/mumbai/BMC 2002.xls
2002,199,Kreshto Sunita Boni,Clock,F,2343,L,0,data/maharashtra/mumbai/BMC 2002.xls
2002,199,Mate Ashvini Bharat,Bow and Arrow,F,11402,W,0,data/maharashtra/mumbai/BMC 2002.xls
2002,199,Vare Jyoti Maruti,Elephant,F,142,L,0,data/maharashtra/mumbai/BMC 2002.xls
2002,199,Shah Sushila Baburav,Chair,F,297,L,0,data/maharashtra/mumbai/BMC 2002.xls
2002,199,Sonavane Sushila Baburav,Iron,F,82,L,0,data/maharashtra/mumbai/BMC 2002.xls
2002,199,Hule Alka Rohidas,Car,F,3269,L,0,data/maharashtra/mumbai/BMC 2002.xls
2002,200,Kokare Vijay Thakue,Hand,M,487,L,0,data/maharashtra/mumbai/BMC 2002.xls
2002,200,Gadgil Rajendra Vasant,Bus,M,97,L,0,data/maharashtra/mumbai/BMC 2002.xls
2002,200,Chavan Vilas Ramchandra,Bat,M,5592,L,0,data/maharashtra/mumbai/BMC 2002.xls
2002,200,Bangar Kushaba Baban,Car,M,3788,L,0,data/maharashtra/mumbai/BMC 2002.xls
2002,200,Shirke Shubhangi Dasharath,Bow and Arro,F,7066,W,1,data/maharashtra/mumbai/BMC 2002.xls
2002,200,Sakhare Suresh Pandurang,Clock,M,168,L,0,data/maharashtra/mumbai/BMC 2002.xls
2002,201,Jadhav Ashabai Deelip,Kite,F,321,L,0,data/maharashtra/mumbai/BMC 2002.xls
2002,201,Pawar Sarita Shripat,Axe,F,172,L,0,data/maharashtra/mumbai/BMC 2002.xls
2002,201,Bagave Seeta Madhukar,Lotus,F,9734,W,0,data/maharashtra/mumbai/BMC 2002.xls
2002,201,Bagul Sushila Shivaji,Bungalow,F,878,L,0,data/maharashtra/mumbai/BMC 2002.xls
2002,201,Bhat Kalpana Mukesh,Women Carrying Pot on her head,F,1888,L,0,data/maharashtra/mumbai/BMC 2002.xls
2002,201,Bhosale Maya Raju,Elephant,F,760,L,0,data/maharashtra/mumbai/BMC 2002.xls
2002,201,Lade Prema Lakshman,Lock and Key,F,1524,L,0,data/maharashtra/mumbai/BMC 2002.xls
2002,201,Shinde Hemlata Raju,Sewing Machine,F,53,L,0,data/maharashtra/mumbai/BMC 2002.xls
2002,201,Shetye Bhartiben Chandrakant,Batter Torch,F,2903,L,0,data/maharashtra/mumbai/BMC 2002.xls
2002,202,Agate Arun Shankar,Almirah,M,24,L,0,data/maharashtra/mumbai/BMC 2002.xls
2002,202,Ghuge Raju Bhausaheb,Clock,M,3608,L,0,data/maharashtra/mumbai/BMC 2002.xls
2002,202,Jadhav Kailas Nana,State,M,324,L,0,data/maharashtra/mumbai/BMC 2002.xls
2002,202,Jadhav Machindra Kisan,Elephant,M,131,L,0,data/maharashtra/mumbai/BMC 2002.xls
2002,202,Pande Kumar Baburav,Bow and Arrow,M,8165,W,0,data/maharashtra/mumbai/BMC 2002.xls
2002,202,Yadav Ramshringar Rajpat,Hand,M,3064,L,0,data/maharashtra/mumbai/BMC 2002.xls
2002,203,Ahire Kashinath Shivram,Bus,M,226,L,0,data/maharashtra/mumbai/BMC 2002.xls
2002,203,Kantariya Nilesh Haridas,Kisan Driving Tractor,M,499,L,0,data/maharashtra/mumbai/BMC 2002.xls
2002,203,Jadhav Ashok Babaji,Ceiling Fan,M,1738,L,0,data/maharashtra/mumbai/BMC 2002.xls
2002,203,Jadhav Bharti Harichandra,Clock,F,3632,L,1,data/maharashtra/mumbai/BMC 2002.xls
2002,203,Bhayani Atul Prabhusas,Coconut,M,874,L,0,data/maharashtra/mumbai/BMC 2002.xls
2002,203,Mehta Jayesh Manoharlal,Book,M,69,L,0,data/maharashtra/mumbai/BMC 2002.xls
2002,203,Savant Pradeep Pandurant,Bow and Arrow,M,4356,W,0,data/maharashtra/mumbai/BMC 2002.xls
2002,203,Salvi Mohan Digambar,Hand,M,1096,L,0,data/maharashtra/mumbai/BMC 2002.xls
2002,204,Golatkar Suresh Shantaram,Bow and Arrow,M,4997,W,1,data/maharashtra/mumbai/BMC 2002.xls
2002,204,Jangam Harishchandra Babling,Clock,M,2203,L,0,data/maharashtra/mumbai/BMC 2002.xls
2002,204,Tavate Krushna Govind,Hand,M,3983,L,0,data/maharashtra/mumbai/BMC 2002.xls
2002,204,Narvekar Vilas Keshav,Coconut,M,429,L,0,data/maharashtra/mumbai/BMC 2002.xls
2002,204,Patil Kishor Ambaji,Kite,M,167,L,0,data/maharashtra/mumbai/BMC 2002.xls
2002,204,Shinde Sushil Ramkrushna,Railway Engine,M,1503,L,0,data/maharashtra/mumbai/BMC 2002.xls
2002,205,Turya Rashid Mahammed Yusuf,Hand,F,4529,L,0,data/maharashtra/mumbai/BMC 2002.xls
2002,205,Basankar Sunita Gopal,Clock,F,1873,L,0,data/maharashtra/mumbai/BMC 2002.xls
2002,205,Rokade Sunita Manohar,Candles,F,127,L,0,data/maharashtra/mumbai/BMC 2002.xls
2002,205,Shaikh Mehajabil Jainum Abadin,Table,F,321,L,0,data/maharashtra/mumbai/BMC 2002.xls
2002,205,Shaikh Hanifabi Abdulrashid,Lock and Key,F,711,L,0,data/maharashtra/mumbai/BMC 2002.xls
2002,205,Sasulkar Chaya Tukaram,Bow and Arrow,F,7468,L,0,data/maharashtra/mumbai/BMC 2002.xls
2002,206,Naidu Rukmani Muniraj,Coconut,F,868,L,0,data/maharashtra/mumbai/BMC 2002.xls
2002,206,Bhosale Sarswati Gajanan,Bow and Arrow,F,9268,W,0,data/maharashtra/mumbai/BMC 2002.xls
2002,206,Mohite Tarabai Jyotiram,Bus,F,177,L,0,data/maharashtra/mumbai/BMC 2002.xls
2002,206,Shah Pravina Hitesh,Clock,F,1820,L,0,data/maharashtra/mumbai/BMC 2002.xls
2002,206,Hasmi Saleha Mahammed Muslim,Bicycle,F,3069,L,0,data/maharashtra/mumbai/BMC 2002.xls
2002,206,Savant Nilima Shriram,Kite,F,3474,L,0,data/maharashtra/mumbai/BMC 2002.xls
2002,207,Ambekar Nandkumr Ganpat,Bow and Arrow,M,4211,L,0,data/maharashtra/mumbai/BMC 2002.xls
2002,207,Kadam Shradha Gajendra,Kite,F,66,L,0,data/maharashtra/mumbai/BMC 2002.xls
2002,207,Bhagavant Kedar Ranjan,Lock and Key,M,1239,L,0,data/maharashtra/mumbai/BMC 2002.xls
2002,207,Gayakavad Balbhim Lakshman,Bungalow,M,251,L,0,data/maharashtra/mumbai/BMC 2002.xls
2002,207,Gala Champakalal Shiaji,Almirah,M,24,L,0,data/maharashtra/mumbai/BMC 2002.xls
2002,207,Chavhan Rajesh Shantaram,Axe,M,434,L,0,data/maharashtra/mumbai/BMC 2002.xls
2002,207,Jadhav Ravindra Bhimrav,Aeroplane,M,6,L,0,data/maharashtra/mumbai/BMC 2002.xls
2002,207,Patil Bajirav Tukaram,Clock,M,2108,L,0,data/maharashtra/mumbai/BMC 2002.xls
2002,207,Borhade Maruti Tukaram,Bus,M,207,L,0,data/maharashtra/mumbai/BMC 2002.xls
2002,207,More Sudhir Sayaji,Coconut,M,4684,W,0,data/maharashtra/mumbai/BMC 2002.xls
2002,207,Rokade Kashinath Kisan,Railway Engine,M,13,L,0,data/maharashtra/mumbai/BMC 2002.xls
2002,207,Shristav Shivprasad Rajabadur,Hand,M,2484,L,0,data/maharashtra/mumbai/BMC 2002.xls
2002,207,Hatekar Shankar Sukhdev,State,M,22,L,0,data/maharashtra/mumbai/BMC 2002.xls
2002,208,Khan Jahir Kaisar,Bus,M,518,L,0,data/maharashtra/mumbai/BMC 2002.xls
2002,208,Khan Yasmin Begam,Aeroplane,F,21,L,0,data/maharashtra/mumbai/BMC 2002.xls
2002,208,Gayakavad Devidas Baburav,Cup and Saucer,M,21,L,0,data/maharashtra/mumbai/BMC 2002.xls
2002,208,Chaure Bhimrav Govindrav,Bungalow,M,364,L,0,data/maharashtra/mumbai/BMC 2002.xls
2002,208,Jadhav Manojkumar Shankar,Ink Pot & Pen,M,22,L,0,data/maharashtra/mumbai/BMC 2002.xls
2002,208,Jain Rajendra Babulal,Coconut,M,116,L,0,data/maharashtra/mumbai/BMC 2002.xls
2002,208,Bhardwaj Chaitnya Surendra,Book,M,1059,L,0,data/maharashtra/mumbai/BMC 2002.xls
2002,208,Bhardwaj Shahajad Barsati,Scissors,M,4,L,0,data/maharashtra/mumbai/BMC 2002.xls
2002,208,Bhivande Gopal Kashinath,Bow and Arrow,M,3466,L,0,data/maharashtra/mumbai/BMC 2002.xls
2002,208,Sharma Chandan Chittranjan,Clock,M,7025,W,1,data/maharashtra/mumbai/BMC 2002.xls
2002,208,Shaikh Nissar Ahmed,Hand Pump,M,11,L,0,data/maharashtra/mumbai/BMC 2002.xls
2002,208,Sabale Gautam Sheshrav,Lock and Key,M,958,L,0,data/maharashtra/mumbai/BMC 2002.xls
2002,208,Salve Sudhakar Pandurang,Hammer Sickle and Star,M,277,L,0,data/maharashtra/mumbai/BMC 2002.xls
2002,208,Sinh Kapildev Guptar,Bicycle,M,1046,L,0,data/maharashtra/mumbai/BMC 2002.xls
2002,208,Sutar Shivram Bhaskar,Television,M,461,L,0,data/maharashtra/mumbai/BMC 2002.xls
2002,208,Sonavne Prakash Shravan,Hand,M,1399,L,0,data/maharashtra/mumbai/BMC 2002.xls
2002,209,Kumbhar Ashok Kondiba,Car,M,24,L,0,data/maharashtra/mumbai/BMC 2002.xls
2002,209,Gayakavad Hanmant Hariba,Aeroplane,M,107,L,0,data/maharashtra/mumbai/BMC 2002.xls
2002,209,Gupta Shyamlal Sohanlal,Table,M,16,L,0,data/maharashtra/mumbai/BMC 2002.xls
2002,209,Tiwari Rajkumr Sudama,Hand Pump,M,41,L,0,data/maharashtra/mumbai/BMC 2002.xls
2002,209,Patil Ashok Dharmraj,Bow and Arrow,M,6892,W,0,data/maharashtra/mumbai/BMC 2002.xls
2002,209,Patil Kamlakar Deena,Clock,M,2829,L,1,data/maharashtra/mumbai/BMC 2002.xls
2002,209,Bhandari Dharmendrasingh Kuvarsingh,Bungalow,M,473,L,0,data/maharashtra/mumbai/BMC 2002.xls
2002,209,Mishra Ramanval Vasudev,Chair,M,33,L,0,data/maharashtra/mumbai/BMC 2002.xls
2002,209,Rane Indroji Maruti,State,M,1584,L,0,data/maharashtra/mumbai/BMC 2002.xls
2002,209,Vishwakrma Sabbhanram Mekai,Bus,M,215,L,0,data/maharashtra/mumbai/BMC 2002.xls
2002,209,Shukla Rampratap Rammurti,Railway Engine,M,197,L,0,data/maharashtra/mumbai/BMC 2002.xls
2002,209,Savant Prasad Shivaji,Sewing Machine,M,943,L,0,data/maharashtra/mumbai/BMC 2002.xls
2002,209,Salve Ramesh Ravla,Elephant,M,50,L,0,data/maharashtra/mumbai/BMC 2002.xls
2002,209,Sinh Lalbahadur Durgvijay,Bicycle,M,1536,L,0,data/maharashtra/mumbai/BMC 2002.xls
2002,209,Sinh Vindhyachal Surajnath,Hand Pump,M,2747,L,0,data/maharashtra/mumbai/BMC 2002.xls
2002,209,Sinh Satypal Shivshankar,Coconut,M,373,L,0,data/maharashtra/mumbai/BMC 2002.xls
2002,210,Ansari Abdul Rehman,Bicycle,M,1984,L,0,data/maharashtra/mumbai/BMC 2002.xls
2002,210,Kunchikorve Shankar Sayabanna,Chair,M,266,L,0,data/maharashtra/mumbai/BMC 2002.xls
2002,210,Kedare Suresh Madhukar,Bungalow,M,302,L,0,data/maharashtra/mumbai/BMC 2002.xls
2002,210,Khan Harun Yusuf,Clock,M,3003,L,0,data/maharashtra/mumbai/BMC 2002.xls
2002,210,Gangurde Vijay Bapurav,Aeroplane,M,11,L,0,data/maharashtra/mumbai/BMC 2002.xls
2002,210,Gorule Tavaji Sahadev,Bow and Arrow,M,7249,W,0,data/maharashtra/mumbai/BMC 2002.xls
2002,210,Cheda Pravin Gangaji,Axe,M,49,L,0,data/maharashtra/mumbai/BMC 2002.xls
2002,210,Jadhav Deelip Damodar,Elephnat,M,152,L,0,data/maharashtra/mumbai/BMC 2002.xls
2002,210,D'Souza Ayavan Feliksh,Sewing Maching,M,312,L,0,data/maharashtra/mumbai/BMC 2002.xls
2002,210,Dhuri Dhananjay Bhageshwar,Ralway Engine,M,25,L,0,data/maharashtra/mumbai/BMC 2002.xls
2002,210,Nagada Khushal Shimji,Camera,M,26,L,0,data/maharashtra/mumbai/BMC 2002.xls
2002,210,Parab Sanjay Shridhar,Whistle,M,695,L,0,data/maharashtra/mumbai/BMC 2002.xls
2002,210,Bachav Sunil Sakharam,Car,M,2923,L,0,data/maharashtra/mumbai/BMC 2002.xls
2002,210,Patil Ashok Manohar,Hand,M,4,L,0,data/maharashtra/mumbai/BMC 2002.xls
2002,210,Bhalerav Suresh Harishchandra,Bus,M,191,L,0,data/maharashtra/mumbai/BMC 2002.xls
2002,210,Magade Devidas Shrirang,Television,M,171,L,0,data/maharashtra/mumbai/BMC 2002.xls
2002,210,Mhatre Balasaheb Mahadev,Kite,M,1638,L,0,data/maharashtra/mumbai/BMC 2002.xls
2002,210,Roni A. Vilyams,Vsmf;rd,M,156,L,0,data/maharashtra/mumbai/BMC 2002.xls
2002,210,Shaikh Arif Kasim,Ink Pot & Pen,M,36,L,0,data/maharashtra/mumbai/BMC 2002.xls
2002,210,Shrivastav Kalicharan Patiram,Book,M,13,L,0,data/maharashtra/mumbai/BMC 2002.xls
2002,211,Kamble Bajirav Sadashiv,Aeroplane,M,108,L,0,data/maharashtra/mumbai/BMC 2002.xls
2002,211,Jadhav Jivan Padmanna,Lock and Key,M,2400,L,0,data/maharashtra/mumbai/BMC 2002.xls
2002,211,Dalvi Dattaram Babi,Bow and Arrow,M,11662,W,1,data/maharashtra/mumbai/BMC 2002.xls
2002,211,Bhalerav Premkumar Sakharam,Bungalow,M,114,L,0,data/maharashtra/mumbai/BMC 2002.xls
2002,211,Mohite Narayan Janardhan,Hand,M,2871,L,0,data/maharashtra/mumbai/BMC 2002.xls
2002,211,Rane Sanjay Bhaurav,Television,M,208,L,0,data/maharashtra/mumbai/BMC 2002.xls
2002,211,Vayakul Arun Sitaram,Bus,M,24,L,0,data/maharashtra/mumbai/BMC 2002.xls
2002,211,Shejaval Pramod Ramchandra,Railway Engine,M,185,L,0,data/maharashtra/mumbai/BMC 2002.xls
2002,211,Sathe Rajendra Nathu,Cup and Saucer,M,94,L,0,data/maharashtra/mumbai/BMC 2002.xls
2002,211,Sorate Ramchandra Ananda,Elephant,M,79,L,0,data/maharashtra/mumbai/BMC 2002.xls
2002,212,Anchan Aasha Vasantkumar,Bungalow,F,178,L,0,data/maharashtra/mumbai/BMC 2002.xls
2002,212,Khan Shahanaj Banu,Elephant,F,73,L,0,data/maharashtra/mumbai/BMC 2002.xls
2002,212,Chindarkar Suchita Tatu,Bow and Arrow,F,3116,L,1,data/maharashtra/mumbai/BMC 2002.xls
2002,212,Thakur Nirmala Premchand,Coconut,F,51,L,0,data/maharashtra/mumbai/BMC 2002.xls
2002,212,Nayar Mala Vikram,Hand,F,4475,W,0,data/maharashtra/mumbai/BMC 2002.xls
2002,212,Bhalerav Indumati Bhagavan,Aeroplane,F,26,L,0,data/maharashtra/mumbai/BMC 2002.xls
2002,212,Sharma Kiran Anil,Clock,F,2546,L,0,data/maharashtra/mumbai/BMC 2002.xls
2002,213,Karanje Suvrna Sahadev,Bow and Arrow,F,7312,W,1,data/maharashtra/mumbai/BMC 2002.xls
2002,213,Kale Sujata Pandurang,Clock,F,5742,L,0,data/maharashtra/mumbai/BMC 2002.xls
2002,213,Gujar Ratnmala Deepak,Bungalow,F,169,L,0,data/maharashtra/mumbai/BMC 2002.xls
2002,213,Pardeshi Shobha Jagdish,Elephant,F,124,L,0,data/maharashtra/mumbai/BMC 2002.xls
2002,213,Palshetkar Radhika Krushna,Railway Engine,F,507,L,0,data/maharashtra/mumbai/BMC 2002.xls
2002,213,Rane Devyani Dattatray,Television,F,3276,L,0,data/maharashtra/mumbai/BMC 2002.xls
2002,213,Vallavin Priya Janardhan,Candles,F,47,L,0,data/maharashtra/mumbai/BMC 2002.xls
2002,213,Shirke Shradha Sadashiv,Hand,F,2595,L,0,data/maharashtra/mumbai/BMC 2002.xls
2002,213,Sarvgode Mayavati Prakash,Lock and Key,F,628,L,0,data/maharashtra/mumbai/BMC 2002.xls
2002,214,Kadam Vishwanath Govind,Bow and Arrow,M,4115,L,0,data/maharashtra/mumbai/BMC 2002.xls
2002,214,Kamat Narayan Narsingh,Batsman,M,427,L,0,data/maharashtra/mumbai/BMC 2002.xls
2002,214,Jadhav Arun Narayan,Table Lamp,M,77,L,0,data/maharashtra/mumbai/BMC 2002.xls
2002,214,Dandgde Sukhdev Chandu,Aeroplane,M,41,L,0,data/maharashtra/mumbai/BMC 2002.xls
2002,214,Patekar Shliram Sukdev,Lock and Key,M,390,L,0,data/maharashtra/mumbai/BMC 2002.xls
2002,214,Patil Gopinath Dhondiram,Hand,M,1267,L,0,data/maharashtra/mumbai/BMC 2002.xls
2002,214,Pisal Dhananjay Sadashiv,Clock,M,4520,W,0,data/maharashtra/mumbai/BMC 2002.xls
2002,215,Almeda Alsi Stenali,Lock and Key,F,15,L,,data/maharashtra/mumbai/BMC 2002.xls
2002,215,Karadkar Kashinath Damoji,Hand,M,2564,L,,data/maharashtra/mumbai/BMC 2002.xls
2002,215,Gayakawad Kalidas Sakharam,Bungalow,M,678,L,,data/maharashtra/mumbai/BMC 2002.xls
2002,215,Chavan Anita Prakash,Axe,F,2700,L,,data/maharashtra/mumbai/BMC 2002.xls
2002,215,Dhoke Kishor Ajabarav,Bus,M,454,L,,data/maharashtra/mumbai/BMC 2002.xls
2002,215,Patil Manorama Dinanath,Clock,F,3305,L,,data/maharashtra/mumbai/BMC 2002.xls
2002,215,Pande Padmnabhadatt Surashenap,Lotus,M,3989,W,,data/maharashtra/mumbai/BMC 2002.xls
2002,215,Poojari Sanjiv Rama,Pressure Cooker,M,108,L,,data/maharashtra/mumbai/BMC 2002.xls
2002,215,Yadav Jagadish Rambahal,Bicycle,M,445,L,,data/maharashtra/mumbai/BMC 2002.xls
2002,215,Yadav Dharmdev Rajabali,Flaming Torch,M,341,L,,data/maharashtra/mumbai/BMC 2002.xls
2002,215,Yadav Shyamnarayan Vanshraj,Aeroplane,M,18,L,,data/maharashtra/mumbai/BMC 2002.xls
2002,215,Rane Hement Lavu,Coconut,M,228,L,,data/maharashtra/mumbai/BMC 2002.xls
2002,215,Vagh Sanjay Samadhan,Elephant,M,27,L,,data/maharashtra/mumbai/BMC 2002.xls
2002,215,Sinh Subhash Ramdular,Cup and Saucer,M,10,L,,data/maharashtra/mumbai/BMC 2002.xls
2002,216,Acharekar Mangesh Mohan,Hammer Sickle and Star,M,319,L,,data/maharashtra/mumbai/BMC 2002.xls
2002,216,Koragavankar Ramesh Gajanan,Bow and Arrow,M,9679,W,,data/maharashtra/mumbai/BMC 2002.xls
2002,216,Gupta Ashokkumar Bechulal,Bungalow,M,45,L,,data/maharashtra/mumbai/BMC 2002.xls
2002,216,Ghagh Madhukar Shankar,Hand,M,1463,L,,data/maharashtra/mumbai/BMC 2002.xls
2002,216,Joshi Daulat Atmaram,Bus,M,106,L,,data/maharashtra/mumbai/BMC 2002.xls
2002,216,Mithbavankar Virendra Vishwanath,Clock,M,1471,L,,data/maharashtra/mumbai/BMC 2002.xls
2002,216,Mejari Ramchandra Krushna,Television,M,2999,L,,data/maharashtra/mumbai/BMC 2002.xls
2002,217,Osval Pushpa Narendra,Table Lamp,F,558,L,,data/maharashtra/mumbai/BMC 2002.xls
2002,217,Gayakavad Pushpa Maru,Bungalow,F,441,L,,data/maharashtra/mumbai/BMC 2002.xls
2002,217,Jadhav Nirmala Shrihari,Elephant,F,67,L,,data/maharashtra/mumbai/BMC 2002.xls
2002,217,Dalvi Snehalata Manohar,Bow and Arrow,F,9453,W,,data/maharashtra/mumbai/BMC 2002.xls
2002,217,Dukhande Suhasini Sudhir,Clock,F,1599,L,,data/maharashtra/mumbai/BMC 2002.xls
2002,217,Badhe Deepmala Baban,Aeroplane,F,547,L,,data/maharashtra/mumbai/BMC 2002.xls
2002,217,Musale Vandana Mahadev,Hammer Sickle and Star,F,1567,L,,data/maharashtra/mumbai/BMC 2002.xls
2002,217,Yadav Sunita Nagina,Hand,F,5818,L,,data/maharashtra/mumbai/BMC 2002.xls
2002,217,Rajbhar Nareshdevi Hiralal,Television,F,23,L,,data/maharashtra/mumbai/BMC 2002.xls
2002,218,Anjarlekar Binadevi Jayavant,Clock,F,1011,L,,data/maharashtra/mumbai/BMC 2002.xls
2002,218,Patil Jayashri Jayavant,Hand,F,4362,L,,data/maharashtra/mumbai/BMC 2002.xls
2002,218,Yadav Subhadra Satyanarayan,Bicycle,F,1414,L,,data/maharashtra/mumbai/BMC 2002.xls
2002,218,Samjiskar Charusheela Sonu,Lotus,F,4760,W,,data/maharashtra/mumbai/BMC 2002.xls
2002,219,Ambre Suryakant Atmaram,Chair,M,1155,L,,data/maharashtra/mumbai/BMC 2002.xls
2002,219,Kashid Sambaji Shivaji,Women carrying pot on her head,M,164,L,,data/maharashtra/mumbai/BMC 2002.xls
2002,219,Patil Kundlik Bhavana,Bus,M,30,L,,data/maharashtra/mumbai/BMC 2002.xls
2002,219,Pal Sitaram Nukhai,Bicycle,M,226,L,,data/maharashtra/mumbai/BMC 2002.xls
2002,219,Bhame Deelip Tukaram,Clock,M,753,L,,data/maharashtra/mumbai/BMC 2002.xls
2002,219,Mane Shubhangi Prakash,Sewing Machine,F,9,L,,data/maharashtra/mumbai/BMC 2002.xls
2002,219,Shinde Suresh Atmaram,Bow and Arrow,M,6124,W,,data/maharashtra/mumbai/BMC 2002.xls
2002,219,Savant Dayanand Keshav,Hand,M,3349,L,,data/maharashtra/mumbai/BMC 2002.xls
2002,219,Salve Bharti Bajirav,Bungalow,F,148,L,,data/maharashtra/mumbai/BMC 2002.xls
2002,219,Singh Vidhyashankar Kalluram,Flaming Torch,M,38,L,,data/maharashtra/mumbai/BMC 2002.xls
2002,220,Koparkar Aasha Suresh,Hand,F,6394,W,,data/maharashtra/mumbai/BMC 2002.xls
2002,220,Kharate Indubai Sitaram,Elephant,F,132,L,,data/maharashtra/mumbai/BMC 2002.xls
2002,220,Khan Ruksana Najim,Bungalow,F,294,L,,data/maharashtra/mumbai/BMC 2002.xls
2002,220,Jha Lata Prakash,Bus,F,96,L,,data/maharashtra/mumbai/BMC 2002.xls
2002,220,Dediya Premila Pravinkumar,Railway Engine,F,94,L,,data/maharashtra/mumbai/BMC 2002.xls
2002,220,Madhavi Sunanda Baliram,Television,F,11,L,,data/maharashtra/mumbai/BMC 2002.xls
2002,220,Mahadik Namrata Nandkumar,Aeroplane,F,228,L,,data/maharashtra/mumbai/BMC 2002.xls
2002,220,Mukhiya Seeta Tikaram,Bow and Arrow,F,5102,L,,data/maharashtra/mumbai/BMC 2002.xls
2002,220,Mhatre Nayana Arun,Bicycle,F,470,L,,data/maharashtra/mumbai/BMC 2002.xls
2002,220,Shaikh Nazma Hasan,Chair,F,69,L,,data/maharashtra/mumbai/BMC 2002.xls
2002,220,Shaik Rasida Khatun Gulab,Clock,F,207,L,,data/maharashtra/mumbai/BMC 2002.xls
2002,220,Sanjagiri Suman Prabhakar,Hammer Sickle and Star,F,4013,L,,data/maharashtra/mumbai/BMC 2002.xls
2002,221,Achanani Pammikumar Dosamal,Lock and Key,M,501,L,0,data/maharashtra/mumbai/BMC 2002.xls
2002,221,Kode Dagdu Gauru,Candles,M,2101,L,0,data/maharashtra/mumbai/BMC 2002.xls
2002,221,Patil Leeladhar Gajanan,Aeroplane,M,339,L,0,data/maharashtra/mumbai/BMC 2002.xls
2002,221,Maske Vishvnath Shankar,Lotus,M,6747,L,0,data/maharashtra/mumbai/BMC 2002.xls
2002,221,Shirsekar Kiran Pandurang,Bungalow,M,69,L,0,data/maharashtra/mumbai/BMC 2002.xls
2002,221,Sanap Gaunath Baban,Axe,M,39,L,0,data/maharashtra/mumbai/BMC 2002.xls
2002,221,Singh Ramchritra Rambhajan,Hand,M,7282,W,1,data/maharashtra/mumbai/BMC 2002.xls
2002,222,Kadam Vasundhara Arun,Sewing Machine,F,52,L,0,data/maharashtra/mumbai/BMC 2002.xls
2002,222,Kodipavan M.,Chair,F,188,L,0,data/maharashtra/mumbai/BMC 2002.xls
2002,222,Gayakavad Shalini Samvel,Clock,F,1650,L,0,data/maharashtra/mumbai/BMC 2002.xls
2002,222,Juvale Gitali Giridhar,Kite,F,2311,L,0,data/maharashtra/mumbai/BMC 2002.xls
2002,222,Nadar Sailibam Gopalraja,Bus,F,592,L,0,data/maharashtra/mumbai/BMC 2002.xls
2002,222,Popat Prabhaben Jeram,Lotus,F,2051,L,0,data/maharashtra/mumbai/BMC 2002.xls
2002,222,Mahadik Rupali Rajendra,Table Lamp,F,164,L,0,data/maharashtra/mumbai/BMC 2002.xls
2002,222,Sabat Tunni Gilochan,Bungalow,F,373,L,0,data/maharashtra/mumbai/BMC 2002.xls
2002,222,Singh Chandrakala,Car,F,455,L,0,data/maharashtra/mumbai/BMC 2002.xls
2002,222,Singh Munnidevi Omprakash,Flaming Torch,F,288,L,0,data/maharashtra/mumbai/BMC 2002.xls
2002,222,Sokhi Avatarkaur,Hand,F,2373,W,0,data/maharashtra/mumbai/BMC 2002.xls
2002,223,Gangadhre Prakash Kashinath,Lotus,M,6012,L,0,data/maharashtra/mumbai/BMC 2002.xls
2002,223,Bhuvad Deelip Baburav,Kite,M,403,L,0,data/maharashtra/mumbai/BMC 2002.xls
2002,223,Marekar Parshuram Gangaram,Clock,M,6056,W,0,data/maharashtra/mumbai/BMC 2002.xls
2002,223,Sinh Babulal Ramkripal,Hand,M,4126,L,0,data/maharashtra/mumbai/BMC 2002.xls
2002,223,Soni Lalitkumar Rayachand,Bicycle,M,302,L,0,data/maharashtra/mumbai/BMC 2002.xls
2002,224,Jain Mulchand Bisanji,Comb,M,1960,L,0,data/maharashtra/mumbai/BMC 2002.xls
2002,224,Dhighe Vinod Anant,Aeroplane,M,51,L,0,data/maharashtra/mumbai/BMC 2002.xls
2002,224,Palav Suryakant Vishram,Sewing Machine,F,192,L,0,data/maharashtra/mumbai/BMC 2002.xls
2002,224,Yadav Krushnkumar Keshavsingh,Elephant,M,47,L,0,data/maharashtra/mumbai/BMC 2002.xls
2002,224,Shinde Prabhakar Tukaram,Bow and Arrow,M,5628,W,1,data/maharashtra/mumbai/BMC 2002.xls
2002,224,Samant Ravindra Vasudev,Clock,M,2370,L,0,data/maharashtra/mumbai/BMC 2002.xls
2002,224,Sawant Anil Dattatray,Hand,M,2656,L,0,data/maharashtra/mumbai/BMC 2002.xls
2002,224,Singh Ajay Navalakha,Chair,M,10,L,0,data/maharashtra/mumbai/BMC 2002.xls
2002,225,Kulkarni Vaishali Vinod,Bow and Arrow,F,6460,L,0,data/maharashtra/mumbai/BMC 2002.xls
2002,225,Tarkar Gajdish Gopal,Ralway Engine,M,79,L,0,data/maharashtra/mumbai/BMC 2002.xls
2002,225,Deshpande Sanjay Savaji,Bungalow,M,16,L,0,data/maharashtra/mumbai/BMC 2002.xls
2002,225,Patil Kailsah Raghunath,Hand,M,5374,L,0,data/maharashtra/mumbai/BMC 2002.xls
2002,225,Palav Santosh Vishram,Sewing Machine,M,67,L,0,data/maharashtra/mumbai/BMC 2002.xls
2002,225,Bhajantri Mahesh Bala,Chair,M,6,L,0,data/maharashtra/mumbai/BMC 2002.xls
2002,225,Rane Arvind Subhan,Bus,M,98,L,0,data/maharashtra/mumbai/BMC 2002.xls
2002,225,Vishwakarma Bachidevi Sabhajit,Aeroplane,F,29,L,0,data/maharashtra/mumbai/BMC 2002.xls
2002,225,Vaiti Nandkumar Atmaram,Clock,M,6577,L,0,data/maharashtra/mumbai/BMC 2002.xls
2002,225,Shandilya Ashish Govind,Batsman,M,460,L,0,data/maharashtra/mumbai/BMC 2002.xls
2002,225,Savant Eaknath Rajaram,Candles,M,33,L,0,data/maharashtra/mumbai/BMC 2002.xls
2002,226,Ganghale Kusum Arun,Bungalow,F,193,L,0,data/maharashtra/mumbai/BMC 2002.xls
2002,226,Joshi Pushplata Ramesh,Hand,F,2268,L,0,data/maharashtra/mumbai/BMC 2002.xls
2002,226,Patil Minakshi Suresh,Clock,F,7429,W,0,data/maharashtra/mumbai/BMC 2002.xls
2002,226,Mhatre Himali Anant,Aeroplane,F,491,L,0,data/maharashtra/mumbai/BMC 2002.xls
2002,226,Shah Rasilaben Vinod,Lotus,F,3294,L,0,data/maharashtra/mumbai/BMC 2002.xls
2002,227,Thomas Moni Ando,Bungalow,F,78,L,0,data/maharashtra/mumbai/BMC 2002.xls
2002,227,Dube Savita Santosh,Hand,F,4289,L,0,data/maharashtra/mumbai/BMC 2002.xls
2002,227,Phale Meena Santosh,Candles,F,75,L,0,data/maharashtra/mumbai/BMC 2002.xls
2002,227,Makavana Valiben Raghav,Lock and Key,F,2106,L,0,data/maharashtra/mumbai/BMC 2002.xls
2002,227,Yadav Dhanva Lalji,Bicycle,F,482,L,0,data/maharashtra/mumbai/BMC 2002.xls
2002,227,Sukale Hemlata Shantaram,Bow and Arrow,F,4664,W,0,data/maharashtra/mumbai/BMC 2002.xls
2002,227,Solanki Paru Devji,Bat,F,171,L,0,data/maharashtra/mumbai/BMC 2002.xls
