year,ward_no,candidate,symbol,gender,votes,won,incumbent,source_path
1997,1,Aserkar Prabhakar Shridhar,Ship,M,37,L,0,data/maharashtra/mumbai/BMC 1997.xls
1997,1,Sidhiki Ahmed Faruk,Top,M,7,L,0,data/maharashtra/mumbai/BMC 1997.xls
1997,1,Kasotiya Mohan Sevakram,Conch,M,94,L,0,data/maharashtra/mumbai/BMC 1997.xls
1997,1,Contractor Dara Barjorji,Aeroplane,M,292,L,0,data/maharashtra/mumbai/BMC 1997.xls
1997,1,Gupta Vijaykumar Choudhi,Flaming Torch,M,132,L,0,data/maharashtra/mumbai/BMC 1997.xls
1997,1,Joseph Anthony,Kite,M,76,L,0,data/maharashtra/mumbai/BMC 1997.xls
1997,1,Joviar Pal,Hurricane Lamp,M,422,L,0,data/maharashtra/mumbai/BMC 1997.xls
1997,1,Deshmukh Pyarelal Valdevprasad,Ladder,M,398,L,0,data/maharashtra/mumbai/BMC 1997.xls
1997,1,Doshi Puran Mohanlal,Hand,M,4763,W,0,data/maharashtra/mumbai/BMC 1997.xls
1997,1,Pawar Prakash Shivram,Tow Swords,M,88,L,0,data/maharashtra/mumbai/BMC 1997.xls
1997,1,Vait Arjun Pandurang,Slate,M,5,L,0,data/maharashtra/mumbai/BMC 1997.xls
1997,1,Miya Sayad Vajir Sayad,Boat,M,336,L,0,data/maharashtra/mumbai/BMC 1997.xls
1997,1,Meher Parshuram Kashinath,Bow & Arrow,M,3554,L,0,data/maharashtra/mumbai/BMC 1997.xls
1997,1,Yadav Vikas Rajaram,Railway Enigne,M,14,L,0,data/maharashtra/mumbai/BMC 1997.xls
1997,1,Rathod Kisan Thavaru,Candles,M,86,L,0,data/maharashtra/mumbai/BMC 1997.xls
1997,1,Lobo Pitar Jeviyar,Umbrella,M,734,L,0,data/maharashtra/mumbai/BMC 1997.xls
1997,1,Shekh Makbul Hidaytulla,Star,M,75,L,0,data/maharashtra/mumbai/BMC 1997.xls
1997,1,Sayyad Mohmmad Haditaki,Bicycle,M,1294,L,0,data/maharashtra/mumbai/BMC 1997.xls
1997,1,Sonavane Shidharth Tatyaram,Rising Sun,M,1534,L,0,data/maharashtra/mumbai/BMC 1997.xls
1997,2,Kanojiya Suresh Shivram,Bicycle,M,1223,L,0,data/maharashtra/mumbai/BMC 1997.xls
1997,2,Tandel Damodar Janardhan,Hand,M,1305,L,0,data/maharashtra/mumbai/BMC 1997.xls
1997,2,Narvekar Suresh Murari,Bow & Arrow,M,1965,W,0,data/maharashtra/mumbai/BMC 1997.xls
1997,2,Meher Ramchandra Kamalakar,Star,M,36,L,0,data/maharashtra/mumbai/BMC 1997.xls
1997,3,Umape Kausalya Maruti,Plough,F,720,L,0,data/maharashtra/mumbai/BMC 1997.xls
1997,3,Khaire Rami Ramdas,Electic Bulb,F,26,L,0,data/maharashtra/mumbai/BMC 1997.xls
1997,3,Gaykawad Subhadra Prabhu,Star,F,94,L,0,data/maharashtra/mumbai/BMC 1997.xls
1997,3,Gala Maniben Nensi,Bicycle,F,1049,L,0,data/maharashtra/mumbai/BMC 1997.xls
1997,3,Cheda Manjula Shivaji,Lotus,F,3775,L,0,data/maharashtra/mumbai/BMC 1997.xls
1997,3,Philips Nilophar Anilkumar,Chakra (Wheel),F,91,L,0,data/maharashtra/mumbai/BMC 1997.xls
1997,3,Meshram Antika Ashok,Rising Sun,F,735,L,0,data/maharashtra/mumbai/BMC 1997.xls
1997,3,Shekar Ani Sitambalam,Hand,F,4126,W,0,data/maharashtra/mumbai/BMC 1997.xls
1997,4,Kale Kalpana Arun,Bow & Arrow,F,3100,L,0,data/maharashtra/mumbai/BMC 1997.xls
1997,4,Khaire Rami Ramdas,Electric Bulb,F,29,L,0,data/maharashtra/mumbai/BMC 1997.xls
1997,4,Gurav Shakuntala Dattaram,Brick,F,12,L,0,data/maharashtra/mumbai/BMC 1997.xls
1997,4,Dhulla Vijaya Kantilal,Hand,F,6539,W,1,data/maharashtra/mumbai/BMC 1997.xls
1997,4,Pawar Sanskruti Suresh,Rising Sun,F,641,L,0,data/maharashtra/mumbai/BMC 1997.xls
1997,4,Shah Jyoti Prabhudas,Bicycle,F,1372,L,0,data/maharashtra/mumbai/BMC 1997.xls
1997,4,Shah Panna,Chakra (Wheel),F,140,L,0,data/maharashtra/mumbai/BMC 1997.xls
1997,4,Shekh Amina Kayum,Two Swords,F,75,L,0,data/maharashtra/mumbai/BMC 1997.xls
1997,4,Hate Shila Dilip,Star,F,69,L,0,data/maharashtra/mumbai/BMC 1997.xls
1997,5,Anji V. K.,Car,M,25,L,0,data/maharashtra/mumbai/BMC 1997.xls
1997,5,Kureshi Mohmmad Ekbal Mohmmad Husen,Flaming Torch,M,36,L,0,data/maharashtra/mumbai/BMC 1997.xls
1997,5,Khan Rais Ahmed,Two Swords & Shield,M,60,L,0,data/maharashtra/mumbai/BMC 1997.xls
1997,5,Gujrati Mohmmad Yusuf Suleman,Ladder,M,774,L,0,data/maharashtra/mumbai/BMC 1997.xls
1997,5,Chourasiya Vishnuprasad Baldevran,Aroplane,M,147,L,0,data/maharashtra/mumbai/BMC 1997.xls
1997,5,Dhonde Dattaram Pandurang,Bow & Arrow,M,2351,L,0,data/maharashtra/mumbai/BMC 1997.xls
1997,5,Pawar Balvantray Sonappa,Hand,M,6375,W,0,data/maharashtra/mumbai/BMC 1997.xls
1997,5,Hirji Eqbal Salim,Bicycle,M,5484,L,0,data/maharashtra/mumbai/BMC 1997.xls
1997,6,Athar Abbas Gulam,Car,M,811,L,0,data/maharashtra/mumbai/BMC 1997.xls
1997,6,Abani Yusuf Mohmmad Husen,Bicycle,M,7349,W,0,data/maharashtra/mumbai/BMC 1997.xls
1997,6,Khan Mahmad Aslam Azami,Coconut Tree bearing Fruits,M,20,L,0,data/maharashtra/mumbai/BMC 1997.xls
1997,6,Choudhari Mohmmed Eqbal Elmudin,Hand,M,1535,L,0,data/maharashtra/mumbai/BMC 1997.xls
1997,6,Tarkar Nishakant Govind,Plough,M,122,L,0,data/maharashtra/mumbai/BMC 1997.xls
1997,6,Dhirjivala Tayyavali Ebrahim,Umbrella,M,742,L,0,data/maharashtra/mumbai/BMC 1997.xls
1997,6,Motiwala Ebrahim Abdul Karim,Ladder,M,1180,L,0,data/maharashtra/mumbai/BMC 1997.xls
1997,6,Shekh Salim Abdul Ramad,Chakra (Wheel),M,379,L,0,data/maharashtra/mumbai/BMC 1997.xls
1997,6,Shety Sampat Kadiya,Lotus,M,2014,L,0,data/maharashtra/mumbai/BMC 1997.xls
1997,6,Siraj Husen Ali Vishram,Star,M,54,L,0,data/maharashtra/mumbai/BMC 1997.xls
1997,7,Ansari Vakarunnisa Zahid Husen,Cicycle,F,5436,W,0,data/maharashtra/mumbai/BMC 1997.xls
1997,7,Khojada Femida Ayub,Ladder,F,825,L,0,data/maharashtra/mumbai/BMC 1997.xls
1997,7,Nanjiyani Rafiya Masum,Hand,F,1795,L,0,data/maharashtra/mumbai/BMC 1997.xls
1997,7,Redij Rukhmini Shrikrishna,Tow Swords & Shield,F,397,L,0,data/maharashtra/mumbai/BMC 1997.xls
1997,7,Valavalkar Shubhangi Yashvant,Bow & Arrow,F,2656,L,0,data/maharashtra/mumbai/BMC 1997.xls
1997,7,Sommaiyya Gangaben Rameshchandra,Conch,F,108,L,0,data/maharashtra/mumbai/BMC 1997.xls
1997,8,Irani Sayras Behram,Candles,M,376,L,0,data/maharashtra/mumbai/BMC 1997.xls
1997,8,Jain Nitin Indramalji,Umbrella,M,25,L,0,data/maharashtra/mumbai/BMC 1997.xls
1997,8,Jain Romil Devraj,Railway Engine,M,16,L,0,data/maharashtra/mumbai/BMC 1997.xls
1997,8,Dhuriya Rambahor Ramanand,Lock & Key,M,58,L,0,data/maharashtra/mumbai/BMC 1997.xls
1997,8,Nhiyekar Pravin Vasant,Two Swords & A Shield,M,1990,L,0,data/maharashtra/mumbai/BMC 1997.xls
1997,8,Pande Mataprasad Tulsiram,Ladder,M,607,L,0,data/maharashtra/mumbai/BMC 1997.xls
1997,8,Farnandis Fransis Gilbart Alex,Rising Sun,M,604,L,0,data/maharashtra/mumbai/BMC 1997.xls
1997,8,Bhovad Chandrakant Dhondu,Boy & Girl,M,366,L,0,data/maharashtra/mumbai/BMC 1997.xls
1997,8,Vyas Sushilkumar Deviprakash,Hand,M,3356,L,0,data/maharashtra/mumbai/BMC 1997.xls
1997,8,Shah Jivaraj Sardarmal,Lotus,M,7822,W,0,data/maharashtra/mumbai/BMC 1997.xls
1997,8,Shivani Kadar Ebrahim,Bar,M,74,L,0,data/maharashtra/mumbai/BMC 1997.xls
1997,8,Shukla Rammilan,Star,M,40,L,0,data/maharashtra/mumbai/BMC 1997.xls
1997,8,Salunkhe Bhanudas Hanumant,Spectacles,M,61,L,0,data/maharashtra/mumbai/BMC 1997.xls
1997,8,Solanki Ramnik Gaharilal,Plough,M,48,L,0,data/maharashtra/mumbai/BMC 1997.xls
1997,9,Kashelkar Nilima Jayvant,Bow & Arrow,F,7015,W,0,data/maharashtra/mumbai/BMC 1997.xls
1997,9,Patel Karuna Chiman,Hand,F,5284,L,0,data/maharashtra/mumbai/BMC 1997.xls
1997,10,Choudhari Satyanarayan Motilal,Fire Engine,M,7,L,0,data/maharashtra/mumbai/BMC 1997.xls
1997,10,Joshi Suresh Mangilal,Star,M,16,L,0,data/maharashtra/mumbai/BMC 1997.xls
1997,10,Tiwari Rakesh Shambhai,Chair,M,292,L,0,data/maharashtra/mumbai/BMC 1997.xls
1997,10,Nagi Harjindarsing Gyansing,Two Swords & A Shield,M,981,L,0,data/maharashtra/mumbai/BMC 1997.xls
1997,10,Patel Yakub Musa,Ladder,M,115,L,0,data/maharashtra/mumbai/BMC 1997.xls
1997,10,Meman Abdul Gaffar Mohmmed,Trumpet,M,1,L,0,data/maharashtra/mumbai/BMC 1997.xls
1997,10,Meman Yakub Janmohmmed,Bicycle,M,6895,W,0,data/maharashtra/mumbai/BMC 1997.xls
1997,10,Sharma Vinodkumar Shivcharan,Car,M,19,L,0,data/maharashtra/mumbai/BMC 1997.xls
1997,10,Shah Atul Hasmukhlal,Lotus,M,3659,L,0,data/maharashtra/mumbai/BMC 1997.xls
1997,10,Shekh Salim Muhmmed Yasin,Hand,M,1457,L,0,data/maharashtra/mumbai/BMC 1997.xls
1997,10,Shekh Suleman Daud Malang Sarank,Coconut Tree bearing Fruits,M,152,L,0,data/maharashtra/mumbai/BMC 1997.xls
1997,10,Sidhiki Mohmmed Salim,Aeroplane,M,53,L,0,data/maharashtra/mumbai/BMC 1997.xls
1997,11,Chorat Vijay Haribhau,Two Swords & A Shield,M,2071,L,0,data/maharashtra/mumbai/BMC 1997.xls
1997,11,Patel Pushpaben Dayabhai,Hand,F,3897,L,0,data/maharashtra/mumbai/BMC 1997.xls
1997,11,Parmar Vijay Shankarlal,Charkha,M,213,L,0,data/maharashtra/mumbai/BMC 1997.xls
1997,11,Mansuri Mohmmed Hanif Abbas,Bicycle,M,5314,W,0,data/maharashtra/mumbai/BMC 1997.xls
1997,11,Shiryankar Naresh Raghunath,Bow & Arrow,M,5065,L,0,data/maharashtra/mumbai/BMC 1997.xls
1997,12,Goythale Jaya Madhav,Bow & Arrow,F,7676,W,0,data/maharashtra/mumbai/BMC 1997.xls
1997,12,Gohil Niru Pravin,Charkha,F,281,L,0,data/maharashtra/mumbai/BMC 1997.xls
1997,12,Tupat Vaishali Suresh,Hand,F,3023,L,0,data/maharashtra/mumbai/BMC 1997.xls
1997,12,Navalkar Meena Arun,Coconut Trees bearing Fruits,F,276,L,0,data/maharashtra/mumbai/BMC 1997.xls
1997,12,Mhatre Shailaja Satishchandra,Specticales,F,1556,L,0,data/maharashtra/mumbai/BMC 1997.xls
1997,12,Shroti Sangita Gopinath,Conch,F,518,L,0,data/maharashtra/mumbai/BMC 1997.xls
1997,13,Charla Devji Jethamal,Ladder,M,26,L,0,data/maharashtra/mumbai/BMC 1997.xls
1997,13,Zha Rajesh Bhogendra,TelevisionCharkha,M,34,L,0,data/maharashtra/mumbai/BMC 1997.xls
1997,13,Thakur Suresh Baburao,Charkha,M,147,L,0,data/maharashtra/mumbai/BMC 1997.xls
1997,13,Nerekar Arvind Keshav,Bow & Arrow,M,5585,W,0,data/maharashtra/mumbai/BMC 1997.xls
1997,13,Pujari Mahadev Narayan,Star,M,235,L,0,data/maharashtra/mumbai/BMC 1997.xls
1997,13,Pandit Jayant Bhalchandra,Flaming Torch,M,118,L,0,data/maharashtra/mumbai/BMC 1997.xls
1997,13,Lad Sadanand Shamrao,Two Swords & Shield,M,482,L,0,data/maharashtra/mumbai/BMC 1997.xls
1997,13,Shah Harendra Kantilal,Chakra (Wheel),M,103,L,0,data/maharashtra/mumbai/BMC 1997.xls
1997,13,Sheth Gunvant Hiralal,Hand,M,4906,L,0,data/maharashtra/mumbai/BMC 1997.xls
1997,13,Sawant Surendra Harishchandra,Conch,M,370,L,0,data/maharashtra/mumbai/BMC 1997.xls
1997,14,Kokate Kishor Hanumant,Rising Sun,M,611,L,0,data/maharashtra/mumbai/BMC 1997.xls
1997,14,Khedekar Mahendra Dattatraya,Electric Bulb,M,597,L,0,data/maharashtra/mumbai/BMC 1997.xls
1997,14,Dhanawade Shantaram Balu,Lotus,M,5140,W,0,data/maharashtra/mumbai/BMC 1997.xls
1997,14,Ramane Dilip Narayan,Hand,M,3526,L,0,data/maharashtra/mumbai/BMC 1997.xls
1997,14,Shirke Sanjay Ramchandra,Two Swords & A shelf,M,492,L,0,data/maharashtra/mumbai/BMC 1997.xls
1997,15,Ozha Shekhar Parshuram,Conch,M,303,L,0,data/maharashtra/mumbai/BMC 1997.xls
1997,15,Patel Sanjeev Shantnukumar,Lotus,M,3467,L,0,data/maharashtra/mumbai/BMC 1997.xls
1997,15,Bansode Anusaya Nandu,Rising Sun,F,72,L,0,data/maharashtra/mumbai/BMC 1997.xls
1997,15,Bhatiya Geeta Kishor,Conconut Tree bearing Fruits,F,241,L,0,data/maharashtra/mumbai/BMC 1997.xls
1997,15,Mayekar Subhash Vittal,Hand,M,4489,W,0,data/maharashtra/mumbai/BMC 1997.xls
1997,15,Sawant Sunil Vishnu,Charkha,M,252,L,0,data/maharashtra/mumbai/BMC 1997.xls
1997,16,Jagtap Mahendra Nivruti,Rising Sun,M,36,L,0,data/maharashtra/mumbai/BMC 1997.xls
1997,16,Jadhav Kisan Baburao,Hand,M,7270,W,0,data/maharashtra/mumbai/BMC 1997.xls
1997,16,Jadhav Pandurang Dagadu,Two Swords & A shield,M,447,L,0,data/maharashtra/mumbai/BMC 1997.xls
1997,16,Doradi Saroj Nariman,Star,M,213,L,0,data/maharashtra/mumbai/BMC 1997.xls
1997,16,Naik Ramesh Hanumant,Haldhar within Wheel,M,137,L,0,data/maharashtra/mumbai/BMC 1997.xls
1997,16,Pawar Motiram Lahu,Jeep,M,209,L,0,data/maharashtra/mumbai/BMC 1997.xls
1997,16,Pawar Shirley Motiram,Ship,F,13,L,0,data/maharashtra/mumbai/BMC 1997.xls
1997,16,Pote Harishchandra Mahadev,Bow & Arrow,M,4638,L,0,data/maharashtra/mumbai/BMC 1997.xls
1997,16,Yadav Babulal Haribhai,Charkha,M,136,L,0,data/maharashtra/mumbai/BMC 1997.xls
1997,16,Shivdas Vasant Maruti,Trumpet,M,14,L,0,data/maharashtra/mumbai/BMC 1997.xls
1997,16,Sonavane Shankar Gangadhar,Aeroplane,M,11,L,0,data/maharashtra/mumbai/BMC 1997.xls
1997,17,Koli Bhavana Dhirajlal,Hand,F,6470,W,0,data/maharashtra/mumbai/BMC 1997.xls
1997,17,Kamble Jayshree Sopan,Rising Sun,F,481,L,0,data/maharashtra/mumbai/BMC 1997.xls
1997,17,Chouhan Geeta Pravin,Bicycle,F,389,L,0,data/maharashtra/mumbai/BMC 1997.xls
1997,17,Jogdiya Usha Nanji,Star,F,227,L,0,data/maharashtra/mumbai/BMC 1997.xls
1997,17,Variya Premlata Manoj,Bow & Arrow,F,3308,L,0,data/maharashtra/mumbai/BMC 1997.xls
1997,17,Vinjuda Dhudibai Hamir,Railway Engine,F,114,L,0,data/maharashtra/mumbai/BMC 1997.xls
1997,18,Avhal Shivaji Ramchandra,Trumpet,M,437,L,0,data/maharashtra/mumbai/BMC 1997.xls
1997,18,Kadam Arun Vishnu,Kite,M,108,L,0,data/maharashtra/mumbai/BMC 1997.xls
1997,18,Kadam Satyawan Baliram,Star,M,130,L,0,data/maharashtra/mumbai/BMC 1997.xls
1997,18,Kalsekar Jaywant Govind,Bow & Arrow,M,3262,L,0,data/maharashtra/mumbai/BMC 1997.xls
1997,18,Patel Chandulal Maganlal,Jeep,M,78,L,0,data/maharashtra/mumbai/BMC 1997.xls
1997,18,Panirwala Musa Ajiz Fakir,Charkha,M,1759,L,0,data/maharashtra/mumbai/BMC 1997.xls
1997,18,Pande Chotelal Badrilal,Television,M,170,L,0,data/maharashtra/mumbai/BMC 1997.xls
1997,18,Brid Shantaram Sakharam,Hand,M,3517,W,0,data/maharashtra/mumbai/BMC 1997.xls
1997,18,Rathod Narendra Ramji,Bicycle,M,388,L,0,data/maharashtra/mumbai/BMC 1997.xls
1997,18,Rathod Manoj Nanji,Ears of Corn & Sickle,M,298,L,0,data/maharashtra/mumbai/BMC 1997.xls
1997,18,Rane Umesh Balkrishna,Two Swords & Shield,M,977,L,0,data/maharashtra/mumbai/BMC 1997.xls
1997,18,Hule Vijay Sonu,Plough,M,351,L,0,data/maharashtra/mumbai/BMC 1997.xls
1997,19,Naik Rajesh Rohidas,Hand,M,2960,L,0,data/maharashtra/mumbai/BMC 1997.xls
1997,19,Patel Yogesh Amrutlal,Telephone,M,1274,L,0,data/maharashtra/mumbai/BMC 1997.xls
1997,19,Parsekar Pradeep Sambhaji,Ladder,M,263,L,0,data/maharashtra/mumbai/BMC 1997.xls
1997,19,Pankar Anant Bhiku,Lotus,M,5829,W,0,data/maharashtra/mumbai/BMC 1997.xls
1997,19,Prajapati Jayantibhai Mangaldas,Coconut Tree Bearing Fruits,M,667,L,0,data/maharashtra/mumbai/BMC 1997.xls
1997,19,B. Neelprabha,Ears of Corn & Sickle,F,155,L,0,data/maharashtra/mumbai/BMC 1997.xls
1997,19,Sonawane Sudhakar Pitambar,Star,M,80,L,0,data/maharashtra/mumbai/BMC 1997.xls
1997,20,Kurale Sunil Dnynu,Clock,M,192,L,0,data/maharashtra/mumbai/BMC 1997.xls
1997,20,Kureshi Goig Akhtar Abdul Satar,Ladder,M,41,L,0,data/maharashtra/mumbai/BMC 1997.xls
1997,20,Khan Assar Faiyaj,Car,M,10,L,0,data/maharashtra/mumbai/BMC 1997.xls
1997,20,Mehta Noshir Rushi,Hand,M,10220,W,1,data/maharashtra/mumbai/BMC 1997.xls
1997,20,Mehta Hiralal Nanjiji,Lotus,M,1669,L,0,data/maharashtra/mumbai/BMC 1997.xls
1997,20,Shekh Abdul Wahid Abdul Khalif,Bat,M,7,L,0,data/maharashtra/mumbai/BMC 1997.xls
1997,20,Shekh Abdul Wahid,Charkha,M,177,L,0,data/maharashtra/mumbai/BMC 1997.xls
1997,20,Shekh Asif Abdulla,Candles,M,14,L,0,data/maharashtra/mumbai/BMC 1997.xls
1997,20,Sayyad Arif Akbar,Bicycle,M,3466,L,0,data/maharashtra/mumbai/BMC 1997.xls
1997,20,Sidhiki Saniyar Liyakat Ali R.,Aeroplene,M,7,L,0,data/maharashtra/mumbai/BMC 1997.xls
1997,21,Kothari Sureshmal Jethmal,Conch,M,401,L,0,data/maharashtra/mumbai/BMC 1997.xls
1997,21,Khan Irfan Makbulhasan,Ladder,M,20,L,0,data/maharashtra/mumbai/BMC 1997.xls
1997,21,Khan Khalid Masud,Bicycle,M,4536,L,0,data/maharashtra/mumbai/BMC 1997.xls
1997,21,Jariwala Abdul Salam,Chair,M,33,L,0,data/maharashtra/mumbai/BMC 1997.xls
1997,21,Jadhav Yashwant Shankar,Chakra (Wheel),M,128,L,0,data/maharashtra/mumbai/BMC 1997.xls
1997,21,Diwar Manohar Tukaram,Rising Sun,M,379,L,0,data/maharashtra/mumbai/BMC 1997.xls
1997,21,Nijami Idris,Jeep,M,11,L,0,data/maharashtra/mumbai/BMC 1997.xls
1997,21,Patkar Ramakant Govind,Ears of Corn & Sickle,M,758,L,0,data/maharashtra/mumbai/BMC 1997.xls
1997,21,Pande Brahmchari Nareshdatta,Kite,M,4581,L,0,data/maharashtra/mumbai/BMC 1997.xls
1997,21,Puralkar Shantaram Dhondu,Hand,M,579,L,0,data/maharashtra/mumbai/BMC 1997.xls
1997,21,Lakeshri Rajendra Shankar,Two Swords & A Shield,M,1027,L,0,data/maharashtra/mumbai/BMC 1997.xls
1997,21,Sayyad Raja Jafar,Star,M,50,L,0,data/maharashtra/mumbai/BMC 1997.xls
1997,21,Surve Kiran Raghunath,Bow & Arrow,M,4604,W,0,data/maharashtra/mumbai/BMC 1997.xls
1997,21,Shekh Mohmmed Arif Mohmmed Ismail,Coconut Tree Bearing Fruit,M,9,L,0,data/maharashtra/mumbai/BMC 1997.xls
1997,22,Ibaji Jakir Suleman,Telephone,M,17,L,0,data/maharashtra/mumbai/BMC 1997.xls
1997,22,Khan Ali Husen Rahat Husen,Chakra (Wheel),M,1646,L,0,data/maharashtra/mumbai/BMC 1997.xls
1997,22,Khan Rijban Ahmed,Hand,M,1720,L,0,data/maharashtra/mumbai/BMC 1997.xls
1997,22,Khan Shakil Mohmmed Toufik Khan,Railway Engine,M,7,L,0,data/maharashtra/mumbai/BMC 1997.xls
1997,22,Khan Sikandar A. Latif,Rising Sun,M,212,L,0,data/maharashtra/mumbai/BMC 1997.xls
1997,22,Nijami Shaheda Khan Idris,Jeep,F,352,L,0,data/maharashtra/mumbai/BMC 1997.xls
1997,22,Pai Sunil Narshinh,Bow & Arrow,M,2887,L,0,data/maharashtra/mumbai/BMC 1997.xls
1997,22,Shekh Abdul Samad,Ship,M,4,L,0,data/maharashtra/mumbai/BMC 1997.xls
1997,22,Shekh Aslam Mohmmed Husen,Star,M,1576,L,0,data/maharashtra/mumbai/BMC 1997.xls
1997,22,Shekh Nasir Jamal,Bicycle,M,7192,W,0,data/maharashtra/mumbai/BMC 1997.xls
1997,22,Shekh Moinuddin Said Ahmed,Aeroplene,M,11,L,0,data/maharashtra/mumbai/BMC 1997.xls
1997,22,Sidhiki Dilhasan,Ladder,M,871,L,0,data/maharashtra/mumbai/BMC 1997.xls
1997,23,Ansari Hafij Salauddin,Star,M,41,L,0,data/maharashtra/mumbai/BMC 1997.xls
1997,23,Kazi Nazimuddin A. Hamid,Chakra (Wheel),M,5245,L,0,data/maharashtra/mumbai/BMC 1997.xls
1997,23,Kotkar Ravindra Yaman,Hand,M,2173,L,0,data/maharashtra/mumbai/BMC 1997.xls
1997,23,Kamble Anand Shrawan,Rising Sun,M,1083,L,0,data/maharashtra/mumbai/BMC 1997.xls
1997,23,Jadhav Yashwant Kamlakar,Bow & Arrow,M,6545,W,0,data/maharashtra/mumbai/BMC 1997.xls
1997,23,Tikuz Sirij Reymand,Umbrella,M,1158,L,0,data/maharashtra/mumbai/BMC 1997.xls
1997,23,Bhadrige Kailash Laxman,Spade & Stoker,M,46,L,0,data/maharashtra/mumbai/BMC 1997.xls
1997,23,Mhatre Bharat Madhukar,Two Swords & A Shield,M,840,L,0,data/maharashtra/mumbai/BMC 1997.xls
1997,23,Shivalkar Suresh Govind,Bat,M,449,L,0,data/maharashtra/mumbai/BMC 1997.xls
1997,24,Koli Laxmi Nagppa,Hand Pump,F,579,L,0,data/maharashtra/mumbai/BMC 1997.xls
1997,24,Golatkar Shubhangi Sudhakarq,Chakra (Wheel),F,865,L,0,data/maharashtra/mumbai/BMC 1997.xls
1997,24,Chindarkar Prabha Prakash,Hand,F,7372,L,0,data/maharashtra/mumbai/BMC 1997.xls
1997,24,Patkar Ulka Ashok,Bow & Arrow,F,7623,L,0,data/maharashtra/mumbai/BMC 1997.xls
1997,25,Kazi Yunus Kadar,Telephone,M,190,L,0,data/maharashtra/mumbai/BMC 1997.xls
1997,25,Dalal Arif Fakaruddin,Chakra (Wheel),M,1071,L,0,data/maharashtra/mumbai/BMC 1997.xls
1997,25,Devkar Maruti Savlaram,Hand,M,4257,L,0,data/maharashtra/mumbai/BMC 1997.xls
1997,25,Navle Subhash Pandurang,Ladder,M,340,L,0,data/maharashtra/mumbai/BMC 1997.xls
1997,25,Bagve Mahendra Pandurang,Two Swords & A Shield,M,3292,L,0,data/maharashtra/mumbai/BMC 1997.xls
1997,25,Rajjak Mahant Prasad Zapsu,Star,M,115,L,0,data/maharashtra/mumbai/BMC 1997.xls
1997,25,Shekh Mohmmed Hashim,Apple,M,449,L,0,data/maharashtra/mumbai/BMC 1997.xls
1997,25,Sawant Ram Shridhar,Bow & Arrow,M,4433,W,0,data/maharashtra/mumbai/BMC 1997.xls
1997,25,Sonawane Popat Kisan,Rising Sun,M,1212,L,0,data/maharashtra/mumbai/BMC 1997.xls
1997,25,Solanki Jitendra Raychandra,Bicycle,M,506,L,0,data/maharashtra/mumbai/BMC 1997.xls
1997,26,Ansari Mohmmed Sajid Abdul Aziz,Umbrella,M,635,L,0,data/maharashtra/mumbai/BMC 1997.xls
1997,26,Ansari Mohmmed Iqbal Shamsuddin,Chakra (Wheel),M,4946,L,0,data/maharashtra/mumbai/BMC 1997.xls
1997,26,Ansari Riyajuddin Nijamuddin,Bat,M,21,L,0,data/maharashtra/mumbai/BMC 1997.xls
1997,26,Ansari Shakir Mo. Shabir,Bicycle,M,5219,W,0,data/maharashtra/mumbai/BMC 1997.xls
1997,26,Kamil Jamil Abdul Raheman,Hand,M,3102,L,0,data/maharashtra/mumbai/BMC 1997.xls
1997,26,Kureshi Akbar Abdul,Lotus,M,230,L,0,data/maharashtra/mumbai/BMC 1997.xls
1997,27,Ansari Akhtari Mohmmed Ismail,Candles,F,23,L,0,data/maharashtra/mumbai/BMC 1997.xls
1997,27,Ansari Anisa Yunus,Two Swords & A Shield,F,2086,L,0,data/maharashtra/mumbai/BMC 1997.xls
1997,27,Ansari Nasrin Gulam Rasul,"Hammer, Sickle & Star",F,1269,L,0,data/maharashtra/mumbai/BMC 1997.xls
1997,27,Agavankar Shubhankaroti Jeevan,Boy & Girl,F,693,L,0,data/maharashtra/mumbai/BMC 1997.xls
1997,27,Kadam Shewanta Rajaram,Star,F,50,L,0,data/maharashtra/mumbai/BMC 1997.xls
1997,27,Kondvilkar Pradnya Dhondu,Kite,F,1470,L,0,data/maharashtra/mumbai/BMC 1997.xls
1997,27,Khan Afrin Faiyaz Ahmed,Chakra (Wheel),F,3248,L,0,data/maharashtra/mumbai/BMC 1997.xls
1997,27,Khan Farida Inamulla,Black Board,F,13,L,0,data/maharashtra/mumbai/BMC 1997.xls
1997,27,Khan Faimida Mo. Anvar,Bicycle,F,1253,L,0,data/maharashtra/mumbai/BMC 1997.xls
1997,27,Khan Rajiya Hamid,Two Leaves,F,32,L,0,data/maharashtra/mumbai/BMC 1997.xls
1997,27,Khan Sajida Jamil,Umbrella,F,132,L,0,data/maharashtra/mumbai/BMC 1997.xls
1997,27,Pawar Jaywanta Shankar,Aeroplane,F,88,L,0,data/maharashtra/mumbai/BMC 1997.xls
1997,27,Raut Surekha Kashinath,Bow & Arrow,F,3275,W,0,data/maharashtra/mumbai/BMC 1997.xls
1997,27,Dr. Shekh Aliya Abdul Kadir,Apple,F,33,L,0,data/maharashtra/mumbai/BMC 1997.xls
1997,27,Shekh Najma Rahimuddin,Ladder,F,265,L,0,data/maharashtra/mumbai/BMC 1997.xls
1997,27,Sayyad Amina Mohmmed,Hand,F,1401,L,0,data/maharashtra/mumbai/BMC 1997.xls
1997,28,Ansari Fargana Nasim,Bicycle,F,609,L,0,data/maharashtra/mumbai/BMC 1997.xls
1997,28,Kanade Urmila Motiram,Ladder,F,39,L,0,data/maharashtra/mumbai/BMC 1997.xls
1997,28,Gole Sulocana Ramchandra,Hand,F,1354,L,0,data/maharashtra/mumbai/BMC 1997.xls
1997,28,Chauhan Anusaya Manmohan,Umbrella,F,107,L,0,data/maharashtra/mumbai/BMC 1997.xls
1997,28,Chauhan Deepali Dilip,Bow & Arrow,F,6308,W,0,data/maharashtra/mumbai/BMC 1997.xls
1997,28,Pednekar Surekha Charudatta,Two Swords & A Shield,F,4038,L,0,data/maharashtra/mumbai/BMC 1997.xls
1997,28,Mamjiya Chanchalben Dhanji,Star,F,21,L,0,data/maharashtra/mumbai/BMC 1997.xls
1997,28,Dr. Shekh Aliya Abdul Kadir,Apple,F,15,L,0,data/maharashtra/mumbai/BMC 1997.xls
1997,28,Shekh Nurjaha Riyaz Ahmed,Chakra (Wheel),F,639,L,0,data/maharashtra/mumbai/BMC 1997.xls
1997,29,Kundhadiya Dhiraj Dhanji,Plough,M,80,L,0,data/maharashtra/mumbai/BMC 1997.xls
1997,29,Dhag Vinayak Narayan,Clock,M,460,L,0,data/maharashtra/mumbai/BMC 1997.xls
1997,29,Divekar Shripat Ramchandra,Hurricane Lamp,M,161,L,0,data/maharashtra/mumbai/BMC 1997.xls
1997,29,Naik Neeta Ashwin,Bow & Arrow,F,7937,W,0,data/maharashtra/mumbai/BMC 1997.xls
1997,29,Padwal Harishchandra Pandurang,Two Swords & A Shield,M,3219,L,0,data/maharashtra/mumbai/BMC 1997.xls
1997,29,Momin Abdul Kayyum Sultan,Star,M,32,L,0,data/maharashtra/mumbai/BMC 1997.xls
1997,29,Waghgare Ganesh Shankar,Rising Sun,M,239,L,0,data/maharashtra/mumbai/BMC 1997.xls
1997,29,Shirke Sanjay Govindrao,Hand,M,5131,L,0,data/maharashtra/mumbai/BMC 1997.xls
1997,30,Khot Smita Ramesh,Two Swords & A Shield,F,2060,L,0,data/maharashtra/mumbai/BMC 1997.xls
1997,30,Tukrul Shailaja Dattaram,Hand,F,3005,L,0,data/maharashtra/mumbai/BMC 1997.xls
1997,30,Meher Sudha Suresh,Bow & Arrow,F,7915,W,0,data/maharashtra/mumbai/BMC 1997.xls
1997,30,Hadkar Smita Tukaram,Star,F,282,L,0,data/maharashtra/mumbai/BMC 1997.xls
1997,31,Ambokar Ramdas Mahadev,Two Swords & A Shield,M,1360,L,0,data/maharashtra/mumbai/BMC 1997.xls
1997,31,Chauhan Parag Vittal,Bow & Arrow,M,9048,W,0,data/maharashtra/mumbai/BMC 1997.xls
1997,31,Nikam Mohan Ganpat,Clock,M,496,L,0,data/maharashtra/mumbai/BMC 1997.xls
1997,31,Pawar Ramesh Ramchandra,Hand,M,3595,L,0,data/maharashtra/mumbai/BMC 1997.xls
1997,31,Vakdekar Gurudatta Dinkar,Two Leaves,M,87,L,0,data/maharashtra/mumbai/BMC 1997.xls
1997,32,Upade Prabhakar Parshuram,Telephone,M,470,L,0,data/maharashtra/mumbai/BMC 1997.xls
1997,32,Kanavje Vishnu Jayram,Hand,M,6438,W,0,data/maharashtra/mumbai/BMC 1997.xls
1997,32,Kanekar Mukund Dinanath,Two Leaves,M,665,L,0,data/maharashtra/mumbai/BMC 1997.xls
1997,32,Ghag Vittal Sakharam,"Hammer, Sickle & Star",M,783,L,0,data/maharashtra/mumbai/BMC 1997.xls
1997,32,Jadhav Chandrakant Mahadev,Conch,M,151,L,0,data/maharashtra/mumbai/BMC 1997.xls
1997,32,Dembare Dilip Appasaheb,Two Swords & A Shield,M,399,L,0,data/maharashtra/mumbai/BMC 1997.xls
1997,32,Toraskar Balwant Dadu,Star,M,102,L,0,data/maharashtra/mumbai/BMC 1997.xls
1997,32,Desai Vasant Ganpat,Bow & Arrow,M,6167,L,0,data/maharashtra/mumbai/BMC 1997.xls
1997,32,Shelar Baburao Shankar,Earns of Corn & Sickle,M,1013,L,0,data/maharashtra/mumbai/BMC 1997.xls
1997,32,Sapkal Vinit Yashwant,Axe,M,338,L,0,data/maharashtra/mumbai/BMC 1997.xls
1997,33,Khanvilkar Sudha Krishnarao,Table Fan,F,7,L,0,data/maharashtra/mumbai/BMC 1997.xls
1997,33,Ghagare Urmila Narayan,Earns of Corn & Sickle,F,5595,L,0,data/maharashtra/mumbai/BMC 1997.xls
1997,33,Jadhav Savita Chandrakant,Conch,F,505,L,0,data/maharashtra/mumbai/BMC 1997.xls
1997,33,Patkar Shilpa Gurunath,Aeroplane,F,88,L,0,data/maharashtra/mumbai/BMC 1997.xls
1997,33,Palanna Hemlata Stanali,Hand,F,3453,L,0,data/maharashtra/mumbai/BMC 1997.xls
1997,33,Baraskar Geeta Parshuram,Umbrella,F,767,L,0,data/maharashtra/mumbai/BMC 1997.xls
1997,33,Yadav Asha Sharad,Television,F,582,L,0,data/maharashtra/mumbai/BMC 1997.xls
1997,33,Wavale Sumitra Vinayak,Bow & Arrow,F,6759,W,0,data/maharashtra/mumbai/BMC 1997.xls
1997,33,Sawant Swarupa Vilas,Two Swords & A Shield,F,435,L,0,data/maharashtra/mumbai/BMC 1997.xls
1997,34,Amare Suresh Rajaram,Bow & Arrow,M,3949,L,0,data/maharashtra/mumbai/BMC 1997.xls
1997,34,Kandalgaokar Punaji Sadashiv,Star,M,78,L,0,data/maharashtra/mumbai/BMC 1997.xls
1997,34,Thakur Ravindra Balkrishna,Two Swords & A Shield,M,1383,L,0,data/maharashtra/mumbai/BMC 1997.xls
1997,34,Dastgir Ramjan Pinjar,Rising Sun,M,910,L,0,data/maharashtra/mumbai/BMC 1997.xls
1997,34,Patil Ashok Bhau,Telephone,M,410,L,0,data/maharashtra/mumbai/BMC 1997.xls
1997,34,Panchal Nana Ganpat,Hurricane Lamp,M,342,L,0,data/maharashtra/mumbai/BMC 1997.xls
1997,34,Murai Ramvachan Sitaram,Hand,M,4335,W,0,data/maharashtra/mumbai/BMC 1997.xls
1997,34,Sapate Vasant Shankar,Ears of Corn & Sickle,M,1641,L,0,data/maharashtra/mumbai/BMC 1997.xls
1997,35,Ansari Mohmmed Naim,Ladder,M,98,L,0,data/maharashtra/mumbai/BMC 1997.xls
1997,35,Kale Suresh Ganpat,Bow & Arrow,M,5420,L,0,data/maharashtra/mumbai/BMC 1997.xls
1997,35,Kale Suresh Pandurang,Axe,M,43,L,0,data/maharashtra/mumbai/BMC 1997.xls
1997,35,Kale Suhas Shamrao,Conch,F,17,L,0,data/maharashtra/mumbai/BMC 1997.xls
1997,35,Khan Rashid Ahmed Hajit Faji,Car,M,10,L,0,data/maharashtra/mumbai/BMC 1997.xls
1997,35,Gamare Dipak Mahadev,Rising Sun,M,921,L,0,data/maharashtra/mumbai/BMC 1997.xls
1997,35,Prabhune Suresh Sakharam,Coconut Tree Bearing Fruit,M,35,L,0,data/maharashtra/mumbai/BMC 1997.xls
1997,35,Bhoir Shankar Narayan,Ship,M,37,L,0,data/maharashtra/mumbai/BMC 1997.xls
1997,35,More Sitaram Dhondiba,Star,M,222,L,0,data/maharashtra/mumbai/BMC 1997.xls
1997,35,Rajeshirke Dattaram Savlaram,Chakra (Wheel),M,1158,L,0,data/maharashtra/mumbai/BMC 1997.xls
1997,35,Shekh Abdul Rahim Babu,Bicycle,M,55,L,0,data/maharashtra/mumbai/BMC 1997.xls
1997,35,Shekh Abdul Salam Mehbub,Jeep,M,5804,W,0,data/maharashtra/mumbai/BMC 1997.xls
1997,35,Shekh Kalim A. Nayab,Haldhar within Wheel (Chakra Haldhar),M,51,L,0,data/maharashtra/mumbai/BMC 1997.xls
1997,35,Shekh Sharfuddin Abdul Majid,Television,M,124,L,0,data/maharashtra/mumbai/BMC 1997.xls
1997,35,Shekh Sadikali Saberali,Telephone,M,165,L,0,data/maharashtra/mumbai/BMC 1997.xls
1997,35,Sayyad Mahmmed Kasim,Railway Engine,M,13,L,0,data/maharashtra/mumbai/BMC 1997.xls
1997,35,Sayyad Nur Kadar,Chair,M,44,L,0,data/maharashtra/mumbai/BMC 1997.xls
1997,35,Sawant Ajit Pandurang,Hand,M,2818,L,0,data/maharashtra/mumbai/BMC 1997.xls
1997,35,Sawant Manohar Sitaram,Two Swords & A Shield,M,56,L,0,data/maharashtra/mumbai/BMC 1997.xls
1997,35,Hate Mangesh Vasant,Aeroplane,M,110,L,0,data/maharashtra/mumbai/BMC 1997.xls
1997,36,Kamble Suwarna Shyam,Rising Sun,F,1345,L,0,data/maharashtra/mumbai/BMC 1997.xls
1997,36,Kharote Surekha Nandkishor,Two Swords & A Shield,F,1831,L,0,data/maharashtra/mumbai/BMC 1997.xls
1997,36,Gayand Pushpalata Narayan,Bicycle,F,234,L,0,data/maharashtra/mumbai/BMC 1997.xls
1997,36,Jadhav Shradha Shridhar,Bow & Arrow,F,10131,W,0,data/maharashtra/mumbai/BMC 1997.xls
1997,36,Parwatkar Supriya Punkaj,Hand,F,2591,L,0,data/maharashtra/mumbai/BMC 1997.xls
1997,36,Mahalungekar Smita Vijay,Clock,F,2591,L,0,data/maharashtra/mumbai/BMC 1997.xls
1997,36,Menan Mina Devdas,Hurricane Lamp,F,28,L,0,data/maharashtra/mumbai/BMC 1997.xls
1997,36,Yadav Suhasini Dattaram,Axe,F,62,L,0,data/maharashtra/mumbai/BMC 1997.xls
1997,37,Aadhav Chandrakant Shyamrao,Bicycle,M,100,L,0,data/maharashtra/mumbai/BMC 1997.xls
1997,37,Kadam Jagdeep Tukaram,Bow & Arrow,M,182,L,0,data/maharashtra/mumbai/BMC 1997.xls
1997,37,Kandkar Diganmber Dattaram,Two Swords & A Shield,M,6849,W,0,data/maharashtra/mumbai/BMC 1997.xls
1997,37,Choudhary Suhas Sitaram,Candles,M,107,L,0,data/maharashtra/mumbai/BMC 1997.xls
1997,37,Tike Yashwant Appa,Hurricane Lamp,M,39,L,0,data/maharashtra/mumbai/BMC 1997.xls
1997,37,Tambe Chandrakant Maruti,Ship,M,24,L,0,data/maharashtra/mumbai/BMC 1997.xls
1997,37,Vichukale Janardhan Vaman,Boy & Girl,M,33,L,0,data/maharashtra/mumbai/BMC 1997.xls
1997,37,Bhalerao Maruti Punjaji,Black Board,M,9,L,0,data/maharashtra/mumbai/BMC 1997.xls
1997,37,Mungekar Arjun Sonu,Rising Sun,M,43,L,0,data/maharashtra/mumbai/BMC 1997.xls
1997,37,More Anilkumar Mahadev,Umbrella,M,1975,L,0,data/maharashtra/mumbai/BMC 1997.xls
1997,37,Mohite Dayanand Bhaguram,Telephone,M,20,L,0,data/maharashtra/mumbai/BMC 1997.xls
1997,37,Landav Arun Vitthal,Chakra (Wheel),M,458,L,0,data/maharashtra/mumbai/BMC 1997.xls
1997,37,Shivnekar Shrikrushna Gangaram,Star,M,167,L,0,data/maharashtra/mumbai/BMC 1997.xls
1997,37,Salwi Madhukar Gunaji,Hand,M,4537,L,0,data/maharashtra/mumbai/BMC 1997.xls
1997,38,Chandra Shrinivasan,Chakra (Wheel),F,335,L,0,data/maharashtra/mumbai/BMC 1997.xls
1997,38,Jagdale Vaishali Vinod,Umbrella,F,835,L,0,data/maharashtra/mumbai/BMC 1997.xls
1997,38,Jayvant Kala Sanjay,Hand,F,4277,L,0,data/maharashtra/mumbai/BMC 1997.xls
1997,38,Jadhav Anita Namdev,Bicycle,F,406,L,0,data/maharashtra/mumbai/BMC 1997.xls
1997,38,Jadhav Chaya Arun,Spectacles,F,75,L,0,data/maharashtra/mumbai/BMC 1997.xls
1997,38,Naik Suyogi Mohan,Bow & Arrow,F,6830,W,0,data/maharashtra/mumbai/BMC 1997.xls
1997,38,Pawar Kanchan Kishor,Two Swords & A Shield,F,371,L,0,data/maharashtra/mumbai/BMC 1997.xls
1997,38,Shete Anita Anil,Two Leaves,F,319,L,0,data/maharashtra/mumbai/BMC 1997.xls
1997,38,Solanki Nanda Lalji,Rising Sun,F,2422,L,0,data/maharashtra/mumbai/BMC 1997.xls
1997,39,Iyangar Raghunath Ragvachari,Flaming Torch,M,121,L,0,data/maharashtra/mumbai/BMC 1997.xls
1997,39,Kudatarkar Dipak Ganpatrao,Jeep,M,44,L,0,data/maharashtra/mumbai/BMC 1997.xls
1997,39,Gala Raygi Ghela,Lotus,M,4145,L,0,data/maharashtra/mumbai/BMC 1997.xls
1997,39,Cheda Babubhai Bhavanji Raoji,Chakra (Wheel),M,4665,W,0,data/maharashtra/mumbai/BMC 1997.xls
1997,39,Tarkar Sandesh Murlidhar,Bell,M,477,L,0,data/maharashtra/mumbai/BMC 1997.xls
1997,39,Tirandaj Rustam Sheriyar,State,M,3560,L,0,data/maharashtra/mumbai/BMC 1997.xls
1997,39,Desai Jivan Venkatrao,Two Swords & A Shield,M,147,L,0,data/maharashtra/mumbai/BMC 1997.xls
1997,39,Dharadhar Satish Manohar,Ship,M,258,L,0,data/maharashtra/mumbai/BMC 1997.xls
1997,39,Patravali Shriyanksh Nilkanth,Hand,M,54,L,0,data/maharashtra/mumbai/BMC 1997.xls
1997,39,Brahmahbhat Rakesh Dhirubhai,Star,M,66,L,0,data/maharashtra/mumbai/BMC 1997.xls
1997,39,Sharma Jatin Madhusudan,Two Leaves,M,11,L,0,data/maharashtra/mumbai/BMC 1997.xls
1997,39,Sindhiya Manohar Ganpatrao,Coconut Tree Bearing Fruits,M,49,L,0,data/maharashtra/mumbai/BMC 1997.xls
1997,40,Kedari Pravin Prabhakar,Umbrella,M,96,L,0,data/maharashtra/mumbai/BMC 1997.xls
1997,40,Doke Hemant Umaji,Bow & Arrow,M,6334,W,0,data/maharashtra/mumbai/BMC 1997.xls
1997,40,Thorat Ashok Madhavan,Star,M,156,L,0,data/maharashtra/mumbai/BMC 1997.xls
1997,40,Patel Jayantilal Ramanlal,Bell,M,802,L,0,data/maharashtra/mumbai/BMC 1997.xls
1997,40,Bavadhankar Rajiv Narendra,Hand,M,5061,L,0,data/maharashtra/mumbai/BMC 1997.xls
1997,40,Mhatre Jitendra Pandurang,Conch,M,457,L,0,data/maharashtra/mumbai/BMC 1997.xls
1997,40,Rane Mahesh Vasant,Two Swords & A Shield,M,13,L,0,data/maharashtra/mumbai/BMC 1997.xls
1997,40,Rokade Vilas Malhari,Ladder,M,47,L,0,data/maharashtra/mumbai/BMC 1997.xls
1997,40,Mhatre Hemant Narayan,Television,M,689,L,0,data/maharashtra/mumbai/BMC 1997.xls
1997,40,Vora Vasant Lalji,Coconut Tree Bearing Fruits,M,209,L,0,data/maharashtra/mumbai/BMC 1997.xls
1997,40,Shah Dinesh Champaklal,Aeroplane,M,311,L,0,data/maharashtra/mumbai/BMC 1997.xls
1997,40,Shanbharkar Sanjay Devrao,Rising Sun,M,356,L,0,data/maharashtra/mumbai/BMC 1997.xls
1997,40,Sawant Bhaskar Jayram,Axe,M,825,L,0,data/maharashtra/mumbai/BMC 1997.xls
1997,40,Salunkhe Suhas Anna,Chakra (Wheel),M,166,L,0,data/maharashtra/mumbai/BMC 1997.xls
1997,40,Sidhiki Anulahak,Boy & Girl,M,20,L,0,data/maharashtra/mumbai/BMC 1997.xls
1997,41,Kayande Manisha Shyamsundar,Lotus,F,3543,L,0,data/maharashtra/mumbai/BMC 1997.xls
1997,41,Khan Akhtari Yegam,Umbrella,F,124,L,0,data/maharashtra/mumbai/BMC 1997.xls
1997,41,Cheda Rajul Ramesh,Hand,F,4214,W,0,data/maharashtra/mumbai/BMC 1997.xls
1997,41,Thakkar Nina Madhukant,Star,F,107,L,0,data/maharashtra/mumbai/BMC 1997.xls
1997,41,Pansare Vandana Shankar,Two Swords & A Shield,F,242,L,0,data/maharashtra/mumbai/BMC 1997.xls
1997,41,Shekh Sayarabanu Mahmmed,Bicycle,F,419,L,0,data/maharashtra/mumbai/BMC 1997.xls
1997,42,Aher Akshada Ajay,Two Leaves,F,175,L,0,data/maharashtra/mumbai/BMC 1997.xls
1997,42,Kharat Asha Ramchandra,Axe,F,404,L,0,data/maharashtra/mumbai/BMC 1997.xls
1997,42,Nabale Lalita Atmaram,Bow & Arrow,F,2622,W,0,data/maharashtra/mumbai/BMC 1997.xls
1997,42,Pinjar Jainab Ramzan,Two Swords & A Shield,F,32,L,0,data/maharashtra/mumbai/BMC 1997.xls
1997,42,Vare Asha Ashok,Rising Sun,F,1769,L,0,data/maharashtra/mumbai/BMC 1997.xls
1997,42,Shinde Jyoti Sunil,Hand,F,1311,L,0,data/maharashtra/mumbai/BMC 1997.xls
1997,42,Salave Usha Yashwant,Umbrella,F,1781,L,0,data/maharashtra/mumbai/BMC 1997.xls
1997,43,Ahire Namdev Savaliram,Ship,M,81,L,0,data/maharashtra/mumbai/BMC 1997.xls
1997,43,Iktiyar Sayed Ahmed,Ladder,M,96,L,0,data/maharashtra/mumbai/BMC 1997.xls
1997,43,Kanaojiya Lalchandra Dukhi,Umbrella,M,85,L,0,data/maharashtra/mumbai/BMC 1997.xls
1997,43,Kamble Balasaheb Biru,Two Swords & A Shield,M,142,L,0,data/maharashtra/mumbai/BMC 1997.xls
1997,43,Khan Ajijullah Habibulla,Jeep,M,9,L,0,data/maharashtra/mumbai/BMC 1997.xls
1997,43,Khan Fakir Muhmmed Mohmmed Rafik,Spade & Stoker,M,236,L,0,data/maharashtra/mumbai/BMC 1997.xls
1997,43,Gaykawad Rajaram Jabaji,Chair,M,13,L,0,data/maharashtra/mumbai/BMC 1997.xls
1997,43,Chouhan Harishchandra Singh,Conch,M,36,L,0,data/maharashtra/mumbai/BMC 1997.xls
1997,43,Jagtap Prakash Narayan,Two Leaves,M,592,L,0,data/maharashtra/mumbai/BMC 1997.xls
1997,43,Jayswal Harihar Sovind,Bicycle,M,2782,L,0,data/maharashtra/mumbai/BMC 1997.xls
1997,43,Tiwari Madhuri Ravimohan,Flaming Torch,F,218,L,0,data/maharashtra/mumbai/BMC 1997.xls
1997,43,Thawai Raghunath Dharma,Hand,M,1781,L,0,data/maharashtra/mumbai/BMC 1997.xls
1997,43,Nanwala Bashir Ahmed Abdul Majid,Hand Pump,M,89,L,0,data/maharashtra/mumbai/BMC 1997.xls
1997,43,Parulekar Vittal Soma,Railway Engine,M,21,L,0,data/maharashtra/mumbai/BMC 1997.xls
1997,43,Parase Ram Dnyanu,Plough,M,198,L,0,data/maharashtra/mumbai/BMC 1997.xls
1997,43,Bhosale Ramesh Chandrakant,Star,M,670,L,0,data/maharashtra/mumbai/BMC 1997.xls
1997,43,Mishra Jagdish Prasad Rajkumar,Boy & Girl,M,378,L,0,data/maharashtra/mumbai/BMC 1997.xls
1997,43,More Akaram Sitaram,Kite,M,16,L,0,data/maharashtra/mumbai/BMC 1997.xls
1997,43,Waghmare Gangadhar Girmal,Chakra (Wheel),M,153,L,0,data/maharashtra/mumbai/BMC 1997.xls
1997,43,Wanu Niyaj Ahmed,Electric Bulb,M,2071,L,0,data/maharashtra/mumbai/BMC 1997.xls
1997,43,Vishwasrao Trushna Chandrakant,Bow & Arrow,F,4549,W,0,data/maharashtra/mumbai/BMC 1997.xls
1997,43,Shah Mohmmed Abbas Ali Abdulla,Telephone,M,7,L,0,data/maharashtra/mumbai/BMC 1997.xls
1997,43,Shiktode Vijay Janardhan,Axe,M,103,L,0,data/maharashtra/mumbai/BMC 1997.xls
1997,43,Sansare Manoj Martandrao,Rising Sun,M,1310,L,0,data/maharashtra/mumbai/BMC 1997.xls
1997,44,Ansari Baki,Television,M,27,L,0,data/maharashtra/mumbai/BMC 1997.xls
1997,44,Khare Milind Madhukar,"Hammer, Sickle & Star",M,501,L,0,data/maharashtra/mumbai/BMC 1997.xls
1997,44,Khan Khalid Imaran,Chair,M,213,L,0,data/maharashtra/mumbai/BMC 1997.xls
1997,44,Khan Savir Alliraja,Bicycle,M,3175,L,0,data/maharashtra/mumbai/BMC 1997.xls
1997,44,Gavde Ramakant Mahadev,Bow & Arrow,M,4159,L,0,data/maharashtra/mumbai/BMC 1997.xls
1997,44,Gupta Baburam Ramdyal,Hand Pump,M,430,L,0,data/maharashtra/mumbai/BMC 1997.xls
1997,44,Gen Mohmmed Salim Nurul Hak,Coconut Tree Bearing Fruits,M,19,L,0,data/maharashtra/mumbai/BMC 1997.xls
1997,44,Chouhan Genu Shankar,Table Fan,M,98,L,0,data/maharashtra/mumbai/BMC 1997.xls
1997,44,Chouhan Shrikant Ramchandra,Railway Engine,M,24,L,0,data/maharashtra/mumbai/BMC 1997.xls
1997,44,Jena Prabhat Devraj,Star,M,194,L,0,data/maharashtra/mumbai/BMC 1997.xls
1997,44,Thakkur Mansukhlal Tukkalchand Singh,Two Swords & A Shield,M,25,L,0,data/maharashtra/mumbai/BMC 1997.xls
1997,44,Thakkar Madhumati Anant,Boy & Girl,F,100,L,0,data/maharashtra/mumbai/BMC 1997.xls
1997,44,Dhakad Santoshkumar Dhaniram,Ladder,M,38,L,0,data/maharashtra/mumbai/BMC 1997.xls
1997,44,Palaskar Sanjay Baburao,Conch,M,105,L,0,data/maharashtra/mumbai/BMC 1997.xls
1997,44,Pande Omkarnath Kedarnath,Aeroplane,M,111,L,0,data/maharashtra/mumbai/BMC 1997.xls
1997,44,Bareto Harbat Devid,Hand,M,3882,L,0,data/maharashtra/mumbai/BMC 1997.xls
1997,44,Barve Babu Kondaji,Rising Sun,M,1142,L,0,data/maharashtra/mumbai/BMC 1997.xls
1997,44,Bhise Vilas Pitambar,Bucket,M,164,L,0,data/maharashtra/mumbai/BMC 1997.xls
1997,44,Mayekar Vishwas Purushottam,Axe,M,67,L,0,data/maharashtra/mumbai/BMC 1997.xls
1997,44,Mishra Markandey Lalman,Flaming Torch,M,119,L,0,data/maharashtra/mumbai/BMC 1997.xls
1997,44,Vanu Niyaj Ahmed,Electric Bulb,M,4263,W,0,data/maharashtra/mumbai/BMC 1997.xls
1997,44,Varma Harishchandra Mevasheth,Spade & Stoker,M,158,L,0,data/maharashtra/mumbai/BMC 1997.xls
1997,44,Vichare Yogesh Vasant,Two Leaves,M,2123,L,0,data/maharashtra/mumbai/BMC 1997.xls
1997,44,Shekh Ahmed Ali Nurislam,Umbrella,M,340,L,0,data/maharashtra/mumbai/BMC 1997.xls
1997,44,Shekh Jalaluddin Ziyauddin,Telephone,M,140,L,0,data/maharashtra/mumbai/BMC 1997.xls
1997,44,Shekh Nasibullah Asagarali,State,M,14,L,0,data/maharashtra/mumbai/BMC 1997.xls
1997,45,Kadam Shivaji Ramchandra,Two Leaves,M,113,L,0,data/maharashtra/mumbai/BMC 1997.xls
1997,45,Gautam Ramchandra Balkarn,Car,M,308,L,0,data/maharashtra/mumbai/BMC 1997.xls
1997,45,Ghusale Satish Bhimrao,Clock,M,55,L,0,data/maharashtra/mumbai/BMC 1997.xls
1997,45,Tripathi Surendra Shivshankar,Two Swords & A Shield,M,371,L,0,data/maharashtra/mumbai/BMC 1997.xls
1997,45,Devedar Aramugam Mari,Haldhar within Wheel,M,191,L,0,data/maharashtra/mumbai/BMC 1997.xls
1997,45,Devendra Nagraj Muttuswami,Flaming Torch,M,128,L,0,data/maharashtra/mumbai/BMC 1997.xls
1997,45,Devendra Nagrajan Palanivel,Bicycle,M,246,L,0,data/maharashtra/mumbai/BMC 1997.xls
1997,45,Nar Yashwant Ramchandra,Axe,M,17,L,0,data/maharashtra/mumbai/BMC 1997.xls
1997,45,Pamu Swami Bhumaiyya,Plough,M,277,L,0,data/maharashtra/mumbai/BMC 1997.xls
1997,45,Bane Suhas Tukaram,Chakra (Wheel),M,1230,L,0,data/maharashtra/mumbai/BMC 1997.xls
1997,45,Mhaske Shrawan Devidas,Aeroplane,M,125,L,0,data/maharashtra/mumbai/BMC 1997.xls
1997,45,Raja Ravi Kondu,Hand,M,7357,W,0,data/maharashtra/mumbai/BMC 1997.xls
1997,45,Shety Mani Damodar,Star,M,69,L,0,data/maharashtra/mumbai/BMC 1997.xls
1997,45,Sawant Shashikant Shivram,Bow & Arrow,M,4005,L,0,data/maharashtra/mumbai/BMC 1997.xls
1997,46,Anand Satpalsingh Gurucharansingh,Two Swords & A Shield,M,52,L,0,data/maharashtra/mumbai/BMC 1997.xls
1997,46,Kasabe Chandrakant Khanduji,Rising Sun,M,1437,L,1,data/maharashtra/mumbai/BMC 1997.xls
1997,46,Kotwal Ajit Shantiprakash,Ladder,M,309,L,0,data/maharashtra/mumbai/BMC 1997.xls
1997,46,Kori Shivkumari Vishram,Car,F,53,L,0,data/maharashtra/mumbai/BMC 1997.xls
1997,46,Kohli Amriksingh Manisingh,Chair,M,22,L,0,data/maharashtra/mumbai/BMC 1997.xls
1997,46,Kohli Sohansingh,Chakra (Wheel),M,4610,W,0,data/maharashtra/mumbai/BMC 1997.xls
1997,46,Goyanka Anil Brijmohan,Hand,M,2446,L,0,data/maharashtra/mumbai/BMC 1997.xls
1997,46,Chavriya Rameshkumar Jagmalsingh,Hand Pump,M,190,L,0,data/maharashtra/mumbai/BMC 1997.xls
1997,46,Jadhav Laxman Tukaram,Coconut Tree Bearing Fruits,M,27,L,0,data/maharashtra/mumbai/BMC 1997.xls
1997,46,Josef Santimano Altino,Aeroplane,M,268,L,0,data/maharashtra/mumbai/BMC 1997.xls
1997,46,Dongare Mohan Ranchandra,Two Leaves,M,100,L,0,data/maharashtra/mumbai/BMC 1997.xls
1997,46,Nanda Manvidarsingh Mohansingh,Umbrella,M,13,L,0,data/maharashtra/mumbai/BMC 1997.xls
1997,46,Parmar Baljit Sherasingh,State,M,307,L,0,data/maharashtra/mumbai/BMC 1997.xls
1997,46,Palav Vinaya Vinayak,Electric Bulb,F,189,L,0,data/maharashtra/mumbai/BMC 1997.xls
1997,46,Puri Manohar Shital,Pressure Cooker,M,73,L,0,data/maharashtra/mumbai/BMC 1997.xls
1997,46,Premchandani Omprakash Tarachand,Telephone,M,182,L,0,data/maharashtra/mumbai/BMC 1997.xls
1997,46,Pote Anil Tukaram,Ship,M,215,L,0,data/maharashtra/mumbai/BMC 1997.xls
1997,46,Bhatiya Laxminarayan Asanand,Lotus,M,4051,L,0,data/maharashtra/mumbai/BMC 1997.xls
1997,46,Banga Harpalsingh Jagdishsingh,Bat,M,2,L,0,data/maharashtra/mumbai/BMC 1997.xls
1997,46,Mane Sadashiv Ganpat,Axe,M,101,L,0,data/maharashtra/mumbai/BMC 1997.xls
1997,46,Miskin Datta Kashinath,Jeep,M,144,L,0,data/maharashtra/mumbai/BMC 1997.xls
1997,46,Yavatkar Milind Vasudev,Star,M,223,L,0,data/maharashtra/mumbai/BMC 1997.xls
1997,46,Rajput Davindarsingh Baldevsingh,Conch,M,238,L,0,data/maharashtra/mumbai/BMC 1997.xls
1997,46,Valakati Yadgiri Laxmayya,Spectacles,M,504,L,0,data/maharashtra/mumbai/BMC 1997.xls
1997,46,Shukla Dilip Vasant,Spade & Stoker,M,14,L,0,data/maharashtra/mumbai/BMC 1997.xls
1997,46,Shrivastav Sadanand Raghuvirdyal,Spade,M,127,L,0,data/maharashtra/mumbai/BMC 1997.xls
1997,46,Harjai Avatarsingh Ishwarsingh,Railway Engine,M,17,L,0,data/maharashtra/mumbai/BMC 1997.xls
1997,47,Keni Vina Laxman,Two Swords & A Shield,F,2015,L,0,data/maharashtra/mumbai/BMC 1997.xls
1997,47,Doshi Rekha Upendra,Hand,F,6387,W,0,data/maharashtra/mumbai/BMC 1997.xls
1997,47,Nair Rozi Anand,Spade & Stoker,F,130,L,0,data/maharashtra/mumbai/BMC 1997.xls
1997,47,Pandya Kamlesh Ajay,Lotus,F,3605,L,0,data/maharashtra/mumbai/BMC 1997.xls
1997,47,Shinde Shalini Vilas,Bell,F,129,L,0,data/maharashtra/mumbai/BMC 1997.xls
1997,48,Ingale Laxmi Eknath,Umbrella,F,10,L,0,data/maharashtra/mumbai/BMC 1997.xls
1997,48,Keni Vina Laxman,Two Swords & A Shield,F,153,L,0,data/maharashtra/mumbai/BMC 1997.xls
1997,48,Goutam Sunita Palakdhari,Chair,F,773,L,0,data/maharashtra/mumbai/BMC 1997.xls
1997,48,Thakkar Damyanti Tulasiram,Two Leaves,F,2927,L,0,data/maharashtra/mumbai/BMC 1997.xls
1997,48,Thorat Shanta Aba,Chakra (Wheel),F,286,L,0,data/maharashtra/mumbai/BMC 1997.xls
1997,48,Mile Anuja Rajendra,Rising Sun,F,903,L,0,data/maharashtra/mumbai/BMC 1997.xls
1997,48,Pille Vijayalaxmi Shanmugam,Hand,F,3589,L,0,data/maharashtra/mumbai/BMC 1997.xls
1997,48,Gambhani Gopi Jayrag,Star,F,208,L,0,data/maharashtra/mumbai/BMC 1997.xls
1997,48,Mhatre Karuna Mahendra,Bow & Arrow,F,4073,W,0,data/maharashtra/mumbai/BMC 1997.xls
1997,48,Dungarpure Milan Manohar,Coconut Tree Bearing Fruits,F,361,L,0,data/maharashtra/mumbai/BMC 1997.xls
1997,49,Ambekar Trupti Dashrath,Two Swords & A Shield,F,58,L,0,data/maharashtra/mumbai/BMC 1997.xls
1997,49,Kulkarni Jagannath Vitthal,Lotus,M,4567,W,0,data/maharashtra/mumbai/BMC 1997.xls
1997,49,Khan Abdul Latif Murtaja,Chakra (Wheel),M,602,L,0,data/maharashtra/mumbai/BMC 1997.xls
1997,49,Gupta Shobhnath Ramdin,Clock,M,899,L,0,data/maharashtra/mumbai/BMC 1997.xls
1997,49,Tambe Chandramani Shantaram,Rising Sun,M,2133,L,0,data/maharashtra/mumbai/BMC 1997.xls
1997,49,Devendram Ramswami Muttu,Spade & Stoker,M,424,L,0,data/maharashtra/mumbai/BMC 1997.xls
1997,49,Dhobi Kamalakant Babadin,Car,M,352,L,0,data/maharashtra/mumbai/BMC 1997.xls
1997,49,Navghane Dattatray Ramchandraq,Hand,M,2589,L,0,data/maharashtra/mumbai/BMC 1997.xls
1997,49,Palkar Vasant Basudev,Coconut Tree Bearing Fruits,M,889,L,0,data/maharashtra/mumbai/BMC 1997.xls
1997,49,Mansuri Munir Rehamattulla,Bicycle,M,1700,L,0,data/maharashtra/mumbai/BMC 1997.xls
1997,49,Malik M. Nihal Habib,Chair,M,524,L,0,data/maharashtra/mumbai/BMC 1997.xls
1997,49,Ruke Chandrakant Bhiku,Hurricane Lamp,M,578,L,0,data/maharashtra/mumbai/BMC 1997.xls
1997,50,Kadam Sunil Sitaram,Two Swords & A Shield,M,2493,L,0,data/maharashtra/mumbai/BMC 1997.xls
1997,50,Chouhan Krushna Sitaram,Clock,M,921,L,0,data/maharashtra/mumbai/BMC 1997.xls
1997,50,Done Shashikant Bhaskar,Rising Sun,M,1737,L,0,data/maharashtra/mumbai/BMC 1997.xls
1997,50,Tawde Gangaram Vishnu,Hand,M,4045,L,0,data/maharashtra/mumbai/BMC 1997.xls
1997,50,Devle Mahadev Bhagoji,Bow & Arrow,M,6303,W,0,data/maharashtra/mumbai/BMC 1997.xls
1997,50,Powar Ganpat Sadashiv,Plough,M,106,L,0,data/maharashtra/mumbai/BMC 1997.xls
1997,50,Rane Dharmendra Shivaji,Boy & Girl,M,277,L,0,data/maharashtra/mumbai/BMC 1997.xls
1997,50,Sathe Rajendra Laxman,Coconut Tree Bearing Fruits,M,335,L,0,data/maharashtra/mumbai/BMC 1997.xls
1997,51,Ambekar Shailaja Shantaram,Bow & Arrow,F,3704,L,0,data/maharashtra/mumbai/BMC 1997.xls
1997,51,Kadam Jyoti Prakash,Clock,F,1892,L,0,data/maharashtra/mumbai/BMC 1997.xls
1997,51,Bhaskar Jayshri Kantilal,Hand,F,5356,W,0,data/maharashtra/mumbai/BMC 1997.xls
1997,51,Mahida Jayshree Dhanji,Star,F,130,L,0,data/maharashtra/mumbai/BMC 1997.xls
1997,51,Maru Shanta Jaysingh,Rising Sun,F,2088,L,0,data/maharashtra/mumbai/BMC 1997.xls
1997,51,Landge Asha Narayan,Umbrella,F,23,L,0,data/maharashtra/mumbai/BMC 1997.xls
1997,52,Kurade Nagoji Subrao,State,M,812,L,0,data/maharashtra/mumbai/BMC 1997.xls
1997,52,Khatavkar Shivram Chimaji,Star,M,12,L,0,data/maharashtra/mumbai/BMC 1997.xls
1997,52,Khade Vivek Pandurang,Chakra (Wheel),M,3337,L,0,data/maharashtra/mumbai/BMC 1997.xls
1997,52,Gadkari Eknath Bayaji,Jeep,M,410,L,0,data/maharashtra/mumbai/BMC 1997.xls
1997,52,Chouhan Sukhdev Vishram,Railway Engine,M,172,L,0,data/maharashtra/mumbai/BMC 1997.xls
1997,52,Bhagvat Suresh Purushottam,Hand,M,2872,L,0,data/maharashtra/mumbai/BMC 1997.xls
1997,52,Bhilare Jayprakash Tukaram,Clock,M,1546,L,0,data/maharashtra/mumbai/BMC 1997.xls
1997,52,Manjarekar Rajendra Dhondu,Bat,M,11,L,0,data/maharashtra/mumbai/BMC 1997.xls
1997,52,More Chandrakant Kalu,Umbrella,M,1395,L,0,data/maharashtra/mumbai/BMC 1997.xls
1997,52,More Laxman Hari,Rising Sun,M,432,L,0,data/maharashtra/mumbai/BMC 1997.xls
1997,52,Mhashilkar Janardhan Tulsiram,Two Swords & A Shield,M,351,L,0,data/maharashtra/mumbai/BMC 1997.xls
1997,52,Redekar Kedari Balkrishna,Bow & Arrow,M,4864,W,0,data/maharashtra/mumbai/BMC 1997.xls
1997,53,Ayare Vedu Fula,Bow & Arrow,M,3273,L,0,data/maharashtra/mumbai/BMC 1997.xls
1997,53,Kattekola Devayya Anjayya,Ears of Corn & Sickle,M,415,L,0,data/maharashtra/mumbai/BMC 1997.xls
1997,53,Kakade Padmakar Digambar,Coconut Tree Bearing Fruits,M,48,L,0,data/maharashtra/mumbai/BMC 1997.xls
1997,53,Kamble Jagannath Shivram,Rising Sun,M,3727,L,0,data/maharashtra/mumbai/BMC 1997.xls
1997,53,Kudatarkar Vijay bhau,Hand,M,3868,W,0,data/maharashtra/mumbai/BMC 1997.xls
1997,53,Kharat Chandrakant Dhondiram,Railway Engine,M,79,L,0,data/maharashtra/mumbai/BMC 1997.xls
1997,53,Khedekar Gajendra Vitthaldas,Aeroplane,M,373,L,0,data/maharashtra/mumbai/BMC 1997.xls
1997,53,Gajjal Ramdas Muttayya,Chair,M,31,L,0,data/maharashtra/mumbai/BMC 1997.xls
1997,53,Gavankar Dattatraya Shivram,Chakra (Wheel),M,2280,L,0,data/maharashtra/mumbai/BMC 1997.xls
1997,53,Zhagade Yashwant Mahadev,Conch,M,117,L,0,data/maharashtra/mumbai/BMC 1997.xls
1997,53,Tatikonda Ramesh Chinnaya,Plough,M,678,L,0,data/maharashtra/mumbai/BMC 1997.xls
1997,53,Parab Amrut Raghunath,Two Swords & A Shield,M,1225,L,0,data/maharashtra/mumbai/BMC 1997.xls
1997,53,Patkar Prakash Vasant,Clock,M,506,L,0,data/maharashtra/mumbai/BMC 1997.xls
1997,53,Patade Ramesh Sadashiv,Star,M,405,L,0,data/maharashtra/mumbai/BMC 1997.xls
1997,53,Mohite Shahaji Ganpat,Umbrella,M,15,L,0,data/maharashtra/mumbai/BMC 1997.xls
1997,53,Yeldi Ganesh Gangaram,Car,M,524,L,0,data/maharashtra/mumbai/BMC 1997.xls
1997,53,Rao Umashankar Rameshwar,Two Leaves,M,252,L,0,data/maharashtra/mumbai/BMC 1997.xls
1997,54,Kanekar Pradip Shyam,Ring,M,43,L,0,data/maharashtra/mumbai/BMC 1997.xls
1997,54,Kale Shivanand Haribhau,Boy & Girl,M,165,L,0,data/maharashtra/mumbai/BMC 1997.xls
1997,54,Kharat Chandrakant Dhondiram,Railway Engine,M,29,L,0,data/maharashtra/mumbai/BMC 1997.xls
1997,54,Gupta Suresh Rajaram,Car,M,408,L,0,data/maharashtra/mumbai/BMC 1997.xls
1997,54,Janvalkar Sanjay Mahadev,Kite,M,197,L,0,data/maharashtra/mumbai/BMC 1997.xls
1997,54,Padval Pandurang Sadashiv,Telephone,M,31,L,0,data/maharashtra/mumbai/BMC 1997.xls
1997,54,Parab Sudam Atmaram,Bow & Arrow,M,4572,L,0,data/maharashtra/mumbai/BMC 1997.xls
1997,54,Pawar Sanjay Kalu,Two Swords & A Shield,M,261,L,0,data/maharashtra/mumbai/BMC 1997.xls
1997,54,Pratap Vijay Hindurao,Rising Sun,M,817,L,0,data/maharashtra/mumbai/BMC 1997.xls
1997,54,Budharpu Rajkumar Jayvant,Clock,M,422,L,0,data/maharashtra/mumbai/BMC 1997.xls
1997,54,Bhandari Saishankar Lingayya,Umbrella,M,33,L,0,data/maharashtra/mumbai/BMC 1997.xls
1997,54,Rajulla Sudarshan Gangaram,Chakra (Wheel),M,298,L,0,data/maharashtra/mumbai/BMC 1997.xls
1997,54,Varadkar Mohan Bhikaji,Conch,M,278,L,0,data/maharashtra/mumbai/BMC 1997.xls
1997,54,Barik Vinayak Vishnu,Bell,M,354,L,0,data/maharashtra/mumbai/BMC 1997.xls
1997,54,Shirke Vandana Narayan,State,F,71,L,0,data/maharashtra/mumbai/BMC 1997.xls
1997,54,Shetye Prakash Dhondu,Star,M,220,L,0,data/maharashtra/mumbai/BMC 1997.xls
1997,54,Suryavanshi Vasant Vitthal,Hand,M,7535,W,0,data/maharashtra/mumbai/BMC 1997.xls
1997,55,Gothankar Manohar Vishnu,State,M,26,L,0,data/maharashtra/mumbai/BMC 1997.xls
1997,55,Gollar Timma Timappa,Chakra (Wheel),M,3036,L,0,data/maharashtra/mumbai/BMC 1997.xls
1997,55,Ghodke Sharad Dhondiram,Hurricane Lamp,M,166,L,0,data/maharashtra/mumbai/BMC 1997.xls
1997,55,Chouhan Tukaram Chokhaji,Two Swords & A Shield,M,142,L,0,data/maharashtra/mumbai/BMC 1997.xls
1997,55,Chemburkar Ashish Ramnath,Bow & Arrow,M,4362,W,0,data/maharashtra/mumbai/BMC 1997.xls
1997,55,Yerunkar Pravin Rajaram,Umbrella,M,256,L,0,data/maharashtra/mumbai/BMC 1997.xls
1997,55,Randive Vishwas Nana,Clock,M,38,L,0,data/maharashtra/mumbai/BMC 1997.xls
1997,55,Lokhande Ramesh Govind,Two Leaves,M,14,L,0,data/maharashtra/mumbai/BMC 1997.xls
1997,55,Shah Bina Chandulal,Hand,F,3413,L,0,data/maharashtra/mumbai/BMC 1997.xls
1997,55,Shety Sadanand Annappa,Spectacles,M,3585,L,0,data/maharashtra/mumbai/BMC 1997.xls
1997,55,Sagare Rahul Hiralal,Rising Sun,M,1019,L,0,data/maharashtra/mumbai/BMC 1997.xls
1997,56,Angane Anant Bapu,Conch,M,105,L,0,data/maharashtra/mumbai/BMC 1997.xls
1997,56,Eke Arjun Baburao,Car,M,82,L,0,data/maharashtra/mumbai/BMC 1997.xls
1997,56,Kamble Shyamrao Shankar,Flaming Torch,M,140,L,0,data/maharashtra/mumbai/BMC 1997.xls
1997,56,Chouhan Madhukar Vishram,Star,M,38,L,0,data/maharashtra/mumbai/BMC 1997.xls
1997,56,Chouhan Sambhajirao Bhanudas,Spectacles,M,322,L,0,data/maharashtra/mumbai/BMC 1997.xls
1997,56,Zende Ashok Dadu,Umbrella,M,11,L,0,data/maharashtra/mumbai/BMC 1997.xls
1997,56,Nandi Sujit Devendra,Hand,M,2076,L,0,data/maharashtra/mumbai/BMC 1997.xls
1997,56,Pote Yashwant Shivshankar,Television,M,33,L,0,data/maharashtra/mumbai/BMC 1997.xls
1997,56,Bansode Udhav Mahadev,Two Leaves,M,78,L,0,data/maharashtra/mumbai/BMC 1997.xls
1997,56,Bhosale Vishwajit Jaysingh,Chakra (Wheel),M,2266,L,0,data/maharashtra/mumbai/BMC 1997.xls
1997,56,Rane Dipak Dattaram,Kite,M,157,L,0,data/maharashtra/mumbai/BMC 1997.xls
1997,56,Vichare Balkrishna Shankar,"Hammer, Sickle & Star",M,248,L,0,data/maharashtra/mumbai/BMC 1997.xls
1997,56,Satam Nankumar Tukaram,Bow & Arrow,M,5606,W,0,data/maharashtra/mumbai/BMC 1997.xls
1997,56,Surve Santosh Harishchandra,Two Swords & A Shield,M,110,L,0,data/maharashtra/mumbai/BMC 1997.xls
1997,56,Sonavane Mahendra Bhiku,Rising Sun,M,1588,L,0,data/maharashtra/mumbai/BMC 1997.xls
1997,57,Kavte Manishankar Narayan,Ears of Corn & Sickle,M,8737,W,0,data/maharashtra/mumbai/BMC 1997.xls
1997,57,Koli Ghanshyam Pandurang,Lotus,M,2645,L,0,data/maharashtra/mumbai/BMC 1997.xls
1997,57,Koli Rohidas Janardhan,Hand,M,1414,L,0,data/maharashtra/mumbai/BMC 1997.xls
1997,57,Koli Sharad Vasudev,Two Swords & A Shield,M,517,L,0,data/maharashtra/mumbai/BMC 1997.xls
1997,57,Patil Raghunath Devji,Star,M,65,L,0,data/maharashtra/mumbai/BMC 1997.xls
1997,57,Bhangre Shankar Appaji,Clock,M,14,L,0,data/maharashtra/mumbai/BMC 1997.xls
1997,58,Jakkani Laxmi Ravindra,Star,F,197,L,0,data/maharashtra/mumbai/BMC 1997.xls
1997,58,Tandel Minakshi Vijay,Two Swords & A Shield,F,5223,L,0,data/maharashtra/mumbai/BMC 1997.xls
1997,58,Patil Vijaya Bhimrao,Hand,F,4720,L,0,data/maharashtra/mumbai/BMC 1997.xls
1997,58,Parkar Hemlata Madhukar,Two Leaves,F,450,L,0,data/maharashtra/mumbai/BMC 1997.xls
1997,58,Raut Vishakha Sharad,Bow & Arrow,F,6036,W,0,data/maharashtra/mumbai/BMC 1997.xls
1997,59,Oswal Manohar Atmaram,Television,M,117,L,0,data/maharashtra/mumbai/BMC 1997.xls
1997,59,Koure Vijay Jayram,Ears of Corn & Sickle,M,1069,L,0,data/maharashtra/mumbai/BMC 1997.xls
1997,59,Bhatkar Manohar Shankar,Star,M,177,L,0,data/maharashtra/mumbai/BMC 1997.xls
1997,59,Mandlik Sadanand Bapu,Boat,M,29,L,0,data/maharashtra/mumbai/BMC 1997.xls
1997,59,Manjarekar Prakash Vasant,Two Swords & A Shield,M,2663,L,0,data/maharashtra/mumbai/BMC 1997.xls
1997,59,Sarvankar Sadanand Shankar,Bow & Arrow,M,6792,W,0,data/maharashtra/mumbai/BMC 1997.xls
1997,59,Sangam Eknath Venkayya,Hand,M,6532,L,0,data/maharashtra/mumbai/BMC 1997.xls
1997,60,Uke Vedika Dhanraj,Conch,F,1707,L,0,data/maharashtra/mumbai/BMC 1997.xls
1997,60,Khedekar Shobha Laxman,Two Swords & A Shield,F,1848,L,0,data/maharashtra/mumbai/BMC 1997.xls
1997,60,Jadhav Snehal Sudhir,Bow & Arrow,F,5518,W,0,data/maharashtra/mumbai/BMC 1997.xls
1997,60,Jaiswal Sushila Milan,Hand,F,5145,L,0,data/maharashtra/mumbai/BMC 1997.xls
1997,60,Shinde Jyoti Keru,Star,F,240,L,0,data/maharashtra/mumbai/BMC 1997.xls
1997,60,Sabale Asmita Vijay,Boy & Girl,F,165,L,0,data/maharashtra/mumbai/BMC 1997.xls
1997,61,Jaywant Suhas Krishnanath,Telephone,M,101,L,0,data/maharashtra/mumbai/BMC 1997.xls
1997,61,Jain Bastimal Chunilalji,Two Leaves,M,106,L,0,data/maharashtra/mumbai/BMC 1997.xls
1997,61,Joshi Ramesh Vasudev,Star,M,374,L,0,data/maharashtra/mumbai/BMC 1997.xls
1997,61,Das Premkumar Govindan,Coconut Tree Bearing Fruits,M,99,L,0,data/maharashtra/mumbai/BMC 1997.xls
1997,61,Panbalkar Dhananjay Govind,Railway Engine,M,46,L,0,data/maharashtra/mumbai/BMC 1997.xls
1997,61,Birje Dashrath Jayram,Two Swords & A Shield,M,175,L,0,data/maharashtra/mumbai/BMC 1997.xls
1997,61,Bandbe Sunil Sadashiv,Jeep,M,209,L,0,data/maharashtra/mumbai/BMC 1997.xls
1997,61,Mahale Ganesh Anandrao,Bow & Arrow,M,6655,W,0,data/maharashtra/mumbai/BMC 1997.xls
1997,61,Shah Ashwin Amrutlal,Hand,M,5806,L,0,data/maharashtra/mumbai/BMC 1997.xls
1997,61,Sali Jitendra Udhav,Axe,M,530,L,0,data/maharashtra/mumbai/BMC 1997.xls
1997,62,Khan Yasmin Yusuf,Chakra (Wheel),F,786,L,0,data/maharashtra/mumbai/BMC 1997.xls
1997,62,Mangaovkar Indumati Bhikaji,Bow & Arrow,F,6547,W,0,data/maharashtra/mumbai/BMC 1997.xls
1997,62,Rele Shilpa Satish,Hand,F,4832,L,0,data/maharashtra/mumbai/BMC 1997.xls
1997,63,Kotiyan Ravi Sanjiya,Bicycle,M,76,L,0,data/maharashtra/mumbai/BMC 1997.xls
1997,63,Consika Newjina Anthoni,Flaming Torch,M,162,L,0,data/maharashtra/mumbai/BMC 1997.xls
1997,63,Jagtap Ashok Sadashiv,Hurricane Lamp,M,136,L,0,data/maharashtra/mumbai/BMC 1997.xls
1997,63,Jadhav Vasant Bhaguji,Jeep,M,1743,L,0,data/maharashtra/mumbai/BMC 1997.xls
1997,63,Devar Rajendar Narayan,Haldhar within Wheel (Chakra Haldar),M,273,L,0,data/maharashtra/mumbai/BMC 1997.xls
1997,63,Palkar Shantaram Tukaram,Coconut Tree Bearing Fruits,M,412,L,0,data/maharashtra/mumbai/BMC 1997.xls
1997,63,Pandit Ajit Govind,Bow & Arrow,M,7986,W,0,data/maharashtra/mumbai/BMC 1997.xls
1997,63,Murkar Dipak Krishnanath,Hand,M,2694,L,0,data/maharashtra/mumbai/BMC 1997.xls
1997,63,Shivgan Chandrakant Gokul,Chakra (Wheel),M,220,L,0,data/maharashtra/mumbai/BMC 1997.xls
1997,63,Sangve Jyotiba Sadu,Umbrella,M,362,L,0,data/maharashtra/mumbai/BMC 1997.xls
1997,64,Albas John Fransis,Chakra (Wheel),M,242,L,0,data/maharashtra/mumbai/BMC 1997.xls
1997,64,Ayare Prakash Atmaram,Bow & Arrow,M,5887,W,0,data/maharashtra/mumbai/BMC 1997.xls
1997,64,Kukde Arvind Purushottam,Star,M,113,L,0,data/maharashtra/mumbai/BMC 1997.xls
1997,64,Gharat Rajan Raghunath,Two Swords & A Shield,M,307,L,0,data/maharashtra/mumbai/BMC 1997.xls
1997,64,Temkar Nandkumar Anant,Hand,M,4442,L,0,data/maharashtra/mumbai/BMC 1997.xls
1997,64,Dosani Abdul Razak,Ladder,M,52,L,0,data/maharashtra/mumbai/BMC 1997.xls
1997,64,Toraskar Pratap Raghoba,Electric Bulb,M,371,L,0,data/maharashtra/mumbai/BMC 1997.xls
1997,64,Patel Hasan Dagadu,Hurricane Lamp,M,30,L,0,data/maharashtra/mumbai/BMC 1997.xls
1997,64,Mayekar Jaywant Pandurang,Apple,M,20,L,0,data/maharashtra/mumbai/BMC 1997.xls
1997,64,Raut Girish Vinayak,Two Leaves,M,1349,L,0,data/maharashtra/mumbai/BMC 1997.xls
1997,64,Rege Ashok Pandurang,Aeroplane,M,1188,L,0,data/maharashtra/mumbai/BMC 1997.xls
1997,65,Kale Shashan Bhaskar,Chakra (Wheel),M,260,L,0,data/maharashtra/mumbai/BMC 1997.xls
1997,65,Gavale Bhaskar Nibaji,Rising Sun,M,2279,L,0,data/maharashtra/mumbai/BMC 1997.xls
1997,65,Gaykawad Vishnu Ramchandra,Hand,M,5515,W,0,data/maharashtra/mumbai/BMC 1997.xls
1997,65,Dulgaj Omsingh Richapal,Lotus,M,5047,L,0,data/maharashtra/mumbai/BMC 1997.xls
1997,65,Dulgaj Jagdish Rupchand,Umbrella,M,810,L,0,data/maharashtra/mumbai/BMC 1997.xls
1997,65,Sabane Suresh Shiyling,Bicycle,M,226,L,0,data/maharashtra/mumbai/BMC 1997.xls
1997,66,Chouhan Jasumati Gulaji,Hand,F,4338,L,0,data/maharashtra/mumbai/BMC 1997.xls
1997,66,Bang Sarala Omprkash,Bicycle,F,5019,W,0,data/maharashtra/mumbai/BMC 1997.xls
1997,66,Meher Rekha Sandesh,Lotus,F,3165,L,0,data/maharashtra/mumbai/BMC 1997.xls
1997,67,Kalambe Ramesh Babu,Car,M,112,L,0,data/maharashtra/mumbai/BMC 1997.xls
1997,67,Kale Vasant Vishnu,Coconut Tree Bearing Fruits,M,59,L,0,data/maharashtra/mumbai/BMC 1997.xls
1997,67,Ghodake Harishchandra Ganpat,Two Swords & A Shield,M,242,L,0,data/maharashtra/mumbai/BMC 1997.xls
1997,67,Chougule Ashok Kashinath,Umbrella,M,63,L,0,data/maharashtra/mumbai/BMC 1997.xls
1997,67,Tale Dilip Velappa,Bicycle,M,1151,L,0,data/maharashtra/mumbai/BMC 1997.xls
1997,67,Trimukhe Nanda Omprakash,Aeroplane,F,38,L,0,data/maharashtra/mumbai/BMC 1997.xls
1997,67,Narayane Mahadev Narhari,Bow & Arrow,M,2485,L,0,data/maharashtra/mumbai/BMC 1997.xls
1997,67,Nandepelli Hanumant Sayappa,Hand,M,6381,W,0,data/maharashtra/mumbai/BMC 1997.xls
1997,67,Mhaske Vasudev Mahadev,Chakra (Wheel),M,1409,L,0,data/maharashtra/mumbai/BMC 1997.xls
1997,67,Vatkar Subhash Shankar,State,M,423,L,0,data/maharashtra/mumbai/BMC 1997.xls
1997,67,Shinde M. Y.,Rising Sun,M,6063,L,0,data/maharashtra/mumbai/BMC 1997.xls
1997,67,Sonawane Shalini Madhukar,Star,F,57,L,0,data/maharashtra/mumbai/BMC 1997.xls
1997,67,Sonawane Suresh Dharmaji,Ladder,M,126,L,0,data/maharashtra/mumbai/BMC 1997.xls
1997,68,Iyer Ganesh Rangayya,Ship,M,65,L,0,data/maharashtra/mumbai/BMC 1997.xls
1997,68,Athawale Sunil Sitaram,Conch,M,54,L,0,data/maharashtra/mumbai/BMC 1997.xls
1997,68,S. Polin Mery,Bicycle,M,671,L,0,data/maharashtra/mumbai/BMC 1997.xls
1997,68,Khan Rahim Idris,Chakra (Wheel),M,3287,L,0,data/maharashtra/mumbai/BMC 1997.xls
1997,68,Choudhari Abdul Vahab,Jeep,M,66,L,0,data/maharashtra/mumbai/BMC 1997.xls
1997,68,Diyekar Popat Pandurang,Two Swords & A Shield,M,146,L,0,data/maharashtra/mumbai/BMC 1997.xls
1997,68,Nadar Thangraj Kosalaiandi,Hockey & Ball,M,61,L,0,data/maharashtra/mumbai/BMC 1997.xls
1997,68,Nadar Durai S.,Haldhar within Wheel (Chakra Haldhar),M,141,L,0,data/maharashtra/mumbai/BMC 1997.xls
1997,68,Nadar M. Balraj Mattu,Star,M,2332,L,0,data/maharashtra/mumbai/BMC 1997.xls
1997,68,Pawar Vitthal Jyoti,Bow & Arrow,M,3682,L,0,data/maharashtra/mumbai/BMC 1997.xls
1997,68,Pal Jitendrakumar Nanku,Car,M,84,L,0,data/maharashtra/mumbai/BMC 1997.xls
1997,68,Mane Kunal Naresh,Hand,M,5828,W,0,data/maharashtra/mumbai/BMC 1997.xls
1997,68,Medhe Shidharth Shankar,Two Leaves,M,548,L,0,data/maharashtra/mumbai/BMC 1997.xls
1997,68,Meshri Gopal Jalappa,Boy & Girl,M,35,L,0,data/maharashtra/mumbai/BMC 1997.xls
1997,68,Gaileri Omprakash Eknath,State,M,80,L,0,data/maharashtra/mumbai/BMC 1997.xls
1997,68,Mojes Romuvela Israpalli,Coconut Tree Bearing Fruits,M,28,L,0,data/maharashtra/mumbai/BMC 1997.xls
1997,68,Yeshumishra Satyamishra,Brick,M,27,L,0,data/maharashtra/mumbai/BMC 1997.xls
1997,68,Vasim Khan Putankhan,Chair,M,99,L,0,data/maharashtra/mumbai/BMC 1997.xls
1997,68,Kherkhane Laxman Gangaram,"Hammer, Sickle & Star",M,219,L,0,data/maharashtra/mumbai/BMC 1997.xls
1997,68,Shinde Chandrakant Sakharam,Rising Sun,M,350,L,0,data/maharashtra/mumbai/BMC 1997.xls
1997,68,Said Mohmmed Hasim Abdul Masid,Umbrella,M,5,L,0,data/maharashtra/mumbai/BMC 1997.xls
1997,69,Kale Ashok Namdev,Bicycle,M,667,L,0,data/maharashtra/mumbai/BMC 1997.xls
1997,69,Kale Dipak Namdev,Hand,M,4461,W,0,data/maharashtra/mumbai/BMC 1997.xls
1997,69,Koushal Subhedar Hiralal,State,M,303,L,0,data/maharashtra/mumbai/BMC 1997.xls
1997,69,Kamble Bapu Gabaji,Two Swords & A Shield,M,193,L,0,data/maharashtra/mumbai/BMC 1997.xls
1997,69,Kharavi Kisan Ranchandra,Conch,M,12,L,0,data/maharashtra/mumbai/BMC 1997.xls
1997,69,Jadhav Sadanand Bhiku,Rising Sun,M,450,L,0,data/maharashtra/mumbai/BMC 1997.xls
1997,69,Doifode Ramesh Narayan,Star,M,142,L,0,data/maharashtra/mumbai/BMC 1997.xls
1997,69,Bobade Bhanudas Ganpat,Umbrella,M,1009,L,0,data/maharashtra/mumbai/BMC 1997.xls
1997,69,Shinde Bapurao Bhaguji,Chakra (Wheel),M,249,L,0,data/maharashtra/mumbai/BMC 1997.xls
1997,69,Suryavansh Rajendra Narayan,Bow & Arrow,M,2788,L,0,data/maharashtra/mumbai/BMC 1997.xls
1997,69,Sonawane Shalini Madhukar,Ladder,F,25,L,0,data/maharashtra/mumbai/BMC 1997.xls
1997,70,Katle Dattu Tukaram,Bow & Arrow,M,6723,W,0,data/maharashtra/mumbai/BMC 1997.xls
1997,70,Khade Sunil Valchand,Chair,M,283,L,0,data/maharashtra/mumbai/BMC 1997.xls
1997,70,Khandare Vasant Shivram,"Hammer, Sickle & Star",M,616,L,0,data/maharashtra/mumbai/BMC 1997.xls
1997,70,Jaiswal Atmaram Lalluram,Two Leaves,M,1160,L,0,data/maharashtra/mumbai/BMC 1997.xls
1997,70,Bhandare Somnath Ananda,Star,M,222,L,0,data/maharashtra/mumbai/BMC 1997.xls
1997,70,Rokade Nandkumar Tukaram,Ladder,M,70,L,0,data/maharashtra/mumbai/BMC 1997.xls
1997,70,Vatkar Jagannath Bhimrao,Bicycle,M,3926,L,0,data/maharashtra/mumbai/BMC 1997.xls
1997,70,Vatkar Manish Madhav,Hand,M,4376,L,0,data/maharashtra/mumbai/BMC 1997.xls
1997,70,Sawant Bhairu Maruti,Boy & Girl,M,45,L,0,data/maharashtra/mumbai/BMC 1997.xls
1997,70,Songaovkar Surendra Rajaram,Two Swords & A Shield,M,830,L,0,data/maharashtra/mumbai/BMC 1997.xls
1997,70,Votkar Rakhmaji Bhigsha,Rising Sun,M,425,L,0,data/maharashtra/mumbai/BMC 1997.xls
1997,71,Nagreddi Sankappa Naga,Star,M,161,L,0,data/maharashtra/mumbai/BMC 1997.xls
1997,71,Vaiti Sanjay Parshuram,Hand,M,5490,L,0,data/maharashtra/mumbai/BMC 1997.xls
1997,71,Vaidya Milind Dattaram,Bow & Arrow,M,8850,W,0,data/maharashtra/mumbai/BMC 1997.xls
1997,72,Kalelkar Poornima Shirish,Conch,F,276,L,0,data/maharashtra/mumbai/BMC 1997.xls
1997,72,Khan Raisa Akbar,Bicycle,F,1597,L,0,data/maharashtra/mumbai/BMC 1997.xls
1997,72,Khoja Mumtaj Haidarali,Star,F,55,L,0,data/maharashtra/mumbai/BMC 1997.xls
1997,72,Dandekar Pushplata Prakash,Lotus,F,105,L,0,data/maharashtra/mumbai/BMC 1997.xls
1997,72,Padval Priya Vihar,Two Leaves,F,3129,W,0,data/maharashtra/mumbai/BMC 1997.xls
1997,72,Rodriks Kavita Harvi,Hand,F,1874,L,0,data/maharashtra/mumbai/BMC 1997.xls
1997,72,Sohandani Mina Mohan,Ladder,F,80,L,0,data/maharashtra/mumbai/BMC 1997.xls
1997,73,Andrade Alivhar Pashav,Hockey & Ball,M,1929,L,0,data/maharashtra/mumbai/BMC 1997.xls
1997,73,Khaja Ahmed Husen,Aeroplane,M,33,L,0,data/maharashtra/mumbai/BMC 1997.xls
1997,73,Khan Athar Mohmmed Abdul Mohid,Umbrella,M,411,L,0,data/maharashtra/mumbai/BMC 1997.xls
1997,73,Khan Rehbar Siraj,Ladder,M,214,L,0,data/maharashtra/mumbai/BMC 1997.xls
1997,73,Gops Clarens Jems,Telephone,M,2229,L,0,data/maharashtra/mumbai/BMC 1997.xls
1997,73,Marchant Lejali John,Star,M,39,L,0,data/maharashtra/mumbai/BMC 1997.xls
1997,73,Deshpande Shrinivas Madhav,Jeep,M,323,L,0,data/maharashtra/mumbai/BMC 1997.xls
1997,73,Mahuawala Yusuf Kamruddin,Hand Pump,M,140,L,0,data/maharashtra/mumbai/BMC 1997.xls
1997,73,Mulchandani Jayram Sundardas,Two Leaves,M,32,L,0,data/maharashtra/mumbai/BMC 1997.xls
1997,73,Mohmmed Harun Riyasat Husen,Bicycle,M,1258,L,0,data/maharashtra/mumbai/BMC 1997.xls
1997,73,Shekh Mahmmed Zahir,Ship,M,47,L,0,data/maharashtra/mumbai/BMC 1997.xls
1997,73,Shelar Tukaram Bhikaji,Bow & Arrow,M,4403,L,0,data/maharashtra/mumbai/BMC 1997.xls
1997,73,Sidhiki Jayauddin Abdul,Hand,M,4569,W,0,data/maharashtra/mumbai/BMC 1997.xls
1997,73,Hanif Sayara Shamshudin,Boy & Girl,F,166,L,0,data/maharashtra/mumbai/BMC 1997.xls
1997,74,Aglave Bharti Ramchandra,Hand,F,3003,W,0,data/maharashtra/mumbai/BMC 1997.xls
1997,74,Koli Leela Krishna,Boat,F,645,L,0,data/maharashtra/mumbai/BMC 1997.xls
1997,74,Chikhodrawala Minakshi Yakub,Chakra (Wheel),F,973,L,0,data/maharashtra/mumbai/BMC 1997.xls
1997,74,Brigenza Liyan,Star,F,392,L,0,data/maharashtra/mumbai/BMC 1997.xls
1997,74,Maskarinhas Margaret,Bicycle,F,930,L,0,data/maharashtra/mumbai/BMC 1997.xls
1997,74,Sikvera Marta Sibil,Candles,F,2157,L,0,data/maharashtra/mumbai/BMC 1997.xls
1997,74,Kshirsagar Rajshree Ramesh,Lotus,F,2891,L,0,data/maharashtra/mumbai/BMC 1997.xls
1997,75,Contractor Rukaiya Abbas,Umbrella,F,678,L,0,data/maharashtra/mumbai/BMC 1997.xls
1997,75,Gaykawad Usha Harishchandra,Aeroplane,F,117,L,0,data/maharashtra/mumbai/BMC 1997.xls
1997,75,Ghule Pratibha Bhaskar,Star,F,99,L,0,data/maharashtra/mumbai/BMC 1997.xls
1997,75,Bhatija Kamini Kumar,Lotus,F,4829,W,0,data/maharashtra/mumbai/BMC 1997.xls
1997,75,Vaidya Nila Prabhakar,Hand,F,3287,L,0,data/maharashtra/mumbai/BMC 1997.xls
1997,75,Raldanha Urmila Pitar,Flaming Torch,F,254,L,0,data/maharashtra/mumbai/BMC 1997.xls
1997,75,Solanki Rekha Harendra,Bicycle,F,932,L,0,data/maharashtra/mumbai/BMC 1997.xls
1997,76,Bobadi Prakash Pandurang,Hand,M,6341,L,0,data/maharashtra/mumbai/BMC 1997.xls
1997,76,Bhagne Sandip Shantaram,Rising Sun,M,2779,L,0,data/maharashtra/mumbai/BMC 1997.xls
1997,76,Mahadik Ramesh Bapu,Bow & Arrow,M,7442,W,0,data/maharashtra/mumbai/BMC 1997.xls
1997,76,Yadav Lalji Ramkishor,Bicycle,M,3747,L,0,data/maharashtra/mumbai/BMC 1997.xls
1997,76,Rane Aruna Vinayak,Coconut Tree Bearing Fruits,F,1311,L,0,data/maharashtra/mumbai/BMC 1997.xls
1997,76,Solanki Laxman Naran,Two Swords & A Shield,M,853,L,0,data/maharashtra/mumbai/BMC 1997.xls
1997,77,Anand Charanbir Kaur,Bicycle,F,330,L,0,data/maharashtra/mumbai/BMC 1997.xls
1997,77,Bhosle Rohini Madhusudan,Umbrella,F,286,L,0,data/maharashtra/mumbai/BMC 1997.xls
1997,77,Sharma Shaili Guddu,Conch,F,220,L,0,data/maharashtra/mumbai/BMC 1997.xls
1997,77,Shetty Shobha Sudhakar,Two Leaves,F,781,L,0,data/maharashtra/mumbai/BMC 1997.xls
1997,77,Sathe Kranti Arun,Lotus,F,3717,W,0,data/maharashtra/mumbai/BMC 1997.xls
1997,77,Husen Nishant Imtiyaz,Hand,F,1306,L,0,data/maharashtra/mumbai/BMC 1997.xls
1997,78,Kureshi Mukim Rashid,Hand,M,4110,L,0,data/maharashtra/mumbai/BMC 1997.xls
1997,78,Tari Shankar Sakharam,State,M,1262,L,0,data/maharashtra/mumbai/BMC 1997.xls
1997,78,Patil Ashok Vasudev,Bow & Arrow,M,4884,W,0,data/maharashtra/mumbai/BMC 1997.xls
1997,78,Prajapati Shivpujan Pachu,Jeep,M,406,L,0,data/maharashtra/mumbai/BMC 1997.xls
1997,78,Yadav Lalitraj Swaminath,Car,M,147,L,0,data/maharashtra/mumbai/BMC 1997.xls
1997,79,Agrawal Nirmala Shyamsundar,Hand,F,2111,L,0,data/maharashtra/mumbai/BMC 1997.xls
1997,79,Kadari Sharif Ahmed,Chakra (Wheel),M,1507,L,0,data/maharashtra/mumbai/BMC 1997.xls
1997,79,Kasare Bandu Laxman,Hurricane Lamp,M,491,L,0,data/maharashtra/mumbai/BMC 1997.xls
1997,79,Khan Riyazuddin Zahiruddin,Ladder,M,41,L,0,data/maharashtra/mumbai/BMC 1997.xls
1997,79,Zagade Virendra Govind,Bow & Arrow,M,6829,W,0,data/maharashtra/mumbai/BMC 1997.xls
1997,79,Thorat Dattatraya Pandurang,Two Swords & A Shield,M,941,L,0,data/maharashtra/mumbai/BMC 1997.xls
1997,79,Pawar Jaywant Maruti,Rising Sun,M,1953,L,0,data/maharashtra/mumbai/BMC 1997.xls
1997,79,Loke Krishna Shankar,Coconut Tree & Bearing Fruits,M,227,L,0,data/maharashtra/mumbai/BMC 1997.xls
1997,79,Lokhande Ashok Kisan,Two Leaves,M,173,L,0,data/maharashtra/mumbai/BMC 1997.xls
1997,79,Vengurlekar Ulhas Soma,Conch,M,496,L,0,data/maharashtra/mumbai/BMC 1997.xls
1997,79,Shekh Gulzar Abbas,Aeroplane,M,1116,L,0,data/maharashtra/mumbai/BMC 1997.xls
1997,79,Shekh Liyakat Ali,Star,M,43,L,0,data/maharashtra/mumbai/BMC 1997.xls
1997,79,Sayyad Nasim Samsher Husen,Bicycle,M,1473,L,0,data/maharashtra/mumbai/BMC 1997.xls
1997,79,Kshirsagar Bapu Dhondiba,Boy & Girl,M,35,L,0,data/maharashtra/mumbai/BMC 1997.xls
1997,80,Adsul Eknath Shivram,Axe,M,225,L,0,data/maharashtra/mumbai/BMC 1997.xls
1997,80,Ovhal Vishnu Mahadev,Hand,M,2455,L,0,data/maharashtra/mumbai/BMC 1997.xls
1997,80,Kadam Shrikant Laxman,Jeep,M,291,L,0,data/maharashtra/mumbai/BMC 1997.xls
1997,80,Khan Ibrahim Nijamuddin,Bicycle,M,5007,L,0,data/maharashtra/mumbai/BMC 1997.xls
1997,80,Chougule Mahadev Narayan,Umbrella,M,38,L,0,data/maharashtra/mumbai/BMC 1997.xls
1997,80,Dhone Vijay Tukaram,Ladder,M,75,L,0,data/maharashtra/mumbai/BMC 1997.xls
1997,80,Naik Ramchandra Govind,Bat,M,69,L,0,data/maharashtra/mumbai/BMC 1997.xls
1997,80,Pawar Ratnakar Gopal,Spectacles,M,66,L,0,data/maharashtra/mumbai/BMC 1997.xls
1997,80,Patil Sunanda Jayram,Two Swords & A Shield,F,610,L,0,data/maharashtra/mumbai/BMC 1997.xls
1997,80,Piwal Chandsingh Zalesingh,Electric Bulb,M,112,L,0,data/maharashtra/mumbai/BMC 1997.xls
1997,80,Bot Maya Suresh,Aeroplane,F,36,L,0,data/maharashtra/mumbai/BMC 1997.xls
1997,80,Mir Mozam Ali Faiz Ali,Railway Engine,M,309,L,0,data/maharashtra/mumbai/BMC 1997.xls
1997,80,Maidam Chinna Gangaram,Coconut Tree & Bearing Fruits,M,253,L,0,data/maharashtra/mumbai/BMC 1997.xls
1997,80,More Sandip Bhanuram,Boy & Girl,M,123,L,0,data/maharashtra/mumbai/BMC 1997.xls
1997,80,Vishwkarma Mishirilal Muniram,Two Leaves,M,23,L,0,data/maharashtra/mumbai/BMC 1997.xls
1997,80,Shekh Mohmmed Yunus M. Ismail,Star,M,507,L,0,data/maharashtra/mumbai/BMC 1997.xls
1997,80,Sapkal Chandrashekhar Dyal,Rising Sun,M,1101,L,0,data/maharashtra/mumbai/BMC 1997.xls
1997,80,Sawant Prakash Vasant,Bow & Arrow,M,5441,W,0,data/maharashtra/mumbai/BMC 1997.xls
1997,81,Kamble Sahebrao Sakharam,Hurricane Lamp,M,361,L,0,data/maharashtra/mumbai/BMC 1997.xls
1997,81,Gaykawad Govind Vitthal,Rising Sun,M,957,L,0,data/maharashtra/mumbai/BMC 1997.xls
1997,81,Gaykawad Pramod Ramchandra,Two Leaves,M,716,L,0,data/maharashtra/mumbai/BMC 1997.xls
1997,81,Chouhan Radheshyam Narsingh,Hand,M,6476,W,0,data/maharashtra/mumbai/BMC 1997.xls
1997,81,Jagtap Tushar Eknath,Bicycle,M,4103,L,0,data/maharashtra/mumbai/BMC 1997.xls
1997,81,Jadhav Ashwin Shankar,Aeroplane,M,25,L,0,data/maharashtra/mumbai/BMC 1997.xls
1997,81,Dayama Premchand Ganpatram,Chakra (Wheel),M,937,L,0,data/maharashtra/mumbai/BMC 1997.xls
1997,81,Badgujar Likhma Badriprasad,Two Swords & A Shield,M,482,L,0,data/maharashtra/mumbai/BMC 1997.xls
1997,81,Bagoriya Jayprakash Mamchand,Bow & Arrow,M,6196,L,0,data/maharashtra/mumbai/BMC 1997.xls
1997,81,Vamne Dipak Parshuram,Conch,M,404,L,0,data/maharashtra/mumbai/BMC 1997.xls
1997,81,Shewale Vijay Janu,Star,M,59,L,0,data/maharashtra/mumbai/BMC 1997.xls
1997,81,Solanki Shivram Durlab,Candles,M,288,L,0,data/maharashtra/mumbai/BMC 1997.xls
1997,81,Honmukhe Mangesh Bhimrao,Umbrella,M,37,L,0,data/maharashtra/mumbai/BMC 1997.xls
1997,82,Kolte Sulbha Prakash,Lotus,F,1599,L,0,data/maharashtra/mumbai/BMC 1997.xls
1997,82,Khan Khatija A. Rahman,Pressure Cooker,F,43,L,0,data/maharashtra/mumbai/BMC 1997.xls
1997,82,Deulkar Suhasini Rupaji,State,F,1639,L,0,data/maharashtra/mumbai/BMC 1997.xls
1997,82,Pawar Anjali Ashok,Two Leaves,F,855,L,0,data/maharashtra/mumbai/BMC 1997.xls
1997,82,Polekar Shalini Vilas,Jeep,F,913,L,0,data/maharashtra/mumbai/BMC 1997.xls
1997,82,Bharde Helan Anwar,Chakra (Wheel),F,2521,W,0,data/maharashtra/mumbai/BMC 1997.xls
1997,82,Mishri Hamida Masum Ali,Bicycle,F,1770,L,0,data/maharashtra/mumbai/BMC 1997.xls
1997,82,More Malati Balkrishna,Ears of Corn & Sickle,F,126,L,0,data/maharashtra/mumbai/BMC 1997.xls
1997,82,Shenoy Prafulla Laxman,Axe,F,2,L,0,data/maharashtra/mumbai/BMC 1997.xls
1997,82,Sapkal Pushplata Sakharam,Hand,F,1804,L,0,data/maharashtra/mumbai/BMC 1997.xls
1997,82,Sawant Charushila Pratap,Star,F,90,L,0,data/maharashtra/mumbai/BMC 1997.xls
1997,82,Sidhiki Najma Banu,Aeroplane,F,10,L,0,data/maharashtra/mumbai/BMC 1997.xls
1997,82,Sonavane Sulabha Vijay,Rising Sun,F,409,L,0,data/maharashtra/mumbai/BMC 1997.xls
1997,82,Sonavane Malan Vinayak,Umbrella,F,86,L,0,data/maharashtra/mumbai/BMC 1997.xls
1997,83,Khade Suryakant Shridhar,Bow & Arrow,M,3281,L,0,data/maharashtra/mumbai/BMC 1997.xls
1997,83,Gupta Ramchandra Jokhanlal,Car,M,556,L,0,data/maharashtra/mumbai/BMC 1997.xls
1997,83,Chouhan Suryakant Gangaram,Hand,M,4380,W,0,data/maharashtra/mumbai/BMC 1997.xls
1997,83,Julfikar A. Fajal Ahmed,Star,M,236,L,0,data/maharashtra/mumbai/BMC 1997.xls
1997,83,Dhamapurkar Ashok Sambhaji,Flaming Torch,M,253,L,0,data/maharashtra/mumbai/BMC 1997.xls
1997,83,Dhuri Shashikant Keshav,Plough,M,417,L,0,data/maharashtra/mumbai/BMC 1997.xls
1997,83,Mayekar Gundu Balkrishna,Railway Engine,M,278,L,0,data/maharashtra/mumbai/BMC 1997.xls
1997,83,Mahadik Chandrakant Maruti,Apple,M,20,L,0,data/maharashtra/mumbai/BMC 1997.xls
1997,83,Mahadeshwar Vishwanath Pandurang,Umbrella,M,3018,L,0,data/maharashtra/mumbai/BMC 1997.xls
1997,83,Meshri Babaji Dhondu,Chair,M,112,L,0,data/maharashtra/mumbai/BMC 1997.xls
1997,83,Moghe Madhukar Tatu,Two Swords & A Shield,M,593,L,0,data/maharashtra/mumbai/BMC 1997.xls
1997,83,Varma Gulab Shankar,Chakra (Wheel),M,601,L,0,data/maharashtra/mumbai/BMC 1997.xls
1997,83,Shekh Mohmmed Kayyum Ahmed,Bicycle,M,2029,L,0,data/maharashtra/mumbai/BMC 1997.xls
1997,84,Ulod Chatursingh Ranaji,Hurricane Lamp,M,161,L,0,data/maharashtra/mumbai/BMC 1997.xls
1997,84,Krushnan K. K.,Chakra (Wheel),M,435,L,0,data/maharashtra/mumbai/BMC 1997.xls
1997,84,Khandekar Prakash Shankar,Bat,M,12,L,0,data/maharashtra/mumbai/BMC 1997.xls
1997,84,Gupta Bhalchandra Patiraj,Flaming Torch,M,74,L,0,data/maharashtra/mumbai/BMC 1997.xls
1997,84,Dayas Josef Domnik,Bucket,M,2806,L,0,data/maharashtra/mumbai/BMC 1997.xls
1997,84,Potnis Sanjay Govind,Bow & Arrow,M,4300,W,0,data/maharashtra/mumbai/BMC 1997.xls
1997,84,Bhagavankar Sanjay Kamlakar,State,M,265,L,0,data/maharashtra/mumbai/BMC 1997.xls
1997,84,Bhugara Vijay Huns,Aeroplane,M,1681,L,0,data/maharashtra/mumbai/BMC 1997.xls
1997,84,Manhas Amarjit Raghuvirsingh,Hand,M,3974,L,0,data/maharashtra/mumbai/BMC 1997.xls
1997,84,Meshram Kirti Sheshrao,Two Leaves,F,39,L,0,data/maharashtra/mumbai/BMC 1997.xls
1997,84,Rane Sayaji Krushnaji,Two Swords & A Shield,M,118,L,0,data/maharashtra/mumbai/BMC 1997.xls
1997,84,Rodriks Frinsis Luis,Star,M,650,L,0,data/maharashtra/mumbai/BMC 1997.xls
1997,84,Waghmare Vijay Damu,Rising Sun,M,62,L,0,data/maharashtra/mumbai/BMC 1997.xls
1997,84,Shukla Purushottam Gopinath,Clock,M,1690,L,0,data/maharashtra/mumbai/BMC 1997.xls
1997,84,Shekh Mahmmed Rafik Mustafa Husen,Bicycle,M,1720,L,0,data/maharashtra/mumbai/BMC 1997.xls
1997,84,Shenoy Kamalaksh Keshav,Conch,M,64,L,0,data/maharashtra/mumbai/BMC 1997.xls
1997,84,Sapkal Harishchandra Vitthal,Ceiling Fan,M,46,L,0,data/maharashtra/mumbai/BMC 1997.xls
1997,85,Ansari Farid Abdul Kasim,Chakra (Wheel),M,382,L,0,data/maharashtra/mumbai/BMC 1997.xls
1997,85,Abraham Jhorj,Electric Bulb,M,3885,W,0,data/maharashtra/mumbai/BMC 1997.xls
1997,85,Acharekar Balkrushna Babu,Aeroplane,M,208,L,0,data/maharashtra/mumbai/BMC 1997.xls
1997,85,Kadam Shalini Chandrakant,Ship,F,358,L,0,data/maharashtra/mumbai/BMC 1997.xls
1997,85,Kapur Mohanlal Dharmvir,Spectacles,M,397,L,0,data/maharashtra/mumbai/BMC 1997.xls
1997,85,Kureshi Akbar Ali,Rising Sun,M,946,L,0,data/maharashtra/mumbai/BMC 1997.xls
1997,85,Keni Aanil Anthoni,Boat,M,75,L,0,data/maharashtra/mumbai/BMC 1997.xls
1997,85,Khan Javed Nasrulakhan,Haldar within Wheel (Chakra Haldar),M,395,L,0,data/maharashtra/mumbai/BMC 1997.xls
1997,85,Khan Mehmad Amit,Bicycle,M,1731,L,0,data/maharashtra/mumbai/BMC 1997.xls
1997,85,Khan Mohmmed Ismail,Chair,M,263,L,0,data/maharashtra/mumbai/BMC 1997.xls
1997,85,Jesinto Febiyan Vinsent,Trumpet,M,52,L,0,data/maharashtra/mumbai/BMC 1997.xls
1997,85,Dayas Josef Domnik,Bucket,M,1484,L,0,data/maharashtra/mumbai/BMC 1997.xls
1997,85,Dal Sadhana Subhal,Kite,F,997,L,0,data/maharashtra/mumbai/BMC 1997.xls
1997,85,D'soza Felips,Ladder,M,23,L,0,data/maharashtra/mumbai/BMC 1997.xls
1997,85,D'Souza Floyd Jerome,Jeep,F,49,L,0,data/maharashtra/mumbai/BMC 1997.xls
1997,85,Tadvi Sulemankhan Kasamkhan,Coconut Tree Bearing Fruits,M,34,L,0,data/maharashtra/mumbai/BMC 1997.xls
1997,85,Tiwari Radheshyam Mithaiwala,Hand,M,1337,L,0,data/maharashtra/mumbai/BMC 1997.xls
1997,85,Thorat Krishna Bhikaji,Candles,M,908,L,0,data/maharashtra/mumbai/BMC 1997.xls
1997,85,Dhotre Pradip Namdev,Umbrella,M,34,L,0,data/maharashtra/mumbai/BMC 1997.xls
1997,85,Nambiyar Pradip Krishnan,Lotus,M,2825,L,0,data/maharashtra/mumbai/BMC 1997.xls
1997,85,Patel Iqbal Yusuf,Star,M,94,L,0,data/maharashtra/mumbai/BMC 1997.xls
1997,85,Bane Subhash Dattatraya,Hurricane Lamp,M,384,L,0,data/maharashtra/mumbai/BMC 1997.xls
1997,85,Bhosle Satyavan Balkrishna,Two Swords & A Shield,M,1904,L,0,data/maharashtra/mumbai/BMC 1997.xls
1997,85,Mahmud Ahmed Mukhtar,Clock,M,561,L,0,data/maharashtra/mumbai/BMC 1997.xls
1997,85,Mirza Mehbub Beg,Plough,M,126,L,0,data/maharashtra/mumbai/BMC 1997.xls
1997,85,Roy Sailkumari,Television,F,107,L,0,data/maharashtra/mumbai/BMC 1997.xls
1997,85,Varma Mahesh Vidhydhar,Axe,M,655,L,0,data/maharashtra/mumbai/BMC 1997.xls
1997,85,Sharma Sunil Javaharlal,Ballon,M,7,L,0,data/maharashtra/mumbai/BMC 1997.xls
1997,85,Shirsivkar Kishor Anant,Telephone,M,16,L,0,data/maharashtra/mumbai/BMC 1997.xls
1997,85,Savre Chandar Margu,Railway Engine,M,639,L,0,data/maharashtra/mumbai/BMC 1997.xls
1997,85,Singh Ramdhari Rajanarayan,Flaming Torch,M,131,L,0,data/maharashtra/mumbai/BMC 1997.xls
1997,85,Solanki Regina Jayanti,Hand Pump,F,61,L,0,data/maharashtra/mumbai/BMC 1997.xls
1997,86,Gurav Vijay Ragunath,Bow & Arrow,M,8357,W,0,data/maharashtra/mumbai/BMC 1997.xls
1997,86,Thakur Suryawansh Balrup,Conch,M,3465,L,0,data/maharashtra/mumbai/BMC 1997.xls
1997,86,Nachanekar Vathan Vithoba,Two Swords & A Shield,M,868,L,0,data/maharashtra/mumbai/BMC 1997.xls
1997,86,Nandikar Sanjay Vithoba,Hand,M,4668,L,0,data/maharashtra/mumbai/BMC 1997.xls
1997,86,Manjrekar Sunil Duttaram,Sewing Machine,M,733,L,0,data/maharashtra/mumbai/BMC 1997.xls
1997,86,Yadav Vaijnath Shitlaprasad,Aeroplane,M,152,L,0,data/maharashtra/mumbai/BMC 1997.xls
1997,86,Lande Ramesh Sonu,Rising Sun,M,573,L,0,data/maharashtra/mumbai/BMC 1997.xls
1997,86,Sharma Ashok Aadhar,Chakra (Wheel),M,765,L,0,data/maharashtra/mumbai/BMC 1997.xls
1997,86,Satav Baburao Tukaram,Kite,M,844,L,0,data/maharashtra/mumbai/BMC 1997.xls
1997,87,Khatib Izaz Ahamad Abdul Latif,Umbrella,M,18,L,0,data/maharashtra/mumbai/BMC 1997.xls
1997,87,Jadhav Rajendra Biku,Rising Sun,M,87,L,0,data/maharashtra/mumbai/BMC 1997.xls
1997,87,Jani Dharmendra Kantilal,Two Swords & A Shield,M,145,L,0,data/maharashtra/mumbai/BMC 1997.xls
1997,87,Thakur Vijaysingh Talukadarsingh,Hand,M,4212,L,0,data/maharashtra/mumbai/BMC 1997.xls
1997,87,Parab Sadanand Gajanan,Bow & Arrow,M,6025,W,0,data/maharashtra/mumbai/BMC 1997.xls
1997,87,Parab Subhash Shantaram,Aeroplane,M,23,L,0,data/maharashtra/mumbai/BMC 1997.xls
1997,87,Pande Arjun Rambahadur,Jeep,M,17,L,0,data/maharashtra/mumbai/BMC 1997.xls
1997,87,Pote Narsu Yalappa,Clock,M,762,L,0,data/maharashtra/mumbai/BMC 1997.xls
1997,87,Mishra Brahmajit Somanath,Flaming Torch,M,48,L,0,data/maharashtra/mumbai/BMC 1997.xls
1997,87,Mehta Jitendra Madanlal,Spectacles,M,390,L,0,data/maharashtra/mumbai/BMC 1997.xls
1997,87,Moila Anwar Kukara,Star,M,11,L,0,data/maharashtra/mumbai/BMC 1997.xls
1997,87,Rajbar Dinesh Parasnath,Plough,M,140,L,0,data/maharashtra/mumbai/BMC 1997.xls
1997,87,Rathod Devraj Dayalal,Chair,M,33,L,0,data/maharashtra/mumbai/BMC 1997.xls
1997,87,Shah Liladhar,Ladder,M,13,L,0,data/maharashtra/mumbai/BMC 1997.xls
1997,87,Sawant Subhash Mahadev,Coconut Tree Bearing Fruits,M,4229,L,0,data/maharashtra/mumbai/BMC 1997.xls
1997,88,Kabali Duttaram Jayram,Jeep,M,322,L,0,data/maharashtra/mumbai/BMC 1997.xls
1997,88,Gurav Prabhakar Dhondu,Coconut Tree Bearing Fruits,M,1531,L,0,data/maharashtra/mumbai/BMC 1997.xls
1997,88,Tankariya Vinot Odhvaji,Candles,M,474,L,0,data/maharashtra/mumbai/BMC 1997.xls
1997,88,Devkar Ramnath Duttaram,Two Swords & A Shield,M,315,L,0,data/maharashtra/mumbai/BMC 1997.xls
1997,88,Narvekar Shridhar Sakharam,Umbrella,M,135,L,0,data/maharashtra/mumbai/BMC 1997.xls
1997,88,Bastiwala Khanmahmad Abbas,Hand,M,7630,W,0,data/maharashtra/mumbai/BMC 1997.xls
1997,88,Bhagat Manesh Moreshwar,Star,M,345,L,0,data/maharashtra/mumbai/BMC 1997.xls
1997,88,Miskar Sawada Gidda,Aeroplane,M,749,L,0,data/maharashtra/mumbai/BMC 1997.xls
1997,88,Sarang Tukaram Sadashiv,Lotus,M,4821,L,0,data/maharashtra/mumbai/BMC 1997.xls
1997,89,Aalmeda Glainds Nikolas,Aeroplane,F,2305,L,0,data/maharashtra/mumbai/BMC 1997.xls
1997,89,Karmel Alfhanso Thomas,Bicycle,F,1320,L,0,data/maharashtra/mumbai/BMC 1997.xls
1997,89,Kabrol Vanisha Anthoni,Rising Sun,F,1227,L,0,data/maharashtra/mumbai/BMC 1997.xls
1997,89,Gawde Suhasini Bapu,Hurricane Lamp,F,539,L,0,data/maharashtra/mumbai/BMC 1997.xls
1997,89,Chouhan Vidya Ajit,Chakra (Wheel),F,1311,L,0,data/maharashtra/mumbai/BMC 1997.xls
1997,89,Jagtap Mandikini Umaji,Railway Engine,F,83,L,0,data/maharashtra/mumbai/BMC 1997.xls
1997,89,Jadhav Gita Ganpat,Coconut Tree Bearing Fruits,F,1264,L,0,data/maharashtra/mumbai/BMC 1997.xls
1997,89,Jaygade Sunanda Krushna,Two Swords & A Shield,F,1266,L,0,data/maharashtra/mumbai/BMC 1997.xls
1997,89,Dudwadkar Anjana Bhaskar,Hand,F,2473,L,0,data/maharashtra/mumbai/BMC 1997.xls
1997,89,Pangarkar Indira Maruti,Telephone,F,2473,L,0,data/maharashtra/mumbai/BMC 1997.xls
1997,89,Bedak Pranali Pradip,Bow & Arrow,F,5824,W,0,data/maharashtra/mumbai/BMC 1997.xls
1997,89,Shette Rekha Ramesh,Spectacles,F,173,L,0,data/maharashtra/mumbai/BMC 1997.xls
1997,89,Sapkal Rohini Subhash,"Hammer, Sickle & Star",F,1594,L,0,data/maharashtra/mumbai/BMC 1997.xls
1997,90,Alawani Parag Madhusudan,Lotus,M,5587,W,0,data/maharashtra/mumbai/BMC 1997.xls
1997,90,Upaday Kailash Kamalakant,Ring,M,87,L,0,data/maharashtra/mumbai/BMC 1997.xls
1997,90,Karalkar Sanjay Chandrakant,Star,M,491,L,0,data/maharashtra/mumbai/BMC 1997.xls
1997,90,Kulkarni Prasad Shriram,Umbrella,M,520,L,0,data/maharashtra/mumbai/BMC 1997.xls
1997,90,Khaple Dinkar Daku,Plough,M,293,L,0,data/maharashtra/mumbai/BMC 1997.xls
1997,90,Chouval Nitin Prabhakar,Kite,M,77,L,0,data/maharashtra/mumbai/BMC 1997.xls
1997,90,Chandevar Alka Sovind,Drum,F,655,L,0,data/maharashtra/mumbai/BMC 1997.xls
1997,90,Doshi Vikram Ramanlal,Lady Purse,M,44,L,0,data/maharashtra/mumbai/BMC 1997.xls
1997,90,Nagvekar Vishnu Balkrishna,Two Swords & A Shield,M,1061,L,0,data/maharashtra/mumbai/BMC 1997.xls
1997,90,Naik Devdas Hari,Car,M,283,L,0,data/maharashtra/mumbai/BMC 1997.xls
1997,90,Patil Prabhakar Mahadev,Boy & Girl,M,355,L,0,data/maharashtra/mumbai/BMC 1997.xls
1997,90,Pande Ashok Banka,Candles,M,109,L,0,data/maharashtra/mumbai/BMC 1997.xls
1997,90,Bhangire Nitin Pandurang,State,M,5,L,0,data/maharashtra/mumbai/BMC 1997.xls
1997,90,Mane Sarita Suresh,Telephone,F,250,L,0,data/maharashtra/mumbai/BMC 1997.xls
1997,90,Raje Nitin Madhusudan,Jeep,M,200,L,0,data/maharashtra/mumbai/BMC 1997.xls
1997,90,Shah Dhirajlal Popatlal,Hand,M,2689,L,0,data/maharashtra/mumbai/BMC 1997.xls
1997,90,Shah Babulal Mangalchand,Boat,M,340,L,0,data/maharashtra/mumbai/BMC 1997.xls
1997,90,Shrivastave Surendra Krishnamohan,Coconut Tree Bearing Fruits,M,69,L,0,data/maharashtra/mumbai/BMC 1997.xls
1997,90,Sarfare Sanjay Namdev,Railway Engine,M,209,L,0,data/maharashtra/mumbai/BMC 1997.xls
1997,90,Solanki Neeta Ramu,Television,F,25,L,0,data/maharashtra/mumbai/BMC 1997.xls
1997,90,Solanki Ramji Rajaram,Flaming Torch,M,693,L,0,data/maharashtra/mumbai/BMC 1997.xls
1997,90,Singh Dinesh Surendra,Conch,M,271,L,0,data/maharashtra/mumbai/BMC 1997.xls
1997,91,Khade Shantaram Narayan,Plough,M,559,L,0,data/maharashtra/mumbai/BMC 1997.xls
1997,91,Zunjarrao Dattatray Shantaram,Hand,M,3222,L,0,data/maharashtra/mumbai/BMC 1997.xls
1997,91,Vait Suryakant Kanu,Bow & Arrow,M,5232,W,0,data/maharashtra/mumbai/BMC 1997.xls
1997,91,Yadav Kamalakant Rambahal,Wheel,M,224,L,0,data/maharashtra/mumbai/BMC 1997.xls
1997,92,Arora Rakesh Vishwnath,Two Leaves,M,43,L,0,data/maharashtra/mumbai/BMC 1997.xls
1997,92,Almeda Nikolara Benzamin,Aeroplane,M,559,L,0,data/maharashtra/mumbai/BMC 1997.xls
1997,92,Ayare Anant Ramchandra,Coconut Tree Bearing Fruits,M,72,L,0,data/maharashtra/mumbai/BMC 1997.xls
1997,92,Kevat Feruram Bhikhi,Jeep,M,182,L,0,data/maharashtra/mumbai/BMC 1997.xls
1997,92,Kamble Mahendra Gangaram,Apple,M,47,L,0,data/maharashtra/mumbai/BMC 1997.xls
1997,92,Castiloni Jems,Bell,M,99,L,0,data/maharashtra/mumbai/BMC 1997.xls
1997,92,Khan Mohmmed Ayub Astafa,Sewing Machine,M,398,L,0,data/maharashtra/mumbai/BMC 1997.xls
1997,92,Khan Yakub Mohram Khan,Plough,M,35,L,0,data/maharashtra/mumbai/BMC 1997.xls
1997,92,Gardi Suresh Babu,Boat,M,55,L,0,data/maharashtra/mumbai/BMC 1997.xls
1997,92,Gupta Ramnayan Dhanai,Hand Pump,M,117,L,0,data/maharashtra/mumbai/BMC 1997.xls
1997,92,Choube Ghanshyam Satyadev,Car,M,478,L,0,data/maharashtra/mumbai/BMC 1997.xls
1997,92,Chandeliya Dayachand Dhara,Boy & Girl,M,200,L,0,data/maharashtra/mumbai/BMC 1997.xls
1997,92,Jadhav Rahul Jagan,Rising Sun,M,1191,L,0,data/maharashtra/mumbai/BMC 1997.xls
1997,92,D'soza Devid Anthoni,Violine,M,210,L,0,data/maharashtra/mumbai/BMC 1997.xls
1997,92,D'soza Vinifred Vaptira,Ship,F,1972,L,0,data/maharashtra/mumbai/BMC 1997.xls
1997,92,Tavde Suhas Balkrishna,Bow & Arrow,M,3968,W,0,data/maharashtra/mumbai/BMC 1997.xls
1997,92,Dube Krishnadatta Prasidhnarayan,Spectacles,M,747,L,0,data/maharashtra/mumbai/BMC 1997.xls
1997,92,Dhotare Suresh Kalyani,Spade,M,188,L,0,data/maharashtra/mumbai/BMC 1997.xls
1997,92,Pagare Shridhar Govinda,Conch,M,248,L,0,data/maharashtra/mumbai/BMC 1997.xls
1997,92,Partha Satpal Ratilal,Two Swords & A Shield,M,1224,L,0,data/maharashtra/mumbai/BMC 1997.xls
1997,92,Mastana Harbhajansingh Mihasingh,Candles,M,12,L,0,data/maharashtra/mumbai/BMC 1997.xls
1997,92,Mali Keshav Bachanu,Railway Engine,M,46,L,0,data/maharashtra/mumbai/BMC 1997.xls
1997,92,Yadav Dayaram Baburam,Electric Bulb,M,5,L,0,data/maharashtra/mumbai/BMC 1997.xls
1997,92,Yadav Radheshyam Ruriram,Chair,M,4,L,0,data/maharashtra/mumbai/BMC 1997.xls
1997,92,Lokhande Ramesh Chima,Ladder,M,144,L,0,data/maharashtra/mumbai/BMC 1997.xls
1997,92,Lobo Felix Fransis,Hurricane Lamp,M,98,L,0,data/maharashtra/mumbai/BMC 1997.xls
1997,92,Shekh Meruulla Alibasa,Bat,M,6,L,0,data/maharashtra/mumbai/BMC 1997.xls
1997,92,Shety Ganappa Timappa,Chakra (Wheel),M,421,L,0,data/maharashtra/mumbai/BMC 1997.xls
1997,92,Shety Ratnakar Govind,Star,M,112,L,0,data/maharashtra/mumbai/BMC 1997.xls
1997,92,Shety Remesh Ramnath,Umbrella,M,17,L,0,data/maharashtra/mumbai/BMC 1997.xls
1997,92,Saldhana Luis Baptist,Hand,M,1528,L,0,data/maharashtra/mumbai/BMC 1997.xls
1997,92,Halarnkar Devendranath Vishnu,Clock,M,201,L,0,data/maharashtra/mumbai/BMC 1997.xls
1997,93,Asware Ratan Sakharam,Rising Sun,M,1705,L,0,data/maharashtra/mumbai/BMC 1997.xls
1997,93,Kasar Kerba Mahadev,Aeroplane,M,422,L,0,data/maharashtra/mumbai/BMC 1997.xls
1997,93,Kotiyan Jay Babu,Umbrella,M,253,L,0,data/maharashtra/mumbai/BMC 1997.xls
1997,93,Garde Nitin Govind,Two Swords & A Shield,M,772,L,0,data/maharashtra/mumbai/BMC 1997.xls
1997,93,Garashiya Harishchandra Limbaji,Conch,M,12,L,0,data/maharashtra/mumbai/BMC 1997.xls
1997,93,Choudhari Utpal Shyam Manohar,Bell,M,61,L,0,data/maharashtra/mumbai/BMC 1997.xls
1997,93,Chandok Pralhadsingh Haranamsingh,Hockey & Ball,M,417,L,0,data/maharashtra/mumbai/BMC 1997.xls
1997,93,Thorat Dipak Baban,Two Leaves,M,46,L,0,data/maharashtra/mumbai/BMC 1997.xls
1997,93,Dadhich Laxmikant Kisanlal,Chair,M,12,L,0,data/maharashtra/mumbai/BMC 1997.xls
1997,93,Dube Rughuwansh,Flaming Torch,M,44,L,0,data/maharashtra/mumbai/BMC 1997.xls
1997,93,Dhavare Sanjay Vasant,Ladder,M,34,L,0,data/maharashtra/mumbai/BMC 1997.xls
1997,93,Patel Vishnu Keshav,Hurricane Lamp,M,461,L,0,data/maharashtra/mumbai/BMC 1997.xls
1997,93,Pille Champa Ramchandra,Boy & Girl,F,159,L,0,data/maharashtra/mumbai/BMC 1997.xls
1997,93,Rajan C. K.,Star,M,191,L,0,data/maharashtra/mumbai/BMC 1997.xls
1997,93,Lagishety Ramlu Mallaya,Spade & Stoker,M,34,L,0,data/maharashtra/mumbai/BMC 1997.xls
1997,93,Lotalekar Amrut Parshuram,Candles,M,100,L,0,data/maharashtra/mumbai/BMC 1997.xls
1997,93,Sharma Indrabahaddur,Chakra (Wheel),M,1719,L,0,data/maharashtra/mumbai/BMC 1997.xls
1997,93,Sawant Subhash Kanta,Bow & Arrow,M,7787,W,0,data/maharashtra/mumbai/BMC 1997.xls
1997,93,Singh Rambaksh,Hand,M,5416,L,0,data/maharashtra/mumbai/BMC 1997.xls
1997,94,Kapasi Hakimuddin Saifuddin,Umbrella,M,1078,L,0,data/maharashtra/mumbai/BMC 1997.xls
1997,94,Karnilo Rex Pal,Jeep,M,245,L,0,data/maharashtra/mumbai/BMC 1997.xls
1997,94,Khan Jahid Tayyab,Hand,M,3390,L,0,data/maharashtra/mumbai/BMC 1997.xls
1997,94,Khan Nisar,Bicycle,M,114,L,0,data/maharashtra/mumbai/BMC 1997.xls
1997,94,Chouhan Manohar Dhondu,Two Swords & A Shield,M,1717,L,0,data/maharashtra/mumbai/BMC 1997.xls
1997,94,Jadhav Prakash Kamalakar,Rising Sun,M,531,L,0,data/maharashtra/mumbai/BMC 1997.xls
1997,94,Dube Indresh Shitalakant,Star,M,110,L,0,data/maharashtra/mumbai/BMC 1997.xls
1997,94,Desai Ashok Bhivaji,Hurricane Lamp,M,3613,L,0,data/maharashtra/mumbai/BMC 1997.xls
1997,94,Pawar Vijay Dinkar,Axe,M,30,L,0,data/maharashtra/mumbai/BMC 1997.xls
1997,94,Palanna Osavin Moses,Table Lamp,M,100,L,0,data/maharashtra/mumbai/BMC 1997.xls
1997,94,Perimal John Baburao,Candles,M,35,L,0,data/maharashtra/mumbai/BMC 1997.xls
1997,94,Ray Kamlesh,Bow & Arrow,M,1423,L,0,data/maharashtra/mumbai/BMC 1997.xls
1997,94,Suryawanshi Premaji Gopal,Trumpet,M,205,L,0,data/maharashtra/mumbai/BMC 1997.xls
1997,94,Saiyyad Junaid Ahmed,Chair,M,11,L,0,data/maharashtra/mumbai/BMC 1997.xls
1997,94,Hegade M. J.,Chakra (Wheel),M,4279,W,0,data/maharashtra/mumbai/BMC 1997.xls
1997,95,Chouchari Nirmala Shantaram,Hurricane Lamp,F,42,L,0,data/maharashtra/mumbai/BMC 1997.xls
1997,95,Dube Chandra Adyaprasad,State,F,88,L,0,data/maharashtra/mumbai/BMC 1997.xls
1997,95,Deshpande Bharati Shriram,Hand,F,2920,L,0,data/maharashtra/mumbai/BMC 1997.xls
1997,95,Patil Manjusha Bhagvantrao,Bicycle,F,6520,W,0,data/maharashtra/mumbai/BMC 1997.xls
1997,95,Pavaskar Rupali Ramesh,Lotus,F,5133,L,0,data/maharashtra/mumbai/BMC 1997.xls
1997,95,Bodke Shobha Damodar,Rising Sun,F,1725,L,0,data/maharashtra/mumbai/BMC 1997.xls
1997,95,Mishra Shila Vinod,Star,F,136,L,0,data/maharashtra/mumbai/BMC 1997.xls
1997,95,Shinde Mangala Vishwambharrao,Boy & Girl,F,230,L,0,data/maharashtra/mumbai/BMC 1997.xls
1997,95,Suryawanshi Shila Laxman,Aeroplane,F,25,L,0,data/maharashtra/mumbai/BMC 1997.xls
1997,95,Sontode Shila Tukaram,Umbrella,F,1537,L,0,data/maharashtra/mumbai/BMC 1997.xls
1997,96,Aday Dharmram Nathuram,Hand,M,5417,L,0,data/maharashtra/mumbai/BMC 1997.xls
1997,96,Amberkar Dayal Raghunath,Two Swords & A Shield,M,1185,L,0,data/maharashtra/mumbai/BMC 1997.xls
1997,96,Kadam Mohan Vittal,Bicycle,M,630,L,0,data/maharashtra/mumbai/BMC 1997.xls
1997,96,Daias Lalita Anthoni,Candles,F,1087,L,0,data/maharashtra/mumbai/BMC 1997.xls
1997,96,Desai Suresh Ramchandra,Aeroplane,M,255,L,0,data/maharashtra/mumbai/BMC 1997.xls
1997,96,Patkar Shashikant Govind,Bow & Arrow,M,7845,W,0,data/maharashtra/mumbai/BMC 1997.xls
1997,96,Pal Vijaynath Baban,Chakra (Wheel),M,1086,L,0,data/maharashtra/mumbai/BMC 1997.xls
1997,96,Sanap Hari Punja,Haldhar within Wheel (Chakra Haldhar),M,266,L,0,data/maharashtra/mumbai/BMC 1997.xls
1997,97,Kale Chandrakant Janardhan,Black Board,M,16,L,0,data/maharashtra/mumbai/BMC 1997.xls
1997,97,Dodiya Bipin Harjivan,Saw,M,150,L,0,data/maharashtra/mumbai/BMC 1997.xls
1997,97,Devrukhkar Suresh Motiram,Star,M,1817,L,0,data/maharashtra/mumbai/BMC 1997.xls
1997,97,Patkar Shantaram Sitaram,Hand,M,3347,L,0,data/maharashtra/mumbai/BMC 1997.xls
1997,97,Patil Manoj Prabhakar,State,M,206,L,0,data/maharashtra/mumbai/BMC 1997.xls
1997,97,Pedanekar Jayant Shankar,Umbrella,M,19,L,0,data/maharashtra/mumbai/BMC 1997.xls
1997,97,Prajapati Divakar Rambali,Two Swords & A Shield,M,858,L,0,data/maharashtra/mumbai/BMC 1997.xls
1997,97,Bangale Gangadhar Mahadev,Car,M,9,L,0,data/maharashtra/mumbai/BMC 1997.xls
1997,97,Rane Jagdish Shankar,Railway Engine,M,509,L,0,data/maharashtra/mumbai/BMC 1997.xls
1997,97,Latke Ramesh Kondiram,Bow & Arrow,M,6591,W,0,data/maharashtra/mumbai/BMC 1997.xls
1997,97,Shinde Shankar Bhiku,Flaming Torch,M,251,L,0,data/maharashtra/mumbai/BMC 1997.xls
1997,97,Shirshekar Kashinath Vishnu,Bicycle,M,114,L,0,data/maharashtra/mumbai/BMC 1997.xls
1997,97,Holgunde Popat Dadabhau,Hurricane Lamp,M,354,L,0,data/maharashtra/mumbai/BMC 1997.xls
1997,98,Agnihotri Manorama Nirmalkumar,Telephone,F,435,L,0,data/maharashtra/mumbai/BMC 1997.xls
1997,98,Chariyat Dina Devid,Star,F,230,L,0,data/maharashtra/mumbai/BMC 1997.xls
1997,98,Padval Anita Bhalchandra,Hand,F,3827,L,0,data/maharashtra/mumbai/BMC 1997.xls
1997,98,Patil Shvetali Madhusudan,Bow & Arrow,F,4944,W,0,data/maharashtra/mumbai/BMC 1997.xls
1997,98,Manjarekar Darshana Dinkar,Chakra (Wheel),F,238,L,0,data/maharashtra/mumbai/BMC 1997.xls
1997,98,Yadav Sharda Ramakant,Bicycle,F,1426,L,0,data/maharashtra/mumbai/BMC 1997.xls
1997,98,Rajput Vanita Uday,Umbrella,F,55,L,0,data/maharashtra/mumbai/BMC 1997.xls
1997,98,Shirvadkar Swapnali Shrikant,Conch,F,654,L,0,data/maharashtra/mumbai/BMC 1997.xls
1997,98,Shinde Arti Chandrakant,Hurricane Lamp,F,308,L,0,data/maharashtra/mumbai/BMC 1997.xls
1997,98,Shinde Jayshree Chandrakant,Two Swords & A Shield,F,293,L,0,data/maharashtra/mumbai/BMC 1997.xls
1997,99,Akolkar Pratap Sadashiv,Jeep,M,288,L,0,data/maharashtra/mumbai/BMC 1997.xls
1997,99,Akandwar Madhukar Udhawrao,Kite,M,46,L,0,data/maharashtra/mumbai/BMC 1997.xls
1997,99,Kadam Digambar Parshuram,Trumpet,M,545,L,0,data/maharashtra/mumbai/BMC 1997.xls
1997,99,Ghop Nandkumar Gorat,Telephone,M,172,L,0,data/maharashtra/mumbai/BMC 1997.xls
1997,99,Jayaswal Jaganlal Samayram,Hurricane Lamp,M,60,L,0,data/maharashtra/mumbai/BMC 1997.xls
1997,99,Jain Devilal Bhanvarlal,Sewing Machine,M,89,L,0,data/maharashtra/mumbai/BMC 1997.xls
1997,99,Thorat Anand Natha,Umbrella,M,28,L,0,data/maharashtra/mumbai/BMC 1997.xls
1997,99,Dhanawade Dilip Atmaram,Electric Bulb,M,159,L,0,data/maharashtra/mumbai/BMC 1997.xls
1997,99,Pathan Nazir Ahmed,Star,M,118,L,0,data/maharashtra/mumbai/BMC 1997.xls
1997,99,Pardeshi Mahendra,Axe,M,97,L,0,data/maharashtra/mumbai/BMC 1997.xls
1997,99,Pasi Kashinath Muniyaram,Bicycle,M,9087,L,0,data/maharashtra/mumbai/BMC 1997.xls
1997,99,Poojari Laxman Chanappa,Hand,M,5983,L,0,data/maharashtra/mumbai/BMC 1997.xls
1997,99,Portur Fransit Thomas,Ceiling Fan,M,317,L,0,data/maharashtra/mumbai/BMC 1997.xls
1997,99,Pandit Dilip Eknath,Railway Engine,M,163,L,0,data/maharashtra/mumbai/BMC 1997.xls
1997,99,Bangera Dipak Narayan,Flaming Torch,M,222,L,0,data/maharashtra/mumbai/BMC 1997.xls
1997,99,Bhuruk Baban Budhaji,Gas Cylinder,M,174,L,0,data/maharashtra/mumbai/BMC 1997.xls
1997,99,Bhosle Raju Tukaram,Basket Containing Vegetables,M,117,L,0,data/maharashtra/mumbai/BMC 1997.xls
1997,99,More Amrut Dhondu,Lock & Key,M,340,L,0,data/maharashtra/mumbai/BMC 1997.xls
1997,99,More Vaman Tukaram,Boy & Girl,M,293,L,0,data/maharashtra/mumbai/BMC 1997.xls
1997,99,Yadav Sevaram Rajnarayan,Chakra (Wheel),M,412,L,0,data/maharashtra/mumbai/BMC 1997.xls
1997,99,Ray Ravindranath Brijbihari,Coconut Tree Bearing Fruits,M,117,L,0,data/maharashtra/mumbai/BMC 1997.xls
1997,99,Rewale Anaji Raghunath,Conch,M,554,L,0,data/maharashtra/mumbai/BMC 1997.xls
1997,99,Waykar Ravindra Dattaram,Bow & Arrow,M,14706,W,0,data/maharashtra/mumbai/BMC 1997.xls
1997,99,Vishriya Premchandra Tokarshi,Clock,M,106,L,0,data/maharashtra/mumbai/BMC 1997.xls
1997,99,Shekh Dadajan Daud,Aeroplane,M,298,L,0,data/maharashtra/mumbai/BMC 1997.xls
1997,99,Shekh Mahmmad Yakub,Spectacles,M,912,L,0,data/maharashtra/mumbai/BMC 1997.xls
1997,99,Shekh Yunus Amin,Chair,M,198,L,0,data/maharashtra/mumbai/BMC 1997.xls
1997,99,Shekh Sajidakbar Makhsud,Jug,M,4542,L,0,data/maharashtra/mumbai/BMC 1997.xls
1997,99,Salunke Pandurang Bhikaji,Two Swords & A Shield,M,478,L,0,data/maharashtra/mumbai/BMC 1997.xls
1997,99,Sayyad Amanulla Mahbub,Ladder,M,218,L,0,data/maharashtra/mumbai/BMC 1997.xls
1997,99,Sayyad Ajaj Husen Nasir Ahmed,Car,M,24,L,0,data/maharashtra/mumbai/BMC 1997.xls
1997,99,Sayyad Navabhasan Ibanehasan,Plough,M,324,L,0,data/maharashtra/mumbai/BMC 1997.xls
1997,99,Saufi Musa Abdulkadar,Candles,M,168,L,0,data/maharashtra/mumbai/BMC 1997.xls
1997,100,Inamdar Yogesh Vishwas,Bat,M,24,L,0,data/maharashtra/mumbai/BMC 1997.xls
1997,100,Khade Shridhar Yashwant,Bow & Arrow,M,1539,L,0,data/maharashtra/mumbai/BMC 1997.xls
1997,100,Khamkar Savita Rajaram,Sewing Machine,F,122,L,0,data/maharashtra/mumbai/BMC 1997.xls
1997,100,Khandekar Arvind Sadashiv,Umbrella,M,35,L,0,data/maharashtra/mumbai/BMC 1997.xls
1997,100,Gangnaik Gotu Chotu,Two Swords & A Shield,M,2871,L,0,data/maharashtra/mumbai/BMC 1997.xls
1997,100,Tavade Dilip Narayan,Ears of Corn & Sickle,M,221,L,0,data/maharashtra/mumbai/BMC 1997.xls
1997,100,Mahadik Shankar Ramchandra,Hand,M,632,L,0,data/maharashtra/mumbai/BMC 1997.xls
1997,100,Shinde Pravin Gajanan,Railway Engine,M,3775,W,0,data/maharashtra/mumbai/BMC 1997.xls
1997,100,Sakat Dnyandev Tatyaba,Conch,M,46,L,0,data/maharashtra/mumbai/BMC 1997.xls
1997,101,Kandalgaokar Mohan Krishna,Flaming Torch,M,349,L,0,data/maharashtra/mumbai/BMC 1997.xls
1997,101,Khanvilkar Rajaram Gangaramrao,Car,M,152,L,0,data/maharashtra/mumbai/BMC 1997.xls
1997,101,Gadda Bhanji Gopal,Aeroplane,M,19,L,0,data/maharashtra/mumbai/BMC 1997.xls
1997,101,Chajed Subhash Mangilal,Coconut Tree Bearing Fruits,M,214,L,0,data/maharashtra/mumbai/BMC 1997.xls
1997,101,Jadhav Prakash Ramchandra,Chakra (Wheel),M,392,L,0,data/maharashtra/mumbai/BMC 1997.xls
1997,101,Narvankar Rajendra Madhusudan,Conch,M,89,L,0,data/maharashtra/mumbai/BMC 1997.xls
1997,101,Panchal Santosh Ganpat,Television,M,174,L,0,data/maharashtra/mumbai/BMC 1997.xls
1997,101,Bhosale Anant Govind,Bow & Arrow,M,7874,W,0,data/maharashtra/mumbai/BMC 1997.xls
1997,101,Dr. Marchant Hareshkumar Morarji,Bicycle,M,246,L,0,data/maharashtra/mumbai/BMC 1997.xls
1997,101,Munde Chandrakant Shridhar,State,M,94,L,0,data/maharashtra/mumbai/BMC 1997.xls
1997,101,Rane Appaji Narsingh,Hand Pump,M,179,L,0,data/maharashtra/mumbai/BMC 1997.xls
1997,101,Ravat Govindsingh Pansingh,Umbrella,M,53,L,0,data/maharashtra/mumbai/BMC 1997.xls
1997,101,Sawant Suresh Shankar,Two Swords & A Shield,M,450,L,0,data/maharashtra/mumbai/BMC 1997.xls
1997,101,Salunke Sanjay Rajaram,Telephone,M,101,L,0,data/maharashtra/mumbai/BMC 1997.xls
1997,101,Singh Baba Dashrath,Hand,M,6829,L,0,data/maharashtra/mumbai/BMC 1997.xls
1997,102,Kadam Vijaya Gangaram,Hand,F,1675,W,0,data/maharashtra/mumbai/BMC 1997.xls
1997,102,Khan Nishad Harun,Star,F,261,L,0,data/maharashtra/mumbai/BMC 1997.xls
1997,102,Dhuri Sungdha Vinayak,Chakra (Wheel),F,177,L,0,data/maharashtra/mumbai/BMC 1997.xls
1997,102,Pednkar Jayashri Ravindranath,Hurricane Lamp,F,31,L,0,data/maharashtra/mumbai/BMC 1997.xls
1997,102,Ranade Pramila Bhalachandra,Lotus,F,1587,L,0,data/maharashtra/mumbai/BMC 1997.xls
1997,102,Shaikh Afrinvano Mahamud,Bicycle,F,280,L,0,data/maharashtra/mumbai/BMC 1997.xls
1997,102,Shettye Akshta Asnok,Television,F,727,L,0,data/maharashtra/mumbai/BMC 1997.xls
1997,102,Shettye Kalavati Fayyappa,Chair,F,898,L,0,data/maharashtra/mumbai/BMC 1997.xls
1997,102,Sinh Shashi Ramsurat,Conch,F,150,L,0,data/maharashtra/mumbai/BMC 1997.xls
1997,103,Ibji Abdulkadar,Gas Stove,M,159,L,0,data/maharashtra/mumbai/BMC 1997.xls
1997,103,Ingavale Madhukar Rajaram,Rising Sun,M,257,L,0,data/maharashtra/mumbai/BMC 1997.xls
1997,103,Upadhya Shashikumr Rajpyare,Bicycle,M,1287,L,0,data/maharashtra/mumbai/BMC 1997.xls
1997,103,Chauhan Sohanraj Chogamal,Jeep,M,30,L,0,data/maharashtra/mumbai/BMC 1997.xls
1997,103,Cheda Mansukh Thoban,Flaming Torch,M,719,L,0,data/maharashtra/mumbai/BMC 1997.xls
1997,103,Jadhav Manohar Hanumant,Hand Pump,M,369,L,0,data/maharashtra/mumbai/BMC 1997.xls
1997,103,Thripathi Amar Zhiguri,State,M,328,L,0,data/maharashtra/mumbai/BMC 1997.xls
1997,103,Dube Anilkumar Achayabarnath,Clock,M,14,L,0,data/maharashtra/mumbai/BMC 1997.xls
1997,103,Dube Girishkumar Mataprasad,Car,M,63,L,0,data/maharashtra/mumbai/BMC 1997.xls
1997,103,Naik Rajendra Madhukar,Hurricane Lamp,M,632,L,0,data/maharashtra/mumbai/BMC 1997.xls
1997,103,Nayak Vajarkar Pragati Pramod,Umbrella,F,296,L,0,data/maharashtra/mumbai/BMC 1997.xls
1997,103,Baloj Hafij Mohammedali,Candles,M,768,L,0,data/maharashtra/mumbai/BMC 1997.xls
1997,103,Birje Madhukar Dattaram,Two Swords & A Shield,M,692,L,0,data/maharashtra/mumbai/BMC 1997.xls
1997,103,Bairagi Kala Namdev,Spade,F,58,L,0,data/maharashtra/mumbai/BMC 1997.xls
1997,103,Bhatt Jitendra Ravashankar,Kite,M,34,L,0,data/maharashtra/mumbai/BMC 1997.xls
1997,103,Makavana Rameshbhai Vishrambhai,Railway Engine,M,763,L,0,data/maharashtra/mumbai/BMC 1997.xls
1997,103,Malvankar Amarnath Gopal,Spectacles,M,976,L,0,data/maharashtra/mumbai/BMC 1997.xls
1997,103,Mehta Mahendra Chaganlal,Electric Bulb,M,454,L,0,data/maharashtra/mumbai/BMC 1997.xls
1997,103,Maurya Ramchandra Rangi,Chair,M,130,L,0,data/maharashtra/mumbai/BMC 1997.xls
1997,103,Raut Ramakant Pandurang,Table Lamp,M,1225,L,0,data/maharashtra/mumbai/BMC 1997.xls
1997,103,Sharmo Rajesh Prabhushankar,Lotus,M,8549,W,0,data/maharashtra/mumbai/BMC 1997.xls
1997,103,Shukla Shivnrayan Baijnath,Sewing Machine,M,63,L,0,data/maharashtra/mumbai/BMC 1997.xls
1997,103,Shukla Sarvadanand Anandshankar,Hand,M,2924,L,0,data/maharashtra/mumbai/BMC 1997.xls
1997,103,Sarvankar Ramchandra Narayan,Bucket,M,7,L,0,data/maharashtra/mumbai/BMC 1997.xls
1997,103,Savant Ashok Shridhar,Aeroplane,M,144,L,0,data/maharashtra/mumbai/BMC 1997.xls
1997,103,Sonavane Maruti Dagdu,Star,M,226,L,0,data/maharashtra/mumbai/BMC 1997.xls
1997,103,Singh Lalpratap Jagdev,Telephone,M,52,L,0,data/maharashtra/mumbai/BMC 1997.xls
1997,103,Singh Shashi Ramsurat,Conch,F,13,L,0,data/maharashtra/mumbai/BMC 1997.xls
1997,104,Kalyani Chaya Sambhaji,Hand,F,1874,L,0,data/maharashtra/mumbai/BMC 1997.xls
1997,104,Thari Mathura Madhukar,Bicycle,F,3834,W,0,data/maharashtra/mumbai/BMC 1997.xls
1997,104,Prajapati Asha Ramcharan,Lotus,F,3106,L,0,data/maharashtra/mumbai/BMC 1997.xls
1997,105,Gonsalves Altina Milton,Star,F,275,L,0,data/maharashtra/mumbai/BMC 1997.xls
1997,105,Pethiyar Mariyan Swami,Clock,M,215,L,0,data/maharashtra/mumbai/BMC 1997.xls
1997,105,Jadhav Ashok Krushna,Flaming Torch,M,165,L,0,data/maharashtra/mumbai/BMC 1997.xls
1997,105,Dev Arun Ganesh,Lotus,M,4712,W,0,data/maharashtra/mumbai/BMC 1997.xls
1997,105,Nilkanth Vijay Anand,Two Swords & A Shield,M,94,L,0,data/maharashtra/mumbai/BMC 1997.xls
1997,105,Pawar Chandrakant Ramchandra,Haldhar within Wheel,M,78,L,0,data/maharashtra/mumbai/BMC 1997.xls
1997,105,Palmedu Bhiman Karuppan,Conch,M,2730,L,0,data/maharashtra/mumbai/BMC 1997.xls
1997,105,Palmedu Shankar Karpan,Coconut Tree Bearing Fruits,M,234,L,0,data/maharashtra/mumbai/BMC 1997.xls
1997,105,Pandarm Eknath Raj,Ladder,M,99,L,0,data/maharashtra/mumbai/BMC 1997.xls
1997,105,Dr. Mehta Shrish Savant,Electric Bulb,M,749,L,0,data/maharashtra/mumbai/BMC 1997.xls
1997,105,Mhatre Pushpakant Anant,Umbrella,M,4479,L,0,data/maharashtra/mumbai/BMC 1997.xls
1997,105,Lobo Anthone Rabstin,Aeroplane,M,38,L,0,data/maharashtra/mumbai/BMC 1997.xls
1997,105,Shah Chandrakant Chimanlal,Boy & Girl,M,45,L,0,data/maharashtra/mumbai/BMC 1997.xls
1997,105,Singh Fathebayadur Rampher,Bicycle,M,297,L,0,data/maharashtra/mumbai/BMC 1997.xls
1997,105,Singh Ramjanak Zhinkan,Hand,M,1511,L,0,data/maharashtra/mumbai/BMC 1997.xls
1997,106,Adval Alaram Pandurang,Conch,M,235,L,0,data/maharashtra/mumbai/BMC 1997.xls
1997,106,Karalkar Machindranath Narhari,Chakra (Wheel),M,450,L,0,data/maharashtra/mumbai/BMC 1997.xls
1997,106,Galiya Pravinchandra Harjivandas,Bow & Arrow,M,5481,L,0,data/maharashtra/mumbai/BMC 1997.xls
1997,106,Jadhav Ashok Bhau,Candles,M,7195,W,0,data/maharashtra/mumbai/BMC 1997.xls
1997,106,Dayas Lalita Anthoni,Hand,F,65,L,0,data/maharashtra/mumbai/BMC 1997.xls
1997,106,Mishri Ramchandra Damodar,Umbrella,M,200,L,0,data/maharashtra/mumbai/BMC 1997.xls
1997,106,Sangale Bapu Mahipat,Star,M,217,L,0,data/maharashtra/mumbai/BMC 1997.xls
1997,107,Agarval Anirudh Ratanlal,Two Swords & A Shield,M,664,L,0,data/maharashtra/mumbai/BMC 1997.xls
1997,107,Ansari Anjum,Ladder,M,81,L,0,data/maharashtra/mumbai/BMC 1997.xls
1997,107,Khan Yushub Abdulla,Chakra (Wheel),M,101,L,0,data/maharashtra/mumbai/BMC 1997.xls
1997,107,Trivedi Kaimudi Kantialal,Conch,F,70,L,0,data/maharashtra/mumbai/BMC 1997.xls
1997,107,Nathane Avinash Prabhakar,Bow & Arrow,M,3237,L,0,data/maharashtra/mumbai/BMC 1997.xls
1997,107,Pawar Vivek Govindrav,Rising Sun,M,181,L,0,data/maharashtra/mumbai/BMC 1997.xls
1997,107,Parekh Ranjanaben Lalitbhai,Hand,F,3092,L,0,data/maharashtra/mumbai/BMC 1997.xls
1997,107,Baviskar Chakor Ramchandra,Star,M,257,L,0,data/maharashtra/mumbai/BMC 1997.xls
1997,107,Beg Salim Tahir,Bicycle,M,3318,W,0,data/maharashtra/mumbai/BMC 1997.xls
1997,107,Bhatiya Bharatlal Mohanlal,Lady Purse,M,25,L,0,data/maharashtra/mumbai/BMC 1997.xls
1997,107,Mehta Sandip Manrakhabhai,Television,M,279,L,0,data/maharashtra/mumbai/BMC 1997.xls
1997,107,Raut Raju Ayodhya,Jeep,M,49,L,0,data/maharashtra/mumbai/BMC 1997.xls
1997,107,Ruiya Gajanand Harivilas,Coconut Tree Bearing Fruits,M,165,L,0,data/maharashtra/mumbai/BMC 1997.xls
1997,107,Shaikh Mohammed Rafiq Mehmood,Electric Bulb,M,10,L,0,data/maharashtra/mumbai/BMC 1997.xls
1997,108,Kureshi Goremiya Mehbubasahab,Coconut Tree Bearing Fruits,M,92,L,0,data/maharashtra/mumbai/BMC 1997.xls
1997,108,Kundar Jayakar Subba,Hand,M,2980,L,0,data/maharashtra/mumbai/BMC 1997.xls
1997,108,Chaudhary Vasant Gangaram,Chair,M,519,L,0,data/maharashtra/mumbai/BMC 1997.xls
1997,108,Jadhav Ashok Ranoji,Bow & Arrow,M,4349,W,0,data/maharashtra/mumbai/BMC 1997.xls
1997,108,Nilkhanth Rajan Anand,Aeroplane,M,48,L,0,data/maharashtra/mumbai/BMC 1997.xls
1997,108,Pede Vasudev Govind,Car,M,9,L,0,data/maharashtra/mumbai/BMC 1997.xls
1997,108,Bhoier Subhash Shankar,Bicycle,M,549,L,0,data/maharashtra/mumbai/BMC 1997.xls
1997,108,Mirza Atik Ahmed Irshad,Boy & Girl;,M,87,L,0,data/maharashtra/mumbai/BMC 1997.xls
1997,108,Mishra Krushkant Radhamanharan,Two Swords & A Shield,M,418,L,0,data/maharashtra/mumbai/BMC 1997.xls
1997,108,Munde Sadashiv Krushna,Jeep,M,17,L,0,data/maharashtra/mumbai/BMC 1997.xls
1997,108,More Ravindra Vasant,Star,M,50,L,0,data/maharashtra/mumbai/BMC 1997.xls
1997,108,Wanakhede Padmaja Sharad,Bat,F,543,L,0,data/maharashtra/mumbai/BMC 1997.xls
1997,108,Shirke Kunal Manohar,Ship,M,347,L,0,data/maharashtra/mumbai/BMC 1997.xls
1997,108,Shaikh Mahin Mohiddun,Ladder,M,282,L,0,data/maharashtra/mumbai/BMC 1997.xls
1997,108,Hamab Nandu Harishchandra,Ears of Corn & Sickle,M,196,L,0,data/maharashtra/mumbai/BMC 1997.xls
1997,109,Akre Deepa Krushna,Lotus,F,3777,L,0,data/maharashtra/mumbai/BMC 1997.xls
1997,109,Ilapate Nalini Damodar,Two Swords & A Shield,F,149,L,0,data/maharashtra/mumbai/BMC 1997.xls
1997,109,Koli Aruna Dattatra,Wheel,F,2453,L,0,data/maharashtra/mumbai/BMC 1997.xls
1997,109,Gondke Lakshmi Kashinath,Clock,F,22,L,0,data/maharashtra/mumbai/BMC 1997.xls
1997,109,Marucha Vanita Kailash,Hand,F,6637,W,0,data/maharashtra/mumbai/BMC 1997.xls
1997,110,Kamble Suman Haridas,Car,F,251,L,0,data/maharashtra/mumbai/BMC 1997.xls
1997,110,Gupta Mamta Ramchandra,Bicycle,F,1683,L,0,data/maharashtra/mumbai/BMC 1997.xls
1997,110,Chavan Shilpa Sudhakar,Railway Engine,F,52,L,0,data/maharashtra/mumbai/BMC 1997.xls
1997,110,Bagve Anita Atmaram,Bow & Arrow,F,5585,W,0,data/maharashtra/mumbai/BMC 1997.xls
1997,110,Bhargav Nirmala,Hand,F,4074,L,0,data/maharashtra/mumbai/BMC 1997.xls
1997,110,Yadav Geeta Vasant,Two Swords & A Shield,F,262,L,0,data/maharashtra/mumbai/BMC 1997.xls
1997,110,Sagirabi Malli Malang Mo.,Coconut Tree Bearing Fruits,F,137,L,0,data/maharashtra/mumbai/BMC 1997.xls
1997,110,Sitalani Karishma Suresh,Candles,F,51,L,0,data/maharashtra/mumbai/BMC 1997.xls
1997,110,Hariname Neena Madhukar,Star,F,185,L,0,data/maharashtra/mumbai/BMC 1997.xls
1997,111,Kerkar Aditi Sunil,Bow & Arrow,F,8572,W,0,data/maharashtra/mumbai/BMC 1997.xls
1997,111,Dhongde Bharti Balkrushan,Hand,F,8193,L,0,data/maharashtra/mumbai/BMC 1997.xls
1997,112,Konar Balraj Hanumant,Ears of Corn & Sickle,M,391,L,0,data/maharashtra/mumbai/BMC 1997.xls
1997,112,Khan Abubkar Manjur Khan,Conch,M,9,L,0,data/maharashtra/mumbai/BMC 1997.xls
1997,112,Chouhan Iqbal Ibrahim,Hand,M,1207,L,0,data/maharashtra/mumbai/BMC 1997.xls
1997,112,Jagirdar Asarar Bashir,Chakra (Wheel),M,547,L,0,data/maharashtra/mumbai/BMC 1997.xls
1997,112,Tejani Narullah Shabuddin,Bow & Arrow,M,1952,L,0,data/maharashtra/mumbai/BMC 1997.xls
1997,112,Dandekar Natraj Mahadev,Jeep,M,811,L,0,data/maharashtra/mumbai/BMC 1997.xls
1997,112,Patel Muhammad Khan,Telephone,M,37,L,0,data/maharashtra/mumbai/BMC 1997.xls
1997,112,Pashabbe Mohammad Rafiq Ismail,Candles,M,18,L,0,data/maharashtra/mumbai/BMC 1997.xls
1997,112,Makarani Rajmohamad Janmohamad,Car,M,1039,L,0,data/maharashtra/mumbai/BMC 1997.xls
1997,112,Makvana Ismail Mahamad,Star,M,5226,W,0,data/maharashtra/mumbai/BMC 1997.xls
1997,112,Mehata Ramesh Navnitlal,Coconut Tree Bearing Fruits,M,417,L,0,data/maharashtra/mumbai/BMC 1997.xls
1997,112,Mohasin Haidar Haji Haidar,Bicycle,M,2629,L,0,data/maharashtra/mumbai/BMC 1997.xls
1997,112,Shaikh Nisar Ahamad,Belt,M,49,L,0,data/maharashtra/mumbai/BMC 1997.xls
1997,112,Shaikh Parvez Mu. Yasin,Umbrella,M,506,L,0,data/maharashtra/mumbai/BMC 1997.xls
1997,112,Shaikh Shahabuddin Junait,Plough,M,1755,L,0,data/maharashtra/mumbai/BMC 1997.xls
1997,112,Shaikh Salim Abdul,Ladder,M,393,L,0,data/maharashtra/mumbai/BMC 1997.xls
1997,112,Samyual Yasmani Sunder,Two Swords & A Shield,M,34,L,0,data/maharashtra/mumbai/BMC 1997.xls
1997,113,Ambekar Devendra Shridahar,Hand,M,1935,L,0,data/maharashtra/mumbai/BMC 1997.xls
1997,113,Ambre Pandurang Soma,Bow & Arrow,M,7294,W,0,data/maharashtra/mumbai/BMC 1997.xls
1997,113,Makabana Haji Mahammad,Car,M,4443,L,0,data/maharashtra/mumbai/BMC 1997.xls
1997,113,Adv. Mulani Yusuf Dagadubhai,Star,M,388,L,0,data/maharashtra/mumbai/BMC 1997.xls
1997,113,Shaikh Shamimvano Chand,Bicycle,F,260,L,0,data/maharashtra/mumbai/BMC 1997.xls
1997,113,Sawant Pradip Raguvir,Two Swords & A Shield,M,179,L,0,data/maharashtra/mumbai/BMC 1997.xls
1997,114,Katkar Suvarna Netaji,Bicycle,F,1184,L,0,data/maharashtra/mumbai/BMC 1997.xls
1997,114,Gayakwad Prema Shripatrao,Lady Purse,F,24,L,0,data/maharashtra/mumbai/BMC 1997.xls
1997,114,Patel Indumati Tribhuvan,Umbrella,F,4162,L,0,data/maharashtra/mumbai/BMC 1997.xls
1997,114,Pawar Shantabai Ramlal,Two Leaves,F,73,L,0,data/maharashtra/mumbai/BMC 1997.xls
1997,114,Fhage Bharati Vishnu,State,F,417,L,0,data/maharashtra/mumbai/BMC 1997.xls
1997,114,Fransis Monika Aaleks,Candles,F,374,L,0,data/maharashtra/mumbai/BMC 1997.xls
1997,114,Nilima Manohar,Star,F,5879,W,0,data/maharashtra/mumbai/BMC 1997.xls
1997,114,Sharma Uma Brugu,Bow & Arrow,F,114,L,0,data/maharashtra/mumbai/BMC 1997.xls
1997,114,Shasri Aarti Sanjay,Chakra (Wheel),F,174,L,0,data/maharashtra/mumbai/BMC 1997.xls
1997,114,Shah Divyabala Velji,Hand,F,2862,L,0,data/maharashtra/mumbai/BMC 1997.xls
1997,115,Aadhangale Rajendra Niwrutti,Car,M,3,L,0,data/maharashtra/mumbai/BMC 1997.xls
1997,115,Aiwana Gami Habib,Aeroplane,M,6,L,0,data/maharashtra/mumbai/BMC 1997.xls
1997,115,Kapoor Jagmohan Ramnarayan,Hand,M,1807,L,0,data/maharashtra/mumbai/BMC 1997.xls
1997,115,Kadari Jainudin Badsab,Ladder,M,86,L,0,data/maharashtra/mumbai/BMC 1997.xls
1997,115,Gupta Rambhavan Ramrup,Boy & Girl,M,337,L,0,data/maharashtra/mumbai/BMC 1997.xls
1997,115,Jariwala Yusuf Usman,Chakra (Wheel),M,306,L,0,data/maharashtra/mumbai/BMC 1997.xls
1997,115,Dube Shyamdhar Kanthprasad,Clock,M,52,L,0,data/maharashtra/mumbai/BMC 1997.xls
1997,115,Patel Abdul Rahub Rajak,Bicycle,M,4037,W,0,data/maharashtra/mumbai/BMC 1997.xls
1997,115,Belore Ramesh Ramchandr,Two Swords & A Shield,M,76,L,0,data/maharashtra/mumbai/BMC 1997.xls
1997,115,Multani Changej Jamal,Television,M,329,L,0,data/maharashtra/mumbai/BMC 1997.xls
1997,115,Riyaj Abdul Rahim,Star,M,57,L,0,data/maharashtra/mumbai/BMC 1997.xls
1997,115,Sharma Payrelal Pancham,Bucket,M,9,L,0,data/maharashtra/mumbai/BMC 1997.xls
1997,115,Shah Shantilal Devoshi,Lotus,M,898,L,0,data/maharashtra/mumbai/BMC 1997.xls
1997,115,Shaikh Master Sarpuddin Mohammad,Chair,M,237,L,0,data/maharashtra/mumbai/BMC 1997.xls
1997,115,Saralkar Anil Duttaram,Railway Engine,M,237,L,0,data/maharashtra/mumbai/BMC 1997.xls
1997,115,Hafiji Iqbal Wali,Umbrella,M,3053,L,0,data/maharashtra/mumbai/BMC 1997.xls
1997,116,Aaghdiya Suleman Wajir,Ceiling Fan,M,3773,L,0,data/maharashtra/mumbai/BMC 1997.xls
1997,116,Adhikari Narayansingh,Letter Box,M,153,L,0,data/maharashtra/mumbai/BMC 1997.xls
1997,116,Aansari Khurshid Aalam,Spade,M,84,L,0,data/maharashtra/mumbai/BMC 1997.xls
1997,116,Abubakar Jahida Abdul,Railway Engine,F,371,L,0,data/maharashtra/mumbai/BMC 1997.xls
1997,116,Upadhay Shrinarayan Amarnath,Plough,M,307,L,0,data/maharashtra/mumbai/BMC 1997.xls
1997,116,Kashmir Mohammaddin Aahmuddin,Hand,M,1616,L,0,data/maharashtra/mumbai/BMC 1997.xls
1997,116,Koli Raghunath Maruti,Television,M,20,L,0,data/maharashtra/mumbai/BMC 1997.xls
1997,116,Kamble Rohidas Ishwar,Pressure Cooker,M,10,L,0,data/maharashtra/mumbai/BMC 1997.xls
1997,116,Khan Iftekhar Ahmad,Haldhar within Wheel (Chakra Haldhar),M,426,L,0,data/maharashtra/mumbai/BMC 1997.xls
1997,116,Khan Nasir Khan Isak,Chakra (Wheel),M,1372,L,0,data/maharashtra/mumbai/BMC 1997.xls
1997,116,Khan Mohammad Esarar Abdul Jabbar,Chair,M,540,L,0,data/maharashtra/mumbai/BMC 1997.xls
1997,116,Gangurde Rajesh Vitthal,Bucket,M,32,L,0,data/maharashtra/mumbai/BMC 1997.xls
1997,116,Chouhan Sunil Laxman,Umbrella,M,559,L,0,data/maharashtra/mumbai/BMC 1997.xls
1997,116,Choudhary Gulam Rasul Bale,Fire Engine,M,243,L,0,data/maharashtra/mumbai/BMC 1997.xls
1997,116,Chourasiya Ramkeval Shaymdev,Jeep,M,125,L,0,data/maharashtra/mumbai/BMC 1997.xls
1997,116,Tiwari Anil Kumar Sitaram,Clock,M,40,L,0,data/maharashtra/mumbai/BMC 1997.xls
1997,116,Dube Akshawarnat Wasudev,Lock & Key,M,70,L,0,data/maharashtra/mumbai/BMC 1997.xls
1997,116,Dube Omprakash Ramganesh,Conch,M,115,L,0,data/maharashtra/mumbai/BMC 1997.xls
1997,116,Nasamadi Nasir Husain,Spectacles,M,241,L,0,data/maharashtra/mumbai/BMC 1997.xls
1997,116,Nehrukar Sanjay Gowind,Aeroplane,M,30,L,0,data/maharashtra/mumbai/BMC 1997.xls
1997,116,Patel Rajun Suresh,Bow & Arrow,F,7116,L,0,data/maharashtra/mumbai/BMC 1997.xls
1997,116,Parab Balkrushna Hari,Car,M,174,L,0,data/maharashtra/mumbai/BMC 1997.xls
1997,116,Pandey Suresh Ramachal,Boy & Girl,M,324,L,0,data/maharashtra/mumbai/BMC 1997.xls
1997,116,Bidlan Ramkuar,Hurricane Lamp,M,125,L,0,data/maharashtra/mumbai/BMC 1997.xls
1997,116,Bhosle Prabhakar Shankarrao,Hockey & Ball,M,140,L,0,data/maharashtra/mumbai/BMC 1997.xls
1997,116,Bosale Pramila Harichand,State,F,81,L,0,data/maharashtra/mumbai/BMC 1997.xls
1997,116,Masud Aasif Yusuf,Bat,M,98,L,0,data/maharashtra/mumbai/BMC 1997.xls
1997,116,Mishra Ramchandra Rajaram,Star,M,165,L,0,data/maharashtra/mumbai/BMC 1997.xls
1997,116,Yadav Chotelal Jitai,Two Swords & A Shield,M,409,L,0,data/maharashtra/mumbai/BMC 1997.xls
1997,116,Yadav Rajaram Ramdas,Flaming Torch,M,3506,L,0,data/maharashtra/mumbai/BMC 1997.xls
1997,116,Yadav Ramji Bihari,Bicycle,M,238,L,0,data/maharashtra/mumbai/BMC 1997.xls
1997,116,Raj Bharati Ramprasad,Coconut Tree Bearing Fruits,F,187,L,0,data/maharashtra/mumbai/BMC 1997.xls
1997,116,Ramteke Bapuji Sitaram,Boat,M,9,L,0,data/maharashtra/mumbai/BMC 1997.xls
1997,116,Rao Ramesh Govind,Kite,M,292,L,0,data/maharashtra/mumbai/BMC 1997.xls
1997,116,Rawat Jaypalsingh Rajesingh,Ship,M,88,L,0,data/maharashtra/mumbai/BMC 1997.xls
1997,116,Warkari Bhaskar Vitthal,Sewing Machine,M,15,L,0,data/maharashtra/mumbai/BMC 1997.xls
1997,116,Vyas Kiran Kumar,Electric Bulb,M,9,L,0,data/maharashtra/mumbai/BMC 1997.xls
1997,116,Sharma Vijay Brijanand,Axe,M,10,L,0,data/maharashtra/mumbai/BMC 1997.xls
1997,116,Shaikh Asmat Ali Showkat,Ring,M,33,L,0,data/maharashtra/mumbai/BMC 1997.xls
1997,116,Shaikh Ragir Ahamad Mehabub,Ladder,M,111,L,0,data/maharashtra/mumbai/BMC 1997.xls
1997,116,Shetty Vitthal Madhu,Drum,M,5,L,0,data/maharashtra/mumbai/BMC 1997.xls
1997,116,Sayad Rabbaji Chandsab,Rising Sun,M,752,L,0,data/maharashtra/mumbai/BMC 1997.xls
1997,116,Sunesara Radrudin Mamji,Telephone,M,93,L,0,data/maharashtra/mumbai/BMC 1997.xls
1997,117,Ambekar Mohan Tatu,Two Swords & A Shield,M,89,L,0,data/maharashtra/mumbai/BMC 1997.xls
1997,117,Kambli Rajan Fhatu,Umbrella,M,42,L,0,data/maharashtra/mumbai/BMC 1997.xls
1997,117,Khanvilkar Mukund Narayan,Chakra (Wheel),M,1189,L,0,data/maharashtra/mumbai/BMC 1997.xls
1997,117,Gulhane Rajendrakumar Balkrushna,Hand,M,4122,L,0,data/maharashtra/mumbai/BMC 1997.xls
1997,117,Chouhan Laxman Duttatrya,Coconut Tree Bearing Fruits,M,1680,L,0,data/maharashtra/mumbai/BMC 1997.xls
1997,117,Newalkar Ratish Gunwant,Star,M,2800,L,0,data/maharashtra/mumbai/BMC 1997.xls
1997,117,Shinde Dilip Yalappa,Bow & Arrow,M,6338,W,0,data/maharashtra/mumbai/BMC 1997.xls
1997,117,Sikmgar Nowshed Yakub,Flaming Torch,M,862,L,0,data/maharashtra/mumbai/BMC 1997.xls
1997,117,Solanki Dinesh Aar.,Bicycle,M,527,L,0,data/maharashtra/mumbai/BMC 1997.xls
1997,118,Ahamad Faiyaz Bashir,Star,M,79,L,0,data/maharashtra/mumbai/BMC 1997.xls
1997,118,Adangale Subhash Vishwanath,Boy & Girl,M,26,L,0,data/maharashtra/mumbai/BMC 1997.xls
1997,118,Aarsud Babasaheb Genu,Rising Sun,M,384,L,0,data/maharashtra/mumbai/BMC 1997.xls
1997,118,Kawle Vikas Dinanath,Plough,M,98,L,0,data/maharashtra/mumbai/BMC 1997.xls
1997,118,Khan Janmohmd Mo. Arif,Apple,M,66,L,0,data/maharashtra/mumbai/BMC 1997.xls
1997,118,Khan Mehamood Hasan Sambir Ahamad,Clock,M,15,L,0,data/maharashtra/mumbai/BMC 1997.xls
1997,118,Khan Rais Fhatrul Raheman,Ladder,M,125,L,0,data/maharashtra/mumbai/BMC 1997.xls
1997,118,Khan Habib,Ballon,M,6,L,0,data/maharashtra/mumbai/BMC 1997.xls
1997,118,Khetmali Maruti Tukaram,Electric Bulb,M,113,L,0,data/maharashtra/mumbai/BMC 1997.xls
1997,118,Chouhan Makarand Parshuram,Axe,M,289,L,0,data/maharashtra/mumbai/BMC 1997.xls
1997,118,Chouhan Rajendraprasad Vishwanath,Telephone,M,33,L,0,data/maharashtra/mumbai/BMC 1997.xls
1997,118,Jadhav Anant Vitthal,Two Swords & A Shield,M,66,,0,data/maharashtra/mumbai/BMC 1997.xls
1997,118,Jadhav Ganshyam Mahadev,Umbrella,M,334,L,0,data/maharashtra/mumbai/BMC 1997.xls
1997,118,Tiwari Dharmendra Ashokkumar,Coconut Tree Bearing Fruits,M,166,L,0,data/maharashtra/mumbai/BMC 1997.xls
1997,118,Deulkar Chandrakant Shantaram,Bow & Arrow,M,3041,L,0,data/maharashtra/mumbai/BMC 1997.xls
1997,118,Desai Ganapat Ramchandra,Gas Cylinder,M,40,L,0,data/maharashtra/mumbai/BMC 1997.xls
1997,118,Naik Siddheshwar Yashwant,Brick,M,49,L,0,data/maharashtra/mumbai/BMC 1997.xls
1997,118,Pille Ramchandran Radhwan,Hand,M,8500,L,0,data/maharashtra/mumbai/BMC 1997.xls
1997,118,Dr. Pofhle Shaym Muralidhar,Flaming Torch,M,2887,L,0,data/maharashtra/mumbai/BMC 1997.xls
1997,118,Prabhu Gopalkrushna Waman,Bicycle,M,412,L,0,data/maharashtra/mumbai/BMC 1997.xls
1997,118,Ballad Ashok Vishwanath,Bat,M,10,L,0,data/maharashtra/mumbai/BMC 1997.xls
1997,118,Shah Manilal Bhimsi,Ship,M,564,L,0,data/maharashtra/mumbai/BMC 1997.xls
1997,119,Ahire Suresh Ramdas,Aeroplane,M,6,L,0,data/maharashtra/mumbai/BMC 1997.xls
1997,119,Ambekar Sindya Suresh,Lock & Key,F,58,L,0,data/maharashtra/mumbai/BMC 1997.xls
1997,119,Kadam Chandrakant Baburao,Kite,M,289,L,0,data/maharashtra/mumbai/BMC 1997.xls
1997,119,Dr. Kalara,Hammer Sickle & Star,M,444,L,0,data/maharashtra/mumbai/BMC 1997.xls
1997,119,Koriya Lyaytin Thomas,Boy & Girl,M,253,L,0,data/maharashtra/mumbai/BMC 1997.xls
1997,119,Kamble Ramachandra Daoulat,Umbrella,M,9,L,0,data/maharashtra/mumbai/BMC 1997.xls
1997,119,Khan Haviy A.,Balloon,M,4,L,0,data/maharashtra/mumbai/BMC 1997.xls
1997,119,Gaound Jayshankar,Star,M,45,L,0,data/maharashtra/mumbai/BMC 1997.xls
1997,119,Chouhan Manohar Shankar,Rising Sun,M,1001,L,0,data/maharashtra/mumbai/BMC 1997.xls
1997,119,Dr. Chodankar Wasudev Vishwanath,Two Leaves,M,247,L,0,data/maharashtra/mumbai/BMC 1997.xls
1997,119,Tawde Ekanath Keshav,Jeep,M,41,L,0,data/maharashtra/mumbai/BMC 1997.xls
1997,119,Dafhedar B. Anwar Husain,Car,M,46,L,0,data/maharashtra/mumbai/BMC 1997.xls
1997,119,Desai Yashwant Ganapat,Television,M,1827,L,0,data/maharashtra/mumbai/BMC 1997.xls
1997,119,Nevrekar Amit Krushnanath,Chakra (Wheel),M,2990,L,0,data/maharashtra/mumbai/BMC 1997.xls
1997,119,Patel Mahammad Ismail,Hand,M,3770,L,0,data/maharashtra/mumbai/BMC 1997.xls
1997,119,Panchali Eknath Vitthal,Telephone,M,281,L,0,data/maharashtra/mumbai/BMC 1997.xls
1997,119,Malbari Hanif Abdulla,Clock,M,573,L,0,data/maharashtra/mumbai/BMC 1997.xls
1997,119,Mishra Shayamnarayan Mannulal,Railway Engine,M,241,L,0,data/maharashtra/mumbai/BMC 1997.xls
1997,119,Mohite Ramchandra Gopal,Dam,M,38,L,0,data/maharashtra/mumbai/BMC 1997.xls
1997,119,Mhatre Ram Motiram,Bow & Arrow,M,4701,L,0,data/maharashtra/mumbai/BMC 1997.xls
1997,119,Mhatre Sharad Motiram,Hurricane Lamp,M,30,L,0,data/maharashtra/mumbai/BMC 1997.xls
1997,119,Yadav Amarjit Ramlakhan,Ears of Corn & Sickle,M,235,L,0,data/maharashtra/mumbai/BMC 1997.xls
1997,119,Yadav Chandrashekhar Aazad,Plough,M,57,L,0,data/maharashtra/mumbai/BMC 1997.xls
1997,119,Yadav Babu Satyadev,Bicycle,M,2176,L,0,data/maharashtra/mumbai/BMC 1997.xls
1997,119,Dr. Lambe Sunil Motiram,Bucket,M,137,L,0,data/maharashtra/mumbai/BMC 1997.xls
1997,119,Wairkar Ajay Mohan,Flaming Torch,M,1166,L,0,data/maharashtra/mumbai/BMC 1997.xls
1997,119,Shukla Jayshankar Rajnarayan,Sewing Machines,M,117,L,0,data/maharashtra/mumbai/BMC 1997.xls
1997,119,Shaikh Abdul Hamid,Two Swords & A Shield,M,118,L,0,data/maharashtra/mumbai/BMC 1997.xls
1997,119,Sajidabegam Mahmad Samiruddin,Pressure Cooker,F,140,L,0,data/maharashtra/mumbai/BMC 1997.xls
1997,119,Sanwane Prakash Gorakh,Ladder,M,37,L,0,data/maharashtra/mumbai/BMC 1997.xls
1997,120,Chwada Hasamukhbhai Kantibhai,Coconut Tree Bearing Fruits,M,100,L,0,data/maharashtra/mumbai/BMC 1997.xls
1997,120,Jayswal Manoj Dukhbhanjan,Flaming Torch,M,256,L,0,data/maharashtra/mumbai/BMC 1997.xls
1997,120,Dhobi Ramesh Budai,Candles,M,115,L,0,data/maharashtra/mumbai/BMC 1997.xls
1997,120,Patel Kamlesh Suryakant,Hand,M,3998,L,0,data/maharashtra/mumbai/BMC 1997.xls
1997,120,Patel Dilip Ghanshaym,Lotus,M,4296,W,0,data/maharashtra/mumbai/BMC 1997.xls
1997,120,Patel Manubhai Purshottam,Chakra (Wheel),M,1315,L,0,data/maharashtra/mumbai/BMC 1997.xls
1997,120,Barmukhe Anil Bhalchandra,Television,M,487,L,0,data/maharashtra/mumbai/BMC 1997.xls
1997,120,Bharshiv Mahendra Dashrath,Bicycle,M,2607,L,0,data/maharashtra/mumbai/BMC 1997.xls
1997,121,Kadam Ashok Uttam,Cultivator Winnowing Grain,M,50,L,0,data/maharashtra/mumbai/BMC 1997.xls
1997,121,Kulkarni Sakharam Vinayak,Flaming Torch,M,109,L,0,data/maharashtra/mumbai/BMC 1997.xls
1997,121,Khan Habib A.,Balloon,M,7,L,0,data/maharashtra/mumbai/BMC 1997.xls
1997,121,Gupta Kishor Harikisan,Gas Tumbler,M,53,L,0,data/maharashtra/mumbai/BMC 1997.xls
1997,121,Choudhary Rajesh Balaram,Electric Bulb,M,333,L,0,data/maharashtra/mumbai/BMC 1997.xls
1997,121,Natraj P. A.,Ladder,M,162,L,0,data/maharashtra/mumbai/BMC 1997.xls
1997,121,Patil Satish Nigshetty,Coconut Tree Bearing Fruits,M,26,L,0,data/maharashtra/mumbai/BMC 1997.xls
1997,121,Pawaskar Suhas Duttatrya,Kite,M,1949,L,0,data/maharashtra/mumbai/BMC 1997.xls
1997,121,Prabhu Sunil Waman,Bow & Arrow,M,5707,L,0,data/maharashtra/mumbai/BMC 1997.xls
1997,121,Botale Mangesh Shridhar,Two Swords & A Shield,M,528,L,0,data/maharashtra/mumbai/BMC 1997.xls
1997,121,Bosale Mahendra Malusare,Chair,M,35,L,0,data/maharashtra/mumbai/BMC 1997.xls
1997,121,Menan Nandgopal Ishwar,Hand,M,3326,L,0,data/maharashtra/mumbai/BMC 1997.xls
1997,121,More Sangita Yashwant,Boy & Girl,F,67,L,0,data/maharashtra/mumbai/BMC 1997.xls
1997,121,Yadav Dayashankar Ramkhilavan,Bicycle,M,3565,L,0,data/maharashtra/mumbai/BMC 1997.xls
1997,121,Yadav Babulal Sunai,Jeep,M,253,L,0,data/maharashtra/mumbai/BMC 1997.xls
1997,121,Yadav Rajendra Devnarayan,Chakra (Wheel),M,296,L,0,data/maharashtra/mumbai/BMC 1997.xls
1997,121,Shaikh Raheman Adam,Rising Sun,M,1091,L,0,data/maharashtra/mumbai/BMC 1997.xls
1997,121,Swamy Subramanyam L.,Conch,M,188,L,0,data/maharashtra/mumbai/BMC 1997.xls
1997,122,Ugale Maruti Nabaji,Jeep,M,197,L,0,data/maharashtra/mumbai/BMC 1997.xls
1997,122,Gaud Maltidevi Lalluram,Television,F,99,L,0,data/maharashtra/mumbai/BMC 1997.xls
1997,122,Chalke Pradip Duttaram,Plough,M,185,L,0,data/maharashtra/mumbai/BMC 1997.xls
1997,122,Choure Tarashankar Vaijenath,Hand,M,2611,W,0,data/maharashtra/mumbai/BMC 1997.xls
1997,122,Choure Bhimrao Govindrao,Two Leaves,M,30,L,0,data/maharashtra/mumbai/BMC 1997.xls
1997,122,Desai Vilasrao Appasaheb,Conch,M,106,L,0,data/maharashtra/mumbai/BMC 1997.xls
1997,122,Naronha Savestiyan,Electric Bulb,M,112,L,0,data/maharashtra/mumbai/BMC 1997.xls
1997,122,Nagoury Mohammad Iqbal,Chair,M,19,L,0,data/maharashtra/mumbai/BMC 1997.xls
1997,122,Nikam Arun Vasant,Axe,M,156,L,0,data/maharashtra/mumbai/BMC 1997.xls
1997,122,Patil Narayan Kashinath,Star,M,64,L,0,data/maharashtra/mumbai/BMC 1997.xls
1997,122,Pandre Sudhakar Duttarya,Flaming Torch,M,111,L,0,data/maharashtra/mumbai/BMC 1997.xls
1997,122,Prabhu Shirkant Suryaji,Two Swords & A Shiedl,M,2139,L,0,data/maharashtra/mumbai/BMC 1997.xls
1997,122,Borakar Umesh Ragunath,Coconut Tree Bearing Fruits,M,27,L,0,data/maharashtra/mumbai/BMC 1997.xls
1997,122,Bora Kurli Hanumant,Aeroplane,M,25,L,0,data/maharashtra/mumbai/BMC 1997.xls
1997,122,Bhojkar Chandrakant Sitaram,"Hammer, Sickle & Star",M,394,L,0,data/maharashtra/mumbai/BMC 1997.xls
1997,122,Manohar Madhuka Shanakar,Rising Sun,M,1423,L,0,data/maharashtra/mumbai/BMC 1997.xls
1997,122,Maskare Ramachandr Bhau,Boy & Girl,M,327,L,0,data/maharashtra/mumbai/BMC 1997.xls
1997,122,Mane Surendra Shankar,Top,M,9,L,0,data/maharashtra/mumbai/BMC 1997.xls
1997,122,Geshri Vijay Appa,Sewing Machine,M,301,L,0,data/maharashtra/mumbai/BMC 1997.xls
1997,122,More Shashikala Karbhari,Apple,F,147,L,0,data/maharashtra/mumbai/BMC 1997.xls
1997,122,Yaday Laxmi Shankar Ramkumar,Spade & Stoker,M,16,L,0,data/maharashtra/mumbai/BMC 1997.xls
1997,122,Shinde Ashok Trimbak,Trumpet,M,20,L,0,data/maharashtra/mumbai/BMC 1997.xls
1997,122,Shukla Ramachal,Umbrella,M,1156,L,0,data/maharashtra/mumbai/BMC 1997.xls
1997,122,Shetty Vasant Shankar,Car,M,294,L,0,data/maharashtra/mumbai/BMC 1997.xls
1997,122,Shetty Sugandha Madhukar,Bow & Arrow,F,2518,L,0,data/maharashtra/mumbai/BMC 1997.xls
1997,122,Sakpal Aanad Narayan,Ship,M,200,L,0,data/maharashtra/mumbai/BMC 1997.xls
1997,122,Salwi Dhondu Doulatrao,Telephone,M,467,L,0,data/maharashtra/mumbai/BMC 1997.xls
1997,122,Singh Ranjit Ambika,Clock,M,83,L,0,data/maharashtra/mumbai/BMC 1997.xls
1997,122,Singh Sumat Yajarang,Ceiling Fan,M,203,L,0,data/maharashtra/mumbai/BMC 1997.xls
1997,122,Surve Suresh Krushna,Bicycle,M,1295,L,0,data/maharashtra/mumbai/BMC 1997.xls
1997,123,Kanse Manisha Damodar,Plough,F,192,L,0,data/maharashtra/mumbai/BMC 1997.xls
1997,123,Kolwankar Anita Aanat,Two Swords & A Shield,F,1370,L,0,data/maharashtra/mumbai/BMC 1997.xls
1997,123,Gadekar Sarswati Bhikaji,Chakra (Wheel),F,899,L,0,data/maharashtra/mumbai/BMC 1997.xls
1997,123,Tembalkar Sudha Mohan,Bow & Arrow,F,3896,L,0,data/maharashtra/mumbai/BMC 1997.xls
1997,123,Nagarkar Mira Bhikaji,Bicycle,F,1254,L,0,data/maharashtra/mumbai/BMC 1997.xls
1997,123,Patil Rekha Ramesh,Hand,F,2600,L,0,data/maharashtra/mumbai/BMC 1997.xls
1997,124,Gandhi Narendra Jyoti,Chakra (Wheel),F,579,L,0,data/maharashtra/mumbai/BMC 1997.xls
1997,124,Chouhan Shila Aanat,Rising Sun,F,1669,L,0,data/maharashtra/mumbai/BMC 1997.xls
1997,124,Thakuar Vidya Jayprakash,Lotus,F,5927,W,0,data/maharashtra/mumbai/BMC 1997.xls
1997,124,Panchal Jayshri Soma,Bicycle,F,378,L,0,data/maharashtra/mumbai/BMC 1997.xls
1997,124,Papali Mina Kevalkishan,Boy & Girl,F,461,L,0,data/maharashtra/mumbai/BMC 1997.xls
1997,124,Bhatiya Vira Chandramohan,Conch,F,2072,L,0,data/maharashtra/mumbai/BMC 1997.xls
1997,124,Saluji Masuma Mohammad Said,Hand,F,2518,L,0,data/maharashtra/mumbai/BMC 1997.xls
1997,125,Anawakar Mohini Raghuvir,Chakra (Wheel),F,430,L,0,data/maharashtra/mumbai/BMC 1997.xls
1997,125,Chari Mangala Vinayak,Aeroplane,F,385,L,0,data/maharashtra/mumbai/BMC 1997.xls
1997,125,Telang Shashikala Vasudev,Two Swords & A Shield,F,238,L,0,data/maharashtra/mumbai/BMC 1997.xls
1997,125,Dube Aashadevi Bansidhar,Ladder,F,133,L,0,data/maharashtra/mumbai/BMC 1997.xls
1997,125,Pande Alka Devendra,Bicycle,F,1175,L,0,data/maharashtra/mumbai/BMC 1997.xls
1997,125,Bhatt Kailash Chotelal,Conch,F,433,L,0,data/maharashtra/mumbai/BMC 1997.xls
1997,125,Mane Sadna Sadashiv,Bow & Arrow,F,7850,W,0,data/maharashtra/mumbai/BMC 1997.xls
1997,125,Mishra Shiydevi Shrikant,Boy & Girl,F,2284,L,0,data/maharashtra/mumbai/BMC 1997.xls
1997,125,Mehata Rashmi Devendra,Hand,F,6894,L,0,data/maharashtra/mumbai/BMC 1997.xls
1997,125,Morya Gomati Ramlakhan,Electric Bulb,F,101,L,0,data/maharashtra/mumbai/BMC 1997.xls
1997,125,Shet Yasmin Aarif,Coconut Tree Bearing Fruits,F,395,L,0,data/maharashtra/mumbai/BMC 1997.xls
1997,126,Khan Abdul Wahid Jamirulla,Fire Engine,M,11,L,0,data/maharashtra/mumbai/BMC 1997.xls
1997,126,Khan Aslam Usman,Axe,M,753,L,0,data/maharashtra/mumbai/BMC 1997.xls
1997,126,Khan Yunus Mehabub,Spade & Stoker,M,45,L,0,data/maharashtra/mumbai/BMC 1997.xls
1997,126,Khan Habib A.,Balloon,M,12,L,0,data/maharashtra/mumbai/BMC 1997.xls
1997,126,Khurdekar Mandakini Pravin,Electric Bulb,F,69,L,0,data/maharashtra/mumbai/BMC 1997.xls
1997,126,Chouhan Satyawan Gunaji,Railway Engine,M,342,L,0,data/maharashtra/mumbai/BMC 1997.xls
1997,126,Dalvi Pramila Anil,Car,F,498,L,0,data/maharashtra/mumbai/BMC 1997.xls
1997,126,Mehat Kishor Prataprai,Coconut Tree Bearing Fruits,M,27,L,0,data/maharashtra/mumbai/BMC 1997.xls
1997,126,Yadav Jagdish Bhushan,Chakra (Wheel),M,269,L,0,data/maharashtra/mumbai/BMC 1997.xls
1997,126,Yadav Rajkumar Jiyaram,Rising Sun,M,179,L,0,data/maharashtra/mumbai/BMC 1997.xls
1997,126,Yadav Ram Mujarat,Hurricane Lamp,M,1712,L,0,data/maharashtra/mumbai/BMC 1997.xls
1997,126,Yadav Gansingh Dularisingh,Two Swords & A Shield,M,26,L,0,data/maharashtra/mumbai/BMC 1997.xls
1997,126,Dr. Relan Ramesh Waghjit,Plough,M,75,L,0,data/maharashtra/mumbai/BMC 1997.xls
1997,126,Warise Ganapat Balkrushna,Bow & Arrow,M,3731,L,0,data/maharashtra/mumbai/BMC 1997.xls
1997,126,Shaikha Mohammad Umar,Jeep,M,62,L,0,data/maharashtra/mumbai/BMC 1997.xls
1997,126,Sayyad Rashir Najia Miya,Chair,M,74,L,0,data/maharashtra/mumbai/BMC 1997.xls
1997,126,Sayyad Ruksana Mehabub,Ship,F,106,L,0,data/maharashtra/mumbai/BMC 1997.xls
1997,126,Singh Chotelal Bhushan,Hand,M,1066,L,0,data/maharashtra/mumbai/BMC 1997.xls
1997,126,Soni Udayraj Ramahet,Two Leaves,M,205,L,0,data/maharashtra/mumbai/BMC 1997.xls
1997,126,Saoudagar Ahamad Jamal,Bicycle,M,4773,W,0,data/maharashtra/mumbai/BMC 1997.xls
1997,127,Ugale Usha Maruti,Jeep,F,433,L,0,data/maharashtra/mumbai/BMC 1997.xls
1997,127,Kamble Shoba Kishor,Coconut Tree Bearing Fruits,F,518,L,0,data/maharashtra/mumbai/BMC 1997.xls
1997,127,Gag Yanita Manohar,Bow & Arrow,F,2780,L,0,data/maharashtra/mumbai/BMC 1997.xls
1997,127,Dr. Tiwari Vimala Ramnihar,Star,F,21,L,0,data/maharashtra/mumbai/BMC 1997.xls
1997,127,Dawale Yamini Aanil,Gas Cylinder,F,8,L,0,data/maharashtra/mumbai/BMC 1997.xls
1997,127,Devre Pushpa Baban,Aeroplane,F,261,L,0,data/maharashtra/mumbai/BMC 1997.xls
1997,127,Desawale Malti Mahipati,Spectacles,F,98,L,0,data/maharashtra/mumbai/BMC 1997.xls
1997,127,Patel Juli Raman,Bicycle,F,3493,W,0,data/maharashtra/mumbai/BMC 1997.xls
1997,127,Pande Shobha Ramnawami,Conch,F,504,L,0,data/maharashtra/mumbai/BMC 1997.xls
1997,127,Mishra Bacchi Govind,Sewing Machine,F,56,L,0,data/maharashtra/mumbai/BMC 1997.xls
1997,127,Munde Sagarbai Sadashiv,Rising Sun,F,579,L,0,data/maharashtra/mumbai/BMC 1997.xls
1997,127,Yadav Patti Mahendra,Electric Bulb,F,12,L,0,data/maharashtra/mumbai/BMC 1997.xls
1997,127,Rathod Aanusaya Maruti,Umbrella,F,87,L,0,data/maharashtra/mumbai/BMC 1997.xls
1997,127,Ruben Ranjana Abrahem,Hand,F,1077,L,0,data/maharashtra/mumbai/BMC 1997.xls
1997,127,Shah Khushbunisa Mumtaj,Basket Containing Vegetables,F,36,L,0,data/maharashtra/mumbai/BMC 1997.xls
1997,127,Saroj Sona Dhanraj,Telephone,F,389,L,0,data/maharashtra/mumbai/BMC 1997.xls
1997,127,Sawant Aarti Hemant,Chakra (Wheel),F,1498,L,0,data/maharashtra/mumbai/BMC 1997.xls
1997,127,Haramlal Reshma Ramesh,Chair,F,747,L,0,data/maharashtra/mumbai/BMC 1997.xls
1997,128,Khan Habib A.,Balloon,M,11,L,0,data/maharashtra/mumbai/BMC 1997.xls
1997,128,Khair Aanad Shivram,Hand Pump,M,23,L,0,data/maharashtra/mumbai/BMC 1997.xls
1997,128,Khair Ashok Vitthal,Dam,M,380,L,0,data/maharashtra/mumbai/BMC 1997.xls
1997,128,Thakurul Prakash Shridhar,Balloon,M,277,L,0,data/maharashtra/mumbai/BMC 1997.xls
1997,128,Tiwari Gopinath Ramnarayan,Hat,M,80,L,0,data/maharashtra/mumbai/BMC 1997.xls
1997,128,Tiwari Dinanath Mewalal,Bucket,M,400,L,0,data/maharashtra/mumbai/BMC 1997.xls
1997,128,Tirthakar Ravi Nilkanth,Aeroplane,M,75,L,0,data/maharashtra/mumbai/BMC 1997.xls
1997,128,Nikam Aanil Vishnu,Electric Bulb,M,303,L,0,data/maharashtra/mumbai/BMC 1997.xls
1997,128,Patil Chandrakant Devdara,Umbrella,M,145,L,0,data/maharashtra/mumbai/BMC 1997.xls
1997,128,Pal Dubukukh Ramkeru,Telephone,M,29,L,0,data/maharashtra/mumbai/BMC 1997.xls
1997,128,Pujari Aanil Aacchu,Brick,M,216,L,0,data/maharashtra/mumbai/BMC 1997.xls
1997,128,Mahalkari Ganapat Gopal,Jeep,M,617,L,0,data/maharashtra/mumbai/BMC 1997.xls
1997,128,Yadav Rajendra Rajpati,Chakra (Wheel),M,140,L,0,data/maharashtra/mumbai/BMC 1997.xls
1997,128,Yadav Ramlal Parshusher,Coconut Tree Bearing Fruits,M,26,L,0,data/maharashtra/mumbai/BMC 1997.xls
1997,128,Yadav Satiram Rambali,Spectacles,M,648,L,0,data/maharashtra/mumbai/BMC 1997.xls
1997,128,Rathod Bomsingh Hirsingh,Hand,M,7663,L,0,data/maharashtra/mumbai/BMC 1997.xls
1997,128,Wagmare Devidas Ramchandra,Sewing Machine,M,27,L,0,data/maharashtra/mumbai/BMC 1997.xls
1997,128,Wadkar Chandrakant Govind,Bow & Arrow,M,8122,W,0,data/maharashtra/mumbai/BMC 1997.xls
1997,128,Singh Rajput Bahadurkarn,Chair,M,110,L,0,data/maharashtra/mumbai/BMC 1997.xls
1997,128,Singh Vinod Yashwant,Bicycle,M,805,L,0,data/maharashtra/mumbai/BMC 1997.xls
1997,129,Aaibale Sushila Manohar,Umbrella,F,22,L,0,data/maharashtra/mumbai/BMC 1997.xls
1997,129,Kadam Priyawanda Dasharat,Bow & Arrow,F,11629,W,0,data/maharashtra/mumbai/BMC 1997.xls
1997,129,Khanolkar Rajani Narhari,Two Swords & A Shield,F,799,L,0,data/maharashtra/mumbai/BMC 1997.xls
1997,129,Gag Sonali Vilas,Rising Sun,F,2660,L,0,data/maharashtra/mumbai/BMC 1997.xls
1997,129,Chourasiya Kamala Nandakishor,Trumpet,F,30,L,0,data/maharashtra/mumbai/BMC 1997.xls
1997,129,Jadhav Smita Krishna,Plough,F,357,L,0,data/maharashtra/mumbai/BMC 1997.xls
1997,129,Weg Rahena Shah,Chair,F,58,L,0,data/maharashtra/mumbai/BMC 1997.xls
1997,129,Bothare Shanti Shantaram,Chakra (Wheel),F,328,L,0,data/maharashtra/mumbai/BMC 1997.xls
1997,129,Manjalkar Krushna Prakash,Brick,F,399,L,0,data/maharashtra/mumbai/BMC 1997.xls
1997,129,Murudkar Priyanka Prabhakar,Jeep,F,179,L,0,data/maharashtra/mumbai/BMC 1997.xls
1997,129,Shah Upa Kantilal,Hand,F,7238,L,0,data/maharashtra/mumbai/BMC 1997.xls
1997,129,Singh Parwati Pratapsingh,Sewing Machine,F,610,L,0,data/maharashtra/mumbai/BMC 1997.xls
1997,130,Chipalunkar Suhasini Prabhakar,Hand,F,3959,L,0,data/maharashtra/mumbai/BMC 1997.xls
1997,130,Patel Daksha Jagdish,Lotus,F,5381,W,0,data/maharashtra/mumbai/BMC 1997.xls
1997,130,Bhosale Bharati Aashok,Umbrella,F,39,L,0,data/maharashtra/mumbai/BMC 1997.xls
1997,130,Yadav Gulabi Fhullar Ram,Bicycle,F,2196,L,0,data/maharashtra/mumbai/BMC 1997.xls
1997,130,Ramane Sangita Laxman,Black Board,F,703,L,0,data/maharashtra/mumbai/BMC 1997.xls
1997,131,Aaparad Milind Damodar,Jeep,M,310,L,0,data/maharashtra/mumbai/BMC 1997.xls
1997,131,Kamble Gajanan Mahadev,Boy & Girl,M,85,L,0,data/maharashtra/mumbai/BMC 1997.xls
1997,131,Khan Habib Aataulla,Balloon,M,14,L,0,data/maharashtra/mumbai/BMC 1997.xls
1997,131,Chandra Narendra Harwansh,Conch,M,1706,L,0,data/maharashtra/mumbai/BMC 1997.xls
1997,131,Dingalkar Aashok Ramchandra,Coconut Tree Bearing Fruits,M,47,L,0,data/maharashtra/mumbai/BMC 1997.xls
1997,131,Danuka Kishanlal Ramlal,Hand,M,2986,L,0,data/maharashtra/mumbai/BMC 1997.xls
1997,131,Patel Khandubai Bikhabahi,Two Swords & A Shield,M,1585,L,0,data/maharashtra/mumbai/BMC 1997.xls
1997,131,Dr. Barote Raamnarayan Aamthalal,Lotus,M,6525,W,0,data/maharashtra/mumbai/BMC 1997.xls
1997,131,Shah Rameshchandra Chandulal,Ladder,M,67,L,0,data/maharashtra/mumbai/BMC 1997.xls
1997,131,Shah Somalal Punjilal,Television,M,144,L,0,data/maharashtra/mumbai/BMC 1997.xls
1997,131,Rahagal Prananath Harichandra,Two Leaves,M,377,L,0,data/maharashtra/mumbai/BMC 1997.xls
1997,132,Kadam Sangita Dipak,Two Swords & A Shield,F,380,L,0,data/maharashtra/mumbai/BMC 1997.xls
1997,132,Ganekar Kunjana Purnedu,Chakra (Wheel),F,923,L,0,data/maharashtra/mumbai/BMC 1997.xls
1997,132,Brahmabhat Manjula Ramanbhai,Black Board,F,143,L,0,data/maharashtra/mumbai/BMC 1997.xls
1997,132,Bamata Satwankour Ratansingh,Coconut Tree Bearing Fruits,F,2143,L,0,data/maharashtra/mumbai/BMC 1997.xls
1997,132,Bhoire Sunanda Baburao,Basket Containing Vegetables,F,341,L,0,data/maharashtra/mumbai/BMC 1997.xls
1997,132,Mhatre Aanga Prakash,Bow & Arrow,F,4362,W,0,data/maharashtra/mumbai/BMC 1997.xls
1997,132,Rajadayksha Shubangi Aarwind,Letter Box,F,211,L,0,data/maharashtra/mumbai/BMC 1997.xls
1997,132,Vaishnav Sakhi Chandulal,Ship,F,98,L,0,data/maharashtra/mumbai/BMC 1997.xls
1997,132,Shah Jyoti Hemant,Two Leaves,F,330,L,0,data/maharashtra/mumbai/BMC 1997.xls
1997,132,Singh Jaya Satanam,Hand,F,3013,L,0,data/maharashtra/mumbai/BMC 1997.xls
1997,133,Keni Vijay Motiram,Chakra (Wheel),M,330,L,0,data/maharashtra/mumbai/BMC 1997.xls
1997,133,Koli Sunil Narayan,Hand,M,4218,L,0,data/maharashtra/mumbai/BMC 1997.xls
1997,133,Kambli Naresh Shaymrao,Ladder,M,31,L,0,data/maharashtra/mumbai/BMC 1997.xls
1997,133,Khan Habib Utaulla,Balloon,M,326,L,0,data/maharashtra/mumbai/BMC 1997.xls
1997,133,Goraksha Viki Kesarinath,Two Swords & A Shield,M,718,L,0,data/maharashtra/mumbai/BMC 1997.xls
1997,133,Padashi Shantaram Tanu,Plough,M,209,L,0,data/maharashtra/mumbai/BMC 1997.xls
1997,133,Deurakhakar Nandakumar Aanat,Dam,M,41,L,0,data/maharashtra/mumbai/BMC 1997.xls
1997,133,Desai Yashawantarao Shankarrao,Flaming Torch,M,100,L,0,data/maharashtra/mumbai/BMC 1997.xls
1997,133,Naidu Suryanarayan Ramkrushna,Spade & Stoker,M,330,L,0,data/maharashtra/mumbai/BMC 1997.xls
1997,133,Patel Aashok Laxman,Bow & Arrow,M,5094,W,0,data/maharashtra/mumbai/BMC 1997.xls
1997,133,patel Kiran Bhagawandara,Conch,M,470,L,0,data/maharashtra/mumbai/BMC 1997.xls
1997,133,Patke Sandesh Jaywant,Television,M,84,L,0,data/maharashtra/mumbai/BMC 1997.xls
1997,133,Pawar Shirish Pandurang,Bat,M,541,L,0,data/maharashtra/mumbai/BMC 1997.xls
1997,133,Babkar Suresh Govind,Lock & Key,M,25,L,0,data/maharashtra/mumbai/BMC 1997.xls
1997,133,Bhanushali Pramod Robak,Bicycle,M,72,L,0,data/maharashtra/mumbai/BMC 1997.xls
1997,133,Bhave Aanil Kesha,Two Leaves,M,50,L,0,data/maharashtra/mumbai/BMC 1997.xls
1997,133,Rao Dinesh Shridhar,Electric Bulb,M,491,L,0,data/maharashtra/mumbai/BMC 1997.xls
1997,133,Wast Pravin Rohidas,Boy & Girl,M,57,L,0,data/maharashtra/mumbai/BMC 1997.xls
1997,133,Shah Ketan Hariprasad,Chair,M,90,L,0,data/maharashtra/mumbai/BMC 1997.xls
1997,133,Shetty Raghu Vitthal,Coconut Tree Bearing Fruits,M,24,L,0,data/maharashtra/mumbai/BMC 1997.xls
1997,133,Shinde Aashok Laxman,Jeep,M,24,L,0,data/maharashtra/mumbai/BMC 1997.xls
1997,134,Aansari Noorjahan Yunus,Bicycle,F,4374,L,0,data/maharashtra/mumbai/BMC 1997.xls
1997,134,Aansari Rookhsana Sayed Ahamad,Bell,F,375,L,0,data/maharashtra/mumbai/BMC 1997.xls
1997,134,Aalmelkar Salama Salim,Hand,F,5037,W,0,data/maharashtra/mumbai/BMC 1997.xls
1997,134,Naryankar Mohini Aarwind,Flaming Torch,F,171,L,0,data/maharashtra/mumbai/BMC 1997.xls
1997,134,Baruaa Manda Aashok,Rising Sun,F,2261,L,0,data/maharashtra/mumbai/BMC 1997.xls
1997,134,Borade Manisha Suresh,"Hammer, Sickle & Star",F,1094,L,0,data/maharashtra/mumbai/BMC 1997.xls
1997,134,Malawade Chaya Aarwind,Two Swords & A Shield,F,297,L,0,data/maharashtra/mumbai/BMC 1997.xls
1997,134,Raut Shobana Shirip,Lotus,F,3283,L,0,data/maharashtra/mumbai/BMC 1997.xls
1997,134,Shaikha Mahid Kagruddin,Star,F,1444,L,0,data/maharashtra/mumbai/BMC 1997.xls
1997,135,Aalwe Satyawan Mahadev,Bat,M,10,L,0,data/maharashtra/mumbai/BMC 1997.xls
1997,135,Khare Nanda Ramdas,Jeep,F,39,L,0,data/maharashtra/mumbai/BMC 1997.xls
1997,135,Khan Habib UtaUllah,Balloon,M,8,L,0,data/maharashtra/mumbai/BMC 1997.xls
1997,135,Gresas Aastin Markura,Table Lamp,M,1820,W,0,data/maharashtra/mumbai/BMC 1997.xls
1997,135,Chatriwal Abdul Razak,Ladder,M,23,L,0,data/maharashtra/mumbai/BMC 1997.xls
1997,135,Jadhav Bharati Arun,Chakra (Wheel),F,83,L,0,data/maharashtra/mumbai/BMC 1997.xls
1997,135,Dilimar Aashale Aarthar,Candles,M,464,L,0,data/maharashtra/mumbai/BMC 1997.xls
1997,135,Tiwari Ramgopal Muralidhar,Telephone,M,73,L,0,data/maharashtra/mumbai/BMC 1997.xls
1997,135,Dandeka Aasmita Aashok,Conch,F,111,L,0,data/maharashtra/mumbai/BMC 1997.xls
1997,135,Naik Devendra Aatmaram,Plough,M,544,L,0,data/maharashtra/mumbai/BMC 1997.xls
1997,135,Pande Aajaykumar Kamalakant,Two Swords & A Shield,M,94,L,0,data/maharashtra/mumbai/BMC 1997.xls
1997,135,Babakar Motiram Balkrushna,State,M,61,L,0,data/maharashtra/mumbai/BMC 1997.xls
1997,135,Dr. Banaji Balaram Ramaji,Boat,M,174,L,0,data/maharashtra/mumbai/BMC 1997.xls
1997,135,Bhandari Aji Damodar,Railway Engine,M,733,L,0,data/maharashtra/mumbai/BMC 1997.xls
1997,135,Bhandari Ramesh Sukur,Ship,M,86,L,0,data/maharashtra/mumbai/BMC 1997.xls
1997,135,Manil P. S.,Rising Sun,M,195,L,0,data/maharashtra/mumbai/BMC 1997.xls
1997,135,Masurkar Parshuram Dutta,Electric Bulb,M,264,L,0,data/maharashtra/mumbai/BMC 1997.xls
1997,135,Mishri Tulashiram Krushnaji,Chair,M,71,L,0,data/maharashtra/mumbai/BMC 1997.xls
1997,135,Mendira Aawin Aansil,Hurricane Lamp,M,1350,L,0,data/maharashtra/mumbai/BMC 1997.xls
1997,135,Rane Shankar Bhikaji,Aeroplane,M,1285,L,0,data/maharashtra/mumbai/BMC 1997.xls
1997,135,Riyaj Fhakrul Hasan Aamir Hasan,Hand,M,1409,L,0,data/maharashtra/mumbai/BMC 1997.xls
1997,135,Waiti Diganmbar Narayan,Television,M,265,L,0,data/maharashtra/mumbai/BMC 1997.xls
1997,135,Shaikh Abdul Hai,Coconut Tree Bearing Fruits,M,40,L,0,data/maharashtra/mumbai/BMC 1997.xls
1997,135,Shaikh Ramajanali Shahabuddin,Bicycle,M,1533,L,0,data/maharashtra/mumbai/BMC 1997.xls
1997,135,Shindi Kiran Hari,Bell,M,45,L,0,data/maharashtra/mumbai/BMC 1997.xls
1997,135,Sayyad Nisarali Safhadarali,Clock,M,144,L,0,data/maharashtra/mumbai/BMC 1997.xls
1997,135,Sawant Aanat Yashwant,Umbrella,M,70,L,0,data/maharashtra/mumbai/BMC 1997.xls
1997,135,Surve Mahadev Aatmaram,Bow & Arrow,M,1084,L,0,data/maharashtra/mumbai/BMC 1997.xls
1997,136,Aalmeda Joerge Paol,Candles,M,329,L,0,data/maharashtra/mumbai/BMC 1997.xls
1997,136,Indulkar Rajshekhar Duttaram,Rising Sun,M,835,L,0,data/maharashtra/mumbai/BMC 1997.xls
1997,136,Kadalak Sitaram Keshav,Boat,M,612,L,0,data/maharashtra/mumbai/BMC 1997.xls
1997,136,Koli Govind Janardhan,Two Leaves,M,233,L,0,data/maharashtra/mumbai/BMC 1997.xls
1997,136,Khan Rafhiq Masthan,Hurricane Lamp,M,28,L,0,data/maharashtra/mumbai/BMC 1997.xls
1997,136,Khan Habib Uttaulla,Balloon,M,10,L,0,data/maharashtra/mumbai/BMC 1997.xls
1997,136,Gonsalvis Fhilip Paskol,Plough,M,351,L,0,data/maharashtra/mumbai/BMC 1997.xls
1997,136,Dr. Gonsalvis Fredrik John,Star,M,339,L,0,data/maharashtra/mumbai/BMC 1997.xls
1997,136,Chettiyar Selvaraj Dharmalingam,Fire Engine,M,61,L,0,data/maharashtra/mumbai/BMC 1997.xls
1997,136,Nadar Rajmani Anthoni Sawarimudhb,Chakra (Wheel),M,2261,L,0,data/maharashtra/mumbai/BMC 1997.xls
1997,136,Pandey Omprakash Kapildev,Two Swords & A Shield,M,200,L,0,data/maharashtra/mumbai/BMC 1997.xls
1997,136,Brinto Anthoni Rojario,Bow & Arrow,M,4445,W,0,data/maharashtra/mumbai/BMC 1997.xls
1997,136,Modi Ranendrakumar Surajmahal,Conch,M,14,L,0,data/maharashtra/mumbai/BMC 1997.xls
1997,136,Yadav Raju Lalaman,Chair,M,20,L,0,data/maharashtra/mumbai/BMC 1997.xls
1997,136,Waiti Pramod Pandurang,Ship,M,584,L,0,data/maharashtra/mumbai/BMC 1997.xls
1997,136,Shah Aanil Mohanlal,Telephone,M,334,L,0,data/maharashtra/mumbai/BMC 1997.xls
1997,136,Shaikh Aaslam Ramajanali,Bicycle,M,808,L,0,data/maharashtra/mumbai/BMC 1997.xls
1997,136,Shaikh Yusuf Noormohammad,Jeep,M,74,L,0,data/maharashtra/mumbai/BMC 1997.xls
1997,136,Soda Nanu Nagindas,Hand,M,3156,L,0,data/maharashtra/mumbai/BMC 1997.xls
1997,137,Kaji Mina Inamuddin,Hand,F,2722,L,0,data/maharashtra/mumbai/BMC 1997.xls
1997,137,Disouza Otiliya Aayn,Candles,F,2095,L,0,data/maharashtra/mumbai/BMC 1997.xls
1997,137,Turakiya Pritiben Anilkumar,Ceiling Fan,F,63,L,0,data/maharashtra/mumbai/BMC 1997.xls
1997,137,Devkota Vishnudevi Jitbahaddur,Bat,F,298,L,0,data/maharashtra/mumbai/BMC 1997.xls
1997,137,Paramar Rashmi Pradip,State,F,365,L,0,data/maharashtra/mumbai/BMC 1997.xls
1997,137,Magalhas Shirle Isteliya,Violine,F,265,L,0,data/maharashtra/mumbai/BMC 1997.xls
1997,137,Madiya Krutika Manish,Coconut Tree Bearing Fruits,F,601,L,0,data/maharashtra/mumbai/BMC 1997.xls
1997,137,Mehata Parul Pinakin,Lotus,F,5265,W,0,data/maharashtra/mumbai/BMC 1997.xls
1997,138,Keni Bhalchandra Kashinath,Conch,M,400,L,0,data/maharashtra/mumbai/BMC 1997.xls
1997,138,Manyacharya Govind,Two Swords & A Shield,M,519,L,0,data/maharashtra/mumbai/BMC 1997.xls
1997,138,More Prafhull Ramchandra,Star,M,690,L,0,data/maharashtra/mumbai/BMC 1997.xls
1997,138,Rami Pravinbhai Chaganlal,Hand,M,4416,W,0,data/maharashtra/mumbai/BMC 1997.xls
1997,138,Luliya Wasudev Tikamdas,Lotus,M,4081,L,0,data/maharashtra/mumbai/BMC 1997.xls
1997,139,Gayakwad Vishnu Baban,Rising Sun,M,947,L,0,data/maharashtra/mumbai/BMC 1997.xls
1997,139,Gupta Lalaji Shrisitaram,Chair,M,382,L,0,data/maharashtra/mumbai/BMC 1997.xls
1997,139,Chouhan Baljit Salik,Jeep,M,472,L,0,data/maharashtra/mumbai/BMC 1997.xls
1997,139,Darade Laxman Deu,Flaming Torch,M,1115,L,0,data/maharashtra/mumbai/BMC 1997.xls
1997,139,Barbar Kurbanali Khalil,Star,M,344,L,0,data/maharashtra/mumbai/BMC 1997.xls
1997,139,Makadiya Haresh Jiwraj,Coconut Tree Bearing Fruits,M,1877,L,0,data/maharashtra/mumbai/BMC 1997.xls
1997,139,Yadav Kamaleshkumar Shobnath,Hand,M,5953,W,0,data/maharashtra/mumbai/BMC 1997.xls
1997,139,Yadav Shashikant Ramnath,Electric Bulb,M,38,L,0,data/maharashtra/mumbai/BMC 1997.xls
1997,139,Yadav Shivpujan Ramadev,Bicycle,M,4683,L,0,data/maharashtra/mumbai/BMC 1997.xls
1997,139,Yadav Satyanarayan,Chakra (Wheel),M,170,L,0,data/maharashtra/mumbai/BMC 1997.xls
1997,139,Rasal Dipak Dhondu,Television,M,1037,L,0,data/maharashtra/mumbai/BMC 1997.xls
1997,139,Humane Shantaram Mahadev,Two Swords & A shield,M,1206,L,0,data/maharashtra/mumbai/BMC 1997.xls
1997,140,Choudhary Insanali Amin,Bicycle,M,2587,L,0,data/maharashtra/mumbai/BMC 1997.xls
1997,140,Patil Vinayak Nana,Hand,M,5561,L,0,data/maharashtra/mumbai/BMC 1997.xls
1997,140,Pawaskar Vivek Duttaram,Star,M,154,L,0,data/maharashtra/mumbai/BMC 1997.xls
1997,140,Padanekar Aavinash Tukaram,Bow & Arrow,M,6597,W,0,data/maharashtra/mumbai/BMC 1997.xls
1997,140,Wandagar Babasaheb Aannappa,Two Swords & A Shield,M,75,L,0,data/maharashtra/mumbai/BMC 1997.xls
1997,140,Bhandari Kishor Damodar,Umbrella,M,1290,L,0,data/maharashtra/mumbai/BMC 1997.xls
1997,140,Bhandari Laxman Ganapat,Rising Sun,M,1292,L,0,data/maharashtra/mumbai/BMC 1997.xls
1997,141,Aanuwadiya Sunami Harip,Hand,F,2631,L,0,data/maharashtra/mumbai/BMC 1997.xls
1997,141,Kasawkar Milan Ashok,Two Leaves,F,2375,L,0,data/maharashtra/mumbai/BMC 1997.xls
1997,141,Keni Rashmi Nitin,Two Swords & A Shield,F,1942,L,0,data/maharashtra/mumbai/BMC 1997.xls
1997,141,Giskar Shaileja Vijay,Lotus,F,5882,W,0,data/maharashtra/mumbai/BMC 1997.xls
1997,142,Aasar Vipul Gopaldas,Ladder,M,520,L,0,data/maharashtra/mumbai/BMC 1997.xls
1997,142,Kadam Amrut Sakharam,Ship,M,1032,L,0,data/maharashtra/mumbai/BMC 1997.xls
1997,142,Khan Abdul Wahid Suleman,Aeroplane,M,526,L,0,data/maharashtra/mumbai/BMC 1997.xls
1997,142,Gupta Rakesh Ramnarayan,Ears of Corn & Sickle,M,843,L,0,data/maharashtra/mumbai/BMC 1997.xls
1997,142,Choudhary Umesh Laxmi,Flaming Torch,M,29,L,0,data/maharashtra/mumbai/BMC 1997.xls
1997,142,Dasav Bharati Ramkrushna,Bicycle,M,212,L,0,data/maharashtra/mumbai/BMC 1997.xls
1997,142,Desai Ravindra Gunawantbhai,Coconut Tree Bearing Fruits,M,849,L,0,data/maharashtra/mumbai/BMC 1997.xls
1997,142,Dravid Shekhar Wardhan,Kite,M,549,L,0,data/maharashtra/mumbai/BMC 1997.xls
1997,142,Nathawani Hasmukha Jethabhai,Star,M,32,L,0,data/maharashtra/mumbai/BMC 1997.xls
1997,142,Patil Manjula Gopal,Clock,M,100,L,0,data/maharashtra/mumbai/BMC 1997.xls
1997,142,Pangam Dinesh Govind,Conch,M,83,L,0,data/maharashtra/mumbai/BMC 1997.xls
1997,142,Farera Godfri WilFrend,Chair,M,76,L,0,data/maharashtra/mumbai/BMC 1997.xls
1997,142,Bhat Rohit Harshad,Gas Stove,M,40,L,0,data/maharashtra/mumbai/BMC 1997.xls
1997,142,Modi Diwakar Motiram,Umbrella,M,15,L,0,data/maharashtra/mumbai/BMC 1997.xls
1997,142,More Purushouttam Punaji,Two Swords & A Shield,M,2261,L,0,data/maharashtra/mumbai/BMC 1997.xls
1997,142,Shah Bharati Shantilal,Bat,F,130,L,0,data/maharashtra/mumbai/BMC 1997.xls
1997,142,Shaikh Javed Abdul Rajak,Railway Engine,M,643,L,0,data/maharashtra/mumbai/BMC 1997.xls
1997,142,Shelar Shridhar Jayram,Bow & Arrow,M,3294,W,0,data/maharashtra/mumbai/BMC 1997.xls
1997,142,Saglani Jyoti Mahendra,Hand,F,1955,L,0,data/maharashtra/mumbai/BMC 1997.xls
1997,142,Sawant Sudha Pandurang,Telephone,F,34,L,0,data/maharashtra/mumbai/BMC 1997.xls
1997,142,Soudane Goutam Aasaman,Rising Sun,M,230,L,0,data/maharashtra/mumbai/BMC 1997.xls
1997,142,Hatim Ravindra Harichandra,Jeep,M,13,L,0,data/maharashtra/mumbai/BMC 1997.xls
1997,143,Gupta Prabhudas Chavildas,Chair,M,64,L,0,data/maharashtra/mumbai/BMC 1997.xls
1997,143,Choudhary Premchandr Jagdishchandra,Railway Engine,M,34,L,0,data/maharashtra/mumbai/BMC 1997.xls
1997,143,Jadali Jagatram Gajadhar,Television,M,221,L,0,data/maharashtra/mumbai/BMC 1997.xls
1997,143,Jangam Bhaskar Vithoba,Aeroplane,M,1316,L,0,data/maharashtra/mumbai/BMC 1997.xls
1997,143,Jha Upendra Dhaneshar,Conch,M,418,L,0,data/maharashtra/mumbai/BMC 1997.xls
1997,143,Jha Bhogendra Krushnakant,Almirah,M,339,L,0,data/maharashtra/mumbai/BMC 1997.xls
1997,143,Dalal Nilesh Pravinchanda,Two Leaves,M,291,L,0,data/maharashtra/mumbai/BMC 1997.xls
1997,143,Desai Smita Ravindra,Ceiling Fan,F,1226,L,0,data/maharashtra/mumbai/BMC 1997.xls
1997,143,Dvidesh Pashupati Raghunandan,Umbrella,M,1350,L,0,data/maharashtra/mumbai/BMC 1997.xls
1997,143,Nair Pankuj Rao,Clock,M,127,L,0,data/maharashtra/mumbai/BMC 1997.xls
1997,143,Pawar Ravindra Harichandra,Boy & Girl,M,21,L,0,data/maharashtra/mumbai/BMC 1997.xls
1997,143,Maheto Naylkishor Genalal,Telephone,M,41,L,0,data/maharashtra/mumbai/BMC 1997.xls
1997,143,Mishra Shrinarayan Jayaram,Axe,M,58,L,0,data/maharashtra/mumbai/BMC 1997.xls
1997,143,Mote Mahadev Maruti,Two Swords & A Shield,M,2434,L,0,data/maharashtra/mumbai/BMC 1997.xls
1997,143,Mandal Rajendra Bhola,Sewing Machine,M,260,L,0,data/maharashtra/mumbai/BMC 1997.xls
1997,143,Yadav Bilagu Bihari,Bicycle,M,1430,L,0,data/maharashtra/mumbai/BMC 1997.xls
1997,143,Reddy Kameshwaridevi Gurumurti,Coconut Tree Bearing Fruits,F,99,L,0,data/maharashtra/mumbai/BMC 1997.xls
1997,143,Shukla Brijeshnarayan,Flaming Torch,M,108,L,0,data/maharashtra/mumbai/BMC 1997.xls
1997,143,Shinge Shrawan Maragu,Lotus,M,2977,L,0,data/maharashtra/mumbai/BMC 1997.xls
1997,143,Sarwankar Ramesh Narayan,Bat,M,9,L,0,data/maharashtra/mumbai/BMC 1997.xls
1997,143,Satpute Shankar Ganapat,Star,M,46,L,0,data/maharashtra/mumbai/BMC 1997.xls
1997,143,Sawant Ashok Vasudev,Jeep,M,3472,L,0,data/maharashtra/mumbai/BMC 1997.xls
1997,143,Sinh Shankar Satyadev,Apple,M,48,L,0,data/maharashtra/mumbai/BMC 1997.xls
1997,143,Singh Ajaypratap Balaram,Chakra (Wheel),M,69,L,0,data/maharashtra/mumbai/BMC 1997.xls
1997,143,Singh Mahendra Satyanarayan,Hand,M,1682,L,0,data/maharashtra/mumbai/BMC 1997.xls
1997,143,Singh Shivsahay Hanumanprasad,Spectacles,M,3748,L,0,data/maharashtra/mumbai/BMC 1997.xls
1997,144,Adikari Ashru Dilip,Flaming Torch,F,57,L,0,data/maharashtra/mumbai/BMC 1997.xls
1997,144,Kabale Sindhu Ragunath,Ship,F,53,L,0,data/maharashtra/mumbai/BMC 1997.xls
1997,144,Kharate Nayana Suresh,Rising Sun,F,2874,L,0,data/maharashtra/mumbai/BMC 1997.xls
1997,144,Khairnar Shobha Gurudwara,Pressure Cooker,F,48,L,0,data/maharashtra/mumbai/BMC 1997.xls
1997,144,Gupta Kusum Dinesh,Aeroplane,F,18,L,0,data/maharashtra/mumbai/BMC 1997.xls
1997,144,Gore Padma Pandharinath,Star,F,66,L,0,data/maharashtra/mumbai/BMC 1997.xls
1997,144,Gharat Swapna Shridhar,Bow & Arrow,F,8333,L,0,data/maharashtra/mumbai/BMC 1997.xls
1997,144,Chougule Rupa Shankar,Telephone,F,1578,L,0,data/maharashtra/mumbai/BMC 1997.xls
1997,144,Jaygadkar Sharada Ganesh,Hurricane Lamp,F,244,L,0,data/maharashtra/mumbai/BMC 1997.xls
1997,144,Jaygude Nanda Atmaram,Gas Stove,F,29,L,0,data/maharashtra/mumbai/BMC 1997.xls
1997,144,Tandan Nimalatevi Bhpendrakumar,Lock & Key,F,141,L,0,data/maharashtra/mumbai/BMC 1997.xls
1997,144,Tiwari Kala Ramnihor,Bicycle,F,2834,L,0,data/maharashtra/mumbai/BMC 1997.xls
1997,144,Thorat Manisha Dhanraj,Boy & Girl,F,355,L,0,data/maharashtra/mumbai/BMC 1997.xls
1997,144,More Sulochana Baburao,State,F,17422,W,0,data/maharashtra/mumbai/BMC 1997.xls
1997,144,Landge Sharada Arjun,Coconut Tree Bearing Fruits,F,27,L,0,data/maharashtra/mumbai/BMC 1997.xls
1997,144,Londhe Pushpatai Shankar,Two Swords & A Shield,F,556,,0,data/maharashtra/mumbai/BMC 1997.xls
1997,144,Wagmare Laxmibai Murhari,Television,F,18,L,0,data/maharashtra/mumbai/BMC 1997.xls
1997,144,Sharma Bechanadevi Bagwatwir,Ceiling Fan,F,136,L,0,data/maharashtra/mumbai/BMC 1997.xls
1997,144,Shaikh Banubegam Abdul Majid,Conch,F,58,L,0,data/maharashtra/mumbai/BMC 1997.xls
1997,144,Shaikh Banubegam Abdul Hafhira,Umbrella,F,772,L,0,data/maharashtra/mumbai/BMC 1997.xls
1997,144,Shilar Sunanda Aashok,Spectacles,F,644,L,0,data/maharashtra/mumbai/BMC 1997.xls
1997,144,Shinde Kesharbai,Electric Bulb,F,40,L,0,data/maharashtra/mumbai/BMC 1997.xls
1997,144,Sapawwa Mariyappa Aindigar,Jeep,F,41,L,0,data/maharashtra/mumbai/BMC 1997.xls
1997,144,Singh Shildevi Captain,Sewing Machine,F,27,L,0,data/maharashtra/mumbai/BMC 1997.xls
1997,144,Singh Gita Ramashram,Chakra (Wheel),F,586,L,0,data/maharashtra/mumbai/BMC 1997.xls
1997,144,Singh Sushila Purushottam,Clock,F,145,L,0,data/maharashtra/mumbai/BMC 1997.xls
1997,145,Aadhav Shantaram Ram,Conch,M,2851,L,0,data/maharashtra/mumbai/BMC 1997.xls
1997,145,Kadam Chakradhar Ramchandra,Two Swords & A Shield,M,174,L,0,data/maharashtra/mumbai/BMC 1997.xls
1997,145,Karande Vijay Ramchandra,Kite,M,18,L,0,data/maharashtra/mumbai/BMC 1997.xls
1997,145,Kokane Jaysingh Tukaram,Star,M,2266,L,0,data/maharashtra/mumbai/BMC 1997.xls
1997,145,Kumbhar Chandrakant Bhiku,Bow & Arrow,M,27,L,0,data/maharashtra/mumbai/BMC 1997.xls
1997,145,Galfhade Mahadev Limbaji,Spectacles,M,16,L,0,data/maharashtra/mumbai/BMC 1997.xls
1997,145,Jadhav Fhulabai Shivram,Conconut Tree bearing Fruits,F,33,L,0,data/maharashtra/mumbai/BMC 1997.xls
1997,145,Jadhav Bandu Dhondiba,Umbrella,M,750,L,0,data/maharashtra/mumbai/BMC 1997.xls
1997,145,Thakuar Rameshsingh Ramnarayan,Boy & Girl,M,4392,W,0,data/maharashtra/mumbai/BMC 1997.xls
1997,145,Tiwari Shivshankar Rajendranath,Clock,M,8,L,0,data/maharashtra/mumbai/BMC 1997.xls
1997,145,Thapaliyal Murarilal Bhagawat,Flaming Torch,M,604,L,0,data/maharashtra/mumbai/BMC 1997.xls
1997,145,Narawde Pandarinath Namadev,Plough,M,620,L,0,data/maharashtra/mumbai/BMC 1997.xls
1997,145,Pandagale Suresh Gulab,Hand,M,1277,L,0,data/maharashtra/mumbai/BMC 1997.xls
1997,145,Fhadtare Suresh Gulab,Sewing Machine,M,44,L,0,data/maharashtra/mumbai/BMC 1997.xls
1997,145,Bhalerao gulab Shankar,Rising Sun,M,433,L,0,data/maharashtra/mumbai/BMC 1997.xls
1997,145,Mane Rajaram Ramchandra,Chakra (Wheel),M,45,L,0,data/maharashtra/mumbai/BMC 1997.xls
1997,145,Warma Kharbhan Bhola,Jeep,M,67,L,0,data/maharashtra/mumbai/BMC 1997.xls
1997,145,Vishwakarma Vijay Hardev,Chair,M,94,L,0,data/maharashtra/mumbai/BMC 1997.xls
1997,145,Sawant Vijay Anant,Electric Bulb,M,12,L,0,data/maharashtra/mumbai/BMC 1997.xls
1997,145,Singh Thakur Giledar Dhalamsingh,Pressure Cooker,M,229,L,0,data/maharashtra/mumbai/BMC 1997.xls
1997,145,Singh Bhanupratap Ramdayal,Two Leaves,M,12,L,0,data/maharashtra/mumbai/BMC 1997.xls
1997,145,Singh Shivjathi Dudnath,Bicycle,M,1161,L,0,data/maharashtra/mumbai/BMC 1997.xls
1997,145,Hiwale Bhaskar Pralhad,Trumpet,M,10,L,0,data/maharashtra/mumbai/BMC 1997.xls
1997,146,Kadaval Raju Ramlingam,Clock,M,124,L,0,data/maharashtra/mumbai/BMC 1997.xls
1997,146,Kasurde Arjun Baliram,Ladder,M,385,L,0,data/maharashtra/mumbai/BMC 1997.xls
1997,146,Kambel Tulashiram Ankush,Rising Sun,M,1032,L,0,data/maharashtra/mumbai/BMC 1997.xls
1997,146,Khan Wakil Abdul Hamid,Bicycle,M,1344,L,0,data/maharashtra/mumbai/BMC 1997.xls
1997,146,Gondane Diwakar Laxmanrao,Boy & Girl,M,109,L,0,data/maharashtra/mumbai/BMC 1997.xls
1997,146,Jadhav Vinod Shankar,Two Leaves,M,7,L,0,data/maharashtra/mumbai/BMC 1997.xls
1997,146,Jain Vinod Sukhalal,Two Swords & Shield,M,498,L,0,data/maharashtra/mumbai/BMC 1997.xls
1997,146,Thakare Gajanan Santuram,Bow & Arrow,M,3346,W,0,data/maharashtra/mumbai/BMC 1997.xls
1997,146,Dube Sudhir Shivshankar,Flaming Torch,M,18,L,0,data/maharashtra/mumbai/BMC 1997.xls
1997,146,Pande Jayshankar Chandramani,Chair,M,8,L,0,data/maharashtra/mumbai/BMC 1997.xls
1997,146,Mhatre Rohidas Hareshwar,Umbrella,M,1098,L,0,data/maharashtra/mumbai/BMC 1997.xls
1997,146,Sharma Ramprasad Chimanlal,Star,M,95,L,0,data/maharashtra/mumbai/BMC 1997.xls
1997,146,Sawant Ganesh Krushna,Letter Box,M,17,L,0,data/maharashtra/mumbai/BMC 1997.xls
1997,146,Singh Ramlakhan Tebuwan,Hand,M,1524,L,0,data/maharashtra/mumbai/BMC 1997.xls
1997,146,Shrisagar Uttamrao Ramrao,Television,M,3,L,0,data/maharashtra/mumbai/BMC 1997.xls
1997,147,Othale Suresh Bapurao,Rising Sun,M,369,L,0,data/maharashtra/mumbai/BMC 1997.xls
1997,147,Kadam Ananda Bapu,Plough,M,82,L,0,data/maharashtra/mumbai/BMC 1997.xls
1997,147,Kadam Manohar Keshaw,Telephone,M,120,L,0,data/maharashtra/mumbai/BMC 1997.xls
1997,147,Kasar Gajanan Shantaram,Star,M,464,L,0,data/maharashtra/mumbai/BMC 1997.xls
1997,147,Kasurde Arjun Baliram,Ladder,M,36,L,0,data/maharashtra/mumbai/BMC 1997.xls
1997,147,Kakane Suhas Maruti,"Two """"Swords & Shield",M,126,L,0,data/maharashtra/mumbai/BMC 1997.xls
1997,147,Chongale Shirish Chintamani,Bow & Arrow,M,6243,W,0,data/maharashtra/mumbai/BMC 1997.xls
1997,147,Nishad Vijaykumar Tejbahaddur,Bicycle,M,521,L,0,data/maharashtra/mumbai/BMC 1997.xls
1997,147,Pawar Suwarna Suresh,Chakra (Wheel),F,185,L,0,data/maharashtra/mumbai/BMC 1997.xls
1997,147,Patil Vinay Ghanshyam,Hand,M,2169,L,0,data/maharashtra/mumbai/BMC 1997.xls
1997,147,Bhosale Anant Krushnaji,Trumper,M,3018,L,0,data/maharashtra/mumbai/BMC 1997.xls
1997,147,Murudkar Jayendra Ramkrushna,Axe,M,489,L,0,data/maharashtra/mumbai/BMC 1997.xls
1997,147,Mohite Govind Janardhan,Clock,M,904,L,0,data/maharashtra/mumbai/BMC 1997.xls
1997,147,Sharma Shridhar Ramkan,Conch,M,12,L,0,data/maharashtra/mumbai/BMC 1997.xls
1997,147,Salawi Dipak Ganapat,Bat,M,172,L,0,data/maharashtra/mumbai/BMC 1997.xls
1997,147,Suwarna Damodar Purushuttam,Flaming Torch,M,47,L,0,data/maharashtra/mumbai/BMC 1997.xls
1997,148,Khanwilka Subhash Parashuram,Star,M,84,L,0,data/maharashtra/mumbai/BMC 1997.xls
1997,148,Parekh Dasharath Narayandas,Bicycle,M,139,L,0,data/maharashtra/mumbai/BMC 1997.xls
1997,148,Kladwa Mahesh Sohanlal,Spectacles,M,476,L,0,data/maharashtra/mumbai/BMC 1997.xls
1997,148,Misal Amar Shankarrao,Umbrella,M,526,L,0,data/maharashtra/mumbai/BMC 1997.xls
1997,148,Mehata Suresh Manishankar,Boy & Girl,M,442,L,0,data/maharashtra/mumbai/BMC 1997.xls
1997,148,Rane Balkrushna Shankar,Bow & Arrow,M,6794,L,0,data/maharashtra/mumbai/BMC 1997.xls
1997,148,Shetty Kamalesh Sanjiwa,Hand,M,5695,L,0,data/maharashtra/mumbai/BMC 1997.xls
1997,148,Sawala Pranjiwan Banaji,Chakra (Wheel),M,274,L,0,data/maharashtra/mumbai/BMC 1997.xls
1997,148,Surve Ramakant Gangaram,Coconut Tree Bearing Fruits,M,100,L,0,data/maharashtra/mumbai/BMC 1997.xls
1997,148,Haji Nimmi Abdul Gafhur,Clock,M,340,L,0,data/maharashtra/mumbai/BMC 1997.xls
1997,149,Aadappa Vishnu Rajaram,Conch,M,76,L,0,data/maharashtra/mumbai/BMC 1997.xls
1997,149,Kadam Prakash Krushna,Two Swords & a Shield,M,418,L,0,data/maharashtra/mumbai/BMC 1997.xls
1997,149,Kamble Mahendra Babaji,Star,M,121,L,0,data/maharashtra/mumbai/BMC 1997.xls
1997,149,Kulawkar Damodar Gawrya,Two Leaves,M,279,L,0,data/maharashtra/mumbai/BMC 1997.xls
1997,149,Khilare Shankarrao Gyandev,Trumpet,M,257,L,0,data/maharashtra/mumbai/BMC 1997.xls
1997,149,Gohile Chandubhai Puroushottam,Electric Bulb,M,41,L,0,data/maharashtra/mumbai/BMC 1997.xls
1997,149,Jethe Ganesh Pandurang,Hurricane Lamp,M,1198,L,0,data/maharashtra/mumbai/BMC 1997.xls
1997,149,Disa Thomas Luis,Coconut Tree Bearing Fruits,M,45,L,0,data/maharashtra/mumbai/BMC 1997.xls
1997,149,Parab Sanjay Wasudev,Bat,M,74,L,0,data/maharashtra/mumbai/BMC 1997.xls
1997,149,Bajriya Jitendra Pranlal,Hand,M,4442,L,0,data/maharashtra/mumbai/BMC 1997.xls
1997,149,Babnani Sonushwardas,Ladder,M,12,L,0,data/maharashtra/mumbai/BMC 1997.xls
1997,149,Mali Awinash Kesari,Umbrella,M,622,L,0,data/maharashtra/mumbai/BMC 1997.xls
1997,149,Mumbarkar Abhimanyu Sahdev,Chakra (Wheel),M,120,L,0,data/maharashtra/mumbai/BMC 1997.xls
1997,149,Mehata Janakrai Pranlal,Flaming Torch,M,184,L,0,data/maharashtra/mumbai/BMC 1997.xls
1997,149,Yadav Parasanath Sitaram,Bicycle,M,345,L,0,data/maharashtra/mumbai/BMC 1997.xls
1997,149,Shetty Gopal Chinniya,Lotus,M,13003,W,0,data/maharashtra/mumbai/BMC 1997.xls
1997,149,Shete Rajendra Manohar,Plough,M,83,L,0,data/maharashtra/mumbai/BMC 1997.xls
1997,149,Sawant Shivaji Sakharam,Jeep,M,236,L,0,data/maharashtra/mumbai/BMC 1997.xls
1997,149,"Salawe Sanjay Dhondiram,",Kite,M,85,L,0,data/maharashtra/mumbai/BMC 1997.xls
1997,150,Gagare Rupali Ganapat,Two Swords & a Shield,F,1365,L,0,data/maharashtra/mumbai/BMC 1997.xls
1997,150,Mithabakar Shilpa Mohan,Lotus,F,4407,W,0,data/maharashtra/mumbai/BMC 1997.xls
1997,150,Rahate Mina Keshav,Hand,F,3515,L,0,data/maharashtra/mumbai/BMC 1997.xls
1997,151,Darubane Vijay Mahadev,Bow & Arrow,M,6498,W,0,data/maharashtra/mumbai/BMC 1997.xls
1997,151,Patil Aruni Harishchandra,Two Leaves,M,615,L,0,data/maharashtra/mumbai/BMC 1997.xls
1997,151,Patil Ravindra Ganapat,Two Swords & a Shield,M,425,L,0,data/maharashtra/mumbai/BMC 1997.xls
1997,151,Misri Harendra Appa,Coconut Tree Bearing Fruits,M,99,L,0,data/maharashtra/mumbai/BMC 1997.xls
1997,151,Raut Ramchandra Appa,Trumper,M,99,L,0,data/maharashtra/mumbai/BMC 1997.xls
1997,151,Sutrale Ashok Ramdas,Hand,M,57665,L,0,data/maharashtra/mumbai/BMC 1997.xls
1997,152,Pediya Vinod Popatlal,Lotus,M,8453,W,0,data/maharashtra/mumbai/BMC 1997.xls
1997,152,Mhatre Yashwant Damodar,Hand,M,4430,L,0,data/maharashtra/mumbai/BMC 1997.xls
1997,152,Raut Bharat Bhaskar,Umbrella,M,1254,L,0,data/maharashtra/mumbai/BMC 1997.xls
1997,153,Goghile Vallabbhai Babubhai,Chakra (Wheel),M,362,L,0,data/maharashtra/mumbai/BMC 1997.xls
1997,153,Chouhan Prafhul Bhanudas,Plough,M,164,L,0,data/maharashtra/mumbai/BMC 1997.xls
1997,153,Joshi Madhuben Niranajbhai,Umbrella,F,49,L,0,data/maharashtra/mumbai/BMC 1997.xls
1997,153,Tiwari Shriganesh Washishta,Bicycle,M,497,L,0,data/maharashtra/mumbai/BMC 1997.xls
1997,153,Pandey Dinesh Ramashankar,Conch,M,808,L,0,data/maharashtra/mumbai/BMC 1997.xls
1997,153,Pradhan Santosh Balkrushna,Star,M,98,L,0,data/maharashtra/mumbai/BMC 1997.xls
1997,153,Badare Shivaji Babu,Spectacles,M,1180,L,0,data/maharashtra/mumbai/BMC 1997.xls
1997,153,Mishra Jayprakash Pawharisharan,Lotus,M,3652,L,0,data/maharashtra/mumbai/BMC 1997.xls
1997,153,Mehata Kantibhai Nathalal,Hurricane Lamp,M,186,L,0,data/maharashtra/mumbai/BMC 1997.xls
1997,153,Singh Vidyarthi Balistawar,Hand,M,10768,W,0,data/maharashtra/mumbai/BMC 1997.xls
1997,154,Owarsiyar Mayuresh Pravinkant,Fire Engine,M,16,L,0,data/maharashtra/mumbai/BMC 1997.xls
1997,154,Khan Abdul Raheman,Two Leaves,M,404,L,0,data/maharashtra/mumbai/BMC 1997.xls
1997,154,Khursange Bhaskar Namdev,Hand,M,3450,L,0,data/maharashtra/mumbai/BMC 1997.xls
1997,154,Gamare Prakash Sakharam,Umbrella,M,28,L,0,data/maharashtra/mumbai/BMC 1997.xls
1997,154,Chouhan Shivaji Pandurang,Two Swords & a Shield,M,683,L,0,data/maharashtra/mumbai/BMC 1997.xls
1997,154,Jadhav Suresh Keshav,Star,M,45,L,0,data/maharashtra/mumbai/BMC 1997.xls
1997,154,Naydu Ganesh,Frock,M,18,L,0,data/maharashtra/mumbai/BMC 1997.xls
1997,154,Narwekar Pandurang Gangaram,Axe,M,4735,W,0,data/maharashtra/mumbai/BMC 1997.xls
1997,154,Babadekar Sanjev Sharad,Bow & Arrow,M,134,L,0,data/maharashtra/mumbai/BMC 1997.xls
1997,154,Yadav Lalanprasad Shobnadh,Bicycle,M,131,L,0,data/maharashtra/mumbai/BMC 1997.xls
1997,154,Shetty Sunil B.,Coconut Tree Bearing Fruits,M,120,L,0,data/maharashtra/mumbai/BMC 1997.xls
1997,154,Salwi Chandrakant Vitthal,,M,36,L,0,data/maharashtra/mumbai/BMC 1997.xls
1997,155,Kulapkar Pandurang Ramchandra,Coconut Tree Bearing Frutis,M,256,L,0,data/maharashtra/mumbai/BMC 1997.xls
1997,155,Godake Limbaraj Tulashiram,Rising Sun,M,134,L,0,data/maharashtra/mumbai/BMC 1997.xls
1997,155,Cheulkar Arwind Rajaram,Hockey & Ball,M,325,L,0,data/maharashtra/mumbai/BMC 1997.xls
1997,155,Jhore Prakash Babala,Aeroplane,M,326,L,0,data/maharashtra/mumbai/BMC 1997.xls
1997,155,Desai Motibhai Lalubhai,Two Swords & a Shield,M,5527,L,0,data/maharashtra/mumbai/BMC 1997.xls
1997,155,Nar Ashok Govind,Bow & Arrow,M,8926,W,0,data/maharashtra/mumbai/BMC 1997.xls
1997,155,Pawar Dilipkumar Govind,Bicycle,M,622,L,0,data/maharashtra/mumbai/BMC 1997.xls
1997,155,Bhoir Mahadev Naryan,Telephone,M,1631,L,0,data/maharashtra/mumbai/BMC 1997.xls
1997,155,Vishwakarma Lalataprasad Mithailal,Hand,M,4114,L,0,data/maharashtra/mumbai/BMC 1997.xls
1997,156,Chajed Sunita Pravinkumar,Rising Sun,F,1341,L,0,data/maharashtra/mumbai/BMC 1997.xls
1997,156,Dube Sushila Indramani,Sewing Machine,F,3153,L,0,data/maharashtra/mumbai/BMC 1997.xls
1997,156,Desai Hansaben Gunwantrai,Bow & Arrow,F,5332,W,0,data/maharashtra/mumbai/BMC 1997.xls
1997,156,Yadav Shila Ramabhilash,Bicycle,F,1233,L,0,data/maharashtra/mumbai/BMC 1997.xls
1997,156,Raut Premlat Hareshwar,Television,F,495,L,0,data/maharashtra/mumbai/BMC 1997.xls
1997,156,Sambhiya Sushila Khimji,Hand,F,2082,L,0,data/maharashtra/mumbai/BMC 1997.xls
1997,156,Shetty Shashi Anand,Plough,F,575,L,0,data/maharashtra/mumbai/BMC 1997.xls
1997,156,Suji Mathu,Star,F,91,L,0,data/maharashtra/mumbai/BMC 1997.xls
1997,157,Koli Manil Satyawan,Bow & Arrow,F,5690,W,0,data/maharashtra/mumbai/BMC 1997.xls
1997,157,Chouhan Dipali Dilip,Hand,F,4478,L,0,data/maharashtra/mumbai/BMC 1997.xls
1997,157,Patil Suchita Nandkumar,Umbrella,F,299,L,0,data/maharashtra/mumbai/BMC 1997.xls
1997,158,Thakur Suresh Laxman,Spectcles,M,2238,L,0,data/maharashtra/mumbai/BMC 1997.xls
1997,158,Narkar Bhagwan Vishnu,Two Swords & a Shield,M,338,L,0,data/maharashtra/mumbai/BMC 1997.xls
1997,158,Patil Kamalaka Ramachandra,Bow & Arrow,M,6240,W,0,data/maharashtra/mumbai/BMC 1997.xls
1997,158,Mayekar Subhash Duttaram,Coconut Tree Bearing Fruits,M,543,L,0,data/maharashtra/mumbai/BMC 1997.xls
1997,158,Mali Ragunath Chagan,Plough,M,546,L,0,data/maharashtra/mumbai/BMC 1997.xls
1997,158,Mhatre Hemant Pandurang,Hand,M,5878,L,0,data/maharashtra/mumbai/BMC 1997.xls
1997,158,Yadav Awadnarayan Pralhad,Bicycle,M,356,L,0,data/maharashtra/mumbai/BMC 1997.xls
1997,159,Patil Hareshwar Laxman,Bow & Arrow,M,6826,W,0,data/maharashtra/mumbai/BMC 1997.xls
1997,159,Pedanekar Gopale Duttaram,Hand,M,3838,L,0,data/maharashtra/mumbai/BMC 1997.xls
1997,159,Bhoire Hiraman Sonya,Clock,M,411,L,0,data/maharashtra/mumbai/BMC 1997.xls
1997,159,Mhatre Nandakumar Waman,Two & Swords & Shield,M,4229,L,0,data/maharashtra/mumbai/BMC 1997.xls
1997,160,Aatar Rajiya Dilawar,Umbrella,F,2283,L,0,data/maharashtra/mumbai/BMC 1997.xls
1997,160,Jawakar Sarita Pramod,Bicycle,F,2607,L,0,data/maharashtra/mumbai/BMC 1997.xls
1997,160,Patil Vidhya Ekanath,Hand,F,1804,L,0,data/maharashtra/mumbai/BMC 1997.xls
1997,160,Patil Surekha Harishchandra,Bow & Arrow,F,3342,W,0,data/maharashtra/mumbai/BMC 1997.xls
1997,160,Mhatre Kalpana Muralidhar,Two Swords & A Shield,F,169,L,0,data/maharashtra/mumbai/BMC 1997.xls
1997,161,Kachare Machindra Ahule,Bow & Arrow,M,3870,L,0,data/maharashtra/mumbai/BMC 1997.xls
1997,161,Kureshi Ifhtekar Mohamad Yusuf,Candles,M,281,L,0,data/maharashtra/mumbai/BMC 1997.xls
1997,161,Kamble Milind Bhupal,Chakra (Wheel),M,441,L,0,data/maharashtra/mumbai/BMC 1997.xls
1997,161,Khan Jiya Ahamad Mushtak Ahamad,Black Board,M,130,L,0,data/maharashtra/mumbai/BMC 1997.xls
1997,161,Khan Mohamad Irfhan Khan,Telephone,M,64,L,0,data/maharashtra/mumbai/BMC 1997.xls
1997,161,Khan Mohamad Bashir Amin,Chair,M,79,L,0,data/maharashtra/mumbai/BMC 1997.xls
1997,161,Gadade Pandurang Narayan,Clock,M,479,L,0,data/maharashtra/mumbai/BMC 1997.xls
1997,161,Gangar Jaywanti Devaji,Spectacles,F,28,L,0,data/maharashtra/mumbai/BMC 1997.xls
1997,161,Juikar Rekha Surendra,Aeroplane,F,15,L,0,data/maharashtra/mumbai/BMC 1997.xls
1997,161,Dabare Chatursen Tipana,Conch,M,56,L,0,data/maharashtra/mumbai/BMC 1997.xls
1997,161,Deshamukh Shabbir Gulam Gaus,Boat,M,20,L,0,data/maharashtra/mumbai/BMC 1997.xls
1997,161,Pagare Keshaw Gangadhar,Spade & Stoker,M,270,L,0,data/maharashtra/mumbai/BMC 1997.xls
1997,161,Pawar Mahadev Laxman,Ladder,M,7452,W,0,data/maharashtra/mumbai/BMC 1997.xls
1997,161,Pawar Mina Udaykian,Two Swords & a Shield,F,213,L,0,data/maharashtra/mumbai/BMC 1997.xls
1997,161,Pawar Sanjay Vishnu,Jeep,M,2030,L,0,data/maharashtra/mumbai/BMC 1997.xls
1997,161,Patil Krushna Ganapat,Plough,M,101,L,0,data/maharashtra/mumbai/BMC 1997.xls
1997,161,Pangare Mohan Namadev,Boy & Girl,M,16,L,0,data/maharashtra/mumbai/BMC 1997.xls
1997,161,Pingale Aba Ragunath,Bicycle,M,2926,L,0,data/maharashtra/mumbai/BMC 1997.xls
1997,161,Painter Alpana Dipak,Stool,F,30,L,0,data/maharashtra/mumbai/BMC 1997.xls
1997,161,Badashah Akbar Israrul,Spade & Stoker,M,391,L,0,data/maharashtra/mumbai/BMC 1997.xls
1997,161,Borekar Ramesh Sakharam,State,M,248,L,0,data/maharashtra/mumbai/BMC 1997.xls
1997,161,Bhalerao Dilip Niwruti,Hurricane Lamp,M,116,L,0,data/maharashtra/mumbai/BMC 1997.xls
1997,161,Bhandare Hanumant Mahadev,Umbrella,M,46,L,0,data/maharashtra/mumbai/BMC 1997.xls
1997,161,Mane Sitar Ananda,Kettle,M,7,L,0,data/maharashtra/mumbai/BMC 1997.xls
1997,161,More Ramadas Shankar,Television,M,838,L,0,data/maharashtra/mumbai/BMC 1997.xls
1997,161,Yadav Achutrao Mahadev,Cononut Tree Bearing Fruits,M,620,L,0,data/maharashtra/mumbai/BMC 1997.xls
1997,161,Yadav Hiralal Rajaram,Kite,M,10,L,0,data/maharashtra/mumbai/BMC 1997.xls
1997,161,Raul Vikas Manohar,Ring,M,11,L,0,data/maharashtra/mumbai/BMC 1997.xls
1997,161,Lokhandwala Fida Husain Abdul,Bat,M,41,L,0,data/maharashtra/mumbai/BMC 1997.xls
1997,161,Shaikh Maksud Bademiya,Car,M,2700,L,0,data/maharashtra/mumbai/BMC 1997.xls
1997,161,Shetty Sitaram Ayatappa,Belt,M,233,L,0,data/maharashtra/mumbai/BMC 1997.xls
1997,161,Sanas Harish Marutiraw,Hand,M,1815,L,0,data/maharashtra/mumbai/BMC 1997.xls
1997,161,Sathe Vijay Mahadev,Star,M,35,L,0,data/maharashtra/mumbai/BMC 1997.xls
1997,161,Sawant Hanumant Yashwant,Railway Engine,M,183,L,0,data/maharashtra/mumbai/BMC 1997.xls
1997,161,Surve Pandurang Bhikaji,Gas Cylinder,M,110,L,0,data/maharashtra/mumbai/BMC 1997.xls
1997,162,Aneray Nitin Jiwaji,Chakra (Wheel),M,164,L,0,data/maharashtra/mumbai/BMC 1997.xls
1997,162,Kariya Hasmukh Paramanand,Telephone,M,112,L,0,data/maharashtra/mumbai/BMC 1997.xls
1997,162,Khan Abdul Hame Kitabulla,Bicycle,M,5920,W,0,data/maharashtra/mumbai/BMC 1997.xls
1997,162,Khan Gulam Panjatan,Jeep,M,164,L,0,data/maharashtra/mumbai/BMC 1997.xls
1997,162,Khan Fhaijat Ahamad Kalandar,Star,M,387,L,0,data/maharashtra/mumbai/BMC 1997.xls
1997,162,Khambekar Yashwant Atmaram,Two & Swords & A Shield,M,1122,L,0,data/maharashtra/mumbai/BMC 1997.xls
1997,162,Gadeka Surekha Ramrao,Slate,F,5,L,0,data/maharashtra/mumbai/BMC 1997.xls
1997,162,Choudhary Abdulgani Ahamad Kudus,Candles,M,17,L,0,data/maharashtra/mumbai/BMC 1997.xls
1997,162,Jain Khemanchand Bhairulal,Lotus,M,5727,L,0,data/maharashtra/mumbai/BMC 1997.xls
1997,162,Tipanis Madhusudan Shivram,Spade,M,68,L,0,data/maharashtra/mumbai/BMC 1997.xls
1997,162,Doifhode Pradip Shashikant,Boy & Girl,M,57,L,0,data/maharashtra/mumbai/BMC 1997.xls
1997,162,Damdajl Shivdas Shankar,Clok,M,40,L,0,data/maharashtra/mumbai/BMC 1997.xls
1997,162,Thorat Baliram Shankar,Plough,M,40,L,0,data/maharashtra/mumbai/BMC 1997.xls
1997,162,Nalawade Subhash Pandurang,Harricane Lamp,M,438,L,0,data/maharashtra/mumbai/BMC 1997.xls
1997,162,Pawar Shrirang Krushnaji,Umbrella,M,196,L,0,data/maharashtra/mumbai/BMC 1997.xls
1997,162,Patole Nandu Kisan,Conch,M,24,L,0,data/maharashtra/mumbai/BMC 1997.xls
1997,162,Mahamad Munwar Abdul Hamid,Aeroplane,M,13,L,0,data/maharashtra/mumbai/BMC 1997.xls
1997,162,Walecha Lal Hariram,Electric Bulb,M,704,L,0,data/maharashtra/mumbai/BMC 1997.xls
1997,162,Siddiki Usman Shaikh Mahmmad,Ladder,M,11,L,0,data/maharashtra/mumbai/BMC 1997.xls
1997,162,Siddiki Nasirali Sabirali,Railway Engine,M,1701,L,0,data/maharashtra/mumbai/BMC 1997.xls
1997,162,Singh Rajhains Dhananjay,Hand,M,2764,L,0,data/maharashtra/mumbai/BMC 1997.xls
1997,162,Subedar Gafhar Rajjak,Chair,M,35,L,0,data/maharashtra/mumbai/BMC 1997.xls
1997,163,Kalekar Nagesh Rambhau,Telephone,M,1002,L,0,data/maharashtra/mumbai/BMC 1997.xls
1997,163,Gulwe Mandakini Prakash,Conch,F,927,L,0,data/maharashtra/mumbai/BMC 1997.xls
1997,163,Niwalkar Pramod Rajaram,Two & Swords & A Shield,M,232,L,0,data/maharashtra/mumbai/BMC 1997.xls
1997,163,Pedanekar Prakash Shivram,Hand,M,3631,L,0,data/maharashtra/mumbai/BMC 1997.xls
1997,163,Mhatre Bhaskar Mahadev,Bicycle,M,3382,L,0,data/maharashtra/mumbai/BMC 1997.xls
1997,163,Lad Rajendra Ramakant,Bow & Arrow,M,4995,W,0,data/maharashtra/mumbai/BMC 1997.xls
1997,163,Saldurkar Hemant Mahadev,Railway Engine,M,355,L,0,data/maharashtra/mumbai/BMC 1997.xls
1997,164,Gayakwad Nilam Prakash,Bicycle,F,4050,L,0,data/maharashtra/mumbai/BMC 1997.xls
1997,164,Mule Sunilsha Ramdas,Bow & Arrow,F,4800,W,0,data/maharashtra/mumbai/BMC 1997.xls
1997,164,Raje Suganda Manohar,Star,F,229,L,0,data/maharashtra/mumbai/BMC 1997.xls
1997,164,Sudarshankour Paramjit,Hand,F,3734,L,0,data/maharashtra/mumbai/BMC 1997.xls
1997,164,Hatale Pratibha Devendra,Railwy Engine,F,896,L,0,data/maharashtra/mumbai/BMC 1997.xls
1997,165,Ansari Shakil,Spectacles,M,145,L,0,data/maharashtra/mumbai/BMC 1997.xls
1997,165,Kanade Sanjay Ganesh,Television,M,46,L,0,data/maharashtra/mumbai/BMC 1997.xls
1997,165,Ganacharya Sunil Gulabrao,Bicycle,M,4008,W,0,data/maharashtra/mumbai/BMC 1997.xls
1997,165,Damudre Kailas Madhukar,Chair,M,400,L,0,data/maharashtra/mumbai/BMC 1997.xls
1997,165,Patil Kesarsingh,Umbrella,M,1232,L,0,data/maharashtra/mumbai/BMC 1997.xls
1997,165,Prajapati Manoj Ramanand,Coconut Tree Bearing Fruits,M,305,L,0,data/maharashtra/mumbai/BMC 1997.xls
1997,165,Mohammad Irfhan Mohammad Rafiq,Telephone,M,1401,L,0,data/maharashtra/mumbai/BMC 1997.xls
1997,165,Raut Manohar Barakya,Bow & Arrow,M,3966,L,0,data/maharashtra/mumbai/BMC 1997.xls
1997,165,Salunke Anil Ganesh,Hand,M,2731,L,0,data/maharashtra/mumbai/BMC 1997.xls
1997,166,Apte Sanjay Baburao,Telephone,M,33,L,0,data/maharashtra/mumbai/BMC 1997.xls
1997,166,Qureshi Asgarali,Chair,M,798,L,0,data/maharashtra/mumbai/BMC 1997.xls
1997,166,Korvi Yankappa Rama,Rising Sun,M,2744,L,0,data/maharashtra/mumbai/BMC 1997.xls
1997,166,Khan Abdul Latif Abdul Majid,Bicycle,M,6016,W,0,data/maharashtra/mumbai/BMC 1997.xls
1997,166,Chindarkar Meena Manohar,Black Board,F,49,L,0,data/maharashtra/mumbai/BMC 1997.xls
1997,166,Mhatre Chandrashekhar Maruti,Two Swords & A Shield,M,141,L,0,data/maharashtra/mumbai/BMC 1997.xls
1997,166,Sonawane Anthony Joseph,Umbrella,M,85,L,0,data/maharashtra/mumbai/BMC 1997.xls
1997,166,Habib Padmakar Arjun,Lotus,M,2648,L,0,data/maharashtra/mumbai/BMC 1997.xls
1997,166,Hakim Munaf Abdul Jabbar,Hand,M,2051,L,0,data/maharashtra/mumbai/BMC 1997.xls
1997,167,Kandalgaonkar Tanaji Vasant,Slate,M,4631,L,0,data/maharashtra/mumbai/BMC 1997.xls
1997,167,Khan Gulam Sarawar Sakir Ali,Bicycle,M,5078,L,0,data/maharashtra/mumbai/BMC 1997.xls
1997,167,Khan Mohmad Yakub Abbas,Tumbler Glass,M,26,L,0,data/maharashtra/mumbai/BMC 1997.xls
1997,167,Khan Siddiki Shahamat,Stool,M,16,L,0,data/maharashtra/mumbai/BMC 1997.xls
1997,167,Tombare Pradip Sadashiv,Two & Swords & A Shield,M,52,L,0,data/maharashtra/mumbai/BMC 1997.xls
1997,167,D'souza Roni Abrest,Candle,M,16,L,0,data/maharashtra/mumbai/BMC 1997.xls
1997,167,Dhole Ramesh Madhukar,Rising Sun,M,720,L,0,data/maharashtra/mumbai/BMC 1997.xls
1997,167,Khan Yunus Juneka,Chair,M,53,L,0,data/maharashtra/mumbai/BMC 1997.xls
1997,167,Turde Mahadev Ramakant,Kite,M,13,L,0,data/maharashtra/mumbai/BMC 1997.xls
1997,167,Dalvi Abdulgani Ahmed,Clock,M,34,L,0,data/maharashtra/mumbai/BMC 1997.xls
1997,167,Nanayare Krishna Sarjerao,Star,M,90,L,0,data/maharashtra/mumbai/BMC 1997.xls
1997,167,Parab Ganesh Balkrishna,Coconut Tree Bearing Fruits,M,392,L,0,data/maharashtra/mumbai/BMC 1997.xls
1997,167,Pardhi Arvind Gopal,Aeroplane,M,71,L,0,data/maharashtra/mumbai/BMC 1997.xls
1997,167,Budbadkar Vidhyadhar Mahadev,Umbrella,M,28,L,0,data/maharashtra/mumbai/BMC 1997.xls
1997,167,Madhukuntha Dashrath Krishnaji,Hand,M,4132,L,0,data/maharashtra/mumbai/BMC 1997.xls
1997,167,Mane Ashok Balkrishna,Electric Bulb,M,60,L,0,data/maharashtra/mumbai/BMC 1997.xls
1997,167,Mantri Firoj Jainuddin,Jeep,M,551,L,0,data/maharashtra/mumbai/BMC 1997.xls
1997,167,Lande Dilip Bhousaheb,Bow & Arrow,M,7081,W,0,data/maharashtra/mumbai/BMC 1997.xls
1997,167,Londhe Gulabrao Lala,Telephone,M,18,L,0,data/maharashtra/mumbai/BMC 1997.xls
1997,167,Shankala Mohmmed Ramzan,Haldhar within Wheel (Chakra Haldhar),M,350,L,0,data/maharashtra/mumbai/BMC 1997.xls
1997,168,Abdul Salam Abdul Kadar,Boat,M,38,L,0,data/maharashtra/mumbai/BMC 1997.xls
1997,168,Kamble Babusha Ramchandra,Two Leaves,M,41,L,0,data/maharashtra/mumbai/BMC 1997.xls
1997,168,Khan Imran Ahmed Abdul Jabbar,Jeep,M,9,L,0,data/maharashtra/mumbai/BMC 1997.xls
1997,168,Khan Imram Khan Nur Mohmmed,Chakra (Wheel),M,896,L,0,data/maharashtra/mumbai/BMC 1997.xls
1997,168,Khan Ahsanullah Habibullah,Bicycle,M,5294,W,0,data/maharashtra/mumbai/BMC 1997.xls
1997,168,Khan Mohmmed Arif Lalan Bhai,Hand,M,3380,L,0,data/maharashtra/mumbai/BMC 1997.xls
1997,168,Khan Rashida Abbas,Boy & Girl,F,37,L,0,data/maharashtra/mumbai/BMC 1997.xls
1997,168,Khan Habiba Khatun M. Shafi,Chair,F,29,L,0,data/maharashtra/mumbai/BMC 1997.xls
1997,168,Gajare Maruti Ismail,Car,M,10,L,0,data/maharashtra/mumbai/BMC 1997.xls
1997,168,Gajare Subhash Kalojirao,Lock & Key,M,3,L,0,data/maharashtra/mumbai/BMC 1997.xls
1997,168,Choudhari Chandulal Madanlal,Aeroplane,M,11,L,0,data/maharashtra/mumbai/BMC 1997.xls
1997,168,Jagtap Jitendra Vishwash,Umbrella,M,258,L,0,data/maharashtra/mumbai/BMC 1997.xls
1997,168,Jagtap Prakash Pandurang,Clock,M,131,L,0,data/maharashtra/mumbai/BMC 1997.xls
1997,168,Tiwar Suryakant Jagdambikaprasad,Telephone,M,118,L,0,data/maharashtra/mumbai/BMC 1997.xls
1997,168,Trimukhe Laxman Narayan,Television,M,261,L,0,data/maharashtra/mumbai/BMC 1997.xls
1997,168,Nivgune Damodar Sambhaji,Star,M,83,L,0,data/maharashtra/mumbai/BMC 1997.xls
1997,168,Pawar Sharad Shivkumar,Two Swords & a Shield,M,1384,L,0,data/maharashtra/mumbai/BMC 1997.xls
1997,168,Patil Dilip Vishnu,Almirah,M,97,L,0,data/maharashtra/mumbai/BMC 1997.xls
1997,168,Pande Kamlesh Jagatnarayan,Stool,M,883,L,0,data/maharashtra/mumbai/BMC 1997.xls
1997,168,Bhat Dilip Parmanand,Bat,M,849,L,0,data/maharashtra/mumbai/BMC 1997.xls
1997,168,Bhosle Sanjeevan Nivruti,Hurricane Lamp,M,6,L,0,data/maharashtra/mumbai/BMC 1997.xls
1997,168,Mane Avinash Sadanand,Electric Bulb,M,9,L,0,data/maharashtra/mumbai/BMC 1997.xls
1997,168,Mavarkar Shivaji Saybanna,Spectacles,M,14,L,0,data/maharashtra/mumbai/BMC 1997.xls
1997,168,Waghmare Narayan Dhondiba,Gas Cylinder,M,6,L,0,data/maharashtra/mumbai/BMC 1997.xls
1997,168,Shirdhankar Sunil Maloji,Plough,M,36,L,0,data/maharashtra/mumbai/BMC 1997.xls
1997,168,Shinde Devidas Vitthal,Railway Engine,M,7,L,0,data/maharashtra/mumbai/BMC 1997.xls
1997,168,Shaikh Abdul Masid,Ship,M,192,L,0,data/maharashtra/mumbai/BMC 1997.xls
1997,168,Shetkar Shiddheshwar Manikrao,Saw,M,119,L,0,data/maharashtra/mumbai/BMC 1997.xls
1997,168,Shette Kailash Namdev,Conch,M,42,L,0,data/maharashtra/mumbai/BMC 1997.xls
1997,168,Shantri Diwan Heerasingh,Ring,M,312,L,0,data/maharashtra/mumbai/BMC 1997.xls
1997,168,Siddhiki Mohmmed Ali Gulam Rasul,Fire Engine,M,31,L,0,data/maharashtra/mumbai/BMC 1997.xls
1997,168,Singh Sunil Tejbahaddur,Lotus,M,4197,W,0,data/maharashtra/mumbai/BMC 1997.xls
1997,168,Surve Rajendra Harishchandra,Rising Sun,M,1029,L,0,data/maharashtra/mumbai/BMC 1997.xls
1997,168,Sayyad Shabay Raja,Ladder,M,7,L,0,data/maharashtra/mumbai/BMC 1997.xls
1997,169,Atkar Suryakant Dinkar,Hand,M,2143,L,0,data/maharashtra/mumbai/BMC 1997.xls
1997,169,Jamsandekar Kamalakar Bhaskar,Two & Swords & a Shield,M,4103,W,0,data/maharashtra/mumbai/BMC 1997.xls
1997,169,Paradkar Vitthal Chintaman,Jeep,M,832,L,0,data/maharashtra/mumbai/BMC 1997.xls
1997,169,Bedekar Ashok Barku,Bow & Arrow,M,2173,L,0,data/maharashtra/mumbai/BMC 1997.xls
1997,169,Majgaonkar Sudhir Chandrakant,Aeroplane,M,133,L,0,data/maharashtra/mumbai/BMC 1997.xls
1997,169,Hadkar Kishor Vishnu,Bicycle,M,1672,L,0,data/maharashtra/mumbai/BMC 1997.xls
1997,170,Ghone Pramod Motiram,Flaming Torch,M,1118,L,0,data/maharashtra/mumbai/BMC 1997.xls
1997,170,Mahajan Dnyaneshwar Namdev,Hand,M,2750,L,0,data/maharashtra/mumbai/BMC 1997.xls
1997,170,Mahadeshwar Makrand Sakharam,Aeroplane,M,423,L,0,data/maharashtra/mumbai/BMC 1997.xls
1997,170,Mejari Chandrakant Arjun,Two Swords & a Shield,M,2264,L,0,data/maharashtra/mumbai/BMC 1997.xls
1997,170,Yadhav Shyamnarayan Vanshraj,Bicycle,M,3821,L,0,data/maharashtra/mumbai/BMC 1997.xls
1997,170,Shaikh Said Usman,Chair,M,90,L,0,data/maharashtra/mumbai/BMC 1997.xls
1997,170,Sangale Somnath Shankar,Bow & Arrow,M,5962,W,0,data/maharashtra/mumbai/BMC 1997.xls
1997,171,Annamalai Lalita,Umbrella,F,5815,W,0,data/maharashtra/mumbai/BMC 1997.xls
1997,171,Kambli Shindhu Tukaram,Slate,F,208,L,0,data/maharashtra/mumbai/BMC 1997.xls
1997,171,Khan Ashraf Begam Bahaddur,Ladder,F,43,L,0,data/maharashtra/mumbai/BMC 1997.xls
1997,171,Khan Nurjahan Ishtiyak,Ship,F,916,L,0,data/maharashtra/mumbai/BMC 1997.xls
1997,171,Gaykawad Ratnprabha,Hand,F,1189,L,0,data/maharashtra/mumbai/BMC 1997.xls
1997,171,Ghag Kaveri Eknath,Bow & Arrow,F,3786,L,0,data/maharashtra/mumbai/BMC 1997.xls
1997,171,Jagdale Savita Shivaji,Coconut Tree Bearing Fruits,F,672,L,0,data/maharashtra/mumbai/BMC 1997.xls
1997,171,Dastgour Bilkis Begam Gulam,Bicycle,F,4568,L,0,data/maharashtra/mumbai/BMC 1997.xls
1997,171,Dige Shakuntala Gyaneshwar,Hurricane Lamp,F,6,L,0,data/maharashtra/mumbai/BMC 1997.xls
1997,171,Parkar Madhuri Balkrushna,Two Swords & a Shield,F,894,L,0,data/maharashtra/mumbai/BMC 1997.xls
1997,171,Pardhi Ashwini Arvind,Aeroplane,F,73,L,0,data/maharashtra/mumbai/BMC 1997.xls
1997,171,Pradhan Rama Vishwanath,Rising Sun,F,328,L,0,data/maharashtra/mumbai/BMC 1997.xls
1997,171,Meman Saida Mohammad,Conch,F,30,L,0,data/maharashtra/mumbai/BMC 1997.xls
1997,171,Shaha Manjulaben Lakhamanir,Ceiling Fan,F,273,L,0,data/maharashtra/mumbai/BMC 1997.xls
1997,171,Shaikh Ayesha Rais,Plough,F,68,L,0,data/maharashtra/mumbai/BMC 1997.xls
1997,171,Solanki Nirmala Dhirajlal,Sewing Machine,F,227,L,0,data/maharashtra/mumbai/BMC 1997.xls
1997,171,Howale Chandrakal Dhondiram,Gas Cylinder,F,7,L,0,data/maharashtra/mumbai/BMC 1997.xls
1997,172,Irayalkar Suwarna Chandrakant,Two Swords & a Shield,F,129,L,0,data/maharashtra/mumbai/BMC 1997.xls
1997,172,Ansari Shakila Nasibdar,Chair,F,1054,L,0,data/maharashtra/mumbai/BMC 1997.xls
1997,172,Kadam Vaishali Gajanan,Railway Engine,F,2340,L,0,data/maharashtra/mumbai/BMC 1997.xls
1997,172,Jaiswal Ramaji Devi,Jeep,F,119,L,0,data/maharashtra/mumbai/BMC 1997.xls
1997,172,Dube Madhubala Omprakash,Bicycle,F,1308,L,0,data/maharashtra/mumbai/BMC 1997.xls
1997,172,Nadar Jaya Sunder,Aeroplane,F,32,L,0,data/maharashtra/mumbai/BMC 1997.xls
1997,172,Pawar Chandrakal Nayappa,Plough,F,90,L,0,data/maharashtra/mumbai/BMC 1997.xls
1997,172,Bhalerao Renuka Bhagwan,Two Leaves,F,303,L,0,data/maharashtra/mumbai/BMC 1997.xls
1997,172,Bhosle Kamal Dayanand,Apple,F,15,L,0,data/maharashtra/mumbai/BMC 1997.xls
1997,172,Bhandare Asha Shyam,Boy & Girl,F,7,L,0,data/maharashtra/mumbai/BMC 1997.xls
1997,172,Walmik Reshma Vimrapal,Car,F,84,L,0,data/maharashtra/mumbai/BMC 1997.xls
1997,172,Shetty Jotsna Krushna,Conch,F,396,L,0,data/maharashtra/mumbai/BMC 1997.xls
1997,172,Shetty Lalita Ramanna,Ladder,F,1239,L,0,data/maharashtra/mumbai/BMC 1997.xls
1997,172,Shirbhate Snehal Rajesh,Bow & Arrow,F,771,L,0,data/maharashtra/mumbai/BMC 1997.xls
1997,172,Sapakale Mariya Bhaskar,Candles,F,46,W,0,data/maharashtra/mumbai/BMC 1997.xls
1997,172,Dr. Samant Anuradha Prakash,Coconut Tree bearing Fruits,F,6469,L,0,data/maharashtra/mumbai/BMC 1997.xls
1997,172,Singh Sushila Parmhains,Umbrella,F,1206,L,0,data/maharashtra/mumbai/BMC 1997.xls
1997,172,Subedar Pushparni Kamalakar,Hand,F,769,L,0,data/maharashtra/mumbai/BMC 1997.xls
1997,173,Gharat Dutta Balu,Two Leaves,M,523,L,0,data/maharashtra/mumbai/BMC 1997.xls
1997,173,Patil Manikrao Budhaji,Bow & Arrow,M,7659,L,0,data/maharashtra/mumbai/BMC 1997.xls
1997,173,Patil Maruti Sudhakar,Boy & Girl,M,107,L,0,data/maharashtra/mumbai/BMC 1997.xls
1997,173,Pal Chabinath Ramakaran,Aeroplane,M,569,L,0,data/maharashtra/mumbai/BMC 1997.xls
1997,173,Bhujabal Nitin Chandrakant,Rising Sun,M,226,L,0,data/maharashtra/mumbai/BMC 1997.xls
1997,173,Mahulkar Rajendra Jagannath,Hand,M,9591,W,0,data/maharashtra/mumbai/BMC 1997.xls
1997,173,Rathod Balu Rewana,Chakra (Wheel,M,320,L,0,data/maharashtra/mumbai/BMC 1997.xls
1997,174,Ahire Uttam Dasharath,Clock,M,1742,L,0,data/maharashtra/mumbai/BMC 1997.xls
1997,174,Ahire Mahendra Ramchandra,Kite,M,104,L,0,data/maharashtra/mumbai/BMC 1997.xls
1997,174,Ahire Ravindra Shivram,Spade,M,409,L,0,data/maharashtra/mumbai/BMC 1997.xls
1997,174,Upadeshe Shyamrao Fheru,Rising Sun,M,2258,L,0,data/maharashtra/mumbai/BMC 1997.xls
1997,174,Kamble Sharad Rajaram,Lotus,M,4434,W,0,data/maharashtra/mumbai/BMC 1997.xls
1997,174,Gayakwad Manohar Ragho,Boat,M,72,L,0,data/maharashtra/mumbai/BMC 1997.xls
1997,174,Gangurde Ravindra Bhalerao,Hand,M,3571,L,0,data/maharashtra/mumbai/BMC 1997.xls
1997,174,Chandramore Jyoti Vinod,Two Swords & a Shield,F,142,L,0,data/maharashtra/mumbai/BMC 1997.xls
1997,174,Jadhav Suresh Kiranrao,Umbrella,M,229,L,0,data/maharashtra/mumbai/BMC 1997.xls
1997,174,Tachtode Shahadev Bhikaji,Bicycle,M,1510,L,0,data/maharashtra/mumbai/BMC 1997.xls
1997,174,Devkule Suresh Tatoba,Axe,M,259,L,0,data/maharashtra/mumbai/BMC 1997.xls
1997,174,Dande Rajendra Pandurang,Aeroplane,M,57,L,0,data/maharashtra/mumbai/BMC 1997.xls
1997,174,Dharpawar Tukaram Mahadev,Ship,M,434,L,0,data/maharashtra/mumbai/BMC 1997.xls
1997,174,Pakhare Walchand Dhondiba,Car,M,571,L,0,data/maharashtra/mumbai/BMC 1997.xls
1997,174,Bowande Balbhim Dhondiba,Star,M,58,L,0,data/maharashtra/mumbai/BMC 1997.xls
1997,174,More Dipak Mahadev,Haldar within in whell (Chakra Haldhar),M,307,L,0,data/maharashtra/mumbai/BMC 1997.xls
1997,174,Shirwale Anil Karbhari,Hockey & Ball,M,59,L,0,data/maharashtra/mumbai/BMC 1997.xls
1997,174,Shinde Sushil Vitthal,Telephone,M,69,L,0,data/maharashtra/mumbai/BMC 1997.xls
1997,174,Salwe Subhash Waliba,Hurricane Lamp,M,44,L,0,data/maharashtra/mumbai/BMC 1997.xls
1997,174,Sutar Baburao Mahadev,Chair,M,41,L,0,data/maharashtra/mumbai/BMC 1997.xls
1997,175,Katiyal Sunil Somanath,Ladder,M,20,L,0,data/maharashtra/mumbai/BMC 1997.xls
1997,175,Sunnare Annasaheb Ramchandra,Hand,M,3999,L,0,data/maharashtra/mumbai/BMC 1997.xls
1997,175,Kanthak Vijay Laxman,Railway Engine,M,14,L,0,data/maharashtra/mumbai/BMC 1997.xls
1997,175,Gaware Mogal Anand,Jeep,M,6203,W,0,data/maharashtra/mumbai/BMC 1997.xls
1997,175,Gangurde Raju Punjaram,Rising Sun,M,210,L,0,data/maharashtra/mumbai/BMC 1997.xls
1997,175,Gharat Uma Dutta,Two Leaves,F,123,L,0,data/maharashtra/mumbai/BMC 1997.xls
1997,175,Gholap Arun Yadav,Chakra (Wheel),M,161,L,0,data/maharashtra/mumbai/BMC 1997.xls
1997,175,Jadhav Rameshwar Yadav,Bicycle,M,39,L,0,data/maharashtra/mumbai/BMC 1997.xls
1997,175,Tike Mangesh Hanumant,Electric Bulb,M,186,L,0,data/maharashtra/mumbai/BMC 1997.xls
1997,175,Dembala Ramesh Lilaram,Star,M,4239,L,0,data/maharashtra/mumbai/BMC 1997.xls
1997,175,Talreja Shrichand Tirathdas,Lotus,M,80,L,0,data/maharashtra/mumbai/BMC 1997.xls
1997,175,Dabhade Dipak Pandurang,Hurricane Lamp,M,28,L,0,data/maharashtra/mumbai/BMC 1997.xls
1997,175,Dharpawar Tukaram Mahadev,Ship,M,538,L,0,data/maharashtra/mumbai/BMC 1997.xls
1997,175,Pawar Naresh Namdev,Coconut Tree bearing Fruits,M,61,L,0,data/maharashtra/mumbai/BMC 1997.xls
1997,175,Purandare Ashish Prabhat,Drum,M,380,L,0,data/maharashtra/mumbai/BMC 1997.xls
1997,175,Badekar Vinod Kashinath,Two Swords & A Shield,M,582,L,0,data/maharashtra/mumbai/BMC 1997.xls
1997,175,Bhagyawat Suresh Duttatrya,Television,M,19,L,0,data/maharashtra/mumbai/BMC 1997.xls
1997,175,Bhaleraw Khandu Radhu,Chair,M,188,L,0,data/maharashtra/mumbai/BMC 1997.xls
1997,175,Shetty B. Jayshankar,Halahar within a wheel (Chakra Haldhar),M,144,L,0,data/maharashtra/mumbai/BMC 1997.xls
1997,176,Kadam Sunil Popatlal,Ceiling Fan,M,16,L,0,data/maharashtra/mumbai/BMC 1997.xls
1997,176,Kanojiya Harishchandra Chamanlal,Bow & Arrow,M,1682,L,0,data/maharashtra/mumbai/BMC 1997.xls
1997,176,Kuradiya Madhulal Parashuram,Coconut Tree bearing Fruits,M,225,L,0,data/maharashtra/mumbai/BMC 1997.xls
1997,176,Kuradiya Jagadish Rampal,Umbrella,M,606,L,0,data/maharashtra/mumbai/BMC 1997.xls
1997,176,Kuradiya Chakradhari Ramaraj,Slate,M,341,L,0,data/maharashtra/mumbai/BMC 1997.xls
1997,176,Kori Bhagwan Jugaraj,Jeep,M,63,L,0,data/maharashtra/mumbai/BMC 1997.xls
1997,176,Kamble Shahaji Anna,Ship,M,41,L,0,data/maharashtra/mumbai/BMC 1997.xls
1997,176,Gayakwad Tanaji Shankar,Boy & Girl,M,11,L,0,data/maharashtra/mumbai/BMC 1997.xls
1997,176,Gayakwad Sunil Dinkar,Bat,M,5,L,0,data/maharashtra/mumbai/BMC 1997.xls
1997,176,Goswami Vishnudas Sawal,Hurricane Lamp,M,608,L,0,data/maharashtra/mumbai/BMC 1997.xls
1997,176,Jadhav Ashok Vithal,Axe,M,393,L,0,data/maharashtra/mumbai/BMC 1997.xls
1997,176,Dholpuriya Madanlal Ramadinji,Bicycle,M,1747,L,0,data/maharashtra/mumbai/BMC 1997.xls
1997,176,Nagarale Shantabai Mahadev,Sewing Machine,F,93,L,0,data/maharashtra/mumbai/BMC 1997.xls
1997,176,Nikale Divyakant Sahadev,Chair,M,51,L,0,data/maharashtra/mumbai/BMC 1997.xls
1997,176,Pawar Ravindra Doulat,Hand,M,3801,W,0,data/maharashtra/mumbai/BMC 1997.xls
1997,176,Palande Sanjay Madhuka,Two Leaves,M,428,L,0,data/maharashtra/mumbai/BMC 1997.xls
1997,176,Fhulbariya Durgadas Khiyaram,Ladder,M,678,L,0,data/maharashtra/mumbai/BMC 1997.xls
1997,176,Banasode Kamal Shankar,Pressure Cooker,F,64,L,0,data/maharashtra/mumbai/BMC 1997.xls
1997,176,Bhosale Sanjivkumar Ramchandra,Railway Engine,M,11,L,0,data/maharashtra/mumbai/BMC 1997.xls
1997,176,Matang Aasuram Punjabhai,Two Swords & A Shield,M,67,L,0,data/maharashtra/mumbai/BMC 1997.xls
1997,176,Mane Krushna Mukind,Car,M,97,L,0,data/maharashtra/mumbai/BMC 1997.xls
1997,176,Mokal Ramesh Ramadas,Star,M,18,L,0,data/maharashtra/mumbai/BMC 1997.xls
1997,176,Mhaske Rawsaheb Sudham,Gas Culinder,M,82,L,0,data/maharashtra/mumbai/BMC 1997.xls
1997,176,Randive Sakharam Arjun,Aeroplane,M,304,L,0,data/maharashtra/mumbai/BMC 1997.xls
1997,176,Londe Lahu Laxman,Haldhar within a wheel (Chakra Haldhar),M,343,L,0,data/maharashtra/mumbai/BMC 1997.xls
1997,176,Wagmare Namdev Gundappa,Clock,M,10,L,0,data/maharashtra/mumbai/BMC 1997.xls
1997,176,Shirke Sunil Subhaji,Rising Sun,M,2171,L,0,data/maharashtra/mumbai/BMC 1997.xls
1997,176,Shersiya Arjun Rajuji,Conch,M,241,L,0,data/maharashtra/mumbai/BMC 1997.xls
1997,176,Harsha Ashok Deu,Boat,M,10,L,0,data/maharashtra/mumbai/BMC 1997.xls
1997,177,Kadam Narayan Ramchandra,Flaming Torch,F,121,L,0,data/maharashtra/mumbai/BMC 1997.xls
1997,177,Kadam Ramchandra Tatojirao,Hand,M,9410,W,0,data/maharashtra/mumbai/BMC 1997.xls
1997,177,Chinna Pandiyan Ramiyya,Chakra (Wheel,M,201,L,0,data/maharashtra/mumbai/BMC 1997.xls
1997,177,Jagdale Krushna Rangnath,Star,M,78,L,0,data/maharashtra/mumbai/BMC 1997.xls
1997,177,Deshpande Sharad Baban,Bow & Arrow,M,4615,L,0,data/maharashtra/mumbai/BMC 1997.xls
1997,177,Pandy Ramshakal Nilambar,Jeep,M,208,L,0,data/maharashtra/mumbai/BMC 1997.xls
1997,177,Muni Kapildev Ramdhari,Bicycle,M,230,L,0,data/maharashtra/mumbai/BMC 1997.xls
1997,177,Rote Raju Gopinath,Rising Sun,M,1555,L,0,data/maharashtra/mumbai/BMC 1997.xls
1997,177,Shinde Kumarjiv Dadu,Clock,M,26,L,0,data/maharashtra/mumbai/BMC 1997.xls
1997,177,Shaikh Mahammad Badri Alam,Ears Of Corn & Sickle,M,101,L,0,data/maharashtra/mumbai/BMC 1997.xls
1997,177,Ramaja Raja,Two Leaves,M,1284,L,0,data/maharashtra/mumbai/BMC 1997.xls
1997,178,Jaykar Kumud Ashok,Hand,F,1836,L,0,data/maharashtra/mumbai/BMC 1997.xls
1997,178,Jadhav Subadra Ramesh,Two Swords & a Shield,F,112,L,0,data/maharashtra/mumbai/BMC 1997.xls
1997,178,Pataliputra Manda Ashok,Jeep,F,917,L,0,data/maharashtra/mumbai/BMC 1997.xls
1997,178,Banasode Kusum Babasaheb,Bicycle,F,4775,L,0,data/maharashtra/mumbai/BMC 1997.xls
1997,178,Banasode Shoba Gahininath,Hurricane Lamp,F,6,L,0,data/maharashtra/mumbai/BMC 1997.xls
1997,178,Wag Kamal Sudhakar,Aeroplane,F,837,L,0,data/maharashtra/mumbai/BMC 1997.xls
1997,178,Shardul Shakuntala Ashok,Dam,F,110,L,0,data/maharashtra/mumbai/BMC 1997.xls
1997,178,Shaikh Sugravi Ullauddin,Umbrella,F,2109,L,0,data/maharashtra/mumbai/BMC 1997.xls
1997,178,Shejwal Usha Baburao,Lotus,F,26,L,0,data/maharashtra/mumbai/BMC 1997.xls
1997,178,Handori Sangita Chandrakant,Rising Sun,F,6618,W,0,data/maharashtra/mumbai/BMC 1997.xls
1997,179,Pagare Sindutai Harishchandra,Rising Sun,F,213,L,0,data/maharashtra/mumbai/BMC 1997.xls
1997,179,Palaw Rekha Gyandev,Chakra (Wheel),F,265,L,0,data/maharashtra/mumbai/BMC 1997.xls
1997,179,Pandit Wasudha Vasant,Ladder,F,115,L,0,data/maharashtra/mumbai/BMC 1997.xls
1997,179,Patarpekar Soniya Prakash,Two Leaves,F,2346,L,0,data/maharashtra/mumbai/BMC 1997.xls
1997,179,Shisode Jyoti Dipak,Hand,F,4661,W,0,data/maharashtra/mumbai/BMC 1997.xls
1997,179,Sabale Nalini Ratnadip,Bow & Arrow,F,3909,L,0,data/maharashtra/mumbai/BMC 1997.xls
1997,180,Kate Tukaram Ramkrushna,Bow & Arrow,M,9692,W,0,data/maharashtra/mumbai/BMC 1997.xls
1997,180,Patel Sudesh Ramaji,Umbrella,M,542,L,0,data/maharashtra/mumbai/BMC 1997.xls
1997,180,Patil Duttaram Ganapat,Railway Engine,M,611,L,0,data/maharashtra/mumbai/BMC 1997.xls
1997,180,Patil Mahendra Anant,Two Swords & A Shield,M,4313,L,0,data/maharashtra/mumbai/BMC 1997.xls
1997,180,Fhatarpekar Prakash Vaikunth,Two Leaves,M,219,L,0,data/maharashtra/mumbai/BMC 1997.xls
1997,180,Mehale Machindranath Ananda,Hand,M,3256,L,0,data/maharashtra/mumbai/BMC 1997.xls
1997,181,Onawane Hiraman Ramchandra,Axe,M,16,L,0,data/maharashtra/mumbai/BMC 1997.xls
1997,181,Kamble Ashwin Ghatu,Two Swords & a Shield,M,68,L,0,data/maharashtra/mumbai/BMC 1997.xls
1997,181,Kharatmol Vitthal Ambaji,Lotus,M,5194,W,0,data/maharashtra/mumbai/BMC 1997.xls
1997,181,Goyal Sharanpal Jamelsingh,Hand,M,2521,L,0,data/maharashtra/mumbai/BMC 1997.xls
1997,181,Jadhav Chabubai Shasri,Bucket,F,82,L,0,data/maharashtra/mumbai/BMC 1997.xls
1997,181,Jadhav Vishnu Govind,Bicycle,M,375,L,0,data/maharashtra/mumbai/BMC 1997.xls
1997,181,Tambre Vignyan Shyam,Chakra (Wheel),M,257,L,0,data/maharashtra/mumbai/BMC 1997.xls
1997,181,Dahivile Ramkrushna Janaba,Ship,M,98,L,0,data/maharashtra/mumbai/BMC 1997.xls
1997,181,Pawar Mohan Kisan,Umbrella,M,1111,L,0,data/maharashtra/mumbai/BMC 1997.xls
1997,181,Sonawane Fhulabai Aba,Two Leaves,F,260,L,0,data/maharashtra/mumbai/BMC 1997.xls
1997,182,Iso Pilip K.,Hand,M,3775,L,0,data/maharashtra/mumbai/BMC 1997.xls
1997,182,Koli Chintamani Janardhan,Ship,M,1878,L,0,data/maharashtra/mumbai/BMC 1997.xls
1997,182,Kolambakar Ankush Govind,Bucket,M,225,L,0,data/maharashtra/mumbai/BMC 1997.xls
1997,182,Janardhan Karikal Kochakunj,"Hammer, Sickle & Star",M,758,L,0,data/maharashtra/mumbai/BMC 1997.xls
1997,182,Naydu Shriniwasan,Spade,M,60,L,0,data/maharashtra/mumbai/BMC 1997.xls
1997,182,Paradkar Jagadish Bhiwa,Louts,M,3478,L,0,data/maharashtra/mumbai/BMC 1997.xls
1997,182,Paghe Ramchandra Keshav,Two Swords & a Shield,M,227,L,0,data/maharashtra/mumbai/BMC 1997.xls
1997,182,Patil Narendra Chandrakant,Boat,M,985,L,0,data/maharashtra/mumbai/BMC 1997.xls
1997,182,Fharooki Fhiroj Ali,Bicycle,M,152,L,0,data/maharashtra/mumbai/BMC 1997.xls
1997,182,Weg Lathif Abdul Gafhur,Bat,M,1134,L,0,data/maharashtra/mumbai/BMC 1997.xls
1997,182,M. Mohan Kumar Muttukumar,Umbrella,M,127,L,0,data/maharashtra/mumbai/BMC 1997.xls
1997,182,Shaikh Gugummad Shahid Kadir,Apple,M,8,L,0,data/maharashtra/mumbai/BMC 1997.xls
1997,182,Sahud Muhammad Shahid Kadir,Rising Sun,M,614,L,0,data/maharashtra/mumbai/BMC 1997.xls
1997,182,Sirodiya Jagadishsingh Babusingh,Star,M,353,L,0,data/maharashtra/mumbai/BMC 1997.xls
1997,183,Arbel Santosh Rewaji,Two Swords & a Shield,M,65,L,0,data/maharashtra/mumbai/BMC 1997.xls
1997,183,Upade Bhagwat Rangnath,Haldhar within wheel (Chakra Haldhar),M,101,L,0,data/maharashtra/mumbai/BMC 1997.xls
1997,183,Kamble Jalindar Sona,Bucket,M,1091,L,0,data/maharashtra/mumbai/BMC 1997.xls
1997,183,Khan Khurmin B. Wood,Chair,M,43,L,0,data/maharashtra/mumbai/BMC 1997.xls
1997,183,Gawali Sakharam Balu,Bow & Arrow,M,6603,W,0,data/maharashtra/mumbai/BMC 1997.xls
1997,183,Chouhan Ratna Raghunath,Flaming Torch,F,44,L,0,data/maharashtra/mumbai/BMC 1997.xls
1997,183,Jagatap Gyandev Sonaji,Boy & Girl,M,39,L,0,data/maharashtra/mumbai/BMC 1997.xls
1997,183,Pathan Anis Anwarkhan,Ladder,M,332,L,0,data/maharashtra/mumbai/BMC 1997.xls
1997,183,Bhosale Prakash Limbaji,Rising Sun,M,4972,L,0,data/maharashtra/mumbai/BMC 1997.xls
1997,183,Bhosale Raju Ganapat,Hurricane Lamp,M,15,L,0,data/maharashtra/mumbai/BMC 1997.xls
1997,183,More Gopichand Tukaram,Ship,M,103,L,0,data/maharashtra/mumbai/BMC 1997.xls
1997,183,Ratne Lata Virendra,Conch,F,249,L,0,data/maharashtra/mumbai/BMC 1997.xls
1997,183,Varsha Ram Murad Wasudev,Bicycle,M,593,L,0,data/maharashtra/mumbai/BMC 1997.xls
1997,183,Sharma Arun Rajendrapal,Lock & Key,M,218,L,0,data/maharashtra/mumbai/BMC 1997.xls
1997,183,Shirke Ragunath Hiraman,Aeroplane,M,107,L,0,data/maharashtra/mumbai/BMC 1997.xls
1997,183,Shaikh Mohammad Rafiq Mohammad,Coconut Tree Bearing Fruit,M,26,L,0,data/maharashtra/mumbai/BMC 1997.xls
1997,183,Sayyad Aminal Raheman Allwaksh,Chakra (Wheel),M,360,L,0,data/maharashtra/mumbai/BMC 1997.xls
1997,183,Singh Shakaldev Ragunath Singh,Hand,M,3409,L,0,data/maharashtra/mumbai/BMC 1997.xls
1997,183,Hegade Ramu Kincharya,Umbrella,M,69,L,0,data/maharashtra/mumbai/BMC 1997.xls
1997,184,Keni Kamal Karunakar,Umbrella,F,638,L,0,data/maharashtra/mumbai/BMC 1997.xls
1997,184,Gayakwad Kavita Bruhaspati,Star,F,145,L,0,data/maharashtra/mumbai/BMC 1997.xls
1997,184,Gaband Nirmala Ragunath,Axe,F,236,L,0,data/maharashtra/mumbai/BMC 1997.xls
1997,184,Jagtap Pratibha Ravindra,Bicycle,F,502,L,0,data/maharashtra/mumbai/BMC 1997.xls
1997,184,Jadhav Sunanda Duttaram,Hand Pump,F,145,L,0,data/maharashtra/mumbai/BMC 1997.xls
1997,184,Raut Sunita Baliram,Bow & Arrow,F,4848,L,0,data/maharashtra/mumbai/BMC 1997.xls
1997,184,Shnoy Vinita Chandrakant,Electric Bulb,F,696,L,0,data/maharashtra/mumbai/BMC 1997.xls
1997,184,Sikalipar Shalini Rasiklal,Hand,F,1967,L,0,data/maharashtra/mumbai/BMC 1997.xls
1997,184,Sonawane Pragna Tayyappa,Slate,F,613,L,0,data/maharashtra/mumbai/BMC 1997.xls
1997,185,Kale Sonabai Govinda,Pressure Cooker,F,75,L,0,data/maharashtra/mumbai/BMC 1997.xls
1997,185,Patil Mahendra Laxman,Rising Sun,M,686,L,0,data/maharashtra/mumbai/BMC 1997.xls
1997,185,Pedanekar Satyawan Ramchandra,Clock,M,1227,L,0,data/maharashtra/mumbai/BMC 1997.xls
1997,185,Borade Janardhan Rawaji,Chakra (Wheel),M,371,L,0,data/maharashtra/mumbai/BMC 1997.xls
1997,185,Bhise Shiyaji Appa,Star,M,717,L,0,data/maharashtra/mumbai/BMC 1997.xls
1997,185,Yadav Babulal Shankar,Bicycle,M,1199,L,0,data/maharashtra/mumbai/BMC 1997.xls
1997,185,Raut Chandrakant Gopal,Bow & Arrow,M,3815,L,0,data/maharashtra/mumbai/BMC 1997.xls
1997,185,Shaikh Noor Mahammad Jakariya,Ladder,M,5087,W,0,data/maharashtra/mumbai/BMC 1997.xls
1997,185,Shinde Ganesh Babanrao,Hand,M,4941,L,0,data/maharashtra/mumbai/BMC 1997.xls
1997,185,Shejal Ashok Akaram,Two Swords & a Shield,M,59,L,0,data/maharashtra/mumbai/BMC 1997.xls
1997,186,Kadam Rajan Shankar,Axe,M,529,L,0,data/maharashtra/mumbai/BMC 1997.xls
1997,186,Kasbe Bhagawan Vyankatrai,Hurricane Lamp,M,470,L,0,data/maharashtra/mumbai/BMC 1997.xls
1997,186,Kuchekar Vishnu Kisan,Electric Bulb,M,466,L,0,data/maharashtra/mumbai/BMC 1997.xls
1997,186,Kamble Jijaba Ramchandra,Coconut Tree Bearing Fruits,M,92,L,0,data/maharashtra/mumbai/BMC 1997.xls
1997,186,Kamble Navanath Gopal,Conch,M,146,L,0,data/maharashtra/mumbai/BMC 1997.xls
1997,186,Kamble Laxman Limbaji,Plough,M,275,L,0,data/maharashtra/mumbai/BMC 1997.xls
1997,186,Kamble Shantaram Bhikaji,Aeroplane,M,28,L,0,data/maharashtra/mumbai/BMC 1997.xls
1997,186,Kharat Anand Bhagwan,Bicycle,M,3096,L,0,data/maharashtra/mumbai/BMC 1997.xls
1997,186,Khupate Vijay Sadashiv,Clock,M,296,L,0,data/maharashtra/mumbai/BMC 1997.xls
1997,186,Gayakwad Ravindra Hari,Ladder,M,24,L,0,data/maharashtra/mumbai/BMC 1997.xls
1997,186,Chouhan Ashok Bajirao,Two Swords & a Shield,M,536,L,0,data/maharashtra/mumbai/BMC 1997.xls
1997,186,Jadhav Prakash Jayram,Slate,M,6,L,0,data/maharashtra/mumbai/BMC 1997.xls
1997,186,Dethe Ashok Bhima,Jeep,M,198,L,0,data/maharashtra/mumbai/BMC 1997.xls
1997,186,Nipanikar Raju Appasaheb,Bucket,M,776,L,0,data/maharashtra/mumbai/BMC 1997.xls
1997,186,Wagul Anand Ramchandr,Hand,M,4548,L,0,data/maharashtra/mumbai/BMC 1997.xls
1997,186,Dr. Bhosale Sahebrao Shivram,Pressure Cooker,M,259,L,0,data/maharashtra/mumbai/BMC 1997.xls
1997,186,Bhandare Ramesh Jagannath,Umbrella,M,38,L,0,data/maharashtra/mumbai/BMC 1997.xls
1997,186,Lokare Vitthal Govind,Bow & Arrow,M,5665,W,0,data/maharashtra/mumbai/BMC 1997.xls
1997,186,Shinde Sudhir Tukaram,Ring,M,25,L,0,data/maharashtra/mumbai/BMC 1997.xls
1997,186,Sathe Shankar Gyanu,Railway Engine,M,389,L,0,data/maharashtra/mumbai/BMC 1997.xls
1997,186,Suradkar Siddharth Ramchandra,Star,M,145,L,0,data/maharashtra/mumbai/BMC 1997.xls
1997,186,Sonawane Gautam Keshav,Rising Sun,M,1769,L,0,data/maharashtra/mumbai/BMC 1997.xls
1997,187,Anasari Ajijabi Mo. Hanif,Ladder,F,563,L,0,data/maharashtra/mumbai/BMC 1997.xls
1997,187,Anasari Shabanam Sirajuddin,Electric Bulb,F,1006,L,0,data/maharashtra/mumbai/BMC 1997.xls
1997,187,Anasari Shahajan Din Mohammad,Boat,F,33,L,0,data/maharashtra/mumbai/BMC 1997.xls
1997,187,Ugade Taibai Waman,Chair,F,164,L,0,data/maharashtra/mumbai/BMC 1997.xls
1997,187,Kamble Vijay Mohan,Aeroplane,F,209,L,0,data/maharashtra/mumbai/BMC 1997.xls
1997,187,Kamble Shobha Jagannath,Hurricane Lamp,F,96,L,0,data/maharashtra/mumbai/BMC 1997.xls
1997,187,Kamble Sulochana Madukar,Sewing Machine,F,169,L,0,data/maharashtra/mumbai/BMC 1997.xls
1997,187,Khan Jubeda Jabbar,Bicycle,F,11468,W,0,data/maharashtra/mumbai/BMC 1997.xls
1997,187,Gharat Rekha Kashinath,Bow & Arrow,F,5900,L,0,data/maharashtra/mumbai/BMC 1997.xls
1997,187,Ghag Indumati Gangadhar,Railway Engine,F,363,L,0,data/maharashtra/mumbai/BMC 1997.xls
1997,187,Jagatap Usha Hanumant,Star,F,340,L,0,data/maharashtra/mumbai/BMC 1997.xls
1997,187,Jaiswar Shantidevi Shyamlal,Slate,F,385,L,0,data/maharashtra/mumbai/BMC 1997.xls
1997,187,Naidu Jayalaxmi Weluswami,Hand,F,5895,L,0,data/maharashtra/mumbai/BMC 1997.xls
1997,187,Yashwante Yashoda Prabhakar,Rising Sun,F,1993,L,0,data/maharashtra/mumbai/BMC 1997.xls
1997,187,Lokhande Reshma Ramdas,Chakra (Wheel),F,674,L,0,data/maharashtra/mumbai/BMC 1997.xls
1997,187,Sharma Madubala Hralal,Two Swords & a Sheild,F,667,L,0,data/maharashtra/mumbai/BMC 1997.xls
1997,187,Shahani Asharfhidevi Mithailal,Spade,F,475,L,0,data/maharashtra/mumbai/BMC 1997.xls
1997,187,Shaikh Rahamatunanisa Mohammad,Car,F,109,L,0,data/maharashtra/mumbai/BMC 1997.xls
1997,187,Shaikh Rahimunisa Yusuf,Jeep,F,47,L,0,data/maharashtra/mumbai/BMC 1997.xls
1997,188,Ansari Rashida Bacchulal,Chakra (Wheel),F,2094,L,0,data/maharashtra/mumbai/BMC 1997.xls
1997,188,Ansari Shakila Mo. Sabir,Bicycle,F,5085,W,0,data/maharashtra/mumbai/BMC 1997.xls
1997,188,Narkar Nilam Narendra,Two Swords & A Shield,F,1633,L,0,data/maharashtra/mumbai/BMC 1997.xls
1997,188,Palande Rajeshri Shripati,Lotus,F,1296,L,0,data/maharashtra/mumbai/BMC 1997.xls
1997,188,Bhosale Nalini Prabhakar,Hand,F,1456,L,0,data/maharashtra/mumbai/BMC 1997.xls
1997,189,Kadam Ranjana Pralhad,Two Leaves,F,25,L,0,data/maharashtra/mumbai/BMC 1997.xls
1997,189,Kolekar Jayshri Vivek,Two Swords & A Shield,F,567,L,0,data/maharashtra/mumbai/BMC 1997.xls
1997,189,Gayakwad Shobha Baban,Bicycle,F,1554,L,0,data/maharashtra/mumbai/BMC 1997.xls
1997,189,Jadhav Shakuntala Prabhakar,Hurricane Lamp,F,4480,W,0,data/maharashtra/mumbai/BMC 1997.xls
1997,189,Parameshwar Ratnabai Shankar,Axe,F,596,L,0,data/maharashtra/mumbai/BMC 1997.xls
1997,189,Bhalerao Priya Ragunath,Lotus,F,3180,L,0,data/maharashtra/mumbai/BMC 1997.xls
1997,189,Shevale Lila Rajaram,Hand,F,2225,L,0,data/maharashtra/mumbai/BMC 1997.xls
1997,189,Sawant Nanda Dilip,Umbrella,F,176,L,0,data/maharashtra/mumbai/BMC 1997.xls
1997,189,Surawade Lata Ramesh,Rising Sun,F,2147,L,0,data/maharashtra/mumbai/BMC 1997.xls
1997,190,Inamdar Noorjahan Abdul Majid,Bicycle,F,4640,W,0,data/maharashtra/mumbai/BMC 1997.xls
1997,190,Khan Jaitun Murtuja,Apple,F,65,L,0,data/maharashtra/mumbai/BMC 1997.xls
1997,190,Jawale Shalini Narayan,Rising Sun,F,98,L,0,data/maharashtra/mumbai/BMC 1997.xls
1997,190,Bhatiya Kamala Gopiram,Umbrella,F,105,L,0,data/maharashtra/mumbai/BMC 1997.xls
1997,190,Musa Kamar Hamiad,Aeroplane,F,862,L,0,data/maharashtra/mumbai/BMC 1997.xls
1997,190,Bomin Rajiya Siraj,Star,F,322,L,0,data/maharashtra/mumbai/BMC 1997.xls
1997,190,Shinde Sunanda Anand,Bow & Arrow,F,2011,L,0,data/maharashtra/mumbai/BMC 1997.xls
1997,190,Shaikh Hasarat Khatue Mohammad,Ceiling Fan,F,195,L,0,data/maharashtra/mumbai/BMC 1997.xls
1997,190,Shaikh Noorjahn Gulam Mohammad,Spade,F,10,L,0,data/maharashtra/mumbai/BMC 1997.xls
1997,190,Shaikh Fhatma Hasanraja,Slate,F,8,L,0,data/maharashtra/mumbai/BMC 1997.xls
1997,190,Shaikh Bismilla Abbas Ali,Hat,F,12,L,0,data/maharashtra/mumbai/BMC 1997.xls
1997,190,Shaikh Salma Mastan,Hand,F,1491,L,0,data/maharashtra/mumbai/BMC 1997.xls
1997,190,Sarguro Najama Diwakar Khan,Chakra (Wheel),F,397,L,0,data/maharashtra/mumbai/BMC 1997.xls
1997,191,Adawale Popat Pandurang,Bell,M,5,L,0,data/maharashtra/mumbai/BMC 1997.xls
1997,191,Adhare Sunil Muralidhar,Electric Bulb,M,89,L,0,data/maharashtra/mumbai/BMC 1997.xls
1997,191,Uwale Bhamdev Damu,Hand,M,4772,W,0,data/maharashtra/mumbai/BMC 1997.xls
1997,191,Gayakwad Madhukar Waman,Television,M,931,L,0,data/maharashtra/mumbai/BMC 1997.xls
1997,191,Gayakwad Ravindra Hari,Ladder,M,24,L,0,data/maharashtra/mumbai/BMC 1997.xls
1997,191,Jagatap Kalawati Kacharu,Sewing Machine,F,45,L,0,data/maharashtra/mumbai/BMC 1997.xls
1997,191,Jadhav Subhash Laxman,Bow & Arrow,M,4427,L,0,data/maharashtra/mumbai/BMC 1997.xls
1997,191,Thorat Bhalchandra Ganapat,Flaming Torch,M,48,L,0,data/maharashtra/mumbai/BMC 1997.xls
1997,191,Nijbhwane Dipak Niwrutti,Two Leaves,M,151,L,0,data/maharashtra/mumbai/BMC 1997.xls
1997,191,Pawar Vikas Damodar,Ship,M,2138,L,0,data/maharashtra/mumbai/BMC 1997.xls
1997,191,Mhaske Dayanand Jagannath,Hurricane Lamp,M,465,L,0,data/maharashtra/mumbai/BMC 1997.xls
1997,191,Lokhande Govind Gopal,Axe,M,1029,L,0,data/maharashtra/mumbai/BMC 1997.xls
1997,191,Wakekar Devanand Shivram,Two Swords & a Shield,M,48,L,0,data/maharashtra/mumbai/BMC 1997.xls
1997,191,Sathe Vitthalrao Ramchandra,Rising Sun,M,2194,L,0,data/maharashtra/mumbai/BMC 1997.xls
1997,191,Sonawane Popatrao Bhausaheb,Bicycle,M,124,L,0,data/maharashtra/mumbai/BMC 1997.xls
1997,191,Sonawane Mahadev Nathu,Car,M,94,L,0,data/maharashtra/mumbai/BMC 1997.xls
1997,192,Thakkar Malati Odwaji,Candles,F,583,L,0,data/maharashtra/mumbai/BMC 1997.xls
1997,192,Raut Vijaya Harishchandra,Hand,F,2572,L,0,data/maharashtra/mumbai/BMC 1997.xls
1997,192,Warak Megha Shantaram,Coconut Tree bearing Fruits,F,742,L,0,data/maharashtra/mumbai/BMC 1997.xls
1997,192,Dr. Shah Mudula Pinakin,Lotus,F,6967,W,0,data/maharashtra/mumbai/BMC 1997.xls
1997,193,Kapasi Lilachand Laxmichand,Drum,M,423,L,0,data/maharashtra/mumbai/BMC 1997.xls
1997,193,Kasbe Chandrakant Bhagawat,Charakha,M,137,L,0,data/maharashtra/mumbai/BMC 1997.xls
1997,193,Gada Rabibhai Damajibhai,Boy & Girl,M,215,L,0,data/maharashtra/mumbai/BMC 1997.xls
1997,193,Joshi Bharat Hasmukhlal,Two Swords & a Shield,M,2329,L,0,data/maharashtra/mumbai/BMC 1997.xls
1997,193,Ghag Suryakant Sitaram,Ship,M,56,L,0,data/maharashtra/mumbai/BMC 1997.xls
1997,193,Joshi Vinod Bhupendra,Umbrella,M,238,L,0,data/maharashtra/mumbai/BMC 1997.xls
1997,193,Tawade Parshuram Maruti,Bucket,M,44,L,0,data/maharashtra/mumbai/BMC 1997.xls
1997,193,Talekar Edna Mathew,Spectacles,F,944,L,0,data/maharashtra/mumbai/BMC 1997.xls
1997,193,Tambe Mahendra Gopal,Axe,M,27,L,0,data/maharashtra/mumbai/BMC 1997.xls
1997,193,Desai Jiten Manubhai,Hand,M,2092,L,0,data/maharashtra/mumbai/BMC 1997.xls
1997,193,Nayak Narendra Chandulal,Plough,M,39,L,0,data/maharashtra/mumbai/BMC 1997.xls
1997,193,Patel Herold Winsent,Aeroplane,M,382,L,0,data/maharashtra/mumbai/BMC 1997.xls
1997,193,Parera Bilfhred Kyajena,Clock,M,380,L,0,data/maharashtra/mumbai/BMC 1997.xls
1997,193,Badani Hasmukh Jamanadas,Railway Engine,M,211,L,0,data/maharashtra/mumbai/BMC 1997.xls
1997,193,Bullan Jaiswar Pyarelal,Candles,M,299,L,0,data/maharashtra/mumbai/BMC 1997.xls
1997,193,Bhoir Ganeshrao Pandurang,Hurricane Lamp,M,34,L,0,data/maharashtra/mumbai/BMC 1997.xls
1997,193,Dr. Rao Shriniwara Alewar,Lotus,M,4793,W,0,data/maharashtra/mumbai/BMC 1997.xls
1997,193,Lade Prema Laxman,Rising Sun,F,313,L,0,data/maharashtra/mumbai/BMC 1997.xls
1997,193,Shaha Bhupendra Brajlal,Telephone,M,257,L,0,data/maharashtra/mumbai/BMC 1997.xls
1997,193,Shirsat Arun Nathuji,Conch,M,94,L,0,data/maharashtra/mumbai/BMC 1997.xls
1997,193,Singh Arunkumar Ramprasad,Chakra (Wheel),M,371,L,0,data/maharashtra/mumbai/BMC 1997.xls
1997,194,Khandekar Ranjan Mahadev,Hurricane Lamp,F,33,L,0,data/maharashtra/mumbai/BMC 1997.xls
1997,194,Nalawade Kalpana Kisan,Haldhar within Wheel (Chakra Haldhar),F,812,L,0,data/maharashtra/mumbai/BMC 1997.xls
1997,194,Bhiro Shashikala Shankar,Hand,F,6373,L,0,data/maharashtra/mumbai/BMC 1997.xls
1997,194,Manjrekar Vijaya Subhash,Almirah,F,43,L,0,data/maharashtra/mumbai/BMC 1997.xls
1997,194,Lad Bhawana Bhalchandra,Rising Sun,F,3942,L,0,data/maharashtra/mumbai/BMC 1997.xls
1997,194,Wagmare Archana Prayush,Bow & Arrow,F,9393,W,0,data/maharashtra/mumbai/BMC 1997.xls
1997,194,Satpute Shobhana Duttatrya,Chakra (Wheel),F,1725,L,0,data/maharashtra/mumbai/BMC 1997.xls
1997,195,Kadam Sharad Shantaram,Chakra (Wheel),M,185,L,0,data/maharashtra/mumbai/BMC 1997.xls
1997,195,Koyande Vilas Anant,Clock,M,418,L,0,data/maharashtra/mumbai/BMC 1997.xls
1997,195,Gopale Kisan Sakaharam,Plough,M,191,L,0,data/maharashtra/mumbai/BMC 1997.xls
1997,195,More Muralidhar Gangaram,Aeroplane,M,39,L,0,data/maharashtra/mumbai/BMC 1997.xls
1997,195,Chouhan Dhondu Ramchandra,Television,M,1443,L,0,data/maharashtra/mumbai/BMC 1997.xls
1997,195,Chouhan Vilas Ramchandra,Hand,M,6898,L,0,data/maharashtra/mumbai/BMC 1997.xls
1997,195,Naikodi Doulat Sakharam,Jeep,M,18,L,0,data/maharashtra/mumbai/BMC 1997.xls
1997,195,Pedanekar Ganapat Anant,Bat,M,490,L,0,data/maharashtra/mumbai/BMC 1997.xls
1997,195,Pokharkar Satyawan Genu,Charkha,M,63,L,0,data/maharashtra/mumbai/BMC 1997.xls
1997,195,Fhulpagare Narendra Shivram,Rising Sun,M,495,L,0,data/maharashtra/mumbai/BMC 1997.xls
1997,195,Rokade Vijay Dasharath,Trumpet,M,58,L,0,data/maharashtra/mumbai/BMC 1997.xls
1997,195,Shilankar Rajendra Narayan,Umbrella,M,22,L,0,data/maharashtra/mumbai/BMC 1997.xls
1997,195,Shirke Shubhangi Dashrath,Bow & Arrow,F,7722,W,0,data/maharashtra/mumbai/BMC 1997.xls
1997,195,Sakure Ramesh Santu,Coconut Tree bearing Fruits,M,16,L,0,data/maharashtra/mumbai/BMC 1997.xls
1997,196,Abhanave Ramkrushna Sakhaji,Aeroplane,M,24,L,0,data/maharashtra/mumbai/BMC 1997.xls
1997,196,Kamble Suresh Yashwant,Television,M,232,L,0,data/maharashtra/mumbai/BMC 1997.xls
1997,196,Gadigawkar Usha Ramchandra,Hurricane Lamp,F,1395,L,0,data/maharashtra/mumbai/BMC 1997.xls
1997,196,Ghodeswar Ratnakar Keshav,Hand,M,2781,L,0,data/maharashtra/mumbai/BMC 1997.xls
1997,196,Cheda Pravin Welji,Lotus,M,6127,W,0,data/maharashtra/mumbai/BMC 1997.xls
1997,196,Jadhav Sanjay Motiram,Kite,M,163,L,0,data/maharashtra/mumbai/BMC 1997.xls
1997,196,Jain Vinod Takhatmal,Two Swords & a Shield,M,2084,L,0,data/maharashtra/mumbai/BMC 1997.xls
1997,196,Dherenge Shyam Manjinath,Telephone,M,102,L,0,data/maharashtra/mumbai/BMC 1997.xls
1997,196,Tambe Jaywant Duttatrya,Railway Engine,M,269,L,0,data/maharashtra/mumbai/BMC 1997.xls
1997,196,Dube Kamalesh Matafher,Ring,M,215,L,0,data/maharashtra/mumbai/BMC 1997.xls
1997,196,Netwate Madhukar Balaji,Rising Sun,M,736,L,0,data/maharashtra/mumbai/BMC 1997.xls
1997,196,Paradesh Ramesh Devidas,Black Board,M,32,L,0,data/maharashtra/mumbai/BMC 1997.xls
1997,196,Pawar Shripati Ganapat,Clock,M,3204,L,0,data/maharashtra/mumbai/BMC 1997.xls
1997,196,Barot Manojkumar Udesingh,Axe,M,408,L,0,data/maharashtra/mumbai/BMC 1997.xls
1997,196,Bhalerao Suhas Devidas,Bat,M,71,L,0,data/maharashtra/mumbai/BMC 1997.xls
1997,196,Bhosale Suresh Mahadev,Umbrella,M,370,L,0,data/maharashtra/mumbai/BMC 1997.xls
1997,196,Machiwale Duttaram Dadu,Coconut Tree Bearing Fruits,M,56,L,0,data/maharashtra/mumbai/BMC 1997.xls
1997,196,Mehata Manoj Shyamjibhai,Haldhar within wheel (Chakra Haldhar),M,402,L,0,data/maharashtra/mumbai/BMC 1997.xls
1997,196,Mohite Mahendra Pandurang,Conch,M,11,L,0,data/maharashtra/mumbai/BMC 1997.xls
1997,196,Wagmare Sudam Baburao,Star,M,26,L,0,data/maharashtra/mumbai/BMC 1997.xls
1997,196,Shah Anil Pradip,Ship,F,112,L,0,data/maharashtra/mumbai/BMC 1997.xls
1997,196,Shaikh Alihasan Khalil,Car,M,70,L,0,data/maharashtra/mumbai/BMC 1997.xls
1997,196,Shetty Bharatiben Chandrakant,Boy & Girl,F,537,L,0,data/maharashtra/mumbai/BMC 1997.xls
1997,197,Aute Suman Yashwant,Plough,F,138,L,0,data/maharashtra/mumbai/BMC 1997.xls
1997,197,Kothawade Ravindra Vasant,Hurricane Lamp,M,2193,L,0,data/maharashtra/mumbai/BMC 1997.xls
1997,197,Khan Wasi Chand,Bicycle,M,1572,L,0,data/maharashtra/mumbai/BMC 1997.xls
1997,197,Jadhav Kailas Nana,Bucket,M,200,L,0,data/maharashtra/mumbai/BMC 1997.xls
1997,197,Jadhav Suwarna Rajendra,Rising Sun,F,215,L,0,data/maharashtra/mumbai/BMC 1997.xls
1997,197,Torane Udayraj,Umbrella,M,84,L,0,data/maharashtra/mumbai/BMC 1997.xls
1997,197,Thorat Mukund Gangaram,Bow & Arrow,M,6082,W,0,data/maharashtra/mumbai/BMC 1997.xls
1997,197,Naydu Jaychandra Munuswami,Gas Cylinder,M,27,L,0,data/maharashtra/mumbai/BMC 1997.xls
1997,197,Parad Prakash Gajanan,Railway Engine,M,9,L,0,data/maharashtra/mumbai/BMC 1997.xls
1997,197,Pasad Vasant Welji,Jeep,M,191,L,0,data/maharashtra/mumbai/BMC 1997.xls
1997,197,Bhadra Vasant Hiraji,Spade,M,322,L,0,data/maharashtra/mumbai/BMC 1997.xls
1997,197,Gatreja Subhash Mulkharaj,Coconut Tree bearing Fruits,M,811,L,0,data/maharashtra/mumbai/BMC 1997.xls
1997,197,Misal Walmik Niwrutti,Conch,M,17,L,0,data/maharashtra/mumbai/BMC 1997.xls
1997,197,Mehata Indulal Nanchand,Ladder,M,256,L,0,data/maharashtra/mumbai/BMC 1997.xls
1997,197,Rokade Yadavrao Kashiram,Drum,M,182,L,0,data/maharashtra/mumbai/BMC 1997.xls
1997,197,Rokade Ravinda Pandurang,Kite,M,98,L,0,data/maharashtra/mumbai/BMC 1997.xls
1997,197,Shahid Anwar Mohammad Halim,Chakra (Wheel),M,96,L,0,data/maharashtra/mumbai/BMC 1997.xls
1997,197,Shah Prafhulchand Balchand,Bat,M,127,L,0,data/maharashtra/mumbai/BMC 1997.xls
1997,197,Shinde Balu Laxman,Chair,M,80,L,0,data/maharashtra/mumbai/BMC 1997.xls
1997,197,Shinde Shashikant Jaysingrao,Two Swords & a Shield,M,131,L,0,data/maharashtra/mumbai/BMC 1997.xls
1997,197,Shetty Jagannath Ayechanna,Hand,M,2151,L,0,data/maharashtra/mumbai/BMC 1997.xls
1997,197,Shetye Bharatiben Chandrakant,Boy & Girl,F,545,L,0,data/maharashtra/mumbai/BMC 1997.xls
1997,197,Sanap Sanjay Bhima,Television,M,43,L,0,data/maharashtra/mumbai/BMC 1997.xls
1997,197,Singh Amarnath Singh Chedi Singh,Ring,M,2299,L,0,data/maharashtra/mumbai/BMC 1997.xls
1997,198,Gurav Balkrushna Ramchandra,Bow & Arrow,M,3061,L,0,data/maharashtra/mumbai/BMC 1997.xls
1997,198,Chittaliya Kamlesh Vasant,Conch,M,418,L,0,data/maharashtra/mumbai/BMC 1997.xls
1997,198,Jadhav Ashok Babaji,Two Swords & A Shield,M,2849,L,0,data/maharashtra/mumbai/BMC 1997.xls
1997,198,Jadhav Bharati Harishchandra,Coconut Tree Bearing Fruits,F,3348,W,0,data/maharashtra/mumbai/BMC 1997.xls
1997,198,Tawde Nanda Ankush,Hand,F,1027,L,0,data/maharashtra/mumbai/BMC 1997.xls
1997,198,Shah Dharmesh Laxmikant,Telephone,M,119,L,0,data/maharashtra/mumbai/BMC 1997.xls
1997,198,Samant Bhishan Duttatrya,Clock,M,2980,L,0,data/maharashtra/mumbai/BMC 1997.xls
1997,198,Singh Vinod Kamala Singh,Kite,M,119,L,0,data/maharashtra/mumbai/BMC 1997.xls
1997,199,Ahiwarekar Udaykumar Keshav,Conch,M,69,L,0,data/maharashtra/mumbai/BMC 1997.xls
1997,199,Golatkar Suresh Shantaram,Bow & Arrow,M,6116,W,0,data/maharashtra/mumbai/BMC 1997.xls
1997,199,Jangam Harishchandra Babaling,Rising Sun,M,3104,L,0,data/maharashtra/mumbai/BMC 1997.xls
1997,199,Tawate Krushna Govind,Hand,M,4236,L,0,data/maharashtra/mumbai/BMC 1997.xls
1997,200,Gangan Chandrakant Sonu,Boy & Girl,M,213,L,0,data/maharashtra/mumbai/BMC 1997.xls
1997,200,Talekar Shailesh Sadashiv,Bow & Arrow,M,5282,W,0,data/maharashtra/mumbai/BMC 1997.xls
1997,200,Padanekar Pralhad Duttaram,Coconut Tree Bearing Fruits,M,87,L,0,data/maharashtra/mumbai/BMC 1997.xls
1997,200,Borade Genu Bhagwan,Telephone,M,390,L,0,data/maharashtra/mumbai/BMC 1997.xls
1997,200,Bandagar Abasaheb Dadasaheb,Umbrella,M,917,L,0,data/maharashtra/mumbai/BMC 1997.xls
1997,200,Mhadadlkar Mukund Namadev,Gas Cylinder,M,756,L,0,data/maharashtra/mumbai/BMC 1997.xls
1997,200,Mhatre Balasaheb Mahadev,Hand,M,5254,L,0,data/maharashtra/mumbai/BMC 1997.xls
1997,200,Yadav Lallan Prasad Chunilal,Bicycle,M,1619,L,0,data/maharashtra/mumbai/BMC 1997.xls
1997,201,Kamat Govind Mukund,Black Board,M,1812,L,0,data/maharashtra/mumbai/BMC 1997.xls
1997,201,Kale Rambhau Namadev,Bow & Arrow,M,6851,W,0,data/maharashtra/mumbai/BMC 1997.xls
1997,201,Koyande Ganesh Gopal,Umbrella,M,612,L,0,data/maharashtra/mumbai/BMC 1997.xls
1997,201,Jadhav Machindra Kisan,Hand,M,3484,L,0,data/maharashtra/mumbai/BMC 1997.xls
1997,201,Joyeshi Duttatrya Gopal,Bicycle,M,2171,L,0,data/maharashtra/mumbai/BMC 1997.xls
1997,201,Deurukhar Ramesh Jagannath,Clock,M,1167,L,0,data/maharashtra/mumbai/BMC 1997.xls
1997,201,Mane Muralidhar Ganapat,Aeroplane,M,682,L,0,data/maharashtra/mumbai/BMC 1997.xls
1997,201,Yadav Ramshrungar,Television,M,817,L,0,data/maharashtra/mumbai/BMC 1997.xls
1997,201,Raskar Ashok Maruti,Bucket Containing Vegitable,M,371,L,0,data/maharashtra/mumbai/BMC 1997.xls
1997,201,Lepakar Kishor Ramchandra,Letter Box,M,277,L,0,data/maharashtra/mumbai/BMC 1997.xls
1997,201,Vengurlekar Pradip Jagannath,Coconut Tree Bearing Fruits,M,259,L,0,data/maharashtra/mumbai/BMC 1997.xls
1997,202,Ahire Bharati Chaitram,Bucket,F,24,L,0,data/maharashtra/mumbai/BMC 1997.xls
1997,202,Patil Aruna Ashok,Bow & Arrow,F,4617,W,0,data/maharashtra/mumbai/BMC 1997.xls
1997,202,Pilankar Sunandatai Sadanand,Hand,F,3558,L,0,data/maharashtra/mumbai/BMC 1997.xls
1997,202,Bandagar Sarswati Abasaheb,Umbrella,F,3819,L,0,data/maharashtra/mumbai/BMC 1997.xls
1997,202,Yadav Chandrakala Shivdhari,Bicycle,F,1466,L,0,data/maharashtra/mumbai/BMC 1997.xls
1997,203,Gade Dilip Uttam,Clock,M,172,L,0,data/maharashtra/mumbai/BMC 1997.xls
1997,203,Gyakwad Hanmant Hariba,Star,M,714,L,0,data/maharashtra/mumbai/BMC 1997.xls
1997,203,Tabaro Siril Grogori,Umbrella,M,1620,L,0,data/maharashtra/mumbai/BMC 1997.xls
1997,203,Iayyar Chandrakala Rayyappa,Gas Stove,F,21,L,0,data/maharashtra/mumbai/BMC 1997.xls
1997,203,Padri Tipanna Ningappa,Two Leaves,M,134,L,0,data/maharashtra/mumbai/BMC 1997.xls
1997,203,Panday Saroj Amreshchandra,Chair,F,36,L,0,data/maharashtra/mumbai/BMC 1997.xls
1997,203,Banasode Subhash Laxman,Rising Sun,M,2122,L,0,data/maharashtra/mumbai/BMC 1997.xls
1997,203,Babiskar Atmaram Shankar,Aeroplane,M,21,L,0,data/maharashtra/mumbai/BMC 1997.xls
1997,203,Bhoir Laxman Balu,Cultivator Winnowing Grain,M,190,L,0,data/maharashtra/mumbai/BMC 1997.xls
1997,203,Mishra Suryamani Ramdasharath,Jeep,M,64,L,0,data/maharashtra/mumbai/BMC 1997.xls
1997,203,Mulla Wazir Chand,Hand,M,1263,L,0,data/maharashtra/mumbai/BMC 1997.xls
1997,203,Reghe Shiprasad Kamalakar,Hammer Sickle & Star,M,1000,L,0,data/maharashtra/mumbai/BMC 1997.xls
1997,203,Vargis Bebi Kochukunj,Railway Engine,M,84,L,0,data/maharashtra/mumbai/BMC 1997.xls
1997,203,Sharma Chandan Chintaranjan,Ladder,M,7184,W,0,data/maharashtra/mumbai/BMC 1997.xls
1997,203,Shrike Uday Mahadev,Bow & Arrow,M,3905,L,0,data/maharashtra/mumbai/BMC 1997.xls
1997,203,Salunke Gyaneshwar Dhondu,Trumpet,M,23,L,0,data/maharashtra/mumbai/BMC 1997.xls
1997,203,Singh Ramajiyawan Paldhari,Plough,M,61,L,0,data/maharashtra/mumbai/BMC 1997.xls
1997,203,Singh Shailendra Kumar Raviprakash,Bicycle,M,96,L,0,data/maharashtra/mumbai/BMC 1997.xls
1997,203,Saidane Mahendra Jayram,State,M,96,L,0,data/maharashtra/mumbai/BMC 1997.xls
1997,203,Haladankar Prabhakar Jagannath,Two Swords & A Shield,M,315,L,0,data/maharashtra/mumbai/BMC 1997.xls
1997,204,Patil Ashok Dharmaraj,Two Swords & A Shield,M,4455,L,0,data/maharashtra/mumbai/BMC 1997.xls
1997,204,Patil Kamalakar Dinanath,Hand,M,6406,W,0,data/maharashtra/mumbai/BMC 1997.xls
1997,204,Patil Baburao Harishchandra,Bow & Arrow,M,5448,L,0,data/maharashtra/mumbai/BMC 1997.xls
1997,204,Bharati Shrirang Nathu,Car,M,21,L,0,data/maharashtra/mumbai/BMC 1997.xls
1997,204,Mali Laxman Ramchandra,Coconut Tree Bearing Fruits,M,311,L,0,data/maharashtra/mumbai/BMC 1997.xls
1997,204,Yadav Nagina Phulchand,Bicycle,M,2007,L,0,data/maharashtra/mumbai/BMC 1997.xls
1997,204,Yadav Tribhuvan Kedar,Umbrella,M,27,L,0,data/maharashtra/mumbai/BMC 1997.xls
1997,204,Shinde Arjun Bhiva,Rising Sun,M,1136,L,0,data/maharashtra/mumbai/BMC 1997.xls
1997,204,Suryawanshi Laxman Hariba,Conch,M,134,L,0,data/maharashtra/mumbai/BMC 1997.xls
1997,205,Kanagutakar Yandana Padmakar,Clock,F,2007,L,0,data/maharashtra/mumbai/BMC 1997.xls
1997,205,Gujarathi Manisha Manohar,Conch,F,1714,L,0,data/maharashtra/mumbai/BMC 1997.xls
1997,205,Gondabe Surekha Anand,Bow & Arrow,F,5158,W,0,data/maharashtra/mumbai/BMC 1997.xls
1997,205,Patil Sangita Duttaram,Rising Sun,F,1714,L,0,data/maharashtra/mumbai/BMC 1997.xls
1997,205,Padasangi Sangita Gurappa,Hand,F,3848,L,0,data/maharashtra/mumbai/BMC 1997.xls
1997,205,Sahu Bhanumati Prakashchandra,Two Swords & A Shield,F,664,L,0,data/maharashtra/mumbai/BMC 1997.xls
1997,205,Siddhiki Yadrunisa Sadatali,Bicycle,F,3725,L,0,data/maharashtra/mumbai/BMC 1997.xls
1997,206,Aagaskar Vilas Mahadev,Railway Engine,M,30,L,0,data/maharashtra/mumbai/BMC 1997.xls
1997,206,Kadam Mangesh Bhaskar,Clock,M,21,L,0,data/maharashtra/mumbai/BMC 1997.xls
1997,206,Jadhav Jayprakash Sahadev,Ship,M,131,L,0,data/maharashtra/mumbai/BMC 1997.xls
1997,206,Jadhav Pravin Manohar,Aeroplane,M,18,L,0,data/maharashtra/mumbai/BMC 1997.xls
1997,206,Jain Sureshkumar Nanalal,Jeep,M,222,L,0,data/maharashtra/mumbai/BMC 1997.xls
1997,206,Talwar Sandip Somanath,Conch,M,1067,W,0,data/maharashtra/mumbai/BMC 1997.xls
1997,206,Torane Sunil Tukaram,Boy & Girl,M,319,L,0,data/maharashtra/mumbai/BMC 1997.xls
1997,206,Dalawi Duttaram Babi,Bow & Arrow,M,8673,L,0,data/maharashtra/mumbai/BMC 1997.xls
1997,206,Naik Sadanand Laxman,Bell,M,254,L,0,data/maharashtra/mumbai/BMC 1997.xls
1997,206,Nikam Nitin Prabhakar,Telephone,M,48,L,0,data/maharashtra/mumbai/BMC 1997.xls
1997,206,Bhirabyane Gautam Baburao,Ladder,M,65,L,0,data/maharashtra/mumbai/BMC 1997.xls
1997,206,Bhirabyane Chandrakant Bhimrao,Hand,M,4310,L,0,data/maharashtra/mumbai/BMC 1997.xls
1997,206,Patade Madhusadan Ladoba,Television,M,1701,L,0,data/maharashtra/mumbai/BMC 1997.xls
1997,206,Palkar Ramchandra Pandurang,Coconut Tree Bearing Fruits,M,23,L,0,data/maharashtra/mumbai/BMC 1997.xls
1997,206,Pedanekar Raghunath Ramchandra,Drum,M,111,L,0,data/maharashtra/mumbai/BMC 1997.xls
1997,206,Panchal Vasant Somachandra,Kite,M,151,L,0,data/maharashtra/mumbai/BMC 1997.xls
1997,206,Bhori Sukata Prakash,Two Leaves,F,155,L,0,data/maharashtra/mumbai/BMC 1997.xls
1997,206,Bhandare Kishor Namadev,Trumpet,M,27,L,0,data/maharashtra/mumbai/BMC 1997.xls
1997,206,Makasare Ratnakar Shantawan,Two Swords & A Shield,M,105,L,0,data/maharashtra/mumbai/BMC 1997.xls
1997,206,Keshram Jaykumar Ram,Plough,M,56,L,0,data/maharashtra/mumbai/BMC 1997.xls
1997,206,Yadav Pravinkumar Khshaba,Sewing Machine,M,9,L,0,data/maharashtra/mumbai/BMC 1997.xls
1997,206,Rane Sanjay Bhaurao,Umbrella,M,198,L,0,data/maharashtra/mumbai/BMC 1997.xls
1997,206,Ramraje Prabhakar Muralidhar,Car,M,8,L,0,data/maharashtra/mumbai/BMC 1997.xls
1997,206,Ronald Albart Viliyams,Bicycle,M,498,L,0,data/maharashtra/mumbai/BMC 1997.xls
1997,206,Laghade Ashok Vitthalrao,Rising Sun,M,919,L,0,data/maharashtra/mumbai/BMC 1997.xls
1997,206,Langekar Vijay Sadashiv,Chair,M,170,L,0,data/maharashtra/mumbai/BMC 1997.xls
1997,206,Yakul Mahendra Sitaram,Star,M,352,L,0,data/maharashtra/mumbai/BMC 1997.xls
1997,206,Shinde Samir Rajaram,Lock & Key,M,93,L,0,data/maharashtra/mumbai/BMC 1997.xls
1997,207,Ovhal Vimal Vasant,Star,F,64,L,0,data/maharashtra/mumbai/BMC 1997.xls
1997,207,Karve Padma Sunkappa,Two Leaves,F,264,L,0,data/maharashtra/mumbai/BMC 1997.xls
1997,207,Chindarkar Suchita Latu,Bow & Arrow,F,4321,W,0,data/maharashtra/mumbai/BMC 1997.xls
1997,207,Chouhan Shalini Lalsingh,Rising Sun,F,2540,L,0,data/maharashtra/mumbai/BMC 1997.xls
1997,207,Nirabhawane Surekha Sukhadev,Two Swords & A Shield,F,79,L,0,data/maharashtra/mumbai/BMC 1997.xls
1997,207,Wachav Pramila Sakharam,Hand,F,3840,L,0,data/maharashtra/mumbai/BMC 1997.xls
1997,207,Sonawane Shila Dhaku,Car,F,92,L,0,data/maharashtra/mumbai/BMC 1997.xls
1997,207,Sorate Sharada Ramchandra,Boy & Girl,F,106,L,0,data/maharashtra/mumbai/BMC 1997.xls
1997,208,Anchal Asha Vasant,Conch,F,10,L,0,data/maharashtra/mumbai/BMC 1997.xls
1997,208,Karanje Suwarna Laxman,Bow & Arrow,F,6160,W,0,data/maharashtra/mumbai/BMC 1997.xls
1997,208,Kamat Manini Narayan,Spectacles,F,1080,L,0,data/maharashtra/mumbai/BMC 1997.xls
1997,208,Kaware Changuna Rawani,Aeroplane,F,978,L,0,data/maharashtra/mumbai/BMC 1997.xls
1997,208,Kini Bharati Devadas,Star,F,1154,L,0,data/maharashtra/mumbai/BMC 1997.xls
1997,208,Keni Snehalat Chandrakant,Bat,F,543,L,0,data/maharashtra/mumbai/BMC 1997.xls
1997,208,Todankar Poonam Vijay,Two Swords & A Shield,F,5652,L,0,data/maharashtra/mumbai/BMC 1997.xls
1997,208,Dandge Gita Chandu,Rising Sun,F,538,L,0,data/maharashtra/mumbai/BMC 1997.xls
1997,208,Dandekar Anita Ashok,Telephone,F,641,L,0,data/maharashtra/mumbai/BMC 1997.xls
1997,208,Paradeshi Shobha Jagadish,Ceiling Fan,F,177,L,0,data/maharashtra/mumbai/BMC 1997.xls
1997,208,Managekar Siddhi Gopalkrushna,Clock,F,2352,L,0,data/maharashtra/mumbai/BMC 1997.xls
1997,208,More Sunanda Vijay,Jeep,F,25,L,0,data/maharashtra/mumbai/BMC 1997.xls
1997,208,Sawant Sunanda Kishor,Umbrella,F,279,L,0,data/maharashtra/mumbai/BMC 1997.xls
1997,208,Surve Milan Shantaram,Hand,F,3667,L,0,data/maharashtra/mumbai/BMC 1997.xls
1997,209,Aapte Vijay Narayan,Star,F,259,L,0,data/maharashtra/mumbai/BMC 1997.xls
1997,209,Oswal Pushpa Narendra,Hand,F,1782,L,0,data/maharashtra/mumbai/BMC 1997.xls
1997,209,Gavai Durgabai Baburao,Candles,F,31,L,0,data/maharashtra/mumbai/BMC 1997.xls
1997,209,Tikam Suhasini Wasudev,Clock,F,1528,L,0,data/maharashtra/mumbai/BMC 1997.xls
1997,209,Demolo Dorty Charli,Coconut Tree Bearing Fruits,F,153,L,0,data/maharashtra/mumbai/BMC 1997.xls
1997,209,Nandi Bhawana Tilak,Rising Sun,F,421,L,0,data/maharashtra/mumbai/BMC 1997.xls
1997,209,Parab Suhasini Govind,Bow & Arrow,F,1865,W,0,data/maharashtra/mumbai/BMC 1997.xls
1997,209,Shinde Jayshri Maruti,Two Swords & A Shield,F,1829,L,0,data/maharashtra/mumbai/BMC 1997.xls
1997,210,Kegwal Sulochana Kansarsingh,Axe,F,125,L,0,data/maharashtra/mumbai/BMC 1997.xls
1997,210,Chouhan Anita Prakash,Lotus,F,6746,L,0,data/maharashtra/mumbai/BMC 1997.xls
1997,210,Chouhan Sulochana Parashuram,Conch,F,22,L,0,data/maharashtra/mumbai/BMC 1997.xls
1997,210,Jangam Sushila Bhawan,Chakra (Wheel),F,245,L,0,data/maharashtra/mumbai/BMC 1997.xls
1997,210,Naik Medha Vasant,Slate,F,137,L,0,data/maharashtra/mumbai/BMC 1997.xls
1997,210,Nilakanthal Suprabha B.,Two Swords & A Shield,F,337,L,0,data/maharashtra/mumbai/BMC 1997.xls
1997,210,Patil Manorama Dinanath,Hand,F,8712,L,0,data/maharashtra/mumbai/BMC 1997.xls
1997,210,Pandey Pramila Akaleshkumar,Bicycle,F,1505,L,0,data/maharashtra/mumbai/BMC 1997.xls
1997,210,Wagh Asha Siddharth,Rising Sun,F,930,L,0,data/maharashtra/mumbai/BMC 1997.xls
1997,210,Singh Paru Ramapat,Cultivator Winnowing Grain,F,21,L,0,data/maharashtra/mumbai/BMC 1997.xls
1997,211,Thapa Romla Shimbaddur,Clock,F,1902,L,0,data/maharashtra/mumbai/BMC 1997.xls
1997,211,Bhonde Anita Avadhut,Two Swords & A Shield,F,4627,L,0,data/maharashtra/mumbai/BMC 1997.xls
1997,211,Yadav Sulbha Shripat,Bow & Arrow,F,6272,W,0,data/maharashtra/mumbai/BMC 1997.xls
1997,211,Vaidh Sadhana Ramdara,Hammer Sickle & Star,F,2375,L,0,data/maharashtra/mumbai/BMC 1997.xls
1997,211,Shirke Sulochana Bhikaji,Hand,F,3832,L,0,data/maharashtra/mumbai/BMC 1997.xls
1997,212,Gayakavad Narayan Ram,Plough,M,422,L,0,data/maharashtra/mumbai/BMC 1997.xls
1997,212,Chavhan Dattatray Shankar,Chakra (Wheel),M,102,L,0,data/maharashtra/mumbai/BMC 1997.xls
1997,212,Chavhan Manohar Dhondu,Coconut Tree Bearing Fruits,M,2024,L,0,data/maharashtra/mumbai/BMC 1997.xls
1997,212,Chavariya Sonat Prahladsingh,Conch,M,23,L,0,data/maharashtra/mumbai/BMC 1997.xls
1997,212,Zhampal Tukaram Narsayya,Hurricane Lamp,M,7,L,0,data/maharashtra/mumbai/BMC 1997.xls
1997,212,Tulaskar Pritam Gangaram,Two Swords & A Shield,M,332,L,0,data/maharashtra/mumbai/BMC 1997.xls
1997,212,Tripathi Shailendrakumar Swaminath,Umbrella,M,141,L,0,data/maharashtra/mumbai/BMC 1997.xls
1997,212,Thorat Balasaheb Rajaram,Hand,M,1661,L,0,data/maharashtra/mumbai/BMC 1997.xls
1997,212,Deshmukh Bhara Baburav,Telephone,M,17,L,0,data/maharashtra/mumbai/BMC 1997.xls
1997,212,Nandi Deviprasad Sukumar,Rising Sun,M,223,L,0,data/maharashtra/mumbai/BMC 1997.xls
1997,212,Patil Tukaram Tatoba,Bicycle,M,210,L,0,data/maharashtra/mumbai/BMC 1997.xls
1997,212,Patil Nikesh Jayavant,Clock,M,1090,L,0,data/maharashtra/mumbai/BMC 1997.xls
1997,212,Bhosale Gajanan Ramchandra,Jeep,M,1076,L,0,data/maharashtra/mumbai/BMC 1997.xls
1997,212,Yadav Rajkumar Ramaji,Apple,M,38,L,0,data/maharashtra/mumbai/BMC 1997.xls
1997,212,Badekar Baban Rajaram,Star,M,42,L,0,data/maharashtra/mumbai/BMC 1997.xls
1997,212,Shukla Rakesh Prakashnath,Sewing Marchine,M,9,L,0,data/maharashtra/mumbai/BMC 1997.xls
1997,212,Shrayane Santosh Harishchandra,Gas Cyclinder,M,127,L,0,data/maharashtra/mumbai/BMC 1997.xls
1997,212,Sardar Tarasingh S. Nandrajog,Lotus,M,11054,W,0,data/maharashtra/mumbai/BMC 1997.xls
1997,212,Savant Yashvant Hari,Ship,M,23,L,0,data/maharashtra/mumbai/BMC 1997.xls
1997,212,Sauda Omprakash Munshilal,Aeroplane,M,143,L,0,data/maharashtra/mumbai/BMC 1997.xls
1997,212,Singh Ramji Dayashankar,Lock & Key,M,149,L,0,data/maharashtra/mumbai/BMC 1997.xls
1997,213,Ambre Archana Prabhakar,Clock,F,148,L,0,data/maharashtra/mumbai/BMC 1997.xls
1997,213,Ishwarchand Kamal Manohar,Chakra (Wheel),F,66,L,0,data/maharashtra/mumbai/BMC 1997.xls
1997,213,Kamble Aruna Daniyal,Star,F,463,L,0,data/maharashtra/mumbai/BMC 1997.xls
1997,213,Kushal Nirmal Kaur T.,Chair,F,42,L,0,data/maharashtra/mumbai/BMC 1997.xls
1997,213,Gayakavad Jamna Bapu,Bicycle,F,100,L,0,data/maharashtra/mumbai/BMC 1997.xls
1997,213,Gavade Pramila Vilas,Electrie Bulb,F,68,L,0,data/maharashtra/mumbai/BMC 1997.xls
1997,213,Chavhan Sudha Anna,Ceiling Fan,F,832,L,0,data/maharashtra/mumbai/BMC 1997.xls
1997,213,Thapa Romla Khimbadur,Lock & Key,F,1746,L,0,data/maharashtra/mumbai/BMC 1997.xls
1997,213,Mali Draupadi Dattaram,Umbrella,F,133,L,0,data/maharashtra/mumbai/BMC 1997.xls
1997,213,Vagh Archana Ashok,Rising Sun,F,450,L,0,data/maharashtra/mumbai/BMC 1997.xls
1997,213,Shaha Rasilaben Vinod,Two Swords & A Shield,F,608,L,0,data/maharashtra/mumbai/BMC 1997.xls
1997,213,Shinde Suchita Suresh,Bow & Arrow,F,5142,W,0,data/maharashtra/mumbai/BMC 1997.xls
1997,213,Savant Archana Arvind,Hand,F,3759,L,0,data/maharashtra/mumbai/BMC 1997.xls
1997,214,Amane Suryakant Shankar,Rising Sun,M,887,L,0,data/maharashtra/mumbai/BMC 1997.xls
1997,214,Koparkar Suresh Harishchandra,Hand,M,9711,W,0,data/maharashtra/mumbai/BMC 1997.xls
1997,214,Nerkar Ambadas Namdev,Hammer Sickle & Star,M,2544,L,0,data/maharashtra/mumbai/BMC 1997.xls
1997,214,Pal Sitaram Nukhai,Bicycle,M,1200,L,0,data/maharashtra/mumbai/BMC 1997.xls
1997,214,Pardeshi Satish Javahar,Two Swords & A Shield,M,351,L,0,data/maharashtra/mumbai/BMC 1997.xls
1997,214,Pashte Harishchandra,Bow & Arrow,M,5413,L,0,data/maharashtra/mumbai/BMC 1997.xls
1997,214,Mhatre Suresh Atmaram,Two Leaves,M,53,L,0,data/maharashtra/mumbai/BMC 1997.xls
1997,214,Yadav Nagina Fulchand,Clock,M,65,L,0,data/maharashtra/mumbai/BMC 1997.xls
1997,214,Yadav Brijesh Ramcharan,Ceiling Fan,M,363,L,0,data/maharashtra/mumbai/BMC 1997.xls
1997,214,Sagavekar Santosh Parshuram,Boat,M,563,L,0,data/maharashtra/mumbai/BMC 1997.xls
1997,214,Surve Gajanan Raghunath,Coconut Tree Bearing Fruits,M,1427,L,0,data/maharashtra/mumbai/BMC 1997.xls
1997,215,Annadurai Angumuttu Harjan,Aeroplane,M,1,L,0,data/maharashtra/mumbai/BMC 1997.xls
1997,215,Atmaramani Pitampar Khemchand,Telephone,M,19,L,0,data/maharashtra/mumbai/BMC 1997.xls
1997,215,Ad. Aher Prakash Kachru,Ladder,M,12,L,0,data/maharashtra/mumbai/BMC 1997.xls
1997,215,Ozha Ramji Ramashray Shivnarayan,Chair,M,22,L,0,data/maharashtra/mumbai/BMC 1997.xls
1997,215,Kharat Jayprakash Chintaman,Spectacles,M,394,L,0,data/maharashtra/mumbai/BMC 1997.xls
1997,215,Khobragade Anusaya Punraj,Two Swords & a Shield,F,90,L,0,data/maharashtra/mumbai/BMC 1997.xls
1997,215,Gothe Vasant Pandurang,Boy & Girl,M,28,L,0,data/maharashtra/mumbai/BMC 1997.xls
1997,215,Chaskar Prakash Suryakant,Plough,M,37,L,0,data/maharashtra/mumbai/BMC 1997.xls
1997,215,Jadhav Sanjay Ganpat,Railway Engine,M,11,L,0,data/maharashtra/mumbai/BMC 1997.xls
1997,215,Zha Harshnarayan Gulab,Bat,M,430,L,0,data/maharashtra/mumbai/BMC 1997.xls
1997,215,Tiwari Samashankar Shivmurat,Chakra (Wheel),M,363,L,0,data/maharashtra/mumbai/BMC 1997.xls
1997,215,Deshpande Sanjay Savaji,Clock,M,22,L,0,data/maharashtra/mumbai/BMC 1997.xls
1997,215,Dhanavade Chandu Punjaji,Ship,M,250,L,0,data/maharashtra/mumbai/BMC 1997.xls
1997,215,Dhamapurkar Vasanbala Suresh,Conch,F,27,L,0,data/maharashtra/mumbai/BMC 1997.xls
1997,215,Nagarjan P.S.,Lotus,M,6157,L,0,data/maharashtra/mumbai/BMC 1997.xls
1997,215,Patil Raghunath Ramchandra,Kite,M,60,L,0,data/maharashtra/mumbai/BMC 1997.xls
1997,215,Bhandari Ashok Shivanna,Star,M,382,L,0,data/maharashtra/mumbai/BMC 1997.xls
1997,215,Mishra Kushavahakant Mahavirprasad,Hurricane Lamp,M,11,L,0,data/maharashtra/mumbai/BMC 1997.xls
1997,215,Yadav Suresh Harishchandra,Jeep,M,182,L,0,data/maharashtra/mumbai/BMC 1997.xls
1997,215,Randhva Jogindarsingh Chandansingh,Rising Sun,M,3088,L,0,data/maharashtra/mumbai/BMC 1997.xls
1997,215,Vaidh Nitin Mohan,Bell,M,543,L,0,data/maharashtra/mumbai/BMC 1997.xls
1997,215,Sharma RaghunathTarachandra,Umbrella,M,26,L,0,data/maharashtra/mumbai/BMC 1997.xls
1997,215,Savale Lakshman Bhikaji,Pressure Cooker,M,110,L,0,data/maharashtra/mumbai/BMC 1997.xls
1997,215,Singh Mahendrapratap,Bicycle,M,939,L,0,data/maharashtra/mumbai/BMC 1997.xls
1997,215,Singh Rajendra Ravat,Top,M,37,L,0,data/maharashtra/mumbai/BMC 1997.xls
1997,215,Singh Ramcharitra Rambhajan,Hand,M,6770,W,0,data/maharashtra/mumbai/BMC 1997.xls
1997,215,Singh Sahadev Shambu,Flaming Torch,M,54,L,0,data/maharashtra/mumbai/BMC 1997.xls
1997,215,Sonavane Rajesh Dodha,Basket containing vegetables,M,31,L,0,data/maharashtra/mumbai/BMC 1997.xls
1997,216,Gonge Dhonduram Sheprav,Coconut Tree Bearing Fruits,M,501,L,0,data/maharashtra/mumbai/BMC 1997.xls
1997,216,Patil Suresh Barku,Louts,M,4416,L,0,data/maharashtra/mumbai/BMC 1997.xls
1997,216,Pal Ramdular Munnar,Chakra (Wheel),M,498,L,0,data/maharashtra/mumbai/BMC 1997.xls
1997,216,Mirekar Parshuram Gangaram,Hand,M,4937,W,0,data/maharashtra/mumbai/BMC 1997.xls
1997,217,Agarval Ramesh Lakhapatray,Hand,M,3492,L,0,data/maharashtra/mumbai/BMC 1997.xls
1997,217,Kadam Lalita Suresh,Spade,F,109,L,0,data/maharashtra/mumbai/BMC 1997.xls
1997,217,Karandikar Ravindra,Flaming Torch,M,37,L,0,data/maharashtra/mumbai/BMC 1997.xls
1997,217,Karara Dattaram Vishwanath,Hurricane Lamp,M,123,L,0,data/maharashtra/mumbai/BMC 1997.xls
1997,217,Koilapillai Antoni Raj,Apple,M,240,L,0,data/maharashtra/mumbai/BMC 1997.xls
1997,217,Kode Dagdu Gauru,Jeep,M,1770,L,0,data/maharashtra/mumbai/BMC 1997.xls
1997,217,Gupta Bhagavandas Dharmu,Umbrella,M,28,L,0,data/maharashtra/mumbai/BMC 1997.xls
1997,217,Godambe Ratan Praful,Pressure Cooker,M,77,L,0,data/maharashtra/mumbai/BMC 1997.xls
1997,217,Chandrani Chetan Shantilal,Telephone,M,1192,L,0,data/maharashtra/mumbai/BMC 1997.xls
1997,217,Jadhav Narayan Shankar,Kite,M,4,L,0,data/maharashtra/mumbai/BMC 1997.xls
1997,217,Joshi Chandrakant Amrutlal,Ladder,M,23,L,0,data/maharashtra/mumbai/BMC 1997.xls
1997,217,Joshi Prashant Narendra,Chakra (Wheel),M,165,L,0,data/maharashtra/mumbai/BMC 1997.xls
1997,217,Thakkar Pratap Mangalji,Lotus,M,5408,W,0,data/maharashtra/mumbai/BMC 1997.xls
1997,217,Thakkar Yogesh Manubhai,Coconut Tree Bearing Fruits,M,1937,L,0,data/maharashtra/mumbai/BMC 1997.xls
1997,217,Domonti Domanik,Candles,M,180,L,0,data/maharashtra/mumbai/BMC 1997.xls
1997,217,Dhage Tukaram Ganpat,Chair,M,20,L,0,data/maharashtra/mumbai/BMC 1997.xls
1997,217,Tiwari Arvind B.,Aeroplane,M,69,L,0,data/maharashtra/mumbai/BMC 1997.xls
1997,217,Nalavade Balkrushna Baburav,Gas Cylinder,M,248,L,0,data/maharashtra/mumbai/BMC 1997.xls
1997,217,Patil Ganesh Barku,Plough,M,204,L,0,data/maharashtra/mumbai/BMC 1997.xls
1997,217,Bapat Hemant Arun,Clock,M,8,L,0,data/maharashtra/mumbai/BMC 1997.xls
1997,217,Bhise Chandrakant Vamanrav,Drum,M,201,L,0,data/maharashtra/mumbai/BMC 1997.xls
1997,217,Mali Sanjay Jagannath,Basket containing vegetables,M,153,L,0,data/maharashtra/mumbai/BMC 1997.xls
1997,217,Rajendran P.S.,Haldhar within wheel (Chakra Haldhar),M,185,L,0,data/maharashtra/mumbai/BMC 1997.xls
1997,217,Venugopal Govind,Bicycle,M,156,L,0,data/maharashtra/mumbai/BMC 1997.xls
1997,217,Vaidh Raghunath Gopinath,Cultivator winnowing grain,M,193,L,0,data/maharashtra/mumbai/BMC 1997.xls
1997,217,Shetty Prabhakar S.,Conch,M,171,L,0,data/maharashtra/mumbai/BMC 1997.xls
1997,217,Sayyad Anvar Dadabhai,Telvision,M,140,L,0,data/maharashtra/mumbai/BMC 1997.xls
1997,217,Savale Ramdas Shripat,Rising Sun,M,91,L,0,data/maharashtra/mumbai/BMC 1997.xls
1997,217,Sonavane Ramdas Shhripat,Two Swords & a Shipeld,M,733,L,0,data/maharashtra/mumbai/BMC 1997.xls
1997,217,Sonaavane Vijay Vithal,Star,M,14,L,0,data/maharashtra/mumbai/BMC 1997.xls
1997,218,Khedakar Murlidhar Narayan,Star,M,27,L,0,data/maharashtra/mumbai/BMC 1997.xls
1997,218,Jagatap Haribhu Revji,Rising Sun,M,75,L,0,data/maharashtra/mumbai/BMC 1997.xls
1997,218,Dighe Ramesh Balkrushna,Two Swords & a Shield,M,67,L,0,data/maharashtra/mumbai/BMC 1997.xls
1997,218,Mhatre Madhukar Shankar,Hand,M,4722,L,0,data/maharashtra/mumbai/BMC 1997.xls
1997,218,Shingare Narayan Appa,Car,M,217,L,0,data/maharashtra/mumbai/BMC 1997.xls
1997,218,Shinde Prabhakar Tukaram,Bow & Arrow,M,4190,W,0,data/maharashtra/mumbai/BMC 1997.xls
1997,218,Shetty Jayaraj Nagathya,Chakra (Wheel),M,142,L,0,data/maharashtra/mumbai/BMC 1997.xls
1997,218,Samant Ravindra Vasudev,Two Leaves,M,3313,L,0,data/maharashtra/mumbai/BMC 1997.xls
1997,219,Thakur Rekha Arun,Umbrella,F,2736,L,0,data/maharashtra/mumbai/BMC 1997.xls
1997,219,Patil Pushpalata Pandurang,Hand,F,4284,L,0,data/maharashtra/mumbai/BMC 1997.xls
1997,219,Vaiti Vasshala Vasant,Bow & Arrow,F,9956,L,0,data/maharashtra/mumbai/BMC 1997.xls
1997,220,Chotliya Kantaben Jivraj,Chakra (Wheel),F,369,L,0,data/maharashtra/mumbai/BMC 1997.xls
1997,220,Chandanshive Kamal Lakshman,Umbrella,F,289,L,0,data/maharashtra/mumbai/BMC 1997.xls
1997,220,Jobanputra Jyoti Jitendra,Lotus,F,4739,L,0,data/maharashtra/mumbai/BMC 1997.xls
1997,220,Tanna Veena Jagajivan,Hurricane Lamp,F,613,L,0,data/maharashtra/mumbai/BMC 1997.xls
1997,220,Trivedi Kamalaben Gaurighankar,Hand,F,2188,L,0,data/maharashtra/mumbai/BMC 1997.xls
1997,220,Devkar Kalpana Madan,Bicycle,F,159,L,0,data/maharashtra/mumbai/BMC 1997.xls
1997,220,Makvana Valiben Raghav,Rising Sun,F,5566,W,0,data/maharashtra/mumbai/BMC 1997.xls
1997,220,Rathod Jayaben Hiralal,Railway Engine,F,88,L,0,data/maharashtra/mumbai/BMC 1997.xls
1997,220,Roy Manujla Pramod,Plough,F,73,L,0,data/maharashtra/mumbai/BMC 1997.xls
1997,220,Singh Rati Rajendrasingh,Sewing Machine,F,128,L,0,data/maharashtra/mumbai/BMC 1997.xls
1997,221,Unhavane Rajendra Premanand,Two Swords & a Shield,M,51,L,0,data/maharashtra/mumbai/BMC 1997.xls
1997,221,Kadam Dilip Bajirao,Umbrella,M,315,L,0,data/maharashtra/mumbai/BMC 1997.xls
1997,221,Kuchekar Ashok Shivram,Star,M,133,L,0,data/maharashtra/mumbai/BMC 1997.xls
1997,221,Kothari Shivdas Meghaji,Table Lamp,M,881,L,0,data/maharashtra/mumbai/BMC 1997.xls
1997,221,Gharat Dilip Govind,Jeep,M,156,L,0,data/maharashtra/mumbai/BMC 1997.xls
1997,221,Chaudhari Arun Krishna,Telephone,M,149,L,0,data/maharashtra/mumbai/BMC 1997.xls
1997,221,Thakkar Ashok Manilal,Candles,M,62,L,0,data/maharashtra/mumbai/BMC 1997.xls
1997,221,Tiwari Balkrishna Ram Narayan,Hand,M,4103,W,0,data/maharashtra/mumbai/BMC 1997.xls
1997,221,Fale Vijay Narayan,Rising Sun,M,330,L,0,data/maharashtra/mumbai/BMC 1997.xls
1997,221,Bhosale Devanand Vasant,Coconut Tree Bearing Fruits,M,538,L,0,data/maharashtra/mumbai/BMC 1997.xls
1997,221,Lad Vijay Waman,Aeroplane,M,26,L,0,data/maharashtra/mumbai/BMC 1997.xls
1997,221,Shetty Prabhakar M.,Conch,M,715,L,0,data/maharashtra/mumbai/BMC 1997.xls
1997,221,Sheth Raju Sudam,Hurricame Lamp,M,115,L,0,data/maharashtra/mumbai/BMC 1997.xls
1997,221,Salvi Dilip Sadanand,Bow & Arrow,M,2884,L,0,data/maharashtra/mumbai/BMC 1997.xls
1997,221,Singh Babulal Ramkripal,Chakra (Wheel),M,696,L,0,data/maharashtra/mumbai/BMC 1997.xls
1997,221,Suryavanshi Ashok Yashwant,Two leaves,M,221,L,0,data/maharashtra/mumbai/BMC 1997.xls
