year,ward_no,candidate,party,party_local,votes,rank,source_path
2017,1,TEJASVEE ABHISHEK GHOSALKAR,SS,Shivsena,4913,1,data/maharashtra/mumbai/mumbai_2017.csv
2017,1,REKHA RAMPRAKASH YADAV,IND,Independent,3089,2,data/maharashtra/mumbai/mumbai_2017.csv
2017,1,Sheetal Ashok Mhatre,INC,Indian National Congress,2719,3,data/maharashtra/mumbai/mumbai_2017.csv
2017,1,Suchi Dinbandhu Yadav,BJP,Bhartiya Janata Party,2584,4,data/maharashtra/mumbai/mumbai_2017.csv
2017,1,KIRAN RAMPRATAP CHAUDHARY,IND,Independent,283,5,data/maharashtra/mumbai/mumbai_2017.csv
2017,1,jyoti baban wadekar,MNS,Maharashtra Navnirman Sena,179,6,data/maharashtra/mumbai/mumbai_2017.csv
2017,1,LAXMI SHANKAR KUNCHIKORVE,BSP,Bahujan Samaj Party,130,7,data/maharashtra/mumbai/mumbai_2017.csv
2017,1,NISHA CHANDRAKANT MISHRA,IND,Independent,127,8,data/maharashtra/mumbai/mumbai_2017.csv
2017,1,KAMRUNISHA ABDUL QUREISHI,SP,Samajwadi Party,101,9,data/maharashtra/mumbai/mumbai_2017.csv
2017,1,Sangeeta Raviraj Salve,IND,Independent,84,10,data/maharashtra/mumbai/mumbai_2017.csv
2017,1,saritadevi vijay pandey,NCP,Nationalist Congress Party,29,11,data/maharashtra/mumbai/mumbai_2017.csv
2017,1,NOTA,,,207,,data/maharashtra/mumbai/mumbai_2017.csv
2017,2,JAGDISH KARUNASHANKAR OZA,BJP,Bhartiya Janata Party,10719,1,data/maharashtra/mumbai/mumbai_2017.csv
2017,2,BHALCHANDRA CHINTAMAN MHATRE,SS,Shivsena,7924,2,data/maharashtra/mumbai/mumbai_2017.csv
2017,2,JAGMOHAN KUMAWAT BHAWAR,INC,Indian National Congress,1768,3,data/maharashtra/mumbai/mumbai_2017.csv
2017,2,Shailesh Krishna Utekar,MNS,Maharashtra Navnirman Sena,814,4,data/maharashtra/mumbai/mumbai_2017.csv
2017,2,Dattaram Govind Naik,IND,Independent,164,5,data/maharashtra/mumbai/mumbai_2017.csv
2017,2,hemendra parmanand Ashar,IND,Independent,129,6,data/maharashtra/mumbai/mumbai_2017.csv
2017,2,SURENDRA VINAY TIWARI,Republican Party of India (A),Republican Party of India (A),123,7,data/maharashtra/mumbai/mumbai_2017.csv
2017,2,Girish Jagannath Sawant,NCP,Nationalist Congress Party,92,8,data/maharashtra/mumbai/mumbai_2017.csv
2017,2,somjee anugrah prasad,BSP,Bahujan Samaj Party,51,9,data/maharashtra/mumbai/mumbai_2017.csv
2017,2,mahesh chandrakant vakode,IND,Independent,30,10,data/maharashtra/mumbai/mumbai_2017.csv
2017,2,NOTA,,,349,,data/maharashtra/mumbai/mumbai_2017.csv
2017,3,BALKRISHNA JAYSING BRID,SS,Shivsena,5193,1,data/maharashtra/mumbai/mumbai_2017.csv
2017,3,ABHAYKUMAR RAJENDRAPRASAD CHAUBE,INC,Indian National Congress,4965,2,data/maharashtra/mumbai/mumbai_2017.csv
2017,3,SAGAR LAXMAN BHALEGHARE,BJP,Bhartiya Janata Party,3626,3,data/maharashtra/mumbai/mumbai_2017.csv
2017,3,RAMESH NAGU AMBORE,MNS,Maharashtra Navnirman Sena,3554,4,data/maharashtra/mumbai/mumbai_2017.csv
2017,3,CHAUTHIPRASAD SHOBHNATH GUPTA,INC,Indian National Congress,2363,5,data/maharashtra/mumbai/mumbai_2017.csv
2017,3,Suryabali Kailash Yadav,SP,Samajwadi Party,620,6,data/maharashtra/mumbai/mumbai_2017.csv
2017,3,VIKRAM DHIRUBHAI BHARWAD,Bahujan Vikas Aghadi,Bahujan Vikas Aghadi,596,7,data/maharashtra/mumbai/mumbai_2017.csv
2017,3,Sunil Rajaram Gimbal,IND,Independent,530,8,data/maharashtra/mumbai/mumbai_2017.csv
2017,3,AMARNATH KASHINATH JHA,NCP,Nationalist Congress Party,484,9,data/maharashtra/mumbai/mumbai_2017.csv
2017,3,RAJESH HARISHCHANDRA YADAV,BSP,Bahujan Samaj Party,318,10,data/maharashtra/mumbai/mumbai_2017.csv
2017,3,giridhar bhima gaikwad,Bharip Bahujan Mahasangh,Bharip Bahujan Mahasangh,203,11,data/maharashtra/mumbai/mumbai_2017.csv
2017,3,DILIP MUKINDA WAGHMARE,Communist Party Of India,Communist Party Of India,150,12,data/maharashtra/mumbai/mumbai_2017.csv
2017,3,DEEPAK SHIVAJI HANWATE,bahujan republican sociolist party,bahujan republican sociolist party,148,13,data/maharashtra/mumbai/mumbai_2017.csv
2017,3,VIKAS TUKARAM CHAVAN,Aghadi/Front,Aghadi/Front,119,14,data/maharashtra/mumbai/mumbai_2017.csv
2017,3,santosh govind thaware,IND,Independent,109,15,data/maharashtra/mumbai/mumbai_2017.csv
2017,3,SHAILESH SHANKAR AMBRE,Sambhaji Brigade,Sambhaji Brigade,104,16,data/maharashtra/mumbai/mumbai_2017.csv
2017,3,PRADEEP BALAN NAIR,INC,Indian National Congress,91,17,data/maharashtra/mumbai/mumbai_2017.csv
2017,3,nemchand bhairumal saini,IND,Independent,82,18,data/maharashtra/mumbai/mumbai_2017.csv
2017,3,Abhishek Shrikrishna Bhagwat,Sardar Vallbhbhai Patel Party,Sardar Vallbhbhai Patel Party,45,19,data/maharashtra/mumbai/mumbai_2017.csv
2017,3,sadanand prabhakar mane,IND,Independent,45,19,data/maharashtra/mumbai/mumbai_2017.csv
2017,3,CHANDRKANT NAGORAO KAMBLE,Aghadi/Front,Aghadi/Front,36,20,data/maharashtra/mumbai/mumbai_2017.csv
2017,3,NOTA,,,275,,data/maharashtra/mumbai/mumbai_2017.csv
2017,4,SUJATA UDESH PATEKAR,SS,Shivsena,11078,1,data/maharashtra/mumbai/mumbai_2017.csv
2017,4,kamla premsingh purohit,BJP,Bhartiya Janata Party,6911,2,data/maharashtra/mumbai/mumbai_2017.csv
2017,4,SIDDHIDA SUDESH MORE,MNS,Maharashtra Navnirman Sena,1414,3,data/maharashtra/mumbai/mumbai_2017.csv
2017,4,DARSHANA MILIND SAWANT,INC,Indian National Congress,1168,4,data/maharashtra/mumbai/mumbai_2017.csv
2017,4,MAMTA RAMFER SHARMA,NCP,Nationalist Congress Party,1079,5,data/maharashtra/mumbai/mumbai_2017.csv
2017,4,CHANDA MANGESH GAWADE,IND,Independent,632,6,data/maharashtra/mumbai/mumbai_2017.csv
2017,4,Shilpa gajanan Sawant,INC,Indian National Congress,183,7,data/maharashtra/mumbai/mumbai_2017.csv
2017,4,SONAL DIWAKAR GONDANE,IND,Independent,173,8,data/maharashtra/mumbai/mumbai_2017.csv
2017,4,NOTA,,,368,,data/maharashtra/mumbai/mumbai_2017.csv
2017,5,SANJAY SHANKAR GHADI,SS,Shivsena,11659,1,data/maharashtra/mumbai/mumbai_2017.csv
2017,5,Motibhai Lallubhai Desai,BJP,Bhartiya Janata Party,9638,2,data/maharashtra/mumbai/mumbai_2017.csv
2017,5,Vimol suresh Mayekar,MNS,Maharashtra Navnirman Sena,2417,3,data/maharashtra/mumbai/mumbai_2017.csv
2017,5,UMESH MOHAN SONSURKAR,INC,Indian National Congress,967,4,data/maharashtra/mumbai/mumbai_2017.csv
2017,5,NOTA,,,539,,data/maharashtra/mumbai/mumbai_2017.csv
2017,6,HARSHAD PRAKASH KARKAR,SS,Shivsena,11355,1,data/maharashtra/mumbai/mumbai_2017.csv
2017,6,Neela Kanubhai Rathod,BJP,Bhartiya Janata Party,9647,2,data/maharashtra/mumbai/mumbai_2017.csv
2017,6,SUBHASH BALIRAM NAHIRE,INC,Indian National Congress,1801,3,data/maharashtra/mumbai/mumbai_2017.csv
2017,6,VASANT SAHADEV DHONDGE,MNS,Maharashtra Navnirman Sena,530,4,data/maharashtra/mumbai/mumbai_2017.csv
2017,6,NOTA,,,429,,data/maharashtra/mumbai/mumbai_2017.csv
2017,7,Sheetal Mukesh Mhatre,SS,Shivsena,8205,1,data/maharashtra/mumbai/mumbai_2017.csv
2017,7,Yogita Nilesh Patil,BJP,Bhartiya Janata Party,7625,2,data/maharashtra/mumbai/mumbai_2017.csv
2017,7,Pooja Vivek Bhoir,MNS,Maharashtra Navnirman Sena,2068,3,data/maharashtra/mumbai/mumbai_2017.csv
2017,7,Bobby Mathew Varghese,INC,Indian National Congress,1965,4,data/maharashtra/mumbai/mumbai_2017.csv
2017,7,RAMUBAI VASANT CHAVAN,BSP,Bahujan Samaj Party,314,5,data/maharashtra/mumbai/mumbai_2017.csv
2017,7,TRUPTI PRAVIN YERUNKARMORE,NCP,Nationalist Congress Party,271,6,data/maharashtra/mumbai/mumbai_2017.csv
2017,7,NOTA,,,494,,data/maharashtra/mumbai/mumbai_2017.csv
2017,8,Harish Ravji Chheda,BJP,Bhartiya Janata Party,8534,1,data/maharashtra/mumbai/mumbai_2017.csv
2017,8,Deepa Ganesh Patil,SS,Shivsena,5644,2,data/maharashtra/mumbai/mumbai_2017.csv
2017,8,Laukik Ashok Sutrale,INC,Indian National Congress,2325,3,data/maharashtra/mumbai/mumbai_2017.csv
2017,8,Raies Imtiyaz Khan,NCP,Nationalist Congress Party,1654,4,data/maharashtra/mumbai/mumbai_2017.csv
2017,8,GANESH LAXMAN GHOSALKAR,MNS,Maharashtra Navnirman Sena,798,5,data/maharashtra/mumbai/mumbai_2017.csv
2017,8,NOTA,,,498,,data/maharashtra/mumbai/mumbai_2017.csv
2017,9,SWETA SHARAD KORGAONKAR,INC,Indian National Congress,9654,1,data/maharashtra/mumbai/mumbai_2017.csv
2017,9,MOHAN RAMCHANDRA MITHBAVKAR,BJP,Bhartiya Janata Party,7585,2,data/maharashtra/mumbai/mumbai_2017.csv
2017,9,SACHIN DAMODAR MHATRE,SS,Shivsena,7363,3,data/maharashtra/mumbai/mumbai_2017.csv
2017,9,MAHESH LAXMAN NAR,MNS,Maharashtra Navnirman Sena,1248,4,data/maharashtra/mumbai/mumbai_2017.csv
2017,9,NOTA,,,485,,data/maharashtra/mumbai/mumbai_2017.csv
2017,10,Jitendra Ambalal Patel,BJP,Bhartiya Janata Party,15585,1,data/maharashtra/mumbai/mumbai_2017.csv
2017,10,MILIND DWARKANATH MHATRE,SS,Shivsena,9362,2,data/maharashtra/mumbai/mumbai_2017.csv
2017,10,SANDEEP MADHUKAR MESTRY,INC,Indian National Congress,1745,3,data/maharashtra/mumbai/mumbai_2017.csv
2017,10,RAJESH SHRIDHAR NATE,MNS,Maharashtra Navnirman Sena,969,4,data/maharashtra/mumbai/mumbai_2017.csv
2017,10,arun dashrath belekar,IND,Independent,117,5,data/maharashtra/mumbai/mumbai_2017.csv
2017,10,NOTA,,,592,,data/maharashtra/mumbai/mumbai_2017.csv
2017,11,Riddhi Bhaskar Khursange,SS,Shivsena,13856,1,data/maharashtra/mumbai/mumbai_2017.csv
2017,11,PRAKASH YASHWANT DAREKAR,BJP,Bhartiya Janata Party,7454,2,data/maharashtra/mumbai/mumbai_2017.csv
2017,11,ASHOK MEGHAI YADAV,INC,Indian National Congress,1463,3,data/maharashtra/mumbai/mumbai_2017.csv
2017,11,Rajesh Manohar Kasar,MNS,Maharashtra Navnirman Sena,1143,4,data/maharashtra/mumbai/mumbai_2017.csv
2017,11,SHIVAJI PANDURANG CHAVAN,IND,Independent,618,5,data/maharashtra/mumbai/mumbai_2017.csv
2017,11,Krishnaji Bhaurao Rane,NCP,Nationalist Congress Party,322,6,data/maharashtra/mumbai/mumbai_2017.csv
2017,11,SUCHIT SAKHARAM MALUSHTE,IND,Independent,177,7,data/maharashtra/mumbai/mumbai_2017.csv
2017,11,Sunil Shyam Bhosle,IND,Independent,76,8,data/maharashtra/mumbai/mumbai_2017.csv
2017,11,Vijaya Sampat Jagtap,IND,Independent,40,9,data/maharashtra/mumbai/mumbai_2017.csv
2017,11,VISHWANATH GHANSHYAM TUPAT,National Black Panthar,National Black Panthar,36,10,data/maharashtra/mumbai/mumbai_2017.csv
2017,11,SUBHASH RAMESH JAISWAL,Sambhaji Brigade,Sambhaji Brigade,32,11,data/maharashtra/mumbai/mumbai_2017.csv
2017,11,NOTA,,,429,,data/maharashtra/mumbai/mumbai_2017.csv
2017,12,GEETA SANJAY SINGHAN,SS,Shivsena,9005,1,data/maharashtra/mumbai/mumbai_2017.csv
2017,12,VIKRAM SHIRISH CHOGLE,BJP,Bhartiya Janata Party,6695,2,data/maharashtra/mumbai/mumbai_2017.csv
2017,12,AMOL ARUN NAIK,IND,Independent,2356,3,data/maharashtra/mumbai/mumbai_2017.csv
2017,12,SHIVANI JATIN PAWAR,MNS,Maharashtra Navnirman Sena,1064,4,data/maharashtra/mumbai/mumbai_2017.csv
2017,12,HEMANT BHAILAL PANDEY,INC,Indian National Congress,788,5,data/maharashtra/mumbai/mumbai_2017.csv
2017,12,AJAY YASHWANT DESAI,NCP,Nationalist Congress Party,745,6,data/maharashtra/mumbai/mumbai_2017.csv
2017,12,PRAMOD PRALHAD SHINDE,IND,Independent,226,7,data/maharashtra/mumbai/mumbai_2017.csv
2017,12,PRADEEP BHANUDAS FULWARE,Aghadi/Front,Aghadi/Front,147,8,data/maharashtra/mumbai/mumbai_2017.csv
2017,12,Vinay Tukaram Dalvi,IND,Independent,135,9,data/maharashtra/mumbai/mumbai_2017.csv
2017,12,HARGOVIND DURGASINGH RAWAT,IND,Independent,108,10,data/maharashtra/mumbai/mumbai_2017.csv
2017,12,MACHHINDRA SHIVAJI KAMBLE,bahujan republican sociolist party,bahujan republican sociolist party,97,11,data/maharashtra/mumbai/mumbai_2017.csv
2017,12,NOTA,,,381,,data/maharashtra/mumbai/mumbai_2017.csv
2017,13,Vidyarthi Balister Singh,BJP,Bhartiya Janata Party,13113,1,data/maharashtra/mumbai/mumbai_2017.csv
2017,13,RAJESH NANDKUMAR KADAM,SS,Shivsena,5907,2,data/maharashtra/mumbai/mumbai_2017.csv
2017,13,VINAY GHANSHYAM PATIL,INC,Indian National Congress,3632,3,data/maharashtra/mumbai/mumbai_2017.csv
2017,13,tajuddin badiuddin inamdar,NCP,Nationalist Congress Party,808,4,data/maharashtra/mumbai/mumbai_2017.csv
2017,13,VINOD JIVA SOLANKI,MNS,Maharashtra Navnirman Sena,579,5,data/maharashtra/mumbai/mumbai_2017.csv
2017,13,MAYUR VASANT PATIL,IND,Independent,224,6,data/maharashtra/mumbai/mumbai_2017.csv
2017,13,ABDULWAFA HABIB KHAN,SP,Samajwadi Party,132,7,data/maharashtra/mumbai/mumbai_2017.csv
2017,13,Dinesh Ramashankar Pandey,IND,Independent,114,8,data/maharashtra/mumbai/mumbai_2017.csv
2017,13,Raju Santosh Dhumadiya,Sardar Vallbhbhai Patel Party,Sardar Vallbhbhai Patel Party,102,9,data/maharashtra/mumbai/mumbai_2017.csv
2017,13,LILAVATI SHRINIWAS SONAVANE,IND,Independent,81,10,data/maharashtra/mumbai/mumbai_2017.csv
2017,13,RAJESH RAMKISAN MALLAH,BSP,Bahujan Samaj Party,52,11,data/maharashtra/mumbai/mumbai_2017.csv
2017,13,SATISH RAMCHANDRA PATIL,Bahujan Vikas Aghadi,Bahujan Vikas Aghadi,42,12,data/maharashtra/mumbai/mumbai_2017.csv
2017,13,NASIMUDDIN BADIUDDIN INAMDAR,IND,Independent,16,13,data/maharashtra/mumbai/mumbai_2017.csv
2017,13,NOTA,,,488,,data/maharashtra/mumbai/mumbai_2017.csv
2017,14,Asawari Anil Patil,BJP,Bhartiya Janata Party,8321,1,data/maharashtra/mumbai/mumbai_2017.csv
2017,14,BHARTI CHETAN KADAM,SS,Shivsena,7180,2,data/maharashtra/mumbai/mumbai_2017.csv
2017,14,NISHA SANDEEP GUJAR,MNS,Maharashtra Navnirman Sena,2224,3,data/maharashtra/mumbai/mumbai_2017.csv
2017,14,RASHMI YASHWANT MESTRY,INC,Indian National Congress,1844,4,data/maharashtra/mumbai/mumbai_2017.csv
2017,14,SHUBHANGI SANTOSH NIKAM,NCP,Nationalist Congress Party,650,5,data/maharashtra/mumbai/mumbai_2017.csv
2017,14,DAIVATA LAXMAN JADHAV,Sambhaji Brigade,Sambhaji Brigade,87,6,data/maharashtra/mumbai/mumbai_2017.csv
2017,14,NOTA,,,525,,data/maharashtra/mumbai/mumbai_2017.csv
2017,15,PRAVIN RIKHAVCHAND SHAH,BJP,Bhartiya Janata Party,22860,1,data/maharashtra/mumbai/mumbai_2017.csv
2017,15,PARESHBHAI BABUBHAI DHANAK,SS,Shivsena,3304,2,data/maharashtra/mumbai/mumbai_2017.csv
2017,15,MEHUL AJIT GOSALIA,INC,Indian National Congress,2711,3,data/maharashtra/mumbai/mumbai_2017.csv
2017,15,MAHESH VINOD BHOIR,MNS,Maharashtra Navnirman Sena,939,4,data/maharashtra/mumbai/mumbai_2017.csv
2017,15,NARAYAN RAMKEDAR MISHRA,BSP,Bahujan Samaj Party,217,5,data/maharashtra/mumbai/mumbai_2017.csv
2017,15,ABHIJIT VIJAY MAHADIK,IND,Independent,212,6,data/maharashtra/mumbai/mumbai_2017.csv
2017,15,BALAGANAPATHI THOMAS NAYAGAM,IND,Independent,65,7,data/maharashtra/mumbai/mumbai_2017.csv
2017,15,NOTA,,,869,,data/maharashtra/mumbai/mumbai_2017.csv
2017,16,Anjali Arun Khedkar,BJP,Bhartiya Janata Party,9465,1,data/maharashtra/mumbai/mumbai_2017.csv
2017,16,PRITI SANDESH DANDEKAR,SS,Shivsena,7554,2,data/maharashtra/mumbai/mumbai_2017.csv
2017,16,VIJAYALAXMI NARAYAN SHETTY,INC,Indian National Congress,6676,3,data/maharashtra/mumbai/mumbai_2017.csv
2017,16,Manisha Navnath Bacche,NCP,Nationalist Congress Party,1852,4,data/maharashtra/mumbai/mumbai_2017.csv
2017,16,RESHMA SHANKAR NIVALE,MNS,Maharashtra Navnirman Sena,1724,5,data/maharashtra/mumbai/mumbai_2017.csv
2017,16,POONAM NITESH IJAGAJ,BSP,Bahujan Samaj Party,632,6,data/maharashtra/mumbai/mumbai_2017.csv
2017,16,NOTA,,,515,,data/maharashtra/mumbai/mumbai_2017.csv
2017,17,BINA PARESH DOSHI,BJP,Bhartiya Janata Party,14414,1,data/maharashtra/mumbai/mumbai_2017.csv
2017,17,SHILPA SAURABH SANGORE,SS,Shivsena,4822,2,data/maharashtra/mumbai/mumbai_2017.csv
2017,17,PRAGATI PRATAPSINH RANE,INC,Indian National Congress,4310,3,data/maharashtra/mumbai/mumbai_2017.csv
2017,17,KHUSHBOO MAHENDRA VED,MNS,Maharashtra Navnirman Sena,700,4,data/maharashtra/mumbai/mumbai_2017.csv
2017,17,MEERA SADANAND KAMAT,IND,Independent,336,5,data/maharashtra/mumbai/mumbai_2017.csv
2017,17,NOTA,,,531,,data/maharashtra/mumbai/mumbai_2017.csv
2017,18,Sandhya Vipul Doshi,SS,Shivsena,9815,1,data/maharashtra/mumbai/mumbai_2017.csv
2017,18,SUMESH GOPAL AMBARE,BJP,Bhartiya Janata Party,8044,2,data/maharashtra/mumbai/mumbai_2017.csv
2017,18,Kabirdas Dnyandeo More,MNS,Maharashtra Navnirman Sena,3841,3,data/maharashtra/mumbai/mumbai_2017.csv
2017,18,DILIP BAGARAM PANDIT,INC,Indian National Congress,974,4,data/maharashtra/mumbai/mumbai_2017.csv
2017,18,TEJAS VITTHAL KONDVILKAR,NCP,Nationalist Congress Party,341,5,data/maharashtra/mumbai/mumbai_2017.csv
2017,18,Manish Vedprakash Agarwal,IND,Independent,284,6,data/maharashtra/mumbai/mumbai_2017.csv
2017,18,SANJAY SAYAJI WAGHMARE,BSP,Bahujan Samaj Party,281,7,data/maharashtra/mumbai/mumbai_2017.csv
2017,18,AMAR DNYANESHWAR SHELAR,IND,Independent,179,8,data/maharashtra/mumbai/mumbai_2017.csv
2017,18,NOTA,,,375,,data/maharashtra/mumbai/mumbai_2017.csv
2017,19,Shubhada Subhash Gudekar,SS,Shivsena,10817,1,data/maharashtra/mumbai/mumbai_2017.csv
2017,19,RESHMA RAVINDRA TAKKE,BJP,Bhartiya Janata Party,8687,2,data/maharashtra/mumbai/mumbai_2017.csv
2017,19,SANSKRUTI SATYANARAYAN RAJHANS,INC,Indian National Congress,2198,3,data/maharashtra/mumbai/mumbai_2017.csv
2017,19,SANGEETA SHANTARAM KARANDE,MNS,Maharashtra Navnirman Sena,1298,4,data/maharashtra/mumbai/mumbai_2017.csv
2017,19,JAYASHRI SANTOSH GAWALI,NCP,Nationalist Congress Party,1124,5,data/maharashtra/mumbai/mumbai_2017.csv
2017,19,SARASWATI RAMESH SAPKALE,Republican Party of India (A),Republican Party of India (A),790,6,data/maharashtra/mumbai/mumbai_2017.csv
2017,19,MANGAL VAMAN DANDEKAR,BSP,Bahujan Samaj Party,385,7,data/maharashtra/mumbai/mumbai_2017.csv
2017,19,NOTA,,,421,,data/maharashtra/mumbai/mumbai_2017.csv
2017,20,DEEPAK PARSHURAM TAWDE,BJP,Bhartiya Janata Party,6856,1,data/maharashtra/mumbai/mumbai_2017.csv
2017,20,SUDHAKAR PARSHURAM SURVE,SS,Shivsena,4360,2,data/maharashtra/mumbai/mumbai_2017.csv
2017,20,VINAYAK NANA PATIL,NCP,Nationalist Congress Party,2037,3,data/maharashtra/mumbai/mumbai_2017.csv
2017,20,MOHAMMADHAROON MOHAMMADYUNUS CHAUDHARY,SP,Samajwadi Party,1627,4,data/maharashtra/mumbai/mumbai_2017.csv
2017,20,LALJI GAJANAN DUBEY,INC,Indian National Congress,934,5,data/maharashtra/mumbai/mumbai_2017.csv
2017,20,RAJENDRA GANPAT KADAM,MNS,Maharashtra Navnirman Sena,886,6,data/maharashtra/mumbai/mumbai_2017.csv
2017,20,Yusuf MohammadUmar Khan,IND,Independent,423,7,data/maharashtra/mumbai/mumbai_2017.csv
2017,20,SHAMIM SADRUDDIN AZMI,AIMIM,All India Majlis e Ittehadul Muslimeen,414,8,data/maharashtra/mumbai/mumbai_2017.csv
2017,20,AZHARUDDIN AMIRUDDIN MOHD,Bahujan Vikas Aghadi,Bahujan Vikas Aghadi,143,9,data/maharashtra/mumbai/mumbai_2017.csv
2017,20,VIJAYSHANKAR LALJI YADAV,BSP,Bahujan Samaj Party,100,10,data/maharashtra/mumbai/mumbai_2017.csv
2017,20,Fatehmohammed Mohammedraza ShaikhMansuri,IND,Independent,82,11,data/maharashtra/mumbai/mumbai_2017.csv
2017,20,MaqsoodAlam SirajulHaq Usmani,IND,Independent,65,12,data/maharashtra/mumbai/mumbai_2017.csv
2017,20,KRISHNA RAVINDRA MISHRA,IND,Independent,43,13,data/maharashtra/mumbai/mumbai_2017.csv
2017,20,ANIL HARISHCHANDRA KOKANE,Republican Party of India (A),Republican Party of India (A),9,14,data/maharashtra/mumbai/mumbai_2017.csv
2017,20,NOTA,,,184,,data/maharashtra/mumbai/mumbai_2017.csv
2017,21,Shailaja Vijay Girkar,BJP,Bhartiya Janata Party,15344,1,data/maharashtra/mumbai/mumbai_2017.csv
2017,21,JAYASHREE ANIL MISTRY,SS,Shivsena,5000,2,data/maharashtra/mumbai/mumbai_2017.csv
2017,21,Minakshi Jayesh Bhandari,INC,Indian National Congress,2364,3,data/maharashtra/mumbai/mumbai_2017.csv
2017,21,SEEMA PRADEEP KULKARNI,MNS,Maharashtra Navnirman Sena,768,4,data/maharashtra/mumbai/mumbai_2017.csv
2017,21,NOTA,,,442,,data/maharashtra/mumbai/mumbai_2017.csv
2017,22,Priyanka Prafull More,BJP,Bhartiya Janata Party,14570,1,data/maharashtra/mumbai/mumbai_2017.csv
2017,22,SUVARNA SUBHASH PRASADE,SS,Shivsena,4313,2,data/maharashtra/mumbai/mumbai_2017.csv
2017,22,NILAM VISHAL MADHALE,INC,Indian National Congress,2624,3,data/maharashtra/mumbai/mumbai_2017.csv
2017,22,POOJA KUNAL MANWACHARYA,NCP,Nationalist Congress Party,1183,4,data/maharashtra/mumbai/mumbai_2017.csv
2017,22,PAYAL PANDURANG GHADI,MNS,Maharashtra Navnirman Sena,806,5,data/maharashtra/mumbai/mumbai_2017.csv
2017,22,NOTA,,,461,,data/maharashtra/mumbai/mumbai_2017.csv
2017,23,SHIVKUMAR BASUKINATH JHA,BJP,Bhartiya Janata Party,7197,1,data/maharashtra/mumbai/mumbai_2017.csv
2017,23,SHIVSAHAY HANUMANPRASAD SINGH,INC,Indian National Congress,4567,2,data/maharashtra/mumbai/mumbai_2017.csv
2017,23,Ashok Vasudev Sawant,SS,Shivsena,4070,3,data/maharashtra/mumbai/mumbai_2017.csv
2017,23,Sanjay Nagindas Patel,IND,Independent,1064,4,data/maharashtra/mumbai/mumbai_2017.csv
2017,23,RAGHVENDRA BALIRAJ MISHRA,IND,Independent,1057,5,data/maharashtra/mumbai/mumbai_2017.csv
2017,23,Jitendra Satyanarayan Singh,IND,Independent,841,6,data/maharashtra/mumbai/mumbai_2017.csv
2017,23,SANTOSH RAMAKANT JHA,IND,Independent,556,7,data/maharashtra/mumbai/mumbai_2017.csv
2017,23,GAJANAN SHANTARAM SALVI,MNS,Maharashtra Navnirman Sena,299,8,data/maharashtra/mumbai/mumbai_2017.csv
2017,23,TILAKKUMAR RAMNARESH CHAUDHARI,IND,Independent,262,9,data/maharashtra/mumbai/mumbai_2017.csv
2017,23,KISHOR DHONDU CHAVAN,Bahujan Vikas Aghadi,Bahujan Vikas Aghadi,235,10,data/maharashtra/mumbai/mumbai_2017.csv
2017,23,ATMARAM SHYAMNARAYAN DUBEY,IND,Independent,210,11,data/maharashtra/mumbai/mumbai_2017.csv
2017,23,RAGHUNATH BABAN JADHAV,IND,Independent,190,12,data/maharashtra/mumbai/mumbai_2017.csv
2017,23,HUSSAIN ABBASALI KHAN,BSP,Bahujan Samaj Party,145,13,data/maharashtra/mumbai/mumbai_2017.csv
2017,23,Deepak Mahadev Bandivadekar,IND,Independent,126,14,data/maharashtra/mumbai/mumbai_2017.csv
2017,23,ravindranath _________ dubey,SP,Samajwadi Party,116,15,data/maharashtra/mumbai/mumbai_2017.csv
2017,23,KRISHNAKANT KAILASHNATH PANDEY,IND,Independent,89,16,data/maharashtra/mumbai/mumbai_2017.csv
2017,23,SANTOSH ASHOK PANDEY,IND,Independent,85,17,data/maharashtra/mumbai/mumbai_2017.csv
2017,23,RAJESH NARAYAN AMBHORE,IND,Independent,68,18,data/maharashtra/mumbai/mumbai_2017.csv
2017,23,PRAMOD JANARDHAN RANAWARE,NCP,Nationalist Congress Party,67,19,data/maharashtra/mumbai/mumbai_2017.csv
2017,23,AmarPratap Shambhunath Singh,IND,Independent,26,20,data/maharashtra/mumbai/mumbai_2017.csv
2017,23,NOTA,,,180,,data/maharashtra/mumbai/mumbai_2017.csv
2017,24,Sunita Ramnagina Yadav,BJP,Bhartiya Janata Party,10144,1,data/maharashtra/mumbai/mumbai_2017.csv
2017,24,Prajakta Vikas Sawant-Vishwasrao,SS,Shivsena,5435,2,data/maharashtra/mumbai/mumbai_2017.csv
2017,24,PUSHPA SANJAY JHA,INC,Indian National Congress,1167,3,data/maharashtra/mumbai/mumbai_2017.csv
2017,24,Aarti Vinod Pawar,MNS,Maharashtra Navnirman Sena,918,4,data/maharashtra/mumbai/mumbai_2017.csv
2017,24,Savita Sudesh Nag,IND,Independent,570,5,data/maharashtra/mumbai/mumbai_2017.csv
2017,24,MANORAMA RAKESH JHA,IND,Independent,419,6,data/maharashtra/mumbai/mumbai_2017.csv
2017,24,SARITA MAHENDRA VISHWAKARMA,IND,Independent,336,7,data/maharashtra/mumbai/mumbai_2017.csv
2017,24,BINDU MANOJ JHA,IND,Independent,220,8,data/maharashtra/mumbai/mumbai_2017.csv
2017,24,asha shivkumar shukla,IND,Independent,132,9,data/maharashtra/mumbai/mumbai_2017.csv
2017,24,ANITA SANJAY JHA,IND,Independent,89,10,data/maharashtra/mumbai/mumbai_2017.csv
2017,24,NOTA,,,513,,data/maharashtra/mumbai/mumbai_2017.csv
2017,25,madhuri yogesh bhoir,SS,Shivsena,7185,1,data/maharashtra/mumbai/mumbai_2017.csv
2017,25,Nisha Suresh Bangera,BJP,Bhartiya Janata Party,6792,2,data/maharashtra/mumbai/mumbai_2017.csv
2017,25,BHOOMI SUNIL MANKAR,INC,Indian National Congress,778,3,data/maharashtra/mumbai/mumbai_2017.csv
2017,25,ASHWINI ASHOK MORYE,MNS,Maharashtra Navnirman Sena,275,4,data/maharashtra/mumbai/mumbai_2017.csv
2017,25,Geeta Suresh Beloshe,NCP,Nationalist Congress Party,105,5,data/maharashtra/mumbai/mumbai_2017.csv
2017,25,PRITI PRASHANT KHARATMAL,IND,Independent,53,6,data/maharashtra/mumbai/mumbai_2017.csv
2017,25,SANGITA ANIL MANE,Bhartiya Shetkari Kamgar Paksh,Bhartiya Shetkari Kamgar Paksh,25,7,data/maharashtra/mumbai/mumbai_2017.csv
2017,25,NOTA,,,253,,data/maharashtra/mumbai/mumbai_2017.csv
2017,26,PREETAM GAUTAM PANDAGLE,BJP,Bhartiya Janata Party,3948,1,data/maharashtra/mumbai/mumbai_2017.csv
2017,26,BHARTI RAM PANDAGLE,SS,Shivsena,3129,2,data/maharashtra/mumbai/mumbai_2017.csv
2017,26,RAKSHA DEEPAK WAGH,INC,Indian National Congress,2345,3,data/maharashtra/mumbai/mumbai_2017.csv
2017,26,Vandana Ramdas Nandgaonkar,Bharip Bahujan Mahasangh,Bharip Bahujan Mahasangh,1565,4,data/maharashtra/mumbai/mumbai_2017.csv
2017,26,VIDYA ATUL GAIKWAD,MNS,Maharashtra Navnirman Sena,1250,5,data/maharashtra/mumbai/mumbai_2017.csv
2017,26,SUNITA RAJESH NARWADE,NCP,Nationalist Congress Party,929,6,data/maharashtra/mumbai/mumbai_2017.csv
2017,26,BHARATI SAMBHAJI KHOPE,BSP,Bahujan Samaj Party,595,7,data/maharashtra/mumbai/mumbai_2017.csv
2017,26,SUNITA PANDURANG PAKHARE,Republican Party of India (A),Republican Party of India (A),267,8,data/maharashtra/mumbai/mumbai_2017.csv
2017,26,Prema Gorakhnath Admane,Bahujan Mukti Party,Bahujan Mukti Party,149,9,data/maharashtra/mumbai/mumbai_2017.csv
2017,26,JYOTI ARJUN BOBADE,bahujan republican sociolist party,bahujan republican sociolist party,70,10,data/maharashtra/mumbai/mumbai_2017.csv
2017,26,NOTA,,,350,,data/maharashtra/mumbai/mumbai_2017.csv
2017,27,SUREKHA MANOJKUMAR PATIL,BJP,Bhartiya Janata Party,7347,1,data/maharashtra/mumbai/mumbai_2017.csv
2017,27,Anupama Prakash Ambekar,SS,Shivsena,4098,2,data/maharashtra/mumbai/mumbai_2017.csv
2017,27,PRIYANKA SUBHASH YADAV,INC,Indian National Congress,3152,3,data/maharashtra/mumbai/mumbai_2017.csv
2017,27,KESHAR SHRIHARI GHULE,MNS,Maharashtra Navnirman Sena,765,4,data/maharashtra/mumbai/mumbai_2017.csv
2017,27,NOTA,,,367,,data/maharashtra/mumbai/mumbai_2017.csv
2017,28,RAJPATI BARGUN YADAV,INC,Indian National Congress,8241,1,data/maharashtra/mumbai/mumbai_2017.csv
2017,28,EKNATH DNYANDEV HUNDARE,SS,Shivsena,4608,2,data/maharashtra/mumbai/mumbai_2017.csv
2017,28,KIRAN CHANDRAKANT SALUNKHE,BJP,Bhartiya Janata Party,4572,3,data/maharashtra/mumbai/mumbai_2017.csv
2017,28,BALKRISHNA PRABHAKAR PALKAR,MNS,Maharashtra Navnirman Sena,923,4,data/maharashtra/mumbai/mumbai_2017.csv
2017,28,VASANTRAO KRISHNARAO GHONGE,Bharip Bahujan Mahasangh,Bharip Bahujan Mahasangh,903,5,data/maharashtra/mumbai/mumbai_2017.csv
2017,28,NILESHKUMAR GATTU YADAV,SP,Samajwadi Party,595,6,data/maharashtra/mumbai/mumbai_2017.csv
2017,28,RAJAN RAMDAS PATIL,BSP,Bahujan Samaj Party,581,7,data/maharashtra/mumbai/mumbai_2017.csv
2017,28,SURENDRA MACHINDRA JOSHI,Akhil Bharatiya Sena,Akhil Bharatiya Sena,199,8,data/maharashtra/mumbai/mumbai_2017.csv
2017,28,NOTA,,,361,,data/maharashtra/mumbai/mumbai_2017.csv
2017,29,Sagar Ramesh Singh,BJP,Bhartiya Janata Party,8043,1,data/maharashtra/mumbai/mumbai_2017.csv
2017,29,SACHIN BALKRISHNA PATIL,SS,Shivsena,5231,2,data/maharashtra/mumbai/mumbai_2017.csv
2017,29,Ramashish Gopal Gupta,INC,Indian National Congress,3956,3,data/maharashtra/mumbai/mumbai_2017.csv
2017,29,MUKESH BASANTILAL PAMECHA,IND,Independent,1977,4,data/maharashtra/mumbai/mumbai_2017.csv
2017,29,Satish Manohar Desai,IND,Independent,934,5,data/maharashtra/mumbai/mumbai_2017.csv
2017,29,sushil prakash gunje,MNS,Maharashtra Navnirman Sena,538,6,data/maharashtra/mumbai/mumbai_2017.csv
2017,29,RAJESH JAGANNATH SALVE,BSP,Bahujan Samaj Party,110,7,data/maharashtra/mumbai/mumbai_2017.csv
2017,29,Kiran Purushottam More,NCP,Nationalist Congress Party,90,8,data/maharashtra/mumbai/mumbai_2017.csv
2017,29,PUNIT HIRAMAN YADAV,SP,Samajwadi Party,77,9,data/maharashtra/mumbai/mumbai_2017.csv
2017,29,RAVI RAMAASRE VISHWAKARMA,IND,Independent,32,10,data/maharashtra/mumbai/mumbai_2017.csv
2017,29,NILESH HARIDAS NAVGIRE,IND,Independent,25,11,data/maharashtra/mumbai/mumbai_2017.csv
2017,29,Shashikala Barkya Marchande,National Black Panthar,National Black Panthar,22,12,data/maharashtra/mumbai/mumbai_2017.csv
2017,29,LAXMAN YELLPPA KURADE,Bahujan Vikas Aghadi,Bahujan Vikas Aghadi,18,13,data/maharashtra/mumbai/mumbai_2017.csv
2017,29,NOTA,,,273,,data/maharashtra/mumbai/mumbai_2017.csv
2017,30,LEENA RAJESH DEHERKAR,BJP,Bhartiya Janata Party,18333,1,data/maharashtra/mumbai/mumbai_2017.csv
2017,30,NAMRATA NIKUNJ RUGHANI,SS,Shivsena,3459,2,data/maharashtra/mumbai/mumbai_2017.csv
2017,30,Nirmala Brijmohan Kanoujia,INC,Indian National Congress,1511,3,data/maharashtra/mumbai/mumbai_2017.csv
2017,30,MINAL JITENDRA DWIVEDI,MNS,Maharashtra Navnirman Sena,834,4,data/maharashtra/mumbai/mumbai_2017.csv
2017,30,meena jitendra gohil,SP,Samajwadi Party,63,5,data/maharashtra/mumbai/mumbai_2017.csv
2017,30,NOTA,,,490,,data/maharashtra/mumbai/mumbai_2017.csv
2017,31,KAMLESH SHOBHNATH YADAV,BJP,Bhartiya Janata Party,7826,1,data/maharashtra/mumbai/mumbai_2017.csv
2017,31,GEETA ASHISH YADAV,INC,Indian National Congress,3973,2,data/maharashtra/mumbai/mumbai_2017.csv
2017,31,DINESH ANANT SALVI,MNS,Maharashtra Navnirman Sena,3163,3,data/maharashtra/mumbai/mumbai_2017.csv
2017,31,KAILASH BALIRAM YADAV,SP,Samajwadi Party,2535,4,data/maharashtra/mumbai/mumbai_2017.csv
2017,31,KAMLESH RAMSANEHI YADAV,SS,Shivsena,1994,5,data/maharashtra/mumbai/mumbai_2017.csv
2017,31,BABITA DEVIDAS BHATKAR,BSP,Bahujan Samaj Party,163,6,data/maharashtra/mumbai/mumbai_2017.csv
2017,31,Sonal Sandeep Vasaikar,NCP,Nationalist Congress Party,104,7,data/maharashtra/mumbai/mumbai_2017.csv
2017,31,NOTA,,,248,,data/maharashtra/mumbai/mumbai_2017.csv
2017,32,STEFFIE MORRIS KINNY,INC,Indian National Congress,6775,1,data/maharashtra/mumbai/mumbai_2017.csv
2017,32,GEETA KIRAN BHANDARI,SS,Shivsena,5765,2,data/maharashtra/mumbai/mumbai_2017.csv
2017,32,ARCHANA BHUSHAN WADE,BJP,Bhartiya Janata Party,5320,3,data/maharashtra/mumbai/mumbai_2017.csv
2017,32,CHANDRAKALA GOVIND MOHANE,MNS,Maharashtra Navnirman Sena,393,4,data/maharashtra/mumbai/mumbai_2017.csv
2017,32,NOTA,,,440,,data/maharashtra/mumbai/mumbai_2017.csv
2017,33,VIRENDRA TUKARAM CHOUDHARY,INC,Indian National Congress,5232,1,data/maharashtra/mumbai/mumbai_2017.csv
2017,33,UJWALA PRAMOD VAITY,BJP,Bhartiya Janata Party,2690,2,data/maharashtra/mumbai/mumbai_2017.csv
2017,33,AJIT DAMODAR BHANDARI,SS,Shivsena,2418,3,data/maharashtra/mumbai/mumbai_2017.csv
2017,33,JAYARAM SITARAM MANDAVKAR,IND,Independent,1802,4,data/maharashtra/mumbai/mumbai_2017.csv
2017,33,MOHDMUZAMMIL MOHDSHAKIL BAGHBAN,AIMIM,All India Majlis e Ittehadul Muslimeen,1302,5,data/maharashtra/mumbai/mumbai_2017.csv
2017,33,DISHA DATTARAM KANADE,NCP,Nationalist Congress Party,490,6,data/maharashtra/mumbai/mumbai_2017.csv
2017,33,VIKAS MORRESHWAR BHOPI,IND,Independent,22,7,data/maharashtra/mumbai/mumbai_2017.csv
2017,33,NOTA,,,177,,data/maharashtra/mumbai/mumbai_2017.csv
2017,34,QUMARJAHAN MOHAMMEDMOEEN SIDDIQUI,INC,Indian National Congress,10500,1,data/maharashtra/mumbai/mumbai_2017.csv
2017,34,SUVARNA PRAKASH MADYALKAR,SS,Shivsena,4195,2,data/maharashtra/mumbai/mumbai_2017.csv
2017,34,SHABANA JAWED AZAM,BJP,Bhartiya Janata Party,4027,3,data/maharashtra/mumbai/mumbai_2017.csv
2017,34,ALIYA HAIYUR KHAN,AIMIM,All India Majlis e Ittehadul Muslimeen,1490,4,data/maharashtra/mumbai/mumbai_2017.csv
2017,34,VAISHALI VISHWAS GHADIGAONKAR,MNS,Maharashtra Navnirman Sena,1127,5,data/maharashtra/mumbai/mumbai_2017.csv
2017,34,SONI SOHAIL RIZVI,SP,Samajwadi Party,934,6,data/maharashtra/mumbai/mumbai_2017.csv
2017,34,NaseemBegum Ahmed Khan,Communist Party Of India (Marxist),Communist Party Of India (Marxist),294,7,data/maharashtra/mumbai/mumbai_2017.csv
2017,34,RUPALI BINAY SINGH,IND,Independent,70,8,data/maharashtra/mumbai/mumbai_2017.csv
2017,34,VIMAL LAXMAN BONDARE,Bahujan Mukti Party,Bahujan Mukti Party,56,9,data/maharashtra/mumbai/mumbai_2017.csv
2017,34,NOTA,,,224,,data/maharashtra/mumbai/mumbai_2017.csv
2017,35,SEJAL PRASHANT DESAI,BJP,Bhartiya Janata Party,13751,1,data/maharashtra/mumbai/mumbai_2017.csv
2017,35,PARUL PINAKIN MEHTA,INC,Indian National Congress,5778,2,data/maharashtra/mumbai/mumbai_2017.csv
2017,35,_______ _____ ____ _____,SS,Shivsena,5624,3,data/maharashtra/mumbai/mumbai_2017.csv
2017,35,THREESA SUBRAMANIAM NADAR,IND,Independent,344,4,data/maharashtra/mumbai/mumbai_2017.csv
2017,35,shweta shailesh hingu,NCP,Nationalist Congress Party,150,5,data/maharashtra/mumbai/mumbai_2017.csv
2017,35,RUPA HITEN SHAH,IND,Independent,107,6,data/maharashtra/mumbai/mumbai_2017.csv
2017,35,SUPADABAI MURLIDHAR JANJALE,IND,Independent,55,7,data/maharashtra/mumbai/mumbai_2017.csv
2017,35,NOTA,,,473,,data/maharashtra/mumbai/mumbai_2017.csv
2017,36,Daksha Jagdish Patel,BJP,Bhartiya Janata Party,11692,1,data/maharashtra/mumbai/mumbai_2017.csv
2017,36,SWATI SUNIL GUJAR,SS,Shivsena,10052,2,data/maharashtra/mumbai/mumbai_2017.csv
2017,36,DIXITA JAYESH SHAH,INC,Indian National Congress,3009,3,data/maharashtra/mumbai/mumbai_2017.csv
2017,36,GEETA MAHESHKUMAR FARKASE,MNS,Maharashtra Navnirman Sena,2829,4,data/maharashtra/mumbai/mumbai_2017.csv
2017,36,BHAGYASHREE PRABHAKAR DHAMANSKAR,IND,Independent,444,5,data/maharashtra/mumbai/mumbai_2017.csv
2017,36,SHOBHA BHALCHANDRA ALHAT,IND,Independent,183,6,data/maharashtra/mumbai/mumbai_2017.csv
2017,36,NOTA,,,483,,data/maharashtra/mumbai/mumbai_2017.csv
2017,37,Pratibha Hemant Shinde,BJP,Bhartiya Janata Party,7815,1,data/maharashtra/mumbai/mumbai_2017.csv
2017,37,POOJA RANVIRSINGH CHAUHAN,SS,Shivsena,6363,2,data/maharashtra/mumbai/mumbai_2017.csv
2017,37,RUPALI AJIT RAORANE,NCP,Nationalist Congress Party,4624,3,data/maharashtra/mumbai/mumbai_2017.csv
2017,37,Jayshree Chandrakant Thasale,MNS,Maharashtra Navnirman Sena,2123,4,data/maharashtra/mumbai/mumbai_2017.csv
2017,37,Anusaya Anant Pawar,INC,Indian National Congress,1444,5,data/maharashtra/mumbai/mumbai_2017.csv
2017,37,Mayuri Uttam Nadkar,Communist Party Of India (Marxist),Communist Party Of India (Marxist),232,6,data/maharashtra/mumbai/mumbai_2017.csv
2017,37,NANDA KAMALDEEP SINGH,united congress party,united congress party,62,7,data/maharashtra/mumbai/mumbai_2017.csv
2017,37,arti anand jadhav,IND,Independent,46,8,data/maharashtra/mumbai/mumbai_2017.csv
2017,37,NOTA,,,326,,data/maharashtra/mumbai/mumbai_2017.csv
2017,38,Atmaram Laxman Chache,SS,Shivsena,6416,1,data/maharashtra/mumbai/mumbai_2017.csv
2017,38,Lalasaheb Gorakhnath Ubale,BJP,Bhartiya Janata Party,3715,2,data/maharashtra/mumbai/mumbai_2017.csv
2017,38,vaibhav hemant bharadkar,NCP,Nationalist Congress Party,2854,3,data/maharashtra/mumbai/mumbai_2017.csv
2017,38,SUDHIR TUKARAM BHARADKAR,INC,Indian National Congress,2438,4,data/maharashtra/mumbai/mumbai_2017.csv
2017,38,Rakesh Shankar Dhanawade,MNS,Maharashtra Navnirman Sena,2229,5,data/maharashtra/mumbai/mumbai_2017.csv
2017,38,anil namdeo korgaonkar,IND,Independent,211,6,data/maharashtra/mumbai/mumbai_2017.csv
2017,38,nikhil shankar salunkhe,BSP,Bahujan Samaj Party,147,7,data/maharashtra/mumbai/mumbai_2017.csv
2017,38,LAHU BALIRAM TELI,IND,Independent,40,8,data/maharashtra/mumbai/mumbai_2017.csv
2017,38,NOTA,,,268,,data/maharashtra/mumbai/mumbai_2017.csv
2017,39,VINAYA VISHNU SAWANT,SS,Shivsena,5663,1,data/maharashtra/mumbai/mumbai_2017.csv
2017,39,Suman Indrajeet Singh,Rashtriya Samaj Paksha,Rashtriya Samaj Paksha,4291,2,data/maharashtra/mumbai/mumbai_2017.csv
2017,39,KUSUM DINESH GUPTA,INC,Indian National Congress,3698,3,data/maharashtra/mumbai/mumbai_2017.csv
2017,39,URMILA MALLHARI GOTMUKLE,BSP,Bahujan Samaj Party,649,4,data/maharashtra/mumbai/mumbai_2017.csv
2017,39,SAMIKSHA BHARAT THAKUR,NCP,Nationalist Congress Party,613,5,data/maharashtra/mumbai/mumbai_2017.csv
2017,39,NAGESHWARI VIJAYKUMAR PANCHAL,MNS,Maharashtra Navnirman Sena,466,6,data/maharashtra/mumbai/mumbai_2017.csv
2017,39,REKHA RAJMAN GUPTA,SP,Samajwadi Party,244,7,data/maharashtra/mumbai/mumbai_2017.csv
2017,39,SULAKSHANA NITIN SHINDE,IND,Independent,157,8,data/maharashtra/mumbai/mumbai_2017.csv
2017,39,CHHAYA BHAGWAN DHANRAJ,Republican Party of India (A),Republican Party of India (A),143,9,data/maharashtra/mumbai/mumbai_2017.csv
2017,39,LALITA VITTHAL LOKHANDE,Bharip Bahujan Mahasangh,Bharip Bahujan Mahasangh,95,10,data/maharashtra/mumbai/mumbai_2017.csv
2017,39,UMA MAROTRAO THORAT,IND,Independent,73,11,data/maharashtra/mumbai/mumbai_2017.csv
2017,39,ANITA SHIVAJI SHINDE,IND,Independent,54,12,data/maharashtra/mumbai/mumbai_2017.csv
2017,39,NOTA,,,221,,data/maharashtra/mumbai/mumbai_2017.csv
2017,40,suhas chandrakant wadkar,SS,Shivsena,8946,1,data/maharashtra/mumbai/mumbai_2017.csv
2017,40,SANJAY BABURAO AVHAD,NCP,Nationalist Congress Party,2815,2,data/maharashtra/mumbai/mumbai_2017.csv
2017,40,KAVITA SHRINIVASAN SALIYAR,Rashtriya Samaj Paksha,Rashtriya Samaj Paksha,2674,3,data/maharashtra/mumbai/mumbai_2017.csv
2017,40,arun dhondu mandave,INC,Indian National Congress,2268,4,data/maharashtra/mumbai/mumbai_2017.csv
2017,40,BHARTI PRABHAKAR SANGALE,MNS,Maharashtra Navnirman Sena,1201,5,data/maharashtra/mumbai/mumbai_2017.csv
2017,40,maruti nabaji ugale,SP,Samajwadi Party,490,6,data/maharashtra/mumbai/mumbai_2017.csv
2017,40,Madhukar Anant Vajantri,IND,Independent,261,7,data/maharashtra/mumbai/mumbai_2017.csv
2017,40,NANDKISHOR MARUTI AGRE,BSP,Bahujan Samaj Party,260,8,data/maharashtra/mumbai/mumbai_2017.csv
2017,40,DIVESH RAMSANEHI YADAV,BJP,Bhartiya Janata Party,55,9,data/maharashtra/mumbai/mumbai_2017.csv
2017,40,NOTA,,,469,,data/maharashtra/mumbai/mumbai_2017.csv
2017,41,TULSHIRAM DHONDIBA SHINDE,IND,Independent,6217,1,data/maharashtra/mumbai/mumbai_2017.csv
2017,41,SADASHIV DADU PATIL,SS,Shivsena,3869,2,data/maharashtra/mumbai/mumbai_2017.csv
2017,41,Archana Sunil Desai,BJP,Bhartiya Janata Party,2075,3,data/maharashtra/mumbai/mumbai_2017.csv
2017,41,ANWAR PEER SAYYAD,NCP,Nationalist Congress Party,1858,4,data/maharashtra/mumbai/mumbai_2017.csv
2017,41,JULIE RAMAN PATEL,SP,Samajwadi Party,1055,5,data/maharashtra/mumbai/mumbai_2017.csv
2017,41,raghunath koraga kottary,IND,Independent,746,6,data/maharashtra/mumbai/mumbai_2017.csv
2017,41,JAYKANT PRAYAGNARAYN SHUKLA,INC,Indian National Congress,631,7,data/maharashtra/mumbai/mumbai_2017.csv
2017,41,AJAY PRABHAKAR sawant,MNS,Maharashtra Navnirman Sena,600,8,data/maharashtra/mumbai/mumbai_2017.csv
2017,41,SACHIN GUNAJI KELKAR,IND,Independent,584,9,data/maharashtra/mumbai/mumbai_2017.csv
2017,41,SHAMRAO BHIWAJI HIWALE,Bharip Bahujan Mahasangh,Bharip Bahujan Mahasangh,309,10,data/maharashtra/mumbai/mumbai_2017.csv
2017,41,ABDULWAHAB FAIYAZALI SHAIKH,AIMIM,All India Majlis e Ittehadul Muslimeen,173,11,data/maharashtra/mumbai/mumbai_2017.csv
2017,41,Rijwan Istiyak Khan,BSP,Bahujan Samaj Party,136,12,data/maharashtra/mumbai/mumbai_2017.csv
2017,41,sachin babhut gholap,IND,Independent,131,13,data/maharashtra/mumbai/mumbai_2017.csv
2017,41,Rakesh Lalmani Yadav,IND,Independent,83,14,data/maharashtra/mumbai/mumbai_2017.csv
2017,41,paresh suresh MORE,IND,Independent,58,15,data/maharashtra/mumbai/mumbai_2017.csv
2017,41,MANGESH MAHADEO PAWAR,Bahujan Mukti Party,Bahujan Mukti Party,55,16,data/maharashtra/mumbai/mumbai_2017.csv
2017,41,DATTATRAY SHANTARAM KARADKAR,Sambhaji Brigade,Sambhaji Brigade,34,17,data/maharashtra/mumbai/mumbai_2017.csv
2017,41,Nazir Rajjabali Shaikh,Bharatwadi Akata party,Bharatwadi Akata party,23,18,data/maharashtra/mumbai/mumbai_2017.csv
2017,41,NOTA,,,154,,data/maharashtra/mumbai/mumbai_2017.csv
2017,42,DHANSHREE VAIBHAVB BHARADKAR,NCP,Nationalist Congress Party,5897,1,data/maharashtra/mumbai/mumbai_2017.csv
2017,42,REENA RAJENDRA SURVE,SS,Shivsena,5175,2,data/maharashtra/mumbai/mumbai_2017.csv
2017,42,Bharti Madhukar Bende,BJP,Bhartiya Janata Party,3583,3,data/maharashtra/mumbai/mumbai_2017.csv
2017,42,Renu Birju Yadav,INC,Indian National Congress,1727,4,data/maharashtra/mumbai/mumbai_2017.csv
2017,42,DEEPALI DATTATRAY MAIN,MNS,Maharashtra Navnirman Sena,1170,5,data/maharashtra/mumbai/mumbai_2017.csv
2017,42,PAYAL ANIL BARI,SP,Samajwadi Party,727,6,data/maharashtra/mumbai/mumbai_2017.csv
2017,42,MOHINI VISHWAJIT PATIL,BSP,Bahujan Samaj Party,235,7,data/maharashtra/mumbai/mumbai_2017.csv
2017,42,Vishakha Vasant Gurav,IND,Independent,142,8,data/maharashtra/mumbai/mumbai_2017.csv
2017,42,NOTA,,,210,,data/maharashtra/mumbai/mumbai_2017.csv
2017,43,VINOD UDAYNARAYAN MISHRA,BJP,Bhartiya Janata Party,5620,1,data/maharashtra/mumbai/mumbai_2017.csv
2017,43,Bhomsingh Hirsingh Rathore,SS,Shivsena,4911,2,data/maharashtra/mumbai/mumbai_2017.csv
2017,43,AJIT BALKRUSHNA RAORANE,NCP,Nationalist Congress Party,4782,3,data/maharashtra/mumbai/mumbai_2017.csv
2017,43,SANDEEP LALAN SINGH,INC,Indian National Congress,2758,4,data/maharashtra/mumbai/mumbai_2017.csv
2017,43,shakir nasir shaikh,AIMIM,All India Majlis e Ittehadul Muslimeen,2563,5,data/maharashtra/mumbai/mumbai_2017.csv
2017,43,SITARAM NARAYAN JADHAV,MNS,Maharashtra Navnirman Sena,746,6,data/maharashtra/mumbai/mumbai_2017.csv
2017,43,PRAMOD RAGHUNATH JADHAV,IND,Independent,323,7,data/maharashtra/mumbai/mumbai_2017.csv
2017,43,udayraj shobhnath yadav,SP,Samajwadi Party,125,8,data/maharashtra/mumbai/mumbai_2017.csv
2017,43,Prasad Vishwanath Gupta,Communist Party Of India (Marxist),Communist Party Of India (Marxist),120,9,data/maharashtra/mumbai/mumbai_2017.csv
2017,43,azad ahmad habib ahmad shaikh,IND,Independent,39,10,data/maharashtra/mumbai/mumbai_2017.csv
2017,43,NAZIM YUSUF KHAN,IND,Independent,32,11,data/maharashtra/mumbai/mumbai_2017.csv
2017,43,TANAJI TRIMBAK KAKADE,IND,Independent,27,12,data/maharashtra/mumbai/mumbai_2017.csv
2017,43,NOTA,,,258,,data/maharashtra/mumbai/mumbai_2017.csv
2017,44,Sangeeta Gyanmurti Sharma,BJP,Bhartiya Janata Party,9955,1,data/maharashtra/mumbai/mumbai_2017.csv
2017,44,Ranjana Subhash Dhanuka,SS,Shivsena,5550,2,data/maharashtra/mumbai/mumbai_2017.csv
2017,44,nasreen fahim khan,AIMIM,All India Majlis e Ittehadul Muslimeen,2903,3,data/maharashtra/mumbai/mumbai_2017.csv
2017,44,DEEPA RANASANGRAM SINGH,INC,Indian National Congress,999,4,data/maharashtra/mumbai/mumbai_2017.csv
2017,44,JANVI VIPUL MANE,NCP,Nationalist Congress Party,574,5,data/maharashtra/mumbai/mumbai_2017.csv
2017,44,Rukhsana mohdsiddique memon,SP,Samajwadi Party,513,6,data/maharashtra/mumbai/mumbai_2017.csv
2017,44,REKHA SANJAY SONAWANE,MNS,Maharashtra Navnirman Sena,408,7,data/maharashtra/mumbai/mumbai_2017.csv
2017,44,MANISHA SATISH VARDE,BSP,Bahujan Samaj Party,188,8,data/maharashtra/mumbai/mumbai_2017.csv
2017,44,SUREKHA DEIPAK FADIA,INC,Indian National Congress,53,9,data/maharashtra/mumbai/mumbai_2017.csv
2017,44,NOTA,,,349,,data/maharashtra/mumbai/mumbai_2017.csv
2017,45,RAMNARAYAN AMTHARAM BAROT,BJP,Bhartiya Janata Party,16407,1,data/maharashtra/mumbai/mumbai_2017.csv
2017,45,Rajendra Nandkumar Kale,SS,Shivsena,5609,2,data/maharashtra/mumbai/mumbai_2017.csv
2017,45,Ramesh Arvind Yadav,INC,Indian National Congress,2930,3,data/maharashtra/mumbai/mumbai_2017.csv
2017,45,NILESH SHANTARAM MUDRALE,MNS,Maharashtra Navnirman Sena,406,4,data/maharashtra/mumbai/mumbai_2017.csv
2017,45,SHRIDHAR SHANKAR KANNURE,Republican Party of India (Secular),Republican Party of India (Secular),94,5,data/maharashtra/mumbai/mumbai_2017.csv
2017,45,NOTA,,,449,,data/maharashtra/mumbai/mumbai_2017.csv
2017,46,YOGITA SUNIL KOLI,BJP,Bhartiya Janata Party,16868,1,data/maharashtra/mumbai/mumbai_2017.csv
2017,46,ANAGHA PRAKASH MHATRE,SS,Shivsena,8501,2,data/maharashtra/mumbai/mumbai_2017.csv
2017,46,SANDHYA ASHOK NAZARE,INC,Indian National Congress,2197,3,data/maharashtra/mumbai/mumbai_2017.csv
2017,46,DIPALI VILAS MORE,MNS,Maharashtra Navnirman Sena,745,4,data/maharashtra/mumbai/mumbai_2017.csv
2017,46,NOTA,,,602,,data/maharashtra/mumbai/mumbai_2017.csv
2017,47,Jaya SatnamSingh Tiwana,BJP,Bhartiya Janata Party,9301,1,data/maharashtra/mumbai/mumbai_2017.csv
2017,47,PINKYKAUR VAJINDERSINGH BHATIA,INC,Indian National Congress,7486,2,data/maharashtra/mumbai/mumbai_2017.csv
2017,47,Supriya Vijay Pawar,SS,Shivsena,3463,3,data/maharashtra/mumbai/mumbai_2017.csv
2017,47,EmilaJosephine Celistin Chetty,IND,Independent,672,4,data/maharashtra/mumbai/mumbai_2017.csv
2017,47,SHEETAL RAKESH CHOUDHARY,MNS,Maharashtra Navnirman Sena,545,5,data/maharashtra/mumbai/mumbai_2017.csv
2017,47,RAJMANI SUBRAMANIAM S,All India Anna Dravid Munnetra Kazhagam Party,All India Anna Dravid Munnetra Kazhagam Party,283,6,data/maharashtra/mumbai/mumbai_2017.csv
2017,47,Pooja Ganesh Honawar,NCP,Nationalist Congress Party,57,7,data/maharashtra/mumbai/mumbai_2017.csv
2017,47,Kayathri Thangraj Kolande,IND,Independent,56,8,data/maharashtra/mumbai/mumbai_2017.csv
2017,47,NOTA,,,490,,data/maharashtra/mumbai/mumbai_2017.csv
2017,48,SALMA SALIM ALMELKAR,INC,Indian National Congress,6655,1,data/maharashtra/mumbai/mumbai_2017.csv
2017,48,MOHDISMAIL SUHAIL SHAIKH,AIMIM,All India Majlis e Ittehadul Muslimeen,2347,2,data/maharashtra/mumbai/mumbai_2017.csv
2017,48,_____ ________ ______,SS,Shivsena,2219,3,data/maharashtra/mumbai/mumbai_2017.csv
2017,48,MohammedShamim MohammedShafi Radiowala,BJP,Bhartiya Janata Party,1601,4,data/maharashtra/mumbai/mumbai_2017.csv
2017,48,MANGESH SADASHIV SHEDGE,IND,Independent,751,5,data/maharashtra/mumbai/mumbai_2017.csv
2017,48,Sharif Hanif Shaikh,NCP,Nationalist Congress Party,572,6,data/maharashtra/mumbai/mumbai_2017.csv
2017,48,SUSHANT SUNIL MALAVADE,MNS,Maharashtra Navnirman Sena,390,7,data/maharashtra/mumbai/mumbai_2017.csv
2017,48,MOHDFIROZ SAMIDAHMED ANSARI,IND,Independent,165,8,data/maharashtra/mumbai/mumbai_2017.csv
2017,48,SAEED SHERFUDDIN SHAIKH,SP,Samajwadi Party,139,9,data/maharashtra/mumbai/mumbai_2017.csv
2017,48,NOTA,,,157,,data/maharashtra/mumbai/mumbai_2017.csv
2017,49,Sangeeta Sanjay Sutar,SS,Shivsena,7359,1,data/maharashtra/mumbai/mumbai_2017.csv
2017,49,FEMIDA IBRAHIM SAYYED,INC,Indian National Congress,5431,2,data/maharashtra/mumbai/mumbai_2017.csv
2017,49,MERILA HAVEN MENDES,BJP,Bhartiya Janata Party,2204,3,data/maharashtra/mumbai/mumbai_2017.csv
2017,49,SARIKA AUSTIN GRACIOUS,NCP,Nationalist Congress Party,1430,4,data/maharashtra/mumbai/mumbai_2017.csv
2017,49,NAZMEEN SIKANDER KHAN,AIMIM,All India Majlis e Ittehadul Muslimeen,1179,5,data/maharashtra/mumbai/mumbai_2017.csv
2017,49,MINAZ FIROZ SHAIKH,BSP,Bahujan Samaj Party,574,6,data/maharashtra/mumbai/mumbai_2017.csv
2017,49,RENUKA PANDURANG DIVE,MNS,Maharashtra Navnirman Sena,300,7,data/maharashtra/mumbai/mumbai_2017.csv
2017,49,RESHMA IRSHAD KHAN,SP,Samajwadi Party,259,8,data/maharashtra/mumbai/mumbai_2017.csv
2017,49,ANITA RAMAKBAL YADAV,IND,Independent,249,9,data/maharashtra/mumbai/mumbai_2017.csv
2017,49,JYOTI RAMDAS BHAISARE,IND,Independent,241,10,data/maharashtra/mumbai/mumbai_2017.csv
2017,49,sonam valimohammad shaikh,IND,Independent,110,11,data/maharashtra/mumbai/mumbai_2017.csv
2017,49,ASHADEVI OMPRAKASH SHAH,IND,Independent,73,12,data/maharashtra/mumbai/mumbai_2017.csv
2017,49,BEENA RAMKUBER SINGH,IND,Independent,72,13,data/maharashtra/mumbai/mumbai_2017.csv
2017,49,Minakshi Bhagirath Kalita,Sambhaji Brigade,Sambhaji Brigade,52,14,data/maharashtra/mumbai/mumbai_2017.csv
2017,49,NISHA BADRUDDIN SAYYED,IND,Independent,31,15,data/maharashtra/mumbai/mumbai_2017.csv
2017,49,NOTA,,,73,,data/maharashtra/mumbai/mumbai_2017.csv
2017,50,DEEPAK JAIPRAKASH THAKUR,BJP,Bhartiya Janata Party,10645,1,data/maharashtra/mumbai/mumbai_2017.csv
2017,50,DINESH SHRIDHAR RAO,SS,Shivsena,6783,2,data/maharashtra/mumbai/mumbai_2017.csv
2017,50,Sneha Vinayak Zagade,INC,Indian National Congress,2739,3,data/maharashtra/mumbai/mumbai_2017.csv
2017,50,HARESH DEU SALVI,MNS,Maharashtra Navnirman Sena,1429,4,data/maharashtra/mumbai/mumbai_2017.csv
2017,50,Umesh Shivaji Dalvi,IND,Independent,347,5,data/maharashtra/mumbai/mumbai_2017.csv
2017,50,Mukesh Bindhyavasani Singh,IND,Independent,269,6,data/maharashtra/mumbai/mumbai_2017.csv
2017,50,CHINTAMANI RAMSURAT DWIVEDI,NCP,Nationalist Congress Party,90,7,data/maharashtra/mumbai/mumbai_2017.csv
2017,50,Abhijeet Dnyaneshwar Bhadrige,IND,Independent,87,8,data/maharashtra/mumbai/mumbai_2017.csv
2017,50,ANIL RAMAVTAR YADAV,IND,Independent,87,8,data/maharashtra/mumbai/mumbai_2017.csv
2017,50,MANOJ MANOHAR HALDE,BSP,Bahujan Samaj Party,52,9,data/maharashtra/mumbai/mumbai_2017.csv
2017,50,MAHENDRAPRASAD RAMASHANKAR YADAV,IND,Independent,38,10,data/maharashtra/mumbai/mumbai_2017.csv
2017,50,NOTA,,,379,,data/maharashtra/mumbai/mumbai_2017.csv
2017,51,SWAPNIL MOHAN TEMBWALKAR,SS,Shivsena,7802,1,data/maharashtra/mumbai/mumbai_2017.csv
2017,51,VINOD BABAJI SHELAR,BJP,Bhartiya Janata Party,6635,2,data/maharashtra/mumbai/mumbai_2017.csv
2017,51,REKHA DILIP SINGH,INC,Indian National Congress,3828,3,data/maharashtra/mumbai/mumbai_2017.csv
2017,51,GHANSHYAM BHARAT PARAB,MNS,Maharashtra Navnirman Sena,1374,4,data/maharashtra/mumbai/mumbai_2017.csv
2017,51,Sandeep Tukaram Jadhav,Sambhaji Brigade,Sambhaji Brigade,416,5,data/maharashtra/mumbai/mumbai_2017.csv
2017,51,MOHSIN LAL PATEL,SP,Samajwadi Party,285,6,data/maharashtra/mumbai/mumbai_2017.csv
2017,51,AMOL DASHRATH SAWANT,BSP,Bahujan Samaj Party,70,7,data/maharashtra/mumbai/mumbai_2017.csv
2017,51,KIRAN PANDURANG GHAG,IND,Independent,63,8,data/maharashtra/mumbai/mumbai_2017.csv
2017,51,MOHAMMADYAKUB ABULHASAN SHAIKH,IND,Independent,55,9,data/maharashtra/mumbai/mumbai_2017.csv
2017,51,Omprakash Rambachan Gupta,IND,Independent,45,10,data/maharashtra/mumbai/mumbai_2017.csv
2017,51,RAJENDRA KRISHNA PARKAR,IND,Independent,39,11,data/maharashtra/mumbai/mumbai_2017.csv
2017,51,saquibhussain gulamjilani samani,Bahujan Vikas Aghadi,Bahujan Vikas Aghadi,32,12,data/maharashtra/mumbai/mumbai_2017.csv
2017,51,BHANUPRATAP RAJMAN JAISWAL,IND,Independent,15,13,data/maharashtra/mumbai/mumbai_2017.csv
2017,51,NOTA,,,355,,data/maharashtra/mumbai/mumbai_2017.csv
2017,52,PRITI MANOJ SATAM,BJP,Bhartiya Janata Party,6696,1,data/maharashtra/mumbai/mumbai_2017.csv
2017,52,Sampada Rupesh Chavan,SS,Shivsena,6246,2,data/maharashtra/mumbai/mumbai_2017.csv
2017,52,SUGANDHA MADHUKAR SHETYE,MNS,Maharashtra Navnirman Sena,2610,3,data/maharashtra/mumbai/mumbai_2017.csv
2017,52,RASHMI PRASHANT BHAVSAR,INC,Indian National Congress,1838,4,data/maharashtra/mumbai/mumbai_2017.csv
2017,52,SANGITA GANGARAM KHARAT,IND,Independent,385,5,data/maharashtra/mumbai/mumbai_2017.csv
2017,52,BABITA NAGARAJANCHETTIAR MAHAKAL,BJP,Bhartiya Janata Party,95,6,data/maharashtra/mumbai/mumbai_2017.csv
2017,52,NOTA,,,432,,data/maharashtra/mumbai/mumbai_2017.csv
2017,53,REKHA DADASAHEB RAMVANSHI,SS,Shivsena,6088,1,data/maharashtra/mumbai/mumbai_2017.csv
2017,53,SANGEETA VITTHAL SHINDE,BJP,Bhartiya Janata Party,3555,2,data/maharashtra/mumbai/mumbai_2017.csv
2017,53,ROHINI SANDEEP SAKPAL,INC,Indian National Congress,2358,3,data/maharashtra/mumbai/mumbai_2017.csv
2017,53,DARSHANA PRAKASH KHANDAGALE,Republican Party of India (A),Republican Party of India (A),1822,4,data/maharashtra/mumbai/mumbai_2017.csv
2017,53,ALKA BHARAT LANDGE,Bharip Bahujan Mahasangh,Bharip Bahujan Mahasangh,990,5,data/maharashtra/mumbai/mumbai_2017.csv
2017,53,poonan baban kharat,MNS,Maharashtra Navnirman Sena,890,6,data/maharashtra/mumbai/mumbai_2017.csv
2017,53,SWATI SADU YADAV,Republican Party of India (A),Republican Party of India (A),213,7,data/maharashtra/mumbai/mumbai_2017.csv
2017,53,PUJA ARJUN SADAFULE,IND,Independent,105,8,data/maharashtra/mumbai/mumbai_2017.csv
2017,53,NOTA,,,372,,data/maharashtra/mumbai/mumbai_2017.csv
2017,54,SADHANA SADASHIV MANE,SS,Shivsena,8363,1,data/maharashtra/mumbai/mumbai_2017.csv
2017,54,SANIKA SATEESH VAZE,BJP,Bhartiya Janata Party,6901,2,data/maharashtra/mumbai/mumbai_2017.csv
2017,54,KANCHAN VINOD PRAJAPATI,INC,Indian National Congress,2903,3,data/maharashtra/mumbai/mumbai_2017.csv
2017,54,sunita gajanan churi,MNS,Maharashtra Navnirman Sena,1346,4,data/maharashtra/mumbai/mumbai_2017.csv
2017,54,RAJASHREE HARISHCHANDRA VISHWASRAO,IND,Independent,1036,5,data/maharashtra/mumbai/mumbai_2017.csv
2017,54,CHHAYA RATAN RAUT,Republican Party of India (A),Republican Party of India (A),479,6,data/maharashtra/mumbai/mumbai_2017.csv
2017,54,REKHA SAKHARAM DHABALE,BSP,Bahujan Samaj Party,174,7,data/maharashtra/mumbai/mumbai_2017.csv
2017,54,VAISHALI NANA PAGARE,NCP,Nationalist Congress Party,143,8,data/maharashtra/mumbai/mumbai_2017.csv
2017,54,NOTA,,,373,,data/maharashtra/mumbai/mumbai_2017.csv
2017,55,HARSH BHARGAV PATEL,BJP,Bhartiya Janata Party,14256,1,data/maharashtra/mumbai/mumbai_2017.csv
2017,55,BIREN DAHYALAL LIMBACHIYA,SS,Shivsena,6242,2,data/maharashtra/mumbai/mumbai_2017.csv
2017,55,KIRAN VINAY PATEL,INC,Indian National Congress,4460,3,data/maharashtra/mumbai/mumbai_2017.csv
2017,55,MAKARAND KHANDERAO MHATRE,MNS,Maharashtra Navnirman Sena,2244,4,data/maharashtra/mumbai/mumbai_2017.csv
2017,55,RAJENDRA KRISHNA VAINGANKAR,BSP,Bahujan Samaj Party,177,5,data/maharashtra/mumbai/mumbai_2017.csv
2017,55,NOTA,,,659,,data/maharashtra/mumbai/mumbai_2017.csv
2017,56,Rajul Sameer Desai,BJP,Bhartiya Janata Party,10219,1,data/maharashtra/mumbai/mumbai_2017.csv
2017,56,LOCHANA CHANDRAKANT CHAVAN,SS,Shivsena,6961,2,data/maharashtra/mumbai/mumbai_2017.csv
2017,56,AARZOO HANIF MALBARI,INC,Indian National Congress,3982,3,data/maharashtra/mumbai/mumbai_2017.csv
2017,56,Megha Sushil Chavan,IND,Independent,2301,4,data/maharashtra/mumbai/mumbai_2017.csv
2017,56,JYOTI PRAKASH PARMAR,MNS,Maharashtra Navnirman Sena,599,5,data/maharashtra/mumbai/mumbai_2017.csv
2017,56,USHA VYANKAT RAMALU,Republican Party of India (A),Republican Party of India (A),323,6,data/maharashtra/mumbai/mumbai_2017.csv
2017,56,VAIJAYANTI RAJU SHETTY,SP,Samajwadi Party,289,7,data/maharashtra/mumbai/mumbai_2017.csv
2017,56,CHANDRAPRIYA CHANDRAKANT JADHAV,BSP,Bahujan Samaj Party,184,8,data/maharashtra/mumbai/mumbai_2017.csv
2017,56,Diksha Dinesh Chavan,IND,Independent,160,9,data/maharashtra/mumbai/mumbai_2017.csv
2017,56,SONALI MAHENDRA MORE,Bahujan Mukti Party,Bahujan Mukti Party,132,10,data/maharashtra/mumbai/mumbai_2017.csv
2017,56,BHARATI ANTHONY FERNANDEZ,Bahujan Vikas Aghadi,Bahujan Vikas Aghadi,118,11,data/maharashtra/mumbai/mumbai_2017.csv
2017,56,PRANITA NAGESH RAJGURE,Janata Dal Secular,Janata Dal Secular,106,12,data/maharashtra/mumbai/mumbai_2017.csv
2017,56,dipti ashok walawalkar,IND,Independent,79,13,data/maharashtra/mumbai/mumbai_2017.csv
2017,56,Nisha Niranjan Pal,Rashtriya Samaj Paksha,Rashtriya Samaj Paksha,63,14,data/maharashtra/mumbai/mumbai_2017.csv
2017,56,USHA SONAJI KAMBLE,IND,Independent,49,15,data/maharashtra/mumbai/mumbai_2017.csv
2017,56,NOTA,,,145,,data/maharashtra/mumbai/mumbai_2017.csv
2017,57,SRIKALA RAMCHANDRAN PILLAI,BJP,Bhartiya Janata Party,10444,1,data/maharashtra/mumbai/mumbai_2017.csv
2017,57,madhavi arun rane,INC,Indian National Congress,5289,2,data/maharashtra/mumbai/mumbai_2017.csv
2017,57,PRAMILA DILIP SHINDE,SS,Shivsena,4764,3,data/maharashtra/mumbai/mumbai_2017.csv
2017,57,SUNITA SUKHDEV KARANDE,NCP,Nationalist Congress Party,489,4,data/maharashtra/mumbai/mumbai_2017.csv
2017,57,REKHA ASHOK INGOLE,MNS,Maharashtra Navnirman Sena,480,5,data/maharashtra/mumbai/mumbai_2017.csv
2017,57,CHANDRAKALA AMBADAS RATNAPARKHE,BSP,Bahujan Samaj Party,385,6,data/maharashtra/mumbai/mumbai_2017.csv
2017,57,SARIKA SUNITA NAIDU,IND,Independent,75,7,data/maharashtra/mumbai/mumbai_2017.csv
2017,57,ashvini sudhir mhaske,IND,Independent,49,8,data/maharashtra/mumbai/mumbai_2017.csv
2017,57,PARVEEN JAKAULLA SHAIKH,AIMIM,All India Majlis e Ittehadul Muslimeen,44,9,data/maharashtra/mumbai/mumbai_2017.csv
2017,57,ASMITA ASHOK KHADYE,IND,Independent,38,10,data/maharashtra/mumbai/mumbai_2017.csv
2017,57,NOTA,,,267,,data/maharashtra/mumbai/mumbai_2017.csv
2017,58,SANDEEP DILIP PATEL,BJP,Bhartiya Janata Party,7153,1,data/maharashtra/mumbai/mumbai_2017.csv
2017,58,RAJAN VASANT PADHYE,SS,Shivsena,6606,2,data/maharashtra/mumbai/mumbai_2017.csv
2017,58,SURYAPRAKASH NARAYAN SHETTIGAR,INC,Indian National Congress,3066,3,data/maharashtra/mumbai/mumbai_2017.csv
2017,58,virendra vijay jadhav,MNS,Maharashtra Navnirman Sena,2756,4,data/maharashtra/mumbai/mumbai_2017.csv
2017,58,ATIULLAH ANGREZBAHADUR KHAN,SP,Samajwadi Party,1320,5,data/maharashtra/mumbai/mumbai_2017.csv
2017,58,RAMESH SHYAMDEV YADAV,IND,Independent,535,6,data/maharashtra/mumbai/mumbai_2017.csv
2017,58,AJAY DATTARAM VICHARE,NCP,Nationalist Congress Party,263,7,data/maharashtra/mumbai/mumbai_2017.csv
2017,58,PRADIP GOPINATH SALVI,Communist Party Of India (Marxist),Communist Party Of India (Marxist),219,8,data/maharashtra/mumbai/mumbai_2017.csv
2017,58,ASHISH MAHADEO PENDSE,Lokbharati,Lokbharati,165,9,data/maharashtra/mumbai/mumbai_2017.csv
2017,58,Rishikesh RajendraPrasad Pandey,IND,Independent,161,10,data/maharashtra/mumbai/mumbai_2017.csv
2017,58,salim dawood kazi,united congress party,united congress party,153,11,data/maharashtra/mumbai/mumbai_2017.csv
2017,58,KIRPALSINGH MANOHARSINGH MAKKAD,IND,Independent,120,12,data/maharashtra/mumbai/mumbai_2017.csv
2017,58,DEV LAL SINGH,Bahujan Vikas Aghadi,Bahujan Vikas Aghadi,107,13,data/maharashtra/mumbai/mumbai_2017.csv
2017,58,nitin narendra gupta,Akhil Bharatiya Sena,Akhil Bharatiya Sena,91,14,data/maharashtra/mumbai/mumbai_2017.csv
2017,58,SALMAN AZIZ KHAN,Republican Party of India (A),Republican Party of India (A),87,15,data/maharashtra/mumbai/mumbai_2017.csv
2017,58,SURAJ SUBRAMANIAN KUNDAYIL,BSP,Bahujan Samaj Party,74,16,data/maharashtra/mumbai/mumbai_2017.csv
2017,58,Shailesh Ramesh Saroj,IND,Independent,71,17,data/maharashtra/mumbai/mumbai_2017.csv
2017,58,VIJAY HIRU KASARE,IND,Independent,62,18,data/maharashtra/mumbai/mumbai_2017.csv
2017,58,SANJAY BRIJPALSINGH RAJPUT,IND,Independent,18,19,data/maharashtra/mumbai/mumbai_2017.csv
2017,58,NOTA,,,309,,data/maharashtra/mumbai/mumbai_2017.csv
2017,59,PRATIMA SHAILESH KHOPADE,SS,Shivsena,7690,1,data/maharashtra/mumbai/mumbai_2017.csv
2017,59,PRIYA GAJENDRA BHANJI,BJP,Bhartiya Janata Party,6494,2,data/maharashtra/mumbai/mumbai_2017.csv
2017,59,KOKILA ASHOK KUMBHAR,INC,Indian National Congress,5823,3,data/maharashtra/mumbai/mumbai_2017.csv
2017,59,SUHASINI PRAVIN KORGAONKAR,MNS,Maharashtra Navnirman Sena,619,4,data/maharashtra/mumbai/mumbai_2017.csv
2017,59,NOTA,,,485,,data/maharashtra/mumbai/mumbai_2017.csv
2017,60,YOGIRAJ NARAYANRAO DABHADKAR,BJP,Bhartiya Janata Party,6908,1,data/maharashtra/mumbai/mumbai_2017.csv
2017,60,Fanse Yashodar Pajakar,SS,Shivsena,6406,2,data/maharashtra/mumbai/mumbai_2017.csv
2017,60,JYOTSNA ABHAY DIGHE,INC,Indian National Congress,3479,3,data/maharashtra/mumbai/mumbai_2017.csv
2017,60,PRASHANT ASHOK RANE,MNS,Maharashtra Navnirman Sena,539,4,data/maharashtra/mumbai/mumbai_2017.csv
2017,60,SURESH SHAMBHUPRASAD KANOJIA,united congress party,united congress party,120,5,data/maharashtra/mumbai/mumbai_2017.csv
2017,60,vikas jagdish jangam,NCP,Nationalist Congress Party,98,6,data/maharashtra/mumbai/mumbai_2017.csv
2017,60,SAIRABANO MOHAMMED PATEL,IND,Independent,50,7,data/maharashtra/mumbai/mumbai_2017.csv
2017,60,UMER MOHAMMED MAKWANA,IND,Independent,44,8,data/maharashtra/mumbai/mumbai_2017.csv
2017,60,NOTA,,,343,,data/maharashtra/mumbai/mumbai_2017.csv
2017,61,RAJUL SURESH PATEL,SS,Shivsena,10043,1,data/maharashtra/mumbai/mumbai_2017.csv
2017,61,URMILA RAVISHANKAR GUPTA,BJP,Bhartiya Janata Party,4277,2,data/maharashtra/mumbai/mumbai_2017.csv
2017,61,SAYEEDA ABDUL SHAIKH,AIMIM,All India Majlis e Ittehadul Muslimeen,2268,3,data/maharashtra/mumbai/mumbai_2017.csv
2017,61,MANORAMA UMESH SINGH,INC,Indian National Congress,2224,4,data/maharashtra/mumbai/mumbai_2017.csv
2017,61,GAYATRIDEVI RAMGOVIND SINGH,SP,Samajwadi Party,989,5,data/maharashtra/mumbai/mumbai_2017.csv
2017,61,SATVASHILA UTTAM PARAB,MNS,Maharashtra Navnirman Sena,491,6,data/maharashtra/mumbai/mumbai_2017.csv
2017,61,BHATABAI EKNATH KAPADANE,BSP,Bahujan Samaj Party,477,7,data/maharashtra/mumbai/mumbai_2017.csv
2017,61,priyanka jayprakash gupta,IND,Independent,273,8,data/maharashtra/mumbai/mumbai_2017.csv
2017,61,razia MohdRashid Qureshi,NCP,Nationalist Congress Party,70,9,data/maharashtra/mumbai/mumbai_2017.csv
2017,61,ASHA SHIVAJI KAMBLE,Bahujan Mukti Party,Bahujan Mukti Party,38,10,data/maharashtra/mumbai/mumbai_2017.csv
2017,61,CHERANBAI HOUSAJI BHALERAO,Republican Party of India (A),Republican Party of India (A),28,11,data/maharashtra/mumbai/mumbai_2017.csv
2017,61,NOTA,,,218,,data/maharashtra/mumbai/mumbai_2017.csv
2017,62,Changez Jamal Multani,IND,Independent,10659,1,data/maharashtra/mumbai/mumbai_2017.csv
2017,62,Raju Shripad Pednekar,SS,Shivsena,4569,2,data/maharashtra/mumbai/mumbai_2017.csv
2017,62,FIROZAHMED MEHNDIHASAN SHAH,INC,Indian National Congress,2857,3,data/maharashtra/mumbai/mumbai_2017.csv
2017,62,FOWAJ BASHIR MEMON,SP,Samajwadi Party,2653,4,data/maharashtra/mumbai/mumbai_2017.csv
2017,62,VITTHAL TIPPANNA BANDHERI,BJP,Bhartiya Janata Party,1746,5,data/maharashtra/mumbai/mumbai_2017.csv
2017,62,rajesh maruti patil,NCP,Nationalist Congress Party,170,6,data/maharashtra/mumbai/mumbai_2017.csv
2017,62,VISHAL RAMCHANDRA HARYAN,MNS,Maharashtra Navnirman Sena,169,7,data/maharashtra/mumbai/mumbai_2017.csv
2017,62,NOTA,,,139,,data/maharashtra/mumbai/mumbai_2017.csv
2017,63,RANJANA UJWAL PATIL,BJP,Bhartiya Janata Party,4864,1,data/maharashtra/mumbai/mumbai_2017.csv
2017,63,VARSHA VISHNU KORGAONKAR,SS,Shivsena,4198,2,data/maharashtra/mumbai/mumbai_2017.csv
2017,63,SABIHA ARIF KHAN,AIMIM,All India Majlis e Ittehadul Muslimeen,4095,3,data/maharashtra/mumbai/mumbai_2017.csv
2017,63,PRATIBHA BIPINKUMAR SINGH,INC,Indian National Congress,3394,4,data/maharashtra/mumbai/mumbai_2017.csv
2017,63,MEENA SUNDER VASWANI,MNS,Maharashtra Navnirman Sena,408,5,data/maharashtra/mumbai/mumbai_2017.csv
2017,63,ASHIYANA LAEEKAHMED PENWALA,SP,Samajwadi Party,330,6,data/maharashtra/mumbai/mumbai_2017.csv
2017,63,JYOTI GAUTAM SAHAJRAO,BSP,Bahujan Samaj Party,195,7,data/maharashtra/mumbai/mumbai_2017.csv
2017,63,LAXMI BABU DHANGAR,IND,Independent,134,8,data/maharashtra/mumbai/mumbai_2017.csv
2017,63,SHABHAM IBRAHIM PATHAN,Bharip Bahujan Mahasangh,Bharip Bahujan Mahasangh,54,9,data/maharashtra/mumbai/mumbai_2017.csv
2017,63,FARHA AFTAB KHAN,INC,Indian National Congress,31,10,data/maharashtra/mumbai/mumbai_2017.csv
2017,63,NOTA,,,237,,data/maharashtra/mumbai/mumbai_2017.csv
2017,64,SHAHEDA HAROONRASHID KHAN,SS,Shivsena,7589,1,data/maharashtra/mumbai/mumbai_2017.csv
2017,64,Sangita Vijay Patil,SP,Samajwadi Party,4410,2,data/maharashtra/mumbai/mumbai_2017.csv
2017,64,GEETANJALI RAJU KAREKAR,INC,Indian National Congress,3920,3,data/maharashtra/mumbai/mumbai_2017.csv
2017,64,AKRITI RAJIV PRASAD,BJP,Bhartiya Janata Party,3836,4,data/maharashtra/mumbai/mumbai_2017.csv
2017,64,HUDA ADAM SHAIKH KHAN,AIMIM,All India Majlis e Ittehadul Muslimeen,2112,5,data/maharashtra/mumbai/mumbai_2017.csv
2017,64,Sneha Sudhir Tawde,MNS,Maharashtra Navnirman Sena,1161,6,data/maharashtra/mumbai/mumbai_2017.csv
2017,64,SHIVANI SANTOSH PARAB,Sambhaji Brigade,Sambhaji Brigade,308,7,data/maharashtra/mumbai/mumbai_2017.csv
2017,64,SHARDA LAXMAN KAMBLE,NCP,Nationalist Congress Party,113,8,data/maharashtra/mumbai/mumbai_2017.csv
2017,64,MEENA GOVIND RANE,IND,Independent,82,9,data/maharashtra/mumbai/mumbai_2017.csv
2017,64,NOTA,,,368,,data/maharashtra/mumbai/mumbai_2017.csv
2017,65,ALPA ASHOK JADHAV,INC,Indian National Congress,7820,1,data/maharashtra/mumbai/mumbai_2017.csv
2017,65,MAYA SANTOSHSING RAJPUT,BJP,Bhartiya Janata Party,6515,2,data/maharashtra/mumbai/mumbai_2017.csv
2017,65,NUTAN PRASAD AYARE,SS,Shivsena,5833,3,data/maharashtra/mumbai/mumbai_2017.csv
2017,65,ALMAS FAZAL QURESHI,AIMIM,All India Majlis e Ittehadul Muslimeen,1178,4,data/maharashtra/mumbai/mumbai_2017.csv
2017,65,Avantika Vilas Raut,MNS,Maharashtra Navnirman Sena,589,5,data/maharashtra/mumbai/mumbai_2017.csv
2017,65,Bidul Kadar Agwaan,Communist Party Of India (Marxist),Communist Party Of India (Marxist),406,6,data/maharashtra/mumbai/mumbai_2017.csv
2017,65,MANJULA DHARMA LANJEKAR,IND,Independent,132,7,data/maharashtra/mumbai/mumbai_2017.csv
2017,65,SUFIYA FARID SHAIKH,IND,Independent,86,8,data/maharashtra/mumbai/mumbai_2017.csv
2017,65,NOTA,,,376,,data/maharashtra/mumbai/mumbai_2017.csv
2017,66,MEHER MOHSIN HYDER,INC,Indian National Congress,11228,1,data/maharashtra/mumbai/mumbai_2017.csv
2017,66,FIRDOUS ARIF SHAIKH,AIMIM,All India Majlis e Ittehadul Muslimeen,7418,2,data/maharashtra/mumbai/mumbai_2017.csv
2017,66,SHILA JASWANTLAL SHAH,BJP,Bhartiya Janata Party,4719,3,data/maharashtra/mumbai/mumbai_2017.csv
2017,66,YOGEETA YELLAPPA KUSHALKAR,SS,Shivsena,3702,4,data/maharashtra/mumbai/mumbai_2017.csv
2017,66,Karuna Hari Valodra,IND,Independent,497,5,data/maharashtra/mumbai/mumbai_2017.csv
2017,66,Noorbanu Md Yusuf Shaikh,Communist Party Of India (Marxist),Communist Party Of India (Marxist),369,6,data/maharashtra/mumbai/mumbai_2017.csv
2017,66,SANJANA SANJOG PAWAR,MNS,Maharashtra Navnirman Sena,339,7,data/maharashtra/mumbai/mumbai_2017.csv
2017,66,KAUSAR ABUBAKAR SHAIKH,Janata Dal Secular,Janata Dal Secular,66,8,data/maharashtra/mumbai/mumbai_2017.csv
2017,66,DURGAVATI SHANTARAM SAHANI,IND,Independent,47,9,data/maharashtra/mumbai/mumbai_2017.csv
2017,66,NOTA,,,278,,data/maharashtra/mumbai/mumbai_2017.csv
2017,67,SUDHA SHAMBHUNATH SINGH,BJP,Bhartiya Janata Party,10719,1,data/maharashtra/mumbai/mumbai_2017.csv
2017,67,PRACHI PRASAD PARAB,SS,Shivsena,7587,2,data/maharashtra/mumbai/mumbai_2017.csv
2017,67,VANITA KAILASH MARUCHA,INC,Indian National Congress,4243,3,data/maharashtra/mumbai/mumbai_2017.csv
2017,67,RADHIKA ARMUGAM UDAIYAR,MNS,Maharashtra Navnirman Sena,968,4,data/maharashtra/mumbai/mumbai_2017.csv
2017,67,NOTA,,,588,,data/maharashtra/mumbai/mumbai_2017.csv
2017,68,ROHAN SHASHINDRA RATHOD,BJP,Bhartiya Janata Party,8200,1,data/maharashtra/mumbai/mumbai_2017.csv
2017,68,DEVENDRA SHRIDHAR AMBERKAR,SS,Shivsena,6226,2,data/maharashtra/mumbai/mumbai_2017.csv
2017,68,InderpalSingh ManorathSingh Sabharwal,INC,Indian National Congress,2157,3,data/maharashtra/mumbai/mumbai_2017.csv
2017,68,Abhijeet Vijay Mehta,IND,Independent,2147,4,data/maharashtra/mumbai/mumbai_2017.csv
2017,68,SACHIN BHAGWAN TALEKAR,MNS,Maharashtra Navnirman Sena,784,5,data/maharashtra/mumbai/mumbai_2017.csv
2017,68,Sunil Dilip Shejwal,Bharip Bahujan Mahasangh,Bharip Bahujan Mahasangh,255,6,data/maharashtra/mumbai/mumbai_2017.csv
2017,68,MAHIN MOHIDDIN SHAIKH,IND,Independent,179,7,data/maharashtra/mumbai/mumbai_2017.csv
2017,68,ujjay ramesh jadhav,IND,Independent,112,8,data/maharashtra/mumbai/mumbai_2017.csv
2017,68,MADHUSUDAN BAPU SADADEKAR,NCP,Nationalist Congress Party,85,9,data/maharashtra/mumbai/mumbai_2017.csv
2017,68,mehboob badshah shaikh,BSP,Bahujan Samaj Party,62,10,data/maharashtra/mumbai/mumbai_2017.csv
2017,68,Robin Lubert Tauro,united congress party,united congress party,61,11,data/maharashtra/mumbai/mumbai_2017.csv
2017,68,pradeep Atmaram kashid,Sambhaji Brigade,Sambhaji Brigade,30,12,data/maharashtra/mumbai/mumbai_2017.csv
2017,68,Mahesh Chandappa Jathan,IND,Independent,29,13,data/maharashtra/mumbai/mumbai_2017.csv
2017,68,NOTA,,,376,,data/maharashtra/mumbai/mumbai_2017.csv
2017,69,RENU KISHORILAL BHASIN,BJP,Bhartiya Janata Party,8266,1,data/maharashtra/mumbai/mumbai_2017.csv
2017,69,Bhavna Sikander Jain,INC,Indian National Congress,4561,2,data/maharashtra/mumbai/mumbai_2017.csv
2017,69,ANJALI DEEPAK PALKAR,SS,Shivsena,3833,3,data/maharashtra/mumbai/mumbai_2017.csv
2017,69,Nayana Senthilkumar Pallar,MNS,Maharashtra Navnirman Sena,1092,4,data/maharashtra/mumbai/mumbai_2017.csv
2017,69,Neha Kumarrampravesh Sharma,IND,Independent,432,5,data/maharashtra/mumbai/mumbai_2017.csv
2017,69,MARY DOMNIC CREADO,IND,Independent,183,6,data/maharashtra/mumbai/mumbai_2017.csv
2017,69,Bhanumati Shankar Dravid,IND,Independent,83,7,data/maharashtra/mumbai/mumbai_2017.csv
2017,69,FARZANA AJAMAT SHAIKH,IND,Independent,28,8,data/maharashtra/mumbai/mumbai_2017.csv
2017,69,PRIYANKA GANESH DEVENDRA,IND,Independent,28,8,data/maharashtra/mumbai/mumbai_2017.csv
2017,69,NOTA,,,212,,data/maharashtra/mumbai/mumbai_2017.csv
2017,70,SUNITA RAJESH MEHTA,BJP,Bhartiya Janata Party,13034,1,data/maharashtra/mumbai/mumbai_2017.csv
2017,70,VEENA VIRENDRA TAUK,SS,Shivsena,3760,2,data/maharashtra/mumbai/mumbai_2017.csv
2017,70,BINITA MEHUL VORA,INC,Indian National Congress,3478,3,data/maharashtra/mumbai/mumbai_2017.csv
2017,70,RASHMI RAVINDRA YELANGE,MNS,Maharashtra Navnirman Sena,2076,4,data/maharashtra/mumbai/mumbai_2017.csv
2017,70,SMITA LLOYD PEREYRA,NCP,Nationalist Congress Party,158,5,data/maharashtra/mumbai/mumbai_2017.csv
2017,70,HETAL HARSHID DOSHI,IND,Independent,94,6,data/maharashtra/mumbai/mumbai_2017.csv
2017,70,SANDHYA SURYAKANT SAWANT,united congress party,united congress party,88,7,data/maharashtra/mumbai/mumbai_2017.csv
2017,70,MEENU BABULNATH YADAV,IND,Independent,62,8,data/maharashtra/mumbai/mumbai_2017.csv
2017,70,BALAMANI BALRAM POTNAGARI,IND,Independent,34,9,data/maharashtra/mumbai/mumbai_2017.csv
2017,70,NOTA,,,367,,data/maharashtra/mumbai/mumbai_2017.csv
2017,71,Aneesh Naval Makwaaney,BJP,Bhartiya Janata Party,7277,1,data/maharashtra/mumbai/mumbai_2017.csv
2017,71,JITENDRA GUNWANT JANAWALE,SS,Shivsena,6743,2,data/maharashtra/mumbai/mumbai_2017.csv
2017,71,Jayanti Jivabhai Siroya,INC,Indian National Congress,2609,3,data/maharashtra/mumbai/mumbai_2017.csv
2017,71,LIBERALIS ALEX FERNANDES,IND,Independent,718,4,data/maharashtra/mumbai/mumbai_2017.csv
2017,71,SHRIKANT VASANT YADAV,IND,Independent,635,5,data/maharashtra/mumbai/mumbai_2017.csv
2017,71,MUKESH RAMCHANDRA RAJPUT,BSP,Bahujan Samaj Party,411,6,data/maharashtra/mumbai/mumbai_2017.csv
2017,71,LAWRENCEROY LEO CASTELINO,Republican Party of India (A),Republican Party of India (A),399,7,data/maharashtra/mumbai/mumbai_2017.csv
2017,71,ALAMGIR AJHUSSAIN SHAIKH,IND,Independent,367,8,data/maharashtra/mumbai/mumbai_2017.csv
2017,71,SUBHASH BALKRISHNA GHADGE,IND,Independent,243,9,data/maharashtra/mumbai/mumbai_2017.csv
2017,71,SAVIO SIMON COUTINHO,IND,Independent,179,10,data/maharashtra/mumbai/mumbai_2017.csv
2017,71,anthony agnel fernandes,IND,Independent,176,11,data/maharashtra/mumbai/mumbai_2017.csv
2017,71,RAJESHKUMAR KESHAV KASHYAP,IND,Independent,145,12,data/maharashtra/mumbai/mumbai_2017.csv
2017,71,Aditi Shailesh Salvi,Bharip Bahujan Mahasangh,Bharip Bahujan Mahasangh,139,13,data/maharashtra/mumbai/mumbai_2017.csv
2017,71,NARAYAN BHASKAR VALANJU,IND,Independent,122,14,data/maharashtra/mumbai/mumbai_2017.csv
2017,71,KISHOR MAHADEV DHURE,IND,Independent,100,15,data/maharashtra/mumbai/mumbai_2017.csv
2017,71,NOTA,,,186,,data/maharashtra/mumbai/mumbai_2017.csv
2017,72,PANKAJ SHOBHNATH YADAV,BJP,Bhartiya Janata Party,12709,1,data/maharashtra/mumbai/mumbai_2017.csv
2017,72,ANIL DASHRATH MANE,SS,Shivsena,11321,2,data/maharashtra/mumbai/mumbai_2017.csv
2017,72,SHILPA SANTOSH SALVI,INC,Indian National Congress,3574,3,data/maharashtra/mumbai/mumbai_2017.csv
2017,72,Manoj Ramesh Sakhat,IND,Independent,525,4,data/maharashtra/mumbai/mumbai_2017.csv
2017,72,SHRADDHA DILIP JADHAV,NCP,Nationalist Congress Party,381,5,data/maharashtra/mumbai/mumbai_2017.csv
2017,72,NOTA,,,603,,data/maharashtra/mumbai/mumbai_2017.csv
2017,73,PRAVIN GAJANAN SHINDE,SS,Shivsena,13084,1,data/maharashtra/mumbai/mumbai_2017.csv
2017,73,Bhalchandra Gangaram Ambure,BJP,Bhartiya Janata Party,5579,2,data/maharashtra/mumbai/mumbai_2017.csv
2017,73,Nitin Raviandra Sawant,INC,Indian National Congress,3209,3,data/maharashtra/mumbai/mumbai_2017.csv
2017,73,Pramod Vishnu Mhaskar,MNS,Maharashtra Navnirman Sena,1936,4,data/maharashtra/mumbai/mumbai_2017.csv
2017,73,SANJAY ANANT MAHALE,NCP,Nationalist Congress Party,207,5,data/maharashtra/mumbai/mumbai_2017.csv
2017,73,RAHUL NIVRUTTI KHARAT,BSP,Bahujan Samaj Party,52,6,data/maharashtra/mumbai/mumbai_2017.csv
2017,73,AAKASH HARIKESH KORI,IND,Independent,46,7,data/maharashtra/mumbai/mumbai_2017.csv
2017,73,NOTA,,,470,,data/maharashtra/mumbai/mumbai_2017.csv
2017,74,UJWALA SHRIKRUSHNA MODAK,BJP,Bhartiya Janata Party,9713,1,data/maharashtra/mumbai/mumbai_2017.csv
2017,74,RACHANA RAVINDRA SAWANT,SS,Shivsena,9255,2,data/maharashtra/mumbai/mumbai_2017.csv
2017,74,Pushpa Milind Bhole,INC,Indian National Congress,2422,3,data/maharashtra/mumbai/mumbai_2017.csv
2017,74,Sandhya Parasharam More,MNS,Maharashtra Navnirman Sena,2385,4,data/maharashtra/mumbai/mumbai_2017.csv
2017,74,KASHIBAI CHHABBU UGHADE,BSP,Bahujan Samaj Party,547,5,data/maharashtra/mumbai/mumbai_2017.csv
2017,74,KALPANA RAMCHANDRA NAIK,NCP,Nationalist Congress Party,167,6,data/maharashtra/mumbai/mumbai_2017.csv
2017,74,RATNAMALA RAMESH JAGDALE,IND,Independent,74,7,data/maharashtra/mumbai/mumbai_2017.csv
2017,74,swati suhas bane,IND,Independent,64,8,data/maharashtra/mumbai/mumbai_2017.csv
2017,74,NOTA,,,404,,data/maharashtra/mumbai/mumbai_2017.csv
2017,75,Priyanka Pramod Sawant,SS,Shivsena,10801,1,data/maharashtra/mumbai/mumbai_2017.csv
2017,75,Nirmala Dilip Mane,BJP,Bhartiya Janata Party,4790,2,data/maharashtra/mumbai/mumbai_2017.csv
2017,75,Anjana Bhaskar Dudwadkar,INC,Indian National Congress,3876,3,data/maharashtra/mumbai/mumbai_2017.csv
2017,75,NAINA SACHIN KHAIRNAR,NCP,Nationalist Congress Party,2347,4,data/maharashtra/mumbai/mumbai_2017.csv
2017,75,YASHASHRI PRAMOD PATIL,MNS,Maharashtra Navnirman Sena,616,5,data/maharashtra/mumbai/mumbai_2017.csv
2017,75,SUREKHA PANDURANG CHAVAN,IND,Independent,104,6,data/maharashtra/mumbai/mumbai_2017.csv
2017,75,SANTOSHI PRAKASH KHANDAGALE,Republican Party of India (A),Republican Party of India (A),95,7,data/maharashtra/mumbai/mumbai_2017.csv
2017,75,ANJALI ANKUSH MHASKAR,IND,Independent,82,8,data/maharashtra/mumbai/mumbai_2017.csv
2017,75,NOTA,,,436,,data/maharashtra/mumbai/mumbai_2017.csv
2017,76,KESHARBEN MURJI PATEL,BJP,Bhartiya Janata Party,12064,1,data/maharashtra/mumbai/mumbai_2017.csv
2017,76,Nitin Bandopant Salagre,INC,Indian National Congress,3717,2,data/maharashtra/mumbai/mumbai_2017.csv
2017,76,SATYAWAN RAMCHANDRA MANCHEKAR,SS,Shivsena,3286,3,data/maharashtra/mumbai/mumbai_2017.csv
2017,76,DEVJI TUKARAM BANE,MNS,Maharashtra Navnirman Sena,814,4,data/maharashtra/mumbai/mumbai_2017.csv
2017,76,MINAKSHI VIJAY CHALKE,NCP,Nationalist Congress Party,145,5,data/maharashtra/mumbai/mumbai_2017.csv
2017,76,NOTA,,,354,,data/maharashtra/mumbai/mumbai_2017.csv
2017,77,Anant Bhiku Nar,SS,Shivsena,12854,1,data/maharashtra/mumbai/mumbai_2017.csv
2017,77,Prashant Ghanshyam Kulkarni,BJP,Bhartiya Janata Party,3353,2,data/maharashtra/mumbai/mumbai_2017.csv
2017,77,DNYANESHWAR SAHADEV SAWANT,IND,Independent,3102,3,data/maharashtra/mumbai/mumbai_2017.csv
2017,77,SANJAY BHASKAR BANE,MNS,Maharashtra Navnirman Sena,1663,4,data/maharashtra/mumbai/mumbai_2017.csv
2017,77,Gajanan Balkrishna Lad,INC,Indian National Congress,1650,5,data/maharashtra/mumbai/mumbai_2017.csv
2017,77,Nitin Jairam Kubal,IND,Independent,708,6,data/maharashtra/mumbai/mumbai_2017.csv
2017,77,MAYUR MANOHAR MORYE,IND,Independent,697,7,data/maharashtra/mumbai/mumbai_2017.csv
2017,77,SHRIDHAR YESHWANT KHADYE,IND,Independent,505,8,data/maharashtra/mumbai/mumbai_2017.csv
2017,77,DATTADAS SHANKAR SHIRSAT,IND,Independent,393,9,data/maharashtra/mumbai/mumbai_2017.csv
2017,77,Pramod Bapu Dalvi,IND,Independent,217,10,data/maharashtra/mumbai/mumbai_2017.csv
2017,77,NARAYAN GANPAT SAWANT,IND,Independent,131,11,data/maharashtra/mumbai/mumbai_2017.csv
2017,77,MANGESH DAGADU KASARE,BSP,Bahujan Samaj Party,123,12,data/maharashtra/mumbai/mumbai_2017.csv
2017,77,NOTA,,,417,,data/maharashtra/mumbai/mumbai_2017.csv
2017,78,______ ____________ ____,NCP,Nationalist Congress Party,4012,1,data/maharashtra/mumbai/mumbai_2017.csv
2017,78,NEHA KHURSHEEDALAM SHAIKH,SS,Shivsena,2934,2,data/maharashtra/mumbai/mumbai_2017.csv
2017,78,Farida Farhan Ansari,SP,Samajwadi Party,2788,3,data/maharashtra/mumbai/mumbai_2017.csv
2017,78,Jamila iqbal Shah,INC,Indian National Congress,2737,4,data/maharashtra/mumbai/mumbai_2017.csv
2017,78,AFROZBEGUM AFZALALI MEER,AIMIM,All India Majlis e Ittehadul Muslimeen,2456,5,data/maharashtra/mumbai/mumbai_2017.csv
2017,78,FATIMA RAFIQAHMED SHAH,IND,Independent,1775,6,data/maharashtra/mumbai/mumbai_2017.csv
2017,78,SAYALI SANJAY MHATRE,IND,Independent,1704,7,data/maharashtra/mumbai/mumbai_2017.csv
2017,78,HEENA MEHBOOB SHAH,BJP,Bhartiya Janata Party,845,8,data/maharashtra/mumbai/mumbai_2017.csv
2017,78,NOTA,,,314,,data/maharashtra/mumbai/mumbai_2017.csv
2017,79,SADANAND WAMAN PARAB,SS,Shivsena,9659,1,data/maharashtra/mumbai/mumbai_2017.csv
2017,79,Santosh Gangaram Medhekar,BJP,Bhartiya Janata Party,5002,2,data/maharashtra/mumbai/mumbai_2017.csv
2017,79,Ajay Shivpujan Tiwari,IND,Independent,4157,3,data/maharashtra/mumbai/mumbai_2017.csv
2017,79,purushottam baburao jalgaonkar,INC,Indian National Congress,2046,4,data/maharashtra/mumbai/mumbai_2017.csv
2017,79,MONICA KAJMER FERNANDES,MNS,Maharashtra Navnirman Sena,1675,5,data/maharashtra/mumbai/mumbai_2017.csv
2017,79,RAJESH BUDDHU YADAV,SP,Samajwadi Party,493,6,data/maharashtra/mumbai/mumbai_2017.csv
2017,79,SANDEEP DATTARAM PAWAR,IND,Independent,162,7,data/maharashtra/mumbai/mumbai_2017.csv
2017,79,NOTA,,,323,,data/maharashtra/mumbai/mumbai_2017.csv
2017,80,Sunil Lalanprasad Yadav,BJP,Bhartiya Janata Party,12342,1,data/maharashtra/mumbai/mumbai_2017.csv
2017,80,MANOHAR GANGARAM PANCHAL,SS,Shivsena,10335,2,data/maharashtra/mumbai/mumbai_2017.csv
2017,80,MUKESH CHANDRANATH SHARMA,INC,Indian National Congress,1810,3,data/maharashtra/mumbai/mumbai_2017.csv
2017,80,VISHAL VISHWANATH HALDANKAR,MNS,Maharashtra Navnirman Sena,1201,4,data/maharashtra/mumbai/mumbai_2017.csv
2017,80,Manish Dayabhai Patel,BSP,Bahujan Samaj Party,723,5,data/maharashtra/mumbai/mumbai_2017.csv
2017,80,AJAY JAYANTILAL SOLANKI,IND,Independent,354,6,data/maharashtra/mumbai/mumbai_2017.csv
2017,80,___ ________ ____,NCP,Nationalist Congress Party,163,7,data/maharashtra/mumbai/mumbai_2017.csv
2017,80,PANDURANG ABA PARAB,Janata Dal Secular,Janata Dal Secular,88,8,data/maharashtra/mumbai/mumbai_2017.csv
2017,80,RAJENDRA SHANTARAM TAWDE,IND,Independent,66,9,data/maharashtra/mumbai/mumbai_2017.csv
2017,80,Dinesh Ranapratap Singh,IND,Independent,41,10,data/maharashtra/mumbai/mumbai_2017.csv
2017,80,Prabhakar Tarapada Sadhu,IND,Independent,28,11,data/maharashtra/mumbai/mumbai_2017.csv
2017,80,NOTA,,,533,,data/maharashtra/mumbai/mumbai_2017.csv
2017,81,MURJI KANJI PATEL,BJP,Bhartiya Janata Party,10867,1,data/maharashtra/mumbai/mumbai_2017.csv
2017,81,SANDEEP RAJU NAIK,SS,Shivsena,7393,2,data/maharashtra/mumbai/mumbai_2017.csv
2017,81,Jyoti Madhukar Birje,INC,Indian National Congress,2740,3,data/maharashtra/mumbai/mumbai_2017.csv
2017,81,SANTOSH PANDURANG GIRI,MNS,Maharashtra Navnirman Sena,728,4,data/maharashtra/mumbai/mumbai_2017.csv
2017,81,SEEMA HEMANT BANSOD,NCP,Nationalist Congress Party,206,5,data/maharashtra/mumbai/mumbai_2017.csv
2017,81,SAGAR RAMPRASAD POTUL,IND,Independent,59,6,data/maharashtra/mumbai/mumbai_2017.csv
2017,81,NOTA,,,362,,data/maharashtra/mumbai/mumbai_2017.csv
2017,82,Jagdish Kutty Amin,INC,Indian National Congress,5663,1,data/maharashtra/mumbai/mumbai_2017.csv
2017,82,Santosh Vasant Kelkar,BJP,Bhartiya Janata Party,5615,2,data/maharashtra/mumbai/mumbai_2017.csv
2017,82,Subhash Kanta Sawant,SS,Shivsena,3724,3,data/maharashtra/mumbai/mumbai_2017.csv
2017,82,RAJMANI GOMATIPRASAD SHUKLA,NCP,Nationalist Congress Party,1317,4,data/maharashtra/mumbai/mumbai_2017.csv
2017,82,Bhimrao Shivram Gamre,IND,Independent,1227,5,data/maharashtra/mumbai/mumbai_2017.csv
2017,82,HARBANSSINGH BALDEVSINGH BANWAIT,IND,Independent,373,6,data/maharashtra/mumbai/mumbai_2017.csv
2017,82,Sanjay Vasant Dhaware,MNS,Maharashtra Navnirman Sena,369,7,data/maharashtra/mumbai/mumbai_2017.csv
2017,82,Rahulhamid Manjurali Talukdar,Communist Party Of India (Marxist),Communist Party Of India (Marxist),185,8,data/maharashtra/mumbai/mumbai_2017.csv
2017,82,RAMNIWAS SHYAMDAS GUPTA,Bahujan Mukti Party,Bahujan Mukti Party,179,9,data/maharashtra/mumbai/mumbai_2017.csv
2017,82,ARULRAJ MICHEAL NADAR,IND,Independent,138,10,data/maharashtra/mumbai/mumbai_2017.csv
2017,82,Naresh Shankarlal Saini,IND,Independent,137,11,data/maharashtra/mumbai/mumbai_2017.csv
2017,82,OMPRAKASH RAMPRASAD VISHWAKARMA,IND,Independent,60,12,data/maharashtra/mumbai/mumbai_2017.csv
2017,82,anilkumar sureshnath mishraa,IND,Independent,58,13,data/maharashtra/mumbai/mumbai_2017.csv
2017,82,Prakash Yashwant Gamare,Peoples Republican Party,Peoples Republican Party,52,14,data/maharashtra/mumbai/mumbai_2017.csv
2017,82,JAGDEEP SHRIRAM ARORA,IND,Independent,35,15,data/maharashtra/mumbai/mumbai_2017.csv
2017,82,NOTA,,,185,,data/maharashtra/mumbai/mumbai_2017.csv
2017,83,Winnifred Baptist Dsouza,INC,Indian National Congress,7558,1,data/maharashtra/mumbai/mumbai_2017.csv
2017,83,NIDHI NARESH SAWANT,SS,Shivsena,6953,2,data/maharashtra/mumbai/mumbai_2017.csv
2017,83,Poornima Ramesh Mane,BJP,Bhartiya Janata Party,5548,3,data/maharashtra/mumbai/mumbai_2017.csv
2017,83,SONALI SHASHIKANT SATPUTE,MNS,Maharashtra Navnirman Sena,1554,4,data/maharashtra/mumbai/mumbai_2017.csv
2017,83,ASHWINI ARVIND ADHIKARI,Akhil Bharatiya Sena,Akhil Bharatiya Sena,246,5,data/maharashtra/mumbai/mumbai_2017.csv
2017,83,Sujata Dhananjay Athavale,NCP,Nationalist Congress Party,221,6,data/maharashtra/mumbai/mumbai_2017.csv
2017,83,SANJEEVANI ANKUSH REWALE,Aghadi/Front,Aghadi/Front,122,7,data/maharashtra/mumbai/mumbai_2017.csv
2017,83,shivani sunil hate,IND,Independent,107,8,data/maharashtra/mumbai/mumbai_2017.csv
2017,83,VASANTI JAGANNATH SURVE,IND,Independent,85,9,data/maharashtra/mumbai/mumbai_2017.csv
2017,83,SHEETAL MANGESH SAWANT,IND,Independent,68,10,data/maharashtra/mumbai/mumbai_2017.csv
2017,83,NOTA,,,377,,data/maharashtra/mumbai/mumbai_2017.csv
2017,84,Abhijit Ganpat Samant,BJP,Bhartiya Janata Party,13501,1,data/maharashtra/mumbai/mumbai_2017.csv
2017,84,Veena Chaitanya Bhagwat,SS,Shivsena,8871,2,data/maharashtra/mumbai/mumbai_2017.csv
2017,84,SANDEEP SITARAM DALVI,MNS,Maharashtra Navnirman Sena,7375,3,data/maharashtra/mumbai/mumbai_2017.csv
2017,84,Pyarelal Govind Teli,INC,Indian National Congress,2031,4,data/maharashtra/mumbai/mumbai_2017.csv
2017,84,Raj Mahadev Choughule,IND,Independent,292,5,data/maharashtra/mumbai/mumbai_2017.csv
2017,84,Arvind Ramfer Verma,IND,Independent,102,6,data/maharashtra/mumbai/mumbai_2017.csv
2017,84,RAGHUNATH VISHNU SHIDHORE,IND,Independent,71,7,data/maharashtra/mumbai/mumbai_2017.csv
2017,84,NOTA,,,448,,data/maharashtra/mumbai/mumbai_2017.csv
2017,85,JYOTI PARAG ALAVANI,BJP,Bhartiya Janata Party,15629,1,data/maharashtra/mumbai/mumbai_2017.csv
2017,85,CHANDRAKANT SITARAM PAWAR,SS,Shivsena,5786,2,data/maharashtra/mumbai/mumbai_2017.csv
2017,85,Narendra Chunnilal Hirani,INC,Indian National Congress,5282,3,data/maharashtra/mumbai/mumbai_2017.csv
2017,85,Milind Shantaram Korgaonkar,MNS,Maharashtra Navnirman Sena,1412,4,data/maharashtra/mumbai/mumbai_2017.csv
2017,85,KUNALSINGH MAHENDRASINGH DADIYALA,IND,Independent,62,5,data/maharashtra/mumbai/mumbai_2017.csv
2017,85,rakesh vishwanth arora,IND,Independent,49,6,data/maharashtra/mumbai/mumbai_2017.csv
2017,85,Mukesh Amritlal Gathani,IND,Independent,36,7,data/maharashtra/mumbai/mumbai_2017.csv
2017,85,NOTA,,,574,,data/maharashtra/mumbai/mumbai_2017.csv
2017,86,SUSHMA KAMLESH RAI,INC,Indian National Congress,6213,1,data/maharashtra/mumbai/mumbai_2017.csv
2017,86,HARPREETKAUR SARABJEETSINGH SANDHU,BJP,Bhartiya Janata Party,5228,2,data/maharashtra/mumbai/mumbai_2017.csv
2017,86,_______ _______ ____,SS,Shivsena,4798,3,data/maharashtra/mumbai/mumbai_2017.csv
2017,86,GLADYS NICHOLAS ALMEIDA,IND,Independent,4070,4,data/maharashtra/mumbai/mumbai_2017.csv
2017,86,SHRUTI RATNESH KHADPE,MNS,Maharashtra Navnirman Sena,743,5,data/maharashtra/mumbai/mumbai_2017.csv
2017,86,Maya Arvind Damrekar,IND,Independent,346,6,data/maharashtra/mumbai/mumbai_2017.csv
2017,86,Pragati Prakash Kadam,Communist Party Of India (Marxist),Communist Party Of India (Marxist),346,6,data/maharashtra/mumbai/mumbai_2017.csv
2017,86,Mini Sudhakar Menon,IND,Independent,198,7,data/maharashtra/mumbai/mumbai_2017.csv
2017,86,Julie Kailash Shinde,IND,Independent,195,8,data/maharashtra/mumbai/mumbai_2017.csv
2017,86,MAJU MASTAN BAIG,NCP,Nationalist Congress Party,172,9,data/maharashtra/mumbai/mumbai_2017.csv
2017,86,LAVIA MABBLE PINTO,IND,Independent,104,10,data/maharashtra/mumbai/mumbai_2017.csv
2017,86,NOTA,,,352,,data/maharashtra/mumbai/mumbai_2017.csv
2017,87,VISHWANATH PANDURANG MAHADESHWAR,SS,Shivsena,7250,1,data/maharashtra/mumbai/mumbai_2017.csv
2017,87,Krushna(Mahesh) Parkar,BJP,Bhartiya Janata Party,7216,2,data/maharashtra/mumbai/mumbai_2017.csv
2017,87,DHARMESH KRISHNAKANT VYAS,INC,Indian National Congress,4950,3,data/maharashtra/mumbai/mumbai_2017.csv
2017,87,Sandesh Vasant Gaikwad,MNS,Maharashtra Navnirman Sena,796,4,data/maharashtra/mumbai/mumbai_2017.csv
2017,87,PRADEEPKUMAR JOKHAN SINGH,SP,Samajwadi Party,672,5,data/maharashtra/mumbai/mumbai_2017.csv
2017,87,SHARAFATHUSSAIN HABIBULLAH CHOUDHARY,AIMIM,All India Majlis e Ittehadul Muslimeen,623,6,data/maharashtra/mumbai/mumbai_2017.csv
2017,87,WASEEM ABDULHAKIM SHAIKH,IND,Independent,428,7,data/maharashtra/mumbai/mumbai_2017.csv
2017,87,SUSHANT GUNARATNA PAWAR,BSP,Bahujan Samaj Party,418,8,data/maharashtra/mumbai/mumbai_2017.csv
2017,87,Anwar Bhura Qureshi,NCP,Nationalist Congress Party,319,9,data/maharashtra/mumbai/mumbai_2017.csv
2017,87,VIRENDRA PANDURANG AKEVAR,IND,Independent,165,10,data/maharashtra/mumbai/mumbai_2017.csv
2017,87,SUDHIR RAVIRAI CHOUDHARY,INC,Indian National Congress,109,11,data/maharashtra/mumbai/mumbai_2017.csv
2017,87,Harishchandra Gopal Gamare,IND,Independent,105,12,data/maharashtra/mumbai/mumbai_2017.csv
2017,87,JOHN FRANCIS VAZ,IND,Independent,100,13,data/maharashtra/mumbai/mumbai_2017.csv
2017,87,SANDEEP CHANDRAKANT UDHARKAR,Aghadi/Front,Aghadi/Front,94,14,data/maharashtra/mumbai/mumbai_2017.csv
2017,87,Subhash Sabhapati Mishra,IND,Independent,92,15,data/maharashtra/mumbai/mumbai_2017.csv
2017,87,SANDESH SAYAJI MOHITE,Ambedkarite Party Of India,Ambedkarite Party Of India,46,16,data/maharashtra/mumbai/mumbai_2017.csv
2017,87,VILAS KRISHNA PATKAR,IND,Independent,46,16,data/maharashtra/mumbai/mumbai_2017.csv
2017,87,MAHENDRA KRISHNARAO PAWAR,IND,Independent,17,17,data/maharashtra/mumbai/mumbai_2017.csv
2017,87,NOTA,,,373,,data/maharashtra/mumbai/mumbai_2017.csv
2017,88,SADANAND GAJANAN PARAB,SS,Shivsena,8424,1,data/maharashtra/mumbai/mumbai_2017.csv
2017,88,PRASAD RAMCHANDRA SAMANT,BJP,Bhartiya Janata Party,5534,2,data/maharashtra/mumbai/mumbai_2017.csv
2017,88,SUHAS NARAYAN SHINDE,MNS,Maharashtra Navnirman Sena,3750,3,data/maharashtra/mumbai/mumbai_2017.csv
2017,88,Lalmani Sinnu Rajbhar,INC,Indian National Congress,2012,4,data/maharashtra/mumbai/mumbai_2017.csv
2017,88,SUBHASH MAHADEO SAWANT,IND,Independent,556,5,data/maharashtra/mumbai/mumbai_2017.csv
2017,88,Nilotpal Anjani Mrinal,IND,Independent,434,6,data/maharashtra/mumbai/mumbai_2017.csv
2017,88,HARAKHCHAND LILADHAR GUDHKA,NCP,Nationalist Congress Party,326,7,data/maharashtra/mumbai/mumbai_2017.csv
2017,88,BALAJI ANKUSH PADWAL,IND,Independent,315,8,data/maharashtra/mumbai/mumbai_2017.csv
2017,88,VIJAY SHIVRAM PANDIRKAR,IND,Independent,113,9,data/maharashtra/mumbai/mumbai_2017.csv
2017,88,TANAJI SAMBHAJI GURAV,IND,Independent,78,10,data/maharashtra/mumbai/mumbai_2017.csv
2017,88,ADITYA DHARMENDRA PANDEY,IND,Independent,70,11,data/maharashtra/mumbai/mumbai_2017.csv
2017,88,ANJANI SUBHASH TIWARI,IND,Independent,63,12,data/maharashtra/mumbai/mumbai_2017.csv
2017,88,NOTA,,,315,,data/maharashtra/mumbai/mumbai_2017.csv
2017,89,DINESH KASHIRAM KUBAL,SS,Shivsena,8682,1,data/maharashtra/mumbai/mumbai_2017.csv
2017,89,LAXMAN CHIKKAYYA POOJARI,IND,Independent,8031,2,data/maharashtra/mumbai/mumbai_2017.csv
2017,89,santosh mohan upralkar,MNS,Maharashtra Navnirman Sena,3654,3,data/maharashtra/mumbai/mumbai_2017.csv
2017,89,Suryavansh Balrup Thakur,INC,Indian National Congress,3645,4,data/maharashtra/mumbai/mumbai_2017.csv
2017,89,DILIP SAKHARAM PATIL,BJP,Bhartiya Janata Party,3473,5,data/maharashtra/mumbai/mumbai_2017.csv
2017,89,NOTA,,,368,,data/maharashtra/mumbai/mumbai_2017.csv
2017,90,TULIP BRIAN MIRANDA,INC,Indian National Congress,5952,1,data/maharashtra/mumbai/mumbai_2017.csv
2017,90,BENEDICT DENIS KINNY,SP,Samajwadi Party,4373,2,data/maharashtra/mumbai/mumbai_2017.csv
2017,90,SHAILA KRISHNA THORAT,BJP,Bhartiya Janata Party,3818,3,data/maharashtra/mumbai/mumbai_2017.csv
2017,90,Pratima Kalpesh Ajarekar,SS,Shivsena,2784,4,data/maharashtra/mumbai/mumbai_2017.csv
2017,90,maya jannappa kunchikorve,MNS,Maharashtra Navnirman Sena,2496,5,data/maharashtra/mumbai/mumbai_2017.csv
2017,90,sujata gopal mali,IND,Independent,140,6,data/maharashtra/mumbai/mumbai_2017.csv
2017,90,SEJAL RUSHIKESH GAWANDE,IND,Independent,43,7,data/maharashtra/mumbai/mumbai_2017.csv
2017,90,NOTA,,,430,,data/maharashtra/mumbai/mumbai_2017.csv
2017,91,SAGUN VASANT NAIK,SS,Shivsena,7634,1,data/maharashtra/mumbai/mumbai_2017.csv
2017,91,MOHAMMEDRAFIQUE MUSTAFAHUSAIN SHAIKH,INC,Indian National Congress,5000,2,data/maharashtra/mumbai/mumbai_2017.csv
2017,91,yadunath damodar morajkar,MNS,Maharashtra Navnirman Sena,4770,3,data/maharashtra/mumbai/mumbai_2017.csv
2017,91,DINESH BOMMAYYA AMIN,NCP,Nationalist Congress Party,2953,4,data/maharashtra/mumbai/mumbai_2017.csv
2017,91,DINESH JAIRAM HALDANKAR,Communist Party Of India,Communist Party Of India,410,5,data/maharashtra/mumbai/mumbai_2017.csv
2017,91,SAGAR RAJENDRA CHIPKAR,IND,Independent,148,6,data/maharashtra/mumbai/mumbai_2017.csv
2017,91,sudhir gangaram sagvekar,IND,Independent,134,7,data/maharashtra/mumbai/mumbai_2017.csv
2017,91,NOTA,,,1135,,data/maharashtra/mumbai/mumbai_2017.csv
2017,92,GULNAZ MDSALIM QURESHI,AIMIM,All India Majlis e Ittehadul Muslimeen,4882,1,data/maharashtra/mumbai/mumbai_2017.csv
2017,92,Tasleem Yusuf Memon,INC,Indian National Congress,3538,2,data/maharashtra/mumbai/mumbai_2017.csv
2017,92,SHEETAL ANIL MANGWANA,BJP,Bhartiya Janata Party,2532,3,data/maharashtra/mumbai/mumbai_2017.csv
2017,92,Majidunnisa Jagir Khan,MNS,Maharashtra Navnirman Sena,2236,4,data/maharashtra/mumbai/mumbai_2017.csv
2017,92,RUPALI RAMESH SHINDE,SS,Shivsena,1455,5,data/maharashtra/mumbai/mumbai_2017.csv
2017,92,NIGAR ARIF SHAIKH,IND,Independent,1221,6,data/maharashtra/mumbai/mumbai_2017.csv
2017,92,Neha Suhas Patil,NCP,Nationalist Congress Party,978,7,data/maharashtra/mumbai/mumbai_2017.csv
2017,92,KIRTI DHARMA GAIKAWAD,BSP,Bahujan Samaj Party,430,8,data/maharashtra/mumbai/mumbai_2017.csv
2017,92,shabina arshad khan,SP,Samajwadi Party,146,9,data/maharashtra/mumbai/mumbai_2017.csv
2017,92,TAHIRA KHANMOHAMMED BASTIWALA,IND,Independent,143,10,data/maharashtra/mumbai/mumbai_2017.csv
2017,92,MUNNI RAMSINH BIDLAN,IND,Independent,138,11,data/maharashtra/mumbai/mumbai_2017.csv
2017,92,AMEENA ABDULSAEED SHAIKH,Peasants & Workers Party of India,Peasants & Workers Party of India,112,12,data/maharashtra/mumbai/mumbai_2017.csv
2017,92,MEHRUNNISA MOHAMMEDHANIF SHAIKH,Bahujan Vikas Aghadi,Bahujan Vikas Aghadi,76,13,data/maharashtra/mumbai/mumbai_2017.csv
2017,92,SAIRABANU IRFAN SHAIKH,IND,Independent,54,14,data/maharashtra/mumbai/mumbai_2017.csv
2017,92,hasina lalmohammed shaikh,IND,Independent,47,15,data/maharashtra/mumbai/mumbai_2017.csv
2017,92,RAJIYABEE MEHBOOB SHAIKH,OBC NT Party of India,OBC NT Party of India,23,16,data/maharashtra/mumbai/mumbai_2017.csv
2017,92,NOTA,,,119,,data/maharashtra/mumbai/mumbai_2017.csv
2017,93,ROHINI YOGESH KAMBLE,SS,Shivsena,9986,1,data/maharashtra/mumbai/mumbai_2017.csv
2017,93,PRIYATAMA SHARADKUMAR DRSAWANT,INC,Indian National Congress,2748,2,data/maharashtra/mumbai/mumbai_2017.csv
2017,93,Rani Sumit Wajale,Republican Party of India (A),Republican Party of India (A),2748,2,data/maharashtra/mumbai/mumbai_2017.csv
2017,93,nanda sandesh aykar,MNS,Maharashtra Navnirman Sena,2022,3,data/maharashtra/mumbai/mumbai_2017.csv
2017,93,KAMINI DINKAR JADHAV,NCP,Nationalist Congress Party,1810,4,data/maharashtra/mumbai/mumbai_2017.csv
2017,93,PRADNYA SHAILESH BANSODE,BSP,Bahujan Samaj Party,577,5,data/maharashtra/mumbai/mumbai_2017.csv
2017,93,anita vidhewan khandagale,IND,Independent,342,6,data/maharashtra/mumbai/mumbai_2017.csv
2017,93,KIRTI SHESHRAO MESHRAM,IND,Independent,66,7,data/maharashtra/mumbai/mumbai_2017.csv
2017,93,NOTA,,,848,,data/maharashtra/mumbai/mumbai_2017.csv
2017,94,PRADNYA DEEPAK BHUTKAR,SS,Shivsena,8617,1,data/maharashtra/mumbai/mumbai_2017.csv
2017,94,RASHMI RUPESH MALUSARE,MNS,Maharashtra Navnirman Sena,6942,2,data/maharashtra/mumbai/mumbai_2017.csv
2017,94,SNEHAL VIVEKANAND JAJU,INC,Indian National Congress,5535,3,data/maharashtra/mumbai/mumbai_2017.csv
2017,94,SONALI SUNIL TAYSHETE,BJP,Bhartiya Janata Party,5269,4,data/maharashtra/mumbai/mumbai_2017.csv
2017,94,Mehjabeen Sayeeda Panjoo,NCP,Nationalist Congress Party,573,5,data/maharashtra/mumbai/mumbai_2017.csv
2017,94,SONAL SUDHAKAR PAWAR,Ambedkarite Party Of India,Ambedkarite Party Of India,225,6,data/maharashtra/mumbai/mumbai_2017.csv
2017,94,AYESHA RIYAZ SHAIKH,SP,Samajwadi Party,161,7,data/maharashtra/mumbai/mumbai_2017.csv
2017,94,Manisha Shantaram Girkar,Communist Party Of India,Communist Party Of India,147,8,data/maharashtra/mumbai/mumbai_2017.csv
2017,94,NOTA,,,382,,data/maharashtra/mumbai/mumbai_2017.csv
2017,95,CHANDRASHEKHAR VASUDEO WAINGANKAR,SS,Shivsena,6426,1,data/maharashtra/mumbai/mumbai_2017.csv
2017,95,SUHAS RAJARAM ADIWAREKAR,BJP,Bhartiya Janata Party,5529,2,data/maharashtra/mumbai/mumbai_2017.csv
2017,95,PRAVEN AANANT NALAWDE,INC,Indian National Congress,3973,3,data/maharashtra/mumbai/mumbai_2017.csv
2017,95,BHUPENDRA TARACHAND BADSIWAL,IND,Independent,1210,4,data/maharashtra/mumbai/mumbai_2017.csv
2017,95,SUMANT VISHNU TARI,MNS,Maharashtra Navnirman Sena,849,5,data/maharashtra/mumbai/mumbai_2017.csv
2017,95,KIRAN FAKIRBHAI DAMANIA,IND,Independent,594,6,data/maharashtra/mumbai/mumbai_2017.csv
2017,95,PRAMOD RAMCHANDRA GAIKWAD,NCP,Nationalist Congress Party,413,7,data/maharashtra/mumbai/mumbai_2017.csv
2017,95,SUMIT ULHAS SALVI,BSP,Bahujan Samaj Party,241,8,data/maharashtra/mumbai/mumbai_2017.csv
2017,95,JITENDRA DASHARATH SAWANT,IND,Independent,84,9,data/maharashtra/mumbai/mumbai_2017.csv
2017,95,kajamohiddin abuthahir sayyed,IND,Independent,76,10,data/maharashtra/mumbai/mumbai_2017.csv
2017,95,KAMAL RAM BANSODE,IND,Independent,38,11,data/maharashtra/mumbai/mumbai_2017.csv
2017,95,NOTA,,,365,,data/maharashtra/mumbai/mumbai_2017.csv
2017,96,MOHAMMEDHALIM MOHAMMEDSHAMIM KHAN,SS,Shivsena,4052,1,data/maharashtra/mumbai/mumbai_2017.csv
2017,96,MohdShareef HayatUmar Qadri,INC,Indian National Congress,3681,2,data/maharashtra/mumbai/mumbai_2017.csv
2017,96,SHAHIDHUSSAIN WAHIDHUSSAIN SHAIKH,AIMIM,All India Majlis e Ittehadul Muslimeen,3248,3,data/maharashtra/mumbai/mumbai_2017.csv
2017,96,mohussain arehman shaikh,IND,Independent,2821,4,data/maharashtra/mumbai/mumbai_2017.csv
2017,96,SHAKIL SWALEH SHAIKH,SP,Samajwadi Party,2004,5,data/maharashtra/mumbai/mumbai_2017.csv
2017,96,GULISTAN AHRARAHMED SHAIKH,IND,Independent,803,6,data/maharashtra/mumbai/mumbai_2017.csv
2017,96,yusuf mohdmustafa sayyed,NCP,Nationalist Congress Party,656,7,data/maharashtra/mumbai/mumbai_2017.csv
2017,96,Jitesh KisanSingh Rajput,MNS,Maharashtra Navnirman Sena,646,8,data/maharashtra/mumbai/mumbai_2017.csv
2017,96,LiyakatAli Hasan Shaikh,IND,Independent,628,9,data/maharashtra/mumbai/mumbai_2017.csv
2017,96,MOHAMMEDAYUB JAHANGIR MOMIN,Janata Dal Secular,Janata Dal Secular,237,10,data/maharashtra/mumbai/mumbai_2017.csv
2017,96,MEHMOOD AHMED KHANJADA,IND,Independent,80,11,data/maharashtra/mumbai/mumbai_2017.csv
2017,96,BANNE YAKUB KHAN,IND,Independent,52,12,data/maharashtra/mumbai/mumbai_2017.csv
2017,96,LIYAKATIALI MODHUSSAIN SHAIKH,IND,Independent,33,13,data/maharashtra/mumbai/mumbai_2017.csv
2017,96,TABREZ ALIJAAN SHAIKH,IND,Independent,32,14,data/maharashtra/mumbai/mumbai_2017.csv
2017,96,NOTA,,,162,,data/maharashtra/mumbai/mumbai_2017.csv
2017,97,HETAL VIMAL GALA,BJP,Bhartiya Janata Party,9244,1,data/maharashtra/mumbai/mumbai_2017.csv
2017,97,SUNIL VASANT MORE,SS,Shivsena,4124,2,data/maharashtra/mumbai/mumbai_2017.csv
2017,97,ARJUN UJALA SINGH,INC,Indian National Congress,3960,3,data/maharashtra/mumbai/mumbai_2017.csv
2017,97,Asif Amin Tanwar,AIMIM,All India Majlis e Ittehadul Muslimeen,2242,4,data/maharashtra/mumbai/mumbai_2017.csv
2017,97,MOHAN VITHOBA LOKEGAONKAR,IND,Independent,1928,5,data/maharashtra/mumbai/mumbai_2017.csv
2017,97,SACHIN RAMCHANDRA MANDLIK,IND,Independent,1208,6,data/maharashtra/mumbai/mumbai_2017.csv
2017,97,VIJAY SURESH KATE,MNS,Maharashtra Navnirman Sena,830,7,data/maharashtra/mumbai/mumbai_2017.csv
2017,97,UMER DAWOOD SOLANKI,NCP,Nationalist Congress Party,424,8,data/maharashtra/mumbai/mumbai_2017.csv
2017,97,BABULAL KADER INAMDAR,IND,Independent,180,9,data/maharashtra/mumbai/mumbai_2017.csv
2017,97,MOHDZAHEER MOHDANWAR SHAIKH,SP,Samajwadi Party,178,10,data/maharashtra/mumbai/mumbai_2017.csv
2017,97,ZAFARSHAH MOHAMMADSHAFIQUE RAZAK,BSP,Bahujan Samaj Party,145,11,data/maharashtra/mumbai/mumbai_2017.csv
2017,97,SUDESH LAXMAN GAMRE,bahujan republican sociolist party,bahujan republican sociolist party,108,12,data/maharashtra/mumbai/mumbai_2017.csv
2017,97,AJAY LALJI SINGH,IND,Independent,99,13,data/maharashtra/mumbai/mumbai_2017.csv
2017,97,NIRMALADEVI VINDHYACHAL THATHERA,IND,Independent,93,14,data/maharashtra/mumbai/mumbai_2017.csv
2017,97,SANJAY EKNATH MANDLE,IND,Independent,47,15,data/maharashtra/mumbai/mumbai_2017.csv
2017,97,SANTOSH SHANKAR TARI,INC,Indian National Congress,45,16,data/maharashtra/mumbai/mumbai_2017.csv
2017,97,MOHSIN JAVED KHAN,Bharip Bahujan Mahasangh,Bharip Bahujan Mahasangh,40,17,data/maharashtra/mumbai/mumbai_2017.csv
2017,97,NOTA,,,321,,data/maharashtra/mumbai/mumbai_2017.csv
2017,98,ALKA SUBHASH KERKAR,BJP,Bhartiya Janata Party,12581,1,data/maharashtra/mumbai/mumbai_2017.csv
2017,98,ARVIND RAMCHANDRA SHISATKAR,SS,Shivsena,4002,2,data/maharashtra/mumbai/mumbai_2017.csv
2017,98,HARPREETKAUR DEVENDERSINGH CHADHA,INC,Indian National Congress,3617,3,data/maharashtra/mumbai/mumbai_2017.csv
2017,98,PANKAJ GOVIND YADAV,BSP,Bahujan Samaj Party,738,4,data/maharashtra/mumbai/mumbai_2017.csv
2017,98,Sanjay Namdeo Kadam,Bharip Bahujan Mahasangh,Bharip Bahujan Mahasangh,384,5,data/maharashtra/mumbai/mumbai_2017.csv
2017,98,SURAINA NILESH MALHOTRA,NCP,Nationalist Congress Party,329,6,data/maharashtra/mumbai/mumbai_2017.csv
2017,98,SHYAM PYARELAL JAISWAR,IND,Independent,203,7,data/maharashtra/mumbai/mumbai_2017.csv
2017,98,Suresh Giga Dabhi,IND,Independent,86,8,data/maharashtra/mumbai/mumbai_2017.csv
2017,98,RAJESH DHANRAJ PAWAR,bahujan republican sociolist party,bahujan republican sociolist party,63,9,data/maharashtra/mumbai/mumbai_2017.csv
2017,98,JAGDISH DAGDU DURGE,IND,Independent,51,10,data/maharashtra/mumbai/mumbai_2017.csv
2017,98,NOTA,,,517,,data/maharashtra/mumbai/mumbai_2017.csv
2017,99,SANJAY GULABRAO AGALDARE,SS,Shivsena,9360,1,data/maharashtra/mumbai/mumbai_2017.csv
2017,99,JAYENDRA GAJENDRA BHANJI,BJP,Bhartiya Janata Party,7712,2,data/maharashtra/mumbai/mumbai_2017.csv
2017,99,VENKATESH NAGNATHRAO SAMBUTWAD,INC,Indian National Congress,6476,3,data/maharashtra/mumbai/mumbai_2017.csv
2017,99,RAJENDRA SHYAMRAO KILNAKE,NCP,Nationalist Congress Party,191,4,data/maharashtra/mumbai/mumbai_2017.csv
2017,99,NOTA,,,487,,data/maharashtra/mumbai/mumbai_2017.csv
2017,100,SWAPNA VIRENDRA MHATRE,BJP,Bhartiya Janata Party,9717,1,data/maharashtra/mumbai/mumbai_2017.csv
2017,100,KARENCECILIA ALLEN DMELLO,INC,Indian National Congress,8971,2,data/maharashtra/mumbai/mumbai_2017.csv
2017,100,BRINALE GEORGE FERNANDES,SS,Shivsena,2718,3,data/maharashtra/mumbai/mumbai_2017.csv
2017,100,NOTA,,,637,,data/maharashtra/mumbai/mumbai_2017.csv
2017,101,ASIF AHMED ZAKARIA,INC,Indian National Congress,10587,1,data/maharashtra/mumbai/mumbai_2017.csv
2017,101,DEREYK MARK TALKER,BJP,Bhartiya Janata Party,6563,2,data/maharashtra/mumbai/mumbai_2017.csv
2017,101,SUNIL BALKRISHNA JADHAV,SS,Shivsena,3433,3,data/maharashtra/mumbai/mumbai_2017.csv
2017,101,RAHEBAR SIRAJ KHAN,IND,Independent,844,4,data/maharashtra/mumbai/mumbai_2017.csv
2017,101,Sitara Dinesh Singh,NCP,Nationalist Congress Party,595,5,data/maharashtra/mumbai/mumbai_2017.csv
2017,101,Shane Clifford Cardoz,IND,Independent,575,6,data/maharashtra/mumbai/mumbai_2017.csv
2017,101,Atul Waman Ghone,MNS,Maharashtra Navnirman Sena,344,7,data/maharashtra/mumbai/mumbai_2017.csv
2017,101,sayali haresh dalvi,IND,Independent,83,8,data/maharashtra/mumbai/mumbai_2017.csv
2017,101,TABREZ ALIJAAN SHAIKH,IND,Independent,46,9,data/maharashtra/mumbai/mumbai_2017.csv
2017,101,NOTA,,,493,,data/maharashtra/mumbai/mumbai_2017.csv
2017,102,MUMTAZ RAHEBAR KHAN,IND,Independent,6617,1,data/maharashtra/mumbai/mumbai_2017.csv
2017,102,KAVITA HARVEY RODRICKS,INC,Indian National Congress,6230,2,data/maharashtra/mumbai/mumbai_2017.csv
2017,102,FAHMIDA CLINT DSILVA,IND,Independent,4304,3,data/maharashtra/mumbai/mumbai_2017.csv
2017,102,RANJANA PRASHANT RAUT,BJP,Bhartiya Janata Party,3863,4,data/maharashtra/mumbai/mumbai_2017.csv
2017,102,MANISHA SUBHASH PHONDE,SS,Shivsena,1466,5,data/maharashtra/mumbai/mumbai_2017.csv
2017,102,Reshma Faiyaz Shaikh,NCP,Nationalist Congress Party,155,6,data/maharashtra/mumbai/mumbai_2017.csv
2017,102,SEEMIN ASHAD QURESHI,SP,Samajwadi Party,94,7,data/maharashtra/mumbai/mumbai_2017.csv
2017,102,ANJUM ABBASALI SHAIKH,IND,Independent,49,8,data/maharashtra/mumbai/mumbai_2017.csv
2017,102,AKBAR KHAN RAISA,IND,Independent,37,9,data/maharashtra/mumbai/mumbai_2017.csv
2017,102,NOTA,,,292,,data/maharashtra/mumbai/mumbai_2017.csv
2017,103,MANOJ KISHORBHAI KOTAK,BJP,Bhartiya Janata Party,14063,1,data/maharashtra/mumbai/mumbai_2017.csv
2017,103,GOPINATH SHRIKANT SANSARE,SS,Shivsena,6426,2,data/maharashtra/mumbai/mumbai_2017.csv
2017,103,RAJENDRAPRASAD RAMCHARITRA SINGH,INC,Indian National Congress,3332,3,data/maharashtra/mumbai/mumbai_2017.csv
2017,103,MANGESH BAPU PAWAR,NCP,Nationalist Congress Party,781,4,data/maharashtra/mumbai/mumbai_2017.csv
2017,103,NILESH VASANTRAO PATIL,MNS,Maharashtra Navnirman Sena,653,5,data/maharashtra/mumbai/mumbai_2017.csv
2017,103,Rakesh Kishan Thawani,IND,Independent,552,6,data/maharashtra/mumbai/mumbai_2017.csv
2017,103,ARUNA RAMANBHAI NARULA,BSP,Bahujan Samaj Party,155,7,data/maharashtra/mumbai/mumbai_2017.csv
2017,103,keshav madhukar joshi,Bharip Bahujan Mahasangh,Bharip Bahujan Mahasangh,122,8,data/maharashtra/mumbai/mumbai_2017.csv
2017,103,SUBHASHCHANDRA SHILVANTPRASAD YADAV,SP,Samajwadi Party,122,8,data/maharashtra/mumbai/mumbai_2017.csv
2017,103,MANOHAR SUNDAR JAGTAP,IND,Independent,113,9,data/maharashtra/mumbai/mumbai_2017.csv
2017,103,NITIN LALITKUMAR MANIAR,IND,Independent,74,10,data/maharashtra/mumbai/mumbai_2017.csv
2017,103,Santosh Bandu Shinde,IND,Independent,72,11,data/maharashtra/mumbai/mumbai_2017.csv
2017,103,SALU YADAV PAWAR,IND,Independent,63,12,data/maharashtra/mumbai/mumbai_2017.csv
2017,103,KARBHARI VITHOBA KANGANE,IND,Independent,54,13,data/maharashtra/mumbai/mumbai_2017.csv
2017,103,Rajesh Purushottam Gupta,Lok Janshakti Party,Lok Janshakti Party,39,14,data/maharashtra/mumbai/mumbai_2017.csv
2017,103,NOTA,,,283,,data/maharashtra/mumbai/mumbai_2017.csv
2017,104,PRAKASH KASHINATH GANGADHARE,BJP,Bhartiya Janata Party,12546,1,data/maharashtra/mumbai/mumbai_2017.csv
2017,104,Uttam Ramnath Gite,INC,Indian National Congress,5550,2,data/maharashtra/mumbai/mumbai_2017.csv
2017,104,MEENAKSHI SURESH PATIL,NCP,Nationalist Congress Party,5294,3,data/maharashtra/mumbai/mumbai_2017.csv
2017,104,ROHIDAS NAMDEO DEWADE,SS,Shivsena,3705,4,data/maharashtra/mumbai/mumbai_2017.csv
2017,104,NAVITA SHIVRAM GUNJAL,MNS,Maharashtra Navnirman Sena,1328,5,data/maharashtra/mumbai/mumbai_2017.csv
2017,104,Shubhangi Shyam Barve,BSP,Bahujan Samaj Party,777,6,data/maharashtra/mumbai/mumbai_2017.csv
2017,104,AVINASH SUBRAV THORAT,Bharip Bahujan Mahasangh,Bharip Bahujan Mahasangh,313,7,data/maharashtra/mumbai/mumbai_2017.csv
2017,104,NOTA,,,654,,data/maharashtra/mumbai/mumbai_2017.csv
2017,105,RAJANI NARESH KENI,BJP,Bhartiya Janata Party,9866,1,data/maharashtra/mumbai/mumbai_2017.csv
2017,105,RASIKA RAM TONDWALKAR,SS,Shivsena,8385,2,data/maharashtra/mumbai/mumbai_2017.csv
2017,105,Sujata Rajesh Pathak,MNS,Maharashtra Navnirman Sena,3376,3,data/maharashtra/mumbai/mumbai_2017.csv
2017,105,BHAVESHRI JAYESH VAITY,NCP,Nationalist Congress Party,1814,4,data/maharashtra/mumbai/mumbai_2017.csv
2017,105,MALTI DIGAMBAR PATIL,INC,Indian National Congress,1482,5,data/maharashtra/mumbai/mumbai_2017.csv
2017,105,DHANISHTA ARUN KADAM,Akhil Bharatiya Sena,Akhil Bharatiya Sena,213,6,data/maharashtra/mumbai/mumbai_2017.csv
2017,105,Karuna Sanjay Vaity,Bhartiya Shetkari Kamgar Paksh,Bhartiya Shetkari Kamgar Paksh,192,7,data/maharashtra/mumbai/mumbai_2017.csv
2017,105,ANITA ALANKAR JADHAV,Republican Party of India (A),Republican Party of India (A),131,8,data/maharashtra/mumbai/mumbai_2017.csv
2017,105,PRAJAKTI VINOD VAITI,Sambhaji Brigade,Sambhaji Brigade,108,9,data/maharashtra/mumbai/mumbai_2017.csv
2017,105,CHANDRALEKHA RAJHANS GAJARE,BSP,Bahujan Samaj Party,98,10,data/maharashtra/mumbai/mumbai_2017.csv
2017,105,VIJAYA RAMESH PAWAR,IND,Independent,84,11,data/maharashtra/mumbai/mumbai_2017.csv
2017,105,MANISHA ASHOK RAUT,BSP,Bahujan Samaj Party,27,12,data/maharashtra/mumbai/mumbai_2017.csv
2017,105,NOTA,,,810,,data/maharashtra/mumbai/mumbai_2017.csv
2017,106,PRABHAKAR TUKARAM SHINDE,BJP,Bhartiya Janata Party,6818,1,data/maharashtra/mumbai/mumbai_2017.csv
2017,106,ABHIJEET MADHUKAR KADAM,SS,Shivsena,4841,2,data/maharashtra/mumbai/mumbai_2017.csv
2017,106,SATYAWAN GANPAT DALVI,MNS,Maharashtra Navnirman Sena,3142,3,data/maharashtra/mumbai/mumbai_2017.csv
2017,106,NANDKUMAR ATMARAM VAITY,NCP,Nationalist Congress Party,3073,4,data/maharashtra/mumbai/mumbai_2017.csv
2017,106,RAJENDRA CHINTAMAN SALVI,INC,Indian National Congress,3071,5,data/maharashtra/mumbai/mumbai_2017.csv
2017,106,SAKHARAM BHASKAR NAIK,IND,Independent,932,6,data/maharashtra/mumbai/mumbai_2017.csv
2017,106,ASHOK DADARAO OVHAL,BSP,Bahujan Samaj Party,396,7,data/maharashtra/mumbai/mumbai_2017.csv
2017,106,SULESH SHASHIKUMAR KARNIK,IND,Independent,326,8,data/maharashtra/mumbai/mumbai_2017.csv
2017,106,Ramesh Eranna Kurup,IND,Independent,206,9,data/maharashtra/mumbai/mumbai_2017.csv
2017,106,Prakash Harishchandra Yadav,IND,Independent,156,10,data/maharashtra/mumbai/mumbai_2017.csv
2017,106,Harikrishna Yallaya Chittiyala,IND,Independent,90,11,data/maharashtra/mumbai/mumbai_2017.csv
2017,106,MANISHA SADASHIV BOBADE,Bharip Bahujan Mahasangh,Bharip Bahujan Mahasangh,70,12,data/maharashtra/mumbai/mumbai_2017.csv
2017,106,SAKHARAM BALU HANDE,IND,Independent,70,12,data/maharashtra/mumbai/mumbai_2017.csv
2017,106,Suhas Prakash Dangle,IND,Independent,68,13,data/maharashtra/mumbai/mumbai_2017.csv
2017,106,GANESH BALU KONDE,IND,Independent,54,14,data/maharashtra/mumbai/mumbai_2017.csv
2017,106,NITIN MADHUKAR HILE,Akhil Bharatiya Sena,Akhil Bharatiya Sena,54,14,data/maharashtra/mumbai/mumbai_2017.csv
2017,106,chandrakant dattaram parab,IND,Independent,51,15,data/maharashtra/mumbai/mumbai_2017.csv
2017,106,Vilas Raghunath Shinde,Bhartiya Shetkari Kamgar Paksh,Bhartiya Shetkari Kamgar Paksh,23,16,data/maharashtra/mumbai/mumbai_2017.csv
2017,106,NOTA,,,437,,data/maharashtra/mumbai/mumbai_2017.csv
2017,107,SAMITA VINOD KAMBLE,BJP,Bhartiya Janata Party,10505,1,data/maharashtra/mumbai/mumbai_2017.csv
2017,107,MALATHI JAGDISH SHETTY,SS,Shivsena,5518,2,data/maharashtra/mumbai/mumbai_2017.csv
2017,107,VAISHALI VIRAL SHAH,IND,Independent,4705,3,data/maharashtra/mumbai/mumbai_2017.csv
2017,107,Madhuri Satish Mirekar,INC,Indian National Congress,3785,4,data/maharashtra/mumbai/mumbai_2017.csv
2017,107,Harshala Rajesh Chavan,MNS,Maharashtra Navnirman Sena,2327,5,data/maharashtra/mumbai/mumbai_2017.csv
2017,107,RUPALI PANKAJ SUBHEDAR,NCP,Nationalist Congress Party,984,6,data/maharashtra/mumbai/mumbai_2017.csv
2017,107,KALPANA KISHOR DHIVAR,BSP,Bahujan Samaj Party,218,7,data/maharashtra/mumbai/mumbai_2017.csv
2017,107,RENUKA KAILASH PASHTE,IND,Independent,87,8,data/maharashtra/mumbai/mumbai_2017.csv
2017,107,Sanjana Ashok Salve,IND,Independent,83,9,data/maharashtra/mumbai/mumbai_2017.csv
2017,107,GITA JAGDISH SOLANKI,Republican Party of India (A),Republican Party of India (A),80,10,data/maharashtra/mumbai/mumbai_2017.csv
2017,107,NOTA,,,629,,data/maharashtra/mumbai/mumbai_2017.csv
2017,108,Neil Kirit Somaiya,BJP,Bhartiya Janata Party,9586,1,data/maharashtra/mumbai/mumbai_2017.csv
2017,108,Mukesh Ghelabhai Karia,SS,Shivsena,5516,2,data/maharashtra/mumbai/mumbai_2017.csv
2017,108,Balkrishna Ramnarayan Tiwari,INC,Indian National Congress,5013,3,data/maharashtra/mumbai/mumbai_2017.csv
2017,108,RAJENDRA DATTATRAY DESHMUKH,MNS,Maharashtra Navnirman Sena,3356,4,data/maharashtra/mumbai/mumbai_2017.csv
2017,108,Vijay Pandhari Gawai,NCP,Nationalist Congress Party,806,5,data/maharashtra/mumbai/mumbai_2017.csv
2017,108,RAJENDRA JAYRAM PATIL,INC,Indian National Congress,385,6,data/maharashtra/mumbai/mumbai_2017.csv
2017,108,SANJAY SAOJI DESHPANDE,BSP,Bahujan Samaj Party,291,7,data/maharashtra/mumbai/mumbai_2017.csv
2017,108,Pramod Loknath Rajbhar,Bharip Bahujan Mahasangh,Bharip Bahujan Mahasangh,207,8,data/maharashtra/mumbai/mumbai_2017.csv
2017,108,ARUNA PRADIP GHADGE,IND,Independent,196,9,data/maharashtra/mumbai/mumbai_2017.csv
2017,108,VINOD PATHAI THAKKAR,IND,Independent,188,10,data/maharashtra/mumbai/mumbai_2017.csv
2017,108,AMIT VISHWANATH ARYA,IND,Independent,152,11,data/maharashtra/mumbai/mumbai_2017.csv
2017,108,PRATAP VASHUMAL CHHATWANI,IND,Independent,135,12,data/maharashtra/mumbai/mumbai_2017.csv
2017,108,BABURAJ ITTY KARAYIL,Swabhimani Republican Party,Swabhimani Republican Party,125,13,data/maharashtra/mumbai/mumbai_2017.csv
2017,108,FAUJDAR MAHANGU SINGH,IND,Independent,114,14,data/maharashtra/mumbai/mumbai_2017.csv
2017,108,Ramdhan Maruti Jadhav,IND,Independent,110,15,data/maharashtra/mumbai/mumbai_2017.csv
2017,108,Ramkewal Ramtirath Bhaskar,IND,Independent,85,16,data/maharashtra/mumbai/mumbai_2017.csv
2017,108,Praveen Shankar Sonawane,IND,Independent,80,17,data/maharashtra/mumbai/mumbai_2017.csv
2017,108,DilbaghSingh SukhdevSingh Dadwal,Lok Janshakti Party,Lok Janshakti Party,76,18,data/maharashtra/mumbai/mumbai_2017.csv
2017,108,PRABHAKAR DYNANOBA KAMBLE,Republican Party of India (A),Republican Party of India (A),72,19,data/maharashtra/mumbai/mumbai_2017.csv
2017,108,Goutam Mohanraj Gemavat,IND,Independent,66,20,data/maharashtra/mumbai/mumbai_2017.csv
2017,108,MARUTI MANSING KADAM,IND,Independent,64,21,data/maharashtra/mumbai/mumbai_2017.csv
2017,108,NOTA,,,648,,data/maharashtra/mumbai/mumbai_2017.csv
2017,109,Deepali Deepak Gosavi,SS,Shivsena,8707,1,data/maharashtra/mumbai/mumbai_2017.csv
2017,109,____ ______ ____,IND,Independent,3919,2,data/maharashtra/mumbai/mumbai_2017.csv
2017,109,VIDHA HARISHANKAR SHARMA,BJP,Bhartiya Janata Party,2929,3,data/maharashtra/mumbai/mumbai_2017.csv
2017,109,ANANDI HANUMANT BHARATI,MNS,Maharashtra Navnirman Sena,2025,4,data/maharashtra/mumbai/mumbai_2017.csv
2017,109,Priya Anil Pandey,INC,Indian National Congress,1615,5,data/maharashtra/mumbai/mumbai_2017.csv
2017,109,Savita Pratap Rajeshirke,NCP,Nationalist Congress Party,774,6,data/maharashtra/mumbai/mumbai_2017.csv
2017,109,KHALIDA MOHAMMADIQBAL KHAN,IND,Independent,328,7,data/maharashtra/mumbai/mumbai_2017.csv
2017,109,Rajashree Rajendra Mandvilkar,SS,Shivsena,42,8,data/maharashtra/mumbai/mumbai_2017.csv
2017,109,NOTA,,,310,,data/maharashtra/mumbai/mumbai_2017.csv
2017,110,ASHA SURESH KOPARKAR,INC,Indian National Congress,5174,1,data/maharashtra/mumbai/mumbai_2017.csv
2017,110,Sandhya Suraj Tripathi,BJP,Bhartiya Janata Party,4696,2,data/maharashtra/mumbai/mumbai_2017.csv
2017,110,HARINAKSHI MOHAN CHIRATH,MNS,Maharashtra Navnirman Sena,3752,3,data/maharashtra/mumbai/mumbai_2017.csv
2017,110,Sangeeta Gopinath Patil,SS,Shivsena,3340,4,data/maharashtra/mumbai/mumbai_2017.csv
2017,110,SUSHILA DHURANDHAR SINGH,Communist Party Of India (Marxist),Communist Party Of India (Marxist),1085,5,data/maharashtra/mumbai/mumbai_2017.csv
2017,110,FarheenBegum NasirAli Shaikh,NCP,Nationalist Congress Party,987,6,data/maharashtra/mumbai/mumbai_2017.csv
2017,110,hafizabano mohamoodhasan shaikh,BSP,Bahujan Samaj Party,322,7,data/maharashtra/mumbai/mumbai_2017.csv
2017,110,SUJATA SANJAY UMALE,Bharip Bahujan Mahasangh,Bharip Bahujan Mahasangh,312,8,data/maharashtra/mumbai/mumbai_2017.csv
2017,110,DURGESHNANDINI ARVIND MISHRA,IND,Independent,114,9,data/maharashtra/mumbai/mumbai_2017.csv
2017,110,Nasima Azim Sayyed,IND,Independent,47,10,data/maharashtra/mumbai/mumbai_2017.csv
2017,110,NOTA,,,287,,data/maharashtra/mumbai/mumbai_2017.csv
2017,111,Sarika Mangesh Pawar,BJP,Bhartiya Janata Party,7646,1,data/maharashtra/mumbai/mumbai_2017.csv
2017,111,BHARTI DHANANJAY PISAL,NCP,Nationalist Congress Party,6577,2,data/maharashtra/mumbai/mumbai_2017.csv
2017,111,SANJIVANI VISHWAS TUPE,SS,Shivsena,6443,3,data/maharashtra/mumbai/mumbai_2017.csv
2017,111,MANISHA MANOJ CHAVAN,MNS,Maharashtra Navnirman Sena,2954,4,data/maharashtra/mumbai/mumbai_2017.csv
2017,111,KANTA SHALIRAM PATEKAR,INC,Indian National Congress,959,5,data/maharashtra/mumbai/mumbai_2017.csv
2017,111,SHEETAL MANOHAR NIKAM,BSP,Bahujan Samaj Party,897,6,data/maharashtra/mumbai/mumbai_2017.csv
2017,111,VAISHALI PRASHANT GANGAWANE,Bharip Bahujan Mahasangh,Bharip Bahujan Mahasangh,303,7,data/maharashtra/mumbai/mumbai_2017.csv
2017,111,NOTA,,,521,,data/maharashtra/mumbai/mumbai_2017.csv
2017,112,Sakshi Deepak Dalvi,BJP,Bhartiya Janata Party,7691,1,data/maharashtra/mumbai/mumbai_2017.csv
2017,112,Jayshree Jaywant Patil,SS,Shivsena,5845,2,data/maharashtra/mumbai/mumbai_2017.csv
2017,112,RUCHIRA RAJENDRA MOKAL,NCP,Nationalist Congress Party,2970,3,data/maharashtra/mumbai/mumbai_2017.csv
2017,112,ABOLI BIPINDRA VICHARE,INC,Indian National Congress,2122,4,data/maharashtra/mumbai/mumbai_2017.csv
2017,112,Supriya Sujay Dhurat,MNS,Maharashtra Navnirman Sena,1492,5,data/maharashtra/mumbai/mumbai_2017.csv
2017,112,RASHIDA GULAB SHAIKH,IND,Independent,129,6,data/maharashtra/mumbai/mumbai_2017.csv
2017,112,VIDYA MANOHAR SHINDE,Sambhaji Brigade,Sambhaji Brigade,88,7,data/maharashtra/mumbai/mumbai_2017.csv
2017,112,NOTA,,,518,,data/maharashtra/mumbai/mumbai_2017.csv
2017,113,Deepmala Baban Badhe,SS,Shivsena,8361,1,data/maharashtra/mumbai/mumbai_2017.csv
2017,113,SITA TIKARAM MUKHIYA,BJP,Bhartiya Janata Party,4115,2,data/maharashtra/mumbai/mumbai_2017.csv
2017,113,NIVEDITA NILESH SAWANT,INC,Indian National Congress,2808,3,data/maharashtra/mumbai/mumbai_2017.csv
2017,113,Namrata Narayan Ghogale,MNS,Maharashtra Navnirman Sena,2348,4,data/maharashtra/mumbai/mumbai_2017.csv
2017,113,Manju Ravindra Jaiswal,IND,Independent,2093,5,data/maharashtra/mumbai/mumbai_2017.csv
2017,113,Jyoti Anil Rajbhoj,IND,Independent,829,6,data/maharashtra/mumbai/mumbai_2017.csv
2017,113,Sweta Santosh Mane,IND,Independent,759,7,data/maharashtra/mumbai/mumbai_2017.csv
2017,113,JIVITA JAYWANT DHURI,IND,Independent,473,8,data/maharashtra/mumbai/mumbai_2017.csv
2017,113,Sangita Netaji Kamble,IND,Independent,439,9,data/maharashtra/mumbai/mumbai_2017.csv
2017,113,MANISHA UDEBHAN TAYADE,Bharip Bahujan Mahasangh,Bharip Bahujan Mahasangh,248,10,data/maharashtra/mumbai/mumbai_2017.csv
2017,113,REVATI MAHESH CHAVAN,IND,Independent,152,11,data/maharashtra/mumbai/mumbai_2017.csv
2017,113,VIJAYA RAJU THATE,BSP,Bahujan Samaj Party,101,12,data/maharashtra/mumbai/mumbai_2017.csv
2017,113,NOTA,,,412,,data/maharashtra/mumbai/mumbai_2017.csv
2017,114,Ramesh Gajanan Korgaonkar,SS,Shivsena,9887,1,data/maharashtra/mumbai/mumbai_2017.csv
2017,114,Anisha Amol Majgaonkar,MNS,Maharashtra Navnirman Sena,8302,2,data/maharashtra/mumbai/mumbai_2017.csv
2017,114,MILIND TUKARAM KORGAONKAR,BJP,Bhartiya Janata Party,1773,3,data/maharashtra/mumbai/mumbai_2017.csv
2017,114,Vilas Manohar Margaj,NCP,Nationalist Congress Party,1405,4,data/maharashtra/mumbai/mumbai_2017.csv
2017,114,Subhash Sawant Sawant,IND,Independent,1290,5,data/maharashtra/mumbai/mumbai_2017.csv
2017,114,Santosh Narayan Kasle,IND,Independent,639,6,data/maharashtra/mumbai/mumbai_2017.csv
2017,114,VIDHYADHAR PANDURANG VISHWASRAO,Communist Party Of India (Marxist),Communist Party Of India (Marxist),531,7,data/maharashtra/mumbai/mumbai_2017.csv
2017,114,Rajendra Sahadev Sawant,INC,Indian National Congress,437,8,data/maharashtra/mumbai/mumbai_2017.csv
2017,114,PRAKASH ASHOK UMALE,IND,Independent,424,9,data/maharashtra/mumbai/mumbai_2017.csv
2017,114,CHANDRAKANT VAMAN PATIL,IND,Independent,369,10,data/maharashtra/mumbai/mumbai_2017.csv
2017,114,Prashant Tukaram Vichare,IND,Independent,257,11,data/maharashtra/mumbai/mumbai_2017.csv
2017,114,KESHAV SURYAKANT GAWDE,IND,Independent,140,12,data/maharashtra/mumbai/mumbai_2017.csv
2017,114,Ajay Sudhakar Lokhande,BSP,Bahujan Samaj Party,131,13,data/maharashtra/mumbai/mumbai_2017.csv
2017,114,SANDEEP DIGAMBAR KHALSODE,IND,Independent,57,14,data/maharashtra/mumbai/mumbai_2017.csv
2017,114,PRATIK VISHWANATH DOMBE,IND,Independent,34,15,data/maharashtra/mumbai/mumbai_2017.csv
2017,114,NOTA,,,105,,data/maharashtra/mumbai/mumbai_2017.csv
2017,115,UMESH SUBHASH MANE,SS,Shivsena,8232,1,data/maharashtra/mumbai/mumbai_2017.csv
2017,115,JITENDRA DATTATRAY GHADIGAONKAR,BJP,Bhartiya Janata Party,4949,2,data/maharashtra/mumbai/mumbai_2017.csv
2017,115,Vaishnavi Vijay Sarfare,MNS,Maharashtra Navnirman Sena,2678,3,data/maharashtra/mumbai/mumbai_2017.csv
2017,115,Anil Pandit Rajbhoj,IND,Independent,2503,4,data/maharashtra/mumbai/mumbai_2017.csv
2017,115,Kashinath Damoji Karadkar,INC,Indian National Congress,2353,5,data/maharashtra/mumbai/mumbai_2017.csv
2017,115,YASIN FAHIM QURESHI,NCP,Nationalist Congress Party,1335,6,data/maharashtra/mumbai/mumbai_2017.csv
2017,115,KISHOR BAPU JADHAV,Communist Party Of India (Marxist),Communist Party Of India (Marxist),831,7,data/maharashtra/mumbai/mumbai_2017.csv
2017,115,ASHOK SHANKAR KHARAT,Lok Janshakti Party,Lok Janshakti Party,445,8,data/maharashtra/mumbai/mumbai_2017.csv
2017,115,NAWAZ JAMIL QURESHI,BSP,Bahujan Samaj Party,191,9,data/maharashtra/mumbai/mumbai_2017.csv
2017,115,Raju Muktaram Pathare,IND,Independent,95,10,data/maharashtra/mumbai/mumbai_2017.csv
2017,115,RAJENDRA BHASKAR WAGH,IND,Independent,56,11,data/maharashtra/mumbai/mumbai_2017.csv
2017,115,Pradeep Pratap Chavan,IND,Independent,55,12,data/maharashtra/mumbai/mumbai_2017.csv
2017,115,Dhiraj Rampyare Dube,IND,Independent,45,13,data/maharashtra/mumbai/mumbai_2017.csv
2017,115,PRAKASH VASANT KASAR,IND,Independent,26,14,data/maharashtra/mumbai/mumbai_2017.csv
2017,115,NOTA,,,290,,data/maharashtra/mumbai/mumbai_2017.csv
2017,116,PRAMILA KAMLAKAR PATIL,INC,Indian National Congress,8326,1,data/maharashtra/mumbai/mumbai_2017.csv
2017,116,MEENAKSHI ASHOK PATIL,SS,Shivsena,7857,2,data/maharashtra/mumbai/mumbai_2017.csv
2017,116,MEERA ANAND DIXIT,BJP,Bhartiya Janata Party,3625,3,data/maharashtra/mumbai/mumbai_2017.csv
2017,116,Shweta Shyam Mahadik,MNS,Maharashtra Navnirman Sena,804,4,data/maharashtra/mumbai/mumbai_2017.csv
2017,116,BABY CHHABU SAWANT,BSP,Bahujan Samaj Party,774,5,data/maharashtra/mumbai/mumbai_2017.csv
2017,116,MANISHA ANIL TUPE,NCP,Nationalist Congress Party,714,6,data/maharashtra/mumbai/mumbai_2017.csv
2017,116,Vaishali Satish Gajdhane,Bahujan Mukti Party,Bahujan Mukti Party,256,7,data/maharashtra/mumbai/mumbai_2017.csv
2017,116,Jayshree Arjun Sawant,IND,Independent,176,8,data/maharashtra/mumbai/mumbai_2017.csv
2017,116,VIDYA ANAND SHINDE,Bharip Bahujan Mahasangh,Bharip Bahujan Mahasangh,152,9,data/maharashtra/mumbai/mumbai_2017.csv
2017,116,MEENAKSHI JAGANNATH BAWA,Republican Party of India (A),Republican Party of India (A),63,10,data/maharashtra/mumbai/mumbai_2017.csv
2017,116,MANISHA BALU SAWANT,IND,Independent,37,11,data/maharashtra/mumbai/mumbai_2017.csv
2017,116,NOTA,,,300,,data/maharashtra/mumbai/mumbai_2017.csv
2017,117,SUVARNA SAHADEV KARANJE,SS,Shivsena,7315,1,data/maharashtra/mumbai/mumbai_2017.csv
2017,117,ASHWINI SANTOSH KARADE,BJP,Bhartiya Janata Party,5413,2,data/maharashtra/mumbai/mumbai_2017.csv
2017,117,SUSHILA BABU MANCHEKAR,NCP,Nationalist Congress Party,4229,3,data/maharashtra/mumbai/mumbai_2017.csv
2017,117,SHWETA RAJESH PAWASKAR,INC,Indian National Congress,3483,4,data/maharashtra/mumbai/mumbai_2017.csv
2017,117,DEEPALI DILIP PATIL,MNS,Maharashtra Navnirman Sena,2319,5,data/maharashtra/mumbai/mumbai_2017.csv
2017,117,DIPIKA SANTOSH PATIL,IND,Independent,354,6,data/maharashtra/mumbai/mumbai_2017.csv
2017,117,NOTA,,,560,,data/maharashtra/mumbai/mumbai_2017.csv
2017,118,UPENDRA DATTARAM SAWANT,SS,Shivsena,9092,1,data/maharashtra/mumbai/mumbai_2017.csv
2017,118,jayant vasudev dandekar,MNS,Maharashtra Navnirman Sena,8852,2,data/maharashtra/mumbai/mumbai_2017.csv
2017,118,MANGESH EKNATH SANGLE,BJP,Bhartiya Janata Party,4379,3,data/maharashtra/mumbai/mumbai_2017.csv
2017,118,RAHUL DATTARAM WAGHDHARE,INC,Indian National Congress,2974,4,data/maharashtra/mumbai/mumbai_2017.csv
2017,118,SURENDRA SAMBHAJI KOTHAWALE,IND,Independent,609,5,data/maharashtra/mumbai/mumbai_2017.csv
2017,118,SACHIN MARUTI BODAKE,NCP,Nationalist Congress Party,607,6,data/maharashtra/mumbai/mumbai_2017.csv
2017,118,SURESH HANUMANT WAGHMARE,Bharip Bahujan Mahasangh,Bharip Bahujan Mahasangh,459,7,data/maharashtra/mumbai/mumbai_2017.csv
2017,118,SURESH HARICHANDRA BHALERAO,Republican Party of India (A),Republican Party of India (A),450,8,data/maharashtra/mumbai/mumbai_2017.csv
2017,118,Siddharth Sandipan Chandanshive,bahujan republican sociolist party,bahujan republican sociolist party,416,9,data/maharashtra/mumbai/mumbai_2017.csv
2017,118,VIKEY BALASAHEB JADHAV,IND,Independent,176,10,data/maharashtra/mumbai/mumbai_2017.csv
2017,118,Chetan Chandrakant Ahire,IND,Independent,81,11,data/maharashtra/mumbai/mumbai_2017.csv
2017,118,BHUPENDRA VIJAY BHOSALE,Sambhaji Brigade,Sambhaji Brigade,78,12,data/maharashtra/mumbai/mumbai_2017.csv
2017,118,ANAND BALRAJ SUNCHU,Akhil Bharatiya Sena,Akhil Bharatiya Sena,59,13,data/maharashtra/mumbai/mumbai_2017.csv
2017,118,RAJESH JAIWANT GAIKWAD,IND,Independent,57,14,data/maharashtra/mumbai/mumbai_2017.csv
2017,118,PRASHANT DNYANESHWAR GANGAWANE,IND,Independent,21,15,data/maharashtra/mumbai/mumbai_2017.csv
2017,118,NOTA,,,319,,data/maharashtra/mumbai/mumbai_2017.csv
2017,119,Manisha Harishchandra Rahate,NCP,Nationalist Congress Party,6979,1,data/maharashtra/mumbai/mumbai_2017.csv
2017,119,SUNITA RAJAN HANDE,SS,Shivsena,6669,2,data/maharashtra/mumbai/mumbai_2017.csv
2017,119,SANGITA SATYAWAN BHASKAR,BJP,Bhartiya Janata Party,4039,3,data/maharashtra/mumbai/mumbai_2017.csv
2017,119,POOJA VISHWANATH FULARI,INC,Indian National Congress,3656,4,data/maharashtra/mumbai/mumbai_2017.csv
2017,119,Jayashree Pandurang Sarang,MNS,Maharashtra Navnirman Sena,1181,5,data/maharashtra/mumbai/mumbai_2017.csv
2017,119,NOTA,,,467,,data/maharashtra/mumbai/mumbai_2017.csv
2017,120,Rajrajeshwari Anil Redkar,SS,Shivsena,7770,1,data/maharashtra/mumbai/mumbai_2017.csv
2017,120,CHARU CHANDAN SHARMA,NCP,Nationalist Congress Party,3688,2,data/maharashtra/mumbai/mumbai_2017.csv
2017,120,Soma Rajesh Sarkar,Republican Party of India (A),Republican Party of India (A),3297,3,data/maharashtra/mumbai/mumbai_2017.csv
2017,120,PRAGATI SHIVAJI MANE,INC,Indian National Congress,2020,4,data/maharashtra/mumbai/mumbai_2017.csv
2017,120,NEELAM ANANDA PATIL,MNS,Maharashtra Navnirman Sena,1649,5,data/maharashtra/mumbai/mumbai_2017.csv
2017,120,ASHWINI KAMLESH KASBE,bahujan republican sociolist party,bahujan republican sociolist party,675,6,data/maharashtra/mumbai/mumbai_2017.csv
2017,120,Sujata Madhukar Sarode,Bahujan Mukti Party,Bahujan Mukti Party,133,7,data/maharashtra/mumbai/mumbai_2017.csv
2017,120,Faridabi ShakilAhmad Qureshi,IND,Independent,74,8,data/maharashtra/mumbai/mumbai_2017.csv
2017,120,NOTA,,,547,,data/maharashtra/mumbai/mumbai_2017.csv
2017,121,Chandravati Shivaji More,SS,Shivsena,4769,1,data/maharashtra/mumbai/mumbai_2017.csv
2017,121,Vaishali Sachin Sakte,MNS,Maharashtra Navnirman Sena,2274,2,data/maharashtra/mumbai/mumbai_2017.csv
2017,121,ANNUM SHERJADA KHAN,INC,Indian National Congress,2010,3,data/maharashtra/mumbai/mumbai_2017.csv
2017,121,PRADNYA SUKHDEV GAIKWAD,BJP,Bhartiya Janata Party,1417,4,data/maharashtra/mumbai/mumbai_2017.csv
2017,121,SUSHAMA PRAKASH BIRHADE,BSP,Bahujan Samaj Party,1158,5,data/maharashtra/mumbai/mumbai_2017.csv
2017,121,VARSHA KARBHARI DAWANDE,AIMIM,All India Majlis e Ittehadul Muslimeen,492,6,data/maharashtra/mumbai/mumbai_2017.csv
2017,121,JAGDEVI RATANDEEP BANSODE,Republican Party of India (A),Republican Party of India (A),334,7,data/maharashtra/mumbai/mumbai_2017.csv
2017,121,VANDANA SANTOSH SONAWANE,Bharip Bahujan Mahasangh,Bharip Bahujan Mahasangh,300,8,data/maharashtra/mumbai/mumbai_2017.csv
2017,121,DEEPIKA VIJAY JADHAV,Sambhaji Brigade,Sambhaji Brigade,266,9,data/maharashtra/mumbai/mumbai_2017.csv
2017,121,Hemlata Prashant Palwankar,NCP,Nationalist Congress Party,212,10,data/maharashtra/mumbai/mumbai_2017.csv
2017,121,INDU DAMODAR PAIKRAO,IND,Independent,191,11,data/maharashtra/mumbai/mumbai_2017.csv
2017,121,PRATIMA RAJIV BHAVIR,Bahujan Mukti Party,Bahujan Mukti Party,153,12,data/maharashtra/mumbai/mumbai_2017.csv
2017,121,JYOTSNA VIJAY SORTE,IND,Independent,27,13,data/maharashtra/mumbai/mumbai_2017.csv
2017,121,NOTA,,,325,,data/maharashtra/mumbai/mumbai_2017.csv
2017,122,Vaishali Shrikant Patil,BJP,Bhartiya Janata Party,4942,1,data/maharashtra/mumbai/mumbai_2017.csv
2017,122,Jaya Hanumantha Venkatgiri,NCP,Nationalist Congress Party,4220,2,data/maharashtra/mumbai/mumbai_2017.csv
2017,122,Snehal Deepak Mande,SS,Shivsena,3749,3,data/maharashtra/mumbai/mumbai_2017.csv
2017,122,ANJALI VASANT DARADE,INC,Indian National Congress,1552,4,data/maharashtra/mumbai/mumbai_2017.csv
2017,122,MANISHA SANTOSH SHITRE,Communist Party Of India (Marxist),Communist Party Of India (Marxist),655,5,data/maharashtra/mumbai/mumbai_2017.csv
2017,122,Surekha Suresh Chavan,IND,Independent,542,6,data/maharashtra/mumbai/mumbai_2017.csv
2017,122,PALLAVI VIPUL RANKHABE,bahujan republican sociolist party,bahujan republican sociolist party,359,7,data/maharashtra/mumbai/mumbai_2017.csv
2017,122,Sujata Ashwin Chawan,MNS,Maharashtra Navnirman Sena,318,8,data/maharashtra/mumbai/mumbai_2017.csv
2017,122,NOTA,,,378,,data/maharashtra/mumbai/mumbai_2017.csv
2017,123,SNEHAL SUNIL MORE,IND,Independent,9322,1,data/maharashtra/mumbai/mumbai_2017.csv
2017,123,Dr. Bavdane Bharti Subhodh,SS,Shivsena,8567,2,data/maharashtra/mumbai/mumbai_2017.csv
2017,123,SANGITA VIJAY PADWAL,BJP,Bhartiya Janata Party,4004,3,data/maharashtra/mumbai/mumbai_2017.csv
2017,123,SUNITA PRAMOD JADHAV,IND,Independent,2062,4,data/maharashtra/mumbai/mumbai_2017.csv
2017,123,Snehalata Kailas Bondarde,INC,Indian National Congress,680,5,data/maharashtra/mumbai/mumbai_2017.csv
2017,123,anita gangadhar mohite,MNS,Maharashtra Navnirman Sena,517,6,data/maharashtra/mumbai/mumbai_2017.csv
2017,123,PRIYANKA DEEPAK NAVELE,BSP,Bahujan Samaj Party,192,7,data/maharashtra/mumbai/mumbai_2017.csv
2017,123,ARUNA ASHOK PATIL,IND,Independent,153,8,data/maharashtra/mumbai/mumbai_2017.csv
2017,123,JAYASHREE VINOD CHAUGULE,IND,Independent,100,9,data/maharashtra/mumbai/mumbai_2017.csv
2017,123,ASHA RAMAKANT MOHITE,IND,Independent,59,10,data/maharashtra/mumbai/mumbai_2017.csv
2017,123,NOTA,,,300,,data/maharashtra/mumbai/mumbai_2017.csv
2017,124,Jyoti Harun Khan,NCP,Nationalist Congress Party,6686,1,data/maharashtra/mumbai/mumbai_2017.csv
2017,124,Namita Jeevan kini,BJP,Bhartiya Janata Party,3906,2,data/maharashtra/mumbai/mumbai_2017.csv
2017,124,SHAMLI SHAILESH TALEKAR,SS,Shivsena,3569,3,data/maharashtra/mumbai/mumbai_2017.csv
2017,124,LALITA ROHIT TAMBE,IND,Independent,2715,4,data/maharashtra/mumbai/mumbai_2017.csv
2017,124,Shamira Mukhtar Shaikh,AIMIM,All India Majlis e Ittehadul Muslimeen,1017,5,data/maharashtra/mumbai/mumbai_2017.csv
2017,124,KALPANA PIYUSH CHHEDA,MNS,Maharashtra Navnirman Sena,848,6,data/maharashtra/mumbai/mumbai_2017.csv
2017,124,rashida khalil khot,INC,Indian National Congress,846,7,data/maharashtra/mumbai/mumbai_2017.csv
2017,124,SANJANA SANJAY JADHAV,BSP,Bahujan Samaj Party,161,8,data/maharashtra/mumbai/mumbai_2017.csv
2017,124,Farida Hayat Shaikh,SP,Samajwadi Party,62,9,data/maharashtra/mumbai/mumbai_2017.csv
2017,124,SARITA SAMBHAJI RAUL,IND,Independent,61,10,data/maharashtra/mumbai/mumbai_2017.csv
2017,124,SANJANA RAJENDRA JADHAV,IND,Independent,57,11,data/maharashtra/mumbai/mumbai_2017.csv
2017,124,UJWALA RAMESH KAMBLE,IND,Independent,29,12,data/maharashtra/mumbai/mumbai_2017.csv
2017,124,NOTA,,,233,,data/maharashtra/mumbai/mumbai_2017.csv
2017,125,Rupali Suresh Awale,SS,Shivsena,10652,1,data/maharashtra/mumbai/mumbai_2017.csv
2017,125,Sakshi Sachin Pawar,BJP,Bhartiya Janata Party,7608,2,data/maharashtra/mumbai/mumbai_2017.csv
2017,125,VAISHALI RAJENDRA KAMBLE,INC,Indian National Congress,1745,3,data/maharashtra/mumbai/mumbai_2017.csv
2017,125,chetna chandrakant chavan,BSP,Bahujan Samaj Party,1522,4,data/maharashtra/mumbai/mumbai_2017.csv
2017,125,SUCHITA SATISH PAWAR,IND,Independent,1239,5,data/maharashtra/mumbai/mumbai_2017.csv
2017,125,Surekha Uttam Ghuge,MNS,Maharashtra Navnirman Sena,969,6,data/maharashtra/mumbai/mumbai_2017.csv
2017,125,Vaishali Chandrakant More,NCP,Nationalist Congress Party,746,7,data/maharashtra/mumbai/mumbai_2017.csv
2017,125,SANGEETA VITTHAL TELANG,Bharip Bahujan Mahasangh,Bharip Bahujan Mahasangh,437,8,data/maharashtra/mumbai/mumbai_2017.csv
2017,125,SHEELA NAMDEV UBALE,IND,Independent,250,9,data/maharashtra/mumbai/mumbai_2017.csv
2017,125,SARIKA KISHOR KARDAK,Janata Dal Secular,Janata Dal Secular,127,10,data/maharashtra/mumbai/mumbai_2017.csv
2017,125,JYOTI MILIND RAIGAONKAR,SP,Samajwadi Party,108,11,data/maharashtra/mumbai/mumbai_2017.csv
2017,125,SMIITA MALHARI SATHE,IND,Independent,74,12,data/maharashtra/mumbai/mumbai_2017.csv
2017,125,DIMPLE DHARMESH THAKKAR,IND,Independent,67,13,data/maharashtra/mumbai/mumbai_2017.csv
2017,125,KOMAL DHAMMADEEP BANSODE,Republican Party of India (A),Republican Party of India (A),31,14,data/maharashtra/mumbai/mumbai_2017.csv
2017,125,NOTA,,,494,,data/maharashtra/mumbai/mumbai_2017.csv
2017,126,ARCHANA SANJAY BHALERAO,MNS,Maharashtra Navnirman Sena,12759,1,data/maharashtra/mumbai/mumbai_2017.csv
2017,126,Shraddha Rajendra Chankadan,BJP,Bhartiya Janata Party,6089,2,data/maharashtra/mumbai/mumbai_2017.csv
2017,126,SWATI SUNIL SHITAP,SS,Shivsena,5623,3,data/maharashtra/mumbai/mumbai_2017.csv
2017,126,NOTA,,,515,,data/maharashtra/mumbai/mumbai_2017.csv
2017,127,TUKARAM KRISHNA PATIL,SS,Shivsena,8596,1,data/maharashtra/mumbai/mumbai_2017.csv
2017,127,Reetu Rajesh Tavade,BJP,Bhartiya Janata Party,4572,2,data/maharashtra/mumbai/mumbai_2017.csv
2017,127,GANESH VASANT BHAGAT,MNS,Maharashtra Navnirman Sena,4458,3,data/maharashtra/mumbai/mumbai_2017.csv
2017,127,KETAN PRAFUL SHAH,INC,Indian National Congress,1589,4,data/maharashtra/mumbai/mumbai_2017.csv
2017,127,NAVNATH SHANKAR SHEJWAL,IND,Independent,827,5,data/maharashtra/mumbai/mumbai_2017.csv
2017,127,SANJAY MOTIRAM JADHAV,Bharip Bahujan Mahasangh,Bharip Bahujan Mahasangh,559,6,data/maharashtra/mumbai/mumbai_2017.csv
2017,127,JYOTI PRAMOD KEDARE,BSP,Bahujan Samaj Party,541,7,data/maharashtra/mumbai/mumbai_2017.csv
2017,127,CHANDRAMANI CHANDRAKANT JADHAV,NCP,Nationalist Congress Party,425,8,data/maharashtra/mumbai/mumbai_2017.csv
2017,127,VIJAY VITTHAL GORE,IND,Independent,322,9,data/maharashtra/mumbai/mumbai_2017.csv
2017,127,SATISH SAMPAT LOKHANDE,IND,Independent,222,10,data/maharashtra/mumbai/mumbai_2017.csv
2017,127,DINESH DILIP SHELAR,IND,Independent,104,11,data/maharashtra/mumbai/mumbai_2017.csv
2017,127,Yogesh Raghunath Pawar,IND,Independent,96,12,data/maharashtra/mumbai/mumbai_2017.csv
2017,127,PRAKASH SHANKAR KAMBLE,IND,Independent,79,13,data/maharashtra/mumbai/mumbai_2017.csv
2017,127,Sachin Harishchandra Patade,IND,Independent,69,14,data/maharashtra/mumbai/mumbai_2017.csv
2017,127,SANJAY VASUDEO SAWANT,IND,Independent,64,15,data/maharashtra/mumbai/mumbai_2017.csv
2017,127,SURESH MAHADEV BHOSALE,IND,Independent,45,16,data/maharashtra/mumbai/mumbai_2017.csv
2017,127,Santosh Vitthal Salunke,IND,Independent,42,17,data/maharashtra/mumbai/mumbai_2017.csv
2017,127,RAJESH MADHUKAR PARKHE,Republican Party of India (Khobragade),Republican Party of India (Khobragade),40,18,data/maharashtra/mumbai/mumbai_2017.csv
2017,127,Sudarshan Kisan Ahire,IND,Independent,35,19,data/maharashtra/mumbai/mumbai_2017.csv
2017,127,SHRIKANT YASHWANT SURVE,IND,Independent,30,20,data/maharashtra/mumbai/mumbai_2017.csv
2017,127,DATTARAM NARAYAN KANK,Akhil Bharatiya Sena,Akhil Bharatiya Sena,27,21,data/maharashtra/mumbai/mumbai_2017.csv
2017,127,Jairam Haridas Kagade,Sambhaji Brigade,Sambhaji Brigade,10,22,data/maharashtra/mumbai/mumbai_2017.csv
2017,127,NOTA,,,252,,data/maharashtra/mumbai/mumbai_2017.csv
2017,128,ASHWINI DEEPAK HANDE,SS,Shivsena,12980,1,data/maharashtra/mumbai/mumbai_2017.csv
2017,128,SHUBHANGI DASHRATH SHIRKE,IND,Independent,4910,2,data/maharashtra/mumbai/mumbai_2017.csv
2017,128,Prachi Pravin Vichare,BJP,Bhartiya Janata Party,4898,3,data/maharashtra/mumbai/mumbai_2017.csv
2017,128,nanda manik gavhane,MNS,Maharashtra Navnirman Sena,607,4,data/maharashtra/mumbai/mumbai_2017.csv
2017,128,SANGEETA VIJAY VARPE,INC,Indian National Congress,579,5,data/maharashtra/mumbai/mumbai_2017.csv
2017,128,ASHA ASHOK KANASE,NCP,Nationalist Congress Party,287,6,data/maharashtra/mumbai/mumbai_2017.csv
2017,128,nanda maruti gaikwad,Bharip Bahujan Mahasangh,Bharip Bahujan Mahasangh,276,7,data/maharashtra/mumbai/mumbai_2017.csv
2017,128,PUSHPALATA ATMARAM TALEKAR,Sambhaji Brigade,Sambhaji Brigade,148,8,data/maharashtra/mumbai/mumbai_2017.csv
2017,128,Kavita Dasharath Chilawant,IND,Independent,122,9,data/maharashtra/mumbai/mumbai_2017.csv
2017,128,KAMINI PRADEEP CHAUHAN,IND,Independent,42,10,data/maharashtra/mumbai/mumbai_2017.csv
2017,128,NOTA,,,348,,data/maharashtra/mumbai/mumbai_2017.csv
2017,129,Suryakant Jayhari Gawali,BJP,Bhartiya Janata Party,6927,1,data/maharashtra/mumbai/mumbai_2017.csv
2017,129,PRADIP BABAN MANDAVKAR,SS,Shivsena,6712,2,data/maharashtra/mumbai/mumbai_2017.csv
2017,129,Roshan Harun Khan,NCP,Nationalist Congress Party,4962,3,data/maharashtra/mumbai/mumbai_2017.csv
2017,129,Archana Pradyumna Waghmare,INC,Indian National Congress,1946,4,data/maharashtra/mumbai/mumbai_2017.csv
2017,129,Saleem Maqbool Pathan,AIMIM,All India Majlis e Ittehadul Muslimeen,670,5,data/maharashtra/mumbai/mumbai_2017.csv
2017,129,RAJESH RAMCHANDRA MORE,IND,Independent,591,6,data/maharashtra/mumbai/mumbai_2017.csv
2017,129,JAYWANT MARUTI WAGHMARE,Akhil Bharatiya Sena,Akhil Bharatiya Sena,63,7,data/maharashtra/mumbai/mumbai_2017.csv
2017,129,NOTA,,,329,,data/maharashtra/mumbai/mumbai_2017.csv
2017,130,BINDU CHETAN TRIVEDI,BJP,Bhartiya Janata Party,11055,1,data/maharashtra/mumbai/mumbai_2017.csv
2017,130,KAVITA MAHESH WALUNJ,SS,Shivsena,5910,2,data/maharashtra/mumbai/mumbai_2017.csv
2017,130,Supriya Pravin Kadam,INC,Indian National Congress,2397,3,data/maharashtra/mumbai/mumbai_2017.csv
2017,130,NAFISA AYUB SHAIKH,MNS,Maharashtra Navnirman Sena,2394,4,data/maharashtra/mumbai/mumbai_2017.csv
2017,130,POONAM SACHIN GUPTA,NCP,Nationalist Congress Party,935,5,data/maharashtra/mumbai/mumbai_2017.csv
2017,130,Lusi David farnandis,IND,Independent,401,6,data/maharashtra/mumbai/mumbai_2017.csv
2017,130,JULIE DENIS DSOUZA,IND,Independent,296,7,data/maharashtra/mumbai/mumbai_2017.csv
2017,130,Pratibha Swarup Khedekar,IND,Independent,91,8,data/maharashtra/mumbai/mumbai_2017.csv
2017,130,PRITI NARANJI THAKKER,IND,Independent,42,9,data/maharashtra/mumbai/mumbai_2017.csv
2017,130,NOTA,,,529,,data/maharashtra/mumbai/mumbai_2017.csv
2017,131,Rakhee Harishchandra Jadhav,NCP,Nationalist Congress Party,12123,1,data/maharashtra/mumbai/mumbai_2017.csv
2017,131,BHALCHANDRA MOTIRAM SHIRSAT,BJP,Bhartiya Janata Party,11375,2,data/maharashtra/mumbai/mumbai_2017.csv
2017,131,Mangal Lakhamshi Mange,SS,Shivsena,4701,3,data/maharashtra/mumbai/mumbai_2017.csv
2017,131,SURESH GANAPAT MARATHE,INC,Indian National Congress,1038,4,data/maharashtra/mumbai/mumbai_2017.csv
2017,131,SANDEEP ANKUSH RANE,MNS,Maharashtra Navnirman Sena,899,5,data/maharashtra/mumbai/mumbai_2017.csv
2017,131,KAVERI DNYANESHWAR SHIRAL,BSP,Bahujan Samaj Party,143,6,data/maharashtra/mumbai/mumbai_2017.csv
2017,131,MONTU DEEPAK JOSHI,IND,Independent,129,7,data/maharashtra/mumbai/mumbai_2017.csv
2017,131,PRAVIN CHANDRAKANT KEDARE,Bharip Bahujan Mahasangh,Bharip Bahujan Mahasangh,112,8,data/maharashtra/mumbai/mumbai_2017.csv
2017,131,RAMESH LALJI RANGANI,IND,Independent,112,8,data/maharashtra/mumbai/mumbai_2017.csv
2017,131,VINAY VIDHYADHAR ACHAREKAR,Republican Party of India (A),Republican Party of India (A),104,9,data/maharashtra/mumbai/mumbai_2017.csv
2017,131,Anand Uttam Nirbhavane,Bhartiya Manavatawadi Party,Bhartiya Manavatawadi Party,78,10,data/maharashtra/mumbai/mumbai_2017.csv
2017,131,BALKRISHNA SHRIDHAR MHASKAR,IND,Independent,48,11,data/maharashtra/mumbai/mumbai_2017.csv
2017,131,Rajesh Roopnarayan Singh,IND,Independent,35,12,data/maharashtra/mumbai/mumbai_2017.csv
2017,131,NOTA,,,516,,data/maharashtra/mumbai/mumbai_2017.csv
2017,132,PARAG KISHOR SHAH,BJP,Bhartiya Janata Party,14519,1,data/maharashtra/mumbai/mumbai_2017.csv
2017,132,PRAVIN VELJI CHHEDA,INC,Indian National Congress,11794,2,data/maharashtra/mumbai/mumbai_2017.csv
2017,132,SUDHAKAR LAXMAN PATIL,SS,Shivsena,1203,3,data/maharashtra/mumbai/mumbai_2017.csv
2017,132,BOBBY RAMANAND CHANDELIYA,MNS,Maharashtra Navnirman Sena,240,4,data/maharashtra/mumbai/mumbai_2017.csv
2017,132,ASHWIN MITHUBHAI JOSHI,BSP,Bahujan Samaj Party,149,5,data/maharashtra/mumbai/mumbai_2017.csv
2017,132,SANJAY SHAMRAO SONAWALE,Bahujan Mukti Party,Bahujan Mukti Party,110,6,data/maharashtra/mumbai/mumbai_2017.csv
2017,132,RAJU SHRINIWASAN NAICKER,IND,Independent,63,7,data/maharashtra/mumbai/mumbai_2017.csv
2017,132,NOTA,,,348,,data/maharashtra/mumbai/mumbai_2017.csv
2017,133,Parmeshwar Tukaram Kadam,MNS,Maharashtra Navnirman Sena,5037,1,data/maharashtra/mumbai/mumbai_2017.csv
2017,133,RATNAM PRIYASWAMI DEVENDRA,BJP,Bhartiya Janata Party,3791,2,data/maharashtra/mumbai/mumbai_2017.csv
2017,133,vikas damodar pawar,BSP,Bahujan Samaj Party,3526,3,data/maharashtra/mumbai/mumbai_2017.csv
2017,133,Santosh Bhagoji Pingle,IND,Independent,3000,4,data/maharashtra/mumbai/mumbai_2017.csv
2017,133,SACHIN MARUTI GAIKWAD,SS,Shivsena,2977,5,data/maharashtra/mumbai/mumbai_2017.csv
2017,133,NAMDEV DAMU UBALE,IND,Independent,1236,6,data/maharashtra/mumbai/mumbai_2017.csv
2017,133,ANIL MARUTI SHINDE,IND,Independent,1097,7,data/maharashtra/mumbai/mumbai_2017.csv
2017,133,MILIND BHAGWAN GAIKWAD,Bharip Bahujan Mahasangh,Bharip Bahujan Mahasangh,942,8,data/maharashtra/mumbai/mumbai_2017.csv
2017,133,BRIJMOHAN BALRAM SHARMA,INC,Indian National Congress,920,9,data/maharashtra/mumbai/mumbai_2017.csv
2017,133,ABDULAZIZ ATIKJABBAR SHAIKH,SP,Samajwadi Party,863,10,data/maharashtra/mumbai/mumbai_2017.csv
2017,133,MANOJ SHIVAJI DHUMALE,NCP,Nationalist Congress Party,497,11,data/maharashtra/mumbai/mumbai_2017.csv
2017,133,Nitin Raghunath Jadhav,Bhartiya Manavatawadi Party,Bhartiya Manavatawadi Party,295,12,data/maharashtra/mumbai/mumbai_2017.csv
2017,133,RAJU SUDAM KHARAT,IND,Independent,192,13,data/maharashtra/mumbai/mumbai_2017.csv
2017,133,RAVINDRA BABURAO NETAVATE,Republican Party of India (A),Republican Party of India (A),144,14,data/maharashtra/mumbai/mumbai_2017.csv
2017,133,VINOD DAGADU SALVE,IND,Independent,120,15,data/maharashtra/mumbai/mumbai_2017.csv
2017,133,VINOD ROHIDAS SONAWANE,IND,Independent,118,16,data/maharashtra/mumbai/mumbai_2017.csv
2017,133,AVINASH LAXMAN PANDHARE,IND,Independent,96,17,data/maharashtra/mumbai/mumbai_2017.csv
2017,133,SUDHIR LAXMAN KAMBLE,Lok Janshakti Party,Lok Janshakti Party,89,18,data/maharashtra/mumbai/mumbai_2017.csv
2017,133,SUSHILKUMAR SANTBAHADUR SINGH,IND,Independent,74,19,data/maharashtra/mumbai/mumbai_2017.csv
2017,133,Sandeep Manohar Shete,IND,Independent,68,20,data/maharashtra/mumbai/mumbai_2017.csv
2017,133,NADEEM NOOR SAYYED,Akhil Bharatiya Sena,Akhil Bharatiya Sena,47,21,data/maharashtra/mumbai/mumbai_2017.csv
2017,133,UMESH SAHEBRAO AMRUTKAR,IND,Independent,44,22,data/maharashtra/mumbai/mumbai_2017.csv
2017,133,Dilip Bholanath Sharma,united congress party,united congress party,40,23,data/maharashtra/mumbai/mumbai_2017.csv
2017,133,NOTA,,,435,,data/maharashtra/mumbai/mumbai_2017.csv
2017,134,SHAERA SHAFAHAD KHAN,SP,Samajwadi Party,6671,1,data/maharashtra/mumbai/mumbai_2017.csv
2017,134,SAGIRUNNISA AKHTARALAM KHAN,AIMIM,All India Majlis e Ittehadul Muslimeen,2663,2,data/maharashtra/mumbai/mumbai_2017.csv
2017,134,NOORJAHAN ABDULMAJID INAMDAR,INC,Indian National Congress,1915,3,data/maharashtra/mumbai/mumbai_2017.csv
2017,134,VARSHA SANTOSH MOHITE,SS,Shivsena,1088,4,data/maharashtra/mumbai/mumbai_2017.csv
2017,134,TESINA SIRAJUDDIN ANSARI,NCP,Nationalist Congress Party,829,5,data/maharashtra/mumbai/mumbai_2017.csv
2017,134,REKHA NARENDRA MORE,BJP,Bhartiya Janata Party,412,6,data/maharashtra/mumbai/mumbai_2017.csv
2017,134,FATIMABEE SHERALI SIDDIKI,BSP,Bahujan Samaj Party,380,7,data/maharashtra/mumbai/mumbai_2017.csv
2017,134,AKHTARUNNISA ISRAR KHAN,IND,Independent,93,8,data/maharashtra/mumbai/mumbai_2017.csv
2017,134,SALEHA SAKIR KHAN,IND,Independent,83,9,data/maharashtra/mumbai/mumbai_2017.csv
2017,134,Noor Saba Feroz Ahmed Choudhary,BJP,Bhartiya Janata Party,77,10,data/maharashtra/mumbai/mumbai_2017.csv
2017,134,KHUSALAIN PAPPU KHAN,IND,Independent,72,11,data/maharashtra/mumbai/mumbai_2017.csv
2017,134,NASIMBANO ISAKALI SHAIKH,BJP,Bhartiya Janata Party,59,12,data/maharashtra/mumbai/mumbai_2017.csv
2017,134,Kalpana Kishor Gaikwad,AIMIM,All India Majlis e Ittehadul Muslimeen,52,13,data/maharashtra/mumbai/mumbai_2017.csv
2017,134,REHANABANOO AFZAL KHAN,IND,Independent,49,14,data/maharashtra/mumbai/mumbai_2017.csv
2017,134,kavita shivprasad tripathi,Indian Union Muslim League,Indian Union Muslim League,33,15,data/maharashtra/mumbai/mumbai_2017.csv
2017,134,FARIDABI NOORMOHAMMED SHAIKH,Bhartiya Shetkari Kamgar Paksh,Bhartiya Shetkari Kamgar Paksh,19,16,data/maharashtra/mumbai/mumbai_2017.csv
2017,134,NOTA,,,47,,data/maharashtra/mumbai/mumbai_2017.csv
2017,135,Samiksha Deepak Sakre,SS,Shivsena,2804,1,data/maharashtra/mumbai/mumbai_2017.csv
2017,135,Kailashi Ramkumar Verma,IND,Independent,2103,2,data/maharashtra/mumbai/mumbai_2017.csv
2017,135,RIAA YOGESH BARGE,BJP,Bhartiya Janata Party,1941,3,data/maharashtra/mumbai/mumbai_2017.csv
2017,135,KHATIJABI BASHIRAHMED SUBRATI,AIMIM,All India Majlis e Ittehadul Muslimeen,1701,4,data/maharashtra/mumbai/mumbai_2017.csv
2017,135,SHAHEEN FAZLURREHMAN CHOUDHARY,SP,Samajwadi Party,1362,5,data/maharashtra/mumbai/mumbai_2017.csv
2017,135,Ashwini Kisan Pawar,Republican Party of India (A),Republican Party of India (A),1315,6,data/maharashtra/mumbai/mumbai_2017.csv
2017,135,Surayya Shabbir Petkar,IND,Independent,1033,7,data/maharashtra/mumbai/mumbai_2017.csv
2017,135,NIRMALADEVI VASANT SINGH,INC,Indian National Congress,933,8,data/maharashtra/mumbai/mumbai_2017.csv
2017,135,PALLAVI SAROJ JAISWAL,BSP,Bahujan Samaj Party,850,9,data/maharashtra/mumbai/mumbai_2017.csv
2017,135,Rama Babasaheb Kashid,BJP,Bhartiya Janata Party,386,10,data/maharashtra/mumbai/mumbai_2017.csv
2017,135,Shobha Vasant Khirawale,MNS,Maharashtra Navnirman Sena,339,11,data/maharashtra/mumbai/mumbai_2017.csv
2017,135,SUNANDA VIJAY THORAT,Bhartiya Shetkari Kamgar Paksh,Bhartiya Shetkari Kamgar Paksh,317,12,data/maharashtra/mumbai/mumbai_2017.csv
2017,135,Rupali Nilesh Patil,IND,Independent,234,13,data/maharashtra/mumbai/mumbai_2017.csv
2017,135,ASHVINI SATISH GAIKWAD,Bahujan Vikas Aghadi,Bahujan Vikas Aghadi,160,14,data/maharashtra/mumbai/mumbai_2017.csv
2017,135,ZARINABEGUM SHAULHAMEED nil,NCP,Nationalist Congress Party,155,15,data/maharashtra/mumbai/mumbai_2017.csv
2017,135,Meena Narendra Baske,IND,Independent,57,16,data/maharashtra/mumbai/mumbai_2017.csv
2017,135,NOTA,,,73,,data/maharashtra/mumbai/mumbai_2017.csv
2017,136,RUKHSANA NAZIM SIDDIQUI,SP,Samajwadi Party,6364,1,data/maharashtra/mumbai/mumbai_2017.csv
2017,136,ASMINBANO BILALAHMED KHAN,INC,Indian National Congress,2665,2,data/maharashtra/mumbai/mumbai_2017.csv
2017,136,NURIKHATUN SAEED KHAN,AIMIM,All India Majlis e Ittehadul Muslimeen,2370,3,data/maharashtra/mumbai/mumbai_2017.csv
2017,136,QUAMRUNNISA MOHAMMAD NAZIR ANSARI,NCP,Nationalist Congress Party,1703,4,data/maharashtra/mumbai/mumbai_2017.csv
2017,136,SHABNAM IRSHADILAHI SHAIKH,SS,Shivsena,1374,5,data/maharashtra/mumbai/mumbai_2017.csv
2017,136,ANITA ANIL KAMBLE,BJP,Bhartiya Janata Party,1139,6,data/maharashtra/mumbai/mumbai_2017.csv
2017,136,SUNANDA SIDDHARTH USTURE,MNS,Maharashtra Navnirman Sena,152,7,data/maharashtra/mumbai/mumbai_2017.csv
2017,136,SHABNAM SIRAJUDDIN ANSARI,IND,Independent,94,8,data/maharashtra/mumbai/mumbai_2017.csv
2017,136,NOTA,,,82,,data/maharashtra/mumbai/mumbai_2017.csv
2017,137,Ayesha Rafique Shaikh,SP,Samajwadi Party,8343,1,data/maharashtra/mumbai/mumbai_2017.csv
2017,137,SANDHYA MAHADEO AMBEKAR,SS,Shivsena,5695,2,data/maharashtra/mumbai/mumbai_2017.csv
2017,137,BISMILLA ZAKIR MURSAL,INC,Indian National Congress,1125,3,data/maharashtra/mumbai/mumbai_2017.csv
2017,137,JAYMALA KAILASH SARGAR,BJP,Bhartiya Janata Party,684,4,data/maharashtra/mumbai/mumbai_2017.csv
2017,137,FARIDA SHOUKAT MOMIN,NCP,Nationalist Congress Party,645,5,data/maharashtra/mumbai/mumbai_2017.csv
2017,137,NOTA,,,236,,data/maharashtra/mumbai/mumbai_2017.csv
2017,138,AYESHABANO AINMOHAMMED KHAN,SP,Samajwadi Party,6110,1,data/maharashtra/mumbai/mumbai_2017.csv
2017,138,REHANA MOHDIQBAL SHAIKH,IND,Independent,4467,2,data/maharashtra/mumbai/mumbai_2017.csv
2017,138,SUNANDA ANAND SHINDE,SS,Shivsena,3378,3,data/maharashtra/mumbai/mumbai_2017.csv
2017,138,PARVEEN NASEEMAHMED KHAN,NCP,Nationalist Congress Party,1395,4,data/maharashtra/mumbai/mumbai_2017.csv
2017,138,SHABNAM MATINAHMED KHAN,INC,Indian National Congress,1245,5,data/maharashtra/mumbai/mumbai_2017.csv
2017,138,Shamim bano Mohammed Tarique Khan,BJP,Bhartiya Janata Party,681,6,data/maharashtra/mumbai/mumbai_2017.csv
2017,138,SHABANABANO SUBHAN ANSARI,AIMIM,All India Majlis e Ittehadul Muslimeen,488,7,data/maharashtra/mumbai/mumbai_2017.csv
2017,138,NAUREENFATIMA MOHAMMADRAZA SHAIKH,Bhartiya Shetkari Kamgar Paksh,Bhartiya Shetkari Kamgar Paksh,109,8,data/maharashtra/mumbai/mumbai_2017.csv
2017,138,SHIRIN SAMIULLAH ANSARI,Indian Union Muslim League,Indian Union Muslim League,74,9,data/maharashtra/mumbai/mumbai_2017.csv
2017,138,ZAINABBEE ABRAR KHAN,SP,Samajwadi Party,32,10,data/maharashtra/mumbai/mumbai_2017.csv
2017,138,RAZIYASULTANA IMRAN KHAN,IND,Independent,12,11,data/maharashtra/mumbai/mumbai_2017.csv
2017,138,NOTA,,,132,,data/maharashtra/mumbai/mumbai_2017.csv
2017,139,AKHTER ABDULRAJJAK QURESHI,SP,Samajwadi Party,4782,1,data/maharashtra/mumbai/mumbai_2017.csv
2017,139,Arun Vishwanath Kamble,Bharip Bahujan Mahasangh,Bharip Bahujan Mahasangh,3913,2,data/maharashtra/mumbai/mumbai_2017.csv
2017,139,SURESH KRISHNARAO PATIL,SS,Shivsena,3733,3,data/maharashtra/mumbai/mumbai_2017.csv
2017,139,Shareef ibrahim Shaikh,AIMIM,All India Majlis e Ittehadul Muslimeen,2077,4,data/maharashtra/mumbai/mumbai_2017.csv
2017,139,VELUSWAMY SUBHEEYA NAIDU,INC,Indian National Congress,1542,5,data/maharashtra/mumbai/mumbai_2017.csv
2017,139,RAJENDRA WAMAN WAGHMARE,NCP,Nationalist Congress Party,686,6,data/maharashtra/mumbai/mumbai_2017.csv
2017,139,SATISH VISHWAMBHAR VAIDYA,MNS,Maharashtra Navnirman Sena,609,7,data/maharashtra/mumbai/mumbai_2017.csv
2017,139,RAMESH SURESH KAMBLE,BSP,Bahujan Samaj Party,534,8,data/maharashtra/mumbai/mumbai_2017.csv
2017,139,CHANDRAKANT DADU NYAYNIRGUNE,Republican Party of India (A),Republican Party of India (A),441,9,data/maharashtra/mumbai/mumbai_2017.csv
2017,139,Prakash Supadu Bankar,IND,Independent,372,10,data/maharashtra/mumbai/mumbai_2017.csv
2017,139,MOHAMMEDIRFAN KARIMAHMED SHAIKH,IND,Independent,292,11,data/maharashtra/mumbai/mumbai_2017.csv
2017,139,MEENA BHAUSAHEB SALVE,IND,Independent,285,12,data/maharashtra/mumbai/mumbai_2017.csv
2017,139,Ratan Piraji Nirbhavane,bahujan republican sociolist party,bahujan republican sociolist party,249,13,data/maharashtra/mumbai/mumbai_2017.csv
2017,139,Pravin Ambadas Dabhade,IND,Independent,177,14,data/maharashtra/mumbai/mumbai_2017.csv
2017,139,ERPHANGULAM ASGAR MIRZA,Bhartiya Shetkari Kamgar Paksh,Bhartiya Shetkari Kamgar Paksh,171,15,data/maharashtra/mumbai/mumbai_2017.csv
2017,139,GANGARAM DULBA KAMBLE,IND,Independent,107,16,data/maharashtra/mumbai/mumbai_2017.csv
2017,139,PRAVIN JANARDHAN AWARE,IND,Independent,64,17,data/maharashtra/mumbai/mumbai_2017.csv
2017,139,MUKHTARHUSSAIN HAKIM RIZVI,INC,Indian National Congress,50,18,data/maharashtra/mumbai/mumbai_2017.csv
2017,139,Ananda Vitthal Nirmale,Republican Paksha Khoripa,Republican Paksha Khoripa,48,19,data/maharashtra/mumbai/mumbai_2017.csv
2017,139,SHAKEELAHMED FAKIRMOHAMMED SHAIKH,IND,Independent,36,20,data/maharashtra/mumbai/mumbai_2017.csv
2017,139,NIRAJ NATHURAM UBHARE,Rashtriya Samaj Paksha,Rashtriya Samaj Paksha,21,21,data/maharashtra/mumbai/mumbai_2017.csv
2017,139,MOHAMMADALI MUMTAJALI SAYYED,Indian Union Muslim League,Indian Union Muslim League,8,22,data/maharashtra/mumbai/mumbai_2017.csv
2017,139,NOTA,,,230,,data/maharashtra/mumbai/mumbai_2017.csv
2017,140,Nadiya Mohsin Shaikh,NCP,Nationalist Congress Party,4673,1,data/maharashtra/mumbai/mumbai_2017.csv
2017,140,Surekha Shankar Dhaygude,Bharip Bahujan Mahasangh,Bharip Bahujan Mahasangh,3848,2,data/maharashtra/mumbai/mumbai_2017.csv
2017,140,AYESHA ANIS SHAIKH,SP,Samajwadi Party,3277,3,data/maharashtra/mumbai/mumbai_2017.csv
2017,140,RANJANA SHAHAJI NARAVADE,SS,Shivsena,3269,4,data/maharashtra/mumbai/mumbai_2017.csv
2017,140,VAISHALI SHASHIKANT PATIL,INC,Indian National Congress,3223,5,data/maharashtra/mumbai/mumbai_2017.csv
2017,140,MADHAVI ASHOK PATIL,Rashtriya Samaj Paksha,Rashtriya Samaj Paksha,1472,6,data/maharashtra/mumbai/mumbai_2017.csv
2017,140,BHARATI SANJAY KHARE,MNS,Maharashtra Navnirman Sena,1055,7,data/maharashtra/mumbai/mumbai_2017.csv
2017,140,RESHMA RAMESH NEVREKAR,Bhartiya Shetkari Kamgar Paksh,Bhartiya Shetkari Kamgar Paksh,459,8,data/maharashtra/mumbai/mumbai_2017.csv
2017,140,NOTA,,,405,,data/maharashtra/mumbai/mumbai_2017.csv
2017,141,Vitthal Govind Lokare,INC,Indian National Congress,3642,1,data/maharashtra/mumbai/mumbai_2017.csv
2017,141,Dinesh Harishchandra Panchal,BJP,Bhartiya Janata Party,2658,2,data/maharashtra/mumbai/mumbai_2017.csv
2017,141,Nadim MohdRafi Durrani,SP,Samajwadi Party,2337,3,data/maharashtra/mumbai/mumbai_2017.csv
2017,141,Vijay Suresh Raorane,MNS,Maharashtra Navnirman Sena,2249,4,data/maharashtra/mumbai/mumbai_2017.csv
2017,141,Sajid Abdul Hakim Khan,NCP,Nationalist Congress Party,2135,5,data/maharashtra/mumbai/mumbai_2017.csv
2017,141,HEMANT RAMCHANDRA SALVI,SS,Shivsena,1998,6,data/maharashtra/mumbai/mumbai_2017.csv
2017,141,Shatabdi Siddharth Kamble,Bharip Bahujan Mahasangh,Bharip Bahujan Mahasangh,1114,7,data/maharashtra/mumbai/mumbai_2017.csv
2017,141,abdulkadeer usmangani sayyed,AIMIM,All India Majlis e Ittehadul Muslimeen,388,8,data/maharashtra/mumbai/mumbai_2017.csv
2017,141,JAYASHREE PRAKASH GAIKWAD,BSP,Bahujan Samaj Party,308,9,data/maharashtra/mumbai/mumbai_2017.csv
2017,141,AMOL BHIMRAO KSHIRSAGAR,IND,Independent,107,10,data/maharashtra/mumbai/mumbai_2017.csv
2017,141,Atmaram Ramkishan Suryawanshi,IND,Independent,95,11,data/maharashtra/mumbai/mumbai_2017.csv
2017,141,Paul Martin Fernandes,IND,Independent,83,12,data/maharashtra/mumbai/mumbai_2017.csv
2017,141,MADHUKAR SIDRAM RASTE,NCP,Nationalist Congress Party,70,13,data/maharashtra/mumbai/mumbai_2017.csv
2017,141,Sambhaji Balu Waghmare,IND,Independent,69,14,data/maharashtra/mumbai/mumbai_2017.csv
2017,141,NILESH KASHINATH BANSODE,IND,Independent,68,15,data/maharashtra/mumbai/mumbai_2017.csv
2017,141,RIZWAN AKHTAR QURESHI,Indian Union Muslim League,Indian Union Muslim League,60,16,data/maharashtra/mumbai/mumbai_2017.csv
2017,141,CHANDANKUMAR PREMCHAND BHATT,Bhartiya Shetkari Kamgar Paksh,Bhartiya Shetkari Kamgar Paksh,52,17,data/maharashtra/mumbai/mumbai_2017.csv
2017,141,Santosh Genu Dhotre,IND,Independent,48,18,data/maharashtra/mumbai/mumbai_2017.csv
2017,141,MohdJahangir MohdYusuf Ansari,IND,Independent,42,19,data/maharashtra/mumbai/mumbai_2017.csv
2017,141,Ganesh Dagduba Sable,Bahujan Mukti Party,Bahujan Mukti Party,37,20,data/maharashtra/mumbai/mumbai_2017.csv
2017,141,AhmedParvez ImtiyazAhmed Idrisi,IND,Independent,27,21,data/maharashtra/mumbai/mumbai_2017.csv
2017,141,SAUMITRASEN EKNATH DHIWAR,IND,Independent,12,22,data/maharashtra/mumbai/mumbai_2017.csv
2017,141,NOTA,,,107,,data/maharashtra/mumbai/mumbai_2017.csv
2017,142,VAISHALI NAVIN SHEWALE,SS,Shivsena,5312,1,data/maharashtra/mumbai/mumbai_2017.csv
2017,142,SUREKHA CHANDRAKANT ALDAR,BJP,Bhartiya Janata Party,3122,2,data/maharashtra/mumbai/mumbai_2017.csv
2017,142,Neeta Vikas Tambe,INC,Indian National Congress,2029,3,data/maharashtra/mumbai/mumbai_2017.csv
2017,142,sarika sanjay kamble,NCP,Nationalist Congress Party,1241,4,data/maharashtra/mumbai/mumbai_2017.csv
2017,142,Vaishali Suresh Khillare,MNS,Maharashtra Navnirman Sena,1120,5,data/maharashtra/mumbai/mumbai_2017.csv
2017,142,MEENAKSHI HARISHCHANDRA AJGAONKAR,BSP,Bahujan Samaj Party,530,6,data/maharashtra/mumbai/mumbai_2017.csv
2017,142,Gitanjali Shankar Sathe,Republican Party of India (A),Republican Party of India (A),227,7,data/maharashtra/mumbai/mumbai_2017.csv
2017,142,sunita dinkar kamble,IND,Independent,183,8,data/maharashtra/mumbai/mumbai_2017.csv
2017,142,MANISHA SHRIRANG JAGTAP,Bharip Bahujan Mahasangh,Bharip Bahujan Mahasangh,88,9,data/maharashtra/mumbai/mumbai_2017.csv
2017,142,SUSHMITA NITISH VHATKAR,INC,Indian National Congress,54,10,data/maharashtra/mumbai/mumbai_2017.csv
2017,142,Shobha Siddharth Suradkar,SS,Shivsena,49,11,data/maharashtra/mumbai/mumbai_2017.csv
2017,142,NOTA,,,195,,data/maharashtra/mumbai/mumbai_2017.csv
2017,143,Rutuja Rhadayanath Tari,SS,Shivsena,4031,1,data/maharashtra/mumbai/mumbai_2017.csv
2017,143,Ayesha MehmoodQadri Sayyed,AIMIM,All India Majlis e Ittehadul Muslimeen,3882,2,data/maharashtra/mumbai/mumbai_2017.csv
2017,143,Chhaya Sumersingh Patil,MNS,Maharashtra Navnirman Sena,2853,3,data/maharashtra/mumbai/mumbai_2017.csv
2017,143,ILASBI PAIGAMBAR MUJAWAR,NCP,Nationalist Congress Party,2613,4,data/maharashtra/mumbai/mumbai_2017.csv
2017,143,PURVA PRADIP HARAM,BJP,Bhartiya Janata Party,2045,5,data/maharashtra/mumbai/mumbai_2017.csv
2017,143,shilpa satish belamkar,INC,Indian National Congress,1059,6,data/maharashtra/mumbai/mumbai_2017.csv
2017,143,SUSHMA MAHAVIR SONWANE,BSP,Bahujan Samaj Party,835,7,data/maharashtra/mumbai/mumbai_2017.csv
2017,143,MANISHA PRABHAKAR PATIL,INC,Indian National Congress,665,8,data/maharashtra/mumbai/mumbai_2017.csv
2017,143,DIPIKA SANDEEP AGRE,BSP,Bahujan Samaj Party,171,9,data/maharashtra/mumbai/mumbai_2017.csv
2017,143,SANGITA SHRIPATI NARALE,IND,Independent,170,10,data/maharashtra/mumbai/mumbai_2017.csv
2017,143,NOTA,,,255,,data/maharashtra/mumbai/mumbai_2017.csv
2017,144,Anita Dinesh Panchal,BJP,Bhartiya Janata Party,7764,1,data/maharashtra/mumbai/mumbai_2017.csv
2017,144,KAMINI RAHUL SHEWALE,SS,Shivsena,7273,2,data/maharashtra/mumbai/mumbai_2017.csv
2017,144,Samiksha Santosh Vichare,INC,Indian National Congress,2271,3,data/maharashtra/mumbai/mumbai_2017.csv
2017,144,RUPALI SACHIN DATE,NCP,Nationalist Congress Party,1783,4,data/maharashtra/mumbai/mumbai_2017.csv
2017,144,Rohini Ramesh Kadam,MNS,Maharashtra Navnirman Sena,975,5,data/maharashtra/mumbai/mumbai_2017.csv
2017,144,SANGITA VISHNU DHASAL,Bharip Bahujan Mahasangh,Bharip Bahujan Mahasangh,570,6,data/maharashtra/mumbai/mumbai_2017.csv
2017,144,Rubina Sadik Shaikh,IND,Independent,228,7,data/maharashtra/mumbai/mumbai_2017.csv
2017,144,Anjali Prasenjeet Mohite,IND,Independent,125,8,data/maharashtra/mumbai/mumbai_2017.csv
2017,144,TARA VISHNU SHINDE,IND,Independent,50,9,data/maharashtra/mumbai/mumbai_2017.csv
2017,144,Ashwini Mahendra Jadhav,Republican Party of India (A),Republican Party of India (A),42,10,data/maharashtra/mumbai/mumbai_2017.csv
2017,144,SHARMISHTHA MADHUKAR KODAG,IND,Independent,30,11,data/maharashtra/mumbai/mumbai_2017.csv
2017,144,NOTA,,,492,,data/maharashtra/mumbai/mumbai_2017.csv
2017,145,SHAHNAWAZ SARFARAZHUSSAIN SHAIKH,AIMIM,All India Majlis e Ittehadul Muslimeen,6123,1,data/maharashtra/mumbai/mumbai_2017.csv
2017,145,Nimish Janardan Bhosale,SS,Shivsena,5659,2,data/maharashtra/mumbai/mumbai_2017.csv
2017,145,MAJEET MOHAMMEDHANIF SHAIKH,INC,Indian National Congress,3107,3,data/maharashtra/mumbai/mumbai_2017.csv
2017,145,Sirajuddin Salahuddin Khan,NCP,Nationalist Congress Party,2192,4,data/maharashtra/mumbai/mumbai_2017.csv
2017,145,Shabir Siddique Khan,IND,Independent,1941,5,data/maharashtra/mumbai/mumbai_2017.csv
2017,145,MOHAMMEDFAROOQUE ABDULRAZAK SHAIKH,IND,Independent,1351,6,data/maharashtra/mumbai/mumbai_2017.csv
2017,145,Pankaj Mohanlal Surana,BJP,Bhartiya Janata Party,1048,7,data/maharashtra/mumbai/mumbai_2017.csv
2017,145,Murugan Shankar Thevar,All India Anna Dravid Munnetra Kazhagam Party,All India Anna Dravid Munnetra Kazhagam Party,456,8,data/maharashtra/mumbai/mumbai_2017.csv
2017,145,MANJU BHOLESHANKAR KUMARE,IND,Independent,125,9,data/maharashtra/mumbai/mumbai_2017.csv
2017,145,FARAZAHMAD NISAR KHAN,IND,Independent,103,10,data/maharashtra/mumbai/mumbai_2017.csv
2017,145,GANESH BHAGOJI PATIL,MNS,Maharashtra Navnirman Sena,97,11,data/maharashtra/mumbai/mumbai_2017.csv
2017,145,IMRANAZAD DAWOOD SANJAR,IND,Independent,89,12,data/maharashtra/mumbai/mumbai_2017.csv
2017,145,PRATIK KAMLAKAR PENDHARI,Bhartiya Shetkari Kamgar Paksh,Bhartiya Shetkari Kamgar Paksh,43,13,data/maharashtra/mumbai/mumbai_2017.csv
2017,145,NOTA,,,204,,data/maharashtra/mumbai/mumbai_2017.csv
2017,146,SAMRIDDHI GANESH KATE,SS,Shivsena,8622,1,data/maharashtra/mumbai/mumbai_2017.csv
2017,146,Nilesh Prakash Bhosle,NCP,Nationalist Congress Party,5071,2,data/maharashtra/mumbai/mumbai_2017.csv
2017,146,ANITA JITESH KATKAR,Republican Party of India (A),Republican Party of India (A),2526,3,data/maharashtra/mumbai/mumbai_2017.csv
2017,146,SHANKAR SOPAN DHOBLE,INC,Indian National Congress,2191,4,data/maharashtra/mumbai/mumbai_2017.csv
2017,146,SHASHANK RUPA KAMBLE,BSP,Bahujan Samaj Party,753,5,data/maharashtra/mumbai/mumbai_2017.csv
2017,146,RAJESH BABURAO PURBHE,MNS,Maharashtra Navnirman Sena,745,6,data/maharashtra/mumbai/mumbai_2017.csv
2017,146,BHAUSAHEB RANGNATH VARTHE,IND,Independent,623,7,data/maharashtra/mumbai/mumbai_2017.csv
2017,146,REKHA DINESH GAIKWAD,IND,Independent,295,8,data/maharashtra/mumbai/mumbai_2017.csv
2017,146,SHANTILAL HIRAJI KHADE,SP,Samajwadi Party,208,9,data/maharashtra/mumbai/mumbai_2017.csv
2017,146,NEETA SANDEEP WAKADE,BJP,Bhartiya Janata Party,197,10,data/maharashtra/mumbai/mumbai_2017.csv
2017,146,SAKHUBAI KASHINATH JAGTAP,IND,Independent,83,11,data/maharashtra/mumbai/mumbai_2017.csv
2017,146,MAHENDRA TULSHIRAM BHINGARDIVE,BSP,Bahujan Samaj Party,80,12,data/maharashtra/mumbai/mumbai_2017.csv
2017,146,RAVINDRA NIVRUTTI SAPUTRE,IND,Independent,61,13,data/maharashtra/mumbai/mumbai_2017.csv
2017,146,RAMESH SHANKAR SONAVANE,Peasants & Workers Party of India,Peasants & Workers Party of India,54,14,data/maharashtra/mumbai/mumbai_2017.csv
2017,146,NOTA,,,776,,data/maharashtra/mumbai/mumbai_2017.csv
2017,147,Anjali Sanjay Naik,SS,Shivsena,7565,1,data/maharashtra/mumbai/mumbai_2017.csv
2017,147,Seema Rajendra Mahulkar,INC,Indian National Congress,5163,2,data/maharashtra/mumbai/mumbai_2017.csv
2017,147,MANISHA SANTOSH CHEMATE,Republican Party of India (A),Republican Party of India (A),3927,3,data/maharashtra/mumbai/mumbai_2017.csv
2017,147,Jinat Aziz Qureshi,NCP,Nationalist Congress Party,1504,4,data/maharashtra/mumbai/mumbai_2017.csv
2017,147,AARTI SURESH THOMBARE,MNS,Maharashtra Navnirman Sena,462,5,data/maharashtra/mumbai/mumbai_2017.csv
2017,147,SHRUTIKA BAPURAO CHOUGULE,BSP,Bahujan Samaj Party,260,6,data/maharashtra/mumbai/mumbai_2017.csv
2017,147,SUNITA PARSHURAM RAUT,IND,Independent,139,7,data/maharashtra/mumbai/mumbai_2017.csv
2017,147,RAJANI DEEPAK SHINDE,NCP,Nationalist Congress Party,123,8,data/maharashtra/mumbai/mumbai_2017.csv
2017,147,NOTA,,,475,,data/maharashtra/mumbai/mumbai_2017.csv
2017,148,Nidhi Pramod Shinde,SS,Shivsena,4485,1,data/maharashtra/mumbai/mumbai_2017.csv
2017,148,RUKMINI VITHAL KHARATMOL,BJP,Bhartiya Janata Party,3256,2,data/maharashtra/mumbai/mumbai_2017.csv
2017,148,PRANITA BALASAHEB RATHOD,INC,Indian National Congress,2448,3,data/maharashtra/mumbai/mumbai_2017.csv
2017,148,Rekha Madhukar Shirsat,NCP,Nationalist Congress Party,1716,4,data/maharashtra/mumbai/mumbai_2017.csv
2017,148,USHA ANIL KAMBLE,INC,Indian National Congress,1333,5,data/maharashtra/mumbai/mumbai_2017.csv
2017,148,SHOBHA ASHOK SHANBHAG,MNS,Maharashtra Navnirman Sena,1009,6,data/maharashtra/mumbai/mumbai_2017.csv
2017,148,RAJRANI BRIJESH SHARMA,SP,Samajwadi Party,502,7,data/maharashtra/mumbai/mumbai_2017.csv
2017,148,SNEHLATA RANJAN NIKALE,BSP,Bahujan Samaj Party,250,8,data/maharashtra/mumbai/mumbai_2017.csv
2017,148,SUREKHA BHIMRAO KSHIRSAGAR,Bhartiya Shetkari Kamgar Paksh,Bhartiya Shetkari Kamgar Paksh,71,9,data/maharashtra/mumbai/mumbai_2017.csv
2017,148,VIMAL KAILASH SONAVANE,IND,Independent,64,10,data/maharashtra/mumbai/mumbai_2017.csv
2017,148,SUNITA GANESH KAMBLE,bahujan republican sociolist party,bahujan republican sociolist party,61,11,data/maharashtra/mumbai/mumbai_2017.csv
2017,148,PRAMILADEVI ASHOK JAISWAL,IND,Independent,54,12,data/maharashtra/mumbai/mumbai_2017.csv
2017,148,VAISHALI MILIND JAGTAP,Republican Party of India (A),Republican Party of India (A),49,13,data/maharashtra/mumbai/mumbai_2017.csv
2017,148,pranjali prakash jadhav,IND,Independent,29,14,data/maharashtra/mumbai/mumbai_2017.csv
2017,148,NOTA,,,200,,data/maharashtra/mumbai/mumbai_2017.csv
2017,149,SUSHAM GOPAL SAWANT,BJP,Bhartiya Janata Party,5927,1,data/maharashtra/mumbai/mumbai_2017.csv
2017,149,SANJAY ISHWAR KADAM,SS,Shivsena,3808,2,data/maharashtra/mumbai/mumbai_2017.csv
2017,149,Yatin Ravindra Salvi,INC,Indian National Congress,3233,3,data/maharashtra/mumbai/mumbai_2017.csv
2017,149,RAJEEV SUMANT CHAUGULE,MNS,Maharashtra Navnirman Sena,2973,4,data/maharashtra/mumbai/mumbai_2017.csv
2017,149,Ganesh Ramrup Awasthi,IND,Independent,2903,5,data/maharashtra/mumbai/mumbai_2017.csv
2017,149,RAJESH KERU KATARNAVRE,BSP,Bahujan Samaj Party,1756,6,data/maharashtra/mumbai/mumbai_2017.csv
2017,149,SURESH DINKAR GAWARE,NCP,Nationalist Congress Party,606,7,data/maharashtra/mumbai/mumbai_2017.csv
2017,149,KIRAN VASANT SHIRWALKAR,IND,Independent,479,8,data/maharashtra/mumbai/mumbai_2017.csv
2017,149,DNYANESHWAR KONDAJI KALE,IND,Independent,387,9,data/maharashtra/mumbai/mumbai_2017.csv
2017,149,VASANTH SANJEEVA PUTHRAN,IND,Independent,62,10,data/maharashtra/mumbai/mumbai_2017.csv
2017,149,HEMA VISHNU BANDEKAR,IND,Independent,57,11,data/maharashtra/mumbai/mumbai_2017.csv
2017,149,NOTA,,,378,,data/maharashtra/mumbai/mumbai_2017.csv
2017,150,SANGEETA CHANDRAKANT HANDORE,INC,Indian National Congress,8046,1,data/maharashtra/mumbai/mumbai_2017.csv
2017,150,KRISHNA ANNA MANE,Republican Party of India (A),Republican Party of India (A),2204,2,data/maharashtra/mumbai/mumbai_2017.csv
2017,150,Aruna Nalasheth Kakad,SS,Shivsena,1799,3,data/maharashtra/mumbai/mumbai_2017.csv
2017,150,Prashant Mahadev Shivankar,BSP,Bahujan Samaj Party,905,4,data/maharashtra/mumbai/mumbai_2017.csv
2017,150,Vinod Bapu Zagade,MNS,Maharashtra Navnirman Sena,812,5,data/maharashtra/mumbai/mumbai_2017.csv
2017,150,PRABHAKAR ASARAM DHAWALE,AIMIM,All India Majlis e Ittehadul Muslimeen,806,6,data/maharashtra/mumbai/mumbai_2017.csv
2017,150,MAYUR RAMCHANDRA ATHAWALE,bahujan republican sociolist party,bahujan republican sociolist party,738,7,data/maharashtra/mumbai/mumbai_2017.csv
2017,150,JITENDRA BABURAO SHINDE,NCP,Nationalist Congress Party,699,8,data/maharashtra/mumbai/mumbai_2017.csv
2017,150,Mohinuddin Moiddin Sayed,IND,Independent,603,9,data/maharashtra/mumbai/mumbai_2017.csv
2017,150,BABASAHEB DNYANU BANSODE,SP,Samajwadi Party,480,10,data/maharashtra/mumbai/mumbai_2017.csv
2017,150,Kumar Chintaman Thorat,Bharip Bahujan Mahasangh,Bharip Bahujan Mahasangh,381,11,data/maharashtra/mumbai/mumbai_2017.csv
2017,150,SNEHA SANJAY BHALERAO,Republican Party of India (A),Republican Party of India (A),302,12,data/maharashtra/mumbai/mumbai_2017.csv
2017,150,ANITA KIRAN PATOLE,SS,Shivsena,174,13,data/maharashtra/mumbai/mumbai_2017.csv
2017,150,ASHOK RAMA PATIL,IND,Independent,114,14,data/maharashtra/mumbai/mumbai_2017.csv
2017,150,Vishal Sham Waghmare,Ambedkarite Party Of India,Ambedkarite Party Of India,88,15,data/maharashtra/mumbai/mumbai_2017.csv
2017,150,suvarna sandeep jadhav,IND,Independent,77,16,data/maharashtra/mumbai/mumbai_2017.csv
2017,150,BHASKAR PANDURANG NYAYNIT,IND,Independent,53,17,data/maharashtra/mumbai/mumbai_2017.csv
2017,150,BHUJLING BHIWA SONAWANE,Republican Party of India (A),Republican Party of India (A),47,18,data/maharashtra/mumbai/mumbai_2017.csv
2017,150,NOTA,,,341,,data/maharashtra/mumbai/mumbai_2017.csv
2017,151,RAJESH OMPRAKASH FULWARIA,BJP,Bhartiya Janata Party,9972,1,data/maharashtra/mumbai/mumbai_2017.csv
2017,151,Gautam Ganpat Sable,INC,Indian National Congress,5295,2,data/maharashtra/mumbai/mumbai_2017.csv
2017,151,Kamlakar Shantaram Naik,SS,Shivsena,4175,3,data/maharashtra/mumbai/mumbai_2017.csv
2017,151,SHARWANCHAND SEWARAM NAVAL,BSP,Bahujan Samaj Party,1018,4,data/maharashtra/mumbai/mumbai_2017.csv
2017,151,Ganesh Subramaniam Subramaniam,NCP,Nationalist Congress Party,760,5,data/maharashtra/mumbai/mumbai_2017.csv
2017,151,RAMCHANDRA ABAJI AVHAD,Bharip Bahujan Mahasangh,Bharip Bahujan Mahasangh,363,6,data/maharashtra/mumbai/mumbai_2017.csv
2017,151,ASHITOSH BHAIRU DHAWALE,MNS,Maharashtra Navnirman Sena,334,7,data/maharashtra/mumbai/mumbai_2017.csv
2017,151,MANJULA DIPAK PAWAR,Republican Party of India (A),Republican Party of India (A),277,8,data/maharashtra/mumbai/mumbai_2017.csv
2017,151,RAMVRIKSHA RAMLAUT CHAUDHARI,IND,Independent,198,9,data/maharashtra/mumbai/mumbai_2017.csv
2017,151,RAJU VIJAY THORAT,IND,Independent,174,10,data/maharashtra/mumbai/mumbai_2017.csv
2017,151,GIRISH SURENDRA ADHAV,IND,Independent,130,11,data/maharashtra/mumbai/mumbai_2017.csv
2017,151,KANHAIYALAL RAJARAM GUPTA,IND,Independent,128,12,data/maharashtra/mumbai/mumbai_2017.csv
2017,151,VITHAL PANDURANG KADAM,Republican Party of India (A),Republican Party of India (A),123,13,data/maharashtra/mumbai/mumbai_2017.csv
2017,151,RAJESH NANDU SASANE,IND,Independent,120,14,data/maharashtra/mumbai/mumbai_2017.csv
2017,151,SARAVANABHAVAN SAMIKKAN NADAR,IND,Independent,120,14,data/maharashtra/mumbai/mumbai_2017.csv
2017,151,SHANKAR SUMANBHAI ROSIA,Swabhimani Republican Party,Swabhimani Republican Party,97,15,data/maharashtra/mumbai/mumbai_2017.csv
2017,151,Dalpatram Bhomaramji Borana,IND,Independent,40,16,data/maharashtra/mumbai/mumbai_2017.csv
2017,151,SACHIN JAYHIND DEDE,IND,Independent,25,17,data/maharashtra/mumbai/mumbai_2017.csv
2017,151,SANTOSH GOPINATH KONDGEKAR,IND,Independent,21,18,data/maharashtra/mumbai/mumbai_2017.csv
2017,151,NOTA,,,222,,data/maharashtra/mumbai/mumbai_2017.csv
2017,152,ASHA SUBHASH MARATHE,BJP,Bhartiya Janata Party,7715,1,data/maharashtra/mumbai/mumbai_2017.csv
2017,152,Sonali Prakash Salve,SS,Shivsena,6322,2,data/maharashtra/mumbai/mumbai_2017.csv
2017,152,Vishal Bhagwandas More,Bharip Bahujan Mahasangh,Bharip Bahujan Mahasangh,3148,3,data/maharashtra/mumbai/mumbai_2017.csv
2017,152,SUNIL MANOHAR BANSODE,Republican Party of India (A),Republican Party of India (A),2286,4,data/maharashtra/mumbai/mumbai_2017.csv
2017,152,SHIVAJIRAO BHAGWAT SALVE,INC,Indian National Congress,1851,5,data/maharashtra/mumbai/mumbai_2017.csv
2017,152,MANOJ PANDURANG RAMRAJE,MNS,Maharashtra Navnirman Sena,1056,6,data/maharashtra/mumbai/mumbai_2017.csv
2017,152,AMAR JYOTIRAM KAMBLE,BSP,Bahujan Samaj Party,458,7,data/maharashtra/mumbai/mumbai_2017.csv
2017,152,VIJAY SHRAVAN MASKE,Republican Party of India (A),Republican Party of India (A),425,8,data/maharashtra/mumbai/mumbai_2017.csv
2017,152,SANJAY KASHINATH KOKANE,IND,Independent,395,9,data/maharashtra/mumbai/mumbai_2017.csv
2017,152,ROHIT YASHWANT PANDAV,NCP,Nationalist Congress Party,308,10,data/maharashtra/mumbai/mumbai_2017.csv
2017,152,SACHIN MANOHAR GAWARE,IND,Independent,299,11,data/maharashtra/mumbai/mumbai_2017.csv
2017,152,SHRIKANT KAILAS UBALE,IND,Independent,283,12,data/maharashtra/mumbai/mumbai_2017.csv
2017,152,Nandkumar Mohan Tambe,IND,Independent,216,13,data/maharashtra/mumbai/mumbai_2017.csv
2017,152,DILIP DAMU LOKHANDE,IND,Independent,101,14,data/maharashtra/mumbai/mumbai_2017.csv
2017,152,BHIVA SHIVARAM KAMBLE,bahujan republican sociolist party,bahujan republican sociolist party,82,15,data/maharashtra/mumbai/mumbai_2017.csv
2017,152,GAUTAM SUKHDEV KADAM,Akhil Bharatiya Sena,Akhil Bharatiya Sena,50,16,data/maharashtra/mumbai/mumbai_2017.csv
2017,152,VINAYAK CHANDRASEN JADHAV,IND,Independent,19,17,data/maharashtra/mumbai/mumbai_2017.csv
2017,152,NOTA,,,661,,data/maharashtra/mumbai/mumbai_2017.csv
2017,153,Anil Ramchandra Patankar,SS,Shivsena,13683,1,data/maharashtra/mumbai/mumbai_2017.csv
2017,153,NAGESH ANANT TAWATE,BJP,Bhartiya Janata Party,5816,2,data/maharashtra/mumbai/mumbai_2017.csv
2017,153,______ __________ ______,MNS,Maharashtra Navnirman Sena,2553,3,data/maharashtra/mumbai/mumbai_2017.csv
2017,153,Hemant Anant Patil,INC,Indian National Congress,2125,4,data/maharashtra/mumbai/mumbai_2017.csv
2017,153,Navanath Hanamant Kalel,NCP,Nationalist Congress Party,916,5,data/maharashtra/mumbai/mumbai_2017.csv
2017,153,NOTA,,,811,,data/maharashtra/mumbai/mumbai_2017.csv
2017,154,MAHADEV SHANKAR SHIVGAN,BJP,Bhartiya Janata Party,8086,1,data/maharashtra/mumbai/mumbai_2017.csv
2017,154,ABHISHEK KISHAN MISTRY,INC,Indian National Congress,5676,2,data/maharashtra/mumbai/mumbai_2017.csv
2017,154,SHEKHAR VISHNU CHAVAN,SS,Shivsena,5674,3,data/maharashtra/mumbai/mumbai_2017.csv
2017,154,Vijay Chandrakant Bhosale,NCP,Nationalist Congress Party,4588,4,data/maharashtra/mumbai/mumbai_2017.csv
2017,154,DNYANDEV VITTHAL THORAVE,MNS,Maharashtra Navnirman Sena,1399,5,data/maharashtra/mumbai/mumbai_2017.csv
2017,154,satish anand shetty,IND,Independent,219,6,data/maharashtra/mumbai/mumbai_2017.csv
2017,154,SHIVRAM BALAIYA NAIDU,IND,Independent,142,7,data/maharashtra/mumbai/mumbai_2017.csv
2017,154,AZIZULHASAN SHABBIRHASAN KHAN,SP,Samajwadi Party,67,8,data/maharashtra/mumbai/mumbai_2017.csv
2017,154,RAMCHANDRA ROHIDAS SHINDE,Republican Party of India (A),Republican Party of India (A),65,9,data/maharashtra/mumbai/mumbai_2017.csv
2017,154,NOTA,,,589,,data/maharashtra/mumbai/mumbai_2017.csv
2017,155,SHRIKANT GOVIND SHETYE,SS,Shivsena,8014,1,data/maharashtra/mumbai/mumbai_2017.csv
2017,155,RAJENDRA SHRIRAM NAGARALE,INC,Indian National Congress,5199,2,data/maharashtra/mumbai/mumbai_2017.csv
2017,155,UTTAM DAMODAR DUNBALE,MNS,Maharashtra Navnirman Sena,3587,3,data/maharashtra/mumbai/mumbai_2017.csv
2017,155,PRAVIN PARMESHWAR POL,Bharip Bahujan Mahasangh,Bharip Bahujan Mahasangh,2954,4,data/maharashtra/mumbai/mumbai_2017.csv
2017,155,Appa Ananda Avchare,Rashtriya Samaj Paksha,Rashtriya Samaj Paksha,2653,5,data/maharashtra/mumbai/mumbai_2017.csv
2017,155,RAMESH GOPINATH GHOKSHE,Republican Party of India (A),Republican Party of India (A),1122,6,data/maharashtra/mumbai/mumbai_2017.csv
2017,155,Vishnu Bhanudas Gaikwad,NCP,Nationalist Congress Party,976,7,data/maharashtra/mumbai/mumbai_2017.csv
2017,155,VINOD PARMESHWAR KAMBLE,AIMIM,All India Majlis e Ittehadul Muslimeen,566,8,data/maharashtra/mumbai/mumbai_2017.csv
2017,155,JAYA PRAMOD PAGARE,BSP,Bahujan Samaj Party,326,9,data/maharashtra/mumbai/mumbai_2017.csv
2017,155,MADHUKAR LAXMAN RAMPHULE,bahujan republican sociolist party,bahujan republican sociolist party,312,10,data/maharashtra/mumbai/mumbai_2017.csv
2017,155,Sachin Vishwanath Kale,NCP,Nationalist Congress Party,176,11,data/maharashtra/mumbai/mumbai_2017.csv
2017,155,VIDNYAN SHAM DAWARE,NCP,Nationalist Congress Party,143,12,data/maharashtra/mumbai/mumbai_2017.csv
2017,155,VIDYANAND LAXMAN KHARAT,IND,Independent,78,13,data/maharashtra/mumbai/mumbai_2017.csv
2017,155,Manisha Sachin Mokal,IND,Independent,34,14,data/maharashtra/mumbai/mumbai_2017.csv
2017,155,NOTA,,,778,,data/maharashtra/mumbai/mumbai_2017.csv
2017,156,ASHWINI ASHOK MATEKAR,MNS,Maharashtra Navnirman Sena,10992,1,data/maharashtra/mumbai/mumbai_2017.csv
2017,156,SAVITA SHARAD PAWAR,SS,Shivsena,6500,2,data/maharashtra/mumbai/mumbai_2017.csv
2017,156,JAYA SUNDER NADAR,INC,Indian National Congress,2077,3,data/maharashtra/mumbai/mumbai_2017.csv
2017,156,POONAM AVINASHCHANDRA TIWARI,BJP,Bhartiya Janata Party,1754,4,data/maharashtra/mumbai/mumbai_2017.csv
2017,156,SHWETA KETAN KHARCHAN,Bharip Bahujan Mahasangh,Bharip Bahujan Mahasangh,323,5,data/maharashtra/mumbai/mumbai_2017.csv
2017,156,ANITA RAMESH GAIKWAD,BSP,Bahujan Samaj Party,195,6,data/maharashtra/mumbai/mumbai_2017.csv
2017,156,Shabnam Abdul Mukhtar Shaikh,Bhartiya Minorities Suraksha Mahasangh,Bhartiya Minorities Suraksha Mahasangh,164,7,data/maharashtra/mumbai/mumbai_2017.csv
2017,156,CHHAYA BHAGWAN BHALERAO,IND,Independent,80,8,data/maharashtra/mumbai/mumbai_2017.csv
2017,156,NOTA,,,195,,data/maharashtra/mumbai/mumbai_2017.csv
2017,157,AAKANSHA SANJAY SHETYE,SS,Shivsena,7349,1,data/maharashtra/mumbai/mumbai_2017.csv
2017,157,SARITA RAVINDRA MHASKE,INC,Indian National Congress,6776,2,data/maharashtra/mumbai/mumbai_2017.csv
2017,157,Reshma Maheshkumar Chougule,BJP,Bhartiya Janata Party,6256,3,data/maharashtra/mumbai/mumbai_2017.csv
2017,157,puja machindra sutar,IND,Independent,784,4,data/maharashtra/mumbai/mumbai_2017.csv
2017,157,Trupti Amol Matele,NCP,Nationalist Congress Party,480,5,data/maharashtra/mumbai/mumbai_2017.csv
2017,157,RUCHITA RAVINDRA RAUT,IND,Independent,135,6,data/maharashtra/mumbai/mumbai_2017.csv
2017,157,NOTA,,,321,,data/maharashtra/mumbai/mumbai_2017.csv
2017,158,CHITRA SOMNATH SANGLE,SS,Shivsena,9696,1,data/maharashtra/mumbai/mumbai_2017.csv
2017,158,Rashmi Rajesh Chindarkar,BJP,Bhartiya Janata Party,5197,2,data/maharashtra/mumbai/mumbai_2017.csv
2017,158,MAYA SHRIKANT MORYE,INC,Indian National Congress,4819,3,data/maharashtra/mumbai/mumbai_2017.csv
2017,158,NOTA,,,385,,data/maharashtra/mumbai/mumbai_2017.csv
2017,159,Prakash Devji More,BJP,Bhartiya Janata Party,6202,1,data/maharashtra/mumbai/mumbai_2017.csv
2017,159,KOMAL KAMALAKAR JAMSANDEKAR,SS,Shivsena,4248,2,data/maharashtra/mumbai/mumbai_2017.csv
2017,159,MOHAMADAYUB ABDULAZIZ MANIHAR,NCP,Nationalist Congress Party,3313,3,data/maharashtra/mumbai/mumbai_2017.csv
2017,159,SHOBHA SUNILKUMAR YADAV,IND,Independent,1899,4,data/maharashtra/mumbai/mumbai_2017.csv
2017,159,Balkrishna Waman Gate,IND,Independent,1256,5,data/maharashtra/mumbai/mumbai_2017.csv
2017,159,AKRAM RIYAZ FARUQUI,INC,Indian National Congress,622,6,data/maharashtra/mumbai/mumbai_2017.csv
2017,159,RAVINDRA VISHNU MALUSARE,MNS,Maharashtra Navnirman Sena,477,7,data/maharashtra/mumbai/mumbai_2017.csv
2017,159,ABDULRAHIM KAMRUDDIN KHAN,SP,Samajwadi Party,424,8,data/maharashtra/mumbai/mumbai_2017.csv
2017,159,NANDKISHORE SUDHAKAR NALAWADE,IND,Independent,369,9,data/maharashtra/mumbai/mumbai_2017.csv
2017,159,DINESH GOPAL GOSAVI,IND,Independent,131,10,data/maharashtra/mumbai/mumbai_2017.csv
2017,159,VINOD SHIVAJI MANDAVAKAR,IND,Independent,128,11,data/maharashtra/mumbai/mumbai_2017.csv
2017,159,DINESH HARIBA SANKPAL,IND,Independent,109,12,data/maharashtra/mumbai/mumbai_2017.csv
2017,159,JITENDRA SHRIRAM SALVI,IND,Independent,41,13,data/maharashtra/mumbai/mumbai_2017.csv
2017,159,JITENDRA CHANDRADEV YADAV,IND,Independent,37,14,data/maharashtra/mumbai/mumbai_2017.csv
2017,159,NOTA,,,184,,data/maharashtra/mumbai/mumbai_2017.csv
2017,160,KIRAN JYOTIRAM LANDGE,IND,Independent,5752,1,data/maharashtra/mumbai/mumbai_2017.csv
2017,160,ASHWINI BHARAT MATE,SS,Shivsena,5566,2,data/maharashtra/mumbai/mumbai_2017.csv
2017,160,LEENA HARISH SHUKLA,BJP,Bhartiya Janata Party,4210,3,data/maharashtra/mumbai/mumbai_2017.csv
2017,160,SHUBHRANSHUSHEKHAR DIWAKAR DIXIT,MNS,Maharashtra Navnirman Sena,3037,4,data/maharashtra/mumbai/mumbai_2017.csv
2017,160,MOHAMMEDYUSUF YUNUS SHAH,IND,Independent,2239,5,data/maharashtra/mumbai/mumbai_2017.csv
2017,160,Krishnakumar Ramvilas Shukla,INC,Indian National Congress,862,6,data/maharashtra/mumbai/mumbai_2017.csv
2017,160,Karedeen Panchuram Yadav,SP,Samajwadi Party,851,7,data/maharashtra/mumbai/mumbai_2017.csv
2017,160,afroz amir shaikh,NCP,Nationalist Congress Party,532,8,data/maharashtra/mumbai/mumbai_2017.csv
2017,160,ARUNKUMAR KAMLESH MAURYA,IND,Independent,337,9,data/maharashtra/mumbai/mumbai_2017.csv
2017,160,YOGIRAJ WAMAN BHOSLE,Republican Party of India (A),Republican Party of India (A),207,10,data/maharashtra/mumbai/mumbai_2017.csv
2017,160,CHANDRAKANT VISHNU BENDKHALE,IND,Independent,177,11,data/maharashtra/mumbai/mumbai_2017.csv
2017,160,ISMAIL MOHAMMAD SAYYED,BSP,Bahujan Samaj Party,159,12,data/maharashtra/mumbai/mumbai_2017.csv
2017,160,ASHISHKUMAR VRIJMOHAN OJHA,IND,Independent,149,13,data/maharashtra/mumbai/mumbai_2017.csv
2017,160,VIKAS RAMCHANDRA DIKE,IND,Independent,128,14,data/maharashtra/mumbai/mumbai_2017.csv
2017,160,ASHISH AJIT PARKAR,IND,Independent,74,15,data/maharashtra/mumbai/mumbai_2017.csv
2017,160,SANDIP RAMCHANDRA JADHAV,Akhil Bharatiya Sena,Akhil Bharatiya Sena,59,16,data/maharashtra/mumbai/mumbai_2017.csv
2017,160,JITU SURESH KULKARNI,IND,Independent,57,17,data/maharashtra/mumbai/mumbai_2017.csv
2017,160,SHAZADALI IRSHADALI SAYYED,IND,Independent,52,18,data/maharashtra/mumbai/mumbai_2017.csv
2017,160,NOTA,,,203,,data/maharashtra/mumbai/mumbai_2017.csv
2017,161,Vijayendra Onkar Shinde,SS,Shivsena,5338,1,data/maharashtra/mumbai/mumbai_2017.csv
2017,161,IMRAN NABI SAYYED,AIMIM,All India Majlis e Ittehadul Muslimeen,4071,2,data/maharashtra/mumbai/mumbai_2017.csv
2017,161,PRASHANT JANARDHAN RELE,BJP,Bhartiya Janata Party,2652,3,data/maharashtra/mumbai/mumbai_2017.csv
2017,161,PRACHI PRADEEP BAND,MNS,Maharashtra Navnirman Sena,2507,4,data/maharashtra/mumbai/mumbai_2017.csv
2017,161,ABBAS CHANDULAL MULANI,INC,Indian National Congress,1605,5,data/maharashtra/mumbai/mumbai_2017.csv
2017,161,QUTUBALAM VAKIL SHAH,NCP,Nationalist Congress Party,382,6,data/maharashtra/mumbai/mumbai_2017.csv
2017,161,ABDULRASHID MOHAMMADISLAM SHAIKH,Peace Party,Peace Party,69,7,data/maharashtra/mumbai/mumbai_2017.csv
2017,161,IRAM IRSHAD SAYYED,IND,Independent,43,8,data/maharashtra/mumbai/mumbai_2017.csv
2017,161,NOTA,,,247,,data/maharashtra/mumbai/mumbai_2017.csv
2017,162,WAJID WAHID QURESHI,INC,Indian National Congress,6148,1,data/maharashtra/mumbai/mumbai_2017.csv
2017,162,PRANAV DILIP LANDE,MNS,Maharashtra Navnirman Sena,4914,2,data/maharashtra/mumbai/mumbai_2017.csv
2017,162,ANKUSH SURESH PARTE,BJP,Bhartiya Janata Party,2486,3,data/maharashtra/mumbai/mumbai_2017.csv
2017,162,POOJA JOGENDRA GAIKWAD,IND,Independent,1706,4,data/maharashtra/mumbai/mumbai_2017.csv
2017,162,NAGESH VITTHAL LAVATE,SS,Shivsena,1693,5,data/maharashtra/mumbai/mumbai_2017.csv
2017,162,SHABBIR DAGDUBHAI TAMBOLI,SP,Samajwadi Party,1131,6,data/maharashtra/mumbai/mumbai_2017.csv
2017,162,HANIF ADAM DANGE,IND,Independent,1063,7,data/maharashtra/mumbai/mumbai_2017.csv
2017,162,shakeel shafauddin shaikh,IND,Independent,949,8,data/maharashtra/mumbai/mumbai_2017.csv
2017,162,keshar sohan sahadevan,NCP,Nationalist Congress Party,304,9,data/maharashtra/mumbai/mumbai_2017.csv
2017,162,KARIMODDIN ALLAUDDIN SAYYAD,IND,Independent,80,10,data/maharashtra/mumbai/mumbai_2017.csv
2017,162,NOTA,,,221,,data/maharashtra/mumbai/mumbai_2017.csv
2017,163,DILIP BHAUSAHEB LANDE,MNS,Maharashtra Navnirman Sena,8009,1,data/maharashtra/mumbai/mumbai_2017.csv
2017,163,MOHAMMEDGHOUSE SHAHABUDDIN SHAIKH,INC,Indian National Congress,6234,2,data/maharashtra/mumbai/mumbai_2017.csv
2017,163,MAHENDRA MADHUKAR SALUNKHE,BJP,Bhartiya Janata Party,1889,3,data/maharashtra/mumbai/mumbai_2017.csv
2017,163,KESHARSING RAMKRISHNA PATIL,SS,Shivsena,756,4,data/maharashtra/mumbai/mumbai_2017.csv
2017,163,VILAS VIJAY MATHKAR,NCP,Nationalist Congress Party,253,5,data/maharashtra/mumbai/mumbai_2017.csv
2017,163,NOTA,,,264,,data/maharashtra/mumbai/mumbai_2017.csv
2017,164,HARISH KRISHNA BHANDIRGE,BJP,Bhartiya Janata Party,7262,1,data/maharashtra/mumbai/mumbai_2017.csv
2017,164,JAMALAHMED NIYAZAHMED KHAN,AIMIM,All India Majlis e Ittehadul Muslimeen,3603,2,data/maharashtra/mumbai/mumbai_2017.csv
2017,164,ANNAMALAI SIVAKOLUNDU S,SS,Shivsena,3506,3,data/maharashtra/mumbai/mumbai_2017.csv
2017,164,RAMZANALI ZAINULLAH CHAUDHARY,INC,Indian National Congress,2275,4,data/maharashtra/mumbai/mumbai_2017.csv
2017,164,DNYANESHWAR NAMDEO MAHAJAN,MNS,Maharashtra Navnirman Sena,1857,5,data/maharashtra/mumbai/mumbai_2017.csv
2017,164,Nazra Bano Mohammed Ishaque Shaikh Mansoori,SP,Samajwadi Party,1833,6,data/maharashtra/mumbai/mumbai_2017.csv
2017,164,SAINATH SAHDEV KATKE,IND,Independent,1698,7,data/maharashtra/mumbai/mumbai_2017.csv
2017,164,SITARAM SHIVNARESH TIWARI,IND,Independent,1176,8,data/maharashtra/mumbai/mumbai_2017.csv
2017,164,FARID ABDULLATIF KHAN,BSP,Bahujan Samaj Party,892,9,data/maharashtra/mumbai/mumbai_2017.csv
2017,164,BABU ULIGAPPA BATTELI,NCP,Nationalist Congress Party,468,10,data/maharashtra/mumbai/mumbai_2017.csv
2017,164,AHSANULLAH HABIBULLAH KHAN,IND,Independent,210,11,data/maharashtra/mumbai/mumbai_2017.csv
2017,164,SADDAMHUSSAIN ABDULRASHID SHAIKH,Peace Party,Peace Party,207,12,data/maharashtra/mumbai/mumbai_2017.csv
2017,164,RAMZANALI LAISMOHAMMED CHAUDHARY,IND,Independent,189,13,data/maharashtra/mumbai/mumbai_2017.csv
2017,164,MANOJ NARSU MAHANKUDA,IND,Independent,169,14,data/maharashtra/mumbai/mumbai_2017.csv
2017,164,Sanjay Dinanath Tiwari,IND,Independent,145,15,data/maharashtra/mumbai/mumbai_2017.csv
2017,164,santosh sarathi mohanty,IND,Independent,117,16,data/maharashtra/mumbai/mumbai_2017.csv
2017,164,Raghvendra Vijaykumar Singh,IND,Independent,91,17,data/maharashtra/mumbai/mumbai_2017.csv
2017,164,ABDULREHEBAR KARIM KHAN,Bhartiya Minorities Suraksha Mahasangh,Bhartiya Minorities Suraksha Mahasangh,83,18,data/maharashtra/mumbai/mumbai_2017.csv
2017,164,RAJKUMARI SHANKAR HOTKAR,Sambhaji Brigade,Sambhaji Brigade,70,19,data/maharashtra/mumbai/mumbai_2017.csv
2017,164,sagar sopan parihar,Bharip Bahujan Mahasangh,Bharip Bahujan Mahasangh,69,20,data/maharashtra/mumbai/mumbai_2017.csv
2017,164,DEEPAKKUMAR UMASHANKAR VISHWAKARMA,IND,Independent,60,21,data/maharashtra/mumbai/mumbai_2017.csv
2017,164,GANESH KONDIBA KHARATMOL,IND,Independent,60,21,data/maharashtra/mumbai/mumbai_2017.csv
2017,164,MOHAN NAGNATH NARAYANKAR,Ambedkarite Party Of India,Ambedkarite Party Of India,60,21,data/maharashtra/mumbai/mumbai_2017.csv
2017,164,Mohammed Aslam Mohammed Ali ALVI,bahujan republican sociolist party,bahujan republican sociolist party,57,22,data/maharashtra/mumbai/mumbai_2017.csv
2017,164,NIRAJ RAVINDRA VISHWAKARMA,IND,Independent,55,23,data/maharashtra/mumbai/mumbai_2017.csv
2017,164,CHANDRAKANT DATTARAM VICHARE,IND,Independent,53,24,data/maharashtra/mumbai/mumbai_2017.csv
2017,164,Dharmraj Krishna Hotkar,Jankalyan Sena,Jankalyan Sena,44,25,data/maharashtra/mumbai/mumbai_2017.csv
2017,164,SHRIKANT GANPAT SHIRSAT,IND,Independent,44,25,data/maharashtra/mumbai/mumbai_2017.csv
2017,164,VIKRANT MOHAN PANDHARE,IND,Independent,44,25,data/maharashtra/mumbai/mumbai_2017.csv
2017,164,SATYAWAN LAKSHMAN PATRA,IND,Independent,43,26,data/maharashtra/mumbai/mumbai_2017.csv
2017,164,Shazad Kasim Ali Shaikh Mansuri,SP,Samajwadi Party,29,27,data/maharashtra/mumbai/mumbai_2017.csv
2017,164,NOTA,,,197,,data/maharashtra/mumbai/mumbai_2017.csv
2017,165,MOHAMMEDASHRAF MOHAMMEDASLAM AZMI,INC,Indian National Congress,6268,1,data/maharashtra/mumbai/mumbai_2017.csv
2017,165,KETAN SHANKAR BADGUJAR,BJP,Bhartiya Janata Party,3431,2,data/maharashtra/mumbai/mumbai_2017.csv
2017,165,SANA NAWAB MALIK,NCP,Nationalist Congress Party,2917,3,data/maharashtra/mumbai/mumbai_2017.csv
2017,165,SHREEPRAKASH SHYAMNARAYAN SHUKLA,SS,Shivsena,2743,4,data/maharashtra/mumbai/mumbai_2017.csv
2017,165,GANESH NARAYAN PAWAR,MNS,Maharashtra Navnirman Sena,2480,5,data/maharashtra/mumbai/mumbai_2017.csv
2017,165,ANITA ANIL SHETTY,IND,Independent,1228,6,data/maharashtra/mumbai/mumbai_2017.csv
2017,165,KAMALAHMED IQBALAHMED SHAH,AIMIM,All India Majlis e Ittehadul Muslimeen,268,7,data/maharashtra/mumbai/mumbai_2017.csv
2017,165,FIROZE JAINUDDIN MANTRI,SP,Samajwadi Party,248,8,data/maharashtra/mumbai/mumbai_2017.csv
2017,165,Sanjay Dashrath Wavare,Bharatwadi Akata party,Bharatwadi Akata party,97,9,data/maharashtra/mumbai/mumbai_2017.csv
2017,165,JUSTIN SIMON DSOUZA,IND,Independent,92,10,data/maharashtra/mumbai/mumbai_2017.csv
2017,165,SHASHIKANT SUDHAKAR KUMBHARGAN,IND,Independent,86,11,data/maharashtra/mumbai/mumbai_2017.csv
2017,165,MOHAMMEDNOORHASAN HANIF SHAIKH,Peasants & Workers Party of India,Peasants & Workers Party of India,67,12,data/maharashtra/mumbai/mumbai_2017.csv
2017,165,SANJU NAGU KAIKADI,Ambedkarite Party Of India,Ambedkarite Party Of India,60,13,data/maharashtra/mumbai/mumbai_2017.csv
2017,165,MURTAZA SAIFUDDIN JAWADWALA,bahujan republican sociolist party,bahujan republican sociolist party,51,14,data/maharashtra/mumbai/mumbai_2017.csv
2017,165,Kailash Madhukar Damudre,Jankalyan Sena,Jankalyan Sena,28,15,data/maharashtra/mumbai/mumbai_2017.csv
2017,165,YASMIN MOSULTAN SHAH,IND,Independent,23,16,data/maharashtra/mumbai/mumbai_2017.csv
2017,165,NOTA,,,195,,data/maharashtra/mumbai/mumbai_2017.csv
2017,166,Sanjay Ramchandra Turde,MNS,Maharashtra Navnirman Sena,5908,1,data/maharashtra/mumbai/mumbai_2017.csv
2017,166,SUDHIR PANDURANG KHATU,BJP,Bhartiya Janata Party,5152,2,data/maharashtra/mumbai/mumbai_2017.csv
2017,166,Nitesh Rajhans Singh,INC,Indian National Congress,4632,3,data/maharashtra/mumbai/mumbai_2017.csv
2017,166,MANALI MANGESH TULASKAR,SS,Shivsena,3794,4,data/maharashtra/mumbai/mumbai_2017.csv
2017,166,ISMAIL IBRAHIM SHAIKH,SP,Samajwadi Party,1217,5,data/maharashtra/mumbai/mumbai_2017.csv
2017,166,VITHAL YASHWANT VIRKAR,NCP,Nationalist Congress Party,269,6,data/maharashtra/mumbai/mumbai_2017.csv
2017,166,MACHINDRA KRISHNA KOTHARE,IND,Independent,115,7,data/maharashtra/mumbai/mumbai_2017.csv
2017,166,Derrel Peter Fernandes,IND,Independent,61,8,data/maharashtra/mumbai/mumbai_2017.csv
2017,166,ANIL RAMCHANDRA DESAI,IND,Independent,55,9,data/maharashtra/mumbai/mumbai_2017.csv
2017,166,Rekha Ramkishan Harijan,Bhartiya Minorities Suraksha Mahasangh,Bhartiya Minorities Suraksha Mahasangh,48,10,data/maharashtra/mumbai/mumbai_2017.csv
2017,166,Dinesh Baban Pawar,BSP,Bahujan Samaj Party,46,11,data/maharashtra/mumbai/mumbai_2017.csv
2017,166,AKASH NAMDEO KAMBLE,Akhil Bharatiya Sena,Akhil Bharatiya Sena,36,12,data/maharashtra/mumbai/mumbai_2017.csv
2017,166,irfanahmed niyajeeahmed khan,IND,Independent,32,13,data/maharashtra/mumbai/mumbai_2017.csv
2017,166,Priya Hemant Patil,IND,Independent,27,14,data/maharashtra/mumbai/mumbai_2017.csv
2017,166,AKSHAY KACHARU SANAP,prahar janshakti paksh,prahar janshakti paksh,15,15,data/maharashtra/mumbai/mumbai_2017.csv
2017,166,NOTA,,,119,,data/maharashtra/mumbai/mumbai_2017.csv
2017,167,DILSHADBANU MOHAMMEDASHRAF AZMI,INC,Indian National Congress,8874,1,data/maharashtra/mumbai/mumbai_2017.csv
2017,167,RUKHSANA MOHAMMEDISMAIL SHAIKH,SP,Samajwadi Party,4777,2,data/maharashtra/mumbai/mumbai_2017.csv
2017,167,LATA RAJAN KHAIRNAR,SS,Shivsena,3583,3,data/maharashtra/mumbai/mumbai_2017.csv
2017,167,SUREKHA JITESH GANGURDE,Republican Party of India (A),Republican Party of India (A),1526,4,data/maharashtra/mumbai/mumbai_2017.csv
2017,167,NASEEMBANO IMRAN ANSARI,MNS,Maharashtra Navnirman Sena,726,5,data/maharashtra/mumbai/mumbai_2017.csv
2017,167,RUQAIYA ABDULASAD SHAIKH,AIMIM,All India Majlis e Ittehadul Muslimeen,678,6,data/maharashtra/mumbai/mumbai_2017.csv
2017,167,SUSHILA SUNIL GANGURDE,Ambedkarite Party Of India,Ambedkarite Party Of India,232,7,data/maharashtra/mumbai/mumbai_2017.csv
2017,167,SONU SUJIT SINGH,IND,Independent,78,8,data/maharashtra/mumbai/mumbai_2017.csv
2017,167,FARHA NAAZ MOHD SABIR SHAIKH,IND,Independent,72,9,data/maharashtra/mumbai/mumbai_2017.csv
2017,167,SHAKUNATNISHA ZIYAULLAH SHAIKH,IND,Independent,28,10,data/maharashtra/mumbai/mumbai_2017.csv
2017,167,NOTA,,,224,,data/maharashtra/mumbai/mumbai_2017.csv
2017,168,Dr. Saida Khan,NCP,Nationalist Congress Party,7896,1,data/maharashtra/mumbai/mumbai_2017.csv
2017,168,ANURADHA MAHESH PEDNEKAR,SS,Shivsena,6313,2,data/maharashtra/mumbai/mumbai_2017.csv
2017,168,DEEPIKA PREMCHAND MADANE,BJP,Bhartiya Janata Party,5645,3,data/maharashtra/mumbai/mumbai_2017.csv
2017,168,NOORJAHAN ABDULMAJEED KALANIYA,AIMIM,All India Majlis e Ittehadul Muslimeen,2723,4,data/maharashtra/mumbai/mumbai_2017.csv
2017,168,Aasma Mohammed Mudassar Shaikh,SP,Samajwadi Party,1150,5,data/maharashtra/mumbai/mumbai_2017.csv
2017,168,SOFIYA ABDULHANNAN KHAN,INC,Indian National Congress,866,6,data/maharashtra/mumbai/mumbai_2017.csv
2017,168,NOORSABA IMRAN KHAN,BSP,Bahujan Samaj Party,256,7,data/maharashtra/mumbai/mumbai_2017.csv
2017,168,MEENAKSHI PRASHANT GHADGE,MNS,Maharashtra Navnirman Sena,221,8,data/maharashtra/mumbai/mumbai_2017.csv
2017,168,SHAKIRAKHATUN AZIZULLAH QAZI,Bhartiya Minorities Suraksha Mahasangh,Bhartiya Minorities Suraksha Mahasangh,51,9,data/maharashtra/mumbai/mumbai_2017.csv
2017,168,Shakira Shafiqueahmed Khan,IND,Independent,45,10,data/maharashtra/mumbai/mumbai_2017.csv
2017,168,NOTA,,,196,,data/maharashtra/mumbai/mumbai_2017.csv
2017,169,PRAVINA MANISH MORAJKAR,SS,Shivsena,10299,1,data/maharashtra/mumbai/mumbai_2017.csv
2017,169,SHRIKANT YALLAPPA BHISE,BJP,Bhartiya Janata Party,5511,2,data/maharashtra/mumbai/mumbai_2017.csv
2017,169,SUBHASH ASARAM BHALERAO,INC,Indian National Congress,4045,3,data/maharashtra/mumbai/mumbai_2017.csv
2017,169,PRASHANT CHHABILAL BAGADE,MNS,Maharashtra Navnirman Sena,1999,4,data/maharashtra/mumbai/mumbai_2017.csv
2017,169,PRAMILA PRATAP KAKADE,NCP,Nationalist Congress Party,461,5,data/maharashtra/mumbai/mumbai_2017.csv
2017,169,MANGESH CHANDRABHAGA KAMBLE,Bharip Bahujan Mahasangh,Bharip Bahujan Mahasangh,278,6,data/maharashtra/mumbai/mumbai_2017.csv
2017,169,GANGA BABASAHEB WAGHMARE,IND,Independent,150,7,data/maharashtra/mumbai/mumbai_2017.csv
2017,169,Vijay Bhaurao Bhavar,IND,Independent,132,8,data/maharashtra/mumbai/mumbai_2017.csv
2017,169,Lalita Shashikant Sonavane,IND,Independent,131,9,data/maharashtra/mumbai/mumbai_2017.csv
2017,169,NOTA,,,611,,data/maharashtra/mumbai/mumbai_2017.csv
2017,170,AbdulRashidKaptan MohammadIslam Malik,NCP,Nationalist Congress Party,7348,1,data/maharashtra/mumbai/mumbai_2017.csv
2017,170,DARSHANA DILIP SHINDE,SS,Shivsena,3214,2,data/maharashtra/mumbai/mumbai_2017.csv
2017,170,Siraj Sohrab Khan,AIMIM,All India Majlis e Ittehadul Muslimeen,3104,3,data/maharashtra/mumbai/mumbai_2017.csv
2017,170,SWAPNIL CHANDRAKANT YERUNKAR,BJP,Bhartiya Janata Party,2502,4,data/maharashtra/mumbai/mumbai_2017.csv
2017,170,SATISH MADANMOHAN MANCHANDA,INC,Indian National Congress,783,5,data/maharashtra/mumbai/mumbai_2017.csv
2017,170,MAHENDRA VITTHAL SHINDE,MNS,Maharashtra Navnirman Sena,508,6,data/maharashtra/mumbai/mumbai_2017.csv
2017,170,MOHAMMEDRAFIQUE MOHAMMEDRASHID IDRISI,SP,Samajwadi Party,266,7,data/maharashtra/mumbai/mumbai_2017.csv
2017,170,BHIMRAO DNYANDEO SHINGARE,Bharip Bahujan Mahasangh,Bharip Bahujan Mahasangh,219,8,data/maharashtra/mumbai/mumbai_2017.csv
2017,170,Vijay Dnyandeo More,bahujan republican sociolist party,bahujan republican sociolist party,128,9,data/maharashtra/mumbai/mumbai_2017.csv
2017,170,IFTEKHARALI MINHAJALI SAYED,BSP,Bahujan Samaj Party,115,10,data/maharashtra/mumbai/mumbai_2017.csv
2017,170,PAMELADAISY PUSHPRAJ DATTA,IND,Independent,90,11,data/maharashtra/mumbai/mumbai_2017.csv
2017,170,ASHISH ANIL DHURI,IND,Independent,76,12,data/maharashtra/mumbai/mumbai_2017.csv
2017,170,MOHDSALIM AHMED SHAIKH,Akhil Bharatiya Sena,Akhil Bharatiya Sena,52,13,data/maharashtra/mumbai/mumbai_2017.csv
2017,170,subhan kamaluddin khan,IND,Independent,47,14,data/maharashtra/mumbai/mumbai_2017.csv
2017,170,Aslam NoorMohammed Qureshi,Bhartiya Minorities Suraksha Mahasangh,Bhartiya Minorities Suraksha Mahasangh,42,15,data/maharashtra/mumbai/mumbai_2017.csv
2017,170,NOTA,,,123,,data/maharashtra/mumbai/mumbai_2017.csv
2017,171,SANVEE VIJAY TANDEL,SS,Shivsena,7720,1,data/maharashtra/mumbai/mumbai_2017.csv
2017,171,AFSANA IMRAN KHAN,AIMIM,All India Majlis e Ittehadul Muslimeen,4428,2,data/maharashtra/mumbai/mumbai_2017.csv
2017,171,AMREEN ASIF QURESHI,NCP,Nationalist Congress Party,2577,3,data/maharashtra/mumbai/mumbai_2017.csv
2017,171,Reshma Rajendra Nikam,IND,Independent,2547,4,data/maharashtra/mumbai/mumbai_2017.csv
2017,171,CHETNA CHARUDATTA CHALKE,BJP,Bhartiya Janata Party,1792,5,data/maharashtra/mumbai/mumbai_2017.csv
2017,171,AMRUTA AVINASH THALI,MNS,Maharashtra Navnirman Sena,665,6,data/maharashtra/mumbai/mumbai_2017.csv
2017,171,SAMEENA WAJID SHAIKH,INC,Indian National Congress,470,7,data/maharashtra/mumbai/mumbai_2017.csv
2017,171,Vaishali Tushar Shirke,IND,Independent,460,8,data/maharashtra/mumbai/mumbai_2017.csv
2017,171,SUREKHA HARISHCHANDRA PATIL,IND,Independent,144,9,data/maharashtra/mumbai/mumbai_2017.csv
2017,171,Sujata Sunil Patil,IND,Independent,80,10,data/maharashtra/mumbai/mumbai_2017.csv
2017,171,NOTA,,,301,,data/maharashtra/mumbai/mumbai_2017.csv
2017,172,Rajeshree Rajesh Shirwadkar,BJP,Bhartiya Janata Party,13731,1,data/maharashtra/mumbai/mumbai_2017.csv
2017,172,Upendra Pitambardas Doshi,INC,Indian National Congress,3875,2,data/maharashtra/mumbai/mumbai_2017.csv
2017,172,PRAKASH DHONDU WAGHDHARE,SS,Shivsena,3778,3,data/maharashtra/mumbai/mumbai_2017.csv
2017,172,RAJESH BALKRISHNA KENY,MNS,Maharashtra Navnirman Sena,473,4,data/maharashtra/mumbai/mumbai_2017.csv
2017,172,Vishal Vijay Durafe,NCP,Nationalist Congress Party,212,5,data/maharashtra/mumbai/mumbai_2017.csv
2017,172,DEVENDRA MADHUKAR SURVE,IND,Independent,182,6,data/maharashtra/mumbai/mumbai_2017.csv
2017,172,VIJAY RAMPRAKASH YADAV,BSP,Bahujan Samaj Party,161,7,data/maharashtra/mumbai/mumbai_2017.csv
2017,172,DINESH MEGHNATH PAWAR,IND,Independent,72,8,data/maharashtra/mumbai/mumbai_2017.csv
2017,172,Sunita Alwyn Nair,IND,Independent,41,9,data/maharashtra/mumbai/mumbai_2017.csv
2017,172,NOTA,,,436,,data/maharashtra/mumbai/mumbai_2017.csv
2017,173,PRALHAD ABA THOMBRE,SS,Shivsena,6492,1,data/maharashtra/mumbai/mumbai_2017.csv
2017,173,VIJAY SHANTARAM PAGARE,BJP,Bhartiya Janata Party,2985,2,data/maharashtra/mumbai/mumbai_2017.csv
2017,173,Sunil Balkrishna Shetye,SS,Shivsena,2190,3,data/maharashtra/mumbai/mumbai_2017.csv
2017,173,RAJESH GOVIND HEGDE,MNS,Maharashtra Navnirman Sena,1342,4,data/maharashtra/mumbai/mumbai_2017.csv
2017,173,RAJU HANUMANT KAMBLE,IND,Independent,1274,5,data/maharashtra/mumbai/mumbai_2017.csv
2017,173,NAVIN NATHA GAIKWAD,INC,Indian National Congress,1213,6,data/maharashtra/mumbai/mumbai_2017.csv
2017,173,Vinod Dinkar More,IND,Independent,643,7,data/maharashtra/mumbai/mumbai_2017.csv
2017,173,SANJAY JAYPRAKASH TAMBE,Bharip Bahujan Mahasangh,Bharip Bahujan Mahasangh,268,8,data/maharashtra/mumbai/mumbai_2017.csv
2017,173,SHARAD ARJUN KAMBLE,BSP,Bahujan Samaj Party,260,9,data/maharashtra/mumbai/mumbai_2017.csv
2017,173,Rakamaji Bhimasha Hotakar,IND,Independent,155,10,data/maharashtra/mumbai/mumbai_2017.csv
2017,173,PRASHANT EKNATH BHISE,NCP,Nationalist Congress Party,120,11,data/maharashtra/mumbai/mumbai_2017.csv
2017,173,VIJAY ASHOK WAGHMARE,Republican Party of India (A),Republican Party of India (A),105,12,data/maharashtra/mumbai/mumbai_2017.csv
2017,173,NISHANT VILAS DANGLE,IND,Independent,34,13,data/maharashtra/mumbai/mumbai_2017.csv
2017,173,ASHOK DHONDIRAM KHARAT,IND,Independent,25,14,data/maharashtra/mumbai/mumbai_2017.csv
2017,173,Dinesh Rajaram Sonawane,bahujan republican sociolist party,bahujan republican sociolist party,22,15,data/maharashtra/mumbai/mumbai_2017.csv
2017,173,NOTA,,,203,,data/maharashtra/mumbai/mumbai_2017.csv
2017,174,KRISHNAVENI VINOD REDDY,BJP,Bhartiya Janata Party,2300,1,data/maharashtra/mumbai/mumbai_2017.csv
2017,174,Neelam Dilip Dubey,NCP,Nationalist Congress Party,2112,2,data/maharashtra/mumbai/mumbai_2017.csv
2017,174,KHURSHIDA IMRAN KHAN,AIMIM,All India Majlis e Ittehadul Muslimeen,1953,3,data/maharashtra/mumbai/mumbai_2017.csv
2017,174,PRAVINABANO SABIRALI KHAN,SP,Samajwadi Party,1709,4,data/maharashtra/mumbai/mumbai_2017.csv
2017,174,sharvari chetan khamkar,SS,Shivsena,1578,5,data/maharashtra/mumbai/mumbai_2017.csv
2017,174,TRUSHNA EKNATH PAWAR,IND,Independent,1467,6,data/maharashtra/mumbai/mumbai_2017.csv
2017,174,ZUBAIDAKHATOON KHALIDALI SAYED,INC,Indian National Congress,1222,7,data/maharashtra/mumbai/mumbai_2017.csv
2017,174,MANGAL ASHOK BHAPKAR,MNS,Maharashtra Navnirman Sena,583,8,data/maharashtra/mumbai/mumbai_2017.csv
2017,174,PRIYANKA MANOJ SANSARE,IND,Independent,439,9,data/maharashtra/mumbai/mumbai_2017.csv
2017,174,SHEETAL BHARAT SASANE,BSP,Bahujan Samaj Party,195,10,data/maharashtra/mumbai/mumbai_2017.csv
2017,174,SUGRABEE ALIHUSAIN KHAN,IND,Independent,124,11,data/maharashtra/mumbai/mumbai_2017.csv
2017,174,NASIBUNNISA JAMALWARIS SHAIKH,NCP,Nationalist Congress Party,121,12,data/maharashtra/mumbai/mumbai_2017.csv
2017,174,AKHTAR JAHAN BABU KHAN,IND,Independent,67,13,data/maharashtra/mumbai/mumbai_2017.csv
2017,174,JAYSHRI SITARAM JADHAV,IND,Independent,54,14,data/maharashtra/mumbai/mumbai_2017.csv
2017,174,TASIRUN SAMSEALAM SHAIKH,IND,Independent,48,15,data/maharashtra/mumbai/mumbai_2017.csv
2017,174,Urmila Jokhuprasad Jaiswar,bahujan republican sociolist party,bahujan republican sociolist party,35,16,data/maharashtra/mumbai/mumbai_2017.csv
2017,174,MANISHA ANIL KAMBLE,IND,Independent,20,17,data/maharashtra/mumbai/mumbai_2017.csv
2017,174,NOTA,,,115,,data/maharashtra/mumbai/mumbai_2017.csv
2017,175,MANGESH SHRIDHAR SATAMKAR,SS,Shivsena,6096,1,data/maharashtra/mumbai/mumbai_2017.csv
2017,175,LALITA KACHRU YADAV,INC,Indian National Congress,5619,2,data/maharashtra/mumbai/mumbai_2017.csv
2017,175,LORIK RAMCHET YADAV,BJP,Bhartiya Janata Party,4867,3,data/maharashtra/mumbai/mumbai_2017.csv
2017,175,YOGESH SANJAY GUPTA,NCP,Nationalist Congress Party,464,4,data/maharashtra/mumbai/mumbai_2017.csv
2017,175,Varsha Vijay Kamble,IND,Independent,153,5,data/maharashtra/mumbai/mumbai_2017.csv
2017,175,NOTA,,,400,,data/maharashtra/mumbai/mumbai_2017.csv
2017,176,RAVI KONDU RAJA,INC,Indian National Congress,3814,1,data/maharashtra/mumbai/mumbai_2017.csv
2017,176,GAJANAN PADMAKAR PATIL,SS,Shivsena,3678,2,data/maharashtra/mumbai/mumbai_2017.csv
2017,176,MURUGANANTHAM RAMAIAH R,BJP,Bhartiya Janata Party,3495,3,data/maharashtra/mumbai/mumbai_2017.csv
2017,176,Santosh Baburao Sable,IND,Independent,1479,4,data/maharashtra/mumbai/mumbai_2017.csv
2017,176,SASUNDAR SUBBIAH UDAYAR,All India Anna Dravid Munnetra Kazhagam Party,All India Anna Dravid Munnetra Kazhagam Party,360,5,data/maharashtra/mumbai/mumbai_2017.csv
2017,176,SANJAY PRABHAKAR BHOGLE,MNS,Maharashtra Navnirman Sena,350,6,data/maharashtra/mumbai/mumbai_2017.csv
2017,176,VIJAY ASHOK DALVI,Communist Party Of India,Communist Party Of India,350,6,data/maharashtra/mumbai/mumbai_2017.csv
2017,176,Ranganathan Lakshaman Iyer,NCP,Nationalist Congress Party,339,7,data/maharashtra/mumbai/mumbai_2017.csv
2017,176,BABURAM RAMDAYAL AGRAHARI,BSP,Bahujan Samaj Party,286,8,data/maharashtra/mumbai/mumbai_2017.csv
2017,176,Arun Desebalan Panicker,IND,Independent,234,9,data/maharashtra/mumbai/mumbai_2017.csv
2017,176,VATSALA TULSHIRAM HIRE,bahujan republican sociolist party,bahujan republican sociolist party,95,10,data/maharashtra/mumbai/mumbai_2017.csv
2017,176,AmarjitSingh GurucharanSingh Kohli,IND,Independent,86,11,data/maharashtra/mumbai/mumbai_2017.csv
2017,176,Vasu Murti Deswan,IND,Independent,34,12,data/maharashtra/mumbai/mumbai_2017.csv
2017,176,VINOD POPATRAO BHOLE,IND,Independent,29,13,data/maharashtra/mumbai/mumbai_2017.csv
2017,176,PRASHANT PRABHAKAR SHETYE,IND,Independent,25,14,data/maharashtra/mumbai/mumbai_2017.csv
2017,176,KISHOR CHANDRASEN KUMBHE,IND,Independent,17,15,data/maharashtra/mumbai/mumbai_2017.csv
2017,176,RAMESHBABU GURUSWAMI NAIDU,IND,Independent,9,16,data/maharashtra/mumbai/mumbai_2017.csv
2017,176,NOTA,,,191,,data/maharashtra/mumbai/mumbai_2017.csv
2017,177,Nehal Amar Shah,BJP,Bhartiya Janata Party,11298,1,data/maharashtra/mumbai/mumbai_2017.csv
2017,177,Princy JasbirSingh Manekatala,INC,Indian National Congress,3158,2,data/maharashtra/mumbai/mumbai_2017.csv
2017,177,MAHALAXMI V GANATRA,SS,Shivsena,2633,3,data/maharashtra/mumbai/mumbai_2017.csv
2017,177,HARVINDERKAUR MANDEEPSINGH SAIGAL,IND,Independent,868,4,data/maharashtra/mumbai/mumbai_2017.csv
2017,177,ANAMIKA VIVEK BORKAR,MNS,Maharashtra Navnirman Sena,630,5,data/maharashtra/mumbai/mumbai_2017.csv
2017,177,MONICA JOSEPH SANTIMANO,NCP,Nationalist Congress Party,343,6,data/maharashtra/mumbai/mumbai_2017.csv
2017,177,DEVYANI YASHWANT PRABHU,IND,Independent,209,7,data/maharashtra/mumbai/mumbai_2017.csv
2017,177,SNEHAL SANTOSH TAMBE,BSP,Bahujan Samaj Party,192,8,data/maharashtra/mumbai/mumbai_2017.csv
2017,177,Kamini Vrajlal Gogri,IND,Independent,188,9,data/maharashtra/mumbai/mumbai_2017.csv
2017,177,RajinderKaur RaghbirSingh Matta,INC,Indian National Congress,140,10,data/maharashtra/mumbai/mumbai_2017.csv
2017,177,NOTA,,,489,,data/maharashtra/mumbai/mumbai_2017.csv
2017,178,Amey Arun Ghole,SS,Shivsena,7059,1,data/maharashtra/mumbai/mumbai_2017.csv
2017,178,Jesal Manoj Kothari,BJP,Bhartiya Janata Party,6973,2,data/maharashtra/mumbai/mumbai_2017.csv
2017,178,Janardhan Balaram Kirdat,INC,Indian National Congress,4483,3,data/maharashtra/mumbai/mumbai_2017.csv
2017,178,RAGHUNATH DHARMA THAWAI,IND,Independent,1348,4,data/maharashtra/mumbai/mumbai_2017.csv
2017,178,JITENDRA PANDURANG MHATRE,NCP,Nationalist Congress Party,1290,5,data/maharashtra/mumbai/mumbai_2017.csv
2017,178,VAIBHAV DATTATRAY KARANDIKAR,MNS,Maharashtra Navnirman Sena,1115,6,data/maharashtra/mumbai/mumbai_2017.csv
2017,178,Girish Narayandas Karwa,IND,Independent,944,7,data/maharashtra/mumbai/mumbai_2017.csv
2017,178,FLETCHER JOSEPH PATEL,IND,Independent,490,8,data/maharashtra/mumbai/mumbai_2017.csv
2017,178,DILIP NARAYAN GHARAT,Bhartiya Shetkari Kamgar Paksh,Bhartiya Shetkari Kamgar Paksh,108,9,data/maharashtra/mumbai/mumbai_2017.csv
2017,178,ramchandra sakharam gajapurkar,Bharip Bahujan Mahasangh,Bharip Bahujan Mahasangh,105,10,data/maharashtra/mumbai/mumbai_2017.csv
2017,178,Neelam Sunil Shinde,Akhil Bharatiya Sena,Akhil Bharatiya Sena,53,11,data/maharashtra/mumbai/mumbai_2017.csv
2017,178,PRAVEEN PANDURANG GARJE,Akhil Bharat Hindu Mahasabha Maharashtra Pradesh,Akhil Bharat Hindu Mahasabha Maharashtra Pradesh,35,12,data/maharashtra/mumbai/mumbai_2017.csv
2017,178,NOTA,,,489,,data/maharashtra/mumbai/mumbai_2017.csv
2017,179,SUFIYAN NIYAZAHMED VANU,INC,Indian National Congress,5630,1,data/maharashtra/mumbai/mumbai_2017.csv
2017,179,TRUSHNA CHANDRAKANT VISHWASRAO,SS,Shivsena,5503,2,data/maharashtra/mumbai/mumbai_2017.csv
2017,179,ARIF ABDULSALAM SAYED,NCP,Nationalist Congress Party,2857,3,data/maharashtra/mumbai/mumbai_2017.csv
2017,179,BABUBHAIBHAVANJI RAVJI CHHEDA,BJP,Bhartiya Janata Party,2279,4,data/maharashtra/mumbai/mumbai_2017.csv
2017,179,SHABBIR BABAMIYA SAYYED,AIMIM,All India Majlis e Ittehadul Muslimeen,1391,5,data/maharashtra/mumbai/mumbai_2017.csv
2017,179,SANTOSH LAHANU LOHALE,IND,Independent,1143,6,data/maharashtra/mumbai/mumbai_2017.csv
2017,179,ANANT LAXMAN KAMBLE,MNS,Maharashtra Navnirman Sena,682,7,data/maharashtra/mumbai/mumbai_2017.csv
2017,179,ASHOK MADHUKAR KHARE,IND,Independent,631,8,data/maharashtra/mumbai/mumbai_2017.csv
2017,179,vaishali vijaykumar sharma,Bharip Bahujan Mahasangh,Bharip Bahujan Mahasangh,136,9,data/maharashtra/mumbai/mumbai_2017.csv
2017,179,PRAVEEN PANDURANG GARJE,Akhil Bharat Hindu Mahasabha Maharashtra Pradesh,Akhil Bharat Hindu Mahasabha Maharashtra Pradesh,104,10,data/maharashtra/mumbai/mumbai_2017.csv
2017,179,SARFARAZALI MUSHTAQUEALI FODKAR,SP,Samajwadi Party,96,11,data/maharashtra/mumbai/mumbai_2017.csv
2017,179,MOHAMMEDGAUS AHMED SHAIKH,IND,Independent,87,12,data/maharashtra/mumbai/mumbai_2017.csv
2017,179,KAMLA RAMSEVAK VAISHYA,Republican Party of India (A),Republican Party of India (A),58,13,data/maharashtra/mumbai/mumbai_2017.csv
2017,179,AKHTARIBEGAM ZAINUDDIN KHATIB,IND,Independent,46,14,data/maharashtra/mumbai/mumbai_2017.csv
2017,179,Shekhar Uttamsingh Pardeshi,IND,Independent,24,15,data/maharashtra/mumbai/mumbai_2017.csv
2017,179,NOTA,,,243,,data/maharashtra/mumbai/mumbai_2017.csv
2017,180,SMITA SHARAD GAONKAR,SS,Shivsena,8625,1,data/maharashtra/mumbai/mumbai_2017.csv
2017,180,Vaishali Krishna Pawar,INC,Indian National Congress,5584,2,data/maharashtra/mumbai/mumbai_2017.csv
2017,180,BINDU VINODKUMAR YADAV,BJP,Bhartiya Janata Party,3748,3,data/maharashtra/mumbai/mumbai_2017.csv
2017,180,TEJASWINI RAMESH NAKTI,MNS,Maharashtra Navnirman Sena,753,4,data/maharashtra/mumbai/mumbai_2017.csv
2017,180,Sabika Mohd Hasan Qureshi,NCP,Nationalist Congress Party,559,5,data/maharashtra/mumbai/mumbai_2017.csv
2017,180,Shamshad Adam Qureshi,IND,Independent,369,6,data/maharashtra/mumbai/mumbai_2017.csv
2017,180,AARTI MANGESH PATIL,Bhartiya Shetkari Kamgar Paksh,Bhartiya Shetkari Kamgar Paksh,243,7,data/maharashtra/mumbai/mumbai_2017.csv
2017,180,Shweta Deepak Kokate,IND,Independent,201,8,data/maharashtra/mumbai/mumbai_2017.csv
2017,180,NOTA,,,430,,data/maharashtra/mumbai/mumbai_2017.csv
2017,181,PUSHPA KRISHNA KOLI,INC,Indian National Congress,5723,1,data/maharashtra/mumbai/mumbai_2017.csv
2017,181,MADHURI MANOHAR DHOKE,SS,Shivsena,3536,2,data/maharashtra/mumbai/mumbai_2017.csv
2017,181,MEENA FRANCIS INGLE,IND,Independent,2418,3,data/maharashtra/mumbai/mumbai_2017.csv
2017,181,ASMITA GAJANAN PATIL,Republican Party of India (A),Republican Party of India (A),2338,4,data/maharashtra/mumbai/mumbai_2017.csv
2017,181,AQEELA ANWAR PEJE,IND,Independent,859,5,data/maharashtra/mumbai/mumbai_2017.csv
2017,181,NANDA EKNATH WAGHMARE,Bharip Bahujan Mahasangh,Bharip Bahujan Mahasangh,619,6,data/maharashtra/mumbai/mumbai_2017.csv
2017,181,SNEHA GANESH HIWALKAR,MNS,Maharashtra Navnirman Sena,566,7,data/maharashtra/mumbai/mumbai_2017.csv
2017,181,CHANDRAKALA AJINATH DAHIFALE,IND,Independent,527,8,data/maharashtra/mumbai/mumbai_2017.csv
2017,181,ARUNA SHRIKRISHNA MOHOD,IND,Independent,361,9,data/maharashtra/mumbai/mumbai_2017.csv
2017,181,RUPALI MADAN KHALE,BSP,Bahujan Samaj Party,240,10,data/maharashtra/mumbai/mumbai_2017.csv
2017,181,ANKITA ASHOK PATIL,IND,Independent,155,11,data/maharashtra/mumbai/mumbai_2017.csv
2017,181,ROHINI SANJAY PATIL,Akhil Bharatiya Sena,Akhil Bharatiya Sena,86,12,data/maharashtra/mumbai/mumbai_2017.csv
2017,181,NOTA,,,407,,data/maharashtra/mumbai/mumbai_2017.csv
2017,182,Milind Dattaram Vaidya,SS,Shivsena,6899,1,data/maharashtra/mumbai/mumbai_2017.csv
2017,182,RAJAN SURESH PARKAR,MNS,Maharashtra Navnirman Sena,5476,2,data/maharashtra/mumbai/mumbai_2017.csv
2017,182,ADIL RUKNUDDIN PARKAR,INC,Indian National Congress,3214,3,data/maharashtra/mumbai/mumbai_2017.csv
2017,182,Vilas Ramesh Ambekar,BJP,Bhartiya Janata Party,2685,4,data/maharashtra/mumbai/mumbai_2017.csv
2017,182,RAUF USMAN MITHAIWALA,AIMIM,All India Majlis e Ittehadul Muslimeen,1804,5,data/maharashtra/mumbai/mumbai_2017.csv
2017,182,SUHAIL QASIM SHAIKH,Bhartiya Minorities Suraksha Mahasangh,Bhartiya Minorities Suraksha Mahasangh,402,6,data/maharashtra/mumbai/mumbai_2017.csv
2017,182,JOSEPH SAMSON GAIKWAD,INC,Indian National Congress,395,7,data/maharashtra/mumbai/mumbai_2017.csv
2017,182,DEVDAS KASHINATH TANDEL,IND,Independent,123,8,data/maharashtra/mumbai/mumbai_2017.csv
2017,182,ANILKUMAR MATAPRASAD GUPTA,SP,Samajwadi Party,114,9,data/maharashtra/mumbai/mumbai_2017.csv
2017,182,shailesh sharad joshi,IND,Independent,36,10,data/maharashtra/mumbai/mumbai_2017.csv
2017,182,NOTA,,,367,,data/maharashtra/mumbai/mumbai_2017.csv
2017,183,GANGA KUNAL MANE,INC,Indian National Congress,3896,1,data/maharashtra/mumbai/mumbai_2017.csv
2017,183,URMILA RAHUL KATKE,SS,Shivsena,3859,2,data/maharashtra/mumbai/mumbai_2017.csv
2017,183,UTKARSHA LALA DHAYGUDE,BSP,Bahujan Samaj Party,2942,3,data/maharashtra/mumbai/mumbai_2017.csv
2017,183,Bhagyashree Shrikrishna Vengurlekar,BJP,Bhartiya Janata Party,2303,4,data/maharashtra/mumbai/mumbai_2017.csv
2017,183,Heena Moula Shaikh,NCP,Nationalist Congress Party,718,5,data/maharashtra/mumbai/mumbai_2017.csv
2017,183,Jaibunisa Sajid Ansari,IND,Independent,137,6,data/maharashtra/mumbai/mumbai_2017.csv
2017,183,NOTA,,,208,,data/maharashtra/mumbai/mumbai_2017.csv
2017,184,BABU SAFAJALLI KHAN,INC,Indian National Congress,7017,1,data/maharashtra/mumbai/mumbai_2017.csv
2017,184,RAJENDRA NARAYAN SURYAWANSHI,SS,Shivsena,4075,2,data/maharashtra/mumbai/mumbai_2017.csv
2017,184,DEEPAK NAMDEV KALE,INC,Indian National Congress,2520,3,data/maharashtra/mumbai/mumbai_2017.csv
2017,184,MANI BALAN PANKESHARI,BJP,Bhartiya Janata Party,2297,4,data/maharashtra/mumbai/mumbai_2017.csv
2017,184,Mohammed Hayat Mohammed Husain Shaikh,AIMIM,All India Majlis e Ittehadul Muslimeen,789,5,data/maharashtra/mumbai/mumbai_2017.csv
2017,184,RAJESH NARAYAN SONAWANE,MNS,Maharashtra Navnirman Sena,394,6,data/maharashtra/mumbai/mumbai_2017.csv
2017,184,Asgarhusain Zahidhusain Shaikh,Bhartiya Shetkari Kamgar Paksh,Bhartiya Shetkari Kamgar Paksh,335,7,data/maharashtra/mumbai/mumbai_2017.csv
2017,184,RAMASHISH BALAIRAM JAISWAR,BSP,Bahujan Samaj Party,283,8,data/maharashtra/mumbai/mumbai_2017.csv
2017,184,SANTOSH ANIL SHINDE,NCP,Nationalist Congress Party,129,9,data/maharashtra/mumbai/mumbai_2017.csv
2017,184,NITIN POPAT DIVEKAR,IND,Independent,110,10,data/maharashtra/mumbai/mumbai_2017.csv
2017,184,PRITAM SUBHASH SHETTY,bahujan republican sociolist party,bahujan republican sociolist party,66,11,data/maharashtra/mumbai/mumbai_2017.csv
2017,184,rajbahadur birendrakumar yadav,IND,Independent,63,12,data/maharashtra/mumbai/mumbai_2017.csv
2017,184,MANSOOR VAKEELAHMED ANSARI,IND,Independent,60,13,data/maharashtra/mumbai/mumbai_2017.csv
2017,184,Satish Rajaram Paste,IND,Independent,51,14,data/maharashtra/mumbai/mumbai_2017.csv
2017,184,BALASUBRAMANYAN LOGANATHAN KOUNDER,IND,Independent,48,15,data/maharashtra/mumbai/mumbai_2017.csv
2017,184,YASMIN SHAMMI KHAN,Janata Dal Secular,Janata Dal Secular,45,16,data/maharashtra/mumbai/mumbai_2017.csv
2017,184,Mahesh Shivsagar Sharma,IND,Independent,33,17,data/maharashtra/mumbai/mumbai_2017.csv
2017,184,imran idris shaikhmohd,IND,Independent,30,18,data/maharashtra/mumbai/mumbai_2017.csv
2017,184,MohammedIlyas Ahsanali Chowdhary,Peace Party,Peace Party,29,19,data/maharashtra/mumbai/mumbai_2017.csv
2017,184,Mangal Shivaji Bhagat,IND,Independent,24,20,data/maharashtra/mumbai/mumbai_2017.csv
2017,184,NOTA,,,179,,data/maharashtra/mumbai/mumbai_2017.csv
2017,185,JAGDISH MAKKUNNY THAIVALAPILL,SS,Shivsena,5802,1,data/maharashtra/mumbai/mumbai_2017.csv
2017,185,SANJAY RAMBHAKT UPADHYAY,BJP,Bhartiya Janata Party,5122,2,data/maharashtra/mumbai/mumbai_2017.csv
2017,185,BAKKIYANATHAN NARAYAN NADAR,INC,Indian National Congress,4847,3,data/maharashtra/mumbai/mumbai_2017.csv
2017,185,PAUL RAPHEL NARAPARAMBIL,IND,Independent,780,4,data/maharashtra/mumbai/mumbai_2017.csv
2017,185,MAHESH NARYAN KHAIRE,MNS,Maharashtra Navnirman Sena,379,5,data/maharashtra/mumbai/mumbai_2017.csv
2017,185,SANJAY YASHWANT BHALERAO,BSP,Bahujan Samaj Party,359,6,data/maharashtra/mumbai/mumbai_2017.csv
2017,185,JOLLY MARIASINGARAYAN NADAR,IND,Independent,171,7,data/maharashtra/mumbai/mumbai_2017.csv
2017,185,mohammadyusuf vazihulkamar khan,SP,Samajwadi Party,115,8,data/maharashtra/mumbai/mumbai_2017.csv
2017,185,RAMESH BABURAO KARALE,Akhil Bharat Hindu Mahasabha Maharashtra Pradesh,Akhil Bharat Hindu Mahasabha Maharashtra Pradesh,28,9,data/maharashtra/mumbai/mumbai_2017.csv
2017,185,SELVAKUMAR PERIMBRAJ NADAR,IND,Independent,28,9,data/maharashtra/mumbai/mumbai_2017.csv
2017,185,NOTA,,,247,,data/maharashtra/mumbai/mumbai_2017.csv
2017,186,VASANT SHIVRAM NAKASHE,SS,Shivsena,8794,1,data/maharashtra/mumbai/mumbai_2017.csv
2017,186,SANDESH VITHOBA JAWALEKAR,INC,Indian National Congress,5775,2,data/maharashtra/mumbai/mumbai_2017.csv
2017,186,shrirang MOTIRAM kanade,BJP,Bhartiya Janata Party,3472,3,data/maharashtra/mumbai/mumbai_2017.csv
2017,186,Asgarhusain Zahidhusain Shaikh,Bhartiya Shetkari Kamgar Paksh,Bhartiya Shetkari Kamgar Paksh,174,4,data/maharashtra/mumbai/mumbai_2017.csv
2017,186,NOTA,,,480,,data/maharashtra/mumbai/mumbai_2017.csv
2017,187,MARIAMMAL KANDASWAMY THEVAR,SS,Shivsena,6876,1,data/maharashtra/mumbai/mumbai_2017.csv
2017,187,SHAKILA ABDULKADAR SHAIKH,INC,Indian National Congress,6094,2,data/maharashtra/mumbai/mumbai_2017.csv
2017,187,Nishigandha Digambar Koli,MNS,Maharashtra Navnirman Sena,1285,3,data/maharashtra/mumbai/mumbai_2017.csv
2017,187,Sornalaxmi balasubramaniam Thevar,BJP,Bhartiya Janata Party,1265,4,data/maharashtra/mumbai/mumbai_2017.csv
2017,187,SHIRINBANO TAHIR PATHAN,NCP,Nationalist Congress Party,1248,5,data/maharashtra/mumbai/mumbai_2017.csv
2017,187,KANIZFATIMA ABUKHALID SHAIKH,AIMIM,All India Majlis e Ittehadul Muslimeen,1033,6,data/maharashtra/mumbai/mumbai_2017.csv
2017,187,HALIMABEGUM MOBIN ANSARI,BSP,Bahujan Samaj Party,87,7,data/maharashtra/mumbai/mumbai_2017.csv
2017,187,GULMEENABEGUM MOHDYUNUS SHAIKH,AIMIM,All India Majlis e Ittehadul Muslimeen,61,8,data/maharashtra/mumbai/mumbai_2017.csv
2017,187,SHABANABEGUM KHALILAHMED SHAIKH,SP,Samajwadi Party,61,8,data/maharashtra/mumbai/mumbai_2017.csv
2017,187,NOTA,,,203,,data/maharashtra/mumbai/mumbai_2017.csv
2017,188,RESHMABANO MOHAMMADHASIM KHAN,NCP,Nationalist Congress Party,7150,1,data/maharashtra/mumbai/mumbai_2017.csv
2017,188,SUMALATHA DINESH SHETTY,INC,Indian National Congress,7132,2,data/maharashtra/mumbai/mumbai_2017.csv
2017,188,SHEHNAZBANO ABBASHUSSAIN SHAIKH,SS,Shivsena,2434,3,data/maharashtra/mumbai/mumbai_2017.csv
2017,188,Geeta Gautam Nandepalli,IND,Independent,2179,4,data/maharashtra/mumbai/mumbai_2017.csv
2017,188,suguna govindarajan notapplicable,BJP,Bhartiya Janata Party,1382,5,data/maharashtra/mumbai/mumbai_2017.csv
2017,188,Shabeena Munna Shaikh,MNS,Maharashtra Navnirman Sena,593,6,data/maharashtra/mumbai/mumbai_2017.csv
2017,188,SAIRABANO KAMIL FAROOQUI,Peace Party,Peace Party,74,7,data/maharashtra/mumbai/mumbai_2017.csv
2017,188,ANJUM SHAHID QAZI,Janata Dal Secular,Janata Dal Secular,30,8,data/maharashtra/mumbai/mumbai_2017.csv
2017,188,NOTA,,,317,,data/maharashtra/mumbai/mumbai_2017.csv
2017,189,HARSHALA ASHISH MORE,MNS,Maharashtra Navnirman Sena,5920,1,data/maharashtra/mumbai/mumbai_2017.csv
2017,189,Supriya Dilip Katke,SS,Shivsena,3453,2,data/maharashtra/mumbai/mumbai_2017.csv
2017,189,MANGALA VISHNU GAIKWAD,IND,Independent,2690,3,data/maharashtra/mumbai/mumbai_2017.csv
2017,189,Seeta Deepak Wagh,INC,Indian National Congress,2337,4,data/maharashtra/mumbai/mumbai_2017.csv
2017,189,Shamal Suresh Gambhir,BJP,Bhartiya Janata Party,2126,5,data/maharashtra/mumbai/mumbai_2017.csv
2017,189,Afsarnisa Abdul Shaikh,Republican Party of India (A),Republican Party of India (A),625,6,data/maharashtra/mumbai/mumbai_2017.csv
2017,189,SUJATA RAMESH BHALERAO,AIMIM,All India Majlis e Ittehadul Muslimeen,559,7,data/maharashtra/mumbai/mumbai_2017.csv
2017,189,UJWALA ANIL BHANDARE,BSP,Bahujan Samaj Party,291,8,data/maharashtra/mumbai/mumbai_2017.csv
2017,189,Chandrakala Sabanna Metri,IND,Independent,170,9,data/maharashtra/mumbai/mumbai_2017.csv
2017,189,MEERA RATNAKAR SINGH,IND,Independent,91,10,data/maharashtra/mumbai/mumbai_2017.csv
2017,189,SUMAN BALASAHEB PACHANGE,IND,Independent,79,11,data/maharashtra/mumbai/mumbai_2017.csv
2017,189,Sonali Vasant Gaikwad,IND,Independent,46,12,data/maharashtra/mumbai/mumbai_2017.csv
2017,189,NOTA,,,310,,data/maharashtra/mumbai/mumbai_2017.csv
2017,190,Sheetal Suresh Gambhir,BJP,Bhartiya Janata Party,8401,1,data/maharashtra/mumbai/mumbai_2017.csv
2017,190,VAISHALI RAJESH PATANKAR,SS,Shivsena,7958,2,data/maharashtra/mumbai/mumbai_2017.csv
2017,190,BHARTI VIRENDRA TANDEL,MNS,Maharashtra Navnirman Sena,7769,3,data/maharashtra/mumbai/mumbai_2017.csv
2017,190,SUPRIYA SUNIL MALVANKAR,INC,Indian National Congress,3622,4,data/maharashtra/mumbai/mumbai_2017.csv
2017,190,NOTA,,,744,,data/maharashtra/mumbai/mumbai_2017.csv
2017,191,VISHAKHA SHARAD RAUT,SS,Shivsena,10660,1,data/maharashtra/mumbai/mumbai_2017.csv
2017,191,Tejasvi Vasant Jadhav,BJP,Bhartiya Janata Party,8297,2,data/maharashtra/mumbai/mumbai_2017.csv
2017,191,SWAPNA YESHWANT DESHPANDE,MNS,Maharashtra Navnirman Sena,8287,3,data/maharashtra/mumbai/mumbai_2017.csv
2017,191,ROSHNA ASHWIN SHAH,INC,Indian National Congress,1466,4,data/maharashtra/mumbai/mumbai_2017.csv
2017,191,VANDANA VIJAYKUMAR DALVI,NCP,Nationalist Congress Party,173,5,data/maharashtra/mumbai/mumbai_2017.csv
2017,191,NOTA,,,611,,data/maharashtra/mumbai/mumbai_2017.csv
2017,192,PRITI PRAKASH PATANKAR,SS,Shivsena,10525,1,data/maharashtra/mumbai/mumbai_2017.csv
2017,192,SNEHAL SUDHIR JADHAV,MNS,Maharashtra Navnirman Sena,8428,2,data/maharashtra/mumbai/mumbai_2017.csv
2017,192,VAIBHAVI VIVEK BHATKAR,BJP,Bhartiya Janata Party,7367,3,data/maharashtra/mumbai/mumbai_2017.csv
2017,192,Harshal Jitendra Kamble,INC,Indian National Congress,2394,4,data/maharashtra/mumbai/mumbai_2017.csv
2017,192,SHEETAL VIJAY KADAM,NCP,Nationalist Congress Party,295,5,data/maharashtra/mumbai/mumbai_2017.csv
2017,192,ANITA RAJESH KAMBLE,BSP,Bahujan Samaj Party,255,6,data/maharashtra/mumbai/mumbai_2017.csv
2017,192,Nanda Sampat Kamble,IND,Independent,145,7,data/maharashtra/mumbai/mumbai_2017.csv
2017,192,NEELAM RAVINDRA KARPE,IND,Independent,112,8,data/maharashtra/mumbai/mumbai_2017.csv
2017,192,NOTA,,,700,,data/maharashtra/mumbai/mumbai_2017.csv
2017,193,Hemangi Hareshwar Worlikar,SS,Shivsena,13671,1,data/maharashtra/mumbai/mumbai_2017.csv
2017,193,ROHIT MICHAEL KOLI,MNS,Maharashtra Navnirman Sena,4820,2,data/maharashtra/mumbai/mumbai_2017.csv
2017,193,Jayant Dattaaram Nte,BJP,Bhartiya Janata Party,4811,3,data/maharashtra/mumbai/mumbai_2017.csv
2017,193,Runal Rajan Lad,NCP,Nationalist Congress Party,3432,4,data/maharashtra/mumbai/mumbai_2017.csv
2017,193,NAVNATH MANOHAR KARANDEKAR,IND,Independent,1894,5,data/maharashtra/mumbai/mumbai_2017.csv
2017,193,ATIT VASANT MAYEKAR,INC,Indian National Congress,1444,6,data/maharashtra/mumbai/mumbai_2017.csv
2017,193,LINDWALL JOSEPH RODRIGUES,IND,Independent,580,7,data/maharashtra/mumbai/mumbai_2017.csv
2017,193,Pradeep Manishankar Kawathe,Communist Party Of India,Communist Party Of India,415,8,data/maharashtra/mumbai/mumbai_2017.csv
2017,193,ANIL SAKHARAM BETKAR,BSP,Bahujan Samaj Party,180,9,data/maharashtra/mumbai/mumbai_2017.csv
2017,193,DINANATH MARUTI MHATRE,IND,Independent,116,10,data/maharashtra/mumbai/mumbai_2017.csv
2017,193,NOTA,,,721,,data/maharashtra/mumbai/mumbai_2017.csv
2017,194,samadhan sadanand sarvankar,SS,Shivsena,8623,1,data/maharashtra/mumbai/mumbai_2017.csv
2017,194,MAHESH BALIRAM SAWANT,IND,Independent,8364,2,data/maharashtra/mumbai/mumbai_2017.csv
2017,194,SANTOSH BALKRISHNA DHURI,MNS,Maharashtra Navnirman Sena,6684,3,data/maharashtra/mumbai/mumbai_2017.csv
2017,194,Suryakant Laxman Dhavale,BJP,Bhartiya Janata Party,5112,4,data/maharashtra/mumbai/mumbai_2017.csv
2017,194,NITIN BHAURAO PATIL,INC,Indian National Congress,1495,5,data/maharashtra/mumbai/mumbai_2017.csv
2017,194,NANDKISHOR ANANDRAO PAWAR,NCP,Nationalist Congress Party,1069,6,data/maharashtra/mumbai/mumbai_2017.csv
2017,194,AJAY GOVIND SINGH,IND,Independent,899,7,data/maharashtra/mumbai/mumbai_2017.csv
2017,194,VINOD SHRIDHAR PATADE,IND,Independent,261,8,data/maharashtra/mumbai/mumbai_2017.csv
2017,194,Sudarshan Prabhakar Surve,IND,Independent,229,9,data/maharashtra/mumbai/mumbai_2017.csv
2017,194,DIWANSINGH ADHIKARI ADHIKARI,BSP,Bahujan Samaj Party,152,10,data/maharashtra/mumbai/mumbai_2017.csv
2017,194,ABHISHEK ANAND CHAWAN,IND,Independent,109,11,data/maharashtra/mumbai/mumbai_2017.csv
2017,194,SANGATHAN VIDYADHAR SHARMA,Bahujan Vikas Aghadi,Bahujan Vikas Aghadi,95,12,data/maharashtra/mumbai/mumbai_2017.csv
2017,194,Eknath Sakharam Mane,Communist Party Of India,Communist Party Of India,77,13,data/maharashtra/mumbai/mumbai_2017.csv
2017,194,APARNA ANAND DALVI,Janata Dal Secular,Janata Dal Secular,41,14,data/maharashtra/mumbai/mumbai_2017.csv
2017,194,NOTA,,,387,,data/maharashtra/mumbai/mumbai_2017.csv
2017,195,Santosh Namdeo Kharat,SS,Shivsena,10811,1,data/maharashtra/mumbai/mumbai_2017.csv
2017,195,SUSHIL SAKHARAM SHILWANT,BJP,Bhartiya Janata Party,4838,2,data/maharashtra/mumbai/mumbai_2017.csv
2017,195,MANGESH PARSHURAM KASALKAR,MNS,Maharashtra Navnirman Sena,2898,3,data/maharashtra/mumbai/mumbai_2017.csv
2017,195,AJAY KISHOR SHINDE,INC,Indian National Congress,2645,4,data/maharashtra/mumbai/mumbai_2017.csv
2017,195,VANITA VASANT INSULKAR,NCP,Nationalist Congress Party,2603,5,data/maharashtra/mumbai/mumbai_2017.csv
2017,195,Jitendra Sudam Dodake,Bharip Bahujan Mahasangh,Bharip Bahujan Mahasangh,1892,6,data/maharashtra/mumbai/mumbai_2017.csv
2017,195,SHARAD SITARAM SHIRISHKAR,Republican Party of India (A),Republican Party of India (A),274,7,data/maharashtra/mumbai/mumbai_2017.csv
2017,195,SANJAY SUDAM OVHAL,BSP,Bahujan Samaj Party,186,8,data/maharashtra/mumbai/mumbai_2017.csv
2017,195,BABAN DNYANU MORE,bahujan republican sociolist party,bahujan republican sociolist party,59,9,data/maharashtra/mumbai/mumbai_2017.csv
2017,195,Manohar Tanaji Palshetkar,Sambhaji Brigade,Sambhaji Brigade,56,10,data/maharashtra/mumbai/mumbai_2017.csv
2017,195,SACHIN DILIP ATHAWALE,Republican Party of India (A),Republican Party of India (A),52,11,data/maharashtra/mumbai/mumbai_2017.csv
2017,195,NOTA,,,548,,data/maharashtra/mumbai/mumbai_2017.csv
2017,196,Ashish Ramnath Chemburkar,SS,Shivsena,11306,1,data/maharashtra/mumbai/mumbai_2017.csv
2017,196,DEEPAK ASHOK PATIL,BJP,Bhartiya Janata Party,5618,2,data/maharashtra/mumbai/mumbai_2017.csv
2017,196,Dashrath Shivaram Nitanaware,NCP,Nationalist Congress Party,3731,3,data/maharashtra/mumbai/mumbai_2017.csv
2017,196,DASHRATH DATTRAM NIKAM,MNS,Maharashtra Navnirman Sena,1551,4,data/maharashtra/mumbai/mumbai_2017.csv
2017,196,SANDEEP SUDHAKAR KHARAT,BSP,Bahujan Samaj Party,1465,5,data/maharashtra/mumbai/mumbai_2017.csv
2017,196,INDRAJEET VASANT SURYAVANSHI,INC,Indian National Congress,1112,6,data/maharashtra/mumbai/mumbai_2017.csv
2017,196,SANTOSH RAGHUNATH KADAM,Bharip Bahujan Mahasangh,Bharip Bahujan Mahasangh,240,7,data/maharashtra/mumbai/mumbai_2017.csv
2017,196,RAJAN BAPU REDKAR,IND,Independent,177,8,data/maharashtra/mumbai/mumbai_2017.csv
2017,196,Janhvi Sujit Bhagat,IND,Independent,88,9,data/maharashtra/mumbai/mumbai_2017.csv
2017,196,MOHANSINGH SHANKARSINGH RAJPUT,IND,Independent,78,10,data/maharashtra/mumbai/mumbai_2017.csv
2017,196,Rajendra Bhanudas Kamble,Republican Party Of India,Republican Party Of India,59,11,data/maharashtra/mumbai/mumbai_2017.csv
2017,196,Sanjay Ramchandra Kolhapure,IND,Independent,54,12,data/maharashtra/mumbai/mumbai_2017.csv
2017,196,Vishal Anand Bhingare,Sambhaji Brigade,Sambhaji Brigade,49,13,data/maharashtra/mumbai/mumbai_2017.csv
2017,196,LILENDRA GOVIND JHA,IND,Independent,22,14,data/maharashtra/mumbai/mumbai_2017.csv
2017,196,NOTA,,,423,,data/maharashtra/mumbai/mumbai_2017.csv
2017,197,DATTARAM SHIVARAM NARVANKAR,MNS,Maharashtra Navnirman Sena,4419,1,data/maharashtra/mumbai/mumbai_2017.csv
2017,197,Parshuram Dattatray Desai,SS,Shivsena,3287,2,data/maharashtra/mumbai/mumbai_2017.csv
2017,197,ABRAR LALMOHAMMED KHAN,NCP,Nationalist Congress Party,3202,3,data/maharashtra/mumbai/mumbai_2017.csv
2017,197,NAVNEET DAYASHANKAR PANDE,BJP,Bhartiya Janata Party,2406,4,data/maharashtra/mumbai/mumbai_2017.csv
2017,197,RAJU GOVIND PAWAR,IND,Independent,1772,5,data/maharashtra/mumbai/mumbai_2017.csv
2017,197,Anita Satyam Nair,IND,Independent,1118,6,data/maharashtra/mumbai/mumbai_2017.csv
2017,197,Aniruddha Krishna Sawant,IND,Independent,899,7,data/maharashtra/mumbai/mumbai_2017.csv
2017,197,Prakash Govind Pawar,IND,Independent,701,8,data/maharashtra/mumbai/mumbai_2017.csv
2017,197,Manoj Pandian Nadar,INC,Indian National Congress,630,9,data/maharashtra/mumbai/mumbai_2017.csv
2017,197,manoj dinkar marchande,Bharip Bahujan Mahasangh,Bharip Bahujan Mahasangh,560,10,data/maharashtra/mumbai/mumbai_2017.csv
2017,197,ANAND SATU KAMBLE,BSP,Bahujan Samaj Party,371,11,data/maharashtra/mumbai/mumbai_2017.csv
2017,197,TIMMA TIMMAPPA GOLLAR,SP,Samajwadi Party,274,12,data/maharashtra/mumbai/mumbai_2017.csv
2017,197,Suresh Tejram Mehra,IND,Independent,129,13,data/maharashtra/mumbai/mumbai_2017.csv
2017,197,mukesh arma devendra,bahujan republican sociolist party,bahujan republican sociolist party,125,14,data/maharashtra/mumbai/mumbai_2017.csv
2017,197,VIKAS PRAKASH SALVI,Bahujan Vikas Aghadi,Bahujan Vikas Aghadi,121,15,data/maharashtra/mumbai/mumbai_2017.csv
2017,197,ANAND TUKARAM GURAV,Akhil Bharatiya Sena,Akhil Bharatiya Sena,97,16,data/maharashtra/mumbai/mumbai_2017.csv
2017,197,Dinesh Jayram Tiwari,IND,Independent,85,17,data/maharashtra/mumbai/mumbai_2017.csv
2017,197,Sunil Chandrakant Kothawale,Sambhaji Brigade,Sambhaji Brigade,43,18,data/maharashtra/mumbai/mumbai_2017.csv
2017,197,AJAY KRISHNA LONDHE,IND,Independent,42,19,data/maharashtra/mumbai/mumbai_2017.csv
2017,197,MOHAMMAD PARVEZ MOHAMMAD AYUB SHAIKH,IND,Independent,41,20,data/maharashtra/mumbai/mumbai_2017.csv
2017,197,Mohan Ramachandr Pawar,IND,Independent,39,21,data/maharashtra/mumbai/mumbai_2017.csv
2017,197,kishor ukabhai rathod,IND,Independent,34,22,data/maharashtra/mumbai/mumbai_2017.csv
2017,197,SHABANA IMTIYAZAHMED SHAIKH,IND,Independent,33,23,data/maharashtra/mumbai/mumbai_2017.csv
2017,197,MIDRISRAZA HAJIMBASIR KHAN,IND,Independent,27,24,data/maharashtra/mumbai/mumbai_2017.csv
2017,197,NOTA,,,154,,data/maharashtra/mumbai/mumbai_2017.csv
2017,198,SNEHAL SURYAKANT AMBEKAR,SS,Shivsena,13614,1,data/maharashtra/mumbai/mumbai_2017.csv
2017,198,VINAYAK RAM MHASHILKAR,MNS,Maharashtra Navnirman Sena,8088,2,data/maharashtra/mumbai/mumbai_2017.csv
2017,198,KUNAL RAMESH KADAM,Republican Party of India (A),Republican Party of India (A),1720,3,data/maharashtra/mumbai/mumbai_2017.csv
2017,198,SANJAY SHANKAR KAMBALE,IND,Independent,1598,4,data/maharashtra/mumbai/mumbai_2017.csv
2017,198,RAMCHANDRA SITARAM NARKAR,IND,Independent,219,5,data/maharashtra/mumbai/mumbai_2017.csv
2017,198,MAKARAND SHRIDHAR TASGAONKAR,NCP,Nationalist Congress Party,123,6,data/maharashtra/mumbai/mumbai_2017.csv
2017,198,NOTA,,,819,,data/maharashtra/mumbai/mumbai_2017.csv
2017,199,Kishori Kishor Pednekar,SS,Shivsena,11229,1,data/maharashtra/mumbai/mumbai_2017.csv
2017,199,VIJAYMALA BABAN DESAI,NCP,Nationalist Congress Party,5456,2,data/maharashtra/mumbai/mumbai_2017.csv
2017,199,AARATI CHANDRAKANT PUGAONKAR,BJP,Bhartiya Janata Party,4404,3,data/maharashtra/mumbai/mumbai_2017.csv
2017,199,HEENA VIJAYKUMAR KANOJIA,INC,Indian National Congress,1823,4,data/maharashtra/mumbai/mumbai_2017.csv
2017,199,Priyanka Premlal Kanojia,MNS,Maharashtra Navnirman Sena,1416,5,data/maharashtra/mumbai/mumbai_2017.csv
2017,199,Avanti Santosh Talekar,bahujan republican sociolist party,bahujan republican sociolist party,570,6,data/maharashtra/mumbai/mumbai_2017.csv
2017,199,SHASHIKALA AKHILESH JAISWAR,BSP,Bahujan Samaj Party,548,7,data/maharashtra/mumbai/mumbai_2017.csv
2017,199,Sudha Vithalrao Kadam,IND,Independent,165,8,data/maharashtra/mumbai/mumbai_2017.csv
2017,199,RAJSHREE SANDEEP KHAVARE,IND,Independent,88,9,data/maharashtra/mumbai/mumbai_2017.csv
2017,199,VEENA SUDHAKAR KADAM,IND,Independent,67,10,data/maharashtra/mumbai/mumbai_2017.csv
2017,199,NOTA,,,527,,data/maharashtra/mumbai/mumbai_2017.csv
2017,200,URMILA ULHAS PANCHAL,SS,Shivsena,9098,1,data/maharashtra/mumbai/mumbai_2017.csv
2017,200,PALLAVI MAHENDRA MUNGEKAR,INC,Indian National Congress,6937,2,data/maharashtra/mumbai/mumbai_2017.csv
2017,200,Jyotsna Rahul Dhumale Pawar,BJP,Bhartiya Janata Party,6926,3,data/maharashtra/mumbai/mumbai_2017.csv
2017,200,SUVARNA SUNIT WAGHMARE,IND,Independent,1356,4,data/maharashtra/mumbai/mumbai_2017.csv
2017,200,PAYAL RAJENDRA KHARE,BSP,Bahujan Samaj Party,447,5,data/maharashtra/mumbai/mumbai_2017.csv
2017,200,ANITA SANJAY KAMBLE,NCP,Nationalist Congress Party,381,6,data/maharashtra/mumbai/mumbai_2017.csv
2017,200,SUNITA MOHAN TUPASOUNDRYA,Bhartiya Shetkari Kamgar Paksh,Bhartiya Shetkari Kamgar Paksh,129,7,data/maharashtra/mumbai/mumbai_2017.csv
2017,200,NOTA,,,686,,data/maharashtra/mumbai/mumbai_2017.csv
2017,201,Supriya Sunil More,INC,Indian National Congress,7406,1,data/maharashtra/mumbai/mumbai_2017.csv
2017,201,IRAM SAJIDAHMED SIDDIQUE,SP,Samajwadi Party,4619,2,data/maharashtra/mumbai/mumbai_2017.csv
2017,201,ASHWINI VIJAY DAREKAR,SS,Shivsena,3575,3,data/maharashtra/mumbai/mumbai_2017.csv
2017,201,SHEHNAZ SIRAJAHMED MALIK,AIMIM,All India Majlis e Ittehadul Muslimeen,1826,4,data/maharashtra/mumbai/mumbai_2017.csv
2017,201,Savita Vinod Saklave,BJP,Bhartiya Janata Party,1690,5,data/maharashtra/mumbai/mumbai_2017.csv
2017,201,PUSHPA ANAND RANKHAMBE,MNS,Maharashtra Navnirman Sena,730,6,data/maharashtra/mumbai/mumbai_2017.csv
2017,201,SHAMBHAVI HEMANT SAWANT,Republican Party of India (A),Republican Party of India (A),330,7,data/maharashtra/mumbai/mumbai_2017.csv
2017,201,jyoti prakash jagtap,NCP,Nationalist Congress Party,203,8,data/maharashtra/mumbai/mumbai_2017.csv
2017,201,RUBINA KHALID SIDDIQUE,IND,Independent,112,9,data/maharashtra/mumbai/mumbai_2017.csv
2017,201,NOTA,,,283,,data/maharashtra/mumbai/mumbai_2017.csv
2017,202,SHRADDHA SHRIDHAR JADHAV,SS,Shivsena,12032,1,data/maharashtra/mumbai/mumbai_2017.csv
2017,202,_______ ______ _____,MNS,Maharashtra Navnirman Sena,4386,2,data/maharashtra/mumbai/mumbai_2017.csv
2017,202,Riya Harishchandra Bavkar,INC,Indian National Congress,4329,3,data/maharashtra/mumbai/mumbai_2017.csv
2017,202,VIJAYALAXMI NITESH PAWAR,BJP,Bhartiya Janata Party,3292,4,data/maharashtra/mumbai/mumbai_2017.csv
2017,202,UMA SUNIL BHASKARAN,NCP,Nationalist Congress Party,986,5,data/maharashtra/mumbai/mumbai_2017.csv
2017,202,MANASI MANAJI PARAB,IND,Independent,855,6,data/maharashtra/mumbai/mumbai_2017.csv
2017,202,MANASI ARUN SAKPAL,Bharip Bahujan Mahasangh,Bharip Bahujan Mahasangh,454,7,data/maharashtra/mumbai/mumbai_2017.csv
2017,202,Vandana Ramchandra Mane,Communist Party Of India,Communist Party Of India,413,8,data/maharashtra/mumbai/mumbai_2017.csv
2017,202,NOTA,,,547,,data/maharashtra/mumbai/mumbai_2017.csv
2017,203,sindhu ravindranath Masurkar,SS,Shivsena,14541,1,data/maharashtra/mumbai/mumbai_2017.csv
2017,203,TEJASWINI SANJAY AMBOLE,BJP,Bhartiya Janata Party,9622,2,data/maharashtra/mumbai/mumbai_2017.csv
2017,203,POONAM ARUN DURGAVALE,MNS,Maharashtra Navnirman Sena,2061,3,data/maharashtra/mumbai/mumbai_2017.csv
2017,203,VIDYA CHANDRASHEKHAR JANGAM,INC,Indian National Congress,1497,4,data/maharashtra/mumbai/mumbai_2017.csv
2017,203,RESHMA SUDHIR BABRE,IND,Independent,262,5,data/maharashtra/mumbai/mumbai_2017.csv
2017,203,bharati jagannath jadhav,NCP,Nationalist Congress Party,122,6,data/maharashtra/mumbai/mumbai_2017.csv
2017,203,NOTA,,,618,,data/maharashtra/mumbai/mumbai_2017.csv
2017,204,ANIL SADASHIV KOKIL,SS,Shivsena,13411,1,data/maharashtra/mumbai/mumbai_2017.csv
2017,204,ARUN DATTARAM DALVI,BJP,Bhartiya Janata Party,7300,2,data/maharashtra/mumbai/mumbai_2017.csv
2017,204,SACHINDRA GANPAT DESAI,MNS,Maharashtra Navnirman Sena,2772,3,data/maharashtra/mumbai/mumbai_2017.csv
2017,204,PRAKASH RAMKRISHNA SAWANT,INC,Indian National Congress,1420,4,data/maharashtra/mumbai/mumbai_2017.csv
2017,204,SWAPNIL MADAN KHALE,BSP,Bahujan Samaj Party,144,5,data/maharashtra/mumbai/mumbai_2017.csv
2017,204,NOTA,,,524,,data/maharashtra/mumbai/mumbai_2017.csv
2017,205,DATTARAM RAMBHAU PONGADE,SS,Shivsena,13859,1,data/maharashtra/mumbai/mumbai_2017.csv
2017,205,VILAS SHRIPAT SAWANT,MNS,Maharashtra Navnirman Sena,6175,2,data/maharashtra/mumbai/mumbai_2017.csv
2017,205,RAJENDRA MOHAN GHAG,BJP,Bhartiya Janata Party,2850,3,data/maharashtra/mumbai/mumbai_2017.csv
2017,205,Umesh Raysing Yewale,NCP,Nationalist Congress Party,1064,4,data/maharashtra/mumbai/mumbai_2017.csv
2017,205,GORAKH NIVRUTTI KANGANE,INC,Indian National Congress,1004,5,data/maharashtra/mumbai/mumbai_2017.csv
2017,205,PRASAD NARAYAN GHAGARE,Communist Party Of India,Communist Party Of India,782,6,data/maharashtra/mumbai/mumbai_2017.csv
2017,205,SANJAYKUMAR GYANPRAKASH MISHRA,IND,Independent,253,7,data/maharashtra/mumbai/mumbai_2017.csv
2017,205,MAHENDRA SITARAM SATPUTE,bahujan republican sociolist party,bahujan republican sociolist party,237,8,data/maharashtra/mumbai/mumbai_2017.csv
2017,205,RAJARAM GOVIND GAWADE,BSP,Bahujan Samaj Party,126,9,data/maharashtra/mumbai/mumbai_2017.csv
2017,205,Swaminath Namdev Masurkar,IND,Independent,100,10,data/maharashtra/mumbai/mumbai_2017.csv
2017,205,Sangeeta Tejkumar Shitole,Janata Dal Secular,Janata Dal Secular,86,11,data/maharashtra/mumbai/mumbai_2017.csv
2017,205,ashok mahipat kadam,IND,Independent,46,12,data/maharashtra/mumbai/mumbai_2017.csv
2017,205,NOTA,,,366,,data/maharashtra/mumbai/mumbai_2017.csv
2017,206,SACHIN DEVDAS PADWAL,SS,Shivsena,7225,1,data/maharashtra/mumbai/mumbai_2017.csv
2017,206,RAMVACHAN SITARAM MURAI,INC,Indian National Congress,6262,2,data/maharashtra/mumbai/mumbai_2017.csv
2017,206,VIJAY LAXMAN MHATRE,BJP,Bhartiya Janata Party,2602,3,data/maharashtra/mumbai/mumbai_2017.csv
2017,206,CHETAN RAMESH PEDNEKAR,MNS,Maharashtra Navnirman Sena,1440,4,data/maharashtra/mumbai/mumbai_2017.csv
2017,206,Shekhar Jagannath Mokal,IND,Independent,1397,5,data/maharashtra/mumbai/mumbai_2017.csv
2017,206,NEEL NANDKUMAR SHIVDIKAR,NCP,Nationalist Congress Party,637,6,data/maharashtra/mumbai/mumbai_2017.csv
2017,206,Isak Ismail Sangrar,IND,Independent,319,7,data/maharashtra/mumbai/mumbai_2017.csv
2017,206,RAJENDRA KESHAV KALE,Communist Party Of India,Communist Party Of India,158,8,data/maharashtra/mumbai/mumbai_2017.csv
2017,206,SANDIP BHIKAJI AGRE,BSP,Bahujan Samaj Party,138,9,data/maharashtra/mumbai/mumbai_2017.csv
2017,206,ANITA JIJABA BUDHWANT,bahujan republican sociolist party,bahujan republican sociolist party,131,10,data/maharashtra/mumbai/mumbai_2017.csv
2017,206,Prakash Sahadev Tukrul,IND,Independent,44,11,data/maharashtra/mumbai/mumbai_2017.csv
2017,206,DATTARAJ ARJUN GOLAR,IND,Independent,29,12,data/maharashtra/mumbai/mumbai_2017.csv
2017,206,NOTA,,,186,,data/maharashtra/mumbai/mumbai_2017.csv
2017,207,Surekha Rohidas Lokhande,BJP,Bhartiya Janata Party,6005,1,data/maharashtra/mumbai/mumbai_2017.csv
2017,207,Asha Vasant Chavan,SS,Shivsena,5962,2,data/maharashtra/mumbai/mumbai_2017.csv
2017,207,VANDANA PRADEEP GAWLI,Akhil Bharatiya Sena,Akhil Bharatiya Sena,5661,3,data/maharashtra/mumbai/mumbai_2017.csv
2017,207,Shalaka Dilip Haryan,MNS,Maharashtra Navnirman Sena,2664,4,data/maharashtra/mumbai/mumbai_2017.csv
2017,207,Shubhangi Shivaji Bhujbal,INC,Indian National Congress,1610,5,data/maharashtra/mumbai/mumbai_2017.csv
2017,207,QURRATULAEN MOHDASLAM GHANCHI,AIMIM,All India Majlis e Ittehadul Muslimeen,1326,6,data/maharashtra/mumbai/mumbai_2017.csv
2017,207,Surekha Charudatta Pednekar,NCP,Nationalist Congress Party,346,7,data/maharashtra/mumbai/mumbai_2017.csv
2017,207,NANDA PRAKASH LOKHANDE,Bahujan Mukti Party,Bahujan Mukti Party,262,8,data/maharashtra/mumbai/mumbai_2017.csv
2017,207,MALTI RAVINDRA PATIL,Bhartiya Sangram Parishad,Bhartiya Sangram Parishad,201,9,data/maharashtra/mumbai/mumbai_2017.csv
2017,207,SUNANDA CHANDRASHEKHAR KANADE,INC,Indian National Congress,130,10,data/maharashtra/mumbai/mumbai_2017.csv
2017,207,Khairunnisa MughalMehmoodAkbar Rajput,IND,Independent,43,11,data/maharashtra/mumbai/mumbai_2017.csv
2017,207,NOTA,,,357,,data/maharashtra/mumbai/mumbai_2017.csv
2017,208,Ramakant Sakharam Rahate,SS,Shivsena,8938,1,data/maharashtra/mumbai/mumbai_2017.csv
2017,208,KIRAN SHANKAR TAKLE,MNS,Maharashtra Navnirman Sena,5002,2,data/maharashtra/mumbai/mumbai_2017.csv
2017,208,UMARSHAD MOHAMMED KHAN,AIMIM,All India Majlis e Ittehadul Muslimeen,3888,3,data/maharashtra/mumbai/mumbai_2017.csv
2017,208,RAKESH RAMDAS JEJURKAR,BJP,Bhartiya Janata Party,3502,4,data/maharashtra/mumbai/mumbai_2017.csv
2017,208,Prasad Namdeo Ghadigaonkar,INC,Indian National Congress,1850,5,data/maharashtra/mumbai/mumbai_2017.csv
2017,208,SUSHANT SUBHASH SHINDE,NCP,Nationalist Congress Party,928,6,data/maharashtra/mumbai/mumbai_2017.csv
2017,208,PANKAJ VASANT KHARMALE,Sambhaji Brigade,Sambhaji Brigade,186,7,data/maharashtra/mumbai/mumbai_2017.csv
2017,208,MohammedRafique Kalimullah Khan,IND,Independent,172,8,data/maharashtra/mumbai/mumbai_2017.csv
2017,208,SUNIL DEWOO YADAV,BSP,Bahujan Samaj Party,119,9,data/maharashtra/mumbai/mumbai_2017.csv
2017,208,Akbar Ali Abdul Quddus Shah,Bhartiya Minorities Suraksha Mahasangh,Bhartiya Minorities Suraksha Mahasangh,87,10,data/maharashtra/mumbai/mumbai_2017.csv
2017,208,MohammadHanif Ayub Khan,SP,Samajwadi Party,71,11,data/maharashtra/mumbai/mumbai_2017.csv
2017,208,MOHAMMEDINTEKHAB MOHAMMEDSAMI KHAN,IND,Independent,39,12,data/maharashtra/mumbai/mumbai_2017.csv
2017,208,NOTA,,,335,,data/maharashtra/mumbai/mumbai_2017.csv
2017,209,YASHWANT KAMLAKAR JADHAV,SS,Shivsena,4884,1,data/maharashtra/mumbai/mumbai_2017.csv
2017,209,MANZURHASAN ABDULLATIF BAGHDADI,INC,Indian National Congress,3853,2,data/maharashtra/mumbai/mumbai_2017.csv
2017,209,Kantilal Popatlal Sangoi,BJP,Bhartiya Janata Party,1953,3,data/maharashtra/mumbai/mumbai_2017.csv
2017,209,MATEEN AALI NAIK,AIMIM,All India Majlis e Ittehadul Muslimeen,1760,4,data/maharashtra/mumbai/mumbai_2017.csv
2017,209,SANTOSH ALFRED DSOUZA,Akhil Bharatiya Sena,Akhil Bharatiya Sena,1607,5,data/maharashtra/mumbai/mumbai_2017.csv
2017,209,ANIL TUKARAM WAJE,IND,Independent,1225,6,data/maharashtra/mumbai/mumbai_2017.csv
2017,209,Nitin Dnyandeo Shete,NCP,Nationalist Congress Party,1129,7,data/maharashtra/mumbai/mumbai_2017.csv
2017,209,SUSHIL CHANDRAKANT SAWANT,MNS,Maharashtra Navnirman Sena,910,8,data/maharashtra/mumbai/mumbai_2017.csv
2017,209,Abdulmatin Shamsuddin Khan,SP,Samajwadi Party,436,9,data/maharashtra/mumbai/mumbai_2017.csv
2017,209,shyambihari ramnaresh dubey,BSP,Bahujan Samaj Party,189,10,data/maharashtra/mumbai/mumbai_2017.csv
2017,209,Irfan Umar Mukadam,IND,Independent,132,11,data/maharashtra/mumbai/mumbai_2017.csv
2017,209,MAHESH CHANDRAKANT CHAVAN,IND,Independent,104,12,data/maharashtra/mumbai/mumbai_2017.csv
2017,209,TANVEERALAM SHAMEEMAHMED KHAN,Bharip Bahujan Mahasangh,Bharip Bahujan Mahasangh,71,13,data/maharashtra/mumbai/mumbai_2017.csv
2017,209,NIKHAT NISAR SHAIKH,IND,Independent,56,14,data/maharashtra/mumbai/mumbai_2017.csv
2017,209,NOTA,,,247,,data/maharashtra/mumbai/mumbai_2017.csv
2017,210,SONAM MANOJ JAMSUTKAR,INC,Indian National Congress,9589,1,data/maharashtra/mumbai/mumbai_2017.csv
2017,210,YAMINI YASHWANT JADHAV,SS,Shivsena,7327,2,data/maharashtra/mumbai/mumbai_2017.csv
2017,210,SHUBHANGI SUGATPRIYA SHINDE,Republican Party of India (A),Republican Party of India (A),3379,3,data/maharashtra/mumbai/mumbai_2017.csv
2017,210,POONAM RAGHUNATH VENGURLEKAR,MNS,Maharashtra Navnirman Sena,671,4,data/maharashtra/mumbai/mumbai_2017.csv
2017,210,SRUSHTI PRAVIN PAWAR,BSP,Bahujan Samaj Party,334,5,data/maharashtra/mumbai/mumbai_2017.csv
2017,210,SWATI DILIP SATHE,NCP,Nationalist Congress Party,311,6,data/maharashtra/mumbai/mumbai_2017.csv
2017,210,NOTA,,,807,,data/maharashtra/mumbai/mumbai_2017.csv
2017,211,Rais Kasam Shaikh,SP,Samajwadi Party,9455,1,data/maharashtra/mumbai/mumbai_2017.csv
2017,211,MASIRAH AIJAZAHMED KHAN,INC,Indian National Congress,7081,2,data/maharashtra/mumbai/mumbai_2017.csv
2017,211,MohammedAdil MobinAhmed Qureshi,AIMIM,All India Majlis e Ittehadul Muslimeen,3420,3,data/maharashtra/mumbai/mumbai_2017.csv
2017,211,Rohidas Madhukar Lokhande,BJP,Bhartiya Janata Party,761,4,data/maharashtra/mumbai/mumbai_2017.csv
2017,211,Rohit Shridhar Rahate,SS,Shivsena,714,5,data/maharashtra/mumbai/mumbai_2017.csv
2017,211,AYAZAHMED ABDULRASHID ANSARI,IND,Independent,124,6,data/maharashtra/mumbai/mumbai_2017.csv
2017,211,NOTA,,,217,,data/maharashtra/mumbai/mumbai_2017.csv
2017,212,GEETA AJAY GAVLI,Akhil Bharatiya Sena,Akhil Bharatiya Sena,9028,1,data/maharashtra/mumbai/mumbai_2017.csv
2017,212,Nazia MohammadAshfaque Siddique,INC,Indian National Congress,5709,2,data/maharashtra/mumbai/mumbai_2017.csv
2017,212,Sonal Ajay Saigaonkar,SS,Shivsena,2148,3,data/maharashtra/mumbai/mumbai_2017.csv
2017,212,Noorsaba MohammedYusuf Chawdhary,AIMIM,All India Majlis e Ittehadul Muslimeen,1918,4,data/maharashtra/mumbai/mumbai_2017.csv
2017,212,MANDAKINI MANSING KHAMKAR,BJP,Bhartiya Janata Party,1124,5,data/maharashtra/mumbai/mumbai_2017.csv
2017,212,RUKHSANA MOHAMMEDSAEED MOMIN,SP,Samajwadi Party,771,6,data/maharashtra/mumbai/mumbai_2017.csv
2017,212,NOTA,,,290,,data/maharashtra/mumbai/mumbai_2017.csv
2017,213,Javed Ibrahim Juneja,INC,Indian National Congress,7205,1,data/maharashtra/mumbai/mumbai_2017.csv
2017,213,SUNIL DIGAMBER KADAM,SS,Shivsena,5293,2,data/maharashtra/mumbai/mumbai_2017.csv
2017,213,Wasim Masood Syed,SP,Samajwadi Party,4338,3,data/maharashtra/mumbai/mumbai_2017.csv
2017,213,VINAYKUMAR DINANATH TRIPATHI,BJP,Bhartiya Janata Party,2158,4,data/maharashtra/mumbai/mumbai_2017.csv
2017,213,MohdNoman RayeenNizamuddin Rayeen,AIMIM,All India Majlis e Ittehadul Muslimeen,2112,5,data/maharashtra/mumbai/mumbai_2017.csv
2017,213,RAMESH BALAYYA RAPELLI,IND,Independent,928,6,data/maharashtra/mumbai/mumbai_2017.csv
2017,213,VINOD PARSHURAM ARGILE,MNS,Maharashtra Navnirman Sena,547,7,data/maharashtra/mumbai/mumbai_2017.csv
2017,213,RAJESH RAMCHANDRA BANIYA,NCP,Nationalist Congress Party,327,8,data/maharashtra/mumbai/mumbai_2017.csv
2017,213,SACHIN MANOHAR DIWAR,Republican Party of India (A),Republican Party of India (A),117,9,data/maharashtra/mumbai/mumbai_2017.csv
2017,213,Santosh Gendalal Shahu,IND,Independent,59,10,data/maharashtra/mumbai/mumbai_2017.csv
2017,213,AbdulKalam FakirMohammad Shaikh,Peace Party,Peace Party,40,11,data/maharashtra/mumbai/mumbai_2017.csv
2017,213,NAJIR HAMEED KHAN,Indian Union Muslim League,Indian Union Muslim League,40,11,data/maharashtra/mumbai/mumbai_2017.csv
2017,213,Yawarali Yusufal Kazi,IND,Independent,38,12,data/maharashtra/mumbai/mumbai_2017.csv
2017,213,MOHDNAEEM ZAINULABDIN ANSARI,IND,Independent,25,13,data/maharashtra/mumbai/mumbai_2017.csv
2017,213,SEEMLA BEEMBAHADUR TAMANG,Janata Dal Secular,Janata Dal Secular,19,14,data/maharashtra/mumbai/mumbai_2017.csv
2017,213,NOTA,,,126,,data/maharashtra/mumbai/mumbai_2017.csv
2017,214,SARITA AJAY PATIL,BJP,Bhartiya Janata Party,13859,1,data/maharashtra/mumbai/mumbai_2017.csv
2017,214,Arvind Jagannnath Bane,SS,Shivsena,8393,2,data/maharashtra/mumbai/mumbai_2017.csv
2017,214,KAUSHIK JASVANTRAI SHAH,INC,Indian National Congress,2668,3,data/maharashtra/mumbai/mumbai_2017.csv
2017,214,Dhanraj Sahadev Naik,MNS,Maharashtra Navnirman Sena,460,4,data/maharashtra/mumbai/mumbai_2017.csv
2017,214,Amool Shivaji Rokade,IND,Independent,207,5,data/maharashtra/mumbai/mumbai_2017.csv
2017,214,Tushar Bhaskar Prabhoo,IND,Independent,198,6,data/maharashtra/mumbai/mumbai_2017.csv
2017,214,Shobha Arvind Kamble,IND,Independent,60,7,data/maharashtra/mumbai/mumbai_2017.csv
2017,214,RAJESH JOTIRAM SHINDE,IND,Independent,36,8,data/maharashtra/mumbai/mumbai_2017.csv
2017,214,SHANKAR GANGADHAR SONAWANE,IND,Independent,19,9,data/maharashtra/mumbai/mumbai_2017.csv
2017,214,NOTA,,,536,,data/maharashtra/mumbai/mumbai_2017.csv
2017,215,Arundhati Arvind Dudhwadkar,SS,Shivsena,10215,1,data/maharashtra/mumbai/mumbai_2017.csv
2017,215,Shweta Rupesh Manjrekar,BJP,Bhartiya Janata Party,9800,2,data/maharashtra/mumbai/mumbai_2017.csv
2017,215,LALITA BIPIN MAHIDA,INC,Indian National Congress,2765,3,data/maharashtra/mumbai/mumbai_2017.csv
2017,215,Saroj Satish Babar,MNS,Maharashtra Navnirman Sena,831,4,data/maharashtra/mumbai/mumbai_2017.csv
2017,215,Nisha Gautam Dharia,SP,Samajwadi Party,154,5,data/maharashtra/mumbai/mumbai_2017.csv
2017,215,Shanta Premji Rathod,IND,Independent,63,6,data/maharashtra/mumbai/mumbai_2017.csv
2017,215,NOTA,,,423,,data/maharashtra/mumbai/mumbai_2017.csv
2017,216,RAJENDRA DATTATRAYA NARWANKAR,INC,Indian National Congress,8541,1,data/maharashtra/mumbai/mumbai_2017.csv
2017,216,RAMESH SHRIRAM NAIK,BJP,Bhartiya Janata Party,5125,2,data/maharashtra/mumbai/mumbai_2017.csv
2017,216,RAJESH VASNAT AVALEGAONKAR,SS,Shivsena,2749,3,data/maharashtra/mumbai/mumbai_2017.csv
2017,216,Nasir Muhammadiqbal Qureshi,AIMIM,All India Majlis e Ittehadul Muslimeen,2597,4,data/maharashtra/mumbai/mumbai_2017.csv
2017,216,SUNNY RAVINDRA SANAP,MNS,Maharashtra Navnirman Sena,1137,5,data/maharashtra/mumbai/mumbai_2017.csv
2017,216,SUNIL KARBHARI PALVE,NCP,Nationalist Congress Party,903,6,data/maharashtra/mumbai/mumbai_2017.csv
2017,216,NOTA,,,273,,data/maharashtra/mumbai/mumbai_2017.csv
2017,217,Minal Ruchit Patel,BJP,Bhartiya Janata Party,13623,1,data/maharashtra/mumbai/mumbai_2017.csv
2017,217,Yugandhara Yashwant Salekar,SS,Shivsena,6282,2,data/maharashtra/mumbai/mumbai_2017.csv
2017,217,Manisha Yogesh Patel,INC,Indian National Congress,3249,3,data/maharashtra/mumbai/mumbai_2017.csv
2017,217,Chandrika Trimbak Avhad,MNS,Maharashtra Navnirman Sena,1230,4,data/maharashtra/mumbai/mumbai_2017.csv
2017,217,NOTA,,,655,,data/maharashtra/mumbai/mumbai_2017.csv
2017,218,Anuradha Vijay Potdar,BJP,Bhartiya Janata Party,15289,1,data/maharashtra/mumbai/mumbai_2017.csv
2017,218,Minal Pravin Juwatkar,SS,Shivsena,9894,2,data/maharashtra/mumbai/mumbai_2017.csv
2017,218,SUMITRA MAHESH HIRLEKAR,MNS,Maharashtra Navnirman Sena,1527,3,data/maharashtra/mumbai/mumbai_2017.csv
2017,218,Vaishali Suresh Tupat,INC,Indian National Congress,1253,4,data/maharashtra/mumbai/mumbai_2017.csv
2017,218,NOTA,,,602,,data/maharashtra/mumbai/mumbai_2017.csv
2017,219,Jyotsna Devesh Mehta,BJP,Bhartiya Janata Party,15361,1,data/maharashtra/mumbai/mumbai_2017.csv
2017,219,PRITI PRAMOD MANDREKAR,INC,Indian National Congress,5456,2,data/maharashtra/mumbai/mumbai_2017.csv
2017,219,Durga Kiran Shinde,SS,Shivsena,4095,3,data/maharashtra/mumbai/mumbai_2017.csv
2017,219,Parul Rajendra Kamble,NCP,Nationalist Congress Party,111,4,data/maharashtra/mumbai/mumbai_2017.csv
2017,219,NOTA,,,546,,data/maharashtra/mumbai/mumbai_2017.csv
2017,220,ATUL HASMUKHLAL SHAH,BJP,Bhartiya Janata Party,5946,1,data/maharashtra/mumbai/mumbai_2017.csv
2017,220,Surendra Ramkrishna Bagalkar,SS,Shivsena,5946,1,data/maharashtra/mumbai/mumbai_2017.csv
2017,220,NARESHBHAI RAKSHANJI SHETH,INC,Indian National Congress,5358,2,data/maharashtra/mumbai/mumbai_2017.csv
2017,220,Zeeshan Hamid Shaikh,AIMIM,All India Majlis e Ittehadul Muslimeen,1257,3,data/maharashtra/mumbai/mumbai_2017.csv
2017,220,RUPESH MAHENDRA KHANDKE,NCP,Nationalist Congress Party,971,4,data/maharashtra/mumbai/mumbai_2017.csv
2017,220,HUZAIFA ISMAIL ELECTRICWALA,SP,Samajwadi Party,923,5,data/maharashtra/mumbai/mumbai_2017.csv
2017,220,ZOEB AHMEDALI BOOTWALA,IND,Independent,789,6,data/maharashtra/mumbai/mumbai_2017.csv
2017,220,KESHAV RAMESH MULAY,MNS,Maharashtra Navnirman Sena,752,7,data/maharashtra/mumbai/mumbai_2017.csv
2017,220,yusufi taher rangwala,IND,Independent,68,8,data/maharashtra/mumbai/mumbai_2017.csv
2017,220,MONA RAJ SHETH,Akhil Bharatiya Sena,Akhil Bharatiya Sena,51,9,data/maharashtra/mumbai/mumbai_2017.csv
2017,220,NOTA,,,328,,data/maharashtra/mumbai/mumbai_2017.csv
2017,221,AKASH RAJ PUROHIT,BJP,Bhartiya Janata Party,6722,1,data/maharashtra/mumbai/mumbai_2017.csv
2017,221,JANAK JITENDRA SANGHVI,INC,Indian National Congress,4853,2,data/maharashtra/mumbai/mumbai_2017.csv
2017,221,NISARAHMED CHAND SHAIKH,AIMIM,All India Majlis e Ittehadul Muslimeen,4091,3,data/maharashtra/mumbai/mumbai_2017.csv
2017,221,kanhaiyalal himmatram rawal,SS,Shivsena,3515,4,data/maharashtra/mumbai/mumbai_2017.csv
2017,221,Mahendra Jaysingh Pansare,NCP,Nationalist Congress Party,793,5,data/maharashtra/mumbai/mumbai_2017.csv
2017,221,MOHAMMEDRAMZAN SHAIKHMOHAMMED SORATHIA,SP,Samajwadi Party,339,6,data/maharashtra/mumbai/mumbai_2017.csv
2017,221,Ranjeet Harendra Dutta,IND,Independent,110,7,data/maharashtra/mumbai/mumbai_2017.csv
2017,221,______ ______ ______,MNS,Maharashtra Navnirman Sena,54,8,data/maharashtra/mumbai/mumbai_2017.csv
2017,221,YAMEEN BASHIR QURESHI,IND,Independent,42,9,data/maharashtra/mumbai/mumbai_2017.csv
2017,221,abdullatif abdulkadar shaikh,IND,Independent,25,10,data/maharashtra/mumbai/mumbai_2017.csv
2017,221,FAISAL YUSUF BANARASWALA,IND,Independent,21,11,data/maharashtra/mumbai/mumbai_2017.csv
2017,221,mateenahmed niyajahamad rangrej,IND,Independent,19,12,data/maharashtra/mumbai/mumbai_2017.csv
2017,221,MOHAMMEDUMER ABDULSAMAD KHAN,IND,Independent,16,13,data/maharashtra/mumbai/mumbai_2017.csv
2017,221,Pravin Girdharlal Tanna,IND,Independent,16,13,data/maharashtra/mumbai/mumbai_2017.csv
2017,221,Sudhir Dattatray Dhamnaskar,IND,Independent,13,14,data/maharashtra/mumbai/mumbai_2017.csv
2017,221,Anwarali Yawarali Kazi,IND,Independent,11,15,data/maharashtra/mumbai/mumbai_2017.csv
2017,221,NOTA,,,202,,data/maharashtra/mumbai/mumbai_2017.csv
2017,222,RITA BHARAT MAKWANA,BJP,Bhartiya Janata Party,10365,1,data/maharashtra/mumbai/mumbai_2017.csv
2017,222,meena shekhar kambli,SS,Shivsena,8362,2,data/maharashtra/mumbai/mumbai_2017.csv
2017,222,VINITI SADANAND KHEDEKAR,INC,Indian National Congress,3231,3,data/maharashtra/mumbai/mumbai_2017.csv
2017,222,Priti Shekhar GawanePatel,MNS,Maharashtra Navnirman Sena,1958,4,data/maharashtra/mumbai/mumbai_2017.csv
2017,222,Chandrakala Radheshyam Choudhary,NCP,Nationalist Congress Party,490,5,data/maharashtra/mumbai/mumbai_2017.csv
2017,222,NOTA,,,652,,data/maharashtra/mumbai/mumbai_2017.csv
2017,223,NIKITA DNYANRAJ NIKAM,INC,Indian National Congress,8634,1,data/maharashtra/mumbai/mumbai_2017.csv
2017,223,Asha Parmesh mamidi,SS,Shivsena,5442,2,data/maharashtra/mumbai/mumbai_2017.csv
2017,223,VAKARUNISA JAHID HUSSAIN ANSARI,AIMIM,All India Majlis e Ittehadul Muslimeen,4887,3,data/maharashtra/mumbai/mumbai_2017.csv
2017,223,NedaFathima ShahidAhmed Shaikh,SP,Samajwadi Party,1376,4,data/maharashtra/mumbai/mumbai_2017.csv
2017,223,SUREKHA PANDURANG BADHE,MNS,Maharashtra Navnirman Sena,793,5,data/maharashtra/mumbai/mumbai_2017.csv
2017,223,Sharmeen Mohammed Irfan Dossa,NCP,Nationalist Congress Party,218,6,data/maharashtra/mumbai/mumbai_2017.csv
2017,223,ALMAS YASIN BHATTI,IND,Independent,48,7,data/maharashtra/mumbai/mumbai_2017.csv
2017,223,SHAMIM FAKHRUDDIN QADRI,IND,Independent,30,8,data/maharashtra/mumbai/mumbai_2017.csv
2017,223,RESHMA MOHAMMEDNABI IDRISI,IND,Independent,26,9,data/maharashtra/mumbai/mumbai_2017.csv
2017,223,NOTA,,,631,,data/maharashtra/mumbai/mumbai_2017.csv
2017,224,Afreen Javed Shaikh,INC,Indian National Congress,7681,1,data/maharashtra/mumbai/mumbai_2017.csv
2017,224,Tayeba Mohammed Jaffer Hafizi,AIMIM,All India Majlis e Ittehadul Muslimeen,5854,2,data/maharashtra/mumbai/mumbai_2017.csv
2017,224,SARLA RAMESH GAWADE,BJP,Bhartiya Janata Party,3001,3,data/maharashtra/mumbai/mumbai_2017.csv
2017,224,vijayashree shailendra sakhare,SS,Shivsena,2605,4,data/maharashtra/mumbai/mumbai_2017.csv
2017,224,NOTA,,,341,,data/maharashtra/mumbai/mumbai_2017.csv
2017,225,sujata digvijay sanap,SS,Shivsena,10388,1,data/maharashtra/mumbai/mumbai_2017.csv
2017,225,YOJANA VIRENDRA THOKALE,BJP,Bhartiya Janata Party,6886,2,data/maharashtra/mumbai/mumbai_2017.csv
2017,225,ANJANA SURESH CHABUKSWAR,INC,Indian National Congress,5253,3,data/maharashtra/mumbai/mumbai_2017.csv
2017,225,VAISHALI SACHIN GANGAWANE,MNS,Maharashtra Navnirman Sena,1165,4,data/maharashtra/mumbai/mumbai_2017.csv
2017,225,Rohini Anant Marchande,IND,Independent,744,5,data/maharashtra/mumbai/mumbai_2017.csv
2017,225,Anmol Vijay Jadhav,BSP,Bahujan Samaj Party,237,6,data/maharashtra/mumbai/mumbai_2017.csv
2017,225,SANJIVANI GULAB GAIKWAD,INC,Indian National Congress,210,7,data/maharashtra/mumbai/mumbai_2017.csv
2017,225,Rupa Mahipatrao Mane,IND,Independent,150,8,data/maharashtra/mumbai/mumbai_2017.csv
2017,225,NOTA,,,586,,data/maharashtra/mumbai/mumbai_2017.csv
2017,226,HARSHITA ASHWIN NARWEKAR,BJP,Bhartiya Janata Party,11053,1,data/maharashtra/mumbai/mumbai_2017.csv
2017,226,SMITA KRISHNA PAWLE,SS,Shivsena,6852,2,data/maharashtra/mumbai/mumbai_2017.csv
2017,226,Sushama Vinod Shekhar,INC,Indian National Congress,3161,3,data/maharashtra/mumbai/mumbai_2017.csv
2017,226,REKHA ASHISH SINGH,SP,Samajwadi Party,1287,4,data/maharashtra/mumbai/mumbai_2017.csv
2017,226,NILIMA VASUDEV TANDEL,MNS,Maharashtra Navnirman Sena,969,5,data/maharashtra/mumbai/mumbai_2017.csv
2017,226,Shirin Nadim Sayyd,NCP,Nationalist Congress Party,276,6,data/maharashtra/mumbai/mumbai_2017.csv
2017,226,SHOBHA RAMU RATHOD,IND,Independent,147,7,data/maharashtra/mumbai/mumbai_2017.csv
2017,226,Rihanabegam Mohammad Shaikh,BSP,Bahujan Samaj Party,132,8,data/maharashtra/mumbai/mumbai_2017.csv
2017,226,Bharati Santosh Chavan,IND,Independent,122,9,data/maharashtra/mumbai/mumbai_2017.csv
2017,226,Sujata Anil Shah,IND,Independent,112,10,data/maharashtra/mumbai/mumbai_2017.csv
2017,226,NOTA,,,352,,data/maharashtra/mumbai/mumbai_2017.csv
2017,227,Makarand Suresh Narwekar,BJP,Bhartiya Janata Party,6987,1,data/maharashtra/mumbai/mumbai_2017.csv
2017,227,Arvind Dattaram Rane,SS,Shivsena,1941,2,data/maharashtra/mumbai/mumbai_2017.csv
2017,227,Puran Mohanlal Doshi,INC,Indian National Congress,1720,3,data/maharashtra/mumbai/mumbai_2017.csv
2017,227,ROHIT RAMAKANT PANDE,IND,Independent,1038,4,data/maharashtra/mumbai/mumbai_2017.csv
2017,227,SANJAY SHANKAR KOKATE,NCP,Nationalist Congress Party,187,5,data/maharashtra/mumbai/mumbai_2017.csv
2017,227,Vijaya Laxman Gayakwad,BSP,Bahujan Samaj Party,112,6,data/maharashtra/mumbai/mumbai_2017.csv
2017,227,Aamir Ibrahim Vakil,AIMIM,All India Majlis e Ittehadul Muslimeen,107,7,data/maharashtra/mumbai/mumbai_2017.csv
2017,227,VAIBHAV VASANT NARVEKAR,IND,Independent,88,8,data/maharashtra/mumbai/mumbai_2017.csv
2017,227,Vithal Chandibai Chavan,Janata Dal Secular,Janata Dal Secular,50,9,data/maharashtra/mumbai/mumbai_2017.csv
2017,227,Dhruv Pundalik Redkar,Lokbharati,Lokbharati,43,10,data/maharashtra/mumbai/mumbai_2017.csv
2017,227,JEETENDRA AVADHNARAYAN SINGH,IND,Independent,15,11,data/maharashtra/mumbai/mumbai_2017.csv
2017,227,NOTA,,,210,,data/maharashtra/mumbai/mumbai_2017.csv
