dataset_id,row_id,seat_key,seat_key_unique,state,year,district,block,gram_panchayat,gp_term,ward_no,ward_name,tier,tier_local,caste_reservation,caste_reservation_local,caste_scheme,woman_reserved,reservation,reservation_raw,listing_scope,unit_of_observation,seat_candidates,winner,winner_basis,votes,vacant,unopposed,script,source_repo,source_commit,source_path,source_page,provenance_level,quality_flags
goa/gp_ward/2012,ba26f5fddf41,Goa|2012|gp_ward|North Goa|Bardez|CALANGUTE|I|,1,Goa,2012,North Goa,Bardez,CALANGUTE,gram_panchayat,I,,gp_ward,ward,NONE,NONE,sc_st_bc,0,Other than Woman,General,all_seats,seat,,Paulo Thomas D'Souza,,176,,,latin,local_elections,e0ae2676d62a-dirty,data/goa/2012/panres_2012_Bardez.pdf,1,page,
goa/gp_ward/2012,d991da653940,Goa|2012|gp_ward|North Goa|Bardez|CALANGUTE|II|,1,Goa,2012,North Goa,Bardez,CALANGUTE,gram_panchayat,II,,gp_ward,ward,NONE,NONE,sc_st_bc,0,Other than Woman,General,all_seats,seat,,Vinayak Dattaram Salgaonkar,,299,,,latin,local_elections,e0ae2676d62a-dirty,data/goa/2012/panres_2012_Bardez.pdf,1,page,
goa/gp_ward/2012,4278652ceb19,Goa|2012|gp_ward|North Goa|Bardez|CALANGUTE|III|,1,Goa,2012,North Goa,Bardez,CALANGUTE,gram_panchayat,III,,gp_ward,ward,NONE,NONE,sc_st_bc,1,Woman,Women,all_seats,seat,,Geeta Laxman Parab,,438,,,latin,local_elections,e0ae2676d62a-dirty,data/goa/2012/panres_2012_Bardez.pdf,1,page,
goa/gp_ward/2012,6b06b40455ad,Goa|2012|gp_ward|North Goa|Bardez|CALANGUTE|IV|,1,Goa,2012,North Goa,Bardez,CALANGUTE,gram_panchayat,IV,,gp_ward,ward,NONE,NONE,sc_st_bc,1,Woman,Women,all_seats,seat,,Ana Maria Cassiano De Souza,,273,,,latin,local_elections,e0ae2676d62a-dirty,data/goa/2012/panres_2012_Bardez.pdf,1,page,
goa/gp_ward/2012,52eafe44c4c0,Goa|2012|gp_ward|North Goa|Bardez|CALANGUTE|V|,1,Goa,2012,North Goa,Bardez,CALANGUTE,gram_panchayat,V,,gp_ward,ward,NONE,NONE,sc_st_bc,0,Other than Woman,General,all_seats,seat,,Savio Pedo Simao Gonsalves,,222,,,latin,local_elections,e0ae2676d62a-dirty,data/goa/2012/panres_2012_Bardez.pdf,1,page,
goa/gp_ward/2012,d3691340db6b,Goa|2012|gp_ward|North Goa|Bardez|CALANGUTE|VI|,1,Goa,2012,North Goa,Bardez,CALANGUTE,gram_panchayat,VI,,gp_ward,ward,NONE,NONE,sc_st_bc,0,Other than Woman,General,all_seats,seat,,Joseph Robert Sequeira,,524,,,latin,local_elections,e0ae2676d62a-dirty,data/goa/2012/panres_2012_Bardez.pdf,1,page,
goa/gp_ward/2012,57d24ecf0fe3,Goa|2012|gp_ward|North Goa|Bardez|CALANGUTE|VII|,1,Goa,2012,North Goa,Bardez,CALANGUTE,gram_panchayat,VII,,gp_ward,ward,NONE,NONE,sc_st_bc,1,Woman,Women,all_seats,seat,,Pascoal Alex Fernandes,,405,,,latin,local_elections,e0ae2676d62a-dirty,data/goa/2012/panres_2012_Bardez.pdf,1,page,
goa/gp_ward/2012,117e74b18e78,Goa|2012|gp_ward|North Goa|Bardez|CALANGUTE|VIII|,1,Goa,2012,North Goa,Bardez,CALANGUTE,gram_panchayat,VIII,,gp_ward,ward,BC,BC,sc_st_bc,0,BC Other than Woman,O.B.C.,all_seats,seat,,Jayanath Rohidas Parulekar,,334,,,latin,local_elections,e0ae2676d62a-dirty,data/goa/2012/panres_2012_Bardez.pdf,1,page,
goa/gp_ward/2012,60dc2b6f9076,Goa|2012|gp_ward|North Goa|Bardez|CALANGUTE|IX|,1,Goa,2012,North Goa,Bardez,CALANGUTE,gram_panchayat,IX,,gp_ward,ward,NONE,NONE,sc_st_bc,0,Other than Woman,General,all_seats,seat,,Reshma Dayanand Kalangutkar,,189,,,latin,local_elections,e0ae2676d62a-dirty,data/goa/2012/panres_2012_Bardez.pdf,1,page,
goa/gp_ward/2012,f19209a72021,Goa|2012|gp_ward|North Goa|Bardez|CALANGUTE|X|,1,Goa,2012,North Goa,Bardez,CALANGUTE,gram_panchayat,X,,gp_ward,ward,BC,BC,sc_st_bc,0,BC Other than Woman,O.B.C.,all_seats,seat,,Anny Eduardo E. A. Fernandes,,143,,,latin,local_elections,e0ae2676d62a-dirty,data/goa/2012/panres_2012_Bardez.pdf,1,page,
goa/gp_ward/2012,80572847e40c,Goa|2012|gp_ward|North Goa|Bardez|CALANGUTE|XI|,1,Goa,2012,North Goa,Bardez,CALANGUTE,gram_panchayat,XI,,gp_ward,ward,NONE,NONE,sc_st_bc,1,Woman,Women,all_seats,seat,,Filomena Saluzinho Fernandes,,332,,,latin,local_elections,e0ae2676d62a-dirty,data/goa/2012/panres_2012_Bardez.pdf,1,page,
goa/gp_ward/2012,adf38d3bb598,Goa|2012|gp_ward|North Goa|Bardez|CANDOLIM|I|,1,Goa,2012,North Goa,Bardez,CANDOLIM,gram_panchayat,I,,gp_ward,ward,BC,BC,sc_st_bc,0,BC Other than Woman,O.B.C.,all_seats,seat,,Fermino Aniceto Peter Fernandes,,211,,,latin,local_elections,e0ae2676d62a-dirty,data/goa/2012/panres_2012_Bardez.pdf,1,page,
goa/gp_ward/2012,c4381d70a47e,Goa|2012|gp_ward|North Goa|Bardez|CANDOLIM|II|,1,Goa,2012,North Goa,Bardez,CANDOLIM,gram_panchayat,II,,gp_ward,ward,NONE,NONE,sc_st_bc,1,Woman,Women,all_seats,seat,,Alma Ophelia Antonio Francisco Sequeira,,187,,,latin,local_elections,e0ae2676d62a-dirty,data/goa/2012/panres_2012_Bardez.pdf,1,page,
goa/gp_ward/2012,7707980ddab6,Goa|2012|gp_ward|North Goa|Bardez|CANDOLIM|III|,1,Goa,2012,North Goa,Bardez,CANDOLIM,gram_panchayat,III,,gp_ward,ward,NONE,NONE,sc_st_bc,0,Other than Woman,General,all_seats,seat,,Blaize Michael Fernandes,,296,,,latin,local_elections,e0ae2676d62a-dirty,data/goa/2012/panres_2012_Bardez.pdf,1,page,
goa/gp_ward/2012,6255fc19ba28,Goa|2012|gp_ward|North Goa|Bardez|CANDOLIM|IV|,1,Goa,2012,North Goa,Bardez,CANDOLIM,gram_panchayat,IV,,gp_ward,ward,NONE,NONE,sc_st_bc,1,Woman,Women,all_seats,seat,,Lalita Ramkrishna Kerkar,,338,,,latin,local_elections,e0ae2676d62a-dirty,data/goa/2012/panres_2012_Bardez.pdf,1,page,
goa/gp_ward/2012,77a7602f6b68,Goa|2012|gp_ward|North Goa|Bardez|CANDOLIM|V|,1,Goa,2012,North Goa,Bardez,CANDOLIM,gram_panchayat,V,,gp_ward,ward,NONE,NONE,sc_st_bc,0,Other than Woman,General,all_seats,seat,,Patrick Francis Xavier Sebastian Gonsalves,,453,,,latin,local_elections,e0ae2676d62a-dirty,data/goa/2012/panres_2012_Bardez.pdf,1,page,
goa/gp_ward/2012,9140dde1fb19,Goa|2012|gp_ward|North Goa|Bardez|CANDOLIM|VI|,1,Goa,2012,North Goa,Bardez,CANDOLIM,gram_panchayat,VI,,gp_ward,ward,NONE,NONE,sc_st_bc,0,Other than Woman,General,all_seats,seat,,Purification Cyprian Fialho,,522,,,latin,local_elections,e0ae2676d62a-dirty,data/goa/2012/panres_2012_Bardez.pdf,1,page,
goa/gp_ward/2012,01bc61b5181e,Goa|2012|gp_ward|North Goa|Bardez|CANDOLIM|VII|,1,Goa,2012,North Goa,Bardez,CANDOLIM,gram_panchayat,VII,,gp_ward,ward,NONE,NONE,sc_st_bc,1,Woman,Women,all_seats,seat,,Estella Minguel Mascarenhas,,270,,,latin,local_elections,e0ae2676d62a-dirty,data/goa/2012/panres_2012_Bardez.pdf,1,page,
goa/gp_ward/2012,3785030108af,Goa|2012|gp_ward|North Goa|Bardez|CANDOLIM|VIII|,1,Goa,2012,North Goa,Bardez,CANDOLIM,gram_panchayat,VIII,,gp_ward,ward,NONE,NONE,sc_st_bc,0,Other than Woman,General,all_seats,seat,,Lourenco Amancio Fernandes,,281,,,latin,local_elections,e0ae2676d62a-dirty,data/goa/2012/panres_2012_Bardez.pdf,1,page,
goa/gp_ward/2012,1afa5e78c90b,Goa|2012|gp_ward|North Goa|Bardez|CANDOLIM|IX|,1,Goa,2012,North Goa,Bardez,CANDOLIM,gram_panchayat,IX,,gp_ward,ward,NONE,NONE,sc_st_bc,0,Other than Woman,General,all_seats,seat,,Anna Maria Alex Maria Soares,,173,,,latin,local_elections,e0ae2676d62a-dirty,data/goa/2012/panres_2012_Bardez.pdf,1,page,
goa/gp_ward/2012,0691134e5f7e,Goa|2012|gp_ward|North Goa|Bardez|CANDOLIM|X|,1,Goa,2012,North Goa,Bardez,CANDOLIM,gram_panchayat,X,,gp_ward,ward,NONE,NONE,sc_st_bc,0,Other than Woman,General,all_seats,seat,,Dharmendra Satchit Candolkar,,141,,,latin,local_elections,e0ae2676d62a-dirty,data/goa/2012/panres_2012_Bardez.pdf,1,page,
goa/gp_ward/2012,edda5825fcac,Goa|2012|gp_ward|North Goa|Bardez|CANDOLIM|XI|,1,Goa,2012,North Goa,Bardez,CANDOLIM,gram_panchayat,XI,,gp_ward,ward,NONE,NONE,sc_st_bc,1,Woman,Women,all_seats,seat,,Amalina Jose Dias,,123,,,latin,local_elections,e0ae2676d62a-dirty,data/goa/2012/panres_2012_Bardez.pdf,1,page,
goa/gp_ward/2012,c4b4ef19a693,Goa|2012|gp_ward|North Goa|Bardez|NERUL|I|,1,Goa,2012,North Goa,Bardez,NERUL,gram_panchayat,I,,gp_ward,ward,BC,BC,sc_st_bc,0,BC Other than Woman,O.B.C.,all_seats,seat,,Narciso Manuel Domingos Pedro de Almeida,,280,,,latin,local_elections,e0ae2676d62a-dirty,data/goa/2012/panres_2012_Bardez.pdf,2,page,
goa/gp_ward/2012,9425297c1c0a,Goa|2012|gp_ward|North Goa|Bardez|NERUL|II|,1,Goa,2012,North Goa,Bardez,NERUL,gram_panchayat,II,,gp_ward,ward,BC,BC,sc_st_bc,1,BC Woman,OBC Wom,all_seats,seat,,Piedade Narcis Almeida,,181,,,latin,local_elections,e0ae2676d62a-dirty,data/goa/2012/panres_2012_Bardez.pdf,2,page,
goa/gp_ward/2012,03f6c7c7e991,Goa|2012|gp_ward|North Goa|Bardez|NERUL|III|,1,Goa,2012,North Goa,Bardez,NERUL,gram_panchayat,III,,gp_ward,ward,NONE,NONE,sc_st_bc,0,Other than Woman,General,all_seats,seat,,Francisco Edmondo D'costa,,129,,,latin,local_elections,e0ae2676d62a-dirty,data/goa/2012/panres_2012_Bardez.pdf,2,page,
goa/gp_ward/2012,c1428cbe7166,Goa|2012|gp_ward|North Goa|Bardez|NERUL|IV|,1,Goa,2012,North Goa,Bardez,NERUL,gram_panchayat,IV,,gp_ward,ward,NONE,NONE,sc_st_bc,0,Other than Woman,General,all_seats,seat,,Dasharath Kashinath Kalangutkar,,170,,,latin,local_elections,e0ae2676d62a-dirty,data/goa/2012/panres_2012_Bardez.pdf,2,page,
goa/gp_ward/2012,01cd1207565a,Goa|2012|gp_ward|North Goa|Bardez|NERUL|V|,1,Goa,2012,North Goa,Bardez,NERUL,gram_panchayat,V,,gp_ward,ward,NONE,NONE,sc_st_bc,0,Other than Woman,General,all_seats,seat,,Prakash Manguesh Kalangutkar,,127,,,latin,local_elections,e0ae2676d62a-dirty,data/goa/2012/panres_2012_Bardez.pdf,2,page,
goa/gp_ward/2012,7108b9f1ad1b,Goa|2012|gp_ward|North Goa|Bardez|NERUL|VI|,1,Goa,2012,North Goa,Bardez,NERUL,gram_panchayat,VI,,gp_ward,ward,NONE,NONE,sc_st_bc,0,Other than Woman,General,all_seats,seat,,Mahadev Shantaram Rivonkar,,162,,,latin,local_elections,e0ae2676d62a-dirty,data/goa/2012/panres_2012_Bardez.pdf,2,page,
goa/gp_ward/2012,90aea381f4b2,Goa|2012|gp_ward|North Goa|Bardez|NERUL|VII|,1,Goa,2012,North Goa,Bardez,NERUL,gram_panchayat,VII,,gp_ward,ward,NONE,NONE,sc_st_bc,1,Woman,Women,all_seats,seat,,Shashikala Janu Govekar,,273,,,latin,local_elections,e0ae2676d62a-dirty,data/goa/2012/panres_2012_Bardez.pdf,2,page,
goa/gp_ward/2012,2df5473970d7,Goa|2012|gp_ward|North Goa|Bardez|PENHA-DE- FRANCA|I|,1,Goa,2012,North Goa,Bardez,PENHA-DE- FRANCA,gram_panchayat,I,,gp_ward,ward,NONE,NONE,sc_st_bc,0,Other than Woman,General,all_seats,seat,,Gajanan Ramnath Halarnkar,,102,,,latin,local_elections,e0ae2676d62a-dirty,data/goa/2012/panres_2012_Bardez.pdf,2,page,
goa/gp_ward/2012,cc83301bcaef,Goa|2012|gp_ward|North Goa|Bardez|PENHA-DE- FRANCA|II|,1,Goa,2012,North Goa,Bardez,PENHA-DE- FRANCA,gram_panchayat,II,,gp_ward,ward,NONE,NONE,sc_st_bc,0,Other than Woman,General,all_seats,seat,,Ghanasham Pundalik Naik,,248,,,latin,local_elections,e0ae2676d62a-dirty,data/goa/2012/panres_2012_Bardez.pdf,2,page,
goa/gp_ward/2012,6a9f912333d7,Goa|2012|gp_ward|North Goa|Bardez|PENHA-DE- FRANCA|III|,1,Goa,2012,North Goa,Bardez,PENHA-DE- FRANCA,gram_panchayat,III,,gp_ward,ward,NONE,NONE,sc_st_bc,1,Woman,Women,all_seats,seat,,Blanch Francis D'souza,,193,,,latin,local_elections,e0ae2676d62a-dirty,data/goa/2012/panres_2012_Bardez.pdf,2,page,
goa/gp_ward/2012,733766cae922,Goa|2012|gp_ward|North Goa|Bardez|PENHA-DE- FRANCA|IV|,1,Goa,2012,North Goa,Bardez,PENHA-DE- FRANCA,gram_panchayat,IV,,gp_ward,ward,NONE,NONE,sc_st_bc,1,Woman,Women,all_seats,seat,,Radhika Gopal Sawant,,197,,,latin,local_elections,e0ae2676d62a-dirty,data/goa/2012/panres_2012_Bardez.pdf,2,page,
goa/gp_ward/2012,8b42da66be64,Goa|2012|gp_ward|North Goa|Bardez|PENHA-DE- FRANCA|V|,1,Goa,2012,North Goa,Bardez,PENHA-DE- FRANCA,gram_panchayat,V,,gp_ward,ward,NONE,NONE,sc_st_bc,0,Other than Woman,General,all_seats,seat,,Subhash Harichandra Kalangutkar,,239,,,latin,local_elections,e0ae2676d62a-dirty,data/goa/2012/panres_2012_Bardez.pdf,2,page,
goa/gp_ward/2012,060940dc19ef,Goa|2012|gp_ward|North Goa|Bardez|PENHA-DE- FRANCA|VI|,1,Goa,2012,North Goa,Bardez,PENHA-DE- FRANCA,gram_panchayat,VI,,gp_ward,ward,NONE,NONE,sc_st_bc,0,Other than Woman,General,all_seats,seat,,Swapnil Rama Chodankar,,247,,,latin,local_elections,e0ae2676d62a-dirty,data/goa/2012/panres_2012_Bardez.pdf,2,page,
goa/gp_ward/2012,874a67ff2f3c,Goa|2012|gp_ward|North Goa|Bardez|PENHA-DE- FRANCA|VII|,1,Goa,2012,North Goa,Bardez,PENHA-DE- FRANCA,gram_panchayat,VII,,gp_ward,ward,NONE,NONE,sc_st_bc,1,Woman,Women,all_seats,seat,,Dipali Gurunath Vernekar,,265,,,latin,local_elections,e0ae2676d62a-dirty,data/goa/2012/panres_2012_Bardez.pdf,2,page,
goa/gp_ward/2012,798bc116acd9,Goa|2012|gp_ward|North Goa|Bardez|PENHA-DE- FRANCA|VIII|,1,Goa,2012,North Goa,Bardez,PENHA-DE- FRANCA,gram_panchayat,VIII,,gp_ward,ward,NONE,NONE,sc_st_bc,0,Other than Woman,General,all_seats,seat,,Rajesh Tulshidas Valvaikar,,322,,,latin,local_elections,e0ae2676d62a-dirty,data/goa/2012/panres_2012_Bardez.pdf,2,page,
goa/gp_ward/2012,b3ff5ff8892a,Goa|2012|gp_ward|North Goa|Bardez|PENHA-DE- FRANCA|IX|,1,Goa,2012,North Goa,Bardez,PENHA-DE- FRANCA,gram_panchayat,IX,,gp_ward,ward,NONE,NONE,sc_st_bc,0,Other than Woman,General,all_seats,seat,,Umesh Anant Phadte,,501,,,latin,local_elections,e0ae2676d62a-dirty,data/goa/2012/panres_2012_Bardez.pdf,2,page,
goa/gp_ward/2012,0891b27f7ee5,Goa|2012|gp_ward|North Goa|Bardez|PENHA-DE- FRANCA|X|,1,Goa,2012,North Goa,Bardez,PENHA-DE- FRANCA,gram_panchayat,X,,gp_ward,ward,NONE,NONE,sc_st_bc,0,Other than Woman,General,all_seats,seat,,Vishranti Rajkumar Desai,,196,,,latin,local_elections,e0ae2676d62a-dirty,data/goa/2012/panres_2012_Bardez.pdf,2,page,
goa/gp_ward/2012,d05fabd01886,Goa|2012|gp_ward|North Goa|Bardez|PENHA-DE- FRANCA|XI|,1,Goa,2012,North Goa,Bardez,PENHA-DE- FRANCA,gram_panchayat,XI,,gp_ward,ward,NONE,NONE,sc_st_bc,1,Woman,Women,all_seats,seat,,Safar Kedar Fadte,,164,,,latin,local_elections,e0ae2676d62a-dirty,data/goa/2012/panres_2012_Bardez.pdf,2,page,
goa/gp_ward/2012,c3ccfd7d1884,Goa|2012|gp_ward|North Goa|Bardez|PILERNE|I|,1,Goa,2012,North Goa,Bardez,PILERNE,gram_panchayat,I,,gp_ward,ward,BC,BC,sc_st_bc,0,BC Other than Woman,O.B.C.,all_seats,seat,,Sandeep Kashinath Bandodkar,,248,,,latin,local_elections,e0ae2676d62a-dirty,data/goa/2012/panres_2012_Bardez.pdf,2,page,
goa/gp_ward/2012,d4b659b96e05,Goa|2012|gp_ward|North Goa|Bardez|PILERNE|II|,1,Goa,2012,North Goa,Bardez,PILERNE,gram_panchayat,II,,gp_ward,ward,NONE,NONE,sc_st_bc,1,Woman,Women,all_seats,seat,,Sonal Hemant Malvankar,,187,,,latin,local_elections,e0ae2676d62a-dirty,data/goa/2012/panres_2012_Bardez.pdf,2,page,
goa/gp_ward/2012,8dcaea325e0b,Goa|2012|gp_ward|North Goa|Bardez|PILERNE|III|,1,Goa,2012,North Goa,Bardez,PILERNE,gram_panchayat,III,,gp_ward,ward,NONE,NONE,sc_st_bc,0,Other than Woman,General,all_seats,seat,,Rupesh Damodar Naik,,194,,,latin,local_elections,e0ae2676d62a-dirty,data/goa/2012/panres_2012_Bardez.pdf,2,page,
goa/gp_ward/2012,0247d237b303,Goa|2012|gp_ward|North Goa|Bardez|PILERNE|IV|,1,Goa,2012,North Goa,Bardez,PILERNE,gram_panchayat,IV,,gp_ward,ward,NONE,NONE,sc_st_bc,1,Woman,Women,all_seats,seat,,Damini Dayanand Shirodkar,,152,,,latin,local_elections,e0ae2676d62a-dirty,data/goa/2012/panres_2012_Bardez.pdf,3,page,
goa/gp_ward/2012,90256a2bbb79,Goa|2012|gp_ward|North Goa|Bardez|PILERNE|V|,1,Goa,2012,North Goa,Bardez,PILERNE,gram_panchayat,V,,gp_ward,ward,NONE,NONE,sc_st_bc,0,Other than Woman,General,all_seats,seat,,Sayajirao Ladko Rane,,170,,,latin,local_elections,e0ae2676d62a-dirty,data/goa/2012/panres_2012_Bardez.pdf,3,page,
goa/gp_ward/2012,ae95da174414,Goa|2012|gp_ward|North Goa|Bardez|PILERNE|VI|,1,Goa,2012,North Goa,Bardez,PILERNE,gram_panchayat,VI,,gp_ward,ward,BC,BC,sc_st_bc,0,BC Other than Woman,O.B.C.,all_seats,seat,,Karan Kamalakant Govenkar,,125,,,latin,local_elections,e0ae2676d62a-dirty,data/goa/2012/panres_2012_Bardez.pdf,3,page,
goa/gp_ward/2012,750e1da58d40,Goa|2012|gp_ward|North Goa|Bardez|PILERNE|VII|,1,Goa,2012,North Goa,Bardez,PILERNE,gram_panchayat,VII,,gp_ward,ward,NONE,NONE,sc_st_bc,1,Woman,Women,all_seats,seat,,Sangeeta Babani Narvekar,,131,,,latin,local_elections,e0ae2676d62a-dirty,data/goa/2012/panres_2012_Bardez.pdf,3,page,
goa/gp_ward/2012,4f5f25fc99cb,Goa|2012|gp_ward|North Goa|Bardez|PILERNE|VIII|,1,Goa,2012,North Goa,Bardez,PILERNE,gram_panchayat,VIII,,gp_ward,ward,BC,BC,sc_st_bc,0,BC Other than Woman,O.B.C.,all_seats,seat,,Amarnath Raghunath Govekar,,205,,,latin,local_elections,e0ae2676d62a-dirty,data/goa/2012/panres_2012_Bardez.pdf,3,page,
goa/gp_ward/2012,7aaf0aa0162e,Goa|2012|gp_ward|North Goa|Bardez|PILERNE|IX|,1,Goa,2012,North Goa,Bardez,PILERNE,gram_panchayat,IX,,gp_ward,ward,BC,BC,sc_st_bc,0,BC Other than Woman,O.B.C.,all_seats,seat,,Santosh Kashinath Bandodkar,,202,,,latin,local_elections,e0ae2676d62a-dirty,data/goa/2012/panres_2012_Bardez.pdf,3,page,
goa/gp_ward/2012,bbb414a21eee,Goa|2012|gp_ward|North Goa|Bardez|REIS-MAGOES|I|,1,Goa,2012,North Goa,Bardez,REIS-MAGOES,gram_panchayat,I,,gp_ward,ward,BC,BC,sc_st_bc,0,BC Other than Woman,O.B.C.,all_seats,seat,,Felix Lycas Rodrigues,,119,,,latin,local_elections,e0ae2676d62a-dirty,data/goa/2012/panres_2012_Bardez.pdf,3,page,
goa/gp_ward/2012,116c59cbf283,Goa|2012|gp_ward|North Goa|Bardez|REIS-MAGOES|II|,1,Goa,2012,North Goa,Bardez,REIS-MAGOES,gram_panchayat,II,,gp_ward,ward,BC,BC,sc_st_bc,1,BC Woman,OBC Wom,all_seats,seat,,Snehal Sandeep Gaonkar,,140,,,latin,local_elections,e0ae2676d62a-dirty,data/goa/2012/panres_2012_Bardez.pdf,3,page,
goa/gp_ward/2012,7331aafd5892,Goa|2012|gp_ward|North Goa|Bardez|REIS-MAGOES|III|,1,Goa,2012,North Goa,Bardez,REIS-MAGOES,gram_panchayat,III,,gp_ward,ward,NONE,NONE,sc_st_bc,0,Other than Woman,General,all_seats,seat,,Subhash Gopal Pednekar,,123,,,latin,local_elections,e0ae2676d62a-dirty,data/goa/2012/panres_2012_Bardez.pdf,3,page,
goa/gp_ward/2012,03e62b7f92e4,Goa|2012|gp_ward|North Goa|Bardez|REIS-MAGOES|IV|,1,Goa,2012,North Goa,Bardez,REIS-MAGOES,gram_panchayat,IV,,gp_ward,ward,NONE,NONE,sc_st_bc,1,Woman,Women,all_seats,seat,,Rajani Mahadev Parulekar,,115,,,latin,local_elections,e0ae2676d62a-dirty,data/goa/2012/panres_2012_Bardez.pdf,3,page,
goa/gp_ward/2012,d659eebd0f8f,Goa|2012|gp_ward|North Goa|Bardez|REIS-MAGOES|V|,1,Goa,2012,North Goa,Bardez,REIS-MAGOES,gram_panchayat,V,,gp_ward,ward,NONE,NONE,sc_st_bc,0,Other than Woman,General,all_seats,seat,,Virendra Gurudas Shirodkar,,95,,,latin,local_elections,e0ae2676d62a-dirty,data/goa/2012/panres_2012_Bardez.pdf,3,page,
goa/gp_ward/2012,c456b587812d,Goa|2012|gp_ward|North Goa|Bardez|REIS-MAGOES|VI|,1,Goa,2012,North Goa,Bardez,REIS-MAGOES,gram_panchayat,VI,,gp_ward,ward,NONE,NONE,sc_st_bc,0,Other than Woman,General,all_seats,seat,,Sushmita Subhash Pednekar,,228,,,latin,local_elections,e0ae2676d62a-dirty,data/goa/2012/panres_2012_Bardez.pdf,3,page,
goa/gp_ward/2012,b217ac723648,Goa|2012|gp_ward|North Goa|Bardez|REIS-MAGOES|VII|,1,Goa,2012,North Goa,Bardez,REIS-MAGOES,gram_panchayat,VII,,gp_ward,ward,NONE,NONE,sc_st_bc,1,Woman,Women,all_seats,seat,,Deepali Digamber Korgaonkar,,164,,,latin,local_elections,e0ae2676d62a-dirty,data/goa/2012/panres_2012_Bardez.pdf,3,page,
goa/gp_ward/2012,91e53bbefa21,Goa|2012|gp_ward|North Goa|Bardez|REIS-MAGOES|VIII|,1,Goa,2012,North Goa,Bardez,REIS-MAGOES,gram_panchayat,VIII,,gp_ward,ward,NONE,NONE,sc_st_bc,0,Other than Woman,General,all_seats,seat,,Prasanna Prabhakar Nagvekar,,196,,,latin,local_elections,e0ae2676d62a-dirty,data/goa/2012/panres_2012_Bardez.pdf,3,page,
goa/gp_ward/2012,e4e66c526fce,Goa|2012|gp_ward|North Goa|Bardez|REIS-MAGOES|IX|,1,Goa,2012,North Goa,Bardez,REIS-MAGOES,gram_panchayat,IX,,gp_ward,ward,NONE,NONE,sc_st_bc,0,Other than Woman,General,all_seats,seat,,Kedar Jayprakash Naik,,288,,,latin,local_elections,e0ae2676d62a-dirty,data/goa/2012/panres_2012_Bardez.pdf,3,page,
goa/gp_ward/2012,103ec7475bca,Goa|2012|gp_ward|North Goa|Bardez|REIS-MAGOES|X|,1,Goa,2012,North Goa,Bardez,REIS-MAGOES,gram_panchayat,X,,gp_ward,ward,NONE,NONE,sc_st_bc,0,Other than Woman,General,all_seats,seat,,Prarthna Keshav Garudi Desai,,194,,,latin,local_elections,e0ae2676d62a-dirty,data/goa/2012/panres_2012_Bardez.pdf,3,page,
goa/gp_ward/2012,26afae488398,Goa|2012|gp_ward|North Goa|Bardez|REIS-MAGOES|XI|,1,Goa,2012,North Goa,Bardez,REIS-MAGOES,gram_panchayat,XI,,gp_ward,ward,BC,BC,sc_st_bc,1,BC Woman,OBC Wom,all_seats,seat,,Shruti Suraj Chodankar,,222,,,latin,local_elections,e0ae2676d62a-dirty,data/goa/2012/panres_2012_Bardez.pdf,3,page,
goa/gp_ward/2012,3df32021a247,Goa|2012|gp_ward|North Goa|Bardez|SALIGAO|I|,1,Goa,2012,North Goa,Bardez,SALIGAO,gram_panchayat,I,,gp_ward,ward,NONE,NONE,sc_st_bc,0,Other than Woman,General,all_seats,seat,,Dayanand Kanta Mandrekar,,168,,,latin,local_elections,e0ae2676d62a-dirty,data/goa/2012/panres_2012_Bardez.pdf,3,page,
goa/gp_ward/2012,8df776199af7,Goa|2012|gp_ward|North Goa|Bardez|SALIGAO|II|,1,Goa,2012,North Goa,Bardez,SALIGAO,gram_panchayat,II,,gp_ward,ward,NONE,NONE,sc_st_bc,1,Woman,Women,all_seats,seat,,Geeta Somanath Rane,,237,,,latin,local_elections,e0ae2676d62a-dirty,data/goa/2012/panres_2012_Bardez.pdf,3,page,
goa/gp_ward/2012,5a33f4067dd2,Goa|2012|gp_ward|North Goa|Bardez|SALIGAO|III|,1,Goa,2012,North Goa,Bardez,SALIGAO,gram_panchayat,III,,gp_ward,ward,NONE,NONE,sc_st_bc,0,Other than Woman,General,all_seats,seat,,Eknath Vassant Oraskar,,195,,,latin,local_elections,e0ae2676d62a-dirty,data/goa/2012/panres_2012_Bardez.pdf,3,page,
goa/gp_ward/2012,4156326f3cd4,Goa|2012|gp_ward|North Goa|Bardez|SALIGAO|IV|,1,Goa,2012,North Goa,Bardez,SALIGAO,gram_panchayat,IV,,gp_ward,ward,NONE,NONE,sc_st_bc,1,Woman,Women,all_seats,seat,,Neha Naresh Kerkar,,177,,,latin,local_elections,e0ae2676d62a-dirty,data/goa/2012/panres_2012_Bardez.pdf,3,page,
goa/gp_ward/2012,86908ffd676d,Goa|2012|gp_ward|North Goa|Bardez|SALIGAO|V|,1,Goa,2012,North Goa,Bardez,SALIGAO,gram_panchayat,V,,gp_ward,ward,BC,BC,sc_st_bc,0,BC Other than Woman,O.B.C.,all_seats,seat,,Nanda Dattaram Virdekar,,238,,,latin,local_elections,e0ae2676d62a-dirty,data/goa/2012/panres_2012_Bardez.pdf,3,page,
goa/gp_ward/2012,f520c8843a59,Goa|2012|gp_ward|North Goa|Bardez|SALIGAO|VI|,1,Goa,2012,North Goa,Bardez,SALIGAO,gram_panchayat,VI,,gp_ward,ward,NONE,NONE,sc_st_bc,0,Other than Woman,General,all_seats,seat,,Pandurang Krishna Harmalkar,,215,,,latin,local_elections,e0ae2676d62a-dirty,data/goa/2012/panres_2012_Bardez.pdf,3,page,
goa/gp_ward/2012,fd57a79d2713,Goa|2012|gp_ward|North Goa|Bardez|SALIGAO|VII|,1,Goa,2012,North Goa,Bardez,SALIGAO,gram_panchayat,VII,,gp_ward,ward,NONE,NONE,sc_st_bc,1,Woman,Women,all_seats,seat,,Flory Noel Vaz,,147,,,latin,local_elections,e0ae2676d62a-dirty,data/goa/2012/panres_2012_Bardez.pdf,3,page,
goa/gp_ward/2012,b7d65ee22a22,Goa|2012|gp_ward|North Goa|Bardez|SALIGAO|VIII|,1,Goa,2012,North Goa,Bardez,SALIGAO,gram_panchayat,VIII,,gp_ward,ward,NONE,NONE,sc_st_bc,0,Other than Woman,General,all_seats,seat,,Jack Anthony Coelho,,276,,,latin,local_elections,e0ae2676d62a-dirty,data/goa/2012/panres_2012_Bardez.pdf,3,page,
goa/gp_ward/2012,1c438cd1e24a,Goa|2012|gp_ward|North Goa|Bardez|SALIGAO|IX|,1,Goa,2012,North Goa,Bardez,SALIGAO,gram_panchayat,IX,,gp_ward,ward,BC,BC,sc_st_bc,0,BC Other than Woman,O.B.C.,all_seats,seat,,Vithal Digambar Borkar,,172,,,latin,local_elections,e0ae2676d62a-dirty,data/goa/2012/panres_2012_Bardez.pdf,3,page,
goa/gp_ward/2012,75e962755475,Goa|2012|gp_ward|North Goa|Bardez|SALVADOR-DO- MUNDO|I|,1,Goa,2012,North Goa,Bardez,SALVADOR-DO- MUNDO,gram_panchayat,I,,gp_ward,ward,NONE,NONE,sc_st_bc,0,Other than Woman,General,all_seats,seat,,Vijay Yeshwant Chodankar,,177,,,latin,local_elections,e0ae2676d62a-dirty,data/goa/2012/panres_2012_Bardez.pdf,4,page,
goa/gp_ward/2012,b111df4de967,Goa|2012|gp_ward|North Goa|Bardez|SALVADOR-DO- MUNDO|II|,1,Goa,2012,North Goa,Bardez,SALVADOR-DO- MUNDO,gram_panchayat,II,,gp_ward,ward,NONE,NONE,sc_st_bc,1,Woman,Women,all_seats,seat,,Reena Stephan Fernandes,,90,,,latin,local_elections,e0ae2676d62a-dirty,data/goa/2012/panres_2012_Bardez.pdf,4,page,
goa/gp_ward/2012,3aa9a5d7be7f,Goa|2012|gp_ward|North Goa|Bardez|SALVADOR-DO- MUNDO|III|,1,Goa,2012,North Goa,Bardez,SALVADOR-DO- MUNDO,gram_panchayat,III,,gp_ward,ward,BC,BC,sc_st_bc,0,BC Other than Woman,O.B.C.,all_seats,seat,,Sandeep Dattaram Salgaonkar,,280,,,latin,local_elections,e0ae2676d62a-dirty,data/goa/2012/panres_2012_Bardez.pdf,4,page,
goa/gp_ward/2012,216e127f7685,Goa|2012|gp_ward|North Goa|Bardez|SALVADOR-DO- MUNDO|IV|,1,Goa,2012,North Goa,Bardez,SALVADOR-DO- MUNDO,gram_panchayat,IV,,gp_ward,ward,NONE,NONE,sc_st_bc,1,Woman,Women,all_seats,seat,,Geeta Vijay Dalvi,,258,,,latin,local_elections,e0ae2676d62a-dirty,data/goa/2012/panres_2012_Bardez.pdf,4,page,
goa/gp_ward/2012,d55cc02d1fda,Goa|2012|gp_ward|North Goa|Bardez|SALVADOR-DO- MUNDO|V|,1,Goa,2012,North Goa,Bardez,SALVADOR-DO- MUNDO,gram_panchayat,V,,gp_ward,ward,NONE,NONE,sc_st_bc,0,Other than Woman,General,all_seats,seat,,Krishnakant Dattaram Chodankar,,222,,,latin,local_elections,e0ae2676d62a-dirty,data/goa/2012/panres_2012_Bardez.pdf,4,page,
goa/gp_ward/2012,1673d1cdf54e,Goa|2012|gp_ward|North Goa|Bardez|SALVADOR-DO- MUNDO|VI|,1,Goa,2012,North Goa,Bardez,SALVADOR-DO- MUNDO,gram_panchayat,VI,,gp_ward,ward,NONE,NONE,sc_st_bc,0,Other than Woman,General,all_seats,seat,,Maximiano Arthur Francisco Xavier Fernandes,,71,,,latin,local_elections,e0ae2676d62a-dirty,data/goa/2012/panres_2012_Bardez.pdf,4,page,
goa/gp_ward/2012,7646acbb2271,Goa|2012|gp_ward|North Goa|Bardez|SALVADOR-DO- MUNDO|VII|,1,Goa,2012,North Goa,Bardez,SALVADOR-DO- MUNDO,gram_panchayat,VII,,gp_ward,ward,NONE,NONE,sc_st_bc,1,Woman,Women,all_seats,seat,,Bindiya Bhagvant Naik,,116,,,latin,local_elections,e0ae2676d62a-dirty,data/goa/2012/panres_2012_Bardez.pdf,4,page,
goa/gp_ward/2012,a232161fccef,Goa|2012|gp_ward|North Goa|Bardez|SALVADOR-DO- MUNDO|VIII|,1,Goa,2012,North Goa,Bardez,SALVADOR-DO- MUNDO,gram_panchayat,VIII,,gp_ward,ward,BC,BC,sc_st_bc,0,BC Other than Woman,O.B.C.,all_seats,seat,,Rajesh Narayan Savaikar,,253,,,latin,local_elections,e0ae2676d62a-dirty,data/goa/2012/panres_2012_Bardez.pdf,4,page,
goa/gp_ward/2012,6eb4fac9f8ba,Goa|2012|gp_ward|North Goa|Bardez|SALVADOR-DO- MUNDO|IX|,1,Goa,2012,North Goa,Bardez,SALVADOR-DO- MUNDO,gram_panchayat,IX,,gp_ward,ward,NONE,NONE,sc_st_bc,0,Other than Woman,General,all_seats,seat,,Stephen Agnelo Albuquerque,,187,,,latin,local_elections,e0ae2676d62a-dirty,data/goa/2012/panres_2012_Bardez.pdf,4,page,
goa/gp_ward/2012,0810d207df02,Goa|2012|gp_ward|North Goa|Bardez|SANGOLDA|I|,1,Goa,2012,North Goa,Bardez,SANGOLDA,gram_panchayat,I,,gp_ward,ward,NONE,NONE,sc_st_bc,0,Other than Woman,General,all_seats,seat,,Divya Deepak Palyekar,,90,,,latin,local_elections,e0ae2676d62a-dirty,data/goa/2012/panres_2012_Bardez.pdf,4,page,
goa/gp_ward/2012,81f193e01162,Goa|2012|gp_ward|North Goa|Bardez|SANGOLDA|II|,1,Goa,2012,North Goa,Bardez,SANGOLDA,gram_panchayat,II,,gp_ward,ward,NONE,NONE,sc_st_bc,1,Woman,Women,all_seats,seat,,Resha Rohidas Korgaonkar,,127,,,latin,local_elections,e0ae2676d62a-dirty,data/goa/2012/panres_2012_Bardez.pdf,4,page,
goa/gp_ward/2012,149d9e650790,Goa|2012|gp_ward|North Goa|Bardez|SANGOLDA|III|,1,Goa,2012,North Goa,Bardez,SANGOLDA,gram_panchayat,III,,gp_ward,ward,NONE,NONE,sc_st_bc,0,Other than Woman,General,all_seats,seat,,Sachin Uttam Salgaokar,,109,,,latin,local_elections,e0ae2676d62a-dirty,data/goa/2012/panres_2012_Bardez.pdf,4,page,
goa/gp_ward/2012,fac4dc188b42,Goa|2012|gp_ward|North Goa|Bardez|SANGOLDA|IV|,1,Goa,2012,North Goa,Bardez,SANGOLDA,gram_panchayat,IV,,gp_ward,ward,NONE,NONE,sc_st_bc,0,Other than Woman,General,all_seats,seat,,Nilkant Anant Naik,,175,,,latin,local_elections,e0ae2676d62a-dirty,data/goa/2012/panres_2012_Bardez.pdf,4,page,
goa/gp_ward/2012,9528c920efb9,Goa|2012|gp_ward|North Goa|Bardez|SANGOLDA|V|,1,Goa,2012,North Goa,Bardez,SANGOLDA,gram_panchayat,V,,gp_ward,ward,BC,BC,sc_st_bc,0,BC Other than Woman,O.B.C.,all_seats,seat,,Uday Namdev Kandolkar,,100,,,latin,local_elections,e0ae2676d62a-dirty,data/goa/2012/panres_2012_Bardez.pdf,4,page,
goa/gp_ward/2012,fe7abab3bf3a,Goa|2012|gp_ward|North Goa|Bardez|SANGOLDA|VI|,1,Goa,2012,North Goa,Bardez,SANGOLDA,gram_panchayat,VI,,gp_ward,ward,NONE,NONE,sc_st_bc,0,Other than Woman,General,all_seats,seat,,Premanand Krishna Kochrekar,,98,,,latin,local_elections,e0ae2676d62a-dirty,data/goa/2012/panres_2012_Bardez.pdf,4,page,
goa/gp_ward/2012,042a36f48dbc,Goa|2012|gp_ward|North Goa|Bardez|SANGOLDA|VII|,1,Goa,2012,North Goa,Bardez,SANGOLDA,gram_panchayat,VII,,gp_ward,ward,NONE,NONE,sc_st_bc,1,Woman,Women,all_seats,seat,,Vilma Alex Alvares,,146,,,latin,local_elections,e0ae2676d62a-dirty,data/goa/2012/panres_2012_Bardez.pdf,4,page,
goa/gp_ward/2012,464c21d156db,Goa|2012|gp_ward|North Goa|Bardez|ANJUNA CAISUVA|I|,1,Goa,2012,North Goa,Bardez,ANJUNA CAISUVA,gram_panchayat,I,,gp_ward,ward,NONE,NONE,sc_st_bc,0,Other than Woman,General,all_seats,seat,,Dinesh Gajanan Patil,,349,,,latin,local_elections,e0ae2676d62a-dirty,data/goa/2012/panres_2012_Bardez.pdf,4,page,
goa/gp_ward/2012,97a978252ba1,Goa|2012|gp_ward|North Goa|Bardez|ANJUNA CAISUVA|II|,1,Goa,2012,North Goa,Bardez,ANJUNA CAISUVA,gram_panchayat,II,,gp_ward,ward,NONE,NONE,sc_st_bc,0,Other than Woman,General,all_seats,seat,,Shital Sachitanand Dabholkar,,333,,,latin,local_elections,e0ae2676d62a-dirty,data/goa/2012/panres_2012_Bardez.pdf,4,page,
goa/gp_ward/2012,b8346e3d5bba,Goa|2012|gp_ward|North Goa|Bardez|ANJUNA CAISUVA|III|,1,Goa,2012,North Goa,Bardez,ANJUNA CAISUVA,gram_panchayat,III,,gp_ward,ward,NONE,NONE,sc_st_bc,1,Woman,Women,all_seats,seat,,Sharad Sakharam Naik,,217,,,latin,local_elections,e0ae2676d62a-dirty,data/goa/2012/panres_2012_Bardez.pdf,4,page,
goa/gp_ward/2012,c52b7d0ba8aa,Goa|2012|gp_ward|North Goa|Bardez|ANJUNA CAISUVA|IV|,1,Goa,2012,North Goa,Bardez,ANJUNA CAISUVA,gram_panchayat,IV,,gp_ward,ward,NONE,NONE,sc_st_bc,1,Woman,Women,all_seats,seat,,Suhasini Surendra Govekar,,250,,,latin,local_elections,e0ae2676d62a-dirty,data/goa/2012/panres_2012_Bardez.pdf,4,page,
goa/gp_ward/2012,6161072306e8,Goa|2012|gp_ward|North Goa|Bardez|ANJUNA CAISUVA|V|,1,Goa,2012,North Goa,Bardez,ANJUNA CAISUVA,gram_panchayat,V,,gp_ward,ward,NONE,NONE,sc_st_bc,0,Other than Woman,General,all_seats,seat,,Pratima Raghu Govekar,,314,,,latin,local_elections,e0ae2676d62a-dirty,data/goa/2012/panres_2012_Bardez.pdf,4,page,
goa/gp_ward/2012,e06a4ac53a62,Goa|2012|gp_ward|North Goa|Bardez|ANJUNA CAISUVA|VI|,1,Goa,2012,North Goa,Bardez,ANJUNA CAISUVA,gram_panchayat,VI,,gp_ward,ward,NONE,NONE,sc_st_bc,0,Other than Woman,General,all_seats,seat,,Narayan Anant Mayekar,,187,,,latin,local_elections,e0ae2676d62a-dirty,data/goa/2012/panres_2012_Bardez.pdf,5,page,
goa/gp_ward/2012,671816c6142f,Goa|2012|gp_ward|North Goa|Bardez|ANJUNA CAISUVA|VII|,1,Goa,2012,North Goa,Bardez,ANJUNA CAISUVA,gram_panchayat,VII,,gp_ward,ward,NONE,NONE,sc_st_bc,1,Woman,Women,all_seats,seat,,Fatima Fernanddo Rebello,,310,,,latin,local_elections,e0ae2676d62a-dirty,data/goa/2012/panres_2012_Bardez.pdf,5,page,
goa/gp_ward/2012,8ac46c35f116,Goa|2012|gp_ward|North Goa|Bardez|ANJUNA CAISUVA|VIII|,1,Goa,2012,North Goa,Bardez,ANJUNA CAISUVA,gram_panchayat,VIII,,gp_ward,ward,BC,BC,sc_st_bc,0,BC Other than Woman,O.B.C.,all_seats,seat,,Sandeep Pandurang Chimulkar,,218,,,latin,local_elections,e0ae2676d62a-dirty,data/goa/2012/panres_2012_Bardez.pdf,5,page,
goa/gp_ward/2012,8f1852711ee9,Goa|2012|gp_ward|North Goa|Bardez|ANJUNA CAISUVA|IX|,1,Goa,2012,North Goa,Bardez,ANJUNA CAISUVA,gram_panchayat,IX,,gp_ward,ward,NONE,NONE,sc_st_bc,0,Other than Woman,General,all_seats,seat,,Lavinio Jude Fernando O.C. Rebello,,181,,,latin,local_elections,e0ae2676d62a-dirty,data/goa/2012/panres_2012_Bardez.pdf,5,page,
goa/gp_ward/2012,8247b151d8df,Goa|2012|gp_ward|North Goa|Bardez|ANJUNA CAISUVA|X|,1,Goa,2012,North Goa,Bardez,ANJUNA CAISUVA,gram_panchayat,X,,gp_ward,ward,NONE,NONE,sc_st_bc,0,Other than Woman,General,all_seats,seat,,Patrick Savio Marcelino Almeida,,136,,,latin,local_elections,e0ae2676d62a-dirty,data/goa/2012/panres_2012_Bardez.pdf,5,page,
goa/gp_ward/2012,fe5c51155728,Goa|2012|gp_ward|North Goa|Bardez|ANJUNA CAISUVA|XI|,1,Goa,2012,North Goa,Bardez,ANJUNA CAISUVA,gram_panchayat,XI,,gp_ward,ward,BC,BC,sc_st_bc,1,BC Woman,OBC Wom,all_seats,seat,,Sheetal Subhash Naik,,222,,,latin,local_elections,e0ae2676d62a-dirty,data/goa/2012/panres_2012_Bardez.pdf,5,page,
goa/gp_ward/2012,5bf95282424b,Goa|2012|gp_ward|North Goa|Bardez|ARPORA NAGOVA|I|,1,Goa,2012,North Goa,Bardez,ARPORA NAGOVA,gram_panchayat,I,,gp_ward,ward,BC,BC,sc_st_bc,0,BC Other than Woman,O.B.C.,all_seats,seat,,SAKARAM PUNDALIK NAIK,,177,,,latin,local_elections,e0ae2676d62a-dirty,data/goa/2012/panres_2012_Bardez.pdf,5,page,
goa/gp_ward/2012,2badcef2c03c,Goa|2012|gp_ward|North Goa|Bardez|ARPORA NAGOVA|II|,1,Goa,2012,North Goa,Bardez,ARPORA NAGOVA,gram_panchayat,II,,gp_ward,ward,NONE,NONE,sc_st_bc,1,Woman,Women,all_seats,seat,,SUSHMA SHRIKRISHNA NAGVEKAR,,Unopposed,,,latin,local_elections,e0ae2676d62a-dirty,data/goa/2012/panres_2012_Bardez.pdf,5,page,
goa/gp_ward/2012,d27f16b6bd59,Goa|2012|gp_ward|North Goa|Bardez|ARPORA NAGOVA|III|,1,Goa,2012,North Goa,Bardez,ARPORA NAGOVA,gram_panchayat,III,,gp_ward,ward,BC,BC,sc_st_bc,0,BC Other than Woman,O.B.C.,all_seats,seat,,Roshan Vasudev Redkar,,138,,,latin,local_elections,e0ae2676d62a-dirty,data/goa/2012/panres_2012_Bardez.pdf,5,page,
goa/gp_ward/2012,33b20c1f9132,Goa|2012|gp_ward|North Goa|Bardez|ARPORA NAGOVA|IV|,1,Goa,2012,North Goa,Bardez,ARPORA NAGOVA,gram_panchayat,IV,,gp_ward,ward,NONE,NONE,sc_st_bc,0,Other than Woman,General,all_seats,seat,,Augustinho L. T. Diogo D'Souza,,169,,,latin,local_elections,e0ae2676d62a-dirty,data/goa/2012/panres_2012_Bardez.pdf,5,page,
goa/gp_ward/2012,597ec78f775e,Goa|2012|gp_ward|North Goa|Bardez|ARPORA NAGOVA|V|,1,Goa,2012,North Goa,Bardez,ARPORA NAGOVA,gram_panchayat,V,,gp_ward,ward,NONE,NONE,sc_st_bc,0,Other than Woman,General,all_seats,seat,,Clefophas Mario Fernandes,,113,,,latin,local_elections,e0ae2676d62a-dirty,data/goa/2012/panres_2012_Bardez.pdf,5,page,
goa/gp_ward/2012,222fc3473358,Goa|2012|gp_ward|North Goa|Bardez|ARPORA NAGOVA|VI|,1,Goa,2012,North Goa,Bardez,ARPORA NAGOVA,gram_panchayat,VI,,gp_ward,ward,NONE,NONE,sc_st_bc,0,Other than Woman,General,all_seats,seat,,Joseph Francis Fernandes,,97,,,latin,local_elections,e0ae2676d62a-dirty,data/goa/2012/panres_2012_Bardez.pdf,5,page,
goa/gp_ward/2012,e14df3dbe6ff,Goa|2012|gp_ward|North Goa|Bardez|ARPORA NAGOVA|VII|,1,Goa,2012,North Goa,Bardez,ARPORA NAGOVA,gram_panchayat,VII,,gp_ward,ward,NONE,NONE,sc_st_bc,1,Woman,Women,all_seats,seat,,Mahima Mahesh Korgaonkar,,156,,,latin,local_elections,e0ae2676d62a-dirty,data/goa/2012/panres_2012_Bardez.pdf,5,page,
goa/gp_ward/2012,781106fcb439,Goa|2012|gp_ward|North Goa|Bardez|ASSAGAO|I|,1,Goa,2012,North Goa,Bardez,ASSAGAO,gram_panchayat,I,,gp_ward,ward,NONE,NONE,sc_st_bc,0,Other than Woman,General,all_seats,seat,,Hanumant Ranu Naik,,205,,,latin,local_elections,e0ae2676d62a-dirty,data/goa/2012/panres_2012_Bardez.pdf,5,page,
goa/gp_ward/2012,aff3cf62fd4a,Goa|2012|gp_ward|North Goa|Bardez|ASSAGAO|II|,1,Goa,2012,North Goa,Bardez,ASSAGAO,gram_panchayat,II,,gp_ward,ward,NONE,NONE,sc_st_bc,1,Woman,Women,all_seats,seat,,Suvarna Ajit Sawant,,146,,,latin,local_elections,e0ae2676d62a-dirty,data/goa/2012/panres_2012_Bardez.pdf,5,page,
goa/gp_ward/2012,255f17c282bb,Goa|2012|gp_ward|North Goa|Bardez|ASSAGAO|III|,1,Goa,2012,North Goa,Bardez,ASSAGAO,gram_panchayat,III,,gp_ward,ward,NONE,NONE,sc_st_bc,0,Other than Woman,General,all_seats,seat,,Rajesh Govind Naik,,156,,,latin,local_elections,e0ae2676d62a-dirty,data/goa/2012/panres_2012_Bardez.pdf,5,page,
goa/gp_ward/2012,e5b57aca5ac5,Goa|2012|gp_ward|North Goa|Bardez|ASSAGAO|IV|,1,Goa,2012,North Goa,Bardez,ASSAGAO,gram_panchayat,IV,,gp_ward,ward,NONE,NONE,sc_st_bc,0,Other than Woman,General,all_seats,seat,,Victor Peter D'Souza,,211,,,latin,local_elections,e0ae2676d62a-dirty,data/goa/2012/panres_2012_Bardez.pdf,5,page,
goa/gp_ward/2012,6210c4422539,Goa|2012|gp_ward|North Goa|Bardez|ASSAGAO|V|,1,Goa,2012,North Goa,Bardez,ASSAGAO,gram_panchayat,V,,gp_ward,ward,BC,BC,sc_st_bc,0,BC Other than Woman,O.B.C.,all_seats,seat,,Anand Shyam Kandolkar,,243,,,latin,local_elections,e0ae2676d62a-dirty,data/goa/2012/panres_2012_Bardez.pdf,5,page,
goa/gp_ward/2012,575e1322bf90,Goa|2012|gp_ward|North Goa|Bardez|ASSAGAO|VI|,1,Goa,2012,North Goa,Bardez,ASSAGAO,gram_panchayat,VI,,gp_ward,ward,NONE,NONE,sc_st_bc,0,Other than Woman,General,all_seats,seat,,Jallindar Namdev Gaonkar,,148,,,latin,local_elections,e0ae2676d62a-dirty,data/goa/2012/panres_2012_Bardez.pdf,5,page,
goa/gp_ward/2012,7e898be52124,Goa|2012|gp_ward|North Goa|Bardez|ASSAGAO|VII|,1,Goa,2012,North Goa,Bardez,ASSAGAO,gram_panchayat,VII,,gp_ward,ward,NONE,NONE,sc_st_bc,1,Woman,Women,all_seats,seat,,Priyanka Prashant Sangelkar,,93,,,latin,local_elections,e0ae2676d62a-dirty,data/goa/2012/panres_2012_Bardez.pdf,5,page,
goa/gp_ward/2012,4202fda4ce61,Goa|2012|gp_ward|North Goa|Bardez|CAMURLIM|I|,1,Goa,2012,North Goa,Bardez,CAMURLIM,gram_panchayat,I,,gp_ward,ward,NONE,NONE,sc_st_bc,0,Other than Woman,General,all_seats,seat,,Vishant Ganba Naik Gaonkar,,150,,,latin,local_elections,e0ae2676d62a-dirty,data/goa/2012/panres_2012_Bardez.pdf,5,page,
goa/gp_ward/2012,f56f5a50b5ff,Goa|2012|gp_ward|North Goa|Bardez|CAMURLIM|II|,1,Goa,2012,North Goa,Bardez,CAMURLIM,gram_panchayat,II,,gp_ward,ward,BC,BC,sc_st_bc,1,BC Woman,OBC Wom,all_seats,seat,,Savita Subash Korgaonkar,,70,,,latin,local_elections,e0ae2676d62a-dirty,data/goa/2012/panres_2012_Bardez.pdf,5,page,
goa/gp_ward/2012,b3a664062480,Goa|2012|gp_ward|North Goa|Bardez|CAMURLIM|III|,1,Goa,2012,North Goa,Bardez,CAMURLIM,gram_panchayat,III,,gp_ward,ward,NONE,NONE,sc_st_bc,0,Other than Woman,General,all_seats,seat,,Dharmendra Ganesh Parab,,156,,,latin,local_elections,e0ae2676d62a-dirty,data/goa/2012/panres_2012_Bardez.pdf,5,page,
goa/gp_ward/2012,659701a1a195,Goa|2012|gp_ward|North Goa|Bardez|CAMURLIM|IV|,1,Goa,2012,North Goa,Bardez,CAMURLIM,gram_panchayat,IV,,gp_ward,ward,NONE,NONE,sc_st_bc,0,Other than Woman,General,all_seats,seat,,Bapu Govind Naik,,214,,,latin,local_elections,e0ae2676d62a-dirty,data/goa/2012/panres_2012_Bardez.pdf,6,page,
goa/gp_ward/2012,c12523ae1554,Goa|2012|gp_ward|North Goa|Bardez|CAMURLIM|V|,1,Goa,2012,North Goa,Bardez,CAMURLIM,gram_panchayat,V,,gp_ward,ward,NONE,NONE,sc_st_bc,0,Other than Woman,General,all_seats,seat,,Gurudas Shamba Khorjuvenkar,,161,,,latin,local_elections,e0ae2676d62a-dirty,data/goa/2012/panres_2012_Bardez.pdf,6,page,
goa/gp_ward/2012,e421855664ec,Goa|2012|gp_ward|North Goa|Bardez|CAMURLIM|VI|,1,Goa,2012,North Goa,Bardez,CAMURLIM,gram_panchayat,VI,,gp_ward,ward,BC,BC,sc_st_bc,0,BC Other than Woman,O.B.C.,all_seats,seat,,Gajanan Hanumant Salgaonkar,,229,,,latin,local_elections,e0ae2676d62a-dirty,data/goa/2012/panres_2012_Bardez.pdf,6,page,
goa/gp_ward/2012,2f667a5376e3,Goa|2012|gp_ward|North Goa|Bardez|CAMURLIM|VII|,1,Goa,2012,North Goa,Bardez,CAMURLIM,gram_panchayat,VII,,gp_ward,ward,NONE,NONE,sc_st_bc,1,Woman,Women,all_seats,seat,,Kalpana Rama Dalvi,,137,,,latin,local_elections,e0ae2676d62a-dirty,data/goa/2012/panres_2012_Bardez.pdf,6,page,
goa/gp_ward/2012,5831117beee9,Goa|2012|gp_ward|North Goa|Bardez|OXEL|I|,1,Goa,2012,North Goa,Bardez,OXEL,gram_panchayat,I,,gp_ward,ward,BC,BC,sc_st_bc,0,BC Other than Woman,O.B.C.,all_seats,seat,,Bharati Vidhyadhar Vaigankar,,157,,,latin,local_elections,e0ae2676d62a-dirty,data/goa/2012/panres_2012_Bardez.pdf,6,page,
goa/gp_ward/2012,9371fa684c70,Goa|2012|gp_ward|North Goa|Bardez|OXEL|II|,1,Goa,2012,North Goa,Bardez,OXEL,gram_panchayat,II,,gp_ward,ward,NONE,NONE,sc_st_bc,1,Woman,Women,all_seats,seat,,Smita Shamsundar Harmalkar,,190,,,latin,local_elections,e0ae2676d62a-dirty,data/goa/2012/panres_2012_Bardez.pdf,6,page,
goa/gp_ward/2012,b62cfbd06448,Goa|2012|gp_ward|North Goa|Bardez|OXEL|III|,1,Goa,2012,North Goa,Bardez,OXEL,gram_panchayat,III,,gp_ward,ward,BC,BC,sc_st_bc,0,BC Other than Woman,O.B.C.,all_seats,seat,,Gajanan Jaidev Narvekar,,106,,,latin,local_elections,e0ae2676d62a-dirty,data/goa/2012/panres_2012_Bardez.pdf,6,page,
goa/gp_ward/2012,e2039d1370e7,Goa|2012|gp_ward|North Goa|Bardez|OXEL|IV|,1,Goa,2012,North Goa,Bardez,OXEL,gram_panchayat,IV,,gp_ward,ward,NONE,NONE,sc_st_bc,0,Other than Woman,General,all_seats,seat,,Raju Ramnath Banaulikar,,Unopposed,,,latin,local_elections,e0ae2676d62a-dirty,data/goa/2012/panres_2012_Bardez.pdf,6,page,
goa/gp_ward/2012,923f911711f7,Goa|2012|gp_ward|North Goa|Bardez|OXEL|V|,1,Goa,2012,North Goa,Bardez,OXEL,gram_panchayat,V,,gp_ward,ward,BC,BC,sc_st_bc,0,BC Other than Woman,O.B.C.,all_seats,seat,,Manguesh Shabi Chodankar,,99,,,latin,local_elections,e0ae2676d62a-dirty,data/goa/2012/panres_2012_Bardez.pdf,6,page,
goa/gp_ward/2012,e78017c7d6d2,Goa|2012|gp_ward|North Goa|Bardez|OXEL|VI|,1,Goa,2012,North Goa,Bardez,OXEL,gram_panchayat,VI,,gp_ward,ward,NONE,NONE,sc_st_bc,0,Other than Woman,General,all_seats,seat,,Rama Shridhar Parab,,209,,,latin,local_elections,e0ae2676d62a-dirty,data/goa/2012/panres_2012_Bardez.pdf,6,page,
goa/gp_ward/2012,8e93cf1f759d,Goa|2012|gp_ward|North Goa|Bardez|OXEL|VII|,1,Goa,2012,North Goa,Bardez,OXEL,gram_panchayat,VII,,gp_ward,ward,NONE,NONE,sc_st_bc,1,Woman,Women,all_seats,seat,,Manisha Rama Parab,,176,,,latin,local_elections,e0ae2676d62a-dirty,data/goa/2012/panres_2012_Bardez.pdf,6,page,
goa/gp_ward/2012,03809c1146d5,Goa|2012|gp_ward|North Goa|Bardez|PARRA|I|,1,Goa,2012,North Goa,Bardez,PARRA,gram_panchayat,I,,gp_ward,ward,NONE,NONE,sc_st_bc,0,Other than Woman,General,all_seats,seat,,Kamala Shrikrishna Nigudkar,,317,,,latin,local_elections,e0ae2676d62a-dirty,data/goa/2012/panres_2012_Bardez.pdf,6,page,
goa/gp_ward/2012,741377660184,Goa|2012|gp_ward|North Goa|Bardez|PARRA|II|,1,Goa,2012,North Goa,Bardez,PARRA,gram_panchayat,II,,gp_ward,ward,NONE,NONE,sc_st_bc,1,Woman,Women,all_seats,seat,,Rita Mariyano Pacheco,,151,,,latin,local_elections,e0ae2676d62a-dirty,data/goa/2012/panres_2012_Bardez.pdf,6,page,
goa/gp_ward/2012,ceaebcf15735,Goa|2012|gp_ward|North Goa|Bardez|PARRA|III|,1,Goa,2012,North Goa,Bardez,PARRA,gram_panchayat,III,,gp_ward,ward,NONE,NONE,sc_st_bc,0,Other than Woman,General,all_seats,seat,,Josephine Alex D'cruz,,157,,,latin,local_elections,e0ae2676d62a-dirty,data/goa/2012/panres_2012_Bardez.pdf,6,page,
goa/gp_ward/2012,04b25c981442,Goa|2012|gp_ward|North Goa|Bardez|PARRA|IV|,1,Goa,2012,North Goa,Bardez,PARRA,gram_panchayat,IV,,gp_ward,ward,NONE,NONE,sc_st_bc,0,Other than Woman,General,all_seats,seat,,Sanjay Pandurang Korgaonkar,,130,,,latin,local_elections,e0ae2676d62a-dirty,data/goa/2012/panres_2012_Bardez.pdf,6,page,
goa/gp_ward/2012,1fe1f22626b1,Goa|2012|gp_ward|North Goa|Bardez|PARRA|V|,1,Goa,2012,North Goa,Bardez,PARRA,gram_panchayat,V,,gp_ward,ward,NONE,NONE,sc_st_bc,0,Other than Woman,General,all_seats,seat,,Edvin Peter Lobo,,130,,,latin,local_elections,e0ae2676d62a-dirty,data/goa/2012/panres_2012_Bardez.pdf,6,page,
goa/gp_ward/2012,6158e3dd2fe0,Goa|2012|gp_ward|North Goa|Bardez|PARRA|VI|,1,Goa,2012,North Goa,Bardez,PARRA,gram_panchayat,VI,,gp_ward,ward,NONE,NONE,sc_st_bc,0,Other than Woman,General,all_seats,seat,,Delilah Michael Lobo,,Unopposed,,,latin,local_elections,e0ae2676d62a-dirty,data/goa/2012/panres_2012_Bardez.pdf,6,page,
goa/gp_ward/2012,b4f3aa7d43c4,Goa|2012|gp_ward|North Goa|Bardez|PARRA|VII|,1,Goa,2012,North Goa,Bardez,PARRA,gram_panchayat,VII,,gp_ward,ward,NONE,NONE,sc_st_bc,1,Woman,Women,all_seats,seat,,Candida Domnic D'Souza,,183,,,latin,local_elections,e0ae2676d62a-dirty,data/goa/2012/panres_2012_Bardez.pdf,6,page,
goa/gp_ward/2012,05e6d0b430fc,Goa|2012|gp_ward|North Goa|Bardez|POMBURPA OLAULIM|I|,1,Goa,2012,North Goa,Bardez,POMBURPA OLAULIM,gram_panchayat,I,,gp_ward,ward,NONE,NONE,sc_st_bc,0,Other than Woman,General,all_seats,seat,,Dhanajay Vassant Pednekar,,205,,,latin,local_elections,e0ae2676d62a-dirty,data/goa/2012/panres_2012_Bardez.pdf,6,page,
goa/gp_ward/2012,a08a96dc84b3,Goa|2012|gp_ward|North Goa|Bardez|POMBURPA OLAULIM|II|,1,Goa,2012,North Goa,Bardez,POMBURPA OLAULIM,gram_panchayat,II,,gp_ward,ward,NONE,NONE,sc_st_bc,1,Woman,Women,all_seats,seat,,Geetashree Narayan Kaulekar,,114,,,latin,local_elections,e0ae2676d62a-dirty,data/goa/2012/panres_2012_Bardez.pdf,6,page,
goa/gp_ward/2012,1564b14479a7,Goa|2012|gp_ward|North Goa|Bardez|POMBURPA OLAULIM|III|,1,Goa,2012,North Goa,Bardez,POMBURPA OLAULIM,gram_panchayat,III,,gp_ward,ward,NONE,NONE,sc_st_bc,0,Other than Woman,General,all_seats,seat,,Vinay Vithal Chopdekar,,221,,,latin,local_elections,e0ae2676d62a-dirty,data/goa/2012/panres_2012_Bardez.pdf,6,page,
goa/gp_ward/2012,dec1e51d1f4f,Goa|2012|gp_ward|North Goa|Bardez|POMBURPA OLAULIM|IV|,1,Goa,2012,North Goa,Bardez,POMBURPA OLAULIM,gram_panchayat,IV,,gp_ward,ward,BC,BC,sc_st_bc,0,BC Other than Woman,O.B.C.,all_seats,seat,,Gokuldas Shiva Halankar,,115,,,latin,local_elections,e0ae2676d62a-dirty,data/goa/2012/panres_2012_Bardez.pdf,6,page,
goa/gp_ward/2012,b785f34f38fb,Goa|2012|gp_ward|North Goa|Bardez|POMBURPA OLAULIM|V|,1,Goa,2012,North Goa,Bardez,POMBURPA OLAULIM,gram_panchayat,V,,gp_ward,ward,NONE,NONE,sc_st_bc,0,Other than Woman,General,all_seats,seat,,Prabhakar Balachandra Halarnkar,,191,,,latin,local_elections,e0ae2676d62a-dirty,data/goa/2012/panres_2012_Bardez.pdf,6,page,
goa/gp_ward/2012,9e27593a8398,Goa|2012|gp_ward|North Goa|Bardez|POMBURPA OLAULIM|VI|,1,Goa,2012,North Goa,Bardez,POMBURPA OLAULIM,gram_panchayat,VI,,gp_ward,ward,NONE,NONE,sc_st_bc,0,Other than Woman,General,all_seats,seat,,Vinashree Vinay Shirodkar,,98,,,latin,local_elections,e0ae2676d62a-dirty,data/goa/2012/panres_2012_Bardez.pdf,6,page,
goa/gp_ward/2012,8cf7f5773087,Goa|2012|gp_ward|North Goa|Bardez|POMBURPA OLAULIM|VII|,1,Goa,2012,North Goa,Bardez,POMBURPA OLAULIM,gram_panchayat,VII,,gp_ward,ward,BC,BC,sc_st_bc,1,BC Woman,OBC Wom,all_seats,seat,,Berta Antonio Almeida,,128,,,latin,local_elections,e0ae2676d62a-dirty,data/goa/2012/panres_2012_Bardez.pdf,7,page,
goa/gp_ward/2012,678af80021e3,Goa|2012|gp_ward|North Goa|Bardez|SIOLIM MARNA|I|,1,Goa,2012,North Goa,Bardez,SIOLIM MARNA,gram_panchayat,I,,gp_ward,ward,BC,BC,sc_st_bc,0,BC Other than Woman,O.B.C.,all_seats,seat,,Vinod Dattaram Paliemkar,,276,,,latin,local_elections,e0ae2676d62a-dirty,data/goa/2012/panres_2012_Bardez.pdf,7,page,
goa/gp_ward/2012,537ada580dd1,Goa|2012|gp_ward|North Goa|Bardez|SIOLIM MARNA|II|,1,Goa,2012,North Goa,Bardez,SIOLIM MARNA,gram_panchayat,II,,gp_ward,ward,NONE,NONE,sc_st_bc,1,Woman,Women,all_seats,seat,,Poonam Fondu Shirodkar,,208,,,latin,local_elections,e0ae2676d62a-dirty,data/goa/2012/panres_2012_Bardez.pdf,7,page,
goa/gp_ward/2012,ea68ff8523e8,Goa|2012|gp_ward|North Goa|Bardez|SIOLIM MARNA|III|,1,Goa,2012,North Goa,Bardez,SIOLIM MARNA,gram_panchayat,III,,gp_ward,ward,NONE,NONE,sc_st_bc,0,Other than Woman,General,all_seats,seat,,Savita Shyam Govekar,,214,,,latin,local_elections,e0ae2676d62a-dirty,data/goa/2012/panres_2012_Bardez.pdf,7,page,
goa/gp_ward/2012,12594a8ae338,Goa|2012|gp_ward|North Goa|Bardez|SIOLIM MARNA|IV|,1,Goa,2012,North Goa,Bardez,SIOLIM MARNA,gram_panchayat,IV,,gp_ward,ward,BC,BC,sc_st_bc,1,BC Woman,OBC Wom,all_seats,seat,,Simpal Chandan Dhargalkar,,479,,,latin,local_elections,e0ae2676d62a-dirty,data/goa/2012/panres_2012_Bardez.pdf,7,page,
goa/gp_ward/2012,913fda5b9761,Goa|2012|gp_ward|North Goa|Bardez|SIOLIM MARNA|V|,1,Goa,2012,North Goa,Bardez,SIOLIM MARNA,gram_panchayat,V,,gp_ward,ward,NONE,NONE,sc_st_bc,0,Other than Woman,General,all_seats,seat,,Digambar Vinayak Agarvadekar,,170,,,latin,local_elections,e0ae2676d62a-dirty,data/goa/2012/panres_2012_Bardez.pdf,7,page,
goa/gp_ward/2012,7b8bebd855e6,Goa|2012|gp_ward|North Goa|Bardez|SIOLIM MARNA|VI|,1,Goa,2012,North Goa,Bardez,SIOLIM MARNA,gram_panchayat,VI,,gp_ward,ward,NONE,NONE,sc_st_bc,0,Other than Woman,General,all_seats,seat,,Alba Ferdinando Sequeira,,285,,,latin,local_elections,e0ae2676d62a-dirty,data/goa/2012/panres_2012_Bardez.pdf,7,page,
goa/gp_ward/2012,97d1a125bbd3,Goa|2012|gp_ward|North Goa|Bardez|SIOLIM MARNA|VII|,1,Goa,2012,North Goa,Bardez,SIOLIM MARNA,gram_panchayat,VII,,gp_ward,ward,NONE,NONE,sc_st_bc,1,Woman,Women,all_seats,seat,,Anita Rajaram Chari,,224,,,latin,local_elections,e0ae2676d62a-dirty,data/goa/2012/panres_2012_Bardez.pdf,7,page,
goa/gp_ward/2012,175a2dde30e6,Goa|2012|gp_ward|North Goa|Bardez|SIOLIM MARNA|VIII|,1,Goa,2012,North Goa,Bardez,SIOLIM MARNA,gram_panchayat,VIII,,gp_ward,ward,BC,BC,sc_st_bc,0,BC Other than Woman,O.B.C.,all_seats,seat,,Joao Baptista Silvestre Benjamin Fernandes,,237,,,latin,local_elections,e0ae2676d62a-dirty,data/goa/2012/panres_2012_Bardez.pdf,7,page,
goa/gp_ward/2012,ad19bfa65eb0,Goa|2012|gp_ward|North Goa|Bardez|SIOLIM MARNA|IX|,1,Goa,2012,North Goa,Bardez,SIOLIM MARNA,gram_panchayat,IX,,gp_ward,ward,NONE,NONE,sc_st_bc,0,Other than Woman,General,all_seats,seat,,Vignesh Gajanan Chodankar,,174,,,latin,local_elections,e0ae2676d62a-dirty,data/goa/2012/panres_2012_Bardez.pdf,7,page,
goa/gp_ward/2012,abba0e283ff3,Goa|2012|gp_ward|North Goa|Bardez|SIOLIM SODIEM|I|,1,Goa,2012,North Goa,Bardez,SIOLIM SODIEM,gram_panchayat,I,,gp_ward,ward,NONE,NONE,sc_st_bc,0,Other than Woman,General,all_seats,seat,,Deepak Shrikant Haldankar,,100,,,latin,local_elections,e0ae2676d62a-dirty,data/goa/2012/panres_2012_Bardez.pdf,7,page,
goa/gp_ward/2012,7adb4cd15714,Goa|2012|gp_ward|North Goa|Bardez|SIOLIM SODIEM|II|,1,Goa,2012,North Goa,Bardez,SIOLIM SODIEM,gram_panchayat,II,,gp_ward,ward,NONE,NONE,sc_st_bc,1,Woman,Women,all_seats,seat,,Vishakha Vikas Goltekar,,103,,,latin,local_elections,e0ae2676d62a-dirty,data/goa/2012/panres_2012_Bardez.pdf,7,page,
goa/gp_ward/2012,f3caf72dfc58,Goa|2012|gp_ward|North Goa|Bardez|SIOLIM SODIEM|III|,1,Goa,2012,North Goa,Bardez,SIOLIM SODIEM,gram_panchayat,III,,gp_ward,ward,BC,BC,sc_st_bc,0,BC Other than Woman,O.B.C.,all_seats,seat,,Nilesh Dina Vaigankar,,95,,,latin,local_elections,e0ae2676d62a-dirty,data/goa/2012/panres_2012_Bardez.pdf,7,page,
goa/gp_ward/2012,ec2dfefa08be,Goa|2012|gp_ward|North Goa|Bardez|SIOLIM SODIEM|IV|,1,Goa,2012,North Goa,Bardez,SIOLIM SODIEM,gram_panchayat,IV,,gp_ward,ward,NONE,NONE,sc_st_bc,0,Other than Woman,General,all_seats,seat,,Dina Vishwanath Goltekar,,127,,,latin,local_elections,e0ae2676d62a-dirty,data/goa/2012/panres_2012_Bardez.pdf,7,page,
goa/gp_ward/2012,12ba370f1d9b,Goa|2012|gp_ward|North Goa|Bardez|SIOLIM SODIEM|V|,1,Goa,2012,North Goa,Bardez,SIOLIM SODIEM,gram_panchayat,V,,gp_ward,ward,BC,BC,sc_st_bc,0,BC Other than Woman,O.B.C.,all_seats,seat,,Devanand Ankush Pednekar,,80,,,latin,local_elections,e0ae2676d62a-dirty,data/goa/2012/panres_2012_Bardez.pdf,7,page,
goa/gp_ward/2012,e70d2698ef97,Goa|2012|gp_ward|North Goa|Bardez|SIOLIM SODIEM|VI|,1,Goa,2012,North Goa,Bardez,SIOLIM SODIEM,gram_panchayat,VI,,gp_ward,ward,BC,BC,sc_st_bc,0,BC Other than Woman,O.B.C.,all_seats,seat,,Amey Raghoba Harmalkar,,110,,,latin,local_elections,e0ae2676d62a-dirty,data/goa/2012/panres_2012_Bardez.pdf,7,page,
goa/gp_ward/2012,7be67ceac60e,Goa|2012|gp_ward|North Goa|Bardez|SIOLIM SODIEM|VII|,1,Goa,2012,North Goa,Bardez,SIOLIM SODIEM,gram_panchayat,VII,,gp_ward,ward,NONE,NONE,sc_st_bc,1,Woman,Women,all_seats,seat,,Deepika Deepak Kalangutkar,,145,,,latin,local_elections,e0ae2676d62a-dirty,data/goa/2012/panres_2012_Bardez.pdf,7,page,
goa/gp_ward/2012,7d55d0404e84,Goa|2012|gp_ward|North Goa|Bardez|SUCCORRO|I|,1,Goa,2012,North Goa,Bardez,SUCCORRO,gram_panchayat,I,,gp_ward,ward,NONE,NONE,sc_st_bc,0,Other than Woman,General,all_seats,seat,,Ditosa Agnelo Lobo,,276,,,latin,local_elections,e0ae2676d62a-dirty,data/goa/2012/panres_2012_Bardez.pdf,7,page,
goa/gp_ward/2012,ae6e4f0ae559,Goa|2012|gp_ward|North Goa|Bardez|SUCCORRO|II|,1,Goa,2012,North Goa,Bardez,SUCCORRO,gram_panchayat,II,,gp_ward,ward,BC,BC,sc_st_bc,1,BC Woman,OBC Wom,all_seats,seat,,Sonia Sanjay Pednekar,,187,,,latin,local_elections,e0ae2676d62a-dirty,data/goa/2012/panres_2012_Bardez.pdf,7,page,
goa/gp_ward/2012,ee09e2cffc8a,Goa|2012|gp_ward|North Goa|Bardez|SUCCORRO|III|,1,Goa,2012,North Goa,Bardez,SUCCORRO,gram_panchayat,III,,gp_ward,ward,NONE,NONE,sc_st_bc,0,Other than Woman,General,all_seats,seat,,Gauresh Prabhakar Morajkar,,176,,,latin,local_elections,e0ae2676d62a-dirty,data/goa/2012/panres_2012_Bardez.pdf,7,page,
goa/gp_ward/2012,28c7ada3ef02,Goa|2012|gp_ward|North Goa|Bardez|SUCCORRO|IV|,1,Goa,2012,North Goa,Bardez,SUCCORRO,gram_panchayat,IV,,gp_ward,ward,NONE,NONE,sc_st_bc,1,Woman,Women,all_seats,seat,,Vaishali Narayan Satardekar,,330,,,latin,local_elections,e0ae2676d62a-dirty,data/goa/2012/panres_2012_Bardez.pdf,7,page,
goa/gp_ward/2012,0f16354905e0,Goa|2012|gp_ward|North Goa|Bardez|SUCCORRO|V|,1,Goa,2012,North Goa,Bardez,SUCCORRO,gram_panchayat,V,,gp_ward,ward,NONE,NONE,sc_st_bc,0,Other than Woman,General,all_seats,seat,,Kartik Sajo Kudnekar,,322,,,latin,local_elections,e0ae2676d62a-dirty,data/goa/2012/panres_2012_Bardez.pdf,7,page,
goa/gp_ward/2012,452471a4806c,Goa|2012|gp_ward|North Goa|Bardez|SUCCORRO|VI|,1,Goa,2012,North Goa,Bardez,SUCCORRO,gram_panchayat,VI,,gp_ward,ward,NONE,NONE,sc_st_bc,0,Other than Woman,General,all_seats,seat,,Anil Vassant Pednekar,,177,,,latin,local_elections,e0ae2676d62a-dirty,data/goa/2012/panres_2012_Bardez.pdf,8,page,
goa/gp_ward/2012,b7e274343d74,Goa|2012|gp_ward|North Goa|Bardez|SUCCORRO|VII|,1,Goa,2012,North Goa,Bardez,SUCCORRO,gram_panchayat,VII,,gp_ward,ward,NONE,NONE,sc_st_bc,1,Woman,Women,all_seats,seat,,Maya Gajanand Keni,,112,,,latin,local_elections,e0ae2676d62a-dirty,data/goa/2012/panres_2012_Bardez.pdf,8,page,
goa/gp_ward/2012,f8e8384280fb,Goa|2012|gp_ward|North Goa|Bardez|SUCCORRO|VIII|,1,Goa,2012,North Goa,Bardez,SUCCORRO,gram_panchayat,VIII,,gp_ward,ward,NONE,NONE,sc_st_bc,0,Other than Woman,General,all_seats,seat,,Shital Sadanand Arolkar,,209,,,latin,local_elections,e0ae2676d62a-dirty,data/goa/2012/panres_2012_Bardez.pdf,8,page,
goa/gp_ward/2012,7c09d7588eb0,Goa|2012|gp_ward|North Goa|Bardez|SUCCORRO|IX|,1,Goa,2012,North Goa,Bardez,SUCCORRO,gram_panchayat,IX,,gp_ward,ward,BC,BC,sc_st_bc,0,BC Other than Woman,O.B.C.,all_seats,seat,,Sandeep Kanta Manjrekar,,146,,,latin,local_elections,e0ae2676d62a-dirty,data/goa/2012/panres_2012_Bardez.pdf,8,page,
goa/gp_ward/2012,b6a80d042465,Goa|2012|gp_ward|North Goa|Bardez|SUCCORRO|X|,1,Goa,2012,North Goa,Bardez,SUCCORRO,gram_panchayat,X,,gp_ward,ward,BC,BC,sc_st_bc,0,BC Other than Woman,O.B.C.,all_seats,seat,,Rajesh Madhukar Kauthankar,,284,,,latin,local_elections,e0ae2676d62a-dirty,data/goa/2012/panres_2012_Bardez.pdf,8,page,
goa/gp_ward/2012,fcaac138d480,Goa|2012|gp_ward|North Goa|Bardez|SUCCORRO|XI|,1,Goa,2012,North Goa,Bardez,SUCCORRO,gram_panchayat,XI,,gp_ward,ward,NONE,NONE,sc_st_bc,1,Woman,Women,all_seats,seat,,Rakshata Rovlu Parsekar,,291,,,latin,local_elections,e0ae2676d62a-dirty,data/goa/2012/panres_2012_Bardez.pdf,8,page,
goa/gp_ward/2012,906747bd9039,Goa|2012|gp_ward|North Goa|Bardez|VERLA CANCA|I|,1,Goa,2012,North Goa,Bardez,VERLA CANCA,gram_panchayat,I,,gp_ward,ward,BC,BC,sc_st_bc,0,BC Other than Woman,O.B.C.,all_seats,seat,,Bala Dinkar Naik,,283,,,latin,local_elections,e0ae2676d62a-dirty,data/goa/2012/panres_2012_Bardez.pdf,8,page,
goa/gp_ward/2012,7c0957fbd91d,Goa|2012|gp_ward|North Goa|Bardez|VERLA CANCA|II|,1,Goa,2012,North Goa,Bardez,VERLA CANCA,gram_panchayat,II,,gp_ward,ward,NONE,NONE,sc_st_bc,1,Woman,Women,all_seats,seat,,Sangeeta Sagar Lingudkar,,225,,,latin,local_elections,e0ae2676d62a-dirty,data/goa/2012/panres_2012_Bardez.pdf,8,page,
goa/gp_ward/2012,41baaef1b913,Goa|2012|gp_ward|North Goa|Bardez|VERLA CANCA|III|,1,Goa,2012,North Goa,Bardez,VERLA CANCA,gram_panchayat,III,,gp_ward,ward,NONE,NONE,sc_st_bc,0,Other than Woman,General,all_seats,seat,,Amita Vassudev Korgaonkar,,353,,,latin,local_elections,e0ae2676d62a-dirty,data/goa/2012/panres_2012_Bardez.pdf,8,page,
goa/gp_ward/2012,732ec530090a,Goa|2012|gp_ward|North Goa|Bardez|VERLA CANCA|IV|,1,Goa,2012,North Goa,Bardez,VERLA CANCA,gram_panchayat,IV,,gp_ward,ward,NONE,NONE,sc_st_bc,1,Woman,Women,all_seats,seat,,Dipali Laxmikant Bicholkar,,278,,,latin,local_elections,e0ae2676d62a-dirty,data/goa/2012/panres_2012_Bardez.pdf,8,page,
goa/gp_ward/2012,c12d3d2e67e1,Goa|2012|gp_ward|North Goa|Bardez|VERLA CANCA|V|,1,Goa,2012,North Goa,Bardez,VERLA CANCA,gram_panchayat,V,,gp_ward,ward,NONE,NONE,sc_st_bc,0,Other than Woman,General,all_seats,seat,,Mohan Vithal Dabhale,,220,,,latin,local_elections,e0ae2676d62a-dirty,data/goa/2012/panres_2012_Bardez.pdf,8,page,
goa/gp_ward/2012,9c6ef6a66137,Goa|2012|gp_ward|North Goa|Bardez|VERLA CANCA|VI|,1,Goa,2012,North Goa,Bardez,VERLA CANCA,gram_panchayat,VI,,gp_ward,ward,BC,BC,sc_st_bc,0,BC Other than Woman,O.B.C.,all_seats,seat,,Milton Olympio Marques,,228,,,latin,local_elections,e0ae2676d62a-dirty,data/goa/2012/panres_2012_Bardez.pdf,8,page,
goa/gp_ward/2012,f45221c93dab,Goa|2012|gp_ward|North Goa|Bardez|VERLA CANCA|VII|,1,Goa,2012,North Goa,Bardez,VERLA CANCA,gram_panchayat,VII,,gp_ward,ward,NONE,NONE,sc_st_bc,1,Woman,Women,all_seats,seat,,Dikshita Digambar Kalangutkar,,255,,,latin,local_elections,e0ae2676d62a-dirty,data/goa/2012/panres_2012_Bardez.pdf,8,page,
goa/gp_ward/2012,94e5fb5a3e13,Goa|2012|gp_ward|North Goa|Bardez|VERLA CANCA|VIII|,1,Goa,2012,North Goa,Bardez,VERLA CANCA,gram_panchayat,VIII,,gp_ward,ward,NONE,NONE,sc_st_bc,0,Other than Woman,General,all_seats,seat,,Ashok Vishwanath Bhaidkar,,95,,,latin,local_elections,e0ae2676d62a-dirty,data/goa/2012/panres_2012_Bardez.pdf,8,page,
goa/gp_ward/2012,97198304a9b1,Goa|2012|gp_ward|North Goa|Bardez|VERLA CANCA|IX|,1,Goa,2012,North Goa,Bardez,VERLA CANCA,gram_panchayat,IX,,gp_ward,ward,NONE,NONE,sc_st_bc,0,Other than Woman,General,all_seats,seat,,Agacio Diogo Pascoal Dsouza,,135,,,latin,local_elections,e0ae2676d62a-dirty,data/goa/2012/panres_2012_Bardez.pdf,8,page,
goa/gp_ward/2012,e52f794dc7b9,Goa|2012|gp_ward|North Goa|Bardez|ALDONA|I|,1,Goa,2012,North Goa,Bardez,ALDONA,gram_panchayat,I,,gp_ward,ward,NONE,NONE,sc_st_bc,0,Other than Woman,General,all_seats,seat,,FREDDY ALEX PONTES,,165,,,latin,local_elections,e0ae2676d62a-dirty,data/goa/2012/panres_2012_Bardez.pdf,8,page,
goa/gp_ward/2012,bd3e2a511442,Goa|2012|gp_ward|North Goa|Bardez|ALDONA|II|,1,Goa,2012,North Goa,Bardez,ALDONA,gram_panchayat,II,,gp_ward,ward,NONE,NONE,sc_st_bc,0,Other than Woman,General,all_seats,seat,,JERRY FELIX ANTHONY NORONHA,,161,,,latin,local_elections,e0ae2676d62a-dirty,data/goa/2012/panres_2012_Bardez.pdf,8,page,
goa/gp_ward/2012,2d3788fbd57e,Goa|2012|gp_ward|North Goa|Bardez|ALDONA|III|,1,Goa,2012,North Goa,Bardez,ALDONA,gram_panchayat,III,,gp_ward,ward,NONE,NONE,sc_st_bc,1,Woman,Women,all_seats,seat,,URSULA ZELIO D'SOUZA,,161,,,latin,local_elections,e0ae2676d62a-dirty,data/goa/2012/panres_2012_Bardez.pdf,8,page,
goa/gp_ward/2012,f985dd7311b1,Goa|2012|gp_ward|North Goa|Bardez|ALDONA|IV|,1,Goa,2012,North Goa,Bardez,ALDONA,gram_panchayat,IV,,gp_ward,ward,NONE,NONE,sc_st_bc,1,Woman,Women,all_seats,seat,,JYOTSNA SIDDESH NAGDE,,212,,,latin,local_elections,e0ae2676d62a-dirty,data/goa/2012/panres_2012_Bardez.pdf,8,page,
goa/gp_ward/2012,00d8cb122374,Goa|2012|gp_ward|North Goa|Bardez|ALDONA|V|,1,Goa,2012,North Goa,Bardez,ALDONA,gram_panchayat,V,,gp_ward,ward,BC,BC,sc_st_bc,0,BC Other than Woman,O.B.C.,all_seats,seat,,HARISH ATMARAM MAYENKAR,,233,,,latin,local_elections,e0ae2676d62a-dirty,data/goa/2012/panres_2012_Bardez.pdf,8,page,
goa/gp_ward/2012,0b1eb8cbf5fc,Goa|2012|gp_ward|North Goa|Bardez|ALDONA|VI|,1,Goa,2012,North Goa,Bardez,ALDONA,gram_panchayat,VI,,gp_ward,ward,NONE,NONE,sc_st_bc,0,Other than Woman,General,all_seats,seat,,TOME JOHN LEO TAVARES,,181,,,latin,local_elections,e0ae2676d62a-dirty,data/goa/2012/panres_2012_Bardez.pdf,8,page,
goa/gp_ward/2012,1e76bf706cbb,Goa|2012|gp_ward|North Goa|Bardez|ALDONA|VII|,1,Goa,2012,North Goa,Bardez,ALDONA,gram_panchayat,VII,,gp_ward,ward,BC,BC,sc_st_bc,1,BC Woman,OBC Wom,all_seats,seat,,UJWALA EKNATH KANDOLKAR,,327,,,latin,local_elections,e0ae2676d62a-dirty,data/goa/2012/panres_2012_Bardez.pdf,8,page,
goa/gp_ward/2012,86f317a1084a,Goa|2012|gp_ward|North Goa|Bardez|ALDONA|VIII|,1,Goa,2012,North Goa,Bardez,ALDONA,gram_panchayat,VIII,,gp_ward,ward,NONE,NONE,sc_st_bc,0,Other than Woman,General,all_seats,seat,,VALLABH SHRIPAD POLLE,,300,,,latin,local_elections,e0ae2676d62a-dirty,data/goa/2012/panres_2012_Bardez.pdf,9,page,
goa/gp_ward/2012,bd0e1833db47,Goa|2012|gp_ward|North Goa|Bardez|ALDONA|IX|,1,Goa,2012,North Goa,Bardez,ALDONA,gram_panchayat,IX,,gp_ward,ward,NONE,NONE,sc_st_bc,0,Other than Woman,General,all_seats,seat,,CHARUDATTA JAGANNATH PANJIKAR,,290,,,latin,local_elections,e0ae2676d62a-dirty,data/goa/2012/panres_2012_Bardez.pdf,9,page,
goa/gp_ward/2012,351cf2d6c9a2,Goa|2012|gp_ward|North Goa|Bardez|ALDONA|X|,1,Goa,2012,North Goa,Bardez,ALDONA,gram_panchayat,X,,gp_ward,ward,NONE,NONE,sc_st_bc,0,Other than Woman,General,all_seats,seat,,DEEPAK DEVU NAIK,,135,,,latin,local_elections,e0ae2676d62a-dirty,data/goa/2012/panres_2012_Bardez.pdf,9,page,
goa/gp_ward/2012,91ebbbc84cc3,Goa|2012|gp_ward|North Goa|Bardez|ALDONA|XI|,1,Goa,2012,North Goa,Bardez,ALDONA,gram_panchayat,XI,,gp_ward,ward,NONE,NONE,sc_st_bc,1,Woman,Women,all_seats,seat,,SANDRA WALTER ROMEO RODRIGUES,,131,,,latin,local_elections,e0ae2676d62a-dirty,data/goa/2012/panres_2012_Bardez.pdf,9,page,
goa/gp_ward/2012,f08c12e62c55,Goa|2012|gp_ward|North Goa|Bardez|ASSNORA|I|,1,Goa,2012,North Goa,Bardez,ASSNORA,gram_panchayat,I,,gp_ward,ward,NONE,NONE,sc_st_bc,0,Other than Woman,General,all_seats,seat,,DYANESHWAR RAGHUVIR KALANGUTKAR,,123,,,latin,local_elections,e0ae2676d62a-dirty,data/goa/2012/panres_2012_Bardez.pdf,9,page,
goa/gp_ward/2012,81b9674ebcc0,Goa|2012|gp_ward|North Goa|Bardez|ASSNORA|II|,1,Goa,2012,North Goa,Bardez,ASSNORA,gram_panchayat,II,,gp_ward,ward,NONE,NONE,sc_st_bc,1,Woman,Women,all_seats,seat,,SAPNA VASUDEV MAPARI,,208,,,latin,local_elections,e0ae2676d62a-dirty,data/goa/2012/panres_2012_Bardez.pdf,9,page,
goa/gp_ward/2012,beb5fe053515,Goa|2012|gp_ward|North Goa|Bardez|ASSNORA|III|,1,Goa,2012,North Goa,Bardez,ASSNORA,gram_panchayat,III,,gp_ward,ward,NONE,NONE,sc_st_bc,0,Other than Woman,General,all_seats,seat,,SAVIO DOMINIC AZAVEDO,,96,,,latin,local_elections,e0ae2676d62a-dirty,data/goa/2012/panres_2012_Bardez.pdf,9,page,
goa/gp_ward/2012,92a4f2edd8c7,Goa|2012|gp_ward|North Goa|Bardez|ASSNORA|IV|,1,Goa,2012,North Goa,Bardez,ASSNORA,gram_panchayat,IV,,gp_ward,ward,NONE,NONE,sc_st_bc,1,Woman,Women,all_seats,seat,,SANJANA SANJIV SALGAONKAR,,140,,,latin,local_elections,e0ae2676d62a-dirty,data/goa/2012/panres_2012_Bardez.pdf,9,page,
goa/gp_ward/2012,cab4ca45f7d1,Goa|2012|gp_ward|North Goa|Bardez|ASSNORA|V|,1,Goa,2012,North Goa,Bardez,ASSNORA,gram_panchayat,V,,gp_ward,ward,NONE,NONE,sc_st_bc,0,Other than Woman,General,all_seats,seat,,BRINDAN GURUDAS KESARKAR,,105,,,latin,local_elections,e0ae2676d62a-dirty,data/goa/2012/panres_2012_Bardez.pdf,9,page,
goa/gp_ward/2012,aff3e9e7ae90,Goa|2012|gp_ward|North Goa|Bardez|ASSNORA|VI|,1,Goa,2012,North Goa,Bardez,ASSNORA,gram_panchayat,VI,,gp_ward,ward,BC,BC,sc_st_bc,0,BC Other than Woman,O.B.C.,all_seats,seat,,PRAVIN ARJUN BUGDE,,216,,,latin,local_elections,e0ae2676d62a-dirty,data/goa/2012/panres_2012_Bardez.pdf,9,page,
goa/gp_ward/2012,1c5243b63f6a,Goa|2012|gp_ward|North Goa|Bardez|ASSNORA|VII|,1,Goa,2012,North Goa,Bardez,ASSNORA,gram_panchayat,VII,,gp_ward,ward,NONE,NONE,sc_st_bc,1,Woman,Women,all_seats,seat,,HEMA SHANKAR NAIK,,129,,,latin,local_elections,e0ae2676d62a-dirty,data/goa/2012/panres_2012_Bardez.pdf,9,page,
goa/gp_ward/2012,61f5039996ab,Goa|2012|gp_ward|North Goa|Bardez|ASSNORA|VIII|,1,Goa,2012,North Goa,Bardez,ASSNORA,gram_panchayat,VIII,,gp_ward,ward,NONE,NONE,sc_st_bc,0,Other than Woman,General,all_seats,seat,,FRANCISVO JERONE VAZ,,206,,,latin,local_elections,e0ae2676d62a-dirty,data/goa/2012/panres_2012_Bardez.pdf,9,page,
goa/gp_ward/2012,dbe0d5cb0c59,Goa|2012|gp_ward|North Goa|Bardez|ASSNORA|IX|,1,Goa,2012,North Goa,Bardez,ASSNORA,gram_panchayat,IX,,gp_ward,ward,NONE,NONE,sc_st_bc,0,Other than Woman,General,all_seats,seat,,MEGHASHYAM BHALCHANDRA CHODANKAR,,132,,,latin,local_elections,e0ae2676d62a-dirty,data/goa/2012/panres_2012_Bardez.pdf,9,page,
goa/gp_ward/2012,6e30c3294eed,Goa|2012|gp_ward|North Goa|Bardez|BASTORA|I|,1,Goa,2012,North Goa,Bardez,BASTORA,gram_panchayat,I,,gp_ward,ward,NONE,NONE,sc_st_bc,0,Other than Woman,General,all_seats,seat,,AMIT ASHOK SOIRU,,120,,,latin,local_elections,e0ae2676d62a-dirty,data/goa/2012/panres_2012_Bardez.pdf,9,page,
goa/gp_ward/2012,528e1900f086,Goa|2012|gp_ward|North Goa|Bardez|BASTORA|II|,1,Goa,2012,North Goa,Bardez,BASTORA,gram_panchayat,II,,gp_ward,ward,BC,BC,sc_st_bc,1,BC Woman,OBC Wom,all_seats,seat,,PRATIKSHA PRABHAKAR MAYEKAR,,200,,,latin,local_elections,e0ae2676d62a-dirty,data/goa/2012/panres_2012_Bardez.pdf,9,page,
goa/gp_ward/2012,c6338748a2a4,Goa|2012|gp_ward|North Goa|Bardez|BASTORA|III|,1,Goa,2012,North Goa,Bardez,BASTORA,gram_panchayat,III,,gp_ward,ward,NONE,NONE,sc_st_bc,0,Other than Woman,General,all_seats,seat,,ROQUE FELIX DOMNIC JOHN MONIZ,,202,,,latin,local_elections,e0ae2676d62a-dirty,data/goa/2012/panres_2012_Bardez.pdf,9,page,
goa/gp_ward/2012,660ba72b0bd0,Goa|2012|gp_ward|North Goa|Bardez|BASTORA|IV|,1,Goa,2012,North Goa,Bardez,BASTORA,gram_panchayat,IV,,gp_ward,ward,NONE,NONE,sc_st_bc,0,Other than Woman,General,all_seats,seat,,SAVIO DAMACIAN MARTIN,,192,,,latin,local_elections,e0ae2676d62a-dirty,data/goa/2012/panres_2012_Bardez.pdf,9,page,
goa/gp_ward/2012,f7d34130e374,Goa|2012|gp_ward|North Goa|Bardez|BASTORA|V|,1,Goa,2012,North Goa,Bardez,BASTORA,gram_panchayat,V,,gp_ward,ward,NONE,NONE,sc_st_bc,0,Other than Woman,General,all_seats,seat,,REEMA SUBASH MORAJKAR,,128,,,latin,local_elections,e0ae2676d62a-dirty,data/goa/2012/panres_2012_Bardez.pdf,10,page,
goa/gp_ward/2012,5a4244759334,Goa|2012|gp_ward|North Goa|Bardez|BASTORA|VI|,1,Goa,2012,North Goa,Bardez,BASTORA,gram_panchayat,VI,,gp_ward,ward,NONE,NONE,sc_st_bc,0,Other than Woman,General,all_seats,seat,,RANJIT RAMA USGAONKAR,,133,,,latin,local_elections,e0ae2676d62a-dirty,data/goa/2012/panres_2012_Bardez.pdf,10,page,
goa/gp_ward/2012,52b7d529b92a,Goa|2012|gp_ward|North Goa|Bardez|BASTORA|VII|,1,Goa,2012,North Goa,Bardez,BASTORA,gram_panchayat,VII,,gp_ward,ward,NONE,NONE,sc_st_bc,1,Woman,Women,all_seats,seat,,RAKHI RAJENDRA NAROJI,,283,,,latin,local_elections,e0ae2676d62a-dirty,data/goa/2012/panres_2012_Bardez.pdf,10,page,
goa/gp_ward/2012,a7b13828f5ed,Goa|2012|gp_ward|North Goa|Bardez|COLVALE|I|,1,Goa,2012,North Goa,Bardez,COLVALE,gram_panchayat,I,,gp_ward,ward,BC,BC,sc_st_bc,0,BC Other than Woman,O.B.C.,all_seats,seat,,KRISHNA CHANDRAKANT AMBRE,,136,,,latin,local_elections,e0ae2676d62a-dirty,data/goa/2012/panres_2012_Bardez.pdf,10,page,
goa/gp_ward/2012,72e1b43e2e28,Goa|2012|gp_ward|North Goa|Bardez|COLVALE|II|,1,Goa,2012,North Goa,Bardez,COLVALE,gram_panchayat,II,,gp_ward,ward,BC,BC,sc_st_bc,1,BC Woman,OBC Wom,all_seats,seat,,FILOMENA VINCENT PAUL,,151,,,latin,local_elections,e0ae2676d62a-dirty,data/goa/2012/panres_2012_Bardez.pdf,10,page,
goa/gp_ward/2012,923d2ac17635,Goa|2012|gp_ward|North Goa|Bardez|COLVALE|III|,1,Goa,2012,North Goa,Bardez,COLVALE,gram_panchayat,III,,gp_ward,ward,BC,BC,sc_st_bc,0,BC Other than Woman,O.B.C.,all_seats,seat,,DASHRATH VISHNU BICHOLKAR,,184,,,latin,local_elections,e0ae2676d62a-dirty,data/goa/2012/panres_2012_Bardez.pdf,10,page,
goa/gp_ward/2012,13fb4fc1154e,Goa|2012|gp_ward|North Goa|Bardez|COLVALE|IV|,1,Goa,2012,North Goa,Bardez,COLVALE,gram_panchayat,IV,,gp_ward,ward,NONE,NONE,sc_st_bc,1,Woman,Women,all_seats,seat,,AMITA KISHOR NAIK,,153,,,latin,local_elections,e0ae2676d62a-dirty,data/goa/2012/panres_2012_Bardez.pdf,10,page,
goa/gp_ward/2012,9a185b426367,Goa|2012|gp_ward|North Goa|Bardez|COLVALE|V|,1,Goa,2012,North Goa,Bardez,COLVALE,gram_panchayat,V,,gp_ward,ward,NONE,NONE,sc_st_bc,0,Other than Woman,General,all_seats,seat,,NILAM MOTIRAM NAIK,,151,,,latin,local_elections,e0ae2676d62a-dirty,data/goa/2012/panres_2012_Bardez.pdf,10,page,
goa/gp_ward/2012,6c69e0d4ca55,Goa|2012|gp_ward|North Goa|Bardez|COLVALE|VI|,1,Goa,2012,North Goa,Bardez,COLVALE,gram_panchayat,VI,,gp_ward,ward,NONE,NONE,sc_st_bc,0,Other than Woman,General,all_seats,seat,,BABANI MADHU SALGAONKAR,,208,,,latin,local_elections,e0ae2676d62a-dirty,data/goa/2012/panres_2012_Bardez.pdf,10,page,
goa/gp_ward/2012,9cb2b846f1b4,Goa|2012|gp_ward|North Goa|Bardez|COLVALE|VII|,1,Goa,2012,North Goa,Bardez,COLVALE,gram_panchayat,VII,,gp_ward,ward,NONE,NONE,sc_st_bc,1,Woman,Women,all_seats,seat,,DEEPIKA DEVIDAS VARKHANDKAR,,247,,,latin,local_elections,e0ae2676d62a-dirty,data/goa/2012/panres_2012_Bardez.pdf,10,page,
goa/gp_ward/2012,bb30780809b5,Goa|2012|gp_ward|North Goa|Bardez|COLVALE|VIII|,1,Goa,2012,North Goa,Bardez,COLVALE,gram_panchayat,VIII,,gp_ward,ward,NONE,NONE,sc_st_bc,0,Other than Woman,General,all_seats,seat,,JAGANNATH TUKARAM CHODANKAR,,192,,,latin,local_elections,e0ae2676d62a-dirty,data/goa/2012/panres_2012_Bardez.pdf,10,page,
goa/gp_ward/2012,e2a8f1d3ff26,Goa|2012|gp_ward|North Goa|Bardez|COLVALE|IX|,1,Goa,2012,North Goa,Bardez,COLVALE,gram_panchayat,IX,,gp_ward,ward,NONE,NONE,sc_st_bc,0,Other than Woman,General,all_seats,seat,,MAHESHWAR SHAMBA CHODANKAR,,122,,,latin,local_elections,e0ae2676d62a-dirty,data/goa/2012/panres_2012_Bardez.pdf,10,page,
goa/gp_ward/2012,ae020a53045c,Goa|2012|gp_ward|North Goa|Bardez|GUIRIM|I|,1,Goa,2012,North Goa,Bardez,GUIRIM,gram_panchayat,I,,gp_ward,ward,NONE,NONE,sc_st_bc,0,Other than Woman,General,all_seats,seat,,SANNY PANDURANG NANODKAR,,136,,,latin,local_elections,e0ae2676d62a-dirty,data/goa/2012/panres_2012_Bardez.pdf,10,page,
goa/gp_ward/2012,eae5705787b9,Goa|2012|gp_ward|North Goa|Bardez|GUIRIM|II|,1,Goa,2012,North Goa,Bardez,GUIRIM,gram_panchayat,II,,gp_ward,ward,NONE,NONE,sc_st_bc,1,Woman,Women,all_seats,seat,,KALPANA UDAY PIRANKAR,,159,,,latin,local_elections,e0ae2676d62a-dirty,data/goa/2012/panres_2012_Bardez.pdf,10,page,
goa/gp_ward/2012,f808bd825281,Goa|2012|gp_ward|North Goa|Bardez|GUIRIM|III|,1,Goa,2012,North Goa,Bardez,GUIRIM,gram_panchayat,III,,gp_ward,ward,NONE,NONE,sc_st_bc,0,Other than Woman,General,all_seats,seat,,RAMA GAJANAN GADEKAR,,160,,,latin,local_elections,e0ae2676d62a-dirty,data/goa/2012/panres_2012_Bardez.pdf,10,page,
goa/gp_ward/2012,40f432cbe234,Goa|2012|gp_ward|North Goa|Bardez|GUIRIM|IV|,1,Goa,2012,North Goa,Bardez,GUIRIM,gram_panchayat,IV,,gp_ward,ward,BC,BC,sc_st_bc,1,BC Woman,OBC Wom,all_seats,seat,,CARMELINA ONGUS MENEZES,,191,,,latin,local_elections,e0ae2676d62a-dirty,data/goa/2012/panres_2012_Bardez.pdf,10,page,
goa/gp_ward/2012,d14322e03a8d,Goa|2012|gp_ward|North Goa|Bardez|GUIRIM|V|,1,Goa,2012,North Goa,Bardez,GUIRIM,gram_panchayat,V,,gp_ward,ward,BC,BC,sc_st_bc,0,BC Other than Woman,O.B.C.,all_seats,seat,,SIDDESH DNYANESHWAR SALGAONKAR,,169,,,latin,local_elections,e0ae2676d62a-dirty,data/goa/2012/panres_2012_Bardez.pdf,10,page,
goa/gp_ward/2012,92f16e629f39,Goa|2012|gp_ward|North Goa|Bardez|GUIRIM|VI|,1,Goa,2012,North Goa,Bardez,GUIRIM,gram_panchayat,VI,,gp_ward,ward,NONE,NONE,sc_st_bc,0,Other than Woman,General,all_seats,seat,,FONDU GOPAL NAIK,,186,,,latin,local_elections,e0ae2676d62a-dirty,data/goa/2012/panres_2012_Bardez.pdf,10,page,
goa/gp_ward/2012,1ff56f748e92,Goa|2012|gp_ward|North Goa|Bardez|GUIRIM|VII|,1,Goa,2012,North Goa,Bardez,GUIRIM,gram_panchayat,VII,,gp_ward,ward,NONE,NONE,sc_st_bc,1,Woman,Women,all_seats,seat,,BINDIYA BABAJI GADEKAR,,136,,,latin,local_elections,e0ae2676d62a-dirty,data/goa/2012/panres_2012_Bardez.pdf,10,page,
goa/gp_ward/2012,34bb8de05314,Goa|2012|gp_ward|North Goa|Bardez|GUIRIM|VIII|,1,Goa,2012,North Goa,Bardez,GUIRIM,gram_panchayat,VIII,,gp_ward,ward,BC,BC,sc_st_bc,0,BC Other than Woman,O.B.C.,all_seats,seat,,SAKHARAM RAJARAM MORAJKAR,,103,,,latin,local_elections,e0ae2676d62a-dirty,data/goa/2012/panres_2012_Bardez.pdf,10,page,
goa/gp_ward/2012,e17243592b5a,Goa|2012|gp_ward|North Goa|Bardez|GUIRIM|IX|,1,Goa,2012,North Goa,Bardez,GUIRIM,gram_panchayat,IX,,gp_ward,ward,NONE,NONE,sc_st_bc,0,Other than Woman,General,all_seats,seat,,CARMELINA ALEXANDER FRANCO,,304,,,latin,local_elections,e0ae2676d62a-dirty,data/goa/2012/panres_2012_Bardez.pdf,11,page,
goa/gp_ward/2012,e93a8ac7b1a1,Goa|2012|gp_ward|North Goa|Bardez|MOIRA|I|,1,Goa,2012,North Goa,Bardez,MOIRA,gram_panchayat,I,,gp_ward,ward,NONE,NONE,sc_st_bc,0,Other than Woman,General,all_seats,seat,,SADANAND SONU RAUL,,195,,,latin,local_elections,e0ae2676d62a-dirty,data/goa/2012/panres_2012_Bardez.pdf,11,page,
goa/gp_ward/2012,8bc83acbb21b,Goa|2012|gp_ward|North Goa|Bardez|MOIRA|II|,1,Goa,2012,North Goa,Bardez,MOIRA,gram_panchayat,II,,gp_ward,ward,NONE,NONE,sc_st_bc,1,Woman,Women,all_seats,seat,,SONIA LAVU THAKUR,,153,,,latin,local_elections,e0ae2676d62a-dirty,data/goa/2012/panres_2012_Bardez.pdf,11,page,
goa/gp_ward/2012,19357d504f03,Goa|2012|gp_ward|North Goa|Bardez|MOIRA|III|,1,Goa,2012,North Goa,Bardez,MOIRA,gram_panchayat,III,,gp_ward,ward,NONE,NONE,sc_st_bc,0,Other than Woman,General,all_seats,seat,,RAGHUVIR DATTARAM BAGKAR,,254,,,latin,local_elections,e0ae2676d62a-dirty,data/goa/2012/panres_2012_Bardez.pdf,11,page,
goa/gp_ward/2012,4ca32b05506f,Goa|2012|gp_ward|North Goa|Bardez|MOIRA|IV|,1,Goa,2012,North Goa,Bardez,MOIRA,gram_panchayat,IV,,gp_ward,ward,NONE,NONE,sc_st_bc,0,Other than Woman,General,all_seats,seat,,SANTOSH RAMDAS CHARI,,86,,,latin,local_elections,e0ae2676d62a-dirty,data/goa/2012/panres_2012_Bardez.pdf,11,page,
goa/gp_ward/2012,0e27d4ed537b,Goa|2012|gp_ward|North Goa|Bardez|MOIRA|V|,1,Goa,2012,North Goa,Bardez,MOIRA,gram_panchayat,V,,gp_ward,ward,NONE,NONE,sc_st_bc,0,Other than Woman,General,all_seats,seat,,OSWALD ALFRED JOHN CORDEIRO,,248,,,latin,local_elections,e0ae2676d62a-dirty,data/goa/2012/panres_2012_Bardez.pdf,11,page,
goa/gp_ward/2012,e5f57e922416,Goa|2012|gp_ward|North Goa|Bardez|MOIRA|VI|,1,Goa,2012,North Goa,Bardez,MOIRA,gram_panchayat,VI,,gp_ward,ward,BC,BC,sc_st_bc,0,BC Other than Woman,O.B.C.,all_seats,seat,,SURYAKANT SHANTARAM BHATLEKAR,,246,,,latin,local_elections,e0ae2676d62a-dirty,data/goa/2012/panres_2012_Bardez.pdf,11,page,
goa/gp_ward/2012,b6f0eab13f32,Goa|2012|gp_ward|North Goa|Bardez|MOIRA|VII|,1,Goa,2012,North Goa,Bardez,MOIRA,gram_panchayat,VII,,gp_ward,ward,NONE,NONE,sc_st_bc,1,Woman,Women,all_seats,seat,,POONAM MANOHAR VOLVOIKAR,,127,,,latin,local_elections,e0ae2676d62a-dirty,data/goa/2012/panres_2012_Bardez.pdf,11,page,
goa/gp_ward/2012,d3f8e78945a2,Goa|2012|gp_ward|North Goa|Bardez|NACHINOLA|I|,1,Goa,2012,North Goa,Bardez,NACHINOLA,gram_panchayat,I,,gp_ward,ward,NONE,NONE,sc_st_bc,0,Other than Woman,General,all_seats,seat,,GOVIND PUNDALIK GOVENKAR,,130,,,latin,local_elections,e0ae2676d62a-dirty,data/goa/2012/panres_2012_Bardez.pdf,11,page,
goa/gp_ward/2012,88946877c689,Goa|2012|gp_ward|North Goa|Bardez|NACHINOLA|II|,1,Goa,2012,North Goa,Bardez,NACHINOLA,gram_panchayat,II,,gp_ward,ward,NONE,NONE,sc_st_bc,1,Woman,Women,all_seats,seat,,DEEPALI DEELIP MADAKAIKAR,,166,,,latin,local_elections,e0ae2676d62a-dirty,data/goa/2012/panres_2012_Bardez.pdf,11,page,
goa/gp_ward/2012,58188ae8554e,Goa|2012|gp_ward|North Goa|Bardez|NACHINOLA|III|,1,Goa,2012,North Goa,Bardez,NACHINOLA,gram_panchayat,III,,gp_ward,ward,NONE,NONE,sc_st_bc,0,Other than Woman,General,all_seats,seat,,FREDDY FRANCISCO FERNANDES,,128,,,latin,local_elections,e0ae2676d62a-dirty,data/goa/2012/panres_2012_Bardez.pdf,11,page,
goa/gp_ward/2012,6f7f717c41c2,Goa|2012|gp_ward|North Goa|Bardez|NACHINOLA|IV|,1,Goa,2012,North Goa,Bardez,NACHINOLA,gram_panchayat,IV,,gp_ward,ward,NONE,NONE,sc_st_bc,0,Other than Woman,General,all_seats,seat,,LAXMAN PANDURANG KERKAR,,122,,,latin,local_elections,e0ae2676d62a-dirty,data/goa/2012/panres_2012_Bardez.pdf,11,page,
goa/gp_ward/2012,83a0f3a23599,Goa|2012|gp_ward|North Goa|Bardez|NACHINOLA|V|,1,Goa,2012,North Goa,Bardez,NACHINOLA,gram_panchayat,V,,gp_ward,ward,NONE,NONE,sc_st_bc,0,Other than Woman,General,all_seats,seat,,MAHENDRANATH KASHINATH GAWAS,,129,,,latin,local_elections,e0ae2676d62a-dirty,data/goa/2012/panres_2012_Bardez.pdf,11,page,
goa/gp_ward/2012,91a9d82c4279,Goa|2012|gp_ward|North Goa|Bardez|NACHINOLA|VI|,1,Goa,2012,North Goa,Bardez,NACHINOLA,gram_panchayat,VI,,gp_ward,ward,NONE,NONE,sc_st_bc,0,Other than Woman,General,all_seats,seat,,KAMLAKANT BABAL NAIK,,86,,,latin,local_elections,e0ae2676d62a-dirty,data/goa/2012/panres_2012_Bardez.pdf,11,page,
goa/gp_ward/2012,facdf1951afc,Goa|2012|gp_ward|North Goa|Bardez|NACHINOLA|VII|,1,Goa,2012,North Goa,Bardez,NACHINOLA,gram_panchayat,VII,,gp_ward,ward,BC,BC,sc_st_bc,1,BC Woman,OBC Wom,all_seats,seat,,SANJANA SUNIL KAMBLI,,97,,,latin,local_elections,e0ae2676d62a-dirty,data/goa/2012/panres_2012_Bardez.pdf,11,page,
goa/gp_ward/2012,8d88c457b24d,Goa|2012|gp_ward|North Goa|Bardez|NADORA|I|,1,Goa,2012,North Goa,Bardez,NADORA,gram_panchayat,I,,gp_ward,ward,NONE,NONE,sc_st_bc,0,Other than Woman,General,all_seats,seat,,BHIKAJI BABLI KALANGUTKAR,,86,,,latin,local_elections,e0ae2676d62a-dirty,data/goa/2012/panres_2012_Bardez.pdf,11,page,
goa/gp_ward/2012,f0e89311cc2f,Goa|2012|gp_ward|North Goa|Bardez|NADORA|II|,1,Goa,2012,North Goa,Bardez,NADORA,gram_panchayat,II,,gp_ward,ward,NONE,NONE,sc_st_bc,1,Woman,Women,all_seats,seat,,SHOBHA ANKUSH GAWAS,,86,,,latin,local_elections,e0ae2676d62a-dirty,data/goa/2012/panres_2012_Bardez.pdf,11,page,
goa/gp_ward/2012,37e672614359,Goa|2012|gp_ward|North Goa|Bardez|NADORA|III|,1,Goa,2012,North Goa,Bardez,NADORA,gram_panchayat,III,,gp_ward,ward,NONE,NONE,sc_st_bc,0,Other than Woman,General,all_seats,seat,,KAMLAKAR LAXIMAN GAWAS,,138,,,latin,local_elections,e0ae2676d62a-dirty,data/goa/2012/panres_2012_Bardez.pdf,11,page,
goa/gp_ward/2012,e4584c3fc3e1,Goa|2012|gp_ward|North Goa|Bardez|NADORA|IV|,1,Goa,2012,North Goa,Bardez,NADORA,gram_panchayat,IV,,gp_ward,ward,BC,BC,sc_st_bc,0,BC Other than Woman,O.B.C.,all_seats,seat,,MADHURA MADHU MANDREKAR,,133,,,latin,local_elections,e0ae2676d62a-dirty,data/goa/2012/panres_2012_Bardez.pdf,11,page,
goa/gp_ward/2012,c5fcdaa8a0f8,Goa|2012|gp_ward|North Goa|Bardez|NADORA|V|,1,Goa,2012,North Goa,Bardez,NADORA,gram_panchayat,V,,gp_ward,ward,NONE,NONE,sc_st_bc,1,Woman,Women,all_seats,seat,,PARVATI MAHADEV GAWAS,,127,,,latin,local_elections,e0ae2676d62a-dirty,data/goa/2012/panres_2012_Bardez.pdf,12,page,
goa/gp_ward/2012,695b9d6f52e4,Goa|2012|gp_ward|North Goa|Bardez|PIRNA|I|,1,Goa,2012,North Goa,Bardez,PIRNA,gram_panchayat,I,,gp_ward,ward,NONE,NONE,sc_st_bc,0,Other than Woman,General,all_seats,seat,,GOVIND ATMARAM KUBAL,,128,,,latin,local_elections,e0ae2676d62a-dirty,data/goa/2012/panres_2012_Bardez.pdf,12,page,
goa/gp_ward/2012,160027e782e4,Goa|2012|gp_ward|North Goa|Bardez|PIRNA|II|,1,Goa,2012,North Goa,Bardez,PIRNA,gram_panchayat,II,,gp_ward,ward,NONE,NONE,sc_st_bc,1,Woman,Women,all_seats,seat,,BERNADIN NARLISO LOBO,,205,,,latin,local_elections,e0ae2676d62a-dirty,data/goa/2012/panres_2012_Bardez.pdf,12,page,
goa/gp_ward/2012,6537a7b71ef0,Goa|2012|gp_ward|North Goa|Bardez|PIRNA|III|,1,Goa,2012,North Goa,Bardez,PIRNA,gram_panchayat,III,,gp_ward,ward,BC,BC,sc_st_bc,0,BC Other than Woman,O.B.C.,all_seats,seat,,SURENDRA EKNATH CHARI,,129,,,latin,local_elections,e0ae2676d62a-dirty,data/goa/2012/panres_2012_Bardez.pdf,12,page,
goa/gp_ward/2012,d2c93244ddb6,Goa|2012|gp_ward|North Goa|Bardez|PIRNA|IV|,1,Goa,2012,North Goa,Bardez,PIRNA,gram_panchayat,IV,,gp_ward,ward,NONE,NONE,sc_st_bc,0,Other than Woman,General,all_seats,seat,,SHIVNATH LAXMAN PINGE,,95,,,latin,local_elections,e0ae2676d62a-dirty,data/goa/2012/panres_2012_Bardez.pdf,12,page,
goa/gp_ward/2012,90df9a67a49b,Goa|2012|gp_ward|North Goa|Bardez|PIRNA|V|,1,Goa,2012,North Goa,Bardez,PIRNA,gram_panchayat,V,,gp_ward,ward,NONE,NONE,sc_st_bc,0,Other than Woman,General,all_seats,seat,,GOPAL YESHWANT NAIK,,101,,,latin,local_elections,e0ae2676d62a-dirty,data/goa/2012/panres_2012_Bardez.pdf,12,page,
goa/gp_ward/2012,acbe549b1dc3,Goa|2012|gp_ward|North Goa|Bardez|PIRNA|VI|,1,Goa,2012,North Goa,Bardez,PIRNA,gram_panchayat,VI,,gp_ward,ward,NONE,NONE,sc_st_bc,0,Other than Woman,General,all_seats,seat,,DINESH UTTAM KHALAP,,78,,,latin,local_elections,e0ae2676d62a-dirty,data/goa/2012/panres_2012_Bardez.pdf,12,page,
goa/gp_ward/2012,236e544ba6c9,Goa|2012|gp_ward|North Goa|Bardez|PIRNA|VII|,1,Goa,2012,North Goa,Bardez,PIRNA,gram_panchayat,VII,,gp_ward,ward,NONE,NONE,sc_st_bc,1,Woman,Women,all_seats,seat,,POONAM PRAKASH SAWANT,,112,,,latin,local_elections,e0ae2676d62a-dirty,data/goa/2012/panres_2012_Bardez.pdf,12,page,
goa/gp_ward/2012,cda8ad4efccb,Goa|2012|gp_ward|North Goa|Bardez|REVORA|I|,1,Goa,2012,North Goa,Bardez,REVORA,gram_panchayat,I,,gp_ward,ward,NONE,NONE,sc_st_bc,0,Other than Woman,General,all_seats,seat,,UMESH SADANAND GAONKAR,,123,,,latin,local_elections,e0ae2676d62a-dirty,data/goa/2012/panres_2012_Bardez.pdf,12,page,
goa/gp_ward/2012,8b20503da35a,Goa|2012|gp_ward|North Goa|Bardez|REVORA|II|,1,Goa,2012,North Goa,Bardez,REVORA,gram_panchayat,II,,gp_ward,ward,NONE,NONE,sc_st_bc,1,Woman,Women,all_seats,seat,,SHANTI SIDDHARTH MAYENKAR,,120,,,latin,local_elections,e0ae2676d62a-dirty,data/goa/2012/panres_2012_Bardez.pdf,12,page,
goa/gp_ward/2012,3e473fa901a2,Goa|2012|gp_ward|North Goa|Bardez|REVORA|III|,1,Goa,2012,North Goa,Bardez,REVORA,gram_panchayat,III,,gp_ward,ward,NONE,NONE,sc_st_bc,0,Other than Woman,General,all_seats,seat,,ARJUN KASHINATH KAUTHANKAR,,100,,,latin,local_elections,e0ae2676d62a-dirty,data/goa/2012/panres_2012_Bardez.pdf,12,page,
goa/gp_ward/2012,5aed4769e0b6,Goa|2012|gp_ward|North Goa|Bardez|REVORA|IV|,1,Goa,2012,North Goa,Bardez,REVORA,gram_panchayat,IV,,gp_ward,ward,NONE,NONE,sc_st_bc,0,Other than Woman,General,all_seats,seat,,SATISH NAKUL HARMALKAR,,137,,,latin,local_elections,e0ae2676d62a-dirty,data/goa/2012/panres_2012_Bardez.pdf,12,page,
goa/gp_ward/2012,c65afa266fc7,Goa|2012|gp_ward|North Goa|Bardez|REVORA|V|,1,Goa,2012,North Goa,Bardez,REVORA,gram_panchayat,V,,gp_ward,ward,BC,BC,sc_st_bc,0,BC Other than Woman,O.B.C.,all_seats,seat,,SADANAND TUKARAM BAGKAR,,173,,,latin,local_elections,e0ae2676d62a-dirty,data/goa/2012/panres_2012_Bardez.pdf,12,page,
goa/gp_ward/2012,52bb36b4cff3,Goa|2012|gp_ward|North Goa|Bardez|REVORA|VI|,1,Goa,2012,North Goa,Bardez,REVORA,gram_panchayat,VI,,gp_ward,ward,NONE,NONE,sc_st_bc,0,Other than Woman,General,all_seats,seat,,VALLABH JAYARAM FADTE,,69,,,latin,local_elections,e0ae2676d62a-dirty,data/goa/2012/panres_2012_Bardez.pdf,12,page,
goa/gp_ward/2012,3cc4e23fa4e3,Goa|2012|gp_ward|North Goa|Bardez|REVORA|VII|,1,Goa,2012,North Goa,Bardez,REVORA,gram_panchayat,VII,,gp_ward,ward,NONE,NONE,sc_st_bc,1,Woman,Women,all_seats,seat,,JANHAVI JAGANNATH MANDREKAR,,112,,,latin,local_elections,e0ae2676d62a-dirty,data/goa/2012/panres_2012_Bardez.pdf,12,page,
goa/gp_ward/2012,26358ec0e105,Goa|2012|gp_ward|North Goa|Bardez|SIRSAIM|I|,1,Goa,2012,North Goa,Bardez,SIRSAIM,gram_panchayat,I,,gp_ward,ward,NONE,NONE,sc_st_bc,0,Other than Woman,General,all_seats,seat,,LAXMIKANT MADHUKAR PARAB,,116,,,latin,local_elections,e0ae2676d62a-dirty,data/goa/2012/panres_2012_Bardez.pdf,12,page,
goa/gp_ward/2012,3dd9ede068f9,Goa|2012|gp_ward|North Goa|Bardez|SIRSAIM|II|,1,Goa,2012,North Goa,Bardez,SIRSAIM,gram_panchayat,II,,gp_ward,ward,NONE,NONE,sc_st_bc,1,Woman,Women,all_seats,seat,,JYOTI KASHINATH SIRSAIKAR,,69,,,latin,local_elections,e0ae2676d62a-dirty,data/goa/2012/panres_2012_Bardez.pdf,12,page,
goa/gp_ward/2012,dabc1e036984,Goa|2012|gp_ward|North Goa|Bardez|SIRSAIM|III|,1,Goa,2012,North Goa,Bardez,SIRSAIM,gram_panchayat,III,,gp_ward,ward,NONE,NONE,sc_st_bc,0,Other than Woman,General,all_seats,seat,,GOKULDAS SHANTARAM KANOLKAR,,132,,,latin,local_elections,e0ae2676d62a-dirty,data/goa/2012/panres_2012_Bardez.pdf,12,page,
goa/gp_ward/2012,9ae54b7d8649,Goa|2012|gp_ward|North Goa|Bardez|SIRSAIM|IV|,1,Goa,2012,North Goa,Bardez,SIRSAIM,gram_panchayat,IV,,gp_ward,ward,BC,BC,sc_st_bc,0,BC Other than Woman,O.B.C.,all_seats,seat,,RAJARAM PANDURANG PARSEKAR,,75,,,latin,local_elections,e0ae2676d62a-dirty,data/goa/2012/panres_2012_Bardez.pdf,12,page,
goa/gp_ward/2012,f09547f0d89a,Goa|2012|gp_ward|North Goa|Bardez|SIRSAIM|V|,1,Goa,2012,North Goa,Bardez,SIRSAIM,gram_panchayat,V,,gp_ward,ward,BC,BC,sc_st_bc,0,BC Other than Woman,O.B.C.,all_seats,seat,,ANAND SAHADEV TEMKAR,,128,,,latin,local_elections,e0ae2676d62a-dirty,data/goa/2012/panres_2012_Bardez.pdf,13,page,
goa/gp_ward/2012,b892c48945de,Goa|2012|gp_ward|North Goa|Bardez|SIRSAIM|VI|,1,Goa,2012,North Goa,Bardez,SIRSAIM,gram_panchayat,VI,,gp_ward,ward,NONE,NONE,sc_st_bc,0,Other than Woman,General,all_seats,seat,,DINESH DIGAMBAR FADTE,,38,,,latin,local_elections,e0ae2676d62a-dirty,data/goa/2012/panres_2012_Bardez.pdf,13,page,
goa/gp_ward/2012,3559979292fc,Goa|2012|gp_ward|North Goa|Bardez|SIRSAIM|VII|,1,Goa,2012,North Goa,Bardez,SIRSAIM,gram_panchayat,VII,,gp_ward,ward,NONE,NONE,sc_st_bc,1,Woman,Women,all_seats,seat,,MARIA ROSA BENICIA SIMPLICIO DE OLIVEIRA,,91,,,latin,local_elections,e0ae2676d62a-dirty,data/goa/2012/panres_2012_Bardez.pdf,13,page,
goa/gp_ward/2012,900f49ec65be,Goa|2012|gp_ward|North Goa|Bardez|TIVIM|I|,1,Goa,2012,North Goa,Bardez,TIVIM,gram_panchayat,I,,gp_ward,ward,NONE,NONE,sc_st_bc,0,Other than Woman,General,all_seats,seat,,ARJUN SHIVA AROSKAR,,433,,,latin,local_elections,e0ae2676d62a-dirty,data/goa/2012/panres_2012_Bardez.pdf,13,page,
goa/gp_ward/2012,8b2482a6393d,Goa|2012|gp_ward|North Goa|Bardez|TIVIM|II|,1,Goa,2012,North Goa,Bardez,TIVIM,gram_panchayat,II,,gp_ward,ward,NONE,NONE,sc_st_bc,1,Woman,Women,all_seats,seat,,ERZILA PHILOMENA MICHAEL FERNANDES,,183,,,latin,local_elections,e0ae2676d62a-dirty,data/goa/2012/panres_2012_Bardez.pdf,13,page,
goa/gp_ward/2012,12df4910850b,Goa|2012|gp_ward|North Goa|Bardez|TIVIM|III|,1,Goa,2012,North Goa,Bardez,TIVIM,gram_panchayat,III,,gp_ward,ward,BC,BC,sc_st_bc,0,BC Other than Woman,O.B.C.,all_seats,seat,,SANDEEP DIGAMBAR KAVTHANKAR,,305,,,latin,local_elections,e0ae2676d62a-dirty,data/goa/2012/panres_2012_Bardez.pdf,13,page,
goa/gp_ward/2012,a572bcd45f74,Goa|2012|gp_ward|North Goa|Bardez|TIVIM|IV|,1,Goa,2012,North Goa,Bardez,TIVIM,gram_panchayat,IV,,gp_ward,ward,NONE,NONE,sc_st_bc,1,Woman,Women,all_seats,seat,,SHARANEGAL JOSE SANTAN D’SOUZA,,132,,,latin,local_elections,e0ae2676d62a-dirty,data/goa/2012/panres_2012_Bardez.pdf,13,page,
goa/gp_ward/2012,8a6858fd8c8d,Goa|2012|gp_ward|North Goa|Bardez|TIVIM|V|,1,Goa,2012,North Goa,Bardez,TIVIM,gram_panchayat,V,,gp_ward,ward,NONE,NONE,sc_st_bc,0,Other than Woman,General,all_seats,seat,,MAHESH NARAYAN DHOND,,131,,,latin,local_elections,e0ae2676d62a-dirty,data/goa/2012/panres_2012_Bardez.pdf,13,page,
goa/gp_ward/2012,b51200d02205,Goa|2012|gp_ward|North Goa|Bardez|TIVIM|VI|,1,Goa,2012,North Goa,Bardez,TIVIM,gram_panchayat,VI,,gp_ward,ward,BC,BC,sc_st_bc,0,BC Other than Woman,O.B.C.,all_seats,seat,,SHIVDAS TUKARAM KAMBLI,,114,,,latin,local_elections,e0ae2676d62a-dirty,data/goa/2012/panres_2012_Bardez.pdf,13,page,
goa/gp_ward/2012,4316e4f4a7f8,Goa|2012|gp_ward|North Goa|Bardez|TIVIM|VII|,1,Goa,2012,North Goa,Bardez,TIVIM,gram_panchayat,VII,,gp_ward,ward,NONE,NONE,sc_st_bc,1,Woman,Women,all_seats,seat,,MILAN PANDURANG NAIK,,157,,,latin,local_elections,e0ae2676d62a-dirty,data/goa/2012/panres_2012_Bardez.pdf,13,page,
goa/gp_ward/2012,40abaf149a6f,Goa|2012|gp_ward|North Goa|Bardez|TIVIM|VIII|,1,Goa,2012,North Goa,Bardez,TIVIM,gram_panchayat,VIII,,gp_ward,ward,NONE,NONE,sc_st_bc,0,Other than Woman,General,all_seats,seat,,TULSHIDAS APA SHINDE,,129,,,latin,local_elections,e0ae2676d62a-dirty,data/goa/2012/panres_2012_Bardez.pdf,13,page,
goa/gp_ward/2012,8e1adb71d381,Goa|2012|gp_ward|North Goa|Bardez|TIVIM|IX|,1,Goa,2012,North Goa,Bardez,TIVIM,gram_panchayat,IX,,gp_ward,ward,NONE,NONE,sc_st_bc,0,Other than Woman,General,all_seats,seat,,VITTHAL NARAYAN VAIGANKAR,,280,,,latin,local_elections,e0ae2676d62a-dirty,data/goa/2012/panres_2012_Bardez.pdf,13,page,
goa/gp_ward/2012,5813e875fc0b,Goa|2012|gp_ward|North Goa|Bardez|UCASSAIM/PALE /PUNOLA|I|,1,Goa,2012,North Goa,Bardez,UCASSAIM/PALE /PUNOLA,gram_panchayat,I,,gp_ward,ward,NONE,NONE,sc_st_bc,0,Other than Woman,General,all_seats,seat,,RAJESH KESHAV DABALE,,94,,,latin,local_elections,e0ae2676d62a-dirty,data/goa/2012/panres_2012_Bardez.pdf,13,page,
goa/gp_ward/2012,229732bf69c6,Goa|2012|gp_ward|North Goa|Bardez|UCASSAIM/PALE /PUNOLA|II|,1,Goa,2012,North Goa,Bardez,UCASSAIM/PALE /PUNOLA,gram_panchayat,II,,gp_ward,ward,BC,BC,sc_st_bc,1,BC Woman,OBC Wom,all_seats,seat,,KANTI BHIIKAJI KANOLKAR,,Unopposed,,,latin,local_elections,e0ae2676d62a-dirty,data/goa/2012/panres_2012_Bardez.pdf,13,page,
goa/gp_ward/2012,f0d69376915c,Goa|2012|gp_ward|North Goa|Bardez|UCASSAIM/PALE /PUNOLA|III|,1,Goa,2012,North Goa,Bardez,UCASSAIM/PALE /PUNOLA,gram_panchayat,III,,gp_ward,ward,NONE,NONE,sc_st_bc,0,Other than Woman,General,all_seats,seat,,GEORGE BALBINO D'SOUZA,,77,,,latin,local_elections,e0ae2676d62a-dirty,data/goa/2012/panres_2012_Bardez.pdf,13,page,
goa/gp_ward/2012,e6c89401f8c7,Goa|2012|gp_ward|North Goa|Bardez|UCASSAIM/PALE /PUNOLA|IV|,1,Goa,2012,North Goa,Bardez,UCASSAIM/PALE /PUNOLA,gram_panchayat,IV,,gp_ward,ward,BC,BC,sc_st_bc,0,BC Other than Woman,O.B.C.,all_seats,seat,,SHUBANAND VINAYAK MANDREKAR,,124,,,latin,local_elections,e0ae2676d62a-dirty,data/goa/2012/panres_2012_Bardez.pdf,13,page,
goa/gp_ward/2012,eca0fa74d3a4,Goa|2012|gp_ward|North Goa|Bardez|UCASSAIM/PALE /PUNOLA|V|,1,Goa,2012,North Goa,Bardez,UCASSAIM/PALE /PUNOLA,gram_panchayat,V,,gp_ward,ward,BC,BC,sc_st_bc,0,BC Other than Woman,O.B.C.,all_seats,seat,,ANAND SHAMSUNDAR GADEKAR,,95,,,latin,local_elections,e0ae2676d62a-dirty,data/goa/2012/panres_2012_Bardez.pdf,13,page,
goa/gp_ward/2012,19d8e55bb168,Goa|2012|gp_ward|North Goa|Bardez|UCASSAIM/PALE /PUNOLA|VI|,1,Goa,2012,North Goa,Bardez,UCASSAIM/PALE /PUNOLA,gram_panchayat,VI,,gp_ward,ward,NONE,NONE,sc_st_bc,0,Other than Woman,General,all_seats,seat,,VIRENDRA S. VASUDEV SALGAONKAR,,189,,,latin,local_elections,e0ae2676d62a-dirty,data/goa/2012/panres_2012_Bardez.pdf,13,page,
goa/gp_ward/2012,60a2f9e216be,Goa|2012|gp_ward|North Goa|Bardez|UCASSAIM/PALE /PUNOLA|VII|,1,Goa,2012,North Goa,Bardez,UCASSAIM/PALE /PUNOLA,gram_panchayat,VII,,gp_ward,ward,NONE,NONE,sc_st_bc,1,Woman,Women,all_seats,seat,,GAURAVI GAURESH MADGAONKAR,,142,,,latin,local_elections,e0ae2676d62a-dirty,data/goa/2012/panres_2012_Bardez.pdf,13,page,
goa/gp_ward/2012,111f39d0e181,Goa|2012|gp_ward|North Goa|Bicholim|ADVALPAL|I|,1,Goa,2012,North Goa,Bicholim,ADVALPAL,gram_panchayat,I,,gp_ward,ward,NONE,NONE,sc_st_bc,0,Other than Woman,General,all_seats,seat,,Dilip Harichandra Gaonkar,,52,,,latin,local_elections,e0ae2676d62a-dirty,data/goa/2012/panres_2012_Bicholim.pdf,1,page,
goa/gp_ward/2012,368ee36be65f,Goa|2012|gp_ward|North Goa|Bicholim|ADVALPAL|II|,1,Goa,2012,North Goa,Bicholim,ADVALPAL,gram_panchayat,II,,gp_ward,ward,NONE,NONE,sc_st_bc,1,Woman,Women,all_seats,seat,,Deepali Vithal Gaonkar,,113,,,latin,local_elections,e0ae2676d62a-dirty,data/goa/2012/panres_2012_Bicholim.pdf,1,page,
goa/gp_ward/2012,e6fd9ea6a5ba,Goa|2012|gp_ward|North Goa|Bicholim|ADVALPAL|III|,1,Goa,2012,North Goa,Bicholim,ADVALPAL,gram_panchayat,III,,gp_ward,ward,NONE,NONE,sc_st_bc,0,Other than Woman,General,all_seats,seat,,Gajanan Ramakant Palkar,,106,,,latin,local_elections,e0ae2676d62a-dirty,data/goa/2012/panres_2012_Bicholim.pdf,1,page,
goa/gp_ward/2012,517d51744638,Goa|2012|gp_ward|North Goa|Bicholim|ADVALPAL|IV|,1,Goa,2012,North Goa,Bicholim,ADVALPAL,gram_panchayat,IV,,gp_ward,ward,NONE,NONE,sc_st_bc,0,Other than Woman,General,all_seats,seat,,Vishwanath Narayan Naik,,88,,,latin,local_elections,e0ae2676d62a-dirty,data/goa/2012/panres_2012_Bicholim.pdf,1,page,
goa/gp_ward/2012,79384941ec53,Goa|2012|gp_ward|North Goa|Bicholim|ADVALPAL|V|,1,Goa,2012,North Goa,Bicholim,ADVALPAL,gram_panchayat,V,,gp_ward,ward,BC,BC,sc_st_bc,1,BC Woman,OBC Wom,all_seats,seat,,Lakshata Laximan Desai,,125,,,latin,local_elections,e0ae2676d62a-dirty,data/goa/2012/panres_2012_Bicholim.pdf,1,page,
goa/gp_ward/2012,38af241b0d88,Goa|2012|gp_ward|North Goa|Bicholim|LATAMBARCEM|I|,1,Goa,2012,North Goa,Bicholim,LATAMBARCEM,gram_panchayat,I,,gp_ward,ward,BC,BC,sc_st_bc,0,BC Other than Woman,O.B.C.,all_seats,seat,,Anant Mangesh Kanolkar,,193,,,latin,local_elections,e0ae2676d62a-dirty,data/goa/2012/panres_2012_Bicholim.pdf,1,page,
goa/gp_ward/2012,1581590ea2d3,Goa|2012|gp_ward|North Goa|Bicholim|LATAMBARCEM|II|,1,Goa,2012,North Goa,Bicholim,LATAMBARCEM,gram_panchayat,II,,gp_ward,ward,NONE,NONE,sc_st_bc,1,Woman,Women,all_seats,seat,,Damini Dilip Gawas,,127,,,latin,local_elections,e0ae2676d62a-dirty,data/goa/2012/panres_2012_Bicholim.pdf,1,page,
goa/gp_ward/2012,5dab24a8d09f,Goa|2012|gp_ward|North Goa|Bicholim|LATAMBARCEM|III|,1,Goa,2012,North Goa,Bicholim,LATAMBARCEM,gram_panchayat,III,,gp_ward,ward,NONE,NONE,sc_st_bc,0,Other than Woman,General,all_seats,seat,,Padmakar Arjun Malik,,313,,,latin,local_elections,e0ae2676d62a-dirty,data/goa/2012/panres_2012_Bicholim.pdf,1,page,
goa/gp_ward/2012,6e37836115ce,Goa|2012|gp_ward|North Goa|Bicholim|LATAMBARCEM|IV|,1,Goa,2012,North Goa,Bicholim,LATAMBARCEM,gram_panchayat,IV,,gp_ward,ward,NONE,NONE,sc_st_bc,1,Woman,Women,all_seats,seat,,Manda Mahadev Ghadi,,153,,,latin,local_elections,e0ae2676d62a-dirty,data/goa/2012/panres_2012_Bicholim.pdf,1,page,
goa/gp_ward/2012,1a6cabc91412,Goa|2012|gp_ward|North Goa|Bicholim|LATAMBARCEM|V|,1,Goa,2012,North Goa,Bicholim,LATAMBARCEM,gram_panchayat,V,,gp_ward,ward,NONE,NONE,sc_st_bc,0,Other than Woman,General,all_seats,seat,,Vishnu Pundalik Ghadi,,171,,,latin,local_elections,e0ae2676d62a-dirty,data/goa/2012/panres_2012_Bicholim.pdf,1,page,
goa/gp_ward/2012,45dd1ad63192,Goa|2012|gp_ward|North Goa|Bicholim|LATAMBARCEM|VI|,1,Goa,2012,North Goa,Bicholim,LATAMBARCEM,gram_panchayat,VI,,gp_ward,ward,NONE,NONE,sc_st_bc,0,Other than Woman,General,all_seats,seat,,Bablo Hari Gaonkar,,153,,,latin,local_elections,e0ae2676d62a-dirty,data/goa/2012/panres_2012_Bicholim.pdf,1,page,
goa/gp_ward/2012,39ee22a0d944,Goa|2012|gp_ward|North Goa|Bicholim|LATAMBARCEM|VII|,1,Goa,2012,North Goa,Bicholim,LATAMBARCEM,gram_panchayat,VII,,gp_ward,ward,NONE,NONE,sc_st_bc,1,Woman,Women,all_seats,seat,,Shakutalabai Babasaheb Rane,,228,,,latin,local_elections,e0ae2676d62a-dirty,data/goa/2012/panres_2012_Bicholim.pdf,1,page,
goa/gp_ward/2012,a41d7acda97c,Goa|2012|gp_ward|North Goa|Bicholim|LATAMBARCEM|VIII|,1,Goa,2012,North Goa,Bicholim,LATAMBARCEM,gram_panchayat,VIII,,gp_ward,ward,BC,BC,sc_st_bc,0,BC Other than Woman,O.B.C.,all_seats,seat,,Mahesh Nilkhant Chari,,293,,,latin,local_elections,e0ae2676d62a-dirty,data/goa/2012/panres_2012_Bicholim.pdf,1,page,
goa/gp_ward/2012,df01b9635a71,Goa|2012|gp_ward|North Goa|Bicholim|LATAMBARCEM|IX|,1,Goa,2012,North Goa,Bicholim,LATAMBARCEM,gram_panchayat,IX,,gp_ward,ward,NONE,NONE,sc_st_bc,0,Other than Woman,General,all_seats,seat,,Babasaheb Krishnarao Rane,,236,,,latin,local_elections,e0ae2676d62a-dirty,data/goa/2012/panres_2012_Bicholim.pdf,1,page,
goa/gp_ward/2012,d643bf378a64,Goa|2012|gp_ward|North Goa|Bicholim|MAYEM-VAIGINIM|I|,1,Goa,2012,North Goa,Bicholim,MAYEM-VAIGINIM,gram_panchayat,I,,gp_ward,ward,NONE,NONE,sc_st_bc,0,Other than Woman,General,all_seats,seat,,Sanjay Sitaram Arondekar,,438,,,latin,local_elections,e0ae2676d62a-dirty,data/goa/2012/panres_2012_Bicholim.pdf,1,page,
goa/gp_ward/2012,1b5f2399b7c4,Goa|2012|gp_ward|North Goa|Bicholim|MAYEM-VAIGINIM|II|,1,Goa,2012,North Goa,Bicholim,MAYEM-VAIGINIM,gram_panchayat,II,,gp_ward,ward,NONE,NONE,sc_st_bc,0,Other than Woman,General,all_seats,seat,,Kishor Shankar Karbotkar,,228,,,latin,local_elections,e0ae2676d62a-dirty,data/goa/2012/panres_2012_Bicholim.pdf,1,page,
goa/gp_ward/2012,57b7ca445c14,Goa|2012|gp_ward|North Goa|Bicholim|MAYEM-VAIGINIM|III|,1,Goa,2012,North Goa,Bicholim,MAYEM-VAIGINIM,gram_panchayat,III,,gp_ward,ward,NONE,NONE,sc_st_bc,1,Woman,Women,all_seats,seat,,Urvi Gopinath Masurkar,,145,,,latin,local_elections,e0ae2676d62a-dirty,data/goa/2012/panres_2012_Bicholim.pdf,1,page,
goa/gp_ward/2012,f39be7846b65,Goa|2012|gp_ward|North Goa|Bicholim|MAYEM-VAIGINIM|IV|,1,Goa,2012,North Goa,Bicholim,MAYEM-VAIGINIM,gram_panchayat,IV,,gp_ward,ward,NONE,NONE,sc_st_bc,1,Woman,Women,all_seats,seat,,Neha Mahendra Thanekar,,142,,,latin,local_elections,e0ae2676d62a-dirty,data/goa/2012/panres_2012_Bicholim.pdf,1,page,
goa/gp_ward/2012,40431727bd38,Goa|2012|gp_ward|North Goa|Bicholim|MAYEM-VAIGINIM|V|,1,Goa,2012,North Goa,Bicholim,MAYEM-VAIGINIM,gram_panchayat,V,,gp_ward,ward,NONE,NONE,sc_st_bc,0,Other than Woman,General,all_seats,seat,,Pandurang Pundalik Gaonkar,,234,,,latin,local_elections,e0ae2676d62a-dirty,data/goa/2012/panres_2012_Bicholim.pdf,1,page,
goa/gp_ward/2012,dbf27a5650b6,Goa|2012|gp_ward|North Goa|Bicholim|MAYEM-VAIGINIM|VI|,1,Goa,2012,North Goa,Bicholim,MAYEM-VAIGINIM,gram_panchayat,VI,,gp_ward,ward,BC,BC,sc_st_bc,0,BC Other than Woman,O.B.C.,all_seats,seat,,Narendra Vasant Mayekar,,341,,,latin,local_elections,e0ae2676d62a-dirty,data/goa/2012/panres_2012_Bicholim.pdf,1,page,
goa/gp_ward/2012,ed71cfa4edc7,Goa|2012|gp_ward|North Goa|Bicholim|MAYEM-VAIGINIM|VII|,1,Goa,2012,North Goa,Bicholim,MAYEM-VAIGINIM,gram_panchayat,VII,,gp_ward,ward,NONE,NONE,sc_st_bc,1,Woman,Women,all_seats,seat,,Veena Vishwas Chodankar,,319,,,latin,local_elections,e0ae2676d62a-dirty,data/goa/2012/panres_2012_Bicholim.pdf,1,page,
goa/gp_ward/2012,9542b4ac9b1a,Goa|2012|gp_ward|North Goa|Bicholim|MAYEM-VAIGINIM|VIII|,1,Goa,2012,North Goa,Bicholim,MAYEM-VAIGINIM,gram_panchayat,VIII,,gp_ward,ward,NONE,NONE,sc_st_bc,0,Other than Woman,General,all_seats,seat,,Narendra Savlo Tari,,84,,,latin,local_elections,e0ae2676d62a-dirty,data/goa/2012/panres_2012_Bicholim.pdf,1,page,
goa/gp_ward/2012,b4bb3b2e6205,Goa|2012|gp_ward|North Goa|Bicholim|MAYEM-VAIGINIM|IX|,1,Goa,2012,North Goa,Bicholim,MAYEM-VAIGINIM,gram_panchayat,IX,,gp_ward,ward,BC,BC,sc_st_bc,0,BC Other than Woman,O.B.C.,all_seats,seat,,Vijaykumar Anant Polle,,115,,,latin,local_elections,e0ae2676d62a-dirty,data/goa/2012/panres_2012_Bicholim.pdf,1,page,
goa/gp_ward/2012,9fa1cc5b98b9,Goa|2012|gp_ward|North Goa|Bicholim|MAYEM-VAIGINIM|X|,1,Goa,2012,North Goa,Bicholim,MAYEM-VAIGINIM,gram_panchayat,X,,gp_ward,ward,BC,BC,sc_st_bc,0,BC Other than Woman,O.B.C.,all_seats,seat,,Mahesh Vishnu Ghadi,,250,,,latin,local_elections,e0ae2676d62a-dirty,data/goa/2012/panres_2012_Bicholim.pdf,1,page,
goa/gp_ward/2012,f75ad88fdf10,Goa|2012|gp_ward|North Goa|Bicholim|MAYEM-VAIGINIM|XI|,1,Goa,2012,North Goa,Bicholim,MAYEM-VAIGINIM,gram_panchayat,XI,,gp_ward,ward,BC,BC,sc_st_bc,1,BC Woman,OBC Wom,all_seats,seat,,Suvarna Tulshidas Chodankar,,442,,,latin,local_elections,e0ae2676d62a-dirty,data/goa/2012/panres_2012_Bicholim.pdf,1,page,
goa/gp_ward/2012,e8bc00e1e06a,Goa|2012|gp_ward|North Goa|Bicholim|MENCUREM DUMACEM|I|,1,Goa,2012,North Goa,Bicholim,MENCUREM DUMACEM,gram_panchayat,I,,gp_ward,ward,NONE,NONE,sc_st_bc,0,Other than Woman,General,all_seats,seat,,Sanjay Pundalik Shetye,,234,,,latin,local_elections,e0ae2676d62a-dirty,data/goa/2012/panres_2012_Bicholim.pdf,1,page,
goa/gp_ward/2012,4c526dcfc409,Goa|2012|gp_ward|North Goa|Bicholim|MENCUREM DUMACEM|II|,1,Goa,2012,North Goa,Bicholim,MENCUREM DUMACEM,gram_panchayat,II,,gp_ward,ward,NONE,NONE,sc_st_bc,1,Woman,Women,all_seats,seat,,Nalita Sanjay Naik,,89,,,latin,local_elections,e0ae2676d62a-dirty,data/goa/2012/panres_2012_Bicholim.pdf,1,page,
goa/gp_ward/2012,8d9f44e0ba81,Goa|2012|gp_ward|North Goa|Bicholim|MULGAO|I|,1,Goa,2012,North Goa,Bicholim,MULGAO,gram_panchayat,I,,gp_ward,ward,NONE,NONE,sc_st_bc,0,Other than Woman,General,all_seats,seat,,Govind Pandurang Mandrekar,,131,,,latin,local_elections,e0ae2676d62a-dirty,data/goa/2012/panres_2012_Bicholim.pdf,2,page,
goa/gp_ward/2012,d1316631f9be,Goa|2012|gp_ward|North Goa|Bicholim|MULGAO|II|,1,Goa,2012,North Goa,Bicholim,MULGAO,gram_panchayat,II,,gp_ward,ward,NONE,NONE,sc_st_bc,1,Woman,Women,all_seats,seat,,Sujal Suresh Revodkar,,112,,,latin,local_elections,e0ae2676d62a-dirty,data/goa/2012/panres_2012_Bicholim.pdf,2,page,
goa/gp_ward/2012,c1d93b3e75e8,Goa|2012|gp_ward|North Goa|Bicholim|MULGAO|III|,1,Goa,2012,North Goa,Bicholim,MULGAO,gram_panchayat,III,,gp_ward,ward,NONE,NONE,sc_st_bc,0,Other than Woman,General,all_seats,seat,,Datta Ramnath Morajkar,,142,,,latin,local_elections,e0ae2676d62a-dirty,data/goa/2012/panres_2012_Bicholim.pdf,2,page,
goa/gp_ward/2012,cc6302d2c240,Goa|2012|gp_ward|North Goa|Bicholim|MULGAO|IV|,1,Goa,2012,North Goa,Bicholim,MULGAO,gram_panchayat,IV,,gp_ward,ward,NONE,NONE,sc_st_bc,0,Other than Woman,General,all_seats,seat,,Santosh Pandurang Sarap,,126,,,latin,local_elections,e0ae2676d62a-dirty,data/goa/2012/panres_2012_Bicholim.pdf,2,page,
goa/gp_ward/2012,64ad02688485,Goa|2012|gp_ward|North Goa|Bicholim|MULGAO|V|,1,Goa,2012,North Goa,Bicholim,MULGAO,gram_panchayat,V,,gp_ward,ward,NONE,NONE,sc_st_bc,0,Other than Woman,General,all_seats,seat,,Vasant Ramakant Gad,,103,,,latin,local_elections,e0ae2676d62a-dirty,data/goa/2012/panres_2012_Bicholim.pdf,2,page,
goa/gp_ward/2012,ceb0d36255a2,Goa|2012|gp_ward|North Goa|Bicholim|MULGAO|VI|,1,Goa,2012,North Goa,Bicholim,MULGAO,gram_panchayat,VI,,gp_ward,ward,NONE,NONE,sc_st_bc,0,Other than Woman,General,all_seats,seat,,Prakash Yeshwant Arondekar,,128,,,latin,local_elections,e0ae2676d62a-dirty,data/goa/2012/panres_2012_Bicholim.pdf,2,page,
goa/gp_ward/2012,20e692a2bd54,Goa|2012|gp_ward|North Goa|Bicholim|MULGAO|VII|,1,Goa,2012,North Goa,Bicholim,MULGAO,gram_panchayat,VII,,gp_ward,ward,BC,BC,sc_st_bc,1,BC Woman,OBC Wom,all_seats,seat,,Shruti Suresh Ghatwal,,165,,,latin,local_elections,e0ae2676d62a-dirty,data/goa/2012/panres_2012_Bicholim.pdf,2,page,
goa/gp_ward/2012,79d4a8f92a42,Goa|2012|gp_ward|North Goa|Bicholim|NARAO|I|,1,Goa,2012,North Goa,Bicholim,NARAO,gram_panchayat,I,,gp_ward,ward,ST,ST,sc_st_bc,0,ST Other than Woman,S.T.,all_seats,seat,,Govind Sonu Gawde,,147,,,latin,local_elections,e0ae2676d62a-dirty,data/goa/2012/panres_2012_Bicholim.pdf,2,page,
goa/gp_ward/2012,3bb5b7d55729,Goa|2012|gp_ward|North Goa|Bicholim|NARAO|II|,1,Goa,2012,North Goa,Bicholim,NARAO,gram_panchayat,II,,gp_ward,ward,NONE,NONE,sc_st_bc,1,Woman,Women,all_seats,seat,,Pratishtha Premkant Mishal,,120,,,latin,local_elections,e0ae2676d62a-dirty,data/goa/2012/panres_2012_Bicholim.pdf,2,page,
goa/gp_ward/2012,f8b8883ce561,Goa|2012|gp_ward|North Goa|Bicholim|NARAO|III|,1,Goa,2012,North Goa,Bicholim,NARAO,gram_panchayat,III,,gp_ward,ward,NONE,NONE,sc_st_bc,0,Other than Woman,General,all_seats,seat,,Gopikishan Ramnath Amonkar,,83,,,latin,local_elections,e0ae2676d62a-dirty,data/goa/2012/panres_2012_Bicholim.pdf,2,page,
goa/gp_ward/2012,9876a357cf03,Goa|2012|gp_ward|North Goa|Bicholim|NARAO|IV|,1,Goa,2012,North Goa,Bicholim,NARAO,gram_panchayat,IV,,gp_ward,ward,NONE,NONE,sc_st_bc,0,Other than Woman,General,all_seats,seat,,Umesh Harishchandra Padolkar,,121,,,latin,local_elections,e0ae2676d62a-dirty,data/goa/2012/panres_2012_Bicholim.pdf,2,page,
goa/gp_ward/2012,15077217ff75,Goa|2012|gp_ward|North Goa|Bicholim|NARAO|V|,1,Goa,2012,North Goa,Bicholim,NARAO,gram_panchayat,V,,gp_ward,ward,NONE,NONE,sc_st_bc,1,Woman,Women,all_seats,seat,,Aditi Amar Tuyekar,,103,,,latin,local_elections,e0ae2676d62a-dirty,data/goa/2012/panres_2012_Bicholim.pdf,2,page,
goa/gp_ward/2012,c907560ab218,Goa|2012|gp_ward|North Goa|Bicholim|ONA MAULINGUEM CURCHERIM|I|,1,Goa,2012,North Goa,Bicholim,ONA MAULINGUEM CURCHERIM,gram_panchayat,I,,gp_ward,ward,NONE,NONE,sc_st_bc,0,Other than Woman,General,all_seats,seat,,Madan Atmaram Gaonkar,,232,,,latin,local_elections,e0ae2676d62a-dirty,data/goa/2012/panres_2012_Bicholim.pdf,2,page,
goa/gp_ward/2012,965ee0c16d5b,Goa|2012|gp_ward|North Goa|Bicholim|ONA MAULINGUEM CURCHERIM|II|,1,Goa,2012,North Goa,Bicholim,ONA MAULINGUEM CURCHERIM,gram_panchayat,II,,gp_ward,ward,NONE,NONE,sc_st_bc,1,Woman,Women,all_seats,seat,,Rupa Ramanath Paryekar,,131,,,latin,local_elections,e0ae2676d62a-dirty,data/goa/2012/panres_2012_Bicholim.pdf,2,page,
goa/gp_ward/2012,86df4b35b3b1,Goa|2012|gp_ward|North Goa|Bicholim|ONA MAULINGUEM CURCHERIM|III|,1,Goa,2012,North Goa,Bicholim,ONA MAULINGUEM CURCHERIM,gram_panchayat,III,,gp_ward,ward,NONE,NONE,sc_st_bc,0,Other than Woman,General,all_seats,seat,,Uday Sahadev Gaonkar,,96,,,latin,local_elections,e0ae2676d62a-dirty,data/goa/2012/panres_2012_Bicholim.pdf,2,page,
goa/gp_ward/2012,8160c93aef16,Goa|2012|gp_ward|North Goa|Bicholim|ONA MAULINGUEM CURCHERIM|IV|,1,Goa,2012,North Goa,Bicholim,ONA MAULINGUEM CURCHERIM,gram_panchayat,IV,,gp_ward,ward,NONE,NONE,sc_st_bc,0,Other than Woman,General,all_seats,seat,,Madhu Kesari Naik,,224,,,latin,local_elections,e0ae2676d62a-dirty,data/goa/2012/panres_2012_Bicholim.pdf,2,page,
goa/gp_ward/2012,87479c6144c0,Goa|2012|gp_ward|North Goa|Bicholim|ONA MAULINGUEM CURCHERIM|V|,1,Goa,2012,North Goa,Bicholim,ONA MAULINGUEM CURCHERIM,gram_panchayat,V,,gp_ward,ward,NONE,NONE,sc_st_bc,0,Other than Woman,General,all_seats,seat,,Pandurang Tima Gholkar,,90,,,latin,local_elections,e0ae2676d62a-dirty,data/goa/2012/panres_2012_Bicholim.pdf,2,page,
goa/gp_ward/2012,970f3ea8693d,Goa|2012|gp_ward|North Goa|Bicholim|ONA MAULINGUEM CURCHERIM|VI|,1,Goa,2012,North Goa,Bicholim,ONA MAULINGUEM CURCHERIM,gram_panchayat,VI,,gp_ward,ward,BC,BC,sc_st_bc,0,BC Other than Woman,O.B.C.,all_seats,seat,,Eknath Sadanand Chari,,167,,,latin,local_elections,e0ae2676d62a-dirty,data/goa/2012/panres_2012_Bicholim.pdf,2,page,
goa/gp_ward/2012,2ecc5eaf8da0,Goa|2012|gp_ward|North Goa|Bicholim|ONA MAULINGUEM CURCHERIM|VII|,1,Goa,2012,North Goa,Bicholim,ONA MAULINGUEM CURCHERIM,gram_panchayat,VII,,gp_ward,ward,NONE,NONE,sc_st_bc,1,Woman,Women,all_seats,seat,,Sonam Shekhar Gaonkar,,161,,,latin,local_elections,e0ae2676d62a-dirty,data/goa/2012/panres_2012_Bicholim.pdf,2,page,
goa/gp_ward/2012,a523d610cac8,Goa|2012|gp_ward|North Goa|Bicholim|PILGAO|I|,1,Goa,2012,North Goa,Bicholim,PILGAO,gram_panchayat,I,,gp_ward,ward,NONE,NONE,sc_st_bc,0,Other than Woman,General,all_seats,seat,,Anil Govind Naik,,92,,,latin,local_elections,e0ae2676d62a-dirty,data/goa/2012/panres_2012_Bicholim.pdf,2,page,
goa/gp_ward/2012,0c7a05767cc1,Goa|2012|gp_ward|North Goa|Bicholim|PILGAO|II|,1,Goa,2012,North Goa,Bicholim,PILGAO,gram_panchayat,II,,gp_ward,ward,BC,BC,sc_st_bc,1,BC Woman,OBC Wom,all_seats,seat,,Jyoti Shamsundar Vengurlekar,,133,,,latin,local_elections,e0ae2676d62a-dirty,data/goa/2012/panres_2012_Bicholim.pdf,2,page,
goa/gp_ward/2012,bee98a11f648,Goa|2012|gp_ward|North Goa|Bicholim|PILGAO|III|,1,Goa,2012,North Goa,Bicholim,PILGAO,gram_panchayat,III,,gp_ward,ward,NONE,NONE,sc_st_bc,0,Other than Woman,General,all_seats,seat,,Babaji Babal Gaonkar,,142,,,latin,local_elections,e0ae2676d62a-dirty,data/goa/2012/panres_2012_Bicholim.pdf,2,page,
goa/gp_ward/2012,0400d2b5b69b,Goa|2012|gp_ward|North Goa|Bicholim|PILGAO|IV|,1,Goa,2012,North Goa,Bicholim,PILGAO,gram_panchayat,IV,,gp_ward,ward,NONE,NONE,sc_st_bc,0,Other than Woman,General,all_seats,seat,,Swapnil Narayan Fadte,,89,,,latin,local_elections,e0ae2676d62a-dirty,data/goa/2012/panres_2012_Bicholim.pdf,2,page,
goa/gp_ward/2012,a15daeaca892,Goa|2012|gp_ward|North Goa|Bicholim|PILGAO|V|,1,Goa,2012,North Goa,Bicholim,PILGAO,gram_panchayat,V,,gp_ward,ward,NONE,NONE,sc_st_bc,0,Other than Woman,General,all_seats,seat,,Jayant Sonu Kavlekar,,118,,,latin,local_elections,e0ae2676d62a-dirty,data/goa/2012/panres_2012_Bicholim.pdf,2,page,
goa/gp_ward/2012,649ff50c6d73,Goa|2012|gp_ward|North Goa|Bicholim|PILGAO|VI|,1,Goa,2012,North Goa,Bicholim,PILGAO,gram_panchayat,VI,,gp_ward,ward,NONE,NONE,sc_st_bc,0,Other than Woman,General,all_seats,seat,,Vishnu Tukaram Jalmi,,169,,,latin,local_elections,e0ae2676d62a-dirty,data/goa/2012/panres_2012_Bicholim.pdf,2,page,
goa/gp_ward/2012,202fa89fccda,Goa|2012|gp_ward|North Goa|Bicholim|PILGAO|VII|,1,Goa,2012,North Goa,Bicholim,PILGAO,gram_panchayat,VII,,gp_ward,ward,NONE,NONE,sc_st_bc,1,Woman,Women,all_seats,seat,,Roshni Rajendra Kavlekar,,130,,,latin,local_elections,e0ae2676d62a-dirty,data/goa/2012/panres_2012_Bicholim.pdf,2,page,
goa/gp_ward/2012,8134b3e976e5,Goa|2012|gp_ward|North Goa|Bicholim|SALEM|I|,1,Goa,2012,North Goa,Bicholim,SALEM,gram_panchayat,I,,gp_ward,ward,NONE,NONE,sc_st_bc,0,Other than Woman,General,all_seats,seat,,Ramnath Pandurang Bhaip,,88,,,latin,local_elections,e0ae2676d62a-dirty,data/goa/2012/panres_2012_Bicholim.pdf,3,page,
goa/gp_ward/2012,d32dcd69b322,Goa|2012|gp_ward|North Goa|Bicholim|SALEM|II|,1,Goa,2012,North Goa,Bicholim,SALEM,gram_panchayat,II,,gp_ward,ward,NONE,NONE,sc_st_bc,1,Woman,Women,all_seats,seat,,Pranali Prashil Naik,,62,,,latin,local_elections,e0ae2676d62a-dirty,data/goa/2012/panres_2012_Bicholim.pdf,3,page,
goa/gp_ward/2012,8bf3a176a17d,Goa|2012|gp_ward|North Goa|Bicholim|SALEM|III|,1,Goa,2012,North Goa,Bicholim,SALEM,gram_panchayat,III,,gp_ward,ward,NONE,NONE,sc_st_bc,0,Other than Woman,General,all_seats,seat,,Appa Ladu Raut,,120,,,latin,local_elections,e0ae2676d62a-dirty,data/goa/2012/panres_2012_Bicholim.pdf,3,page,
goa/gp_ward/2012,533bef2567a0,Goa|2012|gp_ward|North Goa|Bicholim|SALEM|IV|,1,Goa,2012,North Goa,Bicholim,SALEM,gram_panchayat,IV,,gp_ward,ward,NONE,NONE,sc_st_bc,0,Other than Woman,General,all_seats,seat,,Ganesh Laxman Raut,,147,,,latin,local_elections,e0ae2676d62a-dirty,data/goa/2012/panres_2012_Bicholim.pdf,3,page,
goa/gp_ward/2012,64369640cc5b,Goa|2012|gp_ward|North Goa|Bicholim|SALEM|V|,1,Goa,2012,North Goa,Bicholim,SALEM,gram_panchayat,V,,gp_ward,ward,BC,BC,sc_st_bc,0,BC Other than Woman,O.B.C.,all_seats,seat,,Sajjan Gopal Naik,,138,,,latin,local_elections,e0ae2676d62a-dirty,data/goa/2012/panres_2012_Bicholim.pdf,3,page,
goa/gp_ward/2012,65a4740d9dec,Goa|2012|gp_ward|North Goa|Bicholim|SALEM|VI|,1,Goa,2012,North Goa,Bicholim,SALEM,gram_panchayat,VI,,gp_ward,ward,NONE,NONE,sc_st_bc,0,Other than Woman,General,all_seats,seat,,Ghanasham Vaman Raut,,145,,,latin,local_elections,e0ae2676d62a-dirty,data/goa/2012/panres_2012_Bicholim.pdf,3,page,
goa/gp_ward/2012,46887e35af79,Goa|2012|gp_ward|North Goa|Bicholim|SALEM|VII|,1,Goa,2012,North Goa,Bicholim,SALEM,gram_panchayat,VII,,gp_ward,ward,NONE,NONE,sc_st_bc,1,Woman,Women,all_seats,seat,,Deepa Ghanashyam Raut,,149,,,latin,local_elections,e0ae2676d62a-dirty,data/goa/2012/panres_2012_Bicholim.pdf,3,page,
goa/gp_ward/2012,1e213ec06659,Goa|2012|gp_ward|North Goa|Bicholim|SIRIGAO|I|,1,Goa,2012,North Goa,Bicholim,SIRIGAO,gram_panchayat,I,,gp_ward,ward,NONE,NONE,sc_st_bc,0,Other than Woman,General,all_seats,seat,,Prakash Krishna Gaonkar,,118,,,latin,local_elections,e0ae2676d62a-dirty,data/goa/2012/panres_2012_Bicholim.pdf,3,page,
goa/gp_ward/2012,a5fd3074e53f,Goa|2012|gp_ward|North Goa|Bicholim|SIRIGAO|II|,1,Goa,2012,North Goa,Bicholim,SIRIGAO,gram_panchayat,II,,gp_ward,ward,NONE,NONE,sc_st_bc,1,Woman,Women,all_seats,seat,,Ankita Atchut Gaonkar,,97,,,latin,local_elections,e0ae2676d62a-dirty,data/goa/2012/panres_2012_Bicholim.pdf,3,page,
goa/gp_ward/2012,778a4cdd1298,Goa|2012|gp_ward|North Goa|Bicholim|SIRIGAO|III|,1,Goa,2012,North Goa,Bicholim,SIRIGAO,gram_panchayat,III,,gp_ward,ward,BC,BC,sc_st_bc,0,BC Other than Woman,O.B.C.,all_seats,seat,,Ladko Vishnu Palni,,89,,,latin,local_elections,e0ae2676d62a-dirty,data/goa/2012/panres_2012_Bicholim.pdf,3,page,
goa/gp_ward/2012,faa12b96cc8c,Goa|2012|gp_ward|North Goa|Bicholim|SIRIGAO|IV|,1,Goa,2012,North Goa,Bicholim,SIRIGAO,gram_panchayat,IV,,gp_ward,ward,NONE,NONE,sc_st_bc,0,Other than Woman,General,all_seats,seat,,Babuso Bhalchandra Gaonkar,,92,,,latin,local_elections,e0ae2676d62a-dirty,data/goa/2012/panres_2012_Bicholim.pdf,3,page,
goa/gp_ward/2012,8fec5c6aab0d,Goa|2012|gp_ward|North Goa|Bicholim|SIRIGAO|V|,1,Goa,2012,North Goa,Bicholim,SIRIGAO,gram_panchayat,V,,gp_ward,ward,BC,BC,sc_st_bc,1,BC Woman,OBC Wom,all_seats,seat,,Sangita Chandra Gaonkar,,80,,,latin,local_elections,e0ae2676d62a-dirty,data/goa/2012/panres_2012_Bicholim.pdf,3,page,
goa/gp_ward/2012,82fca2f3c864,Goa|2012|gp_ward|North Goa|Bicholim|AMONA|I|,1,Goa,2012,North Goa,Bicholim,AMONA,gram_panchayat,I,,gp_ward,ward,NONE,NONE,sc_st_bc,0,Other than Woman,General,all_seats,seat,,Krishna Mahadev Gawas,,134,,,latin,local_elections,e0ae2676d62a-dirty,data/goa/2012/panres_2012_Bicholim.pdf,3,page,
goa/gp_ward/2012,fe4e0872ce9c,Goa|2012|gp_ward|North Goa|Bicholim|AMONA|II|,1,Goa,2012,North Goa,Bicholim,AMONA,gram_panchayat,II,,gp_ward,ward,NONE,NONE,sc_st_bc,1,Woman,Women,all_seats,seat,,Manjushree Mahadev Parab,,73,,,latin,local_elections,e0ae2676d62a-dirty,data/goa/2012/panres_2012_Bicholim.pdf,3,page,
goa/gp_ward/2012,fbc12a712fd9,Goa|2012|gp_ward|North Goa|Bicholim|AMONA|III|,1,Goa,2012,North Goa,Bicholim,AMONA,gram_panchayat,III,,gp_ward,ward,NONE,NONE,sc_st_bc,0,Other than Woman,General,all_seats,seat,,Narayan Rajaram Sinari,,149,,,latin,local_elections,e0ae2676d62a-dirty,data/goa/2012/panres_2012_Bicholim.pdf,3,page,
goa/gp_ward/2012,4b6adfa95567,Goa|2012|gp_ward|North Goa|Bicholim|AMONA|IV|,1,Goa,2012,North Goa,Bicholim,AMONA,gram_panchayat,IV,,gp_ward,ward,NONE,NONE,sc_st_bc,0,Other than Woman,General,all_seats,seat,,Vishant Sakharam Sawant,,105,,,latin,local_elections,e0ae2676d62a-dirty,data/goa/2012/panres_2012_Bicholim.pdf,3,page,
goa/gp_ward/2012,c0c504b22825,Goa|2012|gp_ward|North Goa|Bicholim|AMONA|V|,1,Goa,2012,North Goa,Bicholim,AMONA,gram_panchayat,V,,gp_ward,ward,NONE,NONE,sc_st_bc,0,Other than Woman,General,all_seats,seat,,Shantilal Shamba Shenvi Amonkar,,94,,,latin,local_elections,e0ae2676d62a-dirty,data/goa/2012/panres_2012_Bicholim.pdf,3,page,
goa/gp_ward/2012,0ecd533c74d7,Goa|2012|gp_ward|North Goa|Bicholim|AMONA|VI|,1,Goa,2012,North Goa,Bicholim,AMONA,gram_panchayat,VI,,gp_ward,ward,NONE,NONE,sc_st_bc,0,Other than Woman,General,all_seats,seat,,Sandesh Gurudas Naik,,185,,,latin,local_elections,e0ae2676d62a-dirty,data/goa/2012/panres_2012_Bicholim.pdf,3,page,
goa/gp_ward/2012,b57a60e9f517,Goa|2012|gp_ward|North Goa|Bicholim|AMONA|VII|,1,Goa,2012,North Goa,Bicholim,AMONA,gram_panchayat,VII,,gp_ward,ward,BC,BC,sc_st_bc,1,BC Woman,OBC Wom,all_seats,seat,,Ujwalata Rajendra Sawant,,70,,,latin,local_elections,e0ae2676d62a-dirty,data/goa/2012/panres_2012_Bicholim.pdf,3,page,
goa/gp_ward/2012,ff73fc4f2883,Goa|2012|gp_ward|North Goa|Bicholim|KARAPUR SARVAN|I|,1,Goa,2012,North Goa,Bicholim,KARAPUR SARVAN,gram_panchayat,I,,gp_ward,ward,NONE,NONE,sc_st_bc,0,Other than Woman,General,all_seats,seat,,Rajesh Mohan Naik,,129,,,latin,local_elections,e0ae2676d62a-dirty,data/goa/2012/panres_2012_Bicholim.pdf,3,page,
goa/gp_ward/2012,b5ac93950333,Goa|2012|gp_ward|North Goa|Bicholim|KARAPUR SARVAN|II|,1,Goa,2012,North Goa,Bicholim,KARAPUR SARVAN,gram_panchayat,II,,gp_ward,ward,NONE,NONE,sc_st_bc,1,Woman,Women,all_seats,seat,,Jayashri Tulsidas Tari,,120,,,latin,local_elections,e0ae2676d62a-dirty,data/goa/2012/panres_2012_Bicholim.pdf,3,page,
goa/gp_ward/2012,5ab85409336f,Goa|2012|gp_ward|North Goa|Bicholim|KARAPUR SARVAN|III|,1,Goa,2012,North Goa,Bicholim,KARAPUR SARVAN,gram_panchayat,III,,gp_ward,ward,BC,BC,sc_st_bc,0,BC Other than Woman,O.B.C.,all_seats,seat,,Mahesh Anant Sawant,,205,,,latin,local_elections,e0ae2676d62a-dirty,data/goa/2012/panres_2012_Bicholim.pdf,3,page,
goa/gp_ward/2012,97e908e90357,Goa|2012|gp_ward|North Goa|Bicholim|KARAPUR SARVAN|IV|,1,Goa,2012,North Goa,Bicholim,KARAPUR SARVAN,gram_panchayat,IV,,gp_ward,ward,NONE,NONE,sc_st_bc,1,Woman,Women,all_seats,seat,,Divya Dattaprasad Kharkande,,229,,,latin,local_elections,e0ae2676d62a-dirty,data/goa/2012/panres_2012_Bicholim.pdf,3,page,
goa/gp_ward/2012,2cdea329f7ae,Goa|2012|gp_ward|North Goa|Bicholim|KARAPUR SARVAN|V|,1,Goa,2012,North Goa,Bicholim,KARAPUR SARVAN,gram_panchayat,V,,gp_ward,ward,NONE,NONE,sc_st_bc,0,Other than Woman,General,all_seats,seat,,Keshav Madhukant Mayekar,,163,,,latin,local_elections,e0ae2676d62a-dirty,data/goa/2012/panres_2012_Bicholim.pdf,3,page,
goa/gp_ward/2012,65724b46c955,Goa|2012|gp_ward|North Goa|Bicholim|KARAPUR SARVAN|VI|,1,Goa,2012,North Goa,Bicholim,KARAPUR SARVAN,gram_panchayat,VI,,gp_ward,ward,NONE,NONE,sc_st_bc,0,Other than Woman,General,all_seats,seat,,Mukund Shivram Vaigankar,,124,,,latin,local_elections,e0ae2676d62a-dirty,data/goa/2012/panres_2012_Bicholim.pdf,3,page,
goa/gp_ward/2012,dc53534004a4,Goa|2012|gp_ward|North Goa|Bicholim|KARAPUR SARVAN|VII|,1,Goa,2012,North Goa,Bicholim,KARAPUR SARVAN,gram_panchayat,VII,,gp_ward,ward,BC,BC,sc_st_bc,1,BC Woman,OBC Wom,all_seats,seat,,Aaryan Shyam Gaonkar,,160,,,latin,local_elections,e0ae2676d62a-dirty,data/goa/2012/panres_2012_Bicholim.pdf,3,page,
goa/gp_ward/2012,0b04e6c81d87,Goa|2012|gp_ward|North Goa|Bicholim|KARAPUR SARVAN|VIII|,1,Goa,2012,North Goa,Bicholim,KARAPUR SARVAN,gram_panchayat,VIII,,gp_ward,ward,NONE,NONE,sc_st_bc,0,Other than Woman,General,all_seats,seat,,Deepak Ramnath Dhawaskar,,175,,,latin,local_elections,e0ae2676d62a-dirty,data/goa/2012/panres_2012_Bicholim.pdf,3,page,
goa/gp_ward/2012,8d1d1f121375,Goa|2012|gp_ward|North Goa|Bicholim|KARAPUR SARVAN|IX|,1,Goa,2012,North Goa,Bicholim,KARAPUR SARVAN,gram_panchayat,IX,,gp_ward,ward,NONE,NONE,sc_st_bc,0,Other than Woman,General,all_seats,seat,,Dhiraj Narayan Sawant,,200,,,latin,local_elections,e0ae2676d62a-dirty,data/goa/2012/panres_2012_Bicholim.pdf,3,page,
goa/gp_ward/2012,584001471125,Goa|2012|gp_ward|North Goa|Bicholim|CUDNEM|I|,1,Goa,2012,North Goa,Bicholim,CUDNEM,gram_panchayat,I,,gp_ward,ward,NONE,NONE,sc_st_bc,0,Other than Woman,General,all_seats,seat,,Mangaldas Vassudev Naik,,52,,,latin,local_elections,e0ae2676d62a-dirty,data/goa/2012/panres_2012_Bicholim.pdf,4,page,
goa/gp_ward/2012,ba73d2ca2d16,Goa|2012|gp_ward|North Goa|Bicholim|CUDNEM|II|,1,Goa,2012,North Goa,Bicholim,CUDNEM,gram_panchayat,II,,gp_ward,ward,NONE,NONE,sc_st_bc,1,Woman,Women,all_seats,seat,,Pramila Premanand Ghadi,,97,,,latin,local_elections,e0ae2676d62a-dirty,data/goa/2012/panres_2012_Bicholim.pdf,4,page,
goa/gp_ward/2012,9f05ec665e3f,Goa|2012|gp_ward|North Goa|Bicholim|CUDNEM|III|,1,Goa,2012,North Goa,Bicholim,CUDNEM,gram_panchayat,III,,gp_ward,ward,BC,BC,sc_st_bc,0,BC Other than Woman,O.B.C.,all_seats,seat,,Rajan Kashinath Falkar,,196,,,latin,local_elections,e0ae2676d62a-dirty,data/goa/2012/panres_2012_Bicholim.pdf,4,page,
goa/gp_ward/2012,a1dd88766ead,Goa|2012|gp_ward|North Goa|Bicholim|CUDNEM|IV|,1,Goa,2012,North Goa,Bicholim,CUDNEM,gram_panchayat,IV,,gp_ward,ward,NONE,NONE,sc_st_bc,0,Other than Woman,General,all_seats,seat,,Prashant Balchandra Parab,,94,,,latin,local_elections,e0ae2676d62a-dirty,data/goa/2012/panres_2012_Bicholim.pdf,4,page,
goa/gp_ward/2012,dfb17f342776,Goa|2012|gp_ward|North Goa|Bicholim|CUDNEM|V|,1,Goa,2012,North Goa,Bicholim,CUDNEM,gram_panchayat,V,,gp_ward,ward,NONE,NONE,sc_st_bc,0,Other than Woman,General,all_seats,seat,,Suresh Pandurang Kamat,,116,,,latin,local_elections,e0ae2676d62a-dirty,data/goa/2012/panres_2012_Bicholim.pdf,4,page,
goa/gp_ward/2012,77dce9a457c2,Goa|2012|gp_ward|North Goa|Bicholim|CUDNEM|VI|,1,Goa,2012,North Goa,Bicholim,CUDNEM,gram_panchayat,VI,,gp_ward,ward,NONE,NONE,sc_st_bc,0,Other than Woman,General,all_seats,seat,,Sakha Nanda Malik,,143,,,latin,local_elections,e0ae2676d62a-dirty,data/goa/2012/panres_2012_Bicholim.pdf,4,page,
goa/gp_ward/2012,add60df84db9,Goa|2012|gp_ward|North Goa|Bicholim|CUDNEM|VII|,1,Goa,2012,North Goa,Bicholim,CUDNEM,gram_panchayat,VII,,gp_ward,ward,NONE,NONE,sc_st_bc,1,Woman,Women,all_seats,seat,,Poonam Siddharth Pethker,,77,,,latin,local_elections,e0ae2676d62a-dirty,data/goa/2012/panres_2012_Bicholim.pdf,4,page,
goa/gp_ward/2012,fe929fa81f2d,Goa|2012|gp_ward|North Goa|Bicholim|NAVELIM|I|,1,Goa,2012,North Goa,Bicholim,NAVELIM,gram_panchayat,I,,gp_ward,ward,NONE,NONE,sc_st_bc,0,Other than Woman,General,all_seats,seat,,Khushali Chandrakant Naik,,66,,,latin,local_elections,e0ae2676d62a-dirty,data/goa/2012/panres_2012_Bicholim.pdf,4,page,
goa/gp_ward/2012,8b8236def660,Goa|2012|gp_ward|North Goa|Bicholim|NAVELIM|II|,1,Goa,2012,North Goa,Bicholim,NAVELIM,gram_panchayat,II,,gp_ward,ward,NONE,NONE,sc_st_bc,1,Woman,Women,all_seats,seat,,Swati Sandesh Mainikar,,85,,,latin,local_elections,e0ae2676d62a-dirty,data/goa/2012/panres_2012_Bicholim.pdf,4,page,
goa/gp_ward/2012,fab1747c54e7,Goa|2012|gp_ward|North Goa|Bicholim|NAVELIM|III|,1,Goa,2012,North Goa,Bicholim,NAVELIM,gram_panchayat,III,,gp_ward,ward,NONE,NONE,sc_st_bc,0,Other than Woman,General,all_seats,seat,,Gopinath Anant Gawas,,152,,,latin,local_elections,e0ae2676d62a-dirty,data/goa/2012/panres_2012_Bicholim.pdf,4,page,
goa/gp_ward/2012,21777bef17f3,Goa|2012|gp_ward|North Goa|Bicholim|NAVELIM|IV|,1,Goa,2012,North Goa,Bicholim,NAVELIM,gram_panchayat,IV,,gp_ward,ward,NONE,NONE,sc_st_bc,0,Other than Woman,General,all_seats,seat,,Dipesh Sadanand Gauns,,85,,,latin,local_elections,e0ae2676d62a-dirty,data/goa/2012/panres_2012_Bicholim.pdf,4,page,
goa/gp_ward/2012,6a4dee00617e,Goa|2012|gp_ward|North Goa|Bicholim|NAVELIM|V|,1,Goa,2012,North Goa,Bicholim,NAVELIM,gram_panchayat,V,,gp_ward,ward,NONE,NONE,sc_st_bc,0,Other than Woman,General,all_seats,seat,,Suman Nilkanth Gawas,,93,,,latin,local_elections,e0ae2676d62a-dirty,data/goa/2012/panres_2012_Bicholim.pdf,4,page,
goa/gp_ward/2012,01bc497b98c7,Goa|2012|gp_ward|North Goa|Bicholim|NAVELIM|VI|,1,Goa,2012,North Goa,Bicholim,NAVELIM,gram_panchayat,VI,,gp_ward,ward,BC,BC,sc_st_bc,0,BC Other than Woman,O.B.C.,all_seats,seat,,Deepak Redi Naik,,106,,,latin,local_elections,e0ae2676d62a-dirty,data/goa/2012/panres_2012_Bicholim.pdf,4,page,
goa/gp_ward/2012,dc5e36b74880,Goa|2012|gp_ward|North Goa|Bicholim|NAVELIM|VII|,1,Goa,2012,North Goa,Bicholim,NAVELIM,gram_panchayat,VII,,gp_ward,ward,ST,ST,sc_st_bc,1,ST Woman,ST Wom,all_seats,seat,,Karuna Keshav Mahale,,91,,,latin,local_elections,e0ae2676d62a-dirty,data/goa/2012/panres_2012_Bicholim.pdf,4,page,
goa/gp_ward/2012,f1fed343c7a9,Goa|2012|gp_ward|North Goa|Bicholim|PALEM COTHAMBI|I|,1,Goa,2012,North Goa,Bicholim,PALEM COTHAMBI,gram_panchayat,I,,gp_ward,ward,NONE,NONE,sc_st_bc,0,Other than Woman,General,all_seats,seat,,Shamba Ladu Gauns,,270,,,latin,local_elections,e0ae2676d62a-dirty,data/goa/2012/panres_2012_Bicholim.pdf,4,page,
goa/gp_ward/2012,c02caebfbcf3,Goa|2012|gp_ward|North Goa|Bicholim|PALEM COTHAMBI|II|,1,Goa,2012,North Goa,Bicholim,PALEM COTHAMBI,gram_panchayat,II,,gp_ward,ward,NONE,NONE,sc_st_bc,1,Woman,Women,all_seats,seat,,Deepika Rohidas Naik,,335,,,latin,local_elections,e0ae2676d62a-dirty,data/goa/2012/panres_2012_Bicholim.pdf,4,page,
goa/gp_ward/2012,2ae06a5ba699,Goa|2012|gp_ward|North Goa|Bicholim|PALEM COTHAMBI|III|,1,Goa,2012,North Goa,Bicholim,PALEM COTHAMBI,gram_panchayat,III,,gp_ward,ward,NONE,NONE,sc_st_bc,0,Other than Woman,General,all_seats,seat,,Deepak Vithoba Naik,,285,,,latin,local_elections,e0ae2676d62a-dirty,data/goa/2012/panres_2012_Bicholim.pdf,4,page,
goa/gp_ward/2012,b7522a7269d0,Goa|2012|gp_ward|North Goa|Bicholim|PALEM COTHAMBI|IV|,1,Goa,2012,North Goa,Bicholim,PALEM COTHAMBI,gram_panchayat,IV,,gp_ward,ward,ST,ST,sc_st_bc,1,ST Woman,ST Wom,all_seats,seat,,Radhika Raghuvir Gawde,,143,,,latin,local_elections,e0ae2676d62a-dirty,data/goa/2012/panres_2012_Bicholim.pdf,4,page,
goa/gp_ward/2012,70213588d461,Goa|2012|gp_ward|North Goa|Bicholim|PALEM COTHAMBI|V|,1,Goa,2012,North Goa,Bicholim,PALEM COTHAMBI,gram_panchayat,V,,gp_ward,ward,NONE,NONE,sc_st_bc,0,Other than Woman,General,all_seats,seat,,Subhechya Shamba Gauns,,291,,,latin,local_elections,e0ae2676d62a-dirty,data/goa/2012/panres_2012_Bicholim.pdf,4,page,
goa/gp_ward/2012,6cb9fe240f4a,Goa|2012|gp_ward|North Goa|Bicholim|PALEM COTHAMBI|VI|,1,Goa,2012,North Goa,Bicholim,PALEM COTHAMBI,gram_panchayat,VI,,gp_ward,ward,NONE,NONE,sc_st_bc,0,Other than Woman,General,all_seats,seat,,Pradeep Ram Gawade,,157,,,latin,local_elections,e0ae2676d62a-dirty,data/goa/2012/panres_2012_Bicholim.pdf,4,page,
goa/gp_ward/2012,d4f31207c398,Goa|2012|gp_ward|North Goa|Bicholim|PALEM COTHAMBI|VII|,1,Goa,2012,North Goa,Bicholim,PALEM COTHAMBI,gram_panchayat,VII,,gp_ward,ward,NONE,NONE,sc_st_bc,1,Woman,Women,all_seats,seat,,Hausa Santosh Naik,,232,,,latin,local_elections,e0ae2676d62a-dirty,data/goa/2012/panres_2012_Bicholim.pdf,4,page,
goa/gp_ward/2012,a512ec3303c9,Goa|2012|gp_ward|North Goa|Bicholim|PALEM COTHAMBI|VIII|,1,Goa,2012,North Goa,Bicholim,PALEM COTHAMBI,gram_panchayat,VIII,,gp_ward,ward,BC,BC,sc_st_bc,0,BC Other than Woman,O.B.C.,all_seats,seat,,Mohan Ganesh Valvoikar,,235,,,latin,local_elections,e0ae2676d62a-dirty,data/goa/2012/panres_2012_Bicholim.pdf,4,page,
goa/gp_ward/2012,6a48358d1557,Goa|2012|gp_ward|North Goa|Bicholim|PALEM COTHAMBI|IX|,1,Goa,2012,North Goa,Bicholim,PALEM COTHAMBI,gram_panchayat,IX,,gp_ward,ward,NONE,NONE,sc_st_bc,0,Other than Woman,General,all_seats,seat,,Anant Sripad Parab,,145,,,latin,local_elections,e0ae2676d62a-dirty,data/goa/2012/panres_2012_Bicholim.pdf,4,page,
goa/gp_ward/2012,945a66dfd537,Goa|2012|gp_ward|North Goa|Bicholim|SURLA|I|,1,Goa,2012,North Goa,Bicholim,SURLA,gram_panchayat,I,,gp_ward,ward,NONE,NONE,sc_st_bc,0,Other than Woman,General,all_seats,seat,,Mangaldas Shiva Usgaonkar,,86,,,latin,local_elections,e0ae2676d62a-dirty,data/goa/2012/panres_2012_Bicholim.pdf,4,page,
goa/gp_ward/2012,45571a52b6b4,Goa|2012|gp_ward|North Goa|Bicholim|SURLA|II|,1,Goa,2012,North Goa,Bicholim,SURLA,gram_panchayat,II,,gp_ward,ward,NONE,NONE,sc_st_bc,1,Woman,Women,all_seats,seat,,Suhasini Subhash Fondekar,,188,,,latin,local_elections,e0ae2676d62a-dirty,data/goa/2012/panres_2012_Bicholim.pdf,4,page,
goa/gp_ward/2012,1c599b681f31,Goa|2012|gp_ward|North Goa|Bicholim|VELGUEM|I|,1,Goa,2012,North Goa,Bicholim,VELGUEM,gram_panchayat,I,,gp_ward,ward,BC,BC,sc_st_bc,0,BC Other than Woman,O.B.C.,all_seats,seat,,Giridhar Vishnu Haldankar,,74,,,latin,local_elections,e0ae2676d62a-dirty,data/goa/2012/panres_2012_Bicholim.pdf,5,page,
goa/gp_ward/2012,afffe5dea7bf,Goa|2012|gp_ward|North Goa|Bicholim|VELGUEM|II|,1,Goa,2012,North Goa,Bicholim,VELGUEM,gram_panchayat,II,,gp_ward,ward,NONE,NONE,sc_st_bc,1,Woman,Women,all_seats,seat,,Dhanashree Ghanasham Gaonkar,,103,,,latin,local_elections,e0ae2676d62a-dirty,data/goa/2012/panres_2012_Bicholim.pdf,5,page,
goa/gp_ward/2012,06ec3d16ea5e,Goa|2012|gp_ward|North Goa|Bicholim|VELGUEM|III|,1,Goa,2012,North Goa,Bicholim,VELGUEM,gram_panchayat,III,,gp_ward,ward,NONE,NONE,sc_st_bc,0,Other than Woman,General,all_seats,seat,,Gokuldas Krishna Kamat,,78,,,latin,local_elections,e0ae2676d62a-dirty,data/goa/2012/panres_2012_Bicholim.pdf,5,page,
goa/gp_ward/2012,c5b61b18773f,Goa|2012|gp_ward|North Goa|Bicholim|VELGUEM|IV|,1,Goa,2012,North Goa,Bicholim,VELGUEM,gram_panchayat,IV,,gp_ward,ward,BC,BC,sc_st_bc,0,BC Other than Woman,O.B.C.,all_seats,seat,,Sarvesh Suresh Mulgaonkar,,135,,,latin,local_elections,e0ae2676d62a-dirty,data/goa/2012/panres_2012_Bicholim.pdf,5,page,
goa/gp_ward/2012,909174e9abf0,Goa|2012|gp_ward|North Goa|Bicholim|VELGUEM|V|,1,Goa,2012,North Goa,Bicholim,VELGUEM,gram_panchayat,V,,gp_ward,ward,NONE,NONE,sc_st_bc,0,Other than Woman,General,all_seats,seat,,Dilipkumar Yeshwant Sahastrabudde,,113,,,latin,local_elections,e0ae2676d62a-dirty,data/goa/2012/panres_2012_Bicholim.pdf,5,page,
goa/gp_ward/2012,0d742fb25ca9,Goa|2012|gp_ward|North Goa|Bicholim|VELGUEM|VI|,1,Goa,2012,North Goa,Bicholim,VELGUEM,gram_panchayat,VI,,gp_ward,ward,NONE,NONE,sc_st_bc,0,Other than Woman,General,all_seats,seat,,Mukesh Purshuttam Ghatwal,,93,,,latin,local_elections,e0ae2676d62a-dirty,data/goa/2012/panres_2012_Bicholim.pdf,5,page,
goa/gp_ward/2012,a3295a62adf8,Goa|2012|gp_ward|North Goa|Bicholim|VELGUEM|VII|,1,Goa,2012,North Goa,Bicholim,VELGUEM,gram_panchayat,VII,,gp_ward,ward,NONE,NONE,sc_st_bc,1,Woman,Women,all_seats,seat,,Rupa Madhukar Gawande,,79,,,latin,local_elections,e0ae2676d62a-dirty,data/goa/2012/panres_2012_Bicholim.pdf,5,page,
goa/gp_ward/2012,88d46236132e,Goa|2012|gp_ward|South Goa|Canacona|Agonda|I|,1,Goa,2012,South Goa,Canacona,Agonda,gram_panchayat,I,,gp_ward,ward,NONE,NONE,sc_st_bc,0,Other than Woman,General,all_seats,seat,,Pramod N. Folodesai,,115,,,latin,local_elections,e0ae2676d62a-dirty,data/goa/2012/panres_2012_Canacona.pdf,1,page,
goa/gp_ward/2012,20d05c3cec3d,Goa|2012|gp_ward|South Goa|Canacona|Agonda|II|,1,Goa,2012,South Goa,Canacona,Agonda,gram_panchayat,II,,gp_ward,ward,NONE,NONE,sc_st_bc,1,Woman,Women,all_seats,seat,,Dajula Uttam Pagi,,135,,,latin,local_elections,e0ae2676d62a-dirty,data/goa/2012/panres_2012_Canacona.pdf,1,page,
goa/gp_ward/2012,c5fd211ecc8a,Goa|2012|gp_ward|South Goa|Canacona|Agonda|III|,1,Goa,2012,South Goa,Canacona,Agonda,gram_panchayat,III,,gp_ward,ward,NONE,NONE,sc_st_bc,0,Other than Woman,General,all_seats,seat,,Fenny Mouricio Miranda,,134,,,latin,local_elections,e0ae2676d62a-dirty,data/goa/2012/panres_2012_Canacona.pdf,1,page,
goa/gp_ward/2012,59aab4cd1c10,Goa|2012|gp_ward|South Goa|Canacona|Agonda|IV|,1,Goa,2012,South Goa,Canacona,Agonda,gram_panchayat,IV,,gp_ward,ward,NONE,NONE,sc_st_bc,0,Other than Woman,General,all_seats,seat,,Tipu Chandrakant Pagi,,187,,,latin,local_elections,e0ae2676d62a-dirty,data/goa/2012/panres_2012_Canacona.pdf,1,page,
goa/gp_ward/2012,c0b353cd3eb4,Goa|2012|gp_ward|South Goa|Canacona|Agonda|V|,1,Goa,2012,South Goa,Canacona,Agonda,gram_panchayat,V,,gp_ward,ward,NONE,NONE,sc_st_bc,0,Other than Woman,General,all_seats,seat,,Abel Tome Asucao Emeliano Borges,,187,,,latin,local_elections,e0ae2676d62a-dirty,data/goa/2012/panres_2012_Canacona.pdf,1,page,
goa/gp_ward/2012,b8d048af7ec3,Goa|2012|gp_ward|South Goa|Canacona|Agonda|VI|,1,Goa,2012,South Goa,Canacona,Agonda,gram_panchayat,VI,,gp_ward,ward,NONE,NONE,sc_st_bc,0,Other than Woman,General,all_seats,seat,,Sapnesh Ganesh Desai,,75,,,latin,local_elections,e0ae2676d62a-dirty,data/goa/2012/panres_2012_Canacona.pdf,1,page,
goa/gp_ward/2012,a87e83bc1847,Goa|2012|gp_ward|South Goa|Canacona|Agonda|VII|,1,Goa,2012,South Goa,Canacona,Agonda,gram_panchayat,VII,,gp_ward,ward,NONE,NONE,sc_st_bc,1,Woman,Women,all_seats,seat,,Navnita Narendranatha Naik,,268,,,latin,local_elections,e0ae2676d62a-dirty,data/goa/2012/panres_2012_Canacona.pdf,1,page,
goa/gp_ward/2012,bb946c675d64,Goa|2012|gp_ward|South Goa|Canacona|Cola|I|,1,Goa,2012,South Goa,Canacona,Cola,gram_panchayat,I,,gp_ward,ward,NONE,NONE,sc_st_bc,0,Other than Woman,General,all_seats,seat,,Ajay Vithoba Pagui,,363,,,latin,local_elections,e0ae2676d62a-dirty,data/goa/2012/panres_2012_Canacona.pdf,1,page,
goa/gp_ward/2012,c391a34353e2,Goa|2012|gp_ward|South Goa|Canacona|Cola|II|,1,Goa,2012,South Goa,Canacona,Cola,gram_panchayat,II,,gp_ward,ward,NONE,NONE,sc_st_bc,1,Woman,Women,all_seats,seat,,Maria Nazareth Fernandes,,111,,,latin,local_elections,e0ae2676d62a-dirty,data/goa/2012/panres_2012_Canacona.pdf,1,page,
goa/gp_ward/2012,5e5e72486b2b,Goa|2012|gp_ward|South Goa|Canacona|Cola|III|,1,Goa,2012,South Goa,Canacona,Cola,gram_panchayat,III,,gp_ward,ward,ST,ST,sc_st_bc,0,ST Other than Woman,S.T.,all_seats,seat,,Narayan Saptu Velip,,434,,,latin,local_elections,e0ae2676d62a-dirty,data/goa/2012/panres_2012_Canacona.pdf,1,page,
goa/gp_ward/2012,a89fb6a91d90,Goa|2012|gp_ward|South Goa|Canacona|Cola|IV|,1,Goa,2012,South Goa,Canacona,Cola,gram_panchayat,IV,,gp_ward,ward,ST,ST,sc_st_bc,1,ST Woman,ST Women,all_seats,seat,,Anjali Ratnakar Velip,,142,,,latin,local_elections,e0ae2676d62a-dirty,data/goa/2012/panres_2012_Canacona.pdf,1,page,
goa/gp_ward/2012,833f02a83755,Goa|2012|gp_ward|South Goa|Canacona|Cola|V|,1,Goa,2012,South Goa,Canacona,Cola,gram_panchayat,V,,gp_ward,ward,ST,ST,sc_st_bc,0,ST Other than Woman,S.T.,all_seats,seat,,Anant Ladu Velip,,186,,,latin,local_elections,e0ae2676d62a-dirty,data/goa/2012/panres_2012_Canacona.pdf,1,page,
goa/gp_ward/2012,cf88d18c29f3,Goa|2012|gp_ward|South Goa|Canacona|Cola|VI|,1,Goa,2012,South Goa,Canacona,Cola,gram_panchayat,VI,,gp_ward,ward,NONE,NONE,sc_st_bc,0,Other than Woman,General,all_seats,seat,,Jairam Bhiva Velip,,132,,,latin,local_elections,e0ae2676d62a-dirty,data/goa/2012/panres_2012_Canacona.pdf,1,page,
goa/gp_ward/2012,86098a2abadb,Goa|2012|gp_ward|South Goa|Canacona|Cola|VII|,1,Goa,2012,South Goa,Canacona,Cola,gram_panchayat,VII,,gp_ward,ward,BC,BC,sc_st_bc,1,BC Woman,OBC Wom,all_seats,seat,,Vanita Santosh Naik,,212,,,latin,local_elections,e0ae2676d62a-dirty,data/goa/2012/panres_2012_Canacona.pdf,1,page,
goa/gp_ward/2012,6a814a876002,Goa|2012|gp_ward|South Goa|Canacona|Cola|VIII|,1,Goa,2012,South Goa,Canacona,Cola,gram_panchayat,VIII,,gp_ward,ward,NONE,NONE,sc_st_bc,0,Other than Woman,General,all_seats,seat,,Gurudas Bombi Zaraunkar,,188,,,latin,local_elections,e0ae2676d62a-dirty,data/goa/2012/panres_2012_Canacona.pdf,1,page,
goa/gp_ward/2012,d867110efe7c,Goa|2012|gp_ward|South Goa|Canacona|Cola|IX|,1,Goa,2012,South Goa,Canacona,Cola,gram_panchayat,IX,,gp_ward,ward,NONE,NONE,sc_st_bc,0,Other than Woman,General,all_seats,seat,,Guru Vithoba Velip,,181,,,latin,local_elections,e0ae2676d62a-dirty,data/goa/2012/panres_2012_Canacona.pdf,1,page,
goa/gp_ward/2012,8ba8624558cf,Goa|2012|gp_ward|South Goa|Canacona|Cotigao|I|,1,Goa,2012,South Goa,Canacona,Cotigao,gram_panchayat,I,,gp_ward,ward,NONE,NONE,sc_st_bc,0,Other than Woman,General,all_seats,seat,,Paik Mhalgo Velip,,122,,,latin,local_elections,e0ae2676d62a-dirty,data/goa/2012/panres_2012_Canacona.pdf,1,page,
goa/gp_ward/2012,b5c253e64d1e,Goa|2012|gp_ward|South Goa|Canacona|Cotigao|II|,1,Goa,2012,South Goa,Canacona,Cotigao,gram_panchayat,II,,gp_ward,ward,NONE,NONE,sc_st_bc,1,Woman,Women,all_seats,seat,,Meena Umesh Gaunkar,,200,,,latin,local_elections,e0ae2676d62a-dirty,data/goa/2012/panres_2012_Canacona.pdf,1,page,
goa/gp_ward/2012,671719110838,Goa|2012|gp_ward|South Goa|Canacona|Cotigao|III|,1,Goa,2012,South Goa,Canacona,Cotigao,gram_panchayat,III,,gp_ward,ward,NONE,NONE,sc_st_bc,0,Other than Woman,General,all_seats,seat,,Ratnakar Bhisso Velip,,112,,,latin,local_elections,e0ae2676d62a-dirty,data/goa/2012/panres_2012_Canacona.pdf,1,page,
goa/gp_ward/2012,a459d0071b44,Goa|2012|gp_ward|South Goa|Canacona|Cotigao|IV|,1,Goa,2012,South Goa,Canacona,Cotigao,gram_panchayat,IV,,gp_ward,ward,NONE,NONE,sc_st_bc,0,Other than Woman,General,all_seats,seat,,Anant Mukund Dessai,,116,,,latin,local_elections,e0ae2676d62a-dirty,data/goa/2012/panres_2012_Canacona.pdf,1,page,
goa/gp_ward/2012,1fd492219074,Goa|2012|gp_ward|South Goa|Canacona|Cotigao|V|,1,Goa,2012,South Goa,Canacona,Cotigao,gram_panchayat,V,,gp_ward,ward,ST,ST,sc_st_bc,0,ST Other than Woman,S.T.,all_seats,seat,,Laxman Mhalgo Velip,,Unoppsoed,,,latin,local_elections,e0ae2676d62a-dirty,data/goa/2012/panres_2012_Canacona.pdf,1,page,
goa/gp_ward/2012,146ef7065b06,Goa|2012|gp_ward|South Goa|Canacona|Cotigao|VI|,1,Goa,2012,South Goa,Canacona,Cotigao,gram_panchayat,VI,,gp_ward,ward,NONE,NONE,sc_st_bc,0,Other than Woman,General,all_seats,seat,,Datta Jorago Velip,,138,,,latin,local_elections,e0ae2676d62a-dirty,data/goa/2012/panres_2012_Canacona.pdf,1,page,
goa/gp_ward/2012,e2e4b0016faf,Goa|2012|gp_ward|South Goa|Canacona|Cotigao|VII|,1,Goa,2012,South Goa,Canacona,Cotigao,gram_panchayat,VII,,gp_ward,ward,NONE,NONE,sc_st_bc,1,Woman,Women,all_seats,seat,,Vaishnavi Vassant Velip,,147,,,latin,local_elections,e0ae2676d62a-dirty,data/goa/2012/panres_2012_Canacona.pdf,1,page,
goa/gp_ward/2012,98d7310e450c,Goa|2012|gp_ward|South Goa|Canacona|Gaondongrem|I|,1,Goa,2012,South Goa,Canacona,Gaondongrem,gram_panchayat,I,,gp_ward,ward,NONE,NONE,sc_st_bc,0,Other than Woman,General,all_seats,seat,,Puno Govind Gaonkar,,193,,,latin,local_elections,e0ae2676d62a-dirty,data/goa/2012/panres_2012_Canacona.pdf,1,page,
goa/gp_ward/2012,0f294618deec,Goa|2012|gp_ward|South Goa|Canacona|Gaondongrem|II|,1,Goa,2012,South Goa,Canacona,Gaondongrem,gram_panchayat,II,,gp_ward,ward,NONE,NONE,sc_st_bc,1,Woman,Women,all_seats,seat,,Lakshavati Datta Velip,,158,,,latin,local_elections,e0ae2676d62a-dirty,data/goa/2012/panres_2012_Canacona.pdf,1,page,
goa/gp_ward/2012,0909c4686a09,Goa|2012|gp_ward|South Goa|Canacona|Gaondongrem|III|,1,Goa,2012,South Goa,Canacona,Gaondongrem,gram_panchayat,III,,gp_ward,ward,ST,ST,sc_st_bc,0,ST Other than Woman,S.T.,all_seats,seat,,Umesh Purso Velip,,258,,,latin,local_elections,e0ae2676d62a-dirty,data/goa/2012/panres_2012_Canacona.pdf,1,page,
goa/gp_ward/2012,aa165e6ed812,Goa|2012|gp_ward|South Goa|Canacona|Gaondongrem|IV|,1,Goa,2012,South Goa,Canacona,Gaondongrem,gram_panchayat,IV,,gp_ward,ward,ST,ST,sc_st_bc,1,ST Woman,ST Women,all_seats,seat,,Pramawati Deu Gaonkar,,203,,,latin,local_elections,e0ae2676d62a-dirty,data/goa/2012/panres_2012_Canacona.pdf,2,page,
goa/gp_ward/2012,195515556830,Goa|2012|gp_ward|South Goa|Canacona|Gaondongrem|V|,1,Goa,2012,South Goa,Canacona,Gaondongrem,gram_panchayat,V,,gp_ward,ward,NONE,NONE,sc_st_bc,0,Other than Woman,General,all_seats,seat,,Arun Vishnu Devidas,,171,,,latin,local_elections,e0ae2676d62a-dirty,data/goa/2012/panres_2012_Canacona.pdf,2,page,
goa/gp_ward/2012,34cebb4cb112,Goa|2012|gp_ward|South Goa|Canacona|Gaondongrem|VI|,1,Goa,2012,South Goa,Canacona,Gaondongrem,gram_panchayat,VI,,gp_ward,ward,NONE,NONE,sc_st_bc,0,Other than Woman,General,all_seats,seat,,Barkelo Panglo Velip,,194,,,latin,local_elections,e0ae2676d62a-dirty,data/goa/2012/panres_2012_Canacona.pdf,2,page,
goa/gp_ward/2012,6d0965036684,Goa|2012|gp_ward|South Goa|Canacona|Gaondongrem|VII|,1,Goa,2012,South Goa,Canacona,Gaondongrem,gram_panchayat,VII,,gp_ward,ward,NONE,NONE,sc_st_bc,1,Woman,Women,all_seats,seat,,Taramati Krishna Gaonkar,,262,,,latin,local_elections,e0ae2676d62a-dirty,data/goa/2012/panres_2012_Canacona.pdf,2,page,
goa/gp_ward/2012,7655a32b7936,Goa|2012|gp_ward|South Goa|Canacona|Gaondongrem|VIII|,1,Goa,2012,South Goa,Canacona,Gaondongrem,gram_panchayat,VIII,,gp_ward,ward,NONE,NONE,sc_st_bc,0,Other than Woman,General,all_seats,seat,,Ashok Bhiva Velip,,302,,,latin,local_elections,e0ae2676d62a-dirty,data/goa/2012/panres_2012_Canacona.pdf,2,page,
goa/gp_ward/2012,45b4e8892b8b,Goa|2012|gp_ward|South Goa|Canacona|Gaondongrem|IX|,1,Goa,2012,South Goa,Canacona,Gaondongrem,gram_panchayat,IX,,gp_ward,ward,NONE,NONE,sc_st_bc,0,Other than Woman,General,all_seats,seat,,Kust Puno Gaonkar,,201,,,latin,local_elections,e0ae2676d62a-dirty,data/goa/2012/panres_2012_Canacona.pdf,2,page,
goa/gp_ward/2012,50cb224dbcb4,Goa|2012|gp_ward|South Goa|Canacona|Loliem-Polem|I|,1,Goa,2012,South Goa,Canacona,Loliem-Polem,gram_panchayat,I,,gp_ward,ward,BC,BC,sc_st_bc,0,BC Other than Woman,O.B.C.,all_seats,seat,,Shailesh Umesh Pagi,,281,,,latin,local_elections,e0ae2676d62a-dirty,data/goa/2012/panres_2012_Canacona.pdf,2,page,
goa/gp_ward/2012,02a341ea6f03,Goa|2012|gp_ward|South Goa|Canacona|Loliem-Polem|II|,1,Goa,2012,South Goa,Canacona,Loliem-Polem,gram_panchayat,II,,gp_ward,ward,NONE,NONE,sc_st_bc,1,Woman,Women,all_seats,seat,,Caitania Alex Dias,,194,,,latin,local_elections,e0ae2676d62a-dirty,data/goa/2012/panres_2012_Canacona.pdf,2,page,
goa/gp_ward/2012,f4f3710886d9,Goa|2012|gp_ward|South Goa|Canacona|Loliem-Polem|III|,1,Goa,2012,South Goa,Canacona,Loliem-Polem,gram_panchayat,III,,gp_ward,ward,NONE,NONE,sc_st_bc,0,Other than Woman,General,all_seats,seat,,Santan Xavier Da' Costa,,137,,,latin,local_elections,e0ae2676d62a-dirty,data/goa/2012/panres_2012_Canacona.pdf,2,page,
goa/gp_ward/2012,137691729c3b,Goa|2012|gp_ward|South Goa|Canacona|Loliem-Polem|IV|,1,Goa,2012,South Goa,Canacona,Loliem-Polem,gram_panchayat,IV,,gp_ward,ward,NONE,NONE,sc_st_bc,1,Woman,Women,all_seats,seat,,Shilpa Shantaram Daikar,,223,,,latin,local_elections,e0ae2676d62a-dirty,data/goa/2012/panres_2012_Canacona.pdf,2,page,
goa/gp_ward/2012,9f9142fbfa5a,Goa|2012|gp_ward|South Goa|Canacona|Loliem-Polem|V|,1,Goa,2012,South Goa,Canacona,Loliem-Polem,gram_panchayat,V,,gp_ward,ward,NONE,NONE,sc_st_bc,0,Other than Woman,General,all_seats,seat,,Ashutosh Hari Bandekar,,189,,,latin,local_elections,e0ae2676d62a-dirty,data/goa/2012/panres_2012_Canacona.pdf,2,page,
goa/gp_ward/2012,01cfd4ea3b63,Goa|2012|gp_ward|South Goa|Canacona|Loliem-Polem|VI|,1,Goa,2012,South Goa,Canacona,Loliem-Polem,gram_panchayat,VI,,gp_ward,ward,NONE,NONE,sc_st_bc,0,Other than Woman,General,all_seats,seat,,Virendra Vinayak Naik,,133,,,latin,local_elections,e0ae2676d62a-dirty,data/goa/2012/panres_2012_Canacona.pdf,2,page,
goa/gp_ward/2012,5f13eca18fd3,Goa|2012|gp_ward|South Goa|Canacona|Loliem-Polem|VII|,1,Goa,2012,South Goa,Canacona,Loliem-Polem,gram_panchayat,VII,,gp_ward,ward,NONE,NONE,sc_st_bc,1,Woman,Women,all_seats,seat,,Vinda Govind Satarkar,,184,,,latin,local_elections,e0ae2676d62a-dirty,data/goa/2012/panres_2012_Canacona.pdf,2,page,
goa/gp_ward/2012,277cbff03f15,Goa|2012|gp_ward|South Goa|Canacona|Loliem-Polem|VIII|,1,Goa,2012,South Goa,Canacona,Loliem-Polem,gram_panchayat,VIII,,gp_ward,ward,NONE,NONE,sc_st_bc,0,Other than Woman,General,all_seats,seat,,Rajesh Chandrakant Naik,,132,,,latin,local_elections,e0ae2676d62a-dirty,data/goa/2012/panres_2012_Canacona.pdf,2,page,
goa/gp_ward/2012,8769b5b6da80,Goa|2012|gp_ward|South Goa|Canacona|Loliem-Polem|IX|,1,Goa,2012,South Goa,Canacona,Loliem-Polem,gram_panchayat,IX,,gp_ward,ward,NONE,NONE,sc_st_bc,0,Other than Woman,General,all_seats,seat,,Bhushan Balkrishna Prabhu Gaonkar,,212,,,latin,local_elections,e0ae2676d62a-dirty,data/goa/2012/panres_2012_Canacona.pdf,2,page,
goa/gp_ward/2012,94e6fe9aa4b6,Goa|2012|gp_ward|South Goa|Canacona|Poinguinim|I|,1,Goa,2012,South Goa,Canacona,Poinguinim,gram_panchayat,I,,gp_ward,ward,ST,ST,sc_st_bc,0,ST Other than Woman,S.T.,all_seats,seat,,Ramdas Babu Velip,,238,,,latin,local_elections,e0ae2676d62a-dirty,data/goa/2012/panres_2012_Canacona.pdf,2,page,
goa/gp_ward/2012,5414a0552858,Goa|2012|gp_ward|South Goa|Canacona|Poinguinim|II|,1,Goa,2012,South Goa,Canacona,Poinguinim,gram_panchayat,II,,gp_ward,ward,NONE,NONE,sc_st_bc,1,Woman,Women,all_seats,seat,,Maria Jaquelina Thomas Fernandes E Rebelo,,138,,,latin,local_elections,e0ae2676d62a-dirty,data/goa/2012/panres_2012_Canacona.pdf,2,page,
goa/gp_ward/2012,86a34fb5644b,Goa|2012|gp_ward|South Goa|Canacona|Poinguinim|III|,1,Goa,2012,South Goa,Canacona,Poinguinim,gram_panchayat,III,,gp_ward,ward,NONE,NONE,sc_st_bc,0,Other than Woman,General,all_seats,seat,,Vallabh Ramchandra Tengse,,344,,,latin,local_elections,e0ae2676d62a-dirty,data/goa/2012/panres_2012_Canacona.pdf,2,page,
goa/gp_ward/2012,07c477f46137,Goa|2012|gp_ward|South Goa|Canacona|Poinguinim|IV|,1,Goa,2012,South Goa,Canacona,Poinguinim,gram_panchayat,IV,,gp_ward,ward,NONE,NONE,sc_st_bc,1,Woman,Women,all_seats,seat,,Archana Sunil Painginkar,,218,,,latin,local_elections,e0ae2676d62a-dirty,data/goa/2012/panres_2012_Canacona.pdf,2,page,
goa/gp_ward/2012,afa2adb26545,Goa|2012|gp_ward|South Goa|Canacona|Poinguinim|V|,1,Goa,2012,South Goa,Canacona,Poinguinim,gram_panchayat,V,,gp_ward,ward,NONE,NONE,sc_st_bc,0,Other than Woman,General,all_seats,seat,,Domingos Caetano Francisco Xavier Barreto,,283,,,latin,local_elections,e0ae2676d62a-dirty,data/goa/2012/panres_2012_Canacona.pdf,2,page,
goa/gp_ward/2012,53a7e6f535eb,Goa|2012|gp_ward|South Goa|Canacona|Poinguinim|VI|,1,Goa,2012,South Goa,Canacona,Poinguinim,gram_panchayat,VI,,gp_ward,ward,BC,BC,sc_st_bc,0,BC Other than Woman,O.B.C.,all_seats,seat,,Prakash Omu Metri,,228,,,latin,local_elections,e0ae2676d62a-dirty,data/goa/2012/panres_2012_Canacona.pdf,2,page,
goa/gp_ward/2012,98ad5df884d7,Goa|2012|gp_ward|South Goa|Canacona|Poinguinim|VII|,1,Goa,2012,South Goa,Canacona,Poinguinim,gram_panchayat,VII,,gp_ward,ward,NONE,NONE,sc_st_bc,1,Woman,Women,all_seats,seat,,Surekha Keshav Prabhu Gaonker,,284,,,latin,local_elections,e0ae2676d62a-dirty,data/goa/2012/panres_2012_Canacona.pdf,2,page,
goa/gp_ward/2012,4c56cc54711f,Goa|2012|gp_ward|South Goa|Canacona|Poinguinim|VIII|,1,Goa,2012,South Goa,Canacona,Poinguinim,gram_panchayat,VIII,,gp_ward,ward,BC,BC,sc_st_bc,0,BC Other than Woman,O.B.C.,all_seats,seat,,Govind Gopi Naik,,272,,,latin,local_elections,e0ae2676d62a-dirty,data/goa/2012/panres_2012_Canacona.pdf,2,page,
goa/gp_ward/2012,985dd63d11c6,Goa|2012|gp_ward|South Goa|Canacona|Poinguinim|IX|,1,Goa,2012,South Goa,Canacona,Poinguinim,gram_panchayat,IX,,gp_ward,ward,NONE,NONE,sc_st_bc,0,Other than Woman,General,all_seats,seat,,Jagadish Bhiki Tawadkar,,398,,,latin,local_elections,e0ae2676d62a-dirty,data/goa/2012/panres_2012_Canacona.pdf,2,page,
goa/gp_ward/2012,47c55cf1148d,Goa|2012|gp_ward|South Goa|Canacona|Shirsthal|I|,1,Goa,2012,South Goa,Canacona,Shirsthal,gram_panchayat,I,,gp_ward,ward,NONE,NONE,sc_st_bc,0,Other than Woman,General,all_seats,seat,,Devendra Kashinath Naik,,210,,,latin,local_elections,e0ae2676d62a-dirty,data/goa/2012/panres_2012_Canacona.pdf,2,page,
goa/gp_ward/2012,b174ff4c4a82,Goa|2012|gp_ward|South Goa|Canacona|Shirsthal|II|,1,Goa,2012,South Goa,Canacona,Shirsthal,gram_panchayat,II,,gp_ward,ward,BC,BC,sc_st_bc,1,BC Woman,OBC Wom,all_seats,seat,,Amruta Gopinath Bhandari,,175,,,latin,local_elections,e0ae2676d62a-dirty,data/goa/2012/panres_2012_Canacona.pdf,2,page,
goa/gp_ward/2012,5347ddf459f2,Goa|2012|gp_ward|South Goa|Canacona|Shirsthal|III|,1,Goa,2012,South Goa,Canacona,Shirsthal,gram_panchayat,III,,gp_ward,ward,NONE,NONE,sc_st_bc,0,Other than Woman,General,all_seats,seat,,Shri Prashant Krishna Dessai,,Unoppsoed,,,latin,local_elections,e0ae2676d62a-dirty,data/goa/2012/panres_2012_Canacona.pdf,2,page,
goa/gp_ward/2012,cab6cef18d2a,Goa|2012|gp_ward|South Goa|Canacona|Shirsthal|IV|,1,Goa,2012,South Goa,Canacona,Shirsthal,gram_panchayat,IV,,gp_ward,ward,ST,ST,sc_st_bc,0,ST Other than Woman,S.T.,all_seats,seat,,Shri Laxman Ganesh Raikar,,Unoppsoed,,,latin,local_elections,e0ae2676d62a-dirty,data/goa/2012/panres_2012_Canacona.pdf,2,page,
goa/gp_ward/2012,10370b4de693,Goa|2012|gp_ward|South Goa|Canacona|Shirsthal|V|,1,Goa,2012,South Goa,Canacona,Shirsthal,gram_panchayat,V,,gp_ward,ward,NONE,NONE,sc_st_bc,0,Other than Woman,General,all_seats,seat,,Premanand Mahalgo Velip,,197,,,latin,local_elections,e0ae2676d62a-dirty,data/goa/2012/panres_2012_Canacona.pdf,3,page,
goa/gp_ward/2012,09c5d3fc971e,Goa|2012|gp_ward|South Goa|Canacona|Shirsthal|VI|,1,Goa,2012,South Goa,Canacona,Shirsthal,gram_panchayat,VI,,gp_ward,ward,NONE,NONE,sc_st_bc,0,Other than Woman,General,all_seats,seat,,Pandurang Ghurko Gaonkar,,171,,,latin,local_elections,e0ae2676d62a-dirty,data/goa/2012/panres_2012_Canacona.pdf,3,page,
goa/gp_ward/2012,af7f553a76f1,Goa|2012|gp_ward|South Goa|Canacona|Shirsthal|VII|,1,Goa,2012,South Goa,Canacona,Shirsthal,gram_panchayat,VII,,gp_ward,ward,NONE,NONE,sc_st_bc,1,Woman,Women,all_seats,seat,,Geeta Ganesh Gaonkar,,321,,,latin,local_elections,e0ae2676d62a-dirty,data/goa/2012/panres_2012_Canacona.pdf,3,page,
goa/gp_ward/2012,0cee0d0c7324,Goa|2012|gp_ward|South Goa|Dharbandora|Collem|I|,1,Goa,2012,South Goa,Dharbandora,Collem,gram_panchayat,I,,gp_ward,ward,NONE,NONE,sc_st_bc,0,Other than Woman,General,all_seats,seat,,Nilesh Chandrakant Satpalkar,,197,,,latin,local_elections,e0ae2676d62a-dirty,data/goa/2012/panres_2012_Dharbandora.pdf,1,page,
goa/gp_ward/2012,7f16b5de1e3e,Goa|2012|gp_ward|South Goa|Dharbandora|Collem|II|,1,Goa,2012,South Goa,Dharbandora,Collem,gram_panchayat,II,,gp_ward,ward,NONE,NONE,sc_st_bc,1,Woman,Women,all_seats,seat,,Yashaswi Yadendra Kavlekar,,123,,,latin,local_elections,e0ae2676d62a-dirty,data/goa/2012/panres_2012_Dharbandora.pdf,1,page,
goa/gp_ward/2012,a56d3c6eb240,Goa|2012|gp_ward|South Goa|Dharbandora|Collem|III|,1,Goa,2012,South Goa,Dharbandora,Collem,gram_panchayat,III,,gp_ward,ward,NONE,NONE,sc_st_bc,0,Other than Woman,General,all_seats,seat,,Nilesh Harichandra Velip,,201,,,latin,local_elections,e0ae2676d62a-dirty,data/goa/2012/panres_2012_Dharbandora.pdf,1,page,
goa/gp_ward/2012,632ddebbff23,Goa|2012|gp_ward|South Goa|Dharbandora|Collem|IV|,1,Goa,2012,South Goa,Dharbandora,Collem,gram_panchayat,IV,,gp_ward,ward,NONE,NONE,sc_st_bc,1,Woman,Women,all_seats,seat,,Savita Prakash Dessai,,191,,,latin,local_elections,e0ae2676d62a-dirty,data/goa/2012/panres_2012_Dharbandora.pdf,1,page,
goa/gp_ward/2012,6d06339536e8,Goa|2012|gp_ward|South Goa|Dharbandora|Collem|V|,1,Goa,2012,South Goa,Dharbandora,Collem,gram_panchayat,V,,gp_ward,ward,NONE,NONE,sc_st_bc,0,Other than Woman,General,all_seats,seat,,Kiran Khushali Mamlekar,,110,,,latin,local_elections,e0ae2676d62a-dirty,data/goa/2012/panres_2012_Dharbandora.pdf,1,page,
goa/gp_ward/2012,f83fbfb2e740,Goa|2012|gp_ward|South Goa|Dharbandora|Collem|VI|,1,Goa,2012,South Goa,Dharbandora,Collem,gram_panchayat,VI,,gp_ward,ward,BC,BC,sc_st_bc,0,BC Other than Woman,O.B.C.,all_seats,seat,,Dilip Datta Priolkar,,88,,,latin,local_elections,e0ae2676d62a-dirty,data/goa/2012/panres_2012_Dharbandora.pdf,1,page,
goa/gp_ward/2012,81afb6319aec,Goa|2012|gp_ward|South Goa|Dharbandora|Collem|VII|,1,Goa,2012,South Goa,Dharbandora,Collem,gram_panchayat,VII,,gp_ward,ward,NONE,NONE,sc_st_bc,1,Woman,Women,all_seats,seat,,Veena Vishnu Devidas,,120,,,latin,local_elections,e0ae2676d62a-dirty,data/goa/2012/panres_2012_Dharbandora.pdf,1,page,
goa/gp_ward/2012,5145143beb78,Goa|2012|gp_ward|South Goa|Dharbandora|Collem|VIII|,1,Goa,2012,South Goa,Dharbandora,Collem,gram_panchayat,VIII,,gp_ward,ward,NONE,NONE,sc_st_bc,0,Other than Woman,General,all_seats,seat,,Ramesh Kashinath Khandeparkar,,173,,,latin,local_elections,e0ae2676d62a-dirty,data/goa/2012/panres_2012_Dharbandora.pdf,1,page,
goa/gp_ward/2012,ca7d1dd9b06e,Goa|2012|gp_ward|South Goa|Dharbandora|Collem|IX|,1,Goa,2012,South Goa,Dharbandora,Collem,gram_panchayat,IX,,gp_ward,ward,NONE,NONE,sc_st_bc,0,Other than Woman,General,all_seats,seat,,Bellal Badshah Sayad,,153,,,latin,local_elections,e0ae2676d62a-dirty,data/goa/2012/panres_2012_Dharbandora.pdf,1,page,
goa/gp_ward/2012,6816ff3b160b,Goa|2012|gp_ward|South Goa|Dharbandora|Dharbandora|I|,1,Goa,2012,South Goa,Dharbandora,Dharbandora,gram_panchayat,I,,gp_ward,ward,NONE,NONE,sc_st_bc,0,Other than Woman,General,all_seats,seat,,Sashikant Datta Gauns,,68,,,latin,local_elections,e0ae2676d62a-dirty,data/goa/2012/panres_2012_Dharbandora.pdf,1,page,
goa/gp_ward/2012,bc26793c3faa,Goa|2012|gp_ward|South Goa|Dharbandora|Dharbandora|II|,1,Goa,2012,South Goa,Dharbandora,Dharbandora,gram_panchayat,II,,gp_ward,ward,NONE,NONE,sc_st_bc,1,Woman,Women,all_seats,seat,,Swati Vasudev Gawas,,134,,,latin,local_elections,e0ae2676d62a-dirty,data/goa/2012/panres_2012_Dharbandora.pdf,1,page,
goa/gp_ward/2012,c26fe972d3f6,Goa|2012|gp_ward|South Goa|Dharbandora|Dharbandora|III|,1,Goa,2012,South Goa,Dharbandora,Dharbandora,gram_panchayat,III,,gp_ward,ward,NONE,NONE,sc_st_bc,0,Other than Woman,General,all_seats,seat,,Kalidas Govind Mainekar,,163,,,latin,local_elections,e0ae2676d62a-dirty,data/goa/2012/panres_2012_Dharbandora.pdf,1,page,
goa/gp_ward/2012,ceaead697d66,Goa|2012|gp_ward|South Goa|Dharbandora|Dharbandora|IV|,1,Goa,2012,South Goa,Dharbandora,Dharbandora,gram_panchayat,IV,,gp_ward,ward,NONE,NONE,sc_st_bc,1,Woman,Women,all_seats,seat,,Surekha Shamu Velingkar,,132,,,latin,local_elections,e0ae2676d62a-dirty,data/goa/2012/panres_2012_Dharbandora.pdf,1,page,
goa/gp_ward/2012,5f49f6b8c9da,Goa|2012|gp_ward|South Goa|Dharbandora|Dharbandora|V|,1,Goa,2012,South Goa,Dharbandora,Dharbandora,gram_panchayat,V,,gp_ward,ward,NONE,NONE,sc_st_bc,0,Other than Woman,General,all_seats,seat,,Guru Bhiso Gaonkar,,261,,,latin,local_elections,e0ae2676d62a-dirty,data/goa/2012/panres_2012_Dharbandora.pdf,1,page,
goa/gp_ward/2012,7628d049f53f,Goa|2012|gp_ward|South Goa|Dharbandora|Dharbandora|VI|,1,Goa,2012,South Goa,Dharbandora,Dharbandora,gram_panchayat,VI,,gp_ward,ward,NONE,NONE,sc_st_bc,0,Other than Woman,General,all_seats,seat,,Shamba Bhaskar Gavde,,134,,,latin,local_elections,e0ae2676d62a-dirty,data/goa/2012/panres_2012_Dharbandora.pdf,1,page,
goa/gp_ward/2012,75497b5c9ad9,Goa|2012|gp_ward|South Goa|Dharbandora|Dharbandora|VII|,1,Goa,2012,South Goa,Dharbandora,Dharbandora,gram_panchayat,VII,,gp_ward,ward,NONE,NONE,sc_st_bc,1,Woman,Women,all_seats,seat,,Dipali Dilip Ingavle,,53,,,latin,local_elections,e0ae2676d62a-dirty,data/goa/2012/panres_2012_Dharbandora.pdf,1,page,
goa/gp_ward/2012,4aa299a1426c,Goa|2012|gp_ward|South Goa|Dharbandora|Dharbandora|VIII|,1,Goa,2012,South Goa,Dharbandora,Dharbandora,gram_panchayat,VIII,,gp_ward,ward,BC,BC,sc_st_bc,0,BC Other than Woman,O.B.C.,all_seats,seat,,Ramesh Bhikaro Naik,,188,,,latin,local_elections,e0ae2676d62a-dirty,data/goa/2012/panres_2012_Dharbandora.pdf,1,page,
goa/gp_ward/2012,64dff3eeeff2,Goa|2012|gp_ward|South Goa|Dharbandora|Dharbandora|IX|,1,Goa,2012,South Goa,Dharbandora,Dharbandora,gram_panchayat,IX,,gp_ward,ward,NONE,NONE,sc_st_bc,0,Other than Woman,General,all_seats,seat,,Vinayak Vasudev Gawas,,145,,,latin,local_elections,e0ae2676d62a-dirty,data/goa/2012/panres_2012_Dharbandora.pdf,1,page,
goa/gp_ward/2012,745c03402a30,Goa|2012|gp_ward|South Goa|Dharbandora|Kirlapal-Dabal|I|,1,Goa,2012,South Goa,Dharbandora,Kirlapal-Dabal,gram_panchayat,I,,gp_ward,ward,NONE,NONE,sc_st_bc,0,Other than Woman,General,all_seats,seat,,Umesh Surya Gaonkar,,123,,,latin,local_elections,e0ae2676d62a-dirty,data/goa/2012/panres_2012_Dharbandora.pdf,1,page,
goa/gp_ward/2012,177109d4d164,Goa|2012|gp_ward|South Goa|Dharbandora|Kirlapal-Dabal|II|,1,Goa,2012,South Goa,Dharbandora,Kirlapal-Dabal,gram_panchayat,II,,gp_ward,ward,NONE,NONE,sc_st_bc,1,Woman,Women,all_seats,seat,,Vasanti Raghoba Gaonkar,,112,,,latin,local_elections,e0ae2676d62a-dirty,data/goa/2012/panres_2012_Dharbandora.pdf,1,page,
goa/gp_ward/2012,ca74424aa515,Goa|2012|gp_ward|South Goa|Dharbandora|Kirlapal-Dabal|III|,1,Goa,2012,South Goa,Dharbandora,Kirlapal-Dabal,gram_panchayat,III,,gp_ward,ward,BC,BC,sc_st_bc,0,BC Other than Woman,O.B.C.,all_seats,seat,,Kalidas Laximan Gaonkar,,158,,,latin,local_elections,e0ae2676d62a-dirty,data/goa/2012/panres_2012_Dharbandora.pdf,1,page,
goa/gp_ward/2012,95551b6a27f5,Goa|2012|gp_ward|South Goa|Dharbandora|Kirlapal-Dabal|IV|,1,Goa,2012,South Goa,Dharbandora,Kirlapal-Dabal,gram_panchayat,IV,,gp_ward,ward,NONE,NONE,sc_st_bc,1,Woman,Women,all_seats,seat,,Tanuja Nagesh Samant,,202,,,latin,local_elections,e0ae2676d62a-dirty,data/goa/2012/panres_2012_Dharbandora.pdf,1,page,
goa/gp_ward/2012,5370ec1cf390,Goa|2012|gp_ward|South Goa|Dharbandora|Kirlapal-Dabal|V|,1,Goa,2012,South Goa,Dharbandora,Kirlapal-Dabal,gram_panchayat,V,,gp_ward,ward,NONE,NONE,sc_st_bc,0,Other than Woman,General,all_seats,seat,,Ramakant Tilu Gaonkar,,162,,,latin,local_elections,e0ae2676d62a-dirty,data/goa/2012/panres_2012_Dharbandora.pdf,1,page,
goa/gp_ward/2012,47eb24a11217,Goa|2012|gp_ward|South Goa|Dharbandora|Kirlapal-Dabal|VI|,1,Goa,2012,South Goa,Dharbandora,Kirlapal-Dabal,gram_panchayat,VI,,gp_ward,ward,ST,ST,sc_st_bc,0,ST Other than Woman,S.T.,all_seats,seat,,Sandesh Harichandra Gaonkar,,181,,,latin,local_elections,e0ae2676d62a-dirty,data/goa/2012/panres_2012_Dharbandora.pdf,1,page,
goa/gp_ward/2012,7f9abc0d6607,Goa|2012|gp_ward|South Goa|Dharbandora|Kirlapal-Dabal|VII|,1,Goa,2012,South Goa,Dharbandora,Kirlapal-Dabal,gram_panchayat,VII,,gp_ward,ward,NONE,NONE,sc_st_bc,1,Woman,Women,all_seats,seat,,Sarita Santosh Gaonkar,,336,,,latin,local_elections,e0ae2676d62a-dirty,data/goa/2012/panres_2012_Dharbandora.pdf,1,page,
goa/gp_ward/2012,5e3ea6362bd8,Goa|2012|gp_ward|South Goa|Dharbandora|Kirlapal-Dabal|VIII|,1,Goa,2012,South Goa,Dharbandora,Kirlapal-Dabal,gram_panchayat,VIII,,gp_ward,ward,NONE,NONE,sc_st_bc,0,Other than Woman,General,all_seats,seat,,Ramnath Chandrakant Prabhu,,268,,,latin,local_elections,e0ae2676d62a-dirty,data/goa/2012/panres_2012_Dharbandora.pdf,2,page,
goa/gp_ward/2012,c8e8d88927f7,Goa|2012|gp_ward|South Goa|Dharbandora|Kirlapal-Dabal|IX|,1,Goa,2012,South Goa,Dharbandora,Kirlapal-Dabal,gram_panchayat,IX,,gp_ward,ward,NONE,NONE,sc_st_bc,0,Other than Woman,General,all_seats,seat,,Hanumant Gopal Gaonkar,,158,,,latin,local_elections,e0ae2676d62a-dirty,data/goa/2012/panres_2012_Dharbandora.pdf,2,page,
goa/gp_ward/2012,583129d517e0,Goa|2012|gp_ward|South Goa|Dharbandora|Mollem|I|,1,Goa,2012,South Goa,Dharbandora,Mollem,gram_panchayat,I,,gp_ward,ward,NONE,NONE,sc_st_bc,0,Other than Woman,General,all_seats,seat,,Ramakrishna Laxman Gaonkar,,103,,,latin,local_elections,e0ae2676d62a-dirty,data/goa/2012/panres_2012_Dharbandora.pdf,2,page,
goa/gp_ward/2012,aae80981c243,Goa|2012|gp_ward|South Goa|Dharbandora|Mollem|II|,1,Goa,2012,South Goa,Dharbandora,Mollem,gram_panchayat,II,,gp_ward,ward,NONE,NONE,sc_st_bc,1,Woman,Women,all_seats,seat,,Snehalata Rajaram Naik,,58,,,latin,local_elections,e0ae2676d62a-dirty,data/goa/2012/panres_2012_Dharbandora.pdf,2,page,
goa/gp_ward/2012,7c97803fa0d3,Goa|2012|gp_ward|South Goa|Dharbandora|Mollem|III|,1,Goa,2012,South Goa,Dharbandora,Mollem,gram_panchayat,III,,gp_ward,ward,NONE,NONE,sc_st_bc,0,Other than Woman,General,all_seats,seat,,Govind Kusta Gaonkar,,156,,,latin,local_elections,e0ae2676d62a-dirty,data/goa/2012/panres_2012_Dharbandora.pdf,2,page,
goa/gp_ward/2012,94071cc44781,Goa|2012|gp_ward|South Goa|Dharbandora|Mollem|IV|,1,Goa,2012,South Goa,Dharbandora,Mollem,gram_panchayat,IV,,gp_ward,ward,NONE,NONE,sc_st_bc,0,Other than Woman,General,all_seats,seat,,Kapil Chandrakant Naik,,132,,,latin,local_elections,e0ae2676d62a-dirty,data/goa/2012/panres_2012_Dharbandora.pdf,2,page,
goa/gp_ward/2012,381f41256d03,Goa|2012|gp_ward|South Goa|Dharbandora|Mollem|V|,1,Goa,2012,South Goa,Dharbandora,Mollem,gram_panchayat,V,,gp_ward,ward,BC,BC,sc_st_bc,0,BC Other than Woman,O.B.C.,all_seats,seat,,Babu Navlo Zore,,89,,,latin,local_elections,e0ae2676d62a-dirty,data/goa/2012/panres_2012_Dharbandora.pdf,2,page,
goa/gp_ward/2012,b58419b428e4,Goa|2012|gp_ward|South Goa|Dharbandora|Mollem|VI|,1,Goa,2012,South Goa,Dharbandora,Mollem,gram_panchayat,VI,,gp_ward,ward,NONE,NONE,sc_st_bc,0,Other than Woman,General,all_seats,seat,,Rajendra B.Prabhu Desai,,93,,,latin,local_elections,e0ae2676d62a-dirty,data/goa/2012/panres_2012_Dharbandora.pdf,2,page,
goa/gp_ward/2012,d84a305da732,Goa|2012|gp_ward|South Goa|Dharbandora|Mollem|VII|,1,Goa,2012,South Goa,Dharbandora,Mollem,gram_panchayat,VII,,gp_ward,ward,ST,ST,sc_st_bc,1,ST Woman,ST Wom,all_seats,seat,,Kalpana Anil Malekar,,74,,,latin,local_elections,e0ae2676d62a-dirty,data/goa/2012/panres_2012_Dharbandora.pdf,2,page,
goa/gp_ward/2012,297d143b782d,Goa|2012|gp_ward|South Goa|Dharbandora|Sancordem|I|,1,Goa,2012,South Goa,Dharbandora,Sancordem,gram_panchayat,I,,gp_ward,ward,NONE,NONE,sc_st_bc,0,Other than Woman,General,all_seats,seat,,Gautam Govind Sawant,,126,,,latin,local_elections,e0ae2676d62a-dirty,data/goa/2012/panres_2012_Dharbandora.pdf,2,page,
goa/gp_ward/2012,51cfafdbe469,Goa|2012|gp_ward|South Goa|Dharbandora|Sancordem|II|,1,Goa,2012,South Goa,Dharbandora,Sancordem,gram_panchayat,II,,gp_ward,ward,NONE,NONE,sc_st_bc,1,Woman,Women,all_seats,seat,,Vinda Govind Sawant,,179,,,latin,local_elections,e0ae2676d62a-dirty,data/goa/2012/panres_2012_Dharbandora.pdf,2,page,
goa/gp_ward/2012,a9555a0e4b3c,Goa|2012|gp_ward|South Goa|Dharbandora|Sancordem|III|,1,Goa,2012,South Goa,Dharbandora,Sancordem,gram_panchayat,III,,gp_ward,ward,NONE,NONE,sc_st_bc,0,Other than Woman,General,all_seats,seat,,Preetam Shivaji Aikar,,166,,,latin,local_elections,e0ae2676d62a-dirty,data/goa/2012/panres_2012_Dharbandora.pdf,2,page,
goa/gp_ward/2012,388008831240,Goa|2012|gp_ward|South Goa|Dharbandora|Sancordem|IV|,1,Goa,2012,South Goa,Dharbandora,Sancordem,gram_panchayat,IV,,gp_ward,ward,NONE,NONE,sc_st_bc,0,Other than Woman,General,all_seats,seat,,Kamalakant Krish Naik,,218,,,latin,local_elections,e0ae2676d62a-dirty,data/goa/2012/panres_2012_Dharbandora.pdf,2,page,
goa/gp_ward/2012,acea969c3c05,Goa|2012|gp_ward|South Goa|Dharbandora|Sancordem|V|,1,Goa,2012,South Goa,Dharbandora,Sancordem,gram_panchayat,V,,gp_ward,ward,NONE,NONE,sc_st_bc,0,Other than Woman,General,all_seats,seat,,Jitendra Vasant Naik,,222,,,latin,local_elections,e0ae2676d62a-dirty,data/goa/2012/panres_2012_Dharbandora.pdf,2,page,
goa/gp_ward/2012,01044bb9529c,Goa|2012|gp_ward|South Goa|Dharbandora|Sancordem|VI|,1,Goa,2012,South Goa,Dharbandora,Sancordem,gram_panchayat,VI,,gp_ward,ward,NONE,NONE,sc_st_bc,0,Other than Woman,General,all_seats,seat,,Shirish Ganpat Dessai,,180,,,latin,local_elections,e0ae2676d62a-dirty,data/goa/2012/panres_2012_Dharbandora.pdf,2,page,
goa/gp_ward/2012,91aa87387853,Goa|2012|gp_ward|South Goa|Dharbandora|Sancordem|VII|,1,Goa,2012,South Goa,Dharbandora,Sancordem,gram_panchayat,VII,,gp_ward,ward,ST,ST,sc_st_bc,1,ST Woman,ST Wom,all_seats,seat,,Vaishali Khushali Gaonkar,,147,,,latin,local_elections,e0ae2676d62a-dirty,data/goa/2012/panres_2012_Dharbandora.pdf,2,page,
goa/gp_ward/2012,251dd9cfee36,Goa|2012|gp_ward|South Goa|Mormugao|Cansaulim-Arossim- Cuelim|I|,1,Goa,2012,South Goa,Mormugao,Cansaulim-Arossim- Cuelim,gram_panchayat,I,,gp_ward,ward,NONE,NONE,sc_st_bc,0,Other than Woman,General,all_seats,seat,,Jose Maria Joaquim Furtado,,365,,,latin,local_elections,e0ae2676d62a-dirty,data/goa/2012/panres_2012_Mormugao.pdf,1,page,
goa/gp_ward/2012,09d2f90314f3,Goa|2012|gp_ward|South Goa|Mormugao|Cansaulim-Arossim- Cuelim|II|,1,Goa,2012,South Goa,Mormugao,Cansaulim-Arossim- Cuelim,gram_panchayat,II,,gp_ward,ward,NONE,NONE,sc_st_bc,1,Woman,Women,all_seats,seat,,Josita Feliciano Cardozo,,220,,,latin,local_elections,e0ae2676d62a-dirty,data/goa/2012/panres_2012_Mormugao.pdf,1,page,
goa/gp_ward/2012,f08b98edaa6a,Goa|2012|gp_ward|South Goa|Mormugao|Cansaulim-Arossim- Cuelim|III|,1,Goa,2012,South Goa,Mormugao,Cansaulim-Arossim- Cuelim,gram_panchayat,III,,gp_ward,ward,NONE,NONE,sc_st_bc,0,Other than Woman,General,all_seats,seat,,John Felix Joseph Fernandes,,160,,,latin,local_elections,e0ae2676d62a-dirty,data/goa/2012/panres_2012_Mormugao.pdf,1,page,
goa/gp_ward/2012,ed140d82759a,Goa|2012|gp_ward|South Goa|Mormugao|Cansaulim-Arossim- Cuelim|IV|,1,Goa,2012,South Goa,Mormugao,Cansaulim-Arossim- Cuelim,gram_panchayat,IV,,gp_ward,ward,NONE,NONE,sc_st_bc,1,Woman,Women,all_seats,seat,,Casandra Savia Custodio Almeida,,207,,,latin,local_elections,e0ae2676d62a-dirty,data/goa/2012/panres_2012_Mormugao.pdf,1,page,
goa/gp_ward/2012,d4eb4ccc3d75,Goa|2012|gp_ward|South Goa|Mormugao|Cansaulim-Arossim- Cuelim|V|,1,Goa,2012,South Goa,Mormugao,Cansaulim-Arossim- Cuelim,gram_panchayat,V,,gp_ward,ward,NONE,NONE,sc_st_bc,0,Other than Woman,General,all_seats,seat,,Baylon Bento Gomes,,196,,,latin,local_elections,e0ae2676d62a-dirty,data/goa/2012/panres_2012_Mormugao.pdf,1,page,
goa/gp_ward/2012,f81642f9afd7,Goa|2012|gp_ward|South Goa|Mormugao|Cansaulim-Arossim- Cuelim|VI|,1,Goa,2012,South Goa,Mormugao,Cansaulim-Arossim- Cuelim,gram_panchayat,VI,,gp_ward,ward,NONE,NONE,sc_st_bc,0,Other than Woman,General,all_seats,seat,,Luis Santano Xavier D'Costa,,214,,,latin,local_elections,e0ae2676d62a-dirty,data/goa/2012/panres_2012_Mormugao.pdf,1,page,
goa/gp_ward/2012,710943a99839,Goa|2012|gp_ward|South Goa|Mormugao|Cansaulim-Arossim- Cuelim|VII|,1,Goa,2012,South Goa,Mormugao,Cansaulim-Arossim- Cuelim,gram_panchayat,VII,,gp_ward,ward,NONE,NONE,sc_st_bc,1,Woman,Women,all_seats,seat,,Filomena Custodinho De Costa E De Melo,,180,,,latin,local_elections,e0ae2676d62a-dirty,data/goa/2012/panres_2012_Mormugao.pdf,1,page,
goa/gp_ward/2012,48135b43299a,Goa|2012|gp_ward|South Goa|Mormugao|Cansaulim-Arossim- Cuelim|VIII|,1,Goa,2012,South Goa,Mormugao,Cansaulim-Arossim- Cuelim,gram_panchayat,VIII,,gp_ward,ward,NONE,NONE,sc_st_bc,0,Other than Woman,General,all_seats,seat,,Savio Santan Dias,,229,,,latin,local_elections,e0ae2676d62a-dirty,data/goa/2012/panres_2012_Mormugao.pdf,1,page,
goa/gp_ward/2012,0a9967e1147d,Goa|2012|gp_ward|South Goa|Mormugao|Cansaulim-Arossim- Cuelim|IX|,1,Goa,2012,South Goa,Mormugao,Cansaulim-Arossim- Cuelim,gram_panchayat,IX,,gp_ward,ward,BC,BC,sc_st_bc,0,BC Other than Woman,O.B.C.,all_seats,seat,,Ratnadeep Ratnakar Naik,,151,,,latin,local_elections,e0ae2676d62a-dirty,data/goa/2012/panres_2012_Mormugao.pdf,1,page,
goa/gp_ward/2012,086fe51368e9,Goa|2012|gp_ward|South Goa|Mormugao|Chicalim|I|,1,Goa,2012,South Goa,Mormugao,Chicalim,gram_panchayat,I,,gp_ward,ward,NONE,NONE,sc_st_bc,0,Other than Woman,General,all_seats,seat,,Anacleto Antonio De Souza,,111,,,latin,local_elections,e0ae2676d62a-dirty,data/goa/2012/panres_2012_Mormugao.pdf,1,page,
goa/gp_ward/2012,c0e8465b4890,Goa|2012|gp_ward|South Goa|Mormugao|Chicalim|II|,1,Goa,2012,South Goa,Mormugao,Chicalim,gram_panchayat,II,,gp_ward,ward,BC,BC,sc_st_bc,0,BC Other than Woman,O.B.C.,all_seats,seat,,Nilima Avdhut Naik,,227,,,latin,local_elections,e0ae2676d62a-dirty,data/goa/2012/panres_2012_Mormugao.pdf,1,page,
goa/gp_ward/2012,41dd68d1448f,Goa|2012|gp_ward|South Goa|Mormugao|Chicalim|III|,1,Goa,2012,South Goa,Mormugao,Chicalim,gram_panchayat,III,,gp_ward,ward,NONE,NONE,sc_st_bc,1,Woman,Women,all_seats,seat,,Veronica Anacleto Andrade,,160,,,latin,local_elections,e0ae2676d62a-dirty,data/goa/2012/panres_2012_Mormugao.pdf,1,page,
goa/gp_ward/2012,63c2f3aa9c86,Goa|2012|gp_ward|South Goa|Mormugao|Chicalim|IV|,1,Goa,2012,South Goa,Mormugao,Chicalim,gram_panchayat,IV,,gp_ward,ward,NONE,NONE,sc_st_bc,1,Woman,Women,all_seats,seat,,Anita Joaquim Vaz,,81,,,latin,local_elections,e0ae2676d62a-dirty,data/goa/2012/panres_2012_Mormugao.pdf,1,page,
goa/gp_ward/2012,0c9b450748c3,Goa|2012|gp_ward|South Goa|Mormugao|Chicalim|V|,1,Goa,2012,South Goa,Mormugao,Chicalim,gram_panchayat,V,,gp_ward,ward,NONE,NONE,sc_st_bc,0,Other than Woman,General,all_seats,seat,,Hemant Avinash Fadte,,155,,,latin,local_elections,e0ae2676d62a-dirty,data/goa/2012/panres_2012_Mormugao.pdf,1,page,
goa/gp_ward/2012,3ab8cb190af6,Goa|2012|gp_ward|South Goa|Mormugao|Chicalim|VI|,1,Goa,2012,South Goa,Mormugao,Chicalim,gram_panchayat,VI,,gp_ward,ward,NONE,NONE,sc_st_bc,0,Other than Woman,General,all_seats,seat,,Kamalaprasad Jaganath Yadav,,156,,,latin,local_elections,e0ae2676d62a-dirty,data/goa/2012/panres_2012_Mormugao.pdf,1,page,
goa/gp_ward/2012,6059f802c63a,Goa|2012|gp_ward|South Goa|Mormugao|Chicalim|VII|,1,Goa,2012,South Goa,Mormugao,Chicalim,gram_panchayat,VII,,gp_ward,ward,NONE,NONE,sc_st_bc,1,Woman,Women,all_seats,seat,,Prajyoti Laximan Kudalkar,,124,,,latin,local_elections,e0ae2676d62a-dirty,data/goa/2012/panres_2012_Mormugao.pdf,1,page,
goa/gp_ward/2012,d1975c5a4b81,Goa|2012|gp_ward|South Goa|Mormugao|Chicalim|VIII|,1,Goa,2012,South Goa,Mormugao,Chicalim,gram_panchayat,VIII,,gp_ward,ward,NONE,NONE,sc_st_bc,0,Other than Woman,General,all_seats,seat,,Francisco Jose Diago Nunes,,165,,,latin,local_elections,e0ae2676d62a-dirty,data/goa/2012/panres_2012_Mormugao.pdf,1,page,
goa/gp_ward/2012,1f98600f1cf2,Goa|2012|gp_ward|South Goa|Mormugao|Chicalim|IX|,1,Goa,2012,South Goa,Mormugao,Chicalim,gram_panchayat,IX,,gp_ward,ward,NONE,NONE,sc_st_bc,0,Other than Woman,General,all_seats,seat,,Mary Joao Mascarenhas,,203,,,latin,local_elections,e0ae2676d62a-dirty,data/goa/2012/panres_2012_Mormugao.pdf,1,page,
goa/gp_ward/2012,c68d7d2950fc,Goa|2012|gp_ward|South Goa|Mormugao|Chicalim|X|,1,Goa,2012,South Goa,Mormugao,Chicalim,gram_panchayat,X,,gp_ward,ward,NONE,NONE,sc_st_bc,0,Other than Woman,General,all_seats,seat,,Sebastiao Benedit Pereira,,233,,,latin,local_elections,e0ae2676d62a-dirty,data/goa/2012/panres_2012_Mormugao.pdf,1,page,
goa/gp_ward/2012,d6a80a116d61,Goa|2012|gp_ward|South Goa|Mormugao|Chicalim|XI|,1,Goa,2012,South Goa,Mormugao,Chicalim,gram_panchayat,XI,,gp_ward,ward,NONE,NONE,sc_st_bc,1,Woman,Women,all_seats,seat,,Rubina Pedro Damiao Rodrigues,,213,,,latin,local_elections,e0ae2676d62a-dirty,data/goa/2012/panres_2012_Mormugao.pdf,1,page,
goa/gp_ward/2012,8f1be214080e,Goa|2012|gp_ward|South Goa|Mormugao|Chicolna|I|,1,Goa,2012,South Goa,Mormugao,Chicolna,gram_panchayat,I,,gp_ward,ward,NONE,NONE,sc_st_bc,0,Other than Woman,General,all_seats,seat,,Vasant Sahadev Naik,,104,,,latin,local_elections,e0ae2676d62a-dirty,data/goa/2012/panres_2012_Mormugao.pdf,1,page,
goa/gp_ward/2012,5ea7e44851d6,Goa|2012|gp_ward|South Goa|Mormugao|Chicolna|II|,1,Goa,2012,South Goa,Mormugao,Chicolna,gram_panchayat,II,,gp_ward,ward,ST,ST,sc_st_bc,1,ST Woman,ST Wom.,all_seats,seat,,Maclene Jose Fernandes,,96,,,latin,local_elections,e0ae2676d62a-dirty,data/goa/2012/panres_2012_Mormugao.pdf,1,page,
goa/gp_ward/2012,5e36abf4b850,Goa|2012|gp_ward|South Goa|Mormugao|Chicolna|III|,1,Goa,2012,South Goa,Mormugao,Chicolna,gram_panchayat,III,,gp_ward,ward,NONE,NONE,sc_st_bc,0,Other than Woman,General,all_seats,seat,,Laximan Mahadev Kavlekar,,83,,,latin,local_elections,e0ae2676d62a-dirty,data/goa/2012/panres_2012_Mormugao.pdf,1,page,
goa/gp_ward/2012,46852ac06dca,Goa|2012|gp_ward|South Goa|Mormugao|Chicolna|IV|,1,Goa,2012,South Goa,Mormugao,Chicolna,gram_panchayat,IV,,gp_ward,ward,NONE,NONE,sc_st_bc,0,Other than Woman,General,all_seats,seat,,Claudio Custodio D'Cruz,,84,,,latin,local_elections,e0ae2676d62a-dirty,data/goa/2012/panres_2012_Mormugao.pdf,1,page,
goa/gp_ward/2012,bcc766faa3c6,Goa|2012|gp_ward|South Goa|Mormugao|Chicolna|V|,1,Goa,2012,South Goa,Mormugao,Chicolna,gram_panchayat,V,,gp_ward,ward,NONE,NONE,sc_st_bc,1,Woman,Women,all_seats,seat,,Sharmila Babani Naik,,119,,,latin,local_elections,e0ae2676d62a-dirty,data/goa/2012/panres_2012_Mormugao.pdf,1,page,
goa/gp_ward/2012,9e397959c8d4,Goa|2012|gp_ward|South Goa|Mormugao|Cortalim-Quelossim|I|,1,Goa,2012,South Goa,Mormugao,Cortalim-Quelossim,gram_panchayat,I,,gp_ward,ward,ST,ST,sc_st_bc,0,ST Other than Woman,S.T.,all_seats,seat,,Joao Damiao Salvador Paulo Fernandes,,137,,,latin,local_elections,e0ae2676d62a-dirty,data/goa/2012/panres_2012_Mormugao.pdf,2,page,
goa/gp_ward/2012,b24e31ffd504,Goa|2012|gp_ward|South Goa|Mormugao|Cortalim-Quelossim|II|,1,Goa,2012,South Goa,Mormugao,Cortalim-Quelossim,gram_panchayat,II,,gp_ward,ward,NONE,NONE,sc_st_bc,0,Other than Woman,General,all_seats,seat,,Hilario Sebastiao Figeiredo,,167,,,latin,local_elections,e0ae2676d62a-dirty,data/goa/2012/panres_2012_Mormugao.pdf,2,page,
goa/gp_ward/2012,445ed5ec22a8,Goa|2012|gp_ward|South Goa|Mormugao|Cortalim-Quelossim|III|,1,Goa,2012,South Goa,Mormugao,Cortalim-Quelossim,gram_panchayat,III,,gp_ward,ward,NONE,NONE,sc_st_bc,1,Woman,Women,all_seats,seat,,Niquela Constancio Fernandes,,103,,,latin,local_elections,e0ae2676d62a-dirty,data/goa/2012/panres_2012_Mormugao.pdf,2,page,
goa/gp_ward/2012,556acdd5011a,Goa|2012|gp_ward|South Goa|Mormugao|Cortalim-Quelossim|IV|,1,Goa,2012,South Goa,Mormugao,Cortalim-Quelossim,gram_panchayat,IV,,gp_ward,ward,ST,ST,sc_st_bc,1,ST Woman,ST Wom.,all_seats,seat,,Vincentina Antonio Silva,,151,,,latin,local_elections,e0ae2676d62a-dirty,data/goa/2012/panres_2012_Mormugao.pdf,2,page,
goa/gp_ward/2012,3fe2b0a9ad7f,Goa|2012|gp_ward|South Goa|Mormugao|Cortalim-Quelossim|V|,1,Goa,2012,South Goa,Mormugao,Cortalim-Quelossim,gram_panchayat,V,,gp_ward,ward,NONE,NONE,sc_st_bc,0,Other than Woman,General,all_seats,seat,,Anita Devendra Kenkre,,160,,,latin,local_elections,e0ae2676d62a-dirty,data/goa/2012/panres_2012_Mormugao.pdf,2,page,
goa/gp_ward/2012,1cb8ef378a7e,Goa|2012|gp_ward|South Goa|Mormugao|Cortalim-Quelossim|VI|,1,Goa,2012,South Goa,Mormugao,Cortalim-Quelossim,gram_panchayat,VI,,gp_ward,ward,BC,BC,sc_st_bc,0,BC Other than Woman,O.B.C.,all_seats,seat,,Raymond Rosario Desa,,401,,,latin,local_elections,e0ae2676d62a-dirty,data/goa/2012/panres_2012_Mormugao.pdf,2,page,
goa/gp_ward/2012,98e130eb756e,Goa|2012|gp_ward|South Goa|Mormugao|Cortalim-Quelossim|VII|,1,Goa,2012,South Goa,Mormugao,Cortalim-Quelossim,gram_panchayat,VII,,gp_ward,ward,NONE,NONE,sc_st_bc,1,Woman,Women,all_seats,seat,,Merciana Antonio Mendes e Vaz,,246,,,latin,local_elections,e0ae2676d62a-dirty,data/goa/2012/panres_2012_Mormugao.pdf,2,page,
goa/gp_ward/2012,5a3b9629bea4,Goa|2012|gp_ward|South Goa|Mormugao|Cortalim-Quelossim|VIII|,1,Goa,2012,South Goa,Mormugao,Cortalim-Quelossim,gram_panchayat,VIII,,gp_ward,ward,NONE,NONE,sc_st_bc,0,Other than Woman,General,all_seats,seat,,Shantaram Keshav Girap,,121,,,latin,local_elections,e0ae2676d62a-dirty,data/goa/2012/panres_2012_Mormugao.pdf,2,page,
goa/gp_ward/2012,9eb0269a02ca,Goa|2012|gp_ward|South Goa|Mormugao|Cortalim-Quelossim|IX|,1,Goa,2012,South Goa,Mormugao,Cortalim-Quelossim,gram_panchayat,IX,,gp_ward,ward,NONE,NONE,sc_st_bc,0,Other than Woman,General,all_seats,seat,,Jose Neccessidade Xavier Mesquita,,271,,,latin,local_elections,e0ae2676d62a-dirty,data/goa/2012/panres_2012_Mormugao.pdf,2,page,
goa/gp_ward/2012,d3dfbfa16190,Goa|2012|gp_ward|South Goa|Mormugao|Cortalim-Quelossim|X|,1,Goa,2012,South Goa,Mormugao,Cortalim-Quelossim,gram_panchayat,X,,gp_ward,ward,NONE,NONE,sc_st_bc,0,Other than Woman,General,all_seats,seat,,Rudolf Francis Gama,,196,,,latin,local_elections,e0ae2676d62a-dirty,data/goa/2012/panres_2012_Mormugao.pdf,2,page,
goa/gp_ward/2012,85e736cb4612,Goa|2012|gp_ward|South Goa|Mormugao|Cortalim-Quelossim|XI|,1,Goa,2012,South Goa,Mormugao,Cortalim-Quelossim,gram_panchayat,XI,,gp_ward,ward,NONE,NONE,sc_st_bc,1,Woman,Women,all_seats,seat,,Elvira Antonio Fernandes,,122,,,latin,local_elections,e0ae2676d62a-dirty,data/goa/2012/panres_2012_Mormugao.pdf,2,page,
goa/gp_ward/2012,9eea078d6802,Goa|2012|gp_ward|South Goa|Mormugao|Sancoale|I|,1,Goa,2012,South Goa,Mormugao,Sancoale,gram_panchayat,I,,gp_ward,ward,NONE,NONE,sc_st_bc,0,Other than Woman,General,all_seats,seat,,Sharan Sangappa Meti,,317,,,latin,local_elections,e0ae2676d62a-dirty,data/goa/2012/panres_2012_Mormugao.pdf,2,page,
goa/gp_ward/2012,44ee68af5c5a,Goa|2012|gp_ward|South Goa|Mormugao|Sancoale|II|,1,Goa,2012,South Goa,Mormugao,Sancoale,gram_panchayat,II,,gp_ward,ward,NONE,NONE,sc_st_bc,0,Other than Woman,General,all_seats,seat,,Derick Peter Jose Maria Vales,,221,,,latin,local_elections,e0ae2676d62a-dirty,data/goa/2012/panres_2012_Mormugao.pdf,2,page,
goa/gp_ward/2012,6bce6af068f9,Goa|2012|gp_ward|South Goa|Mormugao|Sancoale|III|,1,Goa,2012,South Goa,Mormugao,Sancoale,gram_panchayat,III,,gp_ward,ward,NONE,NONE,sc_st_bc,1,Woman,Women,all_seats,seat,,Shilpa Shrikant Naik,,258,,,latin,local_elections,e0ae2676d62a-dirty,data/goa/2012/panres_2012_Mormugao.pdf,2,page,
goa/gp_ward/2012,43a7029d5f07,Goa|2012|gp_ward|South Goa|Mormugao|Sancoale|IV|,1,Goa,2012,South Goa,Mormugao,Sancoale,gram_panchayat,IV,,gp_ward,ward,ST,ST,sc_st_bc,1,ST Woman,ST Wom.,all_seats,seat,,Rosalina Agustino Moniz,,153,,,latin,local_elections,e0ae2676d62a-dirty,data/goa/2012/panres_2012_Mormugao.pdf,2,page,
goa/gp_ward/2012,6cec4a5e94c2,Goa|2012|gp_ward|South Goa|Mormugao|Sancoale|V|,1,Goa,2012,South Goa,Mormugao,Sancoale,gram_panchayat,V,,gp_ward,ward,BC,BC,sc_st_bc,0,BC Other than Woman,O.B.C.,all_seats,seat,,Narayan Gajanan Naik,,463,,,latin,local_elections,e0ae2676d62a-dirty,data/goa/2012/panres_2012_Mormugao.pdf,2,page,
goa/gp_ward/2012,56a25003a156,Goa|2012|gp_ward|South Goa|Mormugao|Sancoale|VI|,1,Goa,2012,South Goa,Mormugao,Sancoale,gram_panchayat,VI,,gp_ward,ward,NONE,NONE,sc_st_bc,0,Other than Woman,General,all_seats,seat,,Ramakant Narayan Borkar,,277,,,latin,local_elections,e0ae2676d62a-dirty,data/goa/2012/panres_2012_Mormugao.pdf,2,page,
goa/gp_ward/2012,889ab0d88821,Goa|2012|gp_ward|South Goa|Mormugao|Sancoale|VII|,1,Goa,2012,South Goa,Mormugao,Sancoale,gram_panchayat,VII,,gp_ward,ward,NONE,NONE,sc_st_bc,1,Woman,Women,all_seats,seat,,Anita Ganesh Mudliar,,191,,,latin,local_elections,e0ae2676d62a-dirty,data/goa/2012/panres_2012_Mormugao.pdf,2,page,
goa/gp_ward/2012,91952b985455,Goa|2012|gp_ward|South Goa|Mormugao|Sancoale|VIII|,1,Goa,2012,South Goa,Mormugao,Sancoale,gram_panchayat,VIII,,gp_ward,ward,NONE,NONE,sc_st_bc,0,Other than Woman,General,all_seats,seat,,Gilbert Mariano Minguel Victor,,743,,,latin,local_elections,e0ae2676d62a-dirty,data/goa/2012/panres_2012_Mormugao.pdf,2,page,
goa/gp_ward/2012,6b785a907d9a,Goa|2012|gp_ward|South Goa|Mormugao|Sancoale|IX|,1,Goa,2012,South Goa,Mormugao,Sancoale,gram_panchayat,IX,,gp_ward,ward,NONE,NONE,sc_st_bc,0,Other than Woman,General,all_seats,seat,,Shivanand Mallappa Bingi,,402,,,latin,local_elections,e0ae2676d62a-dirty,data/goa/2012/panres_2012_Mormugao.pdf,2,page,
goa/gp_ward/2012,8dc13f1cec82,Goa|2012|gp_ward|South Goa|Mormugao|Sancoale|X|,1,Goa,2012,South Goa,Mormugao,Sancoale,gram_panchayat,X,,gp_ward,ward,NONE,NONE,sc_st_bc,0,Other than Woman,General,all_seats,seat,,Govind Ramappa Lamani,,356,,,latin,local_elections,e0ae2676d62a-dirty,data/goa/2012/panres_2012_Mormugao.pdf,2,page,
goa/gp_ward/2012,cfa762a04486,Goa|2012|gp_ward|South Goa|Mormugao|Sancoale|XI|,1,Goa,2012,South Goa,Mormugao,Sancoale,gram_panchayat,XI,,gp_ward,ward,NONE,NONE,sc_st_bc,1,Woman,Women,all_seats,seat,,Asha Vasudev Naik,,411,,,latin,local_elections,e0ae2676d62a-dirty,data/goa/2012/panres_2012_Mormugao.pdf,2,page,
goa/gp_ward/2012,d94a4b5b4eb1,Goa|2012|gp_ward|South Goa|Mormugao|Velsao-Pale-Issorcim|I|,1,Goa,2012,South Goa,Mormugao,Velsao-Pale-Issorcim,gram_panchayat,I,,gp_ward,ward,NONE,NONE,sc_st_bc,0,Other than Woman,General,all_seats,seat,,Custodio Christopher Barretto,,77,,,latin,local_elections,e0ae2676d62a-dirty,data/goa/2012/panres_2012_Mormugao.pdf,2,page,
goa/gp_ward/2012,f5abd12f32c0,Goa|2012|gp_ward|South Goa|Mormugao|Velsao-Pale-Issorcim|II|,1,Goa,2012,South Goa,Mormugao,Velsao-Pale-Issorcim,gram_panchayat,II,,gp_ward,ward,NONE,NONE,sc_st_bc,1,Woman,Women,all_seats,seat,,Fatima Pereira,,153,,,latin,local_elections,e0ae2676d62a-dirty,data/goa/2012/panres_2012_Mormugao.pdf,2,page,
goa/gp_ward/2012,81aed3462bbc,Goa|2012|gp_ward|South Goa|Mormugao|Velsao-Pale-Issorcim|III|,1,Goa,2012,South Goa,Mormugao,Velsao-Pale-Issorcim,gram_panchayat,III,,gp_ward,ward,NONE,NONE,sc_st_bc,0,Other than Woman,General,all_seats,seat,,Philipo Remedios Teodosio,,157,,,latin,local_elections,e0ae2676d62a-dirty,data/goa/2012/panres_2012_Mormugao.pdf,2,page,
goa/gp_ward/2012,75edd983a0c2,Goa|2012|gp_ward|South Goa|Mormugao|Velsao-Pale-Issorcim|IV|,1,Goa,2012,South Goa,Mormugao,Velsao-Pale-Issorcim,gram_panchayat,IV,,gp_ward,ward,NONE,NONE,sc_st_bc,0,Other than Woman,General,all_seats,seat,,Estevao Fransquinho Carvalho,,140,,,latin,local_elections,e0ae2676d62a-dirty,data/goa/2012/panres_2012_Mormugao.pdf,2,page,
goa/gp_ward/2012,84b2e2717c18,Goa|2012|gp_ward|South Goa|Mormugao|Velsao-Pale-Issorcim|V|,1,Goa,2012,South Goa,Mormugao,Velsao-Pale-Issorcim,gram_panchayat,V,,gp_ward,ward,ST,ST,sc_st_bc,0,ST Other than Woman,S.T.,all_seats,seat,,Santano Avelino D'Souza,,171,,,latin,local_elections,e0ae2676d62a-dirty,data/goa/2012/panres_2012_Mormugao.pdf,2,page,
goa/gp_ward/2012,761283017a7a,Goa|2012|gp_ward|South Goa|Mormugao|Velsao-Pale-Issorcim|VI|,1,Goa,2012,South Goa,Mormugao,Velsao-Pale-Issorcim,gram_panchayat,VI,,gp_ward,ward,BC,BC,sc_st_bc,0,BC Other than Woman,O.B.C.,all_seats,seat,,Henriques Pascoal D'Mello,,202,,,latin,local_elections,e0ae2676d62a-dirty,data/goa/2012/panres_2012_Mormugao.pdf,2,page,
goa/gp_ward/2012,d72d9cb4b99e,Goa|2012|gp_ward|South Goa|Mormugao|Velsao-Pale-Issorcim|VII|,1,Goa,2012,South Goa,Mormugao,Velsao-Pale-Issorcim,gram_panchayat,VII,,gp_ward,ward,NONE,NONE,sc_st_bc,1,Woman,Women,all_seats,seat,,Nandita Ruchin Dayal,,242,,,latin,local_elections,e0ae2676d62a-dirty,data/goa/2012/panres_2012_Mormugao.pdf,2,page,
goa/gp_ward/2012,8b501580ba06,Goa|2012|gp_ward|North Goa|Pernem|QUERIM- TIRACOL|I|,1,Goa,2012,North Goa,Pernem,QUERIM- TIRACOL,gram_panchayat,I,,gp_ward,ward,NONE,NONE,sc_st_bc,0,Other than Woman,General,all_seats,seat,,Diogo Francis Manuel Rodrigues,,96,,,latin,local_elections,e0ae2676d62a-dirty,data/goa/2012/panres_2012_Pernem.pdf,1,page,
goa/gp_ward/2012,cabcd13e6fda,Goa|2012|gp_ward|North Goa|Pernem|QUERIM- TIRACOL|II|,1,Goa,2012,North Goa,Pernem,QUERIM- TIRACOL,gram_panchayat,II,,gp_ward,ward,NONE,NONE,sc_st_bc,1,Woman,Women,all_seats,seat,,Jyotsana Janardan Kaskar,,140,,,latin,local_elections,e0ae2676d62a-dirty,data/goa/2012/panres_2012_Pernem.pdf,1,page,
goa/gp_ward/2012,f5496569ca34,Goa|2012|gp_ward|North Goa|Pernem|QUERIM- TIRACOL|III|,1,Goa,2012,North Goa,Pernem,QUERIM- TIRACOL,gram_panchayat,III,,gp_ward,ward,BC,BC,sc_st_bc,0,BC Other than Woman,O.B.C.,all_seats,seat,,Yeshwant Shamba Narvekar,,164,,,latin,local_elections,e0ae2676d62a-dirty,data/goa/2012/panres_2012_Pernem.pdf,1,page,
goa/gp_ward/2012,268edd6ea946,Goa|2012|gp_ward|North Goa|Pernem|QUERIM- TIRACOL|IV|,1,Goa,2012,North Goa,Pernem,QUERIM- TIRACOL,gram_panchayat,IV,,gp_ward,ward,NONE,NONE,sc_st_bc,0,Other than Woman,General,all_seats,seat,,Anand Gangaram Shirgaonkar,,125,,,latin,local_elections,e0ae2676d62a-dirty,data/goa/2012/panres_2012_Pernem.pdf,1,page,
goa/gp_ward/2012,82129e32b52a,Goa|2012|gp_ward|North Goa|Pernem|QUERIM- TIRACOL|V|,1,Goa,2012,North Goa,Pernem,QUERIM- TIRACOL,gram_panchayat,V,,gp_ward,ward,NONE,NONE,sc_st_bc,0,Other than Woman,General,all_seats,seat,,Jayant Raghunath Kerkar,,217,,,latin,local_elections,e0ae2676d62a-dirty,data/goa/2012/panres_2012_Pernem.pdf,1,page,
goa/gp_ward/2012,5bb5716a3831,Goa|2012|gp_ward|North Goa|Pernem|QUERIM- TIRACOL|VI|,1,Goa,2012,North Goa,Pernem,QUERIM- TIRACOL,gram_panchayat,VI,,gp_ward,ward,NONE,NONE,sc_st_bc,0,Other than Woman,General,all_seats,seat,,Ratnakar Vithal Harji,,122,,,latin,local_elections,e0ae2676d62a-dirty,data/goa/2012/panres_2012_Pernem.pdf,1,page,
goa/gp_ward/2012,b36cc57cb510,Goa|2012|gp_ward|North Goa|Pernem|QUERIM- TIRACOL|VII|,1,Goa,2012,North Goa,Pernem,QUERIM- TIRACOL,gram_panchayat,VII,,gp_ward,ward,NONE,NONE,sc_st_bc,1,Woman,Women,all_seats,seat,,Runali Raman Talkar,,154,,,latin,local_elections,e0ae2676d62a-dirty,data/goa/2012/panres_2012_Pernem.pdf,1,page,
goa/gp_ward/2012,5b735e7ae0c9,Goa|2012|gp_ward|North Goa|Pernem|AGARWADA CHOPDEM|I|,1,Goa,2012,North Goa,Pernem,AGARWADA CHOPDEM,gram_panchayat,I,,gp_ward,ward,NONE,NONE,sc_st_bc,0,Other than Woman,General,all_seats,seat,,Sudan Atmaram Shetye,,103,,,latin,local_elections,e0ae2676d62a-dirty,data/goa/2012/panres_2012_Pernem.pdf,1,page,
goa/gp_ward/2012,2c0f01f4dbe9,Goa|2012|gp_ward|North Goa|Pernem|AGARWADA CHOPDEM|II|,1,Goa,2012,North Goa,Pernem,AGARWADA CHOPDEM,gram_panchayat,II,,gp_ward,ward,BC,BC,sc_st_bc,1,BC Woman,OBC Wom,all_seats,seat,,SHASHIKALA SANTOSH DAMAJI,,64,,,latin,local_elections,e0ae2676d62a-dirty,data/goa/2012/panres_2012_Pernem.pdf,1,page,
goa/gp_ward/2012,101dfc934425,Goa|2012|gp_ward|North Goa|Pernem|AGARWADA CHOPDEM|III|,1,Goa,2012,North Goa,Pernem,AGARWADA CHOPDEM,gram_panchayat,III,,gp_ward,ward,NONE,NONE,sc_st_bc,0,Other than Woman,General,all_seats,seat,,Prabhakar Sitaram Nagvekar,,71,,,latin,local_elections,e0ae2676d62a-dirty,data/goa/2012/panres_2012_Pernem.pdf,1,page,
goa/gp_ward/2012,1d3075e4ca8e,Goa|2012|gp_ward|North Goa|Pernem|AGARWADA CHOPDEM|IV|,1,Goa,2012,North Goa,Pernem,AGARWADA CHOPDEM,gram_panchayat,IV,,gp_ward,ward,NONE,NONE,sc_st_bc,0,Other than Woman,General,all_seats,seat,,Sitaram Prabhakar Raut,,65,,,latin,local_elections,e0ae2676d62a-dirty,data/goa/2012/panres_2012_Pernem.pdf,1,page,
goa/gp_ward/2012,fca9ac6dd264,Goa|2012|gp_ward|North Goa|Pernem|AGARWADA CHOPDEM|V|,1,Goa,2012,North Goa,Pernem,AGARWADA CHOPDEM,gram_panchayat,V,,gp_ward,ward,NONE,NONE,sc_st_bc,0,Other than Woman,General,all_seats,seat,,Bhagirath Pandharinath Gaonkar,,68,,,latin,local_elections,e0ae2676d62a-dirty,data/goa/2012/panres_2012_Pernem.pdf,1,page,
goa/gp_ward/2012,6336d917f5e6,Goa|2012|gp_ward|North Goa|Pernem|AGARWADA CHOPDEM|VI|,1,Goa,2012,North Goa,Pernem,AGARWADA CHOPDEM,gram_panchayat,VI,,gp_ward,ward,NONE,NONE,sc_st_bc,0,Other than Woman,General,all_seats,seat,,Eknath Hari Chodankar,,82,,,latin,local_elections,e0ae2676d62a-dirty,data/goa/2012/panres_2012_Pernem.pdf,1,page,
goa/gp_ward/2012,5f4a03b02e4d,Goa|2012|gp_ward|North Goa|Pernem|AGARWADA CHOPDEM|VII|,1,Goa,2012,North Goa,Pernem,AGARWADA CHOPDEM,gram_panchayat,VII,,gp_ward,ward,NONE,NONE,sc_st_bc,1,Woman,Women,all_seats,seat,,Suman Sitaram Khorjuvekar,,Unopposed,,,latin,local_elections,e0ae2676d62a-dirty,data/goa/2012/panres_2012_Pernem.pdf,1,page,
goa/gp_ward/2012,bf450e89a367,Goa|2012|gp_ward|North Goa|Pernem|CORGAO|I|,1,Goa,2012,North Goa,Pernem,CORGAO,gram_panchayat,I,,gp_ward,ward,NONE,NONE,sc_st_bc,0,Other than Woman,General,all_seats,seat,,NITIN NAGESH NARSE,,179,,,latin,local_elections,e0ae2676d62a-dirty,data/goa/2012/panres_2012_Pernem.pdf,1,page,
goa/gp_ward/2012,3b5b36358ad8,Goa|2012|gp_ward|North Goa|Pernem|CORGAO|II|,1,Goa,2012,North Goa,Pernem,CORGAO,gram_panchayat,II,,gp_ward,ward,NONE,NONE,sc_st_bc,1,Woman,Women,all_seats,seat,,ARATI ARVIND PAYAJI,,181,,,latin,local_elections,e0ae2676d62a-dirty,data/goa/2012/panres_2012_Pernem.pdf,1,page,
goa/gp_ward/2012,6c987a5676f4,Goa|2012|gp_ward|North Goa|Pernem|CORGAO|III|,1,Goa,2012,North Goa,Pernem,CORGAO,gram_panchayat,III,,gp_ward,ward,NONE,NONE,sc_st_bc,0,Other than Woman,General,all_seats,seat,,Domnic Gabrial Fernandes,,190,,,latin,local_elections,e0ae2676d62a-dirty,data/goa/2012/panres_2012_Pernem.pdf,1,page,
goa/gp_ward/2012,d2e9756c1878,Goa|2012|gp_ward|North Goa|Pernem|CORGAO|IV|,1,Goa,2012,North Goa,Pernem,CORGAO,gram_panchayat,IV,,gp_ward,ward,BC,BC,sc_st_bc,1,BC Woman,OBC Wom,all_seats,seat,,Prachi Yogesh Talavnekar,,182,,,latin,local_elections,e0ae2676d62a-dirty,data/goa/2012/panres_2012_Pernem.pdf,1,page,
goa/gp_ward/2012,e1ce28da12e0,Goa|2012|gp_ward|North Goa|Pernem|CORGAO|V|,1,Goa,2012,North Goa,Pernem,CORGAO,gram_panchayat,V,,gp_ward,ward,NONE,NONE,sc_st_bc,0,Other than Woman,General,all_seats,seat,,Sudip Vishnu Korgaonkar,,200,,,latin,local_elections,e0ae2676d62a-dirty,data/goa/2012/panres_2012_Pernem.pdf,1,page,
goa/gp_ward/2012,b761131a1537,Goa|2012|gp_ward|North Goa|Pernem|CORGAO|VI|,1,Goa,2012,North Goa,Pernem,CORGAO,gram_panchayat,VI,,gp_ward,ward,NONE,NONE,sc_st_bc,0,Other than Woman,General,all_seats,seat,,Uday Vithal Palyekar,,117,,,latin,local_elections,e0ae2676d62a-dirty,data/goa/2012/panres_2012_Pernem.pdf,1,page,
goa/gp_ward/2012,ad4acdaf3f7c,Goa|2012|gp_ward|North Goa|Pernem|CORGAO|VII|,1,Goa,2012,North Goa,Pernem,CORGAO,gram_panchayat,VII,,gp_ward,ward,BC,BC,sc_st_bc,1,BC Woman,OBC Wom,all_seats,seat,,Sarita Krishnakant Bhaidkar,,284,,,latin,local_elections,e0ae2676d62a-dirty,data/goa/2012/panres_2012_Pernem.pdf,2,page,
goa/gp_ward/2012,14f05d60f6ba,Goa|2012|gp_ward|North Goa|Pernem|CORGAO|VIII|,1,Goa,2012,North Goa,Pernem,CORGAO,gram_panchayat,VIII,,gp_ward,ward,NONE,NONE,sc_st_bc,0,Other than Woman,General,all_seats,seat,,RAMA BAPU SHETYE,,223,,,latin,local_elections,e0ae2676d62a-dirty,data/goa/2012/panres_2012_Pernem.pdf,2,page,
goa/gp_ward/2012,1a0f8bfce97e,Goa|2012|gp_ward|North Goa|Pernem|CORGAO|IX|,1,Goa,2012,North Goa,Pernem,CORGAO,gram_panchayat,IX,,gp_ward,ward,BC,BC,sc_st_bc,0,BC Other than Woman,O.B.C.,all_seats,seat,,PANDHARI NAVSO AROLKAR,,236,,,latin,local_elections,e0ae2676d62a-dirty,data/goa/2012/panres_2012_Pernem.pdf,2,page,
goa/gp_ward/2012,56ad965e1fb6,Goa|2012|gp_ward|North Goa|Pernem|ARAMBOL|I|,1,Goa,2012,North Goa,Pernem,ARAMBOL,gram_panchayat,I,,gp_ward,ward,NONE,NONE,sc_st_bc,0,Other than Woman,General,all_seats,seat,,Inacio Daniel Santan D’souza,,186,,,latin,local_elections,e0ae2676d62a-dirty,data/goa/2012/panres_2012_Pernem.pdf,2,page,
goa/gp_ward/2012,0b531b7b0f31,Goa|2012|gp_ward|North Goa|Pernem|ARAMBOL|II|,1,Goa,2012,North Goa,Pernem,ARAMBOL,gram_panchayat,II,,gp_ward,ward,NONE,NONE,sc_st_bc,1,Woman,Women,all_seats,seat,,Pranali Pravin Vaigankar,,184,,,latin,local_elections,e0ae2676d62a-dirty,data/goa/2012/panres_2012_Pernem.pdf,2,page,
goa/gp_ward/2012,2cc2710e5656,Goa|2012|gp_ward|North Goa|Pernem|ARAMBOL|III|,1,Goa,2012,North Goa,Pernem,ARAMBOL,gram_panchayat,III,,gp_ward,ward,BC,BC,sc_st_bc,0,BC Other than Woman,O.B.C.,all_seats,seat,,Dwarkanath Dayaram Naik,,136,,,latin,local_elections,e0ae2676d62a-dirty,data/goa/2012/panres_2012_Pernem.pdf,2,page,
goa/gp_ward/2012,ecbfc45ab6d5,Goa|2012|gp_ward|North Goa|Pernem|ARAMBOL|IV|,1,Goa,2012,North Goa,Pernem,ARAMBOL,gram_panchayat,IV,,gp_ward,ward,NONE,NONE,sc_st_bc,1,Woman,Women,all_seats,seat,,Herculana Alexin Rodrigues,,213,,,latin,local_elections,e0ae2676d62a-dirty,data/goa/2012/panres_2012_Pernem.pdf,2,page,
goa/gp_ward/2012,de5ea123cb20,Goa|2012|gp_ward|North Goa|Pernem|ARAMBOL|V|,1,Goa,2012,North Goa,Pernem,ARAMBOL,gram_panchayat,V,,gp_ward,ward,NONE,NONE,sc_st_bc,0,Other than Woman,General,all_seats,seat,,Pradeep Tukaram Naik,,296,,,latin,local_elections,e0ae2676d62a-dirty,data/goa/2012/panres_2012_Pernem.pdf,2,page,
goa/gp_ward/2012,101f07fecfe1,Goa|2012|gp_ward|North Goa|Pernem|ARAMBOL|VI|,1,Goa,2012,North Goa,Pernem,ARAMBOL,gram_panchayat,VI,,gp_ward,ward,BC,BC,sc_st_bc,0,BC Other than Woman,O.B.C.,all_seats,seat,,Anant Madhukar Gadekar,,264,,,latin,local_elections,e0ae2676d62a-dirty,data/goa/2012/panres_2012_Pernem.pdf,2,page,
goa/gp_ward/2012,8c3e6b53ab70,Goa|2012|gp_ward|North Goa|Pernem|ARAMBOL|VII|,1,Goa,2012,North Goa,Pernem,ARAMBOL,gram_panchayat,VII,,gp_ward,ward,NONE,NONE,sc_st_bc,1,Woman,Women,all_seats,seat,,Suvarna Gunaji Thakur,,227,,,latin,local_elections,e0ae2676d62a-dirty,data/goa/2012/panres_2012_Pernem.pdf,2,page,
goa/gp_ward/2012,346a4da17812,Goa|2012|gp_ward|North Goa|Pernem|ARAMBOL|VIII|,1,Goa,2012,North Goa,Pernem,ARAMBOL,gram_panchayat,VIII,,gp_ward,ward,NONE,NONE,sc_st_bc,0,Other than Woman,General,all_seats,seat,,Prakash Vasudev Naik,,86,,,latin,local_elections,e0ae2676d62a-dirty,data/goa/2012/panres_2012_Pernem.pdf,2,page,
goa/gp_ward/2012,7d4a6200ef55,Goa|2012|gp_ward|North Goa|Pernem|ARAMBOL|IX|,1,Goa,2012,North Goa,Pernem,ARAMBOL,gram_panchayat,IX,,gp_ward,ward,BC,BC,sc_st_bc,0,BC Other than Woman,O.B.C.,all_seats,seat,,Ramchandra Krishna Kerkar,,158,,,latin,local_elections,e0ae2676d62a-dirty,data/goa/2012/panres_2012_Pernem.pdf,2,page,
goa/gp_ward/2012,343b49602540,Goa|2012|gp_ward|North Goa|Pernem|MANDREM|I|,1,Goa,2012,North Goa,Pernem,MANDREM,gram_panchayat,I,,gp_ward,ward,NONE,NONE,sc_st_bc,0,Other than Woman,General,all_seats,seat,,Vishnu Arjun Sawant,,276,,,latin,local_elections,e0ae2676d62a-dirty,data/goa/2012/panres_2012_Pernem.pdf,2,page,
goa/gp_ward/2012,40e78f4c2c4b,Goa|2012|gp_ward|North Goa|Pernem|MANDREM|II|,1,Goa,2012,North Goa,Pernem,MANDREM,gram_panchayat,II,,gp_ward,ward,NONE,NONE,sc_st_bc,1,Woman,Women,all_seats,seat,,Seema Raghoba Gawade,,262,,,latin,local_elections,e0ae2676d62a-dirty,data/goa/2012/panres_2012_Pernem.pdf,2,page,
goa/gp_ward/2012,8dd8f41ee496,Goa|2012|gp_ward|North Goa|Pernem|MANDREM|III|,1,Goa,2012,North Goa,Pernem,MANDREM,gram_panchayat,III,,gp_ward,ward,NONE,NONE,sc_st_bc,0,Other than Woman,General,all_seats,seat,,Mahesh Janardhan Konadkar,,213,,,latin,local_elections,e0ae2676d62a-dirty,data/goa/2012/panres_2012_Pernem.pdf,2,page,
goa/gp_ward/2012,71ab86c347a0,Goa|2012|gp_ward|North Goa|Pernem|MANDREM|IV|,1,Goa,2012,North Goa,Pernem,MANDREM,gram_panchayat,IV,,gp_ward,ward,NONE,NONE,sc_st_bc,1,Woman,Women,all_seats,seat,,Tara Babuso Hadfadkar,,208,,,latin,local_elections,e0ae2676d62a-dirty,data/goa/2012/panres_2012_Pernem.pdf,2,page,
goa/gp_ward/2012,c0ef02fb4399,Goa|2012|gp_ward|North Goa|Pernem|MANDREM|V|,1,Goa,2012,North Goa,Pernem,MANDREM,gram_panchayat,V,,gp_ward,ward,NONE,NONE,sc_st_bc,0,Other than Woman,General,all_seats,seat,,Ramesh Sakharam Shetmandrekar,,271,,,latin,local_elections,e0ae2676d62a-dirty,data/goa/2012/panres_2012_Pernem.pdf,2,page,
goa/gp_ward/2012,26e203057fdd,Goa|2012|gp_ward|North Goa|Pernem|MANDREM|VI|,1,Goa,2012,North Goa,Pernem,MANDREM,gram_panchayat,VI,,gp_ward,ward,BC,BC,sc_st_bc,0,BC Other than Woman,O.B.C.,all_seats,seat,,Amroj Juse Fernandes,,212,,,latin,local_elections,e0ae2676d62a-dirty,data/goa/2012/panres_2012_Pernem.pdf,2,page,
goa/gp_ward/2012,c731427c56e5,Goa|2012|gp_ward|North Goa|Pernem|MANDREM|VII|,1,Goa,2012,North Goa,Pernem,MANDREM,gram_panchayat,VII,,gp_ward,ward,NONE,NONE,sc_st_bc,1,Woman,Women,all_seats,seat,,Vaishali Vishwanath Shirodkar,,334,,,latin,local_elections,e0ae2676d62a-dirty,data/goa/2012/panres_2012_Pernem.pdf,2,page,
goa/gp_ward/2012,a4d2f3cfd44a,Goa|2012|gp_ward|North Goa|Pernem|MANDREM|VIII|,1,Goa,2012,North Goa,Pernem,MANDREM,gram_panchayat,VIII,,gp_ward,ward,NONE,NONE,sc_st_bc,0,Other than Woman,General,all_seats,seat,,Luis Juao D’souza,,211,,,latin,local_elections,e0ae2676d62a-dirty,data/goa/2012/panres_2012_Pernem.pdf,2,page,
goa/gp_ward/2012,d6baf50885e4,Goa|2012|gp_ward|North Goa|Pernem|MANDREM|IX|,1,Goa,2012,North Goa,Pernem,MANDREM,gram_panchayat,IX,,gp_ward,ward,NONE,NONE,sc_st_bc,0,Other than Woman,General,all_seats,seat,,Santosh Atmaram Barde,,265,,,latin,local_elections,e0ae2676d62a-dirty,data/goa/2012/panres_2012_Pernem.pdf,2,page,
goa/gp_ward/2012,e22141a1120d,Goa|2012|gp_ward|North Goa|Pernem|MANDREM|X|,1,Goa,2012,North Goa,Pernem,MANDREM,gram_panchayat,X,,gp_ward,ward,BC,BC,sc_st_bc,0,BC Other than Woman,O.B.C.,all_seats,seat,,Subhash Vishnu Asolkar,,115,,,latin,local_elections,e0ae2676d62a-dirty,data/goa/2012/panres_2012_Pernem.pdf,2,page,
goa/gp_ward/2012,6db0f5f6a909,Goa|2012|gp_ward|North Goa|Pernem|MANDREM|XI|,1,Goa,2012,North Goa,Pernem,MANDREM,gram_panchayat,XI,,gp_ward,ward,NONE,NONE,sc_st_bc,1,Woman,Women,all_seats,seat,,Sharadha Sadanand Asolkar,,153,,,latin,local_elections,e0ae2676d62a-dirty,data/goa/2012/panres_2012_Pernem.pdf,2,page,
goa/gp_ward/2012,60aa5759e280,Goa|2012|gp_ward|North Goa|Pernem|MORJIM|I|,1,Goa,2012,North Goa,Pernem,MORJIM,gram_panchayat,I,,gp_ward,ward,NONE,NONE,sc_st_bc,0,Other than Woman,General,all_seats,seat,,Agnelo Siril D’souza,,239,,,latin,local_elections,e0ae2676d62a-dirty,data/goa/2012/panres_2012_Pernem.pdf,3,page,
goa/gp_ward/2012,c8783d17b703,Goa|2012|gp_ward|North Goa|Pernem|MORJIM|II|,1,Goa,2012,North Goa,Pernem,MORJIM,gram_panchayat,II,,gp_ward,ward,NONE,NONE,sc_st_bc,1,Woman,Women,all_seats,seat,,Vaishali Machindranath Shetgaonkar,,208,,,latin,local_elections,e0ae2676d62a-dirty,data/goa/2012/panres_2012_Pernem.pdf,3,page,
goa/gp_ward/2012,579c9d6d5107,Goa|2012|gp_ward|North Goa|Pernem|MORJIM|III|,1,Goa,2012,North Goa,Pernem,MORJIM,gram_panchayat,III,,gp_ward,ward,NONE,NONE,sc_st_bc,0,Other than Woman,General,all_seats,seat,,Dhananjay Mahadev Shetgaonkar,,171,,,latin,local_elections,e0ae2676d62a-dirty,data/goa/2012/panres_2012_Pernem.pdf,3,page,
goa/gp_ward/2012,1464bbe14c0e,Goa|2012|gp_ward|North Goa|Pernem|MORJIM|IV|,1,Goa,2012,North Goa,Pernem,MORJIM,gram_panchayat,IV,,gp_ward,ward,NONE,NONE,sc_st_bc,1,Woman,Women,all_seats,seat,,Seema Ramchandra Sangale,,174,,,latin,local_elections,e0ae2676d62a-dirty,data/goa/2012/panres_2012_Pernem.pdf,3,page,
goa/gp_ward/2012,cdbbdfb68762,Goa|2012|gp_ward|North Goa|Pernem|MORJIM|V|,1,Goa,2012,North Goa,Pernem,MORJIM,gram_panchayat,V,,gp_ward,ward,NONE,NONE,sc_st_bc,0,Other than Woman,General,all_seats,seat,,Mandar Mohan Poke,,156,,,latin,local_elections,e0ae2676d62a-dirty,data/goa/2012/panres_2012_Pernem.pdf,3,page,
goa/gp_ward/2012,2829a08fb27a,Goa|2012|gp_ward|North Goa|Pernem|MORJIM|VI|,1,Goa,2012,North Goa,Pernem,MORJIM,gram_panchayat,VI,,gp_ward,ward,NONE,NONE,sc_st_bc,0,Other than Woman,General,all_seats,seat,,Hari Madhu Palyekar,,170,,,latin,local_elections,e0ae2676d62a-dirty,data/goa/2012/panres_2012_Pernem.pdf,3,page,
goa/gp_ward/2012,e838ff3414b4,Goa|2012|gp_ward|North Goa|Pernem|MORJIM|VII|,1,Goa,2012,North Goa,Pernem,MORJIM,gram_panchayat,VII,,gp_ward,ward,BC,BC,sc_st_bc,1,BC Woman,OBC Wom,all_seats,seat,,Anuradha Ramkrishna Morje,,219,,,latin,local_elections,e0ae2676d62a-dirty,data/goa/2012/panres_2012_Pernem.pdf,3,page,
goa/gp_ward/2012,2b541a0f4760,Goa|2012|gp_ward|North Goa|Pernem|MORJIM|VIII|,1,Goa,2012,North Goa,Pernem,MORJIM,gram_panchayat,VIII,,gp_ward,ward,NONE,NONE,sc_st_bc,0,Other than Woman,General,all_seats,seat,,Nilesh Pandurang Shetgaonkar,,270,,,latin,local_elections,e0ae2676d62a-dirty,data/goa/2012/panres_2012_Pernem.pdf,3,page,
goa/gp_ward/2012,0b3b8b977e88,Goa|2012|gp_ward|North Goa|Pernem|MORJIM|IX|,1,Goa,2012,North Goa,Pernem,MORJIM,gram_panchayat,IX,,gp_ward,ward,BC,BC,sc_st_bc,0,BC Other than Woman,O.B.C.,all_seats,seat,,Uttam Suresh Bandekar,,142,,,latin,local_elections,e0ae2676d62a-dirty,data/goa/2012/panres_2012_Pernem.pdf,3,page,
goa/gp_ward/2012,3a027f749b31,Goa|2012|gp_ward|North Goa|Pernem|PALIEM|I|,1,Goa,2012,North Goa,Pernem,PALIEM,gram_panchayat,I,,gp_ward,ward,NONE,NONE,sc_st_bc,0,Other than Woman,General,all_seats,seat,,Dayanand Lavu Parab,,117,,,latin,local_elections,e0ae2676d62a-dirty,data/goa/2012/panres_2012_Pernem.pdf,3,page,
goa/gp_ward/2012,5c00da604433,Goa|2012|gp_ward|North Goa|Pernem|PALIEM|II|,1,Goa,2012,North Goa,Pernem,PALIEM,gram_panchayat,II,,gp_ward,ward,NONE,NONE,sc_st_bc,1,Woman,Women,all_seats,seat,,Ujwala Jitendra Tilve,,128,,,latin,local_elections,e0ae2676d62a-dirty,data/goa/2012/panres_2012_Pernem.pdf,3,page,
goa/gp_ward/2012,0dffae5cf86d,Goa|2012|gp_ward|North Goa|Pernem|PALIEM|III|,1,Goa,2012,North Goa,Pernem,PALIEM,gram_panchayat,III,,gp_ward,ward,NONE,NONE,sc_st_bc,0,Other than Woman,General,all_seats,seat,,Ravindra Atchut Parab,,87,,,latin,local_elections,e0ae2676d62a-dirty,data/goa/2012/panres_2012_Pernem.pdf,3,page,
goa/gp_ward/2012,a36329935aed,Goa|2012|gp_ward|North Goa|Pernem|PALIEM|IV|,1,Goa,2012,North Goa,Pernem,PALIEM,gram_panchayat,IV,,gp_ward,ward,NONE,NONE,sc_st_bc,0,Other than Woman,General,all_seats,seat,,Babni Laxman Arolkar,,79,,,latin,local_elections,e0ae2676d62a-dirty,data/goa/2012/panres_2012_Pernem.pdf,3,page,
goa/gp_ward/2012,5c3da8b6cad9,Goa|2012|gp_ward|North Goa|Pernem|PALIEM|V|,1,Goa,2012,North Goa,Pernem,PALIEM,gram_panchayat,V,,gp_ward,ward,NONE,NONE,sc_st_bc,0,Other than Woman,General,all_seats,seat,,Prasad Tato Parab,,158,,,latin,local_elections,e0ae2676d62a-dirty,data/goa/2012/panres_2012_Pernem.pdf,3,page,
goa/gp_ward/2012,cc2f6373a324,Goa|2012|gp_ward|North Goa|Pernem|PALIEM|VI|,1,Goa,2012,North Goa,Pernem,PALIEM,gram_panchayat,VI,,gp_ward,ward,BC,BC,sc_st_bc,0,BC Other than Woman,O.B.C.,all_seats,seat,,Sandeep Manohar Nhanji,,169,,,latin,local_elections,e0ae2676d62a-dirty,data/goa/2012/panres_2012_Pernem.pdf,3,page,
goa/gp_ward/2012,c8769920afb7,Goa|2012|gp_ward|North Goa|Pernem|PALIEM|VII|,1,Goa,2012,North Goa,Pernem,PALIEM,gram_panchayat,VII,,gp_ward,ward,NONE,NONE,sc_st_bc,1,Woman,Women,all_seats,seat,,Supriya Uday Gavandi,,121,,,latin,local_elections,e0ae2676d62a-dirty,data/goa/2012/panres_2012_Pernem.pdf,3,page,
goa/gp_ward/2012,a97fc238ba84,Goa|2012|gp_ward|North Goa|Pernem|PARCEM|I|,1,Goa,2012,North Goa,Pernem,PARCEM,gram_panchayat,I,,gp_ward,ward,BC,BC,sc_st_bc,0,BC Other than Woman,O.B.C.,all_seats,seat,,Gurudas Shiva Pande,,130,,,latin,local_elections,e0ae2676d62a-dirty,data/goa/2012/panres_2012_Pernem.pdf,3,page,
goa/gp_ward/2012,6955f3a08f8b,Goa|2012|gp_ward|North Goa|Pernem|PARCEM|II|,1,Goa,2012,North Goa,Pernem,PARCEM,gram_panchayat,II,,gp_ward,ward,BC,BC,sc_st_bc,1,BC Woman,OBC Wom,all_seats,seat,,Pravina Prakash Kandolkar,,197,,,latin,local_elections,e0ae2676d62a-dirty,data/goa/2012/panres_2012_Pernem.pdf,3,page,
goa/gp_ward/2012,dfdc345f0b25,Goa|2012|gp_ward|North Goa|Pernem|PARCEM|III|,1,Goa,2012,North Goa,Pernem,PARCEM,gram_panchayat,III,,gp_ward,ward,NONE,NONE,sc_st_bc,0,Other than Woman,General,all_seats,seat,,Rama Vasudev Naik,,146,,,latin,local_elections,e0ae2676d62a-dirty,data/goa/2012/panres_2012_Pernem.pdf,3,page,
goa/gp_ward/2012,cfbd830591c2,Goa|2012|gp_ward|North Goa|Pernem|PARCEM|IV|,1,Goa,2012,North Goa,Pernem,PARCEM,gram_panchayat,IV,,gp_ward,ward,NONE,NONE,sc_st_bc,0,Other than Woman,General,all_seats,seat,,Devendra Krishnaji Prabhu Parsekar Dessai,,144,,,latin,local_elections,e0ae2676d62a-dirty,data/goa/2012/panres_2012_Pernem.pdf,3,page,
goa/gp_ward/2012,f4b81f910973,Goa|2012|gp_ward|North Goa|Pernem|PARCEM|V|,1,Goa,2012,North Goa,Pernem,PARCEM,gram_panchayat,V,,gp_ward,ward,BC,BC,sc_st_bc,0,BC Other than Woman,O.B.C.,all_seats,seat,,Satish Shankar Nagoji,,88,,,latin,local_elections,e0ae2676d62a-dirty,data/goa/2012/panres_2012_Pernem.pdf,3,page,
goa/gp_ward/2012,8fa6a416086b,Goa|2012|gp_ward|North Goa|Pernem|PARCEM|VI|,1,Goa,2012,North Goa,Pernem,PARCEM,gram_panchayat,VI,,gp_ward,ward,NONE,NONE,sc_st_bc,0,Other than Woman,General,all_seats,seat,,Gopal Mhato Bhisaji,,164,,,latin,local_elections,e0ae2676d62a-dirty,data/goa/2012/panres_2012_Pernem.pdf,3,page,
goa/gp_ward/2012,3e3fb4a064b0,Goa|2012|gp_ward|North Goa|Pernem|PARCEM|VII|,1,Goa,2012,North Goa,Pernem,PARCEM,gram_panchayat,VII,,gp_ward,ward,NONE,NONE,sc_st_bc,1,Woman,Women,all_seats,seat,,Shubada Chandrashekhar Polji,,217,,,latin,local_elections,e0ae2676d62a-dirty,data/goa/2012/panres_2012_Pernem.pdf,3,page,
goa/gp_ward/2012,562796858299,Goa|2012|gp_ward|North Goa|Pernem|TOTAL|I|,1,Goa,2012,North Goa,Pernem,TOTAL,gram_panchayat,I,,gp_ward,ward,NONE,NONE,sc_st_bc,0,Other than Woman,General,all_seats,seat,,Yeshwant Ramchandra Talawanekar,,116,,,latin,local_elections,e0ae2676d62a-dirty,data/goa/2012/panres_2012_Pernem.pdf,3,page,
goa/gp_ward/2012,759f9cfd4364,Goa|2012|gp_ward|North Goa|Pernem|TOTAL|II|,1,Goa,2012,North Goa,Pernem,TOTAL,gram_panchayat,II,,gp_ward,ward,BC,BC,sc_st_bc,1,BC Woman,OBC Wom,all_seats,seat,,Jayshri Jairam Pirankar,,147,,,latin,local_elections,e0ae2676d62a-dirty,data/goa/2012/panres_2012_Pernem.pdf,4,page,
goa/gp_ward/2012,39885d9ddbb0,Goa|2012|gp_ward|North Goa|Pernem|TOTAL|III|,1,Goa,2012,North Goa,Pernem,TOTAL,gram_panchayat,III,,gp_ward,ward,NONE,NONE,sc_st_bc,0,Other than Woman,General,all_seats,seat,,Ekanath Shamba Teli,,166,,,latin,local_elections,e0ae2676d62a-dirty,data/goa/2012/panres_2012_Pernem.pdf,4,page,
goa/gp_ward/2012,dee996b86890,Goa|2012|gp_ward|North Goa|Pernem|TOTAL|IV|,1,Goa,2012,North Goa,Pernem,TOTAL,gram_panchayat,IV,,gp_ward,ward,BC,BC,sc_st_bc,0,BC Other than Woman,O.B.C.,all_seats,seat,,Francis Vitorin Pereira,,121,,,latin,local_elections,e0ae2676d62a-dirty,data/goa/2012/panres_2012_Pernem.pdf,4,page,
goa/gp_ward/2012,c84cc16fe94e,Goa|2012|gp_ward|North Goa|Pernem|TOTAL|V|,1,Goa,2012,North Goa,Pernem,TOTAL,gram_panchayat,V,,gp_ward,ward,NONE,NONE,sc_st_bc,0,Other than Woman,General,all_seats,seat,,Gajanan Dattaram Gadekar,,127,,,latin,local_elections,e0ae2676d62a-dirty,data/goa/2012/panres_2012_Pernem.pdf,4,page,
goa/gp_ward/2012,882e1ee39342,Goa|2012|gp_ward|North Goa|Pernem|TOTAL|VI|,1,Goa,2012,North Goa,Pernem,TOTAL,gram_panchayat,VI,,gp_ward,ward,BC,BC,sc_st_bc,0,BC Other than Woman,O.B.C.,all_seats,seat,,Jagannath Harishchandra Gadekar,,133,,,latin,local_elections,e0ae2676d62a-dirty,data/goa/2012/panres_2012_Pernem.pdf,4,page,
goa/gp_ward/2012,53e5820ac1f2,Goa|2012|gp_ward|North Goa|Pernem|TOTAL|VII|,1,Goa,2012,North Goa,Pernem,TOTAL,gram_panchayat,VII,,gp_ward,ward,NONE,NONE,sc_st_bc,1,Woman,Women,all_seats,seat,,Rajashri Rajan Haldankar,,97,,,latin,local_elections,e0ae2676d62a-dirty,data/goa/2012/panres_2012_Pernem.pdf,4,page,
goa/gp_ward/2012,b2bc10035a2d,Goa|2012|gp_ward|North Goa|Pernem|DHARGALIM|I|,1,Goa,2012,North Goa,Pernem,DHARGALIM,gram_panchayat,I,,gp_ward,ward,NONE,NONE,sc_st_bc,0,Other than Woman,General,all_seats,seat,,Sajjan Namdev Konadkar,,146,,,latin,local_elections,e0ae2676d62a-dirty,data/goa/2012/panres_2012_Pernem.pdf,4,page,
goa/gp_ward/2012,5494b9a4eef1,Goa|2012|gp_ward|North Goa|Pernem|DHARGALIM|II|,1,Goa,2012,North Goa,Pernem,DHARGALIM,gram_panchayat,II,,gp_ward,ward,NONE,NONE,sc_st_bc,1,Woman,Women,all_seats,seat,,Sunita Ashok Raul,,176,,,latin,local_elections,e0ae2676d62a-dirty,data/goa/2012/panres_2012_Pernem.pdf,4,page,
goa/gp_ward/2012,fd66b0bc8d0e,Goa|2012|gp_ward|North Goa|Pernem|DHARGALIM|III|,1,Goa,2012,North Goa,Pernem,DHARGALIM,gram_panchayat,III,,gp_ward,ward,NONE,NONE,sc_st_bc,0,Other than Woman,General,all_seats,seat,,Gokuldas Anant Salgaonkar,,163,,,latin,local_elections,e0ae2676d62a-dirty,data/goa/2012/panres_2012_Pernem.pdf,4,page,
goa/gp_ward/2012,f5b1c7103ff6,Goa|2012|gp_ward|North Goa|Pernem|DHARGALIM|IV|,1,Goa,2012,North Goa,Pernem,DHARGALIM,gram_panchayat,IV,,gp_ward,ward,BC,BC,sc_st_bc,0,BC Other than Woman,O.B.C.,all_seats,seat,,Pramod Pandurang Salgaonakar,,260,,,latin,local_elections,e0ae2676d62a-dirty,data/goa/2012/panres_2012_Pernem.pdf,4,page,
goa/gp_ward/2012,b596fa9442f9,Goa|2012|gp_ward|North Goa|Pernem|DHARGALIM|V|,1,Goa,2012,North Goa,Pernem,DHARGALIM,gram_panchayat,V,,gp_ward,ward,BC,BC,sc_st_bc,0,BC Other than Woman,O.B.C.,all_seats,seat,,Pradeep Madan Naik,,256,,,latin,local_elections,e0ae2676d62a-dirty,data/goa/2012/panres_2012_Pernem.pdf,4,page,
goa/gp_ward/2012,a18d3e28c1f5,Goa|2012|gp_ward|North Goa|Pernem|DHARGALIM|VI|,1,Goa,2012,North Goa,Pernem,DHARGALIM,gram_panchayat,VI,,gp_ward,ward,NONE,NONE,sc_st_bc,0,Other than Woman,General,all_seats,seat,,Avelin Anton Rodrigues,,256,,,latin,local_elections,e0ae2676d62a-dirty,data/goa/2012/panres_2012_Pernem.pdf,4,page,
goa/gp_ward/2012,f2bf3b702ac6,Goa|2012|gp_ward|North Goa|Pernem|DHARGALIM|VII|,1,Goa,2012,North Goa,Pernem,DHARGALIM,gram_panchayat,VII,,gp_ward,ward,BC,BC,sc_st_bc,1,BC Woman,OBC Wom,all_seats,seat,,Vinkita Vinayak Naik,,288,,,latin,local_elections,e0ae2676d62a-dirty,data/goa/2012/panres_2012_Pernem.pdf,4,page,
goa/gp_ward/2012,cd134a718748,Goa|2012|gp_ward|North Goa|Pernem|IBRAMBPUR|I|,1,Goa,2012,North Goa,Pernem,IBRAMBPUR,gram_panchayat,I,,gp_ward,ward,NONE,NONE,sc_st_bc,0,Other than Woman,General,all_seats,seat,,Surya Raghoba Naik,,139,,,latin,local_elections,e0ae2676d62a-dirty,data/goa/2012/panres_2012_Pernem.pdf,4,page,
goa/gp_ward/2012,ad3da0ea125d,Goa|2012|gp_ward|North Goa|Pernem|IBRAMBPUR|II|,1,Goa,2012,North Goa,Pernem,IBRAMBPUR,gram_panchayat,II,,gp_ward,ward,NONE,NONE,sc_st_bc,1,Woman,Women,all_seats,seat,,Ruchi Rama Naik,,85,,,latin,local_elections,e0ae2676d62a-dirty,data/goa/2012/panres_2012_Pernem.pdf,4,page,
goa/gp_ward/2012,1c19c8606e01,Goa|2012|gp_ward|North Goa|Pernem|IBRAMBPUR|III|,1,Goa,2012,North Goa,Pernem,IBRAMBPUR,gram_panchayat,III,,gp_ward,ward,NONE,NONE,sc_st_bc,0,Other than Woman,General,all_seats,seat,,Dasharath Dhondu Shinde,,75,,,latin,local_elections,e0ae2676d62a-dirty,data/goa/2012/panres_2012_Pernem.pdf,4,page,
goa/gp_ward/2012,9d53e6735a4f,Goa|2012|gp_ward|North Goa|Pernem|IBRAMBPUR|IV|,1,Goa,2012,North Goa,Pernem,IBRAMBPUR,gram_panchayat,IV,,gp_ward,ward,NONE,NONE,sc_st_bc,0,Other than Woman,General,all_seats,seat,,Ashok Mahadev Dhauskar,,103,,,latin,local_elections,e0ae2676d62a-dirty,data/goa/2012/panres_2012_Pernem.pdf,4,page,
goa/gp_ward/2012,f40b65883c51,Goa|2012|gp_ward|North Goa|Pernem|IBRAMBPUR|V|,1,Goa,2012,North Goa,Pernem,IBRAMBPUR,gram_panchayat,V,,gp_ward,ward,BC,BC,sc_st_bc,0,BC Other than Woman,O.B.C.,all_seats,seat,,Chandrashekar Dnyandev Khadpkar,,122,,,latin,local_elections,e0ae2676d62a-dirty,data/goa/2012/panres_2012_Pernem.pdf,4,page,
goa/gp_ward/2012,ef28db6e8fbf,Goa|2012|gp_ward|North Goa|Pernem|IBRAMBPUR|VI|,1,Goa,2012,North Goa,Pernem,IBRAMBPUR,gram_panchayat,VI,,gp_ward,ward,NONE,NONE,sc_st_bc,0,Other than Woman,General,all_seats,seat,,Deelip Dattaram Gawas,,70,,,latin,local_elections,e0ae2676d62a-dirty,data/goa/2012/panres_2012_Pernem.pdf,4,page,
goa/gp_ward/2012,c401eec20e52,Goa|2012|gp_ward|North Goa|Pernem|IBRAMBPUR|VII|,1,Goa,2012,North Goa,Pernem,IBRAMBPUR,gram_panchayat,VII,,gp_ward,ward,BC,BC,sc_st_bc,1,BC Woman,OBC Wom,all_seats,seat,,Preeti Uttam Barbere,,95,,,latin,local_elections,e0ae2676d62a-dirty,data/goa/2012/panres_2012_Pernem.pdf,4,page,
goa/gp_ward/2012,4d499fd2b4c5,Goa|2012|gp_ward|North Goa|Pernem|OZORIM|I|,1,Goa,2012,North Goa,Pernem,OZORIM,gram_panchayat,I,,gp_ward,ward,NONE,NONE,sc_st_bc,0,Other than Woman,General,all_seats,seat,,Ashok Apali Kalangutkar,,96,,,latin,local_elections,e0ae2676d62a-dirty,data/goa/2012/panres_2012_Pernem.pdf,4,page,
goa/gp_ward/2012,9923e4308933,Goa|2012|gp_ward|North Goa|Pernem|OZORIM|II|,1,Goa,2012,North Goa,Pernem,OZORIM,gram_panchayat,II,,gp_ward,ward,NONE,NONE,sc_st_bc,1,Woman,Women,all_seats,seat,,Sanjana Dnyaneshwar Parab,,90,,,latin,local_elections,e0ae2676d62a-dirty,data/goa/2012/panres_2012_Pernem.pdf,4,page,
goa/gp_ward/2012,d71182994a75,Goa|2012|gp_ward|North Goa|Pernem|OZORIM|III|,1,Goa,2012,North Goa,Pernem,OZORIM,gram_panchayat,III,,gp_ward,ward,BC,BC,sc_st_bc,0,BC Other than Woman,O.B.C.,all_seats,seat,,Dinesh Vasudev Mayekar,,125,,,latin,local_elections,e0ae2676d62a-dirty,data/goa/2012/panres_2012_Pernem.pdf,4,page,
goa/gp_ward/2012,23146648f9fc,Goa|2012|gp_ward|North Goa|Pernem|OZORIM|IV|,1,Goa,2012,North Goa,Pernem,OZORIM,gram_panchayat,IV,,gp_ward,ward,NONE,NONE,sc_st_bc,0,Other than Woman,General,all_seats,seat,,Nilesh Raya Naik,,94,,,latin,local_elections,e0ae2676d62a-dirty,data/goa/2012/panres_2012_Pernem.pdf,4,page,
goa/gp_ward/2012,2bea4afed1bf,Goa|2012|gp_ward|North Goa|Pernem|OZORIM|V|,1,Goa,2012,North Goa,Pernem,OZORIM,gram_panchayat,V,,gp_ward,ward,NONE,NONE,sc_st_bc,1,Woman,Women,all_seats,seat,,Samiksha Sanjay Devidas,,125,,,latin,local_elections,e0ae2676d62a-dirty,data/goa/2012/panres_2012_Pernem.pdf,4,page,
goa/gp_ward/2012,b0c22eecc1c3,Goa|2012|gp_ward|North Goa|Pernem|TAMBOXEM- MOPA- UGUEM|I|,1,Goa,2012,North Goa,Pernem,TAMBOXEM- MOPA- UGUEM,gram_panchayat,I,,gp_ward,ward,BC,BC,sc_st_bc,0,BC Other than Woman,O.B.C.,all_seats,seat,,Anil Achut Dhuri,,136,,,latin,local_elections,e0ae2676d62a-dirty,data/goa/2012/panres_2012_Pernem.pdf,4,page,
goa/gp_ward/2012,a921993df63a,Goa|2012|gp_ward|North Goa|Pernem|TAMBOXEM- MOPA- UGUEM|II|,1,Goa,2012,North Goa,Pernem,TAMBOXEM- MOPA- UGUEM,gram_panchayat,II,,gp_ward,ward,NONE,NONE,sc_st_bc,1,Woman,Women,all_seats,seat,,Sonakshi Vinod Asolkar,,93,,,latin,local_elections,e0ae2676d62a-dirty,data/goa/2012/panres_2012_Pernem.pdf,4,page,
goa/gp_ward/2012,006917ff5f86,Goa|2012|gp_ward|North Goa|Pernem|TAMBOXEM- MOPA- UGUEM|III|,1,Goa,2012,North Goa,Pernem,TAMBOXEM- MOPA- UGUEM,gram_panchayat,III,,gp_ward,ward,NONE,NONE,sc_st_bc,0,Other than Woman,General,all_seats,seat,,Rupesh Mukund Parab,,133,,,latin,local_elections,e0ae2676d62a-dirty,data/goa/2012/panres_2012_Pernem.pdf,4,page,
goa/gp_ward/2012,b572fb970726,Goa|2012|gp_ward|North Goa|Pernem|TAMBOXEM- MOPA- UGUEM|IV|,1,Goa,2012,North Goa,Pernem,TAMBOXEM- MOPA- UGUEM,gram_panchayat,IV,,gp_ward,ward,NONE,NONE,sc_st_bc,0,Other than Woman,General,all_seats,seat,,Ashok Anand Parab,,152,,,latin,local_elections,e0ae2676d62a-dirty,data/goa/2012/panres_2012_Pernem.pdf,4,page,
goa/gp_ward/2012,bfee42920354,Goa|2012|gp_ward|North Goa|Pernem|TAMBOXEM- MOPA- UGUEM|V|,1,Goa,2012,North Goa,Pernem,TAMBOXEM- MOPA- UGUEM,gram_panchayat,V,,gp_ward,ward,NONE,NONE,sc_st_bc,0,Other than Woman,General,all_seats,seat,,Chandrakant Ladu Mahale,,134,,,latin,local_elections,e0ae2676d62a-dirty,data/goa/2012/panres_2012_Pernem.pdf,5,page,
goa/gp_ward/2012,1dbd92b30094,Goa|2012|gp_ward|North Goa|Pernem|TAMBOXEM- MOPA- UGUEM|VI|,1,Goa,2012,North Goa,Pernem,TAMBOXEM- MOPA- UGUEM,gram_panchayat,VI,,gp_ward,ward,NONE,NONE,sc_st_bc,0,Other than Woman,General,all_seats,seat,,Vinayak Kashinath Mahale,,208,,,latin,local_elections,e0ae2676d62a-dirty,data/goa/2012/panres_2012_Pernem.pdf,5,page,
goa/gp_ward/2012,4faeec0b224d,Goa|2012|gp_ward|North Goa|Pernem|TAMBOXEM- MOPA- UGUEM|VII|,1,Goa,2012,North Goa,Pernem,TAMBOXEM- MOPA- UGUEM,gram_panchayat,VII,,gp_ward,ward,NONE,NONE,sc_st_bc,1,Woman,Women,all_seats,seat,,Kalpana Vishwas Mahale,,130,,,latin,local_elections,e0ae2676d62a-dirty,data/goa/2012/panres_2012_Pernem.pdf,5,page,
goa/gp_ward/2012,57e23b703263,Goa|2012|gp_ward|North Goa|Pernem|TORXEM|I|,1,Goa,2012,North Goa,Pernem,TORXEM,gram_panchayat,I,,gp_ward,ward,NONE,NONE,sc_st_bc,0,Other than Woman,General,all_seats,seat,,Britto Caridade D'Souza,,149,,,latin,local_elections,e0ae2676d62a-dirty,data/goa/2012/panres_2012_Pernem.pdf,5,page,
goa/gp_ward/2012,30bce1045c4f,Goa|2012|gp_ward|North Goa|Pernem|TORXEM|II|,1,Goa,2012,North Goa,Pernem,TORXEM,gram_panchayat,II,,gp_ward,ward,BC,BC,sc_st_bc,1,BC Woman,OBC Wom,all_seats,seat,,Kamini Maulankar,,Unopposed,,,latin,local_elections,e0ae2676d62a-dirty,data/goa/2012/panres_2012_Pernem.pdf,5,page,
goa/gp_ward/2012,f677a9b0a301,Goa|2012|gp_ward|North Goa|Pernem|TORXEM|III|,1,Goa,2012,North Goa,Pernem,TORXEM,gram_panchayat,III,,gp_ward,ward,NONE,NONE,sc_st_bc,0,Other than Woman,General,all_seats,seat,,Nilesh Mohan Mote,,157,,,latin,local_elections,e0ae2676d62a-dirty,data/goa/2012/panres_2012_Pernem.pdf,5,page,
goa/gp_ward/2012,67c6509bdb82,Goa|2012|gp_ward|North Goa|Pernem|TORXEM|IV|,1,Goa,2012,North Goa,Pernem,TORXEM,gram_panchayat,IV,,gp_ward,ward,NONE,NONE,sc_st_bc,0,Other than Woman,General,all_seats,seat,,Tulshidas Bala Naik,,97,,,latin,local_elections,e0ae2676d62a-dirty,data/goa/2012/panres_2012_Pernem.pdf,5,page,
goa/gp_ward/2012,fa1201f09ca2,Goa|2012|gp_ward|North Goa|Pernem|TORXEM|V|,1,Goa,2012,North Goa,Pernem,TORXEM,gram_panchayat,V,,gp_ward,ward,NONE,NONE,sc_st_bc,0,Other than Woman,General,all_seats,seat,,Suryakant Govind Toraskar,,90,,,latin,local_elections,e0ae2676d62a-dirty,data/goa/2012/panres_2012_Pernem.pdf,5,page,
goa/gp_ward/2012,5f48907ef04c,Goa|2012|gp_ward|North Goa|Pernem|TORXEM|VI|,1,Goa,2012,North Goa,Pernem,TORXEM,gram_panchayat,VI,,gp_ward,ward,NONE,NONE,sc_st_bc,0,Other than Woman,General,all_seats,seat,,Vilas Keshav Shetye,,179,,,latin,local_elections,e0ae2676d62a-dirty,data/goa/2012/panres_2012_Pernem.pdf,5,page,
goa/gp_ward/2012,f76fcdeccdd7,Goa|2012|gp_ward|North Goa|Pernem|TORXEM|VII|,1,Goa,2012,North Goa,Pernem,TORXEM,gram_panchayat,VII,,gp_ward,ward,NONE,NONE,sc_st_bc,1,Woman,Women,all_seats,seat,,Prerna Pravin Sheyte,,111,,,latin,local_elections,e0ae2676d62a-dirty,data/goa/2012/panres_2012_Pernem.pdf,5,page,
goa/gp_ward/2012,bee9ded40cd8,Goa|2012|gp_ward|North Goa|Pernem|TUEM|I|,1,Goa,2012,North Goa,Pernem,TUEM,gram_panchayat,I,,gp_ward,ward,NONE,NONE,sc_st_bc,0,Other than Woman,General,all_seats,seat,,Prajakta Prakash Kannaik,,66,,,latin,local_elections,e0ae2676d62a-dirty,data/goa/2012/panres_2012_Pernem.pdf,5,page,
goa/gp_ward/2012,02dc553e0b92,Goa|2012|gp_ward|North Goa|Pernem|TUEM|II|,1,Goa,2012,North Goa,Pernem,TUEM,gram_panchayat,II,,gp_ward,ward,NONE,NONE,sc_st_bc,1,Woman,Women,all_seats,seat,,Vilasini Satyawan Naik,,85,,,latin,local_elections,e0ae2676d62a-dirty,data/goa/2012/panres_2012_Pernem.pdf,5,page,
goa/gp_ward/2012,f8ac203aac2c,Goa|2012|gp_ward|North Goa|Pernem|TUEM|III|,1,Goa,2012,North Goa,Pernem,TUEM,gram_panchayat,III,,gp_ward,ward,NONE,NONE,sc_st_bc,0,Other than Woman,General,all_seats,seat,,Uday Krishna Mandrekar,,131,,,latin,local_elections,e0ae2676d62a-dirty,data/goa/2012/panres_2012_Pernem.pdf,5,page,
goa/gp_ward/2012,6d98018020fb,Goa|2012|gp_ward|North Goa|Pernem|TUEM|IV|,1,Goa,2012,North Goa,Pernem,TUEM,gram_panchayat,IV,,gp_ward,ward,NONE,NONE,sc_st_bc,0,Other than Woman,General,all_seats,seat,,Ulhas Rama Naik,,134,,,latin,local_elections,e0ae2676d62a-dirty,data/goa/2012/panres_2012_Pernem.pdf,5,page,
goa/gp_ward/2012,46b7466434fa,Goa|2012|gp_ward|North Goa|Pernem|TUEM|V|,1,Goa,2012,North Goa,Pernem,TUEM,gram_panchayat,V,,gp_ward,ward,NONE,NONE,sc_st_bc,0,Other than Woman,General,all_seats,seat,,Suhas Uttam Naik,,146,,,latin,local_elections,e0ae2676d62a-dirty,data/goa/2012/panres_2012_Pernem.pdf,5,page,
goa/gp_ward/2012,6ccfce18873e,Goa|2012|gp_ward|North Goa|Pernem|TUEM|VI|,1,Goa,2012,North Goa,Pernem,TUEM,gram_panchayat,VI,,gp_ward,ward,NONE,NONE,sc_st_bc,0,Other than Woman,General,all_seats,seat,,Ganpatrao Bhiva Pednekar,,97,,,latin,local_elections,e0ae2676d62a-dirty,data/goa/2012/panres_2012_Pernem.pdf,5,page,
goa/gp_ward/2012,8a091024c380,Goa|2012|gp_ward|North Goa|Pernem|TUEM|VII|,1,Goa,2012,North Goa,Pernem,TUEM,gram_panchayat,VII,,gp_ward,ward,BC,BC,sc_st_bc,1,BC Woman,OBC Wom,all_seats,seat,,Swati Sunil Harmalkar,,133,,,latin,local_elections,e0ae2676d62a-dirty,data/goa/2012/panres_2012_Pernem.pdf,5,page,
goa/gp_ward/2012,84d0309c7743,Goa|2012|gp_ward|North Goa|Pernem|VARCOND-NAGZOR|I|,1,Goa,2012,North Goa,Pernem,VARCOND-NAGZOR,gram_panchayat,I,,gp_ward,ward,NONE,NONE,sc_st_bc,0,Other than Woman,General,all_seats,seat,,Amti Bablo Parab,,145,,,latin,local_elections,e0ae2676d62a-dirty,data/goa/2012/panres_2012_Pernem.pdf,5,page,
goa/gp_ward/2012,56138d032641,Goa|2012|gp_ward|North Goa|Pernem|VARCOND-NAGZOR|II|,1,Goa,2012,North Goa,Pernem,VARCOND-NAGZOR,gram_panchayat,II,,gp_ward,ward,NONE,NONE,sc_st_bc,1,Woman,Women,all_seats,seat,,Pratima Prakash Satardekar,,127,,,latin,local_elections,e0ae2676d62a-dirty,data/goa/2012/panres_2012_Pernem.pdf,5,page,
goa/gp_ward/2012,812e31e5f859,Goa|2012|gp_ward|North Goa|Pernem|VARCOND-NAGZOR|III|,1,Goa,2012,North Goa,Pernem,VARCOND-NAGZOR,gram_panchayat,III,,gp_ward,ward,NONE,NONE,sc_st_bc,0,Other than Woman,General,all_seats,seat,,Sanjay Narayan Tulaskar,,129,,,latin,local_elections,e0ae2676d62a-dirty,data/goa/2012/panres_2012_Pernem.pdf,5,page,
goa/gp_ward/2012,728eeddb1adf,Goa|2012|gp_ward|North Goa|Pernem|VARCOND-NAGZOR|IV|,1,Goa,2012,North Goa,Pernem,VARCOND-NAGZOR,gram_panchayat,IV,,gp_ward,ward,BC,BC,sc_st_bc,0,BC Other than Woman,O.B.C.,all_seats,seat,,Ankush Anant Arondekar,,99,,,latin,local_elections,e0ae2676d62a-dirty,data/goa/2012/panres_2012_Pernem.pdf,5,page,
goa/gp_ward/2012,504140e452e6,Goa|2012|gp_ward|North Goa|Pernem|VARCOND-NAGZOR|V|,1,Goa,2012,North Goa,Pernem,VARCOND-NAGZOR,gram_panchayat,V,,gp_ward,ward,NONE,NONE,sc_st_bc,1,Woman,Women,all_seats,seat,,Pallavi Prasad Parab,,171,,,latin,local_elections,e0ae2676d62a-dirty,data/goa/2012/panres_2012_Pernem.pdf,5,page,
goa/gp_ward/2012,84cb45a11e64,Goa|2012|gp_ward|North Goa|Pernem|VIRNODA|I|,1,Goa,2012,North Goa,Pernem,VIRNODA,gram_panchayat,I,,gp_ward,ward,NONE,NONE,sc_st_bc,0,Other than Woman,General,all_seats,seat,,Sitaram Baburao Parab,,78,,,latin,local_elections,e0ae2676d62a-dirty,data/goa/2012/panres_2012_Pernem.pdf,5,page,
goa/gp_ward/2012,1a88593a2015,Goa|2012|gp_ward|North Goa|Pernem|VIRNODA|II|,1,Goa,2012,North Goa,Pernem,VIRNODA,gram_panchayat,II,,gp_ward,ward,NONE,NONE,sc_st_bc,1,Woman,Women,all_seats,seat,,Mayusha Mayur Chari,,77,,,latin,local_elections,e0ae2676d62a-dirty,data/goa/2012/panres_2012_Pernem.pdf,5,page,
goa/gp_ward/2012,d31287e3a2f4,Goa|2012|gp_ward|North Goa|Pernem|VIRNODA|III|,1,Goa,2012,North Goa,Pernem,VIRNODA,gram_panchayat,III,,gp_ward,ward,NONE,NONE,sc_st_bc,0,Other than Woman,General,all_seats,seat,,Shankar Balkrishna Parab,,64,,,latin,local_elections,e0ae2676d62a-dirty,data/goa/2012/panres_2012_Pernem.pdf,5,page,
goa/gp_ward/2012,2719c8e6a737,Goa|2012|gp_ward|North Goa|Pernem|VIRNODA|IV|,1,Goa,2012,North Goa,Pernem,VIRNODA,gram_panchayat,IV,,gp_ward,ward,NONE,NONE,sc_st_bc,0,Other than Woman,General,all_seats,seat,,Krishnanath Vasu Parab,,96,,,latin,local_elections,e0ae2676d62a-dirty,data/goa/2012/panres_2012_Pernem.pdf,5,page,
goa/gp_ward/2012,0da3921ae445,Goa|2012|gp_ward|North Goa|Pernem|VIRNODA|V|,1,Goa,2012,North Goa,Pernem,VIRNODA,gram_panchayat,V,,gp_ward,ward,NONE,NONE,sc_st_bc,0,Other than Woman,General,all_seats,seat,,Jagannath Shivaji Naik Desai,,123,,,latin,local_elections,e0ae2676d62a-dirty,data/goa/2012/panres_2012_Pernem.pdf,5,page,
goa/gp_ward/2012,b583ba47d075,Goa|2012|gp_ward|North Goa|Pernem|VIRNODA|VI|,1,Goa,2012,North Goa,Pernem,VIRNODA,gram_panchayat,VI,,gp_ward,ward,BC,BC,sc_st_bc,0,BC Other than Woman,O.B.C.,all_seats,seat,,Pradeep Mahadev Morajkar,,78,,,latin,local_elections,e0ae2676d62a-dirty,data/goa/2012/panres_2012_Pernem.pdf,5,page,
goa/gp_ward/2012,dbb8769cffd4,Goa|2012|gp_ward|North Goa|Pernem|VIRNODA|VII|,1,Goa,2012,North Goa,Pernem,VIRNODA,gram_panchayat,VII,,gp_ward,ward,NONE,NONE,sc_st_bc,1,Woman,Women,all_seats,seat,,Taramati Rama Rao,,161,,,latin,local_elections,e0ae2676d62a-dirty,data/goa/2012/panres_2012_Pernem.pdf,5,page,
goa/gp_ward/2012,526698ed2b06,Goa|2012|gp_ward|North Goa|Ponda|BETKI-KANDOLA|I|,1,Goa,2012,North Goa,Ponda,BETKI-KANDOLA,gram_panchayat,I,,gp_ward,ward,NONE,NONE,sc_st_bc,0,Other than Woman,General,all_seats,seat,,Bhavana Babal Naik,,154,,,latin,local_elections,e0ae2676d62a-dirty,data/goa/2012/panres_2012_Ponda.pdf,1,page,
goa/gp_ward/2012,7d1b9065fbc1,Goa|2012|gp_ward|North Goa|Ponda|BETKI-KANDOLA|II|,1,Goa,2012,North Goa,Ponda,BETKI-KANDOLA,gram_panchayat,II,,gp_ward,ward,BC,BC,sc_st_bc,1,BC Woman,OBC Wom,all_seats,seat,,Shrinisha Eknath Naik,,153,,,latin,local_elections,e0ae2676d62a-dirty,data/goa/2012/panres_2012_Ponda.pdf,1,page,
goa/gp_ward/2012,a6eee08258d5,Goa|2012|gp_ward|North Goa|Ponda|BETKI-KANDOLA|III|,1,Goa,2012,North Goa,Ponda,BETKI-KANDOLA,gram_panchayat,III,,gp_ward,ward,NONE,NONE,sc_st_bc,0,Other than Woman,General,all_seats,seat,,Dinesh Sadanand Gaude,,128,,,latin,local_elections,e0ae2676d62a-dirty,data/goa/2012/panres_2012_Ponda.pdf,1,page,
goa/gp_ward/2012,f623b254251f,Goa|2012|gp_ward|North Goa|Ponda|BETKI-KANDOLA|IV|,1,Goa,2012,North Goa,Ponda,BETKI-KANDOLA,gram_panchayat,IV,,gp_ward,ward,ST,ST,sc_st_bc,1,ST Woman,ST Wom,all_seats,seat,,Sudhiksha Satish Khandolkar,,135,,,latin,local_elections,e0ae2676d62a-dirty,data/goa/2012/panres_2012_Ponda.pdf,1,page,
goa/gp_ward/2012,8699ca26db05,Goa|2012|gp_ward|North Goa|Ponda|BETKI-KANDOLA|V|,1,Goa,2012,North Goa,Ponda,BETKI-KANDOLA,gram_panchayat,V,,gp_ward,ward,NONE,NONE,sc_st_bc,0,Other than Woman,General,all_seats,seat,,Arvind Ramchandra Gaonkar,,145,,,latin,local_elections,e0ae2676d62a-dirty,data/goa/2012/panres_2012_Ponda.pdf,1,page,
goa/gp_ward/2012,14839a7af395,Goa|2012|gp_ward|North Goa|Ponda|BETKI-KANDOLA|VI|,1,Goa,2012,North Goa,Ponda,BETKI-KANDOLA,gram_panchayat,VI,,gp_ward,ward,NONE,NONE,sc_st_bc,0,Other than Woman,General,all_seats,seat,,Manoj Ramakant Gaonkar,,137,,,latin,local_elections,e0ae2676d62a-dirty,data/goa/2012/panres_2012_Ponda.pdf,1,page,
goa/gp_ward/2012,259d2548a87d,Goa|2012|gp_ward|North Goa|Ponda|BETKI-KANDOLA|VII|,1,Goa,2012,North Goa,Ponda,BETKI-KANDOLA,gram_panchayat,VII,,gp_ward,ward,NONE,NONE,sc_st_bc,1,Woman,Women,all_seats,seat,,Shraddha Shridhar Phadte,,148,,,latin,local_elections,e0ae2676d62a-dirty,data/goa/2012/panres_2012_Ponda.pdf,1,page,
goa/gp_ward/2012,c3f7fa6d3aeb,Goa|2012|gp_ward|North Goa|Ponda|BETKI-KANDOLA|VIII|,1,Goa,2012,North Goa,Ponda,BETKI-KANDOLA,gram_panchayat,VIII,,gp_ward,ward,NONE,NONE,sc_st_bc,0,Other than Woman,General,all_seats,seat,,Vishant Laxman Naik,,81,,,latin,local_elections,e0ae2676d62a-dirty,data/goa/2012/panres_2012_Ponda.pdf,1,page,
goa/gp_ward/2012,05e01b392fbb,Goa|2012|gp_ward|North Goa|Ponda|BETKI-KANDOLA|IX|,1,Goa,2012,North Goa,Ponda,BETKI-KANDOLA,gram_panchayat,IX,,gp_ward,ward,NONE,NONE,sc_st_bc,0,Other than Woman,General,all_seats,seat,,Prakash Krishna Shet,,210,,,latin,local_elections,e0ae2676d62a-dirty,data/goa/2012/panres_2012_Ponda.pdf,1,page,
goa/gp_ward/2012,68c08c224166,Goa|2012|gp_ward|North Goa|Ponda|CURTI-KHANDEPAR|I|,1,Goa,2012,North Goa,Ponda,CURTI-KHANDEPAR,gram_panchayat,I,,gp_ward,ward,BC,BC,sc_st_bc,0,BC Other than Woman,O.B.C.,all_seats,seat,,Sagun Datta Naik,,307,,,latin,local_elections,e0ae2676d62a-dirty,data/goa/2012/panres_2012_Ponda.pdf,1,page,
goa/gp_ward/2012,9994daf40d83,Goa|2012|gp_ward|North Goa|Ponda|CURTI-KHANDEPAR|II|,1,Goa,2012,North Goa,Ponda,CURTI-KHANDEPAR,gram_panchayat,II,,gp_ward,ward,NONE,NONE,sc_st_bc,0,Other than Woman,General,all_seats,seat,,Sandeep Ramendra Sinai Khandeparkar,,444,,,latin,local_elections,e0ae2676d62a-dirty,data/goa/2012/panres_2012_Ponda.pdf,1,page,
goa/gp_ward/2012,146412cd42fb,Goa|2012|gp_ward|North Goa|Ponda|CURTI-KHANDEPAR|III|,1,Goa,2012,North Goa,Ponda,CURTI-KHANDEPAR,gram_panchayat,III,,gp_ward,ward,ST,ST,sc_st_bc,1,ST Woman,ST Wom,all_seats,seat,,Supriya Santosh Gaude,,309,,,latin,local_elections,e0ae2676d62a-dirty,data/goa/2012/panres_2012_Ponda.pdf,1,page,
goa/gp_ward/2012,a7a4e8d6da51,Goa|2012|gp_ward|North Goa|Ponda|CURTI-KHANDEPAR|IV|,1,Goa,2012,North Goa,Ponda,CURTI-KHANDEPAR,gram_panchayat,IV,,gp_ward,ward,NONE,NONE,sc_st_bc,1,Woman,Women,all_seats,seat,,Deepa Dina Naik,,247,,,latin,local_elections,e0ae2676d62a-dirty,data/goa/2012/panres_2012_Ponda.pdf,1,page,
goa/gp_ward/2012,6485c2e4b12c,Goa|2012|gp_ward|North Goa|Ponda|CURTI-KHANDEPAR|V|,1,Goa,2012,North Goa,Ponda,CURTI-KHANDEPAR,gram_panchayat,V,,gp_ward,ward,NONE,NONE,sc_st_bc,0,Other than Woman,General,all_seats,seat,,Narendra Rama Parab,,322,,,latin,local_elections,e0ae2676d62a-dirty,data/goa/2012/panres_2012_Ponda.pdf,1,page,
goa/gp_ward/2012,4b78c8ac80ce,Goa|2012|gp_ward|North Goa|Ponda|CURTI-KHANDEPAR|VI|,1,Goa,2012,North Goa,Ponda,CURTI-KHANDEPAR,gram_panchayat,VI,,gp_ward,ward,NONE,NONE,sc_st_bc,0,Other than Woman,General,all_seats,seat,,Naveed Noor Ahamad Tahshildar,,654,,,latin,local_elections,e0ae2676d62a-dirty,data/goa/2012/panres_2012_Ponda.pdf,1,page,
goa/gp_ward/2012,fef354aa9cdb,Goa|2012|gp_ward|North Goa|Ponda|CURTI-KHANDEPAR|VII|,1,Goa,2012,North Goa,Ponda,CURTI-KHANDEPAR,gram_panchayat,VII,,gp_ward,ward,NONE,NONE,sc_st_bc,1,Woman,Women,all_seats,seat,,Priya Babu Chari,,249,,,latin,local_elections,e0ae2676d62a-dirty,data/goa/2012/panres_2012_Ponda.pdf,1,page,
goa/gp_ward/2012,86509af77be1,Goa|2012|gp_ward|North Goa|Ponda|CURTI-KHANDEPAR|VIII|,1,Goa,2012,North Goa,Ponda,CURTI-KHANDEPAR,gram_panchayat,VIII,,gp_ward,ward,NONE,NONE,sc_st_bc,0,Other than Woman,General,all_seats,seat,,Sajjad Gauns Mullam,,269,,,latin,local_elections,e0ae2676d62a-dirty,data/goa/2012/panres_2012_Ponda.pdf,1,page,
goa/gp_ward/2012,1b8d32f673de,Goa|2012|gp_ward|North Goa|Ponda|CURTI-KHANDEPAR|IX|,1,Goa,2012,North Goa,Ponda,CURTI-KHANDEPAR,gram_panchayat,IX,,gp_ward,ward,NONE,NONE,sc_st_bc,0,Other than Woman,General,all_seats,seat,,Kamlakant Vinayak Parab,,407,,,latin,local_elections,e0ae2676d62a-dirty,data/goa/2012/panres_2012_Ponda.pdf,1,page,
goa/gp_ward/2012,57e7587812e7,Goa|2012|gp_ward|North Goa|Ponda|CURTI-KHANDEPAR|X|,1,Goa,2012,North Goa,Ponda,CURTI-KHANDEPAR,gram_panchayat,X,,gp_ward,ward,NONE,NONE,sc_st_bc,0,Other than Woman,General,all_seats,seat,,Nagesh Kashinath Naik,,251,,,latin,local_elections,e0ae2676d62a-dirty,data/goa/2012/panres_2012_Ponda.pdf,1,page,
goa/gp_ward/2012,18db82e4929f,Goa|2012|gp_ward|North Goa|Ponda|CURTI-KHANDEPAR|XI|,1,Goa,2012,North Goa,Ponda,CURTI-KHANDEPAR,gram_panchayat,XI,,gp_ward,ward,NONE,NONE,sc_st_bc,1,Woman,Women,all_seats,seat,,Chandrika Narshiha Kuttikar,,346,,,latin,local_elections,e0ae2676d62a-dirty,data/goa/2012/panres_2012_Ponda.pdf,1,page,
goa/gp_ward/2012,9980b825aa1b,Goa|2012|gp_ward|North Goa|Ponda|QUERIM ( KERI )|I|,1,Goa,2012,North Goa,Ponda,QUERIM ( KERI ),gram_panchayat,I,,gp_ward,ward,NONE,NONE,sc_st_bc,0,Other than Woman,General,all_seats,seat,,Ashok Krishna Gaude,,268,,,latin,local_elections,e0ae2676d62a-dirty,data/goa/2012/panres_2012_Ponda.pdf,1,page,
goa/gp_ward/2012,8e866a936882,Goa|2012|gp_ward|North Goa|Ponda|QUERIM ( KERI )|II|,1,Goa,2012,North Goa,Ponda,QUERIM ( KERI ),gram_panchayat,II,,gp_ward,ward,NONE,NONE,sc_st_bc,1,Woman,Women,all_seats,seat,,Grisha Gauresh Kerkar,,258,,,latin,local_elections,e0ae2676d62a-dirty,data/goa/2012/panres_2012_Ponda.pdf,1,page,
goa/gp_ward/2012,7c9b4cbd04bc,Goa|2012|gp_ward|North Goa|Ponda|QUERIM ( KERI )|III|,1,Goa,2012,North Goa,Ponda,QUERIM ( KERI ),gram_panchayat,III,,gp_ward,ward,NONE,NONE,sc_st_bc,0,Other than Woman,General,all_seats,seat,,Suresh Shanu Jalmi,,99,,,latin,local_elections,e0ae2676d62a-dirty,data/goa/2012/panres_2012_Ponda.pdf,1,page,
goa/gp_ward/2012,9cf6a6cca8cb,Goa|2012|gp_ward|North Goa|Ponda|QUERIM ( KERI )|IV|,1,Goa,2012,North Goa,Ponda,QUERIM ( KERI ),gram_panchayat,IV,,gp_ward,ward,NONE,NONE,sc_st_bc,0,Other than Woman,General,all_seats,seat,,Suhas Arjun Gaude,,153,,,latin,local_elections,e0ae2676d62a-dirty,data/goa/2012/panres_2012_Ponda.pdf,1,page,
goa/gp_ward/2012,70be3a77db96,Goa|2012|gp_ward|North Goa|Ponda|QUERIM ( KERI )|V|,1,Goa,2012,North Goa,Ponda,QUERIM ( KERI ),gram_panchayat,V,,gp_ward,ward,NONE,NONE,sc_st_bc,0,Other than Woman,General,all_seats,seat,,Anil Yeshwant Gaude,,115,,,latin,local_elections,e0ae2676d62a-dirty,data/goa/2012/panres_2012_Ponda.pdf,1,page,
goa/gp_ward/2012,8a3060c749fd,Goa|2012|gp_ward|North Goa|Ponda|QUERIM ( KERI )|VI|,1,Goa,2012,North Goa,Ponda,QUERIM ( KERI ),gram_panchayat,VI,,gp_ward,ward,BC,BC,sc_st_bc,0,BC Other than Woman,O.B.C.,all_seats,seat,,Kalidas Datta Naik,,145,,,latin,local_elections,e0ae2676d62a-dirty,data/goa/2012/panres_2012_Ponda.pdf,1,page,
goa/gp_ward/2012,cb4442c98bf0,Goa|2012|gp_ward|North Goa|Ponda|QUERIM ( KERI )|VII|,1,Goa,2012,North Goa,Ponda,QUERIM ( KERI ),gram_panchayat,VII,,gp_ward,ward,ST,ST,sc_st_bc,1,ST Woman,ST Wom,all_seats,seat,,Urmila Santosh Gaude,,178,,,latin,local_elections,e0ae2676d62a-dirty,data/goa/2012/panres_2012_Ponda.pdf,2,page,
goa/gp_ward/2012,a48b3049c97b,Goa|2012|gp_ward|North Goa|Ponda|TIVREM – ORGAO|I|,1,Goa,2012,North Goa,Ponda,TIVREM – ORGAO,gram_panchayat,I,,gp_ward,ward,NONE,NONE,sc_st_bc,0,Other than Woman,General,all_seats,seat,,Sanket Shrikant Amonkar,,184,,,latin,local_elections,e0ae2676d62a-dirty,data/goa/2012/panres_2012_Ponda.pdf,2,page,
goa/gp_ward/2012,6eb720fa1028,Goa|2012|gp_ward|North Goa|Ponda|TIVREM – ORGAO|II|,1,Goa,2012,North Goa,Ponda,TIVREM – ORGAO,gram_panchayat,II,,gp_ward,ward,NONE,NONE,sc_st_bc,1,Woman,Women,all_seats,seat,,Sulbha Kishor Vazir,,270,,,latin,local_elections,e0ae2676d62a-dirty,data/goa/2012/panres_2012_Ponda.pdf,2,page,
goa/gp_ward/2012,e75af18c7be4,Goa|2012|gp_ward|North Goa|Ponda|TIVREM – ORGAO|III|,1,Goa,2012,North Goa,Ponda,TIVREM – ORGAO,gram_panchayat,III,,gp_ward,ward,NONE,NONE,sc_st_bc,0,Other than Woman,General,all_seats,seat,,Chandrakant Dulba Gaude,,83,,,latin,local_elections,e0ae2676d62a-dirty,data/goa/2012/panres_2012_Ponda.pdf,2,page,
goa/gp_ward/2012,5f1422d5e839,Goa|2012|gp_ward|North Goa|Ponda|TIVREM – ORGAO|IV|,1,Goa,2012,North Goa,Ponda,TIVREM – ORGAO,gram_panchayat,IV,,gp_ward,ward,NONE,NONE,sc_st_bc,1,Woman,Women,all_seats,seat,,Jyosna Raghuvir Shirodkar,,206,,,latin,local_elections,e0ae2676d62a-dirty,data/goa/2012/panres_2012_Ponda.pdf,2,page,
goa/gp_ward/2012,3e98140c434e,Goa|2012|gp_ward|North Goa|Ponda|TIVREM – ORGAO|V|,1,Goa,2012,North Goa,Ponda,TIVREM – ORGAO,gram_panchayat,V,,gp_ward,ward,BC,BC,sc_st_bc,0,BC Other than Woman,O.B.C.,all_seats,seat,,Umesh Mukund Bhosle,,242,,,latin,local_elections,e0ae2676d62a-dirty,data/goa/2012/panres_2012_Ponda.pdf,2,page,
goa/gp_ward/2012,3b580e16e865,Goa|2012|gp_ward|North Goa|Ponda|TIVREM – ORGAO|VI|,1,Goa,2012,North Goa,Ponda,TIVREM – ORGAO,gram_panchayat,VI,,gp_ward,ward,NONE,NONE,sc_st_bc,0,Other than Woman,General,all_seats,seat,,Pratap Shivaji Volvoikar,,118,,,latin,local_elections,e0ae2676d62a-dirty,data/goa/2012/panres_2012_Ponda.pdf,2,page,
goa/gp_ward/2012,369e06a3ba4c,Goa|2012|gp_ward|North Goa|Ponda|TIVREM – ORGAO|VII|,1,Goa,2012,North Goa,Ponda,TIVREM – ORGAO,gram_panchayat,VII,,gp_ward,ward,NONE,NONE,sc_st_bc,1,Woman,Women,all_seats,seat,,Umedha Atul Khandolkar,,102,,,latin,local_elections,e0ae2676d62a-dirty,data/goa/2012/panres_2012_Ponda.pdf,2,page,
goa/gp_ward/2012,2a7d45eb5e32,Goa|2012|gp_ward|North Goa|Ponda|TIVREM – ORGAO|VIII|,1,Goa,2012,North Goa,Ponda,TIVREM – ORGAO,gram_panchayat,VIII,,gp_ward,ward,NONE,NONE,sc_st_bc,0,Other than Woman,General,all_seats,seat,,Francis Inacio Lobo,,194,,,latin,local_elections,e0ae2676d62a-dirty,data/goa/2012/panres_2012_Ponda.pdf,2,page,
goa/gp_ward/2012,2724c3e4e1b0,Goa|2012|gp_ward|North Goa|Ponda|TIVREM – ORGAO|IX|,1,Goa,2012,North Goa,Ponda,TIVREM – ORGAO,gram_panchayat,IX,,gp_ward,ward,NONE,NONE,sc_st_bc,0,Other than Woman,General,all_seats,seat,,Vithoba Vishnu Dessai,,109,,,latin,local_elections,e0ae2676d62a-dirty,data/goa/2012/panres_2012_Ponda.pdf,2,page,
goa/gp_ward/2012,59ed375e76a1,Goa|2012|gp_ward|North Goa|Ponda|USGAO-GANGEM|I|,1,Goa,2012,North Goa,Ponda,USGAO-GANGEM,gram_panchayat,I,,gp_ward,ward,NONE,NONE,sc_st_bc,0,Other than Woman,General,all_seats,seat,,Vijay Atmaram Gaonkar,,190,,,latin,local_elections,e0ae2676d62a-dirty,data/goa/2012/panres_2012_Ponda.pdf,2,page,
goa/gp_ward/2012,26688d9873c6,Goa|2012|gp_ward|North Goa|Ponda|USGAO-GANGEM|II|,1,Goa,2012,North Goa,Ponda,USGAO-GANGEM,gram_panchayat,II,,gp_ward,ward,ST,ST,sc_st_bc,0,ST Other than Woman,S.T.,all_seats,seat,,Devanand Arjun Nanusker,,289,,,latin,local_elections,e0ae2676d62a-dirty,data/goa/2012/panres_2012_Ponda.pdf,2,page,
goa/gp_ward/2012,b745b4164cc1,Goa|2012|gp_ward|North Goa|Ponda|USGAO-GANGEM|III|,1,Goa,2012,North Goa,Ponda,USGAO-GANGEM,gram_panchayat,III,,gp_ward,ward,NONE,NONE,sc_st_bc,1,Woman,Women,all_seats,seat,,Deepa Satyavijay Naik,,348,,,latin,local_elections,e0ae2676d62a-dirty,data/goa/2012/panres_2012_Ponda.pdf,2,page,
goa/gp_ward/2012,3f50ac533d48,Goa|2012|gp_ward|North Goa|Ponda|USGAO-GANGEM|IV|,1,Goa,2012,North Goa,Ponda,USGAO-GANGEM,gram_panchayat,IV,,gp_ward,ward,NONE,NONE,sc_st_bc,1,Woman,Women,all_seats,seat,,Deepali Tulshidas Gad,,205,,,latin,local_elections,e0ae2676d62a-dirty,data/goa/2012/panres_2012_Ponda.pdf,2,page,
goa/gp_ward/2012,56a3e6d50031,Goa|2012|gp_ward|North Goa|Ponda|USGAO-GANGEM|V|,1,Goa,2012,North Goa,Ponda,USGAO-GANGEM,gram_panchayat,V,,gp_ward,ward,NONE,NONE,sc_st_bc,0,Other than Woman,General,all_seats,seat,,Raghunath Babi Gaude,,129,,,latin,local_elections,e0ae2676d62a-dirty,data/goa/2012/panres_2012_Ponda.pdf,2,page,
goa/gp_ward/2012,bd562ff61a0b,Goa|2012|gp_ward|North Goa|Ponda|USGAO-GANGEM|VI|,1,Goa,2012,North Goa,Ponda,USGAO-GANGEM,gram_panchayat,VI,,gp_ward,ward,BC,BC,sc_st_bc,0,BC Other than Woman,O.B.C.,all_seats,seat,,William Ruzario Mascarenhas,,157,,,latin,local_elections,e0ae2676d62a-dirty,data/goa/2012/panres_2012_Ponda.pdf,2,page,
goa/gp_ward/2012,201ab40da69b,Goa|2012|gp_ward|North Goa|Ponda|USGAO-GANGEM|VII|,1,Goa,2012,North Goa,Ponda,USGAO-GANGEM,gram_panchayat,VII,,gp_ward,ward,NONE,NONE,sc_st_bc,1,Woman,Women,all_seats,seat,,Bindiya Krishanand Prabhu,,242,,,latin,local_elections,e0ae2676d62a-dirty,data/goa/2012/panres_2012_Ponda.pdf,2,page,
goa/gp_ward/2012,9c31a9ce555b,Goa|2012|gp_ward|North Goa|Ponda|USGAO-GANGEM|VIII|,1,Goa,2012,North Goa,Ponda,USGAO-GANGEM,gram_panchayat,VIII,,gp_ward,ward,NONE,NONE,sc_st_bc,0,Other than Woman,General,all_seats,seat,,Ramnath Ganesh Dangui,,227,,,latin,local_elections,e0ae2676d62a-dirty,data/goa/2012/panres_2012_Ponda.pdf,2,page,
goa/gp_ward/2012,563088804d83,Goa|2012|gp_ward|North Goa|Ponda|USGAO-GANGEM|IX|,1,Goa,2012,North Goa,Ponda,USGAO-GANGEM,gram_panchayat,IX,,gp_ward,ward,BC,BC,sc_st_bc,0,BC Other than Woman,O.B.C.,all_seats,seat,,Tushar Vasant Balve,,204,,,latin,local_elections,e0ae2676d62a-dirty,data/goa/2012/panres_2012_Ponda.pdf,2,page,
goa/gp_ward/2012,861350081a51,Goa|2012|gp_ward|North Goa|Ponda|USGAO-GANGEM|X|,1,Goa,2012,North Goa,Ponda,USGAO-GANGEM,gram_panchayat,X,,gp_ward,ward,NONE,NONE,sc_st_bc,0,Other than Woman,General,all_seats,seat,,Tulshidas Narayan Prabhu,,235,,,latin,local_elections,e0ae2676d62a-dirty,data/goa/2012/panres_2012_Ponda.pdf,2,page,
goa/gp_ward/2012,70f862dca707,Goa|2012|gp_ward|North Goa|Ponda|USGAO-GANGEM|XI|,1,Goa,2012,North Goa,Ponda,USGAO-GANGEM,gram_panchayat,XI,,gp_ward,ward,NONE,NONE,sc_st_bc,1,Woman,Women,all_seats,seat,,Harshada Ulhas Gaude,,506,,,latin,local_elections,e0ae2676d62a-dirty,data/goa/2012/panres_2012_Ponda.pdf,2,page,
goa/gp_ward/2012,1bc671c9715d,Goa|2012|gp_ward|North Goa|Ponda|VEREM-VAGURME|I|,1,Goa,2012,North Goa,Ponda,VEREM-VAGURME,gram_panchayat,I,,gp_ward,ward,ST,ST,sc_st_bc,0,ST Other than Woman,S.T.,all_seats,seat,,Meenu Goving Gaude,,251,,,latin,local_elections,e0ae2676d62a-dirty,data/goa/2012/panres_2012_Ponda.pdf,2,page,
goa/gp_ward/2012,f4d5ffcf8e9f,Goa|2012|gp_ward|North Goa|Ponda|VEREM-VAGURME|II|,1,Goa,2012,North Goa,Ponda,VEREM-VAGURME,gram_panchayat,II,,gp_ward,ward,NONE,NONE,sc_st_bc,1,Woman,Women,all_seats,seat,,Swati Satyawan Palkar,,227,,,latin,local_elections,e0ae2676d62a-dirty,data/goa/2012/panres_2012_Ponda.pdf,2,page,
goa/gp_ward/2012,e0ddc69c4bc9,Goa|2012|gp_ward|North Goa|Ponda|VEREM-VAGURME|III|,1,Goa,2012,North Goa,Ponda,VEREM-VAGURME,gram_panchayat,III,,gp_ward,ward,NONE,NONE,sc_st_bc,0,Other than Woman,General,all_seats,seat,,Vinay Vishwanath Naik,,96,,,latin,local_elections,e0ae2676d62a-dirty,data/goa/2012/panres_2012_Ponda.pdf,2,page,
goa/gp_ward/2012,fb830c02ee55,Goa|2012|gp_ward|North Goa|Ponda|VEREM-VAGURME|IV|,1,Goa,2012,North Goa,Ponda,VEREM-VAGURME,gram_panchayat,IV,,gp_ward,ward,NONE,NONE,sc_st_bc,0,Other than Woman,General,all_seats,seat,,Mohan Mahadev Verenkar,,257,,,latin,local_elections,e0ae2676d62a-dirty,data/goa/2012/panres_2012_Ponda.pdf,2,page,
goa/gp_ward/2012,619265b5a171,Goa|2012|gp_ward|North Goa|Ponda|VEREM-VAGURME|V|,1,Goa,2012,North Goa,Ponda,VEREM-VAGURME,gram_panchayat,V,,gp_ward,ward,BC,BC,sc_st_bc,0,BC Other than Woman,O.B.C.,all_seats,seat,,Satyawan Gunlo Palkar,,222,,,latin,local_elections,e0ae2676d62a-dirty,data/goa/2012/panres_2012_Ponda.pdf,2,page,
goa/gp_ward/2012,b0b876f63f9a,Goa|2012|gp_ward|North Goa|Ponda|VEREM-VAGURME|VI|,1,Goa,2012,North Goa,Ponda,VEREM-VAGURME,gram_panchayat,VI,,gp_ward,ward,BC,BC,sc_st_bc,0,BC Other than Woman,O.B.C.,all_seats,seat,,Gurudas Sona Naik,,193,,,latin,local_elections,e0ae2676d62a-dirty,data/goa/2012/panres_2012_Ponda.pdf,2,page,
goa/gp_ward/2012,9e4248e6dc2b,Goa|2012|gp_ward|North Goa|Ponda|VEREM-VAGURME|VII|,1,Goa,2012,North Goa,Ponda,VEREM-VAGURME,gram_panchayat,VII,,gp_ward,ward,NONE,NONE,sc_st_bc,1,Woman,Women,all_seats,seat,,Vaishali Vishwas Naik,,169,,,latin,local_elections,e0ae2676d62a-dirty,data/goa/2012/panres_2012_Ponda.pdf,2,page,
goa/gp_ward/2012,556896f42713,Goa|2012|gp_ward|North Goa|Ponda|VOLVOI|I|,1,Goa,2012,North Goa,Ponda,VOLVOI,gram_panchayat,I,,gp_ward,ward,NONE,NONE,sc_st_bc,0,Other than Woman,General,all_seats,seat,,Rajendra Tukaram Naik,,80,,,latin,local_elections,e0ae2676d62a-dirty,data/goa/2012/panres_2012_Ponda.pdf,3,page,
goa/gp_ward/2012,8d2db4ea16cf,Goa|2012|gp_ward|North Goa|Ponda|VOLVOI|II|,1,Goa,2012,North Goa,Ponda,VOLVOI,gram_panchayat,II,,gp_ward,ward,NONE,NONE,sc_st_bc,1,Woman,Women,all_seats,seat,,Ankita Ankush Naik,,73,,,latin,local_elections,e0ae2676d62a-dirty,data/goa/2012/panres_2012_Ponda.pdf,3,page,
goa/gp_ward/2012,75855df0b751,Goa|2012|gp_ward|North Goa|Ponda|VOLVOI|III|,1,Goa,2012,North Goa,Ponda,VOLVOI,gram_panchayat,III,,gp_ward,ward,BC,BC,sc_st_bc,0,BC Other than Woman,O.B.C.,all_seats,seat,,Vinayak Audumber Vengurlekar,,208,,,latin,local_elections,e0ae2676d62a-dirty,data/goa/2012/panres_2012_Ponda.pdf,3,page,
goa/gp_ward/2012,069592af567c,Goa|2012|gp_ward|North Goa|Ponda|VOLVOI|IV|,1,Goa,2012,North Goa,Ponda,VOLVOI,gram_panchayat,IV,,gp_ward,ward,NONE,NONE,sc_st_bc,0,Other than Woman,General,all_seats,seat,,Digambar Damodar Tari,,129,,,latin,local_elections,e0ae2676d62a-dirty,data/goa/2012/panres_2012_Ponda.pdf,3,page,
goa/gp_ward/2012,1466cf0f30b6,Goa|2012|gp_ward|North Goa|Ponda|VOLVOI|V|,1,Goa,2012,North Goa,Ponda,VOLVOI,gram_panchayat,V,,gp_ward,ward,BC,BC,sc_st_bc,1,BC Woman,OBC Wom,all_seats,seat,,Mitali Mahendra Shet,,141,,,latin,local_elections,e0ae2676d62a-dirty,data/goa/2012/panres_2012_Ponda.pdf,3,page,
goa/gp_ward/2012,0ed1c083c8ac,Goa|2012|gp_ward|North Goa|Ponda|BANDORA|I|,1,Goa,2012,North Goa,Ponda,BANDORA,gram_panchayat,I,,gp_ward,ward,NONE,NONE,sc_st_bc,0,Other than Woman,General,all_seats,seat,,Shrikant Suresh Gaude,,239,,,latin,local_elections,e0ae2676d62a-dirty,data/goa/2012/panres_2012_Ponda.pdf,3,page,
goa/gp_ward/2012,e18049abec12,Goa|2012|gp_ward|North Goa|Ponda|BANDORA|II|,1,Goa,2012,North Goa,Ponda,BANDORA,gram_panchayat,II,,gp_ward,ward,BC,BC,sc_st_bc,0,BC Other than Woman,O.B.C.,all_seats,seat,,Ramchandra Jaya Naik,,208,,,latin,local_elections,e0ae2676d62a-dirty,data/goa/2012/panres_2012_Ponda.pdf,3,page,
goa/gp_ward/2012,68f3cdd00172,Goa|2012|gp_ward|North Goa|Ponda|BANDORA|III|,1,Goa,2012,North Goa,Ponda,BANDORA,gram_panchayat,III,,gp_ward,ward,BC,BC,sc_st_bc,1,BC Woman,OBC Wom,all_seats,seat,,Nayan Shrikant Naik,,203,,,latin,local_elections,e0ae2676d62a-dirty,data/goa/2012/panres_2012_Ponda.pdf,3,page,
goa/gp_ward/2012,24c53975c57b,Goa|2012|gp_ward|North Goa|Ponda|BANDORA|IV|,1,Goa,2012,North Goa,Ponda,BANDORA,gram_panchayat,IV,,gp_ward,ward,NONE,NONE,sc_st_bc,1,Woman,Women,all_seats,seat,,Sharmila Sudesh Lotlikar,,343,,,latin,local_elections,e0ae2676d62a-dirty,data/goa/2012/panres_2012_Ponda.pdf,3,page,
goa/gp_ward/2012,04b03565a04b,Goa|2012|gp_ward|North Goa|Ponda|BANDORA|V|,1,Goa,2012,North Goa,Ponda,BANDORA,gram_panchayat,V,,gp_ward,ward,NONE,NONE,sc_st_bc,0,Other than Woman,General,all_seats,seat,,Santosh Babuso Phadte,,197,,,latin,local_elections,e0ae2676d62a-dirty,data/goa/2012/panres_2012_Ponda.pdf,3,page,
goa/gp_ward/2012,2a7ac42a903d,Goa|2012|gp_ward|North Goa|Ponda|BANDORA|VI|,1,Goa,2012,North Goa,Ponda,BANDORA,gram_panchayat,VI,,gp_ward,ward,NONE,NONE,sc_st_bc,0,Other than Woman,General,all_seats,seat,,Anand Raghu Naik,,250,,,latin,local_elections,e0ae2676d62a-dirty,data/goa/2012/panres_2012_Ponda.pdf,3,page,
goa/gp_ward/2012,91ab4555990a,Goa|2012|gp_ward|North Goa|Ponda|BANDORA|VII|,1,Goa,2012,North Goa,Ponda,BANDORA,gram_panchayat,VII,,gp_ward,ward,BC,BC,sc_st_bc,1,BC Woman,OBC Wom,all_seats,seat,,Sulaksha Shripad Naik,,410,,,latin,local_elections,e0ae2676d62a-dirty,data/goa/2012/panres_2012_Ponda.pdf,3,page,
goa/gp_ward/2012,b3fc795a874d,Goa|2012|gp_ward|North Goa|Ponda|BANDORA|VIII|,1,Goa,2012,North Goa,Ponda,BANDORA,gram_panchayat,VIII,,gp_ward,ward,ST,ST,sc_st_bc,0,ST Other than Woman,S.T.,all_seats,seat,,Shambu Babuso Gaude,,218,,,latin,local_elections,e0ae2676d62a-dirty,data/goa/2012/panres_2012_Ponda.pdf,3,page,
goa/gp_ward/2012,57fdc527b6e7,Goa|2012|gp_ward|North Goa|Ponda|BANDORA|IX|,1,Goa,2012,North Goa,Ponda,BANDORA,gram_panchayat,IX,,gp_ward,ward,NONE,NONE,sc_st_bc,0,Other than Woman,General,all_seats,seat,,Ramchandra Raghu Naik,,205,,,latin,local_elections,e0ae2676d62a-dirty,data/goa/2012/panres_2012_Ponda.pdf,3,page,
goa/gp_ward/2012,e1655996e3b4,Goa|2012|gp_ward|North Goa|Ponda|BANDORA|X|,1,Goa,2012,North Goa,Ponda,BANDORA,gram_panchayat,X,,gp_ward,ward,NONE,NONE,sc_st_bc,0,Other than Woman,General,all_seats,seat,,Rajendra Raghuvir Naik,,341,,,latin,local_elections,e0ae2676d62a-dirty,data/goa/2012/panres_2012_Ponda.pdf,3,page,
goa/gp_ward/2012,7519ce1f37ea,Goa|2012|gp_ward|North Goa|Ponda|BANDORA|XI|,1,Goa,2012,North Goa,Ponda,BANDORA,gram_panchayat,XI,,gp_ward,ward,NONE,NONE,sc_st_bc,1,Woman,Women,all_seats,seat,,Bilaksh Ramzan Pancham,,197,,,latin,local_elections,e0ae2676d62a-dirty,data/goa/2012/panres_2012_Ponda.pdf,3,page,
goa/gp_ward/2012,452ccd72121c,Goa|2012|gp_ward|North Goa|Ponda|BHOMA-ADCOLNA|I|,1,Goa,2012,North Goa,Ponda,BHOMA-ADCOLNA,gram_panchayat,I,,gp_ward,ward,ST,ST,sc_st_bc,0,ST Other than Woman,S.T.,all_seats,seat,,Dharma Krishna Bhomkar,,196,,,latin,local_elections,e0ae2676d62a-dirty,data/goa/2012/panres_2012_Ponda.pdf,3,page,
goa/gp_ward/2012,812bfd19f649,Goa|2012|gp_ward|North Goa|Ponda|BHOMA-ADCOLNA|II|,1,Goa,2012,North Goa,Ponda,BHOMA-ADCOLNA,gram_panchayat,II,,gp_ward,ward,NONE,NONE,sc_st_bc,1,Woman,Women,all_seats,seat,,Mahima Sanjay Naik,,223,,,latin,local_elections,e0ae2676d62a-dirty,data/goa/2012/panres_2012_Ponda.pdf,3,page,
goa/gp_ward/2012,7008925c3b3b,Goa|2012|gp_ward|North Goa|Ponda|BHOMA-ADCOLNA|III|,1,Goa,2012,North Goa,Ponda,BHOMA-ADCOLNA,gram_panchayat,III,,gp_ward,ward,NONE,NONE,sc_st_bc,0,Other than Woman,General,all_seats,seat,,Sunil Dharma Jalmi,,182,,,latin,local_elections,e0ae2676d62a-dirty,data/goa/2012/panres_2012_Ponda.pdf,3,page,
goa/gp_ward/2012,bca0e685b0e9,Goa|2012|gp_ward|North Goa|Ponda|BHOMA-ADCOLNA|IV|,1,Goa,2012,North Goa,Ponda,BHOMA-ADCOLNA,gram_panchayat,IV,,gp_ward,ward,NONE,NONE,sc_st_bc,0,Other than Woman,General,all_seats,seat,,Abdul M Rahiman Khan,,115,,,latin,local_elections,e0ae2676d62a-dirty,data/goa/2012/panres_2012_Ponda.pdf,3,page,
goa/gp_ward/2012,746dda0355fb,Goa|2012|gp_ward|North Goa|Ponda|BHOMA-ADCOLNA|V|,1,Goa,2012,North Goa,Ponda,BHOMA-ADCOLNA,gram_panchayat,V,,gp_ward,ward,NONE,NONE,sc_st_bc,0,Other than Woman,General,all_seats,seat,,Damodar Shrikant Naik,,200,,,latin,local_elections,e0ae2676d62a-dirty,data/goa/2012/panres_2012_Ponda.pdf,3,page,
goa/gp_ward/2012,00c38a76132f,Goa|2012|gp_ward|North Goa|Ponda|BHOMA-ADCOLNA|VI|,1,Goa,2012,North Goa,Ponda,BHOMA-ADCOLNA,gram_panchayat,VI,,gp_ward,ward,BC,BC,sc_st_bc,0,BC Other than Woman,O.B.C.,all_seats,seat,,Shri Vasant Satarkar,,110,,,latin,local_elections,e0ae2676d62a-dirty,data/goa/2012/panres_2012_Ponda.pdf,3,page,
goa/gp_ward/2012,8f2fbf0e9685,Goa|2012|gp_ward|North Goa|Ponda|BHOMA-ADCOLNA|VII|,1,Goa,2012,North Goa,Ponda,BHOMA-ADCOLNA,gram_panchayat,VII,,gp_ward,ward,NONE,NONE,sc_st_bc,1,Woman,Women,all_seats,seat,,Varsha Datta Naik,,122,,,latin,local_elections,e0ae2676d62a-dirty,data/goa/2012/panres_2012_Ponda.pdf,3,page,
goa/gp_ward/2012,4af3e8d8e56e,Goa|2012|gp_ward|North Goa|Ponda|KUNDAIM|I|,1,Goa,2012,North Goa,Ponda,KUNDAIM,gram_panchayat,I,,gp_ward,ward,ST,ST,sc_st_bc,0,ST Other than Woman,S.T.,all_seats,seat,,Vidhya Rajendra Kundaikar,,189,,,latin,local_elections,e0ae2676d62a-dirty,data/goa/2012/panres_2012_Ponda.pdf,3,page,
goa/gp_ward/2012,a4dd8063d90c,Goa|2012|gp_ward|North Goa|Ponda|KUNDAIM|II|,1,Goa,2012,North Goa,Ponda,KUNDAIM,gram_panchayat,II,,gp_ward,ward,NONE,NONE,sc_st_bc,1,Woman,Women,all_seats,seat,,Anuradha Bhiku Phadte,,110,,,latin,local_elections,e0ae2676d62a-dirty,data/goa/2012/panres_2012_Ponda.pdf,3,page,
goa/gp_ward/2012,8c73a55b7d21,Goa|2012|gp_ward|North Goa|Ponda|KUNDAIM|III|,1,Goa,2012,North Goa,Ponda,KUNDAIM,gram_panchayat,III,,gp_ward,ward,BC,BC,sc_st_bc,0,BC Other than Woman,O.B.C.,all_seats,seat,,Mohandas Manohar Naik,,190,,,latin,local_elections,e0ae2676d62a-dirty,data/goa/2012/panres_2012_Ponda.pdf,4,page,
goa/gp_ward/2012,91492e156ec9,Goa|2012|gp_ward|North Goa|Ponda|KUNDAIM|IV|,1,Goa,2012,North Goa,Ponda,KUNDAIM,gram_panchayat,IV,,gp_ward,ward,NONE,NONE,sc_st_bc,0,Other than Woman,General,all_seats,seat,,Narayan Santba Naik,,145,,,latin,local_elections,e0ae2676d62a-dirty,data/goa/2012/panres_2012_Ponda.pdf,4,page,
goa/gp_ward/2012,cbfa24a9d30f,Goa|2012|gp_ward|North Goa|Ponda|KUNDAIM|V|,1,Goa,2012,North Goa,Ponda,KUNDAIM,gram_panchayat,V,,gp_ward,ward,NONE,NONE,sc_st_bc,0,Other than Woman,General,all_seats,seat,,Ramu Vishwanath Naik,,249,,,latin,local_elections,e0ae2676d62a-dirty,data/goa/2012/panres_2012_Ponda.pdf,4,page,
goa/gp_ward/2012,8a4732587bd4,Goa|2012|gp_ward|North Goa|Ponda|KUNDAIM|VI|,1,Goa,2012,North Goa,Ponda,KUNDAIM,gram_panchayat,VI,,gp_ward,ward,BC,BC,sc_st_bc,0,BC Other than Woman,O.B.C.,all_seats,seat,,Gurudas Pandurang Naik,,99,,,latin,local_elections,e0ae2676d62a-dirty,data/goa/2012/panres_2012_Ponda.pdf,4,page,
goa/gp_ward/2012,8314caf4a4b2,Goa|2012|gp_ward|North Goa|Ponda|KUNDAIM|VII|,1,Goa,2012,North Goa,Ponda,KUNDAIM,gram_panchayat,VII,,gp_ward,ward,NONE,NONE,sc_st_bc,1,Woman,Women,all_seats,seat,,Kishori Manohar Gaude,,131,,,latin,local_elections,e0ae2676d62a-dirty,data/goa/2012/panres_2012_Ponda.pdf,4,page,
goa/gp_ward/2012,b678e24bd26c,Goa|2012|gp_ward|North Goa|Ponda|DURBHAT|I|,1,Goa,2012,North Goa,Ponda,DURBHAT,gram_panchayat,I,,gp_ward,ward,BC,BC,sc_st_bc,0,BC Other than Woman,O.B.C.,all_seats,seat,,Ganapat Dharmu Naik,,130,,,latin,local_elections,e0ae2676d62a-dirty,data/goa/2012/panres_2012_Ponda.pdf,4,page,
goa/gp_ward/2012,25b7dee5966f,Goa|2012|gp_ward|North Goa|Ponda|DURBHAT|II|,1,Goa,2012,North Goa,Ponda,DURBHAT,gram_panchayat,II,,gp_ward,ward,ST,ST,sc_st_bc,1,ST Woman,ST Wom.,all_seats,seat,,Sita Ramanath Gawade,,98,,,latin,local_elections,e0ae2676d62a-dirty,data/goa/2012/panres_2012_Ponda.pdf,4,page,
goa/gp_ward/2012,4bed0a82967d,Goa|2012|gp_ward|North Goa|Ponda|DURBHAT|III|,1,Goa,2012,North Goa,Ponda,DURBHAT,gram_panchayat,III,,gp_ward,ward,NONE,NONE,sc_st_bc,0,Other than Woman,General,all_seats,seat,,Sargam Keshav Gaude,,109,,,latin,local_elections,e0ae2676d62a-dirty,data/goa/2012/panres_2012_Ponda.pdf,4,page,
goa/gp_ward/2012,9c1adb717547,Goa|2012|gp_ward|North Goa|Ponda|DURBHAT|IV|,1,Goa,2012,North Goa,Ponda,DURBHAT,gram_panchayat,IV,,gp_ward,ward,NONE,NONE,sc_st_bc,0,Other than Woman,General,all_seats,seat,,Ramchandra Dhaktu Naik,,125,,,latin,local_elections,e0ae2676d62a-dirty,data/goa/2012/panres_2012_Ponda.pdf,4,page,
goa/gp_ward/2012,7a1c4e84b575,Goa|2012|gp_ward|North Goa|Ponda|DURBHAT|V|,1,Goa,2012,North Goa,Ponda,DURBHAT,gram_panchayat,V,,gp_ward,ward,NONE,NONE,sc_st_bc,0,Other than Woman,General,all_seats,seat,,Ramchandra Govind Naik Mule,,149,,,latin,local_elections,e0ae2676d62a-dirty,data/goa/2012/panres_2012_Ponda.pdf,4,page,
goa/gp_ward/2012,2bd61f008a8b,Goa|2012|gp_ward|North Goa|Ponda|DURBHAT|VI|,1,Goa,2012,North Goa,Ponda,DURBHAT,gram_panchayat,VI,,gp_ward,ward,NONE,NONE,sc_st_bc,0,Other than Woman,General,all_seats,seat,,Vilas Ranganath Naik,,124,,,latin,local_elections,e0ae2676d62a-dirty,data/goa/2012/panres_2012_Ponda.pdf,4,page,
goa/gp_ward/2012,76c85a19c069,Goa|2012|gp_ward|North Goa|Ponda|DURBHAT|VII|,1,Goa,2012,North Goa,Ponda,DURBHAT,gram_panchayat,VII,,gp_ward,ward,BC,BC,sc_st_bc,1,BC Woman,OBC Wom,all_seats,seat,,Swati Ramanand Shet,,258,,,latin,local_elections,e0ae2676d62a-dirty,data/goa/2012/panres_2012_Ponda.pdf,4,page,
goa/gp_ward/2012,c4e3c54c977f,Goa|2012|gp_ward|North Goa|Ponda|MARCAIM|I|,1,Goa,2012,North Goa,Ponda,MARCAIM,gram_panchayat,I,,gp_ward,ward,NONE,NONE,sc_st_bc,0,Other than Woman,General,all_seats,seat,,Dilip Bhanu Naik,,198,,,latin,local_elections,e0ae2676d62a-dirty,data/goa/2012/panres_2012_Ponda.pdf,4,page,
goa/gp_ward/2012,498cd336b13c,Goa|2012|gp_ward|North Goa|Ponda|MARCAIM|II|,1,Goa,2012,North Goa,Ponda,MARCAIM,gram_panchayat,II,,gp_ward,ward,NONE,NONE,sc_st_bc,1,Woman,Women,all_seats,seat,,Shaila Manguesh Naik,,239,,,latin,local_elections,e0ae2676d62a-dirty,data/goa/2012/panres_2012_Ponda.pdf,4,page,
goa/gp_ward/2012,8b37f0c6bb3d,Goa|2012|gp_ward|North Goa|Ponda|MARCAIM|III|,1,Goa,2012,North Goa,Ponda,MARCAIM,gram_panchayat,III,,gp_ward,ward,NONE,NONE,sc_st_bc,0,Other than Woman,General,all_seats,seat,,Umakant Laxman Naik,,307,,,latin,local_elections,e0ae2676d62a-dirty,data/goa/2012/panres_2012_Ponda.pdf,4,page,
goa/gp_ward/2012,17b09171ef36,Goa|2012|gp_ward|North Goa|Ponda|MARCAIM|IV|,1,Goa,2012,North Goa,Ponda,MARCAIM,gram_panchayat,IV,,gp_ward,ward,NONE,NONE,sc_st_bc,1,Woman,Women,all_seats,seat,,Sushila Gani Gaude,,87,,,latin,local_elections,e0ae2676d62a-dirty,data/goa/2012/panres_2012_Ponda.pdf,4,page,
goa/gp_ward/2012,53938df33939,Goa|2012|gp_ward|North Goa|Ponda|MARCAIM|V|,1,Goa,2012,North Goa,Ponda,MARCAIM,gram_panchayat,V,,gp_ward,ward,BC,BC,sc_st_bc,0,BC Other than Woman,O.B.C.,all_seats,seat,,Shailendra Vithal Panjikar,,372,,,latin,local_elections,e0ae2676d62a-dirty,data/goa/2012/panres_2012_Ponda.pdf,4,page,
goa/gp_ward/2012,99463a0e1ab9,Goa|2012|gp_ward|North Goa|Ponda|MARCAIM|VI|,1,Goa,2012,North Goa,Ponda,MARCAIM,gram_panchayat,VI,,gp_ward,ward,NONE,NONE,sc_st_bc,0,Other than Woman,General,all_seats,seat,,Yogesh Gaudu Gaude,,145,,,latin,local_elections,e0ae2676d62a-dirty,data/goa/2012/panres_2012_Ponda.pdf,4,page,
goa/gp_ward/2012,99a7a94428ef,Goa|2012|gp_ward|North Goa|Ponda|MARCAIM|VII|,1,Goa,2012,North Goa,Ponda,MARCAIM,gram_panchayat,VII,,gp_ward,ward,NONE,NONE,sc_st_bc,1,Woman,Women,all_seats,seat,,Vidhya Venku Gaude,,272,,,latin,local_elections,e0ae2676d62a-dirty,data/goa/2012/panres_2012_Ponda.pdf,4,page,
goa/gp_ward/2012,ebbad3f855ed,Goa|2012|gp_ward|North Goa|Ponda|MARCAIM|VIII|,1,Goa,2012,North Goa,Ponda,MARCAIM,gram_panchayat,VIII,,gp_ward,ward,BC,BC,sc_st_bc,0,BC Other than Woman,O.B.C.,all_seats,seat,,Manoj Madhu Naik,,169,,,latin,local_elections,e0ae2676d62a-dirty,data/goa/2012/panres_2012_Ponda.pdf,4,page,
goa/gp_ward/2012,e0af2ba300df,Goa|2012|gp_ward|North Goa|Ponda|MARCAIM|IX|,1,Goa,2012,North Goa,Ponda,MARCAIM,gram_panchayat,IX,,gp_ward,ward,ST,ST,sc_st_bc,0,ST Other than Woman,S.T.,all_seats,seat,,Savita Thanu Madkaikar,,201,,,latin,local_elections,e0ae2676d62a-dirty,data/goa/2012/panres_2012_Ponda.pdf,4,page,
goa/gp_ward/2012,6cd2116a3a97,Goa|2012|gp_ward|North Goa|Ponda|QUEULA|I|,1,Goa,2012,North Goa,Ponda,QUEULA,gram_panchayat,I,,gp_ward,ward,NONE,NONE,sc_st_bc,0,Other than Woman,General,all_seats,seat,,Usha Shanu Naik,,127,,,latin,local_elections,e0ae2676d62a-dirty,data/goa/2012/panres_2012_Ponda.pdf,4,page,
goa/gp_ward/2012,bb41f2b4b33f,Goa|2012|gp_ward|North Goa|Ponda|QUEULA|II|,1,Goa,2012,North Goa,Ponda,QUEULA,gram_panchayat,II,,gp_ward,ward,NONE,NONE,sc_st_bc,1,Woman,Women,all_seats,seat,,Sunita Suryakant Naik,,206,,,latin,local_elections,e0ae2676d62a-dirty,data/goa/2012/panres_2012_Ponda.pdf,4,page,
goa/gp_ward/2012,dcb165720d1f,Goa|2012|gp_ward|North Goa|Ponda|QUEULA|III|,1,Goa,2012,North Goa,Ponda,QUEULA,gram_panchayat,III,,gp_ward,ward,NONE,NONE,sc_st_bc,0,Other than Woman,General,all_seats,seat,,Sandesh Narendra Kapileshwarakar,,133,,,latin,local_elections,e0ae2676d62a-dirty,data/goa/2012/panres_2012_Ponda.pdf,4,page,
goa/gp_ward/2012,7ba15f06c8a7,Goa|2012|gp_ward|North Goa|Ponda|QUEULA|IV|,1,Goa,2012,North Goa,Ponda,QUEULA,gram_panchayat,IV,,gp_ward,ward,BC,BC,sc_st_bc,1,BC Woman,OBC Wom,all_seats,seat,,Priya Shankar Doiphode,,181,,,latin,local_elections,e0ae2676d62a-dirty,data/goa/2012/panres_2012_Ponda.pdf,4,page,
goa/gp_ward/2012,9f394b07e74b,Goa|2012|gp_ward|North Goa|Ponda|QUEULA|V|,1,Goa,2012,North Goa,Ponda,QUEULA,gram_panchayat,V,,gp_ward,ward,NONE,NONE,sc_st_bc,0,Other than Woman,General,all_seats,seat,,Rajesh Narendra Kavlekar,,282,,,latin,local_elections,e0ae2676d62a-dirty,data/goa/2012/panres_2012_Ponda.pdf,4,page,
goa/gp_ward/2012,dbb8f8f29dd1,Goa|2012|gp_ward|North Goa|Ponda|QUEULA|VI|,1,Goa,2012,North Goa,Ponda,QUEULA,gram_panchayat,VI,,gp_ward,ward,BC,BC,sc_st_bc,0,BC Other than Woman,O.B.C.,all_seats,seat,,Pandurang Mahadev Naik,,145,,,latin,local_elections,e0ae2676d62a-dirty,data/goa/2012/panres_2012_Ponda.pdf,4,page,
goa/gp_ward/2012,847ffa49c1f1,Goa|2012|gp_ward|North Goa|Ponda|QUEULA|VII|,1,Goa,2012,North Goa,Ponda,QUEULA,gram_panchayat,VII,,gp_ward,ward,ST,ST,sc_st_bc,1,ST Woman,ST Wom.,all_seats,seat,,Sweta Thakur Gaude,,188,,,latin,local_elections,e0ae2676d62a-dirty,data/goa/2012/panres_2012_Ponda.pdf,4,page,
goa/gp_ward/2012,95a262bf33b9,Goa|2012|gp_ward|North Goa|Ponda|QUEULA|VIII|,1,Goa,2012,North Goa,Ponda,QUEULA,gram_panchayat,VIII,,gp_ward,ward,NONE,NONE,sc_st_bc,0,Other than Woman,General,all_seats,seat,,Harshavardhan Madhusudan Behare,,264,,,latin,local_elections,e0ae2676d62a-dirty,data/goa/2012/panres_2012_Ponda.pdf,5,page,
goa/gp_ward/2012,c0d2f022226f,Goa|2012|gp_ward|North Goa|Ponda|QUEULA|IX|,1,Goa,2012,North Goa,Ponda,QUEULA,gram_panchayat,IX,,gp_ward,ward,NONE,NONE,sc_st_bc,0,Other than Woman,General,all_seats,seat,,Satvasheela Khushali Naik,,147,,,latin,local_elections,e0ae2676d62a-dirty,data/goa/2012/panres_2012_Ponda.pdf,5,page,
goa/gp_ward/2012,428df9b6623d,Goa|2012|gp_ward|North Goa|Ponda|VELING-PRIOL- KUNKOLIM|I|,1,Goa,2012,North Goa,Ponda,VELING-PRIOL- KUNKOLIM,gram_panchayat,I,,gp_ward,ward,NONE,NONE,sc_st_bc,0,Other than Woman,General,all_seats,seat,,Nemu Putu Naik,,352,,,latin,local_elections,e0ae2676d62a-dirty,data/goa/2012/panres_2012_Ponda.pdf,5,page,
goa/gp_ward/2012,a7b2420b327d,Goa|2012|gp_ward|North Goa|Ponda|VELING-PRIOL- KUNKOLIM|II|,1,Goa,2012,North Goa,Ponda,VELING-PRIOL- KUNKOLIM,gram_panchayat,II,,gp_ward,ward,ST,ST,sc_st_bc,0,ST Other than Woman,S.T.,all_seats,seat,,Rangnath Madhu Kunkalekar,,207,,,latin,local_elections,e0ae2676d62a-dirty,data/goa/2012/panres_2012_Ponda.pdf,5,page,
goa/gp_ward/2012,bc0cc662d2e1,Goa|2012|gp_ward|North Goa|Ponda|VELING-PRIOL- KUNKOLIM|III|,1,Goa,2012,North Goa,Ponda,VELING-PRIOL- KUNKOLIM,gram_panchayat,III,,gp_ward,ward,NONE,NONE,sc_st_bc,1,Woman,Women,all_seats,seat,,Aditi Devidas Gaude,,334,,,latin,local_elections,e0ae2676d62a-dirty,data/goa/2012/panres_2012_Ponda.pdf,5,page,
goa/gp_ward/2012,c5927af2e142,Goa|2012|gp_ward|North Goa|Ponda|VELING-PRIOL- KUNKOLIM|IV|,1,Goa,2012,North Goa,Ponda,VELING-PRIOL- KUNKOLIM,gram_panchayat,IV,,gp_ward,ward,ST,ST,sc_st_bc,1,ST Woman,ST Wom.,all_seats,seat,,Ankita Anil Gaude,,309,,,latin,local_elections,e0ae2676d62a-dirty,data/goa/2012/panres_2012_Ponda.pdf,5,page,
goa/gp_ward/2012,70ba97243f7f,Goa|2012|gp_ward|North Goa|Ponda|VELING-PRIOL- KUNKOLIM|V|,1,Goa,2012,North Goa,Ponda,VELING-PRIOL- KUNKOLIM,gram_panchayat,V,,gp_ward,ward,NONE,NONE,sc_st_bc,0,Other than Woman,General,all_seats,seat,,Damodar Govind Naik,,437,,,latin,local_elections,e0ae2676d62a-dirty,data/goa/2012/panres_2012_Ponda.pdf,5,page,
goa/gp_ward/2012,d67a3eed148e,Goa|2012|gp_ward|North Goa|Ponda|VELING-PRIOL- KUNKOLIM|VI|,1,Goa,2012,North Goa,Ponda,VELING-PRIOL- KUNKOLIM,gram_panchayat,VI,,gp_ward,ward,NONE,NONE,sc_st_bc,0,Other than Woman,General,all_seats,seat,,Varad Ulhas Mardolkar,,196,,,latin,local_elections,e0ae2676d62a-dirty,data/goa/2012/panres_2012_Ponda.pdf,5,page,
goa/gp_ward/2012,aedea7e25375,Goa|2012|gp_ward|North Goa|Ponda|VELING-PRIOL- KUNKOLIM|VII|,1,Goa,2012,North Goa,Ponda,VELING-PRIOL- KUNKOLIM,gram_panchayat,VII,,gp_ward,ward,ST,ST,sc_st_bc,1,ST Woman,ST Wom.,all_seats,seat,,Sukanti Pandurang Gaude,,359,,,latin,local_elections,e0ae2676d62a-dirty,data/goa/2012/panres_2012_Ponda.pdf,5,page,
goa/gp_ward/2012,512ddfd47ff9,Goa|2012|gp_ward|North Goa|Ponda|VELING-PRIOL- KUNKOLIM|VIII|,1,Goa,2012,North Goa,Ponda,VELING-PRIOL- KUNKOLIM,gram_panchayat,VIII,,gp_ward,ward,NONE,NONE,sc_st_bc,0,Other than Woman,General,all_seats,seat,,Paresh Narayan P. Gaonkar,,152,,,latin,local_elections,e0ae2676d62a-dirty,data/goa/2012/panres_2012_Ponda.pdf,5,page,
goa/gp_ward/2012,565ba1bb6f6e,Goa|2012|gp_ward|North Goa|Ponda|VELING-PRIOL- KUNKOLIM|IX|,1,Goa,2012,North Goa,Ponda,VELING-PRIOL- KUNKOLIM,gram_panchayat,IX,,gp_ward,ward,BC,BC,sc_st_bc,0,BC Other than Woman,O.B.C.,all_seats,seat,,Raju Krishna Naik,,370,,,latin,local_elections,e0ae2676d62a-dirty,data/goa/2012/panres_2012_Ponda.pdf,5,page,
goa/gp_ward/2012,232dfe6ae369,Goa|2012|gp_ward|North Goa|Ponda|VELING-PRIOL- KUNKOLIM|X|,1,Goa,2012,North Goa,Ponda,VELING-PRIOL- KUNKOLIM,gram_panchayat,X,,gp_ward,ward,BC,BC,sc_st_bc,0,BC Other than Woman,O.B.C.,all_seats,seat,,Prashant Nanda Priolkar,,376,,,latin,local_elections,e0ae2676d62a-dirty,data/goa/2012/panres_2012_Ponda.pdf,5,page,
goa/gp_ward/2012,1b2d9c6d0490,Goa|2012|gp_ward|North Goa|Ponda|VELING-PRIOL- KUNKOLIM|XI|,1,Goa,2012,North Goa,Ponda,VELING-PRIOL- KUNKOLIM,gram_panchayat,XI,,gp_ward,ward,NONE,NONE,sc_st_bc,1,Woman,Women,all_seats,seat,,Karishma Krishnanath Naik,,436,,,latin,local_elections,e0ae2676d62a-dirty,data/goa/2012/panres_2012_Ponda.pdf,5,page,
goa/gp_ward/2012,6e89dfffe191,Goa|2012|gp_ward|North Goa|Ponda|VADI -TELAULIM|I|,1,Goa,2012,North Goa,Ponda,VADI -TELAULIM,gram_panchayat,I,,gp_ward,ward,NONE,NONE,sc_st_bc,0,Other than Woman,General,all_seats,seat,,Babani Tulshidas Sawant,,182,,,latin,local_elections,e0ae2676d62a-dirty,data/goa/2012/panres_2012_Ponda.pdf,5,page,
goa/gp_ward/2012,31d23cd335b3,Goa|2012|gp_ward|North Goa|Ponda|VADI -TELAULIM|II|,1,Goa,2012,North Goa,Ponda,VADI -TELAULIM,gram_panchayat,II,,gp_ward,ward,BC,BC,sc_st_bc,1,BC Woman,OBC Wom,all_seats,seat,,Vibha Vishal Durbhatkar,,275,,,latin,local_elections,e0ae2676d62a-dirty,data/goa/2012/panres_2012_Ponda.pdf,5,page,
goa/gp_ward/2012,509a65ef41a4,Goa|2012|gp_ward|North Goa|Ponda|VADI -TELAULIM|III|,1,Goa,2012,North Goa,Ponda,VADI -TELAULIM,gram_panchayat,III,,gp_ward,ward,ST,ST,sc_st_bc,0,ST Other than Woman,S.T.,all_seats,seat,,Dilesh Prabhakar Gaonkar,,246,,,latin,local_elections,e0ae2676d62a-dirty,data/goa/2012/panres_2012_Ponda.pdf,5,page,
goa/gp_ward/2012,716d7797e95b,Goa|2012|gp_ward|North Goa|Ponda|VADI -TELAULIM|IV|,1,Goa,2012,North Goa,Ponda,VADI -TELAULIM,gram_panchayat,IV,,gp_ward,ward,NONE,NONE,sc_st_bc,0,Other than Woman,General,all_seats,seat,,Ramchandra Dadu Naik,,148,,,latin,local_elections,e0ae2676d62a-dirty,data/goa/2012/panres_2012_Ponda.pdf,5,page,
goa/gp_ward/2012,c0295b00f678,Goa|2012|gp_ward|North Goa|Ponda|VADI -TELAULIM|V|,1,Goa,2012,North Goa,Ponda,VADI -TELAULIM,gram_panchayat,V,,gp_ward,ward,NONE,NONE,sc_st_bc,0,Other than Woman,General,all_seats,seat,,Dinesh Shivram Naik,,79,,,latin,local_elections,e0ae2676d62a-dirty,data/goa/2012/panres_2012_Ponda.pdf,5,page,
goa/gp_ward/2012,7950e3d32c61,Goa|2012|gp_ward|North Goa|Ponda|VADI -TELAULIM|VI|,1,Goa,2012,North Goa,Ponda,VADI -TELAULIM,gram_panchayat,VI,,gp_ward,ward,NONE,NONE,sc_st_bc,0,Other than Woman,General,all_seats,seat,,Bharti Namdev Naik,,96,,,latin,local_elections,e0ae2676d62a-dirty,data/goa/2012/panres_2012_Ponda.pdf,5,page,
goa/gp_ward/2012,7d3f8acd7b53,Goa|2012|gp_ward|North Goa|Ponda|VADI -TELAULIM|VII|,1,Goa,2012,North Goa,Ponda,VADI -TELAULIM,gram_panchayat,VII,,gp_ward,ward,BC,BC,sc_st_bc,1,BC Woman,OBC Wom,all_seats,seat,,Sanchita Satchidanand Naik,,153,,,latin,local_elections,e0ae2676d62a-dirty,data/goa/2012/panres_2012_Ponda.pdf,5,page,
goa/gp_ward/2012,e993d56c01e0,Goa|2012|gp_ward|North Goa|Ponda|BETHORA-NIRANKAL|I|,1,Goa,2012,North Goa,Ponda,BETHORA-NIRANKAL,gram_panchayat,I,,gp_ward,ward,NONE,NONE,sc_st_bc,0,Other than Woman,General,all_seats,seat,,Sadanand Pandu Gaonkar,,170,,,latin,local_elections,e0ae2676d62a-dirty,data/goa/2012/panres_2012_Ponda.pdf,5,page,
goa/gp_ward/2012,670e625a1b47,Goa|2012|gp_ward|North Goa|Ponda|BETHORA-NIRANKAL|II|,1,Goa,2012,North Goa,Ponda,BETHORA-NIRANKAL,gram_panchayat,II,,gp_ward,ward,ST,ST,sc_st_bc,1,ST Woman,ST Wom,all_seats,seat,,Manda Mangaldas Gaude,,406,,,latin,local_elections,e0ae2676d62a-dirty,data/goa/2012/panres_2012_Ponda.pdf,5,page,
goa/gp_ward/2012,5d4acf1e3f1c,Goa|2012|gp_ward|North Goa|Ponda|BETHORA-NIRANKAL|III|,1,Goa,2012,North Goa,Ponda,BETHORA-NIRANKAL,gram_panchayat,III,,gp_ward,ward,NONE,NONE,sc_st_bc,0,Other than Woman,General,all_seats,seat,,Durgaprasad Kamalaksha Vaidya,,228,,,latin,local_elections,e0ae2676d62a-dirty,data/goa/2012/panres_2012_Ponda.pdf,5,page,
goa/gp_ward/2012,305ba7028e09,Goa|2012|gp_ward|North Goa|Ponda|BETHORA-NIRANKAL|IV|,1,Goa,2012,North Goa,Ponda,BETHORA-NIRANKAL,gram_panchayat,IV,,gp_ward,ward,NONE,NONE,sc_st_bc,1,Woman,Women,all_seats,seat,,Jyoti Paresh Gaude,,243,,,latin,local_elections,e0ae2676d62a-dirty,data/goa/2012/panres_2012_Ponda.pdf,5,page,
goa/gp_ward/2012,7caa2f6c5562,Goa|2012|gp_ward|North Goa|Ponda|BETHORA-NIRANKAL|V|,1,Goa,2012,North Goa,Ponda,BETHORA-NIRANKAL,gram_panchayat,V,,gp_ward,ward,NONE,NONE,sc_st_bc,0,Other than Woman,General,all_seats,seat,,Chandrakant Madhukar Samant,,249,,,latin,local_elections,e0ae2676d62a-dirty,data/goa/2012/panres_2012_Ponda.pdf,5,page,
goa/gp_ward/2012,c6107dbbfb23,Goa|2012|gp_ward|North Goa|Ponda|BETHORA-NIRANKAL|VI|,1,Goa,2012,North Goa,Ponda,BETHORA-NIRANKAL,gram_panchayat,VI,,gp_ward,ward,BC,BC,sc_st_bc,0,BC Other than Woman,O.B.C.,all_seats,seat,,Premanand Ramnath Shetkar,,173,,,latin,local_elections,e0ae2676d62a-dirty,data/goa/2012/panres_2012_Ponda.pdf,5,page,
goa/gp_ward/2012,52dddf46377b,Goa|2012|gp_ward|North Goa|Ponda|BETHORA-NIRANKAL|VII|,1,Goa,2012,North Goa,Ponda,BETHORA-NIRANKAL,gram_panchayat,VII,,gp_ward,ward,NONE,NONE,sc_st_bc,1,Woman,Women,all_seats,seat,,Poonam Chandrakant Samant,,155,,,latin,local_elections,e0ae2676d62a-dirty,data/goa/2012/panres_2012_Ponda.pdf,5,page,
goa/gp_ward/2012,8e1c7cb5ee20,Goa|2012|gp_ward|North Goa|Ponda|BETHORA-NIRANKAL|VIII|,1,Goa,2012,North Goa,Ponda,BETHORA-NIRANKAL,gram_panchayat,VIII,,gp_ward,ward,BC,BC,sc_st_bc,0,BC Other than Woman,O.B.C.,all_seats,seat,,Rajendra Kashinath Naik,,172,,,latin,local_elections,e0ae2676d62a-dirty,data/goa/2012/panres_2012_Ponda.pdf,5,page,
goa/gp_ward/2012,ce86d157ee66,Goa|2012|gp_ward|North Goa|Ponda|BETHORA-NIRANKAL|IX|,1,Goa,2012,North Goa,Ponda,BETHORA-NIRANKAL,gram_panchayat,IX,,gp_ward,ward,NONE,NONE,sc_st_bc,0,Other than Woman,General,all_seats,seat,,Prasad Pandurang Gaonkar,,274,,,latin,local_elections,e0ae2676d62a-dirty,data/goa/2012/panres_2012_Ponda.pdf,5,page,
goa/gp_ward/2012,3ad16f33cbc4,Goa|2012|gp_ward|North Goa|Ponda|BORIM|I|,1,Goa,2012,North Goa,Ponda,BORIM,gram_panchayat,I,,gp_ward,ward,NONE,NONE,sc_st_bc,0,Other than Woman,General,all_seats,seat,,Tulshidas Gundu Gaude,,319,,,latin,local_elections,e0ae2676d62a-dirty,data/goa/2012/panres_2012_Ponda.pdf,6,page,
goa/gp_ward/2012,d1ef9312c9ea,Goa|2012|gp_ward|North Goa|Ponda|BORIM|II|,1,Goa,2012,North Goa,Ponda,BORIM,gram_panchayat,II,,gp_ward,ward,NONE,NONE,sc_st_bc,1,Woman,Women,all_seats,seat,,Parimal Ramkrishna Samant,,390,,,latin,local_elections,e0ae2676d62a-dirty,data/goa/2012/panres_2012_Ponda.pdf,6,page,
goa/gp_ward/2012,d7151ebcb298,Goa|2012|gp_ward|North Goa|Ponda|BORIM|III|,1,Goa,2012,North Goa,Ponda,BORIM,gram_panchayat,III,,gp_ward,ward,NONE,NONE,sc_st_bc,0,Other than Woman,General,all_seats,seat,,Dinesh Nanda Naik Raikar,,356,,,latin,local_elections,e0ae2676d62a-dirty,data/goa/2012/panres_2012_Ponda.pdf,6,page,
goa/gp_ward/2012,5c8ac361f0a2,Goa|2012|gp_ward|North Goa|Ponda|BORIM|IV|,1,Goa,2012,North Goa,Ponda,BORIM,gram_panchayat,IV,,gp_ward,ward,BC,BC,sc_st_bc,1,BC Woman,OBC Wom,all_seats,seat,,Deepali Dipak Naik,,175,,,latin,local_elections,e0ae2676d62a-dirty,data/goa/2012/panres_2012_Ponda.pdf,6,page,
goa/gp_ward/2012,bd65fdf109e6,Goa|2012|gp_ward|North Goa|Ponda|BORIM|V|,1,Goa,2012,North Goa,Ponda,BORIM,gram_panchayat,V,,gp_ward,ward,NONE,NONE,sc_st_bc,0,Other than Woman,General,all_seats,seat,,Jyoti Mukesh Naik,,307,,,latin,local_elections,e0ae2676d62a-dirty,data/goa/2012/panres_2012_Ponda.pdf,6,page,
goa/gp_ward/2012,d193ad532bda,Goa|2012|gp_ward|North Goa|Ponda|BORIM|VI|,1,Goa,2012,North Goa,Ponda,BORIM,gram_panchayat,VI,,gp_ward,ward,BC,BC,sc_st_bc,0,BC Other than Woman,O.B.C.,all_seats,seat,,Costancio Francisco Felico Luis,,231,,,latin,local_elections,e0ae2676d62a-dirty,data/goa/2012/panres_2012_Ponda.pdf,6,page,
goa/gp_ward/2012,b35bf6045ad5,Goa|2012|gp_ward|North Goa|Ponda|BORIM|VII|,1,Goa,2012,North Goa,Ponda,BORIM,gram_panchayat,VII,,gp_ward,ward,ST,ST,sc_st_bc,1,ST Woman,ST Wom,all_seats,seat,,Prashila Nilesh Muli,,272,,,latin,local_elections,e0ae2676d62a-dirty,data/goa/2012/panres_2012_Ponda.pdf,6,page,
goa/gp_ward/2012,ca938562863b,Goa|2012|gp_ward|North Goa|Ponda|BORIM|VIII|,1,Goa,2012,North Goa,Ponda,BORIM,gram_panchayat,VIII,,gp_ward,ward,NONE,NONE,sc_st_bc,0,Other than Woman,General,all_seats,seat,,Anand Raghoba Gaude,,242,,,latin,local_elections,e0ae2676d62a-dirty,data/goa/2012/panres_2012_Ponda.pdf,6,page,
goa/gp_ward/2012,c0eb1bfde8e0,Goa|2012|gp_ward|North Goa|Ponda|BORIM|IX|,1,Goa,2012,North Goa,Ponda,BORIM,gram_panchayat,IX,,gp_ward,ward,NONE,NONE,sc_st_bc,0,Other than Woman,General,all_seats,seat,,Nutan Santosh Naik,,187,,,latin,local_elections,e0ae2676d62a-dirty,data/goa/2012/panres_2012_Ponda.pdf,6,page,
goa/gp_ward/2012,f4f22d964bad,Goa|2012|gp_ward|North Goa|Ponda|PANCHWADI|I|,1,Goa,2012,North Goa,Ponda,PANCHWADI,gram_panchayat,I,,gp_ward,ward,ST,ST,sc_st_bc,0,ST Other than Woman,S.T.,all_seats,seat,,Ganesh Surya Desai,,120,,,latin,local_elections,e0ae2676d62a-dirty,data/goa/2012/panres_2012_Ponda.pdf,6,page,
goa/gp_ward/2012,22c4f9e4d7b9,Goa|2012|gp_ward|North Goa|Ponda|PANCHWADI|II|,1,Goa,2012,North Goa,Ponda,PANCHWADI,gram_panchayat,II,,gp_ward,ward,NONE,NONE,sc_st_bc,1,Woman,Women,all_seats,seat,,Sugand Rajendra Gaonkar,,103,,,latin,local_elections,e0ae2676d62a-dirty,data/goa/2012/panres_2012_Ponda.pdf,6,page,
goa/gp_ward/2012,54f54099a2a6,Goa|2012|gp_ward|North Goa|Ponda|PANCHWADI|III|,1,Goa,2012,North Goa,Ponda,PANCHWADI,gram_panchayat,III,,gp_ward,ward,NONE,NONE,sc_st_bc,0,Other than Woman,General,all_seats,seat,,Prakash Lumo Gaonkar,,239,,,latin,local_elections,e0ae2676d62a-dirty,data/goa/2012/panres_2012_Ponda.pdf,6,page,
goa/gp_ward/2012,ec5a08c82bc1,Goa|2012|gp_ward|North Goa|Ponda|PANCHWADI|IV|,1,Goa,2012,North Goa,Ponda,PANCHWADI,gram_panchayat,IV,,gp_ward,ward,BC,BC,sc_st_bc,0,BC Other than Woman,O.B.C.,all_seats,seat,,Paulo Sebastiao Gudinho,,263,,,latin,local_elections,e0ae2676d62a-dirty,data/goa/2012/panres_2012_Ponda.pdf,6,page,
goa/gp_ward/2012,69e0739013fb,Goa|2012|gp_ward|North Goa|Ponda|PANCHWADI|V|,1,Goa,2012,North Goa,Ponda,PANCHWADI,gram_panchayat,V,,gp_ward,ward,NONE,NONE,sc_st_bc,0,Other than Woman,General,all_seats,seat,,Keshav Putu Naik,,235,,,latin,local_elections,e0ae2676d62a-dirty,data/goa/2012/panres_2012_Ponda.pdf,6,page,
goa/gp_ward/2012,c37a3bebd5ed,Goa|2012|gp_ward|North Goa|Ponda|PANCHWADI|VI|,1,Goa,2012,North Goa,Ponda,PANCHWADI,gram_panchayat,VI,,gp_ward,ward,NONE,NONE,sc_st_bc,0,Other than Woman,General,all_seats,seat,,Cristavao Santiago Costa,,258,,,latin,local_elections,e0ae2676d62a-dirty,data/goa/2012/panres_2012_Ponda.pdf,6,page,
goa/gp_ward/2012,a6faae95eaf9,Goa|2012|gp_ward|North Goa|Ponda|PANCHWADI|VII|,1,Goa,2012,North Goa,Ponda,PANCHWADI,gram_panchayat,VII,,gp_ward,ward,NONE,NONE,sc_st_bc,1,Woman,Women,all_seats,seat,,Esmeralda Antonio D'Costa,,142,,,latin,local_elections,e0ae2676d62a-dirty,data/goa/2012/panres_2012_Ponda.pdf,6,page,
goa/gp_ward/2012,b193a505143e,Goa|2012|gp_ward|North Goa|Ponda|SHIRODA|I|,1,Goa,2012,North Goa,Ponda,SHIRODA,gram_panchayat,I,,gp_ward,ward,NONE,NONE,sc_st_bc,0,Other than Woman,General,all_seats,seat,,Sandesh Vithal Prabhudesai,,715,,,latin,local_elections,e0ae2676d62a-dirty,data/goa/2012/panres_2012_Ponda.pdf,6,page,
goa/gp_ward/2012,a2291bdceb00,Goa|2012|gp_ward|North Goa|Ponda|SHIRODA|II|,1,Goa,2012,North Goa,Ponda,SHIRODA,gram_panchayat,II,,gp_ward,ward,NONE,NONE,sc_st_bc,0,Other than Woman,General,all_seats,seat,,Chhaya Molu Velip,,563,,,latin,local_elections,e0ae2676d62a-dirty,data/goa/2012/panres_2012_Ponda.pdf,6,page,
goa/gp_ward/2012,83604f9d7795,Goa|2012|gp_ward|North Goa|Ponda|SHIRODA|III|,1,Goa,2012,North Goa,Ponda,SHIRODA,gram_panchayat,III,,gp_ward,ward,ST,ST,sc_st_bc,1,ST Woman,ST Wom,all_seats,seat,,Luiza Joquim Gomes,,317,,,latin,local_elections,e0ae2676d62a-dirty,data/goa/2012/panres_2012_Ponda.pdf,6,page,
goa/gp_ward/2012,e8696c1d495e,Goa|2012|gp_ward|North Goa|Ponda|SHIRODA|IV|,1,Goa,2012,North Goa,Ponda,SHIRODA,gram_panchayat,IV,,gp_ward,ward,NONE,NONE,sc_st_bc,1,Woman,Women,all_seats,seat,,Vasundhara Chandrakant Naik,,485,,,latin,local_elections,e0ae2676d62a-dirty,data/goa/2012/panres_2012_Ponda.pdf,6,page,
goa/gp_ward/2012,06e2dd2ff25b,Goa|2012|gp_ward|North Goa|Ponda|SHIRODA|V|,1,Goa,2012,North Goa,Ponda,SHIRODA,gram_panchayat,V,,gp_ward,ward,ST,ST,sc_st_bc,0,ST Other than Woman,S.T.,all_seats,seat,,Manuel Rosario Cruz,,408,,,latin,local_elections,e0ae2676d62a-dirty,data/goa/2012/panres_2012_Ponda.pdf,6,page,
goa/gp_ward/2012,d8becc80f2e7,Goa|2012|gp_ward|North Goa|Ponda|SHIRODA|VI|,1,Goa,2012,North Goa,Ponda,SHIRODA,gram_panchayat,VI,,gp_ward,ward,NONE,NONE,sc_st_bc,0,Other than Woman,General,all_seats,seat,,Agostinho Antonio Dias,,482,,,latin,local_elections,e0ae2676d62a-dirty,data/goa/2012/panres_2012_Ponda.pdf,6,page,
goa/gp_ward/2012,e574a067ce7d,Goa|2012|gp_ward|North Goa|Ponda|SHIRODA|VII|,1,Goa,2012,North Goa,Ponda,SHIRODA,gram_panchayat,VII,,gp_ward,ward,NONE,NONE,sc_st_bc,1,Woman,Women,all_seats,seat,,Harsha Hari Naik,,328,,,latin,local_elections,e0ae2676d62a-dirty,data/goa/2012/panres_2012_Ponda.pdf,6,page,
goa/gp_ward/2012,d2ea215953de,Goa|2012|gp_ward|North Goa|Ponda|SHIRODA|VIII|,1,Goa,2012,North Goa,Ponda,SHIRODA,gram_panchayat,VIII,,gp_ward,ward,BC,BC,sc_st_bc,0,BC Other than Woman,O.B.C.,all_seats,seat,,Meghnath Ankush Shirodkar,,365,,,latin,local_elections,e0ae2676d62a-dirty,data/goa/2012/panres_2012_Ponda.pdf,6,page,
goa/gp_ward/2012,3a69ee6a26cf,Goa|2012|gp_ward|North Goa|Ponda|SHIRODA|IX|,1,Goa,2012,North Goa,Ponda,SHIRODA,gram_panchayat,IX,,gp_ward,ward,NONE,NONE,sc_st_bc,0,Other than Woman,General,all_seats,seat,,Andrew Jose Caitan Duarte,,213,,,latin,local_elections,e0ae2676d62a-dirty,data/goa/2012/panres_2012_Ponda.pdf,6,page,
goa/gp_ward/2012,0a2dce1e38d0,Goa|2012|gp_ward|North Goa|Ponda|SHIRODA|X|,1,Goa,2012,North Goa,Ponda,SHIRODA,gram_panchayat,X,,gp_ward,ward,NONE,NONE,sc_st_bc,0,Other than Woman,General,all_seats,seat,,Amit Ankush Shirodkar,,418,,,latin,local_elections,e0ae2676d62a-dirty,data/goa/2012/panres_2012_Ponda.pdf,6,page,
goa/gp_ward/2012,7c82afc1a577,Goa|2012|gp_ward|North Goa|Ponda|SHIRODA|XI|,1,Goa,2012,North Goa,Ponda,SHIRODA,gram_panchayat,XI,,gp_ward,ward,BC,BC,sc_st_bc,1,BC Woman,OBC Wom,all_seats,seat,,Sanjivani Dayanand Naik,,454,,,latin,local_elections,e0ae2676d62a-dirty,data/goa/2012/panres_2012_Ponda.pdf,6,page,
goa/gp_ward/2012,7d06cbfb132c,Goa|2012|gp_ward|South Goa|Quepem|Ambaulim|I|,1,Goa,2012,South Goa,Quepem,Ambaulim,gram_panchayat,I,,gp_ward,ward,NONE,NONE,sc_st_bc,0,Other than Woman,General,all_seats,seat,,Salvodor Inacio Fernandes,,37,,,latin,local_elections,e0ae2676d62a-dirty,data/goa/2012/panres_2012_Quepem.pdf,1,page,
goa/gp_ward/2012,3f2b457f262f,Goa|2012|gp_ward|South Goa|Quepem|Ambaulim|II|,1,Goa,2012,South Goa,Quepem,Ambaulim,gram_panchayat,II,,gp_ward,ward,ST,ST,sc_st_bc,1,ST Woman,ST Wom,all_seats,seat,,Dumiana Antonio Rebello E. Fernandes,,125,,,latin,local_elections,e0ae2676d62a-dirty,data/goa/2012/panres_2012_Quepem.pdf,1,page,
goa/gp_ward/2012,c980b50a61cc,Goa|2012|gp_ward|South Goa|Quepem|Ambaulim|III|,1,Goa,2012,South Goa,Quepem,Ambaulim,gram_panchayat,III,,gp_ward,ward,NONE,NONE,sc_st_bc,0,Other than Woman,General,all_seats,seat,,Piedade Inacio Rocha,,159,,,latin,local_elections,e0ae2676d62a-dirty,data/goa/2012/panres_2012_Quepem.pdf,1,page,
goa/gp_ward/2012,eb325a2bfac4,Goa|2012|gp_ward|South Goa|Quepem|Ambaulim|IV|,1,Goa,2012,South Goa,Quepem,Ambaulim,gram_panchayat,IV,,gp_ward,ward,NONE,NONE,sc_st_bc,0,Other than Woman,General,all_seats,seat,,Agostinho Marian Fernandes,,191,,,latin,local_elections,e0ae2676d62a-dirty,data/goa/2012/panres_2012_Quepem.pdf,1,page,
goa/gp_ward/2012,9611d71c755f,Goa|2012|gp_ward|South Goa|Quepem|Ambaulim|V|,1,Goa,2012,South Goa,Quepem,Ambaulim,gram_panchayat,V,,gp_ward,ward,ST,ST,sc_st_bc,0,ST Other than Woman,S.T.,all_seats,seat,,Jesus Duming Costa,,64,,,latin,local_elections,e0ae2676d62a-dirty,data/goa/2012/panres_2012_Quepem.pdf,1,page,
goa/gp_ward/2012,315afb7d065f,Goa|2012|gp_ward|South Goa|Quepem|Ambaulim|VI|,1,Goa,2012,South Goa,Quepem,Ambaulim,gram_panchayat,VI,,gp_ward,ward,NONE,NONE,sc_st_bc,0,Other than Woman,General,all_seats,seat,,Vithoba Raghoba Deikar,,120,,,latin,local_elections,e0ae2676d62a-dirty,data/goa/2012/panres_2012_Quepem.pdf,1,page,
goa/gp_ward/2012,a2cf06d25b3d,Goa|2012|gp_ward|South Goa|Quepem|Ambaulim|VII|,1,Goa,2012,South Goa,Quepem,Ambaulim,gram_panchayat,VII,,gp_ward,ward,NONE,NONE,sc_st_bc,1,Woman,Women,all_seats,seat,,Fatima Porbe Rocha,,171,,,latin,local_elections,e0ae2676d62a-dirty,data/goa/2012/panres_2012_Quepem.pdf,1,page,
goa/gp_ward/2012,d168913a79c4,Goa|2012|gp_ward|South Goa|Quepem|Assolda|I|,1,Goa,2012,South Goa,Quepem,Assolda,gram_panchayat,I,,gp_ward,ward,NONE,NONE,sc_st_bc,0,Other than Woman,General,all_seats,seat,,Caetano Floriano Roman Fernandes,,146,,,latin,local_elections,e0ae2676d62a-dirty,data/goa/2012/panres_2012_Quepem.pdf,1,page,
goa/gp_ward/2012,dd3052a146d3,Goa|2012|gp_ward|South Goa|Quepem|Assolda|II|,1,Goa,2012,South Goa,Quepem,Assolda,gram_panchayat,II,,gp_ward,ward,NONE,NONE,sc_st_bc,1,Woman,Women,all_seats,seat,,Sucorina Arnock Fernandes,,182,,,latin,local_elections,e0ae2676d62a-dirty,data/goa/2012/panres_2012_Quepem.pdf,1,page,
goa/gp_ward/2012,05f9e1018f0c,Goa|2012|gp_ward|South Goa|Quepem|Assolda|III|,1,Goa,2012,South Goa,Quepem,Assolda,gram_panchayat,III,,gp_ward,ward,ST,ST,sc_st_bc,0,ST Other than Woman,S.T.,all_seats,seat,,Custodio Bostiao Fernandes,,171,,,latin,local_elections,e0ae2676d62a-dirty,data/goa/2012/panres_2012_Quepem.pdf,1,page,
goa/gp_ward/2012,ce1988446a10,Goa|2012|gp_ward|South Goa|Quepem|Assolda|IV|,1,Goa,2012,South Goa,Quepem,Assolda,gram_panchayat,IV,,gp_ward,ward,NONE,NONE,sc_st_bc,0,Other than Woman,General,all_seats,seat,,Sukash Babani Dessai,,71,,,latin,local_elections,e0ae2676d62a-dirty,data/goa/2012/panres_2012_Quepem.pdf,1,page,
goa/gp_ward/2012,6ec38dcaca17,Goa|2012|gp_ward|South Goa|Quepem|Assolda|V|,1,Goa,2012,South Goa,Quepem,Assolda,gram_panchayat,V,,gp_ward,ward,NONE,NONE,sc_st_bc,0,Other than Woman,General,all_seats,seat,,Dayanand Kushali Naik,,115,,,latin,local_elections,e0ae2676d62a-dirty,data/goa/2012/panres_2012_Quepem.pdf,1,page,
goa/gp_ward/2012,52e8ef315480,Goa|2012|gp_ward|South Goa|Quepem|Assolda|VI|,1,Goa,2012,South Goa,Quepem,Assolda,gram_panchayat,VI,,gp_ward,ward,NONE,NONE,sc_st_bc,0,Other than Woman,General,all_seats,seat,,Manojkumar Vasant Naik,,95,,,latin,local_elections,e0ae2676d62a-dirty,data/goa/2012/panres_2012_Quepem.pdf,1,page,
goa/gp_ward/2012,1270405c5886,Goa|2012|gp_ward|South Goa|Quepem|Assolda|VII|,1,Goa,2012,South Goa,Quepem,Assolda,gram_panchayat,VII,,gp_ward,ward,BC,BC,sc_st_bc,1,BC Woman,OBC Wom,all_seats,seat,,Sumati Gurunath Naik,,128,,,latin,local_elections,e0ae2676d62a-dirty,data/goa/2012/panres_2012_Quepem.pdf,1,page,
goa/gp_ward/2012,953dff82946a,Goa|2012|gp_ward|South Goa|Quepem|Avedem-Cothombi- Chaifi|I|,1,Goa,2012,South Goa,Quepem,Avedem-Cothombi- Chaifi,gram_panchayat,I,,gp_ward,ward,NONE,NONE,sc_st_bc,0,Other than Woman,General,all_seats,seat,,Mafaldo Guliherme Fernandes,,103,,,latin,local_elections,e0ae2676d62a-dirty,data/goa/2012/panres_2012_Quepem.pdf,1,page,
goa/gp_ward/2012,c410fc223e11,Goa|2012|gp_ward|South Goa|Quepem|Avedem-Cothombi- Chaifi|II|,1,Goa,2012,South Goa,Quepem,Avedem-Cothombi- Chaifi,gram_panchayat,II,,gp_ward,ward,NONE,NONE,sc_st_bc,1,Woman,Women,all_seats,seat,,Shanti Minino Mascarenhas,,169,,,latin,local_elections,e0ae2676d62a-dirty,data/goa/2012/panres_2012_Quepem.pdf,1,page,
goa/gp_ward/2012,8f11e7e7e085,Goa|2012|gp_ward|South Goa|Quepem|Avedem-Cothombi- Chaifi|III|,1,Goa,2012,South Goa,Quepem,Avedem-Cothombi- Chaifi,gram_panchayat,III,,gp_ward,ward,NONE,NONE,sc_st_bc,0,Other than Woman,General,all_seats,seat,,John Caitano Menezes,,120,,,latin,local_elections,e0ae2676d62a-dirty,data/goa/2012/panres_2012_Quepem.pdf,1,page,
goa/gp_ward/2012,1f54d529255a,Goa|2012|gp_ward|South Goa|Quepem|Avedem-Cothombi- Chaifi|IV|,1,Goa,2012,South Goa,Quepem,Avedem-Cothombi- Chaifi,gram_panchayat,IV,,gp_ward,ward,BC,BC,sc_st_bc,0,BC Other than Woman,O.B.C.,all_seats,seat,,Lakshmi Lakshimikant Raikar,,115,,,latin,local_elections,e0ae2676d62a-dirty,data/goa/2012/panres_2012_Quepem.pdf,1,page,
goa/gp_ward/2012,c9d4529a62c8,Goa|2012|gp_ward|South Goa|Quepem|Avedem-Cothombi- Chaifi|V|,1,Goa,2012,South Goa,Quepem,Avedem-Cothombi- Chaifi,gram_panchayat,V,,gp_ward,ward,NONE,NONE,sc_st_bc,0,Other than Woman,General,all_seats,seat,,Dumingo Pedru Mascarenhas,,155,,,latin,local_elections,e0ae2676d62a-dirty,data/goa/2012/panres_2012_Quepem.pdf,1,page,
goa/gp_ward/2012,7869840bb44a,Goa|2012|gp_ward|South Goa|Quepem|Avedem-Cothombi- Chaifi|VI|,1,Goa,2012,South Goa,Quepem,Avedem-Cothombi- Chaifi,gram_panchayat,VI,,gp_ward,ward,NONE,NONE,sc_st_bc,0,Other than Woman,General,all_seats,seat,,Krishna Ratnakar Gauns Dessai,,173,,,latin,local_elections,e0ae2676d62a-dirty,data/goa/2012/panres_2012_Quepem.pdf,1,page,
goa/gp_ward/2012,49d8120629ea,Goa|2012|gp_ward|South Goa|Quepem|Avedem-Cothombi- Chaifi|VII|,1,Goa,2012,South Goa,Quepem,Avedem-Cothombi- Chaifi,gram_panchayat,VII,,gp_ward,ward,NONE,NONE,sc_st_bc,1,Woman,Women,all_seats,seat,,Pramila Atul Gauns Dessai,,101,,,latin,local_elections,e0ae2676d62a-dirty,data/goa/2012/panres_2012_Quepem.pdf,1,page,
goa/gp_ward/2012,373f00c9ff9b,Goa|2012|gp_ward|South Goa|Quepem|Balli-Adnem|I|,1,Goa,2012,South Goa,Quepem,Balli-Adnem,gram_panchayat,I,,gp_ward,ward,NONE,NONE,sc_st_bc,0,Other than Woman,General,all_seats,seat,,Bhamtu Fondu N Velip,,294,,,latin,local_elections,e0ae2676d62a-dirty,data/goa/2012/panres_2012_Quepem.pdf,1,page,
goa/gp_ward/2012,4d354aca42d3,Goa|2012|gp_ward|South Goa|Quepem|Balli-Adnem|II|,1,Goa,2012,South Goa,Quepem,Balli-Adnem,gram_panchayat,II,,gp_ward,ward,NONE,NONE,sc_st_bc,1,Woman,Women,all_seats,seat,,Sukanti Rohidas Gaonkar,,163,,,latin,local_elections,e0ae2676d62a-dirty,data/goa/2012/panres_2012_Quepem.pdf,1,page,
goa/gp_ward/2012,8813bdfae457,Goa|2012|gp_ward|South Goa|Quepem|Balli-Adnem|III|,1,Goa,2012,South Goa,Quepem,Balli-Adnem,gram_panchayat,III,,gp_ward,ward,BC,BC,sc_st_bc,0,BC Other than Woman,O.B.C.,all_seats,seat,,Mahendra Vassudev Gosavi,,156,,,latin,local_elections,e0ae2676d62a-dirty,data/goa/2012/panres_2012_Quepem.pdf,1,page,
goa/gp_ward/2012,9baceaf01d2b,Goa|2012|gp_ward|South Goa|Quepem|Balli-Adnem|IV|,1,Goa,2012,South Goa,Quepem,Balli-Adnem,gram_panchayat,IV,,gp_ward,ward,NONE,NONE,sc_st_bc,1,Woman,Women,all_seats,seat,,Shrinisha Shantaram Fotte,,77,,,latin,local_elections,e0ae2676d62a-dirty,data/goa/2012/panres_2012_Quepem.pdf,2,page,
goa/gp_ward/2012,b11def07ac8e,Goa|2012|gp_ward|South Goa|Quepem|Balli-Adnem|V|,1,Goa,2012,South Goa,Quepem,Balli-Adnem,gram_panchayat,V,,gp_ward,ward,BC,BC,sc_st_bc,0,BC Other than Woman,O.B.C.,all_seats,seat,,Rasika Rohidas Naik,,118,,,latin,local_elections,e0ae2676d62a-dirty,data/goa/2012/panres_2012_Quepem.pdf,2,page,
goa/gp_ward/2012,e3d571cc0e0f,Goa|2012|gp_ward|South Goa|Quepem|Balli-Adnem|VI|,1,Goa,2012,South Goa,Quepem,Balli-Adnem,gram_panchayat,VI,,gp_ward,ward,NONE,NONE,sc_st_bc,0,Other than Woman,General,all_seats,seat,,Alka Jagadish Potdar,,128,,,latin,local_elections,e0ae2676d62a-dirty,data/goa/2012/panres_2012_Quepem.pdf,2,page,
goa/gp_ward/2012,08bc22877f93,Goa|2012|gp_ward|South Goa|Quepem|Balli-Adnem|VII|,1,Goa,2012,South Goa,Quepem,Balli-Adnem,gram_panchayat,VII,,gp_ward,ward,NONE,NONE,sc_st_bc,1,Woman,Women,all_seats,seat,,Diya Dharmendra Ballikar,,349,,,latin,local_elections,e0ae2676d62a-dirty,data/goa/2012/panres_2012_Quepem.pdf,2,page,
goa/gp_ward/2012,02a27272dfee,Goa|2012|gp_ward|South Goa|Quepem|Balli-Adnem|VIII|,1,Goa,2012,South Goa,Quepem,Balli-Adnem,gram_panchayat,VIII,,gp_ward,ward,NONE,NONE,sc_st_bc,0,Other than Woman,General,all_seats,seat,,Sanjay Arjun Velip,,215,,,latin,local_elections,e0ae2676d62a-dirty,data/goa/2012/panres_2012_Quepem.pdf,2,page,
goa/gp_ward/2012,43daecb9f5cb,Goa|2012|gp_ward|South Goa|Quepem|Balli-Adnem|IX|,1,Goa,2012,South Goa,Quepem,Balli-Adnem,gram_panchayat,IX,,gp_ward,ward,NONE,NONE,sc_st_bc,0,Other than Woman,General,all_seats,seat,,Raghunath Kuiro Deikar,,228,,,latin,local_elections,e0ae2676d62a-dirty,data/goa/2012/panres_2012_Quepem.pdf,2,page,
goa/gp_ward/2012,3d1ecead1bdc,Goa|2012|gp_ward|South Goa|Quepem|Barcem-Quedem|I|,1,Goa,2012,South Goa,Quepem,Barcem-Quedem,gram_panchayat,I,,gp_ward,ward,NONE,NONE,sc_st_bc,0,Other than Woman,General,all_seats,seat,,Manisha Ganesh Velip,,164,,,latin,local_elections,e0ae2676d62a-dirty,data/goa/2012/panres_2012_Quepem.pdf,2,page,
goa/gp_ward/2012,603fce5cc5da,Goa|2012|gp_ward|South Goa|Quepem|Barcem-Quedem|II|,1,Goa,2012,South Goa,Quepem,Barcem-Quedem,gram_panchayat,II,,gp_ward,ward,ST,ST,sc_st_bc,1,ST Woman,ST Wom,all_seats,seat,,Savita Fondu Gaonkar,,167,,,latin,local_elections,e0ae2676d62a-dirty,data/goa/2012/panres_2012_Quepem.pdf,2,page,
goa/gp_ward/2012,bf27812a74e2,Goa|2012|gp_ward|South Goa|Quepem|Barcem-Quedem|III|,1,Goa,2012,South Goa,Quepem,Barcem-Quedem,gram_panchayat,III,,gp_ward,ward,NONE,NONE,sc_st_bc,0,Other than Woman,General,all_seats,seat,,Datta Shanu Velip,,407,,,latin,local_elections,e0ae2676d62a-dirty,data/goa/2012/panres_2012_Quepem.pdf,2,page,
goa/gp_ward/2012,a5de6ab09602,Goa|2012|gp_ward|South Goa|Quepem|Barcem-Quedem|IV|,1,Goa,2012,South Goa,Quepem,Barcem-Quedem,gram_panchayat,IV,,gp_ward,ward,NONE,NONE,sc_st_bc,0,Other than Woman,General,all_seats,seat,,Sarvanand Mono Velip,,257,,,latin,local_elections,e0ae2676d62a-dirty,data/goa/2012/panres_2012_Quepem.pdf,2,page,
goa/gp_ward/2012,aab7e3abf8da,Goa|2012|gp_ward|South Goa|Quepem|Barcem-Quedem|V|,1,Goa,2012,South Goa,Quepem,Barcem-Quedem,gram_panchayat,V,,gp_ward,ward,NONE,NONE,sc_st_bc,0,Other than Woman,General,all_seats,seat,,Arjun Sonu Velip,,280,,,latin,local_elections,e0ae2676d62a-dirty,data/goa/2012/panres_2012_Quepem.pdf,2,page,
goa/gp_ward/2012,45e1ed118df6,Goa|2012|gp_ward|South Goa|Quepem|Barcem-Quedem|VI|,1,Goa,2012,South Goa,Quepem,Barcem-Quedem,gram_panchayat,VI,,gp_ward,ward,NONE,NONE,sc_st_bc,0,Other than Woman,General,all_seats,seat,,Anuja Arjun Velip,,263,,,latin,local_elections,e0ae2676d62a-dirty,data/goa/2012/panres_2012_Quepem.pdf,2,page,
goa/gp_ward/2012,46f72e44a187,Goa|2012|gp_ward|South Goa|Quepem|Barcem-Quedem|VII|,1,Goa,2012,South Goa,Quepem,Barcem-Quedem,gram_panchayat,VII,,gp_ward,ward,ST,ST,sc_st_bc,1,ST Woman,ST Wom,all_seats,seat,,Seema Rajendra Velip,,Unopposed,,,latin,local_elections,e0ae2676d62a-dirty,data/goa/2012/panres_2012_Quepem.pdf,2,page,
goa/gp_ward/2012,6a62f9b0ad17,Goa|2012|gp_ward|South Goa|Quepem|Cavrem-Pirla|I|,1,Goa,2012,South Goa,Quepem,Cavrem-Pirla,gram_panchayat,I,,gp_ward,ward,NONE,NONE,sc_st_bc,0,Other than Woman,General,all_seats,seat,,Tolyo Panglo Gaonkar,,192,,,latin,local_elections,e0ae2676d62a-dirty,data/goa/2012/panres_2012_Quepem.pdf,2,page,
goa/gp_ward/2012,69205ea6a9bf,Goa|2012|gp_ward|South Goa|Quepem|Cavrem-Pirla|II|,1,Goa,2012,South Goa,Quepem,Cavrem-Pirla,gram_panchayat,II,,gp_ward,ward,NONE,NONE,sc_st_bc,1,Woman,Women,all_seats,seat,,Rashmila Rohidas Velip,,Unopposed,,,latin,local_elections,e0ae2676d62a-dirty,data/goa/2012/panres_2012_Quepem.pdf,2,page,
goa/gp_ward/2012,fa7368263f42,Goa|2012|gp_ward|South Goa|Quepem|Cavrem-Pirla|III|,1,Goa,2012,South Goa,Quepem,Cavrem-Pirla,gram_panchayat,III,,gp_ward,ward,NONE,NONE,sc_st_bc,0,Other than Woman,General,all_seats,seat,,Dilip Narayan Dessai,,102,,,latin,local_elections,e0ae2676d62a-dirty,data/goa/2012/panres_2012_Quepem.pdf,2,page,
goa/gp_ward/2012,51e55e5e4739,Goa|2012|gp_ward|South Goa|Quepem|Cavrem-Pirla|IV|,1,Goa,2012,South Goa,Quepem,Cavrem-Pirla,gram_panchayat,IV,,gp_ward,ward,NONE,NONE,sc_st_bc,0,Other than Woman,General,all_seats,seat,,Satyawan Satu Devidas,,125,,,latin,local_elections,e0ae2676d62a-dirty,data/goa/2012/panres_2012_Quepem.pdf,2,page,
goa/gp_ward/2012,5300bb8e62ff,Goa|2012|gp_ward|South Goa|Quepem|Cavrem-Pirla|V|,1,Goa,2012,South Goa,Quepem,Cavrem-Pirla,gram_panchayat,V,,gp_ward,ward,NONE,NONE,sc_st_bc,0,Other than Woman,General,all_seats,seat,,Rajendra Vishwanath Falldessai,,167,,,latin,local_elections,e0ae2676d62a-dirty,data/goa/2012/panres_2012_Quepem.pdf,2,page,
goa/gp_ward/2012,0f2bf9fc7714,Goa|2012|gp_ward|South Goa|Quepem|Cavrem-Pirla|VI|,1,Goa,2012,South Goa,Quepem,Cavrem-Pirla,gram_panchayat,VI,,gp_ward,ward,NONE,NONE,sc_st_bc,0,Other than Woman,General,all_seats,seat,,Ravindra Arjun Velip,,129,,,latin,local_elections,e0ae2676d62a-dirty,data/goa/2012/panres_2012_Quepem.pdf,2,page,
goa/gp_ward/2012,821f6411ef38,Goa|2012|gp_ward|South Goa|Quepem|Cavrem-Pirla|VII|,1,Goa,2012,South Goa,Quepem,Cavrem-Pirla,gram_panchayat,VII,,gp_ward,ward,ST,ST,sc_st_bc,1,ST Woman,ST Wom,all_seats,seat,,Namita Narayan Gaonkar,,143,,,latin,local_elections,e0ae2676d62a-dirty,data/goa/2012/panres_2012_Quepem.pdf,2,page,
goa/gp_ward/2012,f4f3fbb2385a,Goa|2012|gp_ward|South Goa|Quepem|Fatorpa-Quitol|I|,1,Goa,2012,South Goa,Quepem,Fatorpa-Quitol,gram_panchayat,I,,gp_ward,ward,NONE,NONE,sc_st_bc,0,Other than Woman,General,all_seats,seat,,Sanzil Cruz D'Costa,,179,,,latin,local_elections,e0ae2676d62a-dirty,data/goa/2012/panres_2012_Quepem.pdf,2,page,
goa/gp_ward/2012,aa6b4400bd01,Goa|2012|gp_ward|South Goa|Quepem|Fatorpa-Quitol|II|,1,Goa,2012,South Goa,Quepem,Fatorpa-Quitol,gram_panchayat,II,,gp_ward,ward,NONE,NONE,sc_st_bc,1,Woman,Women,all_seats,seat,,Medini Santosh Naik,,109,,,latin,local_elections,e0ae2676d62a-dirty,data/goa/2012/panres_2012_Quepem.pdf,2,page,
goa/gp_ward/2012,27f0c49b8e6a,Goa|2012|gp_ward|South Goa|Quepem|Fatorpa-Quitol|III|,1,Goa,2012,South Goa,Quepem,Fatorpa-Quitol,gram_panchayat,III,,gp_ward,ward,NONE,NONE,sc_st_bc,0,Other than Woman,General,all_seats,seat,,Deepak Purshottam Faldesai,,74,,,latin,local_elections,e0ae2676d62a-dirty,data/goa/2012/panres_2012_Quepem.pdf,2,page,
goa/gp_ward/2012,b9e0a1d8f937,Goa|2012|gp_ward|South Goa|Quepem|Fatorpa-Quitol|IV|,1,Goa,2012,South Goa,Quepem,Fatorpa-Quitol,gram_panchayat,IV,,gp_ward,ward,NONE,NONE,sc_st_bc,0,Other than Woman,General,all_seats,seat,,Kushali Sada Naik Dessai,,83,,,latin,local_elections,e0ae2676d62a-dirty,data/goa/2012/panres_2012_Quepem.pdf,2,page,
goa/gp_ward/2012,3312a89cb5c0,Goa|2012|gp_ward|South Goa|Quepem|Fatorpa-Quitol|V|,1,Goa,2012,South Goa,Quepem,Fatorpa-Quitol,gram_panchayat,V,,gp_ward,ward,NONE,NONE,sc_st_bc,0,Other than Woman,General,all_seats,seat,,Shailesh Krishna Naik Dessai,,158,,,latin,local_elections,e0ae2676d62a-dirty,data/goa/2012/panres_2012_Quepem.pdf,2,page,
goa/gp_ward/2012,518e7521b989,Goa|2012|gp_ward|South Goa|Quepem|Fatorpa-Quitol|VI|,1,Goa,2012,South Goa,Quepem,Fatorpa-Quitol,gram_panchayat,VI,,gp_ward,ward,ST,ST,sc_st_bc,0,ST Other than Woman,S.T.,all_seats,seat,,Coisao Pedru Fernandes,,117,,,latin,local_elections,e0ae2676d62a-dirty,data/goa/2012/panres_2012_Quepem.pdf,2,page,
goa/gp_ward/2012,30229cd42f63,Goa|2012|gp_ward|South Goa|Quepem|Fatorpa-Quitol|VII|,1,Goa,2012,South Goa,Quepem,Fatorpa-Quitol,gram_panchayat,VII,,gp_ward,ward,ST,ST,sc_st_bc,1,ST Woman,ST Wom,all_seats,seat,,Luveala Pascoal Corriea,,Unopposed,,,latin,local_elections,e0ae2676d62a-dirty,data/goa/2012/panres_2012_Quepem.pdf,2,page,
goa/gp_ward/2012,818e21263d7d,Goa|2012|gp_ward|South Goa|Quepem|Molcornem|I|,1,Goa,2012,South Goa,Quepem,Molcornem,gram_panchayat,I,,gp_ward,ward,NONE,NONE,sc_st_bc,0,Other than Woman,General,all_seats,seat,,Dipak Chandrakant Naik,,161,,,latin,local_elections,e0ae2676d62a-dirty,data/goa/2012/panres_2012_Quepem.pdf,2,page,
goa/gp_ward/2012,ddfc3535a59a,Goa|2012|gp_ward|South Goa|Quepem|Molcornem|II|,1,Goa,2012,South Goa,Quepem,Molcornem,gram_panchayat,II,,gp_ward,ward,NONE,NONE,sc_st_bc,1,Woman,Women,all_seats,seat,,Renny Josinho D'Costa,,147,,,latin,local_elections,e0ae2676d62a-dirty,data/goa/2012/panres_2012_Quepem.pdf,2,page,
goa/gp_ward/2012,949f2dcf4a85,Goa|2012|gp_ward|South Goa|Quepem|Molcornem|III|,1,Goa,2012,South Goa,Quepem,Molcornem,gram_panchayat,III,,gp_ward,ward,ST,ST,sc_st_bc,0,ST Other than Woman,S.T.,all_seats,seat,,Rajesh Ramchandra Gaonkar,,161,,,latin,local_elections,e0ae2676d62a-dirty,data/goa/2012/panres_2012_Quepem.pdf,2,page,
goa/gp_ward/2012,42ad3d621efd,Goa|2012|gp_ward|South Goa|Quepem|Molcornem|IV|,1,Goa,2012,South Goa,Quepem,Molcornem,gram_panchayat,IV,,gp_ward,ward,NONE,NONE,sc_st_bc,0,Other than Woman,General,all_seats,seat,,Selvy Mauricio Rodrigues,,130,,,latin,local_elections,e0ae2676d62a-dirty,data/goa/2012/panres_2012_Quepem.pdf,2,page,
goa/gp_ward/2012,27eb5459b3bb,Goa|2012|gp_ward|South Goa|Quepem|Molcornem|V|,1,Goa,2012,South Goa,Quepem,Molcornem,gram_panchayat,V,,gp_ward,ward,NONE,NONE,sc_st_bc,0,Other than Woman,General,all_seats,seat,,Sandeep Shantaram Malkarnekar,,170,,,latin,local_elections,e0ae2676d62a-dirty,data/goa/2012/panres_2012_Quepem.pdf,3,page,
goa/gp_ward/2012,7221e7cf15ef,Goa|2012|gp_ward|South Goa|Quepem|Molcornem|VI|,1,Goa,2012,South Goa,Quepem,Molcornem,gram_panchayat,VI,,gp_ward,ward,NONE,NONE,sc_st_bc,0,Other than Woman,General,all_seats,seat,,Anand Rama Malik,,95,,,latin,local_elections,e0ae2676d62a-dirty,data/goa/2012/panres_2012_Quepem.pdf,3,page,
goa/gp_ward/2012,ea012a2b1e8d,Goa|2012|gp_ward|South Goa|Quepem|Molcornem|VII|,1,Goa,2012,South Goa,Quepem,Molcornem,gram_panchayat,VII,,gp_ward,ward,ST,ST,sc_st_bc,1,ST Woman,ST Wom,all_seats,seat,,Pramila Paik Malik,,62,,,latin,local_elections,e0ae2676d62a-dirty,data/goa/2012/panres_2012_Quepem.pdf,3,page,
goa/gp_ward/2012,0ffe67679b67,Goa|2012|gp_ward|South Goa|Quepem|Morpirla|I|,1,Goa,2012,South Goa,Quepem,Morpirla,gram_panchayat,I,,gp_ward,ward,NONE,NONE,sc_st_bc,0,Other than Woman,General,all_seats,seat,,Neelu Bhamtu Gaonkar,,163,,,latin,local_elections,e0ae2676d62a-dirty,data/goa/2012/panres_2012_Quepem.pdf,3,page,
goa/gp_ward/2012,57f7157ca801,Goa|2012|gp_ward|South Goa|Quepem|Morpirla|II|,1,Goa,2012,South Goa,Quepem,Morpirla,gram_panchayat,II,,gp_ward,ward,NONE,NONE,sc_st_bc,1,Woman,Women,all_seats,seat,,Punam Fondu Gaonkar,,196,,,latin,local_elections,e0ae2676d62a-dirty,data/goa/2012/panres_2012_Quepem.pdf,3,page,
goa/gp_ward/2012,5cb1dbaf3edf,Goa|2012|gp_ward|South Goa|Quepem|Morpirla|III|,1,Goa,2012,South Goa,Quepem,Morpirla,gram_panchayat,III,,gp_ward,ward,NONE,NONE,sc_st_bc,0,Other than Woman,General,all_seats,seat,,Khushali Kusth Velip,,212,,,latin,local_elections,e0ae2676d62a-dirty,data/goa/2012/panres_2012_Quepem.pdf,3,page,
goa/gp_ward/2012,78577525287a,Goa|2012|gp_ward|South Goa|Quepem|Morpirla|IV|,1,Goa,2012,South Goa,Quepem,Morpirla,gram_panchayat,IV,,gp_ward,ward,NONE,NONE,sc_st_bc,0,Other than Woman,General,all_seats,seat,,Pramod Arjun Velip,,164,,,latin,local_elections,e0ae2676d62a-dirty,data/goa/2012/panres_2012_Quepem.pdf,3,page,
goa/gp_ward/2012,d6d4a3761fbe,Goa|2012|gp_ward|South Goa|Quepem|Morpirla|V|,1,Goa,2012,South Goa,Quepem,Morpirla,gram_panchayat,V,,gp_ward,ward,ST,ST,sc_st_bc,0,ST Other than Woman,S.T.,all_seats,seat,,Bhiva Katu Velip,,150,,,latin,local_elections,e0ae2676d62a-dirty,data/goa/2012/panres_2012_Quepem.pdf,3,page,
goa/gp_ward/2012,88d340a87e46,Goa|2012|gp_ward|South Goa|Quepem|Morpirla|VI|,1,Goa,2012,South Goa,Quepem,Morpirla,gram_panchayat,VI,,gp_ward,ward,NONE,NONE,sc_st_bc,0,Other than Woman,General,all_seats,seat,,Sonu Bhiva Velip,,120,,,latin,local_elections,e0ae2676d62a-dirty,data/goa/2012/panres_2012_Quepem.pdf,3,page,
goa/gp_ward/2012,ce94e7a98e99,Goa|2012|gp_ward|South Goa|Quepem|Morpirla|VII|,1,Goa,2012,South Goa,Quepem,Morpirla,gram_panchayat,VII,,gp_ward,ward,ST,ST,sc_st_bc,1,ST Woman,ST Wom,all_seats,seat,,Rohisha Rajendra Gaonkar,,138,,,latin,local_elections,e0ae2676d62a-dirty,data/goa/2012/panres_2012_Quepem.pdf,3,page,
goa/gp_ward/2012,2cab26ce8c44,Goa|2012|gp_ward|South Goa|Quepem|Naqueri-Betul|I|,1,Goa,2012,South Goa,Quepem,Naqueri-Betul,gram_panchayat,I,,gp_ward,ward,NONE,NONE,sc_st_bc,0,Other than Woman,General,all_seats,seat,,Sudhakar Vithal Joshi,,105,,,latin,local_elections,e0ae2676d62a-dirty,data/goa/2012/panres_2012_Quepem.pdf,3,page,
goa/gp_ward/2012,23b6366f2395,Goa|2012|gp_ward|South Goa|Quepem|Naqueri-Betul|II|,1,Goa,2012,South Goa,Quepem,Naqueri-Betul,gram_panchayat,II,,gp_ward,ward,NONE,NONE,sc_st_bc,1,Woman,Women,all_seats,seat,,Gracy Serho Fernandes,,118,,,latin,local_elections,e0ae2676d62a-dirty,data/goa/2012/panres_2012_Quepem.pdf,3,page,
goa/gp_ward/2012,409f29994e30,Goa|2012|gp_ward|South Goa|Quepem|Naqueri-Betul|III|,1,Goa,2012,South Goa,Quepem,Naqueri-Betul,gram_panchayat,III,,gp_ward,ward,NONE,NONE,sc_st_bc,0,Other than Woman,General,all_seats,seat,,Marcus Santano Simoes,,128,,,latin,local_elections,e0ae2676d62a-dirty,data/goa/2012/panres_2012_Quepem.pdf,3,page,
goa/gp_ward/2012,834fee22705f,Goa|2012|gp_ward|South Goa|Quepem|Naqueri-Betul|IV|,1,Goa,2012,South Goa,Quepem,Naqueri-Betul,gram_panchayat,IV,,gp_ward,ward,NONE,NONE,sc_st_bc,0,Other than Woman,General,all_seats,seat,,Mangaldas Yeshwant Naik,,88,,,latin,local_elections,e0ae2676d62a-dirty,data/goa/2012/panres_2012_Quepem.pdf,3,page,
goa/gp_ward/2012,c94b90ee9ab9,Goa|2012|gp_ward|South Goa|Quepem|Naqueri-Betul|V|,1,Goa,2012,South Goa,Quepem,Naqueri-Betul,gram_panchayat,V,,gp_ward,ward,NONE,NONE,sc_st_bc,0,Other than Woman,General,all_seats,seat,,Krishna Kashinath Sawant Dessai,,115,,,latin,local_elections,e0ae2676d62a-dirty,data/goa/2012/panres_2012_Quepem.pdf,3,page,
goa/gp_ward/2012,487481cda788,Goa|2012|gp_ward|South Goa|Quepem|Naqueri-Betul|VI|,1,Goa,2012,South Goa,Quepem,Naqueri-Betul,gram_panchayat,VI,,gp_ward,ward,BC,BC,sc_st_bc,0,BC Other than Woman,O.B.C.,all_seats,seat,,Delfi Mateus Piedade Mateus Piedade J. A. Barbosa,,85,,,latin,local_elections,e0ae2676d62a-dirty,data/goa/2012/panres_2012_Quepem.pdf,3,page,
goa/gp_ward/2012,961473043aaf,Goa|2012|gp_ward|South Goa|Quepem|Naqueri-Betul|VII|,1,Goa,2012,South Goa,Quepem,Naqueri-Betul,gram_panchayat,VII,,gp_ward,ward,NONE,NONE,sc_st_bc,1,Woman,Women,all_seats,seat,,Angelina Sebastian Marian Lobo,,99,,,latin,local_elections,e0ae2676d62a-dirty,data/goa/2012/panres_2012_Quepem.pdf,3,page,
goa/gp_ward/2012,fb7bd343e44b,Goa|2012|gp_ward|South Goa|Quepem|Xeldem|I|,1,Goa,2012,South Goa,Quepem,Xeldem,gram_panchayat,I,,gp_ward,ward,NONE,NONE,sc_st_bc,0,Other than Woman,General,all_seats,seat,,Paresh Anand Gauns Dessai,,352,,,latin,local_elections,e0ae2676d62a-dirty,data/goa/2012/panres_2012_Quepem.pdf,3,page,
goa/gp_ward/2012,ba0e7563ab60,Goa|2012|gp_ward|South Goa|Quepem|Xeldem|II|,1,Goa,2012,South Goa,Quepem,Xeldem,gram_panchayat,II,,gp_ward,ward,NONE,NONE,sc_st_bc,1,Woman,Women,all_seats,seat,,Maria Zefrina Rebeiroe Avelino Fernandes,,202,,,latin,local_elections,e0ae2676d62a-dirty,data/goa/2012/panres_2012_Quepem.pdf,3,page,
goa/gp_ward/2012,75ec7d3cac32,Goa|2012|gp_ward|South Goa|Quepem|Xeldem|III|,1,Goa,2012,South Goa,Quepem,Xeldem,gram_panchayat,III,,gp_ward,ward,ST,ST,sc_st_bc,0,ST Other than Woman,S.T.,all_seats,seat,,Milagrino Domnick Menezes,,374,,,latin,local_elections,e0ae2676d62a-dirty,data/goa/2012/panres_2012_Quepem.pdf,3,page,
goa/gp_ward/2012,74ac1113c9e4,Goa|2012|gp_ward|South Goa|Quepem|Xeldem|IV|,1,Goa,2012,South Goa,Quepem,Xeldem,gram_panchayat,IV,,gp_ward,ward,BC,BC,sc_st_bc,1,BC Woman,OBC Wom,all_seats,seat,,Dipti Dina Naik,,178,,,latin,local_elections,e0ae2676d62a-dirty,data/goa/2012/panres_2012_Quepem.pdf,3,page,
goa/gp_ward/2012,3ae746147130,Goa|2012|gp_ward|South Goa|Quepem|Xeldem|V|,1,Goa,2012,South Goa,Quepem,Xeldem,gram_panchayat,V,,gp_ward,ward,NONE,NONE,sc_st_bc,0,Other than Woman,General,all_seats,seat,,Amey Pandurang Chimulkar,,135,,,latin,local_elections,e0ae2676d62a-dirty,data/goa/2012/panres_2012_Quepem.pdf,3,page,
goa/gp_ward/2012,333d2400e566,Goa|2012|gp_ward|South Goa|Quepem|Xeldem|VI|,1,Goa,2012,South Goa,Quepem,Xeldem,gram_panchayat,VI,,gp_ward,ward,NONE,NONE,sc_st_bc,0,Other than Woman,General,all_seats,seat,,Peter Joaquim Fernandes,,177,,,latin,local_elections,e0ae2676d62a-dirty,data/goa/2012/panres_2012_Quepem.pdf,3,page,
goa/gp_ward/2012,1ecf2fad3efd,Goa|2012|gp_ward|South Goa|Quepem|Xeldem|VII|,1,Goa,2012,South Goa,Quepem,Xeldem,gram_panchayat,VII,,gp_ward,ward,NONE,NONE,sc_st_bc,1,Woman,Women,all_seats,seat,,Babita Parvin Gauns Dessai,,153,,,latin,local_elections,e0ae2676d62a-dirty,data/goa/2012/panres_2012_Quepem.pdf,3,page,
goa/gp_ward/2012,c17670703116,Goa|2012|gp_ward|South Goa|Quepem|Xeldem|VIII|,1,Goa,2012,South Goa,Quepem,Xeldem,gram_panchayat,VIII,,gp_ward,ward,NONE,NONE,sc_st_bc,0,Other than Woman,General,all_seats,seat,,Pramod Devappa Gauns Dessai,,285,,,latin,local_elections,e0ae2676d62a-dirty,data/goa/2012/panres_2012_Quepem.pdf,3,page,
goa/gp_ward/2012,b81ad10a1d34,Goa|2012|gp_ward|South Goa|Quepem|Xeldem|IX|,1,Goa,2012,South Goa,Quepem,Xeldem,gram_panchayat,IX,,gp_ward,ward,NONE,NONE,sc_st_bc,0,Other than Woman,General,all_seats,seat,,Caetano Francisco Joao De Lima,,269,,,latin,local_elections,e0ae2676d62a-dirty,data/goa/2012/panres_2012_Quepem.pdf,3,page,
goa/gp_ward/2012,e35fee86b0cf,Goa|2012|gp_ward|South Goa|Salcete|BETALBATIM|I|,1,Goa,2012,South Goa,Salcete,BETALBATIM,gram_panchayat,I,,gp_ward,ward,NONE,NONE,sc_st_bc,0,Other than Woman,General,all_seats,seat,,Inacio Mariano Pedro Joao Fernandes,,164,,,latin,local_elections,e0ae2676d62a-dirty,data/goa/2012/panres_2012_Salcete.pdf,1,page,
goa/gp_ward/2012,2364b9c851ce,Goa|2012|gp_ward|South Goa|Salcete|BETALBATIM|II|,1,Goa,2012,South Goa,Salcete,BETALBATIM,gram_panchayat,II,,gp_ward,ward,NONE,NONE,sc_st_bc,1,Woman,Women,all_seats,seat,,Maria Remedios Pereira,,161,,,latin,local_elections,e0ae2676d62a-dirty,data/goa/2012/panres_2012_Salcete.pdf,1,page,
goa/gp_ward/2012,0d9df4cf54a1,Goa|2012|gp_ward|South Goa|Salcete|BETALBATIM|III|,1,Goa,2012,South Goa,Salcete,BETALBATIM,gram_panchayat,III,,gp_ward,ward,NONE,NONE,sc_st_bc,0,Other than Woman,General,all_seats,seat,,Anthony Manuel Fernandes,,208,,,latin,local_elections,e0ae2676d62a-dirty,data/goa/2012/panres_2012_Salcete.pdf,1,page,
goa/gp_ward/2012,0b3961c66624,Goa|2012|gp_ward|South Goa|Salcete|BETALBATIM|IV|,1,Goa,2012,South Goa,Salcete,BETALBATIM,gram_panchayat,IV,,gp_ward,ward,NONE,NONE,sc_st_bc,0,Other than Woman,General,all_seats,seat,,Minguel Elias Britto Pereira,,110,,,latin,local_elections,e0ae2676d62a-dirty,data/goa/2012/panres_2012_Salcete.pdf,1,page,
goa/gp_ward/2012,c63960a14218,Goa|2012|gp_ward|South Goa|Salcete|BETALBATIM|V|,1,Goa,2012,South Goa,Salcete,BETALBATIM,gram_panchayat,V,,gp_ward,ward,NONE,NONE,sc_st_bc,0,Other than Woman,General,all_seats,seat,,Pedro Mariano Lourence Fernandes,,150,,,latin,local_elections,e0ae2676d62a-dirty,data/goa/2012/panres_2012_Salcete.pdf,1,page,
goa/gp_ward/2012,0671f24900db,Goa|2012|gp_ward|South Goa|Salcete|BETALBATIM|VI|,1,Goa,2012,South Goa,Salcete,BETALBATIM,gram_panchayat,VI,,gp_ward,ward,NONE,NONE,sc_st_bc,0,Other than Woman,General,all_seats,seat,,Vincent Mariano Piedade Pereira,,157,,,latin,local_elections,e0ae2676d62a-dirty,data/goa/2012/panres_2012_Salcete.pdf,1,page,
goa/gp_ward/2012,073fe522dffb,Goa|2012|gp_ward|South Goa|Salcete|BETALBATIM|VII|,1,Goa,2012,South Goa,Salcete,BETALBATIM,gram_panchayat,VII,,gp_ward,ward,NONE,NONE,sc_st_bc,1,Woman,Women,all_seats,seat,,Maria Espranca Nicolau Fernandes,,168,,,latin,local_elections,e0ae2676d62a-dirty,data/goa/2012/panres_2012_Salcete.pdf,1,page,
goa/gp_ward/2012,0ef7ef14ee73,Goa|2012|gp_ward|South Goa|Salcete|CAMURLIM|I|,1,Goa,2012,South Goa,Salcete,CAMURLIM,gram_panchayat,I,,gp_ward,ward,NONE,NONE,sc_st_bc,0,Other than Woman,General,all_seats,seat,,Conceisao Alias Conception Joseph Dias,,82,,,latin,local_elections,e0ae2676d62a-dirty,data/goa/2012/panres_2012_Salcete.pdf,1,page,
goa/gp_ward/2012,29e4fd6fb84d,Goa|2012|gp_ward|South Goa|Salcete|CAMURLIM|II|,1,Goa,2012,South Goa,Salcete,CAMURLIM,gram_panchayat,II,,gp_ward,ward,BC,BC,sc_st_bc,1,BC Woman,OBC Wom,all_seats,seat,,Siddhi Saulo Naik,,109,,,latin,local_elections,e0ae2676d62a-dirty,data/goa/2012/panres_2012_Salcete.pdf,1,page,
goa/gp_ward/2012,9470fcc4f374,Goa|2012|gp_ward|South Goa|Salcete|CAMURLIM|III|,1,Goa,2012,South Goa,Salcete,CAMURLIM,gram_panchayat,III,,gp_ward,ward,NONE,NONE,sc_st_bc,0,Other than Woman,General,all_seats,seat,,Basilio Francis Xavier Fernandes,,98,,,latin,local_elections,e0ae2676d62a-dirty,data/goa/2012/panres_2012_Salcete.pdf,1,page,
goa/gp_ward/2012,a84c8ab15430,Goa|2012|gp_ward|South Goa|Salcete|CAMURLIM|IV|,1,Goa,2012,South Goa,Salcete,CAMURLIM,gram_panchayat,IV,,gp_ward,ward,NONE,NONE,sc_st_bc,0,Other than Woman,General,all_seats,seat,,Casmiro Baptista Fernandes,,73,,,latin,local_elections,e0ae2676d62a-dirty,data/goa/2012/panres_2012_Salcete.pdf,1,page,
goa/gp_ward/2012,06d3efe91802,Goa|2012|gp_ward|South Goa|Salcete|CAMURLIM|V|,1,Goa,2012,South Goa,Salcete,CAMURLIM,gram_panchayat,V,,gp_ward,ward,NONE,NONE,sc_st_bc,0,Other than Woman,General,all_seats,seat,,Inacio Jose Antao,,73,,,latin,local_elections,e0ae2676d62a-dirty,data/goa/2012/panres_2012_Salcete.pdf,1,page,
goa/gp_ward/2012,3dbc556b9d9d,Goa|2012|gp_ward|South Goa|Salcete|CAMURLIM|VI|,1,Goa,2012,South Goa,Salcete,CAMURLIM,gram_panchayat,VI,,gp_ward,ward,NONE,NONE,sc_st_bc,0,Other than Woman,General,all_seats,seat,,Felicidade Menino Joao S. Antao,,86,,,latin,local_elections,e0ae2676d62a-dirty,data/goa/2012/panres_2012_Salcete.pdf,1,page,
goa/gp_ward/2012,3795ce950b50,Goa|2012|gp_ward|South Goa|Salcete|CAMURLIM|VII|,1,Goa,2012,South Goa,Salcete,CAMURLIM,gram_panchayat,VII,,gp_ward,ward,NONE,NONE,sc_st_bc,1,Woman,Women,all_seats,seat,,Hilda Silveria Michael Francisco Sequeira,,56,,,latin,local_elections,e0ae2676d62a-dirty,data/goa/2012/panres_2012_Salcete.pdf,1,page,
goa/gp_ward/2012,13d31d934bc9,Goa|2012|gp_ward|South Goa|Salcete|CANA BENAULIM|I|,1,Goa,2012,South Goa,Salcete,CANA BENAULIM,gram_panchayat,I,,gp_ward,ward,NONE,NONE,sc_st_bc,0,Other than Woman,General,all_seats,seat,,Peter Menino Joanes,,292,,,latin,local_elections,e0ae2676d62a-dirty,data/goa/2012/panres_2012_Salcete.pdf,1,page,
goa/gp_ward/2012,d55362ca6744,Goa|2012|gp_ward|South Goa|Salcete|CANA BENAULIM|II|,1,Goa,2012,South Goa,Salcete,CANA BENAULIM,gram_panchayat,II,,gp_ward,ward,NONE,NONE,sc_st_bc,0,Other than Woman,General,all_seats,seat,,Caetana Carmelina Branca Manuel Antonio Rebelo E. Fernandes,,255,,,latin,local_elections,e0ae2676d62a-dirty,data/goa/2012/panres_2012_Salcete.pdf,1,page,
goa/gp_ward/2012,2228b8203c35,Goa|2012|gp_ward|South Goa|Salcete|CANA BENAULIM|III|,1,Goa,2012,South Goa,Salcete,CANA BENAULIM,gram_panchayat,III,,gp_ward,ward,NONE,NONE,sc_st_bc,1,Woman,Women,all_seats,seat,,Royla Clarina Agnelo Fernandes,,218,,,latin,local_elections,e0ae2676d62a-dirty,data/goa/2012/panres_2012_Salcete.pdf,1,page,
goa/gp_ward/2012,555c345b476a,Goa|2012|gp_ward|South Goa|Salcete|CANA BENAULIM|IV|,1,Goa,2012,South Goa,Salcete,CANA BENAULIM,gram_panchayat,IV,,gp_ward,ward,NONE,NONE,sc_st_bc,1,Woman,Women,all_seats,seat,,Gldya Trevor Rosario Benedicto Rodrigues E Fernandes,,351,,,latin,local_elections,e0ae2676d62a-dirty,data/goa/2012/panres_2012_Salcete.pdf,1,page,
goa/gp_ward/2012,ce56a61527b2,Goa|2012|gp_ward|South Goa|Salcete|CANA BENAULIM|V|,1,Goa,2012,South Goa,Salcete,CANA BENAULIM,gram_panchayat,V,,gp_ward,ward,NONE,NONE,sc_st_bc,0,Other than Woman,General,all_seats,seat,,David Francisco Santano Fernandes,,356,,,latin,local_elections,e0ae2676d62a-dirty,data/goa/2012/panres_2012_Salcete.pdf,1,page,
goa/gp_ward/2012,1b4252ab5732,Goa|2012|gp_ward|South Goa|Salcete|CANA BENAULIM|VI|,1,Goa,2012,South Goa,Salcete,CANA BENAULIM,gram_panchayat,VI,,gp_ward,ward,NONE,NONE,sc_st_bc,0,Other than Woman,General,all_seats,seat,,Lourenco Saby Joao Alex Fernandes,,254,,,latin,local_elections,e0ae2676d62a-dirty,data/goa/2012/panres_2012_Salcete.pdf,1,page,
goa/gp_ward/2012,4d184dc43aea,Goa|2012|gp_ward|South Goa|Salcete|CANA BENAULIM|VII|,1,Goa,2012,South Goa,Salcete,CANA BENAULIM,gram_panchayat,VII,,gp_ward,ward,NONE,NONE,sc_st_bc,1,Woman,Women,all_seats,seat,,Rita Santana Joaquim Furtado,,185,,,latin,local_elections,e0ae2676d62a-dirty,data/goa/2012/panres_2012_Salcete.pdf,1,page,
goa/gp_ward/2012,a738874d892d,Goa|2012|gp_ward|South Goa|Salcete|CANA BENAULIM|VIII|,1,Goa,2012,South Goa,Salcete,CANA BENAULIM,gram_panchayat,VIII,,gp_ward,ward,BC,BC,sc_st_bc,0,BC Other than Woman,O.B.C.,all_seats,seat,,Xavier Wenecy Ambrosio Domingos Pereira,,294,,,latin,local_elections,e0ae2676d62a-dirty,data/goa/2012/panres_2012_Salcete.pdf,1,page,
goa/gp_ward/2012,e7e52d0291c0,Goa|2012|gp_ward|South Goa|Salcete|CANA BENAULIM|IX|,1,Goa,2012,South Goa,Salcete,CANA BENAULIM,gram_panchayat,IX,,gp_ward,ward,NONE,NONE,sc_st_bc,0,Other than Woman,General,all_seats,seat,,Remedias N. Francisco Fernandes,,360,,,latin,local_elections,e0ae2676d62a-dirty,data/goa/2012/panres_2012_Salcete.pdf,2,page,
goa/gp_ward/2012,830c176eaef2,Goa|2012|gp_ward|South Goa|Salcete|CANA BENAULIM|X|,1,Goa,2012,South Goa,Salcete,CANA BENAULIM,gram_panchayat,X,,gp_ward,ward,NONE,NONE,sc_st_bc,0,Other than Woman,General,all_seats,seat,,Menino Joje Fernandes,,256,,,latin,local_elections,e0ae2676d62a-dirty,data/goa/2012/panres_2012_Salcete.pdf,2,page,
goa/gp_ward/2012,4a7f83886992,Goa|2012|gp_ward|South Goa|Salcete|CANA BENAULIM|XI|,1,Goa,2012,South Goa,Salcete,CANA BENAULIM,gram_panchayat,XI,,gp_ward,ward,NONE,NONE,sc_st_bc,1,Woman,Women,all_seats,seat,,Annie Agnelo Da Costa,,117,,,latin,local_elections,e0ae2676d62a-dirty,data/goa/2012/panres_2012_Salcete.pdf,2,page,
goa/gp_ward/2012,841647399049,Goa|2012|gp_ward|South Goa|Salcete|COLVA|I|,1,Goa,2012,South Goa,Salcete,COLVA,gram_panchayat,I,,gp_ward,ward,NONE,NONE,sc_st_bc,0,Other than Woman,General,all_seats,seat,,Menino Camilo Gregorio Fernandes,,297,,,latin,local_elections,e0ae2676d62a-dirty,data/goa/2012/panres_2012_Salcete.pdf,2,page,
goa/gp_ward/2012,2aa51c012ec3,Goa|2012|gp_ward|South Goa|Salcete|COLVA|II|,1,Goa,2012,South Goa,Salcete,COLVA,gram_panchayat,II,,gp_ward,ward,NONE,NONE,sc_st_bc,1,Woman,Women,all_seats,seat,,Natalina Anthony Fernandes,,415,,,latin,local_elections,e0ae2676d62a-dirty,data/goa/2012/panres_2012_Salcete.pdf,2,page,
goa/gp_ward/2012,91759a446ad5,Goa|2012|gp_ward|South Goa|Salcete|COLVA|III|,1,Goa,2012,South Goa,Salcete,COLVA,gram_panchayat,III,,gp_ward,ward,NONE,NONE,sc_st_bc,0,Other than Woman,General,all_seats,seat,,Calvert Serafino Gonsalves,,289,,,latin,local_elections,e0ae2676d62a-dirty,data/goa/2012/panres_2012_Salcete.pdf,2,page,
goa/gp_ward/2012,b55cfa12cc80,Goa|2012|gp_ward|South Goa|Salcete|COLVA|IV|,1,Goa,2012,South Goa,Salcete,COLVA,gram_panchayat,IV,,gp_ward,ward,NONE,NONE,sc_st_bc,1,Woman,Women,all_seats,seat,,"Zarina Blanca Alberto Fernandes,",,,,,latin,local_elections,e0ae2676d62a-dirty,data/goa/2012/panres_2012_Salcete.pdf,2,page,
goa/gp_ward/2012,061727efb80f,Goa|2012|gp_ward|South Goa|Salcete|COLVA|V|,1,Goa,2012,South Goa,Salcete,COLVA,gram_panchayat,V,,gp_ward,ward,NONE,NONE,sc_st_bc,0,Other than Woman,General,all_seats,seat,,Francisco Jose Bento Cardozo,,163,,,latin,local_elections,e0ae2676d62a-dirty,data/goa/2012/panres_2012_Salcete.pdf,2,page,
goa/gp_ward/2012,b91d3498589b,Goa|2012|gp_ward|South Goa|Salcete|COLVA|VI|,1,Goa,2012,South Goa,Salcete,COLVA,gram_panchayat,VI,,gp_ward,ward,NONE,NONE,sc_st_bc,0,Other than Woman,General,all_seats,seat,,Snowkon Roberto Gonsalves,,171,,,latin,local_elections,e0ae2676d62a-dirty,data/goa/2012/panres_2012_Salcete.pdf,2,page,
goa/gp_ward/2012,7c02b2d6a0a1,Goa|2012|gp_ward|South Goa|Salcete|COLVA|VII|,1,Goa,2012,South Goa,Salcete,COLVA,gram_panchayat,VII,,gp_ward,ward,NONE,NONE,sc_st_bc,1,Woman,Women,all_seats,seat,,Blaizy Fransquinho Fernandes,,148,,,latin,local_elections,e0ae2676d62a-dirty,data/goa/2012/panres_2012_Salcete.pdf,2,page,
goa/gp_ward/2012,f1ca2c34f7d4,Goa|2012|gp_ward|South Goa|Salcete|COLVA|VIII|,1,Goa,2012,South Goa,Salcete,COLVA,gram_panchayat,VIII,,gp_ward,ward,NONE,NONE,sc_st_bc,0,Other than Woman,General,all_seats,seat,,Agnelo Pedro Joaquim Custodio Francisco Pereira,,127,,,latin,local_elections,e0ae2676d62a-dirty,data/goa/2012/panres_2012_Salcete.pdf,2,page,
goa/gp_ward/2012,cbdb9126f20c,Goa|2012|gp_ward|South Goa|Salcete|COLVA|IX|,1,Goa,2012,South Goa,Salcete,COLVA,gram_panchayat,IX,,gp_ward,ward,NONE,NONE,sc_st_bc,0,Other than Woman,General,all_seats,seat,,Cajy Anthony Domingos Fernandes,,119,,,latin,local_elections,e0ae2676d62a-dirty,data/goa/2012/panres_2012_Salcete.pdf,2,page,
goa/gp_ward/2012,7be677574003,Goa|2012|gp_ward|South Goa|Salcete|LOUTOLIM|I|,1,Goa,2012,South Goa,Salcete,LOUTOLIM,gram_panchayat,I,,gp_ward,ward,NONE,NONE,sc_st_bc,0,Other than Woman,General,all_seats,seat,,Sadanand Shiva Gaude,,162,,,latin,local_elections,e0ae2676d62a-dirty,data/goa/2012/panres_2012_Salcete.pdf,2,page,
goa/gp_ward/2012,c2a2ac5b082b,Goa|2012|gp_ward|South Goa|Salcete|LOUTOLIM|II|,1,Goa,2012,South Goa,Salcete,LOUTOLIM,gram_panchayat,II,,gp_ward,ward,NONE,NONE,sc_st_bc,1,Woman,Women,all_seats,seat,,Conceicao Rosario Fernandes,,176,,,latin,local_elections,e0ae2676d62a-dirty,data/goa/2012/panres_2012_Salcete.pdf,2,page,
goa/gp_ward/2012,1ac0dab432cc,Goa|2012|gp_ward|South Goa|Salcete|LOUTOLIM|III|,1,Goa,2012,South Goa,Salcete,LOUTOLIM,gram_panchayat,III,,gp_ward,ward,NONE,NONE,sc_st_bc,0,Other than Woman,General,all_seats,seat,,Batista Diogo Damaseno Santana Coelho Costa,,112,,,latin,local_elections,e0ae2676d62a-dirty,data/goa/2012/panres_2012_Salcete.pdf,2,page,
goa/gp_ward/2012,334a796f5bb2,Goa|2012|gp_ward|South Goa|Salcete|LOUTOLIM|IV|,1,Goa,2012,South Goa,Salcete,LOUTOLIM,gram_panchayat,IV,,gp_ward,ward,NONE,NONE,sc_st_bc,1,Woman,Women,all_seats,seat,,Maria Franky Monteiro,,206,,,latin,local_elections,e0ae2676d62a-dirty,data/goa/2012/panres_2012_Salcete.pdf,2,page,
goa/gp_ward/2012,91699661e6a5,Goa|2012|gp_ward|South Goa|Salcete|LOUTOLIM|V|,1,Goa,2012,South Goa,Salcete,LOUTOLIM,gram_panchayat,V,,gp_ward,ward,NONE,NONE,sc_st_bc,0,Other than Woman,General,all_seats,seat,,Carmo Nattavidadev Fernandes,,135,,,latin,local_elections,e0ae2676d62a-dirty,data/goa/2012/panres_2012_Salcete.pdf,2,page,
goa/gp_ward/2012,43297d37d5ac,Goa|2012|gp_ward|South Goa|Salcete|LOUTOLIM|VI|,1,Goa,2012,South Goa,Salcete,LOUTOLIM,gram_panchayat,VI,,gp_ward,ward,ST,ST,sc_st_bc,0,ST Other than Woman,S.T.,all_seats,seat,,Joseph Aleixo Colaco,,155,,,latin,local_elections,e0ae2676d62a-dirty,data/goa/2012/panres_2012_Salcete.pdf,2,page,
goa/gp_ward/2012,8669a9617ff9,Goa|2012|gp_ward|South Goa|Salcete|LOUTOLIM|VII|,1,Goa,2012,South Goa,Salcete,LOUTOLIM,gram_panchayat,VII,,gp_ward,ward,NONE,NONE,sc_st_bc,1,Woman,Women,all_seats,seat,,Maria Josefa Laurente Rodrigues,,198,,,latin,local_elections,e0ae2676d62a-dirty,data/goa/2012/panres_2012_Salcete.pdf,2,page,
goa/gp_ward/2012,c8e8226199ae,Goa|2012|gp_ward|South Goa|Salcete|LOUTOLIM|VIII|,1,Goa,2012,South Goa,Salcete,LOUTOLIM,gram_panchayat,VIII,,gp_ward,ward,NONE,NONE,sc_st_bc,0,Other than Woman,General,all_seats,seat,,Maria A. Basilio Rodrigues,,124,,,latin,local_elections,e0ae2676d62a-dirty,data/goa/2012/panres_2012_Salcete.pdf,2,page,
goa/gp_ward/2012,d9187c4897af,Goa|2012|gp_ward|South Goa|Salcete|LOUTOLIM|IX|,1,Goa,2012,South Goa,Salcete,LOUTOLIM,gram_panchayat,IX,,gp_ward,ward,NONE,NONE,sc_st_bc,0,Other than Woman,General,all_seats,seat,,Cruz Mariano Alfredo Pereira.,,116,,,latin,local_elections,e0ae2676d62a-dirty,data/goa/2012/panres_2012_Salcete.pdf,2,page,
goa/gp_ward/2012,e5dab09deadd,Goa|2012|gp_ward|South Goa|Salcete|MAJORDA-UTORDA CALATA|I|,1,Goa,2012,South Goa,Salcete,MAJORDA-UTORDA CALATA,gram_panchayat,I,,gp_ward,ward,NONE,NONE,sc_st_bc,0,Other than Woman,General,all_seats,seat,,Domingos Timoteo Rodrigues,,118,,,latin,local_elections,e0ae2676d62a-dirty,data/goa/2012/panres_2012_Salcete.pdf,2,page,
goa/gp_ward/2012,5e6e852650ec,Goa|2012|gp_ward|South Goa|Salcete|MAJORDA-UTORDA CALATA|II|,1,Goa,2012,South Goa,Salcete,MAJORDA-UTORDA CALATA,gram_panchayat,II,,gp_ward,ward,NONE,NONE,sc_st_bc,1,Woman,Women,all_seats,seat,,Gerogina Isidorio Mascarenhas,,183,,,latin,local_elections,e0ae2676d62a-dirty,data/goa/2012/panres_2012_Salcete.pdf,2,page,
goa/gp_ward/2012,5d8dbe4f058a,Goa|2012|gp_ward|South Goa|Salcete|MAJORDA-UTORDA CALATA|III|,1,Goa,2012,South Goa,Salcete,MAJORDA-UTORDA CALATA,gram_panchayat,III,,gp_ward,ward,NONE,NONE,sc_st_bc,0,Other than Woman,General,all_seats,seat,,Domingos F. J. Jose Carvalho,,146,,,latin,local_elections,e0ae2676d62a-dirty,data/goa/2012/panres_2012_Salcete.pdf,2,page,
goa/gp_ward/2012,79ae230a3c87,Goa|2012|gp_ward|South Goa|Salcete|MAJORDA-UTORDA CALATA|IV|,1,Goa,2012,South Goa,Salcete,MAJORDA-UTORDA CALATA,gram_panchayat,IV,,gp_ward,ward,NONE,NONE,sc_st_bc,1,Woman,Women,all_seats,seat,,Maria Belinda A. De Jesus Maria Amelia F. L. Rodrigues,,225,,,latin,local_elections,e0ae2676d62a-dirty,data/goa/2012/panres_2012_Salcete.pdf,2,page,
goa/gp_ward/2012,27d4110d1de6,Goa|2012|gp_ward|South Goa|Salcete|MAJORDA-UTORDA CALATA|V|,1,Goa,2012,South Goa,Salcete,MAJORDA-UTORDA CALATA,gram_panchayat,V,,gp_ward,ward,NONE,NONE,sc_st_bc,0,Other than Woman,General,all_seats,seat,,Moises Antonio Vaz,,234,,,latin,local_elections,e0ae2676d62a-dirty,data/goa/2012/panres_2012_Salcete.pdf,2,page,
goa/gp_ward/2012,5553130a20f3,Goa|2012|gp_ward|South Goa|Salcete|MAJORDA-UTORDA CALATA|VI|,1,Goa,2012,South Goa,Salcete,MAJORDA-UTORDA CALATA,gram_panchayat,VI,,gp_ward,ward,NONE,NONE,sc_st_bc,0,Other than Woman,General,all_seats,seat,,Anthony Caitan Fernandes,,155,,,latin,local_elections,e0ae2676d62a-dirty,data/goa/2012/panres_2012_Salcete.pdf,2,page,
goa/gp_ward/2012,5ed676e642dd,Goa|2012|gp_ward|South Goa|Salcete|MAJORDA-UTORDA CALATA|VII|,1,Goa,2012,South Goa,Salcete,MAJORDA-UTORDA CALATA,gram_panchayat,VII,,gp_ward,ward,NONE,NONE,sc_st_bc,1,Woman,Women,all_seats,seat,,Melisa Maclet Seldon D'Costa,,256,,,latin,local_elections,e0ae2676d62a-dirty,data/goa/2012/panres_2012_Salcete.pdf,3,page,
goa/gp_ward/2012,cc219476fac5,Goa|2012|gp_ward|South Goa|Salcete|MAJORDA-UTORDA CALATA|VIII|,1,Goa,2012,South Goa,Salcete,MAJORDA-UTORDA CALATA,gram_panchayat,VIII,,gp_ward,ward,NONE,NONE,sc_st_bc,0,Other than Woman,General,all_seats,seat,,Vijay Dominic Lacerda,,213,,,latin,local_elections,e0ae2676d62a-dirty,data/goa/2012/panres_2012_Salcete.pdf,3,page,
goa/gp_ward/2012,3daff855825a,Goa|2012|gp_ward|South Goa|Salcete|MAJORDA-UTORDA CALATA|IX|,1,Goa,2012,South Goa,Salcete,MAJORDA-UTORDA CALATA,gram_panchayat,IX,,gp_ward,ward,NONE,NONE,sc_st_bc,0,Other than Woman,General,all_seats,seat,,Manuel Santana Cardozo,,185,,,latin,local_elections,e0ae2676d62a-dirty,data/goa/2012/panres_2012_Salcete.pdf,3,page,
goa/gp_ward/2012,7addec761e43,Goa|2012|gp_ward|South Goa|Salcete|NAGOA|I|,1,Goa,2012,South Goa,Salcete,NAGOA,gram_panchayat,I,,gp_ward,ward,NONE,NONE,sc_st_bc,0,Other than Woman,General,all_seats,seat,,Socorrinha Soccoro Vaz,,104,,,latin,local_elections,e0ae2676d62a-dirty,data/goa/2012/panres_2012_Salcete.pdf,3,page,
goa/gp_ward/2012,ba5c3f0a3f1c,Goa|2012|gp_ward|South Goa|Salcete|NAGOA|II|,1,Goa,2012,South Goa,Salcete,NAGOA,gram_panchayat,II,,gp_ward,ward,BC,BC,sc_st_bc,1,BC Woman,OBC Wom,all_seats,seat,,Angela Perpetua Cecilia Antonieta Baraganza E Fernandes,,89,,,latin,local_elections,e0ae2676d62a-dirty,data/goa/2012/panres_2012_Salcete.pdf,3,page,
goa/gp_ward/2012,7d50e8a72864,Goa|2012|gp_ward|South Goa|Salcete|NAGOA|III|,1,Goa,2012,South Goa,Salcete,NAGOA,gram_panchayat,III,,gp_ward,ward,NONE,NONE,sc_st_bc,0,Other than Woman,General,all_seats,seat,,Anzil Agnelo Isidorio Godinho,,111,,,latin,local_elections,e0ae2676d62a-dirty,data/goa/2012/panres_2012_Salcete.pdf,3,page,
goa/gp_ward/2012,78442e411d54,Goa|2012|gp_ward|South Goa|Salcete|NAGOA|IV|,1,Goa,2012,South Goa,Salcete,NAGOA,gram_panchayat,IV,,gp_ward,ward,NONE,NONE,sc_st_bc,0,Other than Woman,General,all_seats,seat,,Richard Joao F. Gonsalves,,121,,,latin,local_elections,e0ae2676d62a-dirty,data/goa/2012/panres_2012_Salcete.pdf,3,page,
goa/gp_ward/2012,1cd16556086d,Goa|2012|gp_ward|South Goa|Salcete|NAGOA|V|,1,Goa,2012,South Goa,Salcete,NAGOA,gram_panchayat,V,,gp_ward,ward,NONE,NONE,sc_st_bc,0,Other than Woman,General,all_seats,seat,,Franky Santano Vales,,142,,,latin,local_elections,e0ae2676d62a-dirty,data/goa/2012/panres_2012_Salcete.pdf,3,page,
goa/gp_ward/2012,80faaa2f9483,Goa|2012|gp_ward|South Goa|Salcete|NAGOA|VI|,1,Goa,2012,South Goa,Salcete,NAGOA,gram_panchayat,VI,,gp_ward,ward,NONE,NONE,sc_st_bc,0,Other than Woman,General,all_seats,seat,,Maria Menino Cabral,,96,,,latin,local_elections,e0ae2676d62a-dirty,data/goa/2012/panres_2012_Salcete.pdf,3,page,
goa/gp_ward/2012,6377e470d590,Goa|2012|gp_ward|South Goa|Salcete|NAGOA|VII|,1,Goa,2012,South Goa,Salcete,NAGOA,gram_panchayat,VII,,gp_ward,ward,ST,ST,sc_st_bc,1,ST Woman,ST Wom,all_seats,seat,,Treza Socorro Faria,,65,,,latin,local_elections,e0ae2676d62a-dirty,data/goa/2012/panres_2012_Salcete.pdf,3,page,
goa/gp_ward/2012,39f99a497bf2,Goa|2012|gp_ward|South Goa|Salcete|NUVEM|I|,1,Goa,2012,South Goa,Salcete,NUVEM,gram_panchayat,I,,gp_ward,ward,NONE,NONE,sc_st_bc,0,Other than Woman,General,all_seats,seat,,Estaquio Caitano Vaz,,205,,,latin,local_elections,e0ae2676d62a-dirty,data/goa/2012/panres_2012_Salcete.pdf,3,page,
goa/gp_ward/2012,54ad596a4e45,Goa|2012|gp_ward|South Goa|Salcete|NUVEM|II|,1,Goa,2012,South Goa,Salcete,NUVEM,gram_panchayat,II,,gp_ward,ward,NONE,NONE,sc_st_bc,1,Woman,Women,all_seats,seat,,Nelly Menino Mascarenhas,,225,,,latin,local_elections,e0ae2676d62a-dirty,data/goa/2012/panres_2012_Salcete.pdf,3,page,
goa/gp_ward/2012,c12325b0d10b,Goa|2012|gp_ward|South Goa|Salcete|NUVEM|III|,1,Goa,2012,South Goa,Salcete,NUVEM,gram_panchayat,III,,gp_ward,ward,NONE,NONE,sc_st_bc,0,Other than Woman,General,all_seats,seat,,Anson F. J. Antonio Dias,,282,,,latin,local_elections,e0ae2676d62a-dirty,data/goa/2012/panres_2012_Salcete.pdf,3,page,
goa/gp_ward/2012,53a2afbca51e,Goa|2012|gp_ward|South Goa|Salcete|NUVEM|IV|,1,Goa,2012,South Goa,Salcete,NUVEM,gram_panchayat,IV,,gp_ward,ward,NONE,NONE,sc_st_bc,1,Woman,Women,all_seats,seat,,Frida Wilfred D' Sa,,404,,,latin,local_elections,e0ae2676d62a-dirty,data/goa/2012/panres_2012_Salcete.pdf,3,page,
goa/gp_ward/2012,8e1c36c38465,Goa|2012|gp_ward|South Goa|Salcete|NUVEM|V|,1,Goa,2012,South Goa,Salcete,NUVEM,gram_panchayat,V,,gp_ward,ward,ST,ST,sc_st_bc,0,ST Other than Woman,S.T.,all_seats,seat,,Rueben Andrew Costa,,299,,,latin,local_elections,e0ae2676d62a-dirty,data/goa/2012/panres_2012_Salcete.pdf,3,page,
goa/gp_ward/2012,7c6a0f066247,Goa|2012|gp_ward|South Goa|Salcete|NUVEM|VI|,1,Goa,2012,South Goa,Salcete,NUVEM,gram_panchayat,VI,,gp_ward,ward,NONE,NONE,sc_st_bc,0,Other than Woman,General,all_seats,seat,,Conceicao Ligorio Colaco,,342,,,latin,local_elections,e0ae2676d62a-dirty,data/goa/2012/panres_2012_Salcete.pdf,3,page,
goa/gp_ward/2012,f04914538635,Goa|2012|gp_ward|South Goa|Salcete|NUVEM|VII|,1,Goa,2012,South Goa,Salcete,NUVEM,gram_panchayat,VII,,gp_ward,ward,NONE,NONE,sc_st_bc,1,Woman,Women,all_seats,seat,,Filipa Rosalina Francisco Barreto,,156,,,latin,local_elections,e0ae2676d62a-dirty,data/goa/2012/panres_2012_Salcete.pdf,3,page,
goa/gp_ward/2012,16d4eeb2787d,Goa|2012|gp_ward|South Goa|Salcete|NUVEM|VIII|,1,Goa,2012,South Goa,Salcete,NUVEM,gram_panchayat,VIII,,gp_ward,ward,ST,ST,sc_st_bc,0,ST Other than Woman,S.T.,all_seats,seat,,Rosada Santa Cruz Noronha E Ferrao,,171,,,latin,local_elections,e0ae2676d62a-dirty,data/goa/2012/panres_2012_Salcete.pdf,3,page,
goa/gp_ward/2012,c296c180f607,Goa|2012|gp_ward|South Goa|Salcete|NUVEM|IX|,1,Goa,2012,South Goa,Salcete,NUVEM,gram_panchayat,IX,,gp_ward,ward,ST,ST,sc_st_bc,0,ST Other than Woman,S.T.,all_seats,seat,,Camilo Joao Rodrigo Alvares,,176,,,latin,local_elections,e0ae2676d62a-dirty,data/goa/2012/panres_2012_Salcete.pdf,3,page,
goa/gp_ward/2012,066b67c5b1f8,Goa|2012|gp_ward|South Goa|Salcete|NUVEM|X|,1,Goa,2012,South Goa,Salcete,NUVEM,gram_panchayat,X,,gp_ward,ward,NONE,NONE,sc_st_bc,0,Other than Woman,General,all_seats,seat,,Bernado Caetano Fernandes,,150,,,latin,local_elections,e0ae2676d62a-dirty,data/goa/2012/panres_2012_Salcete.pdf,3,page,
goa/gp_ward/2012,44cf622b36bf,Goa|2012|gp_ward|South Goa|Salcete|NUVEM|XI|,1,Goa,2012,South Goa,Salcete,NUVEM,gram_panchayat,XI,,gp_ward,ward,NONE,NONE,sc_st_bc,1,Woman,Women,all_seats,seat,,Nency John Mascarenhas,,216,,,latin,local_elections,e0ae2676d62a-dirty,data/goa/2012/panres_2012_Salcete.pdf,3,page,
goa/gp_ward/2012,f3b243e59639,Goa|2012|gp_ward|South Goa|Salcete|RAIA|I|,1,Goa,2012,South Goa,Salcete,RAIA,gram_panchayat,I,,gp_ward,ward,NONE,NONE,sc_st_bc,0,Other than Woman,General,all_seats,seat,,Romaldo Floriano Gonsalves,,213,,,latin,local_elections,e0ae2676d62a-dirty,data/goa/2012/panres_2012_Salcete.pdf,3,page,
goa/gp_ward/2012,c2c9067777c5,Goa|2012|gp_ward|South Goa|Salcete|RAIA|II|,1,Goa,2012,South Goa,Salcete,RAIA,gram_panchayat,II,,gp_ward,ward,NONE,NONE,sc_st_bc,1,Woman,Women,all_seats,seat,,Minguelina P. Tarkeshwar A. Naik D' Souza,,238,,,latin,local_elections,e0ae2676d62a-dirty,data/goa/2012/panres_2012_Salcete.pdf,3,page,
goa/gp_ward/2012,3bbdc1cc0e22,Goa|2012|gp_ward|South Goa|Salcete|RAIA|III|,1,Goa,2012,South Goa,Salcete,RAIA,gram_panchayat,III,,gp_ward,ward,NONE,NONE,sc_st_bc,0,Other than Woman,General,all_seats,seat,,Luis Caetano Antonio Quadros,,323,,,latin,local_elections,e0ae2676d62a-dirty,data/goa/2012/panres_2012_Salcete.pdf,3,page,
goa/gp_ward/2012,2cfe39c34618,Goa|2012|gp_ward|South Goa|Salcete|RAIA|IV|,1,Goa,2012,South Goa,Salcete,RAIA,gram_panchayat,IV,,gp_ward,ward,ST,ST,sc_st_bc,1,ST Woman,ST Wom,all_seats,seat,,Sebastiana Conceisao Souza,,342,,,latin,local_elections,e0ae2676d62a-dirty,data/goa/2012/panres_2012_Salcete.pdf,3,page,
goa/gp_ward/2012,e19fe68fb049,Goa|2012|gp_ward|South Goa|Salcete|RAIA|V|,1,Goa,2012,South Goa,Salcete,RAIA,gram_panchayat,V,,gp_ward,ward,NONE,NONE,sc_st_bc,0,Other than Woman,General,all_seats,seat,,Camilo Antonio Filip Fernandes,,312,,,latin,local_elections,e0ae2676d62a-dirty,data/goa/2012/panres_2012_Salcete.pdf,3,page,
goa/gp_ward/2012,44650b394b6f,Goa|2012|gp_ward|South Goa|Salcete|RAIA|VI|,1,Goa,2012,South Goa,Salcete,RAIA,gram_panchayat,VI,,gp_ward,ward,BC,BC,sc_st_bc,0,BC Other than Woman,O.B.C.,all_seats,seat,,Auduth Gajanan Saterkar,,177,,,latin,local_elections,e0ae2676d62a-dirty,data/goa/2012/panres_2012_Salcete.pdf,3,page,
goa/gp_ward/2012,183c0485d312,Goa|2012|gp_ward|South Goa|Salcete|RAIA|VII|,1,Goa,2012,South Goa,Salcete,RAIA,gram_panchayat,VII,,gp_ward,ward,NONE,NONE,sc_st_bc,1,Woman,Women,all_seats,seat,,Espy Edwin Rodrigues,,192,,,latin,local_elections,e0ae2676d62a-dirty,data/goa/2012/panres_2012_Salcete.pdf,3,page,
goa/gp_ward/2012,e97263cda31e,Goa|2012|gp_ward|South Goa|Salcete|RAIA|VIII|,1,Goa,2012,South Goa,Salcete,RAIA,gram_panchayat,VIII,,gp_ward,ward,NONE,NONE,sc_st_bc,0,Other than Woman,General,all_seats,seat,,Antonio Xavier Jose Fernandes,,155,,,latin,local_elections,e0ae2676d62a-dirty,data/goa/2012/panres_2012_Salcete.pdf,4,page,
goa/gp_ward/2012,25a12b19548a,Goa|2012|gp_ward|South Goa|Salcete|RAIA|IX|,1,Goa,2012,South Goa,Salcete,RAIA,gram_panchayat,IX,,gp_ward,ward,NONE,NONE,sc_st_bc,0,Other than Woman,General,all_seats,seat,,Zelia M. L. Xavier Gonsalves e Fernandes,,245,,,latin,local_elections,e0ae2676d62a-dirty,data/goa/2012/panres_2012_Salcete.pdf,4,page,
goa/gp_ward/2012,f0ce36ddcc28,Goa|2012|gp_ward|South Goa|Salcete|RAIA|X|,1,Goa,2012,South Goa,Salcete,RAIA,gram_panchayat,X,,gp_ward,ward,NONE,NONE,sc_st_bc,0,Other than Woman,General,all_seats,seat,,Isidorio Casmiro Jose Rodrigues,,110,,,latin,local_elections,e0ae2676d62a-dirty,data/goa/2012/panres_2012_Salcete.pdf,4,page,
goa/gp_ward/2012,4069fedaa8e2,Goa|2012|gp_ward|South Goa|Salcete|RAIA|XI|,1,Goa,2012,South Goa,Salcete,RAIA,gram_panchayat,XI,,gp_ward,ward,NONE,NONE,sc_st_bc,1,Woman,Women,all_seats,seat,,Melba Mathew Colaco,,261,,,latin,local_elections,e0ae2676d62a-dirty,data/goa/2012/panres_2012_Salcete.pdf,4,page,
goa/gp_ward/2012,bdf4f6bf7bae,Goa|2012|gp_ward|South Goa|Salcete|SERAULIM|I|,1,Goa,2012,South Goa,Salcete,SERAULIM,gram_panchayat,I,,gp_ward,ward,NONE,NONE,sc_st_bc,0,Other than Woman,General,all_seats,seat,,Sebastiao Jose Anselim Antonio Jose Noronha,,81,,,latin,local_elections,e0ae2676d62a-dirty,data/goa/2012/panres_2012_Salcete.pdf,4,page,
goa/gp_ward/2012,ccfff2d5859a,Goa|2012|gp_ward|South Goa|Salcete|SERAULIM|II|,1,Goa,2012,South Goa,Salcete,SERAULIM,gram_panchayat,II,,gp_ward,ward,NONE,NONE,sc_st_bc,1,Woman,Women,all_seats,seat,,Julieta Joao Gomes,,92,,,latin,local_elections,e0ae2676d62a-dirty,data/goa/2012/panres_2012_Salcete.pdf,4,page,
goa/gp_ward/2012,477b19005ad2,Goa|2012|gp_ward|South Goa|Salcete|SERAULIM|III|,1,Goa,2012,South Goa,Salcete,SERAULIM,gram_panchayat,III,,gp_ward,ward,NONE,NONE,sc_st_bc,0,Other than Woman,General,all_seats,seat,,Elvis Purificacao De Piedade Minguel Coutinho,,59,,,latin,local_elections,e0ae2676d62a-dirty,data/goa/2012/panres_2012_Salcete.pdf,4,page,
goa/gp_ward/2012,51e0f286cf07,Goa|2012|gp_ward|South Goa|Salcete|SERAULIM|IV|,1,Goa,2012,South Goa,Salcete,SERAULIM,gram_panchayat,IV,,gp_ward,ward,NONE,NONE,sc_st_bc,0,Other than Woman,General,all_seats,seat,,Leslie Camilo Dourado,,97,,,latin,local_elections,e0ae2676d62a-dirty,data/goa/2012/panres_2012_Salcete.pdf,4,page,
goa/gp_ward/2012,86785fc43e3d,Goa|2012|gp_ward|South Goa|Salcete|SERAULIM|V|,1,Goa,2012,South Goa,Salcete,SERAULIM,gram_panchayat,V,,gp_ward,ward,NONE,NONE,sc_st_bc,0,Other than Woman,General,all_seats,seat,,Roquezinho Santano Fernandes,,76,,,latin,local_elections,e0ae2676d62a-dirty,data/goa/2012/panres_2012_Salcete.pdf,4,page,
goa/gp_ward/2012,7443ee0b8f32,Goa|2012|gp_ward|South Goa|Salcete|SERAULIM|VI|,1,Goa,2012,South Goa,Salcete,SERAULIM,gram_panchayat,VI,,gp_ward,ward,NONE,NONE,sc_st_bc,0,Other than Woman,General,all_seats,seat,,Simon Stefano Benedito Gervasio Jeronimo Silva,,270,,,latin,local_elections,e0ae2676d62a-dirty,data/goa/2012/panres_2012_Salcete.pdf,4,page,
goa/gp_ward/2012,f918dd763be5,Goa|2012|gp_ward|South Goa|Salcete|SERAULIM|VII|,1,Goa,2012,South Goa,Salcete,SERAULIM,gram_panchayat,VII,,gp_ward,ward,NONE,NONE,sc_st_bc,1,Woman,Women,all_seats,seat,,Sima Santosh Shanke,,398,,,latin,local_elections,e0ae2676d62a-dirty,data/goa/2012/panres_2012_Salcete.pdf,4,page,
goa/gp_ward/2012,14a04f998f31,Goa|2012|gp_ward|South Goa|Salcete|VERNA|I|,1,Goa,2012,South Goa,Salcete,VERNA,gram_panchayat,I,,gp_ward,ward,BC,BC,sc_st_bc,0,BC Other than Woman,O.B.C.,all_seats,seat,,Cedley Simon Braganza,,205,,,latin,local_elections,e0ae2676d62a-dirty,data/goa/2012/panres_2012_Salcete.pdf,4,page,
goa/gp_ward/2012,e7604070a5d5,Goa|2012|gp_ward|South Goa|Salcete|VERNA|II|,1,Goa,2012,South Goa,Salcete,VERNA,gram_panchayat,II,,gp_ward,ward,NONE,NONE,sc_st_bc,1,Woman,Women,all_seats,seat,,Maria Estela Francisco Dias,,117,,,latin,local_elections,e0ae2676d62a-dirty,data/goa/2012/panres_2012_Salcete.pdf,4,page,
goa/gp_ward/2012,7e73b9b59be0,Goa|2012|gp_ward|South Goa|Salcete|VERNA|III|,1,Goa,2012,South Goa,Salcete,VERNA,gram_panchayat,III,,gp_ward,ward,NONE,NONE,sc_st_bc,0,Other than Woman,General,all_seats,seat,,Piedade Constancio Moniz,,112,,,latin,local_elections,e0ae2676d62a-dirty,data/goa/2012/panres_2012_Salcete.pdf,4,page,
goa/gp_ward/2012,189da7e68027,Goa|2012|gp_ward|South Goa|Salcete|VERNA|IV|,1,Goa,2012,South Goa,Salcete,VERNA,gram_panchayat,IV,,gp_ward,ward,NONE,NONE,sc_st_bc,1,Woman,Women,all_seats,seat,,Leena Patrick Vaz,,100,,,latin,local_elections,e0ae2676d62a-dirty,data/goa/2012/panres_2012_Salcete.pdf,4,page,
goa/gp_ward/2012,40e64a64b0bf,Goa|2012|gp_ward|South Goa|Salcete|VERNA|V|,1,Goa,2012,South Goa,Salcete,VERNA,gram_panchayat,V,,gp_ward,ward,ST,ST,sc_st_bc,0,ST Other than Woman,S.T.,all_seats,seat,,Marcus Mario Joao Xavier Pereira,,205,,,latin,local_elections,e0ae2676d62a-dirty,data/goa/2012/panres_2012_Salcete.pdf,4,page,
goa/gp_ward/2012,166a6db0dc44,Goa|2012|gp_ward|South Goa|Salcete|VERNA|VI|,1,Goa,2012,South Goa,Salcete,VERNA,gram_panchayat,VI,,gp_ward,ward,NONE,NONE,sc_st_bc,0,Other than Woman,General,all_seats,seat,,Marcelino Caetano Faria,,389,,,latin,local_elections,e0ae2676d62a-dirty,data/goa/2012/panres_2012_Salcete.pdf,4,page,
goa/gp_ward/2012,723afdf9d554,Goa|2012|gp_ward|South Goa|Salcete|VERNA|VII|,1,Goa,2012,South Goa,Salcete,VERNA,gram_panchayat,VII,,gp_ward,ward,ST,ST,sc_st_bc,1,ST Woman,ST Wom,all_seats,seat,,Lourenca Pedro Natalino Endro E Gama,,Unopposed,,,latin,local_elections,e0ae2676d62a-dirty,data/goa/2012/panres_2012_Salcete.pdf,4,page,
goa/gp_ward/2012,025512f94bc7,Goa|2012|gp_ward|South Goa|Salcete|VERNA|VIII|,1,Goa,2012,South Goa,Salcete,VERNA,gram_panchayat,VIII,,gp_ward,ward,NONE,NONE,sc_st_bc,0,Other than Woman,General,all_seats,seat,,Remegio Piedade Jose Francisco Fernandes,,293,,,latin,local_elections,e0ae2676d62a-dirty,data/goa/2012/panres_2012_Salcete.pdf,4,page,
goa/gp_ward/2012,8804818aa9d1,Goa|2012|gp_ward|South Goa|Salcete|VERNA|IX|,1,Goa,2012,South Goa,Salcete,VERNA,gram_panchayat,IX,,gp_ward,ward,NONE,NONE,sc_st_bc,0,Other than Woman,General,all_seats,seat,,Constancio Antonio Fernandes,,173,,,latin,local_elections,e0ae2676d62a-dirty,data/goa/2012/panres_2012_Salcete.pdf,4,page,
goa/gp_ward/2012,083ede358b5d,Goa|2012|gp_ward|South Goa|Salcete|AQUEM-BAIXO|I|,1,Goa,2012,South Goa,Salcete,AQUEM-BAIXO,gram_panchayat,I,,gp_ward,ward,NONE,NONE,sc_st_bc,0,Other than Woman,General,all_seats,seat,,"Damodar Ganesh Naik,",,,,,latin,local_elections,e0ae2676d62a-dirty,data/goa/2012/panres_2012_Salcete.pdf,4,page,
goa/gp_ward/2012,0d7c01634c19,Goa|2012|gp_ward|South Goa|Salcete|AQUEM-BAIXO|II|,1,Goa,2012,South Goa,Salcete,AQUEM-BAIXO,gram_panchayat,II,,gp_ward,ward,BC,BC,sc_st_bc,1,BC Woman,OBC Wom,all_seats,seat,,Deepa Damodar Naik,,155,,,latin,local_elections,e0ae2676d62a-dirty,data/goa/2012/panres_2012_Salcete.pdf,4,page,
goa/gp_ward/2012,48a96b2f5cb3,Goa|2012|gp_ward|South Goa|Salcete|AQUEM-BAIXO|III|,1,Goa,2012,South Goa,Salcete,AQUEM-BAIXO,gram_panchayat,III,,gp_ward,ward,NONE,NONE,sc_st_bc,0,Other than Woman,General,all_seats,seat,,Amit Anand Khanolkar,,122,,,latin,local_elections,e0ae2676d62a-dirty,data/goa/2012/panres_2012_Salcete.pdf,4,page,
goa/gp_ward/2012,e5e0a5b0c5bd,Goa|2012|gp_ward|South Goa|Salcete|AQUEM-BAIXO|IV|,1,Goa,2012,South Goa,Salcete,AQUEM-BAIXO,gram_panchayat,IV,,gp_ward,ward,NONE,NONE,sc_st_bc,1,Woman,Women,all_seats,seat,,Sharon Pio P. Julio Quadros,,200,,,latin,local_elections,e0ae2676d62a-dirty,data/goa/2012/panres_2012_Salcete.pdf,5,page,
goa/gp_ward/2012,9f248f1b9938,Goa|2012|gp_ward|South Goa|Salcete|AQUEM-BAIXO|V|,1,Goa,2012,South Goa,Salcete,AQUEM-BAIXO,gram_panchayat,V,,gp_ward,ward,NONE,NONE,sc_st_bc,0,Other than Woman,General,all_seats,seat,,Diago Jose Moraes,,98,,,latin,local_elections,e0ae2676d62a-dirty,data/goa/2012/panres_2012_Salcete.pdf,5,page,
goa/gp_ward/2012,10e1535a7e38,Goa|2012|gp_ward|South Goa|Salcete|AQUEM-BAIXO|VI|,1,Goa,2012,South Goa,Salcete,AQUEM-BAIXO,gram_panchayat,VI,,gp_ward,ward,NONE,NONE,sc_st_bc,0,Other than Woman,General,all_seats,seat,,Agnelo Francisco Dias,,63,,,latin,local_elections,e0ae2676d62a-dirty,data/goa/2012/panres_2012_Salcete.pdf,5,page,
goa/gp_ward/2012,87aabdd0c55a,Goa|2012|gp_ward|South Goa|Salcete|AQUEM-BAIXO|VII|,1,Goa,2012,South Goa,Salcete,AQUEM-BAIXO,gram_panchayat,VII,,gp_ward,ward,ST,ST,sc_st_bc,1,ST Woman,ST Wom,all_seats,seat,,Amira Agnelo Rebello E Morais,,178,,,latin,local_elections,e0ae2676d62a-dirty,data/goa/2012/panres_2012_Salcete.pdf,5,page,
goa/gp_ward/2012,2ef056e13bae,Goa|2012|gp_ward|South Goa|Salcete|AQUEM-BAIXO|VIII|,1,Goa,2012,South Goa,Salcete,AQUEM-BAIXO,gram_panchayat,VIII,,gp_ward,ward,NONE,NONE,sc_st_bc,0,Other than Woman,General,all_seats,seat,,Floriano Pedro Antonio Fernandes,,178,,,latin,local_elections,e0ae2676d62a-dirty,data/goa/2012/panres_2012_Salcete.pdf,5,page,
goa/gp_ward/2012,793d06a36e57,Goa|2012|gp_ward|South Goa|Salcete|AQUEM-BAIXO|IX|,1,Goa,2012,South Goa,Salcete,AQUEM-BAIXO,gram_panchayat,IX,,gp_ward,ward,NONE,NONE,sc_st_bc,0,Other than Woman,General,all_seats,seat,,Steven Antonio Vaz,,129,,,latin,local_elections,e0ae2676d62a-dirty,data/goa/2012/panres_2012_Salcete.pdf,5,page,
goa/gp_ward/2012,6b611d38cb73,Goa|2012|gp_ward|South Goa|Salcete|CARMONA|I|,1,Goa,2012,South Goa,Salcete,CARMONA,gram_panchayat,I,,gp_ward,ward,NONE,NONE,sc_st_bc,0,Other than Woman,General,all_seats,seat,,Sandra John Fernandes,,115,,,latin,local_elections,e0ae2676d62a-dirty,data/goa/2012/panres_2012_Salcete.pdf,5,page,
goa/gp_ward/2012,786bbff17c17,Goa|2012|gp_ward|South Goa|Salcete|CARMONA|II|,1,Goa,2012,South Goa,Salcete,CARMONA,gram_panchayat,II,,gp_ward,ward,NONE,NONE,sc_st_bc,1,Woman,Women,all_seats,seat,,Lavita Thelma Winston Francisco Dias,,78,,,latin,local_elections,e0ae2676d62a-dirty,data/goa/2012/panres_2012_Salcete.pdf,5,page,
goa/gp_ward/2012,d3e7a583799d,Goa|2012|gp_ward|South Goa|Salcete|CARMONA|III|,1,Goa,2012,South Goa,Salcete,CARMONA,gram_panchayat,III,,gp_ward,ward,NONE,NONE,sc_st_bc,0,Other than Woman,General,all_seats,seat,,Prisco Alerio Socorro S. Rodrigues,,171,,,latin,local_elections,e0ae2676d62a-dirty,data/goa/2012/panres_2012_Salcete.pdf,5,page,
goa/gp_ward/2012,c1d44ebdc4ea,Goa|2012|gp_ward|South Goa|Salcete|CARMONA|IV|,1,Goa,2012,South Goa,Salcete,CARMONA,gram_panchayat,IV,,gp_ward,ward,NONE,NONE,sc_st_bc,0,Other than Woman,General,all_seats,seat,,Orlando Raul Da Silva,,148,,,latin,local_elections,e0ae2676d62a-dirty,data/goa/2012/panres_2012_Salcete.pdf,5,page,
goa/gp_ward/2012,75133053e09b,Goa|2012|gp_ward|South Goa|Salcete|CARMONA|V|,1,Goa,2012,South Goa,Salcete,CARMONA,gram_panchayat,V,,gp_ward,ward,NONE,NONE,sc_st_bc,0,Other than Woman,General,all_seats,seat,,Carlos P. Xavier George,,195,,,latin,local_elections,e0ae2676d62a-dirty,data/goa/2012/panres_2012_Salcete.pdf,5,page,
goa/gp_ward/2012,12cb894b811a,Goa|2012|gp_ward|South Goa|Salcete|CARMONA|VI|,1,Goa,2012,South Goa,Salcete,CARMONA,gram_panchayat,VI,,gp_ward,ward,NONE,NONE,sc_st_bc,0,Other than Woman,General,all_seats,seat,,Xavier Abrao Agustinho Fernandes,,83,,,latin,local_elections,e0ae2676d62a-dirty,data/goa/2012/panres_2012_Salcete.pdf,5,page,
goa/gp_ward/2012,39521b02305f,Goa|2012|gp_ward|South Goa|Salcete|CARMONA|VII|,1,Goa,2012,South Goa,Salcete,CARMONA,gram_panchayat,VII,,gp_ward,ward,NONE,NONE,sc_st_bc,1,Woman,Women,all_seats,seat,,Divina Rodnie Rodrigues,,150,,,latin,local_elections,e0ae2676d62a-dirty,data/goa/2012/panres_2012_Salcete.pdf,5,page,
goa/gp_ward/2012,cb7190feaa59,Goa|2012|gp_ward|South Goa|Salcete|CAVELOSSIM|I|,1,Goa,2012,South Goa,Salcete,CAVELOSSIM,gram_panchayat,I,,gp_ward,ward,NONE,NONE,sc_st_bc,0,Other than Woman,General,all_seats,seat,,James Crispino Barretto,,109,,,latin,local_elections,e0ae2676d62a-dirty,data/goa/2012/panres_2012_Salcete.pdf,5,page,
goa/gp_ward/2012,7a5b05426283,Goa|2012|gp_ward|South Goa|Salcete|CAVELOSSIM|II|,1,Goa,2012,South Goa,Salcete,CAVELOSSIM,gram_panchayat,II,,gp_ward,ward,NONE,NONE,sc_st_bc,1,Woman,Women,all_seats,seat,,Viola Assumpcao N.A Costa,,114,,,latin,local_elections,e0ae2676d62a-dirty,data/goa/2012/panres_2012_Salcete.pdf,5,page,
goa/gp_ward/2012,a2bc4031dfec,Goa|2012|gp_ward|South Goa|Salcete|CAVELOSSIM|III|,1,Goa,2012,South Goa,Salcete,CAVELOSSIM,gram_panchayat,III,,gp_ward,ward,NONE,NONE,sc_st_bc,0,Other than Woman,General,all_seats,seat,,Edwino Manuel Joao Antonio Barreto,,75,,,latin,local_elections,e0ae2676d62a-dirty,data/goa/2012/panres_2012_Salcete.pdf,5,page,
goa/gp_ward/2012,aeeed1fbf0ec,Goa|2012|gp_ward|South Goa|Salcete|CAVELOSSIM|IV|,1,Goa,2012,South Goa,Salcete,CAVELOSSIM,gram_panchayat,IV,,gp_ward,ward,NONE,NONE,sc_st_bc,0,Other than Woman,General,all_seats,seat,,Thomas Jose Pedro F. Barretto,,67,,,latin,local_elections,e0ae2676d62a-dirty,data/goa/2012/panres_2012_Salcete.pdf,5,page,
goa/gp_ward/2012,09130c0c83b7,Goa|2012|gp_ward|South Goa|Salcete|CAVELOSSIM|V|,1,Goa,2012,South Goa,Salcete,CAVELOSSIM,gram_panchayat,V,,gp_ward,ward,NONE,NONE,sc_st_bc,0,Other than Woman,General,all_seats,seat,,Maria Lumena A.E. Milagres Marcos Mendes Rodrigues,,86,,,latin,local_elections,e0ae2676d62a-dirty,data/goa/2012/panres_2012_Salcete.pdf,5,page,
goa/gp_ward/2012,8fe037a89de7,Goa|2012|gp_ward|South Goa|Salcete|CAVELOSSIM|VI|,1,Goa,2012,South Goa,Salcete,CAVELOSSIM,gram_panchayat,VI,,gp_ward,ward,NONE,NONE,sc_st_bc,0,Other than Woman,General,all_seats,seat,,Lazarinho Vicent Antonio Jose Emerciano Remedios Miranda,,64,,,latin,local_elections,e0ae2676d62a-dirty,data/goa/2012/panres_2012_Salcete.pdf,5,page,
goa/gp_ward/2012,fbb70b65b638,Goa|2012|gp_ward|South Goa|Salcete|CAVELOSSIM|VII|,1,Goa,2012,South Goa,Salcete,CAVELOSSIM,gram_panchayat,VII,,gp_ward,ward,NONE,NONE,sc_st_bc,1,Woman,Women,all_seats,seat,,Brenda Iris Passanha,,58,,,latin,local_elections,e0ae2676d62a-dirty,data/goa/2012/panres_2012_Salcete.pdf,5,page,
goa/gp_ward/2012,fab653191c47,Goa|2012|gp_ward|South Goa|Salcete|CHINCHINIM-DEUSA|I|,1,Goa,2012,South Goa,Salcete,CHINCHINIM-DEUSA,gram_panchayat,I,,gp_ward,ward,NONE,NONE,sc_st_bc,0,Other than Woman,General,all_seats,seat,,Constancio John Fernandes,,143,,,latin,local_elections,e0ae2676d62a-dirty,data/goa/2012/panres_2012_Salcete.pdf,5,page,
goa/gp_ward/2012,db23817db661,Goa|2012|gp_ward|South Goa|Salcete|CHINCHINIM-DEUSA|II|,1,Goa,2012,South Goa,Salcete,CHINCHINIM-DEUSA,gram_panchayat,II,,gp_ward,ward,NONE,NONE,sc_st_bc,1,Woman,Women,all_seats,seat,,Joslyn Constancio Fernandes,,238,,,latin,local_elections,e0ae2676d62a-dirty,data/goa/2012/panres_2012_Salcete.pdf,5,page,
goa/gp_ward/2012,0960854dc52c,Goa|2012|gp_ward|South Goa|Salcete|CHINCHINIM-DEUSA|III|,1,Goa,2012,South Goa,Salcete,CHINCHINIM-DEUSA,gram_panchayat,III,,gp_ward,ward,NONE,NONE,sc_st_bc,0,Other than Woman,General,all_seats,seat,,Royen Eusebio Viegas,,76,,,latin,local_elections,e0ae2676d62a-dirty,data/goa/2012/panres_2012_Salcete.pdf,5,page,
goa/gp_ward/2012,cf4f8e6bc5ba,Goa|2012|gp_ward|South Goa|Salcete|CHINCHINIM-DEUSA|IV|,1,Goa,2012,South Goa,Salcete,CHINCHINIM-DEUSA,gram_panchayat,IV,,gp_ward,ward,ST,ST,sc_st_bc,1,ST Woman,ST Wom,all_seats,seat,,Antonetta Bela Domingo Manuel Rebello,,337,,,latin,local_elections,e0ae2676d62a-dirty,data/goa/2012/panres_2012_Salcete.pdf,5,page,
goa/gp_ward/2012,f0a0b8b2c0de,Goa|2012|gp_ward|South Goa|Salcete|CHINCHINIM-DEUSA|V|,1,Goa,2012,South Goa,Salcete,CHINCHINIM-DEUSA,gram_panchayat,V,,gp_ward,ward,NONE,NONE,sc_st_bc,0,Other than Woman,General,all_seats,seat,,Santos Patric Rebello,,167,,,latin,local_elections,e0ae2676d62a-dirty,data/goa/2012/panres_2012_Salcete.pdf,5,page,
goa/gp_ward/2012,0008d487a1db,Goa|2012|gp_ward|South Goa|Salcete|CHINCHINIM-DEUSA|VI|,1,Goa,2012,South Goa,Salcete,CHINCHINIM-DEUSA,gram_panchayat,VI,,gp_ward,ward,NONE,NONE,sc_st_bc,0,Other than Woman,General,all_seats,seat,,Antonio Inacio Cipriano Sequeira,,110,,,latin,local_elections,e0ae2676d62a-dirty,data/goa/2012/panres_2012_Salcete.pdf,5,page,
goa/gp_ward/2012,37d8f321074a,Goa|2012|gp_ward|South Goa|Salcete|CHINCHINIM-DEUSA|VII|,1,Goa,2012,South Goa,Salcete,CHINCHINIM-DEUSA,gram_panchayat,VII,,gp_ward,ward,NONE,NONE,sc_st_bc,1,Woman,Women,all_seats,seat,,Melsy Aurelo Bareto,,404,,,latin,local_elections,e0ae2676d62a-dirty,data/goa/2012/panres_2012_Salcete.pdf,5,page,
goa/gp_ward/2012,0ec0a9fa6c12,Goa|2012|gp_ward|South Goa|Salcete|CHINCHINIM-DEUSA|VIII|,1,Goa,2012,South Goa,Salcete,CHINCHINIM-DEUSA,gram_panchayat,VIII,,gp_ward,ward,BC,BC,sc_st_bc,0,BC Other than Woman,O.B.C.,all_seats,seat,,Santano Pedro Joaquim Leitao,,191,,,latin,local_elections,e0ae2676d62a-dirty,data/goa/2012/panres_2012_Salcete.pdf,6,page,
goa/gp_ward/2012,7e3276e01232,Goa|2012|gp_ward|South Goa|Salcete|CHINCHINIM-DEUSA|IX|,1,Goa,2012,South Goa,Salcete,CHINCHINIM-DEUSA,gram_panchayat,IX,,gp_ward,ward,NONE,NONE,sc_st_bc,0,Other than Woman,General,all_seats,seat,,Flory Mathew Correia,,163,,,latin,local_elections,e0ae2676d62a-dirty,data/goa/2012/panres_2012_Salcete.pdf,6,page,
goa/gp_ward/2012,d994bae1616e,Goa|2012|gp_ward|South Goa|Salcete|CHINCHINIM-DEUSA|X|,1,Goa,2012,South Goa,Salcete,CHINCHINIM-DEUSA,gram_panchayat,X,,gp_ward,ward,NONE,NONE,sc_st_bc,0,Other than Woman,General,all_seats,seat,,John Beda Pedro D. Pereira,,134,,,latin,local_elections,e0ae2676d62a-dirty,data/goa/2012/panres_2012_Salcete.pdf,6,page,
goa/gp_ward/2012,088512a69ee1,Goa|2012|gp_ward|South Goa|Salcete|CHINCHINIM-DEUSA|XI|,1,Goa,2012,South Goa,Salcete,CHINCHINIM-DEUSA,gram_panchayat,XI,,gp_ward,ward,NONE,NONE,sc_st_bc,1,Woman,Women,all_seats,seat,,Lydia Simon Fernandes,,222,,,latin,local_elections,e0ae2676d62a-dirty,data/goa/2012/panres_2012_Salcete.pdf,6,page,
goa/gp_ward/2012,692057cb4d33,Goa|2012|gp_ward|South Goa|Salcete|DAVORLIM- DICARPALE|I|,1,Goa,2012,South Goa,Salcete,DAVORLIM- DICARPALE,gram_panchayat,I,,gp_ward,ward,NONE,NONE,sc_st_bc,0,Other than Woman,General,all_seats,seat,,Paulo Pedro Colaco,,188,,,latin,local_elections,e0ae2676d62a-dirty,data/goa/2012/panres_2012_Salcete.pdf,6,page,
goa/gp_ward/2012,e087650d3d7b,Goa|2012|gp_ward|South Goa|Salcete|DAVORLIM- DICARPALE|II|,1,Goa,2012,South Goa,Salcete,DAVORLIM- DICARPALE,gram_panchayat,II,,gp_ward,ward,NONE,NONE,sc_st_bc,1,Woman,Women,all_seats,seat,,Leela Deepak Mangalam,,,,,latin,local_elections,e0ae2676d62a-dirty,data/goa/2012/panres_2012_Salcete.pdf,6,page,
goa/gp_ward/2012,45847fde3d49,Goa|2012|gp_ward|South Goa|Salcete|DAVORLIM- DICARPALE|III|,1,Goa,2012,South Goa,Salcete,DAVORLIM- DICARPALE,gram_panchayat,III,,gp_ward,ward,BC,BC,sc_st_bc,0,BC Other than Woman,O.B.C.,all_seats,seat,,Hemant Satyendra Kambli,,189,,,latin,local_elections,e0ae2676d62a-dirty,data/goa/2012/panres_2012_Salcete.pdf,6,page,
goa/gp_ward/2012,73a6ef5b2b75,Goa|2012|gp_ward|South Goa|Salcete|DAVORLIM- DICARPALE|IV|,1,Goa,2012,South Goa,Salcete,DAVORLIM- DICARPALE,gram_panchayat,IV,,gp_ward,ward,NONE,NONE,sc_st_bc,1,Woman,Women,all_seats,seat,,Magdalena Martinho Monteiro E Rocha,,127,,,latin,local_elections,e0ae2676d62a-dirty,data/goa/2012/panres_2012_Salcete.pdf,6,page,
goa/gp_ward/2012,5c1703cb5da0,Goa|2012|gp_ward|South Goa|Salcete|DAVORLIM- DICARPALE|V|,1,Goa,2012,South Goa,Salcete,DAVORLIM- DICARPALE,gram_panchayat,V,,gp_ward,ward,NONE,NONE,sc_st_bc,0,Other than Woman,General,all_seats,seat,,"Imran Mohmed Ilyas Kachhi Mohamed,",,,,,latin,local_elections,e0ae2676d62a-dirty,data/goa/2012/panres_2012_Salcete.pdf,6,page,
goa/gp_ward/2012,09e3328e8d61,Goa|2012|gp_ward|South Goa|Salcete|DAVORLIM- DICARPALE|VI|,1,Goa,2012,South Goa,Salcete,DAVORLIM- DICARPALE,gram_panchayat,VI,,gp_ward,ward,ST,ST,sc_st_bc,0,ST Other than Woman,S.T.,all_seats,seat,,Abel Santano Colaco,,186,,,latin,local_elections,e0ae2676d62a-dirty,data/goa/2012/panres_2012_Salcete.pdf,6,page,
goa/gp_ward/2012,aabddf244a1a,Goa|2012|gp_ward|South Goa|Salcete|DAVORLIM- DICARPALE|VII|,1,Goa,2012,South Goa,Salcete,DAVORLIM- DICARPALE,gram_panchayat,VII,,gp_ward,ward,NONE,NONE,sc_st_bc,1,Woman,Women,all_seats,seat,,Terezina Remedias Raicar,,149,,,latin,local_elections,e0ae2676d62a-dirty,data/goa/2012/panres_2012_Salcete.pdf,6,page,
goa/gp_ward/2012,1f282c3fdeaa,Goa|2012|gp_ward|South Goa|Salcete|DAVORLIM- DICARPALE|VIII|,1,Goa,2012,South Goa,Salcete,DAVORLIM- DICARPALE,gram_panchayat,VIII,,gp_ward,ward,NONE,NONE,sc_st_bc,0,Other than Woman,General,all_seats,seat,,Rajani Arun Raikar,,143,,,latin,local_elections,e0ae2676d62a-dirty,data/goa/2012/panres_2012_Salcete.pdf,6,page,
goa/gp_ward/2012,3b2b775f4858,Goa|2012|gp_ward|South Goa|Salcete|DAVORLIM- DICARPALE|IX|,1,Goa,2012,South Goa,Salcete,DAVORLIM- DICARPALE,gram_panchayat,IX,,gp_ward,ward,ST,ST,sc_st_bc,0,ST Other than Woman,S.T.,all_seats,seat,,Herculano Sebastiao Niasso,,231,,,latin,local_elections,e0ae2676d62a-dirty,data/goa/2012/panres_2012_Salcete.pdf,6,page,
goa/gp_ward/2012,763624c3b8bb,Goa|2012|gp_ward|South Goa|Salcete|DAVORLIM- DICARPALE|X|,1,Goa,2012,South Goa,Salcete,DAVORLIM- DICARPALE,gram_panchayat,X,,gp_ward,ward,NONE,NONE,sc_st_bc,0,Other than Woman,General,all_seats,seat,,Tulshidas Pandhari Dessai,,127,,,latin,local_elections,e0ae2676d62a-dirty,data/goa/2012/panres_2012_Salcete.pdf,6,page,
goa/gp_ward/2012,9dc596fa2cc5,Goa|2012|gp_ward|South Goa|Salcete|DAVORLIM- DICARPALE|XI|,1,Goa,2012,South Goa,Salcete,DAVORLIM- DICARPALE,gram_panchayat,XI,,gp_ward,ward,NONE,NONE,sc_st_bc,1,Woman,Women,all_seats,seat,,Manelina Francisco Fernandes E Carvalho,,274,,,latin,local_elections,e0ae2676d62a-dirty,data/goa/2012/panres_2012_Salcete.pdf,6,page,
goa/gp_ward/2012,5ff69b533c40,Goa|2012|gp_ward|South Goa|Salcete|DRAMAPUR-SIRLIM|I|,1,Goa,2012,South Goa,Salcete,DRAMAPUR-SIRLIM,gram_panchayat,I,,gp_ward,ward,NONE,NONE,sc_st_bc,0,Other than Woman,General,all_seats,seat,,Jose Conceicao Bernardo Santano Rebello,,147,,,latin,local_elections,e0ae2676d62a-dirty,data/goa/2012/panres_2012_Salcete.pdf,6,page,
goa/gp_ward/2012,2d51714b0444,Goa|2012|gp_ward|South Goa|Salcete|DRAMAPUR-SIRLIM|II|,1,Goa,2012,South Goa,Salcete,DRAMAPUR-SIRLIM,gram_panchayat,II,,gp_ward,ward,NONE,NONE,sc_st_bc,1,Woman,Women,all_seats,seat,,Silvia Remy Fernandes,,159,,,latin,local_elections,e0ae2676d62a-dirty,data/goa/2012/panres_2012_Salcete.pdf,6,page,
goa/gp_ward/2012,3886a2e4d67f,Goa|2012|gp_ward|South Goa|Salcete|DRAMAPUR-SIRLIM|III|,1,Goa,2012,South Goa,Salcete,DRAMAPUR-SIRLIM,gram_panchayat,III,,gp_ward,ward,NONE,NONE,sc_st_bc,0,Other than Woman,General,all_seats,seat,,Rosario Manuel Agostinho Marcelino D'Costa,,148,,,latin,local_elections,e0ae2676d62a-dirty,data/goa/2012/panres_2012_Salcete.pdf,6,page,
goa/gp_ward/2012,b1ee80147f07,Goa|2012|gp_ward|South Goa|Salcete|DRAMAPUR-SIRLIM|IV|,1,Goa,2012,South Goa,Salcete,DRAMAPUR-SIRLIM,gram_panchayat,IV,,gp_ward,ward,NONE,NONE,sc_st_bc,0,Other than Woman,General,all_seats,seat,,Edcy F. L. Constanciao Fernandes,,90,,,latin,local_elections,e0ae2676d62a-dirty,data/goa/2012/panres_2012_Salcete.pdf,6,page,
goa/gp_ward/2012,87f8370aea3a,Goa|2012|gp_ward|South Goa|Salcete|DRAMAPUR-SIRLIM|V|,1,Goa,2012,South Goa,Salcete,DRAMAPUR-SIRLIM,gram_panchayat,V,,gp_ward,ward,NONE,NONE,sc_st_bc,0,Other than Woman,General,all_seats,seat,,Olasrico B. E. Antonio J. C. Rodrigues,,184,,,latin,local_elections,e0ae2676d62a-dirty,data/goa/2012/panres_2012_Salcete.pdf,6,page,
goa/gp_ward/2012,27c2045a7d7d,Goa|2012|gp_ward|South Goa|Salcete|DRAMAPUR-SIRLIM|VI|,1,Goa,2012,South Goa,Salcete,DRAMAPUR-SIRLIM,gram_panchayat,VI,,gp_ward,ward,NONE,NONE,sc_st_bc,0,Other than Woman,General,all_seats,seat,,Domnic John Rodney Noronha,,103,,,latin,local_elections,e0ae2676d62a-dirty,data/goa/2012/panres_2012_Salcete.pdf,6,page,
goa/gp_ward/2012,1ae3f5e9d1ca,Goa|2012|gp_ward|South Goa|Salcete|DRAMAPUR-SIRLIM|VII|,1,Goa,2012,South Goa,Salcete,DRAMAPUR-SIRLIM,gram_panchayat,VII,,gp_ward,ward,NONE,NONE,sc_st_bc,1,Woman,Women,all_seats,seat,,Netty Guilherme Ferrao,,83,,,latin,local_elections,e0ae2676d62a-dirty,data/goa/2012/panres_2012_Salcete.pdf,6,page,
goa/gp_ward/2012,6b136c316a5d,Goa|2012|gp_ward|South Goa|Salcete|NAVELIM|I|,1,Goa,2012,South Goa,Salcete,NAVELIM,gram_panchayat,I,,gp_ward,ward,NONE,NONE,sc_st_bc,0,Other than Woman,General,all_seats,seat,,Adelina Franklin Fernandes,,154,,,latin,local_elections,e0ae2676d62a-dirty,data/goa/2012/panres_2012_Salcete.pdf,6,page,
goa/gp_ward/2012,344ffcb594f3,Goa|2012|gp_ward|South Goa|Salcete|NAVELIM|II|,1,Goa,2012,South Goa,Salcete,NAVELIM,gram_panchayat,II,,gp_ward,ward,NONE,NONE,sc_st_bc,1,Woman,Women,all_seats,seat,,Stael Piedade Ana Michael Antonio Alexandri Albuquerque Da Cunha,,226,,,latin,local_elections,e0ae2676d62a-dirty,data/goa/2012/panres_2012_Salcete.pdf,6,page,
goa/gp_ward/2012,e644d59f0705,Goa|2012|gp_ward|South Goa|Salcete|NAVELIM|III|,1,Goa,2012,South Goa,Salcete,NAVELIM,gram_panchayat,III,,gp_ward,ward,NONE,NONE,sc_st_bc,0,Other than Woman,General,all_seats,seat,,Santarito Nelson Coelho,,230,,,latin,local_elections,e0ae2676d62a-dirty,data/goa/2012/panres_2012_Salcete.pdf,6,page,
goa/gp_ward/2012,ef176159bfac,Goa|2012|gp_ward|South Goa|Salcete|NAVELIM|IV|,1,Goa,2012,South Goa,Salcete,NAVELIM,gram_panchayat,IV,,gp_ward,ward,NONE,NONE,sc_st_bc,1,Woman,Women,all_seats,seat,,Belinda Euclid L. W. Dias,,217,,,latin,local_elections,e0ae2676d62a-dirty,data/goa/2012/panres_2012_Salcete.pdf,7,page,
goa/gp_ward/2012,b4834fe436c0,Goa|2012|gp_ward|South Goa|Salcete|NAVELIM|V|,1,Goa,2012,South Goa,Salcete,NAVELIM,gram_panchayat,V,,gp_ward,ward,NONE,NONE,sc_st_bc,0,Other than Woman,General,all_seats,seat,,Frank Joquim Fernandes,,142,,,latin,local_elections,e0ae2676d62a-dirty,data/goa/2012/panres_2012_Salcete.pdf,7,page,
goa/gp_ward/2012,c8ed31faae40,Goa|2012|gp_ward|South Goa|Salcete|NAVELIM|VI|,1,Goa,2012,South Goa,Salcete,NAVELIM,gram_panchayat,VI,,gp_ward,ward,NONE,NONE,sc_st_bc,0,Other than Woman,General,all_seats,seat,,Fatima Lory Fernandes E Dias,,144,,,latin,local_elections,e0ae2676d62a-dirty,data/goa/2012/panres_2012_Salcete.pdf,7,page,
goa/gp_ward/2012,5b2db0d006dd,Goa|2012|gp_ward|South Goa|Salcete|NAVELIM|VII|,1,Goa,2012,South Goa,Salcete,NAVELIM,gram_panchayat,VII,,gp_ward,ward,NONE,NONE,sc_st_bc,1,Woman,Women,all_seats,seat,,Anna Chages Carneiro,,219,,,latin,local_elections,e0ae2676d62a-dirty,data/goa/2012/panres_2012_Salcete.pdf,7,page,
goa/gp_ward/2012,7d5d044c28ea,Goa|2012|gp_ward|South Goa|Salcete|NAVELIM|VIII|,1,Goa,2012,South Goa,Salcete,NAVELIM,gram_panchayat,VIII,,gp_ward,ward,NONE,NONE,sc_st_bc,0,Other than Woman,General,all_seats,seat,,Minguel Domingo Cardozo,,193,,,latin,local_elections,e0ae2676d62a-dirty,data/goa/2012/panres_2012_Salcete.pdf,7,page,
goa/gp_ward/2012,6631f0106491,Goa|2012|gp_ward|South Goa|Salcete|NAVELIM|IX|,1,Goa,2012,South Goa,Salcete,NAVELIM,gram_panchayat,IX,,gp_ward,ward,NONE,NONE,sc_st_bc,0,Other than Woman,General,all_seats,seat,,Remon Caetano Gomes,,151,,,latin,local_elections,e0ae2676d62a-dirty,data/goa/2012/panres_2012_Salcete.pdf,7,page,
goa/gp_ward/2012,a7695bf5543f,Goa|2012|gp_ward|South Goa|Salcete|NAVELIM|X|,1,Goa,2012,South Goa,Salcete,NAVELIM,gram_panchayat,X,,gp_ward,ward,ST,ST,sc_st_bc,0,ST Other than Woman,S.T.,all_seats,seat,,Salvador Menino Pereira,,168,,,latin,local_elections,e0ae2676d62a-dirty,data/goa/2012/panres_2012_Salcete.pdf,7,page,
goa/gp_ward/2012,3063307280d6,Goa|2012|gp_ward|South Goa|Salcete|NAVELIM|XI|,1,Goa,2012,South Goa,Salcete,NAVELIM,gram_panchayat,XI,,gp_ward,ward,NONE,NONE,sc_st_bc,1,Woman,Women,all_seats,seat,,Maria Sharon Andrew Gomes,,187,,,latin,local_elections,e0ae2676d62a-dirty,data/goa/2012/panres_2012_Salcete.pdf,7,page,
goa/gp_ward/2012,81ffb76ce177,Goa|2012|gp_ward|South Goa|Salcete|ORLIM|I|,1,Goa,2012,South Goa,Salcete,ORLIM,gram_panchayat,I,,gp_ward,ward,NONE,NONE,sc_st_bc,0,Other than Woman,General,all_seats,seat,,Babbita Bonny Vaz,,96,,,latin,local_elections,e0ae2676d62a-dirty,data/goa/2012/panres_2012_Salcete.pdf,7,page,
goa/gp_ward/2012,dac926c1b179,Goa|2012|gp_ward|South Goa|Salcete|ORLIM|II|,1,Goa,2012,South Goa,Salcete,ORLIM,gram_panchayat,II,,gp_ward,ward,NONE,NONE,sc_st_bc,1,Woman,Women,all_seats,seat,,Barbara Leo Joao Vaz,,72,,,latin,local_elections,e0ae2676d62a-dirty,data/goa/2012/panres_2012_Salcete.pdf,7,page,
goa/gp_ward/2012,8e32fbef1787,Goa|2012|gp_ward|South Goa|Salcete|ORLIM|III|,1,Goa,2012,South Goa,Salcete,ORLIM,gram_panchayat,III,,gp_ward,ward,NONE,NONE,sc_st_bc,0,Other than Woman,General,all_seats,seat,,Gaudencio Sebastiao Luis,,99,,,latin,local_elections,e0ae2676d62a-dirty,data/goa/2012/panres_2012_Salcete.pdf,7,page,
goa/gp_ward/2012,ccee152fd037,Goa|2012|gp_ward|South Goa|Salcete|ORLIM|IV|,1,Goa,2012,South Goa,Salcete,ORLIM,gram_panchayat,IV,,gp_ward,ward,NONE,NONE,sc_st_bc,0,Other than Woman,General,all_seats,seat,,Evengelisto John Pimenta,,75,,,latin,local_elections,e0ae2676d62a-dirty,data/goa/2012/panres_2012_Salcete.pdf,7,page,
goa/gp_ward/2012,6fede44f94fd,Goa|2012|gp_ward|South Goa|Salcete|ORLIM|V|,1,Goa,2012,South Goa,Salcete,ORLIM,gram_panchayat,V,,gp_ward,ward,NONE,NONE,sc_st_bc,1,Woman,Women,all_seats,seat,,Nifa Joseph J Gabriel Pimenta,,98,,,latin,local_elections,e0ae2676d62a-dirty,data/goa/2012/panres_2012_Salcete.pdf,7,page,
goa/gp_ward/2012,dfcc90bc992d,Goa|2012|gp_ward|South Goa|Salcete|RUMDAMOL- DAVORLIM|I|,1,Goa,2012,South Goa,Salcete,RUMDAMOL- DAVORLIM,gram_panchayat,I,,gp_ward,ward,NONE,NONE,sc_st_bc,0,Other than Woman,General,all_seats,seat,,Mustak Sadik Shaikh,,117,,,latin,local_elections,e0ae2676d62a-dirty,data/goa/2012/panres_2012_Salcete.pdf,7,page,
goa/gp_ward/2012,449f99678f70,Goa|2012|gp_ward|South Goa|Salcete|RUMDAMOL- DAVORLIM|II|,1,Goa,2012,South Goa,Salcete,RUMDAMOL- DAVORLIM,gram_panchayat,II,,gp_ward,ward,NONE,NONE,sc_st_bc,1,Woman,Women,all_seats,seat,,Safiya Bi Abdul Riyaz Shaikh,,149,,,latin,local_elections,e0ae2676d62a-dirty,data/goa/2012/panres_2012_Salcete.pdf,7,page,
goa/gp_ward/2012,ac68127f70a1,Goa|2012|gp_ward|South Goa|Salcete|RUMDAMOL- DAVORLIM|III|,1,Goa,2012,South Goa,Salcete,RUMDAMOL- DAVORLIM,gram_panchayat,III,,gp_ward,ward,NONE,NONE,sc_st_bc,0,Other than Woman,General,all_seats,seat,,Abdul Nabi Shaikh,,129,,,latin,local_elections,e0ae2676d62a-dirty,data/goa/2012/panres_2012_Salcete.pdf,7,page,
goa/gp_ward/2012,77ad49bd81e5,Goa|2012|gp_ward|South Goa|Salcete|RUMDAMOL- DAVORLIM|IV|,1,Goa,2012,South Goa,Salcete,RUMDAMOL- DAVORLIM,gram_panchayat,IV,,gp_ward,ward,NONE,NONE,sc_st_bc,0,Other than Woman,General,all_seats,seat,,Mamtaz Mohammed Rasul Turki,,94,,,latin,local_elections,e0ae2676d62a-dirty,data/goa/2012/panres_2012_Salcete.pdf,7,page,
goa/gp_ward/2012,b35ab4927900,Goa|2012|gp_ward|South Goa|Salcete|RUMDAMOL- DAVORLIM|V|,1,Goa,2012,South Goa,Salcete,RUMDAMOL- DAVORLIM,gram_panchayat,V,,gp_ward,ward,NONE,NONE,sc_st_bc,0,Other than Woman,General,all_seats,seat,,Mahammed Samulla Azad Faniband,,173,,,latin,local_elections,e0ae2676d62a-dirty,data/goa/2012/panres_2012_Salcete.pdf,7,page,
goa/gp_ward/2012,0ce2f7086505,Goa|2012|gp_ward|South Goa|Salcete|RUMDAMOL- DAVORLIM|VI|,1,Goa,2012,South Goa,Salcete,RUMDAMOL- DAVORLIM,gram_panchayat,VI,,gp_ward,ward,NONE,NONE,sc_st_bc,0,Other than Woman,General,all_seats,seat,,Murtutsab Kareemsab Kaknur,,202,,,latin,local_elections,e0ae2676d62a-dirty,data/goa/2012/panres_2012_Salcete.pdf,7,page,
goa/gp_ward/2012,7b012b144780,Goa|2012|gp_ward|South Goa|Salcete|RUMDAMOL- DAVORLIM|VII|,1,Goa,2012,South Goa,Salcete,RUMDAMOL- DAVORLIM,gram_panchayat,VII,,gp_ward,ward,NONE,NONE,sc_st_bc,1,Woman,Women,all_seats,seat,,Suhasini Rajkumar Badennar,,195,,,latin,local_elections,e0ae2676d62a-dirty,data/goa/2012/panres_2012_Salcete.pdf,7,page,
goa/gp_ward/2012,34e44994059b,Goa|2012|gp_ward|South Goa|Salcete|TELAULIM|I|,1,Goa,2012,South Goa,Salcete,TELAULIM,gram_panchayat,I,,gp_ward,ward,NONE,NONE,sc_st_bc,0,Other than Woman,General,all_seats,seat,,Prudencio Jeronio Francisco Carneiro,,134,,,latin,local_elections,e0ae2676d62a-dirty,data/goa/2012/panres_2012_Salcete.pdf,7,page,
goa/gp_ward/2012,35bce36adecd,Goa|2012|gp_ward|South Goa|Salcete|TELAULIM|II|,1,Goa,2012,South Goa,Salcete,TELAULIM,gram_panchayat,II,,gp_ward,ward,NONE,NONE,sc_st_bc,1,Woman,Women,all_seats,seat,,Carmina Placida Caetano Jose Anacleto Pereira E Fernandes,,107,,,latin,local_elections,e0ae2676d62a-dirty,data/goa/2012/panres_2012_Salcete.pdf,7,page,
goa/gp_ward/2012,7379e1f1ed59,Goa|2012|gp_ward|South Goa|Salcete|TELAULIM|III|,1,Goa,2012,South Goa,Salcete,TELAULIM,gram_panchayat,III,,gp_ward,ward,NONE,NONE,sc_st_bc,0,Other than Woman,General,all_seats,seat,,Duarte Mariano Pires,,177,,,latin,local_elections,e0ae2676d62a-dirty,data/goa/2012/panres_2012_Salcete.pdf,7,page,
goa/gp_ward/2012,f8acc4889a83,Goa|2012|gp_ward|South Goa|Salcete|TELAULIM|IV|,1,Goa,2012,South Goa,Salcete,TELAULIM,gram_panchayat,IV,,gp_ward,ward,NONE,NONE,sc_st_bc,0,Other than Woman,General,all_seats,seat,,Milagrino Camilo Pires,,165,,,latin,local_elections,e0ae2676d62a-dirty,data/goa/2012/panres_2012_Salcete.pdf,7,page,
goa/gp_ward/2012,aa20586533c4,Goa|2012|gp_ward|South Goa|Salcete|TELAULIM|V|,1,Goa,2012,South Goa,Salcete,TELAULIM,gram_panchayat,V,,gp_ward,ward,NONE,NONE,sc_st_bc,0,Other than Woman,General,all_seats,seat,,Estevan Luis Goes,,187,,,latin,local_elections,e0ae2676d62a-dirty,data/goa/2012/panres_2012_Salcete.pdf,7,page,
goa/gp_ward/2012,7b77082e7e93,Goa|2012|gp_ward|South Goa|Salcete|TELAULIM|VI|,1,Goa,2012,South Goa,Salcete,TELAULIM,gram_panchayat,VI,,gp_ward,ward,NONE,NONE,sc_st_bc,0,Other than Woman,General,all_seats,seat,,Defa Patrica Aldrin Coutinho,,157,,,latin,local_elections,e0ae2676d62a-dirty,data/goa/2012/panres_2012_Salcete.pdf,7,page,
goa/gp_ward/2012,bf8bddb5e24d,Goa|2012|gp_ward|South Goa|Salcete|TELAULIM|VII|,1,Goa,2012,South Goa,Salcete,TELAULIM,gram_panchayat,VII,,gp_ward,ward,NONE,NONE,sc_st_bc,1,Woman,Women,all_seats,seat,,Aliny S. P. Bartolomeu Gomes,,130,,,latin,local_elections,e0ae2676d62a-dirty,data/goa/2012/panres_2012_Salcete.pdf,8,page,
goa/gp_ward/2012,8b2a0ea2b8c8,Goa|2012|gp_ward|South Goa|Salcete|VARCA|I|,1,Goa,2012,South Goa,Salcete,VARCA,gram_panchayat,I,,gp_ward,ward,NONE,NONE,sc_st_bc,0,Other than Woman,General,all_seats,seat,,Francisco Simiao Rosario Fernandes,,153,,,latin,local_elections,e0ae2676d62a-dirty,data/goa/2012/panres_2012_Salcete.pdf,8,page,
goa/gp_ward/2012,a5d231b77e07,Goa|2012|gp_ward|South Goa|Salcete|VARCA|II|,1,Goa,2012,South Goa,Salcete,VARCA,gram_panchayat,II,,gp_ward,ward,NONE,NONE,sc_st_bc,1,Woman,Women,all_seats,seat,,Tercy C Joao Manuel Fernandes,,203,,,latin,local_elections,e0ae2676d62a-dirty,data/goa/2012/panres_2012_Salcete.pdf,8,page,
goa/gp_ward/2012,19762aa87087,Goa|2012|gp_ward|South Goa|Salcete|VARCA|III|,1,Goa,2012,South Goa,Salcete,VARCA,gram_panchayat,III,,gp_ward,ward,NONE,NONE,sc_st_bc,0,Other than Woman,General,all_seats,seat,,Anthony John Menino Rodrigues,,236,,,latin,local_elections,e0ae2676d62a-dirty,data/goa/2012/panres_2012_Salcete.pdf,8,page,
goa/gp_ward/2012,3b53c5d5aae3,Goa|2012|gp_ward|South Goa|Salcete|VARCA|IV|,1,Goa,2012,South Goa,Salcete,VARCA,gram_panchayat,IV,,gp_ward,ward,NONE,NONE,sc_st_bc,0,Other than Woman,General,all_seats,seat,,Luiza Antonio Joaquim Pereira e Rodrigues,,275,,,latin,local_elections,e0ae2676d62a-dirty,data/goa/2012/panres_2012_Salcete.pdf,8,page,
goa/gp_ward/2012,cb3135b51205,Goa|2012|gp_ward|South Goa|Salcete|VARCA|V|,1,Goa,2012,South Goa,Salcete,VARCA,gram_panchayat,V,,gp_ward,ward,NONE,NONE,sc_st_bc,0,Other than Woman,General,all_seats,seat,,Crosly Charlton Jose Francisco Lourenco,,239,,,latin,local_elections,e0ae2676d62a-dirty,data/goa/2012/panres_2012_Salcete.pdf,8,page,
goa/gp_ward/2012,be3bbb62082b,Goa|2012|gp_ward|South Goa|Salcete|VARCA|VI|,1,Goa,2012,South Goa,Salcete,VARCA,gram_panchayat,VI,,gp_ward,ward,NONE,NONE,sc_st_bc,0,Other than Woman,General,all_seats,seat,,Roland Minguel Fernandes,,256,,,latin,local_elections,e0ae2676d62a-dirty,data/goa/2012/panres_2012_Salcete.pdf,8,page,
goa/gp_ward/2012,d6cf104e9783,Goa|2012|gp_ward|South Goa|Salcete|VARCA|VII|,1,Goa,2012,South Goa,Salcete,VARCA,gram_panchayat,VII,,gp_ward,ward,NONE,NONE,sc_st_bc,1,Woman,Women,all_seats,seat,,Vincentina Roland Fernandes,,230,,,latin,local_elections,e0ae2676d62a-dirty,data/goa/2012/panres_2012_Salcete.pdf,8,page,
goa/gp_ward/2012,9b8d66613b04,Goa|2012|gp_ward|South Goa|Salcete|AMEBLIM|I|,1,Goa,2012,South Goa,Salcete,AMEBLIM,gram_panchayat,I,,gp_ward,ward,NONE,NONE,sc_st_bc,0,Other than Woman,General,all_seats,seat,,Denica Roschmann Correia e Coutinho,,137,,,latin,local_elections,e0ae2676d62a-dirty,data/goa/2012/panres_2012_Salcete.pdf,8,page,
goa/gp_ward/2012,d86a394e7905,Goa|2012|gp_ward|South Goa|Salcete|AMEBLIM|II|,1,Goa,2012,South Goa,Salcete,AMEBLIM,gram_panchayat,II,,gp_ward,ward,NONE,NONE,sc_st_bc,1,Woman,Women,all_seats,seat,,Savita Menino Fernandes,,141,,,latin,local_elections,e0ae2676d62a-dirty,data/goa/2012/panres_2012_Salcete.pdf,8,page,
goa/gp_ward/2012,78c0db8f5ffe,Goa|2012|gp_ward|South Goa|Salcete|AMEBLIM|III|,1,Goa,2012,South Goa,Salcete,AMEBLIM,gram_panchayat,III,,gp_ward,ward,NONE,NONE,sc_st_bc,0,Other than Woman,General,all_seats,seat,,Percy Anacleto Fernandes,,59,,,latin,local_elections,e0ae2676d62a-dirty,data/goa/2012/panres_2012_Salcete.pdf,8,page,
goa/gp_ward/2012,41ca759f1f4c,Goa|2012|gp_ward|South Goa|Salcete|AMEBLIM|IV|,1,Goa,2012,South Goa,Salcete,AMEBLIM,gram_panchayat,IV,,gp_ward,ward,NONE,NONE,sc_st_bc,0,Other than Woman,General,all_seats,seat,,Tyron Evangelist Fernandes,,69,,,latin,local_elections,e0ae2676d62a-dirty,data/goa/2012/panres_2012_Salcete.pdf,8,page,
goa/gp_ward/2012,5bba31d835d6,Goa|2012|gp_ward|South Goa|Salcete|AMEBLIM|V|,1,Goa,2012,South Goa,Salcete,AMEBLIM,gram_panchayat,V,,gp_ward,ward,BC,BC,sc_st_bc,0,BC Other than Woman,O.B.C.,all_seats,seat,,Santan Alexio D'Silva,,119,,,latin,local_elections,e0ae2676d62a-dirty,data/goa/2012/panres_2012_Salcete.pdf,8,page,
goa/gp_ward/2012,b6cce52d004d,Goa|2012|gp_ward|South Goa|Salcete|AMEBLIM|VI|,1,Goa,2012,South Goa,Salcete,AMEBLIM,gram_panchayat,VI,,gp_ward,ward,NONE,NONE,sc_st_bc,0,Other than Woman,General,all_seats,seat,,Loreta Martino D'Silva,,132,,,latin,local_elections,e0ae2676d62a-dirty,data/goa/2012/panres_2012_Salcete.pdf,8,page,
goa/gp_ward/2012,01ad4bded066,Goa|2012|gp_ward|South Goa|Salcete|AMEBLIM|VII|,1,Goa,2012,South Goa,Salcete,AMEBLIM,gram_panchayat,VII,,gp_ward,ward,NONE,NONE,sc_st_bc,1,Woman,Women,all_seats,seat,,Sophia Roque Rebello,,237,,,latin,local_elections,e0ae2676d62a-dirty,data/goa/2012/panres_2012_Salcete.pdf,8,page,
goa/gp_ward/2012,8f8ba7c01a57,Goa|2012|gp_ward|South Goa|Salcete|ASSOLNA|I|,1,Goa,2012,South Goa,Salcete,ASSOLNA,gram_panchayat,I,,gp_ward,ward,NONE,NONE,sc_st_bc,0,Other than Woman,General,all_seats,seat,,Jayant Shrimati Arolkar,,76,,,latin,local_elections,e0ae2676d62a-dirty,data/goa/2012/panres_2012_Salcete.pdf,8,page,
goa/gp_ward/2012,c16fb0f8537a,Goa|2012|gp_ward|South Goa|Salcete|ASSOLNA|II|,1,Goa,2012,South Goa,Salcete,ASSOLNA,gram_panchayat,II,,gp_ward,ward,NONE,NONE,sc_st_bc,1,Woman,Women,all_seats,seat,,Framila Herman Almeida,,117,,,latin,local_elections,e0ae2676d62a-dirty,data/goa/2012/panres_2012_Salcete.pdf,8,page,
goa/gp_ward/2012,05b4f1865b19,Goa|2012|gp_ward|South Goa|Salcete|ASSOLNA|III|,1,Goa,2012,South Goa,Salcete,ASSOLNA,gram_panchayat,III,,gp_ward,ward,NONE,NONE,sc_st_bc,0,Other than Woman,General,all_seats,seat,,Xavier Leornado Almeida,,133,,,latin,local_elections,e0ae2676d62a-dirty,data/goa/2012/panres_2012_Salcete.pdf,8,page,
goa/gp_ward/2012,d817ac83a5b7,Goa|2012|gp_ward|South Goa|Salcete|ASSOLNA|IV|,1,Goa,2012,South Goa,Salcete,ASSOLNA,gram_panchayat,IV,,gp_ward,ward,NONE,NONE,sc_st_bc,0,Other than Woman,General,all_seats,seat,,Pedrinha Aurelio Cardozo,,184,,,latin,local_elections,e0ae2676d62a-dirty,data/goa/2012/panres_2012_Salcete.pdf,8,page,
goa/gp_ward/2012,28a7f005214c,Goa|2012|gp_ward|South Goa|Salcete|ASSOLNA|V|,1,Goa,2012,South Goa,Salcete,ASSOLNA,gram_panchayat,V,,gp_ward,ward,NONE,NONE,sc_st_bc,0,Other than Woman,General,all_seats,seat,,Savio Filomeno Ferreira,,189,,,latin,local_elections,e0ae2676d62a-dirty,data/goa/2012/panres_2012_Salcete.pdf,8,page,
goa/gp_ward/2012,b7683a814496,Goa|2012|gp_ward|South Goa|Salcete|ASSOLNA|VI|,1,Goa,2012,South Goa,Salcete,ASSOLNA,gram_panchayat,VI,,gp_ward,ward,BC,BC,sc_st_bc,0,BC Other than Woman,O.B.C.,all_seats,seat,,Pedro Ruzario Santano Cipriana Crasto,,Unopposed,,,latin,local_elections,e0ae2676d62a-dirty,data/goa/2012/panres_2012_Salcete.pdf,8,page,
goa/gp_ward/2012,a9edc5d49698,Goa|2012|gp_ward|South Goa|Salcete|ASSOLNA|VII|,1,Goa,2012,South Goa,Salcete,ASSOLNA,gram_panchayat,VII,,gp_ward,ward,NONE,NONE,sc_st_bc,1,Woman,Women,all_seats,seat,,Merlin Eusebio Noronha,,Unopposed,,,latin,local_elections,e0ae2676d62a-dirty,data/goa/2012/panres_2012_Salcete.pdf,8,page,
goa/gp_ward/2012,35aca4f25fe8,Goa|2012|gp_ward|South Goa|Salcete|CHANDOR-CAVORIM|I|,1,Goa,2012,South Goa,Salcete,CHANDOR-CAVORIM,gram_panchayat,I,,gp_ward,ward,NONE,NONE,sc_st_bc,0,Other than Woman,General,all_seats,seat,,Marcelo Aleixo Francisco Fernandes,,147,,,latin,local_elections,e0ae2676d62a-dirty,data/goa/2012/panres_2012_Salcete.pdf,9,page,
goa/gp_ward/2012,011cc8e48452,Goa|2012|gp_ward|South Goa|Salcete|CHANDOR-CAVORIM|II|,1,Goa,2012,South Goa,Salcete,CHANDOR-CAVORIM,gram_panchayat,II,,gp_ward,ward,NONE,NONE,sc_st_bc,1,Woman,Women,all_seats,seat,,Saturlina Joao Fernandes,,114,,,latin,local_elections,e0ae2676d62a-dirty,data/goa/2012/panres_2012_Salcete.pdf,9,page,
goa/gp_ward/2012,071810506ddc,Goa|2012|gp_ward|South Goa|Salcete|CHANDOR-CAVORIM|III|,1,Goa,2012,South Goa,Salcete,CHANDOR-CAVORIM,gram_panchayat,III,,gp_ward,ward,NONE,NONE,sc_st_bc,0,Other than Woman,General,all_seats,seat,,Lucia Gustavo Da Cruz Coutinho,,148,,,latin,local_elections,e0ae2676d62a-dirty,data/goa/2012/panres_2012_Salcete.pdf,9,page,
goa/gp_ward/2012,b7b2b662053f,Goa|2012|gp_ward|South Goa|Salcete|CHANDOR-CAVORIM|IV|,1,Goa,2012,South Goa,Salcete,CHANDOR-CAVORIM,gram_panchayat,IV,,gp_ward,ward,NONE,NONE,sc_st_bc,0,Other than Woman,General,all_seats,seat,,Etelvina John Antao,,115,,,latin,local_elections,e0ae2676d62a-dirty,data/goa/2012/panres_2012_Salcete.pdf,9,page,
goa/gp_ward/2012,d0a8a513463a,Goa|2012|gp_ward|South Goa|Salcete|CHANDOR-CAVORIM|V|,1,Goa,2012,South Goa,Salcete,CHANDOR-CAVORIM,gram_panchayat,V,,gp_ward,ward,NONE,NONE,sc_st_bc,0,Other than Woman,General,all_seats,seat,,Andrew Antonio Sebastiao Peixota,,128,,,latin,local_elections,e0ae2676d62a-dirty,data/goa/2012/panres_2012_Salcete.pdf,9,page,
goa/gp_ward/2012,110df5df4bf0,Goa|2012|gp_ward|South Goa|Salcete|CHANDOR-CAVORIM|VI|,1,Goa,2012,South Goa,Salcete,CHANDOR-CAVORIM,gram_panchayat,VI,,gp_ward,ward,NONE,NONE,sc_st_bc,0,Other than Woman,General,all_seats,seat,,Reve Jose Luis S. R. Dais,,130,,,latin,local_elections,e0ae2676d62a-dirty,data/goa/2012/panres_2012_Salcete.pdf,9,page,
goa/gp_ward/2012,8b8571a86fa2,Goa|2012|gp_ward|South Goa|Salcete|CHANDOR-CAVORIM|VII|,1,Goa,2012,South Goa,Salcete,CHANDOR-CAVORIM,gram_panchayat,VII,,gp_ward,ward,NONE,NONE,sc_st_bc,1,Woman,Women,all_seats,seat,,Elizaberta Coustancio D'Costa,,95,,,latin,local_elections,e0ae2676d62a-dirty,data/goa/2012/panres_2012_Salcete.pdf,9,page,
goa/gp_ward/2012,906a25713312,Goa|2012|gp_ward|South Goa|Salcete|CURTORIM|I|,1,Goa,2012,South Goa,Salcete,CURTORIM,gram_panchayat,I,,gp_ward,ward,NONE,NONE,sc_st_bc,0,Other than Woman,General,all_seats,seat,,Joaquim Santana F. Filomena Rodrigues,,210,,,latin,local_elections,e0ae2676d62a-dirty,data/goa/2012/panres_2012_Salcete.pdf,9,page,
goa/gp_ward/2012,001a38631ea3,Goa|2012|gp_ward|South Goa|Salcete|CURTORIM|II|,1,Goa,2012,South Goa,Salcete,CURTORIM,gram_panchayat,II,,gp_ward,ward,NONE,NONE,sc_st_bc,0,Other than Woman,General,all_seats,seat,,Rupesh Sadashiv Naik,,306,,,latin,local_elections,e0ae2676d62a-dirty,data/goa/2012/panres_2012_Salcete.pdf,9,page,
goa/gp_ward/2012,00a73851a0ac,Goa|2012|gp_ward|South Goa|Salcete|CURTORIM|III|,1,Goa,2012,South Goa,Salcete,CURTORIM,gram_panchayat,III,,gp_ward,ward,NONE,NONE,sc_st_bc,1,Woman,Women,all_seats,seat,,Rosy Nicolav Paes,,464,,,latin,local_elections,e0ae2676d62a-dirty,data/goa/2012/panres_2012_Salcete.pdf,9,page,
goa/gp_ward/2012,5e0d7326767d,Goa|2012|gp_ward|South Goa|Salcete|CURTORIM|IV|,1,Goa,2012,South Goa,Salcete,CURTORIM,gram_panchayat,IV,,gp_ward,ward,NONE,NONE,sc_st_bc,1,Woman,Women,all_seats,seat,,Cristalina Antonio Xavier Domingos Gomes e Rodrigues.,,400,,,latin,local_elections,e0ae2676d62a-dirty,data/goa/2012/panres_2012_Salcete.pdf,9,page,
goa/gp_ward/2012,a205a907386e,Goa|2012|gp_ward|South Goa|Salcete|CURTORIM|V|,1,Goa,2012,South Goa,Salcete,CURTORIM,gram_panchayat,V,,gp_ward,ward,NONE,NONE,sc_st_bc,0,Other than Woman,General,all_seats,seat,,Lucy Francisco Rebello,,197,,,latin,local_elections,e0ae2676d62a-dirty,data/goa/2012/panres_2012_Salcete.pdf,9,page,
goa/gp_ward/2012,8b3c029897c9,Goa|2012|gp_ward|South Goa|Salcete|CURTORIM|VI|,1,Goa,2012,South Goa,Salcete,CURTORIM,gram_panchayat,VI,,gp_ward,ward,NONE,NONE,sc_st_bc,0,Other than Woman,General,all_seats,seat,,Judas Simon Aquino Bareto,,280,,,latin,local_elections,e0ae2676d62a-dirty,data/goa/2012/panres_2012_Salcete.pdf,9,page,
goa/gp_ward/2012,b11083148a7c,Goa|2012|gp_ward|South Goa|Salcete|CURTORIM|VII|,1,Goa,2012,South Goa,Salcete,CURTORIM,gram_panchayat,VII,,gp_ward,ward,NONE,NONE,sc_st_bc,1,Woman,Women,all_seats,seat,,Valentina Francisco Baraganza,,261,,,latin,local_elections,e0ae2676d62a-dirty,data/goa/2012/panres_2012_Salcete.pdf,9,page,
goa/gp_ward/2012,c5992a48a28e,Goa|2012|gp_ward|South Goa|Salcete|CURTORIM|VIII|,1,Goa,2012,South Goa,Salcete,CURTORIM,gram_panchayat,VIII,,gp_ward,ward,NONE,NONE,sc_st_bc,0,Other than Woman,General,all_seats,seat,,Dionisio Joao Joazinho Sardinha,,383,,,latin,local_elections,e0ae2676d62a-dirty,data/goa/2012/panres_2012_Salcete.pdf,9,page,
goa/gp_ward/2012,15b61f6da771,Goa|2012|gp_ward|South Goa|Salcete|CURTORIM|IX|,1,Goa,2012,South Goa,Salcete,CURTORIM,gram_panchayat,IX,,gp_ward,ward,NONE,NONE,sc_st_bc,0,Other than Woman,General,all_seats,seat,,Rue Francisco Menezes,,270,,,latin,local_elections,e0ae2676d62a-dirty,data/goa/2012/panres_2012_Salcete.pdf,9,page,
goa/gp_ward/2012,f4b262e6048c,Goa|2012|gp_ward|South Goa|Salcete|CURTORIM|X|,1,Goa,2012,South Goa,Salcete,CURTORIM,gram_panchayat,X,,gp_ward,ward,ST,ST,sc_st_bc,0,ST Other than Woman,S.T.,all_seats,seat,,Peter Xavier Cardozo,,286,,,latin,local_elections,e0ae2676d62a-dirty,data/goa/2012/panres_2012_Salcete.pdf,9,page,
goa/gp_ward/2012,a9f089c8f213,Goa|2012|gp_ward|South Goa|Salcete|CURTORIM|XI|,1,Goa,2012,South Goa,Salcete,CURTORIM,gram_panchayat,XI,,gp_ward,ward,NONE,NONE,sc_st_bc,1,Woman,Women,all_seats,seat,,Sucorina Francisco Castanha,,344,,,latin,local_elections,e0ae2676d62a-dirty,data/goa/2012/panres_2012_Salcete.pdf,9,page,
goa/gp_ward/2012,cd78c5546abd,Goa|2012|gp_ward|South Goa|Salcete|GUIRDOLIM|I|,1,Goa,2012,South Goa,Salcete,GUIRDOLIM,gram_panchayat,I,,gp_ward,ward,NONE,NONE,sc_st_bc,0,Other than Woman,General,all_seats,seat,,Milagres Methew Gonsalves,,99,,,latin,local_elections,e0ae2676d62a-dirty,data/goa/2012/panres_2012_Salcete.pdf,9,page,
goa/gp_ward/2012,ddea1b430fe5,Goa|2012|gp_ward|South Goa|Salcete|GUIRDOLIM|II|,1,Goa,2012,South Goa,Salcete,GUIRDOLIM,gram_panchayat,II,,gp_ward,ward,NONE,NONE,sc_st_bc,1,Woman,Women,all_seats,seat,,Maura Sebastiao D' Costa,,105,,,latin,local_elections,e0ae2676d62a-dirty,data/goa/2012/panres_2012_Salcete.pdf,9,page,
goa/gp_ward/2012,380437c33993,Goa|2012|gp_ward|South Goa|Salcete|GUIRDOLIM|III|,1,Goa,2012,South Goa,Salcete,GUIRDOLIM,gram_panchayat,III,,gp_ward,ward,NONE,NONE,sc_st_bc,0,Other than Woman,General,all_seats,seat,,Flavia Vitorino Costa,,165,,,latin,local_elections,e0ae2676d62a-dirty,data/goa/2012/panres_2012_Salcete.pdf,9,page,
goa/gp_ward/2012,dbac1218c068,Goa|2012|gp_ward|South Goa|Salcete|GUIRDOLIM|IV|,1,Goa,2012,South Goa,Salcete,GUIRDOLIM,gram_panchayat,IV,,gp_ward,ward,NONE,NONE,sc_st_bc,0,Other than Woman,General,all_seats,seat,,Balu Ranu Nistani,,93,,,latin,local_elections,e0ae2676d62a-dirty,data/goa/2012/panres_2012_Salcete.pdf,9,page,
goa/gp_ward/2012,249b3827db3a,Goa|2012|gp_ward|South Goa|Salcete|GUIRDOLIM|V|,1,Goa,2012,South Goa,Salcete,GUIRDOLIM,gram_panchayat,V,,gp_ward,ward,NONE,NONE,sc_st_bc,0,Other than Woman,General,all_seats,seat,,Agnelo Caitano P. Crasto,,79,,,latin,local_elections,e0ae2676d62a-dirty,data/goa/2012/panres_2012_Salcete.pdf,9,page,
goa/gp_ward/2012,9236d6e2cbab,Goa|2012|gp_ward|South Goa|Salcete|GUIRDOLIM|VI|,1,Goa,2012,South Goa,Salcete,GUIRDOLIM,gram_panchayat,VI,,gp_ward,ward,ST,ST,sc_st_bc,0,ST Other than Woman,S.T.,all_seats,seat,,Vincie Remedios Peixoto,,167,,,latin,local_elections,e0ae2676d62a-dirty,data/goa/2012/panres_2012_Salcete.pdf,9,page,
goa/gp_ward/2012,2826a00dddd2,Goa|2012|gp_ward|South Goa|Salcete|GUIRDOLIM|VII|,1,Goa,2012,South Goa,Salcete,GUIRDOLIM,gram_panchayat,VII,,gp_ward,ward,NONE,NONE,sc_st_bc,1,Woman,Women,all_seats,seat,,Sonia John Dias,,109,,,latin,local_elections,e0ae2676d62a-dirty,data/goa/2012/panres_2012_Salcete.pdf,9,page,
goa/gp_ward/2012,a1c70bc872cd,Goa|2012|gp_ward|South Goa|Salcete|MACAZANA|I|,1,Goa,2012,South Goa,Salcete,MACAZANA,gram_panchayat,I,,gp_ward,ward,NONE,NONE,sc_st_bc,0,Other than Woman,General,all_seats,seat,,Joao Milagres Joao Domingos D' Costa,,57,,,latin,local_elections,e0ae2676d62a-dirty,data/goa/2012/panres_2012_Salcete.pdf,10,page,
goa/gp_ward/2012,85537c5e434a,Goa|2012|gp_ward|South Goa|Salcete|MACAZANA|II|,1,Goa,2012,South Goa,Salcete,MACAZANA,gram_panchayat,II,,gp_ward,ward,NONE,NONE,sc_st_bc,1,Woman,Women,all_seats,seat,,Chistina Vincent Vaz,,127,,,latin,local_elections,e0ae2676d62a-dirty,data/goa/2012/panres_2012_Salcete.pdf,10,page,
goa/gp_ward/2012,4174b46fa9cc,Goa|2012|gp_ward|South Goa|Salcete|MACAZANA|III|,1,Goa,2012,South Goa,Salcete,MACAZANA,gram_panchayat,III,,gp_ward,ward,NONE,NONE,sc_st_bc,0,Other than Woman,General,all_seats,seat,,Joaquim M. Jose Caitano Costa,,62,,,latin,local_elections,e0ae2676d62a-dirty,data/goa/2012/panres_2012_Salcete.pdf,10,page,
goa/gp_ward/2012,35b5eb5d3b71,Goa|2012|gp_ward|South Goa|Salcete|MACAZANA|IV|,1,Goa,2012,South Goa,Salcete,MACAZANA,gram_panchayat,IV,,gp_ward,ward,NONE,NONE,sc_st_bc,0,Other than Woman,General,all_seats,seat,,Salvador Alemao De Santa Margarido Fernandes,,61,,,latin,local_elections,e0ae2676d62a-dirty,data/goa/2012/panres_2012_Salcete.pdf,10,page,
goa/gp_ward/2012,ee041b17a37c,Goa|2012|gp_ward|South Goa|Salcete|MACAZANA|V|,1,Goa,2012,South Goa,Salcete,MACAZANA,gram_panchayat,V,,gp_ward,ward,NONE,NONE,sc_st_bc,0,Other than Woman,General,all_seats,seat,,Caetano Joaquim Vaz,,69,,,latin,local_elections,e0ae2676d62a-dirty,data/goa/2012/panres_2012_Salcete.pdf,10,page,
goa/gp_ward/2012,ac521e956fb2,Goa|2012|gp_ward|South Goa|Salcete|MACAZANA|VI|,1,Goa,2012,South Goa,Salcete,MACAZANA,gram_panchayat,VI,,gp_ward,ward,NONE,NONE,sc_st_bc,0,Other than Woman,General,all_seats,seat,,Francisco Augustinho D'Costa,,81,,,latin,local_elections,e0ae2676d62a-dirty,data/goa/2012/panres_2012_Salcete.pdf,10,page,
goa/gp_ward/2012,1a9f34bb353d,Goa|2012|gp_ward|South Goa|Salcete|MACAZANA|VII|,1,Goa,2012,South Goa,Salcete,MACAZANA,gram_panchayat,VII,,gp_ward,ward,NONE,NONE,sc_st_bc,1,Woman,Women,all_seats,seat,,Tereza Sebastiao Almeida,,134,,,latin,local_elections,e0ae2676d62a-dirty,data/goa/2012/panres_2012_Salcete.pdf,10,page,
goa/gp_ward/2012,f09e63545097,Goa|2012|gp_ward|South Goa|Salcete|PARODA|I|,1,Goa,2012,South Goa,Salcete,PARODA,gram_panchayat,I,,gp_ward,ward,NONE,NONE,sc_st_bc,0,Other than Woman,General,all_seats,seat,,Deepak Ichit Kharangate,,130,,,latin,local_elections,e0ae2676d62a-dirty,data/goa/2012/panres_2012_Salcete.pdf,10,page,
goa/gp_ward/2012,083d0d2df799,Goa|2012|gp_ward|South Goa|Salcete|PARODA|II|,1,Goa,2012,South Goa,Salcete,PARODA,gram_panchayat,II,,gp_ward,ward,NONE,NONE,sc_st_bc,1,Woman,Women,all_seats,seat,,Espetina Lacia Z. Marcus Rodrigues,,104,,,latin,local_elections,e0ae2676d62a-dirty,data/goa/2012/panres_2012_Salcete.pdf,10,page,
goa/gp_ward/2012,bf130d4edcee,Goa|2012|gp_ward|South Goa|Salcete|PARODA|III|,1,Goa,2012,South Goa,Salcete,PARODA,gram_panchayat,III,,gp_ward,ward,NONE,NONE,sc_st_bc,0,Other than Woman,General,all_seats,seat,,Xavier Santan Vales,,156,,,latin,local_elections,e0ae2676d62a-dirty,data/goa/2012/panres_2012_Salcete.pdf,10,page,
goa/gp_ward/2012,75179d98248d,Goa|2012|gp_ward|South Goa|Salcete|PARODA|IV|,1,Goa,2012,South Goa,Salcete,PARODA,gram_panchayat,IV,,gp_ward,ward,NONE,NONE,sc_st_bc,0,Other than Woman,General,all_seats,seat,,Bernardo A. S. Antonio Rodrigues,,192,,,latin,local_elections,e0ae2676d62a-dirty,data/goa/2012/panres_2012_Salcete.pdf,10,page,
goa/gp_ward/2012,a4451a376958,Goa|2012|gp_ward|South Goa|Salcete|PARODA|V|,1,Goa,2012,South Goa,Salcete,PARODA,gram_panchayat,V,,gp_ward,ward,ST,ST,sc_st_bc,0,ST Other than Woman,S.T.,all_seats,seat,,Dilip Vishnu Gaonkar,,205,,,latin,local_elections,e0ae2676d62a-dirty,data/goa/2012/panres_2012_Salcete.pdf,10,page,
goa/gp_ward/2012,9ef17f92a2af,Goa|2012|gp_ward|South Goa|Salcete|PARODA|VI|,1,Goa,2012,South Goa,Salcete,PARODA,gram_panchayat,VI,,gp_ward,ward,BC,BC,sc_st_bc,0,BC Other than Woman,O.B.C.,all_seats,seat,,Francisco Xavier Jacky Dias,,204,,,latin,local_elections,e0ae2676d62a-dirty,data/goa/2012/panres_2012_Salcete.pdf,10,page,
goa/gp_ward/2012,a96c8c069403,Goa|2012|gp_ward|South Goa|Salcete|PARODA|VII|,1,Goa,2012,South Goa,Salcete,PARODA,gram_panchayat,VII,,gp_ward,ward,NONE,NONE,sc_st_bc,1,Woman,Women,all_seats,seat,,Merciana Luis Rodrigues,,137,,,latin,local_elections,e0ae2676d62a-dirty,data/goa/2012/panres_2012_Salcete.pdf,10,page,
goa/gp_ward/2012,4f83423131cd,Goa|2012|gp_ward|South Goa|Salcete|RACHOL|I|,1,Goa,2012,South Goa,Salcete,RACHOL,gram_panchayat,I,,gp_ward,ward,NONE,NONE,sc_st_bc,0,Other than Woman,General,all_seats,seat,,Milagres Piedade Fernandes,,148,,,latin,local_elections,e0ae2676d62a-dirty,data/goa/2012/panres_2012_Salcete.pdf,10,page,
goa/gp_ward/2012,a810b61c17a1,Goa|2012|gp_ward|South Goa|Salcete|RACHOL|II|,1,Goa,2012,South Goa,Salcete,RACHOL,gram_panchayat,II,,gp_ward,ward,ST,ST,sc_st_bc,1,ST Woman,ST Wom.,all_seats,seat,,Cyrila Sabina Agnelo Alemao,,82,,,latin,local_elections,e0ae2676d62a-dirty,data/goa/2012/panres_2012_Salcete.pdf,10,page,
goa/gp_ward/2012,58f7994d7c71,Goa|2012|gp_ward|South Goa|Salcete|RACHOL|III|,1,Goa,2012,South Goa,Salcete,RACHOL,gram_panchayat,III,,gp_ward,ward,NONE,NONE,sc_st_bc,0,Other than Woman,General,all_seats,seat,,Luis Ubaldino Oliveira,,143,,,latin,local_elections,e0ae2676d62a-dirty,data/goa/2012/panres_2012_Salcete.pdf,10,page,
goa/gp_ward/2012,0941f78cd4d4,Goa|2012|gp_ward|South Goa|Salcete|RACHOL|IV|,1,Goa,2012,South Goa,Salcete,RACHOL,gram_panchayat,IV,,gp_ward,ward,NONE,NONE,sc_st_bc,0,Other than Woman,General,all_seats,seat,,Joseph Piedade Francisco Xavier Vaz,,158,,,latin,local_elections,e0ae2676d62a-dirty,data/goa/2012/panres_2012_Salcete.pdf,10,page,
goa/gp_ward/2012,3cf2a7a5f7c8,Goa|2012|gp_ward|South Goa|Salcete|RACHOL|V|,1,Goa,2012,South Goa,Salcete,RACHOL,gram_panchayat,V,,gp_ward,ward,ST,ST,sc_st_bc,1,ST Woman,ST Wom.,all_seats,seat,,Minguelina Glorio Fernandes e Pereira,,134,,,latin,local_elections,e0ae2676d62a-dirty,data/goa/2012/panres_2012_Salcete.pdf,10,page,
goa/gp_ward/2012,3682c166c6ec,Goa|2012|gp_ward|South Goa|Salcete|SAO-JOSE-DE-AREAL|I|,1,Goa,2012,South Goa,Salcete,SAO-JOSE-DE-AREAL,gram_panchayat,I,,gp_ward,ward,NONE,NONE,sc_st_bc,0,Other than Woman,General,all_seats,seat,,Jose Mario Inacio Gomindes,,107,,,latin,local_elections,e0ae2676d62a-dirty,data/goa/2012/panres_2012_Salcete.pdf,10,page,
goa/gp_ward/2012,be37f329ef58,Goa|2012|gp_ward|South Goa|Salcete|SAO-JOSE-DE-AREAL|II|,1,Goa,2012,South Goa,Salcete,SAO-JOSE-DE-AREAL,gram_panchayat,II,,gp_ward,ward,NONE,NONE,sc_st_bc,1,Woman,Women,all_seats,seat,,Berta Salvador Viegas E. D'Costa,,182,,,latin,local_elections,e0ae2676d62a-dirty,data/goa/2012/panres_2012_Salcete.pdf,10,page,
goa/gp_ward/2012,37e8b0b5e8a4,Goa|2012|gp_ward|South Goa|Salcete|SAO-JOSE-DE-AREAL|III|,1,Goa,2012,South Goa,Salcete,SAO-JOSE-DE-AREAL,gram_panchayat,III,,gp_ward,ward,ST,ST,sc_st_bc,0,ST Other than Woman,S.T.,all_seats,seat,,Agnelo Jose Moura,,262,,,latin,local_elections,e0ae2676d62a-dirty,data/goa/2012/panres_2012_Salcete.pdf,10,page,
goa/gp_ward/2012,a085f67f16b1,Goa|2012|gp_ward|South Goa|Salcete|SAO-JOSE-DE-AREAL|IV|,1,Goa,2012,South Goa,Salcete,SAO-JOSE-DE-AREAL,gram_panchayat,IV,,gp_ward,ward,ST,ST,sc_st_bc,1,ST Woman,ST Wom,all_seats,seat,,Fatima Anthon Dias,,Unopposed,,,latin,local_elections,e0ae2676d62a-dirty,data/goa/2012/panres_2012_Salcete.pdf,11,page,
goa/gp_ward/2012,126554369c53,Goa|2012|gp_ward|South Goa|Salcete|SAO-JOSE-DE-AREAL|V|,1,Goa,2012,South Goa,Salcete,SAO-JOSE-DE-AREAL,gram_panchayat,V,,gp_ward,ward,NONE,NONE,sc_st_bc,0,Other than Woman,General,all_seats,seat,,Julio Joao Monteiro,,130,,,latin,local_elections,e0ae2676d62a-dirty,data/goa/2012/panres_2012_Salcete.pdf,11,page,
goa/gp_ward/2012,5ee3f5b977cd,Goa|2012|gp_ward|South Goa|Salcete|SAO-JOSE-DE-AREAL|VI|,1,Goa,2012,South Goa,Salcete,SAO-JOSE-DE-AREAL,gram_panchayat,VI,,gp_ward,ward,BC,BC,sc_st_bc,0,BC Other than Woman,O.B.C.,all_seats,seat,,Perris Antonio D'Costa,,172,,,latin,local_elections,e0ae2676d62a-dirty,data/goa/2012/panres_2012_Salcete.pdf,11,page,
goa/gp_ward/2012,8702a8786468,Goa|2012|gp_ward|South Goa|Salcete|SAO-JOSE-DE-AREAL|VII|,1,Goa,2012,South Goa,Salcete,SAO-JOSE-DE-AREAL,gram_panchayat,VII,,gp_ward,ward,NONE,NONE,sc_st_bc,1,Woman,Women,all_seats,seat,,Milagrena Milagres Cardozo,,126,,,latin,local_elections,e0ae2676d62a-dirty,data/goa/2012/panres_2012_Salcete.pdf,11,page,
goa/gp_ward/2012,53b585f9e25d,Goa|2012|gp_ward|South Goa|Salcete|SAO-JOSE-DE-AREAL|VIII|,1,Goa,2012,South Goa,Salcete,SAO-JOSE-DE-AREAL,gram_panchayat,VIII,,gp_ward,ward,NONE,NONE,sc_st_bc,0,Other than Woman,General,all_seats,seat,,Gabriel Joaquim Oliverira,,187,,,latin,local_elections,e0ae2676d62a-dirty,data/goa/2012/panres_2012_Salcete.pdf,11,page,
goa/gp_ward/2012,5dcec43213ab,Goa|2012|gp_ward|South Goa|Salcete|SAO-JOSE-DE-AREAL|IX|,1,Goa,2012,South Goa,Salcete,SAO-JOSE-DE-AREAL,gram_panchayat,IX,,gp_ward,ward,NONE,NONE,sc_st_bc,0,Other than Woman,General,all_seats,seat,,Nazario Philip Noronha,,124,,,latin,local_elections,e0ae2676d62a-dirty,data/goa/2012/panres_2012_Salcete.pdf,11,page,
goa/gp_ward/2012,fe683f9bb7eb,Goa|2012|gp_ward|South Goa|Salcete|SAO-JOSE-DE-AREAL|X|,1,Goa,2012,South Goa,Salcete,SAO-JOSE-DE-AREAL,gram_panchayat,X,,gp_ward,ward,NONE,NONE,sc_st_bc,0,Other than Woman,General,all_seats,seat,,Minguel Pascoal Gomes,,139,,,latin,local_elections,e0ae2676d62a-dirty,data/goa/2012/panres_2012_Salcete.pdf,11,page,
goa/gp_ward/2012,6cce1d7a5a67,Goa|2012|gp_ward|South Goa|Salcete|SAO-JOSE-DE-AREAL|XI|,1,Goa,2012,South Goa,Salcete,SAO-JOSE-DE-AREAL,gram_panchayat,XI,,gp_ward,ward,NONE,NONE,sc_st_bc,1,Woman,Women,all_seats,seat,,Andrea Rena Simon Faleiro,,267,,,latin,local_elections,e0ae2676d62a-dirty,data/goa/2012/panres_2012_Salcete.pdf,11,page,
goa/gp_ward/2012,ad5149e99e94,Goa|2012|gp_ward|South Goa|Salcete|SARZORA|I|,1,Goa,2012,South Goa,Salcete,SARZORA,gram_panchayat,I,,gp_ward,ward,NONE,NONE,sc_st_bc,0,Other than Woman,General,all_seats,seat,,Wilson Menino Fernandes,,213,,,latin,local_elections,e0ae2676d62a-dirty,data/goa/2012/panres_2012_Salcete.pdf,11,page,
goa/gp_ward/2012,95e7da44f85c,Goa|2012|gp_ward|South Goa|Salcete|SARZORA|II|,1,Goa,2012,South Goa,Salcete,SARZORA,gram_panchayat,II,,gp_ward,ward,NONE,NONE,sc_st_bc,1,Woman,Women,all_seats,seat,,Socorrinna Lourdina Felix Brigido Mascarenhas e Menezes,,117,,,latin,local_elections,e0ae2676d62a-dirty,data/goa/2012/panres_2012_Salcete.pdf,11,page,
goa/gp_ward/2012,47211d73fc74,Goa|2012|gp_ward|South Goa|Salcete|SARZORA|III|,1,Goa,2012,South Goa,Salcete,SARZORA,gram_panchayat,III,,gp_ward,ward,ST,ST,sc_st_bc,0,ST Other than Woman,S.T.,all_seats,seat,,Conceicao Jacinto Sebastiao J. P. Fernandes,,107,,,latin,local_elections,e0ae2676d62a-dirty,data/goa/2012/panres_2012_Salcete.pdf,11,page,
goa/gp_ward/2012,bd955a1892bf,Goa|2012|gp_ward|South Goa|Salcete|SARZORA|IV|,1,Goa,2012,South Goa,Salcete,SARZORA,gram_panchayat,IV,,gp_ward,ward,NONE,NONE,sc_st_bc,0,Other than Woman,General,all_seats,seat,,Sabita Arcanjo Mascarenhas,,166,,,latin,local_elections,e0ae2676d62a-dirty,data/goa/2012/panres_2012_Salcete.pdf,11,page,
goa/gp_ward/2012,edee1c1deb29,Goa|2012|gp_ward|South Goa|Salcete|SARZORA|V|,1,Goa,2012,South Goa,Salcete,SARZORA,gram_panchayat,V,,gp_ward,ward,BC,BC,sc_st_bc,1,BC Woman,OBC Wom,all_seats,seat,,Edwina Robert Fernandes,,135,,,latin,local_elections,e0ae2676d62a-dirty,data/goa/2012/panres_2012_Salcete.pdf,11,page,
goa/gp_ward/2012,2d81b87f93ac,Goa|2012|gp_ward|South Goa|Salcete|VELIM|I|,1,Goa,2012,South Goa,Salcete,VELIM,gram_panchayat,I,,gp_ward,ward,NONE,NONE,sc_st_bc,0,Other than Woman,General,all_seats,seat,,Melwyn Martino Sanches,,129,,,latin,local_elections,e0ae2676d62a-dirty,data/goa/2012/panres_2012_Salcete.pdf,11,page,
goa/gp_ward/2012,6b8819e782ff,Goa|2012|gp_ward|South Goa|Salcete|VELIM|II|,1,Goa,2012,South Goa,Salcete,VELIM,gram_panchayat,II,,gp_ward,ward,ST,ST,sc_st_bc,1,ST Woman,ST Wom,all_seats,seat,,Severina Luizinho Simoes,,141,,,latin,local_elections,e0ae2676d62a-dirty,data/goa/2012/panres_2012_Salcete.pdf,11,page,
goa/gp_ward/2012,cb8f10223c95,Goa|2012|gp_ward|South Goa|Salcete|VELIM|III|,1,Goa,2012,South Goa,Salcete,VELIM,gram_panchayat,III,,gp_ward,ward,NONE,NONE,sc_st_bc,0,Other than Woman,General,all_seats,seat,,Cruz Augusto Fernandes,,214,,,latin,local_elections,e0ae2676d62a-dirty,data/goa/2012/panres_2012_Salcete.pdf,11,page,
goa/gp_ward/2012,f5729fddb76b,Goa|2012|gp_ward|South Goa|Salcete|VELIM|IV|,1,Goa,2012,South Goa,Salcete,VELIM,gram_panchayat,IV,,gp_ward,ward,NONE,NONE,sc_st_bc,1,Woman,Women,all_seats,seat,,Shanti Dores Herolino Pereira,,126,,,latin,local_elections,e0ae2676d62a-dirty,data/goa/2012/panres_2012_Salcete.pdf,11,page,
goa/gp_ward/2012,e0da5cc52eaa,Goa|2012|gp_ward|South Goa|Salcete|VELIM|V|,1,Goa,2012,South Goa,Salcete,VELIM,gram_panchayat,V,,gp_ward,ward,NONE,NONE,sc_st_bc,0,Other than Woman,General,all_seats,seat,,Assiz Cyrilo Pinto,,233,,,latin,local_elections,e0ae2676d62a-dirty,data/goa/2012/panres_2012_Salcete.pdf,11,page,
goa/gp_ward/2012,7c265bbae234,Goa|2012|gp_ward|South Goa|Salcete|VELIM|VI|,1,Goa,2012,South Goa,Salcete,VELIM,gram_panchayat,VI,,gp_ward,ward,NONE,NONE,sc_st_bc,0,Other than Woman,General,all_seats,seat,,Piedade Santano Fernandes,,192,,,latin,local_elections,e0ae2676d62a-dirty,data/goa/2012/panres_2012_Salcete.pdf,11,page,
goa/gp_ward/2012,0a54d5f76618,Goa|2012|gp_ward|South Goa|Salcete|VELIM|VII|,1,Goa,2012,South Goa,Salcete,VELIM,gram_panchayat,VII,,gp_ward,ward,NONE,NONE,sc_st_bc,1,Woman,Women,all_seats,seat,,Sharmila Agnelo Fernandes,,251,,,latin,local_elections,e0ae2676d62a-dirty,data/goa/2012/panres_2012_Salcete.pdf,11,page,
goa/gp_ward/2012,67300c7457a7,Goa|2012|gp_ward|South Goa|Salcete|VELIM|VIII|,1,Goa,2012,South Goa,Salcete,VELIM,gram_panchayat,VIII,,gp_ward,ward,BC,BC,sc_st_bc,0,BC Other than Woman,O.B.C.,all_seats,seat,,Lodovina Cipriano Fernandes E Cardozo,,250,,,latin,local_elections,e0ae2676d62a-dirty,data/goa/2012/panres_2012_Salcete.pdf,11,page,
goa/gp_ward/2012,f5b049f89e08,Goa|2012|gp_ward|South Goa|Salcete|VELIM|IX|,1,Goa,2012,South Goa,Salcete,VELIM,gram_panchayat,IX,,gp_ward,ward,ST,ST,sc_st_bc,0,ST Other than Woman,S.T.,all_seats,seat,,Savio Piedade Fernandes,,182,,,latin,local_elections,e0ae2676d62a-dirty,data/goa/2012/panres_2012_Salcete.pdf,11,page,
goa/gp_ward/2012,6e44284ec828,Goa|2012|gp_ward|South Goa|Sanguem|Bhati|I|,1,Goa,2012,South Goa,Sanguem,Bhati,gram_panchayat,I,,gp_ward,ward,NONE,NONE,sc_st_bc,0,Other than Woman,General,all_seats,seat,,Vilas Peter Hari Crasto,,105,,,latin,local_elections,e0ae2676d62a-dirty,data/goa/2012/panres_2012_Sanguem.pdf,1,page,
goa/gp_ward/2012,0800426e90d4,Goa|2012|gp_ward|South Goa|Sanguem|Bhati|II|,1,Goa,2012,South Goa,Sanguem,Bhati,gram_panchayat,II,,gp_ward,ward,ST,ST,sc_st_bc,1,ST Woman,ST Wom,all_seats,seat,,Shilpa Anil Naik,,138,,,latin,local_elections,e0ae2676d62a-dirty,data/goa/2012/panres_2012_Sanguem.pdf,1,page,
goa/gp_ward/2012,b5db96877047,Goa|2012|gp_ward|South Goa|Sanguem|Bhati|III|,1,Goa,2012,South Goa,Sanguem,Bhati,gram_panchayat,III,,gp_ward,ward,NONE,NONE,sc_st_bc,0,Other than Woman,General,all_seats,seat,,Uday Pandurang Naik,,63,,,latin,local_elections,e0ae2676d62a-dirty,data/goa/2012/panres_2012_Sanguem.pdf,1,page,
goa/gp_ward/2012,dbb3ba502485,Goa|2012|gp_ward|South Goa|Sanguem|Bhati|IV|,1,Goa,2012,South Goa,Sanguem,Bhati,gram_panchayat,IV,,gp_ward,ward,NONE,NONE,sc_st_bc,0,Other than Woman,General,all_seats,seat,,Uday Pandurang Naik,,73,,,latin,local_elections,e0ae2676d62a-dirty,data/goa/2012/panres_2012_Sanguem.pdf,1,page,
goa/gp_ward/2012,154fd1ede7fd,Goa|2012|gp_ward|South Goa|Sanguem|Bhati|V|,1,Goa,2012,South Goa,Sanguem,Bhati,gram_panchayat,V,,gp_ward,ward,NONE,NONE,sc_st_bc,0,Other than Woman,General,all_seats,seat,,Chandrakant Shaba Gaonkar,,127,,,latin,local_elections,e0ae2676d62a-dirty,data/goa/2012/panres_2012_Sanguem.pdf,1,page,
goa/gp_ward/2012,0c3e41fb732f,Goa|2012|gp_ward|South Goa|Sanguem|Bhati|VI|,1,Goa,2012,South Goa,Sanguem,Bhati,gram_panchayat,VI,,gp_ward,ward,NONE,NONE,sc_st_bc,0,Other than Woman,General,all_seats,seat,,Ramakant Anant Naik,,237,,,latin,local_elections,e0ae2676d62a-dirty,data/goa/2012/panres_2012_Sanguem.pdf,1,page,
goa/gp_ward/2012,ae48fdde450f,Goa|2012|gp_ward|South Goa|Sanguem|Bhati|VII|,1,Goa,2012,South Goa,Sanguem,Bhati,gram_panchayat,VII,,gp_ward,ward,NONE,NONE,sc_st_bc,1,Woman,Women,all_seats,seat,,Shalini Uday Naik,,253,,,latin,local_elections,e0ae2676d62a-dirty,data/goa/2012/panres_2012_Sanguem.pdf,1,page,
goa/gp_ward/2012,4133168133e0,Goa|2012|gp_ward|South Goa|Sanguem|Calem|I|,1,Goa,2012,South Goa,Sanguem,Calem,gram_panchayat,I,,gp_ward,ward,NONE,NONE,sc_st_bc,0,Other than Woman,General,all_seats,seat,,Santosh Bablo Gaonkar,,247,,,latin,local_elections,e0ae2676d62a-dirty,data/goa/2012/panres_2012_Sanguem.pdf,1,page,
goa/gp_ward/2012,71fe847f6e5f,Goa|2012|gp_ward|South Goa|Sanguem|Calem|II|,1,Goa,2012,South Goa,Sanguem,Calem,gram_panchayat,II,,gp_ward,ward,BC,BC,sc_st_bc,1,BC Woman,OBC Wom,all_seats,seat,,Vaishali Vaikunth Naik,,129,,,latin,local_elections,e0ae2676d62a-dirty,data/goa/2012/panres_2012_Sanguem.pdf,1,page,
goa/gp_ward/2012,3cd405616be0,Goa|2012|gp_ward|South Goa|Sanguem|Calem|III|,1,Goa,2012,South Goa,Sanguem,Calem,gram_panchayat,III,,gp_ward,ward,BC,BC,sc_st_bc,0,BC Other than Woman,O.B.C.,all_seats,seat,,Balo Bago Rekdo,,158,,,latin,local_elections,e0ae2676d62a-dirty,data/goa/2012/panres_2012_Sanguem.pdf,1,page,
goa/gp_ward/2012,b07aca638d0e,Goa|2012|gp_ward|South Goa|Sanguem|Calem|IV|,1,Goa,2012,South Goa,Sanguem,Calem,gram_panchayat,IV,,gp_ward,ward,NONE,NONE,sc_st_bc,0,Other than Woman,General,all_seats,seat,,Vishant Rohidas Khutkar,,117,,,latin,local_elections,e0ae2676d62a-dirty,data/goa/2012/panres_2012_Sanguem.pdf,1,page,
goa/gp_ward/2012,83cb49385fac,Goa|2012|gp_ward|South Goa|Sanguem|Calem|V|,1,Goa,2012,South Goa,Sanguem,Calem,gram_panchayat,V,,gp_ward,ward,NONE,NONE,sc_st_bc,0,Other than Woman,General,all_seats,seat,,Vilas Raghuvir Bhicholkar,,162,,,latin,local_elections,e0ae2676d62a-dirty,data/goa/2012/panres_2012_Sanguem.pdf,1,page,
goa/gp_ward/2012,cfcccc1ddb28,Goa|2012|gp_ward|South Goa|Sanguem|Calem|VI|,1,Goa,2012,South Goa,Sanguem,Calem,gram_panchayat,VI,,gp_ward,ward,NONE,NONE,sc_st_bc,0,Other than Woman,General,all_seats,seat,,Kishor Rama Gauns Dessai,,140,,,latin,local_elections,e0ae2676d62a-dirty,data/goa/2012/panres_2012_Sanguem.pdf,1,page,
goa/gp_ward/2012,b49dc50a8ca3,Goa|2012|gp_ward|South Goa|Sanguem|Calem|VII|,1,Goa,2012,South Goa,Sanguem,Calem,gram_panchayat,VII,,gp_ward,ward,NONE,NONE,sc_st_bc,1,Woman,Women,all_seats,seat,,Nayan Navlo Shelko,,142,,,latin,local_elections,e0ae2676d62a-dirty,data/goa/2012/panres_2012_Sanguem.pdf,1,page,
goa/gp_ward/2012,1c0cee453f0d,Goa|2012|gp_ward|South Goa|Sanguem|Curdi-Vadem|I|,1,Goa,2012,South Goa,Sanguem,Curdi-Vadem,gram_panchayat,I,,gp_ward,ward,NONE,NONE,sc_st_bc,0,Other than Woman,General,all_seats,seat,,Savo Chimno Zoro,,122,,,latin,local_elections,e0ae2676d62a-dirty,data/goa/2012/panres_2012_Sanguem.pdf,1,page,
goa/gp_ward/2012,08e591539f27,Goa|2012|gp_ward|South Goa|Sanguem|Curdi-Vadem|II|,1,Goa,2012,South Goa,Sanguem,Curdi-Vadem,gram_panchayat,II,,gp_ward,ward,NONE,NONE,sc_st_bc,1,Woman,Women,all_seats,seat,,Sharmila Bayo Bhandari,,194,,,latin,local_elections,e0ae2676d62a-dirty,data/goa/2012/panres_2012_Sanguem.pdf,1,page,
goa/gp_ward/2012,2fc86f8d4ece,Goa|2012|gp_ward|South Goa|Sanguem|Curdi-Vadem|III|,1,Goa,2012,South Goa,Sanguem,Curdi-Vadem,gram_panchayat,III,,gp_ward,ward,NONE,NONE,sc_st_bc,0,Other than Woman,General,all_seats,seat,,Francis Marian Rodrigues,,207,,,latin,local_elections,e0ae2676d62a-dirty,data/goa/2012/panres_2012_Sanguem.pdf,1,page,
goa/gp_ward/2012,27e9095146ab,Goa|2012|gp_ward|South Goa|Sanguem|Curdi-Vadem|IV|,1,Goa,2012,South Goa,Sanguem,Curdi-Vadem,gram_panchayat,IV,,gp_ward,ward,NONE,NONE,sc_st_bc,0,Other than Woman,General,all_seats,seat,,Anand Shrikant Kalekar,,152,,,latin,local_elections,e0ae2676d62a-dirty,data/goa/2012/panres_2012_Sanguem.pdf,1,page,
goa/gp_ward/2012,b2ef9c97d5ca,Goa|2012|gp_ward|South Goa|Sanguem|Curdi-Vadem|V|,1,Goa,2012,South Goa,Sanguem,Curdi-Vadem,gram_panchayat,V,,gp_ward,ward,NONE,NONE,sc_st_bc,0,Other than Woman,General,all_seats,seat,,Manuel Kistod Barreto,,93,,,latin,local_elections,e0ae2676d62a-dirty,data/goa/2012/panres_2012_Sanguem.pdf,1,page,
goa/gp_ward/2012,60d994806265,Goa|2012|gp_ward|South Goa|Sanguem|Curdi-Vadem|VI|,1,Goa,2012,South Goa,Sanguem,Curdi-Vadem,gram_panchayat,VI,,gp_ward,ward,ST,ST,sc_st_bc,0,ST Other than Woman,S.T.,all_seats,seat,,Pushpali Putu Gaonkar,,118,,,latin,local_elections,e0ae2676d62a-dirty,data/goa/2012/panres_2012_Sanguem.pdf,1,page,
goa/gp_ward/2012,63727ad00f11,Goa|2012|gp_ward|South Goa|Sanguem|Curdi-Vadem|VII|,1,Goa,2012,South Goa,Sanguem,Curdi-Vadem,gram_panchayat,VII,,gp_ward,ward,BC,BC,sc_st_bc,1,BC Woman,OBC Wom,all_seats,seat,,Gourisha Gurudas Gaonkar,,137,,,latin,local_elections,e0ae2676d62a-dirty,data/goa/2012/panres_2012_Sanguem.pdf,1,page,
goa/gp_ward/2012,d136f5f5d5cf,Goa|2012|gp_ward|South Goa|Sanguem|Neturlim|I|,1,Goa,2012,South Goa,Sanguem,Neturlim,gram_panchayat,I,,gp_ward,ward,BC,BC,sc_st_bc,0,BC Other than Woman,O.B.C.,all_seats,seat,,Bunda Vithu Varak,,285,,,latin,local_elections,e0ae2676d62a-dirty,data/goa/2012/panres_2012_Sanguem.pdf,1,page,
goa/gp_ward/2012,2062e3b64b03,Goa|2012|gp_ward|South Goa|Sanguem|Neturlim|II|,1,Goa,2012,South Goa,Sanguem,Neturlim,gram_panchayat,II,,gp_ward,ward,NONE,NONE,sc_st_bc,1,Woman,Women,all_seats,seat,,Smita Prashant Velip,,206,,,latin,local_elections,e0ae2676d62a-dirty,data/goa/2012/panres_2012_Sanguem.pdf,1,page,
goa/gp_ward/2012,0af9aa989784,Goa|2012|gp_ward|South Goa|Sanguem|Neturlim|III|,1,Goa,2012,South Goa,Sanguem,Neturlim,gram_panchayat,III,,gp_ward,ward,NONE,NONE,sc_st_bc,0,Other than Woman,General,all_seats,seat,,Vishal Kashinath Naik,,221,,,latin,local_elections,e0ae2676d62a-dirty,data/goa/2012/panres_2012_Sanguem.pdf,1,page,
goa/gp_ward/2012,7699c2a8a050,Goa|2012|gp_ward|South Goa|Sanguem|Neturlim|IV|,1,Goa,2012,South Goa,Sanguem,Neturlim,gram_panchayat,IV,,gp_ward,ward,ST,ST,sc_st_bc,0,ST Other than Woman,S.T.,all_seats,seat,,Satish Ram Gaonkar,,182,,,latin,local_elections,e0ae2676d62a-dirty,data/goa/2012/panres_2012_Sanguem.pdf,1,page,
goa/gp_ward/2012,11d294862423,Goa|2012|gp_ward|South Goa|Sanguem|Neturlim|V|,1,Goa,2012,South Goa,Sanguem,Neturlim,gram_panchayat,V,,gp_ward,ward,ST,ST,sc_st_bc,0,ST Other than Woman,S.T.,all_seats,seat,,Sashikant Shrikant Gaonkar,,53,,,latin,local_elections,e0ae2676d62a-dirty,data/goa/2012/panres_2012_Sanguem.pdf,1,page,
goa/gp_ward/2012,9d9e9e9e4105,Goa|2012|gp_ward|South Goa|Sanguem|Neturlim|VI|,1,Goa,2012,South Goa,Sanguem,Neturlim,gram_panchayat,VI,,gp_ward,ward,NONE,NONE,sc_st_bc,0,Other than Woman,General,all_seats,seat,,Mahesh Sagun Velip,,199,,,latin,local_elections,e0ae2676d62a-dirty,data/goa/2012/panres_2012_Sanguem.pdf,1,page,
goa/gp_ward/2012,c3cdc6cb712e,Goa|2012|gp_ward|South Goa|Sanguem|Neturlim|VII|,1,Goa,2012,South Goa,Sanguem,Neturlim,gram_panchayat,VII,,gp_ward,ward,NONE,NONE,sc_st_bc,1,Woman,Women,all_seats,seat,,Geeta Gajanan Gaonkar,,114,,,latin,local_elections,e0ae2676d62a-dirty,data/goa/2012/panres_2012_Sanguem.pdf,2,page,
goa/gp_ward/2012,c22fb02593dd,Goa|2012|gp_ward|South Goa|Sanguem|Rivona|I|,1,Goa,2012,South Goa,Sanguem,Rivona,gram_panchayat,I,,gp_ward,ward,ST,ST,sc_st_bc,0,ST Other than Woman,S.T.,all_seats,seat,,Sarvesh Krishna Velip,,201,,,latin,local_elections,e0ae2676d62a-dirty,data/goa/2012/panres_2012_Sanguem.pdf,2,page,
goa/gp_ward/2012,3dc6590a4620,Goa|2012|gp_ward|South Goa|Sanguem|Rivona|II|,1,Goa,2012,South Goa,Sanguem,Rivona,gram_panchayat,II,,gp_ward,ward,NONE,NONE,sc_st_bc,1,Woman,Women,all_seats,seat,,Sumitra Anand Naik,,319,,,latin,local_elections,e0ae2676d62a-dirty,data/goa/2012/panres_2012_Sanguem.pdf,2,page,
goa/gp_ward/2012,dc68bc64644f,Goa|2012|gp_ward|South Goa|Sanguem|Rivona|III|,1,Goa,2012,South Goa,Sanguem,Rivona,gram_panchayat,III,,gp_ward,ward,ST,ST,sc_st_bc,0,ST Other than Woman,S.T.,all_seats,seat,,Sandesh Babi Amolker,,165,,,latin,local_elections,e0ae2676d62a-dirty,data/goa/2012/panres_2012_Sanguem.pdf,2,page,
goa/gp_ward/2012,a9c6c1a27148,Goa|2012|gp_ward|South Goa|Sanguem|Rivona|IV|,1,Goa,2012,South Goa,Sanguem,Rivona,gram_panchayat,IV,,gp_ward,ward,NONE,NONE,sc_st_bc,1,Woman,Women,all_seats,seat,,Priyanka Putu Gaonkar,,134,,,latin,local_elections,e0ae2676d62a-dirty,data/goa/2012/panres_2012_Sanguem.pdf,2,page,
goa/gp_ward/2012,818c49aefa09,Goa|2012|gp_ward|South Goa|Sanguem|Rivona|V|,1,Goa,2012,South Goa,Sanguem,Rivona,gram_panchayat,V,,gp_ward,ward,NONE,NONE,sc_st_bc,0,Other than Woman,General,all_seats,seat,,Jose Jacinto Afonso,,205,,,latin,local_elections,e0ae2676d62a-dirty,data/goa/2012/panres_2012_Sanguem.pdf,2,page,
goa/gp_ward/2012,b0d28e35ae5d,Goa|2012|gp_ward|South Goa|Sanguem|Rivona|VI|,1,Goa,2012,South Goa,Sanguem,Rivona,gram_panchayat,VI,,gp_ward,ward,NONE,NONE,sc_st_bc,0,Other than Woman,General,all_seats,seat,,Vaishali Vaikunth Naik,,211,,,latin,local_elections,e0ae2676d62a-dirty,data/goa/2012/panres_2012_Sanguem.pdf,2,page,
goa/gp_ward/2012,10a3b9d766bc,Goa|2012|gp_ward|South Goa|Sanguem|Rivona|VII|,1,Goa,2012,South Goa,Sanguem,Rivona,gram_panchayat,VII,,gp_ward,ward,NONE,NONE,sc_st_bc,1,Woman,Women,all_seats,seat,,Suvarna Shivaji Prabhudessai,,142,,,latin,local_elections,e0ae2676d62a-dirty,data/goa/2012/panres_2012_Sanguem.pdf,2,page,
goa/gp_ward/2012,76f1bcc77d9d,Goa|2012|gp_ward|South Goa|Sanguem|Rivona|VIII|,1,Goa,2012,South Goa,Sanguem,Rivona,gram_panchayat,VIII,,gp_ward,ward,BC,BC,sc_st_bc,0,BC Other than Woman,O.B.C.,all_seats,seat,,Vijaya Rama Naik,,197,,,latin,local_elections,e0ae2676d62a-dirty,data/goa/2012/panres_2012_Sanguem.pdf,2,page,
goa/gp_ward/2012,e0771cc0e64e,Goa|2012|gp_ward|South Goa|Sanguem|Rivona|IX|,1,Goa,2012,South Goa,Sanguem,Rivona,gram_panchayat,IX,,gp_ward,ward,NONE,NONE,sc_st_bc,0,Other than Woman,General,all_seats,seat,,Olinda James Faria,,46,,,latin,local_elections,e0ae2676d62a-dirty,data/goa/2012/panres_2012_Sanguem.pdf,2,page,
goa/gp_ward/2012,c109ee151915,Goa|2012|gp_ward|South Goa|Sanguem|Sanvordem|I|,1,Goa,2012,South Goa,Sanguem,Sanvordem,gram_panchayat,I,,gp_ward,ward,BC,BC,sc_st_bc,0,BC Other than Woman,O.B.C.,all_seats,seat,,Ulhas Sada Naik,,250,,,latin,local_elections,e0ae2676d62a-dirty,data/goa/2012/panres_2012_Sanguem.pdf,2,page,
goa/gp_ward/2012,961e02be982e,Goa|2012|gp_ward|South Goa|Sanguem|Sanvordem|II|,1,Goa,2012,South Goa,Sanguem,Sanvordem,gram_panchayat,II,,gp_ward,ward,NONE,NONE,sc_st_bc,1,Woman,Women,all_seats,seat,,Unatti Manjunath Vadar,,239,,,latin,local_elections,e0ae2676d62a-dirty,data/goa/2012/panres_2012_Sanguem.pdf,2,page,
goa/gp_ward/2012,b34c518e0f79,Goa|2012|gp_ward|South Goa|Sanguem|Sanvordem|III|,1,Goa,2012,South Goa,Sanguem,Sanvordem,gram_panchayat,III,,gp_ward,ward,NONE,NONE,sc_st_bc,0,Other than Woman,General,all_seats,seat,,Deepak Shersingh Sawant,,186,,,latin,local_elections,e0ae2676d62a-dirty,data/goa/2012/panres_2012_Sanguem.pdf,2,page,
goa/gp_ward/2012,02fdccb28293,Goa|2012|gp_ward|South Goa|Sanguem|Sanvordem|IV|,1,Goa,2012,South Goa,Sanguem,Sanvordem,gram_panchayat,IV,,gp_ward,ward,NONE,NONE,sc_st_bc,1,Woman,Women,all_seats,seat,,Vinita Namdev Parsekar,,145,,,latin,local_elections,e0ae2676d62a-dirty,data/goa/2012/panres_2012_Sanguem.pdf,2,page,
goa/gp_ward/2012,9ad60525049f,Goa|2012|gp_ward|South Goa|Sanguem|Sanvordem|V|,1,Goa,2012,South Goa,Sanguem,Sanvordem,gram_panchayat,V,,gp_ward,ward,NONE,NONE,sc_st_bc,0,Other than Woman,General,all_seats,seat,,Gokuldas Kashinath Naik,,236,,,latin,local_elections,e0ae2676d62a-dirty,data/goa/2012/panres_2012_Sanguem.pdf,2,page,
goa/gp_ward/2012,628317559bf8,Goa|2012|gp_ward|South Goa|Sanguem|Sanvordem|VI|,1,Goa,2012,South Goa,Sanguem,Sanvordem,gram_panchayat,VI,,gp_ward,ward,NONE,NONE,sc_st_bc,0,Other than Woman,General,all_seats,seat,,Dattaprasad Shivanand Sawardekar,,158,,,latin,local_elections,e0ae2676d62a-dirty,data/goa/2012/panres_2012_Sanguem.pdf,2,page,
goa/gp_ward/2012,a09f7cb72de7,Goa|2012|gp_ward|South Goa|Sanguem|Sanvordem|VII|,1,Goa,2012,South Goa,Sanguem,Sanvordem,gram_panchayat,VII,,gp_ward,ward,NONE,NONE,sc_st_bc,1,Woman,Women,all_seats,seat,,Niki Nitesh Bhandari,,203,,,latin,local_elections,e0ae2676d62a-dirty,data/goa/2012/panres_2012_Sanguem.pdf,2,page,
goa/gp_ward/2012,871bf414634f,Goa|2012|gp_ward|South Goa|Sanguem|Sanvordem|VIII|,1,Goa,2012,South Goa,Sanguem,Sanvordem,gram_panchayat,VIII,,gp_ward,ward,NONE,NONE,sc_st_bc,0,Other than Woman,General,all_seats,seat,,Sashikant Vishwanath Naik,,237,,,latin,local_elections,e0ae2676d62a-dirty,data/goa/2012/panres_2012_Sanguem.pdf,2,page,
goa/gp_ward/2012,80744414dad5,Goa|2012|gp_ward|South Goa|Sanguem|Sanvordem|IX|,1,Goa,2012,South Goa,Sanguem,Sanvordem,gram_panchayat,IX,,gp_ward,ward,BC,BC,sc_st_bc,0,BC Other than Woman,O.B.C.,all_seats,seat,,Sanjay Gurudas Naik,,224,,,latin,local_elections,e0ae2676d62a-dirty,data/goa/2012/panres_2012_Sanguem.pdf,2,page,
goa/gp_ward/2012,303ff42a95aa,Goa|2012|gp_ward|South Goa|Sanguem|Uguem|I|,1,Goa,2012,South Goa,Sanguem,Uguem,gram_panchayat,I,,gp_ward,ward,NONE,NONE,sc_st_bc,0,Other than Woman,General,all_seats,seat,,Francisco Paulo Carvalho,,193,,,latin,local_elections,e0ae2676d62a-dirty,data/goa/2012/panres_2012_Sanguem.pdf,2,page,
goa/gp_ward/2012,31eeb348fe3e,Goa|2012|gp_ward|South Goa|Sanguem|Uguem|II|,1,Goa,2012,South Goa,Sanguem,Uguem,gram_panchayat,II,,gp_ward,ward,NONE,NONE,sc_st_bc,1,Woman,Women,all_seats,seat,,Ruby Gaspar Faria,,193,,,latin,local_elections,e0ae2676d62a-dirty,data/goa/2012/panres_2012_Sanguem.pdf,2,page,
goa/gp_ward/2012,5488d3200abe,Goa|2012|gp_ward|South Goa|Sanguem|Uguem|III|,1,Goa,2012,South Goa,Sanguem,Uguem,gram_panchayat,III,,gp_ward,ward,NONE,NONE,sc_st_bc,0,Other than Woman,General,all_seats,seat,,Devidas Kusta Naik,,189,,,latin,local_elections,e0ae2676d62a-dirty,data/goa/2012/panres_2012_Sanguem.pdf,2,page,
goa/gp_ward/2012,8f07cbde3c25,Goa|2012|gp_ward|South Goa|Sanguem|Uguem|IV|,1,Goa,2012,South Goa,Sanguem,Uguem,gram_panchayat,IV,,gp_ward,ward,ST,ST,sc_st_bc,0,ST Other than Woman,S.T.,all_seats,seat,,Dashrath Chandrakant Gaonkar,,364,,,latin,local_elections,e0ae2676d62a-dirty,data/goa/2012/panres_2012_Sanguem.pdf,2,page,
goa/gp_ward/2012,34f79201e328,Goa|2012|gp_ward|South Goa|Sanguem|Uguem|V|,1,Goa,2012,South Goa,Sanguem,Uguem,gram_panchayat,V,,gp_ward,ward,BC,BC,sc_st_bc,0,BC Other than Woman,O.B.C.,all_seats,seat,,Amey Rajanikant Naik,,112,,,latin,local_elections,e0ae2676d62a-dirty,data/goa/2012/panres_2012_Sanguem.pdf,2,page,
goa/gp_ward/2012,aba5690a0c56,Goa|2012|gp_ward|South Goa|Sanguem|Uguem|VI|,1,Goa,2012,South Goa,Sanguem,Uguem,gram_panchayat,VI,,gp_ward,ward,NONE,NONE,sc_st_bc,0,Other than Woman,General,all_seats,seat,,Vithal Lolu Gaonkar,,337,,,latin,local_elections,e0ae2676d62a-dirty,data/goa/2012/panres_2012_Sanguem.pdf,2,page,
goa/gp_ward/2012,50a5665fa1a7,Goa|2012|gp_ward|South Goa|Sanguem|Uguem|VII|,1,Goa,2012,South Goa,Sanguem,Uguem,gram_panchayat,VII,,gp_ward,ward,NONE,NONE,sc_st_bc,1,Woman,Women,all_seats,seat,,Suhasini Subhash Gaonkar,,192,,,latin,local_elections,e0ae2676d62a-dirty,data/goa/2012/panres_2012_Sanguem.pdf,2,page,
goa/gp_ward/2012,87a7cfc42493,Goa|2012|gp_ward|North Goa|Sattari|BHIRONDEM|I|,1,Goa,2012,North Goa,Sattari,BHIRONDEM,gram_panchayat,I,,gp_ward,ward,ST,ST,sc_st_bc,0,ST Other than Woman,S.T.,all_seats,seat,,Gokuldas Govind Gawade,,151,,,latin,local_elections,e0ae2676d62a-dirty,data/goa/2012/panres_2012_Sattari.pdf,1,page,
goa/gp_ward/2012,cc0268b8d48c,Goa|2012|gp_ward|North Goa|Sattari|BHIRONDEM|II|,1,Goa,2012,North Goa,Sattari,BHIRONDEM,gram_panchayat,II,,gp_ward,ward,NONE,NONE,sc_st_bc,1,Woman,Women,all_seats,seat,,Harsha Harichandra Kansekar,,103,,,latin,local_elections,e0ae2676d62a-dirty,data/goa/2012/panres_2012_Sattari.pdf,1,page,
goa/gp_ward/2012,a12e0644c55f,Goa|2012|gp_ward|North Goa|Sattari|BHIRONDEM|III|,1,Goa,2012,North Goa,Sattari,BHIRONDEM,gram_panchayat,III,,gp_ward,ward,NONE,NONE,sc_st_bc,0,Other than Woman,General,all_seats,seat,,Nitin Bablo Shivdekar,,95,,,latin,local_elections,e0ae2676d62a-dirty,data/goa/2012/panres_2012_Sattari.pdf,1,page,
goa/gp_ward/2012,1ecd31a9bb07,Goa|2012|gp_ward|North Goa|Sattari|BHIRONDEM|IV|,1,Goa,2012,North Goa,Sattari,BHIRONDEM,gram_panchayat,IV,,gp_ward,ward,NONE,NONE,sc_st_bc,0,Other than Woman,General,all_seats,seat,,Suvarnmala Venkatesh Dessai,,281,,,latin,local_elections,e0ae2676d62a-dirty,data/goa/2012/panres_2012_Sattari.pdf,1,page,
goa/gp_ward/2012,59cbe3d10031,Goa|2012|gp_ward|North Goa|Sattari|BHIRONDEM|V|,1,Goa,2012,North Goa,Sattari,BHIRONDEM,gram_panchayat,V,,gp_ward,ward,NONE,NONE,sc_st_bc,0,Other than Woman,General,all_seats,seat,,Subodh Shridhar Desai,,195,,,latin,local_elections,e0ae2676d62a-dirty,data/goa/2012/panres_2012_Sattari.pdf,1,page,
goa/gp_ward/2012,9bd6fd6cc504,Goa|2012|gp_ward|North Goa|Sattari|BHIRONDEM|VI|,1,Goa,2012,North Goa,Sattari,BHIRONDEM,gram_panchayat,VI,,gp_ward,ward,NONE,NONE,sc_st_bc,0,Other than Woman,General,all_seats,seat,,Sukdo Devgo Gaonkar,,129,,,latin,local_elections,e0ae2676d62a-dirty,data/goa/2012/panres_2012_Sattari.pdf,1,page,
goa/gp_ward/2012,25b853c0ebcf,Goa|2012|gp_ward|North Goa|Sattari|BHIRONDEM|VII|,1,Goa,2012,North Goa,Sattari,BHIRONDEM,gram_panchayat,VII,,gp_ward,ward,NONE,NONE,sc_st_bc,1,Woman,Women,all_seats,seat,,Tereza Estev Andrad,,180,,,latin,local_elections,e0ae2676d62a-dirty,data/goa/2012/panres_2012_Sattari.pdf,1,page,
goa/gp_ward/2012,c3987c6cb49d,Goa|2012|gp_ward|North Goa|Sattari|COTOREM|I|,1,Goa,2012,North Goa,Sattari,COTOREM,gram_panchayat,I,,gp_ward,ward,NONE,NONE,sc_st_bc,0,Other than Woman,General,all_seats,seat,,Narayan Vishnu Mhalshekar,,227,,,latin,local_elections,e0ae2676d62a-dirty,data/goa/2012/panres_2012_Sattari.pdf,1,page,
goa/gp_ward/2012,9b4e3075f3fe,Goa|2012|gp_ward|North Goa|Sattari|COTOREM|II|,1,Goa,2012,North Goa,Sattari,COTOREM,gram_panchayat,II,,gp_ward,ward,NONE,NONE,sc_st_bc,1,Woman,Women,all_seats,seat,,Bhagyashri Bharat Naik,,115,,,latin,local_elections,e0ae2676d62a-dirty,data/goa/2012/panres_2012_Sattari.pdf,1,page,
goa/gp_ward/2012,408415d513ab,Goa|2012|gp_ward|North Goa|Sattari|COTOREM|III|,1,Goa,2012,North Goa,Sattari,COTOREM,gram_panchayat,III,,gp_ward,ward,BC,BC,sc_st_bc,0,BC Other than Woman,O.B.C.,all_seats,seat,,Smt. Swagata Vidhyanand Naik,,Unopposed,,,latin,local_elections,e0ae2676d62a-dirty,data/goa/2012/panres_2012_Sattari.pdf,1,page,
goa/gp_ward/2012,04caacbadf4f,Goa|2012|gp_ward|North Goa|Sattari|COTOREM|IV|,1,Goa,2012,North Goa,Sattari,COTOREM,gram_panchayat,IV,,gp_ward,ward,NONE,NONE,sc_st_bc,0,Other than Woman,General,all_seats,seat,,Vinayak Balkrishna Sawaikar,,199,,,latin,local_elections,e0ae2676d62a-dirty,data/goa/2012/panres_2012_Sattari.pdf,1,page,
goa/gp_ward/2012,3e6dc997a3bd,Goa|2012|gp_ward|North Goa|Sattari|COTOREM|V|,1,Goa,2012,North Goa,Sattari,COTOREM,gram_panchayat,V,,gp_ward,ward,NONE,NONE,sc_st_bc,0,Other than Woman,General,all_seats,seat,,Ramnath Raghalo Gaude,,240,,,latin,local_elections,e0ae2676d62a-dirty,data/goa/2012/panres_2012_Sattari.pdf,1,page,
goa/gp_ward/2012,2d56697d37c8,Goa|2012|gp_ward|North Goa|Sattari|COTOREM|VI|,1,Goa,2012,North Goa,Sattari,COTOREM,gram_panchayat,VI,,gp_ward,ward,NONE,NONE,sc_st_bc,0,Other than Woman,General,all_seats,seat,,Sakaram Laxman Gaonkar,,250,,,latin,local_elections,e0ae2676d62a-dirty,data/goa/2012/panres_2012_Sattari.pdf,1,page,
goa/gp_ward/2012,38a01e8ea06d,Goa|2012|gp_ward|North Goa|Sattari|COTOREM|VII|,1,Goa,2012,North Goa,Sattari,COTOREM,gram_panchayat,VII,,gp_ward,ward,NONE,NONE,sc_st_bc,1,Woman,Women,all_seats,seat,,Suvama Rajesh Gaonkar,,172,,,latin,local_elections,e0ae2676d62a-dirty,data/goa/2012/panres_2012_Sattari.pdf,1,page,
goa/gp_ward/2012,9896e7a3ef09,Goa|2012|gp_ward|North Goa|Sattari|DONGURLI-THANE|I|,1,Goa,2012,North Goa,Sattari,DONGURLI-THANE,gram_panchayat,I,,gp_ward,ward,NONE,NONE,sc_st_bc,0,Other than Woman,General,all_seats,seat,,Sanjay Dattaram Parwar,,131,,,latin,local_elections,e0ae2676d62a-dirty,data/goa/2012/panres_2012_Sattari.pdf,1,page,
goa/gp_ward/2012,9b442820b211,Goa|2012|gp_ward|North Goa|Sattari|DONGURLI-THANE|II|,1,Goa,2012,North Goa,Sattari,DONGURLI-THANE,gram_panchayat,II,,gp_ward,ward,NONE,NONE,sc_st_bc,1,Woman,Women,all_seats,seat,,Shreya Shrikant Gaonkar,,137,,,latin,local_elections,e0ae2676d62a-dirty,data/goa/2012/panres_2012_Sattari.pdf,1,page,
goa/gp_ward/2012,d2c427cc975c,Goa|2012|gp_ward|North Goa|Sattari|DONGURLI-THANE|III|,1,Goa,2012,North Goa,Sattari,DONGURLI-THANE,gram_panchayat,III,,gp_ward,ward,NONE,NONE,sc_st_bc,0,Other than Woman,General,all_seats,seat,,Arjun Bhiso Sawant,,257,,,latin,local_elections,e0ae2676d62a-dirty,data/goa/2012/panres_2012_Sattari.pdf,1,page,
goa/gp_ward/2012,eefc55da55f6,Goa|2012|gp_ward|North Goa|Sattari|DONGURLI-THANE|IV|,1,Goa,2012,North Goa,Sattari,DONGURLI-THANE,gram_panchayat,IV,,gp_ward,ward,NONE,NONE,sc_st_bc,1,Woman,Women,all_seats,seat,,Sarita Fatgo Gaonkar,,195,,,latin,local_elections,e0ae2676d62a-dirty,data/goa/2012/panres_2012_Sattari.pdf,1,page,
goa/gp_ward/2012,9b5c59189302,Goa|2012|gp_ward|North Goa|Sattari|DONGURLI-THANE|V|,1,Goa,2012,North Goa,Sattari,DONGURLI-THANE,gram_panchayat,V,,gp_ward,ward,NONE,NONE,sc_st_bc,0,Other than Woman,General,all_seats,seat,,Anikita Atmaram Gawas,,248,,,latin,local_elections,e0ae2676d62a-dirty,data/goa/2012/panres_2012_Sattari.pdf,1,page,
goa/gp_ward/2012,ee39ea698df1,Goa|2012|gp_ward|North Goa|Sattari|DONGURLI-THANE|VI|,1,Goa,2012,North Goa,Sattari,DONGURLI-THANE,gram_panchayat,VI,,gp_ward,ward,NONE,NONE,sc_st_bc,0,Other than Woman,General,all_seats,seat,,Mahadev Dholo Gaonkar,,192,,,latin,local_elections,e0ae2676d62a-dirty,data/goa/2012/panres_2012_Sattari.pdf,1,page,
goa/gp_ward/2012,6fac5d7fdcda,Goa|2012|gp_ward|North Goa|Sattari|DONGURLI-THANE|VII|,1,Goa,2012,North Goa,Sattari,DONGURLI-THANE,gram_panchayat,VII,,gp_ward,ward,NONE,NONE,sc_st_bc,1,Woman,Women,all_seats,seat,,Gautami Gundu Gawas,,191,,,latin,local_elections,e0ae2676d62a-dirty,data/goa/2012/panres_2012_Sattari.pdf,1,page,
goa/gp_ward/2012,611815e01ee6,Goa|2012|gp_ward|North Goa|Sattari|DONGURLI-THANE|VIII|,1,Goa,2012,North Goa,Sattari,DONGURLI-THANE,gram_panchayat,VIII,,gp_ward,ward,NONE,NONE,sc_st_bc,0,Other than Woman,General,all_seats,seat,,Govind Babu Korgaonkar,,173,,,latin,local_elections,e0ae2676d62a-dirty,data/goa/2012/panres_2012_Sattari.pdf,1,page,
goa/gp_ward/2012,3f0868258854,Goa|2012|gp_ward|North Goa|Sattari|DONGURLI-THANE|IX|,1,Goa,2012,North Goa,Sattari,DONGURLI-THANE,gram_panchayat,IX,,gp_ward,ward,NONE,NONE,sc_st_bc,0,Other than Woman,General,all_seats,seat,,Santosh Babu Gaonkar,,91,,,latin,local_elections,e0ae2676d62a-dirty,data/goa/2012/panres_2012_Sattari.pdf,1,page,
goa/gp_ward/2012,5d61e5f3189d,Goa|2012|gp_ward|North Goa|Sattari|GULELI|I|,1,Goa,2012,North Goa,Sattari,GULELI,gram_panchayat,I,,gp_ward,ward,NONE,NONE,sc_st_bc,0,Other than Woman,General,all_seats,seat,,Vishant Yoganand Nabar,,137,,,latin,local_elections,e0ae2676d62a-dirty,data/goa/2012/panres_2012_Sattari.pdf,1,page,
goa/gp_ward/2012,068a68f47659,Goa|2012|gp_ward|North Goa|Sattari|GULELI|II|,1,Goa,2012,North Goa,Sattari,GULELI,gram_panchayat,II,,gp_ward,ward,NONE,NONE,sc_st_bc,1,Woman,Women,all_seats,seat,,Nita Namdev Gaonkar,,266,,,latin,local_elections,e0ae2676d62a-dirty,data/goa/2012/panres_2012_Sattari.pdf,1,page,
goa/gp_ward/2012,36f0bdcf3ecd,Goa|2012|gp_ward|North Goa|Sattari|GULELI|III|,1,Goa,2012,North Goa,Sattari,GULELI,gram_panchayat,III,,gp_ward,ward,ST,ST,sc_st_bc,0,ST Other than Woman,S.T.,all_seats,seat,,Rohidas Vishnu Gaonkar,,131,,,latin,local_elections,e0ae2676d62a-dirty,data/goa/2012/panres_2012_Sattari.pdf,1,page,
goa/gp_ward/2012,12845dbcc140,Goa|2012|gp_ward|North Goa|Sattari|GULELI|IV|,1,Goa,2012,North Goa,Sattari,GULELI,gram_panchayat,IV,,gp_ward,ward,BC,BC,sc_st_bc,0,BC Other than Woman,O.B.C.,all_seats,seat,,Prakash Vithal Naik,,109,,,latin,local_elections,e0ae2676d62a-dirty,data/goa/2012/panres_2012_Sattari.pdf,2,page,
goa/gp_ward/2012,ae2145db0a1e,Goa|2012|gp_ward|North Goa|Sattari|GULELI|V|,1,Goa,2012,North Goa,Sattari,GULELI,gram_panchayat,V,,gp_ward,ward,NONE,NONE,sc_st_bc,0,Other than Woman,General,all_seats,seat,,Lahu Keshav Gaonkar,,70,,,latin,local_elections,e0ae2676d62a-dirty,data/goa/2012/panres_2012_Sattari.pdf,2,page,
goa/gp_ward/2012,9f56ceef275e,Goa|2012|gp_ward|North Goa|Sattari|GULELI|VI|,1,Goa,2012,North Goa,Sattari,GULELI,gram_panchayat,VI,,gp_ward,ward,NONE,NONE,sc_st_bc,0,Other than Woman,General,all_seats,seat,,Anjay Bhalchandra Naik,,124,,,latin,local_elections,e0ae2676d62a-dirty,data/goa/2012/panres_2012_Sattari.pdf,2,page,
goa/gp_ward/2012,22fa867c9ed1,Goa|2012|gp_ward|North Goa|Sattari|GULELI|VII|,1,Goa,2012,North Goa,Sattari,GULELI,gram_panchayat,VII,,gp_ward,ward,NONE,NONE,sc_st_bc,1,Woman,Women,all_seats,seat,,Ujwala Uttam Melekar,,104,,,latin,local_elections,e0ae2676d62a-dirty,data/goa/2012/panres_2012_Sattari.pdf,2,page,
goa/gp_ward/2012,9046bad78ba7,Goa|2012|gp_ward|North Goa|Sattari|HONDA|I|,1,Goa,2012,North Goa,Sattari,HONDA,gram_panchayat,I,,gp_ward,ward,NONE,NONE,sc_st_bc,0,Other than Woman,General,all_seats,seat,,Suresh Babu Madkar,,214,,,latin,local_elections,e0ae2676d62a-dirty,data/goa/2012/panres_2012_Sattari.pdf,2,page,
goa/gp_ward/2012,88e375b0b7a2,Goa|2012|gp_ward|North Goa|Sattari|HONDA|II|,1,Goa,2012,North Goa,Sattari,HONDA,gram_panchayat,II,,gp_ward,ward,NONE,NONE,sc_st_bc,1,Woman,Women,all_seats,seat,,Surekha Pandurang Naik,,117,,,latin,local_elections,e0ae2676d62a-dirty,data/goa/2012/panres_2012_Sattari.pdf,2,page,
goa/gp_ward/2012,ee93fa678b4a,Goa|2012|gp_ward|North Goa|Sattari|HONDA|III|,1,Goa,2012,North Goa,Sattari,HONDA,gram_panchayat,III,,gp_ward,ward,ST,ST,sc_st_bc,0,ST Other than Woman,S.T.,all_seats,seat,,Ulhas Vyankatesh Gawade,,193,,,latin,local_elections,e0ae2676d62a-dirty,data/goa/2012/panres_2012_Sattari.pdf,2,page,
goa/gp_ward/2012,c6c06e4b686c,Goa|2012|gp_ward|North Goa|Sattari|HONDA|IV|,1,Goa,2012,North Goa,Sattari,HONDA,gram_panchayat,IV,,gp_ward,ward,NONE,NONE,sc_st_bc,1,Woman,Women,all_seats,seat,,Urmila Uttam Mainkar,,134,,,latin,local_elections,e0ae2676d62a-dirty,data/goa/2012/panres_2012_Sattari.pdf,2,page,
goa/gp_ward/2012,6965929e3a2a,Goa|2012|gp_ward|North Goa|Sattari|HONDA|V|,1,Goa,2012,North Goa,Sattari,HONDA,gram_panchayat,V,,gp_ward,ward,BC,BC,sc_st_bc,0,BC Other than Woman,O.B.C.,all_seats,seat,,Tulshi Rama Navelkar,,170,,,latin,local_elections,e0ae2676d62a-dirty,data/goa/2012/panres_2012_Sattari.pdf,2,page,
goa/gp_ward/2012,79cf191a68c1,Goa|2012|gp_ward|North Goa|Sattari|HONDA|VI|,1,Goa,2012,North Goa,Sattari,HONDA,gram_panchayat,VI,,gp_ward,ward,NONE,NONE,sc_st_bc,0,Other than Woman,General,all_seats,seat,,Shivdas Shrikant Madkar,,326,,,latin,local_elections,e0ae2676d62a-dirty,data/goa/2012/panres_2012_Sattari.pdf,2,page,
goa/gp_ward/2012,42992c52ad1c,Goa|2012|gp_ward|North Goa|Sattari|HONDA|VII|,1,Goa,2012,North Goa,Sattari,HONDA,gram_panchayat,VII,,gp_ward,ward,NONE,NONE,sc_st_bc,1,Woman,Women,all_seats,seat,,Lata Bhimrao Rane,,345,,,latin,local_elections,e0ae2676d62a-dirty,data/goa/2012/panres_2012_Sattari.pdf,2,page,
goa/gp_ward/2012,4cf81280a951,Goa|2012|gp_ward|North Goa|Sattari|HONDA|VIII|,1,Goa,2012,North Goa,Sattari,HONDA,gram_panchayat,VIII,,gp_ward,ward,NONE,NONE,sc_st_bc,0,Other than Woman,General,all_seats,seat,,Vidhya Suryakant Desai,,307,,,latin,local_elections,e0ae2676d62a-dirty,data/goa/2012/panres_2012_Sattari.pdf,2,page,
goa/gp_ward/2012,3cd0882accfd,Goa|2012|gp_ward|North Goa|Sattari|HONDA|IX|,1,Goa,2012,North Goa,Sattari,HONDA,gram_panchayat,IX,,gp_ward,ward,NONE,NONE,sc_st_bc,0,Other than Woman,General,all_seats,seat,,Shashikala Krishnarao Rane,,509,,,latin,local_elections,e0ae2676d62a-dirty,data/goa/2012/panres_2012_Sattari.pdf,2,page,
goa/gp_ward/2012,615c8e0143b2,Goa|2012|gp_ward|North Goa|Sattari|MAUXI|I|,1,Goa,2012,North Goa,Sattari,MAUXI,gram_panchayat,I,,gp_ward,ward,NONE,NONE,sc_st_bc,0,Other than Woman,General,all_seats,seat,,Shri Vithoba Shankar Sawant,,Unopposed,,,latin,local_elections,e0ae2676d62a-dirty,data/goa/2012/panres_2012_Sattari.pdf,2,page,
goa/gp_ward/2012,2e764ab7a29e,Goa|2012|gp_ward|North Goa|Sattari|MAUXI|II|,1,Goa,2012,North Goa,Sattari,MAUXI,gram_panchayat,II,,gp_ward,ward,NONE,NONE,sc_st_bc,1,Woman,Women,all_seats,seat,,Preeti Pandurang Sawant,,269,,,latin,local_elections,e0ae2676d62a-dirty,data/goa/2012/panres_2012_Sattari.pdf,2,page,
goa/gp_ward/2012,38638afb66d5,Goa|2012|gp_ward|North Goa|Sattari|MAUXI|III|,1,Goa,2012,North Goa,Sattari,MAUXI,gram_panchayat,III,,gp_ward,ward,NONE,NONE,sc_st_bc,0,Other than Woman,General,all_seats,seat,,Shri Bhalchandra Raghu Gawas,,Unopposed,,,latin,local_elections,e0ae2676d62a-dirty,data/goa/2012/panres_2012_Sattari.pdf,2,page,
goa/gp_ward/2012,2f0a19054c99,Goa|2012|gp_ward|North Goa|Sattari|MAUXI|IV|,1,Goa,2012,North Goa,Sattari,MAUXI,gram_panchayat,IV,,gp_ward,ward,NONE,NONE,sc_st_bc,0,Other than Woman,General,all_seats,seat,,Datta Budho Gawas,,404,,,latin,local_elections,e0ae2676d62a-dirty,data/goa/2012/panres_2012_Sattari.pdf,2,page,
goa/gp_ward/2012,c5f8191cc5db,Goa|2012|gp_ward|North Goa|Sattari|MAUXI|V|,1,Goa,2012,North Goa,Sattari,MAUXI,gram_panchayat,V,,gp_ward,ward,NONE,NONE,sc_st_bc,0,Other than Woman,General,all_seats,seat,,Vatu Vithal Gaonkar,,190,,,latin,local_elections,e0ae2676d62a-dirty,data/goa/2012/panres_2012_Sattari.pdf,2,page,
goa/gp_ward/2012,42e1bbe9c5fb,Goa|2012|gp_ward|North Goa|Sattari|MAUXI|VI|,1,Goa,2012,North Goa,Sattari,MAUXI,gram_panchayat,VI,,gp_ward,ward,NONE,NONE,sc_st_bc,0,Other than Woman,General,all_seats,seat,,Tukaram Rajgo Gaonkar,,188,,,latin,local_elections,e0ae2676d62a-dirty,data/goa/2012/panres_2012_Sattari.pdf,2,page,
goa/gp_ward/2012,9009b49eba52,Goa|2012|gp_ward|North Goa|Sattari|MAUXI|VII|,1,Goa,2012,North Goa,Sattari,MAUXI,gram_panchayat,VII,,gp_ward,ward,BC,BC,sc_st_bc,1,BC Woman,OBC Wom,all_seats,seat,,Josna Janu Kale,,132,,,latin,local_elections,e0ae2676d62a-dirty,data/goa/2012/panres_2012_Sattari.pdf,2,page,
goa/gp_ward/2012,758330fcc5d5,Goa|2012|gp_ward|North Goa|Sattari|MORLEM|I|,1,Goa,2012,North Goa,Sattari,MORLEM,gram_panchayat,I,,gp_ward,ward,NONE,NONE,sc_st_bc,0,Other than Woman,General,all_seats,seat,,Sushant Mahadev Paste,,157,,,latin,local_elections,e0ae2676d62a-dirty,data/goa/2012/panres_2012_Sattari.pdf,2,page,
goa/gp_ward/2012,e0c5539e73aa,Goa|2012|gp_ward|North Goa|Sattari|MORLEM|II|,1,Goa,2012,North Goa,Sattari,MORLEM,gram_panchayat,II,,gp_ward,ward,NONE,NONE,sc_st_bc,1,Woman,Women,all_seats,seat,,Divya Devidas Mhapsekar,,107,,,latin,local_elections,e0ae2676d62a-dirty,data/goa/2012/panres_2012_Sattari.pdf,2,page,
goa/gp_ward/2012,0c581de8215a,Goa|2012|gp_ward|North Goa|Sattari|MORLEM|III|,1,Goa,2012,North Goa,Sattari,MORLEM,gram_panchayat,III,,gp_ward,ward,NONE,NONE,sc_st_bc,0,Other than Woman,General,all_seats,seat,,Kusta Pundalik Gaonkar,,96,,,latin,local_elections,e0ae2676d62a-dirty,data/goa/2012/panres_2012_Sattari.pdf,2,page,
goa/gp_ward/2012,f0a61c6bb09f,Goa|2012|gp_ward|North Goa|Sattari|MORLEM|IV|,1,Goa,2012,North Goa,Sattari,MORLEM,gram_panchayat,IV,,gp_ward,ward,NONE,NONE,sc_st_bc,0,Other than Woman,General,all_seats,seat,,Jairam Vithoba Gaonkar,,109,,,latin,local_elections,e0ae2676d62a-dirty,data/goa/2012/panres_2012_Sattari.pdf,2,page,
goa/gp_ward/2012,924231e22af2,Goa|2012|gp_ward|North Goa|Sattari|MORLEM|V|,1,Goa,2012,North Goa,Sattari,MORLEM,gram_panchayat,V,,gp_ward,ward,NONE,NONE,sc_st_bc,0,Other than Woman,General,all_seats,seat,,Babaji Vithal Gawas,,239,,,latin,local_elections,e0ae2676d62a-dirty,data/goa/2012/panres_2012_Sattari.pdf,2,page,
goa/gp_ward/2012,967e6d54bbe5,Goa|2012|gp_ward|North Goa|Sattari|MORLEM|VI|,1,Goa,2012,North Goa,Sattari,MORLEM,gram_panchayat,VI,,gp_ward,ward,NONE,NONE,sc_st_bc,0,Other than Woman,General,all_seats,seat,,Anant Bhagle Naik,,164,,,latin,local_elections,e0ae2676d62a-dirty,data/goa/2012/panres_2012_Sattari.pdf,2,page,
goa/gp_ward/2012,6ad0c18a301a,Goa|2012|gp_ward|North Goa|Sattari|MORLEM|VII|,1,Goa,2012,North Goa,Sattari,MORLEM,gram_panchayat,VII,,gp_ward,ward,NONE,NONE,sc_st_bc,1,Woman,Women,all_seats,seat,,Parvati Mahadev Mainkar,,107,,,latin,local_elections,e0ae2676d62a-dirty,data/goa/2012/panres_2012_Sattari.pdf,2,page,
goa/gp_ward/2012,e3320b1ed14e,Goa|2012|gp_ward|North Goa|Sattari|NAGARGAO|I|,1,Goa,2012,North Goa,Sattari,NAGARGAO,gram_panchayat,I,,gp_ward,ward,BC,BC,sc_st_bc,0,BC Other than Woman,O.B.C.,all_seats,seat,,Rama Bhago Kharvat,,219,,,latin,local_elections,e0ae2676d62a-dirty,data/goa/2012/panres_2012_Sattari.pdf,2,page,
goa/gp_ward/2012,6eed9b33264e,Goa|2012|gp_ward|North Goa|Sattari|NAGARGAO|II|,1,Goa,2012,North Goa,Sattari,NAGARGAO,gram_panchayat,II,,gp_ward,ward,NONE,NONE,sc_st_bc,1,Woman,Women,all_seats,seat,,Gopika Bablo Gaonkar,,220,,,latin,local_elections,e0ae2676d62a-dirty,data/goa/2012/panres_2012_Sattari.pdf,2,page,
goa/gp_ward/2012,ea18f476b009,Goa|2012|gp_ward|North Goa|Sattari|NAGARGAO|III|,1,Goa,2012,North Goa,Sattari,NAGARGAO,gram_panchayat,III,,gp_ward,ward,NONE,NONE,sc_st_bc,0,Other than Woman,General,all_seats,seat,,Ramesh Vishwanath Joshi,,190,,,latin,local_elections,e0ae2676d62a-dirty,data/goa/2012/panres_2012_Sattari.pdf,2,page,
goa/gp_ward/2012,99683f63b727,Goa|2012|gp_ward|North Goa|Sattari|NAGARGAO|IV|,1,Goa,2012,North Goa,Sattari,NAGARGAO,gram_panchayat,IV,,gp_ward,ward,NONE,NONE,sc_st_bc,0,Other than Woman,General,all_seats,seat,,Samir Sakharam Joshi,,243,,,latin,local_elections,e0ae2676d62a-dirty,data/goa/2012/panres_2012_Sattari.pdf,3,page,
goa/gp_ward/2012,370e015d9182,Goa|2012|gp_ward|North Goa|Sattari|NAGARGAO|V|,1,Goa,2012,North Goa,Sattari,NAGARGAO,gram_panchayat,V,,gp_ward,ward,NONE,NONE,sc_st_bc,0,Other than Woman,General,all_seats,seat,,Laximan Ladu Harvalkar,,130,,,latin,local_elections,e0ae2676d62a-dirty,data/goa/2012/panres_2012_Sattari.pdf,3,page,
goa/gp_ward/2012,617ad02c2aaf,Goa|2012|gp_ward|North Goa|Sattari|NAGARGAO|VI|,1,Goa,2012,North Goa,Sattari,NAGARGAO,gram_panchayat,VI,,gp_ward,ward,NONE,NONE,sc_st_bc,0,Other than Woman,General,all_seats,seat,,Vamanarao Santobarao Desai,,218,,,latin,local_elections,e0ae2676d62a-dirty,data/goa/2012/panres_2012_Sattari.pdf,3,page,
goa/gp_ward/2012,96bc8ee0aa3b,Goa|2012|gp_ward|North Goa|Sattari|NAGARGAO|VII|,1,Goa,2012,North Goa,Sattari,NAGARGAO,gram_panchayat,VII,,gp_ward,ward,NONE,NONE,sc_st_bc,1,Woman,Women,all_seats,seat,,Urmila Laxman Gawas,,236,,,latin,local_elections,e0ae2676d62a-dirty,data/goa/2012/panres_2012_Sattari.pdf,3,page,
goa/gp_ward/2012,2f3afcfb6109,Goa|2012|gp_ward|North Goa|Sattari|PISSURLEM|I|,1,Goa,2012,North Goa,Sattari,PISSURLEM,gram_panchayat,I,,gp_ward,ward,NONE,NONE,sc_st_bc,0,Other than Woman,General,all_seats,seat,,Laxman Shantaram Gaude,,163,,,latin,local_elections,e0ae2676d62a-dirty,data/goa/2012/panres_2012_Sattari.pdf,3,page,
goa/gp_ward/2012,4908ed04a58d,Goa|2012|gp_ward|North Goa|Sattari|PISSURLEM|II|,1,Goa,2012,North Goa,Sattari,PISSURLEM,gram_panchayat,II,,gp_ward,ward,ST,ST,sc_st_bc,1,ST Woman,ST Wom,all_seats,seat,,Nayan Uday Gawade,,117,,,latin,local_elections,e0ae2676d62a-dirty,data/goa/2012/panres_2012_Sattari.pdf,3,page,
goa/gp_ward/2012,f11107f3972e,Goa|2012|gp_ward|North Goa|Sattari|PISSURLEM|III|,1,Goa,2012,North Goa,Sattari,PISSURLEM,gram_panchayat,III,,gp_ward,ward,NONE,NONE,sc_st_bc,0,Other than Woman,General,all_seats,seat,,Sagun Sitaram Vadkar,,147,,,latin,local_elections,e0ae2676d62a-dirty,data/goa/2012/panres_2012_Sattari.pdf,3,page,
goa/gp_ward/2012,8095daec8ac8,Goa|2012|gp_ward|North Goa|Sattari|PISSURLEM|IV|,1,Goa,2012,North Goa,Sattari,PISSURLEM,gram_panchayat,IV,,gp_ward,ward,NONE,NONE,sc_st_bc,0,Other than Woman,General,all_seats,seat,,Vijay Krishna Parab,,160,,,latin,local_elections,e0ae2676d62a-dirty,data/goa/2012/panres_2012_Sattari.pdf,3,page,
goa/gp_ward/2012,c2e7b743559e,Goa|2012|gp_ward|North Goa|Sattari|PISSURLEM|V|,1,Goa,2012,North Goa,Sattari,PISSURLEM,gram_panchayat,V,,gp_ward,ward,NONE,NONE,sc_st_bc,0,Other than Woman,General,all_seats,seat,,Devanand Vassant Parab,,216,,,latin,local_elections,e0ae2676d62a-dirty,data/goa/2012/panres_2012_Sattari.pdf,3,page,
goa/gp_ward/2012,a8e82ec07def,Goa|2012|gp_ward|North Goa|Sattari|PISSURLEM|VI|,1,Goa,2012,North Goa,Sattari,PISSURLEM,gram_panchayat,VI,,gp_ward,ward,NONE,NONE,sc_st_bc,0,Other than Woman,General,all_seats,seat,,Narendra Ganaba Gaude,,171,,,latin,local_elections,e0ae2676d62a-dirty,data/goa/2012/panres_2012_Sattari.pdf,3,page,
goa/gp_ward/2012,2104a2fc1501,Goa|2012|gp_ward|North Goa|Sattari|PISSURLEM|VII|,1,Goa,2012,North Goa,Sattari,PISSURLEM,gram_panchayat,VII,,gp_ward,ward,BC,BC,sc_st_bc,1,BC Woman,OBC Wom,all_seats,seat,,Vaibhavi Vitho Humane,,115,,,latin,local_elections,e0ae2676d62a-dirty,data/goa/2012/panres_2012_Sattari.pdf,3,page,
goa/gp_ward/2012,f8537e05e0ae,Goa|2012|gp_ward|North Goa|Sattari|PORIEM|I|,1,Goa,2012,North Goa,Sattari,PORIEM,gram_panchayat,I,,gp_ward,ward,NONE,NONE,sc_st_bc,0,Other than Woman,General,all_seats,seat,,Guduras Vasu Gurav,,238,,,latin,local_elections,e0ae2676d62a-dirty,data/goa/2012/panres_2012_Sattari.pdf,3,page,
goa/gp_ward/2012,fc33509f789f,Goa|2012|gp_ward|North Goa|Sattari|PORIEM|II|,1,Goa,2012,North Goa,Sattari,PORIEM,gram_panchayat,II,,gp_ward,ward,NONE,NONE,sc_st_bc,1,Woman,Women,all_seats,seat,,Laxmi Jayaram Naik,,144,,,latin,local_elections,e0ae2676d62a-dirty,data/goa/2012/panres_2012_Sattari.pdf,3,page,
goa/gp_ward/2012,73c8a559ef50,Goa|2012|gp_ward|North Goa|Sattari|PORIEM|III|,1,Goa,2012,North Goa,Sattari,PORIEM,gram_panchayat,III,,gp_ward,ward,NONE,NONE,sc_st_bc,0,Other than Woman,General,all_seats,seat,,Anil Laxman Majik,,193,,,latin,local_elections,e0ae2676d62a-dirty,data/goa/2012/panres_2012_Sattari.pdf,3,page,
goa/gp_ward/2012,5ac854e29ebf,Goa|2012|gp_ward|North Goa|Sattari|PORIEM|IV|,1,Goa,2012,North Goa,Sattari,PORIEM,gram_panchayat,IV,,gp_ward,ward,NONE,NONE,sc_st_bc,0,Other than Woman,General,all_seats,seat,,Yeshwant Atchut Nak,,184,,,latin,local_elections,e0ae2676d62a-dirty,data/goa/2012/panres_2012_Sattari.pdf,3,page,
goa/gp_ward/2012,75059a7f05c3,Goa|2012|gp_ward|North Goa|Sattari|PORIEM|V|,1,Goa,2012,North Goa,Sattari,PORIEM,gram_panchayat,V,,gp_ward,ward,NONE,NONE,sc_st_bc,0,Other than Woman,General,all_seats,seat,,Bhiso Arjun Gaonkar,,164,,,latin,local_elections,e0ae2676d62a-dirty,data/goa/2012/panres_2012_Sattari.pdf,3,page,
goa/gp_ward/2012,abe667ad4c85,Goa|2012|gp_ward|North Goa|Sattari|PORIEM|VI|,1,Goa,2012,North Goa,Sattari,PORIEM,gram_panchayat,VI,,gp_ward,ward,NONE,NONE,sc_st_bc,0,Other than Woman,General,all_seats,seat,,Narayan Laxman Mandrekar,,112,,,latin,local_elections,e0ae2676d62a-dirty,data/goa/2012/panres_2012_Sattari.pdf,3,page,
goa/gp_ward/2012,465bd6ff61ac,Goa|2012|gp_ward|North Goa|Sattari|PORIEM|VII|,1,Goa,2012,North Goa,Sattari,PORIEM,gram_panchayat,VII,,gp_ward,ward,NONE,NONE,sc_st_bc,1,Woman,Women,all_seats,seat,,Prajakta Prakash Salgaonkar,,249,,,latin,local_elections,e0ae2676d62a-dirty,data/goa/2012/panres_2012_Sattari.pdf,3,page,
goa/gp_ward/2012,8dce828f9c06,Goa|2012|gp_ward|North Goa|Sattari|QUERIM|I|,1,Goa,2012,North Goa,Sattari,QUERIM,gram_panchayat,I,,gp_ward,ward,NONE,NONE,sc_st_bc,0,Other than Woman,General,all_seats,seat,,Jivabarao Tanabarao Rane,,274,,,latin,local_elections,e0ae2676d62a-dirty,data/goa/2012/panres_2012_Sattari.pdf,3,page,
goa/gp_ward/2012,e0f371e68ab6,Goa|2012|gp_ward|North Goa|Sattari|QUERIM|II|,1,Goa,2012,North Goa,Sattari,QUERIM,gram_panchayat,II,,gp_ward,ward,NONE,NONE,sc_st_bc,1,Woman,Women,all_seats,seat,,Padmini Chudamani Hulankar,,160,,,latin,local_elections,e0ae2676d62a-dirty,data/goa/2012/panres_2012_Sattari.pdf,3,page,
goa/gp_ward/2012,4cc9b2cfb452,Goa|2012|gp_ward|North Goa|Sattari|QUERIM|III|,1,Goa,2012,North Goa,Sattari,QUERIM,gram_panchayat,III,,gp_ward,ward,NONE,NONE,sc_st_bc,0,Other than Woman,General,all_seats,seat,,Mahesh Rajaram Gawas,,149,,,latin,local_elections,e0ae2676d62a-dirty,data/goa/2012/panres_2012_Sattari.pdf,3,page,
goa/gp_ward/2012,39570e134356,Goa|2012|gp_ward|North Goa|Sattari|QUERIM|IV|,1,Goa,2012,North Goa,Sattari,QUERIM,gram_panchayat,IV,,gp_ward,ward,NONE,NONE,sc_st_bc,1,Woman,Women,all_seats,seat,,Namrata Dnyaneshwar Kerkar,,142,,,latin,local_elections,e0ae2676d62a-dirty,data/goa/2012/panres_2012_Sattari.pdf,3,page,
goa/gp_ward/2012,64b101081869,Goa|2012|gp_ward|North Goa|Sattari|QUERIM|V|,1,Goa,2012,North Goa,Sattari,QUERIM,gram_panchayat,V,,gp_ward,ward,NONE,NONE,sc_st_bc,0,Other than Woman,General,all_seats,seat,,Samir Tukaram Govekar,,259,,,latin,local_elections,e0ae2676d62a-dirty,data/goa/2012/panres_2012_Sattari.pdf,3,page,
goa/gp_ward/2012,bcd4c33d5ae9,Goa|2012|gp_ward|North Goa|Sattari|QUERIM|VI|,1,Goa,2012,North Goa,Sattari,QUERIM,gram_panchayat,VI,,gp_ward,ward,NONE,NONE,sc_st_bc,0,Other than Woman,General,all_seats,seat,,Chandrakant Mahadev Gawas,,159,,,latin,local_elections,e0ae2676d62a-dirty,data/goa/2012/panres_2012_Sattari.pdf,3,page,
goa/gp_ward/2012,315ec460a612,Goa|2012|gp_ward|North Goa|Sattari|QUERIM|VII|,1,Goa,2012,North Goa,Sattari,QUERIM,gram_panchayat,VII,,gp_ward,ward,NONE,NONE,sc_st_bc,1,Woman,Women,all_seats,seat,,Noorun Bi Yahya Karol,,143,,,latin,local_elections,e0ae2676d62a-dirty,data/goa/2012/panres_2012_Sattari.pdf,3,page,
goa/gp_ward/2012,79b0cb683a53,Goa|2012|gp_ward|North Goa|Sattari|QUERIM|VIII|,1,Goa,2012,North Goa,Sattari,QUERIM,gram_panchayat,VIII,,gp_ward,ward,NONE,NONE,sc_st_bc,0,Other than Woman,General,all_seats,seat,,Vishram Kashinath Naik,,158,,,latin,local_elections,e0ae2676d62a-dirty,data/goa/2012/panres_2012_Sattari.pdf,3,page,
goa/gp_ward/2012,c5ef0f03bbf8,Goa|2012|gp_ward|North Goa|Sattari|QUERIM|IX|,1,Goa,2012,North Goa,Sattari,QUERIM,gram_panchayat,IX,,gp_ward,ward,NONE,NONE,sc_st_bc,0,Other than Woman,General,all_seats,seat,,Ganu Narayan Gawas,,139,,,latin,local_elections,e0ae2676d62a-dirty,data/goa/2012/panres_2012_Sattari.pdf,3,page,
goa/gp_ward/2012,a2185bfcd2eb,Goa|2012|gp_ward|North Goa|Sattari|SANVORDEM|I|,1,Goa,2012,North Goa,Sattari,SANVORDEM,gram_panchayat,I,,gp_ward,ward,NONE,NONE,sc_st_bc,0,Other than Woman,General,all_seats,seat,,Anil Govind Nene,,135,,,latin,local_elections,e0ae2676d62a-dirty,data/goa/2012/panres_2012_Sattari.pdf,3,page,
goa/gp_ward/2012,ad164c013d84,Goa|2012|gp_ward|North Goa|Sattari|SANVORDEM|II|,1,Goa,2012,North Goa,Sattari,SANVORDEM,gram_panchayat,II,,gp_ward,ward,NONE,NONE,sc_st_bc,1,Woman,Women,all_seats,seat,,Nayan Narayan Pirankar,,171,,,latin,local_elections,e0ae2676d62a-dirty,data/goa/2012/panres_2012_Sattari.pdf,3,page,
goa/gp_ward/2012,2f25cb51877c,Goa|2012|gp_ward|North Goa|Sattari|SANVORDEM|III|,1,Goa,2012,North Goa,Sattari,SANVORDEM,gram_panchayat,III,,gp_ward,ward,NONE,NONE,sc_st_bc,0,Other than Woman,General,all_seats,seat,,Sayajirao Dattaram Desai,,155,,,latin,local_elections,e0ae2676d62a-dirty,data/goa/2012/panres_2012_Sattari.pdf,3,page,
goa/gp_ward/2012,22089d9bfda7,Goa|2012|gp_ward|North Goa|Sattari|SANVORDEM|IV|,1,Goa,2012,North Goa,Sattari,SANVORDEM,gram_panchayat,IV,,gp_ward,ward,NONE,NONE,sc_st_bc,0,Other than Woman,General,all_seats,seat,,Namdev Buli Gaonkar,,80,,,latin,local_elections,e0ae2676d62a-dirty,data/goa/2012/panres_2012_Sattari.pdf,4,page,
goa/gp_ward/2012,4efc1afae029,Goa|2012|gp_ward|North Goa|Sattari|SANVORDEM|V|,1,Goa,2012,North Goa,Sattari,SANVORDEM,gram_panchayat,V,,gp_ward,ward,NONE,NONE,sc_st_bc,0,Other than Woman,General,all_seats,seat,,Baburao Yenu Paryekar,,172,,,latin,local_elections,e0ae2676d62a-dirty,data/goa/2012/panres_2012_Sattari.pdf,4,page,
goa/gp_ward/2012,3b3d6b037ad7,Goa|2012|gp_ward|North Goa|Sattari|SANVORDEM|VI|,1,Goa,2012,North Goa,Sattari,SANVORDEM,gram_panchayat,VI,,gp_ward,ward,NONE,NONE,sc_st_bc,0,Other than Woman,General,all_seats,seat,,Ashok Mashno Gaonkar,,153,,,latin,local_elections,e0ae2676d62a-dirty,data/goa/2012/panres_2012_Sattari.pdf,4,page,
goa/gp_ward/2012,af30845d0442,Goa|2012|gp_ward|North Goa|Sattari|SANVORDEM|VII|,1,Goa,2012,North Goa,Sattari,SANVORDEM,gram_panchayat,VII,,gp_ward,ward,NONE,NONE,sc_st_bc,1,Woman,Women,all_seats,seat,,Kamal Kashinath Gawde,,109,,,latin,local_elections,e0ae2676d62a-dirty,data/goa/2012/panres_2012_Sattari.pdf,4,page,
goa/gp_ward/2012,6f1a79d178b1,Goa|2012|gp_ward|North Goa|Tiswadi|BATIM|I|,1,Goa,2012,North Goa,Tiswadi,BATIM,gram_panchayat,I,,gp_ward,ward,NONE,NONE,sc_st_bc,0,Other than Woman,General,all_seats,seat,,Digamber Vithal Kawlekar,,92,,,latin,local_elections,e0ae2676d62a-dirty,data/goa/2012/panres_2012_Tiswadi.pdf,1,page,
goa/gp_ward/2012,ebc67a3c6c32,Goa|2012|gp_ward|North Goa|Tiswadi|BATIM|II|,1,Goa,2012,North Goa,Tiswadi,BATIM,gram_panchayat,II,,gp_ward,ward,NONE,NONE,sc_st_bc,1,Woman,Women,all_seats,seat,,Manuelina Alberto Dias,,135,,,latin,local_elections,e0ae2676d62a-dirty,data/goa/2012/panres_2012_Tiswadi.pdf,1,page,
goa/gp_ward/2012,a1abf7f3f4c8,Goa|2012|gp_ward|North Goa|Tiswadi|BATIM|III|,1,Goa,2012,North Goa,Tiswadi,BATIM,gram_panchayat,III,,gp_ward,ward,NONE,NONE,sc_st_bc,0,Other than Woman,General,all_seats,seat,,Sneha Casilda De Menezes,,48,,,latin,local_elections,e0ae2676d62a-dirty,data/goa/2012/panres_2012_Tiswadi.pdf,1,page,
goa/gp_ward/2012,1804668871f1,Goa|2012|gp_ward|North Goa|Tiswadi|BATIM|IV|,1,Goa,2012,North Goa,Tiswadi,BATIM,gram_panchayat,IV,,gp_ward,ward,NONE,NONE,sc_st_bc,0,Other than Woman,General,all_seats,seat,,Francisco Pascoal De Souza,,104,,,latin,local_elections,e0ae2676d62a-dirty,data/goa/2012/panres_2012_Tiswadi.pdf,1,page,
goa/gp_ward/2012,68531fff66a4,Goa|2012|gp_ward|North Goa|Tiswadi|BATIM|V|,1,Goa,2012,North Goa,Tiswadi,BATIM,gram_panchayat,V,,gp_ward,ward,NONE,NONE,sc_st_bc,0,Other than Woman,General,all_seats,seat,,Celia Jose Fernandes,,52,,,latin,local_elections,e0ae2676d62a-dirty,data/goa/2012/panres_2012_Tiswadi.pdf,1,page,
goa/gp_ward/2012,d3ce0d570706,Goa|2012|gp_ward|North Goa|Tiswadi|BATIM|VI|,1,Goa,2012,North Goa,Tiswadi,BATIM,gram_panchayat,VI,,gp_ward,ward,NONE,NONE,sc_st_bc,0,Other than Woman,General,all_seats,seat,,Irineo Francisco D'Cunha,,54,,,latin,local_elections,e0ae2676d62a-dirty,data/goa/2012/panres_2012_Tiswadi.pdf,1,page,
goa/gp_ward/2012,f9d3ea5b16af,Goa|2012|gp_ward|North Goa|Tiswadi|BATIM|VII|,1,Goa,2012,North Goa,Tiswadi,BATIM,gram_panchayat,VII,,gp_ward,ward,NONE,NONE,sc_st_bc,1,Woman,Women,all_seats,seat,,Emilia Anthony Vas,,75,,,latin,local_elections,e0ae2676d62a-dirty,data/goa/2012/panres_2012_Tiswadi.pdf,1,page,
goa/gp_ward/2012,3a93a2de5191,Goa|2012|gp_ward|North Goa|Tiswadi|CHIMBEL|I|,1,Goa,2012,North Goa,Tiswadi,CHIMBEL,gram_panchayat,I,,gp_ward,ward,ST,ST,sc_st_bc,0,ST Other than Woman,S.T.,all_seats,seat,,Rofam Kashinath Madkaikar,,172,,,latin,local_elections,e0ae2676d62a-dirty,data/goa/2012/panres_2012_Tiswadi.pdf,1,page,
goa/gp_ward/2012,6240ee5388d1,Goa|2012|gp_ward|North Goa|Tiswadi|CHIMBEL|II|,1,Goa,2012,North Goa,Tiswadi,CHIMBEL,gram_panchayat,II,,gp_ward,ward,NONE,NONE,sc_st_bc,0,Other than Woman,General,all_seats,seat,,Mohan Laxman Narve,,149,,,latin,local_elections,e0ae2676d62a-dirty,data/goa/2012/panres_2012_Tiswadi.pdf,1,page,
goa/gp_ward/2012,841fe0b415f5,Goa|2012|gp_ward|North Goa|Tiswadi|CHIMBEL|III|,1,Goa,2012,North Goa,Tiswadi,CHIMBEL,gram_panchayat,III,,gp_ward,ward,BC,BC,sc_st_bc,1,BC Woman,OBC Wom.,all_seats,seat,,Shoban Arjun Borkar,,405,,,latin,local_elections,e0ae2676d62a-dirty,data/goa/2012/panres_2012_Tiswadi.pdf,1,page,
goa/gp_ward/2012,fb8f5381f104,Goa|2012|gp_ward|North Goa|Tiswadi|CHIMBEL|IV|,1,Goa,2012,North Goa,Tiswadi,CHIMBEL,gram_panchayat,IV,,gp_ward,ward,ST,ST,sc_st_bc,1,ST Woman,ST Wom.,all_seats,seat,,Mohini Mohan Narve,,396,,,latin,local_elections,e0ae2676d62a-dirty,data/goa/2012/panres_2012_Tiswadi.pdf,1,page,
goa/gp_ward/2012,ae4c4b93a2de,Goa|2012|gp_ward|North Goa|Tiswadi|CHIMBEL|V|,1,Goa,2012,North Goa,Tiswadi,CHIMBEL,gram_panchayat,V,,gp_ward,ward,NONE,NONE,sc_st_bc,0,Other than Woman,General,all_seats,seat,,Chandrakant Pundalik Kunkolkar,,244,,,latin,local_elections,e0ae2676d62a-dirty,data/goa/2012/panres_2012_Tiswadi.pdf,1,page,
goa/gp_ward/2012,38555b4c337d,Goa|2012|gp_ward|North Goa|Tiswadi|CHIMBEL|VI|,1,Goa,2012,North Goa,Tiswadi,CHIMBEL,gram_panchayat,VI,,gp_ward,ward,NONE,NONE,sc_st_bc,0,Other than Woman,General,all_seats,seat,,Shruti Shailesh Kunkalikar,,208,,,latin,local_elections,e0ae2676d62a-dirty,data/goa/2012/panres_2012_Tiswadi.pdf,1,page,
goa/gp_ward/2012,12c674871afc,Goa|2012|gp_ward|North Goa|Tiswadi|CHIMBEL|VII|,1,Goa,2012,North Goa,Tiswadi,CHIMBEL,gram_panchayat,VII,,gp_ward,ward,BC,BC,sc_st_bc,1,BC Woman,OBC Wom.,all_seats,seat,,Manisha Shailesh Chopdekar,,298,,,latin,local_elections,e0ae2676d62a-dirty,data/goa/2012/panres_2012_Tiswadi.pdf,1,page,
goa/gp_ward/2012,6f1785f5b842,Goa|2012|gp_ward|North Goa|Tiswadi|CHIMBEL|VIII|,1,Goa,2012,North Goa,Tiswadi,CHIMBEL,gram_panchayat,VIII,,gp_ward,ward,NONE,NONE,sc_st_bc,0,Other than Woman,General,all_seats,seat,,Rajesh Prabhakar Vernekar,,181,,,latin,local_elections,e0ae2676d62a-dirty,data/goa/2012/panres_2012_Tiswadi.pdf,1,page,
goa/gp_ward/2012,ea62df33d74e,Goa|2012|gp_ward|North Goa|Tiswadi|CHIMBEL|IX|,1,Goa,2012,North Goa,Tiswadi,CHIMBEL,gram_panchayat,IX,,gp_ward,ward,NONE,NONE,sc_st_bc,0,Other than Woman,General,all_seats,seat,,Sunil Madhukant Golatkar,,163,,,latin,local_elections,e0ae2676d62a-dirty,data/goa/2012/panres_2012_Tiswadi.pdf,1,page,
goa/gp_ward/2012,28a89c0caede,Goa|2012|gp_ward|North Goa|Tiswadi|CHIMBEL|X|,1,Goa,2012,North Goa,Tiswadi,CHIMBEL,gram_panchayat,X,,gp_ward,ward,NONE,NONE,sc_st_bc,0,Other than Woman,General,all_seats,seat,,Dnyaneshwar Demu Shirodkar,,120,,,latin,local_elections,e0ae2676d62a-dirty,data/goa/2012/panres_2012_Tiswadi.pdf,1,page,
goa/gp_ward/2012,fe38a11ff9f0,Goa|2012|gp_ward|North Goa|Tiswadi|CHIMBEL|XI|,1,Goa,2012,North Goa,Tiswadi,CHIMBEL,gram_panchayat,XI,,gp_ward,ward,NONE,NONE,sc_st_bc,1,Woman,Women,all_seats,seat,,Rosy Adam Utikuri,,135,,,latin,local_elections,e0ae2676d62a-dirty,data/goa/2012/panres_2012_Tiswadi.pdf,1,page,
goa/gp_ward/2012,8badae505fdc,Goa|2012|gp_ward|North Goa|Tiswadi|CURCA-BAMBOLIM- TALAULIM|I|,1,Goa,2012,North Goa,Tiswadi,CURCA-BAMBOLIM- TALAULIM,gram_panchayat,I,,gp_ward,ward,NONE,NONE,sc_st_bc,0,Other than Woman,General,all_seats,seat,,Ghansham Laximan Vernekar,,272,,,latin,local_elections,e0ae2676d62a-dirty,data/goa/2012/panres_2012_Tiswadi.pdf,1,page,
goa/gp_ward/2012,1cc8b72942b4,Goa|2012|gp_ward|North Goa|Tiswadi|CURCA-BAMBOLIM- TALAULIM|II|,1,Goa,2012,North Goa,Tiswadi,CURCA-BAMBOLIM- TALAULIM,gram_panchayat,II,,gp_ward,ward,NONE,NONE,sc_st_bc,1,Woman,Women,all_seats,seat,,Maria Leena Jerry da Cunha,,201,,,latin,local_elections,e0ae2676d62a-dirty,data/goa/2012/panres_2012_Tiswadi.pdf,1,page,
goa/gp_ward/2012,bed9634b7ce1,Goa|2012|gp_ward|North Goa|Tiswadi|CURCA-BAMBOLIM- TALAULIM|III|,1,Goa,2012,North Goa,Tiswadi,CURCA-BAMBOLIM- TALAULIM,gram_panchayat,III,,gp_ward,ward,NONE,NONE,sc_st_bc,0,Other than Woman,General,all_seats,seat,,Arnaldo Anthony D'Souza,,131,,,latin,local_elections,e0ae2676d62a-dirty,data/goa/2012/panres_2012_Tiswadi.pdf,1,page,
goa/gp_ward/2012,40d5d5485161,Goa|2012|gp_ward|North Goa|Tiswadi|CURCA-BAMBOLIM- TALAULIM|IV|,1,Goa,2012,North Goa,Tiswadi,CURCA-BAMBOLIM- TALAULIM,gram_panchayat,IV,,gp_ward,ward,ST,ST,sc_st_bc,1,ST Woman,ST Wom.,all_seats,seat,,Sushma Subhash Shirodkar,,203,,,latin,local_elections,e0ae2676d62a-dirty,data/goa/2012/panres_2012_Tiswadi.pdf,1,page,
goa/gp_ward/2012,d5213fac620d,Goa|2012|gp_ward|North Goa|Tiswadi|CURCA-BAMBOLIM- TALAULIM|V|,1,Goa,2012,North Goa,Tiswadi,CURCA-BAMBOLIM- TALAULIM,gram_panchayat,V,,gp_ward,ward,NONE,NONE,sc_st_bc,0,Other than Woman,General,all_seats,seat,,Subhash Santu Shirodkar,,228,,,latin,local_elections,e0ae2676d62a-dirty,data/goa/2012/panres_2012_Tiswadi.pdf,1,page,
goa/gp_ward/2012,10e767011608,Goa|2012|gp_ward|North Goa|Tiswadi|CURCA-BAMBOLIM- TALAULIM|VI|,1,Goa,2012,North Goa,Tiswadi,CURCA-BAMBOLIM- TALAULIM,gram_panchayat,VI,,gp_ward,ward,NONE,NONE,sc_st_bc,0,Other than Woman,General,all_seats,seat,,Siddesh Babi Naik,,104,,,latin,local_elections,e0ae2676d62a-dirty,data/goa/2012/panres_2012_Tiswadi.pdf,1,page,
goa/gp_ward/2012,2cf919d7a474,Goa|2012|gp_ward|North Goa|Tiswadi|CURCA-BAMBOLIM- TALAULIM|VII|,1,Goa,2012,North Goa,Tiswadi,CURCA-BAMBOLIM- TALAULIM,gram_panchayat,VII,,gp_ward,ward,NONE,NONE,sc_st_bc,1,Woman,Women,all_seats,seat,,Manila Mahanand Sawant,,146,,,latin,local_elections,e0ae2676d62a-dirty,data/goa/2012/panres_2012_Tiswadi.pdf,1,page,
goa/gp_ward/2012,969f8b036781,Goa|2012|gp_ward|North Goa|Tiswadi|CURCA-BAMBOLIM- TALAULIM|VIII|,1,Goa,2012,North Goa,Tiswadi,CURCA-BAMBOLIM- TALAULIM,gram_panchayat,VIII,,gp_ward,ward,NONE,NONE,sc_st_bc,0,Other than Woman,General,all_seats,seat,,Diona Sanjay Korgaonkar,,132,,,latin,local_elections,e0ae2676d62a-dirty,data/goa/2012/panres_2012_Tiswadi.pdf,2,page,
goa/gp_ward/2012,23510d00b102,Goa|2012|gp_ward|North Goa|Tiswadi|CURCA-BAMBOLIM- TALAULIM|IX|,1,Goa,2012,North Goa,Tiswadi,CURCA-BAMBOLIM- TALAULIM,gram_panchayat,IX,,gp_ward,ward,NONE,NONE,sc_st_bc,0,Other than Woman,General,all_seats,seat,,Suryakant Constancio Andrade,,128,,,latin,local_elections,e0ae2676d62a-dirty,data/goa/2012/panres_2012_Tiswadi.pdf,2,page,
goa/gp_ward/2012,cc7812ddbbe7,Goa|2012|gp_ward|North Goa|Tiswadi|CURCA-BAMBOLIM- TALAULIM|X|,1,Goa,2012,North Goa,Tiswadi,CURCA-BAMBOLIM- TALAULIM,gram_panchayat,X,,gp_ward,ward,ST,ST,sc_st_bc,0,ST Other than Woman,S.T.,all_seats,seat,,Vikram Pandurang Fatarpekar,,188,,,latin,local_elections,e0ae2676d62a-dirty,data/goa/2012/panres_2012_Tiswadi.pdf,2,page,
goa/gp_ward/2012,adae1f37da22,Goa|2012|gp_ward|North Goa|Tiswadi|CURCA-BAMBOLIM- TALAULIM|XI|,1,Goa,2012,North Goa,Tiswadi,CURCA-BAMBOLIM- TALAULIM,gram_panchayat,XI,,gp_ward,ward,NONE,NONE,sc_st_bc,1,Woman,Women,all_seats,seat,,Sumita Ramesh Kankonkar,,136,,,latin,local_elections,e0ae2676d62a-dirty,data/goa/2012/panres_2012_Tiswadi.pdf,2,page,
goa/gp_ward/2012,f9a28ce6bb0d,Goa|2012|gp_ward|North Goa|Tiswadi|MERCES|I|,1,Goa,2012,North Goa,Tiswadi,MERCES,gram_panchayat,I,,gp_ward,ward,NONE,NONE,sc_st_bc,0,Other than Woman,General,all_seats,seat,,Prakash Gopinath Naik,,335,,,latin,local_elections,e0ae2676d62a-dirty,data/goa/2012/panres_2012_Tiswadi.pdf,2,page,
goa/gp_ward/2012,67912ba5da34,Goa|2012|gp_ward|North Goa|Tiswadi|MERCES|II|,1,Goa,2012,North Goa,Tiswadi,MERCES,gram_panchayat,II,,gp_ward,ward,NONE,NONE,sc_st_bc,1,Woman,Women,all_seats,seat,,Socorinha Amstrong Braganza,,223,,,latin,local_elections,e0ae2676d62a-dirty,data/goa/2012/panres_2012_Tiswadi.pdf,2,page,
goa/gp_ward/2012,4f2f1b6d937c,Goa|2012|gp_ward|North Goa|Tiswadi|MERCES|III|,1,Goa,2012,North Goa,Tiswadi,MERCES,gram_panchayat,III,,gp_ward,ward,NONE,NONE,sc_st_bc,0,Other than Woman,General,all_seats,seat,,Yatin Pundalik Palekar,,263,,,latin,local_elections,e0ae2676d62a-dirty,data/goa/2012/panres_2012_Tiswadi.pdf,2,page,
goa/gp_ward/2012,1ee798c1f0b5,Goa|2012|gp_ward|North Goa|Tiswadi|MERCES|IV|,1,Goa,2012,North Goa,Tiswadi,MERCES,gram_panchayat,IV,,gp_ward,ward,NONE,NONE,sc_st_bc,1,Woman,Women,all_seats,seat,,Hemangi Hemant Golatkar,,200,,,latin,local_elections,e0ae2676d62a-dirty,data/goa/2012/panres_2012_Tiswadi.pdf,2,page,
goa/gp_ward/2012,78ef483cf712,Goa|2012|gp_ward|North Goa|Tiswadi|MERCES|V|,1,Goa,2012,North Goa,Tiswadi,MERCES,gram_panchayat,V,,gp_ward,ward,NONE,NONE,sc_st_bc,0,Other than Woman,General,all_seats,seat,,Walter Ligorio D'Souza,,129,,,latin,local_elections,e0ae2676d62a-dirty,data/goa/2012/panres_2012_Tiswadi.pdf,2,page,
goa/gp_ward/2012,22ad10aea1e2,Goa|2012|gp_ward|North Goa|Tiswadi|MERCES|VI|,1,Goa,2012,North Goa,Tiswadi,MERCES,gram_panchayat,VI,,gp_ward,ward,BC,BC,sc_st_bc,0,BC Other than Woman,O.B.C.,all_seats,seat,,Girish Pundalik Uskaikar,,174,,,latin,local_elections,e0ae2676d62a-dirty,data/goa/2012/panres_2012_Tiswadi.pdf,2,page,
goa/gp_ward/2012,84d4acbabc43,Goa|2012|gp_ward|North Goa|Tiswadi|MERCES|VII|,1,Goa,2012,North Goa,Tiswadi,MERCES,gram_panchayat,VII,,gp_ward,ward,NONE,NONE,sc_st_bc,1,Woman,Women,all_seats,seat,,Greta D.Francisco Monteiro,,142,,,latin,local_elections,e0ae2676d62a-dirty,data/goa/2012/panres_2012_Tiswadi.pdf,2,page,
goa/gp_ward/2012,b7b7f40fce91,Goa|2012|gp_ward|North Goa|Tiswadi|MERCES|VIII|,1,Goa,2012,North Goa,Tiswadi,MERCES,gram_panchayat,VIII,,gp_ward,ward,BC,BC,sc_st_bc,0,BC Other than Woman,O.B.C.,all_seats,seat,,Asis Jose Manuel Fernandes,,149,,,latin,local_elections,e0ae2676d62a-dirty,data/goa/2012/panres_2012_Tiswadi.pdf,2,page,
goa/gp_ward/2012,f9700f6ad8a7,Goa|2012|gp_ward|North Goa|Tiswadi|MERCES|IX|,1,Goa,2012,North Goa,Tiswadi,MERCES,gram_panchayat,IX,,gp_ward,ward,BC,BC,sc_st_bc,0,BC Other than Woman,O.B.C.,all_seats,seat,,Sandhya Anil Hoble,,214,,,latin,local_elections,e0ae2676d62a-dirty,data/goa/2012/panres_2012_Tiswadi.pdf,2,page,
goa/gp_ward/2012,36f6d31226ca,Goa|2012|gp_ward|North Goa|Tiswadi|MERCES|X|,1,Goa,2012,North Goa,Tiswadi,MERCES,gram_panchayat,X,,gp_ward,ward,NONE,NONE,sc_st_bc,0,Other than Woman,General,all_seats,seat,,Lavu Raghuvir Hoble,,144,,,latin,local_elections,e0ae2676d62a-dirty,data/goa/2012/panres_2012_Tiswadi.pdf,2,page,
goa/gp_ward/2012,f2a21af0922f,Goa|2012|gp_ward|North Goa|Tiswadi|MERCES|XI|,1,Goa,2012,North Goa,Tiswadi,MERCES,gram_panchayat,XI,,gp_ward,ward,NONE,NONE,sc_st_bc,1,Woman,Women,all_seats,seat,,Priyanka Prakash Naik,,261,,,latin,local_elections,e0ae2676d62a-dirty,data/goa/2012/panres_2012_Tiswadi.pdf,2,page,
goa/gp_ward/2012,b8fa220d29b1,Goa|2012|gp_ward|North Goa|Tiswadi|NEURA|I|,1,Goa,2012,North Goa,Tiswadi,NEURA,gram_panchayat,I,,gp_ward,ward,NONE,NONE,sc_st_bc,0,Other than Woman,General,all_seats,seat,,Vinod Vaikunth Kamat,,105,,,latin,local_elections,e0ae2676d62a-dirty,data/goa/2012/panres_2012_Tiswadi.pdf,2,page,
goa/gp_ward/2012,562481ed06cd,Goa|2012|gp_ward|North Goa|Tiswadi|NEURA|II|,1,Goa,2012,North Goa,Tiswadi,NEURA,gram_panchayat,II,,gp_ward,ward,NONE,NONE,sc_st_bc,1,Woman,Women,all_seats,seat,,Honorina Erasmo Araujo,,141,,,latin,local_elections,e0ae2676d62a-dirty,data/goa/2012/panres_2012_Tiswadi.pdf,2,page,
goa/gp_ward/2012,0f312cc8ffe4,Goa|2012|gp_ward|North Goa|Tiswadi|NEURA|III|,1,Goa,2012,North Goa,Tiswadi,NEURA,gram_panchayat,III,,gp_ward,ward,ST,ST,sc_st_bc,0,ST Other than Woman,S.T.,all_seats,seat,,Vidhesh Vishnu Madkaikar,,134,,,latin,local_elections,e0ae2676d62a-dirty,data/goa/2012/panres_2012_Tiswadi.pdf,2,page,
goa/gp_ward/2012,dee0be37dd6e,Goa|2012|gp_ward|North Goa|Tiswadi|NEURA|IV|,1,Goa,2012,North Goa,Tiswadi,NEURA,gram_panchayat,IV,,gp_ward,ward,NONE,NONE,sc_st_bc,0,Other than Woman,General,all_seats,seat,,Pratap Dhananjay Naik,,103,,,latin,local_elections,e0ae2676d62a-dirty,data/goa/2012/panres_2012_Tiswadi.pdf,2,page,
goa/gp_ward/2012,8b349bbe642e,Goa|2012|gp_ward|North Goa|Tiswadi|NEURA|V|,1,Goa,2012,North Goa,Tiswadi,NEURA,gram_panchayat,V,,gp_ward,ward,BC,BC,sc_st_bc,1,BC Woman,OBC Wom.,all_seats,seat,,Sunita Gurudas Naik,,187,,,latin,local_elections,e0ae2676d62a-dirty,data/goa/2012/panres_2012_Tiswadi.pdf,2,page,
goa/gp_ward/2012,102949bd79cd,Goa|2012|gp_ward|North Goa|Tiswadi|SIRIDAO-PALEM|I|,1,Goa,2012,North Goa,Tiswadi,SIRIDAO-PALEM,gram_panchayat,I,,gp_ward,ward,NONE,NONE,sc_st_bc,0,Other than Woman,General,all_seats,seat,,Cosme Pedro Pires,,72,,,latin,local_elections,e0ae2676d62a-dirty,data/goa/2012/panres_2012_Tiswadi.pdf,2,page,
goa/gp_ward/2012,6db45ff47ba2,Goa|2012|gp_ward|North Goa|Tiswadi|SIRIDAO-PALEM|II|,1,Goa,2012,North Goa,Tiswadi,SIRIDAO-PALEM,gram_panchayat,II,,gp_ward,ward,BC,BC,sc_st_bc,1,BC Woman,OBC Wom.,all_seats,seat,,Caetana Cardoso,,102,,,latin,local_elections,e0ae2676d62a-dirty,data/goa/2012/panres_2012_Tiswadi.pdf,2,page,
goa/gp_ward/2012,7c19cc048d50,Goa|2012|gp_ward|North Goa|Tiswadi|SIRIDAO-PALEM|III|,1,Goa,2012,North Goa,Tiswadi,SIRIDAO-PALEM,gram_panchayat,III,,gp_ward,ward,NONE,NONE,sc_st_bc,0,Other than Woman,General,all_seats,seat,,Antonio Jose Afonso,,104,,,latin,local_elections,e0ae2676d62a-dirty,data/goa/2012/panres_2012_Tiswadi.pdf,2,page,
goa/gp_ward/2012,1b11596a908b,Goa|2012|gp_ward|North Goa|Tiswadi|SIRIDAO-PALEM|IV|,1,Goa,2012,North Goa,Tiswadi,SIRIDAO-PALEM,gram_panchayat,IV,,gp_ward,ward,NONE,NONE,sc_st_bc,0,Other than Woman,General,all_seats,seat,,Pandurang Govind Mangueshkar,,74,,,latin,local_elections,e0ae2676d62a-dirty,data/goa/2012/panres_2012_Tiswadi.pdf,2,page,
goa/gp_ward/2012,d2a67966783b,Goa|2012|gp_ward|North Goa|Tiswadi|SIRIDAO-PALEM|V|,1,Goa,2012,North Goa,Tiswadi,SIRIDAO-PALEM,gram_panchayat,V,,gp_ward,ward,ST,ST,sc_st_bc,0,ST Other than Woman,S.T.,all_seats,seat,,Vassudev Shantaram Kunkolienkar,,175,,,latin,local_elections,e0ae2676d62a-dirty,data/goa/2012/panres_2012_Tiswadi.pdf,2,page,
goa/gp_ward/2012,45454fdfd6a9,Goa|2012|gp_ward|North Goa|Tiswadi|SIRIDAO-PALEM|VI|,1,Goa,2012,North Goa,Tiswadi,SIRIDAO-PALEM,gram_panchayat,VI,,gp_ward,ward,NONE,NONE,sc_st_bc,0,Other than Woman,General,all_seats,seat,,Gangu Temi Gauns,,93,,,latin,local_elections,e0ae2676d62a-dirty,data/goa/2012/panres_2012_Tiswadi.pdf,2,page,
goa/gp_ward/2012,2b4304faec60,Goa|2012|gp_ward|North Goa|Tiswadi|SIRIDAO-PALEM|VII|,1,Goa,2012,North Goa,Tiswadi,SIRIDAO-PALEM,gram_panchayat,VII,,gp_ward,ward,NONE,NONE,sc_st_bc,1,Woman,Women,all_seats,seat,,Shanti Kush Palkar,,190,,,latin,local_elections,e0ae2676d62a-dirty,data/goa/2012/panres_2012_Tiswadi.pdf,2,page,
goa/gp_ward/2012,2cfdf04c5e92,Goa|2012|gp_ward|North Goa|Tiswadi|ST. ANDRE (GOA VELHA )|I|,1,Goa,2012,North Goa,Tiswadi,ST. ANDRE (GOA VELHA ),gram_panchayat,I,,gp_ward,ward,BC,BC,sc_st_bc,0,BC Other than Woman,O.B.C.,all_seats,seat,,Francisco Roldao D' Souza,,189,,,latin,local_elections,e0ae2676d62a-dirty,data/goa/2012/panres_2012_Tiswadi.pdf,3,page,
goa/gp_ward/2012,a87b58cf3283,Goa|2012|gp_ward|North Goa|Tiswadi|ST. ANDRE (GOA VELHA )|II|,1,Goa,2012,North Goa,Tiswadi,ST. ANDRE (GOA VELHA ),gram_panchayat,II,,gp_ward,ward,BC,BC,sc_st_bc,1,BC Woman,OBC Wom.,all_seats,seat,,Vassanti Naguexa Chari,,111,,,latin,local_elections,e0ae2676d62a-dirty,data/goa/2012/panres_2012_Tiswadi.pdf,3,page,
goa/gp_ward/2012,b0752c609ac7,Goa|2012|gp_ward|North Goa|Tiswadi|ST. ANDRE (GOA VELHA )|III|,1,Goa,2012,North Goa,Tiswadi,ST. ANDRE (GOA VELHA ),gram_panchayat,III,,gp_ward,ward,NONE,NONE,sc_st_bc,0,Other than Woman,General,all_seats,seat,,Jagdish Umakant Bhobe,,138,,,latin,local_elections,e0ae2676d62a-dirty,data/goa/2012/panres_2012_Tiswadi.pdf,3,page,
goa/gp_ward/2012,5f7c3e31472a,Goa|2012|gp_ward|North Goa|Tiswadi|ST. ANDRE (GOA VELHA )|IV|,1,Goa,2012,North Goa,Tiswadi,ST. ANDRE (GOA VELHA ),gram_panchayat,IV,,gp_ward,ward,NONE,NONE,sc_st_bc,1,Woman,Women,all_seats,seat,,Shilpa Jagdish Bhobe,,141,,,latin,local_elections,e0ae2676d62a-dirty,data/goa/2012/panres_2012_Tiswadi.pdf,3,page,
goa/gp_ward/2012,5b1064aba7f3,Goa|2012|gp_ward|North Goa|Tiswadi|ST. ANDRE (GOA VELHA )|V|,1,Goa,2012,North Goa,Tiswadi,ST. ANDRE (GOA VELHA ),gram_panchayat,V,,gp_ward,ward,NONE,NONE,sc_st_bc,0,Other than Woman,General,all_seats,seat,,Jeronimo Remedio J. Lopes,,192,,,latin,local_elections,e0ae2676d62a-dirty,data/goa/2012/panres_2012_Tiswadi.pdf,3,page,
goa/gp_ward/2012,5e93ff5143ab,Goa|2012|gp_ward|North Goa|Tiswadi|ST. ANDRE (GOA VELHA )|VI|,1,Goa,2012,North Goa,Tiswadi,ST. ANDRE (GOA VELHA ),gram_panchayat,VI,,gp_ward,ward,NONE,NONE,sc_st_bc,0,Other than Woman,General,all_seats,seat,,Maria J. Julieta Cardoso,,126,,,latin,local_elections,e0ae2676d62a-dirty,data/goa/2012/panres_2012_Tiswadi.pdf,3,page,
goa/gp_ward/2012,1ffbf366e684,Goa|2012|gp_ward|North Goa|Tiswadi|ST. ANDRE (GOA VELHA )|VII|,1,Goa,2012,North Goa,Tiswadi,ST. ANDRE (GOA VELHA ),gram_panchayat,VII,,gp_ward,ward,NONE,NONE,sc_st_bc,1,Woman,Women,all_seats,seat,,Mamta Mohan Dhond,,189,,,latin,local_elections,e0ae2676d62a-dirty,data/goa/2012/panres_2012_Tiswadi.pdf,3,page,
goa/gp_ward/2012,1fa2823c72ee,Goa|2012|gp_ward|North Goa|Tiswadi|ST. ANDRE (GOA VELHA )|VIII|,1,Goa,2012,North Goa,Tiswadi,ST. ANDRE (GOA VELHA ),gram_panchayat,VIII,,gp_ward,ward,NONE,NONE,sc_st_bc,0,Other than Woman,General,all_seats,seat,,Andre Evaristo Pereira,,97,,,latin,local_elections,e0ae2676d62a-dirty,data/goa/2012/panres_2012_Tiswadi.pdf,3,page,
goa/gp_ward/2012,071bc4f978b9,Goa|2012|gp_ward|North Goa|Tiswadi|ST. ANDRE (GOA VELHA )|IX|,1,Goa,2012,North Goa,Tiswadi,ST. ANDRE (GOA VELHA ),gram_panchayat,IX,,gp_ward,ward,BC,BC,sc_st_bc,0,BC Other than Woman,O.B.C.,all_seats,seat,,Caetana Maria Vas e. Mendes,,146,,,latin,local_elections,e0ae2676d62a-dirty,data/goa/2012/panres_2012_Tiswadi.pdf,3,page,
goa/gp_ward/2012,f70eee8bd358,Goa|2012|gp_ward|North Goa|Tiswadi|ST. CRUZ|I|,1,Goa,2012,North Goa,Tiswadi,ST. CRUZ,gram_panchayat,I,,gp_ward,ward,NONE,NONE,sc_st_bc,0,Other than Woman,General,all_seats,seat,,A. Caitan Jose Fernandes,,382,,,latin,local_elections,e0ae2676d62a-dirty,data/goa/2012/panres_2012_Tiswadi.pdf,3,page,
goa/gp_ward/2012,caf01e169650,Goa|2012|gp_ward|North Goa|Tiswadi|ST. CRUZ|II|,1,Goa,2012,North Goa,Tiswadi,ST. CRUZ,gram_panchayat,II,,gp_ward,ward,NONE,NONE,sc_st_bc,0,Other than Woman,General,all_seats,seat,,Indira Antonio Fernandes,,302,,,latin,local_elections,e0ae2676d62a-dirty,data/goa/2012/panres_2012_Tiswadi.pdf,3,page,
goa/gp_ward/2012,14f8c27eca41,Goa|2012|gp_ward|North Goa|Tiswadi|ST. CRUZ|III|,1,Goa,2012,North Goa,Tiswadi,ST. CRUZ,gram_panchayat,III,,gp_ward,ward,NONE,NONE,sc_st_bc,1,Woman,Women,all_seats,seat,,Maria Frasica Rodrigues,,358,,,latin,local_elections,e0ae2676d62a-dirty,data/goa/2012/panres_2012_Tiswadi.pdf,3,page,
goa/gp_ward/2012,13dfc35b2bf1,Goa|2012|gp_ward|North Goa|Tiswadi|ST. CRUZ|IV|,1,Goa,2012,North Goa,Tiswadi,ST. CRUZ,gram_panchayat,IV,,gp_ward,ward,NONE,NONE,sc_st_bc,1,Woman,Women,all_seats,seat,,Anvisha Amil Balekar,,128,,,latin,local_elections,e0ae2676d62a-dirty,data/goa/2012/panres_2012_Tiswadi.pdf,3,page,
goa/gp_ward/2012,c3e2c90e4193,Goa|2012|gp_ward|North Goa|Tiswadi|ST. CRUZ|V|,1,Goa,2012,North Goa,Tiswadi,ST. CRUZ,gram_panchayat,V,,gp_ward,ward,ST,ST,sc_st_bc,0,ST Other than Woman,S.T.,all_seats,seat,,Sanjay Ramchandra Fatarpekar,,158,,,latin,local_elections,e0ae2676d62a-dirty,data/goa/2012/panres_2012_Tiswadi.pdf,3,page,
goa/gp_ward/2012,847d5987de04,Goa|2012|gp_ward|North Goa|Tiswadi|ST. CRUZ|VI|,1,Goa,2012,North Goa,Tiswadi,ST. CRUZ,gram_panchayat,VI,,gp_ward,ward,NONE,NONE,sc_st_bc,0,Other than Woman,General,all_seats,seat,,Diksha Durganand Kavlekar,,138,,,latin,local_elections,e0ae2676d62a-dirty,data/goa/2012/panres_2012_Tiswadi.pdf,3,page,
goa/gp_ward/2012,4699677579af,Goa|2012|gp_ward|North Goa|Tiswadi|ST. CRUZ|VII|,1,Goa,2012,North Goa,Tiswadi,ST. CRUZ,gram_panchayat,VII,,gp_ward,ward,NONE,NONE,sc_st_bc,1,Woman,Women,all_seats,seat,,Shweta Ashok Naik,,159,,,latin,local_elections,e0ae2676d62a-dirty,data/goa/2012/panres_2012_Tiswadi.pdf,3,page,
goa/gp_ward/2012,b6f87388101e,Goa|2012|gp_ward|North Goa|Tiswadi|ST. CRUZ|VIII|,1,Goa,2012,North Goa,Tiswadi,ST. CRUZ,gram_panchayat,VIII,,gp_ward,ward,BC,BC,sc_st_bc,0,BC Other than Woman,O.B.C.,all_seats,seat,,William Filomeno Antonio Gonsalves,,304,,,latin,local_elections,e0ae2676d62a-dirty,data/goa/2012/panres_2012_Tiswadi.pdf,3,page,
goa/gp_ward/2012,ba9d48181b00,Goa|2012|gp_ward|North Goa|Tiswadi|ST. CRUZ|IX|,1,Goa,2012,North Goa,Tiswadi,ST. CRUZ,gram_panchayat,IX,,gp_ward,ward,NONE,NONE,sc_st_bc,0,Other than Woman,General,all_seats,seat,,Vincento Domingos Lourenco,,146,,,latin,local_elections,e0ae2676d62a-dirty,data/goa/2012/panres_2012_Tiswadi.pdf,3,page,
goa/gp_ward/2012,19132ad36e13,Goa|2012|gp_ward|North Goa|Tiswadi|ST. CRUZ|X|,1,Goa,2012,North Goa,Tiswadi,ST. CRUZ,gram_panchayat,X,,gp_ward,ward,BC,BC,sc_st_bc,0,BC Other than Woman,O.B.C.,all_seats,seat,,Namdev Jonu Naik,,190,,,latin,local_elections,e0ae2676d62a-dirty,data/goa/2012/panres_2012_Tiswadi.pdf,3,page,
goa/gp_ward/2012,1578d66a844c,Goa|2012|gp_ward|North Goa|Tiswadi|ST. CRUZ|XI|,1,Goa,2012,North Goa,Tiswadi,ST. CRUZ,gram_panchayat,XI,,gp_ward,ward,NONE,NONE,sc_st_bc,1,Woman,Women,all_seats,seat,,Sauanna Maria Araujo,,305,,,latin,local_elections,e0ae2676d62a-dirty,data/goa/2012/panres_2012_Tiswadi.pdf,3,page,
goa/gp_ward/2012,62e2bc60a563,Goa|2012|gp_ward|North Goa|Tiswadi|ST. LAWRENCE( AGASSAIM )|I|,1,Goa,2012,North Goa,Tiswadi,ST. LAWRENCE( AGASSAIM ),gram_panchayat,I,,gp_ward,ward,BC,BC,sc_st_bc,0,BC Other than Woman,O.B.C.,all_seats,seat,,Benny Manuel Silveira,,262,,,latin,local_elections,e0ae2676d62a-dirty,data/goa/2012/panres_2012_Tiswadi.pdf,3,page,
goa/gp_ward/2012,5490af43ce71,Goa|2012|gp_ward|North Goa|Tiswadi|ST. LAWRENCE( AGASSAIM )|II|,1,Goa,2012,North Goa,Tiswadi,ST. LAWRENCE( AGASSAIM ),gram_panchayat,II,,gp_ward,ward,NONE,NONE,sc_st_bc,0,Other than Woman,General,all_seats,seat,,Paixao Augusto Rebelo,,128,,,latin,local_elections,e0ae2676d62a-dirty,data/goa/2012/panres_2012_Tiswadi.pdf,3,page,
goa/gp_ward/2012,6d57cdc02d24,Goa|2012|gp_ward|North Goa|Tiswadi|ST. LAWRENCE( AGASSAIM )|III|,1,Goa,2012,North Goa,Tiswadi,ST. LAWRENCE( AGASSAIM ),gram_panchayat,III,,gp_ward,ward,NONE,NONE,sc_st_bc,1,Woman,Women,all_seats,seat,,Teresinha Socorrinha Gonsalves,,132,,,latin,local_elections,e0ae2676d62a-dirty,data/goa/2012/panres_2012_Tiswadi.pdf,3,page,
goa/gp_ward/2012,3085be4c4e12,Goa|2012|gp_ward|North Goa|Tiswadi|ST. LAWRENCE( AGASSAIM )|IV|,1,Goa,2012,North Goa,Tiswadi,ST. LAWRENCE( AGASSAIM ),gram_panchayat,IV,,gp_ward,ward,NONE,NONE,sc_st_bc,1,Woman,Women,all_seats,seat,,Veronica Andre Fernandes,,93,,,latin,local_elections,e0ae2676d62a-dirty,data/goa/2012/panres_2012_Tiswadi.pdf,3,page,
goa/gp_ward/2012,0216ae13b6a2,Goa|2012|gp_ward|North Goa|Tiswadi|ST. LAWRENCE( AGASSAIM )|V|,1,Goa,2012,North Goa,Tiswadi,ST. LAWRENCE( AGASSAIM ),gram_panchayat,V,,gp_ward,ward,NONE,NONE,sc_st_bc,0,Other than Woman,General,all_seats,seat,,Jaime Antonio Afonso,,191,,,latin,local_elections,e0ae2676d62a-dirty,data/goa/2012/panres_2012_Tiswadi.pdf,3,page,
goa/gp_ward/2012,418b32c1e8a4,Goa|2012|gp_ward|North Goa|Tiswadi|ST. LAWRENCE( AGASSAIM )|VI|,1,Goa,2012,North Goa,Tiswadi,ST. LAWRENCE( AGASSAIM ),gram_panchayat,VI,,gp_ward,ward,NONE,NONE,sc_st_bc,0,Other than Woman,General,all_seats,seat,,Cruz Joao Vales,,77,,,latin,local_elections,e0ae2676d62a-dirty,data/goa/2012/panres_2012_Tiswadi.pdf,3,page,
goa/gp_ward/2012,b1642657718d,Goa|2012|gp_ward|North Goa|Tiswadi|ST. LAWRENCE( AGASSAIM )|VII|,1,Goa,2012,North Goa,Tiswadi,ST. LAWRENCE( AGASSAIM ),gram_panchayat,VII,,gp_ward,ward,NONE,NONE,sc_st_bc,1,Woman,Women,all_seats,seat,,Anjani Tulshidas Kavlekar,,216,,,latin,local_elections,e0ae2676d62a-dirty,data/goa/2012/panres_2012_Tiswadi.pdf,3,page,
goa/gp_ward/2012,ceb1aa26409b,Goa|2012|gp_ward|North Goa|Tiswadi|ST. LAWRENCE( AGASSAIM )|VIII|,1,Goa,2012,North Goa,Tiswadi,ST. LAWRENCE( AGASSAIM ),gram_panchayat,VIII,,gp_ward,ward,NONE,NONE,sc_st_bc,0,Other than Woman,General,all_seats,seat,,Piedade Manuel Fernandes,,134,,,latin,local_elections,e0ae2676d62a-dirty,data/goa/2012/panres_2012_Tiswadi.pdf,4,page,
goa/gp_ward/2012,718e79627519,Goa|2012|gp_ward|North Goa|Tiswadi|ST. LAWRENCE( AGASSAIM )|IX|,1,Goa,2012,North Goa,Tiswadi,ST. LAWRENCE( AGASSAIM ),gram_panchayat,IX,,gp_ward,ward,NONE,NONE,sc_st_bc,0,Other than Woman,General,all_seats,seat,,Emie Leavora Fernandes,,175,,,latin,local_elections,e0ae2676d62a-dirty,data/goa/2012/panres_2012_Tiswadi.pdf,4,page,
goa/gp_ward/2012,55a62cd33972,Goa|2012|gp_ward|North Goa|Tiswadi|ST. LAWRENCE( AGASSAIM )|X|,1,Goa,2012,North Goa,Tiswadi,ST. LAWRENCE( AGASSAIM ),gram_panchayat,X,,gp_ward,ward,NONE,NONE,sc_st_bc,0,Other than Woman,General,all_seats,seat,,Francisco Xavier Frutuoso Gracias,,161,,,latin,local_elections,e0ae2676d62a-dirty,data/goa/2012/panres_2012_Tiswadi.pdf,4,page,
goa/gp_ward/2012,6fd5b5996c09,Goa|2012|gp_ward|North Goa|Tiswadi|ST. LAWRENCE( AGASSAIM )|XI|,1,Goa,2012,North Goa,Tiswadi,ST. LAWRENCE( AGASSAIM ),gram_panchayat,XI,,gp_ward,ward,NONE,NONE,sc_st_bc,1,Woman,Women,all_seats,seat,,Shaini Mario Pereira,,120,,,latin,local_elections,e0ae2676d62a-dirty,data/goa/2012/panres_2012_Tiswadi.pdf,4,page,
goa/gp_ward/2012,f2aa76f8d67f,Goa|2012|gp_ward|North Goa|Tiswadi|AZOSSIM-MANDUR|I|,1,Goa,2012,North Goa,Tiswadi,AZOSSIM-MANDUR,gram_panchayat,I,,gp_ward,ward,NONE,NONE,sc_st_bc,0,Other than Woman,General,all_seats,seat,,Antonio Joao Nouidade Caiado,,116,,,latin,local_elections,e0ae2676d62a-dirty,data/goa/2012/panres_2012_Tiswadi.pdf,4,page,
goa/gp_ward/2012,c153f4aef36f,Goa|2012|gp_ward|North Goa|Tiswadi|AZOSSIM-MANDUR|II|,1,Goa,2012,North Goa,Tiswadi,AZOSSIM-MANDUR,gram_panchayat,II,,gp_ward,ward,NONE,NONE,sc_st_bc,1,Woman,Women,all_seats,seat,,Paulina Francisco Po Oliveira,,176,,,latin,local_elections,e0ae2676d62a-dirty,data/goa/2012/panres_2012_Tiswadi.pdf,4,page,
goa/gp_ward/2012,983997854aca,Goa|2012|gp_ward|North Goa|Tiswadi|AZOSSIM-MANDUR|III|,1,Goa,2012,North Goa,Tiswadi,AZOSSIM-MANDUR,gram_panchayat,III,,gp_ward,ward,NONE,NONE,sc_st_bc,0,Other than Woman,General,all_seats,seat,,Sameer Tato Naique,,109,,,latin,local_elections,e0ae2676d62a-dirty,data/goa/2012/panres_2012_Tiswadi.pdf,4,page,
goa/gp_ward/2012,fd56e35e3202,Goa|2012|gp_ward|North Goa|Tiswadi|AZOSSIM-MANDUR|IV|,1,Goa,2012,North Goa,Tiswadi,AZOSSIM-MANDUR,gram_panchayat,IV,,gp_ward,ward,BC,BC,sc_st_bc,0,BC Other than Woman,O.B.C,all_seats,seat,,Premnath Ramrai Naik,,142,,,latin,local_elections,e0ae2676d62a-dirty,data/goa/2012/panres_2012_Tiswadi.pdf,4,page,
goa/gp_ward/2012,976c7ed9d4e9,Goa|2012|gp_ward|North Goa|Tiswadi|AZOSSIM-MANDUR|V|,1,Goa,2012,North Goa,Tiswadi,AZOSSIM-MANDUR,gram_panchayat,V,,gp_ward,ward,BC,BC,sc_st_bc,0,BC Other than Woman,O.B.C,all_seats,seat,,Asha Devanand Madkaikar,,169,,,latin,local_elections,e0ae2676d62a-dirty,data/goa/2012/panres_2012_Tiswadi.pdf,4,page,
goa/gp_ward/2012,33e6f6f14d97,Goa|2012|gp_ward|North Goa|Tiswadi|AZOSSIM-MANDUR|VI|,1,Goa,2012,North Goa,Tiswadi,AZOSSIM-MANDUR,gram_panchayat,VI,,gp_ward,ward,NONE,NONE,sc_st_bc,0,Other than Woman,General,all_seats,seat,,Francisco Joaquim Vicent Po,,274,,,latin,local_elections,e0ae2676d62a-dirty,data/goa/2012/panres_2012_Tiswadi.pdf,4,page,
goa/gp_ward/2012,9442ab105f53,Goa|2012|gp_ward|North Goa|Tiswadi|AZOSSIM-MANDUR|VII|,1,Goa,2012,North Goa,Tiswadi,AZOSSIM-MANDUR,gram_panchayat,VII,,gp_ward,ward,ST,ST,sc_st_bc,1,ST Woman,ST Women,all_seats,seat,,Shaila Gurudas Gaunekar,,326,,,latin,local_elections,e0ae2676d62a-dirty,data/goa/2012/panres_2012_Tiswadi.pdf,4,page,
goa/gp_ward/2012,82cec590ce7d,Goa|2012|gp_ward|North Goa|Tiswadi|CARAMBOLIM|I|,1,Goa,2012,North Goa,Tiswadi,CARAMBOLIM,gram_panchayat,I,,gp_ward,ward,ST,ST,sc_st_bc,0,ST Other than Woman,S.T.,all_seats,seat,,Kusta Omno Salelkar,,188,,,latin,local_elections,e0ae2676d62a-dirty,data/goa/2012/panres_2012_Tiswadi.pdf,4,page,
goa/gp_ward/2012,14554173b36b,Goa|2012|gp_ward|North Goa|Tiswadi|CARAMBOLIM|II|,1,Goa,2012,North Goa,Tiswadi,CARAMBOLIM,gram_panchayat,II,,gp_ward,ward,NONE,NONE,sc_st_bc,1,Woman,Women,all_seats,seat,,Ashvita Anand Vargaonkar,,215,,,latin,local_elections,e0ae2676d62a-dirty,data/goa/2012/panres_2012_Tiswadi.pdf,4,page,
goa/gp_ward/2012,d1de4d2284df,Goa|2012|gp_ward|North Goa|Tiswadi|CARAMBOLIM|III|,1,Goa,2012,North Goa,Tiswadi,CARAMBOLIM,gram_panchayat,III,,gp_ward,ward,NONE,NONE,sc_st_bc,0,Other than Woman,General,all_seats,seat,,Bhalchandra Satu Usgaonkar,,135,,,latin,local_elections,e0ae2676d62a-dirty,data/goa/2012/panres_2012_Tiswadi.pdf,4,page,
goa/gp_ward/2012,8f34bd2849e9,Goa|2012|gp_ward|North Goa|Tiswadi|CARAMBOLIM|IV|,1,Goa,2012,North Goa,Tiswadi,CARAMBOLIM,gram_panchayat,IV,,gp_ward,ward,ST,ST,sc_st_bc,0,ST Other than Woman,S.T.,all_seats,seat,,Kundan Govind Bhomkar,,225,,,latin,local_elections,e0ae2676d62a-dirty,data/goa/2012/panres_2012_Tiswadi.pdf,4,page,
goa/gp_ward/2012,6459ed71f2e5,Goa|2012|gp_ward|North Goa|Tiswadi|CARAMBOLIM|V|,1,Goa,2012,North Goa,Tiswadi,CARAMBOLIM,gram_panchayat,V,,gp_ward,ward,NONE,NONE,sc_st_bc,0,Other than Woman,General,all_seats,seat,,Nurpesh Deepu Bhomkar,,162,,,latin,local_elections,e0ae2676d62a-dirty,data/goa/2012/panres_2012_Tiswadi.pdf,4,page,
goa/gp_ward/2012,37b89510e1df,Goa|2012|gp_ward|North Goa|Tiswadi|CARAMBOLIM|VI|,1,Goa,2012,North Goa,Tiswadi,CARAMBOLIM,gram_panchayat,VI,,gp_ward,ward,NONE,NONE,sc_st_bc,0,Other than Woman,General,all_seats,seat,,Wilson Wilfred Valadares,,242,,,latin,local_elections,e0ae2676d62a-dirty,data/goa/2012/panres_2012_Tiswadi.pdf,4,page,
goa/gp_ward/2012,14bb2b0115df,Goa|2012|gp_ward|North Goa|Tiswadi|CARAMBOLIM|VII|,1,Goa,2012,North Goa,Tiswadi,CARAMBOLIM,gram_panchayat,VII,,gp_ward,ward,NONE,NONE,sc_st_bc,1,Woman,Women,all_seats,seat,,Wanisha Wilson Valladares,,,,,latin,local_elections,e0ae2676d62a-dirty,data/goa/2012/panres_2012_Tiswadi.pdf,4,page,
goa/gp_ward/2012,99e91808540c,Goa|2012|gp_ward|North Goa|Tiswadi|CHODAN-MADEL|I|,1,Goa,2012,North Goa,Tiswadi,CHODAN-MADEL,gram_panchayat,I,,gp_ward,ward,NONE,NONE,sc_st_bc,0,Other than Woman,General,all_seats,seat,,Pandhari Kanta Vernekar,,305,,,latin,local_elections,e0ae2676d62a-dirty,data/goa/2012/panres_2012_Tiswadi.pdf,4,page,
goa/gp_ward/2012,714c236b8af1,Goa|2012|gp_ward|North Goa|Tiswadi|CHODAN-MADEL|II|,1,Goa,2012,North Goa,Tiswadi,CHODAN-MADEL,gram_panchayat,II,,gp_ward,ward,NONE,NONE,sc_st_bc,1,Woman,Women,all_seats,seat,,Arati Narendra Bandodkar,,218,,,latin,local_elections,e0ae2676d62a-dirty,data/goa/2012/panres_2012_Tiswadi.pdf,4,page,
goa/gp_ward/2012,c928856c719e,Goa|2012|gp_ward|North Goa|Tiswadi|CHODAN-MADEL|III|,1,Goa,2012,North Goa,Tiswadi,CHODAN-MADEL,gram_panchayat,III,,gp_ward,ward,NONE,NONE,sc_st_bc,0,Other than Woman,General,all_seats,seat,,Salvador Alex Cruz,,118,,,latin,local_elections,e0ae2676d62a-dirty,data/goa/2012/panres_2012_Tiswadi.pdf,4,page,
goa/gp_ward/2012,898d04aafb8d,Goa|2012|gp_ward|North Goa|Tiswadi|CHODAN-MADEL|IV|,1,Goa,2012,North Goa,Tiswadi,CHODAN-MADEL,gram_panchayat,IV,,gp_ward,ward,BC,BC,sc_st_bc,1,BC Woman,OBC Wom,all_seats,seat,,Divya Devendra Usapkar,,247,,,latin,local_elections,e0ae2676d62a-dirty,data/goa/2012/panres_2012_Tiswadi.pdf,4,page,
goa/gp_ward/2012,97d93450c4b4,Goa|2012|gp_ward|North Goa|Tiswadi|CHODAN-MADEL|V|,1,Goa,2012,North Goa,Tiswadi,CHODAN-MADEL,gram_panchayat,V,,gp_ward,ward,BC,BC,sc_st_bc,0,BC Other than Woman,O.B.C,all_seats,seat,,Vishal Ashok Acharya,,148,,,latin,local_elections,e0ae2676d62a-dirty,data/goa/2012/panres_2012_Tiswadi.pdf,4,page,
goa/gp_ward/2012,b755ed97ffa3,Goa|2012|gp_ward|North Goa|Tiswadi|CHODAN-MADEL|VI|,1,Goa,2012,North Goa,Tiswadi,CHODAN-MADEL,gram_panchayat,VI,,gp_ward,ward,NONE,NONE,sc_st_bc,0,Other than Woman,General,all_seats,seat,,Shamba Shankar Kalangutkar,,316,,,latin,local_elections,e0ae2676d62a-dirty,data/goa/2012/panres_2012_Tiswadi.pdf,4,page,
goa/gp_ward/2012,187a12acb38c,Goa|2012|gp_ward|North Goa|Tiswadi|CHODAN-MADEL|VII|,1,Goa,2012,North Goa,Tiswadi,CHODAN-MADEL,gram_panchayat,VII,,gp_ward,ward,NONE,NONE,sc_st_bc,1,Woman,Women,all_seats,seat,,Pooja Prasad Chodankar,,192,,,latin,local_elections,e0ae2676d62a-dirty,data/goa/2012/panres_2012_Tiswadi.pdf,4,page,
goa/gp_ward/2012,b99ab6f85103,Goa|2012|gp_ward|North Goa|Tiswadi|CHODAN-MADEL|VIII|,1,Goa,2012,North Goa,Tiswadi,CHODAN-MADEL,gram_panchayat,VIII,,gp_ward,ward,NONE,NONE,sc_st_bc,0,Other than Woman,General,all_seats,seat,,Vasudev Vasant Dhuri,,284,,,latin,local_elections,e0ae2676d62a-dirty,data/goa/2012/panres_2012_Tiswadi.pdf,4,page,
goa/gp_ward/2012,7089521454ce,Goa|2012|gp_ward|North Goa|Tiswadi|CHODAN-MADEL|IX|,1,Goa,2012,North Goa,Tiswadi,CHODAN-MADEL,gram_panchayat,IX,,gp_ward,ward,NONE,NONE,sc_st_bc,0,Other than Woman,General,all_seats,seat,,Rama Maddu Kubal,,266,,,latin,local_elections,e0ae2676d62a-dirty,data/goa/2012/panres_2012_Tiswadi.pdf,4,page,
goa/gp_ward/2012,47fce324f310,Goa|2012|gp_ward|North Goa|Tiswadi|CORLIM|I|,1,Goa,2012,North Goa,Tiswadi,CORLIM,gram_panchayat,I,,gp_ward,ward,NONE,NONE,sc_st_bc,0,Other than Woman,General,all_seats,seat,,Ganu Bhiku Jalmi,,184,,,latin,local_elections,e0ae2676d62a-dirty,data/goa/2012/panres_2012_Tiswadi.pdf,4,page,
goa/gp_ward/2012,809b0c8c0e91,Goa|2012|gp_ward|North Goa|Tiswadi|CORLIM|II|,1,Goa,2012,North Goa,Tiswadi,CORLIM,gram_panchayat,II,,gp_ward,ward,ST,ST,sc_st_bc,1,ST Woman,ST Women,all_seats,seat,,Dakshata Digambar Kalapurkar,,300,,,latin,local_elections,e0ae2676d62a-dirty,data/goa/2012/panres_2012_Tiswadi.pdf,4,page,
goa/gp_ward/2012,181018b15d61,Goa|2012|gp_ward|North Goa|Tiswadi|CORLIM|III|,1,Goa,2012,North Goa,Tiswadi,CORLIM,gram_panchayat,III,,gp_ward,ward,NONE,NONE,sc_st_bc,0,Other than Woman,General,all_seats,seat,,Caetano M.S. Jose Antonio Po,,124,,,latin,local_elections,e0ae2676d62a-dirty,data/goa/2012/panres_2012_Tiswadi.pdf,5,page,
goa/gp_ward/2012,15f0ef054731,Goa|2012|gp_ward|North Goa|Tiswadi|CORLIM|IV|,1,Goa,2012,North Goa,Tiswadi,CORLIM,gram_panchayat,IV,,gp_ward,ward,BC,BC,sc_st_bc,0,BC Other than Woman,O.B.C,all_seats,seat,,Gorakhnath Suresh Kerkar,,118,,,latin,local_elections,e0ae2676d62a-dirty,data/goa/2012/panres_2012_Tiswadi.pdf,5,page,
goa/gp_ward/2012,68530b7d41f5,Goa|2012|gp_ward|North Goa|Tiswadi|CORLIM|V|,1,Goa,2012,North Goa,Tiswadi,CORLIM,gram_panchayat,V,,gp_ward,ward,NONE,NONE,sc_st_bc,0,Other than Woman,General,all_seats,seat,,Purshottam Rupo Dhulapkar,,201,,,latin,local_elections,e0ae2676d62a-dirty,data/goa/2012/panres_2012_Tiswadi.pdf,5,page,
goa/gp_ward/2012,9ec0b37c8f35,Goa|2012|gp_ward|North Goa|Tiswadi|CORLIM|VI|,1,Goa,2012,North Goa,Tiswadi,CORLIM,gram_panchayat,VI,,gp_ward,ward,NONE,NONE,sc_st_bc,0,Other than Woman,General,all_seats,seat,,Victor Antonio Pereira,,80,,,latin,local_elections,e0ae2676d62a-dirty,data/goa/2012/panres_2012_Tiswadi.pdf,5,page,
goa/gp_ward/2012,e3d73134fe00,Goa|2012|gp_ward|North Goa|Tiswadi|CORLIM|VII|,1,Goa,2012,North Goa,Tiswadi,CORLIM,gram_panchayat,VII,,gp_ward,ward,NONE,NONE,sc_st_bc,1,Woman,Women,all_seats,seat,,Surpriya Gorakhnath Kerkar,,137,,,latin,local_elections,e0ae2676d62a-dirty,data/goa/2012/panres_2012_Tiswadi.pdf,5,page,
goa/gp_ward/2012,efd67ef6ce08,Goa|2012|gp_ward|North Goa|Tiswadi|CUMBARJUA|I|,1,Goa,2012,North Goa,Tiswadi,CUMBARJUA,gram_panchayat,I,,gp_ward,ward,NONE,NONE,sc_st_bc,0,Other than Woman,General,all_seats,seat,,Cosme Filomeno D' Silva,,92,,,latin,local_elections,e0ae2676d62a-dirty,data/goa/2012/panres_2012_Tiswadi.pdf,5,page,
goa/gp_ward/2012,4598cc5b3c4b,Goa|2012|gp_ward|North Goa|Tiswadi|CUMBARJUA|II|,1,Goa,2012,North Goa,Tiswadi,CUMBARJUA,gram_panchayat,II,,gp_ward,ward,BC,BC,sc_st_bc,1,BC Woman,OBC Wom,all_seats,seat,,Padmini Dharma Phadte,,274,,,latin,local_elections,e0ae2676d62a-dirty,data/goa/2012/panres_2012_Tiswadi.pdf,5,page,
goa/gp_ward/2012,9e29cb51e8fd,Goa|2012|gp_ward|North Goa|Tiswadi|CUMBARJUA|III|,1,Goa,2012,North Goa,Tiswadi,CUMBARJUA,gram_panchayat,III,,gp_ward,ward,BC,BC,sc_st_bc,0,BC Other than Woman,O.B.C,all_seats,seat,,Suresh Shridhar Naik,,194,,,latin,local_elections,e0ae2676d62a-dirty,data/goa/2012/panres_2012_Tiswadi.pdf,5,page,
goa/gp_ward/2012,48b800c3d2c1,Goa|2012|gp_ward|North Goa|Tiswadi|CUMBARJUA|IV|,1,Goa,2012,North Goa,Tiswadi,CUMBARJUA,gram_panchayat,IV,,gp_ward,ward,NONE,NONE,sc_st_bc,0,Other than Woman,General,all_seats,seat,,Suhas Hari Phadte,,238,,,latin,local_elections,e0ae2676d62a-dirty,data/goa/2012/panres_2012_Tiswadi.pdf,5,page,
goa/gp_ward/2012,04b252dbcf01,Goa|2012|gp_ward|North Goa|Tiswadi|CUMBARJUA|V|,1,Goa,2012,North Goa,Tiswadi,CUMBARJUA,gram_panchayat,V,,gp_ward,ward,NONE,NONE,sc_st_bc,0,Other than Woman,General,all_seats,seat,,Manohar Sonu Gaude,,195,,,latin,local_elections,e0ae2676d62a-dirty,data/goa/2012/panres_2012_Tiswadi.pdf,5,page,
goa/gp_ward/2012,8392f88b8c86,Goa|2012|gp_ward|North Goa|Tiswadi|CUMBARJUA|VI|,1,Goa,2012,North Goa,Tiswadi,CUMBARJUA,gram_panchayat,VI,,gp_ward,ward,NONE,NONE,sc_st_bc,0,Other than Woman,General,all_seats,seat,,Pramod Chandrakant Kamat,,107,,,latin,local_elections,e0ae2676d62a-dirty,data/goa/2012/panres_2012_Tiswadi.pdf,5,page,
goa/gp_ward/2012,ea8e6946aa2f,Goa|2012|gp_ward|North Goa|Tiswadi|CUMBARJUA|VII|,1,Goa,2012,North Goa,Tiswadi,CUMBARJUA,gram_panchayat,VII,,gp_ward,ward,NONE,NONE,sc_st_bc,1,Woman,Women,all_seats,seat,,Soniya Somnath Shet,,113,,,latin,local_elections,e0ae2676d62a-dirty,data/goa/2012/panres_2012_Tiswadi.pdf,5,page,
goa/gp_ward/2012,6d172260ed40,Goa|2012|gp_ward|North Goa|Tiswadi|GOLTIM-NAVELIM|I|,1,Goa,2012,North Goa,Tiswadi,GOLTIM-NAVELIM,gram_panchayat,I,,gp_ward,ward,ST,ST,sc_st_bc,0,ST Other than Woman,S.T.,all_seats,seat,,Kanan Vithal Priolkar,,175,,,latin,local_elections,e0ae2676d62a-dirty,data/goa/2012/panres_2012_Tiswadi.pdf,5,page,
goa/gp_ward/2012,98ad76e24d06,Goa|2012|gp_ward|North Goa|Tiswadi|GOLTIM-NAVELIM|II|,1,Goa,2012,North Goa,Tiswadi,GOLTIM-NAVELIM,gram_panchayat,II,,gp_ward,ward,NONE,NONE,sc_st_bc,1,Woman,Women,all_seats,seat,,Monica Elvis Aguiar,,97,,,latin,local_elections,e0ae2676d62a-dirty,data/goa/2012/panres_2012_Tiswadi.pdf,5,page,
goa/gp_ward/2012,19dbb1ede3b8,Goa|2012|gp_ward|North Goa|Tiswadi|GOLTIM-NAVELIM|III|,1,Goa,2012,North Goa,Tiswadi,GOLTIM-NAVELIM,gram_panchayat,III,,gp_ward,ward,NONE,NONE,sc_st_bc,0,Other than Woman,General,all_seats,seat,,Ciriaco Matias Fernandes,,87,,,latin,local_elections,e0ae2676d62a-dirty,data/goa/2012/panres_2012_Tiswadi.pdf,5,page,
goa/gp_ward/2012,eef750c809c8,Goa|2012|gp_ward|North Goa|Tiswadi|GOLTIM-NAVELIM|IV|,1,Goa,2012,North Goa,Tiswadi,GOLTIM-NAVELIM,gram_panchayat,IV,,gp_ward,ward,NONE,NONE,sc_st_bc,0,Other than Woman,General,all_seats,seat,,Prasad Narayan Harmalkar,,163,,,latin,local_elections,e0ae2676d62a-dirty,data/goa/2012/panres_2012_Tiswadi.pdf,5,page,
goa/gp_ward/2012,3a5b1dd35158,Goa|2012|gp_ward|North Goa|Tiswadi|GOLTIM-NAVELIM|V|,1,Goa,2012,North Goa,Tiswadi,GOLTIM-NAVELIM,gram_panchayat,V,,gp_ward,ward,BC,BC,sc_st_bc,0,BC Other than Woman,O.B.C,all_seats,seat,,Rajesh Anand Pilernkar,,110,,,latin,local_elections,e0ae2676d62a-dirty,data/goa/2012/panres_2012_Tiswadi.pdf,5,page,
goa/gp_ward/2012,0676313292ae,Goa|2012|gp_ward|North Goa|Tiswadi|GOLTIM-NAVELIM|VI|,1,Goa,2012,North Goa,Tiswadi,GOLTIM-NAVELIM,gram_panchayat,VI,,gp_ward,ward,NONE,NONE,sc_st_bc,0,Other than Woman,General,all_seats,seat,,Jenu Dattu Kunkalikar,,82,,,latin,local_elections,e0ae2676d62a-dirty,data/goa/2012/panres_2012_Tiswadi.pdf,5,page,
goa/gp_ward/2012,cf35e5636966,Goa|2012|gp_ward|North Goa|Tiswadi|GOLTIM-NAVELIM|VII|,1,Goa,2012,North Goa,Tiswadi,GOLTIM-NAVELIM,gram_panchayat,VII,,gp_ward,ward,NONE,NONE,sc_st_bc,1,Woman,Women,all_seats,seat,,Ranjita Chandrakant Gaunekar,,151,,,latin,local_elections,e0ae2676d62a-dirty,data/goa/2012/panres_2012_Tiswadi.pdf,5,page,
goa/gp_ward/2012,74febd657901,Goa|2012|gp_ward|North Goa|Tiswadi|SAO MATHIAS|I|,1,Goa,2012,North Goa,Tiswadi,SAO MATHIAS,gram_panchayat,I,,gp_ward,ward,NONE,NONE,sc_st_bc,0,Other than Woman,General,all_seats,seat,,Melca Mathias Vaz,,137,,,latin,local_elections,e0ae2676d62a-dirty,data/goa/2012/panres_2012_Tiswadi.pdf,5,page,
goa/gp_ward/2012,135c88689a97,Goa|2012|gp_ward|North Goa|Tiswadi|SAO MATHIAS|II|,1,Goa,2012,North Goa,Tiswadi,SAO MATHIAS,gram_panchayat,II,,gp_ward,ward,BC,BC,sc_st_bc,1,BC Woman,OBC Wom,all_seats,seat,,Vaibhavi Vivek Sawant,,98,,,latin,local_elections,e0ae2676d62a-dirty,data/goa/2012/panres_2012_Tiswadi.pdf,5,page,
goa/gp_ward/2012,80c1900f984f,Goa|2012|gp_ward|North Goa|Tiswadi|SAO MATHIAS|III|,1,Goa,2012,North Goa,Tiswadi,SAO MATHIAS,gram_panchayat,III,,gp_ward,ward,NONE,NONE,sc_st_bc,0,Other than Woman,General,all_seats,seat,,Tulshidas Surya Kundaikar,,143,,,latin,local_elections,e0ae2676d62a-dirty,data/goa/2012/panres_2012_Tiswadi.pdf,5,page,
goa/gp_ward/2012,4d49981d9302,Goa|2012|gp_ward|North Goa|Tiswadi|SAO MATHIAS|IV|,1,Goa,2012,North Goa,Tiswadi,SAO MATHIAS,gram_panchayat,IV,,gp_ward,ward,NONE,NONE,sc_st_bc,0,Other than Woman,General,all_seats,seat,,Prashant Kamalkant Harvalkar,,114,,,latin,local_elections,e0ae2676d62a-dirty,data/goa/2012/panres_2012_Tiswadi.pdf,5,page,
goa/gp_ward/2012,c7372ca7ea36,Goa|2012|gp_ward|North Goa|Tiswadi|SAO MATHIAS|V|,1,Goa,2012,North Goa,Tiswadi,SAO MATHIAS,gram_panchayat,V,,gp_ward,ward,NONE,NONE,sc_st_bc,0,Other than Woman,General,all_seats,seat,,Gurudas Manohar Bhomkar,,75,,,latin,local_elections,e0ae2676d62a-dirty,data/goa/2012/panres_2012_Tiswadi.pdf,5,page,
goa/gp_ward/2012,12cf316491e6,Goa|2012|gp_ward|North Goa|Tiswadi|SAO MATHIAS|VI|,1,Goa,2012,North Goa,Tiswadi,SAO MATHIAS,gram_panchayat,VI,,gp_ward,ward,BC,BC,sc_st_bc,0,BC Other than Woman,O.B.C,all_seats,seat,,Ankita Ashok Chopdekar,,93,,,latin,local_elections,e0ae2676d62a-dirty,data/goa/2012/panres_2012_Tiswadi.pdf,5,page,
goa/gp_ward/2012,505a75651812,Goa|2012|gp_ward|North Goa|Tiswadi|SAO MATHIAS|VII|,1,Goa,2012,North Goa,Tiswadi,SAO MATHIAS,gram_panchayat,VII,,gp_ward,ward,NONE,NONE,sc_st_bc,1,Woman,Women,all_seats,seat,,Greta Ubaldina Peter Vaz,,70,,,latin,local_elections,e0ae2676d62a-dirty,data/goa/2012/panres_2012_Tiswadi.pdf,5,page,
goa/gp_ward/2012,d94c91f1d944,Goa|2012|gp_ward|North Goa|Tiswadi|SE OLD GOA|I|,1,Goa,2012,North Goa,Tiswadi,SE OLD GOA,gram_panchayat,I,,gp_ward,ward,BC,BC,sc_st_bc,0,BC Other than Woman,O.B.C,all_seats,seat,,Pushparaj Sazu Naik,,204,,,latin,local_elections,e0ae2676d62a-dirty,data/goa/2012/panres_2012_Tiswadi.pdf,6,page,
goa/gp_ward/2012,fedc7d1efef0,Goa|2012|gp_ward|North Goa|Tiswadi|SE OLD GOA|II|,1,Goa,2012,North Goa,Tiswadi,SE OLD GOA,gram_panchayat,II,,gp_ward,ward,NONE,NONE,sc_st_bc,1,Woman,Women,all_seats,seat,,Anisha Vishwas Kuttikar,,142,,,latin,local_elections,e0ae2676d62a-dirty,data/goa/2012/panres_2012_Tiswadi.pdf,6,page,
goa/gp_ward/2012,e58ea1d0c332,Goa|2012|gp_ward|North Goa|Tiswadi|SE OLD GOA|III|,1,Goa,2012,North Goa,Tiswadi,SE OLD GOA,gram_panchayat,III,,gp_ward,ward,NONE,NONE,sc_st_bc,0,Other than Woman,General,all_seats,seat,,Prakash Pandhurang Amonkar,,141,,,latin,local_elections,e0ae2676d62a-dirty,data/goa/2012/panres_2012_Tiswadi.pdf,6,page,
goa/gp_ward/2012,fcdde9ecbd33,Goa|2012|gp_ward|North Goa|Tiswadi|SE OLD GOA|IV|,1,Goa,2012,North Goa,Tiswadi,SE OLD GOA,gram_panchayat,IV,,gp_ward,ward,NONE,NONE,sc_st_bc,1,Woman,Women,all_seats,seat,,Janita Pandurang Madkaikar,,183,,,latin,local_elections,e0ae2676d62a-dirty,data/goa/2012/panres_2012_Tiswadi.pdf,6,page,
goa/gp_ward/2012,360e0cb4f8a1,Goa|2012|gp_ward|North Goa|Tiswadi|SE OLD GOA|V|,1,Goa,2012,North Goa,Tiswadi,SE OLD GOA,gram_panchayat,V,,gp_ward,ward,NONE,NONE,sc_st_bc,0,Other than Woman,General,all_seats,seat,,Vinayak Jagannath Fadte,,170,,,latin,local_elections,e0ae2676d62a-dirty,data/goa/2012/panres_2012_Tiswadi.pdf,6,page,
goa/gp_ward/2012,9f695422d28e,Goa|2012|gp_ward|North Goa|Tiswadi|SE OLD GOA|VI|,1,Goa,2012,North Goa,Tiswadi,SE OLD GOA,gram_panchayat,VI,,gp_ward,ward,NONE,NONE,sc_st_bc,0,Other than Woman,General,all_seats,seat,,Xavier Santan Anthony Fialho,,111,,,latin,local_elections,e0ae2676d62a-dirty,data/goa/2012/panres_2012_Tiswadi.pdf,6,page,
goa/gp_ward/2012,fade78d33767,Goa|2012|gp_ward|North Goa|Tiswadi|SE OLD GOA|VII|,1,Goa,2012,North Goa,Tiswadi,SE OLD GOA,gram_panchayat,VII,,gp_ward,ward,NONE,NONE,sc_st_bc,1,Woman,Women,all_seats,seat,,Geeta Santosh Parvatkar,,152,,,latin,local_elections,e0ae2676d62a-dirty,data/goa/2012/panres_2012_Tiswadi.pdf,6,page,
goa/gp_ward/2012,066b239434be,Goa|2012|gp_ward|North Goa|Tiswadi|SE OLD GOA|VIII|,1,Goa,2012,North Goa,Tiswadi,SE OLD GOA,gram_panchayat,VIII,,gp_ward,ward,ST,ST,sc_st_bc,0,ST Other than Woman,S.T.,all_seats,seat,,Nilkant Pedro Bhomkar,,173,,,latin,local_elections,e0ae2676d62a-dirty,data/goa/2012/panres_2012_Tiswadi.pdf,6,page,
goa/gp_ward/2012,7de2482d9775,Goa|2012|gp_ward|North Goa|Tiswadi|SE OLD GOA|IX|,1,Goa,2012,North Goa,Tiswadi,SE OLD GOA,gram_panchayat,IX,,gp_ward,ward,NONE,NONE,sc_st_bc,0,Other than Woman,General,all_seats,seat,,Vishal Shambhu Volvoikar,,206,,,latin,local_elections,e0ae2676d62a-dirty,data/goa/2012/panres_2012_Tiswadi.pdf,6,page,
goa/gp_ward/2012,67c3d641cd0f,Goa|2012|gp_ward|North Goa|Tiswadi|ST. ESTEVAM|I|,1,Goa,2012,North Goa,Tiswadi,ST. ESTEVAM,gram_panchayat,I,,gp_ward,ward,NONE,NONE,sc_st_bc,0,Other than Woman,General,all_seats,seat,,Rohidas Sitaram Narvekar,,227,,,latin,local_elections,e0ae2676d62a-dirty,data/goa/2012/panres_2012_Tiswadi.pdf,6,page,
goa/gp_ward/2012,28fbb016e8af,Goa|2012|gp_ward|North Goa|Tiswadi|ST. ESTEVAM|II|,1,Goa,2012,North Goa,Tiswadi,ST. ESTEVAM,gram_panchayat,II,,gp_ward,ward,NONE,NONE,sc_st_bc,1,Woman,Women,all_seats,seat,,Erasma Severino Magalhaes,,115,,,latin,local_elections,e0ae2676d62a-dirty,data/goa/2012/panres_2012_Tiswadi.pdf,6,page,
goa/gp_ward/2012,9be48cbc9047,Goa|2012|gp_ward|North Goa|Tiswadi|ST. ESTEVAM|III|,1,Goa,2012,North Goa,Tiswadi,ST. ESTEVAM,gram_panchayat,III,,gp_ward,ward,NONE,NONE,sc_st_bc,0,Other than Woman,General,all_seats,seat,,Camilo Nolasco Joaquim A.S. Menezes,,203,,,latin,local_elections,e0ae2676d62a-dirty,data/goa/2012/panres_2012_Tiswadi.pdf,6,page,
goa/gp_ward/2012,b4df72c2a9f4,Goa|2012|gp_ward|North Goa|Tiswadi|ST. ESTEVAM|IV|,1,Goa,2012,North Goa,Tiswadi,ST. ESTEVAM,gram_panchayat,IV,,gp_ward,ward,NONE,NONE,sc_st_bc,0,Other than Woman,General,all_seats,seat,,Celesta Philipa Mukesh Saldanha,,142,,,latin,local_elections,e0ae2676d62a-dirty,data/goa/2012/panres_2012_Tiswadi.pdf,6,page,
goa/gp_ward/2012,6d2d51d6f93e,Goa|2012|gp_ward|North Goa|Tiswadi|ST. ESTEVAM|V|,1,Goa,2012,North Goa,Tiswadi,ST. ESTEVAM,gram_panchayat,V,,gp_ward,ward,NONE,NONE,sc_st_bc,0,Other than Woman,General,all_seats,seat,,Jose Orlando Domingos Agostinho Menezes,,150,,,latin,local_elections,e0ae2676d62a-dirty,data/goa/2012/panres_2012_Tiswadi.pdf,6,page,
goa/gp_ward/2012,dfe0facaa5a9,Goa|2012|gp_ward|North Goa|Tiswadi|ST. ESTEVAM|VI|,1,Goa,2012,North Goa,Tiswadi,ST. ESTEVAM,gram_panchayat,VI,,gp_ward,ward,NONE,NONE,sc_st_bc,0,Other than Woman,General,all_seats,seat,,Ramanand Narayan Chodankar,,200,,,latin,local_elections,e0ae2676d62a-dirty,data/goa/2012/panres_2012_Tiswadi.pdf,6,page,
goa/gp_ward/2012,eb0bb00ca9b7,Goa|2012|gp_ward|North Goa|Tiswadi|ST. ESTEVAM|VII|,1,Goa,2012,North Goa,Tiswadi,ST. ESTEVAM,gram_panchayat,VII,,gp_ward,ward,NONE,NONE,sc_st_bc,1,Woman,Women,all_seats,seat,,Sabrina Darwin Pereira,,168,,,latin,local_elections,e0ae2676d62a-dirty,data/goa/2012/panres_2012_Tiswadi.pdf,6,page,
goa/gp_ward/2017,4ccd8e818a01,Goa|2017|gp_ward|North Goa|Bardez|Siolim­Sodiem|I|,1,Goa,2017,North Goa,Bardez,Siolim­Sodiem,gram_panchayat,I,,gp_ward,ward,NONE,NONE,sc_st_bc,0,Other than Woman,General,all_seats,seat,,,,,,,latin,local_elections,e0ae2676d62a-dirty,data/goa/2017/bardez.pdf,1,page,
goa/gp_ward/2017,2f447401249f,Goa|2017|gp_ward|North Goa|Bardez|Siolim­Sodiem|II|,1,Goa,2017,North Goa,Bardez,Siolim­Sodiem,gram_panchayat,II,,gp_ward,ward,BC,BC,sc_st_bc,0,BC Other than Woman,OBC,all_seats,seat,,,,,,,latin,local_elections,e0ae2676d62a-dirty,data/goa/2017/bardez.pdf,1,page,
goa/gp_ward/2017,9ccd50229277,Goa|2017|gp_ward|North Goa|Bardez|Siolim­Sodiem|III|,1,Goa,2017,North Goa,Bardez,Siolim­Sodiem,gram_panchayat,III,,gp_ward,ward,NONE,NONE,sc_st_bc,1,Woman,Women,all_seats,seat,,,,,,,latin,local_elections,e0ae2676d62a-dirty,data/goa/2017/bardez.pdf,1,page,
goa/gp_ward/2017,c23a9600daf8,Goa|2017|gp_ward|North Goa|Bardez|Siolim­Marna|I|,1,Goa,2017,North Goa,Bardez,Siolim­Marna,gram_panchayat,I,,gp_ward,ward,NONE,NONE,sc_st_bc,0,Other than Woman,General,all_seats,seat,,,,,,,latin,local_elections,e0ae2676d62a-dirty,data/goa/2017/bardez.pdf,2,page,
goa/gp_ward/2017,d5307a72d652,Goa|2017|gp_ward|North Goa|Bardez|Siolim­Marna|II|,1,Goa,2017,North Goa,Bardez,Siolim­Marna,gram_panchayat,II,,gp_ward,ward,NONE,NONE,sc_st_bc,0,Other than Woman,General,all_seats,seat,,,,,,,latin,local_elections,e0ae2676d62a-dirty,data/goa/2017/bardez.pdf,2,page,
goa/gp_ward/2017,37ada7cec9c6,Goa|2017|gp_ward|North Goa|Bardez|Siolim­Marna|V|,1,Goa,2017,North Goa,Bardez,Siolim­Marna,gram_panchayat,V,,gp_ward,ward,NONE,NONE,sc_st_bc,1,Woman,Women,all_seats,seat,,,,,,,latin,local_elections,e0ae2676d62a-dirty,data/goa/2017/bardez.pdf,3,page,
goa/gp_ward/2017,8fb8410aca49,Goa|2017|gp_ward|North Goa|Bardez|Camurlim|I|,1,Goa,2017,North Goa,Bardez,Camurlim,gram_panchayat,I,,gp_ward,ward,NONE,NONE,sc_st_bc,0,Other than Woman,General,all_seats,seat,,,,,,,latin,local_elections,e0ae2676d62a-dirty,data/goa/2017/bardez.pdf,4,page,
goa/gp_ward/2017,a56e1b906e90,Goa|2017|gp_ward|North Goa|Bardez|Camurlim|II|,1,Goa,2017,North Goa,Bardez,Camurlim,gram_panchayat,II,,gp_ward,ward,NONE,NONE,sc_st_bc,0,Other than Woman,General,all_seats,seat,,,,,,,latin,local_elections,e0ae2676d62a-dirty,data/goa/2017/bardez.pdf,4,page,
goa/gp_ward/2017,cf1ced43657f,Goa|2017|gp_ward|North Goa|Bardez|Camurlim|V|,1,Goa,2017,North Goa,Bardez,Camurlim,gram_panchayat,V,,gp_ward,ward,NONE,NONE,sc_st_bc,0,Other than Woman,General,all_seats,seat,,,,,,,latin,local_elections,e0ae2676d62a-dirty,data/goa/2017/bardez.pdf,4,page,
goa/gp_ward/2017,bf5d808526cb,Goa|2017|gp_ward|North Goa|Bardez|Oxel|I|,1,Goa,2017,North Goa,Bardez,Oxel,gram_panchayat,I,,gp_ward,ward,NONE,NONE,sc_st_bc,0,Other than Woman,General,all_seats,seat,,,,,,,latin,local_elections,e0ae2676d62a-dirty,data/goa/2017/bardez.pdf,5,page,
goa/gp_ward/2017,8807a64c2d74,Goa|2017|gp_ward|North Goa|Bardez|Colvale|I|,1,Goa,2017,North Goa,Bardez,Colvale,gram_panchayat,I,,gp_ward,ward,NONE,NONE,sc_st_bc,0,Other than Woman,General,all_seats,seat,,,,,,,latin,local_elections,e0ae2676d62a-dirty,data/goa/2017/bardez.pdf,6,page,
goa/gp_ward/2017,504fc194afdc,Goa|2017|gp_ward|North Goa|Bardez|Colvale|II|,1,Goa,2017,North Goa,Bardez,Colvale,gram_panchayat,II,,gp_ward,ward,NONE,NONE,sc_st_bc,0,Other than Woman,General,all_seats,seat,,,,,,,latin,local_elections,e0ae2676d62a-dirty,data/goa/2017/bardez.pdf,6,page,
goa/gp_ward/2017,61de7e261c5a,Goa|2017|gp_ward|North Goa|Bardez|Colvale|III|,1,Goa,2017,North Goa,Bardez,Colvale,gram_panchayat,III,,gp_ward,ward,NONE,NONE,sc_st_bc,1,Woman,Women,all_seats,seat,,,,,,,latin,local_elections,e0ae2676d62a-dirty,data/goa/2017/bardez.pdf,6,page,
goa/gp_ward/2017,42ef4e8218a7,Goa|2017|gp_ward|North Goa|Bardez|Colvale|VI|,1,Goa,2017,North Goa,Bardez,Colvale,gram_panchayat,VI,,gp_ward,ward,NONE,NONE,sc_st_bc,0,Other than Woman,General,all_seats,seat,,,,,,,latin,local_elections,e0ae2676d62a-dirty,data/goa/2017/bardez.pdf,6,page,
goa/gp_ward/2017,745101242ecf,Goa|2017|gp_ward|North Goa|Bardez|Assonora|I|,1,Goa,2017,North Goa,Bardez,Assonora,gram_panchayat,I,,gp_ward,ward,NONE,NONE,sc_st_bc,0,Other than Woman,General,all_seats,seat,,,,,,,latin,local_elections,e0ae2676d62a-dirty,data/goa/2017/bardez.pdf,7,page,
goa/gp_ward/2017,989975154104,Goa|2017|gp_ward|North Goa|Bardez|Assonora|II|,1,Goa,2017,North Goa,Bardez,Assonora,gram_panchayat,II,,gp_ward,ward,BC,BC,sc_st_bc,0,BC Other than Woman,OBC,all_seats,seat,,,,,,,latin,local_elections,e0ae2676d62a-dirty,data/goa/2017/bardez.pdf,7,page,
goa/gp_ward/2017,66f4e89ad921,Goa|2017|gp_ward|North Goa|Bardez|Assonora|III|,1,Goa,2017,North Goa,Bardez,Assonora,gram_panchayat,III,,gp_ward,ward,NONE,NONE,sc_st_bc,1,Woman,Women,all_seats,seat,,,,,,,latin,local_elections,e0ae2676d62a-dirty,data/goa/2017/bardez.pdf,7,page,
goa/gp_ward/2017,89e8b472e2a3,Goa|2017|gp_ward|North Goa|Bardez|Assonora|V|,1,Goa,2017,North Goa,Bardez,Assonora,gram_panchayat,V,,gp_ward,ward,NONE,NONE,sc_st_bc,1,Woman,Women,all_seats,seat,,,,,,,latin,local_elections,e0ae2676d62a-dirty,data/goa/2017/bardez.pdf,8,page,
goa/gp_ward/2017,d35deed73bf4,Goa|2017|gp_ward|North Goa|Bardez|Revora|I|,1,Goa,2017,North Goa,Bardez,Revora,gram_panchayat,I,,gp_ward,ward,NONE,NONE,sc_st_bc,0,Other than Woman,General,all_seats,seat,,,,,,,latin,local_elections,e0ae2676d62a-dirty,data/goa/2017/bardez.pdf,9,page,
goa/gp_ward/2017,c7f24e64425b,Goa|2017|gp_ward|North Goa|Bardez|Revora|II|,1,Goa,2017,North Goa,Bardez,Revora,gram_panchayat,II,,gp_ward,ward,NONE,NONE,sc_st_bc,0,Other than Woman,General,all_seats,seat,,,,,,,latin,local_elections,e0ae2676d62a-dirty,data/goa/2017/bardez.pdf,9,page,
goa/gp_ward/2017,c6a18a930d2a,Goa|2017|gp_ward|North Goa|Bardez|Revora|III|,1,Goa,2017,North Goa,Bardez,Revora,gram_panchayat,III,,gp_ward,ward,NONE,NONE,sc_st_bc,1,Woman,Women,all_seats,seat,,,,,,,latin,local_elections,e0ae2676d62a-dirty,data/goa/2017/bardez.pdf,9,page,
goa/gp_ward/2017,e8f211e709b4,Goa|2017|gp_ward|North Goa|Bardez|Revora|V|,1,Goa,2017,North Goa,Bardez,Revora,gram_panchayat,V,,gp_ward,ward,NONE,NONE,sc_st_bc,0,Other than Woman,General,all_seats,seat,,,,,,,latin,local_elections,e0ae2676d62a-dirty,data/goa/2017/bardez.pdf,9,page,
goa/gp_ward/2017,963d1cee6bed,Goa|2017|gp_ward|North Goa|Bardez|Pirna|I|,1,Goa,2017,North Goa,Bardez,Pirna,gram_panchayat,I,,gp_ward,ward,BC,BC,sc_st_bc,0,BC Other than Woman,OBC,all_seats,seat,,,,,,,latin,local_elections,e0ae2676d62a-dirty,data/goa/2017/bardez.pdf,10,page,
goa/gp_ward/2017,1b41ee842fb7,Goa|2017|gp_ward|North Goa|Bardez|Pirna|II|,1,Goa,2017,North Goa,Bardez,Pirna,gram_panchayat,II,,gp_ward,ward,NONE,NONE,sc_st_bc,0,Other than Woman,General,all_seats,seat,,,,,,,latin,local_elections,e0ae2676d62a-dirty,data/goa/2017/bardez.pdf,10,page,
goa/gp_ward/2017,a97bd3ea62e5,Goa|2017|gp_ward|North Goa|Bardez|Pirna|III|,1,Goa,2017,North Goa,Bardez,Pirna,gram_panchayat,III,,gp_ward,ward,NONE,NONE,sc_st_bc,1,Woman,Women,all_seats,seat,,,,,,,latin,local_elections,e0ae2676d62a-dirty,data/goa/2017/bardez.pdf,10,page,
goa/gp_ward/2017,878e3b5afbb5,Goa|2017|gp_ward|North Goa|Bardez|Pirna|V|,1,Goa,2017,North Goa,Bardez,Pirna,gram_panchayat,V,,gp_ward,ward,NONE,NONE,sc_st_bc,0,Other than Woman,General,all_seats,seat,,,,,,,latin,local_elections,e0ae2676d62a-dirty,data/goa/2017/bardez.pdf,10,page,
goa/gp_ward/2017,149a0f0a39ff,Goa|2017|gp_ward|North Goa|Bardez|Nadora|II|,1,Goa,2017,North Goa,Bardez,Nadora,gram_panchayat,II,,gp_ward,ward,NONE,NONE,sc_st_bc,0,Other than Woman,General,all_seats,seat,,,,,,,latin,local_elections,e0ae2676d62a-dirty,data/goa/2017/bardez.pdf,11,page,
goa/gp_ward/2017,0769a78c82d6,Goa|2017|gp_ward|North Goa|Bardez|Nadora|III|,1,Goa,2017,North Goa,Bardez,Nadora,gram_panchayat,III,,gp_ward,ward,NONE,NONE,sc_st_bc,1,Woman,Women,all_seats,seat,,,,,,,latin,local_elections,e0ae2676d62a-dirty,data/goa/2017/bardez.pdf,11,page,
goa/gp_ward/2017,8fcef97fd0c7,Goa|2017|gp_ward|North Goa|Bardez|Nadora|V|,1,Goa,2017,North Goa,Bardez,Nadora,gram_panchayat,V,,gp_ward,ward,NONE,NONE,sc_st_bc,0,Other than Woman,General,all_seats,seat,,,,,,,latin,local_elections,e0ae2676d62a-dirty,data/goa/2017/bardez.pdf,11,page,
goa/gp_ward/2017,909feededcfa,Goa|2017|gp_ward|North Goa|Bardez|Aldona|II|,1,Goa,2017,North Goa,Bardez,Aldona,gram_panchayat,II,,gp_ward,ward,NONE,NONE,sc_st_bc,1,Woman,Women,all_seats,seat,,,,,,,latin,local_elections,e0ae2676d62a-dirty,data/goa/2017/bardez.pdf,11,page,
goa/gp_ward/2017,c181756c12ff,Goa|2017|gp_ward|North Goa|Bardez|Aldona|III|,1,Goa,2017,North Goa,Bardez,Aldona,gram_panchayat,III,,gp_ward,ward,NONE,NONE,sc_st_bc,0,Other than Woman,General,all_seats,seat,,,,,,,latin,local_elections,e0ae2676d62a-dirty,data/goa/2017/bardez.pdf,11,page,
goa/gp_ward/2017,3ad48ee1d912,Goa|2017|gp_ward|North Goa|Bardez|Aldona|V|,1,Goa,2017,North Goa,Bardez,Aldona,gram_panchayat,V,,gp_ward,ward,NONE,NONE,sc_st_bc,1,Woman,Women,all_seats,seat,,,,,,,latin,local_elections,e0ae2676d62a-dirty,data/goa/2017/bardez.pdf,12,page,
goa/gp_ward/2017,ed81113601fa,Goa|2017|gp_ward|North Goa|Bardez|Aldona|X|,1,Goa,2017,North Goa,Bardez,Aldona,gram_panchayat,X,,gp_ward,ward,BC,BC,sc_st_bc,0,BC Other than Woman,OBC,all_seats,seat,,,,,,,latin,local_elections,e0ae2676d62a-dirty,data/goa/2017/bardez.pdf,13,page,
goa/gp_ward/2017,9852603267d9,Goa|2017|gp_ward|North Goa|Bardez|Pomburpa­|I|,1,Goa,2017,North Goa,Bardez,Pomburpa­,gram_panchayat,I,,gp_ward,ward,BC,BC,sc_st_bc,0,BC Other than Woman,OBC,all_seats,seat,,,,,,,latin,local_elections,e0ae2676d62a-dirty,data/goa/2017/bardez.pdf,13,page,
goa/gp_ward/2017,afadbca7f266,Goa|2017|gp_ward|North Goa|Bardez|Olaulim|II|,1,Goa,2017,North Goa,Bardez,Olaulim,gram_panchayat,II,,gp_ward,ward,NONE,NONE,sc_st_bc,0,Other than Woman,General,all_seats,seat,,,,,,,latin,local_elections,e0ae2676d62a-dirty,data/goa/2017/bardez.pdf,13,page,
goa/gp_ward/2017,3d152e0621b6,Goa|2017|gp_ward|North Goa|Bardez|Pomburpa­|III|,1,Goa,2017,North Goa,Bardez,Pomburpa­,gram_panchayat,III,,gp_ward,ward,NONE,NONE,sc_st_bc,1,Woman,Women,all_seats,seat,,,,,,,latin,local_elections,e0ae2676d62a-dirty,data/goa/2017/bardez.pdf,13,page,
goa/gp_ward/2017,7ff7a45d3dcb,Goa|2017|gp_ward|North Goa|Bardez|Pomburpa­|V|,1,Goa,2017,North Goa,Bardez,Pomburpa­,gram_panchayat,V,,gp_ward,ward,BC,BC,sc_st_bc,0,BC Other than Woman,OBC,all_seats,seat,,,,,,,latin,local_elections,e0ae2676d62a-dirty,data/goa/2017/bardez.pdf,14,page,
goa/gp_ward/2017,14bebe1b474e,Goa|2017|gp_ward|North Goa|Bardez|Bastora|I|,1,Goa,2017,North Goa,Bardez,Bastora,gram_panchayat,I,,gp_ward,ward,SC,SC,sc_st_bc,0,SC Other than Woman,SC,all_seats,seat,,,,,,,latin,local_elections,e0ae2676d62a-dirty,data/goa/2017/bardez.pdf,14,page,
goa/gp_ward/2017,0173a5a73d1a,Goa|2017|gp_ward|North Goa|Bardez|Bastora|II|,1,Goa,2017,North Goa,Bardez,Bastora,gram_panchayat,II,,gp_ward,ward,NONE,NONE,sc_st_bc,0,Other than Woman,General,all_seats,seat,,,,,,,latin,local_elections,e0ae2676d62a-dirty,data/goa/2017/bardez.pdf,14,page,
goa/gp_ward/2017,eec52d839b56,Goa|2017|gp_ward|North Goa|Bardez|Bastora|III|,1,Goa,2017,North Goa,Bardez,Bastora,gram_panchayat,III,,gp_ward,ward,NONE,NONE,sc_st_bc,1,Woman,Women,all_seats,seat,,,,,,,latin,local_elections,e0ae2676d62a-dirty,data/goa/2017/bardez.pdf,14,page,
goa/gp_ward/2017,87e6013666bb,Goa|2017|gp_ward|North Goa|Bardez|Bastora|V|,1,Goa,2017,North Goa,Bardez,Bastora,gram_panchayat,V,,gp_ward,ward,NONE,NONE,sc_st_bc,0,Other than Woman,General,all_seats,seat,,,,,,,latin,local_elections,e0ae2676d62a-dirty,data/goa/2017/bardez.pdf,15,page,
goa/gp_ward/2017,f0dea8daedca,Goa|2017|gp_ward|North Goa|Bardez|Ucassaim­|I|,1,Goa,2017,North Goa,Bardez,Ucassaim­,gram_panchayat,I,,gp_ward,ward,NONE,NONE,sc_st_bc,0,Other than Woman,General,all_seats,seat,,,,,,,latin,local_elections,e0ae2676d62a-dirty,data/goa/2017/bardez.pdf,15,page,
goa/gp_ward/2017,1a81c2157eae,Goa|2017|gp_ward|North Goa|Bardez|Ucassaim­|II|,1,Goa,2017,North Goa,Bardez,Ucassaim­,gram_panchayat,II,,gp_ward,ward,NONE,NONE,sc_st_bc,0,Other than Woman,General,all_seats,seat,,,,,,,latin,local_elections,e0ae2676d62a-dirty,data/goa/2017/bardez.pdf,15,page,
goa/gp_ward/2017,0ff351933ae7,Goa|2017|gp_ward|North Goa|Bardez|Ucassaim­|V|,1,Goa,2017,North Goa,Bardez,Ucassaim­,gram_panchayat,V,,gp_ward,ward,NONE,NONE,sc_st_bc,0,Other than Woman,General,all_seats,seat,,,,,,,latin,local_elections,e0ae2676d62a-dirty,data/goa/2017/bardez.pdf,16,page,
goa/gp_ward/2017,2a116f7de022,Goa|2017|gp_ward|North Goa|Bardez|Sirsaim|I|,1,Goa,2017,North Goa,Bardez,Sirsaim,gram_panchayat,I,,gp_ward,ward,BC,BC,sc_st_bc,0,BC Other than Woman,OBC,all_seats,seat,,,,,,,latin,local_elections,e0ae2676d62a-dirty,data/goa/2017/bardez.pdf,16,page,
goa/gp_ward/2017,def34efa78f3,Goa|2017|gp_ward|North Goa|Bardez|Sirsaim|II|,1,Goa,2017,North Goa,Bardez,Sirsaim,gram_panchayat,II,,gp_ward,ward,NONE,NONE,sc_st_bc,0,Other than Woman,General,all_seats,seat,,,,,,,latin,local_elections,e0ae2676d62a-dirty,data/goa/2017/bardez.pdf,16,page,
goa/gp_ward/2017,9348f4193e0a,Goa|2017|gp_ward|North Goa|Bardez|Sirsaim|V|,1,Goa,2017,North Goa,Bardez,Sirsaim,gram_panchayat,V,,gp_ward,ward,NONE,NONE,sc_st_bc,0,Other than Woman,General,all_seats,seat,,,,,,,latin,local_elections,e0ae2676d62a-dirty,data/goa/2017/bardez.pdf,17,page,
goa/gp_ward/2017,33ea7ecf1085,Goa|2017|gp_ward|North Goa|Bardez|Tivim|II|,1,Goa,2017,North Goa,Bardez,Tivim,gram_panchayat,II,,gp_ward,ward,NONE,NONE,sc_st_bc,0,Other than Woman,General,all_seats,seat,,,,,,,latin,local_elections,e0ae2676d62a-dirty,data/goa/2017/bardez.pdf,17,page,
goa/gp_ward/2017,f6ca160d972d,Goa|2017|gp_ward|North Goa|Bardez|Tivim|III|,1,Goa,2017,North Goa,Bardez,Tivim,gram_panchayat,III,,gp_ward,ward,NONE,NONE,sc_st_bc,1,Woman,Women,all_seats,seat,,,,,,,latin,local_elections,e0ae2676d62a-dirty,data/goa/2017/bardez.pdf,18,page,
goa/gp_ward/2017,782448fec2a2,Goa|2017|gp_ward|North Goa|Bardez|Tivim|X|,1,Goa,2017,North Goa,Bardez,Tivim,gram_panchayat,X,,gp_ward,ward,BC,BC,sc_st_bc,0,BC Other than Woman,OBC,all_seats,seat,,,,,,,latin,local_elections,e0ae2676d62a-dirty,data/goa/2017/bardez.pdf,19,page,
goa/gp_ward/2017,c153306e751a,Goa|2017|gp_ward|North Goa|Bardez|Moira|I|,1,Goa,2017,North Goa,Bardez,Moira,gram_panchayat,I,,gp_ward,ward,NONE,NONE,sc_st_bc,0,Other than Woman,General,all_seats,seat,,,,,,,latin,local_elections,e0ae2676d62a-dirty,data/goa/2017/bardez.pdf,19,page,
goa/gp_ward/2017,f2d63b900370,Goa|2017|gp_ward|North Goa|Bardez|Moira|II|,1,Goa,2017,North Goa,Bardez,Moira,gram_panchayat,II,,gp_ward,ward,NONE,NONE,sc_st_bc,0,Other than Woman,General,all_seats,seat,,,,,,,latin,local_elections,e0ae2676d62a-dirty,data/goa/2017/bardez.pdf,19,page,
goa/gp_ward/2017,fe82bea328d1,Goa|2017|gp_ward|North Goa|Bardez|Moira|V|,1,Goa,2017,North Goa,Bardez,Moira,gram_panchayat,V,,gp_ward,ward,NONE,NONE,sc_st_bc,0,Other than Woman,General,all_seats,seat,,,,,,,latin,local_elections,e0ae2676d62a-dirty,data/goa/2017/bardez.pdf,20,page,
goa/gp_ward/2017,591b93028be9,Goa|2017|gp_ward|North Goa|Bardez|Nachinola|I|,1,Goa,2017,North Goa,Bardez,Nachinola,gram_panchayat,I,,gp_ward,ward,NONE,NONE,sc_st_bc,0,Other than Woman,General,all_seats,seat,,,,,,,latin,local_elections,e0ae2676d62a-dirty,data/goa/2017/bardez.pdf,20,page,
goa/gp_ward/2017,fd8b62f07cf9,Goa|2017|gp_ward|North Goa|Bardez|Nachinola|II|,1,Goa,2017,North Goa,Bardez,Nachinola,gram_panchayat,II,,gp_ward,ward,NONE,NONE,sc_st_bc,0,Other than Woman,General,all_seats,seat,,,,,,,latin,local_elections,e0ae2676d62a-dirty,data/goa/2017/bardez.pdf,20,page,
goa/gp_ward/2017,7de0f888abac,Goa|2017|gp_ward|North Goa|Bardez|Nachinola|III|,1,Goa,2017,North Goa,Bardez,Nachinola,gram_panchayat,III,,gp_ward,ward,NONE,NONE,sc_st_bc,1,Woman,Women,all_seats,seat,,,,,,,latin,local_elections,e0ae2676d62a-dirty,data/goa/2017/bardez.pdf,21,page,
goa/gp_ward/2017,11bf930ffc5c,Goa|2017|gp_ward|North Goa|Bardez|Nachinola|V|,1,Goa,2017,North Goa,Bardez,Nachinola,gram_panchayat,V,,gp_ward,ward,NONE,NONE,sc_st_bc,0,Other than Woman,General,all_seats,seat,,,,,,,latin,local_elections,e0ae2676d62a-dirty,data/goa/2017/bardez.pdf,21,page,
goa/gp_ward/2017,09127a719b4a,Goa|2017|gp_ward|North Goa|Bardez|Anjuna­Caisua|I|,1,Goa,2017,North Goa,Bardez,Anjuna­Caisua,gram_panchayat,I,,gp_ward,ward,NONE,NONE,sc_st_bc,0,Other than Woman,General,all_seats,seat,,,,,,,latin,local_elections,e0ae2676d62a-dirty,data/goa/2017/bardez.pdf,21,page,
goa/gp_ward/2017,c6bfea74ea23,Goa|2017|gp_ward|North Goa|Bardez|Anjuna­Caisua|II|,1,Goa,2017,North Goa,Bardez,Anjuna­Caisua,gram_panchayat,II,,gp_ward,ward,NONE,NONE,sc_st_bc,1,Woman,Women,all_seats,seat,,,,,,,latin,local_elections,e0ae2676d62a-dirty,data/goa/2017/bardez.pdf,22,page,
goa/gp_ward/2017,4439a52f194a,Goa|2017|gp_ward|North Goa|Bardez|Anjuna­Caisua|III|,1,Goa,2017,North Goa,Bardez,Anjuna­Caisua,gram_panchayat,III,,gp_ward,ward,NONE,NONE,sc_st_bc,0,Other than Woman,General,all_seats,seat,,,,,,,latin,local_elections,e0ae2676d62a-dirty,data/goa/2017/bardez.pdf,22,page,
goa/gp_ward/2017,6eef5bfc9ae6,Goa|2017|gp_ward|North Goa|Bardez|Anjuna­Caisua|X|,1,Goa,2017,North Goa,Bardez,Anjuna­Caisua,gram_panchayat,X,,gp_ward,ward,BC,BC,sc_st_bc,0,BC Other than Woman,OBC,all_seats,seat,,,,,,,latin,local_elections,e0ae2676d62a-dirty,data/goa/2017/bardez.pdf,24,page,
goa/gp_ward/2017,068fe69fb3a9,Goa|2017|gp_ward|North Goa|Bardez|Verla­Canca|I|,1,Goa,2017,North Goa,Bardez,Verla­Canca,gram_panchayat,I,,gp_ward,ward,NONE,NONE,sc_st_bc,0,Other than Woman,General,all_seats,seat,,,,,,,latin,local_elections,e0ae2676d62a-dirty,data/goa/2017/bardez.pdf,24,page,
goa/gp_ward/2017,7320f10ba865,Goa|2017|gp_ward|North Goa|Bardez|Verla­Canca|II|,1,Goa,2017,North Goa,Bardez,Verla­Canca,gram_panchayat,II,,gp_ward,ward,BC,BC,sc_st_bc,0,BC Other than Woman,OBC,all_seats,seat,,,,,,,latin,local_elections,e0ae2676d62a-dirty,data/goa/2017/bardez.pdf,24,page,
goa/gp_ward/2017,1f742db9b8e9,Goa|2017|gp_ward|North Goa|Bardez|Verla­Canca|III|,1,Goa,2017,North Goa,Bardez,Verla­Canca,gram_panchayat,III,,gp_ward,ward,NONE,NONE,sc_st_bc,1,Woman,Women,all_seats,seat,,,,,,,latin,local_elections,e0ae2676d62a-dirty,data/goa/2017/bardez.pdf,24,page,
goa/gp_ward/2017,5903bf7143b8,Goa|2017|gp_ward|North Goa|Bardez|Verla­Canca|IV|,1,Goa,2017,North Goa,Bardez,Verla­Canca,gram_panchayat,IV,,gp_ward,ward,NONE,NONE,sc_st_bc,0,Other than Woman,General,all_seats,seat,,,,,,,latin,local_elections,e0ae2676d62a-dirty,data/goa/2017/bardez.pdf,24,page,
goa/gp_ward/2017,353adbae8795,Goa|2017|gp_ward|North Goa|Bardez|Verla­Canca|V|,1,Goa,2017,North Goa,Bardez,Verla­Canca,gram_panchayat,V,,gp_ward,ward,NONE,NONE,sc_st_bc,1,Woman,Women,all_seats,seat,,,,,,,latin,local_elections,e0ae2676d62a-dirty,data/goa/2017/bardez.pdf,25,page,
goa/gp_ward/2017,c573aa035593,Goa|2017|gp_ward|North Goa|Bardez|Assagao|I|,1,Goa,2017,North Goa,Bardez,Assagao,gram_panchayat,I,,gp_ward,ward,NONE,NONE,sc_st_bc,0,Other than Woman,General,all_seats,seat,,,,,,,latin,local_elections,e0ae2676d62a-dirty,data/goa/2017/bardez.pdf,25,page,
goa/gp_ward/2017,3d600307bbac,Goa|2017|gp_ward|North Goa|Bardez|Assagao|II|,1,Goa,2017,North Goa,Bardez,Assagao,gram_panchayat,II,,gp_ward,ward,NONE,NONE,sc_st_bc,0,Other than Woman,General,all_seats,seat,,,,,,,latin,local_elections,e0ae2676d62a-dirty,data/goa/2017/bardez.pdf,26,page,
goa/gp_ward/2017,3e7bf528e406,Goa|2017|gp_ward|North Goa|Bardez|Assagao|III|,1,Goa,2017,North Goa,Bardez,Assagao,gram_panchayat,III,,gp_ward,ward,NONE,NONE,sc_st_bc,1,Woman,Women,all_seats,seat,,,,,,,latin,local_elections,e0ae2676d62a-dirty,data/goa/2017/bardez.pdf,26,page,
goa/gp_ward/2017,2f41585a6d26,Goa|2017|gp_ward|North Goa|Bardez|Calangute|I|,1,Goa,2017,North Goa,Bardez,Calangute,gram_panchayat,I,,gp_ward,ward,NONE,NONE,sc_st_bc,1,Woman,Women,all_seats,seat,,,,,,,latin,local_elections,e0ae2676d62a-dirty,data/goa/2017/bardez.pdf,27,page,
goa/gp_ward/2017,5e69540497f5,Goa|2017|gp_ward|North Goa|Bardez|Calangute|II|,1,Goa,2017,North Goa,Bardez,Calangute,gram_panchayat,II,,gp_ward,ward,NONE,NONE,sc_st_bc,1,Woman,Women,all_seats,seat,,,,,,,latin,local_elections,e0ae2676d62a-dirty,data/goa/2017/bardez.pdf,27,page,
goa/gp_ward/2017,4baff28f0e7f,Goa|2017|gp_ward|North Goa|Bardez|Calangute|III|,1,Goa,2017,North Goa,Bardez,Calangute,gram_panchayat,III,,gp_ward,ward,NONE,NONE,sc_st_bc,0,Other than Woman,General,all_seats,seat,,,,,,,latin,local_elections,e0ae2676d62a-dirty,data/goa/2017/bardez.pdf,27,page,
goa/gp_ward/2017,d9e92e813c93,Goa|2017|gp_ward|North Goa|Bardez|Calangute|V|,1,Goa,2017,North Goa,Bardez,Calangute,gram_panchayat,V,,gp_ward,ward,NONE,NONE,sc_st_bc,1,Woman,Women,all_seats,seat,,,,,,,latin,local_elections,e0ae2676d62a-dirty,data/goa/2017/bardez.pdf,28,page,
goa/gp_ward/2017,ad6e07570545,Goa|2017|gp_ward|North Goa|Bardez|Calangute|X|,1,Goa,2017,North Goa,Bardez,Calangute,gram_panchayat,X,,gp_ward,ward,NONE,NONE,sc_st_bc,0,Other than Woman,General,all_seats,seat,,,,,,,latin,local_elections,e0ae2676d62a-dirty,data/goa/2017/bardez.pdf,28,page,
goa/gp_ward/2017,4e1254cb8edb,Goa|2017|gp_ward|North Goa|Bardez|Candolim|I|,1,Goa,2017,North Goa,Bardez,Candolim,gram_panchayat,I,,gp_ward,ward,NONE,NONE,sc_st_bc,1,Woman,Women,all_seats,seat,,,,,,,latin,local_elections,e0ae2676d62a-dirty,data/goa/2017/bardez.pdf,29,page,
goa/gp_ward/2017,2ca7b4a09216,Goa|2017|gp_ward|North Goa|Bardez|Candolim|II|,1,Goa,2017,North Goa,Bardez,Candolim,gram_panchayat,II,,gp_ward,ward,BC,BC,sc_st_bc,0,BC Other than Woman,OBC,all_seats,seat,,,,,,,latin,local_elections,e0ae2676d62a-dirty,data/goa/2017/bardez.pdf,29,page,
goa/gp_ward/2017,8b1b1c2556bc,Goa|2017|gp_ward|North Goa|Bardez|Candolim|III|,1,Goa,2017,North Goa,Bardez,Candolim,gram_panchayat,III,,gp_ward,ward,NONE,NONE,sc_st_bc,1,Woman,Women,all_seats,seat,,,,,,,latin,local_elections,e0ae2676d62a-dirty,data/goa/2017/bardez.pdf,29,page,
goa/gp_ward/2017,343a34cfd8da,Goa|2017|gp_ward|North Goa|Bardez|Candolim|V|,1,Goa,2017,North Goa,Bardez,Candolim,gram_panchayat,V,,gp_ward,ward,NONE,NONE,sc_st_bc,1,Woman,Women,all_seats,seat,,,,,,,latin,local_elections,e0ae2676d62a-dirty,data/goa/2017/bardez.pdf,29,page,
goa/gp_ward/2017,c1ffcc266454,Goa|2017|gp_ward|North Goa|Bardez|Candolim|X|,1,Goa,2017,North Goa,Bardez,Candolim,gram_panchayat,X,,gp_ward,ward,NONE,NONE,sc_st_bc,0,Other than Woman,General,all_seats,seat,,,,,,,latin,local_elections,e0ae2676d62a-dirty,data/goa/2017/bardez.pdf,30,page,
goa/gp_ward/2017,0619b2db1176,Goa|2017|gp_ward|North Goa|Bardez|Arpora­Nagao|I|,1,Goa,2017,North Goa,Bardez,Arpora­Nagao,gram_panchayat,I,,gp_ward,ward,BC,BC,sc_st_bc,0,BC Other than Woman,OBC,all_seats,seat,,,,,,,latin,local_elections,e0ae2676d62a-dirty,data/goa/2017/bardez.pdf,31,page,
goa/gp_ward/2017,2f6147b40dda,Goa|2017|gp_ward|North Goa|Bardez|Arpora­Nagao|II|,1,Goa,2017,North Goa,Bardez,Arpora­Nagao,gram_panchayat,II,,gp_ward,ward,NONE,NONE,sc_st_bc,0,Other than Woman,General,all_seats,seat,,,,,,,latin,local_elections,e0ae2676d62a-dirty,data/goa/2017/bardez.pdf,31,page,
goa/gp_ward/2017,dbc3b9da7f83,Goa|2017|gp_ward|North Goa|Bardez|Arpora­Nagao|V|,1,Goa,2017,North Goa,Bardez,Arpora­Nagao,gram_panchayat,V,,gp_ward,ward,BC,BC,sc_st_bc,0,BC Other than Woman,OBC,all_seats,seat,,,,,,,latin,local_elections,e0ae2676d62a-dirty,data/goa/2017/bardez.pdf,31,page,
goa/gp_ward/2017,72b176e02735,Goa|2017|gp_ward|North Goa|Bardez||IV|,1,Goa,2017,North Goa,Bardez,,,IV,,gp_ward,ward,NONE,NONE,sc_st_bc,0,Other than Woman,General,all_seats,seat,,,,,,,latin,local_elections,e0ae2676d62a-dirty,data/goa/2017/bardez.pdf,33,page,
goa/gp_ward/2017,60dbb842ab10,Goa|2017|gp_ward|North Goa|Bardez|Saligao|I|,1,Goa,2017,North Goa,Bardez,Saligao,gram_panchayat,I,,gp_ward,ward,BC,BC,sc_st_bc,0,BC Other than Woman,OBC,all_seats,seat,,,,,,,latin,local_elections,e0ae2676d62a-dirty,data/goa/2017/bardez.pdf,34,page,
goa/gp_ward/2017,e3cf53b9e349,Goa|2017|gp_ward|North Goa|Bardez|Saligao|II|,1,Goa,2017,North Goa,Bardez,Saligao,gram_panchayat,II,,gp_ward,ward,NONE,NONE,sc_st_bc,0,Other than Woman,General,all_seats,seat,,,,,,,latin,local_elections,e0ae2676d62a-dirty,data/goa/2017/bardez.pdf,34,page,
goa/gp_ward/2017,587c6a3e88c9,Goa|2017|gp_ward|North Goa|Bardez|Saligao|III|,1,Goa,2017,North Goa,Bardez,Saligao,gram_panchayat,III,,gp_ward,ward,NONE,NONE,sc_st_bc,1,Woman,Women,all_seats,seat,,,,,,,latin,local_elections,e0ae2676d62a-dirty,data/goa/2017/bardez.pdf,34,page,
goa/gp_ward/2017,5829c5afea74,Goa|2017|gp_ward|North Goa|Bardez|Saligao|V|,1,Goa,2017,North Goa,Bardez,Saligao,gram_panchayat,V,,gp_ward,ward,NONE,NONE,sc_st_bc,1,Woman,Women,all_seats,seat,,,,,,,latin,local_elections,e0ae2676d62a-dirty,data/goa/2017/bardez.pdf,34,page,
goa/gp_ward/2017,7f73ba8f4738,Goa|2017|gp_ward|North Goa|Bardez|Parra|I|,1,Goa,2017,North Goa,Bardez,Parra,gram_panchayat,I,,gp_ward,ward,NONE,NONE,sc_st_bc,0,Other than Woman,General,all_seats,seat,,,,,,,latin,local_elections,e0ae2676d62a-dirty,data/goa/2017/bardez.pdf,35,page,
goa/gp_ward/2017,de9f33354b30,Goa|2017|gp_ward|North Goa|Bardez|Parra|VI|,1,Goa,2017,North Goa,Bardez,Parra,gram_panchayat,VI,,gp_ward,ward,NONE,NONE,sc_st_bc,0,Other than Woman,General,all_seats,seat,,,,,,,latin,local_elections,e0ae2676d62a-dirty,data/goa/2017/bardez.pdf,35,page,
goa/gp_ward/2017,331fd2ddb304,Goa|2017|gp_ward|North Goa|Bardez||VII|,1,Goa,2017,North Goa,Bardez,,,VII,,gp_ward,ward,NONE,NONE,sc_st_bc,0,Other than Woman,General,all_seats,seat,,,,,,,latin,local_elections,e0ae2676d62a-dirty,data/goa/2017/bardez.pdf,36,page,
goa/gp_ward/2017,46354d4cf2f6,Goa|2017|gp_ward|North Goa|Bardez|Guirim|I|,1,Goa,2017,North Goa,Bardez,Guirim,gram_panchayat,I,,gp_ward,ward,NONE,NONE,sc_st_bc,0,Other than Woman,General,all_seats,seat,,,,,,,latin,local_elections,e0ae2676d62a-dirty,data/goa/2017/bardez.pdf,36,page,
goa/gp_ward/2017,691526459ba6,Goa|2017|gp_ward|North Goa|Bardez|Guirim|II|,1,Goa,2017,North Goa,Bardez,Guirim,gram_panchayat,II,,gp_ward,ward,BC,BC,sc_st_bc,0,BC Other than Woman,OBC,all_seats,seat,,,,,,,latin,local_elections,e0ae2676d62a-dirty,data/goa/2017/bardez.pdf,36,page,
goa/gp_ward/2017,88eb75b1fb89,Goa|2017|gp_ward|North Goa|Bardez|Guirim|III|,1,Goa,2017,North Goa,Bardez,Guirim,gram_panchayat,III,,gp_ward,ward,NONE,NONE,sc_st_bc,1,Woman,Women,all_seats,seat,,,,,,,latin,local_elections,e0ae2676d62a-dirty,data/goa/2017/bardez.pdf,36,page,
goa/gp_ward/2017,587e275c0fef,Goa|2017|gp_ward|North Goa|Bardez|Guirim|V|,1,Goa,2017,North Goa,Bardez,Guirim,gram_panchayat,V,,gp_ward,ward,NONE,NONE,sc_st_bc,1,Woman,Women,all_seats,seat,,,,,,,latin,local_elections,e0ae2676d62a-dirty,data/goa/2017/bardez.pdf,36,page,
goa/gp_ward/2017,0c451d768d8b,Goa|2017|gp_ward|North Goa|Bardez|Reis­Magos|I|,1,Goa,2017,North Goa,Bardez,Reis­Magos,gram_panchayat,I,,gp_ward,ward,NONE,NONE,sc_st_bc,1,Woman,Women,all_seats,seat,,,,,,,latin,local_elections,e0ae2676d62a-dirty,data/goa/2017/bardez.pdf,37,page,
goa/gp_ward/2017,a89caec951bc,Goa|2017|gp_ward|North Goa|Bardez|Reis­Magos|II|,1,Goa,2017,North Goa,Bardez,Reis­Magos,gram_panchayat,II,,gp_ward,ward,BC,BC,sc_st_bc,0,BC Other than Woman,OBC,all_seats,seat,,,,,,,latin,local_elections,e0ae2676d62a-dirty,data/goa/2017/bardez.pdf,37,page,
goa/gp_ward/2017,573a30a331a8,Goa|2017|gp_ward|North Goa|Bardez|Reis­Magos|V|,1,Goa,2017,North Goa,Bardez,Reis­Magos,gram_panchayat,V,,gp_ward,ward,NONE,NONE,sc_st_bc,1,Woman,Women,all_seats,seat,,,,,,,latin,local_elections,e0ae2676d62a-dirty,data/goa/2017/bardez.pdf,38,page,
goa/gp_ward/2017,30ddf3b19b4c,Goa|2017|gp_ward|North Goa|Bardez|Reis­Magos|IX|,1,Goa,2017,North Goa,Bardez,Reis­Magos,gram_panchayat,IX,,gp_ward,ward,NONE,NONE,sc_st_bc,0,Other than Woman,General,all_seats,seat,,,,,,,latin,local_elections,e0ae2676d62a-dirty,data/goa/2017/bardez.pdf,38,page,
goa/gp_ward/2017,8de0324a80b5,Goa|2017|gp_ward|North Goa|Bardez|Reis­Magos|X|,1,Goa,2017,North Goa,Bardez,Reis­Magos,gram_panchayat,X,,gp_ward,ward,NONE,NONE,sc_st_bc,0,Other than Woman,General,all_seats,seat,,,,,,,latin,local_elections,e0ae2676d62a-dirty,data/goa/2017/bardez.pdf,38,page,
goa/gp_ward/2017,4261fcf2a633,Goa|2017|gp_ward|North Goa|Bardez|Pilerne­Marra|I|,1,Goa,2017,North Goa,Bardez,Pilerne­Marra,gram_panchayat,I,,gp_ward,ward,NONE,NONE,sc_st_bc,0,Other than Woman,General,all_seats,seat,,,,,,,latin,local_elections,e0ae2676d62a-dirty,data/goa/2017/bardez.pdf,39,page,
goa/gp_ward/2017,ed9fb41000bd,Goa|2017|gp_ward|North Goa|Bardez|Pilerne­Marra|II|,1,Goa,2017,North Goa,Bardez,Pilerne­Marra,gram_panchayat,II,,gp_ward,ward,NONE,NONE,sc_st_bc,0,Other than Woman,General,all_seats,seat,,,,,,,latin,local_elections,e0ae2676d62a-dirty,data/goa/2017/bardez.pdf,39,page,
goa/gp_ward/2017,e67138dea98c,Goa|2017|gp_ward|North Goa|Bardez|Pilerne­Marra|III|,1,Goa,2017,North Goa,Bardez,Pilerne­Marra,gram_panchayat,III,,gp_ward,ward,NONE,NONE,sc_st_bc,1,Woman,Women,all_seats,seat,,,,,,,latin,local_elections,e0ae2676d62a-dirty,data/goa/2017/bardez.pdf,39,page,
goa/gp_ward/2017,7aa2e4d3ef32,Goa|2017|gp_ward|North Goa|Bardez|Pilerne­Marra|V|,1,Goa,2017,North Goa,Bardez,Pilerne­Marra,gram_panchayat,V,,gp_ward,ward,NONE,NONE,sc_st_bc,1,Woman,Women,all_seats,seat,,,,,,,latin,local_elections,e0ae2676d62a-dirty,data/goa/2017/bardez.pdf,39,page,
goa/gp_ward/2017,486b3cebedef,Goa|2017|gp_ward|North Goa|Bardez|Nerul|I|,1,Goa,2017,North Goa,Bardez,Nerul,gram_panchayat,I,,gp_ward,ward,NONE,NONE,sc_st_bc,0,Other than Woman,General,all_seats,seat,,,,,,,latin,local_elections,e0ae2676d62a-dirty,data/goa/2017/bardez.pdf,40,page,
goa/gp_ward/2017,3699240f5fb2,Goa|2017|gp_ward|North Goa|Bardez|Nerul|II|,1,Goa,2017,North Goa,Bardez,Nerul,gram_panchayat,II,,gp_ward,ward,NONE,NONE,sc_st_bc,0,Other than Woman,General,all_seats,seat,,,,,,,latin,local_elections,e0ae2676d62a-dirty,data/goa/2017/bardez.pdf,40,page,
goa/gp_ward/2017,2dd41d172c89,Goa|2017|gp_ward|North Goa|Bardez|Nerul|V|,1,Goa,2017,North Goa,Bardez,Nerul,gram_panchayat,V,,gp_ward,ward,NONE,NONE,sc_st_bc,1,Woman,Women,all_seats,seat,,,,,,,latin,local_elections,e0ae2676d62a-dirty,data/goa/2017/bardez.pdf,41,page,
goa/gp_ward/2017,6cfebb09ecdf,Goa|2017|gp_ward|North Goa|Bardez|Sangolda|I|,1,Goa,2017,North Goa,Bardez,Sangolda,gram_panchayat,I,,gp_ward,ward,BC,BC,sc_st_bc,0,BC Other than Woman,OBC,all_seats,seat,,,,,,,latin,local_elections,e0ae2676d62a-dirty,data/goa/2017/bardez.pdf,42,page,
goa/gp_ward/2017,45be5843a948,Goa|2017|gp_ward|North Goa|Bardez|Sangolda|II|,1,Goa,2017,North Goa,Bardez,Sangolda,gram_panchayat,II,,gp_ward,ward,NONE,NONE,sc_st_bc,0,Other than Woman,General,all_seats,seat,,,,,,,latin,local_elections,e0ae2676d62a-dirty,data/goa/2017/bardez.pdf,42,page,
goa/gp_ward/2017,f1db59d1c74c,Goa|2017|gp_ward|North Goa|Bardez|Sangolda|III|,1,Goa,2017,North Goa,Bardez,Sangolda,gram_panchayat,III,,gp_ward,ward,NONE,NONE,sc_st_bc,1,Woman,Women,all_seats,seat,,,,,,,latin,local_elections,e0ae2676d62a-dirty,data/goa/2017/bardez.pdf,42,page,
goa/gp_ward/2017,b9c61b7a3745,Goa|2017|gp_ward|North Goa|Bardez|Sangolda|V|,1,Goa,2017,North Goa,Bardez,Sangolda,gram_panchayat,V,,gp_ward,ward,NONE,NONE,sc_st_bc,0,Other than Woman,General,all_seats,seat,,,,,,,latin,local_elections,e0ae2676d62a-dirty,data/goa/2017/bardez.pdf,42,page,
goa/gp_ward/2017,622c350b651c,Goa|2017|gp_ward|North Goa|Bardez|Penha­de|II|,1,Goa,2017,North Goa,Bardez,Penha­de,gram_panchayat,II,,gp_ward,ward,NONE,NONE,sc_st_bc,1,Woman,Women,all_seats,seat,,,,,,,latin,local_elections,e0ae2676d62a-dirty,data/goa/2017/bardez.pdf,43,page,
goa/gp_ward/2017,0103277aaa10,Goa|2017|gp_ward|North Goa|Bardez|Penha­de|III|,1,Goa,2017,North Goa,Bardez,Penha­de,gram_panchayat,III,,gp_ward,ward,NONE,NONE,sc_st_bc,0,Other than Woman,General,all_seats,seat,,,,,,,latin,local_elections,e0ae2676d62a-dirty,data/goa/2017/bardez.pdf,43,page,
goa/gp_ward/2017,cd49c712e475,Goa|2017|gp_ward|North Goa|Bardez|Penha­de|X|,1,Goa,2017,North Goa,Bardez,Penha­de,gram_panchayat,X,,gp_ward,ward,NONE,NONE,sc_st_bc,0,Other than Woman,General,all_seats,seat,,,,,,,latin,local_elections,e0ae2676d62a-dirty,data/goa/2017/bardez.pdf,44,page,
goa/gp_ward/2017,23984743fca0,Goa|2017|gp_ward|North Goa|Bardez|Salvador­do­|I|,1,Goa,2017,North Goa,Bardez,Salvador­do­,gram_panchayat,I,,gp_ward,ward,BC,BC,sc_st_bc,0,BC Other than Woman,OBC,all_seats,seat,,,,,,,latin,local_elections,e0ae2676d62a-dirty,data/goa/2017/bardez.pdf,44,page,
goa/gp_ward/2017,846c20f911a3,Goa|2017|gp_ward|North Goa|Bardez|Mundo|II|,1,Goa,2017,North Goa,Bardez,Mundo,gram_panchayat,II,,gp_ward,ward,BC,BC,sc_st_bc,0,BC Other than Woman,OBC,all_seats,seat,,,,,,,latin,local_elections,e0ae2676d62a-dirty,data/goa/2017/bardez.pdf,44,page,
goa/gp_ward/2017,3699596dc302,Goa|2017|gp_ward|North Goa|Bardez|Salvador­do­|III|,1,Goa,2017,North Goa,Bardez,Salvador­do­,gram_panchayat,III,,gp_ward,ward,NONE,NONE,sc_st_bc,1,Woman,Women,all_seats,seat,,,,,,,latin,local_elections,e0ae2676d62a-dirty,data/goa/2017/bardez.pdf,44,page,
goa/gp_ward/2017,86d6dbe32d46,Goa|2017|gp_ward|North Goa|Bardez|Mundo|IV|,1,Goa,2017,North Goa,Bardez,Mundo,gram_panchayat,IV,,gp_ward,ward,NONE,NONE,sc_st_bc,0,Other than Woman,General,all_seats,seat,,,,,,,latin,local_elections,e0ae2676d62a-dirty,data/goa/2017/bardez.pdf,45,page,
goa/gp_ward/2017,fae5d0ee308b,Goa|2017|gp_ward|North Goa|Bardez|Salvador­do­|V|,1,Goa,2017,North Goa,Bardez,Salvador­do­,gram_panchayat,V,,gp_ward,ward,NONE,NONE,sc_st_bc,1,Woman,Women,all_seats,seat,,,,,,,latin,local_elections,e0ae2676d62a-dirty,data/goa/2017/bardez.pdf,45,page,
goa/gp_ward/2017,1a2dd9e211cf,Goa|2017|gp_ward|North Goa|Bicholim|Latambarcem|I|,1,Goa,2017,North Goa,Bicholim,Latambarcem,gram_panchayat,I,,gp_ward,ward,NONE,NONE,sc_st_bc,0,Other than Woman,General,all_seats,seat,,,,,,,latin,local_elections,e0ae2676d62a-dirty,data/goa/2017/bicholim.pdf,1,page,
goa/gp_ward/2017,90eb03e9d97c,Goa|2017|gp_ward|North Goa|Bicholim|Latambarcem|II|,1,Goa,2017,North Goa,Bicholim,Latambarcem,gram_panchayat,II,,gp_ward,ward,NONE,NONE,sc_st_bc,0,Other than Woman,General,all_seats,seat,,,,,,,latin,local_elections,e0ae2676d62a-dirty,data/goa/2017/bicholim.pdf,1,page,
goa/gp_ward/2017,eceaea113f46,Goa|2017|gp_ward|North Goa|Bicholim|Latambarcem|IV|,1,Goa,2017,North Goa,Bicholim,Latambarcem,gram_panchayat,IV,,gp_ward,ward,NONE,NONE,sc_st_bc,0,Other than Woman,General,all_seats,seat,,,,,,,latin,local_elections,e0ae2676d62a-dirty,data/goa/2017/bicholim.pdf,2,page,
goa/gp_ward/2017,61cf80f872b9,Goa|2017|gp_ward|North Goa|Bicholim|Latambarcem|V|,1,Goa,2017,North Goa,Bicholim,Latambarcem,gram_panchayat,V,,gp_ward,ward,NONE,NONE,sc_st_bc,1,Woman,Women,all_seats,seat,,,,,,,latin,local_elections,e0ae2676d62a-dirty,data/goa/2017/bicholim.pdf,2,page,
goa/gp_ward/2017,38df33db3222,Goa|2017|gp_ward|North Goa|Bicholim|Latambarcem|VI|,1,Goa,2017,North Goa,Bicholim,Latambarcem,gram_panchayat,VI,,gp_ward,ward,NONE,NONE,sc_st_bc,0,Other than Woman,General,all_seats,seat,,,,,,,latin,local_elections,e0ae2676d62a-dirty,data/goa/2017/bicholim.pdf,2,page,
goa/gp_ward/2017,788cd372a6e5,Goa|2017|gp_ward|North Goa|Bicholim|Latambarcem|VII|,1,Goa,2017,North Goa,Bicholim,Latambarcem,gram_panchayat,VII,,gp_ward,ward,BC,BC,sc_st_bc,0,BC Other than Woman,OBC,all_seats,seat,,,,,,,latin,local_elections,e0ae2676d62a-dirty,data/goa/2017/bicholim.pdf,2,page,
goa/gp_ward/2017,353ef53c8042,Goa|2017|gp_ward|North Goa|Bicholim|Latambarcem|VIII|,1,Goa,2017,North Goa,Bicholim,Latambarcem,gram_panchayat,VIII,,gp_ward,ward,NONE,NONE,sc_st_bc,1,Woman,Women,all_seats,seat,,,,,,,latin,local_elections,e0ae2676d62a-dirty,data/goa/2017/bicholim.pdf,2,page,
goa/gp_ward/2017,4ffe19f293d2,Goa|2017|gp_ward|North Goa|Bicholim|Latambarcem|IX|,1,Goa,2017,North Goa,Bicholim,Latambarcem,gram_panchayat,IX,,gp_ward,ward,SC,SC,sc_st_bc,0,SC Other than Woman,SC,all_seats,seat,,,,,,,latin,local_elections,e0ae2676d62a-dirty,data/goa/2017/bicholim.pdf,2,page,
goa/gp_ward/2017,e56330cac996,Goa|2017|gp_ward|North Goa|Bicholim|Mulgao|I|,1,Goa,2017,North Goa,Bicholim,Mulgao,gram_panchayat,I,,gp_ward,ward,BC,BC,sc_st_bc,0,BC Other than Woman,OBC,all_seats,seat,,,,,,,latin,local_elections,e0ae2676d62a-dirty,data/goa/2017/bicholim.pdf,3,page,
goa/gp_ward/2017,8eb192fdd0de,Goa|2017|gp_ward|North Goa|Bicholim|Mulgao|II|,1,Goa,2017,North Goa,Bicholim,Mulgao,gram_panchayat,II,,gp_ward,ward,BC,BC,sc_st_bc,0,BC Other than Woman,OBC,all_seats,seat,,,,,,,latin,local_elections,e0ae2676d62a-dirty,data/goa/2017/bicholim.pdf,3,page,
goa/gp_ward/2017,6c6ba4861725,Goa|2017|gp_ward|North Goa|Bicholim|Mulgao|III|,1,Goa,2017,North Goa,Bicholim,Mulgao,gram_panchayat,III,,gp_ward,ward,NONE,NONE,sc_st_bc,1,Woman,Women,all_seats,seat,,,,,,,latin,local_elections,e0ae2676d62a-dirty,data/goa/2017/bicholim.pdf,3,page,
goa/gp_ward/2017,3945a9d1f415,Goa|2017|gp_ward|North Goa|Bicholim|Mulgao|IV|,1,Goa,2017,North Goa,Bicholim,Mulgao,gram_panchayat,IV,,gp_ward,ward,NONE,NONE,sc_st_bc,1,Woman,Women,all_seats,seat,,,,,,,latin,local_elections,e0ae2676d62a-dirty,data/goa/2017/bicholim.pdf,3,page,
goa/gp_ward/2017,201d8e986c80,Goa|2017|gp_ward|North Goa|Bicholim|Mulgao|V|,1,Goa,2017,North Goa,Bicholim,Mulgao,gram_panchayat,V,,gp_ward,ward,NONE,NONE,sc_st_bc,0,Other than Woman,General,all_seats,seat,,,,,,,latin,local_elections,e0ae2676d62a-dirty,data/goa/2017/bicholim.pdf,3,page,
goa/gp_ward/2017,6a5c55510bc8,Goa|2017|gp_ward|North Goa|Bicholim|Mulgao|VI|,1,Goa,2017,North Goa,Bicholim,Mulgao,gram_panchayat,VI,,gp_ward,ward,NONE,NONE,sc_st_bc,0,Other than Woman,General,all_seats,seat,,,,,,,latin,local_elections,e0ae2676d62a-dirty,data/goa/2017/bicholim.pdf,3,page,
goa/gp_ward/2017,ebbaa5a73e18,Goa|2017|gp_ward|North Goa|Bicholim|Mulgao|VII|,1,Goa,2017,North Goa,Bicholim,Mulgao,gram_panchayat,VII,,gp_ward,ward,NONE,NONE,sc_st_bc,0,Other than Woman,General,all_seats,seat,,,,,,,latin,local_elections,e0ae2676d62a-dirty,data/goa/2017/bicholim.pdf,3,page,
goa/gp_ward/2017,2d4dd1a98cb5,Goa|2017|gp_ward|North Goa|Bicholim|Salem|I|,1,Goa,2017,North Goa,Bicholim,Salem,gram_panchayat,I,,gp_ward,ward,NONE,NONE,sc_st_bc,0,Other than Woman,General,all_seats,seat,,,,,,,latin,local_elections,e0ae2676d62a-dirty,data/goa/2017/bicholim.pdf,3,page,
goa/gp_ward/2017,cb9fd2bf00fd,Goa|2017|gp_ward|North Goa|Bicholim|Salem|II|,1,Goa,2017,North Goa,Bicholim,Salem,gram_panchayat,II,,gp_ward,ward,NONE,NONE,sc_st_bc,0,Other than Woman,General,all_seats,seat,,,,,,,latin,local_elections,e0ae2676d62a-dirty,data/goa/2017/bicholim.pdf,4,page,
goa/gp_ward/2017,7b144fa87698,Goa|2017|gp_ward|North Goa|Bicholim|Salem|IV|,1,Goa,2017,North Goa,Bicholim,Salem,gram_panchayat,IV,,gp_ward,ward,NONE,NONE,sc_st_bc,1,Woman,Women,all_seats,seat,,,,,,,latin,local_elections,e0ae2676d62a-dirty,data/goa/2017/bicholim.pdf,4,page,
goa/gp_ward/2017,dbe0f0077e6a,Goa|2017|gp_ward|North Goa|Bicholim|Salem|V|,1,Goa,2017,North Goa,Bicholim,Salem,gram_panchayat,V,,gp_ward,ward,BC,BC,sc_st_bc,0,BC Other than Woman,OBC,all_seats,seat,,,,,,,latin,local_elections,e0ae2676d62a-dirty,data/goa/2017/bicholim.pdf,4,page,
goa/gp_ward/2017,322c94dd599b,Goa|2017|gp_ward|North Goa|Bicholim|Salem|VI|,1,Goa,2017,North Goa,Bicholim,Salem,gram_panchayat,VI,,gp_ward,ward,NONE,NONE,sc_st_bc,0,Other than Woman,General,all_seats,seat,,,,,,,latin,local_elections,e0ae2676d62a-dirty,data/goa/2017/bicholim.pdf,4,page,
goa/gp_ward/2017,9646db6ee999,Goa|2017|gp_ward|North Goa|Bicholim|Salem|VII|,1,Goa,2017,North Goa,Bicholim,Salem,gram_panchayat,VII,,gp_ward,ward,NONE,NONE,sc_st_bc,0,Other than Woman,General,all_seats,seat,,,,,,,latin,local_elections,e0ae2676d62a-dirty,data/goa/2017/bicholim.pdf,4,page,
goa/gp_ward/2017,d9e0e8ee1045,Goa|2017|gp_ward|North Goa|Bicholim|Mencurem­|I|,1,Goa,2017,North Goa,Bicholim,Mencurem­,gram_panchayat,I,,gp_ward,ward,NONE,NONE,sc_st_bc,1,Woman,Women,all_seats,seat,,,,,,,latin,local_elections,e0ae2676d62a-dirty,data/goa/2017/bicholim.pdf,4,page,
goa/gp_ward/2017,3ecb0932d9ec,Goa|2017|gp_ward|North Goa|Bicholim|Dhumasem|II|,1,Goa,2017,North Goa,Bicholim,Dhumasem,gram_panchayat,II,,gp_ward,ward,BC,BC,sc_st_bc,0,BC Other than Woman,OBC,all_seats,seat,,,,,,,latin,local_elections,e0ae2676d62a-dirty,data/goa/2017/bicholim.pdf,4,page,
goa/gp_ward/2017,689bdf6bf060,Goa|2017|gp_ward|North Goa|Bicholim|Mencurem­|III|,1,Goa,2017,North Goa,Bicholim,Mencurem­,gram_panchayat,III,,gp_ward,ward,NONE,NONE,sc_st_bc,1,Woman,Women,all_seats,seat,,,,,,,latin,local_elections,e0ae2676d62a-dirty,data/goa/2017/bicholim.pdf,4,page,
goa/gp_ward/2017,1e1ad169155a,Goa|2017|gp_ward|North Goa|Bicholim|Mencurem­|IV|,1,Goa,2017,North Goa,Bicholim,Mencurem­,gram_panchayat,IV,,gp_ward,ward,NONE,NONE,sc_st_bc,0,Other than Woman,General,all_seats,seat,,,,,,,latin,local_elections,e0ae2676d62a-dirty,data/goa/2017/bicholim.pdf,5,page,
goa/gp_ward/2017,df64a6a20645,Goa|2017|gp_ward|North Goa|Bicholim|Dhumasem|V|,1,Goa,2017,North Goa,Bicholim,Dhumasem,gram_panchayat,V,,gp_ward,ward,NONE,NONE,sc_st_bc,0,Other than Woman,General,all_seats,seat,,,,,,,latin,local_elections,e0ae2676d62a-dirty,data/goa/2017/bicholim.pdf,5,page,
goa/gp_ward/2017,c30f53664b78,Goa|2017|gp_ward|North Goa|Bicholim|Advalpal|I|,1,Goa,2017,North Goa,Bicholim,Advalpal,gram_panchayat,I,,gp_ward,ward,NONE,NONE,sc_st_bc,1,Woman,Women,all_seats,seat,,,,,,,latin,local_elections,e0ae2676d62a-dirty,data/goa/2017/bicholim.pdf,5,page,
goa/gp_ward/2017,1c54ad3f9569,Goa|2017|gp_ward|North Goa|Bicholim|Advalpal|II|,1,Goa,2017,North Goa,Bicholim,Advalpal,gram_panchayat,II,,gp_ward,ward,NONE,NONE,sc_st_bc,0,Other than Woman,General,all_seats,seat,,,,,,,latin,local_elections,e0ae2676d62a-dirty,data/goa/2017/bicholim.pdf,5,page,
goa/gp_ward/2017,bcaec04ac814,Goa|2017|gp_ward|North Goa|Bicholim|Advalpal|III|,1,Goa,2017,North Goa,Bicholim,Advalpal,gram_panchayat,III,,gp_ward,ward,NONE,NONE,sc_st_bc,1,Woman,Women,all_seats,seat,,,,,,,latin,local_elections,e0ae2676d62a-dirty,data/goa/2017/bicholim.pdf,5,page,
goa/gp_ward/2017,15b456cc83d5,Goa|2017|gp_ward|North Goa|Bicholim|Advalpal|IV|,1,Goa,2017,North Goa,Bicholim,Advalpal,gram_panchayat,IV,,gp_ward,ward,SC,SC,sc_st_bc,0,SC Other than Woman,SC,all_seats,seat,,,,,,,latin,local_elections,e0ae2676d62a-dirty,data/goa/2017/bicholim.pdf,5,page,
goa/gp_ward/2017,143732298213,Goa|2017|gp_ward|North Goa|Bicholim|Advalpal|V|,1,Goa,2017,North Goa,Bicholim,Advalpal,gram_panchayat,V,,gp_ward,ward,NONE,NONE,sc_st_bc,0,Other than Woman,General,all_seats,seat,,,,,,,latin,local_elections,e0ae2676d62a-dirty,data/goa/2017/bicholim.pdf,5,page,
goa/gp_ward/2017,ba1b1d3c0d1a,Goa|2017|gp_ward|North Goa|Bicholim|Karapur­Sarvan|I|,1,Goa,2017,North Goa,Bicholim,Karapur­Sarvan,gram_panchayat,I,,gp_ward,ward,NONE,NONE,sc_st_bc,1,Woman,Women,all_seats,seat,,,,,,,latin,local_elections,e0ae2676d62a-dirty,data/goa/2017/bicholim.pdf,5,page,
goa/gp_ward/2017,19af5f0f50ee,Goa|2017|gp_ward|North Goa|Bicholim|Karapur­Sarvan|II|,1,Goa,2017,North Goa,Bicholim,Karapur­Sarvan,gram_panchayat,II,,gp_ward,ward,NONE,NONE,sc_st_bc,0,Other than Woman,General,all_seats,seat,,,,,,,latin,local_elections,e0ae2676d62a-dirty,data/goa/2017/bicholim.pdf,6,page,
goa/gp_ward/2017,2ef2e1098108,Goa|2017|gp_ward|North Goa|Bicholim|Karapur­Sarvan|III|,1,Goa,2017,North Goa,Bicholim,Karapur­Sarvan,gram_panchayat,III,,gp_ward,ward,NONE,NONE,sc_st_bc,1,Woman,Women,all_seats,seat,,,,,,,latin,local_elections,e0ae2676d62a-dirty,data/goa/2017/bicholim.pdf,6,page,
goa/gp_ward/2017,582556376434,Goa|2017|gp_ward|North Goa|Bicholim|Karapur­Sarvan|IV|,1,Goa,2017,North Goa,Bicholim,Karapur­Sarvan,gram_panchayat,IV,,gp_ward,ward,NONE,NONE,sc_st_bc,0,Other than Woman,General,all_seats,seat,,,,,,,latin,local_elections,e0ae2676d62a-dirty,data/goa/2017/bicholim.pdf,6,page,
goa/gp_ward/2017,b8957a03e364,Goa|2017|gp_ward|North Goa|Bicholim|Karapur­Sarvan|VI|,1,Goa,2017,North Goa,Bicholim,Karapur­Sarvan,gram_panchayat,VI,,gp_ward,ward,BC,BC,sc_st_bc,0,BC Other than Woman,OBC,all_seats,seat,,,,,,,latin,local_elections,e0ae2676d62a-dirty,data/goa/2017/bicholim.pdf,6,page,
goa/gp_ward/2017,7585904121bf,Goa|2017|gp_ward|North Goa|Bicholim|Karapur­Sarvan|VII|,1,Goa,2017,North Goa,Bicholim,Karapur­Sarvan,gram_panchayat,VII,,gp_ward,ward,NONE,NONE,sc_st_bc,0,Other than Woman,General,all_seats,seat,,,,,,,latin,local_elections,e0ae2676d62a-dirty,data/goa/2017/bicholim.pdf,7,page,
goa/gp_ward/2017,3b0ef0c5f0a2,Goa|2017|gp_ward|North Goa|Bicholim|Karapur­Sarvan|VIII|,1,Goa,2017,North Goa,Bicholim,Karapur­Sarvan,gram_panchayat,VIII,,gp_ward,ward,NONE,NONE,sc_st_bc,1,Woman,Women,all_seats,seat,,,,,,,latin,local_elections,e0ae2676d62a-dirty,data/goa/2017/bicholim.pdf,7,page,
goa/gp_ward/2017,b253d0a1f9a6,Goa|2017|gp_ward|North Goa|Bicholim|Karapur­Sarvan|IX|,1,Goa,2017,North Goa,Bicholim,Karapur­Sarvan,gram_panchayat,IX,,gp_ward,ward,NONE,NONE,sc_st_bc,0,Other than Woman,General,all_seats,seat,,,,,,,latin,local_elections,e0ae2676d62a-dirty,data/goa/2017/bicholim.pdf,7,page,
goa/gp_ward/2017,b846198e7db3,Goa|2017|gp_ward|North Goa|Bicholim|Karapur­Sarvan|X|,1,Goa,2017,North Goa,Bicholim,Karapur­Sarvan,gram_panchayat,X,,gp_ward,ward,BC,BC,sc_st_bc,0,BC Other than Woman,OBC,all_seats,seat,,,,,,,latin,local_elections,e0ae2676d62a-dirty,data/goa/2017/bicholim.pdf,7,page,
goa/gp_ward/2017,438c69716094,Goa|2017|gp_ward|North Goa|Bicholim|Karapur­Sarvan|XI|,1,Goa,2017,North Goa,Bicholim,Karapur­Sarvan,gram_panchayat,XI,,gp_ward,ward,NONE,NONE,sc_st_bc,0,Other than Woman,General,all_seats,seat,,,,,,,latin,local_elections,e0ae2676d62a-dirty,data/goa/2017/bicholim.pdf,7,page,
goa/gp_ward/2017,f9558ada697e,Goa|2017|gp_ward|North Goa|Bicholim|Ona­Maulinguem­|I|,1,Goa,2017,North Goa,Bicholim,Ona­Maulinguem­,gram_panchayat,I,,gp_ward,ward,BC,BC,sc_st_bc,0,BC Other than Woman,OBC,all_seats,seat,,,,,,,latin,local_elections,e0ae2676d62a-dirty,data/goa/2017/bicholim.pdf,8,page,
goa/gp_ward/2017,ada3acd2108d,Goa|2017|gp_ward|North Goa|Bicholim|Ona­Maulinguem­|II|,1,Goa,2017,North Goa,Bicholim,Ona­Maulinguem­,gram_panchayat,II,,gp_ward,ward,NONE,NONE,sc_st_bc,0,Other than Woman,General,all_seats,seat,,,,,,,latin,local_elections,e0ae2676d62a-dirty,data/goa/2017/bicholim.pdf,8,page,
goa/gp_ward/2017,dee77b8ad770,Goa|2017|gp_ward|North Goa|Bicholim|Ona­Maulinguem­|IV|,1,Goa,2017,North Goa,Bicholim,Ona­Maulinguem­,gram_panchayat,IV,,gp_ward,ward,NONE,NONE,sc_st_bc,1,Woman,Women,all_seats,seat,,,,,,,latin,local_elections,e0ae2676d62a-dirty,data/goa/2017/bicholim.pdf,8,page,
goa/gp_ward/2017,e5bb8ce8b84d,Goa|2017|gp_ward|North Goa|Bicholim|Ona­Maulinguem­|V|,1,Goa,2017,North Goa,Bicholim,Ona­Maulinguem­,gram_panchayat,V,,gp_ward,ward,NONE,NONE,sc_st_bc,0,Other than Woman,General,all_seats,seat,,,,,,,latin,local_elections,e0ae2676d62a-dirty,data/goa/2017/bicholim.pdf,8,page,
goa/gp_ward/2017,717a2fb47640,Goa|2017|gp_ward|North Goa|Bicholim|Ona­Maulinguem­|VI|,1,Goa,2017,North Goa,Bicholim,Ona­Maulinguem­,gram_panchayat,VI,,gp_ward,ward,NONE,NONE,sc_st_bc,0,Other than Woman,General,all_seats,seat,,,,,,,latin,local_elections,e0ae2676d62a-dirty,data/goa/2017/bicholim.pdf,8,page,
goa/gp_ward/2017,c99769327e53,Goa|2017|gp_ward|North Goa|Bicholim|Ona­Maulinguem­|VII|,1,Goa,2017,North Goa,Bicholim,Ona­Maulinguem­,gram_panchayat,VII,,gp_ward,ward,NONE,NONE,sc_st_bc,0,Other than Woman,General,all_seats,seat,,,,,,,latin,local_elections,e0ae2676d62a-dirty,data/goa/2017/bicholim.pdf,9,page,
goa/gp_ward/2017,e100d70d33fd,Goa|2017|gp_ward|North Goa|Bicholim|Cudnem|I|,1,Goa,2017,North Goa,Bicholim,Cudnem,gram_panchayat,I,,gp_ward,ward,NONE,NONE,sc_st_bc,0,Other than Woman,General,all_seats,seat,,,,,,,latin,local_elections,e0ae2676d62a-dirty,data/goa/2017/bicholim.pdf,9,page,
goa/gp_ward/2017,1b31fc0eac44,Goa|2017|gp_ward|North Goa|Bicholim|Cudnem|II|,1,Goa,2017,North Goa,Bicholim,Cudnem,gram_panchayat,II,,gp_ward,ward,BC,BC,sc_st_bc,0,BC Other than Woman,OBC,all_seats,seat,,,,,,,latin,local_elections,e0ae2676d62a-dirty,data/goa/2017/bicholim.pdf,9,page,
goa/gp_ward/2017,d508ca0b2d88,Goa|2017|gp_ward|North Goa|Bicholim|Cudnem|IV|,1,Goa,2017,North Goa,Bicholim,Cudnem,gram_panchayat,IV,,gp_ward,ward,NONE,NONE,sc_st_bc,1,Woman,Women,all_seats,seat,,,,,,,latin,local_elections,e0ae2676d62a-dirty,data/goa/2017/bicholim.pdf,9,page,
goa/gp_ward/2017,3d11a8303031,Goa|2017|gp_ward|North Goa|Bicholim|Cudnem|V|,1,Goa,2017,North Goa,Bicholim,Cudnem,gram_panchayat,V,,gp_ward,ward,NONE,NONE,sc_st_bc,0,Other than Woman,General,all_seats,seat,,,,,,,latin,local_elections,e0ae2676d62a-dirty,data/goa/2017/bicholim.pdf,9,page,
goa/gp_ward/2017,6322c51b8aab,Goa|2017|gp_ward|North Goa|Bicholim|Cudnem|VI|,1,Goa,2017,North Goa,Bicholim,Cudnem,gram_panchayat,VI,,gp_ward,ward,NONE,NONE,sc_st_bc,0,Other than Woman,General,all_seats,seat,,,,,,,latin,local_elections,e0ae2676d62a-dirty,data/goa/2017/bicholim.pdf,10,page,
goa/gp_ward/2017,25eb56930e83,Goa|2017|gp_ward|North Goa|Bicholim|Cudnem|VII|,1,Goa,2017,North Goa,Bicholim,Cudnem,gram_panchayat,VII,,gp_ward,ward,NONE,NONE,sc_st_bc,0,Other than Woman,General,all_seats,seat,,,,,,,latin,local_elections,e0ae2676d62a-dirty,data/goa/2017/bicholim.pdf,10,page,
goa/gp_ward/2017,3b4f0b5c91e2,Goa|2017|gp_ward|North Goa|Bicholim|Piligao|I|,1,Goa,2017,North Goa,Bicholim,Piligao,gram_panchayat,I,,gp_ward,ward,BC,BC,sc_st_bc,0,BC Other than Woman,OBC,all_seats,seat,,,,,,,latin,local_elections,e0ae2676d62a-dirty,data/goa/2017/bicholim.pdf,10,page,
goa/gp_ward/2017,6e0a55e9d03a,Goa|2017|gp_ward|North Goa|Bicholim|Piligao|II|,1,Goa,2017,North Goa,Bicholim,Piligao,gram_panchayat,II,,gp_ward,ward,NONE,NONE,sc_st_bc,0,Other than Woman,General,all_seats,seat,,,,,,,latin,local_elections,e0ae2676d62a-dirty,data/goa/2017/bicholim.pdf,10,page,
goa/gp_ward/2017,3ab51f074ced,Goa|2017|gp_ward|North Goa|Bicholim|Piligao|III|,1,Goa,2017,North Goa,Bicholim,Piligao,gram_panchayat,III,,gp_ward,ward,NONE,NONE,sc_st_bc,1,Woman,Women,all_seats,seat,,,,,,,latin,local_elections,e0ae2676d62a-dirty,data/goa/2017/bicholim.pdf,10,page,
goa/gp_ward/2017,b4801e382140,Goa|2017|gp_ward|North Goa|Bicholim|Piligao|IV|,1,Goa,2017,North Goa,Bicholim,Piligao,gram_panchayat,IV,,gp_ward,ward,NONE,NONE,sc_st_bc,1,Woman,Women,all_seats,seat,,,,,,,latin,local_elections,e0ae2676d62a-dirty,data/goa/2017/bicholim.pdf,11,page,
goa/gp_ward/2017,da441091c1ba,Goa|2017|gp_ward|North Goa|Bicholim|Piligao|V|,1,Goa,2017,North Goa,Bicholim,Piligao,gram_panchayat,V,,gp_ward,ward,BC,BC,sc_st_bc,0,BC Other than Woman,OBC,all_seats,seat,,,,,,,latin,local_elections,e0ae2676d62a-dirty,data/goa/2017/bicholim.pdf,11,page,
goa/gp_ward/2017,4cd80a746908,Goa|2017|gp_ward|North Goa|Bicholim|Piligao|VI|,1,Goa,2017,North Goa,Bicholim,Piligao,gram_panchayat,VI,,gp_ward,ward,ST,ST,sc_st_bc,0,ST Other than Woman,ST,all_seats,seat,,,,,,,latin,local_elections,e0ae2676d62a-dirty,data/goa/2017/bicholim.pdf,11,page,
goa/gp_ward/2017,bd88d59b152e,Goa|2017|gp_ward|North Goa|Bicholim|Piligao|VII|,1,Goa,2017,North Goa,Bicholim,Piligao,gram_panchayat,VII,,gp_ward,ward,ST,ST,sc_st_bc,0,ST Other than Woman,ST,all_seats,seat,,,,,,,latin,local_elections,e0ae2676d62a-dirty,data/goa/2017/bicholim.pdf,11,page,
goa/gp_ward/2017,3bea39e91103,Goa|2017|gp_ward|North Goa|Bicholim|Maem­Vainguinim|I|,1,Goa,2017,North Goa,Bicholim,Maem­Vainguinim,gram_panchayat,I,,gp_ward,ward,NONE,NONE,sc_st_bc,1,Woman,Women,all_seats,seat,,,,,,,latin,local_elections,e0ae2676d62a-dirty,data/goa/2017/bicholim.pdf,11,page,
goa/gp_ward/2017,5448ea7818ac,Goa|2017|gp_ward|North Goa|Bicholim|Maem­Vainguinim|III|,1,Goa,2017,North Goa,Bicholim,Maem­Vainguinim,gram_panchayat,III,,gp_ward,ward,NONE,NONE,sc_st_bc,0,Other than Woman,General,all_seats,seat,,,,,,,latin,local_elections,e0ae2676d62a-dirty,data/goa/2017/bicholim.pdf,12,page,
goa/gp_ward/2017,39b0357801ac,Goa|2017|gp_ward|North Goa|Bicholim|Maem­Vainguinim|IV|,1,Goa,2017,North Goa,Bicholim,Maem­Vainguinim,gram_panchayat,IV,,gp_ward,ward,BC,BC,sc_st_bc,0,BC Other than Woman,OBC,all_seats,seat,,,,,,,latin,local_elections,e0ae2676d62a-dirty,data/goa/2017/bicholim.pdf,12,page,
goa/gp_ward/2017,81cdd32e8e45,Goa|2017|gp_ward|North Goa|Bicholim|Maem­Vainguinim|VI|,1,Goa,2017,North Goa,Bicholim,Maem­Vainguinim,gram_panchayat,VI,,gp_ward,ward,NONE,NONE,sc_st_bc,0,Other than Woman,General,all_seats,seat,,,,,,,latin,local_elections,e0ae2676d62a-dirty,data/goa/2017/bicholim.pdf,12,page,
goa/gp_ward/2017,b4f3a2b65635,Goa|2017|gp_ward|North Goa|Bicholim|Maem­Vainguinim|VII|,1,Goa,2017,North Goa,Bicholim,Maem­Vainguinim,gram_panchayat,VII,,gp_ward,ward,BC,BC,sc_st_bc,0,BC Other than Woman,OBC,all_seats,seat,,,,,,,latin,local_elections,e0ae2676d62a-dirty,data/goa/2017/bicholim.pdf,12,page,
goa/gp_ward/2017,9ccec1b840b2,Goa|2017|gp_ward|North Goa|Bicholim|Maem­Vainguinim|VIII|,1,Goa,2017,North Goa,Bicholim,Maem­Vainguinim,gram_panchayat,VIII,,gp_ward,ward,NONE,NONE,sc_st_bc,1,Woman,Women,all_seats,seat,,,,,,,latin,local_elections,e0ae2676d62a-dirty,data/goa/2017/bicholim.pdf,13,page,
goa/gp_ward/2017,c3e363954bfa,Goa|2017|gp_ward|North Goa|Bicholim|Maem­Vainguinim|IX|,1,Goa,2017,North Goa,Bicholim,Maem­Vainguinim,gram_panchayat,IX,,gp_ward,ward,NONE,NONE,sc_st_bc,0,Other than Woman,General,all_seats,seat,,,,,,,latin,local_elections,e0ae2676d62a-dirty,data/goa/2017/bicholim.pdf,13,page,
goa/gp_ward/2017,9ab001079034,Goa|2017|gp_ward|North Goa|Bicholim|Maem­Vainguinim|X|,1,Goa,2017,North Goa,Bicholim,Maem­Vainguinim,gram_panchayat,X,,gp_ward,ward,NONE,NONE,sc_st_bc,0,Other than Woman,General,all_seats,seat,,,,,,,latin,local_elections,e0ae2676d62a-dirty,data/goa/2017/bicholim.pdf,13,page,
goa/gp_ward/2017,339d51faf86f,Goa|2017|gp_ward|North Goa|Bicholim|Maem­Vainguinim|XI|,1,Goa,2017,North Goa,Bicholim,Maem­Vainguinim,gram_panchayat,XI,,gp_ward,ward,NONE,NONE,sc_st_bc,0,Other than Woman,General,all_seats,seat,,,,,,,latin,local_elections,e0ae2676d62a-dirty,data/goa/2017/bicholim.pdf,13,page,
goa/gp_ward/2017,dabf377a238b,Goa|2017|gp_ward|North Goa|Bicholim|Sirigao|II|,1,Goa,2017,North Goa,Bicholim,Sirigao,gram_panchayat,II,,gp_ward,ward,BC,BC,sc_st_bc,0,BC Other than Woman,OBC,all_seats,seat,,,,,,,latin,local_elections,e0ae2676d62a-dirty,data/goa/2017/bicholim.pdf,14,page,
goa/gp_ward/2017,f84f3220f783,Goa|2017|gp_ward|North Goa|Bicholim|Sirigao|III|,1,Goa,2017,North Goa,Bicholim,Sirigao,gram_panchayat,III,,gp_ward,ward,NONE,NONE,sc_st_bc,1,Woman,Women,all_seats,seat,,,,,,,latin,local_elections,e0ae2676d62a-dirty,data/goa/2017/bicholim.pdf,14,page,
goa/gp_ward/2017,7fef68742813,Goa|2017|gp_ward|North Goa|Bicholim|Sirigao|IV|,1,Goa,2017,North Goa,Bicholim,Sirigao,gram_panchayat,IV,,gp_ward,ward,NONE,NONE,sc_st_bc,0,Other than Woman,General,all_seats,seat,,,,,,,latin,local_elections,e0ae2676d62a-dirty,data/goa/2017/bicholim.pdf,14,page,
goa/gp_ward/2017,4c27a460e770,Goa|2017|gp_ward|North Goa|Bicholim|Sirigao|V|,1,Goa,2017,North Goa,Bicholim,Sirigao,gram_panchayat,V,,gp_ward,ward,NONE,NONE,sc_st_bc,0,Other than Woman,General,all_seats,seat,,,,,,,latin,local_elections,e0ae2676d62a-dirty,data/goa/2017/bicholim.pdf,14,page,
goa/gp_ward/2017,7c3e49a44b26,Goa|2017|gp_ward|North Goa|Bicholim|Sirigao|I|,1,Goa,2017,North Goa,Bicholim,Sirigao,gram_panchayat,I,,gp_ward,ward,NONE,NONE,sc_st_bc,1,Woman,Women,all_seats,seat,,,,,,,latin,local_elections,e0ae2676d62a-dirty,data/goa/2017/bicholim.pdf,14,page,
goa/gp_ward/2017,611d81c3d45b,Goa|2017|gp_ward|North Goa|Bicholim|Naroa|II|,1,Goa,2017,North Goa,Bicholim,Naroa,gram_panchayat,II,,gp_ward,ward,NONE,NONE,sc_st_bc,0,Other than Woman,General,all_seats,seat,,,,,,,latin,local_elections,e0ae2676d62a-dirty,data/goa/2017/bicholim.pdf,14,page,
goa/gp_ward/2017,689fda967ab0,Goa|2017|gp_ward|North Goa|Bicholim|Naroa|III|,1,Goa,2017,North Goa,Bicholim,Naroa,gram_panchayat,III,,gp_ward,ward,NONE,NONE,sc_st_bc,1,Woman,Women,all_seats,seat,,,,,,,latin,local_elections,e0ae2676d62a-dirty,data/goa/2017/bicholim.pdf,15,page,
goa/gp_ward/2017,05ece746f1af,Goa|2017|gp_ward|North Goa|Bicholim|Naroa|IV|,1,Goa,2017,North Goa,Bicholim,Naroa,gram_panchayat,IV,,gp_ward,ward,BC,BC,sc_st_bc,0,BC Other than Woman,OBC,all_seats,seat,,,,,,,latin,local_elections,e0ae2676d62a-dirty,data/goa/2017/bicholim.pdf,15,page,
goa/gp_ward/2017,c9fdaf4356cb,Goa|2017|gp_ward|North Goa|Bicholim|Naroa|V|,1,Goa,2017,North Goa,Bicholim,Naroa,gram_panchayat,V,,gp_ward,ward,BC,BC,sc_st_bc,0,BC Other than Woman,OBC,all_seats,seat,,,,,,,latin,local_elections,e0ae2676d62a-dirty,data/goa/2017/bicholim.pdf,15,page,
goa/gp_ward/2017,80e9d30b624e,Goa|2017|gp_ward|North Goa|Bicholim|Pale­Kotambi|I|,1,Goa,2017,North Goa,Bicholim,Pale­Kotambi,gram_panchayat,I,,gp_ward,ward,NONE,NONE,sc_st_bc,0,Other than Woman,General,all_seats,seat,,,,,,,latin,local_elections,e0ae2676d62a-dirty,data/goa/2017/bicholim.pdf,15,page,
goa/gp_ward/2017,6cf8421a0906,Goa|2017|gp_ward|North Goa|Bicholim|Pale­Kotambi|II|,1,Goa,2017,North Goa,Bicholim,Pale­Kotambi,gram_panchayat,II,,gp_ward,ward,BC,BC,sc_st_bc,0,BC Other than Woman,OBC,all_seats,seat,,,,,,,latin,local_elections,e0ae2676d62a-dirty,data/goa/2017/bicholim.pdf,15,page,
goa/gp_ward/2017,35bf6e9e5502,Goa|2017|gp_ward|North Goa|Bicholim|Pale­Kotambi|III|,1,Goa,2017,North Goa,Bicholim,Pale­Kotambi,gram_panchayat,III,,gp_ward,ward,NONE,NONE,sc_st_bc,1,Woman,Women,all_seats,seat,,,,,,,latin,local_elections,e0ae2676d62a-dirty,data/goa/2017/bicholim.pdf,15,page,
goa/gp_ward/2017,541d566b2ba9,Goa|2017|gp_ward|North Goa|Bicholim|Pale­Kotambi|IV|,1,Goa,2017,North Goa,Bicholim,Pale­Kotambi,gram_panchayat,IV,,gp_ward,ward,NONE,NONE,sc_st_bc,0,Other than Woman,General,all_seats,seat,,,,,,,latin,local_elections,e0ae2676d62a-dirty,data/goa/2017/bicholim.pdf,15,page,
goa/gp_ward/2017,ab8632dfb490,Goa|2017|gp_ward|North Goa|Bicholim|Pale­Kotambi|VI|,1,Goa,2017,North Goa,Bicholim,Pale­Kotambi,gram_panchayat,VI,,gp_ward,ward,ST,ST,sc_st_bc,0,ST Other than Woman,ST,all_seats,seat,,,,,,,latin,local_elections,e0ae2676d62a-dirty,data/goa/2017/bicholim.pdf,16,page,
goa/gp_ward/2017,4d2806a6ecfa,Goa|2017|gp_ward|North Goa|Bicholim|Pale­Kotambi|VII|,1,Goa,2017,North Goa,Bicholim,Pale­Kotambi,gram_panchayat,VII,,gp_ward,ward,BC,BC,sc_st_bc,0,BC Other than Woman,OBC,all_seats,seat,,,,,,,latin,local_elections,e0ae2676d62a-dirty,data/goa/2017/bicholim.pdf,16,page,
goa/gp_ward/2017,56304ec1c64e,Goa|2017|gp_ward|North Goa|Bicholim|Pale­Kotambi|VIII|,1,Goa,2017,North Goa,Bicholim,Pale­Kotambi,gram_panchayat,VIII,,gp_ward,ward,NONE,NONE,sc_st_bc,1,Woman,Women,all_seats,seat,,,,,,,latin,local_elections,e0ae2676d62a-dirty,data/goa/2017/bicholim.pdf,16,page,
goa/gp_ward/2017,bfdbe1b00656,Goa|2017|gp_ward|North Goa|Bicholim|Pale­Kotambi|IX|,1,Goa,2017,North Goa,Bicholim,Pale­Kotambi,gram_panchayat,IX,,gp_ward,ward,NONE,NONE,sc_st_bc,0,Other than Woman,General,all_seats,seat,,,,,,,latin,local_elections,e0ae2676d62a-dirty,data/goa/2017/bicholim.pdf,16,page,
goa/gp_ward/2017,d4088cb66698,Goa|2017|gp_ward|North Goa|Bicholim|Surla|I|,1,Goa,2017,North Goa,Bicholim,Surla,gram_panchayat,I,,gp_ward,ward,BC,BC,sc_st_bc,0,BC Other than Woman,OBC,all_seats,seat,,,,,,,latin,local_elections,e0ae2676d62a-dirty,data/goa/2017/bicholim.pdf,16,page,
goa/gp_ward/2017,7ea0979ad2e0,Goa|2017|gp_ward|North Goa|Bicholim|Surla|II|,1,Goa,2017,North Goa,Bicholim,Surla,gram_panchayat,II,,gp_ward,ward,BC,BC,sc_st_bc,0,BC Other than Woman,OBC,all_seats,seat,,,,,,,latin,local_elections,e0ae2676d62a-dirty,data/goa/2017/bicholim.pdf,17,page,
goa/gp_ward/2017,17ca1da88022,Goa|2017|gp_ward|North Goa|Bicholim|Surla|III|,1,Goa,2017,North Goa,Bicholim,Surla,gram_panchayat,III,,gp_ward,ward,NONE,NONE,sc_st_bc,1,Woman,Women,all_seats,seat,,,,,,,latin,local_elections,e0ae2676d62a-dirty,data/goa/2017/bicholim.pdf,17,page,
goa/gp_ward/2017,44c991a3239a,Goa|2017|gp_ward|North Goa|Bicholim|Surla|IV|,1,Goa,2017,North Goa,Bicholim,Surla,gram_panchayat,IV,,gp_ward,ward,NONE,NONE,sc_st_bc,0,Other than Woman,General,all_seats,seat,,,,,,,latin,local_elections,e0ae2676d62a-dirty,data/goa/2017/bicholim.pdf,17,page,
goa/gp_ward/2017,e1ae514e503e,Goa|2017|gp_ward|North Goa|Bicholim|Surla|V|,1,Goa,2017,North Goa,Bicholim,Surla,gram_panchayat,V,,gp_ward,ward,NONE,NONE,sc_st_bc,1,Woman,Women,all_seats,seat,,,,,,,latin,local_elections,e0ae2676d62a-dirty,data/goa/2017/bicholim.pdf,17,page,
goa/gp_ward/2017,28ae3b1c4abb,Goa|2017|gp_ward|North Goa|Bicholim|Surla|VI|,1,Goa,2017,North Goa,Bicholim,Surla,gram_panchayat,VI,,gp_ward,ward,ST,ST,sc_st_bc,0,ST Other than Woman,ST,all_seats,seat,,,,,,,latin,local_elections,e0ae2676d62a-dirty,data/goa/2017/bicholim.pdf,18,page,
goa/gp_ward/2017,cf3b48db6173,Goa|2017|gp_ward|North Goa|Bicholim|Surla|VII|,1,Goa,2017,North Goa,Bicholim,Surla,gram_panchayat,VII,,gp_ward,ward,ST,ST,sc_st_bc,0,ST Other than Woman,ST,all_seats,seat,,,,,,,latin,local_elections,e0ae2676d62a-dirty,data/goa/2017/bicholim.pdf,18,page,
goa/gp_ward/2017,f695b58f10e7,Goa|2017|gp_ward|North Goa|Bicholim|Surla|VIII|,1,Goa,2017,North Goa,Bicholim,Surla,gram_panchayat,VIII,,gp_ward,ward,NONE,NONE,sc_st_bc,1,Woman,Women,all_seats,seat,,,,,,,latin,local_elections,e0ae2676d62a-dirty,data/goa/2017/bicholim.pdf,18,page,
goa/gp_ward/2017,47871a658d68,Goa|2017|gp_ward|North Goa|Bicholim|Surla|IX|,1,Goa,2017,North Goa,Bicholim,Surla,gram_panchayat,IX,,gp_ward,ward,NONE,NONE,sc_st_bc,0,Other than Woman,General,all_seats,seat,,,,,,,latin,local_elections,e0ae2676d62a-dirty,data/goa/2017/bicholim.pdf,18,page,
goa/gp_ward/2017,a25a6b370b8d,Goa|2017|gp_ward|North Goa|Bicholim|Amona|I|,1,Goa,2017,North Goa,Bicholim,Amona,gram_panchayat,I,,gp_ward,ward,NONE,NONE,sc_st_bc,0,Other than Woman,General,all_seats,seat,,,,,,,latin,local_elections,e0ae2676d62a-dirty,data/goa/2017/bicholim.pdf,18,page,
goa/gp_ward/2017,b5a0cb9a494b,Goa|2017|gp_ward|North Goa|Bicholim|Amona|II|,1,Goa,2017,North Goa,Bicholim,Amona,gram_panchayat,II,,gp_ward,ward,NONE,NONE,sc_st_bc,0,Other than Woman,General,all_seats,seat,,,,,,,latin,local_elections,e0ae2676d62a-dirty,data/goa/2017/bicholim.pdf,18,page,
goa/gp_ward/2017,f38440c0db3c,Goa|2017|gp_ward|North Goa|Bicholim|Amona|III|,1,Goa,2017,North Goa,Bicholim,Amona,gram_panchayat,III,,gp_ward,ward,NONE,NONE,sc_st_bc,1,Woman,Women,all_seats,seat,,,,,,,latin,local_elections,e0ae2676d62a-dirty,data/goa/2017/bicholim.pdf,19,page,
goa/gp_ward/2017,d664f30e9c4c,Goa|2017|gp_ward|North Goa|Bicholim|Amona|IV|,1,Goa,2017,North Goa,Bicholim,Amona,gram_panchayat,IV,,gp_ward,ward,NONE,NONE,sc_st_bc,1,Woman,Women,all_seats,seat,,,,,,,latin,local_elections,e0ae2676d62a-dirty,data/goa/2017/bicholim.pdf,19,page,
goa/gp_ward/2017,6f88a6842849,Goa|2017|gp_ward|North Goa|Bicholim|Amona|V|,1,Goa,2017,North Goa,Bicholim,Amona,gram_panchayat,V,,gp_ward,ward,BC,BC,sc_st_bc,0,BC Other than Woman,OBC,all_seats,seat,,,,,,,latin,local_elections,e0ae2676d62a-dirty,data/goa/2017/bicholim.pdf,19,page,
goa/gp_ward/2017,7958010af595,Goa|2017|gp_ward|North Goa|Bicholim|Amona|VI|,1,Goa,2017,North Goa,Bicholim,Amona,gram_panchayat,VI,,gp_ward,ward,NONE,NONE,sc_st_bc,0,Other than Woman,General,all_seats,seat,,,,,,,latin,local_elections,e0ae2676d62a-dirty,data/goa/2017/bicholim.pdf,19,page,
goa/gp_ward/2017,3fe7f09adfba,Goa|2017|gp_ward|North Goa|Bicholim|Amona|VII|,1,Goa,2017,North Goa,Bicholim,Amona,gram_panchayat,VII,,gp_ward,ward,BC,BC,sc_st_bc,0,BC Other than Woman,OBC,all_seats,seat,,,,,,,latin,local_elections,e0ae2676d62a-dirty,data/goa/2017/bicholim.pdf,19,page,
goa/gp_ward/2017,4102038d5771,Goa|2017|gp_ward|North Goa|Bicholim|Navelim|I|,1,Goa,2017,North Goa,Bicholim,Navelim,gram_panchayat,I,,gp_ward,ward,BC,BC,sc_st_bc,0,BC Other than Woman,OBC,all_seats,seat,,,,,,,latin,local_elections,e0ae2676d62a-dirty,data/goa/2017/bicholim.pdf,20,page,
goa/gp_ward/2017,a51aa55d664c,Goa|2017|gp_ward|North Goa|Bicholim|Navelim|II|,1,Goa,2017,North Goa,Bicholim,Navelim,gram_panchayat,II,,gp_ward,ward,BC,BC,sc_st_bc,0,BC Other than Woman,OBC,all_seats,seat,,,,,,,latin,local_elections,e0ae2676d62a-dirty,data/goa/2017/bicholim.pdf,20,page,
goa/gp_ward/2017,dff6328b7c11,Goa|2017|gp_ward|North Goa|Bicholim|Navelim|III|,1,Goa,2017,North Goa,Bicholim,Navelim,gram_panchayat,III,,gp_ward,ward,NONE,NONE,sc_st_bc,1,Woman,Women,all_seats,seat,,,,,,,latin,local_elections,e0ae2676d62a-dirty,data/goa/2017/bicholim.pdf,20,page,
goa/gp_ward/2017,40c81a401899,Goa|2017|gp_ward|North Goa|Bicholim|Navelim|IV|,1,Goa,2017,North Goa,Bicholim,Navelim,gram_panchayat,IV,,gp_ward,ward,NONE,NONE,sc_st_bc,1,Woman,Women,all_seats,seat,,,,,,,latin,local_elections,e0ae2676d62a-dirty,data/goa/2017/bicholim.pdf,20,page,
goa/gp_ward/2017,5c7875c2314e,Goa|2017|gp_ward|North Goa|Bicholim|Navelim|V|,1,Goa,2017,North Goa,Bicholim,Navelim,gram_panchayat,V,,gp_ward,ward,NONE,NONE,sc_st_bc,0,Other than Woman,General,all_seats,seat,,,,,,,latin,local_elections,e0ae2676d62a-dirty,data/goa/2017/bicholim.pdf,20,page,
goa/gp_ward/2017,03b3e5595dac,Goa|2017|gp_ward|North Goa|Bicholim|Navelim|VI|,1,Goa,2017,North Goa,Bicholim,Navelim,gram_panchayat,VI,,gp_ward,ward,NONE,NONE,sc_st_bc,0,Other than Woman,General,all_seats,seat,,,,,,,latin,local_elections,e0ae2676d62a-dirty,data/goa/2017/bicholim.pdf,20,page,
goa/gp_ward/2017,8eefc76d9b10,Goa|2017|gp_ward|North Goa|Bicholim|Navelim|VII|,1,Goa,2017,North Goa,Bicholim,Navelim,gram_panchayat,VII,,gp_ward,ward,NONE,NONE,sc_st_bc,0,Other than Woman,General,all_seats,seat,,,,,,,latin,local_elections,e0ae2676d62a-dirty,data/goa/2017/bicholim.pdf,20,page,
goa/gp_ward/2017,3ecc8fb2b303,Goa|2017|gp_ward|North Goa|Bicholim|Velguem|I|,1,Goa,2017,North Goa,Bicholim,Velguem,gram_panchayat,I,,gp_ward,ward,NONE,NONE,sc_st_bc,0,Other than Woman,General,all_seats,seat,,,,,,,latin,local_elections,e0ae2676d62a-dirty,data/goa/2017/bicholim.pdf,21,page,
goa/gp_ward/2017,65e0a5b83c95,Goa|2017|gp_ward|North Goa|Bicholim|Velguem|II|,1,Goa,2017,North Goa,Bicholim,Velguem,gram_panchayat,II,,gp_ward,ward,NONE,NONE,sc_st_bc,0,Other than Woman,General,all_seats,seat,,,,,,,latin,local_elections,e0ae2676d62a-dirty,data/goa/2017/bicholim.pdf,21,page,
goa/gp_ward/2017,617b0160495f,Goa|2017|gp_ward|North Goa|Bicholim|Velguem|III|,1,Goa,2017,North Goa,Bicholim,Velguem,gram_panchayat,III,,gp_ward,ward,NONE,NONE,sc_st_bc,1,Woman,Women,all_seats,seat,,,,,,,latin,local_elections,e0ae2676d62a-dirty,data/goa/2017/bicholim.pdf,21,page,
goa/gp_ward/2017,9aa24c47b91a,Goa|2017|gp_ward|North Goa|Bicholim|Velguem|IV|,1,Goa,2017,North Goa,Bicholim,Velguem,gram_panchayat,IV,,gp_ward,ward,NONE,NONE,sc_st_bc,1,Woman,Women,all_seats,seat,,,,,,,latin,local_elections,e0ae2676d62a-dirty,data/goa/2017/bicholim.pdf,21,page,
goa/gp_ward/2017,28eae30fa79b,Goa|2017|gp_ward|North Goa|Bicholim|Velguem|V|,1,Goa,2017,North Goa,Bicholim,Velguem,gram_panchayat,V,,gp_ward,ward,BC,BC,sc_st_bc,0,BC Other than Woman,OBC,all_seats,seat,,,,,,,latin,local_elections,e0ae2676d62a-dirty,data/goa/2017/bicholim.pdf,22,page,
goa/gp_ward/2017,b3a44b03a8b9,Goa|2017|gp_ward|North Goa|Bicholim|Velguem|VI|,1,Goa,2017,North Goa,Bicholim,Velguem,gram_panchayat,VI,,gp_ward,ward,BC,BC,sc_st_bc,0,BC Other than Woman,OBC,all_seats,seat,,,,,,,latin,local_elections,e0ae2676d62a-dirty,data/goa/2017/bicholim.pdf,22,page,
goa/gp_ward/2017,a3ed69eca1ea,Goa|2017|gp_ward|North Goa|Bicholim|Velguem|VII|,1,Goa,2017,North Goa,Bicholim,Velguem,gram_panchayat,VII,,gp_ward,ward,NONE,NONE,sc_st_bc,0,Other than Woman,General,all_seats,seat,,,,,,,latin,local_elections,e0ae2676d62a-dirty,data/goa/2017/bicholim.pdf,22,page,
goa/gp_ward/2017,e32f3bfe2c4d,Goa|2017|gp_ward|South Goa|Canacona|Cola|I|,1,Goa,2017,South Goa,Canacona,Cola,gram_panchayat,I,,gp_ward,ward,BC,BC,sc_st_bc,0,BC Other than Woman,OBC,all_seats,seat,,,,,,,latin,local_elections,e0ae2676d62a-dirty,data/goa/2017/canacona.pdf,1,page,
goa/gp_ward/2017,9b6a059d2915,Goa|2017|gp_ward|South Goa|Canacona|Cola|II|,1,Goa,2017,South Goa,Canacona,Cola,gram_panchayat,II,,gp_ward,ward,BC,BC,sc_st_bc,0,BC Other than Woman,OBC,all_seats,seat,,,,,,,latin,local_elections,e0ae2676d62a-dirty,data/goa/2017/canacona.pdf,1,page,
goa/gp_ward/2017,bd3f5710219a,Goa|2017|gp_ward|South Goa|Canacona|Cola|III|,1,Goa,2017,South Goa,Canacona,Cola,gram_panchayat,III,,gp_ward,ward,NONE,NONE,sc_st_bc,1,Woman,Women,all_seats,seat,,,,,,,latin,local_elections,e0ae2676d62a-dirty,data/goa/2017/canacona.pdf,1,page,
goa/gp_ward/2017,a1e23b4895a4,Goa|2017|gp_ward|South Goa|Canacona|Cola|IV|,1,Goa,2017,South Goa,Canacona,Cola,gram_panchayat,IV,,gp_ward,ward,NONE,NONE,sc_st_bc,0,Other than Woman,General,all_seats,seat,,,,,,,latin,local_elections,e0ae2676d62a-dirty,data/goa/2017/canacona.pdf,1,page,
goa/gp_ward/2017,b2b83f6fff93,Goa|2017|gp_ward|South Goa|Canacona|Cola|V|,1,Goa,2017,South Goa,Canacona,Cola,gram_panchayat,V,,gp_ward,ward,NONE,NONE,sc_st_bc,1,Woman,Women,all_seats,seat,,,,,,,latin,local_elections,e0ae2676d62a-dirty,data/goa/2017/canacona.pdf,1,page,
goa/gp_ward/2017,e82d28e5853b,Goa|2017|gp_ward|South Goa|Canacona|Cola|VI|,1,Goa,2017,South Goa,Canacona,Cola,gram_panchayat,VI,,gp_ward,ward,ST,ST,sc_st_bc,0,ST Other than Woman,ST,all_seats,seat,,,,,,,latin,local_elections,e0ae2676d62a-dirty,data/goa/2017/canacona.pdf,2,page,
goa/gp_ward/2017,616b2a6cc283,Goa|2017|gp_ward|South Goa|Canacona|Cola|VII|,1,Goa,2017,South Goa,Canacona,Cola,gram_panchayat,VII,,gp_ward,ward,NONE,NONE,sc_st_bc,0,Other than Woman,General,all_seats,seat,,,,,,,latin,local_elections,e0ae2676d62a-dirty,data/goa/2017/canacona.pdf,2,page,
goa/gp_ward/2017,2fb8d7e9316e,Goa|2017|gp_ward|South Goa|Canacona|Cola|VIII|,1,Goa,2017,South Goa,Canacona,Cola,gram_panchayat,VIII,,gp_ward,ward,NONE,NONE,sc_st_bc,1,Woman,Women,all_seats,seat,,,,,,,latin,local_elections,e0ae2676d62a-dirty,data/goa/2017/canacona.pdf,2,page,
goa/gp_ward/2017,87da08ddf6c1,Goa|2017|gp_ward|South Goa|Canacona|Cola|IX|,1,Goa,2017,South Goa,Canacona,Cola,gram_panchayat,IX,,gp_ward,ward,ST,ST,sc_st_bc,0,ST Other than Woman,ST,all_seats,seat,,,,,,,latin,local_elections,e0ae2676d62a-dirty,data/goa/2017/canacona.pdf,2,page,
goa/gp_ward/2017,acc7bd4c8ecf,Goa|2017|gp_ward|South Goa|Canacona|Shrishthal|I|,1,Goa,2017,South Goa,Canacona,Shrishthal,gram_panchayat,I,,gp_ward,ward,NONE,NONE,sc_st_bc,0,Other than Woman,General,all_seats,seat,,,,,,,latin,local_elections,e0ae2676d62a-dirty,data/goa/2017/canacona.pdf,2,page,
goa/gp_ward/2017,1aa3c7e54c48,Goa|2017|gp_ward|South Goa|Canacona|Shrishthal|II|,1,Goa,2017,South Goa,Canacona,Shrishthal,gram_panchayat,II,,gp_ward,ward,NONE,NONE,sc_st_bc,0,Other than Woman,General,all_seats,seat,,,,,,,latin,local_elections,e0ae2676d62a-dirty,data/goa/2017/canacona.pdf,2,page,
goa/gp_ward/2017,92c43274e4b6,Goa|2017|gp_ward|South Goa|Canacona|Shrishthal|IV|,1,Goa,2017,South Goa,Canacona,Shrishthal,gram_panchayat,IV,,gp_ward,ward,NONE,NONE,sc_st_bc,1,Woman,Women,all_seats,seat,,,,,,,latin,local_elections,e0ae2676d62a-dirty,data/goa/2017/canacona.pdf,3,page,
goa/gp_ward/2017,d05e1b1afdc6,Goa|2017|gp_ward|South Goa|Canacona|Shrishthal|V|,1,Goa,2017,South Goa,Canacona,Shrishthal,gram_panchayat,V,,gp_ward,ward,ST,ST,sc_st_bc,0,ST Other than Woman,ST,all_seats,seat,,,,,,,latin,local_elections,e0ae2676d62a-dirty,data/goa/2017/canacona.pdf,3,page,
goa/gp_ward/2017,c1a1acd35d39,Goa|2017|gp_ward|South Goa|Canacona|Shrishthal|VI|,1,Goa,2017,South Goa,Canacona,Shrishthal,gram_panchayat,VI,,gp_ward,ward,ST,ST,sc_st_bc,0,ST Other than Woman,ST,all_seats,seat,,,,,,,latin,local_elections,e0ae2676d62a-dirty,data/goa/2017/canacona.pdf,3,page,
goa/gp_ward/2017,3bbda223f1e7,Goa|2017|gp_ward|South Goa|Canacona|Shrishthal|VII|,1,Goa,2017,South Goa,Canacona,Shrishthal,gram_panchayat,VII,,gp_ward,ward,ST,ST,sc_st_bc,0,ST Other than Woman,ST,all_seats,seat,,,,,,,latin,local_elections,e0ae2676d62a-dirty,data/goa/2017/canacona.pdf,3,page,
goa/gp_ward/2017,ae5f29d6d56b,Goa|2017|gp_ward|South Goa|Canacona|Agonda|I|,1,Goa,2017,South Goa,Canacona,Agonda,gram_panchayat,I,,gp_ward,ward,NONE,NONE,sc_st_bc,0,Other than Woman,General,all_seats,seat,,,,,,,latin,local_elections,e0ae2676d62a-dirty,data/goa/2017/canacona.pdf,3,page,
goa/gp_ward/2017,2c5c86bce045,Goa|2017|gp_ward|South Goa|Canacona|Agonda|II|,1,Goa,2017,South Goa,Canacona,Agonda,gram_panchayat,II,,gp_ward,ward,BC,BC,sc_st_bc,0,BC Other than Woman,OBC,all_seats,seat,,,,,,,latin,local_elections,e0ae2676d62a-dirty,data/goa/2017/canacona.pdf,4,page,
goa/gp_ward/2017,7b8ade2b194e,Goa|2017|gp_ward|South Goa|Canacona|Agonda|III|,1,Goa,2017,South Goa,Canacona,Agonda,gram_panchayat,III,,gp_ward,ward,ST,ST,sc_st_bc,1,ST Woman,ST Women,all_seats,seat,,,,,,,latin,local_elections,e0ae2676d62a-dirty,data/goa/2017/canacona.pdf,4,page,
goa/gp_ward/2017,ba2fecff5e28,Goa|2017|gp_ward|South Goa|Canacona|Agonda|V|,1,Goa,2017,South Goa,Canacona,Agonda,gram_panchayat,V,,gp_ward,ward,BC,BC,sc_st_bc,0,BC Other than Woman,OBC,all_seats,seat,,,,,,,latin,local_elections,e0ae2676d62a-dirty,data/goa/2017/canacona.pdf,4,page,
goa/gp_ward/2017,57f4f8c4dfb0,Goa|2017|gp_ward|South Goa|Canacona|Agonda|VI|,1,Goa,2017,South Goa,Canacona,Agonda,gram_panchayat,VI,,gp_ward,ward,NONE,NONE,sc_st_bc,0,Other than Woman,General,all_seats,seat,,,,,,,latin,local_elections,e0ae2676d62a-dirty,data/goa/2017/canacona.pdf,4,page,
goa/gp_ward/2017,409546937118,Goa|2017|gp_ward|South Goa|Canacona|Agonda|VII|,1,Goa,2017,South Goa,Canacona,Agonda,gram_panchayat,VII,,gp_ward,ward,NONE,NONE,sc_st_bc,0,Other than Woman,General,all_seats,seat,,,,,,,latin,local_elections,e0ae2676d62a-dirty,data/goa/2017/canacona.pdf,4,page,
goa/gp_ward/2017,9f6f48bd4401,Goa|2017|gp_ward|South Goa|Canacona|Poinguinim|I|,1,Goa,2017,South Goa,Canacona,Poinguinim,gram_panchayat,I,,gp_ward,ward,ST,ST,sc_st_bc,0,ST Other than Woman,ST,all_seats,seat,,,,,,,latin,local_elections,e0ae2676d62a-dirty,data/goa/2017/canacona.pdf,4,page,
goa/gp_ward/2017,788856b2c6c1,Goa|2017|gp_ward|South Goa|Canacona|Poinguinim|II|,1,Goa,2017,South Goa,Canacona,Poinguinim,gram_panchayat,II,,gp_ward,ward,NONE,NONE,sc_st_bc,0,Other than Woman,General,all_seats,seat,,,,,,,latin,local_elections,e0ae2676d62a-dirty,data/goa/2017/canacona.pdf,4,page,
goa/gp_ward/2017,a6e3d02244e5,Goa|2017|gp_ward|South Goa|Canacona|Poinguinim|IV|,1,Goa,2017,South Goa,Canacona,Poinguinim,gram_panchayat,IV,,gp_ward,ward,ST,ST,sc_st_bc,0,ST Other than Woman,ST,all_seats,seat,,,,,,,latin,local_elections,e0ae2676d62a-dirty,data/goa/2017/canacona.pdf,5,page,
goa/gp_ward/2017,dbd83f974579,Goa|2017|gp_ward|South Goa|Canacona|Poinguinim|VI|,1,Goa,2017,South Goa,Canacona,Poinguinim,gram_panchayat,VI,,gp_ward,ward,NONE,NONE,sc_st_bc,0,Other than Woman,General,all_seats,seat,,,,,,,latin,local_elections,e0ae2676d62a-dirty,data/goa/2017/canacona.pdf,5,page,
goa/gp_ward/2017,369a2aaec286,Goa|2017|gp_ward|South Goa|Canacona|Poinguinim|VII|,1,Goa,2017,South Goa,Canacona,Poinguinim,gram_panchayat,VII,,gp_ward,ward,NONE,NONE,sc_st_bc,0,Other than Woman,General,all_seats,seat,,,,,,,latin,local_elections,e0ae2676d62a-dirty,data/goa/2017/canacona.pdf,5,page,
goa/gp_ward/2017,fe3eda888424,Goa|2017|gp_ward|South Goa|Canacona|Poinguinim|VIII|,1,Goa,2017,South Goa,Canacona,Poinguinim,gram_panchayat,VIII,,gp_ward,ward,NONE,NONE,sc_st_bc,1,Woman,Women,all_seats,seat,,,,,,,latin,local_elections,e0ae2676d62a-dirty,data/goa/2017/canacona.pdf,5,page,
goa/gp_ward/2017,14918d5bafdc,Goa|2017|gp_ward|South Goa|Canacona|Loliem­Polem|I|,1,Goa,2017,South Goa,Canacona,Loliem­Polem,gram_panchayat,I,,gp_ward,ward,NONE,NONE,sc_st_bc,0,Other than Woman,General,all_seats,seat,,,,,,,latin,local_elections,e0ae2676d62a-dirty,data/goa/2017/canacona.pdf,6,page,
goa/gp_ward/2017,4106bcafbea1,Goa|2017|gp_ward|South Goa|Canacona|Loliem­Polem|II|,1,Goa,2017,South Goa,Canacona,Loliem­Polem,gram_panchayat,II,,gp_ward,ward,NONE,NONE,sc_st_bc,0,Other than Woman,General,all_seats,seat,,,,,,,latin,local_elections,e0ae2676d62a-dirty,data/goa/2017/canacona.pdf,6,page,
goa/gp_ward/2017,a822672daf5d,Goa|2017|gp_ward|South Goa|Canacona|Loliem­Polem|III|,1,Goa,2017,South Goa,Canacona,Loliem­Polem,gram_panchayat,III,,gp_ward,ward,NONE,NONE,sc_st_bc,1,Woman,Women,all_seats,seat,,,,,,,latin,local_elections,e0ae2676d62a-dirty,data/goa/2017/canacona.pdf,6,page,
goa/gp_ward/2017,bfe233e699ac,Goa|2017|gp_ward|South Goa|Canacona|Loliem­Polem|IV|,1,Goa,2017,South Goa,Canacona,Loliem­Polem,gram_panchayat,IV,,gp_ward,ward,BC,BC,sc_st_bc,0,BC Other than Woman,OBC,all_seats,seat,,,,,,,latin,local_elections,e0ae2676d62a-dirty,data/goa/2017/canacona.pdf,6,page,
goa/gp_ward/2017,b460ceed7dd3,Goa|2017|gp_ward|South Goa|Canacona|Loliem­Polem|V|,1,Goa,2017,South Goa,Canacona,Loliem­Polem,gram_panchayat,V,,gp_ward,ward,NONE,NONE,sc_st_bc,1,Woman,Women,all_seats,seat,,,,,,,latin,local_elections,e0ae2676d62a-dirty,data/goa/2017/canacona.pdf,6,page,
goa/gp_ward/2017,5ded246df71c,Goa|2017|gp_ward|South Goa|Canacona|Loliem­Polem|VI|,1,Goa,2017,South Goa,Canacona,Loliem­Polem,gram_panchayat,VI,,gp_ward,ward,BC,BC,sc_st_bc,0,BC Other than Woman,OBC,all_seats,seat,,,,,,,latin,local_elections,e0ae2676d62a-dirty,data/goa/2017/canacona.pdf,6,page,
goa/gp_ward/2017,09602cd2f7d0,Goa|2017|gp_ward|South Goa|Canacona|Loliem­Polem|VII|,1,Goa,2017,South Goa,Canacona,Loliem­Polem,gram_panchayat,VII,,gp_ward,ward,NONE,NONE,sc_st_bc,0,Other than Woman,General,all_seats,seat,,,,,,,latin,local_elections,e0ae2676d62a-dirty,data/goa/2017/canacona.pdf,6,page,
goa/gp_ward/2017,4216cc64ec66,Goa|2017|gp_ward|South Goa|Canacona|Loliem­Polem|VIII|,1,Goa,2017,South Goa,Canacona,Loliem­Polem,gram_panchayat,VIII,,gp_ward,ward,NONE,NONE,sc_st_bc,1,Woman,Women,all_seats,seat,,,,,,,latin,local_elections,e0ae2676d62a-dirty,data/goa/2017/canacona.pdf,7,page,
goa/gp_ward/2017,a5a70b1f2a3f,Goa|2017|gp_ward|South Goa|Canacona|Loliem­Polem|IX|,1,Goa,2017,South Goa,Canacona,Loliem­Polem,gram_panchayat,IX,,gp_ward,ward,NONE,NONE,sc_st_bc,0,Other than Woman,General,all_seats,seat,,,,,,,latin,local_elections,e0ae2676d62a-dirty,data/goa/2017/canacona.pdf,7,page,
goa/gp_ward/2017,fd2b94c4e01e,Goa|2017|gp_ward|South Goa|Canacona|Gaondongrem|I|,1,Goa,2017,South Goa,Canacona,Gaondongrem,gram_panchayat,I,,gp_ward,ward,ST,ST,sc_st_bc,0,ST Other than Woman,ST,all_seats,seat,,,,,,,latin,local_elections,e0ae2676d62a-dirty,data/goa/2017/canacona.pdf,7,page,
goa/gp_ward/2017,e3efab0f3937,Goa|2017|gp_ward|South Goa|Canacona|Gaondongrem|II|,1,Goa,2017,South Goa,Canacona,Gaondongrem,gram_panchayat,II,,gp_ward,ward,NONE,NONE,sc_st_bc,0,Other than Woman,General,all_seats,seat,,,,,,,latin,local_elections,e0ae2676d62a-dirty,data/goa/2017/canacona.pdf,7,page,
goa/gp_ward/2017,fcce85ce3a0d,Goa|2017|gp_ward|South Goa|Canacona|Gaondongrem|III|,1,Goa,2017,South Goa,Canacona,Gaondongrem,gram_panchayat,III,,gp_ward,ward,NONE,NONE,sc_st_bc,1,Woman,Women,all_seats,seat,,,,,,,latin,local_elections,e0ae2676d62a-dirty,data/goa/2017/canacona.pdf,7,page,
goa/gp_ward/2017,803837a3fe7b,Goa|2017|gp_ward|South Goa|Canacona|Gaondongrem|IV|,1,Goa,2017,South Goa,Canacona,Gaondongrem,gram_panchayat,IV,,gp_ward,ward,NONE,NONE,sc_st_bc,0,Other than Woman,General,all_seats,seat,,,,,,,latin,local_elections,e0ae2676d62a-dirty,data/goa/2017/canacona.pdf,7,page,
goa/gp_ward/2017,19f4319b2c6d,Goa|2017|gp_ward|South Goa|Canacona|Gaondongrem|VII|,1,Goa,2017,South Goa,Canacona,Gaondongrem,gram_panchayat,VII,,gp_ward,ward,ST,ST,sc_st_bc,0,ST Other than Woman,ST,all_seats,seat,,,,,,,latin,local_elections,e0ae2676d62a-dirty,data/goa/2017/canacona.pdf,8,page,
goa/gp_ward/2017,bfa9e4c17168,Goa|2017|gp_ward|South Goa|Canacona|Gaondongrem|VIII|,1,Goa,2017,South Goa,Canacona,Gaondongrem,gram_panchayat,VIII,,gp_ward,ward,ST,ST,sc_st_bc,1,ST Woman,ST Women,all_seats,seat,,,,,,,latin,local_elections,e0ae2676d62a-dirty,data/goa/2017/canacona.pdf,8,page,
goa/gp_ward/2017,22e14bf5af34,Goa|2017|gp_ward|South Goa|Canacona|Gaondongrem|IX|,1,Goa,2017,South Goa,Canacona,Gaondongrem,gram_panchayat,IX,,gp_ward,ward,NONE,NONE,sc_st_bc,0,Other than Woman,General,all_seats,seat,,,,,,,latin,local_elections,e0ae2676d62a-dirty,data/goa/2017/canacona.pdf,8,page,
goa/gp_ward/2017,25068115fb5c,Goa|2017|gp_ward|South Goa|Canacona|Cotigao|I|,1,Goa,2017,South Goa,Canacona,Cotigao,gram_panchayat,I,,gp_ward,ward,ST,ST,sc_st_bc,0,ST Other than Woman,ST,all_seats,seat,,,,,,,latin,local_elections,e0ae2676d62a-dirty,data/goa/2017/canacona.pdf,8,page,
goa/gp_ward/2017,d80d593d4815,Goa|2017|gp_ward|South Goa|Canacona|Cotigao|II|,1,Goa,2017,South Goa,Canacona,Cotigao,gram_panchayat,II,,gp_ward,ward,ST,ST,sc_st_bc,0,ST Other than Woman,ST,all_seats,seat,,,,,,,latin,local_elections,e0ae2676d62a-dirty,data/goa/2017/canacona.pdf,8,page,
goa/gp_ward/2017,2abeaebc48ad,Goa|2017|gp_ward|South Goa|Canacona|Cotigao|III|,1,Goa,2017,South Goa,Canacona,Cotigao,gram_panchayat,III,,gp_ward,ward,ST,ST,sc_st_bc,1,ST Woman,ST Women,all_seats,seat,,,,,,,latin,local_elections,e0ae2676d62a-dirty,data/goa/2017/canacona.pdf,8,page,
goa/gp_ward/2017,19777c64a0d6,Goa|2017|gp_ward|South Goa|Canacona|Cotigao|IV|,1,Goa,2017,South Goa,Canacona,Cotigao,gram_panchayat,IV,,gp_ward,ward,NONE,NONE,sc_st_bc,1,Woman,Women,all_seats,seat,,,,,,,latin,local_elections,e0ae2676d62a-dirty,data/goa/2017/canacona.pdf,8,page,
goa/gp_ward/2017,87620a503ff1,Goa|2017|gp_ward|South Goa|Canacona|Cotigao|V|,1,Goa,2017,South Goa,Canacona,Cotigao,gram_panchayat,V,,gp_ward,ward,NONE,NONE,sc_st_bc,0,Other than Woman,General,all_seats,seat,,,,,,,latin,local_elections,e0ae2676d62a-dirty,data/goa/2017/canacona.pdf,9,page,
goa/gp_ward/2017,f4d374c79f41,Goa|2017|gp_ward|South Goa|Canacona|Cotigao|VI|,1,Goa,2017,South Goa,Canacona,Cotigao,gram_panchayat,VI,,gp_ward,ward,ST,ST,sc_st_bc,0,ST Other than Woman,ST,all_seats,seat,,,,,,,latin,local_elections,e0ae2676d62a-dirty,data/goa/2017/canacona.pdf,9,page,
goa/gp_ward/2017,f98db5652278,Goa|2017|gp_ward|South Goa|Canacona|Cotigao|VII|,1,Goa,2017,South Goa,Canacona,Cotigao,gram_panchayat,VII,,gp_ward,ward,ST,ST,sc_st_bc,0,ST Other than Woman,ST,all_seats,seat,,,,,,,latin,local_elections,e0ae2676d62a-dirty,data/goa/2017/canacona.pdf,9,page,
goa/gp_ward/2017,947ef1be79de,Goa|2017|gp_ward|South Goa|Mormugao|Sancoale|I|,1,Goa,2017,South Goa,Mormugao,Sancoale,gram_panchayat,I,,gp_ward,ward,NONE,NONE,sc_st_bc,1,Woman,Women,all_seats,seat,,,,,,,latin,local_elections,e0ae2676d62a-dirty,data/goa/2017/mormugao.pdf,1,page,
goa/gp_ward/2017,fcdcb9ffa6d5,Goa|2017|gp_ward|South Goa|Mormugao|Sancoale|III|,1,Goa,2017,South Goa,Mormugao,Sancoale,gram_panchayat,III,,gp_ward,ward,NONE,NONE,sc_st_bc,0,Other than Woman,General,all_seats,seat,,,,,,,latin,local_elections,e0ae2676d62a-dirty,data/goa/2017/mormugao.pdf,1,page,
goa/gp_ward/2017,ce9364727a2b,Goa|2017|gp_ward|South Goa|Mormugao|Sancoale|IV|,1,Goa,2017,South Goa,Mormugao,Sancoale,gram_panchayat,IV,,gp_ward,ward,BC,BC,sc_st_bc,0,BC Other than Woman,OBC,all_seats,seat,,,,,,,latin,local_elections,e0ae2676d62a-dirty,data/goa/2017/mormugao.pdf,1,page,
goa/gp_ward/2017,499a2ebab79d,Goa|2017|gp_ward|South Goa|Mormugao|Sancoale|VI|,1,Goa,2017,South Goa,Mormugao,Sancoale,gram_panchayat,VI,,gp_ward,ward,NONE,NONE,sc_st_bc,0,Other than Woman,General,all_seats,seat,,,,,,,latin,local_elections,e0ae2676d62a-dirty,data/goa/2017/mormugao.pdf,2,page,
goa/gp_ward/2017,2d5b6ac324ef,Goa|2017|gp_ward|South Goa|Mormugao|Sancoale|V|,1,Goa,2017,South Goa,Mormugao,Sancoale,gram_panchayat,V,,gp_ward,ward,NONE,NONE,sc_st_bc,1,Woman,Women,all_seats,seat,,,,,,,latin,local_elections,e0ae2676d62a-dirty,data/goa/2017/mormugao.pdf,2,page,
goa/gp_ward/2017,6b2bf1ca4ad2,Goa|2017|gp_ward|South Goa|Mormugao|Sancoale|VII|,1,Goa,2017,South Goa,Mormugao,Sancoale,gram_panchayat,VII,,gp_ward,ward,NONE,NONE,sc_st_bc,0,Other than Woman,General,all_seats,seat,,,,,,,latin,local_elections,e0ae2676d62a-dirty,data/goa/2017/mormugao.pdf,2,page,
goa/gp_ward/2017,38e3ed47b47e,Goa|2017|gp_ward|South Goa|Mormugao|Sancoale|VIII|,1,Goa,2017,South Goa,Mormugao,Sancoale,gram_panchayat,VIII,,gp_ward,ward,NONE,NONE,sc_st_bc,1,Woman,Women,all_seats,seat,,,,,,,latin,local_elections,e0ae2676d62a-dirty,data/goa/2017/mormugao.pdf,3,page,
goa/gp_ward/2017,2c3bb26eb8b9,Goa|2017|gp_ward|South Goa|Mormugao|Sancoale|IX|,1,Goa,2017,South Goa,Mormugao,Sancoale,gram_panchayat,IX,,gp_ward,ward,NONE,NONE,sc_st_bc,0,Other than Woman,General,all_seats,seat,,,,,,,latin,local_elections,e0ae2676d62a-dirty,data/goa/2017/mormugao.pdf,3,page,
goa/gp_ward/2017,af8693f27e26,Goa|2017|gp_ward|South Goa|Mormugao|Sancoale|X|,1,Goa,2017,South Goa,Mormugao,Sancoale,gram_panchayat,X,,gp_ward,ward,NONE,NONE,sc_st_bc,0,Other than Woman,General,all_seats,seat,,,,,,,latin,local_elections,e0ae2676d62a-dirty,data/goa/2017/mormugao.pdf,3,page,
goa/gp_ward/2017,f4cb0bb09a19,Goa|2017|gp_ward|South Goa|Mormugao|Sancoale|XI|,1,Goa,2017,South Goa,Mormugao,Sancoale,gram_panchayat,XI,,gp_ward,ward,NONE,NONE,sc_st_bc,0,Other than Woman,General,all_seats,seat,,,,,,,latin,local_elections,e0ae2676d62a-dirty,data/goa/2017/mormugao.pdf,4,page,
goa/gp_ward/2017,bd6555f59911,Goa|2017|gp_ward|South Goa|Mormugao|Chicalim|I|,1,Goa,2017,South Goa,Mormugao,Chicalim,gram_panchayat,I,,gp_ward,ward,NONE,NONE,sc_st_bc,1,Woman,Women,all_seats,seat,,,,,,,latin,local_elections,e0ae2676d62a-dirty,data/goa/2017/mormugao.pdf,4,page,
goa/gp_ward/2017,08abf91656a1,Goa|2017|gp_ward|South Goa|Mormugao|Chicalim|III|,1,Goa,2017,South Goa,Mormugao,Chicalim,gram_panchayat,III,,gp_ward,ward,NONE,NONE,sc_st_bc,0,Other than Woman,General,all_seats,seat,,,,,,,latin,local_elections,e0ae2676d62a-dirty,data/goa/2017/mormugao.pdf,4,page,
goa/gp_ward/2017,06953e156f80,Goa|2017|gp_ward|South Goa|Mormugao|Chicalim|IV|,1,Goa,2017,South Goa,Mormugao,Chicalim,gram_panchayat,IV,,gp_ward,ward,NONE,NONE,sc_st_bc,0,Other than Woman,General,all_seats,seat,,,,,,,latin,local_elections,e0ae2676d62a-dirty,data/goa/2017/mormugao.pdf,5,page,
goa/gp_ward/2017,118526d665ac,Goa|2017|gp_ward|South Goa|Mormugao|Chicalim|V|,1,Goa,2017,South Goa,Mormugao,Chicalim,gram_panchayat,V,,gp_ward,ward,NONE,NONE,sc_st_bc,1,Woman,Women,all_seats,seat,,,,,,,latin,local_elections,e0ae2676d62a-dirty,data/goa/2017/mormugao.pdf,5,page,
goa/gp_ward/2017,a37a8e5393d4,Goa|2017|gp_ward|South Goa|Mormugao|Chicalim|VI|,1,Goa,2017,South Goa,Mormugao,Chicalim,gram_panchayat,VI,,gp_ward,ward,NONE,NONE,sc_st_bc,0,Other than Woman,General,all_seats,seat,,,,,,,latin,local_elections,e0ae2676d62a-dirty,data/goa/2017/mormugao.pdf,5,page,
goa/gp_ward/2017,ec8f1c20eacd,Goa|2017|gp_ward|South Goa|Mormugao|Chicalim|VII|,1,Goa,2017,South Goa,Mormugao,Chicalim,gram_panchayat,VII,,gp_ward,ward,BC,BC,sc_st_bc,0,BC Other than Woman,OBC,all_seats,seat,,,,,,,latin,local_elections,e0ae2676d62a-dirty,data/goa/2017/mormugao.pdf,5,page,
goa/gp_ward/2017,3dc7db6e032a,Goa|2017|gp_ward|South Goa|Mormugao|Chicalim|VIII|,1,Goa,2017,South Goa,Mormugao,Chicalim,gram_panchayat,VIII,,gp_ward,ward,NONE,NONE,sc_st_bc,1,Woman,Women,all_seats,seat,,,,,,,latin,local_elections,e0ae2676d62a-dirty,data/goa/2017/mormugao.pdf,5,page,
goa/gp_ward/2017,71938da3b8ff,Goa|2017|gp_ward|South Goa|Mormugao|Chicalim|IX|,1,Goa,2017,South Goa,Mormugao,Chicalim,gram_panchayat,IX,,gp_ward,ward,BC,BC,sc_st_bc,0,BC Other than Woman,OBC,all_seats,seat,,,,,,,latin,local_elections,e0ae2676d62a-dirty,data/goa/2017/mormugao.pdf,5,page,
goa/gp_ward/2017,4203e2fc430d,Goa|2017|gp_ward|South Goa|Mormugao|Chicalim|X|,1,Goa,2017,South Goa,Mormugao,Chicalim,gram_panchayat,X,,gp_ward,ward,NONE,NONE,sc_st_bc,0,Other than Woman,General,all_seats,seat,,,,,,,latin,local_elections,e0ae2676d62a-dirty,data/goa/2017/mormugao.pdf,5,page,
goa/gp_ward/2017,a857a1d5fc85,Goa|2017|gp_ward|South Goa|Mormugao|Chicalim|XI|,1,Goa,2017,South Goa,Mormugao,Chicalim,gram_panchayat,XI,,gp_ward,ward,NONE,NONE,sc_st_bc,0,Other than Woman,General,all_seats,seat,,,,,,,latin,local_elections,e0ae2676d62a-dirty,data/goa/2017/mormugao.pdf,5,page,
goa/gp_ward/2017,f3ee1d67f67c,Goa|2017|gp_ward|South Goa|Mormugao|Cortalim|I|,1,Goa,2017,South Goa,Mormugao,Cortalim,gram_panchayat,I,,gp_ward,ward,NONE,NONE,sc_st_bc,1,Woman,Women,all_seats,seat,,,,,,,latin,local_elections,e0ae2676d62a-dirty,data/goa/2017/mormugao.pdf,6,page,
goa/gp_ward/2017,69bfdd14e572,Goa|2017|gp_ward|South Goa|Mormugao|Cortalim|II|,1,Goa,2017,South Goa,Mormugao,Cortalim,gram_panchayat,II,,gp_ward,ward,NONE,NONE,sc_st_bc,1,Woman,Women,all_seats,seat,,,,,,,latin,local_elections,e0ae2676d62a-dirty,data/goa/2017/mormugao.pdf,6,page,
goa/gp_ward/2017,a424081bbc08,Goa|2017|gp_ward|South Goa|Mormugao|Cortalim|III|,1,Goa,2017,South Goa,Mormugao,Cortalim,gram_panchayat,III,,gp_ward,ward,NONE,NONE,sc_st_bc,0,Other than Woman,General,all_seats,seat,,,,,,,latin,local_elections,e0ae2676d62a-dirty,data/goa/2017/mormugao.pdf,6,page,
goa/gp_ward/2017,af2d300cc43d,Goa|2017|gp_ward|South Goa|Mormugao|Cortalim|IV|,1,Goa,2017,South Goa,Mormugao,Cortalim,gram_panchayat,IV,,gp_ward,ward,NONE,NONE,sc_st_bc,0,Other than Woman,General,all_seats,seat,,,,,,,latin,local_elections,e0ae2676d62a-dirty,data/goa/2017/mormugao.pdf,6,page,
goa/gp_ward/2017,b411bcae6f84,Goa|2017|gp_ward|South Goa|Mormugao|Cortalim|V|,1,Goa,2017,South Goa,Mormugao,Cortalim,gram_panchayat,V,,gp_ward,ward,NONE,NONE,sc_st_bc,1,Woman,Women,all_seats,seat,,,,,,,latin,local_elections,e0ae2676d62a-dirty,data/goa/2017/mormugao.pdf,6,page,
goa/gp_ward/2017,7e2a056f9a7d,Goa|2017|gp_ward|South Goa|Mormugao|Cortalim|VI|,1,Goa,2017,South Goa,Mormugao,Cortalim,gram_panchayat,VI,,gp_ward,ward,ST,ST,sc_st_bc,0,ST Other than Woman,ST,all_seats,seat,,,,,,,latin,local_elections,e0ae2676d62a-dirty,data/goa/2017/mormugao.pdf,6,page,
goa/gp_ward/2017,be64ac04f492,Goa|2017|gp_ward|South Goa|Mormugao|Cortalim|VII|,1,Goa,2017,South Goa,Mormugao,Cortalim,gram_panchayat,VII,,gp_ward,ward,ST,ST,sc_st_bc,0,ST Other than Woman,ST,all_seats,seat,,,,,,,latin,local_elections,e0ae2676d62a-dirty,data/goa/2017/mormugao.pdf,7,page,
goa/gp_ward/2017,ab4430be260c,Goa|2017|gp_ward|South Goa|Mormugao|Cortalim|VIII|,1,Goa,2017,South Goa,Mormugao,Cortalim,gram_panchayat,VIII,,gp_ward,ward,NONE,NONE,sc_st_bc,1,Woman,Women,all_seats,seat,,,,,,,latin,local_elections,e0ae2676d62a-dirty,data/goa/2017/mormugao.pdf,7,page,
goa/gp_ward/2017,658e18b21042,Goa|2017|gp_ward|South Goa|Mormugao|Cortalim|IX|,1,Goa,2017,South Goa,Mormugao,Cortalim,gram_panchayat,IX,,gp_ward,ward,BC,BC,sc_st_bc,0,BC Other than Woman,OBC,all_seats,seat,,,,,,,latin,local_elections,e0ae2676d62a-dirty,data/goa/2017/mormugao.pdf,7,page,
goa/gp_ward/2017,ff712d6c6f30,Goa|2017|gp_ward|South Goa|Mormugao|Cortalim|X|,1,Goa,2017,South Goa,Mormugao,Cortalim,gram_panchayat,X,,gp_ward,ward,BC,BC,sc_st_bc,0,BC Other than Woman,OBC,all_seats,seat,,,,,,,latin,local_elections,e0ae2676d62a-dirty,data/goa/2017/mormugao.pdf,7,page,
goa/gp_ward/2017,9d4e4c0731da,Goa|2017|gp_ward|South Goa|Mormugao|Cortalim|XI|,1,Goa,2017,South Goa,Mormugao,Cortalim,gram_panchayat,XI,,gp_ward,ward,ST,ST,sc_st_bc,0,ST Other than Woman,ST,all_seats,seat,,,,,,,latin,local_elections,e0ae2676d62a-dirty,data/goa/2017/mormugao.pdf,7,page,
goa/gp_ward/2017,88b95f3f7ba1,Goa|2017|gp_ward|South Goa|Mormugao|Arossim­|I|,1,Goa,2017,South Goa,Mormugao,Arossim­,gram_panchayat,I,,gp_ward,ward,NONE,NONE,sc_st_bc,0,Other than Woman,General,all_seats,seat,,,,,,,latin,local_elections,e0ae2676d62a-dirty,data/goa/2017/mormugao.pdf,7,page,
goa/gp_ward/2017,ed352a3f28c8,Goa|2017|gp_ward|South Goa|Mormugao|Arossim­|II|,1,Goa,2017,South Goa,Mormugao,Arossim­,gram_panchayat,II,,gp_ward,ward,NONE,NONE,sc_st_bc,0,Other than Woman,General,all_seats,seat,,,,,,,latin,local_elections,e0ae2676d62a-dirty,data/goa/2017/mormugao.pdf,7,page,
goa/gp_ward/2017,2bd4905f2d9c,Goa|2017|gp_ward|South Goa|Mormugao|Arossim­|IV|,1,Goa,2017,South Goa,Mormugao,Arossim­,gram_panchayat,IV,,gp_ward,ward,NONE,NONE,sc_st_bc,0,Other than Woman,General,all_seats,seat,,,,,,,latin,local_elections,e0ae2676d62a-dirty,data/goa/2017/mormugao.pdf,8,page,
goa/gp_ward/2017,fb3ceef0a56e,Goa|2017|gp_ward|South Goa|Mormugao|Arossim­|V|,1,Goa,2017,South Goa,Mormugao,Arossim­,gram_panchayat,V,,gp_ward,ward,NONE,NONE,sc_st_bc,1,Woman,Women,all_seats,seat,,,,,,,latin,local_elections,e0ae2676d62a-dirty,data/goa/2017/mormugao.pdf,8,page,
goa/gp_ward/2017,79540f2f7bab,Goa|2017|gp_ward|South Goa|Mormugao|Arossim­|VI|,1,Goa,2017,South Goa,Mormugao,Arossim­,gram_panchayat,VI,,gp_ward,ward,NONE,NONE,sc_st_bc,0,Other than Woman,General,all_seats,seat,,,,,,,latin,local_elections,e0ae2676d62a-dirty,data/goa/2017/mormugao.pdf,8,page,
goa/gp_ward/2017,fd413084c1bc,Goa|2017|gp_ward|South Goa|Mormugao|Arossim­|VII|,1,Goa,2017,South Goa,Mormugao,Arossim­,gram_panchayat,VII,,gp_ward,ward,NONE,NONE,sc_st_bc,0,Other than Woman,General,all_seats,seat,,,,,,,latin,local_elections,e0ae2676d62a-dirty,data/goa/2017/mormugao.pdf,8,page,
goa/gp_ward/2017,cf6a08855b5c,Goa|2017|gp_ward|South Goa|Mormugao|Arossim­|VIII|,1,Goa,2017,South Goa,Mormugao,Arossim­,gram_panchayat,VIII,,gp_ward,ward,NONE,NONE,sc_st_bc,1,Woman,Women,all_seats,seat,,,,,,,latin,local_elections,e0ae2676d62a-dirty,data/goa/2017/mormugao.pdf,8,page,
goa/gp_ward/2017,2dcb0aa4f71b,Goa|2017|gp_ward|South Goa|Mormugao|Arossim­|IX|,1,Goa,2017,South Goa,Mormugao,Arossim­,gram_panchayat,IX,,gp_ward,ward,NONE,NONE,sc_st_bc,0,Other than Woman,General,all_seats,seat,,,,,,,latin,local_elections,e0ae2676d62a-dirty,data/goa/2017/mormugao.pdf,8,page,
goa/gp_ward/2017,134ecde34cc5,Goa|2017|gp_ward|South Goa|Mormugao|Issorcim|II|,1,Goa,2017,South Goa,Mormugao,Issorcim,gram_panchayat,II,,gp_ward,ward,NONE,NONE,sc_st_bc,0,Other than Woman,General,all_seats,seat,,,,,,,latin,local_elections,e0ae2676d62a-dirty,data/goa/2017/mormugao.pdf,9,page,
goa/gp_ward/2017,db04f3937830,Goa|2017|gp_ward|South Goa|Mormugao|Issorcim|III|,1,Goa,2017,South Goa,Mormugao,Issorcim,gram_panchayat,III,,gp_ward,ward,NONE,NONE,sc_st_bc,1,Woman,Women,all_seats,seat,,,,,,,latin,local_elections,e0ae2676d62a-dirty,data/goa/2017/mormugao.pdf,9,page,
goa/gp_ward/2017,15c9415ea8b4,Goa|2017|gp_ward|South Goa|Mormugao|Issorcim|IV|,1,Goa,2017,South Goa,Mormugao,Issorcim,gram_panchayat,IV,,gp_ward,ward,NONE,NONE,sc_st_bc,1,Woman,Women,all_seats,seat,,,,,,,latin,local_elections,e0ae2676d62a-dirty,data/goa/2017/mormugao.pdf,9,page,
goa/gp_ward/2017,9ddfb23380c3,Goa|2017|gp_ward|South Goa|Mormugao|Issorcim|V|,1,Goa,2017,South Goa,Mormugao,Issorcim,gram_panchayat,V,,gp_ward,ward,ST,ST,sc_st_bc,0,ST Other than Woman,ST,all_seats,seat,,,,,,,latin,local_elections,e0ae2676d62a-dirty,data/goa/2017/mormugao.pdf,9,page,
goa/gp_ward/2017,aee97661d97c,Goa|2017|gp_ward|South Goa|Mormugao|Velsao­Pale­|VI|,1,Goa,2017,South Goa,Mormugao,Velsao­Pale­,gram_panchayat,VI,,gp_ward,ward,BC,BC,sc_st_bc,0,BC Other than Woman,OBC,all_seats,seat,,,,,,,latin,local_elections,e0ae2676d62a-dirty,data/goa/2017/mormugao.pdf,9,page,
goa/gp_ward/2017,81e0e4782436,Goa|2017|gp_ward|South Goa|Mormugao|Velsao­Pale­|VII|,1,Goa,2017,South Goa,Mormugao,Velsao­Pale­,gram_panchayat,VII,,gp_ward,ward,NONE,NONE,sc_st_bc,0,Other than Woman,General,all_seats,seat,,,,,,,latin,local_elections,e0ae2676d62a-dirty,data/goa/2017/mormugao.pdf,9,page,
goa/gp_ward/2017,985cd2abb657,Goa|2017|gp_ward|South Goa|Mormugao|Chicolna­|I|,1,Goa,2017,South Goa,Mormugao,Chicolna­,gram_panchayat,I,,gp_ward,ward,ST,ST,sc_st_bc,0,ST Other than Woman,ST,all_seats,seat,,,,,,,latin,local_elections,e0ae2676d62a-dirty,data/goa/2017/mormugao.pdf,10,page,
goa/gp_ward/2017,871b74c22847,Goa|2017|gp_ward|South Goa|Mormugao|Chicolna­|II|,1,Goa,2017,South Goa,Mormugao,Chicolna­,gram_panchayat,II,,gp_ward,ward,NONE,NONE,sc_st_bc,0,Other than Woman,General,all_seats,seat,,,,,,,latin,local_elections,e0ae2676d62a-dirty,data/goa/2017/mormugao.pdf,10,page,
goa/gp_ward/2017,b6dd2bcda7a7,Goa|2017|gp_ward|South Goa|Mormugao|Chicolna­|III|,1,Goa,2017,South Goa,Mormugao,Chicolna­,gram_panchayat,III,,gp_ward,ward,NONE,NONE,sc_st_bc,1,Woman,Women,all_seats,seat,,,,,,,latin,local_elections,e0ae2676d62a-dirty,data/goa/2017/mormugao.pdf,10,page,
goa/gp_ward/2017,37dae83af367,Goa|2017|gp_ward|South Goa|Mormugao|Chicolna­|IV|,1,Goa,2017,South Goa,Mormugao,Chicolna­,gram_panchayat,IV,,gp_ward,ward,NONE,NONE,sc_st_bc,1,Woman,Women,all_seats,seat,,,,,,,latin,local_elections,e0ae2676d62a-dirty,data/goa/2017/mormugao.pdf,10,page,
goa/gp_ward/2017,c3c9b68b3f91,Goa|2017|gp_ward|South Goa|Mormugao|Chicolna­|V|,1,Goa,2017,South Goa,Mormugao,Chicolna­,gram_panchayat,V,,gp_ward,ward,NONE,NONE,sc_st_bc,0,Other than Woman,General,all_seats,seat,,,,,,,latin,local_elections,e0ae2676d62a-dirty,data/goa/2017/mormugao.pdf,10,page,
goa/gp_ward/2017,d3abef5a2455,Goa|2017|gp_ward|South Goa|Mormugao|Chicolna­|VI|,1,Goa,2017,South Goa,Mormugao,Chicolna­,gram_panchayat,VI,,gp_ward,ward,NONE,NONE,sc_st_bc,0,Other than Woman,General,all_seats,seat,,,,,,,latin,local_elections,e0ae2676d62a-dirty,data/goa/2017/mormugao.pdf,10,page,
goa/gp_ward/2017,4a1569dd1f70,Goa|2017|gp_ward|South Goa|Mormugao|Chicolna­|VII|,1,Goa,2017,South Goa,Mormugao,Chicolna­,gram_panchayat,VII,,gp_ward,ward,NONE,NONE,sc_st_bc,0,Other than Woman,General,all_seats,seat,,,,,,,latin,local_elections,e0ae2676d62a-dirty,data/goa/2017/mormugao.pdf,10,page,
goa/gp_ward/2017,caff67221d8d,Goa|2017|gp_ward|South Goa|Mormugao|Quelossim|I|,1,Goa,2017,South Goa,Mormugao,Quelossim,gram_panchayat,I,,gp_ward,ward,BC,BC,sc_st_bc,0,BC Other than Woman,OBC,all_seats,seat,,,,,,,latin,local_elections,e0ae2676d62a-dirty,data/goa/2017/mormugao.pdf,10,page,
goa/gp_ward/2017,ad9305b26b88,Goa|2017|gp_ward|South Goa|Mormugao|Quelossim|IV|,1,Goa,2017,South Goa,Mormugao,Quelossim,gram_panchayat,IV,,gp_ward,ward,NONE,NONE,sc_st_bc,1,Woman,Women,all_seats,seat,,,,,,,latin,local_elections,e0ae2676d62a-dirty,data/goa/2017/mormugao.pdf,11,page,
goa/gp_ward/2017,3ef390369de0,Goa|2017|gp_ward|South Goa|Mormugao|Quelossim|V|,1,Goa,2017,South Goa,Mormugao,Quelossim,gram_panchayat,V,,gp_ward,ward,NONE,NONE,sc_st_bc,0,Other than Woman,General,all_seats,seat,,,,,,,latin,local_elections,e0ae2676d62a-dirty,data/goa/2017/mormugao.pdf,11,page,
goa/gp_ward/2017,af603e1dd5d8,Goa|2017|gp_ward|South Goa|Mormugao|Quelossim|VI|,1,Goa,2017,South Goa,Mormugao,Quelossim,gram_panchayat,VI,,gp_ward,ward,NONE,NONE,sc_st_bc,0,Other than Woman,General,all_seats,seat,,,,,,,latin,local_elections,e0ae2676d62a-dirty,data/goa/2017/mormugao.pdf,11,page,
goa/gp_ward/2017,c9b225ae77d2,Goa|2017|gp_ward|South Goa|Mormugao|Quelossim|VII|,1,Goa,2017,South Goa,Mormugao,Quelossim,gram_panchayat,VII,,gp_ward,ward,ST,ST,sc_st_bc,0,ST Other than Woman,ST,all_seats,seat,,,,,,,latin,local_elections,e0ae2676d62a-dirty,data/goa/2017/mormugao.pdf,11,page,
goa/gp_ward/2017,782be5de9f85,Goa|2017|gp_ward|North Goa|Pernem|Dhargalim|I|,1,Goa,2017,North Goa,Pernem,Dhargalim,gram_panchayat,I,,gp_ward,ward,NONE,NONE,sc_st_bc,0,Other than Woman,General,all_seats,seat,,,,,,,latin,local_elections,e0ae2676d62a-dirty,data/goa/2017/pernem.pdf,13,page,
goa/gp_ward/2017,acf5eb4dd143,Goa|2017|gp_ward|North Goa|Pernem|Tuem|I|,1,Goa,2017,North Goa,Pernem,Tuem,gram_panchayat,I,,gp_ward,ward,BC,BC,sc_st_bc,0,BC Other than Woman,OBC,all_seats,seat,,,,,,,latin,local_elections,e0ae2676d62a-dirty,data/goa/2017/pernem.pdf,15,page,
goa/gp_ward/2017,958e525f4cba,Goa|2017|gp_ward|North Goa|Pernem|Tuem|VII|,1,Goa,2017,North Goa,Pernem,Tuem,gram_panchayat,VII,,gp_ward,ward,SC,SC,sc_st_bc,0,SC Other than Woman,SC,all_seats,seat,,,,,,,latin,local_elections,e0ae2676d62a-dirty,data/goa/2017/pernem.pdf,15,page,
goa/gp_ward/2017,f3a22cca87cf,Goa|2017|gp_ward|North Goa|Pernem|Casne­Amberem­|I|,1,Goa,2017,North Goa,Pernem,Casne­Amberem­,gram_panchayat,I,,gp_ward,ward,BC,BC,sc_st_bc,0,BC Other than Woman,OBC,all_seats,seat,,,,,,,latin,local_elections,e0ae2676d62a-dirty,data/goa/2017/pernem.pdf,17,page,
goa/gp_ward/2017,8d8db42627ca,Goa|2017|gp_ward|North Goa|Pernem|Tamboxem­Mopa­|I|,1,Goa,2017,North Goa,Pernem,Tamboxem­Mopa­,gram_panchayat,I,,gp_ward,ward,NONE,NONE,sc_st_bc,0,Other than Woman,General,all_seats,seat,,,,,,,latin,local_elections,e0ae2676d62a-dirty,data/goa/2017/pernem.pdf,18,page,
goa/gp_ward/2017,2c387e0dbcab,Goa|2017|gp_ward|North Goa|Pernem|Torxem|I|,1,Goa,2017,North Goa,Pernem,Torxem,gram_panchayat,I,,gp_ward,ward,NONE,NONE,sc_st_bc,0,Other than Woman,General,all_seats,seat,,,,,,,latin,local_elections,e0ae2676d62a-dirty,data/goa/2017/pernem.pdf,19,page,
goa/gp_ward/2017,83133e92f682,Goa|2017|gp_ward|North Goa|Pernem|Ibrampur­Hankhane|I|,1,Goa,2017,North Goa,Pernem,Ibrampur­Hankhane,gram_panchayat,I,,gp_ward,ward,BC,BC,sc_st_bc,0,BC Other than Woman,OBC,all_seats,seat,,,,,,,latin,local_elections,e0ae2676d62a-dirty,data/goa/2017/pernem.pdf,20,page,
goa/gp_ward/2017,0ae8b6e763ed,Goa|2017|gp_ward|North Goa|Pernem|Ibrampur­Hankhane|VII|,1,Goa,2017,North Goa,Pernem,Ibrampur­Hankhane,gram_panchayat,VII,,gp_ward,ward,NONE,NONE,sc_st_bc,0,Other than Woman,General,all_seats,seat,,,,,,,latin,local_elections,e0ae2676d62a-dirty,data/goa/2017/pernem.pdf,20,page,
goa/gp_ward/2017,597b1454f328,Goa|2017|gp_ward|North Goa|Pernem|Ozarim|I|,1,Goa,2017,North Goa,Pernem,Ozarim,gram_panchayat,I,,gp_ward,ward,NONE,NONE,sc_st_bc,1,Woman,Women,all_seats,seat,,,,,,,latin,local_elections,e0ae2676d62a-dirty,data/goa/2017/pernem.pdf,20,page,
goa/gp_ward/2017,55fedfe245e1,Goa|2017|gp_ward|North Goa|Pernem|Ozarim|III|,1,Goa,2017,North Goa,Pernem,Ozarim,gram_panchayat,III,,gp_ward,ward,NONE,NONE,sc_st_bc,1,Woman,Women,all_seats,seat,,,,,,,latin,local_elections,e0ae2676d62a-dirty,data/goa/2017/pernem.pdf,20,page,
goa/gp_ward/2017,624ed24010fc,Goa|2017|gp_ward|North Goa|Pernem|Varkhand­Nagzar|I|,1,Goa,2017,North Goa,Pernem,Varkhand­Nagzar,gram_panchayat,I,,gp_ward,ward,NONE,NONE,sc_st_bc,0,Other than Woman,General,all_seats,seat,,,,,,,latin,local_elections,e0ae2676d62a-dirty,data/goa/2017/pernem.pdf,21,page,
goa/gp_ward/2017,0bf189519c0b,Goa|2017|gp_ward|North Goa|Pernem|Varkhand­Nagzar|III|,1,Goa,2017,North Goa,Pernem,Varkhand­Nagzar,gram_panchayat,III,,gp_ward,ward,NONE,NONE,sc_st_bc,1,Woman,Women,all_seats,seat,,,,,,,latin,local_elections,e0ae2676d62a-dirty,data/goa/2017/pernem.pdf,21,page,
goa/gp_ward/2017,2c28f7967834,Goa|2017|gp_ward|South Goa|Quepem|Balli­Adnem|I|,1,Goa,2017,South Goa,Quepem,Balli­Adnem,gram_panchayat,I,,gp_ward,ward,ST,ST,sc_st_bc,0,ST Other than Woman,ST,all_seats,seat,,,,,,,latin,local_elections,e0ae2676d62a-dirty,data/goa/2017/quepem.pdf,1,page,
goa/gp_ward/2017,3aec0991a344,Goa|2017|gp_ward|South Goa|Quepem|Balli­Adnem|II|,1,Goa,2017,South Goa,Quepem,Balli­Adnem,gram_panchayat,II,,gp_ward,ward,ST,ST,sc_st_bc,0,ST Other than Woman,ST,all_seats,seat,,,,,,,latin,local_elections,e0ae2676d62a-dirty,data/goa/2017/quepem.pdf,1,page,
goa/gp_ward/2017,b366dff1c154,Goa|2017|gp_ward|South Goa|Quepem|Balli­Adnem|III|,1,Goa,2017,South Goa,Quepem,Balli­Adnem,gram_panchayat,III,,gp_ward,ward,NONE,NONE,sc_st_bc,1,Woman,Women,all_seats,seat,,,,,,,latin,local_elections,e0ae2676d62a-dirty,data/goa/2017/quepem.pdf,1,page,
goa/gp_ward/2017,bb40fd146fdb,Goa|2017|gp_ward|South Goa|Quepem|Balli­Adnem|IV|,1,Goa,2017,South Goa,Quepem,Balli­Adnem,gram_panchayat,IV,,gp_ward,ward,BC,BC,sc_st_bc,0,BC Other than Woman,OBC,all_seats,seat,,,,,,,latin,local_elections,e0ae2676d62a-dirty,data/goa/2017/quepem.pdf,1,page,
goa/gp_ward/2017,33a4af36c4d1,Goa|2017|gp_ward|South Goa|Quepem|Balli­Adnem|V|,1,Goa,2017,South Goa,Quepem,Balli­Adnem,gram_panchayat,V,,gp_ward,ward,NONE,NONE,sc_st_bc,1,Woman,Women,all_seats,seat,,,,,,,latin,local_elections,e0ae2676d62a-dirty,data/goa/2017/quepem.pdf,1,page,
goa/gp_ward/2017,fccd1def2ff4,Goa|2017|gp_ward|South Goa|Quepem|Balli­Adnem|VI|,1,Goa,2017,South Goa,Quepem,Balli­Adnem,gram_panchayat,VI,,gp_ward,ward,BC,BC,sc_st_bc,0,BC Other than Woman,OBC,all_seats,seat,,,,,,,latin,local_elections,e0ae2676d62a-dirty,data/goa/2017/quepem.pdf,2,page,
goa/gp_ward/2017,f89e2d2ea618,Goa|2017|gp_ward|South Goa|Quepem|Balli­Adnem|VII|,1,Goa,2017,South Goa,Quepem,Balli­Adnem,gram_panchayat,VII,,gp_ward,ward,NONE,NONE,sc_st_bc,0,Other than Woman,General,all_seats,seat,,,,,,,latin,local_elections,e0ae2676d62a-dirty,data/goa/2017/quepem.pdf,2,page,
goa/gp_ward/2017,8f61223ae787,Goa|2017|gp_ward|South Goa|Quepem|Balli­Adnem|VIII|,1,Goa,2017,South Goa,Quepem,Balli­Adnem,gram_panchayat,VIII,,gp_ward,ward,NONE,NONE,sc_st_bc,1,Woman,Women,all_seats,seat,,,,,,,latin,local_elections,e0ae2676d62a-dirty,data/goa/2017/quepem.pdf,2,page,
goa/gp_ward/2017,c8129f0b8546,Goa|2017|gp_ward|South Goa|Quepem|Balli­Adnem|IX|,1,Goa,2017,South Goa,Quepem,Balli­Adnem,gram_panchayat,IX,,gp_ward,ward,NONE,NONE,sc_st_bc,0,Other than Woman,General,all_seats,seat,,,,,,,latin,local_elections,e0ae2676d62a-dirty,data/goa/2017/quepem.pdf,2,page,
goa/gp_ward/2017,27733fc4a181,Goa|2017|gp_ward|South Goa|Quepem|Ambaulim|I|,1,Goa,2017,South Goa,Quepem,Ambaulim,gram_panchayat,I,,gp_ward,ward,NONE,NONE,sc_st_bc,0,Other than Woman,General,all_seats,seat,,,,,,,latin,local_elections,e0ae2676d62a-dirty,data/goa/2017/quepem.pdf,2,page,
goa/gp_ward/2017,3c32adfc6d92,Goa|2017|gp_ward|South Goa|Quepem|Ambaulim|II|,1,Goa,2017,South Goa,Quepem,Ambaulim,gram_panchayat,II,,gp_ward,ward,NONE,NONE,sc_st_bc,0,Other than Woman,General,all_seats,seat,,,,,,,latin,local_elections,e0ae2676d62a-dirty,data/goa/2017/quepem.pdf,2,page,
goa/gp_ward/2017,944ad99d2adf,Goa|2017|gp_ward|South Goa|Quepem|Ambaulim|V|,1,Goa,2017,South Goa,Quepem,Ambaulim,gram_panchayat,V,,gp_ward,ward,NONE,NONE,sc_st_bc,0,Other than Woman,General,all_seats,seat,,,,,,,latin,local_elections,e0ae2676d62a-dirty,data/goa/2017/quepem.pdf,3,page,
goa/gp_ward/2017,1e834633ce55,Goa|2017|gp_ward|South Goa|Quepem|Ambaulim|VI|,1,Goa,2017,South Goa,Quepem,Ambaulim,gram_panchayat,VI,,gp_ward,ward,ST,ST,sc_st_bc,0,ST Other than Woman,ST,all_seats,seat,,,,,,,latin,local_elections,e0ae2676d62a-dirty,data/goa/2017/quepem.pdf,3,page,
goa/gp_ward/2017,87ef124d3264,Goa|2017|gp_ward|South Goa|Quepem|Ambaulim|VII|,1,Goa,2017,South Goa,Quepem,Ambaulim,gram_panchayat,VII,,gp_ward,ward,ST,ST,sc_st_bc,0,ST Other than Woman,ST,all_seats,seat,,,,,,,latin,local_elections,e0ae2676d62a-dirty,data/goa/2017/quepem.pdf,3,page,
goa/gp_ward/2017,08ff02863417,Goa|2017|gp_ward|South Goa|Quepem|Xeldem|I|,1,Goa,2017,South Goa,Quepem,Xeldem,gram_panchayat,I,,gp_ward,ward,BC,BC,sc_st_bc,0,BC Other than Woman,OBC,all_seats,seat,,,,,,,latin,local_elections,e0ae2676d62a-dirty,data/goa/2017/quepem.pdf,3,page,
goa/gp_ward/2017,c5f84280ba0f,Goa|2017|gp_ward|South Goa|Quepem|Xeldem|II|,1,Goa,2017,South Goa,Quepem,Xeldem,gram_panchayat,II,,gp_ward,ward,NONE,NONE,sc_st_bc,0,Other than Woman,General,all_seats,seat,,,,,,,latin,local_elections,e0ae2676d62a-dirty,data/goa/2017/quepem.pdf,3,page,
goa/gp_ward/2017,0780b441e3bb,Goa|2017|gp_ward|South Goa|Quepem|Xeldem|III|,1,Goa,2017,South Goa,Quepem,Xeldem,gram_panchayat,III,,gp_ward,ward,NONE,NONE,sc_st_bc,1,Woman,Women,all_seats,seat,,,,,,,latin,local_elections,e0ae2676d62a-dirty,data/goa/2017/quepem.pdf,3,page,
goa/gp_ward/2017,48f7361a3ceb,Goa|2017|gp_ward|South Goa|Quepem|Xeldem|IV|,1,Goa,2017,South Goa,Quepem,Xeldem,gram_panchayat,IV,,gp_ward,ward,BC,BC,sc_st_bc,0,BC Other than Woman,OBC,all_seats,seat,,,,,,,latin,local_elections,e0ae2676d62a-dirty,data/goa/2017/quepem.pdf,4,page,
goa/gp_ward/2017,42ba25f2f3e4,Goa|2017|gp_ward|South Goa|Quepem|Xeldem|V|,1,Goa,2017,South Goa,Quepem,Xeldem,gram_panchayat,V,,gp_ward,ward,NONE,NONE,sc_st_bc,1,Woman,Women,all_seats,seat,,,,,,,latin,local_elections,e0ae2676d62a-dirty,data/goa/2017/quepem.pdf,4,page,
goa/gp_ward/2017,664bd96fa774,Goa|2017|gp_ward|South Goa|Quepem|Xeldem|VI|,1,Goa,2017,South Goa,Quepem,Xeldem,gram_panchayat,VI,,gp_ward,ward,BC,BC,sc_st_bc,0,BC Other than Woman,OBC,all_seats,seat,,,,,,,latin,local_elections,e0ae2676d62a-dirty,data/goa/2017/quepem.pdf,4,page,
goa/gp_ward/2017,7a63fef29020,Goa|2017|gp_ward|South Goa|Quepem|Xeldem|VII|,1,Goa,2017,South Goa,Quepem,Xeldem,gram_panchayat,VII,,gp_ward,ward,NONE,NONE,sc_st_bc,0,Other than Woman,General,all_seats,seat,,,,,,,latin,local_elections,e0ae2676d62a-dirty,data/goa/2017/quepem.pdf,4,page,
goa/gp_ward/2017,e4f577190821,Goa|2017|gp_ward|South Goa|Quepem|Xeldem|VIII|,1,Goa,2017,South Goa,Quepem,Xeldem,gram_panchayat,VIII,,gp_ward,ward,NONE,NONE,sc_st_bc,1,Woman,Women,all_seats,seat,,,,,,,latin,local_elections,e0ae2676d62a-dirty,data/goa/2017/quepem.pdf,4,page,
goa/gp_ward/2017,cdf13354d8a7,Goa|2017|gp_ward|South Goa|Quepem|Xeldem|IX|,1,Goa,2017,South Goa,Quepem,Xeldem,gram_panchayat,IX,,gp_ward,ward,ST,ST,sc_st_bc,0,ST Other than Woman,ST,all_seats,seat,,,,,,,latin,local_elections,e0ae2676d62a-dirty,data/goa/2017/quepem.pdf,4,page,
goa/gp_ward/2017,4d2eb5216cec,Goa|2017|gp_ward|South Goa|Quepem|Assolda|I|,1,Goa,2017,South Goa,Quepem,Assolda,gram_panchayat,I,,gp_ward,ward,ST,ST,sc_st_bc,0,ST Other than Woman,ST,all_seats,seat,,,,,,,latin,local_elections,e0ae2676d62a-dirty,data/goa/2017/quepem.pdf,4,page,
goa/gp_ward/2017,e1f634b73d13,Goa|2017|gp_ward|South Goa|Quepem|Assolda|II|,1,Goa,2017,South Goa,Quepem,Assolda,gram_panchayat,II,,gp_ward,ward,NONE,NONE,sc_st_bc,0,Other than Woman,General,all_seats,seat,,,,,,,latin,local_elections,e0ae2676d62a-dirty,data/goa/2017/quepem.pdf,5,page,
goa/gp_ward/2017,25731da04ebe,Goa|2017|gp_ward|South Goa|Quepem|Assolda|III|,1,Goa,2017,South Goa,Quepem,Assolda,gram_panchayat,III,,gp_ward,ward,NONE,NONE,sc_st_bc,1,Woman,Women,all_seats,seat,,,,,,,latin,local_elections,e0ae2676d62a-dirty,data/goa/2017/quepem.pdf,5,page,
goa/gp_ward/2017,a8946e02150b,Goa|2017|gp_ward|South Goa|Quepem|Assolda|V|,1,Goa,2017,South Goa,Quepem,Assolda,gram_panchayat,V,,gp_ward,ward,NONE,NONE,sc_st_bc,0,Other than Woman,General,all_seats,seat,,,,,,,latin,local_elections,e0ae2676d62a-dirty,data/goa/2017/quepem.pdf,5,page,
goa/gp_ward/2017,5ff088b21bd1,Goa|2017|gp_ward|South Goa|Quepem|Assolda|VI|,1,Goa,2017,South Goa,Quepem,Assolda,gram_panchayat,VI,,gp_ward,ward,BC,BC,sc_st_bc,0,BC Other than Woman,OBC,all_seats,seat,,,,,,,latin,local_elections,e0ae2676d62a-dirty,data/goa/2017/quepem.pdf,5,page,
goa/gp_ward/2017,cba0a13ddd28,Goa|2017|gp_ward|South Goa|Quepem|Assolda|VII|,1,Goa,2017,South Goa,Quepem,Assolda,gram_panchayat,VII,,gp_ward,ward,NONE,NONE,sc_st_bc,0,Other than Woman,General,all_seats,seat,,,,,,,latin,local_elections,e0ae2676d62a-dirty,data/goa/2017/quepem.pdf,5,page,
goa/gp_ward/2017,40f4d3cb2f7b,Goa|2017|gp_ward|South Goa|Quepem|Chaifi|I|,1,Goa,2017,South Goa,Quepem,Chaifi,gram_panchayat,I,,gp_ward,ward,NONE,NONE,sc_st_bc,0,Other than Woman,General,all_seats,seat,,,,,,,latin,local_elections,e0ae2676d62a-dirty,data/goa/2017/quepem.pdf,5,page,
goa/gp_ward/2017,1038f38de12e,Goa|2017|gp_ward|South Goa|Quepem|Avedem­Cotombi­|II|,1,Goa,2017,South Goa,Quepem,Avedem­Cotombi­,gram_panchayat,II,,gp_ward,ward,NONE,NONE,sc_st_bc,0,Other than Woman,General,all_seats,seat,,,,,,,latin,local_elections,e0ae2676d62a-dirty,data/goa/2017/quepem.pdf,6,page,
goa/gp_ward/2017,e63f2bbc714b,Goa|2017|gp_ward|South Goa|Quepem|Avedem­Cotombi­|IV|,1,Goa,2017,South Goa,Quepem,Avedem­Cotombi­,gram_panchayat,IV,,gp_ward,ward,NONE,NONE,sc_st_bc,1,Woman,Women,all_seats,seat,,,,,,,latin,local_elections,e0ae2676d62a-dirty,data/goa/2017/quepem.pdf,6,page,
goa/gp_ward/2017,1eb399c7d074,Goa|2017|gp_ward|South Goa|Quepem|Avedem­Cotombi­|V|,1,Goa,2017,South Goa,Quepem,Avedem­Cotombi­,gram_panchayat,V,,gp_ward,ward,ST,ST,sc_st_bc,0,ST Other than Woman,ST,all_seats,seat,,,,,,,latin,local_elections,e0ae2676d62a-dirty,data/goa/2017/quepem.pdf,6,page,
goa/gp_ward/2017,53e6db55ae49,Goa|2017|gp_ward|South Goa|Quepem|Avedem­Cotombi­|VI|,1,Goa,2017,South Goa,Quepem,Avedem­Cotombi­,gram_panchayat,VI,,gp_ward,ward,ST,ST,sc_st_bc,0,ST Other than Woman,ST,all_seats,seat,,,,,,,latin,local_elections,e0ae2676d62a-dirty,data/goa/2017/quepem.pdf,6,page,
goa/gp_ward/2017,f9731ea51f36,Goa|2017|gp_ward|South Goa|Quepem|Avedem­Cotombi­|VII|,1,Goa,2017,South Goa,Quepem,Avedem­Cotombi­,gram_panchayat,VII,,gp_ward,ward,NONE,NONE,sc_st_bc,0,Other than Woman,General,all_seats,seat,,,,,,,latin,local_elections,e0ae2676d62a-dirty,data/goa/2017/quepem.pdf,6,page,
goa/gp_ward/2017,f7492932aa4b,Goa|2017|gp_ward|South Goa|Quepem|Barcem­Quedem|I|,1,Goa,2017,South Goa,Quepem,Barcem­Quedem,gram_panchayat,I,,gp_ward,ward,ST,ST,sc_st_bc,0,ST Other than Woman,ST,all_seats,seat,,,,,,,latin,local_elections,e0ae2676d62a-dirty,data/goa/2017/quepem.pdf,6,page,
goa/gp_ward/2017,094f0e94bff3,Goa|2017|gp_ward|South Goa|Quepem|Barcem­Quedem|II|,1,Goa,2017,South Goa,Quepem,Barcem­Quedem,gram_panchayat,II,,gp_ward,ward,NONE,NONE,sc_st_bc,0,Other than Woman,General,all_seats,seat,,,,,,,latin,local_elections,e0ae2676d62a-dirty,data/goa/2017/quepem.pdf,6,page,
goa/gp_ward/2017,9c804e5c04cc,Goa|2017|gp_ward|South Goa|Quepem|Barcem­Quedem|III|,1,Goa,2017,South Goa,Quepem,Barcem­Quedem,gram_panchayat,III,,gp_ward,ward,NONE,NONE,sc_st_bc,1,Woman,Women,all_seats,seat,,,,,,,latin,local_elections,e0ae2676d62a-dirty,data/goa/2017/quepem.pdf,7,page,
goa/gp_ward/2017,0c351cce032e,Goa|2017|gp_ward|South Goa|Quepem|Barcem­Quedem|IV|,1,Goa,2017,South Goa,Quepem,Barcem­Quedem,gram_panchayat,IV,,gp_ward,ward,NONE,NONE,sc_st_bc,1,Woman,Women,all_seats,seat,,,,,,,latin,local_elections,e0ae2676d62a-dirty,data/goa/2017/quepem.pdf,7,page,
goa/gp_ward/2017,af27dc5a5592,Goa|2017|gp_ward|South Goa|Quepem|Barcem­Quedem|V|,1,Goa,2017,South Goa,Quepem,Barcem­Quedem,gram_panchayat,V,,gp_ward,ward,ST,ST,sc_st_bc,0,ST Other than Woman,ST,all_seats,seat,,,,,,,latin,local_elections,e0ae2676d62a-dirty,data/goa/2017/quepem.pdf,7,page,
goa/gp_ward/2017,4080b52cefb1,Goa|2017|gp_ward|South Goa|Quepem|Barcem­Quedem|VI|,1,Goa,2017,South Goa,Quepem,Barcem­Quedem,gram_panchayat,VI,,gp_ward,ward,ST,ST,sc_st_bc,0,ST Other than Woman,ST,all_seats,seat,,,,,,,latin,local_elections,e0ae2676d62a-dirty,data/goa/2017/quepem.pdf,7,page,
goa/gp_ward/2017,f8e38b3e4634,Goa|2017|gp_ward|South Goa|Quepem|Barcem­Quedem|VII|,1,Goa,2017,South Goa,Quepem,Barcem­Quedem,gram_panchayat,VII,,gp_ward,ward,NONE,NONE,sc_st_bc,0,Other than Woman,General,all_seats,seat,,,,,,,latin,local_elections,e0ae2676d62a-dirty,data/goa/2017/quepem.pdf,7,page,
goa/gp_ward/2017,aa4e6577b5f7,Goa|2017|gp_ward|South Goa|Quepem|Caurem­Pirla|I|,1,Goa,2017,South Goa,Quepem,Caurem­Pirla,gram_panchayat,I,,gp_ward,ward,ST,ST,sc_st_bc,0,ST Other than Woman,ST,all_seats,seat,,,,,,,latin,local_elections,e0ae2676d62a-dirty,data/goa/2017/quepem.pdf,7,page,
goa/gp_ward/2017,0416b6944f21,Goa|2017|gp_ward|South Goa|Quepem|Caurem­Pirla|II|,1,Goa,2017,South Goa,Quepem,Caurem­Pirla,gram_panchayat,II,,gp_ward,ward,NONE,NONE,sc_st_bc,0,Other than Woman,General,all_seats,seat,,,,,,,latin,local_elections,e0ae2676d62a-dirty,data/goa/2017/quepem.pdf,7,page,
goa/gp_ward/2017,374a3e9ad664,Goa|2017|gp_ward|South Goa|Quepem|Caurem­Pirla|III|,1,Goa,2017,South Goa,Quepem,Caurem­Pirla,gram_panchayat,III,,gp_ward,ward,NONE,NONE,sc_st_bc,1,Woman,Women,all_seats,seat,,,,,,,latin,local_elections,e0ae2676d62a-dirty,data/goa/2017/quepem.pdf,7,page,
goa/gp_ward/2017,959d3804c241,Goa|2017|gp_ward|South Goa|Quepem|Caurem­Pirla|IV|,1,Goa,2017,South Goa,Quepem,Caurem­Pirla,gram_panchayat,IV,,gp_ward,ward,NONE,NONE,sc_st_bc,1,Woman,Women,all_seats,seat,,,,,,,latin,local_elections,e0ae2676d62a-dirty,data/goa/2017/quepem.pdf,7,page,
goa/gp_ward/2017,a76617148c1d,Goa|2017|gp_ward|South Goa|Quepem|Caurem­Pirla|V|,1,Goa,2017,South Goa,Quepem,Caurem­Pirla,gram_panchayat,V,,gp_ward,ward,NONE,NONE,sc_st_bc,0,Other than Woman,General,all_seats,seat,,,,,,,latin,local_elections,e0ae2676d62a-dirty,data/goa/2017/quepem.pdf,8,page,
goa/gp_ward/2017,2b0c0cf39461,Goa|2017|gp_ward|South Goa|Quepem|Caurem­Pirla|VI|,1,Goa,2017,South Goa,Quepem,Caurem­Pirla,gram_panchayat,VI,,gp_ward,ward,ST,ST,sc_st_bc,0,ST Other than Woman,ST,all_seats,seat,,,,,,,latin,local_elections,e0ae2676d62a-dirty,data/goa/2017/quepem.pdf,8,page,
goa/gp_ward/2017,0b5685b6429b,Goa|2017|gp_ward|South Goa|Quepem|Caurem­Pirla|VII|,1,Goa,2017,South Goa,Quepem,Caurem­Pirla,gram_panchayat,VII,,gp_ward,ward,NONE,NONE,sc_st_bc,0,Other than Woman,General,all_seats,seat,,,,,,,latin,local_elections,e0ae2676d62a-dirty,data/goa/2017/quepem.pdf,8,page,
goa/gp_ward/2017,78975fea11b8,Goa|2017|gp_ward|South Goa|Quepem|Molcornem|I|,1,Goa,2017,South Goa,Quepem,Molcornem,gram_panchayat,I,,gp_ward,ward,BC,BC,sc_st_bc,0,BC Other than Woman,OBC,all_seats,seat,,,,,,,latin,local_elections,e0ae2676d62a-dirty,data/goa/2017/quepem.pdf,8,page,
goa/gp_ward/2017,c976275535b6,Goa|2017|gp_ward|South Goa|Quepem|Molcornem|II|,1,Goa,2017,South Goa,Quepem,Molcornem,gram_panchayat,II,,gp_ward,ward,ST,ST,sc_st_bc,0,ST Other than Woman,ST,all_seats,seat,,,,,,,latin,local_elections,e0ae2676d62a-dirty,data/goa/2017/quepem.pdf,8,page,
goa/gp_ward/2017,bf9aeecdac59,Goa|2017|gp_ward|South Goa|Quepem|Molcornem|III|,1,Goa,2017,South Goa,Quepem,Molcornem,gram_panchayat,III,,gp_ward,ward,NONE,NONE,sc_st_bc,1,Woman,Women,all_seats,seat,,,,,,,latin,local_elections,e0ae2676d62a-dirty,data/goa/2017/quepem.pdf,8,page,
goa/gp_ward/2017,d027cb25b11b,Goa|2017|gp_ward|South Goa|Quepem|Molcornem|V|,1,Goa,2017,South Goa,Quepem,Molcornem,gram_panchayat,V,,gp_ward,ward,NONE,NONE,sc_st_bc,0,Other than Woman,General,all_seats,seat,,,,,,,latin,local_elections,e0ae2676d62a-dirty,data/goa/2017/quepem.pdf,9,page,
goa/gp_ward/2017,1d4d519ccc0c,Goa|2017|gp_ward|South Goa|Quepem|Molcornem|VI|,1,Goa,2017,South Goa,Quepem,Molcornem,gram_panchayat,VI,,gp_ward,ward,NONE,NONE,sc_st_bc,0,Other than Woman,General,all_seats,seat,,,,,,,latin,local_elections,e0ae2676d62a-dirty,data/goa/2017/quepem.pdf,9,page,
goa/gp_ward/2017,3971b1ef2d1a,Goa|2017|gp_ward|South Goa|Quepem|Molcornem|VII|,1,Goa,2017,South Goa,Quepem,Molcornem,gram_panchayat,VII,,gp_ward,ward,NONE,NONE,sc_st_bc,0,Other than Woman,General,all_seats,seat,,,,,,,latin,local_elections,e0ae2676d62a-dirty,data/goa/2017/quepem.pdf,9,page,
goa/gp_ward/2017,b9ea86307347,Goa|2017|gp_ward|South Goa|Quepem|Morpila|I|,1,Goa,2017,South Goa,Quepem,Morpila,gram_panchayat,I,,gp_ward,ward,ST,ST,sc_st_bc,0,ST Other than Woman,ST,all_seats,seat,,,,,,,latin,local_elections,e0ae2676d62a-dirty,data/goa/2017/quepem.pdf,9,page,
goa/gp_ward/2017,692fe116380e,Goa|2017|gp_ward|South Goa|Quepem|Morpila|II|,1,Goa,2017,South Goa,Quepem,Morpila,gram_panchayat,II,,gp_ward,ward,ST,ST,sc_st_bc,0,ST Other than Woman,ST,all_seats,seat,,,,,,,latin,local_elections,e0ae2676d62a-dirty,data/goa/2017/quepem.pdf,9,page,
goa/gp_ward/2017,dca1dee7fc8a,Goa|2017|gp_ward|South Goa|Quepem|Morpila|V|,1,Goa,2017,South Goa,Quepem,Morpila,gram_panchayat,V,,gp_ward,ward,NONE,NONE,sc_st_bc,0,Other than Woman,General,all_seats,seat,,,,,,,latin,local_elections,e0ae2676d62a-dirty,data/goa/2017/quepem.pdf,10,page,
goa/gp_ward/2017,a4997678cf64,Goa|2017|gp_ward|South Goa|Quepem|Morpila|VI|,1,Goa,2017,South Goa,Quepem,Morpila,gram_panchayat,VI,,gp_ward,ward,NONE,NONE,sc_st_bc,0,Other than Woman,General,all_seats,seat,,,,,,,latin,local_elections,e0ae2676d62a-dirty,data/goa/2017/quepem.pdf,10,page,
goa/gp_ward/2017,76fa5339b003,Goa|2017|gp_ward|South Goa|Quepem|Morpila|VII|,1,Goa,2017,South Goa,Quepem,Morpila,gram_panchayat,VII,,gp_ward,ward,NONE,NONE,sc_st_bc,0,Other than Woman,General,all_seats,seat,,,,,,,latin,local_elections,e0ae2676d62a-dirty,data/goa/2017/quepem.pdf,10,page,
goa/gp_ward/2017,3b84b0159c2e,Goa|2017|gp_ward|South Goa|Quepem|Fatorpa­Quitol|I|,1,Goa,2017,South Goa,Quepem,Fatorpa­Quitol,gram_panchayat,I,,gp_ward,ward,ST,ST,sc_st_bc,0,ST Other than Woman,ST,all_seats,seat,,,,,,,latin,local_elections,e0ae2676d62a-dirty,data/goa/2017/quepem.pdf,10,page,
goa/gp_ward/2017,1ae212318dac,Goa|2017|gp_ward|South Goa|Quepem|Fatorpa­Quitol|II|,1,Goa,2017,South Goa,Quepem,Fatorpa­Quitol,gram_panchayat,II,,gp_ward,ward,BC,BC,sc_st_bc,0,BC Other than Woman,OBC,all_seats,seat,,,,,,,latin,local_elections,e0ae2676d62a-dirty,data/goa/2017/quepem.pdf,10,page,
goa/gp_ward/2017,4d0064456441,Goa|2017|gp_ward|South Goa|Quepem|Fatorpa­Quitol|III|,1,Goa,2017,South Goa,Quepem,Fatorpa­Quitol,gram_panchayat,III,,gp_ward,ward,NONE,NONE,sc_st_bc,1,Woman,Women,all_seats,seat,,,,,,,latin,local_elections,e0ae2676d62a-dirty,data/goa/2017/quepem.pdf,10,page,
goa/gp_ward/2017,54e092548fed,Goa|2017|gp_ward|South Goa|Quepem|Fatorpa­Quitol|IV|,1,Goa,2017,South Goa,Quepem,Fatorpa­Quitol,gram_panchayat,IV,,gp_ward,ward,NONE,NONE,sc_st_bc,1,Woman,Women,all_seats,seat,,,,,,,latin,local_elections,e0ae2676d62a-dirty,data/goa/2017/quepem.pdf,10,page,
goa/gp_ward/2017,076bb3ae6cbb,Goa|2017|gp_ward|South Goa|Quepem|Fatorpa­Quitol|V|,1,Goa,2017,South Goa,Quepem,Fatorpa­Quitol,gram_panchayat,V,,gp_ward,ward,NONE,NONE,sc_st_bc,0,Other than Woman,General,all_seats,seat,,,,,,,latin,local_elections,e0ae2676d62a-dirty,data/goa/2017/quepem.pdf,11,page,
goa/gp_ward/2017,42100154c1cd,Goa|2017|gp_ward|South Goa|Quepem|Fatorpa­Quitol|VI|,1,Goa,2017,South Goa,Quepem,Fatorpa­Quitol,gram_panchayat,VI,,gp_ward,ward,ST,ST,sc_st_bc,0,ST Other than Woman,ST,all_seats,seat,,,,,,,latin,local_elections,e0ae2676d62a-dirty,data/goa/2017/quepem.pdf,11,page,
goa/gp_ward/2017,8e2ee51a6640,Goa|2017|gp_ward|South Goa|Quepem|Fatorpa­Quitol|VII|,1,Goa,2017,South Goa,Quepem,Fatorpa­Quitol,gram_panchayat,VII,,gp_ward,ward,NONE,NONE,sc_st_bc,0,Other than Woman,General,all_seats,seat,,,,,,,latin,local_elections,e0ae2676d62a-dirty,data/goa/2017/quepem.pdf,11,page,
goa/gp_ward/2017,dbd7978e7533,Goa|2017|gp_ward|South Goa|Quepem|Naqueira Betul|I|,1,Goa,2017,South Goa,Quepem,Naqueira Betul,gram_panchayat,I,,gp_ward,ward,NONE,NONE,sc_st_bc,0,Other than Woman,General,all_seats,seat,,,,,,,latin,local_elections,e0ae2676d62a-dirty,data/goa/2017/quepem.pdf,11,page,
goa/gp_ward/2017,24ec36c2dfe4,Goa|2017|gp_ward|South Goa|Quepem|Naqueira Betul|II|,1,Goa,2017,South Goa,Quepem,Naqueira Betul,gram_panchayat,II,,gp_ward,ward,NONE,NONE,sc_st_bc,0,Other than Woman,General,all_seats,seat,,,,,,,latin,local_elections,e0ae2676d62a-dirty,data/goa/2017/quepem.pdf,11,page,
goa/gp_ward/2017,49034bbd7b46,Goa|2017|gp_ward|South Goa|Quepem|Naqueira Betul|IV|,1,Goa,2017,South Goa,Quepem,Naqueira Betul,gram_panchayat,IV,,gp_ward,ward,NONE,NONE,sc_st_bc,1,Woman,Women,all_seats,seat,,,,,,,latin,local_elections,e0ae2676d62a-dirty,data/goa/2017/quepem.pdf,11,page,
goa/gp_ward/2017,72a3a422eaa2,Goa|2017|gp_ward|South Goa|Quepem|Naqueira Betul|V|,1,Goa,2017,South Goa,Quepem,Naqueira Betul,gram_panchayat,V,,gp_ward,ward,ST,ST,sc_st_bc,0,ST Other than Woman,ST,all_seats,seat,,,,,,,latin,local_elections,e0ae2676d62a-dirty,data/goa/2017/quepem.pdf,11,page,
goa/gp_ward/2017,6aff4625004d,Goa|2017|gp_ward|South Goa|Quepem|Naqueira Betul|VI|,1,Goa,2017,South Goa,Quepem,Naqueira Betul,gram_panchayat,VI,,gp_ward,ward,NONE,NONE,sc_st_bc,0,Other than Woman,General,all_seats,seat,,,,,,,latin,local_elections,e0ae2676d62a-dirty,data/goa/2017/quepem.pdf,11,page,
goa/gp_ward/2017,7448f43c3ee9,Goa|2017|gp_ward|South Goa|Quepem|Naqueira Betul|VII|,1,Goa,2017,South Goa,Quepem,Naqueira Betul,gram_panchayat,VII,,gp_ward,ward,BC,BC,sc_st_bc,0,BC Other than Woman,OBC,all_seats,seat,,,,,,,latin,local_elections,e0ae2676d62a-dirty,data/goa/2017/quepem.pdf,12,page,
goa/gp_ward/2017,b6b0a414e3c1,Goa|2017|gp_ward|South Goa|Salcete|Raia|I|,1,Goa,2017,South Goa,Salcete,Raia,gram_panchayat,I,,gp_ward,ward,NONE,NONE,sc_st_bc,1,Woman,Women,all_seats,seat,,,,,,,latin,local_elections,e0ae2676d62a-dirty,data/goa/2017/salcete.pdf,1,page,
goa/gp_ward/2017,46333e8fce46,Goa|2017|gp_ward|South Goa|Salcete|Raia|II|,1,Goa,2017,South Goa,Salcete,Raia,gram_panchayat,II,,gp_ward,ward,ST,ST,sc_st_bc,0,ST Other than Woman,ST,all_seats,seat,,,,,,,latin,local_elections,e0ae2676d62a-dirty,data/goa/2017/salcete.pdf,1,page,
goa/gp_ward/2017,f08d4e7d2c4f,Goa|2017|gp_ward|South Goa|Salcete|Raia|V|,1,Goa,2017,South Goa,Salcete,Raia,gram_panchayat,V,,gp_ward,ward,NONE,NONE,sc_st_bc,1,Woman,Women,all_seats,seat,,,,,,,latin,local_elections,e0ae2676d62a-dirty,data/goa/2017/salcete.pdf,1,page,
goa/gp_ward/2017,6ee276cbe7ff,Goa|2017|gp_ward|South Goa|Salcete|Raia|X|,1,Goa,2017,South Goa,Salcete,Raia,gram_panchayat,X,,gp_ward,ward,BC,BC,sc_st_bc,0,BC Other than Woman,OBC,all_seats,seat,,,,,,,latin,local_elections,e0ae2676d62a-dirty,data/goa/2017/salcete.pdf,2,page,
goa/gp_ward/2017,89ec6dda8d8b,Goa|2017|gp_ward|South Goa|Salcete|Rachol|II|,1,Goa,2017,South Goa,Salcete,Rachol,gram_panchayat,II,,gp_ward,ward,NONE,NONE,sc_st_bc,0,Other than Woman,General,all_seats,seat,,,,,,,latin,local_elections,e0ae2676d62a-dirty,data/goa/2017/salcete.pdf,2,page,
goa/gp_ward/2017,1d64f0955f36,Goa|2017|gp_ward|South Goa|Salcete|Rachol|V|,1,Goa,2017,South Goa,Salcete,Rachol,gram_panchayat,V,,gp_ward,ward,NONE,NONE,sc_st_bc,0,Other than Woman,General,all_seats,seat,,,,,,,latin,local_elections,e0ae2676d62a-dirty,data/goa/2017/salcete.pdf,3,page,
goa/gp_ward/2017,61c864c22654,Goa|2017|gp_ward|South Goa|Salcete|Loutolim|I|,1,Goa,2017,South Goa,Salcete,Loutolim,gram_panchayat,I,,gp_ward,ward,BC,BC,sc_st_bc,0,BC Other than Woman,OBC,all_seats,seat,,,,,,,latin,local_elections,e0ae2676d62a-dirty,data/goa/2017/salcete.pdf,3,page,
goa/gp_ward/2017,90f0516b712a,Goa|2017|gp_ward|South Goa|Salcete|Loutolim|II|,1,Goa,2017,South Goa,Salcete,Loutolim,gram_panchayat,II,,gp_ward,ward,ST,ST,sc_st_bc,0,ST Other than Woman,ST,all_seats,seat,,,,,,,latin,local_elections,e0ae2676d62a-dirty,data/goa/2017/salcete.pdf,3,page,
goa/gp_ward/2017,1ec179bd30f1,Goa|2017|gp_ward|South Goa|Salcete|Loutolim|IV|,1,Goa,2017,South Goa,Salcete,Loutolim,gram_panchayat,IV,,gp_ward,ward,NONE,NONE,sc_st_bc,0,Other than Woman,General,all_seats,seat,,,,,,,latin,local_elections,e0ae2676d62a-dirty,data/goa/2017/salcete.pdf,3,page,
goa/gp_ward/2017,629661ef2a76,Goa|2017|gp_ward|South Goa|Salcete|Loutolim|V|,1,Goa,2017,South Goa,Salcete,Loutolim,gram_panchayat,V,,gp_ward,ward,NONE,NONE,sc_st_bc,1,Woman,Women,all_seats,seat,,,,,,,latin,local_elections,e0ae2676d62a-dirty,data/goa/2017/salcete.pdf,3,page,
goa/gp_ward/2017,018fb783b62b,Goa|2017|gp_ward|South Goa|Salcete|Camurlim|I|,1,Goa,2017,South Goa,Salcete,Camurlim,gram_panchayat,I,,gp_ward,ward,BC,BC,sc_st_bc,0,BC Other than Woman,OBC,all_seats,seat,,,,,,,latin,local_elections,e0ae2676d62a-dirty,data/goa/2017/salcete.pdf,4,page,
goa/gp_ward/2017,bedbffc8c569,Goa|2017|gp_ward|South Goa|Salcete|Camurlim|II|,1,Goa,2017,South Goa,Salcete,Camurlim,gram_panchayat,II,,gp_ward,ward,ST,ST,sc_st_bc,0,ST Other than Woman,ST,all_seats,seat,,,,,,,latin,local_elections,e0ae2676d62a-dirty,data/goa/2017/salcete.pdf,4,page,
goa/gp_ward/2017,f565dc702077,Goa|2017|gp_ward|South Goa|Salcete|Camurlim|III|,1,Goa,2017,South Goa,Salcete,Camurlim,gram_panchayat,III,,gp_ward,ward,NONE,NONE,sc_st_bc,1,Woman,Women,all_seats,seat,,,,,,,latin,local_elections,e0ae2676d62a-dirty,data/goa/2017/salcete.pdf,4,page,
goa/gp_ward/2017,18f2c93e248e,Goa|2017|gp_ward|South Goa|Salcete|Camurlim|V|,1,Goa,2017,South Goa,Salcete,Camurlim,gram_panchayat,V,,gp_ward,ward,NONE,NONE,sc_st_bc,0,Other than Woman,General,all_seats,seat,,,,,,,latin,local_elections,e0ae2676d62a-dirty,data/goa/2017/salcete.pdf,4,page,
goa/gp_ward/2017,0627b3281f74,Goa|2017|gp_ward|South Goa|Salcete|Nuvem|I|,1,Goa,2017,South Goa,Salcete,Nuvem,gram_panchayat,I,,gp_ward,ward,NONE,NONE,sc_st_bc,1,Woman,Women,all_seats,seat,,,,,,,latin,local_elections,e0ae2676d62a-dirty,data/goa/2017/salcete.pdf,5,page,
goa/gp_ward/2017,c6b0f95f6e59,Goa|2017|gp_ward|South Goa|Salcete|Nuvem|II|,1,Goa,2017,South Goa,Salcete,Nuvem,gram_panchayat,II,,gp_ward,ward,NONE,NONE,sc_st_bc,0,Other than Woman,General,all_seats,seat,,,,,,,latin,local_elections,e0ae2676d62a-dirty,data/goa/2017/salcete.pdf,5,page,
goa/gp_ward/2017,9c39f9db67fc,Goa|2017|gp_ward|South Goa|Salcete|Nuvem|III|,1,Goa,2017,South Goa,Salcete,Nuvem,gram_panchayat,III,,gp_ward,ward,NONE,NONE,sc_st_bc,1,Woman,Women,all_seats,seat,,,,,,,latin,local_elections,e0ae2676d62a-dirty,data/goa/2017/salcete.pdf,5,page,
goa/gp_ward/2017,39a8936c7b20,Goa|2017|gp_ward|South Goa|Salcete|Nuvem|X|,1,Goa,2017,South Goa,Salcete,Nuvem,gram_panchayat,X,,gp_ward,ward,NONE,NONE,sc_st_bc,0,Other than Woman,General,all_seats,seat,,,,,,,latin,local_elections,e0ae2676d62a-dirty,data/goa/2017/salcete.pdf,6,page,
goa/gp_ward/2017,754c9a11be82,Goa|2017|gp_ward|South Goa|Salcete|Verna|I|,1,Goa,2017,South Goa,Salcete,Verna,gram_panchayat,I,,gp_ward,ward,NONE,NONE,sc_st_bc,0,Other than Woman,General,all_seats,seat,,,,,,,latin,local_elections,e0ae2676d62a-dirty,data/goa/2017/salcete.pdf,6,page,
goa/gp_ward/2017,a5ccd41dd4a2,Goa|2017|gp_ward|South Goa|Salcete|Verna|II|,1,Goa,2017,South Goa,Salcete,Verna,gram_panchayat,II,,gp_ward,ward,ST,ST,sc_st_bc,0,ST Other than Woman,ST,all_seats,seat,,,,,,,latin,local_elections,e0ae2676d62a-dirty,data/goa/2017/salcete.pdf,6,page,
goa/gp_ward/2017,f5c9a36c43cb,Goa|2017|gp_ward|South Goa|Salcete|Verna|III|,1,Goa,2017,South Goa,Salcete,Verna,gram_panchayat,III,,gp_ward,ward,NONE,NONE,sc_st_bc,1,Woman,Women,all_seats,seat,,,,,,,latin,local_elections,e0ae2676d62a-dirty,data/goa/2017/salcete.pdf,7,page,
goa/gp_ward/2017,abbcfe5af29c,Goa|2017|gp_ward|South Goa|Salcete|Verna|V|,1,Goa,2017,South Goa,Salcete,Verna,gram_panchayat,V,,gp_ward,ward,NONE,NONE,sc_st_bc,1,Woman,Women,all_seats,seat,,,,,,,latin,local_elections,e0ae2676d62a-dirty,data/goa/2017/salcete.pdf,7,page,
goa/gp_ward/2017,71ea0f6eb10a,Goa|2017|gp_ward|South Goa|Salcete|Verna|VIII|,1,Goa,2017,South Goa,Salcete,Verna,gram_panchayat,VIII,,gp_ward,ward,NONE,NONE,sc_st_bc,1,Woman,Women,all_seats,seat,,,,,,,latin,local_elections,e0ae2676d62a-dirty,data/goa/2017/salcete.pdf,7,page,
goa/gp_ward/2017,47de16fcb749,Goa|2017|gp_ward|South Goa|Salcete|Nagoa|I|,1,Goa,2017,South Goa,Salcete,Nagoa,gram_panchayat,I,,gp_ward,ward,NONE,NONE,sc_st_bc,0,Other than Woman,General,all_seats,seat,,,,,,,latin,local_elections,e0ae2676d62a-dirty,data/goa/2017/salcete.pdf,7,page,
goa/gp_ward/2017,327fd9910047,Goa|2017|gp_ward|South Goa|Salcete|Nagoa|II|,1,Goa,2017,South Goa,Salcete,Nagoa,gram_panchayat,II,,gp_ward,ward,BC,BC,sc_st_bc,0,BC Other than Woman,OBC,all_seats,seat,,,,,,,latin,local_elections,e0ae2676d62a-dirty,data/goa/2017/salcete.pdf,7,page,
goa/gp_ward/2017,8f09be350337,Goa|2017|gp_ward|South Goa|Salcete|Nagoa|V|,1,Goa,2017,South Goa,Salcete,Nagoa,gram_panchayat,V,,gp_ward,ward,NONE,NONE,sc_st_bc,0,Other than Woman,General,all_seats,seat,,,,,,,latin,local_elections,e0ae2676d62a-dirty,data/goa/2017/salcete.pdf,8,page,
goa/gp_ward/2017,20ed6f5b0fb1,Goa|2017|gp_ward|South Goa|Salcete|Colva|I|,1,Goa,2017,South Goa,Salcete,Colva,gram_panchayat,I,,gp_ward,ward,NONE,NONE,sc_st_bc,0,Other than Woman,General,all_seats,seat,,,,,,,latin,local_elections,e0ae2676d62a-dirty,data/goa/2017/salcete.pdf,8,page,
goa/gp_ward/2017,9794f836912f,Goa|2017|gp_ward|South Goa|Salcete|Colva|II|,1,Goa,2017,South Goa,Salcete,Colva,gram_panchayat,II,,gp_ward,ward,NONE,NONE,sc_st_bc,0,Other than Woman,General,all_seats,seat,,,,,,,latin,local_elections,e0ae2676d62a-dirty,data/goa/2017/salcete.pdf,8,page,
goa/gp_ward/2017,e310096c475e,Goa|2017|gp_ward|South Goa|Salcete|Colva|III|,1,Goa,2017,South Goa,Salcete,Colva,gram_panchayat,III,,gp_ward,ward,NONE,NONE,sc_st_bc,1,Woman,Women,all_seats,seat,,,,,,,latin,local_elections,e0ae2676d62a-dirty,data/goa/2017/salcete.pdf,8,page,
goa/gp_ward/2017,e5e10367513e,Goa|2017|gp_ward|South Goa|Salcete|Utorda­Calata|I|,1,Goa,2017,South Goa,Salcete,Utorda­Calata,gram_panchayat,I,,gp_ward,ward,NONE,NONE,sc_st_bc,0,Other than Woman,General,all_seats,seat,,,,,,,latin,local_elections,e0ae2676d62a-dirty,data/goa/2017/salcete.pdf,9,page,
goa/gp_ward/2017,74369150fe40,Goa|2017|gp_ward|South Goa|Salcete|Majorda­|II|,1,Goa,2017,South Goa,Salcete,Majorda­,gram_panchayat,II,,gp_ward,ward,NONE,NONE,sc_st_bc,0,Other than Woman,General,all_seats,seat,,,,,,,latin,local_elections,e0ae2676d62a-dirty,data/goa/2017/salcete.pdf,10,page,
goa/gp_ward/2017,9dff81055234,Goa|2017|gp_ward|South Goa|Salcete|Majorda­|III|,1,Goa,2017,South Goa,Salcete,Majorda­,gram_panchayat,III,,gp_ward,ward,NONE,NONE,sc_st_bc,1,Woman,Women,all_seats,seat,,,,,,,latin,local_elections,e0ae2676d62a-dirty,data/goa/2017/salcete.pdf,10,page,
goa/gp_ward/2017,923005569a50,Goa|2017|gp_ward|South Goa|Salcete|Majorda­|V|,1,Goa,2017,South Goa,Salcete,Majorda­,gram_panchayat,V,,gp_ward,ward,NONE,NONE,sc_st_bc,1,Woman,Women,all_seats,seat,,,,,,,latin,local_elections,e0ae2676d62a-dirty,data/goa/2017/salcete.pdf,10,page,
goa/gp_ward/2017,26a5a49aea57,Goa|2017|gp_ward|South Goa|Salcete|Utorda­Calata|IX|,1,Goa,2017,South Goa,Salcete,Utorda­Calata,gram_panchayat,IX,,gp_ward,ward,NONE,NONE,sc_st_bc,0,Other than Woman,General,all_seats,seat,,,,,,,latin,local_elections,e0ae2676d62a-dirty,data/goa/2017/salcete.pdf,11,page,
goa/gp_ward/2017,b1514756f4f2,Goa|2017|gp_ward|South Goa|Salcete|Betalbatim|I|,1,Goa,2017,South Goa,Salcete,Betalbatim,gram_panchayat,I,,gp_ward,ward,NONE,NONE,sc_st_bc,0,Other than Woman,General,all_seats,seat,,,,,,,latin,local_elections,e0ae2676d62a-dirty,data/goa/2017/salcete.pdf,11,page,
goa/gp_ward/2017,8618332f271f,Goa|2017|gp_ward|South Goa|Salcete|Betalbatim|II|,1,Goa,2017,South Goa,Salcete,Betalbatim,gram_panchayat,II,,gp_ward,ward,NONE,NONE,sc_st_bc,0,Other than Woman,General,all_seats,seat,,,,,,,latin,local_elections,e0ae2676d62a-dirty,data/goa/2017/salcete.pdf,11,page,
goa/gp_ward/2017,b0f617fe30f0,Goa|2017|gp_ward|South Goa|Salcete|Betalbatim|III|,1,Goa,2017,South Goa,Salcete,Betalbatim,gram_panchayat,III,,gp_ward,ward,NONE,NONE,sc_st_bc,1,Woman,Women,all_seats,seat,,,,,,,latin,local_elections,e0ae2676d62a-dirty,data/goa/2017/salcete.pdf,11,page,
goa/gp_ward/2017,c49ef4cabfee,Goa|2017|gp_ward|South Goa|Salcete|Betalbatim|V|,1,Goa,2017,South Goa,Salcete,Betalbatim,gram_panchayat,V,,gp_ward,ward,NONE,NONE,sc_st_bc,0,Other than Woman,General,all_seats,seat,,,,,,,latin,local_elections,e0ae2676d62a-dirty,data/goa/2017/salcete.pdf,11,page,
goa/gp_ward/2017,b3b474e0f9dc,Goa|2017|gp_ward|South Goa|Salcete|Seraulim|I|,1,Goa,2017,South Goa,Salcete,Seraulim,gram_panchayat,I,,gp_ward,ward,NONE,NONE,sc_st_bc,0,Other than Woman,General,all_seats,seat,,,,,,,latin,local_elections,e0ae2676d62a-dirty,data/goa/2017/salcete.pdf,11,page,
goa/gp_ward/2017,1ab2aa0ffa52,Goa|2017|gp_ward|South Goa|Salcete|Seraulim|II|,1,Goa,2017,South Goa,Salcete,Seraulim,gram_panchayat,II,,gp_ward,ward,NONE,NONE,sc_st_bc,0,Other than Woman,General,all_seats,seat,,,,,,,latin,local_elections,e0ae2676d62a-dirty,data/goa/2017/salcete.pdf,12,page,
goa/gp_ward/2017,dfe4bc33fcb3,Goa|2017|gp_ward|South Goa|Salcete|Seraulim|III|,1,Goa,2017,South Goa,Salcete,Seraulim,gram_panchayat,III,,gp_ward,ward,NONE,NONE,sc_st_bc,1,Woman,Women,all_seats,seat,,,,,,,latin,local_elections,e0ae2676d62a-dirty,data/goa/2017/salcete.pdf,12,page,
goa/gp_ward/2017,f5ac57faacf4,Goa|2017|gp_ward|South Goa|Salcete|Seraulim|V|,1,Goa,2017,South Goa,Salcete,Seraulim,gram_panchayat,V,,gp_ward,ward,NONE,NONE,sc_st_bc,0,Other than Woman,General,all_seats,seat,,,,,,,latin,local_elections,e0ae2676d62a-dirty,data/goa/2017/salcete.pdf,12,page,
goa/gp_ward/2017,f0f20abb58c9,Goa|2017|gp_ward|South Goa|Salcete|Velim|I|,1,Goa,2017,South Goa,Salcete,Velim,gram_panchayat,I,,gp_ward,ward,NONE,NONE,sc_st_bc,0,Other than Woman,General,all_seats,seat,,,,,,,latin,local_elections,e0ae2676d62a-dirty,data/goa/2017/salcete.pdf,13,page,
goa/gp_ward/2017,345269835839,Goa|2017|gp_ward|South Goa|Salcete|Velim|II|,1,Goa,2017,South Goa,Salcete,Velim,gram_panchayat,II,,gp_ward,ward,NONE,NONE,sc_st_bc,0,Other than Woman,General,all_seats,seat,,,,,,,latin,local_elections,e0ae2676d62a-dirty,data/goa/2017/salcete.pdf,13,page,
goa/gp_ward/2017,ee80f9655c9a,Goa|2017|gp_ward|South Goa|Salcete|Velim|IV|,1,Goa,2017,South Goa,Salcete,Velim,gram_panchayat,IV,,gp_ward,ward,NONE,NONE,sc_st_bc,0,Other than Woman,General,all_seats,seat,,,,,,,latin,local_elections,e0ae2676d62a-dirty,data/goa/2017/salcete.pdf,13,page,
goa/gp_ward/2017,77d6a74a7800,Goa|2017|gp_ward|South Goa|Salcete|Chinchinim­|I|,1,Goa,2017,South Goa,Salcete,Chinchinim­,gram_panchayat,I,,gp_ward,ward,NONE,NONE,sc_st_bc,1,Woman,Women,all_seats,seat,,,,,,,latin,local_elections,e0ae2676d62a-dirty,data/goa/2017/salcete.pdf,14,page,
goa/gp_ward/2017,8eb0b457000e,Goa|2017|gp_ward|South Goa|Salcete|Ambelim|I|,1,Goa,2017,South Goa,Salcete,Ambelim,gram_panchayat,I,,gp_ward,ward,NONE,NONE,sc_st_bc,0,Other than Woman,General,all_seats,seat,,,,,,,latin,local_elections,e0ae2676d62a-dirty,data/goa/2017/salcete.pdf,15,page,
goa/gp_ward/2017,b175c55e50cb,Goa|2017|gp_ward|South Goa|Salcete|Ambelim|II|,1,Goa,2017,South Goa,Salcete,Ambelim,gram_panchayat,II,,gp_ward,ward,ST,ST,sc_st_bc,0,ST Other than Woman,ST,all_seats,seat,,,,,,,latin,local_elections,e0ae2676d62a-dirty,data/goa/2017/salcete.pdf,15,page,
goa/gp_ward/2017,f1974b79edc3,Goa|2017|gp_ward|South Goa|Salcete|Ambelim|III|,1,Goa,2017,South Goa,Salcete,Ambelim,gram_panchayat,III,,gp_ward,ward,NONE,NONE,sc_st_bc,1,Woman,Women,all_seats,seat,,,,,,,latin,local_elections,e0ae2676d62a-dirty,data/goa/2017/salcete.pdf,15,page,
goa/gp_ward/2017,af940c76a3f0,Goa|2017|gp_ward|South Goa|Salcete|Ambelim|V|,1,Goa,2017,South Goa,Salcete,Ambelim,gram_panchayat,V,,gp_ward,ward,NONE,NONE,sc_st_bc,0,Other than Woman,General,all_seats,seat,,,,,,,latin,local_elections,e0ae2676d62a-dirty,data/goa/2017/salcete.pdf,15,page,
goa/gp_ward/2017,9ab35d64c62b,Goa|2017|gp_ward|South Goa|Salcete|Ambelim|VII|,1,Goa,2017,South Goa,Salcete,Ambelim,gram_panchayat,VII,,gp_ward,ward,BC,BC,sc_st_bc,0,BC Other than Woman,OBC,all_seats,seat,,,,,,,latin,local_elections,e0ae2676d62a-dirty,data/goa/2017/salcete.pdf,15,page,
goa/gp_ward/2017,a45c5b4e20df,Goa|2017|gp_ward|South Goa|Salcete|Assolna|I|,1,Goa,2017,South Goa,Salcete,Assolna,gram_panchayat,I,,gp_ward,ward,NONE,NONE,sc_st_bc,0,Other than Woman,General,all_seats,seat,,,,,,,latin,local_elections,e0ae2676d62a-dirty,data/goa/2017/salcete.pdf,15,page,
goa/gp_ward/2017,0a267a7597f9,Goa|2017|gp_ward|South Goa|Salcete|Assolna|II|,1,Goa,2017,South Goa,Salcete,Assolna,gram_panchayat,II,,gp_ward,ward,NONE,NONE,sc_st_bc,0,Other than Woman,General,all_seats,seat,,,,,,,latin,local_elections,e0ae2676d62a-dirty,data/goa/2017/salcete.pdf,16,page,
goa/gp_ward/2017,8c7e8955b423,Goa|2017|gp_ward|South Goa|Salcete|Assolna|III|,1,Goa,2017,South Goa,Salcete,Assolna,gram_panchayat,III,,gp_ward,ward,NONE,NONE,sc_st_bc,1,Woman,Women,all_seats,seat,,,,,,,latin,local_elections,e0ae2676d62a-dirty,data/goa/2017/salcete.pdf,16,page,
goa/gp_ward/2017,b43b65209d83,Goa|2017|gp_ward|South Goa|Salcete|Assolna|V|,1,Goa,2017,South Goa,Salcete,Assolna,gram_panchayat,V,,gp_ward,ward,NONE,NONE,sc_st_bc,0,Other than Woman,General,all_seats,seat,,,,,,,latin,local_elections,e0ae2676d62a-dirty,data/goa/2017/salcete.pdf,16,page,
goa/gp_ward/2017,f44cbed6488e,Goa|2017|gp_ward|South Goa|Salcete|Cana­|I|,1,Goa,2017,South Goa,Salcete,Cana­,gram_panchayat,I,,gp_ward,ward,NONE,NONE,sc_st_bc,1,Woman,Women,all_seats,seat,,,,,,,latin,local_elections,e0ae2676d62a-dirty,data/goa/2017/salcete.pdf,16,page,
goa/gp_ward/2017,924af8767f29,Goa|2017|gp_ward|South Goa|Salcete|Benaulim|II|,1,Goa,2017,South Goa,Salcete,Benaulim,gram_panchayat,II,,gp_ward,ward,NONE,NONE,sc_st_bc,1,Woman,Women,all_seats,seat,,,,,,,latin,local_elections,e0ae2676d62a-dirty,data/goa/2017/salcete.pdf,17,page,
goa/gp_ward/2017,7300b6c628ab,Goa|2017|gp_ward|South Goa|Salcete|Cana­|III|,1,Goa,2017,South Goa,Salcete,Cana­,gram_panchayat,III,,gp_ward,ward,NONE,NONE,sc_st_bc,0,Other than Woman,General,all_seats,seat,,,,,,,latin,local_elections,e0ae2676d62a-dirty,data/goa/2017/salcete.pdf,17,page,
goa/gp_ward/2017,0d148d57efc6,Goa|2017|gp_ward|South Goa|Salcete|Benaulim|V|,1,Goa,2017,South Goa,Salcete,Benaulim,gram_panchayat,V,,gp_ward,ward,NONE,NONE,sc_st_bc,1,Woman,Women,all_seats,seat,,,,,,,latin,local_elections,e0ae2676d62a-dirty,data/goa/2017/salcete.pdf,17,page,
goa/gp_ward/2017,fd40ce05a1c6,Goa|2017|gp_ward|South Goa|Salcete|Cana­|X|,1,Goa,2017,South Goa,Salcete,Cana­,gram_panchayat,X,,gp_ward,ward,NONE,NONE,sc_st_bc,0,Other than Woman,General,all_seats,seat,,,,,,,latin,local_elections,e0ae2676d62a-dirty,data/goa/2017/salcete.pdf,18,page,
goa/gp_ward/2017,0c3047e5fa03,Goa|2017|gp_ward|South Goa|Salcete|Varca|I|,1,Goa,2017,South Goa,Salcete,Varca,gram_panchayat,I,,gp_ward,ward,NONE,NONE,sc_st_bc,0,Other than Woman,General,all_seats,seat,,,,,,,latin,local_elections,e0ae2676d62a-dirty,data/goa/2017/salcete.pdf,18,page,
goa/gp_ward/2017,7bda121899f2,Goa|2017|gp_ward|South Goa|Salcete|Cavelossin|I|,1,Goa,2017,South Goa,Salcete,Cavelossin,gram_panchayat,I,,gp_ward,ward,BC,BC,sc_st_bc,0,BC Other than Woman,OBC,all_seats,seat,,,,,,,latin,local_elections,e0ae2676d62a-dirty,data/goa/2017/salcete.pdf,21,page,
goa/gp_ward/2017,0f22f37f33cd,Goa|2017|gp_ward|South Goa|Salcete|Orlim|I|,1,Goa,2017,South Goa,Salcete,Orlim,gram_panchayat,I,,gp_ward,ward,NONE,NONE,sc_st_bc,0,Other than Woman,General,all_seats,seat,,,,,,,latin,local_elections,e0ae2676d62a-dirty,data/goa/2017/salcete.pdf,22,page,
goa/gp_ward/2017,130f53a34627,Goa|2017|gp_ward|South Goa|Salcete|Rumdamol­|I|,1,Goa,2017,South Goa,Salcete,Rumdamol­,gram_panchayat,I,,gp_ward,ward,NONE,NONE,sc_st_bc,0,Other than Woman,General,all_seats,seat,,,,,,,latin,local_elections,e0ae2676d62a-dirty,data/goa/2017/salcete.pdf,22,page,
goa/gp_ward/2017,050d7a900522,Goa|2017|gp_ward|South Goa|Salcete|Aquem­Baixo|I|,1,Goa,2017,South Goa,Salcete,Aquem­Baixo,gram_panchayat,I,,gp_ward,ward,NONE,NONE,sc_st_bc,0,Other than Woman,General,all_seats,seat,,,,,,,latin,local_elections,e0ae2676d62a-dirty,data/goa/2017/salcete.pdf,26,page,
goa/gp_ward/2017,694a3a9226ce,Goa|2017|gp_ward|South Goa|Salcete|Guirdolim|I|,1,Goa,2017,South Goa,Salcete,Guirdolim,gram_panchayat,I,,gp_ward,ward,ST,ST,sc_st_bc,0,ST Other than Woman,ST,all_seats,seat,,,,,,,latin,local_elections,e0ae2676d62a-dirty,data/goa/2017/salcete.pdf,27,page,
goa/gp_ward/2017,a3c10baf035a,Goa|2017|gp_ward|South Goa|Salcete|Guirdolim|II|,1,Goa,2017,South Goa,Salcete,Guirdolim,gram_panchayat,II,,gp_ward,ward,NONE,NONE,sc_st_bc,0,Other than Woman,General,all_seats,seat,,,,,,,latin,local_elections,e0ae2676d62a-dirty,data/goa/2017/salcete.pdf,27,page,
goa/gp_ward/2017,1fc69acfad17,Goa|2017|gp_ward|South Goa|Salcete|Guirdolim|III|,1,Goa,2017,South Goa,Salcete,Guirdolim,gram_panchayat,III,,gp_ward,ward,NONE,NONE,sc_st_bc,1,Woman,Women,all_seats,seat,,,,,,,latin,local_elections,e0ae2676d62a-dirty,data/goa/2017/salcete.pdf,27,page,
goa/gp_ward/2017,a0ed506e747d,Goa|2017|gp_ward|South Goa|Salcete|Guirdolim|V|,1,Goa,2017,South Goa,Salcete,Guirdolim,gram_panchayat,V,,gp_ward,ward,NONE,NONE,sc_st_bc,0,Other than Woman,General,all_seats,seat,,,,,,,latin,local_elections,e0ae2676d62a-dirty,data/goa/2017/salcete.pdf,28,page,
goa/gp_ward/2017,5e79ed12ed84,Goa|2017|gp_ward|South Goa|Salcete|Paroda|I|,1,Goa,2017,South Goa,Salcete,Paroda,gram_panchayat,I,,gp_ward,ward,NONE,NONE,sc_st_bc,0,Other than Woman,General,all_seats,seat,,,,,,,latin,local_elections,e0ae2676d62a-dirty,data/goa/2017/salcete.pdf,28,page,
goa/gp_ward/2017,9b378810ffc2,Goa|2017|gp_ward|South Goa|Salcete|Paroda|II|,1,Goa,2017,South Goa,Salcete,Paroda,gram_panchayat,II,,gp_ward,ward,NONE,NONE,sc_st_bc,0,Other than Woman,General,all_seats,seat,,,,,,,latin,local_elections,e0ae2676d62a-dirty,data/goa/2017/salcete.pdf,28,page,
goa/gp_ward/2017,ef13ffd66280,Goa|2017|gp_ward|South Goa|Salcete|Paroda|VII|,1,Goa,2017,South Goa,Salcete,Paroda,gram_panchayat,VII,,gp_ward,ward,BC,BC,sc_st_bc,0,BC Other than Woman,OBC,all_seats,seat,,,,,,,latin,local_elections,e0ae2676d62a-dirty,data/goa/2017/salcete.pdf,29,page,
goa/gp_ward/2017,672d4d4ebd23,Goa|2017|gp_ward|South Goa|Salcete|Cavorim|I|,1,Goa,2017,South Goa,Salcete,Cavorim,gram_panchayat,I,,gp_ward,ward,NONE,NONE,sc_st_bc,0,Other than Woman,General,all_seats,seat,,,,,,,latin,local_elections,e0ae2676d62a-dirty,data/goa/2017/salcete.pdf,29,page,
goa/gp_ward/2017,ccea189bc45f,Goa|2017|gp_ward|South Goa|Salcete|Cavorim|II|,1,Goa,2017,South Goa,Salcete,Cavorim,gram_panchayat,II,,gp_ward,ward,NONE,NONE,sc_st_bc,0,Other than Woman,General,all_seats,seat,,,,,,,latin,local_elections,e0ae2676d62a-dirty,data/goa/2017/salcete.pdf,29,page,
goa/gp_ward/2017,b4cbecb7b73b,Goa|2017|gp_ward|South Goa|Salcete|Chandor­|III|,1,Goa,2017,South Goa,Salcete,Chandor­,gram_panchayat,III,,gp_ward,ward,NONE,NONE,sc_st_bc,1,Woman,Women,all_seats,seat,,,,,,,latin,local_elections,e0ae2676d62a-dirty,data/goa/2017/salcete.pdf,29,page,
goa/gp_ward/2017,bd1a03e2ea9d,Goa|2017|gp_ward|South Goa|Salcete|Chandor­|V|,1,Goa,2017,South Goa,Salcete,Chandor­,gram_panchayat,V,,gp_ward,ward,NONE,NONE,sc_st_bc,0,Other than Woman,General,all_seats,seat,,,,,,,latin,local_elections,e0ae2676d62a-dirty,data/goa/2017/salcete.pdf,29,page,
goa/gp_ward/2017,e1a12c98c419,Goa|2017|gp_ward|South Goa|Salcete|Curtorim|I|,1,Goa,2017,South Goa,Salcete,Curtorim,gram_panchayat,I,,gp_ward,ward,NONE,NONE,sc_st_bc,1,Woman,Women,all_seats,seat,,,,,,,latin,local_elections,e0ae2676d62a-dirty,data/goa/2017/salcete.pdf,29,page,
goa/gp_ward/2017,db8c776806b9,Goa|2017|gp_ward|South Goa|Salcete|Curtorim|II|,1,Goa,2017,South Goa,Salcete,Curtorim,gram_panchayat,II,,gp_ward,ward,NONE,NONE,sc_st_bc,1,Woman,Women,all_seats,seat,,,,,,,latin,local_elections,e0ae2676d62a-dirty,data/goa/2017/salcete.pdf,29,page,
goa/gp_ward/2017,c0b7c2393b89,Goa|2017|gp_ward|South Goa|Salcete|Curtorim|III|,1,Goa,2017,South Goa,Salcete,Curtorim,gram_panchayat,III,,gp_ward,ward,BC,BC,sc_st_bc,0,BC Other than Woman,OBC,all_seats,seat,,,,,,,latin,local_elections,e0ae2676d62a-dirty,data/goa/2017/salcete.pdf,30,page,
goa/gp_ward/2017,38b743635ee7,Goa|2017|gp_ward|South Goa|Salcete|Curtorim|V|,1,Goa,2017,South Goa,Salcete,Curtorim,gram_panchayat,V,,gp_ward,ward,NONE,NONE,sc_st_bc,1,Woman,Women,all_seats,seat,,,,,,,latin,local_elections,e0ae2676d62a-dirty,data/goa/2017/salcete.pdf,30,page,
goa/gp_ward/2017,1742858a3d63,Goa|2017|gp_ward|South Goa|Salcete|Curtorim|X|,1,Goa,2017,South Goa,Salcete,Curtorim,gram_panchayat,X,,gp_ward,ward,NONE,NONE,sc_st_bc,0,Other than Woman,General,all_seats,seat,,,,,,,latin,local_elections,e0ae2676d62a-dirty,data/goa/2017/salcete.pdf,31,page,
goa/gp_ward/2017,8b896e257475,Goa|2017|gp_ward|South Goa|Salcete|Sao Jose de|II|,1,Goa,2017,South Goa,Salcete,Sao Jose de,gram_panchayat,II,,gp_ward,ward,ST,ST,sc_st_bc,0,ST Other than Woman,ST,all_seats,seat,,,,,,,latin,local_elections,e0ae2676d62a-dirty,data/goa/2017/salcete.pdf,31,page,
goa/gp_ward/2017,5b9d682bbf2d,Goa|2017|gp_ward|South Goa|Salcete|Sao Jose de|III|,1,Goa,2017,South Goa,Salcete,Sao Jose de,gram_panchayat,III,,gp_ward,ward,NONE,NONE,sc_st_bc,1,Woman,Women,all_seats,seat,,,,,,,latin,local_elections,e0ae2676d62a-dirty,data/goa/2017/salcete.pdf,31,page,
goa/gp_ward/2017,b3ba3b1f4dd5,Goa|2017|gp_ward|South Goa|Salcete|Areal|V|,1,Goa,2017,South Goa,Salcete,Areal,gram_panchayat,V,,gp_ward,ward,NONE,NONE,sc_st_bc,1,Woman,Women,all_seats,seat,,,,,,,latin,local_elections,e0ae2676d62a-dirty,data/goa/2017/salcete.pdf,31,page,
goa/gp_ward/2017,cec4af134e59,Goa|2017|gp_ward|South Goa|Salcete|Areal|VII|,1,Goa,2017,South Goa,Salcete,Areal,gram_panchayat,VII,,gp_ward,ward,BC,BC,sc_st_bc,0,BC Other than Woman,OBC,all_seats,seat,,,,,,,latin,local_elections,e0ae2676d62a-dirty,data/goa/2017/salcete.pdf,32,page,
goa/gp_ward/2017,1d33d15b718f,Goa|2017|gp_ward|South Goa|Salcete|Sao Jose de|X|,1,Goa,2017,South Goa,Salcete,Sao Jose de,gram_panchayat,X,,gp_ward,ward,ST,ST,sc_st_bc,0,ST Other than Woman,ST,all_seats,seat,,,,,,,latin,local_elections,e0ae2676d62a-dirty,data/goa/2017/salcete.pdf,32,page,
goa/gp_ward/2017,ea61f15c0b40,Goa|2017|gp_ward|South Goa|Salcete|Macasana|I|,1,Goa,2017,South Goa,Salcete,Macasana,gram_panchayat,I,,gp_ward,ward,NONE,NONE,sc_st_bc,0,Other than Woman,General,all_seats,seat,,,,,,,latin,local_elections,e0ae2676d62a-dirty,data/goa/2017/salcete.pdf,32,page,
goa/gp_ward/2017,4d715a51531a,Goa|2017|gp_ward|South Goa|Salcete|Macasana|II|,1,Goa,2017,South Goa,Salcete,Macasana,gram_panchayat,II,,gp_ward,ward,NONE,NONE,sc_st_bc,0,Other than Woman,General,all_seats,seat,,,,,,,latin,local_elections,e0ae2676d62a-dirty,data/goa/2017/salcete.pdf,32,page,
goa/gp_ward/2017,e3229aa5705e,Goa|2017|gp_ward|South Goa|Salcete|Macasana|III|,1,Goa,2017,South Goa,Salcete,Macasana,gram_panchayat,III,,gp_ward,ward,NONE,NONE,sc_st_bc,1,Woman,Women,all_seats,seat,,,,,,,latin,local_elections,e0ae2676d62a-dirty,data/goa/2017/salcete.pdf,33,page,
goa/gp_ward/2017,1ec621ba64a0,Goa|2017|gp_ward|South Goa|Salcete|Macasana|V|,1,Goa,2017,South Goa,Salcete,Macasana,gram_panchayat,V,,gp_ward,ward,NONE,NONE,sc_st_bc,0,Other than Woman,General,all_seats,seat,,,,,,,latin,local_elections,e0ae2676d62a-dirty,data/goa/2017/salcete.pdf,33,page,
goa/gp_ward/2017,4abc28c8b7da,Goa|2017|gp_ward|South Goa|Salcete|Navelim|I|,1,Goa,2017,South Goa,Salcete,Navelim,gram_panchayat,I,,gp_ward,ward,NONE,NONE,sc_st_bc,1,Woman,Women,all_seats,seat,,,,,,,latin,local_elections,e0ae2676d62a-dirty,data/goa/2017/salcete.pdf,33,page,
goa/gp_ward/2017,c637ddfb1adf,Goa|2017|gp_ward|South Goa|Salcete|Telaulim|I|,1,Goa,2017,South Goa,Salcete,Telaulim,gram_panchayat,I,,gp_ward,ward,NONE,NONE,sc_st_bc,0,Other than Woman,General,all_seats,seat,,,,,,,latin,local_elections,e0ae2676d62a-dirty,data/goa/2017/salcete.pdf,35,page,
goa/gp_ward/2017,37f552fa8714,Goa|2017|gp_ward|South Goa|Salcete|Telaulim|V|,1,Goa,2017,South Goa,Salcete,Telaulim,gram_panchayat,V,,gp_ward,ward,NONE,NONE,sc_st_bc,0,Other than Woman,General,all_seats,seat,,,,,,,latin,local_elections,e0ae2676d62a-dirty,data/goa/2017/salcete.pdf,35,page,
goa/gp_ward/2017,383f05cf4fb0,Goa|2017|gp_ward|South Goa|Salcete|Dramapur­|I|,1,Goa,2017,South Goa,Salcete,Dramapur­,gram_panchayat,I,,gp_ward,ward,NONE,NONE,sc_st_bc,0,Other than Woman,General,all_seats,seat,,,,,,,latin,local_elections,e0ae2676d62a-dirty,data/goa/2017/salcete.pdf,35,page,
goa/gp_ward/2017,64ebcbf49106,Goa|2017|gp_ward|South Goa|Salcete|Sarzora|I|,1,Goa,2017,South Goa,Salcete,Sarzora,gram_panchayat,I,,gp_ward,ward,BC,BC,sc_st_bc,0,BC Other than Woman,OBC,all_seats,seat,,,,,,,latin,local_elections,e0ae2676d62a-dirty,data/goa/2017/salcete.pdf,36,page,
goa/gp_ward/2017,3b35541fd131,Goa|2017|gp_ward|South Goa|Salcete|Sarzora|II|,1,Goa,2017,South Goa,Salcete,Sarzora,gram_panchayat,II,,gp_ward,ward,NONE,NONE,sc_st_bc,0,Other than Woman,General,all_seats,seat,,,,,,,latin,local_elections,e0ae2676d62a-dirty,data/goa/2017/salcete.pdf,36,page,
goa/gp_ward/2017,f1f12b2b79c3,Goa|2017|gp_ward|South Goa|Salcete|Sarzora|III|,1,Goa,2017,South Goa,Salcete,Sarzora,gram_panchayat,III,,gp_ward,ward,NONE,NONE,sc_st_bc,1,Woman,Women,all_seats,seat,,,,,,,latin,local_elections,e0ae2676d62a-dirty,data/goa/2017/salcete.pdf,36,page,
goa/gp_ward/2017,77c67dd21c99,Goa|2017|gp_ward|South Goa|Salcete|Sarzora|V|,1,Goa,2017,South Goa,Salcete,Sarzora,gram_panchayat,V,,gp_ward,ward,NONE,NONE,sc_st_bc,0,Other than Woman,General,all_seats,seat,,,,,,,latin,local_elections,e0ae2676d62a-dirty,data/goa/2017/salcete.pdf,37,page,
goa/gp_ward/2017,1d0d407be173,Goa|2017|gp_ward|South Goa|Sanguem|Sanvordem|I|,1,Goa,2017,South Goa,Sanguem,Sanvordem,gram_panchayat,I,,gp_ward,ward,NONE,NONE,sc_st_bc,0,Other than Woman,General,all_seats,seat,,,,,,,latin,local_elections,e0ae2676d62a-dirty,data/goa/2017/sanguem.pdf,1,page,
goa/gp_ward/2017,4d8b7c5fe96f,Goa|2017|gp_ward|South Goa|Sanguem|Sanvordem|II|,1,Goa,2017,South Goa,Sanguem,Sanvordem,gram_panchayat,II,,gp_ward,ward,BC,BC,sc_st_bc,0,BC Other than Woman,OBC,all_seats,seat,,,,,,,latin,local_elections,e0ae2676d62a-dirty,data/goa/2017/sanguem.pdf,1,page,
goa/gp_ward/2017,d4108792c800,Goa|2017|gp_ward|South Goa|Sanguem|Sanvordem|IV|,1,Goa,2017,South Goa,Sanguem,Sanvordem,gram_panchayat,IV,,gp_ward,ward,NONE,NONE,sc_st_bc,0,Other than Woman,General,all_seats,seat,,,,,,,latin,local_elections,e0ae2676d62a-dirty,data/goa/2017/sanguem.pdf,1,page,
goa/gp_ward/2017,4d2f4130e7de,Goa|2017|gp_ward|South Goa|Sanguem|Sanvordem|V|,1,Goa,2017,South Goa,Sanguem,Sanvordem,gram_panchayat,V,,gp_ward,ward,NONE,NONE,sc_st_bc,1,Woman,Women,all_seats,seat,,,,,,,latin,local_elections,e0ae2676d62a-dirty,data/goa/2017/sanguem.pdf,2,page,
goa/gp_ward/2017,20f89e653da7,Goa|2017|gp_ward|South Goa|Sanguem|Sanvordem|VI|,1,Goa,2017,South Goa,Sanguem,Sanvordem,gram_panchayat,VI,,gp_ward,ward,NONE,NONE,sc_st_bc,0,Other than Woman,General,all_seats,seat,,,,,,,latin,local_elections,e0ae2676d62a-dirty,data/goa/2017/sanguem.pdf,2,page,
goa/gp_ward/2017,2370edecf193,Goa|2017|gp_ward|South Goa|Sanguem|Sanvordem|VII|,1,Goa,2017,South Goa,Sanguem,Sanvordem,gram_panchayat,VII,,gp_ward,ward,BC,BC,sc_st_bc,0,BC Other than Woman,OBC,all_seats,seat,,,,,,,latin,local_elections,e0ae2676d62a-dirty,data/goa/2017/sanguem.pdf,2,page,
goa/gp_ward/2017,ba6387456273,Goa|2017|gp_ward|South Goa|Sanguem|Sanvordem|IX|,1,Goa,2017,South Goa,Sanguem,Sanvordem,gram_panchayat,IX,,gp_ward,ward,NONE,NONE,sc_st_bc,0,Other than Woman,General,all_seats,seat,,,,,,,latin,local_elections,e0ae2676d62a-dirty,data/goa/2017/sanguem.pdf,2,page,
goa/gp_ward/2017,156f2e9cdf15,Goa|2017|gp_ward|South Goa|Sanguem|Calem|I|,1,Goa,2017,South Goa,Sanguem,Calem,gram_panchayat,I,,gp_ward,ward,BC,BC,sc_st_bc,0,BC Other than Woman,OBC,all_seats,seat,,,,,,,latin,local_elections,e0ae2676d62a-dirty,data/goa/2017/sanguem.pdf,2,page,
goa/gp_ward/2017,784badcb53dd,Goa|2017|gp_ward|South Goa|Sanguem|Calem|III|,1,Goa,2017,South Goa,Sanguem,Calem,gram_panchayat,III,,gp_ward,ward,NONE,NONE,sc_st_bc,1,Woman,Women,all_seats,seat,,,,,,,latin,local_elections,e0ae2676d62a-dirty,data/goa/2017/sanguem.pdf,3,page,
goa/gp_ward/2017,3fe93ed583b7,Goa|2017|gp_ward|South Goa|Sanguem|Calem|IV|,1,Goa,2017,South Goa,Sanguem,Calem,gram_panchayat,IV,,gp_ward,ward,ST,ST,sc_st_bc,1,ST Woman,ST Women,all_seats,seat,,,,,,,latin,local_elections,e0ae2676d62a-dirty,data/goa/2017/sanguem.pdf,3,page,
goa/gp_ward/2017,510bfe0b2f19,Goa|2017|gp_ward|South Goa|Sanguem|Calem|V|,1,Goa,2017,South Goa,Sanguem,Calem,gram_panchayat,V,,gp_ward,ward,NONE,NONE,sc_st_bc,0,Other than Woman,General,all_seats,seat,,,,,,,latin,local_elections,e0ae2676d62a-dirty,data/goa/2017/sanguem.pdf,3,page,
goa/gp_ward/2017,3c23a3b32402,Goa|2017|gp_ward|South Goa|Sanguem|Calem|VI|,1,Goa,2017,South Goa,Sanguem,Calem,gram_panchayat,VI,,gp_ward,ward,NONE,NONE,sc_st_bc,0,Other than Woman,General,all_seats,seat,,,,,,,latin,local_elections,e0ae2676d62a-dirty,data/goa/2017/sanguem.pdf,3,page,
goa/gp_ward/2017,9d1325f5a15e,Goa|2017|gp_ward|South Goa|Sanguem|Calem|VII|,1,Goa,2017,South Goa,Sanguem,Calem,gram_panchayat,VII,,gp_ward,ward,BC,BC,sc_st_bc,0,BC Other than Woman,OBC,all_seats,seat,,,,,,,latin,local_elections,e0ae2676d62a-dirty,data/goa/2017/sanguem.pdf,3,page,
goa/gp_ward/2017,dd2a9d2bfc92,Goa|2017|gp_ward|South Goa|Sanguem|Rivona|I|,1,Goa,2017,South Goa,Sanguem,Rivona,gram_panchayat,I,,gp_ward,ward,NONE,NONE,sc_st_bc,0,Other than Woman,General,all_seats,seat,,,,,,,latin,local_elections,e0ae2676d62a-dirty,data/goa/2017/sanguem.pdf,4,page,
goa/gp_ward/2017,582596a0d474,Goa|2017|gp_ward|South Goa|Sanguem|Rivona|II|,1,Goa,2017,South Goa,Sanguem,Rivona,gram_panchayat,II,,gp_ward,ward,NONE,NONE,sc_st_bc,0,Other than Woman,General,all_seats,seat,,,,,,,latin,local_elections,e0ae2676d62a-dirty,data/goa/2017/sanguem.pdf,4,page,
goa/gp_ward/2017,b06ee793e7c5,Goa|2017|gp_ward|South Goa|Sanguem|Rivona|III|,1,Goa,2017,South Goa,Sanguem,Rivona,gram_panchayat,III,,gp_ward,ward,NONE,NONE,sc_st_bc,1,Woman,Women,all_seats,seat,,,,,,,latin,local_elections,e0ae2676d62a-dirty,data/goa/2017/sanguem.pdf,4,page,
goa/gp_ward/2017,2f902dd1c001,Goa|2017|gp_ward|South Goa|Sanguem|Rivona|IV|,1,Goa,2017,South Goa,Sanguem,Rivona,gram_panchayat,IV,,gp_ward,ward,ST,ST,sc_st_bc,0,ST Other than Woman,ST,all_seats,seat,,,,,,,latin,local_elections,e0ae2676d62a-dirty,data/goa/2017/sanguem.pdf,4,page,
goa/gp_ward/2017,72ff41d14213,Goa|2017|gp_ward|South Goa|Sanguem|Rivona|VI|,1,Goa,2017,South Goa,Sanguem,Rivona,gram_panchayat,VI,,gp_ward,ward,BC,BC,sc_st_bc,0,BC Other than Woman,OBC,all_seats,seat,,,,,,,latin,local_elections,e0ae2676d62a-dirty,data/goa/2017/sanguem.pdf,4,page,
goa/gp_ward/2017,21f076eda751,Goa|2017|gp_ward|South Goa|Sanguem|Rivona|VII|,1,Goa,2017,South Goa,Sanguem,Rivona,gram_panchayat,VII,,gp_ward,ward,ST,ST,sc_st_bc,0,ST Other than Woman,ST,all_seats,seat,,,,,,,latin,local_elections,e0ae2676d62a-dirty,data/goa/2017/sanguem.pdf,4,page,
goa/gp_ward/2017,c57c67cfc8a9,Goa|2017|gp_ward|South Goa|Sanguem|Rivona|VIII|,1,Goa,2017,South Goa,Sanguem,Rivona,gram_panchayat,VIII,,gp_ward,ward,NONE,NONE,sc_st_bc,1,Woman,Women,all_seats,seat,,,,,,,latin,local_elections,e0ae2676d62a-dirty,data/goa/2017/sanguem.pdf,5,page,
goa/gp_ward/2017,c94bea0e27e2,Goa|2017|gp_ward|South Goa|Sanguem|Rivona|IX|,1,Goa,2017,South Goa,Sanguem,Rivona,gram_panchayat,IX,,gp_ward,ward,NONE,NONE,sc_st_bc,0,Other than Woman,General,all_seats,seat,,,,,,,latin,local_elections,e0ae2676d62a-dirty,data/goa/2017/sanguem.pdf,5,page,
goa/gp_ward/2017,1dfe515387a1,Goa|2017|gp_ward|South Goa|Sanguem|Uguem|I|,1,Goa,2017,South Goa,Sanguem,Uguem,gram_panchayat,I,,gp_ward,ward,NONE,NONE,sc_st_bc,0,Other than Woman,General,all_seats,seat,,,,,,,latin,local_elections,e0ae2676d62a-dirty,data/goa/2017/sanguem.pdf,5,page,
goa/gp_ward/2017,4d816e633c25,Goa|2017|gp_ward|South Goa|Sanguem|Uguem|II|,1,Goa,2017,South Goa,Sanguem,Uguem,gram_panchayat,II,,gp_ward,ward,BC,BC,sc_st_bc,0,BC Other than Woman,OBC,all_seats,seat,,,,,,,latin,local_elections,e0ae2676d62a-dirty,data/goa/2017/sanguem.pdf,5,page,
goa/gp_ward/2017,902c5133755c,Goa|2017|gp_ward|South Goa|Sanguem|Uguem|III|,1,Goa,2017,South Goa,Sanguem,Uguem,gram_panchayat,III,,gp_ward,ward,NONE,NONE,sc_st_bc,1,Woman,Women,all_seats,seat,,,,,,,latin,local_elections,e0ae2676d62a-dirty,data/goa/2017/sanguem.pdf,5,page,
goa/gp_ward/2017,2eb2c510397e,Goa|2017|gp_ward|South Goa|Sanguem|Uguem|V|,1,Goa,2017,South Goa,Sanguem,Uguem,gram_panchayat,V,,gp_ward,ward,NONE,NONE,sc_st_bc,0,Other than Woman,General,all_seats,seat,,,,,,,latin,local_elections,e0ae2676d62a-dirty,data/goa/2017/sanguem.pdf,5,page,
goa/gp_ward/2017,43a77c88e2a4,Goa|2017|gp_ward|South Goa|Sanguem|Uguem|VI|,1,Goa,2017,South Goa,Sanguem,Uguem,gram_panchayat,VI,,gp_ward,ward,BC,BC,sc_st_bc,0,BC Other than Woman,OBC,all_seats,seat,,,,,,,latin,local_elections,e0ae2676d62a-dirty,data/goa/2017/sanguem.pdf,6,page,
goa/gp_ward/2017,fdf04083e761,Goa|2017|gp_ward|South Goa|Sanguem|Uguem|VII|,1,Goa,2017,South Goa,Sanguem,Uguem,gram_panchayat,VII,,gp_ward,ward,NONE,NONE,sc_st_bc,0,Other than Woman,General,all_seats,seat,,,,,,,latin,local_elections,e0ae2676d62a-dirty,data/goa/2017/sanguem.pdf,6,page,
goa/gp_ward/2017,00484130e8b3,Goa|2017|gp_ward|South Goa|Sanguem|Netorlim|I|,1,Goa,2017,South Goa,Sanguem,Netorlim,gram_panchayat,I,,gp_ward,ward,NONE,NONE,sc_st_bc,0,Other than Woman,General,all_seats,seat,,,,,,,latin,local_elections,e0ae2676d62a-dirty,data/goa/2017/sanguem.pdf,6,page,
goa/gp_ward/2017,e0d4ba3867bc,Goa|2017|gp_ward|South Goa|Sanguem|Netorlim|II|,1,Goa,2017,South Goa,Sanguem,Netorlim,gram_panchayat,II,,gp_ward,ward,ST,ST,sc_st_bc,0,ST Other than Woman,ST,all_seats,seat,,,,,,,latin,local_elections,e0ae2676d62a-dirty,data/goa/2017/sanguem.pdf,6,page,
goa/gp_ward/2017,3fe7b8930e4b,Goa|2017|gp_ward|South Goa|Sanguem|Netorlim|IV|,1,Goa,2017,South Goa,Sanguem,Netorlim,gram_panchayat,IV,,gp_ward,ward,NONE,NONE,sc_st_bc,1,Woman,Women,all_seats,seat,,,,,,,latin,local_elections,e0ae2676d62a-dirty,data/goa/2017/sanguem.pdf,6,page,
goa/gp_ward/2017,a040e960e535,Goa|2017|gp_ward|South Goa|Sanguem|Netorlim|V|,1,Goa,2017,South Goa,Sanguem,Netorlim,gram_panchayat,V,,gp_ward,ward,NONE,NONE,sc_st_bc,0,Other than Woman,General,all_seats,seat,,,,,,,latin,local_elections,e0ae2676d62a-dirty,data/goa/2017/sanguem.pdf,6,page,
goa/gp_ward/2017,c3dbf19a95c1,Goa|2017|gp_ward|South Goa|Sanguem|Netorlim|VI|,1,Goa,2017,South Goa,Sanguem,Netorlim,gram_panchayat,VI,,gp_ward,ward,ST,ST,sc_st_bc,0,ST Other than Woman,ST,all_seats,seat,,,,,,,latin,local_elections,e0ae2676d62a-dirty,data/goa/2017/sanguem.pdf,6,page,
goa/gp_ward/2017,b3dfb04ce9d0,Goa|2017|gp_ward|South Goa|Sanguem|Netorlim|VII|,1,Goa,2017,South Goa,Sanguem,Netorlim,gram_panchayat,VII,,gp_ward,ward,NONE,NONE,sc_st_bc,0,Other than Woman,General,all_seats,seat,,,,,,,latin,local_elections,e0ae2676d62a-dirty,data/goa/2017/sanguem.pdf,7,page,
goa/gp_ward/2017,71ddaf58771e,Goa|2017|gp_ward|South Goa|Sanguem|Curdi­Vaddem|I|,1,Goa,2017,South Goa,Sanguem,Curdi­Vaddem,gram_panchayat,I,,gp_ward,ward,BC,BC,sc_st_bc,0,BC Other than Woman,OBC,all_seats,seat,,,,,,,latin,local_elections,e0ae2676d62a-dirty,data/goa/2017/sanguem.pdf,7,page,
goa/gp_ward/2017,b12f9534b7eb,Goa|2017|gp_ward|South Goa|Sanguem|Curdi­Vaddem|II|,1,Goa,2017,South Goa,Sanguem,Curdi­Vaddem,gram_panchayat,II,,gp_ward,ward,NONE,NONE,sc_st_bc,0,Other than Woman,General,all_seats,seat,,,,,,,latin,local_elections,e0ae2676d62a-dirty,data/goa/2017/sanguem.pdf,7,page,
goa/gp_ward/2017,a1c321ffb24f,Goa|2017|gp_ward|South Goa|Sanguem|Curdi­Vaddem|III|,1,Goa,2017,South Goa,Sanguem,Curdi­Vaddem,gram_panchayat,III,,gp_ward,ward,NONE,NONE,sc_st_bc,1,Woman,Women,all_seats,seat,,,,,,,latin,local_elections,e0ae2676d62a-dirty,data/goa/2017/sanguem.pdf,7,page,
goa/gp_ward/2017,dba72b5e9f2b,Goa|2017|gp_ward|South Goa|Sanguem|Curdi­Vaddem|IV|,1,Goa,2017,South Goa,Sanguem,Curdi­Vaddem,gram_panchayat,IV,,gp_ward,ward,ST,ST,sc_st_bc,1,ST Woman,ST Women,all_seats,seat,,,,,,,latin,local_elections,e0ae2676d62a-dirty,data/goa/2017/sanguem.pdf,7,page,
goa/gp_ward/2017,a8536131c330,Goa|2017|gp_ward|South Goa|Sanguem|Curdi­Vaddem|V|,1,Goa,2017,South Goa,Sanguem,Curdi­Vaddem,gram_panchayat,V,,gp_ward,ward,NONE,NONE,sc_st_bc,0,Other than Woman,General,all_seats,seat,,,,,,,latin,local_elections,e0ae2676d62a-dirty,data/goa/2017/sanguem.pdf,7,page,
goa/gp_ward/2017,a86f3554328e,Goa|2017|gp_ward|South Goa|Sanguem|Curdi­Vaddem|VI|,1,Goa,2017,South Goa,Sanguem,Curdi­Vaddem,gram_panchayat,VI,,gp_ward,ward,NONE,NONE,sc_st_bc,0,Other than Woman,General,all_seats,seat,,,,,,,latin,local_elections,e0ae2676d62a-dirty,data/goa/2017/sanguem.pdf,8,page,
goa/gp_ward/2017,321f6ab55808,Goa|2017|gp_ward|South Goa|Sanguem|Curdi­Vaddem|VII|,1,Goa,2017,South Goa,Sanguem,Curdi­Vaddem,gram_panchayat,VII,,gp_ward,ward,NONE,NONE,sc_st_bc,0,Other than Woman,General,all_seats,seat,,,,,,,latin,local_elections,e0ae2676d62a-dirty,data/goa/2017/sanguem.pdf,8,page,
goa/gp_ward/2017,9f2a9267c6be,Goa|2017|gp_ward|South Goa|Sanguem|Bhati|I|,1,Goa,2017,South Goa,Sanguem,Bhati,gram_panchayat,I,,gp_ward,ward,ST,ST,sc_st_bc,0,ST Other than Woman,ST,all_seats,seat,,,,,,,latin,local_elections,e0ae2676d62a-dirty,data/goa/2017/sanguem.pdf,8,page,
goa/gp_ward/2017,09269db57937,Goa|2017|gp_ward|South Goa|Sanguem|Bhati|II|,1,Goa,2017,South Goa,Sanguem,Bhati,gram_panchayat,II,,gp_ward,ward,NONE,NONE,sc_st_bc,0,Other than Woman,General,all_seats,seat,,,,,,,latin,local_elections,e0ae2676d62a-dirty,data/goa/2017/sanguem.pdf,8,page,
goa/gp_ward/2017,bae1b8bfbde3,Goa|2017|gp_ward|South Goa|Sanguem|Bhati|III|,1,Goa,2017,South Goa,Sanguem,Bhati,gram_panchayat,III,,gp_ward,ward,NONE,NONE,sc_st_bc,1,Woman,Women,all_seats,seat,,,,,,,latin,local_elections,e0ae2676d62a-dirty,data/goa/2017/sanguem.pdf,8,page,
goa/gp_ward/2017,6a1fdea67181,Goa|2017|gp_ward|South Goa|Sanguem|Bhati|IV|,1,Goa,2017,South Goa,Sanguem,Bhati,gram_panchayat,IV,,gp_ward,ward,ST,ST,sc_st_bc,1,ST Woman,ST Women,all_seats,seat,,,,,,,latin,local_elections,e0ae2676d62a-dirty,data/goa/2017/sanguem.pdf,8,page,
goa/gp_ward/2017,f0141a55083e,Goa|2017|gp_ward|South Goa|Sanguem|Bhati|V|,1,Goa,2017,South Goa,Sanguem,Bhati,gram_panchayat,V,,gp_ward,ward,NONE,NONE,sc_st_bc,0,Other than Woman,General,all_seats,seat,,,,,,,latin,local_elections,e0ae2676d62a-dirty,data/goa/2017/sanguem.pdf,8,page,
goa/gp_ward/2017,590ca8c9630b,Goa|2017|gp_ward|South Goa|Sanguem|Bhati|VI|,1,Goa,2017,South Goa,Sanguem,Bhati,gram_panchayat,VI,,gp_ward,ward,BC,BC,sc_st_bc,0,BC Other than Woman,OBC,all_seats,seat,,,,,,,latin,local_elections,e0ae2676d62a-dirty,data/goa/2017/sanguem.pdf,8,page,
goa/gp_ward/2017,5e3e489c28c0,Goa|2017|gp_ward|South Goa|Sanguem|Bhati|VII|,1,Goa,2017,South Goa,Sanguem,Bhati,gram_panchayat,VII,,gp_ward,ward,NONE,NONE,sc_st_bc,0,Other than Woman,General,all_seats,seat,,,,,,,latin,local_elections,e0ae2676d62a-dirty,data/goa/2017/sanguem.pdf,9,page,
goa/gp_ward/2017,72d2d9be50ab,Goa|2017|gp_ward|North Goa|Sattari|Honda|I|,1,Goa,2017,North Goa,Sattari,Honda,gram_panchayat,I,,gp_ward,ward,NONE,NONE,sc_st_bc,1,Woman,Women,all_seats,seat,,,,,,,latin,local_elections,e0ae2676d62a-dirty,data/goa/2017/sattari.pdf,1,page,
goa/gp_ward/2017,db8d5825ff43,Goa|2017|gp_ward|North Goa|Sattari|Honda|II|,1,Goa,2017,North Goa,Sattari,Honda,gram_panchayat,II,,gp_ward,ward,NONE,NONE,sc_st_bc,0,Other than Woman,General,all_seats,seat,,,,,,,latin,local_elections,e0ae2676d62a-dirty,data/goa/2017/sattari.pdf,1,page,
goa/gp_ward/2017,393368aac253,Goa|2017|gp_ward|North Goa|Sattari|Honda|III|,1,Goa,2017,North Goa,Sattari,Honda,gram_panchayat,III,,gp_ward,ward,NONE,NONE,sc_st_bc,1,Woman,Women,all_seats,seat,,,,,,,latin,local_elections,e0ae2676d62a-dirty,data/goa/2017/sattari.pdf,1,page,
goa/gp_ward/2017,35de19ed60a2,Goa|2017|gp_ward|North Goa|Sattari|Honda|IV|,1,Goa,2017,North Goa,Sattari,Honda,gram_panchayat,IV,,gp_ward,ward,NONE,NONE,sc_st_bc,0,Other than Woman,General,all_seats,seat,,,,,,,latin,local_elections,e0ae2676d62a-dirty,data/goa/2017/sattari.pdf,1,page,
goa/gp_ward/2017,7d171fe6cb13,Goa|2017|gp_ward|North Goa|Sattari|Honda|VI|,1,Goa,2017,North Goa,Sattari,Honda,gram_panchayat,VI,,gp_ward,ward,NONE,NONE,sc_st_bc,0,Other than Woman,General,all_seats,seat,,,,,,,latin,local_elections,e0ae2676d62a-dirty,data/goa/2017/sattari.pdf,2,page,
goa/gp_ward/2017,98c4dbf29cea,Goa|2017|gp_ward|North Goa|Sattari|Honda|VII|,1,Goa,2017,North Goa,Sattari,Honda,gram_panchayat,VII,,gp_ward,ward,NONE,NONE,sc_st_bc,0,Other than Woman,General,all_seats,seat,,,,,,,latin,local_elections,e0ae2676d62a-dirty,data/goa/2017/sattari.pdf,2,page,
goa/gp_ward/2017,081e9fae9330,Goa|2017|gp_ward|North Goa|Sattari|Honda|IX|,1,Goa,2017,North Goa,Sattari,Honda,gram_panchayat,IX,,gp_ward,ward,BC,BC,sc_st_bc,0,BC Other than Woman,OBC,all_seats,seat,,,,,,,latin,local_elections,e0ae2676d62a-dirty,data/goa/2017/sattari.pdf,2,page,
goa/gp_ward/2017,fed402ab0a1f,Goa|2017|gp_ward|North Goa|Sattari|Honda|X|,1,Goa,2017,North Goa,Sattari,Honda,gram_panchayat,X,,gp_ward,ward,NONE,NONE,sc_st_bc,0,Other than Woman,General,all_seats,seat,,,,,,,latin,local_elections,e0ae2676d62a-dirty,data/goa/2017/sattari.pdf,2,page,
goa/gp_ward/2017,49b6306d5939,Goa|2017|gp_ward|North Goa|Sattari|Poriem|I|,1,Goa,2017,North Goa,Sattari,Poriem,gram_panchayat,I,,gp_ward,ward,NONE,NONE,sc_st_bc,0,Other than Woman,General,all_seats,seat,,,,,,,latin,local_elections,e0ae2676d62a-dirty,data/goa/2017/sattari.pdf,3,page,
goa/gp_ward/2017,200f798a4236,Goa|2017|gp_ward|North Goa|Sattari|Poriem|II|,1,Goa,2017,North Goa,Sattari,Poriem,gram_panchayat,II,,gp_ward,ward,NONE,NONE,sc_st_bc,0,Other than Woman,General,all_seats,seat,,,,,,,latin,local_elections,e0ae2676d62a-dirty,data/goa/2017/sattari.pdf,3,page,
goa/gp_ward/2017,c56d588dde93,Goa|2017|gp_ward|North Goa|Sattari|Poriem|III|,1,Goa,2017,North Goa,Sattari,Poriem,gram_panchayat,III,,gp_ward,ward,NONE,NONE,sc_st_bc,1,Woman,Women,all_seats,seat,,,,,,,latin,local_elections,e0ae2676d62a-dirty,data/goa/2017/sattari.pdf,3,page,
goa/gp_ward/2017,b15e7dc352e2,Goa|2017|gp_ward|North Goa|Sattari|Poriem|IV|,1,Goa,2017,North Goa,Sattari,Poriem,gram_panchayat,IV,,gp_ward,ward,NONE,NONE,sc_st_bc,0,Other than Woman,General,all_seats,seat,,,,,,,latin,local_elections,e0ae2676d62a-dirty,data/goa/2017/sattari.pdf,3,page,
goa/gp_ward/2017,b7f30413d7d1,Goa|2017|gp_ward|North Goa|Sattari|Poriem|V|,1,Goa,2017,North Goa,Sattari,Poriem,gram_panchayat,V,,gp_ward,ward,NONE,NONE,sc_st_bc,1,Woman,Women,all_seats,seat,,,,,,,latin,local_elections,e0ae2676d62a-dirty,data/goa/2017/sattari.pdf,3,page,
goa/gp_ward/2017,6f85d38fce3e,Goa|2017|gp_ward|North Goa|Sattari|Poriem|VI|,1,Goa,2017,North Goa,Sattari,Poriem,gram_panchayat,VI,,gp_ward,ward,NONE,NONE,sc_st_bc,0,Other than Woman,General,all_seats,seat,,,,,,,latin,local_elections,e0ae2676d62a-dirty,data/goa/2017/sattari.pdf,3,page,
goa/gp_ward/2017,d8469c8e0aaf,Goa|2017|gp_ward|North Goa|Sattari|Poriem|VII|,1,Goa,2017,North Goa,Sattari,Poriem,gram_panchayat,VII,,gp_ward,ward,NONE,NONE,sc_st_bc,0,Other than Woman,General,all_seats,seat,,,,,,,latin,local_elections,e0ae2676d62a-dirty,data/goa/2017/sattari.pdf,4,page,
goa/gp_ward/2017,17e751ac7bf9,Goa|2017|gp_ward|North Goa|Sattari|Poriem|IX|,1,Goa,2017,North Goa,Sattari,Poriem,gram_panchayat,IX,,gp_ward,ward,NONE,NONE,sc_st_bc,0,Other than Woman,General,all_seats,seat,,,,,,,latin,local_elections,e0ae2676d62a-dirty,data/goa/2017/sattari.pdf,4,page,
goa/gp_ward/2017,fc2b54f2742c,Goa|2017|gp_ward|North Goa|Sattari|Pissurlem|I|,1,Goa,2017,North Goa,Sattari,Pissurlem,gram_panchayat,I,,gp_ward,ward,ST,ST,sc_st_bc,0,ST Other than Woman,ST,all_seats,seat,,,,,,,latin,local_elections,e0ae2676d62a-dirty,data/goa/2017/sattari.pdf,4,page,
goa/gp_ward/2017,7182cb7dff44,Goa|2017|gp_ward|North Goa|Sattari|Pissurlem|II|,1,Goa,2017,North Goa,Sattari,Pissurlem,gram_panchayat,II,,gp_ward,ward,NONE,NONE,sc_st_bc,0,Other than Woman,General,all_seats,seat,,,,,,,latin,local_elections,e0ae2676d62a-dirty,data/goa/2017/sattari.pdf,4,page,
goa/gp_ward/2017,053246518824,Goa|2017|gp_ward|North Goa|Sattari|Pissurlem|III|,1,Goa,2017,North Goa,Sattari,Pissurlem,gram_panchayat,III,,gp_ward,ward,NONE,NONE,sc_st_bc,1,Woman,Women,all_seats,seat,,,,,,,latin,local_elections,e0ae2676d62a-dirty,data/goa/2017/sattari.pdf,4,page,
goa/gp_ward/2017,4d04e5246b67,Goa|2017|gp_ward|North Goa|Sattari|Pissurlem|V|,1,Goa,2017,North Goa,Sattari,Pissurlem,gram_panchayat,V,,gp_ward,ward,NONE,NONE,sc_st_bc,0,Other than Woman,General,all_seats,seat,,,,,,,latin,local_elections,e0ae2676d62a-dirty,data/goa/2017/sattari.pdf,4,page,
goa/gp_ward/2017,cd2fef6bc903,Goa|2017|gp_ward|North Goa|Sattari|Pissurlem|VI|,1,Goa,2017,North Goa,Sattari,Pissurlem,gram_panchayat,VI,,gp_ward,ward,NONE,NONE,sc_st_bc,0,Other than Woman,General,all_seats,seat,,,,,,,latin,local_elections,e0ae2676d62a-dirty,data/goa/2017/sattari.pdf,5,page,
goa/gp_ward/2017,6635cd1f417c,Goa|2017|gp_ward|North Goa|Sattari|Pissurlem|VII|,1,Goa,2017,North Goa,Sattari,Pissurlem,gram_panchayat,VII,,gp_ward,ward,NONE,NONE,sc_st_bc,0,Other than Woman,General,all_seats,seat,,,,,,,latin,local_elections,e0ae2676d62a-dirty,data/goa/2017/sattari.pdf,5,page,
goa/gp_ward/2017,26d071eb0f79,Goa|2017|gp_ward|North Goa|Sattari|Querim|I|,1,Goa,2017,North Goa,Sattari,Querim,gram_panchayat,I,,gp_ward,ward,NONE,NONE,sc_st_bc,0,Other than Woman,General,all_seats,seat,,,,,,,latin,local_elections,e0ae2676d62a-dirty,data/goa/2017/sattari.pdf,5,page,
goa/gp_ward/2017,91f93ed36a13,Goa|2017|gp_ward|North Goa|Sattari|Querim|II|,1,Goa,2017,North Goa,Sattari,Querim,gram_panchayat,II,,gp_ward,ward,NONE,NONE,sc_st_bc,0,Other than Woman,General,all_seats,seat,,,,,,,latin,local_elections,e0ae2676d62a-dirty,data/goa/2017/sattari.pdf,5,page,
goa/gp_ward/2017,ba9b54315a2d,Goa|2017|gp_ward|North Goa|Sattari|Querim|IV|,1,Goa,2017,North Goa,Sattari,Querim,gram_panchayat,IV,,gp_ward,ward,NONE,NONE,sc_st_bc,0,Other than Woman,General,all_seats,seat,,,,,,,latin,local_elections,e0ae2676d62a-dirty,data/goa/2017/sattari.pdf,5,page,
goa/gp_ward/2017,8c072e027ba2,Goa|2017|gp_ward|North Goa|Sattari|Querim|V|,1,Goa,2017,North Goa,Sattari,Querim,gram_panchayat,V,,gp_ward,ward,NONE,NONE,sc_st_bc,1,Woman,Women,all_seats,seat,,,,,,,latin,local_elections,e0ae2676d62a-dirty,data/goa/2017/sattari.pdf,5,page,
goa/gp_ward/2017,e63595d8c502,Goa|2017|gp_ward|North Goa|Sattari|Querim|VI|,1,Goa,2017,North Goa,Sattari,Querim,gram_panchayat,VI,,gp_ward,ward,NONE,NONE,sc_st_bc,0,Other than Woman,General,all_seats,seat,,,,,,,latin,local_elections,e0ae2676d62a-dirty,data/goa/2017/sattari.pdf,6,page,
goa/gp_ward/2017,f3c199fdb5c4,Goa|2017|gp_ward|North Goa|Sattari|Querim|VII|,1,Goa,2017,North Goa,Sattari,Querim,gram_panchayat,VII,,gp_ward,ward,NONE,NONE,sc_st_bc,0,Other than Woman,General,all_seats,seat,,,,,,,latin,local_elections,e0ae2676d62a-dirty,data/goa/2017/sattari.pdf,6,page,
goa/gp_ward/2017,c7f77e4ab560,Goa|2017|gp_ward|North Goa|Sattari|Querim|VIII|,1,Goa,2017,North Goa,Sattari,Querim,gram_panchayat,VIII,,gp_ward,ward,NONE,NONE,sc_st_bc,1,Woman,Women,all_seats,seat,,,,,,,latin,local_elections,e0ae2676d62a-dirty,data/goa/2017/sattari.pdf,6,page,
goa/gp_ward/2017,75352b5e94e8,Goa|2017|gp_ward|North Goa|Sattari|Querim|IX|,1,Goa,2017,North Goa,Sattari,Querim,gram_panchayat,IX,,gp_ward,ward,NONE,NONE,sc_st_bc,0,Other than Woman,General,all_seats,seat,,,,,,,latin,local_elections,e0ae2676d62a-dirty,data/goa/2017/sattari.pdf,6,page,
goa/gp_ward/2017,e0ed2eaf7e48,Goa|2017|gp_ward|North Goa|Sattari|Thane|I|,1,Goa,2017,North Goa,Sattari,Thane,gram_panchayat,I,,gp_ward,ward,SC,SC,sc_st_bc,0,SC Other than Woman,SC,all_seats,seat,,,,,,,latin,local_elections,e0ae2676d62a-dirty,data/goa/2017/sattari.pdf,6,page,
goa/gp_ward/2017,903afc65bbce,Goa|2017|gp_ward|North Goa|Sattari|Thane|II|,1,Goa,2017,North Goa,Sattari,Thane,gram_panchayat,II,,gp_ward,ward,NONE,NONE,sc_st_bc,0,Other than Woman,General,all_seats,seat,,,,,,,latin,local_elections,e0ae2676d62a-dirty,data/goa/2017/sattari.pdf,6,page,
goa/gp_ward/2017,11d8a3c3aff3,Goa|2017|gp_ward|North Goa|Sattari|Dongurli­|III|,1,Goa,2017,North Goa,Sattari,Dongurli­,gram_panchayat,III,,gp_ward,ward,NONE,NONE,sc_st_bc,1,Woman,Women,all_seats,seat,,,,,,,latin,local_elections,e0ae2676d62a-dirty,data/goa/2017/sattari.pdf,6,page,
goa/gp_ward/2017,9c3e71195f71,Goa|2017|gp_ward|North Goa|Sattari|Thane|IV|,1,Goa,2017,North Goa,Sattari,Thane,gram_panchayat,IV,,gp_ward,ward,NONE,NONE,sc_st_bc,0,Other than Woman,General,all_seats,seat,,,,,,,latin,local_elections,e0ae2676d62a-dirty,data/goa/2017/sattari.pdf,7,page,
goa/gp_ward/2017,a860536cd775,Goa|2017|gp_ward|North Goa|Sattari|Dongurli­|V|,1,Goa,2017,North Goa,Sattari,Dongurli­,gram_panchayat,V,,gp_ward,ward,NONE,NONE,sc_st_bc,1,Woman,Women,all_seats,seat,,,,,,,latin,local_elections,e0ae2676d62a-dirty,data/goa/2017/sattari.pdf,7,page,
goa/gp_ward/2017,d86fe6c75014,Goa|2017|gp_ward|North Goa|Sattari|Dongurli­|VI|,1,Goa,2017,North Goa,Sattari,Dongurli­,gram_panchayat,VI,,gp_ward,ward,NONE,NONE,sc_st_bc,0,Other than Woman,General,all_seats,seat,,,,,,,latin,local_elections,e0ae2676d62a-dirty,data/goa/2017/sattari.pdf,7,page,
goa/gp_ward/2017,c6ca7c3a704f,Goa|2017|gp_ward|North Goa|Sattari|Dongurli­|VII|,1,Goa,2017,North Goa,Sattari,Dongurli­,gram_panchayat,VII,,gp_ward,ward,NONE,NONE,sc_st_bc,0,Other than Woman,General,all_seats,seat,,,,,,,latin,local_elections,e0ae2676d62a-dirty,data/goa/2017/sattari.pdf,7,page,
goa/gp_ward/2017,760db8f11d0c,Goa|2017|gp_ward|North Goa|Sattari|Dongurli­|VIII|,1,Goa,2017,North Goa,Sattari,Dongurli­,gram_panchayat,VIII,,gp_ward,ward,NONE,NONE,sc_st_bc,1,Woman,Women,all_seats,seat,,,,,,,latin,local_elections,e0ae2676d62a-dirty,data/goa/2017/sattari.pdf,7,page,
goa/gp_ward/2017,30bb89ec7c82,Goa|2017|gp_ward|North Goa|Sattari|Dongurli­|IX|,1,Goa,2017,North Goa,Sattari,Dongurli­,gram_panchayat,IX,,gp_ward,ward,NONE,NONE,sc_st_bc,0,Other than Woman,General,all_seats,seat,,,,,,,latin,local_elections,e0ae2676d62a-dirty,data/goa/2017/sattari.pdf,7,page,
goa/gp_ward/2017,5c6192f822bf,Goa|2017|gp_ward|North Goa|Sattari|Mauxi|I|,1,Goa,2017,North Goa,Sattari,Mauxi,gram_panchayat,I,,gp_ward,ward,NONE,NONE,sc_st_bc,0,Other than Woman,General,all_seats,seat,,,,,,,latin,local_elections,e0ae2676d62a-dirty,data/goa/2017/sattari.pdf,7,page,
goa/gp_ward/2017,09dd35645fca,Goa|2017|gp_ward|North Goa|Sattari|Mauxi|II|,1,Goa,2017,North Goa,Sattari,Mauxi,gram_panchayat,II,,gp_ward,ward,BC,BC,sc_st_bc,0,BC Other than Woman,OBC,all_seats,seat,,,,,,,latin,local_elections,e0ae2676d62a-dirty,data/goa/2017/sattari.pdf,8,page,
goa/gp_ward/2017,20898f304df0,Goa|2017|gp_ward|North Goa|Sattari|Mauxi|III|,1,Goa,2017,North Goa,Sattari,Mauxi,gram_panchayat,III,,gp_ward,ward,NONE,NONE,sc_st_bc,1,Woman,Women,all_seats,seat,,,,,,,latin,local_elections,e0ae2676d62a-dirty,data/goa/2017/sattari.pdf,8,page,
goa/gp_ward/2017,92cccaa117e6,Goa|2017|gp_ward|North Goa|Sattari|Mauxi|IV|,1,Goa,2017,North Goa,Sattari,Mauxi,gram_panchayat,IV,,gp_ward,ward,NONE,NONE,sc_st_bc,1,Woman,Women,all_seats,seat,,,,,,,latin,local_elections,e0ae2676d62a-dirty,data/goa/2017/sattari.pdf,8,page,
goa/gp_ward/2017,e3c45f8dd90b,Goa|2017|gp_ward|North Goa|Sattari|Mauxi|V|,1,Goa,2017,North Goa,Sattari,Mauxi,gram_panchayat,V,,gp_ward,ward,NONE,NONE,sc_st_bc,0,Other than Woman,General,all_seats,seat,,,,,,,latin,local_elections,e0ae2676d62a-dirty,data/goa/2017/sattari.pdf,8,page,
goa/gp_ward/2017,5366f6802622,Goa|2017|gp_ward|North Goa|Sattari|Mauxi|VI|,1,Goa,2017,North Goa,Sattari,Mauxi,gram_panchayat,VI,,gp_ward,ward,NONE,NONE,sc_st_bc,0,Other than Woman,General,all_seats,seat,,,,,,,latin,local_elections,e0ae2676d62a-dirty,data/goa/2017/sattari.pdf,8,page,
goa/gp_ward/2017,8f4203fdb3ef,Goa|2017|gp_ward|North Goa|Sattari|Mauxi|VII|,1,Goa,2017,North Goa,Sattari,Mauxi,gram_panchayat,VII,,gp_ward,ward,NONE,NONE,sc_st_bc,0,Other than Woman,General,all_seats,seat,,,,,,,latin,local_elections,e0ae2676d62a-dirty,data/goa/2017/sattari.pdf,8,page,
goa/gp_ward/2017,35eb0aa9c27b,Goa|2017|gp_ward|North Goa|Sattari|Morlem|I|,1,Goa,2017,North Goa,Sattari,Morlem,gram_panchayat,I,,gp_ward,ward,BC,BC,sc_st_bc,0,BC Other than Woman,OBC,all_seats,seat,,,,,,,latin,local_elections,e0ae2676d62a-dirty,data/goa/2017/sattari.pdf,8,page,
goa/gp_ward/2017,6c0415165184,Goa|2017|gp_ward|North Goa|Sattari|Morlem|II|,1,Goa,2017,North Goa,Sattari,Morlem,gram_panchayat,II,,gp_ward,ward,NONE,NONE,sc_st_bc,0,Other than Woman,General,all_seats,seat,,,,,,,latin,local_elections,e0ae2676d62a-dirty,data/goa/2017/sattari.pdf,9,page,
goa/gp_ward/2017,838ed0812d5e,Goa|2017|gp_ward|North Goa|Sattari|Morlem|IV|,1,Goa,2017,North Goa,Sattari,Morlem,gram_panchayat,IV,,gp_ward,ward,NONE,NONE,sc_st_bc,1,Woman,Women,all_seats,seat,,,,,,,latin,local_elections,e0ae2676d62a-dirty,data/goa/2017/sattari.pdf,9,page,
goa/gp_ward/2017,0642ab84cb70,Goa|2017|gp_ward|North Goa|Sattari|Morlem|V|,1,Goa,2017,North Goa,Sattari,Morlem,gram_panchayat,V,,gp_ward,ward,NONE,NONE,sc_st_bc,0,Other than Woman,General,all_seats,seat,,,,,,,latin,local_elections,e0ae2676d62a-dirty,data/goa/2017/sattari.pdf,9,page,
goa/gp_ward/2017,435fc0d2c2fc,Goa|2017|gp_ward|North Goa|Sattari|Morlem|VI|,1,Goa,2017,North Goa,Sattari,Morlem,gram_panchayat,VI,,gp_ward,ward,NONE,NONE,sc_st_bc,0,Other than Woman,General,all_seats,seat,,,,,,,latin,local_elections,e0ae2676d62a-dirty,data/goa/2017/sattari.pdf,9,page,
goa/gp_ward/2017,dd598a4ec44d,Goa|2017|gp_ward|North Goa|Sattari|Morlem|VII|,1,Goa,2017,North Goa,Sattari,Morlem,gram_panchayat,VII,,gp_ward,ward,NONE,NONE,sc_st_bc,0,Other than Woman,General,all_seats,seat,,,,,,,latin,local_elections,e0ae2676d62a-dirty,data/goa/2017/sattari.pdf,9,page,
goa/gp_ward/2017,b0a34bd6aad7,Goa|2017|gp_ward|North Goa|Sattari|Nagargao|I|,1,Goa,2017,North Goa,Sattari,Nagargao,gram_panchayat,I,,gp_ward,ward,NONE,NONE,sc_st_bc,0,Other than Woman,General,all_seats,seat,,,,,,,latin,local_elections,e0ae2676d62a-dirty,data/goa/2017/sattari.pdf,9,page,
goa/gp_ward/2017,17833fb8227b,Goa|2017|gp_ward|North Goa|Sattari|Nagargao|II|,1,Goa,2017,North Goa,Sattari,Nagargao,gram_panchayat,II,,gp_ward,ward,BC,BC,sc_st_bc,0,BC Other than Woman,OBC,all_seats,seat,,,,,,,latin,local_elections,e0ae2676d62a-dirty,data/goa/2017/sattari.pdf,9,page,
goa/gp_ward/2017,4457babc2b96,Goa|2017|gp_ward|North Goa|Sattari|Nagargao|III|,1,Goa,2017,North Goa,Sattari,Nagargao,gram_panchayat,III,,gp_ward,ward,NONE,NONE,sc_st_bc,1,Woman,Women,all_seats,seat,,,,,,,latin,local_elections,e0ae2676d62a-dirty,data/goa/2017/sattari.pdf,9,page,
goa/gp_ward/2017,4fce40959784,Goa|2017|gp_ward|North Goa|Sattari|Nagargao|IV|,1,Goa,2017,North Goa,Sattari,Nagargao,gram_panchayat,IV,,gp_ward,ward,NONE,NONE,sc_st_bc,1,Woman,Women,all_seats,seat,,,,,,,latin,local_elections,e0ae2676d62a-dirty,data/goa/2017/sattari.pdf,10,page,
goa/gp_ward/2017,843934e8537b,Goa|2017|gp_ward|North Goa|Sattari|Nagargao|V|,1,Goa,2017,North Goa,Sattari,Nagargao,gram_panchayat,V,,gp_ward,ward,NONE,NONE,sc_st_bc,0,Other than Woman,General,all_seats,seat,,,,,,,latin,local_elections,e0ae2676d62a-dirty,data/goa/2017/sattari.pdf,10,page,
goa/gp_ward/2017,eefb21542913,Goa|2017|gp_ward|North Goa|Sattari|Nagargao|VI|,1,Goa,2017,North Goa,Sattari,Nagargao,gram_panchayat,VI,,gp_ward,ward,NONE,NONE,sc_st_bc,0,Other than Woman,General,all_seats,seat,,,,,,,latin,local_elections,e0ae2676d62a-dirty,data/goa/2017/sattari.pdf,10,page,
goa/gp_ward/2017,7f266f6742e5,Goa|2017|gp_ward|North Goa|Sattari|Nagargao|VII|,1,Goa,2017,North Goa,Sattari,Nagargao,gram_panchayat,VII,,gp_ward,ward,NONE,NONE,sc_st_bc,0,Other than Woman,General,all_seats,seat,,,,,,,latin,local_elections,e0ae2676d62a-dirty,data/goa/2017/sattari.pdf,10,page,
goa/gp_ward/2017,c3f2e641ab69,Goa|2017|gp_ward|North Goa|Sattari|Cotorem|I|,1,Goa,2017,North Goa,Sattari,Cotorem,gram_panchayat,I,,gp_ward,ward,NONE,NONE,sc_st_bc,0,Other than Woman,General,all_seats,seat,,,,,,,latin,local_elections,e0ae2676d62a-dirty,data/goa/2017/sattari.pdf,10,page,
goa/gp_ward/2017,d5a21a89f9cf,Goa|2017|gp_ward|North Goa|Sattari|Cotorem|II|,1,Goa,2017,North Goa,Sattari,Cotorem,gram_panchayat,II,,gp_ward,ward,NONE,NONE,sc_st_bc,0,Other than Woman,General,all_seats,seat,,,,,,,latin,local_elections,e0ae2676d62a-dirty,data/goa/2017/sattari.pdf,10,page,
goa/gp_ward/2017,47e270f64f66,Goa|2017|gp_ward|North Goa|Sattari|Cotorem|V|,1,Goa,2017,North Goa,Sattari,Cotorem,gram_panchayat,V,,gp_ward,ward,NONE,NONE,sc_st_bc,0,Other than Woman,General,all_seats,seat,,,,,,,latin,local_elections,e0ae2676d62a-dirty,data/goa/2017/sattari.pdf,11,page,
goa/gp_ward/2017,3d2a72d483b2,Goa|2017|gp_ward|North Goa|Sattari|Cotorem|VI|,1,Goa,2017,North Goa,Sattari,Cotorem,gram_panchayat,VI,,gp_ward,ward,NONE,NONE,sc_st_bc,0,Other than Woman,General,all_seats,seat,,,,,,,latin,local_elections,e0ae2676d62a-dirty,data/goa/2017/sattari.pdf,11,page,
goa/gp_ward/2017,e64cf7b90f8b,Goa|2017|gp_ward|North Goa|Sattari|Cotorem|VII|,1,Goa,2017,North Goa,Sattari,Cotorem,gram_panchayat,VII,,gp_ward,ward,NONE,NONE,sc_st_bc,0,Other than Woman,General,all_seats,seat,,,,,,,latin,local_elections,e0ae2676d62a-dirty,data/goa/2017/sattari.pdf,11,page,
goa/gp_ward/2017,d80edf64a691,Goa|2017|gp_ward|North Goa|Sattari|Bhironda|I|,1,Goa,2017,North Goa,Sattari,Bhironda,gram_panchayat,I,,gp_ward,ward,NONE,NONE,sc_st_bc,0,Other than Woman,General,all_seats,seat,,,,,,,latin,local_elections,e0ae2676d62a-dirty,data/goa/2017/sattari.pdf,11,page,
goa/gp_ward/2017,42ee48f542ba,Goa|2017|gp_ward|North Goa|Sattari|Bhironda|II|,1,Goa,2017,North Goa,Sattari,Bhironda,gram_panchayat,II,,gp_ward,ward,ST,ST,sc_st_bc,0,ST Other than Woman,ST,all_seats,seat,,,,,,,latin,local_elections,e0ae2676d62a-dirty,data/goa/2017/sattari.pdf,11,page,
goa/gp_ward/2017,7b98b374790e,Goa|2017|gp_ward|North Goa|Sattari|Bhironda|V|,1,Goa,2017,North Goa,Sattari,Bhironda,gram_panchayat,V,,gp_ward,ward,NONE,NONE,sc_st_bc,0,Other than Woman,General,all_seats,seat,,,,,,,latin,local_elections,e0ae2676d62a-dirty,data/goa/2017/sattari.pdf,12,page,
goa/gp_ward/2017,179e904b9910,Goa|2017|gp_ward|North Goa|Sattari|Bhironda|VI|,1,Goa,2017,North Goa,Sattari,Bhironda,gram_panchayat,VI,,gp_ward,ward,NONE,NONE,sc_st_bc,0,Other than Woman,General,all_seats,seat,,,,,,,latin,local_elections,e0ae2676d62a-dirty,data/goa/2017/sattari.pdf,12,page,
goa/gp_ward/2017,2df40bb81177,Goa|2017|gp_ward|North Goa|Sattari|Bhironda|VII|,1,Goa,2017,North Goa,Sattari,Bhironda,gram_panchayat,VII,,gp_ward,ward,NONE,NONE,sc_st_bc,0,Other than Woman,General,all_seats,seat,,,,,,,latin,local_elections,e0ae2676d62a-dirty,data/goa/2017/sattari.pdf,12,page,
goa/gp_ward/2017,7b310253a4f0,Goa|2017|gp_ward|North Goa|Sattari|Sanvordem|I|,1,Goa,2017,North Goa,Sattari,Sanvordem,gram_panchayat,I,,gp_ward,ward,NONE,NONE,sc_st_bc,0,Other than Woman,General,all_seats,seat,,,,,,,latin,local_elections,e0ae2676d62a-dirty,data/goa/2017/sattari.pdf,12,page,
goa/gp_ward/2017,b15900929cec,Goa|2017|gp_ward|North Goa|Sattari|Sanvordem|II|,1,Goa,2017,North Goa,Sattari,Sanvordem,gram_panchayat,II,,gp_ward,ward,NONE,NONE,sc_st_bc,0,Other than Woman,General,all_seats,seat,,,,,,,latin,local_elections,e0ae2676d62a-dirty,data/goa/2017/sattari.pdf,12,page,
goa/gp_ward/2017,173b805398a3,Goa|2017|gp_ward|North Goa|Sattari|Sanvordem|IV|,1,Goa,2017,North Goa,Sattari,Sanvordem,gram_panchayat,IV,,gp_ward,ward,NONE,NONE,sc_st_bc,1,Woman,Women,all_seats,seat,,,,,,,latin,local_elections,e0ae2676d62a-dirty,data/goa/2017/sattari.pdf,12,page,
goa/gp_ward/2017,4d59c69f3515,Goa|2017|gp_ward|North Goa|Sattari|Sanvordem|V|,1,Goa,2017,North Goa,Sattari,Sanvordem,gram_panchayat,V,,gp_ward,ward,NONE,NONE,sc_st_bc,0,Other than Woman,General,all_seats,seat,,,,,,,latin,local_elections,e0ae2676d62a-dirty,data/goa/2017/sattari.pdf,13,page,
goa/gp_ward/2017,4528fc1a201c,Goa|2017|gp_ward|North Goa|Sattari|Sanvordem|VI|,1,Goa,2017,North Goa,Sattari,Sanvordem,gram_panchayat,VI,,gp_ward,ward,NONE,NONE,sc_st_bc,0,Other than Woman,General,all_seats,seat,,,,,,,latin,local_elections,e0ae2676d62a-dirty,data/goa/2017/sattari.pdf,13,page,
goa/gp_ward/2017,d2385c5c94a9,Goa|2017|gp_ward|North Goa|Sattari|Sanvordem|VII|,1,Goa,2017,North Goa,Sattari,Sanvordem,gram_panchayat,VII,,gp_ward,ward,NONE,NONE,sc_st_bc,0,Other than Woman,General,all_seats,seat,,,,,,,latin,local_elections,e0ae2676d62a-dirty,data/goa/2017/sattari.pdf,13,page,
goa/gp_ward/2017,71eb0f3ab605,Goa|2017|gp_ward|North Goa|Sattari|Guleli|I|,1,Goa,2017,North Goa,Sattari,Guleli,gram_panchayat,I,,gp_ward,ward,ST,ST,sc_st_bc,0,ST Other than Woman,ST,all_seats,seat,,,,,,,latin,local_elections,e0ae2676d62a-dirty,data/goa/2017/sattari.pdf,13,page,
goa/gp_ward/2017,64c4081d8e05,Goa|2017|gp_ward|North Goa|Sattari|Guleli|II|,1,Goa,2017,North Goa,Sattari,Guleli,gram_panchayat,II,,gp_ward,ward,NONE,NONE,sc_st_bc,0,Other than Woman,General,all_seats,seat,,,,,,,latin,local_elections,e0ae2676d62a-dirty,data/goa/2017/sattari.pdf,13,page,
goa/gp_ward/2017,bb5b26c9452e,Goa|2017|gp_ward|North Goa|Sattari|Guleli|V|,1,Goa,2017,North Goa,Sattari,Guleli,gram_panchayat,V,,gp_ward,ward,NONE,NONE,sc_st_bc,0,Other than Woman,General,all_seats,seat,,,,,,,latin,local_elections,e0ae2676d62a-dirty,data/goa/2017/sattari.pdf,14,page,
goa/gp_ward/2017,3fddd45bc2d9,Goa|2017|gp_ward|North Goa|Sattari|Guleli|VI|,1,Goa,2017,North Goa,Sattari,Guleli,gram_panchayat,VI,,gp_ward,ward,BC,BC,sc_st_bc,0,BC Other than Woman,OBC,all_seats,seat,,,,,,,latin,local_elections,e0ae2676d62a-dirty,data/goa/2017/sattari.pdf,14,page,
goa/gp_ward/2017,5f7f6154f2e2,Goa|2017|gp_ward|North Goa|Sattari|Guleli|VII|,1,Goa,2017,North Goa,Sattari,Guleli,gram_panchayat,VII,,gp_ward,ward,NONE,NONE,sc_st_bc,0,Other than Woman,General,all_seats,seat,,,,,,,latin,local_elections,e0ae2676d62a-dirty,data/goa/2017/sattari.pdf,14,page,
goa/gp_ward/2017,f17b1100d54b,Goa|2017|gp_ward|North Goa|Tiswadi|St.Cruz|I|,1,Goa,2017,North Goa,Tiswadi,St.Cruz,gram_panchayat,I,,gp_ward,ward,NONE,NONE,sc_st_bc,1,Woman,Women,all_seats,seat,,,,,,,latin,local_elections,e0ae2676d62a-dirty,data/goa/2017/tiswadi.pdf,1,page,
goa/gp_ward/2017,d7c1b9ec882f,Goa|2017|gp_ward|North Goa|Tiswadi|St.Cruz|II|,1,Goa,2017,North Goa,Tiswadi,St.Cruz,gram_panchayat,II,,gp_ward,ward,NONE,NONE,sc_st_bc,1,Woman,Women,all_seats,seat,,,,,,,latin,local_elections,e0ae2676d62a-dirty,data/goa/2017/tiswadi.pdf,1,page,
goa/gp_ward/2017,bbb30e621c00,Goa|2017|gp_ward|North Goa|Tiswadi|St.Cruz|III|,1,Goa,2017,North Goa,Tiswadi,St.Cruz,gram_panchayat,III,,gp_ward,ward,BC,BC,sc_st_bc,0,BC Other than Woman,OBC,all_seats,seat,,,,,,,latin,local_elections,e0ae2676d62a-dirty,data/goa/2017/tiswadi.pdf,1,page,
goa/gp_ward/2017,7a0f48e6a9d2,Goa|2017|gp_ward|North Goa|Tiswadi|St.Cruz|V|,1,Goa,2017,North Goa,Tiswadi,St.Cruz,gram_panchayat,V,,gp_ward,ward,NONE,NONE,sc_st_bc,1,Woman,Women,all_seats,seat,,,,,,,latin,local_elections,e0ae2676d62a-dirty,data/goa/2017/tiswadi.pdf,2,page,
goa/gp_ward/2017,3f384b174fe0,Goa|2017|gp_ward|North Goa|Tiswadi|St.Cruz|X|,1,Goa,2017,North Goa,Tiswadi,St.Cruz,gram_panchayat,X,,gp_ward,ward,NONE,NONE,sc_st_bc,0,Other than Woman,General,all_seats,seat,,,,,,,latin,local_elections,e0ae2676d62a-dirty,data/goa/2017/tiswadi.pdf,4,page,
goa/gp_ward/2017,e91d5ba4d082,Goa|2017|gp_ward|North Goa|Tiswadi|Curca­Bambolim­|I|,1,Goa,2017,North Goa,Tiswadi,Curca­Bambolim­,gram_panchayat,I,,gp_ward,ward,NONE,NONE,sc_st_bc,0,Other than Woman,General,all_seats,seat,,,,,,,latin,local_elections,e0ae2676d62a-dirty,data/goa/2017/tiswadi.pdf,4,page,
goa/gp_ward/2017,aa8e4333a0e0,Goa|2017|gp_ward|North Goa|Tiswadi|Curca­Bambolim­|II|,1,Goa,2017,North Goa,Tiswadi,Curca­Bambolim­,gram_panchayat,II,,gp_ward,ward,NONE,NONE,sc_st_bc,0,Other than Woman,General,all_seats,seat,,,,,,,latin,local_elections,e0ae2676d62a-dirty,data/goa/2017/tiswadi.pdf,4,page,
goa/gp_ward/2017,cfae12dc57c3,Goa|2017|gp_ward|North Goa|Tiswadi|Talaulim|III|,1,Goa,2017,North Goa,Tiswadi,Talaulim,gram_panchayat,III,,gp_ward,ward,NONE,NONE,sc_st_bc,1,Woman,Women,all_seats,seat,,,,,,,latin,local_elections,e0ae2676d62a-dirty,data/goa/2017/tiswadi.pdf,5,page,
goa/gp_ward/2017,24209726f320,Goa|2017|gp_ward|North Goa|Tiswadi|Curca­Bambolim­|X|,1,Goa,2017,North Goa,Tiswadi,Curca­Bambolim­,gram_panchayat,X,,gp_ward,ward,NONE,NONE,sc_st_bc,0,Other than Woman,General,all_seats,seat,,,,,,,latin,local_elections,e0ae2676d62a-dirty,data/goa/2017/tiswadi.pdf,6,page,
goa/gp_ward/2017,c2a4c7553c99,Goa|2017|gp_ward|North Goa|Tiswadi|Siridao­Palem|I|,1,Goa,2017,North Goa,Tiswadi,Siridao­Palem,gram_panchayat,I,,gp_ward,ward,BC,BC,sc_st_bc,0,BC Other than Woman,OBC,all_seats,seat,,,,,,,latin,local_elections,e0ae2676d62a-dirty,data/goa/2017/tiswadi.pdf,7,page,
goa/gp_ward/2017,a4cfa68d9443,Goa|2017|gp_ward|North Goa|Tiswadi|Siridao­Palem|II|,1,Goa,2017,North Goa,Tiswadi,Siridao­Palem,gram_panchayat,II,,gp_ward,ward,NONE,NONE,sc_st_bc,0,Other than Woman,General,all_seats,seat,,,,,,,latin,local_elections,e0ae2676d62a-dirty,data/goa/2017/tiswadi.pdf,7,page,
goa/gp_ward/2017,4c2be7d1c2eb,Goa|2017|gp_ward|North Goa|Tiswadi|Siridao­Palem|V|,1,Goa,2017,North Goa,Tiswadi,Siridao­Palem,gram_panchayat,V,,gp_ward,ward,NONE,NONE,sc_st_bc,0,Other than Woman,General,all_seats,seat,,,,,,,latin,local_elections,e0ae2676d62a-dirty,data/goa/2017/tiswadi.pdf,8,page,
goa/gp_ward/2017,275a7a4dc613,Goa|2017|gp_ward|North Goa|Tiswadi|Batim|I|,1,Goa,2017,North Goa,Tiswadi,Batim,gram_panchayat,I,,gp_ward,ward,BC,BC,sc_st_bc,0,BC Other than Woman,OBC,all_seats,seat,,,,,,,latin,local_elections,e0ae2676d62a-dirty,data/goa/2017/tiswadi.pdf,8,page,
goa/gp_ward/2017,d5ac99506720,Goa|2017|gp_ward|North Goa|Tiswadi|Batim|II|,1,Goa,2017,North Goa,Tiswadi,Batim,gram_panchayat,II,,gp_ward,ward,NONE,NONE,sc_st_bc,0,Other than Woman,General,all_seats,seat,,,,,,,latin,local_elections,e0ae2676d62a-dirty,data/goa/2017/tiswadi.pdf,9,page,
goa/gp_ward/2017,d14d4b13d1d9,Goa|2017|gp_ward|North Goa|Tiswadi|Batim|III|,1,Goa,2017,North Goa,Tiswadi,Batim,gram_panchayat,III,,gp_ward,ward,NONE,NONE,sc_st_bc,1,Woman,Women,all_seats,seat,,,,,,,latin,local_elections,e0ae2676d62a-dirty,data/goa/2017/tiswadi.pdf,9,page,
goa/gp_ward/2017,10ef08a7f482,Goa|2017|gp_ward|North Goa|Tiswadi|Batim|V|,1,Goa,2017,North Goa,Tiswadi,Batim,gram_panchayat,V,,gp_ward,ward,NONE,NONE,sc_st_bc,0,Other than Woman,General,all_seats,seat,,,,,,,latin,local_elections,e0ae2676d62a-dirty,data/goa/2017/tiswadi.pdf,9,page,
goa/gp_ward/2017,d75a771ad7bc,Goa|2017|gp_ward|North Goa|Tiswadi|Chimbel|I|,1,Goa,2017,North Goa,Tiswadi,Chimbel,gram_panchayat,I,,gp_ward,ward,NONE,NONE,sc_st_bc,1,Woman,Women,all_seats,seat,,,,,,,latin,local_elections,e0ae2676d62a-dirty,data/goa/2017/tiswadi.pdf,10,page,
goa/gp_ward/2017,36bdbeef1607,Goa|2017|gp_ward|North Goa|Tiswadi|Chimbel|II|,1,Goa,2017,North Goa,Tiswadi,Chimbel,gram_panchayat,II,,gp_ward,ward,NONE,NONE,sc_st_bc,1,Woman,Women,all_seats,seat,,,,,,,latin,local_elections,e0ae2676d62a-dirty,data/goa/2017/tiswadi.pdf,10,page,
goa/gp_ward/2017,a5986fba63a3,Goa|2017|gp_ward|North Goa|Tiswadi|Chimbel|III|,1,Goa,2017,North Goa,Tiswadi,Chimbel,gram_panchayat,III,,gp_ward,ward,NONE,NONE,sc_st_bc,0,Other than Woman,General,all_seats,seat,,,,,,,latin,local_elections,e0ae2676d62a-dirty,data/goa/2017/tiswadi.pdf,11,page,
goa/gp_ward/2017,7c1f709000ee,Goa|2017|gp_ward|North Goa|Tiswadi|Chimbel|X|,1,Goa,2017,North Goa,Tiswadi,Chimbel,gram_panchayat,X,,gp_ward,ward,ST,ST,sc_st_bc,0,ST Other than Woman,ST,all_seats,seat,,,,,,,latin,local_elections,e0ae2676d62a-dirty,data/goa/2017/tiswadi.pdf,14,page,
goa/gp_ward/2017,52cd1d212270,Goa|2017|gp_ward|North Goa|Tiswadi|Merces|II|,1,Goa,2017,North Goa,Tiswadi,Merces,gram_panchayat,II,,gp_ward,ward,NONE,NONE,sc_st_bc,0,Other than Woman,General,all_seats,seat,,,,,,,latin,local_elections,e0ae2676d62a-dirty,data/goa/2017/tiswadi.pdf,15,page,
goa/gp_ward/2017,ea6b9a9d5211,Goa|2017|gp_ward|North Goa|Tiswadi|Merces|X|,1,Goa,2017,North Goa,Tiswadi,Merces,gram_panchayat,X,,gp_ward,ward,NONE,NONE,sc_st_bc,0,Other than Woman,General,all_seats,seat,,,,,,,latin,local_elections,e0ae2676d62a-dirty,data/goa/2017/tiswadi.pdf,17,page,
goa/gp_ward/2017,a6654118d44b,Goa|2017|gp_ward|North Goa|Tiswadi|St.Lawrence(Agassaim)|I|,1,Goa,2017,North Goa,Tiswadi,St.Lawrence(Agassaim),gram_panchayat,I,,gp_ward,ward,NONE,NONE,sc_st_bc,1,Woman,Women,all_seats,seat,,,,,,,latin,local_elections,e0ae2676d62a-dirty,data/goa/2017/tiswadi.pdf,30,page,
goa/gp_ward/2017,a9cdb63bfdac,Goa|2017|gp_ward|North Goa|Tiswadi|St.Lawrence(Agassaim)|III|,1,Goa,2017,North Goa,Tiswadi,St.Lawrence(Agassaim),gram_panchayat,III,,gp_ward,ward,NONE,NONE,sc_st_bc,0,Other than Woman,General,all_seats,seat,,,,,,,latin,local_elections,e0ae2676d62a-dirty,data/goa/2017/tiswadi.pdf,31,page,
goa/gp_ward/2017,ca0a1a5cc740,Goa|2017|gp_ward|North Goa|Tiswadi|St.Lawrence(Agassaim)|V|,1,Goa,2017,North Goa,Tiswadi,St.Lawrence(Agassaim),gram_panchayat,V,,gp_ward,ward,NONE,NONE,sc_st_bc,1,Woman,Women,all_seats,seat,,,,,,,latin,local_elections,e0ae2676d62a-dirty,data/goa/2017/tiswadi.pdf,31,page,
goa/gp_ward/2017,92d4e8f1bda8,Goa|2017|gp_ward|North Goa|Tiswadi|St.Lawrence(Agassaim)|X|,1,Goa,2017,North Goa,Tiswadi,St.Lawrence(Agassaim),gram_panchayat,X,,gp_ward,ward,NONE,NONE,sc_st_bc,0,Other than Woman,General,all_seats,seat,,,,,,,latin,local_elections,e0ae2676d62a-dirty,data/goa/2017/tiswadi.pdf,32,page,
goa/gp_ward/2017,96f4d47b5093,Goa|2017|gp_ward|North Goa|Tiswadi|St.Andre (Goa Velha)|I|,1,Goa,2017,North Goa,Tiswadi,St.Andre (Goa Velha),gram_panchayat,I,,gp_ward,ward,NONE,NONE,sc_st_bc,0,Other than Woman,General,all_seats,seat,,,,,,,latin,local_elections,e0ae2676d62a-dirty,data/goa/2017/tiswadi.pdf,35,page,
goa/gp_ward/2017,694646de0d75,Goa|2017|gp_ward|North Goa|Tiswadi|St.Andre (Goa Velha)|II|,1,Goa,2017,North Goa,Tiswadi,St.Andre (Goa Velha),gram_panchayat,II,,gp_ward,ward,NONE,NONE,sc_st_bc,0,Other than Woman,General,all_seats,seat,,,,,,,latin,local_elections,e0ae2676d62a-dirty,data/goa/2017/tiswadi.pdf,35,page,
goa/gp_ward/2017,ea578ccffe5e,Goa|2017|gp_ward|North Goa|Tiswadi|St.Andre (Goa Velha)|V|,1,Goa,2017,North Goa,Tiswadi,St.Andre (Goa Velha),gram_panchayat,V,,gp_ward,ward,NONE,NONE,sc_st_bc,1,Woman,Women,all_seats,seat,,,,,,,latin,local_elections,e0ae2676d62a-dirty,data/goa/2017/tiswadi.pdf,36,page,
goa/gp_ward/2017,c4096ea1840d,Goa|2017|gp_ward|North Goa|Tiswadi|Neura|I|,1,Goa,2017,North Goa,Tiswadi,Neura,gram_panchayat,I,,gp_ward,ward,NONE,NONE,sc_st_bc,0,Other than Woman,General,all_seats,seat,,,,,,,latin,local_elections,e0ae2676d62a-dirty,data/goa/2017/tiswadi.pdf,38,page,
goa/gp_ward/2017,fd3dac8f8a55,Goa|2017|gp_ward|North Goa|Tiswadi|Neura|V|,1,Goa,2017,North Goa,Tiswadi,Neura,gram_panchayat,V,,gp_ward,ward,NONE,NONE,sc_st_bc,0,Other than Woman,General,all_seats,seat,,,,,,,latin,local_elections,e0ae2676d62a-dirty,data/goa/2017/tiswadi.pdf,39,page,
goa/gp_ward/2017,642939502069,Goa|2017|gp_ward|North Goa|Tiswadi||I|,1,Goa,2017,North Goa,Tiswadi,,,I,,gp_ward,ward,NONE,NONE,sc_st_bc,0,Other than Woman,General,all_seats,seat,,,,,,,latin,local_elections,e0ae2676d62a-dirty,data/goa/2017/tiswadi.pdf,40,page,
goa/gp_ward/2017,70942ec58156,Goa|2017|gp_ward|North Goa|Tiswadi||VIII|,1,Goa,2017,North Goa,Tiswadi,,,VIII,,gp_ward,ward,NONE,NONE,sc_st_bc,1,Woman,Women,all_seats,seat,,,,,,,latin,local_elections,e0ae2676d62a-dirty,data/goa/2017/tiswadi.pdf,42,page,
goa/gp_ward/2022,7ac46402d8c1,Goa|2022|gp_ward|South Goa|Quepem|Balli- Adnem|I|,1,Goa,2022,South Goa,Quepem,Balli- Adnem,gram_panchayat,I,,gp_ward,ward,ST,ST,sc_st_bc,1,ST Woman,ST Women,all_seats,seat,,,,,,,latin,local_elections,e0ae2676d62a-dirty,data/goa/2022/list-of-validly-niminated-candidates-quepemvp_2022.pdf,1,page,
goa/gp_ward/2022,e13d401c0537,Goa|2022|gp_ward|South Goa|Quepem|Balli- Adnem|II|,1,Goa,2022,South Goa,Quepem,Balli- Adnem,gram_panchayat,II,,gp_ward,ward,NONE,NONE,sc_st_bc,0,Other than Woman,General,all_seats,seat,,,,,,,latin,local_elections,e0ae2676d62a-dirty,data/goa/2022/list-of-validly-niminated-candidates-quepemvp_2022.pdf,1,page,
goa/gp_ward/2022,3c5434a45f9b,Goa|2022|gp_ward|South Goa|Quepem|Balli- Adnem|III|,1,Goa,2022,South Goa,Quepem,Balli- Adnem,gram_panchayat,III,,gp_ward,ward,NONE,NONE,sc_st_bc,0,Other than Woman,General,all_seats,seat,,,,,,,latin,local_elections,e0ae2676d62a-dirty,data/goa/2022/list-of-validly-niminated-candidates-quepemvp_2022.pdf,1,page,
goa/gp_ward/2022,87f8b521857f,Goa|2022|gp_ward|South Goa|Quepem|Balli- Adnem|IV|,1,Goa,2022,South Goa,Quepem,Balli- Adnem,gram_panchayat,IV,,gp_ward,ward,NONE,NONE,sc_st_bc,0,Other than Woman,General,all_seats,seat,,,,,,,latin,local_elections,e0ae2676d62a-dirty,data/goa/2022/list-of-validly-niminated-candidates-quepemvp_2022.pdf,2,page,
goa/gp_ward/2022,e55d330ec37a,Goa|2022|gp_ward|South Goa|Quepem|Balli- Adnem|V|,1,Goa,2022,South Goa,Quepem,Balli- Adnem,gram_panchayat,V,,gp_ward,ward,NONE,NONE,sc_st_bc,0,Other than Woman,General,all_seats,seat,,,,,,,latin,local_elections,e0ae2676d62a-dirty,data/goa/2022/list-of-validly-niminated-candidates-quepemvp_2022.pdf,2,page,
goa/gp_ward/2022,932917c2e6ca,Goa|2022|gp_ward|South Goa|Quepem|Balli- Adnem|VI|,1,Goa,2022,South Goa,Quepem,Balli- Adnem,gram_panchayat,VI,,gp_ward,ward,NONE,NONE,sc_st_bc,1,Woman,Women,all_seats,seat,,,,,,,latin,local_elections,e0ae2676d62a-dirty,data/goa/2022/list-of-validly-niminated-candidates-quepemvp_2022.pdf,2,page,
goa/gp_ward/2022,65205a012766,Goa|2022|gp_ward|South Goa|Quepem|Balli- Adnem|VII|,1,Goa,2022,South Goa,Quepem,Balli- Adnem,gram_panchayat,VII,,gp_ward,ward,ST,ST,sc_st_bc,1,ST Woman,ST Women,all_seats,seat,,,,,,,latin,local_elections,e0ae2676d62a-dirty,data/goa/2022/list-of-validly-niminated-candidates-quepemvp_2022.pdf,2,page,
goa/gp_ward/2022,8554725d279f,Goa|2022|gp_ward|South Goa|Quepem|Balli- Adnem|VIII|,1,Goa,2022,South Goa,Quepem,Balli- Adnem,gram_panchayat,VIII,,gp_ward,ward,ST,ST,sc_st_bc,0,ST Other than Woman,ST,all_seats,seat,,,,,,,latin,local_elections,e0ae2676d62a-dirty,data/goa/2022/list-of-validly-niminated-candidates-quepemvp_2022.pdf,2,page,
goa/gp_ward/2022,2bbbdd201d43,Goa|2022|gp_ward|South Goa|Quepem|Balli- Adnem|IX|,1,Goa,2022,South Goa,Quepem,Balli- Adnem,gram_panchayat,IX,,gp_ward,ward,ST,ST,sc_st_bc,0,ST Other than Woman,ST,all_seats,seat,,,,,,,latin,local_elections,e0ae2676d62a-dirty,data/goa/2022/list-of-validly-niminated-candidates-quepemvp_2022.pdf,3,page,
goa/gp_ward/2022,b38a60672dde,Goa|2022|gp_ward|South Goa|Quepem|Ambaulim|I|,1,Goa,2022,South Goa,Quepem,Ambaulim,gram_panchayat,I,,gp_ward,ward,ST,ST,sc_st_bc,1,ST Woman,ST Women,all_seats,seat,,,,,,,latin,local_elections,e0ae2676d62a-dirty,data/goa/2022/list-of-validly-niminated-candidates-quepemvp_2022.pdf,3,page,
goa/gp_ward/2022,6eb648e7681e,Goa|2022|gp_ward|South Goa|Quepem|Ambaulim|II|,1,Goa,2022,South Goa,Quepem,Ambaulim,gram_panchayat,II,,gp_ward,ward,ST,ST,sc_st_bc,0,ST Other than Woman,ST,all_seats,seat,,,,,,,latin,local_elections,e0ae2676d62a-dirty,data/goa/2022/list-of-validly-niminated-candidates-quepemvp_2022.pdf,3,page,
goa/gp_ward/2022,c736093281d3,Goa|2022|gp_ward|South Goa|Quepem|Ambaulim|III|,1,Goa,2022,South Goa,Quepem,Ambaulim,gram_panchayat,III,,gp_ward,ward,ST,ST,sc_st_bc,0,ST Other than Woman,ST,all_seats,seat,,,,,,,latin,local_elections,e0ae2676d62a-dirty,data/goa/2022/list-of-validly-niminated-candidates-quepemvp_2022.pdf,3,page,
goa/gp_ward/2022,fedeeb424c11,Goa|2022|gp_ward|South Goa|Quepem|Ambaulim|IV|,1,Goa,2022,South Goa,Quepem,Ambaulim,gram_panchayat,IV,,gp_ward,ward,NONE,NONE,sc_st_bc,0,Other than Woman,General,all_seats,seat,,,,,,,latin,local_elections,e0ae2676d62a-dirty,data/goa/2022/list-of-validly-niminated-candidates-quepemvp_2022.pdf,3,page,
goa/gp_ward/2022,6ecbb102f6ab,Goa|2022|gp_ward|South Goa|Quepem|Ambaulim|V|,1,Goa,2022,South Goa,Quepem,Ambaulim,gram_panchayat,V,,gp_ward,ward,NONE,NONE,sc_st_bc,1,Woman,Women,all_seats,seat,,,,,,,latin,local_elections,e0ae2676d62a-dirty,data/goa/2022/list-of-validly-niminated-candidates-quepemvp_2022.pdf,3,page,
goa/gp_ward/2022,456306309349,Goa|2022|gp_ward|South Goa|Quepem|Ambaulim|VI|,1,Goa,2022,South Goa,Quepem,Ambaulim,gram_panchayat,VI,,gp_ward,ward,NONE,NONE,sc_st_bc,1,Woman,Women,all_seats,seat,,,,,,,latin,local_elections,e0ae2676d62a-dirty,data/goa/2022/list-of-validly-niminated-candidates-quepemvp_2022.pdf,4,page,
goa/gp_ward/2022,db7432f74975,Goa|2022|gp_ward|South Goa|Quepem|Ambaulim|VII|,1,Goa,2022,South Goa,Quepem,Ambaulim,gram_panchayat,VII,,gp_ward,ward,NONE,NONE,sc_st_bc,0,Other than Woman,General,all_seats,seat,,,,,,,latin,local_elections,e0ae2676d62a-dirty,data/goa/2022/list-of-validly-niminated-candidates-quepemvp_2022.pdf,4,page,
goa/gp_ward/2022,a3ee9c41ab46,Goa|2022|gp_ward|South Goa|Quepem|Xeldem|I|,1,Goa,2022,South Goa,Quepem,Xeldem,gram_panchayat,I,,gp_ward,ward,NONE,NONE,sc_st_bc,0,Other than Woman,General,all_seats,seat,,,,,,,latin,local_elections,e0ae2676d62a-dirty,data/goa/2022/list-of-validly-niminated-candidates-quepemvp_2022.pdf,4,page,
goa/gp_ward/2022,9f58276003d8,Goa|2022|gp_ward|South Goa|Quepem|Xeldem|II|,1,Goa,2022,South Goa,Quepem,Xeldem,gram_panchayat,II,,gp_ward,ward,BC,BC,sc_st_bc,0,BC Other than Woman,OBC,all_seats,seat,,,,,,,latin,local_elections,e0ae2676d62a-dirty,data/goa/2022/list-of-validly-niminated-candidates-quepemvp_2022.pdf,4,page,
goa/gp_ward/2022,4a2e1d67aa12,Goa|2022|gp_ward|South Goa|Quepem|Xeldem|III|,1,Goa,2022,South Goa,Quepem,Xeldem,gram_panchayat,III,,gp_ward,ward,NONE,NONE,sc_st_bc,0,Other than Woman,General,all_seats,seat,,,,,,,latin,local_elections,e0ae2676d62a-dirty,data/goa/2022/list-of-validly-niminated-candidates-quepemvp_2022.pdf,4,page,
goa/gp_ward/2022,c244d4842d17,Goa|2022|gp_ward|South Goa|Quepem|Xeldem|IV|,1,Goa,2022,South Goa,Quepem,Xeldem,gram_panchayat,IV,,gp_ward,ward,NONE,NONE,sc_st_bc,0,Other than Woman,General,all_seats,seat,,,,,,,latin,local_elections,e0ae2676d62a-dirty,data/goa/2022/list-of-validly-niminated-candidates-quepemvp_2022.pdf,5,page,
goa/gp_ward/2022,c4d204e0ad12,Goa|2022|gp_ward|South Goa|Quepem|Xeldem|V|,1,Goa,2022,South Goa,Quepem,Xeldem,gram_panchayat,V,,gp_ward,ward,ST,ST,sc_st_bc,0,ST Other than Woman,ST,all_seats,seat,,,,,,,latin,local_elections,e0ae2676d62a-dirty,data/goa/2022/list-of-validly-niminated-candidates-quepemvp_2022.pdf,5,page,
goa/gp_ward/2022,ef7411ab233d,Goa|2022|gp_ward|South Goa|Quepem|Xeldem|VI|,1,Goa,2022,South Goa,Quepem,Xeldem,gram_panchayat,VI,,gp_ward,ward,NONE,NONE,sc_st_bc,0,Other than Woman,General,all_seats,seat,,,,,,,latin,local_elections,e0ae2676d62a-dirty,data/goa/2022/list-of-validly-niminated-candidates-quepemvp_2022.pdf,5,page,
goa/gp_ward/2022,519e4e5816f8,Goa|2022|gp_ward|South Goa|Quepem|Xeldem|VIII|,1,Goa,2022,South Goa,Quepem,Xeldem,gram_panchayat,VIII,,gp_ward,ward,NONE,NONE,sc_st_bc,0,Other than Woman,General,all_seats,seat,,,,,,,latin,local_elections,e0ae2676d62a-dirty,data/goa/2022/list-of-validly-niminated-candidates-quepemvp_2022.pdf,6,page,
goa/gp_ward/2022,4802bc986076,Goa|2022|gp_ward|South Goa|Quepem|Xeldem|IX|,1,Goa,2022,South Goa,Quepem,Xeldem,gram_panchayat,IX,,gp_ward,ward,BC,BC,sc_st_bc,1,BC Woman,OBC Women,all_seats,seat,,,,,,,latin,local_elections,e0ae2676d62a-dirty,data/goa/2022/list-of-validly-niminated-candidates-quepemvp_2022.pdf,6,page,
goa/gp_ward/2022,8bbdfcd7085c,Goa|2022|gp_ward|South Goa|Quepem|Xeldem|X|,1,Goa,2022,South Goa,Quepem,Xeldem,gram_panchayat,X,,gp_ward,ward,ST,ST,sc_st_bc,1,ST Woman,ST Women,all_seats,seat,,,,,,,latin,local_elections,e0ae2676d62a-dirty,data/goa/2022/list-of-validly-niminated-candidates-quepemvp_2022.pdf,6,page,
goa/gp_ward/2022,146143078bce,Goa|2022|gp_ward|South Goa|Quepem|Xeldem|XI|,1,Goa,2022,South Goa,Quepem,Xeldem,gram_panchayat,XI,,gp_ward,ward,NONE,NONE,sc_st_bc,1,Woman,Women,all_seats,seat,,,,,,,latin,local_elections,e0ae2676d62a-dirty,data/goa/2022/list-of-validly-niminated-candidates-quepemvp_2022.pdf,6,page,
goa/gp_ward/2022,83d98a432777,Goa|2022|gp_ward|South Goa|Quepem|Assolda|I|,1,Goa,2022,South Goa,Quepem,Assolda,gram_panchayat,I,,gp_ward,ward,ST,ST,sc_st_bc,0,ST Other than Woman,ST,all_seats,seat,,,,,,,latin,local_elections,e0ae2676d62a-dirty,data/goa/2022/list-of-validly-niminated-candidates-quepemvp_2022.pdf,7,page,
goa/gp_ward/2022,6de70e62ba11,Goa|2022|gp_ward|South Goa|Quepem|Assolda|II|,1,Goa,2022,South Goa,Quepem,Assolda,gram_panchayat,II,,gp_ward,ward,BC,BC,sc_st_bc,0,BC Other than Woman,OBC,all_seats,seat,,,,,,,latin,local_elections,e0ae2676d62a-dirty,data/goa/2022/list-of-validly-niminated-candidates-quepemvp_2022.pdf,7,page,
goa/gp_ward/2022,d0d9b129c798,Goa|2022|gp_ward|South Goa|Quepem|Assolda|III|,1,Goa,2022,South Goa,Quepem,Assolda,gram_panchayat,III,,gp_ward,ward,NONE,NONE,sc_st_bc,0,Other than Woman,General,all_seats,seat,,,,,,,latin,local_elections,e0ae2676d62a-dirty,data/goa/2022/list-of-validly-niminated-candidates-quepemvp_2022.pdf,7,page,
goa/gp_ward/2022,7785fdfe8b6c,Goa|2022|gp_ward|South Goa|Quepem|Assolda|IV|,1,Goa,2022,South Goa,Quepem,Assolda,gram_panchayat,IV,,gp_ward,ward,NONE,NONE,sc_st_bc,0,Other than Woman,General,all_seats,seat,,,,,,,latin,local_elections,e0ae2676d62a-dirty,data/goa/2022/list-of-validly-niminated-candidates-quepemvp_2022.pdf,7,page,
goa/gp_ward/2022,b14da7c94e38,Goa|2022|gp_ward|South Goa|Quepem|Assolda|VI|,1,Goa,2022,South Goa,Quepem,Assolda,gram_panchayat,VI,,gp_ward,ward,NONE,NONE,sc_st_bc,1,Woman,Women,all_seats,seat,,,,,,,latin,local_elections,e0ae2676d62a-dirty,data/goa/2022/list-of-validly-niminated-candidates-quepemvp_2022.pdf,8,page,
goa/gp_ward/2022,1d0128c08808,Goa|2022|gp_ward|South Goa|Quepem|Assolda|VII|,1,Goa,2022,South Goa,Quepem,Assolda,gram_panchayat,VII,,gp_ward,ward,BC,BC,sc_st_bc,1,BC Woman,OBC Women,all_seats,seat,,,,,,,latin,local_elections,e0ae2676d62a-dirty,data/goa/2022/list-of-validly-niminated-candidates-quepemvp_2022.pdf,8,page,
goa/gp_ward/2022,b820ff2ca726,Goa|2022|gp_ward|South Goa|Quepem|Avedem- Cotombi- Chaifi|I|,1,Goa,2022,South Goa,Quepem,Avedem- Cotombi- Chaifi,gram_panchayat,I,,gp_ward,ward,NONE,NONE,sc_st_bc,1,Woman,Women,all_seats,seat,,,,,,,latin,local_elections,e0ae2676d62a-dirty,data/goa/2022/list-of-validly-niminated-candidates-quepemvp_2022.pdf,8,page,
goa/gp_ward/2022,a2f959c0820f,Goa|2022|gp_ward|South Goa|Quepem|Avedem- Cotombi- Chaifi|II|,1,Goa,2022,South Goa,Quepem,Avedem- Cotombi- Chaifi,gram_panchayat,II,,gp_ward,ward,ST,ST,sc_st_bc,0,ST Other than Woman,ST,all_seats,seat,,,,,,,latin,local_elections,e0ae2676d62a-dirty,data/goa/2022/list-of-validly-niminated-candidates-quepemvp_2022.pdf,8,page,
goa/gp_ward/2022,34a54d1d405a,Goa|2022|gp_ward|South Goa|Quepem|Avedem- Cotombi- Chaifi|III|,1,Goa,2022,South Goa,Quepem,Avedem- Cotombi- Chaifi,gram_panchayat,III,,gp_ward,ward,ST,ST,sc_st_bc,0,ST Other than Woman,ST,all_seats,seat,,,,,,,latin,local_elections,e0ae2676d62a-dirty,data/goa/2022/list-of-validly-niminated-candidates-quepemvp_2022.pdf,8,page,
goa/gp_ward/2022,db699ecf9359,Goa|2022|gp_ward|South Goa|Quepem|Avedem- Cotombi- Chaifi|IV|,1,Goa,2022,South Goa,Quepem,Avedem- Cotombi- Chaifi,gram_panchayat,IV,,gp_ward,ward,NONE,NONE,sc_st_bc,0,Other than Woman,General,all_seats,seat,,,,,,,latin,local_elections,e0ae2676d62a-dirty,data/goa/2022/list-of-validly-niminated-candidates-quepemvp_2022.pdf,9,page,
goa/gp_ward/2022,99423212e257,Goa|2022|gp_ward|South Goa|Quepem|Avedem- Cotombi- Chaifi|V|,1,Goa,2022,South Goa,Quepem,Avedem- Cotombi- Chaifi,gram_panchayat,V,,gp_ward,ward,NONE,NONE,sc_st_bc,1,Woman,Women,all_seats,seat,,,,,,,latin,local_elections,e0ae2676d62a-dirty,data/goa/2022/list-of-validly-niminated-candidates-quepemvp_2022.pdf,9,page,
goa/gp_ward/2022,bb729906c6a3,Goa|2022|gp_ward|South Goa|Quepem|Avedem- Cotombi- Chaifi|VI|,1,Goa,2022,South Goa,Quepem,Avedem- Cotombi- Chaifi,gram_panchayat,VI,,gp_ward,ward,ST,ST,sc_st_bc,1,ST Woman,ST Women,all_seats,seat,,,,,,,latin,local_elections,e0ae2676d62a-dirty,data/goa/2022/list-of-validly-niminated-candidates-quepemvp_2022.pdf,9,page,
goa/gp_ward/2022,468c44011fe5,Goa|2022|gp_ward|South Goa|Quepem|Avedem- Cotombi- Chaifi|VII|,1,Goa,2022,South Goa,Quepem,Avedem- Cotombi- Chaifi,gram_panchayat,VII,,gp_ward,ward,NONE,NONE,sc_st_bc,0,Other than Woman,General,all_seats,seat,,,,,,,latin,local_elections,e0ae2676d62a-dirty,data/goa/2022/list-of-validly-niminated-candidates-quepemvp_2022.pdf,10,page,
goa/gp_ward/2022,a6c32cf7647c,Goa|2022|gp_ward|South Goa|Quepem|Barcem- Quedem|I|,1,Goa,2022,South Goa,Quepem,Barcem- Quedem,gram_panchayat,I,,gp_ward,ward,ST,ST,sc_st_bc,1,ST Woman,ST Women,all_seats,seat,,,,,,,latin,local_elections,e0ae2676d62a-dirty,data/goa/2022/list-of-validly-niminated-candidates-quepemvp_2022.pdf,10,page,
goa/gp_ward/2022,d1693105298f,Goa|2022|gp_ward|South Goa|Quepem|Barcem- Quedem|II|,1,Goa,2022,South Goa,Quepem,Barcem- Quedem,gram_panchayat,II,,gp_ward,ward,NONE,NONE,sc_st_bc,0,Other than Woman,General,all_seats,seat,,,,,,,latin,local_elections,e0ae2676d62a-dirty,data/goa/2022/list-of-validly-niminated-candidates-quepemvp_2022.pdf,10,page,
goa/gp_ward/2022,640c42c2a094,Goa|2022|gp_ward|South Goa|Quepem|Barcem- Quedem|III|,1,Goa,2022,South Goa,Quepem,Barcem- Quedem,gram_panchayat,III,,gp_ward,ward,NONE,NONE,sc_st_bc,0,Other than Woman,General,all_seats,seat,,,,,,,latin,local_elections,e0ae2676d62a-dirty,data/goa/2022/list-of-validly-niminated-candidates-quepemvp_2022.pdf,10,page,
goa/gp_ward/2022,1c847af9078d,Goa|2022|gp_ward|South Goa|Quepem|Barcem- Quedem|IV|,1,Goa,2022,South Goa,Quepem,Barcem- Quedem,gram_panchayat,IV,,gp_ward,ward,NONE,NONE,sc_st_bc,0,Other than Woman,General,all_seats,seat,,,,,,,latin,local_elections,e0ae2676d62a-dirty,data/goa/2022/list-of-validly-niminated-candidates-quepemvp_2022.pdf,10,page,
goa/gp_ward/2022,c68c00da28a3,Goa|2022|gp_ward|South Goa|Quepem|Barcem- Quedem|V|,1,Goa,2022,South Goa,Quepem,Barcem- Quedem,gram_panchayat,V,,gp_ward,ward,NONE,NONE,sc_st_bc,1,Woman,Women,all_seats,seat,,,,,,,latin,local_elections,e0ae2676d62a-dirty,data/goa/2022/list-of-validly-niminated-candidates-quepemvp_2022.pdf,10,page,
goa/gp_ward/2022,52f470da9686,Goa|2022|gp_ward|South Goa|Quepem|Barcem- Quedem|VI|,1,Goa,2022,South Goa,Quepem,Barcem- Quedem,gram_panchayat,VI,,gp_ward,ward,NONE,NONE,sc_st_bc,0,Other than Woman,General,all_seats,seat,,,,,,,latin,local_elections,e0ae2676d62a-dirty,data/goa/2022/list-of-validly-niminated-candidates-quepemvp_2022.pdf,11,page,
goa/gp_ward/2022,1b612f0c58d3,Goa|2022|gp_ward|South Goa|Quepem|Barcem- Quedem|VII|,1,Goa,2022,South Goa,Quepem,Barcem- Quedem,gram_panchayat,VII,,gp_ward,ward,ST,ST,sc_st_bc,0,ST Other than Woman,ST,all_seats,seat,,,,,,,latin,local_elections,e0ae2676d62a-dirty,data/goa/2022/list-of-validly-niminated-candidates-quepemvp_2022.pdf,11,page,
goa/gp_ward/2022,9bf9d051a663,Goa|2022|gp_ward|South Goa|Quepem|Barcem- Quedem|VIII|,1,Goa,2022,South Goa,Quepem,Barcem- Quedem,gram_panchayat,VIII,,gp_ward,ward,ST,ST,sc_st_bc,1,ST Woman,ST Women,all_seats,seat,,,,,,,latin,local_elections,e0ae2676d62a-dirty,data/goa/2022/list-of-validly-niminated-candidates-quepemvp_2022.pdf,11,page,
goa/gp_ward/2022,bb71aa04ac1b,Goa|2022|gp_ward|South Goa|Quepem|Barcem- Quedem|IX|,1,Goa,2022,South Goa,Quepem,Barcem- Quedem,gram_panchayat,IX,,gp_ward,ward,ST,ST,sc_st_bc,0,ST Other than Woman,ST,all_seats,seat,,,,,,,latin,local_elections,e0ae2676d62a-dirty,data/goa/2022/list-of-validly-niminated-candidates-quepemvp_2022.pdf,11,page,
goa/gp_ward/2022,d8af31ab370f,Goa|2022|gp_ward|South Goa|Quepem|Caurem- Pirla|I|,1,Goa,2022,South Goa,Quepem,Caurem- Pirla,gram_panchayat,I,,gp_ward,ward,NONE,NONE,sc_st_bc,1,Woman,Women,all_seats,seat,,,,,,,latin,local_elections,e0ae2676d62a-dirty,data/goa/2022/list-of-validly-niminated-candidates-quepemvp_2022.pdf,11,page,
goa/gp_ward/2022,e3a5576f544e,Goa|2022|gp_ward|South Goa|Quepem|Caurem- Pirla|II|,1,Goa,2022,South Goa,Quepem,Caurem- Pirla,gram_panchayat,II,,gp_ward,ward,ST,ST,sc_st_bc,0,ST Other than Woman,ST,all_seats,seat,,,,,,,latin,local_elections,e0ae2676d62a-dirty,data/goa/2022/list-of-validly-niminated-candidates-quepemvp_2022.pdf,11,page,
goa/gp_ward/2022,d7dacc9ecc6c,Goa|2022|gp_ward|South Goa|Quepem|Caurem- Pirla|III|,1,Goa,2022,South Goa,Quepem,Caurem- Pirla,gram_panchayat,III,,gp_ward,ward,NONE,NONE,sc_st_bc,0,Other than Woman,General,all_seats,seat,,,,,,,latin,local_elections,e0ae2676d62a-dirty,data/goa/2022/list-of-validly-niminated-candidates-quepemvp_2022.pdf,11,page,
goa/gp_ward/2022,03d1e4e67f5a,Goa|2022|gp_ward|South Goa|Quepem|Caurem- Pirla|IV|,1,Goa,2022,South Goa,Quepem,Caurem- Pirla,gram_panchayat,IV,,gp_ward,ward,NONE,NONE,sc_st_bc,0,Other than Woman,General,all_seats,seat,,,,,,,latin,local_elections,e0ae2676d62a-dirty,data/goa/2022/list-of-validly-niminated-candidates-quepemvp_2022.pdf,11,page,
goa/gp_ward/2022,0f5e17067b40,Goa|2022|gp_ward|South Goa|Quepem|Caurem- Pirla|V|,1,Goa,2022,South Goa,Quepem,Caurem- Pirla,gram_panchayat,V,,gp_ward,ward,NONE,NONE,sc_st_bc,1,Woman,Women,all_seats,seat,,,,,,,latin,local_elections,e0ae2676d62a-dirty,data/goa/2022/list-of-validly-niminated-candidates-quepemvp_2022.pdf,12,page,
goa/gp_ward/2022,1ca894999956,Goa|2022|gp_ward|South Goa|Quepem|Caurem- Pirla|VI|,1,Goa,2022,South Goa,Quepem,Caurem- Pirla,gram_panchayat,VI,,gp_ward,ward,ST,ST,sc_st_bc,1,ST Woman,ST Women,all_seats,seat,,,,,,,latin,local_elections,e0ae2676d62a-dirty,data/goa/2022/list-of-validly-niminated-candidates-quepemvp_2022.pdf,12,page,
goa/gp_ward/2022,7db94547d6b2,Goa|2022|gp_ward|South Goa|Quepem|Caurem- Pirla|VII|,1,Goa,2022,South Goa,Quepem,Caurem- Pirla,gram_panchayat,VII,,gp_ward,ward,ST,ST,sc_st_bc,0,ST Other than Woman,ST,all_seats,seat,,,,,,,latin,local_elections,e0ae2676d62a-dirty,data/goa/2022/list-of-validly-niminated-candidates-quepemvp_2022.pdf,12,page,
goa/gp_ward/2022,103fc48eac8a,Goa|2022|gp_ward|South Goa|Quepem|Molcornem|I|,1,Goa,2022,South Goa,Quepem,Molcornem,gram_panchayat,I,,gp_ward,ward,NONE,NONE,sc_st_bc,1,Woman,Women,all_seats,seat,,,,,,,latin,local_elections,e0ae2676d62a-dirty,data/goa/2022/list-of-validly-niminated-candidates-quepemvp_2022.pdf,12,page,
goa/gp_ward/2022,48b9b84d44fc,Goa|2022|gp_ward|South Goa|Quepem|Molcornem|II|,1,Goa,2022,South Goa,Quepem,Molcornem,gram_panchayat,II,,gp_ward,ward,NONE,NONE,sc_st_bc,0,Other than Woman,General,all_seats,seat,,,,,,,latin,local_elections,e0ae2676d62a-dirty,data/goa/2022/list-of-validly-niminated-candidates-quepemvp_2022.pdf,12,page,
goa/gp_ward/2022,f85dd3fd9b3f,Goa|2022|gp_ward|South Goa|Quepem|Molcornem|III|,1,Goa,2022,South Goa,Quepem,Molcornem,gram_panchayat,III,,gp_ward,ward,ST,ST,sc_st_bc,0,ST Other than Woman,ST,all_seats,seat,,,,,,,latin,local_elections,e0ae2676d62a-dirty,data/goa/2022/list-of-validly-niminated-candidates-quepemvp_2022.pdf,12,page,
goa/gp_ward/2022,bea5c176b5ca,Goa|2022|gp_ward|South Goa|Quepem|Molcornem|IV|,1,Goa,2022,South Goa,Quepem,Molcornem,gram_panchayat,IV,,gp_ward,ward,NONE,NONE,sc_st_bc,0,Other than Woman,General,all_seats,seat,,,,,,,latin,local_elections,e0ae2676d62a-dirty,data/goa/2022/list-of-validly-niminated-candidates-quepemvp_2022.pdf,12,page,
goa/gp_ward/2022,b04c41d74ef9,Goa|2022|gp_ward|South Goa|Quepem|Molcornem|V|,1,Goa,2022,South Goa,Quepem,Molcornem,gram_panchayat,V,,gp_ward,ward,ST,ST,sc_st_bc,0,ST Other than Woman,ST,all_seats,seat,,,,,,,latin,local_elections,e0ae2676d62a-dirty,data/goa/2022/list-of-validly-niminated-candidates-quepemvp_2022.pdf,12,page,
goa/gp_ward/2022,c94d35ae9723,Goa|2022|gp_ward|South Goa|Quepem|Molcornem|VI|,1,Goa,2022,South Goa,Quepem,Molcornem,gram_panchayat,VI,,gp_ward,ward,ST,ST,sc_st_bc,1,ST Woman,ST Women,all_seats,seat,,,,,,,latin,local_elections,e0ae2676d62a-dirty,data/goa/2022/list-of-validly-niminated-candidates-quepemvp_2022.pdf,12,page,
goa/gp_ward/2022,a48fb8c847a4,Goa|2022|gp_ward|South Goa|Quepem|Molcornem|VII|,1,Goa,2022,South Goa,Quepem,Molcornem,gram_panchayat,VII,,gp_ward,ward,NONE,NONE,sc_st_bc,1,Woman,Women,all_seats,seat,,,,,,,latin,local_elections,e0ae2676d62a-dirty,data/goa/2022/list-of-validly-niminated-candidates-quepemvp_2022.pdf,13,page,
goa/gp_ward/2022,7c9cf1dd14e7,Goa|2022|gp_ward|South Goa|Quepem|Morpirla|I|,1,Goa,2022,South Goa,Quepem,Morpirla,gram_panchayat,I,,gp_ward,ward,NONE,NONE,sc_st_bc,1,Woman,Women,all_seats,seat,,,,,,,latin,local_elections,e0ae2676d62a-dirty,data/goa/2022/list-of-validly-niminated-candidates-quepemvp_2022.pdf,13,page,
goa/gp_ward/2022,87572cb5d1be,Goa|2022|gp_ward|South Goa|Quepem|Morpirla|II|,1,Goa,2022,South Goa,Quepem,Morpirla,gram_panchayat,II,,gp_ward,ward,NONE,NONE,sc_st_bc,1,Woman,Women,all_seats,seat,,,,,,,latin,local_elections,e0ae2676d62a-dirty,data/goa/2022/list-of-validly-niminated-candidates-quepemvp_2022.pdf,13,page,
goa/gp_ward/2022,63bb62de1def,Goa|2022|gp_ward|South Goa|Quepem|Morpirla|III|,1,Goa,2022,South Goa,Quepem,Morpirla,gram_panchayat,III,,gp_ward,ward,NONE,NONE,sc_st_bc,0,Other than Woman,General,all_seats,seat,,,,,,,latin,local_elections,e0ae2676d62a-dirty,data/goa/2022/list-of-validly-niminated-candidates-quepemvp_2022.pdf,13,page,
goa/gp_ward/2022,cdfea6cd6f27,Goa|2022|gp_ward|South Goa|Quepem|Morpirla|IV|,1,Goa,2022,South Goa,Quepem,Morpirla,gram_panchayat,IV,,gp_ward,ward,NONE,NONE,sc_st_bc,0,Other than Woman,General,all_seats,seat,,,,,,,latin,local_elections,e0ae2676d62a-dirty,data/goa/2022/list-of-validly-niminated-candidates-quepemvp_2022.pdf,13,page,
goa/gp_ward/2022,36026125c9f6,Goa|2022|gp_ward|South Goa|Quepem|Morpirla|V|,1,Goa,2022,South Goa,Quepem,Morpirla,gram_panchayat,V,,gp_ward,ward,ST,ST,sc_st_bc,1,ST Woman,ST Women,all_seats,seat,,,,,,,latin,local_elections,e0ae2676d62a-dirty,data/goa/2022/list-of-validly-niminated-candidates-quepemvp_2022.pdf,13,page,
goa/gp_ward/2022,afd4c9a9e533,Goa|2022|gp_ward|South Goa|Quepem|Morpirla|VII|,1,Goa,2022,South Goa,Quepem,Morpirla,gram_panchayat,VII,,gp_ward,ward,ST,ST,sc_st_bc,0,ST Other than Woman,ST,all_seats,seat,,,,,,,latin,local_elections,e0ae2676d62a-dirty,data/goa/2022/list-of-validly-niminated-candidates-quepemvp_2022.pdf,14,page,
goa/gp_ward/2022,871b71233b1d,Goa|2022|gp_ward|South Goa|Quepem|Fatorpa- Quitol|I|,1,Goa,2022,South Goa,Quepem,Fatorpa- Quitol,gram_panchayat,I,,gp_ward,ward,NONE,NONE,sc_st_bc,1,Woman,Women,all_seats,seat,,,,,,,latin,local_elections,e0ae2676d62a-dirty,data/goa/2022/list-of-validly-niminated-candidates-quepemvp_2022.pdf,14,page,
goa/gp_ward/2022,20dd959e2a37,Goa|2022|gp_ward|South Goa|Quepem|Fatorpa- Quitol|II|,1,Goa,2022,South Goa,Quepem,Fatorpa- Quitol,gram_panchayat,II,,gp_ward,ward,NONE,NONE,sc_st_bc,0,Other than Woman,General,all_seats,seat,,,,,,,latin,local_elections,e0ae2676d62a-dirty,data/goa/2022/list-of-validly-niminated-candidates-quepemvp_2022.pdf,14,page,
goa/gp_ward/2022,596c93c63149,Goa|2022|gp_ward|South Goa|Quepem|Fatorpa- Quitol|III|,1,Goa,2022,South Goa,Quepem,Fatorpa- Quitol,gram_panchayat,III,,gp_ward,ward,ST,ST,sc_st_bc,0,ST Other than Woman,ST,all_seats,seat,,,,,,,latin,local_elections,e0ae2676d62a-dirty,data/goa/2022/list-of-validly-niminated-candidates-quepemvp_2022.pdf,14,page,
goa/gp_ward/2022,03740de581a3,Goa|2022|gp_ward|South Goa|Quepem|Fatorpa- Quitol|IV|,1,Goa,2022,South Goa,Quepem,Fatorpa- Quitol,gram_panchayat,IV,,gp_ward,ward,NONE,NONE,sc_st_bc,0,Other than Woman,General,all_seats,seat,,,,,,,latin,local_elections,e0ae2676d62a-dirty,data/goa/2022/list-of-validly-niminated-candidates-quepemvp_2022.pdf,14,page,
goa/gp_ward/2022,d0c4f822b33a,Goa|2022|gp_ward|South Goa|Quepem|Fatorpa- Quitol|V|,1,Goa,2022,South Goa,Quepem,Fatorpa- Quitol,gram_panchayat,V,,gp_ward,ward,NONE,NONE,sc_st_bc,1,Woman,Women,all_seats,seat,,,,,,,latin,local_elections,e0ae2676d62a-dirty,data/goa/2022/list-of-validly-niminated-candidates-quepemvp_2022.pdf,15,page,
goa/gp_ward/2022,e8fa2cbf281e,Goa|2022|gp_ward|South Goa|Quepem|Fatorpa- Quitol|VI|,1,Goa,2022,South Goa,Quepem,Fatorpa- Quitol,gram_panchayat,VI,,gp_ward,ward,ST,ST,sc_st_bc,1,ST Woman,ST Women,all_seats,seat,,,,,,,latin,local_elections,e0ae2676d62a-dirty,data/goa/2022/list-of-validly-niminated-candidates-quepemvp_2022.pdf,15,page,
goa/gp_ward/2022,607ce8eaf3bf,Goa|2022|gp_ward|South Goa|Quepem|Fatorpa- Quitol|VII|,1,Goa,2022,South Goa,Quepem,Fatorpa- Quitol,gram_panchayat,VII,,gp_ward,ward,NONE,NONE,sc_st_bc,0,Other than Woman,General,all_seats,seat,,,,,,,latin,local_elections,e0ae2676d62a-dirty,data/goa/2022/list-of-validly-niminated-candidates-quepemvp_2022.pdf,15,page,
goa/gp_ward/2022,65d08e47e407,Goa|2022|gp_ward|South Goa|Quepem|Naqueri Betul|I|,1,Goa,2022,South Goa,Quepem,Naqueri Betul,gram_panchayat,I,,gp_ward,ward,NONE,NONE,sc_st_bc,1,Woman,Women,all_seats,seat,,,,,,,latin,local_elections,e0ae2676d62a-dirty,data/goa/2022/list-of-validly-niminated-candidates-quepemvp_2022.pdf,15,page,
goa/gp_ward/2022,9eaccb03a726,Goa|2022|gp_ward|South Goa|Quepem|Naqueri Betul|II|,1,Goa,2022,South Goa,Quepem,Naqueri Betul,gram_panchayat,II,,gp_ward,ward,ST,ST,sc_st_bc,1,ST Woman,ST Women,all_seats,seat,,,,,,,latin,local_elections,e0ae2676d62a-dirty,data/goa/2022/list-of-validly-niminated-candidates-quepemvp_2022.pdf,15,page,
goa/gp_ward/2022,58246e4f4270,Goa|2022|gp_ward|South Goa|Quepem|Naqueri Betul|III|,1,Goa,2022,South Goa,Quepem,Naqueri Betul,gram_panchayat,III,,gp_ward,ward,ST,ST,sc_st_bc,0,ST Other than Woman,ST,all_seats,seat,,,,,,,latin,local_elections,e0ae2676d62a-dirty,data/goa/2022/list-of-validly-niminated-candidates-quepemvp_2022.pdf,15,page,
goa/gp_ward/2022,90076965353c,Goa|2022|gp_ward|South Goa|Quepem|Naqueri Betul|IV|,1,Goa,2022,South Goa,Quepem,Naqueri Betul,gram_panchayat,IV,,gp_ward,ward,NONE,NONE,sc_st_bc,0,Other than Woman,General,all_seats,seat,,,,,,,latin,local_elections,e0ae2676d62a-dirty,data/goa/2022/list-of-validly-niminated-candidates-quepemvp_2022.pdf,15,page,
goa/gp_ward/2022,395a270dcfc2,Goa|2022|gp_ward|South Goa|Quepem|Naqueri Betul|V|,1,Goa,2022,South Goa,Quepem,Naqueri Betul,gram_panchayat,V,,gp_ward,ward,NONE,NONE,sc_st_bc,1,Woman,Women,all_seats,seat,,,,,,,latin,local_elections,e0ae2676d62a-dirty,data/goa/2022/list-of-validly-niminated-candidates-quepemvp_2022.pdf,16,page,
goa/gp_ward/2022,83ecbb98deb3,Goa|2022|gp_ward|South Goa|Quepem|Naqueri Betul|VI|,1,Goa,2022,South Goa,Quepem,Naqueri Betul,gram_panchayat,VI,,gp_ward,ward,BC,BC,sc_st_bc,0,BC Other than Woman,OBC,all_seats,seat,,,,,,,latin,local_elections,e0ae2676d62a-dirty,data/goa/2022/list-of-validly-niminated-candidates-quepemvp_2022.pdf,16,page,
goa/gp_ward/2022,dd5078162d8f,Goa|2022|gp_ward|South Goa|Quepem|Naqueri Betul|VII|,1,Goa,2022,South Goa,Quepem,Naqueri Betul,gram_panchayat,VII,,gp_ward,ward,NONE,NONE,sc_st_bc,0,Other than Woman,General,all_seats,seat,,,,,,,latin,local_elections,e0ae2676d62a-dirty,data/goa/2022/list-of-validly-niminated-candidates-quepemvp_2022.pdf,16,page,
goa/gp_ward/2022,b56868abc228,Goa|2022|gp_ward|North Goa|Bicholim|Latambarcem|I|,1,Goa,2022,North Goa,Bicholim,Latambarcem,gram_panchayat,I,,gp_ward,ward,BC,BC,sc_st_bc,0,BC Other than Woman,OBC,all_seats,seat,,,,,,,latin,local_elections,e0ae2676d62a-dirty,data/goa/2022/list-of-validly-nominated-candidates-Bicholimvp_2022.pdf,1,page,
goa/gp_ward/2022,fddd29797ff0,Goa|2022|gp_ward|North Goa|Bicholim|Latambarcem|II|,1,Goa,2022,North Goa,Bicholim,Latambarcem,gram_panchayat,II,,gp_ward,ward,NONE,NONE,sc_st_bc,0,Other than Woman,General,all_seats,seat,,,,,,,latin,local_elections,e0ae2676d62a-dirty,data/goa/2022/list-of-validly-nominated-candidates-Bicholimvp_2022.pdf,1,page,
goa/gp_ward/2022,985da54757f1,Goa|2022|gp_ward|North Goa|Bicholim|Latambarcem|III|,1,Goa,2022,North Goa,Bicholim,Latambarcem,gram_panchayat,III,,gp_ward,ward,NONE,NONE,sc_st_bc,0,Other than Woman,General,all_seats,seat,,,,,,,latin,local_elections,e0ae2676d62a-dirty,data/goa/2022/list-of-validly-nominated-candidates-Bicholimvp_2022.pdf,1,page,
goa/gp_ward/2022,835cb4b84557,Goa|2022|gp_ward|North Goa|Bicholim|Latambarcem|IV|,1,Goa,2022,North Goa,Bicholim,Latambarcem,gram_panchayat,IV,,gp_ward,ward,NONE,NONE,sc_st_bc,1,Woman,Women,all_seats,seat,,,,,,,latin,local_elections,e0ae2676d62a-dirty,data/goa/2022/list-of-validly-nominated-candidates-Bicholimvp_2022.pdf,1,page,
goa/gp_ward/2022,df97fe36fdee,Goa|2022|gp_ward|North Goa|Bicholim|Latambarcem|V|,1,Goa,2022,North Goa,Bicholim,Latambarcem,gram_panchayat,V,,gp_ward,ward,SC,SC,sc_st_bc,0,SC Other than Woman,SC,all_seats,seat,,,,,,,latin,local_elections,e0ae2676d62a-dirty,data/goa/2022/list-of-validly-nominated-candidates-Bicholimvp_2022.pdf,1,page,
goa/gp_ward/2022,510b8cbf3c12,Goa|2022|gp_ward|North Goa|Bicholim|Latambarcem|VI|,1,Goa,2022,North Goa,Bicholim,Latambarcem,gram_panchayat,VI,,gp_ward,ward,BC,BC,sc_st_bc,1,BC Woman,OBC Women,all_seats,seat,,,,,,,latin,local_elections,e0ae2676d62a-dirty,data/goa/2022/list-of-validly-nominated-candidates-Bicholimvp_2022.pdf,1,page,
goa/gp_ward/2022,3ce78eb78584,Goa|2022|gp_ward|North Goa|Bicholim|Latambarcem|VII|,1,Goa,2022,North Goa,Bicholim,Latambarcem,gram_panchayat,VII,,gp_ward,ward,NONE,NONE,sc_st_bc,0,Other than Woman,General,all_seats,seat,,,,,,,latin,local_elections,e0ae2676d62a-dirty,data/goa/2022/list-of-validly-nominated-candidates-Bicholimvp_2022.pdf,1,page,
goa/gp_ward/2022,590ca219b012,Goa|2022|gp_ward|North Goa|Bicholim|Latambarcem|VIII|,1,Goa,2022,North Goa,Bicholim,Latambarcem,gram_panchayat,VIII,,gp_ward,ward,NONE,NONE,sc_st_bc,0,Other than Woman,General,all_seats,seat,,,,,,,latin,local_elections,e0ae2676d62a-dirty,data/goa/2022/list-of-validly-nominated-candidates-Bicholimvp_2022.pdf,2,page,
goa/gp_ward/2022,b315907ce137,Goa|2022|gp_ward|North Goa|Bicholim|Latambarcem|IX|,1,Goa,2022,North Goa,Bicholim,Latambarcem,gram_panchayat,IX,,gp_ward,ward,NONE,NONE,sc_st_bc,1,Woman,Women,all_seats,seat,,,,,,,latin,local_elections,e0ae2676d62a-dirty,data/goa/2022/list-of-validly-nominated-candidates-Bicholimvp_2022.pdf,2,page,
goa/gp_ward/2022,b7a92f9a6cd7,Goa|2022|gp_ward|North Goa|Bicholim|Mulgao|I|,1,Goa,2022,North Goa,Bicholim,Mulgao,gram_panchayat,I,,gp_ward,ward,NONE,NONE,sc_st_bc,0,Other than Woman,General,all_seats,seat,,,,,,,latin,local_elections,e0ae2676d62a-dirty,data/goa/2022/list-of-validly-nominated-candidates-Bicholimvp_2022.pdf,2,page,
goa/gp_ward/2022,72df985343a6,Goa|2022|gp_ward|North Goa|Bicholim|Mulgao|II|,1,Goa,2022,North Goa,Bicholim,Mulgao,gram_panchayat,II,,gp_ward,ward,NONE,NONE,sc_st_bc,1,Woman,Women,all_seats,seat,,,,,,,latin,local_elections,e0ae2676d62a-dirty,data/goa/2022/list-of-validly-nominated-candidates-Bicholimvp_2022.pdf,2,page,
goa/gp_ward/2022,362e991d0eea,Goa|2022|gp_ward|North Goa|Bicholim|Mulgao|III|,1,Goa,2022,North Goa,Bicholim,Mulgao,gram_panchayat,III,,gp_ward,ward,SC,SC,sc_st_bc,0,SC Other than Woman,SC,all_seats,seat,,,,,,,latin,local_elections,e0ae2676d62a-dirty,data/goa/2022/list-of-validly-nominated-candidates-Bicholimvp_2022.pdf,2,page,
goa/gp_ward/2022,79cdd28b63e0,Goa|2022|gp_ward|North Goa|Bicholim|Mulgao|IV|,1,Goa,2022,North Goa,Bicholim,Mulgao,gram_panchayat,IV,,gp_ward,ward,NONE,NONE,sc_st_bc,0,Other than Woman,General,all_seats,seat,,,,,,,latin,local_elections,e0ae2676d62a-dirty,data/goa/2022/list-of-validly-nominated-candidates-Bicholimvp_2022.pdf,2,page,
goa/gp_ward/2022,75cc6e915e7f,Goa|2022|gp_ward|North Goa|Bicholim|Mulgao|V|,1,Goa,2022,North Goa,Bicholim,Mulgao,gram_panchayat,V,,gp_ward,ward,NONE,NONE,sc_st_bc,1,Woman,Women,all_seats,seat,,,,,,,latin,local_elections,e0ae2676d62a-dirty,data/goa/2022/list-of-validly-nominated-candidates-Bicholimvp_2022.pdf,2,page,
goa/gp_ward/2022,1918f679be0a,Goa|2022|gp_ward|North Goa|Bicholim|Mulgao|VII|,1,Goa,2022,North Goa,Bicholim,Mulgao,gram_panchayat,VII,,gp_ward,ward,BC,BC,sc_st_bc,0,BC Other than Woman,OBC,all_seats,seat,,,,,,,latin,local_elections,e0ae2676d62a-dirty,data/goa/2022/list-of-validly-nominated-candidates-Bicholimvp_2022.pdf,3,page,
goa/gp_ward/2022,f01f393bde41,Goa|2022|gp_ward|North Goa|Bicholim|Salem|I|,1,Goa,2022,North Goa,Bicholim,Salem,gram_panchayat,I,,gp_ward,ward,NONE,NONE,sc_st_bc,1,Woman,Women,all_seats,seat,,,,,,,latin,local_elections,e0ae2676d62a-dirty,data/goa/2022/list-of-validly-nominated-candidates-Bicholimvp_2022.pdf,3,page,
goa/gp_ward/2022,84037068e892,Goa|2022|gp_ward|North Goa|Bicholim|Salem|II|,1,Goa,2022,North Goa,Bicholim,Salem,gram_panchayat,II,,gp_ward,ward,NONE,NONE,sc_st_bc,1,Woman,Women,all_seats,seat,,,,,,,latin,local_elections,e0ae2676d62a-dirty,data/goa/2022/list-of-validly-nominated-candidates-Bicholimvp_2022.pdf,3,page,
goa/gp_ward/2022,d64b12931858,Goa|2022|gp_ward|North Goa|Bicholim|Salem|III|,1,Goa,2022,North Goa,Bicholim,Salem,gram_panchayat,III,,gp_ward,ward,NONE,NONE,sc_st_bc,0,Other than Woman,General,all_seats,seat,,,,,,,latin,local_elections,e0ae2676d62a-dirty,data/goa/2022/list-of-validly-nominated-candidates-Bicholimvp_2022.pdf,3,page,
goa/gp_ward/2022,c2e162f15e18,Goa|2022|gp_ward|North Goa|Bicholim|Salem|IV|,1,Goa,2022,North Goa,Bicholim,Salem,gram_panchayat,IV,,gp_ward,ward,NONE,NONE,sc_st_bc,0,Other than Woman,General,all_seats,seat,,,,,,,latin,local_elections,e0ae2676d62a-dirty,data/goa/2022/list-of-validly-nominated-candidates-Bicholimvp_2022.pdf,3,page,
goa/gp_ward/2022,d4168a03a248,Goa|2022|gp_ward|North Goa|Bicholim|Salem|V|,1,Goa,2022,North Goa,Bicholim,Salem,gram_panchayat,V,,gp_ward,ward,NONE,NONE,sc_st_bc,0,Other than Woman,General,all_seats,seat,,,,,,,latin,local_elections,e0ae2676d62a-dirty,data/goa/2022/list-of-validly-nominated-candidates-Bicholimvp_2022.pdf,3,page,
goa/gp_ward/2022,e71766f02a02,Goa|2022|gp_ward|North Goa|Bicholim|Salem|VI|,1,Goa,2022,North Goa,Bicholim,Salem,gram_panchayat,VI,,gp_ward,ward,NONE,NONE,sc_st_bc,1,Woman,Women,all_seats,seat,,,,,,,latin,local_elections,e0ae2676d62a-dirty,data/goa/2022/list-of-validly-nominated-candidates-Bicholimvp_2022.pdf,3,page,
goa/gp_ward/2022,1ff9980c4595,Goa|2022|gp_ward|North Goa|Bicholim|Salem|VII|,1,Goa,2022,North Goa,Bicholim,Salem,gram_panchayat,VII,,gp_ward,ward,BC,BC,sc_st_bc,0,BC Other than Woman,OBC,all_seats,seat,,,,,,,latin,local_elections,e0ae2676d62a-dirty,data/goa/2022/list-of-validly-nominated-candidates-Bicholimvp_2022.pdf,3,page,
goa/gp_ward/2022,2be2136e60a1,Goa|2022|gp_ward|North Goa|Bicholim|Mencurem- Dhumasem|I|,1,Goa,2022,North Goa,Bicholim,Mencurem- Dhumasem,gram_panchayat,I,,gp_ward,ward,NONE,NONE,sc_st_bc,0,Other than Woman,General,all_seats,seat,,,,,,,latin,local_elections,e0ae2676d62a-dirty,data/goa/2022/list-of-validly-nominated-candidates-Bicholimvp_2022.pdf,3,page,
goa/gp_ward/2022,4ce51ef5f624,Goa|2022|gp_ward|North Goa|Bicholim|Mencurem- Dhumasem|II|,1,Goa,2022,North Goa,Bicholim,Mencurem- Dhumasem,gram_panchayat,II,,gp_ward,ward,NONE,NONE,sc_st_bc,1,Woman,Women,all_seats,seat,,,,,,,latin,local_elections,e0ae2676d62a-dirty,data/goa/2022/list-of-validly-nominated-candidates-Bicholimvp_2022.pdf,4,page,
goa/gp_ward/2022,b40c6cbb2db1,Goa|2022|gp_ward|North Goa|Bicholim|Mencurem- Dhumasem|III|,1,Goa,2022,North Goa,Bicholim,Mencurem- Dhumasem,gram_panchayat,III,,gp_ward,ward,NONE,NONE,sc_st_bc,0,Other than Woman,General,all_seats,seat,,,,,,,latin,local_elections,e0ae2676d62a-dirty,data/goa/2022/list-of-validly-nominated-candidates-Bicholimvp_2022.pdf,4,page,
goa/gp_ward/2022,572050dfbac9,Goa|2022|gp_ward|North Goa|Bicholim|Mencurem- Dhumasem|IV|,1,Goa,2022,North Goa,Bicholim,Mencurem- Dhumasem,gram_panchayat,IV,,gp_ward,ward,NONE,NONE,sc_st_bc,0,Other than Woman,General,all_seats,seat,,,,,,,latin,local_elections,e0ae2676d62a-dirty,data/goa/2022/list-of-validly-nominated-candidates-Bicholimvp_2022.pdf,4,page,
goa/gp_ward/2022,b324f6bda4ba,Goa|2022|gp_ward|North Goa|Bicholim|Mencurem- Dhumasem|V|,1,Goa,2022,North Goa,Bicholim,Mencurem- Dhumasem,gram_panchayat,V,,gp_ward,ward,NONE,NONE,sc_st_bc,1,Woman,Women,all_seats,seat,,,,,,,latin,local_elections,e0ae2676d62a-dirty,data/goa/2022/list-of-validly-nominated-candidates-Bicholimvp_2022.pdf,4,page,
goa/gp_ward/2022,7f8e663a2709,Goa|2022|gp_ward|North Goa|Bicholim|Advalpal|I|,1,Goa,2022,North Goa,Bicholim,Advalpal,gram_panchayat,I,,gp_ward,ward,BC,BC,sc_st_bc,0,BC Other than Woman,OBC,all_seats,seat,,,,,,,latin,local_elections,e0ae2676d62a-dirty,data/goa/2022/list-of-validly-nominated-candidates-Bicholimvp_2022.pdf,4,page,
goa/gp_ward/2022,9c122b181f22,Goa|2022|gp_ward|North Goa|Bicholim|Advalpal|II|,1,Goa,2022,North Goa,Bicholim,Advalpal,gram_panchayat,II,,gp_ward,ward,NONE,NONE,sc_st_bc,1,Woman,Women,all_seats,seat,,,,,,,latin,local_elections,e0ae2676d62a-dirty,data/goa/2022/list-of-validly-nominated-candidates-Bicholimvp_2022.pdf,4,page,
goa/gp_ward/2022,6c001efeb351,Goa|2022|gp_ward|North Goa|Bicholim|Advalpal|III|,1,Goa,2022,North Goa,Bicholim,Advalpal,gram_panchayat,III,,gp_ward,ward,NONE,NONE,sc_st_bc,0,Other than Woman,General,all_seats,seat,,,,,,,latin,local_elections,e0ae2676d62a-dirty,data/goa/2022/list-of-validly-nominated-candidates-Bicholimvp_2022.pdf,4,page,
goa/gp_ward/2022,52e997027b96,Goa|2022|gp_ward|North Goa|Bicholim|Advalpal|IV|,1,Goa,2022,North Goa,Bicholim,Advalpal,gram_panchayat,IV,,gp_ward,ward,SC,SC,sc_st_bc,0,SC Other than Woman,SC,all_seats,seat,,,,,,,latin,local_elections,e0ae2676d62a-dirty,data/goa/2022/list-of-validly-nominated-candidates-Bicholimvp_2022.pdf,4,page,
goa/gp_ward/2022,4316ccae04ff,Goa|2022|gp_ward|North Goa|Bicholim|Advalpal|V|,1,Goa,2022,North Goa,Bicholim,Advalpal,gram_panchayat,V,,gp_ward,ward,NONE,NONE,sc_st_bc,1,Woman,Women,all_seats,seat,,,,,,,latin,local_elections,e0ae2676d62a-dirty,data/goa/2022/list-of-validly-nominated-candidates-Bicholimvp_2022.pdf,4,page,
goa/gp_ward/2022,035b85cdc452,Goa|2022|gp_ward|North Goa|Bicholim|Karapur- Sarvan|I|,1,Goa,2022,North Goa,Bicholim,Karapur- Sarvan,gram_panchayat,I,,gp_ward,ward,BC,BC,sc_st_bc,0,BC Other than Woman,OBC,all_seats,seat,,,,,,,latin,local_elections,e0ae2676d62a-dirty,data/goa/2022/list-of-validly-nominated-candidates-Bicholimvp_2022.pdf,5,page,
goa/gp_ward/2022,c1af31486e4f,Goa|2022|gp_ward|North Goa|Bicholim|Karapur- Sarvan|II|,1,Goa,2022,North Goa,Bicholim,Karapur- Sarvan,gram_panchayat,II,,gp_ward,ward,BC,BC,sc_st_bc,1,BC Woman,OBC Women,all_seats,seat,,,,,,,latin,local_elections,e0ae2676d62a-dirty,data/goa/2022/list-of-validly-nominated-candidates-Bicholimvp_2022.pdf,5,page,
goa/gp_ward/2022,5d20a51ddf37,Goa|2022|gp_ward|North Goa|Bicholim|Karapur- Sarvan|III|,1,Goa,2022,North Goa,Bicholim,Karapur- Sarvan,gram_panchayat,III,,gp_ward,ward,NONE,NONE,sc_st_bc,0,Other than Woman,General,all_seats,seat,,,,,,,latin,local_elections,e0ae2676d62a-dirty,data/goa/2022/list-of-validly-nominated-candidates-Bicholimvp_2022.pdf,5,page,
goa/gp_ward/2022,df01bfd4f589,Goa|2022|gp_ward|North Goa|Bicholim|Karapur- Sarvan|IV|,1,Goa,2022,North Goa,Bicholim,Karapur- Sarvan,gram_panchayat,IV,,gp_ward,ward,BC,BC,sc_st_bc,1,BC Woman,OBC Women,all_seats,seat,,,,,,,latin,local_elections,e0ae2676d62a-dirty,data/goa/2022/list-of-validly-nominated-candidates-Bicholimvp_2022.pdf,5,page,
goa/gp_ward/2022,7b79362f5d71,Goa|2022|gp_ward|North Goa|Bicholim|Karapur- Sarvan|V|,1,Goa,2022,North Goa,Bicholim,Karapur- Sarvan,gram_panchayat,V,,gp_ward,ward,NONE,NONE,sc_st_bc,0,Other than Woman,General,all_seats,seat,,,,,,,latin,local_elections,e0ae2676d62a-dirty,data/goa/2022/list-of-validly-nominated-candidates-Bicholimvp_2022.pdf,5,page,
goa/gp_ward/2022,499b83dedbca,Goa|2022|gp_ward|North Goa|Bicholim|Karapur- Sarvan|VI|,1,Goa,2022,North Goa,Bicholim,Karapur- Sarvan,gram_panchayat,VI,,gp_ward,ward,NONE,NONE,sc_st_bc,0,Other than Woman,General,all_seats,seat,,,,,,,latin,local_elections,e0ae2676d62a-dirty,data/goa/2022/list-of-validly-nominated-candidates-Bicholimvp_2022.pdf,5,page,
goa/gp_ward/2022,2b64f605c265,Goa|2022|gp_ward|North Goa|Bicholim|Karapur- Sarvan|VII|,1,Goa,2022,North Goa,Bicholim,Karapur- Sarvan,gram_panchayat,VII,,gp_ward,ward,ST,ST,sc_st_bc,0,ST Other than Woman,ST,all_seats,seat,,,,,,,latin,local_elections,e0ae2676d62a-dirty,data/goa/2022/list-of-validly-nominated-candidates-Bicholimvp_2022.pdf,6,page,
goa/gp_ward/2022,348f09343d7f,Goa|2022|gp_ward|North Goa|Bicholim|Karapur- Sarvan|VIII|,1,Goa,2022,North Goa,Bicholim,Karapur- Sarvan,gram_panchayat,VIII,,gp_ward,ward,BC,BC,sc_st_bc,0,BC Other than Woman,OBC,all_seats,seat,,,,,,,latin,local_elections,e0ae2676d62a-dirty,data/goa/2022/list-of-validly-nominated-candidates-Bicholimvp_2022.pdf,6,page,
goa/gp_ward/2022,265cd0973a05,Goa|2022|gp_ward|North Goa|Bicholim|Karapur- Sarvan|IX|,1,Goa,2022,North Goa,Bicholim,Karapur- Sarvan,gram_panchayat,IX,,gp_ward,ward,NONE,NONE,sc_st_bc,1,Woman,Women,all_seats,seat,,,,,,,latin,local_elections,e0ae2676d62a-dirty,data/goa/2022/list-of-validly-nominated-candidates-Bicholimvp_2022.pdf,6,page,
goa/gp_ward/2022,9b9b1b27f321,Goa|2022|gp_ward|North Goa|Bicholim|Karapur- Sarvan|X|,1,Goa,2022,North Goa,Bicholim,Karapur- Sarvan,gram_panchayat,X,,gp_ward,ward,NONE,NONE,sc_st_bc,0,Other than Woman,General,all_seats,seat,,,,,,,latin,local_elections,e0ae2676d62a-dirty,data/goa/2022/list-of-validly-nominated-candidates-Bicholimvp_2022.pdf,6,page,
goa/gp_ward/2022,a5c3e077db84,Goa|2022|gp_ward|North Goa|Bicholim|Karapur- Sarvan|XI|,1,Goa,2022,North Goa,Bicholim,Karapur- Sarvan,gram_panchayat,XI,,gp_ward,ward,NONE,NONE,sc_st_bc,1,Woman,Women,all_seats,seat,,,,,,,latin,local_elections,e0ae2676d62a-dirty,data/goa/2022/list-of-validly-nominated-candidates-Bicholimvp_2022.pdf,6,page,
goa/gp_ward/2022,a894cdaec640,Goa|2022|gp_ward|North Goa|Bicholim|Ona- Maulinguem- Curchirem|I|,1,Goa,2022,North Goa,Bicholim,Ona- Maulinguem- Curchirem,gram_panchayat,I,,gp_ward,ward,NONE,NONE,sc_st_bc,0,Other than Woman,General,all_seats,seat,,,,,,,latin,local_elections,e0ae2676d62a-dirty,data/goa/2022/list-of-validly-nominated-candidates-Bicholimvp_2022.pdf,6,page,
goa/gp_ward/2022,b2ee422a142f,Goa|2022|gp_ward|North Goa|Bicholim|Ona- Maulinguem- Curchirem|II|,1,Goa,2022,North Goa,Bicholim,Ona- Maulinguem- Curchirem,gram_panchayat,II,,gp_ward,ward,NONE,NONE,sc_st_bc,1,Woman,Women,all_seats,seat,,,,,,,latin,local_elections,e0ae2676d62a-dirty,data/goa/2022/list-of-validly-nominated-candidates-Bicholimvp_2022.pdf,6,page,
goa/gp_ward/2022,704f8d4eefc9,Goa|2022|gp_ward|North Goa|Bicholim|Ona- Maulinguem- Curchirem|III|,1,Goa,2022,North Goa,Bicholim,Ona- Maulinguem- Curchirem,gram_panchayat,III,,gp_ward,ward,SC,SC,sc_st_bc,0,SC Other than Woman,SC,all_seats,seat,,,,,,,latin,local_elections,e0ae2676d62a-dirty,data/goa/2022/list-of-validly-nominated-candidates-Bicholimvp_2022.pdf,6,page,
goa/gp_ward/2022,3b08b29a9e93,Goa|2022|gp_ward|North Goa|Bicholim|Ona- Maulinguem- Curchirem|IV|,1,Goa,2022,North Goa,Bicholim,Ona- Maulinguem- Curchirem,gram_panchayat,IV,,gp_ward,ward,NONE,NONE,sc_st_bc,0,Other than Woman,General,all_seats,seat,,,,,,,latin,local_elections,e0ae2676d62a-dirty,data/goa/2022/list-of-validly-nominated-candidates-Bicholimvp_2022.pdf,6,page,
goa/gp_ward/2022,5a8db1e7e0f1,Goa|2022|gp_ward|North Goa|Bicholim|Ona- Maulinguem- Curchirem|V|,1,Goa,2022,North Goa,Bicholim,Ona- Maulinguem- Curchirem,gram_panchayat,V,,gp_ward,ward,NONE,NONE,sc_st_bc,1,Woman,Women,all_seats,seat,,,,,,,latin,local_elections,e0ae2676d62a-dirty,data/goa/2022/list-of-validly-nominated-candidates-Bicholimvp_2022.pdf,7,page,
goa/gp_ward/2022,4d7baed4ece1,Goa|2022|gp_ward|North Goa|Bicholim|Ona- Maulinguem- Curchirem|VI|,1,Goa,2022,North Goa,Bicholim,Ona- Maulinguem- Curchirem,gram_panchayat,VI,,gp_ward,ward,BC,BC,sc_st_bc,0,BC Other than Woman,OBC,all_seats,seat,,,,,,,latin,local_elections,e0ae2676d62a-dirty,data/goa/2022/list-of-validly-nominated-candidates-Bicholimvp_2022.pdf,7,page,
goa/gp_ward/2022,6daf24dc2c02,Goa|2022|gp_ward|North Goa|Bicholim|Ona- Maulinguem- Curchirem|VII|,1,Goa,2022,North Goa,Bicholim,Ona- Maulinguem- Curchirem,gram_panchayat,VII,,gp_ward,ward,BC,BC,sc_st_bc,1,BC Woman,OBC Women,all_seats,seat,,,,,,,latin,local_elections,e0ae2676d62a-dirty,data/goa/2022/list-of-validly-nominated-candidates-Bicholimvp_2022.pdf,7,page,
goa/gp_ward/2022,a12baa7865bf,Goa|2022|gp_ward|North Goa|Bicholim|Cudnem|I|,1,Goa,2022,North Goa,Bicholim,Cudnem,gram_panchayat,I,,gp_ward,ward,BC,BC,sc_st_bc,1,BC Woman,OBC Women,all_seats,seat,,,,,,,latin,local_elections,e0ae2676d62a-dirty,data/goa/2022/list-of-validly-nominated-candidates-Bicholimvp_2022.pdf,7,page,
goa/gp_ward/2022,f5f11fb86862,Goa|2022|gp_ward|North Goa|Bicholim|Cudnem|II|,1,Goa,2022,North Goa,Bicholim,Cudnem,gram_panchayat,II,,gp_ward,ward,NONE,NONE,sc_st_bc,0,Other than Woman,General,all_seats,seat,,,,,,,latin,local_elections,e0ae2676d62a-dirty,data/goa/2022/list-of-validly-nominated-candidates-Bicholimvp_2022.pdf,7,page,
goa/gp_ward/2022,0fc41fc88731,Goa|2022|gp_ward|North Goa|Bicholim|Cudnem|III|,1,Goa,2022,North Goa,Bicholim,Cudnem,gram_panchayat,III,,gp_ward,ward,BC,BC,sc_st_bc,0,BC Other than Woman,OBC,all_seats,seat,,,,,,,latin,local_elections,e0ae2676d62a-dirty,data/goa/2022/list-of-validly-nominated-candidates-Bicholimvp_2022.pdf,7,page,
goa/gp_ward/2022,eb510c3374bf,Goa|2022|gp_ward|North Goa|Bicholim|Cudnem|IV|,1,Goa,2022,North Goa,Bicholim,Cudnem,gram_panchayat,IV,,gp_ward,ward,NONE,NONE,sc_st_bc,0,Other than Woman,General,all_seats,seat,,,,,,,latin,local_elections,e0ae2676d62a-dirty,data/goa/2022/list-of-validly-nominated-candidates-Bicholimvp_2022.pdf,7,page,
goa/gp_ward/2022,98f18fae625a,Goa|2022|gp_ward|North Goa|Bicholim|Cudnem|V|,1,Goa,2022,North Goa,Bicholim,Cudnem,gram_panchayat,V,,gp_ward,ward,NONE,NONE,sc_st_bc,1,Woman,Women,all_seats,seat,,,,,,,latin,local_elections,e0ae2676d62a-dirty,data/goa/2022/list-of-validly-nominated-candidates-Bicholimvp_2022.pdf,7,page,
goa/gp_ward/2022,e1437d13cb75,Goa|2022|gp_ward|North Goa|Bicholim|Cudnem|VI|,1,Goa,2022,North Goa,Bicholim,Cudnem,gram_panchayat,VI,,gp_ward,ward,NONE,NONE,sc_st_bc,1,Woman,Women,all_seats,seat,,,,,,,latin,local_elections,e0ae2676d62a-dirty,data/goa/2022/list-of-validly-nominated-candidates-Bicholimvp_2022.pdf,7,page,
goa/gp_ward/2022,4d6af00ee5be,Goa|2022|gp_ward|North Goa|Bicholim|Cudnem|VII|,1,Goa,2022,North Goa,Bicholim,Cudnem,gram_panchayat,VII,,gp_ward,ward,BC,BC,sc_st_bc,0,BC Other than Woman,OBC,all_seats,seat,,,,,,,latin,local_elections,e0ae2676d62a-dirty,data/goa/2022/list-of-validly-nominated-candidates-Bicholimvp_2022.pdf,8,page,
goa/gp_ward/2022,a745db1ce4df,Goa|2022|gp_ward|North Goa|Bicholim|Piligao|I|,1,Goa,2022,North Goa,Bicholim,Piligao,gram_panchayat,I,,gp_ward,ward,NONE,NONE,sc_st_bc,0,Other than Woman,General,all_seats,seat,,,,,,,latin,local_elections,e0ae2676d62a-dirty,data/goa/2022/list-of-validly-nominated-candidates-Bicholimvp_2022.pdf,8,page,
goa/gp_ward/2022,76272395290d,Goa|2022|gp_ward|North Goa|Bicholim|Piligao|II|,1,Goa,2022,North Goa,Bicholim,Piligao,gram_panchayat,II,,gp_ward,ward,BC,BC,sc_st_bc,0,BC Other than Woman,OBC,all_seats,seat,,,,,,,latin,local_elections,e0ae2676d62a-dirty,data/goa/2022/list-of-validly-nominated-candidates-Bicholimvp_2022.pdf,8,page,
goa/gp_ward/2022,7f80f060a9ae,Goa|2022|gp_ward|North Goa|Bicholim|Piligao|III|,1,Goa,2022,North Goa,Bicholim,Piligao,gram_panchayat,III,,gp_ward,ward,ST,ST,sc_st_bc,0,ST Other than Woman,ST,all_seats,seat,,,,,,,latin,local_elections,e0ae2676d62a-dirty,data/goa/2022/list-of-validly-nominated-candidates-Bicholimvp_2022.pdf,8,page,
goa/gp_ward/2022,54589c642900,Goa|2022|gp_ward|North Goa|Bicholim|Piligao|IV|,1,Goa,2022,North Goa,Bicholim,Piligao,gram_panchayat,IV,,gp_ward,ward,NONE,NONE,sc_st_bc,0,Other than Woman,General,all_seats,seat,,,,,,,latin,local_elections,e0ae2676d62a-dirty,data/goa/2022/list-of-validly-nominated-candidates-Bicholimvp_2022.pdf,8,page,
goa/gp_ward/2022,d5f3452bc68a,Goa|2022|gp_ward|North Goa|Bicholim|Piligao|V|,1,Goa,2022,North Goa,Bicholim,Piligao,gram_panchayat,V,,gp_ward,ward,NONE,NONE,sc_st_bc,1,Woman,Women,all_seats,seat,,,,,,,latin,local_elections,e0ae2676d62a-dirty,data/goa/2022/list-of-validly-nominated-candidates-Bicholimvp_2022.pdf,8,page,
goa/gp_ward/2022,ac0ea0bce5d6,Goa|2022|gp_ward|North Goa|Bicholim|Piligao|VI|,1,Goa,2022,North Goa,Bicholim,Piligao,gram_panchayat,VI,,gp_ward,ward,ST,ST,sc_st_bc,1,ST Woman,ST Women,all_seats,seat,,,,,,,latin,local_elections,e0ae2676d62a-dirty,data/goa/2022/list-of-validly-nominated-candidates-Bicholimvp_2022.pdf,8,page,
goa/gp_ward/2022,1d695bd1f1ea,Goa|2022|gp_ward|North Goa|Bicholim|Piligao|VII|,1,Goa,2022,North Goa,Bicholim,Piligao,gram_panchayat,VII,,gp_ward,ward,NONE,NONE,sc_st_bc,1,Woman,Women,all_seats,seat,,,,,,,latin,local_elections,e0ae2676d62a-dirty,data/goa/2022/list-of-validly-nominated-candidates-Bicholimvp_2022.pdf,8,page,
goa/gp_ward/2022,cca27b0cf0ef,Goa|2022|gp_ward|North Goa|Bicholim|Maem- Vainguinim|I|,1,Goa,2022,North Goa,Bicholim,Maem- Vainguinim,gram_panchayat,I,,gp_ward,ward,BC,BC,sc_st_bc,0,BC Other than Woman,OBC,all_seats,seat,,,,,,,latin,local_elections,e0ae2676d62a-dirty,data/goa/2022/list-of-validly-nominated-candidates-Bicholimvp_2022.pdf,8,page,
goa/gp_ward/2022,8d9c7f78c4aa,Goa|2022|gp_ward|North Goa|Bicholim|Maem- Vainguinim|II|,1,Goa,2022,North Goa,Bicholim,Maem- Vainguinim,gram_panchayat,II,,gp_ward,ward,NONE,NONE,sc_st_bc,0,Other than Woman,General,all_seats,seat,,,,,,,latin,local_elections,e0ae2676d62a-dirty,data/goa/2022/list-of-validly-nominated-candidates-Bicholimvp_2022.pdf,9,page,
goa/gp_ward/2022,a7e80946c77c,Goa|2022|gp_ward|North Goa|Bicholim|Maem- Vainguinim|III|,1,Goa,2022,North Goa,Bicholim,Maem- Vainguinim,gram_panchayat,III,,gp_ward,ward,NONE,NONE,sc_st_bc,1,Woman,Women,all_seats,seat,,,,,,,latin,local_elections,e0ae2676d62a-dirty,data/goa/2022/list-of-validly-nominated-candidates-Bicholimvp_2022.pdf,9,page,
goa/gp_ward/2022,703f683fb628,Goa|2022|gp_ward|North Goa|Bicholim|Maem- Vainguinim|IV|,1,Goa,2022,North Goa,Bicholim,Maem- Vainguinim,gram_panchayat,IV,,gp_ward,ward,NONE,NONE,sc_st_bc,0,Other than Woman,General,all_seats,seat,,,,,,,latin,local_elections,e0ae2676d62a-dirty,data/goa/2022/list-of-validly-nominated-candidates-Bicholimvp_2022.pdf,9,page,
goa/gp_ward/2022,0dcfa93b5f2f,Goa|2022|gp_ward|North Goa|Bicholim|Maem- Vainguinim|V|,1,Goa,2022,North Goa,Bicholim,Maem- Vainguinim,gram_panchayat,V,,gp_ward,ward,NONE,NONE,sc_st_bc,0,Other than Woman,General,all_seats,seat,,,,,,,latin,local_elections,e0ae2676d62a-dirty,data/goa/2022/list-of-validly-nominated-candidates-Bicholimvp_2022.pdf,9,page,
goa/gp_ward/2022,6d349da69b95,Goa|2022|gp_ward|North Goa|Bicholim|Maem- Vainguinim|VI|,1,Goa,2022,North Goa,Bicholim,Maem- Vainguinim,gram_panchayat,VI,,gp_ward,ward,BC,BC,sc_st_bc,0,BC Other than Woman,OBC,all_seats,seat,,,,,,,latin,local_elections,e0ae2676d62a-dirty,data/goa/2022/list-of-validly-nominated-candidates-Bicholimvp_2022.pdf,9,page,
goa/gp_ward/2022,3119727cf4e0,Goa|2022|gp_ward|North Goa|Bicholim|Maem- Vainguinim|VII|,1,Goa,2022,North Goa,Bicholim,Maem- Vainguinim,gram_panchayat,VII,,gp_ward,ward,NONE,NONE,sc_st_bc,0,Other than Woman,General,all_seats,seat,,,,,,,latin,local_elections,e0ae2676d62a-dirty,data/goa/2022/list-of-validly-nominated-candidates-Bicholimvp_2022.pdf,9,page,
goa/gp_ward/2022,9d3d42379fb5,Goa|2022|gp_ward|North Goa|Bicholim|Maem- Vainguinim|VIII|,1,Goa,2022,North Goa,Bicholim,Maem- Vainguinim,gram_panchayat,VIII,,gp_ward,ward,BC,BC,sc_st_bc,0,BC Other than Woman,OBC,all_seats,seat,,,,,,,latin,local_elections,e0ae2676d62a-dirty,data/goa/2022/list-of-validly-nominated-candidates-Bicholimvp_2022.pdf,9,page,
goa/gp_ward/2022,5d513444ada4,Goa|2022|gp_ward|North Goa|Bicholim|Maem- Vainguinim|IX|,1,Goa,2022,North Goa,Bicholim,Maem- Vainguinim,gram_panchayat,IX,,gp_ward,ward,NONE,NONE,sc_st_bc,1,Woman,Women,all_seats,seat,,,,,,,latin,local_elections,e0ae2676d62a-dirty,data/goa/2022/list-of-validly-nominated-candidates-Bicholimvp_2022.pdf,10,page,
goa/gp_ward/2022,e09b256ec66a,Goa|2022|gp_ward|North Goa|Bicholim|Maem- Vainguinim|X|,1,Goa,2022,North Goa,Bicholim,Maem- Vainguinim,gram_panchayat,X,,gp_ward,ward,BC,BC,sc_st_bc,1,BC Woman,OBC Women,all_seats,seat,,,,,,,latin,local_elections,e0ae2676d62a-dirty,data/goa/2022/list-of-validly-nominated-candidates-Bicholimvp_2022.pdf,10,page,
goa/gp_ward/2022,99a318efe0fe,Goa|2022|gp_ward|North Goa|Bicholim|Maem- Vainguinim|XI|,1,Goa,2022,North Goa,Bicholim,Maem- Vainguinim,gram_panchayat,XI,,gp_ward,ward,BC,BC,sc_st_bc,1,BC Woman,OBC Women,all_seats,seat,,,,,,,latin,local_elections,e0ae2676d62a-dirty,data/goa/2022/list-of-validly-nominated-candidates-Bicholimvp_2022.pdf,10,page,
goa/gp_ward/2022,0650d145c1cc,Goa|2022|gp_ward|North Goa|Bicholim|Sirigao|I|,1,Goa,2022,North Goa,Bicholim,Sirigao,gram_panchayat,I,,gp_ward,ward,NONE,NONE,sc_st_bc,0,Other than Woman,General,all_seats,seat,,,,,,,latin,local_elections,e0ae2676d62a-dirty,data/goa/2022/list-of-validly-nominated-candidates-Bicholimvp_2022.pdf,10,page,
goa/gp_ward/2022,e97974c30e49,Goa|2022|gp_ward|North Goa|Bicholim|Sirigao|II|,1,Goa,2022,North Goa,Bicholim,Sirigao,gram_panchayat,II,,gp_ward,ward,NONE,NONE,sc_st_bc,1,Woman,Women,all_seats,seat,,,,,,,latin,local_elections,e0ae2676d62a-dirty,data/goa/2022/list-of-validly-nominated-candidates-Bicholimvp_2022.pdf,10,page,
goa/gp_ward/2022,b791a152b866,Goa|2022|gp_ward|North Goa|Bicholim|Sirigao|III|,1,Goa,2022,North Goa,Bicholim,Sirigao,gram_panchayat,III,,gp_ward,ward,NONE,NONE,sc_st_bc,0,Other than Woman,General,all_seats,seat,,,,,,,latin,local_elections,e0ae2676d62a-dirty,data/goa/2022/list-of-validly-nominated-candidates-Bicholimvp_2022.pdf,10,page,
goa/gp_ward/2022,1c4650c106d3,Goa|2022|gp_ward|North Goa|Bicholim|Sirigao|V|,1,Goa,2022,North Goa,Bicholim,Sirigao,gram_panchayat,V,,gp_ward,ward,BC,BC,sc_st_bc,0,BC Other than Woman,OBC,all_seats,seat,,,,,,,latin,local_elections,e0ae2676d62a-dirty,data/goa/2022/list-of-validly-nominated-candidates-Bicholimvp_2022.pdf,11,page,
goa/gp_ward/2022,7e800095fce4,Goa|2022|gp_ward|North Goa|Bicholim|Naroa|I|,1,Goa,2022,North Goa,Bicholim,Naroa,gram_panchayat,I,,gp_ward,ward,ST,ST,sc_st_bc,0,ST Other than Woman,ST,all_seats,seat,,,,,,,latin,local_elections,e0ae2676d62a-dirty,data/goa/2022/list-of-validly-nominated-candidates-Bicholimvp_2022.pdf,11,page,
goa/gp_ward/2022,2e3a2e38bc47,Goa|2022|gp_ward|North Goa|Bicholim|Naroa|II|,1,Goa,2022,North Goa,Bicholim,Naroa,gram_panchayat,II,,gp_ward,ward,NONE,NONE,sc_st_bc,1,Woman,Women,all_seats,seat,,,,,,,latin,local_elections,e0ae2676d62a-dirty,data/goa/2022/list-of-validly-nominated-candidates-Bicholimvp_2022.pdf,11,page,
goa/gp_ward/2022,73dfb409db49,Goa|2022|gp_ward|North Goa|Bicholim|Naroa|III|,1,Goa,2022,North Goa,Bicholim,Naroa,gram_panchayat,III,,gp_ward,ward,BC,BC,sc_st_bc,0,BC Other than Woman,OBC,all_seats,seat,,,,,,,latin,local_elections,e0ae2676d62a-dirty,data/goa/2022/list-of-validly-nominated-candidates-Bicholimvp_2022.pdf,11,page,
goa/gp_ward/2022,9b4fbf0d7ba7,Goa|2022|gp_ward|North Goa|Bicholim|Naroa|IV|,1,Goa,2022,North Goa,Bicholim,Naroa,gram_panchayat,IV,,gp_ward,ward,NONE,NONE,sc_st_bc,1,Woman,Women,all_seats,seat,,,,,,,latin,local_elections,e0ae2676d62a-dirty,data/goa/2022/list-of-validly-nominated-candidates-Bicholimvp_2022.pdf,11,page,
goa/gp_ward/2022,c2a3e60c800d,Goa|2022|gp_ward|North Goa|Bicholim|Naroa|V|,1,Goa,2022,North Goa,Bicholim,Naroa,gram_panchayat,V,,gp_ward,ward,NONE,NONE,sc_st_bc,0,Other than Woman,General,all_seats,seat,,,,,,,latin,local_elections,e0ae2676d62a-dirty,data/goa/2022/list-of-validly-nominated-candidates-Bicholimvp_2022.pdf,11,page,
goa/gp_ward/2022,d2d7a1205080,Goa|2022|gp_ward|North Goa|Bicholim|Pale-Kotambi|I|,1,Goa,2022,North Goa,Bicholim,Pale-Kotambi,gram_panchayat,I,,gp_ward,ward,BC,BC,sc_st_bc,0,BC Other than Woman,OBC,all_seats,seat,,,,,,,latin,local_elections,e0ae2676d62a-dirty,data/goa/2022/list-of-validly-nominated-candidates-Bicholimvp_2022.pdf,11,page,
goa/gp_ward/2022,5d4535179989,Goa|2022|gp_ward|North Goa|Bicholim|Pale-Kotambi|II|,1,Goa,2022,North Goa,Bicholim,Pale-Kotambi,gram_panchayat,II,,gp_ward,ward,NONE,NONE,sc_st_bc,1,Woman,Women,all_seats,seat,,,,,,,latin,local_elections,e0ae2676d62a-dirty,data/goa/2022/list-of-validly-nominated-candidates-Bicholimvp_2022.pdf,12,page,
goa/gp_ward/2022,41d35eb3a945,Goa|2022|gp_ward|North Goa|Bicholim|Pale-Kotambi|III|,1,Goa,2022,North Goa,Bicholim,Pale-Kotambi,gram_panchayat,III,,gp_ward,ward,NONE,NONE,sc_st_bc,0,Other than Woman,General,all_seats,seat,,,,,,,latin,local_elections,e0ae2676d62a-dirty,data/goa/2022/list-of-validly-nominated-candidates-Bicholimvp_2022.pdf,12,page,
goa/gp_ward/2022,3897b9201a3b,Goa|2022|gp_ward|North Goa|Bicholim|Pale-Kotambi|IV|,1,Goa,2022,North Goa,Bicholim,Pale-Kotambi,gram_panchayat,IV,,gp_ward,ward,ST,ST,sc_st_bc,0,ST Other than Woman,ST,all_seats,seat,,,,,,,latin,local_elections,e0ae2676d62a-dirty,data/goa/2022/list-of-validly-nominated-candidates-Bicholimvp_2022.pdf,12,page,
goa/gp_ward/2022,36c1861db492,Goa|2022|gp_ward|North Goa|Bicholim|Pale-Kotambi|V|,1,Goa,2022,North Goa,Bicholim,Pale-Kotambi,gram_panchayat,V,,gp_ward,ward,NONE,NONE,sc_st_bc,0,Other than Woman,General,all_seats,seat,,,,,,,latin,local_elections,e0ae2676d62a-dirty,data/goa/2022/list-of-validly-nominated-candidates-Bicholimvp_2022.pdf,12,page,
goa/gp_ward/2022,df0b0a80220a,Goa|2022|gp_ward|North Goa|Bicholim|Pale-Kotambi|VI|,1,Goa,2022,North Goa,Bicholim,Pale-Kotambi,gram_panchayat,VI,,gp_ward,ward,BC,BC,sc_st_bc,1,BC Woman,OBC Women,all_seats,seat,,,,,,,latin,local_elections,e0ae2676d62a-dirty,data/goa/2022/list-of-validly-nominated-candidates-Bicholimvp_2022.pdf,12,page,
goa/gp_ward/2022,1184a56deb64,Goa|2022|gp_ward|North Goa|Bicholim|Pale-Kotambi|VII|,1,Goa,2022,North Goa,Bicholim,Pale-Kotambi,gram_panchayat,VII,,gp_ward,ward,NONE,NONE,sc_st_bc,0,Other than Woman,General,all_seats,seat,,,,,,,latin,local_elections,e0ae2676d62a-dirty,data/goa/2022/list-of-validly-nominated-candidates-Bicholimvp_2022.pdf,13,page,
goa/gp_ward/2022,f854f1ed0d3b,Goa|2022|gp_ward|North Goa|Bicholim|Pale-Kotambi|VIII|,1,Goa,2022,North Goa,Bicholim,Pale-Kotambi,gram_panchayat,VIII,,gp_ward,ward,BC,BC,sc_st_bc,0,BC Other than Woman,OBC,all_seats,seat,,,,,,,latin,local_elections,e0ae2676d62a-dirty,data/goa/2022/list-of-validly-nominated-candidates-Bicholimvp_2022.pdf,13,page,
goa/gp_ward/2022,1d967b01da0d,Goa|2022|gp_ward|North Goa|Bicholim|Pale-Kotambi|IX|,1,Goa,2022,North Goa,Bicholim,Pale-Kotambi,gram_panchayat,IX,,gp_ward,ward,NONE,NONE,sc_st_bc,1,Woman,Women,all_seats,seat,,,,,,,latin,local_elections,e0ae2676d62a-dirty,data/goa/2022/list-of-validly-nominated-candidates-Bicholimvp_2022.pdf,13,page,
goa/gp_ward/2022,6d2f2195a681,Goa|2022|gp_ward|North Goa|Bicholim|Surla|I|,1,Goa,2022,North Goa,Bicholim,Surla,gram_panchayat,I,,gp_ward,ward,NONE,NONE,sc_st_bc,1,Woman,Women,all_seats,seat,,,,,,,latin,local_elections,e0ae2676d62a-dirty,data/goa/2022/list-of-validly-nominated-candidates-Bicholimvp_2022.pdf,13,page,
goa/gp_ward/2022,47513a1d113a,Goa|2022|gp_ward|North Goa|Bicholim|Surla|II|,1,Goa,2022,North Goa,Bicholim,Surla,gram_panchayat,II,,gp_ward,ward,NONE,NONE,sc_st_bc,0,Other than Woman,General,all_seats,seat,,,,,,,latin,local_elections,e0ae2676d62a-dirty,data/goa/2022/list-of-validly-nominated-candidates-Bicholimvp_2022.pdf,13,page,
goa/gp_ward/2022,a8f10f328e89,Goa|2022|gp_ward|North Goa|Bicholim|Surla|III|,1,Goa,2022,North Goa,Bicholim,Surla,gram_panchayat,III,,gp_ward,ward,NONE,NONE,sc_st_bc,0,Other than Woman,General,all_seats,seat,,,,,,,latin,local_elections,e0ae2676d62a-dirty,data/goa/2022/list-of-validly-nominated-candidates-Bicholimvp_2022.pdf,14,page,
goa/gp_ward/2022,3fab757bf5f8,Goa|2022|gp_ward|North Goa|Bicholim|Surla|IV|,1,Goa,2022,North Goa,Bicholim,Surla,gram_panchayat,IV,,gp_ward,ward,ST,ST,sc_st_bc,1,ST Woman,ST Women,all_seats,seat,,,,,,,latin,local_elections,e0ae2676d62a-dirty,data/goa/2022/list-of-validly-nominated-candidates-Bicholimvp_2022.pdf,14,page,
goa/gp_ward/2022,79f009d5c385,Goa|2022|gp_ward|North Goa|Bicholim|Surla|V|,1,Goa,2022,North Goa,Bicholim,Surla,gram_panchayat,V,,gp_ward,ward,ST,ST,sc_st_bc,0,ST Other than Woman,ST,all_seats,seat,,,,,,,latin,local_elections,e0ae2676d62a-dirty,data/goa/2022/list-of-validly-nominated-candidates-Bicholimvp_2022.pdf,14,page,
goa/gp_ward/2022,a64d221f2a43,Goa|2022|gp_ward|North Goa|Bicholim|Surla|VI|,1,Goa,2022,North Goa,Bicholim,Surla,gram_panchayat,VI,,gp_ward,ward,NONE,NONE,sc_st_bc,1,Woman,Women,all_seats,seat,,,,,,,latin,local_elections,e0ae2676d62a-dirty,data/goa/2022/list-of-validly-nominated-candidates-Bicholimvp_2022.pdf,14,page,
goa/gp_ward/2022,ee5c43b8b607,Goa|2022|gp_ward|North Goa|Bicholim|Surla|VII|,1,Goa,2022,North Goa,Bicholim,Surla,gram_panchayat,VII,,gp_ward,ward,ST,ST,sc_st_bc,0,ST Other than Woman,ST,all_seats,seat,,,,,,,latin,local_elections,e0ae2676d62a-dirty,data/goa/2022/list-of-validly-nominated-candidates-Bicholimvp_2022.pdf,14,page,
goa/gp_ward/2022,e82f52748deb,Goa|2022|gp_ward|North Goa|Bicholim|Amona|I|,1,Goa,2022,North Goa,Bicholim,Amona,gram_panchayat,I,,gp_ward,ward,NONE,NONE,sc_st_bc,0,Other than Woman,General,all_seats,seat,,,,,,,latin,local_elections,e0ae2676d62a-dirty,data/goa/2022/list-of-validly-nominated-candidates-Bicholimvp_2022.pdf,14,page,
goa/gp_ward/2022,344ac27d2126,Goa|2022|gp_ward|North Goa|Bicholim|Amona|II|,1,Goa,2022,North Goa,Bicholim,Amona,gram_panchayat,II,,gp_ward,ward,NONE,NONE,sc_st_bc,1,Woman,Women,all_seats,seat,,,,,,,latin,local_elections,e0ae2676d62a-dirty,data/goa/2022/list-of-validly-nominated-candidates-Bicholimvp_2022.pdf,14,page,
goa/gp_ward/2022,49053483dc98,Goa|2022|gp_ward|North Goa|Bicholim|Amona|III|,1,Goa,2022,North Goa,Bicholim,Amona,gram_panchayat,III,,gp_ward,ward,NONE,NONE,sc_st_bc,0,Other than Woman,General,all_seats,seat,,,,,,,latin,local_elections,e0ae2676d62a-dirty,data/goa/2022/list-of-validly-nominated-candidates-Bicholimvp_2022.pdf,14,page,
goa/gp_ward/2022,912ca1c8ae36,Goa|2022|gp_ward|North Goa|Bicholim|Amona|IV|,1,Goa,2022,North Goa,Bicholim,Amona,gram_panchayat,IV,,gp_ward,ward,NONE,NONE,sc_st_bc,0,Other than Woman,General,all_seats,seat,,,,,,,latin,local_elections,e0ae2676d62a-dirty,data/goa/2022/list-of-validly-nominated-candidates-Bicholimvp_2022.pdf,15,page,
goa/gp_ward/2022,42a92d84928b,Goa|2022|gp_ward|North Goa|Bicholim|Amona|V|,1,Goa,2022,North Goa,Bicholim,Amona,gram_panchayat,V,,gp_ward,ward,BC,BC,sc_st_bc,1,BC Woman,OBC Women,all_seats,seat,,,,,,,latin,local_elections,e0ae2676d62a-dirty,data/goa/2022/list-of-validly-nominated-candidates-Bicholimvp_2022.pdf,15,page,
goa/gp_ward/2022,0caef95c9fd1,Goa|2022|gp_ward|North Goa|Bicholim|Amona|VI|,1,Goa,2022,North Goa,Bicholim,Amona,gram_panchayat,VI,,gp_ward,ward,BC,BC,sc_st_bc,0,BC Other than Woman,OBC,all_seats,seat,,,,,,,latin,local_elections,e0ae2676d62a-dirty,data/goa/2022/list-of-validly-nominated-candidates-Bicholimvp_2022.pdf,15,page,
goa/gp_ward/2022,5ce3def7b6f7,Goa|2022|gp_ward|North Goa|Bicholim|Amona|VII|,1,Goa,2022,North Goa,Bicholim,Amona,gram_panchayat,VII,,gp_ward,ward,NONE,NONE,sc_st_bc,1,Woman,Women,all_seats,seat,,,,,,,latin,local_elections,e0ae2676d62a-dirty,data/goa/2022/list-of-validly-nominated-candidates-Bicholimvp_2022.pdf,15,page,
goa/gp_ward/2022,fb5e0c1929ca,Goa|2022|gp_ward|North Goa|Bicholim|Navelim|I|,1,Goa,2022,North Goa,Bicholim,Navelim,gram_panchayat,I,,gp_ward,ward,NONE,NONE,sc_st_bc,1,Woman,Women,all_seats,seat,,,,,,,latin,local_elections,e0ae2676d62a-dirty,data/goa/2022/list-of-validly-nominated-candidates-Bicholimvp_2022.pdf,15,page,
goa/gp_ward/2022,fd6f7b35f76a,Goa|2022|gp_ward|North Goa|Bicholim|Navelim|II|,1,Goa,2022,North Goa,Bicholim,Navelim,gram_panchayat,II,,gp_ward,ward,NONE,NONE,sc_st_bc,1,Woman,Women,all_seats,seat,,,,,,,latin,local_elections,e0ae2676d62a-dirty,data/goa/2022/list-of-validly-nominated-candidates-Bicholimvp_2022.pdf,15,page,
goa/gp_ward/2022,7ed3dcec7a29,Goa|2022|gp_ward|North Goa|Bicholim|Navelim|III|,1,Goa,2022,North Goa,Bicholim,Navelim,gram_panchayat,III,,gp_ward,ward,BC,BC,sc_st_bc,0,BC Other than Woman,OBC,all_seats,seat,,,,,,,latin,local_elections,e0ae2676d62a-dirty,data/goa/2022/list-of-validly-nominated-candidates-Bicholimvp_2022.pdf,16,page,
goa/gp_ward/2022,3c5e0cfefe05,Goa|2022|gp_ward|North Goa|Bicholim|Navelim|IV|,1,Goa,2022,North Goa,Bicholim,Navelim,gram_panchayat,IV,,gp_ward,ward,NONE,NONE,sc_st_bc,0,Other than Woman,General,all_seats,seat,,,,,,,latin,local_elections,e0ae2676d62a-dirty,data/goa/2022/list-of-validly-nominated-candidates-Bicholimvp_2022.pdf,16,page,
goa/gp_ward/2022,d0afdd49a8df,Goa|2022|gp_ward|North Goa|Bicholim|Navelim|V|,1,Goa,2022,North Goa,Bicholim,Navelim,gram_panchayat,V,,gp_ward,ward,NONE,NONE,sc_st_bc,1,Woman,Women,all_seats,seat,,,,,,,latin,local_elections,e0ae2676d62a-dirty,data/goa/2022/list-of-validly-nominated-candidates-Bicholimvp_2022.pdf,16,page,
goa/gp_ward/2022,1fee2229d626,Goa|2022|gp_ward|North Goa|Bicholim|Navelim|VI|,1,Goa,2022,North Goa,Bicholim,Navelim,gram_panchayat,VI,,gp_ward,ward,NONE,NONE,sc_st_bc,0,Other than Woman,General,all_seats,seat,,,,,,,latin,local_elections,e0ae2676d62a-dirty,data/goa/2022/list-of-validly-nominated-candidates-Bicholimvp_2022.pdf,16,page,
goa/gp_ward/2022,610579c666ab,Goa|2022|gp_ward|North Goa|Bicholim|Navelim|VII|,1,Goa,2022,North Goa,Bicholim,Navelim,gram_panchayat,VII,,gp_ward,ward,ST,ST,sc_st_bc,0,ST Other than Woman,ST,all_seats,seat,,,,,,,latin,local_elections,e0ae2676d62a-dirty,data/goa/2022/list-of-validly-nominated-candidates-Bicholimvp_2022.pdf,16,page,
goa/gp_ward/2022,95d48ea4735c,Goa|2022|gp_ward|North Goa|Bicholim|Velguem|I|,1,Goa,2022,North Goa,Bicholim,Velguem,gram_panchayat,I,,gp_ward,ward,BC,BC,sc_st_bc,1,BC Woman,OBC Women,all_seats,seat,,,,,,,latin,local_elections,e0ae2676d62a-dirty,data/goa/2022/list-of-validly-nominated-candidates-Bicholimvp_2022.pdf,17,page,
goa/gp_ward/2022,6e6cd5b7a374,Goa|2022|gp_ward|North Goa|Bicholim|Velguem|II|,1,Goa,2022,North Goa,Bicholim,Velguem,gram_panchayat,II,,gp_ward,ward,NONE,NONE,sc_st_bc,1,Woman,Women,all_seats,seat,,,,,,,latin,local_elections,e0ae2676d62a-dirty,data/goa/2022/list-of-validly-nominated-candidates-Bicholimvp_2022.pdf,17,page,
goa/gp_ward/2022,47b17ae8db57,Goa|2022|gp_ward|North Goa|Bicholim|Velguem|III|,1,Goa,2022,North Goa,Bicholim,Velguem,gram_panchayat,III,,gp_ward,ward,NONE,NONE,sc_st_bc,0,Other than Woman,General,all_seats,seat,,,,,,,latin,local_elections,e0ae2676d62a-dirty,data/goa/2022/list-of-validly-nominated-candidates-Bicholimvp_2022.pdf,17,page,
goa/gp_ward/2022,e27fc2907425,Goa|2022|gp_ward|North Goa|Bicholim|Velguem|IV|,1,Goa,2022,North Goa,Bicholim,Velguem,gram_panchayat,IV,,gp_ward,ward,NONE,NONE,sc_st_bc,0,Other than Woman,General,all_seats,seat,,,,,,,latin,local_elections,e0ae2676d62a-dirty,data/goa/2022/list-of-validly-nominated-candidates-Bicholimvp_2022.pdf,17,page,
goa/gp_ward/2022,b17aaf536f6f,Goa|2022|gp_ward|North Goa|Bicholim|Velguem|V|,1,Goa,2022,North Goa,Bicholim,Velguem,gram_panchayat,V,,gp_ward,ward,NONE,NONE,sc_st_bc,0,Other than Woman,General,all_seats,seat,,,,,,,latin,local_elections,e0ae2676d62a-dirty,data/goa/2022/list-of-validly-nominated-candidates-Bicholimvp_2022.pdf,17,page,
goa/gp_ward/2022,8756b1aea653,Goa|2022|gp_ward|North Goa|Bicholim|Velguem|VI|,1,Goa,2022,North Goa,Bicholim,Velguem,gram_panchayat,VI,,gp_ward,ward,NONE,NONE,sc_st_bc,1,Woman,Women,all_seats,seat,,,,,,,latin,local_elections,e0ae2676d62a-dirty,data/goa/2022/list-of-validly-nominated-candidates-Bicholimvp_2022.pdf,17,page,
goa/gp_ward/2022,406f9429dfbb,Goa|2022|gp_ward|North Goa|Bicholim|Velguem|VII|,1,Goa,2022,North Goa,Bicholim,Velguem,gram_panchayat,VII,,gp_ward,ward,BC,BC,sc_st_bc,0,BC Other than Woman,OBC,all_seats,seat,,,,,,,latin,local_elections,e0ae2676d62a-dirty,data/goa/2022/list-of-validly-nominated-candidates-Bicholimvp_2022.pdf,17,page,
goa/gp_ward/2022,de5bdaca6b6d,Goa|2022|gp_ward|South Goa|Dharbandora|Kirlapal- Dabal|I|,1,Goa,2022,South Goa,Dharbandora,Kirlapal- Dabal,gram_panchayat,I,,gp_ward,ward,ST,ST,sc_st_bc,1,ST Woman,ST Women,all_seats,seat,,,,,,,latin,local_elections,e0ae2676d62a-dirty,data/goa/2022/list-of-validly-nominated-candidates-Dharbandoravp_2022.pdf,1,page,
goa/gp_ward/2022,8679ea3ed187,Goa|2022|gp_ward|South Goa|Dharbandora|Kirlapal- Dabal|II|,1,Goa,2022,South Goa,Dharbandora,Kirlapal- Dabal,gram_panchayat,II,,gp_ward,ward,NONE,NONE,sc_st_bc,0,Other than Woman,General,all_seats,seat,,,,,,,latin,local_elections,e0ae2676d62a-dirty,data/goa/2022/list-of-validly-nominated-candidates-Dharbandoravp_2022.pdf,1,page,
goa/gp_ward/2022,fb5e57e552bd,Goa|2022|gp_ward|South Goa|Dharbandora|Kirlapal- Dabal|III|,1,Goa,2022,South Goa,Dharbandora,Kirlapal- Dabal,gram_panchayat,III,,gp_ward,ward,NONE,NONE,sc_st_bc,0,Other than Woman,General,all_seats,seat,,,,,,,latin,local_elections,e0ae2676d62a-dirty,data/goa/2022/list-of-validly-nominated-candidates-Dharbandoravp_2022.pdf,1,page,
goa/gp_ward/2022,c5ae96bf05f9,Goa|2022|gp_ward|South Goa|Dharbandora|Kirlapal- Dabal|IV|,1,Goa,2022,South Goa,Dharbandora,Kirlapal- Dabal,gram_panchayat,IV,,gp_ward,ward,NONE,NONE,sc_st_bc,0,Other than Woman,General,all_seats,seat,,,,,,,latin,local_elections,e0ae2676d62a-dirty,data/goa/2022/list-of-validly-nominated-candidates-Dharbandoravp_2022.pdf,1,page,
goa/gp_ward/2022,0a347f6be36a,Goa|2022|gp_ward|South Goa|Dharbandora|Kirlapal- Dabal|V|,1,Goa,2022,South Goa,Dharbandora,Kirlapal- Dabal,gram_panchayat,V,,gp_ward,ward,ST,ST,sc_st_bc,0,ST Other than Woman,ST,all_seats,seat,,,,,,,latin,local_elections,e0ae2676d62a-dirty,data/goa/2022/list-of-validly-nominated-candidates-Dharbandoravp_2022.pdf,1,page,
goa/gp_ward/2022,da299a892b8b,Goa|2022|gp_ward|South Goa|Dharbandora|Kirlapal- Dabal|VI|,1,Goa,2022,South Goa,Dharbandora,Kirlapal- Dabal,gram_panchayat,VI,,gp_ward,ward,NONE,NONE,sc_st_bc,0,Other than Woman,General,all_seats,seat,,,,,,,latin,local_elections,e0ae2676d62a-dirty,data/goa/2022/list-of-validly-nominated-candidates-Dharbandoravp_2022.pdf,2,page,
goa/gp_ward/2022,10af762204a8,Goa|2022|gp_ward|South Goa|Dharbandora|Kirlapal- Dabal|VII|,1,Goa,2022,South Goa,Dharbandora,Kirlapal- Dabal,gram_panchayat,VII,,gp_ward,ward,ST,ST,sc_st_bc,1,ST Woman,ST Women,all_seats,seat,,,,,,,latin,local_elections,e0ae2676d62a-dirty,data/goa/2022/list-of-validly-nominated-candidates-Dharbandoravp_2022.pdf,2,page,
goa/gp_ward/2022,cdeb2c542b50,Goa|2022|gp_ward|South Goa|Dharbandora|Kirlapal- Dabal|VIII|,1,Goa,2022,South Goa,Dharbandora,Kirlapal- Dabal,gram_panchayat,VIII,,gp_ward,ward,ST,ST,sc_st_bc,0,ST Other than Woman,ST,all_seats,seat,,,,,,,latin,local_elections,e0ae2676d62a-dirty,data/goa/2022/list-of-validly-nominated-candidates-Dharbandoravp_2022.pdf,2,page,
goa/gp_ward/2022,b71a01c995b9,Goa|2022|gp_ward|South Goa|Dharbandora|Kirlapal- Dabal|IX|,1,Goa,2022,South Goa,Dharbandora,Kirlapal- Dabal,gram_panchayat,IX,,gp_ward,ward,NONE,NONE,sc_st_bc,1,Woman,Women,all_seats,seat,,,,,,,latin,local_elections,e0ae2676d62a-dirty,data/goa/2022/list-of-validly-nominated-candidates-Dharbandoravp_2022.pdf,2,page,
goa/gp_ward/2022,81bcc405d30d,Goa|2022|gp_ward|South Goa|Dharbandora|Dharbandora|I|,1,Goa,2022,South Goa,Dharbandora,Dharbandora,gram_panchayat,I,,gp_ward,ward,NONE,NONE,sc_st_bc,1,Woman,Women,all_seats,seat,,,,,,,latin,local_elections,e0ae2676d62a-dirty,data/goa/2022/list-of-validly-nominated-candidates-Dharbandoravp_2022.pdf,2,page,
goa/gp_ward/2022,fdf8f35e5937,Goa|2022|gp_ward|South Goa|Dharbandora|Dharbandora|II|,1,Goa,2022,South Goa,Dharbandora,Dharbandora,gram_panchayat,II,,gp_ward,ward,NONE,NONE,sc_st_bc,0,Other than Woman,General,all_seats,seat,,,,,,,latin,local_elections,e0ae2676d62a-dirty,data/goa/2022/list-of-validly-nominated-candidates-Dharbandoravp_2022.pdf,2,page,
goa/gp_ward/2022,bbacebacf181,Goa|2022|gp_ward|South Goa|Dharbandora|Dharbandora|III|,1,Goa,2022,South Goa,Dharbandora,Dharbandora,gram_panchayat,III,,gp_ward,ward,NONE,NONE,sc_st_bc,0,Other than Woman,General,all_seats,seat,,,,,,,latin,local_elections,e0ae2676d62a-dirty,data/goa/2022/list-of-validly-nominated-candidates-Dharbandoravp_2022.pdf,3,page,
goa/gp_ward/2022,9aeda64c3860,Goa|2022|gp_ward|South Goa|Dharbandora|Dharbandora|IV|,1,Goa,2022,South Goa,Dharbandora,Dharbandora,gram_panchayat,IV,,gp_ward,ward,NONE,NONE,sc_st_bc,0,Other than Woman,General,all_seats,seat,,,,,,,latin,local_elections,e0ae2676d62a-dirty,data/goa/2022/list-of-validly-nominated-candidates-Dharbandoravp_2022.pdf,3,page,
goa/gp_ward/2022,25eea9dc99ba,Goa|2022|gp_ward|South Goa|Dharbandora|Dharbandora|V|,1,Goa,2022,South Goa,Dharbandora,Dharbandora,gram_panchayat,V,,gp_ward,ward,ST,ST,sc_st_bc,0,ST Other than Woman,ST,all_seats,seat,,,,,,,latin,local_elections,e0ae2676d62a-dirty,data/goa/2022/list-of-validly-nominated-candidates-Dharbandoravp_2022.pdf,3,page,
goa/gp_ward/2022,46e0b0607252,Goa|2022|gp_ward|South Goa|Dharbandora|Dharbandora|VI|,1,Goa,2022,South Goa,Dharbandora,Dharbandora,gram_panchayat,VI,,gp_ward,ward,NONE,NONE,sc_st_bc,0,Other than Woman,General,all_seats,seat,,,,,,,latin,local_elections,e0ae2676d62a-dirty,data/goa/2022/list-of-validly-nominated-candidates-Dharbandoravp_2022.pdf,3,page,
goa/gp_ward/2022,1c578d058a00,Goa|2022|gp_ward|South Goa|Dharbandora|Dharbandora|VII|,1,Goa,2022,South Goa,Dharbandora,Dharbandora,gram_panchayat,VII,,gp_ward,ward,ST,ST,sc_st_bc,1,ST Woman,ST Women,all_seats,seat,,,,,,,latin,local_elections,e0ae2676d62a-dirty,data/goa/2022/list-of-validly-nominated-candidates-Dharbandoravp_2022.pdf,4,page,
goa/gp_ward/2022,95ebb49b4f5a,Goa|2022|gp_ward|South Goa|Dharbandora|Dharbandora|VIII|,1,Goa,2022,South Goa,Dharbandora,Dharbandora,gram_panchayat,VIII,,gp_ward,ward,NONE,NONE,sc_st_bc,0,Other than Woman,General,all_seats,seat,,,,,,,latin,local_elections,e0ae2676d62a-dirty,data/goa/2022/list-of-validly-nominated-candidates-Dharbandoravp_2022.pdf,4,page,
goa/gp_ward/2022,737d1eca501e,Goa|2022|gp_ward|South Goa|Dharbandora|Dharbandora|IX|,1,Goa,2022,South Goa,Dharbandora,Dharbandora,gram_panchayat,IX,,gp_ward,ward,NONE,NONE,sc_st_bc,1,Woman,Women,all_seats,seat,,,,,,,latin,local_elections,e0ae2676d62a-dirty,data/goa/2022/list-of-validly-nominated-candidates-Dharbandoravp_2022.pdf,4,page,
goa/gp_ward/2022,a834b53c9b3f,Goa|2022|gp_ward|South Goa|Dharbandora|Collem|I|,1,Goa,2022,South Goa,Dharbandora,Collem,gram_panchayat,I,,gp_ward,ward,NONE,NONE,sc_st_bc,1,Woman,Women,all_seats,seat,,,,,,,latin,local_elections,e0ae2676d62a-dirty,data/goa/2022/list-of-validly-nominated-candidates-Dharbandoravp_2022.pdf,4,page,
goa/gp_ward/2022,a04cd6727531,Goa|2022|gp_ward|South Goa|Dharbandora|Collem|II|,1,Goa,2022,South Goa,Dharbandora,Collem,gram_panchayat,II,,gp_ward,ward,NONE,NONE,sc_st_bc,0,Other than Woman,General,all_seats,seat,,,,,,,latin,local_elections,e0ae2676d62a-dirty,data/goa/2022/list-of-validly-nominated-candidates-Dharbandoravp_2022.pdf,4,page,
goa/gp_ward/2022,095d8fe31420,Goa|2022|gp_ward|South Goa|Dharbandora|Collem|III|,1,Goa,2022,South Goa,Dharbandora,Collem,gram_panchayat,III,,gp_ward,ward,NONE,NONE,sc_st_bc,0,Other than Woman,General,all_seats,seat,,,,,,,latin,local_elections,e0ae2676d62a-dirty,data/goa/2022/list-of-validly-nominated-candidates-Dharbandoravp_2022.pdf,5,page,
goa/gp_ward/2022,6976b0a55a64,Goa|2022|gp_ward|South Goa|Dharbandora|Collem|IV|,1,Goa,2022,South Goa,Dharbandora,Collem,gram_panchayat,IV,,gp_ward,ward,NONE,NONE,sc_st_bc,0,Other than Woman,General,all_seats,seat,,,,,,,latin,local_elections,e0ae2676d62a-dirty,data/goa/2022/list-of-validly-nominated-candidates-Dharbandoravp_2022.pdf,5,page,
goa/gp_ward/2022,f3053c948b08,Goa|2022|gp_ward|South Goa|Dharbandora|Collem|V|,1,Goa,2022,South Goa,Dharbandora,Collem,gram_panchayat,V,,gp_ward,ward,ST,ST,sc_st_bc,0,ST Other than Woman,ST,all_seats,seat,,,,,,,latin,local_elections,e0ae2676d62a-dirty,data/goa/2022/list-of-validly-nominated-candidates-Dharbandoravp_2022.pdf,5,page,
goa/gp_ward/2022,42bc65441a83,Goa|2022|gp_ward|South Goa|Dharbandora|Collem|VI|,1,Goa,2022,South Goa,Dharbandora,Collem,gram_panchayat,VI,,gp_ward,ward,BC,BC,sc_st_bc,1,BC Woman,OBC Women,all_seats,seat,,,,,,,latin,local_elections,e0ae2676d62a-dirty,data/goa/2022/list-of-validly-nominated-candidates-Dharbandoravp_2022.pdf,5,page,
goa/gp_ward/2022,3901d4f2a30b,Goa|2022|gp_ward|South Goa|Dharbandora|Collem|VII|,1,Goa,2022,South Goa,Dharbandora,Collem,gram_panchayat,VII,,gp_ward,ward,BC,BC,sc_st_bc,0,BC Other than Woman,OBC,all_seats,seat,,,,,,,latin,local_elections,e0ae2676d62a-dirty,data/goa/2022/list-of-validly-nominated-candidates-Dharbandoravp_2022.pdf,5,page,
goa/gp_ward/2022,6e80dbfd01f2,Goa|2022|gp_ward|South Goa|Dharbandora|Collem|VIII|,1,Goa,2022,South Goa,Dharbandora,Collem,gram_panchayat,VIII,,gp_ward,ward,BC,BC,sc_st_bc,0,BC Other than Woman,OBC,all_seats,seat,,,,,,,latin,local_elections,e0ae2676d62a-dirty,data/goa/2022/list-of-validly-nominated-candidates-Dharbandoravp_2022.pdf,5,page,
goa/gp_ward/2022,52accb9ecc47,Goa|2022|gp_ward|South Goa|Dharbandora|Collem|IX|,1,Goa,2022,South Goa,Dharbandora,Collem,gram_panchayat,IX,,gp_ward,ward,NONE,NONE,sc_st_bc,1,Woman,Women,all_seats,seat,,,,,,,latin,local_elections,e0ae2676d62a-dirty,data/goa/2022/list-of-validly-nominated-candidates-Dharbandoravp_2022.pdf,5,page,
goa/gp_ward/2022,264efcb8b0db,Goa|2022|gp_ward|South Goa|Dharbandora|Sancordem|I|,1,Goa,2022,South Goa,Dharbandora,Sancordem,gram_panchayat,I,,gp_ward,ward,NONE,NONE,sc_st_bc,1,Woman,Women,all_seats,seat,,,,,,,latin,local_elections,e0ae2676d62a-dirty,data/goa/2022/list-of-validly-nominated-candidates-Dharbandoravp_2022.pdf,6,page,
goa/gp_ward/2022,58fd336168aa,Goa|2022|gp_ward|South Goa|Dharbandora|Sancordem|II|,1,Goa,2022,South Goa,Dharbandora,Sancordem,gram_panchayat,II,,gp_ward,ward,BC,BC,sc_st_bc,1,BC Woman,OBC Women,all_seats,seat,,,,,,,latin,local_elections,e0ae2676d62a-dirty,data/goa/2022/list-of-validly-nominated-candidates-Dharbandoravp_2022.pdf,6,page,
goa/gp_ward/2022,8e76594068a6,Goa|2022|gp_ward|South Goa|Dharbandora|Sancordem|III|,1,Goa,2022,South Goa,Dharbandora,Sancordem,gram_panchayat,III,,gp_ward,ward,BC,BC,sc_st_bc,0,BC Other than Woman,OBC,all_seats,seat,,,,,,,latin,local_elections,e0ae2676d62a-dirty,data/goa/2022/list-of-validly-nominated-candidates-Dharbandoravp_2022.pdf,6,page,
goa/gp_ward/2022,fec196874f79,Goa|2022|gp_ward|South Goa|Dharbandora|Sancordem|IV|,1,Goa,2022,South Goa,Dharbandora,Sancordem,gram_panchayat,IV,,gp_ward,ward,NONE,NONE,sc_st_bc,0,Other than Woman,General,all_seats,seat,,,,,,,latin,local_elections,e0ae2676d62a-dirty,data/goa/2022/list-of-validly-nominated-candidates-Dharbandoravp_2022.pdf,6,page,
goa/gp_ward/2022,6c76ba051b73,Goa|2022|gp_ward|South Goa|Dharbandora|Sancordem|V|,1,Goa,2022,South Goa,Dharbandora,Sancordem,gram_panchayat,V,,gp_ward,ward,NONE,NONE,sc_st_bc,0,Other than Woman,General,all_seats,seat,,,,,,,latin,local_elections,e0ae2676d62a-dirty,data/goa/2022/list-of-validly-nominated-candidates-Dharbandoravp_2022.pdf,7,page,
goa/gp_ward/2022,59d9c1d0d112,Goa|2022|gp_ward|South Goa|Dharbandora|Sancordem|VI|,1,Goa,2022,South Goa,Dharbandora,Sancordem,gram_panchayat,VI,,gp_ward,ward,NONE,NONE,sc_st_bc,1,Woman,Women,all_seats,seat,,,,,,,latin,local_elections,e0ae2676d62a-dirty,data/goa/2022/list-of-validly-nominated-candidates-Dharbandoravp_2022.pdf,7,page,
goa/gp_ward/2022,52f1ee8ab49f,Goa|2022|gp_ward|South Goa|Dharbandora|Sancordem|VII|,1,Goa,2022,South Goa,Dharbandora,Sancordem,gram_panchayat,VII,,gp_ward,ward,ST,ST,sc_st_bc,0,ST Other than Woman,ST,all_seats,seat,,,,,,,latin,local_elections,e0ae2676d62a-dirty,data/goa/2022/list-of-validly-nominated-candidates-Dharbandoravp_2022.pdf,7,page,
goa/gp_ward/2022,3b2d7119918c,Goa|2022|gp_ward|South Goa|Dharbandora|Mollem|I|,1,Goa,2022,South Goa,Dharbandora,Mollem,gram_panchayat,I,,gp_ward,ward,BC,BC,sc_st_bc,1,BC Woman,OBC Women,all_seats,seat,,,,,,,latin,local_elections,e0ae2676d62a-dirty,data/goa/2022/list-of-validly-nominated-candidates-Dharbandoravp_2022.pdf,7,page,
goa/gp_ward/2022,aa549b205648,Goa|2022|gp_ward|South Goa|Dharbandora|Mollem|II|,1,Goa,2022,South Goa,Dharbandora,Mollem,gram_panchayat,II,,gp_ward,ward,NONE,NONE,sc_st_bc,1,Woman,Women,all_seats,seat,,,,,,,latin,local_elections,e0ae2676d62a-dirty,data/goa/2022/list-of-validly-nominated-candidates-Dharbandoravp_2022.pdf,7,page,
goa/gp_ward/2022,f173ac9b4c72,Goa|2022|gp_ward|South Goa|Dharbandora|Mollem|III|,1,Goa,2022,South Goa,Dharbandora,Mollem,gram_panchayat,III,,gp_ward,ward,NONE,NONE,sc_st_bc,0,Other than Woman,General,all_seats,seat,,,,,,,latin,local_elections,e0ae2676d62a-dirty,data/goa/2022/list-of-validly-nominated-candidates-Dharbandoravp_2022.pdf,8,page,
goa/gp_ward/2022,92c34e8a7d57,Goa|2022|gp_ward|South Goa|Dharbandora|Mollem|IV|,1,Goa,2022,South Goa,Dharbandora,Mollem,gram_panchayat,IV,,gp_ward,ward,NONE,NONE,sc_st_bc,0,Other than Woman,General,all_seats,seat,,,,,,,latin,local_elections,e0ae2676d62a-dirty,data/goa/2022/list-of-validly-nominated-candidates-Dharbandoravp_2022.pdf,8,page,
goa/gp_ward/2022,33eaa4470f99,Goa|2022|gp_ward|South Goa|Dharbandora|Mollem|V|,1,Goa,2022,South Goa,Dharbandora,Mollem,gram_panchayat,V,,gp_ward,ward,NONE,NONE,sc_st_bc,1,Woman,Women,all_seats,seat,,,,,,,latin,local_elections,e0ae2676d62a-dirty,data/goa/2022/list-of-validly-nominated-candidates-Dharbandoravp_2022.pdf,8,page,
goa/gp_ward/2022,40e217343997,Goa|2022|gp_ward|South Goa|Dharbandora|Mollem|VI|,1,Goa,2022,South Goa,Dharbandora,Mollem,gram_panchayat,VI,,gp_ward,ward,BC,BC,sc_st_bc,0,BC Other than Woman,OBC,all_seats,seat,,,,,,,latin,local_elections,e0ae2676d62a-dirty,data/goa/2022/list-of-validly-nominated-candidates-Dharbandoravp_2022.pdf,8,page,
goa/gp_ward/2022,bdb9f914e7c4,Goa|2022|gp_ward|South Goa|Dharbandora|Mollem|VII|,1,Goa,2022,South Goa,Dharbandora,Mollem,gram_panchayat,VII,,gp_ward,ward,ST,ST,sc_st_bc,0,ST Other than Woman,ST,all_seats,seat,,,,,,,latin,local_elections,e0ae2676d62a-dirty,data/goa/2022/list-of-validly-nominated-candidates-Dharbandoravp_2022.pdf,9,page,
goa/gp_ward/2022,9d617844a973,Goa|2022|gp_ward|South Goa|Mormugao|Sancoale|I|,1,Goa,2022,South Goa,Mormugao,Sancoale,gram_panchayat,I,,gp_ward,ward,NONE,NONE,sc_st_bc,0,Other than Woman,General,all_seats,seat,,,,,,,latin,local_elections,e0ae2676d62a-dirty,data/goa/2022/list-of-validly-nominated-candidates-Mormugaovp_2022.pdf,1,page,
goa/gp_ward/2022,a27e34c908bd,Goa|2022|gp_ward|South Goa|Mormugao|Sancoale|II|,1,Goa,2022,South Goa,Mormugao,Sancoale,gram_panchayat,II,,gp_ward,ward,NONE,NONE,sc_st_bc,0,Other than Woman,General,all_seats,seat,,,,,,,latin,local_elections,e0ae2676d62a-dirty,data/goa/2022/list-of-validly-nominated-candidates-Mormugaovp_2022.pdf,1,page,
goa/gp_ward/2022,7af3729dee8b,Goa|2022|gp_ward|South Goa|Mormugao|Sancoale|III|,1,Goa,2022,South Goa,Mormugao,Sancoale,gram_panchayat,III,,gp_ward,ward,NONE,NONE,sc_st_bc,0,Other than Woman,General,all_seats,seat,,,,,,,latin,local_elections,e0ae2676d62a-dirty,data/goa/2022/list-of-validly-nominated-candidates-Mormugaovp_2022.pdf,2,page,
goa/gp_ward/2022,cd13d82da123,Goa|2022|gp_ward|South Goa|Mormugao|Sancoale|IV|,1,Goa,2022,South Goa,Mormugao,Sancoale,gram_panchayat,IV,,gp_ward,ward,ST,ST,sc_st_bc,0,ST Other than Woman,ST,all_seats,seat,,,,,,,latin,local_elections,e0ae2676d62a-dirty,data/goa/2022/list-of-validly-nominated-candidates-Mormugaovp_2022.pdf,2,page,
goa/gp_ward/2022,2bf01b129404,Goa|2022|gp_ward|South Goa|Mormugao|Sancoale|V|,1,Goa,2022,South Goa,Mormugao,Sancoale,gram_panchayat,V,,gp_ward,ward,NONE,NONE,sc_st_bc,0,Other than Woman,General,all_seats,seat,,,,,,,latin,local_elections,e0ae2676d62a-dirty,data/goa/2022/list-of-validly-nominated-candidates-Mormugaovp_2022.pdf,2,page,
goa/gp_ward/2022,3ec49bb8d385,Goa|2022|gp_ward|South Goa|Mormugao|Sancoale|VI|,1,Goa,2022,South Goa,Mormugao,Sancoale,gram_panchayat,VI,,gp_ward,ward,NONE,NONE,sc_st_bc,1,Woman,Women,all_seats,seat,,,,,,,latin,local_elections,e0ae2676d62a-dirty,data/goa/2022/list-of-validly-nominated-candidates-Mormugaovp_2022.pdf,2,page,
goa/gp_ward/2022,3b90b1744d2b,Goa|2022|gp_ward|South Goa|Mormugao|Sancoale|VII|,1,Goa,2022,South Goa,Mormugao,Sancoale,gram_panchayat,VII,,gp_ward,ward,NONE,NONE,sc_st_bc,1,Woman,Women,all_seats,seat,,,,,,,latin,local_elections,e0ae2676d62a-dirty,data/goa/2022/list-of-validly-nominated-candidates-Mormugaovp_2022.pdf,3,page,
goa/gp_ward/2022,d9bcc5a0b200,Goa|2022|gp_ward|South Goa|Mormugao|Sancoale|VIII|,1,Goa,2022,South Goa,Mormugao,Sancoale,gram_panchayat,VIII,,gp_ward,ward,NONE,NONE,sc_st_bc,0,Other than Woman,General,all_seats,seat,,,,,,,latin,local_elections,e0ae2676d62a-dirty,data/goa/2022/list-of-validly-nominated-candidates-Mormugaovp_2022.pdf,4,page,
goa/gp_ward/2022,0541aff37dbc,Goa|2022|gp_ward|South Goa|Mormugao|Sancoale|IX|,1,Goa,2022,South Goa,Mormugao,Sancoale,gram_panchayat,IX,,gp_ward,ward,NONE,NONE,sc_st_bc,1,Woman,Women,all_seats,seat,,,,,,,latin,local_elections,e0ae2676d62a-dirty,data/goa/2022/list-of-validly-nominated-candidates-Mormugaovp_2022.pdf,4,page,
goa/gp_ward/2022,9c89bb5d0870,Goa|2022|gp_ward|South Goa|Mormugao|Sancoale|X|,1,Goa,2022,South Goa,Mormugao,Sancoale,gram_panchayat,X,,gp_ward,ward,NONE,NONE,sc_st_bc,1,Woman,Women,all_seats,seat,,,,,,,latin,local_elections,e0ae2676d62a-dirty,data/goa/2022/list-of-validly-nominated-candidates-Mormugaovp_2022.pdf,4,page,
goa/gp_ward/2022,4580167ce975,Goa|2022|gp_ward|South Goa|Mormugao|Sancoale|XI|,1,Goa,2022,South Goa,Mormugao,Sancoale,gram_panchayat,XI,,gp_ward,ward,NONE,NONE,sc_st_bc,0,Other than Woman,General,all_seats,seat,,,,,,,latin,local_elections,e0ae2676d62a-dirty,data/goa/2022/list-of-validly-nominated-candidates-Mormugaovp_2022.pdf,5,page,
goa/gp_ward/2022,777f51cab4e7,Goa|2022|gp_ward|South Goa|Mormugao|Chicalim|I|,1,Goa,2022,South Goa,Mormugao,Chicalim,gram_panchayat,I,,gp_ward,ward,NONE,NONE,sc_st_bc,0,Other than Woman,General,all_seats,seat,,,,,,,latin,local_elections,e0ae2676d62a-dirty,data/goa/2022/list-of-validly-nominated-candidates-Mormugaovp_2022.pdf,5,page,
goa/gp_ward/2022,ee350a7d8822,Goa|2022|gp_ward|South Goa|Mormugao|Chicalim|II|,1,Goa,2022,South Goa,Mormugao,Chicalim,gram_panchayat,II,,gp_ward,ward,NONE,NONE,sc_st_bc,0,Other than Woman,General,all_seats,seat,,,,,,,latin,local_elections,e0ae2676d62a-dirty,data/goa/2022/list-of-validly-nominated-candidates-Mormugaovp_2022.pdf,5,page,
goa/gp_ward/2022,9731257358d8,Goa|2022|gp_ward|South Goa|Mormugao|Chicalim|III|,1,Goa,2022,South Goa,Mormugao,Chicalim,gram_panchayat,III,,gp_ward,ward,NONE,NONE,sc_st_bc,1,Woman,Women,all_seats,seat,,,,,,,latin,local_elections,e0ae2676d62a-dirty,data/goa/2022/list-of-validly-nominated-candidates-Mormugaovp_2022.pdf,6,page,
goa/gp_ward/2022,9a77f055a8bc,Goa|2022|gp_ward|South Goa|Mormugao|Chicalim|IV|,1,Goa,2022,South Goa,Mormugao,Chicalim,gram_panchayat,IV,,gp_ward,ward,BC,BC,sc_st_bc,0,BC Other than Woman,OBC,all_seats,seat,,,,,,,latin,local_elections,e0ae2676d62a-dirty,data/goa/2022/list-of-validly-nominated-candidates-Mormugaovp_2022.pdf,6,page,
goa/gp_ward/2022,63b71fa0ba64,Goa|2022|gp_ward|South Goa|Mormugao|Chicalim|V|,1,Goa,2022,South Goa,Mormugao,Chicalim,gram_panchayat,V,,gp_ward,ward,NONE,NONE,sc_st_bc,0,Other than Woman,General,all_seats,seat,,,,,,,latin,local_elections,e0ae2676d62a-dirty,data/goa/2022/list-of-validly-nominated-candidates-Mormugaovp_2022.pdf,6,page,
goa/gp_ward/2022,4ed1f3ca3a59,Goa|2022|gp_ward|South Goa|Mormugao|Chicalim|VI|,1,Goa,2022,South Goa,Mormugao,Chicalim,gram_panchayat,VI,,gp_ward,ward,NONE,NONE,sc_st_bc,1,Woman,Women,all_seats,seat,,,,,,,latin,local_elections,e0ae2676d62a-dirty,data/goa/2022/list-of-validly-nominated-candidates-Mormugaovp_2022.pdf,7,page,
goa/gp_ward/2022,e28d80fe8661,Goa|2022|gp_ward|South Goa|Mormugao|Chicalim|VII|,1,Goa,2022,South Goa,Mormugao,Chicalim,gram_panchayat,VII,,gp_ward,ward,NONE,NONE,sc_st_bc,0,Other than Woman,General,all_seats,seat,,,,,,,latin,local_elections,e0ae2676d62a-dirty,data/goa/2022/list-of-validly-nominated-candidates-Mormugaovp_2022.pdf,7,page,
goa/gp_ward/2022,1d9d0553d24d,Goa|2022|gp_ward|South Goa|Mormugao|Chicalim|VIII|,1,Goa,2022,South Goa,Mormugao,Chicalim,gram_panchayat,VIII,,gp_ward,ward,NONE,NONE,sc_st_bc,0,Other than Woman,General,all_seats,seat,,,,,,,latin,local_elections,e0ae2676d62a-dirty,data/goa/2022/list-of-validly-nominated-candidates-Mormugaovp_2022.pdf,7,page,
goa/gp_ward/2022,7ae142127ab9,Goa|2022|gp_ward|South Goa|Mormugao|Chicalim|IX|,1,Goa,2022,South Goa,Mormugao,Chicalim,gram_panchayat,IX,,gp_ward,ward,NONE,NONE,sc_st_bc,1,Woman,Women,all_seats,seat,,,,,,,latin,local_elections,e0ae2676d62a-dirty,data/goa/2022/list-of-validly-nominated-candidates-Mormugaovp_2022.pdf,7,page,
goa/gp_ward/2022,eadfe00e91b0,Goa|2022|gp_ward|South Goa|Mormugao|Chicalim|X|,1,Goa,2022,South Goa,Mormugao,Chicalim,gram_panchayat,X,,gp_ward,ward,BC,BC,sc_st_bc,1,BC Woman,OBC Women,all_seats,seat,,,,,,,latin,local_elections,e0ae2676d62a-dirty,data/goa/2022/list-of-validly-nominated-candidates-Mormugaovp_2022.pdf,7,page,
goa/gp_ward/2022,d69a3a9c9cc0,Goa|2022|gp_ward|South Goa|Mormugao|Cortalim|I|,1,Goa,2022,South Goa,Mormugao,Cortalim,gram_panchayat,I,,gp_ward,ward,NONE,NONE,sc_st_bc,0,Other than Woman,General,all_seats,seat,,,,,,,latin,local_elections,e0ae2676d62a-dirty,data/goa/2022/list-of-validly-nominated-candidates-Mormugaovp_2022.pdf,8,page,
goa/gp_ward/2022,47bdb870d565,Goa|2022|gp_ward|South Goa|Mormugao|Cortalim|II|,1,Goa,2022,South Goa,Mormugao,Cortalim,gram_panchayat,II,,gp_ward,ward,NONE,NONE,sc_st_bc,0,Other than Woman,General,all_seats,seat,,,,,,,latin,local_elections,e0ae2676d62a-dirty,data/goa/2022/list-of-validly-nominated-candidates-Mormugaovp_2022.pdf,8,page,
goa/gp_ward/2022,a75552f557b4,Goa|2022|gp_ward|South Goa|Mormugao|Cortalim|III|,1,Goa,2022,South Goa,Mormugao,Cortalim,gram_panchayat,III,,gp_ward,ward,BC,BC,sc_st_bc,1,BC Woman,OBC Women,all_seats,seat,,,,,,,latin,local_elections,e0ae2676d62a-dirty,data/goa/2022/list-of-validly-nominated-candidates-Mormugaovp_2022.pdf,8,page,
goa/gp_ward/2022,4264c282ebcc,Goa|2022|gp_ward|South Goa|Mormugao|Cortalim|IV|,1,Goa,2022,South Goa,Mormugao,Cortalim,gram_panchayat,IV,,gp_ward,ward,ST,ST,sc_st_bc,0,ST Other than Woman,ST,all_seats,seat,,,,,,,latin,local_elections,e0ae2676d62a-dirty,data/goa/2022/list-of-validly-nominated-candidates-Mormugaovp_2022.pdf,8,page,
goa/gp_ward/2022,7bfa337c153e,Goa|2022|gp_ward|South Goa|Mormugao|Cortalim|V|,1,Goa,2022,South Goa,Mormugao,Cortalim,gram_panchayat,V,,gp_ward,ward,NONE,NONE,sc_st_bc,0,Other than Woman,General,all_seats,seat,,,,,,,latin,local_elections,e0ae2676d62a-dirty,data/goa/2022/list-of-validly-nominated-candidates-Mormugaovp_2022.pdf,8,page,
goa/gp_ward/2022,c43e04a56489,Goa|2022|gp_ward|South Goa|Mormugao|Cortalim|VI|,1,Goa,2022,South Goa,Mormugao,Cortalim,gram_panchayat,VI,,gp_ward,ward,BC,BC,sc_st_bc,0,BC Other than Woman,OBC,all_seats,seat,,,,,,,latin,local_elections,e0ae2676d62a-dirty,data/goa/2022/list-of-validly-nominated-candidates-Mormugaovp_2022.pdf,8,page,
goa/gp_ward/2022,20d071ad5e22,Goa|2022|gp_ward|South Goa|Mormugao|Cortalim|VII|,1,Goa,2022,South Goa,Mormugao,Cortalim,gram_panchayat,VII,,gp_ward,ward,ST,ST,sc_st_bc,1,ST Woman,ST Women,all_seats,seat,,,,,,,latin,local_elections,e0ae2676d62a-dirty,data/goa/2022/list-of-validly-nominated-candidates-Mormugaovp_2022.pdf,9,page,
goa/gp_ward/2022,5c83ceca1f46,Goa|2022|gp_ward|South Goa|Mormugao|Cortalim|VIII|,1,Goa,2022,South Goa,Mormugao,Cortalim,gram_panchayat,VIII,,gp_ward,ward,NONE,NONE,sc_st_bc,0,Other than Woman,General,all_seats,seat,,,,,,,latin,local_elections,e0ae2676d62a-dirty,data/goa/2022/list-of-validly-nominated-candidates-Mormugaovp_2022.pdf,9,page,
goa/gp_ward/2022,dc9e05765b25,Goa|2022|gp_ward|South Goa|Mormugao|Cortalim|IX|,1,Goa,2022,South Goa,Mormugao,Cortalim,gram_panchayat,IX,,gp_ward,ward,ST,ST,sc_st_bc,0,ST Other than Woman,ST,all_seats,seat,,,,,,,latin,local_elections,e0ae2676d62a-dirty,data/goa/2022/list-of-validly-nominated-candidates-Mormugaovp_2022.pdf,9,page,
goa/gp_ward/2022,c863c9959677,Goa|2022|gp_ward|South Goa|Mormugao|Cortalim|X|,1,Goa,2022,South Goa,Mormugao,Cortalim,gram_panchayat,X,,gp_ward,ward,NONE,NONE,sc_st_bc,1,Woman,Women,all_seats,seat,,,,,,,latin,local_elections,e0ae2676d62a-dirty,data/goa/2022/list-of-validly-nominated-candidates-Mormugaovp_2022.pdf,9,page,
goa/gp_ward/2022,cdc95e67e442,Goa|2022|gp_ward|South Goa|Mormugao|Cortalim|XI|,1,Goa,2022,South Goa,Mormugao,Cortalim,gram_panchayat,XI,,gp_ward,ward,NONE,NONE,sc_st_bc,1,Woman,Women,all_seats,seat,,,,,,,latin,local_elections,e0ae2676d62a-dirty,data/goa/2022/list-of-validly-nominated-candidates-Mormugaovp_2022.pdf,9,page,
goa/gp_ward/2022,e8e05a100ab5,Goa|2022|gp_ward|South Goa|Mormugao|Cansaulim- Arossim- Cuelim|I|,1,Goa,2022,South Goa,Mormugao,Cansaulim- Arossim- Cuelim,gram_panchayat,I,,gp_ward,ward,ST,ST,sc_st_bc,0,ST Other than Woman,ST,all_seats,seat,,,,,,,latin,local_elections,e0ae2676d62a-dirty,data/goa/2022/list-of-validly-nominated-candidates-Mormugaovp_2022.pdf,9,page,
goa/gp_ward/2022,db7015343ef3,Goa|2022|gp_ward|South Goa|Mormugao|Cansaulim- Arossim- Cuelim|II|,1,Goa,2022,South Goa,Mormugao,Cansaulim- Arossim- Cuelim,gram_panchayat,II,,gp_ward,ward,NONE,NONE,sc_st_bc,0,Other than Woman,General,all_seats,seat,,,,,,,latin,local_elections,e0ae2676d62a-dirty,data/goa/2022/list-of-validly-nominated-candidates-Mormugaovp_2022.pdf,10,page,
goa/gp_ward/2022,51637743de95,Goa|2022|gp_ward|South Goa|Mormugao|Cansaulim- Arossim- Cuelim|III|,1,Goa,2022,South Goa,Mormugao,Cansaulim- Arossim- Cuelim,gram_panchayat,III,,gp_ward,ward,NONE,NONE,sc_st_bc,0,Other than Woman,General,all_seats,seat,,,,,,,latin,local_elections,e0ae2676d62a-dirty,data/goa/2022/list-of-validly-nominated-candidates-Mormugaovp_2022.pdf,10,page,
goa/gp_ward/2022,5bc0eba61efe,Goa|2022|gp_ward|South Goa|Mormugao|Cansaulim- Arossim- Cuelim|IV|,1,Goa,2022,South Goa,Mormugao,Cansaulim- Arossim- Cuelim,gram_panchayat,IV,,gp_ward,ward,NONE,NONE,sc_st_bc,1,Woman,Women,all_seats,seat,,,,,,,latin,local_elections,e0ae2676d62a-dirty,data/goa/2022/list-of-validly-nominated-candidates-Mormugaovp_2022.pdf,10,page,
goa/gp_ward/2022,709257569698,Goa|2022|gp_ward|South Goa|Mormugao|Cansaulim- Arossim- Cuelim|V|,1,Goa,2022,South Goa,Mormugao,Cansaulim- Arossim- Cuelim,gram_panchayat,V,,gp_ward,ward,NONE,NONE,sc_st_bc,0,Other than Woman,General,all_seats,seat,,,,,,,latin,local_elections,e0ae2676d62a-dirty,data/goa/2022/list-of-validly-nominated-candidates-Mormugaovp_2022.pdf,10,page,
goa/gp_ward/2022,369d0823ab7d,Goa|2022|gp_ward|South Goa|Mormugao|Cansaulim- Arossim- Cuelim|VI|,1,Goa,2022,South Goa,Mormugao,Cansaulim- Arossim- Cuelim,gram_panchayat,VI,,gp_ward,ward,NONE,NONE,sc_st_bc,1,Woman,Women,all_seats,seat,,,,,,,latin,local_elections,e0ae2676d62a-dirty,data/goa/2022/list-of-validly-nominated-candidates-Mormugaovp_2022.pdf,11,page,
goa/gp_ward/2022,920c364a8384,Goa|2022|gp_ward|South Goa|Mormugao|Cansaulim- Arossim- Cuelim|VII|,1,Goa,2022,South Goa,Mormugao,Cansaulim- Arossim- Cuelim,gram_panchayat,VII,,gp_ward,ward,NONE,NONE,sc_st_bc,1,Woman,Women,all_seats,seat,,,,,,,latin,local_elections,e0ae2676d62a-dirty,data/goa/2022/list-of-validly-nominated-candidates-Mormugaovp_2022.pdf,11,page,
goa/gp_ward/2022,1fd7505b3cee,Goa|2022|gp_ward|South Goa|Mormugao|Cansaulim- Arossim- Cuelim|VIII|,1,Goa,2022,South Goa,Mormugao,Cansaulim- Arossim- Cuelim,gram_panchayat,VIII,,gp_ward,ward,NONE,NONE,sc_st_bc,0,Other than Woman,General,all_seats,seat,,,,,,,latin,local_elections,e0ae2676d62a-dirty,data/goa/2022/list-of-validly-nominated-candidates-Mormugaovp_2022.pdf,11,page,
goa/gp_ward/2022,9934de2fefbf,Goa|2022|gp_ward|South Goa|Mormugao|Cansaulim- Arossim- Cuelim|IX|,1,Goa,2022,South Goa,Mormugao,Cansaulim- Arossim- Cuelim,gram_panchayat,IX,,gp_ward,ward,NONE,NONE,sc_st_bc,0,Other than Woman,General,all_seats,seat,,,,,,,latin,local_elections,e0ae2676d62a-dirty,data/goa/2022/list-of-validly-nominated-candidates-Mormugaovp_2022.pdf,11,page,
goa/gp_ward/2022,1f00e4c7d02d,Goa|2022|gp_ward|South Goa|Mormugao|Velsao- Pale- Issorcim|I|,1,Goa,2022,South Goa,Mormugao,Velsao- Pale- Issorcim,gram_panchayat,I,,gp_ward,ward,NONE,NONE,sc_st_bc,1,Woman,Women,all_seats,seat,,,,,,,latin,local_elections,e0ae2676d62a-dirty,data/goa/2022/list-of-validly-nominated-candidates-Mormugaovp_2022.pdf,12,page,
goa/gp_ward/2022,30d3bba1c459,Goa|2022|gp_ward|South Goa|Mormugao|Velsao- Pale- Issorcim|II|,1,Goa,2022,South Goa,Mormugao,Velsao- Pale- Issorcim,gram_panchayat,II,,gp_ward,ward,NONE,NONE,sc_st_bc,1,Woman,Women,all_seats,seat,,,,,,,latin,local_elections,e0ae2676d62a-dirty,data/goa/2022/list-of-validly-nominated-candidates-Mormugaovp_2022.pdf,12,page,
goa/gp_ward/2022,da030bbf98bc,Goa|2022|gp_ward|South Goa|Mormugao|Velsao- Pale- Issorcim|III|,1,Goa,2022,South Goa,Mormugao,Velsao- Pale- Issorcim,gram_panchayat,III,,gp_ward,ward,NONE,NONE,sc_st_bc,0,Other than Woman,General,all_seats,seat,,,,,,,latin,local_elections,e0ae2676d62a-dirty,data/goa/2022/list-of-validly-nominated-candidates-Mormugaovp_2022.pdf,12,page,
goa/gp_ward/2022,c957cffe58a1,Goa|2022|gp_ward|South Goa|Mormugao|Velsao- Pale- Issorcim|IV|,1,Goa,2022,South Goa,Mormugao,Velsao- Pale- Issorcim,gram_panchayat,IV,,gp_ward,ward,NONE,NONE,sc_st_bc,0,Other than Woman,General,all_seats,seat,,,,,,,latin,local_elections,e0ae2676d62a-dirty,data/goa/2022/list-of-validly-nominated-candidates-Mormugaovp_2022.pdf,12,page,
goa/gp_ward/2022,eb7cc328b66c,Goa|2022|gp_ward|South Goa|Mormugao|Velsao- Pale- Issorcim|V|,1,Goa,2022,South Goa,Mormugao,Velsao- Pale- Issorcim,gram_panchayat,V,,gp_ward,ward,ST,ST,sc_st_bc,0,ST Other than Woman,ST,all_seats,seat,,,,,,,latin,local_elections,e0ae2676d62a-dirty,data/goa/2022/list-of-validly-nominated-candidates-Mormugaovp_2022.pdf,12,page,
goa/gp_ward/2022,911127ccaa96,Goa|2022|gp_ward|South Goa|Mormugao|Velsao- Pale- Issorcim|VI|,1,Goa,2022,South Goa,Mormugao,Velsao- Pale- Issorcim,gram_panchayat,VI,,gp_ward,ward,NONE,NONE,sc_st_bc,1,Woman,Women,all_seats,seat,,,,,,,latin,local_elections,e0ae2676d62a-dirty,data/goa/2022/list-of-validly-nominated-candidates-Mormugaovp_2022.pdf,13,page,
goa/gp_ward/2022,5dd262019e63,Goa|2022|gp_ward|South Goa|Mormugao|Velsao- Pale- Issorcim|VII|,1,Goa,2022,South Goa,Mormugao,Velsao- Pale- Issorcim,gram_panchayat,VII,,gp_ward,ward,BC,BC,sc_st_bc,0,BC Other than Woman,OBC,all_seats,seat,,,,,,,latin,local_elections,e0ae2676d62a-dirty,data/goa/2022/list-of-validly-nominated-candidates-Mormugaovp_2022.pdf,13,page,
goa/gp_ward/2022,67e4f0ee45ab,Goa|2022|gp_ward|South Goa|Mormugao|Chicolna- Bogmalo|I|,1,Goa,2022,South Goa,Mormugao,Chicolna- Bogmalo,gram_panchayat,I,,gp_ward,ward,NONE,NONE,sc_st_bc,1,Woman,Women,all_seats,seat,,,,,,,latin,local_elections,e0ae2676d62a-dirty,data/goa/2022/list-of-validly-nominated-candidates-Mormugaovp_2022.pdf,13,page,
goa/gp_ward/2022,e068ec4268a7,Goa|2022|gp_ward|South Goa|Mormugao|Chicolna- Bogmalo|II|,1,Goa,2022,South Goa,Mormugao,Chicolna- Bogmalo,gram_panchayat,II,,gp_ward,ward,ST,ST,sc_st_bc,0,ST Other than Woman,ST,all_seats,seat,,,,,,,latin,local_elections,e0ae2676d62a-dirty,data/goa/2022/list-of-validly-nominated-candidates-Mormugaovp_2022.pdf,13,page,
goa/gp_ward/2022,6e63ff85b74a,Goa|2022|gp_ward|South Goa|Mormugao|Chicolna- Bogmalo|III|,1,Goa,2022,South Goa,Mormugao,Chicolna- Bogmalo,gram_panchayat,III,,gp_ward,ward,NONE,NONE,sc_st_bc,0,Other than Woman,General,all_seats,seat,,,,,,,latin,local_elections,e0ae2676d62a-dirty,data/goa/2022/list-of-validly-nominated-candidates-Mormugaovp_2022.pdf,13,page,
goa/gp_ward/2022,6cb56d1a322e,Goa|2022|gp_ward|South Goa|Mormugao|Chicolna- Bogmalo|IV|,1,Goa,2022,South Goa,Mormugao,Chicolna- Bogmalo,gram_panchayat,IV,,gp_ward,ward,NONE,NONE,sc_st_bc,0,Other than Woman,General,all_seats,seat,,,,,,,latin,local_elections,e0ae2676d62a-dirty,data/goa/2022/list-of-validly-nominated-candidates-Mormugaovp_2022.pdf,13,page,
goa/gp_ward/2022,ddb81fe49113,Goa|2022|gp_ward|South Goa|Mormugao|Chicolna- Bogmalo|V|,1,Goa,2022,South Goa,Mormugao,Chicolna- Bogmalo,gram_panchayat,V,,gp_ward,ward,NONE,NONE,sc_st_bc,1,Woman,Women,all_seats,seat,,,,,,,latin,local_elections,e0ae2676d62a-dirty,data/goa/2022/list-of-validly-nominated-candidates-Mormugaovp_2022.pdf,13,page,
goa/gp_ward/2022,e0bd343ea667,Goa|2022|gp_ward|South Goa|Mormugao|Chicolna- Bogmalo|VI|,1,Goa,2022,South Goa,Mormugao,Chicolna- Bogmalo,gram_panchayat,VI,,gp_ward,ward,NONE,NONE,sc_st_bc,1,Woman,Women,all_seats,seat,,,,,,,latin,local_elections,e0ae2676d62a-dirty,data/goa/2022/list-of-validly-nominated-candidates-Mormugaovp_2022.pdf,14,page,
goa/gp_ward/2022,b7c490cbd4bb,Goa|2022|gp_ward|South Goa|Mormugao|Chicolna- Bogmalo|VII|,1,Goa,2022,South Goa,Mormugao,Chicolna- Bogmalo,gram_panchayat,VII,,gp_ward,ward,BC,BC,sc_st_bc,0,BC Other than Woman,OBC,all_seats,seat,,,,,,,latin,local_elections,e0ae2676d62a-dirty,data/goa/2022/list-of-validly-nominated-candidates-Mormugaovp_2022.pdf,14,page,
goa/gp_ward/2022,13894b32a4e6,Goa|2022|gp_ward|South Goa|Mormugao|Quelossim|I|,1,Goa,2022,South Goa,Mormugao,Quelossim,gram_panchayat,I,,gp_ward,ward,ST,ST,sc_st_bc,0,ST Other than Woman,ST,all_seats,seat,,,,,,,latin,local_elections,e0ae2676d62a-dirty,data/goa/2022/list-of-validly-nominated-candidates-Mormugaovp_2022.pdf,14,page,
goa/gp_ward/2022,88df3334b4d5,Goa|2022|gp_ward|South Goa|Mormugao|Quelossim|II|,1,Goa,2022,South Goa,Mormugao,Quelossim,gram_panchayat,II,,gp_ward,ward,NONE,NONE,sc_st_bc,1,Woman,Women,all_seats,seat,,,,,,,latin,local_elections,e0ae2676d62a-dirty,data/goa/2022/list-of-validly-nominated-candidates-Mormugaovp_2022.pdf,14,page,
goa/gp_ward/2022,4b3789dd8fed,Goa|2022|gp_ward|South Goa|Mormugao|Quelossim|III|,1,Goa,2022,South Goa,Mormugao,Quelossim,gram_panchayat,III,,gp_ward,ward,NONE,NONE,sc_st_bc,0,Other than Woman,General,all_seats,seat,,,,,,,latin,local_elections,e0ae2676d62a-dirty,data/goa/2022/list-of-validly-nominated-candidates-Mormugaovp_2022.pdf,14,page,
goa/gp_ward/2022,7e80b19b7ec9,Goa|2022|gp_ward|South Goa|Mormugao|Quelossim|IV|,1,Goa,2022,South Goa,Mormugao,Quelossim,gram_panchayat,IV,,gp_ward,ward,NONE,NONE,sc_st_bc,0,Other than Woman,General,all_seats,seat,,,,,,,latin,local_elections,e0ae2676d62a-dirty,data/goa/2022/list-of-validly-nominated-candidates-Mormugaovp_2022.pdf,15,page,
goa/gp_ward/2022,42b5b7a41371,Goa|2022|gp_ward|South Goa|Mormugao|Quelossim|V|,1,Goa,2022,South Goa,Mormugao,Quelossim,gram_panchayat,V,,gp_ward,ward,ST,ST,sc_st_bc,1,ST Woman,ST Women,all_seats,seat,,,,,,,latin,local_elections,e0ae2676d62a-dirty,data/goa/2022/list-of-validly-nominated-candidates-Mormugaovp_2022.pdf,15,page,
goa/gp_ward/2022,4d0872a455cb,Goa|2022|gp_ward|South Goa|Mormugao|Quelossim|VI|,1,Goa,2022,South Goa,Mormugao,Quelossim,gram_panchayat,VI,,gp_ward,ward,ST,ST,sc_st_bc,0,ST Other than Woman,ST,all_seats,seat,,,,,,,latin,local_elections,e0ae2676d62a-dirty,data/goa/2022/list-of-validly-nominated-candidates-Mormugaovp_2022.pdf,15,page,
goa/gp_ward/2022,9a2a141a20fb,Goa|2022|gp_ward|South Goa|Mormugao|Quelossim|VII|,1,Goa,2022,South Goa,Mormugao,Quelossim,gram_panchayat,VII,,gp_ward,ward,NONE,NONE,sc_st_bc,1,Woman,Women,all_seats,seat,,,,,,,latin,local_elections,e0ae2676d62a-dirty,data/goa/2022/list-of-validly-nominated-candidates-Mormugaovp_2022.pdf,15,page,
goa/gp_ward/2022,62c996ca3746,Goa|2022|gp_ward|South Goa|Canacona|Cola|I|,1,Goa,2022,South Goa,Canacona,Cola,gram_panchayat,I,,gp_ward,ward,NONE,NONE,sc_st_bc,1,Woman,Women,all_seats,seat,,,,,,,latin,local_elections,e0ae2676d62a-dirty,data/goa/2022/list-of-validly-nominated-candidates-canaconavp_2022.pdf,1,page,
goa/gp_ward/2022,e204e16c378f,Goa|2022|gp_ward|South Goa|Canacona|Cola|II|,1,Goa,2022,South Goa,Canacona,Cola,gram_panchayat,II,,gp_ward,ward,NONE,NONE,sc_st_bc,0,Other than Woman,General,all_seats,seat,,,,,,,latin,local_elections,e0ae2676d62a-dirty,data/goa/2022/list-of-validly-nominated-candidates-canaconavp_2022.pdf,1,page,
goa/gp_ward/2022,e04e9e8593a5,Goa|2022|gp_ward|South Goa|Canacona|Cola|III|,1,Goa,2022,South Goa,Canacona,Cola,gram_panchayat,III,,gp_ward,ward,ST,ST,sc_st_bc,0,ST Other than Woman,ST,all_seats,seat,,,,,,,latin,local_elections,e0ae2676d62a-dirty,data/goa/2022/list-of-validly-nominated-candidates-canaconavp_2022.pdf,1,page,
goa/gp_ward/2022,3f8e919a30e1,Goa|2022|gp_ward|South Goa|Canacona|Cola|IV|,1,Goa,2022,South Goa,Canacona,Cola,gram_panchayat,IV,,gp_ward,ward,NONE,NONE,sc_st_bc,0,Other than Woman,General,all_seats,seat,,,,,,,latin,local_elections,e0ae2676d62a-dirty,data/goa/2022/list-of-validly-nominated-candidates-canaconavp_2022.pdf,1,page,
goa/gp_ward/2022,51a840e6d995,Goa|2022|gp_ward|South Goa|Canacona|Cola|V|,1,Goa,2022,South Goa,Canacona,Cola,gram_panchayat,V,,gp_ward,ward,NONE,NONE,sc_st_bc,0,Other than Woman,General,all_seats,seat,,,,,,,latin,local_elections,e0ae2676d62a-dirty,data/goa/2022/list-of-validly-nominated-candidates-canaconavp_2022.pdf,1,page,
goa/gp_ward/2022,2e5dba16ef9c,Goa|2022|gp_ward|South Goa|Canacona|Cola|VI|,1,Goa,2022,South Goa,Canacona,Cola,gram_panchayat,VI,,gp_ward,ward,ST,ST,sc_st_bc,1,ST Woman,ST Women,all_seats,seat,,,,,,,latin,local_elections,e0ae2676d62a-dirty,data/goa/2022/list-of-validly-nominated-candidates-canaconavp_2022.pdf,2,page,
goa/gp_ward/2022,1fb96ded4f16,Goa|2022|gp_ward|South Goa|Canacona|Cola|VII|,1,Goa,2022,South Goa,Canacona,Cola,gram_panchayat,VII,,gp_ward,ward,NONE,NONE,sc_st_bc,0,Other than Woman,General,all_seats,seat,,,,,,,latin,local_elections,e0ae2676d62a-dirty,data/goa/2022/list-of-validly-nominated-candidates-canaconavp_2022.pdf,2,page,
goa/gp_ward/2022,cedfb5b77e1b,Goa|2022|gp_ward|South Goa|Canacona|Cola|VIII|,1,Goa,2022,South Goa,Canacona,Cola,gram_panchayat,VIII,,gp_ward,ward,ST,ST,sc_st_bc,0,ST Other than Woman,ST,all_seats,seat,,,,,,,latin,local_elections,e0ae2676d62a-dirty,data/goa/2022/list-of-validly-nominated-candidates-canaconavp_2022.pdf,2,page,
goa/gp_ward/2022,773082695215,Goa|2022|gp_ward|South Goa|Canacona|Cola|IX|,1,Goa,2022,South Goa,Canacona,Cola,gram_panchayat,IX,,gp_ward,ward,ST,ST,sc_st_bc,1,ST Woman,ST Women,all_seats,seat,,,,,,,latin,local_elections,e0ae2676d62a-dirty,data/goa/2022/list-of-validly-nominated-candidates-canaconavp_2022.pdf,2,page,
goa/gp_ward/2022,8320fed5e1da,Goa|2022|gp_ward|South Goa|Canacona|Shrishthal|I|,1,Goa,2022,South Goa,Canacona,Shrishthal,gram_panchayat,I,,gp_ward,ward,BC,BC,sc_st_bc,0,BC Other than Woman,OBC,all_seats,seat,,,,,,,latin,local_elections,e0ae2676d62a-dirty,data/goa/2022/list-of-validly-nominated-candidates-canaconavp_2022.pdf,2,page,
goa/gp_ward/2022,e8c8adcff159,Goa|2022|gp_ward|South Goa|Canacona|Shrishthal|II|,1,Goa,2022,South Goa,Canacona,Shrishthal,gram_panchayat,II,,gp_ward,ward,NONE,NONE,sc_st_bc,1,Woman,Women,all_seats,seat,,,,,,,latin,local_elections,e0ae2676d62a-dirty,data/goa/2022/list-of-validly-nominated-candidates-canaconavp_2022.pdf,3,page,
goa/gp_ward/2022,9fa0c5ebc831,Goa|2022|gp_ward|South Goa|Canacona|Shrishthal|III|,1,Goa,2022,South Goa,Canacona,Shrishthal,gram_panchayat,III,,gp_ward,ward,NONE,NONE,sc_st_bc,0,Other than Woman,General,all_seats,seat,,,,,,,latin,local_elections,e0ae2676d62a-dirty,data/goa/2022/list-of-validly-nominated-candidates-canaconavp_2022.pdf,3,page,
goa/gp_ward/2022,83ae293862d2,Goa|2022|gp_ward|South Goa|Canacona|Shrishthal|IV|,1,Goa,2022,South Goa,Canacona,Shrishthal,gram_panchayat,IV,,gp_ward,ward,ST,ST,sc_st_bc,0,ST Other than Woman,ST,all_seats,seat,,,,,,,latin,local_elections,e0ae2676d62a-dirty,data/goa/2022/list-of-validly-nominated-candidates-canaconavp_2022.pdf,3,page,
goa/gp_ward/2022,9f12cb5ae1b0,Goa|2022|gp_ward|South Goa|Canacona|Shrishthal|V|,1,Goa,2022,South Goa,Canacona,Shrishthal,gram_panchayat,V,,gp_ward,ward,NONE,NONE,sc_st_bc,0,Other than Woman,General,all_seats,seat,,,,,,,latin,local_elections,e0ae2676d62a-dirty,data/goa/2022/list-of-validly-nominated-candidates-canaconavp_2022.pdf,3,page,
goa/gp_ward/2022,85ee83fd6395,Goa|2022|gp_ward|South Goa|Canacona|Shrishthal|VI|,1,Goa,2022,South Goa,Canacona,Shrishthal,gram_panchayat,VI,,gp_ward,ward,NONE,NONE,sc_st_bc,1,Woman,Women,all_seats,seat,,,,,,,latin,local_elections,e0ae2676d62a-dirty,data/goa/2022/list-of-validly-nominated-candidates-canaconavp_2022.pdf,3,page,
goa/gp_ward/2022,ec7f7b27d6c1,Goa|2022|gp_ward|South Goa|Canacona|Shrishthal|VII|,1,Goa,2022,South Goa,Canacona,Shrishthal,gram_panchayat,VII,,gp_ward,ward,NONE,NONE,sc_st_bc,0,Other than Woman,General,all_seats,seat,,,,,,,latin,local_elections,e0ae2676d62a-dirty,data/goa/2022/list-of-validly-nominated-candidates-canaconavp_2022.pdf,4,page,
goa/gp_ward/2022,d0b99f0467e6,Goa|2022|gp_ward|South Goa|Canacona|Shrishthal|VIII|,1,Goa,2022,South Goa,Canacona,Shrishthal,gram_panchayat,VIII,,gp_ward,ward,ST,ST,sc_st_bc,1,ST Woman,ST Women,all_seats,seat,,,,,,,latin,local_elections,e0ae2676d62a-dirty,data/goa/2022/list-of-validly-nominated-candidates-canaconavp_2022.pdf,4,page,
goa/gp_ward/2022,04cbffac09e0,Goa|2022|gp_ward|South Goa|Canacona|Shrishthal|IX|,1,Goa,2022,South Goa,Canacona,Shrishthal,gram_panchayat,IX,,gp_ward,ward,ST,ST,sc_st_bc,0,ST Other than Woman,ST,all_seats,seat,,,,,,,latin,local_elections,e0ae2676d62a-dirty,data/goa/2022/list-of-validly-nominated-candidates-canaconavp_2022.pdf,4,page,
goa/gp_ward/2022,02435a7d3de6,Goa|2022|gp_ward|South Goa|Canacona|Agonda|I|,1,Goa,2022,South Goa,Canacona,Agonda,gram_panchayat,I,,gp_ward,ward,NONE,NONE,sc_st_bc,1,Woman,Women,all_seats,seat,,,,,,,latin,local_elections,e0ae2676d62a-dirty,data/goa/2022/list-of-validly-nominated-candidates-canaconavp_2022.pdf,4,page,
goa/gp_ward/2022,4244a1ea1cec,Goa|2022|gp_ward|South Goa|Canacona|Agonda|II|,1,Goa,2022,South Goa,Canacona,Agonda,gram_panchayat,II,,gp_ward,ward,NONE,NONE,sc_st_bc,1,Woman,Women,all_seats,seat,,,,,,,latin,local_elections,e0ae2676d62a-dirty,data/goa/2022/list-of-validly-nominated-candidates-canaconavp_2022.pdf,4,page,
goa/gp_ward/2022,908154647a0b,Goa|2022|gp_ward|South Goa|Canacona|Agonda|III|,1,Goa,2022,South Goa,Canacona,Agonda,gram_panchayat,III,,gp_ward,ward,BC,BC,sc_st_bc,0,BC Other than Woman,OBC,all_seats,seat,,,,,,,latin,local_elections,e0ae2676d62a-dirty,data/goa/2022/list-of-validly-nominated-candidates-canaconavp_2022.pdf,5,page,
goa/gp_ward/2022,cfab3a90852e,Goa|2022|gp_ward|South Goa|Canacona|Agonda|IV|,1,Goa,2022,South Goa,Canacona,Agonda,gram_panchayat,IV,,gp_ward,ward,NONE,NONE,sc_st_bc,0,Other than Woman,General,all_seats,seat,,,,,,,latin,local_elections,e0ae2676d62a-dirty,data/goa/2022/list-of-validly-nominated-candidates-canaconavp_2022.pdf,5,page,
goa/gp_ward/2022,4a7b9775781a,Goa|2022|gp_ward|South Goa|Canacona|Agonda|V|,1,Goa,2022,South Goa,Canacona,Agonda,gram_panchayat,V,,gp_ward,ward,NONE,NONE,sc_st_bc,0,Other than Woman,General,all_seats,seat,,,,,,,latin,local_elections,e0ae2676d62a-dirty,data/goa/2022/list-of-validly-nominated-candidates-canaconavp_2022.pdf,5,page,
goa/gp_ward/2022,8f7fc9614e40,Goa|2022|gp_ward|South Goa|Canacona|Agonda|VI|,1,Goa,2022,South Goa,Canacona,Agonda,gram_panchayat,VI,,gp_ward,ward,BC,BC,sc_st_bc,1,BC Woman,OBC Women,all_seats,seat,,,,,,,latin,local_elections,e0ae2676d62a-dirty,data/goa/2022/list-of-validly-nominated-candidates-canaconavp_2022.pdf,5,page,
goa/gp_ward/2022,03091f5bf781,Goa|2022|gp_ward|South Goa|Canacona|Agonda|VII|,1,Goa,2022,South Goa,Canacona,Agonda,gram_panchayat,VII,,gp_ward,ward,ST,ST,sc_st_bc,0,ST Other than Woman,ST,all_seats,seat,,,,,,,latin,local_elections,e0ae2676d62a-dirty,data/goa/2022/list-of-validly-nominated-candidates-canaconavp_2022.pdf,6,page,
goa/gp_ward/2022,1657fb61d6ac,Goa|2022|gp_ward|South Goa|Canacona|Poinguinim|I|,1,Goa,2022,South Goa,Canacona,Poinguinim,gram_panchayat,I,,gp_ward,ward,ST,ST,sc_st_bc,1,ST Woman,ST Women,all_seats,seat,,,,,,,latin,local_elections,e0ae2676d62a-dirty,data/goa/2022/list-of-validly-nominated-candidates-canaconavp_2022.pdf,6,page,
goa/gp_ward/2022,70c154f0a1b9,Goa|2022|gp_ward|South Goa|Canacona|Poinguinim|II|,1,Goa,2022,South Goa,Canacona,Poinguinim,gram_panchayat,II,,gp_ward,ward,NONE,NONE,sc_st_bc,0,Other than Woman,General,all_seats,seat,,,,,,,latin,local_elections,e0ae2676d62a-dirty,data/goa/2022/list-of-validly-nominated-candidates-canaconavp_2022.pdf,6,page,
goa/gp_ward/2022,998b650dbc4d,Goa|2022|gp_ward|South Goa|Canacona|Poinguinim|III|,1,Goa,2022,South Goa,Canacona,Poinguinim,gram_panchayat,III,,gp_ward,ward,NONE,NONE,sc_st_bc,0,Other than Woman,General,all_seats,seat,,,,,,,latin,local_elections,e0ae2676d62a-dirty,data/goa/2022/list-of-validly-nominated-candidates-canaconavp_2022.pdf,6,page,
goa/gp_ward/2022,ee7e0858f67a,Goa|2022|gp_ward|South Goa|Canacona|Poinguinim|IV|,1,Goa,2022,South Goa,Canacona,Poinguinim,gram_panchayat,IV,,gp_ward,ward,NONE,NONE,sc_st_bc,0,Other than Woman,General,all_seats,seat,,,,,,,latin,local_elections,e0ae2676d62a-dirty,data/goa/2022/list-of-validly-nominated-candidates-canaconavp_2022.pdf,6,page,
goa/gp_ward/2022,901ea1d38bc7,Goa|2022|gp_ward|South Goa|Canacona|Poinguinim|V|,1,Goa,2022,South Goa,Canacona,Poinguinim,gram_panchayat,V,,gp_ward,ward,NONE,NONE,sc_st_bc,0,Other than Woman,General,all_seats,seat,,,,,,,latin,local_elections,e0ae2676d62a-dirty,data/goa/2022/list-of-validly-nominated-candidates-canaconavp_2022.pdf,6,page,
goa/gp_ward/2022,9ee409fc9126,Goa|2022|gp_ward|South Goa|Canacona|Poinguinim|VI|,1,Goa,2022,South Goa,Canacona,Poinguinim,gram_panchayat,VI,,gp_ward,ward,BC,BC,sc_st_bc,1,BC Woman,OBC Women,all_seats,seat,,,,,,,latin,local_elections,e0ae2676d62a-dirty,data/goa/2022/list-of-validly-nominated-candidates-canaconavp_2022.pdf,6,page,
goa/gp_ward/2022,c27906cbb755,Goa|2022|gp_ward|South Goa|Canacona|Poinguinim|VII|,1,Goa,2022,South Goa,Canacona,Poinguinim,gram_panchayat,VII,,gp_ward,ward,NONE,NONE,sc_st_bc,1,Woman,Women,all_seats,seat,,,,,,,latin,local_elections,e0ae2676d62a-dirty,data/goa/2022/list-of-validly-nominated-candidates-canaconavp_2022.pdf,6,page,
goa/gp_ward/2022,ff16bff799b8,Goa|2022|gp_ward|South Goa|Canacona|Poinguinim|VIII|,1,Goa,2022,South Goa,Canacona,Poinguinim,gram_panchayat,VIII,,gp_ward,ward,BC,BC,sc_st_bc,0,BC Other than Woman,OBC,all_seats,seat,,,,,,,latin,local_elections,e0ae2676d62a-dirty,data/goa/2022/list-of-validly-nominated-candidates-canaconavp_2022.pdf,7,page,
goa/gp_ward/2022,1f0be43a085f,Goa|2022|gp_ward|South Goa|Canacona|Poinguinim|IX|,1,Goa,2022,South Goa,Canacona,Poinguinim,gram_panchayat,IX,,gp_ward,ward,ST,ST,sc_st_bc,0,ST Other than Woman,ST,all_seats,seat,,,,,,,latin,local_elections,e0ae2676d62a-dirty,data/goa/2022/list-of-validly-nominated-candidates-canaconavp_2022.pdf,7,page,
goa/gp_ward/2022,b7661fefc561,Goa|2022|gp_ward|South Goa|Canacona|Loliem-Polem|I|,1,Goa,2022,South Goa,Canacona,Loliem-Polem,gram_panchayat,I,,gp_ward,ward,BC,BC,sc_st_bc,1,BC Woman,OBC Women,all_seats,seat,,,,,,,latin,local_elections,e0ae2676d62a-dirty,data/goa/2022/list-of-validly-nominated-candidates-canaconavp_2022.pdf,7,page,
goa/gp_ward/2022,414d771ffabf,Goa|2022|gp_ward|South Goa|Canacona|Loliem-Polem|II|,1,Goa,2022,South Goa,Canacona,Loliem-Polem,gram_panchayat,II,,gp_ward,ward,NONE,NONE,sc_st_bc,1,Woman,Women,all_seats,seat,,,,,,,latin,local_elections,e0ae2676d62a-dirty,data/goa/2022/list-of-validly-nominated-candidates-canaconavp_2022.pdf,7,page,
goa/gp_ward/2022,44b54c211119,Goa|2022|gp_ward|South Goa|Canacona|Loliem-Polem|III|,1,Goa,2022,South Goa,Canacona,Loliem-Polem,gram_panchayat,III,,gp_ward,ward,NONE,NONE,sc_st_bc,0,Other than Woman,General,all_seats,seat,,,,,,,latin,local_elections,e0ae2676d62a-dirty,data/goa/2022/list-of-validly-nominated-candidates-canaconavp_2022.pdf,7,page,
goa/gp_ward/2022,fa53d05ffb5e,Goa|2022|gp_ward|South Goa|Canacona|Loliem-Polem|IV|,1,Goa,2022,South Goa,Canacona,Loliem-Polem,gram_panchayat,IV,,gp_ward,ward,NONE,NONE,sc_st_bc,0,Other than Woman,General,all_seats,seat,,,,,,,latin,local_elections,e0ae2676d62a-dirty,data/goa/2022/list-of-validly-nominated-candidates-canaconavp_2022.pdf,7,page,
goa/gp_ward/2022,b201ef3f2cee,Goa|2022|gp_ward|South Goa|Canacona|Loliem-Polem|V|,1,Goa,2022,South Goa,Canacona,Loliem-Polem,gram_panchayat,V,,gp_ward,ward,NONE,NONE,sc_st_bc,0,Other than Woman,General,all_seats,seat,,,,,,,latin,local_elections,e0ae2676d62a-dirty,data/goa/2022/list-of-validly-nominated-candidates-canaconavp_2022.pdf,8,page,
goa/gp_ward/2022,03e573387f76,Goa|2022|gp_ward|South Goa|Canacona|Loliem-Polem|VI|,1,Goa,2022,South Goa,Canacona,Loliem-Polem,gram_panchayat,VI,,gp_ward,ward,NONE,NONE,sc_st_bc,1,Woman,Women,all_seats,seat,,,,,,,latin,local_elections,e0ae2676d62a-dirty,data/goa/2022/list-of-validly-nominated-candidates-canaconavp_2022.pdf,8,page,
goa/gp_ward/2022,4d06fd7e00dd,Goa|2022|gp_ward|South Goa|Canacona|Loliem-Polem|VII|,1,Goa,2022,South Goa,Canacona,Loliem-Polem,gram_panchayat,VII,,gp_ward,ward,BC,BC,sc_st_bc,0,BC Other than Woman,OBC,all_seats,seat,,,,,,,latin,local_elections,e0ae2676d62a-dirty,data/goa/2022/list-of-validly-nominated-candidates-canaconavp_2022.pdf,8,page,
goa/gp_ward/2022,a7088461f864,Goa|2022|gp_ward|South Goa|Canacona|Loliem-Polem|VIII|,1,Goa,2022,South Goa,Canacona,Loliem-Polem,gram_panchayat,VIII,,gp_ward,ward,NONE,NONE,sc_st_bc,0,Other than Woman,General,all_seats,seat,,,,,,,latin,local_elections,e0ae2676d62a-dirty,data/goa/2022/list-of-validly-nominated-candidates-canaconavp_2022.pdf,8,page,
goa/gp_ward/2022,f200d768ac33,Goa|2022|gp_ward|South Goa|Canacona|Loliem-Polem|IX|,1,Goa,2022,South Goa,Canacona,Loliem-Polem,gram_panchayat,IX,,gp_ward,ward,BC,BC,sc_st_bc,0,BC Other than Woman,OBC,all_seats,seat,,,,,,,latin,local_elections,e0ae2676d62a-dirty,data/goa/2022/list-of-validly-nominated-candidates-canaconavp_2022.pdf,8,page,
goa/gp_ward/2022,44ec83073681,Goa|2022|gp_ward|South Goa|Canacona|Gaondongrem|I|,1,Goa,2022,South Goa,Canacona,Gaondongrem,gram_panchayat,I,,gp_ward,ward,NONE,NONE,sc_st_bc,0,Other than Woman,General,all_seats,seat,,,,,,,latin,local_elections,e0ae2676d62a-dirty,data/goa/2022/list-of-validly-nominated-candidates-canaconavp_2022.pdf,9,page,
goa/gp_ward/2022,3034a0611215,Goa|2022|gp_ward|South Goa|Canacona|Gaondongrem|II|,1,Goa,2022,South Goa,Canacona,Gaondongrem,gram_panchayat,II,,gp_ward,ward,ST,ST,sc_st_bc,0,ST Other than Woman,ST,all_seats,seat,,,,,,,latin,local_elections,e0ae2676d62a-dirty,data/goa/2022/list-of-validly-nominated-candidates-canaconavp_2022.pdf,9,page,
goa/gp_ward/2022,fa4513ea8f7c,Goa|2022|gp_ward|South Goa|Canacona|Gaondongrem|III|,1,Goa,2022,South Goa,Canacona,Gaondongrem,gram_panchayat,III,,gp_ward,ward,NONE,NONE,sc_st_bc,0,Other than Woman,General,all_seats,seat,,,,,,,latin,local_elections,e0ae2676d62a-dirty,data/goa/2022/list-of-validly-nominated-candidates-canaconavp_2022.pdf,9,page,
goa/gp_ward/2022,25ce1daee300,Goa|2022|gp_ward|South Goa|Canacona|Gaondongrem|IV|,1,Goa,2022,South Goa,Canacona,Gaondongrem,gram_panchayat,IV,,gp_ward,ward,ST,ST,sc_st_bc,0,ST Other than Woman,ST,all_seats,seat,,,,,,,latin,local_elections,e0ae2676d62a-dirty,data/goa/2022/list-of-validly-nominated-candidates-canaconavp_2022.pdf,9,page,
goa/gp_ward/2022,993a7e7cd8e9,Goa|2022|gp_ward|South Goa|Canacona|Gaondongrem|V|,1,Goa,2022,South Goa,Canacona,Gaondongrem,gram_panchayat,V,,gp_ward,ward,NONE,NONE,sc_st_bc,0,Other than Woman,General,all_seats,seat,,,,,,,latin,local_elections,e0ae2676d62a-dirty,data/goa/2022/list-of-validly-nominated-candidates-canaconavp_2022.pdf,9,page,
goa/gp_ward/2022,af8071a34efc,Goa|2022|gp_ward|South Goa|Canacona|Gaondongrem|VI|,1,Goa,2022,South Goa,Canacona,Gaondongrem,gram_panchayat,VI,,gp_ward,ward,NONE,NONE,sc_st_bc,1,Woman,Women,all_seats,seat,,,,,,,latin,local_elections,e0ae2676d62a-dirty,data/goa/2022/list-of-validly-nominated-candidates-canaconavp_2022.pdf,9,page,
goa/gp_ward/2022,a7cd4bad60cd,Goa|2022|gp_ward|South Goa|Canacona|Gaondongrem|VII|,1,Goa,2022,South Goa,Canacona,Gaondongrem,gram_panchayat,VII,,gp_ward,ward,ST,ST,sc_st_bc,1,ST Woman,ST Women,all_seats,seat,,,,,,,latin,local_elections,e0ae2676d62a-dirty,data/goa/2022/list-of-validly-nominated-candidates-canaconavp_2022.pdf,10,page,
goa/gp_ward/2022,1e32816fb6e0,Goa|2022|gp_ward|South Goa|Canacona|Gaondongrem|VIII|,1,Goa,2022,South Goa,Canacona,Gaondongrem,gram_panchayat,VIII,,gp_ward,ward,NONE,NONE,sc_st_bc,0,Other than Woman,General,all_seats,seat,,,,,,,latin,local_elections,e0ae2676d62a-dirty,data/goa/2022/list-of-validly-nominated-candidates-canaconavp_2022.pdf,10,page,
goa/gp_ward/2022,8a278b863914,Goa|2022|gp_ward|South Goa|Canacona|Gaondongrem|IX|,1,Goa,2022,South Goa,Canacona,Gaondongrem,gram_panchayat,IX,,gp_ward,ward,ST,ST,sc_st_bc,1,ST Woman,ST Women,all_seats,seat,,,,,,,latin,local_elections,e0ae2676d62a-dirty,data/goa/2022/list-of-validly-nominated-candidates-canaconavp_2022.pdf,10,page,
goa/gp_ward/2022,2b8f18ea6bd2,Goa|2022|gp_ward|South Goa|Canacona|Cotigao|I|,1,Goa,2022,South Goa,Canacona,Cotigao,gram_panchayat,I,,gp_ward,ward,NONE,NONE,sc_st_bc,1,Woman,Women,all_seats,seat,,,,,,,latin,local_elections,e0ae2676d62a-dirty,data/goa/2022/list-of-validly-nominated-candidates-canaconavp_2022.pdf,10,page,
goa/gp_ward/2022,b9c59a4bcf11,Goa|2022|gp_ward|South Goa|Canacona|Cotigao|II|,1,Goa,2022,South Goa,Canacona,Cotigao,gram_panchayat,II,,gp_ward,ward,NONE,NONE,sc_st_bc,0,Other than Woman,General,all_seats,seat,,,,,,,latin,local_elections,e0ae2676d62a-dirty,data/goa/2022/list-of-validly-nominated-candidates-canaconavp_2022.pdf,10,page,
goa/gp_ward/2022,2c4a00afdc26,Goa|2022|gp_ward|South Goa|Canacona|Cotigao|III|,1,Goa,2022,South Goa,Canacona,Cotigao,gram_panchayat,III,,gp_ward,ward,ST,ST,sc_st_bc,0,ST Other than Woman,ST,all_seats,seat,,,,,,,latin,local_elections,e0ae2676d62a-dirty,data/goa/2022/list-of-validly-nominated-candidates-canaconavp_2022.pdf,10,page,
goa/gp_ward/2022,72d923750040,Goa|2022|gp_ward|South Goa|Canacona|Cotigao|IV|,1,Goa,2022,South Goa,Canacona,Cotigao,gram_panchayat,IV,,gp_ward,ward,NONE,NONE,sc_st_bc,0,Other than Woman,General,all_seats,seat,,,,,,,latin,local_elections,e0ae2676d62a-dirty,data/goa/2022/list-of-validly-nominated-candidates-canaconavp_2022.pdf,10,page,
goa/gp_ward/2022,aefd5092ec01,Goa|2022|gp_ward|South Goa|Canacona|Cotigao|V|,1,Goa,2022,South Goa,Canacona,Cotigao,gram_panchayat,V,,gp_ward,ward,ST,ST,sc_st_bc,0,ST Other than Woman,ST,all_seats,seat,,,,,,,latin,local_elections,e0ae2676d62a-dirty,data/goa/2022/list-of-validly-nominated-candidates-canaconavp_2022.pdf,10,page,
goa/gp_ward/2022,98a83d887abd,Goa|2022|gp_ward|South Goa|Canacona|Cotigao|VI|,1,Goa,2022,South Goa,Canacona,Cotigao,gram_panchayat,VI,,gp_ward,ward,NONE,NONE,sc_st_bc,1,Woman,Women,all_seats,seat,,,,,,,latin,local_elections,e0ae2676d62a-dirty,data/goa/2022/list-of-validly-nominated-candidates-canaconavp_2022.pdf,11,page,
goa/gp_ward/2022,78d93a3d3037,Goa|2022|gp_ward|South Goa|Canacona|Cotigao|VII|,1,Goa,2022,South Goa,Canacona,Cotigao,gram_panchayat,VII,,gp_ward,ward,ST,ST,sc_st_bc,1,ST Woman,ST Women,all_seats,seat,,,,,,,latin,local_elections,e0ae2676d62a-dirty,data/goa/2022/list-of-validly-nominated-candidates-canaconavp_2022.pdf,11,page,
goa/gp_ward/2022,a0b981c05bd9,Goa|2022|gp_ward|North Goa|Pernem|Mandrem|I|,1,Goa,2022,North Goa,Pernem,Mandrem,gram_panchayat,I,,gp_ward,ward,NONE,NONE,sc_st_bc,0,Other than Woman,General,all_seats,seat,,,,,,,latin,local_elections,e0ae2676d62a-dirty,data/goa/2022/list-of-validly-nominated-candidates-pernemvp_2022.pdf,1,page,
goa/gp_ward/2022,bb4a5de4e667,Goa|2022|gp_ward|North Goa|Pernem|Mandrem|II|,1,Goa,2022,North Goa,Pernem,Mandrem,gram_panchayat,II,,gp_ward,ward,NONE,NONE,sc_st_bc,0,Other than Woman,General,all_seats,seat,,,,,,,latin,local_elections,e0ae2676d62a-dirty,data/goa/2022/list-of-validly-nominated-candidates-pernemvp_2022.pdf,1,page,
goa/gp_ward/2022,42b8f615a265,Goa|2022|gp_ward|North Goa|Pernem|Mandrem|III|,1,Goa,2022,North Goa,Pernem,Mandrem,gram_panchayat,III,,gp_ward,ward,BC,BC,sc_st_bc,0,BC Other than Woman,OBC,all_seats,seat,,,,,,,latin,local_elections,e0ae2676d62a-dirty,data/goa/2022/list-of-validly-nominated-candidates-pernemvp_2022.pdf,1,page,
goa/gp_ward/2022,43c45436ebb4,Goa|2022|gp_ward|North Goa|Pernem|Mandrem|IV|,1,Goa,2022,North Goa,Pernem,Mandrem,gram_panchayat,IV,,gp_ward,ward,BC,BC,sc_st_bc,1,BC Woman,OBC Women,all_seats,seat,,,,,,,latin,local_elections,e0ae2676d62a-dirty,data/goa/2022/list-of-validly-nominated-candidates-pernemvp_2022.pdf,2,page,
goa/gp_ward/2022,3a6535345d97,Goa|2022|gp_ward|North Goa|Pernem|Mandrem|V|,1,Goa,2022,North Goa,Pernem,Mandrem,gram_panchayat,V,,gp_ward,ward,BC,BC,sc_st_bc,0,BC Other than Woman,OBC,all_seats,seat,,,,,,,latin,local_elections,e0ae2676d62a-dirty,data/goa/2022/list-of-validly-nominated-candidates-pernemvp_2022.pdf,2,page,
goa/gp_ward/2022,9851cfd7d5c6,Goa|2022|gp_ward|North Goa|Pernem|Mandrem|VI|,1,Goa,2022,North Goa,Pernem,Mandrem,gram_panchayat,VI,,gp_ward,ward,BC,BC,sc_st_bc,1,BC Woman,OBC Women,all_seats,seat,,,,,,,latin,local_elections,e0ae2676d62a-dirty,data/goa/2022/list-of-validly-nominated-candidates-pernemvp_2022.pdf,2,page,
goa/gp_ward/2022,cc6b4110dffc,Goa|2022|gp_ward|North Goa|Pernem|Mandrem|VII|,1,Goa,2022,North Goa,Pernem,Mandrem,gram_panchayat,VII,,gp_ward,ward,NONE,NONE,sc_st_bc,0,Other than Woman,General,all_seats,seat,,,,,,,latin,local_elections,e0ae2676d62a-dirty,data/goa/2022/list-of-validly-nominated-candidates-pernemvp_2022.pdf,2,page,
goa/gp_ward/2022,10d911b748d9,Goa|2022|gp_ward|North Goa|Pernem|Mandrem|VIII|,1,Goa,2022,North Goa,Pernem,Mandrem,gram_panchayat,VIII,,gp_ward,ward,NONE,NONE,sc_st_bc,0,Other than Woman,General,all_seats,seat,,,,,,,latin,local_elections,e0ae2676d62a-dirty,data/goa/2022/list-of-validly-nominated-candidates-pernemvp_2022.pdf,3,page,
goa/gp_ward/2022,9cc1364255bb,Goa|2022|gp_ward|North Goa|Pernem|Mandrem|IX|,1,Goa,2022,North Goa,Pernem,Mandrem,gram_panchayat,IX,,gp_ward,ward,NONE,NONE,sc_st_bc,1,Woman,Women,all_seats,seat,,,,,,,latin,local_elections,e0ae2676d62a-dirty,data/goa/2022/list-of-validly-nominated-candidates-pernemvp_2022.pdf,3,page,
goa/gp_ward/2022,f25a18a56d42,Goa|2022|gp_ward|North Goa|Pernem|Mandrem|X|,1,Goa,2022,North Goa,Pernem,Mandrem,gram_panchayat,X,,gp_ward,ward,BC,BC,sc_st_bc,0,BC Other than Woman,OBC,all_seats,seat,,,,,,,latin,local_elections,e0ae2676d62a-dirty,data/goa/2022/list-of-validly-nominated-candidates-pernemvp_2022.pdf,3,page,
goa/gp_ward/2022,fcf023b6ce8f,Goa|2022|gp_ward|North Goa|Pernem|Mandrem|XI|,1,Goa,2022,North Goa,Pernem,Mandrem,gram_panchayat,XI,,gp_ward,ward,NONE,NONE,sc_st_bc,1,Woman,Women,all_seats,seat,,,,,,,latin,local_elections,e0ae2676d62a-dirty,data/goa/2022/list-of-validly-nominated-candidates-pernemvp_2022.pdf,3,page,
goa/gp_ward/2022,ce881d1e420e,Goa|2022|gp_ward|North Goa|Pernem|Arambol|I|,1,Goa,2022,North Goa,Pernem,Arambol,gram_panchayat,I,,gp_ward,ward,NONE,NONE,sc_st_bc,1,Woman,Women,all_seats,seat,,,,,,,latin,local_elections,e0ae2676d62a-dirty,data/goa/2022/list-of-validly-nominated-candidates-pernemvp_2022.pdf,4,page,
goa/gp_ward/2022,37a081c2286f,Goa|2022|gp_ward|North Goa|Pernem|Arambol|II|,1,Goa,2022,North Goa,Pernem,Arambol,gram_panchayat,II,,gp_ward,ward,NONE,NONE,sc_st_bc,1,Woman,Women,all_seats,seat,,,,,,,latin,local_elections,e0ae2676d62a-dirty,data/goa/2022/list-of-validly-nominated-candidates-pernemvp_2022.pdf,4,page,
goa/gp_ward/2022,7629361e77f9,Goa|2022|gp_ward|North Goa|Pernem|Arambol|III|,1,Goa,2022,North Goa,Pernem,Arambol,gram_panchayat,III,,gp_ward,ward,BC,BC,sc_st_bc,0,BC Other than Woman,OBC,all_seats,seat,,,,,,,latin,local_elections,e0ae2676d62a-dirty,data/goa/2022/list-of-validly-nominated-candidates-pernemvp_2022.pdf,4,page,
goa/gp_ward/2022,0615fae5126c,Goa|2022|gp_ward|North Goa|Pernem|Arambol|IV|,1,Goa,2022,North Goa,Pernem,Arambol,gram_panchayat,IV,,gp_ward,ward,BC,BC,sc_st_bc,0,BC Other than Woman,OBC,all_seats,seat,,,,,,,latin,local_elections,e0ae2676d62a-dirty,data/goa/2022/list-of-validly-nominated-candidates-pernemvp_2022.pdf,5,page,
goa/gp_ward/2022,4b226cde1693,Goa|2022|gp_ward|North Goa|Pernem|Arambol|V|,1,Goa,2022,North Goa,Pernem,Arambol,gram_panchayat,V,,gp_ward,ward,NONE,NONE,sc_st_bc,0,Other than Woman,General,all_seats,seat,,,,,,,latin,local_elections,e0ae2676d62a-dirty,data/goa/2022/list-of-validly-nominated-candidates-pernemvp_2022.pdf,5,page,
goa/gp_ward/2022,3dcbb768f434,Goa|2022|gp_ward|North Goa|Pernem|Arambol|VII|,1,Goa,2022,North Goa,Pernem,Arambol,gram_panchayat,VII,,gp_ward,ward,NONE,NONE,sc_st_bc,0,Other than Woman,General,all_seats,seat,,,,,,,latin,local_elections,e0ae2676d62a-dirty,data/goa/2022/list-of-validly-nominated-candidates-pernemvp_2022.pdf,5,page,
goa/gp_ward/2022,9e001de24c6e,Goa|2022|gp_ward|North Goa|Pernem|Arambol|VIII|,1,Goa,2022,North Goa,Pernem,Arambol,gram_panchayat,VIII,,gp_ward,ward,NONE,NONE,sc_st_bc,0,Other than Woman,General,all_seats,seat,,,,,,,latin,local_elections,e0ae2676d62a-dirty,data/goa/2022/list-of-validly-nominated-candidates-pernemvp_2022.pdf,6,page,
goa/gp_ward/2022,f902384177cf,Goa|2022|gp_ward|North Goa|Pernem|Arambol|IX|,1,Goa,2022,North Goa,Pernem,Arambol,gram_panchayat,IX,,gp_ward,ward,BC,BC,sc_st_bc,1,BC Woman,OBC Women,all_seats,seat,,,,,,,latin,local_elections,e0ae2676d62a-dirty,data/goa/2022/list-of-validly-nominated-candidates-pernemvp_2022.pdf,6,page,
goa/gp_ward/2022,3db27c8c6b7a,Goa|2022|gp_ward|North Goa|Pernem|Paliem|I|,1,Goa,2022,North Goa,Pernem,Paliem,gram_panchayat,I,,gp_ward,ward,NONE,NONE,sc_st_bc,1,Woman,Women,all_seats,seat,,,,,,,latin,local_elections,e0ae2676d62a-dirty,data/goa/2022/list-of-validly-nominated-candidates-pernemvp_2022.pdf,6,page,
goa/gp_ward/2022,f5b17f46fd8d,Goa|2022|gp_ward|North Goa|Pernem|Paliem|II|,1,Goa,2022,North Goa,Pernem,Paliem,gram_panchayat,II,,gp_ward,ward,NONE,NONE,sc_st_bc,0,Other than Woman,General,all_seats,seat,,,,,,,latin,local_elections,e0ae2676d62a-dirty,data/goa/2022/list-of-validly-nominated-candidates-pernemvp_2022.pdf,6,page,
goa/gp_ward/2022,79ae2b1bfa80,Goa|2022|gp_ward|North Goa|Pernem|Paliem|III|,1,Goa,2022,North Goa,Pernem,Paliem,gram_panchayat,III,,gp_ward,ward,NONE,NONE,sc_st_bc,0,Other than Woman,General,all_seats,seat,,,,,,,latin,local_elections,e0ae2676d62a-dirty,data/goa/2022/list-of-validly-nominated-candidates-pernemvp_2022.pdf,6,page,
goa/gp_ward/2022,186f8ba58580,Goa|2022|gp_ward|North Goa|Pernem|Paliem|IV|,1,Goa,2022,North Goa,Pernem,Paliem,gram_panchayat,IV,,gp_ward,ward,BC,BC,sc_st_bc,0,BC Other than Woman,OBC,all_seats,seat,,,,,,,latin,local_elections,e0ae2676d62a-dirty,data/goa/2022/list-of-validly-nominated-candidates-pernemvp_2022.pdf,7,page,
goa/gp_ward/2022,dc9f9f61f8cf,Goa|2022|gp_ward|North Goa|Pernem|Paliem|V|,1,Goa,2022,North Goa,Pernem,Paliem,gram_panchayat,V,,gp_ward,ward,NONE,NONE,sc_st_bc,1,Woman,Women,all_seats,seat,,,,,,,latin,local_elections,e0ae2676d62a-dirty,data/goa/2022/list-of-validly-nominated-candidates-pernemvp_2022.pdf,7,page,
goa/gp_ward/2022,a3caec44b3ab,Goa|2022|gp_ward|North Goa|Pernem|Paliem|VI|,1,Goa,2022,North Goa,Pernem,Paliem,gram_panchayat,VI,,gp_ward,ward,BC,BC,sc_st_bc,0,BC Other than Woman,OBC,all_seats,seat,,,,,,,latin,local_elections,e0ae2676d62a-dirty,data/goa/2022/list-of-validly-nominated-candidates-pernemvp_2022.pdf,7,page,
goa/gp_ward/2022,b1fd5a6ca788,Goa|2022|gp_ward|North Goa|Pernem|Paliem|VII|,1,Goa,2022,North Goa,Pernem,Paliem,gram_panchayat,VII,,gp_ward,ward,BC,BC,sc_st_bc,1,BC Woman,OBC Women,all_seats,seat,,,,,,,latin,local_elections,e0ae2676d62a-dirty,data/goa/2022/list-of-validly-nominated-candidates-pernemvp_2022.pdf,7,page,
goa/gp_ward/2022,0f80bd8258f2,Goa|2022|gp_ward|North Goa|Pernem|Querim- Tiracol|I|,1,Goa,2022,North Goa,Pernem,Querim- Tiracol,gram_panchayat,I,,gp_ward,ward,BC,BC,sc_st_bc,0,BC Other than Woman,OBC,all_seats,seat,,,,,,,latin,local_elections,e0ae2676d62a-dirty,data/goa/2022/list-of-validly-nominated-candidates-pernemvp_2022.pdf,7,page,
goa/gp_ward/2022,8fc8790cd104,Goa|2022|gp_ward|North Goa|Pernem|Querim- Tiracol|II|,1,Goa,2022,North Goa,Pernem,Querim- Tiracol,gram_panchayat,II,,gp_ward,ward,BC,BC,sc_st_bc,1,BC Woman,OBC Women,all_seats,seat,,,,,,,latin,local_elections,e0ae2676d62a-dirty,data/goa/2022/list-of-validly-nominated-candidates-pernemvp_2022.pdf,7,page,
goa/gp_ward/2022,ab2ec39f307d,Goa|2022|gp_ward|North Goa|Pernem|Querim- Tiracol|III|,1,Goa,2022,North Goa,Pernem,Querim- Tiracol,gram_panchayat,III,,gp_ward,ward,BC,BC,sc_st_bc,0,BC Other than Woman,OBC,all_seats,seat,,,,,,,latin,local_elections,e0ae2676d62a-dirty,data/goa/2022/list-of-validly-nominated-candidates-pernemvp_2022.pdf,8,page,
goa/gp_ward/2022,75fd1fa19c76,Goa|2022|gp_ward|North Goa|Pernem|Querim- Tiracol|IV|,1,Goa,2022,North Goa,Pernem,Querim- Tiracol,gram_panchayat,IV,,gp_ward,ward,NONE,NONE,sc_st_bc,0,Other than Woman,General,all_seats,seat,,,,,,,latin,local_elections,e0ae2676d62a-dirty,data/goa/2022/list-of-validly-nominated-candidates-pernemvp_2022.pdf,8,page,
goa/gp_ward/2022,10dfb5c1af7e,Goa|2022|gp_ward|North Goa|Pernem|Querim- Tiracol|V|,1,Goa,2022,North Goa,Pernem,Querim- Tiracol,gram_panchayat,V,,gp_ward,ward,NONE,NONE,sc_st_bc,0,Other than Woman,General,all_seats,seat,,,,,,,latin,local_elections,e0ae2676d62a-dirty,data/goa/2022/list-of-validly-nominated-candidates-pernemvp_2022.pdf,8,page,
goa/gp_ward/2022,031cf648d5a8,Goa|2022|gp_ward|North Goa|Pernem|Querim- Tiracol|VI|,1,Goa,2022,North Goa,Pernem,Querim- Tiracol,gram_panchayat,VI,,gp_ward,ward,NONE,NONE,sc_st_bc,1,Woman,Women,all_seats,seat,,,,,,,latin,local_elections,e0ae2676d62a-dirty,data/goa/2022/list-of-validly-nominated-candidates-pernemvp_2022.pdf,9,page,
goa/gp_ward/2022,e2ee60c02742,Goa|2022|gp_ward|North Goa|Pernem|Querim- Tiracol|VII|,1,Goa,2022,North Goa,Pernem,Querim- Tiracol,gram_panchayat,VII,,gp_ward,ward,NONE,NONE,sc_st_bc,1,Woman,Women,all_seats,seat,,,,,,,latin,local_elections,e0ae2676d62a-dirty,data/goa/2022/list-of-validly-nominated-candidates-pernemvp_2022.pdf,9,page,
goa/gp_ward/2022,4ff0154f9804,Goa|2022|gp_ward|North Goa|Pernem|Corgao|I|,1,Goa,2022,North Goa,Pernem,Corgao,gram_panchayat,I,,gp_ward,ward,NONE,NONE,sc_st_bc,1,Woman,Women,all_seats,seat,,,,,,,latin,local_elections,e0ae2676d62a-dirty,data/goa/2022/list-of-validly-nominated-candidates-pernemvp_2022.pdf,9,page,
goa/gp_ward/2022,649ed5b91ead,Goa|2022|gp_ward|North Goa|Pernem|Corgao|II|,1,Goa,2022,North Goa,Pernem,Corgao,gram_panchayat,II,,gp_ward,ward,BC,BC,sc_st_bc,0,BC Other than Woman,OBC,all_seats,seat,,,,,,,latin,local_elections,e0ae2676d62a-dirty,data/goa/2022/list-of-validly-nominated-candidates-pernemvp_2022.pdf,9,page,
goa/gp_ward/2022,c84b188f2dfb,Goa|2022|gp_ward|North Goa|Pernem|Corgao|III|,1,Goa,2022,North Goa,Pernem,Corgao,gram_panchayat,III,,gp_ward,ward,NONE,NONE,sc_st_bc,0,Other than Woman,General,all_seats,seat,,,,,,,latin,local_elections,e0ae2676d62a-dirty,data/goa/2022/list-of-validly-nominated-candidates-pernemvp_2022.pdf,10,page,
goa/gp_ward/2022,f5020704ebe6,Goa|2022|gp_ward|North Goa|Pernem|Corgao|IV|,1,Goa,2022,North Goa,Pernem,Corgao,gram_panchayat,IV,,gp_ward,ward,NONE,NONE,sc_st_bc,0,Other than Woman,General,all_seats,seat,,,,,,,latin,local_elections,e0ae2676d62a-dirty,data/goa/2022/list-of-validly-nominated-candidates-pernemvp_2022.pdf,10,page,
goa/gp_ward/2022,8d32dc26717a,Goa|2022|gp_ward|North Goa|Pernem|Corgao|V|,1,Goa,2022,North Goa,Pernem,Corgao,gram_panchayat,V,,gp_ward,ward,SC,SC,sc_st_bc,0,SC Other than Woman,SC,all_seats,seat,,,,,,,latin,local_elections,e0ae2676d62a-dirty,data/goa/2022/list-of-validly-nominated-candidates-pernemvp_2022.pdf,10,page,
goa/gp_ward/2022,f3d22b69397d,Goa|2022|gp_ward|North Goa|Pernem|Corgao|VI|,1,Goa,2022,North Goa,Pernem,Corgao,gram_panchayat,VI,,gp_ward,ward,BC,BC,sc_st_bc,1,BC Woman,OBC Women,all_seats,seat,,,,,,,latin,local_elections,e0ae2676d62a-dirty,data/goa/2022/list-of-validly-nominated-candidates-pernemvp_2022.pdf,10,page,
goa/gp_ward/2022,e042e720f35a,Goa|2022|gp_ward|North Goa|Pernem|Corgao|VII|,1,Goa,2022,North Goa,Pernem,Corgao,gram_panchayat,VII,,gp_ward,ward,NONE,NONE,sc_st_bc,1,Woman,Women,all_seats,seat,,,,,,,latin,local_elections,e0ae2676d62a-dirty,data/goa/2022/list-of-validly-nominated-candidates-pernemvp_2022.pdf,10,page,
goa/gp_ward/2022,5b45bd8462a8,Goa|2022|gp_ward|North Goa|Pernem|Corgao|VIII|,1,Goa,2022,North Goa,Pernem,Corgao,gram_panchayat,VIII,,gp_ward,ward,NONE,NONE,sc_st_bc,0,Other than Woman,General,all_seats,seat,,,,,,,latin,local_elections,e0ae2676d62a-dirty,data/goa/2022/list-of-validly-nominated-candidates-pernemvp_2022.pdf,11,page,
goa/gp_ward/2022,253bbf016e10,Goa|2022|gp_ward|North Goa|Pernem|Corgao|IX|,1,Goa,2022,North Goa,Pernem,Corgao,gram_panchayat,IX,,gp_ward,ward,BC,BC,sc_st_bc,0,BC Other than Woman,OBC,all_seats,seat,,,,,,,latin,local_elections,e0ae2676d62a-dirty,data/goa/2022/list-of-validly-nominated-candidates-pernemvp_2022.pdf,11,page,
goa/gp_ward/2022,df46f0216f5b,Goa|2022|gp_ward|North Goa|Pernem|Parcem|I|,1,Goa,2022,North Goa,Pernem,Parcem,gram_panchayat,I,,gp_ward,ward,BC,BC,sc_st_bc,1,BC Woman,OBC Women,all_seats,seat,,,,,,,latin,local_elections,e0ae2676d62a-dirty,data/goa/2022/list-of-validly-nominated-candidates-pernemvp_2022.pdf,11,page,
goa/gp_ward/2022,09fed3b2fcd0,Goa|2022|gp_ward|North Goa|Pernem|Parcem|II|,1,Goa,2022,North Goa,Pernem,Parcem,gram_panchayat,II,,gp_ward,ward,NONE,NONE,sc_st_bc,1,Woman,Women,all_seats,seat,,,,,,,latin,local_elections,e0ae2676d62a-dirty,data/goa/2022/list-of-validly-nominated-candidates-pernemvp_2022.pdf,12,page,
goa/gp_ward/2022,e696219acf3c,Goa|2022|gp_ward|North Goa|Pernem|Parcem|III|,1,Goa,2022,North Goa,Pernem,Parcem,gram_panchayat,III,,gp_ward,ward,NONE,NONE,sc_st_bc,0,Other than Woman,General,all_seats,seat,,,,,,,latin,local_elections,e0ae2676d62a-dirty,data/goa/2022/list-of-validly-nominated-candidates-pernemvp_2022.pdf,12,page,
goa/gp_ward/2022,7d2e8084e2b4,Goa|2022|gp_ward|North Goa|Pernem|Parcem|IV|,1,Goa,2022,North Goa,Pernem,Parcem,gram_panchayat,IV,,gp_ward,ward,BC,BC,sc_st_bc,0,BC Other than Woman,OBC,all_seats,seat,,,,,,,latin,local_elections,e0ae2676d62a-dirty,data/goa/2022/list-of-validly-nominated-candidates-pernemvp_2022.pdf,12,page,
goa/gp_ward/2022,1806c981949b,Goa|2022|gp_ward|North Goa|Pernem|Parcem|V|,1,Goa,2022,North Goa,Pernem,Parcem,gram_panchayat,V,,gp_ward,ward,NONE,NONE,sc_st_bc,1,Woman,Women,all_seats,seat,,,,,,,latin,local_elections,e0ae2676d62a-dirty,data/goa/2022/list-of-validly-nominated-candidates-pernemvp_2022.pdf,12,page,
goa/gp_ward/2022,fb11d2561624,Goa|2022|gp_ward|North Goa|Pernem|Parcem|VI|,1,Goa,2022,North Goa,Pernem,Parcem,gram_panchayat,VI,,gp_ward,ward,BC,BC,sc_st_bc,0,BC Other than Woman,OBC,all_seats,seat,,,,,,,latin,local_elections,e0ae2676d62a-dirty,data/goa/2022/list-of-validly-nominated-candidates-pernemvp_2022.pdf,13,page,
goa/gp_ward/2022,446ecefaa2dd,Goa|2022|gp_ward|North Goa|Pernem|Parcem|VII|,1,Goa,2022,North Goa,Pernem,Parcem,gram_panchayat,VII,,gp_ward,ward,NONE,NONE,sc_st_bc,0,Other than Woman,General,all_seats,seat,,,,,,,latin,local_elections,e0ae2676d62a-dirty,data/goa/2022/list-of-validly-nominated-candidates-pernemvp_2022.pdf,13,page,
goa/gp_ward/2022,6531d6191b3e,Goa|2022|gp_ward|North Goa|Pernem|Agarwada- Chopdem|I|,1,Goa,2022,North Goa,Pernem,Agarwada- Chopdem,gram_panchayat,I,,gp_ward,ward,NONE,NONE,sc_st_bc,1,Woman,Women,all_seats,seat,,,,,,,latin,local_elections,e0ae2676d62a-dirty,data/goa/2022/list-of-validly-nominated-candidates-pernemvp_2022.pdf,13,page,
goa/gp_ward/2022,cc1ba67aa6a7,Goa|2022|gp_ward|North Goa|Pernem|Agarwada- Chopdem|II|,1,Goa,2022,North Goa,Pernem,Agarwada- Chopdem,gram_panchayat,II,,gp_ward,ward,NONE,NONE,sc_st_bc,1,Woman,Women,all_seats,seat,,,,,,,latin,local_elections,e0ae2676d62a-dirty,data/goa/2022/list-of-validly-nominated-candidates-pernemvp_2022.pdf,13,page,
goa/gp_ward/2022,86e6c5d8a212,Goa|2022|gp_ward|North Goa|Pernem|Agarwada- Chopdem|III|,1,Goa,2022,North Goa,Pernem,Agarwada- Chopdem,gram_panchayat,III,,gp_ward,ward,NONE,NONE,sc_st_bc,0,Other than Woman,General,all_seats,seat,,,,,,,latin,local_elections,e0ae2676d62a-dirty,data/goa/2022/list-of-validly-nominated-candidates-pernemvp_2022.pdf,13,page,
goa/gp_ward/2022,064c612742c5,Goa|2022|gp_ward|North Goa|Pernem|Agarwada- Chopdem|IV|,1,Goa,2022,North Goa,Pernem,Agarwada- Chopdem,gram_panchayat,IV,,gp_ward,ward,NONE,NONE,sc_st_bc,0,Other than Woman,General,all_seats,seat,,,,,,,latin,local_elections,e0ae2676d62a-dirty,data/goa/2022/list-of-validly-nominated-candidates-pernemvp_2022.pdf,13,page,
goa/gp_ward/2022,0e7e0770ce01,Goa|2022|gp_ward|North Goa|Pernem|Agarwada- Chopdem|V|,1,Goa,2022,North Goa,Pernem,Agarwada- Chopdem,gram_panchayat,V,,gp_ward,ward,BC,BC,sc_st_bc,0,BC Other than Woman,OBC,all_seats,seat,,,,,,,latin,local_elections,e0ae2676d62a-dirty,data/goa/2022/list-of-validly-nominated-candidates-pernemvp_2022.pdf,14,page,
goa/gp_ward/2022,7907ebd3045b,Goa|2022|gp_ward|North Goa|Pernem|Agarwada- Chopdem|VI|,1,Goa,2022,North Goa,Pernem,Agarwada- Chopdem,gram_panchayat,VI,,gp_ward,ward,NONE,NONE,sc_st_bc,1,Woman,Women,all_seats,seat,,,,,,,latin,local_elections,e0ae2676d62a-dirty,data/goa/2022/list-of-validly-nominated-candidates-pernemvp_2022.pdf,14,page,
goa/gp_ward/2022,c1a4884fe15d,Goa|2022|gp_ward|North Goa|Pernem|Agarwada- Chopdem|VII|,1,Goa,2022,North Goa,Pernem,Agarwada- Chopdem,gram_panchayat,VII,,gp_ward,ward,SC,SC,sc_st_bc,0,SC Other than Woman,SC,all_seats,seat,,,,,,,latin,local_elections,e0ae2676d62a-dirty,data/goa/2022/list-of-validly-nominated-candidates-pernemvp_2022.pdf,14,page,
goa/gp_ward/2022,fa097039fe1e,Goa|2022|gp_ward|North Goa|Pernem|Morjim|I|,1,Goa,2022,North Goa,Pernem,Morjim,gram_panchayat,I,,gp_ward,ward,NONE,NONE,sc_st_bc,0,Other than Woman,General,all_seats,seat,,,,,,,latin,local_elections,e0ae2676d62a-dirty,data/goa/2022/list-of-validly-nominated-candidates-pernemvp_2022.pdf,14,page,
goa/gp_ward/2022,a4e5c7db8546,Goa|2022|gp_ward|North Goa|Pernem|Morjim|II|,1,Goa,2022,North Goa,Pernem,Morjim,gram_panchayat,II,,gp_ward,ward,NONE,NONE,sc_st_bc,1,Woman,Women,all_seats,seat,,,,,,,latin,local_elections,e0ae2676d62a-dirty,data/goa/2022/list-of-validly-nominated-candidates-pernemvp_2022.pdf,15,page,
goa/gp_ward/2022,0bf2b2309381,Goa|2022|gp_ward|North Goa|Pernem|Morjim|III|,1,Goa,2022,North Goa,Pernem,Morjim,gram_panchayat,III,,gp_ward,ward,NONE,NONE,sc_st_bc,0,Other than Woman,General,all_seats,seat,,,,,,,latin,local_elections,e0ae2676d62a-dirty,data/goa/2022/list-of-validly-nominated-candidates-pernemvp_2022.pdf,15,page,
goa/gp_ward/2022,df8bde0cb697,Goa|2022|gp_ward|North Goa|Pernem|Morjim|IV|,1,Goa,2022,North Goa,Pernem,Morjim,gram_panchayat,IV,,gp_ward,ward,BC,BC,sc_st_bc,0,BC Other than Woman,OBC,all_seats,seat,,,,,,,latin,local_elections,e0ae2676d62a-dirty,data/goa/2022/list-of-validly-nominated-candidates-pernemvp_2022.pdf,15,page,
goa/gp_ward/2022,9bcaaa70ed17,Goa|2022|gp_ward|North Goa|Pernem|Morjim|V|,1,Goa,2022,North Goa,Pernem,Morjim,gram_panchayat,V,,gp_ward,ward,NONE,NONE,sc_st_bc,0,Other than Woman,General,all_seats,seat,,,,,,,latin,local_elections,e0ae2676d62a-dirty,data/goa/2022/list-of-validly-nominated-candidates-pernemvp_2022.pdf,15,page,
goa/gp_ward/2022,6205703cce18,Goa|2022|gp_ward|North Goa|Pernem|Morjim|VI|,1,Goa,2022,North Goa,Pernem,Morjim,gram_panchayat,VI,,gp_ward,ward,BC,BC,sc_st_bc,1,BC Woman,OBC Women,all_seats,seat,,,,,,,latin,local_elections,e0ae2676d62a-dirty,data/goa/2022/list-of-validly-nominated-candidates-pernemvp_2022.pdf,15,page,
goa/gp_ward/2022,86b7461b5c3c,Goa|2022|gp_ward|North Goa|Pernem|Morjim|VII|,1,Goa,2022,North Goa,Pernem,Morjim,gram_panchayat,VII,,gp_ward,ward,BC,BC,sc_st_bc,0,BC Other than Woman,OBC,all_seats,seat,,,,,,,latin,local_elections,e0ae2676d62a-dirty,data/goa/2022/list-of-validly-nominated-candidates-pernemvp_2022.pdf,16,page,
goa/gp_ward/2022,cfb4d49e45df,Goa|2022|gp_ward|North Goa|Pernem|Morjim|VIII|,1,Goa,2022,North Goa,Pernem,Morjim,gram_panchayat,VIII,,gp_ward,ward,NONE,NONE,sc_st_bc,0,Other than Woman,General,all_seats,seat,,,,,,,latin,local_elections,e0ae2676d62a-dirty,data/goa/2022/list-of-validly-nominated-candidates-pernemvp_2022.pdf,16,page,
goa/gp_ward/2022,7fbf9ab9baa2,Goa|2022|gp_ward|North Goa|Pernem|Morjim|IX|,1,Goa,2022,North Goa,Pernem,Morjim,gram_panchayat,IX,,gp_ward,ward,BC,BC,sc_st_bc,1,BC Woman,OBC Women,all_seats,seat,,,,,,,latin,local_elections,e0ae2676d62a-dirty,data/goa/2022/list-of-validly-nominated-candidates-pernemvp_2022.pdf,16,page,
goa/gp_ward/2022,af0ac069979c,Goa|2022|gp_ward|North Goa|Pernem|Dhargalim|I|,1,Goa,2022,North Goa,Pernem,Dhargalim,gram_panchayat,I,,gp_ward,ward,BC,BC,sc_st_bc,1,BC Woman,OBC Women,all_seats,seat,,,,,,,latin,local_elections,e0ae2676d62a-dirty,data/goa/2022/list-of-validly-nominated-candidates-pernemvp_2022.pdf,16,page,
goa/gp_ward/2022,af64f7e3908e,Goa|2022|gp_ward|North Goa|Pernem|Dhargalim|II|,1,Goa,2022,North Goa,Pernem,Dhargalim,gram_panchayat,II,,gp_ward,ward,NONE,NONE,sc_st_bc,1,Woman,Women,all_seats,seat,,,,,,,latin,local_elections,e0ae2676d62a-dirty,data/goa/2022/list-of-validly-nominated-candidates-pernemvp_2022.pdf,16,page,
goa/gp_ward/2022,a58420a1f78f,Goa|2022|gp_ward|North Goa|Pernem|Dhargalim|III|,1,Goa,2022,North Goa,Pernem,Dhargalim,gram_panchayat,III,,gp_ward,ward,NONE,NONE,sc_st_bc,0,Other than Woman,General,all_seats,seat,,,,,,,latin,local_elections,e0ae2676d62a-dirty,data/goa/2022/list-of-validly-nominated-candidates-pernemvp_2022.pdf,17,page,
goa/gp_ward/2022,632257db95a4,Goa|2022|gp_ward|North Goa|Pernem|Dhargalim|IV|,1,Goa,2022,North Goa,Pernem,Dhargalim,gram_panchayat,IV,,gp_ward,ward,NONE,NONE,sc_st_bc,0,Other than Woman,General,all_seats,seat,,,,,,,latin,local_elections,e0ae2676d62a-dirty,data/goa/2022/list-of-validly-nominated-candidates-pernemvp_2022.pdf,17,page,
goa/gp_ward/2022,befb3b769c69,Goa|2022|gp_ward|North Goa|Pernem|Dhargalim|V|,1,Goa,2022,North Goa,Pernem,Dhargalim,gram_panchayat,V,,gp_ward,ward,NONE,NONE,sc_st_bc,0,Other than Woman,General,all_seats,seat,,,,,,,latin,local_elections,e0ae2676d62a-dirty,data/goa/2022/list-of-validly-nominated-candidates-pernemvp_2022.pdf,17,page,
goa/gp_ward/2022,171b478d9527,Goa|2022|gp_ward|North Goa|Pernem|Dhargalim|VI|,1,Goa,2022,North Goa,Pernem,Dhargalim,gram_panchayat,VI,,gp_ward,ward,BC,BC,sc_st_bc,0,BC Other than Woman,OBC,all_seats,seat,,,,,,,latin,local_elections,e0ae2676d62a-dirty,data/goa/2022/list-of-validly-nominated-candidates-pernemvp_2022.pdf,17,page,
goa/gp_ward/2022,c9975dd1b83a,Goa|2022|gp_ward|North Goa|Pernem|Dhargalim|VII|,1,Goa,2022,North Goa,Pernem,Dhargalim,gram_panchayat,VII,,gp_ward,ward,NONE,NONE,sc_st_bc,1,Woman,Women,all_seats,seat,,,,,,,latin,local_elections,e0ae2676d62a-dirty,data/goa/2022/list-of-validly-nominated-candidates-pernemvp_2022.pdf,18,page,
goa/gp_ward/2022,63396f735d08,Goa|2022|gp_ward|North Goa|Pernem|Dhargalim|VIII|,1,Goa,2022,North Goa,Pernem,Dhargalim,gram_panchayat,VIII,,gp_ward,ward,SC,SC,sc_st_bc,0,SC Other than Woman,SC,all_seats,seat,,,,,,,latin,local_elections,e0ae2676d62a-dirty,data/goa/2022/list-of-validly-nominated-candidates-pernemvp_2022.pdf,18,page,
goa/gp_ward/2022,ed4317b235e2,Goa|2022|gp_ward|North Goa|Pernem|Dhargalim|IX|,1,Goa,2022,North Goa,Pernem,Dhargalim,gram_panchayat,IX,,gp_ward,ward,BC,BC,sc_st_bc,0,BC Other than Woman,OBC,all_seats,seat,,,,,,,latin,local_elections,e0ae2676d62a-dirty,data/goa/2022/list-of-validly-nominated-candidates-pernemvp_2022.pdf,18,page,
goa/gp_ward/2022,d74666d662b0,Goa|2022|gp_ward|North Goa|Pernem|Tuem|I|,1,Goa,2022,North Goa,Pernem,Tuem,gram_panchayat,I,,gp_ward,ward,NONE,NONE,sc_st_bc,0,Other than Woman,General,all_seats,seat,,,,,,,latin,local_elections,e0ae2676d62a-dirty,data/goa/2022/list-of-validly-nominated-candidates-pernemvp_2022.pdf,18,page,
goa/gp_ward/2022,5ac594a3f322,Goa|2022|gp_ward|North Goa|Pernem|Tuem|II|,1,Goa,2022,North Goa,Pernem,Tuem,gram_panchayat,II,,gp_ward,ward,BC,BC,sc_st_bc,1,BC Woman,OBC Women,all_seats,seat,,,,,,,latin,local_elections,e0ae2676d62a-dirty,data/goa/2022/list-of-validly-nominated-candidates-pernemvp_2022.pdf,18,page,
goa/gp_ward/2022,3301ed1fd93a,Goa|2022|gp_ward|North Goa|Pernem|Tuem|III|,1,Goa,2022,North Goa,Pernem,Tuem,gram_panchayat,III,,gp_ward,ward,NONE,NONE,sc_st_bc,0,Other than Woman,General,all_seats,seat,,,,,,,latin,local_elections,e0ae2676d62a-dirty,data/goa/2022/list-of-validly-nominated-candidates-pernemvp_2022.pdf,18,page,
goa/gp_ward/2022,b78df5dc517b,Goa|2022|gp_ward|North Goa|Pernem|Tuem|IV|,1,Goa,2022,North Goa,Pernem,Tuem,gram_panchayat,IV,,gp_ward,ward,BC,BC,sc_st_bc,0,BC Other than Woman,OBC,all_seats,seat,,,,,,,latin,local_elections,e0ae2676d62a-dirty,data/goa/2022/list-of-validly-nominated-candidates-pernemvp_2022.pdf,19,page,
goa/gp_ward/2022,832930e6dfe0,Goa|2022|gp_ward|North Goa|Pernem|Tuem|V|,1,Goa,2022,North Goa,Pernem,Tuem,gram_panchayat,V,,gp_ward,ward,NONE,NONE,sc_st_bc,1,Woman,Women,all_seats,seat,,,,,,,latin,local_elections,e0ae2676d62a-dirty,data/goa/2022/list-of-validly-nominated-candidates-pernemvp_2022.pdf,19,page,
goa/gp_ward/2022,4dad8be3652f,Goa|2022|gp_ward|North Goa|Pernem|Tuem|VI|,1,Goa,2022,North Goa,Pernem,Tuem,gram_panchayat,VI,,gp_ward,ward,NONE,NONE,sc_st_bc,1,Woman,Women,all_seats,seat,,,,,,,latin,local_elections,e0ae2676d62a-dirty,data/goa/2022/list-of-validly-nominated-candidates-pernemvp_2022.pdf,19,page,
goa/gp_ward/2022,09fea3f569e8,Goa|2022|gp_ward|North Goa|Pernem|Tuem|VII|,1,Goa,2022,North Goa,Pernem,Tuem,gram_panchayat,VII,,gp_ward,ward,BC,BC,sc_st_bc,0,BC Other than Woman,OBC,all_seats,seat,,,,,,,latin,local_elections,e0ae2676d62a-dirty,data/goa/2022/list-of-validly-nominated-candidates-pernemvp_2022.pdf,19,page,
goa/gp_ward/2022,57d356a95901,Goa|2022|gp_ward|North Goa|Pernem|Virnoda|I|,1,Goa,2022,North Goa,Pernem,Virnoda,gram_panchayat,I,,gp_ward,ward,NONE,NONE,sc_st_bc,0,Other than Woman,General,all_seats,seat,,,,,,,latin,local_elections,e0ae2676d62a-dirty,data/goa/2022/list-of-validly-nominated-candidates-pernemvp_2022.pdf,19,page,
goa/gp_ward/2022,18e789422d28,Goa|2022|gp_ward|North Goa|Pernem|Virnoda|II|,1,Goa,2022,North Goa,Pernem,Virnoda,gram_panchayat,II,,gp_ward,ward,BC,BC,sc_st_bc,0,BC Other than Woman,OBC,all_seats,seat,,,,,,,latin,local_elections,e0ae2676d62a-dirty,data/goa/2022/list-of-validly-nominated-candidates-pernemvp_2022.pdf,20,page,
goa/gp_ward/2022,1a2b5bb716a2,Goa|2022|gp_ward|North Goa|Pernem|Virnoda|III|,1,Goa,2022,North Goa,Pernem,Virnoda,gram_panchayat,III,,gp_ward,ward,NONE,NONE,sc_st_bc,0,Other than Woman,General,all_seats,seat,,,,,,,latin,local_elections,e0ae2676d62a-dirty,data/goa/2022/list-of-validly-nominated-candidates-pernemvp_2022.pdf,20,page,
goa/gp_ward/2022,e56d06b77583,Goa|2022|gp_ward|North Goa|Pernem|Virnoda|IV|,1,Goa,2022,North Goa,Pernem,Virnoda,gram_panchayat,IV,,gp_ward,ward,NONE,NONE,sc_st_bc,0,Other than Woman,General,all_seats,seat,,,,,,,latin,local_elections,e0ae2676d62a-dirty,data/goa/2022/list-of-validly-nominated-candidates-pernemvp_2022.pdf,20,page,
goa/gp_ward/2022,788d5729e764,Goa|2022|gp_ward|North Goa|Pernem|Virnoda|V|,1,Goa,2022,North Goa,Pernem,Virnoda,gram_panchayat,V,,gp_ward,ward,NONE,NONE,sc_st_bc,1,Woman,Women,all_seats,seat,,,,,,,latin,local_elections,e0ae2676d62a-dirty,data/goa/2022/list-of-validly-nominated-candidates-pernemvp_2022.pdf,20,page,
goa/gp_ward/2022,dcfb6b32a98f,Goa|2022|gp_ward|North Goa|Pernem|Virnoda|VI|,1,Goa,2022,North Goa,Pernem,Virnoda,gram_panchayat,VI,,gp_ward,ward,NONE,NONE,sc_st_bc,1,Woman,Women,all_seats,seat,,,,,,,latin,local_elections,e0ae2676d62a-dirty,data/goa/2022/list-of-validly-nominated-candidates-pernemvp_2022.pdf,20,page,
goa/gp_ward/2022,2d4232c75ad5,Goa|2022|gp_ward|North Goa|Pernem|Virnoda|VII|,1,Goa,2022,North Goa,Pernem,Virnoda,gram_panchayat,VII,,gp_ward,ward,NONE,NONE,sc_st_bc,1,Woman,Women,all_seats,seat,,,,,,,latin,local_elections,e0ae2676d62a-dirty,data/goa/2022/list-of-validly-nominated-candidates-pernemvp_2022.pdf,20,page,
goa/gp_ward/2022,ce598e20f5a1,Goa|2022|gp_ward|North Goa|Pernem|Casne- Amberem- Porascadem|I|,1,Goa,2022,North Goa,Pernem,Casne- Amberem- Porascadem,gram_panchayat,I,,gp_ward,ward,NONE,NONE,sc_st_bc,0,Other than Woman,General,all_seats,seat,,,,,,,latin,local_elections,e0ae2676d62a-dirty,data/goa/2022/list-of-validly-nominated-candidates-pernemvp_2022.pdf,20,page,
goa/gp_ward/2022,896db3ac2528,Goa|2022|gp_ward|North Goa|Pernem|Casne- Amberem- Porascadem|II|,1,Goa,2022,North Goa,Pernem,Casne- Amberem- Porascadem,gram_panchayat,II,,gp_ward,ward,NONE,NONE,sc_st_bc,1,Woman,Women,all_seats,seat,,,,,,,latin,local_elections,e0ae2676d62a-dirty,data/goa/2022/list-of-validly-nominated-candidates-pernemvp_2022.pdf,21,page,
goa/gp_ward/2022,e9f48bd3defa,Goa|2022|gp_ward|North Goa|Pernem|Casne- Amberem- Porascadem|III|,1,Goa,2022,North Goa,Pernem,Casne- Amberem- Porascadem,gram_panchayat,III,,gp_ward,ward,BC,BC,sc_st_bc,0,BC Other than Woman,OBC,all_seats,seat,,,,,,,latin,local_elections,e0ae2676d62a-dirty,data/goa/2022/list-of-validly-nominated-candidates-pernemvp_2022.pdf,21,page,
goa/gp_ward/2022,54b3faf6b0ca,Goa|2022|gp_ward|North Goa|Pernem|Casne- Amberem- Porascadem|IV|,1,Goa,2022,North Goa,Pernem,Casne- Amberem- Porascadem,gram_panchayat,IV,,gp_ward,ward,SC,SC,sc_st_bc,0,SC Other than Woman,SC,all_seats,seat,,,,,,,latin,local_elections,e0ae2676d62a-dirty,data/goa/2022/list-of-validly-nominated-candidates-pernemvp_2022.pdf,21,page,
goa/gp_ward/2022,89720920d56a,Goa|2022|gp_ward|North Goa|Pernem|Casne- Amberem- Porascadem|V|,1,Goa,2022,North Goa,Pernem,Casne- Amberem- Porascadem,gram_panchayat,V,,gp_ward,ward,BC,BC,sc_st_bc,1,BC Woman,OBC Women,all_seats,seat,,,,,,,latin,local_elections,e0ae2676d62a-dirty,data/goa/2022/list-of-validly-nominated-candidates-pernemvp_2022.pdf,21,page,
goa/gp_ward/2022,47d55da92f12,Goa|2022|gp_ward|North Goa|Pernem|Casne- Amberem- Porascadem|VI|,1,Goa,2022,North Goa,Pernem,Casne- Amberem- Porascadem,gram_panchayat,VI,,gp_ward,ward,NONE,NONE,sc_st_bc,1,Woman,Women,all_seats,seat,,,,,,,latin,local_elections,e0ae2676d62a-dirty,data/goa/2022/list-of-validly-nominated-candidates-pernemvp_2022.pdf,22,page,
goa/gp_ward/2022,3eb4aa2bce65,Goa|2022|gp_ward|North Goa|Pernem|Casne- Amberem- Porascadem|VII|,1,Goa,2022,North Goa,Pernem,Casne- Amberem- Porascadem,gram_panchayat,VII,,gp_ward,ward,NONE,NONE,sc_st_bc,0,Other than Woman,General,all_seats,seat,,,,,,,latin,local_elections,e0ae2676d62a-dirty,data/goa/2022/list-of-validly-nominated-candidates-pernemvp_2022.pdf,22,page,
goa/gp_ward/2022,284e23c92287,Goa|2022|gp_ward|North Goa|Pernem|Tamboxem- Mopa- Ugvem|I|,1,Goa,2022,North Goa,Pernem,Tamboxem- Mopa- Ugvem,gram_panchayat,I,,gp_ward,ward,BC,BC,sc_st_bc,1,BC Woman,OBC Women,all_seats,seat,,,,,,,latin,local_elections,e0ae2676d62a-dirty,data/goa/2022/list-of-validly-nominated-candidates-pernemvp_2022.pdf,22,page,
goa/gp_ward/2022,0be740fefb7b,Goa|2022|gp_ward|North Goa|Pernem|Tamboxem- Mopa- Ugvem|II|,1,Goa,2022,North Goa,Pernem,Tamboxem- Mopa- Ugvem,gram_panchayat,II,,gp_ward,ward,NONE,NONE,sc_st_bc,0,Other than Woman,General,all_seats,seat,,,,,,,latin,local_elections,e0ae2676d62a-dirty,data/goa/2022/list-of-validly-nominated-candidates-pernemvp_2022.pdf,22,page,
goa/gp_ward/2022,8c702586df5f,Goa|2022|gp_ward|North Goa|Pernem|Tamboxem- Mopa- Ugvem|III|,1,Goa,2022,North Goa,Pernem,Tamboxem- Mopa- Ugvem,gram_panchayat,III,,gp_ward,ward,SC,SC,sc_st_bc,0,SC Other than Woman,SC,all_seats,seat,,,,,,,latin,local_elections,e0ae2676d62a-dirty,data/goa/2022/list-of-validly-nominated-candidates-pernemvp_2022.pdf,22,page,
goa/gp_ward/2022,d9b7fc599bf2,Goa|2022|gp_ward|North Goa|Pernem|Tamboxem- Mopa- Ugvem|IV|,1,Goa,2022,North Goa,Pernem,Tamboxem- Mopa- Ugvem,gram_panchayat,IV,,gp_ward,ward,BC,BC,sc_st_bc,0,BC Other than Woman,OBC,all_seats,seat,,,,,,,latin,local_elections,e0ae2676d62a-dirty,data/goa/2022/list-of-validly-nominated-candidates-pernemvp_2022.pdf,22,page,
goa/gp_ward/2022,4e1816156f05,Goa|2022|gp_ward|North Goa|Pernem|Tamboxem- Mopa- Ugvem|V|,1,Goa,2022,North Goa,Pernem,Tamboxem- Mopa- Ugvem,gram_panchayat,V,,gp_ward,ward,NONE,NONE,sc_st_bc,1,Woman,Women,all_seats,seat,,,,,,,latin,local_elections,e0ae2676d62a-dirty,data/goa/2022/list-of-validly-nominated-candidates-pernemvp_2022.pdf,23,page,
goa/gp_ward/2022,3df64fc56704,Goa|2022|gp_ward|North Goa|Pernem|Tamboxem- Mopa- Ugvem|VI|,1,Goa,2022,North Goa,Pernem,Tamboxem- Mopa- Ugvem,gram_panchayat,VI,,gp_ward,ward,NONE,NONE,sc_st_bc,0,Other than Woman,General,all_seats,seat,,,,,,,latin,local_elections,e0ae2676d62a-dirty,data/goa/2022/list-of-validly-nominated-candidates-pernemvp_2022.pdf,23,page,
goa/gp_ward/2022,768715c49e7a,Goa|2022|gp_ward|North Goa|Pernem|Tamboxem- Mopa- Ugvem|VII|,1,Goa,2022,North Goa,Pernem,Tamboxem- Mopa- Ugvem,gram_panchayat,VII,,gp_ward,ward,NONE,NONE,sc_st_bc,1,Woman,Women,all_seats,seat,,,,,,,latin,local_elections,e0ae2676d62a-dirty,data/goa/2022/list-of-validly-nominated-candidates-pernemvp_2022.pdf,23,page,
goa/gp_ward/2022,f89f55195f30,Goa|2022|gp_ward|North Goa|Pernem|Torxem|I|,1,Goa,2022,North Goa,Pernem,Torxem,gram_panchayat,I,,gp_ward,ward,BC,BC,sc_st_bc,1,BC Woman,OBC Women,all_seats,seat,,,,,,,latin,local_elections,e0ae2676d62a-dirty,data/goa/2022/list-of-validly-nominated-candidates-pernemvp_2022.pdf,23,page,
goa/gp_ward/2022,8c4f91eed111,Goa|2022|gp_ward|North Goa|Pernem|Torxem|II|,1,Goa,2022,North Goa,Pernem,Torxem,gram_panchayat,II,,gp_ward,ward,NONE,NONE,sc_st_bc,0,Other than Woman,General,all_seats,seat,,,,,,,latin,local_elections,e0ae2676d62a-dirty,data/goa/2022/list-of-validly-nominated-candidates-pernemvp_2022.pdf,23,page,
goa/gp_ward/2022,ce976871b726,Goa|2022|gp_ward|North Goa|Pernem|Torxem|III|,1,Goa,2022,North Goa,Pernem,Torxem,gram_panchayat,III,,gp_ward,ward,NONE,NONE,sc_st_bc,0,Other than Woman,General,all_seats,seat,,,,,,,latin,local_elections,e0ae2676d62a-dirty,data/goa/2022/list-of-validly-nominated-candidates-pernemvp_2022.pdf,24,page,
goa/gp_ward/2022,47648db74e17,Goa|2022|gp_ward|North Goa|Pernem|Torxem|IV|,1,Goa,2022,North Goa,Pernem,Torxem,gram_panchayat,IV,,gp_ward,ward,BC,BC,sc_st_bc,0,BC Other than Woman,OBC,all_seats,seat,,,,,,,latin,local_elections,e0ae2676d62a-dirty,data/goa/2022/list-of-validly-nominated-candidates-pernemvp_2022.pdf,24,page,
goa/gp_ward/2022,71d5e5b932e9,Goa|2022|gp_ward|North Goa|Pernem|Torxem|V|,1,Goa,2022,North Goa,Pernem,Torxem,gram_panchayat,V,,gp_ward,ward,NONE,NONE,sc_st_bc,1,Woman,Women,all_seats,seat,,,,,,,latin,local_elections,e0ae2676d62a-dirty,data/goa/2022/list-of-validly-nominated-candidates-pernemvp_2022.pdf,24,page,
goa/gp_ward/2022,4d69409ecd15,Goa|2022|gp_ward|North Goa|Pernem|Torxem|VI|,1,Goa,2022,North Goa,Pernem,Torxem,gram_panchayat,VI,,gp_ward,ward,NONE,NONE,sc_st_bc,1,Woman,Women,all_seats,seat,,,,,,,latin,local_elections,e0ae2676d62a-dirty,data/goa/2022/list-of-validly-nominated-candidates-pernemvp_2022.pdf,24,page,
goa/gp_ward/2022,2a45c9b1b7a0,Goa|2022|gp_ward|North Goa|Pernem|Torxem|VII|,1,Goa,2022,North Goa,Pernem,Torxem,gram_panchayat,VII,,gp_ward,ward,SC,SC,sc_st_bc,0,SC Other than Woman,SC,all_seats,seat,,,,,,,latin,local_elections,e0ae2676d62a-dirty,data/goa/2022/list-of-validly-nominated-candidates-pernemvp_2022.pdf,24,page,
goa/gp_ward/2022,f98a867b6151,Goa|2022|gp_ward|North Goa|Pernem|Ibrampur- Hankhane|I|,1,Goa,2022,North Goa,Pernem,Ibrampur- Hankhane,gram_panchayat,I,,gp_ward,ward,SC,SC,sc_st_bc,0,SC Other than Woman,SC,all_seats,seat,,,,,,,latin,local_elections,e0ae2676d62a-dirty,data/goa/2022/list-of-validly-nominated-candidates-pernemvp_2022.pdf,24,page,
goa/gp_ward/2022,3ab5d22690ec,Goa|2022|gp_ward|North Goa|Pernem|Ibrampur- Hankhane|II|,1,Goa,2022,North Goa,Pernem,Ibrampur- Hankhane,gram_panchayat,II,,gp_ward,ward,NONE,NONE,sc_st_bc,0,Other than Woman,General,all_seats,seat,,,,,,,latin,local_elections,e0ae2676d62a-dirty,data/goa/2022/list-of-validly-nominated-candidates-pernemvp_2022.pdf,24,page,
goa/gp_ward/2022,979a59ab7d88,Goa|2022|gp_ward|North Goa|Pernem|Ibrampur- Hankhane|III|,1,Goa,2022,North Goa,Pernem,Ibrampur- Hankhane,gram_panchayat,III,,gp_ward,ward,BC,BC,sc_st_bc,0,BC Other than Woman,OBC,all_seats,seat,,,,,,,latin,local_elections,e0ae2676d62a-dirty,data/goa/2022/list-of-validly-nominated-candidates-pernemvp_2022.pdf,25,page,
goa/gp_ward/2022,ceb493e9a717,Goa|2022|gp_ward|North Goa|Pernem|Ibrampur- Hankhane|IV|,1,Goa,2022,North Goa,Pernem,Ibrampur- Hankhane,gram_panchayat,IV,,gp_ward,ward,NONE,NONE,sc_st_bc,0,Other than Woman,General,all_seats,seat,,,,,,,latin,local_elections,e0ae2676d62a-dirty,data/goa/2022/list-of-validly-nominated-candidates-pernemvp_2022.pdf,25,page,
goa/gp_ward/2022,b4bc8c481332,Goa|2022|gp_ward|North Goa|Pernem|Ibrampur- Hankhane|V|,1,Goa,2022,North Goa,Pernem,Ibrampur- Hankhane,gram_panchayat,V,,gp_ward,ward,NONE,NONE,sc_st_bc,1,Woman,Women,all_seats,seat,,,,,,,latin,local_elections,e0ae2676d62a-dirty,data/goa/2022/list-of-validly-nominated-candidates-pernemvp_2022.pdf,25,page,
goa/gp_ward/2022,815e9a86f60f,Goa|2022|gp_ward|North Goa|Pernem|Ibrampur- Hankhane|VI|,1,Goa,2022,North Goa,Pernem,Ibrampur- Hankhane,gram_panchayat,VI,,gp_ward,ward,NONE,NONE,sc_st_bc,1,Woman,Women,all_seats,seat,,,,,,,latin,local_elections,e0ae2676d62a-dirty,data/goa/2022/list-of-validly-nominated-candidates-pernemvp_2022.pdf,25,page,
goa/gp_ward/2022,66e5cd761356,Goa|2022|gp_ward|North Goa|Pernem|Ibrampur- Hankhane|VII|,1,Goa,2022,North Goa,Pernem,Ibrampur- Hankhane,gram_panchayat,VII,,gp_ward,ward,BC,BC,sc_st_bc,1,BC Woman,OBC Women,all_seats,seat,,,,,,,latin,local_elections,e0ae2676d62a-dirty,data/goa/2022/list-of-validly-nominated-candidates-pernemvp_2022.pdf,25,page,
goa/gp_ward/2022,4a482acf18f7,Goa|2022|gp_ward|North Goa|Pernem|Ozarim|I|,1,Goa,2022,North Goa,Pernem,Ozarim,gram_panchayat,I,,gp_ward,ward,NONE,NONE,sc_st_bc,0,Other than Woman,General,all_seats,seat,,,,,,,latin,local_elections,e0ae2676d62a-dirty,data/goa/2022/list-of-validly-nominated-candidates-pernemvp_2022.pdf,25,page,
goa/gp_ward/2022,5411d12ee4a0,Goa|2022|gp_ward|North Goa|Pernem|Ozarim|II|,1,Goa,2022,North Goa,Pernem,Ozarim,gram_panchayat,II,,gp_ward,ward,NONE,NONE,sc_st_bc,0,Other than Woman,General,all_seats,seat,,,,,,,latin,local_elections,e0ae2676d62a-dirty,data/goa/2022/list-of-validly-nominated-candidates-pernemvp_2022.pdf,26,page,
goa/gp_ward/2022,d4ce7dc15309,Goa|2022|gp_ward|North Goa|Pernem|Ozarim|III|,1,Goa,2022,North Goa,Pernem,Ozarim,gram_panchayat,III,,gp_ward,ward,BC,BC,sc_st_bc,0,BC Other than Woman,OBC,all_seats,seat,,,,,,,latin,local_elections,e0ae2676d62a-dirty,data/goa/2022/list-of-validly-nominated-candidates-pernemvp_2022.pdf,26,page,
goa/gp_ward/2022,779e778df61e,Goa|2022|gp_ward|North Goa|Pernem|Ozarim|IV|,1,Goa,2022,North Goa,Pernem,Ozarim,gram_panchayat,IV,,gp_ward,ward,NONE,NONE,sc_st_bc,1,Woman,Women,all_seats,seat,,,,,,,latin,local_elections,e0ae2676d62a-dirty,data/goa/2022/list-of-validly-nominated-candidates-pernemvp_2022.pdf,26,page,
goa/gp_ward/2022,e881a8c921f0,Goa|2022|gp_ward|North Goa|Pernem|Ozarim|V|,1,Goa,2022,North Goa,Pernem,Ozarim,gram_panchayat,V,,gp_ward,ward,BC,BC,sc_st_bc,1,BC Woman,OBC Women,all_seats,seat,,,,,,,latin,local_elections,e0ae2676d62a-dirty,data/goa/2022/list-of-validly-nominated-candidates-pernemvp_2022.pdf,26,page,
goa/gp_ward/2022,7e995e1a9055,Goa|2022|gp_ward|North Goa|Pernem|Varkhand- Nagzar|I|,1,Goa,2022,North Goa,Pernem,Varkhand- Nagzar,gram_panchayat,I,,gp_ward,ward,BC,BC,sc_st_bc,0,BC Other than Woman,OBC,all_seats,seat,,,,,,,latin,local_elections,e0ae2676d62a-dirty,data/goa/2022/list-of-validly-nominated-candidates-pernemvp_2022.pdf,26,page,
goa/gp_ward/2022,31b30b66b615,Goa|2022|gp_ward|North Goa|Pernem|Varkhand- Nagzar|II|,1,Goa,2022,North Goa,Pernem,Varkhand- Nagzar,gram_panchayat,II,,gp_ward,ward,NONE,NONE,sc_st_bc,1,Woman,Women,all_seats,seat,,,,,,,latin,local_elections,e0ae2676d62a-dirty,data/goa/2022/list-of-validly-nominated-candidates-pernemvp_2022.pdf,26,page,
goa/gp_ward/2022,f6684f208048,Goa|2022|gp_ward|North Goa|Pernem|Varkhand- Nagzar|III|,1,Goa,2022,North Goa,Pernem,Varkhand- Nagzar,gram_panchayat,III,,gp_ward,ward,NONE,NONE,sc_st_bc,0,Other than Woman,General,all_seats,seat,,,,,,,latin,local_elections,e0ae2676d62a-dirty,data/goa/2022/list-of-validly-nominated-candidates-pernemvp_2022.pdf,26,page,
goa/gp_ward/2022,0d29c62bc4d3,Goa|2022|gp_ward|North Goa|Pernem|Varkhand- Nagzar|IV|,1,Goa,2022,North Goa,Pernem,Varkhand- Nagzar,gram_panchayat,IV,,gp_ward,ward,NONE,NONE,sc_st_bc,0,Other than Woman,General,all_seats,seat,,,,,,,latin,local_elections,e0ae2676d62a-dirty,data/goa/2022/list-of-validly-nominated-candidates-pernemvp_2022.pdf,27,page,
goa/gp_ward/2022,03cfee6f50d7,Goa|2022|gp_ward|North Goa|Pernem|Varkhand- Nagzar|V|,1,Goa,2022,North Goa,Pernem,Varkhand- Nagzar,gram_panchayat,V,,gp_ward,ward,BC,BC,sc_st_bc,0,BC Other than Woman,OBC,all_seats,seat,,,,,,,latin,local_elections,e0ae2676d62a-dirty,data/goa/2022/list-of-validly-nominated-candidates-pernemvp_2022.pdf,27,page,
goa/gp_ward/2022,dbd699c1379f,Goa|2022|gp_ward|North Goa|Pernem|Varkhand- Nagzar|VI|,1,Goa,2022,North Goa,Pernem,Varkhand- Nagzar,gram_panchayat,VI,,gp_ward,ward,NONE,NONE,sc_st_bc,1,Woman,Women,all_seats,seat,,,,,,,latin,local_elections,e0ae2676d62a-dirty,data/goa/2022/list-of-validly-nominated-candidates-pernemvp_2022.pdf,27,page,
goa/gp_ward/2022,4a57d75d20d2,Goa|2022|gp_ward|North Goa|Pernem|Varkhand- Nagzar|VII|,1,Goa,2022,North Goa,Pernem,Varkhand- Nagzar,gram_panchayat,VII,,gp_ward,ward,BC,BC,sc_st_bc,1,BC Woman,OBC Women,all_seats,seat,,,,,,,latin,local_elections,e0ae2676d62a-dirty,data/goa/2022/list-of-validly-nominated-candidates-pernemvp_2022.pdf,27,page,
goa/gp_ward/2022,22e9f3459cff,Goa|2022|gp_ward|South Goa|Sanguem|Sanvordem|I|,1,Goa,2022,South Goa,Sanguem,Sanvordem,gram_panchayat,I,,gp_ward,ward,BC,BC,sc_st_bc,1,BC Woman,OBC Women,all_seats,seat,,,,,,,latin,local_elections,e0ae2676d62a-dirty,data/goa/2022/list-of-validly-nominated-candidates-sanguemvp_2022.pdf,1,page,
goa/gp_ward/2022,81e5326a3711,Goa|2022|gp_ward|South Goa|Sanguem|Sanvordem|II|,1,Goa,2022,South Goa,Sanguem,Sanvordem,gram_panchayat,II,,gp_ward,ward,NONE,NONE,sc_st_bc,1,Woman,Women,all_seats,seat,,,,,,,latin,local_elections,e0ae2676d62a-dirty,data/goa/2022/list-of-validly-nominated-candidates-sanguemvp_2022.pdf,1,page,
goa/gp_ward/2022,1005a59656e7,Goa|2022|gp_ward|South Goa|Sanguem|Sanvordem|III|,1,Goa,2022,South Goa,Sanguem,Sanvordem,gram_panchayat,III,,gp_ward,ward,NONE,NONE,sc_st_bc,0,Other than Woman,General,all_seats,seat,,,,,,,latin,local_elections,e0ae2676d62a-dirty,data/goa/2022/list-of-validly-nominated-candidates-sanguemvp_2022.pdf,1,page,
goa/gp_ward/2022,9ee84831ed90,Goa|2022|gp_ward|South Goa|Sanguem|Sanvordem|IV|,1,Goa,2022,South Goa,Sanguem,Sanvordem,gram_panchayat,IV,,gp_ward,ward,BC,BC,sc_st_bc,0,BC Other than Woman,OBC,all_seats,seat,,,,,,,latin,local_elections,e0ae2676d62a-dirty,data/goa/2022/list-of-validly-nominated-candidates-sanguemvp_2022.pdf,1,page,
goa/gp_ward/2022,576babd2eeef,Goa|2022|gp_ward|South Goa|Sanguem|Sanvordem|V|,1,Goa,2022,South Goa,Sanguem,Sanvordem,gram_panchayat,V,,gp_ward,ward,NONE,NONE,sc_st_bc,0,Other than Woman,General,all_seats,seat,,,,,,,latin,local_elections,e0ae2676d62a-dirty,data/goa/2022/list-of-validly-nominated-candidates-sanguemvp_2022.pdf,2,page,
goa/gp_ward/2022,2826df038989,Goa|2022|gp_ward|South Goa|Sanguem|Sanvordem|VI|,1,Goa,2022,South Goa,Sanguem,Sanvordem,gram_panchayat,VI,,gp_ward,ward,NONE,NONE,sc_st_bc,1,Woman,Women,all_seats,seat,,,,,,,latin,local_elections,e0ae2676d62a-dirty,data/goa/2022/list-of-validly-nominated-candidates-sanguemvp_2022.pdf,2,page,
goa/gp_ward/2022,2625b76d61bf,Goa|2022|gp_ward|South Goa|Sanguem|Sanvordem|VII|,1,Goa,2022,South Goa,Sanguem,Sanvordem,gram_panchayat,VII,,gp_ward,ward,NONE,NONE,sc_st_bc,0,Other than Woman,General,all_seats,seat,,,,,,,latin,local_elections,e0ae2676d62a-dirty,data/goa/2022/list-of-validly-nominated-candidates-sanguemvp_2022.pdf,2,page,
goa/gp_ward/2022,efe30b4010c4,Goa|2022|gp_ward|South Goa|Sanguem|Sanvordem|VIII|,1,Goa,2022,South Goa,Sanguem,Sanvordem,gram_panchayat,VIII,,gp_ward,ward,NONE,NONE,sc_st_bc,0,Other than Woman,General,all_seats,seat,,,,,,,latin,local_elections,e0ae2676d62a-dirty,data/goa/2022/list-of-validly-nominated-candidates-sanguemvp_2022.pdf,2,page,
goa/gp_ward/2022,20a530e21799,Goa|2022|gp_ward|South Goa|Sanguem|Sanvordem|IX|,1,Goa,2022,South Goa,Sanguem,Sanvordem,gram_panchayat,IX,,gp_ward,ward,BC,BC,sc_st_bc,0,BC Other than Woman,OBC,all_seats,seat,,,,,,,latin,local_elections,e0ae2676d62a-dirty,data/goa/2022/list-of-validly-nominated-candidates-sanguemvp_2022.pdf,3,page,
goa/gp_ward/2022,f1d877816259,Goa|2022|gp_ward|South Goa|Sanguem|Calem|I|,1,Goa,2022,South Goa,Sanguem,Calem,gram_panchayat,I,,gp_ward,ward,ST,ST,sc_st_bc,0,ST Other than Woman,ST,all_seats,seat,,,,,,,latin,local_elections,e0ae2676d62a-dirty,data/goa/2022/list-of-validly-nominated-candidates-sanguemvp_2022.pdf,3,page,
goa/gp_ward/2022,9329db6692d6,Goa|2022|gp_ward|South Goa|Sanguem|Calem|II|,1,Goa,2022,South Goa,Sanguem,Calem,gram_panchayat,II,,gp_ward,ward,BC,BC,sc_st_bc,0,BC Other than Woman,OBC,all_seats,seat,,,,,,,latin,local_elections,e0ae2676d62a-dirty,data/goa/2022/list-of-validly-nominated-candidates-sanguemvp_2022.pdf,3,page,
goa/gp_ward/2022,e1d0e9a6929a,Goa|2022|gp_ward|South Goa|Sanguem|Calem|III|,1,Goa,2022,South Goa,Sanguem,Calem,gram_panchayat,III,,gp_ward,ward,NONE,NONE,sc_st_bc,0,Other than Woman,General,all_seats,seat,,,,,,,latin,local_elections,e0ae2676d62a-dirty,data/goa/2022/list-of-validly-nominated-candidates-sanguemvp_2022.pdf,3,page,
goa/gp_ward/2022,95b49b64f852,Goa|2022|gp_ward|South Goa|Sanguem|Calem|IV|,1,Goa,2022,South Goa,Sanguem,Calem,gram_panchayat,IV,,gp_ward,ward,NONE,NONE,sc_st_bc,0,Other than Woman,General,all_seats,seat,,,,,,,latin,local_elections,e0ae2676d62a-dirty,data/goa/2022/list-of-validly-nominated-candidates-sanguemvp_2022.pdf,3,page,
goa/gp_ward/2022,7c86088981e7,Goa|2022|gp_ward|South Goa|Sanguem|Calem|V|,1,Goa,2022,South Goa,Sanguem,Calem,gram_panchayat,V,,gp_ward,ward,BC,BC,sc_st_bc,1,BC Woman,OBC Women,all_seats,seat,,,,,,,latin,local_elections,e0ae2676d62a-dirty,data/goa/2022/list-of-validly-nominated-candidates-sanguemvp_2022.pdf,4,page,
goa/gp_ward/2022,63c722a97546,Goa|2022|gp_ward|South Goa|Sanguem|Calem|VI|,1,Goa,2022,South Goa,Sanguem,Calem,gram_panchayat,VI,,gp_ward,ward,NONE,NONE,sc_st_bc,1,Woman,Women,all_seats,seat,,,,,,,latin,local_elections,e0ae2676d62a-dirty,data/goa/2022/list-of-validly-nominated-candidates-sanguemvp_2022.pdf,4,page,
goa/gp_ward/2022,23b2e339f824,Goa|2022|gp_ward|South Goa|Sanguem|Calem|VII|,1,Goa,2022,South Goa,Sanguem,Calem,gram_panchayat,VII,,gp_ward,ward,NONE,NONE,sc_st_bc,1,Woman,Women,all_seats,seat,,,,,,,latin,local_elections,e0ae2676d62a-dirty,data/goa/2022/list-of-validly-nominated-candidates-sanguemvp_2022.pdf,4,page,
goa/gp_ward/2022,270714601bd2,Goa|2022|gp_ward|South Goa|Sanguem|Rivona|I|,1,Goa,2022,South Goa,Sanguem,Rivona,gram_panchayat,I,,gp_ward,ward,ST,ST,sc_st_bc,1,ST Woman,ST Women,all_seats,seat,,,,,,,latin,local_elections,e0ae2676d62a-dirty,data/goa/2022/list-of-validly-nominated-candidates-sanguemvp_2022.pdf,4,page,
goa/gp_ward/2022,6a437fb68334,Goa|2022|gp_ward|South Goa|Sanguem|Rivona|II|,1,Goa,2022,South Goa,Sanguem,Rivona,gram_panchayat,II,,gp_ward,ward,NONE,NONE,sc_st_bc,1,Woman,Women,all_seats,seat,,,,,,,latin,local_elections,e0ae2676d62a-dirty,data/goa/2022/list-of-validly-nominated-candidates-sanguemvp_2022.pdf,4,page,
goa/gp_ward/2022,c82b86899df0,Goa|2022|gp_ward|South Goa|Sanguem|Rivona|III|,1,Goa,2022,South Goa,Sanguem,Rivona,gram_panchayat,III,,gp_ward,ward,ST,ST,sc_st_bc,0,ST Other than Woman,ST,all_seats,seat,,,,,,,latin,local_elections,e0ae2676d62a-dirty,data/goa/2022/list-of-validly-nominated-candidates-sanguemvp_2022.pdf,4,page,
goa/gp_ward/2022,8e743537f4f4,Goa|2022|gp_ward|South Goa|Sanguem|Rivona|IV|,1,Goa,2022,South Goa,Sanguem,Rivona,gram_panchayat,IV,,gp_ward,ward,NONE,NONE,sc_st_bc,0,Other than Woman,General,all_seats,seat,,,,,,,latin,local_elections,e0ae2676d62a-dirty,data/goa/2022/list-of-validly-nominated-candidates-sanguemvp_2022.pdf,4,page,
goa/gp_ward/2022,e34e6a25b412,Goa|2022|gp_ward|South Goa|Sanguem|Rivona|V|,1,Goa,2022,South Goa,Sanguem,Rivona,gram_panchayat,V,,gp_ward,ward,ST,ST,sc_st_bc,0,ST Other than Woman,ST,all_seats,seat,,,,,,,latin,local_elections,e0ae2676d62a-dirty,data/goa/2022/list-of-validly-nominated-candidates-sanguemvp_2022.pdf,5,page,
goa/gp_ward/2022,4d70d169d3d2,Goa|2022|gp_ward|South Goa|Sanguem|Rivona|VI|,1,Goa,2022,South Goa,Sanguem,Rivona,gram_panchayat,VI,,gp_ward,ward,NONE,NONE,sc_st_bc,0,Other than Woman,General,all_seats,seat,,,,,,,latin,local_elections,e0ae2676d62a-dirty,data/goa/2022/list-of-validly-nominated-candidates-sanguemvp_2022.pdf,5,page,
goa/gp_ward/2022,55f5081eca07,Goa|2022|gp_ward|South Goa|Sanguem|Rivona|VII|,1,Goa,2022,South Goa,Sanguem,Rivona,gram_panchayat,VII,,gp_ward,ward,NONE,NONE,sc_st_bc,0,Other than Woman,General,all_seats,seat,,,,,,,latin,local_elections,e0ae2676d62a-dirty,data/goa/2022/list-of-validly-nominated-candidates-sanguemvp_2022.pdf,5,page,
goa/gp_ward/2022,2106a97f9af4,Goa|2022|gp_ward|South Goa|Sanguem|Rivona|VIII|,1,Goa,2022,South Goa,Sanguem,Rivona,gram_panchayat,VIII,,gp_ward,ward,BC,BC,sc_st_bc,0,BC Other than Woman,OBC,all_seats,seat,,,,,,,latin,local_elections,e0ae2676d62a-dirty,data/goa/2022/list-of-validly-nominated-candidates-sanguemvp_2022.pdf,5,page,
goa/gp_ward/2022,286a6875def9,Goa|2022|gp_ward|South Goa|Sanguem|Rivona|IX|,1,Goa,2022,South Goa,Sanguem,Rivona,gram_panchayat,IX,,gp_ward,ward,NONE,NONE,sc_st_bc,1,Woman,Women,all_seats,seat,,,,,,,latin,local_elections,e0ae2676d62a-dirty,data/goa/2022/list-of-validly-nominated-candidates-sanguemvp_2022.pdf,5,page,
goa/gp_ward/2022,9303a9af1c98,Goa|2022|gp_ward|South Goa|Sanguem|Uguem|I|,1,Goa,2022,South Goa,Sanguem,Uguem,gram_panchayat,I,,gp_ward,ward,BC,BC,sc_st_bc,0,BC Other than Woman,OBC,all_seats,seat,,,,,,,latin,local_elections,e0ae2676d62a-dirty,data/goa/2022/list-of-validly-nominated-candidates-sanguemvp_2022.pdf,6,page,
goa/gp_ward/2022,6631d20f5ffc,Goa|2022|gp_ward|South Goa|Sanguem|Uguem|II|,1,Goa,2022,South Goa,Sanguem,Uguem,gram_panchayat,II,,gp_ward,ward,NONE,NONE,sc_st_bc,1,Woman,Women,all_seats,seat,,,,,,,latin,local_elections,e0ae2676d62a-dirty,data/goa/2022/list-of-validly-nominated-candidates-sanguemvp_2022.pdf,6,page,
goa/gp_ward/2022,e22c766a3db0,Goa|2022|gp_ward|South Goa|Sanguem|Uguem|III|,1,Goa,2022,South Goa,Sanguem,Uguem,gram_panchayat,III,,gp_ward,ward,NONE,NONE,sc_st_bc,0,Other than Woman,General,all_seats,seat,,,,,,,latin,local_elections,e0ae2676d62a-dirty,data/goa/2022/list-of-validly-nominated-candidates-sanguemvp_2022.pdf,6,page,
goa/gp_ward/2022,41efe55f1f7e,Goa|2022|gp_ward|South Goa|Sanguem|Uguem|IV|,1,Goa,2022,South Goa,Sanguem,Uguem,gram_panchayat,IV,,gp_ward,ward,NONE,NONE,sc_st_bc,0,Other than Woman,General,all_seats,seat,,,,,,,latin,local_elections,e0ae2676d62a-dirty,data/goa/2022/list-of-validly-nominated-candidates-sanguemvp_2022.pdf,6,page,
goa/gp_ward/2022,8a4615a0a667,Goa|2022|gp_ward|South Goa|Sanguem|Uguem|V|,1,Goa,2022,South Goa,Sanguem,Uguem,gram_panchayat,V,,gp_ward,ward,BC,BC,sc_st_bc,1,BC Woman,OBC Women,all_seats,seat,,,,,,,latin,local_elections,e0ae2676d62a-dirty,data/goa/2022/list-of-validly-nominated-candidates-sanguemvp_2022.pdf,7,page,
goa/gp_ward/2022,ff3e3b8745f8,Goa|2022|gp_ward|South Goa|Sanguem|Uguem|VI|,1,Goa,2022,South Goa,Sanguem,Uguem,gram_panchayat,VI,,gp_ward,ward,ST,ST,sc_st_bc,0,ST Other than Woman,ST,all_seats,seat,,,,,,,latin,local_elections,e0ae2676d62a-dirty,data/goa/2022/list-of-validly-nominated-candidates-sanguemvp_2022.pdf,7,page,
goa/gp_ward/2022,42f53a39977c,Goa|2022|gp_ward|South Goa|Sanguem|Uguem|VII|,1,Goa,2022,South Goa,Sanguem,Uguem,gram_panchayat,VII,,gp_ward,ward,NONE,NONE,sc_st_bc,1,Woman,Women,all_seats,seat,,,,,,,latin,local_elections,e0ae2676d62a-dirty,data/goa/2022/list-of-validly-nominated-candidates-sanguemvp_2022.pdf,7,page,
goa/gp_ward/2022,ebd74fb670b5,Goa|2022|gp_ward|South Goa|Sanguem|Netorlim|I|,1,Goa,2022,South Goa,Sanguem,Netorlim,gram_panchayat,I,,gp_ward,ward,BC,BC,sc_st_bc,0,BC Other than Woman,OBC,all_seats,seat,,,,,,,latin,local_elections,e0ae2676d62a-dirty,data/goa/2022/list-of-validly-nominated-candidates-sanguemvp_2022.pdf,7,page,
goa/gp_ward/2022,6b4cbac9c7fb,Goa|2022|gp_ward|South Goa|Sanguem|Netorlim|II|,1,Goa,2022,South Goa,Sanguem,Netorlim,gram_panchayat,II,,gp_ward,ward,NONE,NONE,sc_st_bc,1,Woman,Women,all_seats,seat,,,,,,,latin,local_elections,e0ae2676d62a-dirty,data/goa/2022/list-of-validly-nominated-candidates-sanguemvp_2022.pdf,7,page,
goa/gp_ward/2022,ba5b80c31797,Goa|2022|gp_ward|South Goa|Sanguem|Netorlim|III|,1,Goa,2022,South Goa,Sanguem,Netorlim,gram_panchayat,III,,gp_ward,ward,NONE,NONE,sc_st_bc,0,Other than Woman,General,all_seats,seat,,,,,,,latin,local_elections,e0ae2676d62a-dirty,data/goa/2022/list-of-validly-nominated-candidates-sanguemvp_2022.pdf,7,page,
goa/gp_ward/2022,e96e8c467f75,Goa|2022|gp_ward|South Goa|Sanguem|Netorlim|IV|,1,Goa,2022,South Goa,Sanguem,Netorlim,gram_panchayat,IV,,gp_ward,ward,ST,ST,sc_st_bc,0,ST Other than Woman,ST,all_seats,seat,,,,,,,latin,local_elections,e0ae2676d62a-dirty,data/goa/2022/list-of-validly-nominated-candidates-sanguemvp_2022.pdf,7,page,
goa/gp_ward/2022,4dde80eb4e36,Goa|2022|gp_ward|South Goa|Sanguem|Netorlim|V|,1,Goa,2022,South Goa,Sanguem,Netorlim,gram_panchayat,V,,gp_ward,ward,NONE,NONE,sc_st_bc,1,Woman,Women,all_seats,seat,,,,,,,latin,local_elections,e0ae2676d62a-dirty,data/goa/2022/list-of-validly-nominated-candidates-sanguemvp_2022.pdf,7,page,
goa/gp_ward/2022,be2b11dba188,Goa|2022|gp_ward|South Goa|Sanguem|Netorlim|VI|,1,Goa,2022,South Goa,Sanguem,Netorlim,gram_panchayat,VI,,gp_ward,ward,ST,ST,sc_st_bc,1,ST Woman,ST Women,all_seats,seat,,,,,,,latin,local_elections,e0ae2676d62a-dirty,data/goa/2022/list-of-validly-nominated-candidates-sanguemvp_2022.pdf,7,page,
goa/gp_ward/2022,a0f7db61faa1,Goa|2022|gp_ward|South Goa|Sanguem|Netorlim|VII|,1,Goa,2022,South Goa,Sanguem,Netorlim,gram_panchayat,VII,,gp_ward,ward,NONE,NONE,sc_st_bc,0,Other than Woman,General,all_seats,seat,,,,,,,latin,local_elections,e0ae2676d62a-dirty,data/goa/2022/list-of-validly-nominated-candidates-sanguemvp_2022.pdf,8,page,
goa/gp_ward/2022,e44b7a0db27b,Goa|2022|gp_ward|South Goa|Sanguem|Curdi- Vaddem|I|,1,Goa,2022,South Goa,Sanguem,Curdi- Vaddem,gram_panchayat,I,,gp_ward,ward,ST,ST,sc_st_bc,0,ST Other than Woman,ST,all_seats,seat,,,,,,,latin,local_elections,e0ae2676d62a-dirty,data/goa/2022/list-of-validly-nominated-candidates-sanguemvp_2022.pdf,8,page,
goa/gp_ward/2022,807c64352782,Goa|2022|gp_ward|South Goa|Sanguem|Curdi- Vaddem|II|,1,Goa,2022,South Goa,Sanguem,Curdi- Vaddem,gram_panchayat,II,,gp_ward,ward,ST,ST,sc_st_bc,1,ST Woman,ST Women,all_seats,seat,,,,,,,latin,local_elections,e0ae2676d62a-dirty,data/goa/2022/list-of-validly-nominated-candidates-sanguemvp_2022.pdf,8,page,
goa/gp_ward/2022,bcd09ec7ad71,Goa|2022|gp_ward|South Goa|Sanguem|Curdi- Vaddem|III|,1,Goa,2022,South Goa,Sanguem,Curdi- Vaddem,gram_panchayat,III,,gp_ward,ward,NONE,NONE,sc_st_bc,0,Other than Woman,General,all_seats,seat,,,,,,,latin,local_elections,e0ae2676d62a-dirty,data/goa/2022/list-of-validly-nominated-candidates-sanguemvp_2022.pdf,8,page,
goa/gp_ward/2022,f53dd3da470e,Goa|2022|gp_ward|South Goa|Sanguem|Curdi- Vaddem|IV|,1,Goa,2022,South Goa,Sanguem,Curdi- Vaddem,gram_panchayat,IV,,gp_ward,ward,NONE,NONE,sc_st_bc,0,Other than Woman,General,all_seats,seat,,,,,,,latin,local_elections,e0ae2676d62a-dirty,data/goa/2022/list-of-validly-nominated-candidates-sanguemvp_2022.pdf,8,page,
goa/gp_ward/2022,2ae6e1ad4ad8,Goa|2022|gp_ward|South Goa|Sanguem|Curdi- Vaddem|V|,1,Goa,2022,South Goa,Sanguem,Curdi- Vaddem,gram_panchayat,V,,gp_ward,ward,NONE,NONE,sc_st_bc,1,Woman,Women,all_seats,seat,,,,,,,latin,local_elections,e0ae2676d62a-dirty,data/goa/2022/list-of-validly-nominated-candidates-sanguemvp_2022.pdf,9,page,
goa/gp_ward/2022,20a326dc375b,Goa|2022|gp_ward|South Goa|Sanguem|Curdi- Vaddem|VI|,1,Goa,2022,South Goa,Sanguem,Curdi- Vaddem,gram_panchayat,VI,,gp_ward,ward,NONE,NONE,sc_st_bc,1,Woman,Women,all_seats,seat,,,,,,,latin,local_elections,e0ae2676d62a-dirty,data/goa/2022/list-of-validly-nominated-candidates-sanguemvp_2022.pdf,9,page,
goa/gp_ward/2022,6cd047b2fa39,Goa|2022|gp_ward|South Goa|Sanguem|Curdi- Vaddem|VII|,1,Goa,2022,South Goa,Sanguem,Curdi- Vaddem,gram_panchayat,VII,,gp_ward,ward,BC,BC,sc_st_bc,0,BC Other than Woman,OBC,all_seats,seat,,,,,,,latin,local_elections,e0ae2676d62a-dirty,data/goa/2022/list-of-validly-nominated-candidates-sanguemvp_2022.pdf,9,page,
goa/gp_ward/2022,3892d3ee0332,Goa|2022|gp_ward|South Goa|Sanguem|Bhati|I|,1,Goa,2022,South Goa,Sanguem,Bhati,gram_panchayat,I,,gp_ward,ward,NONE,NONE,sc_st_bc,1,Woman,Women,all_seats,seat,,,,,,,latin,local_elections,e0ae2676d62a-dirty,data/goa/2022/list-of-validly-nominated-candidates-sanguemvp_2022.pdf,9,page,
goa/gp_ward/2022,3ecae5146025,Goa|2022|gp_ward|South Goa|Sanguem|Bhati|II|,1,Goa,2022,South Goa,Sanguem,Bhati,gram_panchayat,II,,gp_ward,ward,BC,BC,sc_st_bc,0,BC Other than Woman,OBC,all_seats,seat,,,,,,,latin,local_elections,e0ae2676d62a-dirty,data/goa/2022/list-of-validly-nominated-candidates-sanguemvp_2022.pdf,9,page,
goa/gp_ward/2022,86d345f18e93,Goa|2022|gp_ward|South Goa|Sanguem|Bhati|III|,1,Goa,2022,South Goa,Sanguem,Bhati,gram_panchayat,III,,gp_ward,ward,NONE,NONE,sc_st_bc,0,Other than Woman,General,all_seats,seat,,,,,,,latin,local_elections,e0ae2676d62a-dirty,data/goa/2022/list-of-validly-nominated-candidates-sanguemvp_2022.pdf,10,page,
goa/gp_ward/2022,83712c975b89,Goa|2022|gp_ward|South Goa|Sanguem|Bhati|IV|,1,Goa,2022,South Goa,Sanguem,Bhati,gram_panchayat,IV,,gp_ward,ward,NONE,NONE,sc_st_bc,0,Other than Woman,General,all_seats,seat,,,,,,,latin,local_elections,e0ae2676d62a-dirty,data/goa/2022/list-of-validly-nominated-candidates-sanguemvp_2022.pdf,10,page,
goa/gp_ward/2022,9fa88be48ff7,Goa|2022|gp_ward|South Goa|Sanguem|Bhati|V|,1,Goa,2022,South Goa,Sanguem,Bhati,gram_panchayat,V,,gp_ward,ward,ST,ST,sc_st_bc,1,ST Woman,ST Women,all_seats,seat,,,,,,,latin,local_elections,e0ae2676d62a-dirty,data/goa/2022/list-of-validly-nominated-candidates-sanguemvp_2022.pdf,10,page,
goa/gp_ward/2022,7967d7c9b8b0,Goa|2022|gp_ward|South Goa|Sanguem|Bhati|VI|,1,Goa,2022,South Goa,Sanguem,Bhati,gram_panchayat,VI,,gp_ward,ward,NONE,NONE,sc_st_bc,1,Woman,Women,all_seats,seat,,,,,,,latin,local_elections,e0ae2676d62a-dirty,data/goa/2022/list-of-validly-nominated-candidates-sanguemvp_2022.pdf,10,page,
goa/gp_ward/2022,a226dc621b68,Goa|2022|gp_ward|South Goa|Sanguem|Bhati|VII|,1,Goa,2022,South Goa,Sanguem,Bhati,gram_panchayat,VII,,gp_ward,ward,ST,ST,sc_st_bc,0,ST Other than Woman,ST,all_seats,seat,,,,,,,latin,local_elections,e0ae2676d62a-dirty,data/goa/2022/list-of-validly-nominated-candidates-sanguemvp_2022.pdf,10,page,
goa/gp_ward/2022,a5ed3f3de751,Goa|2022|gp_ward|North Goa|Sattari|Honda|I|,1,Goa,2022,North Goa,Sattari,Honda,gram_panchayat,I,,gp_ward,ward,NONE,NONE,sc_st_bc,0,Other than Woman,General,all_seats,seat,,,,,,,latin,local_elections,e0ae2676d62a-dirty,data/goa/2022/list-of-validly-nominated-candidates-sattarivp_2022.pdf,1,page,
goa/gp_ward/2022,2de35be4c739,Goa|2022|gp_ward|North Goa|Sattari|Honda|II|,1,Goa,2022,North Goa,Sattari,Honda,gram_panchayat,II,,gp_ward,ward,NONE,NONE,sc_st_bc,0,Other than Woman,General,all_seats,seat,,,,,,,latin,local_elections,e0ae2676d62a-dirty,data/goa/2022/list-of-validly-nominated-candidates-sattarivp_2022.pdf,1,page,
goa/gp_ward/2022,36916bb86ff4,Goa|2022|gp_ward|North Goa|Sattari|Honda|III|,1,Goa,2022,North Goa,Sattari,Honda,gram_panchayat,III,,gp_ward,ward,ST,ST,sc_st_bc,0,ST Other than Woman,ST,all_seats,seat,,,,,,,latin,local_elections,e0ae2676d62a-dirty,data/goa/2022/list-of-validly-nominated-candidates-sattarivp_2022.pdf,1,page,
goa/gp_ward/2022,4c4e30e1ae94,Goa|2022|gp_ward|North Goa|Sattari|Honda|IV|,1,Goa,2022,North Goa,Sattari,Honda,gram_panchayat,IV,,gp_ward,ward,NONE,NONE,sc_st_bc,0,Other than Woman,General,all_seats,seat,,,,,,,latin,local_elections,e0ae2676d62a-dirty,data/goa/2022/list-of-validly-nominated-candidates-sattarivp_2022.pdf,1,page,
goa/gp_ward/2022,4b6419195201,Goa|2022|gp_ward|North Goa|Sattari|Honda|V|,1,Goa,2022,North Goa,Sattari,Honda,gram_panchayat,V,,gp_ward,ward,NONE,NONE,sc_st_bc,0,Other than Woman,General,all_seats,seat,,,,,,,latin,local_elections,e0ae2676d62a-dirty,data/goa/2022/list-of-validly-nominated-candidates-sattarivp_2022.pdf,2,page,
goa/gp_ward/2022,515de0c6ccb4,Goa|2022|gp_ward|North Goa|Sattari|Honda|VI|,1,Goa,2022,North Goa,Sattari,Honda,gram_panchayat,VI,,gp_ward,ward,NONE,NONE,sc_st_bc,1,Woman,Women,all_seats,seat,,,,,,,latin,local_elections,e0ae2676d62a-dirty,data/goa/2022/list-of-validly-nominated-candidates-sattarivp_2022.pdf,2,page,
goa/gp_ward/2022,35707bdb0525,Goa|2022|gp_ward|North Goa|Sattari|Honda|VII|,1,Goa,2022,North Goa,Sattari,Honda,gram_panchayat,VII,,gp_ward,ward,BC,BC,sc_st_bc,0,BC Other than Woman,OBC,all_seats,seat,,,,,,,latin,local_elections,e0ae2676d62a-dirty,data/goa/2022/list-of-validly-nominated-candidates-sattarivp_2022.pdf,2,page,
goa/gp_ward/2022,215c7014704d,Goa|2022|gp_ward|North Goa|Sattari|Honda|VIII|,1,Goa,2022,North Goa,Sattari,Honda,gram_panchayat,VIII,,gp_ward,ward,NONE,NONE,sc_st_bc,0,Other than Woman,General,all_seats,seat,,,,,,,latin,local_elections,e0ae2676d62a-dirty,data/goa/2022/list-of-validly-nominated-candidates-sattarivp_2022.pdf,2,page,
goa/gp_ward/2022,f9f0371b6b17,Goa|2022|gp_ward|North Goa|Sattari|Honda|IX|,1,Goa,2022,North Goa,Sattari,Honda,gram_panchayat,IX,,gp_ward,ward,NONE,NONE,sc_st_bc,1,Woman,Women,all_seats,seat,,,,,,,latin,local_elections,e0ae2676d62a-dirty,data/goa/2022/list-of-validly-nominated-candidates-sattarivp_2022.pdf,3,page,
goa/gp_ward/2022,7655f6fe94d2,Goa|2022|gp_ward|North Goa|Sattari|Honda|X|,1,Goa,2022,North Goa,Sattari,Honda,gram_panchayat,X,,gp_ward,ward,BC,BC,sc_st_bc,1,BC Woman,OBC Women,all_seats,seat,,,,,,,latin,local_elections,e0ae2676d62a-dirty,data/goa/2022/list-of-validly-nominated-candidates-sattarivp_2022.pdf,3,page,
goa/gp_ward/2022,ea79efd557e3,Goa|2022|gp_ward|North Goa|Sattari|Honda|XI|,1,Goa,2022,North Goa,Sattari,Honda,gram_panchayat,XI,,gp_ward,ward,NONE,NONE,sc_st_bc,1,Woman,Women,all_seats,seat,,,,,,,latin,local_elections,e0ae2676d62a-dirty,data/goa/2022/list-of-validly-nominated-candidates-sattarivp_2022.pdf,3,page,
goa/gp_ward/2022,caef7ab1155e,Goa|2022|gp_ward|North Goa|Sattari|Poriem|I|,1,Goa,2022,North Goa,Sattari,Poriem,gram_panchayat,I,,gp_ward,ward,NONE,NONE,sc_st_bc,0,Other than Woman,General,all_seats,seat,,,,,,,latin,local_elections,e0ae2676d62a-dirty,data/goa/2022/list-of-validly-nominated-candidates-sattarivp_2022.pdf,3,page,
goa/gp_ward/2022,12a512b96d9e,Goa|2022|gp_ward|North Goa|Sattari|Poriem|II|,1,Goa,2022,North Goa,Sattari,Poriem,gram_panchayat,II,,gp_ward,ward,BC,BC,sc_st_bc,1,BC Woman,OBC Women,all_seats,seat,,,,,,,latin,local_elections,e0ae2676d62a-dirty,data/goa/2022/list-of-validly-nominated-candidates-sattarivp_2022.pdf,3,page,
goa/gp_ward/2022,bea5e8f79473,Goa|2022|gp_ward|North Goa|Sattari|Poriem|III|,1,Goa,2022,North Goa,Sattari,Poriem,gram_panchayat,III,,gp_ward,ward,NONE,NONE,sc_st_bc,0,Other than Woman,General,all_seats,seat,,,,,,,latin,local_elections,e0ae2676d62a-dirty,data/goa/2022/list-of-validly-nominated-candidates-sattarivp_2022.pdf,4,page,
goa/gp_ward/2022,46899a6223d2,Goa|2022|gp_ward|North Goa|Sattari|Poriem|IV|,1,Goa,2022,North Goa,Sattari,Poriem,gram_panchayat,IV,,gp_ward,ward,NONE,NONE,sc_st_bc,1,Woman,Women,all_seats,seat,,,,,,,latin,local_elections,e0ae2676d62a-dirty,data/goa/2022/list-of-validly-nominated-candidates-sattarivp_2022.pdf,4,page,
goa/gp_ward/2022,12b7abb780de,Goa|2022|gp_ward|North Goa|Sattari|Poriem|V|,1,Goa,2022,North Goa,Sattari,Poriem,gram_panchayat,V,,gp_ward,ward,NONE,NONE,sc_st_bc,0,Other than Woman,General,all_seats,seat,,,,,,,latin,local_elections,e0ae2676d62a-dirty,data/goa/2022/list-of-validly-nominated-candidates-sattarivp_2022.pdf,4,page,
goa/gp_ward/2022,8d7417c95301,Goa|2022|gp_ward|North Goa|Sattari|Poriem|VI|,1,Goa,2022,North Goa,Sattari,Poriem,gram_panchayat,VI,,gp_ward,ward,NONE,NONE,sc_st_bc,1,Woman,Women,all_seats,seat,,,,,,,latin,local_elections,e0ae2676d62a-dirty,data/goa/2022/list-of-validly-nominated-candidates-sattarivp_2022.pdf,4,page,
goa/gp_ward/2022,2cbccbd1d744,Goa|2022|gp_ward|North Goa|Sattari|Poriem|VII|,1,Goa,2022,North Goa,Sattari,Poriem,gram_panchayat,VII,,gp_ward,ward,BC,BC,sc_st_bc,0,BC Other than Woman,OBC,all_seats,seat,,,,,,,latin,local_elections,e0ae2676d62a-dirty,data/goa/2022/list-of-validly-nominated-candidates-sattarivp_2022.pdf,4,page,
goa/gp_ward/2022,4cebafa4be5c,Goa|2022|gp_ward|North Goa|Sattari|Poriem|VIII|,1,Goa,2022,North Goa,Sattari,Poriem,gram_panchayat,VIII,,gp_ward,ward,NONE,NONE,sc_st_bc,0,Other than Woman,General,all_seats,seat,,,,,,,latin,local_elections,e0ae2676d62a-dirty,data/goa/2022/list-of-validly-nominated-candidates-sattarivp_2022.pdf,5,page,
goa/gp_ward/2022,89417147b0bd,Goa|2022|gp_ward|North Goa|Sattari|Poriem|IX|,1,Goa,2022,North Goa,Sattari,Poriem,gram_panchayat,IX,,gp_ward,ward,NONE,NONE,sc_st_bc,0,Other than Woman,General,all_seats,seat,,,,,,,latin,local_elections,e0ae2676d62a-dirty,data/goa/2022/list-of-validly-nominated-candidates-sattarivp_2022.pdf,5,page,
goa/gp_ward/2022,b757062e4661,Goa|2022|gp_ward|North Goa|Sattari|Pissurlem|I|,1,Goa,2022,North Goa,Sattari,Pissurlem,gram_panchayat,I,,gp_ward,ward,NONE,NONE,sc_st_bc,1,Woman,Women,all_seats,seat,,,,,,,latin,local_elections,e0ae2676d62a-dirty,data/goa/2022/list-of-validly-nominated-candidates-sattarivp_2022.pdf,5,page,
goa/gp_ward/2022,987c72cf8a3f,Goa|2022|gp_ward|North Goa|Sattari|Pissurlem|II|,1,Goa,2022,North Goa,Sattari,Pissurlem,gram_panchayat,II,,gp_ward,ward,NONE,NONE,sc_st_bc,1,Woman,Women,all_seats,seat,,,,,,,latin,local_elections,e0ae2676d62a-dirty,data/goa/2022/list-of-validly-nominated-candidates-sattarivp_2022.pdf,5,page,
goa/gp_ward/2022,2a955850b59a,Goa|2022|gp_ward|North Goa|Sattari|Pissurlem|III|,1,Goa,2022,North Goa,Sattari,Pissurlem,gram_panchayat,III,,gp_ward,ward,NONE,NONE,sc_st_bc,0,Other than Woman,General,all_seats,seat,,,,,,,latin,local_elections,e0ae2676d62a-dirty,data/goa/2022/list-of-validly-nominated-candidates-sattarivp_2022.pdf,5,page,
goa/gp_ward/2022,9dc0eecad629,Goa|2022|gp_ward|North Goa|Sattari|Pissurlem|IV|,1,Goa,2022,North Goa,Sattari,Pissurlem,gram_panchayat,IV,,gp_ward,ward,NONE,NONE,sc_st_bc,0,Other than Woman,General,all_seats,seat,,,,,,,latin,local_elections,e0ae2676d62a-dirty,data/goa/2022/list-of-validly-nominated-candidates-sattarivp_2022.pdf,5,page,
goa/gp_ward/2022,e28082fb7977,Goa|2022|gp_ward|North Goa|Sattari|Pissurlem|V|,1,Goa,2022,North Goa,Sattari,Pissurlem,gram_panchayat,V,,gp_ward,ward,ST,ST,sc_st_bc,1,ST Woman,ST Women,all_seats,seat,,,,,,,latin,local_elections,e0ae2676d62a-dirty,data/goa/2022/list-of-validly-nominated-candidates-sattarivp_2022.pdf,6,page,
goa/gp_ward/2022,9e75171f6452,Goa|2022|gp_ward|North Goa|Sattari|Pissurlem|VI|,1,Goa,2022,North Goa,Sattari,Pissurlem,gram_panchayat,VI,,gp_ward,ward,ST,ST,sc_st_bc,0,ST Other than Woman,ST,all_seats,seat,,,,,,,latin,local_elections,e0ae2676d62a-dirty,data/goa/2022/list-of-validly-nominated-candidates-sattarivp_2022.pdf,6,page,
goa/gp_ward/2022,827d85279839,Goa|2022|gp_ward|North Goa|Sattari|Pissurlem|VII|,1,Goa,2022,North Goa,Sattari,Pissurlem,gram_panchayat,VII,,gp_ward,ward,BC,BC,sc_st_bc,0,BC Other than Woman,OBC,all_seats,seat,,,,,,,latin,local_elections,e0ae2676d62a-dirty,data/goa/2022/list-of-validly-nominated-candidates-sattarivp_2022.pdf,6,page,
goa/gp_ward/2022,3e7adefb5054,Goa|2022|gp_ward|North Goa|Sattari|Querim|I|,1,Goa,2022,North Goa,Sattari,Querim,gram_panchayat,I,,gp_ward,ward,NONE,NONE,sc_st_bc,1,Woman,Women,all_seats,seat,,,,,,,latin,local_elections,e0ae2676d62a-dirty,data/goa/2022/list-of-validly-nominated-candidates-sattarivp_2022.pdf,6,page,
goa/gp_ward/2022,6474442d8d01,Goa|2022|gp_ward|North Goa|Sattari|Querim|II|,1,Goa,2022,North Goa,Sattari,Querim,gram_panchayat,II,,gp_ward,ward,BC,BC,sc_st_bc,0,BC Other than Woman,OBC,all_seats,seat,,,,,,,latin,local_elections,e0ae2676d62a-dirty,data/goa/2022/list-of-validly-nominated-candidates-sattarivp_2022.pdf,6,page,
goa/gp_ward/2022,53347986fb5f,Goa|2022|gp_ward|North Goa|Sattari|Querim|III|,1,Goa,2022,North Goa,Sattari,Querim,gram_panchayat,III,,gp_ward,ward,NONE,NONE,sc_st_bc,0,Other than Woman,General,all_seats,seat,,,,,,,latin,local_elections,e0ae2676d62a-dirty,data/goa/2022/list-of-validly-nominated-candidates-sattarivp_2022.pdf,6,page,
goa/gp_ward/2022,df50cdbc8a0d,Goa|2022|gp_ward|North Goa|Sattari|Querim|IV|,1,Goa,2022,North Goa,Sattari,Querim,gram_panchayat,IV,,gp_ward,ward,NONE,NONE,sc_st_bc,0,Other than Woman,General,all_seats,seat,,,,,,,latin,local_elections,e0ae2676d62a-dirty,data/goa/2022/list-of-validly-nominated-candidates-sattarivp_2022.pdf,6,page,
goa/gp_ward/2022,034f9d537538,Goa|2022|gp_ward|North Goa|Sattari|Querim|V|,1,Goa,2022,North Goa,Sattari,Querim,gram_panchayat,V,,gp_ward,ward,NONE,NONE,sc_st_bc,0,Other than Woman,General,all_seats,seat,,,,,,,latin,local_elections,e0ae2676d62a-dirty,data/goa/2022/list-of-validly-nominated-candidates-sattarivp_2022.pdf,7,page,
goa/gp_ward/2022,31c88e0c8499,Goa|2022|gp_ward|North Goa|Sattari|Querim|VI|,1,Goa,2022,North Goa,Sattari,Querim,gram_panchayat,VI,,gp_ward,ward,NONE,NONE,sc_st_bc,1,Woman,Women,all_seats,seat,,,,,,,latin,local_elections,e0ae2676d62a-dirty,data/goa/2022/list-of-validly-nominated-candidates-sattarivp_2022.pdf,7,page,
goa/gp_ward/2022,e03cd9896397,Goa|2022|gp_ward|North Goa|Sattari|Querim|VII|,1,Goa,2022,North Goa,Sattari,Querim,gram_panchayat,VII,,gp_ward,ward,NONE,NONE,sc_st_bc,0,Other than Woman,General,all_seats,seat,,,,,,,latin,local_elections,e0ae2676d62a-dirty,data/goa/2022/list-of-validly-nominated-candidates-sattarivp_2022.pdf,7,page,
goa/gp_ward/2022,84a0123c0770,Goa|2022|gp_ward|North Goa|Sattari|Querim|VIII|,1,Goa,2022,North Goa,Sattari,Querim,gram_panchayat,VIII,,gp_ward,ward,NONE,NONE,sc_st_bc,0,Other than Woman,General,all_seats,seat,,,,,,,latin,local_elections,e0ae2676d62a-dirty,data/goa/2022/list-of-validly-nominated-candidates-sattarivp_2022.pdf,7,page,
goa/gp_ward/2022,a6424f75f0e0,Goa|2022|gp_ward|North Goa|Sattari|Querim|IX|,1,Goa,2022,North Goa,Sattari,Querim,gram_panchayat,IX,,gp_ward,ward,NONE,NONE,sc_st_bc,1,Woman,Women,all_seats,seat,,,,,,,latin,local_elections,e0ae2676d62a-dirty,data/goa/2022/list-of-validly-nominated-candidates-sattarivp_2022.pdf,7,page,
goa/gp_ward/2022,1007c427196d,Goa|2022|gp_ward|North Goa|Sattari|Dongurli- Thane|I|,1,Goa,2022,North Goa,Sattari,Dongurli- Thane,gram_panchayat,I,,gp_ward,ward,SC,SC,sc_st_bc,0,SC Other than Woman,SC,all_seats,seat,,,,,,,latin,local_elections,e0ae2676d62a-dirty,data/goa/2022/list-of-validly-nominated-candidates-sattarivp_2022.pdf,7,page,
goa/gp_ward/2022,accff9f75542,Goa|2022|gp_ward|North Goa|Sattari|Dongurli- Thane|II|,1,Goa,2022,North Goa,Sattari,Dongurli- Thane,gram_panchayat,II,,gp_ward,ward,NONE,NONE,sc_st_bc,1,Woman,Women,all_seats,seat,,,,,,,latin,local_elections,e0ae2676d62a-dirty,data/goa/2022/list-of-validly-nominated-candidates-sattarivp_2022.pdf,8,page,
goa/gp_ward/2022,52282ce0e29e,Goa|2022|gp_ward|North Goa|Sattari|Dongurli- Thane|III|,1,Goa,2022,North Goa,Sattari,Dongurli- Thane,gram_panchayat,III,,gp_ward,ward,NONE,NONE,sc_st_bc,0,Other than Woman,General,all_seats,seat,,,,,,,latin,local_elections,e0ae2676d62a-dirty,data/goa/2022/list-of-validly-nominated-candidates-sattarivp_2022.pdf,8,page,
goa/gp_ward/2022,658c292fcac1,Goa|2022|gp_ward|North Goa|Sattari|Dongurli- Thane|IV|,1,Goa,2022,North Goa,Sattari,Dongurli- Thane,gram_panchayat,IV,,gp_ward,ward,NONE,NONE,sc_st_bc,0,Other than Woman,General,all_seats,seat,,,,,,,latin,local_elections,e0ae2676d62a-dirty,data/goa/2022/list-of-validly-nominated-candidates-sattarivp_2022.pdf,8,page,
goa/gp_ward/2022,cd6f251bb7fa,Goa|2022|gp_ward|North Goa|Sattari|Dongurli- Thane|V|,1,Goa,2022,North Goa,Sattari,Dongurli- Thane,gram_panchayat,V,,gp_ward,ward,NONE,NONE,sc_st_bc,0,Other than Woman,General,all_seats,seat,,,,,,,latin,local_elections,e0ae2676d62a-dirty,data/goa/2022/list-of-validly-nominated-candidates-sattarivp_2022.pdf,8,page,
goa/gp_ward/2022,8a78983ee2b3,Goa|2022|gp_ward|North Goa|Sattari|Dongurli- Thane|VI|,1,Goa,2022,North Goa,Sattari,Dongurli- Thane,gram_panchayat,VI,,gp_ward,ward,NONE,NONE,sc_st_bc,1,Woman,Women,all_seats,seat,,,,,,,latin,local_elections,e0ae2676d62a-dirty,data/goa/2022/list-of-validly-nominated-candidates-sattarivp_2022.pdf,8,page,
goa/gp_ward/2022,f06aede939db,Goa|2022|gp_ward|North Goa|Sattari|Dongurli- Thane|VIII|,1,Goa,2022,North Goa,Sattari,Dongurli- Thane,gram_panchayat,VIII,,gp_ward,ward,NONE,NONE,sc_st_bc,0,Other than Woman,General,all_seats,seat,,,,,,,latin,local_elections,e0ae2676d62a-dirty,data/goa/2022/list-of-validly-nominated-candidates-sattarivp_2022.pdf,9,page,
goa/gp_ward/2022,1408e045e88d,Goa|2022|gp_ward|North Goa|Sattari|Dongurli- Thane|IX|,1,Goa,2022,North Goa,Sattari,Dongurli- Thane,gram_panchayat,IX,,gp_ward,ward,NONE,NONE,sc_st_bc,1,Woman,Women,all_seats,seat,,,,,,,latin,local_elections,e0ae2676d62a-dirty,data/goa/2022/list-of-validly-nominated-candidates-sattarivp_2022.pdf,9,page,
goa/gp_ward/2022,1da0d4692435,Goa|2022|gp_ward|North Goa|Sattari|Mauxi|I|,1,Goa,2022,North Goa,Sattari,Mauxi,gram_panchayat,I,,gp_ward,ward,NONE,NONE,sc_st_bc,0,Other than Woman,General,all_seats,seat,,,,,,,latin,local_elections,e0ae2676d62a-dirty,data/goa/2022/list-of-validly-nominated-candidates-sattarivp_2022.pdf,9,page,
goa/gp_ward/2022,4578f2220839,Goa|2022|gp_ward|North Goa|Sattari|Mauxi|II|,1,Goa,2022,North Goa,Sattari,Mauxi,gram_panchayat,II,,gp_ward,ward,NONE,NONE,sc_st_bc,1,Woman,Women,all_seats,seat,,,,,,,latin,local_elections,e0ae2676d62a-dirty,data/goa/2022/list-of-validly-nominated-candidates-sattarivp_2022.pdf,9,page,
goa/gp_ward/2022,1bb55cd86663,Goa|2022|gp_ward|North Goa|Sattari|Mauxi|III|,1,Goa,2022,North Goa,Sattari,Mauxi,gram_panchayat,III,,gp_ward,ward,NONE,NONE,sc_st_bc,0,Other than Woman,General,all_seats,seat,,,,,,,latin,local_elections,e0ae2676d62a-dirty,data/goa/2022/list-of-validly-nominated-candidates-sattarivp_2022.pdf,9,page,
goa/gp_ward/2022,79cca39bd7a7,Goa|2022|gp_ward|North Goa|Sattari|Mauxi|IV|,1,Goa,2022,North Goa,Sattari,Mauxi,gram_panchayat,IV,,gp_ward,ward,NONE,NONE,sc_st_bc,0,Other than Woman,General,all_seats,seat,,,,,,,latin,local_elections,e0ae2676d62a-dirty,data/goa/2022/list-of-validly-nominated-candidates-sattarivp_2022.pdf,9,page,
goa/gp_ward/2022,4df2c854c9cd,Goa|2022|gp_ward|North Goa|Sattari|Mauxi|V|,1,Goa,2022,North Goa,Sattari,Mauxi,gram_panchayat,V,,gp_ward,ward,NONE,NONE,sc_st_bc,1,Woman,Women,all_seats,seat,,,,,,,latin,local_elections,e0ae2676d62a-dirty,data/goa/2022/list-of-validly-nominated-candidates-sattarivp_2022.pdf,10,page,
goa/gp_ward/2022,90c77b9b94cd,Goa|2022|gp_ward|North Goa|Sattari|Mauxi|VI|,1,Goa,2022,North Goa,Sattari,Mauxi,gram_panchayat,VI,,gp_ward,ward,NONE,NONE,sc_st_bc,1,Woman,Women,all_seats,seat,,,,,,,latin,local_elections,e0ae2676d62a-dirty,data/goa/2022/list-of-validly-nominated-candidates-sattarivp_2022.pdf,10,page,
goa/gp_ward/2022,8c4a71ba613d,Goa|2022|gp_ward|North Goa|Sattari|Mauxi|VII|,1,Goa,2022,North Goa,Sattari,Mauxi,gram_panchayat,VII,,gp_ward,ward,BC,BC,sc_st_bc,0,BC Other than Woman,OBC,all_seats,seat,,,,,,,latin,local_elections,e0ae2676d62a-dirty,data/goa/2022/list-of-validly-nominated-candidates-sattarivp_2022.pdf,10,page,
goa/gp_ward/2022,7475fe9adc66,Goa|2022|gp_ward|North Goa|Sattari|Morlem|I|,1,Goa,2022,North Goa,Sattari,Morlem,gram_panchayat,I,,gp_ward,ward,NONE,NONE,sc_st_bc,0,Other than Woman,General,all_seats,seat,,,,,,,latin,local_elections,e0ae2676d62a-dirty,data/goa/2022/list-of-validly-nominated-candidates-sattarivp_2022.pdf,10,page,
goa/gp_ward/2022,38d4203e9f44,Goa|2022|gp_ward|North Goa|Sattari|Morlem|II|,1,Goa,2022,North Goa,Sattari,Morlem,gram_panchayat,II,,gp_ward,ward,NONE,NONE,sc_st_bc,0,Other than Woman,General,all_seats,seat,,,,,,,latin,local_elections,e0ae2676d62a-dirty,data/goa/2022/list-of-validly-nominated-candidates-sattarivp_2022.pdf,10,page,
goa/gp_ward/2022,085fc82e792f,Goa|2022|gp_ward|North Goa|Sattari|Morlem|III|,1,Goa,2022,North Goa,Sattari,Morlem,gram_panchayat,III,,gp_ward,ward,NONE,NONE,sc_st_bc,1,Woman,Women,all_seats,seat,,,,,,,latin,local_elections,e0ae2676d62a-dirty,data/goa/2022/list-of-validly-nominated-candidates-sattarivp_2022.pdf,10,page,
goa/gp_ward/2022,637f8ffbc329,Goa|2022|gp_ward|North Goa|Sattari|Morlem|IV|,1,Goa,2022,North Goa,Sattari,Morlem,gram_panchayat,IV,,gp_ward,ward,NONE,NONE,sc_st_bc,0,Other than Woman,General,all_seats,seat,,,,,,,latin,local_elections,e0ae2676d62a-dirty,data/goa/2022/list-of-validly-nominated-candidates-sattarivp_2022.pdf,11,page,
goa/gp_ward/2022,a1eb0fa94961,Goa|2022|gp_ward|North Goa|Sattari|Morlem|V|,1,Goa,2022,North Goa,Sattari,Morlem,gram_panchayat,V,,gp_ward,ward,NONE,NONE,sc_st_bc,1,Woman,Women,all_seats,seat,,,,,,,latin,local_elections,e0ae2676d62a-dirty,data/goa/2022/list-of-validly-nominated-candidates-sattarivp_2022.pdf,11,page,
goa/gp_ward/2022,33ffe11872de,Goa|2022|gp_ward|North Goa|Sattari|Morlem|VI|,1,Goa,2022,North Goa,Sattari,Morlem,gram_panchayat,VI,,gp_ward,ward,NONE,NONE,sc_st_bc,1,Woman,Women,all_seats,seat,,,,,,,latin,local_elections,e0ae2676d62a-dirty,data/goa/2022/list-of-validly-nominated-candidates-sattarivp_2022.pdf,11,page,
goa/gp_ward/2022,4d524bf1e57d,Goa|2022|gp_ward|North Goa|Sattari|Morlem|VII|,1,Goa,2022,North Goa,Sattari,Morlem,gram_panchayat,VII,,gp_ward,ward,NONE,NONE,sc_st_bc,0,Other than Woman,General,all_seats,seat,,,,,,,latin,local_elections,e0ae2676d62a-dirty,data/goa/2022/list-of-validly-nominated-candidates-sattarivp_2022.pdf,11,page,
goa/gp_ward/2022,87fc5c89669e,Goa|2022|gp_ward|North Goa|Sattari|Nagargao|I|,1,Goa,2022,North Goa,Sattari,Nagargao,gram_panchayat,I,,gp_ward,ward,NONE,NONE,sc_st_bc,0,Other than Woman,General,all_seats,seat,,,,,,,latin,local_elections,e0ae2676d62a-dirty,data/goa/2022/list-of-validly-nominated-candidates-sattarivp_2022.pdf,11,page,
goa/gp_ward/2022,81869e835efc,Goa|2022|gp_ward|North Goa|Sattari|Nagargao|II|,1,Goa,2022,North Goa,Sattari,Nagargao,gram_panchayat,II,,gp_ward,ward,NONE,NONE,sc_st_bc,0,Other than Woman,General,all_seats,seat,,,,,,,latin,local_elections,e0ae2676d62a-dirty,data/goa/2022/list-of-validly-nominated-candidates-sattarivp_2022.pdf,11,page,
goa/gp_ward/2022,0731812a4f31,Goa|2022|gp_ward|North Goa|Sattari|Nagargao|III|,1,Goa,2022,North Goa,Sattari,Nagargao,gram_panchayat,III,,gp_ward,ward,BC,BC,sc_st_bc,0,BC Other than Woman,OBC,all_seats,seat,,,,,,,latin,local_elections,e0ae2676d62a-dirty,data/goa/2022/list-of-validly-nominated-candidates-sattarivp_2022.pdf,12,page,
goa/gp_ward/2022,19fe0fb32140,Goa|2022|gp_ward|North Goa|Sattari|Nagargao|IV|,1,Goa,2022,North Goa,Sattari,Nagargao,gram_panchayat,IV,,gp_ward,ward,NONE,NONE,sc_st_bc,0,Other than Woman,General,all_seats,seat,,,,,,,latin,local_elections,e0ae2676d62a-dirty,data/goa/2022/list-of-validly-nominated-candidates-sattarivp_2022.pdf,12,page,
goa/gp_ward/2022,ac446608018f,Goa|2022|gp_ward|North Goa|Sattari|Nagargao|V|,1,Goa,2022,North Goa,Sattari,Nagargao,gram_panchayat,V,,gp_ward,ward,NONE,NONE,sc_st_bc,1,Woman,Women,all_seats,seat,,,,,,,latin,local_elections,e0ae2676d62a-dirty,data/goa/2022/list-of-validly-nominated-candidates-sattarivp_2022.pdf,12,page,
goa/gp_ward/2022,7f3d205dd869,Goa|2022|gp_ward|North Goa|Sattari|Nagargao|VI|,1,Goa,2022,North Goa,Sattari,Nagargao,gram_panchayat,VI,,gp_ward,ward,NONE,NONE,sc_st_bc,1,Woman,Women,all_seats,seat,,,,,,,latin,local_elections,e0ae2676d62a-dirty,data/goa/2022/list-of-validly-nominated-candidates-sattarivp_2022.pdf,12,page,
goa/gp_ward/2022,98f0f485f6a3,Goa|2022|gp_ward|North Goa|Sattari|Nagargao|VII|,1,Goa,2022,North Goa,Sattari,Nagargao,gram_panchayat,VII,,gp_ward,ward,NONE,NONE,sc_st_bc,1,Woman,Women,all_seats,seat,,,,,,,latin,local_elections,e0ae2676d62a-dirty,data/goa/2022/list-of-validly-nominated-candidates-sattarivp_2022.pdf,12,page,
goa/gp_ward/2022,cbbee6e6f6cb,Goa|2022|gp_ward|North Goa|Sattari|Cotorem|I|,1,Goa,2022,North Goa,Sattari,Cotorem,gram_panchayat,I,,gp_ward,ward,NONE,NONE,sc_st_bc,1,Woman,Women,all_seats,seat,,,,,,,latin,local_elections,e0ae2676d62a-dirty,data/goa/2022/list-of-validly-nominated-candidates-sattarivp_2022.pdf,12,page,
goa/gp_ward/2022,ace7f4bc01c9,Goa|2022|gp_ward|North Goa|Sattari|Cotorem|II|,1,Goa,2022,North Goa,Sattari,Cotorem,gram_panchayat,II,,gp_ward,ward,NONE,NONE,sc_st_bc,1,Woman,Women,all_seats,seat,,,,,,,latin,local_elections,e0ae2676d62a-dirty,data/goa/2022/list-of-validly-nominated-candidates-sattarivp_2022.pdf,13,page,
goa/gp_ward/2022,ea623716665f,Goa|2022|gp_ward|North Goa|Sattari|Cotorem|III|,1,Goa,2022,North Goa,Sattari,Cotorem,gram_panchayat,III,,gp_ward,ward,BC,BC,sc_st_bc,0,BC Other than Woman,OBC,all_seats,seat,,,,,,,latin,local_elections,e0ae2676d62a-dirty,data/goa/2022/list-of-validly-nominated-candidates-sattarivp_2022.pdf,13,page,
goa/gp_ward/2022,f6add8e38556,Goa|2022|gp_ward|North Goa|Sattari|Cotorem|IV|,1,Goa,2022,North Goa,Sattari,Cotorem,gram_panchayat,IV,,gp_ward,ward,NONE,NONE,sc_st_bc,0,Other than Woman,General,all_seats,seat,,,,,,,latin,local_elections,e0ae2676d62a-dirty,data/goa/2022/list-of-validly-nominated-candidates-sattarivp_2022.pdf,13,page,
goa/gp_ward/2022,f84ebf6a3974,Goa|2022|gp_ward|North Goa|Sattari|Cotorem|V|,1,Goa,2022,North Goa,Sattari,Cotorem,gram_panchayat,V,,gp_ward,ward,SC,SC,sc_st_bc,0,SC Other than Woman,SC,all_seats,seat,,,,,,,latin,local_elections,e0ae2676d62a-dirty,data/goa/2022/list-of-validly-nominated-candidates-sattarivp_2022.pdf,13,page,
goa/gp_ward/2022,bd4395b285d1,Goa|2022|gp_ward|North Goa|Sattari|Cotorem|VI|,1,Goa,2022,North Goa,Sattari,Cotorem,gram_panchayat,VI,,gp_ward,ward,NONE,NONE,sc_st_bc,1,Woman,Women,all_seats,seat,,,,,,,latin,local_elections,e0ae2676d62a-dirty,data/goa/2022/list-of-validly-nominated-candidates-sattarivp_2022.pdf,13,page,
goa/gp_ward/2022,615e36d60790,Goa|2022|gp_ward|North Goa|Sattari|Cotorem|VII|,1,Goa,2022,North Goa,Sattari,Cotorem,gram_panchayat,VII,,gp_ward,ward,NONE,NONE,sc_st_bc,0,Other than Woman,General,all_seats,seat,,,,,,,latin,local_elections,e0ae2676d62a-dirty,data/goa/2022/list-of-validly-nominated-candidates-sattarivp_2022.pdf,14,page,
goa/gp_ward/2022,825391e5bcc2,Goa|2022|gp_ward|North Goa|Sattari|Bhironda|I|,1,Goa,2022,North Goa,Sattari,Bhironda,gram_panchayat,I,,gp_ward,ward,ST,ST,sc_st_bc,1,ST Woman,ST Women,all_seats,seat,,,,,,,latin,local_elections,e0ae2676d62a-dirty,data/goa/2022/list-of-validly-nominated-candidates-sattarivp_2022.pdf,14,page,
goa/gp_ward/2022,27d009a23ae8,Goa|2022|gp_ward|North Goa|Sattari|Bhironda|II|,1,Goa,2022,North Goa,Sattari,Bhironda,gram_panchayat,II,,gp_ward,ward,NONE,NONE,sc_st_bc,0,Other than Woman,General,all_seats,seat,,,,,,,latin,local_elections,e0ae2676d62a-dirty,data/goa/2022/list-of-validly-nominated-candidates-sattarivp_2022.pdf,14,page,
goa/gp_ward/2022,201f0c201b50,Goa|2022|gp_ward|North Goa|Sattari|Bhironda|III|,1,Goa,2022,North Goa,Sattari,Bhironda,gram_panchayat,III,,gp_ward,ward,ST,ST,sc_st_bc,0,ST Other than Woman,ST,all_seats,seat,,,,,,,latin,local_elections,e0ae2676d62a-dirty,data/goa/2022/list-of-validly-nominated-candidates-sattarivp_2022.pdf,14,page,
goa/gp_ward/2022,8000413e4a9f,Goa|2022|gp_ward|North Goa|Sattari|Bhironda|IV|,1,Goa,2022,North Goa,Sattari,Bhironda,gram_panchayat,IV,,gp_ward,ward,NONE,NONE,sc_st_bc,0,Other than Woman,General,all_seats,seat,,,,,,,latin,local_elections,e0ae2676d62a-dirty,data/goa/2022/list-of-validly-nominated-candidates-sattarivp_2022.pdf,14,page,
goa/gp_ward/2022,0d7dcf998cd8,Goa|2022|gp_ward|North Goa|Sattari|Bhironda|V|,1,Goa,2022,North Goa,Sattari,Bhironda,gram_panchayat,V,,gp_ward,ward,BC,BC,sc_st_bc,0,BC Other than Woman,OBC,all_seats,seat,,,,,,,latin,local_elections,e0ae2676d62a-dirty,data/goa/2022/list-of-validly-nominated-candidates-sattarivp_2022.pdf,14,page,
goa/gp_ward/2022,0a71ac573b12,Goa|2022|gp_ward|North Goa|Sattari|Bhironda|VI|,1,Goa,2022,North Goa,Sattari,Bhironda,gram_panchayat,VI,,gp_ward,ward,NONE,NONE,sc_st_bc,1,Woman,Women,all_seats,seat,,,,,,,latin,local_elections,e0ae2676d62a-dirty,data/goa/2022/list-of-validly-nominated-candidates-sattarivp_2022.pdf,15,page,
goa/gp_ward/2022,3121087c751b,Goa|2022|gp_ward|North Goa|Sattari|Bhironda|VII|,1,Goa,2022,North Goa,Sattari,Bhironda,gram_panchayat,VII,,gp_ward,ward,NONE,NONE,sc_st_bc,1,Woman,Women,all_seats,seat,,,,,,,latin,local_elections,e0ae2676d62a-dirty,data/goa/2022/list-of-validly-nominated-candidates-sattarivp_2022.pdf,15,page,
goa/gp_ward/2022,70c35f6c35e5,Goa|2022|gp_ward|North Goa|Sattari|Sanvordem|I|,1,Goa,2022,North Goa,Sattari,Sanvordem,gram_panchayat,I,,gp_ward,ward,NONE,NONE,sc_st_bc,0,Other than Woman,General,all_seats,seat,,,,,,,latin,local_elections,e0ae2676d62a-dirty,data/goa/2022/list-of-validly-nominated-candidates-sattarivp_2022.pdf,15,page,
goa/gp_ward/2022,1c0870e50a3e,Goa|2022|gp_ward|North Goa|Sattari|Sanvordem|II|,1,Goa,2022,North Goa,Sattari,Sanvordem,gram_panchayat,II,,gp_ward,ward,NONE,NONE,sc_st_bc,0,Other than Woman,General,all_seats,seat,,,,,,,latin,local_elections,e0ae2676d62a-dirty,data/goa/2022/list-of-validly-nominated-candidates-sattarivp_2022.pdf,15,page,
goa/gp_ward/2022,cf69a12870fe,Goa|2022|gp_ward|North Goa|Sattari|Sanvordem|III|,1,Goa,2022,North Goa,Sattari,Sanvordem,gram_panchayat,III,,gp_ward,ward,NONE,NONE,sc_st_bc,0,Other than Woman,General,all_seats,seat,,,,,,,latin,local_elections,e0ae2676d62a-dirty,data/goa/2022/list-of-validly-nominated-candidates-sattarivp_2022.pdf,15,page,
goa/gp_ward/2022,f711f4469888,Goa|2022|gp_ward|North Goa|Sattari|Sanvordem|IV|,1,Goa,2022,North Goa,Sattari,Sanvordem,gram_panchayat,IV,,gp_ward,ward,NONE,NONE,sc_st_bc,0,Other than Woman,General,all_seats,seat,,,,,,,latin,local_elections,e0ae2676d62a-dirty,data/goa/2022/list-of-validly-nominated-candidates-sattarivp_2022.pdf,15,page,
goa/gp_ward/2022,0fbabd3c5866,Goa|2022|gp_ward|North Goa|Sattari|Sanvordem|V|,1,Goa,2022,North Goa,Sattari,Sanvordem,gram_panchayat,V,,gp_ward,ward,NONE,NONE,sc_st_bc,1,Woman,Women,all_seats,seat,,,,,,,latin,local_elections,e0ae2676d62a-dirty,data/goa/2022/list-of-validly-nominated-candidates-sattarivp_2022.pdf,16,page,
goa/gp_ward/2022,8115ea9bae1b,Goa|2022|gp_ward|North Goa|Sattari|Sanvordem|VI|,1,Goa,2022,North Goa,Sattari,Sanvordem,gram_panchayat,VI,,gp_ward,ward,NONE,NONE,sc_st_bc,1,Woman,Women,all_seats,seat,,,,,,,latin,local_elections,e0ae2676d62a-dirty,data/goa/2022/list-of-validly-nominated-candidates-sattarivp_2022.pdf,16,page,
goa/gp_ward/2022,0cebb3d8cd66,Goa|2022|gp_ward|North Goa|Sattari|Sanvordem|VII|,1,Goa,2022,North Goa,Sattari,Sanvordem,gram_panchayat,VII,,gp_ward,ward,NONE,NONE,sc_st_bc,1,Woman,Women,all_seats,seat,,,,,,,latin,local_elections,e0ae2676d62a-dirty,data/goa/2022/list-of-validly-nominated-candidates-sattarivp_2022.pdf,16,page,
goa/gp_ward/2022,028ff482482c,Goa|2022|gp_ward|North Goa|Sattari|Guleli|I|,1,Goa,2022,North Goa,Sattari,Guleli,gram_panchayat,I,,gp_ward,ward,ST,ST,sc_st_bc,1,ST Woman,ST Women,all_seats,seat,,,,,,,latin,local_elections,e0ae2676d62a-dirty,data/goa/2022/list-of-validly-nominated-candidates-sattarivp_2022.pdf,16,page,
goa/gp_ward/2022,5d1d559c9940,Goa|2022|gp_ward|North Goa|Sattari|Guleli|II|,1,Goa,2022,North Goa,Sattari,Guleli,gram_panchayat,II,,gp_ward,ward,NONE,NONE,sc_st_bc,1,Woman,Women,all_seats,seat,,,,,,,latin,local_elections,e0ae2676d62a-dirty,data/goa/2022/list-of-validly-nominated-candidates-sattarivp_2022.pdf,16,page,
goa/gp_ward/2022,cf1bac3bb3d5,Goa|2022|gp_ward|North Goa|Sattari|Guleli|III|,1,Goa,2022,North Goa,Sattari,Guleli,gram_panchayat,III,,gp_ward,ward,NONE,NONE,sc_st_bc,0,Other than Woman,General,all_seats,seat,,,,,,,latin,local_elections,e0ae2676d62a-dirty,data/goa/2022/list-of-validly-nominated-candidates-sattarivp_2022.pdf,16,page,
goa/gp_ward/2022,33a48f61998b,Goa|2022|gp_ward|North Goa|Sattari|Guleli|IV|,1,Goa,2022,North Goa,Sattari,Guleli,gram_panchayat,IV,,gp_ward,ward,BC,BC,sc_st_bc,0,BC Other than Woman,OBC,all_seats,seat,,,,,,,latin,local_elections,e0ae2676d62a-dirty,data/goa/2022/list-of-validly-nominated-candidates-sattarivp_2022.pdf,17,page,
goa/gp_ward/2022,156acad7d5fc,Goa|2022|gp_ward|North Goa|Sattari|Guleli|V|,1,Goa,2022,North Goa,Sattari,Guleli,gram_panchayat,V,,gp_ward,ward,ST,ST,sc_st_bc,0,ST Other than Woman,ST,all_seats,seat,,,,,,,latin,local_elections,e0ae2676d62a-dirty,data/goa/2022/list-of-validly-nominated-candidates-sattarivp_2022.pdf,17,page,
goa/gp_ward/2022,df10e7342ab0,Goa|2022|gp_ward|North Goa|Sattari|Guleli|VI|,1,Goa,2022,North Goa,Sattari,Guleli,gram_panchayat,VI,,gp_ward,ward,NONE,NONE,sc_st_bc,0,Other than Woman,General,all_seats,seat,,,,,,,latin,local_elections,e0ae2676d62a-dirty,data/goa/2022/list-of-validly-nominated-candidates-sattarivp_2022.pdf,17,page,
goa/gp_ward/2022,9512f41055bd,Goa|2022|gp_ward|North Goa|Sattari|Guleli|VII|,1,Goa,2022,North Goa,Sattari,Guleli,gram_panchayat,VII,,gp_ward,ward,NONE,NONE,sc_st_bc,1,Woman,Women,all_seats,seat,,,,,,,latin,local_elections,e0ae2676d62a-dirty,data/goa/2022/list-of-validly-nominated-candidates-sattarivp_2022.pdf,17,page,
goa/gp_ward/2022,95e45a5afe65,Goa|2022|gp_ward|North Goa|Tiswadi|St.Cruz|I|,1,Goa,2022,North Goa,Tiswadi,St.Cruz,gram_panchayat,I,,gp_ward,ward,NONE,NONE,sc_st_bc,0,Other than Woman,General,all_seats,seat,,,,,,,latin,local_elections,e0ae2676d62a-dirty,data/goa/2022/list-of-validly-nominated-candidates-tiswadivp_2022.pdf,1,page,
goa/gp_ward/2022,e69daa7e4699,Goa|2022|gp_ward|North Goa|Tiswadi|St.Cruz|II|,1,Goa,2022,North Goa,Tiswadi,St.Cruz,gram_panchayat,II,,gp_ward,ward,NONE,NONE,sc_st_bc,0,Other than Woman,General,all_seats,seat,,,,,,,latin,local_elections,e0ae2676d62a-dirty,data/goa/2022/list-of-validly-nominated-candidates-tiswadivp_2022.pdf,1,page,
goa/gp_ward/2022,97b7cc6c1bbf,Goa|2022|gp_ward|North Goa|Tiswadi|St.Cruz|III|,1,Goa,2022,North Goa,Tiswadi,St.Cruz,gram_panchayat,III,,gp_ward,ward,NONE,NONE,sc_st_bc,0,Other than Woman,General,all_seats,seat,,,,,,,latin,local_elections,e0ae2676d62a-dirty,data/goa/2022/list-of-validly-nominated-candidates-tiswadivp_2022.pdf,1,page,
goa/gp_ward/2022,a8c474cc00a1,Goa|2022|gp_ward|North Goa|Tiswadi|St.Cruz|IV|,1,Goa,2022,North Goa,Tiswadi,St.Cruz,gram_panchayat,IV,,gp_ward,ward,NONE,NONE,sc_st_bc,1,Woman,Women,all_seats,seat,,,,,,,latin,local_elections,e0ae2676d62a-dirty,data/goa/2022/list-of-validly-nominated-candidates-tiswadivp_2022.pdf,1,page,
goa/gp_ward/2022,a66f0c7c6cdd,Goa|2022|gp_ward|North Goa|Tiswadi|St.Cruz|V|,1,Goa,2022,North Goa,Tiswadi,St.Cruz,gram_panchayat,V,,gp_ward,ward,NONE,NONE,sc_st_bc,0,Other than Woman,General,all_seats,seat,,,,,,,latin,local_elections,e0ae2676d62a-dirty,data/goa/2022/list-of-validly-nominated-candidates-tiswadivp_2022.pdf,1,page,
goa/gp_ward/2022,6b553d5d45fb,Goa|2022|gp_ward|North Goa|Tiswadi|St.Cruz|VI|,1,Goa,2022,North Goa,Tiswadi,St.Cruz,gram_panchayat,VI,,gp_ward,ward,ST,ST,sc_st_bc,0,ST Other than Woman,ST,all_seats,seat,,,,,,,latin,local_elections,e0ae2676d62a-dirty,data/goa/2022/list-of-validly-nominated-candidates-tiswadivp_2022.pdf,2,page,
goa/gp_ward/2022,96440fb9bb38,Goa|2022|gp_ward|North Goa|Tiswadi|St.Cruz|VII|,1,Goa,2022,North Goa,Tiswadi,St.Cruz,gram_panchayat,VII,,gp_ward,ward,NONE,NONE,sc_st_bc,0,Other than Woman,General,all_seats,seat,,,,,,,latin,local_elections,e0ae2676d62a-dirty,data/goa/2022/list-of-validly-nominated-candidates-tiswadivp_2022.pdf,2,page,
goa/gp_ward/2022,cc0c070b3fec,Goa|2022|gp_ward|North Goa|Tiswadi|St.Cruz|VIII|,1,Goa,2022,North Goa,Tiswadi,St.Cruz,gram_panchayat,VIII,,gp_ward,ward,NONE,NONE,sc_st_bc,0,Other than Woman,General,all_seats,seat,,,,,,,latin,local_elections,e0ae2676d62a-dirty,data/goa/2022/list-of-validly-nominated-candidates-tiswadivp_2022.pdf,2,page,
goa/gp_ward/2022,6b04df806a09,Goa|2022|gp_ward|North Goa|Tiswadi|St.Cruz|IX|,1,Goa,2022,North Goa,Tiswadi,St.Cruz,gram_panchayat,IX,,gp_ward,ward,NONE,NONE,sc_st_bc,1,Woman,Women,all_seats,seat,,,,,,,latin,local_elections,e0ae2676d62a-dirty,data/goa/2022/list-of-validly-nominated-candidates-tiswadivp_2022.pdf,2,page,
goa/gp_ward/2022,9f6fdbb9b934,Goa|2022|gp_ward|North Goa|Tiswadi|St.Cruz|X|,1,Goa,2022,North Goa,Tiswadi,St.Cruz,gram_panchayat,X,,gp_ward,ward,NONE,NONE,sc_st_bc,1,Woman,Women,all_seats,seat,,,,,,,latin,local_elections,e0ae2676d62a-dirty,data/goa/2022/list-of-validly-nominated-candidates-tiswadivp_2022.pdf,2,page,
goa/gp_ward/2022,091733515afe,Goa|2022|gp_ward|North Goa|Tiswadi|St.Cruz|XI|,1,Goa,2022,North Goa,Tiswadi,St.Cruz,gram_panchayat,XI,,gp_ward,ward,NONE,NONE,sc_st_bc,1,Woman,Women,all_seats,seat,,,,,,,latin,local_elections,e0ae2676d62a-dirty,data/goa/2022/list-of-validly-nominated-candidates-tiswadivp_2022.pdf,3,page,
goa/gp_ward/2022,362f3260ac67,Goa|2022|gp_ward|North Goa|Tiswadi|Curca-Bambolim- Talaulim|I|,1,Goa,2022,North Goa,Tiswadi,Curca-Bambolim- Talaulim,gram_panchayat,I,,gp_ward,ward,BC,BC,sc_st_bc,0,BC Other than Woman,OBC,all_seats,seat,,,,,,,latin,local_elections,e0ae2676d62a-dirty,data/goa/2022/list-of-validly-nominated-candidates-tiswadivp_2022.pdf,3,page,
goa/gp_ward/2022,8116fe86f245,Goa|2022|gp_ward|North Goa|Tiswadi|Curca-Bambolim- Talaulim|II|,1,Goa,2022,North Goa,Tiswadi,Curca-Bambolim- Talaulim,gram_panchayat,II,,gp_ward,ward,NONE,NONE,sc_st_bc,0,Other than Woman,General,all_seats,seat,,,,,,,latin,local_elections,e0ae2676d62a-dirty,data/goa/2022/list-of-validly-nominated-candidates-tiswadivp_2022.pdf,3,page,
goa/gp_ward/2022,3e2449cad0c6,Goa|2022|gp_ward|North Goa|Tiswadi|Curca-Bambolim- Talaulim|III|,1,Goa,2022,North Goa,Tiswadi,Curca-Bambolim- Talaulim,gram_panchayat,III,,gp_ward,ward,ST,ST,sc_st_bc,0,ST Other than Woman,ST,all_seats,seat,,,,,,,latin,local_elections,e0ae2676d62a-dirty,data/goa/2022/list-of-validly-nominated-candidates-tiswadivp_2022.pdf,3,page,
goa/gp_ward/2022,21fc6c16aaa8,Goa|2022|gp_ward|North Goa|Tiswadi|Curca-Bambolim- Talaulim|IV|,1,Goa,2022,North Goa,Tiswadi,Curca-Bambolim- Talaulim,gram_panchayat,IV,,gp_ward,ward,NONE,NONE,sc_st_bc,1,Woman,Women,all_seats,seat,,,,,,,latin,local_elections,e0ae2676d62a-dirty,data/goa/2022/list-of-validly-nominated-candidates-tiswadivp_2022.pdf,3,page,
goa/gp_ward/2022,ee642a9e6e6c,Goa|2022|gp_ward|North Goa|Tiswadi|Curca-Bambolim- Talaulim|V|,1,Goa,2022,North Goa,Tiswadi,Curca-Bambolim- Talaulim,gram_panchayat,V,,gp_ward,ward,NONE,NONE,sc_st_bc,0,Other than Woman,General,all_seats,seat,,,,,,,latin,local_elections,e0ae2676d62a-dirty,data/goa/2022/list-of-validly-nominated-candidates-tiswadivp_2022.pdf,3,page,
goa/gp_ward/2022,c1f83f7953ff,Goa|2022|gp_ward|North Goa|Tiswadi|Curca-Bambolim- Talaulim|VI|,1,Goa,2022,North Goa,Tiswadi,Curca-Bambolim- Talaulim,gram_panchayat,VI,,gp_ward,ward,NONE,NONE,sc_st_bc,1,Woman,Women,all_seats,seat,,,,,,,latin,local_elections,e0ae2676d62a-dirty,data/goa/2022/list-of-validly-nominated-candidates-tiswadivp_2022.pdf,3,page,
goa/gp_ward/2022,6d1822f2b4e3,Goa|2022|gp_ward|North Goa|Tiswadi|Curca-Bambolim- Talaulim|VII|,1,Goa,2022,North Goa,Tiswadi,Curca-Bambolim- Talaulim,gram_panchayat,VII,,gp_ward,ward,BC,BC,sc_st_bc,1,BC Woman,OBC Women,all_seats,seat,,,,,,,latin,local_elections,e0ae2676d62a-dirty,data/goa/2022/list-of-validly-nominated-candidates-tiswadivp_2022.pdf,4,page,
goa/gp_ward/2022,df5dd618105d,Goa|2022|gp_ward|North Goa|Tiswadi|Curca-Bambolim- Talaulim|VIII|,1,Goa,2022,North Goa,Tiswadi,Curca-Bambolim- Talaulim,gram_panchayat,VIII,,gp_ward,ward,NONE,NONE,sc_st_bc,0,Other than Woman,General,all_seats,seat,,,,,,,latin,local_elections,e0ae2676d62a-dirty,data/goa/2022/list-of-validly-nominated-candidates-tiswadivp_2022.pdf,4,page,
goa/gp_ward/2022,570e6e51a2d3,Goa|2022|gp_ward|North Goa|Tiswadi|Curca-Bambolim- Talaulim|IX|,1,Goa,2022,North Goa,Tiswadi,Curca-Bambolim- Talaulim,gram_panchayat,IX,,gp_ward,ward,NONE,NONE,sc_st_bc,0,Other than Woman,General,all_seats,seat,,,,,,,latin,local_elections,e0ae2676d62a-dirty,data/goa/2022/list-of-validly-nominated-candidates-tiswadivp_2022.pdf,4,page,
goa/gp_ward/2022,b8cdf1fc0556,Goa|2022|gp_ward|North Goa|Tiswadi|Curca-Bambolim- Talaulim|X|,1,Goa,2022,North Goa,Tiswadi,Curca-Bambolim- Talaulim,gram_panchayat,X,,gp_ward,ward,ST,ST,sc_st_bc,1,ST Woman,ST Women,all_seats,seat,,,,,,,latin,local_elections,e0ae2676d62a-dirty,data/goa/2022/list-of-validly-nominated-candidates-tiswadivp_2022.pdf,4,page,
goa/gp_ward/2022,b6499d22210c,Goa|2022|gp_ward|North Goa|Tiswadi|Curca-Bambolim- Talaulim|XI|,1,Goa,2022,North Goa,Tiswadi,Curca-Bambolim- Talaulim,gram_panchayat,XI,,gp_ward,ward,ST,ST,sc_st_bc,0,ST Other than Woman,ST,all_seats,seat,,,,,,,latin,local_elections,e0ae2676d62a-dirty,data/goa/2022/list-of-validly-nominated-candidates-tiswadivp_2022.pdf,4,page,
goa/gp_ward/2022,a2cf469c71cb,Goa|2022|gp_ward|North Goa|Tiswadi|Siridao-Palem|I|,1,Goa,2022,North Goa,Tiswadi,Siridao-Palem,gram_panchayat,I,,gp_ward,ward,NONE,NONE,sc_st_bc,1,Woman,Women,all_seats,seat,,,,,,,latin,local_elections,e0ae2676d62a-dirty,data/goa/2022/list-of-validly-nominated-candidates-tiswadivp_2022.pdf,4,page,
goa/gp_ward/2022,de6156d787f7,Goa|2022|gp_ward|North Goa|Tiswadi|Siridao-Palem|II|,1,Goa,2022,North Goa,Tiswadi,Siridao-Palem,gram_panchayat,II,,gp_ward,ward,BC,BC,sc_st_bc,0,BC Other than Woman,OBC,all_seats,seat,,,,,,,latin,local_elections,e0ae2676d62a-dirty,data/goa/2022/list-of-validly-nominated-candidates-tiswadivp_2022.pdf,4,page,
goa/gp_ward/2022,e34186511933,Goa|2022|gp_ward|North Goa|Tiswadi|Siridao-Palem|III|,1,Goa,2022,North Goa,Tiswadi,Siridao-Palem,gram_panchayat,III,,gp_ward,ward,NONE,NONE,sc_st_bc,0,Other than Woman,General,all_seats,seat,,,,,,,latin,local_elections,e0ae2676d62a-dirty,data/goa/2022/list-of-validly-nominated-candidates-tiswadivp_2022.pdf,5,page,
goa/gp_ward/2022,4b7be1626a7d,Goa|2022|gp_ward|North Goa|Tiswadi|Siridao-Palem|IV|,1,Goa,2022,North Goa,Tiswadi,Siridao-Palem,gram_panchayat,IV,,gp_ward,ward,ST,ST,sc_st_bc,0,ST Other than Woman,ST,all_seats,seat,,,,,,,latin,local_elections,e0ae2676d62a-dirty,data/goa/2022/list-of-validly-nominated-candidates-tiswadivp_2022.pdf,5,page,
goa/gp_ward/2022,cd6cebcbe601,Goa|2022|gp_ward|North Goa|Tiswadi|Siridao-Palem|V|,1,Goa,2022,North Goa,Tiswadi,Siridao-Palem,gram_panchayat,V,,gp_ward,ward,ST,ST,sc_st_bc,1,ST Woman,ST Women,all_seats,seat,,,,,,,latin,local_elections,e0ae2676d62a-dirty,data/goa/2022/list-of-validly-nominated-candidates-tiswadivp_2022.pdf,5,page,
goa/gp_ward/2022,2f6a35dcc882,Goa|2022|gp_ward|North Goa|Tiswadi|Siridao-Palem|VI|,1,Goa,2022,North Goa,Tiswadi,Siridao-Palem,gram_panchayat,VI,,gp_ward,ward,NONE,NONE,sc_st_bc,1,Woman,Women,all_seats,seat,,,,,,,latin,local_elections,e0ae2676d62a-dirty,data/goa/2022/list-of-validly-nominated-candidates-tiswadivp_2022.pdf,5,page,
goa/gp_ward/2022,b7c9f1f3cd64,Goa|2022|gp_ward|North Goa|Tiswadi|Siridao-Palem|VII|,1,Goa,2022,North Goa,Tiswadi,Siridao-Palem,gram_panchayat,VII,,gp_ward,ward,NONE,NONE,sc_st_bc,0,Other than Woman,General,all_seats,seat,,,,,,,latin,local_elections,e0ae2676d62a-dirty,data/goa/2022/list-of-validly-nominated-candidates-tiswadivp_2022.pdf,5,page,
goa/gp_ward/2022,f9f9c9f9cdc8,Goa|2022|gp_ward|North Goa|Tiswadi|Batim|I|,1,Goa,2022,North Goa,Tiswadi,Batim,gram_panchayat,I,,gp_ward,ward,NONE,NONE,sc_st_bc,0,Other than Woman,General,all_seats,seat,,,,,,,latin,local_elections,e0ae2676d62a-dirty,data/goa/2022/list-of-validly-nominated-candidates-tiswadivp_2022.pdf,5,page,
goa/gp_ward/2022,f79ec0d55e4e,Goa|2022|gp_ward|North Goa|Tiswadi|Batim|II|,1,Goa,2022,North Goa,Tiswadi,Batim,gram_panchayat,II,,gp_ward,ward,NONE,NONE,sc_st_bc,0,Other than Woman,General,all_seats,seat,,,,,,,latin,local_elections,e0ae2676d62a-dirty,data/goa/2022/list-of-validly-nominated-candidates-tiswadivp_2022.pdf,5,page,
goa/gp_ward/2022,9a3d460b12ca,Goa|2022|gp_ward|North Goa|Tiswadi|Batim|III|,1,Goa,2022,North Goa,Tiswadi,Batim,gram_panchayat,III,,gp_ward,ward,BC,BC,sc_st_bc,0,BC Other than Woman,OBC,all_seats,seat,,,,,,,latin,local_elections,e0ae2676d62a-dirty,data/goa/2022/list-of-validly-nominated-candidates-tiswadivp_2022.pdf,5,page,
goa/gp_ward/2022,71c814ef6f23,Goa|2022|gp_ward|North Goa|Tiswadi|Batim|IV|,1,Goa,2022,North Goa,Tiswadi,Batim,gram_panchayat,IV,,gp_ward,ward,NONE,NONE,sc_st_bc,0,Other than Woman,General,all_seats,seat,,,,,,,latin,local_elections,e0ae2676d62a-dirty,data/goa/2022/list-of-validly-nominated-candidates-tiswadivp_2022.pdf,5,page,
goa/gp_ward/2022,ce00043bc748,Goa|2022|gp_ward|North Goa|Tiswadi|Batim|V|,1,Goa,2022,North Goa,Tiswadi,Batim,gram_panchayat,V,,gp_ward,ward,NONE,NONE,sc_st_bc,1,Woman,Women,all_seats,seat,,,,,,,latin,local_elections,e0ae2676d62a-dirty,data/goa/2022/list-of-validly-nominated-candidates-tiswadivp_2022.pdf,6,page,
goa/gp_ward/2022,6be4f40a4c09,Goa|2022|gp_ward|North Goa|Tiswadi|Batim|VI|,1,Goa,2022,North Goa,Tiswadi,Batim,gram_panchayat,VI,,gp_ward,ward,NONE,NONE,sc_st_bc,1,Woman,Women,all_seats,seat,,,,,,,latin,local_elections,e0ae2676d62a-dirty,data/goa/2022/list-of-validly-nominated-candidates-tiswadivp_2022.pdf,6,page,
goa/gp_ward/2022,79174e550d88,Goa|2022|gp_ward|North Goa|Tiswadi|Batim|VII|,1,Goa,2022,North Goa,Tiswadi,Batim,gram_panchayat,VII,,gp_ward,ward,NONE,NONE,sc_st_bc,1,Woman,Women,all_seats,seat,,,,,,,latin,local_elections,e0ae2676d62a-dirty,data/goa/2022/list-of-validly-nominated-candidates-tiswadivp_2022.pdf,6,page,
goa/gp_ward/2022,5ecfc3d7bee9,Goa|2022|gp_ward|North Goa|Tiswadi|Chimbel|I|,1,Goa,2022,North Goa,Tiswadi,Chimbel,gram_panchayat,I,,gp_ward,ward,NONE,NONE,sc_st_bc,0,Other than Woman,General,all_seats,seat,,,,,,,latin,local_elections,e0ae2676d62a-dirty,data/goa/2022/list-of-validly-nominated-candidates-tiswadivp_2022.pdf,6,page,
goa/gp_ward/2022,4def1ae6aa12,Goa|2022|gp_ward|North Goa|Tiswadi|Chimbel|II|,1,Goa,2022,North Goa,Tiswadi,Chimbel,gram_panchayat,II,,gp_ward,ward,NONE,NONE,sc_st_bc,0,Other than Woman,General,all_seats,seat,,,,,,,latin,local_elections,e0ae2676d62a-dirty,data/goa/2022/list-of-validly-nominated-candidates-tiswadivp_2022.pdf,6,page,
goa/gp_ward/2022,a567c6f13dbd,Goa|2022|gp_ward|North Goa|Tiswadi|Chimbel|III|,1,Goa,2022,North Goa,Tiswadi,Chimbel,gram_panchayat,III,,gp_ward,ward,NONE,NONE,sc_st_bc,1,Woman,Women,all_seats,seat,,,,,,,latin,local_elections,e0ae2676d62a-dirty,data/goa/2022/list-of-validly-nominated-candidates-tiswadivp_2022.pdf,7,page,
goa/gp_ward/2022,2c504e7ca058,Goa|2022|gp_ward|North Goa|Tiswadi|Chimbel|IV|,1,Goa,2022,North Goa,Tiswadi,Chimbel,gram_panchayat,IV,,gp_ward,ward,NONE,NONE,sc_st_bc,0,Other than Woman,General,all_seats,seat,,,,,,,latin,local_elections,e0ae2676d62a-dirty,data/goa/2022/list-of-validly-nominated-candidates-tiswadivp_2022.pdf,7,page,
goa/gp_ward/2022,2f091b9eaa3b,Goa|2022|gp_ward|North Goa|Tiswadi|Chimbel|V|,1,Goa,2022,North Goa,Tiswadi,Chimbel,gram_panchayat,V,,gp_ward,ward,NONE,NONE,sc_st_bc,0,Other than Woman,General,all_seats,seat,,,,,,,latin,local_elections,e0ae2676d62a-dirty,data/goa/2022/list-of-validly-nominated-candidates-tiswadivp_2022.pdf,7,page,
goa/gp_ward/2022,a70ded706eaa,Goa|2022|gp_ward|North Goa|Tiswadi|Chimbel|VI|,1,Goa,2022,North Goa,Tiswadi,Chimbel,gram_panchayat,VI,,gp_ward,ward,ST,ST,sc_st_bc,0,ST Other than Woman,ST,all_seats,seat,,,,,,,latin,local_elections,e0ae2676d62a-dirty,data/goa/2022/list-of-validly-nominated-candidates-tiswadivp_2022.pdf,7,page,
goa/gp_ward/2022,60605d9c97fd,Goa|2022|gp_ward|North Goa|Tiswadi|Chimbel|VII|,1,Goa,2022,North Goa,Tiswadi,Chimbel,gram_panchayat,VII,,gp_ward,ward,BC,BC,sc_st_bc,1,BC Woman,OBC Women,all_seats,seat,,,,,,,latin,local_elections,e0ae2676d62a-dirty,data/goa/2022/list-of-validly-nominated-candidates-tiswadivp_2022.pdf,7,page,
goa/gp_ward/2022,730b7215375f,Goa|2022|gp_ward|North Goa|Tiswadi|Chimbel|VIII|,1,Goa,2022,North Goa,Tiswadi,Chimbel,gram_panchayat,VIII,,gp_ward,ward,NONE,NONE,sc_st_bc,0,Other than Woman,General,all_seats,seat,,,,,,,latin,local_elections,e0ae2676d62a-dirty,data/goa/2022/list-of-validly-nominated-candidates-tiswadivp_2022.pdf,8,page,
goa/gp_ward/2022,647e08e8e6de,Goa|2022|gp_ward|North Goa|Tiswadi|Chimbel|IX|,1,Goa,2022,North Goa,Tiswadi,Chimbel,gram_panchayat,IX,,gp_ward,ward,BC,BC,sc_st_bc,0,BC Other than Woman,OBC,all_seats,seat,,,,,,,latin,local_elections,e0ae2676d62a-dirty,data/goa/2022/list-of-validly-nominated-candidates-tiswadivp_2022.pdf,8,page,
goa/gp_ward/2022,b4e57ec738fe,Goa|2022|gp_ward|North Goa|Tiswadi|Chimbel|X|,1,Goa,2022,North Goa,Tiswadi,Chimbel,gram_panchayat,X,,gp_ward,ward,ST,ST,sc_st_bc,1,ST Woman,ST Women,all_seats,seat,,,,,,,latin,local_elections,e0ae2676d62a-dirty,data/goa/2022/list-of-validly-nominated-candidates-tiswadivp_2022.pdf,8,page,
goa/gp_ward/2022,7d1580cc751a,Goa|2022|gp_ward|North Goa|Tiswadi|Chimbel|XI|,1,Goa,2022,North Goa,Tiswadi,Chimbel,gram_panchayat,XI,,gp_ward,ward,NONE,NONE,sc_st_bc,1,Woman,Women,all_seats,seat,,,,,,,latin,local_elections,e0ae2676d62a-dirty,data/goa/2022/list-of-validly-nominated-candidates-tiswadivp_2022.pdf,8,page,
goa/gp_ward/2022,e775b47c7c47,Goa|2022|gp_ward|North Goa|Tiswadi|Merces|I|,1,Goa,2022,North Goa,Tiswadi,Merces,gram_panchayat,I,,gp_ward,ward,ST,ST,sc_st_bc,0,ST Other than Woman,ST,all_seats,seat,,,,,,,latin,local_elections,e0ae2676d62a-dirty,data/goa/2022/list-of-validly-nominated-candidates-tiswadivp_2022.pdf,9,page,
goa/gp_ward/2022,70fe2e568ce6,Goa|2022|gp_ward|North Goa|Tiswadi|Merces|II|,1,Goa,2022,North Goa,Tiswadi,Merces,gram_panchayat,II,,gp_ward,ward,NONE,NONE,sc_st_bc,0,Other than Woman,General,all_seats,seat,,,,,,,latin,local_elections,e0ae2676d62a-dirty,data/goa/2022/list-of-validly-nominated-candidates-tiswadivp_2022.pdf,9,page,
goa/gp_ward/2022,baadf5cb96f2,Goa|2022|gp_ward|North Goa|Tiswadi|Merces|III|,1,Goa,2022,North Goa,Tiswadi,Merces,gram_panchayat,III,,gp_ward,ward,NONE,NONE,sc_st_bc,0,Other than Woman,General,all_seats,seat,,,,,,,latin,local_elections,e0ae2676d62a-dirty,data/goa/2022/list-of-validly-nominated-candidates-tiswadivp_2022.pdf,9,page,
goa/gp_ward/2022,0524b2651a4b,Goa|2022|gp_ward|North Goa|Tiswadi|Merces|IV|,1,Goa,2022,North Goa,Tiswadi,Merces,gram_panchayat,IV,,gp_ward,ward,BC,BC,sc_st_bc,0,BC Other than Woman,OBC,all_seats,seat,,,,,,,latin,local_elections,e0ae2676d62a-dirty,data/goa/2022/list-of-validly-nominated-candidates-tiswadivp_2022.pdf,9,page,
goa/gp_ward/2022,a22990450ea9,Goa|2022|gp_ward|North Goa|Tiswadi|Merces|V|,1,Goa,2022,North Goa,Tiswadi,Merces,gram_panchayat,V,,gp_ward,ward,NONE,NONE,sc_st_bc,0,Other than Woman,General,all_seats,seat,,,,,,,latin,local_elections,e0ae2676d62a-dirty,data/goa/2022/list-of-validly-nominated-candidates-tiswadivp_2022.pdf,9,page,
goa/gp_ward/2022,8bacfdbc4b6f,Goa|2022|gp_ward|North Goa|Tiswadi|Merces|VI|,1,Goa,2022,North Goa,Tiswadi,Merces,gram_panchayat,VI,,gp_ward,ward,NONE,NONE,sc_st_bc,1,Woman,Women,all_seats,seat,,,,,,,latin,local_elections,e0ae2676d62a-dirty,data/goa/2022/list-of-validly-nominated-candidates-tiswadivp_2022.pdf,9,page,
goa/gp_ward/2022,571123226474,Goa|2022|gp_ward|North Goa|Tiswadi|Merces|VII|,1,Goa,2022,North Goa,Tiswadi,Merces,gram_panchayat,VII,,gp_ward,ward,NONE,NONE,sc_st_bc,1,Woman,Women,all_seats,seat,,,,,,,latin,local_elections,e0ae2676d62a-dirty,data/goa/2022/list-of-validly-nominated-candidates-tiswadivp_2022.pdf,10,page,
goa/gp_ward/2022,4a53e7d35344,Goa|2022|gp_ward|North Goa|Tiswadi|Merces|VIII|,1,Goa,2022,North Goa,Tiswadi,Merces,gram_panchayat,VIII,,gp_ward,ward,NONE,NONE,sc_st_bc,0,Other than Woman,General,all_seats,seat,,,,,,,latin,local_elections,e0ae2676d62a-dirty,data/goa/2022/list-of-validly-nominated-candidates-tiswadivp_2022.pdf,10,page,
goa/gp_ward/2022,64e535bda2e7,Goa|2022|gp_ward|North Goa|Tiswadi|Merces|IX|,1,Goa,2022,North Goa,Tiswadi,Merces,gram_panchayat,IX,,gp_ward,ward,BC,BC,sc_st_bc,1,BC Woman,OBC Women,all_seats,seat,,,,,,,latin,local_elections,e0ae2676d62a-dirty,data/goa/2022/list-of-validly-nominated-candidates-tiswadivp_2022.pdf,10,page,
goa/gp_ward/2022,7ef15705483e,Goa|2022|gp_ward|North Goa|Tiswadi|Merces|X|,1,Goa,2022,North Goa,Tiswadi,Merces,gram_panchayat,X,,gp_ward,ward,BC,BC,sc_st_bc,0,BC Other than Woman,OBC,all_seats,seat,,,,,,,latin,local_elections,e0ae2676d62a-dirty,data/goa/2022/list-of-validly-nominated-candidates-tiswadivp_2022.pdf,10,page,
goa/gp_ward/2022,244a0b0b0b00,Goa|2022|gp_ward|North Goa|Tiswadi|Merces|XI|,1,Goa,2022,North Goa,Tiswadi,Merces,gram_panchayat,XI,,gp_ward,ward,NONE,NONE,sc_st_bc,1,Woman,Women,all_seats,seat,,,,,,,latin,local_elections,e0ae2676d62a-dirty,data/goa/2022/list-of-validly-nominated-candidates-tiswadivp_2022.pdf,10,page,
goa/gp_ward/2022,f8e584998d88,Goa|2022|gp_ward|North Goa|Tiswadi|Corlim|I|,1,Goa,2022,North Goa,Tiswadi,Corlim,gram_panchayat,I,,gp_ward,ward,NONE,NONE,sc_st_bc,0,Other than Woman,General,all_seats,seat,,,,,,,latin,local_elections,e0ae2676d62a-dirty,data/goa/2022/list-of-validly-nominated-candidates-tiswadivp_2022.pdf,10,page,
goa/gp_ward/2022,b0d5232f50bd,Goa|2022|gp_ward|North Goa|Tiswadi|Corlim|II|,1,Goa,2022,North Goa,Tiswadi,Corlim,gram_panchayat,II,,gp_ward,ward,ST,ST,sc_st_bc,1,ST Woman,ST Women,all_seats,seat,,,,,,,latin,local_elections,e0ae2676d62a-dirty,data/goa/2022/list-of-validly-nominated-candidates-tiswadivp_2022.pdf,10,page,
goa/gp_ward/2022,46ee220df032,Goa|2022|gp_ward|North Goa|Tiswadi|Corlim|III|,1,Goa,2022,North Goa,Tiswadi,Corlim,gram_panchayat,III,,gp_ward,ward,NONE,NONE,sc_st_bc,0,Other than Woman,General,all_seats,seat,,,,,,,latin,local_elections,e0ae2676d62a-dirty,data/goa/2022/list-of-validly-nominated-candidates-tiswadivp_2022.pdf,10,page,
goa/gp_ward/2022,1190eda01132,Goa|2022|gp_ward|North Goa|Tiswadi|Corlim|IV|,1,Goa,2022,North Goa,Tiswadi,Corlim,gram_panchayat,IV,,gp_ward,ward,NONE,NONE,sc_st_bc,1,Woman,Women,all_seats,seat,,,,,,,latin,local_elections,e0ae2676d62a-dirty,data/goa/2022/list-of-validly-nominated-candidates-tiswadivp_2022.pdf,11,page,
goa/gp_ward/2022,741fa96d2600,Goa|2022|gp_ward|North Goa|Tiswadi|Corlim|V|,1,Goa,2022,North Goa,Tiswadi,Corlim,gram_panchayat,V,,gp_ward,ward,NONE,NONE,sc_st_bc,0,Other than Woman,General,all_seats,seat,,,,,,,latin,local_elections,e0ae2676d62a-dirty,data/goa/2022/list-of-validly-nominated-candidates-tiswadivp_2022.pdf,11,page,
goa/gp_ward/2022,375014f5f5b0,Goa|2022|gp_ward|North Goa|Tiswadi|Corlim|VI|,1,Goa,2022,North Goa,Tiswadi,Corlim,gram_panchayat,VI,,gp_ward,ward,NONE,NONE,sc_st_bc,1,Woman,Women,all_seats,seat,,,,,,,latin,local_elections,e0ae2676d62a-dirty,data/goa/2022/list-of-validly-nominated-candidates-tiswadivp_2022.pdf,11,page,
goa/gp_ward/2022,c8fb06c2224d,Goa|2022|gp_ward|North Goa|Tiswadi|Corlim|VII|,1,Goa,2022,North Goa,Tiswadi,Corlim,gram_panchayat,VII,,gp_ward,ward,NONE,NONE,sc_st_bc,0,Other than Woman,General,all_seats,seat,,,,,,,latin,local_elections,e0ae2676d62a-dirty,data/goa/2022/list-of-validly-nominated-candidates-tiswadivp_2022.pdf,11,page,
goa/gp_ward/2022,956c036f0878,Goa|2022|gp_ward|North Goa|Tiswadi|Corlim|VIII|,1,Goa,2022,North Goa,Tiswadi,Corlim,gram_panchayat,VIII,,gp_ward,ward,ST,ST,sc_st_bc,0,ST Other than Woman,ST,all_seats,seat,,,,,,,latin,local_elections,e0ae2676d62a-dirty,data/goa/2022/list-of-validly-nominated-candidates-tiswadivp_2022.pdf,12,page,
goa/gp_ward/2022,61108acfd9fb,Goa|2022|gp_ward|North Goa|Tiswadi|Corlim|IX|,1,Goa,2022,North Goa,Tiswadi,Corlim,gram_panchayat,IX,,gp_ward,ward,BC,BC,sc_st_bc,0,BC Other than Woman,OBC,all_seats,seat,,,,,,,latin,local_elections,e0ae2676d62a-dirty,data/goa/2022/list-of-validly-nominated-candidates-tiswadivp_2022.pdf,12,page,
goa/gp_ward/2022,871992ac296d,Goa|2022|gp_ward|North Goa|Tiswadi|Cumbharjua|I|,1,Goa,2022,North Goa,Tiswadi,Cumbharjua,gram_panchayat,I,,gp_ward,ward,NONE,NONE,sc_st_bc,0,Other than Woman,General,all_seats,seat,,,,,,,latin,local_elections,e0ae2676d62a-dirty,data/goa/2022/list-of-validly-nominated-candidates-tiswadivp_2022.pdf,12,page,
goa/gp_ward/2022,b3db99aa18da,Goa|2022|gp_ward|North Goa|Tiswadi|Cumbharjua|II|,1,Goa,2022,North Goa,Tiswadi,Cumbharjua,gram_panchayat,II,,gp_ward,ward,NONE,NONE,sc_st_bc,1,Woman,Women,all_seats,seat,,,,,,,latin,local_elections,e0ae2676d62a-dirty,data/goa/2022/list-of-validly-nominated-candidates-tiswadivp_2022.pdf,12,page,
goa/gp_ward/2022,8bbe64eb9a2e,Goa|2022|gp_ward|North Goa|Tiswadi|Cumbharjua|III|,1,Goa,2022,North Goa,Tiswadi,Cumbharjua,gram_panchayat,III,,gp_ward,ward,NONE,NONE,sc_st_bc,0,Other than Woman,General,all_seats,seat,,,,,,,latin,local_elections,e0ae2676d62a-dirty,data/goa/2022/list-of-validly-nominated-candidates-tiswadivp_2022.pdf,13,page,
goa/gp_ward/2022,a5d2efa69a6c,Goa|2022|gp_ward|North Goa|Tiswadi|Cumbharjua|IV|,1,Goa,2022,North Goa,Tiswadi,Cumbharjua,gram_panchayat,IV,,gp_ward,ward,BC,BC,sc_st_bc,0,BC Other than Woman,OBC,all_seats,seat,,,,,,,latin,local_elections,e0ae2676d62a-dirty,data/goa/2022/list-of-validly-nominated-candidates-tiswadivp_2022.pdf,13,page,
goa/gp_ward/2022,d209f5e5fa9f,Goa|2022|gp_ward|North Goa|Tiswadi|Cumbharjua|V|,1,Goa,2022,North Goa,Tiswadi,Cumbharjua,gram_panchayat,V,,gp_ward,ward,NONE,NONE,sc_st_bc,0,Other than Woman,General,all_seats,seat,,,,,,,latin,local_elections,e0ae2676d62a-dirty,data/goa/2022/list-of-validly-nominated-candidates-tiswadivp_2022.pdf,13,page,
goa/gp_ward/2022,b76c476b846c,Goa|2022|gp_ward|North Goa|Tiswadi|Cumbharjua|VI|,1,Goa,2022,North Goa,Tiswadi,Cumbharjua,gram_panchayat,VI,,gp_ward,ward,NONE,NONE,sc_st_bc,0,Other than Woman,General,all_seats,seat,,,,,,,latin,local_elections,e0ae2676d62a-dirty,data/goa/2022/list-of-validly-nominated-candidates-tiswadivp_2022.pdf,13,page,
goa/gp_ward/2022,92ce26f13e27,Goa|2022|gp_ward|North Goa|Tiswadi|Cumbharjua|VII|,1,Goa,2022,North Goa,Tiswadi,Cumbharjua,gram_panchayat,VII,,gp_ward,ward,BC,BC,sc_st_bc,1,BC Woman,OBC Women,all_seats,seat,,,,,,,latin,local_elections,e0ae2676d62a-dirty,data/goa/2022/list-of-validly-nominated-candidates-tiswadivp_2022.pdf,13,page,
goa/gp_ward/2022,132ebf55fa18,Goa|2022|gp_ward|North Goa|Tiswadi|Cumbharjua|IX|,1,Goa,2022,North Goa,Tiswadi,Cumbharjua,gram_panchayat,IX,,gp_ward,ward,ST,ST,sc_st_bc,1,ST Woman,ST Women,all_seats,seat,,,,,,,latin,local_elections,e0ae2676d62a-dirty,data/goa/2022/list-of-validly-nominated-candidates-tiswadivp_2022.pdf,14,page,
goa/gp_ward/2022,d602c65f5ba2,Goa|2022|gp_ward|North Goa|Tiswadi|St.Estevam|I|,1,Goa,2022,North Goa,Tiswadi,St.Estevam,gram_panchayat,I,,gp_ward,ward,BC,BC,sc_st_bc,1,BC Woman,OBC Women,all_seats,seat,,,,,,,latin,local_elections,e0ae2676d62a-dirty,data/goa/2022/list-of-validly-nominated-candidates-tiswadivp_2022.pdf,14,page,
goa/gp_ward/2022,5b645f5e08c9,Goa|2022|gp_ward|North Goa|Tiswadi|St.Estevam|II|,1,Goa,2022,North Goa,Tiswadi,St.Estevam,gram_panchayat,II,,gp_ward,ward,NONE,NONE,sc_st_bc,1,Woman,Women,all_seats,seat,,,,,,,latin,local_elections,e0ae2676d62a-dirty,data/goa/2022/list-of-validly-nominated-candidates-tiswadivp_2022.pdf,14,page,
goa/gp_ward/2022,169119b4cc03,Goa|2022|gp_ward|North Goa|Tiswadi|St.Estevam|III|,1,Goa,2022,North Goa,Tiswadi,St.Estevam,gram_panchayat,III,,gp_ward,ward,NONE,NONE,sc_st_bc,0,Other than Woman,General,all_seats,seat,,,,,,,latin,local_elections,e0ae2676d62a-dirty,data/goa/2022/list-of-validly-nominated-candidates-tiswadivp_2022.pdf,14,page,
goa/gp_ward/2022,419f42cd9f48,Goa|2022|gp_ward|North Goa|Tiswadi|St.Estevam|IV|,1,Goa,2022,North Goa,Tiswadi,St.Estevam,gram_panchayat,IV,,gp_ward,ward,NONE,NONE,sc_st_bc,0,Other than Woman,General,all_seats,seat,,,,,,,latin,local_elections,e0ae2676d62a-dirty,data/goa/2022/list-of-validly-nominated-candidates-tiswadivp_2022.pdf,14,page,
goa/gp_ward/2022,7e684cb7f433,Goa|2022|gp_ward|North Goa|Tiswadi|St.Estevam|V|,1,Goa,2022,North Goa,Tiswadi,St.Estevam,gram_panchayat,V,,gp_ward,ward,BC,BC,sc_st_bc,0,BC Other than Woman,OBC,all_seats,seat,,,,,,,latin,local_elections,e0ae2676d62a-dirty,data/goa/2022/list-of-validly-nominated-candidates-tiswadivp_2022.pdf,14,page,
goa/gp_ward/2022,0b7cb90d3d2e,Goa|2022|gp_ward|North Goa|Tiswadi|St.Estevam|VII|,1,Goa,2022,North Goa,Tiswadi,St.Estevam,gram_panchayat,VII,,gp_ward,ward,NONE,NONE,sc_st_bc,1,Woman,Women,all_seats,seat,,,,,,,latin,local_elections,e0ae2676d62a-dirty,data/goa/2022/list-of-validly-nominated-candidates-tiswadivp_2022.pdf,15,page,
goa/gp_ward/2022,4a57ada5ca59,Goa|2022|gp_ward|North Goa|Tiswadi|Se Old Goa|I|,1,Goa,2022,North Goa,Tiswadi,Se Old Goa,gram_panchayat,I,,gp_ward,ward,NONE,NONE,sc_st_bc,0,Other than Woman,General,all_seats,seat,,,,,,,latin,local_elections,e0ae2676d62a-dirty,data/goa/2022/list-of-validly-nominated-candidates-tiswadivp_2022.pdf,15,page,
goa/gp_ward/2022,4781dd183fb8,Goa|2022|gp_ward|North Goa|Tiswadi|Se Old Goa|II|,1,Goa,2022,North Goa,Tiswadi,Se Old Goa,gram_panchayat,II,,gp_ward,ward,NONE,NONE,sc_st_bc,0,Other than Woman,General,all_seats,seat,,,,,,,latin,local_elections,e0ae2676d62a-dirty,data/goa/2022/list-of-validly-nominated-candidates-tiswadivp_2022.pdf,15,page,
goa/gp_ward/2022,a6aa92d53429,Goa|2022|gp_ward|North Goa|Tiswadi|Se Old Goa|III|,1,Goa,2022,North Goa,Tiswadi,Se Old Goa,gram_panchayat,III,,gp_ward,ward,NONE,NONE,sc_st_bc,0,Other than Woman,General,all_seats,seat,,,,,,,latin,local_elections,e0ae2676d62a-dirty,data/goa/2022/list-of-validly-nominated-candidates-tiswadivp_2022.pdf,15,page,
goa/gp_ward/2022,80a4f3d42698,Goa|2022|gp_ward|North Goa|Tiswadi|Se Old Goa|IV|,1,Goa,2022,North Goa,Tiswadi,Se Old Goa,gram_panchayat,IV,,gp_ward,ward,NONE,NONE,sc_st_bc,1,Woman,Women,all_seats,seat,,,,,,,latin,local_elections,e0ae2676d62a-dirty,data/goa/2022/list-of-validly-nominated-candidates-tiswadivp_2022.pdf,15,page,
goa/gp_ward/2022,fed18acb8cfc,Goa|2022|gp_ward|North Goa|Tiswadi|Se Old Goa|V|,1,Goa,2022,North Goa,Tiswadi,Se Old Goa,gram_panchayat,V,,gp_ward,ward,ST,ST,sc_st_bc,0,ST Other than Woman,ST,all_seats,seat,,,,,,,latin,local_elections,e0ae2676d62a-dirty,data/goa/2022/list-of-validly-nominated-candidates-tiswadivp_2022.pdf,16,page,
goa/gp_ward/2022,7a80346402f6,Goa|2022|gp_ward|North Goa|Tiswadi|Se Old Goa|VI|,1,Goa,2022,North Goa,Tiswadi,Se Old Goa,gram_panchayat,VI,,gp_ward,ward,BC,BC,sc_st_bc,0,BC Other than Woman,OBC,all_seats,seat,,,,,,,latin,local_elections,e0ae2676d62a-dirty,data/goa/2022/list-of-validly-nominated-candidates-tiswadivp_2022.pdf,16,page,
goa/gp_ward/2022,7bd0af69ef3d,Goa|2022|gp_ward|North Goa|Tiswadi|Se Old Goa|VII|,1,Goa,2022,North Goa,Tiswadi,Se Old Goa,gram_panchayat,VII,,gp_ward,ward,NONE,NONE,sc_st_bc,1,Woman,Women,all_seats,seat,,,,,,,latin,local_elections,e0ae2676d62a-dirty,data/goa/2022/list-of-validly-nominated-candidates-tiswadivp_2022.pdf,16,page,
goa/gp_ward/2022,d98dc40b55df,Goa|2022|gp_ward|North Goa|Tiswadi|Se Old Goa|VIII|,1,Goa,2022,North Goa,Tiswadi,Se Old Goa,gram_panchayat,VIII,,gp_ward,ward,NONE,NONE,sc_st_bc,0,Other than Woman,General,all_seats,seat,,,,,,,latin,local_elections,e0ae2676d62a-dirty,data/goa/2022/list-of-validly-nominated-candidates-tiswadivp_2022.pdf,16,page,
goa/gp_ward/2022,366f87740d32,Goa|2022|gp_ward|North Goa|Tiswadi|Se Old Goa|IX|,1,Goa,2022,North Goa,Tiswadi,Se Old Goa,gram_panchayat,IX,,gp_ward,ward,NONE,NONE,sc_st_bc,1,Woman,Women,all_seats,seat,,,,,,,latin,local_elections,e0ae2676d62a-dirty,data/goa/2022/list-of-validly-nominated-candidates-tiswadivp_2022.pdf,16,page,
goa/gp_ward/2022,2da3f55bda4c,Goa|2022|gp_ward|North Goa|Tiswadi|Goltim-Navelim|I|,1,Goa,2022,North Goa,Tiswadi,Goltim-Navelim,gram_panchayat,I,,gp_ward,ward,ST,ST,sc_st_bc,0,ST Other than Woman,ST,all_seats,seat,,,,,,,latin,local_elections,e0ae2676d62a-dirty,data/goa/2022/list-of-validly-nominated-candidates-tiswadivp_2022.pdf,17,page,
goa/gp_ward/2022,370073233df5,Goa|2022|gp_ward|North Goa|Tiswadi|Goltim-Navelim|II|,1,Goa,2022,North Goa,Tiswadi,Goltim-Navelim,gram_panchayat,II,,gp_ward,ward,BC,BC,sc_st_bc,1,BC Woman,OBC Women,all_seats,seat,,,,,,,latin,local_elections,e0ae2676d62a-dirty,data/goa/2022/list-of-validly-nominated-candidates-tiswadivp_2022.pdf,17,page,
goa/gp_ward/2022,0d9393a57fef,Goa|2022|gp_ward|North Goa|Tiswadi|Goltim-Navelim|III|,1,Goa,2022,North Goa,Tiswadi,Goltim-Navelim,gram_panchayat,III,,gp_ward,ward,NONE,NONE,sc_st_bc,0,Other than Woman,General,all_seats,seat,,,,,,,latin,local_elections,e0ae2676d62a-dirty,data/goa/2022/list-of-validly-nominated-candidates-tiswadivp_2022.pdf,17,page,
goa/gp_ward/2022,6f26661ba6c4,Goa|2022|gp_ward|North Goa|Tiswadi|Goltim-Navelim|IV|,1,Goa,2022,North Goa,Tiswadi,Goltim-Navelim,gram_panchayat,IV,,gp_ward,ward,NONE,NONE,sc_st_bc,0,Other than Woman,General,all_seats,seat,,,,,,,latin,local_elections,e0ae2676d62a-dirty,data/goa/2022/list-of-validly-nominated-candidates-tiswadivp_2022.pdf,17,page,
goa/gp_ward/2022,3686adc30138,Goa|2022|gp_ward|North Goa|Tiswadi|Goltim-Navelim|V|,1,Goa,2022,North Goa,Tiswadi,Goltim-Navelim,gram_panchayat,V,,gp_ward,ward,BC,BC,sc_st_bc,0,BC Other than Woman,OBC,all_seats,seat,,,,,,,latin,local_elections,e0ae2676d62a-dirty,data/goa/2022/list-of-validly-nominated-candidates-tiswadivp_2022.pdf,17,page,
goa/gp_ward/2022,9ad2186c3861,Goa|2022|gp_ward|North Goa|Tiswadi|Goltim-Navelim|VI|,1,Goa,2022,North Goa,Tiswadi,Goltim-Navelim,gram_panchayat,VI,,gp_ward,ward,NONE,NONE,sc_st_bc,1,Woman,Women,all_seats,seat,,,,,,,latin,local_elections,e0ae2676d62a-dirty,data/goa/2022/list-of-validly-nominated-candidates-tiswadivp_2022.pdf,17,page,
goa/gp_ward/2022,7e15710eafd3,Goa|2022|gp_ward|North Goa|Tiswadi|Goltim-Navelim|VII|,1,Goa,2022,North Goa,Tiswadi,Goltim-Navelim,gram_panchayat,VII,,gp_ward,ward,NONE,NONE,sc_st_bc,1,Woman,Women,all_seats,seat,,,,,,,latin,local_elections,e0ae2676d62a-dirty,data/goa/2022/list-of-validly-nominated-candidates-tiswadivp_2022.pdf,18,page,
goa/gp_ward/2022,4902c1722c2d,Goa|2022|gp_ward|North Goa|Tiswadi|Sao Matias|I|,1,Goa,2022,North Goa,Tiswadi,Sao Matias,gram_panchayat,I,,gp_ward,ward,NONE,NONE,sc_st_bc,1,Woman,Women,all_seats,seat,,,,,,,latin,local_elections,e0ae2676d62a-dirty,data/goa/2022/list-of-validly-nominated-candidates-tiswadivp_2022.pdf,18,page,
goa/gp_ward/2022,e229f4d9b452,Goa|2022|gp_ward|North Goa|Tiswadi|Sao Matias|II|,1,Goa,2022,North Goa,Tiswadi,Sao Matias,gram_panchayat,II,,gp_ward,ward,BC,BC,sc_st_bc,0,BC Other than Woman,OBC,all_seats,seat,,,,,,,latin,local_elections,e0ae2676d62a-dirty,data/goa/2022/list-of-validly-nominated-candidates-tiswadivp_2022.pdf,18,page,
goa/gp_ward/2022,0df1519a138d,Goa|2022|gp_ward|North Goa|Tiswadi|Sao Matias|III|,1,Goa,2022,North Goa,Tiswadi,Sao Matias,gram_panchayat,III,,gp_ward,ward,NONE,NONE,sc_st_bc,0,Other than Woman,General,all_seats,seat,,,,,,,latin,local_elections,e0ae2676d62a-dirty,data/goa/2022/list-of-validly-nominated-candidates-tiswadivp_2022.pdf,18,page,
goa/gp_ward/2022,f08a52a80b84,Goa|2022|gp_ward|North Goa|Tiswadi|Sao Matias|IV|,1,Goa,2022,North Goa,Tiswadi,Sao Matias,gram_panchayat,IV,,gp_ward,ward,NONE,NONE,sc_st_bc,0,Other than Woman,General,all_seats,seat,,,,,,,latin,local_elections,e0ae2676d62a-dirty,data/goa/2022/list-of-validly-nominated-candidates-tiswadivp_2022.pdf,18,page,
goa/gp_ward/2022,9a357f60862b,Goa|2022|gp_ward|North Goa|Tiswadi|Sao Matias|V|,1,Goa,2022,North Goa,Tiswadi,Sao Matias,gram_panchayat,V,,gp_ward,ward,BC,BC,sc_st_bc,0,BC Other than Woman,OBC,all_seats,seat,,,,,,,latin,local_elections,e0ae2676d62a-dirty,data/goa/2022/list-of-validly-nominated-candidates-tiswadivp_2022.pdf,18,page,
goa/gp_ward/2022,b17fdce15d41,Goa|2022|gp_ward|North Goa|Tiswadi|Sao Matias|VI|,1,Goa,2022,North Goa,Tiswadi,Sao Matias,gram_panchayat,VI,,gp_ward,ward,BC,BC,sc_st_bc,1,BC Woman,OBC Women,all_seats,seat,,,,,,,latin,local_elections,e0ae2676d62a-dirty,data/goa/2022/list-of-validly-nominated-candidates-tiswadivp_2022.pdf,18,page,
goa/gp_ward/2022,c6208c83f5e5,Goa|2022|gp_ward|North Goa|Tiswadi|Sao Matias|VII|,1,Goa,2022,North Goa,Tiswadi,Sao Matias,gram_panchayat,VII,,gp_ward,ward,NONE,NONE,sc_st_bc,1,Woman,Women,all_seats,seat,,,,,,,latin,local_elections,e0ae2676d62a-dirty,data/goa/2022/list-of-validly-nominated-candidates-tiswadivp_2022.pdf,19,page,
goa/gp_ward/2022,e237cdf5eebd,Goa|2022|gp_ward|North Goa|Tiswadi|St.Lawrence(Agassaim)|I|,1,Goa,2022,North Goa,Tiswadi,St.Lawrence(Agassaim),gram_panchayat,I,,gp_ward,ward,BC,BC,sc_st_bc,0,BC Other than Woman,OBC,all_seats,seat,,,,,,,latin,local_elections,e0ae2676d62a-dirty,data/goa/2022/list-of-validly-nominated-candidates-tiswadivp_2022.pdf,19,page,
goa/gp_ward/2022,8150b6da9715,Goa|2022|gp_ward|North Goa|Tiswadi|St.Lawrence(Agassaim)|II|,1,Goa,2022,North Goa,Tiswadi,St.Lawrence(Agassaim),gram_panchayat,II,,gp_ward,ward,NONE,NONE,sc_st_bc,0,Other than Woman,General,all_seats,seat,,,,,,,latin,local_elections,e0ae2676d62a-dirty,data/goa/2022/list-of-validly-nominated-candidates-tiswadivp_2022.pdf,19,page,
goa/gp_ward/2022,ad7c59de762c,Goa|2022|gp_ward|North Goa|Tiswadi|St.Lawrence(Agassaim)|III|,1,Goa,2022,North Goa,Tiswadi,St.Lawrence(Agassaim),gram_panchayat,III,,gp_ward,ward,NONE,NONE,sc_st_bc,1,Woman,Women,all_seats,seat,,,,,,,latin,local_elections,e0ae2676d62a-dirty,data/goa/2022/list-of-validly-nominated-candidates-tiswadivp_2022.pdf,19,page,
goa/gp_ward/2022,d78bc6d1d416,Goa|2022|gp_ward|North Goa|Tiswadi|St.Lawrence(Agassaim)|IV|,1,Goa,2022,North Goa,Tiswadi,St.Lawrence(Agassaim),gram_panchayat,IV,,gp_ward,ward,NONE,NONE,sc_st_bc,1,Woman,Women,all_seats,seat,,,,,,,latin,local_elections,e0ae2676d62a-dirty,data/goa/2022/list-of-validly-nominated-candidates-tiswadivp_2022.pdf,19,page,
goa/gp_ward/2022,1d881c50779e,Goa|2022|gp_ward|North Goa|Tiswadi|St.Lawrence(Agassaim)|V|,1,Goa,2022,North Goa,Tiswadi,St.Lawrence(Agassaim),gram_panchayat,V,,gp_ward,ward,NONE,NONE,sc_st_bc,0,Other than Woman,General,all_seats,seat,,,,,,,latin,local_elections,e0ae2676d62a-dirty,data/goa/2022/list-of-validly-nominated-candidates-tiswadivp_2022.pdf,19,page,
goa/gp_ward/2022,a4f83f86dfff,Goa|2022|gp_ward|North Goa|Tiswadi|St.Lawrence(Agassaim)|VI|,1,Goa,2022,North Goa,Tiswadi,St.Lawrence(Agassaim),gram_panchayat,VI,,gp_ward,ward,NONE,NONE,sc_st_bc,1,Woman,Women,all_seats,seat,,,,,,,latin,local_elections,e0ae2676d62a-dirty,data/goa/2022/list-of-validly-nominated-candidates-tiswadivp_2022.pdf,19,page,
goa/gp_ward/2022,c3113741a17c,Goa|2022|gp_ward|North Goa|Tiswadi|St.Lawrence(Agassaim)|VII|,1,Goa,2022,North Goa,Tiswadi,St.Lawrence(Agassaim),gram_panchayat,VII,,gp_ward,ward,ST,ST,sc_st_bc,0,ST Other than Woman,ST,all_seats,seat,,,,,,,latin,local_elections,e0ae2676d62a-dirty,data/goa/2022/list-of-validly-nominated-candidates-tiswadivp_2022.pdf,19,page,
goa/gp_ward/2022,df03382abfea,Goa|2022|gp_ward|North Goa|Tiswadi|St.Lawrence(Agassaim)|IX|,1,Goa,2022,North Goa,Tiswadi,St.Lawrence(Agassaim),gram_panchayat,IX,,gp_ward,ward,NONE,NONE,sc_st_bc,0,Other than Woman,General,all_seats,seat,,,,,,,latin,local_elections,e0ae2676d62a-dirty,data/goa/2022/list-of-validly-nominated-candidates-tiswadivp_2022.pdf,20,page,
goa/gp_ward/2022,19cb182c2799,Goa|2022|gp_ward|North Goa|Tiswadi|St.Lawrence(Agassaim)|X|,1,Goa,2022,North Goa,Tiswadi,St.Lawrence(Agassaim),gram_panchayat,X,,gp_ward,ward,NONE,NONE,sc_st_bc,0,Other than Woman,General,all_seats,seat,,,,,,,latin,local_elections,e0ae2676d62a-dirty,data/goa/2022/list-of-validly-nominated-candidates-tiswadivp_2022.pdf,20,page,
goa/gp_ward/2022,1bf07f94168e,Goa|2022|gp_ward|North Goa|Tiswadi|St.Lawrence(Agassaim)|XI|,1,Goa,2022,North Goa,Tiswadi,St.Lawrence(Agassaim),gram_panchayat,XI,,gp_ward,ward,NONE,NONE,sc_st_bc,1,Woman,Women,all_seats,seat,,,,,,,latin,local_elections,e0ae2676d62a-dirty,data/goa/2022/list-of-validly-nominated-candidates-tiswadivp_2022.pdf,20,page,
goa/gp_ward/2022,d67afe72b3bc,Goa|2022|gp_ward|North Goa|Tiswadi|Carambolim|I|,1,Goa,2022,North Goa,Tiswadi,Carambolim,gram_panchayat,I,,gp_ward,ward,NONE,NONE,sc_st_bc,0,Other than Woman,General,all_seats,seat,,,,,,,latin,local_elections,e0ae2676d62a-dirty,data/goa/2022/list-of-validly-nominated-candidates-tiswadivp_2022.pdf,20,page,
goa/gp_ward/2022,a1970bacd6c4,Goa|2022|gp_ward|North Goa|Tiswadi|Carambolim|II|,1,Goa,2022,North Goa,Tiswadi,Carambolim,gram_panchayat,II,,gp_ward,ward,NONE,NONE,sc_st_bc,0,Other than Woman,General,all_seats,seat,,,,,,,latin,local_elections,e0ae2676d62a-dirty,data/goa/2022/list-of-validly-nominated-candidates-tiswadivp_2022.pdf,20,page,
goa/gp_ward/2022,47b12b08b2df,Goa|2022|gp_ward|North Goa|Tiswadi|Carambolim|III|,1,Goa,2022,North Goa,Tiswadi,Carambolim,gram_panchayat,III,,gp_ward,ward,NONE,NONE,sc_st_bc,0,Other than Woman,General,all_seats,seat,,,,,,,latin,local_elections,e0ae2676d62a-dirty,data/goa/2022/list-of-validly-nominated-candidates-tiswadivp_2022.pdf,20,page,
goa/gp_ward/2022,a4301b3f1300,Goa|2022|gp_ward|North Goa|Tiswadi|Carambolim|IV|,1,Goa,2022,North Goa,Tiswadi,Carambolim,gram_panchayat,IV,,gp_ward,ward,ST,ST,sc_st_bc,1,ST Woman,ST Women,all_seats,seat,,,,,,,latin,local_elections,e0ae2676d62a-dirty,data/goa/2022/list-of-validly-nominated-candidates-tiswadivp_2022.pdf,21,page,
goa/gp_ward/2022,e5d65124376b,Goa|2022|gp_ward|North Goa|Tiswadi|Carambolim|V|,1,Goa,2022,North Goa,Tiswadi,Carambolim,gram_panchayat,V,,gp_ward,ward,ST,ST,sc_st_bc,0,ST Other than Woman,ST,all_seats,seat,,,,,,,latin,local_elections,e0ae2676d62a-dirty,data/goa/2022/list-of-validly-nominated-candidates-tiswadivp_2022.pdf,21,page,
goa/gp_ward/2022,fdb1cd81a19c,Goa|2022|gp_ward|North Goa|Tiswadi|Carambolim|VI|,1,Goa,2022,North Goa,Tiswadi,Carambolim,gram_panchayat,VI,,gp_ward,ward,NONE,NONE,sc_st_bc,0,Other than Woman,General,all_seats,seat,,,,,,,latin,local_elections,e0ae2676d62a-dirty,data/goa/2022/list-of-validly-nominated-candidates-tiswadivp_2022.pdf,21,page,
goa/gp_ward/2022,9db7618a5735,Goa|2022|gp_ward|North Goa|Tiswadi|Carambolim|VII|,1,Goa,2022,North Goa,Tiswadi,Carambolim,gram_panchayat,VII,,gp_ward,ward,NONE,NONE,sc_st_bc,1,Woman,Women,all_seats,seat,,,,,,,latin,local_elections,e0ae2676d62a-dirty,data/goa/2022/list-of-validly-nominated-candidates-tiswadivp_2022.pdf,21,page,
goa/gp_ward/2022,5ed97c6b4ba1,Goa|2022|gp_ward|North Goa|Tiswadi|Carambolim|VIII|,1,Goa,2022,North Goa,Tiswadi,Carambolim,gram_panchayat,VIII,,gp_ward,ward,BC,BC,sc_st_bc,0,BC Other than Woman,OBC,all_seats,seat,,,,,,,latin,local_elections,e0ae2676d62a-dirty,data/goa/2022/list-of-validly-nominated-candidates-tiswadivp_2022.pdf,22,page,
goa/gp_ward/2022,c679668bd3e5,Goa|2022|gp_ward|North Goa|Tiswadi|Carambolim|IX|,1,Goa,2022,North Goa,Tiswadi,Carambolim,gram_panchayat,IX,,gp_ward,ward,NONE,NONE,sc_st_bc,1,Woman,Women,all_seats,seat,,,,,,,latin,local_elections,e0ae2676d62a-dirty,data/goa/2022/list-of-validly-nominated-candidates-tiswadivp_2022.pdf,22,page,
goa/gp_ward/2022,e99a792b1e00,Goa|2022|gp_ward|North Goa|Tiswadi|St.Andre (Goa Velha)|I|,1,Goa,2022,North Goa,Tiswadi,St.Andre (Goa Velha),gram_panchayat,I,,gp_ward,ward,NONE,NONE,sc_st_bc,1,Woman,Women,all_seats,seat,,,,,,,latin,local_elections,e0ae2676d62a-dirty,data/goa/2022/list-of-validly-nominated-candidates-tiswadivp_2022.pdf,22,page,
goa/gp_ward/2022,665fd13e8117,Goa|2022|gp_ward|North Goa|Tiswadi|St.Andre (Goa Velha)|II|,1,Goa,2022,North Goa,Tiswadi,St.Andre (Goa Velha),gram_panchayat,II,,gp_ward,ward,NONE,NONE,sc_st_bc,1,Woman,Women,all_seats,seat,,,,,,,latin,local_elections,e0ae2676d62a-dirty,data/goa/2022/list-of-validly-nominated-candidates-tiswadivp_2022.pdf,22,page,
goa/gp_ward/2022,35abee9d8637,Goa|2022|gp_ward|North Goa|Tiswadi|St.Andre (Goa Velha)|III|,1,Goa,2022,North Goa,Tiswadi,St.Andre (Goa Velha),gram_panchayat,III,,gp_ward,ward,NONE,NONE,sc_st_bc,0,Other than Woman,General,all_seats,seat,,,,,,,latin,local_elections,e0ae2676d62a-dirty,data/goa/2022/list-of-validly-nominated-candidates-tiswadivp_2022.pdf,22,page,
goa/gp_ward/2022,3bcc866ea72e,Goa|2022|gp_ward|North Goa|Tiswadi|St.Andre (Goa Velha)|IV|,1,Goa,2022,North Goa,Tiswadi,St.Andre (Goa Velha),gram_panchayat,IV,,gp_ward,ward,BC,BC,sc_st_bc,0,BC Other than Woman,OBC,all_seats,seat,,,,,,,latin,local_elections,e0ae2676d62a-dirty,data/goa/2022/list-of-validly-nominated-candidates-tiswadivp_2022.pdf,22,page,
goa/gp_ward/2022,85fc55a756e8,Goa|2022|gp_ward|North Goa|Tiswadi|St.Andre (Goa Velha)|VI|,1,Goa,2022,North Goa,Tiswadi,St.Andre (Goa Velha),gram_panchayat,VI,,gp_ward,ward,NONE,NONE,sc_st_bc,0,Other than Woman,General,all_seats,seat,,,,,,,latin,local_elections,e0ae2676d62a-dirty,data/goa/2022/list-of-validly-nominated-candidates-tiswadivp_2022.pdf,23,page,
goa/gp_ward/2022,f844a5595821,Goa|2022|gp_ward|North Goa|Tiswadi|St.Andre (Goa Velha)|VII|,1,Goa,2022,North Goa,Tiswadi,St.Andre (Goa Velha),gram_panchayat,VII,,gp_ward,ward,NONE,NONE,sc_st_bc,0,Other than Woman,General,all_seats,seat,,,,,,,latin,local_elections,e0ae2676d62a-dirty,data/goa/2022/list-of-validly-nominated-candidates-tiswadivp_2022.pdf,23,page,
goa/gp_ward/2022,9733e3293e91,Goa|2022|gp_ward|North Goa|Tiswadi|St.Andre (Goa Velha)|VIII|,1,Goa,2022,North Goa,Tiswadi,St.Andre (Goa Velha),gram_panchayat,VIII,,gp_ward,ward,NONE,NONE,sc_st_bc,0,Other than Woman,General,all_seats,seat,,,,,,,latin,local_elections,e0ae2676d62a-dirty,data/goa/2022/list-of-validly-nominated-candidates-tiswadivp_2022.pdf,23,page,
goa/gp_ward/2022,552a19207a3a,Goa|2022|gp_ward|North Goa|Tiswadi|St.Andre (Goa Velha)|IX|,1,Goa,2022,North Goa,Tiswadi,St.Andre (Goa Velha),gram_panchayat,IX,,gp_ward,ward,BC,BC,sc_st_bc,1,BC Woman,OBC Women,all_seats,seat,,,,,,,latin,local_elections,e0ae2676d62a-dirty,data/goa/2022/list-of-validly-nominated-candidates-tiswadivp_2022.pdf,23,page,
goa/gp_ward/2022,54f003c18539,Goa|2022|gp_ward|North Goa|Tiswadi|Azossim-Mandur|I|,1,Goa,2022,North Goa,Tiswadi,Azossim-Mandur,gram_panchayat,I,,gp_ward,ward,NONE,NONE,sc_st_bc,1,Woman,Women,all_seats,seat,,,,,,,latin,local_elections,e0ae2676d62a-dirty,data/goa/2022/list-of-validly-nominated-candidates-tiswadivp_2022.pdf,23,page,
goa/gp_ward/2022,65f158c22432,Goa|2022|gp_ward|North Goa|Tiswadi|Azossim-Mandur|II|,1,Goa,2022,North Goa,Tiswadi,Azossim-Mandur,gram_panchayat,II,,gp_ward,ward,NONE,NONE,sc_st_bc,1,Woman,Women,all_seats,seat,,,,,,,latin,local_elections,e0ae2676d62a-dirty,data/goa/2022/list-of-validly-nominated-candidates-tiswadivp_2022.pdf,23,page,
goa/gp_ward/2022,3bc149b4e7d5,Goa|2022|gp_ward|North Goa|Tiswadi|Azossim-Mandur|III|,1,Goa,2022,North Goa,Tiswadi,Azossim-Mandur,gram_panchayat,III,,gp_ward,ward,NONE,NONE,sc_st_bc,0,Other than Woman,General,all_seats,seat,,,,,,,latin,local_elections,e0ae2676d62a-dirty,data/goa/2022/list-of-validly-nominated-candidates-tiswadivp_2022.pdf,23,page,
goa/gp_ward/2022,37fc4d0b3f74,Goa|2022|gp_ward|North Goa|Tiswadi|Azossim-Mandur|IV|,1,Goa,2022,North Goa,Tiswadi,Azossim-Mandur,gram_panchayat,IV,,gp_ward,ward,NONE,NONE,sc_st_bc,0,Other than Woman,General,all_seats,seat,,,,,,,latin,local_elections,e0ae2676d62a-dirty,data/goa/2022/list-of-validly-nominated-candidates-tiswadivp_2022.pdf,24,page,
goa/gp_ward/2022,abaa4f829157,Goa|2022|gp_ward|North Goa|Tiswadi|Azossim-Mandur|V|,1,Goa,2022,North Goa,Tiswadi,Azossim-Mandur,gram_panchayat,V,,gp_ward,ward,ST,ST,sc_st_bc,0,ST Other than Woman,ST,all_seats,seat,,,,,,,latin,local_elections,e0ae2676d62a-dirty,data/goa/2022/list-of-validly-nominated-candidates-tiswadivp_2022.pdf,24,page,
goa/gp_ward/2022,9ac1732d3955,Goa|2022|gp_ward|North Goa|Tiswadi|Azossim-Mandur|VI|,1,Goa,2022,North Goa,Tiswadi,Azossim-Mandur,gram_panchayat,VI,,gp_ward,ward,BC,BC,sc_st_bc,0,BC Other than Woman,OBC,all_seats,seat,,,,,,,latin,local_elections,e0ae2676d62a-dirty,data/goa/2022/list-of-validly-nominated-candidates-tiswadivp_2022.pdf,24,page,
goa/gp_ward/2022,f159d7d12604,Goa|2022|gp_ward|North Goa|Tiswadi|Azossim-Mandur|VII|,1,Goa,2022,North Goa,Tiswadi,Azossim-Mandur,gram_panchayat,VII,,gp_ward,ward,BC,BC,sc_st_bc,1,BC Woman,OBC Women,all_seats,seat,,,,,,,latin,local_elections,e0ae2676d62a-dirty,data/goa/2022/list-of-validly-nominated-candidates-tiswadivp_2022.pdf,24,page,
goa/gp_ward/2022,8f53bdda585a,Goa|2022|gp_ward|North Goa|Tiswadi|Neura|I|,1,Goa,2022,North Goa,Tiswadi,Neura,gram_panchayat,I,,gp_ward,ward,BC,BC,sc_st_bc,0,BC Other than Woman,OBC,all_seats,seat,,,,,,,latin,local_elections,e0ae2676d62a-dirty,data/goa/2022/list-of-validly-nominated-candidates-tiswadivp_2022.pdf,24,page,
goa/gp_ward/2022,f4cbda336f3d,Goa|2022|gp_ward|North Goa|Tiswadi|Neura|II|,1,Goa,2022,North Goa,Tiswadi,Neura,gram_panchayat,II,,gp_ward,ward,NONE,NONE,sc_st_bc,1,Woman,Women,all_seats,seat,,,,,,,latin,local_elections,e0ae2676d62a-dirty,data/goa/2022/list-of-validly-nominated-candidates-tiswadivp_2022.pdf,25,page,
goa/gp_ward/2022,65800e69f61c,Goa|2022|gp_ward|North Goa|Tiswadi|Neura|III|,1,Goa,2022,North Goa,Tiswadi,Neura,gram_panchayat,III,,gp_ward,ward,BC,BC,sc_st_bc,0,BC Other than Woman,OBC,all_seats,seat,,,,,,,latin,local_elections,e0ae2676d62a-dirty,data/goa/2022/list-of-validly-nominated-candidates-tiswadivp_2022.pdf,25,page,
goa/gp_ward/2022,d6950679789e,Goa|2022|gp_ward|North Goa|Tiswadi|Neura|IV|,1,Goa,2022,North Goa,Tiswadi,Neura,gram_panchayat,IV,,gp_ward,ward,NONE,NONE,sc_st_bc,0,Other than Woman,General,all_seats,seat,,,,,,,latin,local_elections,e0ae2676d62a-dirty,data/goa/2022/list-of-validly-nominated-candidates-tiswadivp_2022.pdf,25,page,
goa/gp_ward/2022,952a73e49806,Goa|2022|gp_ward|North Goa|Tiswadi|Neura|V|,1,Goa,2022,North Goa,Tiswadi,Neura,gram_panchayat,V,,gp_ward,ward,NONE,NONE,sc_st_bc,0,Other than Woman,General,all_seats,seat,,,,,,,latin,local_elections,e0ae2676d62a-dirty,data/goa/2022/list-of-validly-nominated-candidates-tiswadivp_2022.pdf,25,page,
goa/gp_ward/2022,7f12058957c4,Goa|2022|gp_ward|North Goa|Tiswadi|Neura|VI|,1,Goa,2022,North Goa,Tiswadi,Neura,gram_panchayat,VI,,gp_ward,ward,NONE,NONE,sc_st_bc,1,Woman,Women,all_seats,seat,,,,,,,latin,local_elections,e0ae2676d62a-dirty,data/goa/2022/list-of-validly-nominated-candidates-tiswadivp_2022.pdf,25,page,
goa/gp_ward/2022,f4f84896ea62,Goa|2022|gp_ward|North Goa|Tiswadi|Neura|VII|,1,Goa,2022,North Goa,Tiswadi,Neura,gram_panchayat,VII,,gp_ward,ward,BC,BC,sc_st_bc,1,BC Woman,OBC Women,all_seats,seat,,,,,,,latin,local_elections,e0ae2676d62a-dirty,data/goa/2022/list-of-validly-nominated-candidates-tiswadivp_2022.pdf,25,page,
goa/gp_ward/2022,20f699f58ac9,Goa|2022|gp_ward|North Goa|Tiswadi|Chodan-Madel|I|,1,Goa,2022,North Goa,Tiswadi,Chodan-Madel,gram_panchayat,I,,gp_ward,ward,BC,BC,sc_st_bc,0,BC Other than Woman,OBC,all_seats,seat,,,,,,,latin,local_elections,e0ae2676d62a-dirty,data/goa/2022/list-of-validly-nominated-candidates-tiswadivp_2022.pdf,25,page,
goa/gp_ward/2022,d90d908a78e1,Goa|2022|gp_ward|North Goa|Tiswadi|Chodan-Madel|II|,1,Goa,2022,North Goa,Tiswadi,Chodan-Madel,gram_panchayat,II,,gp_ward,ward,ST,ST,sc_st_bc,0,ST Other than Woman,ST,all_seats,seat,,,,,,,latin,local_elections,e0ae2676d62a-dirty,data/goa/2022/list-of-validly-nominated-candidates-tiswadivp_2022.pdf,26,page,
goa/gp_ward/2022,2fd0ee0e504c,Goa|2022|gp_ward|North Goa|Tiswadi|Chodan-Madel|III|,1,Goa,2022,North Goa,Tiswadi,Chodan-Madel,gram_panchayat,III,,gp_ward,ward,NONE,NONE,sc_st_bc,0,Other than Woman,General,all_seats,seat,,,,,,,latin,local_elections,e0ae2676d62a-dirty,data/goa/2022/list-of-validly-nominated-candidates-tiswadivp_2022.pdf,26,page,
goa/gp_ward/2022,972ed267093c,Goa|2022|gp_ward|North Goa|Tiswadi|Chodan-Madel|IV|,1,Goa,2022,North Goa,Tiswadi,Chodan-Madel,gram_panchayat,IV,,gp_ward,ward,NONE,NONE,sc_st_bc,1,Woman,Women,all_seats,seat,,,,,,,latin,local_elections,e0ae2676d62a-dirty,data/goa/2022/list-of-validly-nominated-candidates-tiswadivp_2022.pdf,26,page,
goa/gp_ward/2022,3706cac17b26,Goa|2022|gp_ward|North Goa|Tiswadi|Chodan-Madel|V|,1,Goa,2022,North Goa,Tiswadi,Chodan-Madel,gram_panchayat,V,,gp_ward,ward,NONE,NONE,sc_st_bc,0,Other than Woman,General,all_seats,seat,,,,,,,latin,local_elections,e0ae2676d62a-dirty,data/goa/2022/list-of-validly-nominated-candidates-tiswadivp_2022.pdf,26,page,
goa/gp_ward/2022,5dbcc7737a89,Goa|2022|gp_ward|North Goa|Tiswadi|Chodan-Madel|VI|,1,Goa,2022,North Goa,Tiswadi,Chodan-Madel,gram_panchayat,VI,,gp_ward,ward,NONE,NONE,sc_st_bc,0,Other than Woman,General,all_seats,seat,,,,,,,latin,local_elections,e0ae2676d62a-dirty,data/goa/2022/list-of-validly-nominated-candidates-tiswadivp_2022.pdf,26,page,
goa/gp_ward/2022,364e3b265dbb,Goa|2022|gp_ward|North Goa|Tiswadi|Chodan-Madel|VII|,1,Goa,2022,North Goa,Tiswadi,Chodan-Madel,gram_panchayat,VII,,gp_ward,ward,BC,BC,sc_st_bc,1,BC Woman,OBC Women,all_seats,seat,,,,,,,latin,local_elections,e0ae2676d62a-dirty,data/goa/2022/list-of-validly-nominated-candidates-tiswadivp_2022.pdf,27,page,
goa/gp_ward/2022,69c588bd1cf8,Goa|2022|gp_ward|North Goa|Tiswadi|Chodan-Madel|VIII|,1,Goa,2022,North Goa,Tiswadi,Chodan-Madel,gram_panchayat,VIII,,gp_ward,ward,BC,BC,sc_st_bc,0,BC Other than Woman,OBC,all_seats,seat,,,,,,,latin,local_elections,e0ae2676d62a-dirty,data/goa/2022/list-of-validly-nominated-candidates-tiswadivp_2022.pdf,27,page,
goa/gp_ward/2022,c7d325012326,Goa|2022|gp_ward|North Goa|Tiswadi|Chodan-Madel|IX|,1,Goa,2022,North Goa,Tiswadi,Chodan-Madel,gram_panchayat,IX,,gp_ward,ward,NONE,NONE,sc_st_bc,1,Woman,Women,all_seats,seat,,,,,,,latin,local_elections,e0ae2676d62a-dirty,data/goa/2022/list-of-validly-nominated-candidates-tiswadivp_2022.pdf,27,page,
