seat_key,rows,dataset_id,row_id
Jharkhand|2015|||gp_head|Pakur|||||||,126,jharkhand/gp_head/2015,9211cf48fc5a
Jharkhand|2015|||gp_head|Pakur|||||||,126,jharkhand/gp_head/2015,3fee37ede4cb
Jharkhand|2015|||gp_head|Pakur|||||||,126,jharkhand/gp_head/2015,82584f461c3e
Jharkhand|2015|||gp_head|Pakur|||||||,126,jharkhand/gp_head/2015,8431f1f569b1
Jharkhand|2015|||gp_head|Pakur|||||||,126,jharkhand/gp_head/2015,7f5887ab4a03
Jharkhand|2015|||gp_head|Pakur|||||||,126,jharkhand/gp_head/2015,fa334c094b8a
Jharkhand|2015|||gp_head|Pakur|||||||,126,jharkhand/gp_head/2015,130d58761294
Jharkhand|2015|||gp_head|Pakur|||||||,126,jharkhand/gp_head/2015,23b2e7d49b0d
Jharkhand|2015|||gp_head|Pakur|||||||,126,jharkhand/gp_head/2015,57d2fe89049a
Jharkhand|2015|||gp_head|Pakur|||||||,126,jharkhand/gp_head/2015,7db1dd3c6856
Jharkhand|2015|||gp_head|Pakur|||||||,126,jharkhand/gp_head/2015,d8c969303084
Jharkhand|2015|||gp_head|Pakur|||||||,126,jharkhand/gp_head/2015,f00cb424f65b
Jharkhand|2015|||gp_head|Pakur|||||||,126,jharkhand/gp_head/2015,2147ab70dc2e
Jharkhand|2015|||gp_head|Pakur|||||||,126,jharkhand/gp_head/2015,d7d08b37d13e
Jharkhand|2015|||gp_head|Pakur|||||||,126,jharkhand/gp_head/2015,82e50dbc375a
Jharkhand|2015|||gp_head|Pakur|||||||,126,jharkhand/gp_head/2015,61fac55abb32
Jharkhand|2015|||gp_head|Pakur|||||||,126,jharkhand/gp_head/2015,5fa130661f53
Jharkhand|2015|||gp_head|Pakur|||||||,126,jharkhand/gp_head/2015,61eb819737a6
Jharkhand|2015|||gp_head|Pakur|||||||,126,jharkhand/gp_head/2015,ad5707a0f75f
Jharkhand|2015|||gp_head|Pakur|||||||,126,jharkhand/gp_head/2015,18d54f1200a2
Jharkhand|2015|||gp_head|Pakur|||||||,126,jharkhand/gp_head/2015,080606ef7be3
Jharkhand|2015|||gp_head|Pakur|||||||,126,jharkhand/gp_head/2015,990bba5fe67d
Jharkhand|2015|||gp_head|Pakur|||||||,126,jharkhand/gp_head/2015,89fb6c00cc54
Jharkhand|2015|||gp_head|Pakur|||||||,126,jharkhand/gp_head/2015,7a97c1d864ea
Jharkhand|2015|||gp_head|Pakur|||||||,126,jharkhand/gp_head/2015,eb880de1de26
Jharkhand|2015|||gp_head|Pakur|||||||,126,jharkhand/gp_head/2015,32128613b4af
Jharkhand|2015|||gp_head|Pakur|||||||,126,jharkhand/gp_head/2015,2d5b67ba1178
Jharkhand|2015|||gp_head|Pakur|||||||,126,jharkhand/gp_head/2015,3994e3b0b61f
Jharkhand|2015|||gp_head|Pakur|||||||,126,jharkhand/gp_head/2015,e4db7212b592
Jharkhand|2015|||gp_head|Pakur|||||||,126,jharkhand/gp_head/2015,1a8fda3a35f2
Jharkhand|2015|||gp_head|Pakur|||||||,126,jharkhand/gp_head/2015,81e6af7f9e06
Jharkhand|2015|||gp_head|Pakur|||||||,126,jharkhand/gp_head/2015,739434084a1e
Jharkhand|2015|||gp_head|Pakur|||||||,126,jharkhand/gp_head/2015,c9ea9322aca9
Jharkhand|2015|||gp_head|Pakur|||||||,126,jharkhand/gp_head/2015,4a2500a780c5
Jharkhand|2015|||gp_head|Pakur|||||||,126,jharkhand/gp_head/2015,40bb9e370f90
Jharkhand|2015|||gp_head|Pakur|||||||,126,jharkhand/gp_head/2015,3780c5d735a9
Jharkhand|2015|||gp_head|Pakur|||||||,126,jharkhand/gp_head/2015,2e0c3f4c624f
Jharkhand|2015|||gp_head|Pakur|||||||,126,jharkhand/gp_head/2015,7836ac4dff74
Jharkhand|2015|||gp_head|Pakur|||||||,126,jharkhand/gp_head/2015,0381ac41d715
Jharkhand|2015|||gp_head|Pakur|||||||,126,jharkhand/gp_head/2015,507e8d88de2e
Jharkhand|2015|||gp_head|Pakur|||||||,126,jharkhand/gp_head/2015,932495336963
Jharkhand|2015|||gp_head|Pakur|||||||,126,jharkhand/gp_head/2015,112990de8697
Jharkhand|2015|||gp_head|Pakur|||||||,126,jharkhand/gp_head/2015,32c1d0f6bd5c
Jharkhand|2015|||gp_head|Pakur|||||||,126,jharkhand/gp_head/2015,315b2af334e1
Jharkhand|2015|||gp_head|Pakur|||||||,126,jharkhand/gp_head/2015,f03f4a882fdb
Jharkhand|2015|||gp_head|Pakur|||||||,126,jharkhand/gp_head/2015,8d1a5c05703f
Jharkhand|2015|||gp_head|Pakur|||||||,126,jharkhand/gp_head/2015,4ffbef62cb62
Jharkhand|2015|||gp_head|Pakur|||||||,126,jharkhand/gp_head/2015,c53eef1a7a4b
Jharkhand|2015|||gp_head|Pakur|||||||,126,jharkhand/gp_head/2015,95b6c4bc635c
Jharkhand|2015|||gp_head|Pakur|||||||,126,jharkhand/gp_head/2015,5ee8936c3202
Jharkhand|2015|||gp_head|Pakur|||||||,126,jharkhand/gp_head/2015,6310052df593
Jharkhand|2015|||gp_head|Pakur|||||||,126,jharkhand/gp_head/2015,d64149986473
Jharkhand|2015|||gp_head|Pakur|||||||,126,jharkhand/gp_head/2015,6a94dd1cf1a0
Jharkhand|2015|||gp_head|Pakur|||||||,126,jharkhand/gp_head/2015,b4fb25b8154e
Jharkhand|2015|||gp_head|Pakur|||||||,126,jharkhand/gp_head/2015,e0b53cde9847
Jharkhand|2015|||gp_head|Pakur|||||||,126,jharkhand/gp_head/2015,794a2c7d6304
Jharkhand|2015|||gp_head|Pakur|||||||,126,jharkhand/gp_head/2015,7d08ad1007e5
Jharkhand|2015|||gp_head|Pakur|||||||,126,jharkhand/gp_head/2015,2677f3f61cad
Jharkhand|2015|||gp_head|Pakur|||||||,126,jharkhand/gp_head/2015,6dbd0cf54dcf
Jharkhand|2015|||gp_head|Pakur|||||||,126,jharkhand/gp_head/2015,2f3bfce68d2e
Jharkhand|2015|||gp_head|Pakur|||||||,126,jharkhand/gp_head/2015,30a3dd4ccb29
Jharkhand|2015|||gp_head|Pakur|||||||,126,jharkhand/gp_head/2015,cc9e84ae269c
Jharkhand|2015|||gp_head|Pakur|||||||,126,jharkhand/gp_head/2015,e2f87c6bf922
Jharkhand|2015|||gp_head|Pakur|||||||,126,jharkhand/gp_head/2015,96048e0c2f84
Jharkhand|2015|||gp_head|Pakur|||||||,126,jharkhand/gp_head/2015,f77ef19d2677
Jharkhand|2015|||gp_head|Pakur|||||||,126,jharkhand/gp_head/2015,794eb346ca4c
Jharkhand|2015|||gp_head|Pakur|||||||,126,jharkhand/gp_head/2015,f28c67d4783f
Jharkhand|2015|||gp_head|Pakur|||||||,126,jharkhand/gp_head/2015,9124a5da1cbd
Jharkhand|2015|||gp_head|Pakur|||||||,126,jharkhand/gp_head/2015,04340270f9a9
Jharkhand|2015|||gp_head|Pakur|||||||,126,jharkhand/gp_head/2015,5ed6ee36ecc0
Jharkhand|2015|||gp_head|Pakur|||||||,126,jharkhand/gp_head/2015,28430ecab259
Jharkhand|2015|||gp_head|Pakur|||||||,126,jharkhand/gp_head/2015,5f5679a25ed9
Jharkhand|2015|||gp_head|Pakur|||||||,126,jharkhand/gp_head/2015,fc0556a4fc58
Jharkhand|2015|||gp_head|Pakur|||||||,126,jharkhand/gp_head/2015,643b989da666
Jharkhand|2015|||gp_head|Pakur|||||||,126,jharkhand/gp_head/2015,59cf6e1e263e
Jharkhand|2015|||gp_head|Pakur|||||||,126,jharkhand/gp_head/2015,c3208edc5446
Jharkhand|2015|||gp_head|Pakur|||||||,126,jharkhand/gp_head/2015,1521f42eec1d
Jharkhand|2015|||gp_head|Pakur|||||||,126,jharkhand/gp_head/2015,eb9941b5ab7d
Jharkhand|2015|||gp_head|Pakur|||||||,126,jharkhand/gp_head/2015,3b3126448c0a
Jharkhand|2015|||gp_head|Pakur|||||||,126,jharkhand/gp_head/2015,dd2402546af3
Jharkhand|2015|||gp_head|Pakur|||||||,126,jharkhand/gp_head/2015,9cdbaf1d1a71
Jharkhand|2015|||gp_head|Pakur|||||||,126,jharkhand/gp_head/2015,5a75b97753bf
Jharkhand|2015|||gp_head|Pakur|||||||,126,jharkhand/gp_head/2015,c5c75390d3a2
Jharkhand|2015|||gp_head|Pakur|||||||,126,jharkhand/gp_head/2015,1e4b726d1aef
Jharkhand|2015|||gp_head|Pakur|||||||,126,jharkhand/gp_head/2015,6dcde1d4ada7
Jharkhand|2015|||gp_head|Pakur|||||||,126,jharkhand/gp_head/2015,6d9391b3a633
Jharkhand|2015|||gp_head|Pakur|||||||,126,jharkhand/gp_head/2015,7408d968e762
Jharkhand|2015|||gp_head|Pakur|||||||,126,jharkhand/gp_head/2015,732c937bd234
Jharkhand|2015|||gp_head|Pakur|||||||,126,jharkhand/gp_head/2015,49e3c429cfd0
Jharkhand|2015|||gp_head|Pakur|||||||,126,jharkhand/gp_head/2015,96c752cbbdc3
Jharkhand|2015|||gp_head|Pakur|||||||,126,jharkhand/gp_head/2015,ad7c87a5febd
Jharkhand|2015|||gp_head|Pakur|||||||,126,jharkhand/gp_head/2015,4b78d3eee305
Jharkhand|2015|||gp_head|Pakur|||||||,126,jharkhand/gp_head/2015,370e7c07c67a
Jharkhand|2015|||gp_head|Pakur|||||||,126,jharkhand/gp_head/2015,0d3c4fb8b63c
Jharkhand|2015|||gp_head|Pakur|||||||,126,jharkhand/gp_head/2015,9d2e12ebc928
Jharkhand|2015|||gp_head|Pakur|||||||,126,jharkhand/gp_head/2015,2b6c3c322266
Jharkhand|2015|||gp_head|Pakur|||||||,126,jharkhand/gp_head/2015,d5ef87774259
Jharkhand|2015|||gp_head|Pakur|||||||,126,jharkhand/gp_head/2015,9f9752ceb125
Jharkhand|2015|||gp_head|Pakur|||||||,126,jharkhand/gp_head/2015,6365c7c46585
Jharkhand|2015|||gp_head|Pakur|||||||,126,jharkhand/gp_head/2015,53eb9c5880c4
Jharkhand|2015|||gp_head|Pakur|||||||,126,jharkhand/gp_head/2015,3ed1aef259ed
Jharkhand|2015|||gp_head|Pakur|||||||,126,jharkhand/gp_head/2015,44740af4d216
Jharkhand|2015|||gp_head|Pakur|||||||,126,jharkhand/gp_head/2015,d52f290da931
Jharkhand|2015|||gp_head|Pakur|||||||,126,jharkhand/gp_head/2015,482e4b348253
Jharkhand|2015|||gp_head|Pakur|||||||,126,jharkhand/gp_head/2015,541e1d665e6b
Jharkhand|2015|||gp_head|Pakur|||||||,126,jharkhand/gp_head/2015,706d2748dcb2
Jharkhand|2015|||gp_head|Pakur|||||||,126,jharkhand/gp_head/2015,c401dec0ac3e
Jharkhand|2015|||gp_head|Pakur|||||||,126,jharkhand/gp_head/2015,19ff2b7a05cc
Jharkhand|2015|||gp_head|Pakur|||||||,126,jharkhand/gp_head/2015,ac7b04818532
Jharkhand|2015|||gp_head|Pakur|||||||,126,jharkhand/gp_head/2015,8cd5a741e07e
Jharkhand|2015|||gp_head|Pakur|||||||,126,jharkhand/gp_head/2015,fdd2ccabcf31
Jharkhand|2015|||gp_head|Pakur|||||||,126,jharkhand/gp_head/2015,17b2139373bc
Jharkhand|2015|||gp_head|Pakur|||||||,126,jharkhand/gp_head/2015,ec410151f89f
Jharkhand|2015|||gp_head|Pakur|||||||,126,jharkhand/gp_head/2015,93f503578e2f
Jharkhand|2015|||gp_head|Pakur|||||||,126,jharkhand/gp_head/2015,661a216b3d4d
Jharkhand|2015|||gp_head|Pakur|||||||,126,jharkhand/gp_head/2015,b865740c920f
Jharkhand|2015|||gp_head|Pakur|||||||,126,jharkhand/gp_head/2015,31a93bd2d8e7
Jharkhand|2015|||gp_head|Pakur|||||||,126,jharkhand/gp_head/2015,e3865ce8973e
Jharkhand|2015|||gp_head|Pakur|||||||,126,jharkhand/gp_head/2015,ba00d43995ef
Jharkhand|2015|||gp_head|Pakur|||||||,126,jharkhand/gp_head/2015,394583662ea5
Jharkhand|2015|||gp_head|Pakur|||||||,126,jharkhand/gp_head/2015,169724dac9fb
Jharkhand|2015|||gp_head|Pakur|||||||,126,jharkhand/gp_head/2015,5d4cd80e6d72
Jharkhand|2015|||gp_head|Pakur|||||||,126,jharkhand/gp_head/2015,e50c272006fd
Jharkhand|2015|||gp_head|Pakur|||||||,126,jharkhand/gp_head/2015,fa01bf96a6c7
Jharkhand|2015|||gp_head|Pakur|||||||,126,jharkhand/gp_head/2015,2b893738cb2d
Jharkhand|2015|||gp_head|Pakur|||||||,126,jharkhand/gp_head/2015,32fd9dd35c0a
Jharkhand|2015|||gp_ward|Lohardaga|||||||,57,jharkhand/gp_ward/2015,e5ca39c71856
Jharkhand|2015|||gp_ward|Lohardaga|||||||,57,jharkhand/gp_ward/2015,c31f97f66428
Jharkhand|2015|||gp_ward|Lohardaga|||||||,57,jharkhand/gp_ward/2015,c917c42a0d6e
Jharkhand|2015|||gp_ward|Lohardaga|||||||,57,jharkhand/gp_ward/2015,719a900aec84
Jharkhand|2015|||gp_ward|Lohardaga|||||||,57,jharkhand/gp_ward/2015,213d60e5ee20
Jharkhand|2015|||gp_ward|Lohardaga|||||||,57,jharkhand/gp_ward/2015,97af4e8e8b60
Jharkhand|2015|||gp_ward|Lohardaga|||||||,57,jharkhand/gp_ward/2015,7f9fb109feb7
Jharkhand|2015|||gp_ward|Lohardaga|||||||,57,jharkhand/gp_ward/2015,ee8bd504bf04
Jharkhand|2015|||gp_ward|Lohardaga|||||||,57,jharkhand/gp_ward/2015,6ac85a4d9ecf
Jharkhand|2015|||gp_ward|Lohardaga|||||||,57,jharkhand/gp_ward/2015,e713428aac8a
Jharkhand|2015|||gp_ward|Lohardaga|||||||,57,jharkhand/gp_ward/2015,a34bd0e8b52d
Jharkhand|2015|||gp_ward|Lohardaga|||||||,57,jharkhand/gp_ward/2015,f52eef17ff04
Jharkhand|2015|||gp_ward|Lohardaga|||||||,57,jharkhand/gp_ward/2015,ccf97d4418f6
Jharkhand|2015|||gp_ward|Lohardaga|||||||,57,jharkhand/gp_ward/2015,d9be7b678bdc
Jharkhand|2015|||gp_ward|Lohardaga|||||||,57,jharkhand/gp_ward/2015,7546a19223fc
Jharkhand|2015|||gp_ward|Lohardaga|||||||,57,jharkhand/gp_ward/2015,44881221421a
Jharkhand|2015|||gp_ward|Lohardaga|||||||,57,jharkhand/gp_ward/2015,e5af22de227f
Jharkhand|2015|||gp_ward|Lohardaga|||||||,57,jharkhand/gp_ward/2015,33d8c23a6358
Jharkhand|2015|||gp_ward|Lohardaga|||||||,57,jharkhand/gp_ward/2015,abad7d8627f5
Jharkhand|2015|||gp_ward|Lohardaga|||||||,57,jharkhand/gp_ward/2015,9b9286d1dc3c
Jharkhand|2015|||gp_ward|Lohardaga|||||||,57,jharkhand/gp_ward/2015,591544a044d4
Jharkhand|2015|||gp_ward|Lohardaga|||||||,57,jharkhand/gp_ward/2015,8cd4dd5a1d8a
Jharkhand|2015|||gp_ward|Lohardaga|||||||,57,jharkhand/gp_ward/2015,54709792f272
Jharkhand|2015|||gp_ward|Lohardaga|||||||,57,jharkhand/gp_ward/2015,cebb04e4e78d
Jharkhand|2015|||gp_ward|Lohardaga|||||||,57,jharkhand/gp_ward/2015,9d4b5a9f8a8e
Jharkhand|2015|||gp_ward|Lohardaga|||||||,57,jharkhand/gp_ward/2015,a541f8b28197
Jharkhand|2015|||gp_ward|Lohardaga|||||||,57,jharkhand/gp_ward/2015,be1f3a49024c
Jharkhand|2015|||gp_ward|Lohardaga|||||||,57,jharkhand/gp_ward/2015,74db3dace0b6
Jharkhand|2015|||gp_ward|Lohardaga|||||||,57,jharkhand/gp_ward/2015,5f8f4f9c401e
Jharkhand|2015|||gp_ward|Lohardaga|||||||,57,jharkhand/gp_ward/2015,21e7f39ab538
Jharkhand|2015|||gp_ward|Lohardaga|||||||,57,jharkhand/gp_ward/2015,042cc3ef389e
Jharkhand|2015|||gp_ward|Lohardaga|||||||,57,jharkhand/gp_ward/2015,49b1c6a4f8a5
Jharkhand|2015|||gp_ward|Lohardaga|||||||,57,jharkhand/gp_ward/2015,a4a8446959b1
Jharkhand|2015|||gp_ward|Lohardaga|||||||,57,jharkhand/gp_ward/2015,89ce674cfaf9
Jharkhand|2015|||gp_ward|Lohardaga|||||||,57,jharkhand/gp_ward/2015,79b62cd3a0be
Jharkhand|2015|||gp_ward|Lohardaga|||||||,57,jharkhand/gp_ward/2015,da5e89ad81b0
Jharkhand|2015|||gp_ward|Lohardaga|||||||,57,jharkhand/gp_ward/2015,e353e9f8baf2
Jharkhand|2015|||gp_ward|Lohardaga|||||||,57,jharkhand/gp_ward/2015,ca2f1593165b
Jharkhand|2015|||gp_ward|Lohardaga|||||||,57,jharkhand/gp_ward/2015,8ddf4e54334e
Jharkhand|2015|||gp_ward|Lohardaga|||||||,57,jharkhand/gp_ward/2015,5f7a076a19e9
Jharkhand|2015|||gp_ward|Lohardaga|||||||,57,jharkhand/gp_ward/2015,9775d5431212
Jharkhand|2015|||gp_ward|Lohardaga|||||||,57,jharkhand/gp_ward/2015,bd0735318a5a
Jharkhand|2015|||gp_ward|Lohardaga|||||||,57,jharkhand/gp_ward/2015,bcc6c8235a2f
Jharkhand|2015|||gp_ward|Lohardaga|||||||,57,jharkhand/gp_ward/2015,35ad6792e48f
Jharkhand|2015|||gp_ward|Lohardaga|||||||,57,jharkhand/gp_ward/2015,ba004773b7c4
Jharkhand|2015|||gp_ward|Lohardaga|||||||,57,jharkhand/gp_ward/2015,24e9effabae5
Jharkhand|2015|||gp_ward|Lohardaga|||||||,57,jharkhand/gp_ward/2015,0d509134eeaa
Jharkhand|2015|||gp_ward|Lohardaga|||||||,57,jharkhand/gp_ward/2015,ad2159f2c0b5
Jharkhand|2015|||gp_ward|Lohardaga|||||||,57,jharkhand/gp_ward/2015,d5c75e2e1908
Jharkhand|2015|||gp_ward|Lohardaga|||||||,57,jharkhand/gp_ward/2015,5ecd8fe411f3
Jharkhand|2015|||gp_ward|Lohardaga|||||||,57,jharkhand/gp_ward/2015,24dfd58efc22
Jharkhand|2015|||gp_ward|Lohardaga|||||||,57,jharkhand/gp_ward/2015,19e8837a8ec5
Jharkhand|2015|||gp_ward|Lohardaga|||||||,57,jharkhand/gp_ward/2015,ce6e4abe7616
Jharkhand|2015|||gp_ward|Lohardaga|||||||,57,jharkhand/gp_ward/2015,70535ef3e2cd
Jharkhand|2015|||gp_ward|Lohardaga|||||||,57,jharkhand/gp_ward/2015,095b782f0b5e
Jharkhand|2015|||gp_ward|Lohardaga|||||||,57,jharkhand/gp_ward/2015,efc662146ef5
Jharkhand|2015|||gp_ward|Lohardaga|||||||,57,jharkhand/gp_ward/2015,35860a49732a
Jharkhand|2015|||block_member|East Singhbhum|||||||,43,jharkhand/block_member/2015,aad545fc2c75
Jharkhand|2015|||block_member|East Singhbhum|||||||,43,jharkhand/block_member/2015,651c6c1b56fc
Jharkhand|2015|||block_member|East Singhbhum|||||||,43,jharkhand/block_member/2015,f3ab1df38243
Jharkhand|2015|||block_member|East Singhbhum|||||||,43,jharkhand/block_member/2015,7f2d530645e3
Jharkhand|2015|||block_member|East Singhbhum|||||||,43,jharkhand/block_member/2015,2fa587fc3061
Jharkhand|2015|||block_member|East Singhbhum|||||||,43,jharkhand/block_member/2015,76e85e38c270
Jharkhand|2015|||block_member|East Singhbhum|||||||,43,jharkhand/block_member/2015,cb127b9d864e
Jharkhand|2015|||block_member|East Singhbhum|||||||,43,jharkhand/block_member/2015,ef635fcd2978
Jharkhand|2015|||block_member|East Singhbhum|||||||,43,jharkhand/block_member/2015,2340d2924c59
Jharkhand|2015|||block_member|East Singhbhum|||||||,43,jharkhand/block_member/2015,d8de8794d576
Jharkhand|2015|||block_member|East Singhbhum|||||||,43,jharkhand/block_member/2015,49c3726d2c04
Jharkhand|2015|||block_member|East Singhbhum|||||||,43,jharkhand/block_member/2015,5e9155ec8e55
Jharkhand|2015|||block_member|East Singhbhum|||||||,43,jharkhand/block_member/2015,1de73aea7792
Jharkhand|2015|||block_member|East Singhbhum|||||||,43,jharkhand/block_member/2015,909943aad562
Jharkhand|2015|||block_member|East Singhbhum|||||||,43,jharkhand/block_member/2015,3c475012406b
Jharkhand|2015|||block_member|East Singhbhum|||||||,43,jharkhand/block_member/2015,834f2418ad1d
Jharkhand|2015|||block_member|East Singhbhum|||||||,43,jharkhand/block_member/2015,8fbb27524d20
Jharkhand|2015|||block_member|East Singhbhum|||||||,43,jharkhand/block_member/2015,2775321db780
Jharkhand|2015|||block_member|East Singhbhum|||||||,43,jharkhand/block_member/2015,09ba4a40a2b6
Jharkhand|2015|||block_member|East Singhbhum|||||||,43,jharkhand/block_member/2015,bf96fa7b8cb3
Jharkhand|2015|||block_member|East Singhbhum|||||||,43,jharkhand/block_member/2015,d54e997f2398
Jharkhand|2015|||block_member|East Singhbhum|||||||,43,jharkhand/block_member/2015,ef30a8086db4
Jharkhand|2015|||block_member|East Singhbhum|||||||,43,jharkhand/block_member/2015,15b371b5ab7a
Jharkhand|2015|||block_member|East Singhbhum|||||||,43,jharkhand/block_member/2015,2ccd90c63c09
Jharkhand|2015|||block_member|East Singhbhum|||||||,43,jharkhand/block_member/2015,1a8fcb3e4fa7
Jharkhand|2015|||block_member|East Singhbhum|||||||,43,jharkhand/block_member/2015,56bf1d4f6ac2
Jharkhand|2015|||block_member|East Singhbhum|||||||,43,jharkhand/block_member/2015,30e12f21e238
Jharkhand|2015|||block_member|East Singhbhum|||||||,43,jharkhand/block_member/2015,207c24ddd70a
Jharkhand|2015|||block_member|East Singhbhum|||||||,43,jharkhand/block_member/2015,2c23aeb75377
Jharkhand|2015|||block_member|East Singhbhum|||||||,43,jharkhand/block_member/2015,97af918ef9bc
Jharkhand|2015|||block_member|East Singhbhum|||||||,43,jharkhand/block_member/2015,5d84166403b5
Jharkhand|2015|||block_member|East Singhbhum|||||||,43,jharkhand/block_member/2015,a68af71f3404
Jharkhand|2015|||block_member|East Singhbhum|||||||,43,jharkhand/block_member/2015,9217979a5a10
Jharkhand|2015|||block_member|East Singhbhum|||||||,43,jharkhand/block_member/2015,914e408e30ac
Jharkhand|2015|||block_member|East Singhbhum|||||||,43,jharkhand/block_member/2015,64ab71de5b28
Jharkhand|2015|||block_member|East Singhbhum|||||||,43,jharkhand/block_member/2015,a7d846436844
Jharkhand|2015|||block_member|East Singhbhum|||||||,43,jharkhand/block_member/2015,f0b45f2e485e
Jharkhand|2015|||block_member|East Singhbhum|||||||,43,jharkhand/block_member/2015,6a9c2214f5ff
Jharkhand|2015|||block_member|East Singhbhum|||||||,43,jharkhand/block_member/2015,d97d3eac6a22
Jharkhand|2015|||block_member|East Singhbhum|||||||,43,jharkhand/block_member/2015,622e8ae8a3f5
Jharkhand|2015|||block_member|East Singhbhum|||||||,43,jharkhand/block_member/2015,8867b8008776
Jharkhand|2015|||block_member|East Singhbhum|||||||,43,jharkhand/block_member/2015,f84d78cb2bb0
Jharkhand|2015|||block_member|East Singhbhum|||||||,43,jharkhand/block_member/2015,bf5c25041114
Jharkhand|2015|||gp_ward|Godda|||||||,25,jharkhand/gp_ward/2015,695fa76dbdb2
Jharkhand|2015|||gp_ward|Godda|||||||,25,jharkhand/gp_ward/2015,7460ac6a7cae
Jharkhand|2015|||gp_ward|Godda|||||||,25,jharkhand/gp_ward/2015,f30e24592d87
Jharkhand|2015|||gp_ward|Godda|||||||,25,jharkhand/gp_ward/2015,a8c8a01d47ef
Jharkhand|2015|||gp_ward|Godda|||||||,25,jharkhand/gp_ward/2015,1b5a2754cc2b
Jharkhand|2015|||gp_ward|Godda|||||||,25,jharkhand/gp_ward/2015,bd6b8f37bf3a
Jharkhand|2015|||gp_ward|Godda|||||||,25,jharkhand/gp_ward/2015,438313e16d78
Jharkhand|2015|||gp_ward|Godda|||||||,25,jharkhand/gp_ward/2015,7fb19cdc100a
Jharkhand|2015|||gp_ward|Godda|||||||,25,jharkhand/gp_ward/2015,be5de6ad17e3
Jharkhand|2015|||gp_ward|Godda|||||||,25,jharkhand/gp_ward/2015,5bfcbb7f560f
Jharkhand|2015|||gp_ward|Godda|||||||,25,jharkhand/gp_ward/2015,6cb012ad672a
Jharkhand|2015|||gp_ward|Godda|||||||,25,jharkhand/gp_ward/2015,4995fdc5fc7c
Jharkhand|2015|||gp_ward|Godda|||||||,25,jharkhand/gp_ward/2015,edfac7b8de72
Jharkhand|2015|||gp_ward|Godda|||||||,25,jharkhand/gp_ward/2015,5a1e87884137
Jharkhand|2015|||gp_ward|Godda|||||||,25,jharkhand/gp_ward/2015,7d7b96f892ea
Jharkhand|2015|||gp_ward|Godda|||||||,25,jharkhand/gp_ward/2015,0ad10aa9d8a2
Jharkhand|2015|||gp_ward|Godda|||||||,25,jharkhand/gp_ward/2015,ff916fd07f69
Jharkhand|2015|||gp_ward|Godda|||||||,25,jharkhand/gp_ward/2015,62fed16aa9c7
Jharkhand|2015|||gp_ward|Godda|||||||,25,jharkhand/gp_ward/2015,b21edae41e98
Jharkhand|2015|||gp_ward|Godda|||||||,25,jharkhand/gp_ward/2015,0128ad9e6392
Jharkhand|2015|||gp_ward|Godda|||||||,25,jharkhand/gp_ward/2015,c7f0bf36f813
Jharkhand|2015|||gp_ward|Godda|||||||,25,jharkhand/gp_ward/2015,4c77b4e4b5d4
Jharkhand|2015|||gp_ward|Godda|||||||,25,jharkhand/gp_ward/2015,75cf59dd725e
Jharkhand|2015|||gp_ward|Godda|||||||,25,jharkhand/gp_ward/2015,eebaaaefec94
Jharkhand|2015|||gp_ward|Godda|||||||,25,jharkhand/gp_ward/2015,f118ecbed709
Haryana|2022|||gp_ward|Jhajjar|Machhrauli|||ljksyk|2||,22,haryana/gp_ward/2022,3df57c855ef8
Haryana|2022|||gp_ward|Jhajjar|Machhrauli|||ljksyk|2||,22,haryana/gp_ward/2022,b1c10771ca90
Haryana|2022|||gp_ward|Jhajjar|Machhrauli|||ljksyk|2||,22,haryana/gp_ward/2022,9c5ee5451e57
Haryana|2022|||gp_ward|Jhajjar|Machhrauli|||ljksyk|2||,22,haryana/gp_ward/2022,785d6f406863
Haryana|2022|||gp_ward|Jhajjar|Machhrauli|||ljksyk|2||,22,haryana/gp_ward/2022,f1b8dd909dc9
Haryana|2022|||gp_ward|Jhajjar|Machhrauli|||ljksyk|2||,22,haryana/gp_ward/2022,645baf2ad56d
Haryana|2022|||gp_ward|Jhajjar|Machhrauli|||ljksyk|2||,22,haryana/gp_ward/2022,510cbc661c19
Haryana|2022|||gp_ward|Jhajjar|Machhrauli|||ljksyk|2||,22,haryana/gp_ward/2022,66d85122e8ca
Haryana|2022|||gp_ward|Jhajjar|Machhrauli|||ljksyk|2||,22,haryana/gp_ward/2022,ccfc4bdda81a
Haryana|2022|||gp_ward|Jhajjar|Machhrauli|||ljksyk|2||,22,haryana/gp_ward/2022,9b1cc4186ac6
Haryana|2022|||gp_ward|Jhajjar|Machhrauli|||ljksyk|2||,22,haryana/gp_ward/2022,2620122173f0
Haryana|2022|||gp_ward|Jhajjar|Machhrauli|||ljksyk|2||,22,haryana/gp_ward/2022,4908ca752741
Haryana|2022|||gp_ward|Jhajjar|Machhrauli|||ljksyk|2||,22,haryana/gp_ward/2022,fad35ea27071
Haryana|2022|||gp_ward|Jhajjar|Machhrauli|||ljksyk|2||,22,haryana/gp_ward/2022,65fa92ecdebc
Haryana|2022|||gp_ward|Jhajjar|Machhrauli|||ljksyk|2||,22,haryana/gp_ward/2022,4050b723bc65
Haryana|2022|||gp_ward|Jhajjar|Machhrauli|||ljksyk|2||,22,haryana/gp_ward/2022,63a63066d7d5
Haryana|2022|||gp_ward|Jhajjar|Machhrauli|||ljksyk|2||,22,haryana/gp_ward/2022,6417d9325533
Haryana|2022|||gp_ward|Jhajjar|Machhrauli|||ljksyk|2||,22,haryana/gp_ward/2022,19886f703d9e
Haryana|2022|||gp_ward|Jhajjar|Machhrauli|||ljksyk|2||,22,haryana/gp_ward/2022,7a37acedcb97
Haryana|2022|||gp_ward|Jhajjar|Machhrauli|||ljksyk|2||,22,haryana/gp_ward/2022,78e5dd57fbb5
Haryana|2022|||gp_ward|Jhajjar|Machhrauli|||ljksyk|2||,22,haryana/gp_ward/2022,e677a15910d6
Haryana|2022|||gp_ward|Jhajjar|Machhrauli|||ljksyk|2||,22,haryana/gp_ward/2022,8f54dfdf567c
Haryana|2022|||gp_ward|Jhajjar|Machhrauli|||ljksyk|3||,22,haryana/gp_ward/2022,43eb01d88b8d
Haryana|2022|||gp_ward|Jhajjar|Machhrauli|||ljksyk|3||,22,haryana/gp_ward/2022,cac2ca913511
Haryana|2022|||gp_ward|Jhajjar|Machhrauli|||ljksyk|3||,22,haryana/gp_ward/2022,2629e81d0d4e
Haryana|2022|||gp_ward|Jhajjar|Machhrauli|||ljksyk|3||,22,haryana/gp_ward/2022,e3ab3010b0be
Haryana|2022|||gp_ward|Jhajjar|Machhrauli|||ljksyk|3||,22,haryana/gp_ward/2022,6e7a00335267
Haryana|2022|||gp_ward|Jhajjar|Machhrauli|||ljksyk|3||,22,haryana/gp_ward/2022,ef2604001c16
Haryana|2022|||gp_ward|Jhajjar|Machhrauli|||ljksyk|3||,22,haryana/gp_ward/2022,c8c10a0e5164
Haryana|2022|||gp_ward|Jhajjar|Machhrauli|||ljksyk|3||,22,haryana/gp_ward/2022,7b686a4ca49c
Haryana|2022|||gp_ward|Jhajjar|Machhrauli|||ljksyk|3||,22,haryana/gp_ward/2022,4f224dfaafd3
Haryana|2022|||gp_ward|Jhajjar|Machhrauli|||ljksyk|3||,22,haryana/gp_ward/2022,7acdd9979a4b
Haryana|2022|||gp_ward|Jhajjar|Machhrauli|||ljksyk|3||,22,haryana/gp_ward/2022,02bcaa46e015
Haryana|2022|||gp_ward|Jhajjar|Machhrauli|||ljksyk|3||,22,haryana/gp_ward/2022,c32dd8e1d0ee
Haryana|2022|||gp_ward|Jhajjar|Machhrauli|||ljksyk|3||,22,haryana/gp_ward/2022,0d8463c67bae
Haryana|2022|||gp_ward|Jhajjar|Machhrauli|||ljksyk|3||,22,haryana/gp_ward/2022,777fd6d2c254
Haryana|2022|||gp_ward|Jhajjar|Machhrauli|||ljksyk|3||,22,haryana/gp_ward/2022,f52737e5ef64
Haryana|2022|||gp_ward|Jhajjar|Machhrauli|||ljksyk|3||,22,haryana/gp_ward/2022,61eeaca1d7ef
Haryana|2022|||gp_ward|Jhajjar|Machhrauli|||ljksyk|3||,22,haryana/gp_ward/2022,68cfe21f104e
Haryana|2022|||gp_ward|Jhajjar|Machhrauli|||ljksyk|3||,22,haryana/gp_ward/2022,b3f360fda769
Haryana|2022|||gp_ward|Jhajjar|Machhrauli|||ljksyk|3||,22,haryana/gp_ward/2022,583d5c60fc70
Haryana|2022|||gp_ward|Jhajjar|Machhrauli|||ljksyk|3||,22,haryana/gp_ward/2022,6c5f7e2f459f
Haryana|2022|||gp_ward|Jhajjar|Machhrauli|||ljksyk|3||,22,haryana/gp_ward/2022,76ab70826f51
Haryana|2022|||gp_ward|Jhajjar|Machhrauli|||ljksyk|3||,22,haryana/gp_ward/2022,2aebccbd645d
Haryana|2022|||gp_ward|Jhajjar|Machhrauli|||ljksyk|4||,22,haryana/gp_ward/2022,ad168d796328
Haryana|2022|||gp_ward|Jhajjar|Machhrauli|||ljksyk|4||,22,haryana/gp_ward/2022,30b7ce2d3786
Haryana|2022|||gp_ward|Jhajjar|Machhrauli|||ljksyk|4||,22,haryana/gp_ward/2022,b5ccf05a74f6
Haryana|2022|||gp_ward|Jhajjar|Machhrauli|||ljksyk|4||,22,haryana/gp_ward/2022,16362e7ac69b
Haryana|2022|||gp_ward|Jhajjar|Machhrauli|||ljksyk|4||,22,haryana/gp_ward/2022,22ad74ac9282
Haryana|2022|||gp_ward|Jhajjar|Machhrauli|||ljksyk|4||,22,haryana/gp_ward/2022,dec3ecff0724
Haryana|2022|||gp_ward|Jhajjar|Machhrauli|||ljksyk|4||,22,haryana/gp_ward/2022,b6a6252488ed
Haryana|2022|||gp_ward|Jhajjar|Machhrauli|||ljksyk|4||,22,haryana/gp_ward/2022,bc333e0e8aaf
Haryana|2022|||gp_ward|Jhajjar|Machhrauli|||ljksyk|4||,22,haryana/gp_ward/2022,3a4fd60fe879
Haryana|2022|||gp_ward|Jhajjar|Machhrauli|||ljksyk|4||,22,haryana/gp_ward/2022,f0e58536449e
Haryana|2022|||gp_ward|Jhajjar|Machhrauli|||ljksyk|4||,22,haryana/gp_ward/2022,33fc4e27de24
Haryana|2022|||gp_ward|Jhajjar|Machhrauli|||ljksyk|4||,22,haryana/gp_ward/2022,8073d8dcea33
Haryana|2022|||gp_ward|Jhajjar|Machhrauli|||ljksyk|4||,22,haryana/gp_ward/2022,97361c57f1c6
Haryana|2022|||gp_ward|Jhajjar|Machhrauli|||ljksyk|4||,22,haryana/gp_ward/2022,4ac51ede3653
Haryana|2022|||gp_ward|Jhajjar|Machhrauli|||ljksyk|4||,22,haryana/gp_ward/2022,7bd63b3a35d5
Haryana|2022|||gp_ward|Jhajjar|Machhrauli|||ljksyk|4||,22,haryana/gp_ward/2022,7e1aad00b060
Haryana|2022|||gp_ward|Jhajjar|Machhrauli|||ljksyk|4||,22,haryana/gp_ward/2022,2c48413bf318
Haryana|2022|||gp_ward|Jhajjar|Machhrauli|||ljksyk|4||,22,haryana/gp_ward/2022,5c5d66170736
Haryana|2022|||gp_ward|Jhajjar|Machhrauli|||ljksyk|4||,22,haryana/gp_ward/2022,1a414ac9f995
Haryana|2022|||gp_ward|Jhajjar|Machhrauli|||ljksyk|4||,22,haryana/gp_ward/2022,5bc17f946bbf
Haryana|2022|||gp_ward|Jhajjar|Machhrauli|||ljksyk|4||,22,haryana/gp_ward/2022,92ebd63e4564
Haryana|2022|||gp_ward|Jhajjar|Machhrauli|||ljksyk|4||,22,haryana/gp_ward/2022,da19a225c877
Haryana|2022|||gp_ward|Jhajjar|Machhrauli|||ljksyk|5||,22,haryana/gp_ward/2022,afff85d59ac5
Haryana|2022|||gp_ward|Jhajjar|Machhrauli|||ljksyk|5||,22,haryana/gp_ward/2022,609ede93f85a
Haryana|2022|||gp_ward|Jhajjar|Machhrauli|||ljksyk|5||,22,haryana/gp_ward/2022,8c3f17f1ada2
Haryana|2022|||gp_ward|Jhajjar|Machhrauli|||ljksyk|5||,22,haryana/gp_ward/2022,46bb964450f6
Haryana|2022|||gp_ward|Jhajjar|Machhrauli|||ljksyk|5||,22,haryana/gp_ward/2022,1e56ffa9b87c
Haryana|2022|||gp_ward|Jhajjar|Machhrauli|||ljksyk|5||,22,haryana/gp_ward/2022,5dc9acfc1a42
Haryana|2022|||gp_ward|Jhajjar|Machhrauli|||ljksyk|5||,22,haryana/gp_ward/2022,67a204aaaf23
Haryana|2022|||gp_ward|Jhajjar|Machhrauli|||ljksyk|5||,22,haryana/gp_ward/2022,e7bfbb9eed88
Haryana|2022|||gp_ward|Jhajjar|Machhrauli|||ljksyk|5||,22,haryana/gp_ward/2022,44063766d2f3
Haryana|2022|||gp_ward|Jhajjar|Machhrauli|||ljksyk|5||,22,haryana/gp_ward/2022,d04a5b3fc93b
Haryana|2022|||gp_ward|Jhajjar|Machhrauli|||ljksyk|5||,22,haryana/gp_ward/2022,028d21ebe0c4
Haryana|2022|||gp_ward|Jhajjar|Machhrauli|||ljksyk|5||,22,haryana/gp_ward/2022,48e854992d7b
Haryana|2022|||gp_ward|Jhajjar|Machhrauli|||ljksyk|5||,22,haryana/gp_ward/2022,3a4007849f45
Haryana|2022|||gp_ward|Jhajjar|Machhrauli|||ljksyk|5||,22,haryana/gp_ward/2022,c9860b44678d
Haryana|2022|||gp_ward|Jhajjar|Machhrauli|||ljksyk|5||,22,haryana/gp_ward/2022,92521a6a857e
Haryana|2022|||gp_ward|Jhajjar|Machhrauli|||ljksyk|5||,22,haryana/gp_ward/2022,da627edc2f6d
Haryana|2022|||gp_ward|Jhajjar|Machhrauli|||ljksyk|5||,22,haryana/gp_ward/2022,45f9ee097e77
Haryana|2022|||gp_ward|Jhajjar|Machhrauli|||ljksyk|5||,22,haryana/gp_ward/2022,3c1200ef3947
Haryana|2022|||gp_ward|Jhajjar|Machhrauli|||ljksyk|5||,22,haryana/gp_ward/2022,f2826a47f53d
Haryana|2022|||gp_ward|Jhajjar|Machhrauli|||ljksyk|5||,22,haryana/gp_ward/2022,33e7b7965268
Haryana|2022|||gp_ward|Jhajjar|Machhrauli|||ljksyk|5||,22,haryana/gp_ward/2022,344d91cbf932
Haryana|2022|||gp_ward|Jhajjar|Machhrauli|||ljksyk|5||,22,haryana/gp_ward/2022,dc5d33d6fb21
Haryana|2022|||gp_ward|Jhajjar|Machhrauli|||ljksyk|6||,22,haryana/gp_ward/2022,af69ed146d72
Haryana|2022|||gp_ward|Jhajjar|Machhrauli|||ljksyk|6||,22,haryana/gp_ward/2022,96b31d5cf41b
Haryana|2022|||gp_ward|Jhajjar|Machhrauli|||ljksyk|6||,22,haryana/gp_ward/2022,8a103ce97231
Haryana|2022|||gp_ward|Jhajjar|Machhrauli|||ljksyk|6||,22,haryana/gp_ward/2022,b9cce9ceac96
Haryana|2022|||gp_ward|Jhajjar|Machhrauli|||ljksyk|6||,22,haryana/gp_ward/2022,c6c619447f5c
Haryana|2022|||gp_ward|Jhajjar|Machhrauli|||ljksyk|6||,22,haryana/gp_ward/2022,eff3e0a998b3
Haryana|2022|||gp_ward|Jhajjar|Machhrauli|||ljksyk|6||,22,haryana/gp_ward/2022,2c4c19eb9006
Haryana|2022|||gp_ward|Jhajjar|Machhrauli|||ljksyk|6||,22,haryana/gp_ward/2022,f44993e1a6a4
Haryana|2022|||gp_ward|Jhajjar|Machhrauli|||ljksyk|6||,22,haryana/gp_ward/2022,58462ae7e4ad
Haryana|2022|||gp_ward|Jhajjar|Machhrauli|||ljksyk|6||,22,haryana/gp_ward/2022,9226cb180549
Haryana|2022|||gp_ward|Jhajjar|Machhrauli|||ljksyk|6||,22,haryana/gp_ward/2022,d8a721e6db2a
Haryana|2022|||gp_ward|Jhajjar|Machhrauli|||ljksyk|6||,22,haryana/gp_ward/2022,3cd0425f61a4
Haryana|2022|||gp_ward|Jhajjar|Machhrauli|||ljksyk|6||,22,haryana/gp_ward/2022,2907dbee3b59
Haryana|2022|||gp_ward|Jhajjar|Machhrauli|||ljksyk|6||,22,haryana/gp_ward/2022,0ccfeedd68ce
Haryana|2022|||gp_ward|Jhajjar|Machhrauli|||ljksyk|6||,22,haryana/gp_ward/2022,f0be47d2da03
Haryana|2022|||gp_ward|Jhajjar|Machhrauli|||ljksyk|6||,22,haryana/gp_ward/2022,8d1c8c4ce950
Haryana|2022|||gp_ward|Jhajjar|Machhrauli|||ljksyk|6||,22,haryana/gp_ward/2022,2e96af004a59
Haryana|2022|||gp_ward|Jhajjar|Machhrauli|||ljksyk|6||,22,haryana/gp_ward/2022,f40d485d4f32
Haryana|2022|||gp_ward|Jhajjar|Machhrauli|||ljksyk|6||,22,haryana/gp_ward/2022,b62433dc4a5b
Haryana|2022|||gp_ward|Jhajjar|Machhrauli|||ljksyk|6||,22,haryana/gp_ward/2022,cf5d15f284a0
Haryana|2022|||gp_ward|Jhajjar|Machhrauli|||ljksyk|6||,22,haryana/gp_ward/2022,e025cc01a45a
Haryana|2022|||gp_ward|Jhajjar|Machhrauli|||ljksyk|6||,22,haryana/gp_ward/2022,28952719846b
Haryana|2022|||gp_ward|Jhajjar|Machhrauli|||ljksyk|1||,21,haryana/gp_ward/2022,192d2763299b
Haryana|2022|||gp_ward|Jhajjar|Machhrauli|||ljksyk|1||,21,haryana/gp_ward/2022,8528a9b6fb1a
Haryana|2022|||gp_ward|Jhajjar|Machhrauli|||ljksyk|1||,21,haryana/gp_ward/2022,25a7228a1198
Haryana|2022|||gp_ward|Jhajjar|Machhrauli|||ljksyk|1||,21,haryana/gp_ward/2022,a6481102f045
Haryana|2022|||gp_ward|Jhajjar|Machhrauli|||ljksyk|1||,21,haryana/gp_ward/2022,5de190ab9576
Haryana|2022|||gp_ward|Jhajjar|Machhrauli|||ljksyk|1||,21,haryana/gp_ward/2022,9047e4048442
Haryana|2022|||gp_ward|Jhajjar|Machhrauli|||ljksyk|1||,21,haryana/gp_ward/2022,14c8b29dc63f
Haryana|2022|||gp_ward|Jhajjar|Machhrauli|||ljksyk|1||,21,haryana/gp_ward/2022,49b7096b399f
Haryana|2022|||gp_ward|Jhajjar|Machhrauli|||ljksyk|1||,21,haryana/gp_ward/2022,f1587694b256
Haryana|2022|||gp_ward|Jhajjar|Machhrauli|||ljksyk|1||,21,haryana/gp_ward/2022,6af87bf7efed
Haryana|2022|||gp_ward|Jhajjar|Machhrauli|||ljksyk|1||,21,haryana/gp_ward/2022,b45320ee19b9
Haryana|2022|||gp_ward|Jhajjar|Machhrauli|||ljksyk|1||,21,haryana/gp_ward/2022,b551d0a9381e
Haryana|2022|||gp_ward|Jhajjar|Machhrauli|||ljksyk|1||,21,haryana/gp_ward/2022,09b4f210abf6
Haryana|2022|||gp_ward|Jhajjar|Machhrauli|||ljksyk|1||,21,haryana/gp_ward/2022,fa4154b100ce
Haryana|2022|||gp_ward|Jhajjar|Machhrauli|||ljksyk|1||,21,haryana/gp_ward/2022,8f8a7801aa3c
Haryana|2022|||gp_ward|Jhajjar|Machhrauli|||ljksyk|1||,21,haryana/gp_ward/2022,39d583e33e7e
Haryana|2022|||gp_ward|Jhajjar|Machhrauli|||ljksyk|1||,21,haryana/gp_ward/2022,0759f7fb98ab
Haryana|2022|||gp_ward|Jhajjar|Machhrauli|||ljksyk|1||,21,haryana/gp_ward/2022,6dbcfcb6b378
Haryana|2022|||gp_ward|Jhajjar|Machhrauli|||ljksyk|1||,21,haryana/gp_ward/2022,db4e68857dab
Haryana|2022|||gp_ward|Jhajjar|Machhrauli|||ljksyk|1||,21,haryana/gp_ward/2022,8076941d0e1c
Haryana|2022|||gp_ward|Jhajjar|Machhrauli|||ljksyk|1||,21,haryana/gp_ward/2022,377a1e2a63ab
Haryana|2022|||gp_ward|Jhajjar|Machhrauli|||ljksyk|7||,21,haryana/gp_ward/2022,3b7fe256eea0
Haryana|2022|||gp_ward|Jhajjar|Machhrauli|||ljksyk|7||,21,haryana/gp_ward/2022,5b52f757acc6
Haryana|2022|||gp_ward|Jhajjar|Machhrauli|||ljksyk|7||,21,haryana/gp_ward/2022,b5737b63bf80
Haryana|2022|||gp_ward|Jhajjar|Machhrauli|||ljksyk|7||,21,haryana/gp_ward/2022,8108fbd8bb4b
Haryana|2022|||gp_ward|Jhajjar|Machhrauli|||ljksyk|7||,21,haryana/gp_ward/2022,d7455c62baae
Haryana|2022|||gp_ward|Jhajjar|Machhrauli|||ljksyk|7||,21,haryana/gp_ward/2022,aff51889bd7d
Haryana|2022|||gp_ward|Jhajjar|Machhrauli|||ljksyk|7||,21,haryana/gp_ward/2022,10ffcf731831
Haryana|2022|||gp_ward|Jhajjar|Machhrauli|||ljksyk|7||,21,haryana/gp_ward/2022,3d5ddd8a2856
Haryana|2022|||gp_ward|Jhajjar|Machhrauli|||ljksyk|7||,21,haryana/gp_ward/2022,3aa414b4c0d1
Haryana|2022|||gp_ward|Jhajjar|Machhrauli|||ljksyk|7||,21,haryana/gp_ward/2022,1632268a177d
Haryana|2022|||gp_ward|Jhajjar|Machhrauli|||ljksyk|7||,21,haryana/gp_ward/2022,7af1b3d09662
Haryana|2022|||gp_ward|Jhajjar|Machhrauli|||ljksyk|7||,21,haryana/gp_ward/2022,30c7dd228ccd
Haryana|2022|||gp_ward|Jhajjar|Machhrauli|||ljksyk|7||,21,haryana/gp_ward/2022,3e4b1a2be792
Haryana|2022|||gp_ward|Jhajjar|Machhrauli|||ljksyk|7||,21,haryana/gp_ward/2022,0c7006d8949d
Haryana|2022|||gp_ward|Jhajjar|Machhrauli|||ljksyk|7||,21,haryana/gp_ward/2022,ca810a85d479
Haryana|2022|||gp_ward|Jhajjar|Machhrauli|||ljksyk|7||,21,haryana/gp_ward/2022,f7d201016332
Haryana|2022|||gp_ward|Jhajjar|Machhrauli|||ljksyk|7||,21,haryana/gp_ward/2022,1249ea93aae2
Haryana|2022|||gp_ward|Jhajjar|Machhrauli|||ljksyk|7||,21,haryana/gp_ward/2022,9267a1a3c1dc
Haryana|2022|||gp_ward|Jhajjar|Machhrauli|||ljksyk|7||,21,haryana/gp_ward/2022,0888283eae4f
Haryana|2022|||gp_ward|Jhajjar|Machhrauli|||ljksyk|7||,21,haryana/gp_ward/2022,b91648b40e44
Haryana|2022|||gp_ward|Jhajjar|Machhrauli|||ljksyk|7||,21,haryana/gp_ward/2022,201926871683
Haryana|2022|||gp_ward|Jhajjar|Machhrauli|||ljksyk|8||,17,haryana/gp_ward/2022,1bfb7d56d586
Haryana|2022|||gp_ward|Jhajjar|Machhrauli|||ljksyk|8||,17,haryana/gp_ward/2022,4d29dd2573e3
Haryana|2022|||gp_ward|Jhajjar|Machhrauli|||ljksyk|8||,17,haryana/gp_ward/2022,16defe4efc66
Haryana|2022|||gp_ward|Jhajjar|Machhrauli|||ljksyk|8||,17,haryana/gp_ward/2022,5b5fb60d2200
Haryana|2022|||gp_ward|Jhajjar|Machhrauli|||ljksyk|8||,17,haryana/gp_ward/2022,40518c227c7b
Haryana|2022|||gp_ward|Jhajjar|Machhrauli|||ljksyk|8||,17,haryana/gp_ward/2022,d83c250d2d11
Haryana|2022|||gp_ward|Jhajjar|Machhrauli|||ljksyk|8||,17,haryana/gp_ward/2022,c3f9c4f615a7
Haryana|2022|||gp_ward|Jhajjar|Machhrauli|||ljksyk|8||,17,haryana/gp_ward/2022,678a33727294
Haryana|2022|||gp_ward|Jhajjar|Machhrauli|||ljksyk|8||,17,haryana/gp_ward/2022,06b15bd4a02f
Haryana|2022|||gp_ward|Jhajjar|Machhrauli|||ljksyk|8||,17,haryana/gp_ward/2022,a68360caf244
Haryana|2022|||gp_ward|Jhajjar|Machhrauli|||ljksyk|8||,17,haryana/gp_ward/2022,1db662788a41
Haryana|2022|||gp_ward|Jhajjar|Machhrauli|||ljksyk|8||,17,haryana/gp_ward/2022,c156435c8895
Haryana|2022|||gp_ward|Jhajjar|Machhrauli|||ljksyk|8||,17,haryana/gp_ward/2022,b812dd2e6ed5
Haryana|2022|||gp_ward|Jhajjar|Machhrauli|||ljksyk|8||,17,haryana/gp_ward/2022,e86f17f53743
Haryana|2022|||gp_ward|Jhajjar|Machhrauli|||ljksyk|8||,17,haryana/gp_ward/2022,6559297b55cb
Haryana|2022|||gp_ward|Jhajjar|Machhrauli|||ljksyk|8||,17,haryana/gp_ward/2022,07f89e8b2e98
Haryana|2022|||gp_ward|Jhajjar|Machhrauli|||ljksyk|8||,17,haryana/gp_ward/2022,db71f6134119
Haryana|2022|||gp_ward|Jhajjar|Machhrauli|||ljksyk|9||,14,haryana/gp_ward/2022,b637f09be7bf
Haryana|2022|||gp_ward|Jhajjar|Machhrauli|||ljksyk|9||,14,haryana/gp_ward/2022,f84887e8b65e
Haryana|2022|||gp_ward|Jhajjar|Machhrauli|||ljksyk|9||,14,haryana/gp_ward/2022,3b801d2dc806
Haryana|2022|||gp_ward|Jhajjar|Machhrauli|||ljksyk|9||,14,haryana/gp_ward/2022,f67e92fc89bd
Haryana|2022|||gp_ward|Jhajjar|Machhrauli|||ljksyk|9||,14,haryana/gp_ward/2022,2fe5cb0db3b8
Haryana|2022|||gp_ward|Jhajjar|Machhrauli|||ljksyk|9||,14,haryana/gp_ward/2022,15b1ba0fcc49
Haryana|2022|||gp_ward|Jhajjar|Machhrauli|||ljksyk|9||,14,haryana/gp_ward/2022,256b2f0e58ef
Haryana|2022|||gp_ward|Jhajjar|Machhrauli|||ljksyk|9||,14,haryana/gp_ward/2022,121682db8877
Haryana|2022|||gp_ward|Jhajjar|Machhrauli|||ljksyk|9||,14,haryana/gp_ward/2022,a6e269c5275d
Haryana|2022|||gp_ward|Jhajjar|Machhrauli|||ljksyk|9||,14,haryana/gp_ward/2022,4f4377a781a3
Haryana|2022|||gp_ward|Jhajjar|Machhrauli|||ljksyk|9||,14,haryana/gp_ward/2022,832fa4b62beb
Haryana|2022|||gp_ward|Jhajjar|Machhrauli|||ljksyk|9||,14,haryana/gp_ward/2022,7120ede7ed28
Haryana|2022|||gp_ward|Jhajjar|Machhrauli|||ljksyk|9||,14,haryana/gp_ward/2022,f65928da1af0
Haryana|2022|||gp_ward|Jhajjar|Machhrauli|||ljksyk|9||,14,haryana/gp_ward/2022,4069914b4f42
Jharkhand|2015|||gp_ward|Deoghar|||06|पिपरा|||,14,jharkhand/gp_ward/2015,847af11fa9ef
Jharkhand|2015|||gp_ward|Deoghar|||06|पिपरा|||,14,jharkhand/gp_ward/2015,72761220d33b
Jharkhand|2015|||gp_ward|Deoghar|||06|पिपरा|||,14,jharkhand/gp_ward/2015,1a615a35141f
Jharkhand|2015|||gp_ward|Deoghar|||06|पिपरा|||,14,jharkhand/gp_ward/2015,ec36bbbbf08b
Jharkhand|2015|||gp_ward|Deoghar|||06|पिपरा|||,14,jharkhand/gp_ward/2015,3045f2d6008e
Jharkhand|2015|||gp_ward|Deoghar|||06|पिपरा|||,14,jharkhand/gp_ward/2015,f5fc43e65b30
Jharkhand|2015|||gp_ward|Deoghar|||06|पिपरा|||,14,jharkhand/gp_ward/2015,3379ed395a5a
Jharkhand|2015|||gp_ward|Deoghar|||06|पिपरा|||,14,jharkhand/gp_ward/2015,19122f3b50f0
Jharkhand|2015|||gp_ward|Deoghar|||06|पिपरा|||,14,jharkhand/gp_ward/2015,dcfdb71ea47b
Jharkhand|2015|||gp_ward|Deoghar|||06|पिपरा|||,14,jharkhand/gp_ward/2015,c3dc926c9cf1
Jharkhand|2015|||gp_ward|Deoghar|||06|पिपरा|||,14,jharkhand/gp_ward/2015,9ef65fd35f51
Jharkhand|2015|||gp_ward|Deoghar|||06|पिपरा|||,14,jharkhand/gp_ward/2015,ccf4fcb31162
Jharkhand|2015|||gp_ward|Deoghar|||06|पिपरा|||,14,jharkhand/gp_ward/2015,b6301220ef72
Jharkhand|2015|||gp_ward|Deoghar|||06|पिपरा|||,14,jharkhand/gp_ward/2015,e72b23d5dc17
Jharkhand|2015|||gp_ward|Ranchi|||||||,14,jharkhand/gp_ward/2015,bc81f4e6a0de
Jharkhand|2015|||gp_ward|Ranchi|||||||,14,jharkhand/gp_ward/2015,f4aedfa99b43
Jharkhand|2015|||gp_ward|Ranchi|||||||,14,jharkhand/gp_ward/2015,f30e27fd7c2c
Jharkhand|2015|||gp_ward|Ranchi|||||||,14,jharkhand/gp_ward/2015,5bd9028691b0
Jharkhand|2015|||gp_ward|Ranchi|||||||,14,jharkhand/gp_ward/2015,03108e331fad
Jharkhand|2015|||gp_ward|Ranchi|||||||,14,jharkhand/gp_ward/2015,0bf60e2d5467
Jharkhand|2015|||gp_ward|Ranchi|||||||,14,jharkhand/gp_ward/2015,de0c2973a997
Jharkhand|2015|||gp_ward|Ranchi|||||||,14,jharkhand/gp_ward/2015,ce115c861514
Jharkhand|2015|||gp_ward|Ranchi|||||||,14,jharkhand/gp_ward/2015,6c03d57050b6
Jharkhand|2015|||gp_ward|Ranchi|||||||,14,jharkhand/gp_ward/2015,2539c0d25ae6
Jharkhand|2015|||gp_ward|Ranchi|||||||,14,jharkhand/gp_ward/2015,739db41ae8b7
Jharkhand|2015|||gp_ward|Ranchi|||||||,14,jharkhand/gp_ward/2015,8250ef1ad7c1
Jharkhand|2015|||gp_ward|Ranchi|||||||,14,jharkhand/gp_ward/2015,33c09590d362
Jharkhand|2015|||gp_ward|Ranchi|||||||,14,jharkhand/gp_ward/2015,ed60f334cbbb
Jharkhand|2015|||gp_ward|Ranchi|नगड़ी–||05|नारो|||,13,jharkhand/gp_ward/2015,fa2f949ac72e
Jharkhand|2015|||gp_ward|Ranchi|नगड़ी–||05|नारो|||,13,jharkhand/gp_ward/2015,3d105785238d
Jharkhand|2015|||gp_ward|Ranchi|नगड़ी–||05|नारो|||,13,jharkhand/gp_ward/2015,ebb31d032617
Jharkhand|2015|||gp_ward|Ranchi|नगड़ी–||05|नारो|||,13,jharkhand/gp_ward/2015,534a295c00b9
Jharkhand|2015|||gp_ward|Ranchi|नगड़ी–||05|नारो|||,13,jharkhand/gp_ward/2015,9336b67c7991
Jharkhand|2015|||gp_ward|Ranchi|नगड़ी–||05|नारो|||,13,jharkhand/gp_ward/2015,c06fe2b53490
Jharkhand|2015|||gp_ward|Ranchi|नगड़ी–||05|नारो|||,13,jharkhand/gp_ward/2015,99f096cda4d6
Jharkhand|2015|||gp_ward|Ranchi|नगड़ी–||05|नारो|||,13,jharkhand/gp_ward/2015,44598d4e262f
Jharkhand|2015|||gp_ward|Ranchi|नगड़ी–||05|नारो|||,13,jharkhand/gp_ward/2015,aea2a3c6609a
Jharkhand|2015|||gp_ward|Ranchi|नगड़ी–||05|नारो|||,13,jharkhand/gp_ward/2015,7f547c2cbe01
Jharkhand|2015|||gp_ward|Ranchi|नगड़ी–||05|नारो|||,13,jharkhand/gp_ward/2015,73c1b8126fd6
Jharkhand|2015|||gp_ward|Ranchi|नगड़ी–||05|नारो|||,13,jharkhand/gp_ward/2015,7c5a5c17f572
Jharkhand|2015|||gp_ward|Ranchi|नगड़ी–||05|नारो|||,13,jharkhand/gp_ward/2015,4fd5bdd15607
Karnataka|2016|||block_member|Raichur|Deodurga|||||ಕಾರಾಮವಾಳ|,13,karnataka/block_member/2016,d2e5b4109a83
Karnataka|2016|||block_member|Raichur|Deodurga|||||ಕಾರಾಮವಾಳ|,13,karnataka/block_member/2016,f4ff9576371d
Karnataka|2016|||block_member|Raichur|Deodurga|||||ಕಾರಾಮವಾಳ|,13,karnataka/block_member/2016,3f8162f467a7
Karnataka|2016|||block_member|Raichur|Deodurga|||||ಕಾರಾಮವಾಳ|,13,karnataka/block_member/2016,620cdd9f25ad
Karnataka|2016|||block_member|Raichur|Deodurga|||||ಕಾರಾಮವಾಳ|,13,karnataka/block_member/2016,005ae9339ab2
Karnataka|2016|||block_member|Raichur|Deodurga|||||ಕಾರಾಮವಾಳ|,13,karnataka/block_member/2016,c656c6ce87ab
Karnataka|2016|||block_member|Raichur|Deodurga|||||ಕಾರಾಮವಾಳ|,13,karnataka/block_member/2016,9c3bb1fb781f
Karnataka|2016|||block_member|Raichur|Deodurga|||||ಕಾರಾಮವಾಳ|,13,karnataka/block_member/2016,827ee6906f47
Karnataka|2016|||block_member|Raichur|Deodurga|||||ಕಾರಾಮವಾಳ|,13,karnataka/block_member/2016,4d66e4c42318
Karnataka|2016|||block_member|Raichur|Deodurga|||||ಕಾರಾಮವಾಳ|,13,karnataka/block_member/2016,9d026be49712
Karnataka|2016|||block_member|Raichur|Deodurga|||||ಕಾರಾಮವಾಳ|,13,karnataka/block_member/2016,230868f9ab86
Karnataka|2016|||block_member|Raichur|Deodurga|||||ಕಾರಾಮವಾಳ|,13,karnataka/block_member/2016,4582554d7153
Karnataka|2016|||block_member|Raichur|Deodurga|||||ಕಾರಾಮವಾಳ|,13,karnataka/block_member/2016,cac44eef394f
Jharkhand|2015|||gp_ward|Ranchi|नगड़ी–||04|नगडी|||,12,jharkhand/gp_ward/2015,9cd77e98b54b
Jharkhand|2015|||gp_ward|Ranchi|नगड़ी–||04|नगडी|||,12,jharkhand/gp_ward/2015,6110b5ae54ed
Jharkhand|2015|||gp_ward|Ranchi|नगड़ी–||04|नगडी|||,12,jharkhand/gp_ward/2015,e8abdfcc3526
Jharkhand|2015|||gp_ward|Ranchi|नगड़ी–||04|नगडी|||,12,jharkhand/gp_ward/2015,4f929d1dbad8
Jharkhand|2015|||gp_ward|Ranchi|नगड़ी–||04|नगडी|||,12,jharkhand/gp_ward/2015,00ef18e3a2f5
Jharkhand|2015|||gp_ward|Ranchi|नगड़ी–||04|नगडी|||,12,jharkhand/gp_ward/2015,2076c49dff9f
Jharkhand|2015|||gp_ward|Ranchi|नगड़ी–||04|नगडी|||,12,jharkhand/gp_ward/2015,c0ed1ac37fed
Jharkhand|2015|||gp_ward|Ranchi|नगड़ी–||04|नगडी|||,12,jharkhand/gp_ward/2015,48f6d1b96acc
Jharkhand|2015|||gp_ward|Ranchi|नगड़ी–||04|नगडी|||,12,jharkhand/gp_ward/2015,98e57601c342
Jharkhand|2015|||gp_ward|Ranchi|नगड़ी–||04|नगडी|||,12,jharkhand/gp_ward/2015,2d6221b6e808
Jharkhand|2015|||gp_ward|Ranchi|नगड़ी–||04|नगडी|||,12,jharkhand/gp_ward/2015,931ab78c04a7
Jharkhand|2015|||gp_ward|Ranchi|नगड़ी–||04|नगडी|||,12,jharkhand/gp_ward/2015,fc1494981409
Jharkhand|2015|||gp_ward|Ranchi|नगड़ी–||09|उबम टुडु|||,12,jharkhand/gp_ward/2015,ef1bf28a0d52
Jharkhand|2015|||gp_ward|Ranchi|नगड़ी–||09|उबम टुडु|||,12,jharkhand/gp_ward/2015,2db3ca8458c7
Jharkhand|2015|||gp_ward|Ranchi|नगड़ी–||09|उबम टुडु|||,12,jharkhand/gp_ward/2015,850550e3e7b3
Jharkhand|2015|||gp_ward|Ranchi|नगड़ी–||09|उबम टुडु|||,12,jharkhand/gp_ward/2015,3d9c701d1070
Jharkhand|2015|||gp_ward|Ranchi|नगड़ी–||09|उबम टुडु|||,12,jharkhand/gp_ward/2015,534cd5414c31
Jharkhand|2015|||gp_ward|Ranchi|नगड़ी–||09|उबम टुडु|||,12,jharkhand/gp_ward/2015,ae679dcc641c
Jharkhand|2015|||gp_ward|Ranchi|नगड़ी–||09|उबम टुडु|||,12,jharkhand/gp_ward/2015,72ef5b609d20
Jharkhand|2015|||gp_ward|Ranchi|नगड़ी–||09|उबम टुडु|||,12,jharkhand/gp_ward/2015,a94c3614e0fa
Jharkhand|2015|||gp_ward|Ranchi|नगड़ी–||09|उबम टुडु|||,12,jharkhand/gp_ward/2015,bc2bf039f92d
Jharkhand|2015|||gp_ward|Ranchi|नगड़ी–||09|उबम टुडु|||,12,jharkhand/gp_ward/2015,e60a3dce1efd
Jharkhand|2015|||gp_ward|Ranchi|नगड़ी–||09|उबम टुडु|||,12,jharkhand/gp_ward/2015,4bc07a6d14ed
Jharkhand|2015|||gp_ward|Ranchi|नगड़ी–||09|उबम टुडु|||,12,jharkhand/gp_ward/2015,db01a3887704
Haryana|2022|||gp_ward|Kaithal|Kalayat|||Batta|1||,11,haryana/gp_ward/2022,b4f185e05e5e
Haryana|2022|||gp_ward|Kaithal|Kalayat|||Batta|1||,11,haryana/gp_ward/2022,7b691e2d3819
Haryana|2022|||gp_ward|Kaithal|Kalayat|||Batta|1||,11,haryana/gp_ward/2022,ec562e3c820f
Haryana|2022|||gp_ward|Kaithal|Kalayat|||Batta|1||,11,haryana/gp_ward/2022,da1b5567c483
Haryana|2022|||gp_ward|Kaithal|Kalayat|||Batta|1||,11,haryana/gp_ward/2022,b760377477ad
Haryana|2022|||gp_ward|Kaithal|Kalayat|||Batta|1||,11,haryana/gp_ward/2022,dfe5100637b7
Haryana|2022|||gp_ward|Kaithal|Kalayat|||Batta|1||,11,haryana/gp_ward/2022,aa4b79cf5425
Haryana|2022|||gp_ward|Kaithal|Kalayat|||Batta|1||,11,haryana/gp_ward/2022,1df088e73ab1
Haryana|2022|||gp_ward|Kaithal|Kalayat|||Batta|1||,11,haryana/gp_ward/2022,22183ad1d7d6
Haryana|2022|||gp_ward|Kaithal|Kalayat|||Batta|1||,11,haryana/gp_ward/2022,ab7b277d40a8
Haryana|2022|||gp_ward|Kaithal|Kalayat|||Batta|1||,11,haryana/gp_ward/2022,1c33f268ebcb
Haryana|2022|||gp_ward|Kaithal|Pundri|||Bhana|1||,11,haryana/gp_ward/2022,864818cd896d
Haryana|2022|||gp_ward|Kaithal|Pundri|||Bhana|1||,11,haryana/gp_ward/2022,1525fdbd8661
Haryana|2022|||gp_ward|Kaithal|Pundri|||Bhana|1||,11,haryana/gp_ward/2022,1f09cbfc0f36
Haryana|2022|||gp_ward|Kaithal|Pundri|||Bhana|1||,11,haryana/gp_ward/2022,a65b486e2bb4
Haryana|2022|||gp_ward|Kaithal|Pundri|||Bhana|1||,11,haryana/gp_ward/2022,6e95673f4822
Haryana|2022|||gp_ward|Kaithal|Pundri|||Bhana|1||,11,haryana/gp_ward/2022,31ea5aa40629
Haryana|2022|||gp_ward|Kaithal|Pundri|||Bhana|1||,11,haryana/gp_ward/2022,83b2a9570454
Haryana|2022|||gp_ward|Kaithal|Pundri|||Bhana|1||,11,haryana/gp_ward/2022,60ff63dc2c8f
Haryana|2022|||gp_ward|Kaithal|Pundri|||Bhana|1||,11,haryana/gp_ward/2022,9e260386156f
Haryana|2022|||gp_ward|Kaithal|Pundri|||Bhana|1||,11,haryana/gp_ward/2022,edc3e0572633
Haryana|2022|||gp_ward|Kaithal|Pundri|||Bhana|1||,11,haryana/gp_ward/2022,0b1ab2003f21
Haryana|2022|||gp_ward|Kaithal|Pundri|||Fatehpur|1||,11,haryana/gp_ward/2022,d136aea3cbb0
Haryana|2022|||gp_ward|Kaithal|Pundri|||Fatehpur|1||,11,haryana/gp_ward/2022,8fbb7b2a69ed
Haryana|2022|||gp_ward|Kaithal|Pundri|||Fatehpur|1||,11,haryana/gp_ward/2022,8091dc57e5c6
Haryana|2022|||gp_ward|Kaithal|Pundri|||Fatehpur|1||,11,haryana/gp_ward/2022,f2676cb34c79
Haryana|2022|||gp_ward|Kaithal|Pundri|||Fatehpur|1||,11,haryana/gp_ward/2022,423ca93afecc
Haryana|2022|||gp_ward|Kaithal|Pundri|||Fatehpur|1||,11,haryana/gp_ward/2022,ed31c73df5e4
Haryana|2022|||gp_ward|Kaithal|Pundri|||Fatehpur|1||,11,haryana/gp_ward/2022,55bea27d7f4f
Haryana|2022|||gp_ward|Kaithal|Pundri|||Fatehpur|1||,11,haryana/gp_ward/2022,0f0422d97b5e
Haryana|2022|||gp_ward|Kaithal|Pundri|||Fatehpur|1||,11,haryana/gp_ward/2022,9548e91fda1b
Haryana|2022|||gp_ward|Kaithal|Pundri|||Fatehpur|1||,11,haryana/gp_ward/2022,82f8aec384bd
Haryana|2022|||gp_ward|Kaithal|Pundri|||Fatehpur|1||,11,haryana/gp_ward/2022,4e0840424c6e
Haryana|2022|||gp_ward|Kaithal|Pundri|||Habri|1||,11,haryana/gp_ward/2022,1bdff6b0c2b0
Haryana|2022|||gp_ward|Kaithal|Pundri|||Habri|1||,11,haryana/gp_ward/2022,389754d10ddb
Haryana|2022|||gp_ward|Kaithal|Pundri|||Habri|1||,11,haryana/gp_ward/2022,76c12e0f5128
Haryana|2022|||gp_ward|Kaithal|Pundri|||Habri|1||,11,haryana/gp_ward/2022,0cd05023290d
Haryana|2022|||gp_ward|Kaithal|Pundri|||Habri|1||,11,haryana/gp_ward/2022,4077f5f685b9
Haryana|2022|||gp_ward|Kaithal|Pundri|||Habri|1||,11,haryana/gp_ward/2022,29782c6cf736
Haryana|2022|||gp_ward|Kaithal|Pundri|||Habri|1||,11,haryana/gp_ward/2022,4947efa8ec80
Haryana|2022|||gp_ward|Kaithal|Pundri|||Habri|1||,11,haryana/gp_ward/2022,8b84b5c5aa98
Haryana|2022|||gp_ward|Kaithal|Pundri|||Habri|1||,11,haryana/gp_ward/2022,e9d943c569c5
Haryana|2022|||gp_ward|Kaithal|Pundri|||Habri|1||,11,haryana/gp_ward/2022,b036070415e1
Haryana|2022|||gp_ward|Kaithal|Pundri|||Habri|1||,11,haryana/gp_ward/2022,fc81992c1a20
Haryana|2022|||gp_ward|Kaithal|Pundri|||Karora|1||,11,haryana/gp_ward/2022,34a12fd83347
Haryana|2022|||gp_ward|Kaithal|Pundri|||Karora|1||,11,haryana/gp_ward/2022,8c09dce360a9
Haryana|2022|||gp_ward|Kaithal|Pundri|||Karora|1||,11,haryana/gp_ward/2022,8c9905866079
Haryana|2022|||gp_ward|Kaithal|Pundri|||Karora|1||,11,haryana/gp_ward/2022,28e2f6947ff5
Haryana|2022|||gp_ward|Kaithal|Pundri|||Karora|1||,11,haryana/gp_ward/2022,2d11b8248844
Haryana|2022|||gp_ward|Kaithal|Pundri|||Karora|1||,11,haryana/gp_ward/2022,68c171afa460
Haryana|2022|||gp_ward|Kaithal|Pundri|||Karora|1||,11,haryana/gp_ward/2022,8365f750196a
Haryana|2022|||gp_ward|Kaithal|Pundri|||Karora|1||,11,haryana/gp_ward/2022,e5d5ccfb4726
Haryana|2022|||gp_ward|Kaithal|Pundri|||Karora|1||,11,haryana/gp_ward/2022,58819d797edc
Haryana|2022|||gp_ward|Kaithal|Pundri|||Karora|1||,11,haryana/gp_ward/2022,f596180c4ca4
Haryana|2022|||gp_ward|Kaithal|Pundri|||Karora|1||,11,haryana/gp_ward/2022,939cfb608cf1
Haryana|2022|||gp_ward|Kaithal|Pundri|||Pai|1||,11,haryana/gp_ward/2022,5a9908d1ff1b
Haryana|2022|||gp_ward|Kaithal|Pundri|||Pai|1||,11,haryana/gp_ward/2022,5fa4664a6387
Haryana|2022|||gp_ward|Kaithal|Pundri|||Pai|1||,11,haryana/gp_ward/2022,c9734248bfec
Haryana|2022|||gp_ward|Kaithal|Pundri|||Pai|1||,11,haryana/gp_ward/2022,028092b132c5
Haryana|2022|||gp_ward|Kaithal|Pundri|||Pai|1||,11,haryana/gp_ward/2022,bbecbbecd0cd
Haryana|2022|||gp_ward|Kaithal|Pundri|||Pai|1||,11,haryana/gp_ward/2022,f8922b3696be
Haryana|2022|||gp_ward|Kaithal|Pundri|||Pai|1||,11,haryana/gp_ward/2022,904b28da5f9e
Haryana|2022|||gp_ward|Kaithal|Pundri|||Pai|1||,11,haryana/gp_ward/2022,4e6baf7b55df
Haryana|2022|||gp_ward|Kaithal|Pundri|||Pai|1||,11,haryana/gp_ward/2022,8727f1377eb7
Haryana|2022|||gp_ward|Kaithal|Pundri|||Pai|1||,11,haryana/gp_ward/2022,ecd19be3f553
Haryana|2022|||gp_ward|Kaithal|Pundri|||Pai|1||,11,haryana/gp_ward/2022,b8710e565f2e
Haryana|2022|||gp_ward|Kaithal|Pundri|||Sirsal|1||,11,haryana/gp_ward/2022,5426fb11eb5a
Haryana|2022|||gp_ward|Kaithal|Pundri|||Sirsal|1||,11,haryana/gp_ward/2022,0409cddf0032
Haryana|2022|||gp_ward|Kaithal|Pundri|||Sirsal|1||,11,haryana/gp_ward/2022,dc2d90428672
Haryana|2022|||gp_ward|Kaithal|Pundri|||Sirsal|1||,11,haryana/gp_ward/2022,16b9482a06f4
Haryana|2022|||gp_ward|Kaithal|Pundri|||Sirsal|1||,11,haryana/gp_ward/2022,975102e32f25
Haryana|2022|||gp_ward|Kaithal|Pundri|||Sirsal|1||,11,haryana/gp_ward/2022,46e4293857f9
Haryana|2022|||gp_ward|Kaithal|Pundri|||Sirsal|1||,11,haryana/gp_ward/2022,cee800d7a419
Haryana|2022|||gp_ward|Kaithal|Pundri|||Sirsal|1||,11,haryana/gp_ward/2022,43e70ded5eb5
Haryana|2022|||gp_ward|Kaithal|Pundri|||Sirsal|1||,11,haryana/gp_ward/2022,589bda0ea520
Haryana|2022|||gp_ward|Kaithal|Pundri|||Sirsal|1||,11,haryana/gp_ward/2022,211556835232
Haryana|2022|||gp_ward|Kaithal|Pundri|||Sirsal|1||,11,haryana/gp_ward/2022,f6b71e2e7beb
Jharkhand|2015|||gp_ward|Bokaro||||प्रा0नि0क्षे0|||,11,jharkhand/gp_ward/2015,2c2242c64a75
Jharkhand|2015|||gp_ward|Bokaro||||प्रा0नि0क्षे0|||,11,jharkhand/gp_ward/2015,cf7b17302762
Jharkhand|2015|||gp_ward|Bokaro||||प्रा0नि0क्षे0|||,11,jharkhand/gp_ward/2015,5d8bfbf357e0
Jharkhand|2015|||gp_ward|Bokaro||||प्रा0नि0क्षे0|||,11,jharkhand/gp_ward/2015,20daf88ab68a
Jharkhand|2015|||gp_ward|Bokaro||||प्रा0नि0क्षे0|||,11,jharkhand/gp_ward/2015,a6b95a2034be
Jharkhand|2015|||gp_ward|Bokaro||||प्रा0नि0क्षे0|||,11,jharkhand/gp_ward/2015,2b4aba7cf560
Jharkhand|2015|||gp_ward|Bokaro||||प्रा0नि0क्षे0|||,11,jharkhand/gp_ward/2015,2b8c366dcf69
Jharkhand|2015|||gp_ward|Bokaro||||प्रा0नि0क्षे0|||,11,jharkhand/gp_ward/2015,7ac3cb1fd255
Jharkhand|2015|||gp_ward|Bokaro||||प्रा0नि0क्षे0|||,11,jharkhand/gp_ward/2015,e3a98dc12d25
Jharkhand|2015|||gp_ward|Bokaro||||प्रा0नि0क्षे0|||,11,jharkhand/gp_ward/2015,eaaa616a5987
Jharkhand|2015|||gp_ward|Bokaro||||प्रा0नि0क्षे0|||,11,jharkhand/gp_ward/2015,0a71115b0b13
Jharkhand|2015|||gp_ward|Deoghar|||07|बाघमारा–|||,11,jharkhand/gp_ward/2015,3c8df9844b9b
Jharkhand|2015|||gp_ward|Deoghar|||07|बाघमारा–|||,11,jharkhand/gp_ward/2015,0b54285d5101
Jharkhand|2015|||gp_ward|Deoghar|||07|बाघमारा–|||,11,jharkhand/gp_ward/2015,0ce623d93661
Jharkhand|2015|||gp_ward|Deoghar|||07|बाघमारा–|||,11,jharkhand/gp_ward/2015,1680d4952e7e
Jharkhand|2015|||gp_ward|Deoghar|||07|बाघमारा–|||,11,jharkhand/gp_ward/2015,1c2acca6793a
Jharkhand|2015|||gp_ward|Deoghar|||07|बाघमारा–|||,11,jharkhand/gp_ward/2015,504dcbb76843
Jharkhand|2015|||gp_ward|Deoghar|||07|बाघमारा–|||,11,jharkhand/gp_ward/2015,d1f2a06c9e93
Jharkhand|2015|||gp_ward|Deoghar|||07|बाघमारा–|||,11,jharkhand/gp_ward/2015,a43c6279fdd4
Jharkhand|2015|||gp_ward|Deoghar|||07|बाघमारा–|||,11,jharkhand/gp_ward/2015,9e550890eabe
Jharkhand|2015|||gp_ward|Deoghar|||07|बाघमारा–|||,11,jharkhand/gp_ward/2015,55ce1f3fdbaa
Jharkhand|2015|||gp_ward|Deoghar|||07|बाघमारा–|||,11,jharkhand/gp_ward/2015,c19cb3dba3e5
Jharkhand|2015|||gp_ward|Ranchi|नगड़ी–||13|p ४|||,11,jharkhand/gp_ward/2015,a88c0cc63ade
Jharkhand|2015|||gp_ward|Ranchi|नगड़ी–||13|p ४|||,11,jharkhand/gp_ward/2015,af15307a4dbf
Jharkhand|2015|||gp_ward|Ranchi|नगड़ी–||13|p ४|||,11,jharkhand/gp_ward/2015,1ac6bde5b036
Jharkhand|2015|||gp_ward|Ranchi|नगड़ी–||13|p ४|||,11,jharkhand/gp_ward/2015,45d2df003fe5
Jharkhand|2015|||gp_ward|Ranchi|नगड़ी–||13|p ४|||,11,jharkhand/gp_ward/2015,89869b722b4e
Jharkhand|2015|||gp_ward|Ranchi|नगड़ी–||13|p ४|||,11,jharkhand/gp_ward/2015,d2b8cec968b9
Jharkhand|2015|||gp_ward|Ranchi|नगड़ी–||13|p ४|||,11,jharkhand/gp_ward/2015,c712ae99360b
Jharkhand|2015|||gp_ward|Ranchi|नगड़ी–||13|p ४|||,11,jharkhand/gp_ward/2015,86752430c1d6
Jharkhand|2015|||gp_ward|Ranchi|नगड़ी–||13|p ४|||,11,jharkhand/gp_ward/2015,05c871446b3d
Jharkhand|2015|||gp_ward|Ranchi|नगड़ी–||13|p ४|||,11,jharkhand/gp_ward/2015,544a233cbe2e
Jharkhand|2015|||gp_ward|Ranchi|नगड़ी–||13|p ४|||,11,jharkhand/gp_ward/2015,c4fb3b9d6cc6
Jharkhand|2015|||block_member|West Singhbhum|||||||,10,jharkhand/block_member/2015,3af94d5a1382
Jharkhand|2015|||block_member|West Singhbhum|||||||,10,jharkhand/block_member/2015,ff863747ccb3
Jharkhand|2015|||block_member|West Singhbhum|||||||,10,jharkhand/block_member/2015,e371f6924fee
Jharkhand|2015|||block_member|West Singhbhum|||||||,10,jharkhand/block_member/2015,d493b2f83328
Jharkhand|2015|||block_member|West Singhbhum|||||||,10,jharkhand/block_member/2015,0f86bbd51457
Jharkhand|2015|||block_member|West Singhbhum|||||||,10,jharkhand/block_member/2015,5dad8bcde54b
Jharkhand|2015|||block_member|West Singhbhum|||||||,10,jharkhand/block_member/2015,ed31333048f1
Jharkhand|2015|||block_member|West Singhbhum|||||||,10,jharkhand/block_member/2015,40265f37ed83
Jharkhand|2015|||block_member|West Singhbhum|||||||,10,jharkhand/block_member/2015,1d6f70cb6334
Jharkhand|2015|||block_member|West Singhbhum|||||||,10,jharkhand/block_member/2015,a13117f91702
Jharkhand|2015|||gp_ward|Ranchi|नगड़ी–||12|ब ाल ाल ाा|||,10,jharkhand/gp_ward/2015,dae5a5099081
Jharkhand|2015|||gp_ward|Ranchi|नगड़ी–||12|ब ाल ाल ाा|||,10,jharkhand/gp_ward/2015,82a20a1f3928
Jharkhand|2015|||gp_ward|Ranchi|नगड़ी–||12|ब ाल ाल ाा|||,10,jharkhand/gp_ward/2015,630939c07c01
Jharkhand|2015|||gp_ward|Ranchi|नगड़ी–||12|ब ाल ाल ाा|||,10,jharkhand/gp_ward/2015,818f8ca4517e
Jharkhand|2015|||gp_ward|Ranchi|नगड़ी–||12|ब ाल ाल ाा|||,10,jharkhand/gp_ward/2015,7993fd282200
Jharkhand|2015|||gp_ward|Ranchi|नगड़ी–||12|ब ाल ाल ाा|||,10,jharkhand/gp_ward/2015,5e5ec82bd93c
Jharkhand|2015|||gp_ward|Ranchi|नगड़ी–||12|ब ाल ाल ाा|||,10,jharkhand/gp_ward/2015,d6c5b1571da0
Jharkhand|2015|||gp_ward|Ranchi|नगड़ी–||12|ब ाल ाल ाा|||,10,jharkhand/gp_ward/2015,4cad9fa29345
Jharkhand|2015|||gp_ward|Ranchi|नगड़ी–||12|ब ाल ाल ाा|||,10,jharkhand/gp_ward/2015,ca267976c5ae
Jharkhand|2015|||gp_ward|Ranchi|नगड़ी–||12|ब ाल ाल ाा|||,10,jharkhand/gp_ward/2015,a9858f7e706a
Haryana|2022|||gp_ward|Kaithal|Pundri|||Teontha|1||,9,haryana/gp_ward/2022,a17ab4d784f3
Haryana|2022|||gp_ward|Kaithal|Pundri|||Teontha|1||,9,haryana/gp_ward/2022,79ad71ee624b
Haryana|2022|||gp_ward|Kaithal|Pundri|||Teontha|1||,9,haryana/gp_ward/2022,b678386db270
Haryana|2022|||gp_ward|Kaithal|Pundri|||Teontha|1||,9,haryana/gp_ward/2022,2763baf04ea8
Haryana|2022|||gp_ward|Kaithal|Pundri|||Teontha|1||,9,haryana/gp_ward/2022,e569cb926596
Haryana|2022|||gp_ward|Kaithal|Pundri|||Teontha|1||,9,haryana/gp_ward/2022,bcfebcefbc2f
Haryana|2022|||gp_ward|Kaithal|Pundri|||Teontha|1||,9,haryana/gp_ward/2022,d389a37d8e7d
Haryana|2022|||gp_ward|Kaithal|Pundri|||Teontha|1||,9,haryana/gp_ward/2022,99950a3c1592
Haryana|2022|||gp_ward|Kaithal|Pundri|||Teontha|1||,9,haryana/gp_ward/2022,39207cf295e2
Jharkhand|2015|||gp_ward|Ranchi|नगड़ी–||06|चि प र ा|||,9,jharkhand/gp_ward/2015,1188d83e6106
Jharkhand|2015|||gp_ward|Ranchi|नगड़ी–||06|चि प र ा|||,9,jharkhand/gp_ward/2015,403dbf7c4778
Jharkhand|2015|||gp_ward|Ranchi|नगड़ी–||06|चि प र ा|||,9,jharkhand/gp_ward/2015,83dd29ff3194
Jharkhand|2015|||gp_ward|Ranchi|नगड़ी–||06|चि प र ा|||,9,jharkhand/gp_ward/2015,67ac41438389
Jharkhand|2015|||gp_ward|Ranchi|नगड़ी–||06|चि प र ा|||,9,jharkhand/gp_ward/2015,d3c3f5396da7
Jharkhand|2015|||gp_ward|Ranchi|नगड़ी–||06|चि प र ा|||,9,jharkhand/gp_ward/2015,6837067bb1c1
Jharkhand|2015|||gp_ward|Ranchi|नगड़ी–||06|चि प र ा|||,9,jharkhand/gp_ward/2015,2298861c6518
Jharkhand|2015|||gp_ward|Ranchi|नगड़ी–||06|चि प र ा|||,9,jharkhand/gp_ward/2015,265da9804a4e
Jharkhand|2015|||gp_ward|Ranchi|नगड़ी–||06|चि प र ा|||,9,jharkhand/gp_ward/2015,d996bd0e894f
Jharkhand|2015|||gp_ward|Ranchi|नगड़ी–||10|दबम टुडु|||,9,jharkhand/gp_ward/2015,30131b7cca0f
Jharkhand|2015|||gp_ward|Ranchi|नगड़ी–||10|दबम टुडु|||,9,jharkhand/gp_ward/2015,dac696761d96
Jharkhand|2015|||gp_ward|Ranchi|नगड़ी–||10|दबम टुडु|||,9,jharkhand/gp_ward/2015,52dc0d5ae86f
Jharkhand|2015|||gp_ward|Ranchi|नगड़ी–||10|दबम टुडु|||,9,jharkhand/gp_ward/2015,467fa7fd6195
Jharkhand|2015|||gp_ward|Ranchi|नगड़ी–||10|दबम टुडु|||,9,jharkhand/gp_ward/2015,76e26dc10405
Jharkhand|2015|||gp_ward|Ranchi|नगड़ी–||10|दबम टुडु|||,9,jharkhand/gp_ward/2015,47fb444966d0
Jharkhand|2015|||gp_ward|Ranchi|नगड़ी–||10|दबम टुडु|||,9,jharkhand/gp_ward/2015,cd6069774ac2
Jharkhand|2015|||gp_ward|Ranchi|नगड़ी–||10|दबम टुडु|||,9,jharkhand/gp_ward/2015,39a9ab1b12b6
Jharkhand|2015|||gp_ward|Ranchi|नगड़ी–||10|दबम टुडु|||,9,jharkhand/gp_ward/2015,34493ccb1764
Jharkhand|2015|||gp_ward|Ranchi|नगड़ी–||11|क ुल ाा|||,9,jharkhand/gp_ward/2015,57c5dba4f428
Jharkhand|2015|||gp_ward|Ranchi|नगड़ी–||11|क ुल ाा|||,9,jharkhand/gp_ward/2015,ee505d74957c
Jharkhand|2015|||gp_ward|Ranchi|नगड़ी–||11|क ुल ाा|||,9,jharkhand/gp_ward/2015,56533bd6f92c
Jharkhand|2015|||gp_ward|Ranchi|नगड़ी–||11|क ुल ाा|||,9,jharkhand/gp_ward/2015,a75ddc050c02
Jharkhand|2015|||gp_ward|Ranchi|नगड़ी–||11|क ुल ाा|||,9,jharkhand/gp_ward/2015,8123b3547f42
Jharkhand|2015|||gp_ward|Ranchi|नगड़ी–||11|क ुल ाा|||,9,jharkhand/gp_ward/2015,7164239df8d3
Jharkhand|2015|||gp_ward|Ranchi|नगड़ी–||11|क ुल ाा|||,9,jharkhand/gp_ward/2015,60c2e8881b96
Jharkhand|2015|||gp_ward|Ranchi|नगड़ी–||11|क ुल ाा|||,9,jharkhand/gp_ward/2015,42c5338547e5
Jharkhand|2015|||gp_ward|Ranchi|नगड़ी–||11|क ुल ाा|||,9,jharkhand/gp_ward/2015,07f78a2c4672
Haryana|2022|||gp_ward|Jhajjar|Machhrauli|||ljksyk|10||,8,haryana/gp_ward/2022,a19fb739c1fb
Haryana|2022|||gp_ward|Jhajjar|Machhrauli|||ljksyk|10||,8,haryana/gp_ward/2022,04c087c0d062
Haryana|2022|||gp_ward|Jhajjar|Machhrauli|||ljksyk|10||,8,haryana/gp_ward/2022,f1419e148b62
Haryana|2022|||gp_ward|Jhajjar|Machhrauli|||ljksyk|10||,8,haryana/gp_ward/2022,9bfef80146ea
Haryana|2022|||gp_ward|Jhajjar|Machhrauli|||ljksyk|10||,8,haryana/gp_ward/2022,e39966c33c23
Haryana|2022|||gp_ward|Jhajjar|Machhrauli|||ljksyk|10||,8,haryana/gp_ward/2022,ad7d234a7322
Haryana|2022|||gp_ward|Jhajjar|Machhrauli|||ljksyk|10||,8,haryana/gp_ward/2022,75e65adb3dd2
Haryana|2022|||gp_ward|Jhajjar|Machhrauli|||ljksyk|10||,8,haryana/gp_ward/2022,ae98118b1cf2
Haryana|2022|||gp_ward|Kaithal|Pundri|||Barsana|1||,8,haryana/gp_ward/2022,1846a48799b3
Haryana|2022|||gp_ward|Kaithal|Pundri|||Barsana|1||,8,haryana/gp_ward/2022,65e913bf2ca7
Haryana|2022|||gp_ward|Kaithal|Pundri|||Barsana|1||,8,haryana/gp_ward/2022,c12ba8fc96c1
Haryana|2022|||gp_ward|Kaithal|Pundri|||Barsana|1||,8,haryana/gp_ward/2022,348d2521867c
Haryana|2022|||gp_ward|Kaithal|Pundri|||Barsana|1||,8,haryana/gp_ward/2022,478903d2d149
Haryana|2022|||gp_ward|Kaithal|Pundri|||Barsana|1||,8,haryana/gp_ward/2022,b0c4cccba901
Haryana|2022|||gp_ward|Kaithal|Pundri|||Barsana|1||,8,haryana/gp_ward/2022,9a9ca0c5aa46
Haryana|2022|||gp_ward|Kaithal|Pundri|||Barsana|1||,8,haryana/gp_ward/2022,ebac1dc50ee4
Haryana|2022|||gp_ward|Kaithal|Pundri|||Deeg|1||,8,haryana/gp_ward/2022,7bf380f1ef5b
Haryana|2022|||gp_ward|Kaithal|Pundri|||Deeg|1||,8,haryana/gp_ward/2022,c55a31135ef0
Haryana|2022|||gp_ward|Kaithal|Pundri|||Deeg|1||,8,haryana/gp_ward/2022,ba6eb2ebc827
Haryana|2022|||gp_ward|Kaithal|Pundri|||Deeg|1||,8,haryana/gp_ward/2022,380ebe045b98
Haryana|2022|||gp_ward|Kaithal|Pundri|||Deeg|1||,8,haryana/gp_ward/2022,26f6918b156e
Haryana|2022|||gp_ward|Kaithal|Pundri|||Deeg|1||,8,haryana/gp_ward/2022,e7a532fbdd9b
Haryana|2022|||gp_ward|Kaithal|Pundri|||Deeg|1||,8,haryana/gp_ward/2022,7270835c105b
Haryana|2022|||gp_ward|Kaithal|Pundri|||Deeg|1||,8,haryana/gp_ward/2022,5e3bd8a86c2a
Jharkhand|2015|||block_member|Godda|||||||,8,jharkhand/block_member/2015,a24c86f5e50c
Jharkhand|2015|||block_member|Godda|||||||,8,jharkhand/block_member/2015,1af4ceb74e36
Jharkhand|2015|||block_member|Godda|||||||,8,jharkhand/block_member/2015,3dedd7deb526
Jharkhand|2015|||block_member|Godda|||||||,8,jharkhand/block_member/2015,4beadd05ef4c
Jharkhand|2015|||block_member|Godda|||||||,8,jharkhand/block_member/2015,65881f00f9ee
Jharkhand|2015|||block_member|Godda|||||||,8,jharkhand/block_member/2015,a40a0231f082
Jharkhand|2015|||block_member|Godda|||||||,8,jharkhand/block_member/2015,d89df9a6b26c
Jharkhand|2015|||block_member|Godda|||||||,8,jharkhand/block_member/2015,31765d8e5ed1
Jharkhand|2015|||gp_ward|Simdega|||01|काने सोदे|||,8,jharkhand/gp_ward/2015,400eb10c961c
Jharkhand|2015|||gp_ward|Simdega|||01|काने सोदे|||,8,jharkhand/gp_ward/2015,81a7af715adf
Jharkhand|2015|||gp_ward|Simdega|||01|काने सोदे|||,8,jharkhand/gp_ward/2015,8d8663746810
Jharkhand|2015|||gp_ward|Simdega|||01|काने सोदे|||,8,jharkhand/gp_ward/2015,7a9eab603723
Jharkhand|2015|||gp_ward|Simdega|||01|काने सोदे|||,8,jharkhand/gp_ward/2015,cff8683f331f
Jharkhand|2015|||gp_ward|Simdega|||01|काने सोदे|||,8,jharkhand/gp_ward/2015,e42e7b3c41f9
Jharkhand|2015|||gp_ward|Simdega|||01|काने सोदे|||,8,jharkhand/gp_ward/2015,67d5f1bd87a5
Jharkhand|2015|||gp_ward|Simdega|||01|काने सोदे|||,8,jharkhand/gp_ward/2015,317ec8263e8b
Jharkhand|2015|||gp_ward|Simdega|||01|कुल्लुकेरा|||,8,jharkhand/gp_ward/2015,14737c10964e
Jharkhand|2015|||gp_ward|Simdega|||01|कुल्लुकेरा|||,8,jharkhand/gp_ward/2015,3f753cab3645
Jharkhand|2015|||gp_ward|Simdega|||01|कुल्लुकेरा|||,8,jharkhand/gp_ward/2015,a5e6b7d765e2
Jharkhand|2015|||gp_ward|Simdega|||01|कुल्लुकेरा|||,8,jharkhand/gp_ward/2015,8f62a8342060
Jharkhand|2015|||gp_ward|Simdega|||01|कुल्लुकेरा|||,8,jharkhand/gp_ward/2015,042e9d9d8510
Jharkhand|2015|||gp_ward|Simdega|||01|कुल्लुकेरा|||,8,jharkhand/gp_ward/2015,dd6eb71c5bfa
Jharkhand|2015|||gp_ward|Simdega|||01|कुल्लुकेरा|||,8,jharkhand/gp_ward/2015,1940af68fa70
Jharkhand|2015|||gp_ward|Simdega|||01|कुल्लुकेरा|||,8,jharkhand/gp_ward/2015,7056ca52882a
Jharkhand|2015|||gp_ward|Simdega|||01|मालसाड़ा|||,8,jharkhand/gp_ward/2015,4b35a9c61168
Jharkhand|2015|||gp_ward|Simdega|||01|मालसाड़ा|||,8,jharkhand/gp_ward/2015,688bab5fbe15
Jharkhand|2015|||gp_ward|Simdega|||01|मालसाड़ा|||,8,jharkhand/gp_ward/2015,a7176d97bf51
Jharkhand|2015|||gp_ward|Simdega|||01|मालसाड़ा|||,8,jharkhand/gp_ward/2015,380e66a0bf37
Jharkhand|2015|||gp_ward|Simdega|||01|मालसाड़ा|||,8,jharkhand/gp_ward/2015,15a8b85a6f4e
Jharkhand|2015|||gp_ward|Simdega|||01|मालसाड़ा|||,8,jharkhand/gp_ward/2015,0cc92020e601
Jharkhand|2015|||gp_ward|Simdega|||01|मालसाड़ा|||,8,jharkhand/gp_ward/2015,21931eb4f5a7
Jharkhand|2015|||gp_ward|Simdega|||01|मालसाड़ा|||,8,jharkhand/gp_ward/2015,c44fd725fe00
Jharkhand|2015|||zp_member|Lohardaga|||||||,8,jharkhand/zp_member/2015,10b0e3a53088
Jharkhand|2015|||zp_member|Lohardaga|||||||,8,jharkhand/zp_member/2015,37017f74e5bf
Jharkhand|2015|||zp_member|Lohardaga|||||||,8,jharkhand/zp_member/2015,2a2b96a556e3
Jharkhand|2015|||zp_member|Lohardaga|||||||,8,jharkhand/zp_member/2015,0fa82593c980
Jharkhand|2015|||zp_member|Lohardaga|||||||,8,jharkhand/zp_member/2015,66c80df1821d
Jharkhand|2015|||zp_member|Lohardaga|||||||,8,jharkhand/zp_member/2015,d1ca1d311d59
Jharkhand|2015|||zp_member|Lohardaga|||||||,8,jharkhand/zp_member/2015,336d07f68ad5
Jharkhand|2015|||zp_member|Lohardaga|||||||,8,jharkhand/zp_member/2015,684a160a5211
Haryana|2022|||gp_ward|Jhajjar|Machhrauli|||ljksyk|11||,7,haryana/gp_ward/2022,efe2d397348f
Haryana|2022|||gp_ward|Jhajjar|Machhrauli|||ljksyk|11||,7,haryana/gp_ward/2022,fdcec102a8f6
Haryana|2022|||gp_ward|Jhajjar|Machhrauli|||ljksyk|11||,7,haryana/gp_ward/2022,93011f0c539a
Haryana|2022|||gp_ward|Jhajjar|Machhrauli|||ljksyk|11||,7,haryana/gp_ward/2022,ea4521a05da9
Haryana|2022|||gp_ward|Jhajjar|Machhrauli|||ljksyk|11||,7,haryana/gp_ward/2022,661b9f119e11
Haryana|2022|||gp_ward|Jhajjar|Machhrauli|||ljksyk|11||,7,haryana/gp_ward/2022,9e640afe2d35
Haryana|2022|||gp_ward|Jhajjar|Machhrauli|||ljksyk|11||,7,haryana/gp_ward/2022,32379a8af8fc
Haryana|2022|||gp_ward|Kaithal|Kalayat|||Chausala|1||,7,haryana/gp_ward/2022,e11c809064a6
Haryana|2022|||gp_ward|Kaithal|Kalayat|||Chausala|1||,7,haryana/gp_ward/2022,c226556e5652
Haryana|2022|||gp_ward|Kaithal|Kalayat|||Chausala|1||,7,haryana/gp_ward/2022,99ca65027708
Haryana|2022|||gp_ward|Kaithal|Kalayat|||Chausala|1||,7,haryana/gp_ward/2022,6f8ea093f935
Haryana|2022|||gp_ward|Kaithal|Kalayat|||Chausala|1||,7,haryana/gp_ward/2022,a387f13d795c
Haryana|2022|||gp_ward|Kaithal|Kalayat|||Chausala|1||,7,haryana/gp_ward/2022,6a9745e8743e
Haryana|2022|||gp_ward|Kaithal|Kalayat|||Chausala|1||,7,haryana/gp_ward/2022,4862fa5ddc66
Haryana|2022|||gp_ward|Kaithal|Pundri|||Bakal|1||,7,haryana/gp_ward/2022,5e2cf800dfb4
Haryana|2022|||gp_ward|Kaithal|Pundri|||Bakal|1||,7,haryana/gp_ward/2022,4f8c9dd41450
Haryana|2022|||gp_ward|Kaithal|Pundri|||Bakal|1||,7,haryana/gp_ward/2022,53d0c3551049
Haryana|2022|||gp_ward|Kaithal|Pundri|||Bakal|1||,7,haryana/gp_ward/2022,ad61a94cf055
Haryana|2022|||gp_ward|Kaithal|Pundri|||Bakal|1||,7,haryana/gp_ward/2022,2096ff7b5f1b
Haryana|2022|||gp_ward|Kaithal|Pundri|||Bakal|1||,7,haryana/gp_ward/2022,04b5035c8724
Haryana|2022|||gp_ward|Kaithal|Pundri|||Bakal|1||,7,haryana/gp_ward/2022,ddfaafdcbafe
Jharkhand|2015|||gp_ward|Ranchi|नगड़ी–||07|स प ार ो|||,7,jharkhand/gp_ward/2015,891b0312b328
Jharkhand|2015|||gp_ward|Ranchi|नगड़ी–||07|स प ार ो|||,7,jharkhand/gp_ward/2015,74839168e21b
Jharkhand|2015|||gp_ward|Ranchi|नगड़ी–||07|स प ार ो|||,7,jharkhand/gp_ward/2015,a23cb8641417
Jharkhand|2015|||gp_ward|Ranchi|नगड़ी–||07|स प ार ो|||,7,jharkhand/gp_ward/2015,63b9f18d3bfc
Jharkhand|2015|||gp_ward|Ranchi|नगड़ी–||07|स प ार ो|||,7,jharkhand/gp_ward/2015,ca950dfc5347
Jharkhand|2015|||gp_ward|Ranchi|नगड़ी–||07|स प ार ो|||,7,jharkhand/gp_ward/2015,9546b404d15e
Jharkhand|2015|||gp_ward|Ranchi|नगड़ी–||07|स प ार ो|||,7,jharkhand/gp_ward/2015,60974b9842a5
Jharkhand|2015|||gp_ward|Simdega|||01|अघरमा|||,7,jharkhand/gp_ward/2015,287d17b9357e
Jharkhand|2015|||gp_ward|Simdega|||01|अघरमा|||,7,jharkhand/gp_ward/2015,d1816e45f984
Jharkhand|2015|||gp_ward|Simdega|||01|अघरमा|||,7,jharkhand/gp_ward/2015,f7fc6f360f4d
Jharkhand|2015|||gp_ward|Simdega|||01|अघरमा|||,7,jharkhand/gp_ward/2015,fef83cf7c564
Jharkhand|2015|||gp_ward|Simdega|||01|अघरमा|||,7,jharkhand/gp_ward/2015,e4969a6a79f4
Jharkhand|2015|||gp_ward|Simdega|||01|अघरमा|||,7,jharkhand/gp_ward/2015,f1e8a89275b3
Jharkhand|2015|||gp_ward|Simdega|||01|अघरमा|||,7,jharkhand/gp_ward/2015,a60fb1afb88d
Jharkhand|2015|||gp_ward|Simdega|||01|कैरबेड़ा|||,7,jharkhand/gp_ward/2015,8d8c837a640f
Jharkhand|2015|||gp_ward|Simdega|||01|कैरबेड़ा|||,7,jharkhand/gp_ward/2015,312d16c9cbe0
Jharkhand|2015|||gp_ward|Simdega|||01|कैरबेड़ा|||,7,jharkhand/gp_ward/2015,e005d68eabe5
Jharkhand|2015|||gp_ward|Simdega|||01|कैरबेड़ा|||,7,jharkhand/gp_ward/2015,60e965be96bd
Jharkhand|2015|||gp_ward|Simdega|||01|कैरबेड़ा|||,7,jharkhand/gp_ward/2015,0fcfbac471c4
Jharkhand|2015|||gp_ward|Simdega|||01|कैरबेड़ा|||,7,jharkhand/gp_ward/2015,34e285cc2175
Jharkhand|2015|||gp_ward|Simdega|||01|कैरबेड़ा|||,7,jharkhand/gp_ward/2015,64c0bc905059
Haryana|2016|||gp_ward|Mewat|Nagina|||* Anju Bala|||,6,haryana/gp_ward/2016,78f3230f6732
Haryana|2016|||gp_ward|Mewat|Nagina|||* Anju Bala|||,6,haryana/gp_ward/2016,b7dba651cc7d
Haryana|2016|||gp_ward|Mewat|Nagina|||* Anju Bala|||,6,haryana/gp_ward/2016,85d44d5467ef
Haryana|2016|||gp_ward|Mewat|Nagina|||* Anju Bala|||,6,haryana/gp_ward/2016,cdf0130b3468
Haryana|2016|||gp_ward|Mewat|Nagina|||* Anju Bala|||,6,haryana/gp_ward/2016,9349f9f54d71
Haryana|2016|||gp_ward|Mewat|Nagina|||* Anju Bala|||,6,haryana/gp_ward/2016,609ee4b87d02
Haryana|2016|||gp_ward|Mewat|Nagina|||Nagina|||,6,haryana/gp_ward/2016,c339b869321d
Haryana|2016|||gp_ward|Mewat|Nagina|||Nagina|||,6,haryana/gp_ward/2016,79c42e3cf56b
Haryana|2016|||gp_ward|Mewat|Nagina|||Nagina|||,6,haryana/gp_ward/2016,77076718d29e
Haryana|2016|||gp_ward|Mewat|Nagina|||Nagina|||,6,haryana/gp_ward/2016,5b91bfabb9ee
Haryana|2016|||gp_ward|Mewat|Nagina|||Nagina|||,6,haryana/gp_ward/2016,5bd19a775de3
Haryana|2016|||gp_ward|Mewat|Nagina|||Nagina|||,6,haryana/gp_ward/2016,3376b93f5eb6
Haryana|2022|||gp_ward|Kaithal|Kalayat|||Badsikri Khurd|1||,6,haryana/gp_ward/2022,64da54526343
Haryana|2022|||gp_ward|Kaithal|Kalayat|||Badsikri Khurd|1||,6,haryana/gp_ward/2022,cd0685178068
Haryana|2022|||gp_ward|Kaithal|Kalayat|||Badsikri Khurd|1||,6,haryana/gp_ward/2022,02de0b6b81fa
Haryana|2022|||gp_ward|Kaithal|Kalayat|||Badsikri Khurd|1||,6,haryana/gp_ward/2022,6bd1c6a5a062
Haryana|2022|||gp_ward|Kaithal|Kalayat|||Badsikri Khurd|1||,6,haryana/gp_ward/2022,3bf25438ec66
Haryana|2022|||gp_ward|Kaithal|Kalayat|||Badsikri Khurd|1||,6,haryana/gp_ward/2022,c0ee7593752b
Haryana|2022|||gp_ward|Kaithal|Kalayat|||Balu Rapria|1||,6,haryana/gp_ward/2022,51d4b80928c6
Haryana|2022|||gp_ward|Kaithal|Kalayat|||Balu Rapria|1||,6,haryana/gp_ward/2022,2cd184774b2d
Haryana|2022|||gp_ward|Kaithal|Kalayat|||Balu Rapria|1||,6,haryana/gp_ward/2022,c933ef64ae87
Haryana|2022|||gp_ward|Kaithal|Kalayat|||Balu Rapria|1||,6,haryana/gp_ward/2022,b63a8b1c6dc0
Haryana|2022|||gp_ward|Kaithal|Kalayat|||Balu Rapria|1||,6,haryana/gp_ward/2022,bbc9bedba2b1
Haryana|2022|||gp_ward|Kaithal|Kalayat|||Balu Rapria|1||,6,haryana/gp_ward/2022,02acb32c1189
Haryana|2022|||gp_ward|Kaithal|Pundri|||Sanch|1||,6,haryana/gp_ward/2022,5b6a8b593aa6
Haryana|2022|||gp_ward|Kaithal|Pundri|||Sanch|1||,6,haryana/gp_ward/2022,ec9ce9f6af44
Haryana|2022|||gp_ward|Kaithal|Pundri|||Sanch|1||,6,haryana/gp_ward/2022,573bc69347d4
Haryana|2022|||gp_ward|Kaithal|Pundri|||Sanch|1||,6,haryana/gp_ward/2022,6ceee4a7d377
Haryana|2022|||gp_ward|Kaithal|Pundri|||Sanch|1||,6,haryana/gp_ward/2022,2b9120d4d869
Haryana|2022|||gp_ward|Kaithal|Pundri|||Sanch|1||,6,haryana/gp_ward/2022,699178ab1b46
Jharkhand|2015|||gp_ward|Deoghar|||08|बनसीमी–|||,6,jharkhand/gp_ward/2015,1264a6cfbc5c
Jharkhand|2015|||gp_ward|Deoghar|||08|बनसीमी–|||,6,jharkhand/gp_ward/2015,142d8234dae1
Jharkhand|2015|||gp_ward|Deoghar|||08|बनसीमी–|||,6,jharkhand/gp_ward/2015,bce5560cda7b
Jharkhand|2015|||gp_ward|Deoghar|||08|बनसीमी–|||,6,jharkhand/gp_ward/2015,7280108a6684
Jharkhand|2015|||gp_ward|Deoghar|||08|बनसीमी–|||,6,jharkhand/gp_ward/2015,2694b67b92e1
Jharkhand|2015|||gp_ward|Deoghar|||08|बनसीमी–|||,6,jharkhand/gp_ward/2015,952b49cea509
Jharkhand|2015|||gp_ward|Ranchi|नगड़ी–||07|स प ार ा|||,6,jharkhand/gp_ward/2015,c3519908eacb
Jharkhand|2015|||gp_ward|Ranchi|नगड़ी–||07|स प ार ा|||,6,jharkhand/gp_ward/2015,066dfa5a625a
Jharkhand|2015|||gp_ward|Ranchi|नगड़ी–||07|स प ार ा|||,6,jharkhand/gp_ward/2015,76bd02bf1e68
Jharkhand|2015|||gp_ward|Ranchi|नगड़ी–||07|स प ार ा|||,6,jharkhand/gp_ward/2015,5bd93d9a7f1f
Jharkhand|2015|||gp_ward|Ranchi|नगड़ी–||07|स प ार ा|||,6,jharkhand/gp_ward/2015,9a6af3c27eca
Jharkhand|2015|||gp_ward|Ranchi|नगड़ी–||07|स प ार ा|||,6,jharkhand/gp_ward/2015,ffa488c7441b
Haryana|2016|||gp_ward|Bhiwani|Loharu|||Gothra|1||,5,haryana/gp_ward/2016,3a1fc501c2aa
Haryana|2016|||gp_ward|Bhiwani|Loharu|||Gothra|1||,5,haryana/gp_ward/2016,45696e0aaf16
Haryana|2016|||gp_ward|Bhiwani|Loharu|||Gothra|1||,5,haryana/gp_ward/2016,c5341281213c
Haryana|2016|||gp_ward|Bhiwani|Loharu|||Gothra|1||,5,haryana/gp_ward/2016,c6262a89c334
Haryana|2016|||gp_ward|Bhiwani|Loharu|||Gothra|1||,5,haryana/gp_ward/2016,3edc68ac4c2c
Haryana|2016|||gp_ward|Bhiwani|Loharu|||Gothra|2||,5,haryana/gp_ward/2016,e9dc71358a1a
Haryana|2016|||gp_ward|Bhiwani|Loharu|||Gothra|2||,5,haryana/gp_ward/2016,f7ba15205e0e
Haryana|2016|||gp_ward|Bhiwani|Loharu|||Gothra|2||,5,haryana/gp_ward/2016,4c7bdb076e95
Haryana|2016|||gp_ward|Bhiwani|Loharu|||Gothra|2||,5,haryana/gp_ward/2016,7a8ec416d7e0
Haryana|2016|||gp_ward|Bhiwani|Loharu|||Gothra|2||,5,haryana/gp_ward/2016,ba605413dc6b
Haryana|2016|||gp_ward|Bhiwani|Loharu|||Gothra|3||,5,haryana/gp_ward/2016,3c7a2be6a284
Haryana|2016|||gp_ward|Bhiwani|Loharu|||Gothra|3||,5,haryana/gp_ward/2016,596d6aa6a17c
Haryana|2016|||gp_ward|Bhiwani|Loharu|||Gothra|3||,5,haryana/gp_ward/2016,d874881d5acb
Haryana|2016|||gp_ward|Bhiwani|Loharu|||Gothra|3||,5,haryana/gp_ward/2016,8abd6366d40c
Haryana|2016|||gp_ward|Bhiwani|Loharu|||Gothra|3||,5,haryana/gp_ward/2016,f92a5d2bd241
Haryana|2016|||gp_ward|Bhiwani|Loharu|||Gothra|4||,5,haryana/gp_ward/2016,2f9a6a77720d
Haryana|2016|||gp_ward|Bhiwani|Loharu|||Gothra|4||,5,haryana/gp_ward/2016,655d30764f7c
Haryana|2016|||gp_ward|Bhiwani|Loharu|||Gothra|4||,5,haryana/gp_ward/2016,c5fb03e3fa4a
Haryana|2016|||gp_ward|Bhiwani|Loharu|||Gothra|4||,5,haryana/gp_ward/2016,393937116164
Haryana|2016|||gp_ward|Bhiwani|Loharu|||Gothra|4||,5,haryana/gp_ward/2016,d7b98f4ac274
Haryana|2016|||gp_ward|Bhiwani|Loharu|||Gothra|5||,5,haryana/gp_ward/2016,3bbb0d8dadbf
Haryana|2016|||gp_ward|Bhiwani|Loharu|||Gothra|5||,5,haryana/gp_ward/2016,49031c554f59
Haryana|2016|||gp_ward|Bhiwani|Loharu|||Gothra|5||,5,haryana/gp_ward/2016,c27111f2a1e1
Haryana|2016|||gp_ward|Bhiwani|Loharu|||Gothra|5||,5,haryana/gp_ward/2016,2b2c50a020d6
Haryana|2016|||gp_ward|Bhiwani|Loharu|||Gothra|5||,5,haryana/gp_ward/2016,0b198c82f850
Haryana|2016|||gp_ward|Bhiwani|Loharu|||Gothra|6||,5,haryana/gp_ward/2016,ce927abd692e
Haryana|2016|||gp_ward|Bhiwani|Loharu|||Gothra|6||,5,haryana/gp_ward/2016,dd629331be79
Haryana|2016|||gp_ward|Bhiwani|Loharu|||Gothra|6||,5,haryana/gp_ward/2016,472fe9908193
Haryana|2016|||gp_ward|Bhiwani|Loharu|||Gothra|6||,5,haryana/gp_ward/2016,1c20b7697f52
Haryana|2016|||gp_ward|Bhiwani|Loharu|||Gothra|6||,5,haryana/gp_ward/2016,c88b47ef0cd4
Haryana|2016|||gp_ward|Kaithal|Siwan|||Gogh|||,5,haryana/gp_ward/2016,fde4ce386c73
Haryana|2016|||gp_ward|Kaithal|Siwan|||Gogh|||,5,haryana/gp_ward/2016,909394bf8e9e
Haryana|2016|||gp_ward|Kaithal|Siwan|||Gogh|||,5,haryana/gp_ward/2016,ff496a463019
Haryana|2016|||gp_ward|Kaithal|Siwan|||Gogh|||,5,haryana/gp_ward/2016,a7c3ddc80156
Haryana|2016|||gp_ward|Kaithal|Siwan|||Gogh|||,5,haryana/gp_ward/2016,071e6f3dd751
Haryana|2016|||gp_ward|Mewat|Nagina|||Dhadoli Kalan|||,5,haryana/gp_ward/2016,82851062ad6c
Haryana|2016|||gp_ward|Mewat|Nagina|||Dhadoli Kalan|||,5,haryana/gp_ward/2016,1365b8c5ad36
Haryana|2016|||gp_ward|Mewat|Nagina|||Dhadoli Kalan|||,5,haryana/gp_ward/2016,9217f00a913e
Haryana|2016|||gp_ward|Mewat|Nagina|||Dhadoli Kalan|||,5,haryana/gp_ward/2016,2d411600d7f4
Haryana|2016|||gp_ward|Mewat|Nagina|||Dhadoli Kalan|||,5,haryana/gp_ward/2016,9f67776f0401
Haryana|2022|||gp_ward|Jhajjar|Machhrauli|||ljksyk|12||,5,haryana/gp_ward/2022,f41df529edaa
Haryana|2022|||gp_ward|Jhajjar|Machhrauli|||ljksyk|12||,5,haryana/gp_ward/2022,bd3ed68e3757
Haryana|2022|||gp_ward|Jhajjar|Machhrauli|||ljksyk|12||,5,haryana/gp_ward/2022,fe03163d44b0
Haryana|2022|||gp_ward|Jhajjar|Machhrauli|||ljksyk|12||,5,haryana/gp_ward/2022,479ad1b9d814
Haryana|2022|||gp_ward|Jhajjar|Machhrauli|||ljksyk|12||,5,haryana/gp_ward/2022,ded9c52f3662
Haryana|2022|||gp_ward|Kaithal|Kalayat|||Balu Bidhan|1||,5,haryana/gp_ward/2022,d3aad61d89f5
Haryana|2022|||gp_ward|Kaithal|Kalayat|||Balu Bidhan|1||,5,haryana/gp_ward/2022,6293cf71358c
Haryana|2022|||gp_ward|Kaithal|Kalayat|||Balu Bidhan|1||,5,haryana/gp_ward/2022,ba4f062cce93
Haryana|2022|||gp_ward|Kaithal|Kalayat|||Balu Bidhan|1||,5,haryana/gp_ward/2022,6c61308f6c6e
Haryana|2022|||gp_ward|Kaithal|Kalayat|||Balu Bidhan|1||,5,haryana/gp_ward/2022,f5e02a15a413
Haryana|2022|||gp_ward|Kaithal|Kalayat|||Balu Gadran|1||,5,haryana/gp_ward/2022,092482082e5e
Haryana|2022|||gp_ward|Kaithal|Kalayat|||Balu Gadran|1||,5,haryana/gp_ward/2022,4234a0c5d219
Haryana|2022|||gp_ward|Kaithal|Kalayat|||Balu Gadran|1||,5,haryana/gp_ward/2022,5ebf5a98cbfa
Haryana|2022|||gp_ward|Kaithal|Kalayat|||Balu Gadran|1||,5,haryana/gp_ward/2022,2eddc865c5ec
Haryana|2022|||gp_ward|Kaithal|Kalayat|||Balu Gadran|1||,5,haryana/gp_ward/2022,9d3bd253e605
Haryana|2022|||gp_ward|Kaithal|Pundri|||Hajwana|1||,5,haryana/gp_ward/2022,6c40a4653cbd
Haryana|2022|||gp_ward|Kaithal|Pundri|||Hajwana|1||,5,haryana/gp_ward/2022,734679b131d6
Haryana|2022|||gp_ward|Kaithal|Pundri|||Hajwana|1||,5,haryana/gp_ward/2022,abad7793e26f
Haryana|2022|||gp_ward|Kaithal|Pundri|||Hajwana|1||,5,haryana/gp_ward/2022,71cfa808075c
Haryana|2022|||gp_ward|Kaithal|Pundri|||Hajwana|1||,5,haryana/gp_ward/2022,1e07773b7111
Haryana|2022|||gp_ward|Kaithal|Pundri|||Rasina|1||,5,haryana/gp_ward/2022,cde19575954a
Haryana|2022|||gp_ward|Kaithal|Pundri|||Rasina|1||,5,haryana/gp_ward/2022,9a884050c2eb
Haryana|2022|||gp_ward|Kaithal|Pundri|||Rasina|1||,5,haryana/gp_ward/2022,09c15488e9a4
Haryana|2022|||gp_ward|Kaithal|Pundri|||Rasina|1||,5,haryana/gp_ward/2022,6211b9eeba57
Haryana|2022|||gp_ward|Kaithal|Pundri|||Rasina|1||,5,haryana/gp_ward/2022,624cff85e33b
Haryana|2022|||gp_ward|Karnal|Assandh|||Popra|||,5,haryana/gp_ward/2022,9bc3eaf664b2
Haryana|2022|||gp_ward|Karnal|Assandh|||Popra|||,5,haryana/gp_ward/2022,da4a0d895df2
Haryana|2022|||gp_ward|Karnal|Assandh|||Popra|||,5,haryana/gp_ward/2022,bf22c1253b60
Haryana|2022|||gp_ward|Karnal|Assandh|||Popra|||,5,haryana/gp_ward/2022,9a1952ca4bc5
Haryana|2022|||gp_ward|Karnal|Assandh|||Popra|||,5,haryana/gp_ward/2022,942d5f1d887a
Haryana|2022|||gp_ward|Karnal|Assandh|||Salwan|||,5,haryana/gp_ward/2022,320ea8f1c0e7
Haryana|2022|||gp_ward|Karnal|Assandh|||Salwan|||,5,haryana/gp_ward/2022,c6a83554786a
Haryana|2022|||gp_ward|Karnal|Assandh|||Salwan|||,5,haryana/gp_ward/2022,fab68587f734
Haryana|2022|||gp_ward|Karnal|Assandh|||Salwan|||,5,haryana/gp_ward/2022,213f9b499359
Haryana|2022|||gp_ward|Karnal|Assandh|||Salwan|||,5,haryana/gp_ward/2022,c96641a6a1ee
Haryana|2022|||gp_ward|Karnal|Chirao|||Kheri Naru|||,5,haryana/gp_ward/2022,a933800b3988
Haryana|2022|||gp_ward|Karnal|Chirao|||Kheri Naru|||,5,haryana/gp_ward/2022,c980927f37ac
Haryana|2022|||gp_ward|Karnal|Chirao|||Kheri Naru|||,5,haryana/gp_ward/2022,c2770c1a6a35
Haryana|2022|||gp_ward|Karnal|Chirao|||Kheri Naru|||,5,haryana/gp_ward/2022,df3852e75dfc
Haryana|2022|||gp_ward|Karnal|Chirao|||Kheri Naru|||,5,haryana/gp_ward/2022,0d42d3010240
Haryana|2022|||gp_ward|Karnal|Munak|||Ballah|||,5,haryana/gp_ward/2022,8666d382efea
Haryana|2022|||gp_ward|Karnal|Munak|||Ballah|||,5,haryana/gp_ward/2022,2081b22a3b64
Haryana|2022|||gp_ward|Karnal|Munak|||Ballah|||,5,haryana/gp_ward/2022,7e8ae8f38937
Haryana|2022|||gp_ward|Karnal|Munak|||Ballah|||,5,haryana/gp_ward/2022,69bda09f5c6e
Haryana|2022|||gp_ward|Karnal|Munak|||Ballah|||,5,haryana/gp_ward/2022,8ea2a2c8de31
Haryana|2022|||gp_ward|Karnal|Munak|||Goli|||,5,haryana/gp_ward/2022,f5dee9ccdb56
Haryana|2022|||gp_ward|Karnal|Munak|||Goli|||,5,haryana/gp_ward/2022,466da05ad4cc
Haryana|2022|||gp_ward|Karnal|Munak|||Goli|||,5,haryana/gp_ward/2022,d3e3863b214c
Haryana|2022|||gp_ward|Karnal|Munak|||Goli|||,5,haryana/gp_ward/2022,b0a20bd1f243
Haryana|2022|||gp_ward|Karnal|Munak|||Goli|||,5,haryana/gp_ward/2022,f68da085857a
Haryana|2022|||gp_ward|Karnal|Munak|||Munak|||,5,haryana/gp_ward/2022,c63abb4d6b61
Haryana|2022|||gp_ward|Karnal|Munak|||Munak|||,5,haryana/gp_ward/2022,91a648a28e50
Haryana|2022|||gp_ward|Karnal|Munak|||Munak|||,5,haryana/gp_ward/2022,c8dacda2f858
Haryana|2022|||gp_ward|Karnal|Munak|||Munak|||,5,haryana/gp_ward/2022,c3a6e34f37bf
Haryana|2022|||gp_ward|Karnal|Munak|||Munak|||,5,haryana/gp_ward/2022,4523fb76ae0f
Haryana|2016|||gp_ward|Bhiwani|Loharu|||Gothra|7||,4,haryana/gp_ward/2016,51415fc653d1
Haryana|2016|||gp_ward|Bhiwani|Loharu|||Gothra|7||,4,haryana/gp_ward/2016,89ced9c62b1d
Haryana|2016|||gp_ward|Bhiwani|Loharu|||Gothra|7||,4,haryana/gp_ward/2016,54c9d3687a4b
Haryana|2016|||gp_ward|Bhiwani|Loharu|||Gothra|7||,4,haryana/gp_ward/2016,9c0c7bf946bb
Haryana|2016|||gp_ward|Mewat|Nagina|||Jalalpur Nuh|||,4,haryana/gp_ward/2016,6b43ff5e8365
Haryana|2016|||gp_ward|Mewat|Nagina|||Jalalpur Nuh|||,4,haryana/gp_ward/2016,b1505659246a
Haryana|2016|||gp_ward|Mewat|Nagina|||Jalalpur Nuh|||,4,haryana/gp_ward/2016,2c2c2a17acd9
Haryana|2016|||gp_ward|Mewat|Nagina|||Jalalpur Nuh|||,4,haryana/gp_ward/2016,e01deb5e654e
Haryana|2016|||gp_ward|Mewat|Nagina|||Khanpur Ghati|||,4,haryana/gp_ward/2016,d3f901007bc6
Haryana|2016|||gp_ward|Mewat|Nagina|||Khanpur Ghati|||,4,haryana/gp_ward/2016,326d72181ab6
Haryana|2016|||gp_ward|Mewat|Nagina|||Khanpur Ghati|||,4,haryana/gp_ward/2016,b4ab7e2d9e8a
Haryana|2016|||gp_ward|Mewat|Nagina|||Khanpur Ghati|||,4,haryana/gp_ward/2016,1daa0aafa80e
Haryana|2016|||gp_ward|Mewat|Nagina|||Khedli Kalan|||,4,haryana/gp_ward/2016,c521b50f19cc
Haryana|2016|||gp_ward|Mewat|Nagina|||Khedli Kalan|||,4,haryana/gp_ward/2016,59a475486af5
Haryana|2016|||gp_ward|Mewat|Nagina|||Khedli Kalan|||,4,haryana/gp_ward/2016,65559cfdd42f
Haryana|2016|||gp_ward|Mewat|Nagina|||Khedli Kalan|||,4,haryana/gp_ward/2016,09a056035e32
Haryana|2016|||gp_ward|Mewat|Nagina|||Umra|||,4,haryana/gp_ward/2016,b6b85415e468
Haryana|2016|||gp_ward|Mewat|Nagina|||Umra|||,4,haryana/gp_ward/2016,d23406dd1eb9
Haryana|2016|||gp_ward|Mewat|Nagina|||Umra|||,4,haryana/gp_ward/2016,4c80c460a2ab
Haryana|2016|||gp_ward|Mewat|Nagina|||Umra|||,4,haryana/gp_ward/2016,8707148d33e6
Haryana|2022|||gp_ward|Jhajjar|Machhrauli|||ljksyk|13||,4,haryana/gp_ward/2022,39b74b1cb343
Haryana|2022|||gp_ward|Jhajjar|Machhrauli|||ljksyk|13||,4,haryana/gp_ward/2022,68ee126b7cbe
Haryana|2022|||gp_ward|Jhajjar|Machhrauli|||ljksyk|13||,4,haryana/gp_ward/2022,1b06d3dd5e91
Haryana|2022|||gp_ward|Jhajjar|Machhrauli|||ljksyk|13||,4,haryana/gp_ward/2022,cede0e4eabdc
Haryana|2022|||gp_ward|Jhajjar|Machhrauli|||ljksyk|14||,4,haryana/gp_ward/2022,71d2fa5e3ac8
Haryana|2022|||gp_ward|Jhajjar|Machhrauli|||ljksyk|14||,4,haryana/gp_ward/2022,68dbcd171a67
Haryana|2022|||gp_ward|Jhajjar|Machhrauli|||ljksyk|14||,4,haryana/gp_ward/2022,69082fbb5f6f
Haryana|2022|||gp_ward|Jhajjar|Machhrauli|||ljksyk|14||,4,haryana/gp_ward/2022,826dd894d5ae
Haryana|2022|||gp_ward|Kaithal|Kalayat|||Badsikri Kalan|1||,4,haryana/gp_ward/2022,2a665c35fff6
Haryana|2022|||gp_ward|Kaithal|Kalayat|||Badsikri Kalan|1||,4,haryana/gp_ward/2022,75b08a803bcf
Haryana|2022|||gp_ward|Kaithal|Kalayat|||Badsikri Kalan|1||,4,haryana/gp_ward/2022,24064c0861cc
Haryana|2022|||gp_ward|Kaithal|Kalayat|||Badsikri Kalan|1||,4,haryana/gp_ward/2022,972f266354f3
Haryana|2022|||gp_ward|Karnal|Assandh|||Ardana|||,4,haryana/gp_ward/2022,3ab6ac94d505
Haryana|2022|||gp_ward|Karnal|Assandh|||Ardana|||,4,haryana/gp_ward/2022,56998c9384ab
Haryana|2022|||gp_ward|Karnal|Assandh|||Ardana|||,4,haryana/gp_ward/2022,454bacec5d39
Haryana|2022|||gp_ward|Karnal|Assandh|||Ardana|||,4,haryana/gp_ward/2022,21b336262815
Haryana|2022|||gp_ward|Karnal|Assandh|||Chochra|||,4,haryana/gp_ward/2022,26137fec7285
Haryana|2022|||gp_ward|Karnal|Assandh|||Chochra|||,4,haryana/gp_ward/2022,393f7e39f872
Haryana|2022|||gp_ward|Karnal|Assandh|||Chochra|||,4,haryana/gp_ward/2022,93abd5a1f05e
Haryana|2022|||gp_ward|Karnal|Assandh|||Chochra|||,4,haryana/gp_ward/2022,06d3cc6b49b4
Haryana|2022|||gp_ward|Karnal|Assandh|||Jai SinghPura|||,4,haryana/gp_ward/2022,f72d14d16954
Haryana|2022|||gp_ward|Karnal|Assandh|||Jai SinghPura|||,4,haryana/gp_ward/2022,9570653ba620
Haryana|2022|||gp_ward|Karnal|Assandh|||Jai SinghPura|||,4,haryana/gp_ward/2022,e35119238158
Haryana|2022|||gp_ward|Karnal|Assandh|||Jai SinghPura|||,4,haryana/gp_ward/2022,abb3c9950f5a
Haryana|2022|||gp_ward|Karnal|Chirao|||Augand|||,4,haryana/gp_ward/2022,efbd0a7b2900
Haryana|2022|||gp_ward|Karnal|Chirao|||Augand|||,4,haryana/gp_ward/2022,a27e432cf895
Haryana|2022|||gp_ward|Karnal|Chirao|||Augand|||,4,haryana/gp_ward/2022,5200c7fba80d
Haryana|2022|||gp_ward|Karnal|Chirao|||Augand|||,4,haryana/gp_ward/2022,13bce2758cdf
Haryana|2022|||gp_ward|Karnal|Chirao|||Jundla|||,4,haryana/gp_ward/2022,16dd59f12a09
Haryana|2022|||gp_ward|Karnal|Chirao|||Jundla|||,4,haryana/gp_ward/2022,0f8eaa4cc24e
Haryana|2022|||gp_ward|Karnal|Chirao|||Jundla|||,4,haryana/gp_ward/2022,70c0b0b00b0e
Haryana|2022|||gp_ward|Karnal|Chirao|||Jundla|||,4,haryana/gp_ward/2022,82e81adb2535
Haryana|2022|||gp_ward|Karnal|Kunjpura|||Baragaon|||,4,haryana/gp_ward/2022,3b06bdf90462
Haryana|2022|||gp_ward|Karnal|Kunjpura|||Baragaon|||,4,haryana/gp_ward/2022,3aa1091a476e
Haryana|2022|||gp_ward|Karnal|Kunjpura|||Baragaon|||,4,haryana/gp_ward/2022,0457bf8b4b0c
Haryana|2022|||gp_ward|Karnal|Kunjpura|||Baragaon|||,4,haryana/gp_ward/2022,37daf9072462
Haryana|2022|||gp_ward|Karnal|Kunjpura|||Rindal|||,4,haryana/gp_ward/2022,4ac3d98dbc85
Haryana|2022|||gp_ward|Karnal|Kunjpura|||Rindal|||,4,haryana/gp_ward/2022,baec4d7399de
Haryana|2022|||gp_ward|Karnal|Kunjpura|||Rindal|||,4,haryana/gp_ward/2022,01e5c2887aab
Haryana|2022|||gp_ward|Karnal|Kunjpura|||Rindal|||,4,haryana/gp_ward/2022,79e7dbedbece
Haryana|2022|||gp_ward|Karnal|Munak|||Staundi|||,4,haryana/gp_ward/2022,a9a4aa97e3a1
Haryana|2022|||gp_ward|Karnal|Munak|||Staundi|||,4,haryana/gp_ward/2022,23ded4fda297
Haryana|2022|||gp_ward|Karnal|Munak|||Staundi|||,4,haryana/gp_ward/2022,4656a5653660
Haryana|2022|||gp_ward|Karnal|Munak|||Staundi|||,4,haryana/gp_ward/2022,91ce75a52d8c
Jharkhand|2015|||block_member|Hazaribag|||01|बड़कागाँव|||,4,jharkhand/block_member/2015,419e020dbd07
Jharkhand|2015|||block_member|Hazaribag|||01|बड़कागाँव|||,4,jharkhand/block_member/2015,52cbbce7ed4a
Jharkhand|2015|||block_member|Hazaribag|||01|बड़कागाँव|||,4,jharkhand/block_member/2015,7de93bd2aeb2
Jharkhand|2015|||block_member|Hazaribag|||01|बड़कागाँव|||,4,jharkhand/block_member/2015,953952d5355d
Jharkhand|2015|||gp_ward|Simdega|||01|कोनजोबा|||,4,jharkhand/gp_ward/2015,b8b1b8235e2d
Jharkhand|2015|||gp_ward|Simdega|||01|कोनजोबा|||,4,jharkhand/gp_ward/2015,0e73b14afa52
Jharkhand|2015|||gp_ward|Simdega|||01|कोनजोबा|||,4,jharkhand/gp_ward/2015,c7885bdb21b4
Jharkhand|2015|||gp_ward|Simdega|||01|कोनजोबा|||,4,jharkhand/gp_ward/2015,5609ea8f549c
Haryana|2016|||gp_head|Bhiwani|Badhra|||Dohka Moji|||,3,haryana/gp_head/2016,2026386ebfaa
Haryana|2016|||gp_head|Bhiwani|Badhra|||Dohka Moji|||,3,haryana/gp_head/2016,a5436c37a1ac
Haryana|2016|||gp_head|Bhiwani|Badhra|||Dohka Moji|||,3,haryana/gp_head/2016,3ca4a1e61797
Haryana|2016|||gp_head|Bhiwani|Badhra|||Govindpura|||,3,haryana/gp_head/2016,1eb047cc3d7e
Haryana|2016|||gp_head|Bhiwani|Badhra|||Govindpura|||,3,haryana/gp_head/2016,bf12c917be45
Haryana|2016|||gp_head|Bhiwani|Badhra|||Govindpura|||,3,haryana/gp_head/2016,b565b97eaad9
Haryana|2016|||gp_head|Bhiwani|Badhra|||Kakroli Hatti|||,3,haryana/gp_head/2016,efb7f797010c
Haryana|2016|||gp_head|Bhiwani|Badhra|||Kakroli Hatti|||,3,haryana/gp_head/2016,14cbcf6c9bb3
Haryana|2016|||gp_head|Bhiwani|Badhra|||Kakroli Hatti|||,3,haryana/gp_head/2016,b757168c8be7
Haryana|2016|||gp_ward|Bhiwani|Badhra|||Dohka Moji|1||,3,haryana/gp_ward/2016,eea6dbf3524d
Haryana|2016|||gp_ward|Bhiwani|Badhra|||Dohka Moji|1||,3,haryana/gp_ward/2016,113d6c279d74
Haryana|2016|||gp_ward|Bhiwani|Badhra|||Dohka Moji|1||,3,haryana/gp_ward/2016,eed48eb71322
Haryana|2016|||gp_ward|Bhiwani|Badhra|||Dohka Moji|2||,3,haryana/gp_ward/2016,10e691bed807
Haryana|2016|||gp_ward|Bhiwani|Badhra|||Dohka Moji|2||,3,haryana/gp_ward/2016,9c175f0539ae
Haryana|2016|||gp_ward|Bhiwani|Badhra|||Dohka Moji|2||,3,haryana/gp_ward/2016,2c34b2a9c5b0
Haryana|2016|||gp_ward|Bhiwani|Badhra|||Dohka Moji|3||,3,haryana/gp_ward/2016,d8ff8295b90c
Haryana|2016|||gp_ward|Bhiwani|Badhra|||Dohka Moji|3||,3,haryana/gp_ward/2016,ad9424ef4608
Haryana|2016|||gp_ward|Bhiwani|Badhra|||Dohka Moji|3||,3,haryana/gp_ward/2016,a3023d7a9c7d
Haryana|2016|||gp_ward|Bhiwani|Badhra|||Dohka Moji|4||,3,haryana/gp_ward/2016,bb45f4a52905
Haryana|2016|||gp_ward|Bhiwani|Badhra|||Dohka Moji|4||,3,haryana/gp_ward/2016,8f1695516b61
Haryana|2016|||gp_ward|Bhiwani|Badhra|||Dohka Moji|4||,3,haryana/gp_ward/2016,f5b9f53912e5
Haryana|2016|||gp_ward|Bhiwani|Badhra|||Dohka Moji|5||,3,haryana/gp_ward/2016,7699ff3dfc42
Haryana|2016|||gp_ward|Bhiwani|Badhra|||Dohka Moji|5||,3,haryana/gp_ward/2016,a9d94a59279f
Haryana|2016|||gp_ward|Bhiwani|Badhra|||Dohka Moji|5||,3,haryana/gp_ward/2016,e1f268da3882
Haryana|2016|||gp_ward|Bhiwani|Badhra|||Dohka Moji|6||,3,haryana/gp_ward/2016,ecde6f1bf12c
Haryana|2016|||gp_ward|Bhiwani|Badhra|||Dohka Moji|6||,3,haryana/gp_ward/2016,e295983a69a0
Haryana|2016|||gp_ward|Bhiwani|Badhra|||Dohka Moji|6||,3,haryana/gp_ward/2016,09fe6405a065
Haryana|2016|||gp_ward|Bhiwani|Badhra|||Dohka Moji|7||,3,haryana/gp_ward/2016,a1396e23d2ed
Haryana|2016|||gp_ward|Bhiwani|Badhra|||Dohka Moji|7||,3,haryana/gp_ward/2016,982d7ecf198f
Haryana|2016|||gp_ward|Bhiwani|Badhra|||Dohka Moji|7||,3,haryana/gp_ward/2016,5d8f78121cbf
Haryana|2016|||gp_ward|Bhiwani|Badhra|||Govindpura|1||,3,haryana/gp_ward/2016,7ad35df21804
Haryana|2016|||gp_ward|Bhiwani|Badhra|||Govindpura|1||,3,haryana/gp_ward/2016,b86f1d28ccb3
Haryana|2016|||gp_ward|Bhiwani|Badhra|||Govindpura|1||,3,haryana/gp_ward/2016,d61b1082580d
Haryana|2016|||gp_ward|Bhiwani|Badhra|||Govindpura|2||,3,haryana/gp_ward/2016,a2298032045b
Haryana|2016|||gp_ward|Bhiwani|Badhra|||Govindpura|2||,3,haryana/gp_ward/2016,0b96f5a1cb75
Haryana|2016|||gp_ward|Bhiwani|Badhra|||Govindpura|2||,3,haryana/gp_ward/2016,a429b6715909
Haryana|2016|||gp_ward|Bhiwani|Badhra|||Govindpura|3||,3,haryana/gp_ward/2016,fc67c1d280ab
Haryana|2016|||gp_ward|Bhiwani|Badhra|||Govindpura|3||,3,haryana/gp_ward/2016,662636aefa6a
Haryana|2016|||gp_ward|Bhiwani|Badhra|||Govindpura|3||,3,haryana/gp_ward/2016,7c992a87d524
Haryana|2016|||gp_ward|Bhiwani|Badhra|||Govindpura|4||,3,haryana/gp_ward/2016,7dba04f9fc38
Haryana|2016|||gp_ward|Bhiwani|Badhra|||Govindpura|4||,3,haryana/gp_ward/2016,67adbc90faa5
Haryana|2016|||gp_ward|Bhiwani|Badhra|||Govindpura|4||,3,haryana/gp_ward/2016,c3d9d1a828dd
Haryana|2016|||gp_ward|Bhiwani|Badhra|||Govindpura|5||,3,haryana/gp_ward/2016,b7ab24b2674b
Haryana|2016|||gp_ward|Bhiwani|Badhra|||Govindpura|5||,3,haryana/gp_ward/2016,e8226035e412
Haryana|2016|||gp_ward|Bhiwani|Badhra|||Govindpura|5||,3,haryana/gp_ward/2016,17456aa6c227
Haryana|2016|||gp_ward|Bhiwani|Badhra|||Govindpura|6||,3,haryana/gp_ward/2016,8651d5facbc0
Haryana|2016|||gp_ward|Bhiwani|Badhra|||Govindpura|6||,3,haryana/gp_ward/2016,4734d196e140
Haryana|2016|||gp_ward|Bhiwani|Badhra|||Govindpura|6||,3,haryana/gp_ward/2016,d3bfdd2a9af3
Haryana|2016|||gp_ward|Bhiwani|Badhra|||Govindpura|7||,3,haryana/gp_ward/2016,3767fdc9447b
Haryana|2016|||gp_ward|Bhiwani|Badhra|||Govindpura|7||,3,haryana/gp_ward/2016,4c22e4f0944a
Haryana|2016|||gp_ward|Bhiwani|Badhra|||Govindpura|7||,3,haryana/gp_ward/2016,d68bc5c4d923
Haryana|2016|||gp_ward|Bhiwani|Badhra|||Kakroli Hatti|10||,3,haryana/gp_ward/2016,b5710f7d91a9
Haryana|2016|||gp_ward|Bhiwani|Badhra|||Kakroli Hatti|10||,3,haryana/gp_ward/2016,13769bfaa5cc
Haryana|2016|||gp_ward|Bhiwani|Badhra|||Kakroli Hatti|10||,3,haryana/gp_ward/2016,7b2c1e464d0a
Haryana|2016|||gp_ward|Bhiwani|Badhra|||Kakroli Hatti|1||,3,haryana/gp_ward/2016,d3ca3f3cc42a
Haryana|2016|||gp_ward|Bhiwani|Badhra|||Kakroli Hatti|1||,3,haryana/gp_ward/2016,ba4b801f15a9
Haryana|2016|||gp_ward|Bhiwani|Badhra|||Kakroli Hatti|1||,3,haryana/gp_ward/2016,7a1d7b4f7b1c
Haryana|2016|||gp_ward|Bhiwani|Badhra|||Kakroli Hatti|2||,3,haryana/gp_ward/2016,94ac6f0e9aee
Haryana|2016|||gp_ward|Bhiwani|Badhra|||Kakroli Hatti|2||,3,haryana/gp_ward/2016,c5e3a3cc18a9
Haryana|2016|||gp_ward|Bhiwani|Badhra|||Kakroli Hatti|2||,3,haryana/gp_ward/2016,bc4d99301324
Haryana|2016|||gp_ward|Bhiwani|Badhra|||Kakroli Hatti|3||,3,haryana/gp_ward/2016,b042a42a1661
Haryana|2016|||gp_ward|Bhiwani|Badhra|||Kakroli Hatti|3||,3,haryana/gp_ward/2016,672b1d3b0306
Haryana|2016|||gp_ward|Bhiwani|Badhra|||Kakroli Hatti|3||,3,haryana/gp_ward/2016,d11de9ccf35a
Haryana|2016|||gp_ward|Bhiwani|Badhra|||Kakroli Hatti|4||,3,haryana/gp_ward/2016,73d0614b75ca
Haryana|2016|||gp_ward|Bhiwani|Badhra|||Kakroli Hatti|4||,3,haryana/gp_ward/2016,4719031c233c
Haryana|2016|||gp_ward|Bhiwani|Badhra|||Kakroli Hatti|4||,3,haryana/gp_ward/2016,024147e52ec8
Haryana|2016|||gp_ward|Bhiwani|Badhra|||Kakroli Hatti|5||,3,haryana/gp_ward/2016,107e0d7534ef
Haryana|2016|||gp_ward|Bhiwani|Badhra|||Kakroli Hatti|5||,3,haryana/gp_ward/2016,65fb15c3ddcf
Haryana|2016|||gp_ward|Bhiwani|Badhra|||Kakroli Hatti|5||,3,haryana/gp_ward/2016,8820db0a8669
Haryana|2016|||gp_ward|Bhiwani|Badhra|||Kakroli Hatti|6||,3,haryana/gp_ward/2016,7394dbde538c
Haryana|2016|||gp_ward|Bhiwani|Badhra|||Kakroli Hatti|6||,3,haryana/gp_ward/2016,e9b9d9d8814e
Haryana|2016|||gp_ward|Bhiwani|Badhra|||Kakroli Hatti|6||,3,haryana/gp_ward/2016,da32843a15fa
Haryana|2016|||gp_ward|Bhiwani|Badhra|||Kakroli Hatti|7||,3,haryana/gp_ward/2016,df38abeddbcb
Haryana|2016|||gp_ward|Bhiwani|Badhra|||Kakroli Hatti|7||,3,haryana/gp_ward/2016,ab767b90a0f3
Haryana|2016|||gp_ward|Bhiwani|Badhra|||Kakroli Hatti|7||,3,haryana/gp_ward/2016,1b8b0e9f1a87
Haryana|2016|||gp_ward|Bhiwani|Badhra|||Kakroli Hatti|8||,3,haryana/gp_ward/2016,7666ce634116
Haryana|2016|||gp_ward|Bhiwani|Badhra|||Kakroli Hatti|8||,3,haryana/gp_ward/2016,fe1188568f90
Haryana|2016|||gp_ward|Bhiwani|Badhra|||Kakroli Hatti|8||,3,haryana/gp_ward/2016,4b11cf026c9b
Haryana|2016|||gp_ward|Bhiwani|Badhra|||Kakroli Hatti|9||,3,haryana/gp_ward/2016,77110aefa55a
Haryana|2016|||gp_ward|Bhiwani|Badhra|||Kakroli Hatti|9||,3,haryana/gp_ward/2016,befdbf0228ff
Haryana|2016|||gp_ward|Bhiwani|Badhra|||Kakroli Hatti|9||,3,haryana/gp_ward/2016,8b312399eb86
Haryana|2016|||gp_ward|Bhiwani|Loharu|||Dhani Toda|1||,3,haryana/gp_ward/2016,74517f5cc958
Haryana|2016|||gp_ward|Bhiwani|Loharu|||Dhani Toda|1||,3,haryana/gp_ward/2016,74b3bf513a81
Haryana|2016|||gp_ward|Bhiwani|Loharu|||Dhani Toda|1||,3,haryana/gp_ward/2016,c3fdd7d51891
Haryana|2016|||gp_ward|Bhiwani|Loharu|||Dhani Toda|2||,3,haryana/gp_ward/2016,1eda54491ed1
Haryana|2016|||gp_ward|Bhiwani|Loharu|||Dhani Toda|2||,3,haryana/gp_ward/2016,d4f5f14e4d6d
Haryana|2016|||gp_ward|Bhiwani|Loharu|||Dhani Toda|2||,3,haryana/gp_ward/2016,aa2de9f97726
Haryana|2016|||gp_ward|Bhiwani|Loharu|||Dhani Toda|3||,3,haryana/gp_ward/2016,80a100efa6da
Haryana|2016|||gp_ward|Bhiwani|Loharu|||Dhani Toda|3||,3,haryana/gp_ward/2016,e797824af64a
Haryana|2016|||gp_ward|Bhiwani|Loharu|||Dhani Toda|3||,3,haryana/gp_ward/2016,0b515b1b034f
Haryana|2016|||gp_ward|Bhiwani|Loharu|||Dhani Toda|4||,3,haryana/gp_ward/2016,ff4855b0ad31
Haryana|2016|||gp_ward|Bhiwani|Loharu|||Dhani Toda|4||,3,haryana/gp_ward/2016,51908654d5b3
Haryana|2016|||gp_ward|Bhiwani|Loharu|||Dhani Toda|4||,3,haryana/gp_ward/2016,8c68c9c2a0a1
Haryana|2016|||gp_ward|Bhiwani|Loharu|||Dhani Toda|5||,3,haryana/gp_ward/2016,2b4cdb6f2294
Haryana|2016|||gp_ward|Bhiwani|Loharu|||Dhani Toda|5||,3,haryana/gp_ward/2016,6b1c88bb5f88
Haryana|2016|||gp_ward|Bhiwani|Loharu|||Dhani Toda|5||,3,haryana/gp_ward/2016,c0d511d31509
Haryana|2016|||gp_ward|Bhiwani|Loharu|||Dhani Toda|6||,3,haryana/gp_ward/2016,e0b6de0519bb
Haryana|2016|||gp_ward|Bhiwani|Loharu|||Dhani Toda|6||,3,haryana/gp_ward/2016,ec388b3ee580
Haryana|2016|||gp_ward|Bhiwani|Loharu|||Dhani Toda|6||,3,haryana/gp_ward/2016,60973ceae759
Haryana|2016|||gp_ward|Bhiwani|Loharu|||Dhani Toda|7||,3,haryana/gp_ward/2016,e5b21282e471
Haryana|2016|||gp_ward|Bhiwani|Loharu|||Dhani Toda|7||,3,haryana/gp_ward/2016,11e1d6ba37c4
Haryana|2016|||gp_ward|Bhiwani|Loharu|||Dhani Toda|7||,3,haryana/gp_ward/2016,c6f46bc71e07
Haryana|2016|||gp_ward|Bhiwani|Loharu|||Gothra|8||,3,haryana/gp_ward/2016,c3a368cda7d0
Haryana|2016|||gp_ward|Bhiwani|Loharu|||Gothra|8||,3,haryana/gp_ward/2016,f866c31c42b5
Haryana|2016|||gp_ward|Bhiwani|Loharu|||Gothra|8||,3,haryana/gp_ward/2016,06e009ec6510
Haryana|2016|||gp_ward|Mahendergarh|Kanina|||Baghot|10||,3,haryana/gp_ward/2016,bfd3b2baa301
Haryana|2016|||gp_ward|Mahendergarh|Kanina|||Baghot|10||,3,haryana/gp_ward/2016,3d179296bae3
Haryana|2016|||gp_ward|Mahendergarh|Kanina|||Baghot|10||,3,haryana/gp_ward/2016,72e03d675047
Haryana|2016|||gp_ward|Mewat|Nagina|||* Sanower|||,3,haryana/gp_ward/2016,8b77a7ef745c
Haryana|2016|||gp_ward|Mewat|Nagina|||* Sanower|||,3,haryana/gp_ward/2016,a525b7146470
Haryana|2016|||gp_ward|Mewat|Nagina|||* Sanower|||,3,haryana/gp_ward/2016,85ce7bfa94b7
Haryana|2016|||gp_ward|Mewat|Nagina|||Balai|||,3,haryana/gp_ward/2016,63306b927d3b
Haryana|2016|||gp_ward|Mewat|Nagina|||Balai|||,3,haryana/gp_ward/2016,ee42df8e5018
Haryana|2016|||gp_ward|Mewat|Nagina|||Balai|||,3,haryana/gp_ward/2016,763c4e34e71f
Haryana|2016|||gp_ward|Mewat|Nagina|||Jimrawat|||,3,haryana/gp_ward/2016,0f425314117a
Haryana|2016|||gp_ward|Mewat|Nagina|||Jimrawat|||,3,haryana/gp_ward/2016,99f44257f0f8
Haryana|2016|||gp_ward|Mewat|Nagina|||Jimrawat|||,3,haryana/gp_ward/2016,b31f4cc3b048
Haryana|2016|||gp_ward|Mewat|Nagina|||Karheda|||,3,haryana/gp_ward/2016,d7509fa2950a
Haryana|2016|||gp_ward|Mewat|Nagina|||Karheda|||,3,haryana/gp_ward/2016,a263bdff58ba
Haryana|2016|||gp_ward|Mewat|Nagina|||Karheda|||,3,haryana/gp_ward/2016,8c89b21c157c
Haryana|2016|||gp_ward|Mewat|Nagina|||Khan Mohammadpur|||,3,haryana/gp_ward/2016,f8dfca8c1f78
Haryana|2016|||gp_ward|Mewat|Nagina|||Khan Mohammadpur|||,3,haryana/gp_ward/2016,124c37443279
Haryana|2016|||gp_ward|Mewat|Nagina|||Khan Mohammadpur|||,3,haryana/gp_ward/2016,9da4c4099785
Haryana|2016|||gp_ward|Mewat|Nagina|||Khedli Nuh|||,3,haryana/gp_ward/2016,e8224fed8157
Haryana|2016|||gp_ward|Mewat|Nagina|||Khedli Nuh|||,3,haryana/gp_ward/2016,69d3dde69d1f
Haryana|2016|||gp_ward|Mewat|Nagina|||Khedli Nuh|||,3,haryana/gp_ward/2016,57a4aa28f98f
Haryana|2016|||gp_ward|Mewat|Nagina|||Nagal Mubarikpur|||,3,haryana/gp_ward/2016,c8b7199eaeb7
Haryana|2016|||gp_ward|Mewat|Nagina|||Nagal Mubarikpur|||,3,haryana/gp_ward/2016,4e46ae329053
Haryana|2016|||gp_ward|Mewat|Nagina|||Nagal Mubarikpur|||,3,haryana/gp_ward/2016,d2b5a47d9d0f
Haryana|2016|||gp_ward|Mewat|Nagina|||Satawari|||,3,haryana/gp_ward/2016,dce47f157440
Haryana|2016|||gp_ward|Mewat|Nagina|||Satawari|||,3,haryana/gp_ward/2016,cb8c924815ce
Haryana|2016|||gp_ward|Mewat|Nagina|||Satawari|||,3,haryana/gp_ward/2016,5dbb1fc588a7
Haryana|2016|||gp_ward|Sirsa|Nathusari Chopta|||Jogiwala|||,3,haryana/gp_ward/2016,a3d6fa0f09d1
Haryana|2016|||gp_ward|Sirsa|Nathusari Chopta|||Jogiwala|||,3,haryana/gp_ward/2016,63a5c7d1927f
Haryana|2016|||gp_ward|Sirsa|Nathusari Chopta|||Jogiwala|||,3,haryana/gp_ward/2016,425c1bd638d4
Haryana|2022|||gp_ward|Kaithal|Pundri|||Pilni|1||,3,haryana/gp_ward/2022,9fb9726d357c
Haryana|2022|||gp_ward|Kaithal|Pundri|||Pilni|1||,3,haryana/gp_ward/2022,f2da7e200327
Haryana|2022|||gp_ward|Kaithal|Pundri|||Pilni|1||,3,haryana/gp_ward/2022,73b0b379afbe
Haryana|2022|||gp_ward|Kaithal|Pundri|||Ramana- Ramani|1||,3,haryana/gp_ward/2022,da06ed6c9f3a
Haryana|2022|||gp_ward|Kaithal|Pundri|||Ramana- Ramani|1||,3,haryana/gp_ward/2022,5eafca60f3f4
Haryana|2022|||gp_ward|Kaithal|Pundri|||Ramana- Ramani|1||,3,haryana/gp_ward/2022,3f5cbbbe9677
Haryana|2022|||gp_ward|Karnal|Assandh|||Bahri|||,3,haryana/gp_ward/2022,51bda4ff6c76
Haryana|2022|||gp_ward|Karnal|Assandh|||Bahri|||,3,haryana/gp_ward/2022,45495645739f
Haryana|2022|||gp_ward|Karnal|Assandh|||Bahri|||,3,haryana/gp_ward/2022,3835a0e32314
Haryana|2022|||gp_ward|Karnal|Assandh|||Bilona|||,3,haryana/gp_ward/2022,be9cd4522b32
Haryana|2022|||gp_ward|Karnal|Assandh|||Bilona|||,3,haryana/gp_ward/2022,f0bd7a8304f2
Haryana|2022|||gp_ward|Karnal|Assandh|||Bilona|||,3,haryana/gp_ward/2022,3713fef7686a
Haryana|2022|||gp_ward|Karnal|Assandh|||Dupedi|||,3,haryana/gp_ward/2022,c03b1d1a45cd
Haryana|2022|||gp_ward|Karnal|Assandh|||Dupedi|||,3,haryana/gp_ward/2022,edb001a11f78
Haryana|2022|||gp_ward|Karnal|Assandh|||Dupedi|||,3,haryana/gp_ward/2022,f1b7cfa103ea
Haryana|2022|||gp_ward|Karnal|Assandh|||Gangatehri|||,3,haryana/gp_ward/2022,8ac6cbe59aa5
Haryana|2022|||gp_ward|Karnal|Assandh|||Gangatehri|||,3,haryana/gp_ward/2022,7e7c25214f50
Haryana|2022|||gp_ward|Karnal|Assandh|||Gangatehri|||,3,haryana/gp_ward/2022,ee34d49eb32a
Haryana|2022|||gp_ward|Karnal|Assandh|||Jabhala|||,3,haryana/gp_ward/2022,0b615d7fe7f0
Haryana|2022|||gp_ward|Karnal|Assandh|||Jabhala|||,3,haryana/gp_ward/2022,0b0bb9378be9
Haryana|2022|||gp_ward|Karnal|Assandh|||Jabhala|||,3,haryana/gp_ward/2022,ee543a74db7a
Haryana|2022|||gp_ward|Karnal|Assandh|||Koul Khera|||,3,haryana/gp_ward/2022,17a6dd6dcf4f
Haryana|2022|||gp_ward|Karnal|Assandh|||Koul Khera|||,3,haryana/gp_ward/2022,e9ff7294147f
Haryana|2022|||gp_ward|Karnal|Assandh|||Koul Khera|||,3,haryana/gp_ward/2022,af5782905ad6
Haryana|2022|||gp_ward|Karnal|Assandh|||Phaphrana|||,3,haryana/gp_ward/2022,6e4976443061
Haryana|2022|||gp_ward|Karnal|Assandh|||Phaphrana|||,3,haryana/gp_ward/2022,b35daffd0f7e
Haryana|2022|||gp_ward|Karnal|Assandh|||Phaphrana|||,3,haryana/gp_ward/2022,ed286be07c0f
Haryana|2022|||gp_ward|Karnal|Assandh|||Zimri Khera|||,3,haryana/gp_ward/2022,3f8f3eb19c54
Haryana|2022|||gp_ward|Karnal|Assandh|||Zimri Khera|||,3,haryana/gp_ward/2022,75e19fd41e6f
Haryana|2022|||gp_ward|Karnal|Assandh|||Zimri Khera|||,3,haryana/gp_ward/2022,24eada261280
Haryana|2022|||gp_ward|Karnal|Chirao|||Bazida Roran|||,3,haryana/gp_ward/2022,755d382c8956
Haryana|2022|||gp_ward|Karnal|Chirao|||Bazida Roran|||,3,haryana/gp_ward/2022,954feb61e0f2
Haryana|2022|||gp_ward|Karnal|Chirao|||Bazida Roran|||,3,haryana/gp_ward/2022,f3ae35b41c2d
Haryana|2022|||gp_ward|Karnal|Chirao|||Ghogripur|||,3,haryana/gp_ward/2022,7389c460608d
Haryana|2022|||gp_ward|Karnal|Chirao|||Ghogripur|||,3,haryana/gp_ward/2022,2036d7acb43c
Haryana|2022|||gp_ward|Karnal|Chirao|||Ghogripur|||,3,haryana/gp_ward/2022,154b9a0d7705
Haryana|2022|||gp_ward|Karnal|Chirao|||Pingli|||,3,haryana/gp_ward/2022,1536d8af0642
Haryana|2022|||gp_ward|Karnal|Chirao|||Pingli|||,3,haryana/gp_ward/2022,ac210772259c
Haryana|2022|||gp_ward|Karnal|Chirao|||Pingli|||,3,haryana/gp_ward/2022,156e78dfc08e
Haryana|2022|||gp_ward|Karnal|Chirao|||Zarifabad|||,3,haryana/gp_ward/2022,5b640afca3fb
Haryana|2022|||gp_ward|Karnal|Chirao|||Zarifabad|||,3,haryana/gp_ward/2022,3a56290f7338
Haryana|2022|||gp_ward|Karnal|Chirao|||Zarifabad|||,3,haryana/gp_ward/2022,4e8116322e36
Haryana|2022|||gp_ward|Karnal|Kunjpura|||Dabkoli Kalan|||,3,haryana/gp_ward/2022,9f1592cee4d0
Haryana|2022|||gp_ward|Karnal|Kunjpura|||Dabkoli Kalan|||,3,haryana/gp_ward/2022,8c5b57641ce4
Haryana|2022|||gp_ward|Karnal|Kunjpura|||Dabkoli Kalan|||,3,haryana/gp_ward/2022,068aaf7faf48
Haryana|2022|||gp_ward|Karnal|Kunjpura|||Kamalpur Roran|||,3,haryana/gp_ward/2022,a111812efc4e
Haryana|2022|||gp_ward|Karnal|Kunjpura|||Kamalpur Roran|||,3,haryana/gp_ward/2022,f010235105b0
Haryana|2022|||gp_ward|Karnal|Kunjpura|||Kamalpur Roran|||,3,haryana/gp_ward/2022,21f177cf361b
Haryana|2022|||gp_ward|Karnal|Kunjpura|||Kunjpura|||,3,haryana/gp_ward/2022,e2bb3f0e7f25
Haryana|2022|||gp_ward|Karnal|Kunjpura|||Kunjpura|||,3,haryana/gp_ward/2022,480ea17e3685
Haryana|2022|||gp_ward|Karnal|Kunjpura|||Kunjpura|||,3,haryana/gp_ward/2022,7390357bd09b
Haryana|2022|||gp_ward|Karnal|Kunjpura|||Makhu Majra|||,3,haryana/gp_ward/2022,352bf47dbe1d
Haryana|2022|||gp_ward|Karnal|Kunjpura|||Makhu Majra|||,3,haryana/gp_ward/2022,cf36ab73cdd6
Haryana|2022|||gp_ward|Karnal|Kunjpura|||Makhu Majra|||,3,haryana/gp_ward/2022,5ab155d625cd
Haryana|2022|||gp_ward|Karnal|Kunjpura|||Nabipur|||,3,haryana/gp_ward/2022,4975155f1d24
Haryana|2022|||gp_ward|Karnal|Kunjpura|||Nabipur|||,3,haryana/gp_ward/2022,5310355006a2
Haryana|2022|||gp_ward|Karnal|Kunjpura|||Nabipur|||,3,haryana/gp_ward/2022,13ec9da02d9f
Haryana|2022|||gp_ward|Karnal|Kunjpura|||Nagla Roran|||,3,haryana/gp_ward/2022,ff6337b25b51
Haryana|2022|||gp_ward|Karnal|Kunjpura|||Nagla Roran|||,3,haryana/gp_ward/2022,8689adf91b79
Haryana|2022|||gp_ward|Karnal|Kunjpura|||Nagla Roran|||,3,haryana/gp_ward/2022,55490ee8800e
Haryana|2022|||gp_ward|Karnal|Kunjpura|||Randoli|||,3,haryana/gp_ward/2022,5d150bbbcd80
Haryana|2022|||gp_ward|Karnal|Kunjpura|||Randoli|||,3,haryana/gp_ward/2022,3756c78941f3
Haryana|2022|||gp_ward|Karnal|Kunjpura|||Randoli|||,3,haryana/gp_ward/2022,60f9b62d3fd4
Haryana|2022|||gp_ward|Karnal|Kunjpura|||Sayyad Chhapra|||,3,haryana/gp_ward/2022,3c64e7fab07e
Haryana|2022|||gp_ward|Karnal|Kunjpura|||Sayyad Chhapra|||,3,haryana/gp_ward/2022,becbb5dc030e
Haryana|2022|||gp_ward|Karnal|Kunjpura|||Sayyad Chhapra|||,3,haryana/gp_ward/2022,053440c88b25
Haryana|2022|||gp_ward|Karnal|Munak|||Balrajputan|||,3,haryana/gp_ward/2022,1d39f715bcc4
Haryana|2022|||gp_ward|Karnal|Munak|||Balrajputan|||,3,haryana/gp_ward/2022,5eeb0297c3e5
Haryana|2022|||gp_ward|Karnal|Munak|||Balrajputan|||,3,haryana/gp_ward/2022,901f4383a87d
Haryana|2022|||gp_ward|Karnal|Munak|||Budanpur Abad|||,3,haryana/gp_ward/2022,e8141fc7ecd2
Haryana|2022|||gp_ward|Karnal|Munak|||Budanpur Abad|||,3,haryana/gp_ward/2022,7a9ea122c1f5
Haryana|2022|||gp_ward|Karnal|Munak|||Budanpur Abad|||,3,haryana/gp_ward/2022,e34e25808921
Haryana|2022|||gp_ward|Karnal|Munak|||KhoraKheri|||,3,haryana/gp_ward/2022,f396f4730211
Haryana|2022|||gp_ward|Karnal|Munak|||KhoraKheri|||,3,haryana/gp_ward/2022,906a08246228
Haryana|2022|||gp_ward|Karnal|Munak|||KhoraKheri|||,3,haryana/gp_ward/2022,fcb7bfa40147
Haryana|2022|||gp_ward|Karnal|Munak|||Kurlan|||,3,haryana/gp_ward/2022,ad18c07cfe6d
Haryana|2022|||gp_ward|Karnal|Munak|||Kurlan|||,3,haryana/gp_ward/2022,f16d7678af51
Haryana|2022|||gp_ward|Karnal|Munak|||Kurlan|||,3,haryana/gp_ward/2022,5d7e82e15e1e
Haryana|2022|||gp_ward|Karnal|Munak|||Kutana|||,3,haryana/gp_ward/2022,5484eefa6476
Haryana|2022|||gp_ward|Karnal|Munak|||Kutana|||,3,haryana/gp_ward/2022,60d1575961cb
Haryana|2022|||gp_ward|Karnal|Munak|||Kutana|||,3,haryana/gp_ward/2022,724377693b6f
Haryana|2022|||gp_ward|Karnal|Munak|||Manchuri|||,3,haryana/gp_ward/2022,fab748d349ea
Haryana|2022|||gp_ward|Karnal|Munak|||Manchuri|||,3,haryana/gp_ward/2022,cd5cdd35c182
Haryana|2022|||gp_ward|Karnal|Munak|||Manchuri|||,3,haryana/gp_ward/2022,cba692f2765e
Haryana|2022|||gp_ward|Karnal|Munak|||Raipur Jattan|||,3,haryana/gp_ward/2022,64d628dc046a
Haryana|2022|||gp_ward|Karnal|Munak|||Raipur Jattan|||,3,haryana/gp_ward/2022,9fc9578be479
Haryana|2022|||gp_ward|Karnal|Munak|||Raipur Jattan|||,3,haryana/gp_ward/2022,bae3e95af287
Jharkhand|2015|||block_member|East Singhbhum|||||||01,3,jharkhand/block_member/2015,a84c7286e143
Jharkhand|2015|||block_member|East Singhbhum|||||||01,3,jharkhand/block_member/2015,361d7eee7dea
Jharkhand|2015|||block_member|East Singhbhum|||||||01,3,jharkhand/block_member/2015,90aa4c7e4d73
Jharkhand|2015|||block_member|East Singhbhum|||||||02,3,jharkhand/block_member/2015,c1058da90648
Jharkhand|2015|||block_member|East Singhbhum|||||||02,3,jharkhand/block_member/2015,e423f423d9ce
Jharkhand|2015|||block_member|East Singhbhum|||||||02,3,jharkhand/block_member/2015,d5c3fb7c654e
Jharkhand|2015|||block_member|East Singhbhum|||||||03,3,jharkhand/block_member/2015,a3f7c1d82468
Jharkhand|2015|||block_member|East Singhbhum|||||||03,3,jharkhand/block_member/2015,c2886dadd6db
Jharkhand|2015|||block_member|East Singhbhum|||||||03,3,jharkhand/block_member/2015,6b81d1654da7
Jharkhand|2015|||block_member|East Singhbhum|||||||04,3,jharkhand/block_member/2015,bff68b25a72c
Jharkhand|2015|||block_member|East Singhbhum|||||||04,3,jharkhand/block_member/2015,9c5c2d83a899
Jharkhand|2015|||block_member|East Singhbhum|||||||04,3,jharkhand/block_member/2015,aa11f04e3a1f
Jharkhand|2015|||block_member|East Singhbhum|||||||05,3,jharkhand/block_member/2015,8921d150f34e
Jharkhand|2015|||block_member|East Singhbhum|||||||05,3,jharkhand/block_member/2015,568a93cbb508
Jharkhand|2015|||block_member|East Singhbhum|||||||05,3,jharkhand/block_member/2015,9d4c11d6993f
Jharkhand|2015|||block_member|East Singhbhum|||||||06,3,jharkhand/block_member/2015,aba45992f4d8
Jharkhand|2015|||block_member|East Singhbhum|||||||06,3,jharkhand/block_member/2015,4b8bdafc9eb8
Jharkhand|2015|||block_member|East Singhbhum|||||||06,3,jharkhand/block_member/2015,493bde29ccd9
Jharkhand|2015|||block_member|East Singhbhum|||||||07,3,jharkhand/block_member/2015,3eacfcb6cd50
Jharkhand|2015|||block_member|East Singhbhum|||||||07,3,jharkhand/block_member/2015,062c0228409f
Jharkhand|2015|||block_member|East Singhbhum|||||||07,3,jharkhand/block_member/2015,f039cfab5eab
Jharkhand|2015|||block_member|East Singhbhum|||||||08,3,jharkhand/block_member/2015,64ac1766acf8
Jharkhand|2015|||block_member|East Singhbhum|||||||08,3,jharkhand/block_member/2015,d68ab207e664
Jharkhand|2015|||block_member|East Singhbhum|||||||08,3,jharkhand/block_member/2015,8aeccfc8f85b
Jharkhand|2015|||block_member|East Singhbhum|||||||09,3,jharkhand/block_member/2015,7e0ed4573704
Jharkhand|2015|||block_member|East Singhbhum|||||||09,3,jharkhand/block_member/2015,9a73a46fc82f
Jharkhand|2015|||block_member|East Singhbhum|||||||09,3,jharkhand/block_member/2015,b3180ea7d9b4
Jharkhand|2015|||gp_head|Palamu||||नौडीहा|||,3,jharkhand/gp_head/2015,c046e51e9c19
Jharkhand|2015|||gp_head|Palamu||||नौडीहा|||,3,jharkhand/gp_head/2015,36e22000f018
Jharkhand|2015|||gp_head|Palamu||||नौडीहा|||,3,jharkhand/gp_head/2015,94396634a80b
Rajasthan|2005|||gp_head|ALWAR|RAJGARH||||||,3,rajasthan/gp_head/2005,58b68d9bce23
Rajasthan|2005|||gp_head|ALWAR|RAJGARH||||||,3,rajasthan/gp_head/2005,2f46d63bcc49
Rajasthan|2005|||gp_head|ALWAR|RAJGARH||||||,3,rajasthan/gp_head/2005,47582690c99a
Haryana|2016|||gp_head|Bhiwani|Badhra|||Nihalgarh|||,2,haryana/gp_head/2016,66f15fb4bb8e
Haryana|2016|||gp_head|Bhiwani|Badhra|||Nihalgarh|||,2,haryana/gp_head/2016,95b96065ee1f
Haryana|2016|||gp_head|Bhiwani|Badhra|||Panchgaon|||,2,haryana/gp_head/2016,9f5de354719d
Haryana|2016|||gp_head|Bhiwani|Badhra|||Panchgaon|||,2,haryana/gp_head/2016,614c538768f4
Haryana|2016|||gp_head|Bhiwani|Badhra|||Pichopa Kalan|||,2,haryana/gp_head/2016,026c1f927567
Haryana|2016|||gp_head|Bhiwani|Badhra|||Pichopa Kalan|||,2,haryana/gp_head/2016,73ad11abca24
Haryana|2016|||gp_head|Bhiwani|Bawani Khera|||Barsi Jattan|||,2,haryana/gp_head/2016,52cb9a49292e
Haryana|2016|||gp_head|Bhiwani|Bawani Khera|||Barsi Jattan|||,2,haryana/gp_head/2016,897d7b46c23b
Haryana|2016|||gp_head|Bhiwani|Bawani Khera|||Jeeta Kheri|||,2,haryana/gp_head/2016,01f99f46c777
Haryana|2016|||gp_head|Bhiwani|Bawani Khera|||Jeeta Kheri|||,2,haryana/gp_head/2016,e26efdf49aea
Haryana|2016|||gp_head|Bhiwani|Bawani Khera|||Kungar|||,2,haryana/gp_head/2016,8100fe575330
Haryana|2016|||gp_head|Bhiwani|Bawani Khera|||Kungar|||,2,haryana/gp_head/2016,6c04e2d99d05
Haryana|2016|||gp_head|Bhiwani|Behal|||Ladawas|||,2,haryana/gp_head/2016,af7c92c985b3
Haryana|2016|||gp_head|Bhiwani|Behal|||Ladawas|||,2,haryana/gp_head/2016,2f7b0cf266ee
Haryana|2016|||gp_head|Bhiwani|Behal|||Surpura Kalan|||,2,haryana/gp_head/2016,60c5b21043e2
Haryana|2016|||gp_head|Bhiwani|Behal|||Surpura Kalan|||,2,haryana/gp_head/2016,d29e9c3bf30c
Haryana|2016|||gp_head|Bhiwani|Kairu|||Golagarh|||,2,haryana/gp_head/2016,e81877f7c57d
Haryana|2016|||gp_head|Bhiwani|Kairu|||Golagarh|||,2,haryana/gp_head/2016,b0c1e3ba4adf
Haryana|2016|||gp_head|Bhiwani|Kairu|||Jui Khurd|||,2,haryana/gp_head/2016,8770f350c1cd
Haryana|2016|||gp_head|Bhiwani|Kairu|||Jui Khurd|||,2,haryana/gp_head/2016,e7ccf272a598
Haryana|2016|||gp_ward|Bhiwani|Badhra|||Govindpura|8||,2,haryana/gp_ward/2016,cb589bbbc1cc
Haryana|2016|||gp_ward|Bhiwani|Badhra|||Govindpura|8||,2,haryana/gp_ward/2016,6c14df7aed7c
Haryana|2016|||gp_ward|Bhiwani|Badhra|||Kakroli Hatti|11||,2,haryana/gp_ward/2016,9e48b17382d7
Haryana|2016|||gp_ward|Bhiwani|Badhra|||Kakroli Hatti|11||,2,haryana/gp_ward/2016,8322e29c1b8a
Haryana|2016|||gp_ward|Bhiwani|Badhra|||Nihalgarh|1||,2,haryana/gp_ward/2016,43e5e8066bc7
Haryana|2016|||gp_ward|Bhiwani|Badhra|||Nihalgarh|1||,2,haryana/gp_ward/2016,45969d4c640f
Haryana|2016|||gp_ward|Bhiwani|Badhra|||Nihalgarh|2||,2,haryana/gp_ward/2016,adfbbdbaaccd
Haryana|2016|||gp_ward|Bhiwani|Badhra|||Nihalgarh|2||,2,haryana/gp_ward/2016,913df551584f
Haryana|2016|||gp_ward|Bhiwani|Badhra|||Nihalgarh|3||,2,haryana/gp_ward/2016,fa9628b22a26
Haryana|2016|||gp_ward|Bhiwani|Badhra|||Nihalgarh|3||,2,haryana/gp_ward/2016,62c23982404e
Haryana|2016|||gp_ward|Bhiwani|Badhra|||Nihalgarh|4||,2,haryana/gp_ward/2016,53af97e5c5b2
Haryana|2016|||gp_ward|Bhiwani|Badhra|||Nihalgarh|4||,2,haryana/gp_ward/2016,b37e0d1358b1
Haryana|2016|||gp_ward|Bhiwani|Badhra|||Nihalgarh|5||,2,haryana/gp_ward/2016,d1d1404ceac4
Haryana|2016|||gp_ward|Bhiwani|Badhra|||Nihalgarh|5||,2,haryana/gp_ward/2016,2b00b22c3643
Haryana|2016|||gp_ward|Bhiwani|Badhra|||Nihalgarh|6||,2,haryana/gp_ward/2016,efefd3211ada
Haryana|2016|||gp_ward|Bhiwani|Badhra|||Nihalgarh|6||,2,haryana/gp_ward/2016,d2cc8c2aaaab
Haryana|2016|||gp_ward|Bhiwani|Badhra|||Nihalgarh|7||,2,haryana/gp_ward/2016,05346bd2a9bd
Haryana|2016|||gp_ward|Bhiwani|Badhra|||Nihalgarh|7||,2,haryana/gp_ward/2016,ac7c595ee9f0
Haryana|2016|||gp_ward|Bhiwani|Badhra|||Nihalgarh|8||,2,haryana/gp_ward/2016,c8fb00e90edb
Haryana|2016|||gp_ward|Bhiwani|Badhra|||Nihalgarh|8||,2,haryana/gp_ward/2016,75bc1d0c5ced
Haryana|2016|||gp_ward|Bhiwani|Badhra|||Panchgaon|1||,2,haryana/gp_ward/2016,33082eeb9046
Haryana|2016|||gp_ward|Bhiwani|Badhra|||Panchgaon|1||,2,haryana/gp_ward/2016,8ae7a91a1838
Haryana|2016|||gp_ward|Bhiwani|Badhra|||Panchgaon|2||,2,haryana/gp_ward/2016,5b4c7673445b
Haryana|2016|||gp_ward|Bhiwani|Badhra|||Panchgaon|2||,2,haryana/gp_ward/2016,1c516b595b9f
Haryana|2016|||gp_ward|Bhiwani|Badhra|||Panchgaon|3||,2,haryana/gp_ward/2016,d38baba49bd8
Haryana|2016|||gp_ward|Bhiwani|Badhra|||Panchgaon|3||,2,haryana/gp_ward/2016,06475fdf22b9
Haryana|2016|||gp_ward|Bhiwani|Badhra|||Panchgaon|4||,2,haryana/gp_ward/2016,e2a60e29e548
Haryana|2016|||gp_ward|Bhiwani|Badhra|||Panchgaon|4||,2,haryana/gp_ward/2016,ad97fa3d37d4
Haryana|2016|||gp_ward|Bhiwani|Badhra|||Panchgaon|5||,2,haryana/gp_ward/2016,271b430a27fc
Haryana|2016|||gp_ward|Bhiwani|Badhra|||Panchgaon|5||,2,haryana/gp_ward/2016,46bb619e4c98
Haryana|2016|||gp_ward|Bhiwani|Badhra|||Panchgaon|6||,2,haryana/gp_ward/2016,2182ef7bea67
Haryana|2016|||gp_ward|Bhiwani|Badhra|||Panchgaon|6||,2,haryana/gp_ward/2016,2c23eaa879ad
Haryana|2016|||gp_ward|Bhiwani|Badhra|||Panchgaon|7||,2,haryana/gp_ward/2016,abafe6383b14
Haryana|2016|||gp_ward|Bhiwani|Badhra|||Panchgaon|7||,2,haryana/gp_ward/2016,3eeed462eaae
Haryana|2016|||gp_ward|Bhiwani|Badhra|||Pichopa Kalan|1||,2,haryana/gp_ward/2016,c556e0ff06e8
Haryana|2016|||gp_ward|Bhiwani|Badhra|||Pichopa Kalan|1||,2,haryana/gp_ward/2016,ecb4b8183f3d
Haryana|2016|||gp_ward|Bhiwani|Badhra|||Pichopa Kalan|2||,2,haryana/gp_ward/2016,037a9f3b6a66
Haryana|2016|||gp_ward|Bhiwani|Badhra|||Pichopa Kalan|2||,2,haryana/gp_ward/2016,9a121f88e7a3
Haryana|2016|||gp_ward|Bhiwani|Badhra|||Pichopa Kalan|3||,2,haryana/gp_ward/2016,a75b65d7ae7c
Haryana|2016|||gp_ward|Bhiwani|Badhra|||Pichopa Kalan|3||,2,haryana/gp_ward/2016,567a084c73cb
Haryana|2016|||gp_ward|Bhiwani|Badhra|||Pichopa Kalan|4||,2,haryana/gp_ward/2016,2575b33d9b07
Haryana|2016|||gp_ward|Bhiwani|Badhra|||Pichopa Kalan|4||,2,haryana/gp_ward/2016,e537b31f83b2
Haryana|2016|||gp_ward|Bhiwani|Badhra|||Pichopa Kalan|5||,2,haryana/gp_ward/2016,fba4e648b11f
Haryana|2016|||gp_ward|Bhiwani|Badhra|||Pichopa Kalan|5||,2,haryana/gp_ward/2016,158a32343f49
Haryana|2016|||gp_ward|Bhiwani|Badhra|||Pichopa Kalan|6||,2,haryana/gp_ward/2016,6544545b1c5a
Haryana|2016|||gp_ward|Bhiwani|Badhra|||Pichopa Kalan|6||,2,haryana/gp_ward/2016,53c913ffa372
Haryana|2016|||gp_ward|Bhiwani|Badhra|||Pichopa Kalan|7||,2,haryana/gp_ward/2016,e5d96a414b9f
Haryana|2016|||gp_ward|Bhiwani|Badhra|||Pichopa Kalan|7||,2,haryana/gp_ward/2016,38b04f65529c
Haryana|2016|||gp_ward|Bhiwani|Badhra|||Pichopa Kalan|8||,2,haryana/gp_ward/2016,cc8529732123
Haryana|2016|||gp_ward|Bhiwani|Badhra|||Pichopa Kalan|8||,2,haryana/gp_ward/2016,1080a49d8480
Haryana|2016|||gp_ward|Bhiwani|Badhra|||Pichopa Kalan|9||,2,haryana/gp_ward/2016,e859cb55abe8
Haryana|2016|||gp_ward|Bhiwani|Badhra|||Pichopa Kalan|9||,2,haryana/gp_ward/2016,76bf99c39499
Haryana|2016|||gp_ward|Bhiwani|Bawani Khera|||Barsi Jattan|1||,2,haryana/gp_ward/2016,a7bf1e4af46b
Haryana|2016|||gp_ward|Bhiwani|Bawani Khera|||Barsi Jattan|1||,2,haryana/gp_ward/2016,6fd778239ef9
Haryana|2016|||gp_ward|Bhiwani|Bawani Khera|||Barsi Jattan|2||,2,haryana/gp_ward/2016,3bbd98a2e96d
Haryana|2016|||gp_ward|Bhiwani|Bawani Khera|||Barsi Jattan|2||,2,haryana/gp_ward/2016,bb867b81b915
Haryana|2016|||gp_ward|Bhiwani|Bawani Khera|||Barsi Jattan|3||,2,haryana/gp_ward/2016,b7931c5a1649
Haryana|2016|||gp_ward|Bhiwani|Bawani Khera|||Barsi Jattan|3||,2,haryana/gp_ward/2016,f2afb98e3c78
Haryana|2016|||gp_ward|Bhiwani|Bawani Khera|||Barsi Jattan|4||,2,haryana/gp_ward/2016,fe9910ce8b3d
Haryana|2016|||gp_ward|Bhiwani|Bawani Khera|||Barsi Jattan|4||,2,haryana/gp_ward/2016,a88e309113ed
Haryana|2016|||gp_ward|Bhiwani|Bawani Khera|||Barsi Jattan|5||,2,haryana/gp_ward/2016,b3adce1b7258
Haryana|2016|||gp_ward|Bhiwani|Bawani Khera|||Barsi Jattan|5||,2,haryana/gp_ward/2016,118114907e49
Haryana|2016|||gp_ward|Bhiwani|Bawani Khera|||Barsi Jattan|6||,2,haryana/gp_ward/2016,81f58069cd1a
Haryana|2016|||gp_ward|Bhiwani|Bawani Khera|||Barsi Jattan|6||,2,haryana/gp_ward/2016,323eaf00f4c9
Haryana|2016|||gp_ward|Bhiwani|Bawani Khera|||Barsi Jattan|7||,2,haryana/gp_ward/2016,1124ec26864c
Haryana|2016|||gp_ward|Bhiwani|Bawani Khera|||Barsi Jattan|7||,2,haryana/gp_ward/2016,de5dcc6ee175
Haryana|2016|||gp_ward|Bhiwani|Bawani Khera|||Jeeta Kheri|1||,2,haryana/gp_ward/2016,595d2ac1a16b
Haryana|2016|||gp_ward|Bhiwani|Bawani Khera|||Jeeta Kheri|1||,2,haryana/gp_ward/2016,069093f68fc5
Haryana|2016|||gp_ward|Bhiwani|Bawani Khera|||Jeeta Kheri|2||,2,haryana/gp_ward/2016,b91740c31041
Haryana|2016|||gp_ward|Bhiwani|Bawani Khera|||Jeeta Kheri|2||,2,haryana/gp_ward/2016,b681668387bb
Haryana|2016|||gp_ward|Bhiwani|Bawani Khera|||Jeeta Kheri|3||,2,haryana/gp_ward/2016,a940acae7842
Haryana|2016|||gp_ward|Bhiwani|Bawani Khera|||Jeeta Kheri|3||,2,haryana/gp_ward/2016,80ee38b4ccfe
Haryana|2016|||gp_ward|Bhiwani|Bawani Khera|||Jeeta Kheri|4||,2,haryana/gp_ward/2016,d8f36c80b923
Haryana|2016|||gp_ward|Bhiwani|Bawani Khera|||Jeeta Kheri|4||,2,haryana/gp_ward/2016,1dab211544e9
Haryana|2016|||gp_ward|Bhiwani|Bawani Khera|||Jeeta Kheri|5||,2,haryana/gp_ward/2016,d85a7995d907
Haryana|2016|||gp_ward|Bhiwani|Bawani Khera|||Jeeta Kheri|5||,2,haryana/gp_ward/2016,29034549a43f
Haryana|2016|||gp_ward|Bhiwani|Bawani Khera|||Jeeta Kheri|6||,2,haryana/gp_ward/2016,9aac3adea74a
Haryana|2016|||gp_ward|Bhiwani|Bawani Khera|||Jeeta Kheri|6||,2,haryana/gp_ward/2016,8277f0b638a2
Haryana|2016|||gp_ward|Bhiwani|Bawani Khera|||Jeeta Kheri|7||,2,haryana/gp_ward/2016,6d7eb4adf147
Haryana|2016|||gp_ward|Bhiwani|Bawani Khera|||Jeeta Kheri|7||,2,haryana/gp_ward/2016,62d39340519c
Haryana|2016|||gp_ward|Bhiwani|Bawani Khera|||Kungar|10||,2,haryana/gp_ward/2016,212687ee43c9
Haryana|2016|||gp_ward|Bhiwani|Bawani Khera|||Kungar|10||,2,haryana/gp_ward/2016,d427bdb23d68
Haryana|2016|||gp_ward|Bhiwani|Bawani Khera|||Kungar|11||,2,haryana/gp_ward/2016,bd710b72e9d4
Haryana|2016|||gp_ward|Bhiwani|Bawani Khera|||Kungar|11||,2,haryana/gp_ward/2016,447736234d74
Haryana|2016|||gp_ward|Bhiwani|Bawani Khera|||Kungar|1||,2,haryana/gp_ward/2016,99c260f8d524
Haryana|2016|||gp_ward|Bhiwani|Bawani Khera|||Kungar|1||,2,haryana/gp_ward/2016,4ce665f12751
Haryana|2016|||gp_ward|Bhiwani|Bawani Khera|||Kungar|2||,2,haryana/gp_ward/2016,fdd4342413c7
Haryana|2016|||gp_ward|Bhiwani|Bawani Khera|||Kungar|2||,2,haryana/gp_ward/2016,252cba7bd3d6
Haryana|2016|||gp_ward|Bhiwani|Bawani Khera|||Kungar|3||,2,haryana/gp_ward/2016,4f39e03a9396
Haryana|2016|||gp_ward|Bhiwani|Bawani Khera|||Kungar|3||,2,haryana/gp_ward/2016,604db6447406
Haryana|2016|||gp_ward|Bhiwani|Bawani Khera|||Kungar|4||,2,haryana/gp_ward/2016,cda1704e95a7
Haryana|2016|||gp_ward|Bhiwani|Bawani Khera|||Kungar|4||,2,haryana/gp_ward/2016,87ce289cbdbb
Haryana|2016|||gp_ward|Bhiwani|Bawani Khera|||Kungar|5||,2,haryana/gp_ward/2016,401687554694
Haryana|2016|||gp_ward|Bhiwani|Bawani Khera|||Kungar|5||,2,haryana/gp_ward/2016,7c650af84faa
Haryana|2016|||gp_ward|Bhiwani|Bawani Khera|||Kungar|6||,2,haryana/gp_ward/2016,544cc60b9fdd
Haryana|2016|||gp_ward|Bhiwani|Bawani Khera|||Kungar|6||,2,haryana/gp_ward/2016,d96be9097bf9
Haryana|2016|||gp_ward|Bhiwani|Bawani Khera|||Kungar|7||,2,haryana/gp_ward/2016,77aa068c2d3d
Haryana|2016|||gp_ward|Bhiwani|Bawani Khera|||Kungar|7||,2,haryana/gp_ward/2016,4e036b9e2bb9
Haryana|2016|||gp_ward|Bhiwani|Bawani Khera|||Kungar|8||,2,haryana/gp_ward/2016,0d50e2f1eb1e
Haryana|2016|||gp_ward|Bhiwani|Bawani Khera|||Kungar|8||,2,haryana/gp_ward/2016,a84e2bb54d40
Haryana|2016|||gp_ward|Bhiwani|Bawani Khera|||Kungar|9||,2,haryana/gp_ward/2016,a5d2e270f996
Haryana|2016|||gp_ward|Bhiwani|Bawani Khera|||Kungar|9||,2,haryana/gp_ward/2016,33fd26752614
Haryana|2016|||gp_ward|Bhiwani|Behal|||Ladawas|1||,2,haryana/gp_ward/2016,3105b7afaa69
Haryana|2016|||gp_ward|Bhiwani|Behal|||Ladawas|1||,2,haryana/gp_ward/2016,a30143535c12
Haryana|2016|||gp_ward|Bhiwani|Behal|||Ladawas|2||,2,haryana/gp_ward/2016,1b54834d2b3b
Haryana|2016|||gp_ward|Bhiwani|Behal|||Ladawas|2||,2,haryana/gp_ward/2016,a79c45d91ad5
Haryana|2016|||gp_ward|Bhiwani|Behal|||Ladawas|3||,2,haryana/gp_ward/2016,beccb3599bc3
Haryana|2016|||gp_ward|Bhiwani|Behal|||Ladawas|3||,2,haryana/gp_ward/2016,8b0565fc8f51
Haryana|2016|||gp_ward|Bhiwani|Behal|||Ladawas|4||,2,haryana/gp_ward/2016,121e5aa81390
Haryana|2016|||gp_ward|Bhiwani|Behal|||Ladawas|4||,2,haryana/gp_ward/2016,9284c1ef50f4
Haryana|2016|||gp_ward|Bhiwani|Behal|||Ladawas|5||,2,haryana/gp_ward/2016,d86403f82e30
Haryana|2016|||gp_ward|Bhiwani|Behal|||Ladawas|5||,2,haryana/gp_ward/2016,bb662eab30fd
Haryana|2016|||gp_ward|Bhiwani|Behal|||Ladawas|6||,2,haryana/gp_ward/2016,2e85ff18cb36
Haryana|2016|||gp_ward|Bhiwani|Behal|||Ladawas|6||,2,haryana/gp_ward/2016,cfe21cbd9007
Haryana|2016|||gp_ward|Bhiwani|Behal|||Surpura Kalan|1||,2,haryana/gp_ward/2016,73a68e6012f8
Haryana|2016|||gp_ward|Bhiwani|Behal|||Surpura Kalan|1||,2,haryana/gp_ward/2016,c225cb7f96a8
Haryana|2016|||gp_ward|Bhiwani|Behal|||Surpura Kalan|2||,2,haryana/gp_ward/2016,cdd007d0013b
Haryana|2016|||gp_ward|Bhiwani|Behal|||Surpura Kalan|2||,2,haryana/gp_ward/2016,40d942eacf47
Haryana|2016|||gp_ward|Bhiwani|Behal|||Surpura Kalan|3||,2,haryana/gp_ward/2016,05e70784bd93
Haryana|2016|||gp_ward|Bhiwani|Behal|||Surpura Kalan|3||,2,haryana/gp_ward/2016,3bdf256b7903
Haryana|2016|||gp_ward|Bhiwani|Behal|||Surpura Kalan|4||,2,haryana/gp_ward/2016,17bfd6f37768
Haryana|2016|||gp_ward|Bhiwani|Behal|||Surpura Kalan|4||,2,haryana/gp_ward/2016,c776082b9dea
Haryana|2016|||gp_ward|Bhiwani|Behal|||Surpura Kalan|5||,2,haryana/gp_ward/2016,7b11ddb05c8d
Haryana|2016|||gp_ward|Bhiwani|Behal|||Surpura Kalan|5||,2,haryana/gp_ward/2016,ca0a0af7eba8
Haryana|2016|||gp_ward|Bhiwani|Behal|||Surpura Kalan|6||,2,haryana/gp_ward/2016,f8471e609ae7
Haryana|2016|||gp_ward|Bhiwani|Behal|||Surpura Kalan|6||,2,haryana/gp_ward/2016,d2b8d7b380ac
Haryana|2016|||gp_ward|Bhiwani|Behal|||Surpura Kalan|7||,2,haryana/gp_ward/2016,7c8e2ccc4fe5
Haryana|2016|||gp_ward|Bhiwani|Behal|||Surpura Kalan|7||,2,haryana/gp_ward/2016,0257423bcc1e
Haryana|2016|||gp_ward|Bhiwani|Behal|||Surpura Kalan|8||,2,haryana/gp_ward/2016,698bab2ae492
Haryana|2016|||gp_ward|Bhiwani|Behal|||Surpura Kalan|8||,2,haryana/gp_ward/2016,16c976a48e7a
Haryana|2016|||gp_ward|Bhiwani|Behal|||Surpura Kalan|9||,2,haryana/gp_ward/2016,645e1e1ea099
Haryana|2016|||gp_ward|Bhiwani|Behal|||Surpura Kalan|9||,2,haryana/gp_ward/2016,bc0691faca61
Haryana|2016|||gp_ward|Bhiwani|Kairu|||Golagarh|1||,2,haryana/gp_ward/2016,e325085bdb9b
Haryana|2016|||gp_ward|Bhiwani|Kairu|||Golagarh|1||,2,haryana/gp_ward/2016,23ae3b2baaa1
Haryana|2016|||gp_ward|Bhiwani|Kairu|||Golagarh|2||,2,haryana/gp_ward/2016,2d7b7fbbdd3e
Haryana|2016|||gp_ward|Bhiwani|Kairu|||Golagarh|2||,2,haryana/gp_ward/2016,8d9efb41204d
Haryana|2016|||gp_ward|Bhiwani|Kairu|||Golagarh|3||,2,haryana/gp_ward/2016,c924c9998a67
Haryana|2016|||gp_ward|Bhiwani|Kairu|||Golagarh|3||,2,haryana/gp_ward/2016,51b5855ef781
Haryana|2016|||gp_ward|Bhiwani|Kairu|||Golagarh|4||,2,haryana/gp_ward/2016,4ad053db9946
Haryana|2016|||gp_ward|Bhiwani|Kairu|||Golagarh|4||,2,haryana/gp_ward/2016,0a877aea1b52
Haryana|2016|||gp_ward|Bhiwani|Kairu|||Golagarh|5||,2,haryana/gp_ward/2016,4f412301a04e
Haryana|2016|||gp_ward|Bhiwani|Kairu|||Golagarh|5||,2,haryana/gp_ward/2016,de62257ac735
Haryana|2016|||gp_ward|Bhiwani|Kairu|||Golagarh|6||,2,haryana/gp_ward/2016,8ae4debd0853
Haryana|2016|||gp_ward|Bhiwani|Kairu|||Golagarh|6||,2,haryana/gp_ward/2016,27bb0ec39bdc
Haryana|2016|||gp_ward|Bhiwani|Kairu|||Golagarh|7||,2,haryana/gp_ward/2016,adc4ad88c52c
Haryana|2016|||gp_ward|Bhiwani|Kairu|||Golagarh|7||,2,haryana/gp_ward/2016,e120b670a734
Haryana|2016|||gp_ward|Bhiwani|Kairu|||Golagarh|8||,2,haryana/gp_ward/2016,e89598aba89d
Haryana|2016|||gp_ward|Bhiwani|Kairu|||Golagarh|8||,2,haryana/gp_ward/2016,1b96ba5b29fe
Haryana|2016|||gp_ward|Bhiwani|Kairu|||Golagarh|9||,2,haryana/gp_ward/2016,5c5210a31c16
Haryana|2016|||gp_ward|Bhiwani|Kairu|||Golagarh|9||,2,haryana/gp_ward/2016,5dd31806c8c3
Haryana|2016|||gp_ward|Bhiwani|Kairu|||Jui Khurd|10||,2,haryana/gp_ward/2016,0c4b69621ea0
Haryana|2016|||gp_ward|Bhiwani|Kairu|||Jui Khurd|10||,2,haryana/gp_ward/2016,d7d5d2cadfb7
Haryana|2016|||gp_ward|Bhiwani|Kairu|||Jui Khurd|11||,2,haryana/gp_ward/2016,fe2f41d2309d
Haryana|2016|||gp_ward|Bhiwani|Kairu|||Jui Khurd|11||,2,haryana/gp_ward/2016,75f9ce3b58c3
Haryana|2016|||gp_ward|Bhiwani|Kairu|||Jui Khurd|12||,2,haryana/gp_ward/2016,a3c33072c850
Haryana|2016|||gp_ward|Bhiwani|Kairu|||Jui Khurd|12||,2,haryana/gp_ward/2016,77cd1a6293bd
Haryana|2016|||gp_ward|Bhiwani|Kairu|||Jui Khurd|13||,2,haryana/gp_ward/2016,b39bc005fe48
Haryana|2016|||gp_ward|Bhiwani|Kairu|||Jui Khurd|13||,2,haryana/gp_ward/2016,bf750dd31e73
Haryana|2016|||gp_ward|Bhiwani|Kairu|||Jui Khurd|1||,2,haryana/gp_ward/2016,ad73ecee6672
Haryana|2016|||gp_ward|Bhiwani|Kairu|||Jui Khurd|1||,2,haryana/gp_ward/2016,b0250113bdbf
Haryana|2016|||gp_ward|Bhiwani|Kairu|||Jui Khurd|2||,2,haryana/gp_ward/2016,dacc572f7e79
Haryana|2016|||gp_ward|Bhiwani|Kairu|||Jui Khurd|2||,2,haryana/gp_ward/2016,3f158928999b
Haryana|2016|||gp_ward|Bhiwani|Kairu|||Jui Khurd|3||,2,haryana/gp_ward/2016,46e92610a556
Haryana|2016|||gp_ward|Bhiwani|Kairu|||Jui Khurd|3||,2,haryana/gp_ward/2016,ff090810e522
Haryana|2016|||gp_ward|Bhiwani|Kairu|||Jui Khurd|4||,2,haryana/gp_ward/2016,6b9a502fd5c7
Haryana|2016|||gp_ward|Bhiwani|Kairu|||Jui Khurd|4||,2,haryana/gp_ward/2016,91f113517e0f
Haryana|2016|||gp_ward|Bhiwani|Kairu|||Jui Khurd|5||,2,haryana/gp_ward/2016,8da609944877
Haryana|2016|||gp_ward|Bhiwani|Kairu|||Jui Khurd|5||,2,haryana/gp_ward/2016,93d2c68c29e6
Haryana|2016|||gp_ward|Bhiwani|Kairu|||Jui Khurd|6||,2,haryana/gp_ward/2016,2109ba0633e1
Haryana|2016|||gp_ward|Bhiwani|Kairu|||Jui Khurd|6||,2,haryana/gp_ward/2016,170914d6d740
Haryana|2016|||gp_ward|Bhiwani|Kairu|||Jui Khurd|7||,2,haryana/gp_ward/2016,221df6c0ae6e
Haryana|2016|||gp_ward|Bhiwani|Kairu|||Jui Khurd|7||,2,haryana/gp_ward/2016,0c291d3b44d9
Haryana|2016|||gp_ward|Bhiwani|Kairu|||Jui Khurd|8||,2,haryana/gp_ward/2016,9a1f2ef3f20b
Haryana|2016|||gp_ward|Bhiwani|Kairu|||Jui Khurd|8||,2,haryana/gp_ward/2016,61ec285c679f
Haryana|2016|||gp_ward|Bhiwani|Kairu|||Jui Khurd|9||,2,haryana/gp_ward/2016,28c7ddcc24b9
Haryana|2016|||gp_ward|Bhiwani|Kairu|||Jui Khurd|9||,2,haryana/gp_ward/2016,5981a1ac4741
Haryana|2016|||gp_ward|Bhiwani|Loharu|||Baralu|1||,2,haryana/gp_ward/2016,10a6f5b5fc7a
Haryana|2016|||gp_ward|Bhiwani|Loharu|||Baralu|1||,2,haryana/gp_ward/2016,1e261afa6d98
Haryana|2016|||gp_ward|Bhiwani|Loharu|||Baralu|2||,2,haryana/gp_ward/2016,2d527ecd0ba6
Haryana|2016|||gp_ward|Bhiwani|Loharu|||Baralu|2||,2,haryana/gp_ward/2016,dc28b173665d
Haryana|2016|||gp_ward|Bhiwani|Loharu|||Baralu|3||,2,haryana/gp_ward/2016,83e12bb3ea47
Haryana|2016|||gp_ward|Bhiwani|Loharu|||Baralu|3||,2,haryana/gp_ward/2016,7e11fb3b082e
Haryana|2016|||gp_ward|Bhiwani|Loharu|||Baralu|4||,2,haryana/gp_ward/2016,17d48141586b
Haryana|2016|||gp_ward|Bhiwani|Loharu|||Baralu|4||,2,haryana/gp_ward/2016,1c9e33f3eae7
Haryana|2016|||gp_ward|Bhiwani|Loharu|||Baralu|5||,2,haryana/gp_ward/2016,1196dc5dfe04
Haryana|2016|||gp_ward|Bhiwani|Loharu|||Baralu|5||,2,haryana/gp_ward/2016,14bfd9f67b70
Haryana|2016|||gp_ward|Bhiwani|Loharu|||Baralu|7||,2,haryana/gp_ward/2016,f424039a97d4
Haryana|2016|||gp_ward|Bhiwani|Loharu|||Baralu|7||,2,haryana/gp_ward/2016,7c7dbc94ead1
Haryana|2016|||gp_ward|Bhiwani|Loharu|||Baralu|8||,2,haryana/gp_ward/2016,498d3304eeaf
Haryana|2016|||gp_ward|Bhiwani|Loharu|||Baralu|8||,2,haryana/gp_ward/2016,784e51785abc
Haryana|2016|||gp_ward|Bhiwani|Loharu|||Baralu|9||,2,haryana/gp_ward/2016,b861add2f9a0
Haryana|2016|||gp_ward|Bhiwani|Loharu|||Baralu|9||,2,haryana/gp_ward/2016,4eb95a9fbff3
Haryana|2016|||gp_ward|Bhiwani|Loharu|||Dhani Dhola|1||,2,haryana/gp_ward/2016,135bd65ce644
Haryana|2016|||gp_ward|Bhiwani|Loharu|||Dhani Dhola|1||,2,haryana/gp_ward/2016,99c4b0e12785
Haryana|2016|||gp_ward|Bhiwani|Loharu|||Dhani Dhola|2||,2,haryana/gp_ward/2016,ffbfd1dbf45d
Haryana|2016|||gp_ward|Bhiwani|Loharu|||Dhani Dhola|2||,2,haryana/gp_ward/2016,af100439a784
Haryana|2016|||gp_ward|Bhiwani|Loharu|||Dhani Dhola|3||,2,haryana/gp_ward/2016,75ff5ea1dcb0
Haryana|2016|||gp_ward|Bhiwani|Loharu|||Dhani Dhola|3||,2,haryana/gp_ward/2016,58358fc98269
Haryana|2016|||gp_ward|Bhiwani|Loharu|||Dhani Dhola|4||,2,haryana/gp_ward/2016,f866a3c10859
Haryana|2016|||gp_ward|Bhiwani|Loharu|||Dhani Dhola|4||,2,haryana/gp_ward/2016,43f6fbf826f0
Haryana|2016|||gp_ward|Bhiwani|Loharu|||Dhani Dhola|5||,2,haryana/gp_ward/2016,a87069694165
Haryana|2016|||gp_ward|Bhiwani|Loharu|||Dhani Dhola|5||,2,haryana/gp_ward/2016,5f653c7d9c39
Haryana|2016|||gp_ward|Bhiwani|Loharu|||Dhani Dhola|6||,2,haryana/gp_ward/2016,48bd92747b99
Haryana|2016|||gp_ward|Bhiwani|Loharu|||Dhani Dhola|6||,2,haryana/gp_ward/2016,eaa5dfb70ffc
Haryana|2016|||gp_ward|Bhiwani|Loharu|||Dhani Dhola|7||,2,haryana/gp_ward/2016,300d40427b4e
Haryana|2016|||gp_ward|Bhiwani|Loharu|||Dhani Dhola|7||,2,haryana/gp_ward/2016,829f47cf25e4
Haryana|2016|||gp_ward|Bhiwani|Loharu|||Fartia Tal|1||,2,haryana/gp_ward/2016,a5f573d00763
Haryana|2016|||gp_ward|Bhiwani|Loharu|||Fartia Tal|1||,2,haryana/gp_ward/2016,6df9005a6252
Haryana|2016|||gp_ward|Bhiwani|Loharu|||Fartia Tal|2||,2,haryana/gp_ward/2016,7effbbdc642e
Haryana|2016|||gp_ward|Bhiwani|Loharu|||Fartia Tal|2||,2,haryana/gp_ward/2016,60e41af1129a
Haryana|2016|||gp_ward|Bhiwani|Loharu|||Fartia Tal|3||,2,haryana/gp_ward/2016,a857d7cac7d4
Haryana|2016|||gp_ward|Bhiwani|Loharu|||Fartia Tal|3||,2,haryana/gp_ward/2016,42d5b468946e
Haryana|2016|||gp_ward|Bhiwani|Loharu|||Fartia Tal|4||,2,haryana/gp_ward/2016,82f345a3dc82
Haryana|2016|||gp_ward|Bhiwani|Loharu|||Fartia Tal|4||,2,haryana/gp_ward/2016,24901506b42e
Haryana|2016|||gp_ward|Bhiwani|Loharu|||Fartia Tal|5||,2,haryana/gp_ward/2016,16879336f93b
Haryana|2016|||gp_ward|Bhiwani|Loharu|||Fartia Tal|5||,2,haryana/gp_ward/2016,8b628ffc9159
Haryana|2016|||gp_ward|Bhiwani|Loharu|||Fartia Tal|6||,2,haryana/gp_ward/2016,a2a9caa1b03e
Haryana|2016|||gp_ward|Bhiwani|Loharu|||Fartia Tal|6||,2,haryana/gp_ward/2016,0f89cc1562ee
Haryana|2016|||gp_ward|Bhiwani|Loharu|||Fartia Tal|7||,2,haryana/gp_ward/2016,1342d3a8964d
Haryana|2016|||gp_ward|Bhiwani|Loharu|||Fartia Tal|7||,2,haryana/gp_ward/2016,10af9fc6c01e
Haryana|2016|||gp_ward|Bhiwani|Loharu|||Gothra|10||,2,haryana/gp_ward/2016,c56d7e3493cd
Haryana|2016|||gp_ward|Bhiwani|Loharu|||Gothra|10||,2,haryana/gp_ward/2016,b3b246d4d79d
Haryana|2016|||gp_ward|Bhiwani|Loharu|||Gothra|9||,2,haryana/gp_ward/2016,dfdf9189215d
Haryana|2016|||gp_ward|Bhiwani|Loharu|||Gothra|9||,2,haryana/gp_ward/2016,264a3e30247a
Haryana|2016|||gp_ward|Bhiwani|Loharu|||Kushalpura|1||,2,haryana/gp_ward/2016,7e04eed169e0
Haryana|2016|||gp_ward|Bhiwani|Loharu|||Kushalpura|1||,2,haryana/gp_ward/2016,364fac80a2b2
Haryana|2016|||gp_ward|Bhiwani|Loharu|||Kushalpura|2||,2,haryana/gp_ward/2016,32fc4697eaeb
Haryana|2016|||gp_ward|Bhiwani|Loharu|||Kushalpura|2||,2,haryana/gp_ward/2016,a66d27d07151
Haryana|2016|||gp_ward|Bhiwani|Loharu|||Kushalpura|3||,2,haryana/gp_ward/2016,ca665060c103
Haryana|2016|||gp_ward|Bhiwani|Loharu|||Kushalpura|3||,2,haryana/gp_ward/2016,7f6effbbd091
Haryana|2016|||gp_ward|Bhiwani|Loharu|||Kushalpura|4||,2,haryana/gp_ward/2016,52d313d4bcd3
Haryana|2016|||gp_ward|Bhiwani|Loharu|||Kushalpura|4||,2,haryana/gp_ward/2016,9b0406d1c25f
Haryana|2016|||gp_ward|Bhiwani|Loharu|||Kushalpura|5||,2,haryana/gp_ward/2016,73f5030954bc
Haryana|2016|||gp_ward|Bhiwani|Loharu|||Kushalpura|5||,2,haryana/gp_ward/2016,dbcb457971c9
Haryana|2016|||gp_ward|Bhiwani|Loharu|||Kushalpura|6||,2,haryana/gp_ward/2016,2a24d760523d
Haryana|2016|||gp_ward|Bhiwani|Loharu|||Kushalpura|6||,2,haryana/gp_ward/2016,916a7870b534
Haryana|2016|||gp_ward|Gurgaon|Sohna|||Maidawas|1||,2,haryana/gp_ward/2016,d32345e20726
Haryana|2016|||gp_ward|Gurgaon|Sohna|||Maidawas|1||,2,haryana/gp_ward/2016,fcb04279a033
Haryana|2016|||gp_ward|Gurgaon|Sohna|||Maidawas|2||,2,haryana/gp_ward/2016,562f321b2879
Haryana|2016|||gp_ward|Gurgaon|Sohna|||Maidawas|2||,2,haryana/gp_ward/2016,155fa172f545
Haryana|2016|||gp_ward|Gurgaon|Sohna|||Maidawas|3||,2,haryana/gp_ward/2016,d3466c20cdad
Haryana|2016|||gp_ward|Gurgaon|Sohna|||Maidawas|3||,2,haryana/gp_ward/2016,1eb60587f63a
Haryana|2016|||gp_ward|Gurgaon|Sohna|||Maidawas|4||,2,haryana/gp_ward/2016,d3f9ad59482e
Haryana|2016|||gp_ward|Gurgaon|Sohna|||Maidawas|4||,2,haryana/gp_ward/2016,21e298875248
Haryana|2016|||gp_ward|Gurgaon|Sohna|||Maidawas|5||,2,haryana/gp_ward/2016,264875830bef
Haryana|2016|||gp_ward|Gurgaon|Sohna|||Maidawas|5||,2,haryana/gp_ward/2016,9bb8ed9d902f
Haryana|2016|||gp_ward|Gurgaon|Sohna|||Maidawas|6||,2,haryana/gp_ward/2016,a2344673cac5
Haryana|2016|||gp_ward|Gurgaon|Sohna|||Maidawas|6||,2,haryana/gp_ward/2016,c7f2d474fa96
Haryana|2016|||gp_ward|Gurgaon|Sohna|||Maidawas|7||,2,haryana/gp_ward/2016,edee4376082a
Haryana|2016|||gp_ward|Gurgaon|Sohna|||Maidawas|7||,2,haryana/gp_ward/2016,c002e0da6176
Haryana|2016|||gp_ward|Jhajjar|Bahadurgarh|||Kanonda|10||,2,haryana/gp_ward/2016,b9aa9f14debc
Haryana|2016|||gp_ward|Jhajjar|Bahadurgarh|||Kanonda|10||,2,haryana/gp_ward/2016,7352bd7942f3
Haryana|2016|||gp_ward|Jhajjar|Bahadurgarh|||Kanonda|11||,2,haryana/gp_ward/2016,0032357ce5fc
Haryana|2016|||gp_ward|Jhajjar|Bahadurgarh|||Kanonda|11||,2,haryana/gp_ward/2016,5f5172231d7c
Haryana|2016|||gp_ward|Jhajjar|Bahadurgarh|||Kanonda|12||,2,haryana/gp_ward/2016,061f2e726199
Haryana|2016|||gp_ward|Jhajjar|Bahadurgarh|||Kanonda|12||,2,haryana/gp_ward/2016,76c12fb99573
Haryana|2016|||gp_ward|Jhajjar|Bahadurgarh|||Kanonda|13||,2,haryana/gp_ward/2016,24d3cd8820d8
Haryana|2016|||gp_ward|Jhajjar|Bahadurgarh|||Kanonda|13||,2,haryana/gp_ward/2016,4a4b0e607af0
Haryana|2016|||gp_ward|Jhajjar|Bahadurgarh|||Kanonda|14||,2,haryana/gp_ward/2016,f36b1046d652
Haryana|2016|||gp_ward|Jhajjar|Bahadurgarh|||Kanonda|14||,2,haryana/gp_ward/2016,2295fb30fe81
Haryana|2016|||gp_ward|Jhajjar|Bahadurgarh|||Kanonda|1||,2,haryana/gp_ward/2016,991aaee8be0b
Haryana|2016|||gp_ward|Jhajjar|Bahadurgarh|||Kanonda|1||,2,haryana/gp_ward/2016,ae8b94dd661d
Haryana|2016|||gp_ward|Jhajjar|Bahadurgarh|||Kanonda|2||,2,haryana/gp_ward/2016,24eb38d5a0a4
Haryana|2016|||gp_ward|Jhajjar|Bahadurgarh|||Kanonda|2||,2,haryana/gp_ward/2016,2485c41bdf85
Haryana|2016|||gp_ward|Jhajjar|Bahadurgarh|||Kanonda|3||,2,haryana/gp_ward/2016,00cf029c5968
Haryana|2016|||gp_ward|Jhajjar|Bahadurgarh|||Kanonda|3||,2,haryana/gp_ward/2016,68d58152cf16
Haryana|2016|||gp_ward|Jhajjar|Bahadurgarh|||Kanonda|4||,2,haryana/gp_ward/2016,2f8112325ce8
Haryana|2016|||gp_ward|Jhajjar|Bahadurgarh|||Kanonda|4||,2,haryana/gp_ward/2016,cc3b3ee81eaf
Haryana|2016|||gp_ward|Jhajjar|Bahadurgarh|||Kanonda|5||,2,haryana/gp_ward/2016,43dc15edaab3
Haryana|2016|||gp_ward|Jhajjar|Bahadurgarh|||Kanonda|5||,2,haryana/gp_ward/2016,93eed382b3b6
Haryana|2016|||gp_ward|Jhajjar|Bahadurgarh|||Kanonda|6||,2,haryana/gp_ward/2016,4508a5c1c970
Haryana|2016|||gp_ward|Jhajjar|Bahadurgarh|||Kanonda|6||,2,haryana/gp_ward/2016,52314e30c7b8
Haryana|2016|||gp_ward|Jhajjar|Bahadurgarh|||Kanonda|7||,2,haryana/gp_ward/2016,45d32703cedc
Haryana|2016|||gp_ward|Jhajjar|Bahadurgarh|||Kanonda|7||,2,haryana/gp_ward/2016,358e2c5dfd50
Haryana|2016|||gp_ward|Jhajjar|Bahadurgarh|||Kanonda|8||,2,haryana/gp_ward/2016,f5ea5b908f5c
Haryana|2016|||gp_ward|Jhajjar|Bahadurgarh|||Kanonda|8||,2,haryana/gp_ward/2016,a5e0f094667f
Haryana|2016|||gp_ward|Jhajjar|Bahadurgarh|||Kanonda|9||,2,haryana/gp_ward/2016,fc2797b02f21
Haryana|2016|||gp_ward|Jhajjar|Bahadurgarh|||Kanonda|9||,2,haryana/gp_ward/2016,476fa6980cad
Haryana|2016|||gp_ward|Mahendergarh|Kanina|||Baghot|11||,2,haryana/gp_ward/2016,e474216b47ce
Haryana|2016|||gp_ward|Mahendergarh|Kanina|||Baghot|11||,2,haryana/gp_ward/2016,6be458fd9121
Haryana|2016|||gp_ward|Mahendergarh|Kanina|||Baghot|12||,2,haryana/gp_ward/2016,154183484794
Haryana|2016|||gp_ward|Mahendergarh|Kanina|||Baghot|12||,2,haryana/gp_ward/2016,be5cfd5f5cd5
Haryana|2016|||gp_ward|Mahendergarh|Kanina|||Baghot|1||,2,haryana/gp_ward/2016,c112e0d830c8
Haryana|2016|||gp_ward|Mahendergarh|Kanina|||Baghot|1||,2,haryana/gp_ward/2016,fca446cdbda3
Haryana|2016|||gp_ward|Mahendergarh|Kanina|||Baghot|2||,2,haryana/gp_ward/2016,99daa205e120
Haryana|2016|||gp_ward|Mahendergarh|Kanina|||Baghot|2||,2,haryana/gp_ward/2016,f093c435df7a
Haryana|2016|||gp_ward|Mahendergarh|Kanina|||Baghot|3||,2,haryana/gp_ward/2016,22df7434d6b0
Haryana|2016|||gp_ward|Mahendergarh|Kanina|||Baghot|3||,2,haryana/gp_ward/2016,ef8b8fb26f57
Haryana|2016|||gp_ward|Mahendergarh|Kanina|||Baghot|4||,2,haryana/gp_ward/2016,819f2fe0b885
Haryana|2016|||gp_ward|Mahendergarh|Kanina|||Baghot|4||,2,haryana/gp_ward/2016,3372aad9da9c
Haryana|2016|||gp_ward|Mahendergarh|Kanina|||Baghot|5||,2,haryana/gp_ward/2016,7cce93775284
Haryana|2016|||gp_ward|Mahendergarh|Kanina|||Baghot|5||,2,haryana/gp_ward/2016,f14fcd6490bd
Haryana|2016|||gp_ward|Mahendergarh|Kanina|||Baghot|6||,2,haryana/gp_ward/2016,691c607e615c
Haryana|2016|||gp_ward|Mahendergarh|Kanina|||Baghot|6||,2,haryana/gp_ward/2016,32e40d5931a0
Haryana|2016|||gp_ward|Mahendergarh|Kanina|||Baghot|7||,2,haryana/gp_ward/2016,9e819dac6f85
Haryana|2016|||gp_ward|Mahendergarh|Kanina|||Baghot|7||,2,haryana/gp_ward/2016,d15efa3e7622
Haryana|2016|||gp_ward|Mahendergarh|Kanina|||Baghot|8||,2,haryana/gp_ward/2016,fc98059a5115
Haryana|2016|||gp_ward|Mahendergarh|Kanina|||Baghot|8||,2,haryana/gp_ward/2016,a431c141a909
Haryana|2016|||gp_ward|Mahendergarh|Kanina|||Baghot|9||,2,haryana/gp_ward/2016,6213657fb6ba
Haryana|2016|||gp_ward|Mahendergarh|Kanina|||Baghot|9||,2,haryana/gp_ward/2016,3c3acc211d0d
Haryana|2016|||gp_ward|Mahendergarh|Kanina|||Gagarwas|1||,2,haryana/gp_ward/2016,38863523f854
Haryana|2016|||gp_ward|Mahendergarh|Kanina|||Gagarwas|1||,2,haryana/gp_ward/2016,2d2a64d4369b
Haryana|2016|||gp_ward|Mahendergarh|Kanina|||Gagarwas|2||,2,haryana/gp_ward/2016,30031803c3a7
Haryana|2016|||gp_ward|Mahendergarh|Kanina|||Gagarwas|2||,2,haryana/gp_ward/2016,f3af5b95548b
Haryana|2016|||gp_ward|Mahendergarh|Kanina|||Gagarwas|3||,2,haryana/gp_ward/2016,bb0e23979d3b
Haryana|2016|||gp_ward|Mahendergarh|Kanina|||Gagarwas|3||,2,haryana/gp_ward/2016,e02e1633f585
Haryana|2016|||gp_ward|Mahendergarh|Kanina|||Gagarwas|4||,2,haryana/gp_ward/2016,2ccddf00a138
Haryana|2016|||gp_ward|Mahendergarh|Kanina|||Gagarwas|4||,2,haryana/gp_ward/2016,5c11869c5c50
Haryana|2016|||gp_ward|Mahendergarh|Kanina|||Gagarwas|5||,2,haryana/gp_ward/2016,31f8ae322dba
Haryana|2016|||gp_ward|Mahendergarh|Kanina|||Gagarwas|5||,2,haryana/gp_ward/2016,92013e47a7df
Haryana|2016|||gp_ward|Mahendergarh|Kanina|||Gagarwas|6||,2,haryana/gp_ward/2016,3d419132e14b
Haryana|2016|||gp_ward|Mahendergarh|Kanina|||Gagarwas|6||,2,haryana/gp_ward/2016,dc9b1011ad13
Haryana|2016|||gp_ward|Mewat|Nagina|||Aterna Samsabad|||,2,haryana/gp_ward/2016,d355a7925858
Haryana|2016|||gp_ward|Mewat|Nagina|||Aterna Samsabad|||,2,haryana/gp_ward/2016,34fc6914fd71
Haryana|2016|||gp_ward|Mewat|Nagina|||Badarpur|||,2,haryana/gp_ward/2016,ed7e04e21da6
Haryana|2016|||gp_ward|Mewat|Nagina|||Badarpur|||,2,haryana/gp_ward/2016,42dc486543c9
Haryana|2016|||gp_ward|Mewat|Nagina|||Bajidpur|||,2,haryana/gp_ward/2016,7baa352db694
Haryana|2016|||gp_ward|Mewat|Nagina|||Bajidpur|||,2,haryana/gp_ward/2016,b6093302480d
Haryana|2016|||gp_ward|Mewat|Nagina|||Banarsi|||,2,haryana/gp_ward/2016,b2fda2facab9
Haryana|2016|||gp_ward|Mewat|Nagina|||Banarsi|||,2,haryana/gp_ward/2016,b22ba4d47151
Haryana|2016|||gp_ward|Mewat|Nagina|||Basai Khajada|||,2,haryana/gp_ward/2016,4b9809346b81
Haryana|2016|||gp_ward|Mewat|Nagina|||Basai Khajada|||,2,haryana/gp_ward/2016,be5ba39ed96c
Haryana|2016|||gp_ward|Mewat|Nagina|||Bhukaraka|||,2,haryana/gp_ward/2016,8737fe527e9a
Haryana|2016|||gp_ward|Mewat|Nagina|||Bhukaraka|||,2,haryana/gp_ward/2016,6fa8750c3ad8
Haryana|2016|||gp_ward|Mewat|Nagina|||Ganduri|||,2,haryana/gp_ward/2016,4416b3ec5604
Haryana|2016|||gp_ward|Mewat|Nagina|||Ganduri|||,2,haryana/gp_ward/2016,9d2db2846b6f
Haryana|2016|||gp_ward|Mewat|Nagina|||Gumat Bihari|||,2,haryana/gp_ward/2016,5f725251481f
Haryana|2016|||gp_ward|Mewat|Nagina|||Gumat Bihari|||,2,haryana/gp_ward/2016,f5c8b7a47925
Haryana|2016|||gp_ward|Mewat|Nagina|||Jajalpur|||,2,haryana/gp_ward/2016,921bd6589e5f
Haryana|2016|||gp_ward|Mewat|Nagina|||Jajalpur|||,2,haryana/gp_ward/2016,3d21844ba455
Haryana|2016|||gp_ward|Mewat|Nagina|||Jetaka|||,2,haryana/gp_ward/2016,2a0fd6a55634
Haryana|2016|||gp_ward|Mewat|Nagina|||Jetaka|||,2,haryana/gp_ward/2016,a4b799b49c1c
Haryana|2016|||gp_ward|Mewat|Nagina|||Kansali|||,2,haryana/gp_ward/2016,77d706ee84d5
Haryana|2016|||gp_ward|Mewat|Nagina|||Kansali|||,2,haryana/gp_ward/2016,4afcb9f4b350
Haryana|2016|||gp_ward|Mewat|Nagina|||Karhedi|||,2,haryana/gp_ward/2016,d8fee90b87a4
Haryana|2016|||gp_ward|Mewat|Nagina|||Karhedi|||,2,haryana/gp_ward/2016,3a966203ee70
Haryana|2016|||gp_ward|Mewat|Nagina|||Khedli Khurd|||,2,haryana/gp_ward/2016,655fd6727e94
Haryana|2016|||gp_ward|Mewat|Nagina|||Khedli Khurd|||,2,haryana/gp_ward/2016,fd22a7ff1329
Haryana|2016|||gp_ward|Mewat|Nagina|||Khuspuri|||,2,haryana/gp_ward/2016,e407f1efad85
Haryana|2016|||gp_ward|Mewat|Nagina|||Khuspuri|||,2,haryana/gp_ward/2016,f00c3a1af11a
Haryana|2016|||gp_ward|Mewat|Nagina|||Kultajpur Kalan|||,2,haryana/gp_ward/2016,daa56288cc0d
Haryana|2016|||gp_ward|Mewat|Nagina|||Kultajpur Kalan|||,2,haryana/gp_ward/2016,1a09efc2a7e3
Haryana|2016|||gp_ward|Mewat|Nagina|||Marora|||,2,haryana/gp_ward/2016,02a3952529b4
Haryana|2016|||gp_ward|Mewat|Nagina|||Marora|||,2,haryana/gp_ward/2016,8cc37830d0d6
Haryana|2016|||gp_ward|Mewat|Nagina|||Mohlaka|||,2,haryana/gp_ward/2016,4bdb2267f4d1
Haryana|2016|||gp_ward|Mewat|Nagina|||Mohlaka|||,2,haryana/gp_ward/2016,0762ee90edd9
Haryana|2016|||gp_ward|Mewat|Nagina|||Moolthan|||,2,haryana/gp_ward/2016,5489955ca612
Haryana|2016|||gp_ward|Mewat|Nagina|||Moolthan|||,2,haryana/gp_ward/2016,35ed40bd7e01
Haryana|2016|||gp_ward|Mewat|Nagina|||Notki|||,2,haryana/gp_ward/2016,c91d02793783
Haryana|2016|||gp_ward|Mewat|Nagina|||Notki|||,2,haryana/gp_ward/2016,37b6ed5d6f35
Haryana|2016|||gp_ward|Mewat|Nagina|||Pinki|||,2,haryana/gp_ward/2016,f8278f2790e7
Haryana|2016|||gp_ward|Mewat|Nagina|||Pinki|||,2,haryana/gp_ward/2016,dbee885d17d1
Haryana|2016|||gp_ward|Mewat|Nagina|||Poonam Devi|||,2,haryana/gp_ward/2016,5473dc51dd40
Haryana|2016|||gp_ward|Mewat|Nagina|||Poonam Devi|||,2,haryana/gp_ward/2016,dbeecf6230dc
Haryana|2016|||gp_ward|Mewat|Nagina|||Rajaka|||,2,haryana/gp_ward/2016,d91a42e161af
Haryana|2016|||gp_ward|Mewat|Nagina|||Rajaka|||,2,haryana/gp_ward/2016,a712e013faf9
Haryana|2016|||gp_ward|Mewat|Nagina|||Ranika|||,2,haryana/gp_ward/2016,d70cce1cbb36
Haryana|2016|||gp_ward|Mewat|Nagina|||Ranika|||,2,haryana/gp_ward/2016,d2a740c4f141
Haryana|2016|||gp_ward|Mewat|Nagina|||Sadipur|||,2,haryana/gp_ward/2016,0081a9585f39
Haryana|2016|||gp_ward|Mewat|Nagina|||Sadipur|||,2,haryana/gp_ward/2016,a864df1d1781
Haryana|2016|||gp_ward|Mewat|Nagina|||Sukhpuri|||,2,haryana/gp_ward/2016,17a47eb7c20f
Haryana|2016|||gp_ward|Mewat|Nagina|||Sukhpuri|||,2,haryana/gp_ward/2016,ba5745f807a2
Haryana|2016|||gp_ward|Mewat|Nagina|||Sultanpur Nuh|||,2,haryana/gp_ward/2016,c73411ea7411
Haryana|2016|||gp_ward|Mewat|Nagina|||Sultanpur Nuh|||,2,haryana/gp_ward/2016,0d6c5465b5d8
Haryana|2016|||gp_ward|Mewat|Nagina|||Uleta|||,2,haryana/gp_ward/2016,22ba57068f5b
Haryana|2016|||gp_ward|Mewat|Nagina|||Uleta|||,2,haryana/gp_ward/2016,a25700960cad
Haryana|2016|||gp_ward|Mewat|Nagina|||Umri|||,2,haryana/gp_ward/2016,0e55f1f79c09
Haryana|2016|||gp_ward|Mewat|Nagina|||Umri|||,2,haryana/gp_ward/2016,0447d8e8d9bd
Haryana|2016|||gp_ward|Mewat|Nuh|||Dubalu|1||,2,haryana/gp_ward/2016,1d784b02b583
Haryana|2016|||gp_ward|Mewat|Nuh|||Dubalu|1||,2,haryana/gp_ward/2016,04937b1d2aeb
Haryana|2016|||gp_ward|Mewat|Nuh|||Dubalu|2||,2,haryana/gp_ward/2016,cce5b6bd5cba
Haryana|2016|||gp_ward|Mewat|Nuh|||Dubalu|2||,2,haryana/gp_ward/2016,cfce38d10c19
Haryana|2016|||gp_ward|Mewat|Nuh|||Dubalu|3||,2,haryana/gp_ward/2016,484bed3d09c8
Haryana|2016|||gp_ward|Mewat|Nuh|||Dubalu|3||,2,haryana/gp_ward/2016,4ba0efab31de
Haryana|2016|||gp_ward|Mewat|Nuh|||Dubalu|4||,2,haryana/gp_ward/2016,085443ca0a38
Haryana|2016|||gp_ward|Mewat|Nuh|||Dubalu|4||,2,haryana/gp_ward/2016,7a5525746836
Haryana|2016|||gp_ward|Mewat|Nuh|||Dubalu|5||,2,haryana/gp_ward/2016,34e80491cddc
Haryana|2016|||gp_ward|Mewat|Nuh|||Dubalu|5||,2,haryana/gp_ward/2016,a44b5b28a39f
Haryana|2016|||gp_ward|Mewat|Nuh|||Dubalu|6||,2,haryana/gp_ward/2016,dbab5866c7be
Haryana|2016|||gp_ward|Mewat|Nuh|||Dubalu|6||,2,haryana/gp_ward/2016,9b89f16062cb
Haryana|2016|||gp_ward|Mewat|Nuh|||Golpuri|1||,2,haryana/gp_ward/2016,84aa55c4985b
Haryana|2016|||gp_ward|Mewat|Nuh|||Golpuri|1||,2,haryana/gp_ward/2016,b8ecaac89479
Haryana|2016|||gp_ward|Mewat|Nuh|||Golpuri|2||,2,haryana/gp_ward/2016,ac4602d0ea76
Haryana|2016|||gp_ward|Mewat|Nuh|||Golpuri|2||,2,haryana/gp_ward/2016,ba4fb547b8c9
Haryana|2016|||gp_ward|Mewat|Nuh|||Golpuri|3||,2,haryana/gp_ward/2016,2aacc6c48f8d
Haryana|2016|||gp_ward|Mewat|Nuh|||Golpuri|3||,2,haryana/gp_ward/2016,bd2a6051cb48
Haryana|2016|||gp_ward|Mewat|Nuh|||Golpuri|4||,2,haryana/gp_ward/2016,e5421a2e4cd5
Haryana|2016|||gp_ward|Mewat|Nuh|||Golpuri|4||,2,haryana/gp_ward/2016,ebc6d43212ff
Haryana|2016|||gp_ward|Mewat|Nuh|||Golpuri|5||,2,haryana/gp_ward/2016,fe7032878f5d
Haryana|2016|||gp_ward|Mewat|Nuh|||Golpuri|5||,2,haryana/gp_ward/2016,fa542c7f13c2
Haryana|2016|||gp_ward|Mewat|Nuh|||Golpuri|6||,2,haryana/gp_ward/2016,7da83edf8e18
Haryana|2016|||gp_ward|Mewat|Nuh|||Golpuri|6||,2,haryana/gp_ward/2016,0e9d5cae3c7c
Haryana|2016|||gp_ward|Mewat|Nuh|||Golpuri|7||,2,haryana/gp_ward/2016,aa4b3c18b792
Haryana|2016|||gp_ward|Mewat|Nuh|||Golpuri|7||,2,haryana/gp_ward/2016,8958606fec1f
Haryana|2016|||gp_ward|Mewat|Nuh|||Kiranj|1||,2,haryana/gp_ward/2016,093378796fe3
Haryana|2016|||gp_ward|Mewat|Nuh|||Kiranj|1||,2,haryana/gp_ward/2016,297d7e29cce0
Haryana|2016|||gp_ward|Mewat|Nuh|||Kiranj|2||,2,haryana/gp_ward/2016,c9466a538c64
Haryana|2016|||gp_ward|Mewat|Nuh|||Kiranj|2||,2,haryana/gp_ward/2016,2d02270364e4
Haryana|2016|||gp_ward|Mewat|Nuh|||Kiranj|3||,2,haryana/gp_ward/2016,c14ae25cc714
Haryana|2016|||gp_ward|Mewat|Nuh|||Kiranj|3||,2,haryana/gp_ward/2016,dfcafa95f52f
Haryana|2016|||gp_ward|Mewat|Nuh|||Kiranj|4||,2,haryana/gp_ward/2016,c609c458e0a8
Haryana|2016|||gp_ward|Mewat|Nuh|||Kiranj|4||,2,haryana/gp_ward/2016,c7e4008e85b0
Haryana|2016|||gp_ward|Mewat|Nuh|||Kiranj|5||,2,haryana/gp_ward/2016,57f24608c883
Haryana|2016|||gp_ward|Mewat|Nuh|||Kiranj|5||,2,haryana/gp_ward/2016,b2f5eab66b74
Haryana|2016|||gp_ward|Mewat|Nuh|||Kiranj|6||,2,haryana/gp_ward/2016,896b8b305fec
Haryana|2016|||gp_ward|Mewat|Nuh|||Kiranj|6||,2,haryana/gp_ward/2016,d21a353d56b7
Haryana|2016|||gp_ward|Mewat|Nuh|||Kiranj|7||,2,haryana/gp_ward/2016,b409dce325b0
Haryana|2016|||gp_ward|Mewat|Nuh|||Kiranj|7||,2,haryana/gp_ward/2016,c3c4756cba34
Haryana|2016|||gp_ward|Mewat|Nuh|||Kiranj|8||,2,haryana/gp_ward/2016,e98643c11bf8
Haryana|2016|||gp_ward|Mewat|Nuh|||Kiranj|8||,2,haryana/gp_ward/2016,997cf1dff098
Haryana|2016|||gp_ward|Palwal|Prithala|||Gadpuri|1||,2,haryana/gp_ward/2016,3ef9c8c8065e
Haryana|2016|||gp_ward|Palwal|Prithala|||Gadpuri|1||,2,haryana/gp_ward/2016,47eea4ac8ccd
Haryana|2016|||gp_ward|Palwal|Prithala|||Gadpuri|2||,2,haryana/gp_ward/2016,69ce1e9ebf22
Haryana|2016|||gp_ward|Palwal|Prithala|||Gadpuri|2||,2,haryana/gp_ward/2016,aaa99286bcc8
Haryana|2016|||gp_ward|Palwal|Prithala|||Gadpuri|3||,2,haryana/gp_ward/2016,1b9de9a4c747
Haryana|2016|||gp_ward|Palwal|Prithala|||Gadpuri|3||,2,haryana/gp_ward/2016,771636547cb3
Haryana|2016|||gp_ward|Palwal|Prithala|||Gadpuri|4||,2,haryana/gp_ward/2016,999d250ebd48
Haryana|2016|||gp_ward|Palwal|Prithala|||Gadpuri|4||,2,haryana/gp_ward/2016,1352d86c3bd1
Haryana|2016|||gp_ward|Palwal|Prithala|||Gadpuri|5||,2,haryana/gp_ward/2016,a66a62a9b4db
Haryana|2016|||gp_ward|Palwal|Prithala|||Gadpuri|5||,2,haryana/gp_ward/2016,3131bc22b3b4
Haryana|2016|||gp_ward|Palwal|Prithala|||Gadpuri|6||,2,haryana/gp_ward/2016,b2956a21f507
Haryana|2016|||gp_ward|Palwal|Prithala|||Gadpuri|6||,2,haryana/gp_ward/2016,b06babb52b31
Haryana|2016|||gp_ward|Palwal|Prithala|||Gadpuri|7||,2,haryana/gp_ward/2016,eaa40685add8
Haryana|2016|||gp_ward|Palwal|Prithala|||Gadpuri|7||,2,haryana/gp_ward/2016,f1b60431262d
Haryana|2016|||gp_ward|Palwal|Prithala|||Gadpuri|8||,2,haryana/gp_ward/2016,a7bd69d62cb8
Haryana|2016|||gp_ward|Palwal|Prithala|||Gadpuri|8||,2,haryana/gp_ward/2016,c70aa26ce6fe
Haryana|2016|||gp_ward|Rewari|Khol|||Mamria Ashampur|7||,2,haryana/gp_ward/2016,bf08f8208103
Haryana|2016|||gp_ward|Rewari|Khol|||Mamria Ashampur|7||,2,haryana/gp_ward/2016,a8dc5e4c1608
Haryana|2016|||gp_ward|Rewari|Khol|||Parla|1||,2,haryana/gp_ward/2016,239a3a262326
Haryana|2016|||gp_ward|Rewari|Khol|||Parla|1||,2,haryana/gp_ward/2016,12c5ea3c959d
Haryana|2016|||gp_ward|Rewari|Khol|||Parla|2||,2,haryana/gp_ward/2016,0999c418e160
Haryana|2016|||gp_ward|Rewari|Khol|||Parla|2||,2,haryana/gp_ward/2016,213f808f7198
Haryana|2016|||gp_ward|Rewari|Khol|||Parla|3||,2,haryana/gp_ward/2016,25e61b72d266
Haryana|2016|||gp_ward|Rewari|Khol|||Parla|3||,2,haryana/gp_ward/2016,83ada7b4f714
Haryana|2016|||gp_ward|Rewari|Khol|||Parla|4||,2,haryana/gp_ward/2016,a3d5094993ae
Haryana|2016|||gp_ward|Rewari|Khol|||Parla|4||,2,haryana/gp_ward/2016,286d51c79eeb
Haryana|2016|||gp_ward|Rewari|Khol|||Parla|5||,2,haryana/gp_ward/2016,470dff190755
Haryana|2016|||gp_ward|Rewari|Khol|||Parla|5||,2,haryana/gp_ward/2016,12d1a2ec3e88
Haryana|2016|||gp_ward|Rewari|Khol|||Parla|6||,2,haryana/gp_ward/2016,fe8d4afb5b36
Haryana|2016|||gp_ward|Rewari|Khol|||Parla|6||,2,haryana/gp_ward/2016,60de648ba056
Haryana|2016|||gp_ward|Rewari|Khol|||Parla|7||,2,haryana/gp_ward/2016,38db3d47e539
Haryana|2016|||gp_ward|Rewari|Khol|||Parla|7||,2,haryana/gp_ward/2016,5ad512876670
Haryana|2016|||gp_ward|Rewari|Khol|||Parla|8||,2,haryana/gp_ward/2016,244cb3a081ad
Haryana|2016|||gp_ward|Rewari|Khol|||Parla|8||,2,haryana/gp_ward/2016,584a5931086d
Haryana|2016|||gp_ward|Sirsa|Ellenabad|||Partap Nagar|1||,2,haryana/gp_ward/2016,71b18234f75f
Haryana|2016|||gp_ward|Sirsa|Ellenabad|||Partap Nagar|1||,2,haryana/gp_ward/2016,fdf4971721a9
Haryana|2016|||gp_ward|Sirsa|Ellenabad|||Partap Nagar|2||,2,haryana/gp_ward/2016,bb124346d8e5
Haryana|2016|||gp_ward|Sirsa|Ellenabad|||Partap Nagar|2||,2,haryana/gp_ward/2016,5c58cc8627be
Haryana|2016|||gp_ward|Sirsa|Ellenabad|||Partap Nagar|3||,2,haryana/gp_ward/2016,f69639342e7c
Haryana|2016|||gp_ward|Sirsa|Ellenabad|||Partap Nagar|3||,2,haryana/gp_ward/2016,e34c08d292d6
Haryana|2016|||gp_ward|Sirsa|Ellenabad|||Partap Nagar|4||,2,haryana/gp_ward/2016,60e464d70f2a
Haryana|2016|||gp_ward|Sirsa|Ellenabad|||Partap Nagar|4||,2,haryana/gp_ward/2016,a0a5057dc8d0
Haryana|2016|||gp_ward|Sirsa|Ellenabad|||Partap Nagar|5||,2,haryana/gp_ward/2016,7ba5c437fd75
Haryana|2016|||gp_ward|Sirsa|Ellenabad|||Partap Nagar|5||,2,haryana/gp_ward/2016,b0ae2fac976b
Haryana|2016|||gp_ward|Sirsa|Ellenabad|||Partap Nagar|6||,2,haryana/gp_ward/2016,70ba3f2b86b3
Haryana|2016|||gp_ward|Sirsa|Ellenabad|||Partap Nagar|6||,2,haryana/gp_ward/2016,264a8394ff20
Haryana|2016|||gp_ward|Sirsa|Nathusari Chopta|||Makhosaranai|||,2,haryana/gp_ward/2016,a42220cc5041
Haryana|2016|||gp_ward|Sirsa|Nathusari Chopta|||Makhosaranai|||,2,haryana/gp_ward/2016,1241773a8b8c
Haryana|2016|||gp_ward|Sirsa|Nathusari Chopta|||Rupawas|||,2,haryana/gp_ward/2016,6ba2b8d24649
Haryana|2016|||gp_ward|Sirsa|Nathusari Chopta|||Rupawas|||,2,haryana/gp_ward/2016,127c5254e7fd
Haryana|2016|||gp_ward|Sirsa|Nathusari Chopta|||Sahuwala-llnd|||,2,haryana/gp_ward/2016,070cd6fc92ae
Haryana|2016|||gp_ward|Sirsa|Nathusari Chopta|||Sahuwala-llnd|||,2,haryana/gp_ward/2016,076fce06b44e
Haryana|2016|||gp_ward|Sirsa|Nathusari Chopta|||Shahpuria|||,2,haryana/gp_ward/2016,e935f58ea148
Haryana|2016|||gp_ward|Sirsa|Nathusari Chopta|||Shahpuria|||,2,haryana/gp_ward/2016,8c3f2a008ca6
Haryana|2016|||gp_ward|Sirsa|Nathusari Chopta|||Sherpura|||,2,haryana/gp_ward/2016,78f84cbba14d
Haryana|2016|||gp_ward|Sirsa|Nathusari Chopta|||Sherpura|||,2,haryana/gp_ward/2016,59045254c87c
Haryana|2016|||gp_ward|Yamuna Nagar|Radaur|||Karhera M.T.|1||,2,haryana/gp_ward/2016,13348d5b0ca9
Haryana|2016|||gp_ward|Yamuna Nagar|Radaur|||Karhera M.T.|1||,2,haryana/gp_ward/2016,a7a6254f5895
Haryana|2016|||gp_ward|Yamuna Nagar|Radaur|||Karhera M.T.|2||,2,haryana/gp_ward/2016,93a6cb42228d
Haryana|2016|||gp_ward|Yamuna Nagar|Radaur|||Karhera M.T.|2||,2,haryana/gp_ward/2016,30f5ed1297dd
Haryana|2016|||gp_ward|Yamuna Nagar|Radaur|||Karhera M.T.|3||,2,haryana/gp_ward/2016,b01a033707e8
Haryana|2016|||gp_ward|Yamuna Nagar|Radaur|||Karhera M.T.|3||,2,haryana/gp_ward/2016,029b830881d0
Haryana|2016|||gp_ward|Yamuna Nagar|Radaur|||Karhera M.T.|4||,2,haryana/gp_ward/2016,efef87a3eec4
Haryana|2016|||gp_ward|Yamuna Nagar|Radaur|||Karhera M.T.|4||,2,haryana/gp_ward/2016,02cc83a0af57
Haryana|2016|||gp_ward|Yamuna Nagar|Radaur|||Karhera M.T.|5||,2,haryana/gp_ward/2016,6cbd5c6282c2
Haryana|2016|||gp_ward|Yamuna Nagar|Radaur|||Karhera M.T.|5||,2,haryana/gp_ward/2016,fc4286ec45d5
Haryana|2016|||gp_ward|Yamuna Nagar|Radaur|||Karhera M.T.|6||,2,haryana/gp_ward/2016,eb71b7ba3533
Haryana|2016|||gp_ward|Yamuna Nagar|Radaur|||Karhera M.T.|6||,2,haryana/gp_ward/2016,aa3b028546ab
Haryana|2016|||gp_ward|Yamuna Nagar|Radaur|||Karhera M.T.|7||,2,haryana/gp_ward/2016,63fc1f92bd63
Haryana|2016|||gp_ward|Yamuna Nagar|Radaur|||Karhera M.T.|7||,2,haryana/gp_ward/2016,cab961beffda
Haryana|2016|||gp_ward|Yamuna Nagar|Radaur|||Karhera M.T.|8||,2,haryana/gp_ward/2016,e0d7af01afaf
Haryana|2016|||gp_ward|Yamuna Nagar|Radaur|||Karhera M.T.|8||,2,haryana/gp_ward/2016,1240d3572977
Haryana|2016|||gp_ward|Yamuna Nagar|Radaur|||Satgoli|1||,2,haryana/gp_ward/2016,57837abc47fa
Haryana|2016|||gp_ward|Yamuna Nagar|Radaur|||Satgoli|1||,2,haryana/gp_ward/2016,8f8990d02698
Haryana|2016|||gp_ward|Yamuna Nagar|Radaur|||Satgoli|2||,2,haryana/gp_ward/2016,3e04f6a723e6
Haryana|2016|||gp_ward|Yamuna Nagar|Radaur|||Satgoli|2||,2,haryana/gp_ward/2016,e4768531039b
Haryana|2016|||gp_ward|Yamuna Nagar|Radaur|||Satgoli|3||,2,haryana/gp_ward/2016,faea6d55eadb
Haryana|2016|||gp_ward|Yamuna Nagar|Radaur|||Satgoli|3||,2,haryana/gp_ward/2016,56df27634fd1
Haryana|2016|||gp_ward|Yamuna Nagar|Radaur|||Satgoli|4||,2,haryana/gp_ward/2016,53f704f48576
Haryana|2016|||gp_ward|Yamuna Nagar|Radaur|||Satgoli|4||,2,haryana/gp_ward/2016,e0e79bf6adcf
Haryana|2016|||gp_ward|Yamuna Nagar|Radaur|||Satgoli|5||,2,haryana/gp_ward/2016,4cfbcf211ec4
Haryana|2016|||gp_ward|Yamuna Nagar|Radaur|||Satgoli|5||,2,haryana/gp_ward/2016,53b9cca5c1b4
Haryana|2016|||gp_ward|Yamuna Nagar|Radaur|||Satgoli|6||,2,haryana/gp_ward/2016,0be5c8ff5195
Haryana|2016|||gp_ward|Yamuna Nagar|Radaur|||Satgoli|6||,2,haryana/gp_ward/2016,65a602cb70bf
Haryana|2022|||gp_head|Kurukshetra|Babain|||Ram Nagar|||,2,haryana/gp_head/2022,5e76baaf57e7
Haryana|2022|||gp_head|Kurukshetra|Babain|||Ram Nagar|||,2,haryana/gp_head/2022,9527502a608f
Haryana|2022|||gp_ward|Charkhi Dadri|Charkhi Dadri|||Sarangpur|1||,2,haryana/gp_ward/2022,c7dfc921f418
Haryana|2022|||gp_ward|Charkhi Dadri|Charkhi Dadri|||Sarangpur|1||,2,haryana/gp_ward/2022,9c4bc6266b5f
Haryana|2022|||gp_ward|Charkhi Dadri|Charkhi Dadri|||Sarangpur|2||,2,haryana/gp_ward/2022,cd9ab0ce93e5
Haryana|2022|||gp_ward|Charkhi Dadri|Charkhi Dadri|||Sarangpur|2||,2,haryana/gp_ward/2022,340eb702de0c
Haryana|2022|||gp_ward|Faridabad|Faridabad|||Tikri Khera|10||,2,haryana/gp_ward/2022,5a61201f2fd1
Haryana|2022|||gp_ward|Faridabad|Faridabad|||Tikri Khera|10||,2,haryana/gp_ward/2022,2652f16afdd9
Haryana|2022|||gp_ward|Faridabad|Faridabad|||Tikri Khera|4||,2,haryana/gp_ward/2022,f31eaf43ceda
Haryana|2022|||gp_ward|Faridabad|Faridabad|||Tikri Khera|4||,2,haryana/gp_ward/2022,c7ddde3096f4
Haryana|2022|||gp_ward|Faridabad|Faridabad|||Tikri Khera|5||,2,haryana/gp_ward/2022,f9a1c39fa92e
Haryana|2022|||gp_ward|Faridabad|Faridabad|||Tikri Khera|5||,2,haryana/gp_ward/2022,9e4db780c14e
Haryana|2022|||gp_ward|Faridabad|Faridabad|||Tikri Khera|6||,2,haryana/gp_ward/2022,a6e3a6200316
Haryana|2022|||gp_ward|Faridabad|Faridabad|||Tikri Khera|6||,2,haryana/gp_ward/2022,554b983e4dcc
Haryana|2022|||gp_ward|Faridabad|Faridabad|||Tikri Khera|7||,2,haryana/gp_ward/2022,df921694d0cf
Haryana|2022|||gp_ward|Faridabad|Faridabad|||Tikri Khera|7||,2,haryana/gp_ward/2022,752eca76b31a
Haryana|2022|||gp_ward|Faridabad|Faridabad|||Tikri Khera|8||,2,haryana/gp_ward/2022,ba6fbcbf1543
Haryana|2022|||gp_ward|Faridabad|Faridabad|||Tikri Khera|8||,2,haryana/gp_ward/2022,624df653cee1
Haryana|2022|||gp_ward|Faridabad|Faridabad|||Tikri Khera|9||,2,haryana/gp_ward/2022,a84550d47d7f
Haryana|2022|||gp_ward|Faridabad|Faridabad|||Tikri Khera|9||,2,haryana/gp_ward/2022,6f9adc980cdb
Haryana|2022|||gp_ward|Fatehabad|Ratia|||KANWALGARH|1||,2,haryana/gp_ward/2022,ae26e1b44488
Haryana|2022|||gp_ward|Fatehabad|Ratia|||KANWALGARH|1||,2,haryana/gp_ward/2022,cbdb7c1012fd
Haryana|2022|||gp_ward|Fatehabad|Ratia|||KANWALGARH|2||,2,haryana/gp_ward/2022,58525fd7026b
Haryana|2022|||gp_ward|Fatehabad|Ratia|||KANWALGARH|2||,2,haryana/gp_ward/2022,a256bb6e11ca
Haryana|2022|||gp_ward|Fatehabad|Ratia|||KANWALGARH|3||,2,haryana/gp_ward/2022,48127336b013
Haryana|2022|||gp_ward|Fatehabad|Ratia|||KANWALGARH|3||,2,haryana/gp_ward/2022,c6c8683d0acc
Haryana|2022|||gp_ward|Fatehabad|Ratia|||KANWALGARH|4||,2,haryana/gp_ward/2022,3da1778fb4d6
Haryana|2022|||gp_ward|Fatehabad|Ratia|||KANWALGARH|4||,2,haryana/gp_ward/2022,7a85dc7d3059
Haryana|2022|||gp_ward|Fatehabad|Ratia|||KANWALGARH|5||,2,haryana/gp_ward/2022,29710f742028
Haryana|2022|||gp_ward|Fatehabad|Ratia|||KANWALGARH|5||,2,haryana/gp_ward/2022,8d85feee84c3
Haryana|2022|||gp_ward|Fatehabad|Ratia|||KANWALGARH|6||,2,haryana/gp_ward/2022,cffc73f6de77
Haryana|2022|||gp_ward|Fatehabad|Ratia|||KANWALGARH|6||,2,haryana/gp_ward/2022,4fd4e74b6f7f
Haryana|2022|||gp_ward|Fatehabad|Ratia|||KANWALGARH|7||,2,haryana/gp_ward/2022,35b335bfd31c
Haryana|2022|||gp_ward|Fatehabad|Ratia|||KANWALGARH|7||,2,haryana/gp_ward/2022,402ca1811b91
Haryana|2022|||gp_ward|Fatehabad|Ratia|||KANWALGARH|8||,2,haryana/gp_ward/2022,c8c1bfbc38d2
Haryana|2022|||gp_ward|Fatehabad|Ratia|||KANWALGARH|8||,2,haryana/gp_ward/2022,d8394bac23a0
Haryana|2022|||gp_ward|Fatehabad|Ratia|||KANWALGARH|9||,2,haryana/gp_ward/2022,a5d7e6702067
Haryana|2022|||gp_ward|Fatehabad|Ratia|||KANWALGARH|9||,2,haryana/gp_ward/2022,7c0e9fcc79a0
Haryana|2022|||gp_ward|Jhajjar|Machhrauli|||ljksyk|15||,2,haryana/gp_ward/2022,cb14f59237d3
Haryana|2022|||gp_ward|Jhajjar|Machhrauli|||ljksyk|15||,2,haryana/gp_ward/2022,3783467daeb1
Haryana|2022|||gp_ward|Jind|Uchana|||Sudkain Kalan|10||,2,haryana/gp_ward/2022,c29f9ad0e135
Haryana|2022|||gp_ward|Jind|Uchana|||Sudkain Kalan|10||,2,haryana/gp_ward/2022,711d37986330
Haryana|2022|||gp_ward|Jind|Uchana|||Sudkain Kalan|11||,2,haryana/gp_ward/2022,29a47dea5f1d
Haryana|2022|||gp_ward|Jind|Uchana|||Sudkain Kalan|11||,2,haryana/gp_ward/2022,b52ae53a44e2
Haryana|2022|||gp_ward|Jind|Uchana|||Sudkain Kalan|12||,2,haryana/gp_ward/2022,749898aa83d3
Haryana|2022|||gp_ward|Jind|Uchana|||Sudkain Kalan|12||,2,haryana/gp_ward/2022,cf16a0663370
Haryana|2022|||gp_ward|Jind|Uchana|||Sudkain Kalan|13||,2,haryana/gp_ward/2022,cd2eff859ae4
Haryana|2022|||gp_ward|Jind|Uchana|||Sudkain Kalan|13||,2,haryana/gp_ward/2022,dc8353e91f09
Haryana|2022|||gp_ward|Jind|Uchana|||Sudkain Kalan|1||,2,haryana/gp_ward/2022,0bd8e97f27ba
Haryana|2022|||gp_ward|Jind|Uchana|||Sudkain Kalan|1||,2,haryana/gp_ward/2022,4211735797f2
Haryana|2022|||gp_ward|Jind|Uchana|||Sudkain Kalan|2||,2,haryana/gp_ward/2022,365ae2c5522e
Haryana|2022|||gp_ward|Jind|Uchana|||Sudkain Kalan|2||,2,haryana/gp_ward/2022,b442bea0154d
Haryana|2022|||gp_ward|Jind|Uchana|||Sudkain Kalan|3||,2,haryana/gp_ward/2022,5adbe7ba6aed
Haryana|2022|||gp_ward|Jind|Uchana|||Sudkain Kalan|3||,2,haryana/gp_ward/2022,7a4eaa63a3e0
Haryana|2022|||gp_ward|Jind|Uchana|||Sudkain Kalan|4||,2,haryana/gp_ward/2022,2186cb2952da
Haryana|2022|||gp_ward|Jind|Uchana|||Sudkain Kalan|4||,2,haryana/gp_ward/2022,0aa8b554162b
Haryana|2022|||gp_ward|Jind|Uchana|||Sudkain Kalan|5||,2,haryana/gp_ward/2022,d1e80df1988b
Haryana|2022|||gp_ward|Jind|Uchana|||Sudkain Kalan|5||,2,haryana/gp_ward/2022,dc76694ab7ee
Haryana|2022|||gp_ward|Jind|Uchana|||Sudkain Kalan|6||,2,haryana/gp_ward/2022,af316cc6e6f6
Haryana|2022|||gp_ward|Jind|Uchana|||Sudkain Kalan|6||,2,haryana/gp_ward/2022,d0dab65c4dc6
Haryana|2022|||gp_ward|Jind|Uchana|||Sudkain Kalan|7||,2,haryana/gp_ward/2022,f97002f2566e
Haryana|2022|||gp_ward|Jind|Uchana|||Sudkain Kalan|7||,2,haryana/gp_ward/2022,6450239c9b22
Haryana|2022|||gp_ward|Jind|Uchana|||Sudkain Kalan|8||,2,haryana/gp_ward/2022,917aa19826cb
Haryana|2022|||gp_ward|Jind|Uchana|||Sudkain Kalan|8||,2,haryana/gp_ward/2022,100678e1884b
Haryana|2022|||gp_ward|Jind|Uchana|||Sudkain Kalan|9||,2,haryana/gp_ward/2022,6336abd3af4d
Haryana|2022|||gp_ward|Jind|Uchana|||Sudkain Kalan|9||,2,haryana/gp_ward/2022,d536c8f3edc8
Haryana|2022|||gp_ward|Kaithal|Kalayat|||Batta|2||,2,haryana/gp_ward/2022,64e3531e87cc
Haryana|2022|||gp_ward|Kaithal|Kalayat|||Batta|2||,2,haryana/gp_ward/2022,c2efbafee8a4
Haryana|2022|||gp_ward|Kaithal|Pundri|||Badnara|1||,2,haryana/gp_ward/2022,4b1e583b301c
Haryana|2022|||gp_ward|Kaithal|Pundri|||Badnara|1||,2,haryana/gp_ward/2022,f9ba1d4df22e
Haryana|2022|||gp_ward|Kaithal|Pundri|||Bhana|2||,2,haryana/gp_ward/2022,2423860c6f9d
Haryana|2022|||gp_ward|Kaithal|Pundri|||Bhana|2||,2,haryana/gp_ward/2022,54156f861ce5
Haryana|2022|||gp_ward|Kaithal|Pundri|||Fatehpur|2||,2,haryana/gp_ward/2022,a596ea76b480
Haryana|2022|||gp_ward|Kaithal|Pundri|||Fatehpur|2||,2,haryana/gp_ward/2022,03308e344f87
Haryana|2022|||gp_ward|Kaithal|Pundri|||Habri|2||,2,haryana/gp_ward/2022,5d17d1b4e4c6
Haryana|2022|||gp_ward|Kaithal|Pundri|||Habri|2||,2,haryana/gp_ward/2022,87abbbb0b1c9
Haryana|2022|||gp_ward|Kaithal|Pundri|||Karora|2||,2,haryana/gp_ward/2022,9cf8fd506a28
Haryana|2022|||gp_ward|Kaithal|Pundri|||Karora|2||,2,haryana/gp_ward/2022,6dfbe4fba809
Haryana|2022|||gp_ward|Kaithal|Pundri|||Mohna|1||,2,haryana/gp_ward/2022,ca1dd81597bd
Haryana|2022|||gp_ward|Kaithal|Pundri|||Mohna|1||,2,haryana/gp_ward/2022,f8b5756f5434
Haryana|2022|||gp_ward|Kaithal|Pundri|||Munarheri|1||,2,haryana/gp_ward/2022,6f7f6e94c478
Haryana|2022|||gp_ward|Kaithal|Pundri|||Munarheri|1||,2,haryana/gp_ward/2022,87b6af3ae0ca
Haryana|2022|||gp_ward|Kaithal|Pundri|||Pai|2||,2,haryana/gp_ward/2022,632e026700bf
Haryana|2022|||gp_ward|Kaithal|Pundri|||Pai|2||,2,haryana/gp_ward/2022,4e468f9fe413
Haryana|2022|||gp_ward|Kaithal|Pundri|||Sirsal|2||,2,haryana/gp_ward/2022,f6e283f11da4
Haryana|2022|||gp_ward|Kaithal|Pundri|||Sirsal|2||,2,haryana/gp_ward/2022,f887c0e44032
Haryana|2022|||gp_ward|Karnal|Assandh|||Achhanpur|||,2,haryana/gp_ward/2022,5772ee82f748
Haryana|2022|||gp_ward|Karnal|Assandh|||Achhanpur|||,2,haryana/gp_ward/2022,05d15cd4c495
Haryana|2022|||gp_ward|Karnal|Assandh|||Bandrala|||,2,haryana/gp_ward/2022,d992f117c603
Haryana|2022|||gp_ward|Karnal|Assandh|||Bandrala|||,2,haryana/gp_ward/2022,b829e06dfab5
Haryana|2022|||gp_ward|Karnal|Assandh|||Chorkarsa|||,2,haryana/gp_ward/2022,c42b64290a0f
Haryana|2022|||gp_ward|Karnal|Assandh|||Chorkarsa|||,2,haryana/gp_ward/2022,f56bc5d173da
Haryana|2022|||gp_ward|Karnal|Assandh|||Danoli|||,2,haryana/gp_ward/2022,0b1e04c897d3
Haryana|2022|||gp_ward|Karnal|Assandh|||Danoli|||,2,haryana/gp_ward/2022,c66bc3d46c17
Haryana|2022|||gp_ward|Karnal|Assandh|||Jalmana|||,2,haryana/gp_ward/2022,f3767737a368
Haryana|2022|||gp_ward|Karnal|Assandh|||Jalmana|||,2,haryana/gp_ward/2022,439f7f754b55
Haryana|2022|||gp_ward|Karnal|Assandh|||Lalain|||,2,haryana/gp_ward/2022,79ca36de102f
Haryana|2022|||gp_ward|Karnal|Assandh|||Lalain|||,2,haryana/gp_ward/2022,2eee30b2eb11
Haryana|2022|||gp_ward|Karnal|Assandh|||Mundh|||,2,haryana/gp_ward/2022,1626aa28db72
Haryana|2022|||gp_ward|Karnal|Assandh|||Mundh|||,2,haryana/gp_ward/2022,731136aba8a4
Haryana|2022|||gp_ward|Karnal|Assandh|||Panghala|||,2,haryana/gp_ward/2022,5c92575c2ec1
Haryana|2022|||gp_ward|Karnal|Assandh|||Panghala|||,2,haryana/gp_ward/2022,edf945a06d92
Haryana|2022|||gp_ward|Karnal|Assandh|||Rahra|||,2,haryana/gp_ward/2022,0afc88b849ec
Haryana|2022|||gp_ward|Karnal|Assandh|||Rahra|||,2,haryana/gp_ward/2022,3b2999fee290
Haryana|2022|||gp_ward|Karnal|Assandh|||Rangrooti Khera|||,2,haryana/gp_ward/2022,1912c6ebf937
Haryana|2022|||gp_ward|Karnal|Assandh|||Rangrooti Khera|||,2,haryana/gp_ward/2022,5d5734380051
Haryana|2022|||gp_ward|Karnal|Assandh|||Risalwa|||,2,haryana/gp_ward/2022,e21cb1a166a3
Haryana|2022|||gp_ward|Karnal|Assandh|||Risalwa|||,2,haryana/gp_ward/2022,2ac680a506e2
Haryana|2022|||gp_ward|Karnal|Chirao|||Alipur Viran|||,2,haryana/gp_ward/2022,06624ec87aff
Haryana|2022|||gp_ward|Karnal|Chirao|||Alipur Viran|||,2,haryana/gp_ward/2022,dc1953ffc3bf
Haryana|2022|||gp_ward|Karnal|Chirao|||Barota|||,2,haryana/gp_ward/2022,9328bf8a54e9
Haryana|2022|||gp_ward|Karnal|Chirao|||Barota|||,2,haryana/gp_ward/2022,f9201892960c
Haryana|2022|||gp_ward|Karnal|Chirao|||Dabri|||,2,haryana/gp_ward/2022,6814656a6441
Haryana|2022|||gp_ward|Karnal|Chirao|||Dabri|||,2,haryana/gp_ward/2022,961b82a5e71a
Haryana|2022|||gp_ward|Karnal|Chirao|||Dadupur Roran|||,2,haryana/gp_ward/2022,fe14f54b7a68
Haryana|2022|||gp_ward|Karnal|Chirao|||Dadupur Roran|||,2,haryana/gp_ward/2022,81897b138cde
Haryana|2022|||gp_ward|Karnal|Chirao|||Hathlana|||,2,haryana/gp_ward/2022,f55510ec8cf9
Haryana|2022|||gp_ward|Karnal|Chirao|||Hathlana|||,2,haryana/gp_ward/2022,5d2d4b29f95b
Haryana|2022|||gp_ward|Karnal|Chirao|||Kheri Naru|10||,2,haryana/gp_ward/2022,f0396c126954
Haryana|2022|||gp_ward|Karnal|Chirao|||Kheri Naru|10||,2,haryana/gp_ward/2022,b4b6ae199859
Haryana|2022|||gp_ward|Karnal|Chirao|||Kheri Naru|12||,2,haryana/gp_ward/2022,c1cd1669825a
Haryana|2022|||gp_ward|Karnal|Chirao|||Kheri Naru|12||,2,haryana/gp_ward/2022,0b60edaa797a
Haryana|2022|||gp_ward|Karnal|Chirao|||Kheri Naru|13||,2,haryana/gp_ward/2022,e4c30040c286
Haryana|2022|||gp_ward|Karnal|Chirao|||Kheri Naru|13||,2,haryana/gp_ward/2022,a6f487f3905f
Haryana|2022|||gp_ward|Karnal|Chirao|||Kheri Naru|14||,2,haryana/gp_ward/2022,4e49a034b9b5
Haryana|2022|||gp_ward|Karnal|Chirao|||Kheri Naru|14||,2,haryana/gp_ward/2022,1081ff4465e7
Haryana|2022|||gp_ward|Karnal|Chirao|||Kheri Naru|2||,2,haryana/gp_ward/2022,62d7712753d8
Haryana|2022|||gp_ward|Karnal|Chirao|||Kheri Naru|2||,2,haryana/gp_ward/2022,53c86bceec26
Haryana|2022|||gp_ward|Karnal|Chirao|||Kheri Naru|3||,2,haryana/gp_ward/2022,1acc879cf70d
Haryana|2022|||gp_ward|Karnal|Chirao|||Kheri Naru|3||,2,haryana/gp_ward/2022,8d8fd8fd6139
Haryana|2022|||gp_ward|Karnal|Chirao|||Kheri Naru|4||,2,haryana/gp_ward/2022,faeb9bdd3406
Haryana|2022|||gp_ward|Karnal|Chirao|||Kheri Naru|4||,2,haryana/gp_ward/2022,dc0ba8139eea
Haryana|2022|||gp_ward|Karnal|Chirao|||Kheri Naru|6||,2,haryana/gp_ward/2022,b55218ec046b
Haryana|2022|||gp_ward|Karnal|Chirao|||Kheri Naru|6||,2,haryana/gp_ward/2022,79669f3df65f
Haryana|2022|||gp_ward|Karnal|Chirao|||Kheri Naru|7||,2,haryana/gp_ward/2022,29e2bd0775a9
Haryana|2022|||gp_ward|Karnal|Chirao|||Kheri Naru|7||,2,haryana/gp_ward/2022,cc561942a6b5
Haryana|2022|||gp_ward|Karnal|Chirao|||Kheri Naru|9||,2,haryana/gp_ward/2022,687b70d84394
Haryana|2022|||gp_ward|Karnal|Chirao|||Kheri Naru|9||,2,haryana/gp_ward/2022,6bb12bb5fc3d
Haryana|2022|||gp_ward|Karnal|Chirao|||Manjura|||,2,haryana/gp_ward/2022,6603738883a8
Haryana|2022|||gp_ward|Karnal|Chirao|||Manjura|||,2,haryana/gp_ward/2022,ce8cf3decddf
Haryana|2022|||gp_ward|Karnal|Chirao|||Shahpur|||,2,haryana/gp_ward/2022,311e27e8222a
Haryana|2022|||gp_ward|Karnal|Chirao|||Shahpur|||,2,haryana/gp_ward/2022,0c8ce5aad7a7
Haryana|2022|||gp_ward|Karnal|Chirao|||Sirsi|||,2,haryana/gp_ward/2022,a3ccef070fb8
Haryana|2022|||gp_ward|Karnal|Chirao|||Sirsi|||,2,haryana/gp_ward/2022,7f5cfd13afed
Haryana|2022|||gp_ward|Karnal|Kunjpura|||Chorpura|||,2,haryana/gp_ward/2022,8148644da44c
Haryana|2022|||gp_ward|Karnal|Kunjpura|||Chorpura|||,2,haryana/gp_ward/2022,d1fed44c4313
Haryana|2022|||gp_ward|Karnal|Kunjpura|||Choura Khalsa|||,2,haryana/gp_ward/2022,45e0d67ada04
Haryana|2022|||gp_ward|Karnal|Kunjpura|||Choura Khalsa|||,2,haryana/gp_ward/2022,85f11c97319a
Haryana|2022|||gp_ward|Karnal|Kunjpura|||Kalvaheri|||,2,haryana/gp_ward/2022,2889552da2a5
Haryana|2022|||gp_ward|Karnal|Kunjpura|||Kalvaheri|||,2,haryana/gp_ward/2022,e47f1a6c91fa
Haryana|2022|||gp_ward|Karnal|Kunjpura|||Khirajpur|||,2,haryana/gp_ward/2022,e3f42a20b273
Haryana|2022|||gp_ward|Karnal|Kunjpura|||Khirajpur|||,2,haryana/gp_ward/2022,8f15a461caba
Haryana|2022|||gp_ward|Karnal|Kunjpura|||Kunda Kalan|||,2,haryana/gp_ward/2022,d7b4a2ad9877
Haryana|2022|||gp_ward|Karnal|Kunjpura|||Kunda Kalan|||,2,haryana/gp_ward/2022,ff3b5656562d
Haryana|2022|||gp_ward|Karnal|Kunjpura|||Mainmati|||,2,haryana/gp_ward/2022,ef60e9a1cd8c
Haryana|2022|||gp_ward|Karnal|Kunjpura|||Mainmati|||,2,haryana/gp_ward/2022,585e024ca67b
Haryana|2022|||gp_ward|Karnal|Kunjpura|||Mehmadpur|||,2,haryana/gp_ward/2022,1c84487e5e58
Haryana|2022|||gp_ward|Karnal|Kunjpura|||Mehmadpur|||,2,haryana/gp_ward/2022,a282b480ce83
Haryana|2022|||gp_ward|Karnal|Kunjpura|||Nagal|||,2,haryana/gp_ward/2022,0f97de1edb15
Haryana|2022|||gp_ward|Karnal|Kunjpura|||Nagal|||,2,haryana/gp_ward/2022,43b622a684b5
Haryana|2022|||gp_ward|Karnal|Kunjpura|||Salarpura|||,2,haryana/gp_ward/2022,1a0e9baf9ac9
Haryana|2022|||gp_ward|Karnal|Kunjpura|||Salarpura|||,2,haryana/gp_ward/2022,7d798e6ce0e9
Haryana|2022|||gp_ward|Karnal|Munak|||Alawla|||,2,haryana/gp_ward/2022,2e6d2e9c1e41
Haryana|2022|||gp_ward|Karnal|Munak|||Alawla|||,2,haryana/gp_ward/2022,fdfd2bcecd39
Haryana|2022|||gp_ward|Karnal|Munak|||Anchla|||,2,haryana/gp_ward/2022,2fca3bf6e92a
Haryana|2022|||gp_ward|Karnal|Munak|||Anchla|||,2,haryana/gp_ward/2022,02a89fc16170
Haryana|2022|||gp_ward|Karnal|Munak|||Bamberheri|||,2,haryana/gp_ward/2022,6b9ee211e63c
Haryana|2022|||gp_ward|Karnal|Munak|||Bamberheri|||,2,haryana/gp_ward/2022,c88ad26ef76f
Haryana|2022|||gp_ward|Karnal|Munak|||Bansa|||,2,haryana/gp_ward/2022,24f01708bbf0
Haryana|2022|||gp_ward|Karnal|Munak|||Bansa|||,2,haryana/gp_ward/2022,8c3a23ff5e25
Haryana|2022|||gp_ward|Karnal|Munak|||Birachpur|||,2,haryana/gp_ward/2022,3664ec22caa7
Haryana|2022|||gp_ward|Karnal|Munak|||Birachpur|||,2,haryana/gp_ward/2022,0e4ecb4fce43
Haryana|2022|||gp_ward|Karnal|Munak|||Gagsina|||,2,haryana/gp_ward/2022,4c5c68f175e8
Haryana|2022|||gp_ward|Karnal|Munak|||Gagsina|||,2,haryana/gp_ward/2022,ac66cdd4857d
Haryana|2022|||gp_ward|Karnal|Munak|||Jani|||,2,haryana/gp_ward/2022,631117f75702
Haryana|2022|||gp_ward|Karnal|Munak|||Jani|||,2,haryana/gp_ward/2022,a3f6e3e7950f
Haryana|2022|||gp_ward|Karnal|Munak|||KheriMunak|||,2,haryana/gp_ward/2022,8752ade18d46
Haryana|2022|||gp_ward|Karnal|Munak|||KheriMunak|||,2,haryana/gp_ward/2022,3fffbeeefa5d
Haryana|2022|||gp_ward|Karnal|Munak|||Mormajra|||,2,haryana/gp_ward/2022,7739c77e2af3
Haryana|2022|||gp_ward|Karnal|Munak|||Mormajra|||,2,haryana/gp_ward/2022,822909cfa116
Haryana|2022|||gp_ward|Karnal|Munak|||Pabanahassanp ur|||,2,haryana/gp_ward/2022,f8c9bbb09653
Haryana|2022|||gp_ward|Karnal|Munak|||Pabanahassanp ur|||,2,haryana/gp_ward/2022,e4409b6048b4
Haryana|2022|||gp_ward|Karnal|Munak|||Padha|||,2,haryana/gp_ward/2022,9713d3a7128e
Haryana|2022|||gp_ward|Karnal|Munak|||Padha|||,2,haryana/gp_ward/2022,3e1c560979b7
Haryana|2022|||gp_ward|Karnal|Munak|||PakkaKhera|||,2,haryana/gp_ward/2022,2e341f4ae67d
Haryana|2022|||gp_ward|Karnal|Munak|||PakkaKhera|||,2,haryana/gp_ward/2022,6db284b72143
Haryana|2022|||gp_ward|Karnal|Munak|||Peont|||,2,haryana/gp_ward/2022,229c87616d11
Haryana|2022|||gp_ward|Karnal|Munak|||Peont|||,2,haryana/gp_ward/2022,c999e56775ed
Haryana|2022|||gp_ward|Karnal|Munak|||Picholia|||,2,haryana/gp_ward/2022,cf151911939d
Haryana|2022|||gp_ward|Karnal|Munak|||Picholia|||,2,haryana/gp_ward/2022,1fd131453312
Haryana|2022|||gp_ward|Karnal|Munak|||Shahjanpur|||,2,haryana/gp_ward/2022,935fbd39575f
Haryana|2022|||gp_ward|Karnal|Munak|||Shahjanpur|||,2,haryana/gp_ward/2022,4a7565396a2b
Haryana|2022|||gp_ward|Karnal|Munak|||Shekhupura|||,2,haryana/gp_ward/2022,ee47f045f0ba
Haryana|2022|||gp_ward|Karnal|Munak|||Shekhupura|||,2,haryana/gp_ward/2022,ae90a4493f49
Haryana|2022|||gp_ward|Kurukshetra|Babain|||Ram Nagar|1||,2,haryana/gp_ward/2022,892525f0b5b3
Haryana|2022|||gp_ward|Kurukshetra|Babain|||Ram Nagar|1||,2,haryana/gp_ward/2022,a4cfee7ab080
Haryana|2022|||gp_ward|Kurukshetra|Babain|||Ram Nagar|2||,2,haryana/gp_ward/2022,8853dad4928e
Haryana|2022|||gp_ward|Kurukshetra|Babain|||Ram Nagar|2||,2,haryana/gp_ward/2022,fe0b2bb5731e
Haryana|2022|||gp_ward|Kurukshetra|Babain|||Ram Nagar|3||,2,haryana/gp_ward/2022,3c0ab5b7205a
Haryana|2022|||gp_ward|Kurukshetra|Babain|||Ram Nagar|3||,2,haryana/gp_ward/2022,b32a8e0212c3
Haryana|2022|||gp_ward|Kurukshetra|Babain|||Ram Nagar|4||,2,haryana/gp_ward/2022,a4f02b1306bd
Haryana|2022|||gp_ward|Kurukshetra|Babain|||Ram Nagar|4||,2,haryana/gp_ward/2022,32724f0375ea
Haryana|2022|||gp_ward|Kurukshetra|Babain|||Ram Nagar|5||,2,haryana/gp_ward/2022,83dea73b0d3d
Haryana|2022|||gp_ward|Kurukshetra|Babain|||Ram Nagar|5||,2,haryana/gp_ward/2022,338deb23a441
Haryana|2022|||gp_ward|Kurukshetra|Babain|||Ram Nagar|6||,2,haryana/gp_ward/2022,cd3ae9a35a37
Haryana|2022|||gp_ward|Kurukshetra|Babain|||Ram Nagar|6||,2,haryana/gp_ward/2022,7ef123e0fd6b
Haryana|2022|||gp_ward|Palwal|Hathin|||Mandnaka|1||,2,haryana/gp_ward/2022,8569b79a3135
Haryana|2022|||gp_ward|Palwal|Hathin|||Mandnaka|1||,2,haryana/gp_ward/2022,e0479a44bb4d
Haryana|2022|||gp_ward|Palwal|Hathin|||Mandnaka|2||,2,haryana/gp_ward/2022,b8c85e7b23f4
Haryana|2022|||gp_ward|Palwal|Hathin|||Mandnaka|2||,2,haryana/gp_ward/2022,b89b778fbbdd
Haryana|2022|||gp_ward|Palwal|Hathin|||Mandnaka|3||,2,haryana/gp_ward/2022,966f1aeceed8
Haryana|2022|||gp_ward|Palwal|Hathin|||Mandnaka|3||,2,haryana/gp_ward/2022,d3e5837acdaf
Haryana|2022|||gp_ward|Palwal|Hathin|||Mandnaka|4||,2,haryana/gp_ward/2022,51c524896f94
Haryana|2022|||gp_ward|Palwal|Hathin|||Mandnaka|4||,2,haryana/gp_ward/2022,f8864ae866a8
Haryana|2022|||gp_ward|Palwal|Hathin|||Mandnaka|5||,2,haryana/gp_ward/2022,232f0af12312
Haryana|2022|||gp_ward|Palwal|Hathin|||Mandnaka|5||,2,haryana/gp_ward/2022,5a2c6f853e5d
Haryana|2022|||gp_ward|Palwal|Hathin|||Mandnaka|6||,2,haryana/gp_ward/2022,d8e59a5ff093
Haryana|2022|||gp_ward|Palwal|Hathin|||Mandnaka|6||,2,haryana/gp_ward/2022,3d4649e70189
Haryana|2022|||gp_ward|Palwal|Hathin|||Mandnaka|7||,2,haryana/gp_ward/2022,cd9aa715c028
Haryana|2022|||gp_ward|Palwal|Hathin|||Mandnaka|7||,2,haryana/gp_ward/2022,e16fb5e1444c
Haryana|2022|||gp_ward|Palwal|Hathin|||Mandnaka|8||,2,haryana/gp_ward/2022,a77bc78ea55e
Haryana|2022|||gp_ward|Palwal|Hathin|||Mandnaka|8||,2,haryana/gp_ward/2022,62b096df88b0
Haryana|2022|||gp_ward|Palwal|Hathin|||Mandnaka|9||,2,haryana/gp_ward/2022,56a2ff72c6c0
Haryana|2022|||gp_ward|Palwal|Hathin|||Mandnaka|9||,2,haryana/gp_ward/2022,80964d92a08c
Haryana|2022|||gp_ward|Palwal|Prithla|||Harfali|1||,2,haryana/gp_ward/2022,9edff3bd775d
Haryana|2022|||gp_ward|Palwal|Prithla|||Harfali|1||,2,haryana/gp_ward/2022,7cd3e0a5483c
Haryana|2022|||gp_ward|Palwal|Prithla|||Harfali|2||,2,haryana/gp_ward/2022,f89cc338ba92
Haryana|2022|||gp_ward|Palwal|Prithla|||Harfali|2||,2,haryana/gp_ward/2022,89dd8cab245e
Haryana|2022|||gp_ward|Palwal|Prithla|||Harfali|3||,2,haryana/gp_ward/2022,b8005607e12b
Haryana|2022|||gp_ward|Palwal|Prithla|||Harfali|3||,2,haryana/gp_ward/2022,582205562e7a
Haryana|2022|||gp_ward|Palwal|Prithla|||Harfali|4||,2,haryana/gp_ward/2022,8258c70fab0e
Haryana|2022|||gp_ward|Palwal|Prithla|||Harfali|4||,2,haryana/gp_ward/2022,f60fa0952eed
Haryana|2022|||gp_ward|Palwal|Prithla|||Harfali|5||,2,haryana/gp_ward/2022,04c47765d56f
Haryana|2022|||gp_ward|Palwal|Prithla|||Harfali|5||,2,haryana/gp_ward/2022,5c447032e32c
Haryana|2022|||gp_ward|Palwal|Prithla|||Harfali|6||,2,haryana/gp_ward/2022,138b7aa470cf
Haryana|2022|||gp_ward|Palwal|Prithla|||Harfali|6||,2,haryana/gp_ward/2022,bf422795b2cb
Haryana|2022|||gp_ward|Palwal|Prithla|||Harfali|7||,2,haryana/gp_ward/2022,3343593819fd
Haryana|2022|||gp_ward|Palwal|Prithla|||Harfali|7||,2,haryana/gp_ward/2022,75765aa4ae29
Haryana|2022|||gp_ward|Palwal|Prithla|||Harfali|8||,2,haryana/gp_ward/2022,098afb4a0bf3
Haryana|2022|||gp_ward|Palwal|Prithla|||Harfali|8||,2,haryana/gp_ward/2022,f804e02898af
Haryana|2022|||gp_ward|Palwal|Prithla|||Harfali|9||,2,haryana/gp_ward/2022,d66412a9487e
Haryana|2022|||gp_ward|Palwal|Prithla|||Harfali|9||,2,haryana/gp_ward/2022,a90b6c8a0676
Haryana|2022|||gp_ward|Palwal|Prithla|||Patli Khurd|1||,2,haryana/gp_ward/2022,5c37b502993a
Haryana|2022|||gp_ward|Palwal|Prithla|||Patli Khurd|1||,2,haryana/gp_ward/2022,35c3add39e82
Haryana|2022|||gp_ward|Palwal|Prithla|||Patli Khurd|2||,2,haryana/gp_ward/2022,61e57df14e64
Haryana|2022|||gp_ward|Palwal|Prithla|||Patli Khurd|2||,2,haryana/gp_ward/2022,7746e75c4ef0
Haryana|2022|||gp_ward|Palwal|Prithla|||Patli Khurd|3||,2,haryana/gp_ward/2022,aebb897544c6
Haryana|2022|||gp_ward|Palwal|Prithla|||Patli Khurd|3||,2,haryana/gp_ward/2022,7799f9822b1b
Haryana|2022|||gp_ward|Palwal|Prithla|||Patli Khurd|4||,2,haryana/gp_ward/2022,02bf19b73407
Haryana|2022|||gp_ward|Palwal|Prithla|||Patli Khurd|4||,2,haryana/gp_ward/2022,041f6869d24f
Haryana|2022|||gp_ward|Palwal|Prithla|||Patli Khurd|5||,2,haryana/gp_ward/2022,d96ca4988f0d
Haryana|2022|||gp_ward|Palwal|Prithla|||Patli Khurd|5||,2,haryana/gp_ward/2022,f19e665a71aa
Haryana|2022|||gp_ward|Palwal|Prithla|||Patli Khurd|6||,2,haryana/gp_ward/2022,8bf7bfdb8125
Haryana|2022|||gp_ward|Palwal|Prithla|||Patli Khurd|6||,2,haryana/gp_ward/2022,25687325e3ec
Haryana|2022|||gp_ward|Palwal|Prithla|||Patli Khurd|7||,2,haryana/gp_ward/2022,32ff593cd26a
Haryana|2022|||gp_ward|Palwal|Prithla|||Patli Khurd|7||,2,haryana/gp_ward/2022,aa2908caee9e
Haryana|2022|||gp_ward|Palwal|Prithla|||Patli Khurd|8||,2,haryana/gp_ward/2022,652d1b2143ff
Haryana|2022|||gp_ward|Palwal|Prithla|||Patli Khurd|8||,2,haryana/gp_ward/2022,d41587236af1
Haryana|2022|||gp_ward|Palwal|Prithla|||Patli Khurd|9||,2,haryana/gp_ward/2022,920072bd544f
Haryana|2022|||gp_ward|Palwal|Prithla|||Patli Khurd|9||,2,haryana/gp_ward/2022,b24e0f1f3ef8
Haryana|2022|||gp_ward|Sirsa|Nathusari Chopta|||Sahuwala- Iind|1||,2,haryana/gp_ward/2022,9deb93083980
Haryana|2022|||gp_ward|Sirsa|Nathusari Chopta|||Sahuwala- Iind|1||,2,haryana/gp_ward/2022,fdcac851c651
Haryana|2022|||gp_ward|Sirsa|Nathusari Chopta|||Sahuwala- Iind|2||,2,haryana/gp_ward/2022,d40727f5fe02
Haryana|2022|||gp_ward|Sirsa|Nathusari Chopta|||Sahuwala- Iind|2||,2,haryana/gp_ward/2022,ca5051e80dc6
Haryana|2022|||gp_ward|Sirsa|Nathusari Chopta|||Sahuwala- Iind|3||,2,haryana/gp_ward/2022,86cc035d153d
Haryana|2022|||gp_ward|Sirsa|Nathusari Chopta|||Sahuwala- Iind|3||,2,haryana/gp_ward/2022,fb2b5522dac5
Haryana|2022|||gp_ward|Sirsa|Nathusari Chopta|||Sahuwala- Iind|4||,2,haryana/gp_ward/2022,a43585688983
Haryana|2022|||gp_ward|Sirsa|Nathusari Chopta|||Sahuwala- Iind|4||,2,haryana/gp_ward/2022,c0fbebed4420
Haryana|2022|||gp_ward|Sirsa|Nathusari Chopta|||Sahuwala- Iind|5||,2,haryana/gp_ward/2022,66d51d768b25
Haryana|2022|||gp_ward|Sirsa|Nathusari Chopta|||Sahuwala- Iind|5||,2,haryana/gp_ward/2022,57ab7b9ca2c7
Haryana|2022|||gp_ward|Sirsa|Nathusari Chopta|||Sahuwala- Iind|6||,2,haryana/gp_ward/2022,dc77699efda8
Haryana|2022|||gp_ward|Sirsa|Nathusari Chopta|||Sahuwala- Iind|6||,2,haryana/gp_ward/2022,25ef18b5ade4
Haryana|2022|||gp_ward|Sirsa|Nathusari Chopta|||Sahuwala- Iind|7||,2,haryana/gp_ward/2022,5b03c716ae71
Haryana|2022|||gp_ward|Sirsa|Nathusari Chopta|||Sahuwala- Iind|7||,2,haryana/gp_ward/2022,7a34e616a900
Haryana|2022|||gp_ward|Sirsa|Nathusari Chopta|||Sahuwala- Iind|8||,2,haryana/gp_ward/2022,49a0943a703b
Haryana|2022|||gp_ward|Sirsa|Nathusari Chopta|||Sahuwala- Iind|8||,2,haryana/gp_ward/2022,1033be9987ef
Haryana|2022|||gp_ward|Sirsa|Nathusari Chopta|||Sahuwala- Iind|9||,2,haryana/gp_ward/2022,cf01b9cab32c
Haryana|2022|||gp_ward|Sirsa|Nathusari Chopta|||Sahuwala- Iind|9||,2,haryana/gp_ward/2022,562168bae4c2
Haryana|2022|||gp_ward|Sonipat|Gohana|||Jasrana|10||,2,haryana/gp_ward/2022,aab49d576e15
Haryana|2022|||gp_ward|Sonipat|Gohana|||Jasrana|10||,2,haryana/gp_ward/2022,23114af29e61
Haryana|2022|||gp_ward|Sonipat|Gohana|||Jasrana|11||,2,haryana/gp_ward/2022,52f809152d54
Haryana|2022|||gp_ward|Sonipat|Gohana|||Jasrana|11||,2,haryana/gp_ward/2022,d3c7d92e2753
Haryana|2022|||gp_ward|Sonipat|Gohana|||Jasrana|12||,2,haryana/gp_ward/2022,d05f423c5100
Haryana|2022|||gp_ward|Sonipat|Gohana|||Jasrana|12||,2,haryana/gp_ward/2022,42d688a23705
Haryana|2022|||gp_ward|Sonipat|Gohana|||Jasrana|13||,2,haryana/gp_ward/2022,2573eb7356e3
Haryana|2022|||gp_ward|Sonipat|Gohana|||Jasrana|13||,2,haryana/gp_ward/2022,6b3ffc1737fa
Haryana|2022|||gp_ward|Sonipat|Gohana|||Jasrana|1||,2,haryana/gp_ward/2022,6ceaf0046a1f
Haryana|2022|||gp_ward|Sonipat|Gohana|||Jasrana|1||,2,haryana/gp_ward/2022,727a24280d47
Haryana|2022|||gp_ward|Sonipat|Gohana|||Jasrana|2||,2,haryana/gp_ward/2022,19ec8f4215a9
Haryana|2022|||gp_ward|Sonipat|Gohana|||Jasrana|2||,2,haryana/gp_ward/2022,ade08301a13f
Haryana|2022|||gp_ward|Sonipat|Gohana|||Jasrana|3||,2,haryana/gp_ward/2022,400704d8c379
Haryana|2022|||gp_ward|Sonipat|Gohana|||Jasrana|3||,2,haryana/gp_ward/2022,49e3eab2b09c
Haryana|2022|||gp_ward|Sonipat|Gohana|||Jasrana|4||,2,haryana/gp_ward/2022,a92b4bbc9930
Haryana|2022|||gp_ward|Sonipat|Gohana|||Jasrana|4||,2,haryana/gp_ward/2022,aed4efa1fc26
Haryana|2022|||gp_ward|Sonipat|Gohana|||Jasrana|5||,2,haryana/gp_ward/2022,c5a5e7acaee5
Haryana|2022|||gp_ward|Sonipat|Gohana|||Jasrana|5||,2,haryana/gp_ward/2022,f72591a0f9e4
Haryana|2022|||gp_ward|Sonipat|Gohana|||Jasrana|6||,2,haryana/gp_ward/2022,28464e607923
Haryana|2022|||gp_ward|Sonipat|Gohana|||Jasrana|6||,2,haryana/gp_ward/2022,84deac883f00
Haryana|2022|||gp_ward|Sonipat|Gohana|||Jasrana|7||,2,haryana/gp_ward/2022,3caaf31f8c93
Haryana|2022|||gp_ward|Sonipat|Gohana|||Jasrana|7||,2,haryana/gp_ward/2022,c4627f53a132
Haryana|2022|||gp_ward|Sonipat|Gohana|||Jasrana|8||,2,haryana/gp_ward/2022,876dcb70a4cd
Haryana|2022|||gp_ward|Sonipat|Gohana|||Jasrana|8||,2,haryana/gp_ward/2022,23a9d081161a
Haryana|2022|||gp_ward|Sonipat|Gohana|||Jasrana|9||,2,haryana/gp_ward/2022,ad090cb08e89
Haryana|2022|||gp_ward|Sonipat|Gohana|||Jasrana|9||,2,haryana/gp_ward/2022,39838f047344
Jammu & Kashmir|2018|||gp_ward|Kupwara|Drugmulla|||Gonipora|PC-II|Gonipora|,2,jammu_and_kashmir/gp_ward/2018,9a2db55590c4
Jammu & Kashmir|2018|||gp_ward|Kupwara|Drugmulla|||Gonipora|PC-II|Gonipora|,2,jammu_and_kashmir/gp_ward/2018,81fc27eaf238
Jammu & Kashmir|2018|||gp_ward|Kupwara|Drugmulla|||Gonipora|PC-V|Gonipora|,2,jammu_and_kashmir/gp_ward/2018,3c86a82e6a97
Jammu & Kashmir|2018|||gp_ward|Kupwara|Drugmulla|||Gonipora|PC-V|Gonipora|,2,jammu_and_kashmir/gp_ward/2018,8a05fd3e5180
Jammu & Kashmir|2018|||gp_ward|Kupwara|Natnussa|||Kawari|PC-II|Kawari|,2,jammu_and_kashmir/gp_ward/2018,90ce309eacd7
Jammu & Kashmir|2018|||gp_ward|Kupwara|Natnussa|||Kawari|PC-II|Kawari|,2,jammu_and_kashmir/gp_ward/2018,4b34b4d4d741
Jammu & Kashmir|2018|||gp_ward|Kupwara|Natnussa|||Kawari|PC-V|Kawari|,2,jammu_and_kashmir/gp_ward/2018,41cc387e3762
Jammu & Kashmir|2018|||gp_ward|Kupwara|Natnussa|||Kawari|PC-V|Kawari|,2,jammu_and_kashmir/gp_ward/2018,649c590e0589
Jammu & Kashmir|2018|||gp_ward|Kupwara|Tarathpora|||Khurhama B|PC-II|Khurhama B|,2,jammu_and_kashmir/gp_ward/2018,2e8df17e7bde
Jammu & Kashmir|2018|||gp_ward|Kupwara|Tarathpora|||Khurhama B|PC-II|Khurhama B|,2,jammu_and_kashmir/gp_ward/2018,ef29864ac35d
Jammu & Kashmir|2018|||gp_ward|Pulwama|Pulwama|||Aglar A|PC-II|Aglar|,2,jammu_and_kashmir/gp_ward/2018,90a73cd53207
Jammu & Kashmir|2018|||gp_ward|Pulwama|Pulwama|||Aglar A|PC-II|Aglar|,2,jammu_and_kashmir/gp_ward/2018,922b61ff7e7a
Jammu & Kashmir|2018|||gp_ward|Pulwama|Pulwama|||Aglar A|PC-V|Aglar|,2,jammu_and_kashmir/gp_ward/2018,b34d46e8a3be
Jammu & Kashmir|2018|||gp_ward|Pulwama|Pulwama|||Aglar A|PC-V|Aglar|,2,jammu_and_kashmir/gp_ward/2018,26387e2d0f75
Jharkhand|2015|||block_member|East Singhbhum|||||||10,2,jharkhand/block_member/2015,0bef560a3659
Jharkhand|2015|||block_member|East Singhbhum|||||||10,2,jharkhand/block_member/2015,73269be0ab2a
Jharkhand|2015|||block_member|East Singhbhum|||||||11,2,jharkhand/block_member/2015,dcdbdc5f27a8
Jharkhand|2015|||block_member|East Singhbhum|||||||11,2,jharkhand/block_member/2015,316bb57b623e
Jharkhand|2015|||block_member|East Singhbhum|||||||12,2,jharkhand/block_member/2015,230188352662
Jharkhand|2015|||block_member|East Singhbhum|||||||12,2,jharkhand/block_member/2015,56f0edc9f845
Jharkhand|2015|||block_member|East Singhbhum|||||||13,2,jharkhand/block_member/2015,27af903e3ebe
Jharkhand|2015|||block_member|East Singhbhum|||||||13,2,jharkhand/block_member/2015,7ad33019c3ec
Jharkhand|2015|||block_member|East Singhbhum|||||||14,2,jharkhand/block_member/2015,5b681fd15b39
Jharkhand|2015|||block_member|East Singhbhum|||||||14,2,jharkhand/block_member/2015,6d3ce73c2312
Jharkhand|2015|||block_member|East Singhbhum|||||||15,2,jharkhand/block_member/2015,6b7ad1484265
Jharkhand|2015|||block_member|East Singhbhum|||||||15,2,jharkhand/block_member/2015,a7e65de49c15
Jharkhand|2015|||block_member|East Singhbhum|||||||16,2,jharkhand/block_member/2015,7726fb9aded0
Jharkhand|2015|||block_member|East Singhbhum|||||||16,2,jharkhand/block_member/2015,22af873437b7
Jharkhand|2015|||block_member|East Singhbhum|||||||17,2,jharkhand/block_member/2015,5d08db99ffae
Jharkhand|2015|||block_member|East Singhbhum|||||||17,2,jharkhand/block_member/2015,c80ced315ff2
Jharkhand|2015|||block_member|Hazaribag|||01|ईचाक|||,2,jharkhand/block_member/2015,bec048bb968b
Jharkhand|2015|||block_member|Hazaribag|||01|ईचाक|||,2,jharkhand/block_member/2015,d4122f31c445
Jharkhand|2015|||block_member|Hazaribag|||01|कटकमदाग|||,2,jharkhand/block_member/2015,63adade31a6b
Jharkhand|2015|||block_member|Hazaribag|||01|कटकमदाग|||,2,jharkhand/block_member/2015,513fda4835b1
Jharkhand|2015|||block_member|Hazaribag|||01|कटकमसांडी|||,2,jharkhand/block_member/2015,db8e8f70a575
Jharkhand|2015|||block_member|Hazaribag|||01|कटकमसांडी|||,2,jharkhand/block_member/2015,0c95314fb8fa
Jharkhand|2015|||block_member|Hazaribag|||01|केरेडारी|||,2,jharkhand/block_member/2015,e47b2311f9ae
Jharkhand|2015|||block_member|Hazaribag|||01|केरेडारी|||,2,jharkhand/block_member/2015,814d53c6fbb0
Jharkhand|2015|||block_member|Hazaribag|||01|चुरचू|||,2,jharkhand/block_member/2015,0c92cd700c26
Jharkhand|2015|||block_member|Hazaribag|||01|चुरचू|||,2,jharkhand/block_member/2015,789c014b69ce
Jharkhand|2015|||block_member|Hazaribag|||01|टाटीझरिया|||,2,jharkhand/block_member/2015,9152819300cc
Jharkhand|2015|||block_member|Hazaribag|||01|टाटीझरिया|||,2,jharkhand/block_member/2015,a6f55d5ca84c
Jharkhand|2015|||block_member|Hazaribag|||01|दारु|||,2,jharkhand/block_member/2015,aa4539661892
Jharkhand|2015|||block_member|Hazaribag|||01|दारु|||,2,jharkhand/block_member/2015,2fe45b7fe499
Jharkhand|2015|||block_member|Hazaribag|||01|विष्णुगढ़|||,2,jharkhand/block_member/2015,35d69ef98508
Jharkhand|2015|||block_member|Hazaribag|||01|विष्णुगढ़|||,2,jharkhand/block_member/2015,d90f5c5237aa
Jharkhand|2015|||block_member|Hazaribag|||01|सदर|||,2,jharkhand/block_member/2015,5e4eaa66bdb4
Jharkhand|2015|||block_member|Hazaribag|||01|सदर|||,2,jharkhand/block_member/2015,fc23b6a90fd6
Jharkhand|2015|||block_member|Hazaribag|||02|ईचाक|||,2,jharkhand/block_member/2015,c72b5f4d6646
Jharkhand|2015|||block_member|Hazaribag|||02|ईचाक|||,2,jharkhand/block_member/2015,34633c8ffd9e
Jharkhand|2015|||block_member|Hazaribag|||02|कटकमदाग|||,2,jharkhand/block_member/2015,13c20b27c94d
Jharkhand|2015|||block_member|Hazaribag|||02|कटकमदाग|||,2,jharkhand/block_member/2015,74e201c1513c
Jharkhand|2015|||block_member|Hazaribag|||02|कटकमसांडी|||,2,jharkhand/block_member/2015,940b5af9b63c
Jharkhand|2015|||block_member|Hazaribag|||02|कटकमसांडी|||,2,jharkhand/block_member/2015,c00e454c0834
Jharkhand|2015|||block_member|Hazaribag|||02|केरेडारी|||,2,jharkhand/block_member/2015,f9721e276f4b
Jharkhand|2015|||block_member|Hazaribag|||02|केरेडारी|||,2,jharkhand/block_member/2015,8d4a30a95650
Jharkhand|2015|||block_member|Hazaribag|||02|चुरचू|||,2,jharkhand/block_member/2015,cacf6e5b84ef
Jharkhand|2015|||block_member|Hazaribag|||02|चुरचू|||,2,jharkhand/block_member/2015,b429392332e3
Jharkhand|2015|||block_member|Hazaribag|||02|टाटीझरिया|||,2,jharkhand/block_member/2015,1548282e5499
Jharkhand|2015|||block_member|Hazaribag|||02|टाटीझरिया|||,2,jharkhand/block_member/2015,560058c1e36d
Jharkhand|2015|||block_member|Hazaribag|||02|दारु|||,2,jharkhand/block_member/2015,e76548707651
Jharkhand|2015|||block_member|Hazaribag|||02|दारु|||,2,jharkhand/block_member/2015,6899d19f1698
Jharkhand|2015|||block_member|Hazaribag|||02|बड़कागाँव|||,2,jharkhand/block_member/2015,a9eca27c11a1
Jharkhand|2015|||block_member|Hazaribag|||02|बड़कागाँव|||,2,jharkhand/block_member/2015,fffaf8d1b939
Jharkhand|2015|||block_member|Hazaribag|||02|विष्णुगढ़|||,2,jharkhand/block_member/2015,68817cf30673
Jharkhand|2015|||block_member|Hazaribag|||02|विष्णुगढ़|||,2,jharkhand/block_member/2015,caccaab379e2
Jharkhand|2015|||block_member|Hazaribag|||02|सदर|||,2,jharkhand/block_member/2015,1293b7139414
Jharkhand|2015|||block_member|Hazaribag|||02|सदर|||,2,jharkhand/block_member/2015,7d5e5709355f
Jharkhand|2015|||block_member|Hazaribag|||03|ईचाक|||,2,jharkhand/block_member/2015,a8f81b71e1d6
Jharkhand|2015|||block_member|Hazaribag|||03|ईचाक|||,2,jharkhand/block_member/2015,f515101eb805
Jharkhand|2015|||block_member|Hazaribag|||03|कटकमदाग|||,2,jharkhand/block_member/2015,3fd9a4633751
Jharkhand|2015|||block_member|Hazaribag|||03|कटकमदाग|||,2,jharkhand/block_member/2015,760982beeba6
Jharkhand|2015|||block_member|Hazaribag|||03|कटकमसांडी|||,2,jharkhand/block_member/2015,b186e36c0f4d
Jharkhand|2015|||block_member|Hazaribag|||03|कटकमसांडी|||,2,jharkhand/block_member/2015,4101ff7d9187
Jharkhand|2015|||block_member|Hazaribag|||03|केरेडारी|||,2,jharkhand/block_member/2015,99dcd95e15dc
Jharkhand|2015|||block_member|Hazaribag|||03|केरेडारी|||,2,jharkhand/block_member/2015,ad32fc738aa8
Jharkhand|2015|||block_member|Hazaribag|||03|चुरचू|||,2,jharkhand/block_member/2015,9ad81c1dd051
Jharkhand|2015|||block_member|Hazaribag|||03|चुरचू|||,2,jharkhand/block_member/2015,3ad51e9dd666
Jharkhand|2015|||block_member|Hazaribag|||03|टाटीझरिया|||,2,jharkhand/block_member/2015,0145a5a4cbea
Jharkhand|2015|||block_member|Hazaribag|||03|टाटीझरिया|||,2,jharkhand/block_member/2015,060360ca3ae9
Jharkhand|2015|||block_member|Hazaribag|||03|दारु|||,2,jharkhand/block_member/2015,de68b1bb64d8
Jharkhand|2015|||block_member|Hazaribag|||03|दारु|||,2,jharkhand/block_member/2015,96c2215270b2
Jharkhand|2015|||block_member|Hazaribag|||03|बड़कागाँव|||,2,jharkhand/block_member/2015,ae4699f915e8
Jharkhand|2015|||block_member|Hazaribag|||03|बड़कागाँव|||,2,jharkhand/block_member/2015,ff422064a642
Jharkhand|2015|||block_member|Hazaribag|||03|विष्णुगढ़|||,2,jharkhand/block_member/2015,1b2678c5b356
Jharkhand|2015|||block_member|Hazaribag|||03|विष्णुगढ़|||,2,jharkhand/block_member/2015,b96c20cd03a1
Jharkhand|2015|||block_member|Hazaribag|||03|सदर|||,2,jharkhand/block_member/2015,9c86377cb2e0
Jharkhand|2015|||block_member|Hazaribag|||03|सदर|||,2,jharkhand/block_member/2015,ba16c58197ea
Jharkhand|2015|||block_member|Hazaribag|||04|ईचाक|||,2,jharkhand/block_member/2015,9e3d143230b7
Jharkhand|2015|||block_member|Hazaribag|||04|ईचाक|||,2,jharkhand/block_member/2015,d7c28db0b87c
Jharkhand|2015|||block_member|Hazaribag|||04|कटकमदाग|||,2,jharkhand/block_member/2015,1fb799f9b8ae
Jharkhand|2015|||block_member|Hazaribag|||04|कटकमदाग|||,2,jharkhand/block_member/2015,ba0e6190d674
Jharkhand|2015|||block_member|Hazaribag|||04|कटकमसांडी|||,2,jharkhand/block_member/2015,5db54d2ff990
Jharkhand|2015|||block_member|Hazaribag|||04|कटकमसांडी|||,2,jharkhand/block_member/2015,a3ef808a736f
Jharkhand|2015|||block_member|Hazaribag|||04|केरेडारी|||,2,jharkhand/block_member/2015,cc7e06249008
Jharkhand|2015|||block_member|Hazaribag|||04|केरेडारी|||,2,jharkhand/block_member/2015,5319dda1466a
Jharkhand|2015|||block_member|Hazaribag|||04|चुरचू|||,2,jharkhand/block_member/2015,1d0acb3cacf0
Jharkhand|2015|||block_member|Hazaribag|||04|चुरचू|||,2,jharkhand/block_member/2015,4720bdabb3c7
Jharkhand|2015|||block_member|Hazaribag|||04|टाटीझरिया|||,2,jharkhand/block_member/2015,d9e8b986a60f
Jharkhand|2015|||block_member|Hazaribag|||04|टाटीझरिया|||,2,jharkhand/block_member/2015,0bd209399141
Jharkhand|2015|||block_member|Hazaribag|||04|दारु|||,2,jharkhand/block_member/2015,199fda570529
Jharkhand|2015|||block_member|Hazaribag|||04|दारु|||,2,jharkhand/block_member/2015,d9b8e6bbf5e2
Jharkhand|2015|||block_member|Hazaribag|||04|बड़कागाँव|||,2,jharkhand/block_member/2015,dd80d38110a8
Jharkhand|2015|||block_member|Hazaribag|||04|बड़कागाँव|||,2,jharkhand/block_member/2015,c75a6af961a8
Jharkhand|2015|||block_member|Hazaribag|||04|विष्णुगढ़|||,2,jharkhand/block_member/2015,0e4ff22ad36b
Jharkhand|2015|||block_member|Hazaribag|||04|विष्णुगढ़|||,2,jharkhand/block_member/2015,7bd85b3cbdeb
Jharkhand|2015|||block_member|Hazaribag|||04|सदर|||,2,jharkhand/block_member/2015,6f3e3db1302e
Jharkhand|2015|||block_member|Hazaribag|||04|सदर|||,2,jharkhand/block_member/2015,9f478d2d4432
Jharkhand|2015|||block_member|Hazaribag|||05|ईचाक|||,2,jharkhand/block_member/2015,b7ac4fe1b190
Jharkhand|2015|||block_member|Hazaribag|||05|ईचाक|||,2,jharkhand/block_member/2015,cb5144098574
Jharkhand|2015|||block_member|Hazaribag|||05|कटकमदाग|||,2,jharkhand/block_member/2015,4769387f69fb
Jharkhand|2015|||block_member|Hazaribag|||05|कटकमदाग|||,2,jharkhand/block_member/2015,244dd516c2b3
Jharkhand|2015|||block_member|Hazaribag|||05|कटकमसांडी|||,2,jharkhand/block_member/2015,d289671b8dc4
Jharkhand|2015|||block_member|Hazaribag|||05|कटकमसांडी|||,2,jharkhand/block_member/2015,3009c30873d6
Jharkhand|2015|||block_member|Hazaribag|||05|केरेडारी|||,2,jharkhand/block_member/2015,0bf590d19066
Jharkhand|2015|||block_member|Hazaribag|||05|केरेडारी|||,2,jharkhand/block_member/2015,aac9a0f36d79
Jharkhand|2015|||block_member|Hazaribag|||05|चुरचू|||,2,jharkhand/block_member/2015,4cb21ffa6912
Jharkhand|2015|||block_member|Hazaribag|||05|चुरचू|||,2,jharkhand/block_member/2015,9846fa30967d
Jharkhand|2015|||block_member|Hazaribag|||05|टाटीझरिया|||,2,jharkhand/block_member/2015,0b8f59f6daf7
Jharkhand|2015|||block_member|Hazaribag|||05|टाटीझरिया|||,2,jharkhand/block_member/2015,9871cad53997
Jharkhand|2015|||block_member|Hazaribag|||05|दारु|||,2,jharkhand/block_member/2015,8587f2fd358c
Jharkhand|2015|||block_member|Hazaribag|||05|दारु|||,2,jharkhand/block_member/2015,36d47904ee49
Jharkhand|2015|||block_member|Hazaribag|||05|बड़कागाँव|||,2,jharkhand/block_member/2015,fed0ce63e044
Jharkhand|2015|||block_member|Hazaribag|||05|बड़कागाँव|||,2,jharkhand/block_member/2015,7525ddc765da
Jharkhand|2015|||block_member|Hazaribag|||05|विष्णुगढ़|||,2,jharkhand/block_member/2015,60283de459b7
Jharkhand|2015|||block_member|Hazaribag|||05|विष्णुगढ़|||,2,jharkhand/block_member/2015,40ebdf4ac2b5
Jharkhand|2015|||block_member|Hazaribag|||05|सदर|||,2,jharkhand/block_member/2015,455fb77b4ac9
Jharkhand|2015|||block_member|Hazaribag|||05|सदर|||,2,jharkhand/block_member/2015,2085eb8344c0
Jharkhand|2015|||block_member|Hazaribag|||06|ईचाक|||,2,jharkhand/block_member/2015,427fdd46388d
Jharkhand|2015|||block_member|Hazaribag|||06|ईचाक|||,2,jharkhand/block_member/2015,26b875cf5a41
Jharkhand|2015|||block_member|Hazaribag|||06|कटकमदाग|||,2,jharkhand/block_member/2015,c13c88747f7f
Jharkhand|2015|||block_member|Hazaribag|||06|कटकमदाग|||,2,jharkhand/block_member/2015,371e622b87f6
Jharkhand|2015|||block_member|Hazaribag|||06|कटकमसांडी|||,2,jharkhand/block_member/2015,8cafb54d3fc6
Jharkhand|2015|||block_member|Hazaribag|||06|कटकमसांडी|||,2,jharkhand/block_member/2015,6ea9386c45fd
Jharkhand|2015|||block_member|Hazaribag|||06|केरेडारी|||,2,jharkhand/block_member/2015,8adb10ecdfed
Jharkhand|2015|||block_member|Hazaribag|||06|केरेडारी|||,2,jharkhand/block_member/2015,5c6f2ef6c001
Jharkhand|2015|||block_member|Hazaribag|||06|चुरचू|||,2,jharkhand/block_member/2015,98a46578bbe7
Jharkhand|2015|||block_member|Hazaribag|||06|चुरचू|||,2,jharkhand/block_member/2015,d6c46e3a9c27
Jharkhand|2015|||block_member|Hazaribag|||06|टाटीझरिया|||,2,jharkhand/block_member/2015,bbb0fcdf9708
Jharkhand|2015|||block_member|Hazaribag|||06|टाटीझरिया|||,2,jharkhand/block_member/2015,21a0bcff01d3
Jharkhand|2015|||block_member|Hazaribag|||06|दारु|||,2,jharkhand/block_member/2015,f4495261019d
Jharkhand|2015|||block_member|Hazaribag|||06|दारु|||,2,jharkhand/block_member/2015,a4c94d7cea68
Jharkhand|2015|||block_member|Hazaribag|||06|बड़कागाँव|||,2,jharkhand/block_member/2015,99fcde8c726e
Jharkhand|2015|||block_member|Hazaribag|||06|बड़कागाँव|||,2,jharkhand/block_member/2015,cfc7f3699eb3
Jharkhand|2015|||block_member|Hazaribag|||06|विष्णुगढ़|||,2,jharkhand/block_member/2015,31a6a80e5ce0
Jharkhand|2015|||block_member|Hazaribag|||06|विष्णुगढ़|||,2,jharkhand/block_member/2015,3a7d93bf872b
Jharkhand|2015|||block_member|Hazaribag|||06|सदर|||,2,jharkhand/block_member/2015,ab8863174fdb
Jharkhand|2015|||block_member|Hazaribag|||06|सदर|||,2,jharkhand/block_member/2015,b5169dd97ee7
Jharkhand|2015|||block_member|Hazaribag|||07|ईचाक|||,2,jharkhand/block_member/2015,a9bd9f8a5c32
Jharkhand|2015|||block_member|Hazaribag|||07|ईचाक|||,2,jharkhand/block_member/2015,eefd2319c5f4
Jharkhand|2015|||block_member|Hazaribag|||07|कटकमदाग|||,2,jharkhand/block_member/2015,8ae72fbe3c24
Jharkhand|2015|||block_member|Hazaribag|||07|कटकमदाग|||,2,jharkhand/block_member/2015,2b157ff45faf
Jharkhand|2015|||block_member|Hazaribag|||07|कटकमसांडी|||,2,jharkhand/block_member/2015,ef96a5ad4630
Jharkhand|2015|||block_member|Hazaribag|||07|कटकमसांडी|||,2,jharkhand/block_member/2015,c3ec73bdaf3f
Jharkhand|2015|||block_member|Hazaribag|||07|केरेडारी|||,2,jharkhand/block_member/2015,d55d960edf9f
Jharkhand|2015|||block_member|Hazaribag|||07|केरेडारी|||,2,jharkhand/block_member/2015,248a767537fc
Jharkhand|2015|||block_member|Hazaribag|||07|चुरचू|||,2,jharkhand/block_member/2015,d7977c226f62
Jharkhand|2015|||block_member|Hazaribag|||07|चुरचू|||,2,jharkhand/block_member/2015,6352b83ea7a8
Jharkhand|2015|||block_member|Hazaribag|||07|टाटीझरिया|||,2,jharkhand/block_member/2015,23ecd3ac286d
Jharkhand|2015|||block_member|Hazaribag|||07|टाटीझरिया|||,2,jharkhand/block_member/2015,abccbebdd0b6
Jharkhand|2015|||block_member|Hazaribag|||07|दारु|||,2,jharkhand/block_member/2015,1a3c4e2ea28c
Jharkhand|2015|||block_member|Hazaribag|||07|दारु|||,2,jharkhand/block_member/2015,367b58a0445d
Jharkhand|2015|||block_member|Hazaribag|||07|बड़कागाँव|||,2,jharkhand/block_member/2015,666ba5765b20
Jharkhand|2015|||block_member|Hazaribag|||07|बड़कागाँव|||,2,jharkhand/block_member/2015,eaf654bdbf76
Jharkhand|2015|||block_member|Hazaribag|||07|विष्णुगढ़|||,2,jharkhand/block_member/2015,c8cb55984fbc
Jharkhand|2015|||block_member|Hazaribag|||07|विष्णुगढ़|||,2,jharkhand/block_member/2015,4ae8caf268b9
Jharkhand|2015|||block_member|Hazaribag|||07|सदर|||,2,jharkhand/block_member/2015,de792e04fc0b
Jharkhand|2015|||block_member|Hazaribag|||07|सदर|||,2,jharkhand/block_member/2015,817622baf15c
Jharkhand|2015|||block_member|Hazaribag|||08|ईचाक|||,2,jharkhand/block_member/2015,b96ac01e7950
Jharkhand|2015|||block_member|Hazaribag|||08|ईचाक|||,2,jharkhand/block_member/2015,5e161857a69c
Jharkhand|2015|||block_member|Hazaribag|||08|कटकमदाग|||,2,jharkhand/block_member/2015,3a3eddd1055c
Jharkhand|2015|||block_member|Hazaribag|||08|कटकमदाग|||,2,jharkhand/block_member/2015,770af12a7a93
Jharkhand|2015|||block_member|Hazaribag|||08|कटकमसांडी|||,2,jharkhand/block_member/2015,8f5a65af6a81
Jharkhand|2015|||block_member|Hazaribag|||08|कटकमसांडी|||,2,jharkhand/block_member/2015,585dac80a501
Jharkhand|2015|||block_member|Hazaribag|||08|केरेडारी|||,2,jharkhand/block_member/2015,01e737fe92a2
Jharkhand|2015|||block_member|Hazaribag|||08|केरेडारी|||,2,jharkhand/block_member/2015,1bd1afc955c4
Jharkhand|2015|||block_member|Hazaribag|||08|चुरचू|||,2,jharkhand/block_member/2015,fb972217e571
Jharkhand|2015|||block_member|Hazaribag|||08|चुरचू|||,2,jharkhand/block_member/2015,3d3c33b9bfca
Jharkhand|2015|||block_member|Hazaribag|||08|टाटीझरिया|||,2,jharkhand/block_member/2015,1fef1191f914
Jharkhand|2015|||block_member|Hazaribag|||08|टाटीझरिया|||,2,jharkhand/block_member/2015,fda2aaaee80d
Jharkhand|2015|||block_member|Hazaribag|||08|दारु|||,2,jharkhand/block_member/2015,909d2690a969
Jharkhand|2015|||block_member|Hazaribag|||08|दारु|||,2,jharkhand/block_member/2015,cc972798e0f9
Jharkhand|2015|||block_member|Hazaribag|||08|बड़कागाँव|||,2,jharkhand/block_member/2015,45bb47895151
Jharkhand|2015|||block_member|Hazaribag|||08|बड़कागाँव|||,2,jharkhand/block_member/2015,145763b8c25b
Jharkhand|2015|||block_member|Hazaribag|||08|विष्णुगढ़|||,2,jharkhand/block_member/2015,62b80cf93a41
Jharkhand|2015|||block_member|Hazaribag|||08|विष्णुगढ़|||,2,jharkhand/block_member/2015,218a8ba43ca2
Jharkhand|2015|||block_member|Hazaribag|||08|सदर|||,2,jharkhand/block_member/2015,0eb936ae5c1d
Jharkhand|2015|||block_member|Hazaribag|||08|सदर|||,2,jharkhand/block_member/2015,2274d5ed956e
Jharkhand|2015|||block_member|Hazaribag|||09|ईचाक|||,2,jharkhand/block_member/2015,f7d2e9a6dd3e
Jharkhand|2015|||block_member|Hazaribag|||09|ईचाक|||,2,jharkhand/block_member/2015,d130cd69d95e
Jharkhand|2015|||block_member|Hazaribag|||09|कटकमदाग|||,2,jharkhand/block_member/2015,58692b0e6ed3
Jharkhand|2015|||block_member|Hazaribag|||09|कटकमदाग|||,2,jharkhand/block_member/2015,219770359e7b
Jharkhand|2015|||block_member|Hazaribag|||09|कटकमसांडी|||,2,jharkhand/block_member/2015,6f73a0187839
Jharkhand|2015|||block_member|Hazaribag|||09|कटकमसांडी|||,2,jharkhand/block_member/2015,6e9b14f306bb
Jharkhand|2015|||block_member|Hazaribag|||09|केरेडारी|||,2,jharkhand/block_member/2015,6b8648b2b989
Jharkhand|2015|||block_member|Hazaribag|||09|केरेडारी|||,2,jharkhand/block_member/2015,57cb6024f935
Jharkhand|2015|||block_member|Hazaribag|||09|चुरचू|||,2,jharkhand/block_member/2015,eb84a5a8edff
Jharkhand|2015|||block_member|Hazaribag|||09|चुरचू|||,2,jharkhand/block_member/2015,f825239f7806
Jharkhand|2015|||block_member|Hazaribag|||09|टाटीझरिया|||,2,jharkhand/block_member/2015,91675a0f9c01
Jharkhand|2015|||block_member|Hazaribag|||09|टाटीझरिया|||,2,jharkhand/block_member/2015,36dd918ac4b8
Jharkhand|2015|||block_member|Hazaribag|||09|दारु|||,2,jharkhand/block_member/2015,22e73feb2839
Jharkhand|2015|||block_member|Hazaribag|||09|दारु|||,2,jharkhand/block_member/2015,e6f066d33d76
Jharkhand|2015|||block_member|Hazaribag|||09|बड़कागाँव|||,2,jharkhand/block_member/2015,2c1e9f7a5be2
Jharkhand|2015|||block_member|Hazaribag|||09|बड़कागाँव|||,2,jharkhand/block_member/2015,a00957275ec5
Jharkhand|2015|||block_member|Hazaribag|||09|विष्णुगढ़|||,2,jharkhand/block_member/2015,33d5f749ab4d
Jharkhand|2015|||block_member|Hazaribag|||09|विष्णुगढ़|||,2,jharkhand/block_member/2015,83d8c28e4aee
Jharkhand|2015|||block_member|Hazaribag|||09|सदर|||,2,jharkhand/block_member/2015,cbd64a96e0a2
Jharkhand|2015|||block_member|Hazaribag|||09|सदर|||,2,jharkhand/block_member/2015,9965e0c8fb31
Jharkhand|2015|||block_member|Hazaribag|||10|ईचाक|||,2,jharkhand/block_member/2015,b9eab40dfae2
Jharkhand|2015|||block_member|Hazaribag|||10|ईचाक|||,2,jharkhand/block_member/2015,5e6a820ae103
Jharkhand|2015|||block_member|Hazaribag|||10|कटकमदाग|||,2,jharkhand/block_member/2015,fca9f33929fc
Jharkhand|2015|||block_member|Hazaribag|||10|कटकमदाग|||,2,jharkhand/block_member/2015,ef0f239150e3
Jharkhand|2015|||block_member|Hazaribag|||10|कटकमसांडी|||,2,jharkhand/block_member/2015,ce0e100d0fed
Jharkhand|2015|||block_member|Hazaribag|||10|कटकमसांडी|||,2,jharkhand/block_member/2015,254f4416b4cc
Jharkhand|2015|||block_member|Hazaribag|||10|केरेडारी|||,2,jharkhand/block_member/2015,caf2ff5165c2
Jharkhand|2015|||block_member|Hazaribag|||10|केरेडारी|||,2,jharkhand/block_member/2015,e30be8ec9ac3
Jharkhand|2015|||block_member|Hazaribag|||10|चुरचू|||,2,jharkhand/block_member/2015,1419e250f500
Jharkhand|2015|||block_member|Hazaribag|||10|चुरचू|||,2,jharkhand/block_member/2015,5c3dd204a6d9
Jharkhand|2015|||block_member|Hazaribag|||10|टाटीझरिया|||,2,jharkhand/block_member/2015,4f01cd5a414b
Jharkhand|2015|||block_member|Hazaribag|||10|टाटीझरिया|||,2,jharkhand/block_member/2015,35f1c31764c4
Jharkhand|2015|||block_member|Hazaribag|||10|दारु|||,2,jharkhand/block_member/2015,41c5d2e0af0c
Jharkhand|2015|||block_member|Hazaribag|||10|दारु|||,2,jharkhand/block_member/2015,5f42cf67bbf1
Jharkhand|2015|||block_member|Hazaribag|||10|बड़कागाँव|||,2,jharkhand/block_member/2015,85f00726814e
Jharkhand|2015|||block_member|Hazaribag|||10|बड़कागाँव|||,2,jharkhand/block_member/2015,c28a35f68cb4
Jharkhand|2015|||block_member|Hazaribag|||10|विष्णुगढ़|||,2,jharkhand/block_member/2015,274843ae4dea
Jharkhand|2015|||block_member|Hazaribag|||10|विष्णुगढ़|||,2,jharkhand/block_member/2015,27744c651bf0
Jharkhand|2015|||block_member|Hazaribag|||10|सदर|||,2,jharkhand/block_member/2015,34470205b7eb
Jharkhand|2015|||block_member|Hazaribag|||10|सदर|||,2,jharkhand/block_member/2015,176051e1ceef
Jharkhand|2015|||block_member|Hazaribag|||11|ईचाक|||,2,jharkhand/block_member/2015,36ef176d238b
Jharkhand|2015|||block_member|Hazaribag|||11|ईचाक|||,2,jharkhand/block_member/2015,d6f7533ed81e
Jharkhand|2015|||block_member|Hazaribag|||11|कटकमदाग|||,2,jharkhand/block_member/2015,87712117244f
Jharkhand|2015|||block_member|Hazaribag|||11|कटकमदाग|||,2,jharkhand/block_member/2015,bd562d5b49a4
Jharkhand|2015|||block_member|Hazaribag|||11|कटकमसांडी|||,2,jharkhand/block_member/2015,60488c28c179
Jharkhand|2015|||block_member|Hazaribag|||11|कटकमसांडी|||,2,jharkhand/block_member/2015,adc5e0c41674
Jharkhand|2015|||block_member|Hazaribag|||11|केरेडारी|||,2,jharkhand/block_member/2015,d16c8dabb128
Jharkhand|2015|||block_member|Hazaribag|||11|केरेडारी|||,2,jharkhand/block_member/2015,d156e30cb156
Jharkhand|2015|||block_member|Hazaribag|||11|चुरचू|||,2,jharkhand/block_member/2015,ef8e493c7442
Jharkhand|2015|||block_member|Hazaribag|||11|चुरचू|||,2,jharkhand/block_member/2015,eb70dac9679b
Jharkhand|2015|||block_member|Hazaribag|||11|बड़कागाँव|||,2,jharkhand/block_member/2015,8c9cee2b0803
Jharkhand|2015|||block_member|Hazaribag|||11|बड़कागाँव|||,2,jharkhand/block_member/2015,ddf9d7dc7ef5
Jharkhand|2015|||block_member|Hazaribag|||11|विष्णुगढ़|||,2,jharkhand/block_member/2015,3a71df3ebcc8
Jharkhand|2015|||block_member|Hazaribag|||11|विष्णुगढ़|||,2,jharkhand/block_member/2015,0eb098048cba
Jharkhand|2015|||block_member|Hazaribag|||11|सदर|||,2,jharkhand/block_member/2015,213aeb91024d
Jharkhand|2015|||block_member|Hazaribag|||11|सदर|||,2,jharkhand/block_member/2015,0dd4a6057eb6
Jharkhand|2015|||block_member|Hazaribag|||12|ईचाक|||,2,jharkhand/block_member/2015,60d57467be13
Jharkhand|2015|||block_member|Hazaribag|||12|ईचाक|||,2,jharkhand/block_member/2015,c4ca04c14811
Jharkhand|2015|||block_member|Hazaribag|||12|कटकमदाग|||,2,jharkhand/block_member/2015,ca2e7d809e15
Jharkhand|2015|||block_member|Hazaribag|||12|कटकमदाग|||,2,jharkhand/block_member/2015,8851c26cfcec
Jharkhand|2015|||block_member|Hazaribag|||12|कटकमसांडी|||,2,jharkhand/block_member/2015,33980bf6d49d
Jharkhand|2015|||block_member|Hazaribag|||12|कटकमसांडी|||,2,jharkhand/block_member/2015,43387786b076
Jharkhand|2015|||block_member|Hazaribag|||12|केरेडारी|||,2,jharkhand/block_member/2015,7a7055f91f21
Jharkhand|2015|||block_member|Hazaribag|||12|केरेडारी|||,2,jharkhand/block_member/2015,3df54c7a0c73
Jharkhand|2015|||block_member|Hazaribag|||12|बड़कागाँव|||,2,jharkhand/block_member/2015,31cf97baf277
Jharkhand|2015|||block_member|Hazaribag|||12|बड़कागाँव|||,2,jharkhand/block_member/2015,058f63f3fddb
Jharkhand|2015|||block_member|Hazaribag|||12|विष्णुगढ़|||,2,jharkhand/block_member/2015,37f97820a999
Jharkhand|2015|||block_member|Hazaribag|||12|विष्णुगढ़|||,2,jharkhand/block_member/2015,3f0ea9644f16
Jharkhand|2015|||block_member|Hazaribag|||12|सदर|||,2,jharkhand/block_member/2015,e002efc1a78e
Jharkhand|2015|||block_member|Hazaribag|||12|सदर|||,2,jharkhand/block_member/2015,a2bd09643959
Jharkhand|2015|||block_member|Hazaribag|||13|ईचाक|||,2,jharkhand/block_member/2015,34ab7f31c165
Jharkhand|2015|||block_member|Hazaribag|||13|ईचाक|||,2,jharkhand/block_member/2015,89ccefd4ca11
Jharkhand|2015|||block_member|Hazaribag|||13|कटकमदाग|||,2,jharkhand/block_member/2015,8c2160e27678
Jharkhand|2015|||block_member|Hazaribag|||13|कटकमदाग|||,2,jharkhand/block_member/2015,bd3790a80278
Jharkhand|2015|||block_member|Hazaribag|||13|कटकमसांडी|||,2,jharkhand/block_member/2015,c879acc656bd
Jharkhand|2015|||block_member|Hazaribag|||13|कटकमसांडी|||,2,jharkhand/block_member/2015,f7c3427812d4
Jharkhand|2015|||block_member|Hazaribag|||13|केरेडारी|||,2,jharkhand/block_member/2015,3ae6cc950f58
Jharkhand|2015|||block_member|Hazaribag|||13|केरेडारी|||,2,jharkhand/block_member/2015,d594cfd8714f
Jharkhand|2015|||block_member|Hazaribag|||13|बड़कागाँव|||,2,jharkhand/block_member/2015,042b79e05a4e
Jharkhand|2015|||block_member|Hazaribag|||13|बड़कागाँव|||,2,jharkhand/block_member/2015,bdbb8089f0fa
Jharkhand|2015|||block_member|Hazaribag|||13|विष्णुगढ़|||,2,jharkhand/block_member/2015,573d574c77ca
Jharkhand|2015|||block_member|Hazaribag|||13|विष्णुगढ़|||,2,jharkhand/block_member/2015,50c67bcdca57
Jharkhand|2015|||block_member|Hazaribag|||13|सदर|||,2,jharkhand/block_member/2015,d4b346030464
Jharkhand|2015|||block_member|Hazaribag|||13|सदर|||,2,jharkhand/block_member/2015,9eb74e09fa17
Jharkhand|2015|||block_member|Hazaribag|||14|ईचाक|||,2,jharkhand/block_member/2015,f5327b5ab58e
Jharkhand|2015|||block_member|Hazaribag|||14|ईचाक|||,2,jharkhand/block_member/2015,e05e61033890
Jharkhand|2015|||block_member|Hazaribag|||14|कटकमदाग|||,2,jharkhand/block_member/2015,fde8d6470df7
Jharkhand|2015|||block_member|Hazaribag|||14|कटकमदाग|||,2,jharkhand/block_member/2015,e4c685217cca
Jharkhand|2015|||block_member|Hazaribag|||14|कटकमसांडी|||,2,jharkhand/block_member/2015,334154a75dce
Jharkhand|2015|||block_member|Hazaribag|||14|कटकमसांडी|||,2,jharkhand/block_member/2015,35d5ed95b5b5
Jharkhand|2015|||block_member|Hazaribag|||14|केरेडारी|||,2,jharkhand/block_member/2015,185612c21aa1
Jharkhand|2015|||block_member|Hazaribag|||14|केरेडारी|||,2,jharkhand/block_member/2015,86cf36d4c093
Jharkhand|2015|||block_member|Hazaribag|||14|बड़कागाँव|||,2,jharkhand/block_member/2015,97dd0304ebef
Jharkhand|2015|||block_member|Hazaribag|||14|बड़कागाँव|||,2,jharkhand/block_member/2015,efc9e591e743
Jharkhand|2015|||block_member|Hazaribag|||14|विष्णुगढ़|||,2,jharkhand/block_member/2015,79975abc88d5
Jharkhand|2015|||block_member|Hazaribag|||14|विष्णुगढ़|||,2,jharkhand/block_member/2015,6d5f4786bdb4
Jharkhand|2015|||block_member|Hazaribag|||14|सदर|||,2,jharkhand/block_member/2015,5e8d5cb9f022
Jharkhand|2015|||block_member|Hazaribag|||14|सदर|||,2,jharkhand/block_member/2015,7b9cb568c23d
Jharkhand|2015|||block_member|Hazaribag|||15|ईचाक|||,2,jharkhand/block_member/2015,439819e34855
Jharkhand|2015|||block_member|Hazaribag|||15|ईचाक|||,2,jharkhand/block_member/2015,2ef3881d321b
Jharkhand|2015|||block_member|Hazaribag|||15|कटकमदाग|||,2,jharkhand/block_member/2015,23e9e7af3759
Jharkhand|2015|||block_member|Hazaribag|||15|कटकमदाग|||,2,jharkhand/block_member/2015,9cbaf9cc55ae
Jharkhand|2015|||block_member|Hazaribag|||15|कटकमसांडी|||,2,jharkhand/block_member/2015,f15fc78e41da
Jharkhand|2015|||block_member|Hazaribag|||15|कटकमसांडी|||,2,jharkhand/block_member/2015,9f846e7c4ec0
Jharkhand|2015|||block_member|Hazaribag|||15|केरेडारी|||,2,jharkhand/block_member/2015,4b5b9e0b59ad
Jharkhand|2015|||block_member|Hazaribag|||15|केरेडारी|||,2,jharkhand/block_member/2015,302190f484dd
Jharkhand|2015|||block_member|Hazaribag|||15|बड़कागाँव|||,2,jharkhand/block_member/2015,c338f48448c0
Jharkhand|2015|||block_member|Hazaribag|||15|बड़कागाँव|||,2,jharkhand/block_member/2015,0e800eb3ead7
Jharkhand|2015|||block_member|Hazaribag|||15|विष्णुगढ़|||,2,jharkhand/block_member/2015,fc4b1d8aa056
Jharkhand|2015|||block_member|Hazaribag|||15|विष्णुगढ़|||,2,jharkhand/block_member/2015,a94b96e58934
Jharkhand|2015|||block_member|Hazaribag|||15|सदर|||,2,jharkhand/block_member/2015,7efcd408544d
Jharkhand|2015|||block_member|Hazaribag|||15|सदर|||,2,jharkhand/block_member/2015,20e27949cb43
Jharkhand|2015|||block_member|Hazaribag|||16|ईचाक|||,2,jharkhand/block_member/2015,47d882390088
Jharkhand|2015|||block_member|Hazaribag|||16|ईचाक|||,2,jharkhand/block_member/2015,84ad5459b246
Jharkhand|2015|||block_member|Hazaribag|||16|कटकमदाग|||,2,jharkhand/block_member/2015,a17eb4caa824
Jharkhand|2015|||block_member|Hazaribag|||16|कटकमदाग|||,2,jharkhand/block_member/2015,4dbbaabab4c5
Jharkhand|2015|||block_member|Hazaribag|||16|कटकमसांडी|||,2,jharkhand/block_member/2015,44c11366ce21
Jharkhand|2015|||block_member|Hazaribag|||16|कटकमसांडी|||,2,jharkhand/block_member/2015,ff55beaf79e5
Jharkhand|2015|||block_member|Hazaribag|||16|केरेडारी|||,2,jharkhand/block_member/2015,cb8ea93f15aa
Jharkhand|2015|||block_member|Hazaribag|||16|केरेडारी|||,2,jharkhand/block_member/2015,8ea131754143
Jharkhand|2015|||block_member|Hazaribag|||16|बड़कागाँव|||,2,jharkhand/block_member/2015,a9cf8f225f2a
Jharkhand|2015|||block_member|Hazaribag|||16|बड़कागाँव|||,2,jharkhand/block_member/2015,741ce12cf8c4
Jharkhand|2015|||block_member|Hazaribag|||16|विष्णुगढ़|||,2,jharkhand/block_member/2015,e5f103f7f588
Jharkhand|2015|||block_member|Hazaribag|||16|विष्णुगढ़|||,2,jharkhand/block_member/2015,950075786369
Jharkhand|2015|||block_member|Hazaribag|||16|सदर|||,2,jharkhand/block_member/2015,463705254311
Jharkhand|2015|||block_member|Hazaribag|||16|सदर|||,2,jharkhand/block_member/2015,dce5809d5d52
Jharkhand|2015|||block_member|Hazaribag|||17|ईचाक|||,2,jharkhand/block_member/2015,4c47e32b306b
Jharkhand|2015|||block_member|Hazaribag|||17|ईचाक|||,2,jharkhand/block_member/2015,aa46d73b4b66
Jharkhand|2015|||block_member|Hazaribag|||17|कटकमसांडी|||,2,jharkhand/block_member/2015,9b2f7895c7fe
Jharkhand|2015|||block_member|Hazaribag|||17|कटकमसांडी|||,2,jharkhand/block_member/2015,00a5f4bbd744
Jharkhand|2015|||block_member|Hazaribag|||17|केरेडारी|||,2,jharkhand/block_member/2015,c91ad57475e6
Jharkhand|2015|||block_member|Hazaribag|||17|केरेडारी|||,2,jharkhand/block_member/2015,0a81adec0057
Jharkhand|2015|||block_member|Hazaribag|||17|बड़कागाँव|||,2,jharkhand/block_member/2015,2e5f422f2e15
Jharkhand|2015|||block_member|Hazaribag|||17|बड़कागाँव|||,2,jharkhand/block_member/2015,3f7e194cf475
Jharkhand|2015|||block_member|Hazaribag|||17|विष्णुगढ़|||,2,jharkhand/block_member/2015,35da54ee0ec4
Jharkhand|2015|||block_member|Hazaribag|||17|विष्णुगढ़|||,2,jharkhand/block_member/2015,398fb5eac3ca
Jharkhand|2015|||block_member|Hazaribag|||17|सदर|||,2,jharkhand/block_member/2015,415722ee6fde
Jharkhand|2015|||block_member|Hazaribag|||17|सदर|||,2,jharkhand/block_member/2015,d2a82cbec081
Jharkhand|2015|||block_member|Hazaribag|||18|ईचाक|||,2,jharkhand/block_member/2015,07f942acd975
Jharkhand|2015|||block_member|Hazaribag|||18|ईचाक|||,2,jharkhand/block_member/2015,73102f66cce6
Jharkhand|2015|||block_member|Hazaribag|||18|कटकमसांडी|||,2,jharkhand/block_member/2015,55884dd00c44
Jharkhand|2015|||block_member|Hazaribag|||18|कटकमसांडी|||,2,jharkhand/block_member/2015,6065187af20e
Jharkhand|2015|||block_member|Hazaribag|||18|केरेडारी|||,2,jharkhand/block_member/2015,418ade02e74b
Jharkhand|2015|||block_member|Hazaribag|||18|केरेडारी|||,2,jharkhand/block_member/2015,f79256e50635
Jharkhand|2015|||block_member|Hazaribag|||18|बड़कागाँव|||,2,jharkhand/block_member/2015,7d764c2725cc
Jharkhand|2015|||block_member|Hazaribag|||18|बड़कागाँव|||,2,jharkhand/block_member/2015,43dff9ed2d02
Jharkhand|2015|||block_member|Hazaribag|||18|विष्णुगढ़|||,2,jharkhand/block_member/2015,556a496037f0
Jharkhand|2015|||block_member|Hazaribag|||18|विष्णुगढ़|||,2,jharkhand/block_member/2015,c2c9f273f5d3
Jharkhand|2015|||block_member|Hazaribag|||18|सदर|||,2,jharkhand/block_member/2015,1e03999ddaa4
Jharkhand|2015|||block_member|Hazaribag|||18|सदर|||,2,jharkhand/block_member/2015,2bd533fdb45d
Jharkhand|2015|||block_member|Hazaribag|||19|ईचाक|||,2,jharkhand/block_member/2015,016b1dc7af84
Jharkhand|2015|||block_member|Hazaribag|||19|ईचाक|||,2,jharkhand/block_member/2015,15d18d4d0cd1
Jharkhand|2015|||block_member|Hazaribag|||19|कटकमसांडी|||,2,jharkhand/block_member/2015,eda698118b8d
Jharkhand|2015|||block_member|Hazaribag|||19|कटकमसांडी|||,2,jharkhand/block_member/2015,0cff40acc4fb
Jharkhand|2015|||block_member|Hazaribag|||19|बड़कागाँव|||,2,jharkhand/block_member/2015,1a9bed1ac9d6
Jharkhand|2015|||block_member|Hazaribag|||19|बड़कागाँव|||,2,jharkhand/block_member/2015,13b493052b89
Jharkhand|2015|||block_member|Hazaribag|||19|विष्णुगढ़|||,2,jharkhand/block_member/2015,c5b66f5329b2
Jharkhand|2015|||block_member|Hazaribag|||19|विष्णुगढ़|||,2,jharkhand/block_member/2015,04b71bbb2cdb
Jharkhand|2015|||block_member|Hazaribag|||19|सदर|||,2,jharkhand/block_member/2015,4ea0cbf98b51
Jharkhand|2015|||block_member|Hazaribag|||19|सदर|||,2,jharkhand/block_member/2015,0da34f69bb52
Jharkhand|2015|||block_member|Hazaribag|||20|ईचाक|||,2,jharkhand/block_member/2015,9d5d6c72d8e3
Jharkhand|2015|||block_member|Hazaribag|||20|ईचाक|||,2,jharkhand/block_member/2015,15304b3a0bb6
Jharkhand|2015|||block_member|Hazaribag|||20|कटकमसांडी|||,2,jharkhand/block_member/2015,1333bf292929
Jharkhand|2015|||block_member|Hazaribag|||20|कटकमसांडी|||,2,jharkhand/block_member/2015,a1af90a4601b
Jharkhand|2015|||block_member|Hazaribag|||20|बड़कागाँव|||,2,jharkhand/block_member/2015,0d0a6fb46e10
Jharkhand|2015|||block_member|Hazaribag|||20|बड़कागाँव|||,2,jharkhand/block_member/2015,4c76b571b506
Jharkhand|2015|||block_member|Hazaribag|||20|विष्णुगढ़|||,2,jharkhand/block_member/2015,e1888f9edcf1
Jharkhand|2015|||block_member|Hazaribag|||20|विष्णुगढ़|||,2,jharkhand/block_member/2015,e21d31e01cf6
Jharkhand|2015|||block_member|Hazaribag|||20|सदर|||,2,jharkhand/block_member/2015,f03d599e3be9
Jharkhand|2015|||block_member|Hazaribag|||20|सदर|||,2,jharkhand/block_member/2015,3d392bb00ff2
Jharkhand|2015|||block_member|Hazaribag|||21|ईचाक|||,2,jharkhand/block_member/2015,4f54e287b700
Jharkhand|2015|||block_member|Hazaribag|||21|ईचाक|||,2,jharkhand/block_member/2015,81e2f0124bc4
Jharkhand|2015|||block_member|Hazaribag|||21|कटकमसांडी|||,2,jharkhand/block_member/2015,6c606102615f
Jharkhand|2015|||block_member|Hazaribag|||21|कटकमसांडी|||,2,jharkhand/block_member/2015,feeb45129dc7
Jharkhand|2015|||block_member|Hazaribag|||21|बड़कागाँव|||,2,jharkhand/block_member/2015,ae7a96597b55
Jharkhand|2015|||block_member|Hazaribag|||21|बड़कागाँव|||,2,jharkhand/block_member/2015,e53f4c402e3b
Jharkhand|2015|||block_member|Hazaribag|||21|विष्णुगढ़|||,2,jharkhand/block_member/2015,e394347e68b4
Jharkhand|2015|||block_member|Hazaribag|||21|विष्णुगढ़|||,2,jharkhand/block_member/2015,79dcbfd65890
Jharkhand|2015|||block_member|Hazaribag|||21|सदर|||,2,jharkhand/block_member/2015,4cf844666d29
Jharkhand|2015|||block_member|Hazaribag|||21|सदर|||,2,jharkhand/block_member/2015,ea33e8dadcd4
Jharkhand|2015|||block_member|Hazaribag|||22|ईचाक|||,2,jharkhand/block_member/2015,d1461ec5b546
Jharkhand|2015|||block_member|Hazaribag|||22|ईचाक|||,2,jharkhand/block_member/2015,027e4d35cc8d
Jharkhand|2015|||block_member|Hazaribag|||22|कटकमसांडी|||,2,jharkhand/block_member/2015,87b187c84b35
Jharkhand|2015|||block_member|Hazaribag|||22|कटकमसांडी|||,2,jharkhand/block_member/2015,73327e97d4d5
Jharkhand|2015|||block_member|Hazaribag|||22|बड़कागाँव|||,2,jharkhand/block_member/2015,9538fb520cf7
Jharkhand|2015|||block_member|Hazaribag|||22|बड़कागाँव|||,2,jharkhand/block_member/2015,e13725764f43
Jharkhand|2015|||block_member|Hazaribag|||22|विष्णुगढ़|||,2,jharkhand/block_member/2015,581355f5e0e3
Jharkhand|2015|||block_member|Hazaribag|||22|विष्णुगढ़|||,2,jharkhand/block_member/2015,0ee3ac902c02
Jharkhand|2015|||block_member|Hazaribag|||22|सदर|||,2,jharkhand/block_member/2015,490e8bdb407a
Jharkhand|2015|||block_member|Hazaribag|||22|सदर|||,2,jharkhand/block_member/2015,d2409f75498d
Jharkhand|2015|||block_member|Hazaribag|||23|ईचाक|||,2,jharkhand/block_member/2015,6acf93d2ea16
Jharkhand|2015|||block_member|Hazaribag|||23|ईचाक|||,2,jharkhand/block_member/2015,3e8a373c7099
Jharkhand|2015|||block_member|Hazaribag|||23|बड़कागाँव|||,2,jharkhand/block_member/2015,bca2cb61f487
Jharkhand|2015|||block_member|Hazaribag|||23|बड़कागाँव|||,2,jharkhand/block_member/2015,4c97f898100d
Jharkhand|2015|||block_member|Hazaribag|||23|विष्णुगढ़|||,2,jharkhand/block_member/2015,fb087de48003
Jharkhand|2015|||block_member|Hazaribag|||23|विष्णुगढ़|||,2,jharkhand/block_member/2015,ff19dd5ff966
Jharkhand|2015|||block_member|Hazaribag|||23|सदर|||,2,jharkhand/block_member/2015,94df6b17391e
Jharkhand|2015|||block_member|Hazaribag|||23|सदर|||,2,jharkhand/block_member/2015,335d3ed7e0c3
Jharkhand|2015|||block_member|Hazaribag|||24|बड़कागाँव|||,2,jharkhand/block_member/2015,8f7699f50e6b
Jharkhand|2015|||block_member|Hazaribag|||24|बड़कागाँव|||,2,jharkhand/block_member/2015,2056cf073ca6
Jharkhand|2015|||block_member|Hazaribag|||24|विष्णुगढ़|||,2,jharkhand/block_member/2015,75aebabae5b1
Jharkhand|2015|||block_member|Hazaribag|||24|विष्णुगढ़|||,2,jharkhand/block_member/2015,c67c01aab39c
Jharkhand|2015|||block_member|Hazaribag|||24|सदर|||,2,jharkhand/block_member/2015,6fca5745bcdc
Jharkhand|2015|||block_member|Hazaribag|||24|सदर|||,2,jharkhand/block_member/2015,935dbb94e5d1
Jharkhand|2015|||block_member|Hazaribag|||25|बड़कागाँव|||,2,jharkhand/block_member/2015,c2278d6daae7
Jharkhand|2015|||block_member|Hazaribag|||25|बड़कागाँव|||,2,jharkhand/block_member/2015,b1b7d5118206
Jharkhand|2015|||block_member|Hazaribag|||25|विष्णुगढ़|||,2,jharkhand/block_member/2015,b67d3b64b977
Jharkhand|2015|||block_member|Hazaribag|||25|विष्णुगढ़|||,2,jharkhand/block_member/2015,b46b352c9c05
Jharkhand|2015|||block_member|Hazaribag|||25|सदर|||,2,jharkhand/block_member/2015,a3fe74b9d614
Jharkhand|2015|||block_member|Hazaribag|||25|सदर|||,2,jharkhand/block_member/2015,cba113a5526f
Jharkhand|2015|||block_member|Hazaribag|||26|बड़कागाँव|||,2,jharkhand/block_member/2015,e031de3e69d8
Jharkhand|2015|||block_member|Hazaribag|||26|बड़कागाँव|||,2,jharkhand/block_member/2015,59d0c92eb2fc
Jharkhand|2015|||block_member|Hazaribag|||26|विष्णुगढ़|||,2,jharkhand/block_member/2015,cbd56084d41c
Jharkhand|2015|||block_member|Hazaribag|||26|विष्णुगढ़|||,2,jharkhand/block_member/2015,7fd3351ce0e4
Jharkhand|2015|||block_member|Hazaribag|||26|सदर|||,2,jharkhand/block_member/2015,270002dc1948
Jharkhand|2015|||block_member|Hazaribag|||26|सदर|||,2,jharkhand/block_member/2015,42650de1f629
Jharkhand|2015|||block_member|Hazaribag|||27|विष्णुगढ़|||,2,jharkhand/block_member/2015,67abfc67d36f
Jharkhand|2015|||block_member|Hazaribag|||27|विष्णुगढ़|||,2,jharkhand/block_member/2015,6576dd7db3fb
Jharkhand|2015|||block_member|Hazaribag|||27|सदर|||,2,jharkhand/block_member/2015,653b34394593
Jharkhand|2015|||block_member|Hazaribag|||27|सदर|||,2,jharkhand/block_member/2015,a66ec34f461b
Jharkhand|2015|||block_member|Hazaribag|||28|विष्णुगढ़|||,2,jharkhand/block_member/2015,8354da91b6da
Jharkhand|2015|||block_member|Hazaribag|||28|विष्णुगढ़|||,2,jharkhand/block_member/2015,7476f378ee1b
Jharkhand|2015|||block_member|Hazaribag|||28|सदर|||,2,jharkhand/block_member/2015,d745ad94160d
Jharkhand|2015|||block_member|Hazaribag|||28|सदर|||,2,jharkhand/block_member/2015,9a11bc184341
Jharkhand|2015|||block_member|Hazaribag|||29|विष्णुगढ़|||,2,jharkhand/block_member/2015,146f8b1086d2
Jharkhand|2015|||block_member|Hazaribag|||29|विष्णुगढ़|||,2,jharkhand/block_member/2015,772699dd801a
Jharkhand|2015|||block_member|Hazaribag|||29|सदर|||,2,jharkhand/block_member/2015,af5f96d5d884
Jharkhand|2015|||block_member|Hazaribag|||29|सदर|||,2,jharkhand/block_member/2015,98e7825125b3
Jharkhand|2015|||block_member|Hazaribag|||30|विष्णुगढ़|||,2,jharkhand/block_member/2015,8ea1b4670ee4
Jharkhand|2015|||block_member|Hazaribag|||30|विष्णुगढ़|||,2,jharkhand/block_member/2015,28ec0c503248
Jharkhand|2015|||block_member|Hazaribag|||30|सदर|||,2,jharkhand/block_member/2015,5ed754dd5fe0
Jharkhand|2015|||block_member|Hazaribag|||30|सदर|||,2,jharkhand/block_member/2015,8a2be5062c77
Jharkhand|2015|||block_member|Hazaribag|||31|विष्णुगढ़|||,2,jharkhand/block_member/2015,34884e531f64
Jharkhand|2015|||block_member|Hazaribag|||31|विष्णुगढ़|||,2,jharkhand/block_member/2015,52ac277e9320
Jharkhand|2015|||gp_head|East Singhbhum||||पलाशबनी|||,2,jharkhand/gp_head/2015,0802ec4baae8
Jharkhand|2015|||gp_head|East Singhbhum||||पलाशबनी|||,2,jharkhand/gp_head/2015,031a50f5bb1c
Jharkhand|2015|||gp_head|Palamu||||बभण्डी|||,2,jharkhand/gp_head/2015,e85f46afdaf0
Jharkhand|2015|||gp_head|Palamu||||बभण्डी|||,2,jharkhand/gp_head/2015,338abe2b8934
Jharkhand|2015|||gp_head|Palamu||||महुगा¡वा|||,2,jharkhand/gp_head/2015,a9e015e2bc82
Jharkhand|2015|||gp_head|Palamu||||महुगा¡वा|||,2,jharkhand/gp_head/2015,6ba5b575512f
Jharkhand|2015|||gp_head|Palamu||||रबदा|||,2,jharkhand/gp_head/2015,0e76da08813b
Jharkhand|2015|||gp_head|Palamu||||रबदा|||,2,jharkhand/gp_head/2015,e32fc005ae8b
Jharkhand|2015|||gp_head|Palamu||||राजहारा|||,2,jharkhand/gp_head/2015,ff5ceca9ea79
Jharkhand|2015|||gp_head|Palamu||||राजहारा|||,2,jharkhand/gp_head/2015,165adac864ce
Jharkhand|2015|||gp_head|Palamu||||सतगा¡वा उर्फ|||,2,jharkhand/gp_head/2015,a75f6b6d13a3
Jharkhand|2015|||gp_head|Palamu||||सतगा¡वा उर्फ|||,2,jharkhand/gp_head/2015,cb4bdd5ec835
Jharkhand|2015|||gp_head|Ramgarh|||13|मारंगमरचा|||,2,jharkhand/gp_head/2015,afc92b183cea
Jharkhand|2015|||gp_head|Ramgarh|||13|मारंगमरचा|||,2,jharkhand/gp_head/2015,304a7dfabaed
Jharkhand|2015|||gp_head|Seraikela Kharsawan|चाण्डिल–|||05-धुनाबु:|||,2,jharkhand/gp_head/2015,953ca6c561a8
Jharkhand|2015|||gp_head|Seraikela Kharsawan|चाण्डिल–|||05-धुनाबु:|||,2,jharkhand/gp_head/2015,0ee9356ed3c9
Jharkhand|2015|||gp_head|West Singhbhum|जगन्नाथपुर||03|मालुका|||,2,jharkhand/gp_head/2015,e6a6be20d9c6
Jharkhand|2015|||gp_head|West Singhbhum|जगन्नाथपुर||03|मालुका|||,2,jharkhand/gp_head/2015,e6fef5015dde
Jharkhand|2015|||gp_ward|Deoghar|||07|बाघमारा|||,2,jharkhand/gp_ward/2015,ab24083c31a1
Jharkhand|2015|||gp_ward|Deoghar|||07|बाघमारा|||,2,jharkhand/gp_ward/2015,673305e51523
Jharkhand|2015|||gp_ward|East Singhbhum|||01|बाघुड़िया|01||,2,jharkhand/gp_ward/2015,06525fca252f
Jharkhand|2015|||gp_ward|East Singhbhum|||01|बाघुड़िया|01||,2,jharkhand/gp_ward/2015,9cca33762845
Jharkhand|2015|||gp_ward|East Singhbhum|||01|बाघुड़िया|02||,2,jharkhand/gp_ward/2015,dbca629a505c
Jharkhand|2015|||gp_ward|East Singhbhum|||01|बाघुड़िया|02||,2,jharkhand/gp_ward/2015,60f6b8cc4ac9
Jharkhand|2015|||gp_ward|East Singhbhum|||01|बाघुड़िया|03||,2,jharkhand/gp_ward/2015,79c46a31ec04
Jharkhand|2015|||gp_ward|East Singhbhum|||01|बाघुड़िया|03||,2,jharkhand/gp_ward/2015,0cf34f7e0fe3
Jharkhand|2015|||gp_ward|East Singhbhum|||01|बाघुड़िया|04||,2,jharkhand/gp_ward/2015,abedfa254dd0
Jharkhand|2015|||gp_ward|East Singhbhum|||01|बाघुड़िया|04||,2,jharkhand/gp_ward/2015,ed9b9ac96b17
Jharkhand|2015|||gp_ward|East Singhbhum|||01|बाघुड़िया|06||,2,jharkhand/gp_ward/2015,bd6fd74cac87
Jharkhand|2015|||gp_ward|East Singhbhum|||01|बाघुड़िया|06||,2,jharkhand/gp_ward/2015,0d132dbef381
Jharkhand|2015|||gp_ward|East Singhbhum|||01|बाघुड़िया|07||,2,jharkhand/gp_ward/2015,512861160c92
Jharkhand|2015|||gp_ward|East Singhbhum|||01|बाघुड़िया|07||,2,jharkhand/gp_ward/2015,0f684d2e346c
Jharkhand|2015|||gp_ward|East Singhbhum|||01|बाघुड़िया|08||,2,jharkhand/gp_ward/2015,e17bd6ab0a3f
Jharkhand|2015|||gp_ward|East Singhbhum|||01|बाघुड़िया|08||,2,jharkhand/gp_ward/2015,e99b7a964e59
Jharkhand|2015|||gp_ward|East Singhbhum|||01|बाघुड़िया|09||,2,jharkhand/gp_ward/2015,583eb43ce512
Jharkhand|2015|||gp_ward|East Singhbhum|||01|बाघुड़िया|09||,2,jharkhand/gp_ward/2015,abccc146138b
Jharkhand|2015|||gp_ward|East Singhbhum|||01|बाघुड़िया|10||,2,jharkhand/gp_ward/2015,26188ef7c8dc
Jharkhand|2015|||gp_ward|East Singhbhum|||01|बाघुड़िया|10||,2,jharkhand/gp_ward/2015,ec43b2cdc36f
Jharkhand|2015|||gp_ward|East Singhbhum|||01|बाघुड़िया|11||,2,jharkhand/gp_ward/2015,e6ce8c7635a5
Jharkhand|2015|||gp_ward|East Singhbhum|||01|बाघुड़िया|11||,2,jharkhand/gp_ward/2015,2f2ba2fd9fcc
Jharkhand|2015|||gp_ward|East Singhbhum|||02|बडाखुर्शी|01||,2,jharkhand/gp_ward/2015,f0b34deea4ad
Jharkhand|2015|||gp_ward|East Singhbhum|||02|बडाखुर्शी|01||,2,jharkhand/gp_ward/2015,a67b029f70cf
Jharkhand|2015|||gp_ward|East Singhbhum|||02|बडाखुर्शी|02||,2,jharkhand/gp_ward/2015,443d9303e245
Jharkhand|2015|||gp_ward|East Singhbhum|||02|बडाखुर्शी|02||,2,jharkhand/gp_ward/2015,6755c7af9691
Jharkhand|2015|||gp_ward|East Singhbhum|||02|बडाखुर्शी|04||,2,jharkhand/gp_ward/2015,1341d49fd6ce
Jharkhand|2015|||gp_ward|East Singhbhum|||02|बडाखुर्शी|04||,2,jharkhand/gp_ward/2015,130ac10e4398
Jharkhand|2015|||gp_ward|East Singhbhum|||02|बडाखुर्शी|05||,2,jharkhand/gp_ward/2015,c572f2c508f3
Jharkhand|2015|||gp_ward|East Singhbhum|||02|बडाखुर्शी|05||,2,jharkhand/gp_ward/2015,4f4af2045c64
Jharkhand|2015|||gp_ward|East Singhbhum|||02|बडाखुर्शी|06||,2,jharkhand/gp_ward/2015,c13989030eab
Jharkhand|2015|||gp_ward|East Singhbhum|||02|बडाखुर्शी|06||,2,jharkhand/gp_ward/2015,6a29aa82ccff
Jharkhand|2015|||gp_ward|East Singhbhum|||02|बडाखुर्शी|07||,2,jharkhand/gp_ward/2015,45a29707edbc
Jharkhand|2015|||gp_ward|East Singhbhum|||02|बडाखुर्शी|07||,2,jharkhand/gp_ward/2015,8ad812fa2274
Jharkhand|2015|||gp_ward|East Singhbhum|||02|बडाखुर्शी|08||,2,jharkhand/gp_ward/2015,bd218afa84e2
Jharkhand|2015|||gp_ward|East Singhbhum|||02|बडाखुर्शी|08||,2,jharkhand/gp_ward/2015,c57abad9a9ce
Jharkhand|2015|||gp_ward|East Singhbhum|||02|बडाखुर्शी|09||,2,jharkhand/gp_ward/2015,1967da2326f4
Jharkhand|2015|||gp_ward|East Singhbhum|||02|बडाखुर्शी|09||,2,jharkhand/gp_ward/2015,8c1c70701366
Jharkhand|2015|||gp_ward|East Singhbhum|||02|बडाखुर्शी|10||,2,jharkhand/gp_ward/2015,5d92ea3814e1
Jharkhand|2015|||gp_ward|East Singhbhum|||02|बडाखुर्शी|10||,2,jharkhand/gp_ward/2015,8e59a5209785
Jharkhand|2015|||gp_ward|East Singhbhum|||02|बडाखुर्शी|11||,2,jharkhand/gp_ward/2015,fbd3cd0e5442
Jharkhand|2015|||gp_ward|East Singhbhum|||02|बडाखुर्शी|11||,2,jharkhand/gp_ward/2015,74a0b2e044a9
Jharkhand|2015|||gp_ward|East Singhbhum|||02|बडाखुर्शी|12||,2,jharkhand/gp_ward/2015,86b625832371
Jharkhand|2015|||gp_ward|East Singhbhum|||02|बडाखुर्शी|12||,2,jharkhand/gp_ward/2015,362cc857e99e
Jharkhand|2015|||gp_ward|East Singhbhum|||02|बडाखुर्शी|13||,2,jharkhand/gp_ward/2015,293a0f5930f9
Jharkhand|2015|||gp_ward|East Singhbhum|||02|बडाखुर्शी|13||,2,jharkhand/gp_ward/2015,8fcf699a31aa
Jharkhand|2015|||gp_ward|East Singhbhum|||03|जोड़िसा|01||,2,jharkhand/gp_ward/2015,fa0d64921961
Jharkhand|2015|||gp_ward|East Singhbhum|||03|जोड़िसा|01||,2,jharkhand/gp_ward/2015,1b0dfff211a9
Jharkhand|2015|||gp_ward|East Singhbhum|||03|जोड़िसा|02||,2,jharkhand/gp_ward/2015,265c9dbeae89
Jharkhand|2015|||gp_ward|East Singhbhum|||03|जोड़िसा|02||,2,jharkhand/gp_ward/2015,c547bae12f7e
Jharkhand|2015|||gp_ward|East Singhbhum|||03|जोड़िसा|03||,2,jharkhand/gp_ward/2015,a8deb21b8ed7
Jharkhand|2015|||gp_ward|East Singhbhum|||03|जोड़िसा|03||,2,jharkhand/gp_ward/2015,c8db4cbe3d5b
Jharkhand|2015|||gp_ward|East Singhbhum|||03|जोड़िसा|04||,2,jharkhand/gp_ward/2015,86d671ff435c
Jharkhand|2015|||gp_ward|East Singhbhum|||03|जोड़िसा|04||,2,jharkhand/gp_ward/2015,0c7152ca0960
Jharkhand|2015|||gp_ward|East Singhbhum|||03|जोड़िसा|06||,2,jharkhand/gp_ward/2015,fb7a1de4e78f
Jharkhand|2015|||gp_ward|East Singhbhum|||03|जोड़िसा|06||,2,jharkhand/gp_ward/2015,b6bce42a3305
Jharkhand|2015|||gp_ward|East Singhbhum|||03|जोड़िसा|07||,2,jharkhand/gp_ward/2015,29ec64161576
Jharkhand|2015|||gp_ward|East Singhbhum|||03|जोड़िसा|07||,2,jharkhand/gp_ward/2015,4eda82afce25
Jharkhand|2015|||gp_ward|East Singhbhum|||03|जोड़िसा|08||,2,jharkhand/gp_ward/2015,e8535337c09a
Jharkhand|2015|||gp_ward|East Singhbhum|||03|जोड़िसा|08||,2,jharkhand/gp_ward/2015,f11b5405f6e2
Jharkhand|2015|||gp_ward|East Singhbhum|||03|जोड़िसा|09||,2,jharkhand/gp_ward/2015,3cf9339fa5f8
Jharkhand|2015|||gp_ward|East Singhbhum|||03|जोड़िसा|09||,2,jharkhand/gp_ward/2015,6f3dc2c1f090
Jharkhand|2015|||gp_ward|East Singhbhum|||03|जोड़िसा|10||,2,jharkhand/gp_ward/2015,ff7ff4da65ad
Jharkhand|2015|||gp_ward|East Singhbhum|||03|जोड़िसा|10||,2,jharkhand/gp_ward/2015,81323567d5fb
Jharkhand|2015|||gp_ward|East Singhbhum|||03|जोड़िसा|11||,2,jharkhand/gp_ward/2015,70f1eb062828
Jharkhand|2015|||gp_ward|East Singhbhum|||03|जोड़िसा|11||,2,jharkhand/gp_ward/2015,d23bfd9b6f6d
Jharkhand|2015|||gp_ward|East Singhbhum|||03|जोड़िसा|12||,2,jharkhand/gp_ward/2015,bc71563160eb
Jharkhand|2015|||gp_ward|East Singhbhum|||03|जोड़िसा|12||,2,jharkhand/gp_ward/2015,0dd37446b799
Jharkhand|2015|||gp_ward|East Singhbhum|||03|जोड़िसा|13||,2,jharkhand/gp_ward/2015,901a3c9d4a23
Jharkhand|2015|||gp_ward|East Singhbhum|||03|जोड़िसा|13||,2,jharkhand/gp_ward/2015,1147185bc9ce
Jharkhand|2015|||gp_ward|East Singhbhum|||04|उलदा|01||,2,jharkhand/gp_ward/2015,65b2b336ae2d
Jharkhand|2015|||gp_ward|East Singhbhum|||04|उलदा|01||,2,jharkhand/gp_ward/2015,187327c8f78e
Jharkhand|2015|||gp_ward|East Singhbhum|||04|उलदा|02||,2,jharkhand/gp_ward/2015,bc61074cf765
Jharkhand|2015|||gp_ward|East Singhbhum|||04|उलदा|02||,2,jharkhand/gp_ward/2015,f27e9e48ca56
Jharkhand|2015|||gp_ward|East Singhbhum|||04|उलदा|03||,2,jharkhand/gp_ward/2015,cac9e8655013
Jharkhand|2015|||gp_ward|East Singhbhum|||04|उलदा|03||,2,jharkhand/gp_ward/2015,1183be81962a
Jharkhand|2015|||gp_ward|East Singhbhum|||04|उलदा|04||,2,jharkhand/gp_ward/2015,5e36ba9103ae
Jharkhand|2015|||gp_ward|East Singhbhum|||04|उलदा|04||,2,jharkhand/gp_ward/2015,09bf809dc39c
Jharkhand|2015|||gp_ward|East Singhbhum|||04|उलदा|05||,2,jharkhand/gp_ward/2015,f1851fb8498c
Jharkhand|2015|||gp_ward|East Singhbhum|||04|उलदा|05||,2,jharkhand/gp_ward/2015,d69804ce6e28
Jharkhand|2015|||gp_ward|East Singhbhum|||04|उलदा|06||,2,jharkhand/gp_ward/2015,6fd5e781c40c
Jharkhand|2015|||gp_ward|East Singhbhum|||04|उलदा|06||,2,jharkhand/gp_ward/2015,96d049b71474
Jharkhand|2015|||gp_ward|East Singhbhum|||04|उलदा|07||,2,jharkhand/gp_ward/2015,411219c4d3bc
Jharkhand|2015|||gp_ward|East Singhbhum|||04|उलदा|07||,2,jharkhand/gp_ward/2015,f283755f795c
Jharkhand|2015|||gp_ward|East Singhbhum|||04|उलदा|08||,2,jharkhand/gp_ward/2015,b9d6dd37081c
Jharkhand|2015|||gp_ward|East Singhbhum|||04|उलदा|08||,2,jharkhand/gp_ward/2015,3312812ab945
Jharkhand|2015|||gp_ward|East Singhbhum|||04|उलदा|09||,2,jharkhand/gp_ward/2015,1db7ff7d4ed5
Jharkhand|2015|||gp_ward|East Singhbhum|||04|उलदा|09||,2,jharkhand/gp_ward/2015,6a744aeadf77
Jharkhand|2015|||gp_ward|East Singhbhum|||04|उलदा|11||,2,jharkhand/gp_ward/2015,9b5d33cc765b
Jharkhand|2015|||gp_ward|East Singhbhum|||04|उलदा|11||,2,jharkhand/gp_ward/2015,ab64dc786452
Jharkhand|2015|||gp_ward|East Singhbhum|||04|उलदा|12||,2,jharkhand/gp_ward/2015,31e23f6bb199
Jharkhand|2015|||gp_ward|East Singhbhum|||04|उलदा|12||,2,jharkhand/gp_ward/2015,09e0923e4c81
Jharkhand|2015|||gp_ward|East Singhbhum|||05|महुलिया|01||,2,jharkhand/gp_ward/2015,39992c5bdcf4
Jharkhand|2015|||gp_ward|East Singhbhum|||05|महुलिया|01||,2,jharkhand/gp_ward/2015,abfeb506b403
Jharkhand|2015|||gp_ward|East Singhbhum|||05|महुलिया|02||,2,jharkhand/gp_ward/2015,c302468efc7c
Jharkhand|2015|||gp_ward|East Singhbhum|||05|महुलिया|02||,2,jharkhand/gp_ward/2015,cc2ed95c4c0c
Jharkhand|2015|||gp_ward|East Singhbhum|||05|महुलिया|03||,2,jharkhand/gp_ward/2015,e0708670b01a
Jharkhand|2015|||gp_ward|East Singhbhum|||05|महुलिया|03||,2,jharkhand/gp_ward/2015,10ad056fc72f
Jharkhand|2015|||gp_ward|East Singhbhum|||05|महुलिया|04||,2,jharkhand/gp_ward/2015,911a6f93b314
Jharkhand|2015|||gp_ward|East Singhbhum|||05|महुलिया|04||,2,jharkhand/gp_ward/2015,0793bc15a577
Jharkhand|2015|||gp_ward|East Singhbhum|||05|महुलिया|06||,2,jharkhand/gp_ward/2015,068f0020ef00
Jharkhand|2015|||gp_ward|East Singhbhum|||05|महुलिया|06||,2,jharkhand/gp_ward/2015,3a85ac7e0c33
Jharkhand|2015|||gp_ward|East Singhbhum|||05|महुलिया|07||,2,jharkhand/gp_ward/2015,71edf7b802da
Jharkhand|2015|||gp_ward|East Singhbhum|||05|महुलिया|07||,2,jharkhand/gp_ward/2015,d3226ddf92b2
Jharkhand|2015|||gp_ward|East Singhbhum|||05|महुलिया|08||,2,jharkhand/gp_ward/2015,2dd449481f0e
Jharkhand|2015|||gp_ward|East Singhbhum|||05|महुलिया|08||,2,jharkhand/gp_ward/2015,a7d6076b46a8
Jharkhand|2015|||gp_ward|East Singhbhum|||05|महुलिया|10||,2,jharkhand/gp_ward/2015,46f887c996eb
Jharkhand|2015|||gp_ward|East Singhbhum|||05|महुलिया|10||,2,jharkhand/gp_ward/2015,56e30857ad03
Jharkhand|2015|||gp_ward|East Singhbhum|||05|महुलिया|11||,2,jharkhand/gp_ward/2015,bda0ace373f9
Jharkhand|2015|||gp_ward|East Singhbhum|||05|महुलिया|11||,2,jharkhand/gp_ward/2015,f53440668600
Jharkhand|2015|||gp_ward|East Singhbhum|||05|महुलिया|12||,2,jharkhand/gp_ward/2015,75130b4afea5
Jharkhand|2015|||gp_ward|East Singhbhum|||05|महुलिया|12||,2,jharkhand/gp_ward/2015,a92dc78786fc
Jharkhand|2015|||gp_ward|East Singhbhum|||06|हेन्दलजुड़ी|01||,2,jharkhand/gp_ward/2015,3d486241d879
Jharkhand|2015|||gp_ward|East Singhbhum|||06|हेन्दलजुड़ी|01||,2,jharkhand/gp_ward/2015,87cb9fd046ed
Jharkhand|2015|||gp_ward|East Singhbhum|||06|हेन्दलजुड़ी|02||,2,jharkhand/gp_ward/2015,92ebc2771323
Jharkhand|2015|||gp_ward|East Singhbhum|||06|हेन्दलजुड़ी|02||,2,jharkhand/gp_ward/2015,08abba4cf1f9
Jharkhand|2015|||gp_ward|East Singhbhum|||06|हेन्दलजुड़ी|03||,2,jharkhand/gp_ward/2015,fa31a4739d0a
Jharkhand|2015|||gp_ward|East Singhbhum|||06|हेन्दलजुड़ी|03||,2,jharkhand/gp_ward/2015,a6b80b16e6d9
Jharkhand|2015|||gp_ward|East Singhbhum|||06|हेन्दलजुड़ी|04||,2,jharkhand/gp_ward/2015,0686b67b45de
Jharkhand|2015|||gp_ward|East Singhbhum|||06|हेन्दलजुड़ी|04||,2,jharkhand/gp_ward/2015,fdd12d6c2a1e
Jharkhand|2015|||gp_ward|East Singhbhum|||06|हेन्दलजुड़ी|05||,2,jharkhand/gp_ward/2015,6259b6c160a9
Jharkhand|2015|||gp_ward|East Singhbhum|||06|हेन्दलजुड़ी|05||,2,jharkhand/gp_ward/2015,c0a27b6a8952
Jharkhand|2015|||gp_ward|East Singhbhum|||06|हेन्दलजुड़ी|06||,2,jharkhand/gp_ward/2015,bb3a8f3549ba
Jharkhand|2015|||gp_ward|East Singhbhum|||06|हेन्दलजुड़ी|06||,2,jharkhand/gp_ward/2015,ceaff9c84477
Jharkhand|2015|||gp_ward|East Singhbhum|||06|हेन्दलजुड़ी|07||,2,jharkhand/gp_ward/2015,e8d703f5af18
Jharkhand|2015|||gp_ward|East Singhbhum|||06|हेन्दलजुड़ी|07||,2,jharkhand/gp_ward/2015,caf79bafdaf5
Jharkhand|2015|||gp_ward|East Singhbhum|||06|हेन्दलजुड़ी|08||,2,jharkhand/gp_ward/2015,10cc14ef6506
Jharkhand|2015|||gp_ward|East Singhbhum|||06|हेन्दलजुड़ी|08||,2,jharkhand/gp_ward/2015,615132c4bbac
Jharkhand|2015|||gp_ward|East Singhbhum|||06|हेन्दलजुड़ी|09||,2,jharkhand/gp_ward/2015,e088c13372c2
Jharkhand|2015|||gp_ward|East Singhbhum|||06|हेन्दलजुड़ी|09||,2,jharkhand/gp_ward/2015,b642d80625ff
Jharkhand|2015|||gp_ward|East Singhbhum|||06|हेन्दलजुड़ी|10||,2,jharkhand/gp_ward/2015,84bd45e5d69c
Jharkhand|2015|||gp_ward|East Singhbhum|||06|हेन्दलजुड़ी|10||,2,jharkhand/gp_ward/2015,74105180e895
Jharkhand|2015|||gp_ward|East Singhbhum|||07|बनकाटी|01||,2,jharkhand/gp_ward/2015,8e18ca12b969
Jharkhand|2015|||gp_ward|East Singhbhum|||07|बनकाटी|01||,2,jharkhand/gp_ward/2015,3bad7fcc44ed
Jharkhand|2015|||gp_ward|East Singhbhum|||07|बनकाटी|03||,2,jharkhand/gp_ward/2015,5e1ac950deb7
Jharkhand|2015|||gp_ward|East Singhbhum|||07|बनकाटी|03||,2,jharkhand/gp_ward/2015,a7163bb93c97
Jharkhand|2015|||gp_ward|East Singhbhum|||07|बनकाटी|04||,2,jharkhand/gp_ward/2015,0437eb4b3ab5
Jharkhand|2015|||gp_ward|East Singhbhum|||07|बनकाटी|04||,2,jharkhand/gp_ward/2015,235202af3e3e
Jharkhand|2015|||gp_ward|East Singhbhum|||07|बनकाटी|05||,2,jharkhand/gp_ward/2015,ad79c7c7f3cb
Jharkhand|2015|||gp_ward|East Singhbhum|||07|बनकाटी|05||,2,jharkhand/gp_ward/2015,157a1dd42d0b
Jharkhand|2015|||gp_ward|East Singhbhum|||07|बनकाटी|06||,2,jharkhand/gp_ward/2015,478ffcc3c9fb
Jharkhand|2015|||gp_ward|East Singhbhum|||07|बनकाटी|06||,2,jharkhand/gp_ward/2015,68b98b96899f
Jharkhand|2015|||gp_ward|East Singhbhum|||07|बनकाटी|07||,2,jharkhand/gp_ward/2015,4372ea5f7b2c
Jharkhand|2015|||gp_ward|East Singhbhum|||07|बनकाटी|07||,2,jharkhand/gp_ward/2015,3df44ea6eae8
Jharkhand|2015|||gp_ward|East Singhbhum|||07|बनकाटी|08||,2,jharkhand/gp_ward/2015,8b5c17cb7a81
Jharkhand|2015|||gp_ward|East Singhbhum|||07|बनकाटी|08||,2,jharkhand/gp_ward/2015,71d5dc28eaae
Jharkhand|2015|||gp_ward|East Singhbhum|||07|बनकाटी|09||,2,jharkhand/gp_ward/2015,8fda717c92c5
Jharkhand|2015|||gp_ward|East Singhbhum|||07|बनकाटी|09||,2,jharkhand/gp_ward/2015,504c096df2cb
Jharkhand|2015|||gp_ward|East Singhbhum|||07|बनकाटी|10||,2,jharkhand/gp_ward/2015,ca7838264889
Jharkhand|2015|||gp_ward|East Singhbhum|||07|बनकाटी|10||,2,jharkhand/gp_ward/2015,e20c631ff509
Jharkhand|2015|||gp_ward|East Singhbhum|||07|बनकाटी|11||,2,jharkhand/gp_ward/2015,9fb012a42e3e
Jharkhand|2015|||gp_ward|East Singhbhum|||07|बनकाटी|11||,2,jharkhand/gp_ward/2015,51e4019abcb5
Jharkhand|2015|||gp_ward|East Singhbhum|||07|बनकाटी|12||,2,jharkhand/gp_ward/2015,318ca3384b2b
Jharkhand|2015|||gp_ward|East Singhbhum|||07|बनकाटी|12||,2,jharkhand/gp_ward/2015,250f1de365f4
Jharkhand|2015|||gp_ward|East Singhbhum|||08|उÙार मउभंडार|01||,2,jharkhand/gp_ward/2015,bf4cbd56ba48
Jharkhand|2015|||gp_ward|East Singhbhum|||08|उÙार मउभंडार|01||,2,jharkhand/gp_ward/2015,03540c6d942d
Jharkhand|2015|||gp_ward|East Singhbhum|||08|उÙार मउभंडार|02||,2,jharkhand/gp_ward/2015,2b206186b00d
Jharkhand|2015|||gp_ward|East Singhbhum|||08|उÙार मउभंडार|02||,2,jharkhand/gp_ward/2015,a337381584de
Jharkhand|2015|||gp_ward|East Singhbhum|||08|उÙार मउभंडार|03||,2,jharkhand/gp_ward/2015,005ed70818c9
Jharkhand|2015|||gp_ward|East Singhbhum|||08|उÙार मउभंडार|03||,2,jharkhand/gp_ward/2015,d44e7e2d419a
Jharkhand|2015|||gp_ward|East Singhbhum|||08|उÙार मउभंडार|04||,2,jharkhand/gp_ward/2015,ca1903cb0fb9
Jharkhand|2015|||gp_ward|East Singhbhum|||08|उÙार मउभंडार|04||,2,jharkhand/gp_ward/2015,bed530406384
Jharkhand|2015|||gp_ward|East Singhbhum|||08|उÙार मउभंडार|05||,2,jharkhand/gp_ward/2015,d9963019796a
Jharkhand|2015|||gp_ward|East Singhbhum|||08|उÙार मउभंडार|05||,2,jharkhand/gp_ward/2015,a72564579514
Jharkhand|2015|||gp_ward|East Singhbhum|||08|उÙार मउभंडार|06||,2,jharkhand/gp_ward/2015,f5ae4a55396d
Jharkhand|2015|||gp_ward|East Singhbhum|||08|उÙार मउभंडार|06||,2,jharkhand/gp_ward/2015,e6cdce9f180c
Jharkhand|2015|||gp_ward|East Singhbhum|||08|उÙार मउभंडार|07||,2,jharkhand/gp_ward/2015,dbe1423daa52
Jharkhand|2015|||gp_ward|East Singhbhum|||08|उÙार मउभंडार|07||,2,jharkhand/gp_ward/2015,52ceea020f83
Jharkhand|2015|||gp_ward|East Singhbhum|||08|उÙार मउभंडार|08||,2,jharkhand/gp_ward/2015,5e3ce6d196df
Jharkhand|2015|||gp_ward|East Singhbhum|||08|उÙार मउभंडार|08||,2,jharkhand/gp_ward/2015,5cf9c93e0dc9
Jharkhand|2015|||gp_ward|East Singhbhum|||08|उÙार मउभंडार|09||,2,jharkhand/gp_ward/2015,0323f4355cef
Jharkhand|2015|||gp_ward|East Singhbhum|||08|उÙार मउभंडार|09||,2,jharkhand/gp_ward/2015,23d4e7392e8e
Jharkhand|2015|||gp_ward|East Singhbhum|||08|उÙार मउभंडार|11||,2,jharkhand/gp_ward/2015,abdfd0292dbf
Jharkhand|2015|||gp_ward|East Singhbhum|||08|उÙार मउभंडार|11||,2,jharkhand/gp_ward/2015,8ae7472074c5
Jharkhand|2015|||gp_ward|East Singhbhum|||09|प0 मउभंडार|02||,2,jharkhand/gp_ward/2015,f0b5c80dc88a
Jharkhand|2015|||gp_ward|East Singhbhum|||09|प0 मउभंडार|02||,2,jharkhand/gp_ward/2015,953140ca8c84
Jharkhand|2015|||gp_ward|East Singhbhum|||09|प0 मउभंडार|05||,2,jharkhand/gp_ward/2015,0c0d5d378837
Jharkhand|2015|||gp_ward|East Singhbhum|||09|प0 मउभंडार|05||,2,jharkhand/gp_ward/2015,65149b008c34
Jharkhand|2015|||gp_ward|East Singhbhum|||09|प0 मउभंडार|06||,2,jharkhand/gp_ward/2015,c0bdb119a00a
Jharkhand|2015|||gp_ward|East Singhbhum|||09|प0 मउभंडार|06||,2,jharkhand/gp_ward/2015,0d8054934400
Jharkhand|2015|||gp_ward|East Singhbhum|||09|प0 मउभंडार|07||,2,jharkhand/gp_ward/2015,9d125a6b7ea9
Jharkhand|2015|||gp_ward|East Singhbhum|||09|प0 मउभंडार|07||,2,jharkhand/gp_ward/2015,73e62d723990
Jharkhand|2015|||gp_ward|East Singhbhum|||10|पवू ीर् मउभंडार|02||,2,jharkhand/gp_ward/2015,4bd7e8c3e2c9
Jharkhand|2015|||gp_ward|East Singhbhum|||10|पवू ीर् मउभंडार|02||,2,jharkhand/gp_ward/2015,c65ccad1702e
Jharkhand|2015|||gp_ward|East Singhbhum|||10|पवू ीर् मउभंडार|04||,2,jharkhand/gp_ward/2015,d36138b8c5f1
Jharkhand|2015|||gp_ward|East Singhbhum|||10|पवू ीर् मउभंडार|04||,2,jharkhand/gp_ward/2015,d945eb20aba9
Jharkhand|2015|||gp_ward|East Singhbhum|||10|पवू ीर् मउभंडार|07||,2,jharkhand/gp_ward/2015,adebf69c8993
Jharkhand|2015|||gp_ward|East Singhbhum|||10|पवू ीर् मउभंडार|07||,2,jharkhand/gp_ward/2015,5b4ee2a6935d
Jharkhand|2015|||gp_ward|East Singhbhum|||10|पवू ीर् मउभंडार|08||,2,jharkhand/gp_ward/2015,fc1e054740ac
Jharkhand|2015|||gp_ward|East Singhbhum|||10|पवू ीर् मउभंडार|08||,2,jharkhand/gp_ward/2015,eb20c5a4c8d2
Jharkhand|2015|||gp_ward|East Singhbhum|||11|गोपालपुर|01||,2,jharkhand/gp_ward/2015,347748255bee
Jharkhand|2015|||gp_ward|East Singhbhum|||11|गोपालपुर|01||,2,jharkhand/gp_ward/2015,52c1e5e1d5be
Jharkhand|2015|||gp_ward|East Singhbhum|||11|गोपालपुर|04||,2,jharkhand/gp_ward/2015,e357c182a893
Jharkhand|2015|||gp_ward|East Singhbhum|||11|गोपालपुर|04||,2,jharkhand/gp_ward/2015,948b9b3022d6
Jharkhand|2015|||gp_ward|East Singhbhum|||11|गोपालपुर|05||,2,jharkhand/gp_ward/2015,12f1b69ad7f3
Jharkhand|2015|||gp_ward|East Singhbhum|||11|गोपालपुर|05||,2,jharkhand/gp_ward/2015,bdfa930748be
Jharkhand|2015|||gp_ward|East Singhbhum|||11|गोपालपुर|08||,2,jharkhand/gp_ward/2015,95981f74485d
Jharkhand|2015|||gp_ward|East Singhbhum|||11|गोपालपुर|08||,2,jharkhand/gp_ward/2015,3b8976e55faf
Jharkhand|2015|||gp_ward|East Singhbhum|||11|गोपालपुर|09||,2,jharkhand/gp_ward/2015,a0d904601abc
Jharkhand|2015|||gp_ward|East Singhbhum|||11|गोपालपुर|09||,2,jharkhand/gp_ward/2015,712e4043a54b
Jharkhand|2015|||gp_ward|East Singhbhum|||11|गोपालपुर|11||,2,jharkhand/gp_ward/2015,45ccb02dac77
Jharkhand|2015|||gp_ward|East Singhbhum|||11|गोपालपुर|11||,2,jharkhand/gp_ward/2015,ac9e4e6a54eb
Jharkhand|2015|||gp_ward|East Singhbhum|||11|गोपालपुर|13||,2,jharkhand/gp_ward/2015,0a1791ff2b98
Jharkhand|2015|||gp_ward|East Singhbhum|||11|गोपालपुर|13||,2,jharkhand/gp_ward/2015,b5a862265cdf
Jharkhand|2015|||gp_ward|East Singhbhum|||11|गोपालपुर|14||,2,jharkhand/gp_ward/2015,fea96736fa08
Jharkhand|2015|||gp_ward|East Singhbhum|||11|गोपालपुर|14||,2,jharkhand/gp_ward/2015,445791ab2c97
Jharkhand|2015|||gp_ward|East Singhbhum|||11|गोपालपुर|15||,2,jharkhand/gp_ward/2015,b9fda872e923
Jharkhand|2015|||gp_ward|East Singhbhum|||11|गोपालपुर|15||,2,jharkhand/gp_ward/2015,ddea159d04bc
Jharkhand|2015|||gp_ward|East Singhbhum|||12|धरमबहाल|01||,2,jharkhand/gp_ward/2015,caed4c049bb7
Jharkhand|2015|||gp_ward|East Singhbhum|||12|धरमबहाल|01||,2,jharkhand/gp_ward/2015,1d854c307a5f
Jharkhand|2015|||gp_ward|East Singhbhum|||12|धरमबहाल|02||,2,jharkhand/gp_ward/2015,c7ff7f3cdf8b
Jharkhand|2015|||gp_ward|East Singhbhum|||12|धरमबहाल|02||,2,jharkhand/gp_ward/2015,4b0ade0b11ba
Jharkhand|2015|||gp_ward|East Singhbhum|||12|धरमबहाल|03||,2,jharkhand/gp_ward/2015,9541a764a0f9
Jharkhand|2015|||gp_ward|East Singhbhum|||12|धरमबहाल|03||,2,jharkhand/gp_ward/2015,daae564ae19b
Jharkhand|2015|||gp_ward|East Singhbhum|||12|धरमबहाल|04||,2,jharkhand/gp_ward/2015,a5198845d15e
Jharkhand|2015|||gp_ward|East Singhbhum|||12|धरमबहाल|04||,2,jharkhand/gp_ward/2015,9e95a523efda
Jharkhand|2015|||gp_ward|East Singhbhum|||12|धरमबहाल|08||,2,jharkhand/gp_ward/2015,7d86f679b094
Jharkhand|2015|||gp_ward|East Singhbhum|||12|धरमबहाल|08||,2,jharkhand/gp_ward/2015,3e6500671447
Jharkhand|2015|||gp_ward|East Singhbhum|||12|धरमबहाल|09||,2,jharkhand/gp_ward/2015,492135909588
Jharkhand|2015|||gp_ward|East Singhbhum|||12|धरमबहाल|09||,2,jharkhand/gp_ward/2015,2be06fa7dc59
Jharkhand|2015|||gp_ward|East Singhbhum|||12|धरमबहाल|10||,2,jharkhand/gp_ward/2015,cdb7ce5e6e2d
Jharkhand|2015|||gp_ward|East Singhbhum|||12|धरमबहाल|10||,2,jharkhand/gp_ward/2015,7055b6493775
Jharkhand|2015|||gp_ward|East Singhbhum|||12|धरमबहाल|11||,2,jharkhand/gp_ward/2015,224a6f8a6145
Jharkhand|2015|||gp_ward|East Singhbhum|||12|धरमबहाल|11||,2,jharkhand/gp_ward/2015,f0a754c5cbb6
Jharkhand|2015|||gp_ward|East Singhbhum|||12|धरमबहाल|13||,2,jharkhand/gp_ward/2015,d895fc46fca9
Jharkhand|2015|||gp_ward|East Singhbhum|||12|धरमबहाल|13||,2,jharkhand/gp_ward/2015,1d7722ab716f
Jharkhand|2015|||gp_ward|East Singhbhum|||12|धरमबहाल|14||,2,jharkhand/gp_ward/2015,6114102877d9
Jharkhand|2015|||gp_ward|East Singhbhum|||12|धरमबहाल|14||,2,jharkhand/gp_ward/2015,b6a0e3c1970b
Jharkhand|2015|||gp_ward|East Singhbhum|||12|धरमबहाल|15||,2,jharkhand/gp_ward/2015,34d84264e46d
Jharkhand|2015|||gp_ward|East Singhbhum|||12|धरमबहाल|15||,2,jharkhand/gp_ward/2015,7b77b82c4888
Jharkhand|2015|||gp_ward|East Singhbhum|||13|पावड़ा|01||,2,jharkhand/gp_ward/2015,74a8e45975c9
Jharkhand|2015|||gp_ward|East Singhbhum|||13|पावड़ा|01||,2,jharkhand/gp_ward/2015,5e3ef8ca6880
Jharkhand|2015|||gp_ward|East Singhbhum|||13|पावड़ा|02||,2,jharkhand/gp_ward/2015,e958b8025498
Jharkhand|2015|||gp_ward|East Singhbhum|||13|पावड़ा|02||,2,jharkhand/gp_ward/2015,282e4fa8f5f7
Jharkhand|2015|||gp_ward|East Singhbhum|||13|पावड़ा|03||,2,jharkhand/gp_ward/2015,6a89467d4f59
Jharkhand|2015|||gp_ward|East Singhbhum|||13|पावड़ा|03||,2,jharkhand/gp_ward/2015,cdb9eeee2c6c
Jharkhand|2015|||gp_ward|East Singhbhum|||13|पावड़ा|04||,2,jharkhand/gp_ward/2015,da9849db6c9c
Jharkhand|2015|||gp_ward|East Singhbhum|||13|पावड़ा|04||,2,jharkhand/gp_ward/2015,8f96111471ea
Jharkhand|2015|||gp_ward|East Singhbhum|||13|पावड़ा|05||,2,jharkhand/gp_ward/2015,5c4f8f11461c
Jharkhand|2015|||gp_ward|East Singhbhum|||13|पावड़ा|05||,2,jharkhand/gp_ward/2015,b9c3081080fe
Jharkhand|2015|||gp_ward|East Singhbhum|||13|पावड़ा|06||,2,jharkhand/gp_ward/2015,d371bf09d2f4
Jharkhand|2015|||gp_ward|East Singhbhum|||13|पावड़ा|06||,2,jharkhand/gp_ward/2015,6500b52ad883
Jharkhand|2015|||gp_ward|East Singhbhum|||13|पावड़ा|08||,2,jharkhand/gp_ward/2015,d8bca00a616b
Jharkhand|2015|||gp_ward|East Singhbhum|||13|पावड़ा|08||,2,jharkhand/gp_ward/2015,0c83607ea5db
Jharkhand|2015|||gp_ward|East Singhbhum|||13|पावड़ा|09||,2,jharkhand/gp_ward/2015,e39b05d16790
Jharkhand|2015|||gp_ward|East Singhbhum|||13|पावड़ा|09||,2,jharkhand/gp_ward/2015,acd31d047f58
Jharkhand|2015|||gp_ward|East Singhbhum|||13|पावड़ा|11||,2,jharkhand/gp_ward/2015,0cb7900e68ab
Jharkhand|2015|||gp_ward|East Singhbhum|||13|पावड़ा|11||,2,jharkhand/gp_ward/2015,fda701d0273e
Jharkhand|2015|||gp_ward|East Singhbhum|||13|पावड़ा|12||,2,jharkhand/gp_ward/2015,3a021427b463
Jharkhand|2015|||gp_ward|East Singhbhum|||13|पावड़ा|12||,2,jharkhand/gp_ward/2015,8e03f59ab571
Jharkhand|2015|||gp_ward|East Singhbhum|||13|पावड़ा|13||,2,jharkhand/gp_ward/2015,6fedc91380ae
Jharkhand|2015|||gp_ward|East Singhbhum|||13|पावड़ा|13||,2,jharkhand/gp_ward/2015,baa4d8655959
Jharkhand|2015|||gp_ward|East Singhbhum|||13|पावड़ा|14||,2,jharkhand/gp_ward/2015,f6134cc51539
Jharkhand|2015|||gp_ward|East Singhbhum|||13|पावड़ा|14||,2,jharkhand/gp_ward/2015,f6c646ccfff8
Jharkhand|2015|||gp_ward|East Singhbhum|||14|घाटशिला|01||,2,jharkhand/gp_ward/2015,161c98016837
Jharkhand|2015|||gp_ward|East Singhbhum|||14|घाटशिला|01||,2,jharkhand/gp_ward/2015,3d41432166dd
Jharkhand|2015|||gp_ward|East Singhbhum|||14|घाटशिला|02||,2,jharkhand/gp_ward/2015,4c6b08c4a0ea
Jharkhand|2015|||gp_ward|East Singhbhum|||14|घाटशिला|02||,2,jharkhand/gp_ward/2015,26947357cb5c
Jharkhand|2015|||gp_ward|East Singhbhum|||14|घाटशिला|04||,2,jharkhand/gp_ward/2015,1bb317a50da1
Jharkhand|2015|||gp_ward|East Singhbhum|||14|घाटशिला|04||,2,jharkhand/gp_ward/2015,66d41325f467
Jharkhand|2015|||gp_ward|East Singhbhum|||14|घाटशिला|05||,2,jharkhand/gp_ward/2015,1991b8241085
Jharkhand|2015|||gp_ward|East Singhbhum|||14|घाटशिला|05||,2,jharkhand/gp_ward/2015,a81c4abb6eaa
Jharkhand|2015|||gp_ward|East Singhbhum|||14|घाटशिला|06||,2,jharkhand/gp_ward/2015,9ee2e0f10543
Jharkhand|2015|||gp_ward|East Singhbhum|||14|घाटशिला|06||,2,jharkhand/gp_ward/2015,d6c9b0c79168
Jharkhand|2015|||gp_ward|East Singhbhum|||14|घाटशिला|07||,2,jharkhand/gp_ward/2015,e8db3f32e577
Jharkhand|2015|||gp_ward|East Singhbhum|||14|घाटशिला|07||,2,jharkhand/gp_ward/2015,5434cbf2d2d3
Jharkhand|2015|||gp_ward|East Singhbhum|||14|घाटशिला|09||,2,jharkhand/gp_ward/2015,1858313d67b2
Jharkhand|2015|||gp_ward|East Singhbhum|||14|घाटशिला|09||,2,jharkhand/gp_ward/2015,fe5826a80880
Jharkhand|2015|||gp_ward|East Singhbhum|||14|घाटशिला|11||,2,jharkhand/gp_ward/2015,5150e6def917
Jharkhand|2015|||gp_ward|East Singhbhum|||14|घाटशिला|11||,2,jharkhand/gp_ward/2015,523fe9ff88fe
Jharkhand|2015|||gp_ward|East Singhbhum|||14|घाटशिला|12||,2,jharkhand/gp_ward/2015,2dad73163f7d
Jharkhand|2015|||gp_ward|East Singhbhum|||14|घाटशिला|12||,2,jharkhand/gp_ward/2015,b366f3d71db2
Jharkhand|2015|||gp_ward|East Singhbhum|||14|घाटशिला|13||,2,jharkhand/gp_ward/2015,51744c0c8a2f
Jharkhand|2015|||gp_ward|East Singhbhum|||14|घाटशिला|13||,2,jharkhand/gp_ward/2015,08bb2338df16
Jharkhand|2015|||gp_ward|East Singhbhum|||15|काशिदा|01||,2,jharkhand/gp_ward/2015,dff7466c98e3
Jharkhand|2015|||gp_ward|East Singhbhum|||15|काशिदा|01||,2,jharkhand/gp_ward/2015,e2dcdf0af84d
Jharkhand|2015|||gp_ward|East Singhbhum|||15|काशिदा|02||,2,jharkhand/gp_ward/2015,56990dee110e
Jharkhand|2015|||gp_ward|East Singhbhum|||15|काशिदा|02||,2,jharkhand/gp_ward/2015,3a3e1445af93
Jharkhand|2015|||gp_ward|East Singhbhum|||15|काशिदा|03||,2,jharkhand/gp_ward/2015,d75677146dde
Jharkhand|2015|||gp_ward|East Singhbhum|||15|काशिदा|03||,2,jharkhand/gp_ward/2015,e4ac713f87b6
Jharkhand|2015|||gp_ward|East Singhbhum|||15|काशिदा|04||,2,jharkhand/gp_ward/2015,3037c4eff516
Jharkhand|2015|||gp_ward|East Singhbhum|||15|काशिदा|04||,2,jharkhand/gp_ward/2015,0363c3cdd8c3
Jharkhand|2015|||gp_ward|East Singhbhum|||15|काशिदा|05||,2,jharkhand/gp_ward/2015,43553b7c00e1
Jharkhand|2015|||gp_ward|East Singhbhum|||15|काशिदा|05||,2,jharkhand/gp_ward/2015,8df2645c92a4
Jharkhand|2015|||gp_ward|East Singhbhum|||15|काशिदा|06||,2,jharkhand/gp_ward/2015,157b29d358f6
Jharkhand|2015|||gp_ward|East Singhbhum|||15|काशिदा|06||,2,jharkhand/gp_ward/2015,6d9ac10a1af1
Jharkhand|2015|||gp_ward|East Singhbhum|||15|काशिदा|07||,2,jharkhand/gp_ward/2015,8d2c7e0ed01d
Jharkhand|2015|||gp_ward|East Singhbhum|||15|काशिदा|07||,2,jharkhand/gp_ward/2015,fbd6f3f9f4ac
Jharkhand|2015|||gp_ward|East Singhbhum|||15|काशिदा|08||,2,jharkhand/gp_ward/2015,61c05f5a4b1a
Jharkhand|2015|||gp_ward|East Singhbhum|||15|काशिदा|08||,2,jharkhand/gp_ward/2015,7a2e7f9bdbeb
Jharkhand|2015|||gp_ward|East Singhbhum|||15|काशिदा|09||,2,jharkhand/gp_ward/2015,fa6a97deb22d
Jharkhand|2015|||gp_ward|East Singhbhum|||15|काशिदा|09||,2,jharkhand/gp_ward/2015,9140ad67091c
Jharkhand|2015|||gp_ward|East Singhbhum|||15|काशिदा|10||,2,jharkhand/gp_ward/2015,7cd2da339fa6
Jharkhand|2015|||gp_ward|East Singhbhum|||15|काशिदा|10||,2,jharkhand/gp_ward/2015,4db507043108
Jharkhand|2015|||gp_ward|East Singhbhum|||15|काशिदा|11||,2,jharkhand/gp_ward/2015,27bb36013e08
Jharkhand|2015|||gp_ward|East Singhbhum|||15|काशिदा|11||,2,jharkhand/gp_ward/2015,602cb64e6830
Jharkhand|2015|||gp_ward|East Singhbhum|||15|काशिदा|12||,2,jharkhand/gp_ward/2015,1f9580b7fc2b
Jharkhand|2015|||gp_ward|East Singhbhum|||15|काशिदा|12||,2,jharkhand/gp_ward/2015,564d6e9b2e9c
Jharkhand|2015|||gp_ward|East Singhbhum|||15|काशिदा|13||,2,jharkhand/gp_ward/2015,314161aeb79e
Jharkhand|2015|||gp_ward|East Singhbhum|||15|काशिदा|13||,2,jharkhand/gp_ward/2015,a56a5b926f5f
Jharkhand|2015|||gp_ward|East Singhbhum|||15|काशिदा|14||,2,jharkhand/gp_ward/2015,9f1a77dd967a
Jharkhand|2015|||gp_ward|East Singhbhum|||15|काशिदा|14||,2,jharkhand/gp_ward/2015,af76bea05170
Jharkhand|2015|||gp_ward|East Singhbhum|||15|काशिदा|15||,2,jharkhand/gp_ward/2015,b38a3441bdcc
Jharkhand|2015|||gp_ward|East Singhbhum|||15|काशिदा|15||,2,jharkhand/gp_ward/2015,8f9c31a9f666
Jharkhand|2015|||gp_ward|East Singhbhum|||15|काशिदा|16||,2,jharkhand/gp_ward/2015,93621858bc88
Jharkhand|2015|||gp_ward|East Singhbhum|||15|काशिदा|16||,2,jharkhand/gp_ward/2015,89ecc41d8566
Jharkhand|2015|||gp_ward|East Singhbhum|||15|काशिदा|17||,2,jharkhand/gp_ward/2015,9bb2793ecf7b
Jharkhand|2015|||gp_ward|East Singhbhum|||15|काशिदा|17||,2,jharkhand/gp_ward/2015,33e184291c96
Jharkhand|2015|||gp_ward|East Singhbhum|||16|कालचीती|02||,2,jharkhand/gp_ward/2015,76bad3f4dfed
Jharkhand|2015|||gp_ward|East Singhbhum|||16|कालचीती|02||,2,jharkhand/gp_ward/2015,6118741183c9
Jharkhand|2015|||gp_ward|East Singhbhum|||16|कालचीती|03||,2,jharkhand/gp_ward/2015,51152ce90570
Jharkhand|2015|||gp_ward|East Singhbhum|||16|कालचीती|03||,2,jharkhand/gp_ward/2015,a893196bc92e
Jharkhand|2015|||gp_ward|East Singhbhum|||16|कालचीती|04||,2,jharkhand/gp_ward/2015,cf4554fea720
Jharkhand|2015|||gp_ward|East Singhbhum|||16|कालचीती|04||,2,jharkhand/gp_ward/2015,b8ead864bf28
Jharkhand|2015|||gp_ward|East Singhbhum|||16|कालचीती|05||,2,jharkhand/gp_ward/2015,d14288906185
Jharkhand|2015|||gp_ward|East Singhbhum|||16|कालचीती|05||,2,jharkhand/gp_ward/2015,fa26c69869ce
Jharkhand|2015|||gp_ward|East Singhbhum|||16|कालचीती|06||,2,jharkhand/gp_ward/2015,068905488621
Jharkhand|2015|||gp_ward|East Singhbhum|||16|कालचीती|06||,2,jharkhand/gp_ward/2015,2abf426edfb3
Jharkhand|2015|||gp_ward|East Singhbhum|||16|कालचीती|07||,2,jharkhand/gp_ward/2015,d054aeb0bec4
Jharkhand|2015|||gp_ward|East Singhbhum|||16|कालचीती|07||,2,jharkhand/gp_ward/2015,a33ad08e451f
Jharkhand|2015|||gp_ward|East Singhbhum|||16|कालचीती|08||,2,jharkhand/gp_ward/2015,73ca56216722
Jharkhand|2015|||gp_ward|East Singhbhum|||16|कालचीती|08||,2,jharkhand/gp_ward/2015,a5b593245034
Jharkhand|2015|||gp_ward|East Singhbhum|||16|कालचीती|09||,2,jharkhand/gp_ward/2015,32b8a0a1409b
Jharkhand|2015|||gp_ward|East Singhbhum|||16|कालचीती|09||,2,jharkhand/gp_ward/2015,c4a83feecfa0
Jharkhand|2015|||gp_ward|East Singhbhum|||16|कालचीती|10||,2,jharkhand/gp_ward/2015,5321624fb9b2
Jharkhand|2015|||gp_ward|East Singhbhum|||16|कालचीती|10||,2,jharkhand/gp_ward/2015,0e893e54e9b0
Jharkhand|2015|||gp_ward|East Singhbhum|||16|कालचीती|11||,2,jharkhand/gp_ward/2015,2c1181dcb50e
Jharkhand|2015|||gp_ward|East Singhbhum|||16|कालचीती|11||,2,jharkhand/gp_ward/2015,26fc3d597d81
Jharkhand|2015|||gp_ward|East Singhbhum|||16|कालचीती|12||,2,jharkhand/gp_ward/2015,666d129f8ca9
Jharkhand|2015|||gp_ward|East Singhbhum|||16|कालचीती|12||,2,jharkhand/gp_ward/2015,8af921017636
Jharkhand|2015|||gp_ward|East Singhbhum|||16|कालचीती|13||,2,jharkhand/gp_ward/2015,75641985c7ab
Jharkhand|2015|||gp_ward|East Singhbhum|||16|कालचीती|13||,2,jharkhand/gp_ward/2015,597c79cc0831
Jharkhand|2015|||gp_ward|East Singhbhum|||17|झा¡टीझरना|01||,2,jharkhand/gp_ward/2015,bfac9da92cb2
Jharkhand|2015|||gp_ward|East Singhbhum|||17|झा¡टीझरना|01||,2,jharkhand/gp_ward/2015,bb40b9862571
Jharkhand|2015|||gp_ward|East Singhbhum|||17|झा¡टीझरना|02||,2,jharkhand/gp_ward/2015,94af937e5f8e
Jharkhand|2015|||gp_ward|East Singhbhum|||17|झा¡टीझरना|02||,2,jharkhand/gp_ward/2015,3355b4439485
Jharkhand|2015|||gp_ward|East Singhbhum|||17|झा¡टीझरना|03||,2,jharkhand/gp_ward/2015,1021a49bba08
Jharkhand|2015|||gp_ward|East Singhbhum|||17|झा¡टीझरना|03||,2,jharkhand/gp_ward/2015,ed1747041626
Jharkhand|2015|||gp_ward|East Singhbhum|||17|झा¡टीझरना|04||,2,jharkhand/gp_ward/2015,f0f41af35af4
Jharkhand|2015|||gp_ward|East Singhbhum|||17|झा¡टीझरना|04||,2,jharkhand/gp_ward/2015,b12bc63332d0
Jharkhand|2015|||gp_ward|East Singhbhum|||17|झा¡टीझरना|05||,2,jharkhand/gp_ward/2015,ce3ae4199909
Jharkhand|2015|||gp_ward|East Singhbhum|||17|झा¡टीझरना|05||,2,jharkhand/gp_ward/2015,2951d88533b8
Jharkhand|2015|||gp_ward|East Singhbhum|||17|झा¡टीझरना|06||,2,jharkhand/gp_ward/2015,65bebb1f40c8
Jharkhand|2015|||gp_ward|East Singhbhum|||17|झा¡टीझरना|06||,2,jharkhand/gp_ward/2015,6c6e46e5da47
Jharkhand|2015|||gp_ward|East Singhbhum|||17|झा¡टीझरना|07||,2,jharkhand/gp_ward/2015,49b00777268d
Jharkhand|2015|||gp_ward|East Singhbhum|||17|झा¡टीझरना|07||,2,jharkhand/gp_ward/2015,b60e916c4963
Jharkhand|2015|||gp_ward|East Singhbhum|||18|भादुआ|01||,2,jharkhand/gp_ward/2015,e4f451ed0bb3
Jharkhand|2015|||gp_ward|East Singhbhum|||18|भादुआ|01||,2,jharkhand/gp_ward/2015,e593d85b1538
Jharkhand|2015|||gp_ward|East Singhbhum|||18|भादुआ|02||,2,jharkhand/gp_ward/2015,313fedb19a01
Jharkhand|2015|||gp_ward|East Singhbhum|||18|भादुआ|02||,2,jharkhand/gp_ward/2015,b8b0ec30231d
Jharkhand|2015|||gp_ward|East Singhbhum|||18|भादुआ|03||,2,jharkhand/gp_ward/2015,12b697b0d9bb
Jharkhand|2015|||gp_ward|East Singhbhum|||18|भादुआ|03||,2,jharkhand/gp_ward/2015,ad408f33a227
Jharkhand|2015|||gp_ward|East Singhbhum|||18|भादुआ|04||,2,jharkhand/gp_ward/2015,571626508730
Jharkhand|2015|||gp_ward|East Singhbhum|||18|भादुआ|04||,2,jharkhand/gp_ward/2015,081415922b21
Jharkhand|2015|||gp_ward|East Singhbhum|||18|भादुआ|05||,2,jharkhand/gp_ward/2015,2dd80ac91093
Jharkhand|2015|||gp_ward|East Singhbhum|||18|भादुआ|05||,2,jharkhand/gp_ward/2015,d1f458e485f6
Jharkhand|2015|||gp_ward|East Singhbhum|||18|भादुआ|06||,2,jharkhand/gp_ward/2015,7d9e7f60cf5e
Jharkhand|2015|||gp_ward|East Singhbhum|||18|भादुआ|06||,2,jharkhand/gp_ward/2015,e81864512c57
Jharkhand|2015|||gp_ward|East Singhbhum|||18|भादुआ|07||,2,jharkhand/gp_ward/2015,910928310b2d
Jharkhand|2015|||gp_ward|East Singhbhum|||18|भादुआ|07||,2,jharkhand/gp_ward/2015,a8ab4387b4b3
Jharkhand|2015|||gp_ward|East Singhbhum|||18|भादुआ|08||,2,jharkhand/gp_ward/2015,77ca783bbdbb
Jharkhand|2015|||gp_ward|East Singhbhum|||18|भादुआ|08||,2,jharkhand/gp_ward/2015,548cc146c66e
Jharkhand|2015|||gp_ward|East Singhbhum|||18|भादुआ|09||,2,jharkhand/gp_ward/2015,8a15c3874351
Jharkhand|2015|||gp_ward|East Singhbhum|||18|भादुआ|09||,2,jharkhand/gp_ward/2015,ebdbcd47e354
Jharkhand|2015|||gp_ward|East Singhbhum|||18|भादुआ|10||,2,jharkhand/gp_ward/2015,b71569c534a2
Jharkhand|2015|||gp_ward|East Singhbhum|||18|भादुआ|10||,2,jharkhand/gp_ward/2015,aeb854c7f074
Jharkhand|2015|||gp_ward|East Singhbhum|||18|भादुआ|11||,2,jharkhand/gp_ward/2015,2d698861bc5d
Jharkhand|2015|||gp_ward|East Singhbhum|||18|भादुआ|11||,2,jharkhand/gp_ward/2015,665505e0e2cf
Jharkhand|2015|||gp_ward|East Singhbhum|||19|बड़ाजुड़ी|01||,2,jharkhand/gp_ward/2015,0a0a8784c5ce
Jharkhand|2015|||gp_ward|East Singhbhum|||19|बड़ाजुड़ी|01||,2,jharkhand/gp_ward/2015,31628f36acc7
Jharkhand|2015|||gp_ward|East Singhbhum|||19|बड़ाजुड़ी|02||,2,jharkhand/gp_ward/2015,eac7febdeb31
Jharkhand|2015|||gp_ward|East Singhbhum|||19|बड़ाजुड़ी|02||,2,jharkhand/gp_ward/2015,d01b503ea0d3
Jharkhand|2015|||gp_ward|East Singhbhum|||19|बड़ाजुड़ी|03||,2,jharkhand/gp_ward/2015,de82696344bd
Jharkhand|2015|||gp_ward|East Singhbhum|||19|बड़ाजुड़ी|03||,2,jharkhand/gp_ward/2015,1afa9ba615f9
Jharkhand|2015|||gp_ward|East Singhbhum|||19|बड़ाजुड़ी|04||,2,jharkhand/gp_ward/2015,f149f1847648
Jharkhand|2015|||gp_ward|East Singhbhum|||19|बड़ाजुड़ी|04||,2,jharkhand/gp_ward/2015,450d1717f9ba
Jharkhand|2015|||gp_ward|East Singhbhum|||19|बड़ाजुड़ी|05||,2,jharkhand/gp_ward/2015,edf1c89ec2fc
Jharkhand|2015|||gp_ward|East Singhbhum|||19|बड़ाजुड़ी|05||,2,jharkhand/gp_ward/2015,83ac05372349
Jharkhand|2015|||gp_ward|East Singhbhum|||19|बड़ाजुड़ी|06||,2,jharkhand/gp_ward/2015,ab603d1b6702
Jharkhand|2015|||gp_ward|East Singhbhum|||19|बड़ाजुड़ी|06||,2,jharkhand/gp_ward/2015,45d6aa07f9f8
Jharkhand|2015|||gp_ward|East Singhbhum|||19|बड़ाजुड़ी|07||,2,jharkhand/gp_ward/2015,e630763ec1a5
Jharkhand|2015|||gp_ward|East Singhbhum|||19|बड़ाजुड़ी|07||,2,jharkhand/gp_ward/2015,f91ef7c0abd7
Jharkhand|2015|||gp_ward|East Singhbhum|||19|बड़ाजुड़ी|08||,2,jharkhand/gp_ward/2015,fc985d06d580
Jharkhand|2015|||gp_ward|East Singhbhum|||19|बड़ाजुड़ी|08||,2,jharkhand/gp_ward/2015,265a3229e67d
Jharkhand|2015|||gp_ward|East Singhbhum|||19|बड़ाजुड़ी|09||,2,jharkhand/gp_ward/2015,d1616e0706a5
Jharkhand|2015|||gp_ward|East Singhbhum|||19|बड़ाजुड़ी|09||,2,jharkhand/gp_ward/2015,e328381419dc
Jharkhand|2015|||gp_ward|East Singhbhum|||19|बड़ाजुड़ी|10||,2,jharkhand/gp_ward/2015,619fc5e4b34c
Jharkhand|2015|||gp_ward|East Singhbhum|||19|बड़ाजुड़ी|10||,2,jharkhand/gp_ward/2015,371a14955104
Jharkhand|2015|||gp_ward|East Singhbhum|||19|बड़ाजुड़ी|11||,2,jharkhand/gp_ward/2015,978e4b4f9b23
Jharkhand|2015|||gp_ward|East Singhbhum|||19|बड़ाजुड़ी|11||,2,jharkhand/gp_ward/2015,10ed761c20fb
Jharkhand|2015|||gp_ward|East Singhbhum|||19|बड़ाजुड़ी|12||,2,jharkhand/gp_ward/2015,f7f710f0af67
Jharkhand|2015|||gp_ward|East Singhbhum|||19|बड़ाजुड़ी|12||,2,jharkhand/gp_ward/2015,42a5f0c5e7ce
Jharkhand|2015|||gp_ward|East Singhbhum|||20|बा¡की|01||,2,jharkhand/gp_ward/2015,848b986604cc
Jharkhand|2015|||gp_ward|East Singhbhum|||20|बा¡की|01||,2,jharkhand/gp_ward/2015,c9ef8e4a0db5
Jharkhand|2015|||gp_ward|East Singhbhum|||20|बा¡की|02||,2,jharkhand/gp_ward/2015,8b882cc43748
Jharkhand|2015|||gp_ward|East Singhbhum|||20|बा¡की|02||,2,jharkhand/gp_ward/2015,4aa369775db7
Jharkhand|2015|||gp_ward|East Singhbhum|||20|बा¡की|03||,2,jharkhand/gp_ward/2015,a58a48636a76
Jharkhand|2015|||gp_ward|East Singhbhum|||20|बा¡की|03||,2,jharkhand/gp_ward/2015,4e0234d40d4e
Jharkhand|2015|||gp_ward|East Singhbhum|||20|बा¡की|04||,2,jharkhand/gp_ward/2015,d739e3451107
Jharkhand|2015|||gp_ward|East Singhbhum|||20|बा¡की|04||,2,jharkhand/gp_ward/2015,0caadbaef9b1
Jharkhand|2015|||gp_ward|East Singhbhum|||20|बा¡की|05||,2,jharkhand/gp_ward/2015,c9dd5918170f
Jharkhand|2015|||gp_ward|East Singhbhum|||20|बा¡की|05||,2,jharkhand/gp_ward/2015,59b5fd6d1bd0
Jharkhand|2015|||gp_ward|East Singhbhum|||20|बा¡की|06||,2,jharkhand/gp_ward/2015,244d1c179b08
Jharkhand|2015|||gp_ward|East Singhbhum|||20|बा¡की|06||,2,jharkhand/gp_ward/2015,dd3468cb942b
Jharkhand|2015|||gp_ward|East Singhbhum|||20|बा¡की|07||,2,jharkhand/gp_ward/2015,596f47be4692
Jharkhand|2015|||gp_ward|East Singhbhum|||20|बा¡की|07||,2,jharkhand/gp_ward/2015,0f52b2721e6c
Jharkhand|2015|||gp_ward|East Singhbhum|||20|बा¡की|08||,2,jharkhand/gp_ward/2015,3ea0c10ff339
Jharkhand|2015|||gp_ward|East Singhbhum|||20|बा¡की|08||,2,jharkhand/gp_ward/2015,b0b1171730c0
Jharkhand|2015|||gp_ward|East Singhbhum|||20|बा¡की|09||,2,jharkhand/gp_ward/2015,1bd5a9f85872
Jharkhand|2015|||gp_ward|East Singhbhum|||20|बा¡की|09||,2,jharkhand/gp_ward/2015,9db13697944a
Jharkhand|2015|||gp_ward|East Singhbhum|||20|बा¡की|10||,2,jharkhand/gp_ward/2015,d81f94e7cc48
Jharkhand|2015|||gp_ward|East Singhbhum|||20|बा¡की|10||,2,jharkhand/gp_ward/2015,ececdbd312f5
Jharkhand|2015|||gp_ward|East Singhbhum|||20|बा¡की|11||,2,jharkhand/gp_ward/2015,87f42c331bcc
Jharkhand|2015|||gp_ward|East Singhbhum|||20|बा¡की|11||,2,jharkhand/gp_ward/2015,069b40c4da4a
Jharkhand|2015|||gp_ward|East Singhbhum|||21|काड़ाडुबा|01||,2,jharkhand/gp_ward/2015,7f3f2a6691fa
Jharkhand|2015|||gp_ward|East Singhbhum|||21|काड़ाडुबा|01||,2,jharkhand/gp_ward/2015,16d710453ef8
Jharkhand|2015|||gp_ward|East Singhbhum|||21|काड़ाडुबा|02||,2,jharkhand/gp_ward/2015,a52eb65b5c58
Jharkhand|2015|||gp_ward|East Singhbhum|||21|काड़ाडुबा|02||,2,jharkhand/gp_ward/2015,031cde871d51
Jharkhand|2015|||gp_ward|East Singhbhum|||21|काड़ाडुबा|03||,2,jharkhand/gp_ward/2015,219b44d5becf
Jharkhand|2015|||gp_ward|East Singhbhum|||21|काड़ाडुबा|03||,2,jharkhand/gp_ward/2015,95232e8d1be2
Jharkhand|2015|||gp_ward|East Singhbhum|||21|काड़ाडुबा|04||,2,jharkhand/gp_ward/2015,1c49674b72bb
Jharkhand|2015|||gp_ward|East Singhbhum|||21|काड़ाडुबा|04||,2,jharkhand/gp_ward/2015,ad3cee6746b9
Jharkhand|2015|||gp_ward|East Singhbhum|||21|काड़ाडुबा|05||,2,jharkhand/gp_ward/2015,e74e86aa18fa
Jharkhand|2015|||gp_ward|East Singhbhum|||21|काड़ाडुबा|05||,2,jharkhand/gp_ward/2015,635dada25bfe
Jharkhand|2015|||gp_ward|East Singhbhum|||21|काड़ाडुबा|06||,2,jharkhand/gp_ward/2015,12fe4dd89e19
Jharkhand|2015|||gp_ward|East Singhbhum|||21|काड़ाडुबा|06||,2,jharkhand/gp_ward/2015,77299d5305ce
Jharkhand|2015|||gp_ward|East Singhbhum|||21|काड़ाडुबा|07||,2,jharkhand/gp_ward/2015,c45c4a214467
Jharkhand|2015|||gp_ward|East Singhbhum|||21|काड़ाडुबा|07||,2,jharkhand/gp_ward/2015,7460eaac80ad
Jharkhand|2015|||gp_ward|East Singhbhum|||21|काड़ाडुबा|08||,2,jharkhand/gp_ward/2015,cd6240a14cc0
Jharkhand|2015|||gp_ward|East Singhbhum|||21|काड़ाडुबा|08||,2,jharkhand/gp_ward/2015,68c63744d3c1
Jharkhand|2015|||gp_ward|East Singhbhum|||21|काड़ाडुबा|09||,2,jharkhand/gp_ward/2015,53eb1d1d8b1e
Jharkhand|2015|||gp_ward|East Singhbhum|||21|काड़ाडुबा|09||,2,jharkhand/gp_ward/2015,d83fa0f3d684
Jharkhand|2015|||gp_ward|East Singhbhum|||21|काड़ाडुबा|10||,2,jharkhand/gp_ward/2015,2ffb36ce64a9
Jharkhand|2015|||gp_ward|East Singhbhum|||21|काड़ाडुबा|10||,2,jharkhand/gp_ward/2015,a6a0b0ce9948
Jharkhand|2015|||gp_ward|East Singhbhum|||21|काड़ाडुबा|11||,2,jharkhand/gp_ward/2015,4f42c8264dc6
Jharkhand|2015|||gp_ward|East Singhbhum|||21|काड़ाडुबा|11||,2,jharkhand/gp_ward/2015,a29279d872d5
Jharkhand|2015|||gp_ward|East Singhbhum|||22|आसना|01||,2,jharkhand/gp_ward/2015,122be933a0f9
Jharkhand|2015|||gp_ward|East Singhbhum|||22|आसना|01||,2,jharkhand/gp_ward/2015,611a3dfa5b02
Jharkhand|2015|||gp_ward|East Singhbhum|||22|आसना|02||,2,jharkhand/gp_ward/2015,abd2fcc16241
Jharkhand|2015|||gp_ward|East Singhbhum|||22|आसना|02||,2,jharkhand/gp_ward/2015,cd02caab0e7f
Jharkhand|2015|||gp_ward|East Singhbhum|||22|आसना|03||,2,jharkhand/gp_ward/2015,1489eb83664e
Jharkhand|2015|||gp_ward|East Singhbhum|||22|आसना|03||,2,jharkhand/gp_ward/2015,24fb894ecc8a
Jharkhand|2015|||gp_ward|East Singhbhum|||22|आसना|04||,2,jharkhand/gp_ward/2015,4c373ba0bd7c
Jharkhand|2015|||gp_ward|East Singhbhum|||22|आसना|04||,2,jharkhand/gp_ward/2015,4af5872aef63
Jharkhand|2015|||gp_ward|East Singhbhum|||22|आसना|05||,2,jharkhand/gp_ward/2015,d72d5eda33be
Jharkhand|2015|||gp_ward|East Singhbhum|||22|आसना|05||,2,jharkhand/gp_ward/2015,18ba383428ba
Jharkhand|2015|||gp_ward|East Singhbhum|||22|आसना|06||,2,jharkhand/gp_ward/2015,fccfcc8e0a01
Jharkhand|2015|||gp_ward|East Singhbhum|||22|आसना|06||,2,jharkhand/gp_ward/2015,289eaaaf010e
Jharkhand|2015|||gp_ward|East Singhbhum|||22|आसना|07||,2,jharkhand/gp_ward/2015,c270b0726590
Jharkhand|2015|||gp_ward|East Singhbhum|||22|आसना|07||,2,jharkhand/gp_ward/2015,d624c2e1c65e
Jharkhand|2015|||gp_ward|East Singhbhum|||22|आसना|08||,2,jharkhand/gp_ward/2015,64ef9fc7c465
Jharkhand|2015|||gp_ward|East Singhbhum|||22|आसना|08||,2,jharkhand/gp_ward/2015,4a904a3c5c70
Jharkhand|2015|||gp_ward|East Singhbhum|||22|आसना|09||,2,jharkhand/gp_ward/2015,c487b64d3aa4
Jharkhand|2015|||gp_ward|East Singhbhum|||22|आसना|09||,2,jharkhand/gp_ward/2015,41f2ce38d4e2
Jharkhand|2015|||gp_ward|East Singhbhum|||22|आसना|10||,2,jharkhand/gp_ward/2015,d21e2c12495a
Jharkhand|2015|||gp_ward|East Singhbhum|||22|आसना|10||,2,jharkhand/gp_ward/2015,c10a9dd9817d
Jharkhand|2015|||gp_ward|East Singhbhum|||22|आसना|11||,2,jharkhand/gp_ward/2015,073b5486d6ef
Jharkhand|2015|||gp_ward|East Singhbhum|||22|आसना|11||,2,jharkhand/gp_ward/2015,94e7ce18501a
Jharkhand|2015|||gp_ward|East Singhbhum|||22|आसना|12||,2,jharkhand/gp_ward/2015,5f79c811c3c3
Jharkhand|2015|||gp_ward|East Singhbhum|||22|आसना|12||,2,jharkhand/gp_ward/2015,81376bd9fa6c
Jharkhand|2015|||gp_ward|East Singhbhum|गोलमुरी सह जुगसलाई||45|पशिचम घोड़ाबा¡धा|04||,2,jharkhand/gp_ward/2015,505de6d19654
Jharkhand|2015|||gp_ward|East Singhbhum|गोलमुरी सह जुगसलाई||45|पशिचम घोड़ाबा¡धा|04||,2,jharkhand/gp_ward/2015,6720a6e72021
Jharkhand|2015|||gp_ward|Godda|||14|बड़ा भोडाय|14||,2,jharkhand/gp_ward/2015,ce56f03e4355
Jharkhand|2015|||gp_ward|Godda|||14|बड़ा भोडाय|14||,2,jharkhand/gp_ward/2015,67affd1dc789
Jharkhand|2015|||gp_ward|Godda|||17|कुरमीचक|11||,2,jharkhand/gp_ward/2015,e427efd46e41
Jharkhand|2015|||gp_ward|Godda|||17|कुरमीचक|11||,2,jharkhand/gp_ward/2015,024ebad99e23
Jharkhand|2015|||gp_ward|Godda|||4|केन्दुआ|1||,2,jharkhand/gp_ward/2015,6a1edbbb2331
Jharkhand|2015|||gp_ward|Godda|||4|केन्दुआ|1||,2,jharkhand/gp_ward/2015,d63480ba8bbf
Jharkhand|2015|||gp_ward|Godda|||9|कसवा|11||,2,jharkhand/gp_ward/2015,3d69e78fa811
Jharkhand|2015|||gp_ward|Godda|||9|कसवा|11||,2,jharkhand/gp_ward/2015,347d7370e538
Jharkhand|2015|||gp_ward|Godda|||७|विसाहा|१||,2,jharkhand/gp_ward/2015,23fc57a3f487
Jharkhand|2015|||gp_ward|Godda|||७|विसाहा|१||,2,jharkhand/gp_ward/2015,3a01d22b3e2c
Jharkhand|2015|||gp_ward|Godda|ठाकुरगंगटी||12|मालमंडरी|1||,2,jharkhand/gp_ward/2015,8f742a08e584
Jharkhand|2015|||gp_ward|Godda|ठाकुरगंगटी||12|मालमंडरी|1||,2,jharkhand/gp_ward/2015,60d29128cba3
Jharkhand|2015|||gp_ward|Godda|सुन्दरपहाड़ी||5|पहाडपुर|1||,2,jharkhand/gp_ward/2015,50433cb2f4e2
Jharkhand|2015|||gp_ward|Godda|सुन्दरपहाड़ी||5|पहाडपुर|1||,2,jharkhand/gp_ward/2015,de5dbe8aaedc
Jharkhand|2015|||gp_ward|Latehar|||15|दुन्दू|12||,2,jharkhand/gp_ward/2015,b8a989ffb75a
Jharkhand|2015|||gp_ward|Latehar|||15|दुन्दू|12||,2,jharkhand/gp_ward/2015,0cac35288ebd
Jharkhand|2015|||gp_ward|Ranchi|नगड़ी–||10|द बम   ुडु|||,2,jharkhand/gp_ward/2015,5035eb27a146
Jharkhand|2015|||gp_ward|Ranchi|नगड़ी–||10|द बम   ुडु|||,2,jharkhand/gp_ward/2015,e6bda8ec57e9
Jharkhand|2015|||gp_ward|Simdega|||1|कुटमाकच्छार|||,2,jharkhand/gp_ward/2015,eeb261c53fed
Jharkhand|2015|||gp_ward|Simdega|||1|कुटमाकच्छार|||,2,jharkhand/gp_ward/2015,f47c8bcd7500
Rajasthan|2005|||gp_head|CHITTORGARH|BHUPAL SAGAR|||BHUPAL NAGAR|||,2,rajasthan/gp_head/2005,fa0ca17fb746
Rajasthan|2005|||gp_head|CHITTORGARH|BHUPAL SAGAR|||BHUPAL NAGAR|||,2,rajasthan/gp_head/2005,e29ce727835f
Rajasthan|2005|||gp_head|JAIPUR|GOVINDGARH|||ANATPURA|||,2,rajasthan/gp_head/2005,f401813817d8
Rajasthan|2005|||gp_head|JAIPUR|GOVINDGARH|||ANATPURA|||,2,rajasthan/gp_head/2005,b43120ba851e
Telangana|2019|||gp_head|Bhadradri|Palawancha|||Laxmidevipally|||,2,telangana/gp_head/2019,20f9a0c74283
Telangana|2019|||gp_head|Bhadradri|Palawancha|||Laxmidevipally|||,2,telangana/gp_head/2019,3c98735dcccc
Telangana|2019|||gp_head|Bhadradri|Tekulapalle|||Kothathanda|||,2,telangana/gp_head/2019,0b5c1838d2d5
Telangana|2019|||gp_head|Bhadradri|Tekulapalle|||Kothathanda|||,2,telangana/gp_head/2019,dfeb7063917e
Telangana|2019|||gp_head|Mahabubabad|Kuravi|||Rekula Thanda|||,2,telangana/gp_head/2019,c2f9996db0a6
Telangana|2019|||gp_head|Mahabubabad|Kuravi|||Rekula Thanda|||,2,telangana/gp_head/2019,1e9812840845
Telangana|2019|||gp_head|Mahabubabad|Nellikudur|||Pedda Thanda|||,2,telangana/gp_head/2019,8e53f721b515
Telangana|2019|||gp_head|Mahabubabad|Nellikudur|||Pedda Thanda|||,2,telangana/gp_head/2019,299367dad9d4
Telangana|2019|||gp_head|Nalgonda|Devarakonda|||Pathlavath Thanda|||,2,telangana/gp_head/2019,fe05297c2622
Telangana|2019|||gp_head|Nalgonda|Devarakonda|||Pathlavath Thanda|||,2,telangana/gp_head/2019,761a71d003b1
Telangana|2019|||gp_head|Vikarabad|Kulkacharla|||Chervumundali Thanda|||,2,telangana/gp_head/2019,05dc10e27b3e
Telangana|2019|||gp_head|Vikarabad|Kulkacharla|||Chervumundali Thanda|||,2,telangana/gp_head/2019,45351d5506d2
Telangana|2019|||gp_head|Warangal Rural|Raiparthy|||Jayaram Thanda|||,2,telangana/gp_head/2019,53a515ef452e
Telangana|2019|||gp_head|Warangal Rural|Raiparthy|||Jayaram Thanda|||,2,telangana/gp_head/2019,b5c48e751f3c
Telangana|2019|||gp_ward|Mahabubabad|Nellikudur|||Pedda Thanda|1||,2,telangana/gp_ward/2019,6a35a3364967
Telangana|2019|||gp_ward|Mahabubabad|Nellikudur|||Pedda Thanda|1||,2,telangana/gp_ward/2019,4af565d4382d
Telangana|2019|||gp_ward|Mahabubabad|Nellikudur|||Pedda Thanda|2||,2,telangana/gp_ward/2019,34349b2ad1eb
Telangana|2019|||gp_ward|Mahabubabad|Nellikudur|||Pedda Thanda|2||,2,telangana/gp_ward/2019,7c5563475255
Telangana|2019|||gp_ward|Mahabubabad|Nellikudur|||Pedda Thanda|3||,2,telangana/gp_ward/2019,2c549f67c7c9
Telangana|2019|||gp_ward|Mahabubabad|Nellikudur|||Pedda Thanda|3||,2,telangana/gp_ward/2019,a3e4f52fd041
Telangana|2019|||gp_ward|Mahabubabad|Nellikudur|||Pedda Thanda|4||,2,telangana/gp_ward/2019,e42a607a583c
Telangana|2019|||gp_ward|Mahabubabad|Nellikudur|||Pedda Thanda|4||,2,telangana/gp_ward/2019,473ef6fb40ae
Telangana|2019|||gp_ward|Mahabubabad|Nellikudur|||Pedda Thanda|5||,2,telangana/gp_ward/2019,c1724ef63294
Telangana|2019|||gp_ward|Mahabubabad|Nellikudur|||Pedda Thanda|5||,2,telangana/gp_ward/2019,74f3528d9e92
Telangana|2019|||gp_ward|Mahabubabad|Nellikudur|||Pedda Thanda|6||,2,telangana/gp_ward/2019,c7d4b1de830e
Telangana|2019|||gp_ward|Mahabubabad|Nellikudur|||Pedda Thanda|6||,2,telangana/gp_ward/2019,a7d82a8197c0
Telangana|2019|||gp_ward|Mahabubabad|Nellikudur|||Pedda Thanda|7||,2,telangana/gp_ward/2019,756a205612c4
Telangana|2019|||gp_ward|Mahabubabad|Nellikudur|||Pedda Thanda|7||,2,telangana/gp_ward/2019,b8491434a60f
Telangana|2019|||gp_ward|Mahabubabad|Nellikudur|||Pedda Thanda|8||,2,telangana/gp_ward/2019,adc7c14e143a
Telangana|2019|||gp_ward|Mahabubabad|Nellikudur|||Pedda Thanda|8||,2,telangana/gp_ward/2019,c64d9051ddc5
Telangana|2019|||gp_ward|Warangal Rural|Raiparthy|||Jayaram Thanda|4||,2,telangana/gp_ward/2019,bdb35ceb6e26
Telangana|2019|||gp_ward|Warangal Rural|Raiparthy|||Jayaram Thanda|4||,2,telangana/gp_ward/2019,298a637d1e07
Telangana|2019|||gp_ward|Warangal Rural|Raiparthy|||Jayaram Thanda|5||,2,telangana/gp_ward/2019,f5cbc4d62200
Telangana|2019|||gp_ward|Warangal Rural|Raiparthy|||Jayaram Thanda|5||,2,telangana/gp_ward/2019,acd3f6f240c9
Telangana|2019|||gp_ward|Warangal Rural|Raiparthy|||Jayaram Thanda|6||,2,telangana/gp_ward/2019,4bdc29e72bb2
Telangana|2019|||gp_ward|Warangal Rural|Raiparthy|||Jayaram Thanda|6||,2,telangana/gp_ward/2019,3c50567e8080
Telangana|2019|||gp_ward|Warangal Rural|Raiparthy|||Jayaram Thanda|7||,2,telangana/gp_ward/2019,59a47f1a7225
Telangana|2019|||gp_ward|Warangal Rural|Raiparthy|||Jayaram Thanda|7||,2,telangana/gp_ward/2019,90b5bf6f9ae6
Telangana|2019|||gp_ward|Warangal Rural|Raiparthy|||Jayaram Thanda|8||,2,telangana/gp_ward/2019,d1799e34460c
Telangana|2019|||gp_ward|Warangal Rural|Raiparthy|||Jayaram Thanda|8||,2,telangana/gp_ward/2019,55b02e3f3a8e
Uttar Pradesh|2005|||gp_head|लखीमपुर खीरी|निघासन||1|रायपुर|||,2,uttar_pradesh/gp_head/2005,15fdb96bc066
Uttar Pradesh|2005|||gp_head|लखीमपुर खीरी|निघासन||1|रायपुर|||,2,uttar_pradesh/gp_head/2005,001c1f0e06c0
Uttar Pradesh|2010|||gp_head|बलिया|मुरली छपरा||15.0|कोडहरा नौबरार|||,2,uttar_pradesh/gp_head/2010,704a0734295c
Uttar Pradesh|2010|||gp_head|बलिया|मुरली छपरा||15.0|कोडहरा नौबरार|||,2,uttar_pradesh/gp_head/2010,a72f4f211e77
Uttarakhand|2008|||gp_head|चमोली|कर्णप्रयाग|||कमेडा|||,2,uttarakhand/gp_head/2008,20ebd561a488
Uttarakhand|2008|||gp_head|चमोली|कर्णप्रयाग|||कमेडा|||,2,uttarakhand/gp_head/2008,247a1acd79af
Uttarakhand|2008|||gp_head|चमोली|कर्णप्रयाग|||भटोली|||,2,uttarakhand/gp_head/2008,127e2ab7c631
Uttarakhand|2008|||gp_head|चमोली|कर्णप्रयाग|||भटोली|||,2,uttarakhand/gp_head/2008,b30b7059b06b
Uttarakhand|2008|||gp_head|पिथौरागढ|पिथौरागढ़|||रावलगांव|||,2,uttarakhand/gp_head/2008,d4fe91a8618d
Uttarakhand|2008|||gp_head|पिथौरागढ|पिथौरागढ़|||रावलगांव|||,2,uttarakhand/gp_head/2008,e75e207e45db
Uttarakhand|2008|||gp_head|पौडी गढवाल|कल्जीखाल|||वडकोट|||,2,uttarakhand/gp_head/2008,7e6aefaaae34
Uttarakhand|2008|||gp_head|पौडी गढवाल|कल्जीखाल|||वडकोट|||,2,uttarakhand/gp_head/2008,3b58e0023629
Uttarakhand|2008|||gp_head|पौडी गढवाल|द्वारीखाल|||भलगांव|||,2,uttarakhand/gp_head/2008,9e1270b1200e
Uttarakhand|2008|||gp_head|पौडी गढवाल|द्वारीखाल|||भलगांव|||,2,uttarakhand/gp_head/2008,9f27c063350b
Uttarakhand|2008|||gp_head|रूद्रप्रयाग|अगस्तमुनि|||बीरों|||,2,uttarakhand/gp_head/2008,c2195ef4f6fb
Uttarakhand|2008|||gp_head|रूद्रप्रयाग|अगस्तमुनि|||बीरों|||,2,uttarakhand/gp_head/2008,7515b529570a
Uttarakhand|2019|||gp_head|टिहरी गढवाल|कीर्तिनगर|||गवाणा|||,2,uttarakhand/gp_head/2019,86b58772c78c
Uttarakhand|2019|||gp_head|टिहरी गढवाल|कीर्तिनगर|||गवाणा|||,2,uttarakhand/gp_head/2019,8eedfca3c05e
Uttarakhand|2019|||gp_head|पौडी गढवाल|कल्जीखाल|||बडकोट|||,2,uttarakhand/gp_head/2019,e41ea76ee81b
Uttarakhand|2019|||gp_head|पौडी गढवाल|कल्जीखाल|||बडकोट|||,2,uttarakhand/gp_head/2019,556725fdc19f
Uttarakhand|2019|||gp_head|पौडी गढवाल|द्वारीखाल|||गूम|||,2,uttarakhand/gp_head/2019,3682598e83dd
Uttarakhand|2019|||gp_head|पौडी गढवाल|द्वारीखाल|||गूम|||,2,uttarakhand/gp_head/2019,495320bf1e07
