state,year,district,block,body,seat_no,seat_no_ocr,seat_no_from_order,ward_name,tier,tier_local,reservation,caste_reservation,caste_reservation_local,woman_reserved,reservation_raw,reservation_match_score,sc_rank_ocr,st_rank_ocr,listing_scope,script,text_source,ocr_mean_confidence,source_path,source_page,source_pdf,source_url,source_capture
Gujarat,2020,Bharuch,Bharuch,Bharuch,1,4,1,અમલેશ્વર,block_member,taluk panchayat member,BC Woman,BC,સા.શૈ.પછાતવર્ગ સ્ત્રી,1,સા.શૈ.પછાતવર્ગ સ્ત્રી,1.0,14,3,all_seats,gujarati,ocr,90.38,data/gujarat/2020_reservation/block_member_bharuch_tps_2020.pdf,8,block_member_bharuch_tps_2020.pdf,https://sec.gujarat.gov.in/images/Bharuch-TPS-2020.pdf,
Gujarat,2020,Bharuch,Bharuch,Bharuch,2,2,1,ભાડભુત,block_member,taluk panchayat member,BC Woman,BC,સા.શૈ.પછાતવર્ગ સ્ત્રી,1,સા.શૈ.પછાતવર્ગ સ્ત્રી,1.0,18,9,all_seats,gujarati,ocr,89.58,data/gujarat/2020_reservation/block_member_bharuch_tps_2020.pdf,8,block_member_bharuch_tps_2020.pdf,https://sec.gujarat.gov.in/images/Bharuch-TPS-2020.pdf,
Gujarat,2020,Bharuch,Bharuch,Bharuch,3,3,1,ભોલાવ-૧,block_member,taluk panchayat member,BC Other than Woman,BC,સા.શૈ.પછાતવર્ગ,0,સા.શૈ.પછાતવર્ગ,1.0,4,20,all_seats,gujarati,ocr,83.36,data/gujarat/2020_reservation/block_member_bharuch_tps_2020.pdf,8,block_member_bharuch_tps_2020.pdf,https://sec.gujarat.gov.in/images/Bharuch-TPS-2020.pdf,
Gujarat,2020,Bharuch,Bharuch,Bharuch,4,4,1,ભોલાવ-ર૨,block_member,taluk panchayat member,Woman,NONE,સામાન્ય સ્ત્રી,1,સામાન્ય સ્ત્રી,1.0,€,27,all_seats,gujarati,ocr,70.7,data/gujarat/2020_reservation/block_member_bharuch_tps_2020.pdf,8,block_member_bharuch_tps_2020.pdf,https://sec.gujarat.gov.in/images/Bharuch-TPS-2020.pdf,
Gujarat,2020,Bharuch,Bharuch,Bharuch,5,પ,1,ભોલાવ--૩,block_member,taluk panchayat member,Woman,NONE,સામાન્ય સ્ત્રી,1,સામાન્ય સ્ત્રી,1.0,# 13.,28,all_seats,gujarati,ocr,80.5,data/gujarat/2020_reservation/block_member_bharuch_tps_2020.pdf,8,block_member_bharuch_tps_2020.pdf,https://sec.gujarat.gov.in/images/Bharuch-TPS-2020.pdf,
Gujarat,2020,Bharuch,Bharuch,Bharuch,6,5,1,દહેગામ,block_member,taluk panchayat member,Woman,NONE,સામાન્ય સ્ત્રી,1,સામાન્યસ્ત્રી . .,1.0,16,ae,all_seats,gujarati,ocr,55.28,data/gujarat/2020_reservation/block_member_bharuch_tps_2020.pdf,8,block_member_bharuch_tps_2020.pdf,https://sec.gujarat.gov.in/images/Bharuch-TPS-2020.pdf,
Gujarat,2020,Bharuch,Bharuch,Bharuch,7,7,1,દયાદરા,block_member,taluk panchayat member,ST Other than Woman,ST,અનુસૂચિત આદિજાતિ,0,અનુસૂચિત આદિજાતિ ',1.0,ર3,11,all_seats,gujarati,ocr,58.05,data/gujarat/2020_reservation/block_member_bharuch_tps_2020.pdf,8,block_member_bharuch_tps_2020.pdf,https://sec.gujarat.gov.in/images/Bharuch-TPS-2020.pdf,
Gujarat,2020,Bharuch,Bharuch,Bharuch,8,8,1,ઝાડેશ્વર-૧,block_member,taluk panchayat member,Other than Woman,NONE,બિન અનામત સામાન્ય,0,બિન અનામત - સામાન્ય,1.0,ર8 _,30 .,all_seats,gujarati,ocr,84.07,data/gujarat/2020_reservation/block_member_bharuch_tps_2020.pdf,8,block_member_bharuch_tps_2020.pdf,https://sec.gujarat.gov.in/images/Bharuch-TPS-2020.pdf,
Gujarat,2020,Bharuch,Bharuch,Bharuch,9,9 |,1,ઝાડેશ્વર-ર,block_member,taluk panchayat member,SC Other than Woman,SC,અનુસૂચિત જાતિ,0,અનુસૂચિત જાતિ ',1.0,ર,ર4.,all_seats,gujarati,ocr,57.64,data/gujarat/2020_reservation/block_member_bharuch_tps_2020.pdf,8,block_member_bharuch_tps_2020.pdf,https://sec.gujarat.gov.in/images/Bharuch-TPS-2020.pdf,
Gujarat,2020,Bharuch,Bharuch,Bharuch,10,[| 10,1,ઝાડેશ્વર-૩,block_member,taluk panchayat member,ST Other than Woman,ST,અનુસૂચિત આદિજાતિ,0,અનુસૂચિત આદિજાતિ _,1.0,પ,12,all_seats,gujarati,ocr,76.24,data/gujarat/2020_reservation/block_member_bharuch_tps_2020.pdf,8,block_member_bharuch_tps_2020.pdf,https://sec.gujarat.gov.in/images/Bharuch-TPS-2020.pdf,
Gujarat,2020,Bharuch,Bharuch,Bharuch,11,44,1,ઝણોર,block_member,taluk panchayat member,Other than Woman,NONE,બિન અનામત સામાન્ય,0,બિન અનામત સામાન્થ,0.9333,19,19,all_seats,gujarati,ocr,83.51,data/gujarat/2020_reservation/block_member_bharuch_tps_2020.pdf,8,block_member_bharuch_tps_2020.pdf,https://sec.gujarat.gov.in/images/Bharuch-TPS-2020.pdf,
Gujarat,2020,Bharuch,Bharuch,Bharuch,12,* 12,1,ક્ુવિઠા,block_member,taluk panchayat member,Woman,NONE,સામાન્ય સ્ત્રી,1,] સામાન્ય સ્ત્રી,1.0,10,2,all_seats,gujarati,ocr,71.7,data/gujarat/2020_reservation/block_member_bharuch_tps_2020.pdf,8,block_member_bharuch_tps_2020.pdf,https://sec.gujarat.gov.in/images/Bharuch-TPS-2020.pdf,
Gujarat,2020,Bharuch,Bharuch,Bharuch,13,13,1,કોઠી,block_member,taluk panchayat member,Other than Woman,NONE,બિન અનામત સામાન્ય,0,બિનઅનામતસામાન્ય,1.0,ર1,qr.,all_seats,gujarati,ocr,85.91,data/gujarat/2020_reservation/block_member_bharuch_tps_2020.pdf,8,block_member_bharuch_tps_2020.pdf,https://sec.gujarat.gov.in/images/Bharuch-TPS-2020.pdf,
Gujarat,2020,Bharuch,Bharuch,Bharuch,14,14,1,કુકરવાડા,block_member,taluk panchayat member,ST Woman,ST,અનુસૂચિત આદિજાતિ સ્ત્રી,1,અનુસૂચિત આદિજાતિ સ્ત્રી,1.0,15,જૃ,all_seats,gujarati,ocr,73.7,data/gujarat/2020_reservation/block_member_bharuch_tps_2020.pdf,8,block_member_bharuch_tps_2020.pdf,https://sec.gujarat.gov.in/images/Bharuch-TPS-2020.pdf,
Gujarat,2020,Bharuch,Bharuch,Bharuch,15,15,1,મનુબર,block_member,taluk panchayat member,Other than Woman,NONE,બિન અનામત સામાન્ય,0,બિનઅનામત સામાન્ય,1.0,24,18,all_seats,gujarati,ocr,85.58,data/gujarat/2020_reservation/block_member_bharuch_tps_2020.pdf,8,block_member_bharuch_tps_2020.pdf,https://sec.gujarat.gov.in/images/Bharuch-TPS-2020.pdf,
Gujarat,2020,Bharuch,Bharuch,Bharuch,16,16.,1,નબીયુર,block_member,taluk panchayat member,Other than Woman,NONE,બિન અનામત સામાન્ય,0,બિન અનામત સામાન્ય *,1.0,17,14,all_seats,gujarati,ocr,88.48,data/gujarat/2020_reservation/block_member_bharuch_tps_2020.pdf,8,block_member_bharuch_tps_2020.pdf,https://sec.gujarat.gov.in/images/Bharuch-TPS-2020.pdf,
Gujarat,2020,Bharuch,Bharuch,Bharuch,17,17 |,1,નંદેલાવ-૧,block_member,taluk panchayat member,Woman,NONE,સામાન્ય સ્ત્રી,1,_ સામાન્યસ્ત્રી,1.0,4,22,all_seats,gujarati,ocr,65.02,data/gujarat/2020_reservation/block_member_bharuch_tps_2020.pdf,8,block_member_bharuch_tps_2020.pdf,https://sec.gujarat.gov.in/images/Bharuch-TPS-2020.pdf,
Gujarat,2020,Bharuch,Bharuch,Bharuch,18,18,1,નંદેલાવ--૨,block_member,taluk panchayat member,Woman,NONE,સામાન્ય સ્ત્રી,1,સામાન્યસ્રી,0.9167,3,29,all_seats,gujarati,ocr,84.19,data/gujarat/2020_reservation/block_member_bharuch_tps_2020.pdf,8,block_member_bharuch_tps_2020.pdf,https://sec.gujarat.gov.in/images/Bharuch-TPS-2020.pdf,
Gujarat,2020,Bharuch,Bharuch,Bharuch,19,19,1,નિકોરા,block_member,taluk panchayat member,Woman,NONE,સામાન્ય સ્ત્રી,1,સામાન્યસ્ત્રી *,1.0,,,all_seats,gujarati,ocr,67.48,data/gujarat/2020_reservation/block_member_bharuch_tps_2020.pdf,8,block_member_bharuch_tps_2020.pdf,https://sec.gujarat.gov.in/images/Bharuch-TPS-2020.pdf,
Gujarat,2020,Bharuch,Bharuch,Bharuch,20,20,1,પગુથણ,block_member,taluk panchayat member,Woman,NONE,સામાન્ય સ્ત્રી,1,સામાન્ય સ્ત્રી,1.0,9,દદ,all_seats,gujarati,ocr,75.53,data/gujarat/2020_reservation/block_member_bharuch_tps_2020.pdf,8,block_member_bharuch_tps_2020.pdf,https://sec.gujarat.gov.in/images/Bharuch-TPS-2020.pdf,
Gujarat,2020,Bharuch,Bharuch,Bharuch,21,21,1,પાલેજ-૧,block_member,taluk panchayat member,Woman,NONE,સામાન્ય સ્ત્રી,1,સામાન્ય સ્ત્રી,1.0,ર7,26,all_seats,gujarati,ocr,86.79,data/gujarat/2020_reservation/block_member_bharuch_tps_2020.pdf,8,block_member_bharuch_tps_2020.pdf,https://sec.gujarat.gov.in/images/Bharuch-TPS-2020.pdf,
Gujarat,2020,Bharuch,Bharuch,Bharuch,22,22,1,પયાલેજ-ર,block_member,taluk panchayat member,ST Woman,ST,અનુસૂચિત આદિજાતિ સ્ત્રી,1,અનુસૂચિત આદિજાતિ સ્ત્રી,1.0,7,7,all_seats,gujarati,ocr,86.04,data/gujarat/2020_reservation/block_member_bharuch_tps_2020.pdf,8,block_member_bharuch_tps_2020.pdf,https://sec.gujarat.gov.in/images/Bharuch-TPS-2020.pdf,
Gujarat,2020,Bharuch,Bharuch,Bharuch,23,23,1,પારખેત,block_member,taluk panchayat member,Woman,NONE,સામાન્ય સ્ત્રી,1,સામાન્ય સ્ત્રી * .,1.0,12,પ,all_seats,gujarati,ocr,74.11,data/gujarat/2020_reservation/block_member_bharuch_tps_2020.pdf,8,block_member_bharuch_tps_2020.pdf,https://sec.gujarat.gov.in/images/Bharuch-TPS-2020.pdf,
Gujarat,2020,Bharuch,Bharuch,Bharuch,24,24,1,સેગવા,block_member,taluk panchayat member,Other than Woman,NONE,બિન અનામત સામાન્ય,0,બિનઅનામતસામાન્ય,1.0,20,17,all_seats,gujarati,ocr,82.13,data/gujarat/2020_reservation/block_member_bharuch_tps_2020.pdf,8,block_member_bharuch_tps_2020.pdf,https://sec.gujarat.gov.in/images/Bharuch-TPS-2020.pdf,
Gujarat,2020,Bharuch,Bharuch,Bharuch,25,24,1,શેરપુરા,block_member,taluk panchayat member,Other than Woman,NONE,બિન અનામત સામાન્ય,0,બિન અનામત સામાન્‍ય,1.0,30,21,all_seats,gujarati,ocr,83.73,data/gujarat/2020_reservation/block_member_bharuch_tps_2020.pdf,8,block_member_bharuch_tps_2020.pdf,https://sec.gujarat.gov.in/images/Bharuch-TPS-2020.pdf,
Gujarat,2020,Bharuch,Bharuch,Bharuch,26,ર6,1,શુકલતીર્થ,block_member,taluk panchayat member,ST Woman,ST,અનુસૂચિત આદિજાતિ સ્ત્રી,1,અનુસૂચિત આદિજાતિ સ્ત્રી,1.0,22,8,all_seats,gujarati,ocr,94.1,data/gujarat/2020_reservation/block_member_bharuch_tps_2020.pdf,8,block_member_bharuch_tps_2020.pdf,https://sec.gujarat.gov.in/images/Bharuch-TPS-2020.pdf,
Gujarat,2020,Bharuch,Bharuch,Bharuch,27,29,1,સીતપોણ,block_member,taluk panchayat member,ST Other than Woman,ST,અનુસૂચિત આદિજાતિ,0,અનુસૂચિત આદિજાતિ?,1.0,ર6,13,all_seats,gujarati,ocr,90.51,data/gujarat/2020_reservation/block_member_bharuch_tps_2020.pdf,8,block_member_bharuch_tps_2020.pdf,https://sec.gujarat.gov.in/images/Bharuch-TPS-2020.pdf,
Gujarat,2020,Bharuch,Bharuch,Bharuch,28,ર8,1,ટંકારીયા,block_member,taluk panchayat member,Other than Woman,NONE,બિન અનામત સામાન્ય,0,બિનઅનામત સામાન્ય,1.0,29,23,all_seats,gujarati,ocr,66.17,data/gujarat/2020_reservation/block_member_bharuch_tps_2020.pdf,8,block_member_bharuch_tps_2020.pdf,https://sec.gujarat.gov.in/images/Bharuch-TPS-2020.pdf,
Gujarat,2020,Bharuch,Bharuch,Bharuch,29,29,1,તવરા,block_member,taluk panchayat member,ST Other than Woman,ST,અનુસૂચિત આદિજાતિ,0,અનુસૂચિત આદિજાતિ,1.0,રપ,10,all_seats,gujarati,ocr,92.94,data/gujarat/2020_reservation/block_member_bharuch_tps_2020.pdf,8,block_member_bharuch_tps_2020.pdf,https://sec.gujarat.gov.in/images/Bharuch-TPS-2020.pdf,
Gujarat,2020,Bharuch,Bharuch,Bharuch,30,30 [|,1,ઉમરાજ,block_member,taluk panchayat member,Other than Woman,NONE,બિન અનામત સામાન્ય,0,બ્રિન્‌ અનામત સામાન્ય,0.9091,11,24,all_seats,gujarati,ocr,85.02,data/gujarat/2020_reservation/block_member_bharuch_tps_2020.pdf,8,block_member_bharuch_tps_2020.pdf,https://sec.gujarat.gov.in/images/Bharuch-TPS-2020.pdf,
Gujarat,2020,Bhavnagar,Bhavnagar,Bhavnagar,1,4,1,ભંડારીયા,block_member,taluk panchayat member,BC Woman,BC,સા.શૈ.પછાતવર્ગ સ્ત્રી,1,સા.શૈ.પછાતવર્ગ સ્ત્રી,1.0,10,વૃ,all_seats,gujarati,ocr,93.53,data/gujarat/2020_reservation/block_member_bhavnagar_tps_2020.pdf,6,block_member_bhavnagar_tps_2020.pdf,https://sec.gujarat.gov.in/images/Bhavnagar-TPS-2020.pdf,
Gujarat,2020,Bhavnagar,Bhavnagar,Bhavnagar,2,ર2,1,ભુંભલી,block_member,taluk panchayat member,BC Other than Woman,BC,સા.શૈ.પછાતવર્ગ,0,સા.શૈ.પછાતવર્ગ *,1.0,1ર,9,all_seats,gujarati,ocr,85.31,data/gujarat/2020_reservation/block_member_bhavnagar_tps_2020.pdf,6,block_member_bhavnagar_tps_2020.pdf,https://sec.gujarat.gov.in/images/Bhavnagar-TPS-2020.pdf,
Gujarat,2020,Bhavnagar,Bhavnagar,Bhavnagar,3,3,1,બુધેલ-૧,block_member,taluk panchayat member,Other than Woman,NONE,બિન અનામત સામાન્ય,0,બિનઅનામત સામાન્ય,1.0,16,3,all_seats,gujarati,ocr,81.39,data/gujarat/2020_reservation/block_member_bhavnagar_tps_2020.pdf,6,block_member_bhavnagar_tps_2020.pdf,https://sec.gujarat.gov.in/images/Bhavnagar-TPS-2020.pdf,
Gujarat,2020,Bhavnagar,Bhavnagar,Bhavnagar,4,¥,1,બધેલ-૨,block_member,taluk panchayat member,Other than Woman,NONE,બિન અનામત સામાન્ય,0,બિનઅનામત સામાન્ય,1.0,4,-,all_seats,gujarati,ocr,74.91,data/gujarat/2020_reservation/block_member_bhavnagar_tps_2020.pdf,6,block_member_bhavnagar_tps_2020.pdf,https://sec.gujarat.gov.in/images/Bhavnagar-TPS-2020.pdf,
Gujarat,2020,Bhavnagar,Bhavnagar,Bhavnagar,5,પ,1,હાથબ,block_member,taluk panchayat member,Other than Woman,NONE,બિન અનામત સામાન્ય,0,બિનઅનામત સામાન્ય -,1.0,"14""",~ [|,all_seats,gujarati,ocr,57.38,data/gujarat/2020_reservation/block_member_bhavnagar_tps_2020.pdf,6,block_member_bhavnagar_tps_2020.pdf,https://sec.gujarat.gov.in/images/Bhavnagar-TPS-2020.pdf,
Gujarat,2020,Bhavnagar,Bhavnagar,Bhavnagar,6,€,1,કાળાતળાવ,block_member,taluk panchayat member,ST Other than Woman,ST,અનુસૂચિત આદિજાતિ,0,_ અનુસૂચિત આદિજાતિ,1.0,પ,રૈ,all_seats,gujarati,ocr,68.98,data/gujarat/2020_reservation/block_member_bhavnagar_tps_2020.pdf,6,block_member_bhavnagar_tps_2020.pdf,https://sec.gujarat.gov.in/images/Bhavnagar-TPS-2020.pdf,
Gujarat,2020,Bhavnagar,Bhavnagar,Bhavnagar,7,g,1,કમળેજ,block_member,taluk panchayat member,Other than Woman,NONE,બિન અનામત સામાન્ય,0,બિનઅનામત સામાન્ય,1.0,3,-,all_seats,gujarati,ocr,83.03,data/gujarat/2020_reservation/block_member_bhavnagar_tps_2020.pdf,6,block_member_bhavnagar_tps_2020.pdf,https://sec.gujarat.gov.in/images/Bhavnagar-TPS-2020.pdf,
Gujarat,2020,Bhavnagar,Bhavnagar,Bhavnagar,8,8,1,કરદેજ,block_member,taluk panchayat member,Other than Woman,NONE,બિન અનામત સામાન્ય,0,_ બિનઅનામત સામાન્ય,1.0,11,જ4,all_seats,gujarati,ocr,67.01,data/gujarat/2020_reservation/block_member_bhavnagar_tps_2020.pdf,6,block_member_bhavnagar_tps_2020.pdf,https://sec.gujarat.gov.in/images/Bhavnagar-TPS-2020.pdf,
Gujarat,2020,Bhavnagar,Bhavnagar,Bhavnagar,9,હ,1,ખડસલીયા,block_member,taluk panchayat member,Other than Woman,NONE,બિન અનામત સામાન્ય,0,બિનઅનામત સામાન્ય,1.0,19,પ,all_seats,gujarati,ocr,67.88,data/gujarat/2020_reservation/block_member_bhavnagar_tps_2020.pdf,6,block_member_bhavnagar_tps_2020.pdf,https://sec.gujarat.gov.in/images/Bhavnagar-TPS-2020.pdf,
Gujarat,2020,Bhavnagar,Bhavnagar,Bhavnagar,10,10,1,કોળીયાક,block_member,taluk panchayat member,Other than Woman,NONE,બિન અનામત સામાન્ય,0,બિનઅનામત સામાન્ય,1.0,9,-,all_seats,gujarati,ocr,80.9,data/gujarat/2020_reservation/block_member_bhavnagar_tps_2020.pdf,6,block_member_bhavnagar_tps_2020.pdf,https://sec.gujarat.gov.in/images/Bhavnagar-TPS-2020.pdf,
Gujarat,2020,Bhavnagar,Bhavnagar,Bhavnagar,11,11,1,લાખણકા,block_member,taluk panchayat member,Other than Woman,NONE,બિન અનામત સામાન્ય,0,બિનઅનામત સામાન્ય *,1.0,.'17,-,all_seats,gujarati,ocr,72.16,data/gujarat/2020_reservation/block_member_bhavnagar_tps_2020.pdf,6,block_member_bhavnagar_tps_2020.pdf,https://sec.gujarat.gov.in/images/Bhavnagar-TPS-2020.pdf,
Gujarat,2020,Bhavnagar,Bhavnagar,Bhavnagar,12,12,1,નાગધણીંબા,block_member,taluk panchayat member,Woman,NONE,સામાન્ય સ્ત્રી,1,સામાન્યસ્ત્રી,1.0,€,-,all_seats,gujarati,ocr,73.1,data/gujarat/2020_reservation/block_member_bhavnagar_tps_2020.pdf,6,block_member_bhavnagar_tps_2020.pdf,https://sec.gujarat.gov.in/images/Bhavnagar-TPS-2020.pdf,
Gujarat,2020,Bhavnagar,Bhavnagar,Bhavnagar,13,13,1,તવા માહઢીયાઃ,block_member,taluk panchayat member,Woman,NONE,સામાન્ય સ્ત્રી,1,સામાન્યસ્ત્રી,1.0,20,-,all_seats,gujarati,ocr,89.25,data/gujarat/2020_reservation/block_member_bhavnagar_tps_2020.pdf,6,block_member_bhavnagar_tps_2020.pdf,https://sec.gujarat.gov.in/images/Bhavnagar-TPS-2020.pdf,
Gujarat,2020,Bhavnagar,Bhavnagar,Bhavnagar,14,14,1,તવા રતનપર,block_member,taluk panchayat member,Woman,NONE,સામાન્ય સ્ત્રી,1,સામાન્યસ્ત્રી,1.0,ત,-,all_seats,gujarati,ocr,87.4,data/gujarat/2020_reservation/block_member_bhavnagar_tps_2020.pdf,6,block_member_bhavnagar_tps_2020.pdf,https://sec.gujarat.gov.in/images/Bhavnagar-TPS-2020.pdf,
Gujarat,2020,Bhavnagar,Bhavnagar,Bhavnagar,15,ay.,1,રાજગઢ,block_member,taluk panchayat member,Woman,NONE,સામાન્ય સ્ત્રી,1,' સામાન્ય સ્ત્રી,1.0,@,8,all_seats,gujarati,ocr,75.78,data/gujarat/2020_reservation/block_member_bhavnagar_tps_2020.pdf,6,block_member_bhavnagar_tps_2020.pdf,https://sec.gujarat.gov.in/images/Bhavnagar-TPS-2020.pdf,
Gujarat,2020,Bhavnagar,Bhavnagar,Bhavnagar,16,16,1,સરતાનપર,block_member,taluk panchayat member,Woman,NONE,સામાન્ય સ્ત્રી,1,સામાન્યસ્ત્રી,1.0,15,-,all_seats,gujarati,ocr,88.89,data/gujarat/2020_reservation/block_member_bhavnagar_tps_2020.pdf,6,block_member_bhavnagar_tps_2020.pdf,https://sec.gujarat.gov.in/images/Bhavnagar-TPS-2020.pdf,
Gujarat,2020,Bhavnagar,Bhavnagar,Bhavnagar,17,17,1,સોડવદરા,block_member,taluk panchayat member,Woman,NONE,સામાન્ય સ્ત્રી,1,સામાન્યસ્ત્રી,1.0,18,-,all_seats,gujarati,ocr,87.76,data/gujarat/2020_reservation/block_member_bhavnagar_tps_2020.pdf,6,block_member_bhavnagar_tps_2020.pdf,https://sec.gujarat.gov.in/images/Bhavnagar-TPS-2020.pdf,
Gujarat,2020,Bhavnagar,Bhavnagar,Bhavnagar,18,18,1,ઉંડવી,block_member,taluk panchayat member,Woman,NONE,સામાન્ય સ્ત્રી,1,સામાન્યસ્ત્રી,1.0,13,:,all_seats,gujarati,ocr,81.52,data/gujarat/2020_reservation/block_member_bhavnagar_tps_2020.pdf,6,block_member_bhavnagar_tps_2020.pdf,https://sec.gujarat.gov.in/images/Bhavnagar-TPS-2020.pdf,
Gujarat,2020,Bhavnagar,Bhavnagar,Bhavnagar,19,19,1,વરતેજ-૧,block_member,taluk panchayat member,Woman,NONE,સામાન્ય સ્ત્રી,1,સામાન્યસ્ત્રી,1.0,,€,all_seats,gujarati,ocr,89.51,data/gujarat/2020_reservation/block_member_bhavnagar_tps_2020.pdf,6,block_member_bhavnagar_tps_2020.pdf,https://sec.gujarat.gov.in/images/Bhavnagar-TPS-2020.pdf,
Gujarat,2020,Bhavnagar,Bhavnagar,Bhavnagar,20,20,1,વરતેજ-૨,block_member,taluk panchayat member,SC Woman,SC,અનુસૂચિત જાતિ સ્ત્રી,1,અનુસૂચિત જાતિ સ્ત્રી,1.0,,9,all_seats,gujarati,ocr,90.1,data/gujarat/2020_reservation/block_member_bhavnagar_tps_2020.pdf,6,block_member_bhavnagar_tps_2020.pdf,https://sec.gujarat.gov.in/images/Bhavnagar-TPS-2020.pdf,
Gujarat,2020,Surat,Choryasi,Choryasi,1,| 1_,1,ભટલાઈ,block_member,taluk panchayat member,BC Woman,BC,સા.શૈ.પછાતવર્ગ સ્ત્રી,1,| સા.શૈ.પછાતવર્ગ સ્ત્રી - 1,1.0,a,13,all_seats,gujarati,ocr,57.73,data/gujarat/2020_reservation/block_member_choryasi_tps_2020.pdf,6,block_member_choryasi_tps_2020.pdf,https://sec.gujarat.gov.in/images/Choryasi-TPS-2020.pdf,
Gujarat,2020,Surat,Choryasi,Choryasi,2,2,1,બોણંદ,block_member,taluk panchayat member,ST Woman,ST,અનુસૂચિત આદિજાતિ સ્ત્રી,1,અનુસૂચિત આદિજાતિ સ્રી *,0.95,2 -,4,all_seats,gujarati,ocr,56.3,data/gujarat/2020_reservation/block_member_choryasi_tps_2020.pdf,6,block_member_choryasi_tps_2020.pdf,https://sec.gujarat.gov.in/images/Choryasi-TPS-2020.pdf,
Gujarat,2020,Surat,Choryasi,Choryasi,3,3,1,દામકા,block_member,taluk panchayat member,Woman,NONE,સામાન્ય સ્ત્રી,1,| સામાન્ય સ્ત્રી .,1.0,40,11,all_seats,gujarati,ocr,57.35,data/gujarat/2020_reservation/block_member_choryasi_tps_2020.pdf,6,block_member_choryasi_tps_2020.pdf,https://sec.gujarat.gov.in/images/Choryasi-TPS-2020.pdf,
Gujarat,2020,Surat,Choryasi,Choryasi,4,x,1,હંજીરા-૧,block_member,taluk panchayat member,BC Other than Woman,BC,સા.શૈ.પછાતવર્ગ,0,સા.શૈપછાતવર્ગ,1.0,' 11,નિ,all_seats,gujarati,ocr,47.61,data/gujarat/2020_reservation/block_member_choryasi_tps_2020.pdf,6,block_member_choryasi_tps_2020.pdf,https://sec.gujarat.gov.in/images/Choryasi-TPS-2020.pdf,
Gujarat,2020,Surat,Choryasi,Choryasi,5,U |,1,હજીરા-૨,block_member,taluk panchayat member,Other than Woman,NONE,બિન અનામત સામાન્ય,0,બિન અનામત સામાન્ય,1.0,14.,15,all_seats,gujarati,ocr,67.31,data/gujarat/2020_reservation/block_member_choryasi_tps_2020.pdf,6,block_member_choryasi_tps_2020.pdf,https://sec.gujarat.gov.in/images/Choryasi-TPS-2020.pdf,
Gujarat,2020,Surat,Choryasi,Choryasi,6,5,1,હજીરા-૩,block_member,taluk panchayat member,Woman,NONE,સામાન્ય સ્ત્રી,1,* “'સામાન્યસ્ત્રી,1.0,' 15,as,all_seats,gujarati,ocr,58.92,data/gujarat/2020_reservation/block_member_choryasi_tps_2020.pdf,6,block_member_choryasi_tps_2020.pdf,https://sec.gujarat.gov.in/images/Choryasi-TPS-2020.pdf,
Gujarat,2020,Surat,Choryasi,Choryasi,7,7,1,કપ્લેથા,block_member,taluk panchayat member,Other than Woman,NONE,બિન અનામત સામાન્ય,0,. બિન અનામત સામાન્ય _,1.0,9.,“6,all_seats,gujarati,ocr,62.44,data/gujarat/2020_reservation/block_member_choryasi_tps_2020.pdf,6,block_member_choryasi_tps_2020.pdf,https://sec.gujarat.gov.in/images/Choryasi-TPS-2020.pdf,
Gujarat,2020,Surat,Choryasi,Choryasi,8,“| 8,1,વાસ,block_member,taluk panchayat member,Other than Woman,NONE,બિન અનામત સામાન્ય,0,_ બિન અનામત સામાન્ય,1.0,8,10,all_seats,gujarati,ocr,56.07,data/gujarat/2020_reservation/block_member_choryasi_tps_2020.pdf,6,block_member_choryasi_tps_2020.pdf,https://sec.gujarat.gov.in/images/Choryasi-TPS-2020.pdf,
Gujarat,2020,Surat,Choryasi,Choryasi,9,9 |,1,લાજપોર-૧,block_member,taluk panchayat member,Other than Woman,NONE,બિન અનામત સામાન્ય,0,બિનઅનામતસામાન્ય,1.0,16,7.,all_seats,gujarati,ocr,83.64,data/gujarat/2020_reservation/block_member_choryasi_tps_2020.pdf,6,block_member_choryasi_tps_2020.pdf,https://sec.gujarat.gov.in/images/Choryasi-TPS-2020.pdf,
Gujarat,2020,Surat,Choryasi,Choryasi,10,| 10,1,લાજપોર-૨,block_member,taluk panchayat member,ST Other than Woman,ST,અનુસૂચિત આદિજાતિ,0,અનુસૂચિત આદિજાતિ,1.0,4,4,all_seats,gujarati,ocr,78.35,data/gujarat/2020_reservation/block_member_choryasi_tps_2020.pdf,6,block_member_choryasi_tps_2020.pdf,https://sec.gujarat.gov.in/images/Choryasi-TPS-2020.pdf,
Gujarat,2020,Surat,Choryasi,Choryasi,11,11,1,મ્હોણી,block_member,taluk panchayat member,ST Woman,ST,અનુસૂચિત આદિજાતિ સ્ત્રી,1,_ અનુસૂચિત આદિજાતિસ્ત્રી,1.0,પ,,all_seats,gujarati,ocr,89.77,data/gujarat/2020_reservation/block_member_choryasi_tps_2020.pdf,6,block_member_choryasi_tps_2020.pdf,https://sec.gujarat.gov.in/images/Choryasi-TPS-2020.pdf,
Gujarat,2020,Surat,Choryasi,Choryasi,12,12 |,1,મોજરા-૧,block_member,taluk panchayat member,Woman,NONE,સામાન્ય સ્ત્રી,1,સામાન્ય સ્ત્રી,1.0,3,12,all_seats,gujarati,ocr,75.47,data/gujarat/2020_reservation/block_member_choryasi_tps_2020.pdf,6,block_member_choryasi_tps_2020.pdf,https://sec.gujarat.gov.in/images/Choryasi-TPS-2020.pdf,
Gujarat,2020,Surat,Choryasi,Choryasi,13,13,1,મોરા-૨,block_member,taluk panchayat member,Woman,NONE,સામાન્ય સ્ત્રી,1,-. સામાન્ય સ્ત્રી,1.0,43,- ay,all_seats,gujarati,ocr,69.54,data/gujarat/2020_reservation/block_member_choryasi_tps_2020.pdf,6,block_member_choryasi_tps_2020.pdf,https://sec.gujarat.gov.in/images/Choryasi-TPS-2020.pdf,
Gujarat,2020,Surat,Choryasi,Choryasi,14,| 14,1,સણીયાકણદે,block_member,taluk panchayat member,ST Other than Woman,ST,અનુસૂચિત આદિજાતિ,0,અનુસૂચિત આદિજાતિ,1.0,ફુ,રિ,all_seats,gujarati,ocr,67.94,data/gujarat/2020_reservation/block_member_choryasi_tps_2020.pdf,6,block_member_choryasi_tps_2020.pdf,https://sec.gujarat.gov.in/images/Choryasi-TPS-2020.pdf,
Gujarat,2020,Surat,Choryasi,Choryasi,15,15,1,સુંવાલી,block_member,taluk panchayat member,Other than Woman,NONE,બિન અનામત સામાન્ય,0,બિન અનામત સામાન્ય .,1.0,12:,8,all_seats,gujarati,ocr,78.12,data/gujarat/2020_reservation/block_member_choryasi_tps_2020.pdf,6,block_member_choryasi_tps_2020.pdf,https://sec.gujarat.gov.in/images/Choryasi-TPS-2020.pdf,
Gujarat,2020,Surat,Choryasi,Choryasi,16,as,1,વાંઝ,block_member,taluk panchayat member,SC Woman,SC,અનુસૂચિત જાતિ સ્ત્રી,1,_ અનુસૂચિત જાતિ સ્ત્રી,1.0,4,Q,all_seats,gujarati,ocr,84.49,data/gujarat/2020_reservation/block_member_choryasi_tps_2020.pdf,6,block_member_choryasi_tps_2020.pdf,https://sec.gujarat.gov.in/images/Choryasi-TPS-2020.pdf,
Gujarat,2020,Surendranagar,Chotila,Chotila,1,| 1,1,આણંદપુર(ભા,block_member,taluk panchayat member,SC Woman,SC,અનુસૂચિત જાતિ સ્ત્રી,1,' અનુસૂચિત જાતિસ્ત્રી,1.0,2,0,all_seats,gujarati,ocr,80.08,data/gujarat/2020_reservation/block_member_chotila_tps_2020.pdf,7,block_member_chotila_tps_2020.pdf,https://sec.gujarat.gov.in/images/Chotila-TPS-2020.pdf,
Gujarat,2020,Surendranagar,Chotila,Chotila,2,ર,1,ચોબારી,block_member,taluk panchayat member,BC Woman,BC,સા.શૈ.પછાતવર્ગ સ્ત્રી,1,સા-શૈ.પછાતવર્ગસ્ત્રી _,1.0,13,દ,all_seats,gujarati,ocr,78.89,data/gujarat/2020_reservation/block_member_chotila_tps_2020.pdf,7,block_member_chotila_tps_2020.pdf,https://sec.gujarat.gov.in/images/Chotila-TPS-2020.pdf,
Gujarat,2020,Surendranagar,Chotila,Chotila,3,3,1,ઢોકળવા,block_member,taluk panchayat member,BC Other than Woman,BC,સા.શૈ.પછાતવર્ગ,0,સા.શૈ.પછાતવર્ગ,1.0,7,0,all_seats,gujarati,ocr,89.83,data/gujarat/2020_reservation/block_member_chotila_tps_2020.pdf,7,block_member_chotila_tps_2020.pdf,https://sec.gujarat.gov.in/images/Chotila-TPS-2020.pdf,
Gujarat,2020,Surendranagar,Chotila,Chotila,4,x,1,ગોલીડા,block_member,taluk panchayat member,Woman,NONE,સામાન્ય સ્ત્રી,1,સામાન્યસ્ત્રી _,1.0,14,a,all_seats,gujarati,ocr,70.67,data/gujarat/2020_reservation/block_member_chotila_tps_2020.pdf,7,block_member_chotila_tps_2020.pdf,https://sec.gujarat.gov.in/images/Chotila-TPS-2020.pdf,
Gujarat,2020,Surendranagar,Chotila,Chotila,5,પ.,1,ગુંદા,block_member,taluk panchayat member,Other than Woman,NONE,બિન અનામત સામાન્ય,0,બિનઅનામત સામાન્ય,1.0,“18,0,all_seats,gujarati,ocr,59.26,data/gujarat/2020_reservation/block_member_chotila_tps_2020.pdf,7,block_member_chotila_tps_2020.pdf,https://sec.gujarat.gov.in/images/Chotila-TPS-2020.pdf,
Gujarat,2020,Surendranagar,Chotila,Chotila,6,ગ,1,છ્ઠીરાસર,block_member,taluk panchayat member,Woman,NONE,સામાન્ય સ્ત્રી,1,સામાન્ય સ્ત્રી,1.0,17,0,all_seats,gujarati,ocr,77.58,data/gujarat/2020_reservation/block_member_chotila_tps_2020.pdf,7,block_member_chotila_tps_2020.pdf,https://sec.gujarat.gov.in/images/Chotila-TPS-2020.pdf,
Gujarat,2020,Surendranagar,Chotila,Chotila,7,7,1,ખાટડી,block_member,taluk panchayat member,Other than Woman,NONE,બિન અનામત સામાન્ય,0,બિનઅનામત સામાન્ય,1.0,é,7,all_seats,gujarati,ocr,81.83,data/gujarat/2020_reservation/block_member_chotila_tps_2020.pdf,7,block_member_chotila_tps_2020.pdf,https://sec.gujarat.gov.in/images/Chotila-TPS-2020.pdf,
Gujarat,2020,Surendranagar,Chotila,Chotila,8,8,1,ખેરાણા,block_member,taluk panchayat member,Other than Woman,NONE,બિન અનામત સામાન્ય,0,બિનઅનામત સામાન્ય,1.0,ay,0,all_seats,gujarati,ocr,82.74,data/gujarat/2020_reservation/block_member_chotila_tps_2020.pdf,7,block_member_chotila_tps_2020.pdf,https://sec.gujarat.gov.in/images/Chotila-TPS-2020.pdf,
Gujarat,2020,Surendranagar,Chotila,Chotila,9,9,1,ખેરડી,block_member,taluk panchayat member,ST Other than Woman,ST,અનુસૂચિત આદિજાતિ,0,અનુસૃચિત આદિજાતિ *,0.9333,4,2,all_seats,gujarati,ocr,82.58,data/gujarat/2020_reservation/block_member_chotila_tps_2020.pdf,7,block_member_chotila_tps_2020.pdf,https://sec.gujarat.gov.in/images/Chotila-TPS-2020.pdf,
Gujarat,2020,Surendranagar,Chotila,Chotila,10,10,1,ર મોકાસર,block_member,taluk panchayat member,Other than Woman,NONE,બિન અનામત સામાન્ય,0,બિનઅનામત સામાન્ય,1.0,16,8,all_seats,gujarati,ocr,87.64,data/gujarat/2020_reservation/block_member_chotila_tps_2020.pdf,7,block_member_chotila_tps_2020.pdf,https://sec.gujarat.gov.in/images/Chotila-TPS-2020.pdf,
Gujarat,2020,Surendranagar,Chotila,Chotila,11,11,1,મોટીમોલડી,block_member,taluk panchayat member,Other than Woman,NONE,બિન અનામત સામાન્ય,0,બિનઅનામત સામાન્ય,1.0,4,4,all_seats,gujarati,ocr,88.99,data/gujarat/2020_reservation/block_member_chotila_tps_2020.pdf,7,block_member_chotila_tps_2020.pdf,https://sec.gujarat.gov.in/images/Chotila-TPS-2020.pdf,
Gujarat,2020,Surendranagar,Chotila,Chotila,12,12.,1,નાવા,block_member,taluk panchayat member,Other than Woman,NONE,બિન અનામત સામાન્ય,0,બિનઅનામત સામાન્ય,1.0,નિ,0,all_seats,gujarati,ocr,73.1,data/gujarat/2020_reservation/block_member_chotila_tps_2020.pdf,7,block_member_chotila_tps_2020.pdf,https://sec.gujarat.gov.in/images/Chotila-TPS-2020.pdf,
Gujarat,2020,Surendranagar,Chotila,Chotila,13,13,1,ચીપરાળી,block_member,taluk panchayat member,Woman,NONE,સામાન્ય સ્ત્રી,1,સામાન્યસ્ત્રી *_,1.0,11,10,all_seats,gujarati,ocr,92.36,data/gujarat/2020_reservation/block_member_chotila_tps_2020.pdf,7,block_member_chotila_tps_2020.pdf,https://sec.gujarat.gov.in/images/Chotila-TPS-2020.pdf,
Gujarat,2020,Surendranagar,Chotila,Chotila,14,14,1,પીયાવા,block_member,taluk panchayat member,Woman,NONE,સામાન્ય સ્ત્રી,1,સામાન્ય સ્ત્રી ર,0.963,દ,પ,all_seats,gujarati,ocr,81.25,data/gujarat/2020_reservation/block_member_chotila_tps_2020.pdf,7,block_member_chotila_tps_2020.pdf,https://sec.gujarat.gov.in/images/Chotila-TPS-2020.pdf,
Gujarat,2020,Surendranagar,Chotila,Chotila,15,15,1,રાજાવાડ,block_member,taluk panchayat member,Woman,NONE,સામાન્ય સ્ત્રી,1,સામાન્ય સ્ત્રી,1.0,10,3,all_seats,gujarati,ocr,89.22,data/gujarat/2020_reservation/block_member_chotila_tps_2020.pdf,7,block_member_chotila_tps_2020.pdf,https://sec.gujarat.gov.in/images/Chotila-TPS-2020.pdf,
Gujarat,2020,Surendranagar,Chotila,Chotila,16,14,1,રાજપરા,block_member,taluk panchayat member,Woman,NONE,સામાન્ય સ્ત્રી,1,'સામાન્ય સ્ત્રી,1.0,12,0,all_seats,gujarati,ocr,77.08,data/gujarat/2020_reservation/block_member_chotila_tps_2020.pdf,7,block_member_chotila_tps_2020.pdf,https://sec.gujarat.gov.in/images/Chotila-TPS-2020.pdf,
Gujarat,2020,Surendranagar,Chotila,Chotila,17,17,1,સણોસરા,block_member,taluk panchayat member,Woman,NONE,સામાન્ય સ્ત્રી,1,સામાન્ય સ્ત્રી,1.0,3,તિ,all_seats,gujarati,ocr,69.52,data/gujarat/2020_reservation/block_member_chotila_tps_2020.pdf,7,block_member_chotila_tps_2020.pdf,https://sec.gujarat.gov.in/images/Chotila-TPS-2020.pdf,
Gujarat,2020,Surendranagar,Chotila,Chotila,18,18,1,ઝીઝુંડા,block_member,taluk panchayat member,Other than Woman,NONE,બિન અનામત સામાન્ય,0,બિનઅનામત સામાન્ય,1.0,પ,0,all_seats,gujarati,ocr,87.86,data/gujarat/2020_reservation/block_member_chotila_tps_2020.pdf,7,block_member_chotila_tps_2020.pdf,https://sec.gujarat.gov.in/images/Chotila-TPS-2020.pdf,
Gujarat,2020,Ahmedabad,Daskroi,Daskroi,1,4,1,અસલાલી,block_member,taluk panchayat member,BC Woman,BC,સા.શૈ.પછાતવર્ગ સ્ત્રી,1,_સા.શૈ.પછાતર્ગ સ્ત્રી,0.9714,14,4,all_seats,gujarati,ocr,93.04,data/gujarat/2020_reservation/block_member_daskroi_tps_2020.pdf,6,block_member_daskroi_tps_2020.pdf,https://sec.gujarat.gov.in/images/Daskroi-TPS-2020.pdf,
Gujarat,2020,Ahmedabad,Daskroi,Daskroi,2,2,1,ભાત,block_member,taluk panchayat member,SC Woman,SC,અનુસૂચિત જાતિ સ્ત્રી,1,અનુસૂચિત જાતિ સ્ત્રી,1.0,ર,9,all_seats,gujarati,ocr,86.03,data/gujarat/2020_reservation/block_member_daskroi_tps_2020.pdf,6,block_member_daskroi_tps_2020.pdf,https://sec.gujarat.gov.in/images/Daskroi-TPS-2020.pdf,
Gujarat,2020,Ahmedabad,Daskroi,Daskroi,3,3,1,ભુવાલડો,block_member,taluk panchayat member,BC Woman,BC,સા.શૈ.પછાતવર્ગ સ્ત્રી,1,સા.શૈ.પછાતર્ગ સ્ત્રી,0.9714,21,ર4,all_seats,gujarati,ocr,88.53,data/gujarat/2020_reservation/block_member_daskroi_tps_2020.pdf,6,block_member_daskroi_tps_2020.pdf,https://sec.gujarat.gov.in/images/Daskroi-TPS-2020.pdf,
Gujarat,2020,Ahmedabad,Daskroi,Daskroi,4,4,1,દેવકી,block_member,taluk panchayat member,Woman,NONE,સામાન્ય સ્ત્રી,1,સામાન્યસ્ત્રી,1.0,7,12,all_seats,gujarati,ocr,86.89,data/gujarat/2020_reservation/block_member_daskroi_tps_2020.pdf,6,block_member_daskroi_tps_2020.pdf,https://sec.gujarat.gov.in/images/Daskroi-TPS-2020.pdf,
Gujarat,2020,Ahmedabad,Daskroi,Daskroi,5,પ,1,ધામતવાણ,block_member,taluk panchayat member,Woman,NONE,સામાન્ય સ્ત્રી,1,સામાન્યસ્ત્રી.,1.0,15 .,21,all_seats,gujarati,ocr,84.0,data/gujarat/2020_reservation/block_member_daskroi_tps_2020.pdf,6,block_member_daskroi_tps_2020.pdf,https://sec.gujarat.gov.in/images/Daskroi-TPS-2020.pdf,
Gujarat,2020,Ahmedabad,Daskroi,Daskroi,6,ટ,1,ગતરાડ,block_member,taluk panchayat member,BC Other than Woman,BC,સા.શૈ.પછાતવર્ગ,0,_ સા.શૈ.પછાતર્ગ *,0.9565,23.,14,all_seats,gujarati,ocr,71.96,data/gujarat/2020_reservation/block_member_daskroi_tps_2020.pdf,6,block_member_daskroi_tps_2020.pdf,https://sec.gujarat.gov.in/images/Daskroi-TPS-2020.pdf,
Gujarat,2020,Ahmedabad,Daskroi,Daskroi,7,7,1,જહેરણીયાવ,block_member,taluk panchayat member,Other than Woman,NONE,બિન અનામત સામાન્ય,0,બિનઅનામત સામાન્ય,1.0,19,23,all_seats,gujarati,ocr,85.13,data/gujarat/2020_reservation/block_member_daskroi_tps_2020.pdf,6,block_member_daskroi_tps_2020.pdf,https://sec.gujarat.gov.in/images/Daskroi-TPS-2020.pdf,
Gujarat,2020,Ahmedabad,Daskroi,Daskroi,8,8,1,હીરાપુર,block_member,taluk panchayat member,Other than Woman,NONE,બિન અનામત સામાન્ય,0,બિનઅનામત સામાન્ય,1.0,17,ve,all_seats,gujarati,ocr,70.65,data/gujarat/2020_reservation/block_member_daskroi_tps_2020.pdf,6,block_member_daskroi_tps_2020.pdf,https://sec.gujarat.gov.in/images/Daskroi-TPS-2020.pdf,
Gujarat,2020,Ahmedabad,Daskroi,Daskroi,9,© |,1,જેતલપુર,block_member,taluk panchayat member,SC Other than Woman,SC,અનુસૂચિત જાતિ,0,અનુસૂચિત જાતિ,1.0,3,3,all_seats,gujarati,ocr,72.22,data/gujarat/2020_reservation/block_member_daskroi_tps_2020.pdf,6,block_member_daskroi_tps_2020.pdf,https://sec.gujarat.gov.in/images/Daskroi-TPS-2020.pdf,
Gujarat,2020,Ahmedabad,Daskroi,Daskroi,10,10,1,કણભા,block_member,taluk panchayat member,Woman,NONE,સામાન્ય સ્ત્રી,1,સામાન્યસ્ત્રી,1.0,લઝ,10,all_seats,gujarati,ocr,84.37,data/gujarat/2020_reservation/block_member_daskroi_tps_2020.pdf,6,block_member_daskroi_tps_2020.pdf,https://sec.gujarat.gov.in/images/Daskroi-TPS-2020.pdf,
Gujarat,2020,Ahmedabad,Daskroi,Daskroi,11,11,1,કરાશીન્દ્દા,block_member,taluk panchayat member,Other than Woman,NONE,બિન અનામત સામાન્ય,0,બિનઅનામત સામાન્ય *,1.0,12,18,all_seats,gujarati,ocr,75.09,data/gujarat/2020_reservation/block_member_daskroi_tps_2020.pdf,6,block_member_daskroi_tps_2020.pdf,https://sec.gujarat.gov.in/images/Daskroi-TPS-2020.pdf,
Gujarat,2020,Ahmedabad,Daskroi,Daskroi,12,12,1,ખોડિયાર,block_member,taluk panchayat member,Other than Woman,NONE,બિન અનામત સામાન્ય,0,બિનઅનામત સામાન્ય *,1.0,20,19,all_seats,gujarati,ocr,90.98,data/gujarat/2020_reservation/block_member_daskroi_tps_2020.pdf,6,block_member_daskroi_tps_2020.pdf,https://sec.gujarat.gov.in/images/Daskroi-TPS-2020.pdf,
Gujarat,2020,Ahmedabad,Daskroi,Daskroi,13,13,1,કુહા-૧,block_member,taluk panchayat member,Other than Woman,NONE,બિન અનામત સામાન્ય,0,બિનઅનામત સામાન્ય,1.0,18,17,all_seats,gujarati,ocr,87.03,data/gujarat/2020_reservation/block_member_daskroi_tps_2020.pdf,6,block_member_daskroi_tps_2020.pdf,https://sec.gujarat.gov.in/images/Daskroi-TPS-2020.pdf,
Gujarat,2020,Ahmedabad,Daskroi,Daskroi,14,14,1,કુહા-૨,block_member,taluk panchayat member,Other than Woman,NONE,બિન અનામત સામાન્ય,0,બિનઅનામત સામાન્ય *,1.0,27,રપ,all_seats,gujarati,ocr,79.52,data/gujarat/2020_reservation/block_member_daskroi_tps_2020.pdf,6,block_member_daskroi_tps_2020.pdf,https://sec.gujarat.gov.in/images/Daskroi-TPS-2020.pdf,
Gujarat,2020,Ahmedabad,Daskroi,Daskroi,15,15,1,કું જાડ,block_member,taluk panchayat member,Other than Woman,NONE,બિન અનામત સામાન્ય,0,બિનઅનામત સામાન્ય *,1.0,11,8,all_seats,gujarati,ocr,60.13,data/gujarat/2020_reservation/block_member_daskroi_tps_2020.pdf,6,block_member_daskroi_tps_2020.pdf,https://sec.gujarat.gov.in/images/Daskroi-TPS-2020.pdf,
Gujarat,2020,Ahmedabad,Daskroi,Daskroi,16,16,1,મીરોલી,block_member,taluk panchayat member,Woman,NONE,સામાન્ય સ્ત્રી,1,“ -સામાન્યસ્ત્રી,1.0,4,4,all_seats,gujarati,ocr,58.35,data/gujarat/2020_reservation/block_member_daskroi_tps_2020.pdf,6,block_member_daskroi_tps_2020.pdf,https://sec.gujarat.gov.in/images/Daskroi-TPS-2020.pdf,
Gujarat,2020,Ahmedabad,Daskroi,Daskroi,17,17,1,નાંદેજ,block_member,taluk panchayat member,Other than Woman,NONE,બિન અનામત સામાન્ય,0,બિનઅનામત સામાન્ય .,1.0,9ઃ,7,all_seats,gujarati,ocr,76.68,data/gujarat/2020_reservation/block_member_daskroi_tps_2020.pdf,6,block_member_daskroi_tps_2020.pdf,https://sec.gujarat.gov.in/images/Daskroi-TPS-2020.pdf,
Gujarat,2020,Ahmedabad,Daskroi,Daskroi,18,18,1,નાજ,block_member,taluk panchayat member,Woman,NONE,સામાન્ય સ્ત્રી,1,સામાન્ય સ્ત્રી,1.0,પ,પ્‌,all_seats,gujarati,ocr,90.72,data/gujarat/2020_reservation/block_member_daskroi_tps_2020.pdf,6,block_member_daskroi_tps_2020.pdf,https://sec.gujarat.gov.in/images/Daskroi-TPS-2020.pdf,
Gujarat,2020,Ahmedabad,Daskroi,Daskroi,19,19,1,પરટઢોલ,block_member,taluk panchayat member,Woman,NONE,સામાન્ય સ્ત્રી,1,સામાન્યસ્ત્રી,1.0,રપ,13,all_seats,gujarati,ocr,84.75,data/gujarat/2020_reservation/block_member_daskroi_tps_2020.pdf,6,block_member_daskroi_tps_2020.pdf,https://sec.gujarat.gov.in/images/Daskroi-TPS-2020.pdf,
Gujarat,2020,Ahmedabad,Daskroi,Daskroi,20,20,1,પસુંજ,block_member,taluk panchayat member,Woman,NONE,સામાન્ય સ્ત્રી,1,સામાન્યસ્ત્રી,1.0,ર4,ર,all_seats,gujarati,ocr,70.51,data/gujarat/2020_reservation/block_member_daskroi_tps_2020.pdf,6,block_member_daskroi_tps_2020.pdf,https://sec.gujarat.gov.in/images/Daskroi-TPS-2020.pdf,
Gujarat,2020,Ahmedabad,Daskroi,Daskroi,21,21,1,પાલડો--કાંકજ,block_member,taluk panchayat member,Woman,NONE,સામાન્ય સ્ત્રી,1,સામાન્યસ્ત્રી,1.0,10,€,all_seats,gujarati,ocr,78.7,data/gujarat/2020_reservation/block_member_daskroi_tps_2020.pdf,6,block_member_daskroi_tps_2020.pdf,https://sec.gujarat.gov.in/images/Daskroi-TPS-2020.pdf,
Gujarat,2020,Ahmedabad,Daskroi,Daskroi,22,22,1,રણોદરા,block_member,taluk panchayat member,Woman,NONE,સામાન્ય સ્ત્રી,1,સામાન્ય સ્ત્રી,1.0,24,27,all_seats,gujarati,ocr,84.14,data/gujarat/2020_reservation/block_member_daskroi_tps_2020.pdf,6,block_member_daskroi_tps_2020.pdf,https://sec.gujarat.gov.in/images/Daskroi-TPS-2020.pdf,
Gujarat,2020,Ahmedabad,Daskroi,Daskroi,23,23,1,સિંગરવા-૧,block_member,taluk panchayat member,ST Other than Woman,ST,અનુસૂચિત આદિજાતિ,0,અનુસૂચિત આદિજાતિ,1.0,8,ર,all_seats,gujarati,ocr,93.48,data/gujarat/2020_reservation/block_member_daskroi_tps_2020.pdf,6,block_member_daskroi_tps_2020.pdf,https://sec.gujarat.gov.in/images/Daskroi-TPS-2020.pdf,
Gujarat,2020,Ahmedabad,Daskroi,Daskroi,24,ર4,1,સિંગરવા-૨,block_member,taluk panchayat member,Woman,NONE,સામાન્ય સ્ત્રી,1,સામાન્યસ્ત્રી,1.0,€,22,all_seats,gujarati,ocr,84.11,data/gujarat/2020_reservation/block_member_daskroi_tps_2020.pdf,6,block_member_daskroi_tps_2020.pdf,https://sec.gujarat.gov.in/images/Daskroi-TPS-2020.pdf,
Gujarat,2020,Ahmedabad,Daskroi,Daskroi,25,2પ,1,ઉન્દ્દેલ,block_member,taluk panchayat member,Woman,NONE,સામાન્ય સ્ત્રી,1,સામાન્યસ્ત્રી,1.0,22,20,all_seats,gujarati,ocr,81.81,data/gujarat/2020_reservation/block_member_daskroi_tps_2020.pdf,6,block_member_daskroi_tps_2020.pdf,https://sec.gujarat.gov.in/images/Daskroi-TPS-2020.pdf,
Gujarat,2020,Ahmedabad,Daskroi,Daskroi,26,ze,1,વડોદ,block_member,taluk panchayat member,Other than Woman,NONE,બિન અનામત સામાન્ય,0,બિનઅનામત સામાન્ય,1.0,ન,28,all_seats,gujarati,ocr,75.77,data/gujarat/2020_reservation/block_member_daskroi_tps_2020.pdf,6,block_member_daskroi_tps_2020.pdf,https://sec.gujarat.gov.in/images/Daskroi-TPS-2020.pdf,
Gujarat,2020,Ahmedabad,Daskroi,Daskroi,27,27,1,વહેલાલ,block_member,taluk panchayat member,Other than Woman,NONE,બિન અનામત સામાન્ય,0,બિનઅનામત સામાન્ય,1.0,14,ay,all_seats,gujarati,ocr,81.77,data/gujarat/2020_reservation/block_member_daskroi_tps_2020.pdf,6,block_member_daskroi_tps_2020.pdf,https://sec.gujarat.gov.in/images/Daskroi-TPS-2020.pdf,
Gujarat,2020,Ahmedabad,Daskroi,Daskroi,28,28,1,વાંચ,block_member,taluk panchayat member,Other than Woman,NONE,બિન અનામત સામાન્ય,0,“બિનઅનામત સામાન્ય,1.0,4,11,all_seats,gujarati,ocr,80.72,data/gujarat/2020_reservation/block_member_daskroi_tps_2020.pdf,6,block_member_daskroi_tps_2020.pdf,https://sec.gujarat.gov.in/images/Daskroi-TPS-2020.pdf,
Gujarat,2020,Gandhinagar,Gandhinagar,Gandhinagar,1,1,1,અડાલજ-૧,block_member,taluk panchayat member,Woman,NONE,સામાન્ય સ્ત્રી,1,| શામાન્યસ્સી |,0.75,11,8,all_seats,gujarati,ocr,89.98,data/gujarat/2020_reservation/block_member_gandhinagar_tps_2020.pdf,7,block_member_gandhinagar_tps_2020.pdf,https://sec.gujarat.gov.in/images/Gandhinagar-TPS-2020.pdf,
Gujarat,2020,Gandhinagar,Gandhinagar,Gandhinagar,2,2,1,અડાલજ-ર,block_member,taluk panchayat member,Woman,NONE,સામાન્ય સ્ત્રી,1,| થચામન્યસ્ત્રી,0.8462,ર4,4.,all_seats,gujarati,ocr,86.49,data/gujarat/2020_reservation/block_member_gandhinagar_tps_2020.pdf,7,block_member_gandhinagar_tps_2020.pdf,https://sec.gujarat.gov.in/images/Gandhinagar-TPS-2020.pdf,
Gujarat,2020,Gandhinagar,Gandhinagar,Gandhinagar,3,3,1,મોટી-૧: આદરજ,block_member,taluk panchayat member,Woman,NONE,સામાન્ય સ્ત્રી,1,| શસામાન્યસ્્રી,0.9231,19 .,ર્ય,all_seats,gujarati,ocr,80.11,data/gujarat/2020_reservation/block_member_gandhinagar_tps_2020.pdf,7,block_member_gandhinagar_tps_2020.pdf,https://sec.gujarat.gov.in/images/Gandhinagar-TPS-2020.pdf,
Gujarat,2020,Gandhinagar,Gandhinagar,Gandhinagar,4,4,1,આદરજ મોટી-ર,block_member,taluk panchayat member,Woman,NONE,સામાન્ય સ્ત્રી,1,સામાન્ય સ્ત્રી .,1.0,ક 21,ae,all_seats,gujarati,ocr,71.26,data/gujarat/2020_reservation/block_member_gandhinagar_tps_2020.pdf,7,block_member_gandhinagar_tps_2020.pdf,https://sec.gujarat.gov.in/images/Gandhinagar-TPS-2020.pdf,
Gujarat,2020,Gandhinagar,Gandhinagar,Gandhinagar,5,પઃ,1,ચંદ્રાલા,block_member,taluk panchayat member,BC Woman,BC,સા.શૈ.પછાતવર્ગ સ્ત્રી,1,| સા.શૈ.પછાતવર્ગસ્ત્રી |,1.0,18,4x,all_seats,gujarati,ocr,74.93,data/gujarat/2020_reservation/block_member_gandhinagar_tps_2020.pdf,7,block_member_gandhinagar_tps_2020.pdf,https://sec.gujarat.gov.in/images/Gandhinagar-TPS-2020.pdf,
Gujarat,2020,Gandhinagar,Gandhinagar,Gandhinagar,6,5,1,ી છાલા,block_member,taluk panchayat member,Woman,NONE,સામાન્ય સ્ત્રી,1,| સામાન્યસ્ત્રી |,1.0,13,| દ,all_seats,gujarati,ocr,76.88,data/gujarat/2020_reservation/block_member_gandhinagar_tps_2020.pdf,7,block_member_gandhinagar_tps_2020.pdf,https://sec.gujarat.gov.in/images/Gandhinagar-TPS-2020.pdf,
Gujarat,2020,Gandhinagar,Gandhinagar,Gandhinagar,7,7 |,1,ચિલોડા (ડભોડા,block_member,taluk panchayat member,ST Woman,ST,અનુસૂચિત આદિજાતિ સ્ત્રી,1,| અનુસૂચિતઆદિજાતિસ્ત્રી |,1.0,qe,4,all_seats,gujarati,ocr,75.48,data/gujarat/2020_reservation/block_member_gandhinagar_tps_2020.pdf,7,block_member_gandhinagar_tps_2020.pdf,https://sec.gujarat.gov.in/images/Gandhinagar-TPS-2020.pdf,
Gujarat,2020,Gandhinagar,Gandhinagar,Gandhinagar,8,8,1,ડભોડા-પ-૧,block_member,taluk panchayat member,BC Other than Woman,BC,સા.શૈ.પછાતવર્ગ,0,સા.શૈ.પછાતવર્ગ.,1.0,રૂટ,ર6,all_seats,gujarati,ocr,54.25,data/gujarat/2020_reservation/block_member_gandhinagar_tps_2020.pdf,7,block_member_gandhinagar_tps_2020.pdf,https://sec.gujarat.gov.in/images/Gandhinagar-TPS-2020.pdf,
Gujarat,2020,Gandhinagar,Gandhinagar,Gandhinagar,9,હ,1,ડભોડા-ર,block_member,taluk panchayat member,BC Other than Woman,BC,સા.શૈ.પછાતવર્ગ,0,| શસા.શૈ.પછાતવર્ગ : |,0.96,: યર,10,all_seats,gujarati,ocr,76.87,data/gujarat/2020_reservation/block_member_gandhinagar_tps_2020.pdf,7,block_member_gandhinagar_tps_2020.pdf,https://sec.gujarat.gov.in/images/Gandhinagar-TPS-2020.pdf,
Gujarat,2020,Gandhinagar,Gandhinagar,Gandhinagar,10,“10.,1,ઘણપ,block_member,taluk panchayat member,Other than Woman,NONE,બિન અનામત સામાન્ય,0,| ભબિનઅનામતસામાન્ય |,0.9677,પ,a9,all_seats,gujarati,ocr,63.65,data/gujarat/2020_reservation/block_member_gandhinagar_tps_2020.pdf,7,block_member_gandhinagar_tps_2020.pdf,https://sec.gujarat.gov.in/images/Gandhinagar-TPS-2020.pdf,
Gujarat,2020,Gandhinagar,Gandhinagar,Gandhinagar,11,11,1,દો-વાસણા,block_member,taluk panchayat member,Other than Woman,NONE,બિન અનામત સામાન્ય,0,ી બિનઅનામત સામાન્ય |,0.9677,નિ,42,all_seats,gujarati,ocr,78.22,data/gujarat/2020_reservation/block_member_gandhinagar_tps_2020.pdf,7,block_member_gandhinagar_tps_2020.pdf,https://sec.gujarat.gov.in/images/Gandhinagar-TPS-2020.pdf,
Gujarat,2020,Gandhinagar,Gandhinagar,Gandhinagar,12,ae,1,મગોડી,block_member,taluk panchayat member,Other than Woman,NONE,બિન અનામત સામાન્ય,0,| બિનઅનામત સામાન્ય * ર],0.9677,20,ag,all_seats,gujarati,ocr,75.37,data/gujarat/2020_reservation/block_member_gandhinagar_tps_2020.pdf,7,block_member_gandhinagar_tps_2020.pdf,https://sec.gujarat.gov.in/images/Gandhinagar-TPS-2020.pdf,
Gujarat,2020,Gandhinagar,Gandhinagar,Gandhinagar,13,13,1,પીંપળજ,block_member,taluk panchayat member,Woman,NONE,સામાન્ય સ્ત્રી,1,1 ' સામાન્યસ્ત્રી |,1.0,14,20,all_seats,gujarati,ocr,85.41,data/gujarat/2020_reservation/block_member_gandhinagar_tps_2020.pdf,7,block_member_gandhinagar_tps_2020.pdf,https://sec.gujarat.gov.in/images/Gandhinagar-TPS-2020.pdf,
Gujarat,2020,Gandhinagar,Gandhinagar,Gandhinagar,14,Ww,1,પ્રાંતિયા,block_member,taluk panchayat member,SC Woman,SC,અનુસૂચિત જાતિ સ્ત્રી,1,| ચયુસૂચિતજાતિસ્સ્ી |,0.8,વૃ,9,all_seats,gujarati,ocr,74.15,data/gujarat/2020_reservation/block_member_gandhinagar_tps_2020.pdf,7,block_member_gandhinagar_tps_2020.pdf,https://sec.gujarat.gov.in/images/Gandhinagar-TPS-2020.pdf,
Gujarat,2020,Gandhinagar,Gandhinagar,Gandhinagar,15,-15,1,રાયપુર,block_member,taluk panchayat member,Other than Woman,NONE,બિન અનામત સામાન્ય,0,બિનઅનામત સામાન્ય ।,1.0,24,ય,all_seats,gujarati,ocr,76.27,data/gujarat/2020_reservation/block_member_gandhinagar_tps_2020.pdf,7,block_member_gandhinagar_tps_2020.pdf,https://sec.gujarat.gov.in/images/Gandhinagar-TPS-2020.pdf,
Gujarat,2020,Gandhinagar,Gandhinagar,Gandhinagar,16,16,1,રૂપાલ,block_member,taluk panchayat member,Woman,NONE,સામાન્ય સ્ત્રી,1,* સામાન્ય સ્ત્રી,1.0,3,[ રર,all_seats,gujarati,ocr,75.71,data/gujarat/2020_reservation/block_member_gandhinagar_tps_2020.pdf,7,block_member_gandhinagar_tps_2020.pdf,https://sec.gujarat.gov.in/images/Gandhinagar-TPS-2020.pdf,
Gujarat,2020,Gandhinagar,Gandhinagar,Gandhinagar,17,.17 |,1,સાદરા,block_member,taluk panchayat member,Woman,NONE,સામાન્ય સ્ત્રી,1,| “_ 'સામાન્ય સ્ત્રી ।,1.0,17,3,all_seats,gujarati,ocr,63.8,data/gujarat/2020_reservation/block_member_gandhinagar_tps_2020.pdf,7,block_member_gandhinagar_tps_2020.pdf,https://sec.gujarat.gov.in/images/Gandhinagar-TPS-2020.pdf,
Gujarat,2020,Gandhinagar,Gandhinagar,Gandhinagar,18,18,1,સરઢવ,block_member,taluk panchayat member,Woman,NONE,સામાન્ય સ્ત્રી,1,સામાન્ય સ્ત્રી,1.0,ર,15,all_seats,gujarati,ocr,64.66,data/gujarat/2020_reservation/block_member_gandhinagar_tps_2020.pdf,7,block_member_gandhinagar_tps_2020.pdf,https://sec.gujarat.gov.in/images/Gandhinagar-TPS-2020.pdf,
Gujarat,2020,Gandhinagar,Gandhinagar,Gandhinagar,19,19,1,શાહપુર,block_member,taluk panchayat member,Woman,NONE,સામાન્ય સ્ત્રી,1,| સામાન્ય સ્ત્રી |,1.0,15,11,all_seats,gujarati,ocr,81.78,data/gujarat/2020_reservation/block_member_gandhinagar_tps_2020.pdf,7,block_member_gandhinagar_tps_2020.pdf,https://sec.gujarat.gov.in/images/Gandhinagar-TPS-2020.pdf,
Gujarat,2020,Gandhinagar,Gandhinagar,Gandhinagar,20,20,1,શેરથા,block_member,taluk panchayat member,Woman,NONE,સામાન્ય સ્ત્રી,1,| શામાન્યસ્જી |,0.75,10,13,all_seats,gujarati,ocr,86.34,data/gujarat/2020_reservation/block_member_gandhinagar_tps_2020.pdf,7,block_member_gandhinagar_tps_2020.pdf,https://sec.gujarat.gov.in/images/Gandhinagar-TPS-2020.pdf,
Gujarat,2020,Gandhinagar,Gandhinagar,Gandhinagar,21,21,1,શિહોલીમોટી,block_member,taluk panchayat member,Other than Woman,NONE,બિન અનામત સામાન્ય,0,બિનઅનામત સામાન્ય _ 1,1.0,22,2,all_seats,gujarati,ocr,89.76,data/gujarat/2020_reservation/block_member_gandhinagar_tps_2020.pdf,7,block_member_gandhinagar_tps_2020.pdf,https://sec.gujarat.gov.in/images/Gandhinagar-TPS-2020.pdf,
Gujarat,2020,Gandhinagar,Gandhinagar,Gandhinagar,22,રર,1,સોનારડા,block_member,taluk panchayat member,Other than Woman,NONE,બિન અનામત સામાન્ય,0,બિનઅનામત સામાન્ય _ |,1.0,7,24,all_seats,gujarati,ocr,80.61,data/gujarat/2020_reservation/block_member_gandhinagar_tps_2020.pdf,7,block_member_gandhinagar_tps_2020.pdf,https://sec.gujarat.gov.in/images/Gandhinagar-TPS-2020.pdf,
Gujarat,2020,Gandhinagar,Gandhinagar,Gandhinagar,23,23,1,ટઢીટોડા,block_member,taluk panchayat member,Other than Woman,NONE,બિન અનામત સામાન્ય,0,। બિનઅનામત સામાન્ય” ।,1.0,ર7,દ,all_seats,gujarati,ocr,74.1,data/gujarat/2020_reservation/block_member_gandhinagar_tps_2020.pdf,7,block_member_gandhinagar_tps_2020.pdf,https://sec.gujarat.gov.in/images/Gandhinagar-TPS-2020.pdf,
Gujarat,2020,Gandhinagar,Gandhinagar,Gandhinagar,24,24,1,ઉનાવા,block_member,taluk panchayat member,Other than Woman,NONE,બિન અનામત સામાન્ય,0,બિનઅનામત સામાન્ય,1.0,4,19,all_seats,gujarati,ocr,88.6,data/gujarat/2020_reservation/block_member_gandhinagar_tps_2020.pdf,7,block_member_gandhinagar_tps_2020.pdf,https://sec.gujarat.gov.in/images/Gandhinagar-TPS-2020.pdf,
Gujarat,2020,Gandhinagar,Gandhinagar,Gandhinagar,25,રપ,1,ઉવારસદ-૧,block_member,taluk panchayat member,Other than Woman,NONE,બિન અનામત સામાન્ય,0,બિનઅનામત સામાન્ય,1.0,28,27,all_seats,gujarati,ocr,83.26,data/gujarat/2020_reservation/block_member_gandhinagar_tps_2020.pdf,7,block_member_gandhinagar_tps_2020.pdf,https://sec.gujarat.gov.in/images/Gandhinagar-TPS-2020.pdf,
Gujarat,2020,Gandhinagar,Gandhinagar,Gandhinagar,26,2s,1,ઉવારસદ-ર,block_member,taluk panchayat member,Other than Woman,NONE,બિન અનામત સામાન્ય,0,બિનઅનામત સામાન્ય,1.0,ર3,28,all_seats,gujarati,ocr,81.58,data/gujarat/2020_reservation/block_member_gandhinagar_tps_2020.pdf,7,block_member_gandhinagar_tps_2020.pdf,https://sec.gujarat.gov.in/images/Gandhinagar-TPS-2020.pdf,
Gujarat,2020,Gandhinagar,Gandhinagar,Gandhinagar,27,27,1,વડોદરા,block_member,taluk panchayat member,Other than Woman,NONE,બિન અનામત સામાન્ય,0,બિનઅનામત સામાન્ય,1.0,,21,all_seats,gujarati,ocr,87.01,data/gujarat/2020_reservation/block_member_gandhinagar_tps_2020.pdf,7,block_member_gandhinagar_tps_2020.pdf,https://sec.gujarat.gov.in/images/Gandhinagar-TPS-2020.pdf,
Gujarat,2020,Gandhinagar,Gandhinagar,Gandhinagar,28,28,1,વલાદ,block_member,taluk panchayat member,Other than Woman,NONE,બિન અનામત સામાન્ય,0,। બિનઅનામત સામાન્ય * 1,1.0,9,€,all_seats,gujarati,ocr,78.57,data/gujarat/2020_reservation/block_member_gandhinagar_tps_2020.pdf,7,block_member_gandhinagar_tps_2020.pdf,https://sec.gujarat.gov.in/images/Gandhinagar-TPS-2020.pdf,
Gujarat,2020,Gir Somnath,Gir Gadhada,Gir Gadhada,1,“1,1,અંબાડા,block_member,taluk panchayat member,BC Woman,BC,સા.શૈ.પછાતવર્ગ સ્ત્રી,1,સા.શૈ.પછાતવર્ગસ્ત્રી |,1.0,10:,a,all_seats,gujarati,ocr,54.5,data/gujarat/2020_reservation/block_member_girgadhda_tps_2020.pdf,7,block_member_girgadhda_tps_2020.pdf,https://sec.gujarat.gov.in/images/Girgadhda-TPS-2020.pdf,
Gujarat,2020,Gir Somnath,Gir Gadhada,Gir Gadhada,2,.. 2,1,બેડીયા,block_member,taluk panchayat member,BC Other than Woman,BC,સા.શૈ.પછાતવર્ગ,0,સા.શૈ.પછાતવર્ગ .,1.0,ay,ay,all_seats,gujarati,ocr,61.01,data/gujarat/2020_reservation/block_member_girgadhda_tps_2020.pdf,7,block_member_girgadhda_tps_2020.pdf,https://sec.gujarat.gov.in/images/Girgadhda-TPS-2020.pdf,
Gujarat,2020,Gir Somnath,Gir Gadhada,Gir Gadhada,3,| 3,1,બોડીદર ા,block_member,taluk panchayat member,Woman,NONE,સામાન્ય સ્ત્રી,1,* _સામાન્યસ્ત્રી |,1.0,ર,15 .,all_seats,gujarati,ocr,70.49,data/gujarat/2020_reservation/block_member_girgadhda_tps_2020.pdf,7,block_member_girgadhda_tps_2020.pdf,https://sec.gujarat.gov.in/images/Girgadhda-TPS-2020.pdf,
Gujarat,2020,Gir Somnath,Gir Gadhada,Gir Gadhada,4,[| જ -,1,ધોક્ડવા,block_member,taluk panchayat member,Other than Woman,NONE,બિન અનામત સામાન્ય,0,બિનઅનામતસામાન્ય |,1.0,8,હ,all_seats,gujarati,ocr,55.16,data/gujarat/2020_reservation/block_member_girgadhda_tps_2020.pdf,7,block_member_girgadhda_tps_2020.pdf,https://sec.gujarat.gov.in/images/Girgadhda-TPS-2020.pdf,
Gujarat,2020,Gir Somnath,Gir Gadhada,Gir Gadhada,5,પ5,1,ફાટસર ક,block_member,taluk panchayat member,Other than Woman,NONE,બિન અનામત સામાન્ય,0,બિનઅનામત સામાન્ય : |,1.0,7,જ,all_seats,gujarati,ocr,75.33,data/gujarat/2020_reservation/block_member_girgadhda_tps_2020.pdf,7,block_member_girgadhda_tps_2020.pdf,https://sec.gujarat.gov.in/images/Girgadhda-TPS-2020.pdf,
Gujarat,2020,Gir Somnath,Gir Gadhada,Gir Gadhada,6,છ .,1,ગીરગઢડા-૧,block_member,taluk panchayat member,Woman,NONE,સામાન્ય સ્ત્રી,1,સામાન્યસ્ત્રી”,1.0,"3.""",14,all_seats,gujarati,ocr,54.06,data/gujarat/2020_reservation/block_member_girgadhda_tps_2020.pdf,7,block_member_girgadhda_tps_2020.pdf,https://sec.gujarat.gov.in/images/Girgadhda-TPS-2020.pdf,
Gujarat,2020,Gir Somnath,Gir Gadhada,Gir Gadhada,7,7 |,1,ગીરગઢડા-૨,block_member,taluk panchayat member,Other than Woman,NONE,બિન અનામત સામાન્ય,0,બિનઅનામતસામાન્ય |,1.0,Me,-,all_seats,gujarati,ocr,61.82,data/gujarat/2020_reservation/block_member_girgadhda_tps_2020.pdf,7,block_member_girgadhda_tps_2020.pdf,https://sec.gujarat.gov.in/images/Girgadhda-TPS-2020.pdf,
Gujarat,2020,Gir Somnath,Gir Gadhada,Gir Gadhada,8,દહ [|,1,હરમડીયા,block_member,taluk panchayat member,Other than Woman,NONE,બિન અનામત સામાન્ય,0,બિનઅનામત સામાન્ય |,1.0,43,9,all_seats,gujarati,ocr,49.27,data/gujarat/2020_reservation/block_member_girgadhda_tps_2020.pdf,7,block_member_girgadhda_tps_2020.pdf,https://sec.gujarat.gov.in/images/Girgadhda-TPS-2020.pdf,
Gujarat,2020,Gir Somnath,Gir Gadhada,Gir Gadhada,9,9 [|,1,જામવાળા,block_member,taluk panchayat member,Other than Woman,NONE,બિન અનામત સામાન્ય,0,બિનઅનામતસામાન્ય |,1.0,aM,2 .,all_seats,gujarati,ocr,46.71,data/gujarat/2020_reservation/block_member_girgadhda_tps_2020.pdf,7,block_member_girgadhda_tps_2020.pdf,https://sec.gujarat.gov.in/images/Girgadhda-TPS-2020.pdf,
Gujarat,2020,Gir Somnath,Gir Gadhada,Gir Gadhada,10,| '10-,1,જરગલી,block_member,taluk panchayat member,Other than Woman,NONE,બિન અનામત સામાન્ય,0,બિનઅનામત સામાન્ય |,1.0,12,પ,all_seats,gujarati,ocr,55.7,data/gujarat/2020_reservation/block_member_girgadhda_tps_2020.pdf,7,block_member_girgadhda_tps_2020.pdf,https://sec.gujarat.gov.in/images/Girgadhda-TPS-2020.pdf,
Gujarat,2020,Gir Somnath,Gir Gadhada,Gir Gadhada,11,1 11,1,કાણકીયોા,block_member,taluk panchayat member,Woman,NONE,સામાન્ય સ્ત્રી,1,સામાન્યસ્ત્રી |,1.0,લટ,-,all_seats,gujarati,ocr,79.52,data/gujarat/2020_reservation/block_member_girgadhda_tps_2020.pdf,7,block_member_girgadhda_tps_2020.pdf,https://sec.gujarat.gov.in/images/Girgadhda-TPS-2020.pdf,
Gujarat,2020,Gir Somnath,Gir Gadhada,Gir Gadhada,12,12 . |,1,ખીલાવડ,block_member,taluk panchayat member,Woman,NONE,સામાન્ય સ્ત્રી,1,સામાન્યસ્ત્રી |,1.0,પ.,€,all_seats,gujarati,ocr,83.28,data/gujarat/2020_reservation/block_member_girgadhda_tps_2020.pdf,7,block_member_girgadhda_tps_2020.pdf,https://sec.gujarat.gov.in/images/Girgadhda-TPS-2020.pdf,
Gujarat,2020,Gir Somnath,Gir Gadhada,Gir Gadhada,13,| 13,1,કોદીયાં,block_member,taluk panchayat member,Woman,NONE,સામાન્ય સ્ત્રી,1,. સામાન્યસ્ત્રી][ |,1.0,: “19,3,all_seats,gujarati,ocr,71.59,data/gujarat/2020_reservation/block_member_girgadhda_tps_2020.pdf,7,block_member_girgadhda_tps_2020.pdf,https://sec.gujarat.gov.in/images/Girgadhda-TPS-2020.pdf,
Gujarat,2020,Gir Somnath,Gir Gadhada,Gir Gadhada,14,14 [|,1,નાના સમઢીયાળા,block_member,taluk panchayat member,Woman,NONE,સામાન્ય સ્ત્રી,1,સામાન્યસ્ત્રી |,1.0,a4,43:,all_seats,gujarati,ocr,62.75,data/gujarat/2020_reservation/block_member_girgadhda_tps_2020.pdf,7,block_member_girgadhda_tps_2020.pdf,https://sec.gujarat.gov.in/images/Girgadhda-TPS-2020.pdf,
Gujarat,2020,Gir Somnath,Gir Gadhada,Gir Gadhada,15,15,1,નીતલી,block_member,taluk panchayat member,ST Other than Woman,ST,અનુસૂચિત આદિજાતિ,0,અનુસૂચિત આદિજાતિ |,1.0,17,oe,all_seats,gujarati,ocr,40.51,data/gujarat/2020_reservation/block_member_girgadhda_tps_2020.pdf,7,block_member_girgadhda_tps_2020.pdf,https://sec.gujarat.gov.in/images/Girgadhda-TPS-2020.pdf,
Gujarat,2020,Gir Somnath,Gir Gadhada,Gir Gadhada,16,| 149,1,પડાપાદર રી,block_member,taluk panchayat member,Woman,NONE,સામાન્ય સ્ત્રી,1,સામાન્યસ્ત્રી |,1.0,ટટ,-,all_seats,gujarati,ocr,70.07,data/gujarat/2020_reservation/block_member_girgadhda_tps_2020.pdf,7,block_member_girgadhda_tps_2020.pdf,https://sec.gujarat.gov.in/images/Girgadhda-TPS-2020.pdf,
Gujarat,2020,Gir Somnath,Gir Gadhada,Gir Gadhada,17,17 . |,1,સનેવાવ,block_member,taluk panchayat member,Woman,NONE,સામાન્ય સ્ત્રી,1,સામાન્યસ્ત્રી .,1.0,16,-,all_seats,gujarati,ocr,78.42,data/gujarat/2020_reservation/block_member_girgadhda_tps_2020.pdf,7,block_member_girgadhda_tps_2020.pdf,https://sec.gujarat.gov.in/images/Girgadhda-TPS-2020.pdf,
Gujarat,2020,Gir Somnath,Gir Gadhada,Gir Gadhada,18,| ac,1,ઉંદરી,block_member,taluk panchayat member,Other than Woman,NONE,બિન અનામત સામાન્ય,0,| બિનઅનામત સામાન્ય,1.0,20,10.,all_seats,gujarati,ocr,74.09,data/gujarat/2020_reservation/block_member_girgadhda_tps_2020.pdf,7,block_member_girgadhda_tps_2020.pdf,https://sec.gujarat.gov.in/images/Girgadhda-TPS-2020.pdf,
Gujarat,2020,Gir Somnath,Gir Gadhada,Gir Gadhada,19,[| 19,1,વડવીયાળા,block_member,taluk panchayat member,SC Woman,SC,અનુસૂચિત જાતિ સ્ત્રી,1,_- અનુસૂચિતજાતિસ્ત્રી |.,1.0,4,12.,all_seats,gujarati,ocr,82.06,data/gujarat/2020_reservation/block_member_girgadhda_tps_2020.pdf,7,block_member_girgadhda_tps_2020.pdf,https://sec.gujarat.gov.in/images/Girgadhda-TPS-2020.pdf,
Gujarat,2020,Gir Somnath,Gir Gadhada,Gir Gadhada,20,20,1,વાંકીયી,block_member,taluk panchayat member,Other than Woman,NONE,બિન અનામત સામાન્ય,0,બિનઅનામત સામાન્ય .,1.0,4,=,all_seats,gujarati,ocr,69.99,data/gujarat/2020_reservation/block_member_girgadhda_tps_2020.pdf,7,block_member_girgadhda_tps_2020.pdf,https://sec.gujarat.gov.in/images/Girgadhda-TPS-2020.pdf,
Gujarat,2020,Bhavnagar,Jesar,Jesar,1,4,1,અયાવેજ,block_member,taluk panchayat member,Woman,NONE,સામાન્ય સ્ત્રી,1,સામાન્ય સ્ત્રી -,1.0,7,-,all_seats,gujarati,ocr,78.96,data/gujarat/2020_reservation/block_member_jesar_tps_2020.pdf,5,block_member_jesar_tps_2020.pdf,https://sec.gujarat.gov.in/images/Jesar-TPS-2020.pdf,
Gujarat,2020,Bhavnagar,Jesar,Jesar,2,રૃ,1,બેડા,block_member,taluk panchayat member,Woman,NONE,સામાન્ય સ્ત્રી,1,સામાન્ય સ્ત્રી,1.0,10,્ઠ,all_seats,gujarati,ocr,79.27,data/gujarat/2020_reservation/block_member_jesar_tps_2020.pdf,5,block_member_jesar_tps_2020.pdf,https://sec.gujarat.gov.in/images/Jesar-TPS-2020.pdf,
Gujarat,2020,Bhavnagar,Jesar,Jesar,3,3,1,બીલા-૧,block_member,taluk panchayat member,BC Woman,BC,સા.શૈ.પછાતવર્ગ સ્ત્રી,1,સા.શૈ.પછાતવર્ગ સ્ત્રી,1.0,14,-,all_seats,gujarati,ocr,83.12,data/gujarat/2020_reservation/block_member_jesar_tps_2020.pdf,5,block_member_jesar_tps_2020.pdf,https://sec.gujarat.gov.in/images/Jesar-TPS-2020.pdf,
Gujarat,2020,Bhavnagar,Jesar,Jesar,4,¥,1,બીલા-૨,block_member,taluk panchayat member,BC Other than Woman,BC,સા.શૈ.પછાતવર્ગ,0,સા.શૈ.પછાતવર્ગ,1.0,12,€,all_seats,gujarati,ocr,81.04,data/gujarat/2020_reservation/block_member_jesar_tps_2020.pdf,5,block_member_jesar_tps_2020.pdf,https://sec.gujarat.gov.in/images/Jesar-TPS-2020.pdf,
Gujarat,2020,Bhavnagar,Jesar,Jesar,5,પ,1,દેપલા,block_member,taluk panchayat member,Woman,NONE,સામાન્ય સ્ત્રી,1,સામાન્ય સ્ત્રી રી,0.9286,9,' -,all_seats,gujarati,ocr,78.36,data/gujarat/2020_reservation/block_member_jesar_tps_2020.pdf,5,block_member_jesar_tps_2020.pdf,https://sec.gujarat.gov.in/images/Jesar-TPS-2020.pdf,
Gujarat,2020,Bhavnagar,Jesar,Jesar,6,€,1,ડુંગરપર,block_member,taluk panchayat member,Woman,NONE,સામાન્ય સ્ત્રી,1,સામાન્યસ્ત્રી,1.0,11,4,all_seats,gujarati,ocr,67.0,data/gujarat/2020_reservation/block_member_jesar_tps_2020.pdf,5,block_member_jesar_tps_2020.pdf,https://sec.gujarat.gov.in/images/Jesar-TPS-2020.pdf,
Gujarat,2020,Bhavnagar,Jesar,Jesar,7,7,1,ઈંટીયા,block_member,taluk panchayat member,Woman,NONE,સામાન્ય સ્ત્રી,1,સામાન્ય સ્ત્ર,0.96,છ,-,all_seats,gujarati,ocr,71.87,data/gujarat/2020_reservation/block_member_jesar_tps_2020.pdf,5,block_member_jesar_tps_2020.pdf,https://sec.gujarat.gov.in/images/Jesar-TPS-2020.pdf,
Gujarat,2020,Bhavnagar,Jesar,Jesar,8,8.,1,1 . [જેસર-૧,block_member,taluk panchayat member,SC Other than Woman,SC,અનુસૂચિત જાતિ,0,અનુસૂચિતજાતિ,1.0,1 .,. 1.,all_seats,gujarati,ocr,76.4,data/gujarat/2020_reservation/block_member_jesar_tps_2020.pdf,5,block_member_jesar_tps_2020.pdf,https://sec.gujarat.gov.in/images/Jesar-TPS-2020.pdf,
Gujarat,2020,Bhavnagar,Jesar,Jesar,9,[| ©,1,જેસર-૨,block_member,taluk panchayat member,Other than Woman,NONE,બિન અનામત સામાન્ય,0,“ બિનઅનામત સામાન્ય.,1.0,-ન |,-:,all_seats,gujarati,ocr,57.81,data/gujarat/2020_reservation/block_member_jesar_tps_2020.pdf,5,block_member_jesar_tps_2020.pdf,https://sec.gujarat.gov.in/images/Jesar-TPS-2020.pdf,
Gujarat,2020,Bhavnagar,Jesar,Jesar,10,10,1,જેસરન્ઝ,block_member,taluk panchayat member,Other than Woman,NONE,બિન અનામત સામાન્ય,0,બિનઅનામત સામાન્ય ક,0.9677,1પ,ન5	1	29	1	16	6	1797	1431	37	19	10.310307	..:5	1	29	1	16	7	1951	1413	237	51	0.380230	બિનઅનામત5	1	29	1	16	8	2199	1411	161	47	51.761169	સામાન્ય4	1	29	1	17	0	841	1477	1525	58	-1	5	1	29	1	17	1	841	1487	59	41	92.865028	115	1	29	1	17	2	951	1477	203	58	39.790363	_'જનાપાદર5	1	29	1	17	3	1361	1489	83	33	88.676521	જ5	1	29	1	17	4	1697	1489	25	33	94.856956	35	1	29	1	17	5	2009	1481	169	43	28.653955	oe5	1	29	1	17	6	2191	1477	85	47	35.557487	|4	1	29	1	18	0	841	1541	1499	57	-1	5	1	29	1	18	1	841	1553	63	45	89.011169	12:5	1	29	1	18	2	936	1537	25	66	48.212265	|5	1	29	1	18	3	987	1541	105	55	36.558334	કાંત્રોડી5	1	29	1	18	4	1417	1557	23	31	94.031578	85	1	29	1	18	5	1675	1555	45	39	59.895493	ટ5	1	29	1	18	6	1957	1545	227	47	96.000778	બિનઅનામત5	1	29	1	18	7	2199	1557	141	33	64.247498	સામાન્ય4	1	29	1	19	0	839	1603	1543	66	-1	5	1	29	1	19	1	839	1619	53	29	92.865372	135	1	29	1	19	2	987	1613	145	54	36.084160	[રાણીગામ5	1	29	1	19	3	1409	1603	33	66	41.872673	ષય5	1	29	1	19	4	1679	1611	71	41	63.173416	25	1	29	1	19	5	1909	1607	191	57	92.631439	અનુસૂચિત5	1	29	1	19	6	2113	1607	187	55	85.252686	આદિજાત્તિ5	1	29	1	19	7	2315	1611	67	43	85.982811	સ્ત્રી4	1	29	1	20	0	841	1673	1581	53	-1	5	1	29	1	20	1	841	1683	51	31	96.496704	145	1	29	1	20	2	932	1671	24	61	10.979719	15	1	29	1	20	3	987	1691	115	29	94.921379	સનાળા5	1	29	1	20	4	1413	1679	27	39	82.337837	25	1	29	1	20	5	1703	1699	13	5	92.349236	-5	1	29	1	20	6	1957	1673	227	45	93.125008	બિનઅનામત5	1	29	1	20	7	2199	1687	141	39	85.245949	સામાન્ય5	1	29	1	20	8	2419	1675	3	3	85.464706	*4	1	29	1	21	0	829	1737	1511	49	-1	5	1	29	1	21	1	829	1749	63	29	55.072826	155	1	29	1	21	2	953	1735	22	64	59.619656	|5	1	29	1	21	3	987	1743	137	43	33.249786	BRR5	1	29	1	21	4	1415	1751	27	31	96.046730	35	1	29	1	21	5	1695	1749	29	33	95.175476	પ5	1	29	1	21	6	1957	1741	227	43	95.349953	બિનઅનામત5	1	29	1	21	7	2197	1737	143	47	65.579254	સામાન્ય4	1	29	1	22	0	839	1805	1501	55	-1	5	1	29	1	22	1	839	1813	49	31	77.466515	1495	1	29	1	22	2	933	1803	28	63	65.401360	|5	1	29	1	22	3	987	1807	143	53	84.255081	તાતણીયા5	1	29	1	22	4	1401	1815	57	33	91.946609	135	1	29	1	22	5	1703	1827	13	7	89.619972	-5	1	29	1	22	6	1907	1805	277	54	0.000000	_ઝડબેનઅનામત5	1	29	1	22	7	2197	1817	143	31	81.177094	સામાન્ય2	1	30	0	0	0	1721	1864	440	166	-1	3	1	30	1	0	0	1721	1864	440	166	-1	4	1	30	1	1	0	1891	1864	270	80	-1	5	1	30	1	1	1	1891	1864	16	53	95.000000	 5	1	30	1	1	2	1922	1917	239	27	95.000000	 4	1	30	1	2	0	1721	1944	206	86	-1	5	1	30	1	2	1	1721	1944	206	86	95.000000	 2	1	31	0	0	0	1861	2041	409	255	-1	3	1	31	1	0	0	1927	2041	275	135	-1	4	1	31	1	1	0	1927	2041	275	57	-1	5	1	31	1	1	1	1927	2041	17	57	91.419243	(5	1	31	1	1	2	1961	2045	105	49	96.386292	મહેશ5	1	31	1	1	3	2081	2041	121	57	94.916939	જોશી)4	1	31	1	2	0	2013	2116	117	60	-1	5	1	31	1	2	1	2013	2116	117	60	83.105240	સચિવ3	1	31	2	0	0	1861	2180	409	64	-1	4	1	31	2	1	0	1861	2180	409	64	-1	5	1	31	2	1	1	1861	2194	115	40	95.655869	રાજય5	1	31	2	1	2	1993	2184	119	60	95.285172	ચૂંટણી5	1	31	2	1	3	2121	2180	149	50	96.224892	આયોગ3	1	31	3	0	0	1907	2250	255	46	-1	4	1	31	3	1	0	1907	2250	255	46	-1	5	1	31	3	1	1	1907	2250	3	2	34.151001	'5	1	31	3	1	2	1961	2250	201	46	57.746666	ગાંઘીનગર2	1	32	0	0	0	1401	2035	401	381	-1	3	1	32	1	0	0	1401	2035	401	381	-1	4	1	32	1	1	0	1401	2035	401	381	-1	5	1	32	1	1	1	1401	2035	401	381	95.000000	 2	1	33	0	0	0	433	3326	617	53	-1	3	1	33	1	0	0	433	3326	617	53	-1	4	1	33	1	1	0	433	3326	617	53	-1	5	1	33	1	1	1	433	3348	121	31	91.868881	JESAR5	1	33	1	1	2	565	3348	49	31	93.476181	TP5	1	33	1	1	3	629	3328	59	51	92.553223	WS5	1	33	1	1	4	701	3326	123	53	92.553223	FINAL5	1	33	1	1	5	835	3326	215	53	39.533546	2020-5.2	1	34	0	0	0	2440	581	9	1283	-1	3	1	34	1	0	0	2440	581	9	1283	-1	4	1	34	1	1	0	2440	581	9	1283	-1	5	1	34	1	1	1	2440	581	9	1283	95.000000,all_seats,gujarati,ocr,42.85,data/gujarat/2020_reservation/block_member_jesar_tps_2020.pdf,5,block_member_jesar_tps_2020.pdf,https://sec.gujarat.gov.in/images/Jesar-TPS-2020.pdf,
Gujarat,2020,Bhavnagar,Jesar,Jesar,11,,1,જુનાપાંદર,block_member,taluk panchayat member,Woman,NONE,સામાન્ય સ્ત્રી,1,“ શસામાન્યસ્ત્રી,0.963,,,all_seats,gujarati,ocr,,data/gujarat/2020_reservation/block_member_jesar_tps_2020.pdf,5,block_member_jesar_tps_2020.pdf,https://sec.gujarat.gov.in/images/Jesar-TPS-2020.pdf,
Gujarat,2020,Bhavnagar,Jesar,Jesar,12,,1,કાંત્રોડી,block_member,taluk panchayat member,Other than Woman,NONE,બિન અનામત સામાન્ય,0,બિનઅનામત સામાન્ય,1.0,,,all_seats,gujarati,ocr,,data/gujarat/2020_reservation/block_member_jesar_tps_2020.pdf,5,block_member_jesar_tps_2020.pdf,https://sec.gujarat.gov.in/images/Jesar-TPS-2020.pdf,
Gujarat,2020,Bhavnagar,Jesar,Jesar,13,,1,રાણીગામ,block_member,taluk panchayat member,ST Woman,ST,અનુસૂચિત આદિજાતિ સ્ત્રી,1,_ અનુસૂચિત આદિજાતિસ્ત્રી *,1.0,,,all_seats,gujarati,ocr,,data/gujarat/2020_reservation/block_member_jesar_tps_2020.pdf,5,block_member_jesar_tps_2020.pdf,https://sec.gujarat.gov.in/images/Jesar-TPS-2020.pdf,
Gujarat,2020,Bhavnagar,Jesar,Jesar,14,,1,સનાળા,block_member,taluk panchayat member,Other than Woman,NONE,બિન અનામત સામાન્ય,0,બિનઅનામત સામાન્ય,1.0,,,all_seats,gujarati,ocr,,data/gujarat/2020_reservation/block_member_jesar_tps_2020.pdf,5,block_member_jesar_tps_2020.pdf,https://sec.gujarat.gov.in/images/Jesar-TPS-2020.pdf,
Gujarat,2020,Bhavnagar,Jesar,Jesar,15,,1,સરેરા,block_member,taluk panchayat member,Other than Woman,NONE,બિન અનામત સામાન્ય,0,બિનઅનામત સામાન્ય *,1.0,,,all_seats,gujarati,ocr,,data/gujarat/2020_reservation/block_member_jesar_tps_2020.pdf,5,block_member_jesar_tps_2020.pdf,https://sec.gujarat.gov.in/images/Jesar-TPS-2020.pdf,
Gujarat,2020,Bhavnagar,Jesar,Jesar,16,,1,તાતણીયા,block_member,taluk panchayat member,Other than Woman,NONE,બિન અનામત સામાન્ય,0,બિનઅનામત સામાન્ય,1.0,,,all_seats,gujarati,ocr,,data/gujarat/2020_reservation/block_member_jesar_tps_2020.pdf,5,block_member_jesar_tps_2020.pdf,https://sec.gujarat.gov.in/images/Jesar-TPS-2020.pdf,
Gujarat,2020,Gandhinagar,Kalol,Kalol,1,4,1,આરસોડીયા,block_member,taluk panchayat member,SC Woman,SC,અનુસૂચિત જાતિ સ્ત્રી,1,અનુસૂચિત જાતિસ્ત્રી *,1.0,ય,18,all_seats,gujarati,ocr,83.79,data/gujarat/2020_reservation/block_member_kalol_tps_2020.pdf,7,block_member_kalol_tps_2020.pdf,https://sec.gujarat.gov.in/images/Kalol-TPS-2020.pdf,
Gujarat,2020,Gandhinagar,Kalol,Kalol,2,2,1,ભોયણમોટી,block_member,taluk panchayat member,Woman,NONE,સામાન્ય સ્ત્રી,1,સામાન્યસ્ત્રી,1.0,3,જુ,all_seats,gujarati,ocr,61.33,data/gujarat/2020_reservation/block_member_kalol_tps_2020.pdf,7,block_member_kalol_tps_2020.pdf,https://sec.gujarat.gov.in/images/Kalol-TPS-2020.pdf,
Gujarat,2020,Gandhinagar,Kalol,Kalol,3,3,1,સૂન બોરીસણા -૧,block_member,taluk panchayat member,BC Woman,BC,સા.શૈ.પછાતવર્ગ સ્ત્રી,1,સા.શૈ.પછાતવર્ગ સ્ત્રી,1.0,17,ર3,all_seats,gujarati,ocr,77.18,data/gujarat/2020_reservation/block_member_kalol_tps_2020.pdf,7,block_member_kalol_tps_2020.pdf,https://sec.gujarat.gov.in/images/Kalol-TPS-2020.pdf,
Gujarat,2020,Gandhinagar,Kalol,Kalol,4,4,1,બોરીસણા-રં,block_member,taluk panchayat member,BC Other than Woman,BC,સા.શૈ.પછાતવર્ગ,0,સા.શૈે.પછાતવર્ગ,0.96,રપ,1,all_seats,gujarati,ocr,63.65,data/gujarat/2020_reservation/block_member_kalol_tps_2020.pdf,7,block_member_kalol_tps_2020.pdf,https://sec.gujarat.gov.in/images/Kalol-TPS-2020.pdf,
Gujarat,2020,Gandhinagar,Kalol,Kalol,5,પ્‌,1,છત્રાલ-૧ ક,block_member,taluk panchayat member,BC Other than Woman,BC,સા.શૈ.પછાતવર્ગ,0,સા.શૈ.પછાતવર્ગ * _,1.0,હૃ,| cay’,all_seats,gujarati,ocr,56.4,data/gujarat/2020_reservation/block_member_kalol_tps_2020.pdf,7,block_member_kalol_tps_2020.pdf,https://sec.gujarat.gov.in/images/Kalol-TPS-2020.pdf,
Gujarat,2020,Gandhinagar,Kalol,Kalol,6,6,1,છત્રાલ-૨,block_member,taluk panchayat member,ST Woman,ST,અનુસૂચિત આદિજાતિ સ્ત્રી,1,અનુસૂચિત આદિજાતિ સ્ત્રી,1.0,| હ,-,all_seats,gujarati,ocr,49.86,data/gujarat/2020_reservation/block_member_kalol_tps_2020.pdf,7,block_member_kalol_tps_2020.pdf,https://sec.gujarat.gov.in/images/Kalol-TPS-2020.pdf,
Gujarat,2020,Gandhinagar,Kalol,Kalol,7,7,1,ધ્રમાસણા,block_member,taluk panchayat member,Other than Woman,NONE,બિન અનામત સામાન્ય,0,| બિનઅનામત સામાન્ય,1.0,13,' ર20,all_seats,gujarati,ocr,58.03,data/gujarat/2020_reservation/block_member_kalol_tps_2020.pdf,7,block_member_kalol_tps_2020.pdf,https://sec.gujarat.gov.in/images/Kalol-TPS-2020.pdf,
Gujarat,2020,Gandhinagar,Kalol,Kalol,8,é,1,ડીંગુચા,block_member,taluk panchayat member,Other than Woman,NONE,બિન અનામત સામાન્ય,0,બિનઅનામત સામાન્ય |),1.0,ર1,સ્પ,all_seats,gujarati,ocr,49.72,data/gujarat/2020_reservation/block_member_kalol_tps_2020.pdf,7,block_member_kalol_tps_2020.pdf,https://sec.gujarat.gov.in/images/Kalol-TPS-2020.pdf,
Gujarat,2020,Gandhinagar,Kalol,Kalol,9,9,1,ગોલથરશા,block_member,taluk panchayat member,Other than Woman,NONE,બિન અનામત સામાન્ય,0,બિનઅનામત સામાન્ય -,1.0,ર4,રવ,all_seats,gujarati,ocr,76.42,data/gujarat/2020_reservation/block_member_kalol_tps_2020.pdf,7,block_member_kalol_tps_2020.pdf,https://sec.gujarat.gov.in/images/Kalol-TPS-2020.pdf,
Gujarat,2020,Gandhinagar,Kalol,Kalol,10,10:,1,હાજીપુર,block_member,taluk panchayat member,Other than Woman,NONE,બિન અનામત સામાન્ય,0,બિનઅનામત સામાન્ય,1.0,કૃપ,ae,all_seats,gujarati,ocr,58.59,data/gujarat/2020_reservation/block_member_kalol_tps_2020.pdf,7,block_member_kalol_tps_2020.pdf,https://sec.gujarat.gov.in/images/Kalol-TPS-2020.pdf,
Gujarat,2020,Gandhinagar,Kalol,Kalol,11,11,1,ઇસંડ,block_member,taluk panchayat member,Other than Woman,NONE,બિન અનામત સામાન્ય,0,. બિનઅનામત સામાન્ય,1.0,a,19,all_seats,gujarati,ocr,65.97,data/gujarat/2020_reservation/block_member_kalol_tps_2020.pdf,7,block_member_kalol_tps_2020.pdf,https://sec.gujarat.gov.in/images/Kalol-TPS-2020.pdf,
Gujarat,2020,Gandhinagar,Kalol,Kalol,12,12,1,જેઠલજ,block_member,taluk panchayat member,Other than Woman,NONE,બિન અનામત સામાન્ય,0,બિનઅનામત સામાન્ય,1.0,ae,ae,all_seats,gujarati,ocr,68.63,data/gujarat/2020_reservation/block_member_kalol_tps_2020.pdf,7,block_member_kalol_tps_2020.pdf,https://sec.gujarat.gov.in/images/Kalol-TPS-2020.pdf,
Gujarat,2020,Gandhinagar,Kalol,Kalol,13,13,1,ખોરજડાભી,block_member,taluk panchayat member,Other than Woman,NONE,બિન અનામત સામાન્ય,0,બિનઅનામત સામાન્ય,1.0,10,9,all_seats,gujarati,ocr,86.88,data/gujarat/2020_reservation/block_member_kalol_tps_2020.pdf,7,block_member_kalol_tps_2020.pdf,https://sec.gujarat.gov.in/images/Kalol-TPS-2020.pdf,
Gujarat,2020,Gandhinagar,Kalol,Kalol,14,ay,1,નાંદોલી,block_member,taluk panchayat member,Woman,NONE,સામાન્ય સ્ત્રી,1,સામાન્યસ્ત્રી *,1.0,14,પ,all_seats,gujarati,ocr,57.07,data/gujarat/2020_reservation/block_member_kalol_tps_2020.pdf,7,block_member_kalol_tps_2020.pdf,https://sec.gujarat.gov.in/images/Kalol-TPS-2020.pdf,
Gujarat,2020,Gandhinagar,Kalol,Kalol,15,15 |,1,નારદીપુર,block_member,taluk panchayat member,Woman,NONE,સામાન્ય સ્ત્રી,1,: સામાન્યસ્ત્રી .,1.0,રર,ઝરવૃવૃ,all_seats,gujarati,ocr,61.28,data/gujarat/2020_reservation/block_member_kalol_tps_2020.pdf,7,block_member_kalol_tps_2020.pdf,https://sec.gujarat.gov.in/images/Kalol-TPS-2020.pdf,
Gujarat,2020,Gandhinagar,Kalol,Kalol,16,| 16,1,નમાસ્મેદ,block_member,taluk panchayat member,SC Other than Woman,SC,અનુસૂચિત જાતિ,0,અનુસૂચિત જાતિ,1.0,જ,12 |.,all_seats,gujarati,ocr,61.31,data/gujarat/2020_reservation/block_member_kalol_tps_2020.pdf,7,block_member_kalol_tps_2020.pdf,https://sec.gujarat.gov.in/images/Kalol-TPS-2020.pdf,
Gujarat,2020,Gandhinagar,Kalol,Kalol,17,| 17,1,પલસાણા,block_member,taluk panchayat member,Woman,NONE,સામાન્ય સ્ત્રી,1,સામાન્યસ્ત્રી _,1.0,12,26,all_seats,gujarati,ocr,89.56,data/gujarat/2020_reservation/block_member_kalol_tps_2020.pdf,7,block_member_kalol_tps_2020.pdf,https://sec.gujarat.gov.in/images/Kalol-TPS-2020.pdf,
Gujarat,2020,Gandhinagar,Kalol,Kalol,18,18,1,પલીયડ,block_member,taluk panchayat member,Woman,NONE,સામાન્ય સ્ત્રી,1,. સામાન્ય સ્ત્રી,1.0,19,43,all_seats,gujarati,ocr,88.43,data/gujarat/2020_reservation/block_member_kalol_tps_2020.pdf,7,block_member_kalol_tps_2020.pdf,https://sec.gujarat.gov.in/images/Kalol-TPS-2020.pdf,
Gujarat,2020,Gandhinagar,Kalol,Kalol,19,19,1,પાનસર,block_member,taluk panchayat member,Woman,NONE,સામાન્ય સ્ત્રી,1,સામાન્ય સ્ત્રી,1.0,2,3,all_seats,gujarati,ocr,86.9,data/gujarat/2020_reservation/block_member_kalol_tps_2020.pdf,7,block_member_kalol_tps_2020.pdf,https://sec.gujarat.gov.in/images/Kalol-TPS-2020.pdf,
Gujarat,2020,Gandhinagar,Kalol,Kalol,20,20,1,પ્વીયજ,block_member,taluk panchayat member,Woman,NONE,સામાન્ય સ્ત્રી,1,સામાન્યસ્ત્રી,1.0,નિ,ey,all_seats,gujarati,ocr,63.51,data/gujarat/2020_reservation/block_member_kalol_tps_2020.pdf,7,block_member_kalol_tps_2020.pdf,https://sec.gujarat.gov.in/images/Kalol-TPS-2020.pdf,
Gujarat,2020,Gandhinagar,Kalol,Kalol,21,ર1,1,રાંચરડા ક,block_member,taluk panchayat member,Woman,NONE,સામાન્ય સ્ત્રી,1,_ સામાન્યસ્ત્રી,1.0,11,10,all_seats,gujarati,ocr,77.55,data/gujarat/2020_reservation/block_member_kalol_tps_2020.pdf,7,block_member_kalol_tps_2020.pdf,https://sec.gujarat.gov.in/images/Kalol-TPS-2020.pdf,
Gujarat,2020,Gandhinagar,Kalol,Kalol,22,રર,1,સઇજ-૧,block_member,taluk panchayat member,Woman,NONE,સામાન્ય સ્ત્રી,1,સામાન્ય સ્ત્રી,1.0,ર9.,¢,all_seats,gujarati,ocr,75.74,data/gujarat/2020_reservation/block_member_kalol_tps_2020.pdf,7,block_member_kalol_tps_2020.pdf,https://sec.gujarat.gov.in/images/Kalol-TPS-2020.pdf,
Gujarat,2020,Gandhinagar,Kalol,Kalol,23,23,1,સઇજ-ર૨,block_member,taluk panchayat member,Woman,NONE,સામાન્ય સ્ત્રી,1,સામાન્ય સ્ત્રી !,1.0,3,15,all_seats,gujarati,ocr,82.83,data/gujarat/2020_reservation/block_member_kalol_tps_2020.pdf,7,block_member_kalol_tps_2020.pdf,https://sec.gujarat.gov.in/images/Kalol-TPS-2020.pdf,
Gujarat,2020,Gandhinagar,Kalol,Kalol,24,24,1,સાંતેજ,block_member,taluk panchayat member,Other than Woman,NONE,બિન અનામત સામાન્ય,0,બિનઅનામત સામાન્ય .,1.0,*& 20,7,all_seats,gujarati,ocr,75.91,data/gujarat/2020_reservation/block_member_kalol_tps_2020.pdf,7,block_member_kalol_tps_2020.pdf,https://sec.gujarat.gov.in/images/Kalol-TPS-2020.pdf,
Gujarat,2020,Gandhinagar,Kalol,Kalol,25,au,1,શેરીસા,block_member,taluk panchayat member,Other than Woman,NONE,બિન અનામત સામાન્ય,0,બિનઅનામત સામાન્ય,1.0,14,22,all_seats,gujarati,ocr,74.06,data/gujarat/2020_reservation/block_member_kalol_tps_2020.pdf,7,block_member_kalol_tps_2020.pdf,https://sec.gujarat.gov.in/images/Kalol-TPS-2020.pdf,
Gujarat,2020,Gandhinagar,Kalol,Kalol,26,26,1,વડસર,block_member,taluk panchayat member,Other than Woman,NONE,બિન અનામત સામાન્ય,0,બિનઅનામત સામાન્ય,1.0,7,8,all_seats,gujarati,ocr,85.63,data/gujarat/2020_reservation/block_member_kalol_tps_2020.pdf,7,block_member_kalol_tps_2020.pdf,https://sec.gujarat.gov.in/images/Kalol-TPS-2020.pdf,
Gujarat,2020,Surat,Kamrej,Kamrej,1,વ,1,આંબોલી,block_member,taluk panchayat member,Woman,NONE,સામાન્ય સ્ત્રી,1,સામાન્ય સ્ત્રી *,1.0,3,18,all_seats,gujarati,ocr,82.24,data/gujarat/2020_reservation/block_member_kamrej_tps_2020.pdf,7,block_member_kamrej_tps_2020.pdf,https://sec.gujarat.gov.in/images/Kamrej-TPS-2020.pdf,
Gujarat,2020,Surat,Kamrej,Kamrej,2,ર,1,દિંગસ,block_member,taluk panchayat member,BC Woman,BC,સા.શૈ.પછાતવર્ગ સ્ત્રી,1,સા.શૈ.પછા તવર્ગ સ્ત્રી,1.0,11,,all_seats,gujarati,ocr,89.36,data/gujarat/2020_reservation/block_member_kamrej_tps_2020.pdf,7,block_member_kamrej_tps_2020.pdf,https://sec.gujarat.gov.in/images/Kamrej-TPS-2020.pdf,
Gujarat,2020,Surat,Kamrej,Kamrej,3,3,1,ડુંગરા,block_member,taluk panchayat member,SC Woman,SC,અનુસૂચિત જાતિ સ્ત્રી,1,અનુસૂચિત જાતિસ્ત્રી,1.0,. 1,7,all_seats,gujarati,ocr,90.16,data/gujarat/2020_reservation/block_member_kamrej_tps_2020.pdf,7,block_member_kamrej_tps_2020.pdf,https://sec.gujarat.gov.in/images/Kamrej-TPS-2020.pdf,
Gujarat,2020,Surat,Kamrej,Kamrej,4,¥,1,ઘ્લા,block_member,taluk panchayat member,ST Other than Woman,ST,અનુસૂચિત આદિજાતિ,0,અનુસૂચિત આદિજાતિ,1.0,15,11,all_seats,gujarati,ocr,82.4,data/gujarat/2020_reservation/block_member_kamrej_tps_2020.pdf,7,block_member_kamrej_tps_2020.pdf,https://sec.gujarat.gov.in/images/Kamrej-TPS-2020.pdf,
Gujarat,2020,Surat,Kamrej,Kamrej,5,પ્‌,1,હલધરૂ,block_member,taluk panchayat member,ST Woman,ST,અનુસૂચિત આદિજાતિ સ્ત્રી,1,_ અનુસૂચિત આદિજાતિસ્ત્રી,1.0,14,ફુ,all_seats,gujarati,ocr,65.83,data/gujarat/2020_reservation/block_member_kamrej_tps_2020.pdf,7,block_member_kamrej_tps_2020.pdf,https://sec.gujarat.gov.in/images/Kamrej-TPS-2020.pdf,
Gujarat,2020,Surat,Kamrej,Kamrej,6,દ,1,જોખા,block_member,taluk panchayat member,ST Woman,ST,અનુસૂચિત આદિજાતિ સ્ત્રી,1,અનુસૂચિત આદિજાતિસ્ત્રી,1.0,: દુ,8,all_seats,gujarati,ocr,65.47,data/gujarat/2020_reservation/block_member_kamrej_tps_2020.pdf,7,block_member_kamrej_tps_2020.pdf,https://sec.gujarat.gov.in/images/Kamrej-TPS-2020.pdf,
Gujarat,2020,Surat,Kamrej,Kamrej,7,7 |,1,કામરેજ-૧,block_member,taluk panchayat member,BC Other than Woman,BC,સા.શૈ.પછાતવર્ગ,0,સા.શૈ.પછાતવર્ગ *,1.0,12,14,all_seats,gujarati,ocr,74.44,data/gujarat/2020_reservation/block_member_kamrej_tps_2020.pdf,7,block_member_kamrej_tps_2020.pdf,https://sec.gujarat.gov.in/images/Kamrej-TPS-2020.pdf,
Gujarat,2020,Surat,Kamrej,Kamrej,8,8,1,કામરેજ -૨,block_member,taluk panchayat member,Other than Woman,NONE,બિન અનામત સામાન્ય,0,' બિન અનામતસામાન્ય,1.0,| 10,19,all_seats,gujarati,ocr,85.92,data/gujarat/2020_reservation/block_member_kamrej_tps_2020.pdf,7,block_member_kamrej_tps_2020.pdf,https://sec.gujarat.gov.in/images/Kamrej-TPS-2020.pdf,
Gujarat,2020,Surat,Kamrej,Kamrej,9,હ,1,ખોલવડ-૧,block_member,taluk panchayat member,Other than Woman,NONE,બિન અનામત સામાન્ય,0,બિનઅનામત સામાન્ય,1.0,ી 3,17,all_seats,gujarati,ocr,73.2,data/gujarat/2020_reservation/block_member_kamrej_tps_2020.pdf,7,block_member_kamrej_tps_2020.pdf,https://sec.gujarat.gov.in/images/Kamrej-TPS-2020.pdf,
Gujarat,2020,Surat,Kamrej,Kamrej,10,10,1,ખોલવડ-૨,block_member,taluk panchayat member,Other than Woman,NONE,બિન અનામત સામાન્ય,0,બિનઅનામત સામાન્ય,1.0,20,15,all_seats,gujarati,ocr,80.32,data/gujarat/2020_reservation/block_member_kamrej_tps_2020.pdf,7,block_member_kamrej_tps_2020.pdf,https://sec.gujarat.gov.in/images/Kamrej-TPS-2020.pdf,
Gujarat,2020,Surat,Kamrej,Kamrej,11,11,1,કોસમાડા,block_member,taluk panchayat member,ST Woman,ST,અનુસૂચિત આદિજાતિ સ્ત્રી,1,અનુસૂચિત આદિજાતિ સ્ત્રી *,1.0,4,9,all_seats,gujarati,ocr,80.22,data/gujarat/2020_reservation/block_member_kamrej_tps_2020.pdf,7,block_member_kamrej_tps_2020.pdf,https://sec.gujarat.gov.in/images/Kamrej-TPS-2020.pdf,
Gujarat,2020,Surat,Kamrej,Kamrej,12,12,1,નવાગામ-૧,block_member,taluk panchayat member,Woman,NONE,સામાન્ય સ્ત્રી,1,સામાન્ય સ્ત્રી,1.0,17,20,all_seats,gujarati,ocr,90.85,data/gujarat/2020_reservation/block_member_kamrej_tps_2020.pdf,7,block_member_kamrej_tps_2020.pdf,https://sec.gujarat.gov.in/images/Kamrej-TPS-2020.pdf,
Gujarat,2020,Surat,Kamrej,Kamrej,13,13,1,નવાગામ-૨,block_member,taluk panchayat member,Woman,NONE,સામાન્ય સ્ત્રી,1,સામાન્યસ્ત્રી,1.0,19,16,all_seats,gujarati,ocr,82.15,data/gujarat/2020_reservation/block_member_kamrej_tps_2020.pdf,7,block_member_kamrej_tps_2020.pdf,https://sec.gujarat.gov.in/images/Kamrej-TPS-2020.pdf,
Gujarat,2020,Surat,Kamrej,Kamrej,14,14,1,નવીપારડી,block_member,taluk panchayat member,ST Other than Woman,ST,અનુસૂચિત આદિજાતિ,0,અનુસૂચિત આદિજાતિ .,1.0,8 |,10,all_seats,gujarati,ocr,89.6,data/gujarat/2020_reservation/block_member_kamrej_tps_2020.pdf,7,block_member_kamrej_tps_2020.pdf,https://sec.gujarat.gov.in/images/Kamrej-TPS-2020.pdf,
Gujarat,2020,Surat,Kamrej,Kamrej,15,4,1,સેવણી,block_member,taluk panchayat member,Woman,NONE,સામાન્ય સ્ત્રી,1,સામાન્યસ્ત્રી,1.0,9,જ,all_seats,gujarati,ocr,62.17,data/gujarat/2020_reservation/block_member_kamrej_tps_2020.pdf,7,block_member_kamrej_tps_2020.pdf,https://sec.gujarat.gov.in/images/Kamrej-TPS-2020.pdf,
Gujarat,2020,Surat,Kamrej,Kamrej,16,16,1,શામપુરા,block_member,taluk panchayat member,Woman,NONE,સામાન્ય સ્ત્રી,1,સામાન્ય સ્ત્રી,1.0,16,1,all_seats,gujarati,ocr,90.83,data/gujarat/2020_reservation/block_member_kamrej_tps_2020.pdf,7,block_member_kamrej_tps_2020.pdf,https://sec.gujarat.gov.in/images/Kamrej-TPS-2020.pdf,
Gujarat,2020,Surat,Kamrej,Kamrej,17,17,1,શેખપુર,block_member,taluk panchayat member,ST Other than Woman,ST,અનુસૂચિત આદિજાતિ,0,અનુસૂચિત આદિજાતિ —,1.0,18,12.,all_seats,gujarati,ocr,89.58,data/gujarat/2020_reservation/block_member_kamrej_tps_2020.pdf,7,block_member_kamrej_tps_2020.pdf,https://sec.gujarat.gov.in/images/Kamrej-TPS-2020.pdf,
Gujarat,2020,Surat,Kamrej,Kamrej,18,18,1,હંભેળ,block_member,taluk panchayat member,Other than Woman,NONE,બિન અનામત સામાન્ય,0,બિનઅનામત સામાન્ય,1.0,પ,પ,all_seats,gujarati,ocr,79.75,data/gujarat/2020_reservation/block_member_kamrej_tps_2020.pdf,7,block_member_kamrej_tps_2020.pdf,https://sec.gujarat.gov.in/images/Kamrej-TPS-2020.pdf,
Gujarat,2020,Surat,Kamrej,Kamrej,19,19,1,વાવ,block_member,taluk panchayat member,ST Other than Woman,ST,અનુસૂચિત આદિજાતિ,0,અનુસૂચિત આદિજાતિ,1.0,2,13:,all_seats,gujarati,ocr,76.35,data/gujarat/2020_reservation/block_member_kamrej_tps_2020.pdf,7,block_member_kamrej_tps_2020.pdf,https://sec.gujarat.gov.in/images/Kamrej-TPS-2020.pdf,
Gujarat,2020,Surat,Kamrej,Kamrej,20,20,1,વિહાણ,block_member,taluk panchayat member,Other than Woman,NONE,બિન અનામત સામાન્ય,0,બિનઅનામત સામાન્ય,1.0,13,3 .,all_seats,gujarati,ocr,80.07,data/gujarat/2020_reservation/block_member_kamrej_tps_2020.pdf,7,block_member_kamrej_tps_2020.pdf,https://sec.gujarat.gov.in/images/Kamrej-TPS-2020.pdf,
Gujarat,2020,Gir Somnath,Kodinar,Kodinar,1,1,1,આલીદર૨,block_member,taluk panchayat member,Woman,NONE,સામાન્ય સ્ત્રી,1,સામાન્યસ્ત્રીોા 3 ।,0.9286,ay,12,all_seats,gujarati,ocr,85.17,data/gujarat/2020_reservation/block_member_kodinar_tps_2020.pdf,6,block_member_kodinar_tps_2020.pdf,https://sec.gujarat.gov.in/images/Kodinar-TPS-2020.pdf,
Gujarat,2020,Gir Somnath,Kodinar,Kodinar,2,રૃ,1,અરણેજ,block_member,taluk panchayat member,Woman,NONE,સામાન્ય સ્ત્રી,1,સામાન્ય સ્ત્રી 1,1.0,13,10,all_seats,gujarati,ocr,66.67,data/gujarat/2020_reservation/block_member_kodinar_tps_2020.pdf,6,block_member_kodinar_tps_2020.pdf,https://sec.gujarat.gov.in/images/Kodinar-TPS-2020.pdf,
Gujarat,2020,Gir Somnath,Kodinar,Kodinar,3,3,1,છાછર,block_member,taluk panchayat member,ST Other than Woman,ST,અનુસૂચિત આદિજાતિ,0,અનુસૂચિત આદિજાતિ |,1.0,2,3,all_seats,gujarati,ocr,92.85,data/gujarat/2020_reservation/block_member_kodinar_tps_2020.pdf,6,block_member_kodinar_tps_2020.pdf,https://sec.gujarat.gov.in/images/Kodinar-TPS-2020.pdf,
Gujarat,2020,Gir Somnath,Kodinar,Kodinar,4,4,1,છારા,block_member,taluk panchayat member,BC Woman,BC,સા.શૈ.પછાતવર્ગ સ્ત્રી,1,સા.શૈ.પછાતવર્ગસ્ત્રી |.,1.0,રર,-,all_seats,gujarati,ocr,75.48,data/gujarat/2020_reservation/block_member_kodinar_tps_2020.pdf,6,block_member_kodinar_tps_2020.pdf,https://sec.gujarat.gov.in/images/Kodinar-TPS-2020.pdf,
Gujarat,2020,Gir Somnath,Kodinar,Kodinar,5,પ,1,દેવલપુર,block_member,taluk panchayat member,BC Other than Woman,BC,સા.શૈ.પછાતવર્ગ,0,સા.શૈ.પછાતવર્ગ |,1.0,9,a,all_seats,gujarati,ocr,65.21,data/gujarat/2020_reservation/block_member_kodinar_tps_2020.pdf,6,block_member_kodinar_tps_2020.pdf,https://sec.gujarat.gov.in/images/Kodinar-TPS-2020.pdf,
Gujarat,2020,Gir Somnath,Kodinar,Kodinar,6,_&,1,દેવળી,block_member,taluk panchayat member,Other than Woman,NONE,બિન અનામત સામાન્ય,0,બિનઅનામત સામાન્ય |.,1.0,20,-,all_seats,gujarati,ocr,83.09,data/gujarat/2020_reservation/block_member_kodinar_tps_2020.pdf,6,block_member_kodinar_tps_2020.pdf,https://sec.gujarat.gov.in/images/Kodinar-TPS-2020.pdf,
Gujarat,2020,Gir Somnath,Kodinar,Kodinar,7,7,1,ડોળાસા,block_member,taluk panchayat member,Other than Woman,NONE,બિન અનામત સામાન્ય,0,બિનઅનામત સામાન્ય |,1.0,19,11,all_seats,gujarati,ocr,63.81,data/gujarat/2020_reservation/block_member_kodinar_tps_2020.pdf,6,block_member_kodinar_tps_2020.pdf,https://sec.gujarat.gov.in/images/Kodinar-TPS-2020.pdf,
Gujarat,2020,Gir Somnath,Kodinar,Kodinar,8,દ,1,ફાફણીમોટી,block_member,taluk panchayat member,Other than Woman,NONE,બિન અનામત સામાન્ય,0,બિનઅનામત સામાન્ય |,1.0,15,8,all_seats,gujarati,ocr,78.61,data/gujarat/2020_reservation/block_member_kodinar_tps_2020.pdf,6,block_member_kodinar_tps_2020.pdf,https://sec.gujarat.gov.in/images/Kodinar-TPS-2020.pdf,
Gujarat,2020,Gir Somnath,Kodinar,Kodinar,9,હ,1,ઘાટવડ,block_member,taluk panchayat member,SC Woman,SC,અનુસૂચિત જાતિ સ્ત્રી,1,_ અનુસૂચિતજાતિસ્ત્રી |.,1.0,છ,13,all_seats,gujarati,ocr,68.45,data/gujarat/2020_reservation/block_member_kodinar_tps_2020.pdf,6,block_member_kodinar_tps_2020.pdf,https://sec.gujarat.gov.in/images/Kodinar-TPS-2020.pdf,
Gujarat,2020,Gir Somnath,Kodinar,Kodinar,10,10.,1,કહોદરા,block_member,taluk panchayat member,Other than Woman,NONE,બિન અનામત સામાન્ય,0,બિનઅનામત સામાન્ય ।,1.0,av,-,all_seats,gujarati,ocr,78.42,data/gujarat/2020_reservation/block_member_kodinar_tps_2020.pdf,6,block_member_kodinar_tps_2020.pdf,https://sec.gujarat.gov.in/images/Kodinar-TPS-2020.pdf,
Gujarat,2020,Gir Somnath,Kodinar,Kodinar,11,11,1,કડ્વાસણ,block_member,taluk panchayat member,Other than Woman,NONE,બિન અનામત સામાન્ય,0,બિનઅનામત સામાન્ય |,1.0,14.,4,all_seats,gujarati,ocr,83.92,data/gujarat/2020_reservation/block_member_kodinar_tps_2020.pdf,6,block_member_kodinar_tps_2020.pdf,https://sec.gujarat.gov.in/images/Kodinar-TPS-2020.pdf,
Gujarat,2020,Gir Somnath,Kodinar,Kodinar,12,6ર,1,કાજ,block_member,taluk panchayat member,Woman,NONE,સામાન્ય સ્ત્રી,1,સામાન્યસ્ત્રી |,1.0,વ,-,all_seats,gujarati,ocr,80.36,data/gujarat/2020_reservation/block_member_kodinar_tps_2020.pdf,6,block_member_kodinar_tps_2020.pdf,https://sec.gujarat.gov.in/images/Kodinar-TPS-2020.pdf,
Gujarat,2020,Gir Somnath,Kodinar,Kodinar,13,13,1,મીતીયાજ,block_member,taluk panchayat member,SC Woman,SC,અનુસૂચિત જાતિ સ્ત્રી,1,અનુસૂચિત જાતિ સ્ત્રી ।,1.0,,જૃ,all_seats,gujarati,ocr,87.82,data/gujarat/2020_reservation/block_member_kodinar_tps_2020.pdf,6,block_member_kodinar_tps_2020.pdf,https://sec.gujarat.gov.in/images/Kodinar-TPS-2020.pdf,
Gujarat,2020,Gir Somnath,Kodinar,Kodinar,14,14,1,મુળઘ્વારકા,block_member,taluk panchayat member,Woman,NONE,સામાન્ય સ્ત્રી,1,સામાન્યસ્ત્રી . ।,1.0,23,17,all_seats,gujarati,ocr,88.88,data/gujarat/2020_reservation/block_member_kodinar_tps_2020.pdf,6,block_member_kodinar_tps_2020.pdf,https://sec.gujarat.gov.in/images/Kodinar-TPS-2020.pdf,
Gujarat,2020,Gir Somnath,Kodinar,Kodinar,15,15,1,નગડલા,block_member,taluk panchayat member,Woman,NONE,સામાન્ય સ્ત્રી,1,સામાન્ય સ્ત્ર,0.96,3,ચ,all_seats,gujarati,ocr,85.9,data/gujarat/2020_reservation/block_member_kodinar_tps_2020.pdf,6,block_member_kodinar_tps_2020.pdf,https://sec.gujarat.gov.in/images/Kodinar-TPS-2020.pdf,
Gujarat,2020,Gir Somnath,Kodinar,Kodinar,16,146,1,પણાંદર,block_member,taluk panchayat member,Woman,NONE,સામાન્ય સ્ત્રી,1,સામાન્યસ્ત્રી [|,1.0,21,-,all_seats,gujarati,ocr,85.04,data/gujarat/2020_reservation/block_member_kodinar_tps_2020.pdf,6,block_member_kodinar_tps_2020.pdf,https://sec.gujarat.gov.in/images/Kodinar-TPS-2020.pdf,
Gujarat,2020,Gir Somnath,Kodinar,Kodinar,17,17,1,પાંચ પીપળવા,block_member,taluk panchayat member,SC Other than Woman,SC,અનુસૂચિત જાતિ,0,અનુસૂચિતજાતિ |.,1.0,8,2,all_seats,gujarati,ocr,94.32,data/gujarat/2020_reservation/block_member_kodinar_tps_2020.pdf,6,block_member_kodinar_tps_2020.pdf,https://sec.gujarat.gov.in/images/Kodinar-TPS-2020.pdf,
Gujarat,2020,Gir Somnath,Kodinar,Kodinar,18,18,1,પેઢાવાડા,block_member,taluk panchayat member,Woman,NONE,સામાન્ય સ્ત્રી,1,સામાન્યસ્ત્રી |,1.0,12,7,all_seats,gujarati,ocr,66.53,data/gujarat/2020_reservation/block_member_kodinar_tps_2020.pdf,6,block_member_kodinar_tps_2020.pdf,https://sec.gujarat.gov.in/images/Kodinar-TPS-2020.pdf,
Gujarat,2020,Gir Somnath,Kodinar,Kodinar,19,19,1,સાહઢણીઘાર,block_member,taluk panchayat member,Woman,NONE,સામાન્ય સ્ત્રી,1,સામાન્ય સ્ત્રી |,1.0,18,€,all_seats,gujarati,ocr,82.98,data/gujarat/2020_reservation/block_member_kodinar_tps_2020.pdf,6,block_member_kodinar_tps_2020.pdf,https://sec.gujarat.gov.in/images/Kodinar-TPS-2020.pdf,
Gujarat,2020,Gir Somnath,Kodinar,Kodinar,20,20,1,સરખડી,block_member,taluk panchayat member,SC Other than Woman,SC,અનુસૂચિત જાતિ,0,અનુસૂચિતજાતિ |,1.0,ષ્ટ,18,all_seats,gujarati,ocr,76.62,data/gujarat/2020_reservation/block_member_kodinar_tps_2020.pdf,6,block_member_kodinar_tps_2020.pdf,https://sec.gujarat.gov.in/images/Kodinar-TPS-2020.pdf,
Gujarat,2020,Gir Somnath,Kodinar,Kodinar,21,21,1,સિંધાજ,block_member,taluk panchayat member,Woman,NONE,સામાન્ય સ્ત્રી,1,સામન્ય સ્ત્રી .,0.96,4,15,all_seats,gujarati,ocr,69.88,data/gujarat/2020_reservation/block_member_kodinar_tps_2020.pdf,6,block_member_kodinar_tps_2020.pdf,https://sec.gujarat.gov.in/images/Kodinar-TPS-2020.pdf,
Gujarat,2020,Gir Somnath,Kodinar,Kodinar,22,રર,1,વડનગર,block_member,taluk panchayat member,Other than Woman,NONE,બિન અનામત સામાન્ય,0,બિનઅનામત સામાન્ય,1.0,17,હ,all_seats,gujarati,ocr,66.87,data/gujarat/2020_reservation/block_member_kodinar_tps_2020.pdf,6,block_member_kodinar_tps_2020.pdf,https://sec.gujarat.gov.in/images/Kodinar-TPS-2020.pdf,
Gujarat,2020,Gir Somnath,Kodinar,Kodinar,23,ર3,1,વેલણ-૧,block_member,taluk panchayat member,Other than Woman,NONE,બિન અનામત સામાન્ય,0,બિનઅનામત સામાન્ય |,1.0,10,14,all_seats,gujarati,ocr,77.87,data/gujarat/2020_reservation/block_member_kodinar_tps_2020.pdf,6,block_member_kodinar_tps_2020.pdf,https://sec.gujarat.gov.in/images/Kodinar-TPS-2020.pdf,
Gujarat,2020,Gir Somnath,Kodinar,Kodinar,24,24,1,વેલણ-૨ર,block_member,taluk panchayat member,Other than Woman,NONE,બિન અનામત સામાન્ય,0,બિનઅનામત સામાન્ય,1.0,-,-,all_seats,gujarati,ocr,76.25,data/gujarat/2020_reservation/block_member_kodinar_tps_2020.pdf,6,block_member_kodinar_tps_2020.pdf,https://sec.gujarat.gov.in/images/Kodinar-TPS-2020.pdf,
Gujarat,2020,Dahod,Limkheda,Limkheda,1,4,1,અગારા(ઉ,block_member,taluk panchayat member,BC Woman,BC,સા.શૈ.પછાતવર્ગ સ્ત્રી,1,સા.શૈ.પછાતવર્ગ સ્ત્રી,1.0,15,કૃપ્‌ :,all_seats,gujarati,ocr,81.95,data/gujarat/2020_reservation/block_member_limkheda_tps_2020.pdf,7,block_member_limkheda_tps_2020.pdf,https://sec.gujarat.gov.in/images/Limkheda-TPS-2020.pdf,
Gujarat,2020,Dahod,Limkheda,Limkheda,2,2,1,ચૈડીયા,block_member,taluk panchayat member,BC Other than Woman,BC,સા.શૈ.પછાતવર્ગ,0,સા.શૈ.પછાતવર્ગ ૨,0.96,“5 ~,પ,all_seats,gujarati,ocr,49.91,data/gujarat/2020_reservation/block_member_limkheda_tps_2020.pdf,7,block_member_limkheda_tps_2020.pdf,https://sec.gujarat.gov.in/images/Limkheda-TPS-2020.pdf,
Gujarat,2020,Dahod,Limkheda,Limkheda,3,3,1,ચીલાકોટા-૧,block_member,taluk panchayat member,ST Other than Woman,ST,અનુસૂચિત આદિજાતિ,0,અનુસૂચિત આદિજાતિ રા,0.9375,-,4,all_seats,gujarati,ocr,79.67,data/gujarat/2020_reservation/block_member_limkheda_tps_2020.pdf,7,block_member_limkheda_tps_2020.pdf,https://sec.gujarat.gov.in/images/Limkheda-TPS-2020.pdf,
Gujarat,2020,Dahod,Limkheda,Limkheda,4,4,1,ચીલોકોટા-૨,block_member,taluk panchayat member,ST Other than Woman,ST,અનુસૂચિત આદિજાતિ,0,અનુસૂચિત આદિજાતિ,1.0,a 1,2,all_seats,gujarati,ocr,61.02,data/gujarat/2020_reservation/block_member_limkheda_tps_2020.pdf,7,block_member_limkheda_tps_2020.pdf,https://sec.gujarat.gov.in/images/Limkheda-TPS-2020.pdf,
Gujarat,2020,Dahod,Limkheda,Limkheda,5,પ5.,1,દાભડા,block_member,taluk panchayat member,Woman,NONE,સામાન્ય સ્ત્રી,1,સામાન્ય સ્ત્રી : રા,0.9286,-,112,all_seats,gujarati,ocr,62.28,data/gujarat/2020_reservation/block_member_limkheda_tps_2020.pdf,7,block_member_limkheda_tps_2020.pdf,https://sec.gujarat.gov.in/images/Limkheda-TPS-2020.pdf,
Gujarat,2020,Dahod,Limkheda,Limkheda,6,€,1,દાંતીયા,block_member,taluk panchayat member,Woman,NONE,સામાન્ય સ્ત્રી,1,સામાન્ય સ્ત્રી |,1.0,- [|,છ .,all_seats,gujarati,ocr,78.26,data/gujarat/2020_reservation/block_member_limkheda_tps_2020.pdf,7,block_member_limkheda_tps_2020.pdf,https://sec.gujarat.gov.in/images/Limkheda-TPS-2020.pdf,
Gujarat,2020,Dahod,Limkheda,Limkheda,7,=),1,દૃધિયા,block_member,taluk panchayat member,ST Woman,ST,અનુસૂચિત આદિજાતિ સ્ત્રી,1,અનુસૂચિત આદિજાતિસ્ત્રી _,1.0,1 .|,14,all_seats,gujarati,ocr,73.54,data/gujarat/2020_reservation/block_member_limkheda_tps_2020.pdf,7,block_member_limkheda_tps_2020.pdf,https://sec.gujarat.gov.in/images/Limkheda-TPS-2020.pdf,
Gujarat,2020,Dahod,Limkheda,Limkheda,8,8,1,જાદાખેરીયા,block_member,taluk panchayat member,Woman,NONE,સામાન્ય સ્ત્રી,1,સામાન્ય સ્ત્રી,1.0,દે,| 4 =,all_seats,gujarati,ocr,70.55,data/gujarat/2020_reservation/block_member_limkheda_tps_2020.pdf,7,block_member_limkheda_tps_2020.pdf,https://sec.gujarat.gov.in/images/Limkheda-TPS-2020.pdf,
Gujarat,2020,Dahod,Limkheda,Limkheda,9,9,1,જેતપુર. (દુ,block_member,taluk panchayat member,ST Woman,ST,અનુસૂચિત આદિજાતિ સ્ત્રી,1,_અનુસૂથિત આદિજાતિસ્ત્રી,0.9524,7,16,all_seats,gujarati,ocr,82.74,data/gujarat/2020_reservation/block_member_limkheda_tps_2020.pdf,7,block_member_limkheda_tps_2020.pdf,https://sec.gujarat.gov.in/images/Limkheda-TPS-2020.pdf,
Gujarat,2020,Dahod,Limkheda,Limkheda,10,10,1,જુના વડીયા,block_member,taluk panchayat member,ST Woman,ST,અનુસૂચિત આદિજાતિ સ્ત્રી,1,અનુસૂચિત આદિજાતિ સ્ત્રી :,1.0,11,| |S!,all_seats,gujarati,ocr,72.07,data/gujarat/2020_reservation/block_member_limkheda_tps_2020.pdf,7,block_member_limkheda_tps_2020.pdf,https://sec.gujarat.gov.in/images/Limkheda-TPS-2020.pdf,
Gujarat,2020,Dahod,Limkheda,Limkheda,11,11 .,1,ખીરખાઈ,block_member,taluk panchayat member,ST Woman,ST,અનુસૂચિત આદિજાતિ સ્ત્રી,1,અનુસૂચિત આદિજાતિ સ્ત્રી _,1.0,17,10 [|,all_seats,gujarati,ocr,73.32,data/gujarat/2020_reservation/block_member_limkheda_tps_2020.pdf,7,block_member_limkheda_tps_2020.pdf,https://sec.gujarat.gov.in/images/Limkheda-TPS-2020.pdf,
Gujarat,2020,Dahod,Limkheda,Limkheda,12,12.,1,હુણધા,block_member,taluk panchayat member,SC Woman,SC,અનુસૂચિત જાતિ સ્ત્રી,1,_અનુસૂચિતજાતિસ્ત્રી ર,0.973,ર2,19,all_seats,gujarati,ocr,63.98,data/gujarat/2020_reservation/block_member_limkheda_tps_2020.pdf,7,block_member_limkheda_tps_2020.pdf,https://sec.gujarat.gov.in/images/Limkheda-TPS-2020.pdf,
Gujarat,2020,Dahod,Limkheda,Limkheda,13,13,1,લીમખેડા,block_member,taluk panchayat member,ST Other than Woman,ST,અનુસૂચિત આદિજાતિ,0,અનુસૂચિત્ત આદિજાતિ -,0.9375,4 .,20 |,all_seats,gujarati,ocr,73.4,data/gujarat/2020_reservation/block_member_limkheda_tps_2020.pdf,7,block_member_limkheda_tps_2020.pdf,https://sec.gujarat.gov.in/images/Limkheda-TPS-2020.pdf,
Gujarat,2020,Dahod,Limkheda,Limkheda,14,14,1,માન્લી,block_member,taluk panchayat member,ST Other than Woman,ST,અનુસૂચિત આદિજાતિ,0,અનુસૂચિત આદિજાતિ .,1.0,10,22: .,all_seats,gujarati,ocr,74.91,data/gujarat/2020_reservation/block_member_limkheda_tps_2020.pdf,7,block_member_limkheda_tps_2020.pdf,https://sec.gujarat.gov.in/images/Limkheda-TPS-2020.pdf,
Gujarat,2020,Dahod,Limkheda,Limkheda,15,15,1,મોટા હાથીધરા,block_member,taluk panchayat member,ST Woman,ST,અનુસૂચિત આદિજાતિ સ્ત્રી,1,અનુસૂચિત આદિજાતિસ્ત્રી,1.0,14,17,all_seats,gujarati,ocr,84.86,data/gujarat/2020_reservation/block_member_limkheda_tps_2020.pdf,7,block_member_limkheda_tps_2020.pdf,https://sec.gujarat.gov.in/images/Limkheda-TPS-2020.pdf,
Gujarat,2020,Dahod,Limkheda,Limkheda,16,146,1,મોટી બાંડીબાર,block_member,taluk panchayat member,ST Other than Woman,ST,અનુસૂચિત આદિજાતિ,0,અનુસૂચિત આદિજાતિર,0.9677,પ,ર1,all_seats,gujarati,ocr,84.08,data/gujarat/2020_reservation/block_member_limkheda_tps_2020.pdf,7,block_member_limkheda_tps_2020.pdf,https://sec.gujarat.gov.in/images/Limkheda-TPS-2020.pdf,
Gujarat,2020,Dahod,Limkheda,Limkheda,17,17,1,મોટીવાવ,block_member,taluk panchayat member,Other than Woman,NONE,બિન અનામત સામાન્ય,0,બિનઅનામત સામાન્ય,1.0,-,કૃ3,all_seats,gujarati,ocr,86.67,data/gujarat/2020_reservation/block_member_limkheda_tps_2020.pdf,7,block_member_limkheda_tps_2020.pdf,https://sec.gujarat.gov.in/images/Limkheda-TPS-2020.pdf,
Gujarat,2020,Dahod,Limkheda,Limkheda,18,18,1,નિનપ્માનીવાવ,block_member,taluk panchayat member,Other than Woman,NONE,બિન અનામત સામાન્ય,0,. બિનઅનામત સામાન્ય,1.0,ae,3,all_seats,gujarati,ocr,82.64,data/gujarat/2020_reservation/block_member_limkheda_tps_2020.pdf,7,block_member_limkheda_tps_2020.pdf,https://sec.gujarat.gov.in/images/Limkheda-TPS-2020.pdf,
Gujarat,2020,Dahod,Limkheda,Limkheda,19,19”,1,પાણીયા,block_member,taluk panchayat member,ST Other than Woman,ST,અનુસૂચિત આદિજાતિ,0,અનુસૂચિત આદિજાતિ,1.0,€,23 .,all_seats,gujarati,ocr,66.31,data/gujarat/2020_reservation/block_member_limkheda_tps_2020.pdf,7,block_member_limkheda_tps_2020.pdf,https://sec.gujarat.gov.in/images/Limkheda-TPS-2020.pdf,
Gujarat,2020,Dahod,Limkheda,Limkheda,20,[| 20,1,પોલીસીમળ,block_member,taluk panchayat member,ST Woman,ST,અનુસૂચિત આદિજાતિ સ્ત્રી,1,અનુસૂચિત આદિજાતિસ્ત્રી,1.0,13 .|.:,12 [|,all_seats,gujarati,ocr,77.4,data/gujarat/2020_reservation/block_member_limkheda_tps_2020.pdf,7,block_member_limkheda_tps_2020.pdf,https://sec.gujarat.gov.in/images/Limkheda-TPS-2020.pdf,
Gujarat,2020,Dahod,Limkheda,Limkheda,21,ha,1,રઈ,block_member,taluk panchayat member,ST Other than Woman,ST,અનુસૂચિત આદિજાતિ,0,અનુસૂચિત આદિજાતિર,0.9677,3,18,all_seats,gujarati,ocr,83.42,data/gujarat/2020_reservation/block_member_limkheda_tps_2020.pdf,7,block_member_limkheda_tps_2020.pdf,https://sec.gujarat.gov.in/images/Limkheda-TPS-2020.pdf,
Gujarat,2020,Dahod,Limkheda,Limkheda,22,રેર,1,વડેલા,block_member,taluk panchayat member,ST Other than Woman,ST,અનુસૂચિત આદિજાતિ,0,અનુસૂચિત આદિજાતિર,0.9677,8,ર્જ,all_seats,gujarati,ocr,64.16,data/gujarat/2020_reservation/block_member_limkheda_tps_2020.pdf,7,block_member_limkheda_tps_2020.pdf,https://sec.gujarat.gov.in/images/Limkheda-TPS-2020.pdf,
Gujarat,2020,Dahod,Limkheda,Limkheda,23,23,1,વિસલંગા,block_member,taluk panchayat member,ST Woman,ST,અનુસૂચિત આદિજાતિ સ્ત્રી,1,અનુસૂચિત આદિજાતિ સ્ત્રી *,1.0,-,7,all_seats,gujarati,ocr,83.39,data/gujarat/2020_reservation/block_member_limkheda_tps_2020.pdf,7,block_member_limkheda_tps_2020.pdf,https://sec.gujarat.gov.in/images/Limkheda-TPS-2020.pdf,
Gujarat,2020,Dahod,Limkheda,Limkheda,24,24,1,ઝેરજીતગઢ,block_member,taluk panchayat member,Other than Woman,NONE,બિન અનામત સામાન્ય,0,બિનઅનામત્ત સામાન્ય,0.9375,9,€,all_seats,gujarati,ocr,77.28,data/gujarat/2020_reservation/block_member_limkheda_tps_2020.pdf,7,block_member_limkheda_tps_2020.pdf,https://sec.gujarat.gov.in/images/Limkheda-TPS-2020.pdf,
Gujarat,2020,Gandhinagar,Mansa,Mansa,1,4,1,આજોલ,block_member,taluk panchayat member,Woman,NONE,સામાન્ય સ્ત્રી,1,સામાન્યસ્ત્રી,1.0,જુ,40,all_seats,gujarati,ocr,82.96,data/gujarat/2020_reservation/block_member_mansa_tps_2020.pdf,7,block_member_mansa_tps_2020.pdf,https://sec.gujarat.gov.in/images/Mansa-TPS-2020.pdf,
Gujarat,2020,Gandhinagar,Mansa,Mansa,2,ર,1,આમજા,block_member,taluk panchayat member,BC Woman,BC,સા.શૈ.પછાતવર્ગ સ્ત્રી,1,સા.શૈ.પછાતર્ગ સ્ત્રી,0.9714,17,ર24,all_seats,gujarati,ocr,83.65,data/gujarat/2020_reservation/block_member_mansa_tps_2020.pdf,7,block_member_mansa_tps_2020.pdf,https://sec.gujarat.gov.in/images/Mansa-TPS-2020.pdf,
Gujarat,2020,Gandhinagar,Mansa,Mansa,3,3,1,બાલવા,block_member,taluk panchayat member,BC Other than Woman,BC,સા.શૈ.પછાતવર્ગ,0,સા.શૈ.પછાતવર્ગ .,1.0,ae,15,all_seats,gujarati,ocr,86.21,data/gujarat/2020_reservation/block_member_mansa_tps_2020.pdf,7,block_member_mansa_tps_2020.pdf,https://sec.gujarat.gov.in/images/Mansa-TPS-2020.pdf,
Gujarat,2020,Gandhinagar,Mansa,Mansa,4,4,1,બિલોદરા,block_member,taluk panchayat member,Woman,NONE,સામાન્ય સ્ત્રી,1,સામાન્યસ્ત્રી,1.0,21.,33,all_seats,gujarati,ocr,63.45,data/gujarat/2020_reservation/block_member_mansa_tps_2020.pdf,7,block_member_mansa_tps_2020.pdf,https://sec.gujarat.gov.in/images/Mansa-TPS-2020.pdf,
Gujarat,2020,Gandhinagar,Mansa,Mansa,5,પ્‌,1,બોરૂ,block_member,taluk panchayat member,BC Other than Woman,BC,સા.શૈ.પછાતવર્ગ,0,સા.શૈ.પછાતવર્ગ,1.0,20,19,all_seats,gujarati,ocr,89.18,data/gujarat/2020_reservation/block_member_mansa_tps_2020.pdf,7,block_member_mansa_tps_2020.pdf,https://sec.gujarat.gov.in/images/Mansa-TPS-2020.pdf,
Gujarat,2020,Gandhinagar,Mansa,Mansa,6,હુ,1,ક --- ચરાડા -૧,block_member,taluk panchayat member,Other than Woman,NONE,બિન અનામત સામાન્ય,0,. બિનઅનામતસામાન્યધ,0.9677,દ,રપ,all_seats,gujarati,ocr,59.54,data/gujarat/2020_reservation/block_member_mansa_tps_2020.pdf,7,block_member_mansa_tps_2020.pdf,https://sec.gujarat.gov.in/images/Mansa-TPS-2020.pdf,
Gujarat,2020,Gandhinagar,Mansa,Mansa,7,«7 [|,1,ચરાડા-ર,block_member,taluk panchayat member,Woman,NONE,સામાન્ય સ્ત્રી,1,શસામાન્યસ્ત્રી,0.963,16,વૃ,all_seats,gujarati,ocr,61.08,data/gujarat/2020_reservation/block_member_mansa_tps_2020.pdf,7,block_member_mansa_tps_2020.pdf,https://sec.gujarat.gov.in/images/Mansa-TPS-2020.pdf,
Gujarat,2020,Gandhinagar,Mansa,Mansa,8,8,1,દૈલવાડ,block_member,taluk panchayat member,Other than Woman,NONE,બિન અનામત સામાન્ય,0,બિનઅનામત સામાન્ય .,1.0,oy,4.,all_seats,gujarati,ocr,74.98,data/gujarat/2020_reservation/block_member_mansa_tps_2020.pdf,7,block_member_mansa_tps_2020.pdf,https://sec.gujarat.gov.in/images/Mansa-TPS-2020.pdf,
Gujarat,2020,Gandhinagar,Mansa,Mansa,9,9,1,ઘ્યમેડા,block_member,taluk panchayat member,Other than Woman,NONE,બિન અનામત સામાન્ય,0,બિનઅનામતસામાન્ય ',1.0,8,7,all_seats,gujarati,ocr,74.3,data/gujarat/2020_reservation/block_member_mansa_tps_2020.pdf,7,block_member_mansa_tps_2020.pdf,https://sec.gujarat.gov.in/images/Mansa-TPS-2020.pdf,
Gujarat,2020,Gandhinagar,Mansa,Mansa,10,10”,1,ઘોળાકુવા,block_member,taluk panchayat member,Other than Woman,NONE,બિન અનામત સામાન્ય,0,. બિનઅનામત સામાન્ય..,1.0,ડિ,9,all_seats,gujarati,ocr,74.09,data/gujarat/2020_reservation/block_member_mansa_tps_2020.pdf,7,block_member_mansa_tps_2020.pdf,https://sec.gujarat.gov.in/images/Mansa-TPS-2020.pdf,
Gujarat,2020,Gandhinagar,Mansa,Mansa,11,11,1,હરણાહોડા,block_member,taluk panchayat member,Other than Woman,NONE,બિન અનામત સામાન્ય,0,' બિનઅનામતસામાન્ય,1.0,22,13,all_seats,gujarati,ocr,83.36,data/gujarat/2020_reservation/block_member_mansa_tps_2020.pdf,7,block_member_mansa_tps_2020.pdf,https://sec.gujarat.gov.in/images/Mansa-TPS-2020.pdf,
Gujarat,2020,Gandhinagar,Mansa,Mansa,12,12,1,ઇટઢાદરા,block_member,taluk panchayat member,Other than Woman,NONE,બિન અનામત સામાન્ય,0,મિનઅનામતંસામાન્ય,0.9032,19,20,all_seats,gujarati,ocr,75.32,data/gujarat/2020_reservation/block_member_mansa_tps_2020.pdf,7,block_member_mansa_tps_2020.pdf,https://sec.gujarat.gov.in/images/Mansa-TPS-2020.pdf,
Gujarat,2020,Gandhinagar,Mansa,Mansa,13,13,1,હ્વાકરોડા,block_member,taluk panchayat member,Other than Woman,NONE,બિન અનામત સામાન્ય,0,બિનઅનામત સામાન્ય,1.0,રષ,44,all_seats,gujarati,ocr,86.22,data/gujarat/2020_reservation/block_member_mansa_tps_2020.pdf,7,block_member_mansa_tps_2020.pdf,https://sec.gujarat.gov.in/images/Mansa-TPS-2020.pdf,
Gujarat,2020,Gandhinagar,Mansa,Mansa,14,14,1,લીંબોદરા,block_member,taluk panchayat member,Other than Woman,NONE,બિન અનામત સામાન્ય,0,બિનઅનામત સામાન્ય,1.0,Cy,22:,all_seats,gujarati,ocr,72.45,data/gujarat/2020_reservation/block_member_mansa_tps_2020.pdf,7,block_member_mansa_tps_2020.pdf,https://sec.gujarat.gov.in/images/Mansa-TPS-2020.pdf,
Gujarat,2020,Gandhinagar,Mansa,Mansa,15,15,1,લોદરા,block_member,taluk panchayat member,Woman,NONE,સામાન્ય સ્ત્રી,1,સામા્યસ્ત્રી,0.96,15,14,all_seats,gujarati,ocr,64.95,data/gujarat/2020_reservation/block_member_mansa_tps_2020.pdf,7,block_member_mansa_tps_2020.pdf,https://sec.gujarat.gov.in/images/Mansa-TPS-2020.pdf,
Gujarat,2020,Gandhinagar,Mansa,Mansa,16,16,1,મહુડી,block_member,taluk panchayat member,Woman,NONE,સામાન્ય સ્ત્રી,1,સામાનયસ્ત્રી,0.96,' ર4,રટ,all_seats,gujarati,ocr,67.15,data/gujarat/2020_reservation/block_member_mansa_tps_2020.pdf,7,block_member_mansa_tps_2020.pdf,https://sec.gujarat.gov.in/images/Mansa-TPS-2020.pdf,
Gujarat,2020,Gandhinagar,Mansa,Mansa,17,17:,1,મંડાલી,block_member,taluk panchayat member,Woman,NONE,સામાન્ય સ્ત્રી,1,સામાન્ય સ્ત્રી,1.0,3,પ,all_seats,gujarati,ocr,92.58,data/gujarat/2020_reservation/block_member_mansa_tps_2020.pdf,7,block_member_mansa_tps_2020.pdf,https://sec.gujarat.gov.in/images/Mansa-TPS-2020.pdf,
Gujarat,2020,Gandhinagar,Mansa,Mansa,18,18,1,માણેકપુર,block_member,taluk panchayat member,Woman,NONE,સામાન્ય સ્ત્રી,1,' સામાન્યસ્ત્રી ”-,1.0,12.,12,all_seats,gujarati,ocr,93.76,data/gujarat/2020_reservation/block_member_mansa_tps_2020.pdf,7,block_member_mansa_tps_2020.pdf,https://sec.gujarat.gov.in/images/Mansa-TPS-2020.pdf,
Gujarat,2020,Gandhinagar,Mansa,Mansa,19,19,1,પરબતપુરા,block_member,taluk panchayat member,SC Woman,SC,અનુસૂચિત જાતિ સ્ત્રી,1,અનુસૂચિતજાતિસ્ત્રી,1.0,4,ટટ,all_seats,gujarati,ocr,80.81,data/gujarat/2020_reservation/block_member_mansa_tps_2020.pdf,7,block_member_mansa_tps_2020.pdf,https://sec.gujarat.gov.in/images/Mansa-TPS-2020.pdf,
Gujarat,2020,Gandhinagar,Mansa,Mansa,20,20,1,પુંધરા,block_member,taluk panchayat member,Woman,NONE,સામાન્ય સ્ત્રી,1,સામાન્ય સ્ત્રી,1.0,14,17,all_seats,gujarati,ocr,80.84,data/gujarat/2020_reservation/block_member_mansa_tps_2020.pdf,7,block_member_mansa_tps_2020.pdf,https://sec.gujarat.gov.in/images/Mansa-TPS-2020.pdf,
Gujarat,2020,Gandhinagar,Mansa,Mansa,21,21,1,રિદ્રોલ,block_member,taluk panchayat member,Woman,NONE,સામાન્ય સ્ત્રી,1,શસામાન્યસ્ત્રી,0.963,10,18,all_seats,gujarati,ocr,74.56,data/gujarat/2020_reservation/block_member_mansa_tps_2020.pdf,7,block_member_mansa_tps_2020.pdf,https://sec.gujarat.gov.in/images/Mansa-TPS-2020.pdf,
Gujarat,2020,Gandhinagar,Mansa,Mansa,22,22,1,સમૌ,block_member,taluk panchayat member,ST Other than Woman,ST,અનુસૂચિત આદિજાતિ,0,અનુસૂચિત આદિજાતિ :,1.0,23,2,all_seats,gujarati,ocr,89.33,data/gujarat/2020_reservation/block_member_mansa_tps_2020.pdf,7,block_member_mansa_tps_2020.pdf,https://sec.gujarat.gov.in/images/Mansa-TPS-2020.pdf,
Gujarat,2020,Gandhinagar,Mansa,Mansa,23,23,1,સોજા,block_member,taluk panchayat member,Woman,NONE,સામાન્ય સ્ત્રી,1,સામાન્યસ્ત્રી [,1.0,11,8,all_seats,gujarati,ocr,90.58,data/gujarat/2020_reservation/block_member_mansa_tps_2020.pdf,7,block_member_mansa_tps_2020.pdf,https://sec.gujarat.gov.in/images/Mansa-TPS-2020.pdf,
Gujarat,2020,Gandhinagar,Mansa,Mansa,24,ર4,1,સોલૈયા,block_member,taluk panchayat member,Woman,NONE,સામાન્ય સ્ત્રી,1,સામાન્યસ્ત્રી |,1.0,લ,21,all_seats,gujarati,ocr,74.41,data/gujarat/2020_reservation/block_member_mansa_tps_2020.pdf,7,block_member_mansa_tps_2020.pdf,https://sec.gujarat.gov.in/images/Mansa-TPS-2020.pdf,
Gujarat,2020,Gandhinagar,Mansa,Mansa,25,શ્પ,1,વરસોડા,block_member,taluk panchayat member,Other than Woman,NONE,બિન અનામત સામાન્ય,0,બિનઅનામત સામાન્ય |,1.0,2,RE,all_seats,gujarati,ocr,75.09,data/gujarat/2020_reservation/block_member_mansa_tps_2020.pdf,7,block_member_mansa_tps_2020.pdf,https://sec.gujarat.gov.in/images/Mansa-TPS-2020.pdf,
Gujarat,2020,Gandhinagar,Mansa,Mansa,26,26,1,વેડા ર,block_member,taluk panchayat member,Other than Woman,NONE,બિન અનામત સામાન્ય,0,ભ્રિનઅનામત સામાન્ય *,0.875,,3,all_seats,gujarati,ocr,72.43,data/gujarat/2020_reservation/block_member_mansa_tps_2020.pdf,7,block_member_mansa_tps_2020.pdf,https://sec.gujarat.gov.in/images/Mansa-TPS-2020.pdf,
Gujarat,2020,Morbi,Morbi,Morbi,1,,1,આમરણ,block_member,taluk panchayat member,Woman,NONE,સામાન્ય સ્ત્રી,1,સામાન્યસ્ત્રી,1.0,19,14,all_seats,gujarati,ocr,39.07,data/gujarat/2020_reservation/block_member_morabi_tps_2020.pdf,8,block_member_morabi_tps_2020.pdf,https://sec.gujarat.gov.in/images/Morabi-TPS-2020.pdf,
Gujarat,2020,Morbi,Morbi,Morbi,2,2,1,બગથળા,block_member,taluk panchayat member,Woman,NONE,સામાન્ય સ્ત્રી,1,સામાન્યસ્ત્રી,1.0,12,21,all_seats,gujarati,ocr,75.16,data/gujarat/2020_reservation/block_member_morabi_tps_2020.pdf,8,block_member_morabi_tps_2020.pdf,https://sec.gujarat.gov.in/images/Morabi-TPS-2020.pdf,
Gujarat,2020,Morbi,Morbi,Morbi,3,ઝં,1,ભડીયાદ,block_member,taluk panchayat member,ST Other than Woman,ST,અનુસૂચિત આદિજાતિ,0,અનુસૂચિત આદિજાતિ *,1.0,રૃ,4,all_seats,gujarati,ocr,64.66,data/gujarat/2020_reservation/block_member_morabi_tps_2020.pdf,8,block_member_morabi_tps_2020.pdf,https://sec.gujarat.gov.in/images/Morabi-TPS-2020.pdf,
Gujarat,2020,Morbi,Morbi,Morbi,4,ee,1,ગાળા,block_member,taluk panchayat member,Woman,NONE,સામાન્ય સ્ત્રી,1,સામાન્યસ્ત્રી ૨,0.963,Iw,-,all_seats,gujarati,ocr,54.38,data/gujarat/2020_reservation/block_member_morabi_tps_2020.pdf,8,block_member_morabi_tps_2020.pdf,https://sec.gujarat.gov.in/images/Morabi-TPS-2020.pdf,
Gujarat,2020,Morbi,Morbi,Morbi,5,uf,1,ઘુંટુ,block_member,taluk panchayat member,SC Other than Woman,SC,અનુસૂચિત જાતિ,0,અનુસૂચિતજાતિ,1.0,ન,3,all_seats,gujarati,ocr,68.67,data/gujarat/2020_reservation/block_member_morabi_tps_2020.pdf,8,block_member_morabi_tps_2020.pdf,https://sec.gujarat.gov.in/images/Morabi-TPS-2020.pdf,
Gujarat,2020,Morbi,Morbi,Morbi,6,ટ,1,જાબુડીયા,block_member,taluk panchayat member,SC Woman,SC,અનુસૂચિત જાતિ સ્ત્રી,1,અનુસૂચિતજાતિસ્ત્રી,1.0,4.,2,all_seats,gujarati,ocr,79.81,data/gujarat/2020_reservation/block_member_morabi_tps_2020.pdf,8,block_member_morabi_tps_2020.pdf,https://sec.gujarat.gov.in/images/Morabi-TPS-2020.pdf,
Gujarat,2020,Morbi,Morbi,Morbi,7,છ 1,1,જેતપર,block_member,taluk panchayat member,BC Woman,BC,સા.શૈ.પછાતવર્ગ સ્ત્રી,1,સા.શૈ.પછાતવર્ગસ્ત્રી,1.0,20,8,all_seats,gujarati,ocr,79.07,data/gujarat/2020_reservation/block_member_morabi_tps_2020.pdf,8,block_member_morabi_tps_2020.pdf,https://sec.gujarat.gov.in/images/Morabi-TPS-2020.pdf,
Gujarat,2020,Morbi,Morbi,Morbi,8,8,1,જુના નાગડાવાસ,block_member,taluk panchayat member,BC Woman,BC,સા.શૈ.પછાતવર્ગ સ્ત્રી,1,સા.શૈ.પછાતવર્ગ સ્ત્રી,1.0,Ww,10,all_seats,gujarati,ocr,77.73,data/gujarat/2020_reservation/block_member_morabi_tps_2020.pdf,8,block_member_morabi_tps_2020.pdf,https://sec.gujarat.gov.in/images/Morabi-TPS-2020.pdf,
Gujarat,2020,Morbi,Morbi,Morbi,9,|,1,ખાખરાળા,block_member,taluk panchayat member,BC Other than Woman,BC,સા.શૈ.પછાતવર્ગ,0,સા.શૈ.પછાતવર્ગ,1.0,22,11,all_seats,gujarati,ocr,82.17,data/gujarat/2020_reservation/block_member_morabi_tps_2020.pdf,8,block_member_morabi_tps_2020.pdf,https://sec.gujarat.gov.in/images/Morabi-TPS-2020.pdf,
Gujarat,2020,Morbi,Morbi,Morbi,10,| ?0,1,ખાનપર,block_member,taluk panchayat member,Other than Woman,NONE,બિન અનામત સામાન્ય,0,બિનઅનામત સામાન્ય,1.0,15,15,all_seats,gujarati,ocr,87.84,data/gujarat/2020_reservation/block_member_morabi_tps_2020.pdf,8,block_member_morabi_tps_2020.pdf,https://sec.gujarat.gov.in/images/Morabi-TPS-2020.pdf,
Gujarat,2020,Morbi,Morbi,Morbi,11,2? |,1,ખારચીયા,block_member,taluk panchayat member,Other than Woman,NONE,બિન અનામત સામાન્ય,0,બિનઅનામત સામાન્ય *,1.0,17,-,all_seats,gujarati,ocr,76.98,data/gujarat/2020_reservation/block_member_morabi_tps_2020.pdf,8,block_member_morabi_tps_2020.pdf,https://sec.gujarat.gov.in/images/Morabi-TPS-2020.pdf,
Gujarat,2020,Morbi,Morbi,Morbi,12,2ર,1,ખરેડા,block_member,taluk panchayat member,Other than Woman,NONE,બિન અનામત સામાન્ય,0,બિનઅનામત સામાન્ય *,1.0,21,13,all_seats,gujarati,ocr,85.51,data/gujarat/2020_reservation/block_member_morabi_tps_2020.pdf,8,block_member_morabi_tps_2020.pdf,https://sec.gujarat.gov.in/images/Morabi-TPS-2020.pdf,
Gujarat,2020,Morbi,Morbi,Morbi,13,?4 |,1,મહેન્દ્રનગર--૧,block_member,taluk panchayat member,Woman,NONE,સામાન્ય સ્ત્રી,1,સામાન્ય સ્ત્રી,1.0,8,-,all_seats,gujarati,ocr,73.19,data/gujarat/2020_reservation/block_member_morabi_tps_2020.pdf,8,block_member_morabi_tps_2020.pdf,https://sec.gujarat.gov.in/images/Morabi-TPS-2020.pdf,
Gujarat,2020,Morbi,Morbi,Morbi,14,| 24.,1,મહેન્દ્રનગર-ર,block_member,taluk panchayat member,Woman,NONE,સામાન્ય સ્ત્રી,1,સામાન્ય સ્ત્રી,1.0,8,zs,all_seats,gujarati,ocr,67.83,data/gujarat/2020_reservation/block_member_morabi_tps_2020.pdf,8,block_member_morabi_tps_2020.pdf,https://sec.gujarat.gov.in/images/Morabi-TPS-2020.pdf,
Gujarat,2020,Morbi,Morbi,Morbi,15,| 624 .,1,મકનસર,block_member,taluk panchayat member,SC Other than Woman,SC,અનુસૂચિત જાતિ,0,અનુસૂચિત જાતિ,1.0,પ,પ,all_seats,gujarati,ocr,79.04,data/gujarat/2020_reservation/block_member_morabi_tps_2020.pdf,8,block_member_morabi_tps_2020.pdf,https://sec.gujarat.gov.in/images/Morabi-TPS-2020.pdf,
Gujarat,2020,Morbi,Morbi,Morbi,16,149,1,મોડપર ક,block_member,taluk panchayat member,Woman,NONE,સામાન્ય સ્ત્રી,1,'સામાન્યસ્ત્રી 3,1.0,16:,7 19,all_seats,gujarati,ocr,45.34,data/gujarat/2020_reservation/block_member_morabi_tps_2020.pdf,8,block_member_morabi_tps_2020.pdf,https://sec.gujarat.gov.in/images/Morabi-TPS-2020.pdf,
Gujarat,2020,Morbi,Morbi,Morbi,17,29 |,1,નાની વાવડી,block_member,taluk panchayat member,Woman,NONE,સામાન્ય સ્ત્રી,1,"સામાન્યસ્ત્રી, 3૨",0.963,18,16,all_seats,gujarati,ocr,73.33,data/gujarat/2020_reservation/block_member_morabi_tps_2020.pdf,8,block_member_morabi_tps_2020.pdf,https://sec.gujarat.gov.in/images/Morabi-TPS-2020.pdf,
Gujarat,2020,Morbi,Morbi,Morbi,18,'*8 |,1,નવા સાદુળકા,block_member,taluk panchayat member,Woman,NONE,સામાન્ય સ્ત્રી,1,સામાન્યસ્ત્રીર,0.963,10:,12.,all_seats,gujarati,ocr,74.09,data/gujarat/2020_reservation/block_member_morabi_tps_2020.pdf,8,block_member_morabi_tps_2020.pdf,https://sec.gujarat.gov.in/images/Morabi-TPS-2020.pdf,
Gujarat,2020,Morbi,Morbi,Morbi,19,qe.,1,પંચાસર,block_member,taluk panchayat member,Woman,NONE,સામાન્ય સ્ત્રી,1,સામાન્યસ્ત્રી,1.0,7,20,all_seats,gujarati,ocr,64.93,data/gujarat/2020_reservation/block_member_morabi_tps_2020.pdf,8,block_member_morabi_tps_2020.pdf,https://sec.gujarat.gov.in/images/Morabi-TPS-2020.pdf,
Gujarat,2020,Morbi,Morbi,Morbi,20,ર0,1,પાનેલી,block_member,taluk panchayat member,Woman,NONE,સામાન્ય સ્ત્રી,1,સામાન્યસ્ત્રી 3૨,0.963,14,18 |,all_seats,gujarati,ocr,69.19,data/gujarat/2020_reservation/block_member_morabi_tps_2020.pdf,8,block_member_morabi_tps_2020.pdf,https://sec.gujarat.gov.in/images/Morabi-TPS-2020.pdf,
Gujarat,2020,Morbi,Morbi,Morbi,21,ર?,1,પીપળી,block_member,taluk panchayat member,Other than Woman,NONE,બિન અનામત સામાન્ય,0,બિનઅનામતસામાન્ય *,1.0,9,7,all_seats,gujarati,ocr,88.18,data/gujarat/2020_reservation/block_member_morabi_tps_2020.pdf,8,block_member_morabi_tps_2020.pdf,https://sec.gujarat.gov.in/images/Morabi-TPS-2020.pdf,
Gujarat,2020,Morbi,Morbi,Morbi,22,22,1,રવાપરા--૧,block_member,taluk panchayat member,Other than Woman,NONE,બિન અનામત સામાન્ય,0,બિન અનામત સામાન્ય *,1.0,રપ,-,all_seats,gujarati,ocr,85.27,data/gujarat/2020_reservation/block_member_morabi_tps_2020.pdf,8,block_member_morabi_tps_2020.pdf,https://sec.gujarat.gov.in/images/Morabi-TPS-2020.pdf,
Gujarat,2020,Morbi,Morbi,Morbi,23,ર? [|,1,રવાપરા-ર૨,block_member,taluk panchayat member,Other than Woman,NONE,બિન અનામત સામાન્ય,0,બિન અનામત સામાન્ય,1.0,13,9,all_seats,gujarati,ocr,75.75,data/gujarat/2020_reservation/block_member_morabi_tps_2020.pdf,8,block_member_morabi_tps_2020.pdf,https://sec.gujarat.gov.in/images/Morabi-TPS-2020.pdf,
Gujarat,2020,Morbi,Morbi,Morbi,24,1 ર4,1,શકતશનાળા,block_member,taluk panchayat member,Other than Woman,NONE,બિન અનામત સામાન્ય,0,બિન અનામત સામાન્ય,1.0,11,17,all_seats,gujarati,ocr,82.91,data/gujarat/2020_reservation/block_member_morabi_tps_2020.pdf,8,block_member_morabi_tps_2020.pdf,https://sec.gujarat.gov.in/images/Morabi-TPS-2020.pdf,
Gujarat,2020,Morbi,Morbi,Morbi,25,ર4,1,ત્રાજપર--૧,block_member,taluk panchayat member,Other than Woman,NONE,બિન અનામત સામાન્ય,0,બિનઅનામત સામાન્ય _,1.0,સ્ટ,-,all_seats,gujarati,ocr,75.08,data/gujarat/2020_reservation/block_member_morabi_tps_2020.pdf,8,block_member_morabi_tps_2020.pdf,https://sec.gujarat.gov.in/images/Morabi-TPS-2020.pdf,
Gujarat,2020,Morbi,Morbi,Morbi,26,રટ |,1,ત્રાજપર--૨,block_member,taluk panchayat member,Other than Woman,NONE,બિન અનામત સામાન્ય,0,મિત્અનામત સામાન્ય *,0.8387,1,4,all_seats,gujarati,ocr,66.98,data/gujarat/2020_reservation/block_member_morabi_tps_2020.pdf,8,block_member_morabi_tps_2020.pdf,https://sec.gujarat.gov.in/images/Morabi-TPS-2020.pdf,
Gujarat,2020,Kutch,Mundra,Mundra,1,રૃ,1,ભદ્રેશ્વર ર,block_member,taluk panchayat member,ST Other than Woman,ST,અનુસૂચિત આદિજાતિ,0,અનુસૂચિત આદિજાતિ,1.0,14,2,all_seats,gujarati,ocr,83.59,data/gujarat/2020_reservation/block_member_mundra_tps_2020.pdf,7,block_member_mundra_tps_2020.pdf,https://sec.gujarat.gov.in/images/Mundra-TPS-2020.pdf,
Gujarat,2020,Kutch,Mundra,Mundra,2,રૃ,1,છસંસ,block_member,taluk panchayat member,BC Woman,BC,સા.શૈ.પછાતવર્ગ સ્ત્રી,1,સા.શૈ.પછાતવર્ગ સ્ત્રી,1.0,42,16,all_seats,gujarati,ocr,83.61,data/gujarat/2020_reservation/block_member_mundra_tps_2020.pdf,7,block_member_mundra_tps_2020.pdf,https://sec.gujarat.gov.in/images/Mundra-TPS-2020.pdf,
Gujarat,2020,Kutch,Mundra,Mundra,3,3,1,દેશલપર(કંઠી,block_member,taluk panchayat member,BC Other than Woman,BC,સા.શૈ.પછાતવર્ગ,0,સા.શૈ.પછાતવર્ગ,1.0,હ,.,all_seats,gujarati,ocr,51.97,data/gujarat/2020_reservation/block_member_mundra_tps_2020.pdf,7,block_member_mundra_tps_2020.pdf,https://sec.gujarat.gov.in/images/Mundra-TPS-2020.pdf,
Gujarat,2020,Kutch,Mundra,Mundra,4,x,1,ગુંદાલા,block_member,taluk panchayat member,SC Woman,SC,અનુસૂચિત જાતિ સ્ત્રી,1,અનુસૂચિત જાતિ સ્ત્રી.,1.0,4,7,all_seats,gujarati,ocr,75.27,data/gujarat/2020_reservation/block_member_mundra_tps_2020.pdf,7,block_member_mundra_tps_2020.pdf,https://sec.gujarat.gov.in/images/Mundra-TPS-2020.pdf,
Gujarat,2020,Kutch,Mundra,Mundra,5,64,1,લાખાપર,block_member,taluk panchayat member,Woman,NONE,સામાન્ય સ્ત્રી,1,સામાન્ય સ્ત્રી : ',1.0,,,all_seats,gujarati,ocr,64.27,data/gujarat/2020_reservation/block_member_mundra_tps_2020.pdf,7,block_member_mundra_tps_2020.pdf,https://sec.gujarat.gov.in/images/Mundra-TPS-2020.pdf,
Gujarat,2020,Kutch,Mundra,Mundra,6,é,1,લુણી,block_member,taluk panchayat member,Other than Woman,NONE,બિન અનામત સામાન્ય,0,બિન અનામત સામાન્ય,1.0,11,170 ',all_seats,gujarati,ocr,79.0,data/gujarat/2020_reservation/block_member_mundra_tps_2020.pdf,7,block_member_mundra_tps_2020.pdf,https://sec.gujarat.gov.in/images/Mundra-TPS-2020.pdf,
Gujarat,2020,Kutch,Mundra,Mundra,7,7,1,મોટા કાંડાગરા,block_member,taluk panchayat member,Other than Woman,NONE,બિન અનામત સામાન્ય,0,બિન અનામત સામાન્ય,1.0,15,પ્‌,all_seats,gujarati,ocr,91.08,data/gujarat/2020_reservation/block_member_mundra_tps_2020.pdf,7,block_member_mundra_tps_2020.pdf,https://sec.gujarat.gov.in/images/Mundra-TPS-2020.pdf,
Gujarat,2020,Kutch,Mundra,Mundra,8,Pa,1,મોટા કપાયા,block_member,taluk panchayat member,Woman,NONE,સામાન્ય સ્ત્રી,1,. સશામાન્યસ્ત્રી. ..,0.963,.,3,all_seats,gujarati,ocr,73.93,data/gujarat/2020_reservation/block_member_mundra_tps_2020.pdf,7,block_member_mundra_tps_2020.pdf,https://sec.gujarat.gov.in/images/Mundra-TPS-2020.pdf,
Gujarat,2020,Kutch,Mundra,Mundra,9,9,1,મોટી ભૂજપુર-૧,block_member,taluk panchayat member,Other than Woman,NONE,બિન અનામત સામાન્ય,0,બિન અનામત સામાન્ય,1.0,7,હ,all_seats,gujarati,ocr,77.7,data/gujarat/2020_reservation/block_member_mundra_tps_2020.pdf,7,block_member_mundra_tps_2020.pdf,https://sec.gujarat.gov.in/images/Mundra-TPS-2020.pdf,
Gujarat,2020,Kutch,Mundra,Mundra,10,10,1,મોટી ભુજપુર-૨,block_member,taluk panchayat member,Other than Woman,NONE,બિન અનામત સામાન્ય,0,બિન અનામત સામાન્ય,1.0,13,8,all_seats,gujarati,ocr,80.64,data/gujarat/2020_reservation/block_member_mundra_tps_2020.pdf,7,block_member_mundra_tps_2020.pdf,https://sec.gujarat.gov.in/images/Mundra-TPS-2020.pdf,
Gujarat,2020,Kutch,Mundra,Mundra,11,22?,1,નાન કપાયા-૧,block_member,taluk panchayat member,Woman,NONE,સામાન્ય સ્ત્રી,1,સામાન્યસ્ક્ી,0.88,2,1ર,all_seats,gujarati,ocr,81.78,data/gujarat/2020_reservation/block_member_mundra_tps_2020.pdf,7,block_member_mundra_tps_2020.pdf,https://sec.gujarat.gov.in/images/Mundra-TPS-2020.pdf,
Gujarat,2020,Kutch,Mundra,Mundra,12,92,1,નાના કપાયા-ર,block_member,taluk panchayat member,Woman,NONE,સામાન્ય સ્ત્રી,1,સામાન્ય સ્ત્ર,0.96,18,ad,all_seats,gujarati,ocr,71.04,data/gujarat/2020_reservation/block_member_mundra_tps_2020.pdf,7,block_member_mundra_tps_2020.pdf,https://sec.gujarat.gov.in/images/Mundra-TPS-2020.pdf,
Gujarat,2020,Kutch,Mundra,Mundra,13,i,1,પત્રી,block_member,taluk panchayat member,Woman,NONE,સામાન્ય સ્ત્રી,1,સ્ામાન્યસ્ત્રી,0.963,8,13,all_seats,gujarati,ocr,70.02,data/gujarat/2020_reservation/block_member_mundra_tps_2020.pdf,7,block_member_mundra_tps_2020.pdf,https://sec.gujarat.gov.in/images/Mundra-TPS-2020.pdf,
Gujarat,2020,Kutch,Mundra,Mundra,14,24,1,રામાણીયા,block_member,taluk panchayat member,SC Woman,SC,અનુસૂચિત જાતિ સ્ત્રી,1,અનુસૂચેત જાતિસ્ત્રી,0.9444,3,17,all_seats,gujarati,ocr,87.31,data/gujarat/2020_reservation/block_member_mundra_tps_2020.pdf,7,block_member_mundra_tps_2020.pdf,https://sec.gujarat.gov.in/images/Mundra-TPS-2020.pdf,
Gujarat,2020,Kutch,Mundra,Mundra,15,26,1,સાડાઉ,block_member,taluk panchayat member,SC Other than Woman,SC,અનુસૂચિત જાતિ,0,અનુસૂચિતજાતિ. *,1.0,પ,14,all_seats,gujarati,ocr,83.3,data/gujarat/2020_reservation/block_member_mundra_tps_2020.pdf,7,block_member_mundra_tps_2020.pdf,https://sec.gujarat.gov.in/images/Mundra-TPS-2020.pdf,
Gujarat,2020,Kutch,Mundra,Mundra,16,Ve,1,સમાઘોદ્યા,block_member,taluk panchayat member,Woman,NONE,સામાન્ય સ્ત્રી,1,સામાન્ય સ્ત્રી,1.0,17,જ,all_seats,gujarati,ocr,71.38,data/gujarat/2020_reservation/block_member_mundra_tps_2020.pdf,7,block_member_mundra_tps_2020.pdf,https://sec.gujarat.gov.in/images/Mundra-TPS-2020.pdf,
Gujarat,2020,Kutch,Mundra,Mundra,17,19,1,ઝરપરા-૧,block_member,taluk panchayat member,Other than Woman,NONE,બિન અનામત સામાન્ય,0,બિન અનામત સામાન્ય,1.0,10,15,all_seats,gujarati,ocr,91.38,data/gujarat/2020_reservation/block_member_mundra_tps_2020.pdf,7,block_member_mundra_tps_2020.pdf,https://sec.gujarat.gov.in/images/Mundra-TPS-2020.pdf,
Gujarat,2020,Kutch,Mundra,Mundra,18,68,1,ઝરપરા-ર,block_member,taluk panchayat member,Other than Woman,NONE,બિન અનામત સામાન્ય,0,બિન અનામત સામાન્ય,1.0,16,18,all_seats,gujarati,ocr,86.73,data/gujarat/2020_reservation/block_member_mundra_tps_2020.pdf,7,block_member_mundra_tps_2020.pdf,https://sec.gujarat.gov.in/images/Mundra-TPS-2020.pdf,
Gujarat,2020,Navsari,Navsari,Navsari,1,| 1,1,ર અડદા,block_member,taluk panchayat member,ST Other than Woman,ST,અનુસૂચિત આદિજાતિ,0,_ અનુસૂચિત આદિજાતિ _,1.0,13 |,1 16,all_seats,gujarati,ocr,75.35,data/gujarat/2020_reservation/block_member_navsari_tps_2020.pdf,6,block_member_navsari_tps_2020.pdf,https://sec.gujarat.gov.in/images/Navsari-TPS-2020.pdf,
Gujarat,2020,Navsari,Navsari,Navsari,2,ર,1,આમડપોર,block_member,taluk panchayat member,ST Other than Woman,ST,અનુસૂચિત આદિજાતિ,0,અનુસૂચિત આદિજાતિ ',1.0,' 11,ર,all_seats,gujarati,ocr,73.01,data/gujarat/2020_reservation/block_member_navsari_tps_2020.pdf,6,block_member_navsari_tps_2020.pdf,https://sec.gujarat.gov.in/images/Navsari-TPS-2020.pdf,
Gujarat,2020,Navsari,Navsari,Navsari,3,| 3,1,ભુલાફળીયા,block_member,taluk panchayat member,ST Woman,ST,અનુસૂચિત આદિજાતિ સ્ત્રી,1,અનુસૂચિત આદિજાતિ સ્ત્રી,1.0,| 10,1 6,all_seats,gujarati,ocr,67.05,data/gujarat/2020_reservation/block_member_navsari_tps_2020.pdf,6,block_member_navsari_tps_2020.pdf,https://sec.gujarat.gov.in/images/Navsari-TPS-2020.pdf,
Gujarat,2020,Navsari,Navsari,Navsari,4,4 [|,1,ચંદવાસણ સુપા,block_member,taluk panchayat member,ST Woman,ST,અનુસૂચિત આદિજાતિ સ્ત્રી,1,અનુસૂચિતઆદિજાતિસ્ત્રી *,1.0,પ,13,all_seats,gujarati,ocr,89.67,data/gujarat/2020_reservation/block_member_navsari_tps_2020.pdf,6,block_member_navsari_tps_2020.pdf,https://sec.gujarat.gov.in/images/Navsari-TPS-2020.pdf,
Gujarat,2020,Navsari,Navsari,Navsari,5,પ,1,ધામણ,block_member,taluk panchayat member,SC Other than Woman,SC,અનુસૂચિત જાતિ,0,અનુસૂચિતજાતિ *,1.0,1.,| 9,all_seats,gujarati,ocr,62.84,data/gujarat/2020_reservation/block_member_navsari_tps_2020.pdf,6,block_member_navsari_tps_2020.pdf,https://sec.gujarat.gov.in/images/Navsari-TPS-2020.pdf,
Gujarat,2020,Navsari,Navsari,Navsari,6,6.,1,ધારાગીરી,block_member,taluk panchayat member,ST Woman,ST,અનુસૂચિત આદિજાતિ સ્ત્રી,1,અનુસૂચિત આદિજાતિસ્ત્રી,1.0,4,15,all_seats,gujarati,ocr,75.17,data/gujarat/2020_reservation/block_member_navsari_tps_2020.pdf,6,block_member_navsari_tps_2020.pdf,https://sec.gujarat.gov.in/images/Navsari-TPS-2020.pdf,
Gujarat,2020,Navsari,Navsari,Navsari,7,7 |,1,ખડસુપા,block_member,taluk panchayat member,BC Woman,BC,સા.શૈ.પછાતવર્ગ સ્ત્રી,1,_ સા.શૈ.પછાતવર્ગસ્ત્રી *,1.0,7,પ,all_seats,gujarati,ocr,82.92,data/gujarat/2020_reservation/block_member_navsari_tps_2020.pdf,6,block_member_navsari_tps_2020.pdf,https://sec.gujarat.gov.in/images/Navsari-TPS-2020.pdf,
Gujarat,2020,Navsari,Navsari,Navsari,8,| 8,1,મુનસાડ,block_member,taluk panchayat member,BC Other than Woman,BC,સા.શૈ.પછાતવર્ગ,0,સા.શૈ.પછાતવર્ગ,1.0,દ,દ,all_seats,gujarati,ocr,78.74,data/gujarat/2020_reservation/block_member_navsari_tps_2020.pdf,6,block_member_navsari_tps_2020.pdf,https://sec.gujarat.gov.in/images/Navsari-TPS-2020.pdf,
Gujarat,2020,Navsari,Navsari,Navsari,9,| 9,1,નાગધરા,block_member,taluk panchayat member,ST Other than Woman,ST,અનુસૂચિત આદિજાતિ,0,અનસૂચિત આદિજાતિ,0.9655,: 15,3,all_seats,gujarati,ocr,75.71,data/gujarat/2020_reservation/block_member_navsari_tps_2020.pdf,6,block_member_navsari_tps_2020.pdf,https://sec.gujarat.gov.in/images/Navsari-TPS-2020.pdf,
Gujarat,2020,Navsari,Navsari,Navsari,10,10 |,1,પડઘા,block_member,taluk panchayat member,Woman,NONE,સામાન્ય સ્ત્રી,1,સામાન્યસ્ત્રી,1.0,ર,14,all_seats,gujarati,ocr,78.87,data/gujarat/2020_reservation/block_member_navsari_tps_2020.pdf,6,block_member_navsari_tps_2020.pdf,https://sec.gujarat.gov.in/images/Navsari-TPS-2020.pdf,
Gujarat,2020,Navsari,Navsari,Navsari,11,11,1,પાર્ડી,block_member,taluk panchayat member,ST Woman,ST,અનુસૂચિત આદિજાતિ સ્ત્રી,1,અનુસૂચિત આદિજાતિ સ્ત્રી,1.0,14,_ | 4,all_seats,gujarati,ocr,78.62,data/gujarat/2020_reservation/block_member_navsari_tps_2020.pdf,6,block_member_navsari_tps_2020.pdf,https://sec.gujarat.gov.in/images/Navsari-TPS-2020.pdf,
Gujarat,2020,Navsari,Navsari,Navsari,12,1ર .,1,સાતેમ,block_member,taluk panchayat member,ST Other than Woman,ST,અનુસૂચિત આદિજાતિ,0,અનસૂચિત આદિજાતિ »,0.9655,16,4,all_seats,gujarati,ocr,81.63,data/gujarat/2020_reservation/block_member_navsari_tps_2020.pdf,6,block_member_navsari_tps_2020.pdf,https://sec.gujarat.gov.in/images/Navsari-TPS-2020.pdf,
Gujarat,2020,Navsari,Navsari,Navsari,13,13,1,શાહુ,block_member,taluk panchayat member,Woman,NONE,સામાન્ય સ્ત્રી,1,સામાન્યસ્ત્રી,1.0,હ,7,all_seats,gujarati,ocr,80.44,data/gujarat/2020_reservation/block_member_navsari_tps_2020.pdf,6,block_member_navsari_tps_2020.pdf,https://sec.gujarat.gov.in/images/Navsari-TPS-2020.pdf,
Gujarat,2020,Navsari,Navsari,Navsari,14,| 14,1,સિસોદ્દા (ગણેશ,block_member,taluk panchayat member,ST Woman,ST,અનુસૂચિત આદિજાતિ સ્ત્રી,1,અનુસૂચિત આદિજાતિ સ્ત્રી,1.0,8,1ર,all_seats,gujarati,ocr,91.68,data/gujarat/2020_reservation/block_member_navsari_tps_2020.pdf,6,block_member_navsari_tps_2020.pdf,https://sec.gujarat.gov.in/images/Navsari-TPS-2020.pdf,
Gujarat,2020,Navsari,Navsari,Navsari,15,11,1,સુપા,block_member,taluk panchayat member,Other than Woman,NONE,બિન અનામત સામાન્ય,0,બિનઅનામત સામાન્ય,1.0,| 3,a,all_seats,gujarati,ocr,74.94,data/gujarat/2020_reservation/block_member_navsari_tps_2020.pdf,6,block_member_navsari_tps_2020.pdf,https://sec.gujarat.gov.in/images/Navsari-TPS-2020.pdf,
Gujarat,2020,Navsari,Navsari,Navsari,16,| vw,1,ઉગત,block_member,taluk panchayat member,Other than Woman,NONE,બિન અનામત સામાન્ય,0,બિનઅનામત સામાન્ય,1.0,12,10,all_seats,gujarati,ocr,79.37,data/gujarat/2020_reservation/block_member_navsari_tps_2020.pdf,6,block_member_navsari_tps_2020.pdf,https://sec.gujarat.gov.in/images/Navsari-TPS-2020.pdf,
Gujarat,2020,Surat,Olpad,Olpad,1,1,1,અરીયાણા,block_member,taluk panchayat member,BC Woman,BC,સા.શૈ.પછાતવર્ગ સ્ત્રી,1,' સા.શૈ.પછાતવર્ગસ્ત્રી |,1.0,16,aR,all_seats,gujarati,ocr,72.21,data/gujarat/2020_reservation/block_member_olpad_tps_2020.pdf,8,block_member_olpad_tps_2020.pdf,https://sec.gujarat.gov.in/images/Olpad-TPS-2020.pdf,
Gujarat,2020,Surat,Olpad,Olpad,2,1 2,1,બરબોધન,block_member,taluk panchayat member,Woman,NONE,સામાન્ય સ્ત્રી,1,સામાન્ય સ્ત્રી,1.0,[| 8,. 8,all_seats,gujarati,ocr,54.81,data/gujarat/2020_reservation/block_member_olpad_tps_2020.pdf,8,block_member_olpad_tps_2020.pdf,https://sec.gujarat.gov.in/images/Olpad-TPS-2020.pdf,
Gujarat,2020,Surat,Olpad,Olpad,3,3,1,દાંડી,block_member,taluk panchayat member,BC Other than Woman,BC,સા.શૈ.પછાતવર્ગ,0,સા.શૈ.પછાતવર્ગ,1.0,21,ર્4,all_seats,gujarati,ocr,63.55,data/gujarat/2020_reservation/block_member_olpad_tps_2020.pdf,8,block_member_olpad_tps_2020.pdf,https://sec.gujarat.gov.in/images/Olpad-TPS-2020.pdf,
Gujarat,2020,Surat,Olpad,Olpad,4,4,1,કદરામાં ર,block_member,taluk panchayat member,ST Woman,ST,અનુસૂચિત આદિજાતિ સ્ત્રી,1,અનુસૂચિત આદિજાતિ સ્ત્રી,1.0,9:,પ,all_seats,gujarati,ocr,80.38,data/gujarat/2020_reservation/block_member_olpad_tps_2020.pdf,8,block_member_olpad_tps_2020.pdf,https://sec.gujarat.gov.in/images/Olpad-TPS-2020.pdf,
Gujarat,2020,Surat,Olpad,Olpad,5,5.,1,કરંજ,block_member,taluk panchayat member,ST Other than Woman,ST,અનુસૂચિત આદિજાતિ,0,અનુસૂચિત આદિજાતિ |,1.0,2ર,10,all_seats,gujarati,ocr,59.62,data/gujarat/2020_reservation/block_member_olpad_tps_2020.pdf,8,block_member_olpad_tps_2020.pdf,https://sec.gujarat.gov.in/images/Olpad-TPS-2020.pdf,
Gujarat,2020,Surat,Olpad,Olpad,6,Ss,1,કીમ-૧,block_member,taluk panchayat member,Woman,NONE,સામાન્ય સ્ત્રી,1,સામાન્યસ્રી |,0.9167,1 1,રર,all_seats,gujarati,ocr,61.52,data/gujarat/2020_reservation/block_member_olpad_tps_2020.pdf,8,block_member_olpad_tps_2020.pdf,https://sec.gujarat.gov.in/images/Olpad-TPS-2020.pdf,
Gujarat,2020,Surat,Olpad,Olpad,7,7.,1,કીમ-૨,block_member,taluk panchayat member,Other than Woman,NONE,બિન અનામત સામાન્ય,0,બિન અનામત સામાન્ય |,1.0,| 13,17,all_seats,gujarati,ocr,64.5,data/gujarat/2020_reservation/block_member_olpad_tps_2020.pdf,8,block_member_olpad_tps_2020.pdf,https://sec.gujarat.gov.in/images/Olpad-TPS-2020.pdf,
Gujarat,2020,Surat,Olpad,Olpad,8,8,1,કુડસદ-૧,block_member,taluk panchayat member,Other than Woman,NONE,બિન અનામત સામાન્ય,0,બિનઅનામત સામાન્ય |,1.0,19 -,eB |,all_seats,gujarati,ocr,65.93,data/gujarat/2020_reservation/block_member_olpad_tps_2020.pdf,8,block_member_olpad_tps_2020.pdf,https://sec.gujarat.gov.in/images/Olpad-TPS-2020.pdf,
Gujarat,2020,Surat,Olpad,Olpad,9,é,1,ફુડસદ-ર,block_member,taluk panchayat member,Woman,NONE,સામાન્ય સ્ત્રી,1,સામાન્યત્રી |,0.9167,14,વ,all_seats,gujarati,ocr,63.95,data/gujarat/2020_reservation/block_member_olpad_tps_2020.pdf,8,block_member_olpad_tps_2020.pdf,https://sec.gujarat.gov.in/images/Olpad-TPS-2020.pdf,
Gujarat,2020,Surat,Olpad,Olpad,10,10,1,માસમાં,block_member,taluk panchayat member,Other than Woman,NONE,બિન અનામત સામાન્ય,0,. બિન અનામત સામાન્ય,1.0,a,11,all_seats,gujarati,ocr,85.52,data/gujarat/2020_reservation/block_member_olpad_tps_2020.pdf,8,block_member_olpad_tps_2020.pdf,https://sec.gujarat.gov.in/images/Olpad-TPS-2020.pdf,
Gujarat,2020,Surat,Olpad,Olpad,11,11,1,મોર,block_member,taluk panchayat member,Other than Woman,NONE,બિન અનામત સામાન્ય,0,"_ -.બિનઅનામતસામાન્ય |,",1.0,:| 23,ર21,all_seats,gujarati,ocr,81.59,data/gujarat/2020_reservation/block_member_olpad_tps_2020.pdf,8,block_member_olpad_tps_2020.pdf,https://sec.gujarat.gov.in/images/Olpad-TPS-2020.pdf,
Gujarat,2020,Surat,Olpad,Olpad,12,12,1,મુળદ,block_member,taluk panchayat member,ST Other than Woman,ST,અનુસૂચિત આદિજાતિ,0,અનુસૂચિત આદિજાતિ |,1.0,,હ,all_seats,gujarati,ocr,90.91,data/gujarat/2020_reservation/block_member_olpad_tps_2020.pdf,8,block_member_olpad_tps_2020.pdf,https://sec.gujarat.gov.in/images/Olpad-TPS-2020.pdf,
Gujarat,2020,Surat,Olpad,Olpad,13,43,1,ઓલપાડ-૧,block_member,taluk panchayat member,Woman,NONE,સામાન્ય સ્ત્રી,1,"સામાન્ય્રી |,",0.8696,7,fw.,all_seats,gujarati,ocr,63.99,data/gujarat/2020_reservation/block_member_olpad_tps_2020.pdf,8,block_member_olpad_tps_2020.pdf,https://sec.gujarat.gov.in/images/Olpad-TPS-2020.pdf,
Gujarat,2020,Surat,Olpad,Olpad,14,14,1,ઓલપાડ-ર,block_member,taluk panchayat member,Woman,NONE,સામાન્ય સ્ત્રી,1,સામાન્ય સ્ત્રી,1.0,[| 24,19,all_seats,gujarati,ocr,54.78,data/gujarat/2020_reservation/block_member_olpad_tps_2020.pdf,8,block_member_olpad_tps_2020.pdf,https://sec.gujarat.gov.in/images/Olpad-TPS-2020.pdf,
Gujarat,2020,Surat,Olpad,Olpad,15,15,1,પીજરત,block_member,taluk panchayat member,Woman,NONE,સામાન્ય સ્ત્રી,1,સામાન્ય સ્ત્રી ી,0.963,| 20,20.,all_seats,gujarati,ocr,74.08,data/gujarat/2020_reservation/block_member_olpad_tps_2020.pdf,8,block_member_olpad_tps_2020.pdf,https://sec.gujarat.gov.in/images/Olpad-TPS-2020.pdf,
Gujarat,2020,Surat,Olpad,Olpad,16,as,1,સાંધીયેર,block_member,taluk panchayat member,Woman,NONE,સામાન્ય સ્ત્રી,1,સામાન્ય સ્ત્રી,1.0,4,4,all_seats,gujarati,ocr,82.54,data/gujarat/2020_reservation/block_member_olpad_tps_2020.pdf,8,block_member_olpad_tps_2020.pdf,https://sec.gujarat.gov.in/images/Olpad-TPS-2020.pdf,
Gujarat,2020,Surat,Olpad,Olpad,17,17,1,સરસ,block_member,taluk panchayat member,Woman,NONE,સામાન્ય સ્ત્રી,1,સામાન્યત્રી |,0.9167,a,14,all_seats,gujarati,ocr,72.12,data/gujarat/2020_reservation/block_member_olpad_tps_2020.pdf,8,block_member_olpad_tps_2020.pdf,https://sec.gujarat.gov.in/images/Olpad-TPS-2020.pdf,
Gujarat,2020,Surat,Olpad,Olpad,18,18,1,સરોલી,block_member,taluk panchayat member,ST Other than Woman,ST,અનુસૂચિત આદિજાતિ,0,"અનુસૂચિત આદિજાતિ |,",1.0,au,8,all_seats,gujarati,ocr,83.48,data/gujarat/2020_reservation/block_member_olpad_tps_2020.pdf,8,block_member_olpad_tps_2020.pdf,https://sec.gujarat.gov.in/images/Olpad-TPS-2020.pdf,
Gujarat,2020,Surat,Olpad,Olpad,19,19,1,સાયણ-૧,block_member,taluk panchayat member,SC Other than Woman,SC,અનુસૂચિત જાતિ,0,"અનુસૂચિતજાતિ |,",1.0,2,18,all_seats,gujarati,ocr,85.19,data/gujarat/2020_reservation/block_member_olpad_tps_2020.pdf,8,block_member_olpad_tps_2020.pdf,https://sec.gujarat.gov.in/images/Olpad-TPS-2020.pdf,
Gujarat,2020,Surat,Olpad,Olpad,20,20,1,સાયણ-૨,block_member,taluk panchayat member,Other than Woman,NONE,બિન અનામત સામાન્ય,0,બિન અનામત સામાન્ય,1.0,10,16,all_seats,gujarati,ocr,89.01,data/gujarat/2020_reservation/block_member_olpad_tps_2020.pdf,8,block_member_olpad_tps_2020.pdf,https://sec.gujarat.gov.in/images/Olpad-TPS-2020.pdf,
Gujarat,2020,Surat,Olpad,Olpad,21,21,1,સાયણ-૩,block_member,taluk panchayat member,ST Woman,ST,અનુસૂચિત આદિજાતિ સ્ત્રી,1,' અનુસૂચિત આદિજાતિ સ્ત્રી,1.0,1%,7,all_seats,gujarati,ocr,83.08,data/gujarat/2020_reservation/block_member_olpad_tps_2020.pdf,8,block_member_olpad_tps_2020.pdf,https://sec.gujarat.gov.in/images/Olpad-TPS-2020.pdf,
Gujarat,2020,Surat,Olpad,Olpad,22,| ર2,1,સિવાણ .* ી,block_member,taluk panchayat member,ST Woman,ST,અનુસૂચિત આદિજાતિ સ્ત્રી,1,અનુસૂચિત આદિજાતિ સ્ત્રી,1.0,3,=,all_seats,gujarati,ocr,89.79,data/gujarat/2020_reservation/block_member_olpad_tps_2020.pdf,8,block_member_olpad_tps_2020.pdf,https://sec.gujarat.gov.in/images/Olpad-TPS-2020.pdf,
Gujarat,2020,Surat,Olpad,Olpad,23,23,1,ટઢકારમાં,block_member,taluk panchayat member,Other than Woman,NONE,બિન અનામત સામાન્ય,0,બિન અનામત સામાન્ય :,1.0,18,ર.,all_seats,gujarati,ocr,65.87,data/gujarat/2020_reservation/block_member_olpad_tps_2020.pdf,8,block_member_olpad_tps_2020.pdf,https://sec.gujarat.gov.in/images/Olpad-TPS-2020.pdf,
Gujarat,2020,Surat,Olpad,Olpad,24,ર4 |,1,વડોલી,block_member,taluk panchayat member,Other than Woman,NONE,બિન અનામત સામાન્ય,0,ay અનામત સામાન્ય,0.8889,પ,3.,all_seats,gujarati,ocr,78.04,data/gujarat/2020_reservation/block_member_olpad_tps_2020.pdf,8,block_member_olpad_tps_2020.pdf,https://sec.gujarat.gov.in/images/Olpad-TPS-2020.pdf,
Gujarat,2020,Surat,Palsana,Palsana,1,વ્‌,1,અંભેટી,block_member,taluk panchayat member,BC Woman,BC,સા.શૈ.પછાતવર્ગ સ્ત્રી,1,સા.શૈ.પછાતવર્ગ સ્ત્રી,1.0,16,2,all_seats,gujarati,ocr,91.02,data/gujarat/2020_reservation/block_member_palsana_tps_2020.pdf,14,block_member_palsana_tps_2020.pdf,https://sec.gujarat.gov.in/images/Palsana-TPS-2020.pdf,
Gujarat,2020,Surat,Palsana,Palsana,2,2,1,અંત્રોલી,block_member,taluk panchayat member,SC Woman,SC,અનુસૂચિત જાતિ સ્ત્રી,1,અનુંસૂચિત જાતિ સ્ત્રી,0.973,2,7,all_seats,gujarati,ocr,88.55,data/gujarat/2020_reservation/block_member_palsana_tps_2020.pdf,14,block_member_palsana_tps_2020.pdf,https://sec.gujarat.gov.in/images/Palsana-TPS-2020.pdf,
Gujarat,2020,Surat,Palsana,Palsana,3,3,1,બગુંમરા,block_member,taluk panchayat member,ST Woman,ST,અનુસૂચિત આદિજાતિ સ્ત્રી,1,અનુસૂચિત આદિજાતિ સ્ત્રી,1.0,કુ,8,all_seats,gujarati,ocr,86.72,data/gujarat/2020_reservation/block_member_palsana_tps_2020.pdf,14,block_member_palsana_tps_2020.pdf,https://sec.gujarat.gov.in/images/Palsana-TPS-2020.pdf,
Gujarat,2020,Surat,Palsana,Palsana,4,] 4.,1,બલેશ્વર-૧,block_member,taluk panchayat member,ST Other than Woman,ST,અનુસૂચિત આદિજાતિ,0,અનુસૂચિત આદિજાતિ,1.0,11 | [1,11,all_seats,gujarati,ocr,71.19,data/gujarat/2020_reservation/block_member_palsana_tps_2020.pdf,14,block_member_palsana_tps_2020.pdf,https://sec.gujarat.gov.in/images/Palsana-TPS-2020.pdf,
Gujarat,2020,Surat,Palsana,Palsana,5,=e,1,બલેશ્વર-ર,block_member,taluk panchayat member,ST Woman,ST,અનુસૂચિત આદિજાતિ સ્ત્રી,1,અનુસૂચિત આદિજાતિ સ્ત્રી ',1.0,| 1,પૃ |.,all_seats,gujarati,ocr,81.68,data/gujarat/2020_reservation/block_member_palsana_tps_2020.pdf,14,block_member_palsana_tps_2020.pdf,https://sec.gujarat.gov.in/images/Palsana-TPS-2020.pdf,
Gujarat,2020,Surat,Palsana,Palsana,6,[1 6,1,ચલથાણ-૧,block_member,taluk panchayat member,BC Other than Woman,BC,સા.શૈ.પછાતવર્ગ,0,સા.શૈપછાતવર્ગ,1.0,13 |,18,all_seats,gujarati,ocr,59.23,data/gujarat/2020_reservation/block_member_palsana_tps_2020.pdf,14,block_member_palsana_tps_2020.pdf,https://sec.gujarat.gov.in/images/Palsana-TPS-2020.pdf,
Gujarat,2020,Surat,Palsana,Palsana,7,છ [|,1,ચલથાણ-ર,block_member,taluk panchayat member,Other than Woman,NONE,બિન અનામત સામાન્ય,0,બિનઅનામત સામાન્ય,1.0,| 17,17 1,all_seats,gujarati,ocr,84.08,data/gujarat/2020_reservation/block_member_palsana_tps_2020.pdf,14,block_member_palsana_tps_2020.pdf,https://sec.gujarat.gov.in/images/Palsana-TPS-2020.pdf,
Gujarat,2020,Surat,Palsana,Palsana,8,8 [|,1,ચલથાણ-૩,block_member,taluk panchayat member,Other than Woman,NONE,બિન અનામત સામાન્ય,0,_ બિનઅનામત સામાન્ય,1.0,|],1:15 [|.,all_seats,gujarati,ocr,62.74,data/gujarat/2020_reservation/block_member_palsana_tps_2020.pdf,14,block_member_palsana_tps_2020.pdf,https://sec.gujarat.gov.in/images/Palsana-TPS-2020.pdf,
Gujarat,2020,Surat,Palsana,Palsana,9,9' |,1,ચલથાણ-૪,block_member,taluk panchayat member,Other than Woman,NONE,બિન અનામત સામાન્ય,0,_ બિનઅનામતસામાન્ય,1.0,| | 15,-_ 13,all_seats,gujarati,ocr,70.59,data/gujarat/2020_reservation/block_member_palsana_tps_2020.pdf,14,block_member_palsana_tps_2020.pdf,https://sec.gujarat.gov.in/images/Palsana-TPS-2020.pdf,
Gujarat,2020,Surat,Palsana,Palsana,10,10,1,એના,block_member,taluk panchayat member,Woman,NONE,સામાન્ય સ્ત્રી,1,“ સામાન્ય.સ્ત્રી |,1.0,4,ew |,all_seats,gujarati,ocr,59.37,data/gujarat/2020_reservation/block_member_palsana_tps_2020.pdf,14,block_member_palsana_tps_2020.pdf,https://sec.gujarat.gov.in/images/Palsana-TPS-2020.pdf,
Gujarat,2020,Surat,Palsana,Palsana,11,11,1,કારેલી,block_member,taluk panchayat member,ST Woman,ST,અનુસૂચિત આદિજાતિ સ્ત્રી,1,અનુસૂચિત આદિજાતિ સ્ત્રી -,1.0,8.,હુ [,all_seats,gujarati,ocr,67.06,data/gujarat/2020_reservation/block_member_palsana_tps_2020.pdf,14,block_member_palsana_tps_2020.pdf,https://sec.gujarat.gov.in/images/Palsana-TPS-2020.pdf,
Gujarat,2020,Surat,Palsana,Palsana,12,1ર |,1,લીંગડ,block_member,taluk panchayat member,Woman,NONE,સામાન્ય સ્ત્રી,1,| સામાન્યસ્ત્રી,1.0,3,ફુ ₹,all_seats,gujarati,ocr,68.05,data/gujarat/2020_reservation/block_member_palsana_tps_2020.pdf,14,block_member_palsana_tps_2020.pdf,https://sec.gujarat.gov.in/images/Palsana-TPS-2020.pdf,
Gujarat,2020,Surat,Palsana,Palsana,13,133 |,1,મલેકપોર,block_member,taluk panchayat member,Woman,NONE,સામાન્ય સ્ત્રી,1,સામાન્યસ્રી,0.9167,14,1 |.,all_seats,gujarati,ocr,53.78,data/gujarat/2020_reservation/block_member_palsana_tps_2020.pdf,14,block_member_palsana_tps_2020.pdf,https://sec.gujarat.gov.in/images/Palsana-TPS-2020.pdf,
Gujarat,2020,Surat,Palsana,Palsana,14,14 1,1,પલસાણા-૧,block_member,taluk panchayat member,Woman,NONE,સામાન્ય સ્ત્રી,1,સામાન્યસત્રી,0.96,ay,14,all_seats,gujarati,ocr,55.43,data/gujarat/2020_reservation/block_member_palsana_tps_2020.pdf,14,block_member_palsana_tps_2020.pdf,https://sec.gujarat.gov.in/images/Palsana-TPS-2020.pdf,
Gujarat,2020,Surat,Palsana,Palsana,15,15 |,1,પલસાણા-૨,block_member,taluk panchayat member,ST Other than Woman,ST,અનુસૂચિત આદિજાતિ,0,અનુસૂચિત આદિજાતિ. *,1.0,ae,10 |,all_seats,gujarati,ocr,76.3,data/gujarat/2020_reservation/block_member_palsana_tps_2020.pdf,14,block_member_palsana_tps_2020.pdf,https://sec.gujarat.gov.in/images/Palsana-TPS-2020.pdf,
Gujarat,2020,Surat,Palsana,Palsana,16,[| 16,1,વણેસા,block_member,taluk panchayat member,Other than Woman,NONE,બિન અનામત સામાન્ય,0,બિન અનામત સામાન્ય 1.,1.0,5,3,all_seats,gujarati,ocr,60.99,data/gujarat/2020_reservation/block_member_palsana_tps_2020.pdf,14,block_member_palsana_tps_2020.pdf,https://sec.gujarat.gov.in/images/Palsana-TPS-2020.pdf,
Gujarat,2020,Surat,Palsana,Palsana,17,aw,1,વરેલી-૧,block_member,taluk panchayat member,Other than Woman,NONE,બિન અનામત સામાન્ય,0,|! બિન અનામત સામાન્ય,1.0,10 |,16,all_seats,gujarati,ocr,78.25,data/gujarat/2020_reservation/block_member_palsana_tps_2020.pdf,14,block_member_palsana_tps_2020.pdf,https://sec.gujarat.gov.in/images/Palsana-TPS-2020.pdf,
Gujarat,2020,Surat,Palsana,Palsana,18,aC,1,વરેલી-૨,block_member,taluk panchayat member,ST Other than Woman,ST,અનુસૂચિત આદિજાતિ,0,અનુસૂચિત આદિજાતિ,1.0,| 12,42,all_seats,gujarati,ocr,75.15,data/gujarat/2020_reservation/block_member_palsana_tps_2020.pdf,14,block_member_palsana_tps_2020.pdf,https://sec.gujarat.gov.in/images/Palsana-TPS-2020.pdf,
Gujarat,2020,Patan,Patan,Patan,1,4,1,આંબલીયાસણ,block_member,taluk panchayat member,ST Other than Woman,ST,અનુસૂચિત આદિજાતિ,0,| અનુસૂચિત આદિજાતિ,1.0,24,a,all_seats,gujarati,ocr,63.16,data/gujarat/2020_reservation/block_member_patan_tps_2020.pdf,6,block_member_patan_tps_2020.pdf,https://sec.gujarat.gov.in/images/Patan-TPS-2020.pdf,
Gujarat,2020,Patan,Patan,Patan,2,2.,1,અનાવાજા,block_member,taluk panchayat member,SC Woman,SC,અનુસૂચિત જાતિ સ્ત્રી,1,' અનુસૂચિત જાતિસ્ત્રી |,1.0,ર,ગિ,all_seats,gujarati,ocr,75.79,data/gujarat/2020_reservation/block_member_patan_tps_2020.pdf,6,block_member_patan_tps_2020.pdf,https://sec.gujarat.gov.in/images/Patan-TPS-2020.pdf,
Gujarat,2020,Patan,Patan,Patan,3,3,1,બાલીસણા--૧,block_member,taluk panchayat member,Woman,NONE,સામાન્ય સ્ત્રી,1,સામાન્યસ્ત્રી ક,0.963,10,9,all_seats,gujarati,ocr,62.08,data/gujarat/2020_reservation/block_member_patan_tps_2020.pdf,6,block_member_patan_tps_2020.pdf,https://sec.gujarat.gov.in/images/Patan-TPS-2020.pdf,
Gujarat,2020,Patan,Patan,Patan,4,4,1,બાલીસણા--૨,block_member,taluk panchayat member,SC Other than Woman,SC,અનુસૂચિત જાતિ,0,અનુસૂચિત જાતિ,1.0,હ,67,all_seats,gujarati,ocr,73.56,data/gujarat/2020_reservation/block_member_patan_tps_2020.pdf,6,block_member_patan_tps_2020.pdf,https://sec.gujarat.gov.in/images/Patan-TPS-2020.pdf,
Gujarat,2020,Patan,Patan,Patan,5,પ,1,બોરસણ,block_member,taluk panchayat member,BC Woman,BC,સા.શૈ.પછાતવર્ગ સ્ત્રી,1,"| સા.શૈ.પછાતવર્ગસ્ત્રી |,",1.0,| હ,ર |. *,all_seats,gujarati,ocr,60.06,data/gujarat/2020_reservation/block_member_patan_tps_2020.pdf,6,block_member_patan_tps_2020.pdf,https://sec.gujarat.gov.in/images/Patan-TPS-2020.pdf,
Gujarat,2020,Patan,Patan,Patan,6,રે,1,ચંઠુમણા,block_member,taluk panchayat member,BC Other than Woman,BC,સા.શૈ.પછાતવર્ગ,0,| સા.શૈ.પછાતવર્ગ |,1.0,26,624 [|,all_seats,gujarati,ocr,59.1,data/gujarat/2020_reservation/block_member_patan_tps_2020.pdf,6,block_member_patan_tps_2020.pdf,https://sec.gujarat.gov.in/images/Patan-TPS-2020.pdf,
Gujarat,2020,Patan,Patan,Patan,7,7,1,ર ફેર-૧,block_member,taluk panchayat member,Other than Woman,NONE,બિન અનામત સામાન્ય,0,બિનઅનામતસામાન્ય 1],1.0,?8,24% |,all_seats,gujarati,ocr,65.28,data/gujarat/2020_reservation/block_member_patan_tps_2020.pdf,6,block_member_patan_tps_2020.pdf,https://sec.gujarat.gov.in/images/Patan-TPS-2020.pdf,
Gujarat,2020,Patan,Patan,Patan,8,ra,1,ડેર-૨,block_member,taluk panchayat member,Woman,NONE,સામાન્ય સ્ત્રી,1,| સામા્યસ્ત્રી |,0.96,1 29,ote,all_seats,gujarati,ocr,61.76,data/gujarat/2020_reservation/block_member_patan_tps_2020.pdf,6,block_member_patan_tps_2020.pdf,https://sec.gujarat.gov.in/images/Patan-TPS-2020.pdf,
Gujarat,2020,Patan,Patan,Patan,9,9,1,ધારણોજ,block_member,taluk panchayat member,Other than Woman,NONE,બિન અનામત સામાન્ય,0,બિનઅનામત સામાન્ય,1.0,ટ,267,all_seats,gujarati,ocr,76.02,data/gujarat/2020_reservation/block_member_patan_tps_2020.pdf,6,block_member_patan_tps_2020.pdf,https://sec.gujarat.gov.in/images/Patan-TPS-2020.pdf,
Gujarat,2020,Patan,Patan,Patan,10,10,1,ઘારપુર,block_member,taluk panchayat member,Woman,NONE,સામાન્ય સ્ત્રી,1,' સામાન્ય સ્ત્રી,1.0,| 7,8,all_seats,gujarati,ocr,74.67,data/gujarat/2020_reservation/block_member_patan_tps_2020.pdf,6,block_member_patan_tps_2020.pdf,https://sec.gujarat.gov.in/images/Patan-TPS-2020.pdf,
Gujarat,2020,Patan,Patan,Patan,11,11,1,દુધારામપુરા,block_member,taluk panchayat member,Other than Woman,NONE,બિન અનામત સામાન્ય,0,બિનઅનામત સામાન્ય |,1.0,| 2ર,1,all_seats,gujarati,ocr,79.5,data/gujarat/2020_reservation/block_member_patan_tps_2020.pdf,6,block_member_patan_tps_2020.pdf,https://sec.gujarat.gov.in/images/Patan-TPS-2020.pdf,
Gujarat,2020,Patan,Patan,Patan,12,12 .|,1,કંમલીવાડા,block_member,taluk panchayat member,Other than Woman,NONE,બિન અનામત સામાન્ય,0,બિનઅનામત :| સામાન્ય,1.0,7,જ .,all_seats,gujarati,ocr,70.59,data/gujarat/2020_reservation/block_member_patan_tps_2020.pdf,6,block_member_patan_tps_2020.pdf,https://sec.gujarat.gov.in/images/Patan-TPS-2020.pdf,
Gujarat,2020,Patan,Patan,Patan,13,_13,1,ખારીવાવડી,block_member,taluk panchayat member,Woman,NONE,સામાન્ય સ્ત્રી,1,સામાન્યસ્ત્રી |,1.0,22 |,(#?,all_seats,gujarati,ocr,64.48,data/gujarat/2020_reservation/block_member_patan_tps_2020.pdf,6,block_member_patan_tps_2020.pdf,https://sec.gujarat.gov.in/images/Patan-TPS-2020.pdf,
Gujarat,2020,Patan,Patan,Patan,14,14,1,ર કુણઘેર,block_member,taluk panchayat member,Woman,NONE,સામાન્ય સ્ત્રી,1,સામાન્ય સ્ત્રી,1.0,જ,[9,all_seats,gujarati,ocr,62.44,data/gujarat/2020_reservation/block_member_patan_tps_2020.pdf,6,block_member_patan_tps_2020.pdf,https://sec.gujarat.gov.in/images/Patan-TPS-2020.pdf,
Gujarat,2020,Patan,Patan,Patan,15,15,1,મણુંદ,block_member,taluk panchayat member,Woman,NONE,સામાન્ય સ્ત્રી,1,સામાન્ય સ્ત્રી,1.0,ર,20,all_seats,gujarati,ocr,75.22,data/gujarat/2020_reservation/block_member_patan_tps_2020.pdf,6,block_member_patan_tps_2020.pdf,https://sec.gujarat.gov.in/images/Patan-TPS-2020.pdf,
Gujarat,2020,Patan,Patan,Patan,16,16,1,નોરતા,block_member,taluk panchayat member,Woman,NONE,સામાન્ય સ્ત્રી,1,સામાન્યસ્ત્રી :,1.0,| ર0,ર0,all_seats,gujarati,ocr,89.56,data/gujarat/2020_reservation/block_member_patan_tps_2020.pdf,6,block_member_patan_tps_2020.pdf,https://sec.gujarat.gov.in/images/Patan-TPS-2020.pdf,
Gujarat,2020,Patan,Patan,Patan,17,17,1,રાજપુર,block_member,taluk panchayat member,Woman,NONE,સામાન્ય સ્ત્રી,1,સામાન્ય સ્ત્રી,1.0,7,8,all_seats,gujarati,ocr,73.25,data/gujarat/2020_reservation/block_member_patan_tps_2020.pdf,6,block_member_patan_tps_2020.pdf,https://sec.gujarat.gov.in/images/Patan-TPS-2020.pdf,
Gujarat,2020,Patan,Patan,Patan,18,18,1,રણુંજ,block_member,taluk panchayat member,Other than Woman,NONE,બિન અનામત સામાન્ય,0,બિનઅનામત સામાન્ય |,1.0,10,3,all_seats,gujarati,ocr,78.83,data/gujarat/2020_reservation/block_member_patan_tps_2020.pdf,6,block_member_patan_tps_2020.pdf,https://sec.gujarat.gov.in/images/Patan-TPS-2020.pdf,
Gujarat,2020,Patan,Patan,Patan,19,19,1,2,block_member,taluk panchayat member,Other than Woman,NONE,બિન અનામત સામાન્ય,0,બિનઅનામત સામાન્ય |,1.0,24,શર,all_seats,gujarati,ocr,78.78,data/gujarat/2020_reservation/block_member_patan_tps_2020.pdf,6,block_member_patan_tps_2020.pdf,https://sec.gujarat.gov.in/images/Patan-TPS-2020.pdf,
Gujarat,2020,Patan,Patan,Patan,20,20,1,સંખારી,block_member,taluk panchayat member,Other than Woman,NONE,બિન અનામત સામાન્ય,0,બિનઅનામત સામાન્ય,1.0,6,4,all_seats,gujarati,ocr,73.44,data/gujarat/2020_reservation/block_member_patan_tps_2020.pdf,6,block_member_patan_tps_2020.pdf,https://sec.gujarat.gov.in/images/Patan-TPS-2020.pdf,
Gujarat,2020,Porbandar,Porbandar,Porbandar,1,+,1,અડવાણા,block_member,taluk panchayat member,Woman,NONE,સામાન્ય સ્ત્રી,1,સામાન્ય સ્ત્રી |,1.0,21,146,all_seats,gujarati,ocr,83.36,data/gujarat/2020_reservation/block_member_porbandar_tps_2020.pdf,11,block_member_porbandar_tps_2020.pdf,https://sec.gujarat.gov.in/images/Porbandar-TPS-2020.pdf,
Gujarat,2020,Porbandar,Porbandar,Porbandar,2,2,1,ભબ્રરખલા,block_member,taluk panchayat member,Woman,NONE,સામાન્ય સ્ત્રી,1,સામાન્ય સ્ત્રી.,1.0,12,4,all_seats,gujarati,ocr,87.75,data/gujarat/2020_reservation/block_member_porbandar_tps_2020.pdf,11,block_member_porbandar_tps_2020.pdf,https://sec.gujarat.gov.in/images/Porbandar-TPS-2020.pdf,
Gujarat,2020,Porbandar,Porbandar,Porbandar,3,3,1,બળેજ,block_member,taluk panchayat member,BC Woman,BC,સા.શૈ.પછાતવર્ગ સ્ત્રી,1,સા.શૈ.પછાતવર્ગ સ્ત્રી *,1.0,4,€,all_seats,gujarati,ocr,91.34,data/gujarat/2020_reservation/block_member_porbandar_tps_2020.pdf,11,block_member_porbandar_tps_2020.pdf,https://sec.gujarat.gov.in/images/Porbandar-TPS-2020.pdf,
Gujarat,2020,Porbandar,Porbandar,Porbandar,4,4,1,ડંગધમ,block_member,taluk panchayat member,BC Other than Woman,BC,સા.શૈ.પછાતવર્ગ,0,શા.શૈ.પછાતવર્ગ,0.9167,9,15,all_seats,gujarati,ocr,42.58,data/gujarat/2020_reservation/block_member_porbandar_tps_2020.pdf,11,block_member_porbandar_tps_2020.pdf,https://sec.gujarat.gov.in/images/Porbandar-TPS-2020.pdf,
Gujarat,2020,Porbandar,Porbandar,Porbandar,5,ષ્‌,1,ફટાણા,block_member,taluk panchayat member,Woman,NONE,સામાન્ય સ્ત્રી,1,“સામાન્યસ્ત્રી,1.0,4,9,all_seats,gujarati,ocr,67.58,data/gujarat/2020_reservation/block_member_porbandar_tps_2020.pdf,11,block_member_porbandar_tps_2020.pdf,https://sec.gujarat.gov.in/images/Porbandar-TPS-2020.pdf,
Gujarat,2020,Porbandar,Porbandar,Porbandar,6,ટ,1,ગૃરેજ,block_member,taluk panchayat member,Other than Woman,NONE,બિન અનામત સામાન્ય,0,' બિનઅનામત સામાન્‍ય,1.0,20.,10.,all_seats,gujarati,ocr,71.0,data/gujarat/2020_reservation/block_member_porbandar_tps_2020.pdf,11,block_member_porbandar_tps_2020.pdf,https://sec.gujarat.gov.in/images/Porbandar-TPS-2020.pdf,
Gujarat,2020,Porbandar,Porbandar,Porbandar,7,9,1,ગોસા ક,block_member,taluk panchayat member,Other than Woman,NONE,બિન અનામત સામાન્ય,0,બિનઅનામત સામાન્ય :,1.0,qe,3,all_seats,gujarati,ocr,56.82,data/gujarat/2020_reservation/block_member_porbandar_tps_2020.pdf,11,block_member_porbandar_tps_2020.pdf,https://sec.gujarat.gov.in/images/Porbandar-TPS-2020.pdf,
Gujarat,2020,Porbandar,Porbandar,Porbandar,8,દ,1,ક્ડ્છ,block_member,taluk panchayat member,SC Other than Woman,SC,અનુસૂચિત જાતિ,0,અનુસૂચિતજાતિ ',1.0,3,20,all_seats,gujarati,ocr,71.93,data/gujarat/2020_reservation/block_member_porbandar_tps_2020.pdf,11,block_member_porbandar_tps_2020.pdf,https://sec.gujarat.gov.in/images/Porbandar-TPS-2020.pdf,
Gujarat,2020,Porbandar,Porbandar,Porbandar,9,9,1,ખાંભોદર,block_member,taluk panchayat member,Other than Woman,NONE,બિન અનામત સામાન્ય,0,_ બિનઅનામત સામાન્ય,1.0,15,12,all_seats,gujarati,ocr,84.8,data/gujarat/2020_reservation/block_member_porbandar_tps_2020.pdf,11,block_member_porbandar_tps_2020.pdf,https://sec.gujarat.gov.in/images/Porbandar-TPS-2020.pdf,
Gujarat,2020,Porbandar,Porbandar,Porbandar,10,10,1,કિંદરખેડા,block_member,taluk panchayat member,Other than Woman,NONE,બિન અનામત સામાન્ય,0,બિનઅનામત સામાન્ય ',1.0,8,17,all_seats,gujarati,ocr,76.34,data/gujarat/2020_reservation/block_member_porbandar_tps_2020.pdf,11,block_member_porbandar_tps_2020.pdf,https://sec.gujarat.gov.in/images/Porbandar-TPS-2020.pdf,
Gujarat,2020,Porbandar,Porbandar,Porbandar,11,11,1,ડુછડી,block_member,taluk panchayat member,Other than Woman,NONE,બિન અનામત સામાન્ય,0,બિનઅનામત સામાન્ય,1.0,17,19,all_seats,gujarati,ocr,71.82,data/gujarat/2020_reservation/block_member_porbandar_tps_2020.pdf,11,block_member_porbandar_tps_2020.pdf,https://sec.gujarat.gov.in/images/Porbandar-TPS-2020.pdf,
Gujarat,2020,Porbandar,Porbandar,Porbandar,12,12,1,માધવપુર--૧,block_member,taluk panchayat member,SC Woman,SC,અનુસૂચિત જાતિ સ્ત્રી,1,અનુસૂચિતજાતિસ્ત્રી,1.0,રૃ,8,all_seats,gujarati,ocr,85.31,data/gujarat/2020_reservation/block_member_porbandar_tps_2020.pdf,11,block_member_porbandar_tps_2020.pdf,https://sec.gujarat.gov.in/images/Porbandar-TPS-2020.pdf,
Gujarat,2020,Porbandar,Porbandar,Porbandar,13,13,1,માધવપુર-૨,block_member,taluk panchayat member,Woman,NONE,સામાન્ય સ્ત્રી,1,સામાન્યસ્ત્રી,1.0,9,22,all_seats,gujarati,ocr,82.47,data/gujarat/2020_reservation/block_member_porbandar_tps_2020.pdf,11,block_member_porbandar_tps_2020.pdf,https://sec.gujarat.gov.in/images/Porbandar-TPS-2020.pdf,
Gujarat,2020,Porbandar,Porbandar,Porbandar,14,Ww,1,માધઘવપુર-૩,block_member,taluk panchayat member,ST Other than Woman,ST,અનુસૂચિત આદિજાતિ,0,અનુસૂચિત આદિજાતિ,1.0,22,ર2,all_seats,gujarati,ocr,71.67,data/gujarat/2020_reservation/block_member_porbandar_tps_2020.pdf,11,block_member_porbandar_tps_2020.pdf,https://sec.gujarat.gov.in/images/Porbandar-TPS-2020.pdf,
Gujarat,2020,Porbandar,Porbandar,Porbandar,15,15,1,મંડેર,block_member,taluk panchayat member,Woman,NONE,સામાન્ય સ્ત્રી,1,સામાન્ય સ્ત્રી,1.0,13,21,all_seats,gujarati,ocr,71.61,data/gujarat/2020_reservation/block_member_porbandar_tps_2020.pdf,11,block_member_porbandar_tps_2020.pdf,https://sec.gujarat.gov.in/images/Porbandar-TPS-2020.pdf,
Gujarat,2020,Porbandar,Porbandar,Porbandar,16,16,1,મીયાણી,block_member,taluk panchayat member,Woman,NONE,સામાન્ય સ્ત્રી,1,સઔચામાગયસ્ત્રી',0.8148,19,14,all_seats,gujarati,ocr,81.91,data/gujarat/2020_reservation/block_member_porbandar_tps_2020.pdf,11,block_member_porbandar_tps_2020.pdf,https://sec.gujarat.gov.in/images/Porbandar-TPS-2020.pdf,
Gujarat,2020,Porbandar,Porbandar,Porbandar,17,17,1,મોઢવાડા,block_member,taluk panchayat member,Woman,NONE,સામાન્ય સ્ત્રી,1,સામાન્યસ્ત્રી,1.0,€,11,all_seats,gujarati,ocr,71.68,data/gujarat/2020_reservation/block_member_porbandar_tps_2020.pdf,11,block_member_porbandar_tps_2020.pdf,https://sec.gujarat.gov.in/images/Porbandar-TPS-2020.pdf,
Gujarat,2020,Porbandar,Porbandar,Porbandar,18,18,1,નાગડા,block_member,taluk panchayat member,Woman,NONE,સામાન્ય સ્ત્રી,1,સામાન્યસ્ત્રી ',1.0,11,Rc),all_seats,gujarati,ocr,71.26,data/gujarat/2020_reservation/block_member_porbandar_tps_2020.pdf,11,block_member_porbandar_tps_2020.pdf,https://sec.gujarat.gov.in/images/Porbandar-TPS-2020.pdf,
Gujarat,2020,Porbandar,Porbandar,Porbandar,19,19,1,ઓડદર,block_member,taluk panchayat member,Woman,NONE,સામાન્ય સ્ત્રી,1,સામાન્યસ્ત્રી,1.0,10,4,all_seats,gujarati,ocr,87.45,data/gujarat/2020_reservation/block_member_porbandar_tps_2020.pdf,11,block_member_porbandar_tps_2020.pdf,https://sec.gujarat.gov.in/images/Porbandar-TPS-2020.pdf,
Gujarat,2020,Porbandar,Porbandar,Porbandar,20,ર0,1,રાતીયદ,block_member,taluk panchayat member,Other than Woman,NONE,બિન અનામત સામાન્ય,0,' બિનઅનામત સામાન્ય,1.0,14,પ,all_seats,gujarati,ocr,82.86,data/gujarat/2020_reservation/block_member_porbandar_tps_2020.pdf,11,block_member_porbandar_tps_2020.pdf,https://sec.gujarat.gov.in/images/Porbandar-TPS-2020.pdf,
Gujarat,2020,Porbandar,Porbandar,Porbandar,21,21,1,રોર્જીવાડા,block_member,taluk panchayat member,Other than Woman,NONE,બિન અનામત સામાન્ય,0,બિનઅનામત સામાન્ય,1.0,18,13,all_seats,gujarati,ocr,87.35,data/gujarat/2020_reservation/block_member_porbandar_tps_2020.pdf,11,block_member_porbandar_tps_2020.pdf,https://sec.gujarat.gov.in/images/Porbandar-TPS-2020.pdf,
Gujarat,2020,Porbandar,Porbandar,Porbandar,22,22,1,વીસાવાડા,block_member,taluk panchayat member,Other than Woman,NONE,બિન અનામત સામાન્ય,0,બિનઅનામત સામાન્ય _,1.0,પ,18,all_seats,gujarati,ocr,87.8,data/gujarat/2020_reservation/block_member_porbandar_tps_2020.pdf,11,block_member_porbandar_tps_2020.pdf,https://sec.gujarat.gov.in/images/Porbandar-TPS-2020.pdf,
Gujarat,2020,Rajkot,Rajkot,Rajkot,1,4,1,આણંદપર-૧,block_member,taluk panchayat member,Woman,NONE,સામાન્ય સ્ત્રી,1,સામાન્યસ્ત્રી,1.0,20,--,all_seats,gujarati,ocr,80.62,data/gujarat/2020_reservation/block_member_rajkot_tps_2020.pdf,7,block_member_rajkot_tps_2020.pdf,https://sec.gujarat.gov.in/images/Rajkot-TPS-2020.pdf,
Gujarat,2020,Rajkot,Rajkot,Rajkot,2,ર,1,આણંદપર--૨,block_member,taluk panchayat member,Woman,NONE,સામાન્ય સ્ત્રી,1,સામાન્યસ્ત્રી,1.0,22,16,all_seats,gujarati,ocr,83.54,data/gujarat/2020_reservation/block_member_rajkot_tps_2020.pdf,7,block_member_rajkot_tps_2020.pdf,https://sec.gujarat.gov.in/images/Rajkot-TPS-2020.pdf,
Gujarat,2020,Rajkot,Rajkot,Rajkot,3,3,1,ક્ામણબોર,block_member,taluk panchayat member,BC Woman,BC,સા.શૈ.પછાતવર્ગ સ્ત્રી,1,સા.શૈ.પછાતવર્ગ સ્ત્રી,1.0,18,44,all_seats,gujarati,ocr,82.91,data/gujarat/2020_reservation/block_member_rajkot_tps_2020.pdf,7,block_member_rajkot_tps_2020.pdf,https://sec.gujarat.gov.in/images/Rajkot-TPS-2020.pdf,
Gujarat,2020,Rajkot,Rajkot,Rajkot,4,4,1,બેડી,block_member,taluk panchayat member,BC Other than Woman,BC,સા.શૈ.પછાતવર્ગ,0,સ્ા.શૈ.પછાતવર્ગ,0.96,wif,ટ,all_seats,gujarati,ocr,81.5,data/gujarat/2020_reservation/block_member_rajkot_tps_2020.pdf,7,block_member_rajkot_tps_2020.pdf,https://sec.gujarat.gov.in/images/Rajkot-TPS-2020.pdf,
Gujarat,2020,Rajkot,Rajkot,Rajkot,5,પ,1,બેડલા,block_member,taluk panchayat member,Other than Woman,NONE,બિન અનામત સામાન્ય,0,બિન અનામત સામાન્ય *,1.0,21,--,all_seats,gujarati,ocr,89.18,data/gujarat/2020_reservation/block_member_rajkot_tps_2020.pdf,7,block_member_rajkot_tps_2020.pdf,https://sec.gujarat.gov.in/images/Rajkot-TPS-2020.pdf,
Gujarat,2020,Rajkot,Rajkot,Rajkot,6,€,1,ભુપગઢ,block_member,taluk panchayat member,Woman,NONE,સામાન્ય સ્ત્રી,1,સામાન્યસ્ત્રી,1.0,1,10,all_seats,gujarati,ocr,73.91,data/gujarat/2020_reservation/block_member_rajkot_tps_2020.pdf,7,block_member_rajkot_tps_2020.pdf,https://sec.gujarat.gov.in/images/Rajkot-TPS-2020.pdf,
Gujarat,2020,Rajkot,Rajkot,Rajkot,7,9,1,ગઢકા,block_member,taluk panchayat member,SC Woman,SC,અનુસૂચિત જાતિ સ્ત્રી,1,અનુસૂચિતજાતિસ્ત્રી *,1.0,2,2,all_seats,gujarati,ocr,85.71,data/gujarat/2020_reservation/block_member_rajkot_tps_2020.pdf,7,block_member_rajkot_tps_2020.pdf,https://sec.gujarat.gov.in/images/Rajkot-TPS-2020.pdf,
Gujarat,2020,Rajkot,Rajkot,Rajkot,8,8,1,ગવરીદડ,block_member,taluk panchayat member,ST Other than Woman,ST,અનુસૂચિત આદિજાતિ,0,અનુસૂચિત આદિજાતિ *,1.0,10,,all_seats,gujarati,ocr,71.3,data/gujarat/2020_reservation/block_member_rajkot_tps_2020.pdf,7,block_member_rajkot_tps_2020.pdf,https://sec.gujarat.gov.in/images/Rajkot-TPS-2020.pdf,
Gujarat,2020,Rajkot,Rajkot,Rajkot,9,9,1,હલેન્ડા,block_member,taluk panchayat member,SC Other than Woman,SC,અનુસૂચિત જાતિ,0,અનુસૂચિતજાતિ *,1.0,3,€,all_seats,gujarati,ocr,82.87,data/gujarat/2020_reservation/block_member_rajkot_tps_2020.pdf,7,block_member_rajkot_tps_2020.pdf,https://sec.gujarat.gov.in/images/Rajkot-TPS-2020.pdf,
Gujarat,2020,Rajkot,Rajkot,Rajkot,10,10,1,જીયાણા,block_member,taluk panchayat member,Other than Woman,NONE,બિન અનામત સામાન્ય,0,બિન અનામત સામાન્ય _,1.0,19,14 .,all_seats,gujarati,ocr,85.59,data/gujarat/2020_reservation/block_member_rajkot_tps_2020.pdf,7,block_member_rajkot_tps_2020.pdf,https://sec.gujarat.gov.in/images/Rajkot-TPS-2020.pdf,
Gujarat,2020,Rajkot,Rajkot,Rajkot,11,11,1,કાળીપાટ,block_member,taluk panchayat member,Woman,NONE,સામાન્ય સ્ત્રી,1,સામાન્યસ્ત્રી,1.0,9,પ,all_seats,gujarati,ocr,83.56,data/gujarat/2020_reservation/block_member_rajkot_tps_2020.pdf,7,block_member_rajkot_tps_2020.pdf,https://sec.gujarat.gov.in/images/Rajkot-TPS-2020.pdf,
Gujarat,2020,Rajkot,Rajkot,Rajkot,12,12,1,ક્સ્હુરબાઘામ,block_member,taluk panchayat member,Other than Woman,NONE,બિન અનામત સામાન્ય,0,બિન અનામત સામાન્ય _,1.0,15,--,all_seats,gujarati,ocr,84.9,data/gujarat/2020_reservation/block_member_rajkot_tps_2020.pdf,7,block_member_rajkot_tps_2020.pdf,https://sec.gujarat.gov.in/images/Rajkot-TPS-2020.pdf,
Gujarat,2020,Rajkot,Rajkot,Rajkot,13,13,1,ભ્ારચીયા,block_member,taluk panchayat member,Other than Woman,NONE,બિન અનામત સામાન્ય,0,બિન અનામત સામાન્ય,1.0,8,3,all_seats,gujarati,ocr,81.09,data/gujarat/2020_reservation/block_member_rajkot_tps_2020.pdf,7,block_member_rajkot_tps_2020.pdf,https://sec.gujarat.gov.in/images/Rajkot-TPS-2020.pdf,
Gujarat,2020,Rajkot,Rajkot,Rajkot,14,14,1,ખેરડી,block_member,taluk panchayat member,Other than Woman,NONE,બિન અનામત સામાન્ય,0,બિન અનામત સામાન્ય _,1.0,13,9,all_seats,gujarati,ocr,87.93,data/gujarat/2020_reservation/block_member_rajkot_tps_2020.pdf,7,block_member_rajkot_tps_2020.pdf,https://sec.gujarat.gov.in/images/Rajkot-TPS-2020.pdf,
Gujarat,2020,Rajkot,Rajkot,Rajkot,15,15,1,કોઠારીયા(ટ,block_member,taluk panchayat member,Woman,NONE,સામાન્ય સ્ત્રી,1,સામાન્યસ્ત્રી,1.0,€,17,all_seats,gujarati,ocr,67.64,data/gujarat/2020_reservation/block_member_rajkot_tps_2020.pdf,7,block_member_rajkot_tps_2020.pdf,https://sec.gujarat.gov.in/images/Rajkot-TPS-2020.pdf,
Gujarat,2020,Rajkot,Rajkot,Rajkot,16,વટ,1,કુવાડવા,block_member,taluk panchayat member,Woman,NONE,સામાન્ય સ્ત્રી,1,સામાન્યસ્ત્રી,1.0,14,13%,all_seats,gujarati,ocr,67.83,data/gujarat/2020_reservation/block_member_rajkot_tps_2020.pdf,7,block_member_rajkot_tps_2020.pdf,https://sec.gujarat.gov.in/images/Rajkot-TPS-2020.pdf,
Gujarat,2020,Rajkot,Rajkot,Rajkot,17,17,1,લોધીંડા,block_member,taluk panchayat member,Woman,NONE,સામાન્ય સ્ત્રી,1,સામાન્યસ્ત્રી,1.0,17,-,all_seats,gujarati,ocr,68.3,data/gujarat/2020_reservation/block_member_rajkot_tps_2020.pdf,7,block_member_rajkot_tps_2020.pdf,https://sec.gujarat.gov.in/images/Rajkot-TPS-2020.pdf,
Gujarat,2020,Rajkot,Rajkot,Rajkot,18,18,1,માલીયાસણ,block_member,taluk panchayat member,Woman,NONE,સામાન્ય સ્ત્રી,1,સામાન્યસ્ત્રી,1.0,11,-,all_seats,gujarati,ocr,90.26,data/gujarat/2020_reservation/block_member_rajkot_tps_2020.pdf,7,block_member_rajkot_tps_2020.pdf,https://sec.gujarat.gov.in/images/Rajkot-TPS-2020.pdf,
Gujarat,2020,Rajkot,Rajkot,Rajkot,19,19,1,પરાપીપળીયા,block_member,taluk panchayat member,Woman,NONE,સામાન્ય સ્ત્રી,1,સામાન્યસ્ત્રી,1.0,પ,12,all_seats,gujarati,ocr,83.63,data/gujarat/2020_reservation/block_member_rajkot_tps_2020.pdf,7,block_member_rajkot_tps_2020.pdf,https://sec.gujarat.gov.in/images/Rajkot-TPS-2020.pdf,
Gujarat,2020,Rajkot,Rajkot,Rajkot,20,20,1,ચારેવાળા,block_member,taluk panchayat member,Other than Woman,NONE,બિન અનામત સામાન્ય,0,બિન અનામત સામાન્ય,1.0,ટ,7,all_seats,gujarati,ocr,84.1,data/gujarat/2020_reservation/block_member_rajkot_tps_2020.pdf,7,block_member_rajkot_tps_2020.pdf,https://sec.gujarat.gov.in/images/Rajkot-TPS-2020.pdf,
Gujarat,2020,Rajkot,Rajkot,Rajkot,21,21,1,સણોસરા,block_member,taluk panchayat member,Other than Woman,NONE,બિન અનામત સામાન્ય,0,બિન અનામત સામાન્ય,1.0,,4,all_seats,gujarati,ocr,86.91,data/gujarat/2020_reservation/block_member_rajkot_tps_2020.pdf,7,block_member_rajkot_tps_2020.pdf,https://sec.gujarat.gov.in/images/Rajkot-TPS-2020.pdf,
Gujarat,2020,Rajkot,Rajkot,Rajkot,22,22,1,સરધાર,block_member,taluk panchayat member,Other than Woman,NONE,બિન અનામત સામાન્ય,0,બિનઅનામતસામાન્ય,1.0,12,11,all_seats,gujarati,ocr,91.16,data/gujarat/2020_reservation/block_member_rajkot_tps_2020.pdf,7,block_member_rajkot_tps_2020.pdf,https://sec.gujarat.gov.in/images/Rajkot-TPS-2020.pdf,
Gujarat,2020,Ahmedabad,Sanand,Sanand,1,4,1,ચાંગોદર,block_member,taluk panchayat member,BC Woman,BC,સા.શૈ.પછાતવર્ગ સ્ત્રી,1,સા.શૈ.પછાતવર્ગ સ્ત્રી |,1.0,24,રઃ,all_seats,gujarati,ocr,84.95,data/gujarat/2020_reservation/block_member_sanand_tps_2020.pdf,7,block_member_sanand_tps_2020.pdf,https://sec.gujarat.gov.in/images/Sanand-TPS-2020.pdf,
Gujarat,2020,Ahmedabad,Sanand,Sanand,2,ર,1,ચેખલા--૧,block_member,taluk panchayat member,Woman,NONE,સામાન્ય સ્ત્રી,1,સામાન્યસ્ત્રી |,1.0,શ7,x,all_seats,gujarati,ocr,63.26,data/gujarat/2020_reservation/block_member_sanand_tps_2020.pdf,7,block_member_sanand_tps_2020.pdf,https://sec.gujarat.gov.in/images/Sanand-TPS-2020.pdf,
Gujarat,2020,Ahmedabad,Sanand,Sanand,3,7,1,ચેખલા-૨,block_member,taluk panchayat member,SC Other than Woman,SC,અનુસૂચિત જાતિ,0,અનુસૂચિતજાતિ,1.0,ટ,છ,all_seats,gujarati,ocr,68.05,data/gujarat/2020_reservation/block_member_sanand_tps_2020.pdf,7,block_member_sanand_tps_2020.pdf,https://sec.gujarat.gov.in/images/Sanand-TPS-2020.pdf,
Gujarat,2020,Ahmedabad,Sanand,Sanand,4,4 |,1,દોદર . ર,block_member,taluk panchayat member,SC Other than Woman,SC,અનુસૂચિત જાતિ,0,અનુસૂથિતજાતિ ],0.9167,|,13,all_seats,gujarati,ocr,67.78,data/gujarat/2020_reservation/block_member_sanand_tps_2020.pdf,7,block_member_sanand_tps_2020.pdf,https://sec.gujarat.gov.in/images/Sanand-TPS-2020.pdf,
Gujarat,2020,Ahmedabad,Sanand,Sanand,5,6,1,ફાંગડી,block_member,taluk panchayat member,BC Other than Woman,BC,સા.શૈ.પછાતવર્ગ,0,_સા.શૈ.પછાતવર્ગ,1.0,ae,22,all_seats,gujarati,ocr,53.43,data/gujarat/2020_reservation/block_member_sanand_tps_2020.pdf,7,block_member_sanand_tps_2020.pdf,https://sec.gujarat.gov.in/images/Sanand-TPS-2020.pdf,
Gujarat,2020,Ahmedabad,Sanand,Sanand,6,: 6,1,ગોધાવી ન,block_member,taluk panchayat member,Other than Woman,NONE,બિન અનામત સામાન્ય,0,બિનઅનામત સામાન્ય,1.0,ર0 .,7 ઃ,all_seats,gujarati,ocr,74.98,data/gujarat/2020_reservation/block_member_sanand_tps_2020.pdf,7,block_member_sanand_tps_2020.pdf,https://sec.gujarat.gov.in/images/Sanand-TPS-2020.pdf,
Gujarat,2020,Ahmedabad,Sanand,Sanand,7,7,1,ગોરજ,block_member,taluk panchayat member,Other than Woman,NONE,બિન અનામત સામાન્ય,0,બિનઅનામત સામાન્ય _,1.0,ay,24:,all_seats,gujarati,ocr,67.03,data/gujarat/2020_reservation/block_member_sanand_tps_2020.pdf,7,block_member_sanand_tps_2020.pdf,https://sec.gujarat.gov.in/images/Sanand-TPS-2020.pdf,
Gujarat,2020,Ahmedabad,Sanand,Sanand,8,8,1,જજુવાલ,block_member,taluk panchayat member,Other than Woman,NONE,બિન અનામત સામાન્ય,0,બિનઅનામત સામાન્ય _,1.0,ર4,2?,all_seats,gujarati,ocr,68.52,data/gujarat/2020_reservation/block_member_sanand_tps_2020.pdf,7,block_member_sanand_tps_2020.pdf,https://sec.gujarat.gov.in/images/Sanand-TPS-2020.pdf,
Gujarat,2020,Ahmedabad,Sanand,Sanand,9,હ,1,ખોરજ,block_member,taluk panchayat member,Other than Woman,NONE,બિન અનામત સામાન્ય,0,બિનઅનામત સામાન્ય *,1.0,a,23,all_seats,gujarati,ocr,74.19,data/gujarat/2020_reservation/block_member_sanand_tps_2020.pdf,7,block_member_sanand_tps_2020.pdf,https://sec.gujarat.gov.in/images/Sanand-TPS-2020.pdf,
Gujarat,2020,Ahmedabad,Sanand,Sanand,10,20 |,1,કોલટ,block_member,taluk panchayat member,Other than Woman,NONE,બિન અનામત સામાન્ય,0,બિનઅનામત સામાન્ય,1.0,20,10,all_seats,gujarati,ocr,79.48,data/gujarat/2020_reservation/block_member_sanand_tps_2020.pdf,7,block_member_sanand_tps_2020.pdf,https://sec.gujarat.gov.in/images/Sanand-TPS-2020.pdf,
Gujarat,2020,Ahmedabad,Sanand,Sanand,11,?2,1,કુંવાર,block_member,taluk panchayat member,Woman,NONE,સામાન્ય સ્ત્રી,1,સામાન્યસ્ત્રી,1.0,3,4,all_seats,gujarati,ocr,72.25,data/gujarat/2020_reservation/block_member_sanand_tps_2020.pdf,7,block_member_sanand_tps_2020.pdf,https://sec.gujarat.gov.in/images/Sanand-TPS-2020.pdf,
Gujarat,2020,Ahmedabad,Sanand,Sanand,12,| 6ર .,1,મખીયાવ,block_member,taluk panchayat member,Woman,NONE,સામાન્ય સ્ત્રી,1,સામાન્યસ્ત્રી,1.0,ર,20,all_seats,gujarati,ocr,87.18,data/gujarat/2020_reservation/block_member_sanand_tps_2020.pdf,7,block_member_sanand_tps_2020.pdf,https://sec.gujarat.gov.in/images/Sanand-TPS-2020.pdf,
Gujarat,2020,Ahmedabad,Sanand,Sanand,13,a3,1,માણકોલ,block_member,taluk panchayat member,Other than Woman,NONE,બિન અનામત સામાન્ય,0,બિનઅનામત સામાન્ય,1.0,ae,RG,all_seats,gujarati,ocr,60.02,data/gujarat/2020_reservation/block_member_sanand_tps_2020.pdf,7,block_member_sanand_tps_2020.pdf,https://sec.gujarat.gov.in/images/Sanand-TPS-2020.pdf,
Gujarat,2020,Ahmedabad,Sanand,Sanand,14,| ay,1,મટોફા,block_member,taluk panchayat member,Other than Woman,NONE,બિન અનામત સામાન્ય,0,બિનઅનામત સામાન્ય *,1.0,29,9,all_seats,gujarati,ocr,69.25,data/gujarat/2020_reservation/block_member_sanand_tps_2020.pdf,7,block_member_sanand_tps_2020.pdf,https://sec.gujarat.gov.in/images/Sanand-TPS-2020.pdf,
Gujarat,2020,Ahmedabad,Sanand,Sanand,15,| 64,1,મોડાસર,block_member,taluk panchayat member,SC Woman,SC,અનુસૂચિત જાતિ સ્ત્રી,1,અનુસૂચિતજાતિસ્ત્રી *,1.0,4,2ર,all_seats,gujarati,ocr,75.37,data/gujarat/2020_reservation/block_member_sanand_tps_2020.pdf,7,block_member_sanand_tps_2020.pdf,https://sec.gujarat.gov.in/images/Sanand-TPS-2020.pdf,
Gujarat,2020,Ahmedabad,Sanand,Sanand,16,4,1,1|મોરૈયા,block_member,taluk panchayat member,ST Woman,ST,અનુસૂચિત આદિજાતિ સ્ત્રી,1,અનુસૂથિત આદિજાતિ સ્ત્રી *,0.9524,q,રૃ,all_seats,gujarati,ocr,64.72,data/gujarat/2020_reservation/block_member_sanand_tps_2020.pdf,7,block_member_sanand_tps_2020.pdf,https://sec.gujarat.gov.in/images/Sanand-TPS-2020.pdf,
Gujarat,2020,Ahmedabad,Sanand,Sanand,17,| a9,1,પીપણ,block_member,taluk panchayat member,Woman,NONE,સામાન્ય સ્ત્રી,1,સામાન્યસ્ત્રી,1.0,27,19,all_seats,gujarati,ocr,80.86,data/gujarat/2020_reservation/block_member_sanand_tps_2020.pdf,7,block_member_sanand_tps_2020.pdf,https://sec.gujarat.gov.in/images/Sanand-TPS-2020.pdf,
Gujarat,2020,Ahmedabad,Sanand,Sanand,18,?8 [|,1,રેથલ,block_member,taluk panchayat member,Woman,NONE,સામાન્ય સ્ત્રી,1,સામાન્ય સ્ત્રી ી,0.963,7,24,all_seats,gujarati,ocr,75.68,data/gujarat/2020_reservation/block_member_sanand_tps_2020.pdf,7,block_member_sanand_tps_2020.pdf,https://sec.gujarat.gov.in/images/Sanand-TPS-2020.pdf,
Gujarat,2020,Ahmedabad,Sanand,Sanand,19,I [|,1,સનાથલ,block_member,taluk panchayat member,Woman,NONE,સામાન્ય સ્ત્રી,1,. સામાન્યસ્ત્રી,1.0,42,3,all_seats,gujarati,ocr,82.04,data/gujarat/2020_reservation/block_member_sanand_tps_2020.pdf,7,block_member_sanand_tps_2020.pdf,https://sec.gujarat.gov.in/images/Sanand-TPS-2020.pdf,
Gujarat,2020,Ahmedabad,Sanand,Sanand,20,20,1,શેલા,block_member,taluk panchayat member,Woman,NONE,સામાન્ય સ્ત્રી,1,સામાન્યસ્ત્રી,1.0,રર,?2,all_seats,gujarati,ocr,85.47,data/gujarat/2020_reservation/block_member_sanand_tps_2020.pdf,7,block_member_sanand_tps_2020.pdf,https://sec.gujarat.gov.in/images/Sanand-TPS-2020.pdf,
Gujarat,2020,Ahmedabad,Sanand,Sanand,21,ર?,1,વાસણા-ઈ,block_member,taluk panchayat member,Woman,NONE,સામાન્ય સ્ત્રી,1,સામાન્ય સ્ત્રી,1.0,8,€,all_seats,gujarati,ocr,83.46,data/gujarat/2020_reservation/block_member_sanand_tps_2020.pdf,7,block_member_sanand_tps_2020.pdf,https://sec.gujarat.gov.in/images/Sanand-TPS-2020.pdf,
Gujarat,2020,Ahmedabad,Sanand,Sanand,22,રર,1,વિરોચનનગર,block_member,taluk panchayat member,Woman,NONE,સામાન્ય સ્ત્રી,1,| સામાન્યસ્ત્રી,1.0,ર?,ર4,all_seats,gujarati,ocr,85.87,data/gujarat/2020_reservation/block_member_sanand_tps_2020.pdf,7,block_member_sanand_tps_2020.pdf,https://sec.gujarat.gov.in/images/Sanand-TPS-2020.pdf,
Gujarat,2020,Ahmedabad,Sanand,Sanand,23,| ર7,1,ઝાંપ,block_member,taluk panchayat member,Other than Woman,NONE,બિન અનામત સામાન્ય,0,બિનઅનામત સામાન્ય,1.0,23,8,all_seats,gujarati,ocr,78.52,data/gujarat/2020_reservation/block_member_sanand_tps_2020.pdf,7,block_member_sanand_tps_2020.pdf,https://sec.gujarat.gov.in/images/Sanand-TPS-2020.pdf,
Gujarat,2020,Ahmedabad,Sanand,Sanand,24,[| ર4,1,ઝોલાપુર,block_member,taluk panchayat member,Other than Woman,NONE,બિન અનામત સામાન્ય,0,બિનઅનામત સામાન્ય _,1.0,9,289,all_seats,gujarati,ocr,75.91,data/gujarat/2020_reservation/block_member_sanand_tps_2020.pdf,7,block_member_sanand_tps_2020.pdf,https://sec.gujarat.gov.in/images/Sanand-TPS-2020.pdf,
Gujarat,2020,Patan,Saraswati,Saraswati,1,4.,1,અબલોવા,block_member,taluk panchayat member,Woman,NONE,સામાન્ય સ્ત્રી,1,સામાન્ય સ્ત્રી,1.0,ટ,-,all_seats,gujarati,ocr,71.79,data/gujarat/2020_reservation/block_member_sarsvati_tps_2020.pdf,6,block_member_sarsvati_tps_2020.pdf,https://sec.gujarat.gov.in/images/Sarsvati-TPS-2020.pdf,
Gujarat,2020,Patan,Saraswati,Saraswati,2,7,1,અધાર,block_member,taluk panchayat member,Woman,NONE,સામાન્ય સ્ત્રી,1,_ સામાન્યસ્ત્રી,1.0,11,-,all_seats,gujarati,ocr,80.71,data/gujarat/2020_reservation/block_member_sarsvati_tps_2020.pdf,6,block_member_sarsvati_tps_2020.pdf,https://sec.gujarat.gov.in/images/Sarsvati-TPS-2020.pdf,
Gujarat,2020,Patan,Saraswati,Saraswati,3,3,1,અજીમણા,block_member,taluk panchayat member,BC Woman,BC,સા.શૈ.પછાતવર્ગ સ્ત્રી,1,_ ચા.શૈ.પછાતવર્ગસ્ત્રી *,0.9444,2,“ 1,all_seats,gujarati,ocr,71.91,data/gujarat/2020_reservation/block_member_sarsvati_tps_2020.pdf,6,block_member_sarsvati_tps_2020.pdf,https://sec.gujarat.gov.in/images/Sarsvati-TPS-2020.pdf,
Gujarat,2020,Patan,Saraswati,Saraswati,4,4,1,અમરપુરા,block_member,taluk panchayat member,BC Other than Woman,BC,સા.શૈ.પછાતવર્ગ,0,સા.શૈ.પછાતવર્ગ,1.0,ર4,4,all_seats,gujarati,ocr,79.85,data/gujarat/2020_reservation/block_member_sarsvati_tps_2020.pdf,6,block_member_sarsvati_tps_2020.pdf,https://sec.gujarat.gov.in/images/Sarsvati-TPS-2020.pdf,
Gujarat,2020,Patan,Saraswati,Saraswati,5,પ,1,ભાટસણ,block_member,taluk panchayat member,Woman,NONE,સામાન્ય સ્ત્રી,1,સામાન્યસ્ત્રી,1.0,€,4,all_seats,gujarati,ocr,77.68,data/gujarat/2020_reservation/block_member_sarsvati_tps_2020.pdf,6,block_member_sarsvati_tps_2020.pdf,https://sec.gujarat.gov.in/images/Sarsvati-TPS-2020.pdf,
Gujarat,2020,Patan,Saraswati,Saraswati,6,6,1,ભીલવણ,block_member,taluk panchayat member,ST Other than Woman,ST,અનુસૂચિત આદિજાતિ,0,અનુસૂચિત આદિજાતિ *,1.0,10,[| 2 “,all_seats,gujarati,ocr,79.09,data/gujarat/2020_reservation/block_member_sarsvati_tps_2020.pdf,6,block_member_sarsvati_tps_2020.pdf,https://sec.gujarat.gov.in/images/Sarsvati-TPS-2020.pdf,
Gujarat,2020,Patan,Saraswati,Saraswati,7,7,1,ચારૂપ,block_member,taluk panchayat member,Other than Woman,NONE,બિન અનામત સામાન્ય,0,બિનઅનામત સામાન્ય,1.0,17,7:,all_seats,gujarati,ocr,56.73,data/gujarat/2020_reservation/block_member_sarsvati_tps_2020.pdf,6,block_member_sarsvati_tps_2020.pdf,https://sec.gujarat.gov.in/images/Sarsvati-TPS-2020.pdf,
Gujarat,2020,Patan,Saraswati,Saraswati,8,«8,1,કાનોસણ,block_member,taluk panchayat member,Other than Woman,NONE,બિન અનામત સામાન્ય,0,_ બિનઅનામત સામાન્ય,1.0,ર2,8,all_seats,gujarati,ocr,63.69,data/gujarat/2020_reservation/block_member_sarsvati_tps_2020.pdf,6,block_member_sarsvati_tps_2020.pdf,https://sec.gujarat.gov.in/images/Sarsvati-TPS-2020.pdf,
Gujarat,2020,Patan,Saraswati,Saraswati,9,9.,1,કાંસા,block_member,taluk panchayat member,Other than Woman,NONE,બિન અનામત સામાન્ય,0,બિનઅનામત સામાન્ય.,1.0,ષ,-.,all_seats,gujarati,ocr,60.99,data/gujarat/2020_reservation/block_member_sarsvati_tps_2020.pdf,6,block_member_sarsvati_tps_2020.pdf,https://sec.gujarat.gov.in/images/Sarsvati-TPS-2020.pdf,
Gujarat,2020,Patan,Saraswati,Saraswati,10,10,1,ખોારેડા,block_member,taluk panchayat member,Other than Woman,NONE,બિન અનામત સામાન્ય,0,બિનઅનામત સામાન્ય,1.0,23,4,all_seats,gujarati,ocr,65.02,data/gujarat/2020_reservation/block_member_sarsvati_tps_2020.pdf,6,block_member_sarsvati_tps_2020.pdf,https://sec.gujarat.gov.in/images/Sarsvati-TPS-2020.pdf,
Gujarat,2020,Patan,Saraswati,Saraswati,11,a,1,ખોડાણા,block_member,taluk panchayat member,Other than Woman,NONE,બિન અનામત સામાન્ય,0,બિનઅનામત સામાન્ય,1.0,8,,all_seats,gujarati,ocr,73.89,data/gujarat/2020_reservation/block_member_sarsvati_tps_2020.pdf,6,block_member_sarsvati_tps_2020.pdf,https://sec.gujarat.gov.in/images/Sarsvati-TPS-2020.pdf,
Gujarat,2020,Patan,Saraswati,Saraswati,12,1ર :,1,કકેમ્બુવા,block_member,taluk panchayat member,Other than Woman,NONE,બિન અનામત સામાન્ય,0,બિનઅનામત સામાન્ય,1.0,42,ન,all_seats,gujarati,ocr,73.69,data/gujarat/2020_reservation/block_member_sarsvati_tps_2020.pdf,6,block_member_sarsvati_tps_2020.pdf,https://sec.gujarat.gov.in/images/Sarsvati-TPS-2020.pdf,
Gujarat,2020,Patan,Saraswati,Saraswati,13,a3,1,કોઈટો,block_member,taluk panchayat member,Other than Woman,NONE,બિન અનામત સામાન્ય,0,બિનઅનામત સામાન્ય,1.0,te,-,all_seats,gujarati,ocr,67.93,data/gujarat/2020_reservation/block_member_sarsvati_tps_2020.pdf,6,block_member_sarsvati_tps_2020.pdf,https://sec.gujarat.gov.in/images/Sarsvati-TPS-2020.pdf,
Gujarat,2020,Patan,Saraswati,Saraswati,14,14,1,લક્ષ્મીપુરા,block_member,taluk panchayat member,Woman,NONE,સામાન્ય સ્ત્રી,1,_-_ સામાન્યસ્ત્રી,1.0,.: 14,3,all_seats,gujarati,ocr,79.83,data/gujarat/2020_reservation/block_member_sarsvati_tps_2020.pdf,6,block_member_sarsvati_tps_2020.pdf,https://sec.gujarat.gov.in/images/Sarsvati-TPS-2020.pdf,
Gujarat,2020,Patan,Saraswati,Saraswati,15,15,1,મેસર,block_member,taluk panchayat member,Woman,NONE,સામાન્ય સ્ત્રી,1,સામાન્યસ્ત્રી,1.0,13,પઃ,all_seats,gujarati,ocr,78.88,data/gujarat/2020_reservation/block_member_sarsvati_tps_2020.pdf,6,block_member_sarsvati_tps_2020.pdf,https://sec.gujarat.gov.in/images/Sarsvati-TPS-2020.pdf,
Gujarat,2020,Patan,Saraswati,Saraswati,16,16,1,નાયતા,block_member,taluk panchayat member,Woman,NONE,સામાન્ય સ્ત્રી,1,સામાન્યસ્ત્રી,1.0,.21,-,all_seats,gujarati,ocr,61.84,data/gujarat/2020_reservation/block_member_sarsvati_tps_2020.pdf,6,block_member_sarsvati_tps_2020.pdf,https://sec.gujarat.gov.in/images/Sarsvati-TPS-2020.pdf,
Gujarat,2020,Patan,Saraswati,Saraswati,17,17,1,ઓઢવા,block_member,taluk panchayat member,Woman,NONE,સામાન્ય સ્ત્રી,1,સામાન્યસ્ત્રી:,1.0,4,.,all_seats,gujarati,ocr,66.49,data/gujarat/2020_reservation/block_member_sarsvati_tps_2020.pdf,6,block_member_sarsvati_tps_2020.pdf,https://sec.gujarat.gov.in/images/Sarsvati-TPS-2020.pdf,
Gujarat,2020,Patan,Saraswati,Saraswati,18,18,1,સાંપ્રા,block_member,taluk panchayat member,Woman,NONE,સામાન્ય સ્ત્રી,1,સામાન્યસ્ત્રી,1.0,15:,9,all_seats,gujarati,ocr,83.85,data/gujarat/2020_reservation/block_member_sarsvati_tps_2020.pdf,6,block_member_sarsvati_tps_2020.pdf,https://sec.gujarat.gov.in/images/Sarsvati-TPS-2020.pdf,
Gujarat,2020,Patan,Saraswati,Saraswati,19,19,1,સસરયદ,block_member,taluk panchayat member,SC Other than Woman,SC,અનુસૂચિત જાતિ,0,અનુસૂચિતજાતિ,1.0,4,-,all_seats,gujarati,ocr,77.67,data/gujarat/2020_reservation/block_member_sarsvati_tps_2020.pdf,6,block_member_sarsvati_tps_2020.pdf,https://sec.gujarat.gov.in/images/Sarsvati-TPS-2020.pdf,
Gujarat,2020,Patan,Saraswati,Saraswati,20,| 20,1,ઉદર,block_member,taluk panchayat member,Woman,NONE,સામાન્ય સ્ત્રી,1,સામાન્યસ્ત્રી' *,1.0,14,ન,all_seats,gujarati,ocr,69.37,data/gujarat/2020_reservation/block_member_sarsvati_tps_2020.pdf,6,block_member_sarsvati_tps_2020.pdf,https://sec.gujarat.gov.in/images/Sarsvati-TPS-2020.pdf,
Gujarat,2020,Patan,Saraswati,Saraswati,21,21,1,વાગડોદ,block_member,taluk panchayat member,SC Woman,SC,અનુસૂચિત જાતિ સ્ત્રી,1,અનુસૂચિત જાતિસ્ત્રી *,1.0,3,-,all_seats,gujarati,ocr,83.43,data/gujarat/2020_reservation/block_member_sarsvati_tps_2020.pdf,6,block_member_sarsvati_tps_2020.pdf,https://sec.gujarat.gov.in/images/Sarsvati-TPS-2020.pdf,
Gujarat,2020,Patan,Saraswati,Saraswati,22,22,1,વામેયાઃ,block_member,taluk panchayat member,Woman,NONE,સામાન્ય સ્ત્રી,1,સામાન્ય સ્ત્રી,1.0,20.,-,all_seats,gujarati,ocr,79.85,data/gujarat/2020_reservation/block_member_sarsvati_tps_2020.pdf,6,block_member_sarsvati_tps_2020.pdf,https://sec.gujarat.gov.in/images/Sarsvati-TPS-2020.pdf,
Gujarat,2020,Patan,Saraswati,Saraswati,23,23%,1,વાયડ,block_member,taluk panchayat member,Other than Woman,NONE,બિન અનામત સામાન્ય,0,બિનઅનામત સામાન્ય,1.0,Ve,-,all_seats,gujarati,ocr,79.72,data/gujarat/2020_reservation/block_member_sarsvati_tps_2020.pdf,6,block_member_sarsvati_tps_2020.pdf,https://sec.gujarat.gov.in/images/Sarsvati-TPS-2020.pdf,
Gujarat,2020,Patan,Saraswati,Saraswati,24,ર4,1,તવૈલોડા (નાના-મોટા,block_member,taluk panchayat member,Other than Woman,NONE,બિન અનામત સામાન્ય,0,બિનઅનામત સામાન્ય *,1.0,લ,- |,all_seats,gujarati,ocr,79.94,data/gujarat/2020_reservation/block_member_sarsvati_tps_2020.pdf,6,block_member_sarsvati_tps_2020.pdf,https://sec.gujarat.gov.in/images/Sarsvati-TPS-2020.pdf,
Gujarat,2020,Amreli,Savarkundla,Savarkundla,1,[ 1,1,આદસંગ,block_member,taluk panchayat member,Woman,NONE,સામાન્ય સ્ત્રી,1,સામાન્યસ્ત્રી *,1.0,9,7,all_seats,gujarati,ocr,82.55,data/gujarat/2020_reservation/block_member_savkundala_tps_2020.pdf,11,block_member_savkundala_tps_2020.pdf,https://sec.gujarat.gov.in/images/Savkundala-TPS-2020.pdf,
Gujarat,2020,Amreli,Savarkundla,Savarkundla,2,2,1,આંબરડી,block_member,taluk panchayat member,Woman,NONE,સામાન્ય સ્ત્રી,1,સામાન્યસ્ત્રી *,1.0,8,-,all_seats,gujarati,ocr,78.63,data/gujarat/2020_reservation/block_member_savkundala_tps_2020.pdf,11,block_member_savkundala_tps_2020.pdf,https://sec.gujarat.gov.in/images/Savkundala-TPS-2020.pdf,
Gujarat,2020,Amreli,Savarkundla,Savarkundla,3,3,1,બાઢડા,block_member,taluk panchayat member,BC Woman,BC,સા.શૈ.પછાતવર્ગ સ્ત્રી,1,' સા.શૈ.પછાતવર્ગ સ્ત્રી *,1.0,18,પ્‌,all_seats,gujarati,ocr,75.39,data/gujarat/2020_reservation/block_member_savkundala_tps_2020.pdf,11,block_member_savkundala_tps_2020.pdf,https://sec.gujarat.gov.in/images/Savkundala-TPS-2020.pdf,
Gujarat,2020,Amreli,Savarkundla,Savarkundla,4,4,1,દોલતી,block_member,taluk panchayat member,BC Other than Woman,BC,સા.શૈ.પછાતવર્ગ,0,સા.શૈ.પછાતવર્ગ *,1.0,17,12,all_seats,gujarati,ocr,90.49,data/gujarat/2020_reservation/block_member_savkundala_tps_2020.pdf,11,block_member_savkundala_tps_2020.pdf,https://sec.gujarat.gov.in/images/Savkundala-TPS-2020.pdf,
Gujarat,2020,Amreli,Savarkundla,Savarkundla,5,ષ,1,ગાધક્ડા,block_member,taluk panchayat member,Other than Woman,NONE,બિન અનામત સામાન્ય,0,બિનઅનામત સામાન્ય _,1.0,22,-,all_seats,gujarati,ocr,75.61,data/gujarat/2020_reservation/block_member_savkundala_tps_2020.pdf,11,block_member_savkundala_tps_2020.pdf,https://sec.gujarat.gov.in/images/Savkundala-TPS-2020.pdf,
Gujarat,2020,Amreli,Savarkundla,Savarkundla,6,ટટ,1,ઘાંણલા,block_member,taluk panchayat member,Other than Woman,NONE,બિન અનામત સામાન્ય,0,બિનઅનામત સામાન્ય,1.0,19,-,all_seats,gujarati,ocr,80.92,data/gujarat/2020_reservation/block_member_savkundala_tps_2020.pdf,11,block_member_savkundala_tps_2020.pdf,https://sec.gujarat.gov.in/images/Savkundala-TPS-2020.pdf,
Gujarat,2020,Amreli,Savarkundla,Savarkundla,7,7,1,ઘોબા,block_member,taluk panchayat member,Woman,NONE,સામાન્ય સ્ત્રી,1,શસામાન્યસ્ત્રી *,0.963,10,-,all_seats,gujarati,ocr,84.32,data/gujarat/2020_reservation/block_member_savkundala_tps_2020.pdf,11,block_member_savkundala_tps_2020.pdf,https://sec.gujarat.gov.in/images/Savkundala-TPS-2020.pdf,
Gujarat,2020,Amreli,Savarkundla,Savarkundla,8,8,1,જાંબુડા,block_member,taluk panchayat member,Woman,NONE,સામાન્ય સ્ત્રી,1,સામાન્યસ્ત્રી *,1.0,14,4,all_seats,gujarati,ocr,90.22,data/gujarat/2020_reservation/block_member_savkundala_tps_2020.pdf,11,block_member_savkundala_tps_2020.pdf,https://sec.gujarat.gov.in/images/Savkundala-TPS-2020.pdf,
Gujarat,2020,Amreli,Savarkundla,Savarkundla,9,tc,1,જીરા,block_member,taluk panchayat member,Woman,NONE,સામાન્ય સ્ત્રી,1,સચસામાન્યસ્ત્રી,0.9286,ર,-,all_seats,gujarati,ocr,80.71,data/gujarat/2020_reservation/block_member_savkundala_tps_2020.pdf,11,block_member_savkundala_tps_2020.pdf,https://sec.gujarat.gov.in/images/Savkundala-TPS-2020.pdf,
Gujarat,2020,Amreli,Savarkundla,Savarkundla,10,10 |,1,જુનાસાવર,block_member,taluk panchayat member,Other than Woman,NONE,બિન અનામત સામાન્ય,0,બિનઅનામત સામાન્ય *,1.0,12,8,all_seats,gujarati,ocr,78.98,data/gujarat/2020_reservation/block_member_savkundala_tps_2020.pdf,11,block_member_savkundala_tps_2020.pdf,https://sec.gujarat.gov.in/images/Savkundala-TPS-2020.pdf,
Gujarat,2020,Amreli,Savarkundla,Savarkundla,11,11,1,લીખાળા,block_member,taluk panchayat member,Other than Woman,NONE,બિન અનામત સામાન્ય,0,બિનઅનામત સામાન્ય,1.0,4¢,10,all_seats,gujarati,ocr,76.27,data/gujarat/2020_reservation/block_member_savkundala_tps_2020.pdf,11,block_member_savkundala_tps_2020.pdf,https://sec.gujarat.gov.in/images/Savkundala-TPS-2020.pdf,
Gujarat,2020,Amreli,Savarkundla,Savarkundla,12,1ર |,1,મીતીયાળા,block_member,taluk panchayat member,SC Other than Woman,SC,અનુસૂચિત જાતિ,0,અનુસૂચિતજાતિ *,1.0,4,3,all_seats,gujarati,ocr,77.61,data/gujarat/2020_reservation/block_member_savkundala_tps_2020.pdf,11,block_member_savkundala_tps_2020.pdf,https://sec.gujarat.gov.in/images/Savkundala-TPS-2020.pdf,
Gujarat,2020,Amreli,Savarkundla,Savarkundla,13,13 [|,1,મોટા ઝીંઝુડા,block_member,taluk panchayat member,ST Other than Woman,ST,અનુસૂચિત આદિજાતિ,0,અનુસૂચિત આદિજાતિ,1.0,20,ર,all_seats,gujarati,ocr,79.81,data/gujarat/2020_reservation/block_member_savkundala_tps_2020.pdf,11,block_member_savkundala_tps_2020.pdf,https://sec.gujarat.gov.in/images/Savkundala-TPS-2020.pdf,
Gujarat,2020,Amreli,Savarkundla,Savarkundla,14,| 14,1,નેસડી,block_member,taluk panchayat member,Woman,NONE,સામાન્ય સ્ત્રી,1,સામાન્યસ્ત્રી,1.0,શ્વ,€,all_seats,gujarati,ocr,78.53,data/gujarat/2020_reservation/block_member_savkundala_tps_2020.pdf,11,block_member_savkundala_tps_2020.pdf,https://sec.gujarat.gov.in/images/Savkundala-TPS-2020.pdf,
Gujarat,2020,Amreli,Savarkundla,Savarkundla,15,15 |,1,પીઠવડી,block_member,taluk panchayat member,SC Woman,SC,અનુસૂચિત જાતિ સ્ત્રી,1,અનુસૂચિત જાતિ સ્ત્રી,1.0,3,-,all_seats,gujarati,ocr,75.59,data/gujarat/2020_reservation/block_member_savkundala_tps_2020.pdf,11,block_member_savkundala_tps_2020.pdf,https://sec.gujarat.gov.in/images/Savkundala-TPS-2020.pdf,
Gujarat,2020,Amreli,Savarkundla,Savarkundla,16,qe,1,પીચાવા,block_member,taluk panchayat member,Woman,NONE,સામાન્ય સ્ત્રી,1,સામાન્યસ્ત્રી,1.0,11,-,all_seats,gujarati,ocr,82.61,data/gujarat/2020_reservation/block_member_savkundala_tps_2020.pdf,11,block_member_savkundala_tps_2020.pdf,https://sec.gujarat.gov.in/images/Savkundala-TPS-2020.pdf,
Gujarat,2020,Amreli,Savarkundla,Savarkundla,17,17 1!,1,શેલણા,block_member,taluk panchayat member,Woman,NONE,સામાન્ય સ્ત્રી,1,સામાન્યસ્ત્રી,1.0,13,-,all_seats,gujarati,ocr,76.84,data/gujarat/2020_reservation/block_member_savkundala_tps_2020.pdf,11,block_member_savkundala_tps_2020.pdf,https://sec.gujarat.gov.in/images/Savkundala-TPS-2020.pdf,
Gujarat,2020,Amreli,Savarkundla,Savarkundla,18,18,1,સીમરણ,block_member,taluk panchayat member,Woman,NONE,સામાન્ય સ્ત્રી,1,"સામાન્યસ્ત્રી, ”",1.0,a,11,all_seats,gujarati,ocr,82.25,data/gujarat/2020_reservation/block_member_savkundala_tps_2020.pdf,11,block_member_savkundala_tps_2020.pdf,https://sec.gujarat.gov.in/images/Savkundala-TPS-2020.pdf,
Gujarat,2020,Amreli,Savarkundla,Savarkundla,19,19,1,વંડા,block_member,taluk panchayat member,Other than Woman,NONE,બિન અનામત સામાન્ય,0,બિનઅનામત સામાન્ય,1.0,ay,9,all_seats,gujarati,ocr,70.97,data/gujarat/2020_reservation/block_member_savkundala_tps_2020.pdf,11,block_member_savkundala_tps_2020.pdf,https://sec.gujarat.gov.in/images/Savkundala-TPS-2020.pdf,
Gujarat,2020,Amreli,Savarkundla,Savarkundla,20,20. |,1,વાશીયાબદરેી,block_member,taluk panchayat member,Other than Woman,NONE,બિન અનામત સામાન્ય,0,બિનઅનામત સામાન્ય,1.0,ટટ,13,all_seats,gujarati,ocr,79.25,data/gujarat/2020_reservation/block_member_savkundala_tps_2020.pdf,11,block_member_savkundala_tps_2020.pdf,https://sec.gujarat.gov.in/images/Savkundala-TPS-2020.pdf,
Gujarat,2020,Amreli,Savarkundla,Savarkundla,21,21,1,વિજપડી,block_member,taluk panchayat member,Other than Woman,NONE,બિન અનામત સામાન્ય,0,બિનઅનામત સામાન્ય,1.0,21,4,all_seats,gujarati,ocr,84.76,data/gujarat/2020_reservation/block_member_savkundala_tps_2020.pdf,11,block_member_savkundala_tps_2020.pdf,https://sec.gujarat.gov.in/images/Savkundala-TPS-2020.pdf,
Gujarat,2020,Amreli,Savarkundla,Savarkundla,22,રર,1,વીરડી,block_member,taluk panchayat member,Other than Woman,NONE,બિન અનામત સામાન્ય,0,' લિનસ્નામત સામાન્ય *,0.8387,ટ,-,all_seats,gujarati,ocr,69.29,data/gujarat/2020_reservation/block_member_savkundala_tps_2020.pdf,11,block_member_savkundala_tps_2020.pdf,https://sec.gujarat.gov.in/images/Savkundala-TPS-2020.pdf,
Gujarat,2020,Dahod,Singvad,Singvad,1,ક 1,1,અગારારંે,block_member,taluk panchayat member,ST Woman,ST,અનુસૂચિત આદિજાતિ સ્ત્રી,1,અનુસૂચિત આદિજાતિ સ્ત્રી,1.0,13,3 [|,all_seats,gujarati,ocr,73.52,data/gujarat/2020_reservation/block_member_singavad_tps_2020.pdf,6,block_member_singavad_tps_2020.pdf,https://sec.gujarat.gov.in/images/Singavad-TPS-2020.pdf,
Gujarat,2020,Dahod,Singvad,Singvad,2,2,1,છાપરવડ,block_member,taluk panchayat member,ST Other than Woman,ST,અનુસૂચિત આદિજાતિ,0,અનુસૂચિત આદિજાતિ *,1.0,નિ,16,all_seats,gujarati,ocr,75.19,data/gujarat/2020_reservation/block_member_singavad_tps_2020.pdf,6,block_member_singavad_tps_2020.pdf,https://sec.gujarat.gov.in/images/Singavad-TPS-2020.pdf,
Gujarat,2020,Dahod,Singvad,Singvad,3,3,1,દાસા,block_member,taluk panchayat member,ST Woman,ST,અનુસૂચિત આદિજાતિ સ્ત્રી,1,અનુસૂચિત આદિજાતિ સ્ત્ર,0.9756,14,13,all_seats,gujarati,ocr,83.46,data/gujarat/2020_reservation/block_member_singavad_tps_2020.pdf,6,block_member_singavad_tps_2020.pdf,https://sec.gujarat.gov.in/images/Singavad-TPS-2020.pdf,
Gujarat,2020,Dahod,Singvad,Singvad,4,4,1,મછેલાઈ,block_member,taluk panchayat member,ST Other than Woman,ST,અનુસૂચિત આદિજાતિ,0,અનુસૂચિત_ આદિજાતિ,1.0,3,17,all_seats,gujarati,ocr,84.12,data/gujarat/2020_reservation/block_member_singavad_tps_2020.pdf,6,block_member_singavad_tps_2020.pdf,https://sec.gujarat.gov.in/images/Singavad-TPS-2020.pdf,
Gujarat,2020,Dahod,Singvad,Singvad,5,4,1,મલેકપુર,block_member,taluk panchayat member,ST Woman,ST,અનુસૂચિત આદિજાતિ સ્ત્રી,1,અનુસૂચિત આદિજાતિ સ્ત્રી.,1.0,16 .,10 1,all_seats,gujarati,ocr,59.64,data/gujarat/2020_reservation/block_member_singavad_tps_2020.pdf,6,block_member_singavad_tps_2020.pdf,https://sec.gujarat.gov.in/images/Singavad-TPS-2020.pdf,
Gujarat,2020,Dahod,Singvad,Singvad,6,€,1,મંડેર ર,block_member,taluk panchayat member,BC Woman,BC,સા.શૈ.પછાતવર્ગ સ્ત્રી,1,'સા.શૈ.પછાતવર્ગસ્ત્રી ર5,0.973,-,| પ ..,all_seats,gujarati,ocr,58.05,data/gujarat/2020_reservation/block_member_singavad_tps_2020.pdf,6,block_member_singavad_tps_2020.pdf,https://sec.gujarat.gov.in/images/Singavad-TPS-2020.pdf,
Gujarat,2020,Dahod,Singvad,Singvad,7,1 7,1,ગમેથાણ-૧,block_member,taluk panchayat member,BC Other than Woman,BC,સા.શૈ.પછાતવર્ગ,0,સા.શે.પછાતવર્ગ,0.9167,| 7,8,all_seats,gujarati,ocr,64.47,data/gujarat/2020_reservation/block_member_singavad_tps_2020.pdf,6,block_member_singavad_tps_2020.pdf,https://sec.gujarat.gov.in/images/Singavad-TPS-2020.pdf,
Gujarat,2020,Dahod,Singvad,Singvad,8,8 (|,1,મેથાણ-૨,block_member,taluk panchayat member,Woman,NONE,સામાન્ય સ્ત્રી,1,સામાન્ય સ્ત્રી . ચ.,0.963,!_ 15 |,. 4ર,all_seats,gujarati,ocr,55.12,data/gujarat/2020_reservation/block_member_singavad_tps_2020.pdf,6,block_member_singavad_tps_2020.pdf,https://sec.gujarat.gov.in/images/Singavad-TPS-2020.pdf,
Gujarat,2020,Dahod,Singvad,Singvad,9,[| “9,1,નાની સંજેલી,block_member,taluk panchayat member,ST Other than Woman,ST,અનુસૂચિત આદિજાતિ,0,અનુસૂચિત આદિજાતિ,1.0,17. |,” ર |,all_seats,gujarati,ocr,64.09,data/gujarat/2020_reservation/block_member_singavad_tps_2020.pdf,6,block_member_singavad_tps_2020.pdf,https://sec.gujarat.gov.in/images/Singavad-TPS-2020.pdf,
Gujarat,2020,Dahod,Singvad,Singvad,10,| 10,1,શહાડુ,block_member,taluk panchayat member,ST Woman,ST,અનુસૂચિત આદિજાતિ સ્ત્રી,1,અનુસૂચિત આદિજાતિ સ્ત્રી,1.0,[| પ,14,all_seats,gujarati,ocr,79.07,data/gujarat/2020_reservation/block_member_singavad_tps_2020.pdf,6,block_member_singavad_tps_2020.pdf,https://sec.gujarat.gov.in/images/Singavad-TPS-2020.pdf,
Gujarat,2020,Dahod,Singvad,Singvad,11,11,1,પતંગડી,block_member,taluk panchayat member,ST Other than Woman,ST,અનુસૂચિત આદિજાતિ,0,અનુસૂચિત આદિજારતે,0.9032,ટ,18,all_seats,gujarati,ocr,71.46,data/gujarat/2020_reservation/block_member_singavad_tps_2020.pdf,6,block_member_singavad_tps_2020.pdf,https://sec.gujarat.gov.in/images/Singavad-TPS-2020.pdf,
Gujarat,2020,Dahod,Singvad,Singvad,12,12,1,પીપળીયા (ર,block_member,taluk panchayat member,Woman,NONE,સામાન્ય સ્ત્રી,1,સામાન્ય સ્ત્રી,1.0,4,9,all_seats,gujarati,ocr,87.14,data/gujarat/2020_reservation/block_member_singavad_tps_2020.pdf,6,block_member_singavad_tps_2020.pdf,https://sec.gujarat.gov.in/images/Singavad-TPS-2020.pdf,
Gujarat,2020,Dahod,Singvad,Singvad,13,13,1,શરજુમી,block_member,taluk panchayat member,SC Other than Woman,SC,અનુસૂચિત જાતિ,0,અનુસૂચિત જાતિ * ર,0.96,1,7,all_seats,gujarati,ocr,76.67,data/gujarat/2020_reservation/block_member_singavad_tps_2020.pdf,6,block_member_singavad_tps_2020.pdf,https://sec.gujarat.gov.in/images/Singavad-TPS-2020.pdf,
Gujarat,2020,Dahod,Singvad,Singvad,14,14,1,સીંગાપુર,block_member,taluk panchayat member,Other than Woman,NONE,બિન અનામત સામાન્ય,0,બિનઅનામત સામાન્ય,1.0,12,છ,all_seats,gujarati,ocr,43.59,data/gujarat/2020_reservation/block_member_singavad_tps_2020.pdf,6,block_member_singavad_tps_2020.pdf,https://sec.gujarat.gov.in/images/Singavad-TPS-2020.pdf,
Gujarat,2020,Dahod,Singvad,Singvad,15,15 |,1,સીંગવડ,block_member,taluk panchayat member,ST Woman,ST,અનુસૂચિત આદિજાતિ સ્ત્રી,1,અનુસૂચિત આદિજાતિ સ્ત્રી,1.0,2,. | 11,all_seats,gujarati,ocr,78.42,data/gujarat/2020_reservation/block_member_singavad_tps_2020.pdf,6,block_member_singavad_tps_2020.pdf,https://sec.gujarat.gov.in/images/Singavad-TPS-2020.pdf,
Gujarat,2020,Dahod,Singvad,Singvad,16,16,1,સુડોયા,block_member,taluk panchayat member,ST Other than Woman,ST,અનુસૂચિત આદિજાતિ,0,અનુસૂચિત આદિજાતિ,1.0,10.,1,all_seats,gujarati,ocr,79.21,data/gujarat/2020_reservation/block_member_singavad_tps_2020.pdf,6,block_member_singavad_tps_2020.pdf,https://sec.gujarat.gov.in/images/Singavad-TPS-2020.pdf,
Gujarat,2020,Dahod,Singvad,Singvad,17,17,1,તારમી,block_member,taluk panchayat member,ST Other than Woman,ST,અનુસૂચિત આદિજાતિ,0,અનુસૂચિત આદિજાતિ,1.0,11,4,all_seats,gujarati,ocr,79.99,data/gujarat/2020_reservation/block_member_singavad_tps_2020.pdf,6,block_member_singavad_tps_2020.pdf,https://sec.gujarat.gov.in/images/Singavad-TPS-2020.pdf,
Gujarat,2020,Dahod,Singvad,Singvad,18,V,1,વાલાગોટા,block_member,taluk panchayat member,ST Woman,ST,અનુસૂચિત આદિજાતિ સ્ત્રી,1,અનુસૂચિત આદિજાત્તે સ્ત્રી,0.9091,8,15,all_seats,gujarati,ocr,75.02,data/gujarat/2020_reservation/block_member_singavad_tps_2020.pdf,6,block_member_singavad_tps_2020.pdf,https://sec.gujarat.gov.in/images/Singavad-TPS-2020.pdf,
Gujarat,2020,Gir Somnath,Una,Una,1,1,1,આમોદ્દા,block_member,taluk panchayat member,Woman,NONE,સામાન્ય સ્ત્રી,1,સામાન્ય સ્ત્રી,1.0,12,-,all_seats,gujarati,ocr,70.72,data/gujarat/2020_reservation/block_member_una_tps_2020.pdf,7,block_member_una_tps_2020.pdf,https://sec.gujarat.gov.in/images/Una-TPS-2020.pdf,
Gujarat,2020,Gir Somnath,Una,Una,2,2,1,ભાચા,block_member,taluk panchayat member,Woman,NONE,સામાન્ય સ્ત્રી,1,સામાન્યસ્ત્રી,1.0,au,@,all_seats,gujarati,ocr,70.41,data/gujarat/2020_reservation/block_member_una_tps_2020.pdf,7,block_member_una_tps_2020.pdf,https://sec.gujarat.gov.in/images/Una-TPS-2020.pdf,
Gujarat,2020,Gir Somnath,Una,Una,3,3,1,ચાંચક્વડ,block_member,taluk panchayat member,BC Woman,BC,સા.શૈ.પછાતવર્ગ સ્ત્રી,1,__ સા.શૈ.પછાતવર્ગ સ્ત્રી,1.0,3,14,all_seats,gujarati,ocr,85.64,data/gujarat/2020_reservation/block_member_una_tps_2020.pdf,7,block_member_una_tps_2020.pdf,https://sec.gujarat.gov.in/images/Una-TPS-2020.pdf,
Gujarat,2020,Gir Somnath,Una,Una,4,4,1,ચીખલી,block_member,taluk panchayat member,BC Other than Woman,BC,સા.શૈ.પછાતવર્ગ,0,સા.શૈ.પછાતવર્ગ,1.0,રર [|,15 .,all_seats,gujarati,ocr,77.79,data/gujarat/2020_reservation/block_member_una_tps_2020.pdf,7,block_member_una_tps_2020.pdf,https://sec.gujarat.gov.in/images/Una-TPS-2020.pdf,
Gujarat,2020,Gir Somnath,Una,Una,5,પ |,1,દેલવાડા -૧,block_member,taluk panchayat member,BC Other than Woman,BC,સા.શૈ.પછાતવર્ગ,0,સા.શૈ.પછાતવર્ગ,1.0,13,| 6.,all_seats,gujarati,ocr,76.02,data/gujarat/2020_reservation/block_member_una_tps_2020.pdf,7,block_member_una_tps_2020.pdf,https://sec.gujarat.gov.in/images/Una-TPS-2020.pdf,
Gujarat,2020,Gir Somnath,Una,Una,6,eo,1,દેલવાડા -૨,block_member,taluk panchayat member,ST Woman,ST,અનુસૂચિત આદિજાતિ સ્ત્રી,1,_ અનુસૂચિત આદિજાતિ સ્ત્રી.,1.0,[| 18,2,all_seats,gujarati,ocr,77.2,data/gujarat/2020_reservation/block_member_una_tps_2020.pdf,7,block_member_una_tps_2020.pdf,https://sec.gujarat.gov.in/images/Una-TPS-2020.pdf,
Gujarat,2020,Gir Somnath,Una,Una,7,7,1,માંગફા,block_member,taluk panchayat member,Other than Woman,NONE,બિન અનામત સામાન્ય,0,| બિનઅનામત સામાન્ય .,1.0,8,“-...,all_seats,gujarati,ocr,59.99,data/gujarat/2020_reservation/block_member_una_tps_2020.pdf,7,block_member_una_tps_2020.pdf,https://sec.gujarat.gov.in/images/Una-TPS-2020.pdf,
Gujarat,2020,Gir Somnath,Una,Una,8,8,1,ગરાળ,block_member,taluk panchayat member,Woman,NONE,સામાન્ય સ્ત્રી,1,સામાન્ય સ્ત્રી -,1.0,ર---.,ar |.,all_seats,gujarati,ocr,48.79,data/gujarat/2020_reservation/block_member_una_tps_2020.pdf,7,block_member_una_tps_2020.pdf,https://sec.gujarat.gov.in/images/Una-TPS-2020.pdf,
Gujarat,2020,Gir Somnath,Una,Una,9,9,1,કાજરડો,block_member,taluk panchayat member,Other than Woman,NONE,બિન અનામત સામાન્ય,0,બિનઅનામત _ સામાન્ય,1.0,19 |,-,all_seats,gujarati,ocr,82.61,data/gujarat/2020_reservation/block_member_una_tps_2020.pdf,7,block_member_una_tps_2020.pdf,https://sec.gujarat.gov.in/images/Una-TPS-2020.pdf,
Gujarat,2020,Gir Somnath,Una,Una,10,10,1,ખજુદ્દા,block_member,taluk panchayat member,Other than Woman,NONE,બિન અનામત સામાન્ય,0,. * બિનઅનામત સામાન્ય . ',1.0,ન“.,7:,all_seats,gujarati,ocr,63.33,data/gujarat/2020_reservation/block_member_una_tps_2020.pdf,7,block_member_una_tps_2020.pdf,https://sec.gujarat.gov.in/images/Una-TPS-2020.pdf,
Gujarat,2020,Gir Somnath,Una,Una,11,11,1,ખાપટઃ,block_member,taluk panchayat member,Other than Woman,NONE,બિન અનામત સામાન્ય,0,_ બિનઅનામતસામાન્ય,1.0,14 |.,-,all_seats,gujarati,ocr,62.44,data/gujarat/2020_reservation/block_member_una_tps_2020.pdf,7,block_member_una_tps_2020.pdf,https://sec.gujarat.gov.in/images/Una-TPS-2020.pdf,
Gujarat,2020,Gir Somnath,Una,Una,12,12.,1,ક્રોબ,block_member,taluk panchayat member,Other than Woman,NONE,બિન અનામત સામાન્ય,0,બિનઅનામતસામાન્ય,1.0,-.| “6,17,all_seats,gujarati,ocr,61.67,data/gujarat/2020_reservation/block_member_una_tps_2020.pdf,7,block_member_una_tps_2020.pdf,https://sec.gujarat.gov.in/images/Una-TPS-2020.pdf,
Gujarat,2020,Gir Somnath,Una,Una,13,[ 13,1,મોટાડેસર,block_member,taluk panchayat member,Other than Woman,NONE,બિન અનામત સામાન્ય,0,બિનઅનામતસામાન્ય,1.0,ve,a,all_seats,gujarati,ocr,47.0,data/gujarat/2020_reservation/block_member_una_tps_2020.pdf,7,block_member_una_tps_2020.pdf,https://sec.gujarat.gov.in/images/Una-TPS-2020.pdf,
Gujarat,2020,Gir Somnath,Una,Una,14,14.,1,નાથળ,block_member,taluk panchayat member,Other than Woman,NONE,બિન અનામત સામાન્ય,0,બિનઅનામત . ' સામાન્ય,1.0,24.,-,all_seats,gujarati,ocr,71.47,data/gujarat/2020_reservation/block_member_una_tps_2020.pdf,7,block_member_una_tps_2020.pdf,https://sec.gujarat.gov.in/images/Una-TPS-2020.pdf,
Gujarat,2020,Gir Somnath,Una,Una,15,“15,1,નવાબંદર --૧,block_member,taluk panchayat member,Woman,NONE,સામાન્ય સ્ત્રી,1,“*“ સામાન્યસ્ત્રી .,1.0,- 1,-,all_seats,gujarati,ocr,59.57,data/gujarat/2020_reservation/block_member_una_tps_2020.pdf,7,block_member_una_tps_2020.pdf,https://sec.gujarat.gov.in/images/Una-TPS-2020.pdf,
Gujarat,2020,Gir Somnath,Una,Una,16,.16 ',1,નવાબંદર -૨,block_member,taluk panchayat member,Woman,NONE,સામાન્ય સ્ત્રી,1,સામાન્યસ્ત્રી,1.0,21,પ,all_seats,gujarati,ocr,67.34,data/gujarat/2020_reservation/block_member_una_tps_2020.pdf,7,block_member_una_tps_2020.pdf,https://sec.gujarat.gov.in/images/Una-TPS-2020.pdf,
Gujarat,2020,Gir Somnath,Una,Una,17,49°,1,પાલડૉ,block_member,taluk panchayat member,Woman,NONE,સામાન્ય સ્ત્રી,1,સામાન્યસ્ત્રી *,1.0,10,Co,all_seats,gujarati,ocr,60.13,data/gujarat/2020_reservation/block_member_una_tps_2020.pdf,7,block_member_una_tps_2020.pdf,https://sec.gujarat.gov.in/images/Una-TPS-2020.pdf,
Gujarat,2020,Gir Somnath,Una,Una,18,| 18,1,સૈયદ રાજપરા,block_member,taluk panchayat member,Woman,NONE,સામાન્ય સ્ત્રી,1,સામાન્યસ્ત્રી,1.0,"23""",4,all_seats,gujarati,ocr,79.84,data/gujarat/2020_reservation/block_member_una_tps_2020.pdf,7,block_member_una_tps_2020.pdf,https://sec.gujarat.gov.in/images/Una-TPS-2020.pdf,
Gujarat,2020,Gir Somnath,Una,Una,19,19 |,1,સનખડા,block_member,taluk panchayat member,Woman,NONE,સામાન્ય સ્ત્રી,1,સામાન્યસ્ત્રી,1.0,9,4,all_seats,gujarati,ocr,57.69,data/gujarat/2020_reservation/block_member_una_tps_2020.pdf,7,block_member_una_tps_2020.pdf,https://sec.gujarat.gov.in/images/Una-TPS-2020.pdf,
Gujarat,2020,Gir Somnath,Una,Una,20,20,1,સીમર,block_member,taluk panchayat member,Woman,NONE,સામાન્ય સ્ત્રી,1,સામાન્યસ્ત્રી,1.0,પ,3,all_seats,gujarati,ocr,67.86,data/gujarat/2020_reservation/block_member_una_tps_2020.pdf,7,block_member_una_tps_2020.pdf,https://sec.gujarat.gov.in/images/Una-TPS-2020.pdf,
Gujarat,2020,Gir Somnath,Una,Una,21,«21,1,ત્તડ,block_member,taluk panchayat member,Woman,NONE,સામાન્ય સ્ત્રી,1,સામાન્યસ્ત્રી . .,1.0,4a.,-,all_seats,gujarati,ocr,68.77,data/gujarat/2020_reservation/block_member_una_tps_2020.pdf,7,block_member_una_tps_2020.pdf,https://sec.gujarat.gov.in/images/Una-TPS-2020.pdf,
Gujarat,2020,Gir Somnath,Una,Una,22,ર2,1,ઉમેજ,block_member,taluk panchayat member,Other than Woman,NONE,બિન અનામત સામાન્ય,0,બિનઅનામત સામાન્ય,1.0,7,at,all_seats,gujarati,ocr,58.16,data/gujarat/2020_reservation/block_member_una_tps_2020.pdf,7,block_member_una_tps_2020.pdf,https://sec.gujarat.gov.in/images/Una-TPS-2020.pdf,
Gujarat,2020,Gir Somnath,Una,Una,23,23,1,ઉટવાળા,block_member,taluk panchayat member,SC Other than Woman,SC,અનુસૂચિત જાતિ,0,અનુસૂચિતજાતિ,1.0,4,8,all_seats,gujarati,ocr,87.36,data/gujarat/2020_reservation/block_member_una_tps_2020.pdf,7,block_member_una_tps_2020.pdf,https://sec.gujarat.gov.in/images/Una-TPS-2020.pdf,
Gujarat,2020,Gir Somnath,Una,Una,24,ર4,1,વાંસોજ,block_member,taluk panchayat member,Other than Woman,NONE,બિન અનામત સામાન્ય,0,_બિનઅનામતસામાન્ય,1.0,17,-,all_seats,gujarati,ocr,73.25,data/gujarat/2020_reservation/block_member_una_tps_2020.pdf,7,block_member_una_tps_2020.pdf,https://sec.gujarat.gov.in/images/Una-TPS-2020.pdf,
Gujarat,2020,Gir Somnath,Una,Una,25,રપ,1,વરેસીંગપુર,block_member,taluk panchayat member,Other than Woman,NONE,બિન અનામત સામાન્ય,0,બિનઅનામત સામાન્ય,1.0,20,13,all_seats,gujarati,ocr,77.3,data/gujarat/2020_reservation/block_member_una_tps_2020.pdf,7,block_member_una_tps_2020.pdf,https://sec.gujarat.gov.in/images/Una-TPS-2020.pdf,
Gujarat,2020,Gir Somnath,Una,Una,26,re,1,વાવરડા,block_member,taluk panchayat member,SC Woman,SC,અનુસૂચિત જાતિ સ્ત્રી,1,અનુસૂચિતજાતિ સ્ત્રી *,1.0,4,-,all_seats,gujarati,ocr,77.01,data/gujarat/2020_reservation/block_member_una_tps_2020.pdf,7,block_member_una_tps_2020.pdf,https://sec.gujarat.gov.in/images/Una-TPS-2020.pdf,
Gujarat,2020,Vadodara,Vadodara,Vadodara,1,q,1,અનગઢ-૧,block_member,taluk panchayat member,Woman,NONE,સામાન્ય સ્ત્રી,1,સામાન્ય સ્ત્રી,1.0,શ્ડ,18,all_seats,gujarati,ocr,74.45,data/gujarat/2020_reservation/block_member_vadodara_tps_2020.pdf,7,block_member_vadodara_tps_2020.pdf,https://sec.gujarat.gov.in/images/Vadodara-TPS-2020.pdf,
Gujarat,2020,Vadodara,Vadodara,Vadodara,2,ર,1,અનગઢ-ર૨,block_member,taluk panchayat member,Woman,NONE,સામાન્ય સ્ત્રી,1,સામાન્ય સ્ત્રી,1.0,17,27,all_seats,gujarati,ocr,82.81,data/gujarat/2020_reservation/block_member_vadodara_tps_2020.pdf,7,block_member_vadodara_tps_2020.pdf,https://sec.gujarat.gov.in/images/Vadodara-TPS-2020.pdf,
Gujarat,2020,Vadodara,Vadodara,Vadodara,3,3,1,બાજવા,block_member,taluk panchayat member,BC Woman,BC,સા.શૈ.પછાતવર્ગ સ્ત્રી,1,સા.શૈ.પછાતવર્ગસ્ત્રી *,1.0,4,14,all_seats,gujarati,ocr,92.83,data/gujarat/2020_reservation/block_member_vadodara_tps_2020.pdf,7,block_member_vadodara_tps_2020.pdf,https://sec.gujarat.gov.in/images/Vadodara-TPS-2020.pdf,
Gujarat,2020,Vadodara,Vadodara,Vadodara,4,7,1,ચાપડ,block_member,taluk panchayat member,BC Other than Woman,BC,સા.શૈ.પછાતવર્ગ,0,સા.શૈ.પછાતવર્ગ,1.0,15,9,all_seats,gujarati,ocr,80.57,data/gujarat/2020_reservation/block_member_vadodara_tps_2020.pdf,7,block_member_vadodara_tps_2020.pdf,https://sec.gujarat.gov.in/images/Vadodara-TPS-2020.pdf,
Gujarat,2020,Vadodara,Vadodara,Vadodara,5,છુ,1,દશરથ--૧,block_member,taluk panchayat member,BC Other than Woman,BC,સા.શૈ.પછાતવર્ગ,0,સાશૈપછાતવર્ગ,1.0,8,15,all_seats,gujarati,ocr,73.15,data/gujarat/2020_reservation/block_member_vadodara_tps_2020.pdf,7,block_member_vadodara_tps_2020.pdf,https://sec.gujarat.gov.in/images/Vadodara-TPS-2020.pdf,
Gujarat,2020,Vadodara,Vadodara,Vadodara,6,g,1,દશરથ-ર૨,block_member,taluk panchayat member,Other than Woman,NONE,બિન અનામત સામાન્ય,0,બિનઅનામત સામાન્‍ય,1.0,હ,ae,all_seats,gujarati,ocr,69.56,data/gujarat/2020_reservation/block_member_vadodara_tps_2020.pdf,7,block_member_vadodara_tps_2020.pdf,https://sec.gujarat.gov.in/images/Vadodara-TPS-2020.pdf,
Gujarat,2020,Vadodara,Vadodara,Vadodara,7,છ,1,દેણ,block_member,taluk panchayat member,Woman,NONE,સામાન્ય સ્ત્રી,1,સામાન્ય સ્ત્રી ર,0.963,14,2,all_seats,gujarati,ocr,74.44,data/gujarat/2020_reservation/block_member_vadodara_tps_2020.pdf,7,block_member_vadodara_tps_2020.pdf,https://sec.gujarat.gov.in/images/Vadodara-TPS-2020.pdf,
Gujarat,2020,Vadodara,Vadodara,Vadodara,8,cf,1,ધનિયાવી,block_member,taluk panchayat member,Woman,NONE,સામાન્ય સ્ત્રી,1,ી સામાન્ય સ્ત્રી,0.963,,3,all_seats,gujarati,ocr,63.01,data/gujarat/2020_reservation/block_member_vadodara_tps_2020.pdf,7,block_member_vadodara_tps_2020.pdf,https://sec.gujarat.gov.in/images/Vadodara-TPS-2020.pdf,
Gujarat,2020,Vadodara,Vadodara,Vadodara,9,હ,1,દુમાડ,block_member,taluk panchayat member,SC Other than Woman,SC,અનુસૂચિત જાતિ,0,અનુસૂચિતજાતિ .,1.0,,12,all_seats,gujarati,ocr,63.75,data/gujarat/2020_reservation/block_member_vadodara_tps_2020.pdf,7,block_member_vadodara_tps_2020.pdf,https://sec.gujarat.gov.in/images/Vadodara-TPS-2020.pdf,
Gujarat,2020,Vadodara,Vadodara,Vadodara,10,| 40.,1,સં) .ફાજલપુર,block_member,taluk panchayat member,Other than Woman,NONE,બિન અનામત સામાન્ય,0,બિનઅનામત સામાન્ય,1.0,20,ર6,all_seats,gujarati,ocr,75.56,data/gujarat/2020_reservation/block_member_vadodara_tps_2020.pdf,7,block_member_vadodara_tps_2020.pdf,https://sec.gujarat.gov.in/images/Vadodara-TPS-2020.pdf,
Gujarat,2020,Vadodara,Vadodara,Vadodara,11,[ 2?,1,ઇટોલા,block_member,taluk panchayat member,SC Woman,SC,અનુસૂચિત જાતિ સ્ત્રી,1,* .અનુસૂયિત જાતિસ્ત્રી .,0.9444,3,,all_seats,gujarati,ocr,62.36,data/gujarat/2020_reservation/block_member_vadodara_tps_2020.pdf,7,block_member_vadodara_tps_2020.pdf,https://sec.gujarat.gov.in/images/Vadodara-TPS-2020.pdf,
Gujarat,2020,Vadodara,Vadodara,Vadodara,12,q2,1,કેલનપુર,block_member,taluk panchayat member,Woman,NONE,સામાન્ય સ્ત્રી,1,સામાન્યસ્ત્રી,1.0,a8,4.,all_seats,gujarati,ocr,77.85,data/gujarat/2020_reservation/block_member_vadodara_tps_2020.pdf,7,block_member_vadodara_tps_2020.pdf,https://sec.gujarat.gov.in/images/Vadodara-TPS-2020.pdf,
Gujarat,2020,Vadodara,Vadodara,Vadodara,13,tw,1,કોયલી-૧,block_member,taluk panchayat member,Other than Woman,NONE,બિન અનામત સામાન્ય,0,બિનઅનામત સામાન્ય,1.0,18,19,all_seats,gujarati,ocr,75.04,data/gujarat/2020_reservation/block_member_vadodara_tps_2020.pdf,7,block_member_vadodara_tps_2020.pdf,https://sec.gujarat.gov.in/images/Vadodara-TPS-2020.pdf,
Gujarat,2020,Vadodara,Vadodara,Vadodara,14,24,1,કૌયલી-ર,block_member,taluk panchayat member,Other than Woman,NONE,બિન અનામત સામાન્ય,0,બિનઅનામત સામાન્ય,1.0,છ,40,all_seats,gujarati,ocr,82.04,data/gujarat/2020_reservation/block_member_vadodara_tps_2020.pdf,7,block_member_vadodara_tps_2020.pdf,https://sec.gujarat.gov.in/images/Vadodara-TPS-2020.pdf,
Gujarat,2020,Vadodara,Vadodara,Vadodara,15,wy,1,તનૅંદેસરી,block_member,taluk panchayat member,Other than Woman,NONE,બિન અનામત સામાન્ય,0,બેનઅનામત સામાન્ય,0.9333,સ્પ,22,all_seats,gujarati,ocr,67.65,data/gujarat/2020_reservation/block_member_vadodara_tps_2020.pdf,7,block_member_vadodara_tps_2020.pdf,https://sec.gujarat.gov.in/images/Vadodara-TPS-2020.pdf,
Gujarat,2020,Vadodara,Vadodara,Vadodara,16,q€,1,પોર,block_member,taluk panchayat member,ST Woman,ST,અનુસૂચિત આદિજાતિ સ્ત્રી,1,અનુસૂચિત આદિજાતિ સ્ત્રી,1.0,11,7,all_seats,gujarati,ocr,86.64,data/gujarat/2020_reservation/block_member_vadodara_tps_2020.pdf,7,block_member_vadodara_tps_2020.pdf,https://sec.gujarat.gov.in/images/Vadodara-TPS-2020.pdf,
Gujarat,2020,Vadodara,Vadodara,Vadodara,17,27,1,રણોલી--૧,block_member,taluk panchayat member,Woman,NONE,સામાન્ય સ્ત્રી,1,સામાન્ય સ્ત્રી,1.0,2,13,all_seats,gujarati,ocr,90.3,data/gujarat/2020_reservation/block_member_vadodara_tps_2020.pdf,7,block_member_vadodara_tps_2020.pdf,https://sec.gujarat.gov.in/images/Vadodara-TPS-2020.pdf,
Gujarat,2020,Vadodara,Vadodara,Vadodara,18,28,1,રણોલી-૨,block_member,taluk panchayat member,Other than Woman,NONE,બિન અનામત સામાન્ય,0,બિનઅનામત સામાન્ય,1.0,23,Ya,all_seats,gujarati,ocr,74.71,data/gujarat/2020_reservation/block_member_vadodara_tps_2020.pdf,7,block_member_vadodara_tps_2020.pdf,https://sec.gujarat.gov.in/images/Vadodara-TPS-2020.pdf,
Gujarat,2020,Vadodara,Vadodara,Vadodara,19,69,1,રાયપુરા,block_member,taluk panchayat member,Other than Woman,NONE,બિન અનામત સામાન્ય,0,બિનઅનામત સામાન્ય |,1.0,સ્ટ,સ્પ,all_seats,gujarati,ocr,79.66,data/gujarat/2020_reservation/block_member_vadodara_tps_2020.pdf,7,block_member_vadodara_tps_2020.pdf,https://sec.gujarat.gov.in/images/Vadodara-TPS-2020.pdf,
Gujarat,2020,Vadodara,Vadodara,Vadodara,20,ર0,1,ર રૂવાંદ,block_member,taluk panchayat member,ST Other than Woman,ST,અનુસૂચિત આદિજાતિ,0,અનુસૂયિત આદિજાતિ,0.9333,7,8,all_seats,gujarati,ocr,77.42,data/gujarat/2020_reservation/block_member_vadodara_tps_2020.pdf,7,block_member_vadodara_tps_2020.pdf,https://sec.gujarat.gov.in/images/Vadodara-TPS-2020.pdf,
Gujarat,2020,Vadodara,Vadodara,Vadodara,21,ર2,1,સમીયાલા,block_member,taluk panchayat member,Woman,NONE,સામાન્ય સ્ત્રી,1,સામાન્ય સ્ત્રી,1.0,10,17,all_seats,gujarati,ocr,89.97,data/gujarat/2020_reservation/block_member_vadodara_tps_2020.pdf,7,block_member_vadodara_tps_2020.pdf,https://sec.gujarat.gov.in/images/Vadodara-TPS-2020.pdf,
Gujarat,2020,Vadodara,Vadodara,Vadodara,22,રર,1,સાંકરદા,block_member,taluk panchayat member,Woman,NONE,સામાન્ય સ્ત્રી,1,સામાન્ય સ્ત્ર,0.96,22,ચ્4,all_seats,gujarati,ocr,57.86,data/gujarat/2020_reservation/block_member_vadodara_tps_2020.pdf,7,block_member_vadodara_tps_2020.pdf,https://sec.gujarat.gov.in/images/Vadodara-TPS-2020.pdf,
Gujarat,2020,Vadodara,Vadodara,Vadodara,23,ર7,1,સયાજીપુરા,block_member,taluk panchayat member,Woman,NONE,સામાન્ય સ્ત્રી,1,સામાન્ય સ્ત્રી,1.0,2a,1,all_seats,gujarati,ocr,85.43,data/gujarat/2020_reservation/block_member_vadodara_tps_2020.pdf,7,block_member_vadodara_tps_2020.pdf,https://sec.gujarat.gov.in/images/Vadodara-TPS-2020.pdf,
Gujarat,2020,Vadodara,Vadodara,Vadodara,24,ર4,1,શેરખી,block_member,taluk panchayat member,Woman,NONE,સામાન્ય સ્ત્રી,1,સામાન્ય સ્ત્રી,1.0,ww,21,all_seats,gujarati,ocr,68.46,data/gujarat/2020_reservation/block_member_vadodara_tps_2020.pdf,7,block_member_vadodara_tps_2020.pdf,https://sec.gujarat.gov.in/images/Vadodara-TPS-2020.pdf,
Gujarat,2020,Vadodara,Vadodara,Vadodara,25,રષ,1,સિંધરોટ,block_member,taluk panchayat member,Other than Woman,NONE,બિન અનામત સામાન્ય,0,બિનઅનામત સામાન્ય |,1.0,29,20,all_seats,gujarati,ocr,81.41,data/gujarat/2020_reservation/block_member_vadodara_tps_2020.pdf,7,block_member_vadodara_tps_2020.pdf,https://sec.gujarat.gov.in/images/Vadodara-TPS-2020.pdf,
Gujarat,2020,Vadodara,Vadodara,Vadodara,26,રટ,1,સોખડા-૧,block_member,taluk panchayat member,Other than Woman,NONE,બિન અનામત સામાન્ય,0,બિનઅનામત સામાન્ય,1.0,13,વ્ય,all_seats,gujarati,ocr,77.23,data/gujarat/2020_reservation/block_member_vadodara_tps_2020.pdf,7,block_member_vadodara_tps_2020.pdf,https://sec.gujarat.gov.in/images/Vadodara-TPS-2020.pdf,
Gujarat,2020,Vadodara,Vadodara,Vadodara,27,ર7,1,સોખડા-૨,block_member,taluk panchayat member,Other than Woman,NONE,બિન અનામત સામાન્ય,0,બિનઅનામત સામાન્ય ।,1.0,19,23,all_seats,gujarati,ocr,76.71,data/gujarat/2020_reservation/block_member_vadodara_tps_2020.pdf,7,block_member_vadodara_tps_2020.pdf,https://sec.gujarat.gov.in/images/Vadodara-TPS-2020.pdf,
Gujarat,2020,Vadodara,Vadodara,Vadodara,28,ર8,1,વરણામા,block_member,taluk panchayat member,ST Woman,ST,અનુસૂચિત આદિજાતિ સ્ત્રી,1,અનુઝ્ઞૂચિત આદિજાતિ સ્ત્રી,0.9091,12,4,all_seats,gujarati,ocr,80.65,data/gujarat/2020_reservation/block_member_vadodara_tps_2020.pdf,7,block_member_vadodara_tps_2020.pdf,https://sec.gujarat.gov.in/images/Vadodara-TPS-2020.pdf,
Gujarat,2020,Bharuch,Vagra,Vagra,1,તૃ,1,ચાંચવેલ,block_member,taluk panchayat member,Woman,NONE,સામાન્ય સ્ત્રી,1,સામાન્ય સ્ત્રી,1.0,| 14,11,all_seats,gujarati,ocr,69.23,data/gujarat/2020_reservation/block_member_vagara_tps_2020.pdf,6,block_member_vagara_tps_2020.pdf,https://sec.gujarat.gov.in/images/Vagara-TPS-2020.pdf,
Gujarat,2020,Bharuch,Vagra,Vagra,2,| 2,1,દહેજ-- વૃ ન,block_member,taluk panchayat member,ST Woman,ST,અનુસૂચિત આદિજાતિ સ્ત્રી,1,અનુસૂચિત આદિજાતિ સ્ત્રી _,1.0,| au,2,all_seats,gujarati,ocr,71.95,data/gujarat/2020_reservation/block_member_vagara_tps_2020.pdf,6,block_member_vagara_tps_2020.pdf,https://sec.gujarat.gov.in/images/Vagara-TPS-2020.pdf,
Gujarat,2020,Bharuch,Vagra,Vagra,3,ફઝ,1,દહેજ-ર,block_member,taluk panchayat member,SC Other than Woman,SC,અનુસૂચિત જાતિ,0,' ' અનુસૂચિતજાતિ,1.0,વૃ,17,all_seats,gujarati,ocr,36.68,data/gujarat/2020_reservation/block_member_vagara_tps_2020.pdf,6,block_member_vagara_tps_2020.pdf,https://sec.gujarat.gov.in/images/Vagara-TPS-2020.pdf,
Gujarat,2020,Bharuch,Vagra,Vagra,4,a,1,દૃહેજ-૩,block_member,taluk panchayat member,BC Woman,BC,સા.શૈ.પછાતવર્ગ સ્ત્રી,1,સા.શૈ.પછાતવર્ગ સ્ત્રી,1.0,18,Ve,all_seats,gujarati,ocr,68.86,data/gujarat/2020_reservation/block_member_vagara_tps_2020.pdf,6,block_member_vagara_tps_2020.pdf,https://sec.gujarat.gov.in/images/Vagara-TPS-2020.pdf,
Gujarat,2020,Bharuch,Vagra,Vagra,5,ય,1,ગંધાર,block_member,taluk panchayat member,BC Other than Woman,BC,સા.શૈ.પછાતવર્ગ,0,સા.શૈ.પછાતવર્ગ ',1.0,નિ,Ae,all_seats,gujarati,ocr,41.3,data/gujarat/2020_reservation/block_member_vagara_tps_2020.pdf,6,block_member_vagara_tps_2020.pdf,https://sec.gujarat.gov.in/images/Vagara-TPS-2020.pdf,
Gujarat,2020,Bharuch,Vagra,Vagra,6,ગ,1,જાગેશ્વર,block_member,taluk panchayat member,Other than Woman,NONE,બિન અનામત સામાન્ય,0,- બિનઅનામત સામાન્ય,1.0,3,15,all_seats,gujarati,ocr,55.53,data/gujarat/2020_reservation/block_member_vagara_tps_2020.pdf,6,block_member_vagara_tps_2020.pdf,https://sec.gujarat.gov.in/images/Vagara-TPS-2020.pdf,
Gujarat,2020,Bharuch,Vagra,Vagra,7,7,1,કેશવાણ,block_member,taluk panchayat member,Other than Woman,NONE,બિન અનામત સામાન્ય,0,બિનઅનામત સામાન્ય .,1.0,7,10,all_seats,gujarati,ocr,82.82,data/gujarat/2020_reservation/block_member_vagara_tps_2020.pdf,6,block_member_vagara_tps_2020.pdf,https://sec.gujarat.gov.in/images/Vagara-TPS-2020.pdf,
Gujarat,2020,Bharuch,Vagra,Vagra,8,દ,1,ખોજબલ,block_member,taluk panchayat member,Woman,NONE,સામાન્ય સ્ત્રી,1,: સામાન્યસ્ત્રી,1.0,4,પ,all_seats,gujarati,ocr,81.42,data/gujarat/2020_reservation/block_member_vagara_tps_2020.pdf,6,block_member_vagara_tps_2020.pdf,https://sec.gujarat.gov.in/images/Vagara-TPS-2020.pdf,
Gujarat,2020,Bharuch,Vagra,Vagra,9,9,1,લખીંગામ,block_member,taluk panchayat member,Other than Woman,NONE,બિન અનામત સામાન્ય,0,બિનઅનામત સામાન્ય *,1.0,13,12,all_seats,gujarati,ocr,74.9,data/gujarat/2020_reservation/block_member_vagara_tps_2020.pdf,6,block_member_vagara_tps_2020.pdf,https://sec.gujarat.gov.in/images/Vagara-TPS-2020.pdf,
Gujarat,2020,Bharuch,Vagra,Vagra,10,10,1,ઓરા,block_member,taluk panchayat member,ST Woman,ST,અનુસૂચિત આદિજાતિ સ્ત્રી,1,અનુસૂચિત આદિજાતિસ્ત્રી,1.0,10,4,all_seats,gujarati,ocr,86.24,data/gujarat/2020_reservation/block_member_vagara_tps_2020.pdf,6,block_member_vagara_tps_2020.pdf,https://sec.gujarat.gov.in/images/Vagara-TPS-2020.pdf,
Gujarat,2020,Bharuch,Vagra,Vagra,11,11,1,પહાજ,block_member,taluk panchayat member,ST Woman,ST,અનુસૂચિત આદિજાતિ સ્ત્રી,1,અનુસૂચિત આદિજાતિ સ્ત્રી *,1.0,પ,દ,all_seats,gujarati,ocr,72.2,data/gujarat/2020_reservation/block_member_vagara_tps_2020.pdf,6,block_member_vagara_tps_2020.pdf,https://sec.gujarat.gov.in/images/Vagara-TPS-2020.pdf,
Gujarat,2020,Bharuch,Vagra,Vagra,12,42,1,પણીયાદરા,block_member,taluk panchayat member,Woman,NONE,સામાન્ય સ્ત્રી,1,.ઃ સામાન્યસ્ત્રી*,0.963,14,9,all_seats,gujarati,ocr,71.44,data/gujarat/2020_reservation/block_member_vagara_tps_2020.pdf,6,block_member_vagara_tps_2020.pdf,https://sec.gujarat.gov.in/images/Vagara-TPS-2020.pdf,
Gujarat,2020,Bharuch,Vagra,Vagra,13,a3,1,પીપલીયા - ન,block_member,taluk panchayat member,Woman,NONE,સામાન્ય સ્ત્રી,1,સામાન્ય સ્ત્રી,1.0,9,3,all_seats,gujarati,ocr,84.5,data/gujarat/2020_reservation/block_member_vagara_tps_2020.pdf,6,block_member_vagara_tps_2020.pdf,https://sec.gujarat.gov.in/images/Vagara-TPS-2020.pdf,
Gujarat,2020,Bharuch,Vagra,Vagra,14,ay |,1,સુવા,block_member,taluk panchayat member,Woman,NONE,સામાન્ય સ્ત્રી,1,સામાન્યસ્ત્રી,1.0,ટટ,13,all_seats,gujarati,ocr,71.58,data/gujarat/2020_reservation/block_member_vagara_tps_2020.pdf,6,block_member_vagara_tps_2020.pdf,https://sec.gujarat.gov.in/images/Vagara-TPS-2020.pdf,
Gujarat,2020,Bharuch,Vagra,Vagra,15,15,1,વાગરા--૧,block_member,taluk panchayat member,Other than Woman,NONE,બિન અનામત સામાન્ય,0,. [ભિનઅનામત સામાન્ય,0.9333,2,14,all_seats,gujarati,ocr,79.27,data/gujarat/2020_reservation/block_member_vagara_tps_2020.pdf,6,block_member_vagara_tps_2020.pdf,https://sec.gujarat.gov.in/images/Vagara-TPS-2020.pdf,
Gujarat,2020,Bharuch,Vagra,Vagra,16,16,1,વાગરા-ર,block_member,taluk panchayat member,ST Other than Woman,ST,અનુસૂચિત આદિજાતિ,0,અનુસૂચિત આદિજાતિ |,1.0,17,8,all_seats,gujarati,ocr,83.85,data/gujarat/2020_reservation/block_member_vagara_tps_2020.pdf,6,block_member_vagara_tps_2020.pdf,https://sec.gujarat.gov.in/images/Vagara-TPS-2020.pdf,
Gujarat,2020,Bharuch,Vagra,Vagra,17,17,1,વિલાયત,block_member,taluk panchayat member,Other than Woman,NONE,બિન અનામત સામાન્ય,0,બિનઅનામત સામાન્ય,1.0,11,,all_seats,gujarati,ocr,90.1,data/gujarat/2020_reservation/block_member_vagara_tps_2020.pdf,6,block_member_vagara_tps_2020.pdf,https://sec.gujarat.gov.in/images/Vagara-TPS-2020.pdf,
Gujarat,2020,Bharuch,Vagra,Vagra,18,18,1,વોરાસમની,block_member,taluk panchayat member,ST Other than Woman,ST,અનુસૂચિત આદિજાતિ,0,અનુસૂચિત આદિજાતિ |,1.0,a,7,all_seats,gujarati,ocr,81.29,data/gujarat/2020_reservation/block_member_vagara_tps_2020.pdf,6,block_member_vagara_tps_2020.pdf,https://sec.gujarat.gov.in/images/Vagara-TPS-2020.pdf,
Gujarat,2020,Morbi,Wankaner,Wankaner,1,q,1,અરશણીટીંબા,block_member,taluk panchayat member,ST Other than Woman,ST,અનુસૂચિત આદિજાતિ,0,| અનુસૂચિત આદિજાતિ,1.0,146,2,all_seats,gujarati,ocr,75.79,data/gujarat/2020_reservation/block_member_vakaner_tps_2020.pdf,7,block_member_vakaner_tps_2020.pdf,https://sec.gujarat.gov.in/images/Vakaner-TPS-2020.pdf,
Gujarat,2020,Morbi,Wankaner,Wankaner,2,ર,1,ચંદ્રપુર,block_member,taluk panchayat member,Woman,NONE,સામાન્ય સ્ત્રી,1,સામાન્ય સ્ત્રી,1.0,18,3,all_seats,gujarati,ocr,87.64,data/gujarat/2020_reservation/block_member_vakaner_tps_2020.pdf,7,block_member_vakaner_tps_2020.pdf,https://sec.gujarat.gov.in/images/Vakaner-TPS-2020.pdf,
Gujarat,2020,Morbi,Wankaner,Wankaner,3,3,1,ચિત્રાખડા,block_member,taluk panchayat member,BC Woman,BC,સા.શૈ.પછાતવર્ગ સ્ત્રી,1,| સા.શૈ.પછાતવર્ગ સ્ત્રી,1.0,20,17,all_seats,gujarati,ocr,79.98,data/gujarat/2020_reservation/block_member_vakaner_tps_2020.pdf,7,block_member_vakaner_tps_2020.pdf,https://sec.gujarat.gov.in/images/Vakaner-TPS-2020.pdf,
Gujarat,2020,Morbi,Wankaner,Wankaner,4,એ,1,ા હુવા,block_member,taluk panchayat member,BC Other than Woman,BC,સા.શૈ.પછાતવર્ગ,0,| સા.શૈ.પછાતવર્ગ,1.0,€,4,all_seats,gujarati,ocr,64.92,data/gujarat/2020_reservation/block_member_vakaner_tps_2020.pdf,7,block_member_vakaner_tps_2020.pdf,https://sec.gujarat.gov.in/images/Vakaner-TPS-2020.pdf,
Gujarat,2020,Morbi,Wankaner,Wankaner,5,જ,1,ગાંગીયાવદર,block_member,taluk panchayat member,Other than Woman,NONE,બિન અનામત સામાન્ય,0,બિન અનામત સામાન્ય,1.0,13,11,all_seats,gujarati,ocr,84.47,data/gujarat/2020_reservation/block_member_vakaner_tps_2020.pdf,7,block_member_vakaner_tps_2020.pdf,https://sec.gujarat.gov.in/images/Vakaner-TPS-2020.pdf,
Gujarat,2020,Morbi,Wankaner,Wankaner,6,ટટ,1,ગારસીયા,block_member,taluk panchayat member,Other than Woman,NONE,બિન અનામત સામાન્ય,0,બિન અનામત સામાન્ય _,1.0,22,18,all_seats,gujarati,ocr,70.1,data/gujarat/2020_reservation/block_member_vakaner_tps_2020.pdf,7,block_member_vakaner_tps_2020.pdf,https://sec.gujarat.gov.in/images/Vakaner-TPS-2020.pdf,
Gujarat,2020,Morbi,Wankaner,Wankaner,7,7.,1,હેશનપર,block_member,taluk panchayat member,Other than Woman,NONE,બિન અનામત સામાન્ય,0,| ભિન અનામત સામાન્ય,0.9333,9,છટ,all_seats,gujarati,ocr,84.23,data/gujarat/2020_reservation/block_member_vakaner_tps_2020.pdf,7,block_member_vakaner_tps_2020.pdf,https://sec.gujarat.gov.in/images/Vakaner-TPS-2020.pdf,
Gujarat,2020,Morbi,Wankaner,Wankaner,8,ત,1,જ્ેતપરડા,block_member,taluk panchayat member,Other than Woman,NONE,બિન અનામત સામાન્ય,0,| ભિન અનામત સામાન્ય *,0.9333,| ર4,14,all_seats,gujarati,ocr,80.4,data/gujarat/2020_reservation/block_member_vakaner_tps_2020.pdf,7,block_member_vakaner_tps_2020.pdf,https://sec.gujarat.gov.in/images/Vakaner-TPS-2020.pdf,
Gujarat,2020,Morbi,Wankaner,Wankaner,9,હ,1,કણકોટ,block_member,taluk panchayat member,Other than Woman,NONE,બિન અનામત સામાન્ય,0,બિન અનામત સામાન્ય,1.0,10,9,all_seats,gujarati,ocr,90.53,data/gujarat/2020_reservation/block_member_vakaner_tps_2020.pdf,7,block_member_vakaner_tps_2020.pdf,https://sec.gujarat.gov.in/images/Vakaner-TPS-2020.pdf,
Gujarat,2020,Morbi,Wankaner,Wankaner,10,10,1,ખખાણા,block_member,taluk panchayat member,Other than Woman,NONE,બિન અનામત સામાન્ય,0,| ભિનઅનામત સામાન્ય *,0.9333,23,--,all_seats,gujarati,ocr,84.65,data/gujarat/2020_reservation/block_member_vakaner_tps_2020.pdf,7,block_member_vakaner_tps_2020.pdf,https://sec.gujarat.gov.in/images/Vakaner-TPS-2020.pdf,
Gujarat,2020,Morbi,Wankaner,Wankaner,11,14,1,કોઠી,block_member,taluk panchayat member,Other than Woman,NONE,બિન અનામત સામાન્ય,0,| બિનઅનામત સામાન્ય,1.0,ર1,13,all_seats,gujarati,ocr,75.01,data/gujarat/2020_reservation/block_member_vakaner_tps_2020.pdf,7,block_member_vakaner_tps_2020.pdf,https://sec.gujarat.gov.in/images/Vakaner-TPS-2020.pdf,
Gujarat,2020,Morbi,Wankaner,Wankaner,12,શર,1,1 લુણસર,block_member,taluk panchayat member,Other than Woman,NONE,બિન અનામત સામાન્ય,0,બિન અનામત સામાન્ય,1.0,8,12,all_seats,gujarati,ocr,84.49,data/gujarat/2020_reservation/block_member_vakaner_tps_2020.pdf,7,block_member_vakaner_tps_2020.pdf,https://sec.gujarat.gov.in/images/Vakaner-TPS-2020.pdf,
Gujarat,2020,Morbi,Wankaner,Wankaner,13,5,1,મહીકા,block_member,taluk panchayat member,Other than Woman,NONE,બિન અનામત સામાન્ય,0,બિન અનામત સામાન્ય,1.0,4,4,all_seats,gujarati,ocr,68.3,data/gujarat/2020_reservation/block_member_vakaner_tps_2020.pdf,7,block_member_vakaner_tps_2020.pdf,https://sec.gujarat.gov.in/images/Vakaner-TPS-2020.pdf,
Gujarat,2020,Morbi,Wankaner,Wankaner,14,ay,1,માટેલ,block_member,taluk panchayat member,Woman,NONE,સામાન્ય સ્ત્રી,1,સામાન્ય સ્ત્રી,1.0,19,19 |,all_seats,gujarati,ocr,82.7,data/gujarat/2020_reservation/block_member_vakaner_tps_2020.pdf,7,block_member_vakaner_tps_2020.pdf,https://sec.gujarat.gov.in/images/Vakaner-TPS-2020.pdf,
Gujarat,2020,Morbi,Wankaner,Wankaner,15,ay,1,મેસરીયા,block_member,taluk panchayat member,SC Woman,SC,અનુસૂચિત જાતિ સ્ત્રી,1,| અનુસૂચિત જાતિસ્ત્રી *,1.0,2,15 |,all_seats,gujarati,ocr,73.16,data/gujarat/2020_reservation/block_member_vakaner_tps_2020.pdf,7,block_member_vakaner_tps_2020.pdf,https://sec.gujarat.gov.in/images/Vakaner-TPS-2020.pdf,
Gujarat,2020,Morbi,Wankaner,Wankaner,16,?6,1,પંચાસર,block_member,taluk panchayat member,Woman,NONE,સામાન્ય સ્ત્રી,1,| _ સામાન્યસ્ત્રી,1.0,,ન,all_seats,gujarati,ocr,51.13,data/gujarat/2020_reservation/block_member_vakaner_tps_2020.pdf,7,block_member_vakaner_tps_2020.pdf,https://sec.gujarat.gov.in/images/Vakaner-TPS-2020.pdf,
Gujarat,2020,Morbi,Wankaner,Wankaner,17,7,1,થપંચાસીયા,block_member,taluk panchayat member,Woman,NONE,સામાન્ય સ્ત્રી,1,| સામાન્યસ્ત્રી,1.0,9,16,all_seats,gujarati,ocr,67.05,data/gujarat/2020_reservation/block_member_vakaner_tps_2020.pdf,7,block_member_vakaner_tps_2020.pdf,https://sec.gujarat.gov.in/images/Vakaner-TPS-2020.pdf,
Gujarat,2020,Morbi,Wankaner,Wankaner,18,ee,1,પીપળીયારાજ,block_member,taluk panchayat member,Woman,NONE,સામાન્ય સ્ત્રી,1,સામાન્યસ્ત્રી ',1.0,17,ન,all_seats,gujarati,ocr,48.08,data/gujarat/2020_reservation/block_member_vakaner_tps_2020.pdf,7,block_member_vakaner_tps_2020.pdf,https://sec.gujarat.gov.in/images/Vakaner-TPS-2020.pdf,
Gujarat,2020,Morbi,Wankaner,Wankaner,19,29,1,રાજાવડલા,block_member,taluk panchayat member,Woman,NONE,સામાન્ય સ્ત્રી,1,સામાન્ય સ્ત્રી,1.0,12,પ,all_seats,gujarati,ocr,87.95,data/gujarat/2020_reservation/block_member_vakaner_tps_2020.pdf,7,block_member_vakaner_tps_2020.pdf,https://sec.gujarat.gov.in/images/Vakaner-TPS-2020.pdf,
Gujarat,2020,Morbi,Wankaner,Wankaner,20,ર0,1,રાતડીયા,block_member,taluk panchayat member,Woman,NONE,સામાન્ય સ્ત્રી,1,સામાન્ય સ્ત્રી,1.0,14,--,all_seats,gujarati,ocr,78.35,data/gujarat/2020_reservation/block_member_vakaner_tps_2020.pdf,7,block_member_vakaner_tps_2020.pdf,https://sec.gujarat.gov.in/images/Vakaner-TPS-2020.pdf,
Gujarat,2020,Morbi,Wankaner,Wankaner,21,ર2,1,રપતીદેવળી,block_member,taluk panchayat member,Woman,NONE,સામાન્ય સ્ત્રી,1,| સામાન્યસ્ત્રી,1.0,1,દ્ર,all_seats,gujarati,ocr,69.73,data/gujarat/2020_reservation/block_member_vakaner_tps_2020.pdf,7,block_member_vakaner_tps_2020.pdf,https://sec.gujarat.gov.in/images/Vakaner-TPS-2020.pdf,
Gujarat,2020,Morbi,Wankaner,Wankaner,22,રર,1,સરઘારકા,block_member,taluk panchayat member,Woman,NONE,સામાન્ય સ્ત્રી,1,સામાન્ય સ્ત્રી,1.0,15,--,all_seats,gujarati,ocr,87.31,data/gujarat/2020_reservation/block_member_vakaner_tps_2020.pdf,7,block_member_vakaner_tps_2020.pdf,https://sec.gujarat.gov.in/images/Vakaner-TPS-2020.pdf,
Gujarat,2020,Morbi,Wankaner,Wankaner,23,ર7,1,સિંઘાવદર,block_member,taluk panchayat member,Woman,NONE,સામાન્ય સ્ત્રી,1,સામાન્યસ્ત્રી',1.0,3,60,all_seats,gujarati,ocr,67.29,data/gujarat/2020_reservation/block_member_vakaner_tps_2020.pdf,7,block_member_vakaner_tps_2020.pdf,https://sec.gujarat.gov.in/images/Vakaner-TPS-2020.pdf,
Gujarat,2020,Morbi,Wankaner,Wankaner,24,ર4.,1,તિથવા,block_member,taluk panchayat member,Other than Woman,NONE,બિન અનામત સામાન્ય,0,બિન અનામંત સામાન્ય,0.9677,11,4,all_seats,gujarati,ocr,73.66,data/gujarat/2020_reservation/block_member_vakaner_tps_2020.pdf,7,block_member_vakaner_tps_2020.pdf,https://sec.gujarat.gov.in/images/Vakaner-TPS-2020.pdf,
