state,year,district,district_declared,block_no,block,gp_no,halqa,gp_identity_from_page_text,ward_no,ward_name,tier,tier_local,reservation,caste_reservation,woman_reserved,listing_scope,pop_sc,pop_st,pop_oc,pop_total,reservation_raw,script,source_path,source_page,source_pdf,source_url,source_capture
Jammu & Kashmir,2016,Doda,,,1. Assar,1,Assar- Ginota,,,,gp_head,sarpanch,Woman,NONE,1,all_seats,,,,,Women,latin,data/jk/2016/Annex A Doda.pdf,1,Annex A Doda.pdf,,
Jammu & Kashmir,2016,Doda,,,1. Assar,2,Bibrota,,,,gp_head,sarpanch,Other than Woman,NONE,0,all_seats,,,,,Open,latin,data/jk/2016/Annex A Doda.pdf,1,Annex A Doda.pdf,,
Jammu & Kashmir,2016,Doda,,,1. Assar,3,Blandpur,,,,gp_head,sarpanch,SC Other than Woman,SC,0,all_seats,,,,,SC,latin,data/jk/2016/Annex A Doda.pdf,2,Annex A Doda.pdf,,
Jammu & Kashmir,2016,Doda,,,1. Assar,4,Chaka- A-1,,,,gp_head,sarpanch,Woman,NONE,1,all_seats,,,,,Women,latin,data/jk/2016/Annex A Doda.pdf,3,Annex A Doda.pdf,,
Jammu & Kashmir,2016,Doda,,,1. Assar,5,Chaka- A-2,,,,gp_head,sarpanch,Other than Woman,NONE,0,all_seats,,,,,Open,latin,data/jk/2016/Annex A Doda.pdf,3,Annex A Doda.pdf,,
Jammu & Kashmir,2016,Doda,,,1. Assar,6,Chaka- B,,,,gp_head,sarpanch,Other than Woman,NONE,0,all_seats,,,,,Open,latin,data/jk/2016/Annex A Doda.pdf,4,Annex A Doda.pdf,,
Jammu & Kashmir,2016,Doda,,,1. Assar,7,Chill,,,,gp_head,sarpanch,Woman,NONE,1,all_seats,,,,,Women,latin,data/jk/2016/Annex A Doda.pdf,5,Annex A Doda.pdf,,
Jammu & Kashmir,2016,Doda,,,1. Assar,8,Chirota- A,,,,gp_head,sarpanch,ST Other than Woman,ST,0,all_seats,,,,,ST,latin,data/jk/2016/Annex A Doda.pdf,5,Annex A Doda.pdf,,
Jammu & Kashmir,2016,Doda,,,1. Assar,9,Chirota- B,,,,gp_head,sarpanch,Other than Woman,NONE,0,all_seats,,,,,Open,latin,data/jk/2016/Annex A Doda.pdf,5,Annex A Doda.pdf,,
Jammu & Kashmir,2016,Doda,,,1. Assar,10,Kuthyara,,,,gp_head,sarpanch,Woman,NONE,1,all_seats,,,,,Women,latin,data/jk/2016/Annex A Doda.pdf,6,Annex A Doda.pdf,,
Jammu & Kashmir,2016,Doda,,,1. Assar,11,Ramgarh Kurmail,,,,gp_head,sarpanch,SC Other than Woman,SC,0,all_seats,,,,,SC,latin,data/jk/2016/Annex A Doda.pdf,7,Annex A Doda.pdf,,
Jammu & Kashmir,2016,Doda,,,1. Assar,12,Ranka,,,,gp_head,sarpanch,Other than Woman,NONE,0,all_seats,,,,,Open,latin,data/jk/2016/Annex A Doda.pdf,7,Annex A Doda.pdf,,
Jammu & Kashmir,2016,Doda,,,1. Assar,13,Shamthi,,,,gp_head,sarpanch,Other than Woman,NONE,0,all_seats,,,,,Open,latin,data/jk/2016/Annex A Doda.pdf,8,Annex A Doda.pdf,,
Jammu & Kashmir,2016,Doda,,,2. Bhaderw ah,1,Bheja,,,,gp_head,sarpanch,SC Woman,SC,1,all_seats,,,,,SC Women,latin,data/jk/2016/Annex A Doda.pdf,8,Annex A Doda.pdf,,
Jammu & Kashmir,2016,Doda,,,2. Bhaderw ah,2,Butla,,,,gp_head,sarpanch,ST Other than Woman,ST,0,all_seats,,,,,ST,latin,data/jk/2016/Annex A Doda.pdf,9,Annex A Doda.pdf,,
Jammu & Kashmir,2016,Doda,,,2. Bhaderw ah,3,Chakka,,,,gp_head,sarpanch,Other than Woman,NONE,0,all_seats,,,,,Open,latin,data/jk/2016/Annex A Doda.pdf,9,Annex A Doda.pdf,,
Jammu & Kashmir,2016,Doda,,,2. Bhaderw ah,4,Chanchor a,,,,gp_head,sarpanch,Woman,NONE,1,all_seats,,,,,Women,latin,data/jk/2016/Annex A Doda.pdf,9,Annex A Doda.pdf,,
Jammu & Kashmir,2016,Doda,,,2. Bhaderw ah,5,Chinote,,,,gp_head,sarpanch,Other than Woman,NONE,0,all_seats,,,,,Open,latin,data/jk/2016/Annex A Doda.pdf,10,Annex A Doda.pdf,,
Jammu & Kashmir,2016,Doda,,,2. Bhaderw ah,6,Dandi,,,,gp_head,sarpanch,ST Other than Woman,ST,0,all_seats,,,,,ST,latin,data/jk/2016/Annex A Doda.pdf,10,Annex A Doda.pdf,,
Jammu & Kashmir,2016,Doda,,,2. Bhaderw ah,7,Dhareja,,,,gp_head,sarpanch,Woman,NONE,1,all_seats,,,,,Women,latin,data/jk/2016/Annex A Doda.pdf,11,Annex A Doda.pdf,,
Jammu & Kashmir,2016,Doda,,,2. Bhaderw ah,8,Diggi,,,,gp_head,sarpanch,Other than Woman,NONE,0,all_seats,,,,,Open,latin,data/jk/2016/Annex A Doda.pdf,11,Annex A Doda.pdf,,
Jammu & Kashmir,2016,Doda,,,2. Bhaderw ah,9,Drodhu,,,,gp_head,sarpanch,Other than Woman,NONE,0,all_seats,,,,,Open,latin,data/jk/2016/Annex A Doda.pdf,11,Annex A Doda.pdf,,
Jammu & Kashmir,2016,Doda,,,2. Bhaderw ah,10,Dugga,,,,gp_head,sarpanch,SC Woman,SC,1,all_seats,,,,,SC Women,latin,data/jk/2016/Annex A Doda.pdf,12,Annex A Doda.pdf,,
Jammu & Kashmir,2016,Doda,,,2. Bhaderw ah,11,Gatha,,,,gp_head,sarpanch,Other than Woman,NONE,0,all_seats,,,,,Open,latin,data/jk/2016/Annex A Doda.pdf,12,Annex A Doda.pdf,,
Jammu & Kashmir,2016,Doda,,,2. Bhaderw ah,12,Guttassa,,,,gp_head,sarpanch,SC Other than Woman,SC,0,all_seats,,,,,SC,latin,data/jk/2016/Annex A Doda.pdf,13,Annex A Doda.pdf,,
Jammu & Kashmir,2016,Doda,,,2. Bhaderw ah,13,Hanga,,,,gp_head,sarpanch,SC Woman,SC,1,all_seats,,,,,SC Women,latin,data/jk/2016/Annex A Doda.pdf,13,Annex A Doda.pdf,,
Jammu & Kashmir,2016,Doda,,,2. Bhaderw ah,14,Jalga,,,,gp_head,sarpanch,Other than Woman,NONE,0,all_seats,,,,,Open,latin,data/jk/2016/Annex A Doda.pdf,13,Annex A Doda.pdf,,
Jammu & Kashmir,2016,Doda,,,2. Bhaderw ah,15,Katyara,,,,gp_head,sarpanch,Other than Woman,NONE,0,all_seats,,,,,Open,latin,data/jk/2016/Annex A Doda.pdf,14,Annex A Doda.pdf,,
Jammu & Kashmir,2016,Doda,,,2. Bhaderw ah,16,Kursari,,,,gp_head,sarpanch,Woman,NONE,1,all_seats,,,,,Women,latin,data/jk/2016/Annex A Doda.pdf,14,Annex A Doda.pdf,,
Jammu & Kashmir,2016,Doda,,,2. Bhaderw ah,17,Manthla,,,,gp_head,sarpanch,SC Other than Woman,SC,0,all_seats,,,,,SC,latin,data/jk/2016/Annex A Doda.pdf,14,Annex A Doda.pdf,,
Jammu & Kashmir,2016,Doda,,,2. Bhaderw ah,18,Manwah,,,,gp_head,sarpanch,Other than Woman,NONE,0,all_seats,,,,,Open,latin,data/jk/2016/Annex A Doda.pdf,15,Annex A Doda.pdf,,
Jammu & Kashmir,2016,Doda,,,2. Bhaderw ah,19,Misrata,,,,gp_head,sarpanch,Woman,NONE,1,all_seats,,,,,Women,latin,data/jk/2016/Annex A Doda.pdf,15,Annex A Doda.pdf,,
Jammu & Kashmir,2016,Doda,,,2. Bhaderw ah,20,Nalthi,,,,gp_head,sarpanch,Other than Woman,NONE,0,all_seats,,,,,Open,latin,data/jk/2016/Annex A Doda.pdf,15,Annex A Doda.pdf,,
Jammu & Kashmir,2016,Doda,,,2. Bhaderw ah,21,Neota,,,,gp_head,sarpanch,Other than Woman,NONE,0,all_seats,,,,,Open,latin,data/jk/2016/Annex A Doda.pdf,16,Annex A Doda.pdf,,
Jammu & Kashmir,2016,Doda,,,2. Bhaderw ah,22,Sadder,,,,gp_head,sarpanch,Woman,NONE,1,all_seats,,,,,Women,latin,data/jk/2016/Annex A Doda.pdf,16,Annex A Doda.pdf,,
Jammu & Kashmir,2016,Doda,,,2. Bhaderw ah,23,Sarna,,,,gp_head,sarpanch,Other than Woman,NONE,0,all_seats,,,,,Open,latin,data/jk/2016/Annex A Doda.pdf,17,Annex A Doda.pdf,,
Jammu & Kashmir,2016,Doda,,,2. Bhaderw ah,24,Sartingal,,,,gp_head,sarpanch,Other than Woman,NONE,0,all_seats,,,,,Open,latin,data/jk/2016/Annex A Doda.pdf,17,Annex A Doda.pdf,,
Jammu & Kashmir,2016,Doda,,,2. Bhaderw ah,25,Songai,,,,gp_head,sarpanch,Woman,NONE,1,all_seats,,,,,Women,latin,data/jk/2016/Annex A Doda.pdf,18,Annex A Doda.pdf,,
Jammu & Kashmir,2016,Doda,,,2. Bhaderw ah,26,Sungli,,,,gp_head,sarpanch,Other than Woman,NONE,0,all_seats,,,,,Open,latin,data/jk/2016/Annex A Doda.pdf,18,Annex A Doda.pdf,,
Jammu & Kashmir,2016,Doda,,,2. Bhaderw ah,27,Thanalla,,,,gp_head,sarpanch,Other than Woman,NONE,0,all_seats,,,,,Open,latin,data/jk/2016/Annex A Doda.pdf,18,Annex A Doda.pdf,,
Jammu & Kashmir,2016,Doda,,,2. Bhaderw ah,28,Thuba,,,,gp_head,sarpanch,SC Woman,SC,1,all_seats,,,,,SC Women,latin,data/jk/2016/Annex A Doda.pdf,19,Annex A Doda.pdf,,
Jammu & Kashmir,2016,Doda,,,2. Bhaderw ah,29,Udrana- A,,,,gp_head,sarpanch,Other than Woman,NONE,0,all_seats,,,,,Open,latin,data/jk/2016/Annex A Doda.pdf,19,Annex A Doda.pdf,,
Jammu & Kashmir,2016,Doda,,,2. Bhaderw ah,30,Udrana- B,,,,gp_head,sarpanch,Other than Woman,NONE,0,all_seats,,,,,Open,latin,data/jk/2016/Annex A Doda.pdf,19,Annex A Doda.pdf,,
Jammu & Kashmir,2016,Doda,,,3. Bhagwah,1,Bajarni upper,,,,gp_head,sarpanch,Woman,NONE,1,all_seats,,,,,Women,latin,data/jk/2016/Annex A Doda.pdf,20,Annex A Doda.pdf,,
Jammu & Kashmir,2016,Doda,,,3. Bhagwah,2,Beoli,,,,gp_head,sarpanch,Other than Woman,NONE,0,all_seats,,,,,Open,latin,data/jk/2016/Annex A Doda.pdf,21,Annex A Doda.pdf,,
Jammu & Kashmir,2016,Doda,,,3. Bhagwah,3,Bhagwah lower-A,,,,gp_head,sarpanch,Other than Woman,NONE,0,all_seats,,,,,Open,latin,data/jk/2016/Annex A Doda.pdf,21,Annex A Doda.pdf,,
Jammu & Kashmir,2016,Doda,,,3. Bhagwah,4,Bhagwah lower-B,,,,gp_head,sarpanch,Woman,NONE,1,all_seats,,,,,Women,latin,data/jk/2016/Annex A Doda.pdf,22,Annex A Doda.pdf,,
Jammu & Kashmir,2016,Doda,,,3. Bhagwah,5,Bhagwah upper-A,,,,gp_head,sarpanch,Other than Woman,NONE,0,all_seats,,,,,Open,latin,data/jk/2016/Annex A Doda.pdf,22,Annex A Doda.pdf,,
Jammu & Kashmir,2016,Doda,,,3. Bhagwah,6,Bhagwah upper-B,,,,gp_head,sarpanch,Other than Woman,NONE,0,all_seats,,,,,Open,latin,data/jk/2016/Annex A Doda.pdf,22,Annex A Doda.pdf,,
Jammu & Kashmir,2016,Doda,,,3. Bhagwah,7,Bijarni Lower-A,,,,gp_head,sarpanch,Woman,NONE,1,all_seats,,,,,Women,latin,data/jk/2016/Annex A Doda.pdf,23,Annex A Doda.pdf,,
Jammu & Kashmir,2016,Doda,,,3. Bhagwah,8,Bijarni Lower-B,,,,gp_head,sarpanch,Other than Woman,NONE,0,all_seats,,,,,Open,latin,data/jk/2016/Annex A Doda.pdf,24,Annex A Doda.pdf,,
Jammu & Kashmir,2016,Doda,,,3. Bhagwah,9,Gaddi- A,,,,gp_head,sarpanch,Other than Woman,NONE,0,all_seats,,,,,Open,latin,data/jk/2016/Annex A Doda.pdf,24,Annex A Doda.pdf,,
Jammu & Kashmir,2016,Doda,,,3. Bhagwah,10,Gaddi-B,,,,gp_head,sarpanch,Woman,NONE,1,all_seats,,,,,Women,latin,data/jk/2016/Annex A Doda.pdf,25,Annex A Doda.pdf,,
Jammu & Kashmir,2016,Doda,,,3. Bhagwah,11,Gai Dessa-A,,,,gp_head,sarpanch,Other than Woman,NONE,0,all_seats,,,,,Open,latin,data/jk/2016/Annex A Doda.pdf,25,Annex A Doda.pdf,,
Jammu & Kashmir,2016,Doda,,,3. Bhagwah,12,Gai Dessa-B,,,,gp_head,sarpanch,Other than Woman,NONE,0,all_seats,,,,,Open,latin,data/jk/2016/Annex A Doda.pdf,26,Annex A Doda.pdf,,
Jammu & Kashmir,2016,Doda,,,3. Bhagwah,13,Gai Dessa-C,,,,gp_head,sarpanch,Woman,NONE,1,all_seats,,,,,Women,latin,data/jk/2016/Annex A Doda.pdf,26,Annex A Doda.pdf,,
Jammu & Kashmir,2016,Doda,,,3. Bhagwah,14,Ganika,,,,gp_head,sarpanch,Other than Woman,NONE,0,all_seats,,,,,Open,latin,data/jk/2016/Annex A Doda.pdf,27,Annex A Doda.pdf,,
Jammu & Kashmir,2016,Doda,,,3. Bhagwah,15,Mallan-A,,,,gp_head,sarpanch,Other than Woman,NONE,0,all_seats,,,,,Open,latin,data/jk/2016/Annex A Doda.pdf,27,Annex A Doda.pdf,,
Jammu & Kashmir,2016,Doda,,,3. Bhagwah,16,Mallan-B,,,,gp_head,sarpanch,Woman,NONE,1,all_seats,,,,,Women,latin,data/jk/2016/Annex A Doda.pdf,28,Annex A Doda.pdf,,
Jammu & Kashmir,2016,Doda,,,3. Bhagwah,17,Manjmi,,,,gp_head,sarpanch,Other than Woman,NONE,0,all_seats,,,,,Open,latin,data/jk/2016/Annex A Doda.pdf,28,Annex A Doda.pdf,,
Jammu & Kashmir,2016,Doda,,,3. Bhagwah,18,Malwas,,,,gp_head,sarpanch,Other than Woman,NONE,0,all_seats,,,,,Open,latin,data/jk/2016/Annex A Doda.pdf,29,Annex A Doda.pdf,,
Jammu & Kashmir,2016,Doda,,,4. Bhalla,,1 Berru,,,,gp_head,sarpanch,Woman,NONE,1,all_seats,,,,,Women,latin,data/jk/2016/Annex A Doda.pdf,29,Annex A Doda.pdf,,
Jammu & Kashmir,2016,Doda,,,4. Bhalla,2,Choundri,,,,gp_head,sarpanch,Other than Woman,NONE,0,all_seats,,,,,Open,latin,data/jk/2016/Annex A Doda.pdf,29,Annex A Doda.pdf,,
Jammu & Kashmir,2016,Doda,,,4. Bhalla,3,Derka,,,,gp_head,sarpanch,Other than Woman,NONE,0,all_seats,,,,,Open,latin,data/jk/2016/Annex A Doda.pdf,30,Annex A Doda.pdf,,
Jammu & Kashmir,2016,Doda,,,4. Bhalla,4,Dugli,,,,gp_head,sarpanch,Woman,NONE,1,all_seats,,,,,Women,latin,data/jk/2016/Annex A Doda.pdf,30,Annex A Doda.pdf,,
Jammu & Kashmir,2016,Doda,,,4. Bhalla,5,Gajoth,,,,gp_head,sarpanch,Other than Woman,NONE,0,all_seats,,,,,Open,latin,data/jk/2016/Annex A Doda.pdf,30,Annex A Doda.pdf,,
Jammu & Kashmir,2016,Doda,,,4. Bhalla,6,Guraka,,,,gp_head,sarpanch,Other than Woman,NONE,0,all_seats,,,,,Open,latin,data/jk/2016/Annex A Doda.pdf,31,Annex A Doda.pdf,,
Jammu & Kashmir,2016,Doda,,,4. Bhalla,7,Kari Chattra,,,,gp_head,sarpanch,Woman,NONE,1,all_seats,,,,,Women,latin,data/jk/2016/Annex A Doda.pdf,31,Annex A Doda.pdf,,
Jammu & Kashmir,2016,Doda,,,4. Bhalla,8,Khellani,,,,gp_head,sarpanch,Other than Woman,NONE,0,all_seats,,,,,Open,latin,data/jk/2016/Annex A Doda.pdf,32,Annex A Doda.pdf,,
Jammu & Kashmir,2016,Doda,,,4. Bhalla,9,Panjgraie n,,,,gp_head,sarpanch,Other than Woman,NONE,0,all_seats,,,,,Open,latin,data/jk/2016/Annex A Doda.pdf,32,Annex A Doda.pdf,,
Jammu & Kashmir,2016,Doda,,,4. Bhalla,10,Pranu,,,,gp_head,sarpanch,Woman,NONE,1,all_seats,,,,,Women,latin,data/jk/2016/Annex A Doda.pdf,33,Annex A Doda.pdf,,
Jammu & Kashmir,2016,Doda,,,4. Bhalla,11,Reware,,,,gp_head,sarpanch,SC Other than Woman,SC,0,all_seats,,,,,SC,latin,data/jk/2016/Annex A Doda.pdf,33,Annex A Doda.pdf,,
Jammu & Kashmir,2016,Doda,,,4. Bhalla,12,Shangroo,,,,gp_head,sarpanch,Other than Woman,NONE,0,all_seats,,,,,Open,latin,data/jk/2016/Annex A Doda.pdf,34,Annex A Doda.pdf,,
Jammu & Kashmir,2016,Doda,,,4. Bhalla,13,Sindra,,,,gp_head,sarpanch,Woman,NONE,1,all_seats,,,,,Women,latin,data/jk/2016/Annex A Doda.pdf,34,Annex A Doda.pdf,,
Jammu & Kashmir,2016,Doda,,,4. Bhalla,14,Soura,,,,gp_head,sarpanch,Other than Woman,NONE,0,all_seats,,,,,Open,latin,data/jk/2016/Annex A Doda.pdf,34,Annex A Doda.pdf,,
Jammu & Kashmir,2016,Doda,,,4. Bhalla,15,Southa,,,,gp_head,sarpanch,Other than Woman,NONE,0,all_seats,,,,,Open,latin,data/jk/2016/Annex A Doda.pdf,35,Annex A Doda.pdf,,
Jammu & Kashmir,2016,Doda,,,4. Bhalla,16,Trown,,,,gp_head,sarpanch,Woman,NONE,1,all_seats,,,,,Women,latin,data/jk/2016/Annex A Doda.pdf,35,Annex A Doda.pdf,,
Jammu & Kashmir,2016,Doda,,,5. Bhallessa,1,Batara,,,,gp_head,sarpanch,Woman,NONE,1,all_seats,,,,,Women,latin,data/jk/2016/Annex A Doda.pdf,35,Annex A Doda.pdf,,
Jammu & Kashmir,2016,Doda,,,5. Bhallessa,2,Bharghi,,,,gp_head,sarpanch,Other than Woman,NONE,0,all_seats,,,,,Open,latin,data/jk/2016/Annex A Doda.pdf,36,Annex A Doda.pdf,,
Jammu & Kashmir,2016,Doda,,,5. Bhallessa,3,Chonwer y,,,,gp_head,sarpanch,Other than Woman,NONE,0,all_seats,,,,,Open,latin,data/jk/2016/Annex A Doda.pdf,36,Annex A Doda.pdf,,
Jammu & Kashmir,2016,Doda,,,5. Bhallessa,4,Darie,,,,gp_head,sarpanch,Woman,NONE,1,all_seats,,,,,Women,latin,data/jk/2016/Annex A Doda.pdf,37,Annex A Doda.pdf,,
Jammu & Kashmir,2016,Doda,,,5. Bhallessa,5,Dhadkie- A,,,,gp_head,sarpanch,ST Other than Woman,ST,0,all_seats,,,,,ST,latin,data/jk/2016/Annex A Doda.pdf,37,Annex A Doda.pdf,,
Jammu & Kashmir,2016,Doda,,,5. Bhallessa,6,Dhadkie- B,,,,gp_head,sarpanch,ST Other than Woman,ST,0,all_seats,,,,,ST,latin,data/jk/2016/Annex A Doda.pdf,37,Annex A Doda.pdf,,
Jammu & Kashmir,2016,Doda,,,5. Bhallessa,7,Dherwari- A,,,,gp_head,sarpanch,Woman,NONE,1,all_seats,,,,,Women,latin,data/jk/2016/Annex A Doda.pdf,38,Annex A Doda.pdf,,
Jammu & Kashmir,2016,Doda,,,5. Bhallessa,8,Dherwari- B,,,,gp_head,sarpanch,Other than Woman,NONE,0,all_seats,,,,,Open,latin,data/jk/2016/Annex A Doda.pdf,38,Annex A Doda.pdf,,
Jammu & Kashmir,2016,Doda,,,5. Bhallessa,9,Gandoh,,,,gp_head,sarpanch,ST Other than Woman,ST,0,all_seats,,,,,ST,latin,data/jk/2016/Annex A Doda.pdf,38,Annex A Doda.pdf,,
Jammu & Kashmir,2016,Doda,,,5. Bhallessa,,10 Kandolu,,,,gp_head,sarpanch,ST Woman,ST,1,all_seats,,,,,ST Women,latin,data/jk/2016/Annex A Doda.pdf,39,Annex A Doda.pdf,,
Jammu & Kashmir,2016,Doda,,,5. Bhallessa,11,Kharanga l,,,,gp_head,sarpanch,Other than Woman,NONE,0,all_seats,,,,,Open,latin,data/jk/2016/Annex A Doda.pdf,39,Annex A Doda.pdf,,
Jammu & Kashmir,2016,Doda,,,5. Bhallessa,12,Shengani,,,,gp_head,sarpanch,Other than Woman,NONE,0,all_seats,,,,,Open,latin,data/jk/2016/Annex A Doda.pdf,39,Annex A Doda.pdf,,
Jammu & Kashmir,2016,Doda,,,5. Bhallessa,13,Sinoo,,,,gp_head,sarpanch,Woman,NONE,1,all_seats,,,,,Women,latin,data/jk/2016/Annex A Doda.pdf,40,Annex A Doda.pdf,,
Jammu & Kashmir,2016,Doda,,,5. Bhallessa,14,Trithloo,,,,gp_head,sarpanch,ST Other than Woman,ST,0,all_seats,,,,,ST,latin,data/jk/2016/Annex A Doda.pdf,40,Annex A Doda.pdf,,
Jammu & Kashmir,2016,Doda,,,6. Changa,1,Achhair,,,,gp_head,sarpanch,Woman,NONE,1,all_seats,,,,,Women,latin,data/jk/2016/Annex A Doda.pdf,40,Annex A Doda.pdf,,
Jammu & Kashmir,2016,Doda,,,6. Changa,2,Alnigung ota-A,,,,gp_head,sarpanch,Other than Woman,NONE,0,all_seats,,,,,Open,latin,data/jk/2016/Annex A Doda.pdf,41,Annex A Doda.pdf,,
Jammu & Kashmir,2016,Doda,,,6. Changa,3,Alnigung ota-B,,,,gp_head,sarpanch,Other than Woman,NONE,0,all_seats,,,,,Open,latin,data/jk/2016/Annex A Doda.pdf,41,Annex A Doda.pdf,,
Jammu & Kashmir,2016,Doda,,,6. Changa,4,Barthi,,,,gp_head,sarpanch,Woman,NONE,1,all_seats,,,,,Women,latin,data/jk/2016/Annex A Doda.pdf,42,Annex A Doda.pdf,,
Jammu & Kashmir,2016,Doda,,,6. Changa,5,Chancer,,,,gp_head,sarpanch,Other than Woman,NONE,0,all_seats,,,,,Open,latin,data/jk/2016/Annex A Doda.pdf,42,Annex A Doda.pdf,,
Jammu & Kashmir,2016,Doda,,,6. Changa,,6 Changa- A,,,,gp_head,sarpanch,Other than Woman,NONE,0,all_seats,,,,,Open,latin,data/jk/2016/Annex A Doda.pdf,42,Annex A Doda.pdf,,
Jammu & Kashmir,2016,Doda,,,6. Changa,7,Changa- B,,,,gp_head,sarpanch,ST Woman,ST,1,all_seats,,,,,ST Women,latin,data/jk/2016/Annex A Doda.pdf,43,Annex A Doda.pdf,,
Jammu & Kashmir,2016,Doda,,,6. Changa,8,Chantibal a,,,,gp_head,sarpanch,SC Other than Woman,SC,0,all_seats,,,,,SC,latin,data/jk/2016/Annex A Doda.pdf,43,Annex A Doda.pdf,,
Jammu & Kashmir,2016,Doda,,,6. Changa,9,Dohassa,,,,gp_head,sarpanch,Other than Woman,NONE,0,all_seats,,,,,Open,latin,data/jk/2016/Annex A Doda.pdf,44,Annex A Doda.pdf,,
Jammu & Kashmir,2016,Doda,,,6. Changa,10,Dudwar,,,,gp_head,sarpanch,Woman,NONE,1,all_seats,,,,,Women,latin,data/jk/2016/Annex A Doda.pdf,44,Annex A Doda.pdf,,
Jammu & Kashmir,2016,Doda,,,6. Changa,11,Gawari,,,,gp_head,sarpanch,Other than Woman,NONE,0,all_seats,,,,,Open,latin,data/jk/2016/Annex A Doda.pdf,44,Annex A Doda.pdf,,
Jammu & Kashmir,2016,Doda,,,6. Changa,12,Gurekhra,,,,gp_head,sarpanch,Other than Woman,NONE,0,all_seats,,,,,Open,latin,data/jk/2016/Annex A Doda.pdf,45,Annex A Doda.pdf,,
Jammu & Kashmir,2016,Doda,,,6. Changa,13,Inharra,,,,gp_head,sarpanch,SC Woman,SC,1,all_seats,,,,,SC Women,latin,data/jk/2016/Annex A Doda.pdf,45,Annex A Doda.pdf,,
Jammu & Kashmir,2016,Doda,,,6. Changa,14,Kaljugas ar-A,,,,gp_head,sarpanch,Other than Woman,NONE,0,all_seats,,,,,Open,latin,data/jk/2016/Annex A Doda.pdf,46,Annex A Doda.pdf,,
Jammu & Kashmir,2016,Doda,,,6. Changa,15,Kaljugas ar-B,,,,gp_head,sarpanch,Other than Woman,NONE,0,all_seats,,,,,Open,latin,data/jk/2016/Annex A Doda.pdf,46,Annex A Doda.pdf,,
Jammu & Kashmir,2016,Doda,,,6. Changa,16,Kilhotran,,,,gp_head,sarpanch,Woman,NONE,1,all_seats,,,,,Women,latin,data/jk/2016/Annex A Doda.pdf,46,Annex A Doda.pdf,,
Jammu & Kashmir,2016,Doda,,,6. Changa,17,Porapain,,,,gp_head,sarpanch,Other than Woman,NONE,0,all_seats,,,,,Open,latin,data/jk/2016/Annex A Doda.pdf,47,Annex A Doda.pdf,,
Jammu & Kashmir,2016,Doda,,,6. Changa,18,Samaie,,,,gp_head,sarpanch,Other than Woman,NONE,0,all_seats,,,,,Open,latin,data/jk/2016/Annex A Doda.pdf,47,Annex A Doda.pdf,,
Jammu & Kashmir,2016,Doda,,,6. Changa,19,Tantli,,,,gp_head,sarpanch,Woman,NONE,1,all_seats,,,,,Women,latin,data/jk/2016/Annex A Doda.pdf,47,Annex A Doda.pdf,,
Jammu & Kashmir,2016,Doda,,,6. Changa,20,Thalorn,,,,gp_head,sarpanch,Other than Woman,NONE,0,all_seats,,,,,Open,latin,data/jk/2016/Annex A Doda.pdf,48,Annex A Doda.pdf,,
Jammu & Kashmir,2016,Doda,,,7. Chili Pingal,1,Bhatoli,,,,gp_head,sarpanch,ST Woman,ST,1,all_seats,,,,,ST Women,latin,data/jk/2016/Annex A Doda.pdf,48,Annex A Doda.pdf,,
Jammu & Kashmir,2016,Doda,,,7. Chili Pingal,2,Chilibala,,,,gp_head,sarpanch,Other than Woman,NONE,0,all_seats,,,,,Open,latin,data/jk/2016/Annex A Doda.pdf,48,Annex A Doda.pdf,,
Jammu & Kashmir,2016,Doda,,,7. Chili Pingal,3,Chilli- Pain,,,,gp_head,sarpanch,ST Other than Woman,ST,0,all_seats,,,,,ST,latin,data/jk/2016/Annex A Doda.pdf,49,Annex A Doda.pdf,,
Jammu & Kashmir,2016,Doda,,,7. Chili Pingal,4,Haddel,,,,gp_head,sarpanch,ST Woman,ST,1,all_seats,,,,,ST Women,latin,data/jk/2016/Annex A Doda.pdf,49,Annex A Doda.pdf,,
Jammu & Kashmir,2016,Doda,,,7. Chili Pingal,5,Manoo- A,,,,gp_head,sarpanch,ST Other than Woman,ST,0,all_seats,,,,,ST,latin,data/jk/2016/Annex A Doda.pdf,50,Annex A Doda.pdf,,
Jammu & Kashmir,2016,Doda,,,7. Chili Pingal,6,Manoo- B,,,,gp_head,sarpanch,ST Other than Woman,ST,0,all_seats,,,,,ST,latin,data/jk/2016/Annex A Doda.pdf,50,Annex A Doda.pdf,,
Jammu & Kashmir,2016,Doda,,,7. Chili Pingal,7,Mukhsys as,,,,gp_head,sarpanch,ST Woman,ST,1,all_seats,,,,,ST Women,latin,data/jk/2016/Annex A Doda.pdf,50,Annex A Doda.pdf,,
Jammu & Kashmir,2016,Doda,,,7. Chili Pingal,8,Sanwara,,,,gp_head,sarpanch,Other than Woman,NONE,0,all_seats,,,,,Open,latin,data/jk/2016/Annex A Doda.pdf,51,Annex A Doda.pdf,,
Jammu & Kashmir,2016,Doda,,,8. Chiralla,1,Bhallara,,,,gp_head,sarpanch,Woman,NONE,1,all_seats,,,,,Women,latin,data/jk/2016/Annex A Doda.pdf,51,Annex A Doda.pdf,,
Jammu & Kashmir,2016,Doda,,,8. Chiralla,2,Chagsoo,,,,gp_head,sarpanch,SC Other than Woman,SC,0,all_seats,,,,,SC,latin,data/jk/2016/Annex A Doda.pdf,52,Annex A Doda.pdf,,
Jammu & Kashmir,2016,Doda,,,8. Chiralla,3,Chiralla,,,,gp_head,sarpanch,Other than Woman,NONE,0,all_seats,,,,,Open,latin,data/jk/2016/Annex A Doda.pdf,52,Annex A Doda.pdf,,
Jammu & Kashmir,2016,Doda,,,8. Chiralla,4,Jagota,,,,gp_head,sarpanch,Woman,NONE,1,all_seats,,,,,Women,latin,data/jk/2016/Annex A Doda.pdf,53,Annex A Doda.pdf,,
Jammu & Kashmir,2016,Doda,,,8. Chiralla,5,Panshei,,,,gp_head,sarpanch,Other than Woman,NONE,0,all_seats,,,,,Open,latin,data/jk/2016/Annex A Doda.pdf,53,Annex A Doda.pdf,,
Jammu & Kashmir,2016,Doda,,,8. Chiralla,6,Puneja,,,,gp_head,sarpanch,SC Other than Woman,SC,0,all_seats,,,,,SC,latin,data/jk/2016/Annex A Doda.pdf,54,Annex A Doda.pdf,,
Jammu & Kashmir,2016,Doda,,,8. Chiralla,7,Rokali,,,,gp_head,sarpanch,Woman,NONE,1,all_seats,,,,,Women,latin,data/jk/2016/Annex A Doda.pdf,54,Annex A Doda.pdf,,
Jammu & Kashmir,2016,Doda,,,8. Chiralla,8,Sonartha wa,,,,gp_head,sarpanch,Other than Woman,NONE,0,all_seats,,,,,Open,latin,data/jk/2016/Annex A Doda.pdf,55,Annex A Doda.pdf,,
Jammu & Kashmir,2016,Doda,,,8. Chiralla,9,Thellella,,,,gp_head,sarpanch,Other than Woman,NONE,0,all_seats,,,,,Open,latin,data/jk/2016/Annex A Doda.pdf,55,Annex A Doda.pdf,,
Jammu & Kashmir,2016,Kathua,,1,Baggan,1,Baggan Lower,,,,gp_head,sarpanch,Woman,NONE,1,all_seats,,,,,Women,latin,data/jk/2016/Annex A Kathua.pdf,1,Annex A Kathua.pdf,,
Jammu & Kashmir,2016,Kathua,,1,Baggan,2,Baggan Upper,,,,gp_head,sarpanch,Other than Woman,NONE,0,all_seats,,,,,Open,latin,data/jk/2016/Annex A Kathua.pdf,1,Annex A Kathua.pdf,,
Jammu & Kashmir,2016,Kathua,,1,Baggan,3,Dehota,,,,gp_head,sarpanch,Other than Woman,NONE,0,all_seats,,,,,Open,latin,data/jk/2016/Annex A Kathua.pdf,1,Annex A Kathua.pdf,,
Jammu & Kashmir,2016,Kathua,,1,Baggan,4,Dhardugnoo Lower,,,,gp_head,sarpanch,Woman,NONE,1,all_seats,,,,,Women,latin,data/jk/2016/Annex A Kathua.pdf,1,Annex A Kathua.pdf,,
Jammu & Kashmir,2016,Kathua,,1,Baggan,5,Dhardugnoo Upper,,,,gp_head,sarpanch,Other than Woman,NONE,0,all_seats,,,,,Open,latin,data/jk/2016/Annex A Kathua.pdf,2,Annex A Kathua.pdf,,
Jammu & Kashmir,2016,Kathua,,1,Baggan,6,Marhoon,,,,gp_head,sarpanch,Other than Woman,NONE,0,all_seats,,,,,Open,latin,data/jk/2016/Annex A Kathua.pdf,2,Annex A Kathua.pdf,,
Jammu & Kashmir,2016,Kathua,,2,Bani,1,Asso,,,,gp_head,sarpanch,Woman,NONE,1,all_seats,,,,,Women,latin,data/jk/2016/Annex A Kathua.pdf,3,Annex A Kathua.pdf,,
Jammu & Kashmir,2016,Kathua,,2,Bani,2,Bani,,,,gp_head,sarpanch,Other than Woman,NONE,0,all_seats,,,,,Open,latin,data/jk/2016/Annex A Kathua.pdf,3,Annex A Kathua.pdf,,
Jammu & Kashmir,2016,Kathua,,2,Bani,3,Barmota,,,,gp_head,sarpanch,Other than Woman,NONE,0,all_seats,,,,,Open,latin,data/jk/2016/Annex A Kathua.pdf,3,Annex A Kathua.pdf,,
Jammu & Kashmir,2016,Kathua,,2,Bani,4,Bhandar,,,,gp_head,sarpanch,Woman,NONE,1,all_seats,,,,,Women,latin,data/jk/2016/Annex A Kathua.pdf,3,Annex A Kathua.pdf,,
Jammu & Kashmir,2016,Kathua,,2,Bani,5,Chandal,,,,gp_head,sarpanch,Other than Woman,NONE,0,all_seats,,,,,Open,latin,data/jk/2016/Annex A Kathua.pdf,3,Annex A Kathua.pdf,,
Jammu & Kashmir,2016,Kathua,,2,Bani,6,Doulka,,,,gp_head,sarpanch,Other than Woman,NONE,0,all_seats,,,,,Open,latin,data/jk/2016/Annex A Kathua.pdf,4,Annex A Kathua.pdf,,
Jammu & Kashmir,2016,Kathua,,2,Bani,7,Fatehpur,,,,gp_head,sarpanch,Woman,NONE,1,all_seats,,,,,Women,latin,data/jk/2016/Annex A Kathua.pdf,4,Annex A Kathua.pdf,,
Jammu & Kashmir,2016,Kathua,,2,Bani,8,Gatti,,,,gp_head,sarpanch,Other than Woman,NONE,0,all_seats,,,,,Open,latin,data/jk/2016/Annex A Kathua.pdf,4,Annex A Kathua.pdf,,
Jammu & Kashmir,2016,Kathua,,2,Bani,9,Kanthal,,,,gp_head,sarpanch,ST Other than Woman,ST,0,all_seats,,,,,ST,latin,data/jk/2016/Annex A Kathua.pdf,4,Annex A Kathua.pdf,,
Jammu & Kashmir,2016,Kathua,,2,Bani,10,Kardoh,,,,gp_head,sarpanch,Woman,NONE,1,all_seats,,,,,Women,latin,data/jk/2016/Annex A Kathua.pdf,5,Annex A Kathua.pdf,,
Jammu & Kashmir,2016,Kathua,,2,Bani,11,Lowang North,,,,gp_head,sarpanch,Other than Woman,NONE,0,all_seats,,,,,Open,latin,data/jk/2016/Annex A Kathua.pdf,5,Annex A Kathua.pdf,,
Jammu & Kashmir,2016,Kathua,,2,Bani,12,Lowang South,,,,gp_head,sarpanch,Other than Woman,NONE,0,all_seats,,,,,Open,latin,data/jk/2016/Annex A Kathua.pdf,5,Annex A Kathua.pdf,,
Jammu & Kashmir,2016,Kathua,,2,Bani,13,Roulka,,,,gp_head,sarpanch,Woman,NONE,1,all_seats,,,,,Women,latin,data/jk/2016/Annex A Kathua.pdf,5,Annex A Kathua.pdf,,
Jammu & Kashmir,2016,Kathua,,2,Bani,14,Sandhi,,,,gp_head,sarpanch,SC Other than Woman,SC,0,all_seats,,,,,SC,latin,data/jk/2016/Annex A Kathua.pdf,6,Annex A Kathua.pdf,,
Jammu & Kashmir,2016,Kathua,,2,Bani,15,Sandroon,,,,gp_head,sarpanch,Other than Woman,NONE,0,all_seats,,,,,Open,latin,data/jk/2016/Annex A Kathua.pdf,6,Annex A Kathua.pdf,,
Jammu & Kashmir,2016,Kathua,,2,Bani,16,Siara,,,,gp_head,sarpanch,Woman,NONE,1,all_seats,,,,,Women,latin,data/jk/2016/Annex A Kathua.pdf,6,Annex A Kathua.pdf,,
Jammu & Kashmir,2016,Kathua,,2,Bani,17,Sitti,,,,gp_head,sarpanch,Other than Woman,NONE,0,all_seats,,,,,Open,latin,data/jk/2016/Annex A Kathua.pdf,6,Annex A Kathua.pdf,,
Jammu & Kashmir,2016,Kathua,,3,Barnoti,1,Amala,,,,gp_head,sarpanch,Woman,NONE,1,all_seats,,,,,Women,latin,data/jk/2016/Annex A Kathua.pdf,7,Annex A Kathua.pdf,,
Jammu & Kashmir,2016,Kathua,,3,Barnoti,2,Barwal -East,,,,gp_head,sarpanch,Other than Woman,NONE,0,all_seats,,,,,Open,latin,data/jk/2016/Annex A Kathua.pdf,7,Annex A Kathua.pdf,,
Jammu & Kashmir,2016,Kathua,,3,Barnoti,3,Barwal -West,,,,gp_head,sarpanch,Other than Woman,NONE,0,all_seats,,,,,Open,latin,data/jk/2016/Annex A Kathua.pdf,7,Annex A Kathua.pdf,,
Jammu & Kashmir,2016,Kathua,,3,Barnoti,4,Boura,,,,gp_head,sarpanch,Woman,NONE,1,all_seats,,,,,Women,latin,data/jk/2016/Annex A Kathua.pdf,8,Annex A Kathua.pdf,,
Jammu & Kashmir,2016,Kathua,,3,Barnoti,5,Bourthain North,,,,gp_head,sarpanch,Other than Woman,NONE,0,all_seats,,,,,Open,latin,data/jk/2016/Annex A Kathua.pdf,8,Annex A Kathua.pdf,,
Jammu & Kashmir,2016,Kathua,,3,Barnoti,6,Bourthain South,,,,gp_head,sarpanch,Other than Woman,NONE,0,all_seats,,,,,Open,latin,data/jk/2016/Annex A Kathua.pdf,8,Annex A Kathua.pdf,,
Jammu & Kashmir,2016,Kathua,,3,Barnoti,7,Budhi -North,,,,gp_head,sarpanch,SC Woman,SC,1,all_seats,,,,,SC Women,latin,data/jk/2016/Annex A Kathua.pdf,9,Annex A Kathua.pdf,,
Jammu & Kashmir,2016,Kathua,,3,Barnoti,8,Budhi South,,,,gp_head,sarpanch,SC Other than Woman,SC,0,all_seats,,,,,SC,latin,data/jk/2016/Annex A Kathua.pdf,9,Annex A Kathua.pdf,,
Jammu & Kashmir,2016,Kathua,,3,Barnoti,9,Chhan Arrorian,,,,gp_head,sarpanch,Other than Woman,NONE,0,all_seats,,,,,Open,latin,data/jk/2016/Annex A Kathua.pdf,9,Annex A Kathua.pdf,,
Jammu & Kashmir,2016,Kathua,,3,Barnoti,10,Dhamal,,,,gp_head,sarpanch,Woman,NONE,1,all_seats,,,,,Women,latin,data/jk/2016/Annex A Kathua.pdf,9,Annex A Kathua.pdf,,
Jammu & Kashmir,2016,Kathua,,3,Barnoti,11,Flote,,,,gp_head,sarpanch,Other than Woman,NONE,0,all_seats,,,,,Open,latin,data/jk/2016/Annex A Kathua.pdf,10,Annex A Kathua.pdf,,
Jammu & Kashmir,2016,Kathua,,3,Barnoti,12,Forelain Eest,,,,gp_head,sarpanch,Other than Woman,NONE,0,all_seats,,,,,Open,latin,data/jk/2016/Annex A Kathua.pdf,10,Annex A Kathua.pdf,,
Jammu & Kashmir,2016,Kathua,,3,Barnoti,13,ForelainWest A,,,,gp_head,sarpanch,Woman,NONE,1,all_seats,,,,,Women,latin,data/jk/2016/Annex A Kathua.pdf,10,Annex A Kathua.pdf,,
Jammu & Kashmir,2016,Kathua,,3,Barnoti,14,ForelainWest-B,,,,gp_head,sarpanch,Other than Woman,NONE,0,all_seats,,,,,Open,latin,data/jk/2016/Annex A Kathua.pdf,11,Annex A Kathua.pdf,,
Jammu & Kashmir,2016,Kathua,,3,Barnoti,15,Hamirpur,,,,gp_head,sarpanch,Other than Woman,NONE,0,all_seats,,,,,Open,latin,data/jk/2016/Annex A Kathua.pdf,11,Annex A Kathua.pdf,,
Jammu & Kashmir,2016,Kathua,,3,Barnoti,16,Hardoo Muthi,,,,gp_head,sarpanch,Woman,NONE,1,all_seats,,,,,Women,latin,data/jk/2016/Annex A Kathua.pdf,11,Annex A Kathua.pdf,,
Jammu & Kashmir,2016,Kathua,,3,Barnoti,17,Jakhol,,,,gp_head,sarpanch,Other than Woman,NONE,0,all_seats,,,,,Open,latin,data/jk/2016/Annex A Kathua.pdf,12,Annex A Kathua.pdf,,
Jammu & Kashmir,2016,Kathua,,3,Barnoti,18,Jandore,,,,gp_head,sarpanch,Other than Woman,NONE,0,all_seats,,,,,Open,latin,data/jk/2016/Annex A Kathua.pdf,12,Annex A Kathua.pdf,,
Jammu & Kashmir,2016,Kathua,,3,Barnoti,19,Juthana,,,,gp_head,sarpanch,Woman,NONE,1,all_seats,,,,,Women,latin,data/jk/2016/Annex A Kathua.pdf,12,Annex A Kathua.pdf,,
Jammu & Kashmir,2016,Kathua,,3,Barnoti,20,Kishanpur Kandi,,,,gp_head,sarpanch,Other than Woman,NONE,0,all_seats,,,,,Open,latin,data/jk/2016/Annex A Kathua.pdf,12,Annex A Kathua.pdf,,
Jammu & Kashmir,2016,Kathua,,3,Barnoti,21,Mearth,,,,gp_head,sarpanch,Other than Woman,NONE,0,all_seats,,,,,Open,latin,data/jk/2016/Annex A Kathua.pdf,13,Annex A Kathua.pdf,,
Jammu & Kashmir,2016,Kathua,,3,Barnoti,22,Nagrota,,,,gp_head,sarpanch,Woman,NONE,1,all_seats,,,,,Women,latin,data/jk/2016/Annex A Kathua.pdf,13,Annex A Kathua.pdf,,
Jammu & Kashmir,2016,Kathua,,3,Barnoti,23,Nanan,,,,gp_head,sarpanch,Other than Woman,NONE,0,all_seats,,,,,Open,latin,data/jk/2016/Annex A Kathua.pdf,13,Annex A Kathua.pdf,,
Jammu & Kashmir,2016,Kathua,,3,Barnoti,25,Palli,,,,gp_head,sarpanch,Woman,NONE,1,all_seats,,,,,Women,latin,data/jk/2016/Annex A Kathua.pdf,14,Annex A Kathua.pdf,,
Jammu & Kashmir,2016,Kathua,,3,Barnoti,26,Pandrar,,,,gp_head,sarpanch,Other than Woman,NONE,0,all_seats,,,,,Open,latin,data/jk/2016/Annex A Kathua.pdf,14,Annex A Kathua.pdf,,
Jammu & Kashmir,2016,Kathua,,3,Barnoti,27,Rakh Hoshiari,,,,gp_head,sarpanch,Other than Woman,NONE,0,all_seats,,,,,Open,latin,data/jk/2016/Annex A Kathua.pdf,14,Annex A Kathua.pdf,,
Jammu & Kashmir,2016,Kathua,,3,Barnoti,28,Trehara,,,,gp_head,sarpanch,Woman,NONE,1,all_seats,,,,,Women,latin,data/jk/2016/Annex A Kathua.pdf,14,Annex A Kathua.pdf,,
Jammu & Kashmir,2016,Kathua,,3,Barnoti,29,Uttri,,,,gp_head,sarpanch,Other than Woman,NONE,0,all_seats,,,,,Open,latin,data/jk/2016/Annex A Kathua.pdf,15,Annex A Kathua.pdf,,
Jammu & Kashmir,2016,Kathua,,4,Basohli,1,Basohli Rural,,,,gp_head,sarpanch,Woman,NONE,1,all_seats,,,,,Women,latin,data/jk/2016/Annex A Kathua.pdf,16,Annex A Kathua.pdf,,
Jammu & Kashmir,2016,Kathua,,4,Basohli,2,Ghagrore,,,,gp_head,sarpanch,Other than Woman,NONE,0,all_seats,,,,,Open,latin,data/jk/2016/Annex A Kathua.pdf,16,Annex A Kathua.pdf,,
Jammu & Kashmir,2016,Kathua,,4,Basohli,3,Jhanker,,,,gp_head,sarpanch,Other than Woman,NONE,0,all_seats,,,,,Open,latin,data/jk/2016/Annex A Kathua.pdf,16,Annex A Kathua.pdf,,
Jammu & Kashmir,2016,Kathua,,4,Basohli,4,Plahi,,,,gp_head,sarpanch,Woman,NONE,1,all_seats,,,,,Women,latin,data/jk/2016/Annex A Kathua.pdf,16,Annex A Kathua.pdf,,
Jammu & Kashmir,2016,Kathua,,4,Basohli,5,Plakh,,,,gp_head,sarpanch,Other than Woman,NONE,0,all_seats,,,,,Open,latin,data/jk/2016/Annex A Kathua.pdf,16,Annex A Kathua.pdf,,
Jammu & Kashmir,2016,Kathua,,4,Basohli,6,Plassi,,,,gp_head,sarpanch,Other than Woman,NONE,0,all_seats,,,,,Open,latin,data/jk/2016/Annex A Kathua.pdf,17,Annex A Kathua.pdf,,
Jammu & Kashmir,2016,Kathua,,4,Basohli,7,Prehta,,,,gp_head,sarpanch,Woman,NONE,1,all_seats,,,,,Women,latin,data/jk/2016/Annex A Kathua.pdf,17,Annex A Kathua.pdf,,
Jammu & Kashmir,2016,Kathua,,4,Basohli,8,Saman,,,,gp_head,sarpanch,Other than Woman,NONE,0,all_seats,,,,,Open,latin,data/jk/2016/Annex A Kathua.pdf,17,Annex A Kathua.pdf,,
Jammu & Kashmir,2016,Kathua,,5,Bhoond,1,Bhiker,,,,gp_head,sarpanch,Woman,NONE,1,all_seats,,,,,Women,latin,data/jk/2016/Annex A Kathua.pdf,18,Annex A Kathua.pdf,,
Jammu & Kashmir,2016,Kathua,,5,Bhoond,2,Bhoond,,,,gp_head,sarpanch,Other than Woman,NONE,0,all_seats,,,,,Open,latin,data/jk/2016/Annex A Kathua.pdf,18,Annex A Kathua.pdf,,
Jammu & Kashmir,2016,Kathua,,5,Bhoond,3,Dodla,,,,gp_head,sarpanch,Other than Woman,NONE,0,all_seats,,,,,Open,latin,data/jk/2016/Annex A Kathua.pdf,18,Annex A Kathua.pdf,,
Jammu & Kashmir,2016,Kathua,,5,Bhoond,4,Draman,,,,gp_head,sarpanch,Woman,NONE,1,all_seats,,,,,Women,latin,data/jk/2016/Annex A Kathua.pdf,18,Annex A Kathua.pdf,,
Jammu & Kashmir,2016,Kathua,,5,Bhoond,5,Hutt,,,,gp_head,sarpanch,Other than Woman,NONE,0,all_seats,,,,,Open,latin,data/jk/2016/Annex A Kathua.pdf,18,Annex A Kathua.pdf,,
Jammu & Kashmir,2016,Kathua,,5,Bhoond,6,Jandreli,,,,gp_head,sarpanch,Other than Woman,NONE,0,all_seats,,,,,Open,latin,data/jk/2016/Annex A Kathua.pdf,18,Annex A Kathua.pdf,,
Jammu & Kashmir,2016,Kathua,,5,Bhoond,7,Janoo,,,,gp_head,sarpanch,Woman,NONE,1,all_seats,,,,,Women,latin,data/jk/2016/Annex A Kathua.pdf,19,Annex A Kathua.pdf,,
Jammu & Kashmir,2016,Kathua,,5,Bhoond,8,Khaddi,,,,gp_head,sarpanch,Other than Woman,NONE,0,all_seats,,,,,Open,latin,data/jk/2016/Annex A Kathua.pdf,19,Annex A Kathua.pdf,,
Jammu & Kashmir,2016,Kathua,,5,Bhoond,9,Sandhar,,,,gp_head,sarpanch,Other than Woman,NONE,0,all_seats,,,,,Open,latin,data/jk/2016/Annex A Kathua.pdf,19,Annex A Kathua.pdf,,
Jammu & Kashmir,2016,Kathua,,5,Bhoond,10,Sialog,,,,gp_head,sarpanch,Woman,NONE,1,all_seats,,,,,Women,latin,data/jk/2016/Annex A Kathua.pdf,19,Annex A Kathua.pdf,,
Jammu & Kashmir,2016,Kathua,,6,Billawar,1,Batheri,,,,gp_head,sarpanch,Woman,NONE,1,all_seats,,,,,Women,latin,data/jk/2016/Annex A Kathua.pdf,20,Annex A Kathua.pdf,,
Jammu & Kashmir,2016,Kathua,,6,Billawar,2,Bhaddu Lower,,,,gp_head,sarpanch,Other than Woman,NONE,0,all_seats,,,,,Open,latin,data/jk/2016/Annex A Kathua.pdf,20,Annex A Kathua.pdf,,
Jammu & Kashmir,2016,Kathua,,6,Billawar,3,Bhaddu Upper,,,,gp_head,sarpanch,Other than Woman,NONE,0,all_seats,,,,,Open,latin,data/jk/2016/Annex A Kathua.pdf,20,Annex A Kathua.pdf,,
Jammu & Kashmir,2016,Kathua,,6,Billawar,4,Billawar Rural,,,,gp_head,sarpanch,Woman,NONE,1,all_seats,,,,,Women,latin,data/jk/2016/Annex A Kathua.pdf,20,Annex A Kathua.pdf,,
Jammu & Kashmir,2016,Kathua,,6,Billawar,5,,,,,gp_head,sarpanch,Other than Woman,NONE,0,all_seats,,,,,Open,latin,data/jk/2016/Annex A Kathua.pdf,20,Annex A Kathua.pdf,,
Jammu & Kashmir,2016,Kathua,,6,Billawar,6,Dharalta,,,,gp_head,sarpanch,Other than Woman,NONE,0,all_seats,,,,,Open,latin,data/jk/2016/Annex A Kathua.pdf,21,Annex A Kathua.pdf,,
Jammu & Kashmir,2016,Kathua,,6,Billawar,7,Dharamkote,,,,gp_head,sarpanch,SC Woman,SC,1,all_seats,,,,,SC Women,latin,data/jk/2016/Annex A Kathua.pdf,21,Annex A Kathua.pdf,,
Jammu & Kashmir,2016,Kathua,,6,Billawar,8,Dher,,,,gp_head,sarpanch,Other than Woman,NONE,0,all_seats,,,,,Open,latin,data/jk/2016/Annex A Kathua.pdf,21,Annex A Kathua.pdf,,
Jammu & Kashmir,2016,Kathua,,6,Billawar,9,Huttar,,,,gp_head,sarpanch,Other than Woman,NONE,0,all_seats,,,,,Open,latin,data/jk/2016/Annex A Kathua.pdf,21,Annex A Kathua.pdf,,
Jammu & Kashmir,2016,Kathua,,6,Billawar,10,Kishanpur,,,,gp_head,sarpanch,Woman,NONE,1,all_seats,,,,,Women,latin,data/jk/2016/Annex A Kathua.pdf,22,Annex A Kathua.pdf,,
Jammu & Kashmir,2016,Kathua,,6,Billawar,11,Malti,,,,gp_head,sarpanch,Other than Woman,NONE,0,all_seats,,,,,Open,latin,data/jk/2016/Annex A Kathua.pdf,22,Annex A Kathua.pdf,,
Jammu & Kashmir,2016,Kathua,,6,Billawar,12,Mooni,,,,gp_head,sarpanch,Other than Woman,NONE,0,all_seats,,,,,Open,latin,data/jk/2016/Annex A Kathua.pdf,22,Annex A Kathua.pdf,,
Jammu & Kashmir,2016,Kathua,,6,Billawar,13,Pallan,,,,gp_head,sarpanch,Woman,NONE,1,all_seats,,,,,Women,latin,data/jk/2016/Annex A Kathua.pdf,22,Annex A Kathua.pdf,,
Jammu & Kashmir,2016,Kathua,,6,Billawar,14,Parnalla,,,,gp_head,sarpanch,Other than Woman,NONE,0,all_seats,,,,,Open,latin,data/jk/2016/Annex A Kathua.pdf,23,Annex A Kathua.pdf,,
Jammu & Kashmir,2016,Kathua,,7,Dhar- Mahanpur,1,Adhat,,,,gp_head,sarpanch,Woman,NONE,1,all_seats,,,,,Women,latin,data/jk/2016/Annex A Kathua.pdf,24,Annex A Kathua.pdf,,
Jammu & Kashmir,2016,Kathua,,7,Dhar- Mahanpur,2,Dhar-Jhanker,,,,gp_head,sarpanch,Other than Woman,NONE,0,all_seats,,,,,Open,latin,data/jk/2016/Annex A Kathua.pdf,24,Annex A Kathua.pdf,,
Jammu & Kashmir,2016,Kathua,,7,Dhar- Mahanpur,3,Dhar-Kohar,,,,gp_head,sarpanch,Other than Woman,NONE,0,all_seats,,,,,Open,latin,data/jk/2016/Annex A Kathua.pdf,24,Annex A Kathua.pdf,,
Jammu & Kashmir,2016,Kathua,,7,Dhar- Mahanpur,4,Dhar-mahanpur,,,,gp_head,sarpanch,Woman,NONE,1,all_seats,,,,,Women,latin,data/jk/2016/Annex A Kathua.pdf,24,Annex A Kathua.pdf,,
Jammu & Kashmir,2016,Kathua,,7,Dhar- Mahanpur,5,Ghodal,,,,gp_head,sarpanch,SC Other than Woman,SC,0,all_seats,,,,,SC,latin,data/jk/2016/Annex A Kathua.pdf,24,Annex A Kathua.pdf,,
Jammu & Kashmir,2016,Kathua,,7,Dhar- Mahanpur,6,Nagali,,,,gp_head,sarpanch,Other than Woman,NONE,0,all_seats,,,,,Open,latin,data/jk/2016/Annex A Kathua.pdf,25,Annex A Kathua.pdf,,
Jammu & Kashmir,2016,Kathua,,8,Dinga Amb,1,Chilakh east,,,,gp_head,sarpanch,Woman,NONE,1,all_seats,,,,,Women,latin,data/jk/2016/Annex A Kathua.pdf,26,Annex A Kathua.pdf,,
Jammu & Kashmir,2016,Kathua,,8,Dinga Amb,2,Chilakh west,,,,gp_head,sarpanch,Other than Woman,NONE,0,all_seats,,,,,Open,latin,data/jk/2016/Annex A Kathua.pdf,26,Annex A Kathua.pdf,,
Jammu & Kashmir,2016,Kathua,,8,Dinga Amb,3,Dhalli,,,,gp_head,sarpanch,Other than Woman,NONE,0,all_seats,,,,,Open,latin,data/jk/2016/Annex A Kathua.pdf,26,Annex A Kathua.pdf,,
Jammu & Kashmir,2016,Kathua,,8,Dinga Amb,4,Dinga Amb A,,,,gp_head,sarpanch,Woman,NONE,1,all_seats,,,,,Women,latin,data/jk/2016/Annex A Kathua.pdf,27,Annex A Kathua.pdf,,
Jammu & Kashmir,2016,Kathua,,8,Dinga Amb,5,Dinga Amb B,,,,gp_head,sarpanch,Other than Woman,NONE,0,all_seats,,,,,Open,latin,data/jk/2016/Annex A Kathua.pdf,27,Annex A Kathua.pdf,,
Jammu & Kashmir,2016,Kathua,,8,Dinga Amb,6,Kattli,,,,gp_head,sarpanch,Other than Woman,NONE,0,all_seats,,,,,Open,latin,data/jk/2016/Annex A Kathua.pdf,27,Annex A Kathua.pdf,,
Jammu & Kashmir,2016,Kathua,,8,Dinga Amb,7,Magloor East,,,,gp_head,sarpanch,Woman,NONE,1,all_seats,,,,,Women,latin,data/jk/2016/Annex A Kathua.pdf,28,Annex A Kathua.pdf,,
Jammu & Kashmir,2016,Kathua,,8,Dinga Amb,8,Magloor West,,,,gp_head,sarpanch,Other than Woman,NONE,0,all_seats,,,,,Open,latin,data/jk/2016/Annex A Kathua.pdf,28,Annex A Kathua.pdf,,
Jammu & Kashmir,2016,Kathua,,8,Dinga Amb,9,Sallan,,,,gp_head,sarpanch,Other than Woman,NONE,0,all_seats,,,,,Open,latin,data/jk/2016/Annex A Kathua.pdf,28,Annex A Kathua.pdf,,
Jammu & Kashmir,2016,Kathua,,9,Duggain,1,Banjal Bhatwal,,,,gp_head,sarpanch,Woman,NONE,1,all_seats,,,,,Women,latin,data/jk/2016/Annex A Kathua.pdf,29,Annex A Kathua.pdf,,
Jammu & Kashmir,2016,Kathua,,9,Duggain,2,Bhatodi,,,,gp_head,sarpanch,Other than Woman,NONE,0,all_seats,,,,,Open,latin,data/jk/2016/Annex A Kathua.pdf,29,Annex A Kathua.pdf,,
Jammu & Kashmir,2016,Kathua,,9,Duggain,3,Dhanu Parole,,,,gp_head,sarpanch,Other than Woman,NONE,0,all_seats,,,,,Open,latin,data/jk/2016/Annex A Kathua.pdf,29,Annex A Kathua.pdf,,
Jammu & Kashmir,2016,Kathua,,9,Duggain,4,Godu Falal,,,,gp_head,sarpanch,Woman,NONE,1,all_seats,,,,,Women,latin,data/jk/2016/Annex A Kathua.pdf,29,Annex A Kathua.pdf,,
Jammu & Kashmir,2016,Kathua,,9,Duggain,5,Kohag,,,,gp_head,sarpanch,Other than Woman,NONE,0,all_seats,,,,,Open,latin,data/jk/2016/Annex A Kathua.pdf,29,Annex A Kathua.pdf,,
Jammu & Kashmir,2016,Kathua,,9,Duggain,6,Lahari,,,,gp_head,sarpanch,Other than Woman,NONE,0,all_seats,,,,,Open,latin,data/jk/2016/Annex A Kathua.pdf,30,Annex A Kathua.pdf,,
Jammu & Kashmir,2016,Kathua,,9,Duggain,7,Najote,,,,gp_head,sarpanch,Woman,NONE,1,all_seats,,,,,Women,latin,data/jk/2016/Annex A Kathua.pdf,30,Annex A Kathua.pdf,,
Jammu & Kashmir,2016,Kathua,,9,Duggain,8,Sadrota,,,,gp_head,sarpanch,Other than Woman,NONE,0,all_seats,,,,,Open,latin,data/jk/2016/Annex A Kathua.pdf,30,Annex A Kathua.pdf,,
Jammu & Kashmir,2016,Poonch,,1,Balakote,1,Balakote,,,,gp_head,sarpanch,Woman,NONE,1,all_seats,,,,,WOMEN,latin,data/jk/2016/Annex A Poonch-F.pdf,1,Annex A Poonch-F.pdf,,
Jammu & Kashmir,2016,Poonch,,1,Balakote,2,Bharooti,,,,gp_head,sarpanch,Other than Woman,NONE,0,all_seats,,,,,OPEN,latin,data/jk/2016/Annex A Poonch-F.pdf,1,Annex A Poonch-F.pdf,,
Jammu & Kashmir,2016,Poonch,,1,Balakote,3,Bhata Dhurian,,,,gp_head,sarpanch,Other than Woman,NONE,0,all_seats,,,,,OPEN,latin,data/jk/2016/Annex A Poonch-F.pdf,1,Annex A Poonch-F.pdf,,
Jammu & Kashmir,2016,Poonch,,1,Balakote,4,Chandyial Sangoite,,,,gp_head,sarpanch,Woman,NONE,1,all_seats,,,,,WOMEN,latin,data/jk/2016/Annex A Poonch-F.pdf,2,Annex A Poonch-F.pdf,,
Jammu & Kashmir,2016,Poonch,,1,Balakote,5,Dharati,,,,gp_head,sarpanch,Other than Woman,NONE,0,all_seats,,,,,OPEN,latin,data/jk/2016/Annex A Poonch-F.pdf,2,Annex A Poonch-F.pdf,,
Jammu & Kashmir,2016,Poonch,,1,Balakote,6,Dhargloon Lower,,,,gp_head,sarpanch,Other than Woman,NONE,0,all_seats,,,,,OPEN,latin,data/jk/2016/Annex A Poonch-F.pdf,2,Annex A Poonch-F.pdf,,
Jammu & Kashmir,2016,Poonch,,1,Balakote,7,Dhargloon Middle,,,,gp_head,sarpanch,Woman,NONE,1,all_seats,,,,,WOMEN,latin,data/jk/2016/Annex A Poonch-F.pdf,2,Annex A Poonch-F.pdf,,
Jammu & Kashmir,2016,Poonch,,1,Balakote,8,Dhargloon Upper,,,,gp_head,sarpanch,Other than Woman,NONE,0,all_seats,,,,,OPEN,latin,data/jk/2016/Annex A Poonch-F.pdf,2,Annex A Poonch-F.pdf,,
Jammu & Kashmir,2016,Poonch,,1,Balakote,9,J.Wali Ghali,,,,gp_head,sarpanch,ST Other than Woman,ST,0,all_seats,,,,,ST,latin,data/jk/2016/Annex A Poonch-F.pdf,2,Annex A Poonch-F.pdf,,
Jammu & Kashmir,2016,Poonch,,1,Balakote,10,Kallar Mohara,,,,gp_head,sarpanch,ST Woman,ST,1,all_seats,,,,,ST women,latin,data/jk/2016/Annex A Poonch-F.pdf,3,Annex A Poonch-F.pdf,,
Jammu & Kashmir,2016,Poonch,,1,Balakote,11,Naka Manjhari Lower,,,,gp_head,sarpanch,Other than Woman,NONE,0,all_seats,,,,,OPEN,latin,data/jk/2016/Annex A Poonch-F.pdf,3,Annex A Poonch-F.pdf,,
Jammu & Kashmir,2016,Poonch,,1,Balakote,12,Naka Manjhari Middle,,,,gp_head,sarpanch,Other than Woman,NONE,0,all_seats,,,,,OPEN,latin,data/jk/2016/Annex A Poonch-F.pdf,3,Annex A Poonch-F.pdf,,
Jammu & Kashmir,2016,Poonch,,1,Balakote,13,Naka Manjhari Upper,,,,gp_head,sarpanch,ST Woman,ST,1,all_seats,,,,,ST women,latin,data/jk/2016/Annex A Poonch-F.pdf,3,Annex A Poonch-F.pdf,,
Jammu & Kashmir,2016,Poonch,,1,Balakote,14,Nar,,,,gp_head,sarpanch,Other than Woman,NONE,0,all_seats,,,,,OPEN,latin,data/jk/2016/Annex A Poonch-F.pdf,3,Annex A Poonch-F.pdf,,
Jammu & Kashmir,2016,Poonch,,1,Balakote,15,Sangoite,,,,gp_head,sarpanch,Other than Woman,NONE,0,all_seats,,,,,OPEN,latin,data/jk/2016/Annex A Poonch-F.pdf,3,Annex A Poonch-F.pdf,,
Jammu & Kashmir,2016,Poonch,,2,Buffliaz,1,Buffliaz A,,,,gp_head,sarpanch,Woman,NONE,1,all_seats,,,,,WOMEN,latin,data/jk/2016/Annex A Poonch-F.pdf,4,Annex A Poonch-F.pdf,,
Jammu & Kashmir,2016,Poonch,,2,Buffliaz,2,Buffliaz B,,,,gp_head,sarpanch,Other than Woman,NONE,0,all_seats,,,,,OPEN,latin,data/jk/2016/Annex A Poonch-F.pdf,4,Annex A Poonch-F.pdf,,
Jammu & Kashmir,2016,Poonch,,2,Buffliaz,3,Behramgalla,,,,gp_head,sarpanch,Other than Woman,NONE,0,all_seats,,,,,OPEN,latin,data/jk/2016/Annex A Poonch-F.pdf,4,Annex A Poonch-F.pdf,,
Jammu & Kashmir,2016,Poonch,,2,Buffliaz,4,Bhunikhait,,,,gp_head,sarpanch,Woman,NONE,1,all_seats,,,,,WOMEN,latin,data/jk/2016/Annex A Poonch-F.pdf,4,Annex A Poonch-F.pdf,,
Jammu & Kashmir,2016,Poonch,,2,Buffliaz,5,Chandimarh,,,,gp_head,sarpanch,Other than Woman,NONE,0,all_seats,,,,,OPEN,latin,data/jk/2016/Annex A Poonch-F.pdf,4,Annex A Poonch-F.pdf,,
Jammu & Kashmir,2016,Poonch,,2,Buffliaz,6,Dogran Lower,,,,gp_head,sarpanch,Other than Woman,NONE,0,all_seats,,,,,OPEN,latin,data/jk/2016/Annex A Poonch-F.pdf,5,Annex A Poonch-F.pdf,,
Jammu & Kashmir,2016,Poonch,,2,Buffliaz,7,Dogran Upper,,,,gp_head,sarpanch,Woman,NONE,1,all_seats,,,,,WOMEN,latin,data/jk/2016/Annex A Poonch-F.pdf,5,Annex A Poonch-F.pdf,,
Jammu & Kashmir,2016,Poonch,,2,Buffliaz,8,Draba,,,,gp_head,sarpanch,Other than Woman,NONE,0,all_seats,,,,,OPEN,latin,data/jk/2016/Annex A Poonch-F.pdf,5,Annex A Poonch-F.pdf,,
Jammu & Kashmir,2016,Poonch,,2,Buffliaz,9,Dhara Mohra,,,,gp_head,sarpanch,ST Other than Woman,ST,0,all_seats,,,,,ST,latin,data/jk/2016/Annex A Poonch-F.pdf,5,Annex A Poonch-F.pdf,,
Jammu & Kashmir,2016,Poonch,,2,Buffliaz,10,Fazalabad Lower A,,,,gp_head,sarpanch,Woman,NONE,1,all_seats,,,,,WOMEN,latin,data/jk/2016/Annex A Poonch-F.pdf,5,Annex A Poonch-F.pdf,,
Jammu & Kashmir,2016,Poonch,,2,Buffliaz,11,Fazalabad Lower B,,,,gp_head,sarpanch,Other than Woman,NONE,0,all_seats,,,,,OPEN,latin,data/jk/2016/Annex A Poonch-F.pdf,5,Annex A Poonch-F.pdf,,
Jammu & Kashmir,2016,Poonch,,2,Buffliaz,12,Fazalabad Upper,,,,gp_head,sarpanch,Other than Woman,NONE,0,all_seats,,,,,OPEN,latin,data/jk/2016/Annex A Poonch-F.pdf,6,Annex A Poonch-F.pdf,,
Jammu & Kashmir,2016,Poonch,,2,Buffliaz,13,Fazalabad Bhatir,,,,gp_head,sarpanch,Woman,NONE,1,all_seats,,,,,WOMEN,latin,data/jk/2016/Annex A Poonch-F.pdf,6,Annex A Poonch-F.pdf,,
Jammu & Kashmir,2016,Poonch,,2,Buffliaz,14,Khetan Draba,,,,gp_head,sarpanch,ST Other than Woman,ST,0,all_seats,,,,,ST,latin,data/jk/2016/Annex A Poonch-F.pdf,6,Annex A Poonch-F.pdf,,
Jammu & Kashmir,2016,Poonch,,2,Buffliaz,15,Mastandara,,,,gp_head,sarpanch,Other than Woman,NONE,0,all_seats,,,,,OPEN,latin,data/jk/2016/Annex A Poonch-F.pdf,6,Annex A Poonch-F.pdf,,
Jammu & Kashmir,2016,Poonch,,2,Buffliaz,16,Mahra,,,,gp_head,sarpanch,Woman,NONE,1,all_seats,,,,,WOMEN,latin,data/jk/2016/Annex A Poonch-F.pdf,6,Annex A Poonch-F.pdf,,
Jammu & Kashmir,2016,Poonch,,2,Buffliaz,17,Murrah Lower(Kulali),,,,gp_head,sarpanch,ST Other than Woman,ST,0,all_seats,,,,,ST,latin,data/jk/2016/Annex A Poonch-F.pdf,7,Annex A Poonch-F.pdf,,
Jammu & Kashmir,2016,Poonch,,2,Buffliaz,18,Murrah Upper,,,,gp_head,sarpanch,ST Other than Woman,ST,0,all_seats,,,,,ST,latin,data/jk/2016/Annex A Poonch-F.pdf,7,Annex A Poonch-F.pdf,,
Jammu & Kashmir,2016,Poonch,,2,Buffliaz,19,Poshana,,,,gp_head,sarpanch,Woman,NONE,1,all_seats,,,,,WOMEN,latin,data/jk/2016/Annex A Poonch-F.pdf,7,Annex A Poonch-F.pdf,,
Jammu & Kashmir,2016,Poonch,,2,Buffliaz,20,Sailan,,,,gp_head,sarpanch,ST Other than Woman,ST,0,all_seats,,,,,ST,latin,data/jk/2016/Annex A Poonch-F.pdf,7,Annex A Poonch-F.pdf,,
Jammu & Kashmir,2016,Poonch,,2,Buffliaz,21,Sanglani,,,,gp_head,sarpanch,ST Other than Woman,ST,0,all_seats,,,,,ST,latin,data/jk/2016/Annex A Poonch-F.pdf,7,Annex A Poonch-F.pdf,,
Jammu & Kashmir,2016,Poonch,,2,Buffliaz,22,Tarranwali,,,,gp_head,sarpanch,Woman,NONE,1,all_seats,,,,,WOMEN,latin,data/jk/2016/Annex A Poonch-F.pdf,7,Annex A Poonch-F.pdf,,
Jammu & Kashmir,2016,Poonch,,3,Lassana,1,BACHIYAN WALI,,,,gp_head,sarpanch,ST Woman,ST,1,all_seats,,,,,ST Women,latin,data/jk/2016/Annex A Poonch-F.pdf,8,Annex A Poonch-F.pdf,,
Jammu & Kashmir,2016,Poonch,,3,Lassana,2,HARI BUDDHA LOWER,,,,gp_head,sarpanch,ST Other than Woman,ST,0,all_seats,,,,,ST,latin,data/jk/2016/Annex A Poonch-F.pdf,8,Annex A Poonch-F.pdf,,
Jammu & Kashmir,2016,Poonch,,3,Lassana,3,HARI BUDDHA UPPER,,,,gp_head,sarpanch,ST Other than Woman,ST,0,all_seats,,,,,ST,latin,data/jk/2016/Annex A Poonch-F.pdf,8,Annex A Poonch-F.pdf,,
Jammu & Kashmir,2016,Poonch,,3,Lassana,4,KALAI,,,,gp_head,sarpanch,ST Woman,ST,1,all_seats,,,,,ST Women,latin,data/jk/2016/Annex A Poonch-F.pdf,8,Annex A Poonch-F.pdf,,
Jammu & Kashmir,2016,Poonch,,3,Lassana,5,LASSANA (L),,,,gp_head,sarpanch,Other than Woman,NONE,0,all_seats,,,,,Open,latin,data/jk/2016/Annex A Poonch-F.pdf,8,Annex A Poonch-F.pdf,,
Jammu & Kashmir,2016,Poonch,,3,Lassana,6,LASSANA(U,,,,gp_head,sarpanch,ST Other than Woman,ST,0,all_seats,,,,,ST,latin,data/jk/2016/Annex A Poonch-F.pdf,9,Annex A Poonch-F.pdf,,
Jammu & Kashmir,2016,Poonch,,3,Lassana,7,MADANA,,,,gp_head,sarpanch,Woman,NONE,1,all_seats,,,,,Women,latin,data/jk/2016/Annex A Poonch-F.pdf,9,Annex A Poonch-F.pdf,,
Jammu & Kashmir,2016,Poonch,,3,Lassana,8,MALHAAN,,,,gp_head,sarpanch,ST Other than Woman,ST,0,all_seats,,,,,ST,latin,data/jk/2016/Annex A Poonch-F.pdf,9,Annex A Poonch-F.pdf,,
Jammu & Kashmir,2016,Poonch,,3,Lassana,9,MORHA BACHHAI (L),,,,gp_head,sarpanch,Other than Woman,NONE,0,all_seats,,,,,Open,latin,data/jk/2016/Annex A Poonch-F.pdf,9,Annex A Poonch-F.pdf,,
Jammu & Kashmir,2016,Poonch,,3,Lassana,10,MORHA BACHHAI (U),,,,gp_head,sarpanch,ST Woman,ST,1,all_seats,,,,,ST Women,latin,data/jk/2016/Annex A Poonch-F.pdf,9,Annex A Poonch-F.pdf,,
Jammu & Kashmir,2016,Poonch,,3,Lassana,11,NEHRIAN,,,,gp_head,sarpanch,ST Other than Woman,ST,0,all_seats,,,,,ST,latin,data/jk/2016/Annex A Poonch-F.pdf,10,Annex A Poonch-F.pdf,,
Jammu & Kashmir,2016,Poonch,,3,Lassana,12,PHAGLA,,,,gp_head,sarpanch,ST Other than Woman,ST,0,all_seats,,,,,ST,latin,data/jk/2016/Annex A Poonch-F.pdf,10,Annex A Poonch-F.pdf,,
Jammu & Kashmir,2016,Poonch,,3,Lassana,13,SERI CHOWANA,,,,gp_head,sarpanch,Woman,NONE,1,all_seats,,,,,WOMEN,latin,data/jk/2016/Annex A Poonch-F.pdf,10,Annex A Poonch-F.pdf,,
Jammu & Kashmir,2016,Poonch,,3,Lassana,14,SERI KHAWAJA,,,,gp_head,sarpanch,Other than Woman,NONE,0,all_seats,,,,,OPEN,latin,data/jk/2016/Annex A Poonch-F.pdf,10,Annex A Poonch-F.pdf,,
Jammu & Kashmir,2016,Poonch,,3,Lassana,15,SHEINDRA (L),,,,gp_head,sarpanch,Other than Woman,NONE,0,all_seats,,,,,OPEN,latin,data/jk/2016/Annex A Poonch-F.pdf,11,Annex A Poonch-F.pdf,,
Jammu & Kashmir,2016,Poonch,,3,Lassana,16,SHEINDRA (U),,,,gp_head,sarpanch,ST Woman,ST,1,all_seats,,,,,ST Women,latin,data/jk/2016/Annex A Poonch-F.pdf,11,Annex A Poonch-F.pdf,,
Jammu & Kashmir,2016,Poonch,,4,Loran,1,Battalkote,,,,gp_head,sarpanch,Woman,NONE,1,all_seats,,,,,Women,latin,data/jk/2016/Annex A Poonch-F.pdf,12,Annex A Poonch-F.pdf,,
Jammu & Kashmir,2016,Poonch,,4,Loran,2,Barachar,,,,gp_head,sarpanch,ST Other than Woman,ST,0,all_seats,,,,,ST,latin,data/jk/2016/Annex A Poonch-F.pdf,12,Annex A Poonch-F.pdf,,
Jammu & Kashmir,2016,Poonch,,4,Loran,3,Chikri ban,,,,gp_head,sarpanch,Other than Woman,NONE,0,all_seats,,,,,Open,latin,data/jk/2016/Annex A Poonch-F.pdf,12,Annex A Poonch-F.pdf,,
Jammu & Kashmir,2016,Poonch,,4,Loran,4,Dana Kharapa,,,,gp_head,sarpanch,Woman,NONE,1,all_seats,,,,,Women,latin,data/jk/2016/Annex A Poonch-F.pdf,12,Annex A Poonch-F.pdf,,
Jammu & Kashmir,2016,Poonch,,4,Loran,5,Lohil Bela,,,,gp_head,sarpanch,Other than Woman,NONE,0,all_seats,,,,,Open,latin,data/jk/2016/Annex A Poonch-F.pdf,13,Annex A Poonch-F.pdf,,
Jammu & Kashmir,2016,Poonch,,4,Loran,6,Loran Lower,,,,gp_head,sarpanch,Other than Woman,NONE,0,all_seats,,,,,Open,latin,data/jk/2016/Annex A Poonch-F.pdf,13,Annex A Poonch-F.pdf,,
Jammu & Kashmir,2016,Poonch,,4,Loran,7,Plera,,,,gp_head,sarpanch,Woman,NONE,1,all_seats,,,,,Women,latin,data/jk/2016/Annex A Poonch-F.pdf,13,Annex A Poonch-F.pdf,,
Jammu & Kashmir,2016,Poonch,,4,Loran,8,Tantray Gam,,,,gp_head,sarpanch,Other than Woman,NONE,0,all_seats,,,,,Open,latin,data/jk/2016/Annex A Poonch-F.pdf,14,Annex A Poonch-F.pdf,,
Jammu & Kashmir,2016,Poonch,,5,Mandi,1,Arai Haveli,,,,gp_head,sarpanch,Woman,NONE,1,all_seats,,,,,Women,latin,data/jk/2016/Annex A Poonch-F.pdf,15,Annex A Poonch-F.pdf,,
Jammu & Kashmir,2016,Poonch,,5,Mandi,2,Arai Malikan,,,,gp_head,sarpanch,Other than Woman,NONE,0,all_seats,,,,,Open,latin,data/jk/2016/Annex A Poonch-F.pdf,15,Annex A Poonch-F.pdf,,
Jammu & Kashmir,2016,Poonch,,5,Mandi,3,Arai Peeran,,,,gp_head,sarpanch,Other than Woman,NONE,0,all_seats,,,,,Open,latin,data/jk/2016/Annex A Poonch-F.pdf,15,Annex A Poonch-F.pdf,,
Jammu & Kashmir,2016,Poonch,,5,Mandi,4,Atoli,,,,gp_head,sarpanch,Woman,NONE,1,all_seats,,,,,Women,latin,data/jk/2016/Annex A Poonch-F.pdf,15,Annex A Poonch-F.pdf,,
Jammu & Kashmir,2016,Poonch,,5,Mandi,5,Azmabad,,,,gp_head,sarpanch,Other than Woman,NONE,0,all_seats,,,,,Open,latin,data/jk/2016/Annex A Poonch-F.pdf,15,Annex A Poonch-F.pdf,,
Jammu & Kashmir,2016,Poonch,,5,Mandi,6,Balnai,,,,gp_head,sarpanch,Other than Woman,NONE,0,all_seats,,,,,Open,latin,data/jk/2016/Annex A Poonch-F.pdf,16,Annex A Poonch-F.pdf,,
Jammu & Kashmir,2016,Poonch,,5,Mandi,7,Bedar,,,,gp_head,sarpanch,Woman,NONE,1,all_seats,,,,,Women,latin,data/jk/2016/Annex A Poonch-F.pdf,16,Annex A Poonch-F.pdf,,
Jammu & Kashmir,2016,Poonch,,5,Mandi,8,Chamber Kanari,,,,gp_head,sarpanch,Other than Woman,NONE,0,all_seats,,,,,Open,latin,data/jk/2016/Annex A Poonch-F.pdf,16,Annex A Poonch-F.pdf,,
Jammu & Kashmir,2016,Poonch,,5,Mandi,9,Chella,,,,gp_head,sarpanch,Other than Woman,NONE,0,all_seats,,,,,Open,latin,data/jk/2016/Annex A Poonch-F.pdf,16,Annex A Poonch-F.pdf,,
Jammu & Kashmir,2016,Poonch,,5,Mandi,10,Dunugam,,,,gp_head,sarpanch,Woman,NONE,1,all_seats,,,,,Women,latin,data/jk/2016/Annex A Poonch-F.pdf,16,Annex A Poonch-F.pdf,,
Jammu & Kashmir,2016,Poonch,,5,Mandi,11,Gagrian Chool,,,,gp_head,sarpanch,Other than Woman,NONE,0,all_seats,,,,,Open,latin,data/jk/2016/Annex A Poonch-F.pdf,17,Annex A Poonch-F.pdf,,
Jammu & Kashmir,2016,Poonch,,5,Mandi,12,Gagrian,,,,gp_head,sarpanch,Other than Woman,NONE,0,all_seats,,,,,Open,latin,data/jk/2016/Annex A Poonch-F.pdf,17,Annex A Poonch-F.pdf,,
Jammu & Kashmir,2016,Poonch,,5,Mandi,13,Mandi,,,,gp_head,sarpanch,Woman,NONE,1,all_seats,,,,,Women,latin,data/jk/2016/Annex A Poonch-F.pdf,17,Annex A Poonch-F.pdf,,
Jammu & Kashmir,2016,Poonch,,5,Mandi,14,Raj Pura,,,,gp_head,sarpanch,Other than Woman,NONE,0,all_seats,,,,,Open,latin,data/jk/2016/Annex A Poonch-F.pdf,17,Annex A Poonch-F.pdf,,
Jammu & Kashmir,2016,Poonch,,5,Mandi,15,Sawjian A,,,,gp_head,sarpanch,Other than Woman,NONE,0,all_seats,,,,,Open,latin,data/jk/2016/Annex A Poonch-F.pdf,18,Annex A Poonch-F.pdf,,
Jammu & Kashmir,2016,Poonch,,5,Mandi,16,Sawjian B,,,,gp_head,sarpanch,Woman,NONE,1,all_seats,,,,,Women,latin,data/jk/2016/Annex A Poonch-F.pdf,18,Annex A Poonch-F.pdf,,
Jammu & Kashmir,2016,Poonch,,6,Mankote,1,Balnoi,,,,gp_head,sarpanch,ST Woman,ST,1,all_seats,,,,,ST women,latin,data/jk/2016/Annex A Poonch-F.pdf,19,Annex A Poonch-F.pdf,,
Jammu & Kashmir,2016,Poonch,,6,Mankote,2,Chajjla Lower,,,,gp_head,sarpanch,ST Other than Woman,ST,0,all_seats,,,,,ST,latin,data/jk/2016/Annex A Poonch-F.pdf,19,Annex A Poonch-F.pdf,,
Jammu & Kashmir,2016,Poonch,,6,Mankote,3,Chajjla Upper,,,,gp_head,sarpanch,Other than Woman,NONE,0,all_seats,,,,,OPEN,latin,data/jk/2016/Annex A Poonch-F.pdf,19,Annex A Poonch-F.pdf,,
Jammu & Kashmir,2016,Poonch,,6,Mankote,4,Dabraj,,,,gp_head,sarpanch,ST Woman,ST,1,all_seats,,,,,ST women,latin,data/jk/2016/Annex A Poonch-F.pdf,19,Annex A Poonch-F.pdf,,
Jammu & Kashmir,2016,Poonch,,6,Mankote,5,Ghani Dhrati,,,,gp_head,sarpanch,ST Other than Woman,ST,0,all_seats,,,,,ST,latin,data/jk/2016/Annex A Poonch-F.pdf,20,Annex A Poonch-F.pdf,,
Jammu & Kashmir,2016,Poonch,,6,Mankote,6,Ghani Lower,,,,gp_head,sarpanch,Other than Woman,NONE,0,all_seats,,,,,OPEN,latin,data/jk/2016/Annex A Poonch-F.pdf,20,Annex A Poonch-F.pdf,,
Jammu & Kashmir,2016,Poonch,,6,Mankote,7,Kasblari Lower,,,,gp_head,sarpanch,Woman,NONE,1,all_seats,,,,,WOMEN,latin,data/jk/2016/Annex A Poonch-F.pdf,20,Annex A Poonch-F.pdf,,
Jammu & Kashmir,2016,Poonch,,6,Mankote,8,Kasblari Upper,,,,gp_head,sarpanch,ST Other than Woman,ST,0,all_seats,,,,,ST,latin,data/jk/2016/Annex A Poonch-F.pdf,20,Annex A Poonch-F.pdf,,
Jammu & Kashmir,2016,Poonch,,6,Mankote,9,Mankote Lower,,,,gp_head,sarpanch,Other than Woman,NONE,0,all_seats,,,,,OPEN,latin,data/jk/2016/Annex A Poonch-F.pdf,21,Annex A Poonch-F.pdf,,
Jammu & Kashmir,2016,Poonch,,6,Mankote,10,Mankote Upper,,,,gp_head,sarpanch,ST Woman,ST,1,all_seats,,,,,ST women,latin,data/jk/2016/Annex A Poonch-F.pdf,21,Annex A Poonch-F.pdf,,
Jammu & Kashmir,2016,Poonch,,6,Mankote,11,Sagra,,,,gp_head,sarpanch,Other than Woman,NONE,0,all_seats,,,,,OPEN,latin,data/jk/2016/Annex A Poonch-F.pdf,21,Annex A Poonch-F.pdf,,
Jammu & Kashmir,2016,Poonch,,6,Mankote,12,Salani,,,,gp_head,sarpanch,ST Other than Woman,ST,0,all_seats,,,,,ST,latin,data/jk/2016/Annex A Poonch-F.pdf,21,Annex A Poonch-F.pdf,,
Jammu & Kashmir,2016,Poonch,,6,Mankote,13,Topa Thera,,,,gp_head,sarpanch,ST Woman,ST,1,all_seats,,,,,ST women,latin,data/jk/2016/Annex A Poonch-F.pdf,22,Annex A Poonch-F.pdf,,
Jammu & Kashmir,2016,Poonch,,6,Mankote,14,Uchhad,,,,gp_head,sarpanch,Other than Woman,NONE,0,all_seats,,,,,OPEN,latin,data/jk/2016/Annex A Poonch-F.pdf,22,Annex A Poonch-F.pdf,,
Jammu & Kashmir,2016,Doda,,,9. Dali Udyanpu r,,1 Bagla,,,,gp_head,sarpanch,Woman,NONE,1,all_seats,,,,,Women,latin,data/jk/2016/Annex B Doda.pdf,1,Annex B Doda.pdf,,
Jammu & Kashmir,2016,Doda,,,9. Dali Udyanpu r,2,Barath- A,,,,gp_head,sarpanch,Other than Woman,NONE,0,all_seats,,,,,Open,latin,data/jk/2016/Annex B Doda.pdf,1,Annex B Doda.pdf,,
Jammu & Kashmir,2016,Doda,,,9. Dali Udyanpu r,3,Barath- B,,,,gp_head,sarpanch,Other than Woman,NONE,0,all_seats,,,,,Open,latin,data/jk/2016/Annex B Doda.pdf,1,Annex B Doda.pdf,,
Jammu & Kashmir,2016,Doda,,,9. Dali Udyanpu r,4,Dhar- B,,,,gp_head,sarpanch,Woman,NONE,1,all_seats,,,,,Women,latin,data/jk/2016/Annex B Doda.pdf,2,Annex B Doda.pdf,,
Jammu & Kashmir,2016,Doda,,,9. Dali Udyanpu r,5,Kalihand,,,,gp_head,sarpanch,Other than Woman,NONE,0,all_seats,,,,,Open,latin,data/jk/2016/Annex B Doda.pdf,2,Annex B Doda.pdf,,
Jammu & Kashmir,2016,Doda,,,9. Dali Udyanpu r,6,Kulhand,,,,gp_head,sarpanch,Other than Woman,NONE,0,all_seats,,,,,Open,latin,data/jk/2016/Annex B Doda.pdf,2,Annex B Doda.pdf,,
Jammu & Kashmir,2016,Doda,,,9. Dali Udyanpu r,7,Seel,,,,gp_head,sarpanch,Woman,NONE,1,all_seats,,,,,Women,latin,data/jk/2016/Annex B Doda.pdf,3,Annex B Doda.pdf,,
Jammu & Kashmir,2016,Doda,,,9. Dali Udyanpu r,8,Udyanpu r,,,,gp_head,sarpanch,Other than Woman,NONE,0,all_seats,,,,,Open,latin,data/jk/2016/Annex B Doda.pdf,3,Annex B Doda.pdf,,
Jammu & Kashmir,2016,Doda,,,9. Dali Udyanpu r,9,Ugad,,,,gp_head,sarpanch,Other than Woman,NONE,0,all_seats,,,,,Open,latin,data/jk/2016/Annex B Doda.pdf,3,Annex B Doda.pdf,,
Jammu & Kashmir,2016,Doda,,,10. Doda (Ghat),1,Arnora- L,,,,gp_head,sarpanch,Woman,NONE,1,all_seats,,,,,Women,latin,data/jk/2016/Annex B Doda.pdf,4,Annex B Doda.pdf,,
Jammu & Kashmir,2016,Doda,,,10. Doda (Ghat),2,Arnora- U,,,,gp_head,sarpanch,Other than Woman,NONE,0,all_seats,,,,,Open,latin,data/jk/2016/Annex B Doda.pdf,4,Annex B Doda.pdf,,
Jammu & Kashmir,2016,Doda,,,10. Doda (Ghat),3,Bhaboor,,,,gp_head,sarpanch,Other than Woman,NONE,0,all_seats,,,,,Open,latin,data/jk/2016/Annex B Doda.pdf,4,Annex B Doda.pdf,,
Jammu & Kashmir,2016,Doda,,,10. Doda (Ghat),4,Birshalla,,,,gp_head,sarpanch,Woman,NONE,1,all_seats,,,,,Women,latin,data/jk/2016/Annex B Doda.pdf,4,Annex B Doda.pdf,,
Jammu & Kashmir,2016,Doda,,,10. Doda (Ghat),5,Dashnan,,,,gp_head,sarpanch,Other than Woman,NONE,0,all_seats,,,,,Open,latin,data/jk/2016/Annex B Doda.pdf,5,Annex B Doda.pdf,,
Jammu & Kashmir,2016,Doda,,,10. Doda (Ghat),6,Dhar- A,,,,gp_head,sarpanch,Other than Woman,NONE,0,all_seats,,,,,Open,latin,data/jk/2016/Annex B Doda.pdf,5,Annex B Doda.pdf,,
Jammu & Kashmir,2016,Doda,,,10. Doda (Ghat),7,Dhara- A,,,,gp_head,sarpanch,Woman,NONE,1,all_seats,,,,,Women,latin,data/jk/2016/Annex B Doda.pdf,5,Annex B Doda.pdf,,
Jammu & Kashmir,2016,Doda,,,10. Doda (Ghat),8,Dhara- B,,,,gp_head,sarpanch,Other than Woman,NONE,0,all_seats,,,,,O p e n,latin,data/jk/2016/Annex B Doda.pdf,6,Annex B Doda.pdf,,
Jammu & Kashmir,2016,Doda,,,10. Doda (Ghat),9,Hanch,,,,gp_head,sarpanch,Other than Woman,NONE,0,all_seats,,,,,Open,latin,data/jk/2016/Annex B Doda.pdf,6,Annex B Doda.pdf,,
Jammu & Kashmir,2016,Doda,,,10. Doda (Ghat),10,Jijote,,,,gp_head,sarpanch,Woman,NONE,1,all_seats,,,,,Women,latin,data/jk/2016/Annex B Doda.pdf,6,Annex B Doda.pdf,,
Jammu & Kashmir,2016,Doda,,,10. Doda (Ghat),11,Jodhpur- A,,,,gp_head,sarpanch,Other than Woman,NONE,0,all_seats,,,,,Open,latin,data/jk/2016/Annex B Doda.pdf,7,Annex B Doda.pdf,,
Jammu & Kashmir,2016,Doda,,,10. Doda (Ghat),12,Jodhpur- B,,,,gp_head,sarpanch,Other than Woman,NONE,0,all_seats,,,,,Open,latin,data/jk/2016/Annex B Doda.pdf,7,Annex B Doda.pdf,,
Jammu & Kashmir,2016,Doda,,,10. Doda (Ghat),13,Koti,,,,gp_head,sarpanch,Woman,NONE,1,all_seats,,,,,Women,latin,data/jk/2016/Annex B Doda.pdf,8,Annex B Doda.pdf,,
Jammu & Kashmir,2016,Doda,,,10. Doda (Ghat),14,Roti- Paderna,,,,gp_head,sarpanch,Other than Woman,NONE,0,all_seats,,,,,Open,latin,data/jk/2016/Annex B Doda.pdf,8,Annex B Doda.pdf,,
Jammu & Kashmir,2016,Doda,,,10. Doda (Ghat),15,Sharerna,,,,gp_head,sarpanch,Other than Woman,NONE,0,all_seats,,,,,Open,latin,data/jk/2016/Annex B Doda.pdf,8,Annex B Doda.pdf,,
Jammu & Kashmir,2016,Doda,,,10. Doda (Ghat),16,Shiva,,,,gp_head,sarpanch,Other than Woman,NONE,0,all_seats,,,,,Open,latin,data/jk/2016/Annex B Doda.pdf,9,Annex B Doda.pdf,,
Jammu & Kashmir,2016,Doda,,,11. Gundana,1,Barshalla,,,,gp_head,sarpanch,Woman,NONE,1,all_seats,,,,,Women,latin,data/jk/2016/Annex B Doda.pdf,9,Annex B Doda.pdf,,
Jammu & Kashmir,2016,Doda,,,11. Gundana,2,Bhalwan a,,,,gp_head,sarpanch,Other than Woman,NONE,0,all_seats,,,,,Open,latin,data/jk/2016/Annex B Doda.pdf,9,Annex B Doda.pdf,,
Jammu & Kashmir,2016,Doda,,,11. Gundana,3,Cheroute,,,,gp_head,sarpanch,Other than Woman,NONE,0,all_seats,,,,,Open,latin,data/jk/2016/Annex B Doda.pdf,10,Annex B Doda.pdf,,
Jammu & Kashmir,2016,Doda,,,11. Gundana,4,Dal- Khankote,,,,gp_head,sarpanch,Woman,NONE,1,all_seats,,,,,Women,latin,data/jk/2016/Annex B Doda.pdf,10,Annex B Doda.pdf,,
Jammu & Kashmir,2016,Doda,,,11. Gundana,5,Dongroo,,,,gp_head,sarpanch,Other than Woman,NONE,0,all_seats,,,,,Open,latin,data/jk/2016/Annex B Doda.pdf,10,Annex B Doda.pdf,,
Jammu & Kashmir,2016,Doda,,,11. Gundana,6,Grather- A,,,,gp_head,sarpanch,Other than Woman,NONE,0,all_seats,,,,,Open,latin,data/jk/2016/Annex B Doda.pdf,11,Annex B Doda.pdf,,
Jammu & Kashmir,2016,Doda,,,11. Gundana,7,Grather- B,,,,gp_head,sarpanch,Woman,NONE,1,all_seats,,,,,Women,latin,data/jk/2016/Annex B Doda.pdf,11,Annex B Doda.pdf,,
Jammu & Kashmir,2016,Doda,,,11. Gundana,8,Gundna,,,,gp_head,sarpanch,Other than Woman,NONE,0,all_seats,,,,,Open,latin,data/jk/2016/Annex B Doda.pdf,11,Annex B Doda.pdf,,
Jammu & Kashmir,2016,Doda,,,11. Gundana,9,Jatheli,,,,gp_head,sarpanch,Other than Woman,NONE,0,all_seats,,,,,Open,latin,data/jk/2016/Annex B Doda.pdf,12,Annex B Doda.pdf,,
Jammu & Kashmir,2016,Doda,,,11. Gundana,,10 Ludna,,,,gp_head,sarpanch,Woman,NONE,1,all_seats,,,,,Women,latin,data/jk/2016/Annex B Doda.pdf,12,Annex B Doda.pdf,,
Jammu & Kashmir,2016,Doda,,,11. Gundana,11,Malwana East,,,,gp_head,sarpanch,Other than Woman,NONE,0,all_seats,,,,,Open,latin,data/jk/2016/Annex B Doda.pdf,13,Annex B Doda.pdf,,
Jammu & Kashmir,2016,Doda,,,11. Gundana,12,Malwana West,,,,gp_head,sarpanch,Other than Woman,NONE,0,all_seats,,,,,Open,latin,data/jk/2016/Annex B Doda.pdf,13,Annex B Doda.pdf,,
Jammu & Kashmir,2016,Doda,,,11. Gundana,13,Mohalla,,,,gp_head,sarpanch,Woman,NONE,1,all_seats,,,,,Women,latin,data/jk/2016/Annex B Doda.pdf,13,Annex B Doda.pdf,,
Jammu & Kashmir,2016,Doda,,,11. Gundana,14,Persholla- A,,,,gp_head,sarpanch,Other than Woman,NONE,0,all_seats,,,,,Open,latin,data/jk/2016/Annex B Doda.pdf,14,Annex B Doda.pdf,,
Jammu & Kashmir,2016,Doda,,,11. Gundana,15,Persholla- B,,,,gp_head,sarpanch,Other than Woman,NONE,0,all_seats,,,,,Open,latin,data/jk/2016/Annex B Doda.pdf,14,Annex B Doda.pdf,,
Jammu & Kashmir,2016,Doda,,,12. Jakyas,1,Bhatyas,,,,gp_head,sarpanch,Woman,NONE,1,all_seats,,,,,Women,latin,data/jk/2016/Annex B Doda.pdf,15,Annex B Doda.pdf,,
Jammu & Kashmir,2016,Doda,,,12. Jakyas,2,Budhli,,,,gp_head,sarpanch,Other than Woman,NONE,0,all_seats,,,,,Open,latin,data/jk/2016/Annex B Doda.pdf,15,Annex B Doda.pdf,,
Jammu & Kashmir,2016,Doda,,,12. Jakyas,3,Challer,,,,gp_head,sarpanch,Other than Woman,NONE,0,all_seats,,,,,Open,latin,data/jk/2016/Annex B Doda.pdf,15,Annex B Doda.pdf,,
Jammu & Kashmir,2016,Doda,,,12. Jakyas,4,Champal,,,,gp_head,sarpanch,ST Woman,ST,1,all_seats,,,,,ST Women,latin,data/jk/2016/Annex B Doda.pdf,15,Annex B Doda.pdf,,
Jammu & Kashmir,2016,Doda,,,12. Jakyas,5,Chanyas,,,,gp_head,sarpanch,Other than Woman,NONE,0,all_seats,,,,,Open,latin,data/jk/2016/Annex B Doda.pdf,16,Annex B Doda.pdf,,
Jammu & Kashmir,2016,Doda,,,12. Jakyas,6,Gondow- A,,,,gp_head,sarpanch,Other than Woman,NONE,0,all_seats,,,,,Open,latin,data/jk/2016/Annex B Doda.pdf,16,Annex B Doda.pdf,,
Jammu & Kashmir,2016,Doda,,,12. Jakyas,7,Gondow- B,,,,gp_head,sarpanch,Woman,NONE,1,all_seats,,,,,Women,latin,data/jk/2016/Annex B Doda.pdf,16,Annex B Doda.pdf,,
Jammu & Kashmir,2016,Doda,,,12. Jakyas,8,Jakyas- A,,,,gp_head,sarpanch,Other than Woman,NONE,0,all_seats,,,,,Open,latin,data/jk/2016/Annex B Doda.pdf,17,Annex B Doda.pdf,,
Jammu & Kashmir,2016,Doda,,,12. Jakyas,9,Jakyas- B,,,,gp_head,sarpanch,Other than Woman,NONE,0,all_seats,,,,,Open,latin,data/jk/2016/Annex B Doda.pdf,17,Annex B Doda.pdf,,
Jammu & Kashmir,2016,Doda,,,12. Jakyas,10,Tilogra,,,,gp_head,sarpanch,Other than Woman,NONE,0,all_seats,,,,,Open,latin,data/jk/2016/Annex B Doda.pdf,17,Annex B Doda.pdf,,
Jammu & Kashmir,2016,Doda,,,13. Kahara,1,Bathri,,,,gp_head,sarpanch,ST Woman,ST,1,all_seats,,,,,ST Women,latin,data/jk/2016/Annex B Doda.pdf,18,Annex B Doda.pdf,,
Jammu & Kashmir,2016,Doda,,,13. Kahara,2,Batogra,,,,gp_head,sarpanch,Other than Woman,NONE,0,all_seats,,,,,Open,latin,data/jk/2016/Annex B Doda.pdf,18,Annex B Doda.pdf,,
Jammu & Kashmir,2016,Doda,,,13. Kahara,3,Dharyout h,,,,gp_head,sarpanch,Other than Woman,NONE,0,all_seats,,,,,Open,latin,data/jk/2016/Annex B Doda.pdf,19,Annex B Doda.pdf,,
Jammu & Kashmir,2016,Doda,,,13. Kahara,4,Goila,,,,gp_head,sarpanch,Woman,NONE,1,all_seats,,,,,Women,latin,data/jk/2016/Annex B Doda.pdf,19,Annex B Doda.pdf,,
Jammu & Kashmir,2016,Doda,,,13. Kahara,5,Hallaran,,,,gp_head,sarpanch,ST Other than Woman,ST,0,all_seats,,,,,ST,latin,data/jk/2016/Annex B Doda.pdf,19,Annex B Doda.pdf,,
Jammu & Kashmir,2016,Doda,,,13. Kahara,6,Jia,,,,gp_head,sarpanch,Other than Woman,NONE,0,all_seats,,,,,Open,latin,data/jk/2016/Annex B Doda.pdf,19,Annex B Doda.pdf,,
Jammu & Kashmir,2016,Doda,,,13. Kahara,7,Joura,,,,gp_head,sarpanch,Woman,NONE,1,all_seats,,,,,Women,latin,data/jk/2016/Annex B Doda.pdf,20,Annex B Doda.pdf,,
Jammu & Kashmir,2016,Doda,,,13. Kahara,8,Joura Khurd,,,,gp_head,sarpanch,Other than Woman,NONE,0,all_seats,,,,,Open,latin,data/jk/2016/Annex B Doda.pdf,20,Annex B Doda.pdf,,
Jammu & Kashmir,2016,Doda,,,13. Kahara,9,Kansoo,,,,gp_head,sarpanch,Other than Woman,NONE,0,all_seats,,,,,Open,latin,data/jk/2016/Annex B Doda.pdf,20,Annex B Doda.pdf,,
Jammu & Kashmir,2016,Doda,,,13. Kahara,10,Kencha/ Bitola,,,,gp_head,sarpanch,Woman,NONE,1,all_seats,,,,,Women,latin,data/jk/2016/Annex B Doda.pdf,21,Annex B Doda.pdf,,
Jammu & Kashmir,2016,Doda,,,13. Kahara,11,Malanoo,,,,gp_head,sarpanch,Other than Woman,NONE,0,all_seats,,,,,Open,latin,data/jk/2016/Annex B Doda.pdf,21,Annex B Doda.pdf,,
Jammu & Kashmir,2016,Doda,,,13. Kahara,12,Tanta,,,,gp_head,sarpanch,Other than Woman,NONE,0,all_seats,,,,,Open,latin,data/jk/2016/Annex B Doda.pdf,22,Annex B Doda.pdf,,
Jammu & Kashmir,2016,Doda,,,14. Kastigarh,1,Dhandal- A,,,,gp_head,sarpanch,Woman,NONE,1,all_seats,,,,,Women,latin,data/jk/2016/Annex B Doda.pdf,22,Annex B Doda.pdf,,
Jammu & Kashmir,2016,Doda,,,14. Kastigarh,2,Dhandal- B,,,,gp_head,sarpanch,Other than Woman,NONE,0,all_seats,,,,,Open,latin,data/jk/2016/Annex B Doda.pdf,23,Annex B Doda.pdf,,
Jammu & Kashmir,2016,Doda,,,14. Kastigarh,3,Gagla,,,,gp_head,sarpanch,Other than Woman,NONE,0,all_seats,,,,,Open,latin,data/jk/2016/Annex B Doda.pdf,23,Annex B Doda.pdf,,
Jammu & Kashmir,2016,Doda,,,14. Kastigarh,4,Kastigarh,,,,gp_head,sarpanch,Woman,NONE,1,all_seats,,,,,Women,latin,data/jk/2016/Annex B Doda.pdf,23,Annex B Doda.pdf,,
Jammu & Kashmir,2016,Doda,,,14. Kastigarh,5,Kotli,,,,gp_head,sarpanch,Other than Woman,NONE,0,all_seats,,,,,Open,latin,data/jk/2016/Annex B Doda.pdf,24,Annex B Doda.pdf,,
Jammu & Kashmir,2016,Doda,,,14. Kastigarh,6,Kuddhar,,,,gp_head,sarpanch,Other than Woman,NONE,0,all_seats,,,,,Open,latin,data/jk/2016/Annex B Doda.pdf,25,Annex B Doda.pdf,,
Jammu & Kashmir,2016,Doda,,,14. Kastigarh,7,Mund Dhar,,,,gp_head,sarpanch,Woman,NONE,1,all_seats,,,,,Women,latin,data/jk/2016/Annex B Doda.pdf,25,Annex B Doda.pdf,,
Jammu & Kashmir,2016,Doda,,,14. Kastigarh,8,Munddha r lower,,,,gp_head,sarpanch,Other than Woman,NONE,0,all_seats,,,,,Open,latin,data/jk/2016/Annex B Doda.pdf,26,Annex B Doda.pdf,,
Jammu & Kashmir,2016,Doda,,,15. Khellani,1,Hambal- A,,,,gp_head,sarpanch,Woman,NONE,1,all_seats,,,,,Women,latin,data/jk/2016/Annex B Doda.pdf,26,Annex B Doda.pdf,,
Jammu & Kashmir,2016,Doda,,,15. Khellani,2,Hambal- B,,,,gp_head,sarpanch,SC Other than Woman,SC,0,all_seats,,,,,SC,latin,data/jk/2016/Annex B Doda.pdf,26,Annex B Doda.pdf,,
Jammu & Kashmir,2016,Doda,,,15. Khellani,3,Khellani,,,,gp_head,sarpanch,Other than Woman,NONE,0,all_seats,,,,,Open,latin,data/jk/2016/Annex B Doda.pdf,26,Annex B Doda.pdf,,
Jammu & Kashmir,2016,Doda,,,15. Khellani,4,Malhori,,,,gp_head,sarpanch,Woman,NONE,1,all_seats,,,,,Women,latin,data/jk/2016/Annex B Doda.pdf,27,Annex B Doda.pdf,,
Jammu & Kashmir,2016,Doda,,,15. Khellani,5,Paryote- A,,,,gp_head,sarpanch,Other than Woman,NONE,0,all_seats,,,,,Open,latin,data/jk/2016/Annex B Doda.pdf,27,Annex B Doda.pdf,,
Jammu & Kashmir,2016,Doda,,,15. Khellani,6,Paryote- B,,,,gp_head,sarpanch,Other than Woman,NONE,0,all_seats,,,,,Open,latin,data/jk/2016/Annex B Doda.pdf,27,Annex B Doda.pdf,,
Jammu & Kashmir,2016,Doda,,,15. Khellani,7,Sars,,,,gp_head,sarpanch,Woman,NONE,1,all_seats,,,,,Women,latin,data/jk/2016/Annex B Doda.pdf,28,Annex B Doda.pdf,,
Jammu & Kashmir,2016,Doda,,,15. Khellani,8,Sarsi,,,,gp_head,sarpanch,Other than Woman,NONE,0,all_seats,,,,,Open,latin,data/jk/2016/Annex B Doda.pdf,28,Annex B Doda.pdf,,
Jammu & Kashmir,2016,Doda,,,16. Marmat,1,Bari,,,,gp_head,sarpanch,Woman,NONE,1,all_seats,,,,,Women,latin,data/jk/2016/Annex B Doda.pdf,28,Annex B Doda.pdf,,
Jammu & Kashmir,2016,Doda,,,16. Marmat,2,Behota Loga,,,,gp_head,sarpanch,Other than Woman,NONE,0,all_seats,,,,,Open,latin,data/jk/2016/Annex B Doda.pdf,29,Annex B Doda.pdf,,
Jammu & Kashmir,2016,Doda,,,16. Marmat,3,Behota Lower,,,,gp_head,sarpanch,Other than Woman,NONE,0,all_seats,,,,,Open,latin,data/jk/2016/Annex B Doda.pdf,29,Annex B Doda.pdf,,
Jammu & Kashmir,2016,Doda,,,16. Marmat,4,Goha,,,,gp_head,sarpanch,Woman,NONE,1,all_seats,,,,,Women,latin,data/jk/2016/Annex B Doda.pdf,29,Annex B Doda.pdf,,
Jammu & Kashmir,2016,Doda,,,16. Marmat,5,Mangota- A,,,,gp_head,sarpanch,Other than Woman,NONE,0,all_seats,,,,,Open,latin,data/jk/2016/Annex B Doda.pdf,30,Annex B Doda.pdf,,
Jammu & Kashmir,2016,Doda,,,16. Marmat,6,Mangota- B,,,,gp_head,sarpanch,Other than Woman,NONE,0,all_seats,,,,,Open,latin,data/jk/2016/Annex B Doda.pdf,30,Annex B Doda.pdf,,
Jammu & Kashmir,2016,Doda,,,16. Marmat,7,Mothi- A,,,,gp_head,sarpanch,Woman,NONE,1,all_seats,,,,,Women,latin,data/jk/2016/Annex B Doda.pdf,31,Annex B Doda.pdf,,
Jammu & Kashmir,2016,Doda,,,16. Marmat,8,Mothi- B,,,,gp_head,sarpanch,Other than Woman,NONE,0,all_seats,,,,,Open,latin,data/jk/2016/Annex B Doda.pdf,31,Annex B Doda.pdf,,
Jammu & Kashmir,2016,Doda,,,16. Marmat,9,Prabal,,,,gp_head,sarpanch,Other than Woman,NONE,0,all_seats,,,,,Open,latin,data/jk/2016/Annex B Doda.pdf,32,Annex B Doda.pdf,,
Jammu & Kashmir,2016,Doda,,,16. Marmat,10,Roat- A,,,,gp_head,sarpanch,Woman,NONE,1,all_seats,,,,,Women,latin,data/jk/2016/Annex B Doda.pdf,32,Annex B Doda.pdf,,
Jammu & Kashmir,2016,Doda,,,16. Marmat,11,Roat- B,,,,gp_head,sarpanch,Other than Woman,NONE,0,all_seats,,,,,Open,latin,data/jk/2016/Annex B Doda.pdf,32,Annex B Doda.pdf,,
Jammu & Kashmir,2016,Doda,,,16. Marmat,12,Sarak,,,,gp_head,sarpanch,Other than Woman,NONE,0,all_seats,,,,,Open,latin,data/jk/2016/Annex B Doda.pdf,32,Annex B Doda.pdf,,
Jammu & Kashmir,2016,Doda,,,16. Marmat,13,Sewat,,,,gp_head,sarpanch,Woman,NONE,1,all_seats,,,,,Women,latin,data/jk/2016/Annex B Doda.pdf,33,Annex B Doda.pdf,,
Jammu & Kashmir,2016,Doda,,,16. Marmat,14,Upper Behota,,,,gp_head,sarpanch,Other than Woman,NONE,0,all_seats,,,,,Open,latin,data/jk/2016/Annex B Doda.pdf,33,Annex B Doda.pdf,,
Jammu & Kashmir,2016,Doda,,,17. Thathri,1,Bhatoli,,,,gp_head,sarpanch,Woman,NONE,1,all_seats,,,,,Women,latin,data/jk/2016/Annex B Doda.pdf,33,Annex B Doda.pdf,,
Jammu & Kashmir,2016,Doda,,,17. Thathri,2,Bhella,,,,gp_head,sarpanch,Other than Woman,NONE,0,all_seats,,,,,Open,latin,data/jk/2016/Annex B Doda.pdf,34,Annex B Doda.pdf,,
Jammu & Kashmir,2016,Doda,,,17. Thathri,3,Jangalwa r,,,,gp_head,sarpanch,Other than Woman,NONE,0,all_seats,,,,,Open,latin,data/jk/2016/Annex B Doda.pdf,34,Annex B Doda.pdf,,
Jammu & Kashmir,2016,Doda,,,17. Thathri,4,Kandote,,,,gp_head,sarpanch,Woman,NONE,1,all_seats,,,,,Women,latin,data/jk/2016/Annex B Doda.pdf,34,Annex B Doda.pdf,,
Jammu & Kashmir,2016,Doda,,,17. Thathri,5,Nandna,,,,gp_head,sarpanch,Other than Woman,NONE,0,all_seats,,,,,Open,latin,data/jk/2016/Annex B Doda.pdf,35,Annex B Doda.pdf,,
Jammu & Kashmir,2016,Doda,,,17. Thathri,6,Panthan,,,,gp_head,sarpanch,SC Other than Woman,SC,0,all_seats,,,,,SC,latin,data/jk/2016/Annex B Doda.pdf,35,Annex B Doda.pdf,,
Jammu & Kashmir,2016,Doda,,,17. Thathri,7,Phagsoo- A,,,,gp_head,sarpanch,Woman,NONE,1,all_seats,,,,,Women,latin,data/jk/2016/Annex B Doda.pdf,35,Annex B Doda.pdf,,
Jammu & Kashmir,2016,Doda,,,17. Thathri,8,Phagsoo- B,,,,gp_head,sarpanch,Other than Woman,NONE,0,all_seats,,,,,Open,latin,data/jk/2016/Annex B Doda.pdf,36,Annex B Doda.pdf,,
Jammu & Kashmir,2016,Doda,,,17. Thathri,9,Sharote,,,,gp_head,sarpanch,Other than Woman,NONE,0,all_seats,,,,,Open,latin,data/jk/2016/Annex B Doda.pdf,36,Annex B Doda.pdf,,
Jammu & Kashmir,2016,Doda,,,17. Thathri,10,Thathri- B,,,,gp_head,sarpanch,Other than Woman,NONE,0,all_seats,,,,,Open,latin,data/jk/2016/Annex B Doda.pdf,36,Annex B Doda.pdf,,
Jammu & Kashmir,2016,Kathua,,10,Duggan,1,BANJAL,,,,gp_head,sarpanch,Woman,NONE,1,all_seats,,,,,Women,latin,data/jk/2016/Annex B Kathua.pdf,1,Annex B Kathua.pdf,,
Jammu & Kashmir,2016,Kathua,,10,Duggan,2,Bari,,,,gp_head,sarpanch,ST Other than Woman,ST,0,all_seats,,,,,ST,latin,data/jk/2016/Annex B Kathua.pdf,1,Annex B Kathua.pdf,,
Jammu & Kashmir,2016,Kathua,,10,Duggan,3,Bhakoga,,,,gp_head,sarpanch,ST Other than Woman,ST,0,all_seats,,,,,ST,latin,data/jk/2016/Annex B Kathua.pdf,1,Annex B Kathua.pdf,,
Jammu & Kashmir,2016,Kathua,,10,Duggan,4,Bhullari,,,,gp_head,sarpanch,ST Woman,ST,1,all_seats,,,,,ST Women,latin,data/jk/2016/Annex B Kathua.pdf,1,Annex B Kathua.pdf,,
Jammu & Kashmir,2016,Kathua,,10,Duggan,5,Chaloge,,,,gp_head,sarpanch,Other than Woman,NONE,0,all_seats,,,,,Open,latin,data/jk/2016/Annex B Kathua.pdf,1,Annex B Kathua.pdf,,
Jammu & Kashmir,2016,Kathua,,10,Duggan,6,Dhaggar,,,,gp_head,sarpanch,Other than Woman,NONE,0,all_seats,,,,,Open,latin,data/jk/2016/Annex B Kathua.pdf,2,Annex B Kathua.pdf,,
Jammu & Kashmir,2016,Kathua,,10,Duggan,7,Dhaman,,,,gp_head,sarpanch,Woman,NONE,1,all_seats,,,,,Women,latin,data/jk/2016/Annex B Kathua.pdf,2,Annex B Kathua.pdf,,
Jammu & Kashmir,2016,Kathua,,10,Duggan,8,Duggan,,,,gp_head,sarpanch,ST Other than Woman,ST,0,all_seats,,,,,ST,latin,data/jk/2016/Annex B Kathua.pdf,2,Annex B Kathua.pdf,,
Jammu & Kashmir,2016,Kathua,,10,Duggan,9,Dullangal,,,,gp_head,sarpanch,ST Other than Woman,ST,0,all_seats,,,,,ST,latin,data/jk/2016/Annex B Kathua.pdf,2,Annex B Kathua.pdf,,
Jammu & Kashmir,2016,Kathua,,10,Duggan,10,Koti,,,,gp_head,sarpanch,Woman,NONE,1,all_seats,,,,,Women,latin,data/jk/2016/Annex B Kathua.pdf,2,Annex B Kathua.pdf,,
Jammu & Kashmir,2016,Kathua,,10,Duggan,11,Surjan,,,,gp_head,sarpanch,ST Other than Woman,ST,0,all_seats,,,,,ST,latin,data/jk/2016/Annex B Kathua.pdf,3,Annex B Kathua.pdf,,
Jammu & Kashmir,2016,Kathua,,10,Duggan,12,Surjan chak,,,,gp_head,sarpanch,ST Other than Woman,ST,0,all_seats,,,,,ST,latin,data/jk/2016/Annex B Kathua.pdf,3,Annex B Kathua.pdf,,
Jammu & Kashmir,2016,Kathua,,11,Hiranagar,1,Bhayia,,,,gp_head,sarpanch,Woman,NONE,1,all_seats,,,,,Women,latin,data/jk/2016/Annex B Kathua.pdf,4,Annex B Kathua.pdf,,
Jammu & Kashmir,2016,Kathua,,11,Hiranagar,2,Chann Khatiran,,,,gp_head,sarpanch,Other than Woman,NONE,0,all_seats,,,,,Open,latin,data/jk/2016/Annex B Kathua.pdf,4,Annex B Kathua.pdf,,
Jammu & Kashmir,2016,Kathua,,11,Hiranagar,3,Gara,,,,gp_head,sarpanch,Other than Woman,NONE,0,all_seats,,,,,Open,latin,data/jk/2016/Annex B Kathua.pdf,4,Annex B Kathua.pdf,,
Jammu & Kashmir,2016,Kathua,,11,Hiranagar,4,,,,,gp_head,sarpanch,Woman,NONE,1,all_seats,,,,,Women,latin,data/jk/2016/Annex B Kathua.pdf,4,Annex B Kathua.pdf,,
Jammu & Kashmir,2016,Kathua,,11,Hiranagar,5,Jandi,,,,gp_head,sarpanch,Other than Woman,NONE,0,all_seats,,,,,Open,latin,data/jk/2016/Annex B Kathua.pdf,5,Annex B Kathua.pdf,,
Jammu & Kashmir,2016,Kathua,,11,Hiranagar,6,Kattal Brahmna,,,,gp_head,sarpanch,Other than Woman,NONE,0,all_seats,,,,,Open,latin,data/jk/2016/Annex B Kathua.pdf,5,Annex B Kathua.pdf,,
Jammu & Kashmir,2016,Kathua,,11,Hiranagar,7,Kootah,,,,gp_head,sarpanch,Woman,NONE,1,all_seats,,,,,Women,latin,data/jk/2016/Annex B Kathua.pdf,5,Annex B Kathua.pdf,,
Jammu & Kashmir,2016,Kathua,,11,Hiranagar,8,Kunthal,,,,gp_head,sarpanch,Other than Woman,NONE,0,all_seats,,,,,Open,latin,data/jk/2016/Annex B Kathua.pdf,5,Annex B Kathua.pdf,,
Jammu & Kashmir,2016,Kathua,,11,Hiranagar,9,Loundi,,,,gp_head,sarpanch,Other than Woman,NONE,0,all_seats,,,,,Open,latin,data/jk/2016/Annex B Kathua.pdf,6,Annex B Kathua.pdf,,
Jammu & Kashmir,2016,Kathua,,11,Hiranagar,10,Mela,,,,gp_head,sarpanch,Woman,NONE,1,all_seats,,,,,Women,latin,data/jk/2016/Annex B Kathua.pdf,6,Annex B Kathua.pdf,,
Jammu & Kashmir,2016,Kathua,,11,Hiranagar,11,Pathwal,,,,gp_head,sarpanch,Other than Woman,NONE,0,all_seats,,,,,Open,latin,data/jk/2016/Annex B Kathua.pdf,6,Annex B Kathua.pdf,,
Jammu & Kashmir,2016,Kathua,,11,Hiranagar,12,Satura,,,,gp_head,sarpanch,Other than Woman,NONE,0,all_seats,,,,,Open,latin,data/jk/2016/Annex B Kathua.pdf,7,Annex B Kathua.pdf,,
Jammu & Kashmir,2016,Kathua,,11,Hiranagar,13,Sprain,,,,gp_head,sarpanch,Woman,NONE,1,all_seats,,,,,Women,latin,data/jk/2016/Annex B Kathua.pdf,7,Annex B Kathua.pdf,,
Jammu & Kashmir,2016,Kathua,,11,Hiranagar,14,Sube Chak,,,,gp_head,sarpanch,Other than Woman,NONE,0,all_seats,,,,,Open,latin,data/jk/2016/Annex B Kathua.pdf,7,Annex B Kathua.pdf,,
Jammu & Kashmir,2016,Kathua,,12,Kathua,1,Badala,,,,gp_head,sarpanch,SC Woman,SC,1,all_seats,,,,,SC Women,latin,data/jk/2016/Annex B Kathua.pdf,8,Annex B Kathua.pdf,,
Jammu & Kashmir,2016,Kathua,,12,Kathua,2,Bhed Blode,,,,gp_head,sarpanch,Other than Woman,NONE,0,all_seats,,,,,Open,latin,data/jk/2016/Annex B Kathua.pdf,8,Annex B Kathua.pdf,,
Jammu & Kashmir,2016,Kathua,,12,Kathua,3,Chak Gadha Dhar,,,,gp_head,sarpanch,SC Other than Woman,SC,0,all_seats,,,,,SC,latin,data/jk/2016/Annex B Kathua.pdf,8,Annex B Kathua.pdf,,
Jammu & Kashmir,2016,Kathua,,12,Kathua,4,Chak Sardar Desa Singh,,,,gp_head,sarpanch,SC Woman,SC,1,all_seats,,,,,SC Women,latin,data/jk/2016/Annex B Kathua.pdf,8,Annex B Kathua.pdf,,
Jammu & Kashmir,2016,Kathua,,12,Kathua,5,Chak sona Nupa,,,,gp_head,sarpanch,Other than Woman,NONE,0,all_seats,,,,,Open,latin,data/jk/2016/Annex B Kathua.pdf,9,Annex B Kathua.pdf,,
Jammu & Kashmir,2016,Kathua,,12,Kathua,6,Changran,,,,gp_head,sarpanch,SC Other than Woman,SC,0,all_seats,,,,,SC,latin,data/jk/2016/Annex B Kathua.pdf,9,Annex B Kathua.pdf,,
Jammu & Kashmir,2016,Kathua,,12,Kathua,7,Dilwan,,,,gp_head,sarpanch,Woman,NONE,1,all_seats,,,,,Women,latin,data/jk/2016/Annex B Kathua.pdf,9,Annex B Kathua.pdf,,
Jammu & Kashmir,2016,Kathua,,12,Kathua,8,Govindsar-A,,,,gp_head,sarpanch,Other than Woman,NONE,0,all_seats,,,,,Open,latin,data/jk/2016/Annex B Kathua.pdf,10,Annex B Kathua.pdf,,
Jammu & Kashmir,2016,Kathua,,12,Kathua,9,Govindsar -B,,,,gp_head,sarpanch,Other than Woman,NONE,0,all_seats,,,,,Open,latin,data/jk/2016/Annex B Kathua.pdf,10,Annex B Kathua.pdf,,
Jammu & Kashmir,2016,Kathua,,12,Kathua,10,Janglote East,,,,gp_head,sarpanch,Woman,NONE,1,all_seats,,,,,Women,latin,data/jk/2016/Annex B Kathua.pdf,10,Annex B Kathua.pdf,,
Jammu & Kashmir,2016,Kathua,,12,Kathua,11,Janglote South,,,,gp_head,sarpanch,Other than Woman,NONE,0,all_seats,,,,,Open,latin,data/jk/2016/Annex B Kathua.pdf,10,Annex B Kathua.pdf,,
Jammu & Kashmir,2016,Kathua,,12,Kathua,12,Jaglote west,,,,gp_head,sarpanch,Other than Woman,NONE,0,all_seats,,,,,Open,latin,data/jk/2016/Annex B Kathua.pdf,11,Annex B Kathua.pdf,,
Jammu & Kashmir,2016,Kathua,,12,Kathua,13,Kathera,,,,gp_head,sarpanch,Woman,NONE,1,all_seats,,,,,Women,latin,data/jk/2016/Annex B Kathua.pdf,11,Annex B Kathua.pdf,,
Jammu & Kashmir,2016,Kathua,,12,Kathua,14,Kharote,,,,gp_head,sarpanch,Other than Woman,NONE,0,all_seats,,,,,Open,latin,data/jk/2016/Annex B Kathua.pdf,11,Annex B Kathua.pdf,,
Jammu & Kashmir,2016,Kathua,,12,Kathua,15,Logate,,,,gp_head,sarpanch,Other than Woman,NONE,0,all_seats,,,,,Open,latin,data/jk/2016/Annex B Kathua.pdf,11,Annex B Kathua.pdf,,
Jammu & Kashmir,2016,Kathua,,12,Kathua,16,Mehtabpur,,,,gp_head,sarpanch,Woman,NONE,1,all_seats,,,,,Women,latin,data/jk/2016/Annex B Kathua.pdf,12,Annex B Kathua.pdf,,
Jammu & Kashmir,2016,Kathua,,12,Kathua,17,Rakh Lachipur,,,,gp_head,sarpanch,Other than Woman,NONE,0,all_seats,,,,,Open,latin,data/jk/2016/Annex B Kathua.pdf,12,Annex B Kathua.pdf,,
Jammu & Kashmir,2016,Kathua,,12,Kathua,18,Sahar,,,,gp_head,sarpanch,Other than Woman,NONE,0,all_seats,,,,,Open,latin,data/jk/2016/Annex B Kathua.pdf,13,Annex B Kathua.pdf,,
Jammu & Kashmir,2016,Kathua,,13,Keerian Gandyal HQ Lakhanpur,1,Basantpur,,,,gp_head,sarpanch,Woman,NONE,1,all_seats,,,,,Women,latin,data/jk/2016/Annex B Kathua.pdf,14,Annex B Kathua.pdf,,
Jammu & Kashmir,2016,Kathua,,13,Keerian Gandyal HQ Lakhanpur,2,Dhanna,,,,gp_head,sarpanch,Other than Woman,NONE,0,all_seats,,,,,Open,latin,data/jk/2016/Annex B Kathua.pdf,14,Annex B Kathua.pdf,,
Jammu & Kashmir,2016,Kathua,,13,Keerian Gandyal HQ Lakhanpur,3,Dhanore,,,,gp_head,sarpanch,Other than Woman,NONE,0,all_seats,,,,,Open,latin,data/jk/2016/Annex B Kathua.pdf,14,Annex B Kathua.pdf,,
Jammu & Kashmir,2016,Kathua,,13,Keerian Gandyal HQ Lakhanpur,4,Domar,,,,gp_head,sarpanch,Woman,NONE,1,all_seats,,,,,Women,latin,data/jk/2016/Annex B Kathua.pdf,14,Annex B Kathua.pdf,,
Jammu & Kashmir,2016,Kathua,,13,Keerian Gandyal HQ Lakhanpur,5,Gandyal,,,,gp_head,sarpanch,Other than Woman,NONE,0,all_seats,,,,,Open,latin,data/jk/2016/Annex B Kathua.pdf,15,Annex B Kathua.pdf,,
Jammu & Kashmir,2016,Kathua,,13,Keerian Gandyal HQ Lakhanpur,6,Hatli,,,,gp_head,sarpanch,Other than Woman,NONE,0,all_seats,,,,,Open,latin,data/jk/2016/Annex B Kathua.pdf,15,Annex B Kathua.pdf,,
Jammu & Kashmir,2016,Kathua,,13,Keerian Gandyal HQ Lakhanpur,7,Hote,,,,gp_head,sarpanch,Woman,NONE,1,all_seats,,,,,Women,latin,data/jk/2016/Annex B Kathua.pdf,15,Annex B Kathua.pdf,,
Jammu & Kashmir,2016,Kathua,,13,Keerian Gandyal HQ Lakhanpur,,Jagatpur,,,,gp_head,sarpanch,Other than Woman,NONE,0,all_seats,,,,,Open,latin,data/jk/2016/Annex B Kathua.pdf,15,Annex B Kathua.pdf,,
Jammu & Kashmir,2016,Kathua,,13,Keerian Gandyal HQ Lakhanpur,9,Jandore,,,,gp_head,sarpanch,Other than Woman,NONE,0,all_seats,,,,,Open,latin,data/jk/2016/Annex B Kathua.pdf,16,Annex B Kathua.pdf,,
Jammu & Kashmir,2016,Kathua,,13,Keerian Gandyal HQ Lakhanpur,10,Karroh,,,,gp_head,sarpanch,Woman,NONE,1,all_seats,,,,,Women,latin,data/jk/2016/Annex B Kathua.pdf,16,Annex B Kathua.pdf,,
Jammu & Kashmir,2016,Kathua,,13,Keerian Gandyal HQ Lakhanpur,11,Keerian,,,,gp_head,sarpanch,Other than Woman,NONE,0,all_seats,,,,,Open,latin,data/jk/2016/Annex B Kathua.pdf,16,Annex B Kathua.pdf,,
Jammu & Kashmir,2016,Kathua,,13,Keerian Gandyal HQ Lakhanpur,12,Khanayara,,,,gp_head,sarpanch,Other than Woman,NONE,0,all_seats,,,,,Open,latin,data/jk/2016/Annex B Kathua.pdf,17,Annex B Kathua.pdf,,
Jammu & Kashmir,2016,Kathua,,13,Keerian Gandyal HQ Lakhanpur,13,Maha,,,,gp_head,sarpanch,SC Woman,SC,1,all_seats,,,,,SC Women,latin,data/jk/2016/Annex B Kathua.pdf,17,Annex B Kathua.pdf,,
Jammu & Kashmir,2016,Kathua,,13,Keerian Gandyal HQ Lakhanpur,14,Sowla,,,,gp_head,sarpanch,Other than Woman,NONE,0,all_seats,,,,,Open,latin,data/jk/2016/Annex B Kathua.pdf,17,Annex B Kathua.pdf,,
Jammu & Kashmir,2016,Kathua,,13,Keerian Gandyal HQ Lakhanpur,15,Thein,,,,gp_head,sarpanch,Other than Woman,NONE,0,all_seats,,,,,Open,latin,data/jk/2016/Annex B Kathua.pdf,18,Annex B Kathua.pdf,,
Jammu & Kashmir,2016,Kathua,,13,Keerian Gandyal HQ Lakhanpur,16,Tridwan,,,,gp_head,sarpanch,Other than Woman,NONE,0,all_seats,,,,,Open,latin,data/jk/2016/Annex B Kathua.pdf,18,Annex B Kathua.pdf,,
Jammu & Kashmir,2016,Kathua,,14,Lohai Malhar,1,Badnota,,,,gp_head,sarpanch,Woman,NONE,1,all_seats,,,,,Women,latin,data/jk/2016/Annex B Kathua.pdf,19,Annex B Kathua.pdf,,
Jammu & Kashmir,2016,Kathua,,14,Lohai Malhar,2,Kindli,,,,gp_head,sarpanch,Other than Woman,NONE,0,all_seats,,,,,Open,latin,data/jk/2016/Annex B Kathua.pdf,19,Annex B Kathua.pdf,,
Jammu & Kashmir,2016,Kathua,,14,Lohai Malhar,3,Machhedi,,,,gp_head,sarpanch,Other than Woman,NONE,0,all_seats,,,,,Open,latin,data/jk/2016/Annex B Kathua.pdf,19,Annex B Kathua.pdf,,
Jammu & Kashmir,2016,Kathua,,14,Lohai Malhar,4,Malad,,,,gp_head,sarpanch,Woman,NONE,1,all_seats,,,,,Women,latin,data/jk/2016/Annex B Kathua.pdf,19,Annex B Kathua.pdf,,
Jammu & Kashmir,2016,Kathua,,14,Lohai Malhar,5,Malhar,,,,gp_head,sarpanch,Other than Woman,NONE,0,all_seats,,,,,Open,latin,data/jk/2016/Annex B Kathua.pdf,19,Annex B Kathua.pdf,,
Jammu & Kashmir,2016,Kathua,,14,Lohai Malhar,6,Lower Thall,,,,gp_head,sarpanch,Other than Woman,NONE,0,all_seats,,,,,Open,latin,data/jk/2016/Annex B Kathua.pdf,20,Annex B Kathua.pdf,,
Jammu & Kashmir,2016,Kathua,,14,Lohai Malhar,7,Upper Thall,,,,gp_head,sarpanch,Other than Woman,NONE,0,all_seats,,,,,Open,latin,data/jk/2016/Annex B Kathua.pdf,20,Annex B Kathua.pdf,,
Jammu & Kashmir,2016,Kathua,,15,Mahanpur,1,Athoon,,,,gp_head,sarpanch,Woman,NONE,1,all_seats,,,,,Women,latin,data/jk/2016/Annex B Kathua.pdf,21,Annex B Kathua.pdf,,
Jammu & Kashmir,2016,Kathua,,15,Mahanpur,2,Athialta,,,,gp_head,sarpanch,Other than Woman,NONE,0,all_seats,,,,,Open,latin,data/jk/2016/Annex B Kathua.pdf,21,Annex B Kathua.pdf,,
Jammu & Kashmir,2016,Kathua,,15,Mahanpur,3,Chunera,,,,gp_head,sarpanch,Other than Woman,NONE,0,all_seats,,,,,Open,latin,data/jk/2016/Annex B Kathua.pdf,21,Annex B Kathua.pdf,,
Jammu & Kashmir,2016,Kathua,,15,Mahanpur,4,Dambra East,,,,gp_head,sarpanch,Woman,NONE,1,all_seats,,,,,Women,latin,data/jk/2016/Annex B Kathua.pdf,21,Annex B Kathua.pdf,,
Jammu & Kashmir,2016,Kathua,,15,Mahanpur,5,Dambra West,,,,gp_head,sarpanch,Other than Woman,NONE,0,all_seats,,,,,Open,latin,data/jk/2016/Annex B Kathua.pdf,21,Annex B Kathua.pdf,,
Jammu & Kashmir,2016,Kathua,,15,Mahanpur,6,Dhamlar,,,,gp_head,sarpanch,Other than Woman,NONE,0,all_seats,,,,,Open,latin,data/jk/2016/Annex B Kathua.pdf,22,Annex B Kathua.pdf,,
Jammu & Kashmir,2016,Kathua,,15,Mahanpur,7,Mahanpur - A,,,,gp_head,sarpanch,Woman,NONE,1,all_seats,,,,,Women,latin,data/jk/2016/Annex B Kathua.pdf,22,Annex B Kathua.pdf,,
Jammu & Kashmir,2016,Kathua,,15,Mahanpur,8,Mahanpur - B,,,,gp_head,sarpanch,Other than Woman,NONE,0,all_seats,,,,,Open,latin,data/jk/2016/Annex B Kathua.pdf,22,Annex B Kathua.pdf,,
Jammu & Kashmir,2016,Kathua,,15,Mahanpur,9,Mara-Patti,,,,gp_head,sarpanch,Other than Woman,NONE,0,all_seats,,,,,Open,latin,data/jk/2016/Annex B Kathua.pdf,22,Annex B Kathua.pdf,,
Jammu & Kashmir,2016,Kathua,,15,Mahanpur,10,Noweshra,,,,gp_head,sarpanch,Woman,NONE,1,all_seats,,,,,Women,latin,data/jk/2016/Annex B Kathua.pdf,23,Annex B Kathua.pdf,,
Jammu & Kashmir,2016,Kathua,,15,Mahanpur,11,Plail,,,,gp_head,sarpanch,Other than Woman,NONE,0,all_seats,,,,,Open,latin,data/jk/2016/Annex B Kathua.pdf,23,Annex B Kathua.pdf,,
Jammu & Kashmir,2016,Kathua,,15,Mahanpur,12,Poonda,,,,gp_head,sarpanch,Other than Woman,NONE,0,all_seats,,,,,Open,latin,data/jk/2016/Annex B Kathua.pdf,23,Annex B Kathua.pdf,,
Jammu & Kashmir,2016,Kathua,,15,Mahanpur,13,Sabar,,,,gp_head,sarpanch,Other than Woman,NONE,0,all_seats,,,,,Open,latin,data/jk/2016/Annex B Kathua.pdf,24,Annex B Kathua.pdf,,
Jammu & Kashmir,2016,Kathua,,16,Mandli,1,Barota,,,,gp_head,sarpanch,Woman,NONE,1,all_seats,,,,,Women,latin,data/jk/2016/Annex B Kathua.pdf,25,Annex B Kathua.pdf,,
Jammu & Kashmir,2016,Kathua,,16,Mandli,2,Dungara Lower,,,,gp_head,sarpanch,SC Other than Woman,SC,0,all_seats,,,,,SC,latin,data/jk/2016/Annex B Kathua.pdf,25,Annex B Kathua.pdf,,
Jammu & Kashmir,2016,Kathua,,16,Mandli,3,Dungara Upper,,,,gp_head,sarpanch,SC Other than Woman,SC,0,all_seats,,,,,SC,latin,data/jk/2016/Annex B Kathua.pdf,25,Annex B Kathua.pdf,,
Jammu & Kashmir,2016,Kathua,,16,Mandli,4,Durang,,,,gp_head,sarpanch,Woman,NONE,1,all_seats,,,,,Women,latin,data/jk/2016/Annex B Kathua.pdf,25,Annex B Kathua.pdf,,
Jammu & Kashmir,2016,Kathua,,16,Mandli,5,"Gurakalyal ""A""",,,,gp_head,sarpanch,Other than Woman,NONE,0,all_seats,,,,,Open,latin,data/jk/2016/Annex B Kathua.pdf,26,Annex B Kathua.pdf,,
Jammu & Kashmir,2016,Kathua,,16,Mandli,6,"Gurakalyal ""B""",,,,gp_head,sarpanch,Other than Woman,NONE,0,all_seats,,,,,Open,latin,data/jk/2016/Annex B Kathua.pdf,26,Annex B Kathua.pdf,,
Jammu & Kashmir,2016,Kathua,,16,Mandli,7,Rampur,,,,gp_head,sarpanch,Woman,NONE,1,all_seats,,,,,Women,latin,data/jk/2016/Annex B Kathua.pdf,26,Annex B Kathua.pdf,,
Jammu & Kashmir,2016,Kathua,,16,Mandli,8,Thanthu,,,,gp_head,sarpanch,Other than Woman,NONE,0,all_seats,,,,,Open,latin,data/jk/2016/Annex B Kathua.pdf,27,Annex B Kathua.pdf,,
Jammu & Kashmir,2016,Kathua,,17,Marheen,1,Bann,,,,gp_head,sarpanch,Woman,NONE,1,all_seats,,,,,Women,latin,data/jk/2016/Annex B Kathua.pdf,28,Annex B Kathua.pdf,,
Jammu & Kashmir,2016,Kathua,,17,Marheen,2,Bobiya,,,,gp_head,sarpanch,Other than Woman,NONE,0,all_seats,,,,,Open,latin,data/jk/2016/Annex B Kathua.pdf,28,Annex B Kathua.pdf,,
Jammu & Kashmir,2016,Kathua,,17,Marheen,3,Chadwal,,,,gp_head,sarpanch,Other than Woman,NONE,0,all_seats,,,,,Open,latin,data/jk/2016/Annex B Kathua.pdf,28,Annex B Kathua.pdf,,
Jammu & Kashmir,2016,Kathua,,17,Marheen,4,Chak Bhagwana,,,,gp_head,sarpanch,Woman,NONE,1,all_seats,,,,,Women,latin,data/jk/2016/Annex B Kathua.pdf,28,Annex B Kathua.pdf,,
Jammu & Kashmir,2016,Kathua,,17,Marheen,5,Chak Desa Choudharian,,,,gp_head,sarpanch,Other than Woman,NONE,0,all_seats,,,,,Open,latin,data/jk/2016/Annex B Kathua.pdf,28,Annex B Kathua.pdf,,
Jammu & Kashmir,2016,Kathua,,17,Marheen,6,Chak Gopala,,,,gp_head,sarpanch,Other than Woman,NONE,0,all_seats,,,,,Open,latin,data/jk/2016/Annex B Kathua.pdf,29,Annex B Kathua.pdf,,
Jammu & Kashmir,2016,Kathua,,17,Marheen,7,Chak Haria,,,,gp_head,sarpanch,Woman,NONE,1,all_seats,,,,,Women,latin,data/jk/2016/Annex B Kathua.pdf,29,Annex B Kathua.pdf,,
Jammu & Kashmir,2016,Kathua,,17,Marheen,8,Chak Nathal,,,,gp_head,sarpanch,SC Other than Woman,SC,0,all_seats,,,,,SC,latin,data/jk/2016/Annex B Kathua.pdf,29,Annex B Kathua.pdf,,
Jammu & Kashmir,2016,Kathua,,17,Marheen,9,Chandwan,,,,gp_head,sarpanch,Other than Woman,NONE,0,all_seats,,,,,Open,latin,data/jk/2016/Annex B Kathua.pdf,30,Annex B Kathua.pdf,,
Jammu & Kashmir,2016,Kathua,,17,Marheen,10,Changi,,,,gp_head,sarpanch,Woman,NONE,1,all_seats,,,,,Women,latin,data/jk/2016/Annex B Kathua.pdf,30,Annex B Kathua.pdf,,
Jammu & Kashmir,2016,Kathua,,17,Marheen,11,Chann Lal Din,,,,gp_head,sarpanch,Other than Woman,NONE,0,all_seats,,,,,Open,latin,data/jk/2016/Annex B Kathua.pdf,30,Annex B Kathua.pdf,,
Jammu & Kashmir,2016,Kathua,,17,Marheen,12,Devo chak,,,,gp_head,sarpanch,Other than Woman,NONE,0,all_seats,,,,,Open,latin,data/jk/2016/Annex B Kathua.pdf,31,Annex B Kathua.pdf,,
Jammu & Kashmir,2016,Kathua,,17,Marheen,13,Ghair,,,,gp_head,sarpanch,Woman,NONE,1,all_seats,,,,,Women,latin,data/jk/2016/Annex B Kathua.pdf,31,Annex B Kathua.pdf,,
Jammu & Kashmir,2016,Kathua,,17,Marheen,14,Haripur,,,,gp_head,sarpanch,Other than Woman,NONE,0,all_seats,,,,,Open,latin,data/jk/2016/Annex B Kathua.pdf,31,Annex B Kathua.pdf,,
Jammu & Kashmir,2016,Kathua,,17,Marheen,15,Khanpur,,,,gp_head,sarpanch,Other than Woman,NONE,0,all_seats,,,,,Open,latin,data/jk/2016/Annex B Kathua.pdf,32,Annex B Kathua.pdf,,
Jammu & Kashmir,2016,Kathua,,17,Marheen,16,Korepunnu,,,,gp_head,sarpanch,SC Woman,SC,1,all_seats,,,,,SC Women,latin,data/jk/2016/Annex B Kathua.pdf,32,Annex B Kathua.pdf,,
Jammu & Kashmir,2016,Kathua,,17,Marheen,17,Ladhwal,,,,gp_head,sarpanch,Other than Woman,NONE,0,all_seats,,,,,Open,latin,data/jk/2016/Annex B Kathua.pdf,33,Annex B Kathua.pdf,,
Jammu & Kashmir,2016,Kathua,,17,Marheen,18,Marheen,,,,gp_head,sarpanch,SC Other than Woman,SC,0,all_seats,,,,,SC,latin,data/jk/2016/Annex B Kathua.pdf,33,Annex B Kathua.pdf,,
Jammu & Kashmir,2016,Kathua,,17,Marheen,19,Mukandpur,,,,gp_head,sarpanch,Woman,NONE,1,all_seats,,,,,Women,latin,data/jk/2016/Annex B Kathua.pdf,33,Annex B Kathua.pdf,,
Jammu & Kashmir,2016,Kathua,,17,Marheen,20,Pansar,,,,gp_head,sarpanch,Other than Woman,NONE,0,all_seats,,,,,Open,latin,data/jk/2016/Annex B Kathua.pdf,34,Annex B Kathua.pdf,,
Jammu & Kashmir,2016,Kathua,,17,Marheen,21,Seswan,,,,gp_head,sarpanch,Other than Woman,NONE,0,all_seats,,,,,Open,latin,data/jk/2016/Annex B Kathua.pdf,34,Annex B Kathua.pdf,,
Jammu & Kashmir,2016,Kathua,,18,Nagri,1,Airwan,,,,gp_head,sarpanch,SC Woman,SC,1,all_seats,,,,,SC Women,latin,data/jk/2016/Annex B Kathua.pdf,35,Annex B Kathua.pdf,,
Jammu & Kashmir,2016,Kathua,,18,Nagri,2,Bhajwal,,,,gp_head,sarpanch,SC Other than Woman,SC,0,all_seats,,,,,SC,latin,data/jk/2016/Annex B Kathua.pdf,35,Annex B Kathua.pdf,,
Jammu & Kashmir,2016,Kathua,,18,Nagri,3,Flote-B,,,,gp_head,sarpanch,SC Other than Woman,SC,0,all_seats,,,,,SC,latin,data/jk/2016/Annex B Kathua.pdf,35,Annex B Kathua.pdf,,
Jammu & Kashmir,2016,Kathua,,18,Nagri,4,Goond,,,,gp_head,sarpanch,SC Woman,SC,1,all_seats,,,,,SC Women,latin,data/jk/2016/Annex B Kathua.pdf,35,Annex B Kathua.pdf,,
Jammu & Kashmir,2016,Kathua,,18,Nagri,5,Jakhbar,,,,gp_head,sarpanch,Other than Woman,NONE,0,all_seats,,,,,Open,latin,data/jk/2016/Annex B Kathua.pdf,35,Annex B Kathua.pdf,,
Jammu & Kashmir,2016,Kathua,,18,Nagri,6,Jarai,,,,gp_head,sarpanch,SC Other than Woman,SC,0,all_seats,,,,,SC,latin,data/jk/2016/Annex B Kathua.pdf,35,Annex B Kathua.pdf,,
Jammu & Kashmir,2016,Kathua,,18,Nagri,7,Khokhyal,,,,gp_head,sarpanch,SC Woman,SC,1,all_seats,,,,,SC Women,latin,data/jk/2016/Annex B Kathua.pdf,36,Annex B Kathua.pdf,,
Jammu & Kashmir,2016,Kathua,,18,Nagri,8,Mirpur Ram,,,,gp_head,sarpanch,SC Other than Woman,SC,0,all_seats,,,,,SC,latin,data/jk/2016/Annex B Kathua.pdf,36,Annex B Kathua.pdf,,
Jammu & Kashmir,2016,Kathua,,18,Nagri,9,Muthi Jagir,,,,gp_head,sarpanch,Other than Woman,NONE,0,all_seats,,,,,Open,latin,data/jk/2016/Annex B Kathua.pdf,36,Annex B Kathua.pdf,,
Jammu & Kashmir,2016,Kathua,,18,Nagri,10,Padyari,,,,gp_head,sarpanch,SC Woman,SC,1,all_seats,,,,,SC Women,latin,data/jk/2016/Annex B Kathua.pdf,37,Annex B Kathua.pdf,,
Jammu & Kashmir,2016,Kathua,,18,Nagri,11,Pandori,,,,gp_head,sarpanch,Other than Woman,NONE,0,all_seats,,,,,Open,latin,data/jk/2016/Annex B Kathua.pdf,37,Annex B Kathua.pdf,,
Jammu & Kashmir,2016,Kathua,,18,Nagri,12,Tarafbala,,,,gp_head,sarpanch,SC Other than Woman,SC,0,all_seats,,,,,SC,latin,data/jk/2016/Annex B Kathua.pdf,37,Annex B Kathua.pdf,,
Jammu & Kashmir,2016,Kathua,,19,Nagrota Gujroo,1,Aglidhar,,,,gp_head,sarpanch,Woman,NONE,1,all_seats,,,,,Women,latin,data/jk/2016/Annex B Kathua.pdf,38,Annex B Kathua.pdf,,
Jammu & Kashmir,2016,Kathua,,19,Nagrota Gujroo,2,Amualla,,,,gp_head,sarpanch,Other than Woman,NONE,0,all_seats,,,,,Open,latin,data/jk/2016/Annex B Kathua.pdf,38,Annex B Kathua.pdf,,
Jammu & Kashmir,2016,Kathua,,19,Nagrota Gujroo,3,Danjasdhar,,,,gp_head,sarpanch,Other than Woman,NONE,0,all_seats,,,,,Open,latin,data/jk/2016/Annex B Kathua.pdf,38,Annex B Kathua.pdf,,
Jammu & Kashmir,2016,Kathua,,19,Nagrota Gujroo,4,Derli,,,,gp_head,sarpanch,Woman,NONE,1,all_seats,,,,,Women,latin,data/jk/2016/Annex B Kathua.pdf,38,Annex B Kathua.pdf,,
Jammu & Kashmir,2016,Kathua,,19,Nagrota Gujroo,5,Galak,,,,gp_head,sarpanch,Other than Woman,NONE,0,all_seats,,,,,Open,latin,data/jk/2016/Annex B Kathua.pdf,38,Annex B Kathua.pdf,,
Jammu & Kashmir,2016,Kathua,,19,Nagrota Gujroo,6,Kah,,,,gp_head,sarpanch,Other than Woman,NONE,0,all_seats,,,,,Open,latin,data/jk/2016/Annex B Kathua.pdf,39,Annex B Kathua.pdf,,
Jammu & Kashmir,2016,Kathua,,19,Nagrota Gujroo,7,Kandharnoo,,,,gp_head,sarpanch,Woman,NONE,1,all_seats,,,,,Women,latin,data/jk/2016/Annex B Kathua.pdf,39,Annex B Kathua.pdf,,
Jammu & Kashmir,2016,Kathua,,19,Nagrota Gujroo,8,Kasheer,,,,gp_head,sarpanch,Other than Woman,NONE,0,all_seats,,,,,Open,latin,data/jk/2016/Annex B Kathua.pdf,39,Annex B Kathua.pdf,,
Jammu & Kashmir,2016,Kathua,,19,Nagrota Gujroo,9,Lakhri,,,,gp_head,sarpanch,Other than Woman,NONE,0,all_seats,,,,,Open,latin,data/jk/2016/Annex B Kathua.pdf,39,Annex B Kathua.pdf,,
Jammu & Kashmir,2016,Kathua,,19,Nagrota Gujroo,10,Mukwal,,,,gp_head,sarpanch,Woman,NONE,1,all_seats,,,,,Women,latin,data/jk/2016/Annex B Kathua.pdf,39,Annex B Kathua.pdf,,
Jammu & Kashmir,2016,Kathua,,19,Nagrota Gujroo,11,Rajwalta,,,,gp_head,sarpanch,Other than Woman,NONE,0,all_seats,,,,,Open,latin,data/jk/2016/Annex B Kathua.pdf,40,Annex B Kathua.pdf,,
Jammu & Kashmir,2016,Kathua,,19,Nagrota Gujroo,12,Ramkot,,,,gp_head,sarpanch,Other than Woman,NONE,0,all_seats,,,,,Open,latin,data/jk/2016/Annex B Kathua.pdf,40,Annex B Kathua.pdf,,
Jammu & Kashmir,2016,Kathua,,19,Nagrota Gujroo,13,Salore,,,,gp_head,sarpanch,Woman,NONE,1,all_seats,,,,,Women,latin,data/jk/2016/Annex B Kathua.pdf,40,Annex B Kathua.pdf,,
Jammu & Kashmir,2016,Kathua,,19,Nagrota Gujroo,14,Sialna,,,,gp_head,sarpanch,Other than Woman,NONE,0,all_seats,,,,,Open,latin,data/jk/2016/Annex B Kathua.pdf,40,Annex B Kathua.pdf,,
Jammu & Kashmir,2016,Kathua,,19,Nagrota Gujroo,15,Tharakalwal,,,,gp_head,sarpanch,Other than Woman,NONE,0,all_seats,,,,,Open,latin,data/jk/2016/Annex B Kathua.pdf,41,Annex B Kathua.pdf,,
Jammu & Kashmir,2016,Kathua,,19,Nagrota Gujroo,16,Uchapind,,,,gp_head,sarpanch,Other than Woman,NONE,0,all_seats,,,,,Open,latin,data/jk/2016/Annex B Kathua.pdf,41,Annex B Kathua.pdf,,
Jammu & Kashmir,2016,Poonch,,7,Mendhar,1,Ari Mardan Shah,,,,gp_head,sarpanch,Woman,NONE,1,all_seats,,,,,WOMEN,latin,data/jk/2016/Annex B Poonch-F.pdf,1,Annex B Poonch-F.pdf,,
Jammu & Kashmir,2016,Poonch,,7,Mendhar,2,Ari Pleaser,,,,gp_head,sarpanch,Other than Woman,NONE,0,all_seats,,,,,OPEN,latin,data/jk/2016/Annex B Poonch-F.pdf,1,Annex B Poonch-F.pdf,,
Jammu & Kashmir,2016,Poonch,,7,Mendhar,3,Ari Qsab,,,,gp_head,sarpanch,ST Other than Woman,ST,0,all_seats,,,,,ST,latin,data/jk/2016/Annex B Poonch-F.pdf,1,Annex B Poonch-F.pdf,,
Jammu & Kashmir,2016,Poonch,,7,Mendhar,4,Banoola,,,,gp_head,sarpanch,Woman,NONE,1,all_seats,,,,,WOMEN,latin,data/jk/2016/Annex B Poonch-F.pdf,2,Annex B Poonch-F.pdf,,
Jammu & Kashmir,2016,Poonch,,7,Mendhar,5,Bhatidhar,,,,gp_head,sarpanch,Other than Woman,NONE,0,all_seats,,,,,OPEN,latin,data/jk/2016/Annex B Poonch-F.pdf,2,Annex B Poonch-F.pdf,,
Jammu & Kashmir,2016,Poonch,,7,Mendhar,6,Behra,,,,gp_head,sarpanch,Other than Woman,NONE,0,all_seats,,,,,OPEN,latin,data/jk/2016/Annex B Poonch-F.pdf,2,Annex B Poonch-F.pdf,,
Jammu & Kashmir,2016,Poonch,,7,Mendhar,7,Chack Banola,,,,gp_head,sarpanch,Woman,NONE,1,all_seats,,,,,WOMEN,latin,data/jk/2016/Annex B Poonch-F.pdf,2,Annex B Poonch-F.pdf,,
Jammu & Kashmir,2016,Poonch,,7,Mendhar,8,Chungan,1,,,gp_head,sarpanch,ST Other than Woman,ST,0,all_seats,,,,,ST,latin,data/jk/2016/Annex B Poonch-F.pdf,3,Annex B Poonch-F.pdf,,
Jammu & Kashmir,2016,Poonch,,7,Mendhar,9,Chungan Chowdrian,,,,gp_head,sarpanch,ST Other than Woman,ST,0,all_seats,,,,,ST,latin,data/jk/2016/Annex B Poonch-F.pdf,3,Annex B Poonch-F.pdf,,
Jammu & Kashmir,2016,Poonch,,7,Mendhar,10,Dharana Lower,,,,gp_head,sarpanch,Woman,NONE,1,all_seats,,,,,WOMEN,latin,data/jk/2016/Annex B Poonch-F.pdf,3,Annex B Poonch-F.pdf,,
Jammu & Kashmir,2016,Poonch,,7,Mendhar,11,Dharana Upper,,,,gp_head,sarpanch,ST Other than Woman,ST,0,all_seats,,,,,ST,latin,data/jk/2016/Annex B Poonch-F.pdf,3,Annex B Poonch-F.pdf,,
Jammu & Kashmir,2016,Poonch,,7,Mendhar,12,Gholad Chowki,,,,gp_head,sarpanch,Other than Woman,NONE,0,all_seats,,,,,OPEN,latin,data/jk/2016/Annex B Poonch-F.pdf,4,Annex B Poonch-F.pdf,,
Jammu & Kashmir,2016,Poonch,,7,Mendhar,13,Ghalutta Central,,,,gp_head,sarpanch,Woman,NONE,1,all_seats,,,,,WOMEN,latin,data/jk/2016/Annex B Poonch-F.pdf,4,Annex B Poonch-F.pdf,,
Jammu & Kashmir,2016,Poonch,,7,Mendhar,14,Gursai Harmutta,,,,gp_head,sarpanch,Other than Woman,NONE,0,all_seats,,,,,OPEN,latin,data/jk/2016/Annex B Poonch-F.pdf,4,Annex B Poonch-F.pdf,,
Jammu & Kashmir,2016,Poonch,,7,Mendhar,15,Kotan Kandi,,,,gp_head,sarpanch,Other than Woman,NONE,0,all_seats,,,,,OPEN,latin,data/jk/2016/Annex B Poonch-F.pdf,4,Annex B Poonch-F.pdf,,
Jammu & Kashmir,2016,Poonch,,7,Mendhar,16,Ghalutta Kandi,,,,gp_head,sarpanch,Woman,NONE,1,all_seats,,,,,WOMEN,latin,data/jk/2016/Annex B Poonch-F.pdf,5,Annex B Poonch-F.pdf,,
Jammu & Kashmir,2016,Poonch,,7,Mendhar,17,Ghalutta Kangra,,,,gp_head,sarpanch,Other than Woman,NONE,0,all_seats,,,,,OPEN,latin,data/jk/2016/Annex B Poonch-F.pdf,5,Annex B Poonch-F.pdf,,
Jammu & Kashmir,2016,Poonch,,7,Mendhar,18,Gholad Malikpur,,,,gp_head,sarpanch,ST Other than Woman,ST,0,all_seats,,,,,ST,latin,data/jk/2016/Annex B Poonch-F.pdf,5,Annex B Poonch-F.pdf,,
Jammu & Kashmir,2016,Poonch,,7,Mendhar,19,Gholad Mustaffa Nager,,,,gp_head,sarpanch,Woman,NONE,1,all_seats,,,,,WOMEN,latin,data/jk/2016/Annex B Poonch-F.pdf,5,Annex B Poonch-F.pdf,,
Jammu & Kashmir,2016,Poonch,,7,Mendhar,20,Gholad Town,,,,gp_head,sarpanch,Other than Woman,NONE,0,all_seats,,,,,OPEN,latin,data/jk/2016/Annex B Poonch-F.pdf,6,Annex B Poonch-F.pdf,,
Jammu & Kashmir,2016,Poonch,,7,Mendhar,21,Goi,,,,gp_head,sarpanch,ST Other than Woman,ST,0,all_seats,,,,,ST,latin,data/jk/2016/Annex B Poonch-F.pdf,6,Annex B Poonch-F.pdf,,
Jammu & Kashmir,2016,Poonch,,7,Mendhar,22,Gursai Moori,,,,gp_head,sarpanch,Woman,NONE,1,all_seats,,,,,WOMEN,latin,data/jk/2016/Annex B Poonch-F.pdf,6,Annex B Poonch-F.pdf,,
Jammu & Kashmir,2016,Poonch,,7,Mendhar,23,Gursai Phamranar,,,,gp_head,sarpanch,ST Other than Woman,ST,0,all_seats,,,,,ST,latin,data/jk/2016/Annex B Poonch-F.pdf,6,Annex B Poonch-F.pdf,,
Jammu & Kashmir,2016,Poonch,,7,Mendhar,24,Gursa Sar,,,,gp_head,sarpanch,Other than Woman,NONE,0,all_seats,,,,,OPEN,latin,data/jk/2016/Annex B Poonch-F.pdf,7,Annex B Poonch-F.pdf,,
Jammu & Kashmir,2016,Poonch,,7,Mendhar,25,Gursai Tanvi,,,,gp_head,sarpanch,ST Woman,ST,1,all_seats,,,,,ST women,latin,data/jk/2016/Annex B Poonch-F.pdf,7,Annex B Poonch-F.pdf,,
Jammu & Kashmir,2016,Poonch,,7,Mendhar,26,Harni,,,,gp_head,sarpanch,Other than Woman,NONE,0,all_seats,,,,,OPEN,latin,data/jk/2016/Annex B Poonch-F.pdf,7,Annex B Poonch-F.pdf,,
Jammu & Kashmir,2016,Poonch,,7,Mendhar,27,Jugal,,,,gp_head,sarpanch,Other than Woman,NONE,0,all_seats,,,,,OPEN,latin,data/jk/2016/Annex B Poonch-F.pdf,7,Annex B Poonch-F.pdf,,
Jammu & Kashmir,2016,Poonch,,7,Mendhar,28,Kalaban,,,,gp_head,sarpanch,ST Woman,ST,1,all_seats,,,,,ST women,latin,data/jk/2016/Annex B Poonch-F.pdf,7,Annex B Poonch-F.pdf,,
Jammu & Kashmir,2016,Poonch,,7,Mendhar,29,Narool,,,,gp_head,sarpanch,Other than Woman,NONE,0,all_seats,,,,,OPEN,latin,data/jk/2016/Annex B Poonch-F.pdf,8,Annex B Poonch-F.pdf,,
Jammu & Kashmir,2016,Poonch,,7,Mendhar,30,Parat,,,,gp_head,sarpanch,ST Other than Woman,ST,0,all_seats,,,,,ST,latin,data/jk/2016/Annex B Poonch-F.pdf,8,Annex B Poonch-F.pdf,,
Jammu & Kashmir,2016,Poonch,,7,Mendhar,31,Pthanateer,,,,gp_head,sarpanch,Woman,NONE,1,all_seats,,,,,WOMEN,latin,data/jk/2016/Annex B Poonch-F.pdf,8,Annex B Poonch-F.pdf,,
Jammu & Kashmir,2016,Poonch,,7,Mendhar,32,Sakhi Maidan,,,,gp_head,sarpanch,Other than Woman,NONE,0,all_seats,,,,,OPEN,latin,data/jk/2016/Annex B Poonch-F.pdf,8,Annex B Poonch-F.pdf,,
Jammu & Kashmir,2016,Poonch,,7,Mendhar,33,Sarhooti,,,,gp_head,sarpanch,Other than Woman,NONE,0,all_seats,,,,,OPEN,latin,data/jk/2016/Annex B Poonch-F.pdf,9,Annex B Poonch-F.pdf,,
Jammu & Kashmir,2016,Poonch,,7,Mendhar,34,.Salwah Lower,,,,gp_head,sarpanch,ST Woman,ST,1,all_seats,,,,,ST women,latin,data/jk/2016/Annex B Poonch-F.pdf,9,Annex B Poonch-F.pdf,,
Jammu & Kashmir,2016,Poonch,,7,Mendhar,35,.Salwah Upper,,,,gp_head,sarpanch,ST Other than Woman,ST,0,all_seats,,,,,ST,latin,data/jk/2016/Annex B Poonch-F.pdf,9,Annex B Poonch-F.pdf,,
Jammu & Kashmir,2016,Poonch,,8,Nangali Sahib Sain Baba,1,Bandi Chechian,,,,gp_head,sarpanch,ST Woman,ST,1,all_seats,,,,,ST Women,latin,data/jk/2016/Annex B Poonch-F.pdf,10,Annex B Poonch-F.pdf,,
Jammu & Kashmir,2016,Poonch,,8,Nangali Sahib Sain Baba,2,Chaktroo,,,,gp_head,sarpanch,ST Other than Woman,ST,0,all_seats,,,,,ST,latin,data/jk/2016/Annex B Poonch-F.pdf,10,Annex B Poonch-F.pdf,,
Jammu & Kashmir,2016,Poonch,,8,Nangali Sahib Sain Baba,3,Chandak,,,,gp_head,sarpanch,ST Other than Woman,ST,0,all_seats,,,,,ST,latin,data/jk/2016/Annex B Poonch-F.pdf,10,Annex B Poonch-F.pdf,,
Jammu & Kashmir,2016,Poonch,,8,Nangali Sahib Sain Baba,4,Dingla,,,,gp_head,sarpanch,ST Woman,ST,1,all_seats,,,,,ST Women,latin,data/jk/2016/Annex B Poonch-F.pdf,11,Annex B Poonch-F.pdf,,
Jammu & Kashmir,2016,Poonch,,8,Nangali Sahib Sain Baba,5,Islamabad,,,,gp_head,sarpanch,Other than Woman,NONE,0,all_seats,,,,,Open,latin,data/jk/2016/Annex B Poonch-F.pdf,11,Annex B Poonch-F.pdf,,
Jammu & Kashmir,2016,Poonch,,8,Nangali Sahib Sain Baba,6,Kankote,,,,gp_head,sarpanch,Other than Woman,NONE,0,all_seats,,,,,Open,latin,data/jk/2016/Annex B Poonch-F.pdf,11,Annex B Poonch-F.pdf,,
Jammu & Kashmir,2016,Poonch,,8,Nangali Sahib Sain Baba,7,Mandhar,,,,gp_head,sarpanch,Woman,NONE,1,all_seats,,,,,Women,latin,data/jk/2016/Annex B Poonch-F.pdf,11,Annex B Poonch-F.pdf,,
Jammu & Kashmir,2016,Poonch,,8,Nangali Sahib Sain Baba,8,Nangali Sahib,,,,gp_head,sarpanch,Other than Woman,NONE,0,all_seats,,,,,Open,latin,data/jk/2016/Annex B Poonch-F.pdf,12,Annex B Poonch-F.pdf,,
Jammu & Kashmir,2016,Poonch,,8,Nangali Sahib Sain Baba,9,Noonabandi,,,,gp_head,sarpanch,Other than Woman,NONE,0,all_seats,,,,,Open,latin,data/jk/2016/Annex B Poonch-F.pdf,12,Annex B Poonch-F.pdf,,
Jammu & Kashmir,2016,Poonch,,8,Nangali Sahib Sain Baba,10,Qasba,,,,gp_head,sarpanch,Woman,NONE,1,all_seats,,,,,Women,latin,data/jk/2016/Annex B Poonch-F.pdf,12,Annex B Poonch-F.pdf,,
Jammu & Kashmir,2016,Poonch,,8,Nangali Sahib Sain Baba,11,Saral,,,,gp_head,sarpanch,ST Other than Woman,ST,0,all_seats,,,,,ST,latin,data/jk/2016/Annex B Poonch-F.pdf,12,Annex B Poonch-F.pdf,,
Jammu & Kashmir,2016,Poonch,,8,Nangali Sahib Sain Baba,12,Shahpur Lower,,,,gp_head,sarpanch,Other than Woman,NONE,0,all_seats,,,,,Open,latin,data/jk/2016/Annex B Poonch-F.pdf,13,Annex B Poonch-F.pdf,,
Jammu & Kashmir,2016,Poonch,,8,Nangali Sahib Sain Baba,13,Shahpur Upper,,,,gp_head,sarpanch,ST Woman,ST,1,all_seats,,,,,ST Women,latin,data/jk/2016/Annex B Poonch-F.pdf,13,Annex B Poonch-F.pdf,,
Jammu & Kashmir,2016,Poonch,,9,Poonch,1,Ajote,,,,gp_head,sarpanch,Woman,NONE,1,all_seats,,,,,Women,latin,data/jk/2016/Annex B Poonch-F.pdf,14,Annex B Poonch-F.pdf,,
Jammu & Kashmir,2016,Poonch,,9,Poonch,2,Banwat Dhokri,,,,gp_head,sarpanch,ST Other than Woman,ST,0,all_seats,,,,,ST,latin,data/jk/2016/Annex B Poonch-F.pdf,14,Annex B Poonch-F.pdf,,
Jammu & Kashmir,2016,Poonch,,9,Poonch,3,Banwat Gundi,,,,gp_head,sarpanch,Other than Woman,NONE,0,all_seats,,,,,Open,latin,data/jk/2016/Annex B Poonch-F.pdf,14,Annex B Poonch-F.pdf,,
Jammu & Kashmir,2016,Poonch,,9,Poonch,4,Bhainch,,,,gp_head,sarpanch,ST Woman,ST,1,all_seats,,,,,ST Women,latin,data/jk/2016/Annex B Poonch-F.pdf,14,Annex B Poonch-F.pdf,,
Jammu & Kashmir,2016,Poonch,,9,Poonch,5,Dara Begyal,,,,gp_head,sarpanch,ST Other than Woman,ST,0,all_seats,,,,,ST,latin,data/jk/2016/Annex B Poonch-F.pdf,15,Annex B Poonch-F.pdf,,
Jammu & Kashmir,2016,Poonch,,9,Poonch,6,Dara Dullian,,,,gp_head,sarpanch,ST Other than Woman,ST,0,all_seats,,,,,ST,latin,data/jk/2016/Annex B Poonch-F.pdf,15,Annex B Poonch-F.pdf,,
Jammu & Kashmir,2016,Poonch,,9,Poonch,7,Dara Dullian Kawarian,,,,gp_head,sarpanch,ST Woman,ST,1,all_seats,,,,,ST Women,latin,data/jk/2016/Annex B Poonch-F.pdf,15,Annex B Poonch-F.pdf,,
Jammu & Kashmir,2016,Poonch,,9,Poonch,8,Degwar Maldayalan,,,,gp_head,sarpanch,Other than Woman,NONE,0,all_seats,,,,,Open,latin,data/jk/2016/Annex B Poonch-F.pdf,15,Annex B Poonch-F.pdf,,
Jammu & Kashmir,2016,Poonch,,9,Poonch,9,Degwar Terwan,,,,gp_head,sarpanch,ST Other than Woman,ST,0,all_seats,,,,,ST,latin,data/jk/2016/Annex B Poonch-F.pdf,16,Annex B Poonch-F.pdf,,
Jammu & Kashmir,2016,Poonch,,9,Poonch,10,Gulpur,,,,gp_head,sarpanch,Woman,NONE,1,all_seats,,,,,Women,latin,data/jk/2016/Annex B Poonch-F.pdf,16,Annex B Poonch-F.pdf,,
Jammu & Kashmir,2016,Poonch,,9,Poonch,11,Jhullas,,,,gp_head,sarpanch,ST Other than Woman,ST,0,all_seats,,,,,ST,latin,data/jk/2016/Annex B Poonch-F.pdf,16,Annex B Poonch-F.pdf,,
Jammu & Kashmir,2016,Poonch,,9,Poonch,12,Kanuyian,,,,gp_head,sarpanch,Other than Woman,NONE,0,all_seats,,,,,Open,latin,data/jk/2016/Annex B Poonch-F.pdf,17,Annex B Poonch-F.pdf,,
Jammu & Kashmir,2016,Poonch,,9,Poonch,13,Karmara,,,,gp_head,sarpanch,ST Woman,ST,1,all_seats,,,,,ST Women,latin,data/jk/2016/Annex B Poonch-F.pdf,17,Annex B Poonch-F.pdf,,
Jammu & Kashmir,2016,Poonch,,9,Poonch,14,Khanater Dalhera,,,,gp_head,sarpanch,Other than Woman,NONE,0,all_seats,,,,,Open,latin,data/jk/2016/Annex B Poonch-F.pdf,17,Annex B Poonch-F.pdf,,
Jammu & Kashmir,2016,Poonch,,9,Poonch,15,Khanater Duprian,,,,gp_head,sarpanch,ST Other than Woman,ST,0,all_seats,,,,,ST,latin,data/jk/2016/Annex B Poonch-F.pdf,18,Annex B Poonch-F.pdf,,
Jammu & Kashmir,2016,Poonch,,9,Poonch,16,Khanater Kalsan,,,,gp_head,sarpanch,ST Woman,ST,1,all_seats,,,,,ST Women,latin,data/jk/2016/Annex B Poonch-F.pdf,18,Annex B Poonch-F.pdf,,
Jammu & Kashmir,2016,Poonch,,9,Poonch,17,Mangnar,,,,gp_head,sarpanch,Other than Woman,NONE,0,all_seats,,,,,Open,latin,data/jk/2016/Annex B Poonch-F.pdf,18,Annex B Poonch-F.pdf,,
Jammu & Kashmir,2016,Poonch,,9,Poonch,18,Salotri,,,,gp_head,sarpanch,Other than Woman,NONE,0,all_seats,,,,,Open,latin,data/jk/2016/Annex B Poonch-F.pdf,18,Annex B Poonch-F.pdf,,
Jammu & Kashmir,2016,Poonch,,10,Sathra,1,Chakrara,,,,gp_head,sarpanch,Woman,NONE,1,all_seats,,,,,Women,latin,data/jk/2016/Annex B Poonch-F.pdf,19,Annex B Poonch-F.pdf,,
Jammu & Kashmir,2016,Poonch,,10,Sathra,2,Dhara,,,,gp_head,sarpanch,ST Other than Woman,ST,0,all_seats,,,,,ST,latin,data/jk/2016/Annex B Poonch-F.pdf,19,Annex B Poonch-F.pdf,,
Jammu & Kashmir,2016,Poonch,,10,Sathra,3,Fatehpur,,,,gp_head,sarpanch,Other than Woman,NONE,0,all_seats,,,,,Open,latin,data/jk/2016/Annex B Poonch-F.pdf,19,Annex B Poonch-F.pdf,,
Jammu & Kashmir,2016,Poonch,,10,Sathra,4,Gali Pindi,,,,gp_head,sarpanch,ST Woman,ST,1,all_seats,,,,,ST Women,latin,data/jk/2016/Annex B Poonch-F.pdf,19,Annex B Poonch-F.pdf,,
Jammu & Kashmir,2016,Poonch,,10,Sathra,5,Jandrolla,,,,gp_head,sarpanch,ST Other than Woman,ST,0,all_seats,,,,,ST,latin,data/jk/2016/Annex B Poonch-F.pdf,20,Annex B Poonch-F.pdf,,
Jammu & Kashmir,2016,Poonch,,10,Sathra,6,Saloonia,,,,gp_head,sarpanch,ST Other than Woman,ST,0,all_seats,,,,,ST,latin,data/jk/2016/Annex B Poonch-F.pdf,20,Annex B Poonch-F.pdf,,
Jammu & Kashmir,2016,Poonch,,10,Sathra,7,Sathra,,,,gp_head,sarpanch,Woman,NONE,1,all_seats,,,,,Women,latin,data/jk/2016/Annex B Poonch-F.pdf,20,Annex B Poonch-F.pdf,,
Jammu & Kashmir,2016,Poonch,,10,Sathra,8,Sakloo,,,,gp_head,sarpanch,Other than Woman,NONE,0,all_seats,,,,,Open,latin,data/jk/2016/Annex B Poonch-F.pdf,20,Annex B Poonch-F.pdf,,
Jammu & Kashmir,2016,Poonch,,10,Sathra,9,Timbra,,,,gp_head,sarpanch,Other than Woman,NONE,0,all_seats,,,,,Open,latin,data/jk/2016/Annex B Poonch-F.pdf,21,Annex B Poonch-F.pdf,,
Jammu & Kashmir,2016,Poonch,,11,Surankote,1,Dandi Dhara,,,,gp_head,sarpanch,ST Woman,ST,1,all_seats,,,,,ST women,latin,data/jk/2016/Annex B Poonch-F.pdf,22,Annex B Poonch-F.pdf,,
Jammu & Kashmir,2016,Poonch,,11,Surankote,2,Dhara Sangla,,,,gp_head,sarpanch,Other than Woman,NONE,0,all_seats,,,,,OPEN,latin,data/jk/2016/Annex B Poonch-F.pdf,22,Annex B Poonch-F.pdf,,
Jammu & Kashmir,2016,Poonch,,11,Surankote,3,Dhundak,,,,gp_head,sarpanch,Other than Woman,NONE,0,all_seats,,,,,OPEN,latin,data/jk/2016/Annex B Poonch-F.pdf,22,Annex B Poonch-F.pdf,,
Jammu & Kashmir,2016,Poonch,,11,Surankote,4,Dodi,,,,gp_head,sarpanch,ST Woman,ST,1,all_seats,,,,,ST Women,latin,data/jk/2016/Annex B Poonch-F.pdf,22,Annex B Poonch-F.pdf,,
Jammu & Kashmir,2016,Poonch,,11,Surankote,5,Gunthal Lower,,,,gp_head,sarpanch,Other than Woman,NONE,0,all_seats,,,,,OPEN,latin,data/jk/2016/Annex B Poonch-F.pdf,23,Annex B Poonch-F.pdf,,
Jammu & Kashmir,2016,Poonch,,11,Surankote,6,Gunthal Upper,,,,gp_head,sarpanch,ST Other than Woman,ST,0,all_seats,,,,,ST,latin,data/jk/2016/Annex B Poonch-F.pdf,23,Annex B Poonch-F.pdf,,
Jammu & Kashmir,2016,Poonch,,11,Surankote,7,Hari Lower,,,,gp_head,sarpanch,Woman,NONE,1,all_seats,,,,,WOMEN,latin,data/jk/2016/Annex B Poonch-F.pdf,23,Annex B Poonch-F.pdf,,
Jammu & Kashmir,2016,Poonch,,11,Surankote,8,Hari Upper,,,,gp_head,sarpanch,ST Other than Woman,ST,0,all_seats,,,,,ST,latin,data/jk/2016/Annex B Poonch-F.pdf,23,Annex B Poonch-F.pdf,,
Jammu & Kashmir,2016,Poonch,,11,Surankote,9,Kallar Kattal,,,,gp_head,sarpanch,ST Other than Woman,ST,0,all_seats,,,,,ST,latin,data/jk/2016/Annex B Poonch-F.pdf,24,Annex B Poonch-F.pdf,,
Jammu & Kashmir,2016,Poonch,,11,Surankote,10,Lathoung,,,,gp_head,sarpanch,Woman,NONE,1,all_seats,,,,,WOMEN,latin,data/jk/2016/Annex B Poonch-F.pdf,24,Annex B Poonch-F.pdf,,
Jammu & Kashmir,2016,Poonch,,11,Surankote,11,Marhote Lower Left,,,,gp_head,sarpanch,Other than Woman,NONE,0,all_seats,,,,,OPEN,latin,data/jk/2016/Annex B Poonch-F.pdf,24,Annex B Poonch-F.pdf,,
Jammu & Kashmir,2016,Poonch,,11,Surankote,12,Marhote Lower Right,,,,gp_head,sarpanch,Other than Woman,NONE,0,all_seats,,,,,OPEN,latin,data/jk/2016/Annex B Poonch-F.pdf,25,Annex B Poonch-F.pdf,,
Jammu & Kashmir,2016,Poonch,,11,Surankote,13,Marhote Upper,,,,gp_head,sarpanch,ST Woman,ST,1,all_seats,,,,,ST Women,latin,data/jk/2016/Annex B Poonch-F.pdf,25,Annex B Poonch-F.pdf,,
Jammu & Kashmir,2016,Poonch,,11,Surankote,14,Middle Marhote,,,,gp_head,sarpanch,ST Other than Woman,ST,0,all_seats,,,,,ST,latin,data/jk/2016/Annex B Poonch-F.pdf,25,Annex B Poonch-F.pdf,,
Jammu & Kashmir,2016,Poonch,,11,Surankote,15,Pamrote,,,,gp_head,sarpanch,Other than Woman,NONE,0,all_seats,,,,,OPEN,latin,data/jk/2016/Annex B Poonch-F.pdf,25,Annex B Poonch-F.pdf,,
Jammu & Kashmir,2016,Poonch,,11,Surankote,16,Potha Lower,,,,gp_head,sarpanch,Woman,NONE,1,all_seats,,,,,WOMEN,latin,data/jk/2016/Annex B Poonch-F.pdf,25,Annex B Poonch-F.pdf,,
Jammu & Kashmir,2016,Poonch,,11,Surankote,17,Potha Upper,,,,gp_head,sarpanch,Other than Woman,NONE,0,all_seats,,,,,OPEN,latin,data/jk/2016/Annex B Poonch-F.pdf,26,Annex B Poonch-F.pdf,,
Jammu & Kashmir,2016,Poonch,,11,Surankote,18,Sanai Lower,,,,gp_head,sarpanch,ST Other than Woman,ST,0,all_seats,,,,,ST,latin,data/jk/2016/Annex B Poonch-F.pdf,26,Annex B Poonch-F.pdf,,
Jammu & Kashmir,2016,Poonch,,11,Surankote,19,Sanai Upper,,,,gp_head,sarpanch,Woman,NONE,1,all_seats,,,,,WOMEN,latin,data/jk/2016/Annex B Poonch-F.pdf,26,Annex B Poonch-F.pdf,,
Jammu & Kashmir,2016,Poonch,,11,Surankote,20,Sangla Lower,,,,gp_head,sarpanch,Other than Woman,NONE,0,all_seats,,,,,OPEN,latin,data/jk/2016/Annex B Poonch-F.pdf,26,Annex B Poonch-F.pdf,,
Jammu & Kashmir,2016,Poonch,,11,Surankote,21,Sangla Upper,,,,gp_head,sarpanch,ST Other than Woman,ST,0,all_seats,,,,,ST,latin,data/jk/2016/Annex B Poonch-F.pdf,27,Annex B Poonch-F.pdf,,
Jammu & Kashmir,2016,Poonch,,11,Surankote,22,Surankote Lower,,,,gp_head,sarpanch,Woman,NONE,1,all_seats,,,,,WOMEN,latin,data/jk/2016/Annex B Poonch-F.pdf,27,Annex B Poonch-F.pdf,,
Jammu & Kashmir,2016,Poonch,,11,Surankote,23,Surankote Upper,,,,gp_head,sarpanch,Other than Woman,NONE,0,all_seats,,,,,OPEN,latin,data/jk/2016/Annex B Poonch-F.pdf,27,Annex B Poonch-F.pdf,,
Jammu & Kashmir,2016,Ramban,,,Batote,,Baron Batote,,,,gp_head,sarpanch,Woman,NONE,1,all_seats,,,,,Women,latin,data/jk/2016/Batote.pdf,1,Batote.pdf,,
Jammu & Kashmir,2016,Ramban,,,Batote,,Chakwa,,,,gp_head,sarpanch,Other than Woman,NONE,0,all_seats,,,,,open,latin,data/jk/2016/Batote.pdf,1,Batote.pdf,,
Jammu & Kashmir,2016,Ramban,,,Batote,,Champa,,,,gp_head,sarpanch,Other than Woman,NONE,0,all_seats,,,,,open,latin,data/jk/2016/Batote.pdf,1,Batote.pdf,,
Jammu & Kashmir,2016,Ramban,,,Batote,,Dhalwas,,,,gp_head,sarpanch,Woman,NONE,1,all_seats,,,,,Women,latin,data/jk/2016/Batote.pdf,2,Batote.pdf,,
Jammu & Kashmir,2016,Ramban,,,Batote,,Dharmoun d,,,,gp_head,sarpanch,Other than Woman,NONE,0,all_seats,,,,,open,latin,data/jk/2016/Batote.pdf,2,Batote.pdf,,
Jammu & Kashmir,2016,Ramban,,,Batote,,Karma,,,,gp_head,sarpanch,Other than Woman,NONE,0,all_seats,,,,,open,latin,data/jk/2016/Batote.pdf,2,Batote.pdf,,
Jammu & Kashmir,2016,Ramban,,,Batote,,Rakhjarog,,,,gp_head,sarpanch,Woman,NONE,1,all_seats,,,,,Women,latin,data/jk/2016/Batote.pdf,3,Batote.pdf,,
Jammu & Kashmir,2016,Ramban,,,Batote,,Sana,,,,gp_head,sarpanch,Other than Woman,NONE,0,all_seats,,,,,open,latin,data/jk/2016/Batote.pdf,3,Batote.pdf,,
Jammu & Kashmir,2016,Ramban,,,Batote,,Sanasar,1,,,gp_head,sarpanch,Other than Woman,NONE,0,all_seats,,,,,open,latin,data/jk/2016/Batote.pdf,3,Batote.pdf,,
Jammu & Kashmir,2016,Ramban,,,Batote,,Thopal,,,,gp_head,sarpanch,Woman,NONE,1,all_seats,,,,,Women,latin,data/jk/2016/Batote.pdf,4,Batote.pdf,,
Jammu & Kashmir,2016,Ramban,,,Ghandhri,,Bhathan,,,,gp_head,sarpanch,Woman,NONE,1,all_seats,,,,,Women,latin,data/jk/2016/Ghandhari.pdf,1,Ghandhari.pdf,,
Jammu & Kashmir,2016,Ramban,,,Ghandhri,,Ganderi,,,,gp_head,sarpanch,Other than Woman,NONE,0,all_seats,,,,,Open,latin,data/jk/2016/Ghandhari.pdf,1,Ghandhari.pdf,,
Jammu & Kashmir,2016,Ramban,,,Ghandhri,,Kabbi,1,,,gp_head,sarpanch,Other than Woman,NONE,0,all_seats,,,,,Open,latin,data/jk/2016/Ghandhari.pdf,1,Ghandhari.pdf,,
Jammu & Kashmir,2016,Ramban,,,Ghandhri,,Kangha,,,,gp_head,sarpanch,Woman,NONE,1,all_seats,,,,,Women,latin,data/jk/2016/Ghandhari.pdf,2,Ghandhari.pdf,,
Jammu & Kashmir,2016,Ramban,,,Ghandhri,,Tanger,,,,gp_head,sarpanch,Other than Woman,NONE,0,all_seats,,,,,Open,latin,data/jk/2016/Ghandhari.pdf,2,Ghandhari.pdf,,
Jammu & Kashmir,2016,Ramban,,,Gool,,Dheeda,,,,gp_head,sarpanch,ST Woman,ST,1,all_seats,,,,,ST women,latin,data/jk/2016/Gool.pdf,1,Gool.pdf,,
Jammu & Kashmir,2016,Ramban,,,Gool,,Gool A,,,,gp_head,sarpanch,Other than Woman,NONE,0,all_seats,,,,,Open,latin,data/jk/2016/Gool.pdf,1,Gool.pdf,,
Jammu & Kashmir,2016,Ramban,,,Gool,,Gool B,,,,gp_head,sarpanch,Other than Woman,NONE,0,all_seats,,,,,Open,latin,data/jk/2016/Gool.pdf,1,Gool.pdf,,
Jammu & Kashmir,2016,Ramban,,,Gool,,Gool C,,,,gp_head,sarpanch,ST Woman,ST,1,all_seats,,,,,ST women,latin,data/jk/2016/Gool.pdf,2,Gool.pdf,,
Jammu & Kashmir,2016,Ramban,,,Gool,,Ind,,,,gp_head,sarpanch,Other than Woman,NONE,0,all_seats,,,,,Open,latin,data/jk/2016/Gool.pdf,2,Gool.pdf,,
Jammu & Kashmir,2016,Ramban,,,Gool,,Kalimasta V.,1,,,gp_head,sarpanch,Other than Woman,NONE,0,all_seats,,,,,Open,latin,data/jk/2016/Gool.pdf,2,Gool.pdf,,
Jammu & Kashmir,2016,Ramban,,,Gool,,Mahakund,,,,gp_head,sarpanch,Woman,NONE,1,all_seats,,,,,women,latin,data/jk/2016/Gool.pdf,3,Gool.pdf,,
Jammu & Kashmir,2016,Ramban,,,Gundi Dharam,,Bhimdassa,,,,gp_head,sarpanch,Woman,NONE,1,all_seats,,,,,Women,latin,data/jk/2016/Gundi Dharam.pdf,1,Gundi Dharam.pdf,,
Jammu & Kashmir,2016,Ramban,,,Gundi Dharam,,Dharam A,,,,gp_head,sarpanch,Other than Woman,NONE,0,all_seats,,,,,Open,latin,data/jk/2016/Gundi Dharam.pdf,1,Gundi Dharam.pdf,,
Jammu & Kashmir,2016,Ramban,,,Gundi Dharam,,Dharam B,,,,gp_head,sarpanch,Other than Woman,NONE,0,all_seats,,,,,Open,latin,data/jk/2016/Gundi Dharam.pdf,1,Gundi Dharam.pdf,,
Jammu & Kashmir,2016,Ramban,,,Gundi Dharam,,Gundi,,,,gp_head,sarpanch,Woman,NONE,1,all_seats,,,,,Women,latin,data/jk/2016/Gundi Dharam.pdf,1,Gundi Dharam.pdf,,
Jammu & Kashmir,2016,Ramban,,,Khari MM,,Khari Lower- A,,,,gp_head,sarpanch,Woman,NONE,1,all_seats,,,,,Women,latin,data/jk/2016/Khari.pdf,1,Khari.pdf,,
Jammu & Kashmir,2016,Ramban,,,Khari MM,,Khari Lower- B,,,,gp_head,sarpanch,Other than Woman,NONE,0,all_seats,,,,,Open,latin,data/jk/2016/Khari.pdf,1,Khari.pdf,,
Jammu & Kashmir,2016,Ramban,,,Khari MM,,Khari Upper- A,,,,gp_head,sarpanch,Other than Woman,NONE,0,all_seats,,,,,Open,latin,data/jk/2016/Khari.pdf,1,Khari.pdf,,
Jammu & Kashmir,2016,Ramban,,,Khari MM,,Khari Upper- B,,,,gp_head,sarpanch,Woman,NONE,1,all_seats,,,,,Women,latin,data/jk/2016/Khari.pdf,1,Khari.pdf,,
Jammu & Kashmir,2016,Ramban,,,Khari MM,,Mahu Lower,,,,gp_head,sarpanch,Other than Woman,NONE,0,all_seats,,,,,Open,latin,data/jk/2016/Khari.pdf,2,Khari.pdf,,
Jammu & Kashmir,2016,Ramban,,,Khari MM,,Mahu upper,,,,gp_head,sarpanch,Other than Woman,NONE,0,all_seats,,,,,Open,latin,data/jk/2016/Khari.pdf,2,Khari.pdf,,
Jammu & Kashmir,2016,Ramban,,,Khari MM,,Mangit,,,,gp_head,sarpanch,Woman,NONE,1,all_seats,,,,,Women,latin,data/jk/2016/Khari.pdf,2,Khari.pdf,,
Jammu & Kashmir,2016,Kishtwar,,1,Bounjwah,1,Binoon,,,,gp_head,sarpanch,Woman,NONE,1,all_seats,,,,,Women,latin,data/jk/2016/Kishtwar Annex.pdf,1,Kishtwar Annex.pdf,,
Jammu & Kashmir,2016,Kishtwar,,1,Bounjwah,2,Jawalapur,,,,gp_head,sarpanch,Other than Woman,NONE,0,all_seats,,,,,Open,latin,data/jk/2016/Kishtwar Annex.pdf,1,Kishtwar Annex.pdf,,
Jammu & Kashmir,2016,Kishtwar,,1,Bounjwah,3,kither,,,,gp_head,sarpanch,ST Other than Woman,ST,0,all_seats,,,,,ST,latin,data/jk/2016/Kishtwar Annex.pdf,1,Kishtwar Annex.pdf,,
Jammu & Kashmir,2016,Kishtwar,,1,Bounjwah,4,Mori,,,,gp_head,sarpanch,ST Woman,ST,1,all_seats,,,,,ST WOMEN,latin,data/jk/2016/Kishtwar Annex.pdf,1,Kishtwar Annex.pdf,,
Jammu & Kashmir,2016,Kishtwar,,2,Dachhan,1,Chicha,,,,gp_head,sarpanch,Woman,NONE,1,all_seats,,,,,Women,latin,data/jk/2016/Kishtwar Annex.pdf,3,Kishtwar Annex.pdf,,
Jammu & Kashmir,2016,Kishtwar,,2,Dachhan,2,Janakpur,,,,gp_head,sarpanch,Other than Woman,NONE,0,all_seats,,,,,Open,latin,data/jk/2016/Kishtwar Annex.pdf,3,Kishtwar Annex.pdf,,
Jammu & Kashmir,2016,Kishtwar,,2,Dachhan,3,Loharana-A,,,,gp_head,sarpanch,Other than Woman,NONE,0,all_seats,,,,,Open,latin,data/jk/2016/Kishtwar Annex.pdf,3,Kishtwar Annex.pdf,,
Jammu & Kashmir,2016,Kishtwar,,8,Sounder-B,9,Sounder-C,,,,gp_head,sarpanch,Other than Woman,NONE,0,all_seats,,,,,Open,latin,data/jk/2016/Kishtwar Annex.pdf,5,Kishtwar Annex.pdf,,
Jammu & Kashmir,2016,Kishtwar,,3,Drabshalla,1,Balgran,,,,gp_head,sarpanch,ST Woman,ST,1,all_seats,,,,,ST Women,latin,data/jk/2016/Kishtwar Annex.pdf,6,Kishtwar Annex.pdf,,
Jammu & Kashmir,2016,Kishtwar,,3,Drabshalla,2,Baroti,,,,gp_head,sarpanch,Other than Woman,NONE,0,all_seats,,,,,Open,latin,data/jk/2016/Kishtwar Annex.pdf,6,Kishtwar Annex.pdf,,
Jammu & Kashmir,2016,Kishtwar,,3,Drabshalla,3,Bhadat,,,,gp_head,sarpanch,Other than Woman,NONE,0,all_seats,,,,,Open,latin,data/jk/2016/Kishtwar Annex.pdf,6,Kishtwar Annex.pdf,,
Jammu & Kashmir,2016,Kishtwar,,3,Drabshalla,4,Bhutna churyana,,,,gp_head,sarpanch,Woman,NONE,1,all_seats,,,,,Women,latin,data/jk/2016/Kishtwar Annex.pdf,6,Kishtwar Annex.pdf,,
Jammu & Kashmir,2016,Kishtwar,,3,Drabshalla,5,Bugrana,,,,gp_head,sarpanch,Other than Woman,NONE,0,all_seats,,,,,Open,latin,data/jk/2016/Kishtwar Annex.pdf,7,Kishtwar Annex.pdf,,
Jammu & Kashmir,2016,Kishtwar,,3,Drabshalla,6,Chamoti,,,,gp_head,sarpanch,ST Other than Woman,ST,0,all_seats,,,,,ST,latin,data/jk/2016/Kishtwar Annex.pdf,7,Kishtwar Annex.pdf,,
Jammu & Kashmir,2016,Kishtwar,,3,Drabshalla,7,Dugga,,,,gp_head,sarpanch,Woman,NONE,1,all_seats,,,,,Women,latin,data/jk/2016/Kishtwar Annex.pdf,7,Kishtwar Annex.pdf,,
Jammu & Kashmir,2016,Kishtwar,,3,Drabshalla,8,Ghan,,,,gp_head,sarpanch,Other than Woman,NONE,0,all_seats,,,,,Open,latin,data/jk/2016/Kishtwar Annex.pdf,7,Kishtwar Annex.pdf,,
Jammu & Kashmir,2016,Kishtwar,,3,Drabshalla,9,Haloor,,,,gp_head,sarpanch,Other than Woman,NONE,0,all_seats,,,,,Open,latin,data/jk/2016/Kishtwar Annex.pdf,8,Kishtwar Annex.pdf,,
Jammu & Kashmir,2016,Kishtwar,,3,Drabshalla,10,Karool-A,,,,gp_head,sarpanch,Woman,NONE,1,all_seats,,,,,Women,latin,data/jk/2016/Kishtwar Annex.pdf,8,Kishtwar Annex.pdf,,
Jammu & Kashmir,2016,Kishtwar,,3,Drabshalla,11,Karool-B,,,,gp_head,sarpanch,Other than Woman,NONE,0,all_seats,,,,,Open,latin,data/jk/2016/Kishtwar Annex.pdf,8,Kishtwar Annex.pdf,,
Jammu & Kashmir,2016,Kishtwar,,3,Drabshalla,12,Karool-C,,,,gp_head,sarpanch,ST Other than Woman,ST,0,all_seats,,,,,ST,latin,data/jk/2016/Kishtwar Annex.pdf,8,Kishtwar Annex.pdf,,
Jammu & Kashmir,2016,Kishtwar,,3,Drabshalla,13,Khori,,,,gp_head,sarpanch,Woman,NONE,1,all_seats,,,,,Women,latin,data/jk/2016/Kishtwar Annex.pdf,9,Kishtwar Annex.pdf,,
Jammu & Kashmir,2016,Kishtwar,,3,Drabshalla,14,Kukerwas,,,,gp_head,sarpanch,Other than Woman,NONE,0,all_seats,,,,,Open,latin,data/jk/2016/Kishtwar Annex.pdf,9,Kishtwar Annex.pdf,,
Jammu & Kashmir,2016,Kishtwar,,3,Drabshalla,15,Loundri,,,,gp_head,sarpanch,Other than Woman,NONE,0,all_seats,,,,,Open,latin,data/jk/2016/Kishtwar Annex.pdf,9,Kishtwar Annex.pdf,,
Jammu & Kashmir,2016,Kishtwar,,3,Drabshalla,16,Pora Chandali,,,,gp_head,sarpanch,ST Woman,ST,1,all_seats,,,,,ST Women,latin,data/jk/2016/Kishtwar Annex.pdf,9,Kishtwar Annex.pdf,,
Jammu & Kashmir,2016,Kishtwar,,3,Drabshalla,17,Sangana,,,,gp_head,sarpanch,Other than Woman,NONE,0,all_seats,,,,,Open,latin,data/jk/2016/Kishtwar Annex.pdf,10,Kishtwar Annex.pdf,,
Jammu & Kashmir,2016,Kishtwar,,3,Drabshalla,18,Shandri,,,,gp_head,sarpanch,Other than Woman,NONE,0,all_seats,,,,,Open,latin,data/jk/2016/Kishtwar Annex.pdf,10,Kishtwar Annex.pdf,,
Jammu & Kashmir,2016,Kishtwar,,3,Drabshalla,19,Tatani,,,,gp_head,sarpanch,Other than Woman,NONE,0,all_seats,,,,,Open,latin,data/jk/2016/Kishtwar Annex.pdf,10,Kishtwar Annex.pdf,,
Jammu & Kashmir,2016,Kishtwar,,4,Inderwal,1,Chingam-A,,,,gp_head,sarpanch,Woman,NONE,1,all_seats,,,,,Women,latin,data/jk/2016/Kishtwar Annex.pdf,11,Kishtwar Annex.pdf,,
Jammu & Kashmir,2016,Kishtwar,,4,Inderwal,2,Chingam-B,,,,gp_head,sarpanch,Other than Woman,NONE,0,all_seats,,,,,Open,latin,data/jk/2016/Kishtwar Annex.pdf,11,Kishtwar Annex.pdf,,
Jammu & Kashmir,2016,Kishtwar,,4,Inderwal,3,Chingam-C,,,,gp_head,sarpanch,Other than Woman,NONE,0,all_seats,,,,,Open,latin,data/jk/2016/Kishtwar Annex.pdf,11,Kishtwar Annex.pdf,,
Jammu & Kashmir,2016,Kishtwar,,4,Inderwal,4,Inderwal-A,,,,gp_head,sarpanch,Woman,NONE,1,all_seats,,,,,Women,latin,data/jk/2016/Kishtwar Annex.pdf,11,Kishtwar Annex.pdf,,
Jammu & Kashmir,2016,Kishtwar,,4,Inderwal,5,Inderwal-B,,,,gp_head,sarpanch,Other than Woman,NONE,0,all_seats,,,,,Open,latin,data/jk/2016/Kishtwar Annex.pdf,12,Kishtwar Annex.pdf,,
Jammu & Kashmir,2016,Kishtwar,,4,Inderwal,6,Inderwal-C,,,,gp_head,sarpanch,Other than Woman,NONE,0,all_seats,,,,,Open,latin,data/jk/2016/Kishtwar Annex.pdf,12,Kishtwar Annex.pdf,,
Jammu & Kashmir,2016,Kishtwar,,4,Inderwal,7,Chatroo Lower-A,,,,gp_head,sarpanch,Woman,NONE,1,all_seats,,,,,Women,latin,data/jk/2016/Kishtwar Annex.pdf,12,Kishtwar Annex.pdf,,
Jammu & Kashmir,2016,Kishtwar,,4,Inderwal,8,Chatroo Lower-B,,,,gp_head,sarpanch,ST Other than Woman,ST,0,all_seats,,,,,ST,latin,data/jk/2016/Kishtwar Annex.pdf,12,Kishtwar Annex.pdf,,
Jammu & Kashmir,2016,Kishtwar,,4,Inderwal,9,Chatroo Lower-C,,,,gp_head,sarpanch,Other than Woman,NONE,0,all_seats,,,,,Open,latin,data/jk/2016/Kishtwar Annex.pdf,13,Kishtwar Annex.pdf,,
Jammu & Kashmir,2016,Kishtwar,,4,Inderwal,10,Chatroo Upper,,,,gp_head,sarpanch,Other than Woman,NONE,0,all_seats,,,,,Open,latin,data/jk/2016/Kishtwar Annex.pdf,13,Kishtwar Annex.pdf,,
Jammu & Kashmir,2016,Kishtwar,,5,Kishtwar,1,BT-I,,,,gp_head,sarpanch,Woman,NONE,1,all_seats,,,,,Women,latin,data/jk/2016/Kishtwar Annex.pdf,14,Kishtwar Annex.pdf,,
Jammu & Kashmir,2016,Kishtwar,,5,Kishtwar,2,BT-II,,,,gp_head,sarpanch,Other than Woman,NONE,0,all_seats,,,,,Open,latin,data/jk/2016/Kishtwar Annex.pdf,14,Kishtwar Annex.pdf,,
Jammu & Kashmir,2016,Kishtwar,,5,Kishtwar,3,Hadyal,,,,gp_head,sarpanch,Other than Woman,NONE,0,all_seats,,,,,Open,latin,data/jk/2016/Kishtwar Annex.pdf,14,Kishtwar Annex.pdf,,
Jammu & Kashmir,2016,Kishtwar,,5,Kishtwar,4,Lach Dayaram-A,,,,gp_head,sarpanch,Woman,NONE,1,all_seats,,,,,Women,latin,data/jk/2016/Kishtwar Annex.pdf,14,Kishtwar Annex.pdf,,
Jammu & Kashmir,2016,Kishtwar,,5,Kishtwar,5,Lach Dayaram-B,,,,gp_head,sarpanch,Other than Woman,NONE,0,all_seats,,,,,Open,latin,data/jk/2016/Kishtwar Annex.pdf,15,Kishtwar Annex.pdf,,
Jammu & Kashmir,2016,Kishtwar,,5,Kishtwar,6,Lachkhazana,,,,gp_head,sarpanch,Other than Woman,NONE,0,all_seats,,,,,Open,latin,data/jk/2016/Kishtwar Annex.pdf,15,Kishtwar Annex.pdf,,
Jammu & Kashmir,2016,Kishtwar,,5,Kishtwar,7,Matta-A,,,,gp_head,sarpanch,Woman,NONE,1,all_seats,,,,,Women,latin,data/jk/2016/Kishtwar Annex.pdf,15,Kishtwar Annex.pdf,,
Jammu & Kashmir,2016,Kishtwar,,5,Kishtwar,8,Matta-B,,,,gp_head,sarpanch,Other than Woman,NONE,0,all_seats,,,,,Open,latin,data/jk/2016/Kishtwar Annex.pdf,15,Kishtwar Annex.pdf,,
Jammu & Kashmir,2016,Kishtwar,,5,Kishtwar,9,Pochal-A-1,,,,gp_head,sarpanch,Other than Woman,NONE,0,all_seats,,,,,Open,latin,data/jk/2016/Kishtwar Annex.pdf,16,Kishtwar Annex.pdf,,
Jammu & Kashmir,2016,Kishtwar,,5,Kishtwar,10,Pochal-A-2,,,,gp_head,sarpanch,Woman,NONE,1,all_seats,,,,,Women,latin,data/jk/2016/Kishtwar Annex.pdf,16,Kishtwar Annex.pdf,,
Jammu & Kashmir,2016,Kishtwar,,5,Kishtwar,11,Pochal-B-1,,,,gp_head,sarpanch,Other than Woman,NONE,0,all_seats,,,,,Open,latin,data/jk/2016/Kishtwar Annex.pdf,16,Kishtwar Annex.pdf,,
Jammu & Kashmir,2016,Kishtwar,,5,Kishtwar,12,Pochal-B-2,,,,gp_head,sarpanch,Other than Woman,NONE,0,all_seats,,,,,Open,latin,data/jk/2016/Kishtwar Annex.pdf,17,Kishtwar Annex.pdf,,
Jammu & Kashmir,2016,Kishtwar,,6,Marwah,1,Chanjer,,,,gp_head,sarpanch,Woman,NONE,1,all_seats,,,,,Women,latin,data/jk/2016/Kishtwar Annex.pdf,18,Kishtwar Annex.pdf,,
Jammu & Kashmir,2016,Kishtwar,,6,Marwah,2,Dehrana,,,,gp_head,sarpanch,Other than Woman,NONE,0,all_seats,,,,,Open,latin,data/jk/2016/Kishtwar Annex.pdf,18,Kishtwar Annex.pdf,,
Jammu & Kashmir,2016,Kishtwar,,6,Marwah,3,Hanzal,,,,gp_head,sarpanch,Other than Woman,NONE,0,all_seats,,,,,Open,latin,data/jk/2016/Kishtwar Annex.pdf,18,Kishtwar Annex.pdf,,
Jammu & Kashmir,2016,Kishtwar,,6,Marwah,4,Nowpachi-A,,,,gp_head,sarpanch,Woman,NONE,1,all_seats,,,,,Women,latin,data/jk/2016/Kishtwar Annex.pdf,18,Kishtwar Annex.pdf,,
Jammu & Kashmir,2016,Kishtwar,,6,Marwah,5,Nowpachi-B,,,,gp_head,sarpanch,Other than Woman,NONE,0,all_seats,,,,,Open,latin,data/jk/2016/Kishtwar Annex.pdf,19,Kishtwar Annex.pdf,,
Jammu & Kashmir,2016,Kishtwar,,6,Marwah,6,Pathgam,,,,gp_head,sarpanch,Other than Woman,NONE,0,all_seats,,,,,Open,latin,data/jk/2016/Kishtwar Annex.pdf,19,Kishtwar Annex.pdf,,
Jammu & Kashmir,2016,Kishtwar,,6,Marwah,7,Qaderna-A,,,,gp_head,sarpanch,Woman,NONE,1,all_seats,,,,,Women,latin,data/jk/2016/Kishtwar Annex.pdf,19,Kishtwar Annex.pdf,,
Jammu & Kashmir,2016,Kishtwar,,6,Marwah,8,Qaderna-B,,,,gp_head,sarpanch,Other than Woman,NONE,0,all_seats,,,,,Open,latin,data/jk/2016/Kishtwar Annex.pdf,19,Kishtwar Annex.pdf,,
Jammu & Kashmir,2016,Kishtwar,,6,Marwah,9,Ranaie-A,,,,gp_head,sarpanch,Other than Woman,NONE,0,all_seats,,,,,Open,latin,data/jk/2016/Kishtwar Annex.pdf,19,Kishtwar Annex.pdf,,
Jammu & Kashmir,2016,Kishtwar,,6,Marwah,10,Ranaie-B,,,,gp_head,sarpanch,Woman,NONE,1,all_seats,,,,,Women,latin,data/jk/2016/Kishtwar Annex.pdf,20,Kishtwar Annex.pdf,,
Jammu & Kashmir,2016,Kishtwar,,6,Marwah,11,Tiller,,,,gp_head,sarpanch,Other than Woman,NONE,0,all_seats,,,,,Open,latin,data/jk/2016/Kishtwar Annex.pdf,20,Kishtwar Annex.pdf,,
Jammu & Kashmir,2016,Kishtwar,,6,Marwah,12,Yourdoo,,,,gp_head,sarpanch,Other than Woman,NONE,0,all_seats,,,,,Open,latin,data/jk/2016/Kishtwar Annex.pdf,20,Kishtwar Annex.pdf,,
Jammu & Kashmir,2016,Kishtwar,,7,Mugalmaida n,1,Bhata,,,,gp_head,sarpanch,ST Woman,ST,1,all_seats,,,,,ST Women,latin,data/jk/2016/Kishtwar Annex.pdf,21,Kishtwar Annex.pdf,,
Jammu & Kashmir,2016,Kishtwar,,7,Mugalmaida n,2,Drubeel,,,,gp_head,sarpanch,Other than Woman,NONE,0,all_seats,,,,,Open,latin,data/jk/2016/Kishtwar Annex.pdf,21,Kishtwar Annex.pdf,,
Jammu & Kashmir,2016,Kishtwar,,7,Mugalmaida n,3,Horna,,,,gp_head,sarpanch,Other than Woman,NONE,0,all_seats,,,,,Open,latin,data/jk/2016/Kishtwar Annex.pdf,21,Kishtwar Annex.pdf,,
Jammu & Kashmir,2016,Kishtwar,,7,Mugalmaida n,4,Kuchhal-A,,,,gp_head,sarpanch,Woman,NONE,1,all_seats,,,,,Women,latin,data/jk/2016/Kishtwar Annex.pdf,21,Kishtwar Annex.pdf,,
Jammu & Kashmir,2016,Kishtwar,,7,Mugalmaida n,5,Kuchhal-B,,,,gp_head,sarpanch,Other than Woman,NONE,0,all_seats,,,,,Open,latin,data/jk/2016/Kishtwar Annex.pdf,22,Kishtwar Annex.pdf,,
Jammu & Kashmir,2016,Kishtwar,,7,Mugalmaida n,6,Kuchhal-C,,,,gp_head,sarpanch,Other than Woman,NONE,0,all_seats,,,,,Open,latin,data/jk/2016/Kishtwar Annex.pdf,22,Kishtwar Annex.pdf,,
Jammu & Kashmir,2016,Kishtwar,,7,Mugalmaida n,7,loiedhar-A,,,,gp_head,sarpanch,Woman,NONE,1,all_seats,,,,,Women,latin,data/jk/2016/Kishtwar Annex.pdf,22,Kishtwar Annex.pdf,,
Jammu & Kashmir,2016,Kishtwar,,7,Mugalmaida n,8,Loiedhar-B,,,,gp_head,sarpanch,Other than Woman,NONE,0,all_seats,,,,,Open,latin,data/jk/2016/Kishtwar Annex.pdf,22,Kishtwar Annex.pdf,,
Jammu & Kashmir,2016,Kishtwar,,7,Mugalmaida n,9,Mulchetar,,,,gp_head,sarpanch,Other than Woman,NONE,0,all_seats,,,,,Open,latin,data/jk/2016/Kishtwar Annex.pdf,22,Kishtwar Annex.pdf,,
Jammu & Kashmir,2016,Kishtwar,,7,Mugalmaida n,10,Rehalthal,,,,gp_head,sarpanch,Woman,NONE,1,all_seats,,,,,Women,latin,data/jk/2016/Kishtwar Annex.pdf,23,Kishtwar Annex.pdf,,
Jammu & Kashmir,2016,Kishtwar,,7,Mugalmaida n,11,Sigdi-A,,,,gp_head,sarpanch,ST Other than Woman,ST,0,all_seats,,,,,ST,latin,data/jk/2016/Kishtwar Annex.pdf,23,Kishtwar Annex.pdf,,
Jammu & Kashmir,2016,Kishtwar,,7,Mugalmaida n,12,Sigdi-B1,,,,gp_head,sarpanch,Other than Woman,NONE,0,all_seats,,,,,Open,latin,data/jk/2016/Kishtwar Annex.pdf,23,Kishtwar Annex.pdf,,
Jammu & Kashmir,2016,Kishtwar,,7,Mugalmaida n,13,Sigdi-B2,,,,gp_head,sarpanch,Woman,NONE,1,all_seats,,,,,Women,latin,data/jk/2016/Kishtwar Annex.pdf,23,Kishtwar Annex.pdf,,
Jammu & Kashmir,2016,Kishtwar,,7,Mugalmaida n,14,Tagood,,,,gp_head,sarpanch,Other than Woman,NONE,0,all_seats,,,,,Open,latin,data/jk/2016/Kishtwar Annex.pdf,24,Kishtwar Annex.pdf,,
Jammu & Kashmir,2016,Kishtwar,,8,Nagseni,1,Bhagna-A,,,,gp_head,sarpanch,Woman,NONE,1,all_seats,,,,,Women,latin,data/jk/2016/Kishtwar Annex.pdf,25,Kishtwar Annex.pdf,,
Jammu & Kashmir,2016,Kishtwar,,8,Nagseni,2,Bhagna-B,,,,gp_head,sarpanch,Other than Woman,NONE,0,all_seats,,,,,Open,latin,data/jk/2016/Kishtwar Annex.pdf,25,Kishtwar Annex.pdf,,
Jammu & Kashmir,2016,Kishtwar,,8,Nagseni,3,Bhagna-C,,,,gp_head,sarpanch,Other than Woman,NONE,0,all_seats,,,,,Open,latin,data/jk/2016/Kishtwar Annex.pdf,25,Kishtwar Annex.pdf,,
Jammu & Kashmir,2016,Kishtwar,,8,Nagseni,4,Bhattan Dimji,,,,gp_head,sarpanch,Woman,NONE,1,all_seats,,,,,Women,latin,data/jk/2016/Kishtwar Annex.pdf,25,Kishtwar Annex.pdf,,
Jammu & Kashmir,2016,Kishtwar,,8,Nagseni,5,Cherji,,,,gp_head,sarpanch,ST Other than Woman,ST,0,all_seats,,,,,ST,latin,data/jk/2016/Kishtwar Annex.pdf,25,Kishtwar Annex.pdf,,
Jammu & Kashmir,2016,Kishtwar,,8,Nagseni,6,Chhichha,,,,gp_head,sarpanch,ST Other than Woman,ST,0,all_seats,,,,,ST,latin,data/jk/2016/Kishtwar Annex.pdf,26,Kishtwar Annex.pdf,,
Jammu & Kashmir,2016,Kishtwar,,8,Nagseni,7,Dool-A,,,,gp_head,sarpanch,Woman,NONE,1,all_seats,,,,,Women,latin,data/jk/2016/Kishtwar Annex.pdf,26,Kishtwar Annex.pdf,,
Jammu & Kashmir,2016,Kishtwar,,8,Nagseni,8,Dool-B,,,,gp_head,sarpanch,Other than Woman,NONE,0,all_seats,,,,,Open,latin,data/jk/2016/Kishtwar Annex.pdf,26,Kishtwar Annex.pdf,,
Jammu & Kashmir,2016,Kishtwar,,8,Nagseni,9,Galhar,,,,gp_head,sarpanch,Other than Woman,NONE,0,all_seats,,,,,Open,latin,data/jk/2016/Kishtwar Annex.pdf,27,Kishtwar Annex.pdf,,
Jammu & Kashmir,2016,Kishtwar,,8,Nagseni,10,Kwar,,,,gp_head,sarpanch,ST Woman,ST,1,all_seats,,,,,ST Women,latin,data/jk/2016/Kishtwar Annex.pdf,27,Kishtwar Annex.pdf,,
Jammu & Kashmir,2016,Kishtwar,,8,Nagseni,11,Piyass,,,,gp_head,sarpanch,ST Other than Woman,ST,0,all_seats,,,,,ST,latin,data/jk/2016/Kishtwar Annex.pdf,27,Kishtwar Annex.pdf,,
Jammu & Kashmir,2016,Kishtwar,,8,Nagseni,12,Sumna Bhata,,,,gp_head,sarpanch,Other than Woman,NONE,0,all_seats,,,,,Open,latin,data/jk/2016/Kishtwar Annex.pdf,27,Kishtwar Annex.pdf,,
Jammu & Kashmir,2016,Kishtwar,,9,Padder,1,Affani,,,,gp_head,sarpanch,Woman,NONE,1,all_seats,,,,,Women,latin,data/jk/2016/Kishtwar Annex.pdf,28,Kishtwar Annex.pdf,,
Jammu & Kashmir,2016,Kishtwar,,9,Padder,2,Atholi,,,,gp_head,sarpanch,Other than Woman,NONE,0,all_seats,,,,,Open,latin,data/jk/2016/Kishtwar Annex.pdf,28,Kishtwar Annex.pdf,,
Jammu & Kashmir,2016,Kishtwar,,9,Padder,3,Gulab Garh,,,,gp_head,sarpanch,Other than Woman,NONE,0,all_seats,,,,,Open,latin,data/jk/2016/Kishtwar Annex.pdf,28,Kishtwar Annex.pdf,,
Jammu & Kashmir,2016,Kishtwar,,9,Padder,4,Ishatyari,,,,gp_head,sarpanch,Woman,NONE,1,all_seats,,,,,Women,latin,data/jk/2016/Kishtwar Annex.pdf,28,Kishtwar Annex.pdf,,
Jammu & Kashmir,2016,Kishtwar,,9,Padder,5,Jar,,,,gp_head,sarpanch,Other than Woman,NONE,0,all_seats,,,,,Open,latin,data/jk/2016/Kishtwar Annex.pdf,28,Kishtwar Annex.pdf,,
Jammu & Kashmir,2016,Kishtwar,,9,Padder,6,Kundal,,,,gp_head,sarpanch,Other than Woman,NONE,0,all_seats,,,,,Open,latin,data/jk/2016/Kishtwar Annex.pdf,29,Kishtwar Annex.pdf,,
Jammu & Kashmir,2016,Kishtwar,,9,Padder,7,Ligri,,,,gp_head,sarpanch,Woman,NONE,1,all_seats,,,,,Women,latin,data/jk/2016/Kishtwar Annex.pdf,29,Kishtwar Annex.pdf,,
Jammu & Kashmir,2016,Kishtwar,,9,Padder,8,Machail,,,,gp_head,sarpanch,ST Other than Woman,ST,0,all_seats,,,,,ST,latin,data/jk/2016/Kishtwar Annex.pdf,29,Kishtwar Annex.pdf,,
Jammu & Kashmir,2016,Kishtwar,,9,Padder,9,Massu,,,,gp_head,sarpanch,Other than Woman,NONE,0,all_seats,,,,,Open,latin,data/jk/2016/Kishtwar Annex.pdf,29,Kishtwar Annex.pdf,,
Jammu & Kashmir,2016,Kishtwar,,9,Padder,10,Palali,,,,gp_head,sarpanch,Woman,NONE,1,all_seats,,,,,Women,latin,data/jk/2016/Kishtwar Annex.pdf,29,Kishtwar Annex.pdf,,
Jammu & Kashmir,2016,Kishtwar,,9,Padder,11,Sohal,,,,gp_head,sarpanch,Other than Woman,NONE,0,all_seats,,,,,Open,latin,data/jk/2016/Kishtwar Annex.pdf,30,Kishtwar Annex.pdf,,
Jammu & Kashmir,2016,Kishtwar,,9,Padder,12,Tun,,,,gp_head,sarpanch,Other than Woman,NONE,0,all_seats,,,,,Open,latin,data/jk/2016/Kishtwar Annex.pdf,30,Kishtwar Annex.pdf,,
Jammu & Kashmir,2016,Kishtwar,,9,Padder,13,Tiyari,,,,gp_head,sarpanch,Other than Woman,NONE,0,all_seats,,,,,Open,latin,data/jk/2016/Kishtwar Annex.pdf,30,Kishtwar Annex.pdf,,
Jammu & Kashmir,2016,Kishtwar,,10,Palmar,1,Palmar/L-A,,,,gp_head,sarpanch,Woman,NONE,1,all_seats,,,,,Women,latin,data/jk/2016/Kishtwar Annex.pdf,31,Kishtwar Annex.pdf,,
Jammu & Kashmir,2016,Kishtwar,,10,Palmar,2,Palmar/L-B,,,,gp_head,sarpanch,Other than Woman,NONE,0,all_seats,,,,,Open,latin,data/jk/2016/Kishtwar Annex.pdf,31,Kishtwar Annex.pdf,,
Jammu & Kashmir,2016,Kishtwar,,10,Palmar,3,Palmar/L-C,,,,gp_head,sarpanch,Other than Woman,NONE,0,all_seats,,,,,Open,latin,data/jk/2016/Kishtwar Annex.pdf,31,Kishtwar Annex.pdf,,
Jammu & Kashmir,2016,Kishtwar,,10,Palmar,4,Palmar Upper,,,,gp_head,sarpanch,Other than Woman,NONE,0,all_seats,,,,,Open,latin,data/jk/2016/Kishtwar Annex.pdf,32,Kishtwar Annex.pdf,,
Jammu & Kashmir,2016,Kishtwar,,11,Thakrie,1,Anjol,,,,gp_head,sarpanch,Woman,NONE,1,all_seats,,,,,Women,latin,data/jk/2016/Kishtwar Annex.pdf,33,Kishtwar Annex.pdf,,
Jammu & Kashmir,2016,Kishtwar,,11,Thakrie,2,Dharbadan,,,,gp_head,sarpanch,Other than Woman,NONE,0,all_seats,,,,,Open,latin,data/jk/2016/Kishtwar Annex.pdf,33,Kishtwar Annex.pdf,,
Jammu & Kashmir,2016,Kishtwar,,11,Thakrie,3,Filler-A,,,,gp_head,sarpanch,Other than Woman,NONE,0,all_seats,,,,,Open,latin,data/jk/2016/Kishtwar Annex.pdf,33,Kishtwar Annex.pdf,,
Jammu & Kashmir,2016,Kishtwar,,11,Thakrie,4,Filler-B,,,,gp_head,sarpanch,Woman,NONE,1,all_seats,,,,,Women,latin,data/jk/2016/Kishtwar Annex.pdf,33,Kishtwar Annex.pdf,,
Jammu & Kashmir,2016,Kishtwar,,11,Thakrie,5,keshwan-A,,,,gp_head,sarpanch,Other than Woman,NONE,0,all_seats,,,,,Open,latin,data/jk/2016/Kishtwar Annex.pdf,33,Kishtwar Annex.pdf,,
Jammu & Kashmir,2016,Kishtwar,,11,Thakrie,6,Keshwan-B,,,,gp_head,sarpanch,Other than Woman,NONE,0,all_seats,,,,,Open,latin,data/jk/2016/Kishtwar Annex.pdf,34,Kishtwar Annex.pdf,,
Jammu & Kashmir,2016,Kishtwar,,11,Thakrie,7,Pakalan,,,,gp_head,sarpanch,Woman,NONE,1,all_seats,,,,,Women,latin,data/jk/2016/Kishtwar Annex.pdf,34,Kishtwar Annex.pdf,,
Jammu & Kashmir,2016,Kishtwar,,11,Thakrie,8,Saranwan,,,,gp_head,sarpanch,Other than Woman,NONE,0,all_seats,,,,,Open,latin,data/jk/2016/Kishtwar Annex.pdf,34,Kishtwar Annex.pdf,,
Jammu & Kashmir,2016,Kishtwar,,12,Trigam,1,Agral,,,,gp_head,sarpanch,Woman,NONE,1,all_seats,,,,,Women,latin,data/jk/2016/Kishtwar Annex.pdf,35,Kishtwar Annex.pdf,,
Jammu & Kashmir,2016,Kishtwar,,12,Trigam,2,Drab,,,,gp_head,sarpanch,SC Other than Woman,SC,0,all_seats,,,,,SC,latin,data/jk/2016/Kishtwar Annex.pdf,35,Kishtwar Annex.pdf,,
Jammu & Kashmir,2016,Kishtwar,,12,Trigam,4,Trigam-A,,,,gp_head,sarpanch,Woman,NONE,1,all_seats,,,,,Women,latin,data/jk/2016/Kishtwar Annex.pdf,35,Kishtwar Annex.pdf,,
Jammu & Kashmir,2016,Kishtwar,,12,Trigam,5,Trigam-B,,,,gp_head,sarpanch,SC Other than Woman,SC,0,all_seats,,,,,SC,latin,data/jk/2016/Kishtwar Annex.pdf,36,Kishtwar Annex.pdf,,
Jammu & Kashmir,2016,Kishtwar,,12,Trigam,6,Trigam-C,,,,gp_head,sarpanch,Other than Woman,NONE,0,all_seats,,,,,Open,latin,data/jk/2016/Kishtwar Annex.pdf,36,Kishtwar Annex.pdf,,
Jammu & Kashmir,2016,Kishtwar,,13,Warwan,1,Afti,,,,gp_head,sarpanch,Woman,NONE,1,all_seats,,,,,Women,latin,data/jk/2016/Kishtwar Annex.pdf,37,Kishtwar Annex.pdf,,
Jammu & Kashmir,2016,Kishtwar,,13,Warwan,2,Basmina,,,,gp_head,sarpanch,Other than Woman,NONE,0,all_seats,,,,,Open,latin,data/jk/2016/Kishtwar Annex.pdf,37,Kishtwar Annex.pdf,,
Jammu & Kashmir,2016,Kishtwar,,13,Warwan,3,Choidraman,,,,gp_head,sarpanch,Other than Woman,NONE,0,all_seats,,,,,Open,latin,data/jk/2016/Kishtwar Annex.pdf,37,Kishtwar Annex.pdf,,
Jammu & Kashmir,2016,Kishtwar,,13,Warwan,4,Inshan,,,,gp_head,sarpanch,Woman,NONE,1,all_seats,,,,,Women,latin,data/jk/2016/Kishtwar Annex.pdf,37,Kishtwar Annex.pdf,,
Jammu & Kashmir,2016,Kishtwar,,13,Warwan,5,Margi,,,,gp_head,sarpanch,Other than Woman,NONE,0,all_seats,,,,,Open,latin,data/jk/2016/Kishtwar Annex.pdf,37,Kishtwar Annex.pdf,,
Jammu & Kashmir,2016,Kishtwar,,13,Warwan,6,Mulwarwan,,,,gp_head,sarpanch,Other than Woman,NONE,0,all_seats,,,,,Open,latin,data/jk/2016/Kishtwar Annex.pdf,38,Kishtwar Annex.pdf,,
Jammu & Kashmir,2016,Kishtwar,,13,Warwan,7,Sukhanaie,,,,gp_head,sarpanch,Other than Woman,NONE,0,all_seats,,,,,Open,latin,data/jk/2016/Kishtwar Annex.pdf,38,Kishtwar Annex.pdf,,
Jammu & Kashmir,2016,Ramban,,,Banihal,,Ashar,,,,gp_head,sarpanch,Woman,NONE,1,all_seats,,,,,Women,latin,data/jk/2016/PDF Banihal.pdf,1,PDF Banihal.pdf,,
Jammu & Kashmir,2016,Ramban,,,Banihal,,Bankote,,,,gp_head,sarpanch,Other than Woman,NONE,0,all_seats,,,,,Open,latin,data/jk/2016/PDF Banihal.pdf,1,PDF Banihal.pdf,,
Jammu & Kashmir,2016,Ramban,,,Banihal,,Chacknar wah,,,,gp_head,sarpanch,Other than Woman,NONE,0,all_seats,,,,,Open,latin,data/jk/2016/PDF Banihal.pdf,1,PDF Banihal.pdf,,
Jammu & Kashmir,2016,Ramban,,,Banihal,,Chamalwa s Lower-A,,,,gp_head,sarpanch,Woman,NONE,1,all_seats,,,,,Women,latin,data/jk/2016/PDF Banihal.pdf,2,PDF Banihal.pdf,,
Jammu & Kashmir,2016,Ramban,,,Banihal,,Chamalwa s Lower-B,,,,gp_head,sarpanch,Other than Woman,NONE,0,all_seats,,,,,Open,latin,data/jk/2016/PDF Banihal.pdf,2,PDF Banihal.pdf,,
Jammu & Kashmir,2016,Ramban,,,Banihal,,Chamalwa s Upper,,,,gp_head,sarpanch,Other than Woman,NONE,0,all_seats,,,,,Open,latin,data/jk/2016/PDF Banihal.pdf,2,PDF Banihal.pdf,,
Jammu & Kashmir,2016,Ramban,,,Banihal,,Chareel,,,,gp_head,sarpanch,Woman,NONE,1,all_seats,,,,,Women,latin,data/jk/2016/PDF Banihal.pdf,3,PDF Banihal.pdf,,
Jammu & Kashmir,2016,Ramban,,,Banihal,,Changloo,,,,gp_head,sarpanch,Other than Woman,NONE,0,all_seats,,,,,Open,latin,data/jk/2016/PDF Banihal.pdf,3,PDF Banihal.pdf,,
Jammu & Kashmir,2016,Ramban,,,Banihal,,Doliam Lower,,,,gp_head,sarpanch,Other than Woman,NONE,0,all_seats,,,,,Open,latin,data/jk/2016/PDF Banihal.pdf,3,PDF Banihal.pdf,,
Jammu & Kashmir,2016,Ramban,,,Banihal,,Doligam Upper-A,,,,gp_head,sarpanch,Woman,NONE,1,all_seats,,,,,Women,latin,data/jk/2016/PDF Banihal.pdf,4,PDF Banihal.pdf,,
Jammu & Kashmir,2016,Ramban,,,Banihal,,Doligam Upper-B,,,,gp_head,sarpanch,Other than Woman,NONE,0,all_seats,,,,,Open,latin,data/jk/2016/PDF Banihal.pdf,4,PDF Banihal.pdf,,
Jammu & Kashmir,2016,Ramban,,,Banihal,,Gund Adalkote- A,,,,gp_head,sarpanch,Other than Woman,NONE,0,all_seats,,,,,Open,latin,data/jk/2016/PDF Banihal.pdf,4,PDF Banihal.pdf,,
Jammu & Kashmir,2016,Ramban,,,Banihal,,Gund Adalkote- B,,,,gp_head,sarpanch,Woman,NONE,1,all_seats,,,,,Women,latin,data/jk/2016/PDF Banihal.pdf,4,PDF Banihal.pdf,,
Jammu & Kashmir,2016,Ramban,,,Banihal,,Gund Thather,,,,gp_head,sarpanch,Woman,NONE,1,all_seats,,,,,Women,latin,data/jk/2016/PDF Banihal.pdf,5,PDF Banihal.pdf,,
Jammu & Kashmir,2016,Ramban,,,Banihal,,Karwah,,,,gp_head,sarpanch,Other than Woman,NONE,0,all_seats,,,,,Open,latin,data/jk/2016/PDF Banihal.pdf,5,PDF Banihal.pdf,,
Jammu & Kashmir,2016,Ramban,,,Banihal,,Kaskote,,,,gp_head,sarpanch,Woman,NONE,1,all_seats,,,,,Women,latin,data/jk/2016/PDF Banihal.pdf,5,PDF Banihal.pdf,,
Jammu & Kashmir,2016,Ramban,,,Banihal,,Lamber,,,,gp_head,sarpanch,Woman,NONE,1,all_seats,,,,,Women,latin,data/jk/2016/PDF Banihal.pdf,6,PDF Banihal.pdf,,
Jammu & Kashmir,2016,Ramban,,,Banihal,,Nagam,,,,gp_head,sarpanch,Other than Woman,NONE,0,all_seats,,,,,Open,latin,data/jk/2016/PDF Banihal.pdf,6,PDF Banihal.pdf,,
Jammu & Kashmir,2016,Ramban,,,Banihal,,Nowgam,,,,gp_head,sarpanch,Woman,NONE,1,all_seats,,,,,Women,latin,data/jk/2016/PDF Banihal.pdf,6,PDF Banihal.pdf,,
Jammu & Kashmir,2016,Ramban,,,Banihal,,Thather lower,,,,gp_head,sarpanch,Woman,NONE,1,all_seats,,,,,Women,latin,data/jk/2016/PDF Banihal.pdf,7,PDF Banihal.pdf,,
Jammu & Kashmir,2016,Samba,,,1. Bari Brahmana,,Birpur Lower,,,,gp_head,sarpanch,SC Woman,SC,1,all_seats,,,,,SC Women,latin,data/jk/2016/PDF Samba Distt.pdf,1,PDF Samba Distt.pdf,,
Jammu & Kashmir,2016,Samba,,,1. Bari Brahmana,,Birpur Upper,,,,gp_head,sarpanch,Other than Woman,NONE,0,all_seats,,,,,Open,latin,data/jk/2016/PDF Samba Distt.pdf,1,PDF Samba Distt.pdf,,
Jammu & Kashmir,2016,Samba,,,1. Bari Brahmana,,Kartholi,,,,gp_head,sarpanch,Other than Woman,NONE,0,all_seats,,,,,Open,latin,data/jk/2016/PDF Samba Distt.pdf,1,PDF Samba Distt.pdf,,
Jammu & Kashmir,2016,Samba,,,Bari Brahmana,,Meen Charkan,,,,gp_head,sarpanch,Woman,NONE,1,all_seats,,,,,Women,latin,data/jk/2016/PDF Samba Distt.pdf,2,PDF Samba Distt.pdf,,
Jammu & Kashmir,2016,Samba,,,1. Bari Brahmana,,Meen Sarkar,,,,gp_head,sarpanch,SC Other than Woman,SC,0,all_seats,,,,,SC,latin,data/jk/2016/PDF Samba Distt.pdf,2,PDF Samba Distt.pdf,,
Jammu & Kashmir,2016,Samba,,,1. Bari Brahmana,,Palli,,,,gp_head,sarpanch,Other than Woman,NONE,0,all_seats,,,,,Open,latin,data/jk/2016/PDF Samba Distt.pdf,2,PDF Samba Distt.pdf,,
Jammu & Kashmir,2016,Samba,,,Bari Brahmana,,Patli,,,,gp_head,sarpanch,Woman,NONE,1,all_seats,,,,,Women,latin,data/jk/2016/PDF Samba Distt.pdf,2,PDF Samba Distt.pdf,,
Jammu & Kashmir,2016,Samba,,,Bari Brahmana,,Raipur Kollar,,,,gp_head,sarpanch,SC Other than Woman,SC,0,all_seats,,,,,SC,latin,data/jk/2016/PDF Samba Distt.pdf,3,PDF Samba Distt.pdf,,
Jammu & Kashmir,2016,Samba,,,Bari Brahmana,,Smailpur,,,,gp_head,sarpanch,Other than Woman,NONE,0,all_seats,,,,,Open,latin,data/jk/2016/PDF Samba Distt.pdf,3,PDF Samba Distt.pdf,,
Jammu & Kashmir,2016,Samba,,,Bari Brahmana,,Tarore,,,,gp_head,sarpanch,Woman,NONE,1,all_seats,,,,,Women,latin,data/jk/2016/PDF Samba Distt.pdf,3,PDF Samba Distt.pdf,,
Jammu & Kashmir,2016,Samba,,,2. Ghagwal,3,Ghagwal-III,,,,gp_head,sarpanch,Woman,NONE,1,all_seats,,,,,Women,latin,data/jk/2016/PDF Samba Distt.pdf,4,PDF Samba Distt.pdf,,
Jammu & Kashmir,2016,Samba,,,Ghagwal,4,Harsath-IV,,,,gp_head,sarpanch,Other than Woman,NONE,0,all_seats,,,,,Open,latin,data/jk/2016/PDF Samba Distt.pdf,4,PDF Samba Distt.pdf,,
Jammu & Kashmir,2016,Samba,,,Ghagwal,4,Jatwal-IV,,,,gp_head,sarpanch,Other than Woman,NONE,0,all_seats,,,,,Open,latin,data/jk/2016/PDF Samba Distt.pdf,5,PDF Samba Distt.pdf,,
Jammu & Kashmir,2016,Samba,,,Ghagwal,3,Madhera-III,,,,gp_head,sarpanch,Woman,NONE,1,all_seats,,,,,Women,latin,data/jk/2016/PDF Samba Distt.pdf,5,PDF Samba Distt.pdf,,
Jammu & Kashmir,2016,Samba,,,Ghagwal,3,Nonath-III,,,,gp_head,sarpanch,Other than Woman,NONE,0,all_seats,,,,,Open,latin,data/jk/2016/PDF Samba Distt.pdf,5,PDF Samba Distt.pdf,,
Jammu & Kashmir,2016,Samba,,,Ghagwal,2,Patyari Kattlian-II,,,,gp_head,sarpanch,Other than Woman,NONE,0,all_seats,,,,,Open,latin,data/jk/2016/PDF Samba Distt.pdf,5,PDF Samba Distt.pdf,,
Jammu & Kashmir,2016,Samba,,,Ghagwal,3,Ratwana-III,,,,gp_head,sarpanch,Woman,NONE,1,all_seats,,,,,Women,latin,data/jk/2016/PDF Samba Distt.pdf,6,PDF Samba Distt.pdf,,
Jammu & Kashmir,2016,Samba,,,Ghagwal,2,Sangwali-II,,,,gp_head,sarpanch,SC Other than Woman,SC,0,all_seats,,,,,SC,latin,data/jk/2016/PDF Samba Distt.pdf,6,PDF Samba Distt.pdf,,
Jammu & Kashmir,2016,Samba,,,Ghagwal,3,Surrara-III,,,,gp_head,sarpanch,Other than Woman,NONE,0,all_seats,,,,,Open,latin,data/jk/2016/PDF Samba Distt.pdf,6,PDF Samba Distt.pdf,,
Jammu & Kashmir,2016,Samba,,,Ghagwal,4,Gurha Jattan-II,,,,gp_head,sarpanch,Woman,NONE,1,all_seats,,,,,Women,latin,data/jk/2016/PDF Samba Distt.pdf,7,PDF Samba Distt.pdf,,
Jammu & Kashmir,2016,Samba,,,3. Nud,,Bharatgarh,,,,gp_head,sarpanch,Woman,NONE,1,all_seats,,,,,Women,latin,data/jk/2016/PDF Samba Distt.pdf,8,PDF Samba Distt.pdf,,
Jammu & Kashmir,2016,Samba,,,Nud,,Channi Mansar,,,,gp_head,sarpanch,Other than Woman,NONE,0,all_seats,,,,,Open,latin,data/jk/2016/PDF Samba Distt.pdf,8,PDF Samba Distt.pdf,,
Jammu & Kashmir,2016,Samba,,,Nud,,Dagore,,,,gp_head,sarpanch,Other than Woman,NONE,0,all_seats,,,,,Open,latin,data/jk/2016/PDF Samba Distt.pdf,8,PDF Samba Distt.pdf,,
Jammu & Kashmir,2016,Samba,,,Nud,,Dhora,,,,gp_head,sarpanch,Woman,NONE,1,all_seats,,,,,Women,latin,data/jk/2016/PDF Samba Distt.pdf,9,PDF Samba Distt.pdf,,
Jammu & Kashmir,2016,Samba,,,Nud,,Druee,,,,gp_head,sarpanch,Other than Woman,NONE,0,all_seats,,,,,Open,latin,data/jk/2016/PDF Samba Distt.pdf,9,PDF Samba Distt.pdf,,
Jammu & Kashmir,2016,Samba,,,Nud,,Mananu,,,,gp_head,sarpanch,SC Other than Woman,SC,0,all_seats,,,,,SC,latin,data/jk/2016/PDF Samba Distt.pdf,9,PDF Samba Distt.pdf,,
Jammu & Kashmir,2016,Samba,,,Nud,,Mohargarh,,,,gp_head,sarpanch,Woman,NONE,1,all_seats,,,,,Women,latin,data/jk/2016/PDF Samba Distt.pdf,10,PDF Samba Distt.pdf,,
Jammu & Kashmir,2016,Samba,,,Nud,,Moutlian Kalan,,,,gp_head,sarpanch,SC Other than Woman,SC,0,all_seats,,,,,SC,latin,data/jk/2016/PDF Samba Distt.pdf,10,PDF Samba Distt.pdf,,
Jammu & Kashmir,2016,Samba,,,Nud,,Paper Avtara,,,,gp_head,sarpanch,Other than Woman,NONE,0,all_seats,,,,,Open,latin,data/jk/2016/PDF Samba Distt.pdf,10,PDF Samba Distt.pdf,,
Jammu & Kashmir,2016,Samba,,,Nud,,Sarain,,,,gp_head,sarpanch,Woman,NONE,1,all_seats,,,,,Women,latin,data/jk/2016/PDF Samba Distt.pdf,12,PDF Samba Distt.pdf,,
Jammu & Kashmir,2016,Samba,,,Nud,,Sarna,,,,gp_head,sarpanch,Other than Woman,NONE,0,all_seats,,,,,Open,latin,data/jk/2016/PDF Samba Distt.pdf,12,PDF Samba Distt.pdf,,
Jammu & Kashmir,2016,Samba,,,4. Purmandal,,Anandpur,,,,gp_head,sarpanch,Woman,NONE,1,all_seats,,,,,Women,latin,data/jk/2016/PDF Samba Distt.pdf,13,PDF Samba Distt.pdf,,
Jammu & Kashmir,2016,Samba,,,Purmandal,,Deon,,,,gp_head,sarpanch,Other than Woman,NONE,0,all_seats,,,,,Open,latin,data/jk/2016/PDF Samba Distt.pdf,13,PDF Samba Distt.pdf,,
Jammu & Kashmir,2016,Samba,,,Purmandal,,Katwalta,,,,gp_head,sarpanch,Other than Woman,NONE,0,all_seats,,,,,Open,latin,data/jk/2016/PDF Samba Distt.pdf,14,PDF Samba Distt.pdf,,
Jammu & Kashmir,2016,Samba,,,Purmandal,,Khara Madana,,,,gp_head,sarpanch,Woman,NONE,1,all_seats,,,,,Women,latin,data/jk/2016/PDF Samba Distt.pdf,14,PDF Samba Distt.pdf,,
Jammu & Kashmir,2016,Samba,,,Purmandal,,Purmandal,,,,gp_head,sarpanch,Other than Woman,NONE,0,all_seats,,,,,Open,latin,data/jk/2016/PDF Samba Distt.pdf,15,PDF Samba Distt.pdf,,
Jammu & Kashmir,2016,Samba,,,5. Rajpura,3,Chellari Kallan-3,,,,gp_head,sarpanch,Woman,NONE,1,all_seats,,,,,Women,latin,data/jk/2016/PDF Samba Distt.pdf,16,PDF Samba Distt.pdf,,
Jammu & Kashmir,2016,Samba,,,Rajpura,4,Muthi Jharu,,,,gp_head,sarpanch,Other than Woman,NONE,0,all_seats,,,,,Open,latin,data/jk/2016/PDF Samba Distt.pdf,16,PDF Samba Distt.pdf,,
Jammu & Kashmir,2016,Samba,,,Rajpura,4,Madoon Refugee- IV,,,,gp_head,sarpanch,Other than Woman,NONE,0,all_seats,,,,,Open,latin,data/jk/2016/PDF Samba Distt.pdf,17,PDF Samba Distt.pdf,,
Jammu & Kashmir,2016,Samba,,,Rajpura,4,Mawa-IV,,,,gp_head,sarpanch,Woman,NONE,1,all_seats,,,,,Women,latin,data/jk/2016/PDF Samba Distt.pdf,17,PDF Samba Distt.pdf,,
Jammu & Kashmir,2016,Samba,,,Rajpura,2,Rajpura W.no -2,,,,gp_head,sarpanch,Other than Woman,NONE,0,all_seats,,,,,Open,latin,data/jk/2016/PDF Samba Distt.pdf,17,PDF Samba Distt.pdf,,
Jammu & Kashmir,2016,Samba,,,Rajpura,4,Sanoora-IV,,,,gp_head,sarpanch,Other than Woman,NONE,0,all_seats,,,,,Open,latin,data/jk/2016/PDF Samba Distt.pdf,18,PDF Samba Distt.pdf,,
Jammu & Kashmir,2016,Samba,,,Rajpura,2,Mangu Chack,,,,gp_head,sarpanch,Woman,NONE,1,all_seats,,,,,Women,latin,data/jk/2016/PDF Samba Distt.pdf,18,PDF Samba Distt.pdf,,
Jammu & Kashmir,2016,Samba,,,6. RAMGARH,,Abtal,,,,gp_head,sarpanch,Woman,NONE,1,all_seats,,,,,Women,latin,data/jk/2016/PDF Samba Distt.pdf,20,PDF Samba Distt.pdf,,
Jammu & Kashmir,2016,Samba,,,RAMGARH,,chak Balotran,,,,gp_head,sarpanch,Other than Woman,NONE,0,all_seats,,,,,Open,latin,data/jk/2016/PDF Samba Distt.pdf,20,PDF Samba Distt.pdf,,
Jammu & Kashmir,2016,Samba,,,RAMGARH,,Chak Nazir,,,,gp_head,sarpanch,Woman,NONE,1,all_seats,,,,,Women,latin,data/jk/2016/PDF Samba Distt.pdf,21,PDF Samba Distt.pdf,,
Jammu & Kashmir,2016,Samba,,,RAMGARH,,Chak Salarian,,,,gp_head,sarpanch,Other than Woman,NONE,0,all_seats,,,,,Open,latin,data/jk/2016/PDF Samba Distt.pdf,21,PDF Samba Distt.pdf,,
Jammu & Kashmir,2016,Samba,,,RAMGARH,,Chang,,,,gp_head,sarpanch,Other than Woman,NONE,0,all_seats,,,,,Open,latin,data/jk/2016/PDF Samba Distt.pdf,22,PDF Samba Distt.pdf,,
Jammu & Kashmir,2016,Samba,,,RAMGARH,,Channi Fatwal,,,,gp_head,sarpanch,Woman,NONE,1,all_seats,,,,,Women,latin,data/jk/2016/PDF Samba Distt.pdf,22,PDF Samba Distt.pdf,,
Jammu & Kashmir,2016,Samba,,,RAMGARH,,Dabuj Shahzada,,,,gp_head,sarpanch,Other than Woman,NONE,0,all_seats,,,,,Open,latin,data/jk/2016/PDF Samba Distt.pdf,22,PDF Samba Distt.pdf,,
Jammu & Kashmir,2016,Samba,,,RAMGARH,,Gho Brahamana,,,,gp_head,sarpanch,Other than Woman,NONE,0,all_seats,,,,,Open,latin,data/jk/2016/PDF Samba Distt.pdf,23,PDF Samba Distt.pdf,,
Jammu & Kashmir,2016,Samba,,,RAMGARH,,GUDWAL A,,,,gp_head,sarpanch,Woman,NONE,1,all_seats,,,,,Women,latin,data/jk/2016/PDF Samba Distt.pdf,23,PDF Samba Distt.pdf,,
Jammu & Kashmir,2016,Samba,,,RAMGARH,,GURWAL,,,,gp_head,sarpanch,Other than Woman,NONE,0,all_seats,,,,,Open,latin,data/jk/2016/PDF Samba Distt.pdf,24,PDF Samba Distt.pdf,,
Jammu & Kashmir,2016,Samba,,,RAMGARH,,KESSO MANAHASAN,,,,gp_head,sarpanch,Woman,NONE,1,all_seats,,,,,Women,latin,data/jk/2016/PDF Samba Distt.pdf,24,PDF Samba Distt.pdf,,
Jammu & Kashmir,2016,Samba,,,RAMGARH,,KHANPUR,,,,gp_head,sarpanch,Other than Woman,NONE,0,all_seats,,,,,Open,latin,data/jk/2016/PDF Samba Distt.pdf,25,PDF Samba Distt.pdf,,
Jammu & Kashmir,2016,Samba,,,RAMGARH,,LAGWAL,,,,gp_head,sarpanch,Other than Woman,NONE,0,all_seats,,,,,Open,latin,data/jk/2016/PDF Samba Distt.pdf,25,PDF Samba Distt.pdf,,
Jammu & Kashmir,2016,Samba,,,RAMGARH,,MAHAL SHAH,,,,gp_head,sarpanch,Woman,NONE,1,all_seats,,,,,Women,latin,data/jk/2016/PDF Samba Distt.pdf,25,PDF Samba Distt.pdf,,
Jammu & Kashmir,2016,Samba,,,RAMGARH,,NANGA,,,,gp_head,sarpanch,SC Other than Woman,SC,0,all_seats,,,,,SC,latin,data/jk/2016/PDF Samba Distt.pdf,26,PDF Samba Distt.pdf,,
Jammu & Kashmir,2016,Samba,,,RAMGARH,,RAIKA LABANA,,,,gp_head,sarpanch,Other than Woman,NONE,0,all_seats,,,,,Open,latin,data/jk/2016/PDF Samba Distt.pdf,26,PDF Samba Distt.pdf,,
Jammu & Kashmir,2016,Samba,,,RAMGARH,,RANGOOR,,,,gp_head,sarpanch,Woman,NONE,1,all_seats,,,,,Women,latin,data/jk/2016/PDF Samba Distt.pdf,26,PDF Samba Distt.pdf,,
Jammu & Kashmir,2016,Samba,,,RAMGARH,,RARRI,,,,gp_head,sarpanch,Other than Woman,NONE,0,all_seats,,,,,Open,latin,data/jk/2016/PDF Samba Distt.pdf,27,PDF Samba Distt.pdf,,
Jammu & Kashmir,2016,Samba,,,RAMGARH,,SWANKHA,,,,gp_head,sarpanch,Other than Woman,NONE,0,all_seats,,,,,Open,latin,data/jk/2016/PDF Samba Distt.pdf,27,PDF Samba Distt.pdf,,
Jammu & Kashmir,2016,Samba,,,RAMGARH,,TRINDI,,,,gp_head,sarpanch,Woman,NONE,1,all_seats,,,,,Women,latin,data/jk/2016/PDF Samba Distt.pdf,28,PDF Samba Distt.pdf,,
Jammu & Kashmir,2016,Samba,,,8. Sumb,,Amli,,,,gp_head,sarpanch,Woman,NONE,1,all_seats,,,,,Women,latin,data/jk/2016/PDF Samba Distt.pdf,36,PDF Samba Distt.pdf,,
Jammu & Kashmir,2016,Samba,,,Sumb,,Blater,,,,gp_head,sarpanch,Other than Woman,NONE,0,all_seats,,,,,Open,latin,data/jk/2016/PDF Samba Distt.pdf,36,PDF Samba Distt.pdf,,
Jammu & Kashmir,2016,Samba,,,Sumb,,Goran,,,,gp_head,sarpanch,Other than Woman,NONE,0,all_seats,,,,,Open,latin,data/jk/2016/PDF Samba Distt.pdf,36,PDF Samba Distt.pdf,,
Jammu & Kashmir,2016,Samba,,,Sumb,,Kard,,,,gp_head,sarpanch,Woman,NONE,1,all_seats,,,,,Women,latin,data/jk/2016/PDF Samba Distt.pdf,37,PDF Samba Distt.pdf,,
Jammu & Kashmir,2016,Samba,,,Sumb,,Patyari,,,,gp_head,sarpanch,Other than Woman,NONE,0,all_seats,,,,,Open,latin,data/jk/2016/PDF Samba Distt.pdf,37,PDF Samba Distt.pdf,,
Jammu & Kashmir,2016,Samba,,,Sumb,,Samlah,,,,gp_head,sarpanch,SC Other than Woman,SC,0,all_seats,,,,,SC,latin,data/jk/2016/PDF Samba Distt.pdf,37,PDF Samba Distt.pdf,,
Jammu & Kashmir,2016,Samba,,,Sumb,,Sodam,,,,gp_head,sarpanch,Woman,NONE,1,all_seats,,,,,Women,latin,data/jk/2016/PDF Samba Distt.pdf,38,PDF Samba Distt.pdf,,
Jammu & Kashmir,2016,Samba,,,Sumb,,Taloor,,,,gp_head,sarpanch,Other than Woman,NONE,0,all_seats,,,,,Open,latin,data/jk/2016/PDF Samba Distt.pdf,38,PDF Samba Distt.pdf,,
Jammu & Kashmir,2016,Samba,,,9. Vijaypur,1,Badhori,,,,gp_head,sarpanch,Woman,NONE,1,all_seats,,,,,Women,latin,data/jk/2016/PDF Samba Distt.pdf,39,PDF Samba Distt.pdf,,
Jammu & Kashmir,2016,Samba,,,Vijaypur,,3 Bagla Jakh,,,,gp_head,sarpanch,Other than Woman,NONE,0,all_seats,,,,,Open,latin,data/jk/2016/PDF Samba Distt.pdf,40,PDF Samba Distt.pdf,,
Jammu & Kashmir,2016,Samba,,,Vijaypur,,4 Bagla Rahya,,,,gp_head,sarpanch,Woman,NONE,1,all_seats,,,,,Women,latin,data/jk/2016/PDF Samba Distt.pdf,40,PDF Samba Distt.pdf,,
Jammu & Kashmir,2016,Samba,,,Vijaypur,,5 Bagla Suchani,,,,gp_head,sarpanch,Other than Woman,NONE,0,all_seats,,,,,Open,latin,data/jk/2016/PDF Samba Distt.pdf,41,PDF Samba Distt.pdf,,
Jammu & Kashmir,2016,Samba,,,Vijaypur,6,Bari,,,,gp_head,sarpanch,ST Other than Woman,ST,0,all_seats,,,,,ST,latin,data/jk/2016/PDF Samba Distt.pdf,41,PDF Samba Distt.pdf,,
Jammu & Kashmir,2016,Samba,,,Vijaypur,7,Gurah,1,,,gp_head,sarpanch,Woman,NONE,1,all_seats,,,,,Women,latin,data/jk/2016/PDF Samba Distt.pdf,41,PDF Samba Distt.pdf,,
Jammu & Kashmir,2016,Samba,,,Vijaypur,,8 Gurah Slathia Lower,,,,gp_head,sarpanch,Other than Woman,NONE,0,all_seats,,,,,Open,latin,data/jk/2016/PDF Samba Distt.pdf,42,PDF Samba Distt.pdf,,
Jammu & Kashmir,2016,Samba,,,Vijaypur,,9 Harminder,,,,gp_head,sarpanch,Other than Woman,NONE,0,all_seats,,,,,Open,latin,data/jk/2016/PDF Samba Distt.pdf,42,PDF Samba Distt.pdf,,
Jammu & Kashmir,2016,Samba,,,Vijaypur,10,Patti,,,,gp_head,sarpanch,Woman,NONE,1,all_seats,,,,,Women,latin,data/jk/2016/PDF Samba Distt.pdf,42,PDF Samba Distt.pdf,,
Jammu & Kashmir,2016,Samba,,,Vijaypur,11,Rajinder pura,,,,gp_head,sarpanch,Other than Woman,NONE,0,all_seats,,,,,Open,latin,data/jk/2016/PDF Samba Distt.pdf,43,PDF Samba Distt.pdf,,
Jammu & Kashmir,2016,Samba,,,Vijaypur,12,Salmeri,,,,gp_head,sarpanch,Other than Woman,NONE,0,all_seats,,,,,Open,latin,data/jk/2016/PDF Samba Distt.pdf,43,PDF Samba Distt.pdf,,
Jammu & Kashmir,2016,Samba,,,Vijaypur,13,Sangwal,,,,gp_head,sarpanch,Woman,NONE,1,all_seats,,,,,Women,latin,data/jk/2016/PDF Samba Distt.pdf,43,PDF Samba Distt.pdf,,
Jammu & Kashmir,2016,Samba,,,Vijaypur,14,Vijaypur,,,,gp_head,sarpanch,SC Other than Woman,SC,0,all_seats,,,,,SC,latin,data/jk/2016/PDF Samba Distt.pdf,44,PDF Samba Distt.pdf,,
Jammu & Kashmir,2016,Jammu,,,Mandal Phallian,1,Hakkal,,,,gp_head,sarpanch,SC Woman,SC,1,all_seats,,,,,SC Women,latin,data/jk/2016/Publication Jammu B.pdf,1,Publication Jammu B.pdf,,
Jammu & Kashmir,2016,Jammu,,,Mandal Phallian,2,Haripur,,,,gp_head,sarpanch,SC Other than Woman,SC,0,all_seats,,,,,SC,latin,data/jk/2016/Publication Jammu B.pdf,1,Publication Jammu B.pdf,,
Jammu & Kashmir,2016,Jammu,,,Mandal Phallian,3,Khandwal,,,,gp_head,sarpanch,Other than Woman,NONE,0,all_seats,,,,,OPEN,latin,data/jk/2016/Publication Jammu B.pdf,1,Publication Jammu B.pdf,,
Jammu & Kashmir,2016,Jammu,,,Mandal Phallian,4,Makwal,,,,gp_head,sarpanch,Woman,NONE,1,all_seats,,,,,Women,latin,data/jk/2016/Publication Jammu B.pdf,1,Publication Jammu B.pdf,,
Jammu & Kashmir,2016,Jammu,,,Mandal Phallian,5,Mandal,,,,gp_head,sarpanch,SC Other than Woman,SC,0,all_seats,,,,,SC,latin,data/jk/2016/Publication Jammu B.pdf,2,Publication Jammu B.pdf,,
Jammu & Kashmir,2016,Jammu,,,Mandal Phallian,6,Parladpur,,,,gp_head,sarpanch,Other than Woman,NONE,0,all_seats,,,,,OPEN,latin,data/jk/2016/Publication Jammu B.pdf,2,Publication Jammu B.pdf,,
Jammu & Kashmir,2016,Jammu,,,Mandal Phallian,7,Sohanjana,,,,gp_head,sarpanch,Woman,NONE,1,all_seats,,,,,Women,latin,data/jk/2016/Publication Jammu B.pdf,2,Publication Jammu B.pdf,,
Jammu & Kashmir,2016,Jammu,,,Mandal Phallian,8,Summ,,,,gp_head,sarpanch,SC Other than Woman,SC,0,all_seats,,,,,SC,latin,data/jk/2016/Publication Jammu B.pdf,3,Publication Jammu B.pdf,,
Jammu & Kashmir,2016,Jammu,,,Marh,1,Akalpur,,,,gp_head,sarpanch,Woman,NONE,1,all_seats,,,,,Women,latin,data/jk/2016/Publication Jammu B.pdf,4,Publication Jammu B.pdf,,
Jammu & Kashmir,2016,Jammu,,,Marh,2,Bhadrore,,,,gp_head,sarpanch,Other than Woman,NONE,0,all_seats,,,,,OPEN,latin,data/jk/2016/Publication Jammu B.pdf,4,Publication Jammu B.pdf,,
Jammu & Kashmir,2016,Jammu,,,Marh,3,Channu Chak,,,,gp_head,sarpanch,Other than Woman,NONE,0,all_seats,,,,,OPEN,latin,data/jk/2016/Publication Jammu B.pdf,4,Publication Jammu B.pdf,,
Jammu & Kashmir,2016,Jammu,,,Marh,4,Dhateriyal,,,,gp_head,sarpanch,Woman,NONE,1,all_seats,,,,,Women,latin,data/jk/2016/Publication Jammu B.pdf,5,Publication Jammu B.pdf,,
Jammu & Kashmir,2016,Jammu,,,Marh,5,Flora Nagbani,,,,gp_head,sarpanch,Other than Woman,NONE,0,all_seats,,,,,OPEN,latin,data/jk/2016/Publication Jammu B.pdf,5,Publication Jammu B.pdf,,
Jammu & Kashmir,2016,Jammu,,,Marh,6,Gajansoo,,,,gp_head,sarpanch,Other than Woman,NONE,0,all_seats,,,,,OPEN,latin,data/jk/2016/Publication Jammu B.pdf,5,Publication Jammu B.pdf,,
Jammu & Kashmir,2016,Jammu,,,Marh,7,Gango Chak,,,,gp_head,sarpanch,SC Woman,SC,1,all_seats,,,,,SC Women,latin,data/jk/2016/Publication Jammu B.pdf,6,Publication Jammu B.pdf,,
Jammu & Kashmir,2016,Jammu,,,Marh,8,Gangwan Parwah,,,,gp_head,sarpanch,SC Other than Woman,SC,0,all_seats,,,,,SC,latin,data/jk/2016/Publication Jammu B.pdf,6,Publication Jammu B.pdf,,
Jammu & Kashmir,2016,Jammu,,,Marh,9,Gho Manhasan,,,,gp_head,sarpanch,Other than Woman,NONE,0,all_seats,,,,,OPEN,latin,data/jk/2016/Publication Jammu B.pdf,6,Publication Jammu B.pdf,,
Jammu & Kashmir,2016,Jammu,,,Marh,10,Gole Gujral,,,,gp_head,sarpanch,Woman,NONE,1,all_seats,,,,,Women,latin,data/jk/2016/Publication Jammu B.pdf,6,Publication Jammu B.pdf,,
Jammu & Kashmir,2016,Jammu,,,Marh,11,Halqa,,,,gp_head,sarpanch,SC Other than Woman,SC,0,all_seats,,,,,SC,latin,data/jk/2016/Publication Jammu B.pdf,7,Publication Jammu B.pdf,,
Jammu & Kashmir,2016,Jammu,,,Marh,12,Jaswan,,,,gp_head,sarpanch,Other than Woman,NONE,0,all_seats,,,,,OPEN,latin,data/jk/2016/Publication Jammu B.pdf,7,Publication Jammu B.pdf,,
Jammu & Kashmir,2016,Jammu,,,Marh,13,Kalyanpur,,,,gp_head,sarpanch,Woman,NONE,1,all_seats,,,,,Women,latin,data/jk/2016/Publication Jammu B.pdf,7,Publication Jammu B.pdf,,
Jammu & Kashmir,2016,Jammu,,,Marh,14,Kana Chak,,,,gp_head,sarpanch,Other than Woman,NONE,0,all_seats,,,,,OPEN,latin,data/jk/2016/Publication Jammu B.pdf,7,Publication Jammu B.pdf,,
Jammu & Kashmir,2016,Jammu,,,Marh,15,Karloop,,,,gp_head,sarpanch,Other than Woman,NONE,0,all_seats,,,,,OPEN,latin,data/jk/2016/Publication Jammu B.pdf,8,Publication Jammu B.pdf,,
Jammu & Kashmir,2016,Jammu,,,Marh,16,Marh,,,,gp_head,sarpanch,Woman,NONE,1,all_seats,,,,,Women,latin,data/jk/2016/Publication Jammu B.pdf,8,Publication Jammu B.pdf,,
Jammu & Kashmir,2016,Jammu,,,Marh,17,Nai Basti,,,,gp_head,sarpanch,Other than Woman,NONE,0,all_seats,,,,,OPEN,latin,data/jk/2016/Publication Jammu B.pdf,8,Publication Jammu B.pdf,,
Jammu & Kashmir,2016,Jammu,,,Marh,18,Panjore,,,,gp_head,sarpanch,Other than Woman,NONE,0,all_seats,,,,,OPEN,latin,data/jk/2016/Publication Jammu B.pdf,8,Publication Jammu B.pdf,,
Jammu & Kashmir,2016,Jammu,,,Marh,19,Pouni Chak,,,,gp_head,sarpanch,Woman,NONE,1,all_seats,,,,,Women,latin,data/jk/2016/Publication Jammu B.pdf,9,Publication Jammu B.pdf,,
Jammu & Kashmir,2016,Jammu,,,Marh,20,Rajpura,,,,gp_head,sarpanch,Other than Woman,NONE,0,all_seats,,,,,OPEN,latin,data/jk/2016/Publication Jammu B.pdf,9,Publication Jammu B.pdf,,
Jammu & Kashmir,2016,Jammu,,,Marh,21,Rathua,,,,gp_head,sarpanch,Other than Woman,NONE,0,all_seats,,,,,OPEN,latin,data/jk/2016/Publication Jammu B.pdf,9,Publication Jammu B.pdf,,
Jammu & Kashmir,2016,Jammu,,,Marh,22,Saharan,,,,gp_head,sarpanch,Woman,NONE,1,all_seats,,,,,Women,latin,data/jk/2016/Publication Jammu B.pdf,9,Publication Jammu B.pdf,,
Jammu & Kashmir,2016,Jammu,,,Marh,23,Sangrampur,,,,gp_head,sarpanch,Other than Woman,NONE,0,all_seats,,,,,OPEN,latin,data/jk/2016/Publication Jammu B.pdf,10,Publication Jammu B.pdf,,
Jammu & Kashmir,2016,Jammu,,,Marh,24,Sohagani,,,,gp_head,sarpanch,Other than Woman,NONE,0,all_seats,,,,,OPEN,latin,data/jk/2016/Publication Jammu B.pdf,10,Publication Jammu B.pdf,,
Jammu & Kashmir,2016,Jammu,,,Marh,25,Tirlokpur,,,,gp_head,sarpanch,Other than Woman,NONE,0,all_seats,,,,,OPEN,latin,data/jk/2016/Publication Jammu B.pdf,10,Publication Jammu B.pdf,,
Jammu & Kashmir,2016,Jammu,,,MATHWAR,1,Bhagani,,,,gp_head,sarpanch,Woman,NONE,1,all_seats,,,,,Women,latin,data/jk/2016/Publication Jammu B.pdf,11,Publication Jammu B.pdf,,
Jammu & Kashmir,2016,Jammu,,,MATHWAR,2,Dhanoo,,,,gp_head,sarpanch,Other than Woman,NONE,0,all_seats,,,,,OPEN,latin,data/jk/2016/Publication Jammu B.pdf,11,Publication Jammu B.pdf,,
Jammu & Kashmir,2016,Jammu,,,MATHWAR,3,Gorda,,,,gp_head,sarpanch,Other than Woman,NONE,0,all_seats,,,,,OPEN,latin,data/jk/2016/Publication Jammu B.pdf,11,Publication Jammu B.pdf,,
Jammu & Kashmir,2016,Jammu,,,MATHWAR,4,Jandyal Lower,,,,gp_head,sarpanch,Woman,NONE,1,all_seats,,,,,Women,latin,data/jk/2016/Publication Jammu B.pdf,11,Publication Jammu B.pdf,,
Jammu & Kashmir,2016,Jammu,,,MATHWAR,5,Jandyal Upper,,,,gp_head,sarpanch,Other than Woman,NONE,0,all_seats,,,,,OPEN,latin,data/jk/2016/Publication Jammu B.pdf,11,Publication Jammu B.pdf,,
Jammu & Kashmir,2016,Jammu,,,MATHWAR,6,Mathwar,,,,gp_head,sarpanch,Other than Woman,NONE,0,all_seats,,,,,OPEN,latin,data/jk/2016/Publication Jammu B.pdf,11,Publication Jammu B.pdf,,
Jammu & Kashmir,2016,Jammu,,,MATHWAR,7,Ranjan,,,,gp_head,sarpanch,Woman,NONE,1,all_seats,,,,,Women,latin,data/jk/2016/Publication Jammu B.pdf,12,Publication Jammu B.pdf,,
Jammu & Kashmir,2016,Jammu,,,MATHWAR,8,Sarote,,,,gp_head,sarpanch,Other than Woman,NONE,0,all_seats,,,,,OPEN,latin,data/jk/2016/Publication Jammu B.pdf,12,Publication Jammu B.pdf,,
Jammu & Kashmir,2016,Jammu,,,Miran sahib,1,Bagga Zanna,,,,gp_head,sarpanch,SC Woman,SC,1,all_seats,,,,,SC Women,latin,data/jk/2016/Publication Jammu B.pdf,13,Publication Jammu B.pdf,,
Jammu & Kashmir,2016,Jammu,,,Miran sahib,2,Bansultan,,,,gp_head,sarpanch,Other than Woman,NONE,0,all_seats,,,,,OPEN,latin,data/jk/2016/Publication Jammu B.pdf,13,Publication Jammu B.pdf,,
Jammu & Kashmir,2016,Jammu,,,Miran sahib,3,Bhou,,,,gp_head,sarpanch,SC Other than Woman,SC,0,all_seats,,,,,SC,latin,data/jk/2016/Publication Jammu B.pdf,13,Publication Jammu B.pdf,,
Jammu & Kashmir,2016,Jammu,,,Miran sahib,4,Darsopur,,,,gp_head,sarpanch,SC Woman,SC,1,all_seats,,,,,SC Women,latin,data/jk/2016/Publication Jammu B.pdf,13,Publication Jammu B.pdf,,
Jammu & Kashmir,2016,Jammu,,,Miran sahib,5,Dhindey Kalan Lower,,,,gp_head,sarpanch,Other than Woman,NONE,0,all_seats,,,,,OPEN,latin,data/jk/2016/Publication Jammu B.pdf,14,Publication Jammu B.pdf,,
Jammu & Kashmir,2016,Jammu,,,Miran sahib,6,Dindey Kalan Upper,,,,gp_head,sarpanch,Other than Woman,NONE,0,all_seats,,,,,OPEN,latin,data/jk/2016/Publication Jammu B.pdf,14,Publication Jammu B.pdf,,
Jammu & Kashmir,2016,Jammu,,,Miran sahib,7,Gazipur Kullian,,,,gp_head,sarpanch,SC Woman,SC,1,all_seats,,,,,SC Women,latin,data/jk/2016/Publication Jammu B.pdf,14,Publication Jammu B.pdf,,
Jammu & Kashmir,2016,Jammu,,,Miran sahib,8,Jinder Melu,,,,gp_head,sarpanch,SC Other than Woman,SC,0,all_seats,,,,,SC,latin,data/jk/2016/Publication Jammu B.pdf,15,Publication Jammu B.pdf,,
Jammu & Kashmir,2016,Jammu,,,Miran sahib,9,Jindlehar,,,,gp_head,sarpanch,SC Other than Woman,SC,0,all_seats,,,,,SC,latin,data/jk/2016/Publication Jammu B.pdf,15,Publication Jammu B.pdf,,
Jammu & Kashmir,2016,Jammu,,,Miran sahib,10,Kharian,,,,gp_head,sarpanch,Woman,NONE,1,all_seats,,,,,Women,latin,data/jk/2016/Publication Jammu B.pdf,15,Publication Jammu B.pdf,,
Jammu & Kashmir,2016,Jammu,,,Miran sahib,11,Khour,,,,gp_head,sarpanch,SC Other than Woman,SC,0,all_seats,,,,,SC,latin,data/jk/2016/Publication Jammu B.pdf,15,Publication Jammu B.pdf,,
Jammu & Kashmir,2016,Jammu,,,Miran sahib,12,Kirpind,,,,gp_head,sarpanch,Other than Woman,NONE,0,all_seats,,,,,OPEN,latin,data/jk/2016/Publication Jammu B.pdf,15,Publication Jammu B.pdf,,
Jammu & Kashmir,2016,Jammu,,,Miran sahib,13,Kotli Mian Fateh,,,,gp_head,sarpanch,SC Woman,SC,1,all_seats,,,,,SC Women,latin,data/jk/2016/Publication Jammu B.pdf,16,Publication Jammu B.pdf,,
Jammu & Kashmir,2016,Jammu,,,Miran sahib,14,Kotli Shah Doula,,,,gp_head,sarpanch,Other than Woman,NONE,0,all_seats,,,,,OPEN,latin,data/jk/2016/Publication Jammu B.pdf,16,Publication Jammu B.pdf,,
Jammu & Kashmir,2016,Jammu,,,Miran sahib,15,Makhanpur Gujjaran,,,,gp_head,sarpanch,Other than Woman,NONE,0,all_seats,,,,,OPEN,latin,data/jk/2016/Publication Jammu B.pdf,16,Publication Jammu B.pdf,,
Jammu & Kashmir,2016,Jammu,,,Miran sahib,16,Malik pur,,,,gp_head,sarpanch,SC Woman,SC,1,all_seats,,,,,SC Women,latin,data/jk/2016/Publication Jammu B.pdf,16,Publication Jammu B.pdf,,
Jammu & Kashmir,2016,Jammu,,,Miran sahib,17,Murallian,,,,gp_head,sarpanch,Other than Woman,NONE,0,all_seats,,,,,OPEN,latin,data/jk/2016/Publication Jammu B.pdf,17,Publication Jammu B.pdf,,
Jammu & Kashmir,2016,Jammu,,,Miran sahib,18,Nihalpur SimbalLower,,,,gp_head,sarpanch,Other than Woman,NONE,0,all_seats,,,,,OPEN,latin,data/jk/2016/Publication Jammu B.pdf,17,Publication Jammu B.pdf,,
Jammu & Kashmir,2016,Jammu,,,Miran sahib,19,Nihalpur Simbal Upper,,,,gp_head,sarpanch,SC Woman,SC,1,all_seats,,,,,SC Women,latin,data/jk/2016/Publication Jammu B.pdf,17,Publication Jammu B.pdf,,
Jammu & Kashmir,2016,Jammu,,,Miran sahib,20,Phinder,,,,gp_head,sarpanch,SC Other than Woman,SC,0,all_seats,,,,,SC,latin,data/jk/2016/Publication Jammu B.pdf,18,Publication Jammu B.pdf,,
Jammu & Kashmir,2016,Jammu,,,Miran sahib,21,Tanda,,,,gp_head,sarpanch,Other than Woman,NONE,0,all_seats,,,,,OPEN,latin,data/jk/2016/Publication Jammu B.pdf,19,Publication Jammu B.pdf,,
Jammu & Kashmir,2016,Jammu,,,Nagrota,1,Aithem,,,,gp_head,sarpanch,Woman,NONE,1,all_seats,,,,,Women,latin,data/jk/2016/Publication Jammu B.pdf,20,Publication Jammu B.pdf,,
Jammu & Kashmir,2016,Jammu,,,Nagrota,2,Bain Bajalta,,,,gp_head,sarpanch,Other than Woman,NONE,0,all_seats,,,,,OPEN,latin,data/jk/2016/Publication Jammu B.pdf,20,Publication Jammu B.pdf,,
Jammu & Kashmir,2016,Jammu,,,Nagrota,3,Bamyal,,,,gp_head,sarpanch,Other than Woman,NONE,0,all_seats,,,,,OPEN,latin,data/jk/2016/Publication Jammu B.pdf,20,Publication Jammu B.pdf,,
Jammu & Kashmir,2016,Jammu,,,Nagrota,4,Chibba,,,,gp_head,sarpanch,Woman,NONE,1,all_seats,,,,,Women,latin,data/jk/2016/Publication Jammu B.pdf,20,Publication Jammu B.pdf,,
Jammu & Kashmir,2016,Jammu,,,Nagrota,5,Chilla,,,,gp_head,sarpanch,Other than Woman,NONE,0,all_seats,,,,,OPEN,latin,data/jk/2016/Publication Jammu B.pdf,21,Publication Jammu B.pdf,,
Jammu & Kashmir,2016,Jammu,,,Nagrota,6,Dhok Wazarian,,,,gp_head,sarpanch,Other than Woman,NONE,0,all_seats,,,,,OPEN,latin,data/jk/2016/Publication Jammu B.pdf,21,Publication Jammu B.pdf,,
Jammu & Kashmir,2016,Jammu,,,Nagrota,7,Jagti,,,,gp_head,sarpanch,Woman,NONE,1,all_seats,,,,,Women,latin,data/jk/2016/Publication Jammu B.pdf,21,Publication Jammu B.pdf,,
Jammu & Kashmir,2016,Jammu,,,Nagrota,8,Kana Chargal (L),,,,gp_head,sarpanch,Woman,NONE,1,all_seats,,,,,Women,latin,data/jk/2016/Publication Jammu B.pdf,21,Publication Jammu B.pdf,,
Jammu & Kashmir,2016,Jammu,,,Nagrota,9,Kana Chargal (U),,,,gp_head,sarpanch,Other than Woman,NONE,0,all_seats,,,,,OPEN,latin,data/jk/2016/Publication Jammu B.pdf,21,Publication Jammu B.pdf,,
Jammu & Kashmir,2016,Jammu,,,Nagrota,10,Kattal Battal,,,,gp_head,sarpanch,Other than Woman,NONE,0,all_seats,,,,,OPEN,latin,data/jk/2016/Publication Jammu B.pdf,22,Publication Jammu B.pdf,,
Jammu & Kashmir,2016,Jammu,,,Nagrota,9,Khanpur,,,,gp_head,sarpanch,Other than Woman,NONE,0,all_seats,,,,,OPEN,latin,data/jk/2016/Publication Jammu B.pdf,22,Publication Jammu B.pdf,,
Jammu & Kashmir,2016,Jammu,,,Nagrota,12,Marh,,,,gp_head,sarpanch,Other than Woman,NONE,0,all_seats,,,,,OPEN,latin,data/jk/2016/Publication Jammu B.pdf,22,Publication Jammu B.pdf,,
Jammu & Kashmir,2016,Jammu,,,Nagrota,13,Nadore,,,,gp_head,sarpanch,Woman,NONE,1,all_seats,,,,,Women,latin,data/jk/2016/Publication Jammu B.pdf,22,Publication Jammu B.pdf,,
Jammu & Kashmir,2016,Jammu,,,Nagrota,14,Nagrota,,,,gp_head,sarpanch,Other than Woman,NONE,0,all_seats,,,,,OPEN,latin,data/jk/2016/Publication Jammu B.pdf,23,Publication Jammu B.pdf,,
Jammu & Kashmir,2016,Jammu,,,Nagrota,15,Panjgrian,,,,gp_head,sarpanch,Other than Woman,NONE,0,all_seats,,,,,OPEN,latin,data/jk/2016/Publication Jammu B.pdf,23,Publication Jammu B.pdf,,
Jammu & Kashmir,2016,Jammu,,,Nagrota,16,Pargalta,,,,gp_head,sarpanch,Woman,NONE,1,all_seats,,,,,Women,latin,data/jk/2016/Publication Jammu B.pdf,23,Publication Jammu B.pdf,,
Jammu & Kashmir,2016,Jammu,,,Nagrota,17,Sagoon,,,,gp_head,sarpanch,Other than Woman,NONE,0,all_seats,,,,,OPEN,latin,data/jk/2016/Publication Jammu B.pdf,23,Publication Jammu B.pdf,,
Jammu & Kashmir,2016,Jammu,,,Nagrota,18,Sidhra,,,,gp_head,sarpanch,ST Other than Woman,ST,0,all_seats,,,,,ST,latin,data/jk/2016/Publication Jammu B.pdf,24,Publication Jammu B.pdf,,
Jammu & Kashmir,2016,Jammu,,,Nagrota,19,Surinsar,,,,gp_head,sarpanch,Other than Woman,NONE,0,all_seats,,,,,OPEN,latin,data/jk/2016/Publication Jammu B.pdf,24,Publication Jammu B.pdf,,
Jammu & Kashmir,2016,Jammu,,,Pargwal,1,Bhalwal Mullo,,,,gp_head,sarpanch,Woman,NONE,1,all_seats,,,,,Women,latin,data/jk/2016/Publication Jammu B.pdf,25,Publication Jammu B.pdf,,
Jammu & Kashmir,2016,Jammu,,,Pargwal,2,Gurha Manhasan,,,,gp_head,sarpanch,Other than Woman,NONE,0,all_seats,,,,,OPEN,latin,data/jk/2016/Publication Jammu B.pdf,25,Publication Jammu B.pdf,,
Jammu & Kashmir,2016,Jammu,,,Pargwal,3,Pargwal Lower,,,,gp_head,sarpanch,Other than Woman,NONE,0,all_seats,,,,,OPEN,latin,data/jk/2016/Publication Jammu B.pdf,25,Publication Jammu B.pdf,,
Jammu & Kashmir,2016,Jammu,,,Pargwal,4,Pargwal Upper,,,,gp_head,sarpanch,SC Woman,SC,1,all_seats,,,,,SC Women,latin,data/jk/2016/Publication Jammu B.pdf,25,Publication Jammu B.pdf,,
Jammu & Kashmir,2016,Jammu,,,Pargwal,5,Pindi,,,,gp_head,sarpanch,SC Other than Woman,SC,0,all_seats,,,,,SC,latin,data/jk/2016/Publication Jammu B.pdf,26,Publication Jammu B.pdf,,
Jammu & Kashmir,2016,Jammu,,,Pargwal,6,Sarwal,,,,gp_head,sarpanch,Other than Woman,NONE,0,all_seats,,,,,OPEN,latin,data/jk/2016/Publication Jammu B.pdf,26,Publication Jammu B.pdf,,
Jammu & Kashmir,2016,Jammu,,,R.S.Pura,1,Badyal brahmana lower,,,,gp_head,sarpanch,Woman,NONE,1,all_seats,,,,,Women,latin,data/jk/2016/Publication Jammu B.pdf,27,Publication Jammu B.pdf,,
Jammu & Kashmir,2016,Jammu,,,R.S.Pura,2,Badyal Brahmana upper,,,,gp_head,sarpanch,Other than Woman,NONE,0,all_seats,,,,,OPEN,latin,data/jk/2016/Publication Jammu B.pdf,27,Publication Jammu B.pdf,,
Jammu & Kashmir,2016,Jammu,,,R.S.Pura,3,Baspur,,,,gp_head,sarpanch,Other than Woman,NONE,0,all_seats,,,,,OPEN,latin,data/jk/2016/Publication Jammu B.pdf,27,Publication Jammu B.pdf,,
Jammu & Kashmir,2016,Jammu,,,R.S.Pura,4,Chak agra,,,,gp_head,sarpanch,Woman,NONE,1,all_seats,,,,,Women,latin,data/jk/2016/Publication Jammu B.pdf,27,Publication Jammu B.pdf,,
Jammu & Kashmir,2016,Jammu,,,R.S.Pura,5,Chak Bala,,,,gp_head,sarpanch,SC Other than Woman,SC,0,all_seats,,,,,SC,latin,data/jk/2016/Publication Jammu B.pdf,28,Publication Jammu B.pdf,,
Jammu & Kashmir,2016,Jammu,,,R.S.Pura,6,Chanduchak,,,,gp_head,sarpanch,Other than Woman,NONE,0,all_seats,,,,,OPEN,latin,data/jk/2016/Publication Jammu B.pdf,28,Publication Jammu B.pdf,,
Jammu & Kashmir,2016,Jammu,,,R.S.Pura,7,Chohala,,,,gp_head,sarpanch,SC Woman,SC,1,all_seats,,,,,SC Women,latin,data/jk/2016/Publication Jammu B.pdf,28,Publication Jammu B.pdf,,
Jammu & Kashmir,2016,Jammu,,,R.S.Pura,8,Dablehar,,,,gp_head,sarpanch,Other than Woman,NONE,0,all_seats,,,,,OPEN,latin,data/jk/2016/Publication Jammu B.pdf,28,Publication Jammu B.pdf,,
Jammu & Kashmir,2016,Jammu,,,R.S.Pura,9,Fatepur Brahmana,,,,gp_head,sarpanch,Other than Woman,NONE,0,all_seats,,,,,OPEN,latin,data/jk/2016/Publication Jammu B.pdf,29,Publication Jammu B.pdf,,
Jammu & Kashmir,2016,Jammu,,,R.S.Pura,10,Gagian,,,,gp_head,sarpanch,SC Woman,SC,1,all_seats,,,,,SC Women,latin,data/jk/2016/Publication Jammu B.pdf,29,Publication Jammu B.pdf,,
Jammu & Kashmir,2016,Jammu,,,R.S.Pura,11,Gondla,,,,gp_head,sarpanch,Other than Woman,NONE,0,all_seats,,,,,OPEN,latin,data/jk/2016/Publication Jammu B.pdf,29,Publication Jammu B.pdf,,
Jammu & Kashmir,2016,Jammu,,,R.S.Pura,12,Jassore,,,,gp_head,sarpanch,Other than Woman,NONE,0,all_seats,,,,,OPEN,latin,data/jk/2016/Publication Jammu B.pdf,29,Publication Jammu B.pdf,,
Jammu & Kashmir,2016,Jammu,,,R.S.Pura,14,Kalayana,,,,gp_head,sarpanch,Other than Woman,NONE,0,all_seats,,,,,OPEN,latin,data/jk/2016/Publication Jammu B.pdf,30,Publication Jammu B.pdf,,
Jammu & Kashmir,2016,Jammu,,,R.S.Pura,15,Kotli Arjan singh,,,,gp_head,sarpanch,Other than Woman,NONE,0,all_seats,,,,,OPEN,latin,data/jk/2016/Publication Jammu B.pdf,30,Publication Jammu B.pdf,,
Jammu & Kashmir,2016,Jammu,,,R.S.Pura,15,Kotli Gala Bana(K.G.Bana),,,,gp_head,sarpanch,Woman,NONE,1,all_seats,,,,,Women,latin,data/jk/2016/Publication Jammu B.pdf,30,Publication Jammu B.pdf,,
Jammu & Kashmir,2016,Jammu,,,R.S.Pura,16,Puro Bhan,,,,gp_head,sarpanch,Woman,NONE,1,all_seats,,,,,Women,latin,data/jk/2016/Publication Jammu B.pdf,30,Publication Jammu B.pdf,,
Jammu & Kashmir,2016,Jammu,,,R.S.Pura,17,Ragpur Sadrey,,,,gp_head,sarpanch,SC Other than Woman,SC,0,all_seats,,,,,SC,latin,data/jk/2016/Publication Jammu B.pdf,31,Publication Jammu B.pdf,,
Jammu & Kashmir,2016,Jammu,,,R.S.Pura,18,Rathana,,,,gp_head,sarpanch,Other than Woman,NONE,0,all_seats,,,,,OPEN,latin,data/jk/2016/Publication Jammu B.pdf,31,Publication Jammu B.pdf,,
Jammu & Kashmir,2016,Jammu,,,R.S.Pura,19,Samka,,,,gp_head,sarpanch,Other than Woman,NONE,0,all_seats,,,,,OPEN,latin,data/jk/2016/Publication Jammu B.pdf,31,Publication Jammu B.pdf,,
Jammu & Kashmir,2016,Jammu,,,Samwan,1,Bardoh,,,,gp_head,sarpanch,Woman,NONE,1,all_seats,,,,,Women,latin,data/jk/2016/Publication Jammu B.pdf,32,Publication Jammu B.pdf,,
Jammu & Kashmir,2016,Jammu,,,Samwan,2,Pallanwala Upper,,,,gp_head,sarpanch,Other than Woman,NONE,0,all_seats,,,,,OPEN,latin,data/jk/2016/Publication Jammu B.pdf,32,Publication Jammu B.pdf,,
Jammu & Kashmir,2016,Jammu,,,Samwan,3,Panjtoot,,,,gp_head,sarpanch,Other than Woman,NONE,0,all_seats,,,,,OPEN,latin,data/jk/2016/Publication Jammu B.pdf,32,Publication Jammu B.pdf,,
Jammu & Kashmir,2016,Jammu,,,Samwan,4,Samwan,,,,gp_head,sarpanch,Other than Woman,NONE,0,all_seats,,,,,OPEN,latin,data/jk/2016/Publication Jammu B.pdf,32,Publication Jammu B.pdf,,
Jammu & Kashmir,2016,Jammu,,,Satwari,1,Babliana,,,,gp_head,sarpanch,Woman,NONE,1,all_seats,,,,,Women,latin,data/jk/2016/Publication Jammu B.pdf,33,Publication Jammu B.pdf,,
Jammu & Kashmir,2016,Jammu,,,Satwari,2,Bhour East,,,,gp_head,sarpanch,SC Other than Woman,SC,0,all_seats,,,,,SC,latin,data/jk/2016/Publication Jammu B.pdf,33,Publication Jammu B.pdf,,
Jammu & Kashmir,2016,Jammu,,,Satwari,3,Bhour West,,,,gp_head,sarpanch,Other than Woman,NONE,0,all_seats,,,,,OPEN,latin,data/jk/2016/Publication Jammu B.pdf,33,Publication Jammu B.pdf,,
Jammu & Kashmir,2016,Jammu,,,Satwari,4,Chatha,,,,gp_head,sarpanch,Woman,NONE,1,all_seats,,,,,Women,latin,data/jk/2016/Publication Jammu B.pdf,33,Publication Jammu B.pdf,,
Jammu & Kashmir,2016,Jammu,,,Satwari,5,Chowadi,,,,gp_head,sarpanch,Other than Woman,NONE,0,all_seats,,,,,OPEN,latin,data/jk/2016/Publication Jammu B.pdf,34,Publication Jammu B.pdf,,
Jammu & Kashmir,2016,Jammu,,,Satwari,6,Dharap,,,,gp_head,sarpanch,Other than Woman,NONE,0,all_seats,,,,,OPEN,latin,data/jk/2016/Publication Jammu B.pdf,34,Publication Jammu B.pdf,,
Jammu & Kashmir,2016,Jammu,,,Satwari,7,Gadigarh,,,,gp_head,sarpanch,Woman,NONE,1,all_seats,,,,,Women,latin,data/jk/2016/Publication Jammu B.pdf,34,Publication Jammu B.pdf,,
Jammu & Kashmir,2016,Jammu,,,Satwari,8,Narwal Bala,,,,gp_head,sarpanch,Other than Woman,NONE,0,all_seats,,,,,OPEN,latin,data/jk/2016/Publication Jammu B.pdf,34,Publication Jammu B.pdf,,
Jammu & Kashmir,2016,Jammu,,,Satwari,9,Rakh Gadigarh,,,,gp_head,sarpanch,Other than Woman,NONE,0,all_seats,,,,,OPEN,latin,data/jk/2016/Publication Jammu B.pdf,35,Publication Jammu B.pdf,,
Jammu & Kashmir,2016,Jammu,,,Satwari,10,Ratnuchak,,,,gp_head,sarpanch,Woman,NONE,1,all_seats,,,,,Women,latin,data/jk/2016/Publication Jammu B.pdf,35,Publication Jammu B.pdf,,
Jammu & Kashmir,2016,Jammu,,,Satwari,11,Satwari,,,,gp_head,sarpanch,Other than Woman,NONE,0,all_seats,,,,,OPEN,latin,data/jk/2016/Publication Jammu B.pdf,35,Publication Jammu B.pdf,,
Jammu & Kashmir,2016,Jammu,,,Satwari,12,Sunjwan Centre,,,,gp_head,sarpanch,ST Other than Woman,ST,0,all_seats,,,,,ST,latin,data/jk/2016/Publication Jammu B.pdf,35,Publication Jammu B.pdf,,
Jammu & Kashmir,2016,Jammu,,,Satwari,13,Sunjwan Lower,,,,gp_head,sarpanch,ST Woman,ST,1,all_seats,,,,,ST WOMEN,latin,data/jk/2016/Publication Jammu B.pdf,36,Publication Jammu B.pdf,,
Jammu & Kashmir,2016,Jammu,,,Satwari,14,Sunjwan Upper,,,,gp_head,sarpanch,Other than Woman,NONE,0,all_seats,,,,,OPEN,latin,data/jk/2016/Publication Jammu B.pdf,36,Publication Jammu B.pdf,,
Jammu & Kashmir,2016,Jammu,,,SUCHETGARH,1,Abdal,,,,gp_head,sarpanch,Woman,NONE,1,all_seats,,,,,Women,latin,data/jk/2016/Publication Jammu B.pdf,37,Publication Jammu B.pdf,,
Jammu & Kashmir,2016,Jammu,,,SUCHETGARH,2,Badyal Qazian,,,,gp_head,sarpanch,SC Other than Woman,SC,0,all_seats,,,,,SC,latin,data/jk/2016/Publication Jammu B.pdf,37,Publication Jammu B.pdf,,
Jammu & Kashmir,2016,Jammu,,,SUCHETGARH,3,Chak Baja,,,,gp_head,sarpanch,Other than Woman,NONE,0,all_seats,,,,,OPEN,latin,data/jk/2016/Publication Jammu B.pdf,37,Publication Jammu B.pdf,,
Jammu & Kashmir,2016,Jammu,,,SUCHETGARH,4,Chak Mullo,,,,gp_head,sarpanch,SC Woman,SC,1,all_seats,,,,,SC Women,latin,data/jk/2016/Publication Jammu B.pdf,37,Publication Jammu B.pdf,,
Jammu & Kashmir,2016,Jammu,,,SUCHETGARH,5,Chakroi Lower,,,,gp_head,sarpanch,SC Other than Woman,SC,0,all_seats,,,,,SC,latin,data/jk/2016/Publication Jammu B.pdf,38,Publication Jammu B.pdf,,
Jammu & Kashmir,2016,Jammu,,,SUCHETGARH,6,Chakroi Upper,,,,gp_head,sarpanch,SC Other than Woman,SC,0,all_seats,,,,,SC,latin,data/jk/2016/Publication Jammu B.pdf,38,Publication Jammu B.pdf,,
Jammu & Kashmir,2016,Jammu,,,SUCHETGARH,7,Dewangarh,,,,gp_head,sarpanch,Woman,NONE,1,all_seats,,,,,Women,latin,data/jk/2016/Publication Jammu B.pdf,38,Publication Jammu B.pdf,,
Jammu & Kashmir,2016,Jammu,,,SUCHETGARH,8,Flora,,,,gp_head,sarpanch,Other than Woman,NONE,0,all_seats,,,,,OPEN,latin,data/jk/2016/Publication Jammu B.pdf,38,Publication Jammu B.pdf,,
Jammu & Kashmir,2016,Jammu,,,SUCHETGARH,9,Gharana,,,,gp_head,sarpanch,Other than Woman,NONE,0,all_seats,,,,,OPEN,latin,data/jk/2016/Publication Jammu B.pdf,38,Publication Jammu B.pdf,,
Jammu & Kashmir,2016,Jammu,,,SUCHETGARH,10,Haripur,,,,gp_head,sarpanch,Woman,NONE,1,all_seats,,,,,Women,latin,data/jk/2016/Publication Jammu B.pdf,39,Publication Jammu B.pdf,,
Jammu & Kashmir,2016,Jammu,,,SUCHETGARH,11,Jeora,,,,gp_head,sarpanch,ST Other than Woman,ST,0,all_seats,,,,,ST,latin,data/jk/2016/Publication Jammu B.pdf,39,Publication Jammu B.pdf,,
Jammu & Kashmir,2016,Jammu,,,SUCHETGARH,13,Magowali,,,,gp_head,sarpanch,Woman,NONE,1,all_seats,,,,,Women,latin,data/jk/2016/Publication Jammu B.pdf,39,Publication Jammu B.pdf,,
Jammu & Kashmir,2016,Jammu,,,SUCHETGARH,14,Nikowal,,,,gp_head,sarpanch,Other than Woman,NONE,0,all_seats,,,,,OPEN,latin,data/jk/2016/Publication Jammu B.pdf,39,Publication Jammu B.pdf,,
Jammu & Kashmir,2016,Jammu,,,SUCHETGARH,15,Parlah,,,,gp_head,sarpanch,Other than Woman,NONE,0,all_seats,,,,,OPEN,latin,data/jk/2016/Publication Jammu B.pdf,40,Publication Jammu B.pdf,,
Jammu & Kashmir,2016,Jammu,,,SUCHETGARH,16,Rangpur Mullana,,,,gp_head,sarpanch,Woman,NONE,1,all_seats,,,,,Women,latin,data/jk/2016/Publication Jammu B.pdf,40,Publication Jammu B.pdf,,
Jammu & Kashmir,2016,Jammu,,,SUCHETGARH,17,Sai Kalan,,,,gp_head,sarpanch,Other than Woman,NONE,0,all_seats,,,,,OPEN,latin,data/jk/2016/Publication Jammu B.pdf,40,Publication Jammu B.pdf,,
Jammu & Kashmir,2016,Jammu,,,SUCHETGARH,18,Sai Khurd,,,,gp_head,sarpanch,Other than Woman,NONE,0,all_seats,,,,,OPEN,latin,data/jk/2016/Publication Jammu B.pdf,40,Publication Jammu B.pdf,,
Jammu & Kashmir,2016,Jammu,,,SUCHETGARH,19,Satowali,,,,gp_head,sarpanch,Woman,NONE,1,all_seats,,,,,Women,latin,data/jk/2016/Publication Jammu B.pdf,41,Publication Jammu B.pdf,,
Jammu & Kashmir,2016,Jammu,,,SUCHETGARH,20,Suchetgarh,,,,gp_head,sarpanch,Other than Woman,NONE,0,all_seats,,,,,OPEN,latin,data/jk/2016/Publication Jammu B.pdf,41,Publication Jammu B.pdf,,
Jammu & Kashmir,2016,Jammu,,,SUCHETGARH,21,Talhar,,,,gp_head,sarpanch,SC Other than Woman,SC,0,all_seats,,,,,SC,latin,data/jk/2016/Publication Jammu B.pdf,41,Publication Jammu B.pdf,,
Jammu & Kashmir,2016,Udhampur,,1,Chanunta,1,Badhole,,,,gp_head,sarpanch,Woman,NONE,1,all_seats,,,,,Woman,latin,data/jk/2016/Publication Udhampur A.pdf,1,Publication Udhampur A.pdf,,
Jammu & Kashmir,2016,Udhampur,,1,Chanunta,2,Bhugtrian,,,,gp_head,sarpanch,Other than Woman,NONE,0,all_seats,,,,,Open,latin,data/jk/2016/Publication Udhampur A.pdf,1,Publication Udhampur A.pdf,,
Jammu & Kashmir,2016,Udhampur,,1,Chanunta,,3 Chanunta,,,,gp_head,sarpanch,Other than Woman,NONE,0,all_seats,,,,,Open,latin,data/jk/2016/Publication Udhampur A.pdf,1,Publication Udhampur A.pdf,,
Jammu & Kashmir,2016,Udhampur,,1,Chanunta,,4 Dalsar,,,,gp_head,sarpanch,SC Woman,SC,1,all_seats,,,,,SC Woman,latin,data/jk/2016/Publication Udhampur A.pdf,2,Publication Udhampur A.pdf,,
Jammu & Kashmir,2016,Udhampur,,1,Chanunta,,5 Panjgrain,,,,gp_head,sarpanch,SC Other than Woman,SC,0,all_seats,,,,,SC,latin,data/jk/2016/Publication Udhampur A.pdf,2,Publication Udhampur A.pdf,,
Jammu & Kashmir,2016,Udhampur,,1,Chanunta,,6 Sermanjla,,,,gp_head,sarpanch,Other than Woman,NONE,0,all_seats,,,,,Open,latin,data/jk/2016/Publication Udhampur A.pdf,2,Publication Udhampur A.pdf,,
Jammu & Kashmir,2016,Udhampur,,1,Chanunta,,7 Surni,,,,gp_head,sarpanch,SC Other than Woman,SC,0,all_seats,,,,,SC,latin,data/jk/2016/Publication Udhampur A.pdf,3,Publication Udhampur A.pdf,,
Jammu & Kashmir,2016,Udhampur,,2,Chenani,1,Bain,,,,gp_head,sarpanch,Woman,NONE,1,all_seats,,,,,Woman,latin,data/jk/2016/Publication Udhampur A.pdf,3,Publication Udhampur A.pdf,,
Jammu & Kashmir,2016,Udhampur,,2,Chenani,,2 Bashat,,,,gp_head,sarpanch,Other than Woman,NONE,0,all_seats,,,,,Open,latin,data/jk/2016/Publication Udhampur A.pdf,3,Publication Udhampur A.pdf,,
Jammu & Kashmir,2016,Udhampur,,2,Chenani,,3 Bupp,,,,gp_head,sarpanch,Other than Woman,NONE,0,all_seats,,,,,Open,latin,data/jk/2016/Publication Udhampur A.pdf,4,Publication Udhampur A.pdf,,
Jammu & Kashmir,2016,Udhampur,,2,Chenani,,4 Ghantwal,,,,gp_head,sarpanch,Woman,NONE,1,all_seats,,,,,Woman,latin,data/jk/2016/Publication Udhampur A.pdf,4,Publication Udhampur A.pdf,,
Jammu & Kashmir,2016,Udhampur,,2,Chenani,,5 Gharian,,,,gp_head,sarpanch,Other than Woman,NONE,0,all_seats,,,,,Open,latin,data/jk/2016/Publication Udhampur A.pdf,4,Publication Udhampur A.pdf,,
Jammu & Kashmir,2016,Udhampur,,2,Chenani,6,Karlah,,,,gp_head,sarpanch,Other than Woman,NONE,0,all_seats,,,,,Open,latin,data/jk/2016/Publication Udhampur A.pdf,5,Publication Udhampur A.pdf,,
Jammu & Kashmir,2016,Udhampur,,2,Chenani,7,Katwalt,,,,gp_head,sarpanch,Woman,NONE,1,all_seats,,,,,Woman,latin,data/jk/2016/Publication Udhampur A.pdf,5,Publication Udhampur A.pdf,,
Jammu & Kashmir,2016,Udhampur,,2,Chenani,,8 Kosar,,,,gp_head,sarpanch,Other than Woman,NONE,0,all_seats,,,,,Open,latin,data/jk/2016/Publication Udhampur A.pdf,5,Publication Udhampur A.pdf,,
Jammu & Kashmir,2016,Udhampur,,2,Chenani,,9 Kud Lower,,,,gp_head,sarpanch,Other than Woman,NONE,0,all_seats,,,,,Open,latin,data/jk/2016/Publication Udhampur A.pdf,6,Publication Udhampur A.pdf,,
Jammu & Kashmir,2016,Udhampur,,2,Chenani,10,Kud Upper,,,,gp_head,sarpanch,Woman,NONE,1,all_seats,,,,,Woman,latin,data/jk/2016/Publication Udhampur A.pdf,6,Publication Udhampur A.pdf,,
Jammu & Kashmir,2016,Udhampur,,2,Chenani,,11 Madha Lower,,,,gp_head,sarpanch,Other than Woman,NONE,0,all_seats,,,,,Open,latin,data/jk/2016/Publication Udhampur A.pdf,6,Publication Udhampur A.pdf,,
Jammu & Kashmir,2016,Udhampur,,2,Chenani,,12 Madha Upper,,,,gp_head,sarpanch,Other than Woman,NONE,0,all_seats,,,,,Open,latin,data/jk/2016/Publication Udhampur A.pdf,7,Publication Udhampur A.pdf,,
Jammu & Kashmir,2016,Udhampur,,2,Chenani,,13 Mantalai,,,,gp_head,sarpanch,Woman,NONE,1,all_seats,,,,,Woman,latin,data/jk/2016/Publication Udhampur A.pdf,7,Publication Udhampur A.pdf,,
Jammu & Kashmir,2016,Udhampur,,2,Chenani,,14 Matlowa-A,,,,gp_head,sarpanch,Other than Woman,NONE,0,all_seats,,,,,Open,latin,data/jk/2016/Publication Udhampur A.pdf,7,Publication Udhampur A.pdf,,
Jammu & Kashmir,2016,Udhampur,,2,Chenani,,15 Matlowa-B,,,,gp_head,sarpanch,Other than Woman,NONE,0,all_seats,,,,,Open,latin,data/jk/2016/Publication Udhampur A.pdf,8,Publication Udhampur A.pdf,,
Jammu & Kashmir,2016,Udhampur,,2,Chenani,,16 Nagulta,,,,gp_head,sarpanch,Woman,NONE,1,all_seats,,,,,Woman,latin,data/jk/2016/Publication Udhampur A.pdf,8,Publication Udhampur A.pdf,,
Jammu & Kashmir,2016,Udhampur,,2,Chenani,,17 Pachote,,,,gp_head,sarpanch,Other than Woman,NONE,0,all_seats,,,,,Open,latin,data/jk/2016/Publication Udhampur A.pdf,8,Publication Udhampur A.pdf,,
Jammu & Kashmir,2016,Udhampur,,2,Chenani,,18 Sarar,,,,gp_head,sarpanch,Other than Woman,NONE,0,all_seats,,,,,Open,latin,data/jk/2016/Publication Udhampur A.pdf,9,Publication Udhampur A.pdf,,
Jammu & Kashmir,2016,Udhampur,,2,Chenani,,19 Sudhmaha Dev,,,,gp_head,sarpanch,Woman,NONE,1,all_seats,,,,,Woman,latin,data/jk/2016/Publication Udhampur A.pdf,9,Publication Udhampur A.pdf,,
Jammu & Kashmir,2016,Udhampur,,2,Chenani,,20 Tandar,,,,gp_head,sarpanch,Other than Woman,NONE,0,all_seats,,,,,Open,latin,data/jk/2016/Publication Udhampur A.pdf,9,Publication Udhampur A.pdf,,
Jammu & Kashmir,2016,Udhampur,,3,Dudu- Basantgarh,,1 Balota Upper,,,,gp_head,sarpanch,SC Woman,SC,1,all_seats,,,,,SC Woman,latin,data/jk/2016/Publication Udhampur A.pdf,10,Publication Udhampur A.pdf,,
Jammu & Kashmir,2016,Udhampur,,3,Dudu- Basantgarh,,2 Basantgarh,,,,gp_head,sarpanch,Other than Woman,NONE,0,all_seats,,,,,Open,latin,data/jk/2016/Publication Udhampur A.pdf,10,Publication Udhampur A.pdf,,
Jammu & Kashmir,2016,Udhampur,,3,Dudu- Basantgarh,,3 Chakal,,,,gp_head,sarpanch,SC Other than Woman,SC,0,all_seats,,,,,SC,latin,data/jk/2016/Publication Udhampur A.pdf,10,Publication Udhampur A.pdf,,
Jammu & Kashmir,2016,Udhampur,,3,Dudu- Basantgarh,,4 Loudhra,,,,gp_head,sarpanch,Woman,NONE,1,all_seats,,,,,Woman,latin,data/jk/2016/Publication Udhampur A.pdf,11,Publication Udhampur A.pdf,,
Jammu & Kashmir,2016,Udhampur,,3,Dudu- Basantgarh,,5 Mong,,,,gp_head,sarpanch,Other than Woman,NONE,0,all_seats,,,,,Open,latin,data/jk/2016/Publication Udhampur A.pdf,11,Publication Udhampur A.pdf,,
Jammu & Kashmir,2016,Udhampur,,3,Dudu- Basantgarh,,6 Rasli- Gadharen,,,,gp_head,sarpanch,Other than Woman,NONE,0,all_seats,,,,,Open,latin,data/jk/2016/Publication Udhampur A.pdf,12,Publication Udhampur A.pdf,,
Jammu & Kashmir,2016,Udhampur,,3,Dudu- Basantgarh,,7 Sia-Mehari,,,,gp_head,sarpanch,Other than Woman,NONE,0,all_seats,,,,,Open,latin,data/jk/2016/Publication Udhampur A.pdf,12,Publication Udhampur A.pdf,,
Jammu & Kashmir,2016,Udhampur,,4,Ghordi,1,Barmeen Lower,,,,gp_head,sarpanch,Woman,NONE,1,all_seats,,,,,Woman,latin,data/jk/2016/Publication Udhampur A.pdf,13,Publication Udhampur A.pdf,,
Jammu & Kashmir,2016,Udhampur,,4,Ghordi,,2 Barmeen Upper,,,,gp_head,sarpanch,Other than Woman,NONE,0,all_seats,,,,,Open,latin,data/jk/2016/Publication Udhampur A.pdf,13,Publication Udhampur A.pdf,,
Jammu & Kashmir,2016,Udhampur,,4,Ghordi,,3 Bindla,,,,gp_head,sarpanch,Other than Woman,NONE,0,all_seats,,,,,Open,latin,data/jk/2016/Publication Udhampur A.pdf,14,Publication Udhampur A.pdf,,
Jammu & Kashmir,2016,Udhampur,,4,Ghordi,,4 Birnoo,,,,gp_head,sarpanch,SC Woman,SC,1,all_seats,,,,,SC Woman,latin,data/jk/2016/Publication Udhampur A.pdf,14,Publication Udhampur A.pdf,,
Jammu & Kashmir,2016,Udhampur,,4,Ghordi,,5 Ghordi Jagir,,,,gp_head,sarpanch,Other than Woman,NONE,0,all_seats,,,,,Open,latin,data/jk/2016/Publication Udhampur A.pdf,14,Publication Udhampur A.pdf,,
Jammu & Kashmir,2016,Udhampur,,4,Ghordi,,6 Ghordi Khas (E),,,,gp_head,sarpanch,Other than Woman,NONE,0,all_seats,,,,,Open,latin,data/jk/2016/Publication Udhampur A.pdf,15,Publication Udhampur A.pdf,,
Jammu & Kashmir,2016,Udhampur,,4,Ghordi,,7Ghordi Khas (West),,,,gp_head,sarpanch,Woman,NONE,1,all_seats,,,,,Woman,latin,data/jk/2016/Publication Udhampur A.pdf,15,Publication Udhampur A.pdf,,
Jammu & Kashmir,2016,Udhampur,,4,Ghordi,,8 Hartayan,,,,gp_head,sarpanch,Other than Woman,NONE,0,all_seats,,,,,Open,latin,data/jk/2016/Publication Udhampur A.pdf,15,Publication Udhampur A.pdf,,
Jammu & Kashmir,2016,Udhampur,,4,Ghordi,,9 Jandrore,,,,gp_head,sarpanch,Other than Woman,NONE,0,all_seats,,,,,Open,latin,data/jk/2016/Publication Udhampur A.pdf,16,Publication Udhampur A.pdf,,
Jammu & Kashmir,2016,Udhampur,,4,GHORDI,,10 Kanah,,,,gp_head,sarpanch,Woman,NONE,1,all_seats,,,,,Woman,latin,data/jk/2016/Publication Udhampur A.pdf,16,Publication Udhampur A.pdf,,
Jammu & Kashmir,2016,Udhampur,,4,GHORDI,,11 Larh,,,,gp_head,sarpanch,SC Other than Woman,SC,0,all_seats,,,,,SC,latin,data/jk/2016/Publication Udhampur A.pdf,16,Publication Udhampur A.pdf,,
Jammu & Kashmir,2016,Udhampur,,4,GHORDI,,12 Mani,,,,gp_head,sarpanch,Woman,NONE,1,all_seats,,,,,Woman,latin,data/jk/2016/Publication Udhampur A.pdf,17,Publication Udhampur A.pdf,,
Jammu & Kashmir,2016,Udhampur,,4,GHORDI,,13 Nalla Ghouran,,,,gp_head,sarpanch,Woman,NONE,1,all_seats,,,,,Woman,latin,data/jk/2016/Publication Udhampur A.pdf,17,Publication Udhampur A.pdf,,
Jammu & Kashmir,2016,Udhampur,,4,GHORDI,,14 Nalla Malllian,,,,gp_head,sarpanch,Other than Woman,NONE,0,all_seats,,,,,Open,latin,data/jk/2016/Publication Udhampur A.pdf,18,Publication Udhampur A.pdf,,
Jammu & Kashmir,2016,Udhampur,,4,GHORDI,,15 Rassain,,,,gp_head,sarpanch,Other than Woman,NONE,0,all_seats,,,,,Open,latin,data/jk/2016/Publication Udhampur A.pdf,18,Publication Udhampur A.pdf,,
Jammu & Kashmir,2016,Udhampur,,4,GHORDI,,16 Satyalta,,,,gp_head,sarpanch,Woman,NONE,1,all_seats,,,,,Woman,latin,data/jk/2016/Publication Udhampur A.pdf,18,Publication Udhampur A.pdf,,
Jammu & Kashmir,2016,Udhampur,,4,GHORDI,,17 Serballa,,,,gp_head,sarpanch,Other than Woman,NONE,0,all_seats,,,,,Open,latin,data/jk/2016/Publication Udhampur A.pdf,18,Publication Udhampur A.pdf,,
Jammu & Kashmir,2016,Udhampur,,4,GHORDI,,18 Sughlar,,,,gp_head,sarpanch,Other than Woman,NONE,0,all_seats,,,,,Open,latin,data/jk/2016/Publication Udhampur A.pdf,19,Publication Udhampur A.pdf,,
Jammu & Kashmir,2016,Udhampur,,5,JAGANOO,,1 Barta,,,,gp_head,sarpanch,Woman,NONE,1,all_seats,,,,,Woman,latin,data/jk/2016/Publication Udhampur A.pdf,20,Publication Udhampur A.pdf,,
Jammu & Kashmir,2016,Udhampur,,5,JAGANOO,,2 Dhalpar,,,,gp_head,sarpanch,Other than Woman,NONE,0,all_seats,,,,,Open,latin,data/jk/2016/Publication Udhampur A.pdf,20,Publication Udhampur A.pdf,,
Jammu & Kashmir,2016,Udhampur,,5,JAGANOO,,3 Dhandhal,,,,gp_head,sarpanch,Other than Woman,NONE,0,all_seats,,,,,Open,latin,data/jk/2016/Publication Udhampur A.pdf,20,Publication Udhampur A.pdf,,
Jammu & Kashmir,2016,Udhampur,,5,JAGANOO,,4Jaganoo,,,,gp_head,sarpanch,Woman,NONE,1,all_seats,,,,,Woman,latin,data/jk/2016/Publication Udhampur A.pdf,21,Publication Udhampur A.pdf,,
Jammu & Kashmir,2016,Udhampur,,5,JAGANOO,,5 Kuh,,,,gp_head,sarpanch,Other than Woman,NONE,0,all_seats,,,,,Open,latin,data/jk/2016/Publication Udhampur A.pdf,21,Publication Udhampur A.pdf,,
Jammu & Kashmir,2016,Udhampur,,5,JAGANOO,,6 Prowa Jagir,,,,gp_head,sarpanch,Other than Woman,NONE,0,all_seats,,,,,Open,latin,data/jk/2016/Publication Udhampur A.pdf,21,Publication Udhampur A.pdf,,
Jammu & Kashmir,2016,Udhampur,,5,JAGANOO,,7 Ritti,,,,gp_head,sarpanch,Woman,NONE,1,all_seats,,,,,Woman,latin,data/jk/2016/Publication Udhampur A.pdf,22,Publication Udhampur A.pdf,,
Jammu & Kashmir,2016,Udhampur,,5,JAGANOO,,8 Sataini,,,,gp_head,sarpanch,Other than Woman,NONE,0,all_seats,,,,,Open,latin,data/jk/2016/Publication Udhampur A.pdf,22,Publication Udhampur A.pdf,,
Jammu & Kashmir,2016,Udhampur,,5,JAGANOO,,9 Sial Sallan,,,,gp_head,sarpanch,Other than Woman,NONE,0,all_seats,,,,,Open,latin,data/jk/2016/Publication Udhampur A.pdf,22,Publication Udhampur A.pdf,,
Jammu & Kashmir,2016,Udhampur,,5,JAGANOO,,10Sunal,,,,gp_head,sarpanch,Woman,NONE,1,all_seats,,,,,Woman,latin,data/jk/2016/Publication Udhampur A.pdf,23,Publication Udhampur A.pdf,,
Jammu & Kashmir,2016,Udhampur,,5,JAGANOO,,11 Thanoa,,,,gp_head,sarpanch,Other than Woman,NONE,0,all_seats,,,,,Open,latin,data/jk/2016/Publication Udhampur A.pdf,23,Publication Udhampur A.pdf,,
Jammu & Kashmir,2016,Udhampur,,5,Khoon,,1 Babey,,,,gp_head,sarpanch,Woman,NONE,1,all_seats,,,,,Woman,latin,data/jk/2016/Publication Udhampur A.pdf,24,Publication Udhampur A.pdf,,
Jammu & Kashmir,2016,Udhampur,,5,Khoon,3,Chore Panjian,,,,gp_head,sarpanch,Other than Woman,NONE,0,all_seats,,,,,Open,latin,data/jk/2016/Publication Udhampur A.pdf,24,Publication Udhampur A.pdf,,
Jammu & Kashmir,2016,Udhampur,,5,Khoon,,4 G.S.Banj,,,,gp_head,sarpanch,Woman,NONE,1,all_seats,,,,,Woman,latin,data/jk/2016/Publication Udhampur A.pdf,25,Publication Udhampur A.pdf,,
Jammu & Kashmir,2016,Udhampur,,5,Khoon,,5 Khoon,,,,gp_head,sarpanch,Other than Woman,NONE,0,all_seats,,,,,Open,latin,data/jk/2016/Publication Udhampur A.pdf,25,Publication Udhampur A.pdf,,
Jammu & Kashmir,2016,Udhampur,,5,Khoon,,6 Palnoo,,,,gp_head,sarpanch,Other than Woman,NONE,0,all_seats,,,,,Open,latin,data/jk/2016/Publication Udhampur A.pdf,25,Publication Udhampur A.pdf,,
Jammu & Kashmir,2016,Udhampur,,5,Khoon,,7Pathwar,,,,gp_head,sarpanch,Woman,NONE,1,all_seats,,,,,Woman,latin,data/jk/2016/Publication Udhampur A.pdf,25,Publication Udhampur A.pdf,,
Jammu & Kashmir,2016,Udhampur,,5,Khoon,,8 S.K.Bair,,,,gp_head,sarpanch,Other than Woman,NONE,0,all_seats,,,,,Open,latin,data/jk/2016/Publication Udhampur A.pdf,26,Publication Udhampur A.pdf,,
Jammu & Kashmir,2016,Udhampur,,5,Khoon,,9 Sundla,,,,gp_head,sarpanch,Other than Woman,NONE,0,all_seats,,,,,Open,latin,data/jk/2016/Publication Udhampur A.pdf,26,Publication Udhampur A.pdf,,
Jammu & Kashmir,2016,Udhampur,,5,Khoon,,10 Thial,,,,gp_head,sarpanch,Other than Woman,NONE,0,all_seats,,,,,Open,latin,data/jk/2016/Publication Udhampur A.pdf,26,Publication Udhampur A.pdf,,
Jammu & Kashmir,2016,Udhampur,,7,Kulwanta,1,Amroh,,,,gp_head,sarpanch,Woman,NONE,1,all_seats,,,,,Woman,latin,data/jk/2016/Publication Udhampur A.pdf,27,Publication Udhampur A.pdf,,
Jammu & Kashmir,2016,Udhampur,,7,Kulwanta,,2 Balota Chigla,,,,gp_head,sarpanch,Other than Woman,NONE,0,all_seats,,,,,Open,latin,data/jk/2016/Publication Udhampur A.pdf,27,Publication Udhampur A.pdf,,
Jammu & Kashmir,2016,Udhampur,,7,Kulwanta,,3 Bari,,,,gp_head,sarpanch,Other than Woman,NONE,0,all_seats,,,,,Open,latin,data/jk/2016/Publication Udhampur A.pdf,27,Publication Udhampur A.pdf,,
Jammu & Kashmir,2016,Udhampur,,7,Kulwanta,,4 Chattrari,,,,gp_head,sarpanch,Woman,NONE,1,all_seats,,,,,Woman,latin,data/jk/2016/Publication Udhampur A.pdf,28,Publication Udhampur A.pdf,,
Jammu & Kashmir,2016,Udhampur,,7,Kulwanta,5,Incha,,,,gp_head,sarpanch,Other than Woman,NONE,0,all_seats,,,,,Open,latin,data/jk/2016/Publication Udhampur A.pdf,28,Publication Udhampur A.pdf,,
Jammu & Kashmir,2016,Udhampur,,7,Kulwanta,6,Joffer,,,,gp_head,sarpanch,SC Other than Woman,SC,0,all_seats,,,,,SC,latin,data/jk/2016/Publication Udhampur A.pdf,28,Publication Udhampur A.pdf,,
Jammu & Kashmir,2016,Udhampur,,7,Kulwanta,7,Keya,,,,gp_head,sarpanch,Woman,NONE,1,all_seats,,,,,Woman,latin,data/jk/2016/Publication Udhampur A.pdf,29,Publication Udhampur A.pdf,,
Jammu & Kashmir,2016,Udhampur,,7,Kulwanta,8,Ladana,,,,gp_head,sarpanch,Other than Woman,NONE,0,all_seats,,,,,Open,latin,data/jk/2016/Publication Udhampur A.pdf,29,Publication Udhampur A.pdf,,
Jammu & Kashmir,2016,Udhampur,,8,Latti Marothi,,1 Chapper,,,,gp_head,sarpanch,ST Woman,ST,1,all_seats,,,,,ST Woman,latin,data/jk/2016/Publication Udhampur A.pdf,30,Publication Udhampur A.pdf,,
Jammu & Kashmir,2016,Udhampur,,8,Latti Marothi,,2 Dudu,,,,gp_head,sarpanch,SC Other than Woman,SC,0,all_seats,,,,,SC,latin,data/jk/2016/Publication Udhampur A.pdf,30,Publication Udhampur A.pdf,,
Jammu & Kashmir,2016,Udhampur,,8,Latti Marothi,,3Jakhed,,,,gp_head,sarpanch,Other than Woman,NONE,0,all_seats,,,,,Open,latin,data/jk/2016/Publication Udhampur A.pdf,31,Publication Udhampur A.pdf,,
Jammu & Kashmir,2016,Udhampur,,8,Latti Marothi,,4 Latti,,,,gp_head,sarpanch,Woman,NONE,1,all_seats,,,,,Woman,latin,data/jk/2016/Publication Udhampur A.pdf,31,Publication Udhampur A.pdf,,
Jammu & Kashmir,2016,Udhampur,,8,Latti Marothi,,5 MAROTHI,,,,gp_head,sarpanch,Other than Woman,NONE,0,all_seats,,,,,Open,latin,data/jk/2016/Publication Udhampur A.pdf,32,Publication Udhampur A.pdf,,
Jammu & Kashmir,2016,Udhampur,,8,Latti Marothi,,6 Pachound-I,,,,gp_head,sarpanch,ST Other than Woman,ST,0,all_seats,,,,,ST,latin,data/jk/2016/Publication Udhampur A.pdf,32,Publication Udhampur A.pdf,,
Jammu & Kashmir,2016,Udhampur,,8,Latti Marothi,,7 Pachound-II,,,,gp_head,sarpanch,Woman,NONE,1,all_seats,,,,,Woman,latin,data/jk/2016/Publication Udhampur A.pdf,32,Publication Udhampur A.pdf,,
Jammu & Kashmir,2016,Udhampur,,8,Latti Marothi,,8 Pattan Garh,,,,gp_head,sarpanch,Other than Woman,NONE,0,all_seats,,,,,Open,latin,data/jk/2016/Publication Udhampur A.pdf,33,Publication Udhampur A.pdf,,
Jammu & Kashmir,2016,Udhampur,,8,Latti Marothi,,9 SIRA,,,,gp_head,sarpanch,Other than Woman,NONE,0,all_seats,,,,,Open,latin,data/jk/2016/Publication Udhampur A.pdf,33,Publication Udhampur A.pdf,,
Jammu & Kashmir,2016,Udhampur,,9,Majalta,,1/ Battal,,,,gp_head,sarpanch,Woman,NONE,1,all_seats,,,,,Woman,latin,data/jk/2016/Publication Udhampur A.pdf,34,Publication Udhampur A.pdf,,
Jammu & Kashmir,2016,Udhampur,,9,Majalta,,2/ Bharnara,,,,gp_head,sarpanch,Other than Woman,NONE,0,all_seats,,,,,Open,latin,data/jk/2016/Publication Udhampur A.pdf,34,Publication Udhampur A.pdf,,
Jammu & Kashmir,2016,Udhampur,,9,Majalta,,3/ Bhatti- Barigarh,,,,gp_head,sarpanch,Other than Woman,NONE,0,all_seats,,,,,Open,latin,data/jk/2016/Publication Udhampur A.pdf,34,Publication Udhampur A.pdf,,
Jammu & Kashmir,2016,Udhampur,,9,Majalta,,4/ Cheani,,,,gp_head,sarpanch,Woman,NONE,1,all_seats,,,,,Woman,latin,data/jk/2016/Publication Udhampur A.pdf,35,Publication Udhampur A.pdf,,
Jammu & Kashmir,2016,Udhampur,,9,Majalta,,5/ Dhamma,,,,gp_head,sarpanch,Other than Woman,NONE,0,all_seats,,,,,Open,latin,data/jk/2016/Publication Udhampur A.pdf,35,Publication Udhampur A.pdf,,
Jammu & Kashmir,2016,Udhampur,,9,Majalta,,6 Jansal,,,,gp_head,sarpanch,Other than Woman,NONE,0,all_seats,,,,,Open,latin,data/jk/2016/Publication Udhampur A.pdf,35,Publication Udhampur A.pdf,,
Jammu & Kashmir,2016,Udhampur,,9,Majalta,,7/ Majalta,,,,gp_head,sarpanch,Woman,NONE,1,all_seats,,,,,Woman,latin,data/jk/2016/Publication Udhampur A.pdf,35,Publication Udhampur A.pdf,,
Jammu & Kashmir,2016,Udhampur,,9,Majalta,,8/ Peoni,,,,gp_head,sarpanch,Other than Woman,NONE,0,all_seats,,,,,Open,latin,data/jk/2016/Publication Udhampur A.pdf,36,Publication Udhampur A.pdf,,
Jammu & Kashmir,2016,Udhampur,,9,Majalta,,9/ Satrari,,,,gp_head,sarpanch,Other than Woman,NONE,0,all_seats,,,,,Open,latin,data/jk/2016/Publication Udhampur A.pdf,36,Publication Udhampur A.pdf,,
Jammu & Kashmir,2016,Udhampur,,9,Majalta,,10/ Thalora,,,,gp_head,sarpanch,Other than Woman,NONE,0,all_seats,,,,,Open,latin,data/jk/2016/Publication Udhampur A.pdf,36,Publication Udhampur A.pdf,,
Jammu & Kashmir,2016,Udhampur,,10,Moungri,,1 Basnote,,,,gp_head,sarpanch,Woman,NONE,1,all_seats,,,,,Woman,latin,data/jk/2016/Publication Udhampur B.pdf,1,Publication Udhampur B.pdf,,
Jammu & Kashmir,2016,Udhampur,,10,Moungri,2,Damnote,,,,gp_head,sarpanch,Other than Woman,NONE,0,all_seats,,,,,Open,latin,data/jk/2016/Publication Udhampur B.pdf,1,Publication Udhampur B.pdf,,
Jammu & Kashmir,2016,Udhampur,,10,Moungri,,3 Dubigali,,,,gp_head,sarpanch,Other than Woman,NONE,0,all_seats,,,,,Open,latin,data/jk/2016/Publication Udhampur B.pdf,2,Publication Udhampur B.pdf,,
Jammu & Kashmir,2016,Udhampur,,10,Moungri,4,Kalsote,,,,gp_head,sarpanch,Woman,NONE,1,all_seats,,,,,Woman,latin,data/jk/2016/Publication Udhampur B.pdf,2,Publication Udhampur B.pdf,,
Jammu & Kashmir,2016,Udhampur,,10,Moungri,,5 Ladda-A,,,,gp_head,sarpanch,Other than Woman,NONE,0,all_seats,,,,,Open,latin,data/jk/2016/Publication Udhampur B.pdf,2,Publication Udhampur B.pdf,,
Jammu & Kashmir,2016,Udhampur,,10,Moungri,,6 Ladda-B,,,,gp_head,sarpanch,Other than Woman,NONE,0,all_seats,,,,,Open,latin,data/jk/2016/Publication Udhampur B.pdf,2,Publication Udhampur B.pdf,,
Jammu & Kashmir,2016,Udhampur,,10,Moungri,,7 Lalli,,,,gp_head,sarpanch,Woman,NONE,1,all_seats,,,,,Woman,latin,data/jk/2016/Publication Udhampur B.pdf,3,Publication Udhampur B.pdf,,
Jammu & Kashmir,2016,Udhampur,,10,Moungri,8,Panjar,,,,gp_head,sarpanch,SC Other than Woman,SC,0,all_seats,,,,,SC,latin,data/jk/2016/Publication Udhampur B.pdf,4,Publication Udhampur B.pdf,,
Jammu & Kashmir,2016,Udhampur,,11,Narsoo,1,Bali,,,,gp_head,sarpanch,Woman,NONE,1,all_seats,,,,,Woman,latin,data/jk/2016/Publication Udhampur B.pdf,5,Publication Udhampur B.pdf,,
Jammu & Kashmir,2016,Udhampur,,11,Narsoo,,2 Chirdi,,,,gp_head,sarpanch,Other than Woman,NONE,0,all_seats,,,,,Open,latin,data/jk/2016/Publication Udhampur B.pdf,5,Publication Udhampur B.pdf,,
Jammu & Kashmir,2016,Udhampur,,11,Narsoo,,3Delah,,,,gp_head,sarpanch,Other than Woman,NONE,0,all_seats,,,,,Open,latin,data/jk/2016/Publication Udhampur B.pdf,5,Publication Udhampur B.pdf,,
Jammu & Kashmir,2016,Udhampur,,11,Narsoo,,4 Jakhani,,,,gp_head,sarpanch,Woman,NONE,1,all_seats,,,,,Woman,latin,data/jk/2016/Publication Udhampur B.pdf,6,Publication Udhampur B.pdf,,
Jammu & Kashmir,2016,Udhampur,,11,Narsoo,,5 Kither,,,,gp_head,sarpanch,Other than Woman,NONE,0,all_seats,,,,,Open,latin,data/jk/2016/Publication Udhampur B.pdf,6,Publication Udhampur B.pdf,,
Jammu & Kashmir,2016,Udhampur,,11,Narsoo,,6 Ladha,,,,gp_head,sarpanch,Other than Woman,NONE,0,all_seats,,,,,Open,latin,data/jk/2016/Publication Udhampur B.pdf,6,Publication Udhampur B.pdf,,
Jammu & Kashmir,2016,Udhampur,,11,Narsoo,,7 Moud,,,,gp_head,sarpanch,Woman,NONE,1,all_seats,,,,,Woman,latin,data/jk/2016/Publication Udhampur B.pdf,7,Publication Udhampur B.pdf,,
Jammu & Kashmir,2016,Udhampur,,11,Narsoo,,8 Narsoo,,,,gp_head,sarpanch,Other than Woman,NONE,0,all_seats,,,,,Open,latin,data/jk/2016/Publication Udhampur B.pdf,7,Publication Udhampur B.pdf,,
Jammu & Kashmir,2016,Udhampur,,12,Panchari,,1 Badhota,,,,gp_head,sarpanch,Other than Woman,NONE,0,all_seats,,,,,Open,latin,data/jk/2016/Publication Udhampur B.pdf,8,Publication Udhampur B.pdf,,
Jammu & Kashmir,2016,Udhampur,,12,Panchari,,2 Chulna,,,,gp_head,sarpanch,Other than Woman,NONE,0,all_seats,,,,,Open,latin,data/jk/2016/Publication Udhampur B.pdf,8,Publication Udhampur B.pdf,,
Jammu & Kashmir,2016,Udhampur,,12,Panchari,,3 Danota,,,,gp_head,sarpanch,Other than Woman,NONE,0,all_seats,,,,,Open,latin,data/jk/2016/Publication Udhampur B.pdf,9,Publication Udhampur B.pdf,,
Jammu & Kashmir,2016,Udhampur,,12,Panchari,,4 Gailote,,,,gp_head,sarpanch,Woman,NONE,1,all_seats,,,,,Woman,latin,data/jk/2016/Publication Udhampur B.pdf,9,Publication Udhampur B.pdf,,
Jammu & Kashmir,2016,Udhampur,,12,Panchari,,5 Katti,,,,gp_head,sarpanch,Other than Woman,NONE,0,all_seats,,,,,Open,latin,data/jk/2016/Publication Udhampur B.pdf,10,Publication Udhampur B.pdf,,
Jammu & Kashmir,2016,Udhampur,,12,Panchari,,6Kultyar,,,,gp_head,sarpanch,Other than Woman,NONE,0,all_seats,,,,,Open,latin,data/jk/2016/Publication Udhampur B.pdf,10,Publication Udhampur B.pdf,,
Jammu & Kashmir,2016,Udhampur,,12,Panchari,,7 Lander,,,,gp_head,sarpanch,Woman,NONE,1,all_seats,,,,,Woman,latin,data/jk/2016/Publication Udhampur B.pdf,11,Publication Udhampur B.pdf,,
Jammu & Kashmir,2016,Udhampur,,12,Panchari,,8 Latyar,,,,gp_head,sarpanch,ST Other than Woman,ST,0,all_seats,,,,,ST,latin,data/jk/2016/Publication Udhampur B.pdf,11,Publication Udhampur B.pdf,,
Jammu & Kashmir,2016,Udhampur,,12,Panchari,9,Mali,,,,gp_head,sarpanch,SC Other than Woman,SC,0,all_seats,,,,,SC,latin,data/jk/2016/Publication Udhampur B.pdf,12,Publication Udhampur B.pdf,,
Jammu & Kashmir,2016,Udhampur,,12,Panchari,10,Meer Lower,,,,gp_head,sarpanch,Woman,NONE,1,all_seats,,,,,Woman,latin,data/jk/2016/Publication Udhampur B.pdf,12,Publication Udhampur B.pdf,,
Jammu & Kashmir,2016,Udhampur,,12,Panchari,11,Meer Upper,,,,gp_head,sarpanch,Other than Woman,NONE,0,all_seats,,,,,Open,latin,data/jk/2016/Publication Udhampur B.pdf,12,Publication Udhampur B.pdf,,
Jammu & Kashmir,2016,Udhampur,,13,Parli Dhar,1,Baryalta,,,,gp_head,sarpanch,Woman,NONE,1,all_seats,,,,,Woman,latin,data/jk/2016/Publication Udhampur B.pdf,13,Publication Udhampur B.pdf,,
Jammu & Kashmir,2016,Udhampur,,13,Parli Dhar,2,Blandh,,,,gp_head,sarpanch,Other than Woman,NONE,0,all_seats,,,,,Open,latin,data/jk/2016/Publication Udhampur B.pdf,13,Publication Udhampur B.pdf,,
Jammu & Kashmir,2016,Udhampur,,13,Parli Dhar,3,Dhanwalt,,,,gp_head,sarpanch,Other than Woman,NONE,0,all_seats,,,,,Open,latin,data/jk/2016/Publication Udhampur B.pdf,13,Publication Udhampur B.pdf,,
Jammu & Kashmir,2016,Udhampur,,13,Parli Dhar,4,Kogar Marh,,,,gp_head,sarpanch,Woman,NONE,1,all_seats,,,,,Woman,latin,data/jk/2016/Publication Udhampur B.pdf,14,Publication Udhampur B.pdf,,
Jammu & Kashmir,2016,Udhampur,,13,Parli Dhar,5,Pinger,,,,gp_head,sarpanch,Other than Woman,NONE,0,all_seats,,,,,Open,latin,data/jk/2016/Publication Udhampur B.pdf,14,Publication Udhampur B.pdf,,
Jammu & Kashmir,2016,Udhampur,,13,Parli Dhar,6,Rang,,,,gp_head,sarpanch,Other than Woman,NONE,0,all_seats,,,,,Open,latin,data/jk/2016/Publication Udhampur B.pdf,15,Publication Udhampur B.pdf,,
Jammu & Kashmir,2016,Udhampur,,14,Ramnagar,,1 Bhatyari,,,,gp_head,sarpanch,Woman,NONE,1,all_seats,,,,,Woman,latin,data/jk/2016/Publication Udhampur B.pdf,16,Publication Udhampur B.pdf,,
Jammu & Kashmir,2016,Udhampur,,14,Ramnagar,,2 Dehari,,,,gp_head,sarpanch,Other than Woman,NONE,0,all_seats,,,,,Open,latin,data/jk/2016/Publication Udhampur B.pdf,16,Publication Udhampur B.pdf,,
Jammu & Kashmir,2016,Udhampur,,14,Ramnagar,,3 Jandrari,,,,gp_head,sarpanch,SC Other than Woman,SC,0,all_seats,,,,,SC,latin,data/jk/2016/Publication Udhampur B.pdf,17,Publication Udhampur B.pdf,,
Jammu & Kashmir,2016,Udhampur,,14,Ramnagar,,4 Kaghote,,,,gp_head,sarpanch,Woman,NONE,1,all_seats,,,,,Woman,latin,data/jk/2016/Publication Udhampur B.pdf,17,Publication Udhampur B.pdf,,
Jammu & Kashmir,2016,Udhampur,,14,Ramnagar,,5 Katheel Ganju,,,,gp_head,sarpanch,Other than Woman,NONE,0,all_seats,,,,,Open,latin,data/jk/2016/Publication Udhampur B.pdf,17,Publication Udhampur B.pdf,,
Jammu & Kashmir,2016,Udhampur,,14,Ramnagar,,6 Katwalt,,,,gp_head,sarpanch,Other than Woman,NONE,0,all_seats,,,,,Open,latin,data/jk/2016/Publication Udhampur B.pdf,18,Publication Udhampur B.pdf,,
Jammu & Kashmir,2016,Udhampur,,14,Ramnagar,,7 Kela,,,,gp_head,sarpanch,Woman,NONE,1,all_seats,,,,,Woman,latin,data/jk/2016/Publication Udhampur B.pdf,18,Publication Udhampur B.pdf,,
Jammu & Kashmir,2016,Udhampur,,14,Ramnagar,,8 Kirmoo,,,,gp_head,sarpanch,Other than Woman,NONE,0,all_seats,,,,,Open,latin,data/jk/2016/Publication Udhampur B.pdf,18,Publication Udhampur B.pdf,,
Jammu & Kashmir,2016,Udhampur,,14,Ramnagar,,9 Marta,,,,gp_head,sarpanch,Other than Woman,NONE,0,all_seats,,,,,Open,latin,data/jk/2016/Publication Udhampur B.pdf,19,Publication Udhampur B.pdf,,
Jammu & Kashmir,2016,Udhampur,,14,Ramnagar,,10 Satyian,,,,gp_head,sarpanch,SC Woman,SC,1,all_seats,,,,,SC Woman,latin,data/jk/2016/Publication Udhampur B.pdf,19,Publication Udhampur B.pdf,,
Jammu & Kashmir,2016,Udhampur,,14,Ramnagar,,11 Sullan,,,,gp_head,sarpanch,Other than Woman,NONE,0,all_seats,,,,,Open,latin,data/jk/2016/Publication Udhampur B.pdf,19,Publication Udhampur B.pdf,,
Jammu & Kashmir,2016,Udhampur,,14,Ramnagar,,12 Sunetar A,,,,gp_head,sarpanch,Other than Woman,NONE,0,all_seats,,,,,Open,latin,data/jk/2016/Publication Udhampur B.pdf,19,Publication Udhampur B.pdf,,
Jammu & Kashmir,2016,Udhampur,,14,Ramnagar,,13 Sunetar B,,,,gp_head,sarpanch,SC Woman,SC,1,all_seats,,,,,SC Woman,latin,data/jk/2016/Publication Udhampur B.pdf,20,Publication Udhampur B.pdf,,
Jammu & Kashmir,2016,Udhampur,,14,Ramnagar,,14 Thaplal,,,,gp_head,sarpanch,SC Other than Woman,SC,0,all_seats,,,,,SC,latin,data/jk/2016/Publication Udhampur B.pdf,20,Publication Udhampur B.pdf,,
Jammu & Kashmir,2016,Udhampur,,15,SEWNA,,1 CHARAT,,,,gp_head,sarpanch,Woman,NONE,1,all_seats,,,,,Woman,latin,data/jk/2016/Publication Udhampur B.pdf,21,Publication Udhampur B.pdf,,
Jammu & Kashmir,2016,Udhampur,,15,SEWNA,,2 Ossu,,,,gp_head,sarpanch,Other than Woman,NONE,0,all_seats,,,,,Open,latin,data/jk/2016/Publication Udhampur B.pdf,21,Publication Udhampur B.pdf,,
Jammu & Kashmir,2016,Udhampur,,15,SEWNA,,3 Pakhlai,,,,gp_head,sarpanch,Other than Woman,NONE,0,all_seats,,,,,Open,latin,data/jk/2016/Publication Udhampur B.pdf,21,Publication Udhampur B.pdf,,
Jammu & Kashmir,2016,Udhampur,,15,SEWNA,,4 SATYALTA,,,,gp_head,sarpanch,Woman,NONE,1,all_seats,,,,,Woman,latin,data/jk/2016/Publication Udhampur B.pdf,22,Publication Udhampur B.pdf,,
Jammu & Kashmir,2016,Udhampur,,15,SEWNA,,5Sewana,,,,gp_head,sarpanch,Other than Woman,NONE,0,all_seats,,,,,Open,latin,data/jk/2016/Publication Udhampur B.pdf,22,Publication Udhampur B.pdf,,
Jammu & Kashmir,2016,Udhampur,,16,Tikri,,1 Dhanoo,,,,gp_head,sarpanch,Woman,NONE,1,all_seats,,,,,Woman,latin,data/jk/2016/Publication Udhampur B.pdf,22,Publication Udhampur B.pdf,,
Jammu & Kashmir,2016,Udhampur,,16,Tikri,,2 Jadsarkote,,,,gp_head,sarpanch,Other than Woman,NONE,0,all_seats,,,,,Open,latin,data/jk/2016/Publication Udhampur B.pdf,23,Publication Udhampur B.pdf,,
Jammu & Kashmir,2016,Udhampur,,16,Tikri,,3Ladda-c,,,,gp_head,sarpanch,Other than Woman,NONE,0,all_seats,,,,,Open,latin,data/jk/2016/Publication Udhampur B.pdf,23,Publication Udhampur B.pdf,,
Jammu & Kashmir,2016,Udhampur,,16,Tikri,,4 Mand east,,,,gp_head,sarpanch,Woman,NONE,1,all_seats,,,,,Woman,latin,data/jk/2016/Publication Udhampur B.pdf,23,Publication Udhampur B.pdf,,
Jammu & Kashmir,2016,Udhampur,,16,Tikri,,5 Mand west,,,,gp_head,sarpanch,Other than Woman,NONE,0,all_seats,,,,,Open,latin,data/jk/2016/Publication Udhampur B.pdf,24,Publication Udhampur B.pdf,,
Jammu & Kashmir,2016,Udhampur,,16,Tikri,,6 Muttal,,,,gp_head,sarpanch,Other than Woman,NONE,0,all_seats,,,,,Open,latin,data/jk/2016/Publication Udhampur B.pdf,24,Publication Udhampur B.pdf,,
Jammu & Kashmir,2016,Udhampur,,16,Tikri,,7 Seen Brahmna,,,,gp_head,sarpanch,Woman,NONE,1,all_seats,,,,,Woman,latin,data/jk/2016/Publication Udhampur B.pdf,24,Publication Udhampur B.pdf,,
Jammu & Kashmir,2016,Udhampur,,16,Tikri,,8 Sundrani,,,,gp_head,sarpanch,Other than Woman,NONE,0,all_seats,,,,,Open,latin,data/jk/2016/Publication Udhampur B.pdf,25,Publication Udhampur B.pdf,,
Jammu & Kashmir,2016,Udhampur,,17,Udhampur,,1Badali,,,,gp_head,sarpanch,Woman,NONE,1,all_seats,,,,,Woman,latin,data/jk/2016/Publication Udhampur B.pdf,26,Publication Udhampur B.pdf,,
Jammu & Kashmir,2016,Udhampur,,17,Udhampur,,2Ballian,,,,gp_head,sarpanch,Other than Woman,NONE,0,all_seats,,,,,Open,latin,data/jk/2016/Publication Udhampur B.pdf,26,Publication Udhampur B.pdf,,
Jammu & Kashmir,2016,Udhampur,,17,Udhampur,,3 Barolla,,,,gp_head,sarpanch,Other than Woman,NONE,0,all_seats,,,,,Open,latin,data/jk/2016/Publication Udhampur B.pdf,26,Publication Udhampur B.pdf,,
Jammu & Kashmir,2016,Udhampur,,17,Udhampur,,4 Barrian,,,,gp_head,sarpanch,Woman,NONE,1,all_seats,,,,,Woman,latin,data/jk/2016/Publication Udhampur B.pdf,27,Publication Udhampur B.pdf,,
Jammu & Kashmir,2016,Udhampur,,17,Udhampur,,5Battal,,,,gp_head,sarpanch,Other than Woman,NONE,0,all_seats,,,,,Open,latin,data/jk/2016/Publication Udhampur B.pdf,27,Publication Udhampur B.pdf,,
Jammu & Kashmir,2016,Udhampur,,17,Udhampur,,6 Bredian,,,,gp_head,sarpanch,Other than Woman,NONE,0,all_seats,,,,,Open,latin,data/jk/2016/Publication Udhampur B.pdf,27,Publication Udhampur B.pdf,,
Jammu & Kashmir,2016,Udhampur,,17,Udhampur,,7 Chak Rakhwalan,,,,gp_head,sarpanch,Woman,NONE,1,all_seats,,,,,Woman,latin,data/jk/2016/Publication Udhampur B.pdf,28,Publication Udhampur B.pdf,,
Jammu & Kashmir,2016,Udhampur,,17,Udhampur,,8 Chari,,,,gp_head,sarpanch,Other than Woman,NONE,0,all_seats,,,,,Open,latin,data/jk/2016/Publication Udhampur B.pdf,28,Publication Udhampur B.pdf,,
Jammu & Kashmir,2016,Udhampur,,17,Udhampur,,9 Dabreh,,,,gp_head,sarpanch,Other than Woman,NONE,0,all_seats,,,,,Open,latin,data/jk/2016/Publication Udhampur B.pdf,28,Publication Udhampur B.pdf,,
Jammu & Kashmir,2016,Udhampur,,17,Udhampur,,10 Darsoo,,,,gp_head,sarpanch,Woman,NONE,1,all_seats,,,,,Woman,latin,data/jk/2016/Publication Udhampur B.pdf,29,Publication Udhampur B.pdf,,
Jammu & Kashmir,2016,Udhampur,,17,Udhampur,,11 Dhanori,,,,gp_head,sarpanch,Other than Woman,NONE,0,all_seats,,,,,Open,latin,data/jk/2016/Publication Udhampur B.pdf,29,Publication Udhampur B.pdf,,
Jammu & Kashmir,2016,Udhampur,,17,Udhampur,,12 Gandala,,,,gp_head,sarpanch,SC Other than Woman,SC,0,all_seats,,,,,SC,latin,data/jk/2016/Publication Udhampur B.pdf,29,Publication Udhampur B.pdf,,
Jammu & Kashmir,2016,Udhampur,,17,Udhampur,,13 Garnai,,,,gp_head,sarpanch,Woman,NONE,1,all_seats,,,,,Woman,latin,data/jk/2016/Publication Udhampur B.pdf,29,Publication Udhampur B.pdf,,
Jammu & Kashmir,2016,Udhampur,,17,Udhampur,,14 Hartaryan,,,,gp_head,sarpanch,Other than Woman,NONE,0,all_seats,,,,,Open,latin,data/jk/2016/Publication Udhampur B.pdf,30,Publication Udhampur B.pdf,,
Jammu & Kashmir,2016,Udhampur,,17,Udhampur,,15 Jakhar,,,,gp_head,sarpanch,Other than Woman,NONE,0,all_seats,,,,,Open,latin,data/jk/2016/Publication Udhampur B.pdf,30,Publication Udhampur B.pdf,,
Jammu & Kashmir,2016,Udhampur,,17,Udhampur,,16 Jib-A,,,,gp_head,sarpanch,Woman,NONE,1,all_seats,,,,,Woman,latin,data/jk/2016/Publication Udhampur B.pdf,30,Publication Udhampur B.pdf,,
Jammu & Kashmir,2016,Udhampur,,17,Udhampur,,17 Jib-B,,,,gp_head,sarpanch,Other than Woman,NONE,0,all_seats,,,,,Open,latin,data/jk/2016/Publication Udhampur B.pdf,31,Publication Udhampur B.pdf,,
Jammu & Kashmir,2016,Udhampur,,17,Udhampur,,18 Kallar,,,,gp_head,sarpanch,Other than Woman,NONE,0,all_seats,,,,,Open,latin,data/jk/2016/Publication Udhampur B.pdf,31,Publication Udhampur B.pdf,,
Jammu & Kashmir,2016,Udhampur,,17,Udhampur,,19 Kambal Danga,,,,gp_head,sarpanch,Woman,NONE,1,all_seats,,,,,Woman,latin,data/jk/2016/Publication Udhampur B.pdf,31,Publication Udhampur B.pdf,,
Jammu & Kashmir,2016,Udhampur,,17,Udhampur,,20 Kashirah,,,,gp_head,sarpanch,SC Other than Woman,SC,0,all_seats,,,,,SC,latin,data/jk/2016/Publication Udhampur B.pdf,31,Publication Udhampur B.pdf,,
Jammu & Kashmir,2016,Udhampur,,17,Udhampur,,21 Kawa,,,,gp_head,sarpanch,Other than Woman,NONE,0,all_seats,,,,,Open,latin,data/jk/2016/Publication Udhampur B.pdf,32,Publication Udhampur B.pdf,,
Jammu & Kashmir,2016,Udhampur,,17,Udhampur,,22 Kotli Bala,,,,gp_head,sarpanch,Woman,NONE,1,all_seats,,,,,Woman,latin,data/jk/2016/Publication Udhampur B.pdf,32,Publication Udhampur B.pdf,,
Jammu & Kashmir,2016,Udhampur,,17,Udhampur,,23 Krimachi,,,,gp_head,sarpanch,Other than Woman,NONE,0,all_seats,,,,,Open,latin,data/jk/2016/Publication Udhampur B.pdf,32,Publication Udhampur B.pdf,,
Jammu & Kashmir,2016,Udhampur,,17,Udhampur,,24 Malhar,,,,gp_head,sarpanch,Other than Woman,NONE,0,all_seats,,,,,Open,latin,data/jk/2016/Publication Udhampur B.pdf,32,Publication Udhampur B.pdf,,
Jammu & Kashmir,2016,Udhampur,,17,Udhampur,,25 Mansar,,,,gp_head,sarpanch,Woman,NONE,1,all_seats,,,,,Woman,latin,data/jk/2016/Publication Udhampur B.pdf,33,Publication Udhampur B.pdf,,
Jammu & Kashmir,2016,Udhampur,,17,Udhampur,,26 Neeli Nallah,,,,gp_head,sarpanch,Other than Woman,NONE,0,all_seats,,,,,Open,latin,data/jk/2016/Publication Udhampur B.pdf,33,Publication Udhampur B.pdf,,
Jammu & Kashmir,2016,Udhampur,,17,Udhampur,,27 Padanoo,,,,gp_head,sarpanch,Other than Woman,NONE,0,all_seats,,,,,Open,latin,data/jk/2016/Publication Udhampur B.pdf,33,Publication Udhampur B.pdf,,
Jammu & Kashmir,2016,Udhampur,,17,Udhampur,,28 Pathi,,,,gp_head,sarpanch,Woman,NONE,1,all_seats,,,,,Woman,latin,data/jk/2016/Publication Udhampur B.pdf,33,Publication Udhampur B.pdf,,
Jammu & Kashmir,2016,Udhampur,,17,Udhampur,,29 Patta,,,,gp_head,sarpanch,Other than Woman,NONE,0,all_seats,,,,,Open,latin,data/jk/2016/Publication Udhampur B.pdf,34,Publication Udhampur B.pdf,,
Jammu & Kashmir,2016,Udhampur,,17,Udhampur,30,Rathian East,,,,gp_head,sarpanch,Other than Woman,NONE,0,all_seats,,,,,Open,latin,data/jk/2016/Publication Udhampur B.pdf,34,Publication Udhampur B.pdf,,
Jammu & Kashmir,2016,Udhampur,,17,Udhampur,31,Rathian West,,,,gp_head,sarpanch,Woman,NONE,1,all_seats,,,,,Woman,latin,data/jk/2016/Publication Udhampur B.pdf,34,Publication Udhampur B.pdf,,
Jammu & Kashmir,2016,Udhampur,,17,Udhampur,32,Rehmbal Lower,,,,gp_head,sarpanch,Other than Woman,NONE,0,all_seats,,,,,Open,latin,data/jk/2016/Publication Udhampur B.pdf,35,Publication Udhampur B.pdf,,
Jammu & Kashmir,2016,Udhampur,,17,Udhampur,33,Rehmbal Upper,,,,gp_head,sarpanch,Other than Woman,NONE,0,all_seats,,,,,Open,latin,data/jk/2016/Publication Udhampur B.pdf,35,Publication Udhampur B.pdf,,
Jammu & Kashmir,2016,Udhampur,,17,Udhampur,,34 Roun,,,,gp_head,sarpanch,Woman,NONE,1,all_seats,,,,,Woman,latin,data/jk/2016/Publication Udhampur B.pdf,35,Publication Udhampur B.pdf,,
Jammu & Kashmir,2016,Udhampur,,17,Udhampur,,35 Rount,,,,gp_head,sarpanch,Other than Woman,NONE,0,all_seats,,,,,Open,latin,data/jk/2016/Publication Udhampur B.pdf,36,Publication Udhampur B.pdf,,
Jammu & Kashmir,2016,Udhampur,,17,Udhampur,,36 Sambal,,,,gp_head,sarpanch,Other than Woman,NONE,0,all_seats,,,,,Open,latin,data/jk/2016/Publication Udhampur B.pdf,36,Publication Udhampur B.pdf,,
Jammu & Kashmir,2016,Udhampur,,17,Udhampur,,37 Sangoor,,,,gp_head,sarpanch,Woman,NONE,1,all_seats,,,,,Woman,latin,data/jk/2016/Publication Udhampur B.pdf,36,Publication Udhampur B.pdf,,
Jammu & Kashmir,2016,Udhampur,,17,Udhampur,,38 Sansoo,,,,gp_head,sarpanch,Other than Woman,NONE,0,all_seats,,,,,Open,latin,data/jk/2016/Publication Udhampur B.pdf,36,Publication Udhampur B.pdf,,
Jammu & Kashmir,2016,Udhampur,,17,Udhampur,,39 Seen Thakran,,,,gp_head,sarpanch,Other than Woman,NONE,0,all_seats,,,,,Open,latin,data/jk/2016/Publication Udhampur B.pdf,37,Publication Udhampur B.pdf,,
Jammu & Kashmir,2016,Udhampur,,17,Udhampur,,40 Sial Jattan,,,,gp_head,sarpanch,Woman,NONE,1,all_seats,,,,,Woman,latin,data/jk/2016/Publication Udhampur B.pdf,37,Publication Udhampur B.pdf,,
Jammu & Kashmir,2016,Udhampur,,17,Udhampur,,41 Sounthan,,,,gp_head,sarpanch,Other than Woman,NONE,0,all_seats,,,,,Open,latin,data/jk/2016/Publication Udhampur B.pdf,37,Publication Udhampur B.pdf,,
Jammu & Kashmir,2016,Udhampur,,17,Udhampur,,42 Sunari,,,,gp_head,sarpanch,Other than Woman,NONE,0,all_seats,,,,,Open,latin,data/jk/2016/Publication Udhampur B.pdf,37,Publication Udhampur B.pdf,,
Jammu & Kashmir,2016,Ramban,,,Rajgarh,,Draman,,,,gp_head,sarpanch,Woman,NONE,1,all_seats,,,,,Women,latin,data/jk/2016/Rajgarh.pdf,1,Rajgarh.pdf,,
Jammu & Kashmir,2016,Ramban,,,Rajgarh,,Gharhi,,,,gp_head,sarpanch,Other than Woman,NONE,0,all_seats,,,,,Open,latin,data/jk/2016/Rajgarh.pdf,1,Rajgarh.pdf,,
Jammu & Kashmir,2016,Ramban,,,Rajgarh,,Jhatgali-A,,,,gp_head,sarpanch,Other than Woman,NONE,0,all_seats,,,,,Open,latin,data/jk/2016/Rajgarh.pdf,1,Rajgarh.pdf,,
Jammu & Kashmir,2016,Ramban,,,Rajgarh,,"Jhatgali-B IV Haller Haller, Hati",1,,,gp_head,sarpanch,Woman,NONE,1,all_seats,,,,,Women,latin,data/jk/2016/Rajgarh.pdf,1,Rajgarh.pdf,,
Jammu & Kashmir,2016,Ramban,,,Rajgarh,,Kumate,,,,gp_head,sarpanch,Other than Woman,NONE,0,all_seats,,,,,Open,latin,data/jk/2016/Rajgarh.pdf,2,Rajgarh.pdf,,
Jammu & Kashmir,2016,Ramban,,,Rajgarh,,Rajgarh,,,,gp_head,sarpanch,Other than Woman,NONE,0,all_seats,,,,,Open,latin,data/jk/2016/Rajgarh.pdf,2,Rajgarh.pdf,,
Jammu & Kashmir,2016,Rajouri,,1,Budhal,1,CHAMBITRAR,,,,gp_head,sarpanch,ST Woman,ST,1,all_seats,,,,,ST Women,latin,data/jk/2016/Rajouri A Publication.pdf,1,Rajouri A Publication.pdf,,
Jammu & Kashmir,2016,Rajouri,,1,Budhal,2,DHAR,,,,gp_head,sarpanch,ST Other than Woman,ST,0,all_seats,,,,,ST,latin,data/jk/2016/Rajouri A Publication.pdf,1,Rajouri A Publication.pdf,,
Jammu & Kashmir,2016,Rajouri,,1,Budhal,3,DRAJ,,,,gp_head,sarpanch,ST Other than Woman,ST,0,all_seats,,,,,ST,latin,data/jk/2016/Rajouri A Publication.pdf,1,Rajouri A Publication.pdf,,
Jammu & Kashmir,2016,Rajouri,,1,Budhal,4,Gakhrote-A,,,,gp_head,sarpanch,Woman,NONE,1,all_seats,,,,,Women,latin,data/jk/2016/Rajouri A Publication.pdf,1,Rajouri A Publication.pdf,,
Jammu & Kashmir,2016,Rajouri,,1,Budhal,5,Gakhrote-B,,,,gp_head,sarpanch,ST Other than Woman,ST,0,all_seats,,,,,ST,latin,data/jk/2016/Rajouri A Publication.pdf,1,Rajouri A Publication.pdf,,
Jammu & Kashmir,2016,Rajouri,,1,Budhal,6,Hubbi,,,,gp_head,sarpanch,ST Other than Woman,ST,0,all_seats,,,,,ST,latin,data/jk/2016/Rajouri A Publication.pdf,2,Rajouri A Publication.pdf,,
Jammu & Kashmir,2016,Rajouri,,1,Budhal,7,Jaglanoo,,,,gp_head,sarpanch,ST Woman,ST,1,all_seats,,,,,ST Women,latin,data/jk/2016/Rajouri A Publication.pdf,2,Rajouri A Publication.pdf,,
Jammu & Kashmir,2016,Rajouri,,1,Budhal,8,Jamola Lower,,,,gp_head,sarpanch,ST Other than Woman,ST,0,all_seats,,,,,ST,latin,data/jk/2016/Rajouri A Publication.pdf,2,Rajouri A Publication.pdf,,
Jammu & Kashmir,2016,Rajouri,,1,Budhal,9,Jamola Upper,,,,gp_head,sarpanch,Other than Woman,NONE,0,all_seats,,,,,Open,latin,data/jk/2016/Rajouri A Publication.pdf,2,Rajouri A Publication.pdf,,
Jammu & Kashmir,2016,Rajouri,,1,Budhal,10,Kandi Lower,,,,gp_head,sarpanch,Woman,NONE,1,all_seats,,,,,Women,latin,data/jk/2016/Rajouri A Publication.pdf,2,Rajouri A Publication.pdf,,
Jammu & Kashmir,2016,Rajouri,,1,Budhal,11,Kandi Upper,,,,gp_head,sarpanch,Other than Woman,NONE,0,all_seats,,,,,Open,latin,data/jk/2016/Rajouri A Publication.pdf,3,Rajouri A Publication.pdf,,
Jammu & Kashmir,2016,Rajouri,,1,Budhal,12,Kathnol Merhuta,,,,gp_head,sarpanch,ST Other than Woman,ST,0,all_seats,,,,,ST,latin,data/jk/2016/Rajouri A Publication.pdf,3,Rajouri A Publication.pdf,,
Jammu & Kashmir,2016,Rajouri,,1,Budhal,13,Khah No.1,,,,gp_head,sarpanch,Woman,NONE,1,all_seats,,,,,Women,latin,data/jk/2016/Rajouri A Publication.pdf,3,Rajouri A Publication.pdf,,
Jammu & Kashmir,2016,Rajouri,,1,Budhal,14,Khah No.2,,,,gp_head,sarpanch,Other than Woman,NONE,0,all_seats,,,,,Open,latin,data/jk/2016/Rajouri A Publication.pdf,3,Rajouri A Publication.pdf,,
Jammu & Kashmir,2016,Rajouri,,1,Budhal,15,Khaydoon,,,,gp_head,sarpanch,Other than Woman,NONE,0,all_seats,,,,,Open,latin,data/jk/2016/Rajouri A Publication.pdf,3,Rajouri A Publication.pdf,,
Jammu & Kashmir,2016,Rajouri,,1,Budhal,16,Kote Ranka,,,,gp_head,sarpanch,Woman,NONE,1,all_seats,,,,,Women,latin,data/jk/2016/Rajouri A Publication.pdf,4,Rajouri A Publication.pdf,,
Jammu & Kashmir,2016,Rajouri,,1,Budhal,17,Kurhad,,,,gp_head,sarpanch,ST Other than Woman,ST,0,all_seats,,,,,ST,latin,data/jk/2016/Rajouri A Publication.pdf,4,Rajouri A Publication.pdf,,
Jammu & Kashmir,2016,Rajouri,,1,Budhal,18,Lurkuti,,,,gp_head,sarpanch,ST Other than Woman,ST,0,all_seats,,,,,ST,latin,data/jk/2016/Rajouri A Publication.pdf,4,Rajouri A Publication.pdf,,
Jammu & Kashmir,2016,Rajouri,,1,Budhal,19,Mohra-A,,,,gp_head,sarpanch,ST Woman,ST,1,all_seats,,,,,ST women,latin,data/jk/2016/Rajouri A Publication.pdf,4,Rajouri A Publication.pdf,,
Jammu & Kashmir,2016,Rajouri,,1,Budhal,20,Mohra-B,,,,gp_head,sarpanch,Other than Woman,NONE,0,all_seats,,,,,Open,latin,data/jk/2016/Rajouri A Publication.pdf,4,Rajouri A Publication.pdf,,
Jammu & Kashmir,2016,Rajouri,,1,Budhal,21,Panihad,,,,gp_head,sarpanch,ST Other than Woman,ST,0,all_seats,,,,,ST,latin,data/jk/2016/Rajouri A Publication.pdf,4,Rajouri A Publication.pdf,,
Jammu & Kashmir,2016,Rajouri,,1,Budhal,22,Panjanara Sawari,,,,gp_head,sarpanch,ST Woman,ST,1,all_seats,,,,,ST women,latin,data/jk/2016/Rajouri A Publication.pdf,5,Rajouri A Publication.pdf,,
Jammu & Kashmir,2016,Rajouri,,1,Budhal,24,Prori Gujjran-A,,,,gp_head,sarpanch,Other than Woman,NONE,0,all_seats,,,,,Open,latin,data/jk/2016/Rajouri A Publication.pdf,5,Rajouri A Publication.pdf,,
Jammu & Kashmir,2016,Rajouri,,1,Budhal,24,Rehan,,,,gp_head,sarpanch,ST Other than Woman,ST,0,all_seats,,,,,ST,latin,data/jk/2016/Rajouri A Publication.pdf,5,Rajouri A Publication.pdf,,
Jammu & Kashmir,2016,Rajouri,,1,Budhal,25,Sakri,,,,gp_head,sarpanch,ST Woman,ST,1,all_seats,,,,,ST Women,latin,data/jk/2016/Rajouri A Publication.pdf,5,Rajouri A Publication.pdf,,
Jammu & Kashmir,2016,Rajouri,,1,Budhal,26,Soker,,,,gp_head,sarpanch,ST Other than Woman,ST,0,all_seats,,,,,ST,latin,data/jk/2016/Rajouri A Publication.pdf,6,Rajouri A Publication.pdf,,
Jammu & Kashmir,2016,Rajouri,,1,Budhal,27,SWARI B KOTE,,,,gp_head,sarpanch,ST Other than Woman,ST,0,all_seats,,,,,ST,latin,data/jk/2016/Rajouri A Publication.pdf,6,Rajouri A Publication.pdf,,
Jammu & Kashmir,2016,Rajouri,,1,Budhal,28,Swari Kote,,,,gp_head,sarpanch,ST Woman,ST,1,all_seats,,,,,ST women,latin,data/jk/2016/Rajouri A Publication.pdf,6,Rajouri A Publication.pdf,,
Jammu & Kashmir,2016,Rajouri,,1,Budhal,29,TARKASSI,,,,gp_head,sarpanch,ST Other than Woman,ST,0,all_seats,,,,,ST,latin,data/jk/2016/Rajouri A Publication.pdf,6,Rajouri A Publication.pdf,,
Jammu & Kashmir,2016,Rajouri,,1,Budhal,30,TRALLA GUJJRAN,,,,gp_head,sarpanch,ST Other than Woman,ST,0,all_seats,,,,,ST,latin,data/jk/2016/Rajouri A Publication.pdf,6,Rajouri A Publication.pdf,,
Jammu & Kashmir,2016,Rajouri,,2,Darhal,1,B/Darhal A,,,,gp_head,sarpanch,ST Woman,ST,1,all_seats,,,,,ST women,latin,data/jk/2016/Rajouri A Publication.pdf,8,Rajouri A Publication.pdf,,
Jammu & Kashmir,2016,Rajouri,,2,Darhal,2,B/Darhal B,,,,gp_head,sarpanch,Other than Woman,NONE,0,all_seats,,,,,Open,latin,data/jk/2016/Rajouri A Publication.pdf,8,Rajouri A Publication.pdf,,
Jammu & Kashmir,2016,Rajouri,,2,Darhal,3,Chowkian A,,,,gp_head,sarpanch,Other than Woman,NONE,0,all_seats,,,,,Open,latin,data/jk/2016/Rajouri A Publication.pdf,8,Rajouri A Publication.pdf,,
Jammu & Kashmir,2016,Rajouri,,2,Darhal,4,Chowkian B,,,,gp_head,sarpanch,Woman,NONE,1,all_seats,,,,,Women,latin,data/jk/2016/Rajouri A Publication.pdf,8,Rajouri A Publication.pdf,,
Jammu & Kashmir,2016,Rajouri,,2,Darhal,5,Chowkian C,,,,gp_head,sarpanch,Other than Woman,NONE,0,all_seats,,,,,Open,latin,data/jk/2016/Rajouri A Publication.pdf,8,Rajouri A Publication.pdf,,
Jammu & Kashmir,2016,Rajouri,,2,Darhal,6,Kothra,,,,gp_head,sarpanch,Other than Woman,NONE,0,all_seats,,,,,Open,latin,data/jk/2016/Rajouri A Publication.pdf,9,Rajouri A Publication.pdf,,
Jammu & Kashmir,2016,Rajouri,,2,Darhal,7,L/Dodaj A,,,,gp_head,sarpanch,Woman,NONE,1,all_seats,,,,,Women,latin,data/jk/2016/Rajouri A Publication.pdf,9,Rajouri A Publication.pdf,,
Jammu & Kashmir,2016,Rajouri,,2,Darhal,8,L/Dodaj B,,,,gp_head,sarpanch,ST Other than Woman,ST,0,all_seats,,,,,ST,latin,data/jk/2016/Rajouri A Publication.pdf,9,Rajouri A Publication.pdf,,
Jammu & Kashmir,2016,Rajouri,,2,Darhal,9,L/Dodaj C,,,,gp_head,sarpanch,Other than Woman,NONE,0,all_seats,,,,,Open,latin,data/jk/2016/Rajouri A Publication.pdf,9,Rajouri A Publication.pdf,,
Jammu & Kashmir,2016,Rajouri,,2,Darhal,10,Leeran,,,,gp_head,sarpanch,ST Woman,ST,1,all_seats,,,,,ST women,latin,data/jk/2016/Rajouri A Publication.pdf,9,Rajouri A Publication.pdf,,
Jammu & Kashmir,2016,Rajouri,,2,Darhal,11,Malhut,,,,gp_head,sarpanch,Other than Woman,NONE,0,all_seats,,,,,Open,latin,data/jk/2016/Rajouri A Publication.pdf,10,Rajouri A Publication.pdf,,
Jammu & Kashmir,2016,Rajouri,,2,Darhal,12,Nadian A,,,,gp_head,sarpanch,ST Other than Woman,ST,0,all_seats,,,,,ST,latin,data/jk/2016/Rajouri A Publication.pdf,10,Rajouri A Publication.pdf,,
Jammu & Kashmir,2016,Rajouri,,2,Darhal,13,Nadian B,,,,gp_head,sarpanch,Woman,NONE,1,all_seats,,,,,Women,latin,data/jk/2016/Rajouri A Publication.pdf,10,Rajouri A Publication.pdf,,
Jammu & Kashmir,2016,Rajouri,,2,Darhal,14,Sagrawat,,,,gp_head,sarpanch,ST Other than Woman,ST,0,all_seats,,,,,ST,latin,data/jk/2016/Rajouri A Publication.pdf,10,Rajouri A Publication.pdf,,
Jammu & Kashmir,2016,Rajouri,,2,Darhal,15,Thanamang A,,,,gp_head,sarpanch,Other than Woman,NONE,0,all_seats,,,,,Open,latin,data/jk/2016/Rajouri A Publication.pdf,10,Rajouri A Publication.pdf,,
Jammu & Kashmir,2016,Rajouri,,2,Darhal,16,Thanamang B,,,,gp_head,sarpanch,Woman,NONE,1,all_seats,,,,,Women,latin,data/jk/2016/Rajouri A Publication.pdf,11,Rajouri A Publication.pdf,,
Jammu & Kashmir,2016,Rajouri,,2,Darhal,17,Thanamang C,,,,gp_head,sarpanch,Other than Woman,NONE,0,all_seats,,,,,Open,latin,data/jk/2016/Rajouri A Publication.pdf,11,Rajouri A Publication.pdf,,
Jammu & Kashmir,2016,Rajouri,,2,Darhal,18,U/Dodaj A,,,,gp_head,sarpanch,ST Other than Woman,ST,0,all_seats,,,,,ST,latin,data/jk/2016/Rajouri A Publication.pdf,11,Rajouri A Publication.pdf,,
Jammu & Kashmir,2016,Rajouri,,2,Darhal,19,U/Dodaj B,,,,gp_head,sarpanch,Woman,NONE,1,all_seats,,,,,Women,latin,data/jk/2016/Rajouri A Publication.pdf,11,Rajouri A Publication.pdf,,
Jammu & Kashmir,2016,Rajouri,,2,Darhal,20,Ujhan A,,,,gp_head,sarpanch,Other than Woman,NONE,0,all_seats,,,,,Open,latin,data/jk/2016/Rajouri A Publication.pdf,12,Rajouri A Publication.pdf,,
Jammu & Kashmir,2016,Rajouri,,2,Darhal,21,Ujhan B,,,,gp_head,sarpanch,ST Other than Woman,ST,0,all_seats,,,,,ST,latin,data/jk/2016/Rajouri A Publication.pdf,12,Rajouri A Publication.pdf,,
Jammu & Kashmir,2016,Rajouri,,2,Darhal,22,Ujhan C,,,,gp_head,sarpanch,ST Woman,ST,1,all_seats,,,,,ST women,latin,data/jk/2016/Rajouri A Publication.pdf,12,Rajouri A Publication.pdf,,
Jammu & Kashmir,2016,Rajouri,,2,Darhal,23,Ujhan D,,,,gp_head,sarpanch,Other than Woman,NONE,0,all_seats,,,,,Open,latin,data/jk/2016/Rajouri A Publication.pdf,12,Rajouri A Publication.pdf,,
Jammu & Kashmir,2016,Rajouri,,3,Dhangri,1,Androola,,,,gp_head,sarpanch,Woman,NONE,1,all_seats,,,,,Women,latin,data/jk/2016/Rajouri A Publication.pdf,13,Rajouri A Publication.pdf,,
Jammu & Kashmir,2016,Rajouri,,3,Dhangri,2,Argi,,,,gp_head,sarpanch,ST Other than Woman,ST,0,all_seats,,,,,ST,latin,data/jk/2016/Rajouri A Publication.pdf,13,Rajouri A Publication.pdf,,
Jammu & Kashmir,2016,Rajouri,,3,Dhangri,3,Badhoon-A,,,,gp_head,sarpanch,Other than Woman,NONE,0,all_seats,,,,,Open,latin,data/jk/2016/Rajouri A Publication.pdf,13,Rajouri A Publication.pdf,,
Jammu & Kashmir,2016,Rajouri,,3,Dhangri,4,Badhoon-B,,,,gp_head,sarpanch,ST Woman,ST,1,all_seats,,,,,ST women,latin,data/jk/2016/Rajouri A Publication.pdf,13,Rajouri A Publication.pdf,,
Jammu & Kashmir,2016,Rajouri,,3,Dhangri,5,Baljarallan,,,,gp_head,sarpanch,Other than Woman,NONE,0,all_seats,,,,,Open,latin,data/jk/2016/Rajouri A Publication.pdf,13,Rajouri A Publication.pdf,,
Jammu & Kashmir,2016,Rajouri,,3,Dhangri,6,Dalhori,,,,gp_head,sarpanch,Other than Woman,NONE,0,all_seats,,,,,Open,latin,data/jk/2016/Rajouri A Publication.pdf,14,Rajouri A Publication.pdf,,
Jammu & Kashmir,2016,Rajouri,,3,Dhangri,7,Dalhori Salyote,,,,gp_head,sarpanch,Woman,NONE,1,all_seats,,,,,Women,latin,data/jk/2016/Rajouri A Publication.pdf,14,Rajouri A Publication.pdf,,
Jammu & Kashmir,2016,Rajouri,,3,Dhangri,8,Dhangri,,,,gp_head,sarpanch,Other than Woman,NONE,0,all_seats,,,,,Open,latin,data/jk/2016/Rajouri A Publication.pdf,14,Rajouri A Publication.pdf,,
Jammu & Kashmir,2016,Rajouri,,3,Dhangri,9,Godder,,,,gp_head,sarpanch,Other than Woman,NONE,0,all_seats,,,,,Open,latin,data/jk/2016/Rajouri A Publication.pdf,14,Rajouri A Publication.pdf,,
Jammu & Kashmir,2016,Rajouri,,3,Dhangri,10,Kalalkass,,,,gp_head,sarpanch,ST Woman,ST,1,all_seats,,,,,ST women,latin,data/jk/2016/Rajouri A Publication.pdf,14,Rajouri A Publication.pdf,,
Jammu & Kashmir,2016,Rajouri,,3,Dhangri,11,Ladyote,,,,gp_head,sarpanch,Other than Woman,NONE,0,all_seats,,,,,Open,latin,data/jk/2016/Rajouri A Publication.pdf,14,Rajouri A Publication.pdf,,
Jammu & Kashmir,2016,Rajouri,,3,Dhangri,12,Potha,,,,gp_head,sarpanch,Other than Woman,NONE,0,all_seats,,,,,Open,latin,data/jk/2016/Rajouri A Publication.pdf,15,Rajouri A Publication.pdf,,
Jammu & Kashmir,2016,Rajouri,,3,Dhangri,13,Sagote,,,,gp_head,sarpanch,Woman,NONE,1,all_seats,,,,,Women,latin,data/jk/2016/Rajouri A Publication.pdf,15,Rajouri A Publication.pdf,,
Jammu & Kashmir,2016,Rajouri,,3,Dhangri,14,Saranoo Bridge,,,,gp_head,sarpanch,Other than Woman,NONE,0,all_seats,,,,,Open,latin,data/jk/2016/Rajouri A Publication.pdf,15,Rajouri A Publication.pdf,,
Jammu & Kashmir,2016,Rajouri,,3,Dhangri,15,Saranoo Dalogra,,,,gp_head,sarpanch,Other than Woman,NONE,0,all_seats,,,,,Open,latin,data/jk/2016/Rajouri A Publication.pdf,16,Rajouri A Publication.pdf,,
Jammu & Kashmir,2016,Rajouri,,4,Doongi.,1,Agrati North,,,,gp_head,sarpanch,Woman,NONE,1,all_seats,,,,,Women,latin,data/jk/2016/Rajouri A Publication.pdf,17,Rajouri A Publication.pdf,,
Jammu & Kashmir,2016,Rajouri,,4,Doongi.,2,Agrati South,,,,gp_head,sarpanch,ST Other than Woman,ST,0,all_seats,,,,,ST,latin,data/jk/2016/Rajouri A Publication.pdf,17,Rajouri A Publication.pdf,,
Jammu & Kashmir,2016,Rajouri,,4,Doongi.,3,Challas,,,,gp_head,sarpanch,ST Other than Woman,ST,0,all_seats,,,,,ST,latin,data/jk/2016/Rajouri A Publication.pdf,17,Rajouri A Publication.pdf,,
Jammu & Kashmir,2016,Rajouri,,4,Doongi.,4,Chingus,,,,gp_head,sarpanch,ST Woman,ST,1,all_seats,,,,,ST women,latin,data/jk/2016/Rajouri A Publication.pdf,17,Rajouri A Publication.pdf,,
Jammu & Kashmir,2016,Rajouri,,4,Doongi.,5,Deharian,,,,gp_head,sarpanch,ST Other than Woman,ST,0,all_seats,,,,,ST,latin,data/jk/2016/Rajouri A Publication.pdf,17,Rajouri A Publication.pdf,,
Jammu & Kashmir,2016,Rajouri,,4,Doongi.,6,Dhanwan,,,,gp_head,sarpanch,Other than Woman,NONE,0,all_seats,,,,,Open,latin,data/jk/2016/Rajouri A Publication.pdf,17,Rajouri A Publication.pdf,,
Jammu & Kashmir,2016,Rajouri,,4,Doongi.,7,Dharasanwala,,,,gp_head,sarpanch,ST Woman,ST,1,all_seats,,,,,ST women,latin,data/jk/2016/Rajouri A Publication.pdf,18,Rajouri A Publication.pdf,,
Jammu & Kashmir,2016,Rajouri,,4,Doongi.,8,Dogani,,,,gp_head,sarpanch,Other than Woman,NONE,0,all_seats,,,,,Open,latin,data/jk/2016/Rajouri A Publication.pdf,18,Rajouri A Publication.pdf,,
Jammu & Kashmir,2016,Rajouri,,4,Doongi.,9,Doongi Brahamna,,,,gp_head,sarpanch,ST Other than Woman,ST,0,all_seats,,,,,ST,latin,data/jk/2016/Rajouri A Publication.pdf,18,Rajouri A Publication.pdf,,
Jammu & Kashmir,2016,Rajouri,,4,Doongi.,10,Kallar,,,,gp_head,sarpanch,Woman,NONE,1,all_seats,,,,,Women,latin,data/jk/2016/Rajouri A Publication.pdf,18,Rajouri A Publication.pdf,,
Jammu & Kashmir,2016,Rajouri,,4,Doongi.,11,Loor Kote,,,,gp_head,sarpanch,Other than Woman,NONE,0,all_seats,,,,,Open,latin,data/jk/2016/Rajouri A Publication.pdf,18,Rajouri A Publication.pdf,,
Jammu & Kashmir,2016,Rajouri,,4,Doongi.,12,Nadyala,,,,gp_head,sarpanch,ST Other than Woman,ST,0,all_seats,,,,,ST,latin,data/jk/2016/Rajouri A Publication.pdf,19,Rajouri A Publication.pdf,,
Jammu & Kashmir,2016,Rajouri,,4,Doongi.,13,Narian Parli,,,,gp_head,sarpanch,Woman,NONE,1,all_seats,,,,,Women,latin,data/jk/2016/Rajouri A Publication.pdf,19,Rajouri A Publication.pdf,,
Jammu & Kashmir,2016,Rajouri,,4,Doongi.,14,Sasal Kote,,,,gp_head,sarpanch,Other than Woman,NONE,0,all_seats,,,,,Open,latin,data/jk/2016/Rajouri A Publication.pdf,19,Rajouri A Publication.pdf,,
Jammu & Kashmir,2016,Rajouri,,4,Doongi.,15,Sung Pur,,,,gp_head,sarpanch,Other than Woman,NONE,0,all_seats,,,,,Open,latin,data/jk/2016/Rajouri A Publication.pdf,19,Rajouri A Publication.pdf,,
Jammu & Kashmir,2016,Rajouri,,4,Doongi.,16,Thathyali Ponthal,,,,gp_head,sarpanch,ST Other than Woman,ST,0,all_seats,,,,,ST,latin,data/jk/2016/Rajouri A Publication.pdf,20,Rajouri A Publication.pdf,,
Jammu & Kashmir,2016,Rajouri,,5,Kalakote,1,Barmandal,,,,gp_head,sarpanch,Woman,NONE,1,all_seats,,,,,Women,latin,data/jk/2016/Rajouri A Publication.pdf,21,Rajouri A Publication.pdf,,
Jammu & Kashmir,2016,Rajouri,,5,Kalakote,2,Bathera,,,,gp_head,sarpanch,SC Other than Woman,SC,0,all_seats,,,,,SC,latin,data/jk/2016/Rajouri A Publication.pdf,21,Rajouri A Publication.pdf,,
Jammu & Kashmir,2016,Rajouri,,5,Kalakote,3,Brevi,,,,gp_head,sarpanch,Other than Woman,NONE,0,all_seats,,,,,Open,latin,data/jk/2016/Rajouri A Publication.pdf,21,Rajouri A Publication.pdf,,
Jammu & Kashmir,2016,Rajouri,,5,Kalakote,4,Brevi/solki,,,,gp_head,sarpanch,Woman,NONE,1,all_seats,,,,,Women,latin,data/jk/2016/Rajouri A Publication.pdf,21,Rajouri A Publication.pdf,,
Jammu & Kashmir,2016,Rajouri,,5,Kalakote,5,Broh,,,,gp_head,sarpanch,ST Other than Woman,ST,0,all_seats,,,,,ST,latin,data/jk/2016/Rajouri A Publication.pdf,21,Rajouri A Publication.pdf,,
Jammu & Kashmir,2016,Rajouri,,5,Kalakote,6,Dalli-A,,,,gp_head,sarpanch,Other than Woman,NONE,0,all_seats,,,,,Open,latin,data/jk/2016/Rajouri A Publication.pdf,21,Rajouri A Publication.pdf,,
Jammu & Kashmir,2016,Rajouri,,5,Kalakote,7,Dhalyote-A,,,,gp_head,sarpanch,ST Woman,ST,1,all_seats,,,,,ST women,latin,data/jk/2016/Rajouri A Publication.pdf,22,Rajouri A Publication.pdf,,
Jammu & Kashmir,2016,Rajouri,,5,Kalakote,8,Dhalyote-B,,,,gp_head,sarpanch,Other than Woman,NONE,0,all_seats,,,,,Open,latin,data/jk/2016/Rajouri A Publication.pdf,22,Rajouri A Publication.pdf,,
Jammu & Kashmir,2016,Rajouri,,5,Kalakote,9,Dhangiote,,,,gp_head,sarpanch,ST Other than Woman,ST,0,all_seats,,,,,ST,latin,data/jk/2016/Rajouri A Publication.pdf,22,Rajouri A Publication.pdf,,
Jammu & Kashmir,2016,Rajouri,,5,Kalakote,10,Jigni,,,,gp_head,sarpanch,Woman,NONE,1,all_seats,,,,,Women,latin,data/jk/2016/Rajouri A Publication.pdf,22,Rajouri A Publication.pdf,,
Jammu & Kashmir,2016,Rajouri,,5,Kalakote,11,Khadrian,,,,gp_head,sarpanch,ST Other than Woman,ST,0,all_seats,,,,,ST,latin,data/jk/2016/Rajouri A Publication.pdf,22,Rajouri A Publication.pdf,,
Jammu & Kashmir,2016,Rajouri,,5,Kalakote,12,Kharak,,,,gp_head,sarpanch,Other than Woman,NONE,0,all_seats,,,,,Open,latin,data/jk/2016/Rajouri A Publication.pdf,24,Rajouri A Publication.pdf,,
Jammu & Kashmir,2016,Rajouri,,5,Kalakote,13,Kote Kabu,,,,gp_head,sarpanch,Woman,NONE,1,all_seats,,,,,Women,latin,data/jk/2016/Rajouri A Publication.pdf,24,Rajouri A Publication.pdf,,
Jammu & Kashmir,2016,Rajouri,,5,Kalakote,14,Kothian,,,,gp_head,sarpanch,ST Other than Woman,ST,0,all_seats,,,,,ST,latin,data/jk/2016/Rajouri A Publication.pdf,24,Rajouri A Publication.pdf,,
Jammu & Kashmir,2016,Rajouri,,5,Kalakote,15,Panjah,,,,gp_head,sarpanch,Other than Woman,NONE,0,all_seats,,,,,Open,latin,data/jk/2016/Rajouri A Publication.pdf,24,Rajouri A Publication.pdf,,
Jammu & Kashmir,2016,Rajouri,,5,Kalakote,16,Sailsui,,,,gp_head,sarpanch,ST Woman,ST,1,all_seats,,,,,ST women,latin,data/jk/2016/Rajouri A Publication.pdf,24,Rajouri A Publication.pdf,,
Jammu & Kashmir,2016,Rajouri,,5,Kalakote,17,Soom,,,,gp_head,sarpanch,Other than Woman,NONE,0,all_seats,,,,,Open,latin,data/jk/2016/Rajouri A Publication.pdf,25,Rajouri A Publication.pdf,,
Jammu & Kashmir,2016,Rajouri,,6,Khawas,1,Badhal,,,,gp_head,sarpanch,ST Woman,ST,1,all_seats,,,,,ST women,latin,data/jk/2016/Rajouri A Publication.pdf,26,Rajouri A Publication.pdf,,
Jammu & Kashmir,2016,Rajouri,,6,Khawas,2,Bainambal,,,,gp_head,sarpanch,Other than Woman,NONE,0,all_seats,,,,,Open,latin,data/jk/2016/Rajouri A Publication.pdf,26,Rajouri A Publication.pdf,,
Jammu & Kashmir,2016,Rajouri,,6,Khawas,3,Bhella,,,,gp_head,sarpanch,Other than Woman,NONE,0,all_seats,,,,,Open,latin,data/jk/2016/Rajouri A Publication.pdf,26,Rajouri A Publication.pdf,,
Jammu & Kashmir,2016,Rajouri,,6,Khawas,4,Delhari Gadyoge,,,,gp_head,sarpanch,ST Woman,ST,1,all_seats,,,,,ST women,latin,data/jk/2016/Rajouri A Publication.pdf,26,Rajouri A Publication.pdf,,
Jammu & Kashmir,2016,Rajouri,,6,Khawas,5,Gadyoge,,,,gp_head,sarpanch,Other than Woman,NONE,0,all_seats,,,,,Open,latin,data/jk/2016/Rajouri A Publication.pdf,26,Rajouri A Publication.pdf,,
Jammu & Kashmir,2016,Rajouri,,6,Khawas,6,Gunda,,,,gp_head,sarpanch,ST Other than Woman,ST,0,all_seats,,,,,ST,latin,data/jk/2016/Rajouri A Publication.pdf,27,Rajouri A Publication.pdf,,
Jammu & Kashmir,2016,Rajouri,,6,Khawas,7,Gundi,,,,gp_head,sarpanch,Woman,NONE,1,all_seats,,,,,Women,latin,data/jk/2016/Rajouri A Publication.pdf,27,Rajouri A Publication.pdf,,
Jammu & Kashmir,2016,Rajouri,,6,Khawas,8,Kanthol Sadda,,,,gp_head,sarpanch,ST Other than Woman,ST,0,all_seats,,,,,ST,latin,data/jk/2016/Rajouri A Publication.pdf,27,Rajouri A Publication.pdf,,
Jammu & Kashmir,2016,Rajouri,,6,Khawas,9,Keri,,,,gp_head,sarpanch,Other than Woman,NONE,0,all_seats,,,,,Open,latin,data/jk/2016/Rajouri A Publication.pdf,28,Rajouri A Publication.pdf,,
Jammu & Kashmir,2016,Rajouri,,6,Khawas,10,Khawas,,,,gp_head,sarpanch,Woman,NONE,1,all_seats,,,,,Women,latin,data/jk/2016/Rajouri A Publication.pdf,28,Rajouri A Publication.pdf,,
Jammu & Kashmir,2016,Rajouri,,6,Khawas,11,Kote Chalwal,,,,gp_head,sarpanch,ST Other than Woman,ST,0,all_seats,,,,,ST,latin,data/jk/2016/Rajouri A Publication.pdf,28,Rajouri A Publication.pdf,,
Jammu & Kashmir,2016,Rajouri,,6,Khawas,12,Narla,,,,gp_head,sarpanch,ST Other than Woman,ST,0,all_seats,,,,,ST,latin,data/jk/2016/Rajouri A Publication.pdf,28,Rajouri A Publication.pdf,,
Jammu & Kashmir,2016,Rajouri,,6,Khawas,13,Panglar,,,,gp_head,sarpanch,ST Woman,ST,1,all_seats,,,,,ST women,latin,data/jk/2016/Rajouri A Publication.pdf,29,Rajouri A Publication.pdf,,
Jammu & Kashmir,2016,Rajouri,,6,Khawas,14,Udhan,,,,gp_head,sarpanch,ST Other than Woman,ST,0,all_seats,,,,,ST,latin,data/jk/2016/Rajouri A Publication.pdf,29,Rajouri A Publication.pdf,,
Jammu & Kashmir,2016,Rajouri,,7,Lamberi,1,Bagnoti,,,,gp_head,sarpanch,Woman,NONE,1,all_seats,,,,,Women,latin,data/jk/2016/Rajouri A Publication.pdf,30,Rajouri A Publication.pdf,,
Jammu & Kashmir,2016,Rajouri,,7,Lamberi,2,Chak Jarallan,,,,gp_head,sarpanch,Other than Woman,NONE,0,all_seats,,,,,Open,latin,data/jk/2016/Rajouri A Publication.pdf,30,Rajouri A Publication.pdf,,
Jammu & Kashmir,2016,Rajouri,,7,Lamberi,3,Dandessar,,,,gp_head,sarpanch,Other than Woman,NONE,0,all_seats,,,,,Open,latin,data/jk/2016/Rajouri A Publication.pdf,30,Rajouri A Publication.pdf,,
Jammu & Kashmir,2016,Rajouri,,7,Lamberi,4,Garren,,,,gp_head,sarpanch,Woman,NONE,1,all_seats,,,,,Women,latin,data/jk/2016/Rajouri A Publication.pdf,30,Rajouri A Publication.pdf,,
Jammu & Kashmir,2016,Rajouri,,7,Lamberi,5,Lamberi-East,,,,gp_head,sarpanch,Other than Woman,NONE,0,all_seats,,,,,Open,latin,data/jk/2016/Rajouri A Publication.pdf,31,Rajouri A Publication.pdf,,
Jammu & Kashmir,2016,Rajouri,,7,Lamberi,6,Lamberi-Lower,,,,gp_head,sarpanch,Other than Woman,NONE,0,all_seats,,,,,Open,latin,data/jk/2016/Rajouri A Publication.pdf,31,Rajouri A Publication.pdf,,
Jammu & Kashmir,2016,Rajouri,,7,Lamberi,7,Lamberi-Upper,,,,gp_head,sarpanch,ST Woman,ST,1,all_seats,,,,,ST women,latin,data/jk/2016/Rajouri A Publication.pdf,31,Rajouri A Publication.pdf,,
Jammu & Kashmir,2016,Rajouri,,7,Lamberi,8,Rajal-B,,,,gp_head,sarpanch,Other than Woman,NONE,0,all_seats,,,,,Open,latin,data/jk/2016/Rajouri A Publication.pdf,31,Rajouri A Publication.pdf,,
Jammu & Kashmir,2016,Rajouri,,8,MANJAKO TE,1,Dabrote,,,,gp_head,sarpanch,Woman,NONE,1,all_seats,,,,,Women,latin,data/jk/2016/Rajouri A Publication.pdf,31,Rajouri A Publication.pdf,,
Jammu & Kashmir,2016,Rajouri,,8,MANJAKO TE,2,Dehri Rehlyote Lower,,,,gp_head,sarpanch,Other than Woman,NONE,0,all_seats,,,,,Open,latin,data/jk/2016/Rajouri A Publication.pdf,32,Rajouri A Publication.pdf,,
Jammu & Kashmir,2016,Rajouri,,8,MANJAKO TE,3,Dehri Rehlyote Upper,,,,gp_head,sarpanch,Other than Woman,NONE,0,all_seats,,,,,Open,latin,data/jk/2016/Rajouri A Publication.pdf,32,Rajouri A Publication.pdf,,
Jammu & Kashmir,2016,Rajouri,,8,MANJAKO TE,4,Derari,,,,gp_head,sarpanch,Woman,NONE,1,all_seats,,,,,Women,latin,data/jk/2016/Rajouri A Publication.pdf,32,Rajouri A Publication.pdf,,
Jammu & Kashmir,2016,Rajouri,,8,MANJAKO TE,5,Dheri-Dhara,,,,gp_head,sarpanch,Other than Woman,NONE,0,all_seats,,,,,Open,latin,data/jk/2016/Rajouri A Publication.pdf,32,Rajouri A Publication.pdf,,
Jammu & Kashmir,2016,Rajouri,,8,MANJAKO TE,6,Galhuti Lower,,,,gp_head,sarpanch,Other than Woman,NONE,0,all_seats,,,,,Open,latin,data/jk/2016/Rajouri A Publication.pdf,33,Rajouri A Publication.pdf,,
Jammu & Kashmir,2016,Rajouri,,8,MANJAKO TE,7,Galhuti Upper,,,,gp_head,sarpanch,Woman,NONE,1,all_seats,,,,,Women,latin,data/jk/2016/Rajouri A Publication.pdf,33,Rajouri A Publication.pdf,,
Jammu & Kashmir,2016,Rajouri,,8,MANJAKO TE,8,Ghambir Mughlan-A,,,,gp_head,sarpanch,Other than Woman,NONE,0,all_seats,,,,,Open,latin,data/jk/2016/Rajouri A Publication.pdf,33,Rajouri A Publication.pdf,,
Jammu & Kashmir,2016,Rajouri,,8,MANJAKO TE,9,Ghambir Mughlan-B,,,,gp_head,sarpanch,Other than Woman,NONE,0,all_seats,,,,,Open,latin,data/jk/2016/Rajouri A Publication.pdf,33,Rajouri A Publication.pdf,,
Jammu & Kashmir,2016,Rajouri,,8,MANJAKO TE,10,Ghambir Mughlan-C,,,,gp_head,sarpanch,Woman,NONE,1,all_seats,,,,,Women,latin,data/jk/2016/Rajouri A Publication.pdf,33,Rajouri A Publication.pdf,,
Jammu & Kashmir,2016,Rajouri,,8,MANJAKO TE,11,Ghambir Mughlan-D,,,,gp_head,sarpanch,ST Other than Woman,ST,0,all_seats,,,,,ST,latin,data/jk/2016/Rajouri A Publication.pdf,33,Rajouri A Publication.pdf,,
Jammu & Kashmir,2016,Rajouri,,8,MANJAKO TE,12,Hayatpura,,,,gp_head,sarpanch,Other than Woman,NONE,0,all_seats,,,,,Open,latin,data/jk/2016/Rajouri A Publication.pdf,34,Rajouri A Publication.pdf,,
Jammu & Kashmir,2016,Rajouri,,8,MANJAKO TE,13,Jamola ladyal,,,,gp_head,sarpanch,Woman,NONE,1,all_seats,,,,,Women,latin,data/jk/2016/Rajouri A Publication.pdf,34,Rajouri A Publication.pdf,,
Jammu & Kashmir,2016,Rajouri,,8,MANJAKO TE,14,Kakora Lower,,,,gp_head,sarpanch,Other than Woman,NONE,0,all_seats,,,,,Open,latin,data/jk/2016/Rajouri A Publication.pdf,34,Rajouri A Publication.pdf,,
Jammu & Kashmir,2016,Rajouri,,8,MANJAKO TE,15,Kakora Middle,,,,gp_head,sarpanch,Other than Woman,NONE,0,all_seats,,,,,Open,latin,data/jk/2016/Rajouri A Publication.pdf,34,Rajouri A Publication.pdf,,
Jammu & Kashmir,2016,Rajouri,,8,MANJAKO TE,16,Kakora Upper,,,,gp_head,sarpanch,Woman,NONE,1,all_seats,,,,,Women,latin,data/jk/2016/Rajouri A Publication.pdf,34,Rajouri A Publication.pdf,,
Jammu & Kashmir,2016,Rajouri,,8,MANJAKO TE,17,Kalaban,,,,gp_head,sarpanch,Other than Woman,NONE,0,all_seats,,,,,Open,latin,data/jk/2016/Rajouri A Publication.pdf,35,Rajouri A Publication.pdf,,
Jammu & Kashmir,2016,Rajouri,,8,MANJAKO TE,18,Kalali,,,,gp_head,sarpanch,Other than Woman,NONE,0,all_seats,,,,,Open,latin,data/jk/2016/Rajouri A Publication.pdf,35,Rajouri A Publication.pdf,,
Jammu & Kashmir,2016,Rajouri,,8,MANJAKO TE,19,Kotli,,,,gp_head,sarpanch,Woman,NONE,1,all_seats,,,,,Women,latin,data/jk/2016/Rajouri A Publication.pdf,35,Rajouri A Publication.pdf,,
Jammu & Kashmir,2016,Rajouri,,8,MANJAKO TE,20,Mangal Nar Lower,,,,gp_head,sarpanch,Other than Woman,NONE,0,all_seats,,,,,Open,latin,data/jk/2016/Rajouri A Publication.pdf,35,Rajouri A Publication.pdf,,
Jammu & Kashmir,2016,Rajouri,,8,MANJAKO TE,21,Mangal Nar Upper,,,,gp_head,sarpanch,Other than Woman,NONE,0,all_seats,,,,,Open,latin,data/jk/2016/Rajouri A Publication.pdf,35,Rajouri A Publication.pdf,,
Jammu & Kashmir,2016,Rajouri,,8,MANJAKO TE,22,Manjakote,,,,gp_head,sarpanch,Woman,NONE,1,all_seats,,,,,Women,latin,data/jk/2016/Rajouri A Publication.pdf,36,Rajouri A Publication.pdf,,
Jammu & Kashmir,2016,Rajouri,,8,MANJAKO TE,23,Naili,,,,gp_head,sarpanch,Other than Woman,NONE,0,all_seats,,,,,Open,latin,data/jk/2016/Rajouri A Publication.pdf,36,Rajouri A Publication.pdf,,
Jammu & Kashmir,2016,Rajouri,,8,MANJAKO TE,24,Namblan,,,,gp_head,sarpanch,ST Other than Woman,ST,0,all_seats,,,,,ST,latin,data/jk/2016/Rajouri A Publication.pdf,36,Rajouri A Publication.pdf,,
Jammu & Kashmir,2016,Rajouri,,8,MANJAKO TE,25,Rajdhani Lower,,,,gp_head,sarpanch,Woman,NONE,1,all_seats,,,,,Women,latin,data/jk/2016/Rajouri A Publication.pdf,36,Rajouri A Publication.pdf,,
Jammu & Kashmir,2016,Rajouri,,8,MANJAKO TE,26,Rajdhani Upper,,,,gp_head,sarpanch,Other than Woman,NONE,0,all_seats,,,,,Open,latin,data/jk/2016/Rajouri A Publication.pdf,37,Rajouri A Publication.pdf,,
Jammu & Kashmir,2016,Rajouri,,8,MANJAKO TE,27,Saroola Lower,,,,gp_head,sarpanch,Other than Woman,NONE,0,all_seats,,,,,Open,latin,data/jk/2016/Rajouri A Publication.pdf,37,Rajouri A Publication.pdf,,
Jammu & Kashmir,2016,Rajouri,,8,MANJAKO TE,28,Saroola Upper,,,,gp_head,sarpanch,Other than Woman,NONE,0,all_seats,,,,,Open,latin,data/jk/2016/Rajouri A Publication.pdf,37,Rajouri A Publication.pdf,,
Jammu & Kashmir,2016,Rajouri,,9,Moughla,1,Chak Mathyani,,,,gp_head,sarpanch,Woman,NONE,1,all_seats,,,,,Women,latin,data/jk/2016/Rajouri A Publication.pdf,38,Rajouri A Publication.pdf,,
Jammu & Kashmir,2016,Rajouri,,9,Moughla,2,Harichumma,,,,gp_head,sarpanch,Other than Woman,NONE,0,all_seats,,,,,Open,latin,data/jk/2016/Rajouri A Publication.pdf,38,Rajouri A Publication.pdf,,
Jammu & Kashmir,2016,Rajouri,,9,Moughla,3,Jungrial East,,,,gp_head,sarpanch,Other than Woman,NONE,0,all_seats,,,,,Open,latin,data/jk/2016/Rajouri A Publication.pdf,38,Rajouri A Publication.pdf,,
Jammu & Kashmir,2016,Rajouri,,9,Moughla,4,Jungrial West,,,,gp_head,sarpanch,Woman,NONE,1,all_seats,,,,,Women,latin,data/jk/2016/Rajouri A Publication.pdf,38,Rajouri A Publication.pdf,,
Jammu & Kashmir,2016,Rajouri,,9,Moughla,5,Khabber,,,,gp_head,sarpanch,Other than Woman,NONE,0,all_seats,,,,,Open,latin,data/jk/2016/Rajouri A Publication.pdf,39,Rajouri A Publication.pdf,,
Jammu & Kashmir,2016,Rajouri,,9,Moughla,6,Mallurian,,,,gp_head,sarpanch,Other than Woman,NONE,0,all_seats,,,,,Open,latin,data/jk/2016/Rajouri A Publication.pdf,39,Rajouri A Publication.pdf,,
Jammu & Kashmir,2016,Rajouri,,9,Moughla,7,Teryath,,,,gp_head,sarpanch,Woman,NONE,1,all_seats,,,,,Women,latin,data/jk/2016/Rajouri A Publication.pdf,39,Rajouri A Publication.pdf,,
Jammu & Kashmir,2016,Rajouri,,9,Moughla,8,Treru Lower A,,,,gp_head,sarpanch,ST Other than Woman,ST,0,all_seats,,,,,ST,latin,data/jk/2016/Rajouri A Publication.pdf,39,Rajouri A Publication.pdf,,
Jammu & Kashmir,2016,Rajouri,,9,Moughla,9,Treru Lower-B,,,,gp_head,sarpanch,Other than Woman,NONE,0,all_seats,,,,,Open,latin,data/jk/2016/Rajouri A Publication.pdf,40,Rajouri A Publication.pdf,,
Jammu & Kashmir,2016,Rajouri,,9,Moughla,10,Treru upper A,,,,gp_head,sarpanch,ST Woman,ST,1,all_seats,,,,,ST Women,latin,data/jk/2016/Rajouri A Publication.pdf,40,Rajouri A Publication.pdf,,
Jammu & Kashmir,2016,Rajouri,,9,Moughla,11,Treru Upper-B,,,,gp_head,sarpanch,Other than Woman,NONE,0,all_seats,,,,,Open,latin,data/jk/2016/Rajouri A Publication.pdf,41,Rajouri A Publication.pdf,,
Jammu & Kashmir,2016,Rajouri,,10,Nowshera,1,Bhajnowa,,,,gp_head,sarpanch,Woman,NONE,1,all_seats,,,,,Women,latin,data/jk/2016/Rajouri B Publication.pdf,1,Rajouri B Publication.pdf,,
Jammu & Kashmir,2016,Rajouri,,10,Nowshera,2,Bhawani A,,,,gp_head,sarpanch,Other than Woman,NONE,0,all_seats,,,,,Open,latin,data/jk/2016/Rajouri B Publication.pdf,1,Rajouri B Publication.pdf,,
Jammu & Kashmir,2016,Rajouri,,10,Nowshera,3,Bhawani B,,,,gp_head,sarpanch,Other than Woman,NONE,0,all_seats,,,,,Open,latin,data/jk/2016/Rajouri B Publication.pdf,1,Rajouri B Publication.pdf,,
Jammu & Kashmir,2016,Rajouri,,10,Nowshera,4,Chowki,,,,gp_head,sarpanch,Woman,NONE,1,all_seats,,,,,Women,latin,data/jk/2016/Rajouri B Publication.pdf,1,Rajouri B Publication.pdf,,
Jammu & Kashmir,2016,Rajouri,,10,Nowshera,5,Dhanaka,,,,gp_head,sarpanch,Other than Woman,NONE,0,all_seats,,,,,Open,latin,data/jk/2016/Rajouri B Publication.pdf,2,Rajouri B Publication.pdf,,
Jammu & Kashmir,2016,Rajouri,,10,Nowshera,6,H/Khanka,,,,gp_head,sarpanch,SC Other than Woman,SC,0,all_seats,,,,,SC,latin,data/jk/2016/Rajouri B Publication.pdf,2,Rajouri B Publication.pdf,,
Jammu & Kashmir,2016,Rajouri,,10,Nowshera,7,H/Thakra,,,,gp_head,sarpanch,Woman,NONE,1,all_seats,,,,,Women,latin,data/jk/2016/Rajouri B Publication.pdf,2,Rajouri B Publication.pdf,,
Jammu & Kashmir,2016,Rajouri,,10,Nowshera,8,Handan,,,,gp_head,sarpanch,Other than Woman,NONE,0,all_seats,,,,,Open,latin,data/jk/2016/Rajouri B Publication.pdf,2,Rajouri B Publication.pdf,,
Jammu & Kashmir,2016,Rajouri,,10,Nowshera,9,Kalsian,,,,gp_head,sarpanch,ST Other than Woman,ST,0,all_seats,,,,,ST,latin,data/jk/2016/Rajouri B Publication.pdf,3,Rajouri B Publication.pdf,,
Jammu & Kashmir,2016,Rajouri,,10,Nowshera,10,Khamba,,,,gp_head,sarpanch,Woman,NONE,1,all_seats,,,,,Women,latin,data/jk/2016/Rajouri B Publication.pdf,3,Rajouri B Publication.pdf,,
Jammu & Kashmir,2016,Rajouri,,10,Nowshera,11,Langer,,,,gp_head,sarpanch,SC Other than Woman,SC,0,all_seats,,,,,SC,latin,data/jk/2016/Rajouri B Publication.pdf,3,Rajouri B Publication.pdf,,
Jammu & Kashmir,2016,Rajouri,,10,Nowshera,12,Nonial Lower,,,,gp_head,sarpanch,SC Other than Woman,SC,0,all_seats,,,,,SC,latin,data/jk/2016/Rajouri B Publication.pdf,3,Rajouri B Publication.pdf,,
Jammu & Kashmir,2016,Rajouri,,10,Nowshera,13,Nonial Upper,,,,gp_head,sarpanch,Woman,NONE,1,all_seats,,,,,Women,latin,data/jk/2016/Rajouri B Publication.pdf,4,Rajouri B Publication.pdf,,
Jammu & Kashmir,2016,Rajouri,,10,Nowshera,14,Rajal-A,,,,gp_head,sarpanch,Other than Woman,NONE,0,all_seats,,,,,Open,latin,data/jk/2016/Rajouri B Publication.pdf,4,Rajouri B Publication.pdf,,
Jammu & Kashmir,2016,Rajouri,,11,PANJGRIAN,1,Katarmal,,,,gp_head,sarpanch,ST Woman,ST,1,all_seats,,,,,ST Women,latin,data/jk/2016/Rajouri B Publication.pdf,5,Rajouri B Publication.pdf,,
Jammu & Kashmir,2016,Rajouri,,11,PANJGRIAN,2,Panjgrain Lower-A,,,,gp_head,sarpanch,Other than Woman,NONE,0,all_seats,,,,,Open,latin,data/jk/2016/Rajouri B Publication.pdf,5,Rajouri B Publication.pdf,,
Jammu & Kashmir,2016,Rajouri,,11,PANJGRIAN,3,Panjgrain Lower-B,,,,gp_head,sarpanch,ST Other than Woman,ST,0,all_seats,,,,,ST,latin,data/jk/2016/Rajouri B Publication.pdf,5,Rajouri B Publication.pdf,,
Jammu & Kashmir,2016,Rajouri,,11,PANJGRIAN,4,Panjgrain Upper-A,,,,gp_head,sarpanch,Woman,NONE,1,all_seats,,,,,Women,latin,data/jk/2016/Rajouri B Publication.pdf,5,Rajouri B Publication.pdf,,
Jammu & Kashmir,2016,Rajouri,,11,PANJGRIAN,5,Panjgrain Upper-B,,,,gp_head,sarpanch,ST Other than Woman,ST,0,all_seats,,,,,ST,latin,data/jk/2016/Rajouri B Publication.pdf,5,Rajouri B Publication.pdf,,
Jammu & Kashmir,2016,Rajouri,,11,PANJGRIAN,6,Thandikassi,,,,gp_head,sarpanch,ST Other than Woman,ST,0,all_seats,,,,,ST,latin,data/jk/2016/Rajouri B Publication.pdf,5,Rajouri B Publication.pdf,,
Jammu & Kashmir,2016,Rajouri,,11,PANJGRIAN,7,Tunditrar,,,,gp_head,sarpanch,Woman,NONE,1,all_seats,,,,,Women,latin,data/jk/2016/Rajouri B Publication.pdf,5,Rajouri B Publication.pdf,,
Jammu & Kashmir,2016,Rajouri,,11,PANJGRIAN,8,Pollullian,,,,gp_head,sarpanch,ST Other than Woman,ST,0,all_seats,,,,,ST,latin,data/jk/2016/Rajouri B Publication.pdf,6,Rajouri B Publication.pdf,,
Jammu & Kashmir,2016,Rajouri,,12,Planger,1,Badakana,,,,gp_head,sarpanch,Woman,NONE,1,all_seats,,,,,Women,latin,data/jk/2016/Rajouri B Publication.pdf,7,Rajouri B Publication.pdf,,
Jammu & Kashmir,2016,Rajouri,,12,Planger,2,Behrote,,,,gp_head,sarpanch,Other than Woman,NONE,0,all_seats,,,,,Open,latin,data/jk/2016/Rajouri B Publication.pdf,7,Rajouri B Publication.pdf,,
Jammu & Kashmir,2016,Rajouri,,12,Planger,3,Bhattian,,,,gp_head,sarpanch,Other than Woman,NONE,0,all_seats,,,,,Open,latin,data/jk/2016/Rajouri B Publication.pdf,7,Rajouri B Publication.pdf,,
Jammu & Kashmir,2016,Rajouri,,12,Planger,4,Dodasan- Lower,,,,gp_head,sarpanch,ST Woman,ST,1,all_seats,,,,,ST Women,latin,data/jk/2016/Rajouri B Publication.pdf,7,Rajouri B Publication.pdf,,
Jammu & Kashmir,2016,Rajouri,,12,Planger,5,Dodasanbala Remote,,,,gp_head,sarpanch,ST Other than Woman,ST,0,all_seats,,,,,ST,latin,data/jk/2016/Rajouri B Publication.pdf,7,Rajouri B Publication.pdf,,
Jammu & Kashmir,2016,Rajouri,,12,Planger,6,Dodasan upper,,,,gp_head,sarpanch,ST Other than Woman,ST,0,all_seats,,,,,ST,latin,data/jk/2016/Rajouri B Publication.pdf,8,Rajouri B Publication.pdf,,
Jammu & Kashmir,2016,Rajouri,,12,Planger,7,Khablan-B,,,,gp_head,sarpanch,Woman,NONE,1,all_seats,,,,,Women,latin,data/jk/2016/Rajouri B Publication.pdf,8,Rajouri B Publication.pdf,,
Jammu & Kashmir,2016,Rajouri,,12,Planger,8,Kote,,,,gp_head,sarpanch,Other than Woman,NONE,0,all_seats,,,,,Open,latin,data/jk/2016/Rajouri B Publication.pdf,8,Rajouri B Publication.pdf,,
Jammu & Kashmir,2016,Rajouri,,12,Planger,9,Lah,,,,gp_head,sarpanch,Other than Woman,NONE,0,all_seats,,,,,Open,latin,data/jk/2016/Rajouri B Publication.pdf,8,Rajouri B Publication.pdf,,
Jammu & Kashmir,2016,Rajouri,,12,Planger,10,Mehrajpura,,,,gp_head,sarpanch,ST Woman,ST,1,all_seats,,,,,ST Women,latin,data/jk/2016/Rajouri B Publication.pdf,8,Rajouri B Publication.pdf,,
Jammu & Kashmir,2016,Rajouri,,12,Planger,11,Nerojal,,,,gp_head,sarpanch,ST Other than Woman,ST,0,all_seats,,,,,ST,latin,data/jk/2016/Rajouri B Publication.pdf,8,Rajouri B Publication.pdf,,
Jammu & Kashmir,2016,Rajouri,,12,Planger,12,Planger,,,,gp_head,sarpanch,ST Other than Woman,ST,0,all_seats,,,,,ST,latin,data/jk/2016/Rajouri B Publication.pdf,10,Rajouri B Publication.pdf,,
Jammu & Kashmir,2016,Rajouri,,12,Planger,13,Saim-Samit,,,,gp_head,sarpanch,ST Woman,ST,1,all_seats,,,,,ST Women,latin,data/jk/2016/Rajouri B Publication.pdf,10,Rajouri B Publication.pdf,,
Jammu & Kashmir,2016,Rajouri,,12,Planger,14,Saaj-1,,,,gp_head,sarpanch,Other than Woman,NONE,0,all_seats,,,,,Open,latin,data/jk/2016/Rajouri B Publication.pdf,10,Rajouri B Publication.pdf,,
Jammu & Kashmir,2016,Rajouri,,12,Planger,15,Saaj-2,,,,gp_head,sarpanch,Other than Woman,NONE,0,all_seats,,,,,Open,latin,data/jk/2016/Rajouri B Publication.pdf,10,Rajouri B Publication.pdf,,
Jammu & Kashmir,2016,Rajouri,,13,Qila Darhal,1,Andhrooth,,,,gp_head,sarpanch,Woman,NONE,1,all_seats,,,,,Women,latin,data/jk/2016/Rajouri B Publication.pdf,11,Rajouri B Publication.pdf,,
Jammu & Kashmir,2016,Rajouri,,13,Qila Darhal,2,Kampla,,,,gp_head,sarpanch,Other than Woman,NONE,0,all_seats,,,,,Open,latin,data/jk/2016/Rajouri B Publication.pdf,11,Rajouri B Publication.pdf,,
Jammu & Kashmir,2016,Rajouri,,13,Qila Darhal,3,Lam,,,,gp_head,sarpanch,SC Other than Woman,SC,0,all_seats,,,,,SC,latin,data/jk/2016/Rajouri B Publication.pdf,11,Rajouri B Publication.pdf,,
Jammu & Kashmir,2016,Rajouri,,13,Qila Darhal,4,Laroka,,,,gp_head,sarpanch,Woman,NONE,1,all_seats,,,,,Women,latin,data/jk/2016/Rajouri B Publication.pdf,11,Rajouri B Publication.pdf,,
Jammu & Kashmir,2016,Rajouri,,13,Qila Darhal,5,Pukharni,,,,gp_head,sarpanch,ST Other than Woman,ST,0,all_seats,,,,,ST,latin,data/jk/2016/Rajouri B Publication.pdf,11,Rajouri B Publication.pdf,,
Jammu & Kashmir,2016,Rajouri,,13,Qila Darhal,6,Qila Darhal,,,,gp_head,sarpanch,SC Other than Woman,SC,0,all_seats,,,,,SC,latin,data/jk/2016/Rajouri B Publication.pdf,11,Rajouri B Publication.pdf,,
Jammu & Kashmir,2016,Rajouri,,13,Qila Darhal,7,Rajpur Bhatta,,,,gp_head,sarpanch,SC Woman,SC,1,all_seats,,,,,SC Women,latin,data/jk/2016/Rajouri B Publication.pdf,12,Rajouri B Publication.pdf,,
Jammu & Kashmir,2016,Rajouri,,13,Qila Darhal,8,Rajpur Kamila,,,,gp_head,sarpanch,SC Other than Woman,SC,0,all_seats,,,,,SC,latin,data/jk/2016/Rajouri B Publication.pdf,12,Rajouri B Publication.pdf,,
Jammu & Kashmir,2016,Rajouri,,14,Rajnagar,1,Dandote,,,,gp_head,sarpanch,Woman,NONE,1,all_seats,,,,,Women,latin,data/jk/2016/Rajouri B Publication.pdf,13,Rajouri B Publication.pdf,,
Jammu & Kashmir,2016,Rajouri,,14,Rajnagar,2,Dramman,,,,gp_head,sarpanch,ST Other than Woman,ST,0,all_seats,,,,,ST,latin,data/jk/2016/Rajouri B Publication.pdf,13,Rajouri B Publication.pdf,,
Jammu & Kashmir,2016,Rajouri,,14,Rajnagar,3,Kewal Lower,,,,gp_head,sarpanch,Other than Woman,NONE,0,all_seats,,,,,Open,latin,data/jk/2016/Rajouri B Publication.pdf,13,Rajouri B Publication.pdf,,
Jammu & Kashmir,2016,Rajouri,,14,Rajnagar,4,Kewal Upper,,,,gp_head,sarpanch,Woman,NONE,1,all_seats,,,,,Women,latin,data/jk/2016/Rajouri B Publication.pdf,13,Rajouri B Publication.pdf,,
Jammu & Kashmir,2016,Rajouri,,14,Rajnagar,5,Phalni,,,,gp_head,sarpanch,Other than Woman,NONE,0,all_seats,,,,,Open,latin,data/jk/2016/Rajouri B Publication.pdf,13,Rajouri B Publication.pdf,,
Jammu & Kashmir,2016,Rajouri,,14,Rajnagar,6,Rajnagar Lower,,,,gp_head,sarpanch,Other than Woman,NONE,0,all_seats,,,,,Open,latin,data/jk/2016/Rajouri B Publication.pdf,13,Rajouri B Publication.pdf,,
Jammu & Kashmir,2016,Rajouri,,14,Rajnagar,7,Rajnagar Upper,,,,gp_head,sarpanch,Woman,NONE,1,all_seats,,,,,Women,latin,data/jk/2016/Rajouri B Publication.pdf,14,Rajouri B Publication.pdf,,
Jammu & Kashmir,2016,Rajouri,,14,Rajnagar,8,Shahpur,,,,gp_head,sarpanch,Other than Woman,NONE,0,all_seats,,,,,Open,latin,data/jk/2016/Rajouri B Publication.pdf,14,Rajouri B Publication.pdf,,
Jammu & Kashmir,2016,Rajouri,,14,Rajnagar,9,Targain Lower,,,,gp_head,sarpanch,ST Other than Woman,ST,0,all_seats,,,,,ST,latin,data/jk/2016/Rajouri B Publication.pdf,14,Rajouri B Publication.pdf,,
Jammu & Kashmir,2016,Rajouri,,14,Rajnagar,10,Targain Upper,,,,gp_head,sarpanch,ST Other than Woman,ST,0,all_seats,,,,,ST,latin,data/jk/2016/Rajouri B Publication.pdf,14,Rajouri B Publication.pdf,,
Jammu & Kashmir,2016,Rajouri,,15,RAJOURI,1,ATTI,,,,gp_head,sarpanch,Woman,NONE,1,all_seats,,,,,Women,latin,data/jk/2016/Rajouri B Publication.pdf,15,Rajouri B Publication.pdf,,
Jammu & Kashmir,2016,Rajouri,,15,RAJOURI,2,BATHUNI,,,,gp_head,sarpanch,Other than Woman,NONE,0,all_seats,,,,,Open,latin,data/jk/2016/Rajouri B Publication.pdf,15,Rajouri B Publication.pdf,,
Jammu & Kashmir,2016,Rajouri,,15,RAJOURI,3,CHARAN,,,,gp_head,sarpanch,ST Other than Woman,ST,0,all_seats,,,,,ST,latin,data/jk/2016/Rajouri B Publication.pdf,15,Rajouri B Publication.pdf,,
Jammu & Kashmir,2016,Rajouri,,15,RAJOURI,4,CHAWA,,,,gp_head,sarpanch,Woman,NONE,1,all_seats,,,,,Women,latin,data/jk/2016/Rajouri B Publication.pdf,15,Rajouri B Publication.pdf,,
Jammu & Kashmir,2016,Rajouri,,15,RAJOURI,5,CHOWDRINA R,,,,gp_head,sarpanch,ST Other than Woman,ST,0,all_seats,,,,,ST,latin,data/jk/2016/Rajouri B Publication.pdf,15,Rajouri B Publication.pdf,,
Jammu & Kashmir,2016,Rajouri,,15,RAJOURI,6,DASSAL,,,,gp_head,sarpanch,Other than Woman,NONE,0,all_seats,,,,,Open,latin,data/jk/2016/Rajouri B Publication.pdf,15,Rajouri B Publication.pdf,,
Jammu & Kashmir,2016,Rajouri,,15,RAJOURI,7,Dh. Dhindian,,,,gp_head,sarpanch,ST Other than Woman,ST,0,all_seats,,,,,ST,latin,data/jk/2016/Rajouri B Publication.pdf,16,Rajouri B Publication.pdf,,
Jammu & Kashmir,2016,Rajouri,,15,RAJOURI,8,Dh. Goursian,,,,gp_head,sarpanch,ST Other than Woman,ST,0,all_seats,,,,,ST,latin,data/jk/2016/Rajouri B Publication.pdf,16,Rajouri B Publication.pdf,,
Jammu & Kashmir,2016,Rajouri,,15,RAJOURI,9,Fatehpur Danna,,,,gp_head,sarpanch,ST Other than Woman,ST,0,all_seats,,,,,ST,latin,data/jk/2016/Rajouri B Publication.pdf,16,Rajouri B Publication.pdf,,
Jammu & Kashmir,2016,Rajouri,,15,RAJOURI,10,Fatehpur Gurrian,,,,gp_head,sarpanch,ST Woman,ST,1,all_seats,,,,,ST Women,latin,data/jk/2016/Rajouri B Publication.pdf,16,Rajouri B Publication.pdf,,
Jammu & Kashmir,2016,Rajouri,,15,RAJOURI,11,Fatehpur Khaas,,,,gp_head,sarpanch,ST Other than Woman,ST,0,all_seats,,,,,ST,latin,data/jk/2016/Rajouri B Publication.pdf,17,Rajouri B Publication.pdf,,
Jammu & Kashmir,2016,Rajouri,,15,RAJOURI,12,Gurdhan Bala,,,,gp_head,sarpanch,ST Other than Woman,ST,0,all_seats,,,,,ST,latin,data/jk/2016/Rajouri B Publication.pdf,17,Rajouri B Publication.pdf,,
Jammu & Kashmir,2016,Rajouri,,15,RAJOURI,13,Kotedhara,,,,gp_head,sarpanch,Woman,NONE,1,all_seats,,,,,Women,latin,data/jk/2016/Rajouri B Publication.pdf,17,Rajouri B Publication.pdf,,
Jammu & Kashmir,2016,Rajouri,,15,RAJOURI,15,Mubarakpura,,,,gp_head,sarpanch,Other than Woman,NONE,0,all_seats,,,,,Open,latin,data/jk/2016/Rajouri B Publication.pdf,17,Rajouri B Publication.pdf,,
Jammu & Kashmir,2016,Rajouri,,15,RAJOURI,16,Muradpur,,,,gp_head,sarpanch,Woman,NONE,1,all_seats,,,,,Women,latin,data/jk/2016/Rajouri B Publication.pdf,17,Rajouri B Publication.pdf,,
Jammu & Kashmir,2016,Rajouri,,15,RAJOURI,17,Nagrota Maira,,,,gp_head,sarpanch,Other than Woman,NONE,0,all_seats,,,,,Open,latin,data/jk/2016/Rajouri B Publication.pdf,18,Rajouri B Publication.pdf,,
Jammu & Kashmir,2016,Rajouri,,15,RAJOURI,18,Nagrota Saldhar,,,,gp_head,sarpanch,Other than Woman,NONE,0,all_seats,,,,,Open,latin,data/jk/2016/Rajouri B Publication.pdf,18,Rajouri B Publication.pdf,,
Jammu & Kashmir,2016,Rajouri,,15,RAJOURI,19,Palam,,,,gp_head,sarpanch,Woman,NONE,1,all_seats,,,,,Women,latin,data/jk/2016/Rajouri B Publication.pdf,18,Rajouri B Publication.pdf,,
Jammu & Kashmir,2016,Rajouri,,15,RAJOURI,20,Rehtal,,,,gp_head,sarpanch,ST Other than Woman,ST,0,all_seats,,,,,ST,latin,data/jk/2016/Rajouri B Publication.pdf,18,Rajouri B Publication.pdf,,
Jammu & Kashmir,2016,Rajouri,,15,RAJOURI,21,Sankari,,,,gp_head,sarpanch,Other than Woman,NONE,0,all_seats,,,,,Open,latin,data/jk/2016/Rajouri B Publication.pdf,19,Rajouri B Publication.pdf,,
Jammu & Kashmir,2016,Rajouri,,15,RAJOURI,22,Sawani,,,,gp_head,sarpanch,ST Other than Woman,ST,0,all_seats,,,,,ST,latin,data/jk/2016/Rajouri B Publication.pdf,19,Rajouri B Publication.pdf,,
Jammu & Kashmir,2016,Rajouri,,16,Seri,1,Dabber Potha,,,,gp_head,sarpanch,Woman,NONE,1,all_seats,,,,,Women,latin,data/jk/2016/Rajouri B Publication.pdf,20,Rajouri B Publication.pdf,,
Jammu & Kashmir,2016,Rajouri,,16,Seri,2,Deeing,,,,gp_head,sarpanch,Other than Woman,NONE,0,all_seats,,,,,Open,latin,data/jk/2016/Rajouri B Publication.pdf,20,Rajouri B Publication.pdf,,
Jammu & Kashmir,2016,Rajouri,,16,Seri,3,Dharat,,,,gp_head,sarpanch,SC Other than Woman,SC,0,all_seats,,,,,SC,latin,data/jk/2016/Rajouri B Publication.pdf,20,Rajouri B Publication.pdf,,
Jammu & Kashmir,2016,Rajouri,,16,Seri,4,Gagrote,,,,gp_head,sarpanch,Woman,NONE,1,all_seats,,,,,Women,latin,data/jk/2016/Rajouri B Publication.pdf,20,Rajouri B Publication.pdf,,
Jammu & Kashmir,2016,Rajouri,,16,Seri,5,Mangal-Devi- A,,,,gp_head,sarpanch,Other than Woman,NONE,0,all_seats,,,,,Open,latin,data/jk/2016/Rajouri B Publication.pdf,20,Rajouri B Publication.pdf,,
Jammu & Kashmir,2016,Rajouri,,16,Seri,6,Mangal Devi-B,,,,gp_head,sarpanch,Other than Woman,NONE,0,all_seats,,,,,Open,latin,data/jk/2016/Rajouri B Publication.pdf,21,Rajouri B Publication.pdf,,
Jammu & Kashmir,2016,Rajouri,,16,Seri,7,Mangiote,,,,gp_head,sarpanch,Woman,NONE,1,all_seats,,,,,Women,latin,data/jk/2016/Rajouri B Publication.pdf,21,Rajouri B Publication.pdf,,
Jammu & Kashmir,2016,Rajouri,,16,Seri,8,Seyal,,,,gp_head,sarpanch,Other than Woman,NONE,0,all_seats,,,,,Open,latin,data/jk/2016/Rajouri B Publication.pdf,21,Rajouri B Publication.pdf,,
Jammu & Kashmir,2016,Rajouri,,16,Siot,1,Bakhar,,,,gp_head,sarpanch,Woman,NONE,1,all_seats,,,,,Women,latin,data/jk/2016/Rajouri B Publication.pdf,22,Rajouri B Publication.pdf,,
Jammu & Kashmir,2016,Rajouri,,16,Siot,2,Balshama,,,,gp_head,sarpanch,Woman,NONE,1,all_seats,,,,,Women,latin,data/jk/2016/Rajouri B Publication.pdf,22,Rajouri B Publication.pdf,,
Jammu & Kashmir,2016,Rajouri,,16,Siot,3,Channi,,,,gp_head,sarpanch,Other than Woman,NONE,0,all_seats,,,,,Open,latin,data/jk/2016/Rajouri B Publication.pdf,22,Rajouri B Publication.pdf,,
Jammu & Kashmir,2016,Rajouri,,16,Siot,4,Dharamsal,,,,gp_head,sarpanch,Woman,NONE,1,all_seats,,,,,Women,latin,data/jk/2016/Rajouri B Publication.pdf,22,Rajouri B Publication.pdf,,
Jammu & Kashmir,2016,Rajouri,,16,Siot,5,Hathal-B,,,,gp_head,sarpanch,Other than Woman,NONE,0,all_seats,,,,,Open,latin,data/jk/2016/Rajouri B Publication.pdf,22,Rajouri B Publication.pdf,,
Jammu & Kashmir,2016,Rajouri,,16,Siot,6,Marcholla,,,,gp_head,sarpanch,Other than Woman,NONE,0,all_seats,,,,,Open,latin,data/jk/2016/Rajouri B Publication.pdf,22,Rajouri B Publication.pdf,,
Jammu & Kashmir,2016,Rajouri,,16,Siot,7,Panhar,,,,gp_head,sarpanch,Woman,NONE,1,all_seats,,,,,Women,latin,data/jk/2016/Rajouri B Publication.pdf,23,Rajouri B Publication.pdf,,
Jammu & Kashmir,2016,Rajouri,,16,Siot,8,Prat,,,,gp_head,sarpanch,Other than Woman,NONE,0,all_seats,,,,,Open,latin,data/jk/2016/Rajouri B Publication.pdf,23,Rajouri B Publication.pdf,,
Jammu & Kashmir,2016,Rajouri,,16,Siot,9,Siot Lower,,,,gp_head,sarpanch,Other than Woman,NONE,0,all_seats,,,,,Open,latin,data/jk/2016/Rajouri B Publication.pdf,23,Rajouri B Publication.pdf,,
Jammu & Kashmir,2016,Rajouri,,16,Siot,10,Siot Upper,,,,gp_head,sarpanch,Woman,NONE,1,all_seats,,,,,Women,latin,data/jk/2016/Rajouri B Publication.pdf,23,Rajouri B Publication.pdf,,
Jammu & Kashmir,2016,Rajouri,,16,Siot,11,Thandapani,,,,gp_head,sarpanch,Other than Woman,NONE,0,all_seats,,,,,Open,latin,data/jk/2016/Rajouri B Publication.pdf,23,Rajouri B Publication.pdf,,
Jammu & Kashmir,2016,Rajouri,,18,Sunderbani,1,Bimbliya,,,,gp_head,sarpanch,Woman,NONE,1,all_seats,,,,,Women,latin,data/jk/2016/Rajouri B Publication.pdf,24,Rajouri B Publication.pdf,,
Jammu & Kashmir,2016,Rajouri,,18,Sunderbani,2,Changi Kangrial,,,,gp_head,sarpanch,Other than Woman,NONE,0,all_seats,,,,,Open,latin,data/jk/2016/Rajouri B Publication.pdf,24,Rajouri B Publication.pdf,,
Jammu & Kashmir,2016,Rajouri,,18,Sunderbani,3,Devak,,,,gp_head,sarpanch,Other than Woman,NONE,0,all_seats,,,,,Open,latin,data/jk/2016/Rajouri B Publication.pdf,24,Rajouri B Publication.pdf,,
Jammu & Kashmir,2016,Rajouri,,18,Sunderbani,4,Hathal A,,,,gp_head,sarpanch,Woman,NONE,1,all_seats,,,,,Women,latin,data/jk/2016/Rajouri B Publication.pdf,24,Rajouri B Publication.pdf,,
Jammu & Kashmir,2016,Rajouri,,18,Sunderbani,5,Kangri (Lower),,,,gp_head,sarpanch,Other than Woman,NONE,0,all_seats,,,,,Open,latin,data/jk/2016/Rajouri B Publication.pdf,24,Rajouri B Publication.pdf,,
Jammu & Kashmir,2016,Rajouri,,18,Sunderbani,6,Kangri (Middle),,,,gp_head,sarpanch,Other than Woman,NONE,0,all_seats,,,,,Open,latin,data/jk/2016/Rajouri B Publication.pdf,25,Rajouri B Publication.pdf,,
Jammu & Kashmir,2016,Rajouri,,18,Sunderbani,7,Kangri (Upper),,,,gp_head,sarpanch,Woman,NONE,1,all_seats,,,,,Women,latin,data/jk/2016/Rajouri B Publication.pdf,25,Rajouri B Publication.pdf,,
Jammu & Kashmir,2016,Rajouri,,18,Sunderbani,8,Lower Bhajwal,,,,gp_head,sarpanch,Other than Woman,NONE,0,all_seats,,,,,Open,latin,data/jk/2016/Rajouri B Publication.pdf,25,Rajouri B Publication.pdf,,
Jammu & Kashmir,2016,Rajouri,,18,Sunderbani,9,Nah,,,,gp_head,sarpanch,Other than Woman,NONE,0,all_seats,,,,,Open,latin,data/jk/2016/Rajouri B Publication.pdf,25,Rajouri B Publication.pdf,,
Jammu & Kashmir,2016,Rajouri,,18,Sunderbani,10,Nallah,,,,gp_head,sarpanch,Woman,NONE,1,all_seats,,,,,Women,latin,data/jk/2016/Rajouri B Publication.pdf,25,Rajouri B Publication.pdf,,
Jammu & Kashmir,2016,Rajouri,,18,Sunderbani,11,Patrara,,,,gp_head,sarpanch,Other than Woman,NONE,0,all_seats,,,,,Open,latin,data/jk/2016/Rajouri B Publication.pdf,25,Rajouri B Publication.pdf,,
Jammu & Kashmir,2016,Rajouri,,18,Sunderbani,12,Talla Tanda,,,,gp_head,sarpanch,Other than Woman,NONE,0,all_seats,,,,,Open,latin,data/jk/2016/Rajouri B Publication.pdf,26,Rajouri B Publication.pdf,,
Jammu & Kashmir,2016,Rajouri,,18,Sunderbani,13,Thangrote,,,,gp_head,sarpanch,Woman,NONE,1,all_seats,,,,,Women,latin,data/jk/2016/Rajouri B Publication.pdf,26,Rajouri B Publication.pdf,,
Jammu & Kashmir,2016,Rajouri,,18,Sunderbani,14,Upper Bhajwal A,,,,gp_head,sarpanch,Other than Woman,NONE,0,all_seats,,,,,Open,latin,data/jk/2016/Rajouri B Publication.pdf,26,Rajouri B Publication.pdf,,
Jammu & Kashmir,2016,Rajouri,,18,Sunderbani,15,Upper Bhajwal B,,,,gp_head,sarpanch,Other than Woman,NONE,0,all_seats,,,,,Open,latin,data/jk/2016/Rajouri B Publication.pdf,26,Rajouri B Publication.pdf,,
Jammu & Kashmir,2016,Rajouri,,19,Thannaman di,1,Alal,,,,gp_head,sarpanch,ST Woman,ST,1,all_seats,,,,,ST Women,latin,data/jk/2016/Rajouri B Publication.pdf,27,Rajouri B Publication.pdf,,
Jammu & Kashmir,2016,Rajouri,,19,Thannaman di,2,Azmatabad,,,,gp_head,sarpanch,Other than Woman,NONE,0,all_seats,,,,,Open,latin,data/jk/2016/Rajouri B Publication.pdf,27,Rajouri B Publication.pdf,,
Jammu & Kashmir,2016,Rajouri,,19,Thannaman di,3,Baryoon Dara,,,,gp_head,sarpanch,Other than Woman,NONE,0,all_seats,,,,,Open,latin,data/jk/2016/Rajouri B Publication.pdf,27,Rajouri B Publication.pdf,,
Jammu & Kashmir,2016,Rajouri,,19,Thannaman di,4,Dhoke,,,,gp_head,sarpanch,ST Woman,ST,1,all_seats,,,,,ST Women,latin,data/jk/2016/Rajouri B Publication.pdf,27,Rajouri B Publication.pdf,,
Jammu & Kashmir,2016,Rajouri,,19,Thannaman di,5,Hasplote Charoung,,,,gp_head,sarpanch,ST Other than Woman,ST,0,all_seats,,,,,ST,latin,data/jk/2016/Rajouri B Publication.pdf,27,Rajouri B Publication.pdf,,
Jammu & Kashmir,2016,Rajouri,,19,Thannaman di,6,Hasplote Proper,,,,gp_head,sarpanch,ST Other than Woman,ST,0,all_seats,,,,,ST,latin,data/jk/2016/Rajouri B Publication.pdf,27,Rajouri B Publication.pdf,,
Jammu & Kashmir,2016,Rajouri,,19,Thannaman di,7,Karyote,,,,gp_head,sarpanch,ST Woman,ST,1,all_seats,,,,,ST Women,latin,data/jk/2016/Rajouri B Publication.pdf,27,Rajouri B Publication.pdf,,
Jammu & Kashmir,2016,Rajouri,,19,Thannaman di,8,Khablan A,,,,gp_head,sarpanch,ST Other than Woman,ST,0,all_seats,,,,,ST,latin,data/jk/2016/Rajouri B Publication.pdf,28,Rajouri B Publication.pdf,,
Jammu & Kashmir,2016,Rajouri,,19,Thannaman di,9,Khanyal Kote,,,,gp_head,sarpanch,Other than Woman,NONE,0,all_seats,,,,,Open,latin,data/jk/2016/Rajouri B Publication.pdf,28,Rajouri B Publication.pdf,,
Jammu & Kashmir,2016,Rajouri,,19,Thannaman di,10,Mangota A,,,,gp_head,sarpanch,ST Woman,ST,1,all_seats,,,,,ST Women,latin,data/jk/2016/Rajouri B Publication.pdf,28,Rajouri B Publication.pdf,,
Jammu & Kashmir,2016,Rajouri,,19,Thannaman di,11,Mangota B,,,,gp_head,sarpanch,ST Other than Woman,ST,0,all_seats,,,,,ST,latin,data/jk/2016/Rajouri B Publication.pdf,28,Rajouri B Publication.pdf,,
Jammu & Kashmir,2016,Rajouri,,19,Thannaman di,12,Manyal Lower,,,,gp_head,sarpanch,Other than Woman,NONE,0,all_seats,,,,,Open,latin,data/jk/2016/Rajouri B Publication.pdf,28,Rajouri B Publication.pdf,,
Jammu & Kashmir,2016,Rajouri,,19,Thannaman di,13,Manyal Upper,,,,gp_head,sarpanch,Woman,NONE,1,all_seats,,,,,Women,latin,data/jk/2016/Rajouri B Publication.pdf,28,Rajouri B Publication.pdf,,
Jammu & Kashmir,2016,Rajouri,,19,Thannaman di,14,Panghai Lower,,,,gp_head,sarpanch,ST Other than Woman,ST,0,all_seats,,,,,ST,latin,data/jk/2016/Rajouri B Publication.pdf,29,Rajouri B Publication.pdf,,
Jammu & Kashmir,2016,Rajouri,,19,Thannaman di,15,Panghai Upper,,,,gp_head,sarpanch,ST Other than Woman,ST,0,all_seats,,,,,ST,latin,data/jk/2016/Rajouri B Publication.pdf,29,Rajouri B Publication.pdf,,
Jammu & Kashmir,2016,Rajouri,,19,Thannaman di,16,Rajdhani A,,,,gp_head,sarpanch,Woman,NONE,1,all_seats,,,,,Women,latin,data/jk/2016/Rajouri B Publication.pdf,29,Rajouri B Publication.pdf,,
Jammu & Kashmir,2016,Rajouri,,19,Thannaman di,17,Rajdhani B,,,,gp_head,sarpanch,Other than Woman,NONE,0,all_seats,,,,,Open,latin,data/jk/2016/Rajouri B Publication.pdf,29,Rajouri B Publication.pdf,,
Jammu & Kashmir,2016,Rajouri,,19,Thannaman di,18,Shahdra Sharif A,,,,gp_head,sarpanch,Other than Woman,NONE,0,all_seats,,,,,Open,latin,data/jk/2016/Rajouri B Publication.pdf,29,Rajouri B Publication.pdf,,
Jammu & Kashmir,2016,Rajouri,,19,Thannaman di,19,Shahdra Sharif B,,,,gp_head,sarpanch,Woman,NONE,1,all_seats,,,,,Women,latin,data/jk/2016/Rajouri B Publication.pdf,29,Rajouri B Publication.pdf,,
Jammu & Kashmir,2016,Rajouri,,19,Thannaman di,20,Tota Mohra,,,,gp_head,sarpanch,Other than Woman,NONE,0,all_seats,,,,,Open,latin,data/jk/2016/Rajouri B Publication.pdf,29,Rajouri B Publication.pdf,,
Jammu & Kashmir,2016,Ramban,,,Ramban,,Ahdwa,,,,gp_head,sarpanch,Woman,NONE,1,all_seats,,,,,Women,latin,data/jk/2016/Ramban.pdf,1,Ramban.pdf,,
Jammu & Kashmir,2016,Ramban,,,Ramban,,Balawat,,,,gp_head,sarpanch,ST Other than Woman,ST,0,all_seats,,,,,ST,latin,data/jk/2016/Ramban.pdf,1,Ramban.pdf,,
Jammu & Kashmir,2016,Ramban,,,Ramban,,Balihote-B,,,,gp_head,sarpanch,ST Woman,ST,1,all_seats,,,,,ST women,latin,data/jk/2016/Ramban.pdf,2,Ramban.pdf,,
Jammu & Kashmir,2016,Ramban,,,Ramban,,Chanderko te,,,,gp_head,sarpanch,Other than Woman,NONE,0,all_seats,,,,,Open,latin,data/jk/2016/Ramban.pdf,2,Ramban.pdf,,
Jammu & Kashmir,2016,Ramban,,,Ramban,,Dhandhrat h-A (Jawag),,,,gp_head,sarpanch,Other than Woman,NONE,0,all_seats,,,,,Open,latin,data/jk/2016/Ramban.pdf,2,Ramban.pdf,,
Jammu & Kashmir,2016,Ramban,,,Ramban,,Dandrath- B (Halla),,,,gp_head,sarpanch,Woman,NONE,1,all_seats,,,,,Women,latin,data/jk/2016/Ramban.pdf,3,Ramban.pdf,,
Jammu & Kashmir,2016,Ramban,,,Ramban,,Dandrath- C (Dugson),,,,gp_head,sarpanch,Other than Woman,NONE,0,all_seats,,,,,Open,latin,data/jk/2016/Ramban.pdf,3,Ramban.pdf,,
Jammu & Kashmir,2016,Ramban,,,Ramban,,Demote-A,,,,gp_head,sarpanch,Other than Woman,NONE,0,all_seats,,,,,Open,latin,data/jk/2016/Ramban.pdf,3,Ramban.pdf,,
Jammu & Kashmir,2016,Ramban,,,Ramban,,Demote-B,,,,gp_head,sarpanch,Woman,NONE,1,all_seats,,,,,Women,latin,data/jk/2016/Ramban.pdf,4,Ramban.pdf,,
Jammu & Kashmir,2016,Ramban,,,Ramban,,Gam,,,,gp_head,sarpanch,Other than Woman,NONE,0,all_seats,,,,,Open,latin,data/jk/2016/Ramban.pdf,4,Ramban.pdf,,
Jammu & Kashmir,2016,Ramban,,,Ramban,,Ganote,,,,gp_head,sarpanch,Other than Woman,NONE,0,all_seats,,,,,Open,latin,data/jk/2016/Ramban.pdf,4,Ramban.pdf,,
Jammu & Kashmir,2016,Ramban,,,Ramban,,Kanthi,,,,gp_head,sarpanch,Woman,NONE,1,all_seats,,,,,Women,latin,data/jk/2016/Ramban.pdf,5,Ramban.pdf,,
Jammu & Kashmir,2016,Ramban,,,Ramban,,Kunfer,,,,gp_head,sarpanch,Other than Woman,NONE,0,all_seats,,,,,Open,latin,data/jk/2016/Ramban.pdf,5,Ramban.pdf,,
Jammu & Kashmir,2016,Ramban,,,Ramban,,Maitra Gibindpora- A,,,,gp_head,sarpanch,Other than Woman,NONE,0,all_seats,,,,,Open,latin,data/jk/2016/Ramban.pdf,6,Ramban.pdf,,
Jammu & Kashmir,2016,Ramban,,,Ramban,,Maitra Gibindpora- B,,,,gp_head,sarpanch,Woman,NONE,1,all_seats,,,,,Women,latin,data/jk/2016/Ramban.pdf,6,Ramban.pdf,,
Jammu & Kashmir,2016,Ramban,,,Ramban,,Marog,,,,gp_head,sarpanch,Other than Woman,NONE,0,all_seats,,,,,Open,latin,data/jk/2016/Ramban.pdf,6,Ramban.pdf,,
Jammu & Kashmir,2016,Ramban,,,Ramban,,Pernote-A,,,,gp_head,sarpanch,Woman,NONE,1,all_seats,,,,,Women,latin,data/jk/2016/Ramban.pdf,7,Ramban.pdf,,
Jammu & Kashmir,2016,Ramban,,,Ramban,,Pernote-B,,,,gp_head,sarpanch,Other than Woman,NONE,0,all_seats,,,,,Open,latin,data/jk/2016/Ramban.pdf,7,Ramban.pdf,,
Jammu & Kashmir,2016,Ramban,,,Ramban,,Sawani,,,,gp_head,sarpanch,Other than Woman,NONE,0,all_seats,,,,,Open,latin,data/jk/2016/Ramban.pdf,7,Ramban.pdf,,
Jammu & Kashmir,2016,Ramban,,,Ramban,,Seri-A,,,,gp_head,sarpanch,Woman,NONE,1,all_seats,,,,,Women,latin,data/jk/2016/Ramban.pdf,8,Ramban.pdf,,
Jammu & Kashmir,2016,Ramban,,,Ramban,,Seri-B,,,,gp_head,sarpanch,Other than Woman,NONE,0,all_seats,,,,,Open,latin,data/jk/2016/Ramban.pdf,8,Ramban.pdf,,
Jammu & Kashmir,2016,Ramban,,,Ramban,,Sildhar,,,,gp_head,sarpanch,Other than Woman,NONE,0,all_seats,,,,,Open,latin,data/jk/2016/Ramban.pdf,8,Ramban.pdf,,
Jammu & Kashmir,2016,Ramban,,,Ramsoo,,Bajmasta,,,,gp_head,sarpanch,Woman,NONE,1,all_seats,,,,,Women,latin,data/jk/2016/Ramsoo.pdf,1,Ramsoo.pdf,,
Jammu & Kashmir,2016,Ramban,,,Ramsoo,,Bhordar-A,,,,gp_head,sarpanch,Other than Woman,NONE,0,all_seats,,,,,Open,latin,data/jk/2016/Ramsoo.pdf,1,Ramsoo.pdf,,
Jammu & Kashmir,2016,Ramban,,,Ramsoo,,Bhordar-B,,,,gp_head,sarpanch,Other than Woman,NONE,0,all_seats,,,,,Open,latin,data/jk/2016/Ramsoo.pdf,1,Ramsoo.pdf,,
Jammu & Kashmir,2016,Ramban,,,Ramsoo,,Dhanmasta- A,,,,gp_head,sarpanch,Woman,NONE,1,all_seats,,,,,Women,latin,data/jk/2016/Ramsoo.pdf,2,Ramsoo.pdf,,
Jammu & Kashmir,2016,Ramban,,,Ramsoo,,Dhanmasta- B,,,,gp_head,sarpanch,Other than Woman,NONE,0,all_seats,,,,,Open,latin,data/jk/2016/Ramsoo.pdf,2,Ramsoo.pdf,,
Jammu & Kashmir,2016,Ramban,,,Ramsoo,,Dhanmasta-,1,,,gp_head,sarpanch,Other than Woman,NONE,0,all_seats,,,,,Open,latin,data/jk/2016/Ramsoo.pdf,2,Ramsoo.pdf,,
Jammu & Kashmir,2016,Ramban,,,Ramsoo,,Neel-A,,,,gp_head,sarpanch,Woman,NONE,1,all_seats,,,,,Women,latin,data/jk/2016/Ramsoo.pdf,3,Ramsoo.pdf,,
Jammu & Kashmir,2016,Ramban,,,Ramsoo,,Neel-B,,,,gp_head,sarpanch,Other than Woman,NONE,0,all_seats,,,,,Open,latin,data/jk/2016/Ramsoo.pdf,3,Ramsoo.pdf,,
Jammu & Kashmir,2016,Ramban,,,Ramsoo,,Neel-C,,,,gp_head,sarpanch,Other than Woman,NONE,0,all_seats,,,,,Open,latin,data/jk/2016/Ramsoo.pdf,4,Ramsoo.pdf,,
Jammu & Kashmir,2016,Ramban,,,Ramsoo,,Neel-D,,,,gp_head,sarpanch,Woman,NONE,1,all_seats,,,,,Women,latin,data/jk/2016/Ramsoo.pdf,4,Ramsoo.pdf,,
Jammu & Kashmir,2016,Ramban,,,Ramsoo,,Sarbagni-A,,,,gp_head,sarpanch,Other than Woman,NONE,0,all_seats,,,,,Open,latin,data/jk/2016/Ramsoo.pdf,4,Ramsoo.pdf,,
Jammu & Kashmir,2016,Ramban,,,Ramsoo,,Sarbagni-B,,,,gp_head,sarpanch,Other than Woman,NONE,0,all_seats,,,,,Open,latin,data/jk/2016/Ramsoo.pdf,5,Ramsoo.pdf,,
Jammu & Kashmir,2016,Ramban,,,Ramsoo,,Shagan,,,,gp_head,sarpanch,Woman,NONE,1,all_seats,,,,,Women,latin,data/jk/2016/Ramsoo.pdf,5,Ramsoo.pdf,,
Jammu & Kashmir,2016,Ramban,,,Ramsoo,,Sujmatna-A,,,,gp_head,sarpanch,Other than Woman,NONE,0,all_seats,,,,,Open,latin,data/jk/2016/Ramsoo.pdf,5,Ramsoo.pdf,,
Jammu & Kashmir,2016,Ramban,,,Ramsoo,,Sujmatna-B,,,,gp_head,sarpanch,Other than Woman,NONE,0,all_seats,,,,,Open,latin,data/jk/2016/Ramsoo.pdf,6,Ramsoo.pdf,,
Jammu & Kashmir,2016,Ramban,,,Ramsoo,,Upper,1,,,gp_head,sarpanch,Woman,NONE,1,all_seats,,,,,Women,latin,data/jk/2016/Ramsoo.pdf,6,Ramsoo.pdf,,
Jammu & Kashmir,2016,Ramban,,,Ramsoo,,Trigam Lower-A,,,,gp_head,sarpanch,Other than Woman,NONE,0,all_seats,,,,,Open,latin,data/jk/2016/Ramsoo.pdf,7,Ramsoo.pdf,,
Jammu & Kashmir,2016,Ramban,,,Ramsoo,,Trigam Lower-B,,,,gp_head,sarpanch,Other than Woman,NONE,0,all_seats,,,,,Open,latin,data/jk/2016/Ramsoo.pdf,7,Ramsoo.pdf,,
Jammu & Kashmir,2016,Reasi,,1,Arnas,1,Bidda,,,,gp_head,sarpanch,ST Woman,ST,1,all_seats,,,,,ST Woman,latin,data/jk/2016/Reasi Distt Publication.pdf,1,Reasi Distt Publication.pdf,,
Jammu & Kashmir,2016,Reasi,,1,Arnas,2,Chilled,,,,gp_head,sarpanch,Other than Woman,NONE,0,all_seats,,,,,Open,latin,data/jk/2016/Reasi Distt Publication.pdf,1,Reasi Distt Publication.pdf,,
Jammu & Kashmir,2016,Reasi,,1,Arnas,3,Dhanour,,,,gp_head,sarpanch,Other than Woman,NONE,0,all_seats,,,,,Open,latin,data/jk/2016/Reasi Distt Publication.pdf,1,Reasi Distt Publication.pdf,,
Jammu & Kashmir,2016,Reasi,,1,Arnas,4,Dhansal,,,,gp_head,sarpanch,Woman,NONE,1,all_seats,,,,,Woman,latin,data/jk/2016/Reasi Distt Publication.pdf,2,Reasi Distt Publication.pdf,,
Jammu & Kashmir,2016,Reasi,,1,Arnas,5,Dugga,,,,gp_head,sarpanch,ST Other than Woman,ST,0,all_seats,,,,,ST,latin,data/jk/2016/Reasi Distt Publication.pdf,2,Reasi Distt Publication.pdf,,
Jammu & Kashmir,2016,Reasi,,1,Arnas,6,Hunder,,,,gp_head,sarpanch,Other than Woman,NONE,0,all_seats,,,,,Open,latin,data/jk/2016/Reasi Distt Publication.pdf,2,Reasi Distt Publication.pdf,,
Jammu & Kashmir,2016,Reasi,,1,Arnas,7,Judda - A,,,,gp_head,sarpanch,Woman,NONE,1,all_seats,,,,,Woman,latin,data/jk/2016/Reasi Distt Publication.pdf,3,Reasi Distt Publication.pdf,,
Jammu & Kashmir,2016,Reasi,,1,Arnas,8,Judda - B,,,,gp_head,sarpanch,Other than Woman,NONE,0,all_seats,,,,,Open,latin,data/jk/2016/Reasi Distt Publication.pdf,3,Reasi Distt Publication.pdf,,
Jammu & Kashmir,2016,Reasi,,1,Arnas,9,Kanthan,,,,gp_head,sarpanch,Other than Woman,NONE,0,all_seats,,,,,Open,latin,data/jk/2016/Reasi Distt Publication.pdf,3,Reasi Distt Publication.pdf,,
Jammu & Kashmir,2016,Reasi,,1,Arnas,10,Kanthi-A,,,,gp_head,sarpanch,Woman,NONE,1,all_seats,,,,,Woman,latin,data/jk/2016/Reasi Distt Publication.pdf,4,Reasi Distt Publication.pdf,,
Jammu & Kashmir,2016,Reasi,,1,Arnas,11,Kanthi - B,,,,gp_head,sarpanch,Other than Woman,NONE,0,all_seats,,,,,Open,latin,data/jk/2016/Reasi Distt Publication.pdf,4,Reasi Distt Publication.pdf,,
Jammu & Kashmir,2016,Reasi,,1,Arnas,12,Khanikote,,,,gp_head,sarpanch,Other than Woman,NONE,0,all_seats,,,,,Open,latin,data/jk/2016/Reasi Distt Publication.pdf,5,Reasi Distt Publication.pdf,,
Jammu & Kashmir,2016,Reasi,,1,Arnas,13,Salalkote,,,,gp_head,sarpanch,Woman,NONE,1,all_seats,,,,,Woman,latin,data/jk/2016/Reasi Distt Publication.pdf,5,Reasi Distt Publication.pdf,,
Jammu & Kashmir,2016,Reasi,,1,Arnas,14,Salalkotli,,,,gp_head,sarpanch,Other than Woman,NONE,0,all_seats,,,,,Open,latin,data/jk/2016/Reasi Distt Publication.pdf,5,Reasi Distt Publication.pdf,,
Jammu & Kashmir,2016,Reasi,,2,Bhamag,1,Danga Kote,,,,gp_head,sarpanch,Woman,NONE,1,all_seats,,,,,Woman,latin,data/jk/2016/Reasi Distt Publication.pdf,6,Reasi Distt Publication.pdf,,
Jammu & Kashmir,2016,Reasi,,2,Bhamag,2,Devi Garh,,,,gp_head,sarpanch,Other than Woman,NONE,0,all_seats,,,,,Open,latin,data/jk/2016/Reasi Distt Publication.pdf,6,Reasi Distt Publication.pdf,,
Jammu & Kashmir,2016,Reasi,,2,Bhamag,3,Harote Kote,,,,gp_head,sarpanch,Other than Woman,NONE,0,all_seats,,,,,Open,latin,data/jk/2016/Reasi Distt Publication.pdf,6,Reasi Distt Publication.pdf,,
Jammu & Kashmir,2016,Reasi,,2,Bhamag,4,Lamsora,,,,gp_head,sarpanch,Woman,NONE,1,all_seats,,,,,Woman,latin,data/jk/2016/Reasi Distt Publication.pdf,7,Reasi Distt Publication.pdf,,
Jammu & Kashmir,2016,Reasi,,2,Bhamag,5,Sahri,,,,gp_head,sarpanch,Other than Woman,NONE,0,all_seats,,,,,Open,latin,data/jk/2016/Reasi Distt Publication.pdf,7,Reasi Distt Publication.pdf,,
Jammu & Kashmir,2016,Reasi,,2,Bhamag,6,Ser Sundwan,,,,gp_head,sarpanch,SC Other than Woman,SC,0,all_seats,,,,,SC,latin,data/jk/2016/Reasi Distt Publication.pdf,7,Reasi Distt Publication.pdf,,
Jammu & Kashmir,2016,Reasi,,2,Bhamag,7,Sujandhar,,,,gp_head,sarpanch,Woman,NONE,1,all_seats,,,,,Woman,latin,data/jk/2016/Reasi Distt Publication.pdf,8,Reasi Distt Publication.pdf,,
Jammu & Kashmir,2016,Reasi,,2,Bhamag,8,Tote,,,,gp_head,sarpanch,Other than Woman,NONE,0,all_seats,,,,,Open,latin,data/jk/2016/Reasi Distt Publication.pdf,8,Reasi Distt Publication.pdf,,
Jammu & Kashmir,2016,Reasi,,3,Chassana,1,Bagankote,,,,gp_head,sarpanch,Woman,NONE,1,all_seats,,,,,Woman,latin,data/jk/2016/Reasi Distt Publication.pdf,9,Reasi Distt Publication.pdf,,
Jammu & Kashmir,2016,Reasi,,3,Chassana,2,Bagodass,,,,gp_head,sarpanch,Other than Woman,NONE,0,all_seats,,,,,Open,latin,data/jk/2016/Reasi Distt Publication.pdf,9,Reasi Distt Publication.pdf,,
Jammu & Kashmir,2016,Reasi,,3,Chassana,3,Banna-A,,,,gp_head,sarpanch,ST Other than Woman,ST,0,all_seats,,,,,ST,latin,data/jk/2016/Reasi Distt Publication.pdf,9,Reasi Distt Publication.pdf,,
Jammu & Kashmir,2016,Reasi,,3,Chassana,4,Banna-B,,,,gp_head,sarpanch,ST Woman,ST,1,all_seats,,,,,ST Woman,latin,data/jk/2016/Reasi Distt Publication.pdf,9,Reasi Distt Publication.pdf,,
Jammu & Kashmir,2016,Reasi,,3,Chassana,5,Channa-A,,,,gp_head,sarpanch,Other than Woman,NONE,0,all_seats,,,,,Open,latin,data/jk/2016/Reasi Distt Publication.pdf,10,Reasi Distt Publication.pdf,,
Jammu & Kashmir,2016,Reasi,,3,Chassana,6,Channa-B,,,,gp_head,sarpanch,Other than Woman,NONE,0,all_seats,,,,,Open,latin,data/jk/2016/Reasi Distt Publication.pdf,10,Reasi Distt Publication.pdf,,
Jammu & Kashmir,2016,Reasi,,3,Chassana,7,Chassana-A,,,,gp_head,sarpanch,Woman,NONE,1,all_seats,,,,,Woman,latin,data/jk/2016/Reasi Distt Publication.pdf,10,Reasi Distt Publication.pdf,,
Jammu & Kashmir,2016,Reasi,,3,Chassana,8,Chassana-B,,,,gp_head,sarpanch,Other than Woman,NONE,0,all_seats,,,,,Open,latin,data/jk/2016/Reasi Distt Publication.pdf,10,Reasi Distt Publication.pdf,,
Jammu & Kashmir,2016,Reasi,,3,Chassana,9,Chassote-A,,,,gp_head,sarpanch,Other than Woman,NONE,0,all_seats,,,,,Open,latin,data/jk/2016/Reasi Distt Publication.pdf,11,Reasi Distt Publication.pdf,,
Jammu & Kashmir,2016,Reasi,,3,Chassana,10,Chassote-B,,,,gp_head,sarpanch,Woman,NONE,1,all_seats,,,,,Woman,latin,data/jk/2016/Reasi Distt Publication.pdf,11,Reasi Distt Publication.pdf,,
Jammu & Kashmir,2016,Reasi,,3,Chassana,11,Hassote-A,,,,gp_head,sarpanch,ST Other than Woman,ST,0,all_seats,,,,,ST,latin,data/jk/2016/Reasi Distt Publication.pdf,11,Reasi Distt Publication.pdf,,
Jammu & Kashmir,2016,Reasi,,3,Chassana,12,Hassote-B,,,,gp_head,sarpanch,ST Other than Woman,ST,0,all_seats,,,,,ST,latin,data/jk/2016/Reasi Distt Publication.pdf,11,Reasi Distt Publication.pdf,,
Jammu & Kashmir,2016,Reasi,,3,Chassana,13,Kunderdhan -A,,,,gp_head,sarpanch,ST Woman,ST,1,all_seats,,,,,ST Woman,latin,data/jk/2016/Reasi Distt Publication.pdf,12,Reasi Distt Publication.pdf,,
Jammu & Kashmir,2016,Reasi,,3,Chassana,14K,underdhan-B (Bha,,,,gp_head,sarpanch,Other than Woman,NONE,0,all_seats,,,,,Open,latin,data/jk/2016/Reasi Distt Publication.pdf,12,Reasi Distt Publication.pdf,,
Jammu & Kashmir,2016,Reasi,,3,Chassana,15,Majrakund,,,,gp_head,sarpanch,ST Other than Woman,ST,0,all_seats,,,,,ST,latin,data/jk/2016/Reasi Distt Publication.pdf,12,Reasi Distt Publication.pdf,,
Jammu & Kashmir,2016,Reasi,,3,Chassana,16,Mallikote,,,,gp_head,sarpanch,Woman,NONE,1,all_seats,,,,,Woman,latin,data/jk/2016/Reasi Distt Publication.pdf,12,Reasi Distt Publication.pdf,,
Jammu & Kashmir,2016,Reasi,,3,Chassana,17,Mamankote,,,,gp_head,sarpanch,Other than Woman,NONE,0,all_seats,,,,,Open,latin,data/jk/2016/Reasi Distt Publication.pdf,12,Reasi Distt Publication.pdf,,
Jammu & Kashmir,2016,Reasi,,3,Chassana,18,Manjikote,,,,gp_head,sarpanch,Other than Woman,NONE,0,all_seats,,,,,Open,latin,data/jk/2016/Reasi Distt Publication.pdf,13,Reasi Distt Publication.pdf,,
Jammu & Kashmir,2016,Reasi,,3,Chassana,19,Neosi,,,,gp_head,sarpanch,Woman,NONE,1,all_seats,,,,,Woman,latin,data/jk/2016/Reasi Distt Publication.pdf,13,Reasi Distt Publication.pdf,,
Jammu & Kashmir,2016,Reasi,,3,Chassana,20,Sarsote,,,,gp_head,sarpanch,ST Other than Woman,ST,0,all_seats,,,,,ST,latin,data/jk/2016/Reasi Distt Publication.pdf,13,Reasi Distt Publication.pdf,,
Jammu & Kashmir,2016,Reasi,,3,Chassana,21,Shergarhi,,,,gp_head,sarpanch,Other than Woman,NONE,0,all_seats,,,,,Open,latin,data/jk/2016/Reasi Distt Publication.pdf,13,Reasi Distt Publication.pdf,,
Jammu & Kashmir,2016,Reasi,,3,Chassana,22,Thalkote,,,,gp_head,sarpanch,Woman,NONE,1,all_seats,,,,,Woman,latin,data/jk/2016/Reasi Distt Publication.pdf,13,Reasi Distt Publication.pdf,,
Jammu & Kashmir,2016,Reasi,,3,Chassana,23,Tulli Lower-A,,,,gp_head,sarpanch,ST Other than Woman,ST,0,all_seats,,,,,ST,latin,data/jk/2016/Reasi Distt Publication.pdf,14,Reasi Distt Publication.pdf,,
Jammu & Kashmir,2016,Reasi,,3,Chassana,24,Tulli Lower-B,,,,gp_head,sarpanch,ST Other than Woman,ST,0,all_seats,,,,,ST,latin,data/jk/2016/Reasi Distt Publication.pdf,14,Reasi Distt Publication.pdf,,
Jammu & Kashmir,2016,Reasi,,3,Chassana,25,Tulli-Upper-A,,,,gp_head,sarpanch,ST Woman,ST,1,all_seats,,,,,ST Woman,latin,data/jk/2016/Reasi Distt Publication.pdf,14,Reasi Distt Publication.pdf,,
Jammu & Kashmir,2016,Reasi,,3,Chassana,26,Tulli-Upper-B,,,,gp_head,sarpanch,ST Other than Woman,ST,0,all_seats,,,,,ST,latin,data/jk/2016/Reasi Distt Publication.pdf,14,Reasi Distt Publication.pdf,,
Jammu & Kashmir,2016,Reasi,,4,Gulabgarh,1,Arbaiss,,,,gp_head,sarpanch,Woman,NONE,1,all_seats,,,,,Woman,latin,data/jk/2016/Reasi Distt Publication.pdf,15,Reasi Distt Publication.pdf,,
Jammu & Kashmir,2016,Reasi,,4,Gulabgarh,2,Baransal,,,,gp_head,sarpanch,Other than Woman,NONE,0,all_seats,,,,,Open,latin,data/jk/2016/Reasi Distt Publication.pdf,15,Reasi Distt Publication.pdf,,
Jammu & Kashmir,2016,Reasi,,4,Gulabgarh,3,Dewal-A,,,,gp_head,sarpanch,Other than Woman,NONE,0,all_seats,,,,,Open,latin,data/jk/2016/Reasi Distt Publication.pdf,15,Reasi Distt Publication.pdf,,
Jammu & Kashmir,2016,Reasi,,4,Gulabgarh,4,Dewal-B,,,,gp_head,sarpanch,ST Woman,ST,1,all_seats,,,,,ST Woman,latin,data/jk/2016/Reasi Distt Publication.pdf,15,Reasi Distt Publication.pdf,,
Jammu & Kashmir,2016,Reasi,,4,Gulabgarh,5,Gulab Garh,,,,gp_head,sarpanch,Other than Woman,NONE,0,all_seats,,,,,Open,latin,data/jk/2016/Reasi Distt Publication.pdf,16,Reasi Distt Publication.pdf,,
Jammu & Kashmir,2016,Reasi,,4,Gulabgarh,6,Lar,,,,gp_head,sarpanch,Other than Woman,NONE,0,all_seats,,,,,Open,latin,data/jk/2016/Reasi Distt Publication.pdf,16,Reasi Distt Publication.pdf,,
Jammu & Kashmir,2016,Reasi,,4,Gulabgarh,7,Nehoch,,,,gp_head,sarpanch,Woman,NONE,1,all_seats,,,,,Woman,latin,data/jk/2016/Reasi Distt Publication.pdf,16,Reasi Distt Publication.pdf,,
Jammu & Kashmir,2016,Reasi,,4,Gulabgarh,8,Shadole,,,,gp_head,sarpanch,Other than Woman,NONE,0,all_seats,,,,,Open,latin,data/jk/2016/Reasi Distt Publication.pdf,16,Reasi Distt Publication.pdf,,
Jammu & Kashmir,2016,Reasi,,5,Jigbagli,1,Chakalwallan,,,,gp_head,sarpanch,ST Woman,ST,1,all_seats,,,,,ST Woman,latin,data/jk/2016/Reasi Distt Publication.pdf,17,Reasi Distt Publication.pdf,,
Jammu & Kashmir,2016,Reasi,,5,Jigbagli,2,Gari,,,,gp_head,sarpanch,Other than Woman,NONE,0,all_seats,,,,,Open,latin,data/jk/2016/Reasi Distt Publication.pdf,17,Reasi Distt Publication.pdf,,
Jammu & Kashmir,2016,Reasi,,5,Jigbagli,3,Jij - A,,,,gp_head,sarpanch,ST Other than Woman,ST,0,all_seats,,,,,ST,latin,data/jk/2016/Reasi Distt Publication.pdf,17,Reasi Distt Publication.pdf,,
Jammu & Kashmir,2016,Reasi,,5,Jigbagli,4,Jij - B,,,,gp_head,sarpanch,ST Woman,ST,1,all_seats,,,,,ST Woman,latin,data/jk/2016/Reasi Distt Publication.pdf,18,Reasi Distt Publication.pdf,,
Jammu & Kashmir,2016,Reasi,,5,Jigbagli,5,Narkote,,,,gp_head,sarpanch,ST Other than Woman,ST,0,all_seats,,,,,ST,latin,data/jk/2016/Reasi Distt Publication.pdf,18,Reasi Distt Publication.pdf,,
Jammu & Kashmir,2016,Reasi,,5,Jigbagli,6,Thub,,,,gp_head,sarpanch,Other than Woman,NONE,0,all_seats,,,,,Open,latin,data/jk/2016/Reasi Distt Publication.pdf,18,Reasi Distt Publication.pdf,,
Jammu & Kashmir,2016,Reasi,,7,Mahore,1,Badder,,,,gp_head,sarpanch,Woman,NONE,1,all_seats,,,,,Woman,latin,data/jk/2016/Reasi Distt Publication.pdf,22,Reasi Distt Publication.pdf,,
Jammu & Kashmir,2016,Reasi,,7,Mahore,2,Bathoie-A,,,,gp_head,sarpanch,Other than Woman,NONE,0,all_seats,,,,,Open,latin,data/jk/2016/Reasi Distt Publication.pdf,22,Reasi Distt Publication.pdf,,
Jammu & Kashmir,2016,Reasi,,7,Mahore,3,Bathoie-B,,,,gp_head,sarpanch,Other than Woman,NONE,0,all_seats,,,,,Open,latin,data/jk/2016/Reasi Distt Publication.pdf,22,Reasi Distt Publication.pdf,,
Jammu & Kashmir,2016,Reasi,,7,Mahore,4,Bathoie-C,,,,gp_head,sarpanch,Woman,NONE,1,all_seats,,,,,Woman,latin,data/jk/2016/Reasi Distt Publication.pdf,23,Reasi Distt Publication.pdf,,
Jammu & Kashmir,2016,Reasi,,7,Mahore,5,Dubri,,,,gp_head,sarpanch,ST Other than Woman,ST,0,all_seats,,,,,ST,latin,data/jk/2016/Reasi Distt Publication.pdf,23,Reasi Distt Publication.pdf,,
Jammu & Kashmir,2016,Reasi,,7,Mahore,6,Jamaslan-A,,,,gp_head,sarpanch,Other than Woman,NONE,0,all_seats,,,,,Open,latin,data/jk/2016/Reasi Distt Publication.pdf,23,Reasi Distt Publication.pdf,,
Jammu & Kashmir,2016,Reasi,,7,Mahore,7,Jamaslan-B,,,,gp_head,sarpanch,Woman,NONE,1,all_seats,,,,,Woman,latin,data/jk/2016/Reasi Distt Publication.pdf,23,Reasi Distt Publication.pdf,,
Jammu & Kashmir,2016,Reasi,,7,Mahore,8,Larh,,,,gp_head,sarpanch,ST Other than Woman,ST,0,all_seats,,,,,ST,latin,data/jk/2016/Reasi Distt Publication.pdf,24,Reasi Distt Publication.pdf,,
Jammu & Kashmir,2016,Reasi,,7,Mahore,9,Mahore,,,,gp_head,sarpanch,ST Other than Woman,ST,0,all_seats,,,,,ST,latin,data/jk/2016/Reasi Distt Publication.pdf,24,Reasi Distt Publication.pdf,,
Jammu & Kashmir,2016,Reasi,,7,Mahore,10,Mahore Jamlan,,,,gp_head,sarpanch,ST Woman,ST,1,all_seats,,,,,ST Woman,latin,data/jk/2016/Reasi Distt Publication.pdf,24,Reasi Distt Publication.pdf,,
Jammu & Kashmir,2016,Reasi,,7,Mahore,11,Mahore Kansooli,,,,gp_head,sarpanch,ST Other than Woman,ST,0,all_seats,,,,,ST,latin,data/jk/2016/Reasi Distt Publication.pdf,25,Reasi Distt Publication.pdf,,
Jammu & Kashmir,2016,Reasi,,7,Mahore,12,Mahore Lower,,,,gp_head,sarpanch,ST Other than Woman,ST,0,all_seats,,,,,ST,latin,data/jk/2016/Reasi Distt Publication.pdf,25,Reasi Distt Publication.pdf,,
Jammu & Kashmir,2016,Reasi,,7,Mahore,13,Mulass,,,,gp_head,sarpanch,ST Woman,ST,1,all_seats,,,,,ST Woman,latin,data/jk/2016/Reasi Distt Publication.pdf,25,Reasi Distt Publication.pdf,,
Jammu & Kashmir,2016,Reasi,,7,Mahore,14,Sarh Lower,,,,gp_head,sarpanch,Other than Woman,NONE,0,all_seats,,,,,Open,latin,data/jk/2016/Reasi Distt Publication.pdf,26,Reasi Distt Publication.pdf,,
Jammu & Kashmir,2016,Reasi,,7,Mahore,15,Sarh Upper- A,,,,gp_head,sarpanch,Other than Woman,NONE,0,all_seats,,,,,Open,latin,data/jk/2016/Reasi Distt Publication.pdf,26,Reasi Distt Publication.pdf,,
Jammu & Kashmir,2016,Reasi,,7,Mahore,16,Sarh Upper- B,,,,gp_head,sarpanch,Woman,NONE,1,all_seats,,,,,Woman,latin,data/jk/2016/Reasi Distt Publication.pdf,26,Reasi Distt Publication.pdf,,
Jammu & Kashmir,2016,Reasi,,7,Mahore,17,Shajroo-A,,,,gp_head,sarpanch,Other than Woman,NONE,0,all_seats,,,,,Open,latin,data/jk/2016/Reasi Distt Publication.pdf,27,Reasi Distt Publication.pdf,,
Jammu & Kashmir,2016,Reasi,,7,Mahore,18,Shajroo-B (Dada),,,,gp_head,sarpanch,ST Other than Woman,ST,0,all_seats,,,,,ST,latin,data/jk/2016/Reasi Distt Publication.pdf,27,Reasi Distt Publication.pdf,,
Jammu & Kashmir,2016,Reasi,,7,Mahore,19,Shakari,,,,gp_head,sarpanch,ST Woman,ST,1,all_seats,,,,,ST Woman,latin,data/jk/2016/Reasi Distt Publication.pdf,27,Reasi Distt Publication.pdf,,
Jammu & Kashmir,2016,Reasi,,7,Mahore,20,Sildhar,,,,gp_head,sarpanch,ST Other than Woman,ST,0,all_seats,,,,,ST,latin,data/jk/2016/Reasi Distt Publication.pdf,28,Reasi Distt Publication.pdf,,
Jammu & Kashmir,2016,Reasi,,8,Panthal,1,Bhagta,,,,gp_head,sarpanch,Woman,NONE,1,all_seats,,,,,women,latin,data/jk/2016/Reasi Distt Publication.pdf,29,Reasi Distt Publication.pdf,,
Jammu & Kashmir,2016,Reasi,,8,Panthal,2,Dadura,,,,gp_head,sarpanch,Other than Woman,NONE,0,all_seats,,,,,Open,latin,data/jk/2016/Reasi Distt Publication.pdf,29,Reasi Distt Publication.pdf,,
Jammu & Kashmir,2016,Reasi,,8,Panthal,3,Dheerthi,,,,gp_head,sarpanch,Other than Woman,NONE,0,all_seats,,,,,Open,latin,data/jk/2016/Reasi Distt Publication.pdf,29,Reasi Distt Publication.pdf,,
Jammu & Kashmir,2016,Reasi,,8,Panthal,4,Manoon,,,,gp_head,sarpanch,Woman,NONE,1,all_seats,,,,,Open Woman,latin,data/jk/2016/Reasi Distt Publication.pdf,29,Reasi Distt Publication.pdf,,
Jammu & Kashmir,2016,Reasi,,8,Panthal,5,Panthal,,,,gp_head,sarpanch,Other than Woman,NONE,0,all_seats,,,,,Open,latin,data/jk/2016/Reasi Distt Publication.pdf,30,Reasi Distt Publication.pdf,,
Jammu & Kashmir,2016,Reasi,,8,Panthal,6,Sira Kotla,,,,gp_head,sarpanch,Other than Woman,NONE,0,all_seats,,,,,Open,latin,data/jk/2016/Reasi Distt Publication.pdf,30,Reasi Distt Publication.pdf,,
Jammu & Kashmir,2016,Reasi,,8,Panthal,7,Sool,,,,gp_head,sarpanch,Woman,NONE,1,all_seats,,,,,Woman,latin,data/jk/2016/Reasi Distt Publication.pdf,30,Reasi Distt Publication.pdf,,
Jammu & Kashmir,2016,Reasi,,8,Panthal,8,Treen Meyari,,,,gp_head,sarpanch,Other than Woman,NONE,0,all_seats,,,,,Open,latin,data/jk/2016/Reasi Distt Publication.pdf,31,Reasi Distt Publication.pdf,,
Jammu & Kashmir,2016,Reasi,,9,Pouni,1,Allya,,,,gp_head,sarpanch,Woman,NONE,1,all_seats,,,,,women,latin,data/jk/2016/Reasi Distt Publication.pdf,32,Reasi Distt Publication.pdf,,
Jammu & Kashmir,2016,Reasi,,9,Pouni,2,Bhambla,,,,gp_head,sarpanch,Other than Woman,NONE,0,all_seats,,,,,Open,latin,data/jk/2016/Reasi Distt Publication.pdf,32,Reasi Distt Publication.pdf,,
Jammu & Kashmir,2016,Reasi,,9,Pouni,3,Bharakh,,,,gp_head,sarpanch,Other than Woman,NONE,0,all_seats,,,,,Open,latin,data/jk/2016/Reasi Distt Publication.pdf,32,Reasi Distt Publication.pdf,,
Jammu & Kashmir,2016,Reasi,,9,Pouni,4,Dadowa,,,,gp_head,sarpanch,Woman,NONE,1,all_seats,,,,,Woman,latin,data/jk/2016/Reasi Distt Publication.pdf,32,Reasi Distt Publication.pdf,,
Jammu & Kashmir,2016,Reasi,,9,Pouni,5,Dehote,,,,gp_head,sarpanch,Woman,NONE,1,all_seats,,,,,women,latin,data/jk/2016/Reasi Distt Publication.pdf,33,Reasi Distt Publication.pdf,,
Jammu & Kashmir,2016,Reasi,,9,Pouni,6,Dub Khalsa,,,,gp_head,sarpanch,Other than Woman,NONE,0,all_seats,,,,,Open,latin,data/jk/2016/Reasi Distt Publication.pdf,33,Reasi Distt Publication.pdf,,
Jammu & Kashmir,2016,Reasi,,9,Pouni,7,Gajore,,,,gp_head,sarpanch,Woman,NONE,1,all_seats,,,,,Woman,latin,data/jk/2016/Reasi Distt Publication.pdf,33,Reasi Distt Publication.pdf,,
Jammu & Kashmir,2016,Reasi,,9,Pouni,8,Jerri,,,,gp_head,sarpanch,Other than Woman,NONE,0,all_seats,,,,,Open,latin,data/jk/2016/Reasi Distt Publication.pdf,33,Reasi Distt Publication.pdf,,
Jammu & Kashmir,2016,Reasi,,9,Pouni,9,Kahna,,,,gp_head,sarpanch,Other than Woman,NONE,0,all_seats,,,,,Open,latin,data/jk/2016/Reasi Distt Publication.pdf,33,Reasi Distt Publication.pdf,,
Jammu & Kashmir,2016,Reasi,,9,Pouni,10,Kheral,,,,gp_head,sarpanch,ST Woman,ST,1,all_seats,,,,,ST Woman,latin,data/jk/2016/Reasi Distt Publication.pdf,34,Reasi Distt Publication.pdf,,
Jammu & Kashmir,2016,Reasi,,9,Pouni,11,Kheralair,,,,gp_head,sarpanch,Other than Woman,NONE,0,all_seats,,,,,Open,latin,data/jk/2016/Reasi Distt Publication.pdf,34,Reasi Distt Publication.pdf,,
Jammu & Kashmir,2016,Reasi,,9,Pouni,12,Kolsar,,,,gp_head,sarpanch,Other than Woman,NONE,0,all_seats,,,,,Open,latin,data/jk/2016/Reasi Distt Publication.pdf,34,Reasi Distt Publication.pdf,,
Jammu & Kashmir,2016,Reasi,,9,Pouni,13,Kothian,,,,gp_head,sarpanch,Woman,NONE,1,all_seats,,,,,Woman,latin,data/jk/2016/Reasi Distt Publication.pdf,34,Reasi Distt Publication.pdf,,
Jammu & Kashmir,2016,Reasi,,9,Pouni,14,Kund Khanayari,,,,gp_head,sarpanch,Other than Woman,NONE,0,all_seats,,,,,Open,latin,data/jk/2016/Reasi Distt Publication.pdf,34,Reasi Distt Publication.pdf,,
Jammu & Kashmir,2016,Reasi,,9,Pouni,15,Laiter,,,,gp_head,sarpanch,Woman,NONE,1,all_seats,,,,,women,latin,data/jk/2016/Reasi Distt Publication.pdf,35,Reasi Distt Publication.pdf,,
Jammu & Kashmir,2016,Reasi,,9,Pouni,16,Pora Kotla,,,,gp_head,sarpanch,Woman,NONE,1,all_seats,,,,,Woman,latin,data/jk/2016/Reasi Distt Publication.pdf,35,Reasi Distt Publication.pdf,,
Jammu & Kashmir,2016,Reasi,,9,Pouni,17,Pouni,,,,gp_head,sarpanch,Other than Woman,NONE,0,all_seats,,,,,Open,latin,data/jk/2016/Reasi Distt Publication.pdf,35,Reasi Distt Publication.pdf,,
Jammu & Kashmir,2016,Reasi,,9,Pouni,18,Saloon,,,,gp_head,sarpanch,Other than Woman,NONE,0,all_seats,,,,,Open,latin,data/jk/2016/Reasi Distt Publication.pdf,35,Reasi Distt Publication.pdf,,
Jammu & Kashmir,2016,Reasi,,9,Pouni,19,Sangar,,,,gp_head,sarpanch,Woman,NONE,1,all_seats,,,,,women,latin,data/jk/2016/Reasi Distt Publication.pdf,36,Reasi Distt Publication.pdf,,
Jammu & Kashmir,2016,Reasi,,9,Pouni,20,Talwara Lower,,,,gp_head,sarpanch,ST Other than Woman,ST,0,all_seats,,,,,ST,latin,data/jk/2016/Reasi Distt Publication.pdf,36,Reasi Distt Publication.pdf,,
Jammu & Kashmir,2016,Reasi,,9,Pouni,21,Talwara Upper,,,,gp_head,sarpanch,Woman,NONE,1,all_seats,,,,,women,latin,data/jk/2016/Reasi Distt Publication.pdf,37,Reasi Distt Publication.pdf,,
Jammu & Kashmir,2016,Reasi,,10,Reasi,1,Aghar Ballian,,,,gp_head,sarpanch,Woman,NONE,1,all_seats,,,,,Woman,latin,data/jk/2016/Reasi Distt Publication.pdf,38,Reasi Distt Publication.pdf,,
Jammu & Kashmir,2016,Reasi,,10,Reasi,2,Bhabber Brahmana,,,,gp_head,sarpanch,Other than Woman,NONE,0,all_seats,,,,,Open,latin,data/jk/2016/Reasi Distt Publication.pdf,38,Reasi Distt Publication.pdf,,
Jammu & Kashmir,2016,Reasi,,10,Reasi,3,Bhaga,,,,gp_head,sarpanch,ST Other than Woman,ST,0,all_seats,,,,,ST,latin,data/jk/2016/Reasi Distt Publication.pdf,39,Reasi Distt Publication.pdf,,
Jammu & Kashmir,2016,Reasi,,10,Reasi,4,Dera Baba Bandha,,,,gp_head,sarpanch,ST Woman,ST,1,all_seats,,,,,ST Woman,latin,data/jk/2016/Reasi Distt Publication.pdf,39,Reasi Distt Publication.pdf,,
Jammu & Kashmir,2016,Reasi,,10,Reasi,5,Gran,,,,gp_head,sarpanch,Other than Woman,NONE,0,all_seats,,,,,Open,latin,data/jk/2016/Reasi Distt Publication.pdf,39,Reasi Distt Publication.pdf,,
Jammu & Kashmir,2016,Reasi,,10,Reasi,6,Kotli Manotrian (A),,,,gp_head,sarpanch,Other than Woman,NONE,0,all_seats,,,,,Open,latin,data/jk/2016/Reasi Distt Publication.pdf,40,Reasi Distt Publication.pdf,,
Jammu & Kashmir,2016,Reasi,,10,Reasi,7,Kotli Manotrian (B),,,,gp_head,sarpanch,Woman,NONE,1,all_seats,,,,,Woman,latin,data/jk/2016/Reasi Distt Publication.pdf,40,Reasi Distt Publication.pdf,,
Jammu & Kashmir,2016,Reasi,,10,Reasi,8,Mari -A,,,,gp_head,sarpanch,Other than Woman,NONE,0,all_seats,,,,,Open,latin,data/jk/2016/Reasi Distt Publication.pdf,40,Reasi Distt Publication.pdf,,
Jammu & Kashmir,2016,Reasi,,10,Reasi,9,Mari -B,,,,gp_head,sarpanch,Other than Woman,NONE,0,all_seats,,,,,Open,latin,data/jk/2016/Reasi Distt Publication.pdf,41,Reasi Distt Publication.pdf,,
Jammu & Kashmir,2016,Reasi,,10,Reasi,10,Panasa,,,,gp_head,sarpanch,Woman,NONE,1,all_seats,,,,,Woman,latin,data/jk/2016/Reasi Distt Publication.pdf,42,Reasi Distt Publication.pdf,,
Jammu & Kashmir,2016,Reasi,,10,Reasi,11,Seela,,,,gp_head,sarpanch,Other than Woman,NONE,0,all_seats,,,,,Open,latin,data/jk/2016/Reasi Distt Publication.pdf,42,Reasi Distt Publication.pdf,,
Jammu & Kashmir,2016,Reasi,,10,Reasi,12,Sirla,,,,gp_head,sarpanch,Other than Woman,NONE,0,all_seats,,,,,Open,latin,data/jk/2016/Reasi Distt Publication.pdf,42,Reasi Distt Publication.pdf,,
Jammu & Kashmir,2016,Reasi,,10,Reasi,13,Sukater/,,,,gp_head,sarpanch,ST Other than Woman,ST,0,all_seats,,,,,ST,latin,data/jk/2016/Reasi Distt Publication.pdf,43,Reasi Distt Publication.pdf,,
Jammu & Kashmir,2016,Reasi,,11,Thakrakote,1,Bhandhar,,,,gp_head,sarpanch,ST Woman,ST,1,all_seats,,,,,ST Woman,latin,data/jk/2016/Reasi Distt Publication.pdf,44,Reasi Distt Publication.pdf,,
Jammu & Kashmir,2016,Reasi,,11,Thakrakote,2,Chinkah,,,,gp_head,sarpanch,Other than Woman,NONE,0,all_seats,,,,,Open,latin,data/jk/2016/Reasi Distt Publication.pdf,44,Reasi Distt Publication.pdf,,
Jammu & Kashmir,2016,Reasi,,11,Thakrakote,3,Dharan,,,,gp_head,sarpanch,Other than Woman,NONE,0,all_seats,,,,,Open,latin,data/jk/2016/Reasi Distt Publication.pdf,44,Reasi Distt Publication.pdf,,
Jammu & Kashmir,2016,Reasi,,11,Thakrakote,4,Panassa,,,,gp_head,sarpanch,Woman,NONE,1,all_seats,,,,,Woman,latin,data/jk/2016/Reasi Distt Publication.pdf,44,Reasi Distt Publication.pdf,,
Jammu & Kashmir,2016,Reasi,,11,Thakrakote,5,Thakarakote,,,,gp_head,sarpanch,Other than Woman,NONE,0,all_seats,,,,,Open,latin,data/jk/2016/Reasi Distt Publication.pdf,45,Reasi Distt Publication.pdf,,
Jammu & Kashmir,2016,Reasi,,12,Thuroo,5,Matlote,,,,gp_head,sarpanch,Other than Woman,NONE,0,all_seats,,,,,Open,latin,data/jk/2016/Reasi Distt Publication.pdf,47,Reasi Distt Publication.pdf,,
Jammu & Kashmir,2016,Reasi,,12,Thuroo,6,Thilloo,,,,gp_head,sarpanch,ST Other than Woman,ST,0,all_seats,,,,,ST,latin,data/jk/2016/Reasi Distt Publication.pdf,47,Reasi Distt Publication.pdf,,
Jammu & Kashmir,2016,Reasi,,12,Thuroo,7,Thruoo-A-1,,,,gp_head,sarpanch,ST Woman,ST,1,all_seats,,,,,ST Woman,latin,data/jk/2016/Reasi Distt Publication.pdf,47,Reasi Distt Publication.pdf,,
Jammu & Kashmir,2016,Reasi,,12,Thuroo,8,Thruoo A-II,,,,gp_head,sarpanch,Other than Woman,NONE,0,all_seats,,,,,Open,latin,data/jk/2016/Reasi Distt Publication.pdf,49,Reasi Distt Publication.pdf,,
Jammu & Kashmir,2016,Reasi,,12,Thuroo,9,Thruoo-B,,,,gp_head,sarpanch,ST Other than Woman,ST,0,all_seats,,,,,ST,latin,data/jk/2016/Reasi Distt Publication.pdf,49,Reasi Distt Publication.pdf,,
Jammu & Kashmir,2016,Ramban,,,Sangaldan,,Chachwa,,,,gp_head,sarpanch,Woman,NONE,1,all_seats,,,,,Women,latin,data/jk/2016/Sangaldhan.pdf,1,Sangaldhan.pdf,,
Jammu & Kashmir,2016,Ramban,,,Sangaldan,,Dawah Lower,,,,gp_head,sarpanch,Other than Woman,NONE,0,all_seats,,,,,Open,latin,data/jk/2016/Sangaldhan.pdf,1,Sangaldhan.pdf,,
Jammu & Kashmir,2016,Ramban,,,Sangaldan,,Dalwah Upper,,,,gp_head,sarpanch,Other than Woman,NONE,0,all_seats,,,,,Open,latin,data/jk/2016/Sangaldhan.pdf,1,Sangaldhan.pdf,,
Jammu & Kashmir,2016,Ramban,,,Sangaldan,,Famroot,,,,gp_head,sarpanch,Woman,NONE,1,all_seats,,,,,Women,latin,data/jk/2016/Sangaldhan.pdf,2,Sangaldhan.pdf,,
Jammu & Kashmir,2016,Ramban,,,Sangaldan,,Sagaldan,,,,gp_head,sarpanch,Other than Woman,NONE,0,all_seats,,,,,Open,latin,data/jk/2016/Sangaldhan.pdf,2,Sangaldhan.pdf,,
Jammu & Kashmir,2016,Ramban,,,Sangaldan,,Seripura,,,,gp_head,sarpanch,Other than Woman,NONE,0,all_seats,,,,,Open,latin,data/jk/2016/Sangaldhan.pdf,2,Sangaldhan.pdf,,
Jammu & Kashmir,2016,Ramban,,,Sangaldan,,Sumber Lower,,,,gp_head,sarpanch,Woman,NONE,1,all_seats,,,,,Women,latin,data/jk/2016/Sangaldhan.pdf,2,Sangaldhan.pdf,,
Jammu & Kashmir,2016,Ramban,,,Sangaldan,,Summer Upper,,,,gp_head,sarpanch,ST Other than Woman,ST,0,all_seats,,,,,ST,latin,data/jk/2016/Sangaldhan.pdf,3,Sangaldhan.pdf,,
Jammu & Kashmir,2016,Ramban,,,SSaannggaallddaann,,TThhaatthhaarrkkaa,,,,gp_head,sarpanch,Other than Woman,NONE,0,all_seats,,,,,Open,latin,data/jk/2016/Sangaldhan.pdf,3,Sangaldhan.pdf,,
Jammu & Kashmir,2016,Ramban,,,Ukhral,,Alanbass-A,,,,gp_head,sarpanch,Woman,NONE,1,all_seats,,,,,Women,latin,data/jk/2016/Ukhral.pdf,1,Ukhral.pdf,,
Jammu & Kashmir,2016,Ramban,,,Ukhral,,Alanbass-B,,,,gp_head,sarpanch,Other than Woman,NONE,0,all_seats,,,,,Open,latin,data/jk/2016/Ukhral.pdf,1,Ukhral.pdf,,
Jammu & Kashmir,2016,Ramban,,,Ukhral,,Bhangara,,,,gp_head,sarpanch,Other than Woman,NONE,0,all_seats,,,,,Open,latin,data/jk/2016/Ukhral.pdf,1,Ukhral.pdf,,
Jammu & Kashmir,2016,Ramban,,,Ukhral,,Hochak,,,,gp_head,sarpanch,Woman,NONE,1,all_seats,,,,,Women,latin,data/jk/2016/Ukhral.pdf,2,Ukhral.pdf,,
Jammu & Kashmir,2016,Ramban,,,Ukhral,,Maligam-A,,,,gp_head,sarpanch,Other than Woman,NONE,0,all_seats,,,,,Open,latin,data/jk/2016/Ukhral.pdf,2,Ukhral.pdf,,
Jammu & Kashmir,2016,Ramban,,,Ukhral,,Maligam-B,,,,gp_head,sarpanch,Other than Woman,NONE,0,all_seats,,,,,Open,latin,data/jk/2016/Ukhral.pdf,3,Ukhral.pdf,,
Jammu & Kashmir,2016,Ramban,,,Ukhral,,Panchal-A,,,,gp_head,sarpanch,Woman,NONE,1,all_seats,,,,,Women,latin,data/jk/2016/Ukhral.pdf,3,Ukhral.pdf,,
Jammu & Kashmir,2016,Ramban,,,Ukhral,,Panchal-B,,,,gp_head,sarpanch,Other than Woman,NONE,0,all_seats,,,,,Open,latin,data/jk/2016/Ukhral.pdf,3,Ukhral.pdf,,
Jammu & Kashmir,2016,Ramban,,,Ukhral,,Paristan,,,,gp_head,sarpanch,Other than Woman,NONE,0,all_seats,,,,,Open,latin,data/jk/2016/Ukhral.pdf,4,Ukhral.pdf,,
Jammu & Kashmir,2016,Ramban,,,Ukhral,,Phagmulla,,,,gp_head,sarpanch,Woman,NONE,1,all_seats,,,,,Women,latin,data/jk/2016/Ukhral.pdf,4,Ukhral.pdf,,
Jammu & Kashmir,2016,Ramban,,,Ukhral,,Pogal Lower,,,,gp_head,sarpanch,Other than Woman,NONE,0,all_seats,,,,,Open,latin,data/jk/2016/Ukhral.pdf,4,Ukhral.pdf,,
Jammu & Kashmir,2016,Ramban,,,Ukhral,,Pogal Upper,,,,gp_head,sarpanch,Other than Woman,NONE,0,all_seats,,,,,Open,latin,data/jk/2016/Ukhral.pdf,5,Ukhral.pdf,,
Jammu & Kashmir,2016,Ramban,,,Ukhral,,Sena Bhatti- A,,,,gp_head,sarpanch,Woman,NONE,1,all_seats,,,,,Women,latin,data/jk/2016/Ukhral.pdf,5,Ukhral.pdf,,
Jammu & Kashmir,2016,Ramban,,,UUkkhhrraall,,SSeennaa BBhhaattttii-- BB,,,,gp_head,sarpanch,Other than Woman,NONE,0,all_seats,,,,,Open,latin,data/jk/2016/Ukhral.pdf,5,Ukhral.pdf,,
