state,year,district,block,halqa,ward_no,ward_name,tier,reservation,caste_reservation,woman_reserved,listing_scope,pop_sc,pop_st,pop_oc,pop_total,reservation_raw,script,source_path,source_page,source_pdf
Jammu & Kashmir,2018,Name of District,Name of Block,,Number & Name of Panch Constituencies,,ward,ST Woman,ST,1,reserved_only,,,,,Panch reservation for SC/ST/Women & ST (Where proportion of ST Polpulation is comperatively Large),latin,data/jk/2018/2018_Anantnag.pdf,1,2018_Anantnag.pdf
Jammu & Kashmir,2018,Name of District,Name of Block,Akingam A,PC-II,"Kumar ,Bakshi & Najar Mohalla",ward,Woman,NONE,1,reserved_only,,,,,Gn Women,latin,data/jk/2018/2018_Anantnag.pdf,1,2018_Anantnag.pdf
Jammu & Kashmir,2018,Name of District,Name of Block,Akingam A,PC-V,GoriMohalla + Sipora,ward,Woman,NONE,1,reserved_only,,,,,Gn Women,latin,data/jk/2018/2018_Anantnag.pdf,1,2018_Anantnag.pdf
Jammu & Kashmir,2018,Name of District,Name of Block,Akingam B,PC-II,Ganiepora,ward,Woman,NONE,1,reserved_only,,,,,Gn Women,latin,data/jk/2018/2018_Anantnag.pdf,1,2018_Anantnag.pdf
Jammu & Kashmir,2018,Name of District,Name of Block,Akingam B,PC-V,Migrant Panditpora,ward,Woman,NONE,1,reserved_only,,,,,Gn Women,latin,data/jk/2018/2018_Anantnag.pdf,1,2018_Anantnag.pdf
Jammu & Kashmir,2018,Name of District,Name of Block,Akingam B,PC-VI,Gojar PAti Rani,ward,ST Other than Woman,ST,0,reserved_only,,,,,ST Reserved,latin,data/jk/2018/2018_Anantnag.pdf,1,2018_Anantnag.pdf
Jammu & Kashmir,2018,Name of District,Name of Block,Akingam B,PC-VIII,Bhat Mohalla Das Mohalla V,ward,Woman,NONE,1,reserved_only,,,,,Gn Women,latin,data/jk/2018/2018_Anantnag.pdf,1,2018_Anantnag.pdf
Jammu & Kashmir,2018,Name of District,Name of Block,Badoora Sahiabad,PC-II,BADOORA Hergam-B,ward,Woman,NONE,1,reserved_only,,,,,Gn Women,latin,data/jk/2018/2018_Anantnag.pdf,1,2018_Anantnag.pdf
Jammu & Kashmir,2018,Name of District,Name of Block,Badoora Sahiabad,PC-V,Takiya Badoora,ward,Woman,NONE,1,reserved_only,,,,,Gn Women,latin,data/jk/2018/2018_Anantnag.pdf,1,2018_Anantnag.pdf
Jammu & Kashmir,2018,Name of District,Name of Block,BB NOWAGAM,PC-II,WARD-II,ward,Woman,NONE,1,reserved_only,,,,,Gn Women,latin,data/jk/2018/2018_Anantnag.pdf,1,2018_Anantnag.pdf
Jammu & Kashmir,2018,Name of District,Name of Block,BB NOWAGAM,PC-V,WARD-V,ward,Woman,NONE,1,reserved_only,,,,,Gn Women,latin,data/jk/2018/2018_Anantnag.pdf,1,2018_Anantnag.pdf
Jammu & Kashmir,2018,Name of District,Name of Block,BB Nowgam A,PC-II,WARD-II,ward,Woman,NONE,1,reserved_only,,,,,Gn Women,latin,data/jk/2018/2018_Anantnag.pdf,1,2018_Anantnag.pdf
Jammu & Kashmir,2018,Name of District,Name of Block,BB Nowgam A,PC-V,WARD-V,ward,Woman,NONE,1,reserved_only,,,,,Gn Women,latin,data/jk/2018/2018_Anantnag.pdf,1,2018_Anantnag.pdf
Jammu & Kashmir,2018,Name of District,Name of Block,Brakpora,PC-II,BRAKPORA DARMOHLLA,ward,Woman,NONE,1,reserved_only,,,,,Gn Women,latin,data/jk/2018/2018_Anantnag.pdf,1,2018_Anantnag.pdf
Jammu & Kashmir,2018,Name of District,Name of Block,Brakpora,PC-V,MUKDAM PORA NAIK MOHLLA,ward,Woman,NONE,1,reserved_only,,,,,Gn Women,latin,data/jk/2018/2018_Anantnag.pdf,1,2018_Anantnag.pdf
Jammu & Kashmir,2018,Name of District,Name of Block,Brakpora,PC-VIII,Peerpora Hargam BRAKPORA V,ward,Woman,NONE,1,reserved_only,,,,,Gn Women,latin,data/jk/2018/2018_Anantnag.pdf,1,2018_Anantnag.pdf
Jammu & Kashmir,2018,Name of District,Name of Block,Brenty A,PC-II,Batpora,ward,Woman,NONE,1,reserved_only,,,,,Gn Women,latin,data/jk/2018/2018_Anantnag.pdf,1,2018_Anantnag.pdf
Jammu & Kashmir,2018,Name of District,Name of Block,Brenty A,PC-V,Drangaypora,ward,Woman,NONE,1,reserved_only,,,,,Gn Women,latin,data/jk/2018/2018_Anantnag.pdf,1,2018_Anantnag.pdf
Jammu & Kashmir,2018,Name of District,Name of Block,Brenty A,PC-VIII,Khar Marag V,ward,Woman,NONE,1,reserved_only,,,,,Gn Women,latin,data/jk/2018/2018_Anantnag.pdf,1,2018_Anantnag.pdf
Jammu & Kashmir,2018,Name of District,Name of Block,Brenty B,PC-II,Bad- Angan,ward,Woman,NONE,1,reserved_only,,,,,Gn Women,latin,data/jk/2018/2018_Anantnag.pdf,1,2018_Anantnag.pdf
Jammu & Kashmir,2018,Name of District,Name of Block,Brenty B,PC-V,Palpora A,ward,Woman,NONE,1,reserved_only,,,,,Gn Women,latin,data/jk/2018/2018_Anantnag.pdf,1,2018_Anantnag.pdf
Jammu & Kashmir,2018,Name of District,Name of Block,C.S.Pora,PC-II,Jawan Mohalla,ward,Woman,NONE,1,reserved_only,,,,,Gn Women,latin,data/jk/2018/2018_Anantnag.pdf,1,2018_Anantnag.pdf
Jammu & Kashmir,2018,Name of District,Name of Block,C.S.Pora,PC-V,Tabi Mohalla + Sheik mohall,ward,Woman,NONE,1,reserved_only,,,,,Gn Women,latin,data/jk/2018/2018_Anantnag.pdf,1,2018_Anantnag.pdf
Jammu & Kashmir,2018,Name of District,Name of Block,C.S.Pora,PC-VIII,Satar Khan Mohalla V,ward,Woman,NONE,1,reserved_only,,,,,Gn Women,latin,data/jk/2018/2018_Anantnag.pdf,1,2018_Anantnag.pdf
Jammu & Kashmir,2018,Name of District,Name of Block,C.S.Pora,PC-II,"Bunpora ""A""",ward,Woman,NONE,1,reserved_only,,,,,Gn Women,latin,data/jk/2018/2018_Anantnag.pdf,1,2018_Anantnag.pdf
Jammu & Kashmir,2018,Name of District,Name of Block,C.S.Pora,PC-V,Shanpora,ward,Woman,NONE,1,reserved_only,,,,,Gn Women,latin,data/jk/2018/2018_Anantnag.pdf,1,2018_Anantnag.pdf
Jammu & Kashmir,2018,Name of District,Name of Block,C.S.Pora,PC-VIII,"Harpora ""B"" V",ward,Woman,NONE,1,reserved_only,,,,,Gn Women,latin,data/jk/2018/2018_Anantnag.pdf,1,2018_Anantnag.pdf
Jammu & Kashmir,2018,Name of District,Name of Block,,Number & Name of Panch Constituencies,,ward,ST Woman,ST,1,reserved_only,,,,,Panch reservation for SC/ST/Women & ST (Where proportion of ST Polpulation is comperatively Large),latin,data/jk/2018/Bandipora.pdf,1,Bandipora.pdf
Jammu & Kashmir,2018,Name of District,Name of Block,Aloosa A,PC-II,Aloosa A,ward,Woman,NONE,1,reserved_only,,,,,Gn Women,latin,data/jk/2018/Bandipora.pdf,1,Bandipora.pdf
Jammu & Kashmir,2018,Name of District,Name of Block,Aloosa A,PC-V,Aloosa A,ward,Woman,NONE,1,reserved_only,,,,,Gn Women,latin,data/jk/2018/Bandipora.pdf,1,Bandipora.pdf
Jammu & Kashmir,2018,Name of District,Name of Block,Aloosa A,PC-VIII,Lahipora,ward,Woman,NONE,1,reserved_only,,,,,Gn Women,latin,data/jk/2018/Bandipora.pdf,1,Bandipora.pdf
Jammu & Kashmir,2018,Name of District,Name of Block,Aloosa B,PC-II,Rangwar Mohalla,ward,Woman,NONE,1,reserved_only,,,,,Gn Women,latin,data/jk/2018/Bandipora.pdf,1,Bandipora.pdf
Jammu & Kashmir,2018,Name of District,Name of Block,Aloosa B,PC-V,Kana Mohalla,ward,Woman,NONE,1,reserved_only,,,,,Gn Women,latin,data/jk/2018/Bandipora.pdf,1,Bandipora.pdf
Jammu & Kashmir,2018,Name of District,Name of Block,Aloosa Ghat,PC-V,Aloosa Ghat,ward,Woman,NONE,1,reserved_only,,,,,Gn Women,latin,data/jk/2018/Bandipora.pdf,1,Bandipora.pdf
Jammu & Kashmir,2018,Name of District,Name of Block,Ashatngoo,PC-II,Ashtangoo,ward,Woman,NONE,1,reserved_only,,,,,Gn Women,latin,data/jk/2018/Bandipora.pdf,1,Bandipora.pdf
Jammu & Kashmir,2018,Name of District,Name of Block,Ashatngoo,PC-V,Ashtangoo,ward,Woman,NONE,1,reserved_only,,,,,Gn Women,latin,data/jk/2018/Bandipora.pdf,1,Bandipora.pdf
Jammu & Kashmir,2018,Name of District,Name of Block,Ashatngoo Ghat,PC-II,Taweedabad payeen,ward,Woman,NONE,1,reserved_only,,,,,Gn Women,latin,data/jk/2018/Bandipora.pdf,1,Bandipora.pdf
Jammu & Kashmir,2018,Name of District,Name of Block,Ashatngoo Ghat,PC-V,Fofoo Mohalla,ward,Woman,NONE,1,reserved_only,,,,,Gn Women,latin,data/jk/2018/Bandipora.pdf,1,Bandipora.pdf
Jammu & Kashmir,2018,Name of District,Name of Block,Ashatngoo Ghat,PC-V,Haji Mohalla Kilshay Payeen-,ward,ST Other than Woman,ST,0,reserved_only,,,,,ST Reserved,latin,data/jk/2018/Bandipora.pdf,20,Bandipora.pdf
Jammu & Kashmir,2018,Name of District,Name of Block,Ashatngoo Ghat,PC-VI,Bosgay,ward,ST Other than Woman,ST,0,reserved_only,,,,,ST Reserved,latin,data/jk/2018/Bandipora.pdf,20,Bandipora.pdf
Jammu & Kashmir,2018,Name of District,Name of Block,Ashatngoo Ghat,PC-VII,Bosgay-Jarjogee,ward,ST Woman,ST,1,reserved_only,,,,,ST Women,latin,data/jk/2018/Bandipora.pdf,20,Bandipora.pdf
Jammu & Kashmir,2018,Name of District,Name of Block,Ashatngoo Ghat,PC-VIII,Refiji,ward,ST Other than Woman,ST,0,reserved_only,,,,,ST Reserved,latin,data/jk/2018/Bandipora.pdf,20,Bandipora.pdf
Jammu & Kashmir,2018,Name of District,Name of Block,Ashatngoo Ghat,PC-IX,Refiji,ward,ST Other than Woman,ST,0,reserved_only,,,,,ST Reserved,latin,data/jk/2018/Bandipora.pdf,20,Bandipora.pdf
Jammu & Kashmir,2018,Name of District,Name of Block,Zadigay-B,PC-I,Barnie,ward,ST Other than Woman,ST,0,reserved_only,,,,,ST Reserved,latin,data/jk/2018/Bandipora.pdf,20,Bandipora.pdf
Jammu & Kashmir,2018,Name of District,Name of Block,Zadigay-B,PC-II,Barnie,ward,ST Woman,ST,1,reserved_only,,,,,ST Women,latin,data/jk/2018/Bandipora.pdf,20,Bandipora.pdf
Jammu & Kashmir,2018,Name of District,Name of Block,Zadigay-B,PC-III,Barnie,ward,ST Other than Woman,ST,0,reserved_only,,,,,ST Reserved,latin,data/jk/2018/Bandipora.pdf,20,Bandipora.pdf
Jammu & Kashmir,2018,Name of District,Name of Block,Zadigay-B,PC-IV,Barnie,ward,ST Other than Woman,ST,0,reserved_only,,,,,ST Reserved,latin,data/jk/2018/Bandipora.pdf,20,Bandipora.pdf
Jammu & Kashmir,2018,Name of District,Name of Block,Zadigay-B,PC-V,Kashpat,ward,ST Woman,ST,1,reserved_only,,,,,ST Women,latin,data/jk/2018/Bandipora.pdf,20,Bandipora.pdf
Jammu & Kashmir,2018,Name of District,Name of Block,Zadigay-B,PC-VI,Zadigay,ward,ST Other than Woman,ST,0,reserved_only,,,,,ST Reserved,latin,data/jk/2018/Bandipora.pdf,20,Bandipora.pdf
Jammu & Kashmir,2018,Name of District,Name of Block,Zadigay-B,PC-VII,Biloneril,ward,ST Other than Woman,ST,0,reserved_only,,,,,ST Reserved,latin,data/jk/2018/Bandipora.pdf,20,Bandipora.pdf
Jammu & Kashmir,2018,Name of District,Name of Block,,Number & Name of Panch Constituencies,,ward,ST Woman,ST,1,reserved_only,,,,,Panch reservation for SC/ST/Women & ST (Where proportion of ST Polpulation is comperatively Large),latin,data/jk/2018/Baramulla.pdf,1,Baramulla.pdf
Jammu & Kashmir,2018,Name of District,Name of Block,Chandoosa A,PC-II,II-CHANDOOSA A,ward,Woman,NONE,1,reserved_only,,,,,Gn Women,latin,data/jk/2018/Baramulla.pdf,1,Baramulla.pdf
Jammu & Kashmir,2018,Name of District,Name of Block,Chandoosa A,PC-V,V-FAQIR BAGH,ward,Woman,NONE,1,reserved_only,,,,,Gn Women,latin,data/jk/2018/Baramulla.pdf,1,Baramulla.pdf
Jammu & Kashmir,2018,Name of District,Name of Block,Chandoosa A,PC-VIII,VIII-FAQIR BAGH,ward,Woman,NONE,1,reserved_only,,,,,Gn Women,latin,data/jk/2018/Baramulla.pdf,1,Baramulla.pdf
Jammu & Kashmir,2018,Name of District,Name of Block,Chandoosa B,PC-I,I-PATCHAR,ward,ST Other than Woman,ST,0,reserved_only,,,,,ST Reserved,latin,data/jk/2018/Baramulla.pdf,1,Baramulla.pdf
Jammu & Kashmir,2018,Name of District,Name of Block,Chandoosa B,PC-II,II-PATCHAR,ward,ST Woman,ST,1,reserved_only,,,,,ST Women,latin,data/jk/2018/Baramulla.pdf,1,Baramulla.pdf
Jammu & Kashmir,2018,Name of District,Name of Block,Chandoosa B,PC-V,V-GOHAN LARI JUNGLE,ward,Woman,NONE,1,reserved_only,,,,,Gn Women,latin,data/jk/2018/Baramulla.pdf,1,Baramulla.pdf
Jammu & Kashmir,2018,Name of District,Name of Block,Chandoosa B,PC-VIII,VIIII-GOHAN LARI JUNGLE,ward,Woman,NONE,1,reserved_only,,,,,Gn Women,latin,data/jk/2018/Baramulla.pdf,1,Baramulla.pdf
Jammu & Kashmir,2018,Name of District,Name of Block,Delina A,PC-II,Shie Mohalla,ward,Woman,NONE,1,reserved_only,,,,,Gn Women,latin,data/jk/2018/Baramulla.pdf,1,Baramulla.pdf
Jammu & Kashmir,2018,Name of District,Name of Block,Delina A,PC-V,Station Colony,ward,Woman,NONE,1,reserved_only,,,,,Gn Women,latin,data/jk/2018/Baramulla.pdf,1,Baramulla.pdf
Jammu & Kashmir,2018,Name of District,Name of Block,Delina A,PC-VIII,Ratherpora,ward,Woman,NONE,1,reserved_only,,,,,Gn Women,latin,data/jk/2018/Baramulla.pdf,1,Baramulla.pdf
Jammu & Kashmir,2018,Name of District,Name of Block,Delina B,PC-II,Parraypora,ward,Woman,NONE,1,reserved_only,,,,,Gn Women,latin,data/jk/2018/Baramulla.pdf,1,Baramulla.pdf
Jammu & Kashmir,2018,Name of District,Name of Block,Delina B,PC-V,Rawathpora,ward,Woman,NONE,1,reserved_only,,,,,Gn Women,latin,data/jk/2018/Baramulla.pdf,1,Baramulla.pdf
Jammu & Kashmir,2018,Name of District,Name of Block,Delina B,PC-VIII,Rawathpora,ward,Woman,NONE,1,reserved_only,,,,,Gn Women,latin,data/jk/2018/Baramulla.pdf,1,Baramulla.pdf
Jammu & Kashmir,2018,Name of District,Name of Block,Delina B,PC-XI,XI-Rawathpora,ward,Woman,NONE,1,reserved_only,,,,,Gn Women,latin,data/jk/2018/Baramulla.pdf,1,Baramulla.pdf
Jammu & Kashmir,2018,Name of District,Name of Block,Delina C,PC-II,II-Darpora,ward,Woman,NONE,1,reserved_only,,,,,Gn Women,latin,data/jk/2018/Baramulla.pdf,1,Baramulla.pdf
Jammu & Kashmir,2018,Name of District,Name of Block,Delina C,PC-V,V-Batapora,ward,Woman,NONE,1,reserved_only,,,,,Gn Women,latin,data/jk/2018/Baramulla.pdf,1,Baramulla.pdf
Jammu & Kashmir,2018,Name of District,Name of Block,Delina C,PC-VIII,VIII-Kralpora,ward,Woman,NONE,1,reserved_only,,,,,Gn Women,latin,data/jk/2018/Baramulla.pdf,1,Baramulla.pdf
Jammu & Kashmir,2018,Name of District,Name of Block,Delina C,PC-II,II-QAZIPORA,ward,Woman,NONE,1,reserved_only,,,,,Gn Women,latin,data/jk/2018/Baramulla.pdf,1,Baramulla.pdf
Jammu & Kashmir,2018,Name of District,Name of Block,,Number & Name of Panch Constituencies,,ward,ST Woman,ST,1,reserved_only,,,,,Panch reservation for SC/ST/Women & ST (Where proportion of ST Polpulation is comperatively Large),latin,data/jk/2018/Budgam.pdf,1,Budgam.pdf
Jammu & Kashmir,2018,Name of District,Name of Block,B.K.Pora-A,PC-II,B.K. Pora A,ward,Woman,NONE,1,reserved_only,,,,,Gn Women,latin,data/jk/2018/Budgam.pdf,1,Budgam.pdf
Jammu & Kashmir,2018,Name of District,Name of Block,B.K.Pora-A,PC-V,B.K. Pora A,ward,Woman,NONE,1,reserved_only,,,,,Gn Women,latin,data/jk/2018/Budgam.pdf,1,Budgam.pdf
Jammu & Kashmir,2018,Name of District,Name of Block,BD 1-B.K.Pora,PC-II,B.K. Pora,ward,Woman,NONE,1,reserved_only,,,,,Gn Women,latin,data/jk/2018/Budgam.pdf,1,Budgam.pdf
Jammu & Kashmir,2018,Name of District,Name of Block,BD 1-B.K.Pora,PC-V,B.K. Pora,ward,Woman,NONE,1,reserved_only,,,,,Gn Women,latin,data/jk/2018/Budgam.pdf,1,Budgam.pdf
Jammu & Kashmir,2018,Name of District,Name of Block,BD 7-Dhrambugh,PC-II,ii-Dhrambugh,ward,Woman,NONE,1,reserved_only,,,,,Gn Women,latin,data/jk/2018/Budgam.pdf,1,Budgam.pdf
Jammu & Kashmir,2018,Name of District,Name of Block,BD 7-Dhrambugh,PC-V,v-Dhrambugh,ward,Woman,NONE,1,reserved_only,,,,,Gn Women,latin,data/jk/2018/Budgam.pdf,1,Budgam.pdf
Jammu & Kashmir,2018,Name of District,Name of Block,Brarigund,PC-II,Brarigund,ward,Woman,NONE,1,reserved_only,,,,,Gn Women,latin,data/jk/2018/Budgam.pdf,1,Budgam.pdf
Jammu & Kashmir,2018,Name of District,Name of Block,Brarigund,PC-V,Brarigund,ward,Woman,NONE,1,reserved_only,,,,,Gn Women,latin,data/jk/2018/Budgam.pdf,1,Budgam.pdf
Jammu & Kashmir,2018,Name of District,Name of Block,Chattergam-A,PC-II,Chattergam-A,ward,Woman,NONE,1,reserved_only,,,,,Gn Women,latin,data/jk/2018/Budgam.pdf,1,Budgam.pdf
Jammu & Kashmir,2018,Name of District,Name of Block,Chattergam-A,PC-V,Chattergam-A,ward,Woman,NONE,1,reserved_only,,,,,Gn Women,latin,data/jk/2018/Budgam.pdf,1,Budgam.pdf
Jammu & Kashmir,2018,Name of District,Name of Block,Chattergam-A,PC- VIII,Chattergam-A,ward,Woman,NONE,1,reserved_only,,,,,Gn Women,latin,data/jk/2018/Budgam.pdf,1,Budgam.pdf
Jammu & Kashmir,2018,Name of District,Name of Block,Chattergam-A,PC-II,Chattergam-B,ward,Woman,NONE,1,reserved_only,,,,,Gn Women,latin,data/jk/2018/Budgam.pdf,1,Budgam.pdf
Jammu & Kashmir,2018,Name of District,Name of Block,,Number & Name of Panch Constituencies,,ward,ST Woman,ST,1,reserved_only,,,,,Panch reservation for SC/ST/Women & ST (Where proportion of ST Polpulation is comperatively Large),latin,data/jk/2018/Ganderbal (1).pdf,1,Ganderbal (1).pdf
Jammu & Kashmir,2018,Name of District,Name of Block,Arch,PC-II,Mugdam Mohalla,ward,Woman,NONE,1,reserved_only,,,,,Gn Women,latin,data/jk/2018/Ganderbal (1).pdf,1,Ganderbal (1).pdf
Jammu & Kashmir,2018,Name of District,Name of Block,Arch,PC-V,Bobsipora-A,ward,Woman,NONE,1,reserved_only,,,,,Gn Women,latin,data/jk/2018/Ganderbal (1).pdf,1,Ganderbal (1).pdf
Jammu & Kashmir,2018,Name of District,Name of Block,Baba-Daryadin,PC-II,2 BABA DERYADIN B,ward,Woman,NONE,1,reserved_only,,,,,Gn Women,latin,data/jk/2018/Ganderbal (1).pdf,1,Ganderbal (1).pdf
Jammu & Kashmir,2018,Name of District,Name of Block,Baba-Daryadin,PC-V,Dar Mohalla,ward,Woman,NONE,1,reserved_only,,,,,Gn Women,latin,data/jk/2018/Ganderbal (1).pdf,1,Ganderbal (1).pdf
Jammu & Kashmir,2018,Name of District,Name of Block,Bakoora,PC-II,Khan Mohalla,ward,Woman,NONE,1,reserved_only,,,,,Gn Women,latin,data/jk/2018/Ganderbal (1).pdf,1,Ganderbal (1).pdf
Jammu & Kashmir,2018,Name of District,Name of Block,Bakoora,PC-V,Peer Mohalla,ward,Woman,NONE,1,reserved_only,,,,,Gn Women,latin,data/jk/2018/Ganderbal (1).pdf,1,Ganderbal (1).pdf
Jammu & Kashmir,2018,Name of District,Name of Block,Bakoora,PC- VIII,Pati Mohalla,ward,Woman,NONE,1,reserved_only,,,,,Gn Women,latin,data/jk/2018/Ganderbal (1).pdf,1,Ganderbal (1).pdf
Jammu & Kashmir,2018,Name of District,Name of Block,Bakoora,PC-XI,New Colony,ward,Woman,NONE,1,reserved_only,,,,,Gn Women,latin,data/jk/2018/Ganderbal (1).pdf,1,Ganderbal (1).pdf
Jammu & Kashmir,2018,Name of District,Name of Block,Buderkund,PC-II,Buderkund,ward,Woman,NONE,1,reserved_only,,,,,Gn Women,latin,data/jk/2018/Ganderbal (1).pdf,1,Ganderbal (1).pdf
Jammu & Kashmir,2018,Name of District,Name of Block,Buderkund,PC-V,Buderkund,ward,Woman,NONE,1,reserved_only,,,,,Gn Women,latin,data/jk/2018/Ganderbal (1).pdf,1,Ganderbal (1).pdf
Jammu & Kashmir,2018,Name of District,Name of Block,Buderkund,PC- VIII,Bandaybagh B,ward,ST Woman,ST,1,reserved_only,,,,,ST Women,latin,data/jk/2018/Ganderbal (1).pdf,1,Ganderbal (1).pdf
Jammu & Kashmir,2018,Name of District,Name of Block,Buderkund,PC-II,Mugdam Colony,ward,Woman,NONE,1,reserved_only,,,,,Gn Women,latin,data/jk/2018/Ganderbal (1).pdf,1,Ganderbal (1).pdf
Jammu & Kashmir,2018,Name of District,Name of Block,,Number & Name of Panch Constituencies,,ward,ST Woman,ST,1,reserved_only,,,,,Panch reservation for SC/ST/Women & ST (Where proportion of ST Polpulation is comperatively Large),latin,data/jk/2018/Ganderbal.pdf,1,Ganderbal.pdf
Jammu & Kashmir,2018,Name of District,Name of Block,Arch,PC-II,Mugdam Mohalla,ward,Woman,NONE,1,reserved_only,,,,,Gn Women,latin,data/jk/2018/Ganderbal.pdf,1,Ganderbal.pdf
Jammu & Kashmir,2018,Name of District,Name of Block,Arch,PC-V,Bobsipora-A,ward,Woman,NONE,1,reserved_only,,,,,Gn Women,latin,data/jk/2018/Ganderbal.pdf,1,Ganderbal.pdf
Jammu & Kashmir,2018,Name of District,Name of Block,Baba-Daryadin,PC-II,2 BABA DERYADIN B,ward,Woman,NONE,1,reserved_only,,,,,Gn Women,latin,data/jk/2018/Ganderbal.pdf,1,Ganderbal.pdf
Jammu & Kashmir,2018,Name of District,Name of Block,Baba-Daryadin,PC-V,Dar Mohalla,ward,Woman,NONE,1,reserved_only,,,,,Gn Women,latin,data/jk/2018/Ganderbal.pdf,1,Ganderbal.pdf
Jammu & Kashmir,2018,Name of District,Name of Block,Bakoora,PC-II,Khan Mohalla,ward,Woman,NONE,1,reserved_only,,,,,Gn Women,latin,data/jk/2018/Ganderbal.pdf,1,Ganderbal.pdf
Jammu & Kashmir,2018,Name of District,Name of Block,Bakoora,PC-V,Peer Mohalla,ward,Woman,NONE,1,reserved_only,,,,,Gn Women,latin,data/jk/2018/Ganderbal.pdf,1,Ganderbal.pdf
Jammu & Kashmir,2018,Name of District,Name of Block,Bakoora,PC- VIII,Pati Mohalla,ward,Woman,NONE,1,reserved_only,,,,,Gn Women,latin,data/jk/2018/Ganderbal.pdf,1,Ganderbal.pdf
Jammu & Kashmir,2018,Name of District,Name of Block,Bakoora,PC-XI,New Colony,ward,Woman,NONE,1,reserved_only,,,,,Gn Women,latin,data/jk/2018/Ganderbal.pdf,1,Ganderbal.pdf
Jammu & Kashmir,2018,Name of District,Name of Block,Buderkund,PC-II,Buderkund,ward,Woman,NONE,1,reserved_only,,,,,Gn Women,latin,data/jk/2018/Ganderbal.pdf,1,Ganderbal.pdf
Jammu & Kashmir,2018,Name of District,Name of Block,Buderkund,PC-V,Buderkund,ward,Woman,NONE,1,reserved_only,,,,,Gn Women,latin,data/jk/2018/Ganderbal.pdf,1,Ganderbal.pdf
Jammu & Kashmir,2018,Name of District,Name of Block,Buderkund,PC- VIII,Bandaybagh B,ward,ST Woman,ST,1,reserved_only,,,,,ST Women,latin,data/jk/2018/Ganderbal.pdf,1,Ganderbal.pdf
Jammu & Kashmir,2018,Name of District,Name of Block,Buderkund,PC-II,Mugdam Colony,ward,Woman,NONE,1,reserved_only,,,,,Gn Women,latin,data/jk/2018/Ganderbal.pdf,1,Ganderbal.pdf
Jammu & Kashmir,2018,Name of District,Name of Block,,No. & Name of Panch Constituency,,ward,ST Woman,ST,1,reserved_only,,,,,Panch reservation for SC/ST/Women & ST (Where proportion of ST Polpulation is comperatively Large),latin,data/jk/2018/Kargil.pdf,1,Kargil.pdf
Jammu & Kashmir,2018,Name of District,Name of Block,Barsoo,PC-I,(Barsoo/Purkichy)I,ward,ST Other than Woman,ST,0,reserved_only,,,,,ST Reserved,latin,data/jk/2018/Kargil.pdf,1,Kargil.pdf
Jammu & Kashmir,2018,Name of District,Name of Block,Barsoo,PC-II,BARSOO/ PURKICHY II,ward,ST Woman,ST,1,reserved_only,,,,,ST Women,latin,data/jk/2018/Kargil.pdf,1,Kargil.pdf
Jammu & Kashmir,2018,Name of District,Name of Block,Barsoo,PC-III,(Barsoo/Singrong)III,ward,ST Other than Woman,ST,0,reserved_only,,,,,ST Reserved,latin,data/jk/2018/Kargil.pdf,1,Kargil.pdf
Jammu & Kashmir,2018,Name of District,Name of Block,Barsoo,PC-IV,(Barsoo/Lababs)IV,ward,ST Other than Woman,ST,0,reserved_only,,,,,ST Reserved,latin,data/jk/2018/Kargil.pdf,1,Kargil.pdf
Jammu & Kashmir,2018,Name of District,Name of Block,Barsoo,PC-V,(Barsoo/Lababs)V,ward,ST Woman,ST,1,reserved_only,,,,,ST Women,latin,data/jk/2018/Kargil.pdf,1,Kargil.pdf
Jammu & Kashmir,2018,Name of District,Name of Block,Barsoo,PC-VI,(Barsoo/Hamburthick)VI,ward,ST Other than Woman,ST,0,reserved_only,,,,,ST Reserved,latin,data/jk/2018/Kargil.pdf,1,Kargil.pdf
Jammu & Kashmir,2018,Name of District,Name of Block,Barsoo,PC-VII,BARSOO TIAMA VII,ward,ST Other than Woman,ST,0,reserved_only,,,,,ST Reserved,latin,data/jk/2018/Kargil.pdf,1,Kargil.pdf
Jammu & Kashmir,2018,Name of District,Name of Block,Barsoo,PC-VIII,BARSOO PATOO VIII,ward,ST Woman,ST,1,reserved_only,,,,,ST Women,latin,data/jk/2018/Kargil.pdf,1,Kargil.pdf
Jammu & Kashmir,2018,Name of District,Name of Block,Barsoo,PC-IX,(Barsoo/Patoo)IX,ward,ST Other than Woman,ST,0,reserved_only,,,,,ST Reserved,latin,data/jk/2018/Kargil.pdf,1,Kargil.pdf
Jammu & Kashmir,2018,Name of District,Name of Block,Barsoo,PC-X,(Barsoo/Yarchok)X,ward,ST Other than Woman,ST,0,reserved_only,,,,,ST Reserved,latin,data/jk/2018/Kargil.pdf,1,Kargil.pdf
Jammu & Kashmir,2018,Name of District,Name of Block,Barsoo,PC-XI,BARSOO PURKICHEY-XI,ward,ST Woman,ST,1,reserved_only,,,,,ST Women,latin,data/jk/2018/Kargil.pdf,1,Kargil.pdf
Jammu & Kashmir,2018,Name of District,Name of Block,Barsoo,PC-I,(Bartoo/Itchoo) I,ward,ST Other than Woman,ST,0,reserved_only,,,,,ST Reserved,latin,data/jk/2018/Kargil.pdf,1,Kargil.pdf
Jammu & Kashmir,2018,Name of District,Name of Block,Barsoo,PC-II,(Bartoo/Shargandi)II,ward,ST Woman,ST,1,reserved_only,,,,,ST Women,latin,data/jk/2018/Kargil.pdf,1,Kargil.pdf
Jammu & Kashmir,2018,Name of District,Name of Block,Barsoo,PC-III,Bartoo/Shargandi)III,ward,ST Other than Woman,ST,0,reserved_only,,,,,ST Reserved,latin,data/jk/2018/Kargil.pdf,1,Kargil.pdf
Jammu & Kashmir,2018,Name of District,Name of Block,Barsoo,PC-IV,(Bartoo) – IV,ward,ST Other than Woman,ST,0,reserved_only,,,,,ST Reserved,latin,data/jk/2018/Kargil.pdf,1,Kargil.pdf
Jammu & Kashmir,2018,Name of District,Name of Block,Barsoo,PC-V,(Bartoo) – V,ward,ST Woman,ST,1,reserved_only,,,,,ST Women,latin,data/jk/2018/Kargil.pdf,1,Kargil.pdf
Jammu & Kashmir,2018,Name of District,Name of Block,Barsoo,PC-VI,Bartoo/PangbarBroq)VI,ward,ST Other than Woman,ST,0,reserved_only,,,,,ST Reserved,latin,data/jk/2018/Kargil.pdf,1,Kargil.pdf
Jammu & Kashmir,2018,Name of District,Name of Block,Barsoo,PC-VII,(Bartoo/Pangbar)VII,ward,ST Other than Woman,ST,0,reserved_only,,,,,ST Reserved,latin,data/jk/2018/Kargil.pdf,1,Kargil.pdf
Jammu & Kashmir,2018,District Name,Block Name,,No. & Name of Panch Constituency,,ward,ST Woman,ST,1,reserved_only,,,,,Panch reservation for SC/ST/Women & ST (Where proportion of ST Polpulation is comperatively Large),latin,data/jk/2018/Kulgam.pdf,1,Kulgam.pdf
Jammu & Kashmir,2018,District Name,Block Name,Behibagh,PC-II,Behibagh,ward,Woman,NONE,1,reserved_only,,,,,Gn Women,latin,data/jk/2018/Kulgam.pdf,1,Kulgam.pdf
Jammu & Kashmir,2018,District Name,Block Name,Behibagh,PC-V,Behibagh,ward,Woman,NONE,1,reserved_only,,,,,Gn Women,latin,data/jk/2018/Kulgam.pdf,1,Kulgam.pdf
Jammu & Kashmir,2018,District Name,Block Name,Daderkote,PC-II,Daderkote,ward,Woman,NONE,1,reserved_only,,,,,Gn Women,latin,data/jk/2018/Kulgam.pdf,1,Kulgam.pdf
Jammu & Kashmir,2018,District Name,Block Name,Daderkote,PC-V,CH. HANJAN,ward,Woman,NONE,1,reserved_only,,,,,Gn Women,latin,data/jk/2018/Kulgam.pdf,1,Kulgam.pdf
Jammu & Kashmir,2018,District Name,Block Name,Dessand,PC-II,Dessand,ward,Woman,NONE,1,reserved_only,,,,,Gn Women,latin,data/jk/2018/Kulgam.pdf,1,Kulgam.pdf
Jammu & Kashmir,2018,District Name,Block Name,Dessand,PC-V,Hardu Hander,ward,Woman,NONE,1,reserved_only,,,,,Gn Women,latin,data/jk/2018/Kulgam.pdf,1,Kulgam.pdf
Jammu & Kashmir,2018,District Name,Block Name,Hangalbush,PC-II,Hangalbush,ward,Woman,NONE,1,reserved_only,,,,,Gn Women,latin,data/jk/2018/Kulgam.pdf,1,Kulgam.pdf
Jammu & Kashmir,2018,District Name,Block Name,Hangalbush,PC-V,DAR MOHALLA,ward,Woman,NONE,1,reserved_only,,,,,Gn Women,latin,data/jk/2018/Kulgam.pdf,1,Kulgam.pdf
Jammu & Kashmir,2018,District Name,Block Name,HANJAN,PC-II,Sheganpora,ward,Woman,NONE,1,reserved_only,,,,,Gn Women,latin,data/jk/2018/Kulgam.pdf,1,Kulgam.pdf
Jammu & Kashmir,2018,District Name,Block Name,HANJAN,PC-V,Hanjan,ward,Woman,NONE,1,reserved_only,,,,,Gn Women,latin,data/jk/2018/Kulgam.pdf,1,Kulgam.pdf
Jammu & Kashmir,2018,District Name,Block Name,Kanjikulla- Kokergund,PC-II,MALPORA,ward,Woman,NONE,1,reserved_only,,,,,Gn Women,latin,data/jk/2018/Kulgam.pdf,1,Kulgam.pdf
Jammu & Kashmir,2018,District Name,Block Name,Kanjikulla- Kokergund,PC-V,HER MOHALLA,ward,Woman,NONE,1,reserved_only,,,,,Gn Women,latin,data/jk/2018/Kulgam.pdf,1,Kulgam.pdf
Jammu & Kashmir,2018,District Name,Block Name,Katapora,PC-II,Katapora Breyhard,ward,Woman,NONE,1,reserved_only,,,,,Gn Women,latin,data/jk/2018/Kulgam.pdf,1,Kulgam.pdf
Jammu & Kashmir,2018,District Name,Block Name,Katapora,PC-V,Katapora,ward,Woman,NONE,1,reserved_only,,,,,Gn Women,latin,data/jk/2018/Kulgam.pdf,1,Kulgam.pdf
Jammu & Kashmir,2018,District Name,Block Name,Katapora,PC-II,YAMBERZUL MOHALLA - AKIPORA,ward,Woman,NONE,1,reserved_only,,,,,Gn Women,latin,data/jk/2018/Kulgam.pdf,1,Kulgam.pdf
Jammu & Kashmir,2018,Name of District,Name of Block,,Number & Name of Panch Constituency,,ward,ST Woman,ST,1,reserved_only,,,,,Panch reservation for SC/ST/Women & ST (Where proportion of ST Polpulation is comperatively Large),latin,data/jk/2018/Kupwara.pdf,1,Kupwara.pdf
Jammu & Kashmir,2018,Name of District,Drugmulla,Anderhama,PC-II,Anderhama ii,ward,Woman,NONE,1,reserved_only,,,,,Gn Women,latin,data/jk/2018/Kupwara.pdf,1,Kupwara.pdf
Jammu & Kashmir,2018,Name of District,Drugmulla,Anderhama,PC-V,Anderhama v,ward,Woman,NONE,1,reserved_only,,,,,Gn Women,latin,data/jk/2018/Kupwara.pdf,1,Kupwara.pdf
Jammu & Kashmir,2018,Name of District,Drugmulla,Anderhama A,PC-II,Anderhama A-ii,ward,Woman,NONE,1,reserved_only,,,,,Gn Women,latin,data/jk/2018/Kupwara.pdf,1,Kupwara.pdf
Jammu & Kashmir,2018,Name of District,Drugmulla,Anderhama A,PC-V,Anderhama A-v,ward,Woman,NONE,1,reserved_only,,,,,Gn Women,latin,data/jk/2018/Kupwara.pdf,1,Kupwara.pdf
Jammu & Kashmir,2018,Name of District,Drugmulla,ARAMPORA,PC-II,ARAMPORA,ward,Woman,NONE,1,reserved_only,,,,,Gn Women,latin,data/jk/2018/Kupwara.pdf,1,Kupwara.pdf
Jammu & Kashmir,2018,Name of District,Drugmulla,ARAMPORA,PC-V,ARAMPORA,ward,Woman,NONE,1,reserved_only,,,,,Gn Women,latin,data/jk/2018/Kupwara.pdf,1,Kupwara.pdf
Jammu & Kashmir,2018,Name of District,Drugmulla,BRAMRI A,PC-II,BRAMRI A,ward,Woman,NONE,1,reserved_only,,,,,Gn Women,latin,data/jk/2018/Kupwara.pdf,1,Kupwara.pdf
Jammu & Kashmir,2018,Name of District,Drugmulla,BRAMRI A,PC-V,BRAMRI A,ward,Woman,NONE,1,reserved_only,,,,,Gn Women,latin,data/jk/2018/Kupwara.pdf,1,Kupwara.pdf
Jammu & Kashmir,2018,Name of District,Drugmulla,BRAMRI B,PC-II,BRAMRI B,ward,Woman,NONE,1,reserved_only,,,,,Gn Women,latin,data/jk/2018/Kupwara.pdf,1,Kupwara.pdf
Jammu & Kashmir,2018,Name of District,Drugmulla,BRAMRI B,PC-V,BRAMRI B,ward,Woman,NONE,1,reserved_only,,,,,Gn Women,latin,data/jk/2018/Kupwara.pdf,1,Kupwara.pdf
Jammu & Kashmir,2018,Name of District,Drugmulla,BUMHAMA,PC-II,BUMHAMA,ward,Woman,NONE,1,reserved_only,,,,,Gn Women,latin,data/jk/2018/Kupwara.pdf,1,Kupwara.pdf
Jammu & Kashmir,2018,Name of District,Drugmulla,BUMHAMA,PC-V,BUMHAMA,ward,Woman,NONE,1,reserved_only,,,,,Gn Women,latin,data/jk/2018/Kupwara.pdf,1,Kupwara.pdf
Jammu & Kashmir,2018,Name of District,Drugmulla,BUMHAMA,PC-VIII,BUMHAMA,ward,Woman,NONE,1,reserved_only,,,,,Gn Women,latin,data/jk/2018/Kupwara.pdf,1,Kupwara.pdf
Jammu & Kashmir,2018,Name of District,Drugmulla,BUMHAMA,PC-XI,BUMHAMA,ward,Woman,NONE,1,reserved_only,,,,,Gn Women,latin,data/jk/2018/Kupwara.pdf,1,Kupwara.pdf
Jammu & Kashmir,2018,Name of District,Drugmulla,DRUGMULLA A,PC-I,DRUGMULLA A,ward,ST Other than Woman,ST,0,reserved_only,,,,,ST Reserved,latin,data/jk/2018/Kupwara.pdf,1,Kupwara.pdf
Jammu & Kashmir,2018,Name of District,Drugmulla,DRUGMULLA A,PC-II,DRUGMULLA A,ward,ST Woman,ST,1,reserved_only,,,,,ST Women,latin,data/jk/2018/Kupwara.pdf,1,Kupwara.pdf
Jammu & Kashmir,2018,Name of District,Drugmulla,DRUGMULLA A,PC-V,DRUGMULLA A,ward,Woman,NONE,1,reserved_only,,,,,Gn Women,latin,data/jk/2018/Kupwara.pdf,1,Kupwara.pdf
Jammu & Kashmir,2018,Name of District,Drugmulla,DRUGMULLA A,PC-VIII,DRUGMULLA A,ward,Woman,NONE,1,reserved_only,,,,,Gn Women,latin,data/jk/2018/Kupwara.pdf,1,Kupwara.pdf
Jammu & Kashmir,2018,Name of District,Drugmulla,DRUGMULLA B,PC-II,DRUGMULLA B,ward,Woman,NONE,1,reserved_only,,,,,Gn Women,latin,data/jk/2018/Kupwara.pdf,1,Kupwara.pdf
Jammu & Kashmir,2018,Name of District,Drugmulla,DRUGMULLA B,PC-V,DRUGMULLA B,ward,Woman,NONE,1,reserved_only,,,,,Gn Women,latin,data/jk/2018/Kupwara.pdf,1,Kupwara.pdf
Jammu & Kashmir,2018,Name of District,Drugmulla,DRUGMULLA B,PC-VIII,DRUGMULLA B,ward,Woman,NONE,1,reserved_only,,,,,Gn Women,latin,data/jk/2018/Kupwara.pdf,1,Kupwara.pdf
Jammu & Kashmir,2018,Name of District,Drugmulla,Drugmulla C,PC-II,Drugmulla C ii,ward,Woman,NONE,1,reserved_only,,,,,Gn Women,latin,data/jk/2018/Kupwara.pdf,1,Kupwara.pdf
Jammu & Kashmir,2018,Name of District,Drugmulla,Drugmulla C,PC-V,Drugmulla C v,ward,Woman,NONE,1,reserved_only,,,,,Gn Women,latin,data/jk/2018/Kupwara.pdf,1,Kupwara.pdf
Jammu & Kashmir,2018,Name of District,Drugmulla,Drugmulla C,PC-VIII,Drugmulla C viii,ward,Woman,NONE,1,reserved_only,,,,,Gn Women,latin,data/jk/2018/Kupwara.pdf,1,Kupwara.pdf
Jammu & Kashmir,2018,Name of District,Drugmulla,Drugmulla D,PC-II,Drugmulla D-ii,ward,Woman,NONE,1,reserved_only,,,,,Gn Women,latin,data/jk/2018/Kupwara.pdf,1,Kupwara.pdf
Jammu & Kashmir,2018,Name of District,Drugmulla,Drugmulla D,PC-V,Drugmulla D-v,ward,Woman,NONE,1,reserved_only,,,,,Gn Women,latin,data/jk/2018/Kupwara.pdf,1,Kupwara.pdf
Jammu & Kashmir,2018,Name of District,Drugmulla,Drugmulla D,PC-VIII,Drugmulla D-viii,ward,Woman,NONE,1,reserved_only,,,,,Gn Women,latin,data/jk/2018/Kupwara.pdf,1,Kupwara.pdf
Jammu & Kashmir,2018,Name of District,Drugmulla,Muqam Shah Wali,PC-II,Muqam Shahwali,ward,Woman,NONE,1,reserved_only,,,,,Gn Women,latin,data/jk/2018/Kupwara.pdf,1,Kupwara.pdf
Jammu & Kashmir,2018,Name of District,Drugmulla,Muqam Shah Wali,PC-V,Muqam Shahwali,ward,Woman,NONE,1,reserved_only,,,,,Gn Women,latin,data/jk/2018/Kupwara.pdf,1,Kupwara.pdf
Jammu & Kashmir,2018,Name of District,Drugmulla,Muqam Shahwali -A,PC-II,Muqam Shahwali A,ward,Woman,NONE,1,reserved_only,,,,,Gn Women,latin,data/jk/2018/Kupwara.pdf,1,Kupwara.pdf
Jammu & Kashmir,2018,Name of District,Drugmulla,Muqam Shahwali -A,PC-V,Muqam Shahwali A,ward,Woman,NONE,1,reserved_only,,,,,Gn Women,latin,data/jk/2018/Kupwara.pdf,1,Kupwara.pdf
Jammu & Kashmir,2018,Name of District,Drugmulla,Redbugh A,PC-II,2 Rudbugh A,ward,Woman,NONE,1,reserved_only,,,,,Gn Women,latin,data/jk/2018/Kupwara.pdf,1,Kupwara.pdf
Jammu & Kashmir,2018,Name of District,Drugmulla,Redbugh A,PC-V,5 Rudbugh A,ward,Woman,NONE,1,reserved_only,,,,,Gn Women,latin,data/jk/2018/Kupwara.pdf,1,Kupwara.pdf
Jammu & Kashmir,2018,Name of District,Drugmulla,Redbugh A,PC-VIII,8 Rudbugh A,ward,Woman,NONE,1,reserved_only,,,,,Gn Women,latin,data/jk/2018/Kupwara.pdf,1,Kupwara.pdf
Jammu & Kashmir,2018,Name of District,Drugmulla,Redbugh B,PC-II,2 Rudbugh B,ward,Woman,NONE,1,reserved_only,,,,,Gn Women,latin,data/jk/2018/Kupwara.pdf,1,Kupwara.pdf
Jammu & Kashmir,2018,Name of District,Drugmulla,Redbugh B,PC-V,5 Rudbugh B,ward,Woman,NONE,1,reserved_only,,,,,Gn Women,latin,data/jk/2018/Kupwara.pdf,1,Kupwara.pdf
Jammu & Kashmir,2018,Name of District,Drugmulla,Redbugh B,PC-VIII,8 Rudbugh B,ward,Woman,NONE,1,reserved_only,,,,,Gn Women,latin,data/jk/2018/Kupwara.pdf,1,Kupwara.pdf
Jammu & Kashmir,2018,Name of District,Drugmulla,Baderhar,PC-II,BADERHAR,ward,Woman,NONE,1,reserved_only,,,,,Gn Women,latin,data/jk/2018/Kupwara.pdf,1,Kupwara.pdf
Jammu & Kashmir,2018,Name of District,Drugmulla,Baderhar,PC-V,BADERHAR,ward,Woman,NONE,1,reserved_only,,,,,Gn Women,latin,data/jk/2018/Kupwara.pdf,1,Kupwara.pdf
Jammu & Kashmir,2018,Name of District,Drugmulla,Baderhar,PC-VI,BADERHAR,ward,ST Other than Woman,ST,0,reserved_only,,,,,ST Reserved,latin,data/jk/2018/Kupwara.pdf,1,Kupwara.pdf
Jammu & Kashmir,2018,Name of District,Drugmulla,Baderhar,PC-VII,BADERHAR,ward,ST Other than Woman,ST,0,reserved_only,,,,,ST Reserved,latin,data/jk/2018/Kupwara.pdf,1,Kupwara.pdf
Jammu & Kashmir,2018,Name of District,Drugmulla,Baderhar,PC-VIII,BADERHAR,ward,Woman,NONE,1,reserved_only,,,,,Gn Women,latin,data/jk/2018/Kupwara.pdf,1,Kupwara.pdf
Jammu & Kashmir,2018,Name of District,Drugmulla,Baderhar,PC-IX,Nagranar,ward,ST Other than Woman,ST,0,reserved_only,,,,,ST Reserved,latin,data/jk/2018/Kupwara.pdf,1,Kupwara.pdf
Jammu & Kashmir,2018,Name of District,Drugmulla,Baderkali,PC-II,BADERKALI,ward,Woman,NONE,1,reserved_only,,,,,Gn Women,latin,data/jk/2018/Kupwara.pdf,1,Kupwara.pdf
Jammu & Kashmir,2018,Name of District,Drugmulla,Baderkali,PC-V,BADERKALI,ward,ST Woman,ST,1,reserved_only,,,,,ST Women,latin,data/jk/2018/Kupwara.pdf,1,Kupwara.pdf
Jammu & Kashmir,2018,Name of District,Drugmulla,Batkoot,PC-II,BADKOTE,ward,Woman,NONE,1,reserved_only,,,,,Gn Women,latin,data/jk/2018/Kupwara.pdf,1,Kupwara.pdf
Jammu & Kashmir,2018,Name of District,Drugmulla,Batkoot,PC-V,BADKOTE,ward,Woman,NONE,1,reserved_only,,,,,Gn Women,latin,data/jk/2018/Kupwara.pdf,1,Kupwara.pdf
Jammu & Kashmir,2018,Name of District,Drugmulla,Batkoot,PC-II,Chogal,ward,Woman,NONE,1,reserved_only,,,,,Gn Women,latin,data/jk/2018/Kupwara.pdf,1,Kupwara.pdf
Jammu & Kashmir,2018,Name of District,Drugmulla,Batkoot,PC-V,Chogal,ward,Woman,NONE,1,reserved_only,,,,,Gn Women,latin,data/jk/2018/Kupwara.pdf,1,Kupwara.pdf
Jammu & Kashmir,2018,Name of District,Drugmulla,Batkoot,PC-VIII,Chogal,ward,Woman,NONE,1,reserved_only,,,,,Gn Women,latin,data/jk/2018/Kupwara.pdf,1,Kupwara.pdf
Jammu & Kashmir,2018,Name of District,Name of Block,Batkoot,Number & Name of Panch Constituency,,ward,ST Woman,ST,1,reserved_only,,,,,Panch reservation for SC/ST/Women & ST (Where proportion of ST Polpulation is comperatively Large),latin,data/jk/2018/Kupwara.pdf,2,Kupwara.pdf
Jammu & Kashmir,2018,Name of District,Name of Block,Batkoot,PC-XI,Chogal,ward,Woman,NONE,1,reserved_only,,,,,Gn Women,latin,data/jk/2018/Kupwara.pdf,2,Kupwara.pdf
Jammu & Kashmir,2018,Name of District,Name of Block,Dudipora,PC-II,Dudipora-ii,ward,Woman,NONE,1,reserved_only,,,,,Gn Women,latin,data/jk/2018/Kupwara.pdf,2,Kupwara.pdf
Jammu & Kashmir,2018,Name of District,Name of Block,Dudipora,PC-V,Dudipora-v,ward,Woman,NONE,1,reserved_only,,,,,Gn Women,latin,data/jk/2018/Kupwara.pdf,2,Kupwara.pdf
Jammu & Kashmir,2018,Name of District,Name of Block,Gonipora,PC-II,Gonipora,ward,Woman,NONE,1,reserved_only,,,,,Gn Women,latin,data/jk/2018/Kupwara.pdf,2,Kupwara.pdf
Jammu & Kashmir,2018,Name of District,Name of Block,Gonipora,PC-V,Gonipora,ward,Woman,NONE,1,reserved_only,,,,,Gn Women,latin,data/jk/2018/Kupwara.pdf,2,Kupwara.pdf
Jammu & Kashmir,2018,Name of District,Name of Block,KP- 14 Bakhiakar,PC-II,Bakhiakar,ward,Woman,NONE,1,reserved_only,,,,,Gn Women,latin,data/jk/2018/Kupwara.pdf,2,Kupwara.pdf
Jammu & Kashmir,2018,Name of District,Name of Block,KP- 14 Bakhiakar,PC-V,Bakhiakar,ward,Woman,NONE,1,reserved_only,,,,,Gn Women,latin,data/jk/2018/Kupwara.pdf,2,Kupwara.pdf
Jammu & Kashmir,2018,Name of District,Name of Block,KP- 14 Bakhiakar,PC-VIII,Bakhiakar,ward,Woman,NONE,1,reserved_only,,,,,Gn Women,latin,data/jk/2018/Kupwara.pdf,2,Kupwara.pdf
Jammu & Kashmir,2018,Name of District,Name of Block,Kulangam A,PC-II,KULANGAM A,ward,Woman,NONE,1,reserved_only,,,,,Gn Women,latin,data/jk/2018/Kupwara.pdf,2,Kupwara.pdf
Jammu & Kashmir,2018,Name of District,Name of Block,Kulangam A,PC-V,KULANGAM A,ward,Woman,NONE,1,reserved_only,,,,,Gn Women,latin,data/jk/2018/Kupwara.pdf,2,Kupwara.pdf
Jammu & Kashmir,2018,Name of District,Name of Block,Kulangam B,PC-II,KULANGAM B,ward,Woman,NONE,1,reserved_only,,,,,Gn Women,latin,data/jk/2018/Kupwara.pdf,2,Kupwara.pdf
Jammu & Kashmir,2018,Name of District,Name of Block,Kulangam B,PC-V,KULANGAM B,ward,Woman,NONE,1,reserved_only,,,,,Gn Women,latin,data/jk/2018/Kupwara.pdf,2,Kupwara.pdf
Jammu & Kashmir,2018,Name of District,Name of Block,Machipora,PC-II,Machipora,ward,Woman,NONE,1,reserved_only,,,,,Gn Women,latin,data/jk/2018/Kupwara.pdf,2,Kupwara.pdf
Jammu & Kashmir,2018,Name of District,Name of Block,Machipora,PC-V,Machipora,ward,Woman,NONE,1,reserved_only,,,,,Gn Women,latin,data/jk/2018/Kupwara.pdf,2,Kupwara.pdf
Jammu & Kashmir,2018,Name of District,Name of Block,Maidan Chogal I,PC-II,Maidan Chogal,ward,Woman,NONE,1,reserved_only,,,,,Gn Women,latin,data/jk/2018/Kupwara.pdf,2,Kupwara.pdf
Jammu & Kashmir,2018,Name of District,Name of Block,Maidan Chogal I,PC-V,Maidan Chogal,ward,Woman,NONE,1,reserved_only,,,,,Gn Women,latin,data/jk/2018/Kupwara.pdf,2,Kupwara.pdf
Jammu & Kashmir,2018,Name of District,Name of Block,Maidan Chogal II,PC-II,Maidan Chogal,ward,Woman,NONE,1,reserved_only,,,,,Gn Women,latin,data/jk/2018/Kupwara.pdf,2,Kupwara.pdf
Jammu & Kashmir,2018,Name of District,Name of Block,Maidan Chogal II,PC-V,Maidan Chogal,ward,Woman,NONE,1,reserved_only,,,,,Gn Women,latin,data/jk/2018/Kupwara.pdf,2,Kupwara.pdf
Jammu & Kashmir,2018,Name of District,Name of Block,Maidan Chogal II,PC-VIII,Maidan Chogal,ward,Woman,NONE,1,reserved_only,,,,,Gn Women,latin,data/jk/2018/Kupwara.pdf,2,Kupwara.pdf
Jammu & Kashmir,2018,Name of District,Name of Block,Maidan Chogal II,PC-XI,Maidan Chogal,ward,Woman,NONE,1,reserved_only,,,,,Gn Women,latin,data/jk/2018/Kupwara.pdf,2,Kupwara.pdf
Jammu & Kashmir,2018,Name of District,Name of Block,Shahlal,PC-II,SHAHLAL,ward,Woman,NONE,1,reserved_only,,,,,Gn Women,latin,data/jk/2018/Kupwara.pdf,2,Kupwara.pdf
Jammu & Kashmir,2018,Name of District,Name of Block,Shahlal,PC-V,SHAHLAL,ward,Woman,NONE,1,reserved_only,,,,,Gn Women,latin,data/jk/2018/Kupwara.pdf,2,Kupwara.pdf
Jammu & Kashmir,2018,Name of District,Name of Block,Wadipora A,PC-II,WADIPORA A,ward,Woman,NONE,1,reserved_only,,,,,Gn Women,latin,data/jk/2018/Kupwara.pdf,2,Kupwara.pdf
Jammu & Kashmir,2018,Name of District,Name of Block,Wadipora A,PC-V,WADIPORA A,ward,Woman,NONE,1,reserved_only,,,,,Gn Women,latin,data/jk/2018/Kupwara.pdf,2,Kupwara.pdf
Jammu & Kashmir,2018,Name of District,Name of Block,Wadipora A,PC-VIII,WADIPORA A,ward,Woman,NONE,1,reserved_only,,,,,Gn Women,latin,data/jk/2018/Kupwara.pdf,2,Kupwara.pdf
Jammu & Kashmir,2018,Name of District,Name of Block,Wadipora B,PC-II,WADIPORA B,ward,Woman,NONE,1,reserved_only,,,,,Gn Women,latin,data/jk/2018/Kupwara.pdf,2,Kupwara.pdf
Jammu & Kashmir,2018,Name of District,Name of Block,Wadipora B,PC-V,WADIPORA B,ward,Woman,NONE,1,reserved_only,,,,,Gn Women,latin,data/jk/2018/Kupwara.pdf,2,Kupwara.pdf
Jammu & Kashmir,2018,Name of District,Name of Block,Babapora,PC-II,BABAPORA,ward,Woman,NONE,1,reserved_only,,,,,Gn Women,latin,data/jk/2018/Kupwara.pdf,2,Kupwara.pdf
Jammu & Kashmir,2018,Name of District,Name of Block,Babapora,PC-V,BABAPORA,ward,Woman,NONE,1,reserved_only,,,,,Gn Women,latin,data/jk/2018/Kupwara.pdf,2,Kupwara.pdf
Jammu & Kashmir,2018,Name of District,Name of Block,Batpora A,PC-II,Batpora A,ward,Woman,NONE,1,reserved_only,,,,,Gn Women,latin,data/jk/2018/Kupwara.pdf,2,Kupwara.pdf
Jammu & Kashmir,2018,Name of District,Name of Block,Batpora A,PC-V,Batpora A,ward,Woman,NONE,1,reserved_only,,,,,Gn Women,latin,data/jk/2018/Kupwara.pdf,2,Kupwara.pdf
Jammu & Kashmir,2018,Name of District,Name of Block,BATPORA B,PC-II,BATAPORA B,ward,Woman,NONE,1,reserved_only,,,,,Gn Women,latin,data/jk/2018/Kupwara.pdf,2,Kupwara.pdf
Jammu & Kashmir,2018,Name of District,Name of Block,BATPORA B,PC-IV,BATAPORA B,ward,ST Other than Woman,ST,0,reserved_only,,,,,ST Reserved,latin,data/jk/2018/Kupwara.pdf,2,Kupwara.pdf
Jammu & Kashmir,2018,Name of District,Name of Block,BATPORA B,PC-V,BATAPORA B,ward,ST Woman,ST,1,reserved_only,,,,,ST Women,latin,data/jk/2018/Kupwara.pdf,2,Kupwara.pdf
Jammu & Kashmir,2018,Name of District,Name of Block,BATPORA B,PC-VI,BATAPORA B,ward,ST Other than Woman,ST,0,reserved_only,,,,,ST Reserved,latin,data/jk/2018/Kupwara.pdf,2,Kupwara.pdf
Jammu & Kashmir,2018,Name of District,Name of Block,BATPORA B,PC-VIII,BATAPORA B,ward,Woman,NONE,1,reserved_only,,,,,Gn Women,latin,data/jk/2018/Kupwara.pdf,2,Kupwara.pdf
Jammu & Kashmir,2018,Name of District,Name of Block,BATPORA B,PC-IX,BATAPORA B,ward,ST Other than Woman,ST,0,reserved_only,,,,,ST Reserved,latin,data/jk/2018/Kupwara.pdf,2,Kupwara.pdf
Jammu & Kashmir,2018,Name of District,Name of Block,Batpora C,PC-II,BATPORA C,ward,Woman,NONE,1,reserved_only,,,,,Gn Women,latin,data/jk/2018/Kupwara.pdf,2,Kupwara.pdf
Jammu & Kashmir,2018,Name of District,Name of Block,Batpora C,PC-III,BATPORA C,ward,ST Other than Woman,ST,0,reserved_only,,,,,ST Reserved,latin,data/jk/2018/Kupwara.pdf,2,Kupwara.pdf
Jammu & Kashmir,2018,Name of District,Name of Block,Batpora C,PC-V,BATPORA C,ward,Woman,NONE,1,reserved_only,,,,,Gn Women,latin,data/jk/2018/Kupwara.pdf,2,Kupwara.pdf
Jammu & Kashmir,2018,Name of District,Name of Block,Batpora C,PC-VIII,BATPORA C,ward,Woman,NONE,1,reserved_only,,,,,Gn Women,latin,data/jk/2018/Kupwara.pdf,2,Kupwara.pdf
Jammu & Kashmir,2018,Name of District,Name of Block,Batpora D,PC-II,BATPORA D,ward,Woman,NONE,1,reserved_only,,,,,Gn Women,latin,data/jk/2018/Kupwara.pdf,2,Kupwara.pdf
Jammu & Kashmir,2018,Name of District,Name of Block,Batpora D,PC-V,BATPORA D,ward,Woman,NONE,1,reserved_only,,,,,Gn Women,latin,data/jk/2018/Kupwara.pdf,2,Kupwara.pdf
Jammu & Kashmir,2018,Name of District,Name of Block,Chalgund,PC-II,Chalgund-ii,ward,Woman,NONE,1,reserved_only,,,,,Gn Women,latin,data/jk/2018/Kupwara.pdf,2,Kupwara.pdf
Jammu & Kashmir,2018,Name of District,Name of Block,Chalgund,PC-V,Chalgund-v,ward,Woman,NONE,1,reserved_only,,,,,Gn Women,latin,data/jk/2018/Kupwara.pdf,2,Kupwara.pdf
Jammu & Kashmir,2018,Name of District,Name of Block,Gonipora,PC-II,Gonipora,ward,Woman,NONE,1,reserved_only,,,,,Gn Women,latin,data/jk/2018/Kupwara.pdf,2,Kupwara.pdf
Jammu & Kashmir,2018,Name of District,Name of Block,Gonipora,PC-V,Gonipora,ward,Woman,NONE,1,reserved_only,,,,,Gn Women,latin,data/jk/2018/Kupwara.pdf,2,Kupwara.pdf
Jammu & Kashmir,2018,Name of District,Name of Block,Gonipora,PC-VIII,Gonipora,ward,Woman,NONE,1,reserved_only,,,,,Gn Women,latin,data/jk/2018/Kupwara.pdf,2,Kupwara.pdf
Jammu & Kashmir,2018,Name of District,Name of Block,Gundsona,PC-II,Gundsona ii,ward,Woman,NONE,1,reserved_only,,,,,Gn Women,latin,data/jk/2018/Kupwara.pdf,2,Kupwara.pdf
Jammu & Kashmir,2018,Name of District,Name of Block,Gundsona,PC-V,Gundsona v,ward,Woman,NONE,1,reserved_only,,,,,Gn Women,latin,data/jk/2018/Kupwara.pdf,2,Kupwara.pdf
Jammu & Kashmir,2018,Name of District,Name of Block,Gundsona,PC-II,GUTLIPORA,ward,Woman,NONE,1,reserved_only,,,,,Gn Women,latin,data/jk/2018/Kupwara.pdf,2,Kupwara.pdf
Jammu & Kashmir,2018,Name of District,Name of Block,Gundsona,PC-V,GUTLIPORA,ward,Woman,NONE,1,reserved_only,,,,,Gn Women,latin,data/jk/2018/Kupwara.pdf,2,Kupwara.pdf
Jammu & Kashmir,2018,Name of District,Name of Block,Gundsona,Number & Name of Panch Constituency,,ward,ST Woman,ST,1,reserved_only,,,,,Panch reservation for SC/ST/Women & ST (Where proportion of ST Polpulation is comperatively Large),latin,data/jk/2018/Kupwara.pdf,3,Kupwara.pdf
Jammu & Kashmir,2018,Name of District,Name of Block,Humandar,PC-I,HUMANDER,ward,ST Other than Woman,ST,0,reserved_only,,,,,ST Reserved,latin,data/jk/2018/Kupwara.pdf,3,Kupwara.pdf
Jammu & Kashmir,2018,Name of District,Name of Block,Humandar,PC-II,HUMANDER,ward,ST Woman,ST,1,reserved_only,,,,,ST Women,latin,data/jk/2018/Kupwara.pdf,3,Kupwara.pdf
Jammu & Kashmir,2018,Name of District,Name of Block,Humandar,PC-III,HUMANDER,ward,ST Other than Woman,ST,0,reserved_only,,,,,ST Reserved,latin,data/jk/2018/Kupwara.pdf,3,Kupwara.pdf
Jammu & Kashmir,2018,Name of District,Name of Block,Humandar,PC-V,HUMANDER,ward,Woman,NONE,1,reserved_only,,,,,Gn Women,latin,data/jk/2018/Kupwara.pdf,3,Kupwara.pdf
Jammu & Kashmir,2018,Name of District,Name of Block,Jugtiyal,PC-I,JUGTIYAL,ward,ST Other than Woman,ST,0,reserved_only,,,,,ST Reserved,latin,data/jk/2018/Kupwara.pdf,3,Kupwara.pdf
Jammu & Kashmir,2018,Name of District,Name of Block,Jugtiyal,PC-II,JUGTIYAL,ward,Woman,NONE,1,reserved_only,,,,,Gn Women,latin,data/jk/2018/Kupwara.pdf,3,Kupwara.pdf
Jammu & Kashmir,2018,Name of District,Name of Block,Jugtiyal,PC-V,JUGTIYAL,ward,Woman,NONE,1,reserved_only,,,,,Gn Women,latin,data/jk/2018/Kupwara.pdf,3,Kupwara.pdf
Jammu & Kashmir,2018,Name of District,Name of Block,Kashira,PC-I,Kp-42 Kashira -1,ward,ST Other than Woman,ST,0,reserved_only,,,,,ST Reserved,latin,data/jk/2018/Kupwara.pdf,3,Kupwara.pdf
Jammu & Kashmir,2018,Name of District,Name of Block,Kashira,PC-II,Kp -42 Kashira -2,ward,ST Woman,ST,1,reserved_only,,,,,ST Women,latin,data/jk/2018/Kupwara.pdf,3,Kupwara.pdf
Jammu & Kashmir,2018,Name of District,Name of Block,Kashira,PC-III,Kp -42 Kashira -3,ward,ST Other than Woman,ST,0,reserved_only,,,,,ST Reserved,latin,data/jk/2018/Kupwara.pdf,3,Kupwara.pdf
Jammu & Kashmir,2018,Name of District,Name of Block,Kashira,PC-IV,Kp -42 Kashira -4,ward,ST Other than Woman,ST,0,reserved_only,,,,,ST Reserved,latin,data/jk/2018/Kupwara.pdf,3,Kupwara.pdf
Jammu & Kashmir,2018,Name of District,Name of Block,Kashira,PC-V,Kp -42 Kashira -5,ward,ST Woman,ST,1,reserved_only,,,,,ST Women,latin,data/jk/2018/Kupwara.pdf,3,Kupwara.pdf
Jammu & Kashmir,2018,Name of District,Name of Block,Kashira,PC-VII,Kp -42 Kashira -7,ward,ST Other than Woman,ST,0,reserved_only,,,,,ST Reserved,latin,data/jk/2018/Kupwara.pdf,3,Kupwara.pdf
Jammu & Kashmir,2018,Name of District,Name of Block,KP-42 ZANGLI,PC-I,KP-42 ZANGLI 1,ward,ST Other than Woman,ST,0,reserved_only,,,,,ST Reserved,latin,data/jk/2018/Kupwara.pdf,3,Kupwara.pdf
Jammu & Kashmir,2018,Name of District,Name of Block,KP-42 ZANGLI,PC-II,KP-42 ZANGLI 2,ward,ST Woman,ST,1,reserved_only,,,,,ST Women,latin,data/jk/2018/Kupwara.pdf,3,Kupwara.pdf
Jammu & Kashmir,2018,Name of District,Name of Block,KP-42 ZANGLI,PC-III,KP-42 ZANGLI 3,ward,ST Other than Woman,ST,0,reserved_only,,,,,ST Reserved,latin,data/jk/2018/Kupwara.pdf,3,Kupwara.pdf
Jammu & Kashmir,2018,Name of District,Name of Block,KP-42 ZANGLI,PC-IV,KP-42 ZANGLI 4,ward,ST Other than Woman,ST,0,reserved_only,,,,,ST Reserved,latin,data/jk/2018/Kupwara.pdf,3,Kupwara.pdf
Jammu & Kashmir,2018,Name of District,Name of Block,KP-42 ZANGLI,PC-V,KP-42 ZANGLI 5,ward,ST Woman,ST,1,reserved_only,,,,,ST Women,latin,data/jk/2018/Kupwara.pdf,3,Kupwara.pdf
Jammu & Kashmir,2018,Name of District,Name of Block,KP-42 ZANGLI,PC-VI,KP-42 ZANGLI 6,ward,ST Other than Woman,ST,0,reserved_only,,,,,ST Reserved,latin,data/jk/2018/Kupwara.pdf,3,Kupwara.pdf
Jammu & Kashmir,2018,Name of District,Name of Block,KP-42 ZANGLI,PC-VII,KP-42 ZANGLI 7,ward,ST Other than Woman,ST,0,reserved_only,,,,,ST Reserved,latin,data/jk/2018/Kupwara.pdf,3,Kupwara.pdf
Jammu & Kashmir,2018,Name of District,Name of Block,MANIGAH A,PC-II,MANIGAH A,ward,Woman,NONE,1,reserved_only,,,,,Gn Women,latin,data/jk/2018/Kupwara.pdf,3,Kupwara.pdf
Jammu & Kashmir,2018,Name of District,Name of Block,MANIGAH A,PC-V,MANIGAH A,ward,Woman,NONE,1,reserved_only,,,,,Gn Women,latin,data/jk/2018/Kupwara.pdf,3,Kupwara.pdf
Jammu & Kashmir,2018,Name of District,Name of Block,MANIGAH A,PC-VIII,MANIGAH A,ward,Woman,NONE,1,reserved_only,,,,,Gn Women,latin,data/jk/2018/Kupwara.pdf,3,Kupwara.pdf
Jammu & Kashmir,2018,Name of District,Name of Block,MANIGAH B,PC-II,MANGAH B,ward,Woman,NONE,1,reserved_only,,,,,Gn Women,latin,data/jk/2018/Kupwara.pdf,3,Kupwara.pdf
Jammu & Kashmir,2018,Name of District,Name of Block,MANIGAH B,PC-V,MANGAH B,ward,Woman,NONE,1,reserved_only,,,,,Gn Women,latin,data/jk/2018/Kupwara.pdf,3,Kupwara.pdf
Jammu & Kashmir,2018,Name of District,Name of Block,MANIGAH B,PC-VIII,MANGAH B,ward,Woman,NONE,1,reserved_only,,,,,Gn Women,latin,data/jk/2018/Kupwara.pdf,3,Kupwara.pdf
Jammu & Kashmir,2018,Name of District,Name of Block,MANIGAH B,PC-XI,MANGAH B,ward,Woman,NONE,1,reserved_only,,,,,Gn Women,latin,data/jk/2018/Kupwara.pdf,3,Kupwara.pdf
Jammu & Kashmir,2018,Name of District,Name of Block,MANIGAH C,PC-I,MANIGAH C,ward,ST Other than Woman,ST,0,reserved_only,,,,,ST Reserved,latin,data/jk/2018/Kupwara.pdf,3,Kupwara.pdf
Jammu & Kashmir,2018,Name of District,Name of Block,MANIGAH C,PC-II,MANIGAH C,ward,Woman,NONE,1,reserved_only,,,,,Gn Women,latin,data/jk/2018/Kupwara.pdf,3,Kupwara.pdf
Jammu & Kashmir,2018,Name of District,Name of Block,MANIGAH C,PC-V,MANIGAH C,ward,Woman,NONE,1,reserved_only,,,,,Gn Women,latin,data/jk/2018/Kupwara.pdf,3,Kupwara.pdf
Jammu & Kashmir,2018,Name of District,Name of Block,MANIGAH C,PC-VIII,MANIGAH C,ward,Woman,NONE,1,reserved_only,,,,,Gn Women,latin,data/jk/2018/Kupwara.pdf,3,Kupwara.pdf
Jammu & Kashmir,2018,Name of District,Name of Block,MANIGAH C,PC-XI,MANIGAH C,ward,Woman,NONE,1,reserved_only,,,,,Gn Women,latin,data/jk/2018/Kupwara.pdf,3,Kupwara.pdf
Jammu & Kashmir,2018,Name of District,Name of Block,Manzhar,PC-I,Manzhar,ward,ST Other than Woman,ST,0,reserved_only,,,,,ST Reserved,latin,data/jk/2018/Kupwara.pdf,3,Kupwara.pdf
Jammu & Kashmir,2018,Name of District,Name of Block,Manzhar,PC-II,Manzhar,ward,Woman,NONE,1,reserved_only,,,,,Gn Women,latin,data/jk/2018/Kupwara.pdf,3,Kupwara.pdf
Jammu & Kashmir,2018,Name of District,Name of Block,Manzhar,PC-V,Manzhar,ward,Woman,NONE,1,reserved_only,,,,,Gn Women,latin,data/jk/2018/Kupwara.pdf,3,Kupwara.pdf
Jammu & Kashmir,2018,Name of District,Name of Block,Payerpora,PC-II,PAYERPORA,ward,Woman,NONE,1,reserved_only,,,,,Gn Women,latin,data/jk/2018/Kupwara.pdf,3,Kupwara.pdf
Jammu & Kashmir,2018,Name of District,Name of Block,Payerpora,PC-V,PAYERPORA,ward,Woman,NONE,1,reserved_only,,,,,Gn Women,latin,data/jk/2018/Kupwara.pdf,3,Kupwara.pdf
Jammu & Kashmir,2018,Name of District,Name of Block,Qasba Hyhama,PC-II,Qasba Hyhama,ward,Woman,NONE,1,reserved_only,,,,,Gn Women,latin,data/jk/2018/Kupwara.pdf,3,Kupwara.pdf
Jammu & Kashmir,2018,Name of District,Name of Block,Qasba Hyhama,PC-V,Qasba Hyhama,ward,Woman,NONE,1,reserved_only,,,,,Gn Women,latin,data/jk/2018/Kupwara.pdf,3,Kupwara.pdf
Jammu & Kashmir,2018,Name of District,Name of Block,Shartpora,PC-II,SHARTPORA,ward,Woman,NONE,1,reserved_only,,,,,Gn Women,latin,data/jk/2018/Kupwara.pdf,3,Kupwara.pdf
Jammu & Kashmir,2018,Name of District,Name of Block,Shartpora,PC-V,SHARTPORA,ward,Woman,NONE,1,reserved_only,,,,,Gn Women,latin,data/jk/2018/Kupwara.pdf,3,Kupwara.pdf
Jammu & Kashmir,2018,Name of District,Name of Block,Dogerpora,PC-II,Dogerpora-ii,ward,Woman,NONE,1,reserved_only,,,,,Gn Women,latin,data/jk/2018/Kupwara.pdf,3,Kupwara.pdf
Jammu & Kashmir,2018,Name of District,Name of Block,Dogerpora,PC-V,Dogerpora v,ward,Woman,NONE,1,reserved_only,,,,,Gn Women,latin,data/jk/2018/Kupwara.pdf,3,Kupwara.pdf
Jammu & Kashmir,2018,Name of District,Name of Block,Dogerpora A,PC-II,ii-Dogerpora A,ward,Woman,NONE,1,reserved_only,,,,,Gn Women,latin,data/jk/2018/Kupwara.pdf,3,Kupwara.pdf
Jammu & Kashmir,2018,Name of District,Name of Block,Dogerpora A,PC-V,v-Dogerpora A,ward,Woman,NONE,1,reserved_only,,,,,Gn Women,latin,data/jk/2018/Kupwara.pdf,3,Kupwara.pdf
Jammu & Kashmir,2018,Name of District,Name of Block,Kalarose,PC-II,Kalaroos-ii,ward,Woman,NONE,1,reserved_only,,,,,Gn Women,latin,data/jk/2018/Kupwara.pdf,3,Kupwara.pdf
Jammu & Kashmir,2018,Name of District,Name of Block,Kalarose,PC-V,Kalaroos v,ward,Woman,NONE,1,reserved_only,,,,,Gn Women,latin,data/jk/2018/Kupwara.pdf,3,Kupwara.pdf
Jammu & Kashmir,2018,Name of District,Name of Block,Kalarose A,PC-II,Kalarose A-ii,ward,Woman,NONE,1,reserved_only,,,,,Gn Women,latin,data/jk/2018/Kupwara.pdf,3,Kupwara.pdf
Jammu & Kashmir,2018,Name of District,Name of Block,Kalarose A,PC-V,Kalarose A-v,ward,Woman,NONE,1,reserved_only,,,,,Gn Women,latin,data/jk/2018/Kupwara.pdf,3,Kupwara.pdf
Jammu & Kashmir,2018,Name of District,Name of Block,Kalarose A,PC-I,Kanipora,ward,ST Other than Woman,ST,0,reserved_only,,,,,ST Reserved,latin,data/jk/2018/Kupwara.pdf,3,Kupwara.pdf
Jammu & Kashmir,2018,Name of District,Name of Block,Kalarose A,PC-II,Kanipora,ward,ST Woman,ST,1,reserved_only,,,,,ST Women,latin,data/jk/2018/Kupwara.pdf,3,Kupwara.pdf
Jammu & Kashmir,2018,Name of District,Name of Block,Kalarose A,PC-III,Kanipora,ward,ST Other than Woman,ST,0,reserved_only,,,,,ST Reserved,latin,data/jk/2018/Kupwara.pdf,3,Kupwara.pdf
Jammu & Kashmir,2018,Name of District,Name of Block,Kalarose A,Number & Name of Panch Constituency,,ward,ST Woman,ST,1,reserved_only,,,,,Panch reservation for SC/ST/Women & ST (Where proportion of ST Polpulation is comperatively Large),latin,data/jk/2018/Kupwara.pdf,4,Kupwara.pdf
Jammu & Kashmir,2018,Name of District,Name of Block,Kalarose A,PC-IV,Kanipora,ward,ST Other than Woman,ST,0,reserved_only,,,,,ST Reserved,latin,data/jk/2018/Kupwara.pdf,4,Kupwara.pdf
Jammu & Kashmir,2018,Name of District,Name of Block,Kalarose A,PC-V,Kanipora,ward,Woman,NONE,1,reserved_only,,,,,Gn Women,latin,data/jk/2018/Kupwara.pdf,4,Kupwara.pdf
Jammu & Kashmir,2018,Name of District,Name of Block,Kalarose A,PC-VIII,Kanipora,ward,Woman,NONE,1,reserved_only,,,,,Gn Women,latin,data/jk/2018/Kupwara.pdf,4,Kupwara.pdf
Jammu & Kashmir,2018,Name of District,Name of Block,Kalarose A,PC-IX,Kanipora,ward,ST Other than Woman,ST,0,reserved_only,,,,,ST Reserved,latin,data/jk/2018/Kupwara.pdf,4,Kupwara.pdf
Jammu & Kashmir,2018,Name of District,Name of Block,Khumriyal-A,PC-II,Khumriyal-A,ward,Woman,NONE,1,reserved_only,,,,,Gn Women,latin,data/jk/2018/Kupwara.pdf,4,Kupwara.pdf
Jammu & Kashmir,2018,Name of District,Name of Block,Khumriyal-A,PC-V,Khumriyal-A,ward,Woman,NONE,1,reserved_only,,,,,Gn Women,latin,data/jk/2018/Kupwara.pdf,4,Kupwara.pdf
Jammu & Kashmir,2018,Name of District,Name of Block,Khumriyal-B,PC-II,Khumriyal-B,ward,Woman,NONE,1,reserved_only,,,,,Gn Women,latin,data/jk/2018/Kupwara.pdf,4,Kupwara.pdf
Jammu & Kashmir,2018,Name of District,Name of Block,Khumriyal-B,PC-V,Khumriyal-B,ward,Woman,NONE,1,reserved_only,,,,,Gn Women,latin,data/jk/2018/Kupwara.pdf,4,Kupwara.pdf
Jammu & Kashmir,2018,Name of District,Name of Block,Khumriyal-B,PC-VIII,Khumriyal-B,ward,Woman,NONE,1,reserved_only,,,,,Gn Women,latin,data/jk/2018/Kupwara.pdf,4,Kupwara.pdf
Jammu & Kashmir,2018,Name of District,Name of Block,Khumriyal-C,PC-II,Khumriyal-C,ward,Woman,NONE,1,reserved_only,,,,,Gn Women,latin,data/jk/2018/Kupwara.pdf,4,Kupwara.pdf
Jammu & Kashmir,2018,Name of District,Name of Block,Khumriyal-C,PC-IV,Khumriyal-C,ward,ST Other than Woman,ST,0,reserved_only,,,,,ST Reserved,latin,data/jk/2018/Kupwara.pdf,4,Kupwara.pdf
Jammu & Kashmir,2018,Name of District,Name of Block,Khumriyal-C,PC-V,Khumriyal-C,ward,ST Woman,ST,1,reserved_only,,,,,ST Women,latin,data/jk/2018/Kupwara.pdf,4,Kupwara.pdf
Jammu & Kashmir,2018,Name of District,Name of Block,Khumriyal-C,PC-VI,Khumriyal-C,ward,ST Other than Woman,ST,0,reserved_only,,,,,ST Reserved,latin,data/jk/2018/Kupwara.pdf,4,Kupwara.pdf
Jammu & Kashmir,2018,Name of District,Name of Block,Ladha,PC-I,Ladha,ward,ST Other than Woman,ST,0,reserved_only,,,,,ST Reserved,latin,data/jk/2018/Kupwara.pdf,4,Kupwara.pdf
Jammu & Kashmir,2018,Name of District,Name of Block,Ladha,PC-II,Ladha,ward,ST Woman,ST,1,reserved_only,,,,,ST Women,latin,data/jk/2018/Kupwara.pdf,4,Kupwara.pdf
Jammu & Kashmir,2018,Name of District,Name of Block,Ladha,PC-III,Ladha,ward,ST Other than Woman,ST,0,reserved_only,,,,,ST Reserved,latin,data/jk/2018/Kupwara.pdf,4,Kupwara.pdf
Jammu & Kashmir,2018,Name of District,Name of Block,Ladha,PC-IV,Ladha,ward,ST Other than Woman,ST,0,reserved_only,,,,,ST Reserved,latin,data/jk/2018/Kupwara.pdf,4,Kupwara.pdf
Jammu & Kashmir,2018,Name of District,Name of Block,Ladha,PC-V,Ladha,ward,ST Woman,ST,1,reserved_only,,,,,ST Women,latin,data/jk/2018/Kupwara.pdf,4,Kupwara.pdf
Jammu & Kashmir,2018,Name of District,Name of Block,Ladha,PC-VI,Ladha,ward,ST Other than Woman,ST,0,reserved_only,,,,,ST Reserved,latin,data/jk/2018/Kupwara.pdf,4,Kupwara.pdf
Jammu & Kashmir,2018,Name of District,Name of Block,Ladha,PC-VII,Ladha,ward,ST Other than Woman,ST,0,reserved_only,,,,,ST Reserved,latin,data/jk/2018/Kupwara.pdf,4,Kupwara.pdf
Jammu & Kashmir,2018,Name of District,Name of Block,Lastiyal,PC-II,Lastiyal,ward,Woman,NONE,1,reserved_only,,,,,Gn Women,latin,data/jk/2018/Kupwara.pdf,4,Kupwara.pdf
Jammu & Kashmir,2018,Name of District,Name of Block,Lastiyal,PC-V,Lastiyal,ward,Woman,NONE,1,reserved_only,,,,,Gn Women,latin,data/jk/2018/Kupwara.pdf,4,Kupwara.pdf
Jammu & Kashmir,2018,Name of District,Name of Block,Lastiyal,PC-VIII,Lastiyal,ward,Woman,NONE,1,reserved_only,,,,,Gn Women,latin,data/jk/2018/Kupwara.pdf,4,Kupwara.pdf
Jammu & Kashmir,2018,Name of District,Name of Block,Madmadaw,PC-II,Madmadaw,ward,Woman,NONE,1,reserved_only,,,,,Gn Women,latin,data/jk/2018/Kupwara.pdf,4,Kupwara.pdf
Jammu & Kashmir,2018,Name of District,Name of Block,Madmadaw,PC-V,Madmadaw,ward,Woman,NONE,1,reserved_only,,,,,Gn Women,latin,data/jk/2018/Kupwara.pdf,4,Kupwara.pdf
Jammu & Kashmir,2018,Name of District,Name of Block,Madmadaw,PC-VIII,Madmadaw,ward,Woman,NONE,1,reserved_only,,,,,Gn Women,latin,data/jk/2018/Kupwara.pdf,4,Kupwara.pdf
Jammu & Kashmir,2018,Name of District,Name of Block,Madmadaw,PC-XI,Madmadaw,ward,Woman,NONE,1,reserved_only,,,,,Gn Women,latin,data/jk/2018/Kupwara.pdf,4,Kupwara.pdf
Jammu & Kashmir,2018,Name of District,Name of Block,Moori,PC-I,Moori,ward,ST Other than Woman,ST,0,reserved_only,,,,,ST Reserved,latin,data/jk/2018/Kupwara.pdf,4,Kupwara.pdf
Jammu & Kashmir,2018,Name of District,Name of Block,Moori,PC-II,Moori,ward,ST Woman,ST,1,reserved_only,,,,,ST Women,latin,data/jk/2018/Kupwara.pdf,4,Kupwara.pdf
Jammu & Kashmir,2018,Name of District,Name of Block,Moori,PC-III,Moori,ward,ST Other than Woman,ST,0,reserved_only,,,,,ST Reserved,latin,data/jk/2018/Kupwara.pdf,4,Kupwara.pdf
Jammu & Kashmir,2018,Name of District,Name of Block,Moori,PC-IV,Moori,ward,ST Other than Woman,ST,0,reserved_only,,,,,ST Reserved,latin,data/jk/2018/Kupwara.pdf,4,Kupwara.pdf
Jammu & Kashmir,2018,Name of District,Name of Block,Moori,PC-V,Moori,ward,ST Woman,ST,1,reserved_only,,,,,ST Women,latin,data/jk/2018/Kupwara.pdf,4,Kupwara.pdf
Jammu & Kashmir,2018,Name of District,Name of Block,Moori,PC-VI,Moori,ward,ST Other than Woman,ST,0,reserved_only,,,,,ST Reserved,latin,data/jk/2018/Kupwara.pdf,4,Kupwara.pdf
Jammu & Kashmir,2018,Name of District,Name of Block,Moori,PC-VII,Moori,ward,ST Other than Woman,ST,0,reserved_only,,,,,ST Reserved,latin,data/jk/2018/Kupwara.pdf,4,Kupwara.pdf
Jammu & Kashmir,2018,Name of District,Name of Block,Moori,PC-VIII,Moori,ward,ST Woman,ST,1,reserved_only,,,,,ST Women,latin,data/jk/2018/Kupwara.pdf,4,Kupwara.pdf
Jammu & Kashmir,2018,Name of District,Name of Block,Moori,PC-IX,Moori,ward,ST Other than Woman,ST,0,reserved_only,,,,,ST Reserved,latin,data/jk/2018/Kupwara.pdf,4,Kupwara.pdf
Jammu & Kashmir,2018,Name of District,Name of Block,Nagsari,PC-I,Nagsari,ward,ST Other than Woman,ST,0,reserved_only,,,,,ST Reserved,latin,data/jk/2018/Kupwara.pdf,4,Kupwara.pdf
Jammu & Kashmir,2018,Name of District,Name of Block,Nagsari,PC-II,Nagsari,ward,ST Woman,ST,1,reserved_only,,,,,ST Women,latin,data/jk/2018/Kupwara.pdf,4,Kupwara.pdf
Jammu & Kashmir,2018,Name of District,Name of Block,Nagsari,PC-III,Nagsari,ward,ST Other than Woman,ST,0,reserved_only,,,,,ST Reserved,latin,data/jk/2018/Kupwara.pdf,4,Kupwara.pdf
Jammu & Kashmir,2018,Name of District,Name of Block,Nagsari,PC-IV,Nagsari,ward,ST Other than Woman,ST,0,reserved_only,,,,,ST Reserved,latin,data/jk/2018/Kupwara.pdf,4,Kupwara.pdf
Jammu & Kashmir,2018,Name of District,Name of Block,Nagsari,PC-V,Nagsari,ward,ST Woman,ST,1,reserved_only,,,,,ST Women,latin,data/jk/2018/Kupwara.pdf,4,Kupwara.pdf
Jammu & Kashmir,2018,Name of District,Name of Block,Nagsari,PC-VI,Nagsari,ward,ST Other than Woman,ST,0,reserved_only,,,,,ST Reserved,latin,data/jk/2018/Kupwara.pdf,4,Kupwara.pdf
Jammu & Kashmir,2018,Name of District,Name of Block,Nagsari,PC-VII,Nagsari,ward,ST Other than Woman,ST,0,reserved_only,,,,,ST Reserved,latin,data/jk/2018/Kupwara.pdf,4,Kupwara.pdf
Jammu & Kashmir,2018,Name of District,Name of Block,Nagsari,PC-VIII,Nagsari,ward,ST Woman,ST,1,reserved_only,,,,,ST Women,latin,data/jk/2018/Kupwara.pdf,4,Kupwara.pdf
Jammu & Kashmir,2018,Name of District,Name of Block,Nagsari,PC-IX,Nagsari,ward,ST Other than Woman,ST,0,reserved_only,,,,,ST Reserved,latin,data/jk/2018/Kupwara.pdf,4,Kupwara.pdf
Jammu & Kashmir,2018,Name of District,Name of Block,Nagsari,PC-I,Narikoot,ward,ST Other than Woman,ST,0,reserved_only,,,,,ST Reserved,latin,data/jk/2018/Kupwara.pdf,4,Kupwara.pdf
Jammu & Kashmir,2018,Name of District,Name of Block,Nagsari,PC-II,Narikoot,ward,ST Woman,ST,1,reserved_only,,,,,ST Women,latin,data/jk/2018/Kupwara.pdf,4,Kupwara.pdf
Jammu & Kashmir,2018,Name of District,Name of Block,Nagsari,PC-III,Narikoot,ward,ST Other than Woman,ST,0,reserved_only,,,,,ST Reserved,latin,data/jk/2018/Kupwara.pdf,4,Kupwara.pdf
Jammu & Kashmir,2018,Name of District,Name of Block,Nagsari,PC-IV,Narikoot,ward,ST Other than Woman,ST,0,reserved_only,,,,,ST Reserved,latin,data/jk/2018/Kupwara.pdf,4,Kupwara.pdf
Jammu & Kashmir,2018,Name of District,Name of Block,Nagsari,PC-V,Narikoot,ward,ST Woman,ST,1,reserved_only,,,,,ST Women,latin,data/jk/2018/Kupwara.pdf,4,Kupwara.pdf
Jammu & Kashmir,2018,Name of District,Name of Block,Nagsari,PC-VI,Narikoot,ward,ST Other than Woman,ST,0,reserved_only,,,,,ST Reserved,latin,data/jk/2018/Kupwara.pdf,4,Kupwara.pdf
Jammu & Kashmir,2018,Name of District,Name of Block,Nagsari,PC-VII,Narikoot,ward,ST Other than Woman,ST,0,reserved_only,,,,,ST Reserved,latin,data/jk/2018/Kupwara.pdf,4,Kupwara.pdf
Jammu & Kashmir,2018,Name of District,Name of Block,Nagsari,Number & Name of Panch Constituency,,ward,ST Woman,ST,1,reserved_only,,,,,Panch reservation for SC/ST/Women & ST (Where proportion of ST Polpulation is comperatively Large),latin,data/jk/2018/Kupwara.pdf,5,Kupwara.pdf
Jammu & Kashmir,2018,Name of District,Name of Block,Nagsari,PC-VIII,Narikoot,ward,ST Woman,ST,1,reserved_only,,,,,ST Women,latin,data/jk/2018/Kupwara.pdf,5,Kupwara.pdf
Jammu & Kashmir,2018,Name of District,Name of Block,Nagsari,PC-IX,Narikoot,ward,ST Other than Woman,ST,0,reserved_only,,,,,ST Reserved,latin,data/jk/2018/Kupwara.pdf,5,Kupwara.pdf
Jammu & Kashmir,2018,Name of District,Name of Block,Nunwani,PC-II,Nunwani,ward,Woman,NONE,1,reserved_only,,,,,Gn Women,latin,data/jk/2018/Kupwara.pdf,5,Kupwara.pdf
Jammu & Kashmir,2018,Name of District,Name of Block,Nunwani,PC-IV,Nunwani,ward,ST Other than Woman,ST,0,reserved_only,,,,,ST Reserved,latin,data/jk/2018/Kupwara.pdf,5,Kupwara.pdf
Jammu & Kashmir,2018,Name of District,Name of Block,Nunwani,PC-V,Nunwani,ward,ST Woman,ST,1,reserved_only,,,,,ST Women,latin,data/jk/2018/Kupwara.pdf,5,Kupwara.pdf
Jammu & Kashmir,2018,Name of District,Name of Block,Nunwani,PC-VI,Nunwani,ward,ST Other than Woman,ST,0,reserved_only,,,,,ST Reserved,latin,data/jk/2018/Kupwara.pdf,5,Kupwara.pdf
Jammu & Kashmir,2018,Name of District,Name of Block,Nunwani,PC-VII,Nunwani,ward,ST Other than Woman,ST,0,reserved_only,,,,,ST Reserved,latin,data/jk/2018/Kupwara.pdf,5,Kupwara.pdf
Jammu & Kashmir,2018,Name of District,Name of Block,Parreypora,PC-II,Parreypora,ward,Woman,NONE,1,reserved_only,,,,,Gn Women,latin,data/jk/2018/Kupwara.pdf,5,Kupwara.pdf
Jammu & Kashmir,2018,Name of District,Name of Block,Parreypora,PC-V,Parreypora,ward,Woman,NONE,1,reserved_only,,,,,Gn Women,latin,data/jk/2018/Kupwara.pdf,5,Kupwara.pdf
Jammu & Kashmir,2018,Name of District,Name of Block,Parreypora,PC-VIII,Parreypora,ward,ST Woman,ST,1,reserved_only,,,,,ST Women,latin,data/jk/2018/Kupwara.pdf,5,Kupwara.pdf
Jammu & Kashmir,2018,Name of District,Name of Block,Parreypora,PC-IX,Parreypora,ward,ST Other than Woman,ST,0,reserved_only,,,,,ST Reserved,latin,data/jk/2018/Kupwara.pdf,5,Kupwara.pdf
Jammu & Kashmir,2018,Name of District,Name of Block,Sarkuli,PC-I,Sarkuli,ward,ST Other than Woman,ST,0,reserved_only,,,,,ST Reserved,latin,data/jk/2018/Kupwara.pdf,5,Kupwara.pdf
Jammu & Kashmir,2018,Name of District,Name of Block,Sarkuli,PC-II,Sarkuli,ward,Woman,NONE,1,reserved_only,,,,,Gn Women,latin,data/jk/2018/Kupwara.pdf,5,Kupwara.pdf
Jammu & Kashmir,2018,Name of District,Name of Block,Sarkuli,PC-V,Sarkuli,ward,ST Woman,ST,1,reserved_only,,,,,ST Women,latin,data/jk/2018/Kupwara.pdf,5,Kupwara.pdf
Jammu & Kashmir,2018,Name of District,Name of Block,Sarkuli,PC-VII,Sarkuli,ward,ST Other than Woman,ST,0,reserved_only,,,,,ST Reserved,latin,data/jk/2018/Kupwara.pdf,5,Kupwara.pdf
Jammu & Kashmir,2018,Name of District,Name of Block,Thayan-A,PC-II,Thayan-A,ward,Woman,NONE,1,reserved_only,,,,,Gn Women,latin,data/jk/2018/Kupwara.pdf,5,Kupwara.pdf
Jammu & Kashmir,2018,Name of District,Name of Block,Thayan-A,PC-V,Thayan-A,ward,Woman,NONE,1,reserved_only,,,,,Gn Women,latin,data/jk/2018/Kupwara.pdf,5,Kupwara.pdf
Jammu & Kashmir,2018,Name of District,Name of Block,Thayan-B,PC-II,Thayan-B,ward,Woman,NONE,1,reserved_only,,,,,Gn Women,latin,data/jk/2018/Kupwara.pdf,5,Kupwara.pdf
Jammu & Kashmir,2018,Name of District,Name of Block,Thayan-B,PC-III,Thayan-B,ward,ST Other than Woman,ST,0,reserved_only,,,,,ST Reserved,latin,data/jk/2018/Kupwara.pdf,5,Kupwara.pdf
Jammu & Kashmir,2018,Name of District,Name of Block,Thayan-B,PC-IV,Thayan-B,ward,ST Other than Woman,ST,0,reserved_only,,,,,ST Reserved,latin,data/jk/2018/Kupwara.pdf,5,Kupwara.pdf
Jammu & Kashmir,2018,Name of District,Name of Block,Thayan-B,PC-V,Thayan-B,ward,ST Woman,ST,1,reserved_only,,,,,ST Women,latin,data/jk/2018/Kupwara.pdf,5,Kupwara.pdf
Jammu & Kashmir,2018,Name of District,Name of Block,Thayan-B,PC-VI,Thayan-B,ward,ST Other than Woman,ST,0,reserved_only,,,,,ST Reserved,latin,data/jk/2018/Kupwara.pdf,5,Kupwara.pdf
Jammu & Kashmir,2018,Name of District,Name of Block,Thayan-B,PC-VII,Thayan-B,ward,ST Other than Woman,ST,0,reserved_only,,,,,ST Reserved,latin,data/jk/2018/Kupwara.pdf,5,Kupwara.pdf
Jammu & Kashmir,2018,Name of District,Keran,Keran,PC-II,Keran,ward,Woman,NONE,1,reserved_only,,,,,Gn Women,latin,data/jk/2018/Kupwara.pdf,5,Kupwara.pdf
Jammu & Kashmir,2018,Name of District,Keran,Keran,PC-V,Keran-,ward,Woman,NONE,1,reserved_only,,,,,Gn Women,latin,data/jk/2018/Kupwara.pdf,5,Kupwara.pdf
Jammu & Kashmir,2018,Name of District,Keran,KP-61 Mundian,PC-II,ii-Gogal Dori,ward,Woman,NONE,1,reserved_only,,,,,Gn Women,latin,data/jk/2018/Kupwara.pdf,5,Kupwara.pdf
Jammu & Kashmir,2018,Name of District,Keran,KP-61 Mundian,PC-V,v-Khaitan i,ward,Woman,NONE,1,reserved_only,,,,,Gn Women,latin,data/jk/2018/Kupwara.pdf,5,Kupwara.pdf
Jammu & Kashmir,2018,Name of District,Keran,Mundian A,PC-II,Mundian A 2,ward,Woman,NONE,1,reserved_only,,,,,Gn Women,latin,data/jk/2018/Kupwara.pdf,5,Kupwara.pdf
Jammu & Kashmir,2018,Name of District,Keran,Mundian A,PC-V,Mundian A 5,ward,Woman,NONE,1,reserved_only,,,,,Gn Women,latin,data/jk/2018/Kupwara.pdf,5,Kupwara.pdf
Jammu & Kashmir,2018,Name of District,Keran,Pathroo,PC-II,Pathroo,ward,ST Woman,ST,1,reserved_only,,,,,ST Women,latin,data/jk/2018/Kupwara.pdf,5,Kupwara.pdf
Jammu & Kashmir,2018,Name of District,Keran,Pathroo,PC-V,Pathroo-,ward,ST Woman,ST,1,reserved_only,,,,,ST Women,latin,data/jk/2018/Kupwara.pdf,5,Kupwara.pdf
Jammu & Kashmir,2018,Name of District,Keran,Aloosa,PC-II,Aloosa-,ward,Woman,NONE,1,reserved_only,,,,,Gn Women,latin,data/jk/2018/Kupwara.pdf,5,Kupwara.pdf
Jammu & Kashmir,2018,Name of District,Keran,Aloosa,PC-V,Aloosa-,ward,Woman,NONE,1,reserved_only,,,,,Gn Women,latin,data/jk/2018/Kupwara.pdf,5,Kupwara.pdf
Jammu & Kashmir,2018,Name of District,Keran,Aloosa,PC-II,Batpora A,ward,Woman,NONE,1,reserved_only,,,,,Gn Women,latin,data/jk/2018/Kupwara.pdf,5,Kupwara.pdf
Jammu & Kashmir,2018,Name of District,Keran,Aloosa,PC-V,Batpora A,ward,Woman,NONE,1,reserved_only,,,,,Gn Women,latin,data/jk/2018/Kupwara.pdf,5,Kupwara.pdf
Jammu & Kashmir,2018,Name of District,Keran,Aloosa,PC-II,Batpora B,ward,Woman,NONE,1,reserved_only,,,,,Gn Women,latin,data/jk/2018/Kupwara.pdf,5,Kupwara.pdf
Jammu & Kashmir,2018,Name of District,Keran,Aloosa,PC-V,Batpora B-,ward,Woman,NONE,1,reserved_only,,,,,Gn Women,latin,data/jk/2018/Kupwara.pdf,5,Kupwara.pdf
Jammu & Kashmir,2018,Name of District,Keran,Dardpora A,PC-II,Dardpora A,ward,Woman,NONE,1,reserved_only,,,,,Gn Women,latin,data/jk/2018/Kupwara.pdf,5,Kupwara.pdf
Jammu & Kashmir,2018,Name of District,Keran,Dardpora A,PC-V,Dardpora A,ward,Woman,NONE,1,reserved_only,,,,,Gn Women,latin,data/jk/2018/Kupwara.pdf,5,Kupwara.pdf
Jammu & Kashmir,2018,Name of District,Keran,Dardpora A,PC-VI,Dardpora A,ward,ST Other than Woman,ST,0,reserved_only,,,,,ST Reserved,latin,data/jk/2018/Kupwara.pdf,5,Kupwara.pdf
Jammu & Kashmir,2018,Name of District,Keran,Dardpora A,PC-VIII,Dardpora A,ward,Woman,NONE,1,reserved_only,,,,,Gn Women,latin,data/jk/2018/Kupwara.pdf,5,Kupwara.pdf
Jammu & Kashmir,2018,Name of District,Keran,Dardpora B,PC-II,Dardpora B,ward,Woman,NONE,1,reserved_only,,,,,Gn Women,latin,data/jk/2018/Kupwara.pdf,5,Kupwara.pdf
Jammu & Kashmir,2018,Name of District,Keran,Dardpora B,PC-V,Dardpora B-,ward,Woman,NONE,1,reserved_only,,,,,Gn Women,latin,data/jk/2018/Kupwara.pdf,5,Kupwara.pdf
Jammu & Kashmir,2018,Name of District,Keran,Dardpora C,PC-II,Dardpora C,ward,ST Woman,ST,1,reserved_only,,,,,ST Women,latin,data/jk/2018/Kupwara.pdf,5,Kupwara.pdf
Jammu & Kashmir,2018,Name of District,Keran,Dardpora C,PC-V,Dardpora C,ward,Woman,NONE,1,reserved_only,,,,,Gn Women,latin,data/jk/2018/Kupwara.pdf,5,Kupwara.pdf
Jammu & Kashmir,2018,Name of District,Keran,Dardpora D,PC-II,Dardpora D,ward,Woman,NONE,1,reserved_only,,,,,Gn Women,latin,data/jk/2018/Kupwara.pdf,5,Kupwara.pdf
Jammu & Kashmir,2018,Name of District,Keran,Dardpora D,PC-V,Dardpora D-,ward,Woman,NONE,1,reserved_only,,,,,Gn Women,latin,data/jk/2018/Kupwara.pdf,5,Kupwara.pdf
Jammu & Kashmir,2018,Name of District,Keran,Dardpora E,PC-II,Dardpora E,ward,Woman,NONE,1,reserved_only,,,,,Gn Women,latin,data/jk/2018/Kupwara.pdf,5,Kupwara.pdf
Jammu & Kashmir,2018,Name of District,Keran,Dardpora E,PC-V,Dardpora E,ward,Woman,NONE,1,reserved_only,,,,,Gn Women,latin,data/jk/2018/Kupwara.pdf,5,Kupwara.pdf
Jammu & Kashmir,2018,Name of District,Keran,Dardpora E,PC-VIII,Dardpora E,ward,Woman,NONE,1,reserved_only,,,,,Gn Women,latin,data/jk/2018/Kupwara.pdf,5,Kupwara.pdf
Jammu & Kashmir,2018,Name of District,Keran,Dardpora E,PC-II,Dardsun A,ward,Woman,NONE,1,reserved_only,,,,,Gn Women,latin,data/jk/2018/Kupwara.pdf,5,Kupwara.pdf
Jammu & Kashmir,2018,Name of District,Keran,Dardpora E,PC-V,Dardsun A-,ward,Woman,NONE,1,reserved_only,,,,,Gn Women,latin,data/jk/2018/Kupwara.pdf,5,Kupwara.pdf
Jammu & Kashmir,2018,Name of District,Name of Block,Dardpora E,Number & Name of Panch Constituency,,ward,ST Woman,ST,1,reserved_only,,,,,Panch reservation for SC/ST/Women & ST (Where proportion of ST Polpulation is comperatively Large),latin,data/jk/2018/Kupwara.pdf,6,Kupwara.pdf
Jammu & Kashmir,2018,Name of District,Name of Block,Dardsun B,PC-II,Dardsun B,ward,Woman,NONE,1,reserved_only,,,,,Gn Women,latin,data/jk/2018/Kupwara.pdf,6,Kupwara.pdf
Jammu & Kashmir,2018,Name of District,Name of Block,Dardsun B,PC-V,Dardsun B,ward,Woman,NONE,1,reserved_only,,,,,Gn Women,latin,data/jk/2018/Kupwara.pdf,6,Kupwara.pdf
Jammu & Kashmir,2018,Name of District,Name of Block,Gazreyal A,PC-II,Gazreyal A,ward,Woman,NONE,1,reserved_only,,,,,Gn Women,latin,data/jk/2018/Kupwara.pdf,6,Kupwara.pdf
Jammu & Kashmir,2018,Name of District,Name of Block,Gazreyal A,PC-V,Gazreyal A,ward,Woman,NONE,1,reserved_only,,,,,Gn Women,latin,data/jk/2018/Kupwara.pdf,6,Kupwara.pdf
Jammu & Kashmir,2018,Name of District,Name of Block,Gazreyal B,PC-II,Gazreyal B,ward,Woman,NONE,1,reserved_only,,,,,Gn Women,latin,data/jk/2018/Kupwara.pdf,6,Kupwara.pdf
Jammu & Kashmir,2018,Name of District,Name of Block,Gazreyal B,PC-V,Gazreyal B-,ward,Woman,NONE,1,reserved_only,,,,,Gn Women,latin,data/jk/2018/Kupwara.pdf,6,Kupwara.pdf
Jammu & Kashmir,2018,Name of District,Name of Block,Kralpora A,PC-II,Kralpora A,ward,Woman,NONE,1,reserved_only,,,,,Gn Women,latin,data/jk/2018/Kupwara.pdf,6,Kupwara.pdf
Jammu & Kashmir,2018,Name of District,Name of Block,Kralpora A,PC-V,Kralpora A,ward,Woman,NONE,1,reserved_only,,,,,Gn Women,latin,data/jk/2018/Kupwara.pdf,6,Kupwara.pdf
Jammu & Kashmir,2018,Name of District,Name of Block,Kralpora B,PC-II,Kralpora B,ward,Woman,NONE,1,reserved_only,,,,,Gn Women,latin,data/jk/2018/Kupwara.pdf,6,Kupwara.pdf
Jammu & Kashmir,2018,Name of District,Name of Block,Kralpora B,PC-V,Kralpora B-,ward,Woman,NONE,1,reserved_only,,,,,Gn Women,latin,data/jk/2018/Kupwara.pdf,6,Kupwara.pdf
Jammu & Kashmir,2018,Name of District,Name of Block,Kralpora C,PC-II,kralpora C,ward,Woman,NONE,1,reserved_only,,,,,Gn Women,latin,data/jk/2018/Kupwara.pdf,6,Kupwara.pdf
Jammu & Kashmir,2018,Name of District,Name of Block,Kralpora C,PC-V,kralpora C,ward,Woman,NONE,1,reserved_only,,,,,Gn Women,latin,data/jk/2018/Kupwara.pdf,6,Kupwara.pdf
Jammu & Kashmir,2018,Name of District,Name of Block,Reshigund A,PC-II,Reshugund B,ward,Woman,NONE,1,reserved_only,,,,,Gn Women,latin,data/jk/2018/Kupwara.pdf,6,Kupwara.pdf
Jammu & Kashmir,2018,Name of District,Name of Block,Reshigund A,PC-V,Reshugund B,ward,Woman,NONE,1,reserved_only,,,,,Gn Women,latin,data/jk/2018/Kupwara.pdf,6,Kupwara.pdf
Jammu & Kashmir,2018,Name of District,Name of Block,Reshigund A,PC-VIII,Reshugund B,ward,Woman,NONE,1,reserved_only,,,,,Gn Women,latin,data/jk/2018/Kupwara.pdf,6,Kupwara.pdf
Jammu & Kashmir,2018,Name of District,Name of Block,Reshigund B,PC-II,Reshugund B ii,ward,Woman,NONE,1,reserved_only,,,,,Gn Women,latin,data/jk/2018/Kupwara.pdf,6,Kupwara.pdf
Jammu & Kashmir,2018,Name of District,Name of Block,Reshigund B,PC-V,Reshugund B v,ward,Woman,NONE,1,reserved_only,,,,,Gn Women,latin,data/jk/2018/Kupwara.pdf,6,Kupwara.pdf
Jammu & Kashmir,2018,Name of District,Name of Block,Reshigund B,PC-VIII,Reshugund B viii,ward,Woman,NONE,1,reserved_only,,,,,Gn Women,latin,data/jk/2018/Kupwara.pdf,6,Kupwara.pdf
Jammu & Kashmir,2018,Name of District,Name of Block,Shuloora,PC-II,Shuloora,ward,Woman,NONE,1,reserved_only,,,,,Gn Women,latin,data/jk/2018/Kupwara.pdf,6,Kupwara.pdf
Jammu & Kashmir,2018,Name of District,Name of Block,Shuloora,PC-V,Shuloora-,ward,Woman,NONE,1,reserved_only,,,,,Gn Women,latin,data/jk/2018/Kupwara.pdf,6,Kupwara.pdf
Jammu & Kashmir,2018,Name of District,Name of Block,Shuloora,PC-VIII,Shuloora-,ward,Woman,NONE,1,reserved_only,,,,,Gn Women,latin,data/jk/2018/Kupwara.pdf,6,Kupwara.pdf
Jammu & Kashmir,2018,Name of District,Name of Block,Warsun-A,PC-II,Warsun A,ward,Woman,NONE,1,reserved_only,,,,,Gn Women,latin,data/jk/2018/Kupwara.pdf,6,Kupwara.pdf
Jammu & Kashmir,2018,Name of District,Name of Block,Warsun-A,PC-IV,Warsun A-,ward,ST Other than Woman,ST,0,reserved_only,,,,,ST Reserved,latin,data/jk/2018/Kupwara.pdf,6,Kupwara.pdf
Jammu & Kashmir,2018,Name of District,Name of Block,Warsun-A,PC-V,Warsun A-,ward,ST Woman,ST,1,reserved_only,,,,,ST Women,latin,data/jk/2018/Kupwara.pdf,6,Kupwara.pdf
Jammu & Kashmir,2018,Name of District,Name of Block,Warsun-A,PC-VI,Warsun-A,ward,ST Other than Woman,ST,0,reserved_only,,,,,ST Reserved,latin,data/jk/2018/Kupwara.pdf,6,Kupwara.pdf
Jammu & Kashmir,2018,Name of District,Name of Block,Warsun-A,PC-VII,Warsun A-,ward,ST Other than Woman,ST,0,reserved_only,,,,,ST Reserved,latin,data/jk/2018/Kupwara.pdf,6,Kupwara.pdf
Jammu & Kashmir,2018,Name of District,Name of Block,Warsun-A,PC-VIII,Warsun A-,ward,Woman,NONE,1,reserved_only,,,,,Gn Women,latin,data/jk/2018/Kupwara.pdf,6,Kupwara.pdf
Jammu & Kashmir,2018,Name of District,Name of Block,Warsun-B,PC-II,Warsun B,ward,Woman,NONE,1,reserved_only,,,,,Gn Women,latin,data/jk/2018/Kupwara.pdf,6,Kupwara.pdf
Jammu & Kashmir,2018,Name of District,Name of Block,Warsun-B,PC-V,Warsun B-,ward,ST Woman,ST,1,reserved_only,,,,,ST Women,latin,data/jk/2018/Kupwara.pdf,6,Kupwara.pdf
Jammu & Kashmir,2018,Name of District,Name of Block,Warsun-B,PC-VIII,Warsun B-,ward,Woman,NONE,1,reserved_only,,,,,Gn Women,latin,data/jk/2018/Kupwara.pdf,6,Kupwara.pdf
Jammu & Kashmir,2018,Name of District,Name of Block,Batergam,PC-II,Batergam,ward,Woman,NONE,1,reserved_only,,,,,Gn Women,latin,data/jk/2018/Kupwara.pdf,6,Kupwara.pdf
Jammu & Kashmir,2018,Name of District,Name of Block,Batergam,PC-V,Batergam,ward,Woman,NONE,1,reserved_only,,,,,Gn Women,latin,data/jk/2018/Kupwara.pdf,6,Kupwara.pdf
Jammu & Kashmir,2018,Name of District,Name of Block,Batergam,PC-VIII,Batergam,ward,Woman,NONE,1,reserved_only,,,,,Gn Women,latin,data/jk/2018/Kupwara.pdf,6,Kupwara.pdf
Jammu & Kashmir,2018,Name of District,Name of Block,Batergam,PC-XI,Batergam,ward,Woman,NONE,1,reserved_only,,,,,Gn Women,latin,data/jk/2018/Kupwara.pdf,6,Kupwara.pdf
Jammu & Kashmir,2018,Name of District,Name of Block,BOHIPORA,PC-II,BOHIPORA,ward,Woman,NONE,1,reserved_only,,,,,Gn Women,latin,data/jk/2018/Kupwara.pdf,6,Kupwara.pdf
Jammu & Kashmir,2018,Name of District,Name of Block,BOHIPORA,PC-V,BOHIPORA,ward,Woman,NONE,1,reserved_only,,,,,Gn Women,latin,data/jk/2018/Kupwara.pdf,6,Kupwara.pdf
Jammu & Kashmir,2018,Name of District,Name of Block,BUBERNAGH,PC-II,BUBERNAGH,ward,Woman,NONE,1,reserved_only,,,,,Gn Women,latin,data/jk/2018/Kupwara.pdf,6,Kupwara.pdf
Jammu & Kashmir,2018,Name of District,Name of Block,BUBERNAGH,PC-V,BUBERNAGH,ward,ST Woman,ST,1,reserved_only,,,,,ST Women,latin,data/jk/2018/Kupwara.pdf,6,Kupwara.pdf
Jammu & Kashmir,2018,Name of District,Name of Block,BUBERNAGH,PC-VI,BUBERNAGH,ward,ST Other than Woman,ST,0,reserved_only,,,,,ST Reserved,latin,data/jk/2018/Kupwara.pdf,6,Kupwara.pdf
Jammu & Kashmir,2018,Name of District,Name of Block,BUBERNAGH,PC-VIII,BUBERNAGH,ward,Woman,NONE,1,reserved_only,,,,,Gn Women,latin,data/jk/2018/Kupwara.pdf,6,Kupwara.pdf
Jammu & Kashmir,2018,Name of District,Name of Block,DEEDIKOOT,PC-II,DEEDIKOTE,ward,Woman,NONE,1,reserved_only,,,,,Gn Women,latin,data/jk/2018/Kupwara.pdf,6,Kupwara.pdf
Jammu & Kashmir,2018,Name of District,Name of Block,DEEDIKOOT,PC-V,DEEDIKOTE,ward,Woman,NONE,1,reserved_only,,,,,Gn Women,latin,data/jk/2018/Kupwara.pdf,6,Kupwara.pdf
Jammu & Kashmir,2018,Name of District,Name of Block,DEEDIKOOT,PC-VIII,DEEDIKOTE,ward,Woman,NONE,1,reserved_only,,,,,Gn Women,latin,data/jk/2018/Kupwara.pdf,6,Kupwara.pdf
Jammu & Kashmir,2018,Name of District,Name of Block,DEEDIKOOT,PC-XI,DEEDIKOTE,ward,Woman,NONE,1,reserved_only,,,,,Gn Women,latin,data/jk/2018/Kupwara.pdf,6,Kupwara.pdf
Jammu & Kashmir,2018,Name of District,Name of Block,Gushi A,PC-II,GUSHI A,ward,Woman,NONE,1,reserved_only,,,,,Gn Women,latin,data/jk/2018/Kupwara.pdf,6,Kupwara.pdf
Jammu & Kashmir,2018,Name of District,Name of Block,Gushi A,PC-V,GUSHI A,ward,Woman,NONE,1,reserved_only,,,,,Gn Women,latin,data/jk/2018/Kupwara.pdf,6,Kupwara.pdf
Jammu & Kashmir,2018,Name of District,Name of Block,Gushi A,PC-VIII,GUSHI A,ward,Woman,NONE,1,reserved_only,,,,,Gn Women,latin,data/jk/2018/Kupwara.pdf,6,Kupwara.pdf
Jammu & Kashmir,2018,Name of District,Name of Block,Gushi B,PC-II,Gushi B,ward,Woman,NONE,1,reserved_only,,,,,Gn Women,latin,data/jk/2018/Kupwara.pdf,6,Kupwara.pdf
Jammu & Kashmir,2018,Name of District,Name of Block,Gushi B,PC-V,Gushi B,ward,Woman,NONE,1,reserved_only,,,,,Gn Women,latin,data/jk/2018/Kupwara.pdf,6,Kupwara.pdf
Jammu & Kashmir,2018,Name of District,Name of Block,Gushi B,PC-II,Halmapora,ward,Woman,NONE,1,reserved_only,,,,,Gn Women,latin,data/jk/2018/Kupwara.pdf,6,Kupwara.pdf
Jammu & Kashmir,2018,Name of District,Name of Block,Gushi B,PC-V,Halmapora,ward,Woman,NONE,1,reserved_only,,,,,Gn Women,latin,data/jk/2018/Kupwara.pdf,6,Kupwara.pdf
Jammu & Kashmir,2018,Name of District,Name of Block,Gushi B,Number & Name of Panch Constituency,,ward,ST Woman,ST,1,reserved_only,,,,,Panch reservation for SC/ST/Women & ST (Where proportion of ST Polpulation is comperatively Large),latin,data/jk/2018/Kupwara.pdf,7,Kupwara.pdf
Jammu & Kashmir,2018,Name of District,Name of Block,Halmatpora B,PC-II,Halmatpora,ward,Woman,NONE,1,reserved_only,,,,,Gn Women,latin,data/jk/2018/Kupwara.pdf,7,Kupwara.pdf
Jammu & Kashmir,2018,Name of District,Name of Block,Halmatpora B,PC-V,Halmatpora,ward,Woman,NONE,1,reserved_only,,,,,Gn Women,latin,data/jk/2018/Kupwara.pdf,7,Kupwara.pdf
Jammu & Kashmir,2018,Name of District,Name of Block,Halmatpora C,PC-II,Halmatpora C,ward,Woman,NONE,1,reserved_only,,,,,Gn Women,latin,data/jk/2018/Kupwara.pdf,7,Kupwara.pdf
Jammu & Kashmir,2018,Name of District,Name of Block,Halmatpora C,PC-V,Halmatpora C,ward,Woman,NONE,1,reserved_only,,,,,Gn Women,latin,data/jk/2018/Kupwara.pdf,7,Kupwara.pdf
Jammu & Kashmir,2018,Name of District,Name of Block,Hatmulla,PC-II,Hatmulla,ward,Woman,NONE,1,reserved_only,,,,,Gn Women,latin,data/jk/2018/Kupwara.pdf,7,Kupwara.pdf
Jammu & Kashmir,2018,Name of District,Name of Block,Hatmulla,PC-V,Hatmulla,ward,Woman,NONE,1,reserved_only,,,,,Gn Women,latin,data/jk/2018/Kupwara.pdf,7,Kupwara.pdf
Jammu & Kashmir,2018,Name of District,Name of Block,Hatmulla,PC-VIII,Hatmulla,ward,Woman,NONE,1,reserved_only,,,,,Gn Women,latin,data/jk/2018/Kupwara.pdf,7,Kupwara.pdf
Jammu & Kashmir,2018,Name of District,Name of Block,Hatmulla,PC-XI,Hatmulla,ward,Woman,NONE,1,reserved_only,,,,,Gn Women,latin,data/jk/2018/Kupwara.pdf,7,Kupwara.pdf
Jammu & Kashmir,2018,Name of District,Name of Block,Karihama A,PC-II,KARIHAMA A,ward,Woman,NONE,1,reserved_only,,,,,Gn Women,latin,data/jk/2018/Kupwara.pdf,7,Kupwara.pdf
Jammu & Kashmir,2018,Name of District,Name of Block,Karihama A,PC-V,KARIHAMA A,ward,Woman,NONE,1,reserved_only,,,,,Gn Women,latin,data/jk/2018/Kupwara.pdf,7,Kupwara.pdf
Jammu & Kashmir,2018,Name of District,Name of Block,Karihama A,PC-VIII,KARIHAMA A,ward,Woman,NONE,1,reserved_only,,,,,Gn Women,latin,data/jk/2018/Kupwara.pdf,7,Kupwara.pdf
Jammu & Kashmir,2018,Name of District,Name of Block,Karihama B,PC-II,Karihama B,ward,Woman,NONE,1,reserved_only,,,,,Gn Women,latin,data/jk/2018/Kupwara.pdf,7,Kupwara.pdf
Jammu & Kashmir,2018,Name of District,Name of Block,Karihama B,PC-V,Karihama B,ward,Woman,NONE,1,reserved_only,,,,,Gn Women,latin,data/jk/2018/Kupwara.pdf,7,Kupwara.pdf
Jammu & Kashmir,2018,Name of District,Name of Block,Mugalpora,PC-II,Mugalpora,ward,Woman,NONE,1,reserved_only,,,,,Gn Women,latin,data/jk/2018/Kupwara.pdf,7,Kupwara.pdf
Jammu & Kashmir,2018,Name of District,Name of Block,Mugalpora,PC-V,Mugalpora,ward,Woman,NONE,1,reserved_only,,,,,Gn Women,latin,data/jk/2018/Kupwara.pdf,7,Kupwara.pdf
Jammu & Kashmir,2018,Name of District,Name of Block,Mugalpora,PC-VIII,Mugalpora,ward,Woman,NONE,1,reserved_only,,,,,Gn Women,latin,data/jk/2018/Kupwara.pdf,7,Kupwara.pdf
Jammu & Kashmir,2018,Name of District,Name of Block,Mugalpora,PC-XI,Mugalpora,ward,Woman,NONE,1,reserved_only,,,,,Gn Women,latin,data/jk/2018/Kupwara.pdf,7,Kupwara.pdf
Jammu & Kashmir,2018,Name of District,Name of Block,Nagri Malpora A,PC-II,Nagri Malpora A 2,ward,Woman,NONE,1,reserved_only,,,,,Gn Women,latin,data/jk/2018/Kupwara.pdf,7,Kupwara.pdf
Jammu & Kashmir,2018,Name of District,Name of Block,Nagri Malpora A,PC-V,Nagri Malpora A 5,ward,Woman,NONE,1,reserved_only,,,,,Gn Women,latin,data/jk/2018/Kupwara.pdf,7,Kupwara.pdf
Jammu & Kashmir,2018,Name of District,Name of Block,Nagri Malpora B,PC-II,Nagri Malpora B2,ward,Woman,NONE,1,reserved_only,,,,,Gn Women,latin,data/jk/2018/Kupwara.pdf,7,Kupwara.pdf
Jammu & Kashmir,2018,Name of District,Name of Block,Nagri Malpora B,PC-V,Nagri Malpora B5,ward,Woman,NONE,1,reserved_only,,,,,Gn Women,latin,data/jk/2018/Kupwara.pdf,7,Kupwara.pdf
Jammu & Kashmir,2018,Name of District,Name of Block,PAZIPORA,PC-II,PAZIPORA,ward,Woman,NONE,1,reserved_only,,,,,Gn Women,latin,data/jk/2018/Kupwara.pdf,7,Kupwara.pdf
Jammu & Kashmir,2018,Name of District,Name of Block,PAZIPORA,PC-V,PAZIPORA,ward,Woman,NONE,1,reserved_only,,,,,Gn Women,latin,data/jk/2018/Kupwara.pdf,7,Kupwara.pdf
Jammu & Kashmir,2018,Name of District,Name of Block,PAZIPORA,PC-VIII,PAZIPORA,ward,Woman,NONE,1,reserved_only,,,,,Gn Women,latin,data/jk/2018/Kupwara.pdf,7,Kupwara.pdf
Jammu & Kashmir,2018,Name of District,Name of Block,PAZIPORA,PC-XI,PAZIPORA CHECK,ward,Woman,NONE,1,reserved_only,,,,,Gn Women,latin,data/jk/2018/Kupwara.pdf,7,Kupwara.pdf
Jammu & Kashmir,2018,Name of District,Name of Block,Sohipora,PC-II,SOHIPORA,ward,Woman,NONE,1,reserved_only,,,,,Gn Women,latin,data/jk/2018/Kupwara.pdf,7,Kupwara.pdf
Jammu & Kashmir,2018,Name of District,Name of Block,Sohipora,PC-V,SOHIPORA,ward,Woman,NONE,1,reserved_only,,,,,Gn Women,latin,data/jk/2018/Kupwara.pdf,7,Kupwara.pdf
Jammu & Kashmir,2018,Name of District,Name of Block,Sulkoote,PC-II,SULKOTE,ward,Woman,NONE,1,reserved_only,,,,,Gn Women,latin,data/jk/2018/Kupwara.pdf,7,Kupwara.pdf
Jammu & Kashmir,2018,Name of District,Name of Block,Sulkoote,PC-V,SULKOTE,ward,Woman,NONE,1,reserved_only,,,,,Gn Women,latin,data/jk/2018/Kupwara.pdf,7,Kupwara.pdf
Jammu & Kashmir,2018,Name of District,Name of Block,Sulkoote,PC-VIII,SULKOTE,ward,Woman,NONE,1,reserved_only,,,,,Gn Women,latin,data/jk/2018/Kupwara.pdf,7,Kupwara.pdf
Jammu & Kashmir,2018,Name of District,Name of Block,Tikker,PC-II,Tikker,ward,Woman,NONE,1,reserved_only,,,,,Gn Women,latin,data/jk/2018/Kupwara.pdf,7,Kupwara.pdf
Jammu & Kashmir,2018,Name of District,Name of Block,Tikker,PC-V,Tikker,ward,Woman,NONE,1,reserved_only,,,,,Gn Women,latin,data/jk/2018/Kupwara.pdf,7,Kupwara.pdf
Jammu & Kashmir,2018,Name of District,Name of Block,Tikker,PC-VIII,Tikker,ward,Woman,NONE,1,reserved_only,,,,,Gn Women,latin,data/jk/2018/Kupwara.pdf,7,Kupwara.pdf
Jammu & Kashmir,2018,Name of District,Name of Block,Tikker,PC-XI,Tikker,ward,Woman,NONE,1,reserved_only,,,,,Gn Women,latin,data/jk/2018/Kupwara.pdf,7,Kupwara.pdf
Jammu & Kashmir,2018,Name of District,Name of Block,Guloora,PC-II,Guloora,ward,Woman,NONE,1,reserved_only,,,,,Gn Women,latin,data/jk/2018/Kupwara.pdf,7,Kupwara.pdf
Jammu & Kashmir,2018,Name of District,Name of Block,Guloora,PC-V,Guloora,ward,Woman,NONE,1,reserved_only,,,,,Gn Women,latin,data/jk/2018/Kupwara.pdf,7,Kupwara.pdf
Jammu & Kashmir,2018,Name of District,Name of Block,Guloora,PC-VIII,Kohroo,ward,Woman,NONE,1,reserved_only,,,,,Gn Women,latin,data/jk/2018/Kupwara.pdf,7,Kupwara.pdf
Jammu & Kashmir,2018,Name of District,Name of Block,Khanoo Babagund,PC-II,KHANOO BABAGUND,ward,Woman,NONE,1,reserved_only,,,,,Gn Women,latin,data/jk/2018/Kupwara.pdf,7,Kupwara.pdf
Jammu & Kashmir,2018,Name of District,Name of Block,Khanoo Babagund,PC-V,KHANOO BABAGUND,ward,Woman,NONE,1,reserved_only,,,,,Gn Women,latin,data/jk/2018/Kupwara.pdf,7,Kupwara.pdf
Jammu & Kashmir,2018,Name of District,Name of Block,Khanoo Babagund,PC-VIII,KHANOO BABAGUND,ward,Woman,NONE,1,reserved_only,,,,,Gn Women,latin,data/jk/2018/Kupwara.pdf,7,Kupwara.pdf
Jammu & Kashmir,2018,Name of District,Name of Block,Kultoora,PC-II,KULTOORA,ward,Woman,NONE,1,reserved_only,,,,,Gn Women,latin,data/jk/2018/Kupwara.pdf,7,Kupwara.pdf
Jammu & Kashmir,2018,Name of District,Name of Block,Kultoora,PC-V,KULTOORA,ward,Woman,NONE,1,reserved_only,,,,,Gn Women,latin,data/jk/2018/Kupwara.pdf,7,Kupwara.pdf
Jammu & Kashmir,2018,Name of District,Name of Block,Kultoora,PC-VIII,KULTOORA,ward,Woman,NONE,1,reserved_only,,,,,Gn Women,latin,data/jk/2018/Kupwara.pdf,7,Kupwara.pdf
Jammu & Kashmir,2018,Name of District,Name of Block,Pohrupeth,PC-II,POHRUPETH,ward,Woman,NONE,1,reserved_only,,,,,Gn Women,latin,data/jk/2018/Kupwara.pdf,7,Kupwara.pdf
Jammu & Kashmir,2018,Name of District,Name of Block,Pohrupeth,PC-V,POHRUPETH,ward,Woman,NONE,1,reserved_only,,,,,Gn Women,latin,data/jk/2018/Kupwara.pdf,7,Kupwara.pdf
Jammu & Kashmir,2018,Name of District,Name of Block,Pohrupeth,PC-VIII,POHRUPETH,ward,Woman,NONE,1,reserved_only,,,,,Gn Women,latin,data/jk/2018/Kupwara.pdf,7,Kupwara.pdf
Jammu & Kashmir,2018,Name of District,Name of Block,Pohrupeth,PC-XI,POHRUPETH,ward,Woman,NONE,1,reserved_only,,,,,Gn Women,latin,data/jk/2018/Kupwara.pdf,7,Kupwara.pdf
Jammu & Kashmir,2018,Name of District,Name of Block,Unisoo,PC-II,UNISOO,ward,Woman,NONE,1,reserved_only,,,,,Gn Women,latin,data/jk/2018/Kupwara.pdf,7,Kupwara.pdf
Jammu & Kashmir,2018,Name of District,Name of Block,Unisoo,PC-V,UNISOO,ward,Woman,NONE,1,reserved_only,,,,,Gn Women,latin,data/jk/2018/Kupwara.pdf,7,Kupwara.pdf
Jammu & Kashmir,2018,Name of District,Name of Block,Unisoo,PC-II,WAHIPORA,ward,Woman,NONE,1,reserved_only,,,,,Gn Women,latin,data/jk/2018/Kupwara.pdf,7,Kupwara.pdf
Jammu & Kashmir,2018,Name of District,Name of Block,Unisoo,PC-V,Haripora,ward,Woman,NONE,1,reserved_only,,,,,Gn Women,latin,data/jk/2018/Kupwara.pdf,7,Kupwara.pdf
Jammu & Kashmir,2018,Name of District,Name of Block,Unisoo,PC-VIII,WAHIPORA,ward,Woman,NONE,1,reserved_only,,,,,Gn Women,latin,data/jk/2018/Kupwara.pdf,7,Kupwara.pdf
Jammu & Kashmir,2018,Name of District,Name of Block,Unisoo,Number & Name of Panch Constituency,,ward,ST Woman,ST,1,reserved_only,,,,,Panch reservation for SC/ST/Women & ST (Where proportion of ST Polpulation is comperatively Large),latin,data/jk/2018/Kupwara.pdf,8,Kupwara.pdf
Jammu & Kashmir,2018,Name of District,Name of Block,Unisoo,PC-XI,WAHIPORA,ward,Woman,NONE,1,reserved_only,,,,,Gn Women,latin,data/jk/2018/Kupwara.pdf,8,Kupwara.pdf
Jammu & Kashmir,2018,Name of District,Name of Block,Yaroo,PC-II,YAROO,ward,Woman,NONE,1,reserved_only,,,,,Gn Women,latin,data/jk/2018/Kupwara.pdf,8,Kupwara.pdf
Jammu & Kashmir,2018,Name of District,Name of Block,Yaroo,PC-V,YAROO,ward,Woman,NONE,1,reserved_only,,,,,Gn Women,latin,data/jk/2018/Kupwara.pdf,8,Kupwara.pdf
Jammu & Kashmir,2018,Name of District,Machil,Chuntiwari-A,PC-II,Chuntiwari A,ward,Woman,NONE,1,reserved_only,,,,,Gn Women,latin,data/jk/2018/Kupwara.pdf,8,Kupwara.pdf
Jammu & Kashmir,2018,Name of District,Machil,Chuntiwari-A,PC-V,Chuntiwari A,ward,Woman,NONE,1,reserved_only,,,,,Gn Women,latin,data/jk/2018/Kupwara.pdf,8,Kupwara.pdf
Jammu & Kashmir,2018,Name of District,Machil,Chuntiwari-B,PC-II,Chuntiwari B,ward,Woman,NONE,1,reserved_only,,,,,Gn Women,latin,data/jk/2018/Kupwara.pdf,8,Kupwara.pdf
Jammu & Kashmir,2018,Name of District,Machil,Chuntiwari-B,PC-V,Chuntiwari B,ward,Woman,NONE,1,reserved_only,,,,,Gn Women,latin,data/jk/2018/Kupwara.pdf,8,Kupwara.pdf
Jammu & Kashmir,2018,Name of District,Machil,Dudi,PC-II,Dudi,ward,Woman,NONE,1,reserved_only,,,,,Gn Women,latin,data/jk/2018/Kupwara.pdf,8,Kupwara.pdf
Jammu & Kashmir,2018,Name of District,Machil,Dudi,PC-V,Dudi,ward,Woman,NONE,1,reserved_only,,,,,Gn Women,latin,data/jk/2018/Kupwara.pdf,8,Kupwara.pdf
Jammu & Kashmir,2018,Name of District,Machil,HardRing A,PC-II,HardRing A,ward,Woman,NONE,1,reserved_only,,,,,Gn Women,latin,data/jk/2018/Kupwara.pdf,8,Kupwara.pdf
Jammu & Kashmir,2018,Name of District,Machil,HardRing A,PC-V,HardRing A,ward,Woman,NONE,1,reserved_only,,,,,Gn Women,latin,data/jk/2018/Kupwara.pdf,8,Kupwara.pdf
Jammu & Kashmir,2018,Name of District,Machil,HardRing B,PC-II,Hardring B,ward,Woman,NONE,1,reserved_only,,,,,Gn Women,latin,data/jk/2018/Kupwara.pdf,8,Kupwara.pdf
Jammu & Kashmir,2018,Name of District,Machil,HardRing B,PC-V,Hardring B,ward,Woman,NONE,1,reserved_only,,,,,Gn Women,latin,data/jk/2018/Kupwara.pdf,8,Kupwara.pdf
Jammu & Kashmir,2018,Name of District,Machil,Katwara,PC-II,2 katwara,ward,Woman,NONE,1,reserved_only,,,,,Gn Women,latin,data/jk/2018/Kupwara.pdf,8,Kupwara.pdf
Jammu & Kashmir,2018,Name of District,Machil,Katwara,PC-V,5 katwara,ward,Woman,NONE,1,reserved_only,,,,,Gn Women,latin,data/jk/2018/Kupwara.pdf,8,Kupwara.pdf
Jammu & Kashmir,2018,Name of District,Machil,Kp 109 Dappal Misribekh,PC-II,2 Dapal Misribek,ward,Woman,NONE,1,reserved_only,,,,,Gn Women,latin,data/jk/2018/Kupwara.pdf,8,Kupwara.pdf
Jammu & Kashmir,2018,Name of District,Machil,Kp 109 Dappal Misribekh,PC-V,5 Dapal Misribek,ward,Woman,NONE,1,reserved_only,,,,,Gn Women,latin,data/jk/2018/Kupwara.pdf,8,Kupwara.pdf
Jammu & Kashmir,2018,Name of District,Machil,Machil,PC-II,Machil,ward,Woman,NONE,1,reserved_only,,,,,Gn Women,latin,data/jk/2018/Kupwara.pdf,8,Kupwara.pdf
Jammu & Kashmir,2018,Name of District,Machil,Machil,PC-V,Machil,ward,Woman,NONE,1,reserved_only,,,,,Gn Women,latin,data/jk/2018/Kupwara.pdf,8,Kupwara.pdf
Jammu & Kashmir,2018,Name of District,Machil,Pushwari,PC-II,Pushwari,ward,Woman,NONE,1,reserved_only,,,,,Gn Women,latin,data/jk/2018/Kupwara.pdf,8,Kupwara.pdf
Jammu & Kashmir,2018,Name of District,Machil,Pushwari,PC-V,Pushwari,ward,Woman,NONE,1,reserved_only,,,,,Gn Women,latin,data/jk/2018/Kupwara.pdf,8,Kupwara.pdf
Jammu & Kashmir,2018,Name of District,Machil,Magam A,PC-II,Magam A,ward,Woman,NONE,1,reserved_only,,,,,Gn Women,latin,data/jk/2018/Kupwara.pdf,8,Kupwara.pdf
Jammu & Kashmir,2018,Name of District,Machil,Magam A,PC-V,magam A,ward,Woman,NONE,1,reserved_only,,,,,Gn Women,latin,data/jk/2018/Kupwara.pdf,8,Kupwara.pdf
Jammu & Kashmir,2018,Name of District,Machil,Magam A,PC-VIII,magam A,ward,Woman,NONE,1,reserved_only,,,,,Gn Women,latin,data/jk/2018/Kupwara.pdf,8,Kupwara.pdf
Jammu & Kashmir,2018,Name of District,Machil,Magam A,PC-XI,magam A,ward,Woman,NONE,1,reserved_only,,,,,Gn Women,latin,data/jk/2018/Kupwara.pdf,8,Kupwara.pdf
Jammu & Kashmir,2018,Name of District,Machil,Magam B,PC-II,Magam B,ward,Woman,NONE,1,reserved_only,,,,,Gn Women,latin,data/jk/2018/Kupwara.pdf,8,Kupwara.pdf
Jammu & Kashmir,2018,Name of District,Machil,Magam B,PC-V,Magam B,ward,Woman,NONE,1,reserved_only,,,,,Gn Women,latin,data/jk/2018/Kupwara.pdf,8,Kupwara.pdf
Jammu & Kashmir,2018,Name of District,Machil,Magam B,PC-VIII,Magam B,ward,Woman,NONE,1,reserved_only,,,,,Gn Women,latin,data/jk/2018/Kupwara.pdf,8,Kupwara.pdf
Jammu & Kashmir,2018,Name of District,Machil,Magam B,PC-XI,Magam B,ward,Woman,NONE,1,reserved_only,,,,,Gn Women,latin,data/jk/2018/Kupwara.pdf,8,Kupwara.pdf
Jammu & Kashmir,2018,Name of District,Machil,Magam c,PC-II,Magam c,ward,ST Woman,ST,1,reserved_only,,,,,ST Women,latin,data/jk/2018/Kupwara.pdf,8,Kupwara.pdf
Jammu & Kashmir,2018,Name of District,Machil,Magam c,PC-III,Magam c,ward,ST Other than Woman,ST,0,reserved_only,,,,,ST Reserved,latin,data/jk/2018/Kupwara.pdf,8,Kupwara.pdf
Jammu & Kashmir,2018,Name of District,Machil,Magam c,PC-V,Magam c,ward,Woman,NONE,1,reserved_only,,,,,Gn Women,latin,data/jk/2018/Kupwara.pdf,8,Kupwara.pdf
Jammu & Kashmir,2018,Name of District,Machil,Magam c,PC-VI,Magam c,ward,ST Other than Woman,ST,0,reserved_only,,,,,ST Reserved,latin,data/jk/2018/Kupwara.pdf,8,Kupwara.pdf
Jammu & Kashmir,2018,Name of District,Machil,Magam c,PC-VII,Ucher,ward,ST Other than Woman,ST,0,reserved_only,,,,,ST Reserved,latin,data/jk/2018/Kupwara.pdf,8,Kupwara.pdf
Jammu & Kashmir,2018,Name of District,Machil,NEELIPORA,PC-II,BABAGUND,ward,Woman,NONE,1,reserved_only,,,,,Gn Women,latin,data/jk/2018/Kupwara.pdf,8,Kupwara.pdf
Jammu & Kashmir,2018,Name of District,Machil,NEELIPORA,PC-V,NEELIPORA,ward,Woman,NONE,1,reserved_only,,,,,Gn Women,latin,data/jk/2018/Kupwara.pdf,8,Kupwara.pdf
Jammu & Kashmir,2018,Name of District,Machil,NEELIPORA,PC-VIII,BATAPORA,ward,Woman,NONE,1,reserved_only,,,,,Gn Women,latin,data/jk/2018/Kupwara.pdf,8,Kupwara.pdf
Jammu & Kashmir,2018,Name of District,Machil,OPEZWANI,PC-II,OPEZWANI,ward,Woman,NONE,1,reserved_only,,,,,Gn Women,latin,data/jk/2018/Kupwara.pdf,8,Kupwara.pdf
Jammu & Kashmir,2018,Name of District,Machil,OPEZWANI,PC-V,OPEZWANI,ward,Woman,NONE,1,reserved_only,,,,,Gn Women,latin,data/jk/2018/Kupwara.pdf,8,Kupwara.pdf
Jammu & Kashmir,2018,Name of District,Machil,OPEZWANI,PC-VIII,OPEZWANI,ward,ST Woman,ST,1,reserved_only,,,,,ST Women,latin,data/jk/2018/Kupwara.pdf,8,Kupwara.pdf
Jammu & Kashmir,2018,Name of District,Machil,OPEZWANI,PC-XI,OPEZWANI,ward,Woman,NONE,1,reserved_only,,,,,Gn Women,latin,data/jk/2018/Kupwara.pdf,8,Kupwara.pdf
Jammu & Kashmir,2018,Name of District,Machil,PALPORA,PC-II,PALPORA,ward,Woman,NONE,1,reserved_only,,,,,Gn Women,latin,data/jk/2018/Kupwara.pdf,8,Kupwara.pdf
Jammu & Kashmir,2018,Name of District,Machil,PALPORA,PC-V,PHALDAJI,ward,Woman,NONE,1,reserved_only,,,,,Gn Women,latin,data/jk/2018/Kupwara.pdf,8,Kupwara.pdf
Jammu & Kashmir,2018,Name of District,Machil,PALPORA,PC-VIII,WARPORA,ward,Woman,NONE,1,reserved_only,,,,,Gn Women,latin,data/jk/2018/Kupwara.pdf,8,Kupwara.pdf
Jammu & Kashmir,2018,Name of District,Machil,POZALPORA,PC-II,POZALPORA,ward,Woman,NONE,1,reserved_only,,,,,Gn Women,latin,data/jk/2018/Kupwara.pdf,8,Kupwara.pdf
Jammu & Kashmir,2018,Name of District,Machil,POZALPORA,PC-III,CHERMANDI,ward,ST Other than Woman,ST,0,reserved_only,,,,,ST Reserved,latin,data/jk/2018/Kupwara.pdf,8,Kupwara.pdf
Jammu & Kashmir,2018,Name of District,Machil,POZALPORA,PC-V,WAGHAT,ward,Woman,NONE,1,reserved_only,,,,,Gn Women,latin,data/jk/2018/Kupwara.pdf,8,Kupwara.pdf
Jammu & Kashmir,2018,Name of District,Machil,POZALPORA,PC-II,Tumpora,ward,Woman,NONE,1,reserved_only,,,,,Gn Women,latin,data/jk/2018/Kupwara.pdf,8,Kupwara.pdf
Jammu & Kashmir,2018,Name of District,Machil,POZALPORA,PC-V,Shogpora,ward,Woman,NONE,1,reserved_only,,,,,Gn Women,latin,data/jk/2018/Kupwara.pdf,8,Kupwara.pdf
Jammu & Kashmir,2018,Name of District,Machil,POZALPORA,PC-VIII,Geeripora,ward,Woman,NONE,1,reserved_only,,,,,Gn Women,latin,data/jk/2018/Kupwara.pdf,8,Kupwara.pdf
Jammu & Kashmir,2018,Name of District,Name of Block,POZALPORA,Number & Name of Panch Constituency,,ward,ST Woman,ST,1,reserved_only,,,,,Panch reservation for SC/ST/Women & ST (Where proportion of ST Polpulation is comperatively Large),latin,data/jk/2018/Kupwara.pdf,9,Kupwara.pdf
Jammu & Kashmir,2018,Name of District,Name of Block,POZALPORA,PC-XI,Geeripora,ward,Woman,NONE,1,reserved_only,,,,,Gn Women,latin,data/jk/2018/Kupwara.pdf,9,Kupwara.pdf
Jammu & Kashmir,2018,Name of District,Name of Block,SODAL,PC-II,SODAL,ward,Woman,NONE,1,reserved_only,,,,,Gn Women,latin,data/jk/2018/Kupwara.pdf,9,Kupwara.pdf
Jammu & Kashmir,2018,Name of District,Name of Block,SODAL,PC-V,CHECK SODAL,ward,Woman,NONE,1,reserved_only,,,,,Gn Women,latin,data/jk/2018/Kupwara.pdf,9,Kupwara.pdf
Jammu & Kashmir,2018,Name of District,Name of Block,SODAL,PC-VIII,KHANPORA,ward,Woman,NONE,1,reserved_only,,,,,Gn Women,latin,data/jk/2018/Kupwara.pdf,9,Kupwara.pdf
Jammu & Kashmir,2018,Name of District,Name of Block,SODAL,PC-XI,KHANPORA,ward,Woman,NONE,1,reserved_only,,,,,Gn Women,latin,data/jk/2018/Kupwara.pdf,9,Kupwara.pdf
Jammu & Kashmir,2018,Name of District,Name of Block,Audoora,PC-II,AUDOORA,ward,Woman,NONE,1,reserved_only,,,,,Gn Women,latin,data/jk/2018/Kupwara.pdf,9,Kupwara.pdf
Jammu & Kashmir,2018,Name of District,Name of Block,Audoora,PC-V,AUDOORA,ward,Woman,NONE,1,reserved_only,,,,,Gn Women,latin,data/jk/2018/Kupwara.pdf,9,Kupwara.pdf
Jammu & Kashmir,2018,Name of District,Name of Block,Audoora,PC-VIII,AUDOORA,ward,Woman,NONE,1,reserved_only,,,,,Gn Women,latin,data/jk/2018/Kupwara.pdf,9,Kupwara.pdf
Jammu & Kashmir,2018,Name of District,Name of Block,Audoora,PC-XI,KP-124- WARPORA AUDOORA,ward,Woman,NONE,1,reserved_only,,,,,Gn Women,latin,data/jk/2018/Kupwara.pdf,9,Kupwara.pdf
Jammu & Kashmir,2018,Name of District,Name of Block,Banday,PC-I,BANDAY,ward,ST Other than Woman,ST,0,reserved_only,,,,,ST Reserved,latin,data/jk/2018/Kupwara.pdf,9,Kupwara.pdf
Jammu & Kashmir,2018,Name of District,Name of Block,Banday,PC-II,BANDAY,ward,ST Woman,ST,1,reserved_only,,,,,ST Women,latin,data/jk/2018/Kupwara.pdf,9,Kupwara.pdf
Jammu & Kashmir,2018,Name of District,Name of Block,Banday,PC-III,BANDAY,ward,ST Other than Woman,ST,0,reserved_only,,,,,ST Reserved,latin,data/jk/2018/Kupwara.pdf,9,Kupwara.pdf
Jammu & Kashmir,2018,Name of District,Name of Block,Banday,PC-V,BANDAY,ward,ST Woman,ST,1,reserved_only,,,,,ST Women,latin,data/jk/2018/Kupwara.pdf,9,Kupwara.pdf
Jammu & Kashmir,2018,Name of District,Name of Block,Banday,PC-VI,BANDAY,ward,ST Other than Woman,ST,0,reserved_only,,,,,ST Reserved,latin,data/jk/2018/Kupwara.pdf,9,Kupwara.pdf
Jammu & Kashmir,2018,Name of District,Name of Block,Banday,PC-VII,KP125 BANDAY,ward,ST Other than Woman,ST,0,reserved_only,,,,,ST Reserved,latin,data/jk/2018/Kupwara.pdf,9,Kupwara.pdf
Jammu & Kashmir,2018,Name of District,Name of Block,Batgund,PC-II,BATAGUND,ward,Woman,NONE,1,reserved_only,,,,,Gn Women,latin,data/jk/2018/Kupwara.pdf,9,Kupwara.pdf
Jammu & Kashmir,2018,Name of District,Name of Block,Batgund,PC-V,BATAGUND,ward,Woman,NONE,1,reserved_only,,,,,Gn Women,latin,data/jk/2018/Kupwara.pdf,9,Kupwara.pdf
Jammu & Kashmir,2018,Name of District,Name of Block,Batgund,PC-VIII,BATAGUND,ward,Woman,NONE,1,reserved_only,,,,,Gn Women,latin,data/jk/2018/Kupwara.pdf,9,Kupwara.pdf
Jammu & Kashmir,2018,Name of District,Name of Block,Batgund,PC-XI,BATAGUND,ward,Woman,NONE,1,reserved_only,,,,,Gn Women,latin,data/jk/2018/Kupwara.pdf,9,Kupwara.pdf
Jammu & Kashmir,2018,Name of District,Name of Block,Hangah,PC-II,HANGAH,ward,Woman,NONE,1,reserved_only,,,,,Gn Women,latin,data/jk/2018/Kupwara.pdf,9,Kupwara.pdf
Jammu & Kashmir,2018,Name of District,Name of Block,Hangah,PC-V,HANGAH,ward,Woman,NONE,1,reserved_only,,,,,Gn Women,latin,data/jk/2018/Kupwara.pdf,9,Kupwara.pdf
Jammu & Kashmir,2018,Name of District,Name of Block,Hangah,PC-VIII,HANGAH,ward,Woman,NONE,1,reserved_only,,,,,Gn Women,latin,data/jk/2018/Kupwara.pdf,9,Kupwara.pdf
Jammu & Kashmir,2018,Name of District,Name of Block,Hangah,PC-XI,KP-127 HANGAH,ward,Woman,NONE,1,reserved_only,,,,,Gn Women,latin,data/jk/2018/Kupwara.pdf,9,Kupwara.pdf
Jammu & Kashmir,2018,Name of District,Name of Block,Haril,PC-II,HARIL,ward,Woman,NONE,1,reserved_only,,,,,Gn Women,latin,data/jk/2018/Kupwara.pdf,9,Kupwara.pdf
Jammu & Kashmir,2018,Name of District,Name of Block,Haril,PC-V,HARIL,ward,Woman,NONE,1,reserved_only,,,,,Gn Women,latin,data/jk/2018/Kupwara.pdf,9,Kupwara.pdf
Jammu & Kashmir,2018,Name of District,Name of Block,Haril,PC-VIII,HARIL,ward,Woman,NONE,1,reserved_only,,,,,Gn Women,latin,data/jk/2018/Kupwara.pdf,9,Kupwara.pdf
Jammu & Kashmir,2018,Name of District,Name of Block,Haril,PC-XI,HARIL,ward,Woman,NONE,1,reserved_only,,,,,Gn Women,latin,data/jk/2018/Kupwara.pdf,9,Kupwara.pdf
Jammu & Kashmir,2018,Name of District,Name of Block,Jehama,PC-II,JEHAMA,ward,Woman,NONE,1,reserved_only,,,,,Gn Women,latin,data/jk/2018/Kupwara.pdf,9,Kupwara.pdf
Jammu & Kashmir,2018,Name of District,Name of Block,Jehama,PC-V,JEHAMA,ward,Woman,NONE,1,reserved_only,,,,,Gn Women,latin,data/jk/2018/Kupwara.pdf,9,Kupwara.pdf
Jammu & Kashmir,2018,Name of District,Name of Block,Jehama,PC-VIII,JEHAMA,ward,Woman,NONE,1,reserved_only,,,,,Gn Women,latin,data/jk/2018/Kupwara.pdf,9,Kupwara.pdf
Jammu & Kashmir,2018,Name of District,Name of Block,Kalamchakla,PC-II,KALAMCHAKLA,ward,Woman,NONE,1,reserved_only,,,,,Gn Women,latin,data/jk/2018/Kupwara.pdf,9,Kupwara.pdf
Jammu & Kashmir,2018,Name of District,Name of Block,Kalamchakla,PC-V,KALAMCHAKLA,ward,Woman,NONE,1,reserved_only,,,,,Gn Women,latin,data/jk/2018/Kupwara.pdf,9,Kupwara.pdf
Jammu & Kashmir,2018,Name of District,Name of Block,Kalamchakla,PC-VIII,KP-130 KALAMCHAKLA,ward,Woman,NONE,1,reserved_only,,,,,Gn Women,latin,data/jk/2018/Kupwara.pdf,9,Kupwara.pdf
Jammu & Kashmir,2018,Name of District,Name of Block,Kalamchakla,PC-XI,KALAMCHAKLA,ward,Woman,NONE,1,reserved_only,,,,,Gn Women,latin,data/jk/2018/Kupwara.pdf,9,Kupwara.pdf
Jammu & Kashmir,2018,Name of District,Name of Block,Kargam,PC-II,KP-131 KARGAM,ward,Woman,NONE,1,reserved_only,,,,,Gn Women,latin,data/jk/2018/Kupwara.pdf,9,Kupwara.pdf
Jammu & Kashmir,2018,Name of District,Name of Block,Kargam,PC-V,KARGAM,ward,Woman,NONE,1,reserved_only,,,,,Gn Women,latin,data/jk/2018/Kupwara.pdf,9,Kupwara.pdf
Jammu & Kashmir,2018,Name of District,Name of Block,Kargam,PC-VIII,KARGAM,ward,Woman,NONE,1,reserved_only,,,,,Gn Women,latin,data/jk/2018/Kupwara.pdf,9,Kupwara.pdf
Jammu & Kashmir,2018,Name of District,Name of Block,Khudi,PC-I,KHUDI,ward,ST Other than Woman,ST,0,reserved_only,,,,,ST Reserved,latin,data/jk/2018/Kupwara.pdf,9,Kupwara.pdf
Jammu & Kashmir,2018,Name of District,Name of Block,Khudi,PC-II,KHUDI,ward,Woman,NONE,1,reserved_only,,,,,Gn Women,latin,data/jk/2018/Kupwara.pdf,9,Kupwara.pdf
Jammu & Kashmir,2018,Name of District,Name of Block,Khudi,PC-III,KHUDI,ward,ST Other than Woman,ST,0,reserved_only,,,,,ST Reserved,latin,data/jk/2018/Kupwara.pdf,9,Kupwara.pdf
Jammu & Kashmir,2018,Name of District,Name of Block,Khudi,PC-V,KHUDI,ward,ST Woman,ST,1,reserved_only,,,,,ST Women,latin,data/jk/2018/Kupwara.pdf,9,Kupwara.pdf
Jammu & Kashmir,2018,Name of District,Name of Block,Lach,PC-II,LACH,ward,Woman,NONE,1,reserved_only,,,,,Gn Women,latin,data/jk/2018/Kupwara.pdf,9,Kupwara.pdf
Jammu & Kashmir,2018,Name of District,Name of Block,Lach,PC-V,LACH,ward,Woman,NONE,1,reserved_only,,,,,Gn Women,latin,data/jk/2018/Kupwara.pdf,9,Kupwara.pdf
Jammu & Kashmir,2018,Name of District,Name of Block,Lach,PC-VIII,LACH,ward,Woman,NONE,1,reserved_only,,,,,Gn Women,latin,data/jk/2018/Kupwara.pdf,9,Kupwara.pdf
Jammu & Kashmir,2018,Name of District,Name of Block,Lach,PC-XI,LACH,ward,Woman,NONE,1,reserved_only,,,,,Gn Women,latin,data/jk/2018/Kupwara.pdf,9,Kupwara.pdf
Jammu & Kashmir,2018,Name of District,Name of Block,Maratgam,PC-II,Maratgam,ward,Woman,NONE,1,reserved_only,,,,,Gn Women,latin,data/jk/2018/Kupwara.pdf,9,Kupwara.pdf
Jammu & Kashmir,2018,Name of District,Name of Block,Maratgam,PC-V,Maratgam,ward,Woman,NONE,1,reserved_only,,,,,Gn Women,latin,data/jk/2018/Kupwara.pdf,9,Kupwara.pdf
Jammu & Kashmir,2018,Name of District,Name of Block,Maratgam,PC-VIII,Maratgam,ward,Woman,NONE,1,reserved_only,,,,,Gn Women,latin,data/jk/2018/Kupwara.pdf,9,Kupwara.pdf
Jammu & Kashmir,2018,Name of District,Name of Block,Maratgam,PC-XI,KP-134 Maratgam,ward,Woman,NONE,1,reserved_only,,,,,Gn Women,latin,data/jk/2018/Kupwara.pdf,9,Kupwara.pdf
Jammu & Kashmir,2018,Name of District,Name of Block,Maratgam,PC-II,MAWER,ward,Woman,NONE,1,reserved_only,,,,,Gn Women,latin,data/jk/2018/Kupwara.pdf,9,Kupwara.pdf
Jammu & Kashmir,2018,Name of District,Name of Block,Maratgam,Number & Name of Panch Constituency,,ward,ST Woman,ST,1,reserved_only,,,,,Panch reservation for SC/ST/Women & ST (Where proportion of ST Polpulation is comperatively Large),latin,data/jk/2018/Kupwara.pdf,10,Kupwara.pdf
Jammu & Kashmir,2018,Name of District,Name of Block,Maratgam,PC-V,MAWER,ward,Woman,NONE,1,reserved_only,,,,,Gn Women,latin,data/jk/2018/Kupwara.pdf,10,Kupwara.pdf
Jammu & Kashmir,2018,Name of District,Name of Block,Maratgam,PC-VIII,MAWER,ward,Woman,NONE,1,reserved_only,,,,,Gn Women,latin,data/jk/2018/Kupwara.pdf,10,Kupwara.pdf
Jammu & Kashmir,2018,Name of District,Name of Block,Maratgam,PC-XI,MAWER,ward,Woman,NONE,1,reserved_only,,,,,Gn Women,latin,data/jk/2018/Kupwara.pdf,10,Kupwara.pdf
Jammu & Kashmir,2018,Name of District,Name of Block,Moonbal,PC-I,Moonbal,ward,ST Other than Woman,ST,0,reserved_only,,,,,ST Reserved,latin,data/jk/2018/Kupwara.pdf,10,Kupwara.pdf
Jammu & Kashmir,2018,Name of District,Name of Block,Moonbal,PC-II,Moonbal,ward,ST Woman,ST,1,reserved_only,,,,,ST Women,latin,data/jk/2018/Kupwara.pdf,10,Kupwara.pdf
Jammu & Kashmir,2018,Name of District,Name of Block,Moonbal,PC-III,Moonbal,ward,ST Other than Woman,ST,0,reserved_only,,,,,ST Reserved,latin,data/jk/2018/Kupwara.pdf,10,Kupwara.pdf
Jammu & Kashmir,2018,Name of District,Name of Block,Moonbal,PC-IV,Lahikoot,ward,ST Other than Woman,ST,0,reserved_only,,,,,ST Reserved,latin,data/jk/2018/Kupwara.pdf,10,Kupwara.pdf
Jammu & Kashmir,2018,Name of District,Name of Block,Moonbal,PC-V,Lahikoot,ward,ST Woman,ST,1,reserved_only,,,,,ST Women,latin,data/jk/2018/Kupwara.pdf,10,Kupwara.pdf
Jammu & Kashmir,2018,Name of District,Name of Block,Moonbal,PC-VI,KP-136 Utroosa,ward,ST Other than Woman,ST,0,reserved_only,,,,,ST Reserved,latin,data/jk/2018/Kupwara.pdf,10,Kupwara.pdf
Jammu & Kashmir,2018,Name of District,Name of Block,Moonbal,PC-VII,Moonbal,ward,ST Other than Woman,ST,0,reserved_only,,,,,ST Reserved,latin,data/jk/2018/Kupwara.pdf,10,Kupwara.pdf
Jammu & Kashmir,2018,Name of District,Name of Block,Nowgam A,PC-I,NOWGAM A,ward,ST Other than Woman,ST,0,reserved_only,,,,,ST Reserved,latin,data/jk/2018/Kupwara.pdf,10,Kupwara.pdf
Jammu & Kashmir,2018,Name of District,Name of Block,Nowgam A,PC-II,NOWGAM A,ward,Woman,NONE,1,reserved_only,,,,,Gn Women,latin,data/jk/2018/Kupwara.pdf,10,Kupwara.pdf
Jammu & Kashmir,2018,Name of District,Name of Block,Nowgam A,PC-V,KP-137 INDERDAJI,ward,Woman,NONE,1,reserved_only,,,,,Gn Women,latin,data/jk/2018/Kupwara.pdf,10,Kupwara.pdf
Jammu & Kashmir,2018,Name of District,Name of Block,Nowgam A,PC-VI,NOWGAM A,ward,ST Other than Woman,ST,0,reserved_only,,,,,ST Reserved,latin,data/jk/2018/Kupwara.pdf,10,Kupwara.pdf
Jammu & Kashmir,2018,Name of District,Name of Block,Nowgam B,PC-I,NOWGAM B,ward,ST Other than Woman,ST,0,reserved_only,,,,,ST Reserved,latin,data/jk/2018/Kupwara.pdf,10,Kupwara.pdf
Jammu & Kashmir,2018,Name of District,Name of Block,Nowgam B,PC-II,KP-138 PUTWARI,ward,ST Woman,ST,1,reserved_only,,,,,ST Women,latin,data/jk/2018/Kupwara.pdf,10,Kupwara.pdf
Jammu & Kashmir,2018,Name of District,Name of Block,Nowgam B,PC-III,NOWGAM B,ward,ST Other than Woman,ST,0,reserved_only,,,,,ST Reserved,latin,data/jk/2018/Kupwara.pdf,10,Kupwara.pdf
Jammu & Kashmir,2018,Name of District,Name of Block,Nowgam B,PC-V,NOWGAM B,ward,Woman,NONE,1,reserved_only,,,,,Gn Women,latin,data/jk/2018/Kupwara.pdf,10,Kupwara.pdf
Jammu & Kashmir,2018,Name of District,Name of Block,Pringroo,PC-II,PRINGROO,ward,Woman,NONE,1,reserved_only,,,,,Gn Women,latin,data/jk/2018/Kupwara.pdf,10,Kupwara.pdf
Jammu & Kashmir,2018,Name of District,Name of Block,Pringroo,PC-V,PRINGROO,ward,Woman,NONE,1,reserved_only,,,,,Gn Women,latin,data/jk/2018/Kupwara.pdf,10,Kupwara.pdf
Jammu & Kashmir,2018,Name of District,Name of Block,Pringroo,PC-VIII,KP-139 CHONTIPORA,ward,Woman,NONE,1,reserved_only,,,,,Gn Women,latin,data/jk/2018/Kupwara.pdf,10,Kupwara.pdf
Jammu & Kashmir,2018,Name of District,Name of Block,Pringroo,PC-XI,PRINGROO,ward,Woman,NONE,1,reserved_only,,,,,Gn Women,latin,data/jk/2018/Kupwara.pdf,10,Kupwara.pdf
Jammu & Kashmir,2018,Name of District,Name of Block,Shahnagri,PC-II,SHAHNAGRI,ward,Woman,NONE,1,reserved_only,,,,,Gn Women,latin,data/jk/2018/Kupwara.pdf,10,Kupwara.pdf
Jammu & Kashmir,2018,Name of District,Name of Block,Shahnagri,PC-V,SHAHNAGRI,ward,Woman,NONE,1,reserved_only,,,,,Gn Women,latin,data/jk/2018/Kupwara.pdf,10,Kupwara.pdf
Jammu & Kashmir,2018,Name of District,Name of Block,Shahnagri,PC-VIII,KP-140 SHAHNAGRI,ward,Woman,NONE,1,reserved_only,,,,,Gn Women,latin,data/jk/2018/Kupwara.pdf,10,Kupwara.pdf
Jammu & Kashmir,2018,Name of District,Name of Block,Shanoo,PC-II,SHANOO,ward,Woman,NONE,1,reserved_only,,,,,Gn Women,latin,data/jk/2018/Kupwara.pdf,10,Kupwara.pdf
Jammu & Kashmir,2018,Name of District,Name of Block,Shanoo,PC-V,SHANOO,ward,Woman,NONE,1,reserved_only,,,,,Gn Women,latin,data/jk/2018/Kupwara.pdf,10,Kupwara.pdf
Jammu & Kashmir,2018,Name of District,Name of Block,Shanoo,PC-VIII,SHANOO,ward,Woman,NONE,1,reserved_only,,,,,Gn Women,latin,data/jk/2018/Kupwara.pdf,10,Kupwara.pdf
Jammu & Kashmir,2018,Name of District,Name of Block,Shartgund Bala,PC-II,KP-142 Shartgund Bala,ward,Woman,NONE,1,reserved_only,,,,,Gn Women,latin,data/jk/2018/Kupwara.pdf,10,Kupwara.pdf
Jammu & Kashmir,2018,Name of District,Name of Block,Shartgund Bala,PC-V,Shartgund Bala,ward,Woman,NONE,1,reserved_only,,,,,Gn Women,latin,data/jk/2018/Kupwara.pdf,10,Kupwara.pdf
Jammu & Kashmir,2018,Name of District,Name of Block,Teerna,PC-II,TEERNA,ward,Woman,NONE,1,reserved_only,,,,,Gn Women,latin,data/jk/2018/Kupwara.pdf,10,Kupwara.pdf
Jammu & Kashmir,2018,Name of District,Name of Block,Teerna,PC-V,TEERNA,ward,Woman,NONE,1,reserved_only,,,,,Gn Women,latin,data/jk/2018/Kupwara.pdf,10,Kupwara.pdf
Jammu & Kashmir,2018,Name of District,Name of Block,Teerna,PC-VIII,TEERNA,ward,Woman,NONE,1,reserved_only,,,,,Gn Women,latin,data/jk/2018/Kupwara.pdf,10,Kupwara.pdf
Jammu & Kashmir,2018,Name of District,Name of Block,Yahama A,PC-II,Yahama A,ward,Woman,NONE,1,reserved_only,,,,,Gn Women,latin,data/jk/2018/Kupwara.pdf,10,Kupwara.pdf
Jammu & Kashmir,2018,Name of District,Name of Block,Yahama A,PC-V,Yahama A,ward,Woman,NONE,1,reserved_only,,,,,Gn Women,latin,data/jk/2018/Kupwara.pdf,10,Kupwara.pdf
Jammu & Kashmir,2018,Name of District,Name of Block,Yahama B,PC-II,Yahama B,ward,Woman,NONE,1,reserved_only,,,,,Gn Women,latin,data/jk/2018/Kupwara.pdf,10,Kupwara.pdf
Jammu & Kashmir,2018,Name of District,Name of Block,Yahama B,PC-V,Yahama B,ward,Woman,NONE,1,reserved_only,,,,,Gn Women,latin,data/jk/2018/Kupwara.pdf,10,Kupwara.pdf
Jammu & Kashmir,2018,Name of District,Name of Block,Dard Harie,PC-II,Dard Harie ii,ward,Woman,NONE,1,reserved_only,,,,,Gn Women,latin,data/jk/2018/Kupwara.pdf,10,Kupwara.pdf
Jammu & Kashmir,2018,Name of District,Name of Block,Dard Harie,PC-V,Dard Harie v,ward,Woman,NONE,1,reserved_only,,,,,Gn Women,latin,data/jk/2018/Kupwara.pdf,10,Kupwara.pdf
Jammu & Kashmir,2018,Name of District,Name of Block,Dard Harie,PC-VIII,Dard Harie viii,ward,Woman,NONE,1,reserved_only,,,,,Gn Women,latin,data/jk/2018/Kupwara.pdf,10,Kupwara.pdf
Jammu & Kashmir,2018,Name of District,Name of Block,Dardharie A,PC-II,Dardharie- A-ii,ward,Woman,NONE,1,reserved_only,,,,,Gn Women,latin,data/jk/2018/Kupwara.pdf,10,Kupwara.pdf
Jammu & Kashmir,2018,Name of District,Name of Block,Dardharie A,PC-V,Dardharie- A-v,ward,Woman,NONE,1,reserved_only,,,,,Gn Women,latin,data/jk/2018/Kupwara.pdf,10,Kupwara.pdf
Jammu & Kashmir,2018,Name of District,Name of Block,Farkin,PC-II,Farkin,ward,Woman,NONE,1,reserved_only,,,,,Gn Women,latin,data/jk/2018/Kupwara.pdf,10,Kupwara.pdf
Jammu & Kashmir,2018,Name of District,Name of Block,Farkin,PC-III,Farkin,ward,ST Other than Woman,ST,0,reserved_only,,,,,ST Reserved,latin,data/jk/2018/Kupwara.pdf,10,Kupwara.pdf
Jammu & Kashmir,2018,Name of District,Name of Block,Farkin,PC-V,Farkin,ward,Woman,NONE,1,reserved_only,,,,,Gn Women,latin,data/jk/2018/Kupwara.pdf,10,Kupwara.pdf
Jammu & Kashmir,2018,Name of District,Name of Block,Farkin,PC-VIII,Farkin,ward,Woman,NONE,1,reserved_only,,,,,Gn Women,latin,data/jk/2018/Kupwara.pdf,10,Kupwara.pdf
Jammu & Kashmir,2018,Name of District,Name of Block,Kachama A,PC-II,Kachama A,ward,Woman,NONE,1,reserved_only,,,,,Gn Women,latin,data/jk/2018/Kupwara.pdf,10,Kupwara.pdf
Jammu & Kashmir,2018,Name of District,Name of Block,Kachama A,PC-III,Kachama A,ward,ST Other than Woman,ST,0,reserved_only,,,,,ST Reserved,latin,data/jk/2018/Kupwara.pdf,10,Kupwara.pdf
Jammu & Kashmir,2018,Name of District,Name of Block,Kachama A,PC-V,Kachama A,ward,Woman,NONE,1,reserved_only,,,,,Gn Women,latin,data/jk/2018/Kupwara.pdf,10,Kupwara.pdf
Jammu & Kashmir,2018,Name of District,Name of Block,Kachama A,PC-VIII,Kachama A,ward,Woman,NONE,1,reserved_only,,,,,Gn Women,latin,data/jk/2018/Kupwara.pdf,10,Kupwara.pdf
Jammu & Kashmir,2018,Name of District,Name of Block,Kachama A,PC-I,Kachama B,ward,ST Other than Woman,ST,0,reserved_only,,,,,ST Reserved,latin,data/jk/2018/Kupwara.pdf,10,Kupwara.pdf
Jammu & Kashmir,2018,Name of District,Name of Block,Kachama A,PC-II,Kachama B,ward,ST Woman,ST,1,reserved_only,,,,,ST Women,latin,data/jk/2018/Kupwara.pdf,10,Kupwara.pdf
Jammu & Kashmir,2018,Name of District,Name of Block,Kachama A,Number & Name of Panch Constituency,,ward,ST Woman,ST,1,reserved_only,,,,,Panch reservation for SC/ST/Women & ST (Where proportion of ST Polpulation is comperatively Large),latin,data/jk/2018/Kupwara.pdf,11,Kupwara.pdf
Jammu & Kashmir,2018,Name of District,Name of Block,Kachama A,PC-III,Kachama B,ward,ST Other than Woman,ST,0,reserved_only,,,,,ST Reserved,latin,data/jk/2018/Kupwara.pdf,11,Kupwara.pdf
Jammu & Kashmir,2018,Name of District,Name of Block,Kachama A,PC-IV,Kachama B,ward,ST Other than Woman,ST,0,reserved_only,,,,,ST Reserved,latin,data/jk/2018/Kupwara.pdf,11,Kupwara.pdf
Jammu & Kashmir,2018,Name of District,Name of Block,Kachama A,PC-V,Kachama B,ward,Woman,NONE,1,reserved_only,,,,,Gn Women,latin,data/jk/2018/Kupwara.pdf,11,Kupwara.pdf
Jammu & Kashmir,2018,Name of District,Name of Block,Kachama A,PC-VIII,Kachama B,ward,Woman,NONE,1,reserved_only,,,,,Gn Women,latin,data/jk/2018/Kupwara.pdf,11,Kupwara.pdf
Jammu & Kashmir,2018,Name of District,Name of Block,Lone Harie A,PC-II,Lone Harie A,ward,Woman,NONE,1,reserved_only,,,,,Gn Women,latin,data/jk/2018/Kupwara.pdf,11,Kupwara.pdf
Jammu & Kashmir,2018,Name of District,Name of Block,Lone Harie A,PC-V,Lone Harie A,ward,Woman,NONE,1,reserved_only,,,,,Gn Women,latin,data/jk/2018/Kupwara.pdf,11,Kupwara.pdf
Jammu & Kashmir,2018,Name of District,Name of Block,Lone Harie B,PC-II,lone Harie B,ward,Woman,NONE,1,reserved_only,,,,,Gn Women,latin,data/jk/2018/Kupwara.pdf,11,Kupwara.pdf
Jammu & Kashmir,2018,Name of District,Name of Block,Lone Harie B,PC-III,lone Harie B,ward,ST Other than Woman,ST,0,reserved_only,,,,,ST Reserved,latin,data/jk/2018/Kupwara.pdf,11,Kupwara.pdf
Jammu & Kashmir,2018,Name of District,Name of Block,Lone Harie B,PC-V,lone Harie B,ward,ST Woman,ST,1,reserved_only,,,,,ST Women,latin,data/jk/2018/Kupwara.pdf,11,Kupwara.pdf
Jammu & Kashmir,2018,Name of District,Name of Block,Meelyal A,PC-II,Lone Mohala-ii,ward,Woman,NONE,1,reserved_only,,,,,Gn Women,latin,data/jk/2018/Kupwara.pdf,11,Kupwara.pdf
Jammu & Kashmir,2018,Name of District,Name of Block,Meelyal A,PC-V,Ahangar/Malik Mohala-v,ward,Woman,NONE,1,reserved_only,,,,,Gn Women,latin,data/jk/2018/Kupwara.pdf,11,Kupwara.pdf
Jammu & Kashmir,2018,Name of District,Name of Block,Meelyal,PC-II,Meelyal ii,ward,Woman,NONE,1,reserved_only,,,,,Gn Women,latin,data/jk/2018/Kupwara.pdf,11,Kupwara.pdf
Jammu & Kashmir,2018,Name of District,Name of Block,Meelyal,PC-V,Meelyal v,ward,Woman,NONE,1,reserved_only,,,,,Gn Women,latin,data/jk/2018/Kupwara.pdf,11,Kupwara.pdf
Jammu & Kashmir,2018,Name of District,Name of Block,Rashanpora A,PC-II,Rashionpora-A,ward,Woman,NONE,1,reserved_only,,,,,Gn Women,latin,data/jk/2018/Kupwara.pdf,11,Kupwara.pdf
Jammu & Kashmir,2018,Name of District,Name of Block,Rashanpora A,PC-V,Rashionpora-A,ward,Woman,NONE,1,reserved_only,,,,,Gn Women,latin,data/jk/2018/Kupwara.pdf,11,Kupwara.pdf
Jammu & Kashmir,2018,Name of District,Name of Block,Rashanpora A,PC-VI,RashionporaA,ward,ST Other than Woman,ST,0,reserved_only,,,,,ST Reserved,latin,data/jk/2018/Kupwara.pdf,11,Kupwara.pdf
Jammu & Kashmir,2018,Name of District,Name of Block,Rashanpora B,PC-II,Rashionpora B-,ward,Woman,NONE,1,reserved_only,,,,,Gn Women,latin,data/jk/2018/Kupwara.pdf,11,Kupwara.pdf
Jammu & Kashmir,2018,Name of District,Name of Block,Rashanpora B,PC-V,Rashionpora B-,ward,Woman,NONE,1,reserved_only,,,,,Gn Women,latin,data/jk/2018/Kupwara.pdf,11,Kupwara.pdf
Jammu & Kashmir,2018,Name of District,Natnussa,Jaggerpora,PC-II,Jaggerpora,ward,Woman,NONE,1,reserved_only,,,,,Gn Women,latin,data/jk/2018/Kupwara.pdf,11,Kupwara.pdf
Jammu & Kashmir,2018,Name of District,Natnussa,Jaggerpora,PC-V,Jaggerpora,ward,Woman,NONE,1,reserved_only,,,,,Gn Women,latin,data/jk/2018/Kupwara.pdf,11,Kupwara.pdf
Jammu & Kashmir,2018,Name of District,Natnussa,Kandi A,PC-II,Kandi A,ward,Woman,NONE,1,reserved_only,,,,,Gn Women,latin,data/jk/2018/Kupwara.pdf,11,Kupwara.pdf
Jammu & Kashmir,2018,Name of District,Natnussa,Kandi A,PC-V,Kandi A,ward,Woman,NONE,1,reserved_only,,,,,Gn Women,latin,data/jk/2018/Kupwara.pdf,11,Kupwara.pdf
Jammu & Kashmir,2018,Name of District,Natnussa,Kandi A,PC-VIII,Kandi A,ward,Woman,NONE,1,reserved_only,,,,,Gn Women,latin,data/jk/2018/Kupwara.pdf,11,Kupwara.pdf
Jammu & Kashmir,2018,Name of District,Natnussa,Kandi A,PC-XI,KP-156 Ward-XI,ward,Woman,NONE,1,reserved_only,,,,,Gn Women,latin,data/jk/2018/Kupwara.pdf,11,Kupwara.pdf
Jammu & Kashmir,2018,Name of District,Natnussa,Kandi B,PC-II,Kandi B,ward,Woman,NONE,1,reserved_only,,,,,Gn Women,latin,data/jk/2018/Kupwara.pdf,11,Kupwara.pdf
Jammu & Kashmir,2018,Name of District,Natnussa,Kandi B,PC-V,Kandi B,ward,Woman,NONE,1,reserved_only,,,,,Gn Women,latin,data/jk/2018/Kupwara.pdf,11,Kupwara.pdf
Jammu & Kashmir,2018,Name of District,Natnussa,Kandi B,PC-VIII,Kandi B,ward,Woman,NONE,1,reserved_only,,,,,Gn Women,latin,data/jk/2018/Kupwara.pdf,11,Kupwara.pdf
Jammu & Kashmir,2018,Name of District,Natnussa,Kandi B,PC-XI,KP-157 Ward-XI,ward,Woman,NONE,1,reserved_only,,,,,Gn Women,latin,data/jk/2018/Kupwara.pdf,11,Kupwara.pdf
Jammu & Kashmir,2018,Name of District,Natnussa,Kawari,PC-II,Kawari,ward,Woman,NONE,1,reserved_only,,,,,Gn Women,latin,data/jk/2018/Kupwara.pdf,11,Kupwara.pdf
Jammu & Kashmir,2018,Name of District,Natnussa,Kawari,PC-V,Kawari,ward,Woman,NONE,1,reserved_only,,,,,Gn Women,latin,data/jk/2018/Kupwara.pdf,11,Kupwara.pdf
Jammu & Kashmir,2018,Name of District,Natnussa,Keegam,PC-II,Keegam,ward,Woman,NONE,1,reserved_only,,,,,Gn Women,latin,data/jk/2018/Kupwara.pdf,11,Kupwara.pdf
Jammu & Kashmir,2018,Name of District,Natnussa,Keegam,PC-V,Keegam,ward,Woman,NONE,1,reserved_only,,,,,Gn Women,latin,data/jk/2018/Kupwara.pdf,11,Kupwara.pdf
Jammu & Kashmir,2018,Name of District,Natnussa,Keegam,PC-VIII,Keegam,ward,Woman,NONE,1,reserved_only,,,,,Gn Women,latin,data/jk/2018/Kupwara.pdf,11,Kupwara.pdf
Jammu & Kashmir,2018,Name of District,Natnussa,Natnussa A,PC-II,Natnussa A,ward,Woman,NONE,1,reserved_only,,,,,Gn Women,latin,data/jk/2018/Kupwara.pdf,11,Kupwara.pdf
Jammu & Kashmir,2018,Name of District,Natnussa,Natnussa A,PC-V,Natnussa A,ward,Woman,NONE,1,reserved_only,,,,,Gn Women,latin,data/jk/2018/Kupwara.pdf,11,Kupwara.pdf
Jammu & Kashmir,2018,Name of District,Natnussa,Natnussa A,PC-VIII,Natnussa A,ward,Woman,NONE,1,reserved_only,,,,,Gn Women,latin,data/jk/2018/Kupwara.pdf,11,Kupwara.pdf
Jammu & Kashmir,2018,Name of District,Natnussa,Natnussa A,PC-XI,KP-160 Ward-XI,ward,Woman,NONE,1,reserved_only,,,,,Gn Women,latin,data/jk/2018/Kupwara.pdf,11,Kupwara.pdf
Jammu & Kashmir,2018,Name of District,Natnussa,Natnussa B,PC-II,Natnussa B,ward,Woman,NONE,1,reserved_only,,,,,Gn Women,latin,data/jk/2018/Kupwara.pdf,11,Kupwara.pdf
Jammu & Kashmir,2018,Name of District,Natnussa,Natnussa B,PC-V,Natnussa B,ward,Woman,NONE,1,reserved_only,,,,,Gn Women,latin,data/jk/2018/Kupwara.pdf,11,Kupwara.pdf
Jammu & Kashmir,2018,Name of District,Natnussa,Natnussa B,PC-VIII,Natnussa B,ward,Woman,NONE,1,reserved_only,,,,,Gn Women,latin,data/jk/2018/Kupwara.pdf,11,Kupwara.pdf
Jammu & Kashmir,2018,Name of District,Natnussa,Natnussa B,PC-XI,KP-161 Ward-XI,ward,Woman,NONE,1,reserved_only,,,,,Gn Women,latin,data/jk/2018/Kupwara.pdf,11,Kupwara.pdf
Jammu & Kashmir,2018,Name of District,Natnussa,Tirch,PC-II,Trich,ward,Woman,NONE,1,reserved_only,,,,,Gn Women,latin,data/jk/2018/Kupwara.pdf,11,Kupwara.pdf
Jammu & Kashmir,2018,Name of District,Natnussa,Tirch,PC-V,Trich,ward,Woman,NONE,1,reserved_only,,,,,Gn Women,latin,data/jk/2018/Kupwara.pdf,11,Kupwara.pdf
Jammu & Kashmir,2018,Name of District,Natnussa,Vodhpora,PC-II,Vodhpora,ward,Woman,NONE,1,reserved_only,,,,,Gn Women,latin,data/jk/2018/Kupwara.pdf,11,Kupwara.pdf
Jammu & Kashmir,2018,Name of District,Natnussa,Vodhpora,PC-V,Vodhpora,ward,Woman,NONE,1,reserved_only,,,,,Gn Women,latin,data/jk/2018/Kupwara.pdf,11,Kupwara.pdf
Jammu & Kashmir,2018,Name of District,Natnussa,Vodhpora,PC-VIII,Vodhpora,ward,Woman,NONE,1,reserved_only,,,,,Gn Women,latin,data/jk/2018/Kupwara.pdf,11,Kupwara.pdf
Jammu & Kashmir,2018,Name of District,Natnussa,Waterkhani,PC-II,Waterkhani,ward,Woman,NONE,1,reserved_only,,,,,Gn Women,latin,data/jk/2018/Kupwara.pdf,11,Kupwara.pdf
Jammu & Kashmir,2018,Name of District,Natnussa,Waterkhani,PC-V,Waterkhani,ward,Woman,NONE,1,reserved_only,,,,,Gn Women,latin,data/jk/2018/Kupwara.pdf,11,Kupwara.pdf
Jammu & Kashmir,2018,Name of District,Natnussa,Waterkhani,PC-II,Allachizab,ward,Woman,NONE,1,reserved_only,,,,,Gn Women,latin,data/jk/2018/Kupwara.pdf,11,Kupwara.pdf
Jammu & Kashmir,2018,Name of District,Natnussa,Waterkhani,PC-V,Allachizab,ward,Woman,NONE,1,reserved_only,,,,,Gn Women,latin,data/jk/2018/Kupwara.pdf,11,Kupwara.pdf
Jammu & Kashmir,2018,Name of District,Natnussa,Waterkhani,PC-VIII,Allachizab,ward,Woman,NONE,1,reserved_only,,,,,Gn Women,latin,data/jk/2018/Kupwara.pdf,11,Kupwara.pdf
Jammu & Kashmir,2018,Name of District,Name of Block,Waterkhani,Number & Name of Panch Constituency,,ward,ST Woman,ST,1,reserved_only,,,,,Panch reservation for SC/ST/Women & ST (Where proportion of ST Polpulation is comperatively Large),latin,data/jk/2018/Kupwara.pdf,12,Kupwara.pdf
Jammu & Kashmir,2018,Name of District,Name of Block,Awoora-A,PC-II,Awoora A,ward,Woman,NONE,1,reserved_only,,,,,Gn Women,latin,data/jk/2018/Kupwara.pdf,12,Kupwara.pdf
Jammu & Kashmir,2018,Name of District,Name of Block,Awoora-A,PC-V,Awoora A,ward,Woman,NONE,1,reserved_only,,,,,Gn Women,latin,data/jk/2018/Kupwara.pdf,12,Kupwara.pdf
Jammu & Kashmir,2018,Name of District,Name of Block,Awoora-A,PC-VIII,Awoora A,ward,Woman,NONE,1,reserved_only,,,,,Gn Women,latin,data/jk/2018/Kupwara.pdf,12,Kupwara.pdf
Jammu & Kashmir,2018,Name of District,Name of Block,Awoora-B,PC-II,Awoora B,ward,Woman,NONE,1,reserved_only,,,,,Gn Women,latin,data/jk/2018/Kupwara.pdf,12,Kupwara.pdf
Jammu & Kashmir,2018,Name of District,Name of Block,Awoora-B,PC-V,Awoora B,ward,Woman,NONE,1,reserved_only,,,,,Gn Women,latin,data/jk/2018/Kupwara.pdf,12,Kupwara.pdf
Jammu & Kashmir,2018,Name of District,Name of Block,Awoora-B,PC-VIII,Awoora B,ward,Woman,NONE,1,reserved_only,,,,,Gn Women,latin,data/jk/2018/Kupwara.pdf,12,Kupwara.pdf
Jammu & Kashmir,2018,Name of District,Name of Block,Awoora-B,PC-X,Awoora B,ward,ST Other than Woman,ST,0,reserved_only,,,,,ST Reserved,latin,data/jk/2018/Kupwara.pdf,12,Kupwara.pdf
Jammu & Kashmir,2018,Name of District,Name of Block,Awoora-B,PC-XI,Awoora B,ward,Woman,NONE,1,reserved_only,,,,,Gn Women,latin,data/jk/2018/Kupwara.pdf,12,Kupwara.pdf
Jammu & Kashmir,2018,Name of District,Name of Block,Awoora-C,PC-II,Awoora C,ward,Woman,NONE,1,reserved_only,,,,,Gn Women,latin,data/jk/2018/Kupwara.pdf,12,Kupwara.pdf
Jammu & Kashmir,2018,Name of District,Name of Block,Awoora-C,PC-V,Awoora C,ward,Woman,NONE,1,reserved_only,,,,,Gn Women,latin,data/jk/2018/Kupwara.pdf,12,Kupwara.pdf
Jammu & Kashmir,2018,Name of District,Name of Block,Awoora-C,PC-VIII,Awoora C,ward,Woman,NONE,1,reserved_only,,,,,Gn Women,latin,data/jk/2018/Kupwara.pdf,12,Kupwara.pdf
Jammu & Kashmir,2018,Name of District,Name of Block,Awoora-C,PC-XI,Awoora C,ward,Woman,NONE,1,reserved_only,,,,,Gn Women,latin,data/jk/2018/Kupwara.pdf,12,Kupwara.pdf
Jammu & Kashmir,2018,Name of District,Name of Block,Awoora D,PC-II,Awoora D,ward,Woman,NONE,1,reserved_only,,,,,Gn Women,latin,data/jk/2018/Kupwara.pdf,12,Kupwara.pdf
Jammu & Kashmir,2018,Name of District,Name of Block,Awoora D,PC-V,Awoora D,ward,Woman,NONE,1,reserved_only,,,,,Gn Women,latin,data/jk/2018/Kupwara.pdf,12,Kupwara.pdf
Jammu & Kashmir,2018,Name of District,Name of Block,Awoora D,PC-VI,Awoora D,ward,ST Other than Woman,ST,0,reserved_only,,,,,ST Reserved,latin,data/jk/2018/Kupwara.pdf,12,Kupwara.pdf
Jammu & Kashmir,2018,Name of District,Name of Block,Awoora D,PC-VIII,Awoora D,ward,Woman,NONE,1,reserved_only,,,,,Gn Women,latin,data/jk/2018/Kupwara.pdf,12,Kupwara.pdf
Jammu & Kashmir,2018,Name of District,Name of Block,Awoora D,PC-XI,Awoora D,ward,Woman,NONE,1,reserved_only,,,,,Gn Women,latin,data/jk/2018/Kupwara.pdf,12,Kupwara.pdf
Jammu & Kashmir,2018,Name of District,Name of Block,Gulgam A,PC-II,Gulgam A,ward,Woman,NONE,1,reserved_only,,,,,Gn Women,latin,data/jk/2018/Kupwara.pdf,12,Kupwara.pdf
Jammu & Kashmir,2018,Name of District,Name of Block,Gulgam A,PC-V,Gulgam A,ward,Woman,NONE,1,reserved_only,,,,,Gn Women,latin,data/jk/2018/Kupwara.pdf,12,Kupwara.pdf
Jammu & Kashmir,2018,Name of District,Name of Block,Gulgam B,PC-II,Gulgam B,ward,Woman,NONE,1,reserved_only,,,,,Gn Women,latin,data/jk/2018/Kupwara.pdf,12,Kupwara.pdf
Jammu & Kashmir,2018,Name of District,Name of Block,Gulgam B,PC-V,Gulgam B,ward,Woman,NONE,1,reserved_only,,,,,Gn Women,latin,data/jk/2018/Kupwara.pdf,12,Kupwara.pdf
Jammu & Kashmir,2018,Name of District,Name of Block,Gulgam C,PC-II,Gulgam C,ward,Woman,NONE,1,reserved_only,,,,,Gn Women,latin,data/jk/2018/Kupwara.pdf,12,Kupwara.pdf
Jammu & Kashmir,2018,Name of District,Name of Block,Gulgam C,PC-V,Gulgam C,ward,Woman,NONE,1,reserved_only,,,,,Gn Women,latin,data/jk/2018/Kupwara.pdf,12,Kupwara.pdf
Jammu & Kashmir,2018,Name of District,Name of Block,Gulgam D,PC-II,Gulgam D,ward,Woman,NONE,1,reserved_only,,,,,Gn Women,latin,data/jk/2018/Kupwara.pdf,12,Kupwara.pdf
Jammu & Kashmir,2018,Name of District,Name of Block,Gulgam D,PC-V,Gulgam D,ward,Woman,NONE,1,reserved_only,,,,,Gn Women,latin,data/jk/2018/Kupwara.pdf,12,Kupwara.pdf
Jammu & Kashmir,2018,Name of District,Name of Block,Hanjipora,PC-II,Hanjipora,ward,Woman,NONE,1,reserved_only,,,,,Gn Women,latin,data/jk/2018/Kupwara.pdf,12,Kupwara.pdf
Jammu & Kashmir,2018,Name of District,Name of Block,Hanjipora,PC-V,Hanjipora,ward,Woman,NONE,1,reserved_only,,,,,Gn Women,latin,data/jk/2018/Kupwara.pdf,12,Kupwara.pdf
Jammu & Kashmir,2018,Name of District,Name of Block,Herri A,PC-II,Hirri A,ward,Woman,NONE,1,reserved_only,,,,,Gn Women,latin,data/jk/2018/Kupwara.pdf,12,Kupwara.pdf
Jammu & Kashmir,2018,Name of District,Name of Block,Herri A,PC-V,Hirri A,ward,Woman,NONE,1,reserved_only,,,,,Gn Women,latin,data/jk/2018/Kupwara.pdf,12,Kupwara.pdf
Jammu & Kashmir,2018,Name of District,Name of Block,Herri B,PC-II,Hirri B,ward,Woman,NONE,1,reserved_only,,,,,Gn Women,latin,data/jk/2018/Kupwara.pdf,12,Kupwara.pdf
Jammu & Kashmir,2018,Name of District,Name of Block,Herri B,PC-V,Hirri B,ward,Woman,NONE,1,reserved_only,,,,,Gn Women,latin,data/jk/2018/Kupwara.pdf,12,Kupwara.pdf
Jammu & Kashmir,2018,Name of District,Name of Block,Hirri payeen,PC-II,Hirri Payeen,ward,Woman,NONE,1,reserved_only,,,,,Gn Women,latin,data/jk/2018/Kupwara.pdf,12,Kupwara.pdf
Jammu & Kashmir,2018,Name of District,Name of Block,Hirri payeen,PC-V,Hirri Payeen,ward,Woman,NONE,1,reserved_only,,,,,Gn Women,latin,data/jk/2018/Kupwara.pdf,12,Kupwara.pdf
Jammu & Kashmir,2018,Name of District,Name of Block,Hundi,PC-II,Hundi,ward,Woman,NONE,1,reserved_only,,,,,Gn Women,latin,data/jk/2018/Kupwara.pdf,12,Kupwara.pdf
Jammu & Kashmir,2018,Name of District,Name of Block,Hundi,PC-V,Hundi,ward,Woman,NONE,1,reserved_only,,,,,Gn Women,latin,data/jk/2018/Kupwara.pdf,12,Kupwara.pdf
Jammu & Kashmir,2018,Name of District,Name of Block,Jumagud,PC-II,Jumagund,ward,Woman,NONE,1,reserved_only,,,,,Gn Women,latin,data/jk/2018/Kupwara.pdf,12,Kupwara.pdf
Jammu & Kashmir,2018,Name of District,Name of Block,Jumagud,PC-V,Jumagund,ward,ST Woman,ST,1,reserved_only,,,,,ST Women,latin,data/jk/2018/Kupwara.pdf,12,Kupwara.pdf
Jammu & Kashmir,2018,Name of District,Name of Block,Jumagud,PC-VII,Jumagund,ward,ST Other than Woman,ST,0,reserved_only,,,,,ST Reserved,latin,data/jk/2018/Kupwara.pdf,12,Kupwara.pdf
Jammu & Kashmir,2018,Name of District,Name of Block,Kawari,PC-II,Kawari,ward,Woman,NONE,1,reserved_only,,,,,Gn Women,latin,data/jk/2018/Kupwara.pdf,12,Kupwara.pdf
Jammu & Kashmir,2018,Name of District,Name of Block,Kawari,PC-V,Kawari,ward,Woman,NONE,1,reserved_only,,,,,Gn Women,latin,data/jk/2018/Kupwara.pdf,12,Kupwara.pdf
Jammu & Kashmir,2018,Name of District,Name of Block,Laderwan,PC-II,Laderwan,ward,Woman,NONE,1,reserved_only,,,,,Gn Women,latin,data/jk/2018/Kupwara.pdf,12,Kupwara.pdf
Jammu & Kashmir,2018,Name of District,Name of Block,Laderwan,PC-V,Laderwan,ward,Woman,NONE,1,reserved_only,,,,,Gn Women,latin,data/jk/2018/Kupwara.pdf,12,Kupwara.pdf
Jammu & Kashmir,2018,Name of District,Name of Block,Laderwan,PC-VIII,Laderwan,ward,Woman,NONE,1,reserved_only,,,,,Gn Women,latin,data/jk/2018/Kupwara.pdf,12,Kupwara.pdf
Jammu & Kashmir,2018,Name of District,Name of Block,Laderwan,PC-IX,Laderwan,ward,ST Other than Woman,ST,0,reserved_only,,,,,ST Reserved,latin,data/jk/2018/Kupwara.pdf,12,Kupwara.pdf
Jammu & Kashmir,2018,Name of District,Name of Block,Marhama,PC-II,Marhama,ward,Woman,NONE,1,reserved_only,,,,,Gn Women,latin,data/jk/2018/Kupwara.pdf,12,Kupwara.pdf
Jammu & Kashmir,2018,Name of District,Name of Block,Marhama,PC-V,Marhama,ward,Woman,NONE,1,reserved_only,,,,,Gn Women,latin,data/jk/2018/Kupwara.pdf,12,Kupwara.pdf
Jammu & Kashmir,2018,Name of District,Name of Block,Zurhama A,PC-II,Zurhama A,ward,Woman,NONE,1,reserved_only,,,,,Gn Women,latin,data/jk/2018/Kupwara.pdf,12,Kupwara.pdf
Jammu & Kashmir,2018,Name of District,Name of Block,Zurhama A,PC-V,Zurhama A,ward,Woman,NONE,1,reserved_only,,,,,Gn Women,latin,data/jk/2018/Kupwara.pdf,12,Kupwara.pdf
Jammu & Kashmir,2018,Name of District,Name of Block,Zurhama A,PC-VIII,Zurhama A,ward,Woman,NONE,1,reserved_only,,,,,Gn Women,latin,data/jk/2018/Kupwara.pdf,12,Kupwara.pdf
Jammu & Kashmir,2018,Name of District,Name of Block,Zurhama A,PC-I,Zurhama,ward,ST Other than Woman,ST,0,reserved_only,,,,,ST Reserved,latin,data/jk/2018/Kupwara.pdf,12,Kupwara.pdf
Jammu & Kashmir,2018,Name of District,Name of Block,Zurhama A,PC-II,-Zurhama B,ward,Woman,NONE,1,reserved_only,,,,,Gn Women,latin,data/jk/2018/Kupwara.pdf,12,Kupwara.pdf
Jammu & Kashmir,2018,Name of District,Name of Block,Zurhama A,PC-V,-Zurhama B,ward,Woman,NONE,1,reserved_only,,,,,Gn Women,latin,data/jk/2018/Kupwara.pdf,12,Kupwara.pdf
Jammu & Kashmir,2018,Name of District,Name of Block,Zurhama A,Number & Name of Panch Constituency,,ward,ST Woman,ST,1,reserved_only,,,,,Panch reservation for SC/ST/Women & ST (Where proportion of ST Polpulation is comperatively Large),latin,data/jk/2018/Kupwara.pdf,13,Kupwara.pdf
Jammu & Kashmir,2018,Name of District,Name of Block,Zurhama A,PC-VIII,Zurhama B,ward,Woman,NONE,1,reserved_only,,,,,Gn Women,latin,data/jk/2018/Kupwara.pdf,13,Kupwara.pdf
Jammu & Kashmir,2018,Name of District,Name of Block,Zurhama A,PC-IX,Zurhama B,ward,ST Other than Woman,ST,0,reserved_only,,,,,ST Reserved,latin,data/jk/2018/Kupwara.pdf,13,Kupwara.pdf
Jammu & Kashmir,2018,Name of District,Name of Block,Ashpora,PC-II,Ashpora,ward,Woman,NONE,1,reserved_only,,,,,Gn Women,latin,data/jk/2018/Kupwara.pdf,13,Kupwara.pdf
Jammu & Kashmir,2018,Name of District,Name of Block,Ashpora,PC-V,Ashpora,ward,Woman,NONE,1,reserved_only,,,,,Gn Women,latin,data/jk/2018/Kupwara.pdf,13,Kupwara.pdf
Jammu & Kashmir,2018,Name of District,Name of Block,Ashpora,PC-VIII,Ashpora,ward,Woman,NONE,1,reserved_only,,,,,Gn Women,latin,data/jk/2018/Kupwara.pdf,13,Kupwara.pdf
Jammu & Kashmir,2018,Name of District,Name of Block,Bicharwari,PC-II,Bicherwari,ward,Woman,NONE,1,reserved_only,,,,,Gn Women,latin,data/jk/2018/Kupwara.pdf,13,Kupwara.pdf
Jammu & Kashmir,2018,Name of District,Name of Block,Bicharwari,PC-V,Bicherwari,ward,Woman,NONE,1,reserved_only,,,,,Gn Women,latin,data/jk/2018/Kupwara.pdf,13,Kupwara.pdf
Jammu & Kashmir,2018,Name of District,Name of Block,Bicharwari,PC-VIII,Bicherwari,ward,Woman,NONE,1,reserved_only,,,,,Gn Women,latin,data/jk/2018/Kupwara.pdf,13,Kupwara.pdf
Jammu & Kashmir,2018,Name of District,Name of Block,Deedarpora,PC-II,Deedarpora,ward,Woman,NONE,1,reserved_only,,,,,Gn Women,latin,data/jk/2018/Kupwara.pdf,13,Kupwara.pdf
Jammu & Kashmir,2018,Name of District,Name of Block,Deedarpora,PC-V,Deedarpora,ward,Woman,NONE,1,reserved_only,,,,,Gn Women,latin,data/jk/2018/Kupwara.pdf,13,Kupwara.pdf
Jammu & Kashmir,2018,Name of District,Name of Block,Deedarpora,PC-VIII,Deedarpora,ward,Woman,NONE,1,reserved_only,,,,,Gn Women,latin,data/jk/2018/Kupwara.pdf,13,Kupwara.pdf
Jammu & Kashmir,2018,Name of District,Name of Block,Gundkamal,PC-I,Gundkamal,ward,ST Other than Woman,ST,0,reserved_only,,,,,ST Reserved,latin,data/jk/2018/Kupwara.pdf,13,Kupwara.pdf
Jammu & Kashmir,2018,Name of District,Name of Block,Gundkamal,PC-II,Gundkamal,ward,ST Woman,ST,1,reserved_only,,,,,ST Women,latin,data/jk/2018/Kupwara.pdf,13,Kupwara.pdf
Jammu & Kashmir,2018,Name of District,Name of Block,Gundkamal,PC-III,Gundkamal,ward,ST Other than Woman,ST,0,reserved_only,,,,,ST Reserved,latin,data/jk/2018/Kupwara.pdf,13,Kupwara.pdf
Jammu & Kashmir,2018,Name of District,Name of Block,Gundkamal,PC-IV,Gundkamal,ward,ST Other than Woman,ST,0,reserved_only,,,,,ST Reserved,latin,data/jk/2018/Kupwara.pdf,13,Kupwara.pdf
Jammu & Kashmir,2018,Name of District,Name of Block,Gundkamal,PC-V,Gundkamal,ward,ST Woman,ST,1,reserved_only,,,,,ST Women,latin,data/jk/2018/Kupwara.pdf,13,Kupwara.pdf
Jammu & Kashmir,2018,Name of District,Name of Block,Gundkamal,PC-VII,223 Gundkamal,ward,ST Other than Woman,ST,0,reserved_only,,,,,ST Reserved,latin,data/jk/2018/Kupwara.pdf,13,Kupwara.pdf
Jammu & Kashmir,2018,Name of District,Name of Block,Hajin,PC-II,Hajin,ward,Woman,NONE,1,reserved_only,,,,,Gn Women,latin,data/jk/2018/Kupwara.pdf,13,Kupwara.pdf
Jammu & Kashmir,2018,Name of District,Name of Block,Hajin,PC-V,Hajin,ward,Woman,NONE,1,reserved_only,,,,,Gn Women,latin,data/jk/2018/Kupwara.pdf,13,Kupwara.pdf
Jammu & Kashmir,2018,Name of District,Name of Block,Harwat,PC-II,Harwat,ward,Woman,NONE,1,reserved_only,,,,,Gn Women,latin,data/jk/2018/Kupwara.pdf,13,Kupwara.pdf
Jammu & Kashmir,2018,Name of District,Name of Block,Harwat,PC-V,Harwat,ward,Woman,NONE,1,reserved_only,,,,,Gn Women,latin,data/jk/2018/Kupwara.pdf,13,Kupwara.pdf
Jammu & Kashmir,2018,Name of District,Name of Block,Harwat,PC-VIII,Harwat,ward,Woman,NONE,1,reserved_only,,,,,Gn Women,latin,data/jk/2018/Kupwara.pdf,13,Kupwara.pdf
Jammu & Kashmir,2018,Name of District,Name of Block,Kasloo,PC-II,Kasloo,ward,Woman,NONE,1,reserved_only,,,,,Gn Women,latin,data/jk/2018/Kupwara.pdf,13,Kupwara.pdf
Jammu & Kashmir,2018,Name of District,Name of Block,Kasloo,PC-V,Kasloo,ward,Woman,NONE,1,reserved_only,,,,,Gn Women,latin,data/jk/2018/Kupwara.pdf,13,Kupwara.pdf
Jammu & Kashmir,2018,Name of District,Name of Block,Kasloo,PC-VIII,Kasloo,ward,Woman,NONE,1,reserved_only,,,,,Gn Women,latin,data/jk/2018/Kupwara.pdf,13,Kupwara.pdf
Jammu & Kashmir,2018,Name of District,Name of Block,Khaipora,PC-II,Palpora,ward,Woman,NONE,1,reserved_only,,,,,Gn Women,latin,data/jk/2018/Kupwara.pdf,13,Kupwara.pdf
Jammu & Kashmir,2018,Name of District,Name of Block,Khaipora,PC-V,Palpora,ward,Woman,NONE,1,reserved_only,,,,,Gn Women,latin,data/jk/2018/Kupwara.pdf,13,Kupwara.pdf
Jammu & Kashmir,2018,Name of District,Name of Block,Khaipora,PC-VIII,Palpora,ward,Woman,NONE,1,reserved_only,,,,,Gn Women,latin,data/jk/2018/Kupwara.pdf,13,Kupwara.pdf
Jammu & Kashmir,2018,Name of District,Name of Block,Kralgund,PC-II,Kralgund,ward,Woman,NONE,1,reserved_only,,,,,Gn Women,latin,data/jk/2018/Kupwara.pdf,13,Kupwara.pdf
Jammu & Kashmir,2018,Name of District,Name of Block,Kralgund,PC-V,Kralgund,ward,Woman,NONE,1,reserved_only,,,,,Gn Women,latin,data/jk/2018/Kupwara.pdf,13,Kupwara.pdf
Jammu & Kashmir,2018,Name of District,Name of Block,Kralgund,PC-VIII,Kralgund,ward,Woman,NONE,1,reserved_only,,,,,Gn Women,latin,data/jk/2018/Kupwara.pdf,13,Kupwara.pdf
Jammu & Kashmir,2018,Name of District,Name of Block,Kralgund,PC-XI,229 Kralgund,ward,Woman,NONE,1,reserved_only,,,,,Gn Women,latin,data/jk/2018/Kupwara.pdf,13,Kupwara.pdf
Jammu & Kashmir,2018,Name of District,Name of Block,Lala Bugh,PC-II,Lalbugh,ward,Woman,NONE,1,reserved_only,,,,,Gn Women,latin,data/jk/2018/Kupwara.pdf,13,Kupwara.pdf
Jammu & Kashmir,2018,Name of District,Name of Block,Lala Bugh,PC-V,Lalbugh,ward,Woman,NONE,1,reserved_only,,,,,Gn Women,latin,data/jk/2018/Kupwara.pdf,13,Kupwara.pdf
Jammu & Kashmir,2018,Name of District,Name of Block,Lala Bugh,PC-VIII,Lalbugh,ward,Woman,NONE,1,reserved_only,,,,,Gn Women,latin,data/jk/2018/Kupwara.pdf,13,Kupwara.pdf
Jammu & Kashmir,2018,Name of District,Name of Block,Lala Bugh,PC-XI,215 Ganapora,ward,Woman,NONE,1,reserved_only,,,,,Gn Women,latin,data/jk/2018/Kupwara.pdf,13,Kupwara.pdf
Jammu & Kashmir,2018,Name of District,Name of Block,Lukipora,PC-II,Lokipora,ward,Woman,NONE,1,reserved_only,,,,,Gn Women,latin,data/jk/2018/Kupwara.pdf,13,Kupwara.pdf
Jammu & Kashmir,2018,Name of District,Name of Block,Lukipora,PC-V,Lokipora,ward,Woman,NONE,1,reserved_only,,,,,Gn Women,latin,data/jk/2018/Kupwara.pdf,13,Kupwara.pdf
Jammu & Kashmir,2018,Name of District,Name of Block,Lukipora,PC-VIII,Lokipora,ward,Woman,NONE,1,reserved_only,,,,,Gn Women,latin,data/jk/2018/Kupwara.pdf,13,Kupwara.pdf
Jammu & Kashmir,2018,Name of District,Name of Block,Lukipora,PC-XI,216 Lokipora,ward,Woman,NONE,1,reserved_only,,,,,Gn Women,latin,data/jk/2018/Kupwara.pdf,13,Kupwara.pdf
Jammu & Kashmir,2018,Name of District,Name of Block,Mundigam,PC-II,Mandigam,ward,Woman,NONE,1,reserved_only,,,,,Gn Women,latin,data/jk/2018/Kupwara.pdf,13,Kupwara.pdf
Jammu & Kashmir,2018,Name of District,Name of Block,Mundigam,PC-V,Mandigam,ward,Woman,NONE,1,reserved_only,,,,,Gn Women,latin,data/jk/2018/Kupwara.pdf,13,Kupwara.pdf
Jammu & Kashmir,2018,Name of District,Name of Block,Mundigam,PC-VIII,Mandigam,ward,Woman,NONE,1,reserved_only,,,,,Gn Women,latin,data/jk/2018/Kupwara.pdf,13,Kupwara.pdf
Jammu & Kashmir,2018,Name of District,Name of Block,Pandithpora,PC-II,Pandithpora,ward,Woman,NONE,1,reserved_only,,,,,Gn Women,latin,data/jk/2018/Kupwara.pdf,13,Kupwara.pdf
Jammu & Kashmir,2018,Name of District,Name of Block,Pandithpora,PC-V,Pandithpora,ward,Woman,NONE,1,reserved_only,,,,,Gn Women,latin,data/jk/2018/Kupwara.pdf,13,Kupwara.pdf
Jammu & Kashmir,2018,Name of District,Name of Block,Pandithpora,PC-VIII,Pandithpora,ward,Woman,NONE,1,reserved_only,,,,,Gn Women,latin,data/jk/2018/Kupwara.pdf,13,Kupwara.pdf
Jammu & Kashmir,2018,Name of District,Name of Block,Pandithpora,PC-XI,231 Pandithpora,ward,Woman,NONE,1,reserved_only,,,,,Gn Women,latin,data/jk/2018/Kupwara.pdf,13,Kupwara.pdf
Jammu & Kashmir,2018,Name of District,Name of Block,Rawalpora A,PC-II,Rawalpora A,ward,Woman,NONE,1,reserved_only,,,,,Gn Women,latin,data/jk/2018/Kupwara.pdf,13,Kupwara.pdf
Jammu & Kashmir,2018,Name of District,Name of Block,Rawalpora A,PC-V,Rawalpora A,ward,Woman,NONE,1,reserved_only,,,,,Gn Women,latin,data/jk/2018/Kupwara.pdf,13,Kupwara.pdf
Jammu & Kashmir,2018,Name of District,Name of Block,Rawalpora A,PC-II,Rawalpora B,ward,Woman,NONE,1,reserved_only,,,,,Gn Women,latin,data/jk/2018/Kupwara.pdf,13,Kupwara.pdf
Jammu & Kashmir,2018,Name of District,Name of Block,Rawalpora A,PC-V,Rawalpora B,ward,Woman,NONE,1,reserved_only,,,,,Gn Women,latin,data/jk/2018/Kupwara.pdf,13,Kupwara.pdf
Jammu & Kashmir,2018,Name of District,Name of Block,Rawalpora A,PC-VIII,Rawalpora B,ward,Woman,NONE,1,reserved_only,,,,,Gn Women,latin,data/jk/2018/Kupwara.pdf,13,Kupwara.pdf
Jammu & Kashmir,2018,Name of District,Name of Block,Rawalpora A,Number & Name of Panch Constituency,,ward,ST Woman,ST,1,reserved_only,,,,,Panch reservation for SC/ST/Women & ST (Where proportion of ST Polpulation is comperatively Large),latin,data/jk/2018/Kupwara.pdf,14,Kupwara.pdf
Jammu & Kashmir,2018,Name of District,Name of Block,Rawalpora A,PC-XI,227 Gund Chobotira,ward,Woman,NONE,1,reserved_only,,,,,Gn Women,latin,data/jk/2018/Kupwara.pdf,14,Kupwara.pdf
Jammu & Kashmir,2018,Name of District,Name of Block,Renan,PC-II,Renan,ward,Woman,NONE,1,reserved_only,,,,,Gn Women,latin,data/jk/2018/Kupwara.pdf,14,Kupwara.pdf
Jammu & Kashmir,2018,Name of District,Name of Block,Renan,PC-V,Renan,ward,Woman,NONE,1,reserved_only,,,,,Gn Women,latin,data/jk/2018/Kupwara.pdf,14,Kupwara.pdf
Jammu & Kashmir,2018,Name of District,Name of Block,Renan,PC-VIII,Renan,ward,Woman,NONE,1,reserved_only,,,,,Gn Women,latin,data/jk/2018/Kupwara.pdf,14,Kupwara.pdf
Jammu & Kashmir,2018,Name of District,Name of Block,Renan,PC-XI,218 Renan,ward,Woman,NONE,1,reserved_only,,,,,Gn Women,latin,data/jk/2018/Kupwara.pdf,14,Kupwara.pdf
Jammu & Kashmir,2018,Name of District,Name of Block,Ringpath A,PC-I,Ringpath A,ward,ST Other than Woman,ST,0,reserved_only,,,,,ST Reserved,latin,data/jk/2018/Kupwara.pdf,14,Kupwara.pdf
Jammu & Kashmir,2018,Name of District,Name of Block,Ringpath A,PC-II,Ringpath A,ward,Woman,NONE,1,reserved_only,,,,,Gn Women,latin,data/jk/2018/Kupwara.pdf,14,Kupwara.pdf
Jammu & Kashmir,2018,Name of District,Name of Block,Ringpath A,PC-V,Ringpath A,ward,Woman,NONE,1,reserved_only,,,,,Gn Women,latin,data/jk/2018/Kupwara.pdf,14,Kupwara.pdf
Jammu & Kashmir,2018,Name of District,Name of Block,Ringpath A,PC-VIII,Ringpath A,ward,Woman,NONE,1,reserved_only,,,,,Gn Women,latin,data/jk/2018/Kupwara.pdf,14,Kupwara.pdf
Jammu & Kashmir,2018,Name of District,Name of Block,Ringpath B,PC-II,Ringpath B,ward,Woman,NONE,1,reserved_only,,,,,Gn Women,latin,data/jk/2018/Kupwara.pdf,14,Kupwara.pdf
Jammu & Kashmir,2018,Name of District,Name of Block,Ringpath B,PC-V,Ringpath B,ward,Woman,NONE,1,reserved_only,,,,,Gn Women,latin,data/jk/2018/Kupwara.pdf,14,Kupwara.pdf
Jammu & Kashmir,2018,Name of District,Name of Block,Ringpath B,PC-VIII,Ringpath B,ward,Woman,NONE,1,reserved_only,,,,,Gn Women,latin,data/jk/2018/Kupwara.pdf,14,Kupwara.pdf
Jammu & Kashmir,2018,Name of District,Name of Block,Sohipora,PC-II,Sohipora,ward,Woman,NONE,1,reserved_only,,,,,Gn Women,latin,data/jk/2018/Kupwara.pdf,14,Kupwara.pdf
Jammu & Kashmir,2018,Name of District,Name of Block,Sohipora,PC-V,Sohipora,ward,Woman,NONE,1,reserved_only,,,,,Gn Women,latin,data/jk/2018/Kupwara.pdf,14,Kupwara.pdf
Jammu & Kashmir,2018,Name of District,Name of Block,Sohipora,PC-VIII,Sohipora,ward,Woman,NONE,1,reserved_only,,,,,Gn Women,latin,data/jk/2018/Kupwara.pdf,14,Kupwara.pdf
Jammu & Kashmir,2018,Name of District,Name of Block,Supernaghama,PC-II,Supernaghama,ward,Woman,NONE,1,reserved_only,,,,,Gn Women,latin,data/jk/2018/Kupwara.pdf,14,Kupwara.pdf
Jammu & Kashmir,2018,Name of District,Name of Block,Supernaghama,PC-V,Supernaghama,ward,Woman,NONE,1,reserved_only,,,,,Gn Women,latin,data/jk/2018/Kupwara.pdf,14,Kupwara.pdf
Jammu & Kashmir,2018,Name of District,Name of Block,Supernaghama,PC-VIII,Supernaghama,ward,Woman,NONE,1,reserved_only,,,,,Gn Women,latin,data/jk/2018/Kupwara.pdf,14,Kupwara.pdf
Jammu & Kashmir,2018,Name of District,Name of Block,Udipora,PC-II,Udhipora,ward,Woman,NONE,1,reserved_only,,,,,Gn Women,latin,data/jk/2018/Kupwara.pdf,14,Kupwara.pdf
Jammu & Kashmir,2018,Name of District,Name of Block,Udipora,PC-V,Udhipora,ward,Woman,NONE,1,reserved_only,,,,,Gn Women,latin,data/jk/2018/Kupwara.pdf,14,Kupwara.pdf
Jammu & Kashmir,2018,Name of District,Name of Block,Udipora,PC-VIII,Udhipora,ward,Woman,NONE,1,reserved_only,,,,,Gn Women,latin,data/jk/2018/Kupwara.pdf,14,Kupwara.pdf
Jammu & Kashmir,2018,Name of District,Name of Block,Walrama A,PC-II,Walrahama A,ward,Woman,NONE,1,reserved_only,,,,,Gn Women,latin,data/jk/2018/Kupwara.pdf,14,Kupwara.pdf
Jammu & Kashmir,2018,Name of District,Name of Block,Walrama A,PC-V,Walrahama A,ward,Woman,NONE,1,reserved_only,,,,,Gn Women,latin,data/jk/2018/Kupwara.pdf,14,Kupwara.pdf
Jammu & Kashmir,2018,Name of District,Name of Block,Walrama B,PC-II,Walrahama B,ward,Woman,NONE,1,reserved_only,,,,,Gn Women,latin,data/jk/2018/Kupwara.pdf,14,Kupwara.pdf
Jammu & Kashmir,2018,Name of District,Name of Block,Walrama B,PC-V,Walrahama B,ward,Woman,NONE,1,reserved_only,,,,,Gn Women,latin,data/jk/2018/Kupwara.pdf,14,Kupwara.pdf
Jammu & Kashmir,2018,Name of District,Name of Block,Ahgam,PC-II,Ahgam,ward,Woman,NONE,1,reserved_only,,,,,Gn Women,latin,data/jk/2018/Kupwara.pdf,14,Kupwara.pdf
Jammu & Kashmir,2018,Name of District,Name of Block,Ahgam,PC-V,Ahgam,ward,Woman,NONE,1,reserved_only,,,,,Gn Women,latin,data/jk/2018/Kupwara.pdf,14,Kupwara.pdf
Jammu & Kashmir,2018,Name of District,Name of Block,Ahgam,PC-VII,Ahgam,ward,ST Other than Woman,ST,0,reserved_only,,,,,ST Reserved,latin,data/jk/2018/Kupwara.pdf,14,Kupwara.pdf
Jammu & Kashmir,2018,Name of District,Name of Block,Ahgam,PC-VIII,Ahgam,ward,Woman,NONE,1,reserved_only,,,,,Gn Women,latin,data/jk/2018/Kupwara.pdf,14,Kupwara.pdf
Jammu & Kashmir,2018,Name of District,Name of Block,Behnipora,PC-II,Behnipora),ward,ST Woman,ST,1,reserved_only,,,,,ST Women,latin,data/jk/2018/Kupwara.pdf,14,Kupwara.pdf
Jammu & Kashmir,2018,Name of District,Name of Block,Behnipora,PC-V,Behnipora),ward,Woman,NONE,1,reserved_only,,,,,Gn Women,latin,data/jk/2018/Kupwara.pdf,14,Kupwara.pdf
Jammu & Kashmir,2018,Name of District,Name of Block,Behnipora,PC-VII,Behnipora,ward,ST Other than Woman,ST,0,reserved_only,,,,,ST Reserved,latin,data/jk/2018/Kupwara.pdf,14,Kupwara.pdf
Jammu & Kashmir,2018,Name of District,Name of Block,Bowan Watsar,PC-II,Bowan Watsar,ward,Woman,NONE,1,reserved_only,,,,,Gn Women,latin,data/jk/2018/Kupwara.pdf,14,Kupwara.pdf
Jammu & Kashmir,2018,Name of District,Name of Block,Bowan Watsar,PC-V,Bowan Watsar,ward,ST Woman,ST,1,reserved_only,,,,,ST Women,latin,data/jk/2018/Kupwara.pdf,14,Kupwara.pdf
Jammu & Kashmir,2018,Name of District,Name of Block,Bowan Watsar,PC-VI,Bowan Watsar,ward,ST Other than Woman,ST,0,reserved_only,,,,,ST Reserved,latin,data/jk/2018/Kupwara.pdf,14,Kupwara.pdf
Jammu & Kashmir,2018,Name of District,Name of Block,Chanjimulla,PC-II,Chanjimulla,ward,Woman,NONE,1,reserved_only,,,,,Gn Women,latin,data/jk/2018/Kupwara.pdf,14,Kupwara.pdf
Jammu & Kashmir,2018,Name of District,Name of Block,Chanjimulla,PC-V,Chanjimulla,ward,Woman,NONE,1,reserved_only,,,,,Gn Women,latin,data/jk/2018/Kupwara.pdf,14,Kupwara.pdf
Jammu & Kashmir,2018,Name of District,Name of Block,Chanjimulla,PC-VIII,Chanjimulla,ward,Woman,NONE,1,reserved_only,,,,,Gn Women,latin,data/jk/2018/Kupwara.pdf,14,Kupwara.pdf
Jammu & Kashmir,2018,Name of District,Name of Block,Chanjimulla,PC-IX,Chanjimulla,ward,ST Other than Woman,ST,0,reserved_only,,,,,ST Reserved,latin,data/jk/2018/Kupwara.pdf,14,Kupwara.pdf
Jammu & Kashmir,2018,Name of District,Name of Block,Chanjimulla,PC-XI,175 (Chanjmulla),ward,Woman,NONE,1,reserved_only,,,,,Gn Women,latin,data/jk/2018/Kupwara.pdf,14,Kupwara.pdf
Jammu & Kashmir,2018,Name of District,Name of Block,Khaipora,PC-II,Khaipora),ward,Woman,NONE,1,reserved_only,,,,,Gn Women,latin,data/jk/2018/Kupwara.pdf,14,Kupwara.pdf
Jammu & Kashmir,2018,Name of District,Name of Block,Khaipora,PC-V,Khaipora),ward,Woman,NONE,1,reserved_only,,,,,Gn Women,latin,data/jk/2018/Kupwara.pdf,14,Kupwara.pdf
Jammu & Kashmir,2018,Name of District,Name of Block,Khaipora,PC-VIII,Khaipor,ward,Woman,NONE,1,reserved_only,,,,,Gn Women,latin,data/jk/2018/Kupwara.pdf,14,Kupwara.pdf
Jammu & Kashmir,2018,Name of District,Name of Block,Lachampora,PC-II,Lachampora,ward,Woman,NONE,1,reserved_only,,,,,Gn Women,latin,data/jk/2018/Kupwara.pdf,14,Kupwara.pdf
Jammu & Kashmir,2018,Name of District,Name of Block,Lachampora,PC-V,Lachampora,ward,Woman,NONE,1,reserved_only,,,,,Gn Women,latin,data/jk/2018/Kupwara.pdf,14,Kupwara.pdf
Jammu & Kashmir,2018,Name of District,Name of Block,Lachampora,PC-VII,Lachampora,ward,ST Other than Woman,ST,0,reserved_only,,,,,ST Reserved,latin,data/jk/2018/Kupwara.pdf,14,Kupwara.pdf
Jammu & Kashmir,2018,Name of District,Name of Block,Lachampora,PC-VIII,Lachampora,ward,Woman,NONE,1,reserved_only,,,,,Gn Women,latin,data/jk/2018/Kupwara.pdf,14,Kupwara.pdf
Jammu & Kashmir,2018,Name of District,Name of Block,Lachampora,PC-IX,Lachampora,ward,ST Other than Woman,ST,0,reserved_only,,,,,ST Reserved,latin,data/jk/2018/Kupwara.pdf,14,Kupwara.pdf
Jammu & Kashmir,2018,Name of District,Name of Block,Rajpora,PC-II,Rajpora,ward,Woman,NONE,1,reserved_only,,,,,Gn Women,latin,data/jk/2018/Kupwara.pdf,14,Kupwara.pdf
Jammu & Kashmir,2018,Name of District,Name of Block,Rajpora,PC-V,Rajpora,ward,Woman,NONE,1,reserved_only,,,,,Gn Women,latin,data/jk/2018/Kupwara.pdf,14,Kupwara.pdf
Jammu & Kashmir,2018,Name of District,Name of Block,Rajpora,PC-VII,Rajpora,ward,ST Other than Woman,ST,0,reserved_only,,,,,ST Reserved,latin,data/jk/2018/Kupwara.pdf,14,Kupwara.pdf
Jammu & Kashmir,2018,Name of District,Name of Block,Rajpora,PC-II,Sarmarg,ward,Woman,NONE,1,reserved_only,,,,,Gn Women,latin,data/jk/2018/Kupwara.pdf,14,Kupwara.pdf
Jammu & Kashmir,2018,Name of District,Name of Block,Rajpora,Number & Name of Panch Constituency,,ward,ST Woman,ST,1,reserved_only,,,,,Panch reservation for SC/ST/Women & ST (Where proportion of ST Polpulation is comperatively Large),latin,data/jk/2018/Kupwara.pdf,15,Kupwara.pdf
Jammu & Kashmir,2018,Name of District,Name of Block,Rajpora,PC-V,Sarmarg,ward,Woman,NONE,1,reserved_only,,,,,Gn Women,latin,data/jk/2018/Kupwara.pdf,15,Kupwara.pdf
Jammu & Kashmir,2018,Name of District,Name of Block,Rajpora,PC-VIII,Sarmarg,ward,Woman,NONE,1,reserved_only,,,,,Gn Women,latin,data/jk/2018/Kupwara.pdf,15,Kupwara.pdf
Jammu & Kashmir,2018,Name of District,Name of Block,Satkoji,PC-II,Satkoji,ward,Woman,NONE,1,reserved_only,,,,,Gn Women,latin,data/jk/2018/Kupwara.pdf,15,Kupwara.pdf
Jammu & Kashmir,2018,Name of District,Name of Block,Satkoji,PC-IV,Satkoji,ward,ST Other than Woman,ST,0,reserved_only,,,,,ST Reserved,latin,data/jk/2018/Kupwara.pdf,15,Kupwara.pdf
Jammu & Kashmir,2018,Name of District,Name of Block,Satkoji,PC-V,Satkoji,ward,ST Woman,ST,1,reserved_only,,,,,ST Women,latin,data/jk/2018/Kupwara.pdf,15,Kupwara.pdf
Jammu & Kashmir,2018,Name of District,Name of Block,Satkoji,PC-VI,Satkoji,ward,ST Other than Woman,ST,0,reserved_only,,,,,ST Reserved,latin,data/jk/2018/Kupwara.pdf,15,Kupwara.pdf
Jammu & Kashmir,2018,Name of District,Name of Block,Turkpora,PC-II,Turkpora,ward,Woman,NONE,1,reserved_only,,,,,Gn Women,latin,data/jk/2018/Kupwara.pdf,15,Kupwara.pdf
Jammu & Kashmir,2018,Name of District,Name of Block,Turkpora,PC-V,Turkpora,ward,Woman,NONE,1,reserved_only,,,,,Gn Women,latin,data/jk/2018/Kupwara.pdf,15,Kupwara.pdf
Jammu & Kashmir,2018,Name of District,Name of Block,Turkpora,PC-VIII,Turkpora,ward,Woman,NONE,1,reserved_only,,,,,Gn Women,latin,data/jk/2018/Kupwara.pdf,15,Kupwara.pdf
Jammu & Kashmir,2018,Name of District,Name of Block,Wadder Bala,PC-II,Wadder Bala,ward,Woman,NONE,1,reserved_only,,,,,Gn Women,latin,data/jk/2018/Kupwara.pdf,15,Kupwara.pdf
Jammu & Kashmir,2018,Name of District,Name of Block,Wadder Bala,PC-V,Wadder Bala,ward,Woman,NONE,1,reserved_only,,,,,Gn Women,latin,data/jk/2018/Kupwara.pdf,15,Kupwara.pdf
Jammu & Kashmir,2018,Name of District,Name of Block,Wadder Bala,PC-VI,Wadder Bala,ward,ST Other than Woman,ST,0,reserved_only,,,,,ST Reserved,latin,data/jk/2018/Kupwara.pdf,15,Kupwara.pdf
Jammu & Kashmir,2018,Name of District,Name of Block,Wadder Bala,PC-VII,Wadder Bala,ward,ST Other than Woman,ST,0,reserved_only,,,,,ST Reserved,latin,data/jk/2018/Kupwara.pdf,15,Kupwara.pdf
Jammu & Kashmir,2018,Name of District,Name of Block,Wadder Bala,PC-VIII,Nichhama,ward,Woman,NONE,1,reserved_only,,,,,Gn Women,latin,data/jk/2018/Kupwara.pdf,15,Kupwara.pdf
Jammu & Kashmir,2018,Name of District,Name of Block,Wadder Bala,PC-XI,173(Nichhama)-XI,ward,Woman,NONE,1,reserved_only,,,,,Gn Women,latin,data/jk/2018/Kupwara.pdf,15,Kupwara.pdf
Jammu & Kashmir,2018,Name of District,Name of Block,Wadder Payeen,PC-I,Wadder Payeen,ward,ST Other than Woman,ST,0,reserved_only,,,,,ST Reserved,latin,data/jk/2018/Kupwara.pdf,15,Kupwara.pdf
Jammu & Kashmir,2018,Name of District,Name of Block,Wadder Payeen,PC-II,Wadder Payeen,ward,Woman,NONE,1,reserved_only,,,,,Gn Women,latin,data/jk/2018/Kupwara.pdf,15,Kupwara.pdf
Jammu & Kashmir,2018,Name of District,Name of Block,Wadder Payeen,PC-V,Wadder Payeen,ward,Woman,NONE,1,reserved_only,,,,,Gn Women,latin,data/jk/2018/Kupwara.pdf,15,Kupwara.pdf
Jammu & Kashmir,2018,Name of District,Name of Block,Yamlar,PC-II,Yamlar,ward,Woman,NONE,1,reserved_only,,,,,Gn Women,latin,data/jk/2018/Kupwara.pdf,15,Kupwara.pdf
Jammu & Kashmir,2018,Name of District,Name of Block,Yamlar,PC-IV,Yamlar,ward,ST Other than Woman,ST,0,reserved_only,,,,,ST Reserved,latin,data/jk/2018/Kupwara.pdf,15,Kupwara.pdf
Jammu & Kashmir,2018,Name of District,Name of Block,Yamlar,PC-V,Yamlar,ward,ST Woman,ST,1,reserved_only,,,,,ST Women,latin,data/jk/2018/Kupwara.pdf,15,Kupwara.pdf
Jammu & Kashmir,2018,Name of District,Name of Block,Yamlar,PC-VI,Yamlar,ward,ST Other than Woman,ST,0,reserved_only,,,,,ST Reserved,latin,data/jk/2018/Kupwara.pdf,15,Kupwara.pdf
Jammu & Kashmir,2018,Name of District,Name of Block,Zachadara “A”,PC-II,Zachaldara,ward,Woman,NONE,1,reserved_only,,,,,Gn Women,latin,data/jk/2018/Kupwara.pdf,15,Kupwara.pdf
Jammu & Kashmir,2018,Name of District,Name of Block,Zachadara “A”,PC-V,Zachaldara,ward,Woman,NONE,1,reserved_only,,,,,Gn Women,latin,data/jk/2018/Kupwara.pdf,15,Kupwara.pdf
Jammu & Kashmir,2018,Name of District,Name of Block,Zachaldara “B”,PC-II,Zachaldara,ward,Woman,NONE,1,reserved_only,,,,,Gn Women,latin,data/jk/2018/Kupwara.pdf,15,Kupwara.pdf
Jammu & Kashmir,2018,Name of District,Name of Block,Zachaldara “B”,PC-III,Zachaldara,ward,ST Other than Woman,ST,0,reserved_only,,,,,ST Reserved,latin,data/jk/2018/Kupwara.pdf,15,Kupwara.pdf
Jammu & Kashmir,2018,Name of District,Name of Block,Zachaldara “B”,PC-V,Zachaldara,ward,Woman,NONE,1,reserved_only,,,,,Gn Women,latin,data/jk/2018/Kupwara.pdf,15,Kupwara.pdf
Jammu & Kashmir,2018,Name of District,Name of Block,Cherkoote,PC-II,Cherkote B,ward,Woman,NONE,1,reserved_only,,,,,Gn Women,latin,data/jk/2018/Kupwara.pdf,15,Kupwara.pdf
Jammu & Kashmir,2018,Name of District,Name of Block,Cherkoote,PC-V,Cherkote B,ward,Woman,NONE,1,reserved_only,,,,,Gn Women,latin,data/jk/2018/Kupwara.pdf,15,Kupwara.pdf
Jammu & Kashmir,2018,Name of District,Name of Block,Dahama A,PC-II,Dahama- A,ward,Woman,NONE,1,reserved_only,,,,,Gn Women,latin,data/jk/2018/Kupwara.pdf,15,Kupwara.pdf
Jammu & Kashmir,2018,Name of District,Name of Block,Dahama A,PC-V,Dahama- A,ward,Woman,NONE,1,reserved_only,,,,,Gn Women,latin,data/jk/2018/Kupwara.pdf,15,Kupwara.pdf
Jammu & Kashmir,2018,Name of District,Name of Block,Dahama B,PC-II,Dahama- B,ward,Woman,NONE,1,reserved_only,,,,,Gn Women,latin,data/jk/2018/Kupwara.pdf,15,Kupwara.pdf
Jammu & Kashmir,2018,Name of District,Name of Block,Dahama B,PC-V,Dahama- B,ward,Woman,NONE,1,reserved_only,,,,,Gn Women,latin,data/jk/2018/Kupwara.pdf,15,Kupwara.pdf
Jammu & Kashmir,2018,Name of District,Name of Block,Doolipora,PC-II,Doolipora,ward,Woman,NONE,1,reserved_only,,,,,Gn Women,latin,data/jk/2018/Kupwara.pdf,15,Kupwara.pdf
Jammu & Kashmir,2018,Name of District,Name of Block,Doolipora,PC-V,Doolipora,ward,Woman,NONE,1,reserved_only,,,,,Gn Women,latin,data/jk/2018/Kupwara.pdf,15,Kupwara.pdf
Jammu & Kashmir,2018,Name of District,Name of Block,KP-227 Kukroosa,PC-II,ii-Khan Mahalla,ward,Woman,NONE,1,reserved_only,,,,,Gn Women,latin,data/jk/2018/Kupwara.pdf,15,Kupwara.pdf
Jammu & Kashmir,2018,Name of District,Name of Block,KP-227 Kukroosa,PC-V,v-Jogan Bagh C,ward,Woman,NONE,1,reserved_only,,,,,Gn Women,latin,data/jk/2018/Kupwara.pdf,15,Kupwara.pdf
Jammu & Kashmir,2018,Name of District,Name of Block,Kukoosa A,PC-II,II Sheikh Mahalla,ward,Woman,NONE,1,reserved_only,,,,,Gn Women,latin,data/jk/2018/Kupwara.pdf,15,Kupwara.pdf
Jammu & Kashmir,2018,Name of District,Name of Block,Kukoosa A,PC-V,V Rather Mahala A,ward,Woman,NONE,1,reserved_only,,,,,Gn Women,latin,data/jk/2018/Kupwara.pdf,15,Kupwara.pdf
Jammu & Kashmir,2018,Name of District,Name of Block,Paddergund,PC-II,Paddergund,ward,Woman,NONE,1,reserved_only,,,,,Gn Women,latin,data/jk/2018/Kupwara.pdf,15,Kupwara.pdf
Jammu & Kashmir,2018,Name of District,Name of Block,Paddergund,PC-V,Paddergund,ward,Woman,NONE,1,reserved_only,,,,,Gn Women,latin,data/jk/2018/Kupwara.pdf,15,Kupwara.pdf
Jammu & Kashmir,2018,Name of District,Name of Block,Punzwa A,PC-II,II Pir Mahalla,ward,Woman,NONE,1,reserved_only,,,,,Gn Women,latin,data/jk/2018/Kupwara.pdf,15,Kupwara.pdf
Jammu & Kashmir,2018,Name of District,Name of Block,Punzwa A,PC-V,V Qazi/ Tali Mahalla,ward,Woman,NONE,1,reserved_only,,,,,Gn Women,latin,data/jk/2018/Kupwara.pdf,15,Kupwara.pdf
Jammu & Kashmir,2018,Name of District,Name of Block,Punzwa B,PC-II,Punzwa B,ward,Woman,NONE,1,reserved_only,,,,,Gn Women,latin,data/jk/2018/Kupwara.pdf,15,Kupwara.pdf
Jammu & Kashmir,2018,Name of District,Name of Block,Punzwa B,PC-V,Punzwa B,ward,Woman,NONE,1,reserved_only,,,,,Gn Women,latin,data/jk/2018/Kupwara.pdf,15,Kupwara.pdf
Jammu & Kashmir,2018,Name of District,Name of Block,Punzwa C,PC-II,Kumar Mahalla/Bhat Mahalla,ward,Woman,NONE,1,reserved_only,,,,,Gn Women,latin,data/jk/2018/Kupwara.pdf,15,Kupwara.pdf
Jammu & Kashmir,2018,Name of District,Name of Block,Punzwa C,PC-V,Mir /Beigh/Khan Mahalla,ward,Woman,NONE,1,reserved_only,,,,,Gn Women,latin,data/jk/2018/Kupwara.pdf,15,Kupwara.pdf
Jammu & Kashmir,2018,Name of District,Name of Block,Punzwa C,PC-II,Sonmulla,ward,Woman,NONE,1,reserved_only,,,,,Gn Women,latin,data/jk/2018/Kupwara.pdf,15,Kupwara.pdf
Jammu & Kashmir,2018,Name of District,Name of Block,Punzwa C,PC-V,Sonmulla,ward,Woman,NONE,1,reserved_only,,,,,Gn Women,latin,data/jk/2018/Kupwara.pdf,15,Kupwara.pdf
Jammu & Kashmir,2018,Name of District,Name of Block,Punzwa C,PC-VIII,Pir Mahalla,ward,Woman,NONE,1,reserved_only,,,,,Gn Women,latin,data/jk/2018/Kupwara.pdf,15,Kupwara.pdf
Jammu & Kashmir,2018,Name of District,Name of Block,Punzwa C,Number & Name of Panch Constituency,,ward,ST Woman,ST,1,reserved_only,,,,,Panch reservation for SC/ST/Women & ST (Where proportion of ST Polpulation is comperatively Large),latin,data/jk/2018/Kupwara.pdf,16,Kupwara.pdf
Jammu & Kashmir,2018,Name of District,Name of Block,Villagam A,PC-II,Villagam A,ward,Woman,NONE,1,reserved_only,,,,,Gn Women,latin,data/jk/2018/Kupwara.pdf,16,Kupwara.pdf
Jammu & Kashmir,2018,Name of District,Name of Block,Villagam A,PC-V,Villagam A,ward,Woman,NONE,1,reserved_only,,,,,Gn Women,latin,data/jk/2018/Kupwara.pdf,16,Kupwara.pdf
Jammu & Kashmir,2018,Name of District,Name of Block,Villagam A,PC-VIII,Villagam A,ward,Woman,NONE,1,reserved_only,,,,,Gn Women,latin,data/jk/2018/Kupwara.pdf,16,Kupwara.pdf
Jammu & Kashmir,2018,Name of District,Name of Block,Villagam B,PC-II,Villagam B,ward,Woman,NONE,1,reserved_only,,,,,Gn Women,latin,data/jk/2018/Kupwara.pdf,16,Kupwara.pdf
Jammu & Kashmir,2018,Name of District,Name of Block,Villagam B,PC-V,Villagam B,ward,Woman,NONE,1,reserved_only,,,,,Gn Women,latin,data/jk/2018/Kupwara.pdf,16,Kupwara.pdf
Jammu & Kashmir,2018,Name of District,Name of Block,Villagam B,PC-VIII,Villagam B,ward,Woman,NONE,1,reserved_only,,,,,Gn Women,latin,data/jk/2018/Kupwara.pdf,16,Kupwara.pdf
Jammu & Kashmir,2018,Name of District,Name of Block,Waisa,PC-II,Waisa,ward,Woman,NONE,1,reserved_only,,,,,Gn Women,latin,data/jk/2018/Kupwara.pdf,16,Kupwara.pdf
Jammu & Kashmir,2018,Name of District,Name of Block,Waisa,PC-V,Waisa,ward,Woman,NONE,1,reserved_only,,,,,Gn Women,latin,data/jk/2018/Kupwara.pdf,16,Kupwara.pdf
Jammu & Kashmir,2018,Name of District,Name of Block,Zafferkhani,PC-II,Zafferkhani,ward,Woman,NONE,1,reserved_only,,,,,Gn Women,latin,data/jk/2018/Kupwara.pdf,16,Kupwara.pdf
Jammu & Kashmir,2018,Name of District,Name of Block,Zafferkhani,PC-V,Zafferkhani,ward,ST Woman,ST,1,reserved_only,,,,,ST Women,latin,data/jk/2018/Kupwara.pdf,16,Kupwara.pdf
Jammu & Kashmir,2018,Name of District,Name of Block,Zafferkhani,PC-VI,Zafferkhani,ward,ST Other than Woman,ST,0,reserved_only,,,,,ST Reserved,latin,data/jk/2018/Kupwara.pdf,16,Kupwara.pdf
Jammu & Kashmir,2018,Name of District,Name of Block,Zafferkhani,PC-VII,Zafferkhani,ward,ST Other than Woman,ST,0,reserved_only,,,,,ST Reserved,latin,data/jk/2018/Kupwara.pdf,16,Kupwara.pdf
Jammu & Kashmir,2018,Name of District,Name of Block,Badnamal Payeen,PC-II,Badnamal Payeen,ward,Woman,NONE,1,reserved_only,,,,,Gn Women,latin,data/jk/2018/Kupwara.pdf,16,Kupwara.pdf
Jammu & Kashmir,2018,Name of District,Name of Block,Badnamal Payeen,PC-V,Badnamal Payeen,ward,Woman,NONE,1,reserved_only,,,,,Gn Women,latin,data/jk/2018/Kupwara.pdf,16,Kupwara.pdf
Jammu & Kashmir,2018,Name of District,Name of Block,Budnamal Bala,PC-II,Budnamal Bala,ward,Woman,NONE,1,reserved_only,,,,,Gn Women,latin,data/jk/2018/Kupwara.pdf,16,Kupwara.pdf
Jammu & Kashmir,2018,Name of District,Name of Block,Budnamal Bala,PC-V,Budnamal Bala,ward,Woman,NONE,1,reserved_only,,,,,Gn Women,latin,data/jk/2018/Kupwara.pdf,16,Kupwara.pdf
Jammu & Kashmir,2018,Name of District,Name of Block,Chokibal,PC-II,Chowkibal,ward,Woman,NONE,1,reserved_only,,,,,Gn Women,latin,data/jk/2018/Kupwara.pdf,16,Kupwara.pdf
Jammu & Kashmir,2018,Name of District,Name of Block,Chokibal,PC-V,Chowkibal,ward,Woman,NONE,1,reserved_only,,,,,Gn Women,latin,data/jk/2018/Kupwara.pdf,16,Kupwara.pdf
Jammu & Kashmir,2018,Name of District,Name of Block,Gund Zunreshi,PC-II,Gund Zunreshi,ward,Woman,NONE,1,reserved_only,,,,,Gn Women,latin,data/jk/2018/Kupwara.pdf,16,Kupwara.pdf
Jammu & Kashmir,2018,Name of District,Name of Block,Gund Zunreshi,PC-V,Gund Zunreshi,ward,Woman,NONE,1,reserved_only,,,,,Gn Women,latin,data/jk/2018/Kupwara.pdf,16,Kupwara.pdf
Jammu & Kashmir,2018,Name of District,Name of Block,Gund Zunreshi,PC-VIII,Gund Zunreshi,ward,Woman,NONE,1,reserved_only,,,,,Gn Women,latin,data/jk/2018/Kupwara.pdf,16,Kupwara.pdf
Jammu & Kashmir,2018,Name of District,Name of Block,Hatchmargh,PC-I,Hatchmargh,ward,ST Other than Woman,ST,0,reserved_only,,,,,ST Reserved,latin,data/jk/2018/Kupwara.pdf,16,Kupwara.pdf
Jammu & Kashmir,2018,Name of District,Name of Block,Hatchmargh,PC-II,Hatchmargh,ward,ST Woman,ST,1,reserved_only,,,,,ST Women,latin,data/jk/2018/Kupwara.pdf,16,Kupwara.pdf
Jammu & Kashmir,2018,Name of District,Name of Block,Hatchmargh,PC-III,Hatchmargh,ward,ST Other than Woman,ST,0,reserved_only,,,,,ST Reserved,latin,data/jk/2018/Kupwara.pdf,16,Kupwara.pdf
Jammu & Kashmir,2018,Name of District,Name of Block,Hatchmargh,PC-IV,Hatchmargh,ward,ST Other than Woman,ST,0,reserved_only,,,,,ST Reserved,latin,data/jk/2018/Kupwara.pdf,16,Kupwara.pdf
Jammu & Kashmir,2018,Name of District,Name of Block,Hatchmargh,PC-V,Hatchmargh,ward,ST Woman,ST,1,reserved_only,,,,,ST Women,latin,data/jk/2018/Kupwara.pdf,16,Kupwara.pdf
Jammu & Kashmir,2018,Name of District,Name of Block,Hatchmargh,PC-VI,Hatchmargh,ward,ST Other than Woman,ST,0,reserved_only,,,,,ST Reserved,latin,data/jk/2018/Kupwara.pdf,16,Kupwara.pdf
Jammu & Kashmir,2018,Name of District,Name of Block,Hatchmargh,PC-VII,Hatchmargh Partly,ward,ST Other than Woman,ST,0,reserved_only,,,,,ST Reserved,latin,data/jk/2018/Kupwara.pdf,16,Kupwara.pdf
Jammu & Kashmir,2018,Name of District,Name of Block,Manzchater,PC-II,Manzchater,ward,Woman,NONE,1,reserved_only,,,,,Gn Women,latin,data/jk/2018/Kupwara.pdf,16,Kupwara.pdf
Jammu & Kashmir,2018,Name of District,Name of Block,Manzchater,PC-V,Manzchater,ward,Woman,NONE,1,reserved_only,,,,,Gn Women,latin,data/jk/2018/Kupwara.pdf,16,Kupwara.pdf
Jammu & Kashmir,2018,Name of District,Name of Block,Manzpathra,PC-I,Manzpathra,ward,ST Other than Woman,ST,0,reserved_only,,,,,ST Reserved,latin,data/jk/2018/Kupwara.pdf,16,Kupwara.pdf
Jammu & Kashmir,2018,Name of District,Name of Block,Manzpathra,PC-II,Manzpathra,ward,Woman,NONE,1,reserved_only,,,,,Gn Women,latin,data/jk/2018/Kupwara.pdf,16,Kupwara.pdf
Jammu & Kashmir,2018,Name of District,Name of Block,Manzpathra,PC-IV,Manzpathra,ward,ST Other than Woman,ST,0,reserved_only,,,,,ST Reserved,latin,data/jk/2018/Kupwara.pdf,16,Kupwara.pdf
Jammu & Kashmir,2018,Name of District,Name of Block,Manzpathra,PC-V,Manzpathra,ward,ST Woman,ST,1,reserved_only,,,,,ST Women,latin,data/jk/2018/Kupwara.pdf,16,Kupwara.pdf
Jammu & Kashmir,2018,Name of District,Name of Block,Manzpathra,PC-VI,Race Mohalla,ward,ST Other than Woman,ST,0,reserved_only,,,,,ST Reserved,latin,data/jk/2018/Kupwara.pdf,16,Kupwara.pdf
Jammu & Kashmir,2018,Name of District,Name of Block,Manzpathra,PC-VII,Manzpathra,ward,ST Other than Woman,ST,0,reserved_only,,,,,ST Reserved,latin,data/jk/2018/Kupwara.pdf,16,Kupwara.pdf
Jammu & Kashmir,2018,Name of District,Name of Block,Panzgam A,PC-II,Panzgam A,ward,Woman,NONE,1,reserved_only,,,,,Gn Women,latin,data/jk/2018/Kupwara.pdf,16,Kupwara.pdf
Jammu & Kashmir,2018,Name of District,Name of Block,Panzgam A,PC-V,Panzgam A,ward,Woman,NONE,1,reserved_only,,,,,Gn Women,latin,data/jk/2018/Kupwara.pdf,16,Kupwara.pdf
Jammu & Kashmir,2018,Name of District,Name of Block,Panzgam B,PC-II,Panzgam B,ward,Woman,NONE,1,reserved_only,,,,,Gn Women,latin,data/jk/2018/Kupwara.pdf,16,Kupwara.pdf
Jammu & Kashmir,2018,Name of District,Name of Block,Panzgam B,PC-V,Panzgam B,ward,Woman,NONE,1,reserved_only,,,,,Gn Women,latin,data/jk/2018/Kupwara.pdf,16,Kupwara.pdf
Jammu & Kashmir,2018,Name of District,Name of Block,Panzgam C,PC-II,Panzgam C,ward,Woman,NONE,1,reserved_only,,,,,Gn Women,latin,data/jk/2018/Kupwara.pdf,16,Kupwara.pdf
Jammu & Kashmir,2018,Name of District,Name of Block,Panzgam C,PC-V,Panzgam C,ward,Woman,NONE,1,reserved_only,,,,,Gn Women,latin,data/jk/2018/Kupwara.pdf,16,Kupwara.pdf
Jammu & Kashmir,2018,Name of District,Name of Block,Rawathpora,PC-II,Rawathpora,ward,Woman,NONE,1,reserved_only,,,,,Gn Women,latin,data/jk/2018/Kupwara.pdf,16,Kupwara.pdf
Jammu & Kashmir,2018,Name of District,Name of Block,Rawathpora,PC-V,Rawathpora,ward,Woman,NONE,1,reserved_only,,,,,Gn Women,latin,data/jk/2018/Kupwara.pdf,16,Kupwara.pdf
Jammu & Kashmir,2018,Name of District,Name of Block,Rawathpora,PC-VIII,Rawathpora,ward,Woman,NONE,1,reserved_only,,,,,Gn Women,latin,data/jk/2018/Kupwara.pdf,16,Kupwara.pdf
Jammu & Kashmir,2018,Name of District,Name of Block,Reddi,PC-I,Reddi,ward,ST Other than Woman,ST,0,reserved_only,,,,,ST Reserved,latin,data/jk/2018/Kupwara.pdf,16,Kupwara.pdf
Jammu & Kashmir,2018,Name of District,Name of Block,Reddi,PC-II,Reddi,ward,ST Woman,ST,1,reserved_only,,,,,ST Women,latin,data/jk/2018/Kupwara.pdf,16,Kupwara.pdf
Jammu & Kashmir,2018,Name of District,Name of Block,Reddi,PC-V,Reddi,ward,Woman,NONE,1,reserved_only,,,,,Gn Women,latin,data/jk/2018/Kupwara.pdf,16,Kupwara.pdf
Jammu & Kashmir,2018,Name of District,Name of Block,Reddi,PC-VIII,Reddi,ward,Woman,NONE,1,reserved_only,,,,,Gn Women,latin,data/jk/2018/Kupwara.pdf,16,Kupwara.pdf
Jammu & Kashmir,2018,Name of District,Name of Block,Reddi,PC-I,Tumina,ward,ST Other than Woman,ST,0,reserved_only,,,,,ST Reserved,latin,data/jk/2018/Kupwara.pdf,16,Kupwara.pdf
Jammu & Kashmir,2018,Name of District,Name of Block,Reddi,PC-II,Tumina,ward,ST Woman,ST,1,reserved_only,,,,,ST Women,latin,data/jk/2018/Kupwara.pdf,16,Kupwara.pdf
Jammu & Kashmir,2018,Name of District,Name of Block,Reddi,PC-III,Tumina,ward,ST Other than Woman,ST,0,reserved_only,,,,,ST Reserved,latin,data/jk/2018/Kupwara.pdf,16,Kupwara.pdf
Jammu & Kashmir,2018,Name of District,Name of Block,Reddi,Number & Name of Panch Constituency,,ward,ST Woman,ST,1,reserved_only,,,,,Panch reservation for SC/ST/Women & ST (Where proportion of ST Polpulation is comperatively Large),latin,data/jk/2018/Kupwara.pdf,17,Kupwara.pdf
Jammu & Kashmir,2018,Name of District,Name of Block,Reddi,PC-V,Tumina,ward,Woman,NONE,1,reserved_only,,,,,Gn Women,latin,data/jk/2018/Kupwara.pdf,17,Kupwara.pdf
Jammu & Kashmir,2018,Name of District,Name of Block,Reddi,PC-VII,Tumina Payeen,ward,ST Other than Woman,ST,0,reserved_only,,,,,ST Reserved,latin,data/jk/2018/Kupwara.pdf,17,Kupwara.pdf
Jammu & Kashmir,2018,Name of District,Name of Block,Chandigam A,PC-II,Chandigam A ii,ward,Woman,NONE,1,reserved_only,,,,,Gn Women,latin,data/jk/2018/Kupwara.pdf,17,Kupwara.pdf
Jammu & Kashmir,2018,Name of District,Name of Block,Chandigam A,PC-V,Chandigam A v,ward,Woman,NONE,1,reserved_only,,,,,Gn Women,latin,data/jk/2018/Kupwara.pdf,17,Kupwara.pdf
Jammu & Kashmir,2018,Name of District,Name of Block,Chandigam B,PC-II,Chandigam B-ii,ward,Woman,NONE,1,reserved_only,,,,,Gn Women,latin,data/jk/2018/Kupwara.pdf,17,Kupwara.pdf
Jammu & Kashmir,2018,Name of District,Name of Block,Chandigam B,PC-V,Chandigam B-v,ward,Woman,NONE,1,reserved_only,,,,,Gn Women,latin,data/jk/2018/Kupwara.pdf,17,Kupwara.pdf
Jammu & Kashmir,2018,Name of District,Name of Block,Dardpora,PC-II,Dardpora,ward,Woman,NONE,1,reserved_only,,,,,Gn Women,latin,data/jk/2018/Kupwara.pdf,17,Kupwara.pdf
Jammu & Kashmir,2018,Name of District,Name of Block,Dardpora,PC-V,Dardpora,ward,Woman,NONE,1,reserved_only,,,,,Gn Women,latin,data/jk/2018/Kupwara.pdf,17,Kupwara.pdf
Jammu & Kashmir,2018,Name of District,Name of Block,Dardpora,PC-VIII,Dardpora,ward,Woman,NONE,1,reserved_only,,,,,Gn Women,latin,data/jk/2018/Kupwara.pdf,17,Kupwara.pdf
Jammu & Kashmir,2018,Name of District,Name of Block,Darpora A,PC-II,2 Darpora A,ward,Woman,NONE,1,reserved_only,,,,,Gn Women,latin,data/jk/2018/Kupwara.pdf,17,Kupwara.pdf
Jammu & Kashmir,2018,Name of District,Name of Block,Darpora A,PC-V,5 Darpora A,ward,Woman,NONE,1,reserved_only,,,,,Gn Women,latin,data/jk/2018/Kupwara.pdf,17,Kupwara.pdf
Jammu & Kashmir,2018,Name of District,Name of Block,Darpora A,PC-VIII,8 Darpora A,ward,Woman,NONE,1,reserved_only,,,,,Gn Women,latin,data/jk/2018/Kupwara.pdf,17,Kupwara.pdf
Jammu & Kashmir,2018,Name of District,Name of Block,Darpora B,PC-II,Darpora B,ward,Woman,NONE,1,reserved_only,,,,,Gn Women,latin,data/jk/2018/Kupwara.pdf,17,Kupwara.pdf
Jammu & Kashmir,2018,Name of District,Name of Block,Darpora B,PC-V,Darpora B,ward,Woman,NONE,1,reserved_only,,,,,Gn Women,latin,data/jk/2018/Kupwara.pdf,17,Kupwara.pdf
Jammu & Kashmir,2018,Name of District,Name of Block,Darpora C,PC-II,2-Darpora C,ward,Woman,NONE,1,reserved_only,,,,,Gn Women,latin,data/jk/2018/Kupwara.pdf,17,Kupwara.pdf
Jammu & Kashmir,2018,Name of District,Name of Block,Darpora C,PC-V,5-Darpora C,ward,Woman,NONE,1,reserved_only,,,,,Gn Women,latin,data/jk/2018/Kupwara.pdf,17,Kupwara.pdf
Jammu & Kashmir,2018,Name of District,Name of Block,Diver A,PC-II,Diver A,ward,Woman,NONE,1,reserved_only,,,,,Gn Women,latin,data/jk/2018/Kupwara.pdf,17,Kupwara.pdf
Jammu & Kashmir,2018,Name of District,Name of Block,Diver A,PC-V,Diver A,ward,Woman,NONE,1,reserved_only,,,,,Gn Women,latin,data/jk/2018/Kupwara.pdf,17,Kupwara.pdf
Jammu & Kashmir,2018,Name of District,Name of Block,Diver A,PC-VIII,Diver A,ward,Woman,NONE,1,reserved_only,,,,,Gn Women,latin,data/jk/2018/Kupwara.pdf,17,Kupwara.pdf
Jammu & Kashmir,2018,Name of District,Name of Block,Diver B,PC-II,Diver B,ward,Woman,NONE,1,reserved_only,,,,,Gn Women,latin,data/jk/2018/Kupwara.pdf,17,Kupwara.pdf
Jammu & Kashmir,2018,Name of District,Name of Block,Diver B,PC-V,Diver B,ward,Woman,NONE,1,reserved_only,,,,,Gn Women,latin,data/jk/2018/Kupwara.pdf,17,Kupwara.pdf
Jammu & Kashmir,2018,Name of District,Name of Block,Diver B,PC-VIII,Diver B,ward,Woman,NONE,1,reserved_only,,,,,Gn Women,latin,data/jk/2018/Kupwara.pdf,17,Kupwara.pdf
Jammu & Kashmir,2018,Name of District,Name of Block,Diver c,PC-II,Diver C,ward,Woman,NONE,1,reserved_only,,,,,Gn Women,latin,data/jk/2018/Kupwara.pdf,17,Kupwara.pdf
Jammu & Kashmir,2018,Name of District,Name of Block,Diver c,PC-V,Diver C,ward,Woman,NONE,1,reserved_only,,,,,Gn Women,latin,data/jk/2018/Kupwara.pdf,17,Kupwara.pdf
Jammu & Kashmir,2018,Name of District,Name of Block,Diver c,PC-VIII,Diver C,ward,Woman,NONE,1,reserved_only,,,,,Gn Women,latin,data/jk/2018/Kupwara.pdf,17,Kupwara.pdf
Jammu & Kashmir,2018,Name of District,Name of Block,Diver D,PC-II,Diver D,ward,Woman,NONE,1,reserved_only,,,,,Gn Women,latin,data/jk/2018/Kupwara.pdf,17,Kupwara.pdf
Jammu & Kashmir,2018,Name of District,Name of Block,Diver D,PC-V,Diver D,ward,Woman,NONE,1,reserved_only,,,,,Gn Women,latin,data/jk/2018/Kupwara.pdf,17,Kupwara.pdf
Jammu & Kashmir,2018,Name of District,Name of Block,Diver D,PC-VIII,Diver D,ward,Woman,NONE,1,reserved_only,,,,,Gn Women,latin,data/jk/2018/Kupwara.pdf,17,Kupwara.pdf
Jammu & Kashmir,2018,Name of District,Name of Block,Doorusa Wani,PC-II,Doorusa Wani,ward,Woman,NONE,1,reserved_only,,,,,Gn Women,latin,data/jk/2018/Kupwara.pdf,17,Kupwara.pdf
Jammu & Kashmir,2018,Name of District,Name of Block,Doorusa Wani,PC-V,Doorusa Wani,ward,Woman,NONE,1,reserved_only,,,,,Gn Women,latin,data/jk/2018/Kupwara.pdf,17,Kupwara.pdf
Jammu & Kashmir,2018,Name of District,Name of Block,Doorusa Wani,PC-VII,Doorusa Wani,ward,ST Other than Woman,ST,0,reserved_only,,,,,ST Reserved,latin,data/jk/2018/Kupwara.pdf,17,Kupwara.pdf
Jammu & Kashmir,2018,Name of District,Name of Block,Gundimacher,PC-II,Gundimacher,ward,Woman,NONE,1,reserved_only,,,,,Gn Women,latin,data/jk/2018/Kupwara.pdf,17,Kupwara.pdf
Jammu & Kashmir,2018,Name of District,Name of Block,Gundimacher,PC-V,Gundimacher,ward,Woman,NONE,1,reserved_only,,,,,Gn Women,latin,data/jk/2018/Kupwara.pdf,17,Kupwara.pdf
Jammu & Kashmir,2018,Name of District,Name of Block,Gundimacher,PC-VIII,Gundimacher,ward,Woman,NONE,1,reserved_only,,,,,Gn Women,latin,data/jk/2018/Kupwara.pdf,17,Kupwara.pdf
Jammu & Kashmir,2018,Name of District,Name of Block,Gundimacher,PC-XI,Gundimacher,ward,Woman,NONE,1,reserved_only,,,,,Gn Women,latin,data/jk/2018/Kupwara.pdf,17,Kupwara.pdf
Jammu & Kashmir,2018,Name of District,Name of Block,Hayatpora,PC-II,Hayatpora,ward,Woman,NONE,1,reserved_only,,,,,Gn Women,latin,data/jk/2018/Kupwara.pdf,17,Kupwara.pdf
Jammu & Kashmir,2018,Name of District,Name of Block,Hayatpora,PC-V,Hayatpora,ward,Woman,NONE,1,reserved_only,,,,,Gn Women,latin,data/jk/2018/Kupwara.pdf,17,Kupwara.pdf
Jammu & Kashmir,2018,Name of District,Name of Block,Hayatpora,PC-VIII,Hayatpora,ward,Woman,NONE,1,reserved_only,,,,,Gn Women,latin,data/jk/2018/Kupwara.pdf,17,Kupwara.pdf
Jammu & Kashmir,2018,Name of District,Name of Block,Hayatpora,PC-XI,Hayatpora,ward,Woman,NONE,1,reserved_only,,,,,Gn Women,latin,data/jk/2018/Kupwara.pdf,17,Kupwara.pdf
Jammu & Kashmir,2018,Name of District,Name of Block,Krusan,PC-II,Krusan,ward,Woman,NONE,1,reserved_only,,,,,Gn Women,latin,data/jk/2018/Kupwara.pdf,17,Kupwara.pdf
Jammu & Kashmir,2018,Name of District,Name of Block,Krusan,PC-V,Krusan,ward,Woman,NONE,1,reserved_only,,,,,Gn Women,latin,data/jk/2018/Kupwara.pdf,17,Kupwara.pdf
Jammu & Kashmir,2018,Name of District,Name of Block,Krusan,PC-VIII,Krusan,ward,Woman,NONE,1,reserved_only,,,,,Gn Women,latin,data/jk/2018/Kupwara.pdf,17,Kupwara.pdf
Jammu & Kashmir,2018,Name of District,Name of Block,Krusan,PC-XI,Krusan,ward,Woman,NONE,1,reserved_only,,,,,Gn Women,latin,data/jk/2018/Kupwara.pdf,17,Kupwara.pdf
Jammu & Kashmir,2018,Name of District,Name of Block,Lalpora-A,PC-II,Lalpora A,ward,Woman,NONE,1,reserved_only,,,,,Gn Women,latin,data/jk/2018/Kupwara.pdf,17,Kupwara.pdf
Jammu & Kashmir,2018,Name of District,Name of Block,Lalpora-A,PC-V,Lalpora A,ward,Woman,NONE,1,reserved_only,,,,,Gn Women,latin,data/jk/2018/Kupwara.pdf,17,Kupwara.pdf
Jammu & Kashmir,2018,Name of District,Name of Block,Lalpora-A,PC-VIII,Lalpora A,ward,Woman,NONE,1,reserved_only,,,,,Gn Women,latin,data/jk/2018/Kupwara.pdf,17,Kupwara.pdf
Jammu & Kashmir,2018,Name of District,Name of Block,Lalpora-B,PC-II,Lalpora B ii,ward,Woman,NONE,1,reserved_only,,,,,Gn Women,latin,data/jk/2018/Kupwara.pdf,17,Kupwara.pdf
Jammu & Kashmir,2018,Name of District,Name of Block,Lalpora-B,PC-V,Lalpora B v,ward,Woman,NONE,1,reserved_only,,,,,Gn Women,latin,data/jk/2018/Kupwara.pdf,17,Kupwara.pdf
Jammu & Kashmir,2018,Name of District,Name of Block,Lalpora-C(Shalgund),PC-II,Lalpora C,ward,Woman,NONE,1,reserved_only,,,,,Gn Women,latin,data/jk/2018/Kupwara.pdf,17,Kupwara.pdf
Jammu & Kashmir,2018,Name of District,Name of Block,Lalpora-C(Shalgund),PC-V,Lalpora C,ward,Woman,NONE,1,reserved_only,,,,,Gn Women,latin,data/jk/2018/Kupwara.pdf,17,Kupwara.pdf
Jammu & Kashmir,2018,Name of District,Name of Block,Lalpora-C(Shalgund),PC-II,Lalpora D,ward,Woman,NONE,1,reserved_only,,,,,Gn Women,latin,data/jk/2018/Kupwara.pdf,17,Kupwara.pdf
Jammu & Kashmir,2018,Name of District,Name of Block,Lalpora-C(Shalgund),PC-IV,Lalpora D,ward,ST Other than Woman,ST,0,reserved_only,,,,,ST Reserved,latin,data/jk/2018/Kupwara.pdf,17,Kupwara.pdf
Jammu & Kashmir,2018,Name of District,Name of Block,Lalpora-C(Shalgund),Number & Name of Panch Constituency,,ward,ST Woman,ST,1,reserved_only,,,,,Panch reservation for SC/ST/Women & ST (Where proportion of ST Polpulation is comperatively Large),latin,data/jk/2018/Kupwara.pdf,18,Kupwara.pdf
Jammu & Kashmir,2018,Name of District,Name of Block,Lalpora-C(Shalgund),PC-V,Lalpora D,ward,ST Woman,ST,1,reserved_only,,,,,ST Women,latin,data/jk/2018/Kupwara.pdf,18,Kupwara.pdf
Jammu & Kashmir,2018,Name of District,Name of Block,Lalpora-C(Shalgund),PC-VIII,Lalpora D,ward,Woman,NONE,1,reserved_only,,,,,Gn Women,latin,data/jk/2018/Kupwara.pdf,18,Kupwara.pdf
Jammu & Kashmir,2018,Name of District,Name of Block,Lalpora-E,PC-II,Lalpora E-ii,ward,Woman,NONE,1,reserved_only,,,,,Gn Women,latin,data/jk/2018/Kupwara.pdf,18,Kupwara.pdf
Jammu & Kashmir,2018,Name of District,Name of Block,Lalpora-E,PC-V,Lalpora E-v,ward,Woman,NONE,1,reserved_only,,,,,Gn Women,latin,data/jk/2018/Kupwara.pdf,18,Kupwara.pdf
Jammu & Kashmir,2018,Name of District,Name of Block,Muqam Dardpora,PC-II,Muqam,ward,Woman,NONE,1,reserved_only,,,,,Gn Women,latin,data/jk/2018/Kupwara.pdf,18,Kupwara.pdf
Jammu & Kashmir,2018,Name of District,Name of Block,Muqam Dardpora,PC-IV,Muqam,ward,ST Other than Woman,ST,0,reserved_only,,,,,ST Reserved,latin,data/jk/2018/Kupwara.pdf,18,Kupwara.pdf
Jammu & Kashmir,2018,Name of District,Name of Block,Muqam Dardpora,PC-V,Muqam,ward,Woman,NONE,1,reserved_only,,,,,Gn Women,latin,data/jk/2018/Kupwara.pdf,18,Kupwara.pdf
Jammu & Kashmir,2018,Name of District,Name of Block,Muqam Dardpora,PC-VIII,Muqam,ward,Woman,NONE,1,reserved_only,,,,,Gn Women,latin,data/jk/2018/Kupwara.pdf,18,Kupwara.pdf
Jammu & Kashmir,2018,Name of District,Name of Block,Rednag,PC-II,Rednag,ward,Woman,NONE,1,reserved_only,,,,,Gn Women,latin,data/jk/2018/Kupwara.pdf,18,Kupwara.pdf
Jammu & Kashmir,2018,Name of District,Name of Block,Rednag,PC-V,Rednag,ward,Woman,NONE,1,reserved_only,,,,,Gn Women,latin,data/jk/2018/Kupwara.pdf,18,Kupwara.pdf
Jammu & Kashmir,2018,Name of District,Name of Block,Rednag,PC-VIII,Rednag,ward,Woman,NONE,1,reserved_only,,,,,Gn Women,latin,data/jk/2018/Kupwara.pdf,18,Kupwara.pdf
Jammu & Kashmir,2018,Name of District,Name of Block,Saiwan,PC-II,Saiwan,ward,Woman,NONE,1,reserved_only,,,,,Gn Women,latin,data/jk/2018/Kupwara.pdf,18,Kupwara.pdf
Jammu & Kashmir,2018,Name of District,Name of Block,Saiwan,PC-V,Saiwan,ward,Woman,NONE,1,reserved_only,,,,,Gn Women,latin,data/jk/2018/Kupwara.pdf,18,Kupwara.pdf
Jammu & Kashmir,2018,Name of District,Name of Block,Sogam A,PC-II,Sogam A,ward,Woman,NONE,1,reserved_only,,,,,Gn Women,latin,data/jk/2018/Kupwara.pdf,18,Kupwara.pdf
Jammu & Kashmir,2018,Name of District,Name of Block,Sogam A,PC-V,Sogam A,ward,Woman,NONE,1,reserved_only,,,,,Gn Women,latin,data/jk/2018/Kupwara.pdf,18,Kupwara.pdf
Jammu & Kashmir,2018,Name of District,Name of Block,Sogam A,PC-VIII,Sogam A,ward,Woman,NONE,1,reserved_only,,,,,Gn Women,latin,data/jk/2018/Kupwara.pdf,18,Kupwara.pdf
Jammu & Kashmir,2018,Name of District,Name of Block,Sogam A,PC-XI,Sogam A,ward,Woman,NONE,1,reserved_only,,,,,Gn Women,latin,data/jk/2018/Kupwara.pdf,18,Kupwara.pdf
Jammu & Kashmir,2018,Name of District,Name of Block,Sogam B,PC-II,Sogam B,ward,Woman,NONE,1,reserved_only,,,,,Gn Women,latin,data/jk/2018/Kupwara.pdf,18,Kupwara.pdf
Jammu & Kashmir,2018,Name of District,Name of Block,Sogam B,PC-V,Sogam B,ward,Woman,NONE,1,reserved_only,,,,,Gn Women,latin,data/jk/2018/Kupwara.pdf,18,Kupwara.pdf
Jammu & Kashmir,2018,Name of District,Name of Block,Sogam B,PC-VIII,Sogam B,ward,Woman,NONE,1,reserved_only,,,,,Gn Women,latin,data/jk/2018/Kupwara.pdf,18,Kupwara.pdf
Jammu & Kashmir,2018,Name of District,Name of Block,Sogam B,PC-XI,Sogam B,ward,Woman,NONE,1,reserved_only,,,,,Gn Women,latin,data/jk/2018/Kupwara.pdf,18,Kupwara.pdf
Jammu & Kashmir,2018,Name of District,Name of Block,Sogam C,PC-II,Sogam C,ward,Woman,NONE,1,reserved_only,,,,,Gn Women,latin,data/jk/2018/Kupwara.pdf,18,Kupwara.pdf
Jammu & Kashmir,2018,Name of District,Name of Block,Sogam C,PC-V,Sogam C,ward,Woman,NONE,1,reserved_only,,,,,Gn Women,latin,data/jk/2018/Kupwara.pdf,18,Kupwara.pdf
Jammu & Kashmir,2018,Name of District,Name of Block,Sogam C,PC-VIII,Sogam C,ward,Woman,NONE,1,reserved_only,,,,,Gn Women,latin,data/jk/2018/Kupwara.pdf,18,Kupwara.pdf
Jammu & Kashmir,2018,Name of District,Name of Block,Sogam D,PC-II,Sogam D,ward,Woman,NONE,1,reserved_only,,,,,Gn Women,latin,data/jk/2018/Kupwara.pdf,18,Kupwara.pdf
Jammu & Kashmir,2018,Name of District,Name of Block,Sogam D,PC-V,Sogam D,ward,ST Woman,ST,1,reserved_only,,,,,ST Women,latin,data/jk/2018/Kupwara.pdf,18,Kupwara.pdf
Jammu & Kashmir,2018,Name of District,Name of Block,Sogam D,PC-VI,Sogam D,ward,ST Other than Woman,ST,0,reserved_only,,,,,ST Reserved,latin,data/jk/2018/Kupwara.pdf,18,Kupwara.pdf
Jammu & Kashmir,2018,Name of District,Name of Block,Sogam D,PC-VII,Sogam D,ward,ST Other than Woman,ST,0,reserved_only,,,,,ST Reserved,latin,data/jk/2018/Kupwara.pdf,18,Kupwara.pdf
Jammu & Kashmir,2018,Name of District,Name of Block,Sogam D,PC-VIII,Sogam D,ward,Woman,NONE,1,reserved_only,,,,,Gn Women,latin,data/jk/2018/Kupwara.pdf,18,Kupwara.pdf
Jammu & Kashmir,2018,Name of District,Name of Block,Sogam D,PC-XI,Sogam D,ward,Woman,NONE,1,reserved_only,,,,,Gn Women,latin,data/jk/2018/Kupwara.pdf,18,Kupwara.pdf
Jammu & Kashmir,2018,Name of District,Name of Block,Tangcheck,PC-II,Tangcheck,ward,Woman,NONE,1,reserved_only,,,,,Gn Women,latin,data/jk/2018/Kupwara.pdf,18,Kupwara.pdf
Jammu & Kashmir,2018,Name of District,Name of Block,Tangcheck,PC-V,Tangcheck,ward,Woman,NONE,1,reserved_only,,,,,Gn Women,latin,data/jk/2018/Kupwara.pdf,18,Kupwara.pdf
Jammu & Kashmir,2018,Name of District,Name of Block,Tangcheck,PC-VIII,Tangcheck,ward,Woman,NONE,1,reserved_only,,,,,Gn Women,latin,data/jk/2018/Kupwara.pdf,18,Kupwara.pdf
Jammu & Kashmir,2018,Name of District,Name of Block,Tangcheck,PC-XI,Tangcheck,ward,Woman,NONE,1,reserved_only,,,,,Gn Women,latin,data/jk/2018/Kupwara.pdf,18,Kupwara.pdf
Jammu & Kashmir,2018,Name of District,Name of Block,Tekipora A,PC-II,Tekipora A ii,ward,Woman,NONE,1,reserved_only,,,,,Gn Women,latin,data/jk/2018/Kupwara.pdf,18,Kupwara.pdf
Jammu & Kashmir,2018,Name of District,Name of Block,Tekipora A,PC-V,Tekipora A v,ward,Woman,NONE,1,reserved_only,,,,,Gn Women,latin,data/jk/2018/Kupwara.pdf,18,Kupwara.pdf
Jammu & Kashmir,2018,Name of District,Name of Block,Tekipora B,PC-II,Takipora B,ward,Woman,NONE,1,reserved_only,,,,,Gn Women,latin,data/jk/2018/Kupwara.pdf,18,Kupwara.pdf
Jammu & Kashmir,2018,Name of District,Name of Block,Tekipora B,PC-V,Takipora B,ward,Woman,NONE,1,reserved_only,,,,,Gn Women,latin,data/jk/2018/Kupwara.pdf,18,Kupwara.pdf
Jammu & Kashmir,2018,Name of District,Name of Block,Tekipora B,PC-VIII,Takipora B,ward,Woman,NONE,1,reserved_only,,,,,Gn Women,latin,data/jk/2018/Kupwara.pdf,18,Kupwara.pdf
Jammu & Kashmir,2018,Name of District,Name of Block,Tekipora C,PC-II,Tekipora C ii,ward,Woman,NONE,1,reserved_only,,,,,Gn Women,latin,data/jk/2018/Kupwara.pdf,18,Kupwara.pdf
Jammu & Kashmir,2018,Name of District,Name of Block,Tekipora C,PC-V,Tekipora C v,ward,Woman,NONE,1,reserved_only,,,,,Gn Women,latin,data/jk/2018/Kupwara.pdf,18,Kupwara.pdf
Jammu & Kashmir,2018,Name of District,Name of Block,Walkula,PC-II,Walkula,ward,Woman,NONE,1,reserved_only,,,,,Gn Women,latin,data/jk/2018/Kupwara.pdf,18,Kupwara.pdf
Jammu & Kashmir,2018,Name of District,Name of Block,Walkula,PC-V,Walkula,ward,Woman,NONE,1,reserved_only,,,,,Gn Women,latin,data/jk/2018/Kupwara.pdf,18,Kupwara.pdf
Jammu & Kashmir,2018,Name of District,Name of Block,Baghbailla,PC-II,Baghbailla,ward,Woman,NONE,1,reserved_only,,,,,Gn Women,latin,data/jk/2018/Kupwara.pdf,18,Kupwara.pdf
Jammu & Kashmir,2018,Name of District,Name of Block,Baghbailla,PC-V,Baghbailla,ward,Woman,NONE,1,reserved_only,,,,,Gn Women,latin,data/jk/2018/Kupwara.pdf,18,Kupwara.pdf
Jammu & Kashmir,2018,Name of District,Name of Block,Dildar(A),PC-II,Dildar A,ward,Woman,NONE,1,reserved_only,,,,,Gn Women,latin,data/jk/2018/Kupwara.pdf,18,Kupwara.pdf
Jammu & Kashmir,2018,Name of District,Name of Block,Dildar(A),PC-V,Dildar A,ward,Woman,NONE,1,reserved_only,,,,,Gn Women,latin,data/jk/2018/Kupwara.pdf,18,Kupwara.pdf
Jammu & Kashmir,2018,Name of District,Name of Block,Dildar(A),PC-VIII,Dildar A,ward,Woman,NONE,1,reserved_only,,,,,Gn Women,latin,data/jk/2018/Kupwara.pdf,18,Kupwara.pdf
Jammu & Kashmir,2018,Name of District,Name of Block,Dildar(B),PC-II,Dildar B,ward,Woman,NONE,1,reserved_only,,,,,Gn Women,latin,data/jk/2018/Kupwara.pdf,18,Kupwara.pdf
Jammu & Kashmir,2018,Name of District,Name of Block,Dildar(B),PC-V,Dildar B,ward,Woman,NONE,1,reserved_only,,,,,Gn Women,latin,data/jk/2018/Kupwara.pdf,18,Kupwara.pdf
Jammu & Kashmir,2018,Name of District,Name of Block,Dildar(B),PC-VIII,Dildar B,ward,Woman,NONE,1,reserved_only,,,,,Gn Women,latin,data/jk/2018/Kupwara.pdf,18,Kupwara.pdf
Jammu & Kashmir,2018,Name of District,Name of Block,Dildar(B),PC-II,Gomal,ward,Woman,NONE,1,reserved_only,,,,,Gn Women,latin,data/jk/2018/Kupwara.pdf,18,Kupwara.pdf
Jammu & Kashmir,2018,Name of District,Name of Block,Dildar(B),Number & Name of Panch Constituency,,ward,ST Woman,ST,1,reserved_only,,,,,Panch reservation for SC/ST/Women & ST (Where proportion of ST Polpulation is comperatively Large),latin,data/jk/2018/Kupwara.pdf,19,Kupwara.pdf
Jammu & Kashmir,2018,Name of District,Name of Block,Dildar(B),PC-V,Gomal,ward,Woman,NONE,1,reserved_only,,,,,Gn Women,latin,data/jk/2018/Kupwara.pdf,19,Kupwara.pdf
Jammu & Kashmir,2018,Name of District,Name of Block,Dildar(B),PC-VI,Gomal,ward,ST Other than Woman,ST,0,reserved_only,,,,,ST Reserved,latin,data/jk/2018/Kupwara.pdf,19,Kupwara.pdf
Jammu & Kashmir,2018,Name of District,Name of Block,Dildar(B),PC-VII,Gomal,ward,ST Other than Woman,ST,0,reserved_only,,,,,ST Reserved,latin,data/jk/2018/Kupwara.pdf,19,Kupwara.pdf
Jammu & Kashmir,2018,Name of District,Name of Block,Dildar(B),PC-VIII,Gomal,ward,ST Woman,ST,1,reserved_only,,,,,ST Women,latin,data/jk/2018/Kupwara.pdf,19,Kupwara.pdf
Jammu & Kashmir,2018,Name of District,Name of Block,Hajinard,PC-II,Hajinard,ward,Woman,NONE,1,reserved_only,,,,,Gn Women,latin,data/jk/2018/Kupwara.pdf,19,Kupwara.pdf
Jammu & Kashmir,2018,Name of District,Name of Block,Hajinard,PC-V,Hajinard,ward,Woman,NONE,1,reserved_only,,,,,Gn Women,latin,data/jk/2018/Kupwara.pdf,19,Kupwara.pdf
Jammu & Kashmir,2018,Name of District,Name of Block,Kandi Bala,PC-II,Kandi Bala,ward,Woman,NONE,1,reserved_only,,,,,Gn Women,latin,data/jk/2018/Kupwara.pdf,19,Kupwara.pdf
Jammu & Kashmir,2018,Name of District,Name of Block,Kandi Bala,PC-V,Kandi Bala,ward,Woman,NONE,1,reserved_only,,,,,Gn Women,latin,data/jk/2018/Kupwara.pdf,19,Kupwara.pdf
Jammu & Kashmir,2018,Name of District,Name of Block,Kandi Bala,PC-VI,Kandi Bala,ward,ST Other than Woman,ST,0,reserved_only,,,,,ST Reserved,latin,data/jk/2018/Kupwara.pdf,19,Kupwara.pdf
Jammu & Kashmir,2018,Name of District,Name of Block,Kandi Bala,PC-VII,Kandi Bala,ward,ST Other than Woman,ST,0,reserved_only,,,,,ST Reserved,latin,data/jk/2018/Kupwara.pdf,19,Kupwara.pdf
Jammu & Kashmir,2018,Name of District,Name of Block,Kandi Bala,PC-VIII,Kandi Bala,ward,ST Woman,ST,1,reserved_only,,,,,ST Women,latin,data/jk/2018/Kupwara.pdf,19,Kupwara.pdf
Jammu & Kashmir,2018,Name of District,Name of Block,Kandi Bala,PC-IX,Kandi Bala,ward,ST Other than Woman,ST,0,reserved_only,,,,,ST Reserved,latin,data/jk/2018/Kupwara.pdf,19,Kupwara.pdf
Jammu & Kashmir,2018,Name of District,Name of Block,Kandi Payeen,PC-II,Kandi Payeen,ward,Woman,NONE,1,reserved_only,,,,,Gn Women,latin,data/jk/2018/Kupwara.pdf,19,Kupwara.pdf
Jammu & Kashmir,2018,Name of District,Name of Block,Kandi Payeen,PC-V,Kandi Payeen,ward,Woman,NONE,1,reserved_only,,,,,Gn Women,latin,data/jk/2018/Kupwara.pdf,19,Kupwara.pdf
Jammu & Kashmir,2018,Name of District,Name of Block,Kandi Payeen,PC-VIII,Kandi Payeen,ward,Woman,NONE,1,reserved_only,,,,,Gn Women,latin,data/jk/2018/Kupwara.pdf,19,Kupwara.pdf
Jammu & Kashmir,2018,Name of District,Name of Block,Khowerpora(A),PC-I,Khowerpora A,ward,ST Other than Woman,ST,0,reserved_only,,,,,ST Reserved,latin,data/jk/2018/Kupwara.pdf,19,Kupwara.pdf
Jammu & Kashmir,2018,Name of District,Name of Block,Khowerpora(A),PC-II,Khowerpora A,ward,Woman,NONE,1,reserved_only,,,,,Gn Women,latin,data/jk/2018/Kupwara.pdf,19,Kupwara.pdf
Jammu & Kashmir,2018,Name of District,Name of Block,Khowerpora(A),PC-V,Khowerpora A,ward,Woman,NONE,1,reserved_only,,,,,Gn Women,latin,data/jk/2018/Kupwara.pdf,19,Kupwara.pdf
Jammu & Kashmir,2018,Name of District,Name of Block,Khowerpora(A),PC-VIII,Khowerpora A,ward,Woman,NONE,1,reserved_only,,,,,Gn Women,latin,data/jk/2018/Kupwara.pdf,19,Kupwara.pdf
Jammu & Kashmir,2018,Name of District,Name of Block,Khowerpora(B),PC-II,Khowerpora B,ward,Woman,NONE,1,reserved_only,,,,,Gn Women,latin,data/jk/2018/Kupwara.pdf,19,Kupwara.pdf
Jammu & Kashmir,2018,Name of District,Name of Block,Khowerpora(B),PC-V,Khowerpora B,ward,Woman,NONE,1,reserved_only,,,,,Gn Women,latin,data/jk/2018/Kupwara.pdf,19,Kupwara.pdf
Jammu & Kashmir,2018,Name of District,Name of Block,Kona Gabra,PC-V,Kona Gabra,ward,ST Woman,ST,1,reserved_only,,,,,ST Women,latin,data/jk/2018/Kupwara.pdf,19,Kupwara.pdf
Jammu & Kashmir,2018,Name of District,Name of Block,Nachiyan,PC-II,Nachiyan,ward,ST Woman,ST,1,reserved_only,,,,,ST Women,latin,data/jk/2018/Kupwara.pdf,19,Kupwara.pdf
Jammu & Kashmir,2018,Name of District,Name of Block,Nachiyan,PC-III,Nachiyan,ward,ST Other than Woman,ST,0,reserved_only,,,,,ST Reserved,latin,data/jk/2018/Kupwara.pdf,19,Kupwara.pdf
Jammu & Kashmir,2018,Name of District,Name of Block,Nachiyan,PC-IV,Nachiyan,ward,ST Other than Woman,ST,0,reserved_only,,,,,ST Reserved,latin,data/jk/2018/Kupwara.pdf,19,Kupwara.pdf
Jammu & Kashmir,2018,Name of District,Name of Block,Nachiyan,PC-V,Nachiyan,ward,ST Woman,ST,1,reserved_only,,,,,ST Women,latin,data/jk/2018/Kupwara.pdf,19,Kupwara.pdf
Jammu & Kashmir,2018,Name of District,Name of Block,Nachiyan,PC-VI,Nachiyan,ward,ST Other than Woman,ST,0,reserved_only,,,,,ST Reserved,latin,data/jk/2018/Kupwara.pdf,19,Kupwara.pdf
Jammu & Kashmir,2018,Name of District,Name of Block,Nachiyan,PC-VII,Nachiyan,ward,ST Other than Woman,ST,0,reserved_only,,,,,ST Reserved,latin,data/jk/2018/Kupwara.pdf,19,Kupwara.pdf
Jammu & Kashmir,2018,Name of District,Name of Block,Nachiyan,PC-VIII,Nachiyan,ward,ST Woman,ST,1,reserved_only,,,,,ST Women,latin,data/jk/2018/Kupwara.pdf,19,Kupwara.pdf
Jammu & Kashmir,2018,Name of District,Name of Block,Nachiyan,PC-IX,Nachiyan,ward,ST Other than Woman,ST,0,reserved_only,,,,,ST Reserved,latin,data/jk/2018/Kupwara.pdf,19,Kupwara.pdf
Jammu & Kashmir,2018,Name of District,Name of Block,Nachiyan,PC-XI,Nachiyan,ward,ST Woman,ST,1,reserved_only,,,,,ST Women,latin,data/jk/2018/Kupwara.pdf,19,Kupwara.pdf
Jammu & Kashmir,2018,Name of District,Name of Block,Nawagabra A,PC-II,Nawagabra A,ward,Woman,NONE,1,reserved_only,,,,,Gn Women,latin,data/jk/2018/Kupwara.pdf,19,Kupwara.pdf
Jammu & Kashmir,2018,Name of District,Name of Block,Nawagabra A,PC-V,Nawagabra A,ward,Woman,NONE,1,reserved_only,,,,,Gn Women,latin,data/jk/2018/Kupwara.pdf,19,Kupwara.pdf
Jammu & Kashmir,2018,Name of District,Name of Block,Nawagabra A,PC-VII,Nawagabra A,ward,ST Other than Woman,ST,0,reserved_only,,,,,ST Reserved,latin,data/jk/2018/Kupwara.pdf,19,Kupwara.pdf
Jammu & Kashmir,2018,Name of District,Name of Block,Nowagabra B,PC-II,Nowagabra B,ward,Woman,NONE,1,reserved_only,,,,,Gn Women,latin,data/jk/2018/Kupwara.pdf,19,Kupwara.pdf
Jammu & Kashmir,2018,Name of District,Name of Block,Nowagabra B,PC-V,Nowagabra B,ward,Woman,NONE,1,reserved_only,,,,,Gn Women,latin,data/jk/2018/Kupwara.pdf,19,Kupwara.pdf
Jammu & Kashmir,2018,Name of District,Name of Block,Nowagabra B,PC-VIII,Nowagabra B,ward,Woman,NONE,1,reserved_only,,,,,Gn Women,latin,data/jk/2018/Kupwara.pdf,19,Kupwara.pdf
Jammu & Kashmir,2018,Name of District,Name of Block,Nowagabra B,PC-IX,KP-288,ward,ST Other than Woman,ST,0,reserved_only,,,,,ST Reserved,latin,data/jk/2018/Kupwara.pdf,19,Kupwara.pdf
Jammu & Kashmir,2018,Name of District,Name of Block,Nowagabra C,PC-I,Nowagabra C,ward,ST Other than Woman,ST,0,reserved_only,,,,,ST Reserved,latin,data/jk/2018/Kupwara.pdf,19,Kupwara.pdf
Jammu & Kashmir,2018,Name of District,Name of Block,Nowagabra C,PC-II,Nowagabra C,ward,Woman,NONE,1,reserved_only,,,,,Gn Women,latin,data/jk/2018/Kupwara.pdf,19,Kupwara.pdf
Jammu & Kashmir,2018,Name of District,Name of Block,Nowagabra C,PC-V,Nowagabra C,ward,Woman,NONE,1,reserved_only,,,,,Gn Women,latin,data/jk/2018/Kupwara.pdf,19,Kupwara.pdf
Jammu & Kashmir,2018,Name of District,Name of Block,Nowagabra C,PC-VIII,Nowagabra C,ward,Woman,NONE,1,reserved_only,,,,,Gn Women,latin,data/jk/2018/Kupwara.pdf,19,Kupwara.pdf
Jammu & Kashmir,2018,Name of District,Name of Block,Tangdar A,PC-II,Tangdar A,ward,Woman,NONE,1,reserved_only,,,,,Gn Women,latin,data/jk/2018/Kupwara.pdf,19,Kupwara.pdf
Jammu & Kashmir,2018,Name of District,Name of Block,Tangdar A,PC-V,Tangdar A,ward,Woman,NONE,1,reserved_only,,,,,Gn Women,latin,data/jk/2018/Kupwara.pdf,19,Kupwara.pdf
Jammu & Kashmir,2018,Name of District,Name of Block,Tangdar A,PC-VIII,Tangdar A,ward,Woman,NONE,1,reserved_only,,,,,Gn Women,latin,data/jk/2018/Kupwara.pdf,19,Kupwara.pdf
Jammu & Kashmir,2018,Name of District,Name of Block,Tangdar A,PC-XI,KP-290,ward,Woman,NONE,1,reserved_only,,,,,Gn Women,latin,data/jk/2018/Kupwara.pdf,19,Kupwara.pdf
Jammu & Kashmir,2018,Name of District,Name of Block,Tangdar A,PC-II,KP-291 ward ii,ward,Woman,NONE,1,reserved_only,,,,,Gn Women,latin,data/jk/2018/Kupwara.pdf,19,Kupwara.pdf
Jammu & Kashmir,2018,Name of District,Name of Block,Tangdar A,Number & Name of Panch Constituency,,ward,ST Woman,ST,1,reserved_only,,,,,Panch reservation for SC/ST/Women & ST (Where proportion of ST Polpulation is comperatively Large),latin,data/jk/2018/Kupwara.pdf,20,Kupwara.pdf
Jammu & Kashmir,2018,Name of District,Name of Block,Tangdar A,PC-V,KP-291 ward v,ward,Woman,NONE,1,reserved_only,,,,,Gn Women,latin,data/jk/2018/Kupwara.pdf,20,Kupwara.pdf
Jammu & Kashmir,2018,Name of District,Name of Block,Tangdar A,PC-VIII,KP-291 ward viii,ward,Woman,NONE,1,reserved_only,,,,,Gn Women,latin,data/jk/2018/Kupwara.pdf,20,Kupwara.pdf
Jammu & Kashmir,2018,Name of District,Name of Block,Tangdar A,PC-XI,KP-291 ward xi,ward,Woman,NONE,1,reserved_only,,,,,Gn Women,latin,data/jk/2018/Kupwara.pdf,20,Kupwara.pdf
Jammu & Kashmir,2018,Name of District,Name of Block,Tangdar C,PC-II,Tangdar C-2,ward,Woman,NONE,1,reserved_only,,,,,Gn Women,latin,data/jk/2018/Kupwara.pdf,20,Kupwara.pdf
Jammu & Kashmir,2018,Name of District,Name of Block,Tangdar C,PC-V,Tangdar C-5,ward,Woman,NONE,1,reserved_only,,,,,Gn Women,latin,data/jk/2018/Kupwara.pdf,20,Kupwara.pdf
Jammu & Kashmir,2018,Name of District,Name of Block,Tangdar C,PC-VIII,Tangdar C-8,ward,Woman,NONE,1,reserved_only,,,,,Gn Women,latin,data/jk/2018/Kupwara.pdf,20,Kupwara.pdf
Jammu & Kashmir,2018,Name of District,Tarathpora,Amargad,PC-II,ii- Razak bhat/Rather Mohalla,ward,Woman,NONE,1,reserved_only,,,,,Gn Women,latin,data/jk/2018/Kupwara.pdf,20,Kupwara.pdf
Jammu & Kashmir,2018,Name of District,Tarathpora,Amargad,PC-V,V- Astan Mohalla amargad,ward,Woman,NONE,1,reserved_only,,,,,Gn Women,latin,data/jk/2018/Kupwara.pdf,20,Kupwara.pdf
Jammu & Kashmir,2018,Name of District,Tarathpora,Champora,PC-II,Champora,ward,Woman,NONE,1,reserved_only,,,,,Gn Women,latin,data/jk/2018/Kupwara.pdf,20,Kupwara.pdf
Jammu & Kashmir,2018,Name of District,Tarathpora,Champora,PC-V,Champora,ward,Woman,NONE,1,reserved_only,,,,,Gn Women,latin,data/jk/2018/Kupwara.pdf,20,Kupwara.pdf
Jammu & Kashmir,2018,Name of District,Tarathpora,Hafrada,PC-II,Hafrada,ward,ST Woman,ST,1,reserved_only,,,,,ST Women,latin,data/jk/2018/Kupwara.pdf,20,Kupwara.pdf
Jammu & Kashmir,2018,Name of District,Tarathpora,Hafrada,PC-III,Hafrada,ward,ST Other than Woman,ST,0,reserved_only,,,,,ST Reserved,latin,data/jk/2018/Kupwara.pdf,20,Kupwara.pdf
Jammu & Kashmir,2018,Name of District,Tarathpora,Hafrada,PC-IV,Hafrada,ward,ST Other than Woman,ST,0,reserved_only,,,,,ST Reserved,latin,data/jk/2018/Kupwara.pdf,20,Kupwara.pdf
Jammu & Kashmir,2018,Name of District,Tarathpora,Hafrada,PC-V,Hafrada,ward,Woman,NONE,1,reserved_only,,,,,Gn Women,latin,data/jk/2018/Kupwara.pdf,20,Kupwara.pdf
Jammu & Kashmir,2018,Name of District,Tarathpora,Hafrada,PC-VI,Hafrada,ward,ST Other than Woman,ST,0,reserved_only,,,,,ST Reserved,latin,data/jk/2018/Kupwara.pdf,20,Kupwara.pdf
Jammu & Kashmir,2018,Name of District,Tarathpora,Hangnikoot,PC-I,Hagnikoot,ward,ST Other than Woman,ST,0,reserved_only,,,,,ST Reserved,latin,data/jk/2018/Kupwara.pdf,20,Kupwara.pdf
Jammu & Kashmir,2018,Name of District,Tarathpora,Hangnikoot,PC-II,Hagnikoot,ward,ST Woman,ST,1,reserved_only,,,,,ST Women,latin,data/jk/2018/Kupwara.pdf,20,Kupwara.pdf
Jammu & Kashmir,2018,Name of District,Tarathpora,Hangnikoot,PC-III,Hagnikoot,ward,ST Other than Woman,ST,0,reserved_only,,,,,ST Reserved,latin,data/jk/2018/Kupwara.pdf,20,Kupwara.pdf
Jammu & Kashmir,2018,Name of District,Tarathpora,Hangnikoot,PC-IV,Hagnikoot,ward,ST Other than Woman,ST,0,reserved_only,,,,,ST Reserved,latin,data/jk/2018/Kupwara.pdf,20,Kupwara.pdf
Jammu & Kashmir,2018,Name of District,Tarathpora,Hangnikoot,PC-V,Hagnikoot,ward,ST Woman,ST,1,reserved_only,,,,,ST Women,latin,data/jk/2018/Kupwara.pdf,20,Kupwara.pdf
Jammu & Kashmir,2018,Name of District,Tarathpora,Hangnikoot,PC-VI,Hagnikoot,ward,ST Other than Woman,ST,0,reserved_only,,,,,ST Reserved,latin,data/jk/2018/Kupwara.pdf,20,Kupwara.pdf
Jammu & Kashmir,2018,Name of District,Tarathpora,Hangnikoot,PC-VII,Hagnikoot,ward,ST Other than Woman,ST,0,reserved_only,,,,,ST Reserved,latin,data/jk/2018/Kupwara.pdf,20,Kupwara.pdf
Jammu & Kashmir,2018,Name of District,Tarathpora,Kalmona,PC-II,Kalmona,ward,Woman,NONE,1,reserved_only,,,,,Gn Women,latin,data/jk/2018/Kupwara.pdf,20,Kupwara.pdf
Jammu & Kashmir,2018,Name of District,Tarathpora,Kalmona,PC-V,Kalmona,ward,Woman,NONE,1,reserved_only,,,,,Gn Women,latin,data/jk/2018/Kupwara.pdf,20,Kupwara.pdf
Jammu & Kashmir,2018,Name of District,Tarathpora,Keniyal,PC-II,Kenyal,ward,Woman,NONE,1,reserved_only,,,,,Gn Women,latin,data/jk/2018/Kupwara.pdf,20,Kupwara.pdf
Jammu & Kashmir,2018,Name of District,Tarathpora,Keniyal,PC-V,Kenyal,ward,Woman,NONE,1,reserved_only,,,,,Gn Women,latin,data/jk/2018/Kupwara.pdf,20,Kupwara.pdf
Jammu & Kashmir,2018,Name of District,Tarathpora,Keniyal,PC-VIII,Kenyal,ward,Woman,NONE,1,reserved_only,,,,,Gn Women,latin,data/jk/2018/Kupwara.pdf,20,Kupwara.pdf
Jammu & Kashmir,2018,Name of District,Tarathpora,KP-301 Sharkoot,PC-II,II-Gashi mohalla sharkoot,ward,Woman,NONE,1,reserved_only,,,,,Gn Women,latin,data/jk/2018/Kupwara.pdf,20,Kupwara.pdf
Jammu & Kashmir,2018,Name of District,Tarathpora,KP-301 Sharkoot,PC-V,V-Mati Mohalla Sharkoot,ward,Woman,NONE,1,reserved_only,,,,,Gn Women,latin,data/jk/2018/Kupwara.pdf,20,Kupwara.pdf
Jammu & Kashmir,2018,Name of District,Tarathpora,Lilam,PC-II,Lilum,ward,Woman,NONE,1,reserved_only,,,,,Gn Women,latin,data/jk/2018/Kupwara.pdf,20,Kupwara.pdf
Jammu & Kashmir,2018,Name of District,Tarathpora,Lilam,PC-V,Lilum,ward,Woman,NONE,1,reserved_only,,,,,Gn Women,latin,data/jk/2018/Kupwara.pdf,20,Kupwara.pdf
Jammu & Kashmir,2018,Name of District,Tarathpora,Lilam,PC-VIII,Lilum,ward,Woman,NONE,1,reserved_only,,,,,Gn Women,latin,data/jk/2018/Kupwara.pdf,20,Kupwara.pdf
Jammu & Kashmir,2018,Name of District,Tarathpora,Lilam,PC-XI,Lilum,ward,Woman,NONE,1,reserved_only,,,,,Gn Women,latin,data/jk/2018/Kupwara.pdf,20,Kupwara.pdf
Jammu & Kashmir,2018,Name of District,Tarathpora,Manzgam,PC-II,Manzgam,ward,Woman,NONE,1,reserved_only,,,,,Gn Women,latin,data/jk/2018/Kupwara.pdf,20,Kupwara.pdf
Jammu & Kashmir,2018,Name of District,Tarathpora,Manzgam,PC-V,Manzgam,ward,Woman,NONE,1,reserved_only,,,,,Gn Women,latin,data/jk/2018/Kupwara.pdf,20,Kupwara.pdf
Jammu & Kashmir,2018,Name of District,Tarathpora,Pachkoot,PC-II,Pachkoot,ward,Woman,NONE,1,reserved_only,,,,,Gn Women,latin,data/jk/2018/Kupwara.pdf,20,Kupwara.pdf
Jammu & Kashmir,2018,Name of District,Tarathpora,Pachkoot,PC-V,Pachkoot,ward,Woman,NONE,1,reserved_only,,,,,Gn Women,latin,data/jk/2018/Kupwara.pdf,20,Kupwara.pdf
Jammu & Kashmir,2018,Name of District,Tarathpora,Phalmargh,PC-I,Phalmarg,ward,ST Other than Woman,ST,0,reserved_only,,,,,ST Reserved,latin,data/jk/2018/Kupwara.pdf,20,Kupwara.pdf
Jammu & Kashmir,2018,Name of District,Tarathpora,Phalmargh,PC-II,Phalmarg,ward,Woman,NONE,1,reserved_only,,,,,Gn Women,latin,data/jk/2018/Kupwara.pdf,20,Kupwara.pdf
Jammu & Kashmir,2018,Name of District,Tarathpora,Phalmargh,PC-V,Phalmarg,ward,Woman,NONE,1,reserved_only,,,,,Gn Women,latin,data/jk/2018/Kupwara.pdf,20,Kupwara.pdf
Jammu & Kashmir,2018,Name of District,Tarathpora,Tarathpora A,PC-II,Tarathpora A,ward,Woman,NONE,1,reserved_only,,,,,Gn Women,latin,data/jk/2018/Kupwara.pdf,20,Kupwara.pdf
Jammu & Kashmir,2018,Name of District,Tarathpora,Tarathpora A,PC-V,Tarathpora A,ward,Woman,NONE,1,reserved_only,,,,,Gn Women,latin,data/jk/2018/Kupwara.pdf,20,Kupwara.pdf
Jammu & Kashmir,2018,Name of District,Tarathpora,Tarathpora B,PC-II,Tarathpora B,ward,Woman,NONE,1,reserved_only,,,,,Gn Women,latin,data/jk/2018/Kupwara.pdf,20,Kupwara.pdf
Jammu & Kashmir,2018,Name of District,Tarathpora,Tarathpora B,PC-V,Tarathpora B,ward,Woman,NONE,1,reserved_only,,,,,Gn Women,latin,data/jk/2018/Kupwara.pdf,20,Kupwara.pdf
Jammu & Kashmir,2018,Name of District,Tarathpora,Amrohiee,PC-II,Amrohiee,ward,ST Woman,ST,1,reserved_only,,,,,ST Women,latin,data/jk/2018/Kupwara.pdf,20,Kupwara.pdf
Jammu & Kashmir,2018,Name of District,Tarathpora,Amrohiee,PC-V,Amrohiee,ward,ST Woman,ST,1,reserved_only,,,,,ST Women,latin,data/jk/2018/Kupwara.pdf,20,Kupwara.pdf
Jammu & Kashmir,2018,Name of District,Tarathpora,Amrohiee,PC-VI,Amrohiee,ward,ST Other than Woman,ST,0,reserved_only,,,,,ST Reserved,latin,data/jk/2018/Kupwara.pdf,20,Kupwara.pdf
Jammu & Kashmir,2018,Name of District,Tarathpora,Amrohiee,PC-II,Bhadurkote,ward,Woman,NONE,1,reserved_only,,,,,Gn Women,latin,data/jk/2018/Kupwara.pdf,20,Kupwara.pdf
Jammu & Kashmir,2018,Name of District,Tarathpora,Amrohiee,PC-V,Bhadurkote,ward,ST Woman,ST,1,reserved_only,,,,,ST Women,latin,data/jk/2018/Kupwara.pdf,20,Kupwara.pdf
Jammu & Kashmir,2018,Name of District,Name of Block,Amrohiee,Number & Name of Panch Constituency,,ward,ST Woman,ST,1,reserved_only,,,,,Panch reservation for SC/ST/Women & ST (Where proportion of ST Polpulation is comperatively Large),latin,data/jk/2018/Kupwara.pdf,21,Kupwara.pdf
Jammu & Kashmir,2018,Name of District,Name of Block,Amrohiee,PC-VIII,Bhadurkote,ward,Woman,NONE,1,reserved_only,,,,,Gn Women,latin,data/jk/2018/Kupwara.pdf,21,Kupwara.pdf
Jammu & Kashmir,2018,Name of District,Name of Block,ChamkoteA,PC-II,chamkote A,ward,Woman,NONE,1,reserved_only,,,,,Gn Women,latin,data/jk/2018/Kupwara.pdf,21,Kupwara.pdf
Jammu & Kashmir,2018,Name of District,Name of Block,ChamkoteA,PC-V,chamkote A,ward,Woman,NONE,1,reserved_only,,,,,Gn Women,latin,data/jk/2018/Kupwara.pdf,21,Kupwara.pdf
Jammu & Kashmir,2018,Name of District,Name of Block,ChamkoteB,PC-II,Chamkote B,ward,Woman,NONE,1,reserved_only,,,,,Gn Women,latin,data/jk/2018/Kupwara.pdf,21,Kupwara.pdf
Jammu & Kashmir,2018,Name of District,Name of Block,ChamkoteB,PC-V,Chamkote B,ward,Woman,NONE,1,reserved_only,,,,,Gn Women,latin,data/jk/2018/Kupwara.pdf,21,Kupwara.pdf
Jammu & Kashmir,2018,Name of District,Name of Block,Chanipora A,PC-II,Chanipora A,ward,Woman,NONE,1,reserved_only,,,,,Gn Women,latin,data/jk/2018/Kupwara.pdf,21,Kupwara.pdf
Jammu & Kashmir,2018,Name of District,Name of Block,Chanipora A,PC-V,Chanipora A,ward,Woman,NONE,1,reserved_only,,,,,Gn Women,latin,data/jk/2018/Kupwara.pdf,21,Kupwara.pdf
Jammu & Kashmir,2018,Name of District,Name of Block,Chanipora B,PC-II,Chanipora B,ward,Woman,NONE,1,reserved_only,,,,,Gn Women,latin,data/jk/2018/Kupwara.pdf,21,Kupwara.pdf
Jammu & Kashmir,2018,Name of District,Name of Block,Chanipora B,PC-V,Chanipora B,ward,Woman,NONE,1,reserved_only,,,,,Gn Women,latin,data/jk/2018/Kupwara.pdf,21,Kupwara.pdf
Jammu & Kashmir,2018,Name of District,Name of Block,Ghundi gujran,PC-II,Ghundi gujran,ward,ST Woman,ST,1,reserved_only,,,,,ST Women,latin,data/jk/2018/Kupwara.pdf,21,Kupwara.pdf
Jammu & Kashmir,2018,Name of District,Name of Block,Ghundi gujran,PC-III,Ghundi gujran,ward,ST Other than Woman,ST,0,reserved_only,,,,,ST Reserved,latin,data/jk/2018/Kupwara.pdf,21,Kupwara.pdf
Jammu & Kashmir,2018,Name of District,Name of Block,Ghundi gujran,PC-IV,Ghundi gujran,ward,ST Other than Woman,ST,0,reserved_only,,,,,ST Reserved,latin,data/jk/2018/Kupwara.pdf,21,Kupwara.pdf
Jammu & Kashmir,2018,Name of District,Name of Block,Ghundi gujran,PC-V,Ghundi gujran,ward,ST Woman,ST,1,reserved_only,,,,,ST Women,latin,data/jk/2018/Kupwara.pdf,21,Kupwara.pdf
Jammu & Kashmir,2018,Name of District,Name of Block,Ghundi gujran,PC-VI,Ghundi gujran,ward,ST Other than Woman,ST,0,reserved_only,,,,,ST Reserved,latin,data/jk/2018/Kupwara.pdf,21,Kupwara.pdf
Jammu & Kashmir,2018,Name of District,Name of Block,Ghundi gujran,PC-VII,GGhhuunnddii gguujjrraann,ward,ST Other than Woman,ST,0,reserved_only,,,,,ST Reserved,latin,data/jk/2018/Kupwara.pdf,21,Kupwara.pdf
Jammu & Kashmir,2018,Name of District,Name of Block,Hajitra,PPCC--VIIIII,Hajitra,ward,ST Woman,ST,1,reserved_only,,,,,ST Women Gn Women,latin,data/jk/2018/Kupwara.pdf,21,Kupwara.pdf
Jammu & Kashmir,2018,Name of District,Name of Block,Hajitra,PC-V,Hajitra,ward,Woman,NONE,1,reserved_only,,,,,Gn Women,latin,data/jk/2018/Kupwara.pdf,21,Kupwara.pdf
Jammu & Kashmir,2018,Name of District,Name of Block,Ibkote,PC-II,Ibkote,ward,Woman,NONE,1,reserved_only,,,,,Gn Women,latin,data/jk/2018/Kupwara.pdf,21,Kupwara.pdf
Jammu & Kashmir,2018,Name of District,Name of Block,Ibkote,PC-III,Ibkote,ward,ST Other than Woman,ST,0,reserved_only,,,,,ST Reserved,latin,data/jk/2018/Kupwara.pdf,21,Kupwara.pdf
Jammu & Kashmir,2018,Name of District,Name of Block,Ibkote,PC-IV,Ibkote,ward,ST Other than Woman,ST,0,reserved_only,,,,,ST Reserved,latin,data/jk/2018/Kupwara.pdf,21,Kupwara.pdf
Jammu & Kashmir,2018,Name of District,Name of Block,Ibkote,PC-V,Ibkote,ward,ST Woman,ST,1,reserved_only,,,,,ST Women,latin,data/jk/2018/Kupwara.pdf,21,Kupwara.pdf
Jammu & Kashmir,2018,Name of District,Name of Block,Ibkote,PC-VI,Ibkote,ward,ST Other than Woman,ST,0,reserved_only,,,,,ST Reserved,latin,data/jk/2018/Kupwara.pdf,21,Kupwara.pdf
Jammu & Kashmir,2018,Name of District,Name of Block,Jabdi,PC-II,Jabdi,ward,Woman,NONE,1,reserved_only,,,,,Gn Women,latin,data/jk/2018/Kupwara.pdf,21,Kupwara.pdf
Jammu & Kashmir,2018,Name of District,Name of Block,Jabdi,PC-IV,Jabdi,ward,ST Other than Woman,ST,0,reserved_only,,,,,ST Reserved,latin,data/jk/2018/Kupwara.pdf,21,Kupwara.pdf
Jammu & Kashmir,2018,Name of District,Name of Block,Jabdi,PC-V,Jabdi,ward,Woman,NONE,1,reserved_only,,,,,Gn Women,latin,data/jk/2018/Kupwara.pdf,21,Kupwara.pdf
Jammu & Kashmir,2018,Name of District,Name of Block,Jabdi,PC-VI,Jabdi,ward,ST Other than Woman,ST,0,reserved_only,,,,,ST Reserved,latin,data/jk/2018/Kupwara.pdf,21,Kupwara.pdf
Jammu & Kashmir,2018,Name of District,Name of Block,Prada,PC-II,Prada,ward,Woman,NONE,1,reserved_only,,,,,Gn Women,latin,data/jk/2018/Kupwara.pdf,21,Kupwara.pdf
Jammu & Kashmir,2018,Name of District,Name of Block,Prada,PC-V,Prada,ward,Woman,NONE,1,reserved_only,,,,,Gn Women,latin,data/jk/2018/Kupwara.pdf,21,Kupwara.pdf
Jammu & Kashmir,2018,Name of District,Name of Block,Sadipora,PC-II,Sadipora,ward,Woman,NONE,1,reserved_only,,,,,Gn Women,latin,data/jk/2018/Kupwara.pdf,21,Kupwara.pdf
Jammu & Kashmir,2018,Name of District,Name of Block,Sadipora,PC-V,Sadipora,ward,Woman,NONE,1,reserved_only,,,,,Gn Women,latin,data/jk/2018/Kupwara.pdf,21,Kupwara.pdf
Jammu & Kashmir,2018,Name of District,Name of Block,Seemari,PC-II,Seemari,ward,Woman,NONE,1,reserved_only,,,,,Gn Women,latin,data/jk/2018/Kupwara.pdf,21,Kupwara.pdf
Jammu & Kashmir,2018,Name of District,Name of Block,Seemari,PC-V,Seemari,ward,ST Woman,ST,1,reserved_only,,,,,ST Women,latin,data/jk/2018/Kupwara.pdf,21,Kupwara.pdf
Jammu & Kashmir,2018,Name of District,Name of Block,Seemari,PC-VI,Seemari,ward,ST Other than Woman,ST,0,reserved_only,,,,,ST Reserved,latin,data/jk/2018/Kupwara.pdf,21,Kupwara.pdf
Jammu & Kashmir,2018,Name of District,Name of Block,Seemari,PC-VII,KP316 Seemari (Khadama),ward,ST Other than Woman,ST,0,reserved_only,,,,,ST Reserved,latin,data/jk/2018/Kupwara.pdf,21,Kupwara.pdf
Jammu & Kashmir,2018,Name of District,Name of Block,Tadd,PC-II,Tadd,ward,Woman,NONE,1,reserved_only,,,,,Gn Women,latin,data/jk/2018/Kupwara.pdf,21,Kupwara.pdf
Jammu & Kashmir,2018,Name of District,Name of Block,Tadd,PC-V,Tadd,ward,Woman,NONE,1,reserved_only,,,,,Gn Women,latin,data/jk/2018/Kupwara.pdf,21,Kupwara.pdf
Jammu & Kashmir,2018,Name of District,Name of Block,Tadd,PC-VIII,Tadd,ward,Woman,NONE,1,reserved_only,,,,,Gn Women,latin,data/jk/2018/Kupwara.pdf,21,Kupwara.pdf
Jammu & Kashmir,2018,Name of District,Name of Block,Teetwal,PC-II,Teetwal,ward,Woman,NONE,1,reserved_only,,,,,Gn Women,latin,data/jk/2018/Kupwara.pdf,21,Kupwara.pdf
Jammu & Kashmir,2018,Name of District,Name of Block,Teetwal,PC-V,Teetwal,ward,Woman,NONE,1,reserved_only,,,,,Gn Women,latin,data/jk/2018/Kupwara.pdf,21,Kupwara.pdf
Jammu & Kashmir,2018,Name of District,Name of Block,Teetwal,PC-VII,Teetwal,ward,ST Other than Woman,ST,0,reserved_only,,,,,ST Reserved,latin,data/jk/2018/Kupwara.pdf,21,Kupwara.pdf
Jammu & Kashmir,2018,Name of District,Name of Block,Teetwal,PC-VIII,Teetwal,ward,Woman,NONE,1,reserved_only,,,,,Gn Women,latin,data/jk/2018/Kupwara.pdf,21,Kupwara.pdf
Jammu & Kashmir,2018,Name of District,Name of Block,Gugloosa A,PC-II,Gugloosa A,ward,Woman,NONE,1,reserved_only,,,,,Gn Women,latin,data/jk/2018/Kupwara.pdf,21,Kupwara.pdf
Jammu & Kashmir,2018,Name of District,Name of Block,Gugloosa A,PC-V,Gugloosa A,ward,Woman,NONE,1,reserved_only,,,,,Gn Women,latin,data/jk/2018/Kupwara.pdf,21,Kupwara.pdf
Jammu & Kashmir,2018,Name of District,Name of Block,Gugloosa B,PC-II,Gugloosa B,ward,Woman,NONE,1,reserved_only,,,,,Gn Women,latin,data/jk/2018/Kupwara.pdf,21,Kupwara.pdf
Jammu & Kashmir,2018,Name of District,Name of Block,Gugloosa B,PC-V,Gugloosa B,ward,Woman,NONE,1,reserved_only,,,,,Gn Women,latin,data/jk/2018/Kupwara.pdf,21,Kupwara.pdf
Jammu & Kashmir,2018,Name of District,Name of Block,Gugloosa B,PC-VIII,Gugloosa B,ward,Woman,NONE,1,reserved_only,,,,,Gn Women,latin,data/jk/2018/Kupwara.pdf,21,Kupwara.pdf
Jammu & Kashmir,2018,Name of District,Name of Block,Hayan A,PC-II,Hayan A,ward,Woman,NONE,1,reserved_only,,,,,Gn Women,latin,data/jk/2018/Kupwara.pdf,21,Kupwara.pdf
Jammu & Kashmir,2018,Name of District,Name of Block,Hayan A,PC-V,Hayan A,ward,Woman,NONE,1,reserved_only,,,,,Gn Women,latin,data/jk/2018/Kupwara.pdf,21,Kupwara.pdf
Jammu & Kashmir,2018,Name of District,Name of Block,Hayan A,PC-VIII,Hayan A,ward,Woman,NONE,1,reserved_only,,,,,Gn Women,latin,data/jk/2018/Kupwara.pdf,21,Kupwara.pdf
Jammu & Kashmir,2018,Name of District,Name of Block,Hayan A,PC-I,Hayan B,ward,ST Other than Woman,ST,0,reserved_only,,,,,ST Reserved,latin,data/jk/2018/Kupwara.pdf,21,Kupwara.pdf
Jammu & Kashmir,2018,Name of District,Name of Block,Hayan A,PC-II,Hayan B,ward,Woman,NONE,1,reserved_only,,,,,Gn Women,latin,data/jk/2018/Kupwara.pdf,21,Kupwara.pdf
Jammu & Kashmir,2018,Name of District,Name of Block,Hayan A,PC-V,Hayan B,ward,Woman,NONE,1,reserved_only,,,,,Gn Women,latin,data/jk/2018/Kupwara.pdf,21,Kupwara.pdf
Jammu & Kashmir,2018,Name of District,Name of Block,Hayan A,Number & Name of Panch Constituency,,ward,ST Woman,ST,1,reserved_only,,,,,Panch reservation for SC/ST/Women & ST (Where proportion of ST Polpulation is comperatively Large),latin,data/jk/2018/Kupwara.pdf,22,Kupwara.pdf
Jammu & Kashmir,2018,Name of District,Name of Block,Kunan,PC-II,Kunan,ward,Woman,NONE,1,reserved_only,,,,,Gn Women,latin,data/jk/2018/Kupwara.pdf,22,Kupwara.pdf
Jammu & Kashmir,2018,Name of District,Name of Block,Kunan,PC-V,Kunan,ward,Woman,NONE,1,reserved_only,,,,,Gn Women,latin,data/jk/2018/Kupwara.pdf,22,Kupwara.pdf
Jammu & Kashmir,2018,Name of District,Name of Block,Poshpora A,PC-II,Poshpora A,ward,Woman,NONE,1,reserved_only,,,,,Gn Women,latin,data/jk/2018/Kupwara.pdf,22,Kupwara.pdf
Jammu & Kashmir,2018,Name of District,Name of Block,Poshpora A,PC-V,Poshpora A,ward,Woman,NONE,1,reserved_only,,,,,Gn Women,latin,data/jk/2018/Kupwara.pdf,22,Kupwara.pdf
Jammu & Kashmir,2018,Name of District,Name of Block,Poshpora B,PC-II,Poshpora B,ward,Woman,NONE,1,reserved_only,,,,,Gn Women,latin,data/jk/2018/Kupwara.pdf,22,Kupwara.pdf
Jammu & Kashmir,2018,Name of District,Name of Block,Poshpora B,PC-V,Poshpora B,ward,Woman,NONE,1,reserved_only,,,,,Gn Women,latin,data/jk/2018/Kupwara.pdf,22,Kupwara.pdf
Jammu & Kashmir,2018,Name of District,Name of Block,Shumnag,PC-II,Shumnagh,ward,Woman,NONE,1,reserved_only,,,,,Gn Women,latin,data/jk/2018/Kupwara.pdf,22,Kupwara.pdf
Jammu & Kashmir,2018,Name of District,Name of Block,Shumnag,PC-V,Shumnagh,ward,Woman,NONE,1,reserved_only,,,,,Gn Women,latin,data/jk/2018/Kupwara.pdf,22,Kupwara.pdf
Jammu & Kashmir,2018,Name of District,Name of Block,Shumnag,PC-VIII,Shumnagh,ward,Woman,NONE,1,reserved_only,,,,,Gn Women,latin,data/jk/2018/Kupwara.pdf,22,Kupwara.pdf
Jammu & Kashmir,2018,Name of District,Name of Block,Shumnag,PC-XI,Shumnagh,ward,Woman,NONE,1,reserved_only,,,,,Gn Women,latin,data/jk/2018/Kupwara.pdf,22,Kupwara.pdf
Jammu & Kashmir,2018,Name of District,Name of Block,Trehgam A,PC-II,Trehgam A,ward,Woman,NONE,1,reserved_only,,,,,Gn Women,latin,data/jk/2018/Kupwara.pdf,22,Kupwara.pdf
Jammu & Kashmir,2018,Name of District,Name of Block,Trehgam A,PC-V,Trehgam A,ward,Woman,NONE,1,reserved_only,,,,,Gn Women,latin,data/jk/2018/Kupwara.pdf,22,Kupwara.pdf
Jammu & Kashmir,2018,Name of District,Name of Block,Trehgam B,PC-II,Trehgam B,ward,Woman,NONE,1,reserved_only,,,,,Gn Women,latin,data/jk/2018/Kupwara.pdf,22,Kupwara.pdf
Jammu & Kashmir,2018,Name of District,Name of Block,Trehgam B,PC-V,Trehgam B,ward,Woman,NONE,1,reserved_only,,,,,Gn Women,latin,data/jk/2018/Kupwara.pdf,22,Kupwara.pdf
Jammu & Kashmir,2018,Name of District,Name of Block,Trehgam C,PC-II,Trehgam C,ward,Woman,NONE,1,reserved_only,,,,,Gn Women,latin,data/jk/2018/Kupwara.pdf,22,Kupwara.pdf
Jammu & Kashmir,2018,Name of District,Name of Block,Trehgam C,PC-V,Trehgam C,ward,Woman,NONE,1,reserved_only,,,,,Gn Women,latin,data/jk/2018/Kupwara.pdf,22,Kupwara.pdf
Jammu & Kashmir,2018,Name of District,Name of Block,Trehgam D,PC-II,Trehgam D,ward,Woman,NONE,1,reserved_only,,,,,Gn Women,latin,data/jk/2018/Kupwara.pdf,22,Kupwara.pdf
Jammu & Kashmir,2018,Name of District,Name of Block,Trehgam D,PC-V,Trehgam D,ward,Woman,NONE,1,reserved_only,,,,,Gn Women,latin,data/jk/2018/Kupwara.pdf,22,Kupwara.pdf
Jammu & Kashmir,2018,Name of District,Name of Block,Trehgam E,PC-II,Trehgam E,ward,Woman,NONE,1,reserved_only,,,,,Gn Women,latin,data/jk/2018/Kupwara.pdf,22,Kupwara.pdf
Jammu & Kashmir,2018,Name of District,Name of Block,Trehgam E,PC-V,Trehgam E,ward,Woman,NONE,1,reserved_only,,,,,Gn Women,latin,data/jk/2018/Kupwara.pdf,22,Kupwara.pdf
Jammu & Kashmir,2018,Name of District,Name of Block,Trehgam F,PC-II,Trehgam F,ward,Woman,NONE,1,reserved_only,,,,,Gn Women,latin,data/jk/2018/Kupwara.pdf,22,Kupwara.pdf
Jammu & Kashmir,2018,Name of District,Name of Block,Trehgam F,PC-V,Trehgam F,ward,Woman,NONE,1,reserved_only,,,,,Gn Women,latin,data/jk/2018/Kupwara.pdf,22,Kupwara.pdf
Jammu & Kashmir,2018,Name of District,Name of Block,Cheepora A,PC-II,Cheepora A ii,ward,Woman,NONE,1,reserved_only,,,,,Gn Women,latin,data/jk/2018/Kupwara.pdf,22,Kupwara.pdf
Jammu & Kashmir,2018,Name of District,Name of Block,Cheepora A,PC-V,Cheepora A v,ward,Woman,NONE,1,reserved_only,,,,,Gn Women,latin,data/jk/2018/Kupwara.pdf,22,Kupwara.pdf
Jammu & Kashmir,2018,Name of District,Name of Block,Cheepora B,PC-II,Cheepora B-ii,ward,Woman,NONE,1,reserved_only,,,,,Gn Women,latin,data/jk/2018/Kupwara.pdf,22,Kupwara.pdf
Jammu & Kashmir,2018,Name of District,Name of Block,Cheepora B,PC-V,Cheepora B-v,ward,Woman,NONE,1,reserved_only,,,,,Gn Women,latin,data/jk/2018/Kupwara.pdf,22,Kupwara.pdf
Jammu & Kashmir,2018,Name of District,Name of Block,Cheerkote A,PC-II,KP 334 ii,ward,Woman,NONE,1,reserved_only,,,,,Gn Women,latin,data/jk/2018/Kupwara.pdf,22,Kupwara.pdf
Jammu & Kashmir,2018,Name of District,Name of Block,Cheerkote A,PC-V,KP 334 v,ward,Woman,NONE,1,reserved_only,,,,,Gn Women,latin,data/jk/2018/Kupwara.pdf,22,Kupwara.pdf
Jammu & Kashmir,2018,Name of District,Name of Block,Cheerkote B,PC-II,KP-ii,ward,Woman,NONE,1,reserved_only,,,,,Gn Women,latin,data/jk/2018/Kupwara.pdf,22,Kupwara.pdf
Jammu & Kashmir,2018,Name of District,Name of Block,Cheerkote B,PC-V,KP-v,ward,Woman,NONE,1,reserved_only,,,,,Gn Women,latin,data/jk/2018/Kupwara.pdf,22,Kupwara.pdf
Jammu & Kashmir,2018,Name of District,Name of Block,Dooniwari,PC-II,Dooniwari,ward,Woman,NONE,1,reserved_only,,,,,Gn Women,latin,data/jk/2018/Kupwara.pdf,22,Kupwara.pdf
Jammu & Kashmir,2018,Name of District,Name of Block,Dooniwari,PC-V,Dooniwari,ward,Woman,NONE,1,reserved_only,,,,,Gn Women,latin,data/jk/2018/Kupwara.pdf,22,Kupwara.pdf
Jammu & Kashmir,2018,Name of District,Name of Block,Gogal A,PC-I,Gogal A,ward,ST Other than Woman,ST,0,reserved_only,,,,,ST Reserved,latin,data/jk/2018/Kupwara.pdf,22,Kupwara.pdf
Jammu & Kashmir,2018,Name of District,Name of Block,Gogal A,PC-II,Gogal A,ward,ST Woman,ST,1,reserved_only,,,,,ST Women,latin,data/jk/2018/Kupwara.pdf,22,Kupwara.pdf
Jammu & Kashmir,2018,Name of District,Name of Block,Gogal A,PC-III,Gogal A,ward,ST Other than Woman,ST,0,reserved_only,,,,,ST Reserved,latin,data/jk/2018/Kupwara.pdf,22,Kupwara.pdf
Jammu & Kashmir,2018,Name of District,Name of Block,Gogal A,PC-IV,Gogal A,ward,ST Other than Woman,ST,0,reserved_only,,,,,ST Reserved,latin,data/jk/2018/Kupwara.pdf,22,Kupwara.pdf
Jammu & Kashmir,2018,Name of District,Name of Block,Gogal A,PC-V,Gogal A,ward,ST Woman,ST,1,reserved_only,,,,,ST Women,latin,data/jk/2018/Kupwara.pdf,22,Kupwara.pdf
Jammu & Kashmir,2018,Name of District,Name of Block,Gogal A,PC-VIII,Gogal A,ward,Woman,NONE,1,reserved_only,,,,,Gn Women,latin,data/jk/2018/Kupwara.pdf,22,Kupwara.pdf
Jammu & Kashmir,2018,Name of District,Name of Block,Gogal B,PC-II,Gogal B,ward,Woman,NONE,1,reserved_only,,,,,Gn Women,latin,data/jk/2018/Kupwara.pdf,22,Kupwara.pdf
Jammu & Kashmir,2018,Name of District,Name of Block,Gogal B,PC-IV,Gogal B,ward,ST Other than Woman,ST,0,reserved_only,,,,,ST Reserved,latin,data/jk/2018/Kupwara.pdf,22,Kupwara.pdf
Jammu & Kashmir,2018,Name of District,Name of Block,Gogal B,PC-V,Gogal B,ward,ST Woman,ST,1,reserved_only,,,,,ST Women,latin,data/jk/2018/Kupwara.pdf,22,Kupwara.pdf
Jammu & Kashmir,2018,Name of District,Name of Block,Gogal B,PC-VI,Gogal B,ward,ST Other than Woman,ST,0,reserved_only,,,,,ST Reserved,latin,data/jk/2018/Kupwara.pdf,22,Kupwara.pdf
Jammu & Kashmir,2018,Name of District,Name of Block,Gogal B,PC-VII,Gogal B,ward,ST Other than Woman,ST,0,reserved_only,,,,,ST Reserved,latin,data/jk/2018/Kupwara.pdf,22,Kupwara.pdf
Jammu & Kashmir,2018,Name of District,Name of Block,Gogal B,PC-VIII,Gogal B,ward,ST Woman,ST,1,reserved_only,,,,,ST Women,latin,data/jk/2018/Kupwara.pdf,22,Kupwara.pdf
Jammu & Kashmir,2018,Name of District,Name of Block,Gogal B,PC-IX,Gogal B,ward,ST Other than Woman,ST,0,reserved_only,,,,,ST Reserved,latin,data/jk/2018/Kupwara.pdf,22,Kupwara.pdf
Jammu & Kashmir,2018,Name of District,Name of Block,Kanthpora A,PC-II,KP-II,ward,Woman,NONE,1,reserved_only,,,,,Gn Women,latin,data/jk/2018/Kupwara.pdf,22,Kupwara.pdf
Jammu & Kashmir,2018,Name of District,Name of Block,Kanthpora A,PC-V,KP-V,ward,Woman,NONE,1,reserved_only,,,,,Gn Women,latin,data/jk/2018/Kupwara.pdf,22,Kupwara.pdf
Jammu & Kashmir,2018,Name of District,Name of Block,Kanthpora A,PC-VIII,KP-VIII,ward,Woman,NONE,1,reserved_only,,,,,Gn Women,latin,data/jk/2018/Kupwara.pdf,22,Kupwara.pdf
Jammu & Kashmir,2018,Name of District,Name of Block,Kanthpora A,PC-II,kawari,ward,Woman,NONE,1,reserved_only,,,,,Gn Women,latin,data/jk/2018/Kupwara.pdf,22,Kupwara.pdf
Jammu & Kashmir,2018,Name of District,Name of Block,Kanthpora A,PC-V,kawari,ward,Woman,NONE,1,reserved_only,,,,,Gn Women,latin,data/jk/2018/Kupwara.pdf,22,Kupwara.pdf
Jammu & Kashmir,2018,Name of District,Name of Block,Kanthpora A,PC-VI,kawari,ward,ST Other than Woman,ST,0,reserved_only,,,,,ST Reserved,latin,data/jk/2018/Kupwara.pdf,22,Kupwara.pdf
Jammu & Kashmir,2018,Name of District,Name of Block,Kanthpora A,PC-VIII,kawari,ward,ST Woman,ST,1,reserved_only,,,,,ST Women,latin,data/jk/2018/Kupwara.pdf,22,Kupwara.pdf
Jammu & Kashmir,2018,Name of District,Name of Block,Kanthpora A,Number & Name of Panch Constituency,,ward,ST Woman,ST,1,reserved_only,,,,,Panch reservation for SC/ST/Women & ST (Where proportion of ST Polpulation is comperatively Large),latin,data/jk/2018/Kupwara.pdf,23,Kupwara.pdf
Jammu & Kashmir,2018,Name of District,Name of Block,Khodi,PC-I,khodi,ward,ST Other than Woman,ST,0,reserved_only,,,,,ST Reserved,latin,data/jk/2018/Kupwara.pdf,23,Kupwara.pdf
Jammu & Kashmir,2018,Name of District,Name of Block,Khodi,PC-II,khodi,ward,ST Woman,ST,1,reserved_only,,,,,ST Women,latin,data/jk/2018/Kupwara.pdf,23,Kupwara.pdf
Jammu & Kashmir,2018,Name of District,Name of Block,Khodi,PC-III,khodi,ward,ST Other than Woman,ST,0,reserved_only,,,,,ST Reserved,latin,data/jk/2018/Kupwara.pdf,23,Kupwara.pdf
Jammu & Kashmir,2018,Name of District,Name of Block,Khodi,PC-IV,khodi,ward,ST Other than Woman,ST,0,reserved_only,,,,,ST Reserved,latin,data/jk/2018/Kupwara.pdf,23,Kupwara.pdf
Jammu & Kashmir,2018,Name of District,Name of Block,Khodi,PC-V,khodi,ward,ST Woman,ST,1,reserved_only,,,,,ST Women,latin,data/jk/2018/Kupwara.pdf,23,Kupwara.pdf
Jammu & Kashmir,2018,Name of District,Name of Block,Khodi,PC-VI,khodi,ward,ST Other than Woman,ST,0,reserved_only,,,,,ST Reserved,latin,data/jk/2018/Kupwara.pdf,23,Kupwara.pdf
Jammu & Kashmir,2018,Name of District,Name of Block,Khodi,PC-VII,KP340,ward,ST Other than Woman,ST,0,reserved_only,,,,,ST Reserved,latin,data/jk/2018/Kupwara.pdf,23,Kupwara.pdf
Jammu & Kashmir,2018,Name of District,Name of Block,Khurhama A,PC-II,Khurhama A,ward,Woman,NONE,1,reserved_only,,,,,Gn Women,latin,data/jk/2018/Kupwara.pdf,23,Kupwara.pdf
Jammu & Kashmir,2018,Name of District,Name of Block,Khurhama A,PC-V,Khurhama A,ward,Woman,NONE,1,reserved_only,,,,,Gn Women,latin,data/jk/2018/Kupwara.pdf,23,Kupwara.pdf
Jammu & Kashmir,2018,Name of District,Name of Block,Khurhama A,PC-VIII,Khurhama A,ward,Woman,NONE,1,reserved_only,,,,,Gn Women,latin,data/jk/2018/Kupwara.pdf,23,Kupwara.pdf
Jammu & Kashmir,2018,Name of District,Name of Block,Khurhama B,PC-II,Khurhama B,ward,ST Woman,ST,1,reserved_only,,,,,ST Women,latin,data/jk/2018/Kupwara.pdf,23,Kupwara.pdf
Jammu & Kashmir,2018,Name of District,Name of Block,Khurhama B,PC-III,Khurhama B,ward,ST Other than Woman,ST,0,reserved_only,,,,,ST Reserved,latin,data/jk/2018/Kupwara.pdf,23,Kupwara.pdf
Jammu & Kashmir,2018,Name of District,Name of Block,Khurhama B,PC-IV,Khurhama B,ward,ST Other than Woman,ST,0,reserved_only,,,,,ST Reserved,latin,data/jk/2018/Kupwara.pdf,23,Kupwara.pdf
Jammu & Kashmir,2018,Name of District,Name of Block,Khurhama B,PC-V,Khurhama B,ward,Woman,NONE,1,reserved_only,,,,,Gn Women,latin,data/jk/2018/Kupwara.pdf,23,Kupwara.pdf
Jammu & Kashmir,2018,Name of District,Name of Block,Khurhama B,PC-VIII,Khurhama B,ward,Woman,NONE,1,reserved_only,,,,,Gn Women,latin,data/jk/2018/Kupwara.pdf,23,Kupwara.pdf
Jammu & Kashmir,2018,Name of District,Name of Block,Khurhama B,PC-II,Khurhama B,ward,Woman,NONE,1,reserved_only,,,,,Gn Women,latin,data/jk/2018/Kupwara.pdf,23,Kupwara.pdf
Jammu & Kashmir,2018,Name of District,Name of Block,Khurhama C,PC-II,Khurhama C,ward,ST Woman,ST,1,reserved_only,,,,,ST Women,latin,data/jk/2018/Kupwara.pdf,23,Kupwara.pdf
Jammu & Kashmir,2018,Name of District,Name of Block,Khurhama C,PC-IV,Khurhama C,ward,ST Other than Woman,ST,0,reserved_only,,,,,ST Reserved,latin,data/jk/2018/Kupwara.pdf,23,Kupwara.pdf
Jammu & Kashmir,2018,Name of District,Name of Block,Khurhama C,PC-V,Khurhama C,ward,ST Woman,ST,1,reserved_only,,,,,ST Women,latin,data/jk/2018/Kupwara.pdf,23,Kupwara.pdf
Jammu & Kashmir,2018,Name of District,Name of Block,Khurhama C,PC-VIII,Khurhama C,ward,ST Woman,ST,1,reserved_only,,,,,ST Women,latin,data/jk/2018/Kupwara.pdf,23,Kupwara.pdf
Jammu & Kashmir,2018,Name of District,Name of Block,Khurhama C,PC-IX,KP343,ward,ST Other than Woman,ST,0,reserved_only,,,,,ST Reserved,latin,data/jk/2018/Kupwara.pdf,23,Kupwara.pdf
Jammu & Kashmir,2018,Name of District,Name of Block,KP - Warnow D,PC-II,KP-II,ward,ST Woman,ST,1,reserved_only,,,,,ST Women,latin,data/jk/2018/Kupwara.pdf,23,Kupwara.pdf
Jammu & Kashmir,2018,Name of District,Name of Block,KP - Warnow D,PC-IV,KP-IV,ward,ST Other than Woman,ST,0,reserved_only,,,,,ST Reserved,latin,data/jk/2018/Kupwara.pdf,23,Kupwara.pdf
Jammu & Kashmir,2018,Name of District,Name of Block,KP - Warnow D,PC-V,KP-V,ward,ST Woman,ST,1,reserved_only,,,,,ST Women,latin,data/jk/2018/Kupwara.pdf,23,Kupwara.pdf
Jammu & Kashmir,2018,Name of District,Name of Block,KP - Warnow D,PC-VII,KP-VII,ward,ST Other than Woman,ST,0,reserved_only,,,,,ST Reserved,latin,data/jk/2018/Kupwara.pdf,23,Kupwara.pdf
Jammu & Kashmir,2018,Name of District,Name of Block,KP- 348 Putashi A,PC-II,KP 348 ii,ward,Woman,NONE,1,reserved_only,,,,,Gn Women,latin,data/jk/2018/Kupwara.pdf,23,Kupwara.pdf
Jammu & Kashmir,2018,Name of District,Name of Block,KP- 348 Putashi A,PC-V,KP 348 v,ward,Woman,NONE,1,reserved_only,,,,,Gn Women,latin,data/jk/2018/Kupwara.pdf,23,Kupwara.pdf
Jammu & Kashmir,2018,Name of District,Name of Block,KP- 348 Putashi A,PC-VIII,KP 348 viii,ward,Woman,NONE,1,reserved_only,,,,,Gn Women,latin,data/jk/2018/Kupwara.pdf,23,Kupwara.pdf
Jammu & Kashmir,2018,Name of District,Name of Block,KP 353 Warnow B,PC-II,KP 353 ii,ward,Woman,NONE,1,reserved_only,,,,,Gn Women,latin,data/jk/2018/Kupwara.pdf,23,Kupwara.pdf
Jammu & Kashmir,2018,Name of District,Name of Block,KP 353 Warnow B,PC-V,KP 353 v,ward,Woman,NONE,1,reserved_only,,,,,Gn Women,latin,data/jk/2018/Kupwara.pdf,23,Kupwara.pdf
Jammu & Kashmir,2018,Name of District,Name of Block,KP-338 Kanthpora,PC-II,KP 338 II,ward,Woman,NONE,1,reserved_only,,,,,Gn Women,latin,data/jk/2018/Kupwara.pdf,23,Kupwara.pdf
Jammu & Kashmir,2018,Name of District,Name of Block,KP-338 Kanthpora,PC-V,KP 338 V,ward,Woman,NONE,1,reserved_only,,,,,Gn Women,latin,data/jk/2018/Kupwara.pdf,23,Kupwara.pdf
Jammu & Kashmir,2018,Name of District,Name of Block,KP-338 Kanthpora,PC-VIII,KP 338 VIII,ward,Woman,NONE,1,reserved_only,,,,,Gn Women,latin,data/jk/2018/Kupwara.pdf,23,Kupwara.pdf
Jammu & Kashmir,2018,Name of District,Name of Block,Kp-Putshai B,PC-II,KP-II,ward,Woman,NONE,1,reserved_only,,,,,Gn Women,latin,data/jk/2018/Kupwara.pdf,23,Kupwara.pdf
Jammu & Kashmir,2018,Name of District,Name of Block,Kp-Putshai B,PC-III,KP-III,ward,ST Other than Woman,ST,0,reserved_only,,,,,ST Reserved,latin,data/jk/2018/Kupwara.pdf,23,Kupwara.pdf
Jammu & Kashmir,2018,Name of District,Name of Block,Kp-Putshai B,PC-IV,KP-IV,ward,ST Other than Woman,ST,0,reserved_only,,,,,ST Reserved,latin,data/jk/2018/Kupwara.pdf,23,Kupwara.pdf
Jammu & Kashmir,2018,Name of District,Name of Block,Kp-Putshai B,PC-V,KP-V,ward,ST Woman,ST,1,reserved_only,,,,,ST Women,latin,data/jk/2018/Kupwara.pdf,23,Kupwara.pdf
Jammu & Kashmir,2018,Name of District,Name of Block,Kuligam A,PC-II,kuligam A,ward,Woman,NONE,1,reserved_only,,,,,Gn Women,latin,data/jk/2018/Kupwara.pdf,23,Kupwara.pdf
Jammu & Kashmir,2018,Name of District,Name of Block,Kuligam A,PC-V,kuligam A,ward,Woman,NONE,1,reserved_only,,,,,Gn Women,latin,data/jk/2018/Kupwara.pdf,23,Kupwara.pdf
Jammu & Kashmir,2018,Name of District,Name of Block,Kuligam A,PC-VIII,kuligam A,ward,Woman,NONE,1,reserved_only,,,,,Gn Women,latin,data/jk/2018/Kupwara.pdf,23,Kupwara.pdf
Jammu & Kashmir,2018,Name of District,Name of Block,Kuligam B,PC-I,kuligam B,ward,ST Other than Woman,ST,0,reserved_only,,,,,ST Reserved,latin,data/jk/2018/Kupwara.pdf,23,Kupwara.pdf
Jammu & Kashmir,2018,Name of District,Name of Block,Kuligam B,PC-II,kuligam B,ward,ST Woman,ST,1,reserved_only,,,,,ST Women,latin,data/jk/2018/Kupwara.pdf,23,Kupwara.pdf
Jammu & Kashmir,2018,Name of District,Name of Block,Kuligam B,PC-IV,kuligam B,ward,ST Other than Woman,ST,0,reserved_only,,,,,ST Reserved,latin,data/jk/2018/Kupwara.pdf,23,Kupwara.pdf
Jammu & Kashmir,2018,Name of District,Name of Block,Kuligam B,PC-V,kuligam B,ward,ST Woman,ST,1,reserved_only,,,,,ST Women,latin,data/jk/2018/Kupwara.pdf,23,Kupwara.pdf
Jammu & Kashmir,2018,Name of District,Name of Block,Kuligam B,PC-VIII,kuligam B,ward,Woman,NONE,1,reserved_only,,,,,Gn Women,latin,data/jk/2018/Kupwara.pdf,23,Kupwara.pdf
Jammu & Kashmir,2018,Name of District,Name of Block,Kuligam B,PC-IX,kuligam B,ward,ST Other than Woman,ST,0,reserved_only,,,,,ST Reserved,latin,data/jk/2018/Kupwara.pdf,23,Kupwara.pdf
Jammu & Kashmir,2018,Name of District,Name of Block,Kuligam B,PC-II,kuligam C,ward,Woman,NONE,1,reserved_only,,,,,Gn Women,latin,data/jk/2018/Kupwara.pdf,23,Kupwara.pdf
Jammu & Kashmir,2018,Name of District,Name of Block,Kuligam B,PC-V,kuligam C,ward,Woman,NONE,1,reserved_only,,,,,Gn Women,latin,data/jk/2018/Kupwara.pdf,23,Kupwara.pdf
Jammu & Kashmir,2018,Name of District,Name of Block,Kuligam B,PC-VI,kuligam C,ward,ST Other than Woman,ST,0,reserved_only,,,,,ST Reserved,latin,data/jk/2018/Kupwara.pdf,23,Kupwara.pdf
Jammu & Kashmir,2018,Name of District,Name of Block,Kuligam B,PC-VII,kuligam C,ward,ST Other than Woman,ST,0,reserved_only,,,,,ST Reserved,latin,data/jk/2018/Kupwara.pdf,23,Kupwara.pdf
Jammu & Kashmir,2018,Name of District,Name of Block,Kuligam B,PC-VIII,kuligam C,ward,Woman,NONE,1,reserved_only,,,,,Gn Women,latin,data/jk/2018/Kupwara.pdf,23,Kupwara.pdf
Jammu & Kashmir,2018,Name of District,Name of Block,Kuligam B,Number & Name of Panch Constituency,,ward,ST Woman,ST,1,reserved_only,,,,,Panch reservation for SC/ST/Women & ST (Where proportion of ST Polpulation is comperatively Large),latin,data/jk/2018/Kupwara.pdf,24,Kupwara.pdf
Jammu & Kashmir,2018,Name of District,Name of Block,Maidanpora A,PC-II,Ward 2,ward,Woman,NONE,1,reserved_only,,,,,Gn Women,latin,data/jk/2018/Kupwara.pdf,24,Kupwara.pdf
Jammu & Kashmir,2018,Name of District,Name of Block,Maidanpora A,PC-V,Ward 5,ward,Woman,NONE,1,reserved_only,,,,,Gn Women,latin,data/jk/2018/Kupwara.pdf,24,Kupwara.pdf
Jammu & Kashmir,2018,Name of District,Name of Block,Maidanpora B,PC-II,Ward-2,ward,Woman,NONE,1,reserved_only,,,,,Gn Women,latin,data/jk/2018/Kupwara.pdf,24,Kupwara.pdf
Jammu & Kashmir,2018,Name of District,Name of Block,Maidanpora B,PC-V,Ward-5,ward,Woman,NONE,1,reserved_only,,,,,Gn Women,latin,data/jk/2018/Kupwara.pdf,24,Kupwara.pdf
Jammu & Kashmir,2018,Name of District,Name of Block,SeverThandipora,PC-II,Sever Thandipora,ward,Woman,NONE,1,reserved_only,,,,,Gn Women,latin,data/jk/2018/Kupwara.pdf,24,Kupwara.pdf
Jammu & Kashmir,2018,Name of District,Name of Block,SeverThandipora,PC-V,Sever Thandipora,ward,Woman,NONE,1,reserved_only,,,,,Gn Women,latin,data/jk/2018/Kupwara.pdf,24,Kupwara.pdf
Jammu & Kashmir,2018,Name of District,Name of Block,SeverThandipora,PC-VIII,Sever Thandipora,ward,Woman,NONE,1,reserved_only,,,,,Gn Women,latin,data/jk/2018/Kupwara.pdf,24,Kupwara.pdf
Jammu & Kashmir,2018,Name of District,Name of Block,SeverThandipora,PC-IX,Sever Thandipora,ward,ST Other than Woman,ST,0,reserved_only,,,,,ST Reserved,latin,data/jk/2018/Kupwara.pdf,24,Kupwara.pdf
Jammu & Kashmir,2018,Name of District,Name of Block,SeverThandipora,PC-XI,KP350,ward,Woman,NONE,1,reserved_only,,,,,Gn Women,latin,data/jk/2018/Kupwara.pdf,24,Kupwara.pdf
Jammu & Kashmir,2018,Name of District,Name of Block,Shumeriyal,PC-II,shumeriyal,ward,Woman,NONE,1,reserved_only,,,,,Gn Women,latin,data/jk/2018/Kupwara.pdf,24,Kupwara.pdf
Jammu & Kashmir,2018,Name of District,Name of Block,Shumeriyal,PC-V,shumeriyal,ward,ST Woman,ST,1,reserved_only,,,,,ST Women,latin,data/jk/2018/Kupwara.pdf,24,Kupwara.pdf
Jammu & Kashmir,2018,Name of District,Name of Block,Shumeriyal,PC-VI,shumeriyal,ward,ST Other than Woman,ST,0,reserved_only,,,,,ST Reserved,latin,data/jk/2018/Kupwara.pdf,24,Kupwara.pdf
Jammu & Kashmir,2018,Name of District,Name of Block,Shumeriyal,PC-VIII,shumeriyal,ward,Woman,NONE,1,reserved_only,,,,,Gn Women,latin,data/jk/2018/Kupwara.pdf,24,Kupwara.pdf
Jammu & Kashmir,2018,Name of District,Name of Block,Surigam,PC-II,Surigam,ward,ST Woman,ST,1,reserved_only,,,,,ST Women,latin,data/jk/2018/Kupwara.pdf,24,Kupwara.pdf
Jammu & Kashmir,2018,Name of District,Name of Block,Surigam,PC-V,Surigam,ward,Woman,NONE,1,reserved_only,,,,,Gn Women,latin,data/jk/2018/Kupwara.pdf,24,Kupwara.pdf
Jammu & Kashmir,2018,Name of District,Name of Block,Warnow A,PC-II,Warnow A,ward,Woman,NONE,1,reserved_only,,,,,Gn Women,latin,data/jk/2018/Kupwara.pdf,24,Kupwara.pdf
Jammu & Kashmir,2018,Name of District,Name of Block,Warnow A,PC-V,Warnow A,ward,Woman,NONE,1,reserved_only,,,,,Gn Women,latin,data/jk/2018/Kupwara.pdf,24,Kupwara.pdf
Jammu & Kashmir,2018,Name of District,Name of Block,Warnow A,PC-VIII,Warnow A,ward,Woman,NONE,1,reserved_only,,,,,Gn Women,latin,data/jk/2018/Kupwara.pdf,24,Kupwara.pdf
Jammu & Kashmir,2018,Name of District,Name of Block,Warnow C,PC-I,Warnow C,ward,ST Other than Woman,ST,0,reserved_only,,,,,ST Reserved,latin,data/jk/2018/Kupwara.pdf,24,Kupwara.pdf
Jammu & Kashmir,2018,Name of District,Name of Block,Warnow C,PC-II,Warnow C,ward,Woman,NONE,1,reserved_only,,,,,Gn Women,latin,data/jk/2018/Kupwara.pdf,24,Kupwara.pdf
Jammu & Kashmir,2018,Name of District,Name of Block,Warnow C,PC-V,Warnow C,ward,Woman,NONE,1,reserved_only,,,,,Gn Women,latin,data/jk/2018/Kupwara.pdf,24,Kupwara.pdf
Jammu & Kashmir,2018,Name of District,Name of Block,Warnow C,PC-VII,Warnow C,ward,ST Other than Woman,ST,0,reserved_only,,,,,ST Reserved,latin,data/jk/2018/Kupwara.pdf,24,Kupwara.pdf
Jammu & Kashmir,2018,Name of District,Name of Block,Warnow C,PC-VIII,Warnow C,ward,Woman,NONE,1,reserved_only,,,,,Gn Women,latin,data/jk/2018/Kupwara.pdf,24,Kupwara.pdf
Jammu & Kashmir,2018,Name of District,Name of Block,Warnow C,PC-XI,KP354,ward,Woman,NONE,1,reserved_only,,,,,Gn Women,latin,data/jk/2018/Kupwara.pdf,24,Kupwara.pdf
Jammu & Kashmir,2018,Name of District,Name of Block,Wavoora A,PC-II,Wavoora A,ward,Woman,NONE,1,reserved_only,,,,,Gn Women,latin,data/jk/2018/Kupwara.pdf,24,Kupwara.pdf
Jammu & Kashmir,2018,Name of District,Name of Block,Wavoora A,PC-V,Wavoora A,ward,Woman,NONE,1,reserved_only,,,,,Gn Women,latin,data/jk/2018/Kupwara.pdf,24,Kupwara.pdf
Jammu & Kashmir,2018,Name of District,Name of Block,Wavoora B,PC-II,Wavoora B,ward,Woman,NONE,1,reserved_only,,,,,Gn Women,latin,data/jk/2018/Kupwara.pdf,24,Kupwara.pdf
Jammu & Kashmir,2018,Name of District,Name of Block,Wavoora B,PC-V,Wavoora B,ward,Woman,NONE,1,reserved_only,,,,,Gn Women,latin,data/jk/2018/Kupwara.pdf,24,Kupwara.pdf
Jammu & Kashmir,2018,Name of District,Name of Block,,Number & Name of Panch Constituencies,,ward,ST Woman,ST,1,reserved_only,,,,,Panch reservation for SC/ST/Women & ST (Where proportion of ST Polpulation is comperatively Large),latin,data/jk/2018/Leh.pdf,1,Leh.pdf
Jammu & Kashmir,2018,Name of District,Name of Block,Chuchot Gongma I,PC-I,Yarlok,ward,ST Other than Woman,ST,0,reserved_only,,,,,ST Reserved,latin,data/jk/2018/Leh.pdf,1,Leh.pdf
Jammu & Kashmir,2018,Name of District,Name of Block,Chuchot Gongma I,PC-II,Jabuk,ward,ST Woman,ST,1,reserved_only,,,,,ST Women,latin,data/jk/2018/Leh.pdf,1,Leh.pdf
Jammu & Kashmir,2018,Name of District,Name of Block,Chuchot Gongma I,PC-III,Shajing,ward,ST Other than Woman,ST,0,reserved_only,,,,,ST Reserved,latin,data/jk/2018/Leh.pdf,1,Leh.pdf
Jammu & Kashmir,2018,Name of District,Name of Block,Chuchot Gongma I,PC-IV,Rampur A,ward,ST Other than Woman,ST,0,reserved_only,,,,,ST Reserved,latin,data/jk/2018/Leh.pdf,1,Leh.pdf
Jammu & Kashmir,2018,Name of District,Name of Block,Chuchot Gongma I,PC-V,Rangrangmo,ward,ST Woman,ST,1,reserved_only,,,,,ST Women,latin,data/jk/2018/Leh.pdf,1,Leh.pdf
Jammu & Kashmir,2018,Name of District,Name of Block,Chuchot Gongma I,PC-VI,Skiltso,ward,ST Other than Woman,ST,0,reserved_only,,,,,ST Reserved,latin,data/jk/2018/Leh.pdf,1,Leh.pdf
Jammu & Kashmir,2018,Name of District,Name of Block,Chuchot Gongma I,PC- VII,Rampur B,ward,ST Other than Woman,ST,0,reserved_only,,,,,ST Reserved,latin,data/jk/2018/Leh.pdf,1,Leh.pdf
Jammu & Kashmir,2018,Name of District,Name of Block,Chuchot Gongma I,PC-I,SkilsoB,ward,ST Other than Woman,ST,0,reserved_only,,,,,ST Reserved,latin,data/jk/2018/Leh.pdf,1,Leh.pdf
Jammu & Kashmir,2018,Name of District,Name of Block,Chuchot Gongma I,PC-II,Farka A,ward,ST Woman,ST,1,reserved_only,,,,,ST Women,latin,data/jk/2018/Leh.pdf,1,Leh.pdf
Jammu & Kashmir,2018,Name of District,Name of Block,Chuchot Gongma I,PC-III,Farka-B,ward,ST Other than Woman,ST,0,reserved_only,,,,,ST Reserved,latin,data/jk/2018/Leh.pdf,1,Leh.pdf
Jammu & Kashmir,2018,Name of District,Name of Block,Chuchot Gongma I,PC-IV,Tia-a,ward,ST Other than Woman,ST,0,reserved_only,,,,,ST Reserved,latin,data/jk/2018/Leh.pdf,1,Leh.pdf
Jammu & Kashmir,2018,Name of District,Name of Block,Chuchot Gongma I,PC-V,Tia-B,ward,ST Woman,ST,1,reserved_only,,,,,ST Women,latin,data/jk/2018/Leh.pdf,1,Leh.pdf
Jammu & Kashmir,2018,Name of District,Name of Block,Chuchot Gongma I,PC-VI,Chokor,ward,ST Other than Woman,ST,0,reserved_only,,,,,ST Reserved,latin,data/jk/2018/Leh.pdf,1,Leh.pdf
Jammu & Kashmir,2018,Name of District,Name of Block,Chuchot Gongma I,PC- VII,Tiya,ward,ST Other than Woman,ST,0,reserved_only,,,,,ST Reserved,latin,data/jk/2018/Leh.pdf,1,Leh.pdf
Jammu & Kashmir,2018,Name of District,Name of Block,,Number & Name of Panch Constituency,,ward,ST Woman,ST,1,reserved_only,,,,,Panch reservation for SC/ST/Women & ST (Where proportion of ST Polpulation is comperatively Large),latin,data/jk/2018/Pulwama.pdf,1,Pulwama.pdf
Jammu & Kashmir,2018,Name of District,Name of Block,Abhama,PC-II,Abhama,ward,Woman,NONE,1,reserved_only,,,,,Gn Women,latin,data/jk/2018/Pulwama.pdf,1,Pulwama.pdf
Jammu & Kashmir,2018,Name of District,Name of Block,Abhama,PC-V,Abhama,ward,Woman,NONE,1,reserved_only,,,,,Gn Women,latin,data/jk/2018/Pulwama.pdf,1,Pulwama.pdf
Jammu & Kashmir,2018,Name of District,Name of Block,Abhama,PC-VIII,Abhama,ward,Woman,NONE,1,reserved_only,,,,,Gn Women,latin,data/jk/2018/Pulwama.pdf,1,Pulwama.pdf
Jammu & Kashmir,2018,Name of District,Name of Block,Abhama,PC-IX,Abhama,ward,ST Other than Woman,ST,0,reserved_only,,,,,ST Reserved,latin,data/jk/2018/Pulwama.pdf,1,Pulwama.pdf
Jammu & Kashmir,2018,Name of District,Name of Block,Achgooza,PC-II,Achgooza,ward,Woman,NONE,1,reserved_only,,,,,Gn Women,latin,data/jk/2018/Pulwama.pdf,1,Pulwama.pdf
Jammu & Kashmir,2018,Name of District,Name of Block,Achgooza,PC-III,Achgooza,ward,ST Other than Woman,ST,0,reserved_only,,,,,ST Reserved,latin,data/jk/2018/Pulwama.pdf,1,Pulwama.pdf
Jammu & Kashmir,2018,Name of District,Name of Block,Achgooza,PC-V,Achgooza,ward,Woman,NONE,1,reserved_only,,,,,Gn Women,latin,data/jk/2018/Pulwama.pdf,1,Pulwama.pdf
Jammu & Kashmir,2018,Name of District,Name of Block,Achgooza,PC-VIII,Achgooza,ward,ST Woman,ST,1,reserved_only,,,,,ST Women,latin,data/jk/2018/Pulwama.pdf,1,Pulwama.pdf
Jammu & Kashmir,2018,Name of District,Name of Block,Aglar A,PC-II,Aglar,ward,Woman,NONE,1,reserved_only,,,,,Gn Women,latin,data/jk/2018/Pulwama.pdf,1,Pulwama.pdf
Jammu & Kashmir,2018,Name of District,Name of Block,Aglar A,PC-V,Aglar,ward,Woman,NONE,1,reserved_only,,,,,Gn Women,latin,data/jk/2018/Pulwama.pdf,1,Pulwama.pdf
Jammu & Kashmir,2018,Name of District,Name of Block,Aglar A,PC-VIII,Aglar/Kadipora,ward,Woman,NONE,1,reserved_only,,,,,Gn Women,latin,data/jk/2018/Pulwama.pdf,1,Pulwama.pdf
Jammu & Kashmir,2018,Name of District,Name of Block,Aglar A,PC-X,Aglar/ K-Drabgam,ward,ST Other than Woman,ST,0,reserved_only,,,,,ST Reserved,latin,data/jk/2018/Pulwama.pdf,1,Pulwama.pdf
Jammu & Kashmir,2018,Name of District,Name of Block,Aglar A,PC-XI,Aglar/Kadipora,ward,Woman,NONE,1,reserved_only,,,,,Gn Women,latin,data/jk/2018/Pulwama.pdf,1,Pulwama.pdf
Jammu & Kashmir,2018,Name of District,Name of Block,Aglar A,PC-II,Aglar,ward,Woman,NONE,1,reserved_only,,,,,Gn Women,latin,data/jk/2018/Pulwama.pdf,1,Pulwama.pdf
Jammu & Kashmir,2018,Name of District,Name of Block,Aglar A,PC-V,Aglar,ward,Woman,NONE,1,reserved_only,,,,,Gn Women,latin,data/jk/2018/Pulwama.pdf,1,Pulwama.pdf
Jammu & Kashmir,2018,Name of District,Name of Block,Aglar A,PC-VIII,Aglar,ward,Woman,NONE,1,reserved_only,,,,,Gn Women,latin,data/jk/2018/Pulwama.pdf,1,Pulwama.pdf
Jammu & Kashmir,2018,Name of District,Name of Block,Aglar A,PC-IX,Aglar/lassidaban,ward,ST Other than Woman,ST,0,reserved_only,,,,,ST Reserved,latin,data/jk/2018/Pulwama.pdf,1,Pulwama.pdf
Jammu & Kashmir,2018,Name of District,Name of Block,,Number & Name of Panch Constituencies,,ward,ST Woman,ST,1,reserved_only,,,,,Panch reservation for SC/ST/Women & ST (Where proportion of ST Polpulation is comperatively Large),latin,data/jk/2018/Shopian.pdf,1,Shopian.pdf
Jammu & Kashmir,2018,Name of District,Name of Block,Children,PC-II,Allowpora,ward,Woman,NONE,1,reserved_only,,,,,Gn Women,latin,data/jk/2018/Shopian.pdf,1,Shopian.pdf
Jammu & Kashmir,2018,Name of District,Name of Block,Children,PC-V,NowporaBala,ward,Woman,NONE,1,reserved_only,,,,,Gn Women,latin,data/jk/2018/Shopian.pdf,1,Shopian.pdf
Jammu & Kashmir,2018,Name of District,Name of Block,Chitragam A,PC-II,Chitragam,ward,Woman,NONE,1,reserved_only,,,,,Gn Women,latin,data/jk/2018/Shopian.pdf,1,Shopian.pdf
Jammu & Kashmir,2018,Name of District,Name of Block,Chitragam A,PC-V,Chitragam,ward,Woman,NONE,1,reserved_only,,,,,Gn Women,latin,data/jk/2018/Shopian.pdf,1,Shopian.pdf
Jammu & Kashmir,2018,Name of District,Name of Block,Chitragam B,PC-II,Kashwa,ward,Woman,NONE,1,reserved_only,,,,,Gn Women,latin,data/jk/2018/Shopian.pdf,1,Shopian.pdf
Jammu & Kashmir,2018,Name of District,Name of Block,Chitragam B,PC-V,Kashwa,ward,Woman,NONE,1,reserved_only,,,,,Gn Women,latin,data/jk/2018/Shopian.pdf,1,Shopian.pdf
Jammu & Kashmir,2018,Name of District,Name of Block,Chitragam B,PC-II,Dachoo,ward,Woman,NONE,1,reserved_only,,,,,Gn Women,latin,data/jk/2018/Shopian.pdf,1,Shopian.pdf
Jammu & Kashmir,2018,Name of District,Name of Block,Chitragam B,PC-V,Wadipora,ward,Woman,NONE,1,reserved_only,,,,,Gn Women,latin,data/jk/2018/Shopian.pdf,1,Shopian.pdf
Jammu & Kashmir,2018,District Name,Block Name,,No & Name Of Panch Constituency,,ward,ST Woman,ST,1,reserved_only,,,,,Panch reservation for SC/ST/Women & ST (Where proportion of ST Polpulation is comperatively Large),latin,data/jk/2018/Srinagar.pdf,1,Srinagar.pdf
Jammu & Kashmir,2018,District Name,Block Name,Dara A,PC-II,ii-GANI MOHARA,ward,Woman,NONE,1,reserved_only,,,,,Gn Women,latin,data/jk/2018/Srinagar.pdf,1,Srinagar.pdf
Jammu & Kashmir,2018,District Name,Block Name,Dara A,PC-V,v-GANAI MOHALLA,ward,Woman,NONE,1,reserved_only,,,,,Gn Women,latin,data/jk/2018/Srinagar.pdf,1,Srinagar.pdf
Jammu & Kashmir,2018,District Name,Block Name,Dara A,PC-VI,vi-MUGHAL MOHALLA,ward,ST Other than Woman,ST,0,reserved_only,,,,,ST Reserved,latin,data/jk/2018/Srinagar.pdf,1,Srinagar.pdf
Jammu & Kashmir,2018,District Name,Block Name,Dara A,PC-VII,vii-LACHI MOHALLA (A),ward,ST Other than Woman,ST,0,reserved_only,,,,,ST Reserved,latin,data/jk/2018/Srinagar.pdf,1,Srinagar.pdf
Jammu & Kashmir,2018,District Name,Block Name,Dara A,PC-VIII,viii-MALDIYAL MOHALLA,ward,ST Woman,ST,1,reserved_only,,,,,ST Women,latin,data/jk/2018/Srinagar.pdf,1,Srinagar.pdf
Jammu & Kashmir,2018,District Name,Block Name,Dara A,PC-IX,ix-LACHI MOHALLA (B),ward,ST Other than Woman,ST,0,reserved_only,,,,,ST Reserved,latin,data/jk/2018/Srinagar.pdf,1,Srinagar.pdf
Jammu & Kashmir,2018,District Name,Block Name,Dara B,PC-II,ii-MAKDHUM MOHALLA,ward,Woman,NONE,1,reserved_only,,,,,Gn Women,latin,data/jk/2018/Srinagar.pdf,1,Srinagar.pdf
Jammu & Kashmir,2018,District Name,Block Name,Dara B,PC-V,v-SHEIKH MOHALLA,ward,Woman,NONE,1,reserved_only,,,,,Gn Women,latin,data/jk/2018/Srinagar.pdf,1,Srinagar.pdf
Jammu & Kashmir,2018,District Name,Block Name,Faqir Gujri A,PC-I,"i-KOLI,PHAMDA,MIR, BIJRAN MOHALLA",ward,ST Other than Woman,ST,0,reserved_only,,,,,ST Reserved,latin,data/jk/2018/Srinagar.pdf,1,Srinagar.pdf
Jammu & Kashmir,2018,District Name,Block Name,Faqir Gujri A,PC-II,"ii-BIJRAN, PHAMDA MOHALLA",ward,ST Woman,ST,1,reserved_only,,,,,ST Women,latin,data/jk/2018/Srinagar.pdf,1,Srinagar.pdf
Jammu & Kashmir,2018,District Name,Block Name,Faqir Gujri A,PC-III,"iii-PHAMDA MOHALLA, BRANDKANI",ward,ST Other than Woman,ST,0,reserved_only,,,,,ST Reserved,latin,data/jk/2018/Srinagar.pdf,1,Srinagar.pdf
Jammu & Kashmir,2018,District Name,Block Name,Faqir Gujri A,PC-IV,"iv-BIJRAN, MUKDOOM MOHALLA",ward,ST Other than Woman,ST,0,reserved_only,,,,,ST Reserved,latin,data/jk/2018/Srinagar.pdf,1,Srinagar.pdf
Jammu & Kashmir,2018,District Name,Block Name,Faqir Gujri A,PC-V,"v-PHAMDA ,AWAN ,MANGKHAN, LALI MOHALLA",ward,ST Woman,ST,1,reserved_only,,,,,ST Women,latin,data/jk/2018/Srinagar.pdf,1,Srinagar.pdf
Jammu & Kashmir,2018,District Name,Block Name,Faqir Gujri A,PC-VI,"vi-KHATANA,PHAMDA, NAGINARD,DATARPATHRI",ward,ST Other than Woman,ST,0,reserved_only,,,,,ST Reserved,latin,data/jk/2018/Srinagar.pdf,1,Srinagar.pdf
Jammu & Kashmir,2018,District Name,Block Name,Faqir Gujri A,PC-VII,"vii-BRADINARD,KHATAN, GANIE,BIJRAN MOHALLA",ward,ST Other than Woman,ST,0,reserved_only,,,,,ST Reserved,latin,data/jk/2018/Srinagar.pdf,1,Srinagar.pdf
Jammu & Kashmir,2018,District Name,Block Name,Faqir Gujri A,PC-I,i-DARDKHOWER/KOLI/ BARA /AHENGER/ MIR MOHALLA,ward,ST Other than Woman,ST,0,reserved_only,,,,,ST Reserved,latin,data/jk/2018/Srinagar.pdf,1,Srinagar.pdf
Jammu & Kashmir,2018,District Name,Block Name,Faqir Gujri A,PC-II,ii-DARDKHOWER/ KHATANA /PASWAL/ TANCHA/ PEER MOHALLA,ward,ST Woman,ST,1,reserved_only,,,,,ST Women,latin,data/jk/2018/Srinagar.pdf,1,Srinagar.pdf
