state,year,district,block,halqa,ward_no,ward_name,tier,reservation,caste_reservation,woman_reserved,listing_scope,pop_sc,pop_st,pop_oc,pop_total,reservation_raw,script,source_path,source_page,source_pdf
Jammu & Kashmir,2016,Doda,1. Assar,1. Assar- Ginota,I,Assar-A,ward,Other than Woman,NONE,0,all_seats,90,43,186,319,Open,latin,data/jk/2016/Annex A Doda.pdf,1,Annex A Doda.pdf
Jammu & Kashmir,2016,Doda,1. Assar,1. Assar- Ginota,II,Assar-B,ward,Woman,NONE,1,all_seats,22,0,199,221,Women,latin,data/jk/2016/Annex A Doda.pdf,1,Annex A Doda.pdf
Jammu & Kashmir,2016,Doda,1. Assar,1. Assar- Ginota,III,Bhatta,ward,Other than Woman,NONE,0,all_seats,0,0,192,192,Open,latin,data/jk/2016/Annex A Doda.pdf,1,Annex A Doda.pdf
Jammu & Kashmir,2016,Doda,1. Assar,1. Assar- Ginota,IV,Kundari,ward,Other than Woman,NONE,0,all_seats,118,0,188,306,Open,latin,data/jk/2016/Annex A Doda.pdf,1,Annex A Doda.pdf
Jammu & Kashmir,2016,Doda,1. Assar,1. Assar- Ginota,V,Nansalla,ward,SC Woman,SC,1,all_seats,120,112,120,352,SC Women,latin,data/jk/2016/Annex A Doda.pdf,1,Annex A Doda.pdf
Jammu & Kashmir,2016,Doda,1. Assar,1. Assar- Ginota,VI,Ginota-A,ward,Other than Woman,NONE,0,all_seats,72,0,201,273,Open,latin,data/jk/2016/Annex A Doda.pdf,1,Annex A Doda.pdf
Jammu & Kashmir,2016,Doda,1. Assar,1. Assar- Ginota,VII,Ginota-B,ward,Other than Woman,NONE,0,all_seats,24,36,192,252,Open,latin,data/jk/2016/Annex A Doda.pdf,1,Annex A Doda.pdf
Jammu & Kashmir,2016,Doda,1. Assar,1. Assar- Ginota,VIII,Neatcha,ward,ST Woman,ST,1,all_seats,38,225,170,433,ST Women,latin,data/jk/2016/Annex A Doda.pdf,1,Annex A Doda.pdf
Jammu & Kashmir,2016,Doda,1. Assar,2. Bibrota,I,Bibrota,ward,Other than Woman,NONE,0,all_seats,0,0,362,362,Open,latin,data/jk/2016/Annex A Doda.pdf,1,Annex A Doda.pdf
Jammu & Kashmir,2016,Doda,1. Assar,2. Bibrota,II,Bhatta,ward,Woman,NONE,1,all_seats,0,0,389,389,Women,latin,data/jk/2016/Annex A Doda.pdf,1,Annex A Doda.pdf
Jammu & Kashmir,2016,Doda,1. Assar,2. Bibrota,III,Batmol,ward,Other than Woman,NONE,0,all_seats,0,0,451,451,Open,latin,data/jk/2016/Annex A Doda.pdf,1,Annex A Doda.pdf
Jammu & Kashmir,2016,Doda,1. Assar,2. Bibrota,IV,Assni,ward,Other than Woman,NONE,0,all_seats,0,0,441,441,Open,latin,data/jk/2016/Annex A Doda.pdf,1,Annex A Doda.pdf
Jammu & Kashmir,2016,Doda,1. Assar,2. Bibrota,V,Dugga,ward,Woman,NONE,1,all_seats,0,0,368,368,Women,latin,data/jk/2016/Annex A Doda.pdf,2,Annex A Doda.pdf
Jammu & Kashmir,2016,Doda,1. Assar,2. Bibrota,VI,Shadani,ward,Other than Woman,NONE,0,all_seats,0,0,562,562,Open,latin,data/jk/2016/Annex A Doda.pdf,2,Annex A Doda.pdf
Jammu & Kashmir,2016,Doda,1. Assar,3. Blandpur,I,Blandpur- A,ward,SC Other than Woman,SC,0,all_seats,195,0,151,346,SC,latin,data/jk/2016/Annex A Doda.pdf,2,Annex A Doda.pdf
Jammu & Kashmir,2016,Doda,1. Assar,3. Blandpur,II,Blandpur- B,ward,Woman,NONE,1,all_seats,0,0,277,277,Women,latin,data/jk/2016/Annex A Doda.pdf,2,Annex A Doda.pdf
Jammu & Kashmir,2016,Doda,1. Assar,3. Blandpur,III,Lilote,ward,SC Other than Woman,SC,0,all_seats,276,0,9,285,SC,latin,data/jk/2016/Annex A Doda.pdf,2,Annex A Doda.pdf
Jammu & Kashmir,2016,Doda,1. Assar,3. Blandpur,IV,Regarh,ward,SC Other than Woman,SC,0,all_seats,286,0,3,289,SC,latin,data/jk/2016/Annex A Doda.pdf,2,Annex A Doda.pdf
Jammu & Kashmir,2016,Doda,1. Assar,3. Blandpur,V,Thandap ani,ward,ST Woman,ST,1,all_seats,40,370,30,440,ST Women,latin,data/jk/2016/Annex A Doda.pdf,2,Annex A Doda.pdf
Jammu & Kashmir,2016,Doda,1. Assar,3. Blandpur,VI,Kharonti,ward,SC Other than Woman,SC,0,all_seats,285,0,187,472,SC,latin,data/jk/2016/Annex A Doda.pdf,2,Annex A Doda.pdf
Jammu & Kashmir,2016,Doda,1. Assar,4. Chaka- A-1,I,Chaka-A,ward,SC Other than Woman,SC,0,all_seats,205,50,175,430,SC,latin,data/jk/2016/Annex A Doda.pdf,2,Annex A Doda.pdf
Jammu & Kashmir,2016,Doda,1. Assar,4. Chaka- A-1,II,Kundi,ward,Woman,NONE,1,all_seats,120,0,320,440,Women,latin,data/jk/2016/Annex A Doda.pdf,3,Annex A Doda.pdf
Jammu & Kashmir,2016,Doda,1. Assar,4. Chaka- A-1,III,Kangatw al,ward,Other than Woman,NONE,0,all_seats,130,0,230,360,Open,latin,data/jk/2016/Annex A Doda.pdf,3,Annex A Doda.pdf
Jammu & Kashmir,2016,Doda,1. Assar,4. Chaka- A-1,IV,Goru,ward,Other than Woman,NONE,0,all_seats,80,0,272,352,Open,latin,data/jk/2016/Annex A Doda.pdf,3,Annex A Doda.pdf
Jammu & Kashmir,2016,Doda,1. Assar,4. Chaka- A-1,V,Dulla,ward,SC Woman,SC,1,all_seats,175,0,155,330,SC Women,latin,data/jk/2016/Annex A Doda.pdf,3,Annex A Doda.pdf
Jammu & Kashmir,2016,Doda,1. Assar,4. Chaka- A-1,VI,Raina,ward,Other than Woman,NONE,0,all_seats,0,0,220,220,Open,latin,data/jk/2016/Annex A Doda.pdf,3,Annex A Doda.pdf
Jammu & Kashmir,2016,Doda,1. Assar,5. Chaka- A-2,I,Bhartund,ward,Other than Woman,NONE,0,all_seats,0,0,347,347,Open,latin,data/jk/2016/Annex A Doda.pdf,3,Annex A Doda.pdf
Jammu & Kashmir,2016,Doda,1. Assar,5. Chaka- A-2,II,Sarkundi,ward,Woman,NONE,1,all_seats,0,0,316,316,Women,latin,data/jk/2016/Annex A Doda.pdf,3,Annex A Doda.pdf
Jammu & Kashmir,2016,Doda,1. Assar,5. Chaka- A-2,III,Satra,ward,Other than Woman,NONE,0,all_seats,0,0,372,372,Open,latin,data/jk/2016/Annex A Doda.pdf,3,Annex A Doda.pdf
Jammu & Kashmir,2016,Doda,1. Assar,5. Chaka- A-2,IV,Thatha,ward,Other than Woman,NONE,0,all_seats,0,0,312,312,Open,latin,data/jk/2016/Annex A Doda.pdf,3,Annex A Doda.pdf
Jammu & Kashmir,2016,Doda,1. Assar,5. Chaka- A-2,V,Budni,ward,Woman,NONE,1,all_seats,0,0,338,338,Women,latin,data/jk/2016/Annex A Doda.pdf,4,Annex A Doda.pdf
Jammu & Kashmir,2016,Doda,1. Assar,5. Chaka- A-2,VI,Chalai,ward,Other than Woman,NONE,0,all_seats,0,0,361,361,Open,latin,data/jk/2016/Annex A Doda.pdf,4,Annex A Doda.pdf
Jammu & Kashmir,2016,Doda,1. Assar,6. Chaka- B,I,Topneel,ward,Other than Woman,NONE,0,all_seats,0,0,341,341,Open,latin,data/jk/2016/Annex A Doda.pdf,4,Annex A Doda.pdf
Jammu & Kashmir,2016,Doda,1. Assar,6. Chaka- B,II,Barsi-A,ward,Woman,NONE,1,all_seats,0,0,392,392,Women,latin,data/jk/2016/Annex A Doda.pdf,4,Annex A Doda.pdf
Jammu & Kashmir,2016,Doda,1. Assar,6. Chaka- B,III,Barsi-B,ward,Other than Woman,NONE,0,all_seats,0,0,311,311,Open,latin,data/jk/2016/Annex A Doda.pdf,4,Annex A Doda.pdf
Jammu & Kashmir,2016,Doda,1. Assar,6. Chaka- B,IV,Chucheta r-A,ward,Other than Woman,NONE,0,all_seats,0,0,356,356,Open,latin,data/jk/2016/Annex A Doda.pdf,4,Annex A Doda.pdf
Jammu & Kashmir,2016,Doda,1. Assar,6. Chaka- B,V,Chucheta r-B,ward,Woman,NONE,1,all_seats,0,0,329,329,Women,latin,data/jk/2016/Annex A Doda.pdf,4,Annex A Doda.pdf
Jammu & Kashmir,2016,Doda,1. Assar,6. Chaka- B,VI,Bhulla Shakerya l,ward,Other than Woman,NONE,0,all_seats,0,0,369,369,Open,latin,data/jk/2016/Annex A Doda.pdf,4,Annex A Doda.pdf
Jammu & Kashmir,2016,Doda,1. Assar,6. Chaka- B,VII,Dagnal,ward,Other than Woman,NONE,0,all_seats,0,33,518,551,Open,latin,data/jk/2016/Annex A Doda.pdf,4,Annex A Doda.pdf
Jammu & Kashmir,2016,Doda,1. Assar,6. Chaka- B,VIII,Goota,ward,Woman,NONE,1,all_seats,0,0,592,592,Women,latin,data/jk/2016/Annex A Doda.pdf,4,Annex A Doda.pdf
Jammu & Kashmir,2016,Doda,1. Assar,7. Chill,I,Chill Bal,ward,Other than Woman,NONE,0,all_seats,0,0,142,142,Open,latin,data/jk/2016/Annex A Doda.pdf,4,Annex A Doda.pdf
Jammu & Kashmir,2016,Doda,1. Assar,7. Chill,II,Kulthan,ward,Woman,NONE,1,all_seats,0,0,148,148,Women,latin,data/jk/2016/Annex A Doda.pdf,4,Annex A Doda.pdf
Jammu & Kashmir,2016,Doda,1. Assar,7. Chill,III,Grandha n,ward,Other than Woman,NONE,0,all_seats,0,0,152,152,Open,latin,data/jk/2016/Annex A Doda.pdf,5,Annex A Doda.pdf
Jammu & Kashmir,2016,Doda,1. Assar,7. Chill,IV,Saroo,ward,Other than Woman,NONE,0,all_seats,0,0,156,156,Open,latin,data/jk/2016/Annex A Doda.pdf,5,Annex A Doda.pdf
Jammu & Kashmir,2016,Doda,1. Assar,7. Chill,V,Kashi,ward,Woman,NONE,1,all_seats,0,0,142,142,Women,latin,data/jk/2016/Annex A Doda.pdf,5,Annex A Doda.pdf
Jammu & Kashmir,2016,Doda,1. Assar,7. Chill,VI,Tund,ward,Other than Woman,NONE,0,all_seats,0,0,160,160,Open,latin,data/jk/2016/Annex A Doda.pdf,5,Annex A Doda.pdf
Jammu & Kashmir,2016,Doda,1. Assar,8. Chirota- A,I,Chirota,ward,ST Woman,ST,1,all_seats,4,240,120,364,ST Women,latin,data/jk/2016/Annex A Doda.pdf,5,Annex A Doda.pdf
Jammu & Kashmir,2016,Doda,1. Assar,8. Chirota- A,II,Marhi,ward,ST Woman,ST,1,all_seats,0,326,10,336,ST Women,latin,data/jk/2016/Annex A Doda.pdf,5,Annex A Doda.pdf
Jammu & Kashmir,2016,Doda,1. Assar,8. Chirota- A,III,Thandap ani,ward,ST Other than Woman,ST,0,all_seats,190,250,36,476,ST,latin,data/jk/2016/Annex A Doda.pdf,5,Annex A Doda.pdf
Jammu & Kashmir,2016,Doda,1. Assar,8. Chirota- A,IV,Jattar,ward,SC Other than Woman,SC,0,all_seats,215,0,111,326,SC,latin,data/jk/2016/Annex A Doda.pdf,5,Annex A Doda.pdf
Jammu & Kashmir,2016,Doda,1. Assar,8. Chirota- A,V,Kathoth,ward,Woman,NONE,1,all_seats,123,0,135,258,Women,latin,data/jk/2016/Annex A Doda.pdf,5,Annex A Doda.pdf
Jammu & Kashmir,2016,Doda,1. Assar,8. Chirota- A,VI,Sanga,ward,ST Other than Woman,ST,0,all_seats,35,215,126,376,ST,latin,data/jk/2016/Annex A Doda.pdf,5,Annex A Doda.pdf
Jammu & Kashmir,2016,Doda,1. Assar,9. Chirota- B,I,Nakwas,ward,ST Other than Woman,ST,0,all_seats,10,240,0,250,ST,latin,data/jk/2016/Annex A Doda.pdf,5,Annex A Doda.pdf
Jammu & Kashmir,2016,Doda,1. Assar,9. Chirota- B,II,Khadyas,ward,SC Woman,SC,1,all_seats,165,19,159,343,SC Women,latin,data/jk/2016/Annex A Doda.pdf,5,Annex A Doda.pdf
Jammu & Kashmir,2016,Doda,1. Assar,9. Chirota- B,III,Patta,ward,ST Other than Woman,ST,0,all_seats,22,243,0,265,ST,latin,data/jk/2016/Annex A Doda.pdf,5,Annex A Doda.pdf
Jammu & Kashmir,2016,Doda,1. Assar,9. Chirota- B,IV,Hirni,ward,ST Other than Woman,ST,0,all_seats,5,247,0,252,ST,latin,data/jk/2016/Annex A Doda.pdf,5,Annex A Doda.pdf
Jammu & Kashmir,2016,Doda,1. Assar,9. Chirota- B,V,Dragdi,ward,Woman,NONE,1,all_seats,24,71,141,236,Women,latin,data/jk/2016/Annex A Doda.pdf,5,Annex A Doda.pdf
Jammu & Kashmir,2016,Doda,1. Assar,9. Chirota- B,VI,Halyan,ward,ST Other than Woman,ST,0,all_seats,23,268,131,422,ST,latin,data/jk/2016/Annex A Doda.pdf,6,Annex A Doda.pdf
Jammu & Kashmir,2016,Doda,1. Assar,10. Kuthyara,I,Kuthyara,ward,Other than Woman,NONE,0,all_seats,26,0,329,355,Open,latin,data/jk/2016/Annex A Doda.pdf,6,Annex A Doda.pdf
Jammu & Kashmir,2016,Doda,1. Assar,10. Kuthyara,II,Kudgran,ward,Woman,NONE,1,all_seats,54,0,250,304,Women,latin,data/jk/2016/Annex A Doda.pdf,6,Annex A Doda.pdf
Jammu & Kashmir,2016,Doda,1. Assar,10. Kuthyara,III,Charmal,ward,Other than Woman,NONE,0,all_seats,48,0,303,351,Open,latin,data/jk/2016/Annex A Doda.pdf,6,Annex A Doda.pdf
Jammu & Kashmir,2016,Doda,1. Assar,10. Kuthyara,IV,Phirna,ward,SC Other than Woman,SC,0,all_seats,226,0,109,335,SC,latin,data/jk/2016/Annex A Doda.pdf,6,Annex A Doda.pdf
Jammu & Kashmir,2016,Doda,1. Assar,10. Kuthyara,V,Nilote,ward,SC Woman,SC,1,all_seats,250,0,41,291,SC Women,latin,data/jk/2016/Annex A Doda.pdf,6,Annex A Doda.pdf
Jammu & Kashmir,2016,Doda,1. Assar,10. Kuthyara,VI,Jathi-A,ward,Other than Woman,NONE,0,all_seats,0,0,235,235,Open,latin,data/jk/2016/Annex A Doda.pdf,6,Annex A Doda.pdf
Jammu & Kashmir,2016,Doda,1. Assar,10. Kuthyara,VII,Jathi-B,ward,Other than Woman,NONE,0,all_seats,0,0,291,291,Open,latin,data/jk/2016/Annex A Doda.pdf,6,Annex A Doda.pdf
Jammu & Kashmir,2016,Doda,1. Assar,10. Kuthyara,VIII,Marsoo,ward,Woman,NONE,1,all_seats,85,0,214,299,Women,latin,data/jk/2016/Annex A Doda.pdf,6,Annex A Doda.pdf
Jammu & Kashmir,2016,Doda,1. Assar,11. Ramgarh Kurmail,I,Kurmail- A,ward,Other than Woman,NONE,0,all_seats,75,50,230,355,Open,latin,data/jk/2016/Annex A Doda.pdf,6,Annex A Doda.pdf
Jammu & Kashmir,2016,Doda,1. Assar,11. Ramgarh Kurmail,II,Kurmail- B,ward,Woman,NONE,1,all_seats,110,0,120,230,Women,latin,data/jk/2016/Annex A Doda.pdf,6,Annex A Doda.pdf
Jammu & Kashmir,2016,Doda,1. Assar,11. Ramgarh Kurmail,III,Ansi,ward,Other than Woman,NONE,0,all_seats,130,200,270,600,Open,latin,data/jk/2016/Annex A Doda.pdf,6,Annex A Doda.pdf
Jammu & Kashmir,2016,Doda,1. Assar,11. Ramgarh Kurmail,IV,Ramgarh- A,ward,SC Other than Woman,SC,0,all_seats,250,0,0,250,SC,latin,data/jk/2016/Annex A Doda.pdf,7,Annex A Doda.pdf
Jammu & Kashmir,2016,Doda,1. Assar,11. Ramgarh Kurmail,V,Ramgarh- B,ward,SC Woman,SC,1,all_seats,150,0,0,150,SC Women,latin,data/jk/2016/Annex A Doda.pdf,7,Annex A Doda.pdf
Jammu & Kashmir,2016,Doda,1. Assar,11. Ramgarh Kurmail,VI,Ramarh- C,ward,SC Other than Woman,SC,0,all_seats,200,100,30,330,SC,latin,data/jk/2016/Annex A Doda.pdf,7,Annex A Doda.pdf
Jammu & Kashmir,2016,Doda,1. Assar,11. Ramgarh Kurmail,VII,Trungal,ward,Other than Woman,NONE,0,all_seats,0,0,135,135,Open,latin,data/jk/2016/Annex A Doda.pdf,7,Annex A Doda.pdf
Jammu & Kashmir,2016,Doda,1. Assar,11. Ramgarh Kurmail,VIII,Wanipur a,ward,Woman,NONE,1,all_seats,50,0,149,199,Women,latin,data/jk/2016/Annex A Doda.pdf,7,Annex A Doda.pdf
Jammu & Kashmir,2016,Doda,1. Assar,12. Ranka,I,Gurangal (Mehmo odabad),ward,Other than Woman,NONE,0,all_seats,114,0,170,284,Open,latin,data/jk/2016/Annex A Doda.pdf,7,Annex A Doda.pdf
Jammu & Kashmir,2016,Doda,1. Assar,12. Ranka,II,Dramroo,ward,SC Woman,SC,1,all_seats,238,0,103,341,SC Women,latin,data/jk/2016/Annex A Doda.pdf,7,Annex A Doda.pdf
Jammu & Kashmir,2016,Doda,1. Assar,12. Ranka,III,Khasal,ward,Other than Woman,NONE,0,all_seats,64,0,170,234,Open,latin,data/jk/2016/Annex A Doda.pdf,7,Annex A Doda.pdf
Jammu & Kashmir,2016,Doda,1. Assar,12. Ranka,IV,Kanser,ward,Other than Woman,NONE,0,all_seats,37,0,282,319,Open,latin,data/jk/2016/Annex A Doda.pdf,7,Annex A Doda.pdf
Jammu & Kashmir,2016,Doda,1. Assar,12. Ranka,V,Baryas,ward,Woman,NONE,1,all_seats,31,0,149,180,Women,latin,data/jk/2016/Annex A Doda.pdf,7,Annex A Doda.pdf
Jammu & Kashmir,2016,Doda,1. Assar,12. Ranka,VI,Thaer,ward,SC Other than Woman,SC,0,all_seats,121,0,64,185,SC,latin,data/jk/2016/Annex A Doda.pdf,7,Annex A Doda.pdf
Jammu & Kashmir,2016,Doda,1. Assar,13. Shamthi,I,Shamthi,ward,Other than Woman,NONE,0,all_seats,0,0,282,282,Open,latin,data/jk/2016/Annex A Doda.pdf,8,Annex A Doda.pdf
Jammu & Kashmir,2016,Doda,1. Assar,13. Shamthi,II,Bashal,ward,Woman,NONE,1,all_seats,0,0,339,339,Women,latin,data/jk/2016/Annex A Doda.pdf,8,Annex A Doda.pdf
Jammu & Kashmir,2016,Doda,1. Assar,13. Shamthi,III,Dhand,ward,Other than Woman,NONE,0,all_seats,0,0,401,401,Open,latin,data/jk/2016/Annex A Doda.pdf,8,Annex A Doda.pdf
Jammu & Kashmir,2016,Doda,1. Assar,13. Shamthi,IV,Shankhp al,ward,Other than Woman,NONE,0,all_seats,0,0,562,562,Open,latin,data/jk/2016/Annex A Doda.pdf,8,Annex A Doda.pdf
Jammu & Kashmir,2016,Doda,1. Assar,13. Shamthi,V,Bagad,ward,Woman,NONE,1,all_seats,0,0,455,455,Women,latin,data/jk/2016/Annex A Doda.pdf,8,Annex A Doda.pdf
Jammu & Kashmir,2016,Doda,1. Assar,13. Shamthi,VI,Alsi,ward,Other than Woman,NONE,0,all_seats,0,0,357,357,Open,latin,data/jk/2016/Annex A Doda.pdf,8,Annex A Doda.pdf
Jammu & Kashmir,2016,Doda,2. Bhaderw ah,1. Bheja,I,Upper Bheja,ward,SC Other than Woman,SC,0,all_seats,110,0,90,200,SC,latin,data/jk/2016/Annex A Doda.pdf,8,Annex A Doda.pdf
Jammu & Kashmir,2016,Doda,2. Bhaderw ah,1. Bheja,II,Masjid Mohalla,ward,SC Woman,SC,1,all_seats,140,0,55,195,SC Women,latin,data/jk/2016/Annex A Doda.pdf,8,Annex A Doda.pdf
Jammu & Kashmir,2016,Doda,2. Bhaderw ah,1. Bheja,III,Kandli,ward,SC Other than Woman,SC,0,all_seats,105,0,45,150,SC,latin,data/jk/2016/Annex A Doda.pdf,8,Annex A Doda.pdf
Jammu & Kashmir,2016,Doda,2. Bhaderw ah,1. Bheja,IV,Lower Bheja,ward,Other than Woman,NONE,0,all_seats,0,40,150,190,Open,latin,data/jk/2016/Annex A Doda.pdf,8,Annex A Doda.pdf
Jammu & Kashmir,2016,Doda,2. Bhaderw ah,1. Bheja,V,Bheja,ward,SC Woman,SC,1,all_seats,130,0,60,190,SC Women,latin,data/jk/2016/Annex A Doda.pdf,8,Annex A Doda.pdf
Jammu & Kashmir,2016,Doda,2. Bhaderw ah,1. Bheja,VI,Bamlakhi,ward,Other than Woman,NONE,0,all_seats,60,0,140,200,Open,latin,data/jk/2016/Annex A Doda.pdf,8,Annex A Doda.pdf
Jammu & Kashmir,2016,Doda,2. Bhaderw ah,2. Butla,I,Butla-A,ward,Other than Woman,NONE,0,all_seats,30,70,200,300,Open,latin,data/jk/2016/Annex A Doda.pdf,9,Annex A Doda.pdf
Jammu & Kashmir,2016,Doda,2. Bhaderw ah,2. Butla,II,Butla-B,ward,ST Woman,ST,1,all_seats,0,350,6,356,ST Women,latin,data/jk/2016/Annex A Doda.pdf,9,Annex A Doda.pdf
Jammu & Kashmir,2016,Doda,2. Bhaderw ah,2. Butla,III,Bharai-A,ward,ST Other than Woman,ST,0,all_seats,0,108,0,108,ST,latin,data/jk/2016/Annex A Doda.pdf,9,Annex A Doda.pdf
Jammu & Kashmir,2016,Doda,2. Bhaderw ah,2. Butla,IV,Bharai-B,ward,ST Other than Woman,ST,0,all_seats,0,330,0,330,ST,latin,data/jk/2016/Annex A Doda.pdf,9,Annex A Doda.pdf
Jammu & Kashmir,2016,Doda,2. Bhaderw ah,2. Butla,V,Hadle-A,ward,ST Woman,ST,1,all_seats,0,279,0,279,ST Women,latin,data/jk/2016/Annex A Doda.pdf,9,Annex A Doda.pdf
Jammu & Kashmir,2016,Doda,2. Bhaderw ah,2. Butla,VI,Hadle-B,ward,ST Other than Woman,ST,0,all_seats,0,210,0,210,ST,latin,data/jk/2016/Annex A Doda.pdf,9,Annex A Doda.pdf
Jammu & Kashmir,2016,Doda,2. Bhaderw ah,3. Chakka,I,Chakka- A,ward,Other than Woman,NONE,0,all_seats,0,0,250,250,Open,latin,data/jk/2016/Annex A Doda.pdf,9,Annex A Doda.pdf
Jammu & Kashmir,2016,Doda,2. Bhaderw ah,3. Chakka,II,Chakka- B,ward,Woman,NONE,1,all_seats,0,0,268,268,Women,latin,data/jk/2016/Annex A Doda.pdf,9,Annex A Doda.pdf
Jammu & Kashmir,2016,Doda,2. Bhaderw ah,3. Chakka,III,Chakka- C,ward,Other than Woman,NONE,0,all_seats,0,0,310,310,Open,latin,data/jk/2016/Annex A Doda.pdf,9,Annex A Doda.pdf
Jammu & Kashmir,2016,Doda,2. Bhaderw ah,3. Chakka,IV,Chakka- D,ward,Other than Woman,NONE,0,all_seats,0,0,168,168,Open,latin,data/jk/2016/Annex A Doda.pdf,9,Annex A Doda.pdf
Jammu & Kashmir,2016,Doda,2. Bhaderw ah,3. Chakka,V,Chakka- E,ward,SC Woman,SC,1,all_seats,294,7,61,362,SC Women,latin,data/jk/2016/Annex A Doda.pdf,9,Annex A Doda.pdf
Jammu & Kashmir,2016,Doda,2. Bhaderw ah,3. Chakka,VI,Chakka-F,ward,SC Other than Woman,SC,0,all_seats,140,105,45,290,SC,latin,data/jk/2016/Annex A Doda.pdf,9,Annex A Doda.pdf
Jammu & Kashmir,2016,Doda,2. Bhaderw ah,4. Chanchor a,I,Lanchan,ward,SC Other than Woman,SC,0,all_seats,415,0,7,422,SC,latin,data/jk/2016/Annex A Doda.pdf,9,Annex A Doda.pdf
Jammu & Kashmir,2016,Doda,2. Bhaderw ah,4. Chanchor a,II,Chinchor a-A,ward,Woman,NONE,1,all_seats,30,0,250,280,Women,latin,data/jk/2016/Annex A Doda.pdf,9,Annex A Doda.pdf
Jammu & Kashmir,2016,Doda,2. Bhaderw ah,4. Chanchor a,III,Chinchor a-B,ward,Other than Woman,NONE,0,all_seats,30,0,205,235,Open,latin,data/jk/2016/Annex A Doda.pdf,9,Annex A Doda.pdf
Jammu & Kashmir,2016,Doda,2. Bhaderw ah,4. Chanchor a,IV,chinchor a-C,ward,Other than Woman,NONE,0,all_seats,40,0,265,305,Open,latin,data/jk/2016/Annex A Doda.pdf,10,Annex A Doda.pdf
Jammu & Kashmir,2016,Doda,2. Bhaderw ah,4. Chanchor a,V,Chhani- A,ward,SC Woman,SC,1,all_seats,175,15,25,215,SC Women,latin,data/jk/2016/Annex A Doda.pdf,10,Annex A Doda.pdf
Jammu & Kashmir,2016,Doda,2. Bhaderw ah,4. Chanchor a,VI,Chhani-B,ward,Other than Woman,NONE,0,all_seats,65,0,165,230,Open,latin,data/jk/2016/Annex A Doda.pdf,10,Annex A Doda.pdf
Jammu & Kashmir,2016,Doda,2. Bhaderw ah,5. Chinote,I,Chinote- A,ward,Other than Woman,NONE,0,all_seats,0,90,210,300,Open,latin,data/jk/2016/Annex A Doda.pdf,10,Annex A Doda.pdf
Jammu & Kashmir,2016,Doda,2. Bhaderw ah,5. Chinote,II,Chinote- B,ward,Woman,NONE,1,all_seats,40,65,165,270,Women,latin,data/jk/2016/Annex A Doda.pdf,10,Annex A Doda.pdf
Jammu & Kashmir,2016,Doda,2. Bhaderw ah,5. Chinote,III,Chinote- C,ward,Other than Woman,NONE,0,all_seats,0,50,172,222,Open,latin,data/jk/2016/Annex A Doda.pdf,10,Annex A Doda.pdf
Jammu & Kashmir,2016,Doda,2. Bhaderw ah,5. Chinote,IV,Mathola- A,ward,Other than Woman,NONE,0,all_seats,0,60,190,250,Open,latin,data/jk/2016/Annex A Doda.pdf,10,Annex A Doda.pdf
Jammu & Kashmir,2016,Doda,2. Bhaderw ah,5. Chinote,V,Mathola- B,ward,SC Woman,SC,1,all_seats,240,0,120,360,SC Women,latin,data/jk/2016/Annex A Doda.pdf,10,Annex A Doda.pdf
Jammu & Kashmir,2016,Doda,2. Bhaderw ah,5. Chinote,VI,Mathola- C,ward,SC Other than Woman,SC,0,all_seats,180,100,10,290,SC,latin,data/jk/2016/Annex A Doda.pdf,10,Annex A Doda.pdf
Jammu & Kashmir,2016,Doda,2. Bhaderw ah,6. Dandi,I,Dandi-A,ward,ST Other than Woman,ST,0,all_seats,72,210,0,282,ST,latin,data/jk/2016/Annex A Doda.pdf,10,Annex A Doda.pdf
Jammu & Kashmir,2016,Doda,2. Bhaderw ah,6. Dandi,II,Dandi-B,ward,ST Woman,ST,1,all_seats,0,210,0,210,ST Women,latin,data/jk/2016/Annex A Doda.pdf,10,Annex A Doda.pdf
Jammu & Kashmir,2016,Doda,2. Bhaderw ah,6. Dandi,III,Kansar-A,ward,ST Other than Woman,ST,0,all_seats,0,165,0,165,ST,latin,data/jk/2016/Annex A Doda.pdf,10,Annex A Doda.pdf
Jammu & Kashmir,2016,Doda,2. Bhaderw ah,6. Dandi,IV,Kanser-B,ward,ST Other than Woman,ST,0,all_seats,0,230,0,230,ST,latin,data/jk/2016/Annex A Doda.pdf,10,Annex A Doda.pdf
Jammu & Kashmir,2016,Doda,2. Bhaderw ah,6. Dandi,V,Kolra,ward,SC Woman,SC,1,all_seats,255,0,0,255,SC Women,latin,data/jk/2016/Annex A Doda.pdf,10,Annex A Doda.pdf
Jammu & Kashmir,2016,Doda,2. Bhaderw ah,6. Dandi,VI,Linga,ward,Other than Woman,NONE,0,all_seats,0,0,175,175,Open,latin,data/jk/2016/Annex A Doda.pdf,10,Annex A Doda.pdf
Jammu & Kashmir,2016,Doda,2. Bhaderw ah,7. Dhareja,I,Dheraja- A,ward,Other than Woman,NONE,0,all_seats,0,1,122,123,Open,latin,data/jk/2016/Annex A Doda.pdf,10,Annex A Doda.pdf
Jammu & Kashmir,2016,Doda,2. Bhaderw ah,7. Dhareja,II,Dheraja- B,ward,Woman,NONE,1,all_seats,0,0,112,112,Women,latin,data/jk/2016/Annex A Doda.pdf,11,Annex A Doda.pdf
Jammu & Kashmir,2016,Doda,2. Bhaderw ah,7. Dhareja,III,Dheraja- C,ward,Other than Woman,NONE,0,all_seats,0,0,190,190,Open,latin,data/jk/2016/Annex A Doda.pdf,11,Annex A Doda.pdf
Jammu & Kashmir,2016,Doda,2. Bhaderw ah,7. Dhareja,IV,Dheraja- D,ward,Other than Woman,NONE,0,all_seats,0,0,150,150,Open,latin,data/jk/2016/Annex A Doda.pdf,11,Annex A Doda.pdf
Jammu & Kashmir,2016,Doda,2. Bhaderw ah,7. Dhareja,V,Atalgarh,ward,Woman,NONE,1,all_seats,35,0,110,145,Women,latin,data/jk/2016/Annex A Doda.pdf,11,Annex A Doda.pdf
Jammu & Kashmir,2016,Doda,2. Bhaderw ah,7. Dhareja,VI,Donsa Pani,ward,SC Other than Woman,SC,0,all_seats,150,0,30,180,SC,latin,data/jk/2016/Annex A Doda.pdf,11,Annex A Doda.pdf
Jammu & Kashmir,2016,Doda,2. Bhaderw ah,8. Diggi,I,Diggi,ward,SC Other than Woman,SC,0,all_seats,295,6,170,471,SC,latin,data/jk/2016/Annex A Doda.pdf,11,Annex A Doda.pdf
Jammu & Kashmir,2016,Doda,2. Bhaderw ah,8. Diggi,II,Rounda,ward,Woman,NONE,1,all_seats,150,0,165,315,Women,latin,data/jk/2016/Annex A Doda.pdf,11,Annex A Doda.pdf
Jammu & Kashmir,2016,Doda,2. Bhaderw ah,8. Diggi,III,Thatha,ward,Other than Woman,NONE,0,all_seats,30,10,125,165,Open,latin,data/jk/2016/Annex A Doda.pdf,11,Annex A Doda.pdf
Jammu & Kashmir,2016,Doda,2. Bhaderw ah,8. Diggi,IV,Mararah,ward,Other than Woman,NONE,0,all_seats,0,0,84,84,Open,latin,data/jk/2016/Annex A Doda.pdf,11,Annex A Doda.pdf
Jammu & Kashmir,2016,Doda,2. Bhaderw ah,8. Diggi,V,Pandhko o,ward,SC Woman,SC,1,all_seats,225,15,65,305,SC Women,latin,data/jk/2016/Annex A Doda.pdf,11,Annex A Doda.pdf
Jammu & Kashmir,2016,Doda,2. Bhaderw ah,8. Diggi,VI,Bharwa,ward,Other than Woman,NONE,0,all_seats,0,0,385,385,Open,latin,data/jk/2016/Annex A Doda.pdf,11,Annex A Doda.pdf
Jammu & Kashmir,2016,Doda,2. Bhaderw ah,9. Drodhu,I,Drodhu- A,ward,Other than Woman,NONE,0,all_seats,18,0,263,281,Open,latin,data/jk/2016/Annex A Doda.pdf,11,Annex A Doda.pdf
Jammu & Kashmir,2016,Doda,2. Bhaderw ah,9. Drodhu,II,Drodhu- B,ward,SC Woman,SC,1,all_seats,196,0,0,196,SC Women,latin,data/jk/2016/Annex A Doda.pdf,11,Annex A Doda.pdf
Jammu & Kashmir,2016,Doda,2. Bhaderw ah,9. Drodhu,III,Chhuna,ward,Other than Woman,NONE,0,all_seats,126,0,160,286,Open,latin,data/jk/2016/Annex A Doda.pdf,11,Annex A Doda.pdf
Jammu & Kashmir,2016,Doda,2. Bhaderw ah,9. Drodhu,IV,Janana,ward,Other than Woman,NONE,0,all_seats,63,9,144,216,Open,latin,data/jk/2016/Annex A Doda.pdf,11,Annex A Doda.pdf
Jammu & Kashmir,2016,Doda,2. Bhaderw ah,9. Drodhu,V,Dranga- A,ward,Woman,NONE,1,all_seats,47,0,186,233,Women,latin,data/jk/2016/Annex A Doda.pdf,12,Annex A Doda.pdf
Jammu & Kashmir,2016,Doda,2. Bhaderw ah,9. Drodhu,VI,Dranga- B,ward,SC Other than Woman,SC,0,all_seats,227,7,67,301,SC,latin,data/jk/2016/Annex A Doda.pdf,12,Annex A Doda.pdf
Jammu & Kashmir,2016,Doda,2. Bhaderw ah,10. Dugga,I,Rahi,ward,Other than Woman,NONE,0,all_seats,7,0,157,164,Open,latin,data/jk/2016/Annex A Doda.pdf,12,Annex A Doda.pdf
Jammu & Kashmir,2016,Doda,2. Bhaderw ah,10. Dugga,II,Dugga-A,ward,SC Woman,SC,1,all_seats,153,0,38,191,SC Women,latin,data/jk/2016/Annex A Doda.pdf,12,Annex A Doda.pdf
Jammu & Kashmir,2016,Doda,2. Bhaderw ah,10. Dugga,III,Dugga-B,ward,Other than Woman,NONE,0,all_seats,14,0,197,211,Open,latin,data/jk/2016/Annex A Doda.pdf,12,Annex A Doda.pdf
Jammu & Kashmir,2016,Doda,2. Bhaderw ah,10. Dugga,IV,Dugga-C,ward,SC Other than Woman,SC,0,all_seats,183,0,82,265,SC,latin,data/jk/2016/Annex A Doda.pdf,12,Annex A Doda.pdf
Jammu & Kashmir,2016,Doda,2. Bhaderw ah,10. Dugga,V,Naska-A,ward,SC Woman,SC,1,all_seats,158,0,42,200,SC Women,latin,data/jk/2016/Annex A Doda.pdf,12,Annex A Doda.pdf
Jammu & Kashmir,2016,Doda,2. Bhaderw ah,10. Dugga,VI,Naska-B,ward,SC Other than Woman,SC,0,all_seats,157,0,18,175,SC,latin,data/jk/2016/Annex A Doda.pdf,12,Annex A Doda.pdf
Jammu & Kashmir,2016,Doda,2. Bhaderw ah,11. Gatha,I,Gatha-A,ward,Other than Woman,NONE,0,all_seats,0,0,330,330,Open,latin,data/jk/2016/Annex A Doda.pdf,12,Annex A Doda.pdf
Jammu & Kashmir,2016,Doda,2. Bhaderw ah,11. Gatha,II,Gatha-B,ward,Woman,NONE,1,all_seats,0,0,284,284,Women,latin,data/jk/2016/Annex A Doda.pdf,12,Annex A Doda.pdf
Jammu & Kashmir,2016,Doda,2. Bhaderw ah,11. Gatha,III,Gatha-C,ward,Other than Woman,NONE,0,all_seats,0,0,250,250,Open,latin,data/jk/2016/Annex A Doda.pdf,12,Annex A Doda.pdf
Jammu & Kashmir,2016,Doda,2. Bhaderw ah,11. Gatha,IV,Gatha-D,ward,Other than Woman,NONE,0,all_seats,70,0,275,345,Open,latin,data/jk/2016/Annex A Doda.pdf,12,Annex A Doda.pdf
Jammu & Kashmir,2016,Doda,2. Bhaderw ah,11. Gatha,V,Gatha-E,ward,Woman,NONE,1,all_seats,80,15,239,334,Women,latin,data/jk/2016/Annex A Doda.pdf,12,Annex A Doda.pdf
Jammu & Kashmir,2016,Doda,2. Bhaderw ah,11. Gatha,VI,Gatha-F,ward,SC Other than Woman,SC,0,all_seats,259,0,206,465,SC,latin,data/jk/2016/Annex A Doda.pdf,12,Annex A Doda.pdf
Jammu & Kashmir,2016,Doda,2. Bhaderw ah,12. Guttassa,I,Guttassa- A,ward,SC Other than Woman,SC,0,all_seats,80,0,70,150,SC,latin,data/jk/2016/Annex A Doda.pdf,12,Annex A Doda.pdf
Jammu & Kashmir,2016,Doda,2. Bhaderw ah,12. Guttassa,II,Guttassa- B,ward,SC Woman,SC,1,all_seats,155,0,55,210,SC Women,latin,data/jk/2016/Annex A Doda.pdf,12,Annex A Doda.pdf
Jammu & Kashmir,2016,Doda,2. Bhaderw ah,12. Guttassa,III,Guttassa- C,ward,SC Other than Woman,SC,0,all_seats,225,0,0,225,SC,latin,data/jk/2016/Annex A Doda.pdf,13,Annex A Doda.pdf
Jammu & Kashmir,2016,Doda,2. Bhaderw ah,12. Guttassa,IV,Guttassa- D,ward,SC Other than Woman,SC,0,all_seats,140,0,20,160,SC,latin,data/jk/2016/Annex A Doda.pdf,13,Annex A Doda.pdf
Jammu & Kashmir,2016,Doda,2. Bhaderw ah,12. Guttassa,V,Karian Partially,ward,SC Woman,SC,1,all_seats,112,0,0,112,SC Women,latin,data/jk/2016/Annex A Doda.pdf,13,Annex A Doda.pdf
Jammu & Kashmir,2016,Doda,2. Bhaderw ah,12. Guttassa,VI,Lachrin Dhar,ward,SC Other than Woman,SC,0,all_seats,79,0,70,149,SC,latin,data/jk/2016/Annex A Doda.pdf,13,Annex A Doda.pdf
Jammu & Kashmir,2016,Doda,2. Bhaderw ah,13. Hanga,I,Hanga-A,ward,Other than Woman,NONE,0,all_seats,29,0,187,216,Open,latin,data/jk/2016/Annex A Doda.pdf,13,Annex A Doda.pdf
Jammu & Kashmir,2016,Doda,2. Bhaderw ah,13. Hanga,II,Dhalowa,ward,Woman,NONE,1,all_seats,78,8,181,267,Women,latin,data/jk/2016/Annex A Doda.pdf,13,Annex A Doda.pdf
Jammu & Kashmir,2016,Doda,2. Bhaderw ah,13. Hanga,III,Thamli,ward,SC Other than Woman,SC,0,all_seats,149,0,55,204,SC,latin,data/jk/2016/Annex A Doda.pdf,13,Annex A Doda.pdf
Jammu & Kashmir,2016,Doda,2. Bhaderw ah,13. Hanga,IV,Nouri-A,ward,SC Other than Woman,SC,0,all_seats,76,0,0,76,SC,latin,data/jk/2016/Annex A Doda.pdf,13,Annex A Doda.pdf
Jammu & Kashmir,2016,Doda,2. Bhaderw ah,13. Hanga,V,Nouri-B,ward,SC Woman,SC,1,all_seats,159,0,0,159,SC Women,latin,data/jk/2016/Annex A Doda.pdf,13,Annex A Doda.pdf
Jammu & Kashmir,2016,Doda,2. Bhaderw ah,13. Hanga,VI,Khorati,ward,Other than Woman,NONE,0,all_seats,61,9,79,149,Open,latin,data/jk/2016/Annex A Doda.pdf,13,Annex A Doda.pdf
Jammu & Kashmir,2016,Doda,2. Bhaderw ah,14. Jalga,I,Jalga-A,ward,Other than Woman,NONE,0,all_seats,26,0,70,96,Open,latin,data/jk/2016/Annex A Doda.pdf,13,Annex A Doda.pdf
Jammu & Kashmir,2016,Doda,2. Bhaderw ah,14. Jalga,II,Jalga-B,ward,SC Woman,SC,1,all_seats,49,0,36,85,SC Women,latin,data/jk/2016/Annex A Doda.pdf,13,Annex A Doda.pdf
Jammu & Kashmir,2016,Doda,2. Bhaderw ah,14. Jalga,III,Trabi-A,ward,Other than Woman,NONE,0,all_seats,18,0,58,76,Open,latin,data/jk/2016/Annex A Doda.pdf,13,Annex A Doda.pdf
Jammu & Kashmir,2016,Doda,2. Bhaderw ah,14. Jalga,IV,Trabi-B,ward,Other than Woman,NONE,0,all_seats,0,0,89,89,Open,latin,data/jk/2016/Annex A Doda.pdf,13,Annex A Doda.pdf
Jammu & Kashmir,2016,Doda,2. Bhaderw ah,14. Jalga,V,Trabi-C,ward,Woman,NONE,1,all_seats,66,0,78,144,Women,latin,data/jk/2016/Annex A Doda.pdf,13,Annex A Doda.pdf
Jammu & Kashmir,2016,Doda,2. Bhaderw ah,14. Jalga,VI,Borru,ward,Other than Woman,NONE,0,all_seats,0,0,108,108,Open,latin,data/jk/2016/Annex A Doda.pdf,13,Annex A Doda.pdf
Jammu & Kashmir,2016,Doda,2. Bhaderw ah,15. Katyara,I,Katyara- A,ward,Other than Woman,NONE,0,all_seats,0,0,160,160,Open,latin,data/jk/2016/Annex A Doda.pdf,13,Annex A Doda.pdf
Jammu & Kashmir,2016,Doda,2. Bhaderw ah,15. Katyara,II,Katyara- B,ward,Woman,NONE,1,all_seats,0,0,140,140,Women,latin,data/jk/2016/Annex A Doda.pdf,14,Annex A Doda.pdf
Jammu & Kashmir,2016,Doda,2. Bhaderw ah,15. Katyara,III,Bheani,ward,Other than Woman,NONE,0,all_seats,0,60,140,200,Open,latin,data/jk/2016/Annex A Doda.pdf,14,Annex A Doda.pdf
Jammu & Kashmir,2016,Doda,2. Bhaderw ah,15. Katyara,IV,Sharakhi- A,ward,Other than Woman,NONE,0,all_seats,0,0,168,168,Open,latin,data/jk/2016/Annex A Doda.pdf,14,Annex A Doda.pdf
Jammu & Kashmir,2016,Doda,2. Bhaderw ah,15. Katyara,V,Sharakhi- B,ward,ST Woman,ST,1,all_seats,0,160,90,250,ST Women,latin,data/jk/2016/Annex A Doda.pdf,14,Annex A Doda.pdf
Jammu & Kashmir,2016,Doda,2. Bhaderw ah,15. Katyara,VI,Allen,ward,ST Other than Woman,ST,0,all_seats,0,124,80,204,ST,latin,data/jk/2016/Annex A Doda.pdf,14,Annex A Doda.pdf
Jammu & Kashmir,2016,Doda,2. Bhaderw ah,16. Kursari,I,Kursari- A,ward,Other than Woman,NONE,0,all_seats,0,0,225,225,Open,latin,data/jk/2016/Annex A Doda.pdf,14,Annex A Doda.pdf
Jammu & Kashmir,2016,Doda,2. Bhaderw ah,16. Kursari,II,Kursari- B,ward,Woman,NONE,1,all_seats,0,0,395,395,Women,latin,data/jk/2016/Annex A Doda.pdf,14,Annex A Doda.pdf
Jammu & Kashmir,2016,Doda,2. Bhaderw ah,16. Kursari,III,Kursari- C,ward,Other than Woman,NONE,0,all_seats,0,0,323,323,Open,latin,data/jk/2016/Annex A Doda.pdf,14,Annex A Doda.pdf
Jammu & Kashmir,2016,Doda,2. Bhaderw ah,16. Kursari,IV,Kursari- D,ward,Other than Woman,NONE,0,all_seats,0,0,170,170,Open,latin,data/jk/2016/Annex A Doda.pdf,14,Annex A Doda.pdf
Jammu & Kashmir,2016,Doda,2. Bhaderw ah,16. Kursari,V,Kursari- E,ward,Woman,NONE,1,all_seats,0,10,248,258,Women,latin,data/jk/2016/Annex A Doda.pdf,14,Annex A Doda.pdf
Jammu & Kashmir,2016,Doda,2. Bhaderw ah,16. Kursari,VI,Lahmote,ward,SC Other than Woman,SC,0,all_seats,152,15,0,167,SC,latin,data/jk/2016/Annex A Doda.pdf,14,Annex A Doda.pdf
Jammu & Kashmir,2016,Doda,2. Bhaderw ah,17. Manthla,I,Manthla,ward,ST Other than Woman,ST,0,all_seats,203,207,150,560,ST,latin,data/jk/2016/Annex A Doda.pdf,14,Annex A Doda.pdf
Jammu & Kashmir,2016,Doda,2. Bhaderw ah,17. Manthla,II,Dhamun da,ward,ST Woman,ST,1,all_seats,22,490,8,520,ST Women,latin,data/jk/2016/Annex A Doda.pdf,14,Annex A Doda.pdf
Jammu & Kashmir,2016,Doda,2. Bhaderw ah,17. Manthla,III,Dusala,ward,Other than Woman,NONE,0,all_seats,0,0,160,160,Open,latin,data/jk/2016/Annex A Doda.pdf,14,Annex A Doda.pdf
Jammu & Kashmir,2016,Doda,2. Bhaderw ah,17. Manthla,IV,Dalain,ward,SC Other than Woman,SC,0,all_seats,382,0,0,382,SC,latin,data/jk/2016/Annex A Doda.pdf,14,Annex A Doda.pdf
Jammu & Kashmir,2016,Doda,2. Bhaderw ah,17. Manthla,V,Rainda,ward,Woman,NONE,1,all_seats,100,0,120,220,Women,latin,data/jk/2016/Annex A Doda.pdf,14,Annex A Doda.pdf
Jammu & Kashmir,2016,Doda,2. Bhaderw ah,17. Manthla,VI,Pawnra,ward,Other than Woman,NONE,0,all_seats,112,0,205,317,Open,latin,data/jk/2016/Annex A Doda.pdf,14,Annex A Doda.pdf
Jammu & Kashmir,2016,Doda,2. Bhaderw ah,18. Manwah,I,Manwah- A,ward,Other than Woman,NONE,0,all_seats,0,0,130,130,Open,latin,data/jk/2016/Annex A Doda.pdf,15,Annex A Doda.pdf
Jammu & Kashmir,2016,Doda,2. Bhaderw ah,18. Manwah,II,Manwah- A,ward,Woman,NONE,1,all_seats,0,0,147,147,Women,latin,data/jk/2016/Annex A Doda.pdf,15,Annex A Doda.pdf
Jammu & Kashmir,2016,Doda,2. Bhaderw ah,18. Manwah,III,Khaloo- A,ward,Other than Woman,NONE,0,all_seats,0,26,145,171,Open,latin,data/jk/2016/Annex A Doda.pdf,15,Annex A Doda.pdf
Jammu & Kashmir,2016,Doda,2. Bhaderw ah,18. Manwah,IV,Khaloo- B,ward,Other than Woman,NONE,0,all_seats,9,12,129,150,Open,latin,data/jk/2016/Annex A Doda.pdf,15,Annex A Doda.pdf
Jammu & Kashmir,2016,Doda,2. Bhaderw ah,18. Manwah,V,Khaloo- C,ward,SC Woman,SC,1,all_seats,137,0,15,152,SC Women,latin,data/jk/2016/Annex A Doda.pdf,15,Annex A Doda.pdf
Jammu & Kashmir,2016,Doda,2. Bhaderw ah,18. Manwah,VI,Patwa,ward,Other than Woman,NONE,0,all_seats,0,5,235,240,Open,latin,data/jk/2016/Annex A Doda.pdf,15,Annex A Doda.pdf
Jammu & Kashmir,2016,Doda,2. Bhaderw ah,19. Misrata,I,Bhalra-A,ward,Other than Woman,NONE,0,all_seats,38,0,334,372,Open,latin,data/jk/2016/Annex A Doda.pdf,15,Annex A Doda.pdf
Jammu & Kashmir,2016,Doda,2. Bhaderw ah,19. Misrata,II,Bhalra-B,ward,SC Woman,SC,1,all_seats,318,0,102,420,SC Women,latin,data/jk/2016/Annex A Doda.pdf,15,Annex A Doda.pdf
Jammu & Kashmir,2016,Doda,2. Bhaderw ah,19. Misrata,III,Nagni,ward,SC Other than Woman,SC,0,all_seats,151,0,10,161,SC,latin,data/jk/2016/Annex A Doda.pdf,15,Annex A Doda.pdf
Jammu & Kashmir,2016,Doda,2. Bhaderw ah,19. Misrata,IV,Balote,ward,Other than Woman,NONE,0,all_seats,44,0,263,307,Open,latin,data/jk/2016/Annex A Doda.pdf,15,Annex A Doda.pdf
Jammu & Kashmir,2016,Doda,2. Bhaderw ah,19. Misrata,V,Misrata,ward,SC Woman,SC,1,all_seats,257,9,70,336,SC Women,latin,data/jk/2016/Annex A Doda.pdf,15,Annex A Doda.pdf
Jammu & Kashmir,2016,Doda,2. Bhaderw ah,19. Misrata,VI,Kondra,ward,Other than Woman,NONE,0,all_seats,47,0,380,427,Open,latin,data/jk/2016/Annex A Doda.pdf,15,Annex A Doda.pdf
Jammu & Kashmir,2016,Doda,2. Bhaderw ah,20. Nalthi,I,Nalthi-A,ward,Other than Woman,NONE,0,all_seats,50,17,205,272,Open,latin,data/jk/2016/Annex A Doda.pdf,15,Annex A Doda.pdf
Jammu & Kashmir,2016,Doda,2. Bhaderw ah,20. Nalthi,II,Nalthi-B,ward,Woman,NONE,1,all_seats,75,13,82,170,Women,latin,data/jk/2016/Annex A Doda.pdf,15,Annex A Doda.pdf
Jammu & Kashmir,2016,Doda,2. Bhaderw ah,20. Nalthi,III,Nalthi-C,ward,Other than Woman,NONE,0,all_seats,0,11,254,265,Open,latin,data/jk/2016/Annex A Doda.pdf,15,Annex A Doda.pdf
Jammu & Kashmir,2016,Doda,2. Bhaderw ah,20. Nalthi,IV,Basti-A,ward,Other than Woman,NONE,0,all_seats,0,0,160,160,Open,latin,data/jk/2016/Annex A Doda.pdf,15,Annex A Doda.pdf
Jammu & Kashmir,2016,Doda,2. Bhaderw ah,20. Nalthi,V,Basti-B,ward,Woman,NONE,1,all_seats,85,0,231,316,Women,latin,data/jk/2016/Annex A Doda.pdf,15,Annex A Doda.pdf
Jammu & Kashmir,2016,Doda,2. Bhaderw ah,20. Nalthi,VI,Basti-C,ward,Other than Woman,NONE,0,all_seats,0,0,293,293,Open,latin,data/jk/2016/Annex A Doda.pdf,16,Annex A Doda.pdf
Jammu & Kashmir,2016,Doda,2. Bhaderw ah,21. Neota,I,Neota-A,ward,Other than Woman,NONE,0,all_seats,5,0,321,326,Open,latin,data/jk/2016/Annex A Doda.pdf,16,Annex A Doda.pdf
Jammu & Kashmir,2016,Doda,2. Bhaderw ah,21. Neota,II,Neota-B,ward,Woman,NONE,1,all_seats,0,0,150,150,Women,latin,data/jk/2016/Annex A Doda.pdf,16,Annex A Doda.pdf
Jammu & Kashmir,2016,Doda,2. Bhaderw ah,21. Neota,III,Neota-C,ward,SC Other than Woman,SC,0,all_seats,125,0,80,205,SC,latin,data/jk/2016/Annex A Doda.pdf,16,Annex A Doda.pdf
Jammu & Kashmir,2016,Doda,2. Bhaderw ah,21. Neota,IV,Neota-D,ward,SC Other than Woman,SC,0,all_seats,200,0,50,250,SC,latin,data/jk/2016/Annex A Doda.pdf,16,Annex A Doda.pdf
Jammu & Kashmir,2016,Doda,2. Bhaderw ah,21. Neota,V,Karyan - A,ward,Woman,NONE,1,all_seats,0,5,199,204,Women,latin,data/jk/2016/Annex A Doda.pdf,16,Annex A Doda.pdf
Jammu & Kashmir,2016,Doda,2. Bhaderw ah,21. Neota,VI,Karyan - B,ward,Other than Woman,NONE,0,all_seats,0,0,120,120,Open,latin,data/jk/2016/Annex A Doda.pdf,16,Annex A Doda.pdf
Jammu & Kashmir,2016,Doda,2. Bhaderw ah,22. Sadder,I,Kotli-A,ward,Other than Woman,NONE,0,all_seats,57,0,288,345,Open,latin,data/jk/2016/Annex A Doda.pdf,16,Annex A Doda.pdf
Jammu & Kashmir,2016,Doda,2. Bhaderw ah,22. Sadder,II,Kotli-B,ward,Woman,NONE,1,all_seats,59,0,291,350,Women,latin,data/jk/2016/Annex A Doda.pdf,16,Annex A Doda.pdf
Jammu & Kashmir,2016,Doda,2. Bhaderw ah,22. Sadder,III,Kotli-C,ward,Other than Woman,NONE,0,all_seats,43,0,271,314,Open,latin,data/jk/2016/Annex A Doda.pdf,16,Annex A Doda.pdf
Jammu & Kashmir,2016,Doda,2. Bhaderw ah,22. Sadder,IV,Vazir Kotli,ward,Other than Woman,NONE,0,all_seats,25,11,182,218,Open,latin,data/jk/2016/Annex A Doda.pdf,16,Annex A Doda.pdf
Jammu & Kashmir,2016,Doda,2. Bhaderw ah,22. Sadder,V,Malani-A,ward,Woman,NONE,1,all_seats,102,0,231,333,Women,latin,data/jk/2016/Annex A Doda.pdf,16,Annex A Doda.pdf
Jammu & Kashmir,2016,Doda,2. Bhaderw ah,22. Sadder,VI,Malani-B,ward,Other than Woman,NONE,0,all_seats,71,0,195,266,Open,latin,data/jk/2016/Annex A Doda.pdf,17,Annex A Doda.pdf
Jammu & Kashmir,2016,Doda,2. Bhaderw ah,23. Sarna,I,Sarna-A,ward,Other than Woman,NONE,0,all_seats,0,0,270,270,Open,latin,data/jk/2016/Annex A Doda.pdf,17,Annex A Doda.pdf
Jammu & Kashmir,2016,Doda,2. Bhaderw ah,23. Sarna,II,Sarna-B,ward,Woman,NONE,1,all_seats,6,0,197,203,Women,latin,data/jk/2016/Annex A Doda.pdf,17,Annex A Doda.pdf
Jammu & Kashmir,2016,Doda,2. Bhaderw ah,23. Sarna,III,Sarna-C,ward,Other than Woman,NONE,0,all_seats,0,0,250,250,Open,latin,data/jk/2016/Annex A Doda.pdf,17,Annex A Doda.pdf
Jammu & Kashmir,2016,Doda,2. Bhaderw ah,23. Sarna,IV,Malsoo,ward,Other than Woman,NONE,0,all_seats,0,20,285,305,Open,latin,data/jk/2016/Annex A Doda.pdf,17,Annex A Doda.pdf
Jammu & Kashmir,2016,Doda,2. Bhaderw ah,23. Sarna,V,Dhara-A,ward,SC Woman,SC,1,all_seats,92,0,48,140,SC Women,latin,data/jk/2016/Annex A Doda.pdf,17,Annex A Doda.pdf
Jammu & Kashmir,2016,Doda,2. Bhaderw ah,23. Sarna,VI,Dhara-B,ward,SC Other than Woman,SC,0,all_seats,132,0,38,170,SC,latin,data/jk/2016/Annex A Doda.pdf,17,Annex A Doda.pdf
Jammu & Kashmir,2016,Doda,2. Bhaderw ah,24. Sartingal,I,Sartingal- A,ward,Other than Woman,NONE,0,all_seats,12,0,184,196,Open,latin,data/jk/2016/Annex A Doda.pdf,17,Annex A Doda.pdf
Jammu & Kashmir,2016,Doda,2. Bhaderw ah,24. Sartingal,II,Sartingal- B,ward,Woman,NONE,1,all_seats,0,0,217,217,Women,latin,data/jk/2016/Annex A Doda.pdf,17,Annex A Doda.pdf
Jammu & Kashmir,2016,Doda,2. Bhaderw ah,24. Sartingal,III,Mounda- A,ward,Other than Woman,NONE,0,all_seats,0,21,192,213,Open,latin,data/jk/2016/Annex A Doda.pdf,17,Annex A Doda.pdf
Jammu & Kashmir,2016,Doda,2. Bhaderw ah,24. Sartingal,IV,Mounda- B,ward,Other than Woman,NONE,0,all_seats,0,0,207,207,Open,latin,data/jk/2016/Annex A Doda.pdf,17,Annex A Doda.pdf
Jammu & Kashmir,2016,Doda,2. Bhaderw ah,24. Sartingal,V,Bhadrote- A,ward,SC Woman,SC,1,all_seats,141,14,58,213,SC Women,latin,data/jk/2016/Annex A Doda.pdf,17,Annex A Doda.pdf
Jammu & Kashmir,2016,Doda,2. Bhaderw ah,24. Sartingal,VI,Bhadrote- B,ward,Other than Woman,NONE,0,all_seats,42,27,137,206,Open,latin,data/jk/2016/Annex A Doda.pdf,17,Annex A Doda.pdf
Jammu & Kashmir,2016,Doda,2. Bhaderw ah,25. Songai,I,Sangoie,ward,Other than Woman,NONE,0,all_seats,0,11,152,163,Open,latin,data/jk/2016/Annex A Doda.pdf,17,Annex A Doda.pdf
Jammu & Kashmir,2016,Doda,2. Bhaderw ah,25. Songai,II,Hamote- A,ward,Woman,NONE,1,all_seats,46,0,210,256,Women,latin,data/jk/2016/Annex A Doda.pdf,18,Annex A Doda.pdf
Jammu & Kashmir,2016,Doda,2. Bhaderw ah,25. Songai,III,Hamote- B,ward,Other than Woman,NONE,0,all_seats,0,0,138,138,Open,latin,data/jk/2016/Annex A Doda.pdf,18,Annex A Doda.pdf
Jammu & Kashmir,2016,Doda,2. Bhaderw ah,25. Songai,IV,Hamote- C,ward,Other than Woman,NONE,0,all_seats,23,0,124,147,Open,latin,data/jk/2016/Annex A Doda.pdf,18,Annex A Doda.pdf
Jammu & Kashmir,2016,Doda,2. Bhaderw ah,25. Songai,V,Sharora- A,ward,Woman,NONE,1,all_seats,43,0,137,180,Women,latin,data/jk/2016/Annex A Doda.pdf,18,Annex A Doda.pdf
Jammu & Kashmir,2016,Doda,2. Bhaderw ah,25. Songai,VI,Sharora- B,ward,Other than Woman,NONE,0,all_seats,13,0,208,221,Open,latin,data/jk/2016/Annex A Doda.pdf,18,Annex A Doda.pdf
Jammu & Kashmir,2016,Doda,2. Bhaderw ah,26. Sungli,I,Sungli-A,ward,Other than Woman,NONE,0,all_seats,30,0,207,237,Open,latin,data/jk/2016/Annex A Doda.pdf,18,Annex A Doda.pdf
Jammu & Kashmir,2016,Doda,2. Bhaderw ah,26. Sungli,II,Sungli-B,ward,Woman,NONE,1,all_seats,36,0,324,360,Women,latin,data/jk/2016/Annex A Doda.pdf,18,Annex A Doda.pdf
Jammu & Kashmir,2016,Doda,2. Bhaderw ah,26. Sungli,III,Puneja-A,ward,Other than Woman,NONE,0,all_seats,100,0,180,280,Open,latin,data/jk/2016/Annex A Doda.pdf,18,Annex A Doda.pdf
Jammu & Kashmir,2016,Doda,2. Bhaderw ah,26. Sungli,IV,Puneja-B,ward,Other than Woman,NONE,0,all_seats,0,30,140,170,Open,latin,data/jk/2016/Annex A Doda.pdf,18,Annex A Doda.pdf
Jammu & Kashmir,2016,Doda,2. Bhaderw ah,26. Sungli,V,Puneja-C,ward,Woman,NONE,1,all_seats,35,0,255,290,Women,latin,data/jk/2016/Annex A Doda.pdf,18,Annex A Doda.pdf
Jammu & Kashmir,2016,Doda,2. Bhaderw ah,26. Sungli,VI,Puneja-D,ward,Other than Woman,NONE,0,all_seats,0,0,795,795,Open,latin,data/jk/2016/Annex A Doda.pdf,18,Annex A Doda.pdf
Jammu & Kashmir,2016,Doda,2. Bhaderw ah,27. Thanalla,I,Thanalla Zebati,ward,Other than Woman,NONE,0,all_seats,0,0,329,329,Open,latin,data/jk/2016/Annex A Doda.pdf,18,Annex A Doda.pdf
Jammu & Kashmir,2016,Doda,2. Bhaderw ah,27. Thanalla,II,Thanalla Zaranbal,ward,Woman,NONE,1,all_seats,0,0,247,247,Women,latin,data/jk/2016/Annex A Doda.pdf,18,Annex A Doda.pdf
Jammu & Kashmir,2016,Doda,2. Bhaderw ah,27. Thanalla,III,Thanalla Pain,ward,Other than Woman,NONE,0,all_seats,0,0,389,389,Open,latin,data/jk/2016/Annex A Doda.pdf,18,Annex A Doda.pdf
Jammu & Kashmir,2016,Doda,2. Bhaderw ah,27. Thanalla,IV,Mohalla Takya,ward,Other than Woman,NONE,0,all_seats,0,0,362,362,Open,latin,data/jk/2016/Annex A Doda.pdf,18,Annex A Doda.pdf
Jammu & Kashmir,2016,Doda,2. Bhaderw ah,27. Thanalla,V,Kudibal,ward,Woman,NONE,1,all_seats,0,0,191,191,Women,latin,data/jk/2016/Annex A Doda.pdf,18,Annex A Doda.pdf
Jammu & Kashmir,2016,Doda,2. Bhaderw ah,27. Thanalla,VI,Behseki,ward,Other than Woman,NONE,0,all_seats,0,0,147,147,Open,latin,data/jk/2016/Annex A Doda.pdf,19,Annex A Doda.pdf
Jammu & Kashmir,2016,Doda,2. Bhaderw ah,28. Thuba,I,Thuba-A,ward,SC Other than Woman,SC,0,all_seats,210,0,0,210,SC,latin,data/jk/2016/Annex A Doda.pdf,19,Annex A Doda.pdf
Jammu & Kashmir,2016,Doda,2. Bhaderw ah,28. Thuba,II,Thuba-B,ward,SC Woman,SC,1,all_seats,182,0,0,182,SC Women,latin,data/jk/2016/Annex A Doda.pdf,19,Annex A Doda.pdf
Jammu & Kashmir,2016,Doda,2. Bhaderw ah,28. Thuba,III,Thuba-C,ward,ST Other than Woman,ST,0,all_seats,22,99,0,121,ST,latin,data/jk/2016/Annex A Doda.pdf,19,Annex A Doda.pdf
Jammu & Kashmir,2016,Doda,2. Bhaderw ah,28. Thuba,IV,Bhoda-A,ward,Other than Woman,NONE,0,all_seats,0,81,244,325,Open,latin,data/jk/2016/Annex A Doda.pdf,19,Annex A Doda.pdf
Jammu & Kashmir,2016,Doda,2. Bhaderw ah,28. Thuba,V,Bhoda-B,ward,SC Woman,SC,1,all_seats,220,46,65,331,SC Women,latin,data/jk/2016/Annex A Doda.pdf,19,Annex A Doda.pdf
Jammu & Kashmir,2016,Doda,2. Bhaderw ah,28. Thuba,VI,Bhoda-C,ward,Other than Woman,NONE,0,all_seats,0,26,69,95,Open,latin,data/jk/2016/Annex A Doda.pdf,19,Annex A Doda.pdf
Jammu & Kashmir,2016,Doda,2. Bhaderw ah,29. Udrana- A,I,Udrana - A,ward,Other than Woman,NONE,0,all_seats,0,0,270,270,Open,latin,data/jk/2016/Annex A Doda.pdf,19,Annex A Doda.pdf
Jammu & Kashmir,2016,Doda,2. Bhaderw ah,29. Udrana- A,II,Udrana - B,ward,Woman,NONE,1,all_seats,0,0,280,280,Women,latin,data/jk/2016/Annex A Doda.pdf,19,Annex A Doda.pdf
Jammu & Kashmir,2016,Doda,2. Bhaderw ah,29. Udrana- A,III,Udrana - C,ward,Other than Woman,NONE,0,all_seats,0,0,260,260,Open,latin,data/jk/2016/Annex A Doda.pdf,19,Annex A Doda.pdf
Jammu & Kashmir,2016,Doda,2. Bhaderw ah,29. Udrana- A,IV,Udrana - D,ward,Other than Woman,NONE,0,all_seats,0,0,266,266,Open,latin,data/jk/2016/Annex A Doda.pdf,19,Annex A Doda.pdf
Jammu & Kashmir,2016,Doda,2. Bhaderw ah,29. Udrana- A,V,Udrana - E,ward,Woman,NONE,1,all_seats,0,0,260,260,Women,latin,data/jk/2016/Annex A Doda.pdf,19,Annex A Doda.pdf
Jammu & Kashmir,2016,Doda,2. Bhaderw ah,29. Udrana- A,VI,Udrana-F,ward,Other than Woman,NONE,0,all_seats,0,0,264,264,Open,latin,data/jk/2016/Annex A Doda.pdf,19,Annex A Doda.pdf
Jammu & Kashmir,2016,Doda,2. Bhaderw ah,30. Udrana- B,I,Dandi -A,ward,Other than Woman,NONE,0,all_seats,0,0,260,260,Open,latin,data/jk/2016/Annex A Doda.pdf,19,Annex A Doda.pdf
Jammu & Kashmir,2016,Doda,2. Bhaderw ah,30. Udrana- B,II,Dandi -B,ward,Woman,NONE,1,all_seats,0,0,200,200,Women,latin,data/jk/2016/Annex A Doda.pdf,19,Annex A Doda.pdf
Jammu & Kashmir,2016,Doda,2. Bhaderw ah,30. Udrana- B,III,Dandi -C,ward,Other than Woman,NONE,0,all_seats,0,0,300,300,Open,latin,data/jk/2016/Annex A Doda.pdf,19,Annex A Doda.pdf
Jammu & Kashmir,2016,Doda,2. Bhaderw ah,30. Udrana- B,IV,Dandi -D,ward,Other than Woman,NONE,0,all_seats,0,0,310,310,Open,latin,data/jk/2016/Annex A Doda.pdf,19,Annex A Doda.pdf
Jammu & Kashmir,2016,Doda,2. Bhaderw ah,30. Udrana- B,V,Dandi -E,ward,Woman,NONE,1,all_seats,0,0,238,238,Women,latin,data/jk/2016/Annex A Doda.pdf,20,Annex A Doda.pdf
Jammu & Kashmir,2016,Doda,2. Bhaderw ah,30. Udrana- B,VI,Dandi -F,ward,Other than Woman,NONE,0,all_seats,0,70,230,300,Open,latin,data/jk/2016/Annex A Doda.pdf,20,Annex A Doda.pdf
Jammu & Kashmir,2016,Doda,3. Bhagwah,1. Bajarni upper,I,Sazan-A,ward,Other than Woman,NONE,0,all_seats,0,0,150,150,Open,latin,data/jk/2016/Annex A Doda.pdf,20,Annex A Doda.pdf
Jammu & Kashmir,2016,Doda,3. Bhagwah,1. Bajarni upper,II,Sazan-B,ward,Woman,NONE,1,all_seats,0,0,198,198,Women,latin,data/jk/2016/Annex A Doda.pdf,20,Annex A Doda.pdf
Jammu & Kashmir,2016,Doda,3. Bhagwah,1. Bajarni upper,III,Praneel,ward,Other than Woman,NONE,0,all_seats,0,0,192,192,Open,latin,data/jk/2016/Annex A Doda.pdf,20,Annex A Doda.pdf
Jammu & Kashmir,2016,Doda,3. Bhagwah,1. Bajarni upper,IV,Wanipor a Jujan,ward,Other than Woman,NONE,0,all_seats,0,0,133,133,Open,latin,data/jk/2016/Annex A Doda.pdf,20,Annex A Doda.pdf
Jammu & Kashmir,2016,Doda,3. Bhagwah,1. Bajarni upper,V,Kotal,ward,Woman,NONE,1,all_seats,0,0,165,165,Women,latin,data/jk/2016/Annex A Doda.pdf,20,Annex A Doda.pdf
Jammu & Kashmir,2016,Doda,3. Bhagwah,1. Bajarni upper,VI,Gugwal,ward,Other than Woman,NONE,0,all_seats,53,49,88,190,Open,latin,data/jk/2016/Annex A Doda.pdf,20,Annex A Doda.pdf
Jammu & Kashmir,2016,Doda,3. Bhagwah,1. Bajarni upper,VII,Kachwa,ward,Other than Woman,NONE,0,all_seats,0,0,197,197,Open,latin,data/jk/2016/Annex A Doda.pdf,20,Annex A Doda.pdf
Jammu & Kashmir,2016,Doda,3. Bhagwah,1. Bajarni upper,VIII,Mashal,ward,Woman,NONE,1,all_seats,0,0,221,221,Women,latin,data/jk/2016/Annex A Doda.pdf,20,Annex A Doda.pdf
Jammu & Kashmir,2016,Doda,3. Bhagwah,2. Beoli,I,Basti,ward,Other than Woman,NONE,0,all_seats,0,0,244,244,Open,latin,data/jk/2016/Annex A Doda.pdf,20,Annex A Doda.pdf
Jammu & Kashmir,2016,Doda,3. Bhagwah,2. Beoli,II,Kashirya n,ward,Woman,NONE,1,all_seats,33,0,400,433,Women,latin,data/jk/2016/Annex A Doda.pdf,20,Annex A Doda.pdf
Jammu & Kashmir,2016,Doda,3. Bhagwah,2. Beoli,III,Wanda,ward,Other than Woman,NONE,0,all_seats,21,0,310,331,Open,latin,data/jk/2016/Annex A Doda.pdf,21,Annex A Doda.pdf
Jammu & Kashmir,2016,Doda,3. Bhagwah,2. Beoli,IV,Assaraba d,ward,Other than Woman,NONE,0,all_seats,0,0,290,290,Open,latin,data/jk/2016/Annex A Doda.pdf,21,Annex A Doda.pdf
Jammu & Kashmir,2016,Doda,3. Bhagwah,2. Beoli,V,Beoli upper,ward,Woman,NONE,1,all_seats,14,0,261,275,Women,latin,data/jk/2016/Annex A Doda.pdf,21,Annex A Doda.pdf
Jammu & Kashmir,2016,Doda,3. Bhagwah,2. Beoli,VI,Beoli lower,ward,Other than Woman,NONE,0,all_seats,0,0,310,310,Open,latin,data/jk/2016/Annex A Doda.pdf,21,Annex A Doda.pdf
Jammu & Kashmir,2016,Doda,3. Bhagwah,2. Beoli,VII,Sekwan,ward,Other than Woman,NONE,0,all_seats,0,0,274,274,Open,latin,data/jk/2016/Annex A Doda.pdf,21,Annex A Doda.pdf
Jammu & Kashmir,2016,Doda,3. Bhagwah,2. Beoli,VIII,Bearbag,ward,Woman,NONE,1,all_seats,0,0,315,315,Women,latin,data/jk/2016/Annex A Doda.pdf,21,Annex A Doda.pdf
Jammu & Kashmir,2016,Doda,3. Bhagwah,3. Bhagwah lower-A,I,Bhagwah,ward,Other than Woman,NONE,0,all_seats,38,0,215,253,Open,latin,data/jk/2016/Annex A Doda.pdf,21,Annex A Doda.pdf
Jammu & Kashmir,2016,Doda,3. Bhagwah,3. Bhagwah lower-A,II,Dewal,ward,Woman,NONE,1,all_seats,0,20,195,215,Women,latin,data/jk/2016/Annex A Doda.pdf,21,Annex A Doda.pdf
Jammu & Kashmir,2016,Doda,3. Bhagwah,3. Bhagwah lower-A,III,Chatroo,ward,Other than Woman,NONE,0,all_seats,0,0,302,302,Open,latin,data/jk/2016/Annex A Doda.pdf,21,Annex A Doda.pdf
Jammu & Kashmir,2016,Doda,3. Bhagwah,3. Bhagwah lower-A,IV,Balwa,ward,Other than Woman,NONE,0,all_seats,0,22,212,234,Open,latin,data/jk/2016/Annex A Doda.pdf,21,Annex A Doda.pdf
Jammu & Kashmir,2016,Doda,3. Bhagwah,3. Bhagwah lower-A,V,Siserwar,ward,Woman,NONE,1,all_seats,62,100,205,367,Women,latin,data/jk/2016/Annex A Doda.pdf,21,Annex A Doda.pdf
Jammu & Kashmir,2016,Doda,3. Bhagwah,3. Bhagwah lower-A,VI,Moundw a,ward,Other than Woman,NONE,0,all_seats,0,0,297,297,Open,latin,data/jk/2016/Annex A Doda.pdf,21,Annex A Doda.pdf
Jammu & Kashmir,2016,Doda,3. Bhagwah,4. Bhagwah lower-B,I,Khirote,ward,Other than Woman,NONE,0,all_seats,0,0,188,188,Open,latin,data/jk/2016/Annex A Doda.pdf,22,Annex A Doda.pdf
Jammu & Kashmir,2016,Doda,3. Bhagwah,4. Bhagwah lower-B,II,Dhak,ward,Woman,NONE,1,all_seats,20,0,355,375,Women,latin,data/jk/2016/Annex A Doda.pdf,22,Annex A Doda.pdf
Jammu & Kashmir,2016,Doda,3. Bhagwah,4. Bhagwah lower-B,III,Korla,ward,Other than Woman,NONE,0,all_seats,0,0,118,118,Open,latin,data/jk/2016/Annex A Doda.pdf,22,Annex A Doda.pdf
Jammu & Kashmir,2016,Doda,3. Bhagwah,4. Bhagwah lower-B,IV,Balwas,ward,Other than Woman,NONE,0,all_seats,0,0,195,195,Open,latin,data/jk/2016/Annex A Doda.pdf,22,Annex A Doda.pdf
Jammu & Kashmir,2016,Doda,3. Bhagwah,4. Bhagwah lower-B,V,Nali,ward,Woman,NONE,1,all_seats,0,0,198,198,Women,latin,data/jk/2016/Annex A Doda.pdf,22,Annex A Doda.pdf
Jammu & Kashmir,2016,Doda,3. Bhagwah,4. Bhagwah lower-B,VI,Bhopapul Banjer,ward,Other than Woman,NONE,0,all_seats,40,11,126,177,Open,latin,data/jk/2016/Annex A Doda.pdf,22,Annex A Doda.pdf
Jammu & Kashmir,2016,Doda,3. Bhagwah,5. Bhagwah upper-A,I,Puneen,ward,Other than Woman,NONE,0,all_seats,0,6,317,323,Open,latin,data/jk/2016/Annex A Doda.pdf,22,Annex A Doda.pdf
Jammu & Kashmir,2016,Doda,3. Bhagwah,5. Bhagwah upper-A,II,Gohta,ward,Woman,NONE,1,all_seats,0,0,190,190,Women,latin,data/jk/2016/Annex A Doda.pdf,22,Annex A Doda.pdf
Jammu & Kashmir,2016,Doda,3. Bhagwah,5. Bhagwah upper-A,III,Mainchat,ward,Other than Woman,NONE,0,all_seats,0,0,344,344,Open,latin,data/jk/2016/Annex A Doda.pdf,22,Annex A Doda.pdf
Jammu & Kashmir,2016,Doda,3. Bhagwah,5. Bhagwah upper-A,IV,Chulas,ward,Other than Woman,NONE,0,all_seats,0,0,197,197,Open,latin,data/jk/2016/Annex A Doda.pdf,22,Annex A Doda.pdf
Jammu & Kashmir,2016,Doda,3. Bhagwah,5. Bhagwah upper-A,V,Dhanan,ward,Woman,NONE,1,all_seats,0,0,210,210,Women,latin,data/jk/2016/Annex A Doda.pdf,22,Annex A Doda.pdf
Jammu & Kashmir,2016,Doda,3. Bhagwah,5. Bhagwah upper-A,VI,Kai,ward,Other than Woman,NONE,0,all_seats,21,0,350,371,Open,latin,data/jk/2016/Annex A Doda.pdf,22,Annex A Doda.pdf
Jammu & Kashmir,2016,Doda,3. Bhagwah,6. Bhagwah upper-B,I,Chatroon,ward,Other than Woman,NONE,0,all_seats,34,45,202,281,Open,latin,data/jk/2016/Annex A Doda.pdf,22,Annex A Doda.pdf
Jammu & Kashmir,2016,Doda,3. Bhagwah,6. Bhagwah upper-B,II,Gaddan- A,ward,Woman,NONE,1,all_seats,0,0,278,278,Women,latin,data/jk/2016/Annex A Doda.pdf,22,Annex A Doda.pdf
Jammu & Kashmir,2016,Doda,3. Bhagwah,6. Bhagwah upper-B,III,Gaddan- B,ward,Other than Woman,NONE,0,all_seats,0,0,254,254,Open,latin,data/jk/2016/Annex A Doda.pdf,22,Annex A Doda.pdf
Jammu & Kashmir,2016,Doda,3. Bhagwah,6. Bhagwah upper-B,IV,Bhatta,ward,Other than Woman,NONE,0,all_seats,0,0,272,272,Open,latin,data/jk/2016/Annex A Doda.pdf,22,Annex A Doda.pdf
Jammu & Kashmir,2016,Doda,3. Bhagwah,6. Bhagwah upper-B,V,Daleun,ward,Woman,NONE,1,all_seats,0,0,178,178,Women,latin,data/jk/2016/Annex A Doda.pdf,23,Annex A Doda.pdf
Jammu & Kashmir,2016,Doda,3. Bhagwah,6. Bhagwah upper-B,VI,Manwal,ward,Other than Woman,NONE,0,all_seats,0,0,323,323,Open,latin,data/jk/2016/Annex A Doda.pdf,23,Annex A Doda.pdf
Jammu & Kashmir,2016,Doda,3. Bhagwah,7. Bijarni Lower-A,I,Bijarni,ward,Other than Woman,NONE,0,all_seats,0,0,287,287,Open,latin,data/jk/2016/Annex A Doda.pdf,23,Annex A Doda.pdf
Jammu & Kashmir,2016,Doda,3. Bhagwah,7. Bijarni Lower-A,II,Kulwali,ward,Woman,NONE,1,all_seats,0,0,226,226,Women,latin,data/jk/2016/Annex A Doda.pdf,23,Annex A Doda.pdf
Jammu & Kashmir,2016,Doda,3. Bhagwah,7. Bijarni Lower-A,III,Shiva,ward,Other than Woman,NONE,0,all_seats,0,0,440,440,Open,latin,data/jk/2016/Annex A Doda.pdf,23,Annex A Doda.pdf
Jammu & Kashmir,2016,Doda,3. Bhagwah,7. Bijarni Lower-A,IV,Chakra,ward,Other than Woman,NONE,0,all_seats,119,0,397,516,Open,latin,data/jk/2016/Annex A Doda.pdf,23,Annex A Doda.pdf
Jammu & Kashmir,2016,Doda,3. Bhagwah,7. Bijarni Lower-A,V,Nashla,ward,Woman,NONE,1,all_seats,0,0,384,384,Women,latin,data/jk/2016/Annex A Doda.pdf,23,Annex A Doda.pdf
Jammu & Kashmir,2016,Doda,3. Bhagwah,7. Bijarni Lower-A,VI,Forwan,ward,Other than Woman,NONE,0,all_seats,0,0,289,289,Open,latin,data/jk/2016/Annex A Doda.pdf,23,Annex A Doda.pdf
Jammu & Kashmir,2016,Doda,3. Bhagwah,8. Bijarni Lower-B,I,Kahanhal,ward,Other than Woman,NONE,0,all_seats,70,0,230,300,Open,latin,data/jk/2016/Annex A Doda.pdf,23,Annex A Doda.pdf
Jammu & Kashmir,2016,Doda,3. Bhagwah,8. Bijarni Lower-B,II,Mankan,ward,Woman,NONE,1,all_seats,102,21,210,333,Women,latin,data/jk/2016/Annex A Doda.pdf,24,Annex A Doda.pdf
Jammu & Kashmir,2016,Doda,3. Bhagwah,8. Bijarni Lower-B,III,Torwas,ward,Other than Woman,NONE,0,all_seats,0,0,203,203,Open,latin,data/jk/2016/Annex A Doda.pdf,24,Annex A Doda.pdf
Jammu & Kashmir,2016,Doda,3. Bhagwah,8. Bijarni Lower-B,IV,Shonu,ward,Other than Woman,NONE,0,all_seats,0,0,285,285,Open,latin,data/jk/2016/Annex A Doda.pdf,24,Annex A Doda.pdf
Jammu & Kashmir,2016,Doda,3. Bhagwah,8. Bijarni Lower-B,V,Jagai,ward,Woman,NONE,1,all_seats,0,0,290,290,Women,latin,data/jk/2016/Annex A Doda.pdf,24,Annex A Doda.pdf
Jammu & Kashmir,2016,Doda,3. Bhagwah,8. Bijarni Lower-B,VI,Mathmul a,ward,Other than Woman,NONE,0,all_seats,0,0,312,312,Open,latin,data/jk/2016/Annex A Doda.pdf,24,Annex A Doda.pdf
Jammu & Kashmir,2016,Doda,3. Bhagwah,9. Gaddi- A,I,Gadher,ward,Other than Woman,NONE,0,all_seats,0,0,310,310,Open,latin,data/jk/2016/Annex A Doda.pdf,24,Annex A Doda.pdf
Jammu & Kashmir,2016,Doda,3. Bhagwah,9. Gaddi- A,II,Klass,ward,Woman,NONE,1,all_seats,0,0,150,150,Women,latin,data/jk/2016/Annex A Doda.pdf,24,Annex A Doda.pdf
Jammu & Kashmir,2016,Doda,3. Bhagwah,9. Gaddi- A,III,Bagyan,ward,Other than Woman,NONE,0,all_seats,0,0,283,283,Open,latin,data/jk/2016/Annex A Doda.pdf,24,Annex A Doda.pdf
Jammu & Kashmir,2016,Doda,3. Bhagwah,9. Gaddi- A,IV,Zanool,ward,Other than Woman,NONE,0,all_seats,0,0,240,240,Open,latin,data/jk/2016/Annex A Doda.pdf,24,Annex A Doda.pdf
Jammu & Kashmir,2016,Doda,3. Bhagwah,9. Gaddi- A,V,Sanool,ward,Woman,NONE,1,all_seats,14,0,247,261,Women,latin,data/jk/2016/Annex A Doda.pdf,24,Annex A Doda.pdf
Jammu & Kashmir,2016,Doda,3. Bhagwah,9. Gaddi- A,VI,Gayool,ward,Other than Woman,NONE,0,all_seats,0,36,153,189,Open,latin,data/jk/2016/Annex A Doda.pdf,24,Annex A Doda.pdf
Jammu & Kashmir,2016,Doda,3. Bhagwah,10. Gaddi-B,I,Bimna-A,ward,ST Other than Woman,ST,0,all_seats,0,136,57,193,ST,latin,data/jk/2016/Annex A Doda.pdf,24,Annex A Doda.pdf
Jammu & Kashmir,2016,Doda,3. Bhagwah,10. Gaddi-B,II,Bimna-B,ward,Woman,NONE,1,all_seats,0,50,158,208,Women,latin,data/jk/2016/Annex A Doda.pdf,25,Annex A Doda.pdf
Jammu & Kashmir,2016,Doda,3. Bhagwah,10. Gaddi-B,III,Dharosh lower,ward,ST Other than Woman,ST,0,all_seats,0,116,85,201,ST,latin,data/jk/2016/Annex A Doda.pdf,25,Annex A Doda.pdf
Jammu & Kashmir,2016,Doda,3. Bhagwah,10. Gaddi-B,IV,Dharosh upper,ward,Other than Woman,NONE,0,all_seats,0,49,170,219,Open,latin,data/jk/2016/Annex A Doda.pdf,25,Annex A Doda.pdf
Jammu & Kashmir,2016,Doda,3. Bhagwah,10. Gaddi-B,V,Chakder,ward,Woman,NONE,1,all_seats,0,0,236,236,Women,latin,data/jk/2016/Annex A Doda.pdf,25,Annex A Doda.pdf
Jammu & Kashmir,2016,Doda,3. Bhagwah,10. Gaddi-B,VI,Behna,ward,Other than Woman,NONE,0,all_seats,0,0,256,256,Open,latin,data/jk/2016/Annex A Doda.pdf,25,Annex A Doda.pdf
Jammu & Kashmir,2016,Doda,3. Bhagwah,11. Gai Dessa-A,I,Mangal Thatha-A,ward,Other than Woman,NONE,0,all_seats,0,0,159,159,Open,latin,data/jk/2016/Annex A Doda.pdf,25,Annex A Doda.pdf
Jammu & Kashmir,2016,Doda,3. Bhagwah,11. Gai Dessa-A,II,Anshal,ward,Woman,NONE,1,all_seats,0,0,171,171,Women,latin,data/jk/2016/Annex A Doda.pdf,25,Annex A Doda.pdf
Jammu & Kashmir,2016,Doda,3. Bhagwah,11. Gai Dessa-A,III,Sikal Baggi,ward,Other than Woman,NONE,0,all_seats,0,0,347,347,Open,latin,data/jk/2016/Annex A Doda.pdf,25,Annex A Doda.pdf
Jammu & Kashmir,2016,Doda,3. Bhagwah,11. Gai Dessa-A,IV,Gai-A,ward,Other than Woman,NONE,0,all_seats,57,0,330,387,Open,latin,data/jk/2016/Annex A Doda.pdf,25,Annex A Doda.pdf
Jammu & Kashmir,2016,Doda,3. Bhagwah,11. Gai Dessa-A,V,Gai-B,ward,Woman,NONE,1,all_seats,0,0,254,254,Women,latin,data/jk/2016/Annex A Doda.pdf,25,Annex A Doda.pdf
Jammu & Kashmir,2016,Doda,3. Bhagwah,11. Gai Dessa-A,VI,Brahamd har,ward,Other than Woman,NONE,0,all_seats,0,60,178,238,Open,latin,data/jk/2016/Annex A Doda.pdf,25,Annex A Doda.pdf
Jammu & Kashmir,2016,Doda,3. Bhagwah,12. Gai Dessa-B,I,Gorkhan,ward,Other than Woman,NONE,0,all_seats,0,0,350,350,Open,latin,data/jk/2016/Annex A Doda.pdf,25,Annex A Doda.pdf
Jammu & Kashmir,2016,Doda,3. Bhagwah,12. Gai Dessa-B,II,Chanderb hattan,ward,Woman,NONE,1,all_seats,0,0,200,200,Women,latin,data/jk/2016/Annex A Doda.pdf,26,Annex A Doda.pdf
Jammu & Kashmir,2016,Doda,3. Bhagwah,12. Gai Dessa-B,III,Indran,ward,Other than Woman,NONE,0,all_seats,0,0,210,210,Open,latin,data/jk/2016/Annex A Doda.pdf,26,Annex A Doda.pdf
Jammu & Kashmir,2016,Doda,3. Bhagwah,12. Gai Dessa-B,IV,Bhatta,ward,Other than Woman,NONE,0,all_seats,0,0,450,450,Open,latin,data/jk/2016/Annex A Doda.pdf,26,Annex A Doda.pdf
Jammu & Kashmir,2016,Doda,3. Bhagwah,12. Gai Dessa-B,V,Hajipor Kawkhill a,ward,Woman,NONE,1,all_seats,0,0,310,310,Women,latin,data/jk/2016/Annex A Doda.pdf,26,Annex A Doda.pdf
Jammu & Kashmir,2016,Doda,3. Bhagwah,12. Gai Dessa-B,VI,Kralan,ward,Other than Woman,NONE,0,all_seats,0,0,186,186,Open,latin,data/jk/2016/Annex A Doda.pdf,26,Annex A Doda.pdf
Jammu & Kashmir,2016,Doda,3. Bhagwah,13. Gai Dessa-C,I,Nagnihal,ward,Other than Woman,NONE,0,all_seats,0,0,300,300,Open,latin,data/jk/2016/Annex A Doda.pdf,26,Annex A Doda.pdf
Jammu & Kashmir,2016,Doda,3. Bhagwah,13. Gai Dessa-C,II,Nagri,ward,Woman,NONE,1,all_seats,0,0,330,330,Women,latin,data/jk/2016/Annex A Doda.pdf,26,Annex A Doda.pdf
Jammu & Kashmir,2016,Doda,3. Bhagwah,13. Gai Dessa-C,III,Treman,ward,Other than Woman,NONE,0,all_seats,0,0,310,310,Open,latin,data/jk/2016/Annex A Doda.pdf,26,Annex A Doda.pdf
Jammu & Kashmir,2016,Doda,3. Bhagwah,13. Gai Dessa-C,IV,Gadal,ward,Other than Woman,NONE,0,all_seats,0,0,290,290,Open,latin,data/jk/2016/Annex A Doda.pdf,26,Annex A Doda.pdf
Jammu & Kashmir,2016,Doda,3. Bhagwah,13. Gai Dessa-C,V,Khoti,ward,Woman,NONE,1,all_seats,0,0,229,229,Women,latin,data/jk/2016/Annex A Doda.pdf,26,Annex A Doda.pdf
Jammu & Kashmir,2016,Doda,3. Bhagwah,13. Gai Dessa-C,VI,Mushal,ward,Other than Woman,NONE,0,all_seats,0,21,158,179,Open,latin,data/jk/2016/Annex A Doda.pdf,26,Annex A Doda.pdf
Jammu & Kashmir,2016,Doda,3. Bhagwah,14. Ganika,I,Grahtal,ward,Other than Woman,NONE,0,all_seats,0,0,325,325,Open,latin,data/jk/2016/Annex A Doda.pdf,27,Annex A Doda.pdf
Jammu & Kashmir,2016,Doda,3. Bhagwah,14. Ganika,II,Ganika,ward,Woman,NONE,1,all_seats,125,0,387,512,Women,latin,data/jk/2016/Annex A Doda.pdf,27,Annex A Doda.pdf
Jammu & Kashmir,2016,Doda,3. Bhagwah,14. Ganika,III,Narri,ward,Other than Woman,NONE,0,all_seats,0,0,209,209,Open,latin,data/jk/2016/Annex A Doda.pdf,27,Annex A Doda.pdf
Jammu & Kashmir,2016,Doda,3. Bhagwah,14. Ganika,IV,Langote,ward,Other than Woman,NONE,0,all_seats,13,90,302,405,Open,latin,data/jk/2016/Annex A Doda.pdf,27,Annex A Doda.pdf
Jammu & Kashmir,2016,Doda,3. Bhagwah,14. Ganika,V,Shilote,ward,Woman,NONE,1,all_seats,10,0,336,346,Women,latin,data/jk/2016/Annex A Doda.pdf,27,Annex A Doda.pdf
Jammu & Kashmir,2016,Doda,3. Bhagwah,14. Ganika,VI,Brhoon,ward,Other than Woman,NONE,0,all_seats,0,17,320,337,Open,latin,data/jk/2016/Annex A Doda.pdf,27,Annex A Doda.pdf
Jammu & Kashmir,2016,Doda,3. Bhagwah,15. Mallan-A,I,Dugg,ward,Other than Woman,NONE,0,all_seats,0,0,269,269,Open,latin,data/jk/2016/Annex A Doda.pdf,27,Annex A Doda.pdf
Jammu & Kashmir,2016,Doda,3. Bhagwah,15. Mallan-A,II,Chakan,ward,Woman,NONE,1,all_seats,0,0,230,230,Women,latin,data/jk/2016/Annex A Doda.pdf,27,Annex A Doda.pdf
Jammu & Kashmir,2016,Doda,3. Bhagwah,15. Mallan-A,III,Khandya n,ward,Other than Woman,NONE,0,all_seats,0,0,237,237,Open,latin,data/jk/2016/Annex A Doda.pdf,27,Annex A Doda.pdf
Jammu & Kashmir,2016,Doda,3. Bhagwah,15. Mallan-A,IV,Ranibhat,ward,Other than Woman,NONE,0,all_seats,0,0,250,250,Open,latin,data/jk/2016/Annex A Doda.pdf,27,Annex A Doda.pdf
Jammu & Kashmir,2016,Doda,3. Bhagwah,15. Mallan-A,V,Zartund,ward,Woman,NONE,1,all_seats,0,0,462,462,Women,latin,data/jk/2016/Annex A Doda.pdf,27,Annex A Doda.pdf
Jammu & Kashmir,2016,Doda,3. Bhagwah,15. Mallan-A,VI,Gramari,ward,Other than Woman,NONE,0,all_seats,0,0,390,390,Open,latin,data/jk/2016/Annex A Doda.pdf,27,Annex A Doda.pdf
Jammu & Kashmir,2016,Doda,3. Bhagwah,16. Mallan-B,I,Chaka,ward,Other than Woman,NONE,0,all_seats,0,0,417,417,Open,latin,data/jk/2016/Annex A Doda.pdf,28,Annex A Doda.pdf
Jammu & Kashmir,2016,Doda,3. Bhagwah,16. Mallan-B,II,Khorbha g,ward,Woman,NONE,1,all_seats,0,0,416,416,Women,latin,data/jk/2016/Annex A Doda.pdf,28,Annex A Doda.pdf
Jammu & Kashmir,2016,Doda,3. Bhagwah,16. Mallan-B,III,Kamanba t,ward,Other than Woman,NONE,0,all_seats,60,0,380,440,Open,latin,data/jk/2016/Annex A Doda.pdf,28,Annex A Doda.pdf
Jammu & Kashmir,2016,Doda,3. Bhagwah,16. Mallan-B,IV,Kota,ward,Other than Woman,NONE,0,all_seats,0,0,280,280,Open,latin,data/jk/2016/Annex A Doda.pdf,28,Annex A Doda.pdf
Jammu & Kashmir,2016,Doda,3. Bhagwah,16. Mallan-B,V,Kunda-A,ward,ST Woman,ST,1,all_seats,0,225,0,225,ST Women,latin,data/jk/2016/Annex A Doda.pdf,28,Annex A Doda.pdf
Jammu & Kashmir,2016,Doda,3. Bhagwah,16. Mallan-B,VI,Kunda-B,ward,Other than Woman,NONE,0,all_seats,0,212,0,212,Open,latin,data/jk/2016/Annex A Doda.pdf,28,Annex A Doda.pdf
Jammu & Kashmir,2016,Doda,3. Bhagwah,17. Manjmi,I,Panzan- A,ward,Other than Woman,NONE,0,all_seats,0,0,180,180,Open,latin,data/jk/2016/Annex A Doda.pdf,28,Annex A Doda.pdf
Jammu & Kashmir,2016,Doda,3. Bhagwah,17. Manjmi,II,Panzan-B,ward,Woman,NONE,1,all_seats,0,0,206,206,Women,latin,data/jk/2016/Annex A Doda.pdf,28,Annex A Doda.pdf
Jammu & Kashmir,2016,Doda,3. Bhagwah,17. Manjmi,III,Dewal kund,ward,Other than Woman,NONE,0,all_seats,0,0,225,225,Open,latin,data/jk/2016/Annex A Doda.pdf,28,Annex A Doda.pdf
Jammu & Kashmir,2016,Doda,3. Bhagwah,17. Manjmi,IV,Manjmi- A,ward,Other than Woman,NONE,0,all_seats,0,91,263,354,Open,latin,data/jk/2016/Annex A Doda.pdf,28,Annex A Doda.pdf
Jammu & Kashmir,2016,Doda,3. Bhagwah,17. Manjmi,V,Manjmi- B,ward,Woman,NONE,1,all_seats,0,0,298,298,Women,latin,data/jk/2016/Annex A Doda.pdf,28,Annex A Doda.pdf
Jammu & Kashmir,2016,Doda,3. Bhagwah,17. Manjmi,VI,Manjmi- C,ward,ST Other than Woman,ST,0,all_seats,0,400,164,564,ST,latin,data/jk/2016/Annex A Doda.pdf,28,Annex A Doda.pdf
Jammu & Kashmir,2016,Doda,3. Bhagwah,17. Manjmi,VII,Manjmi- D,ward,ST Other than Woman,ST,0,all_seats,0,146,39,185,ST,latin,data/jk/2016/Annex A Doda.pdf,28,Annex A Doda.pdf
Jammu & Kashmir,2016,Doda,3. Bhagwah,17. Manjmi,VIII,Manjmi- E,ward,Other than Woman,NONE,0,all_seats,0,0,186,186,Open,latin,data/jk/2016/Annex A Doda.pdf,28,Annex A Doda.pdf
Jammu & Kashmir,2016,Doda,3. Bhagwah,18. Malwas,I,Malwas- A,ward,Other than Woman,NONE,0,all_seats,0,40,74,114,Open,latin,data/jk/2016/Annex A Doda.pdf,29,Annex A Doda.pdf
Jammu & Kashmir,2016,Doda,3. Bhagwah,18. Malwas,II,Malwas- B,ward,Woman,NONE,1,all_seats,0,64,130,194,Women,latin,data/jk/2016/Annex A Doda.pdf,29,Annex A Doda.pdf
Jammu & Kashmir,2016,Doda,3. Bhagwah,18. Malwas,III,Gawari,ward,Other than Woman,NONE,0,all_seats,0,0,145,145,Open,latin,data/jk/2016/Annex A Doda.pdf,29,Annex A Doda.pdf
Jammu & Kashmir,2016,Doda,3. Bhagwah,18. Malwas,IV,Mothly,ward,Other than Woman,NONE,0,all_seats,0,0,154,154,Open,latin,data/jk/2016/Annex A Doda.pdf,29,Annex A Doda.pdf
Jammu & Kashmir,2016,Doda,3. Bhagwah,18. Malwas,V,Golibag,ward,Woman,NONE,1,all_seats,0,0,136,136,Women,latin,data/jk/2016/Annex A Doda.pdf,29,Annex A Doda.pdf
Jammu & Kashmir,2016,Doda,3. Bhagwah,18. Malwas,VI,Sham Dhak,ward,Other than Woman,NONE,0,all_seats,0,0,161,161,Open,latin,data/jk/2016/Annex A Doda.pdf,29,Annex A Doda.pdf
Jammu & Kashmir,2016,Doda,4. Bhalla,1 Berru,I,Berru-A,ward,Other than Woman,NONE,0,all_seats,0,0,234,234,Open,latin,data/jk/2016/Annex A Doda.pdf,29,Annex A Doda.pdf
Jammu & Kashmir,2016,Doda,4. Bhalla,1 Berru,II,Berru-B,ward,Woman,NONE,1,all_seats,0,0,330,330,Women,latin,data/jk/2016/Annex A Doda.pdf,29,Annex A Doda.pdf
Jammu & Kashmir,2016,Doda,4. Bhalla,1 Berru,III,Berru-C,ward,Other than Woman,NONE,0,all_seats,14,14,263,291,Open,latin,data/jk/2016/Annex A Doda.pdf,29,Annex A Doda.pdf
Jammu & Kashmir,2016,Doda,4. Bhalla,1 Berru,IV,Berru-D,ward,Other than Woman,NONE,0,all_seats,0,0,222,222,Open,latin,data/jk/2016/Annex A Doda.pdf,29,Annex A Doda.pdf
Jammu & Kashmir,2016,Doda,4. Bhalla,1 Berru,V,Kahila,ward,Woman,NONE,1,all_seats,0,0,240,240,Women,latin,data/jk/2016/Annex A Doda.pdf,29,Annex A Doda.pdf
Jammu & Kashmir,2016,Doda,4. Bhalla,1 Berru,VI,Dabra,ward,Other than Woman,NONE,0,all_seats,0,2,202,204,Open,latin,data/jk/2016/Annex A Doda.pdf,29,Annex A Doda.pdf
Jammu & Kashmir,2016,Doda,4. Bhalla,2. Choundri,I,Choundri,ward,Other than Woman,NONE,0,all_seats,0,0,79,79,Open,latin,data/jk/2016/Annex A Doda.pdf,29,Annex A Doda.pdf
Jammu & Kashmir,2016,Doda,4. Bhalla,2. Choundri,II,Kandosu,ward,Woman,NONE,1,all_seats,0,0,517,517,Women,latin,data/jk/2016/Annex A Doda.pdf,29,Annex A Doda.pdf
Jammu & Kashmir,2016,Doda,4. Bhalla,2. Choundri,III,Brasoo,ward,Other than Woman,NONE,0,all_seats,25,0,231,256,Open,latin,data/jk/2016/Annex A Doda.pdf,29,Annex A Doda.pdf
Jammu & Kashmir,2016,Doda,4. Bhalla,2. Choundri,IV,Jaginda,ward,Other than Woman,NONE,0,all_seats,40,0,296,336,Open,latin,data/jk/2016/Annex A Doda.pdf,29,Annex A Doda.pdf
Jammu & Kashmir,2016,Doda,4. Bhalla,2. Choundri,V,Brahmpu ri,ward,Woman,NONE,1,all_seats,0,0,295,295,Women,latin,data/jk/2016/Annex A Doda.pdf,29,Annex A Doda.pdf
Jammu & Kashmir,2016,Doda,4. Bhalla,2. Choundri,VI,Tandora,ward,Other than Woman,NONE,0,all_seats,0,0,69,69,Open,latin,data/jk/2016/Annex A Doda.pdf,29,Annex A Doda.pdf
Jammu & Kashmir,2016,Doda,4. Bhalla,3. Derka,I,Derka,ward,Other than Woman,NONE,0,all_seats,7,26,418,451,Open,latin,data/jk/2016/Annex A Doda.pdf,30,Annex A Doda.pdf
Jammu & Kashmir,2016,Doda,4. Bhalla,3. Derka,II,Dugha,ward,Woman,NONE,1,all_seats,0,0,243,243,Women,latin,data/jk/2016/Annex A Doda.pdf,30,Annex A Doda.pdf
Jammu & Kashmir,2016,Doda,4. Bhalla,3. Derka,III,Bathi-A,ward,SC Other than Woman,SC,0,all_seats,265,203,20,488,SC,latin,data/jk/2016/Annex A Doda.pdf,30,Annex A Doda.pdf
Jammu & Kashmir,2016,Doda,4. Bhalla,3. Derka,IV,Bathi-B,ward,ST Other than Woman,ST,0,all_seats,0,111,0,111,ST,latin,data/jk/2016/Annex A Doda.pdf,30,Annex A Doda.pdf
Jammu & Kashmir,2016,Doda,4. Bhalla,3. Derka,V,Bhalla-A,ward,Woman,NONE,1,all_seats,0,0,387,387,Women,latin,data/jk/2016/Annex A Doda.pdf,30,Annex A Doda.pdf
Jammu & Kashmir,2016,Doda,4. Bhalla,3. Derka,VI,Bhalla-B,ward,Other than Woman,NONE,0,all_seats,0,27,357,384,Open,latin,data/jk/2016/Annex A Doda.pdf,30,Annex A Doda.pdf
Jammu & Kashmir,2016,Doda,4. Bhalla,4. Dugli,I,Dugli-A,ward,Other than Woman,NONE,0,all_seats,0,0,491,491,Open,latin,data/jk/2016/Annex A Doda.pdf,30,Annex A Doda.pdf
Jammu & Kashmir,2016,Doda,4. Bhalla,4. Dugli,II,Dugli-B,ward,Woman,NONE,1,all_seats,56,0,410,466,Women,latin,data/jk/2016/Annex A Doda.pdf,30,Annex A Doda.pdf
Jammu & Kashmir,2016,Doda,4. Bhalla,4. Dugli,III,Dugli-C,ward,Other than Woman,NONE,0,all_seats,0,0,340,340,Open,latin,data/jk/2016/Annex A Doda.pdf,30,Annex A Doda.pdf
Jammu & Kashmir,2016,Doda,4. Bhalla,4. Dugli,IV,Drafra-A,ward,Other than Woman,NONE,0,all_seats,0,0,270,270,Open,latin,data/jk/2016/Annex A Doda.pdf,30,Annex A Doda.pdf
Jammu & Kashmir,2016,Doda,4. Bhalla,4. Dugli,V,Drafra-B,ward,Woman,NONE,1,all_seats,0,0,340,340,Women,latin,data/jk/2016/Annex A Doda.pdf,30,Annex A Doda.pdf
Jammu & Kashmir,2016,Doda,4. Bhalla,4. Dugli,VI,Drafra-C,ward,Other than Woman,NONE,0,all_seats,103,0,274,377,Open,latin,data/jk/2016/Annex A Doda.pdf,30,Annex A Doda.pdf
Jammu & Kashmir,2016,Doda,4. Bhalla,4. Dugli,VII,Chilly,ward,Other than Woman,NONE,0,all_seats,116,0,277,393,Open,latin,data/jk/2016/Annex A Doda.pdf,30,Annex A Doda.pdf
Jammu & Kashmir,2016,Doda,4. Bhalla,4. Dugli,VIII,Danda,ward,Woman,NONE,1,all_seats,76,0,309,385,Women,latin,data/jk/2016/Annex A Doda.pdf,30,Annex A Doda.pdf
Jammu & Kashmir,2016,Doda,4. Bhalla,5. Gajoth,I,Gajoth,ward,Other than Woman,NONE,0,all_seats,50,0,360,410,Open,latin,data/jk/2016/Annex A Doda.pdf,30,Annex A Doda.pdf
Jammu & Kashmir,2016,Doda,4. Bhalla,5. Gajoth,II,Khorwa- A,ward,Woman,NONE,1,all_seats,50,0,110,160,Women,latin,data/jk/2016/Annex A Doda.pdf,30,Annex A Doda.pdf
Jammu & Kashmir,2016,Doda,4. Bhalla,5. Gajoth,III,Khorwa- B,ward,Other than Woman,NONE,0,all_seats,90,0,230,320,Open,latin,data/jk/2016/Annex A Doda.pdf,30,Annex A Doda.pdf
Jammu & Kashmir,2016,Doda,4. Bhalla,5. Gajoth,IV,Baya,ward,Other than Woman,NONE,0,all_seats,79,0,221,300,Open,latin,data/jk/2016/Annex A Doda.pdf,31,Annex A Doda.pdf
Jammu & Kashmir,2016,Doda,4. Bhalla,5. Gajoth,V,Chanti,ward,SC Woman,SC,1,all_seats,480,0,71,551,SC Women,latin,data/jk/2016/Annex A Doda.pdf,31,Annex A Doda.pdf
Jammu & Kashmir,2016,Doda,4. Bhalla,5. Gajoth,VI,Bharwah,ward,Other than Woman,NONE,0,all_seats,40,0,210,250,Open,latin,data/jk/2016/Annex A Doda.pdf,31,Annex A Doda.pdf
Jammu & Kashmir,2016,Doda,4. Bhalla,6. Guraka,I,Guraka- A,ward,Other than Woman,NONE,0,all_seats,80,0,270,350,Open,latin,data/jk/2016/Annex A Doda.pdf,31,Annex A Doda.pdf
Jammu & Kashmir,2016,Doda,4. Bhalla,6. Guraka,II,Guraka- B,ward,Woman,NONE,1,all_seats,80,0,255,335,Women,latin,data/jk/2016/Annex A Doda.pdf,31,Annex A Doda.pdf
Jammu & Kashmir,2016,Doda,4. Bhalla,6. Guraka,III,Guraka- C,ward,Other than Woman,NONE,0,all_seats,90,0,278,368,Open,latin,data/jk/2016/Annex A Doda.pdf,31,Annex A Doda.pdf
Jammu & Kashmir,2016,Doda,4. Bhalla,6. Guraka,IV,Cheka-A,ward,Other than Woman,NONE,0,all_seats,65,0,225,290,Open,latin,data/jk/2016/Annex A Doda.pdf,31,Annex A Doda.pdf
Jammu & Kashmir,2016,Doda,4. Bhalla,6. Guraka,V,Cheka-B,ward,Woman,NONE,1,all_seats,75,20,225,320,Women,latin,data/jk/2016/Annex A Doda.pdf,31,Annex A Doda.pdf
Jammu & Kashmir,2016,Doda,4. Bhalla,6. Guraka,VI,Cheka-C,ward,Other than Woman,NONE,0,all_seats,42,23,205,270,Open,latin,data/jk/2016/Annex A Doda.pdf,31,Annex A Doda.pdf
Jammu & Kashmir,2016,Doda,4. Bhalla,7. Kari Chattra,I,Kari-A,ward,Other than Woman,NONE,0,all_seats,55,0,230,285,Open,latin,data/jk/2016/Annex A Doda.pdf,31,Annex A Doda.pdf
Jammu & Kashmir,2016,Doda,4. Bhalla,7. Kari Chattra,II,Kari-B,ward,Woman,NONE,1,all_seats,75,0,215,290,Women,latin,data/jk/2016/Annex A Doda.pdf,31,Annex A Doda.pdf
Jammu & Kashmir,2016,Doda,4. Bhalla,7. Kari Chattra,III,Chatra-A,ward,Other than Woman,NONE,0,all_seats,90,0,240,330,Open,latin,data/jk/2016/Annex A Doda.pdf,31,Annex A Doda.pdf
Jammu & Kashmir,2016,Doda,4. Bhalla,7. Kari Chattra,IV,Chatra-B,ward,Other than Woman,NONE,0,all_seats,73,0,215,288,Open,latin,data/jk/2016/Annex A Doda.pdf,31,Annex A Doda.pdf
Jammu & Kashmir,2016,Doda,4. Bhalla,7. Kari Chattra,V,Chatra-C,ward,Woman,NONE,1,all_seats,45,0,87,132,Women,latin,data/jk/2016/Annex A Doda.pdf,31,Annex A Doda.pdf
Jammu & Kashmir,2016,Doda,4. Bhalla,7. Kari Chattra,VI,Seri,ward,Other than Woman,NONE,0,all_seats,136,0,162,298,Open,latin,data/jk/2016/Annex A Doda.pdf,31,Annex A Doda.pdf
Jammu & Kashmir,2016,Doda,4. Bhalla,8. Khellani,I,Khelani- A,ward,Other than Woman,NONE,0,all_seats,0,0,248,248,Open,latin,data/jk/2016/Annex A Doda.pdf,31,Annex A Doda.pdf
Jammu & Kashmir,2016,Doda,4. Bhalla,8. Khellani,II,Khelani- B,ward,Woman,NONE,1,all_seats,26,0,160,186,Women,latin,data/jk/2016/Annex A Doda.pdf,32,Annex A Doda.pdf
Jammu & Kashmir,2016,Doda,4. Bhalla,8. Khellani,III,Khelani- C,ward,Other than Woman,NONE,0,all_seats,120,0,128,248,Open,latin,data/jk/2016/Annex A Doda.pdf,32,Annex A Doda.pdf
Jammu & Kashmir,2016,Doda,4. Bhalla,8. Khellani,IV,Khelani- D,ward,Other than Woman,NONE,0,all_seats,18,0,203,221,Open,latin,data/jk/2016/Annex A Doda.pdf,32,Annex A Doda.pdf
Jammu & Kashmir,2016,Doda,4. Bhalla,8. Khellani,V,Khelani- E,ward,Woman,NONE,1,all_seats,70,14,132,216,Women,latin,data/jk/2016/Annex A Doda.pdf,32,Annex A Doda.pdf
Jammu & Kashmir,2016,Doda,4. Bhalla,8. Khellani,VI,Larote,ward,Other than Woman,NONE,0,all_seats,0,0,194,194,Open,latin,data/jk/2016/Annex A Doda.pdf,32,Annex A Doda.pdf
Jammu & Kashmir,2016,Doda,4. Bhalla,9. Panjgraie n,I,Malothi- A,ward,Other than Woman,NONE,0,all_seats,0,0,287,287,Open,latin,data/jk/2016/Annex A Doda.pdf,32,Annex A Doda.pdf
Jammu & Kashmir,2016,Doda,4. Bhalla,9. Panjgraie n,II,Malothi- B,ward,Woman,NONE,1,all_seats,0,6,284,290,Women,latin,data/jk/2016/Annex A Doda.pdf,32,Annex A Doda.pdf
Jammu & Kashmir,2016,Doda,4. Bhalla,9. Panjgraie n,III,Panjgrain- A,ward,Other than Woman,NONE,0,all_seats,56,8,216,280,Open,latin,data/jk/2016/Annex A Doda.pdf,32,Annex A Doda.pdf
Jammu & Kashmir,2016,Doda,4. Bhalla,9. Panjgraie n,IV,Panjgrain- B,ward,Other than Woman,NONE,0,all_seats,130,6,114,250,Open,latin,data/jk/2016/Annex A Doda.pdf,32,Annex A Doda.pdf
Jammu & Kashmir,2016,Doda,4. Bhalla,9. Panjgraie n,V,Panjgrain- C,ward,Woman,NONE,1,all_seats,114,11,445,570,Women,latin,data/jk/2016/Annex A Doda.pdf,32,Annex A Doda.pdf
Jammu & Kashmir,2016,Doda,4. Bhalla,9. Panjgraie n,VI,Panjgrain- D,ward,Other than Woman,NONE,0,all_seats,74,0,178,252,Open,latin,data/jk/2016/Annex A Doda.pdf,32,Annex A Doda.pdf
Jammu & Kashmir,2016,Doda,4. Bhalla,10. Pranu,I,Pranoo,ward,Other than Woman,NONE,0,all_seats,82,38,300,420,Open,latin,data/jk/2016/Annex A Doda.pdf,32,Annex A Doda.pdf
Jammu & Kashmir,2016,Doda,4. Bhalla,10. Pranu,II,Massri,ward,Woman,NONE,1,all_seats,80,0,120,200,Women,latin,data/jk/2016/Annex A Doda.pdf,32,Annex A Doda.pdf
Jammu & Kashmir,2016,Doda,4. Bhalla,10. Pranu,III,Tantla,ward,Other than Woman,NONE,0,all_seats,40,81,166,287,Open,latin,data/jk/2016/Annex A Doda.pdf,33,Annex A Doda.pdf
Jammu & Kashmir,2016,Doda,4. Bhalla,10. Pranu,IV,Sheikhpo ra,ward,Other than Woman,NONE,0,all_seats,0,0,115,115,Open,latin,data/jk/2016/Annex A Doda.pdf,33,Annex A Doda.pdf
Jammu & Kashmir,2016,Doda,4. Bhalla,10. Pranu,V,Jagrota,ward,SC Woman,SC,1,all_seats,234,8,118,360,SC Women,latin,data/jk/2016/Annex A Doda.pdf,33,Annex A Doda.pdf
Jammu & Kashmir,2016,Doda,4. Bhalla,10. Pranu,VI,Thilru,ward,Other than Woman,NONE,0,all_seats,60,0,399,459,Open,latin,data/jk/2016/Annex A Doda.pdf,33,Annex A Doda.pdf
Jammu & Kashmir,2016,Doda,4. Bhalla,11. Reware,I,Reware,ward,SC Other than Woman,SC,0,all_seats,150,7,133,290,SC,latin,data/jk/2016/Annex A Doda.pdf,33,Annex A Doda.pdf
Jammu & Kashmir,2016,Doda,4. Bhalla,11. Reware,II,Bagota,ward,Woman,NONE,1,all_seats,330,0,0,330,Women,latin,data/jk/2016/Annex A Doda.pdf,33,Annex A Doda.pdf
Jammu & Kashmir,2016,Doda,4. Bhalla,11. Reware,III,Kothri,ward,Other than Woman,NONE,0,all_seats,104,7,181,292,Open,latin,data/jk/2016/Annex A Doda.pdf,33,Annex A Doda.pdf
Jammu & Kashmir,2016,Doda,4. Bhalla,11. Reware,IV,Bhuba,ward,Other than Woman,NONE,0,all_seats,127,48,130,305,Open,latin,data/jk/2016/Annex A Doda.pdf,33,Annex A Doda.pdf
Jammu & Kashmir,2016,Doda,4. Bhalla,11. Reware,V,Fangota,ward,SC Woman,SC,1,all_seats,220,0,0,220,SC Women,latin,data/jk/2016/Annex A Doda.pdf,33,Annex A Doda.pdf
Jammu & Kashmir,2016,Doda,4. Bhalla,11. Reware,VI,Naidangr i,ward,SC Other than Woman,SC,0,all_seats,209,0,79,288,SC,latin,data/jk/2016/Annex A Doda.pdf,33,Annex A Doda.pdf
Jammu & Kashmir,2016,Doda,4. Bhalla,12. Shangroo,I,Shangroo- A,ward,Other than Woman,NONE,0,all_seats,30,14,335,379,Open,latin,data/jk/2016/Annex A Doda.pdf,33,Annex A Doda.pdf
Jammu & Kashmir,2016,Doda,4. Bhalla,12. Shangroo,II,Shangroo- B,ward,SC Woman,SC,1,all_seats,201,80,102,383,SC Women,latin,data/jk/2016/Annex A Doda.pdf,34,Annex A Doda.pdf
Jammu & Kashmir,2016,Doda,4. Bhalla,12. Shangroo,III,Banjoli,ward,Other than Woman,NONE,0,all_seats,48,61,450,559,Open,latin,data/jk/2016/Annex A Doda.pdf,34,Annex A Doda.pdf
Jammu & Kashmir,2016,Doda,4. Bhalla,12. Shangroo,IV,Kumrari,ward,Other than Woman,NONE,0,all_seats,119,13,223,355,Open,latin,data/jk/2016/Annex A Doda.pdf,34,Annex A Doda.pdf
Jammu & Kashmir,2016,Doda,4. Bhalla,12. Shangroo,V,Kotla,ward,Woman,NONE,1,all_seats,0,8,356,364,Women,latin,data/jk/2016/Annex A Doda.pdf,34,Annex A Doda.pdf
Jammu & Kashmir,2016,Doda,4. Bhalla,12. Shangroo,VI,Droundi,ward,Other than Woman,NONE,0,all_seats,0,16,386,402,Open,latin,data/jk/2016/Annex A Doda.pdf,34,Annex A Doda.pdf
Jammu & Kashmir,2016,Doda,4. Bhalla,13. Sindra,I,Kuthyara,ward,Other than Woman,NONE,0,all_seats,66,0,354,420,Open,latin,data/jk/2016/Annex A Doda.pdf,34,Annex A Doda.pdf
Jammu & Kashmir,2016,Doda,4. Bhalla,13. Sindra,II,Chakrabh ati-A,ward,Woman,NONE,1,all_seats,22,0,270,292,Women,latin,data/jk/2016/Annex A Doda.pdf,34,Annex A Doda.pdf
Jammu & Kashmir,2016,Doda,4. Bhalla,13. Sindra,III,Chakrabh ati-B,ward,Other than Woman,NONE,0,all_seats,22,0,229,251,Open,latin,data/jk/2016/Annex A Doda.pdf,34,Annex A Doda.pdf
Jammu & Kashmir,2016,Doda,4. Bhalla,13. Sindra,IV,Sindra-A,ward,SC Other than Woman,SC,0,all_seats,198,0,29,227,SC,latin,data/jk/2016/Annex A Doda.pdf,34,Annex A Doda.pdf
Jammu & Kashmir,2016,Doda,4. Bhalla,13. Sindra,V,Sindra-B,ward,SC Woman,SC,1,all_seats,188,0,9,197,SC Women,latin,data/jk/2016/Annex A Doda.pdf,34,Annex A Doda.pdf
Jammu & Kashmir,2016,Doda,4. Bhalla,13. Sindra,VI,Jhota/Kh ula,ward,SC Other than Woman,SC,0,all_seats,192,0,19,211,SC,latin,data/jk/2016/Annex A Doda.pdf,34,Annex A Doda.pdf
Jammu & Kashmir,2016,Doda,4. Bhalla,14. Soura,I,Tansana,ward,Other than Woman,NONE,0,all_seats,180,0,209,389,Open,latin,data/jk/2016/Annex A Doda.pdf,34,Annex A Doda.pdf
Jammu & Kashmir,2016,Doda,4. Bhalla,14. Soura,II,Mandala,ward,Woman,NONE,1,all_seats,12,0,160,172,Women,latin,data/jk/2016/Annex A Doda.pdf,34,Annex A Doda.pdf
Jammu & Kashmir,2016,Doda,4. Bhalla,14. Soura,III,Sohra,ward,Other than Woman,NONE,0,all_seats,0,0,357,357,Open,latin,data/jk/2016/Annex A Doda.pdf,34,Annex A Doda.pdf
Jammu & Kashmir,2016,Doda,4. Bhalla,14. Soura,IV,Kungla,ward,Other than Woman,NONE,0,all_seats,0,0,171,171,Open,latin,data/jk/2016/Annex A Doda.pdf,34,Annex A Doda.pdf
Jammu & Kashmir,2016,Doda,4. Bhalla,14. Soura,V,Dharsoo Chabri,ward,Woman,NONE,1,all_seats,39,0,96,135,Women,latin,data/jk/2016/Annex A Doda.pdf,34,Annex A Doda.pdf
Jammu & Kashmir,2016,Doda,4. Bhalla,14. Soura,VI,Dandi,ward,Other than Woman,NONE,0,all_seats,0,0,151,151,Open,latin,data/jk/2016/Annex A Doda.pdf,34,Annex A Doda.pdf
Jammu & Kashmir,2016,Doda,4. Bhalla,15. Southa,I,Southa-A,ward,Other than Woman,NONE,0,all_seats,0,0,115,115,Open,latin,data/jk/2016/Annex A Doda.pdf,35,Annex A Doda.pdf
Jammu & Kashmir,2016,Doda,4. Bhalla,15. Southa,II,Southa-B,ward,Woman,NONE,1,all_seats,0,0,152,152,Women,latin,data/jk/2016/Annex A Doda.pdf,35,Annex A Doda.pdf
Jammu & Kashmir,2016,Doda,4. Bhalla,15. Southa,III,Bhatoli,ward,SC Other than Woman,SC,0,all_seats,102,0,34,136,SC,latin,data/jk/2016/Annex A Doda.pdf,35,Annex A Doda.pdf
Jammu & Kashmir,2016,Doda,4. Bhalla,15. Southa,IV,Bharra-A,ward,Other than Woman,NONE,0,all_seats,29,0,150,179,Open,latin,data/jk/2016/Annex A Doda.pdf,35,Annex A Doda.pdf
Jammu & Kashmir,2016,Doda,4. Bhalla,15. Southa,V,Bharra-B,ward,Woman,NONE,1,all_seats,10,0,140,150,Women,latin,data/jk/2016/Annex A Doda.pdf,35,Annex A Doda.pdf
Jammu & Kashmir,2016,Doda,4. Bhalla,15. Southa,VI,Bharra-C,ward,Other than Woman,NONE,0,all_seats,0,0,176,176,Open,latin,data/jk/2016/Annex A Doda.pdf,35,Annex A Doda.pdf
Jammu & Kashmir,2016,Doda,4. Bhalla,16. Trown,I,Trown-A,ward,Other than Woman,NONE,0,all_seats,52,0,428,480,Open,latin,data/jk/2016/Annex A Doda.pdf,35,Annex A Doda.pdf
Jammu & Kashmir,2016,Doda,4. Bhalla,16. Trown,II,Trown-B,ward,Woman,NONE,1,all_seats,0,42,309,351,Women,latin,data/jk/2016/Annex A Doda.pdf,35,Annex A Doda.pdf
Jammu & Kashmir,2016,Doda,4. Bhalla,16. Trown,III,Surandha,ward,Other than Woman,NONE,0,all_seats,0,0,256,256,Open,latin,data/jk/2016/Annex A Doda.pdf,35,Annex A Doda.pdf
Jammu & Kashmir,2016,Doda,4. Bhalla,16. Trown,IV,Altoo,ward,Other than Woman,NONE,0,all_seats,0,0,165,165,Open,latin,data/jk/2016/Annex A Doda.pdf,35,Annex A Doda.pdf
Jammu & Kashmir,2016,Doda,4. Bhalla,16. Trown,V,Bhatri,ward,SC Woman,SC,1,all_seats,89,0,66,155,SC Women,latin,data/jk/2016/Annex A Doda.pdf,35,Annex A Doda.pdf
Jammu & Kashmir,2016,Doda,4. Bhalla,16. Trown,VI,Ibrakh,ward,Other than Woman,NONE,0,all_seats,0,0,338,338,Open,latin,data/jk/2016/Annex A Doda.pdf,35,Annex A Doda.pdf
Jammu & Kashmir,2016,Doda,5. Bhallessa,1. Batara,I,Batara,ward,Other than Woman,NONE,0,all_seats,78,4,194,276,Open,latin,data/jk/2016/Annex A Doda.pdf,35,Annex A Doda.pdf
Jammu & Kashmir,2016,Doda,5. Bhallessa,1. Batara,II,Shukra Dharmoti,ward,SC Woman,SC,1,all_seats,131,0,109,240,SC Women,latin,data/jk/2016/Annex A Doda.pdf,35,Annex A Doda.pdf
Jammu & Kashmir,2016,Doda,5. Bhallessa,1. Batara,III,Ied-Gah Moh. Kakoo,ward,Other than Woman,NONE,0,all_seats,0,0,227,227,Open,latin,data/jk/2016/Annex A Doda.pdf,35,Annex A Doda.pdf
Jammu & Kashmir,2016,Doda,5. Bhallessa,1. Batara,IV,Yarwon,ward,Other than Woman,NONE,0,all_seats,0,0,213,213,Open,latin,data/jk/2016/Annex A Doda.pdf,36,Annex A Doda.pdf
Jammu & Kashmir,2016,Doda,5. Bhallessa,1. Batara,V,Kakoo-A,ward,Woman,NONE,1,all_seats,0,0,172,172,Women,latin,data/jk/2016/Annex A Doda.pdf,36,Annex A Doda.pdf
Jammu & Kashmir,2016,Doda,5. Bhallessa,1. Batara,VI,Kakoo-B,ward,Other than Woman,NONE,0,all_seats,0,0,167,167,Open,latin,data/jk/2016/Annex A Doda.pdf,36,Annex A Doda.pdf
Jammu & Kashmir,2016,Doda,5. Bhallessa,2. Bharghi,I,Bharghi Gowari,ward,SC Other than Woman,SC,0,all_seats,150,10,128,288,SC,latin,data/jk/2016/Annex A Doda.pdf,36,Annex A Doda.pdf
Jammu & Kashmir,2016,Doda,5. Bhallessa,2. Bharghi,II,Sharhari,ward,SC Woman,SC,1,all_seats,180,80,40,300,SC Women,latin,data/jk/2016/Annex A Doda.pdf,36,Annex A Doda.pdf
Jammu & Kashmir,2016,Doda,5. Bhallessa,2. Bharghi,III,Halalee Moh.,ward,Other than Woman,NONE,0,all_seats,4,80,220,304,Open,latin,data/jk/2016/Annex A Doda.pdf,36,Annex A Doda.pdf
Jammu & Kashmir,2016,Doda,5. Bhallessa,2. Bharghi,IV,Bharghi- A,ward,Other than Woman,NONE,0,all_seats,6,5,290,301,Open,latin,data/jk/2016/Annex A Doda.pdf,36,Annex A Doda.pdf
Jammu & Kashmir,2016,Doda,5. Bhallessa,2. Bharghi,V,Bharghi- B,ward,Woman,NONE,1,all_seats,40,20,200,260,Women,latin,data/jk/2016/Annex A Doda.pdf,36,Annex A Doda.pdf
Jammu & Kashmir,2016,Doda,5. Bhallessa,2. Bharghi,VI,Bharghi- C,ward,Other than Woman,NONE,0,all_seats,50,30,195,275,Open,latin,data/jk/2016/Annex A Doda.pdf,36,Annex A Doda.pdf
Jammu & Kashmir,2016,Doda,5. Bhallessa,3. Chonwer y,I,Chonwer y,ward,Other than Woman,NONE,0,all_seats,0,46,207,253,Open,latin,data/jk/2016/Annex A Doda.pdf,36,Annex A Doda.pdf
Jammu & Kashmir,2016,Doda,5. Bhallessa,3. Chonwer y,II,Gurekhra,ward,Woman,NONE,1,all_seats,11,0,246,257,Women,latin,data/jk/2016/Annex A Doda.pdf,36,Annex A Doda.pdf
Jammu & Kashmir,2016,Doda,5. Bhallessa,3. Chonwer y,III,Ladu Bala,ward,Other than Woman,NONE,0,all_seats,57,24,234,315,Open,latin,data/jk/2016/Annex A Doda.pdf,36,Annex A Doda.pdf
Jammu & Kashmir,2016,Doda,5. Bhallessa,3. Chonwer y,IV,Ladu Paien,ward,Other than Woman,NONE,0,all_seats,35,6,214,255,Open,latin,data/jk/2016/Annex A Doda.pdf,36,Annex A Doda.pdf
Jammu & Kashmir,2016,Doda,5. Bhallessa,3. Chonwer y,V,Kanser,ward,Woman,NONE,1,all_seats,0,25,188,213,Women,latin,data/jk/2016/Annex A Doda.pdf,36,Annex A Doda.pdf
Jammu & Kashmir,2016,Doda,5. Bhallessa,3. Chonwer y,VI,"Rajpora, Kanser",ward,Other than Woman,NONE,0,all_seats,0,64,242,306,Open,latin,data/jk/2016/Annex A Doda.pdf,36,Annex A Doda.pdf
Jammu & Kashmir,2016,Doda,5. Bhallessa,4. Darie,I,Bejha,ward,SC Other than Woman,SC,0,all_seats,124,0,111,235,SC,latin,data/jk/2016/Annex A Doda.pdf,37,Annex A Doda.pdf
Jammu & Kashmir,2016,Doda,5. Bhallessa,4. Darie,II,SC Basti,ward,SC Woman,SC,1,all_seats,191,0,127,318,SC Women,latin,data/jk/2016/Annex A Doda.pdf,37,Annex A Doda.pdf
Jammu & Kashmir,2016,Doda,5. Bhallessa,4. Darie,III,Gujjer Basti Darie,ward,ST Other than Woman,ST,0,all_seats,63,187,10,260,ST,latin,data/jk/2016/Annex A Doda.pdf,37,Annex A Doda.pdf
Jammu & Kashmir,2016,Doda,5. Bhallessa,4. Darie,IV,Zarger Mohalla,ward,ST Other than Woman,ST,0,all_seats,175,0,110,285,ST,latin,data/jk/2016/Annex A Doda.pdf,37,Annex A Doda.pdf
Jammu & Kashmir,2016,Doda,5. Bhallessa,4. Darie,V,Angnool Bala,ward,Woman,NONE,1,all_seats,0,0,157,157,Women,latin,data/jk/2016/Annex A Doda.pdf,37,Annex A Doda.pdf
Jammu & Kashmir,2016,Doda,5. Bhallessa,4. Darie,VI,Angnool paien,ward,Other than Woman,NONE,0,all_seats,0,0,180,180,Open,latin,data/jk/2016/Annex A Doda.pdf,37,Annex A Doda.pdf
Jammu & Kashmir,2016,Doda,5. Bhallessa,5. Dhadkie- A,I,Tenssa,ward,ST Other than Woman,ST,0,all_seats,0,161,0,161,ST,latin,data/jk/2016/Annex A Doda.pdf,37,Annex A Doda.pdf
Jammu & Kashmir,2016,Doda,5. Bhallessa,5. Dhadkie- A,II,Gowalgo at,ward,ST Woman,ST,1,all_seats,0,165,0,165,ST Women,latin,data/jk/2016/Annex A Doda.pdf,37,Annex A Doda.pdf
Jammu & Kashmir,2016,Doda,5. Bhallessa,5. Dhadkie- A,III,Noor Bagh-A,ward,ST Other than Woman,ST,0,all_seats,0,160,0,160,ST,latin,data/jk/2016/Annex A Doda.pdf,37,Annex A Doda.pdf
Jammu & Kashmir,2016,Doda,5. Bhallessa,5. Dhadkie- A,IV,Noor Bagh-B,ward,ST Other than Woman,ST,0,all_seats,0,110,22,132,ST,latin,data/jk/2016/Annex A Doda.pdf,37,Annex A Doda.pdf
Jammu & Kashmir,2016,Doda,5. Bhallessa,5. Dhadkie- A,V,Chauran,ward,ST Woman,ST,1,all_seats,0,145,0,145,ST Women,latin,data/jk/2016/Annex A Doda.pdf,37,Annex A Doda.pdf
Jammu & Kashmir,2016,Doda,5. Bhallessa,5. Dhadkie- A,VI,Thawa Mokola,ward,ST Other than Woman,ST,0,all_seats,0,127,0,127,ST,latin,data/jk/2016/Annex A Doda.pdf,37,Annex A Doda.pdf
Jammu & Kashmir,2016,Doda,5. Bhallessa,6. Dhadkie- B,I,Shanie,ward,ST Other than Woman,ST,0,all_seats,0,149,0,149,ST,latin,data/jk/2016/Annex A Doda.pdf,37,Annex A Doda.pdf
Jammu & Kashmir,2016,Doda,5. Bhallessa,6. Dhadkie- B,II,Halothi,ward,ST Woman,ST,1,all_seats,0,153,0,153,ST Women,latin,data/jk/2016/Annex A Doda.pdf,37,Annex A Doda.pdf
Jammu & Kashmir,2016,Doda,5. Bhallessa,6. Dhadkie- B,III,Halothi,ward,ST Other than Woman,ST,0,all_seats,0,140,0,140,ST,latin,data/jk/2016/Annex A Doda.pdf,37,Annex A Doda.pdf
Jammu & Kashmir,2016,Doda,5. Bhallessa,6. Dhadkie- B,IV,Kathyara,ward,ST Other than Woman,ST,0,all_seats,0,146,0,146,ST,latin,data/jk/2016/Annex A Doda.pdf,38,Annex A Doda.pdf
Jammu & Kashmir,2016,Doda,5. Bhallessa,6. Dhadkie- B,V,Shallaie- A,ward,ST Woman,ST,1,all_seats,0,145,0,145,ST Women,latin,data/jk/2016/Annex A Doda.pdf,38,Annex A Doda.pdf
Jammu & Kashmir,2016,Doda,5. Bhallessa,6. Dhadkie- B,VI,Shallaie- B,ward,ST Other than Woman,ST,0,all_seats,0,151,0,151,ST,latin,data/jk/2016/Annex A Doda.pdf,38,Annex A Doda.pdf
Jammu & Kashmir,2016,Doda,5. Bhallessa,7. Dherwari- A,I,Dhawari,ward,Other than Woman,NONE,0,all_seats,22,0,197,219,Open,latin,data/jk/2016/Annex A Doda.pdf,38,Annex A Doda.pdf
Jammu & Kashmir,2016,Doda,5. Bhallessa,7. Dherwari- A,II,Laharan,ward,Woman,NONE,1,all_seats,0,0,219,219,Women,latin,data/jk/2016/Annex A Doda.pdf,38,Annex A Doda.pdf
Jammu & Kashmir,2016,Doda,5. Bhallessa,7. Dherwari- A,III,Ghuran,ward,Other than Woman,NONE,0,all_seats,0,0,202,202,Open,latin,data/jk/2016/Annex A Doda.pdf,38,Annex A Doda.pdf
Jammu & Kashmir,2016,Doda,5. Bhallessa,7. Dherwari- A,IV,Dhawari,ward,Other than Woman,NONE,0,all_seats,0,0,196,196,Open,latin,data/jk/2016/Annex A Doda.pdf,38,Annex A Doda.pdf
Jammu & Kashmir,2016,Doda,5. Bhallessa,7. Dherwari- A,V,Dharwan i-A,ward,Woman,NONE,1,all_seats,0,0,236,236,Women,latin,data/jk/2016/Annex A Doda.pdf,38,Annex A Doda.pdf
Jammu & Kashmir,2016,Doda,5. Bhallessa,7. Dherwari- A,VI,Dharwan i-B,ward,Other than Woman,NONE,0,all_seats,0,27,175,202,Open,latin,data/jk/2016/Annex A Doda.pdf,38,Annex A Doda.pdf
Jammu & Kashmir,2016,Doda,5. Bhallessa,8. Dherwari- B,I,Latezar- A,ward,Other than Woman,NONE,0,all_seats,0,0,245,245,Open,latin,data/jk/2016/Annex A Doda.pdf,38,Annex A Doda.pdf
Jammu & Kashmir,2016,Doda,5. Bhallessa,8. Dherwari- B,II,Latezar- B,ward,Woman,NONE,1,all_seats,82,0,132,214,Women,latin,data/jk/2016/Annex A Doda.pdf,38,Annex A Doda.pdf
Jammu & Kashmir,2016,Doda,5. Bhallessa,8. Dherwari- B,III,Shalahala- A,ward,Other than Woman,NONE,0,all_seats,16,0,172,188,Open,latin,data/jk/2016/Annex A Doda.pdf,38,Annex A Doda.pdf
Jammu & Kashmir,2016,Doda,5. Bhallessa,8. Dherwari- B,IV,Shalahala- B,ward,Other than Woman,NONE,0,all_seats,0,0,172,172,Open,latin,data/jk/2016/Annex A Doda.pdf,38,Annex A Doda.pdf
Jammu & Kashmir,2016,Doda,5. Bhallessa,8. Dherwari- B,V,Malser,ward,ST Woman,ST,1,all_seats,40,178,8,226,ST Women,latin,data/jk/2016/Annex A Doda.pdf,38,Annex A Doda.pdf
Jammu & Kashmir,2016,Doda,5. Bhallessa,8. Dherwari- B,VI,Kalothan,ward,ST Other than Woman,ST,0,all_seats,0,173,0,173,ST,latin,data/jk/2016/Annex A Doda.pdf,38,Annex A Doda.pdf
Jammu & Kashmir,2016,Doda,5. Bhallessa,9. Gandoh,I,Bangroo,ward,ST Other than Woman,ST,0,all_seats,12,333,21,366,ST,latin,data/jk/2016/Annex A Doda.pdf,38,Annex A Doda.pdf
Jammu & Kashmir,2016,Doda,5. Bhallessa,9. Gandoh,II,Dhadher,ward,ST Woman,ST,1,all_seats,2,290,3,295,ST Women,latin,data/jk/2016/Annex A Doda.pdf,38,Annex A Doda.pdf
Jammu & Kashmir,2016,Doda,5. Bhallessa,9. Gandoh,III,Gondoh,ward,Other than Woman,NONE,0,all_seats,62,0,257,319,Open,latin,data/jk/2016/Annex A Doda.pdf,38,Annex A Doda.pdf
Jammu & Kashmir,2016,Doda,5. Bhallessa,9. Gandoh,IV,Ghill,ward,Other than Woman,NONE,0,all_seats,9,0,67,76,Open,latin,data/jk/2016/Annex A Doda.pdf,38,Annex A Doda.pdf
Jammu & Kashmir,2016,Doda,5. Bhallessa,9. Gandoh,V,Kunan-A,ward,SC Woman,SC,1,all_seats,135,25,24,184,SC Women,latin,data/jk/2016/Annex A Doda.pdf,39,Annex A Doda.pdf
Jammu & Kashmir,2016,Doda,5. Bhallessa,9. Gandoh,VI,Kunan-B,ward,ST Other than Woman,ST,0,all_seats,0,348,0,348,ST,latin,data/jk/2016/Annex A Doda.pdf,39,Annex A Doda.pdf
Jammu & Kashmir,2016,Doda,5. Bhallessa,10 Kandolu,I,Kandolu- A,ward,Other than Woman,NONE,0,all_seats,0,9,62,71,Open,latin,data/jk/2016/Annex A Doda.pdf,39,Annex A Doda.pdf
Jammu & Kashmir,2016,Doda,5. Bhallessa,10 Kandolu,II,Godam,ward,ST Woman,ST,1,all_seats,42,115,14,171,ST Women,latin,data/jk/2016/Annex A Doda.pdf,39,Annex A Doda.pdf
Jammu & Kashmir,2016,Doda,5. Bhallessa,10 Kandolu,III,Naki,ward,ST Other than Woman,ST,0,all_seats,32,107,0,139,ST,latin,data/jk/2016/Annex A Doda.pdf,39,Annex A Doda.pdf
Jammu & Kashmir,2016,Doda,5. Bhallessa,10 Kandolu,IV,Gowari,ward,ST Other than Woman,ST,0,all_seats,0,135,0,135,ST,latin,data/jk/2016/Annex A Doda.pdf,39,Annex A Doda.pdf
Jammu & Kashmir,2016,Doda,5. Bhallessa,10 Kandolu,V,Kandolu- B,ward,ST Woman,ST,1,all_seats,37,130,30,197,ST Women,latin,data/jk/2016/Annex A Doda.pdf,39,Annex A Doda.pdf
Jammu & Kashmir,2016,Doda,5. Bhallessa,10 Kandolu,VI,Gossove,ward,SC Other than Woman,SC,0,all_seats,101,0,41,142,SC,latin,data/jk/2016/Annex A Doda.pdf,39,Annex A Doda.pdf
Jammu & Kashmir,2016,Doda,5. Bhallessa,11. Kharanga l,I,Kilroo,ward,ST Other than Woman,ST,0,all_seats,0,227,6,233,ST,latin,data/jk/2016/Annex A Doda.pdf,39,Annex A Doda.pdf
Jammu & Kashmir,2016,Doda,5. Bhallessa,11. Kharanga l,II,Magri Moh.,ward,Woman,NONE,1,all_seats,0,0,205,205,Women,latin,data/jk/2016/Annex A Doda.pdf,39,Annex A Doda.pdf
Jammu & Kashmir,2016,Doda,5. Bhallessa,11. Kharanga l,III,Gujjer Basti Kota,ward,ST Other than Woman,ST,0,all_seats,0,280,0,280,ST,latin,data/jk/2016/Annex A Doda.pdf,39,Annex A Doda.pdf
Jammu & Kashmir,2016,Doda,5. Bhallessa,11. Kharanga l,IV,Mongtra Moh.,ward,Other than Woman,NONE,0,all_seats,115,0,185,300,Open,latin,data/jk/2016/Annex A Doda.pdf,39,Annex A Doda.pdf
Jammu & Kashmir,2016,Doda,5. Bhallessa,11. Kharanga l,V,Kharanga l,ward,SC Woman,SC,1,all_seats,240,30,90,360,SC Women,latin,data/jk/2016/Annex A Doda.pdf,39,Annex A Doda.pdf
Jammu & Kashmir,2016,Doda,5. Bhallessa,11. Kharanga l,VI,Dalmera,ward,Other than Woman,NONE,0,all_seats,145,15,181,341,Open,latin,data/jk/2016/Annex A Doda.pdf,39,Annex A Doda.pdf
Jammu & Kashmir,2016,Doda,5. Bhallessa,12. Shengani,I,Shengani- A,ward,ST Other than Woman,ST,0,all_seats,70,173,105,348,ST,latin,data/jk/2016/Annex A Doda.pdf,39,Annex A Doda.pdf
Jammu & Kashmir,2016,Doda,5. Bhallessa,12. Shengani,II,Shengani- B,ward,Woman,NONE,1,all_seats,0,51,131,182,Women,latin,data/jk/2016/Annex A Doda.pdf,39,Annex A Doda.pdf
Jammu & Kashmir,2016,Doda,5. Bhallessa,12. Shengani,III,Juloo-A,ward,ST Other than Woman,ST,0,all_seats,125,150,100,375,ST,latin,data/jk/2016/Annex A Doda.pdf,39,Annex A Doda.pdf
Jammu & Kashmir,2016,Doda,5. Bhallessa,12. Shengani,IV,Juloo-B,ward,Other than Woman,NONE,0,all_seats,65,90,175,330,Open,latin,data/jk/2016/Annex A Doda.pdf,39,Annex A Doda.pdf
Jammu & Kashmir,2016,Doda,5. Bhallessa,12. Shengani,V,Banger,ward,Woman,NONE,1,all_seats,185,55,310,550,Women,latin,data/jk/2016/Annex A Doda.pdf,40,Annex A Doda.pdf
Jammu & Kashmir,2016,Doda,5. Bhallessa,12. Shengani,VI,Gowaloo,ward,Other than Woman,NONE,0,all_seats,20,0,336,356,Open,latin,data/jk/2016/Annex A Doda.pdf,40,Annex A Doda.pdf
Jammu & Kashmir,2016,Doda,5. Bhallessa,13. Sinoo,I,Raila Gujjer Basti,ward,ST Other than Woman,ST,0,all_seats,94,99,24,217,ST,latin,data/jk/2016/Annex A Doda.pdf,40,Annex A Doda.pdf
Jammu & Kashmir,2016,Doda,5. Bhallessa,13. Sinoo,II,Raila,ward,ST Woman,ST,1,all_seats,0,66,58,124,ST Women,latin,data/jk/2016/Annex A Doda.pdf,40,Annex A Doda.pdf
Jammu & Kashmir,2016,Doda,5. Bhallessa,13. Sinoo,III,Sinoo,ward,SC Other than Woman,SC,0,all_seats,162,97,69,328,SC,latin,data/jk/2016/Annex A Doda.pdf,40,Annex A Doda.pdf
Jammu & Kashmir,2016,Doda,5. Bhallessa,13. Sinoo,IV,Dalori,ward,Other than Woman,NONE,0,all_seats,0,26,150,176,Open,latin,data/jk/2016/Annex A Doda.pdf,40,Annex A Doda.pdf
Jammu & Kashmir,2016,Doda,5. Bhallessa,13. Sinoo,V,Dalain,ward,Woman,NONE,1,all_seats,0,0,283,283,Women,latin,data/jk/2016/Annex A Doda.pdf,40,Annex A Doda.pdf
Jammu & Kashmir,2016,Doda,5. Bhallessa,13. Sinoo,VI,Bejher,ward,Other than Woman,NONE,0,all_seats,0,0,228,228,Open,latin,data/jk/2016/Annex A Doda.pdf,40,Annex A Doda.pdf
Jammu & Kashmir,2016,Doda,5. Bhallessa,14. Trithloo,I,Trithloo- A,ward,Other than Woman,NONE,0,all_seats,0,11,159,170,Open,latin,data/jk/2016/Annex A Doda.pdf,40,Annex A Doda.pdf
Jammu & Kashmir,2016,Doda,5. Bhallessa,14. Trithloo,II,Trithloo- B,ward,Woman,NONE,1,all_seats,0,0,180,180,Women,latin,data/jk/2016/Annex A Doda.pdf,40,Annex A Doda.pdf
Jammu & Kashmir,2016,Doda,5. Bhallessa,14. Trithloo,III,New Colony,ward,ST Other than Woman,ST,0,all_seats,0,204,45,249,ST,latin,data/jk/2016/Annex A Doda.pdf,40,Annex A Doda.pdf
Jammu & Kashmir,2016,Doda,5. Bhallessa,14. Trithloo,IV,Trithloo Adda,ward,ST Other than Woman,ST,0,all_seats,0,126,50,176,ST,latin,data/jk/2016/Annex A Doda.pdf,40,Annex A Doda.pdf
Jammu & Kashmir,2016,Doda,5. Bhallessa,14. Trithloo,V,Shoran Bala,ward,ST Woman,ST,1,all_seats,0,159,70,229,ST Women,latin,data/jk/2016/Annex A Doda.pdf,40,Annex A Doda.pdf
Jammu & Kashmir,2016,Doda,5. Bhallessa,14. Trithloo,VI,Shoran Pain,ward,ST Other than Woman,ST,0,all_seats,0,161,0,161,ST,latin,data/jk/2016/Annex A Doda.pdf,40,Annex A Doda.pdf
Jammu & Kashmir,2016,Doda,6. Changa,1. Achhair,I,Achhair - A,ward,Other than Woman,NONE,0,all_seats,0,0,182,182,Open,latin,data/jk/2016/Annex A Doda.pdf,40,Annex A Doda.pdf
Jammu & Kashmir,2016,Doda,6. Changa,1. Achhair,II,Achhair - B,ward,Woman,NONE,1,all_seats,0,0,170,170,Women,latin,data/jk/2016/Annex A Doda.pdf,40,Annex A Doda.pdf
Jammu & Kashmir,2016,Doda,6. Changa,1. Achhair,III,Achhair - C,ward,Other than Woman,NONE,0,all_seats,0,0,144,144,Open,latin,data/jk/2016/Annex A Doda.pdf,40,Annex A Doda.pdf
Jammu & Kashmir,2016,Doda,6. Changa,1. Achhair,IV,Masjid Moh.,ward,Other than Woman,NONE,0,all_seats,0,0,146,146,Open,latin,data/jk/2016/Annex A Doda.pdf,41,Annex A Doda.pdf
Jammu & Kashmir,2016,Doda,6. Changa,1. Achhair,V,Achhair Gawari,ward,Woman,NONE,1,all_seats,0,0,234,234,Women,latin,data/jk/2016/Annex A Doda.pdf,41,Annex A Doda.pdf
Jammu & Kashmir,2016,Doda,6. Changa,1. Achhair,VI,Achair Pain,ward,Other than Woman,NONE,0,all_seats,0,0,85,85,Open,latin,data/jk/2016/Annex A Doda.pdf,41,Annex A Doda.pdf
Jammu & Kashmir,2016,Doda,6. Changa,2. Alnigung ota-A,I,Goilbar,ward,Other than Woman,NONE,0,all_seats,0,99,104,203,Open,latin,data/jk/2016/Annex A Doda.pdf,41,Annex A Doda.pdf
Jammu & Kashmir,2016,Doda,6. Changa,2. Alnigung ota-A,II,Jashoo,ward,ST Woman,ST,1,all_seats,0,169,16,185,ST Women,latin,data/jk/2016/Annex A Doda.pdf,41,Annex A Doda.pdf
Jammu & Kashmir,2016,Doda,6. Changa,2. Alnigung ota-A,III,Lajoo,ward,ST Other than Woman,ST,0,all_seats,0,89,40,129,ST,latin,data/jk/2016/Annex A Doda.pdf,41,Annex A Doda.pdf
Jammu & Kashmir,2016,Doda,6. Changa,2. Alnigung ota-A,IV,Akharoie,ward,Other than Woman,NONE,0,all_seats,0,60,195,255,Open,latin,data/jk/2016/Annex A Doda.pdf,41,Annex A Doda.pdf
Jammu & Kashmir,2016,Doda,6. Changa,2. Alnigung ota-A,V,Jomote,ward,ST Woman,ST,1,all_seats,0,256,163,419,ST Women,latin,data/jk/2016/Annex A Doda.pdf,41,Annex A Doda.pdf
Jammu & Kashmir,2016,Doda,6. Changa,2. Alnigung ota-A,VI,Alni,ward,Other than Woman,NONE,0,all_seats,0,0,200,200,Open,latin,data/jk/2016/Annex A Doda.pdf,41,Annex A Doda.pdf
Jammu & Kashmir,2016,Doda,6. Changa,3. Alnigung ota-B,I,Gangal,ward,ST Other than Woman,ST,0,all_seats,0,147,0,147,ST,latin,data/jk/2016/Annex A Doda.pdf,41,Annex A Doda.pdf
Jammu & Kashmir,2016,Doda,6. Changa,3. Alnigung ota-B,II,Kota,ward,Woman,NONE,1,all_seats,80,61,141,282,Women,latin,data/jk/2016/Annex A Doda.pdf,41,Annex A Doda.pdf
Jammu & Kashmir,2016,Doda,6. Changa,3. Alnigung ota-B,III,Banjwara,ward,ST Other than Woman,ST,0,all_seats,17,65,65,147,ST,latin,data/jk/2016/Annex A Doda.pdf,41,Annex A Doda.pdf
Jammu & Kashmir,2016,Doda,6. Changa,3. Alnigung ota-B,IV,Bunnech a,ward,Other than Woman,NONE,0,all_seats,93,0,150,243,Open,latin,data/jk/2016/Annex A Doda.pdf,41,Annex A Doda.pdf
Jammu & Kashmir,2016,Doda,6. Changa,3. Alnigung ota-B,V,Ghati,ward,Woman,NONE,1,all_seats,81,0,140,221,Women,latin,data/jk/2016/Annex A Doda.pdf,41,Annex A Doda.pdf
Jammu & Kashmir,2016,Doda,6. Changa,3. Alnigung ota-B,VI,Kokoti,ward,Other than Woman,NONE,0,all_seats,0,0,310,310,Open,latin,data/jk/2016/Annex A Doda.pdf,41,Annex A Doda.pdf
Jammu & Kashmir,2016,Doda,6. Changa,4. Barthi,I,Wani Moh.,ward,Other than Woman,NONE,0,all_seats,9,0,215,224,Open,latin,data/jk/2016/Annex A Doda.pdf,41,Annex A Doda.pdf
Jammu & Kashmir,2016,Doda,6. Changa,4. Barthi,II,Batt Moh.,ward,Woman,NONE,1,all_seats,0,0,257,257,Women,latin,data/jk/2016/Annex A Doda.pdf,41,Annex A Doda.pdf
Jammu & Kashmir,2016,Doda,6. Changa,4. Barthi,III,Batt Moh.,ward,Other than Woman,NONE,0,all_seats,0,0,203,203,Open,latin,data/jk/2016/Annex A Doda.pdf,42,Annex A Doda.pdf
Jammu & Kashmir,2016,Doda,6. Changa,4. Barthi,IV,Mir Moh.,ward,Other than Woman,NONE,0,all_seats,0,0,213,213,Open,latin,data/jk/2016/Annex A Doda.pdf,42,Annex A Doda.pdf
Jammu & Kashmir,2016,Doda,6. Changa,4. Barthi,V,Masjid Moh.,ward,Woman,NONE,1,all_seats,32,0,350,382,Women,latin,data/jk/2016/Annex A Doda.pdf,42,Annex A Doda.pdf
Jammu & Kashmir,2016,Doda,6. Changa,4. Barthi,VI,Bogh Moh.,ward,Other than Woman,NONE,0,all_seats,0,0,240,240,Open,latin,data/jk/2016/Annex A Doda.pdf,42,Annex A Doda.pdf
Jammu & Kashmir,2016,Doda,6. Changa,5. Chancer,I,Chancer Bala-A,ward,Other than Woman,NONE,0,all_seats,0,0,152,152,Open,latin,data/jk/2016/Annex A Doda.pdf,42,Annex A Doda.pdf
Jammu & Kashmir,2016,Doda,6. Changa,5. Chancer,II,Chancer Bala-B,ward,Woman,NONE,1,all_seats,0,0,63,63,Women,latin,data/jk/2016/Annex A Doda.pdf,42,Annex A Doda.pdf
Jammu & Kashmir,2016,Doda,6. Changa,5. Chancer,III,Chancer paie,ward,Other than Woman,NONE,0,all_seats,0,0,106,106,Open,latin,data/jk/2016/Annex A Doda.pdf,42,Annex A Doda.pdf
Jammu & Kashmir,2016,Doda,6. Changa,5. Chancer,IV,Mandhan- A,ward,Other than Woman,NONE,0,all_seats,0,0,92,92,Open,latin,data/jk/2016/Annex A Doda.pdf,42,Annex A Doda.pdf
Jammu & Kashmir,2016,Doda,6. Changa,5. Chancer,V,Mandhan- B,ward,Woman,NONE,1,all_seats,0,0,120,120,Women,latin,data/jk/2016/Annex A Doda.pdf,42,Annex A Doda.pdf
Jammu & Kashmir,2016,Doda,6. Changa,5. Chancer,VI,Chachloo,ward,Other than Woman,NONE,0,all_seats,0,0,177,177,Open,latin,data/jk/2016/Annex A Doda.pdf,42,Annex A Doda.pdf
Jammu & Kashmir,2016,Doda,6. Changa,6 Changa- A,I,Tower Mohalla- A,ward,Other than Woman,NONE,0,all_seats,0,0,163,163,Open,latin,data/jk/2016/Annex A Doda.pdf,42,Annex A Doda.pdf
Jammu & Kashmir,2016,Doda,6. Changa,6 Changa- A,II,Tower Mohalla- B,ward,Woman,NONE,1,all_seats,0,0,192,192,Women,latin,data/jk/2016/Annex A Doda.pdf,42,Annex A Doda.pdf
Jammu & Kashmir,2016,Doda,6. Changa,6 Changa- A,III,Bhatt Mohalla- A,ward,Other than Woman,NONE,0,all_seats,0,0,251,251,Open,latin,data/jk/2016/Annex A Doda.pdf,42,Annex A Doda.pdf
Jammu & Kashmir,2016,Doda,6. Changa,6 Changa- A,IV,Bhatt Mohalla- B,ward,Other than Woman,NONE,0,all_seats,0,0,205,205,Open,latin,data/jk/2016/Annex A Doda.pdf,43,Annex A Doda.pdf
Jammu & Kashmir,2016,Doda,6. Changa,6 Changa- A,V,Lathogri,ward,Woman,NONE,1,all_seats,0,0,162,162,Women,latin,data/jk/2016/Annex A Doda.pdf,43,Annex A Doda.pdf
Jammu & Kashmir,2016,Doda,6. Changa,6 Changa- A,VI,Rather Mohalla,ward,Other than Woman,NONE,0,all_seats,0,0,193,193,Open,latin,data/jk/2016/Annex A Doda.pdf,43,Annex A Doda.pdf
Jammu & Kashmir,2016,Doda,6. Changa,7. Changa- B,I,Changa paien,ward,Other than Woman,NONE,0,all_seats,0,0,260,260,Open,latin,data/jk/2016/Annex A Doda.pdf,43,Annex A Doda.pdf
Jammu & Kashmir,2016,Doda,6. Changa,7. Changa- B,II,Amrey,ward,Woman,NONE,1,all_seats,0,0,260,260,Women,latin,data/jk/2016/Annex A Doda.pdf,43,Annex A Doda.pdf
Jammu & Kashmir,2016,Doda,6. Changa,7. Changa- B,III,Matoo Mohalla,ward,Other than Woman,NONE,0,all_seats,0,0,150,150,Open,latin,data/jk/2016/Annex A Doda.pdf,43,Annex A Doda.pdf
Jammu & Kashmir,2016,Doda,6. Changa,7. Changa- B,IV,Lohar Mohalla,ward,Other than Woman,NONE,0,all_seats,0,0,150,150,Open,latin,data/jk/2016/Annex A Doda.pdf,43,Annex A Doda.pdf
Jammu & Kashmir,2016,Doda,6. Changa,7. Changa- B,V,Towaie,ward,Woman,NONE,1,all_seats,0,0,205,205,Women,latin,data/jk/2016/Annex A Doda.pdf,43,Annex A Doda.pdf
Jammu & Kashmir,2016,Doda,6. Changa,7. Changa- B,VI,Deggi,ward,Other than Woman,NONE,0,all_seats,0,0,205,205,Open,latin,data/jk/2016/Annex A Doda.pdf,43,Annex A Doda.pdf
Jammu & Kashmir,2016,Doda,6. Changa,8. Chantibal a,I,Chanti bala,ward,ST Other than Woman,ST,0,all_seats,0,150,50,200,ST,latin,data/jk/2016/Annex A Doda.pdf,43,Annex A Doda.pdf
Jammu & Kashmir,2016,Doda,6. Changa,8. Chantibal a,II,Chanti Gowari,ward,Woman,NONE,1,all_seats,0,60,120,180,Women,latin,data/jk/2016/Annex A Doda.pdf,43,Annex A Doda.pdf
Jammu & Kashmir,2016,Doda,6. Changa,8. Chantibal a,III,Chantipai n,ward,SC Other than Woman,SC,0,all_seats,534,30,40,604,SC,latin,data/jk/2016/Annex A Doda.pdf,43,Annex A Doda.pdf
Jammu & Kashmir,2016,Doda,6. Changa,8. Chantibal a,IV,Ghansha na,ward,Other than Woman,NONE,0,all_seats,0,101,318,419,Open,latin,data/jk/2016/Annex A Doda.pdf,43,Annex A Doda.pdf
Jammu & Kashmir,2016,Doda,6. Changa,8. Chantibal a,V,Shalkey,ward,Woman,NONE,1,all_seats,40,0,150,190,Women,latin,data/jk/2016/Annex A Doda.pdf,43,Annex A Doda.pdf
Jammu & Kashmir,2016,Doda,6. Changa,8. Chantibal a,VI,Bhatmas,ward,SC Other than Woman,SC,0,all_seats,490,0,0,490,SC,latin,data/jk/2016/Annex A Doda.pdf,43,Annex A Doda.pdf
Jammu & Kashmir,2016,Doda,6. Changa,9. Dohassa,I,Sheikh Mohalla,ward,SC Other than Woman,SC,0,all_seats,136,0,69,205,SC,latin,data/jk/2016/Annex A Doda.pdf,43,Annex A Doda.pdf
Jammu & Kashmir,2016,Doda,6. Changa,9. Dohassa,II,Bhagat Mohalla- A,ward,SC Woman,SC,1,all_seats,112,0,59,171,SC Women,latin,data/jk/2016/Annex A Doda.pdf,44,Annex A Doda.pdf
Jammu & Kashmir,2016,Doda,6. Changa,9. Dohassa,III,Rajput Mohalla- A,ward,Other than Woman,NONE,0,all_seats,0,0,188,188,Open,latin,data/jk/2016/Annex A Doda.pdf,44,Annex A Doda.pdf
Jammu & Kashmir,2016,Doda,6. Changa,9. Dohassa,IV,Gawari,ward,Other than Woman,NONE,0,all_seats,0,0,157,157,Open,latin,data/jk/2016/Annex A Doda.pdf,44,Annex A Doda.pdf
Jammu & Kashmir,2016,Doda,6. Changa,9. Dohassa,V,Bhagat Mohalla- B,ward,Woman,NONE,1,all_seats,51,0,142,193,Women,latin,data/jk/2016/Annex A Doda.pdf,44,Annex A Doda.pdf
Jammu & Kashmir,2016,Doda,6. Changa,9. Dohassa,VI,Rajput Mohalla- B,ward,Other than Woman,NONE,0,all_seats,17,0,164,181,Open,latin,data/jk/2016/Annex A Doda.pdf,44,Annex A Doda.pdf
Jammu & Kashmir,2016,Doda,6. Changa,10. Dudwar,I,Moie,ward,Other than Woman,NONE,0,all_seats,0,0,106,106,Open,latin,data/jk/2016/Annex A Doda.pdf,44,Annex A Doda.pdf
Jammu & Kashmir,2016,Doda,6. Changa,10. Dudwar,II,Dudwar,ward,Woman,NONE,1,all_seats,0,37,243,280,Women,latin,data/jk/2016/Annex A Doda.pdf,44,Annex A Doda.pdf
Jammu & Kashmir,2016,Doda,6. Changa,10. Dudwar,III,Know Soti,ward,Other than Woman,NONE,0,all_seats,0,0,290,290,Open,latin,data/jk/2016/Annex A Doda.pdf,44,Annex A Doda.pdf
Jammu & Kashmir,2016,Doda,6. Changa,10. Dudwar,IV,Soti-A,ward,Other than Woman,NONE,0,all_seats,0,0,295,295,Open,latin,data/jk/2016/Annex A Doda.pdf,44,Annex A Doda.pdf
Jammu & Kashmir,2016,Doda,6. Changa,10. Dudwar,V,Soti-B,ward,Woman,NONE,1,all_seats,0,0,332,332,Women,latin,data/jk/2016/Annex A Doda.pdf,44,Annex A Doda.pdf
Jammu & Kashmir,2016,Doda,6. Changa,10. Dudwar,VI,Patyern,ward,Other than Woman,NONE,0,all_seats,0,0,240,240,Open,latin,data/jk/2016/Annex A Doda.pdf,44,Annex A Doda.pdf
Jammu & Kashmir,2016,Doda,6. Changa,11. Gawari,I,Baina/Gh aie,ward,Other than Woman,NONE,0,all_seats,0,0,327,327,Open,latin,data/jk/2016/Annex A Doda.pdf,44,Annex A Doda.pdf
Jammu & Kashmir,2016,Doda,6. Changa,11. Gawari,II,Sayee/Sh ukra,ward,Woman,NONE,1,all_seats,35,0,203,238,Women,latin,data/jk/2016/Annex A Doda.pdf,44,Annex A Doda.pdf
Jammu & Kashmir,2016,Doda,6. Changa,11. Gawari,III,Mir Mohalla,ward,Other than Woman,NONE,0,all_seats,12,0,263,275,Open,latin,data/jk/2016/Annex A Doda.pdf,44,Annex A Doda.pdf
Jammu & Kashmir,2016,Doda,6. Changa,11. Gawari,IV,Neeli,ward,Other than Woman,NONE,0,all_seats,0,0,393,393,Open,latin,data/jk/2016/Annex A Doda.pdf,44,Annex A Doda.pdf
Jammu & Kashmir,2016,Doda,6. Changa,11. Gawari,V,Haloor-A,ward,Woman,NONE,1,all_seats,0,0,291,291,Women,latin,data/jk/2016/Annex A Doda.pdf,44,Annex A Doda.pdf
Jammu & Kashmir,2016,Doda,6. Changa,11. Gawari,VI,Haloor-B,ward,Other than Woman,NONE,0,all_seats,0,0,224,224,Open,latin,data/jk/2016/Annex A Doda.pdf,45,Annex A Doda.pdf
Jammu & Kashmir,2016,Doda,6. Changa,12. Gurekhra,I,Gurekhra Bala-A,ward,Other than Woman,NONE,0,all_seats,0,0,196,196,Open,latin,data/jk/2016/Annex A Doda.pdf,45,Annex A Doda.pdf
Jammu & Kashmir,2016,Doda,6. Changa,12. Gurekhra,II,Gurekhra Bala-B,ward,Woman,NONE,1,all_seats,0,0,151,151,Women,latin,data/jk/2016/Annex A Doda.pdf,45,Annex A Doda.pdf
Jammu & Kashmir,2016,Doda,6. Changa,12. Gurekhra,III,Gurekhra paien-A,ward,Other than Woman,NONE,0,all_seats,0,0,143,143,Open,latin,data/jk/2016/Annex A Doda.pdf,45,Annex A Doda.pdf
Jammu & Kashmir,2016,Doda,6. Changa,12. Gurekhra,IV,Gurekhra paien-B,ward,Other than Woman,NONE,0,all_seats,26,0,105,131,Open,latin,data/jk/2016/Annex A Doda.pdf,45,Annex A Doda.pdf
Jammu & Kashmir,2016,Doda,6. Changa,12. Gurekhra,V,Kral Mohalla,ward,Woman,NONE,1,all_seats,0,0,190,190,Women,latin,data/jk/2016/Annex A Doda.pdf,45,Annex A Doda.pdf
Jammu & Kashmir,2016,Doda,6. Changa,12. Gurekhra,VI,Batt Mohalla,ward,Other than Woman,NONE,0,all_seats,0,0,168,168,Open,latin,data/jk/2016/Annex A Doda.pdf,45,Annex A Doda.pdf
Jammu & Kashmir,2016,Doda,6. Changa,13. Inharra,I,Tuti A,ward,Other than Woman,NONE,0,all_seats,104,0,112,216,Open,latin,data/jk/2016/Annex A Doda.pdf,45,Annex A Doda.pdf
Jammu & Kashmir,2016,Doda,6. Changa,13. Inharra,II,Tuti B,ward,Woman,NONE,1,all_seats,0,0,210,210,Women,latin,data/jk/2016/Annex A Doda.pdf,45,Annex A Doda.pdf
Jammu & Kashmir,2016,Doda,6. Changa,13. Inharra,III,Champa Gowari,ward,SC Other than Woman,SC,0,all_seats,115,0,15,130,SC,latin,data/jk/2016/Annex A Doda.pdf,45,Annex A Doda.pdf
Jammu & Kashmir,2016,Doda,6. Changa,13. Inharra,IV,Gurahan,ward,SC Other than Woman,SC,0,all_seats,90,0,0,90,SC,latin,data/jk/2016/Annex A Doda.pdf,45,Annex A Doda.pdf
Jammu & Kashmir,2016,Doda,6. Changa,13. Inharra,V,Inharra,ward,SC Woman,SC,1,all_seats,218,0,30,248,SC Women,latin,data/jk/2016/Annex A Doda.pdf,45,Annex A Doda.pdf
Jammu & Kashmir,2016,Doda,6. Changa,13. Inharra,VI,Seri,ward,Other than Woman,NONE,0,all_seats,7,0,65,72,Open,latin,data/jk/2016/Annex A Doda.pdf,45,Annex A Doda.pdf
Jammu & Kashmir,2016,Doda,6. Changa,14. Kaljugas ar-A,I,Juggaser- A,ward,Other than Woman,NONE,0,all_seats,80,30,100,210,Open,latin,data/jk/2016/Annex A Doda.pdf,45,Annex A Doda.pdf
Jammu & Kashmir,2016,Doda,6. Changa,14. Kaljugas ar-A,II,Juggaser- B,ward,SC Woman,SC,1,all_seats,150,0,85,235,SC Women,latin,data/jk/2016/Annex A Doda.pdf,46,Annex A Doda.pdf
Jammu & Kashmir,2016,Doda,6. Changa,14. Kaljugas ar-A,III,Banwass,ward,SC Other than Woman,SC,0,all_seats,180,0,65,245,SC,latin,data/jk/2016/Annex A Doda.pdf,46,Annex A Doda.pdf
Jammu & Kashmir,2016,Doda,6. Changa,14. Kaljugas ar-A,IV,"Benolu,",ward,Other than Woman,NONE,0,all_seats,0,0,200,200,Open,latin,data/jk/2016/Annex A Doda.pdf,46,Annex A Doda.pdf
Jammu & Kashmir,2016,Doda,6. Changa,14. Kaljugas ar-A,V,Seroo,ward,Woman,NONE,1,all_seats,15,0,265,280,Women,latin,data/jk/2016/Annex A Doda.pdf,46,Annex A Doda.pdf
Jammu & Kashmir,2016,Doda,6. Changa,14. Kaljugas ar-A,VI,Goha,ward,Other than Woman,NONE,0,all_seats,0,109,130,239,Open,latin,data/jk/2016/Annex A Doda.pdf,46,Annex A Doda.pdf
Jammu & Kashmir,2016,Doda,6. Changa,15. Kaljugas ar-B,I,Banjer,ward,Other than Woman,NONE,0,all_seats,20,6,241,267,Open,latin,data/jk/2016/Annex A Doda.pdf,46,Annex A Doda.pdf
Jammu & Kashmir,2016,Doda,6. Changa,15. Kaljugas ar-B,II,Tepri,ward,Woman,NONE,1,all_seats,46,13,155,214,Women,latin,data/jk/2016/Annex A Doda.pdf,46,Annex A Doda.pdf
Jammu & Kashmir,2016,Doda,6. Changa,15. Kaljugas ar-B,III,"Chawn, Tepri",ward,ST Other than Woman,ST,0,all_seats,80,172,106,358,ST,latin,data/jk/2016/Annex A Doda.pdf,46,Annex A Doda.pdf
Jammu & Kashmir,2016,Doda,6. Changa,15. Kaljugas ar-B,IV,Dhanori- A,ward,Other than Woman,NONE,0,all_seats,0,0,91,91,Open,latin,data/jk/2016/Annex A Doda.pdf,46,Annex A Doda.pdf
Jammu & Kashmir,2016,Doda,6. Changa,15. Kaljugas ar-B,V,Dhanori- B,ward,Woman,NONE,1,all_seats,0,0,199,199,Women,latin,data/jk/2016/Annex A Doda.pdf,46,Annex A Doda.pdf
Jammu & Kashmir,2016,Doda,6. Changa,15. Kaljugas ar-B,VI,Kuthyara,ward,Other than Woman,NONE,0,all_seats,0,0,279,279,Open,latin,data/jk/2016/Annex A Doda.pdf,46,Annex A Doda.pdf
Jammu & Kashmir,2016,Doda,6. Changa,16. Kilhotran,I,Lamthan,ward,Other than Woman,NONE,0,all_seats,0,0,180,180,Open,latin,data/jk/2016/Annex A Doda.pdf,46,Annex A Doda.pdf
Jammu & Kashmir,2016,Doda,6. Changa,16. Kilhotran,II,Soweten Mohalla,ward,Woman,NONE,1,all_seats,0,0,180,180,Women,latin,data/jk/2016/Annex A Doda.pdf,46,Annex A Doda.pdf
Jammu & Kashmir,2016,Doda,6. Changa,16. Kilhotran,III,Masjid Mohalla- A,ward,Other than Woman,NONE,0,all_seats,0,0,320,320,Open,latin,data/jk/2016/Annex A Doda.pdf,46,Annex A Doda.pdf
Jammu & Kashmir,2016,Doda,6. Changa,16. Kilhotran,IV,Masjid Mohalla- B,ward,Other than Woman,NONE,0,all_seats,0,0,320,320,Open,latin,data/jk/2016/Annex A Doda.pdf,46,Annex A Doda.pdf
Jammu & Kashmir,2016,Doda,6. Changa,16. Kilhotran,V,Kargil,ward,Woman,NONE,1,all_seats,0,25,345,370,Women,latin,data/jk/2016/Annex A Doda.pdf,46,Annex A Doda.pdf
Jammu & Kashmir,2016,Doda,6. Changa,16. Kilhotran,VI,Arrori Mohalla,ward,Other than Woman,NONE,0,all_seats,50,0,323,373,Open,latin,data/jk/2016/Annex A Doda.pdf,46,Annex A Doda.pdf
Jammu & Kashmir,2016,Doda,6. Changa,17. Porapain,I,Butt Gowari,ward,Other than Woman,NONE,0,all_seats,50,137,143,330,Open,latin,data/jk/2016/Annex A Doda.pdf,47,Annex A Doda.pdf
Jammu & Kashmir,2016,Doda,6. Changa,17. Porapain,II,Gujjer Basti,ward,Woman,NONE,1,all_seats,0,70,165,235,Women,latin,data/jk/2016/Annex A Doda.pdf,47,Annex A Doda.pdf
Jammu & Kashmir,2016,Doda,6. Changa,17. Porapain,III,Porapain,ward,Other than Woman,NONE,0,all_seats,0,0,235,235,Open,latin,data/jk/2016/Annex A Doda.pdf,47,Annex A Doda.pdf
Jammu & Kashmir,2016,Doda,6. Changa,17. Porapain,IV,Gowari Bari,ward,SC Other than Woman,SC,0,all_seats,190,20,75,285,SC,latin,data/jk/2016/Annex A Doda.pdf,47,Annex A Doda.pdf
Jammu & Kashmir,2016,Doda,6. Changa,17. Porapain,V,Poraballa- A,ward,Woman,NONE,1,all_seats,0,80,145,225,Women,latin,data/jk/2016/Annex A Doda.pdf,47,Annex A Doda.pdf
Jammu & Kashmir,2016,Doda,6. Changa,17. Porapain,VI,Poraballa- B,ward,Other than Woman,NONE,0,all_seats,73,0,195,268,Open,latin,data/jk/2016/Annex A Doda.pdf,47,Annex A Doda.pdf
Jammu & Kashmir,2016,Doda,6. Changa,18. Samaie,I,Samaie- A,ward,Other than Woman,NONE,0,all_seats,85,18,130,233,Open,latin,data/jk/2016/Annex A Doda.pdf,47,Annex A Doda.pdf
Jammu & Kashmir,2016,Doda,6. Changa,18. Samaie,II,Samaie- B,ward,SC Woman,SC,1,all_seats,152,99,0,251,SC Women,latin,data/jk/2016/Annex A Doda.pdf,47,Annex A Doda.pdf
Jammu & Kashmir,2016,Doda,6. Changa,18. Samaie,III,Thambli,ward,Other than Woman,NONE,0,all_seats,0,0,177,177,Open,latin,data/jk/2016/Annex A Doda.pdf,47,Annex A Doda.pdf
Jammu & Kashmir,2016,Doda,6. Changa,18. Samaie,IV,Sarlyia-A,ward,Other than Woman,NONE,0,all_seats,45,0,112,157,Open,latin,data/jk/2016/Annex A Doda.pdf,47,Annex A Doda.pdf
Jammu & Kashmir,2016,Doda,6. Changa,18. Samaie,V,Sarlyia-B,ward,Woman,NONE,1,all_seats,0,0,153,153,Women,latin,data/jk/2016/Annex A Doda.pdf,47,Annex A Doda.pdf
Jammu & Kashmir,2016,Doda,6. Changa,18. Samaie,VI,Dhanker,ward,Other than Woman,NONE,0,all_seats,0,0,162,162,Open,latin,data/jk/2016/Annex A Doda.pdf,47,Annex A Doda.pdf
Jammu & Kashmir,2016,Doda,6. Changa,19. Tantli,I,Tantli-A,ward,Other than Woman,NONE,0,all_seats,0,0,185,185,Open,latin,data/jk/2016/Annex A Doda.pdf,47,Annex A Doda.pdf
Jammu & Kashmir,2016,Doda,6. Changa,19. Tantli,II,Tantli-B,ward,Woman,NONE,1,all_seats,0,16,177,193,Women,latin,data/jk/2016/Annex A Doda.pdf,47,Annex A Doda.pdf
Jammu & Kashmir,2016,Doda,6. Changa,19. Tantli,III,Dharmoti,ward,Other than Woman,NONE,0,all_seats,4,0,174,178,Open,latin,data/jk/2016/Annex A Doda.pdf,47,Annex A Doda.pdf
Jammu & Kashmir,2016,Doda,6. Changa,19. Tantli,IV,SC Mohalla Bisran,ward,SC Other than Woman,SC,0,all_seats,108,0,46,154,SC,latin,data/jk/2016/Annex A Doda.pdf,47,Annex A Doda.pdf
Jammu & Kashmir,2016,Doda,6. Changa,19. Tantli,V,Masjid Mohalla Bisran,ward,Woman,NONE,1,all_seats,0,0,317,317,Women,latin,data/jk/2016/Annex A Doda.pdf,47,Annex A Doda.pdf
Jammu & Kashmir,2016,Doda,6. Changa,19. Tantli,VI,Qasai Mohalla,ward,Other than Woman,NONE,0,all_seats,0,0,173,173,Open,latin,data/jk/2016/Annex A Doda.pdf,48,Annex A Doda.pdf
Jammu & Kashmir,2016,Doda,6. Changa,20. Thalorn,I,Sheikh Mohalla- A.,ward,Other than Woman,NONE,0,all_seats,0,0,194,194,Open,latin,data/jk/2016/Annex A Doda.pdf,48,Annex A Doda.pdf
Jammu & Kashmir,2016,Doda,6. Changa,20. Thalorn,II,Sheikh Mohalla- B,ward,Woman,NONE,1,all_seats,0,0,196,196,Women,latin,data/jk/2016/Annex A Doda.pdf,48,Annex A Doda.pdf
Jammu & Kashmir,2016,Doda,6. Changa,20. Thalorn,III,Akhoon Mohalla- A,ward,Other than Woman,NONE,0,all_seats,0,0,270,270,Open,latin,data/jk/2016/Annex A Doda.pdf,48,Annex A Doda.pdf
Jammu & Kashmir,2016,Doda,6. Changa,20. Thalorn,IV,Akhoon Mohalla- B,ward,Other than Woman,NONE,0,all_seats,0,0,197,197,Open,latin,data/jk/2016/Annex A Doda.pdf,48,Annex A Doda.pdf
Jammu & Kashmir,2016,Doda,6. Changa,20. Thalorn,V,Khoie,ward,Woman,NONE,1,all_seats,0,0,265,265,Women,latin,data/jk/2016/Annex A Doda.pdf,48,Annex A Doda.pdf
Jammu & Kashmir,2016,Doda,6. Changa,20. Thalorn,VI,Barakun,ward,Other than Woman,NONE,0,all_seats,0,67,83,150,Open,latin,data/jk/2016/Annex A Doda.pdf,48,Annex A Doda.pdf
Jammu & Kashmir,2016,Doda,7. Chili Pingal,1. Bhatoli,I,Bhatoli- A,ward,ST Other than Woman,ST,0,all_seats,70,188,158,416,ST,latin,data/jk/2016/Annex A Doda.pdf,48,Annex A Doda.pdf
Jammu & Kashmir,2016,Doda,7. Chili Pingal,1. Bhatoli,II,Bhatoli- B,ward,ST Woman,ST,1,all_seats,9,279,33,321,ST Women,latin,data/jk/2016/Annex A Doda.pdf,48,Annex A Doda.pdf
Jammu & Kashmir,2016,Doda,7. Chili Pingal,1. Bhatoli,III,Gah,ward,ST Other than Woman,ST,0,all_seats,30,285,0,315,ST,latin,data/jk/2016/Annex A Doda.pdf,48,Annex A Doda.pdf
Jammu & Kashmir,2016,Doda,7. Chili Pingal,1. Bhatoli,IV,Kulthoo- A,ward,ST Other than Woman,ST,0,all_seats,14,350,42,406,ST,latin,data/jk/2016/Annex A Doda.pdf,48,Annex A Doda.pdf
Jammu & Kashmir,2016,Doda,7. Chili Pingal,1. Bhatoli,V,Kulthoo- B,ward,ST Woman,ST,1,all_seats,0,271,0,271,ST Women,latin,data/jk/2016/Annex A Doda.pdf,48,Annex A Doda.pdf
Jammu & Kashmir,2016,Doda,7. Chili Pingal,1. Bhatoli,VI,Juhari,ward,ST Other than Woman,ST,0,all_seats,0,228,0,228,ST,latin,data/jk/2016/Annex A Doda.pdf,48,Annex A Doda.pdf
Jammu & Kashmir,2016,Doda,7. Chili Pingal,2. Chilibala,I,Kuti,ward,ST Other than Woman,ST,0,all_seats,0,190,0,190,ST,latin,data/jk/2016/Annex A Doda.pdf,48,Annex A Doda.pdf
Jammu & Kashmir,2016,Doda,7. Chili Pingal,2. Chilibala,II,Thanth,ward,Woman,NONE,1,all_seats,0,60,190,250,Women,latin,data/jk/2016/Annex A Doda.pdf,48,Annex A Doda.pdf
Jammu & Kashmir,2016,Doda,7. Chili Pingal,2. Chilibala,III,Chilibala- A,ward,Other than Woman,NONE,0,all_seats,100,0,260,360,Open,latin,data/jk/2016/Annex A Doda.pdf,48,Annex A Doda.pdf
Jammu & Kashmir,2016,Doda,7. Chili Pingal,2. Chilibala,IV,Shakoo,ward,Other than Woman,NONE,0,all_seats,0,50,402,452,Open,latin,data/jk/2016/Annex A Doda.pdf,49,Annex A Doda.pdf
Jammu & Kashmir,2016,Doda,7. Chili Pingal,2. Chilibala,V,Chiliball a-B,ward,Woman,NONE,1,all_seats,0,0,435,435,Women,latin,data/jk/2016/Annex A Doda.pdf,49,Annex A Doda.pdf
Jammu & Kashmir,2016,Doda,7. Chili Pingal,2. Chilibala,VI,Dhatyas,ward,ST Other than Woman,ST,0,all_seats,61,352,147,560,ST,latin,data/jk/2016/Annex A Doda.pdf,49,Annex A Doda.pdf
Jammu & Kashmir,2016,Doda,7. Chili Pingal,3. Chilli- Pain,I,Chilli- Pain-A,ward,Other than Woman,NONE,0,all_seats,5,0,180,185,Open,latin,data/jk/2016/Annex A Doda.pdf,49,Annex A Doda.pdf
Jammu & Kashmir,2016,Doda,7. Chili Pingal,3. Chilli- Pain,II,Chilli- Pain-B,ward,SC Woman,SC,1,all_seats,98,60,93,251,SC Women,latin,data/jk/2016/Annex A Doda.pdf,49,Annex A Doda.pdf
Jammu & Kashmir,2016,Doda,7. Chili Pingal,3. Chilli- Pain,III,Chilli- Pain-C,ward,ST Other than Woman,ST,0,all_seats,0,70,60,130,ST,latin,data/jk/2016/Annex A Doda.pdf,49,Annex A Doda.pdf
Jammu & Kashmir,2016,Doda,7. Chili Pingal,3. Chilli- Pain,IV,Kundali,ward,Other than Woman,NONE,0,all_seats,0,50,200,250,Open,latin,data/jk/2016/Annex A Doda.pdf,49,Annex A Doda.pdf
Jammu & Kashmir,2016,Doda,7. Chili Pingal,3. Chilli- Pain,V,juhuri,ward,ST Woman,ST,1,all_seats,0,333,0,333,ST Women,latin,data/jk/2016/Annex A Doda.pdf,49,Annex A Doda.pdf
Jammu & Kashmir,2016,Doda,7. Chili Pingal,3. Chilli- Pain,VI,Bogra,ward,ST Other than Woman,ST,0,all_seats,0,350,0,350,ST,latin,data/jk/2016/Annex A Doda.pdf,49,Annex A Doda.pdf
Jammu & Kashmir,2016,Doda,7. Chili Pingal,4. Haddel,I,Hadal proper,ward,ST Other than Woman,ST,0,all_seats,0,195,0,195,ST,latin,data/jk/2016/Annex A Doda.pdf,49,Annex A Doda.pdf
Jammu & Kashmir,2016,Doda,7. Chili Pingal,4. Haddel,II,Jahari,ward,ST Woman,ST,1,all_seats,0,179,0,179,ST Women,latin,data/jk/2016/Annex A Doda.pdf,49,Annex A Doda.pdf
Jammu & Kashmir,2016,Doda,7. Chili Pingal,4. Haddel,III,Lahari,ward,ST Other than Woman,ST,0,all_seats,0,181,0,181,ST,latin,data/jk/2016/Annex A Doda.pdf,49,Annex A Doda.pdf
Jammu & Kashmir,2016,Doda,7. Chili Pingal,4. Haddel,IV,Behak ward,ward,ST Other than Woman,ST,0,all_seats,0,129,0,129,ST,latin,data/jk/2016/Annex A Doda.pdf,49,Annex A Doda.pdf
Jammu & Kashmir,2016,Doda,7. Chili Pingal,4. Haddel,V,Naka Hada,ward,ST Woman,ST,1,all_seats,0,143,0,143,ST Women,latin,data/jk/2016/Annex A Doda.pdf,49,Annex A Doda.pdf
Jammu & Kashmir,2016,Doda,7. Chili Pingal,4. Haddel,VI,Gowari Wali,ward,ST Other than Woman,ST,0,all_seats,0,115,0,115,ST,latin,data/jk/2016/Annex A Doda.pdf,49,Annex A Doda.pdf
Jammu & Kashmir,2016,Doda,7. Chili Pingal,5. Manoo- A,I,Manoo,ward,SC Other than Woman,SC,0,all_seats,90,0,40,130,SC,latin,data/jk/2016/Annex A Doda.pdf,49,Annex A Doda.pdf
Jammu & Kashmir,2016,Doda,7. Chili Pingal,5. Manoo- A,II,Jahari-A,ward,ST Woman,ST,1,all_seats,0,180,12,192,ST Women,latin,data/jk/2016/Annex A Doda.pdf,50,Annex A Doda.pdf
Jammu & Kashmir,2016,Doda,7. Chili Pingal,5. Manoo- A,III,Jahari-B,ward,ST Other than Woman,ST,0,all_seats,0,173,0,173,ST,latin,data/jk/2016/Annex A Doda.pdf,50,Annex A Doda.pdf
Jammu & Kashmir,2016,Doda,7. Chili Pingal,5. Manoo- A,IV,Sarangar a,ward,ST Other than Woman,ST,0,all_seats,0,250,62,312,ST,latin,data/jk/2016/Annex A Doda.pdf,50,Annex A Doda.pdf
Jammu & Kashmir,2016,Doda,7. Chili Pingal,5. Manoo- A,V,Jall-A,ward,ST Other than Woman,ST,0,all_seats,0,285,0,285,ST,latin,data/jk/2016/Annex A Doda.pdf,50,Annex A Doda.pdf
Jammu & Kashmir,2016,Doda,7. Chili Pingal,5. Manoo- A,VI,Jall-B,ward,ST Other than Woman,ST,0,all_seats,0,199,0,199,ST,latin,data/jk/2016/Annex A Doda.pdf,50,Annex A Doda.pdf
Jammu & Kashmir,2016,Doda,7. Chili Pingal,6. Manoo- B,I,Manoo proper,ward,Other than Woman,NONE,0,all_seats,30,0,95,125,Open,latin,data/jk/2016/Annex A Doda.pdf,50,Annex A Doda.pdf
Jammu & Kashmir,2016,Doda,7. Chili Pingal,6. Manoo- B,II,Hathyali,ward,ST Woman,ST,1,all_seats,0,199,20,219,ST Women,latin,data/jk/2016/Annex A Doda.pdf,50,Annex A Doda.pdf
Jammu & Kashmir,2016,Doda,7. Chili Pingal,6. Manoo- B,III,Bensu Paddher,ward,ST Other than Woman,ST,0,all_seats,0,315,0,315,ST,latin,data/jk/2016/Annex A Doda.pdf,50,Annex A Doda.pdf
Jammu & Kashmir,2016,Doda,7. Chili Pingal,6. Manoo- B,IV,Shairpora,ward,ST Other than Woman,ST,0,all_seats,0,246,0,246,ST,latin,data/jk/2016/Annex A Doda.pdf,50,Annex A Doda.pdf
Jammu & Kashmir,2016,Doda,7. Chili Pingal,6. Manoo- B,V,Kuta-A,ward,Woman,NONE,1,all_seats,0,0,82,82,Women,latin,data/jk/2016/Annex A Doda.pdf,50,Annex A Doda.pdf
Jammu & Kashmir,2016,Doda,7. Chili Pingal,6. Manoo- B,VI,Kuta-B,ward,ST Other than Woman,ST,0,all_seats,0,219,0,219,ST,latin,data/jk/2016/Annex A Doda.pdf,50,Annex A Doda.pdf
Jammu & Kashmir,2016,Doda,7. Chili Pingal,7. Mukhsys as,I,Nauli,ward,ST Other than Woman,ST,0,all_seats,0,200,12,212,ST,latin,data/jk/2016/Annex A Doda.pdf,50,Annex A Doda.pdf
Jammu & Kashmir,2016,Doda,7. Chili Pingal,7. Mukhsys as,II,Banjer,ward,ST Woman,ST,1,all_seats,0,108,6,114,ST Women,latin,data/jk/2016/Annex A Doda.pdf,50,Annex A Doda.pdf
Jammu & Kashmir,2016,Doda,7. Chili Pingal,7. Mukhsys as,III,Muksias,ward,Other than Woman,NONE,0,all_seats,0,0,301,301,Open,latin,data/jk/2016/Annex A Doda.pdf,50,Annex A Doda.pdf
Jammu & Kashmir,2016,Doda,7. Chili Pingal,7. Mukhsys as,IV,Malathba la,ward,ST Other than Woman,ST,0,all_seats,0,215,0,215,ST,latin,data/jk/2016/Annex A Doda.pdf,50,Annex A Doda.pdf
Jammu & Kashmir,2016,Doda,7. Chili Pingal,7. Mukhsys as,V,Malathpa in,ward,ST Woman,ST,1,all_seats,0,213,0,213,ST Women,latin,data/jk/2016/Annex A Doda.pdf,50,Annex A Doda.pdf
Jammu & Kashmir,2016,Doda,7. Chili Pingal,7. Mukhsys as,VI,Malath Ch. Moh.,ward,ST Other than Woman,ST,0,all_seats,0,258,0,258,ST,latin,data/jk/2016/Annex A Doda.pdf,51,Annex A Doda.pdf
Jammu & Kashmir,2016,Doda,7. Chili Pingal,8. Sanwara,I,Sanwara,ward,Other than Woman,NONE,0,all_seats,0,0,408,408,Open,latin,data/jk/2016/Annex A Doda.pdf,51,Annex A Doda.pdf
Jammu & Kashmir,2016,Doda,7. Chili Pingal,8. Sanwara,II,Banjer Gowari,ward,Woman,NONE,1,all_seats,0,92,102,194,Women,latin,data/jk/2016/Annex A Doda.pdf,51,Annex A Doda.pdf
Jammu & Kashmir,2016,Doda,7. Chili Pingal,8. Sanwara,III,Sultanpor a,ward,Other than Woman,NONE,0,all_seats,0,0,300,300,Open,latin,data/jk/2016/Annex A Doda.pdf,51,Annex A Doda.pdf
Jammu & Kashmir,2016,Doda,7. Chili Pingal,8. Sanwara,IV,Khanpor a,ward,Other than Woman,NONE,0,all_seats,0,0,310,310,Open,latin,data/jk/2016/Annex A Doda.pdf,51,Annex A Doda.pdf
Jammu & Kashmir,2016,Doda,7. Chili Pingal,8. Sanwara,V,Gujjer basti,ward,ST Woman,ST,1,all_seats,0,345,0,345,ST Women,latin,data/jk/2016/Annex A Doda.pdf,51,Annex A Doda.pdf
Jammu & Kashmir,2016,Doda,7. Chili Pingal,8. Sanwara,VI,Doolu,ward,ST Other than Woman,ST,0,all_seats,0,179,21,200,ST,latin,data/jk/2016/Annex A Doda.pdf,51,Annex A Doda.pdf
Jammu & Kashmir,2016,Doda,8. Chiralla,1. Bhallara,I,Nai Jasoola,ward,Other than Woman,NONE,0,all_seats,21,0,331,352,Open,latin,data/jk/2016/Annex A Doda.pdf,51,Annex A Doda.pdf
Jammu & Kashmir,2016,Doda,8. Chiralla,1. Bhallara,II,Chagnoo kundi,ward,Woman,NONE,1,all_seats,35,0,513,548,Women,latin,data/jk/2016/Annex A Doda.pdf,51,Annex A Doda.pdf
Jammu & Kashmir,2016,Doda,8. Chiralla,1. Bhallara,III,Grondra,ward,Other than Woman,NONE,0,all_seats,102,0,159,261,Open,latin,data/jk/2016/Annex A Doda.pdf,51,Annex A Doda.pdf
Jammu & Kashmir,2016,Doda,8. Chiralla,1. Bhallara,IV,Jajkha,ward,Other than Woman,NONE,0,all_seats,73,0,169,242,Open,latin,data/jk/2016/Annex A Doda.pdf,51,Annex A Doda.pdf
Jammu & Kashmir,2016,Doda,8. Chiralla,1. Bhallara,V,Bhalara- A,ward,Woman,NONE,1,all_seats,110,0,223,333,Women,latin,data/jk/2016/Annex A Doda.pdf,51,Annex A Doda.pdf
Jammu & Kashmir,2016,Doda,8. Chiralla,1. Bhallara,VI,Bhalara- B,ward,SC Other than Woman,SC,0,all_seats,200,0,175,375,SC,latin,data/jk/2016/Annex A Doda.pdf,52,Annex A Doda.pdf
Jammu & Kashmir,2016,Doda,8. Chiralla,2. Chagsoo,I,Chagsoo- A,ward,SC Other than Woman,SC,0,all_seats,198,0,0,198,SC,latin,data/jk/2016/Annex A Doda.pdf,52,Annex A Doda.pdf
Jammu & Kashmir,2016,Doda,8. Chiralla,2. Chagsoo,II,Chagsoo- B,ward,Woman,NONE,1,all_seats,57,0,392,449,Women,latin,data/jk/2016/Annex A Doda.pdf,52,Annex A Doda.pdf
Jammu & Kashmir,2016,Doda,8. Chiralla,2. Chagsoo,III,Kemega,ward,Other than Woman,NONE,0,all_seats,24,0,141,165,Open,latin,data/jk/2016/Annex A Doda.pdf,52,Annex A Doda.pdf
Jammu & Kashmir,2016,Doda,8. Chiralla,2. Chagsoo,IV,Gurekera- A,ward,SC Other than Woman,SC,0,all_seats,210,0,1,211,SC,latin,data/jk/2016/Annex A Doda.pdf,52,Annex A Doda.pdf
Jammu & Kashmir,2016,Doda,8. Chiralla,2. Chagsoo,V,Gurekera- B,ward,SC Woman,SC,1,all_seats,174,0,0,174,SC Women,latin,data/jk/2016/Annex A Doda.pdf,52,Annex A Doda.pdf
Jammu & Kashmir,2016,Doda,8. Chiralla,2. Chagsoo,VI,Hakoona,ward,SC Other than Woman,SC,0,all_seats,216,0,4,220,SC,latin,data/jk/2016/Annex A Doda.pdf,52,Annex A Doda.pdf
Jammu & Kashmir,2016,Doda,8. Chiralla,3. Chiralla,I,Gosti,ward,Other than Woman,NONE,0,all_seats,31,0,316,347,Open,latin,data/jk/2016/Annex A Doda.pdf,52,Annex A Doda.pdf
Jammu & Kashmir,2016,Doda,8. Chiralla,3. Chiralla,II,Buttpora,ward,Woman,NONE,1,all_seats,0,0,198,198,Women,latin,data/jk/2016/Annex A Doda.pdf,52,Annex A Doda.pdf
Jammu & Kashmir,2016,Doda,8. Chiralla,3. Chiralla,III,Wanipor a,ward,Other than Woman,NONE,0,all_seats,55,28,361,444,Open,latin,data/jk/2016/Annex A Doda.pdf,52,Annex A Doda.pdf
Jammu & Kashmir,2016,Doda,8. Chiralla,3. Chiralla,IV,Bajja,ward,Other than Woman,NONE,0,all_seats,0,0,319,319,Open,latin,data/jk/2016/Annex A Doda.pdf,52,Annex A Doda.pdf
Jammu & Kashmir,2016,Doda,8. Chiralla,3. Chiralla,V,Chakran,ward,SC Woman,SC,1,all_seats,158,0,123,281,SC Women,latin,data/jk/2016/Annex A Doda.pdf,53,Annex A Doda.pdf
Jammu & Kashmir,2016,Doda,8. Chiralla,3. Chiralla,VI,Dauki,ward,Other than Woman,NONE,0,all_seats,0,16,265,281,Open,latin,data/jk/2016/Annex A Doda.pdf,53,Annex A Doda.pdf
Jammu & Kashmir,2016,Doda,8. Chiralla,3. Chiralla,VII,Dhella,ward,Other than Woman,NONE,0,all_seats,0,0,294,294,Open,latin,data/jk/2016/Annex A Doda.pdf,53,Annex A Doda.pdf
Jammu & Kashmir,2016,Doda,8. Chiralla,3. Chiralla,VIII,Kutana,ward,Woman,NONE,1,all_seats,0,0,271,271,Women,latin,data/jk/2016/Annex A Doda.pdf,53,Annex A Doda.pdf
Jammu & Kashmir,2016,Doda,8. Chiralla,4. Jagota,I,Proper Jagota,ward,Other than Woman,NONE,0,all_seats,5,0,149,154,Open,latin,data/jk/2016/Annex A Doda.pdf,53,Annex A Doda.pdf
Jammu & Kashmir,2016,Doda,8. Chiralla,4. Jagota,II,Biddan,ward,SC Woman,SC,1,all_seats,143,0,108,251,SC Women,latin,data/jk/2016/Annex A Doda.pdf,53,Annex A Doda.pdf
Jammu & Kashmir,2016,Doda,8. Chiralla,4. Jagota,III,Kolie,ward,Other than Woman,NONE,0,all_seats,10,0,87,97,Open,latin,data/jk/2016/Annex A Doda.pdf,53,Annex A Doda.pdf
Jammu & Kashmir,2016,Doda,8. Chiralla,4. Jagota,IV,Kothi Bala-A,ward,Other than Woman,NONE,0,all_seats,0,0,96,96,Open,latin,data/jk/2016/Annex A Doda.pdf,53,Annex A Doda.pdf
Jammu & Kashmir,2016,Doda,8. Chiralla,4. Jagota,V,Kothi Bala-B,ward,Woman,NONE,1,all_seats,0,0,70,70,Women,latin,data/jk/2016/Annex A Doda.pdf,53,Annex A Doda.pdf
Jammu & Kashmir,2016,Doda,8. Chiralla,4. Jagota,VI,Dandan,ward,Other than Woman,NONE,0,all_seats,0,0,55,55,Open,latin,data/jk/2016/Annex A Doda.pdf,53,Annex A Doda.pdf
Jammu & Kashmir,2016,Doda,8. Chiralla,5. Panshei,I,Malotha- A,ward,Other than Woman,NONE,0,all_seats,0,0,237,237,Open,latin,data/jk/2016/Annex A Doda.pdf,53,Annex A Doda.pdf
Jammu & Kashmir,2016,Doda,8. Chiralla,5. Panshei,II,Malotha- B,ward,Woman,NONE,1,all_seats,0,0,253,253,Women,latin,data/jk/2016/Annex A Doda.pdf,53,Annex A Doda.pdf
Jammu & Kashmir,2016,Doda,8. Chiralla,5. Panshei,III,Malotha- C,ward,Other than Woman,NONE,0,all_seats,0,0,287,287,Open,latin,data/jk/2016/Annex A Doda.pdf,53,Annex A Doda.pdf
Jammu & Kashmir,2016,Doda,8. Chiralla,5. Panshei,IV,Kewani,ward,Other than Woman,NONE,0,all_seats,0,0,310,310,Open,latin,data/jk/2016/Annex A Doda.pdf,53,Annex A Doda.pdf
Jammu & Kashmir,2016,Doda,8. Chiralla,5. Panshei,V,Pamasa- A,ward,SC Woman,SC,1,all_seats,208,0,79,287,SC Women,latin,data/jk/2016/Annex A Doda.pdf,54,Annex A Doda.pdf
Jammu & Kashmir,2016,Doda,8. Chiralla,5. Panshei,VI,Pamasa- B,ward,Other than Woman,NONE,0,all_seats,0,0,238,238,Open,latin,data/jk/2016/Annex A Doda.pdf,54,Annex A Doda.pdf
Jammu & Kashmir,2016,Doda,8. Chiralla,6. Puneja,I,Puneja,ward,Other than Woman,NONE,0,all_seats,128,0,178,306,Open,latin,data/jk/2016/Annex A Doda.pdf,54,Annex A Doda.pdf
Jammu & Kashmir,2016,Doda,8. Chiralla,6. Puneja,II,Kash Mohra,ward,SC Woman,SC,1,all_seats,106,0,24,130,SC Women,latin,data/jk/2016/Annex A Doda.pdf,54,Annex A Doda.pdf
Jammu & Kashmir,2016,Doda,8. Chiralla,6. Puneja,III,Ramdasi Mohra,ward,SC Other than Woman,SC,0,all_seats,218,0,88,306,SC,latin,data/jk/2016/Annex A Doda.pdf,54,Annex A Doda.pdf
Jammu & Kashmir,2016,Doda,8. Chiralla,6. Puneja,IV,Urdu Bazar,ward,SC Other than Woman,SC,0,all_seats,154,0,39,193,SC,latin,data/jk/2016/Annex A Doda.pdf,54,Annex A Doda.pdf
Jammu & Kashmir,2016,Doda,8. Chiralla,6. Puneja,V,Ghot mohra,ward,SC Woman,SC,1,all_seats,162,0,17,179,SC Women,latin,data/jk/2016/Annex A Doda.pdf,54,Annex A Doda.pdf
Jammu & Kashmir,2016,Doda,8. Chiralla,6. Puneja,VI,Kothi pain,ward,Other than Woman,NONE,0,all_seats,75,0,105,180,Open,latin,data/jk/2016/Annex A Doda.pdf,54,Annex A Doda.pdf
Jammu & Kashmir,2016,Doda,8. Chiralla,7. Rokali,I,Rokali Khurd,ward,Other than Woman,NONE,0,all_seats,0,0,451,451,Open,latin,data/jk/2016/Annex A Doda.pdf,54,Annex A Doda.pdf
Jammu & Kashmir,2016,Doda,8. Chiralla,7. Rokali,II,Rokali kalan,ward,SC Woman,SC,1,all_seats,190,0,0,190,SC Women,latin,data/jk/2016/Annex A Doda.pdf,54,Annex A Doda.pdf
Jammu & Kashmir,2016,Doda,8. Chiralla,7. Rokali,III,Sharni-,ward,Other than Woman,NONE,0,all_seats,0,0,254,254,Open,latin,data/jk/2016/Annex A Doda.pdf,54,Annex A Doda.pdf
Jammu & Kashmir,2016,Doda,8. Chiralla,7. Rokali,IV,Sharni-B,ward,Other than Woman,NONE,0,all_seats,157,0,170,327,Open,latin,data/jk/2016/Annex A Doda.pdf,54,Annex A Doda.pdf
Jammu & Kashmir,2016,Doda,8. Chiralla,7. Rokali,V,Sahan,ward,SC Woman,SC,1,all_seats,197,0,0,197,SC Women,latin,data/jk/2016/Annex A Doda.pdf,54,Annex A Doda.pdf
Jammu & Kashmir,2016,Doda,8. Chiralla,7. Rokali,VI,Boliyan Pain,ward,Other than Woman,NONE,0,all_seats,161,0,185,346,Open,latin,data/jk/2016/Annex A Doda.pdf,54,Annex A Doda.pdf
Jammu & Kashmir,2016,Doda,8. Chiralla,7. Rokali,VII,Boliyan Bala-A,ward,Other than Woman,NONE,0,all_seats,61,0,85,146,Open,latin,data/jk/2016/Annex A Doda.pdf,54,Annex A Doda.pdf
Jammu & Kashmir,2016,Doda,8. Chiralla,7. Rokali,VIII,Boliyan Bala-B,ward,Woman,NONE,1,all_seats,107,0,313,420,Women,latin,data/jk/2016/Annex A Doda.pdf,54,Annex A Doda.pdf
Jammu & Kashmir,2016,Doda,8. Chiralla,8. Sonartha wa,I,Sunartha wa,ward,Other than Woman,NONE,0,all_seats,60,0,424,484,Open,latin,data/jk/2016/Annex A Doda.pdf,55,Annex A Doda.pdf
Jammu & Kashmir,2016,Doda,8. Chiralla,8. Sonartha wa,II,Lohar Thawa,ward,Woman,NONE,1,all_seats,30,0,400,430,Women,latin,data/jk/2016/Annex A Doda.pdf,55,Annex A Doda.pdf
Jammu & Kashmir,2016,Doda,8. Chiralla,8. Sonartha wa,III,Bachhra,ward,Other than Woman,NONE,0,all_seats,74,0,131,205,Open,latin,data/jk/2016/Annex A Doda.pdf,55,Annex A Doda.pdf
Jammu & Kashmir,2016,Doda,8. Chiralla,8. Sonartha wa,IV,Amritgar h,ward,Other than Woman,NONE,0,all_seats,0,0,266,266,Open,latin,data/jk/2016/Annex A Doda.pdf,55,Annex A Doda.pdf
Jammu & Kashmir,2016,Doda,8. Chiralla,8. Sonartha wa,V,Binola,ward,Woman,NONE,1,all_seats,0,0,310,310,Women,latin,data/jk/2016/Annex A Doda.pdf,55,Annex A Doda.pdf
Jammu & Kashmir,2016,Doda,8. Chiralla,8. Sonartha wa,VI,Gohari,ward,Other than Woman,NONE,0,all_seats,0,0,244,244,Open,latin,data/jk/2016/Annex A Doda.pdf,55,Annex A Doda.pdf
Jammu & Kashmir,2016,Doda,8. Chiralla,9. Thellella,I,Sayed Mohalla,ward,Other than Woman,NONE,0,all_seats,15,0,335,350,Open,latin,data/jk/2016/Annex A Doda.pdf,55,Annex A Doda.pdf
Jammu & Kashmir,2016,Doda,8. Chiralla,9. Thellella,II,Lone Mohalla,ward,Woman,NONE,1,all_seats,0,0,399,399,Women,latin,data/jk/2016/Annex A Doda.pdf,55,Annex A Doda.pdf
Jammu & Kashmir,2016,Doda,8. Chiralla,9. Thellella,III,Thawa,ward,Other than Woman,NONE,0,all_seats,0,0,370,370,Open,latin,data/jk/2016/Annex A Doda.pdf,55,Annex A Doda.pdf
Jammu & Kashmir,2016,Doda,8. Chiralla,9. Thellella,IV,Agreeka,ward,Other than Woman,NONE,0,all_seats,0,0,389,389,Open,latin,data/jk/2016/Annex A Doda.pdf,56,Annex A Doda.pdf
Jammu & Kashmir,2016,Doda,8. Chiralla,9. Thellella,V,Dehara- A,ward,Woman,NONE,1,all_seats,10,0,192,202,Women,latin,data/jk/2016/Annex A Doda.pdf,56,Annex A Doda.pdf
Jammu & Kashmir,2016,Doda,8. Chiralla,9. Thellella,VI,Jhandani,ward,Other than Woman,NONE,0,all_seats,25,0,408,433,Open,latin,data/jk/2016/Annex A Doda.pdf,56,Annex A Doda.pdf
Jammu & Kashmir,2016,Doda,8. Chiralla,9. Thellella,VII,Masjid Mohalla,ward,Other than Woman,NONE,0,all_seats,38,0,415,453,Open,latin,data/jk/2016/Annex A Doda.pdf,56,Annex A Doda.pdf
Jammu & Kashmir,2016,Doda,8. Chiralla,9. Thellella,VIII,Dehara-B,ward,Woman,NONE,1,all_seats,32,0,227,259,Women,latin,data/jk/2016/Annex A Doda.pdf,56,Annex A Doda.pdf
Jammu & Kashmir,2016,Doda,9. Dali Udyanpu r,1 Bagla,I,Gadyari Bagla,ward,Other than Woman,NONE,0,all_seats,50,0,295,345,Open,latin,data/jk/2016/Annex B Doda.pdf,1,Annex B Doda.pdf
Jammu & Kashmir,2016,Doda,9. Dali Udyanpu r,1 Bagla,II,Loan pora,ward,Woman,NONE,1,all_seats,0,0,310,310,Women,latin,data/jk/2016/Annex B Doda.pdf,1,Annex B Doda.pdf
Jammu & Kashmir,2016,Doda,9. Dali Udyanpu r,1 Bagla,III,Bathon,ward,Other than Woman,NONE,0,all_seats,38,65,350,453,Open,latin,data/jk/2016/Annex B Doda.pdf,1,Annex B Doda.pdf
Jammu & Kashmir,2016,Doda,9. Dali Udyanpu r,1 Bagla,IV,Bandayp ora,ward,Other than Woman,NONE,0,all_seats,0,0,320,320,Open,latin,data/jk/2016/Annex B Doda.pdf,1,Annex B Doda.pdf
Jammu & Kashmir,2016,Doda,9. Dali Udyanpu r,1 Bagla,V,Khanoo,ward,Woman,NONE,1,all_seats,0,0,119,119,Women,latin,data/jk/2016/Annex B Doda.pdf,1,Annex B Doda.pdf
Jammu & Kashmir,2016,Doda,9. Dali Udyanpu r,1 Bagla,VI,Badbagi,ward,Other than Woman,NONE,0,all_seats,80,0,317,397,Open,latin,data/jk/2016/Annex B Doda.pdf,1,Annex B Doda.pdf
Jammu & Kashmir,2016,Doda,9. Dali Udyanpu r,2. Barath- A,I,Wanipor a,ward,Other than Woman,NONE,0,all_seats,18,24,125,167,Open,latin,data/jk/2016/Annex B Doda.pdf,1,Annex B Doda.pdf
Jammu & Kashmir,2016,Doda,9. Dali Udyanpu r,2. Barath- A,II,Laway pora,ward,Woman,NONE,1,all_seats,0,12,175,187,Women,latin,data/jk/2016/Annex B Doda.pdf,1,Annex B Doda.pdf
Jammu & Kashmir,2016,Doda,9. Dali Udyanpu r,2. Barath- A,III,Upper Barth,ward,Other than Woman,NONE,0,all_seats,0,29,182,211,Open,latin,data/jk/2016/Annex B Doda.pdf,1,Annex B Doda.pdf
Jammu & Kashmir,2016,Doda,9. Dali Udyanpu r,2. Barath- A,IV,Jigwan,ward,Other than Woman,NONE,0,all_seats,0,60,131,191,Open,latin,data/jk/2016/Annex B Doda.pdf,1,Annex B Doda.pdf
Jammu & Kashmir,2016,Doda,9. Dali Udyanpu r,2. Barath- A,V,Uppernal la,ward,Woman,NONE,1,all_seats,0,75,100,175,Women,latin,data/jk/2016/Annex B Doda.pdf,1,Annex B Doda.pdf
Jammu & Kashmir,2016,Doda,9. Dali Udyanpu r,2. Barath- A,VI,Lowernal la,ward,Other than Woman,NONE,0,all_seats,0,85,164,249,Open,latin,data/jk/2016/Annex B Doda.pdf,1,Annex B Doda.pdf
Jammu & Kashmir,2016,Doda,9. Dali Udyanpu r,3. Barath- B,I,Gujjer basti (L),ward,Other than Woman,NONE,0,all_seats,80,0,130,210,Open,latin,data/jk/2016/Annex B Doda.pdf,1,Annex B Doda.pdf
Jammu & Kashmir,2016,Doda,9. Dali Udyanpu r,3. Barath- B,II,Gujjer basti (U),ward,ST Woman,ST,1,all_seats,4,215,74,293,ST Women,latin,data/jk/2016/Annex B Doda.pdf,1,Annex B Doda.pdf
Jammu & Kashmir,2016,Doda,9. Dali Udyanpu r,3. Barath- B,III,Barna,ward,Other than Woman,NONE,0,all_seats,0,27,127,154,Open,latin,data/jk/2016/Annex B Doda.pdf,1,Annex B Doda.pdf
Jammu & Kashmir,2016,Doda,9. Dali Udyanpu r,3. Barath- B,IV,Bhalal,ward,ST Woman,ST,1,all_seats,0,155,75,230,ST Women,latin,data/jk/2016/Annex B Doda.pdf,2,Annex B Doda.pdf
Jammu & Kashmir,2016,Doda,9. Dali Udyanpu r,3. Barath- B,V,Dhori,ward,Woman,NONE,1,all_seats,33,0,139,172,Women,latin,data/jk/2016/Annex B Doda.pdf,2,Annex B Doda.pdf
Jammu & Kashmir,2016,Doda,9. Dali Udyanpu r,3. Barath- B,VI,Dudwah,ward,Other than Woman,NONE,0,all_seats,80,0,140,220,Open,latin,data/jk/2016/Annex B Doda.pdf,2,Annex B Doda.pdf
Jammu & Kashmir,2016,Doda,9. Dali Udyanpu r,4. Dhar- B,I,Chitran,ward,Other than Woman,NONE,0,all_seats,0,0,194,194,Open,latin,data/jk/2016/Annex B Doda.pdf,2,Annex B Doda.pdf
Jammu & Kashmir,2016,Doda,9. Dali Udyanpu r,4. Dhar- B,II,Kandwa,ward,Woman,NONE,1,all_seats,0,0,186,186,Women,latin,data/jk/2016/Annex B Doda.pdf,2,Annex B Doda.pdf
Jammu & Kashmir,2016,Doda,9. Dali Udyanpu r,4. Dhar- B,III,Gohral,ward,Other than Woman,NONE,0,all_seats,0,0,145,145,Open,latin,data/jk/2016/Annex B Doda.pdf,2,Annex B Doda.pdf
Jammu & Kashmir,2016,Doda,9. Dali Udyanpu r,4. Dhar- B,IV,Ponda,ward,Other than Woman,NONE,0,all_seats,0,0,132,132,Open,latin,data/jk/2016/Annex B Doda.pdf,2,Annex B Doda.pdf
Jammu & Kashmir,2016,Doda,9. Dali Udyanpu r,4. Dhar- B,V,Kundan,ward,Woman,NONE,1,all_seats,49,0,121,170,Women,latin,data/jk/2016/Annex B Doda.pdf,2,Annex B Doda.pdf
Jammu & Kashmir,2016,Doda,9. Dali Udyanpu r,4. Dhar- B,VI,Shoran,ward,Other than Woman,NONE,0,all_seats,0,0,201,201,Open,latin,data/jk/2016/Annex B Doda.pdf,2,Annex B Doda.pdf
Jammu & Kashmir,2016,Doda,9. Dali Udyanpu r,5. Kalihand,I,Kalihand,ward,Other than Woman,NONE,0,all_seats,0,0,318,318,Open,latin,data/jk/2016/Annex B Doda.pdf,2,Annex B Doda.pdf
Jammu & Kashmir,2016,Doda,9. Dali Udyanpu r,5. Kalihand,II,Pandit Basti,ward,Woman,NONE,1,all_seats,0,0,256,256,Women,latin,data/jk/2016/Annex B Doda.pdf,2,Annex B Doda.pdf
Jammu & Kashmir,2016,Doda,9. Dali Udyanpu r,5. Kalihand,III,Kora,ward,Other than Woman,NONE,0,all_seats,0,0,250,250,Open,latin,data/jk/2016/Annex B Doda.pdf,2,Annex B Doda.pdf
Jammu & Kashmir,2016,Doda,9. Dali Udyanpu r,5. Kalihand,IV,Sagot,ward,Other than Woman,NONE,0,all_seats,0,0,301,301,Open,latin,data/jk/2016/Annex B Doda.pdf,2,Annex B Doda.pdf
Jammu & Kashmir,2016,Doda,9. Dali Udyanpu r,5. Kalihand,V,Anchakri,ward,Woman,NONE,1,all_seats,0,0,397,397,Women,latin,data/jk/2016/Annex B Doda.pdf,2,Annex B Doda.pdf
Jammu & Kashmir,2016,Doda,9. Dali Udyanpu r,5. Kalihand,VI,Laridhak,ward,Other than Woman,NONE,0,all_seats,0,37,164,201,Open,latin,data/jk/2016/Annex B Doda.pdf,2,Annex B Doda.pdf
Jammu & Kashmir,2016,Doda,9. Dali Udyanpu r,6. Kulhand,I,Punchara,ward,Other than Woman,NONE,0,all_seats,0,0,407,407,Open,latin,data/jk/2016/Annex B Doda.pdf,2,Annex B Doda.pdf
Jammu & Kashmir,2016,Doda,9. Dali Udyanpu r,6. Kulhand,II,Kulhand,ward,Woman,NONE,1,all_seats,0,0,376,376,Women,latin,data/jk/2016/Annex B Doda.pdf,2,Annex B Doda.pdf
Jammu & Kashmir,2016,Doda,9. Dali Udyanpu r,6. Kulhand,III,Thawa,ward,Other than Woman,NONE,0,all_seats,135,0,336,471,Open,latin,data/jk/2016/Annex B Doda.pdf,2,Annex B Doda.pdf
Jammu & Kashmir,2016,Doda,9. Dali Udyanpu r,6. Kulhand,IV,Lower Kulhand,ward,Other than Woman,NONE,0,all_seats,24,0,347,371,Open,latin,data/jk/2016/Annex B Doda.pdf,2,Annex B Doda.pdf
Jammu & Kashmir,2016,Doda,9. Dali Udyanpu r,6. Kulhand,V,Dali,ward,Woman,NONE,1,all_seats,170,0,346,516,Women,latin,data/jk/2016/Annex B Doda.pdf,2,Annex B Doda.pdf
Jammu & Kashmir,2016,Doda,9. Dali Udyanpu r,6. Kulhand,VI,Nalsoo,ward,Other than Woman,NONE,0,all_seats,0,0,665,665,Open,latin,data/jk/2016/Annex B Doda.pdf,2,Annex B Doda.pdf
Jammu & Kashmir,2016,Doda,9. Dali Udyanpu r,7. Seel,I,L/Seel,ward,Other than Woman,NONE,0,all_seats,0,0,217,217,Open,latin,data/jk/2016/Annex B Doda.pdf,3,Annex B Doda.pdf
Jammu & Kashmir,2016,Doda,9. Dali Udyanpu r,7. Seel,II,U/Seel,ward,Woman,NONE,1,all_seats,58,0,171,229,Women,latin,data/jk/2016/Annex B Doda.pdf,3,Annex B Doda.pdf
Jammu & Kashmir,2016,Doda,9. Dali Udyanpu r,7. Seel,III,Bandass,ward,Other than Woman,NONE,0,all_seats,0,0,208,208,Open,latin,data/jk/2016/Annex B Doda.pdf,3,Annex B Doda.pdf
Jammu & Kashmir,2016,Doda,9. Dali Udyanpu r,7. Seel,IV,Krothwa n,ward,Other than Woman,NONE,0,all_seats,0,0,167,167,Open,latin,data/jk/2016/Annex B Doda.pdf,3,Annex B Doda.pdf
Jammu & Kashmir,2016,Doda,9. Dali Udyanpu r,7. Seel,V,Sheela,ward,Woman,NONE,1,all_seats,0,0,166,166,Women,latin,data/jk/2016/Annex B Doda.pdf,3,Annex B Doda.pdf
Jammu & Kashmir,2016,Doda,9. Dali Udyanpu r,7. Seel,VI,Chakri,ward,Other than Woman,NONE,0,all_seats,0,0,220,220,Open,latin,data/jk/2016/Annex B Doda.pdf,3,Annex B Doda.pdf
Jammu & Kashmir,2016,Doda,9. Dali Udyanpu r,8. Udyanpu r,I,Bhikerya n,ward,Other than Woman,NONE,0,all_seats,0,0,569,569,Open,latin,data/jk/2016/Annex B Doda.pdf,3,Annex B Doda.pdf
Jammu & Kashmir,2016,Doda,9. Dali Udyanpu r,8. Udyanpu r,II,Damsi,ward,Woman,NONE,1,all_seats,0,0,283,283,Women,latin,data/jk/2016/Annex B Doda.pdf,3,Annex B Doda.pdf
Jammu & Kashmir,2016,Doda,9. Dali Udyanpu r,8. Udyanpu r,III,Udyanpu r,ward,Other than Woman,NONE,0,all_seats,0,0,553,553,Open,latin,data/jk/2016/Annex B Doda.pdf,3,Annex B Doda.pdf
Jammu & Kashmir,2016,Doda,9. Dali Udyanpu r,8. Udyanpu r,IV,Dulyog,ward,Other than Woman,NONE,0,all_seats,0,0,496,496,Open,latin,data/jk/2016/Annex B Doda.pdf,3,Annex B Doda.pdf
Jammu & Kashmir,2016,Doda,9. Dali Udyanpu r,8. Udyanpu r,V,Brawan,ward,Woman,NONE,1,all_seats,0,82,328,410,Women,latin,data/jk/2016/Annex B Doda.pdf,3,Annex B Doda.pdf
Jammu & Kashmir,2016,Doda,9. Dali Udyanpu r,8. Udyanpu r,VI,Neeltraha l,ward,Other than Woman,NONE,0,all_seats,0,83,577,660,Open,latin,data/jk/2016/Annex B Doda.pdf,3,Annex B Doda.pdf
Jammu & Kashmir,2016,Doda,9. Dali Udyanpu r,9.Ugad,I,Seri Ugad,ward,Other than Woman,NONE,0,all_seats,0,12,238,250,Open,latin,data/jk/2016/Annex B Doda.pdf,3,Annex B Doda.pdf
Jammu & Kashmir,2016,Doda,9. Dali Udyanpu r,9.Ugad,II,Panditpor a,ward,Woman,NONE,1,all_seats,0,0,270,270,Women,latin,data/jk/2016/Annex B Doda.pdf,3,Annex B Doda.pdf
Jammu & Kashmir,2016,Doda,9. Dali Udyanpu r,9.Ugad,III,Hajampo ra,ward,Other than Woman,NONE,0,all_seats,0,0,230,230,Open,latin,data/jk/2016/Annex B Doda.pdf,3,Annex B Doda.pdf
Jammu & Kashmir,2016,Doda,9. Dali Udyanpu r,9.Ugad,IV,Magrayp ora Aul,ward,Other than Woman,NONE,0,all_seats,0,0,203,203,Open,latin,data/jk/2016/Annex B Doda.pdf,3,Annex B Doda.pdf
Jammu & Kashmir,2016,Doda,9. Dali Udyanpu r,9.Ugad,V,Wanipor a,ward,Woman,NONE,1,all_seats,0,0,206,206,Women,latin,data/jk/2016/Annex B Doda.pdf,3,Annex B Doda.pdf
Jammu & Kashmir,2016,Doda,9. Dali Udyanpu r,9.Ugad,VI,Upper Aul,ward,Other than Woman,NONE,0,all_seats,0,0,250,250,Open,latin,data/jk/2016/Annex B Doda.pdf,3,Annex B Doda.pdf
Jammu & Kashmir,2016,Doda,10. Doda (Ghat),1. Arnora- L,I,S/Ghat,ward,Other than Woman,NONE,0,all_seats,38,0,368,406,Open,latin,data/jk/2016/Annex B Doda.pdf,3,Annex B Doda.pdf
Jammu & Kashmir,2016,Doda,10. Doda (Ghat),1. Arnora- L,II,N/Ghat,ward,Woman,NONE,1,all_seats,36,0,453,489,Women,latin,data/jk/2016/Annex B Doda.pdf,4,Annex B Doda.pdf
Jammu & Kashmir,2016,Doda,10. Doda (Ghat),1. Arnora- L,III,E/Ghat,ward,Other than Woman,NONE,0,all_seats,68,5,384,457,Open,latin,data/jk/2016/Annex B Doda.pdf,4,Annex B Doda.pdf
Jammu & Kashmir,2016,Doda,10. Doda (Ghat),1. Arnora- L,IV,W/Ghat,ward,Other than Woman,NONE,0,all_seats,57,42,353,452,Open,latin,data/jk/2016/Annex B Doda.pdf,4,Annex B Doda.pdf
Jammu & Kashmir,2016,Doda,10. Doda (Ghat),1. Arnora- L,V,Arnora,ward,Woman,NONE,1,all_seats,0,0,331,331,Women,latin,data/jk/2016/Annex B Doda.pdf,4,Annex B Doda.pdf
Jammu & Kashmir,2016,Doda,10. Doda (Ghat),1. Arnora- L,VI,Badroon,ward,Other than Woman,NONE,0,all_seats,169,6,201,376,Open,latin,data/jk/2016/Annex B Doda.pdf,4,Annex B Doda.pdf
Jammu & Kashmir,2016,Doda,10. Doda (Ghat),2. Arnora- U,I,Bari,ward,Other than Woman,NONE,0,all_seats,101,0,347,448,Open,latin,data/jk/2016/Annex B Doda.pdf,4,Annex B Doda.pdf
Jammu & Kashmir,2016,Doda,10. Doda (Ghat),2. Arnora- U,II,Shaie U/L,ward,Woman,NONE,1,all_seats,0,0,347,347,Women,latin,data/jk/2016/Annex B Doda.pdf,4,Annex B Doda.pdf
Jammu & Kashmir,2016,Doda,10. Doda (Ghat),2. Arnora- U,III,Bheli L/A,ward,Other than Woman,NONE,0,all_seats,0,0,300,300,Open,latin,data/jk/2016/Annex B Doda.pdf,4,Annex B Doda.pdf
Jammu & Kashmir,2016,Doda,10. Doda (Ghat),2. Arnora- U,IV,Bheli L/B,ward,Other than Woman,NONE,0,all_seats,0,8,282,290,Open,latin,data/jk/2016/Annex B Doda.pdf,4,Annex B Doda.pdf
Jammu & Kashmir,2016,Doda,10. Doda (Ghat),2. Arnora- U,V,Bheli U/A,ward,Woman,NONE,1,all_seats,0,0,312,312,Women,latin,data/jk/2016/Annex B Doda.pdf,4,Annex B Doda.pdf
Jammu & Kashmir,2016,Doda,10. Doda (Ghat),2. Arnora- U,VI,Bheli U/B,ward,Other than Woman,NONE,0,all_seats,0,5,306,311,Open,latin,data/jk/2016/Annex B Doda.pdf,4,Annex B Doda.pdf
Jammu & Kashmir,2016,Doda,10. Doda (Ghat),3. Bhaboor,I,Bhaboor proper,ward,Other than Woman,NONE,0,all_seats,20,0,268,288,Open,latin,data/jk/2016/Annex B Doda.pdf,4,Annex B Doda.pdf
Jammu & Kashmir,2016,Doda,10. Doda (Ghat),3. Bhaboor,II,Arshala,ward,Woman,NONE,1,all_seats,0,0,112,112,Women,latin,data/jk/2016/Annex B Doda.pdf,4,Annex B Doda.pdf
Jammu & Kashmir,2016,Doda,10. Doda (Ghat),3. Bhaboor,III,Sheera,ward,Other than Woman,NONE,0,all_seats,53,13,61,127,Open,latin,data/jk/2016/Annex B Doda.pdf,4,Annex B Doda.pdf
Jammu & Kashmir,2016,Doda,10. Doda (Ghat),3. Bhaboor,IV,L/Bhabo or,ward,Other than Woman,NONE,0,all_seats,60,0,186,246,Open,latin,data/jk/2016/Annex B Doda.pdf,4,Annex B Doda.pdf
Jammu & Kashmir,2016,Doda,10. Doda (Ghat),3. Bhaboor,V,U/Bhabo or,ward,Woman,NONE,1,all_seats,17,0,196,213,Women,latin,data/jk/2016/Annex B Doda.pdf,4,Annex B Doda.pdf
Jammu & Kashmir,2016,Doda,10. Doda (Ghat),3. Bhaboor,VI,Manyana,ward,Other than Woman,NONE,0,all_seats,0,0,165,165,Open,latin,data/jk/2016/Annex B Doda.pdf,4,Annex B Doda.pdf
Jammu & Kashmir,2016,Doda,10. Doda (Ghat),4. Birshalla,I,Bishalla,ward,Other than Woman,NONE,0,all_seats,0,0,275,275,Open,latin,data/jk/2016/Annex B Doda.pdf,4,Annex B Doda.pdf
Jammu & Kashmir,2016,Doda,10. Doda (Ghat),4. Birshalla,II,Dudwote,ward,Woman,NONE,1,all_seats,0,75,362,437,Women,latin,data/jk/2016/Annex B Doda.pdf,5,Annex B Doda.pdf
Jammu & Kashmir,2016,Doda,10. Doda (Ghat),4. Birshalla,III,Chatroo,ward,Other than Woman,NONE,0,all_seats,1,0,255,256,Open,latin,data/jk/2016/Annex B Doda.pdf,5,Annex B Doda.pdf
Jammu & Kashmir,2016,Doda,10. Doda (Ghat),4. Birshalla,IV,Shurayan Lower,ward,Other than Woman,NONE,0,all_seats,0,8,301,309,Open,latin,data/jk/2016/Annex B Doda.pdf,5,Annex B Doda.pdf
Jammu & Kashmir,2016,Doda,10. Doda (Ghat),4. Birshalla,V,Shurayan upper,ward,Woman,NONE,1,all_seats,0,0,349,349,Women,latin,data/jk/2016/Annex B Doda.pdf,5,Annex B Doda.pdf
Jammu & Kashmir,2016,Doda,10. Doda (Ghat),4. Birshalla,VI,Parnote,ward,Other than Woman,NONE,0,all_seats,0,0,292,292,Open,latin,data/jk/2016/Annex B Doda.pdf,5,Annex B Doda.pdf
Jammu & Kashmir,2016,Doda,10. Doda (Ghat),5. Dashnan,I,Khandian,ward,Other than Woman,NONE,0,all_seats,0,0,160,160,Open,latin,data/jk/2016/Annex B Doda.pdf,5,Annex B Doda.pdf
Jammu & Kashmir,2016,Doda,10. Doda (Ghat),5. Dashnan,II,Deshnan upper,ward,Woman,NONE,1,all_seats,0,0,154,154,Women,latin,data/jk/2016/Annex B Doda.pdf,5,Annex B Doda.pdf
Jammu & Kashmir,2016,Doda,10. Doda (Ghat),5. Dashnan,III,Deshnan lower,ward,Other than Woman,NONE,0,all_seats,0,0,190,190,Open,latin,data/jk/2016/Annex B Doda.pdf,5,Annex B Doda.pdf
Jammu & Kashmir,2016,Doda,10. Doda (Ghat),5. Dashnan,IV,Thawa,ward,Other than Woman,NONE,0,all_seats,0,0,174,174,Open,latin,data/jk/2016/Annex B Doda.pdf,5,Annex B Doda.pdf
Jammu & Kashmir,2016,Doda,10. Doda (Ghat),5. Dashnan,V,Gowari,ward,Woman,NONE,1,all_seats,0,0,127,127,Women,latin,data/jk/2016/Annex B Doda.pdf,5,Annex B Doda.pdf
Jammu & Kashmir,2016,Doda,10. Doda (Ghat),5. Dashnan,VI,Chitran,ward,Other than Woman,NONE,0,all_seats,0,0,207,207,Open,latin,data/jk/2016/Annex B Doda.pdf,5,Annex B Doda.pdf
Jammu & Kashmir,2016,Doda,10. Doda (Ghat),6. Dhar- A,I,Bhagoria n,ward,Other than Woman,NONE,0,all_seats,0,0,254,254,Open,latin,data/jk/2016/Annex B Doda.pdf,5,Annex B Doda.pdf
Jammu & Kashmir,2016,Doda,10. Doda (Ghat),6. Dhar- A,II,Tarwal,ward,Woman,NONE,1,all_seats,0,0,259,259,Women,latin,data/jk/2016/Annex B Doda.pdf,5,Annex B Doda.pdf
Jammu & Kashmir,2016,Doda,10. Doda (Ghat),6. Dhar- A,III,Dhar upper,ward,Other than Woman,NONE,0,all_seats,0,0,197,197,Open,latin,data/jk/2016/Annex B Doda.pdf,5,Annex B Doda.pdf
Jammu & Kashmir,2016,Doda,10. Doda (Ghat),6. Dhar- A,IV,Rotin Dhar,ward,SC Other than Woman,SC,0,all_seats,93,0,55,148,SC,latin,data/jk/2016/Annex B Doda.pdf,5,Annex B Doda.pdf
Jammu & Kashmir,2016,Doda,10. Doda (Ghat),6. Dhar- A,V,Denfa,ward,Woman,NONE,1,all_seats,56,20,126,202,Women,latin,data/jk/2016/Annex B Doda.pdf,5,Annex B Doda.pdf
Jammu & Kashmir,2016,Doda,10. Doda (Ghat),6. Dhar- A,VI,Khalidab ad(Patta),ward,Other than Woman,NONE,0,all_seats,0,0,144,144,Open,latin,data/jk/2016/Annex B Doda.pdf,5,Annex B Doda.pdf
Jammu & Kashmir,2016,Doda,10. Doda (Ghat),7. Dhara- A,I,Dhara,ward,Other than Woman,NONE,0,all_seats,46,0,326,372,Open,latin,data/jk/2016/Annex B Doda.pdf,5,Annex B Doda.pdf
Jammu & Kashmir,2016,Doda,10. Doda (Ghat),7. Dhara- A,II,Bandote,ward,Woman,NONE,1,all_seats,0,0,186,186,Women,latin,data/jk/2016/Annex B Doda.pdf,5,Annex B Doda.pdf
Jammu & Kashmir,2016,Doda,10. Doda (Ghat),7. Dhara- A,III,Hala,ward,Other than Woman,NONE,0,all_seats,0,0,291,291,Open,latin,data/jk/2016/Annex B Doda.pdf,6,Annex B Doda.pdf
Jammu & Kashmir,2016,Doda,10. Doda (Ghat),7. Dhara- A,IV,Gugrari,ward,Other than Woman,NONE,0,all_seats,0,254,193,447,Open,latin,data/jk/2016/Annex B Doda.pdf,6,Annex B Doda.pdf
Jammu & Kashmir,2016,Doda,10. Doda (Ghat),7. Dhara- A,V,Upper Chanta,ward,Woman,NONE,1,all_seats,0,0,231,231,Women,latin,data/jk/2016/Annex B Doda.pdf,6,Annex B Doda.pdf
Jammu & Kashmir,2016,Doda,10. Doda (Ghat),7. Dhara- A,VI,Darwana,ward,Other than Woman,NONE,0,all_seats,0,0,250,250,Open,latin,data/jk/2016/Annex B Doda.pdf,6,Annex B Doda.pdf
Jammu & Kashmir,2016,Doda,10. Doda (Ghat),8. Dhara- B,I,Posta upper,ward,Other than Woman,NONE,0,all_seats,0,0,222,222,Open,latin,data/jk/2016/Annex B Doda.pdf,6,Annex B Doda.pdf
Jammu & Kashmir,2016,Doda,10. Doda (Ghat),8. Dhara- B,II,Posta lower,ward,Woman,NONE,1,all_seats,0,0,2 2 9,2 2 9,W o m e n,latin,data/jk/2016/Annex B Doda.pdf,6,Annex B Doda.pdf
Jammu & Kashmir,2016,Doda,10. Doda (Ghat),8. Dhara- B,III,Chapara,ward,Other than Woman,NONE,0,all_seats,0,0,260,260,Open,latin,data/jk/2016/Annex B Doda.pdf,6,Annex B Doda.pdf
Jammu & Kashmir,2016,Doda,10. Doda (Ghat),8. Dhara- B,IV,Tashnal,ward,Other than Woman,NONE,0,all_seats,0,0,297,297,Open,latin,data/jk/2016/Annex B Doda.pdf,6,Annex B Doda.pdf
Jammu & Kashmir,2016,Doda,10. Doda (Ghat),8. Dhara- B,V,Mohina,ward,Woman,NONE,1,all_seats,122,0,229,351,Women,latin,data/jk/2016/Annex B Doda.pdf,6,Annex B Doda.pdf
Jammu & Kashmir,2016,Doda,10. Doda (Ghat),8. Dhara- B,VI,Darwana,ward,Other than Woman,NONE,0,all_seats,19,0,286,305,Open,latin,data/jk/2016/Annex B Doda.pdf,6,Annex B Doda.pdf
Jammu & Kashmir,2016,Doda,10. Doda (Ghat),9. Hanch,I,Hanch,ward,Other than Woman,NONE,0,all_seats,0,0,277,277,Open,latin,data/jk/2016/Annex B Doda.pdf,6,Annex B Doda.pdf
Jammu & Kashmir,2016,Doda,10. Doda (Ghat),9. Hanch,II,Chaba,ward,Woman,NONE,1,all_seats,0,0,348,348,Women,latin,data/jk/2016/Annex B Doda.pdf,6,Annex B Doda.pdf
Jammu & Kashmir,2016,Doda,10. Doda (Ghat),9. Hanch,III,Battal,ward,SC Other than Woman,SC,0,all_seats,236,0,126,362,SC,latin,data/jk/2016/Annex B Doda.pdf,6,Annex B Doda.pdf
Jammu & Kashmir,2016,Doda,10. Doda (Ghat),9. Hanch,IV,Dangran,ward,Other than Woman,NONE,0,all_seats,0,0,220,220,Open,latin,data/jk/2016/Annex B Doda.pdf,6,Annex B Doda.pdf
Jammu & Kashmir,2016,Doda,10. Doda (Ghat),9. Hanch,V,Malna,ward,Woman,NONE,1,all_seats,0,0,266,266,Women,latin,data/jk/2016/Annex B Doda.pdf,6,Annex B Doda.pdf
Jammu & Kashmir,2016,Doda,10. Doda (Ghat),9. Hanch,VI,Kotan,ward,Other than Woman,NONE,0,all_seats,0,0,214,214,Open,latin,data/jk/2016/Annex B Doda.pdf,6,Annex B Doda.pdf
Jammu & Kashmir,2016,Doda,10. Doda (Ghat),10. Jijote,I,Malna-A,ward,Other than Woman,NONE,0,all_seats,0,0,189,189,Open,latin,data/jk/2016/Annex B Doda.pdf,6,Annex B Doda.pdf
Jammu & Kashmir,2016,Doda,10. Doda (Ghat),10. Jijote,II,Malna-B,ward,Woman,NONE,1,all_seats,0,0,188,188,Women,latin,data/jk/2016/Annex B Doda.pdf,6,Annex B Doda.pdf
Jammu & Kashmir,2016,Doda,10. Doda (Ghat),10. Jijote,III,Jijhote,ward,Other than Woman,NONE,0,all_seats,84,0,265,349,Open,latin,data/jk/2016/Annex B Doda.pdf,7,Annex B Doda.pdf
Jammu & Kashmir,2016,Doda,10. Doda (Ghat),10. Jijote,IV,Khella,ward,Other than Woman,NONE,0,all_seats,0,0,188,188,Open,latin,data/jk/2016/Annex B Doda.pdf,7,Annex B Doda.pdf
Jammu & Kashmir,2016,Doda,10. Doda (Ghat),10. Jijote,V,Gawalote,ward,Woman,NONE,1,all_seats,62,0,184,246,Women,latin,data/jk/2016/Annex B Doda.pdf,7,Annex B Doda.pdf
Jammu & Kashmir,2016,Doda,10. Doda (Ghat),10. Jijote,VI,Rahi,ward,Other than Woman,NONE,0,all_seats,0,0,222,222,Open,latin,data/jk/2016/Annex B Doda.pdf,7,Annex B Doda.pdf
Jammu & Kashmir,2016,Doda,10. Doda (Ghat),11. Jodhpur- A,I,Dewal-A,ward,Other than Woman,NONE,0,all_seats,5,0,53,58,Open,latin,data/jk/2016/Annex B Doda.pdf,7,Annex B Doda.pdf
Jammu & Kashmir,2016,Doda,10. Doda (Ghat),11. Jodhpur- A,II,Dewal-B,ward,Woman,NONE,1,all_seats,74,0,82,156,Women,latin,data/jk/2016/Annex B Doda.pdf,7,Annex B Doda.pdf
Jammu & Kashmir,2016,Doda,10. Doda (Ghat),11. Jodhpur- A,III,Bagyana,ward,Other than Woman,NONE,0,all_seats,70,0,173,243,Open,latin,data/jk/2016/Annex B Doda.pdf,7,Annex B Doda.pdf
Jammu & Kashmir,2016,Doda,10. Doda (Ghat),11. Jodhpur- A,IV,Killwana,ward,Other than Woman,NONE,0,all_seats,20,0,147,167,Open,latin,data/jk/2016/Annex B Doda.pdf,7,Annex B Doda.pdf
Jammu & Kashmir,2016,Doda,10. Doda (Ghat),11. Jodhpur- A,V,Bellna,ward,SC Woman,SC,1,all_seats,398,0,0,398,SC Women,latin,data/jk/2016/Annex B Doda.pdf,7,Annex B Doda.pdf
Jammu & Kashmir,2016,Doda,10. Doda (Ghat),11. Jodhpur- A,VI,Plalo,ward,Other than Woman,NONE,0,all_seats,0,0,218,218,Open,latin,data/jk/2016/Annex B Doda.pdf,7,Annex B Doda.pdf
Jammu & Kashmir,2016,Doda,10. Doda (Ghat),12. Jodhpur- B,I,Upper Bhatta,ward,Other than Woman,NONE,0,all_seats,0,0,196,196,Open,latin,data/jk/2016/Annex B Doda.pdf,7,Annex B Doda.pdf
Jammu & Kashmir,2016,Doda,10. Doda (Ghat),12. Jodhpur- B,II,Lower Bhatta,ward,Woman,NONE,1,all_seats,24,0,109,133,Women,latin,data/jk/2016/Annex B Doda.pdf,7,Annex B Doda.pdf
Jammu & Kashmir,2016,Doda,10. Doda (Ghat),12. Jodhpur- B,III,Itwas,ward,Other than Woman,NONE,0,all_seats,0,0,210,210,Open,latin,data/jk/2016/Annex B Doda.pdf,7,Annex B Doda.pdf
Jammu & Kashmir,2016,Doda,10. Doda (Ghat),12. Jodhpur- B,IV,Bhulla,ward,SC Other than Woman,SC,0,all_seats,187,0,0,187,SC,latin,data/jk/2016/Annex B Doda.pdf,7,Annex B Doda.pdf
Jammu & Kashmir,2016,Doda,10. Doda (Ghat),12. Jodhpur- B,V,Lower Kashore,ward,Woman,NONE,1,all_seats,40,0,128,168,Women,latin,data/jk/2016/Annex B Doda.pdf,7,Annex B Doda.pdf
Jammu & Kashmir,2016,Doda,10. Doda (Ghat),12. Jodhpur- B,VI,Upper Kashore,ward,Other than Woman,NONE,0,all_seats,33,0,111,144,Open,latin,data/jk/2016/Annex B Doda.pdf,7,Annex B Doda.pdf
Jammu & Kashmir,2016,Doda,10. Doda (Ghat),13. Koti,I,Khangna,ward,Other than Woman,NONE,0,all_seats,0,0,400,400,Open,latin,data/jk/2016/Annex B Doda.pdf,8,Annex B Doda.pdf
Jammu & Kashmir,2016,Doda,10. Doda (Ghat),13. Koti,II,Hash,ward,Woman,NONE,1,all_seats,21,0,446,467,Women,latin,data/jk/2016/Annex B Doda.pdf,8,Annex B Doda.pdf
Jammu & Kashmir,2016,Doda,10. Doda (Ghat),13. Koti,III,Chadrot,ward,Other than Woman,NONE,0,all_seats,0,0,476,476,Open,latin,data/jk/2016/Annex B Doda.pdf,8,Annex B Doda.pdf
Jammu & Kashmir,2016,Doda,10. Doda (Ghat),13. Koti,IV,Chobotte,ward,Other than Woman,NONE,0,all_seats,97,0,436,533,Open,latin,data/jk/2016/Annex B Doda.pdf,8,Annex B Doda.pdf
Jammu & Kashmir,2016,Doda,10. Doda (Ghat),13. Koti,V,Mandwas,ward,Woman,NONE,1,all_seats,0,0,398,398,Women,latin,data/jk/2016/Annex B Doda.pdf,8,Annex B Doda.pdf
Jammu & Kashmir,2016,Doda,10. Doda (Ghat),13. Koti,VI,Basti,ward,Other than Woman,NONE,0,all_seats,0,0,447,447,Open,latin,data/jk/2016/Annex B Doda.pdf,8,Annex B Doda.pdf
Jammu & Kashmir,2016,Doda,10. Doda (Ghat),14. Roti- Paderna,I,Kotra,ward,Other than Woman,NONE,0,all_seats,0,51,249,300,Open,latin,data/jk/2016/Annex B Doda.pdf,8,Annex B Doda.pdf
Jammu & Kashmir,2016,Doda,10. Doda (Ghat),14. Roti- Paderna,II,Sharshi,ward,Woman,NONE,1,all_seats,0,0,344,344,Women,latin,data/jk/2016/Annex B Doda.pdf,8,Annex B Doda.pdf
Jammu & Kashmir,2016,Doda,10. Doda (Ghat),14. Roti- Paderna,III,Paderna,ward,Other than Woman,NONE,0,all_seats,0,0,380,380,Open,latin,data/jk/2016/Annex B Doda.pdf,8,Annex B Doda.pdf
Jammu & Kashmir,2016,Doda,10. Doda (Ghat),14. Roti- Paderna,IV,Dewni,ward,Other than Woman,NONE,0,all_seats,45,30,287,362,Open,latin,data/jk/2016/Annex B Doda.pdf,8,Annex B Doda.pdf
Jammu & Kashmir,2016,Doda,10. Doda (Ghat),14. Roti- Paderna,V,Hamara,ward,Woman,NONE,1,all_seats,0,70,280,350,Women,latin,data/jk/2016/Annex B Doda.pdf,8,Annex B Doda.pdf
Jammu & Kashmir,2016,Doda,10. Doda (Ghat),14. Roti- Paderna,VI,Berri,ward,Other than Woman,NONE,0,all_seats,0,0,267,267,Open,latin,data/jk/2016/Annex B Doda.pdf,8,Annex B Doda.pdf
Jammu & Kashmir,2016,Doda,10. Doda (Ghat),15. Sharerna,I,Ray,ward,SC Other than Woman,SC,0,all_seats,228,0,144,372,SC,latin,data/jk/2016/Annex B Doda.pdf,8,Annex B Doda.pdf
Jammu & Kashmir,2016,Doda,10. Doda (Ghat),15. Sharerna,II,Ganghath a,ward,Woman,NONE,1,all_seats,0,0,227,227,Women,latin,data/jk/2016/Annex B Doda.pdf,8,Annex B Doda.pdf
Jammu & Kashmir,2016,Doda,10. Doda (Ghat),15. Sharerna,III,Sharerna,ward,Other than Woman,NONE,0,all_seats,26,0,299,325,Open,latin,data/jk/2016/Annex B Doda.pdf,8,Annex B Doda.pdf
Jammu & Kashmir,2016,Doda,10. Doda (Ghat),15. Sharerna,IV,Dhara,ward,Other than Woman,NONE,0,all_seats,202,0,284,486,Open,latin,data/jk/2016/Annex B Doda.pdf,8,Annex B Doda.pdf
Jammu & Kashmir,2016,Doda,10. Doda (Ghat),15. Sharerna,V,Sheja,ward,Woman,NONE,1,all_seats,0,0,532,532,Women,latin,data/jk/2016/Annex B Doda.pdf,8,Annex B Doda.pdf
Jammu & Kashmir,2016,Doda,10. Doda (Ghat),15. Sharerna,VI,Bhadra,ward,Other than Woman,NONE,0,all_seats,100,0,226,326,Open,latin,data/jk/2016/Annex B Doda.pdf,8,Annex B Doda.pdf
Jammu & Kashmir,2016,Doda,10. Doda (Ghat),16. Shiva,I,Machrate Khurd,ward,Other than Woman,NONE,0,all_seats,171,0,251,422,Open,latin,data/jk/2016/Annex B Doda.pdf,9,Annex B Doda.pdf
Jammu & Kashmir,2016,Doda,10. Doda (Ghat),16. Shiva,II,Khelota,ward,Woman,NONE,1,all_seats,42,0,253,295,Women,latin,data/jk/2016/Annex B Doda.pdf,9,Annex B Doda.pdf
Jammu & Kashmir,2016,Doda,10. Doda (Ghat),16. Shiva,III,Suhanda,ward,SC Other than Woman,SC,0,all_seats,401,0,255,656,SC,latin,data/jk/2016/Annex B Doda.pdf,9,Annex B Doda.pdf
Jammu & Kashmir,2016,Doda,10. Doda (Ghat),16. Shiva,IV,Masjid Mohalla,ward,Other than Woman,NONE,0,all_seats,16,0,336,352,Open,latin,data/jk/2016/Annex B Doda.pdf,9,Annex B Doda.pdf
Jammu & Kashmir,2016,Doda,10. Doda (Ghat),16. Shiva,V,Draman Mohalla,ward,Woman,NONE,1,all_seats,0,0,341,341,Women,latin,data/jk/2016/Annex B Doda.pdf,9,Annex B Doda.pdf
Jammu & Kashmir,2016,Doda,10. Doda (Ghat),16. Shiva,VI,Lower Shiva,ward,Other than Woman,NONE,0,all_seats,0,35,320,355,Open,latin,data/jk/2016/Annex B Doda.pdf,9,Annex B Doda.pdf
Jammu & Kashmir,2016,Doda,11. Gundana,1. Barshalla,I,Barshalla- A,ward,Other than Woman,NONE,0,all_seats,0,0,285,285,Open,latin,data/jk/2016/Annex B Doda.pdf,9,Annex B Doda.pdf
Jammu & Kashmir,2016,Doda,11. Gundana,1. Barshalla,II,Barshalla- B,ward,Woman,NONE,1,all_seats,70,0,159,229,Women,latin,data/jk/2016/Annex B Doda.pdf,9,Annex B Doda.pdf
Jammu & Kashmir,2016,Doda,11. Gundana,1. Barshalla,III,Barshalla- C,ward,Other than Woman,NONE,0,all_seats,0,0,250,250,Open,latin,data/jk/2016/Annex B Doda.pdf,9,Annex B Doda.pdf
Jammu & Kashmir,2016,Doda,11. Gundana,1. Barshalla,IV,Bhag,ward,Other than Woman,NONE,0,all_seats,0,0,259,259,Open,latin,data/jk/2016/Annex B Doda.pdf,9,Annex B Doda.pdf
Jammu & Kashmir,2016,Doda,11. Gundana,1. Barshalla,V,Seesuli,ward,Woman,NONE,1,all_seats,0,0,205,205,Women,latin,data/jk/2016/Annex B Doda.pdf,9,Annex B Doda.pdf
Jammu & Kashmir,2016,Doda,11. Gundana,1. Barshalla,VI,Bharote,ward,Other than Woman,NONE,0,all_seats,0,0,175,175,Open,latin,data/jk/2016/Annex B Doda.pdf,9,Annex B Doda.pdf
Jammu & Kashmir,2016,Doda,11. Gundana,2. Bhalwan a,I,Bhalwan a,ward,Other than Woman,NONE,0,all_seats,0,0,328,328,Open,latin,data/jk/2016/Annex B Doda.pdf,9,Annex B Doda.pdf
Jammu & Kashmir,2016,Doda,11. Gundana,2. Bhalwan a,II,Judi,ward,Woman,NONE,1,all_seats,40,10,100,150,Women,latin,data/jk/2016/Annex B Doda.pdf,9,Annex B Doda.pdf
Jammu & Kashmir,2016,Doda,11. Gundana,2. Bhalwan a,III,Dachhla,ward,ST Other than Woman,ST,0,all_seats,80,250,70,400,ST,latin,data/jk/2016/Annex B Doda.pdf,9,Annex B Doda.pdf
Jammu & Kashmir,2016,Doda,11. Gundana,2. Bhalwan a,IV,Kanthi,ward,Other than Woman,NONE,0,all_seats,0,0,280,280,Open,latin,data/jk/2016/Annex B Doda.pdf,9,Annex B Doda.pdf
Jammu & Kashmir,2016,Doda,11. Gundana,2. Bhalwan a,V,shinote,ward,SC Woman,SC,1,all_seats,100,0,20,120,SC Women,latin,data/jk/2016/Annex B Doda.pdf,9,Annex B Doda.pdf
Jammu & Kashmir,2016,Doda,11. Gundana,2. Bhalwan a,VI,Bharoti,ward,Other than Woman,NONE,0,all_seats,0,0,226,226,Open,latin,data/jk/2016/Annex B Doda.pdf,9,Annex B Doda.pdf
Jammu & Kashmir,2016,Doda,11. Gundana,3. Cheroute,I,Oshal,ward,Other than Woman,NONE,0,all_seats,0,0,105,105,Open,latin,data/jk/2016/Annex B Doda.pdf,10,Annex B Doda.pdf
Jammu & Kashmir,2016,Doda,11. Gundana,3. Cheroute,II,Kotha,ward,Woman,NONE,1,all_seats,0,0,173,173,Women,latin,data/jk/2016/Annex B Doda.pdf,10,Annex B Doda.pdf
Jammu & Kashmir,2016,Doda,11. Gundana,3. Cheroute,III,Masjid Mohalla,ward,Other than Woman,NONE,0,all_seats,0,0,140,140,Open,latin,data/jk/2016/Annex B Doda.pdf,10,Annex B Doda.pdf
Jammu & Kashmir,2016,Doda,11. Gundana,3. Cheroute,IV,Suhalaba d,ward,Other than Woman,NONE,0,all_seats,0,0,180,180,Open,latin,data/jk/2016/Annex B Doda.pdf,10,Annex B Doda.pdf
Jammu & Kashmir,2016,Doda,11. Gundana,3. Cheroute,V,Zallah Dhak,ward,Woman,NONE,1,all_seats,0,0,160,160,Women,latin,data/jk/2016/Annex B Doda.pdf,10,Annex B Doda.pdf
Jammu & Kashmir,2016,Doda,11. Gundana,3. Cheroute,VI,Shadiwa n,ward,Other than Woman,NONE,0,all_seats,0,0,205,205,Open,latin,data/jk/2016/Annex B Doda.pdf,10,Annex B Doda.pdf
Jammu & Kashmir,2016,Doda,11. Gundana,4. Dal- Khankote,I,Upper Khankote,ward,Other than Woman,NONE,0,all_seats,0,15,445,460,Open,latin,data/jk/2016/Annex B Doda.pdf,10,Annex B Doda.pdf
Jammu & Kashmir,2016,Doda,11. Gundana,4. Dal- Khankote,II,Masjid Mohalla,ward,Woman,NONE,1,all_seats,0,0,599,599,Women,latin,data/jk/2016/Annex B Doda.pdf,10,Annex B Doda.pdf
Jammu & Kashmir,2016,Doda,11. Gundana,4. Dal- Khankote,III,Shupi,ward,Other than Woman,NONE,0,all_seats,0,14,325,339,Open,latin,data/jk/2016/Annex B Doda.pdf,10,Annex B Doda.pdf
Jammu & Kashmir,2016,Doda,11. Gundana,4. Dal- Khankote,IV,Baraharn i,ward,Other than Woman,NONE,0,all_seats,0,117,146,263,Open,latin,data/jk/2016/Annex B Doda.pdf,10,Annex B Doda.pdf
Jammu & Kashmir,2016,Doda,11. Gundana,4. Dal- Khankote,V,Batheker,ward,Woman,NONE,1,all_seats,0,146,190,336,Women,latin,data/jk/2016/Annex B Doda.pdf,10,Annex B Doda.pdf
Jammu & Kashmir,2016,Doda,11. Gundana,4. Dal- Khankote,VI,Bhakna,ward,Other than Woman,NONE,0,all_seats,0,47,462,509,Open,latin,data/jk/2016/Annex B Doda.pdf,10,Annex B Doda.pdf
Jammu & Kashmir,2016,Doda,11. Gundana,5. Dongroo,I,Kamlari,ward,Other than Woman,NONE,0,all_seats,0,0,410,410,Open,latin,data/jk/2016/Annex B Doda.pdf,10,Annex B Doda.pdf
Jammu & Kashmir,2016,Doda,11. Gundana,5. Dongroo,II,Korara,ward,Woman,NONE,1,all_seats,32,0,193,225,Women,latin,data/jk/2016/Annex B Doda.pdf,10,Annex B Doda.pdf
Jammu & Kashmir,2016,Doda,11. Gundana,5. Dongroo,III,Majote,ward,Other than Woman,NONE,0,all_seats,0,20,208,228,Open,latin,data/jk/2016/Annex B Doda.pdf,10,Annex B Doda.pdf
Jammu & Kashmir,2016,Doda,11. Gundana,5. Dongroo,IV,Banjer,ward,Other than Woman,NONE,0,all_seats,53,0,373,426,Open,latin,data/jk/2016/Annex B Doda.pdf,10,Annex B Doda.pdf
Jammu & Kashmir,2016,Doda,11. Gundana,5. Dongroo,V,Dongroo- B,ward,Woman,NONE,1,all_seats,0,12,274,286,Women,latin,data/jk/2016/Annex B Doda.pdf,10,Annex B Doda.pdf
Jammu & Kashmir,2016,Doda,11. Gundana,5. Dongroo,VI,Dongroo- A,ward,Other than Woman,NONE,0,all_seats,15,0,371,386,Open,latin,data/jk/2016/Annex B Doda.pdf,11,Annex B Doda.pdf
Jammu & Kashmir,2016,Doda,11. Gundana,6. Grather- A,I,Karmanp ora,ward,Other than Woman,NONE,0,all_seats,0,0,335,335,Open,latin,data/jk/2016/Annex B Doda.pdf,11,Annex B Doda.pdf
Jammu & Kashmir,2016,Doda,11. Gundana,6. Grather- A,II,Sheyal,ward,Woman,NONE,1,all_seats,0,0,371,371,Women,latin,data/jk/2016/Annex B Doda.pdf,11,Annex B Doda.pdf
Jammu & Kashmir,2016,Doda,11. Gundana,6. Grather- A,III,Badwah,ward,Other than Woman,NONE,0,all_seats,0,0,210,210,Open,latin,data/jk/2016/Annex B Doda.pdf,11,Annex B Doda.pdf
Jammu & Kashmir,2016,Doda,11. Gundana,6. Grather- A,IV,Dhoten,ward,Other than Woman,NONE,0,all_seats,0,0,225,225,Open,latin,data/jk/2016/Annex B Doda.pdf,11,Annex B Doda.pdf
Jammu & Kashmir,2016,Doda,11. Gundana,6. Grather- A,V,Masri,ward,Woman,NONE,1,all_seats,0,0,315,315,Women,latin,data/jk/2016/Annex B Doda.pdf,11,Annex B Doda.pdf
Jammu & Kashmir,2016,Doda,11. Gundana,6. Grather- A,VI,Abli,ward,Other than Woman,NONE,0,all_seats,0,0,300,300,Open,latin,data/jk/2016/Annex B Doda.pdf,11,Annex B Doda.pdf
Jammu & Kashmir,2016,Doda,11. Gundana,7. Grather- B,I,Pinyal,ward,Other than Woman,NONE,0,all_seats,0,0,350,350,Open,latin,data/jk/2016/Annex B Doda.pdf,11,Annex B Doda.pdf
Jammu & Kashmir,2016,Doda,11. Gundana,7. Grather- B,II,Dar Mohalla,ward,Woman,NONE,1,all_seats,0,80,175,255,Women,latin,data/jk/2016/Annex B Doda.pdf,11,Annex B Doda.pdf
Jammu & Kashmir,2016,Doda,11. Gundana,7. Grather- B,III,Gagal Donley,ward,Other than Woman,NONE,0,all_seats,30,0,220,250,Open,latin,data/jk/2016/Annex B Doda.pdf,11,Annex B Doda.pdf
Jammu & Kashmir,2016,Doda,11. Gundana,7. Grather- B,IV,Chilwan,ward,Other than Woman,NONE,0,all_seats,20,0,250,270,Open,latin,data/jk/2016/Annex B Doda.pdf,11,Annex B Doda.pdf
Jammu & Kashmir,2016,Doda,11. Gundana,7. Grather- B,V,Donely,ward,Woman,NONE,1,all_seats,0,0,218,218,Women,latin,data/jk/2016/Annex B Doda.pdf,11,Annex B Doda.pdf
Jammu & Kashmir,2016,Doda,11. Gundana,7. Grather- B,VI,Kheya,ward,SC Other than Woman,SC,0,all_seats,106,100,95,301,SC,latin,data/jk/2016/Annex B Doda.pdf,11,Annex B Doda.pdf
Jammu & Kashmir,2016,Doda,11. Gundana,8. Gundna,I,Mandwal,ward,Other than Woman,NONE,0,all_seats,0,0,190,190,Open,latin,data/jk/2016/Annex B Doda.pdf,11,Annex B Doda.pdf
Jammu & Kashmir,2016,Doda,11. Gundana,8. Gundna,II,Hajiopor a,ward,Woman,NONE,1,all_seats,0,0,280,280,Women,latin,data/jk/2016/Annex B Doda.pdf,11,Annex B Doda.pdf
Jammu & Kashmir,2016,Doda,11. Gundana,8. Gundna,III,Mirpora,ward,Other than Woman,NONE,0,all_seats,0,0,181,181,Open,latin,data/jk/2016/Annex B Doda.pdf,11,Annex B Doda.pdf
Jammu & Kashmir,2016,Doda,11. Gundana,8. Gundna,IV,Kamchal,ward,Other than Woman,NONE,0,all_seats,0,0,199,199,Open,latin,data/jk/2016/Annex B Doda.pdf,12,Annex B Doda.pdf
Jammu & Kashmir,2016,Doda,11. Gundana,8. Gundna,V,Gojer Gwari,ward,Woman,NONE,1,all_seats,0,0,305,305,Women,latin,data/jk/2016/Annex B Doda.pdf,12,Annex B Doda.pdf
Jammu & Kashmir,2016,Doda,11. Gundana,8. Gundna,VI,Dewal,ward,Other than Woman,NONE,0,all_seats,0,0,323,323,Open,latin,data/jk/2016/Annex B Doda.pdf,12,Annex B Doda.pdf
Jammu & Kashmir,2016,Doda,11. Gundana,9. Jatheli,I,Jatheli-A,ward,Other than Woman,NONE,0,all_seats,46,0,190,236,Open,latin,data/jk/2016/Annex B Doda.pdf,12,Annex B Doda.pdf
Jammu & Kashmir,2016,Doda,11. Gundana,9. Jatheli,II,Jatheli-B,ward,Woman,NONE,1,all_seats,0,0,230,230,Women,latin,data/jk/2016/Annex B Doda.pdf,12,Annex B Doda.pdf
Jammu & Kashmir,2016,Doda,11. Gundana,9. Jatheli,III,Dharote,ward,Other than Woman,NONE,0,all_seats,0,0,309,309,Open,latin,data/jk/2016/Annex B Doda.pdf,12,Annex B Doda.pdf
Jammu & Kashmir,2016,Doda,11. Gundana,9. Jatheli,IV,Shanoosh,ward,Other than Woman,NONE,0,all_seats,0,16,208,224,Open,latin,data/jk/2016/Annex B Doda.pdf,12,Annex B Doda.pdf
Jammu & Kashmir,2016,Doda,11. Gundana,9. Jatheli,V,Shiva,ward,Woman,NONE,1,all_seats,147,0,230,377,Women,latin,data/jk/2016/Annex B Doda.pdf,12,Annex B Doda.pdf
Jammu & Kashmir,2016,Doda,11. Gundana,9. Jatheli,VI,Manthori,ward,Other than Woman,NONE,0,all_seats,0,0,270,270,Open,latin,data/jk/2016/Annex B Doda.pdf,12,Annex B Doda.pdf
Jammu & Kashmir,2016,Doda,11. Gundana,9. Jatheli,VII,Chakrant hi,ward,Other than Woman,NONE,0,all_seats,0,0,330,330,Open,latin,data/jk/2016/Annex B Doda.pdf,12,Annex B Doda.pdf
Jammu & Kashmir,2016,Doda,11. Gundana,9. Jatheli,VIII,Bondar,ward,Woman,NONE,1,all_seats,0,0,350,350,Women,latin,data/jk/2016/Annex B Doda.pdf,12,Annex B Doda.pdf
Jammu & Kashmir,2016,Doda,11. Gundana,10 Ludna,I,Ganyti,ward,Other than Woman,NONE,0,all_seats,0,0,376,376,Open,latin,data/jk/2016/Annex B Doda.pdf,12,Annex B Doda.pdf
Jammu & Kashmir,2016,Doda,11. Gundana,10 Ludna,II,Navedab ad,ward,Woman,NONE,1,all_seats,0,0,323,323,Women,latin,data/jk/2016/Annex B Doda.pdf,12,Annex B Doda.pdf
Jammu & Kashmir,2016,Doda,11. Gundana,10 Ludna,III,Gwari,ward,Other than Woman,NONE,0,all_seats,0,90,250,340,Open,latin,data/jk/2016/Annex B Doda.pdf,12,Annex B Doda.pdf
Jammu & Kashmir,2016,Doda,11. Gundana,10 Ludna,IV,Sheikhpo ra,ward,Other than Woman,NONE,0,all_seats,0,0,325,325,Open,latin,data/jk/2016/Annex B Doda.pdf,12,Annex B Doda.pdf
Jammu & Kashmir,2016,Doda,11. Gundana,10 Ludna,V,Kulbal Mirgan,ward,Woman,NONE,1,all_seats,0,0,350,350,Women,latin,data/jk/2016/Annex B Doda.pdf,12,Annex B Doda.pdf
Jammu & Kashmir,2016,Doda,11. Gundana,10 Ludna,VI,Bashee,ward,Other than Woman,NONE,0,all_seats,0,0,450,450,Open,latin,data/jk/2016/Annex B Doda.pdf,13,Annex B Doda.pdf
Jammu & Kashmir,2016,Doda,11. Gundana,11. Malwana East,I,Punekher,ward,Other than Woman,NONE,0,all_seats,61,0,300,361,Open,latin,data/jk/2016/Annex B Doda.pdf,13,Annex B Doda.pdf
Jammu & Kashmir,2016,Doda,11. Gundana,11. Malwana East,II,Chabber,ward,Woman,NONE,1,all_seats,0,0,212,212,Women,latin,data/jk/2016/Annex B Doda.pdf,13,Annex B Doda.pdf
Jammu & Kashmir,2016,Doda,11. Gundana,11. Malwana East,III,Malwana Proper,ward,Other than Woman,NONE,0,all_seats,200,0,297,497,Open,latin,data/jk/2016/Annex B Doda.pdf,13,Annex B Doda.pdf
Jammu & Kashmir,2016,Doda,11. Gundana,11. Malwana East,IV,Rehnote,ward,Other than Woman,NONE,0,all_seats,0,0,257,257,Open,latin,data/jk/2016/Annex B Doda.pdf,13,Annex B Doda.pdf
Jammu & Kashmir,2016,Doda,11. Gundana,11. Malwana East,V,Lonepora,ward,Woman,NONE,1,all_seats,0,0,332,332,Women,latin,data/jk/2016/Annex B Doda.pdf,13,Annex B Doda.pdf
Jammu & Kashmir,2016,Doda,11. Gundana,11. Malwana East,VI,Banshal,ward,Other than Woman,NONE,0,all_seats,0,0,318,318,Open,latin,data/jk/2016/Annex B Doda.pdf,13,Annex B Doda.pdf
Jammu & Kashmir,2016,Doda,11. Gundana,12. Malwana West,I,Wanipor a,ward,Other than Woman,NONE,0,all_seats,0,0,209,209,Open,latin,data/jk/2016/Annex B Doda.pdf,13,Annex B Doda.pdf
Jammu & Kashmir,2016,Doda,11. Gundana,12. Malwana West,II,Parrey pora,ward,Woman,NONE,1,all_seats,0,0,290,290,Women,latin,data/jk/2016/Annex B Doda.pdf,13,Annex B Doda.pdf
Jammu & Kashmir,2016,Doda,11. Gundana,12. Malwana West,III,Akhoonp ora,ward,Other than Woman,NONE,0,all_seats,0,0,285,285,Open,latin,data/jk/2016/Annex B Doda.pdf,13,Annex B Doda.pdf
Jammu & Kashmir,2016,Doda,11. Gundana,12. Malwana West,IV,Buttpora,ward,Other than Woman,NONE,0,all_seats,0,0,260,260,Open,latin,data/jk/2016/Annex B Doda.pdf,13,Annex B Doda.pdf
Jammu & Kashmir,2016,Doda,11. Gundana,12. Malwana West,V,"Chawni, Shibote",ward,Woman,NONE,1,all_seats,0,0,246,246,Women,latin,data/jk/2016/Annex B Doda.pdf,13,Annex B Doda.pdf
Jammu & Kashmir,2016,Doda,11. Gundana,12. Malwana West,VI,Khereni,ward,Other than Woman,NONE,0,all_seats,0,0,255,255,Open,latin,data/jk/2016/Annex B Doda.pdf,13,Annex B Doda.pdf
Jammu & Kashmir,2016,Doda,11. Gundana,13. Mohalla,I,Battal,ward,Other than Woman,NONE,0,all_seats,0,0,302,302,Open,latin,data/jk/2016/Annex B Doda.pdf,13,Annex B Doda.pdf
Jammu & Kashmir,2016,Doda,11. Gundana,13. Mohalla,II,Shaina,ward,Woman,NONE,1,all_seats,46,21,234,301,Women,latin,data/jk/2016/Annex B Doda.pdf,13,Annex B Doda.pdf
Jammu & Kashmir,2016,Doda,11. Gundana,13. Mohalla,III,Bhatta,ward,Other than Woman,NONE,0,all_seats,0,0,263,263,Open,latin,data/jk/2016/Annex B Doda.pdf,13,Annex B Doda.pdf
Jammu & Kashmir,2016,Doda,11. Gundana,13. Mohalla,IV,Mandran a-A,ward,Other than Woman,NONE,0,all_seats,20,0,246,266,Open,latin,data/jk/2016/Annex B Doda.pdf,13,Annex B Doda.pdf
Jammu & Kashmir,2016,Doda,11. Gundana,13. Mohalla,V,Mandran a-B,ward,Woman,NONE,1,all_seats,0,0,366,366,Women,latin,data/jk/2016/Annex B Doda.pdf,14,Annex B Doda.pdf
Jammu & Kashmir,2016,Doda,11. Gundana,13. Mohalla,VI,Dewal,ward,Other than Woman,NONE,0,all_seats,0,0,138,138,Open,latin,data/jk/2016/Annex B Doda.pdf,14,Annex B Doda.pdf
Jammu & Kashmir,2016,Doda,11. Gundana,14. Persholla- A,I,Parshola- L,ward,SC Other than Woman,SC,0,all_seats,330,0,0,330,SC,latin,data/jk/2016/Annex B Doda.pdf,14,Annex B Doda.pdf
Jammu & Kashmir,2016,Doda,11. Gundana,14. Persholla- A,II,Khashore,ward,SC Woman,SC,1,all_seats,350,50,0,400,SC Women,latin,data/jk/2016/Annex B Doda.pdf,14,Annex B Doda.pdf
Jammu & Kashmir,2016,Doda,11. Gundana,14. Persholla- A,III,Gulmans,ward,Other than Woman,NONE,0,all_seats,0,0,275,275,Open,latin,data/jk/2016/Annex B Doda.pdf,14,Annex B Doda.pdf
Jammu & Kashmir,2016,Doda,11. Gundana,14. Persholla- A,IV,Bana,ward,Other than Woman,NONE,0,all_seats,0,0,100,100,Open,latin,data/jk/2016/Annex B Doda.pdf,14,Annex B Doda.pdf
Jammu & Kashmir,2016,Doda,11. Gundana,14. Persholla- A,V,Baddram an,ward,Woman,NONE,1,all_seats,0,0,250,250,Women,latin,data/jk/2016/Annex B Doda.pdf,14,Annex B Doda.pdf
Jammu & Kashmir,2016,Doda,11. Gundana,14. Persholla- A,VI,Assasi,ward,Other than Woman,NONE,0,all_seats,25,0,250,275,Open,latin,data/jk/2016/Annex B Doda.pdf,14,Annex B Doda.pdf
Jammu & Kashmir,2016,Doda,11. Gundana,15. Persholla- B,I,Breswana,ward,Other than Woman,NONE,0,all_seats,0,0,225,225,Open,latin,data/jk/2016/Annex B Doda.pdf,14,Annex B Doda.pdf
Jammu & Kashmir,2016,Doda,11. Gundana,15. Persholla- B,II,Gujjer Basti,ward,Woman,NONE,1,all_seats,0,0,201,201,Women,latin,data/jk/2016/Annex B Doda.pdf,14,Annex B Doda.pdf
Jammu & Kashmir,2016,Doda,11. Gundana,15. Persholla- B,III,Seri,ward,ST Other than Woman,ST,0,all_seats,0,315,0,315,ST,latin,data/jk/2016/Annex B Doda.pdf,14,Annex B Doda.pdf
Jammu & Kashmir,2016,Doda,11. Gundana,15. Persholla- B,IV,Parshula- U,ward,Other than Woman,NONE,0,all_seats,0,0,235,235,Open,latin,data/jk/2016/Annex B Doda.pdf,14,Annex B Doda.pdf
Jammu & Kashmir,2016,Doda,11. Gundana,15. Persholla- B,V,Wanipor a,ward,Woman,NONE,1,all_seats,0,0,245,245,Women,latin,data/jk/2016/Annex B Doda.pdf,14,Annex B Doda.pdf
Jammu & Kashmir,2016,Doda,11. Gundana,15. Persholla- B,VI,Truthi,ward,SC Other than Woman,SC,0,all_seats,250,10,90,350,SC,latin,data/jk/2016/Annex B Doda.pdf,14,Annex B Doda.pdf
Jammu & Kashmir,2016,Doda,11. Gundana,16. Tantna,I,Bhader Gowari,ward,Other than Woman,NONE,0,all_seats,25,0,293,318,Open,latin,data/jk/2016/Annex B Doda.pdf,14,Annex B Doda.pdf
Jammu & Kashmir,2016,Doda,11. Gundana,16. Tantna,II,Malik Gam,ward,Woman,NONE,1,all_seats,0,0,243,243,Women,latin,data/jk/2016/Annex B Doda.pdf,14,Annex B Doda.pdf
Jammu & Kashmir,2016,Doda,11. Gundana,16. Tantna,III,Tantna,ward,Other than Woman,NONE,0,all_seats,22,0,111,133,Open,latin,data/jk/2016/Annex B Doda.pdf,14,Annex B Doda.pdf
Jammu & Kashmir,2016,Doda,11. Gundana,16. Tantna,IV,Khemtha wa,ward,Other than Woman,NONE,0,all_seats,0,0,259,259,Open,latin,data/jk/2016/Annex B Doda.pdf,14,Annex B Doda.pdf
Jammu & Kashmir,2016,Doda,11. Gundana,16. Tantna,V,Gagal,ward,Woman,NONE,1,all_seats,25,0,129,154,Women,latin,data/jk/2016/Annex B Doda.pdf,14,Annex B Doda.pdf
Jammu & Kashmir,2016,Doda,11. Gundana,16. Tantna,VI,Dhaneri,ward,Other than Woman,NONE,0,all_seats,0,0,304,304,Open,latin,data/jk/2016/Annex B Doda.pdf,14,Annex B Doda.pdf
Jammu & Kashmir,2016,Doda,12. Jakyas,1. Bhatyas,I,Bhatyas,ward,Other than Woman,NONE,0,all_seats,0,0,400,400,Open,latin,data/jk/2016/Annex B Doda.pdf,15,Annex B Doda.pdf
Jammu & Kashmir,2016,Doda,12. Jakyas,1. Bhatyas,II,Bhatinee,ward,Woman,NONE,1,all_seats,0,100,174,274,Women,latin,data/jk/2016/Annex B Doda.pdf,15,Annex B Doda.pdf
Jammu & Kashmir,2016,Doda,12. Jakyas,1. Bhatyas,III,"Kund Wanipor a,Nelso",ward,Other than Woman,NONE,0,all_seats,0,0,206,206,Open,latin,data/jk/2016/Annex B Doda.pdf,15,Annex B Doda.pdf
Jammu & Kashmir,2016,Doda,12. Jakyas,1. Bhatyas,IV,Kutwar,ward,Other than Woman,NONE,0,all_seats,0,100,268,368,Open,latin,data/jk/2016/Annex B Doda.pdf,15,Annex B Doda.pdf
Jammu & Kashmir,2016,Doda,12. Jakyas,1. Bhatyas,V,Bamoo,ward,ST Woman,ST,1,all_seats,0,220,82,302,ST Women,latin,data/jk/2016/Annex B Doda.pdf,15,Annex B Doda.pdf
Jammu & Kashmir,2016,Doda,12. Jakyas,1. Bhatyas,VI,Monoie,ward,Other than Woman,NONE,0,all_seats,30,50,264,344,Open,latin,data/jk/2016/Annex B Doda.pdf,15,Annex B Doda.pdf
Jammu & Kashmir,2016,Doda,12. Jakyas,2. Budhli,I,Kalmal,ward,Other than Woman,NONE,0,all_seats,0,0,210,210,Open,latin,data/jk/2016/Annex B Doda.pdf,15,Annex B Doda.pdf
Jammu & Kashmir,2016,Doda,12. Jakyas,2. Budhli,II,Mithanch i,ward,Woman,NONE,1,all_seats,0,0,104,104,Women,latin,data/jk/2016/Annex B Doda.pdf,15,Annex B Doda.pdf
Jammu & Kashmir,2016,Doda,12. Jakyas,2. Budhli,III,Budhli-A,ward,Other than Woman,NONE,0,all_seats,0,0,120,120,Open,latin,data/jk/2016/Annex B Doda.pdf,15,Annex B Doda.pdf
Jammu & Kashmir,2016,Doda,12. Jakyas,2. Budhli,IV,Budhli-B,ward,Other than Woman,NONE,0,all_seats,0,4,147,151,Open,latin,data/jk/2016/Annex B Doda.pdf,15,Annex B Doda.pdf
Jammu & Kashmir,2016,Doda,12. Jakyas,2. Budhli,V,Bogli-A,ward,Woman,NONE,1,all_seats,0,0,72,72,Women,latin,data/jk/2016/Annex B Doda.pdf,15,Annex B Doda.pdf
Jammu & Kashmir,2016,Doda,12. Jakyas,2. Budhli,VI,Bogli-B,ward,Other than Woman,NONE,0,all_seats,0,0,81,81,Open,latin,data/jk/2016/Annex B Doda.pdf,15,Annex B Doda.pdf
Jammu & Kashmir,2016,Doda,12. Jakyas,3. Challer,I,Ganaie pora,ward,Other than Woman,NONE,0,all_seats,0,0,110,110,Open,latin,data/jk/2016/Annex B Doda.pdf,15,Annex B Doda.pdf
Jammu & Kashmir,2016,Doda,12. Jakyas,3. Challer,II,Battpora,ward,Woman,NONE,1,all_seats,0,0,150,150,Women,latin,data/jk/2016/Annex B Doda.pdf,15,Annex B Doda.pdf
Jammu & Kashmir,2016,Doda,12. Jakyas,3. Challer,III,Tanghi Moh.,ward,Other than Woman,NONE,0,all_seats,35,0,195,230,Open,latin,data/jk/2016/Annex B Doda.pdf,15,Annex B Doda.pdf
Jammu & Kashmir,2016,Doda,12. Jakyas,3. Challer,IV,Kanali Moh.,ward,Other than Woman,NONE,0,all_seats,0,0,235,235,Open,latin,data/jk/2016/Annex B Doda.pdf,15,Annex B Doda.pdf
Jammu & Kashmir,2016,Doda,12. Jakyas,3. Challer,V,Challer- A,ward,Woman,NONE,1,all_seats,0,0,260,260,Women,latin,data/jk/2016/Annex B Doda.pdf,15,Annex B Doda.pdf
Jammu & Kashmir,2016,Doda,12. Jakyas,3. Challer,VI,Challer-B,ward,Other than Woman,NONE,0,all_seats,10,0,345,355,Open,latin,data/jk/2016/Annex B Doda.pdf,15,Annex B Doda.pdf
Jammu & Kashmir,2016,Doda,12. Jakyas,4. Champal,I,Champal- A,ward,SC Other than Woman,SC,0,all_seats,218,70,20,308,SC,latin,data/jk/2016/Annex B Doda.pdf,15,Annex B Doda.pdf
Jammu & Kashmir,2016,Doda,12. Jakyas,4. Champal,II,Champal- B,ward,SC Woman,SC,1,all_seats,155,0,46,201,SC Women,latin,data/jk/2016/Annex B Doda.pdf,15,Annex B Doda.pdf
Jammu & Kashmir,2016,Doda,12. Jakyas,4. Champal,III,Champal- C,ward,SC Other than Woman,SC,0,all_seats,62,60,10,132,SC,latin,data/jk/2016/Annex B Doda.pdf,15,Annex B Doda.pdf
Jammu & Kashmir,2016,Doda,12. Jakyas,4. Champal,IV,ST Basti Champal,ward,ST Other than Woman,ST,0,all_seats,0,160,149,309,ST,latin,data/jk/2016/Annex B Doda.pdf,15,Annex B Doda.pdf
Jammu & Kashmir,2016,Doda,12. Jakyas,4. Champal,V,Amraie,ward,ST Woman,ST,1,all_seats,0,105,93,198,ST Women,latin,data/jk/2016/Annex B Doda.pdf,15,Annex B Doda.pdf
Jammu & Kashmir,2016,Doda,12. Jakyas,4. Champal,VI,Talbala,ward,ST Other than Woman,ST,0,all_seats,0,121,0,121,ST,latin,data/jk/2016/Annex B Doda.pdf,16,Annex B Doda.pdf
Jammu & Kashmir,2016,Doda,12. Jakyas,5. Chanyas,I,Chanyas- A,ward,Other than Woman,NONE,0,all_seats,0,0,280,280,Open,latin,data/jk/2016/Annex B Doda.pdf,16,Annex B Doda.pdf
Jammu & Kashmir,2016,Doda,12. Jakyas,5. Chanyas,II,"Sonouth, Khandar ni",ward,Woman,NONE,1,all_seats,0,0,500,500,Women,latin,data/jk/2016/Annex B Doda.pdf,16,Annex B Doda.pdf
Jammu & Kashmir,2016,Doda,12. Jakyas,5. Chanyas,III,Chanpora,ward,Other than Woman,NONE,0,all_seats,0,0,180,180,Open,latin,data/jk/2016/Annex B Doda.pdf,16,Annex B Doda.pdf
Jammu & Kashmir,2016,Doda,12. Jakyas,5. Chanyas,IV,Chanyas- B,ward,Other than Woman,NONE,0,all_seats,0,0,300,300,Open,latin,data/jk/2016/Annex B Doda.pdf,16,Annex B Doda.pdf
Jammu & Kashmir,2016,Doda,12. Jakyas,5. Chanyas,V,Amritpor a Bala,ward,Woman,NONE,1,all_seats,0,0,242,242,Women,latin,data/jk/2016/Annex B Doda.pdf,16,Annex B Doda.pdf
Jammu & Kashmir,2016,Doda,12. Jakyas,5. Chanyas,VI,Amritpor a Pain,ward,Other than Woman,NONE,0,all_seats,0,0,300,300,Open,latin,data/jk/2016/Annex B Doda.pdf,16,Annex B Doda.pdf
Jammu & Kashmir,2016,Doda,12. Jakyas,6. Gondow- A,I,Rajput Mohalla- A,ward,Other than Woman,NONE,0,all_seats,36,0,235,271,Open,latin,data/jk/2016/Annex B Doda.pdf,16,Annex B Doda.pdf
Jammu & Kashmir,2016,Doda,12. Jakyas,6. Gondow- A,II,Tikka Mohalla,ward,Woman,NONE,1,all_seats,0,0,270,270,Women,latin,data/jk/2016/Annex B Doda.pdf,16,Annex B Doda.pdf
Jammu & Kashmir,2016,Doda,12. Jakyas,6. Gondow- A,III,Keen Mohalla,ward,Other than Woman,NONE,0,all_seats,0,0,150,150,Open,latin,data/jk/2016/Annex B Doda.pdf,16,Annex B Doda.pdf
Jammu & Kashmir,2016,Doda,12. Jakyas,6. Gondow- A,IV,Rahari Mohalla,ward,Other than Woman,NONE,0,all_seats,0,0,150,150,Open,latin,data/jk/2016/Annex B Doda.pdf,16,Annex B Doda.pdf
Jammu & Kashmir,2016,Doda,12. Jakyas,6. Gondow- A,V,Kumhar Mohalla- A,ward,Woman,NONE,1,all_seats,0,0,300,300,Women,latin,data/jk/2016/Annex B Doda.pdf,16,Annex B Doda.pdf
Jammu & Kashmir,2016,Doda,12. Jakyas,6. Gondow- A,VI,Bani,ward,Other than Woman,NONE,0,all_seats,0,0,150,150,Open,latin,data/jk/2016/Annex B Doda.pdf,16,Annex B Doda.pdf
Jammu & Kashmir,2016,Doda,12. Jakyas,7. Gondow- B,I,Saraf Mohalla (Nai Basti),ward,Other than Woman,NONE,0,all_seats,0,0,250,250,Open,latin,data/jk/2016/Annex B Doda.pdf,16,Annex B Doda.pdf
Jammu & Kashmir,2016,Doda,12. Jakyas,7. Gondow- B,II,Zarger Mohalla Bungam,ward,Woman,NONE,1,all_seats,0,0,130,130,Women,latin,data/jk/2016/Annex B Doda.pdf,16,Annex B Doda.pdf
Jammu & Kashmir,2016,Doda,12. Jakyas,7. Gondow- B,III,Kumhar Mohalla- B,ward,Other than Woman,NONE,0,all_seats,0,0,210,210,Open,latin,data/jk/2016/Annex B Doda.pdf,16,Annex B Doda.pdf
Jammu & Kashmir,2016,Doda,12. Jakyas,7. Gondow- B,IV,Matto Mohalla,ward,Other than Woman,NONE,0,all_seats,0,0,140,140,Open,latin,data/jk/2016/Annex B Doda.pdf,17,Annex B Doda.pdf
Jammu & Kashmir,2016,Doda,12. Jakyas,7. Gondow- B,V,Zarger Mohalla Upper,ward,Woman,NONE,1,all_seats,0,0,221,221,Women,latin,data/jk/2016/Annex B Doda.pdf,17,Annex B Doda.pdf
Jammu & Kashmir,2016,Doda,12. Jakyas,7. Gondow- B,VI,Khanpor a,ward,Other than Woman,NONE,0,all_seats,0,0,250,250,Open,latin,data/jk/2016/Annex B Doda.pdf,17,Annex B Doda.pdf
Jammu & Kashmir,2016,Doda,12. Jakyas,8. Jakyas- A,I,Jakyas-A,ward,Other than Woman,NONE,0,all_seats,0,0,195,195,Open,latin,data/jk/2016/Annex B Doda.pdf,17,Annex B Doda.pdf
Jammu & Kashmir,2016,Doda,12. Jakyas,8. Jakyas- A,II,Jakyas-B,ward,Woman,NONE,1,all_seats,0,0,189,189,Women,latin,data/jk/2016/Annex B Doda.pdf,17,Annex B Doda.pdf
Jammu & Kashmir,2016,Doda,12. Jakyas,8. Jakyas- A,III,Hanoo-A,ward,Other than Woman,NONE,0,all_seats,0,0,262,262,Open,latin,data/jk/2016/Annex B Doda.pdf,17,Annex B Doda.pdf
Jammu & Kashmir,2016,Doda,12. Jakyas,8. Jakyas- A,IV,Hanoo-B,ward,Other than Woman,NONE,0,all_seats,89,0,160,249,Open,latin,data/jk/2016/Annex B Doda.pdf,17,Annex B Doda.pdf
Jammu & Kashmir,2016,Doda,12. Jakyas,8. Jakyas- A,V,Kuthyara,ward,Woman,NONE,1,all_seats,16,0,220,236,Women,latin,data/jk/2016/Annex B Doda.pdf,17,Annex B Doda.pdf
Jammu & Kashmir,2016,Doda,12. Jakyas,8. Jakyas- A,VI,Jungnalla,ward,Other than Woman,NONE,0,all_seats,0,6,239,245,Open,latin,data/jk/2016/Annex B Doda.pdf,17,Annex B Doda.pdf
Jammu & Kashmir,2016,Doda,12. Jakyas,9. Jakyas- B,I,Bhandern i-A,ward,Other than Woman,NONE,0,all_seats,0,0,157,157,Open,latin,data/jk/2016/Annex B Doda.pdf,17,Annex B Doda.pdf
Jammu & Kashmir,2016,Doda,12. Jakyas,9. Jakyas- B,II,Bhandern i-B,ward,Woman,NONE,1,all_seats,0,0,106,106,Women,latin,data/jk/2016/Annex B Doda.pdf,17,Annex B Doda.pdf
Jammu & Kashmir,2016,Doda,12. Jakyas,9. Jakyas- B,III,Bali-A,ward,Other than Woman,NONE,0,all_seats,0,0,142,142,Open,latin,data/jk/2016/Annex B Doda.pdf,17,Annex B Doda.pdf
Jammu & Kashmir,2016,Doda,12. Jakyas,9. Jakyas- B,IV,Bali-B,ward,Other than Woman,NONE,0,all_seats,0,0,108,108,Open,latin,data/jk/2016/Annex B Doda.pdf,17,Annex B Doda.pdf
Jammu & Kashmir,2016,Doda,12. Jakyas,9. Jakyas- B,V,Chinarra h,ward,SC Woman,SC,1,all_seats,102,0,43,145,SC Women,latin,data/jk/2016/Annex B Doda.pdf,17,Annex B Doda.pdf
Jammu & Kashmir,2016,Doda,12. Jakyas,9. Jakyas- B,VI,Bali-C,ward,Other than Woman,NONE,0,all_seats,0,0,127,127,Open,latin,data/jk/2016/Annex B Doda.pdf,17,Annex B Doda.pdf
Jammu & Kashmir,2016,Doda,12. Jakyas,10. Tilogra,I,Tilogra,ward,Other than Woman,NONE,0,all_seats,0,0,290,290,Open,latin,data/jk/2016/Annex B Doda.pdf,17,Annex B Doda.pdf
Jammu & Kashmir,2016,Doda,12. Jakyas,10. Tilogra,II,Malikpor a,ward,Woman,NONE,1,all_seats,0,0,312,312,Women,latin,data/jk/2016/Annex B Doda.pdf,17,Annex B Doda.pdf
Jammu & Kashmir,2016,Doda,12. Jakyas,10. Tilogra,III,Polie,ward,Other than Woman,NONE,0,all_seats,0,0,480,480,Open,latin,data/jk/2016/Annex B Doda.pdf,17,Annex B Doda.pdf
Jammu & Kashmir,2016,Doda,12. Jakyas,10. Tilogra,IV,Katala Chach,ward,Other than Woman,NONE,0,all_seats,0,148,350,498,Open,latin,data/jk/2016/Annex B Doda.pdf,17,Annex B Doda.pdf
Jammu & Kashmir,2016,Doda,12. Jakyas,10. Tilogra,V,Tendla,ward,Woman,NONE,1,all_seats,0,0,532,532,Women,latin,data/jk/2016/Annex B Doda.pdf,17,Annex B Doda.pdf
Jammu & Kashmir,2016,Doda,12. Jakyas,10. Tilogra,VI,Dhehsan,ward,Other than Woman,NONE,0,all_seats,0,30,478,508,Open,latin,data/jk/2016/Annex B Doda.pdf,17,Annex B Doda.pdf
Jammu & Kashmir,2016,Doda,13. Kahara,1. Bathri,I,Bathri-A,ward,Other than Woman,NONE,0,all_seats,0,89,314,403,Open,latin,data/jk/2016/Annex B Doda.pdf,18,Annex B Doda.pdf
Jammu & Kashmir,2016,Doda,13. Kahara,1. Bathri,II,Bathri-B,ward,Woman,NONE,1,all_seats,0,97,208,305,Women,latin,data/jk/2016/Annex B Doda.pdf,18,Annex B Doda.pdf
Jammu & Kashmir,2016,Doda,13. Kahara,1. Bathri,III,Hutten,ward,ST Other than Woman,ST,0,all_seats,0,232,118,350,ST,latin,data/jk/2016/Annex B Doda.pdf,18,Annex B Doda.pdf
Jammu & Kashmir,2016,Doda,13. Kahara,1. Bathri,IV,Barwar,ward,ST Other than Woman,ST,0,all_seats,0,358,0,358,ST,latin,data/jk/2016/Annex B Doda.pdf,18,Annex B Doda.pdf
Jammu & Kashmir,2016,Doda,13. Kahara,1. Bathri,V,Dhinda Mohalla,ward,ST Woman,ST,1,all_seats,0,495,177,672,ST Women,latin,data/jk/2016/Annex B Doda.pdf,18,Annex B Doda.pdf
Jammu & Kashmir,2016,Doda,13. Kahara,1. Bathri,VI,Kunan,ward,Other than Woman,NONE,0,all_seats,0,98,362,460,Open,latin,data/jk/2016/Annex B Doda.pdf,18,Annex B Doda.pdf
Jammu & Kashmir,2016,Doda,13. Kahara,2. Batogra,I,Batogra A,ward,Other than Woman,NONE,0,all_seats,0,0,260,260,Open,latin,data/jk/2016/Annex B Doda.pdf,18,Annex B Doda.pdf
Jammu & Kashmir,2016,Doda,13. Kahara,2. Batogra,II,Nan B,ward,Woman,NONE,1,all_seats,0,0,240,240,Women,latin,data/jk/2016/Annex B Doda.pdf,18,Annex B Doda.pdf
Jammu & Kashmir,2016,Doda,13. Kahara,2. Batogra,III,Batogra Balla,ward,Other than Woman,NONE,0,all_seats,0,0,270,270,Open,latin,data/jk/2016/Annex B Doda.pdf,18,Annex B Doda.pdf
Jammu & Kashmir,2016,Doda,13. Kahara,2. Batogra,IV,Kanoo,ward,Other than Woman,NONE,0,all_seats,0,0,235,235,Open,latin,data/jk/2016/Annex B Doda.pdf,18,Annex B Doda.pdf
Jammu & Kashmir,2016,Doda,13. Kahara,2. Batogra,V,Butt Moh. Chaba & Nan,ward,Woman,NONE,1,all_seats,0,0,550,550,Women,latin,data/jk/2016/Annex B Doda.pdf,18,Annex B Doda.pdf
Jammu & Kashmir,2016,Doda,13. Kahara,2. Batogra,VI,Fareedab ad & Gawas,ward,Other than Woman,NONE,0,all_seats,0,21,524,545,Open,latin,data/jk/2016/Annex B Doda.pdf,18,Annex B Doda.pdf
Jammu & Kashmir,2016,Doda,13. Kahara,3. Dharyout h,I,Dharyout h,ward,Other than Woman,NONE,0,all_seats,91,0,242,333,Open,latin,data/jk/2016/Annex B Doda.pdf,18,Annex B Doda.pdf
Jammu & Kashmir,2016,Doda,13. Kahara,3. Dharyout h,II,ST Basti Dharyout h,ward,ST Woman,ST,1,all_seats,0,160,0,160,ST Women,latin,data/jk/2016/Annex B Doda.pdf,18,Annex B Doda.pdf
Jammu & Kashmir,2016,Doda,13. Kahara,3. Dharyout h,III,ST Basti Sirthani,ward,ST Other than Woman,ST,0,all_seats,0,130,20,150,ST,latin,data/jk/2016/Annex B Doda.pdf,19,Annex B Doda.pdf
Jammu & Kashmir,2016,Doda,13. Kahara,3. Dharyout h,IV,Kaithan,ward,Other than Woman,NONE,0,all_seats,73,29,213,315,Open,latin,data/jk/2016/Annex B Doda.pdf,19,Annex B Doda.pdf
Jammu & Kashmir,2016,Doda,13. Kahara,3. Dharyout h,V,Kakota,ward,Woman,NONE,1,all_seats,0,0,382,382,Women,latin,data/jk/2016/Annex B Doda.pdf,19,Annex B Doda.pdf
Jammu & Kashmir,2016,Doda,13. Kahara,3. Dharyout h,VI,Kahara,ward,ST Other than Woman,ST,0,all_seats,0,263,51,314,ST,latin,data/jk/2016/Annex B Doda.pdf,19,Annex B Doda.pdf
Jammu & Kashmir,2016,Doda,13. Kahara,4. Goila,I,Kakrie Banjer,ward,Other than Woman,NONE,0,all_seats,0,21,252,273,Open,latin,data/jk/2016/Annex B Doda.pdf,19,Annex B Doda.pdf
Jammu & Kashmir,2016,Doda,13. Kahara,4. Goila,II,Shain Goila,ward,Woman,NONE,1,all_seats,0,0,239,239,Women,latin,data/jk/2016/Annex B Doda.pdf,19,Annex B Doda.pdf
Jammu & Kashmir,2016,Doda,13. Kahara,4. Goila,III,Zouranan,ward,Other than Woman,NONE,0,all_seats,0,0,280,280,Open,latin,data/jk/2016/Annex B Doda.pdf,19,Annex B Doda.pdf
Jammu & Kashmir,2016,Doda,13. Kahara,4. Goila,IV,Kahie,ward,Other than Woman,NONE,0,all_seats,0,0,235,235,Open,latin,data/jk/2016/Annex B Doda.pdf,19,Annex B Doda.pdf
Jammu & Kashmir,2016,Doda,13. Kahara,4. Goila,V,Trankel- A,ward,Woman,NONE,1,all_seats,41,70,279,390,Women,latin,data/jk/2016/Annex B Doda.pdf,19,Annex B Doda.pdf
Jammu & Kashmir,2016,Doda,13. Kahara,4. Goila,VI,Trankel- B,ward,Other than Woman,NONE,0,all_seats,0,0,320,320,Open,latin,data/jk/2016/Annex B Doda.pdf,19,Annex B Doda.pdf
Jammu & Kashmir,2016,Doda,13. Kahara,5. Hallaran,I,Hallaran,ward,Other than Woman,NONE,0,all_seats,28,0,187,215,Open,latin,data/jk/2016/Annex B Doda.pdf,19,Annex B Doda.pdf
Jammu & Kashmir,2016,Doda,13. Kahara,5. Hallaran,II,Sicahl,ward,SC Woman,SC,1,all_seats,138,22,45,205,SC Women,latin,data/jk/2016/Annex B Doda.pdf,19,Annex B Doda.pdf
Jammu & Kashmir,2016,Doda,13. Kahara,5. Hallaran,III,Bajana,ward,SC Woman,SC,1,all_seats,230,0,130,360,SC Women,latin,data/jk/2016/Annex B Doda.pdf,19,Annex B Doda.pdf
Jammu & Kashmir,2016,Doda,13. Kahara,5. Hallaran,IV,Bagan,ward,ST Other than Woman,ST,0,all_seats,24,235,0,259,ST,latin,data/jk/2016/Annex B Doda.pdf,19,Annex B Doda.pdf
Jammu & Kashmir,2016,Doda,13. Kahara,5. Hallaran,V,Khatasoo,ward,ST Woman,ST,1,all_seats,0,305,98,403,ST Women,latin,data/jk/2016/Annex B Doda.pdf,19,Annex B Doda.pdf
Jammu & Kashmir,2016,Doda,13. Kahara,5. Hallaran,VI,Honda,ward,ST Other than Woman,ST,0,all_seats,0,276,0,276,ST,latin,data/jk/2016/Annex B Doda.pdf,19,Annex B Doda.pdf
Jammu & Kashmir,2016,Doda,13. Kahara,6. Jia,I,Jia,ward,Other than Woman,NONE,0,all_seats,32,20,120,172,Open,latin,data/jk/2016/Annex B Doda.pdf,19,Annex B Doda.pdf
Jammu & Kashmir,2016,Doda,13. Kahara,6. Jia,II,Ranote-A,ward,SC Woman,SC,1,all_seats,202,0,0,202,SC Women,latin,data/jk/2016/Annex B Doda.pdf,19,Annex B Doda.pdf
Jammu & Kashmir,2016,Doda,13. Kahara,6. Jia,III,Ranote-B,ward,SC Other than Woman,SC,0,all_seats,186,40,0,226,SC,latin,data/jk/2016/Annex B Doda.pdf,20,Annex B Doda.pdf
Jammu & Kashmir,2016,Doda,13. Kahara,6. Jia,IV,Sugri,ward,Other than Woman,NONE,0,all_seats,16,54,225,295,Open,latin,data/jk/2016/Annex B Doda.pdf,20,Annex B Doda.pdf
Jammu & Kashmir,2016,Doda,13. Kahara,6. Jia,V,Hoja,ward,Woman,NONE,1,all_seats,0,106,201,307,Women,latin,data/jk/2016/Annex B Doda.pdf,20,Annex B Doda.pdf
Jammu & Kashmir,2016,Doda,13. Kahara,6. Jia,VI,Ranjana,ward,Other than Woman,NONE,0,all_seats,0,0,168,168,Open,latin,data/jk/2016/Annex B Doda.pdf,20,Annex B Doda.pdf
Jammu & Kashmir,2016,Doda,13. Kahara,7. Joura,I,Joura Kalan,ward,Other than Woman,NONE,0,all_seats,0,15,287,302,Open,latin,data/jk/2016/Annex B Doda.pdf,20,Annex B Doda.pdf
Jammu & Kashmir,2016,Doda,13. Kahara,7. Joura,II,Shah/Pan dit Mohalla,ward,Woman,NONE,1,all_seats,0,8,279,287,Women,latin,data/jk/2016/Annex B Doda.pdf,20,Annex B Doda.pdf
Jammu & Kashmir,2016,Doda,13. Kahara,7. Joura,III,Budhi,ward,Other than Woman,NONE,0,all_seats,0,22,282,304,Open,latin,data/jk/2016/Annex B Doda.pdf,20,Annex B Doda.pdf
Jammu & Kashmir,2016,Doda,13. Kahara,7. Joura,IV,Kunthal/ Drabi,ward,ST Other than Woman,ST,0,all_seats,0,267,0,267,ST,latin,data/jk/2016/Annex B Doda.pdf,20,Annex B Doda.pdf
Jammu & Kashmir,2016,Doda,13. Kahara,7. Joura,V,Suranga- A,ward,SC Woman,SC,1,all_seats,238,0,12,250,SC Women,latin,data/jk/2016/Annex B Doda.pdf,20,Annex B Doda.pdf
Jammu & Kashmir,2016,Doda,13. Kahara,7. Joura,VI,Suranga- B,ward,Other than Woman,NONE,0,all_seats,0,36,215,251,Open,latin,data/jk/2016/Annex B Doda.pdf,20,Annex B Doda.pdf
Jammu & Kashmir,2016,Doda,13. Kahara,8. Joura Khurd,I,Gallu SC Basti,ward,SC Other than Woman,SC,0,all_seats,173,0,25,198,SC,latin,data/jk/2016/Annex B Doda.pdf,20,Annex B Doda.pdf
Jammu & Kashmir,2016,Doda,13. Kahara,8. Joura Khurd,II,Gallu,ward,Woman,NONE,1,all_seats,0,0,198,198,Women,latin,data/jk/2016/Annex B Doda.pdf,20,Annex B Doda.pdf
Jammu & Kashmir,2016,Doda,13. Kahara,8. Joura Khurd,III,Chandel Moh.,ward,Other than Woman,NONE,0,all_seats,0,0,356,356,Open,latin,data/jk/2016/Annex B Doda.pdf,20,Annex B Doda.pdf
Jammu & Kashmir,2016,Doda,13. Kahara,8. Joura Khurd,IV,Masjid Mohalla,ward,Other than Woman,NONE,0,all_seats,0,0,389,389,Open,latin,data/jk/2016/Annex B Doda.pdf,20,Annex B Doda.pdf
Jammu & Kashmir,2016,Doda,13. Kahara,8. Joura Khurd,V,Khan Mohalla,ward,Woman,NONE,1,all_seats,0,0,405,405,Women,latin,data/jk/2016/Annex B Doda.pdf,20,Annex B Doda.pdf
Jammu & Kashmir,2016,Doda,13. Kahara,8. Joura Khurd,VI,Shamdali an,ward,Other than Woman,NONE,0,all_seats,0,40,352,392,Open,latin,data/jk/2016/Annex B Doda.pdf,20,Annex B Doda.pdf
Jammu & Kashmir,2016,Doda,13. Kahara,9. Kansoo,I,Kansoo- A,ward,SC Other than Woman,SC,0,all_seats,72,0,62,134,SC,latin,data/jk/2016/Annex B Doda.pdf,20,Annex B Doda.pdf
Jammu & Kashmir,2016,Doda,13. Kahara,9. Kansoo,II,Kansoo- B,ward,SC Woman,SC,1,all_seats,76,0,63,139,SC Women,latin,data/jk/2016/Annex B Doda.pdf,20,Annex B Doda.pdf
Jammu & Kashmir,2016,Doda,13. Kahara,9. Kansoo,III,Chaveran,ward,SC Other than Woman,SC,0,all_seats,109,18,9,136,SC,latin,data/jk/2016/Annex B Doda.pdf,21,Annex B Doda.pdf
Jammu & Kashmir,2016,Doda,13. Kahara,9. Kansoo,IV,Bhraw,ward,Other than Woman,NONE,0,all_seats,0,0,68,68,Open,latin,data/jk/2016/Annex B Doda.pdf,21,Annex B Doda.pdf
Jammu & Kashmir,2016,Doda,13. Kahara,9. Kansoo,V,Indlu,ward,Woman,NONE,1,all_seats,0,24,181,205,Women,latin,data/jk/2016/Annex B Doda.pdf,21,Annex B Doda.pdf
Jammu & Kashmir,2016,Doda,13. Kahara,9. Kansoo,VI,Bharnoo,ward,ST Other than Woman,ST,0,all_seats,0,173,31,204,ST,latin,data/jk/2016/Annex B Doda.pdf,21,Annex B Doda.pdf
Jammu & Kashmir,2016,Doda,13. Kahara,10. Kencha/ Bitola,I,Kencha- A,ward,Other than Woman,NONE,0,all_seats,0,56,296,352,Open,latin,data/jk/2016/Annex B Doda.pdf,21,Annex B Doda.pdf
Jammu & Kashmir,2016,Doda,13. Kahara,10. Kencha/ Bitola,II,Kencha- B,ward,Woman,NONE,1,all_seats,0,106,296,402,Women,latin,data/jk/2016/Annex B Doda.pdf,21,Annex B Doda.pdf
Jammu & Kashmir,2016,Doda,13. Kahara,10. Kencha/ Bitola,III,Bagdair,ward,ST Other than Woman,ST,0,all_seats,0,190,60,250,ST,latin,data/jk/2016/Annex B Doda.pdf,21,Annex B Doda.pdf
Jammu & Kashmir,2016,Doda,13. Kahara,10. Kencha/ Bitola,IV,Nagni,ward,Other than Woman,NONE,0,all_seats,0,150,187,337,Open,latin,data/jk/2016/Annex B Doda.pdf,21,Annex B Doda.pdf
Jammu & Kashmir,2016,Doda,13. Kahara,10. Kencha/ Bitola,V,Khandey Mohalla,ward,Woman,NONE,1,all_seats,0,66,235,301,Women,latin,data/jk/2016/Annex B Doda.pdf,21,Annex B Doda.pdf
Jammu & Kashmir,2016,Doda,13. Kahara,10. Kencha/ Bitola,VI,Bitola,ward,Other than Woman,NONE,0,all_seats,0,0,366,366,Open,latin,data/jk/2016/Annex B Doda.pdf,21,Annex B Doda.pdf
Jammu & Kashmir,2016,Doda,13. Kahara,11. Malanoo,I,Malanoo- A,ward,Other than Woman,NONE,0,all_seats,0,0,152,152,Open,latin,data/jk/2016/Annex B Doda.pdf,21,Annex B Doda.pdf
Jammu & Kashmir,2016,Doda,13. Kahara,11. Malanoo,II,Malanoo- B,ward,Woman,NONE,1,all_seats,0,0,195,195,Women,latin,data/jk/2016/Annex B Doda.pdf,21,Annex B Doda.pdf
Jammu & Kashmir,2016,Doda,13. Kahara,11. Malanoo,III,Malanoo- C,ward,Other than Woman,NONE,0,all_seats,0,5,155,160,Open,latin,data/jk/2016/Annex B Doda.pdf,21,Annex B Doda.pdf
Jammu & Kashmir,2016,Doda,13. Kahara,11. Malanoo,IV,Gugara- A,ward,Other than Woman,NONE,0,all_seats,0,0,217,217,Open,latin,data/jk/2016/Annex B Doda.pdf,21,Annex B Doda.pdf
Jammu & Kashmir,2016,Doda,13. Kahara,11. Malanoo,V,Gugara-B,ward,Woman,NONE,1,all_seats,0,0,270,270,Women,latin,data/jk/2016/Annex B Doda.pdf,22,Annex B Doda.pdf
Jammu & Kashmir,2016,Doda,13. Kahara,11. Malanoo,VI,Kumhar Mohalla,ward,Other than Woman,NONE,0,all_seats,0,0,290,290,Open,latin,data/jk/2016/Annex B Doda.pdf,22,Annex B Doda.pdf
Jammu & Kashmir,2016,Doda,13. Kahara,12. Tanta,I,Kushatha wa,ward,Other than Woman,NONE,0,all_seats,0,0,380,380,Open,latin,data/jk/2016/Annex B Doda.pdf,22,Annex B Doda.pdf
Jammu & Kashmir,2016,Doda,13. Kahara,12. Tanta,II,Kuthal,ward,Woman,NONE,1,all_seats,0,0,370,370,Women,latin,data/jk/2016/Annex B Doda.pdf,22,Annex B Doda.pdf
Jammu & Kashmir,2016,Doda,13. Kahara,12. Tanta,III,Tanta,ward,Other than Woman,NONE,0,all_seats,0,0,371,371,Open,latin,data/jk/2016/Annex B Doda.pdf,22,Annex B Doda.pdf
Jammu & Kashmir,2016,Doda,13. Kahara,12. Tanta,IV,Dhanora,ward,Other than Woman,NONE,0,all_seats,0,0,318,318,Open,latin,data/jk/2016/Annex B Doda.pdf,22,Annex B Doda.pdf
Jammu & Kashmir,2016,Doda,13. Kahara,12. Tanta,V,Bagran,ward,Woman,NONE,1,all_seats,0,0,410,410,Women,latin,data/jk/2016/Annex B Doda.pdf,22,Annex B Doda.pdf
Jammu & Kashmir,2016,Doda,13. Kahara,12. Tanta,VI,Draman,ward,Other than Woman,NONE,0,all_seats,0,0,475,475,Open,latin,data/jk/2016/Annex B Doda.pdf,22,Annex B Doda.pdf
Jammu & Kashmir,2016,Doda,14. Kastigarh,1. Dhandal- A,I,Gowari,ward,Other than Woman,NONE,0,all_seats,0,0,519,519,Open,latin,data/jk/2016/Annex B Doda.pdf,22,Annex B Doda.pdf
Jammu & Kashmir,2016,Doda,14. Kastigarh,1. Dhandal- A,II,Nali,ward,Woman,NONE,1,all_seats,0,0,329,329,Women,latin,data/jk/2016/Annex B Doda.pdf,22,Annex B Doda.pdf
Jammu & Kashmir,2016,Doda,14. Kastigarh,1. Dhandal- A,III,Khul,ward,Other than Woman,NONE,0,all_seats,0,0,346,346,Open,latin,data/jk/2016/Annex B Doda.pdf,22,Annex B Doda.pdf
Jammu & Kashmir,2016,Doda,14. Kastigarh,1. Dhandal- A,IV,Thamal,ward,Other than Woman,NONE,0,all_seats,0,0,437,437,Open,latin,data/jk/2016/Annex B Doda.pdf,22,Annex B Doda.pdf
Jammu & Kashmir,2016,Doda,14. Kastigarh,1. Dhandal- A,V,Badrama n,ward,Woman,NONE,1,all_seats,0,0,331,331,Women,latin,data/jk/2016/Annex B Doda.pdf,22,Annex B Doda.pdf
Jammu & Kashmir,2016,Doda,14. Kastigarh,1. Dhandal- A,VI,Dewal,ward,Other than Woman,NONE,0,all_seats,0,0,426,426,Open,latin,data/jk/2016/Annex B Doda.pdf,22,Annex B Doda.pdf
Jammu & Kashmir,2016,Doda,14. Kastigarh,2. Dhandal- B,I,Dhandal Proper,ward,Other than Woman,NONE,0,all_seats,0,0,346,346,Open,latin,data/jk/2016/Annex B Doda.pdf,22,Annex B Doda.pdf
Jammu & Kashmir,2016,Doda,14. Kastigarh,2. Dhandal- B,II,Chhanka,ward,Woman,NONE,1,all_seats,0,0,353,353,Women,latin,data/jk/2016/Annex B Doda.pdf,23,Annex B Doda.pdf
Jammu & Kashmir,2016,Doda,14. Kastigarh,2. Dhandal- B,III,Lari Goshna,ward,Other than Woman,NONE,0,all_seats,0,0,389,389,Open,latin,data/jk/2016/Annex B Doda.pdf,23,Annex B Doda.pdf
Jammu & Kashmir,2016,Doda,14. Kastigarh,2. Dhandal- B,IV,Behari,ward,Other than Woman,NONE,0,all_seats,0,0,371,371,Open,latin,data/jk/2016/Annex B Doda.pdf,23,Annex B Doda.pdf
Jammu & Kashmir,2016,Doda,14. Kastigarh,2. Dhandal- B,V,Chakra,ward,Woman,NONE,1,all_seats,46,14,302,362,Women,latin,data/jk/2016/Annex B Doda.pdf,23,Annex B Doda.pdf
Jammu & Kashmir,2016,Doda,14. Kastigarh,2. Dhandal- B,VI,Dhar,ward,Other than Woman,NONE,0,all_seats,0,0,348,348,Open,latin,data/jk/2016/Annex B Doda.pdf,23,Annex B Doda.pdf
Jammu & Kashmir,2016,Doda,14. Kastigarh,3. Gagla,I,Zangli,ward,Other than Woman,NONE,0,all_seats,125,0,145,270,Open,latin,data/jk/2016/Annex B Doda.pdf,23,Annex B Doda.pdf
Jammu & Kashmir,2016,Doda,14. Kastigarh,3. Gagla,II,Hudwant,ward,Woman,NONE,1,all_seats,13,0,243,256,Women,latin,data/jk/2016/Annex B Doda.pdf,23,Annex B Doda.pdf
Jammu & Kashmir,2016,Doda,14. Kastigarh,3. Gagla,III,Gagla-A,ward,SC Other than Woman,SC,0,all_seats,102,0,100,202,SC,latin,data/jk/2016/Annex B Doda.pdf,23,Annex B Doda.pdf
Jammu & Kashmir,2016,Doda,14. Kastigarh,3. Gagla,IV,Chakan,ward,Other than Woman,NONE,0,all_seats,69,0,287,356,Open,latin,data/jk/2016/Annex B Doda.pdf,23,Annex B Doda.pdf
Jammu & Kashmir,2016,Doda,14. Kastigarh,3. Gagla,V,Gagla-B,ward,SC Woman,SC,1,all_seats,195,0,114,309,SC Women,latin,data/jk/2016/Annex B Doda.pdf,23,Annex B Doda.pdf
Jammu & Kashmir,2016,Doda,14. Kastigarh,3. Gagla,VI,Luder,ward,Other than Woman,NONE,0,all_seats,0,0,189,189,Open,latin,data/jk/2016/Annex B Doda.pdf,23,Annex B Doda.pdf
Jammu & Kashmir,2016,Doda,14. Kastigarh,4. Kastigarh,I,Saras,ward,SC Other than Woman,SC,0,all_seats,267,0,67,334,SC,latin,data/jk/2016/Annex B Doda.pdf,23,Annex B Doda.pdf
Jammu & Kashmir,2016,Doda,14. Kastigarh,4. Kastigarh,II,Daragla,ward,Woman,NONE,1,all_seats,0,22,250,272,Women,latin,data/jk/2016/Annex B Doda.pdf,23,Annex B Doda.pdf
Jammu & Kashmir,2016,Doda,14. Kastigarh,4. Kastigarh,III,Kowvat,ward,Other than Woman,NONE,0,all_seats,0,0,220,220,Open,latin,data/jk/2016/Annex B Doda.pdf,24,Annex B Doda.pdf
Jammu & Kashmir,2016,Doda,14. Kastigarh,4. Kastigarh,IV,Munder,ward,Other than Woman,NONE,0,all_seats,39,0,267,306,Open,latin,data/jk/2016/Annex B Doda.pdf,24,Annex B Doda.pdf
Jammu & Kashmir,2016,Doda,14. Kastigarh,4. Kastigarh,V,Upper Garh,ward,Woman,NONE,1,all_seats,38,0,182,220,Women,latin,data/jk/2016/Annex B Doda.pdf,24,Annex B Doda.pdf
Jammu & Kashmir,2016,Doda,14. Kastigarh,4. Kastigarh,VI,Sheikh mohalla,ward,Other than Woman,NONE,0,all_seats,0,0,250,250,Open,latin,data/jk/2016/Annex B Doda.pdf,24,Annex B Doda.pdf
Jammu & Kashmir,2016,Doda,14. Kastigarh,4. Kastigarh,VII,Breethna,ward,Other than Woman,NONE,0,all_seats,0,0,230,230,Open,latin,data/jk/2016/Annex B Doda.pdf,24,Annex B Doda.pdf
Jammu & Kashmir,2016,Doda,14. Kastigarh,4. Kastigarh,VIII,Kantoi,ward,Woman,NONE,1,all_seats,0,0,175,175,Women,latin,data/jk/2016/Annex B Doda.pdf,24,Annex B Doda.pdf
Jammu & Kashmir,2016,Doda,14. Kastigarh,4. Kastigarh,IX,Zarger Mohalla,ward,Other than Woman,NONE,0,all_seats,0,0,279,279,Open,latin,data/jk/2016/Annex B Doda.pdf,24,Annex B Doda.pdf
Jammu & Kashmir,2016,Doda,14. Kastigarh,4. Kastigarh,X,Khankal,ward,Other than Woman,NONE,0,all_seats,6,0,226,232,Open,latin,data/jk/2016/Annex B Doda.pdf,24,Annex B Doda.pdf
Jammu & Kashmir,2016,Doda,14. Kastigarh,5. Kotli,I,Kotli,ward,Other than Woman,NONE,0,all_seats,25,1,243,269,Open,latin,data/jk/2016/Annex B Doda.pdf,24,Annex B Doda.pdf
Jammu & Kashmir,2016,Doda,14. Kastigarh,5. Kotli,II,Banzel,ward,Woman,NONE,1,all_seats,26,0,292,318,Women,latin,data/jk/2016/Annex B Doda.pdf,24,Annex B Doda.pdf
Jammu & Kashmir,2016,Doda,14. Kastigarh,5. Kotli,III,Shaleen,ward,SC Other than Woman,SC,0,all_seats,401,0,0,401,SC,latin,data/jk/2016/Annex B Doda.pdf,24,Annex B Doda.pdf
Jammu & Kashmir,2016,Doda,14. Kastigarh,5. Kotli,IV,Gowar,ward,Other than Woman,NONE,0,all_seats,152,0,205,357,Open,latin,data/jk/2016/Annex B Doda.pdf,24,Annex B Doda.pdf
Jammu & Kashmir,2016,Doda,14. Kastigarh,5. Kotli,V,Mandol,ward,Woman,NONE,1,all_seats,66,0,303,369,Women,latin,data/jk/2016/Annex B Doda.pdf,24,Annex B Doda.pdf
Jammu & Kashmir,2016,Doda,14. Kastigarh,5. Kotli,VI,Dharouth,ward,Other than Woman,NONE,0,all_seats,62,0,391,453,Open,latin,data/jk/2016/Annex B Doda.pdf,24,Annex B Doda.pdf
Jammu & Kashmir,2016,Doda,14. Kastigarh,6. Kuddhar,I,Nairkote,ward,Other than Woman,NONE,0,all_seats,15,0,396,411,Open,latin,data/jk/2016/Annex B Doda.pdf,25,Annex B Doda.pdf
Jammu & Kashmir,2016,Doda,14. Kastigarh,6. Kuddhar,II,Charshal,ward,Woman,NONE,1,all_seats,0,0,385,385,Women,latin,data/jk/2016/Annex B Doda.pdf,25,Annex B Doda.pdf
Jammu & Kashmir,2016,Doda,14. Kastigarh,6. Kuddhar,III,Munwas,ward,Other than Woman,NONE,0,all_seats,125,0,365,490,Open,latin,data/jk/2016/Annex B Doda.pdf,25,Annex B Doda.pdf
Jammu & Kashmir,2016,Doda,14. Kastigarh,6. Kuddhar,IV,Kud- Dhar,ward,Other than Woman,NONE,0,all_seats,0,0,425,425,Open,latin,data/jk/2016/Annex B Doda.pdf,25,Annex B Doda.pdf
Jammu & Kashmir,2016,Doda,14. Kastigarh,6. Kuddhar,V,Barchan,ward,Woman,NONE,1,all_seats,0,43,300,343,Women,latin,data/jk/2016/Annex B Doda.pdf,25,Annex B Doda.pdf
Jammu & Kashmir,2016,Doda,14. Kastigarh,6. Kuddhar,VI,Malwa,ward,SC Other than Woman,SC,0,all_seats,216,25,101,342,SC,latin,data/jk/2016/Annex B Doda.pdf,25,Annex B Doda.pdf
Jammu & Kashmir,2016,Doda,14. Kastigarh,6. Kuddhar,VII,Laloor,ward,ST Other than Woman,ST,0,all_seats,0,415,350,765,ST,latin,data/jk/2016/Annex B Doda.pdf,25,Annex B Doda.pdf
Jammu & Kashmir,2016,Doda,14. Kastigarh,6. Kuddhar,VIII,Dhana,ward,ST Woman,ST,1,all_seats,0,129,59,188,ST Women,latin,data/jk/2016/Annex B Doda.pdf,25,Annex B Doda.pdf
Jammu & Kashmir,2016,Doda,14. Kastigarh,7. Mund Dhar,I,Larhi,ward,Other than Woman,NONE,0,all_seats,0,0,469,469,Open,latin,data/jk/2016/Annex B Doda.pdf,25,Annex B Doda.pdf
Jammu & Kashmir,2016,Doda,14. Kastigarh,7. Mund Dhar,II,Mutha,ward,Woman,NONE,1,all_seats,0,0,412,412,Women,latin,data/jk/2016/Annex B Doda.pdf,25,Annex B Doda.pdf
Jammu & Kashmir,2016,Doda,14. Kastigarh,7. Mund Dhar,III,Upper Soli,ward,Other than Woman,NONE,0,all_seats,0,0,446,446,Open,latin,data/jk/2016/Annex B Doda.pdf,25,Annex B Doda.pdf
Jammu & Kashmir,2016,Doda,14. Kastigarh,7. Mund Dhar,IV,Soli,ward,Other than Woman,NONE,0,all_seats,0,0,373,373,Open,latin,data/jk/2016/Annex B Doda.pdf,25,Annex B Doda.pdf
Jammu & Kashmir,2016,Doda,14. Kastigarh,7. Mund Dhar,V,Karwas,ward,SC Woman,SC,1,all_seats,410,0,0,410,SC Women,latin,data/jk/2016/Annex B Doda.pdf,25,Annex B Doda.pdf
Jammu & Kashmir,2016,Doda,14. Kastigarh,7. Mund Dhar,VI,Dhar,ward,Other than Woman,NONE,0,all_seats,0,0,410,410,Open,latin,data/jk/2016/Annex B Doda.pdf,25,Annex B Doda.pdf
Jammu & Kashmir,2016,Doda,14. Kastigarh,8. Munddha r lower,I,Khati,ward,Other than Woman,NONE,0,all_seats,0,0,575,575,Open,latin,data/jk/2016/Annex B Doda.pdf,26,Annex B Doda.pdf
Jammu & Kashmir,2016,Doda,14. Kastigarh,8. Munddha r lower,II,Barri,ward,Woman,NONE,1,all_seats,215,63,289,567,Women,latin,data/jk/2016/Annex B Doda.pdf,26,Annex B Doda.pdf
Jammu & Kashmir,2016,Doda,14. Kastigarh,8. Munddha r lower,III,Zulhant,ward,Other than Woman,NONE,0,all_seats,0,0,653,653,Open,latin,data/jk/2016/Annex B Doda.pdf,26,Annex B Doda.pdf
Jammu & Kashmir,2016,Doda,14. Kastigarh,8. Munddha r lower,IV,Zaini,ward,Other than Woman,NONE,0,all_seats,23,0,655,678,Open,latin,data/jk/2016/Annex B Doda.pdf,26,Annex B Doda.pdf
Jammu & Kashmir,2016,Doda,14. Kastigarh,8. Munddha r lower,V,Zadan-A,ward,Woman,NONE,1,all_seats,0,0,631,631,Women,latin,data/jk/2016/Annex B Doda.pdf,26,Annex B Doda.pdf
Jammu & Kashmir,2016,Doda,14. Kastigarh,8. Munddha r lower,VI,Zadan-B,ward,Other than Woman,NONE,0,all_seats,0,0,655,655,Open,latin,data/jk/2016/Annex B Doda.pdf,26,Annex B Doda.pdf
Jammu & Kashmir,2016,Doda,15. Khellani,1. Hambal- A,I,Hambal,ward,Other than Woman,NONE,0,all_seats,0,0,161,161,Open,latin,data/jk/2016/Annex B Doda.pdf,26,Annex B Doda.pdf
Jammu & Kashmir,2016,Doda,15. Khellani,1. Hambal- A,II,Gawar,ward,Woman,NONE,1,all_seats,0,0,159,159,Women,latin,data/jk/2016/Annex B Doda.pdf,26,Annex B Doda.pdf
Jammu & Kashmir,2016,Doda,15. Khellani,1. Hambal- A,III,Shelta,ward,SC Other than Woman,SC,0,all_seats,130,0,45,175,SC,latin,data/jk/2016/Annex B Doda.pdf,26,Annex B Doda.pdf
Jammu & Kashmir,2016,Doda,15. Khellani,1. Hambal- A,IV,Berta,ward,Other than Woman,NONE,0,all_seats,0,0,155,155,Open,latin,data/jk/2016/Annex B Doda.pdf,26,Annex B Doda.pdf
Jammu & Kashmir,2016,Doda,15. Khellani,1. Hambal- A,V,Dukhut,ward,Woman,NONE,1,all_seats,0,0,147,147,Women,latin,data/jk/2016/Annex B Doda.pdf,26,Annex B Doda.pdf
Jammu & Kashmir,2016,Doda,15. Khellani,1. Hambal- A,VI,Korala,ward,SC Other than Woman,SC,0,all_seats,137,0,28,165,SC,latin,data/jk/2016/Annex B Doda.pdf,26,Annex B Doda.pdf
Jammu & Kashmir,2016,Doda,15. Khellani,2. Hambal- B,I,Sharow,ward,SC Other than Woman,SC,0,all_seats,295,0,0,295,SC,latin,data/jk/2016/Annex B Doda.pdf,26,Annex B Doda.pdf
Jammu & Kashmir,2016,Doda,15. Khellani,2. Hambal- B,II,Dedni,ward,Woman,NONE,1,all_seats,0,0,181,181,Women,latin,data/jk/2016/Annex B Doda.pdf,26,Annex B Doda.pdf
Jammu & Kashmir,2016,Doda,15. Khellani,2. Hambal- B,III,Bhargran,ward,SC Other than Woman,SC,0,all_seats,80,0,62,142,SC,latin,data/jk/2016/Annex B Doda.pdf,26,Annex B Doda.pdf
Jammu & Kashmir,2016,Doda,15. Khellani,2. Hambal- B,IV,Keri,ward,Other than Woman,NONE,0,all_seats,49,0,15,64,Open,latin,data/jk/2016/Annex B Doda.pdf,26,Annex B Doda.pdf
Jammu & Kashmir,2016,Doda,15. Khellani,2. Hambal- B,V,Niaie,ward,Woman,NONE,1,all_seats,51,0,59,110,Women,latin,data/jk/2016/Annex B Doda.pdf,26,Annex B Doda.pdf
Jammu & Kashmir,2016,Doda,15. Khellani,2. Hambal- B,VI,Sutla,ward,Other than Woman,NONE,0,all_seats,0,0,145,145,Open,latin,data/jk/2016/Annex B Doda.pdf,26,Annex B Doda.pdf
Jammu & Kashmir,2016,Doda,15. Khellani,3. Khellani,I,Khellani- A,ward,Other than Woman,NONE,0,all_seats,150,0,152,302,Open,latin,data/jk/2016/Annex B Doda.pdf,26,Annex B Doda.pdf
Jammu & Kashmir,2016,Doda,15. Khellani,3. Khellani,II,Khellani- B,ward,Woman,NONE,1,all_seats,60,0,227,287,Women,latin,data/jk/2016/Annex B Doda.pdf,26,Annex B Doda.pdf
Jammu & Kashmir,2016,Doda,15. Khellani,3. Khellani,III,Khellani- C,ward,Other than Woman,NONE,0,all_seats,80,0,201,281,Open,latin,data/jk/2016/Annex B Doda.pdf,26,Annex B Doda.pdf
Jammu & Kashmir,2016,Doda,15. Khellani,3. Khellani,IV,Khellani- D,ward,Other than Woman,NONE,0,all_seats,0,0,271,271,Open,latin,data/jk/2016/Annex B Doda.pdf,26,Annex B Doda.pdf
Jammu & Kashmir,2016,Doda,15. Khellani,3. Khellani,V,Kehliya- A,ward,Woman,NONE,1,all_seats,0,0,173,173,Women,latin,data/jk/2016/Annex B Doda.pdf,26,Annex B Doda.pdf
Jammu & Kashmir,2016,Doda,15. Khellani,3. Khellani,VI,Kehliya- B,ward,Other than Woman,NONE,0,all_seats,0,0,157,157,Open,latin,data/jk/2016/Annex B Doda.pdf,27,Annex B Doda.pdf
Jammu & Kashmir,2016,Doda,15. Khellani,4. Malhori,I,Malhori,ward,Other than Woman,NONE,0,all_seats,0,,253,253,Open,latin,data/jk/2016/Annex B Doda.pdf,27,Annex B Doda.pdf
Jammu & Kashmir,2016,Doda,15. Khellani,4. Malhori,II,Hareera,ward,Woman,NONE,1,all_seats,0,,205,205,Women,latin,data/jk/2016/Annex B Doda.pdf,27,Annex B Doda.pdf
Jammu & Kashmir,2016,Doda,15. Khellani,4. Malhori,III,Soundra,ward,Other than Woman,NONE,0,all_seats,0,,203,203,Open,latin,data/jk/2016/Annex B Doda.pdf,27,Annex B Doda.pdf
Jammu & Kashmir,2016,Doda,15. Khellani,4. Malhori,IV,Kalota-A,ward,Other than Woman,NONE,0,all_seats,45,,215,260,Open,latin,data/jk/2016/Annex B Doda.pdf,27,Annex B Doda.pdf
Jammu & Kashmir,2016,Doda,15. Khellani,4. Malhori,V,Nikhrota,ward,SC Woman,SC,1,all_seats,175,,145,320,SC Women,latin,data/jk/2016/Annex B Doda.pdf,27,Annex B Doda.pdf
Jammu & Kashmir,2016,Doda,15. Khellani,4. Malhori,VI,Upper Malhori,ward,Other than Woman,NONE,0,all_seats,28,,262,290,Open,latin,data/jk/2016/Annex B Doda.pdf,27,Annex B Doda.pdf
Jammu & Kashmir,2016,Doda,15. Khellani,5. Paryote- A,I,Rehi,ward,SC Other than Woman,SC,0,all_seats,170,,102,272,SC,latin,data/jk/2016/Annex B Doda.pdf,27,Annex B Doda.pdf
Jammu & Kashmir,2016,Doda,15. Khellani,5. Paryote- A,II,Chiban,ward,Woman,NONE,1,all_seats,0,,202,202,Women,latin,data/jk/2016/Annex B Doda.pdf,27,Annex B Doda.pdf
Jammu & Kashmir,2016,Doda,15. Khellani,5. Paryote- A,III,Siya,ward,Other than Woman,NONE,0,all_seats,0,,227,227,Open,latin,data/jk/2016/Annex B Doda.pdf,27,Annex B Doda.pdf
Jammu & Kashmir,2016,Doda,15. Khellani,5. Paryote- A,IV,Gigrota,ward,SC Other than Woman,SC,0,all_seats,190,,74,264,SC,latin,data/jk/2016/Annex B Doda.pdf,27,Annex B Doda.pdf
Jammu & Kashmir,2016,Doda,15. Khellani,5. Paryote- A,V,Nagni,ward,Woman,NONE,1,all_seats,0,,175,175,Women,latin,data/jk/2016/Annex B Doda.pdf,27,Annex B Doda.pdf
Jammu & Kashmir,2016,Doda,15. Khellani,5. Paryote- A,VI,Ganghote,ward,SC Other than Woman,SC,0,all_seats,190,,175,365,SC,latin,data/jk/2016/Annex B Doda.pdf,27,Annex B Doda.pdf
Jammu & Kashmir,2016,Doda,15. Khellani,6. Paryote- B,I,Jangalwa r,ward,Other than Woman,NONE,0,all_seats,80,,152,232,Open,latin,data/jk/2016/Annex B Doda.pdf,27,Annex B Doda.pdf
Jammu & Kashmir,2016,Doda,15. Khellani,6. Paryote- B,II,Rehri,ward,Woman,NONE,1,all_seats,50,,81,131,Women,latin,data/jk/2016/Annex B Doda.pdf,27,Annex B Doda.pdf
Jammu & Kashmir,2016,Doda,15. Khellani,6. Paryote- B,III,Bhata-A,ward,SC Other than Woman,SC,0,all_seats,235,,92,327,SC,latin,data/jk/2016/Annex B Doda.pdf,27,Annex B Doda.pdf
Jammu & Kashmir,2016,Doda,15. Khellani,6. Paryote- B,IV,Bhata-B,ward,SC Other than Woman,SC,0,all_seats,205,,58,263,SC,latin,data/jk/2016/Annex B Doda.pdf,28,Annex B Doda.pdf
Jammu & Kashmir,2016,Doda,15. Khellani,6. Paryote- B,V,Janota,ward,Woman,NONE,1,all_seats,10,,175,185,Women,latin,data/jk/2016/Annex B Doda.pdf,28,Annex B Doda.pdf
Jammu & Kashmir,2016,Doda,15. Khellani,6. Paryote- B,VI,Bagerni,ward,Other than Woman,NONE,0,all_seats,10,,160,170,Open,latin,data/jk/2016/Annex B Doda.pdf,28,Annex B Doda.pdf
Jammu & Kashmir,2016,Doda,15. Khellani,7. Sars,I,Sars,ward,Other than Woman,NONE,0,all_seats,0,0,300,300,Open,latin,data/jk/2016/Annex B Doda.pdf,28,Annex B Doda.pdf
Jammu & Kashmir,2016,Doda,15. Khellani,7. Sars,II,Shree,ward,Woman,NONE,1,all_seats,0,0,233,233,Women,latin,data/jk/2016/Annex B Doda.pdf,28,Annex B Doda.pdf
Jammu & Kashmir,2016,Doda,15. Khellani,7. Sars,III,Kharkoli,ward,Other than Woman,NONE,0,all_seats,0,0,255,255,Open,latin,data/jk/2016/Annex B Doda.pdf,28,Annex B Doda.pdf
Jammu & Kashmir,2016,Doda,15. Khellani,7. Sars,IV,Hud,ward,Other than Woman,NONE,0,all_seats,0,0,292,292,Open,latin,data/jk/2016/Annex B Doda.pdf,28,Annex B Doda.pdf
Jammu & Kashmir,2016,Doda,15. Khellani,7. Sars,V,Kathogra,ward,Woman,NONE,1,all_seats,0,0,350,350,Women,latin,data/jk/2016/Annex B Doda.pdf,28,Annex B Doda.pdf
Jammu & Kashmir,2016,Doda,15. Khellani,7. Sars,VI,Loni,ward,Other than Woman,NONE,0,all_seats,0,0,335,335,Open,latin,data/jk/2016/Annex B Doda.pdf,28,Annex B Doda.pdf
Jammu & Kashmir,2016,Doda,15. Khellani,8. Sarsi,I,Dherian,ward,Other than Woman,NONE,0,all_seats,0,0,245,245,Open,latin,data/jk/2016/Annex B Doda.pdf,28,Annex B Doda.pdf
Jammu & Kashmir,2016,Doda,15. Khellani,8. Sarsi,II,Bachh,ward,Woman,NONE,1,all_seats,0,0,250,250,Women,latin,data/jk/2016/Annex B Doda.pdf,28,Annex B Doda.pdf
Jammu & Kashmir,2016,Doda,15. Khellani,8. Sarsi,III,Kukerwa s,ward,Other than Woman,NONE,0,all_seats,0,0,231,231,Open,latin,data/jk/2016/Annex B Doda.pdf,28,Annex B Doda.pdf
Jammu & Kashmir,2016,Doda,15. Khellani,8. Sarsi,IV,Dalanoo,ward,Other than Woman,NONE,0,all_seats,0,0,233,233,Open,latin,data/jk/2016/Annex B Doda.pdf,28,Annex B Doda.pdf
Jammu & Kashmir,2016,Doda,15. Khellani,8. Sarsi,V,Upper Sarsi,ward,Woman,NONE,1,all_seats,0,0,179,179,Women,latin,data/jk/2016/Annex B Doda.pdf,28,Annex B Doda.pdf
Jammu & Kashmir,2016,Doda,15. Khellani,8. Sarsi,VI,Lower sarsi,ward,Other than Woman,NONE,0,all_seats,0,0,200,200,Open,latin,data/jk/2016/Annex B Doda.pdf,28,Annex B Doda.pdf
Jammu & Kashmir,2016,Doda,16. Marmat,1. Bari,I,Bari-A,ward,Other than Woman,NONE,0,all_seats,0,0,211,211,Open,latin,data/jk/2016/Annex B Doda.pdf,28,Annex B Doda.pdf
Jammu & Kashmir,2016,Doda,16. Marmat,1. Bari,II,Bari-B,ward,Woman,NONE,1,all_seats,48,0,121,169,Women,latin,data/jk/2016/Annex B Doda.pdf,28,Annex B Doda.pdf
Jammu & Kashmir,2016,Doda,16. Marmat,1. Bari,III,Bari-C,ward,Other than Woman,NONE,0,all_seats,48,0,155,203,Open,latin,data/jk/2016/Annex B Doda.pdf,28,Annex B Doda.pdf
Jammu & Kashmir,2016,Doda,16. Marmat,1. Bari,IV,Bari-D,ward,SC Other than Woman,SC,0,all_seats,88,0,61,149,SC,latin,data/jk/2016/Annex B Doda.pdf,29,Annex B Doda.pdf
Jammu & Kashmir,2016,Doda,16. Marmat,1. Bari,V,Bari-E,ward,Woman,NONE,1,all_seats,0,0,159,159,Women,latin,data/jk/2016/Annex B Doda.pdf,29,Annex B Doda.pdf
Jammu & Kashmir,2016,Doda,16. Marmat,1. Bari,VI,Bari-F,ward,Other than Woman,NONE,0,all_seats,7,0,115,122,Open,latin,data/jk/2016/Annex B Doda.pdf,29,Annex B Doda.pdf
Jammu & Kashmir,2016,Doda,16. Marmat,2. Behota Loga,I,Loga,ward,Other than Woman,NONE,0,all_seats,0,0,160,160,Open,latin,data/jk/2016/Annex B Doda.pdf,29,Annex B Doda.pdf
Jammu & Kashmir,2016,Doda,16. Marmat,2. Behota Loga,II,Gheber,ward,Woman,NONE,1,all_seats,0,0,185,185,Women,latin,data/jk/2016/Annex B Doda.pdf,29,Annex B Doda.pdf
Jammu & Kashmir,2016,Doda,16. Marmat,2. Behota Loga,III,Mindiana,ward,Other than Woman,NONE,0,all_seats,0,0,180,180,Open,latin,data/jk/2016/Annex B Doda.pdf,29,Annex B Doda.pdf
Jammu & Kashmir,2016,Doda,16. Marmat,2. Behota Loga,IV,Gun,ward,Other than Woman,NONE,0,all_seats,0,0,170,170,Open,latin,data/jk/2016/Annex B Doda.pdf,29,Annex B Doda.pdf
Jammu & Kashmir,2016,Doda,16. Marmat,2. Behota Loga,V,Serwal,ward,Woman,NONE,1,all_seats,0,0,180,180,Women,latin,data/jk/2016/Annex B Doda.pdf,29,Annex B Doda.pdf
Jammu & Kashmir,2016,Doda,16. Marmat,2. Behota Loga,VI,Dranga Gowari,ward,Other than Woman,NONE,0,all_seats,0,0,140,140,Open,latin,data/jk/2016/Annex B Doda.pdf,29,Annex B Doda.pdf
Jammu & Kashmir,2016,Doda,16. Marmat,3. Behota Lower,I,Paterwal,ward,Other than Woman,NONE,0,all_seats,0,0,147,147,Open,latin,data/jk/2016/Annex B Doda.pdf,29,Annex B Doda.pdf
Jammu & Kashmir,2016,Doda,16. Marmat,3. Behota Lower,II,Chilote,ward,Woman,NONE,1,all_seats,0,0,218,218,Women,latin,data/jk/2016/Annex B Doda.pdf,29,Annex B Doda.pdf
Jammu & Kashmir,2016,Doda,16. Marmat,3. Behota Lower,III,Buttgowa ri,ward,Other than Woman,NONE,0,all_seats,18,0,224,242,Open,latin,data/jk/2016/Annex B Doda.pdf,29,Annex B Doda.pdf
Jammu & Kashmir,2016,Doda,16. Marmat,3. Behota Lower,IV,Sankhani,ward,Other than Woman,NONE,0,all_seats,0,0,213,213,Open,latin,data/jk/2016/Annex B Doda.pdf,29,Annex B Doda.pdf
Jammu & Kashmir,2016,Doda,16. Marmat,3. Behota Lower,V,Langdhar,ward,Woman,NONE,1,all_seats,0,0,203,203,Women,latin,data/jk/2016/Annex B Doda.pdf,29,Annex B Doda.pdf
Jammu & Kashmir,2016,Doda,16. Marmat,3. Behota Lower,VI,Wanipor a,ward,Other than Woman,NONE,0,all_seats,0,0,201,201,Open,latin,data/jk/2016/Annex B Doda.pdf,29,Annex B Doda.pdf
Jammu & Kashmir,2016,Doda,16. Marmat,4. Goha,I,Goha-A,ward,SC Other than Woman,SC,0,all_seats,100,0,54,154,SC,latin,data/jk/2016/Annex B Doda.pdf,29,Annex B Doda.pdf
Jammu & Kashmir,2016,Doda,16. Marmat,4. Goha,II,Goha-B,ward,Woman,NONE,1,all_seats,0,0,201,201,Women,latin,data/jk/2016/Annex B Doda.pdf,29,Annex B Doda.pdf
Jammu & Kashmir,2016,Doda,16. Marmat,4. Goha,III,Goha-C,ward,Other than Woman,NONE,0,all_seats,0,0,180,180,Open,latin,data/jk/2016/Annex B Doda.pdf,30,Annex B Doda.pdf
Jammu & Kashmir,2016,Doda,16. Marmat,4. Goha,IV,Hakum- Abad,ward,Other than Woman,NONE,0,all_seats,70,0,85,155,Open,latin,data/jk/2016/Annex B Doda.pdf,30,Annex B Doda.pdf
Jammu & Kashmir,2016,Doda,16. Marmat,4. Goha,V,Papreli,ward,Woman,NONE,1,all_seats,20,0,94,114,Women,latin,data/jk/2016/Annex B Doda.pdf,30,Annex B Doda.pdf
Jammu & Kashmir,2016,Doda,16. Marmat,4. Goha,VI,Chamote,ward,Other than Woman,NONE,0,all_seats,0,0,156,156,Open,latin,data/jk/2016/Annex B Doda.pdf,30,Annex B Doda.pdf
Jammu & Kashmir,2016,Doda,16. Marmat,5. Mangota- A,I,Hamdanp ur,ward,Other than Woman,NONE,0,all_seats,0,0,230,230,Open,latin,data/jk/2016/Annex B Doda.pdf,30,Annex B Doda.pdf
Jammu & Kashmir,2016,Doda,16. Marmat,5. Mangota- A,II,Kanthi,ward,Woman,NONE,1,all_seats,50,0,176,226,Women,latin,data/jk/2016/Annex B Doda.pdf,30,Annex B Doda.pdf
Jammu & Kashmir,2016,Doda,16. Marmat,5. Mangota- A,III,Gadhori,ward,Other than Woman,NONE,0,all_seats,10,16,247,273,Open,latin,data/jk/2016/Annex B Doda.pdf,30,Annex B Doda.pdf
Jammu & Kashmir,2016,Doda,16. Marmat,5. Mangota- A,IV,Bhameter,ward,Other than Woman,NONE,0,all_seats,0,0,210,210,Open,latin,data/jk/2016/Annex B Doda.pdf,30,Annex B Doda.pdf
Jammu & Kashmir,2016,Doda,16. Marmat,5. Mangota- A,V,Manjmali- B,ward,Woman,NONE,1,all_seats,0,0,139,139,Women,latin,data/jk/2016/Annex B Doda.pdf,30,Annex B Doda.pdf
Jammu & Kashmir,2016,Doda,16. Marmat,5. Mangota- A,VI,Batungal,ward,Other than Woman,NONE,0,all_seats,128,0,193,321,Open,latin,data/jk/2016/Annex B Doda.pdf,30,Annex B Doda.pdf
Jammu & Kashmir,2016,Doda,16. Marmat,6. Mangota- B,I,Manjmali- A,ward,Other than Woman,NONE,0,all_seats,0,0,396,396,Open,latin,data/jk/2016/Annex B Doda.pdf,30,Annex B Doda.pdf
Jammu & Kashmir,2016,Doda,16. Marmat,6. Mangota- B,II,Janoli,ward,Woman,NONE,1,all_seats,0,0,180,180,Women,latin,data/jk/2016/Annex B Doda.pdf,30,Annex B Doda.pdf
Jammu & Kashmir,2016,Doda,16. Marmat,6. Mangota- B,III,Kanshoot e,ward,Other than Woman,NONE,0,all_seats,0,0,316,316,Open,latin,data/jk/2016/Annex B Doda.pdf,30,Annex B Doda.pdf
Jammu & Kashmir,2016,Doda,16. Marmat,6. Mangota- B,IV,Janoli-B,ward,Other than Woman,NONE,0,all_seats,0,0,185,185,Open,latin,data/jk/2016/Annex B Doda.pdf,30,Annex B Doda.pdf
Jammu & Kashmir,2016,Doda,16. Marmat,6. Mangota- B,V,Thilroo,ward,Woman,NONE,1,all_seats,0,0,150,150,Women,latin,data/jk/2016/Annex B Doda.pdf,30,Annex B Doda.pdf
Jammu & Kashmir,2016,Doda,16. Marmat,6. Mangota- B,VI,Mandole,ward,Other than Woman,NONE,0,all_seats,102,0,123,225,Open,latin,data/jk/2016/Annex B Doda.pdf,30,Annex B Doda.pdf
Jammu & Kashmir,2016,Doda,16. Marmat,7. Mothi- A,I,Upper Salota,ward,Other than Woman,NONE,0,all_seats,0,92,113,205,Open,latin,data/jk/2016/Annex B Doda.pdf,31,Annex B Doda.pdf
Jammu & Kashmir,2016,Doda,16. Marmat,7. Mothi- A,II,Banjwar,ward,Woman,NONE,1,all_seats,0,0,163,163,Women,latin,data/jk/2016/Annex B Doda.pdf,31,Annex B Doda.pdf
Jammu & Kashmir,2016,Doda,16. Marmat,7. Mothi- A,III,Kund,ward,Other than Woman,NONE,0,all_seats,64,0,99,163,Open,latin,data/jk/2016/Annex B Doda.pdf,31,Annex B Doda.pdf
Jammu & Kashmir,2016,Doda,16. Marmat,7. Mothi- A,IV,Hounshi,ward,Other than Woman,NONE,0,all_seats,42,0,142,184,Open,latin,data/jk/2016/Annex B Doda.pdf,31,Annex B Doda.pdf
Jammu & Kashmir,2016,Doda,16. Marmat,7. Mothi- A,V,Belru,ward,Woman,NONE,1,all_seats,17,0,150,167,Women,latin,data/jk/2016/Annex B Doda.pdf,31,Annex B Doda.pdf
Jammu & Kashmir,2016,Doda,16. Marmat,7. Mothi- A,VI,Kanki,ward,Other than Woman,NONE,0,all_seats,9,0,199,208,Open,latin,data/jk/2016/Annex B Doda.pdf,31,Annex B Doda.pdf
Jammu & Kashmir,2016,Doda,16. Marmat,8. Mothi- B,I,Latwas,ward,Other than Woman,NONE,0,all_seats,16,0,177,193,Open,latin,data/jk/2016/Annex B Doda.pdf,31,Annex B Doda.pdf
Jammu & Kashmir,2016,Doda,16. Marmat,8. Mothi- B,II,Khar Mothi,ward,Woman,NONE,1,all_seats,12,6,247,265,Women,latin,data/jk/2016/Annex B Doda.pdf,31,Annex B Doda.pdf
Jammu & Kashmir,2016,Doda,16. Marmat,8. Mothi- B,III,Rather pora,ward,Other than Woman,NONE,0,all_seats,0,0,153,153,Open,latin,data/jk/2016/Annex B Doda.pdf,31,Annex B Doda.pdf
Jammu & Kashmir,2016,Doda,16. Marmat,8. Mothi- B,IV,Mirgam,ward,Other than Woman,NONE,0,all_seats,0,0,205,205,Open,latin,data/jk/2016/Annex B Doda.pdf,31,Annex B Doda.pdf
Jammu & Kashmir,2016,Doda,16. Marmat,8. Mothi- B,V,Razdan Mohalla,ward,Woman,NONE,1,all_seats,34,0,186,220,Women,latin,data/jk/2016/Annex B Doda.pdf,31,Annex B Doda.pdf
Jammu & Kashmir,2016,Doda,16. Marmat,8. Mothi- B,VI,Masjid Mohalla,ward,Other than Woman,NONE,0,all_seats,0,0,169,169,Open,latin,data/jk/2016/Annex B Doda.pdf,32,Annex B Doda.pdf
Jammu & Kashmir,2016,Doda,16. Marmat,9. Prabal,I,Bhounta,ward,Other than Woman,NONE,0,all_seats,0,0,323,323,Open,latin,data/jk/2016/Annex B Doda.pdf,32,Annex B Doda.pdf
Jammu & Kashmir,2016,Doda,16. Marmat,9. Prabal,II,Kotli,ward,Woman,NONE,1,all_seats,0,0,343,343,Women,latin,data/jk/2016/Annex B Doda.pdf,32,Annex B Doda.pdf
Jammu & Kashmir,2016,Doda,16. Marmat,9. Prabal,III,Sangrana,ward,Other than Woman,NONE,0,all_seats,0,0,301,301,Open,latin,data/jk/2016/Annex B Doda.pdf,32,Annex B Doda.pdf
Jammu & Kashmir,2016,Doda,16. Marmat,9. Prabal,IV,Dandra,ward,Other than Woman,NONE,0,all_seats,0,0,170,170,Open,latin,data/jk/2016/Annex B Doda.pdf,32,Annex B Doda.pdf
Jammu & Kashmir,2016,Doda,16. Marmat,9. Prabal,V,Sunderw as,ward,Woman,NONE,1,all_seats,0,0,143,143,Women,latin,data/jk/2016/Annex B Doda.pdf,32,Annex B Doda.pdf
Jammu & Kashmir,2016,Doda,16. Marmat,9. Prabal,VI,Barkote,ward,Other than Woman,NONE,0,all_seats,0,0,326,326,Open,latin,data/jk/2016/Annex B Doda.pdf,32,Annex B Doda.pdf
Jammu & Kashmir,2016,Doda,16. Marmat,10. Roat- A,I,Roat,ward,Other than Woman,NONE,0,all_seats,0,0,260,260,Open,latin,data/jk/2016/Annex B Doda.pdf,32,Annex B Doda.pdf
Jammu & Kashmir,2016,Doda,16. Marmat,10. Roat- A,II,Rachho,ward,Woman,NONE,1,all_seats,0,0,243,243,Women,latin,data/jk/2016/Annex B Doda.pdf,32,Annex B Doda.pdf
Jammu & Kashmir,2016,Doda,16. Marmat,10. Roat- A,III,Har,ward,Other than Woman,NONE,0,all_seats,9,0,163,172,Open,latin,data/jk/2016/Annex B Doda.pdf,32,Annex B Doda.pdf
Jammu & Kashmir,2016,Doda,16. Marmat,10. Roat- A,IV,Kudal,ward,Other than Woman,NONE,0,all_seats,7,0,175,182,Open,latin,data/jk/2016/Annex B Doda.pdf,32,Annex B Doda.pdf
Jammu & Kashmir,2016,Doda,16. Marmat,10. Roat- A,V,Chugu,ward,Woman,NONE,1,all_seats,70,0,120,190,Women,latin,data/jk/2016/Annex B Doda.pdf,32,Annex B Doda.pdf
Jammu & Kashmir,2016,Doda,16. Marmat,10. Roat- A,VI,Mandir Mohalla SC,ward,SC Other than Woman,SC,0,all_seats,268,0,30,298,SC,latin,data/jk/2016/Annex B Doda.pdf,32,Annex B Doda.pdf
Jammu & Kashmir,2016,Doda,16. Marmat,11. Roat- B,I,Fintiana,ward,Other than Woman,NONE,0,all_seats,112,0,144,256,Open,latin,data/jk/2016/Annex B Doda.pdf,32,Annex B Doda.pdf
Jammu & Kashmir,2016,Doda,16. Marmat,11. Roat- B,II,Bhumhar,ward,SC Woman,SC,1,all_seats,200,0,30,230,SC Women,latin,data/jk/2016/Annex B Doda.pdf,32,Annex B Doda.pdf
Jammu & Kashmir,2016,Doda,16. Marmat,11. Roat- B,III,Banan,ward,Other than Woman,NONE,0,all_seats,0,0,205,205,Open,latin,data/jk/2016/Annex B Doda.pdf,32,Annex B Doda.pdf
Jammu & Kashmir,2016,Doda,16. Marmat,11. Roat- B,IV,Kothi,ward,Other than Woman,NONE,0,all_seats,0,62,178,240,Open,latin,data/jk/2016/Annex B Doda.pdf,32,Annex B Doda.pdf
Jammu & Kashmir,2016,Doda,16. Marmat,11. Roat- B,V,Malikpor a,ward,Woman,NONE,1,all_seats,0,0,314,314,Women,latin,data/jk/2016/Annex B Doda.pdf,32,Annex B Doda.pdf
Jammu & Kashmir,2016,Doda,16. Marmat,11. Roat- B,VI,Khariri,ward,Other than Woman,NONE,0,all_seats,0,0,220,220,Open,latin,data/jk/2016/Annex B Doda.pdf,32,Annex B Doda.pdf
Jammu & Kashmir,2016,Doda,16. Marmat,12. Sarak,I,Sarak,ward,Other than Woman,NONE,0,all_seats,0,0,232,232,Open,latin,data/jk/2016/Annex B Doda.pdf,32,Annex B Doda.pdf
Jammu & Kashmir,2016,Doda,16. Marmat,12. Sarak,II,Danda,ward,Woman,NONE,1,all_seats,0,0,169,169,Women,latin,data/jk/2016/Annex B Doda.pdf,32,Annex B Doda.pdf
Jammu & Kashmir,2016,Doda,16. Marmat,12. Sarak,III,Sirra,ward,Other than Woman,NONE,0,all_seats,0,0,225,225,Open,latin,data/jk/2016/Annex B Doda.pdf,32,Annex B Doda.pdf
Jammu & Kashmir,2016,Doda,16. Marmat,12. Sarak,IV,Labber,ward,Other than Woman,NONE,0,all_seats,60,0,249,309,Open,latin,data/jk/2016/Annex B Doda.pdf,32,Annex B Doda.pdf
Jammu & Kashmir,2016,Doda,16. Marmat,12. Sarak,V,Gabber,ward,Woman,NONE,1,all_seats,10,0,274,284,Women,latin,data/jk/2016/Annex B Doda.pdf,33,Annex B Doda.pdf
Jammu & Kashmir,2016,Doda,16. Marmat,12. Sarak,VI,Kharkal,ward,Other than Woman,NONE,0,all_seats,10,0,228,238,Open,latin,data/jk/2016/Annex B Doda.pdf,33,Annex B Doda.pdf
Jammu & Kashmir,2016,Doda,16. Marmat,13. Sewat,I,Sewat-A,ward,Other than Woman,NONE,0,all_seats,30,0,160,190,Open,latin,data/jk/2016/Annex B Doda.pdf,33,Annex B Doda.pdf
Jammu & Kashmir,2016,Doda,16. Marmat,13. Sewat,II,Sewat-B,ward,SC Woman,SC,1,all_seats,100,0,30,130,SC Women,latin,data/jk/2016/Annex B Doda.pdf,33,Annex B Doda.pdf
Jammu & Kashmir,2016,Doda,16. Marmat,13. Sewat,III,Sewat-C,ward,Other than Woman,NONE,0,all_seats,0,0,205,205,Open,latin,data/jk/2016/Annex B Doda.pdf,33,Annex B Doda.pdf
Jammu & Kashmir,2016,Doda,16. Marmat,13. Sewat,IV,Sewat-D,ward,Other than Woman,NONE,0,all_seats,0,0,140,140,Open,latin,data/jk/2016/Annex B Doda.pdf,33,Annex B Doda.pdf
Jammu & Kashmir,2016,Doda,16. Marmat,13. Sewat,V,Sewat-E,ward,Woman,NONE,1,all_seats,50,0,191,241,Women,latin,data/jk/2016/Annex B Doda.pdf,33,Annex B Doda.pdf
Jammu & Kashmir,2016,Doda,16. Marmat,13. Sewat,VI,Sewat-F,ward,Other than Woman,NONE,0,all_seats,0,0,130,130,Open,latin,data/jk/2016/Annex B Doda.pdf,33,Annex B Doda.pdf
Jammu & Kashmir,2016,Doda,16. Marmat,14. Upper Behota,I,Jaroth,ward,ST Other than Woman,ST,0,all_seats,36,131,36,203,ST,latin,data/jk/2016/Annex B Doda.pdf,33,Annex B Doda.pdf
Jammu & Kashmir,2016,Doda,16. Marmat,14. Upper Behota,II,Khaterya r,ward,ST Woman,ST,1,all_seats,30,120,87,237,ST Women,latin,data/jk/2016/Annex B Doda.pdf,33,Annex B Doda.pdf
Jammu & Kashmir,2016,Doda,16. Marmat,14. Upper Behota,III,Upper Behota,ward,Other than Woman,NONE,0,all_seats,24,25,173,222,Open,latin,data/jk/2016/Annex B Doda.pdf,33,Annex B Doda.pdf
Jammu & Kashmir,2016,Doda,16. Marmat,14. Upper Behota,IV,Bhatoli,ward,Other than Woman,NONE,0,all_seats,0,0,221,221,Open,latin,data/jk/2016/Annex B Doda.pdf,33,Annex B Doda.pdf
Jammu & Kashmir,2016,Doda,16. Marmat,14. Upper Behota,V,Shali,ward,Woman,NONE,1,all_seats,0,0,200,200,Women,latin,data/jk/2016/Annex B Doda.pdf,33,Annex B Doda.pdf
Jammu & Kashmir,2016,Doda,16. Marmat,14. Upper Behota,VI,Goila,ward,Other than Woman,NONE,0,all_seats,30,80,124,234,Open,latin,data/jk/2016/Annex B Doda.pdf,33,Annex B Doda.pdf
Jammu & Kashmir,2016,Doda,17. Thathri,1. Bhatoli,I,Dichhal,ward,ST Other than Woman,ST,0,all_seats,53,226,143,422,ST,latin,data/jk/2016/Annex B Doda.pdf,33,Annex B Doda.pdf
Jammu & Kashmir,2016,Doda,17. Thathri,1. Bhatoli,II,Dadwar Dhinda,ward,SC Woman,SC,1,all_seats,123,75,65,263,SC Women,latin,data/jk/2016/Annex B Doda.pdf,33,Annex B Doda.pdf
Jammu & Kashmir,2016,Doda,17. Thathri,1. Bhatoli,III,Kuthiare,ward,Other than Woman,NONE,0,all_seats,0,92,132,224,Open,latin,data/jk/2016/Annex B Doda.pdf,34,Annex B Doda.pdf
Jammu & Kashmir,2016,Doda,17. Thathri,1. Bhatoli,IV,Nagni,ward,Other than Woman,NONE,0,all_seats,84,185,248,517,Open,latin,data/jk/2016/Annex B Doda.pdf,34,Annex B Doda.pdf
Jammu & Kashmir,2016,Doda,17. Thathri,1. Bhatoli,V,Piakul,ward,ST Woman,ST,1,all_seats,0,261,149,410,ST Women,latin,data/jk/2016/Annex B Doda.pdf,34,Annex B Doda.pdf
Jammu & Kashmir,2016,Doda,17. Thathri,1. Bhatoli,VI,Bhatoli,ward,Other than Woman,NONE,0,all_seats,0,179,274,453,Open,latin,data/jk/2016/Annex B Doda.pdf,34,Annex B Doda.pdf
Jammu & Kashmir,2016,Doda,17. Thathri,2. Bhella,I,Bhella-A,ward,Other than Woman,NONE,0,all_seats,100,0,150,250,Open,latin,data/jk/2016/Annex B Doda.pdf,34,Annex B Doda.pdf
Jammu & Kashmir,2016,Doda,17. Thathri,2. Bhella,II,Bhella-B,ward,Woman,NONE,1,all_seats,0,0,251,251,Women,latin,data/jk/2016/Annex B Doda.pdf,34,Annex B Doda.pdf
Jammu & Kashmir,2016,Doda,17. Thathri,2. Bhella,III,Mali,ward,Other than Woman,NONE,0,all_seats,8,6,250,264,Open,latin,data/jk/2016/Annex B Doda.pdf,34,Annex B Doda.pdf
Jammu & Kashmir,2016,Doda,17. Thathri,2. Bhella,IV,Shardhan i,ward,Other than Woman,NONE,0,all_seats,65,0,150,215,Open,latin,data/jk/2016/Annex B Doda.pdf,34,Annex B Doda.pdf
Jammu & Kashmir,2016,Doda,17. Thathri,2. Bhella,V,Gagraney,ward,Woman,NONE,1,all_seats,0,0,302,302,Women,latin,data/jk/2016/Annex B Doda.pdf,34,Annex B Doda.pdf
Jammu & Kashmir,2016,Doda,17. Thathri,2. Bhella,VI,Ghara,ward,Other than Woman,NONE,0,all_seats,50,0,325,375,Open,latin,data/jk/2016/Annex B Doda.pdf,34,Annex B Doda.pdf
Jammu & Kashmir,2016,Doda,17. Thathri,3. Jangalwa r,I,Nowtass,ward,Other than Woman,NONE,0,all_seats,0,0,614,614,Open,latin,data/jk/2016/Annex B Doda.pdf,34,Annex B Doda.pdf
Jammu & Kashmir,2016,Doda,17. Thathri,3. Jangalwa r,II,Batara,ward,Woman,NONE,1,all_seats,0,0,395,395,Women,latin,data/jk/2016/Annex B Doda.pdf,34,Annex B Doda.pdf
Jammu & Kashmir,2016,Doda,17. Thathri,3. Jangalwa r,III,Jangalwa r,ward,Other than Woman,NONE,0,all_seats,31,0,425,456,Open,latin,data/jk/2016/Annex B Doda.pdf,34,Annex B Doda.pdf
Jammu & Kashmir,2016,Doda,17. Thathri,3. Jangalwa r,IV,Dargam,ward,Other than Woman,NONE,0,all_seats,0,0,289,289,Open,latin,data/jk/2016/Annex B Doda.pdf,34,Annex B Doda.pdf
Jammu & Kashmir,2016,Doda,17. Thathri,3. Jangalwa r,V,Kahilla- A,ward,SC Woman,SC,1,all_seats,112,0,105,217,SC Women,latin,data/jk/2016/Annex B Doda.pdf,34,Annex B Doda.pdf
Jammu & Kashmir,2016,Doda,17. Thathri,3. Jangalwa r,VI,Kahilla- B,ward,Other than Woman,NONE,0,all_seats,92,0,156,248,Open,latin,data/jk/2016/Annex B Doda.pdf,34,Annex B Doda.pdf
Jammu & Kashmir,2016,Doda,17. Thathri,4. Kandote,I,Upper Charya,ward,SC Other than Woman,SC,0,all_seats,204,0,0,204,SC,latin,data/jk/2016/Annex B Doda.pdf,34,Annex B Doda.pdf
Jammu & Kashmir,2016,Doda,17. Thathri,4. Kandote,II,Lower Charya,ward,SC Woman,SC,1,all_seats,205,0,0,205,SC Women,latin,data/jk/2016/Annex B Doda.pdf,34,Annex B Doda.pdf
Jammu & Kashmir,2016,Doda,17. Thathri,4. Kandote,III,Kandote- A,ward,Other than Woman,NONE,0,all_seats,0,0,205,205,Open,latin,data/jk/2016/Annex B Doda.pdf,34,Annex B Doda.pdf
Jammu & Kashmir,2016,Doda,17. Thathri,4. Kandote,IV,Kandote- B,ward,Other than Woman,NONE,0,all_seats,0,0,210,210,Open,latin,data/jk/2016/Annex B Doda.pdf,35,Annex B Doda.pdf
Jammu & Kashmir,2016,Doda,17. Thathri,4. Kandote,V,Kandote- C,ward,Woman,NONE,1,all_seats,25,0,180,205,Women,latin,data/jk/2016/Annex B Doda.pdf,35,Annex B Doda.pdf
Jammu & Kashmir,2016,Doda,17. Thathri,4. Kandote,VI,Premnage r,ward,Other than Woman,NONE,0,all_seats,18,0,199,217,Open,latin,data/jk/2016/Annex B Doda.pdf,35,Annex B Doda.pdf
Jammu & Kashmir,2016,Doda,17. Thathri,4. Kandote,VII,Middle Parnote,ward,Other than Woman,NONE,0,all_seats,0,0,250,250,Open,latin,data/jk/2016/Annex B Doda.pdf,35,Annex B Doda.pdf
Jammu & Kashmir,2016,Doda,17. Thathri,4. Kandote,VIII,Upper Parnote,ward,Woman,NONE,1,all_seats,25,0,252,277,Women,latin,data/jk/2016/Annex B Doda.pdf,35,Annex B Doda.pdf
Jammu & Kashmir,2016,Doda,17. Thathri,5. Nandna,I,Butt Mohalla,ward,Other than Woman,NONE,0,all_seats,54,41,159,254,Open,latin,data/jk/2016/Annex B Doda.pdf,35,Annex B Doda.pdf
Jammu & Kashmir,2016,Doda,17. Thathri,5. Nandna,II,Bandoga,ward,Woman,NONE,1,all_seats,47,9,327,383,Women,latin,data/jk/2016/Annex B Doda.pdf,35,Annex B Doda.pdf
Jammu & Kashmir,2016,Doda,17. Thathri,5. Nandna,III,Mahri,ward,ST Other than Woman,ST,0,all_seats,52,283,83,418,ST,latin,data/jk/2016/Annex B Doda.pdf,35,Annex B Doda.pdf
Jammu & Kashmir,2016,Doda,17. Thathri,5. Nandna,IV,Cheera,ward,Other than Woman,NONE,0,all_seats,0,0,385,385,Open,latin,data/jk/2016/Annex B Doda.pdf,35,Annex B Doda.pdf
Jammu & Kashmir,2016,Doda,17. Thathri,5. Nandna,V,Chuteri,ward,Woman,NONE,1,all_seats,0,45,174,219,Women,latin,data/jk/2016/Annex B Doda.pdf,35,Annex B Doda.pdf
Jammu & Kashmir,2016,Doda,17. Thathri,5. Nandna,VI,Nandana,ward,Other than Woman,NONE,0,all_seats,0,0,359,359,Open,latin,data/jk/2016/Annex B Doda.pdf,35,Annex B Doda.pdf
Jammu & Kashmir,2016,Doda,17. Thathri,6. Panthan,I,Panthan,ward,SC Other than Woman,SC,0,all_seats,171,0,116,287,SC,latin,data/jk/2016/Annex B Doda.pdf,35,Annex B Doda.pdf
Jammu & Kashmir,2016,Doda,17. Thathri,6. Panthan,II,Hirani,ward,SC Woman,SC,1,all_seats,273,0,0,273,SC Women,latin,data/jk/2016/Annex B Doda.pdf,35,Annex B Doda.pdf
Jammu & Kashmir,2016,Doda,17. Thathri,6. Panthan,III,Dron- kirani-A,ward,SC Other than Woman,SC,0,all_seats,223,0,0,223,SC,latin,data/jk/2016/Annex B Doda.pdf,35,Annex B Doda.pdf
Jammu & Kashmir,2016,Doda,17. Thathri,6. Panthan,IV,Dron- kirani-B,ward,SC Other than Woman,SC,0,all_seats,111,0,0,111,SC,latin,data/jk/2016/Annex B Doda.pdf,35,Annex B Doda.pdf
Jammu & Kashmir,2016,Doda,17. Thathri,6. Panthan,V,Drown Jamani,ward,SC Woman,SC,1,all_seats,287,0,0,287,SC Women,latin,data/jk/2016/Annex B Doda.pdf,35,Annex B Doda.pdf
Jammu & Kashmir,2016,Doda,17. Thathri,6. Panthan,VI,Shibnote,ward,SC Other than Woman,SC,0,all_seats,243,0,0,243,SC,latin,data/jk/2016/Annex B Doda.pdf,35,Annex B Doda.pdf
Jammu & Kashmir,2016,Doda,17. Thathri,7. Phagsoo- A,I,Phagsoo- A,ward,Other than Woman,NONE,0,all_seats,0,0,540,540,Open,latin,data/jk/2016/Annex B Doda.pdf,35,Annex B Doda.pdf
Jammu & Kashmir,2016,Doda,17. Thathri,7. Phagsoo- A,II,Phagsoo- B,ward,Woman,NONE,1,all_seats,0,0,460,460,Women,latin,data/jk/2016/Annex B Doda.pdf,35,Annex B Doda.pdf
Jammu & Kashmir,2016,Doda,17. Thathri,7. Phagsoo- A,III,Phagsoo- C,ward,Other than Woman,NONE,0,all_seats,0,0,537,537,Open,latin,data/jk/2016/Annex B Doda.pdf,36,Annex B Doda.pdf
Jammu & Kashmir,2016,Doda,17. Thathri,7. Phagsoo- A,IV,Phagsoo- D,ward,Other than Woman,NONE,0,all_seats,0,0,468,468,Open,latin,data/jk/2016/Annex B Doda.pdf,36,Annex B Doda.pdf
Jammu & Kashmir,2016,Doda,17. Thathri,7. Phagsoo- A,V,Shahpura,ward,Woman,NONE,1,all_seats,0,16,218,234,Women,latin,data/jk/2016/Annex B Doda.pdf,36,Annex B Doda.pdf
Jammu & Kashmir,2016,Doda,17. Thathri,7. Phagsoo- A,VI,Wanipor a,ward,Other than Woman,NONE,0,all_seats,0,0,470,470,Open,latin,data/jk/2016/Annex B Doda.pdf,36,Annex B Doda.pdf
Jammu & Kashmir,2016,Doda,17. Thathri,8. Phagsoo- B,I,Jagota,ward,Other than Woman,NONE,0,all_seats,0,0,387,387,Open,latin,data/jk/2016/Annex B Doda.pdf,36,Annex B Doda.pdf
Jammu & Kashmir,2016,Doda,17. Thathri,8. Phagsoo- B,II,Khanpor a-A,ward,Woman,NONE,1,all_seats,0,19,324,343,Women,latin,data/jk/2016/Annex B Doda.pdf,36,Annex B Doda.pdf
Jammu & Kashmir,2016,Doda,17. Thathri,8. Phagsoo- B,III,Khanpor a-B,ward,Other than Woman,NONE,0,all_seats,0,56,318,374,Open,latin,data/jk/2016/Annex B Doda.pdf,36,Annex B Doda.pdf
Jammu & Kashmir,2016,Doda,17. Thathri,8. Phagsoo- B,IV,Khamloo r,ward,Other than Woman,NONE,0,all_seats,0,0,298,298,Open,latin,data/jk/2016/Annex B Doda.pdf,36,Annex B Doda.pdf
Jammu & Kashmir,2016,Doda,17. Thathri,8. Phagsoo- B,V,Kathawa,ward,Woman,NONE,1,all_seats,0,0,206,206,Women,latin,data/jk/2016/Annex B Doda.pdf,36,Annex B Doda.pdf
Jammu & Kashmir,2016,Doda,17. Thathri,8. Phagsoo- B,VI,Dadyan,ward,Other than Woman,NONE,0,all_seats,0,0,321,321,Open,latin,data/jk/2016/Annex B Doda.pdf,36,Annex B Doda.pdf
Jammu & Kashmir,2016,Doda,17. Thathri,9. Sharote,I,Sharote Lower,ward,Other than Woman,NONE,0,all_seats,110,0,115,225,Open,latin,data/jk/2016/Annex B Doda.pdf,36,Annex B Doda.pdf
Jammu & Kashmir,2016,Doda,17. Thathri,9. Sharote,II,Upper Sharote,ward,Woman,NONE,1,all_seats,0,0,205,205,Women,latin,data/jk/2016/Annex B Doda.pdf,36,Annex B Doda.pdf
Jammu & Kashmir,2016,Doda,17. Thathri,9. Sharote,III,Middle Sharote,ward,SC Other than Woman,SC,0,all_seats,120,0,0,120,SC,latin,data/jk/2016/Annex B Doda.pdf,36,Annex B Doda.pdf
Jammu & Kashmir,2016,Doda,17. Thathri,9. Sharote,IV,Zellu,ward,SC Other than Woman,SC,0,all_seats,215,0,0,215,SC,latin,data/jk/2016/Annex B Doda.pdf,36,Annex B Doda.pdf
Jammu & Kashmir,2016,Doda,17. Thathri,9. Sharote,V,Bhatuna,ward,SC Woman,SC,1,all_seats,225,0,95,320,SC Women,latin,data/jk/2016/Annex B Doda.pdf,36,Annex B Doda.pdf
Jammu & Kashmir,2016,Doda,17. Thathri,9. Sharote,VI,Indralla,ward,SC Other than Woman,SC,0,all_seats,180,0,85,265,SC,latin,data/jk/2016/Annex B Doda.pdf,36,Annex B Doda.pdf
Jammu & Kashmir,2016,Doda,17. Thathri,9. Sharote,VII,Renka,ward,Other than Woman,NONE,0,all_seats,0,0,450,450,Open,latin,data/jk/2016/Annex B Doda.pdf,36,Annex B Doda.pdf
Jammu & Kashmir,2016,Doda,17. Thathri,9. Sharote,VIII,Haneja,ward,Woman,NONE,1,all_seats,105,0,107,212,Women,latin,data/jk/2016/Annex B Doda.pdf,36,Annex B Doda.pdf
Jammu & Kashmir,2016,Doda,17. Thathri,10. Thathri- B,I,Hajam mohalla,ward,Other than Woman,NONE,0,all_seats,0,15,206,221,Open,latin,data/jk/2016/Annex B Doda.pdf,36,Annex B Doda.pdf
Jammu & Kashmir,2016,Doda,17. Thathri,10. Thathri- B,II,Ghunti,ward,Woman,NONE,1,all_seats,0,121,125,246,Women,latin,data/jk/2016/Annex B Doda.pdf,37,Annex B Doda.pdf
Jammu & Kashmir,2016,Doda,17. Thathri,10. Thathri- B,III,Dhabran oo,ward,Other than Woman,NONE,0,all_seats,0,0,270,270,Open,latin,data/jk/2016/Annex B Doda.pdf,37,Annex B Doda.pdf
Jammu & Kashmir,2016,Doda,17. Thathri,10. Thathri- B,IV,Zanheri,ward,Other than Woman,NONE,0,all_seats,0,0,280,280,Open,latin,data/jk/2016/Annex B Doda.pdf,37,Annex B Doda.pdf
Jammu & Kashmir,2016,Doda,17. Thathri,10. Thathri- B,V,Badanoo,ward,Woman,NONE,1,all_seats,67,0,560,627,Women,latin,data/jk/2016/Annex B Doda.pdf,37,Annex B Doda.pdf
Jammu & Kashmir,2016,Doda,17. Thathri,10. Thathri- B,VI,Lopa ST Basti,ward,ST Other than Woman,ST,0,all_seats,71,350,30,451,ST,latin,data/jk/2016/Annex B Doda.pdf,37,Annex B Doda.pdf
Jammu & Kashmir,2016,Doda,17. Thathri,10. Thathri- B,VII,Bandakra,ward,SC Other than Woman,SC,0,all_seats,190,0,45,235,SC,latin,data/jk/2016/Annex B Doda.pdf,37,Annex B Doda.pdf
Jammu & Kashmir,2016,Doda,17. Thathri,10. Thathri- B,VIII,Kumhar Mohalla,ward,Woman,NONE,1,all_seats,0,0,238,238,Women,latin,data/jk/2016/Annex B Doda.pdf,37,Annex B Doda.pdf
Jammu & Kashmir,2016,Doda,17. Thathri,10. Thathri- B,IX,Tipri,ward,Other than Woman,NONE,0,all_seats,0,0,220,220,Open,latin,data/jk/2016/Annex B Doda.pdf,37,Annex B Doda.pdf
Jammu & Kashmir,2016,Doda,17. Thathri,10. Thathri- B,X,Upper Thathri,ward,Other than Woman,NONE,0,all_seats,0,0,220,220,Open,latin,data/jk/2016/Annex B Doda.pdf,37,Annex B Doda.pdf
Jammu & Kashmir,2016,Ramban,Batote,Baron Batote,I,Bagote,ward,Other than Woman,NONE,0,all_seats,17,0,215,232,open,latin,data/jk/2016/Batote.pdf,1,Batote.pdf
Jammu & Kashmir,2016,Ramban,Batote,Baron Batote,II,Magunalla-A,ward,Woman,NONE,1,all_seats,54,0,131,185,Women,latin,data/jk/2016/Batote.pdf,1,Batote.pdf
Jammu & Kashmir,2016,Ramban,Batote,Baron Batote,III,Magunalla-B,ward,Other than Woman,NONE,0,all_seats,0,0,339,339,open,latin,data/jk/2016/Batote.pdf,1,Batote.pdf
Jammu & Kashmir,2016,Ramban,Batote,Baron Batote,IV,Boon,ward,Other than Woman,NONE,0,all_seats,0,0,227,227,open,latin,data/jk/2016/Batote.pdf,1,Batote.pdf
Jammu & Kashmir,2016,Ramban,Batote,Baron Batote,V,Bari-A,ward,Woman,NONE,1,all_seats,0,0,160,160,Women,latin,data/jk/2016/Batote.pdf,1,Batote.pdf
Jammu & Kashmir,2016,Ramban,Batote,Baron Batote,VI,Bari-B,ward,Other than Woman,NONE,0,all_seats,0,0,160,160,open,latin,data/jk/2016/Batote.pdf,1,Batote.pdf
Jammu & Kashmir,2016,Ramban,Batote,Chakwa,I,Kothri,ward,Other than Woman,NONE,0,all_seats,42,93,352,486,open,latin,data/jk/2016/Batote.pdf,1,Batote.pdf
Jammu & Kashmir,2016,Ramban,Batote,Chakwa,II,Tringala,ward,Woman,NONE,1,all_seats,173,20,190,383,Women,latin,data/jk/2016/Batote.pdf,1,Batote.pdf
Jammu & Kashmir,2016,Ramban,Batote,Chakwa,III,Ludwal-A,ward,Other than Woman,NONE,0,all_seats,134,0,417,551,open,latin,data/jk/2016/Batote.pdf,1,Batote.pdf
Jammu & Kashmir,2016,Ramban,Batote,Chakwa,IV,Ludwal-B,ward,Other than Woman,NONE,0,all_seats,76,0,119,196,open,latin,data/jk/2016/Batote.pdf,1,Batote.pdf
Jammu & Kashmir,2016,Ramban,Batote,Chakwa,V,Bandera,ward,Woman,NONE,1,all_seats,184,0,223,406,Women,latin,data/jk/2016/Batote.pdf,1,Batote.pdf
Jammu & Kashmir,2016,Ramban,Batote,Chakwa,VI,Chakwa-A,ward,Other than Woman,NONE,0,all_seats,38,197,261,496,open,latin,data/jk/2016/Batote.pdf,1,Batote.pdf
Jammu & Kashmir,2016,Ramban,Batote,Chakwa,VII,Chakwa-B,ward,ST Other than Woman,ST,0,all_seats,52,221,47,320,ST,latin,data/jk/2016/Batote.pdf,1,Batote.pdf
Jammu & Kashmir,2016,Ramban,Batote,Chakwa,VII,Sesal,ward,ST Woman,ST,1,all_seats,51,141,19,211,ST women,latin,data/jk/2016/Batote.pdf,1,Batote.pdf
Jammu & Kashmir,2016,Ramban,Batote,Champa,I,Rangi,ward,SC Other than Woman,SC,0,all_seats,162,123,0,286,SC,latin,data/jk/2016/Batote.pdf,1,Batote.pdf
Jammu & Kashmir,2016,Ramban,Batote,Champa,II,Chilla,ward,Woman,NONE,1,all_seats,46,0,121,166,Women,latin,data/jk/2016/Batote.pdf,1,Batote.pdf
Jammu & Kashmir,2016,Ramban,Batote,Champa,III,Landri,ward,ST Other than Woman,ST,0,all_seats,3,223,74,299,ST,latin,data/jk/2016/Batote.pdf,1,Batote.pdf
Jammu & Kashmir,2016,Ramban,Batote,Champa,IV,Gami,ward,ST Other than Woman,ST,0,all_seats,78,256,146,480,ST,latin,data/jk/2016/Batote.pdf,1,Batote.pdf
Jammu & Kashmir,2016,Ramban,Batote,Champa,V,Champa-A,ward,Woman,NONE,1,all_seats,0,0,275,275,Women,latin,data/jk/2016/Batote.pdf,1,Batote.pdf
Jammu & Kashmir,2016,Ramban,Batote,Champa,VI,Champa-B,ward,Other than Woman,NONE,0,all_seats,54,0,292,346,open,latin,data/jk/2016/Batote.pdf,1,Batote.pdf
Jammu & Kashmir,2016,Ramban,Batote,Champa,VII,Sarsi,ward,Other than Woman,NONE,0,all_seats,101,0,310,411,open,latin,data/jk/2016/Batote.pdf,1,Batote.pdf
Jammu & Kashmir,2016,Ramban,Batote,Champa,VII,Bagar,ward,Woman,NONE,1,all_seats,0,0,401,401,Women,latin,data/jk/2016/Batote.pdf,1,Batote.pdf
Jammu & Kashmir,2016,of Name of Panch the panch,Batote,Champa,III,Kasal,ward,ST Other than Woman,ST,0,all_seats,,,,,ST,latin,data/jk/2016/Batote.pdf,2,Batote.pdf
Jammu & Kashmir,2016,of Name of Panch the panch,Batote,Champa,IV,Dalwas Lower,ward,Other than Woman,NONE,0,all_seats,,,,,open,latin,data/jk/2016/Batote.pdf,2,Batote.pdf
Jammu & Kashmir,2016,of Name of Panch the panch,Batote,Champa,V,Dalwas upper,ward,Woman,NONE,1,all_seats,,,,,Women,latin,data/jk/2016/Batote.pdf,2,Batote.pdf
Jammu & Kashmir,2016,of Name of Panch the panch,Batote,Champa,VI,ST Mohalla Dhalwas,ward,ST Other than Woman,ST,0,all_seats,,,,,ST,latin,data/jk/2016/Batote.pdf,2,Batote.pdf
Jammu & Kashmir,2016,Ramban,Batote,Dharmoun d,I,Dharmound,ward,Other than Woman,NONE,0,all_seats,,,,,open,latin,data/jk/2016/Batote.pdf,2,Batote.pdf
Jammu & Kashmir,2016,Ramban,Batote,Dharmoun d,II,Mahi Nall,ward,Woman,NONE,1,all_seats,,,,,Women,latin,data/jk/2016/Batote.pdf,2,Batote.pdf
Jammu & Kashmir,2016,Ramban,Batote,Dharmoun d,III,Dhak,ward,Other than Woman,NONE,0,all_seats,,,,,open,latin,data/jk/2016/Batote.pdf,2,Batote.pdf
Jammu & Kashmir,2016,Ramban,Batote,Dharmoun d,IV,Shanar,ward,Other than Woman,NONE,0,all_seats,,,,,open,latin,data/jk/2016/Batote.pdf,2,Batote.pdf
Jammu & Kashmir,2016,Ramban,Batote,Dharmoun d,V,Thore-A,ward,Woman,NONE,1,all_seats,,,,,Women,latin,data/jk/2016/Batote.pdf,2,Batote.pdf
Jammu & Kashmir,2016,Ramban,Batote,Dharmoun d,VI,Thore-B,ward,Other than Woman,NONE,0,all_seats,,,,,open,latin,data/jk/2016/Batote.pdf,2,Batote.pdf
Jammu & Kashmir,2016,Ramban,Batote,Karma,I,Karma,ward,Other than Woman,NONE,0,all_seats,,,,,open,latin,data/jk/2016/Batote.pdf,2,Batote.pdf
Jammu & Kashmir,2016,Ramban,Batote,Karma,II,Tulung,ward,Woman,NONE,1,all_seats,,,,,Women,latin,data/jk/2016/Batote.pdf,2,Batote.pdf
Jammu & Kashmir,2016,Ramban,Batote,Karma,III,Banger,ward,Other than Woman,NONE,0,all_seats,,,,,open,latin,data/jk/2016/Batote.pdf,2,Batote.pdf
Jammu & Kashmir,2016,Ramban,Batote,Karma,IV,Himan,ward,ST Other than Woman,ST,0,all_seats,,,,,ST,latin,data/jk/2016/Batote.pdf,2,Batote.pdf
Jammu & Kashmir,2016,Ramban,Batote,Karma,V,Pangli,ward,Woman,NONE,1,all_seats,,,,,Women,latin,data/jk/2016/Batote.pdf,2,Batote.pdf
Jammu & Kashmir,2016,Ramban,Batote,Karma,VI,Kutra,ward,Other than Woman,NONE,0,all_seats,,,,,open,latin,data/jk/2016/Batote.pdf,2,Batote.pdf
Jammu & Kashmir,2016,Ramban,Batote,Karma,VII,Padder,ward,ST Other than Woman,ST,0,all_seats,,,,,ST,latin,data/jk/2016/Batote.pdf,2,Batote.pdf
Jammu & Kashmir,2016,Ramban,Batote,Karma,VII,Papriya,ward,ST Woman,ST,1,all_seats,,,,,ST women,latin,data/jk/2016/Batote.pdf,2,Batote.pdf
Jammu & Kashmir,2016,of Name of Panch the panch,Batote,Karma,III,Faridaabd-A,ward,Other than Woman,NONE,0,all_seats,,,,,open,latin,data/jk/2016/Batote.pdf,3,Batote.pdf
Jammu & Kashmir,2016,of Name of Panch the panch,Batote,Karma,IV,Rakhjarog-B,ward,Other than Woman,NONE,0,all_seats,,,,,open,latin,data/jk/2016/Batote.pdf,3,Batote.pdf
Jammu & Kashmir,2016,of Name of Panch the panch,Batote,Karma,V,Dhamtal,ward,Woman,NONE,1,all_seats,,,,,Women,latin,data/jk/2016/Batote.pdf,3,Batote.pdf
Jammu & Kashmir,2016,of Name of Panch the panch,Batote,Karma,VI,Kawa,ward,Other than Woman,NONE,0,all_seats,,,,,open,latin,data/jk/2016/Batote.pdf,3,Batote.pdf
Jammu & Kashmir,2016,Ramban,Batote,Sana,I,Deenga,ward,Other than Woman,NONE,0,all_seats,,,,,open,latin,data/jk/2016/Batote.pdf,3,Batote.pdf
Jammu & Kashmir,2016,Ramban,Batote,Sana,II,Silyal,ward,Woman,NONE,1,all_seats,,,,,Women,latin,data/jk/2016/Batote.pdf,3,Batote.pdf
Jammu & Kashmir,2016,Ramban,Batote,Sana,III,Makanchak,ward,Other than Woman,NONE,0,all_seats,,,,,open,latin,data/jk/2016/Batote.pdf,3,Batote.pdf
Jammu & Kashmir,2016,Ramban,Batote,Sana,IV,Chamlehar,ward,Other than Woman,NONE,0,all_seats,,,,,open,latin,data/jk/2016/Batote.pdf,3,Batote.pdf
Jammu & Kashmir,2016,Ramban,Batote,Sana,V,Galli,ward,SC Woman,SC,1,all_seats,,,,,SC women,latin,data/jk/2016/Batote.pdf,3,Batote.pdf
Jammu & Kashmir,2016,Ramban,Batote,Sana,VI,Gadyara,ward,ST Other than Woman,ST,0,all_seats,,,,,ST,latin,data/jk/2016/Batote.pdf,3,Batote.pdf
Jammu & Kashmir,2016,Ramban,Batote,Sana,I,Gargani,ward,SC Other than Woman,SC,0,all_seats,,,,,SC,latin,data/jk/2016/Batote.pdf,3,Batote.pdf
Jammu & Kashmir,2016,Ramban,Batote,Sana,II,Ghear,ward,Woman,NONE,1,all_seats,,,,,Women,latin,data/jk/2016/Batote.pdf,3,Batote.pdf
Jammu & Kashmir,2016,Ramban,Batote,Sana,III,Kote,ward,Other than Woman,NONE,0,all_seats,,,,,open,latin,data/jk/2016/Batote.pdf,3,Batote.pdf
Jammu & Kashmir,2016,Ramban,Batote,Sana,IV,Channi,ward,Other than Woman,NONE,0,all_seats,,,,,open,latin,data/jk/2016/Batote.pdf,3,Batote.pdf
Jammu & Kashmir,2016,Ramban,Batote,Sana,V,Mari,ward,SC Woman,SC,1,all_seats,,,,,SC women,latin,data/jk/2016/Batote.pdf,3,Batote.pdf
Jammu & Kashmir,2016,Ramban,Batote,Sana,VI,Chunri,ward,Other than Woman,NONE,0,all_seats,,,,,open,latin,data/jk/2016/Batote.pdf,3,Batote.pdf
Jammu & Kashmir,2016,Ramban,Batote,Sana,VII,Chur,ward,Other than Woman,NONE,0,all_seats,,,,,open,latin,data/jk/2016/Batote.pdf,3,Batote.pdf
Jammu & Kashmir,2016,Ramban,Batote,Sana,VII,Chilla,ward,SC Woman,SC,1,all_seats,,,,,SC women,latin,data/jk/2016/Batote.pdf,3,Batote.pdf
Jammu & Kashmir,2016,of Name of Panch the panch,Batote,Sana,II,Thopal,ward,Woman,NONE,1,all_seats,,,,,Women,latin,data/jk/2016/Batote.pdf,4,Batote.pdf
Jammu & Kashmir,2016,of Name of Panch the panch,Batote,Sana,III,Pasyal,ward,Other than Woman,NONE,0,all_seats,,,,,open,latin,data/jk/2016/Batote.pdf,4,Batote.pdf
Jammu & Kashmir,2016,of Name of Panch the panch,Batote,Sana,IV,Dharalta-A,ward,Other than Woman,NONE,0,all_seats,,,,,open,latin,data/jk/2016/Batote.pdf,4,Batote.pdf
Jammu & Kashmir,2016,of Name of Panch the panch,Batote,Sana,V,Dharalata-B,ward,ST Woman,ST,1,all_seats,,,,,ST women,latin,data/jk/2016/Batote.pdf,4,Batote.pdf
Jammu & Kashmir,2016,of Name of Panch the panch,Batote,Sana,VI,Barthal,ward,Other than Woman,NONE,0,all_seats,,,,,open,latin,data/jk/2016/Batote.pdf,4,Batote.pdf
Jammu & Kashmir,2016,Ramban,Ghandhri,Bhathan,I,Bhathan,ward,Other than Woman,NONE,0,all_seats,17,0,354,371,Open,latin,data/jk/2016/Ghandhari.pdf,1,Ghandhari.pdf
Jammu & Kashmir,2016,Ramban,Ghandhri,Bhathan,II,Borug,ward,Woman,NONE,1,all_seats,0,56,292,349,Women,latin,data/jk/2016/Ghandhari.pdf,1,Ghandhari.pdf
Jammu & Kashmir,2016,Ramban,Ghandhri,Bhathan,III,Soli,ward,Other than Woman,NONE,0,all_seats,0,0,223,223,Open,latin,data/jk/2016/Ghandhari.pdf,1,Ghandhari.pdf
Jammu & Kashmir,2016,Ramban,Ghandhri,Bhathan,IV,Kothi,ward,Other than Woman,NONE,0,all_seats,16,67,283,366,Open,latin,data/jk/2016/Ghandhari.pdf,1,Ghandhari.pdf
Jammu & Kashmir,2016,Ramban,Ghandhri,Bhathan,V,Balani Bat,ward,ST Woman,ST,1,all_seats,74,103,103,280,ST Women,latin,data/jk/2016/Ghandhari.pdf,1,Ghandhari.pdf
Jammu & Kashmir,2016,Ramban,Ghandhri,Bhathan,VI,Soudas,ward,Other than Woman,NONE,0,all_seats,38,0,286,323,Open,latin,data/jk/2016/Ghandhari.pdf,1,Ghandhari.pdf
Jammu & Kashmir,2016,Ramban,Ghandhri,Bhathan,VII,Duthan,ward,Other than Woman,NONE,0,all_seats,47,127,176,350,Open,latin,data/jk/2016/Ghandhari.pdf,1,Ghandhari.pdf
Jammu & Kashmir,2016,Ramban,Ghandhri,Bhathan,VII,Jarug,ward,ST Woman,ST,1,all_seats,29,249,59,338,ST Women,latin,data/jk/2016/Ghandhari.pdf,1,Ghandhari.pdf
Jammu & Kashmir,2016,Ramban,Ghandhri,Ganderi,I,Ganderi,ward,Other than Woman,NONE,0,all_seats,20,0,453,473,Open,latin,data/jk/2016/Ghandhari.pdf,1,Ghandhari.pdf
Jammu & Kashmir,2016,Ramban,Ghandhri,Ganderi,II,Barnal,ward,Woman,NONE,1,all_seats,0,0,441,441,Women,latin,data/jk/2016/Ghandhari.pdf,1,Ghandhari.pdf
Jammu & Kashmir,2016,Ramban,Ghandhri,Ganderi,III,Malote,ward,Other than Woman,NONE,0,all_seats,0,79,247,326,Open,latin,data/jk/2016/Ghandhari.pdf,1,Ghandhari.pdf
Jammu & Kashmir,2016,Ramban,Ghandhri,Ganderi,IV,Bager,ward,Other than Woman,NONE,0,all_seats,0,15,334,349,Open,latin,data/jk/2016/Ghandhari.pdf,1,Ghandhari.pdf
Jammu & Kashmir,2016,Ramban,Ghandhri,Ganderi,V,Ludni,ward,Woman,NONE,1,all_seats,0,0,359,359,Women,latin,data/jk/2016/Ghandhari.pdf,1,Ghandhari.pdf
Jammu & Kashmir,2016,Ramban,Ghandhri,Ganderi,VI,Batli,ward,Other than Woman,NONE,0,all_seats,23,0,342,365,Open,latin,data/jk/2016/Ghandhari.pdf,1,Ghandhari.pdf
Jammu & Kashmir,2016,Ramban,Ghandhri,Ganderi,VII,Borka,ward,Other than Woman,NONE,0,all_seats,0,0,302,302,Open,latin,data/jk/2016/Ghandhari.pdf,1,Ghandhari.pdf
Jammu & Kashmir,2016,Ramban,Ghandhri,Ganderi,I,Kabbi,ward,Other than Woman,NONE,0,all_seats,36,0,271,307,Open,latin,data/jk/2016/Ghandhari.pdf,1,Ghandhari.pdf
Jammu & Kashmir,2016,Ramban,Ghandhri,Ganderi,II,Sohanbass,ward,Woman,NONE,1,all_seats,0,0,359,359,Women,latin,data/jk/2016/Ghandhari.pdf,1,Ghandhari.pdf
Jammu & Kashmir,2016,Ramban,Ghandhri,Ganderi,III,Banwass,ward,ST Other than Woman,ST,0,all_seats,0,102,97,198,ST,latin,data/jk/2016/Ghandhari.pdf,1,Ghandhari.pdf
Jammu & Kashmir,2016,Ramban,Ghandhri,Ganderi,IV,Santhi,ward,Other than Woman,NONE,0,all_seats,0,82,204,286,Open,latin,data/jk/2016/Ghandhari.pdf,1,Ghandhari.pdf
Jammu & Kashmir,2016,Ramban,Ghandhri,Ganderi,V,Khatter,ward,Woman,NONE,1,all_seats,28,55,192,275,Women,latin,data/jk/2016/Ghandhari.pdf,1,Ghandhari.pdf
Jammu & Kashmir,2016,Ramban,Ghandhri,Kangha,I,Sharor,ward,SC Other than Woman,SC,0,all_seats,,,,,SC,latin,data/jk/2016/Ghandhari.pdf,2,Ghandhari.pdf
Jammu & Kashmir,2016,Ramban,Ghandhri,Kangha,II,Kawa,ward,ST Woman,ST,1,all_seats,,,,,ST Women,latin,data/jk/2016/Ghandhari.pdf,2,Ghandhari.pdf
Jammu & Kashmir,2016,Ramban,Ghandhri,Kangha,III,Bajori,ward,Other than Woman,NONE,0,all_seats,,,,,Open,latin,data/jk/2016/Ghandhari.pdf,2,Ghandhari.pdf
Jammu & Kashmir,2016,Ramban,Ghandhri,Kangha,IV,Pari Basi,ward,Other than Woman,NONE,0,all_seats,,,,,Open,latin,data/jk/2016/Ghandhari.pdf,2,Ghandhari.pdf
Jammu & Kashmir,2016,Ramban,Ghandhri,Kangha,V,Kanga,ward,Woman,NONE,1,all_seats,,,,,Women,latin,data/jk/2016/Ghandhari.pdf,2,Ghandhari.pdf
Jammu & Kashmir,2016,Ramban,Ghandhri,Kangha,VI,Dharmkund,ward,Other than Woman,NONE,0,all_seats,,,,,Open,latin,data/jk/2016/Ghandhari.pdf,2,Ghandhari.pdf
Jammu & Kashmir,2016,Ramban,Ghandhri,Tanger,I,Dhandi,ward,Other than Woman,NONE,0,all_seats,,,,,Open,latin,data/jk/2016/Ghandhari.pdf,2,Ghandhari.pdf
Jammu & Kashmir,2016,Ramban,Ghandhri,Tanger,II,Madan,ward,ST Woman,ST,1,all_seats,,,,,ST Women,latin,data/jk/2016/Ghandhari.pdf,2,Ghandhari.pdf
Jammu & Kashmir,2016,Ramban,Ghandhri,Tanger,III,Chamarsoo,ward,Other than Woman,NONE,0,all_seats,,,,,Open,latin,data/jk/2016/Ghandhari.pdf,2,Ghandhari.pdf
Jammu & Kashmir,2016,Ramban,Ghandhri,Tanger,IV,Pari,ward,Other than Woman,NONE,0,all_seats,,,,,Open,latin,data/jk/2016/Ghandhari.pdf,2,Ghandhari.pdf
Jammu & Kashmir,2016,Ramban,Ghandhri,Tanger,V,Badhool,ward,Woman,NONE,1,all_seats,,,,,Women,latin,data/jk/2016/Ghandhari.pdf,2,Ghandhari.pdf
Jammu & Kashmir,2016,Ramban,Ghandhri,Tanger,VI,Banera,ward,ST Other than Woman,ST,0,all_seats,,,,,ST,latin,data/jk/2016/Ghandhari.pdf,2,Ghandhari.pdf
Jammu & Kashmir,2016,Ramban,Khari,Khari Lower- A,I,Nachlana,ward,Other than Woman,NONE,0,all_seats,0,86,348,434,Open,latin,data/jk/2016/Khari.pdf,1,Khari.pdf
Jammu & Kashmir,2016,Ramban,Khari,Khari Lower- A,II,Talab,ward,Woman,NONE,1,all_seats,0,0,414,414,Women,latin,data/jk/2016/Khari.pdf,1,Khari.pdf
Jammu & Kashmir,2016,Ramban,Khari,Khari Lower- A,III,Manjose-A,ward,Other than Woman,NONE,0,all_seats,0,0,348,348,Open,latin,data/jk/2016/Khari.pdf,1,Khari.pdf
Jammu & Kashmir,2016,Ramban,Khari,Khari Lower- A,IV,Manjose-B,ward,Other than Woman,NONE,0,all_seats,0,0,482,482,Open,latin,data/jk/2016/Khari.pdf,1,Khari.pdf
Jammu & Kashmir,2016,Ramban,Khari,Khari Lower- A,V,Manjose-C,ward,Other than Woman,NONE,0,all_seats,0,0,386,386,Open,latin,data/jk/2016/Khari.pdf,1,Khari.pdf
Jammu & Kashmir,2016,Ramban,Khari,Khari Lower- A,VI,Harnihal,ward,Woman,NONE,1,all_seats,0,0,176,176,Women,latin,data/jk/2016/Khari.pdf,1,Khari.pdf
Jammu & Kashmir,2016,Ramban,Khari,Khari Lower- B,I,Koote,ward,Other than Woman,NONE,0,all_seats,0,0,374,374,Open,latin,data/jk/2016/Khari.pdf,1,Khari.pdf
Jammu & Kashmir,2016,Ramban,Khari,Khari Lower- B,II,Urkha-A,ward,Woman,NONE,1,all_seats,0,0,266,266,Women,latin,data/jk/2016/Khari.pdf,1,Khari.pdf
Jammu & Kashmir,2016,Ramban,Khari,Khari Lower- B,III,Urkha-B,ward,Other than Woman,NONE,0,all_seats,0,0,229,229,Open,latin,data/jk/2016/Khari.pdf,1,Khari.pdf
Jammu & Kashmir,2016,Ramban,Khari,Khari Lower- B,IV,Hanjoos,ward,Other than Woman,NONE,0,all_seats,0,0,370,370,Open,latin,data/jk/2016/Khari.pdf,1,Khari.pdf
Jammu & Kashmir,2016,Ramban,Khari,Khari Lower- B,V,Ara,ward,Woman,NONE,1,all_seats,0,0,186,186,Women,latin,data/jk/2016/Khari.pdf,1,Khari.pdf
Jammu & Kashmir,2016,Ramban,Khari,Khari Lower- B,VI,Kundan,ward,Other than Woman,NONE,0,all_seats,0,0,396,396,Open,latin,data/jk/2016/Khari.pdf,1,Khari.pdf
Jammu & Kashmir,2016,Ramban,Khari,Khari Upper- A,I,Mandakbass,ward,Other than Woman,NONE,0,all_seats,0,12,218,231,Open,latin,data/jk/2016/Khari.pdf,1,Khari.pdf
Jammu & Kashmir,2016,Ramban,Khari,Khari Upper- A,II,Tranna-A,ward,Woman,NONE,1,all_seats,0,0,410,410,Women,latin,data/jk/2016/Khari.pdf,1,Khari.pdf
Jammu & Kashmir,2016,Ramban,Khari,Khari Upper- A,III,Tranna-B,ward,Other than Woman,NONE,0,all_seats,0,26,427,453,Open,latin,data/jk/2016/Khari.pdf,1,Khari.pdf
Jammu & Kashmir,2016,Ramban,Khari,Khari Upper- A,IV,Ara Tranna,ward,Other than Woman,NONE,0,all_seats,0,0,487,487,Open,latin,data/jk/2016/Khari.pdf,1,Khari.pdf
Jammu & Kashmir,2016,Ramban,Khari,Khari Upper- A,V,Siran,ward,Woman,NONE,1,all_seats,0,0,318,318,Women,latin,data/jk/2016/Khari.pdf,1,Khari.pdf
Jammu & Kashmir,2016,Ramban,Khari,Khari Upper- A,VI,Kwarha,ward,Other than Woman,NONE,0,all_seats,0,0,412,412,Open,latin,data/jk/2016/Khari.pdf,1,Khari.pdf
Jammu & Kashmir,2016,Ramban,Khari,Khari Upper- B,I,Arpenchala,ward,Other than Woman,NONE,0,all_seats,0,0,684,684,Open,latin,data/jk/2016/Khari.pdf,1,Khari.pdf
Jammu & Kashmir,2016,Ramban,Khari,Khari Upper- B,II,Pachall,ward,Woman,NONE,1,all_seats,0,0,229,229,Women,latin,data/jk/2016/Khari.pdf,1,Khari.pdf
Jammu & Kashmir,2016,Ramban,Khari,Khari Upper- B,III,Hallah,ward,Other than Woman,NONE,0,all_seats,0,0,450,450,Open,latin,data/jk/2016/Khari.pdf,1,Khari.pdf
Jammu & Kashmir,2016,Ramban,Khari,Khari Upper- B,IV,Nadika,ward,Other than Woman,NONE,0,all_seats,0,0,516,516,Open,latin,data/jk/2016/Khari.pdf,1,Khari.pdf
Jammu & Kashmir,2016,Ramban,Khari,Khari Upper- B,V,Tragan,ward,Woman,NONE,1,all_seats,0,0,363,363,Women,latin,data/jk/2016/Khari.pdf,1,Khari.pdf
Jammu & Kashmir,2016,Ramban,Khari,Khari Upper- B,VI,Wagalwas/Sar,ward,ST Other than Woman,ST,0,all_seats,0,190,176,366,ST,latin,data/jk/2016/Khari.pdf,1,Khari.pdf
Jammu & Kashmir,2016,Ramban,Khari,Khari Upper- B,VII,Nowgam,ward,Other than Woman,NONE,0,all_seats,0,0,487,487,Open,latin,data/jk/2016/Khari.pdf,1,Khari.pdf
Jammu & Kashmir,2016,Ramban,Khari,Khari Upper- B,VIII,Purani Sirachi,ward,Woman,NONE,1,all_seats,0,0,268,268,Women,latin,data/jk/2016/Khari.pdf,1,Khari.pdf
Jammu & Kashmir,2016,halqa Panch as per census,Khari,Khari Upper- B,III,Hergam,ward,Other than Woman,NONE,0,all_seats,,,,,Open,latin,data/jk/2016/Khari.pdf,2,Khari.pdf
Jammu & Kashmir,2016,halqa Panch as per census,Khari,Khari Upper- B,IV,Bungam (M),ward,Other than Woman,NONE,0,all_seats,,,,,Open,latin,data/jk/2016/Khari.pdf,2,Khari.pdf
Jammu & Kashmir,2016,halqa Panch as per census,Khari,Khari Upper- B,V,Dingara,ward,Woman,NONE,1,all_seats,,,,,Women,latin,data/jk/2016/Khari.pdf,2,Khari.pdf
Jammu & Kashmir,2016,halqa Panch as per census,Khari,Khari Upper- B,VI,Kralpora,ward,Other than Woman,NONE,0,all_seats,,,,,Open,latin,data/jk/2016/Khari.pdf,2,Khari.pdf
Jammu & Kashmir,2016,Ramba n,Khari,Mahu upper,I,Bajnari Lower,ward,Other than Woman,NONE,0,all_seats,,,,,Open,latin,data/jk/2016/Khari.pdf,2,Khari.pdf
Jammu & Kashmir,2016,Ramba n,Khari,Mahu upper,II,Bajnari Upper,ward,Woman,NONE,1,all_seats,,,,,Women,latin,data/jk/2016/Khari.pdf,2,Khari.pdf
Jammu & Kashmir,2016,Ramba n,Khari,Mahu upper,III,Draman,ward,Other than Woman,NONE,0,all_seats,,,,,Open,latin,data/jk/2016/Khari.pdf,2,Khari.pdf
Jammu & Kashmir,2016,Ramba n,Khari,Mahu upper,IV,Nagandar,ward,Other than Woman,NONE,0,all_seats,,,,,Open,latin,data/jk/2016/Khari.pdf,2,Khari.pdf
Jammu & Kashmir,2016,Ramba n,Khari,Mahu upper,V,Badhal,ward,Woman,NONE,1,all_seats,,,,,Women,latin,data/jk/2016/Khari.pdf,2,Khari.pdf
Jammu & Kashmir,2016,Ramba n,Khari,Mahu upper,VI,Pehalpora,ward,Other than Woman,NONE,0,all_seats,,,,,Open,latin,data/jk/2016/Khari.pdf,2,Khari.pdf
Jammu & Kashmir,2016,Ramba n,Khari,Mangit,I,Aramdaka,ward,Other than Woman,NONE,0,all_seats,,,,,Open,latin,data/jk/2016/Khari.pdf,2,Khari.pdf
Jammu & Kashmir,2016,Ramba n,Khari,Mangit,II,Kudji,ward,Woman,NONE,1,all_seats,,,,,Women,latin,data/jk/2016/Khari.pdf,2,Khari.pdf
Jammu & Kashmir,2016,Ramba n,Khari,Mangit,III,Mangit,ward,Other than Woman,NONE,0,all_seats,,,,,Open,latin,data/jk/2016/Khari.pdf,2,Khari.pdf
Jammu & Kashmir,2016,Ramba n,Khari,Mangit,IV,Astanpora,ward,Other than Woman,NONE,0,all_seats,,,,,Open,latin,data/jk/2016/Khari.pdf,2,Khari.pdf
Jammu & Kashmir,2016,Ramba n,Khari,Mangit,V,Manzamhal,ward,Woman,NONE,1,all_seats,,,,,Women,latin,data/jk/2016/Khari.pdf,2,Khari.pdf
Jammu & Kashmir,2016,Ramba n,Khari,Mangit,VI,Bad Draman,ward,Other than Woman,NONE,0,all_seats,,,,,Open,latin,data/jk/2016/Khari.pdf,2,Khari.pdf
Jammu & Kashmir,2016,Ramban,Banihal,Ashar,I,Magreypora,ward,Other than Woman,NONE,0,all_seats,,,,,Open,latin,data/jk/2016/PDF Banihal.pdf,1,PDF Banihal.pdf
Jammu & Kashmir,2016,Ramban,Banihal,Ashar,II,Dangerpora-A,ward,Woman,NONE,1,all_seats,,,,,Women,latin,data/jk/2016/PDF Banihal.pdf,1,PDF Banihal.pdf
Jammu & Kashmir,2016,Ramban,Banihal,Ashar,III,Wanipora,ward,Other than Woman,NONE,0,all_seats,,,,,Open,latin,data/jk/2016/PDF Banihal.pdf,1,PDF Banihal.pdf
Jammu & Kashmir,2016,Ramban,Banihal,Ashar,IV,Tilwanpora,ward,Other than Woman,NONE,0,all_seats,,,,,Open,latin,data/jk/2016/PDF Banihal.pdf,1,PDF Banihal.pdf
Jammu & Kashmir,2016,Ramban,Banihal,Ashar,V,Khanpora,ward,Woman,NONE,1,all_seats,,,,,Women,latin,data/jk/2016/PDF Banihal.pdf,1,PDF Banihal.pdf
Jammu & Kashmir,2016,Ramban,Banihal,Ashar,VI,Loanpora,ward,Other than Woman,NONE,0,all_seats,,,,,Open,latin,data/jk/2016/PDF Banihal.pdf,1,PDF Banihal.pdf
Jammu & Kashmir,2016,Ramban,Banihal,Ashar,VII,Ganiepora,ward,Other than Woman,NONE,0,all_seats,,,,,Open,latin,data/jk/2016/PDF Banihal.pdf,1,PDF Banihal.pdf
Jammu & Kashmir,2016,Ramban,Banihal,Ashar,VIII,Dangerpora-B,ward,Woman,NONE,1,all_seats,,,,,Women,latin,data/jk/2016/PDF Banihal.pdf,1,PDF Banihal.pdf
Jammu & Kashmir,2016,Ramban,Banihal,Bankote,I,Gojjer Nard,ward,ST Other than Woman,ST,0,all_seats,,,,,ST,latin,data/jk/2016/PDF Banihal.pdf,1,PDF Banihal.pdf
Jammu & Kashmir,2016,Ramban,Banihal,Bankote,II,Wanipora,ward,Woman,NONE,1,all_seats,,,,,Women,latin,data/jk/2016/PDF Banihal.pdf,1,PDF Banihal.pdf
Jammu & Kashmir,2016,Ramban,Banihal,Bankote,III,Giripora Hergam,ward,Other than Woman,NONE,0,all_seats,,,,,Open,latin,data/jk/2016/PDF Banihal.pdf,1,PDF Banihal.pdf
Jammu & Kashmir,2016,Ramban,Banihal,Bankote,IV,Giripora,ward,Other than Woman,NONE,0,all_seats,,,,,Open,latin,data/jk/2016/PDF Banihal.pdf,1,PDF Banihal.pdf
Jammu & Kashmir,2016,Ramban,Banihal,Bankote,V,Channer,ward,Woman,NONE,1,all_seats,,,,,Women,latin,data/jk/2016/PDF Banihal.pdf,1,PDF Banihal.pdf
Jammu & Kashmir,2016,Ramban,Banihal,Bankote,VI,Dramnan,ward,Other than Woman,NONE,0,all_seats,,,,,Open,latin,data/jk/2016/PDF Banihal.pdf,1,PDF Banihal.pdf
Jammu & Kashmir,2016,Ramban,Banihal,Chacknar wah,I,Checknerwah,ward,Other than Woman,NONE,0,all_seats,,,,,Open,latin,data/jk/2016/PDF Banihal.pdf,1,PDF Banihal.pdf
Jammu & Kashmir,2016,Ramban,Banihal,Chacknar wah,II,Ara,ward,Woman,NONE,1,all_seats,,,,,Women,latin,data/jk/2016/PDF Banihal.pdf,1,PDF Banihal.pdf
Jammu & Kashmir,2016,Ramban,Banihal,Chacknar wah,III,Gangna,ward,Other than Woman,NONE,0,all_seats,,,,,Open,latin,data/jk/2016/PDF Banihal.pdf,1,PDF Banihal.pdf
Jammu & Kashmir,2016,Ramban,Banihal,Chacknar wah,IV,Sachal,ward,Other than Woman,NONE,0,all_seats,,,,,Open,latin,data/jk/2016/PDF Banihal.pdf,1,PDF Banihal.pdf
Jammu & Kashmir,2016,Ramban,Banihal,Chacknar wah,V,Zanchous,ward,Woman,NONE,1,all_seats,,,,,Women,latin,data/jk/2016/PDF Banihal.pdf,1,PDF Banihal.pdf
Jammu & Kashmir,2016,Ramban,Banihal,Chacknar wah,VI,Shalgadi,ward,Other than Woman,NONE,0,all_seats,,,,,Open,latin,data/jk/2016/PDF Banihal.pdf,1,PDF Banihal.pdf
Jammu & Kashmir,2016,Panch panch,Banihal,Chacknar wah,III,Karchihall-C,ward,ST Other than Woman,ST,0,all_seats,,,,,ST,latin,data/jk/2016/PDF Banihal.pdf,2,PDF Banihal.pdf
Jammu & Kashmir,2016,Panch panch,Banihal,Chacknar wah,IV,Taballa-A,ward,Other than Woman,NONE,0,all_seats,,,,,Open,latin,data/jk/2016/PDF Banihal.pdf,2,PDF Banihal.pdf
Jammu & Kashmir,2016,Panch panch,Banihal,Chacknar wah,V,Taballa-B,ward,Woman,NONE,1,all_seats,,,,,Women,latin,data/jk/2016/PDF Banihal.pdf,2,PDF Banihal.pdf
Jammu & Kashmir,2016,Panch panch,Banihal,Chacknar wah,VI,Nowgam,ward,Other than Woman,NONE,0,all_seats,,,,,Open,latin,data/jk/2016/PDF Banihal.pdf,2,PDF Banihal.pdf
Jammu & Kashmir,2016,Ramban,Banihal,Chamalwa s Lower-B,I,Changaldar,ward,Other than Woman,NONE,0,all_seats,,,,,Open,latin,data/jk/2016/PDF Banihal.pdf,2,PDF Banihal.pdf
Jammu & Kashmir,2016,Ramban,Banihal,Chamalwa s Lower-B,II,Tatnihall,ward,Woman,NONE,1,all_seats,,,,,Women,latin,data/jk/2016/PDF Banihal.pdf,2,PDF Banihal.pdf
Jammu & Kashmir,2016,Ramban,Banihal,Chamalwa s Lower-B,III,Amkoote upper,ward,Other than Woman,NONE,0,all_seats,,,,,Open,latin,data/jk/2016/PDF Banihal.pdf,2,PDF Banihal.pdf
Jammu & Kashmir,2016,Ramban,Banihal,Chamalwa s Lower-B,IV,Amkoote lower,ward,ST Other than Woman,ST,0,all_seats,,,,,ST,latin,data/jk/2016/PDF Banihal.pdf,2,PDF Banihal.pdf
Jammu & Kashmir,2016,Ramban,Banihal,Chamalwa s Lower-B,V,Thachi C,ward,ST Woman,ST,1,all_seats,,,,,ST women,latin,data/jk/2016/PDF Banihal.pdf,2,PDF Banihal.pdf
Jammu & Kashmir,2016,Ramban,Banihal,Chamalwa s Lower-B,VI,Tachi upper,ward,Other than Woman,NONE,0,all_seats,,,,,Open,latin,data/jk/2016/PDF Banihal.pdf,2,PDF Banihal.pdf
Jammu & Kashmir,2016,Ramban,Banihal,Chamalwa s Lower-B,VII,Tachi-Lower,ward,Other than Woman,NONE,0,all_seats,,,,,Open,latin,data/jk/2016/PDF Banihal.pdf,2,PDF Banihal.pdf
Jammu & Kashmir,2016,Ramban,Banihal,Chamalwa s Lower-B,VIII,Wagan,ward,Woman,NONE,1,all_seats,,,,,Women,latin,data/jk/2016/PDF Banihal.pdf,2,PDF Banihal.pdf
Jammu & Kashmir,2016,Ramban,Banihal,Chamalwa s Upper,I,Nikcihall,ward,Other than Woman,NONE,0,all_seats,,,,,Open,latin,data/jk/2016/PDF Banihal.pdf,2,PDF Banihal.pdf
Jammu & Kashmir,2016,Ramban,Banihal,Chamalwa s Upper,II,Khourihall,ward,Woman,NONE,1,all_seats,,,,,Women,latin,data/jk/2016/PDF Banihal.pdf,2,PDF Banihal.pdf
Jammu & Kashmir,2016,Ramban,Banihal,Chamalwa s Upper,III,Hergam,ward,Other than Woman,NONE,0,all_seats,,,,,Open,latin,data/jk/2016/PDF Banihal.pdf,2,PDF Banihal.pdf
Jammu & Kashmir,2016,Ramban,Banihal,Chamalwa s Upper,IV,Chanpora,ward,Other than Woman,NONE,0,all_seats,,,,,Open,latin,data/jk/2016/PDF Banihal.pdf,2,PDF Banihal.pdf
Jammu & Kashmir,2016,Ramban,Banihal,Chamalwa s Upper,V,Khanpora,ward,Woman,NONE,1,all_seats,,,,,Women,latin,data/jk/2016/PDF Banihal.pdf,2,PDF Banihal.pdf
Jammu & Kashmir,2016,Ramban,Banihal,Chamalwa s Upper,VI,Syedpora,ward,Other than Woman,NONE,0,all_seats,,,,,Open,latin,data/jk/2016/PDF Banihal.pdf,2,PDF Banihal.pdf
Jammu & Kashmir,2016,Ramban,Banihal,Chamalwa s Upper,VII,Livera,ward,ST Other than Woman,ST,0,all_seats,,,,,ST,latin,data/jk/2016/PDF Banihal.pdf,2,PDF Banihal.pdf
Jammu & Kashmir,2016,Ramban,Banihal,Chamalwa s Upper,VIII,Halla Mamna,ward,ST Woman,ST,1,all_seats,,,,,ST Women,latin,data/jk/2016/PDF Banihal.pdf,2,PDF Banihal.pdf
Jammu & Kashmir,2016,Panch panch,Banihal,Chamalwa s Upper,III,Bungam Chareel,ward,Other than Woman,NONE,0,all_seats,,,,,Open,latin,data/jk/2016/PDF Banihal.pdf,3,PDF Banihal.pdf
Jammu & Kashmir,2016,Panch panch,Banihal,Chamalwa s Upper,IV,Tilwanpora,ward,Other than Woman,NONE,0,all_seats,,,,,Open,latin,data/jk/2016/PDF Banihal.pdf,3,PDF Banihal.pdf
Jammu & Kashmir,2016,Panch panch,Banihal,Chamalwa s Upper,V,Dershipora,ward,Woman,NONE,1,all_seats,,,,,Women,latin,data/jk/2016/PDF Banihal.pdf,3,PDF Banihal.pdf
Jammu & Kashmir,2016,Panch panch,Banihal,Chamalwa s Upper,VI,Itoonar Darshipora,ward,Other than Woman,NONE,0,all_seats,,,,,Open,latin,data/jk/2016/PDF Banihal.pdf,3,PDF Banihal.pdf
Jammu & Kashmir,2016,Ramban,Banihal,Changloo,I,Darpora,ward,Other than Woman,NONE,0,all_seats,,,,,Open,latin,data/jk/2016/PDF Banihal.pdf,3,PDF Banihal.pdf
Jammu & Kashmir,2016,Ramban,Banihal,Changloo,II,Changloo-A,ward,Woman,NONE,1,all_seats,,,,,Women,latin,data/jk/2016/PDF Banihal.pdf,3,PDF Banihal.pdf
Jammu & Kashmir,2016,Ramban,Banihal,Changloo,III,Malwat,ward,Other than Woman,NONE,0,all_seats,,,,,Open,latin,data/jk/2016/PDF Banihal.pdf,3,PDF Banihal.pdf
Jammu & Kashmir,2016,Ramban,Banihal,Changloo,IV,Changloo-B,ward,Other than Woman,NONE,0,all_seats,,,,,Open,latin,data/jk/2016/PDF Banihal.pdf,3,PDF Banihal.pdf
Jammu & Kashmir,2016,Ramban,Banihal,Changloo,V,Zohadnar,ward,Woman,NONE,1,all_seats,,,,,Women,latin,data/jk/2016/PDF Banihal.pdf,3,PDF Banihal.pdf
Jammu & Kashmir,2016,Ramban,Banihal,Changloo,VI,Gojjernar,ward,ST Other than Woman,ST,0,all_seats,,,,,ST,latin,data/jk/2016/PDF Banihal.pdf,3,PDF Banihal.pdf
Jammu & Kashmir,2016,Ramban,Banihal,Doliam Lower,I,Arapora,ward,Other than Woman,NONE,0,all_seats,,,,,Open,latin,data/jk/2016/PDF Banihal.pdf,3,PDF Banihal.pdf
Jammu & Kashmir,2016,Ramban,Banihal,Doliam Lower,II,Gugthal,ward,Woman,NONE,1,all_seats,,,,,Women,latin,data/jk/2016/PDF Banihal.pdf,3,PDF Banihal.pdf
Jammu & Kashmir,2016,Ramban,Banihal,Doliam Lower,III,Koot,ward,Other than Woman,NONE,0,all_seats,,,,,Open,latin,data/jk/2016/PDF Banihal.pdf,3,PDF Banihal.pdf
Jammu & Kashmir,2016,Ramban,Banihal,Doliam Lower,IV,Duligam Lower,ward,Other than Woman,NONE,0,all_seats,,,,,Open,latin,data/jk/2016/PDF Banihal.pdf,3,PDF Banihal.pdf
Jammu & Kashmir,2016,Ramban,Banihal,Doliam Lower,V,Sheikhpora,ward,Woman,NONE,1,all_seats,,,,,Women,latin,data/jk/2016/PDF Banihal.pdf,3,PDF Banihal.pdf
Jammu & Kashmir,2016,Ramban,Banihal,Doliam Lower,VI,Tantreypora upper,ward,Other than Woman,NONE,0,all_seats,,,,,Open,latin,data/jk/2016/PDF Banihal.pdf,3,PDF Banihal.pdf
Jammu & Kashmir,2016,Ramban,Banihal,Doliam Lower,VII,Tantreypora lower,ward,Other than Woman,NONE,0,all_seats,,,,,Open,latin,data/jk/2016/PDF Banihal.pdf,3,PDF Banihal.pdf
Jammu & Kashmir,2016,Ramban,Banihal,Doliam Lower,VIII,Lonepora,ward,Woman,NONE,1,all_seats,,,,,Women,latin,data/jk/2016/PDF Banihal.pdf,3,PDF Banihal.pdf
Jammu & Kashmir,2016,Panch panch,Banihal,Doliam Lower,III,Hinjhall Upper,ward,Other than Woman,NONE,0,all_seats,,,,,Open,latin,data/jk/2016/PDF Banihal.pdf,4,PDF Banihal.pdf
Jammu & Kashmir,2016,Panch panch,Banihal,Doliam Lower,IV,Hinjhall-Lower,ward,Other than Woman,NONE,0,all_seats,,,,,Open,latin,data/jk/2016/PDF Banihal.pdf,4,PDF Banihal.pdf
Jammu & Kashmir,2016,Panch panch,Banihal,Doliam Lower,V,Chirpora,ward,Woman,NONE,1,all_seats,,,,,Women,latin,data/jk/2016/PDF Banihal.pdf,4,PDF Banihal.pdf
Jammu & Kashmir,2016,Panch panch,Banihal,Doliam Lower,VI,Masjid Mohalla,ward,Other than Woman,NONE,0,all_seats,,,,,Open,latin,data/jk/2016/PDF Banihal.pdf,4,PDF Banihal.pdf
Jammu & Kashmir,2016,Ramban,Banihal,Doligam Upper-B,I,Budgam,ward,Other than Woman,NONE,0,all_seats,,,,,Open,latin,data/jk/2016/PDF Banihal.pdf,4,PDF Banihal.pdf
Jammu & Kashmir,2016,Ramban,Banihal,Doligam Upper-B,II,Nowkote,ward,ST Woman,ST,1,all_seats,,,,,ST women,latin,data/jk/2016/PDF Banihal.pdf,4,PDF Banihal.pdf
Jammu & Kashmir,2016,Ramban,Banihal,Doligam Upper-B,III,Thandishah,ward,ST Other than Woman,ST,0,all_seats,,,,,ST,latin,data/jk/2016/PDF Banihal.pdf,4,PDF Banihal.pdf
Jammu & Kashmir,2016,Ramban,Banihal,Doligam Upper-B,IV,Bohargam,ward,Other than Woman,NONE,0,all_seats,,,,,Open,latin,data/jk/2016/PDF Banihal.pdf,4,PDF Banihal.pdf
Jammu & Kashmir,2016,Ramban,Banihal,Doligam Upper-B,V,Phagoo-A,ward,Woman,NONE,1,all_seats,,,,,Women,latin,data/jk/2016/PDF Banihal.pdf,4,PDF Banihal.pdf
Jammu & Kashmir,2016,Ramban,Banihal,Doligam Upper-B,VI,Phagoo-B,ward,Other than Woman,NONE,0,all_seats,,,,,Open,latin,data/jk/2016/PDF Banihal.pdf,4,PDF Banihal.pdf
Jammu & Kashmir,2016,Ramban,Banihal,Gund Adalkote- A,I,Bungam Gund,ward,Other than Woman,NONE,0,all_seats,,,,,Open,latin,data/jk/2016/PDF Banihal.pdf,4,PDF Banihal.pdf
Jammu & Kashmir,2016,Ramban,Banihal,Gund Adalkote- A,II,Hergam Gund,ward,Woman,NONE,1,all_seats,,,,,Women,latin,data/jk/2016/PDF Banihal.pdf,4,PDF Banihal.pdf
Jammu & Kashmir,2016,Ramban,Banihal,Gund Adalkote- A,III,Mirpora,ward,Other than Woman,NONE,0,all_seats,,,,,Open,latin,data/jk/2016/PDF Banihal.pdf,4,PDF Banihal.pdf
Jammu & Kashmir,2016,Ramban,Banihal,Gund Adalkote- A,IV,Wanipora Shabanbass,ward,Other than Woman,NONE,0,all_seats,,,,,Open,latin,data/jk/2016/PDF Banihal.pdf,4,PDF Banihal.pdf
Jammu & Kashmir,2016,Ramban,Banihal,Gund Adalkote- A,V,Shabanbass,ward,ST Woman,ST,1,all_seats,,,,,ST Women,latin,data/jk/2016/PDF Banihal.pdf,4,PDF Banihal.pdf
Jammu & Kashmir,2016,Ramban,Banihal,Gund Adalkote- A,VI,Rattanbass,ward,ST Other than Woman,ST,0,all_seats,,,,,ST,latin,data/jk/2016/PDF Banihal.pdf,4,PDF Banihal.pdf
Jammu & Kashmir,2016,Ramban,Banihal,Gund Adalkote- B,I,Talbagh,ward,Other than Woman,NONE,0,all_seats,,,,,Open,latin,data/jk/2016/PDF Banihal.pdf,4,PDF Banihal.pdf
Jammu & Kashmir,2016,Ramban,Banihal,Gund Adalkote- B,II,Malikpora,ward,Woman,NONE,1,all_seats,,,,,Women,latin,data/jk/2016/PDF Banihal.pdf,4,PDF Banihal.pdf
Jammu & Kashmir,2016,Ramban,Banihal,Gund Adalkote- B,III,Brandan,ward,Other than Woman,NONE,0,all_seats,,,,,Open,latin,data/jk/2016/PDF Banihal.pdf,4,PDF Banihal.pdf
Jammu & Kashmir,2016,Ramban,Banihal,Gund Adalkote- B,IV,Nagdar,ward,Other than Woman,NONE,0,all_seats,,,,,Open,latin,data/jk/2016/PDF Banihal.pdf,4,PDF Banihal.pdf
Jammu & Kashmir,2016,Ramban,Banihal,Gund Adalkote- B,V,Gudder,ward,Woman,NONE,1,all_seats,,,,,Women,latin,data/jk/2016/PDF Banihal.pdf,4,PDF Banihal.pdf
Jammu & Kashmir,2016,Ramban,Banihal,Gund Adalkote- B,VI,Thakerpora,ward,Other than Woman,NONE,0,all_seats,,,,,Open,latin,data/jk/2016/PDF Banihal.pdf,4,PDF Banihal.pdf
Jammu & Kashmir,2016,Panch panch,Banihal,Gund Adalkote- B,III,Gund-B,ward,Other than Woman,NONE,0,all_seats,,,,,Open,latin,data/jk/2016/PDF Banihal.pdf,5,PDF Banihal.pdf
Jammu & Kashmir,2016,Panch panch,Banihal,Gund Adalkote- B,IV,Gund-C,ward,Other than Woman,NONE,0,all_seats,,,,,Open,latin,data/jk/2016/PDF Banihal.pdf,5,PDF Banihal.pdf
Jammu & Kashmir,2016,Panch panch,Banihal,Gund Adalkote- B,V,Kouthal-A,ward,Woman,NONE,1,all_seats,,,,,Women,latin,data/jk/2016/PDF Banihal.pdf,5,PDF Banihal.pdf
Jammu & Kashmir,2016,Panch panch,Banihal,Gund Adalkote- B,VI,Kouthal-B,ward,Other than Woman,NONE,0,all_seats,,,,,Open,latin,data/jk/2016/PDF Banihal.pdf,5,PDF Banihal.pdf
Jammu & Kashmir,2016,Ramban,Banihal,Karwah,I,Gojjernar-A,ward,ST Other than Woman,ST,0,all_seats,,,,,ST,latin,data/jk/2016/PDF Banihal.pdf,5,PDF Banihal.pdf
Jammu & Kashmir,2016,Ramban,Banihal,Karwah,II,Wanipora,ward,Woman,NONE,1,all_seats,,,,,Women,latin,data/jk/2016/PDF Banihal.pdf,5,PDF Banihal.pdf
Jammu & Kashmir,2016,Ramban,Banihal,Karwah,III,Naikpora,ward,Other than Woman,NONE,0,all_seats,,,,,Open,latin,data/jk/2016/PDF Banihal.pdf,5,PDF Banihal.pdf
Jammu & Kashmir,2016,Ramban,Banihal,Karwah,IV,Malikpora,ward,Other than Woman,NONE,0,all_seats,,,,,Open,latin,data/jk/2016/PDF Banihal.pdf,5,PDF Banihal.pdf
Jammu & Kashmir,2016,Ramban,Banihal,Karwah,V,Dangerpora,ward,Woman,NONE,1,all_seats,,,,,Women,latin,data/jk/2016/PDF Banihal.pdf,5,PDF Banihal.pdf
Jammu & Kashmir,2016,Ramban,Banihal,Karwah,VI,Mirpora,ward,Other than Woman,NONE,0,all_seats,,,,,Open,latin,data/jk/2016/PDF Banihal.pdf,5,PDF Banihal.pdf
Jammu & Kashmir,2016,Ramban,Banihal,Karwah,VII,Chachihall,ward,Other than Woman,NONE,0,all_seats,,,,,Open,latin,data/jk/2016/PDF Banihal.pdf,5,PDF Banihal.pdf
Jammu & Kashmir,2016,Ramban,Banihal,Karwah,VIII,Gojjernar-B,ward,ST Woman,ST,1,all_seats,,,,,St women,latin,data/jk/2016/PDF Banihal.pdf,5,PDF Banihal.pdf
Jammu & Kashmir,2016,Ramban,Banihal,Kaskote,I,Naikpora,ward,Other than Woman,NONE,0,all_seats,,,,,Open,latin,data/jk/2016/PDF Banihal.pdf,5,PDF Banihal.pdf
Jammu & Kashmir,2016,Ramban,Banihal,Kaskote,II,Chanpora,ward,Woman,NONE,1,all_seats,,,,,Women,latin,data/jk/2016/PDF Banihal.pdf,5,PDF Banihal.pdf
Jammu & Kashmir,2016,Ramban,Banihal,Kaskote,III,Kaskoote,ward,Other than Woman,NONE,0,all_seats,,,,,Open,latin,data/jk/2016/PDF Banihal.pdf,5,PDF Banihal.pdf
Jammu & Kashmir,2016,Ramban,Banihal,Kaskote,IV,Sheikhpora,ward,Other than Woman,NONE,0,all_seats,,,,,Open,latin,data/jk/2016/PDF Banihal.pdf,5,PDF Banihal.pdf
Jammu & Kashmir,2016,Ramban,Banihal,Kaskote,V,Hardbear,ward,Woman,NONE,1,all_seats,,,,,Women,latin,data/jk/2016/PDF Banihal.pdf,5,PDF Banihal.pdf
Jammu & Kashmir,2016,Ramban,Banihal,Kaskote,VI,Pharwagan,ward,Other than Woman,NONE,0,all_seats,,,,,Open,latin,data/jk/2016/PDF Banihal.pdf,5,PDF Banihal.pdf
Jammu & Kashmir,2016,Panch panch,Banihal,Kaskote,III,Upperpora,ward,Other than Woman,NONE,0,all_seats,,,,,Open,latin,data/jk/2016/PDF Banihal.pdf,6,PDF Banihal.pdf
Jammu & Kashmir,2016,Panch panch,Banihal,Kaskote,IV,Ganiepora,ward,Other than Woman,NONE,0,all_seats,,,,,Open,latin,data/jk/2016/PDF Banihal.pdf,6,PDF Banihal.pdf
Jammu & Kashmir,2016,Panch panch,Banihal,Kaskote,V,Bungam M,ward,Woman,NONE,1,all_seats,,,,,Women,latin,data/jk/2016/PDF Banihal.pdf,6,PDF Banihal.pdf
Jammu & Kashmir,2016,Panch panch,Banihal,Kaskote,VI,Arbal,ward,Other than Woman,NONE,0,all_seats,,,,,Open,latin,data/jk/2016/PDF Banihal.pdf,6,PDF Banihal.pdf
Jammu & Kashmir,2016,Ramban,Banihal,Nagam,I,Shalnag,ward,Other than Woman,NONE,0,all_seats,,,,,Open,latin,data/jk/2016/PDF Banihal.pdf,6,PDF Banihal.pdf
Jammu & Kashmir,2016,Ramban,Banihal,Nagam,II,Halimadan,ward,Woman,NONE,1,all_seats,,,,,Women,latin,data/jk/2016/PDF Banihal.pdf,6,PDF Banihal.pdf
Jammu & Kashmir,2016,Ramban,Banihal,Nagam,III,Phalpora,ward,Other than Woman,NONE,0,all_seats,,,,,Open,latin,data/jk/2016/PDF Banihal.pdf,6,PDF Banihal.pdf
Jammu & Kashmir,2016,Ramban,Banihal,Nagam,IV,Her Bagh,ward,Other than Woman,NONE,0,all_seats,,,,,Open,latin,data/jk/2016/PDF Banihal.pdf,6,PDF Banihal.pdf
Jammu & Kashmir,2016,Ramban,Banihal,Nagam,V,Nagam,ward,Woman,NONE,1,all_seats,,,,,Women,latin,data/jk/2016/PDF Banihal.pdf,6,PDF Banihal.pdf
Jammu & Kashmir,2016,Ramban,Banihal,Nagam,VI,Her Gund,ward,Other than Woman,NONE,0,all_seats,,,,,Open,latin,data/jk/2016/PDF Banihal.pdf,6,PDF Banihal.pdf
Jammu & Kashmir,2016,Ramban,Banihal,Nowgam,I,Tanjwar,ward,ST Other than Woman,ST,0,all_seats,,,,,ST,latin,data/jk/2016/PDF Banihal.pdf,6,PDF Banihal.pdf
Jammu & Kashmir,2016,Ramban,Banihal,Nowgam,II,Danner Bungam,ward,Woman,NONE,1,all_seats,,,,,Women,latin,data/jk/2016/PDF Banihal.pdf,6,PDF Banihal.pdf
Jammu & Kashmir,2016,Ramban,Banihal,Nowgam,III,Danner Hergam,ward,Other than Woman,NONE,0,all_seats,,,,,Open,latin,data/jk/2016/PDF Banihal.pdf,6,PDF Banihal.pdf
Jammu & Kashmir,2016,Ramban,Banihal,Nowgam,IV,Nowgam-A,ward,Other than Woman,NONE,0,all_seats,,,,,Open,latin,data/jk/2016/PDF Banihal.pdf,6,PDF Banihal.pdf
Jammu & Kashmir,2016,Ramban,Banihal,Nowgam,V,Nowgam-B,ward,Woman,NONE,1,all_seats,,,,,Women,latin,data/jk/2016/PDF Banihal.pdf,6,PDF Banihal.pdf
Jammu & Kashmir,2016,Ramban,Banihal,Nowgam,VI,Nowgam-C,ward,Other than Woman,NONE,0,all_seats,,,,,Open,latin,data/jk/2016/PDF Banihal.pdf,6,PDF Banihal.pdf
Jammu & Kashmir,2016,Ramban,Banihal,Nowgam,VII,Kharkoote,ward,Other than Woman,NONE,0,all_seats,,,,,Open,latin,data/jk/2016/PDF Banihal.pdf,6,PDF Banihal.pdf
Jammu & Kashmir,2016,Ramban,Banihal,Nowgam,VIII,Sangri,ward,ST Woman,ST,1,all_seats,,,,,ST women,latin,data/jk/2016/PDF Banihal.pdf,6,PDF Banihal.pdf
Jammu & Kashmir,2016,Panch panch,Banihal,Nowgam,III,Takia Upper,ward,Other than Woman,NONE,0,all_seats,,,,,Open,latin,data/jk/2016/PDF Banihal.pdf,7,PDF Banihal.pdf
Jammu & Kashmir,2016,Panch panch,Banihal,Nowgam,IV,Takia Lower,ward,Other than Woman,NONE,0,all_seats,,,,,Open,latin,data/jk/2016/PDF Banihal.pdf,7,PDF Banihal.pdf
Jammu & Kashmir,2016,Panch panch,Banihal,Nowgam,V,Khanpora,ward,Woman,NONE,1,all_seats,,,,,Women,latin,data/jk/2016/PDF Banihal.pdf,7,PDF Banihal.pdf
Jammu & Kashmir,2016,Panch panch,Banihal,Nowgam,VI,Thather,ward,Other than Woman,NONE,0,all_seats,,,,,Open,latin,data/jk/2016/PDF Banihal.pdf,7,PDF Banihal.pdf
Jammu & Kashmir,2016,Panch panch,Banihal,Nowgam,VII,Chanpora,ward,Other than Woman,NONE,0,all_seats,,,,,Open,latin,data/jk/2016/PDF Banihal.pdf,7,PDF Banihal.pdf
Jammu & Kashmir,2016,Panch panch,Banihal,Nowgam,VIII,Khanpora,ward,Woman,NONE,1,all_seats,,,,,Women,latin,data/jk/2016/PDF Banihal.pdf,7,PDF Banihal.pdf
Jammu & Kashmir,2016,Panch panch,Banihal,Nowgam,IX,Ganiepora,ward,Other than Woman,NONE,0,all_seats,,,,,Open,latin,data/jk/2016/PDF Banihal.pdf,7,PDF Banihal.pdf
Jammu & Kashmir,2016,Panch panch,Banihal,Nowgam,X,Bungam Thather,ward,Other than Woman,NONE,0,all_seats,,,,,Open,latin,data/jk/2016/PDF Banihal.pdf,7,PDF Banihal.pdf
Jammu & Kashmir,2016,Samba,PDF Samba Distt,,2,Moh. Kothi,ward,SC Woman,SC,1,all_seats,,,,,SC/Women,latin,data/jk/2016/PDF Samba Distt.pdf,1,PDF Samba Distt.pdf
Jammu & Kashmir,2016,Samba,PDF Samba Distt,,3,Moh. Talab Data Upper,ward,Other than Woman,NONE,0,all_seats,,,,,Open,latin,data/jk/2016/PDF Samba Distt.pdf,1,PDF Samba Distt.pdf
Jammu & Kashmir,2016,Samba,PDF Samba Distt,,4,Moh. Talab Data Lower,ward,SC Other than Woman,SC,0,all_seats,,,,,SC,latin,data/jk/2016/PDF Samba Distt.pdf,1,PDF Samba Distt.pdf
Jammu & Kashmir,2016,Samba,PDF Samba Distt,,5,Moh. Rajeev Nagar,ward,SC Woman,SC,1,all_seats,,,,,SC/Women,latin,data/jk/2016/PDF Samba Distt.pdf,1,PDF Samba Distt.pdf
Jammu & Kashmir,2016,Samba,PDF Samba Distt,,6,Moh. Dr. Ambedkar Tret,ward,Other than Woman,NONE,0,all_seats,,,,,Open,latin,data/jk/2016/PDF Samba Distt.pdf,1,PDF Samba Distt.pdf
Jammu & Kashmir,2016,Samba,PDF Samba Distt,,7,Moh. Teli Basti Upper,ward,Other than Woman,NONE,0,all_seats,,,,,Open,latin,data/jk/2016/PDF Samba Distt.pdf,1,PDF Samba Distt.pdf
Jammu & Kashmir,2016,Samba,PDF Samba Distt,,8,Moh. Teli Basti Lower,ward,Woman,NONE,1,all_seats,,,,,Women,latin,data/jk/2016/PDF Samba Distt.pdf,1,PDF Samba Distt.pdf
Jammu & Kashmir,2016,Samba,1. Bari Brahmana,Birpur Upper,1,Birpur Moh. Bus Stand,ward,SC Other than Woman,SC,0,all_seats,,,,,SC,latin,data/jk/2016/PDF Samba Distt.pdf,1,PDF Samba Distt.pdf
Jammu & Kashmir,2016,Samba,1. Bari Brahmana,Birpur Upper,2,Moh. SC Kundanpur,ward,SC Woman,SC,1,all_seats,,,,,SC/Women,latin,data/jk/2016/PDF Samba Distt.pdf,1,PDF Samba Distt.pdf
Jammu & Kashmir,2016,Samba,1. Bari Brahmana,Birpur Upper,3,Dholpur Birpur Upper,ward,Other than Woman,NONE,0,all_seats,,,,,Open,latin,data/jk/2016/PDF Samba Distt.pdf,1,PDF Samba Distt.pdf
Jammu & Kashmir,2016,Samba,1. Bari Brahmana,Birpur Upper,4,Dholpur Birpur Lower,ward,Other than Woman,NONE,0,all_seats,,,,,Open,latin,data/jk/2016/PDF Samba Distt.pdf,1,PDF Samba Distt.pdf
Jammu & Kashmir,2016,Samba,1. Bari Brahmana,Birpur Upper,5,Moh. East Mandi Birpur,ward,Woman,NONE,1,all_seats,,,,,Women,latin,data/jk/2016/PDF Samba Distt.pdf,1,PDF Samba Distt.pdf
Jammu & Kashmir,2016,Samba,1. Bari Brahmana,Birpur Upper,6,Moh. East Mandi Baba Kana,ward,Other than Woman,NONE,0,all_seats,,,,,Open,latin,data/jk/2016/PDF Samba Distt.pdf,1,PDF Samba Distt.pdf
Jammu & Kashmir,2016,Samba,1. Bari Brahmana,Birpur Upper,7,Moh. Narsingh Mandir,ward,SC Other than Woman,SC,0,all_seats,,,,,SC,latin,data/jk/2016/PDF Samba Distt.pdf,1,PDF Samba Distt.pdf
Jammu & Kashmir,2016,Samba,1. Bari Brahmana,Birpur Upper,8,Moh. Dev. Sathan Birpur Center,ward,Woman,NONE,1,all_seats,,,,,Women,latin,data/jk/2016/PDF Samba Distt.pdf,1,PDF Samba Distt.pdf
Jammu & Kashmir,2016,Samba,1. Bari Brahmana,Kartholi,1,"Dasal,",ward,Other than Woman,NONE,0,all_seats,,,,,Open,latin,data/jk/2016/PDF Samba Distt.pdf,1,PDF Samba Distt.pdf
Jammu & Kashmir,2016,Samba,1. Bari Brahmana,Kartholi,2,Takar,ward,Woman,NONE,1,all_seats,,,,,Women,latin,data/jk/2016/PDF Samba Distt.pdf,1,PDF Samba Distt.pdf
Jammu & Kashmir,2016,Samba,1. Bari Brahmana,Kartholi,3,Channi,ward,Other than Woman,NONE,0,all_seats,,,,,Open,latin,data/jk/2016/PDF Samba Distt.pdf,1,PDF Samba Distt.pdf
Jammu & Kashmir,2016,Samba,1. Bari Brahmana,Kartholi,4,Kartholi,ward,Other than Woman,NONE,0,all_seats,,,,,Open,latin,data/jk/2016/PDF Samba Distt.pdf,1,PDF Samba Distt.pdf
Jammu & Kashmir,2016,Samba,1. Bari Brahmana,Kartholi,5,Dhayansar,ward,Woman,NONE,1,all_seats,,,,,Women,latin,data/jk/2016/PDF Samba Distt.pdf,1,PDF Samba Distt.pdf
Jammu & Kashmir,2016,Samba,1. Bari Brahmana,Kartholi,6,Dhayansar Moh. Bazigar,ward,Other than Woman,NONE,0,all_seats,,,,,Open,latin,data/jk/2016/PDF Samba Distt.pdf,1,PDF Samba Distt.pdf
Jammu & Kashmir,2016,Samba,1. Bari Brahmana,Kartholi,7,Krishana Nagar Lower,ward,Other than Woman,NONE,0,all_seats,,,,,Open,latin,data/jk/2016/PDF Samba Distt.pdf,1,PDF Samba Distt.pdf
Jammu & Kashmir,2016,Samba,1. Bari Brahmana,Kartholi,8,Krishana Nagar Upper,ward,Woman,NONE,1,all_seats,,,,,Women,latin,data/jk/2016/PDF Samba Distt.pdf,1,PDF Samba Distt.pdf
Jammu & Kashmir,2016,Samba,Total,Kartholi,2,Gurgi,ward,Woman,NONE,1,all_seats,,,,,Women,latin,data/jk/2016/PDF Samba Distt.pdf,2,PDF Samba Distt.pdf
Jammu & Kashmir,2016,Samba,Total,Kartholi,3,Gurah,ward,Other than Woman,NONE,0,all_seats,,,,,Open,latin,data/jk/2016/PDF Samba Distt.pdf,2,PDF Samba Distt.pdf
Jammu & Kashmir,2016,Samba,Total,Kartholi,4,Upper Meen,ward,SC Other than Woman,SC,0,all_seats,,,,,SC,latin,data/jk/2016/PDF Samba Distt.pdf,2,PDF Samba Distt.pdf
Jammu & Kashmir,2016,Samba,Total,Kartholi,5,Nehalki Upper,ward,SC Woman,SC,1,all_seats,,,,,SC/Women,latin,data/jk/2016/PDF Samba Distt.pdf,2,PDF Samba Distt.pdf
Jammu & Kashmir,2016,Samba,Total,Kartholi,6,Nehalki Lower,ward,SC Other than Woman,SC,0,all_seats,,,,,SC,latin,data/jk/2016/PDF Samba Distt.pdf,2,PDF Samba Distt.pdf
Jammu & Kashmir,2016,Samba,1. Bari Brahmana,Meen Sarkar,1,Upper Meen Sarkar,ward,SC Other than Woman,SC,0,all_seats,,,,,SC,latin,data/jk/2016/PDF Samba Distt.pdf,2,PDF Samba Distt.pdf
Jammu & Kashmir,2016,Samba,1. Bari Brahmana,Meen Sarkar,2,Makora Bali,ward,SC Woman,SC,1,all_seats,,,,,SC/Women,latin,data/jk/2016/PDF Samba Distt.pdf,2,PDF Samba Distt.pdf
Jammu & Kashmir,2016,Samba,1. Bari Brahmana,Meen Sarkar,3,Tadgal,ward,Other than Woman,NONE,0,all_seats,,,,,Open,latin,data/jk/2016/PDF Samba Distt.pdf,2,PDF Samba Distt.pdf
Jammu & Kashmir,2016,Samba,1. Bari Brahmana,Meen Sarkar,4,Barjani,ward,ST Other than Woman,ST,0,all_seats,,,,,ST,latin,data/jk/2016/PDF Samba Distt.pdf,2,PDF Samba Distt.pdf
Jammu & Kashmir,2016,Samba,1. Bari Brahmana,Meen Sarkar,5,Kadgal,ward,SC Woman,SC,1,all_seats,,,,,SC/Women,latin,data/jk/2016/PDF Samba Distt.pdf,2,PDF Samba Distt.pdf
Jammu & Kashmir,2016,Samba,1. Bari Brahmana,Meen Sarkar,6,Reyor,ward,SC Other than Woman,SC,0,all_seats,,,,,SC,latin,data/jk/2016/PDF Samba Distt.pdf,2,PDF Samba Distt.pdf
Jammu & Kashmir,2016,Samba,1. Bari Brahmana,Meen Sarkar,7,Reyor Adda,ward,Other than Woman,NONE,0,all_seats,,,,,Open,latin,data/jk/2016/PDF Samba Distt.pdf,2,PDF Samba Distt.pdf
Jammu & Kashmir,2016,Samba,1. Bari Brahmana,Meen Sarkar,8,Tabela,ward,SC Woman,SC,1,all_seats,,,,,SC/Women,latin,data/jk/2016/PDF Samba Distt.pdf,2,PDF Samba Distt.pdf
Jammu & Kashmir,2016,Samba,1. Bari Brahmana,Palli,1,Palli Moh. North Camp,ward,Other than Woman,NONE,0,all_seats,,,,,Open,latin,data/jk/2016/PDF Samba Distt.pdf,2,PDF Samba Distt.pdf
Jammu & Kashmir,2016,Samba,1. Bari Brahmana,Palli,2,Palli Moh. Rice mill,ward,Woman,NONE,1,all_seats,,,,,Women,latin,data/jk/2016/PDF Samba Distt.pdf,2,PDF Samba Distt.pdf
Jammu & Kashmir,2016,Samba,1. Bari Brahmana,Palli,3,Palli Moh. Basi,ward,Other than Woman,NONE,0,all_seats,,,,,Open,latin,data/jk/2016/PDF Samba Distt.pdf,2,PDF Samba Distt.pdf
Jammu & Kashmir,2016,Samba,1. Bari Brahmana,Palli,4,Palli Moh. South,ward,Other than Woman,NONE,0,all_seats,,,,,Open,latin,data/jk/2016/PDF Samba Distt.pdf,2,PDF Samba Distt.pdf
Jammu & Kashmir,2016,Samba,1. Bari Brahmana,Palli,5,Palli Moh. West,ward,Woman,NONE,1,all_seats,,,,,Women,latin,data/jk/2016/PDF Samba Distt.pdf,2,PDF Samba Distt.pdf
Jammu & Kashmir,2016,Samba,1. Bari Brahmana,Palli,6,Bassi Khurd Moh. West,ward,Other than Woman,NONE,0,all_seats,,,,,Open,latin,data/jk/2016/PDF Samba Distt.pdf,2,PDF Samba Distt.pdf
Jammu & Kashmir,2016,Samba,1. Bari Brahmana,Palli,7,Bassi Khurd Moh. North,ward,Other than Woman,NONE,0,all_seats,,,,,Open,latin,data/jk/2016/PDF Samba Distt.pdf,2,PDF Samba Distt.pdf
Jammu & Kashmir,2016,Samba,1. Bari Brahmana,Palli,8,Basdsi Khurd Moh. East,ward,Woman,NONE,1,all_seats,,,,,Women,latin,data/jk/2016/PDF Samba Distt.pdf,2,PDF Samba Distt.pdf
Jammu & Kashmir,2016,Samba,Bari Brahmana,Patli,1,Moh. Patli Upper,ward,Other than Woman,NONE,0,all_seats,,,,,Open,latin,data/jk/2016/PDF Samba Distt.pdf,2,PDF Samba Distt.pdf
Jammu & Kashmir,2016,Samba,Bari Brahmana,Patli,2,Moh. Patli Lower,ward,Woman,NONE,1,all_seats,,,,,Women,latin,data/jk/2016/PDF Samba Distt.pdf,2,PDF Samba Distt.pdf
Jammu & Kashmir,2016,Samba,Bari Brahmana,Patli,3,Khadergal Moh. SC,ward,Other than Woman,NONE,0,all_seats,,,,,Open,latin,data/jk/2016/PDF Samba Distt.pdf,2,PDF Samba Distt.pdf
Jammu & Kashmir,2016,Samba,Bari Brahmana,Patli,4,Khadergal,ward,Other than Woman,NONE,0,all_seats,,,,,Open,latin,data/jk/2016/PDF Samba Distt.pdf,2,PDF Samba Distt.pdf
Jammu & Kashmir,2016,Samba,Bari Brahmana,Patli,5,Badori,ward,Woman,NONE,1,all_seats,,,,,Women,latin,data/jk/2016/PDF Samba Distt.pdf,2,PDF Samba Distt.pdf
Jammu & Kashmir,2016,Samba,Bari Brahmana,Patli,6,Rakh Badoi Moh. Rajpur & Attri,ward,Other than Woman,NONE,0,all_seats,,,,,Open,latin,data/jk/2016/PDF Samba Distt.pdf,2,PDF Samba Distt.pdf
Jammu & Kashmir,2016,Samba,Bari Brahmana,Patli,7,Gowal,ward,Other than Woman,NONE,0,all_seats,,,,,Open,latin,data/jk/2016/PDF Samba Distt.pdf,2,PDF Samba Distt.pdf
Jammu & Kashmir,2016,Samba,Bari Brahmana,Patli,8,Rakh Badoi Moh. Jattan & Bhagtan,ward,Woman,NONE,1,all_seats,,,,,Women,latin,data/jk/2016/PDF Samba Distt.pdf,2,PDF Samba Distt.pdf
Jammu & Kashmir,2016,Samba,Total,Patli,2,Moh. Palata,ward,SC Woman,SC,1,all_seats,,,,,SC/Women,latin,data/jk/2016/PDF Samba Distt.pdf,3,PDF Samba Distt.pdf
Jammu & Kashmir,2016,Samba,Total,Patli,3,Moh. Bhagata,ward,SC Other than Woman,SC,0,all_seats,,,,,SC,latin,data/jk/2016/PDF Samba Distt.pdf,3,PDF Samba Distt.pdf
Jammu & Kashmir,2016,Samba,Total,Patli,4,Moh. Charkan /,ward,Other than Woman,NONE,0,all_seats,,,,,Open,latin,data/jk/2016/PDF Samba Distt.pdf,3,PDF Samba Distt.pdf
Jammu & Kashmir,2016,Samba,Total,Patli,5,Ramdasia Moh. Sinarki,ward,SC Woman,SC,1,all_seats,,,,,SC/Women,latin,data/jk/2016/PDF Samba Distt.pdf,3,PDF Samba Distt.pdf
Jammu & Kashmir,2016,Samba,Total,Patli,6,Rakh Rajpur,ward,SC Other than Woman,SC,0,all_seats,,,,,SC,latin,data/jk/2016/PDF Samba Distt.pdf,3,PDF Samba Distt.pdf
Jammu & Kashmir,2016,Samba,Bari Brahmana,Smailpur,1,Moh Loahran,ward,Other than Woman,NONE,0,all_seats,,,,,Open,latin,data/jk/2016/PDF Samba Distt.pdf,3,PDF Samba Distt.pdf
Jammu & Kashmir,2016,Samba,Bari Brahmana,Smailpur,2,Moh. Rajputan,ward,Woman,NONE,1,all_seats,,,,,Women,latin,data/jk/2016/PDF Samba Distt.pdf,3,PDF Samba Distt.pdf
Jammu & Kashmir,2016,Samba,Bari Brahmana,Smailpur,3,Moh Mahashan,ward,Other than Woman,NONE,0,all_seats,,,,,Open,latin,data/jk/2016/PDF Samba Distt.pdf,3,PDF Samba Distt.pdf
Jammu & Kashmir,2016,Samba,Bari Brahmana,Smailpur,4,Moh. Jogian,ward,Other than Woman,NONE,0,all_seats,,,,,Open,latin,data/jk/2016/PDF Samba Distt.pdf,3,PDF Samba Distt.pdf
Jammu & Kashmir,2016,Samba,Bari Brahmana,Smailpur,5,Upper Brahmana,ward,Woman,NONE,1,all_seats,,,,,Women,latin,data/jk/2016/PDF Samba Distt.pdf,3,PDF Samba Distt.pdf
Jammu & Kashmir,2016,Samba,Bari Brahmana,Smailpur,6,Moh. Sukheni,ward,ST Other than Woman,ST,0,all_seats,,,,,ST,latin,data/jk/2016/PDF Samba Distt.pdf,3,PDF Samba Distt.pdf
Jammu & Kashmir,2016,Samba,Bari Brahmana,Tarore,1,Tarore Moh. Mahiwal,ward,Other than Woman,NONE,0,all_seats,,,,,Open,latin,data/jk/2016/PDF Samba Distt.pdf,3,PDF Samba Distt.pdf
Jammu & Kashmir,2016,Samba,Bari Brahmana,Tarore,2,Tarore Moh. Kabali,ward,Woman,NONE,1,all_seats,,,,,Women,latin,data/jk/2016/PDF Samba Distt.pdf,3,PDF Samba Distt.pdf
Jammu & Kashmir,2016,Samba,Bari Brahmana,Tarore,3,Tarore Moh. Pahalwala,ward,Other than Woman,NONE,0,all_seats,,,,,Open,latin,data/jk/2016/PDF Samba Distt.pdf,3,PDF Samba Distt.pdf
Jammu & Kashmir,2016,Samba,Bari Brahmana,Tarore,4,Moh. Chariwala,ward,Other than Woman,NONE,0,all_seats,,,,,Open,latin,data/jk/2016/PDF Samba Distt.pdf,3,PDF Samba Distt.pdf
Jammu & Kashmir,2016,Samba,Bari Brahmana,Tarore,5,Tarore Moh. Tarkhana,ward,Woman,NONE,1,all_seats,,,,,Women,latin,data/jk/2016/PDF Samba Distt.pdf,3,PDF Samba Distt.pdf
Jammu & Kashmir,2016,Samba,Bari Brahmana,Tarore,6,Tarore Moh. Ramdasia,ward,SC Other than Woman,SC,0,all_seats,,,,,SC,latin,data/jk/2016/PDF Samba Distt.pdf,3,PDF Samba Distt.pdf
Jammu & Kashmir,2016,Samba,Bari Brahmana,Tarore,7,Tarore Moh. Gorawala,ward,Other than Woman,NONE,0,all_seats,,,,,Open,latin,data/jk/2016/PDF Samba Distt.pdf,3,PDF Samba Distt.pdf
Jammu & Kashmir,2016,Samba,Bari Brahmana,Tarore,8,Tarore Moh. Choudhary,ward,Woman,NONE,1,all_seats,,,,,Women,latin,data/jk/2016/PDF Samba Distt.pdf,3,PDF Samba Distt.pdf
Jammu & Kashmir,2016,Samba,G.Total,13,2,Penthi,ward,Woman,NONE,1,all_seats,,,,,Women,latin,data/jk/2016/PDF Samba Distt.pdf,36,PDF Samba Distt.pdf
Jammu & Kashmir,2016,Samba,G.Total,13,3,Kupri,ward,SC Other than Woman,SC,0,all_seats,,,,,SC,latin,data/jk/2016/PDF Samba Distt.pdf,36,PDF Samba Distt.pdf
Jammu & Kashmir,2016,Samba,G.Total,13,4,Daveka,ward,Other than Woman,NONE,0,all_seats,,,,,Open,latin,data/jk/2016/PDF Samba Distt.pdf,36,PDF Samba Distt.pdf
Jammu & Kashmir,2016,Samba,G.Total,13,5,Naneter,ward,ST Woman,ST,1,all_seats,,,,,ST/ Women,latin,data/jk/2016/PDF Samba Distt.pdf,36,PDF Samba Distt.pdf
Jammu & Kashmir,2016,Samba,G.Total,13,6,Plai,ward,Other than Woman,NONE,0,all_seats,,,,,Open,latin,data/jk/2016/PDF Samba Distt.pdf,36,PDF Samba Distt.pdf
Jammu & Kashmir,2016,Samba,Sumb,Blater,1,Blater,ward,Other than Woman,NONE,0,all_seats,,,,,Open,latin,data/jk/2016/PDF Samba Distt.pdf,36,PDF Samba Distt.pdf
Jammu & Kashmir,2016,Samba,Sumb,Blater,2,Dhaki,ward,Woman,NONE,1,all_seats,,,,,Women,latin,data/jk/2016/PDF Samba Distt.pdf,36,PDF Samba Distt.pdf
Jammu & Kashmir,2016,Samba,Sumb,Blater,3,Chak Katli,ward,Other than Woman,NONE,0,all_seats,,,,,Open,latin,data/jk/2016/PDF Samba Distt.pdf,36,PDF Samba Distt.pdf
Jammu & Kashmir,2016,Samba,Sumb,Blater,4,Karl Chai Tala,ward,Other than Woman,NONE,0,all_seats,,,,,Open,latin,data/jk/2016/PDF Samba Distt.pdf,36,PDF Samba Distt.pdf
Jammu & Kashmir,2016,Samba,Sumb,Blater,5,Battal,ward,Woman,NONE,1,all_seats,,,,,Women,latin,data/jk/2016/PDF Samba Distt.pdf,36,PDF Samba Distt.pdf
Jammu & Kashmir,2016,Samba,Sumb,Blater,6,Bharna,ward,Other than Woman,NONE,0,all_seats,,,,,Open,latin,data/jk/2016/PDF Samba Distt.pdf,36,PDF Samba Distt.pdf
Jammu & Kashmir,2016,Samba,Sumb,Blater,7,Dunai Upper,ward,Other than Woman,NONE,0,all_seats,,,,,Open,latin,data/jk/2016/PDF Samba Distt.pdf,36,PDF Samba Distt.pdf
Jammu & Kashmir,2016,Samba,Sumb,Blater,8,Dunai Lower,ward,Woman,NONE,1,all_seats,,,,,Women,latin,data/jk/2016/PDF Samba Distt.pdf,36,PDF Samba Distt.pdf
Jammu & Kashmir,2016,Samba,Sumb,Goran,1,Goran,ward,Other than Woman,NONE,0,all_seats,,,,,Open,latin,data/jk/2016/PDF Samba Distt.pdf,36,PDF Samba Distt.pdf
Jammu & Kashmir,2016,Samba,Sumb,Goran,2,Beli,ward,Woman,NONE,1,all_seats,,,,,Women,latin,data/jk/2016/PDF Samba Distt.pdf,36,PDF Samba Distt.pdf
Jammu & Kashmir,2016,Samba,Sumb,Goran,3,Sumotha,ward,Other than Woman,NONE,0,all_seats,,,,,Open,latin,data/jk/2016/PDF Samba Distt.pdf,36,PDF Samba Distt.pdf
Jammu & Kashmir,2016,Samba,Sumb,Goran,4,Budwana,ward,SC Other than Woman,SC,0,all_seats,,,,,SC,latin,data/jk/2016/PDF Samba Distt.pdf,36,PDF Samba Distt.pdf
Jammu & Kashmir,2016,Samba,Sumb,Goran,5,Thandwal,ward,Woman,NONE,1,all_seats,,,,,Women,latin,data/jk/2016/PDF Samba Distt.pdf,36,PDF Samba Distt.pdf
Jammu & Kashmir,2016,Samba,Sumb,Goran,6,Phogal,ward,Other than Woman,NONE,0,all_seats,,,,,Open,latin,data/jk/2016/PDF Samba Distt.pdf,36,PDF Samba Distt.pdf
Jammu & Kashmir,2016,Samba,Total,Goran,2,Bagoon,ward,Woman,NONE,1,all_seats,,,,,Women,latin,data/jk/2016/PDF Samba Distt.pdf,37,PDF Samba Distt.pdf
Jammu & Kashmir,2016,Samba,Total,Goran,3,Payour,ward,Other than Woman,NONE,0,all_seats,,,,,Open,latin,data/jk/2016/PDF Samba Distt.pdf,37,PDF Samba Distt.pdf
Jammu & Kashmir,2016,Samba,Total,Goran,4,Jared,ward,Other than Woman,NONE,0,all_seats,,,,,Open,latin,data/jk/2016/PDF Samba Distt.pdf,37,PDF Samba Distt.pdf
Jammu & Kashmir,2016,Samba,Total,Goran,5,Rayour,ward,SC Woman,SC,1,all_seats,,,,,SC/ Women,latin,data/jk/2016/PDF Samba Distt.pdf,37,PDF Samba Distt.pdf
Jammu & Kashmir,2016,Samba,Total,Goran,6,Jatha,ward,Other than Woman,NONE,0,all_seats,,,,,Open,latin,data/jk/2016/PDF Samba Distt.pdf,37,PDF Samba Distt.pdf
Jammu & Kashmir,2016,Samba,Total,Goran,7,Kanar,ward,Other than Woman,NONE,0,all_seats,,,,,Open,latin,data/jk/2016/PDF Samba Distt.pdf,37,PDF Samba Distt.pdf
Jammu & Kashmir,2016,Samba,Total,Goran,8,Nud,ward,Woman,NONE,1,all_seats,,,,,Women,latin,data/jk/2016/PDF Samba Distt.pdf,37,PDF Samba Distt.pdf
Jammu & Kashmir,2016,Samba,Sumb,Patyari,1,w. No. 1 Patyari East,ward,Other than Woman,NONE,0,all_seats,,,,,Open,latin,data/jk/2016/PDF Samba Distt.pdf,37,PDF Samba Distt.pdf
Jammu & Kashmir,2016,Samba,Sumb,Patyari,2,w. No. 2 Patyari West,ward,Woman,NONE,1,all_seats,,,,,Women,latin,data/jk/2016/PDF Samba Distt.pdf,37,PDF Samba Distt.pdf
Jammu & Kashmir,2016,Samba,Sumb,Patyari,3,w. No. 3 Jalla pur,ward,SC Other than Woman,SC,0,all_seats,,,,,SC,latin,data/jk/2016/PDF Samba Distt.pdf,37,PDF Samba Distt.pdf
Jammu & Kashmir,2016,Samba,Sumb,Patyari,4,w. No. 4 Paswal,ward,Other than Woman,NONE,0,all_seats,,,,,Open,latin,data/jk/2016/PDF Samba Distt.pdf,37,PDF Samba Distt.pdf
Jammu & Kashmir,2016,Samba,Sumb,Patyari,5,w. No. 5 Chandli,ward,Woman,NONE,1,all_seats,,,,,Women,latin,data/jk/2016/PDF Samba Distt.pdf,37,PDF Samba Distt.pdf
Jammu & Kashmir,2016,Samba,Sumb,Patyari,6,w. No. 6 Sumblna,ward,Other than Woman,NONE,0,all_seats,,,,,Open,latin,data/jk/2016/PDF Samba Distt.pdf,37,PDF Samba Distt.pdf
Jammu & Kashmir,2016,Samba,Sumb,Samlah,1,Samlah,ward,SC Other than Woman,SC,0,all_seats,,,,,SC,latin,data/jk/2016/PDF Samba Distt.pdf,37,PDF Samba Distt.pdf
Jammu & Kashmir,2016,Samba,Sumb,Samlah,2,Amalla,ward,SC Woman,SC,1,all_seats,,,,,SC/ Women,latin,data/jk/2016/PDF Samba Distt.pdf,37,PDF Samba Distt.pdf
Jammu & Kashmir,2016,Samba,Sumb,Samlah,3,Pungwal A,ward,SC Other than Woman,SC,0,all_seats,,,,,SC,latin,data/jk/2016/PDF Samba Distt.pdf,37,PDF Samba Distt.pdf
Jammu & Kashmir,2016,Samba,Sumb,Samlah,4,Pungwal B,ward,SC Other than Woman,SC,0,all_seats,,,,,SC,latin,data/jk/2016/PDF Samba Distt.pdf,37,PDF Samba Distt.pdf
Jammu & Kashmir,2016,Samba,Sumb,Samlah,5,Behari,ward,Woman,NONE,1,all_seats,,,,,Women,latin,data/jk/2016/PDF Samba Distt.pdf,37,PDF Samba Distt.pdf
Jammu & Kashmir,2016,Samba,Sumb,Samlah,6,Parel,ward,SC Other than Woman,SC,0,all_seats,,,,,SC,latin,data/jk/2016/PDF Samba Distt.pdf,37,PDF Samba Distt.pdf
Jammu & Kashmir,2016,Samba,Sumb,Samlah,7,Kathera,ward,SC Other than Woman,SC,0,all_seats,,,,,SC,latin,data/jk/2016/PDF Samba Distt.pdf,37,PDF Samba Distt.pdf
Jammu & Kashmir,2016,Samba,Sumb,Samlah,8,Nehari,ward,Woman,NONE,1,all_seats,,,,,Women,latin,data/jk/2016/PDF Samba Distt.pdf,37,PDF Samba Distt.pdf
Jammu & Kashmir,2016,Samba,Total,Samlah,2,Sodam Moh SC,ward,SC Woman,SC,1,all_seats,,,,,SC/ Women,latin,data/jk/2016/PDF Samba Distt.pdf,38,PDF Samba Distt.pdf
Jammu & Kashmir,2016,Samba,Total,Samlah,3,Samour,ward,Other than Woman,NONE,0,all_seats,,,,,Open,latin,data/jk/2016/PDF Samba Distt.pdf,38,PDF Samba Distt.pdf
Jammu & Kashmir,2016,Samba,Total,Samlah,4,Khobal,ward,Other than Woman,NONE,0,all_seats,,,,,Open,latin,data/jk/2016/PDF Samba Distt.pdf,38,PDF Samba Distt.pdf
Jammu & Kashmir,2016,Samba,Total,Samlah,5,Khobal,ward,Woman,NONE,1,all_seats,,,,,Women,latin,data/jk/2016/PDF Samba Distt.pdf,38,PDF Samba Distt.pdf
Jammu & Kashmir,2016,Samba,Total,Samlah,6,Bian,ward,Other than Woman,NONE,0,all_seats,,,,,Open,latin,data/jk/2016/PDF Samba Distt.pdf,38,PDF Samba Distt.pdf
Jammu & Kashmir,2016,Samba,Sumb,Taloor,1,Dub,ward,SC Other than Woman,SC,0,all_seats,,,,,SC,latin,data/jk/2016/PDF Samba Distt.pdf,38,PDF Samba Distt.pdf
Jammu & Kashmir,2016,Samba,Sumb,Taloor,2,Chak Ari,ward,Woman,NONE,1,all_seats,,,,,Women,latin,data/jk/2016/PDF Samba Distt.pdf,38,PDF Samba Distt.pdf
Jammu & Kashmir,2016,Samba,Sumb,Taloor,3,Taloor,ward,Other than Woman,NONE,0,all_seats,,,,,Open,latin,data/jk/2016/PDF Samba Distt.pdf,38,PDF Samba Distt.pdf
Jammu & Kashmir,2016,Samba,Sumb,Taloor,4,Chanuri,ward,ST Other than Woman,ST,0,all_seats,,,,,ST,latin,data/jk/2016/PDF Samba Distt.pdf,38,PDF Samba Distt.pdf
Jammu & Kashmir,2016,Samba,Sumb,Taloor,5,Markoli,ward,Woman,NONE,1,all_seats,,,,,Women,latin,data/jk/2016/PDF Samba Distt.pdf,38,PDF Samba Distt.pdf
Jammu & Kashmir,2016,Samba,Sumb,Taloor,6,Kompur Fankha,ward,Other than Woman,NONE,0,all_seats,,,,,Open,latin,data/jk/2016/PDF Samba Distt.pdf,38,PDF Samba Distt.pdf
Jammu & Kashmir,2016,Jammu,Publication Jammu B,,1,Hakkal,ward,Other than Woman,NONE,0,all_seats,309,0,311,620,OPEN,latin,data/jk/2016/Publication Jammu B.pdf,1,Publication Jammu B.pdf
Jammu & Kashmir,2016,Jammu,Publication Jammu B,,2,Haripur,ward,SC Other than Woman,SC,0,all_seats,326,0,0,326,SC,latin,data/jk/2016/Publication Jammu B.pdf,1,Publication Jammu B.pdf
Jammu & Kashmir,2016,Jammu,Publication Jammu B,,3,Khandwal,ward,SC Other than Woman,SC,0,all_seats,401,0,145,546,SC,latin,data/jk/2016/Publication Jammu B.pdf,1,Publication Jammu B.pdf
Jammu & Kashmir,2016,Jammu,Publication Jammu B,,4,Makwal,ward,Other than Woman,NONE,0,all_seats,22,0,298,320,OPEN,latin,data/jk/2016/Publication Jammu B.pdf,1,Publication Jammu B.pdf
Jammu & Kashmir,2016,Jammu,Publication Jammu B,,5,Mandal,ward,Other than Woman,NONE,0,all_seats,284,99,198,581,OPEN,latin,data/jk/2016/Publication Jammu B.pdf,2,Publication Jammu B.pdf
Jammu & Kashmir,2016,Jammu,Publication Jammu B,,6,Parladpur,ward,SC Other than Woman,SC,0,all_seats,515,0,130,645,SC,latin,data/jk/2016/Publication Jammu B.pdf,2,Publication Jammu B.pdf
Jammu & Kashmir,2016,Jammu,Publication Jammu B,,7,Sohanjana,ward,Other than Woman,NONE,0,all_seats,220,0,407,627,OPEN,latin,data/jk/2016/Publication Jammu B.pdf,2,Publication Jammu B.pdf
Jammu & Kashmir,2016,Jammu,Publication Jammu B,,8,Summ,ward,SC Other than Woman,SC,0,all_seats,349,0,166,515,SC,latin,data/jk/2016/Publication Jammu B.pdf,3,Publication Jammu B.pdf
Jammu & Kashmir,2016,Jammu,Publication Jammu B,,1,Akalpur,ward,Other than Woman,NONE,0,all_seats,87,0,250,337,OPEN,latin,data/jk/2016/Publication Jammu B.pdf,4,Publication Jammu B.pdf
Jammu & Kashmir,2016,Jammu,Publication Jammu B,,2,Bhadrore,ward,SC Other than Woman,SC,0,all_seats,300,0,121,421,SC,latin,data/jk/2016/Publication Jammu B.pdf,4,Publication Jammu B.pdf
Jammu & Kashmir,2016,Jammu,Publication Jammu B,,3,Channu Chak,ward,Other than Woman,NONE,0,all_seats,250,40,289,579,OPEN,latin,data/jk/2016/Publication Jammu B.pdf,4,Publication Jammu B.pdf
Jammu & Kashmir,2016,Jammu,Publication Jammu B,,4,Dhateriyal,ward,SC Other than Woman,SC,0,all_seats,300,21,183,504,SC,latin,data/jk/2016/Publication Jammu B.pdf,5,Publication Jammu B.pdf
Jammu & Kashmir,2016,Jammu,Publication Jammu B,,5,Flora Nagbani,ward,Other than Woman,NONE,0,all_seats,90,73,400,563,OPEN,latin,data/jk/2016/Publication Jammu B.pdf,5,Publication Jammu B.pdf
Jammu & Kashmir,2016,Jammu,Publication Jammu B,,6,Gajansoo,ward,Other than Woman,NONE,0,all_seats,6,62,300,368,OPEN,latin,data/jk/2016/Publication Jammu B.pdf,5,Publication Jammu B.pdf
Jammu & Kashmir,2016,Jammu,Publication Jammu B,,7,Gango Chak,ward,SC Other than Woman,SC,0,all_seats,250,22,200,472,SC,latin,data/jk/2016/Publication Jammu B.pdf,6,Publication Jammu B.pdf
Jammu & Kashmir,2016,Jammu,Publication Jammu B,,8,Gangwan Parwah,ward,Other than Woman,NONE,0,all_seats,200,10,200,410,OPEN,latin,data/jk/2016/Publication Jammu B.pdf,6,Publication Jammu B.pdf
Jammu & Kashmir,2016,Jammu,Publication Jammu B,,9,Gho Manhasan,ward,Other than Woman,NONE,0,all_seats,200,100,270,570,OPEN,latin,data/jk/2016/Publication Jammu B.pdf,6,Publication Jammu B.pdf
Jammu & Kashmir,2016,Jammu,Publication Jammu B,,10,Gole Gujral,ward,SC Other than Woman,SC,0,all_seats,500,0,340,840,SC,latin,data/jk/2016/Publication Jammu B.pdf,6,Publication Jammu B.pdf
Jammu & Kashmir,2016,Jammu,Publication Jammu B,,11,Halqa,ward,SC Other than Woman,SC,0,all_seats,400,10,120,530,SC,latin,data/jk/2016/Publication Jammu B.pdf,7,Publication Jammu B.pdf
Jammu & Kashmir,2016,Jammu,Publication Jammu B,,12,Jaswan,ward,Other than Woman,NONE,0,all_seats,200,10,250,460,OPEN,latin,data/jk/2016/Publication Jammu B.pdf,7,Publication Jammu B.pdf
Jammu & Kashmir,2016,Jammu,Publication Jammu B,,13,Kalyanpur,ward,Other than Woman,NONE,0,all_seats,100,0,400,500,OPEN,latin,data/jk/2016/Publication Jammu B.pdf,7,Publication Jammu B.pdf
Jammu & Kashmir,2016,Jammu,Publication Jammu B,,14,Kana Chak,ward,Other than Woman,NONE,0,all_seats,60,0,398,458,OPEN,latin,data/jk/2016/Publication Jammu B.pdf,7,Publication Jammu B.pdf
Jammu & Kashmir,2016,Jammu,Publication Jammu B,,15,Karloop,ward,Other than Woman,NONE,0,all_seats,100,0,400,500,OPEN,latin,data/jk/2016/Publication Jammu B.pdf,8,Publication Jammu B.pdf
Jammu & Kashmir,2016,Jammu,Publication Jammu B,,16,Marh,ward,Other than Woman,NONE,0,all_seats,200,4,320,524,OPEN,latin,data/jk/2016/Publication Jammu B.pdf,8,Publication Jammu B.pdf
Jammu & Kashmir,2016,Jammu,Publication Jammu B,,17,Nai Basti,ward,Other than Woman,NONE,0,all_seats,83,0,341,424,OPEN,latin,data/jk/2016/Publication Jammu B.pdf,8,Publication Jammu B.pdf
Jammu & Kashmir,2016,Jammu,Publication Jammu B,,18,Panjore,ward,Other than Woman,NONE,0,all_seats,90,0,300,390,OPEN,latin,data/jk/2016/Publication Jammu B.pdf,8,Publication Jammu B.pdf
Jammu & Kashmir,2016,Jammu,Publication Jammu B,,19,Pouni Chak,ward,Other than Woman,NONE,0,all_seats,250,10,289,549,OPEN,latin,data/jk/2016/Publication Jammu B.pdf,9,Publication Jammu B.pdf
Jammu & Kashmir,2016,Jammu,Publication Jammu B,,20,Rajpura,ward,Other than Woman,NONE,0,all_seats,210,99,208,517,OPEN,latin,data/jk/2016/Publication Jammu B.pdf,9,Publication Jammu B.pdf
Jammu & Kashmir,2016,Jammu,Publication Jammu B,,21,Rathua,ward,Other than Woman,NONE,0,all_seats,120,0,150,270,OPEN,latin,data/jk/2016/Publication Jammu B.pdf,9,Publication Jammu B.pdf
Jammu & Kashmir,2016,Jammu,Publication Jammu B,,22,Saharan,ward,Other than Woman,NONE,0,all_seats,150,0,200,350,OPEN,latin,data/jk/2016/Publication Jammu B.pdf,9,Publication Jammu B.pdf
Jammu & Kashmir,2016,Jammu,Publication Jammu B,,23,Sangrampur,ward,Other than Woman,NONE,0,all_seats,151,0,310,461,OPEN,latin,data/jk/2016/Publication Jammu B.pdf,10,Publication Jammu B.pdf
Jammu & Kashmir,2016,Jammu,Publication Jammu B,,24,Sohagani,ward,SC Other than Woman,SC,0,all_seats,178,58,85,321,SC,latin,data/jk/2016/Publication Jammu B.pdf,10,Publication Jammu B.pdf
Jammu & Kashmir,2016,Jammu,Publication Jammu B,,25,Tirlokpur,ward,Other than Woman,NONE,0,all_seats,300,137,350,787,OPEN,latin,data/jk/2016/Publication Jammu B.pdf,10,Publication Jammu B.pdf
Jammu & Kashmir,2016,JAMMU,Publication Jammu B,,1,Bhagani,ward,ST Other than Woman,ST,0,all_seats,0,210,0,210,ST,latin,data/jk/2016/Publication Jammu B.pdf,11,Publication Jammu B.pdf
Jammu & Kashmir,2016,JAMMU,Publication Jammu B,,2,Dhanoo,ward,ST Other than Woman,ST,0,all_seats,145,290,110,545,ST,latin,data/jk/2016/Publication Jammu B.pdf,11,Publication Jammu B.pdf
Jammu & Kashmir,2016,JAMMU,Publication Jammu B,,3,Gorda,ward,Other than Woman,NONE,0,all_seats,110,32,70,212,OPEN,latin,data/jk/2016/Publication Jammu B.pdf,11,Publication Jammu B.pdf
Jammu & Kashmir,2016,JAMMU,Publication Jammu B,,4,Jandyal Lower,ward,Other than Woman,NONE,0,all_seats,31,0,470,501,OPEN,latin,data/jk/2016/Publication Jammu B.pdf,11,Publication Jammu B.pdf
Jammu & Kashmir,2016,JAMMU,Publication Jammu B,,5,Jandyal Upper,ward,Other than Woman,NONE,0,all_seats,120,0,288,408,OPEN,latin,data/jk/2016/Publication Jammu B.pdf,11,Publication Jammu B.pdf
Jammu & Kashmir,2016,JAMMU,Publication Jammu B,,6,Mathwar,ward,Other than Woman,NONE,0,all_seats,36,0,285,321,OPEN,latin,data/jk/2016/Publication Jammu B.pdf,11,Publication Jammu B.pdf
Jammu & Kashmir,2016,JAMMU,Publication Jammu B,,7,Ranjan,ward,Other than Woman,NONE,0,all_seats,102,0,739,841,OPEN,latin,data/jk/2016/Publication Jammu B.pdf,12,Publication Jammu B.pdf
Jammu & Kashmir,2016,JAMMU,Publication Jammu B,,8,Sarote,ward,Other than Woman,NONE,0,all_seats,90,85,110,285,OPEN,latin,data/jk/2016/Publication Jammu B.pdf,12,Publication Jammu B.pdf
Jammu & Kashmir,2016,Jammu,Publication Jammu B,,1,Bagga Zanna,ward,SC Other than Woman,SC,0,all_seats,205,0,7,212,SC,latin,data/jk/2016/Publication Jammu B.pdf,13,Publication Jammu B.pdf
Jammu & Kashmir,2016,Jammu,Publication Jammu B,,2,Bansultan,ward,Other than Woman,NONE,0,all_seats,201,0,645,846,OPEN,latin,data/jk/2016/Publication Jammu B.pdf,13,Publication Jammu B.pdf
Jammu & Kashmir,2016,Jammu,Publication Jammu B,,3,Bhou,ward,Other than Woman,NONE,0,all_seats,40,0,260,300,OPEN,latin,data/jk/2016/Publication Jammu B.pdf,13,Publication Jammu B.pdf
Jammu & Kashmir,2016,Jammu,Publication Jammu B,,4,Darsopur,ward,SC Other than Woman,SC,0,all_seats,279,0,133,412,SC,latin,data/jk/2016/Publication Jammu B.pdf,13,Publication Jammu B.pdf
Jammu & Kashmir,2016,Jammu,Publication Jammu B,,5,Dhindey Kalan Lower,ward,Other than Woman,NONE,0,all_seats,206,0,606,812,OPEN,latin,data/jk/2016/Publication Jammu B.pdf,14,Publication Jammu B.pdf
Jammu & Kashmir,2016,Jammu,Publication Jammu B,,6,Dindey Kalan Upper,ward,Other than Woman,NONE,0,all_seats,206,0,606,812,OPEN,latin,data/jk/2016/Publication Jammu B.pdf,14,Publication Jammu B.pdf
Jammu & Kashmir,2016,Jammu,Publication Jammu B,,7,Gazipur Kullian,ward,SC Other than Woman,SC,0,all_seats,168,0,43,211,SC,latin,data/jk/2016/Publication Jammu B.pdf,14,Publication Jammu B.pdf
Jammu & Kashmir,2016,Jammu,Publication Jammu B,,8,Jinder Melu,ward,SC Other than Woman,SC,0,all_seats,325,0,103,428,SC,latin,data/jk/2016/Publication Jammu B.pdf,15,Publication Jammu B.pdf
Jammu & Kashmir,2016,Jammu,Publication Jammu B,,9,Jindlehar,ward,SC Other than Woman,SC,0,all_seats,325,0,112,437,SC,latin,data/jk/2016/Publication Jammu B.pdf,15,Publication Jammu B.pdf
Jammu & Kashmir,2016,Jammu,Publication Jammu B,,10,Kharian,ward,Other than Woman,NONE,0,all_seats,75,10,317,402,OPEN,latin,data/jk/2016/Publication Jammu B.pdf,15,Publication Jammu B.pdf
Jammu & Kashmir,2016,Jammu,Publication Jammu B,,11,Khour,ward,Other than Woman,NONE,0,all_seats,189,121,130,440,OPEN,latin,data/jk/2016/Publication Jammu B.pdf,15,Publication Jammu B.pdf
Jammu & Kashmir,2016,Jammu,Publication Jammu B,,12,Kirpind,ward,Other than Woman,NONE,0,all_seats,65,0,440,505,OPEN,latin,data/jk/2016/Publication Jammu B.pdf,15,Publication Jammu B.pdf
Jammu & Kashmir,2016,Jammu,Publication Jammu B,,13,Kotli Mian Fateh,ward,Other than Woman,NONE,0,all_seats,219,0,323,542,OPEN,latin,data/jk/2016/Publication Jammu B.pdf,16,Publication Jammu B.pdf
Jammu & Kashmir,2016,Jammu,Publication Jammu B,,14,Kotli Shah Doula,ward,Other than Woman,NONE,0,all_seats,50,0,263,313,OPEN,latin,data/jk/2016/Publication Jammu B.pdf,16,Publication Jammu B.pdf
Jammu & Kashmir,2016,Jammu,Publication Jammu B,,15,Makhanpur Gujjaran,ward,Other than Woman,NONE,0,all_seats,145,0,419,564,OPEN,latin,data/jk/2016/Publication Jammu B.pdf,16,Publication Jammu B.pdf
Jammu & Kashmir,2016,Jammu,Publication Jammu B,,16,Malik pur,ward,SC Other than Woman,SC,0,all_seats,252,10,153,415,SC,latin,data/jk/2016/Publication Jammu B.pdf,16,Publication Jammu B.pdf
Jammu & Kashmir,2016,Jammu,Publication Jammu B,,17,Murallian,ward,Other than Woman,NONE,0,all_seats,79,28,326,433,OPEN,latin,data/jk/2016/Publication Jammu B.pdf,17,Publication Jammu B.pdf
Jammu & Kashmir,2016,Jammu,Publication Jammu B,,18,Nihalpur SimbalLower,ward,Other than Woman,NONE,0,all_seats,178,0,462,640,OPEN,latin,data/jk/2016/Publication Jammu B.pdf,17,Publication Jammu B.pdf
Jammu & Kashmir,2016,Jammu,Publication Jammu B,,19,Nihalpur Simbal Upper,ward,SC Other than Woman,SC,0,all_seats,200,0,185,385,SC,latin,data/jk/2016/Publication Jammu B.pdf,17,Publication Jammu B.pdf
Jammu & Kashmir,2016,Jammu,Publication Jammu B,,20,Phinder,ward,SC Other than Woman,SC,0,all_seats,289,0,122,411,SC,latin,data/jk/2016/Publication Jammu B.pdf,18,Publication Jammu B.pdf
Jammu & Kashmir,2016,Jammu,Publication Jammu B,,21,Tanda,ward,Other than Woman,NONE,0,all_seats,198,20,235,453,OPEN,latin,data/jk/2016/Publication Jammu B.pdf,19,Publication Jammu B.pdf
Jammu & Kashmir,2016,Jammu,Publication Jammu B,,1,Aithem,ward,Other than Woman,NONE,0,all_seats,0,36,390,426,OPEN,latin,data/jk/2016/Publication Jammu B.pdf,20,Publication Jammu B.pdf
Jammu & Kashmir,2016,Jammu,Publication Jammu B,,2,Bain Bajalta,ward,ST Other than Woman,ST,0,all_seats,0,292,0,292,ST,latin,data/jk/2016/Publication Jammu B.pdf,20,Publication Jammu B.pdf
Jammu & Kashmir,2016,Jammu,Publication Jammu B,,3,Bamyal,ward,Other than Woman,NONE,0,all_seats,0,94,118,211,OPEN,latin,data/jk/2016/Publication Jammu B.pdf,20,Publication Jammu B.pdf
Jammu & Kashmir,2016,Jammu,Publication Jammu B,,4,Chibba,ward,ST Other than Woman,ST,0,all_seats,98,252,90,440,ST,latin,data/jk/2016/Publication Jammu B.pdf,20,Publication Jammu B.pdf
Jammu & Kashmir,2016,Jammu,Publication Jammu B,,5,Chilla,ward,Other than Woman,NONE,0,all_seats,40,0,90,130,OPEN,latin,data/jk/2016/Publication Jammu B.pdf,21,Publication Jammu B.pdf
Jammu & Kashmir,2016,Jammu,Publication Jammu B,,6,Dhok Wazarian,ward,Other than Woman,NONE,0,all_seats,46,23,180,248,OPEN,latin,data/jk/2016/Publication Jammu B.pdf,21,Publication Jammu B.pdf
Jammu & Kashmir,2016,Jammu,Publication Jammu B,,7,Jagti,ward,ST Other than Woman,ST,0,all_seats,18,364,0,382,ST,latin,data/jk/2016/Publication Jammu B.pdf,21,Publication Jammu B.pdf
Jammu & Kashmir,2016,Jammu,Publication Jammu B,,8,Kana Chargal (L),ward,Other than Woman,NONE,0,all_seats,0,0,132,132,OPEN,latin,data/jk/2016/Publication Jammu B.pdf,21,Publication Jammu B.pdf
Jammu & Kashmir,2016,Jammu,Publication Jammu B,,9,Kana Chargal (U),ward,SC Other than Woman,SC,0,all_seats,173,20,89,282,SC,latin,data/jk/2016/Publication Jammu B.pdf,21,Publication Jammu B.pdf
Jammu & Kashmir,2016,Jammu,Publication Jammu B,,10,Kattal Battal,ward,Other than Woman,NONE,0,all_seats,90,0,226,316,OPEN,latin,data/jk/2016/Publication Jammu B.pdf,22,Publication Jammu B.pdf
Jammu & Kashmir,2016,Jammu,Publication Jammu B,,9,Khanpur,ward,Other than Woman,NONE,0,all_seats,78,96,72,246,OPEN,latin,data/jk/2016/Publication Jammu B.pdf,22,Publication Jammu B.pdf
Jammu & Kashmir,2016,Jammu,Publication Jammu B,,12,Marh,ward,Other than Woman,NONE,0,all_seats,56,24,72,152,OPEN,latin,data/jk/2016/Publication Jammu B.pdf,22,Publication Jammu B.pdf
Jammu & Kashmir,2016,Jammu,Publication Jammu B,,13,Nadore,ward,SC Other than Woman,SC,0,all_seats,246,0,22,268,SC,latin,data/jk/2016/Publication Jammu B.pdf,22,Publication Jammu B.pdf
Jammu & Kashmir,2016,Jammu,Publication Jammu B,,14,Nagrota,ward,Other than Woman,NONE,0,all_seats,96,30,204,330,OPEN,latin,data/jk/2016/Publication Jammu B.pdf,23,Publication Jammu B.pdf
Jammu & Kashmir,2016,Jammu,Publication Jammu B,,15,Panjgrian,ward,ST Other than Woman,ST,0,all_seats,52,145,29,226,ST,latin,data/jk/2016/Publication Jammu B.pdf,23,Publication Jammu B.pdf
Jammu & Kashmir,2016,Jammu,Publication Jammu B,,16,Pargalta,ward,ST Other than Woman,ST,0,all_seats,0,224,0,224,ST,latin,data/jk/2016/Publication Jammu B.pdf,23,Publication Jammu B.pdf
Jammu & Kashmir,2016,Jammu,Publication Jammu B,,17,Sagoon,ward,Other than Woman,NONE,0,all_seats,80,72,90,242,OPEN,latin,data/jk/2016/Publication Jammu B.pdf,23,Publication Jammu B.pdf
Jammu & Kashmir,2016,Jammu,Publication Jammu B,,18,Sidhra,ward,ST Other than Woman,ST,0,all_seats,0,192,0,192,ST,latin,data/jk/2016/Publication Jammu B.pdf,24,Publication Jammu B.pdf
Jammu & Kashmir,2016,Jammu,Publication Jammu B,,19,Surinsar,ward,Other than Woman,NONE,0,all_seats,46,0,134,180,OPEN,latin,data/jk/2016/Publication Jammu B.pdf,24,Publication Jammu B.pdf
Jammu & Kashmir,2016,Jammu,Publication Jammu B,,1,Bhalwal Mullo,ward,Other than Woman,NONE,0,all_seats,170,0,174,344,OPEN,latin,data/jk/2016/Publication Jammu B.pdf,25,Publication Jammu B.pdf
Jammu & Kashmir,2016,Jammu,Publication Jammu B,,2,Gurha Manhasan,ward,Other than Woman,NONE,0,all_seats,85,0,227,312,OPEN,latin,data/jk/2016/Publication Jammu B.pdf,25,Publication Jammu B.pdf
Jammu & Kashmir,2016,Jammu,Publication Jammu B,,3,Pargwal Lower,ward,Other than Woman,NONE,0,all_seats,300,0,321,621,OPEN,latin,data/jk/2016/Publication Jammu B.pdf,25,Publication Jammu B.pdf
Jammu & Kashmir,2016,Jammu,Publication Jammu B,,4,Pargwal Upper,ward,SC Other than Woman,SC,0,all_seats,215,0,114,329,SC,latin,data/jk/2016/Publication Jammu B.pdf,25,Publication Jammu B.pdf
Jammu & Kashmir,2016,Jammu,Publication Jammu B,,5,Pindi,ward,SC Other than Woman,SC,0,all_seats,150,0,70,220,SC,latin,data/jk/2016/Publication Jammu B.pdf,26,Publication Jammu B.pdf
Jammu & Kashmir,2016,Jammu,Publication Jammu B,,6,Sarwal,ward,Other than Woman,NONE,0,all_seats,56,0,380,436,OPEN,latin,data/jk/2016/Publication Jammu B.pdf,26,Publication Jammu B.pdf
Jammu & Kashmir,2016,Jammu,Publication Jammu B,,1,Badyal brahmana lower,ward,SC Other than Woman,SC,0,all_seats,180,0,90,270,SC,latin,data/jk/2016/Publication Jammu B.pdf,27,Publication Jammu B.pdf
Jammu & Kashmir,2016,Jammu,Publication Jammu B,,2,Badyal Brahmana upper,ward,Other than Woman,NONE,0,all_seats,194,13,350,557,OPEN,latin,data/jk/2016/Publication Jammu B.pdf,27,Publication Jammu B.pdf
Jammu & Kashmir,2016,Jammu,Publication Jammu B,,3,Baspur,ward,Other than Woman,NONE,0,all_seats,30,15,391,436,OPEN,latin,data/jk/2016/Publication Jammu B.pdf,27,Publication Jammu B.pdf
Jammu & Kashmir,2016,Jammu,Publication Jammu B,,4,Chak agra,ward,Other than Woman,NONE,0,all_seats,45,0,240,285,OPEN,latin,data/jk/2016/Publication Jammu B.pdf,27,Publication Jammu B.pdf
Jammu & Kashmir,2016,Jammu,Publication Jammu B,,5,Chak Bala,ward,Other than Woman,NONE,0,all_seats,66,0,437,503,OPEN,latin,data/jk/2016/Publication Jammu B.pdf,28,Publication Jammu B.pdf
Jammu & Kashmir,2016,Jammu,Publication Jammu B,,6,Chanduchak,ward,Other than Woman,NONE,0,all_seats,12,0,411,423,OPEN,latin,data/jk/2016/Publication Jammu B.pdf,28,Publication Jammu B.pdf
Jammu & Kashmir,2016,Jammu,Publication Jammu B,,7,Chohala,ward,SC Other than Woman,SC,0,all_seats,360,0,52,412,SC,latin,data/jk/2016/Publication Jammu B.pdf,28,Publication Jammu B.pdf
Jammu & Kashmir,2016,Jammu,Publication Jammu B,,8,Dablehar,ward,Other than Woman,NONE,0,all_seats,44,0,280,324,OPEN,latin,data/jk/2016/Publication Jammu B.pdf,28,Publication Jammu B.pdf
Jammu & Kashmir,2016,Jammu,Publication Jammu B,,9,Fatepur Brahmana,ward,SC Other than Woman,SC,0,all_seats,382,0,205,587,SC,latin,data/jk/2016/Publication Jammu B.pdf,29,Publication Jammu B.pdf
Jammu & Kashmir,2016,Jammu,Publication Jammu B,,10,Gagian,ward,SC Other than Woman,SC,0,all_seats,382,42,35,459,SC,latin,data/jk/2016/Publication Jammu B.pdf,29,Publication Jammu B.pdf
Jammu & Kashmir,2016,Jammu,Publication Jammu B,,11,Gondla,ward,Other than Woman,NONE,0,all_seats,85,0,372,457,OPEN,latin,data/jk/2016/Publication Jammu B.pdf,29,Publication Jammu B.pdf
Jammu & Kashmir,2016,Jammu,Publication Jammu B,,12,Jassore,ward,Other than Woman,NONE,0,all_seats,58,0,397,455,OPEN,latin,data/jk/2016/Publication Jammu B.pdf,29,Publication Jammu B.pdf
Jammu & Kashmir,2016,Jammu,Publication Jammu B,,14,Kalayana,ward,Other than Woman,NONE,0,all_seats,200,0,240,440,OPEN,latin,data/jk/2016/Publication Jammu B.pdf,30,Publication Jammu B.pdf
Jammu & Kashmir,2016,Jammu,Publication Jammu B,,15,Kotli Arjan singh,ward,SC Other than Woman,SC,0,all_seats,346,0,60,406,SC,latin,data/jk/2016/Publication Jammu B.pdf,30,Publication Jammu B.pdf
Jammu & Kashmir,2016,Jammu,Publication Jammu B,,15,Kotli Gala Bana(K.G.Bana),ward,SC Other than Woman,SC,0,all_seats,312,0,196,508,SC,latin,data/jk/2016/Publication Jammu B.pdf,30,Publication Jammu B.pdf
Jammu & Kashmir,2016,Jammu,Publication Jammu B,,16,Puro Bhan,ward,Other than Woman,NONE,0,all_seats,40,0,170,210,OPEN,latin,data/jk/2016/Publication Jammu B.pdf,30,Publication Jammu B.pdf
Jammu & Kashmir,2016,Jammu,Publication Jammu B,,17,Ragpur Sadrey,ward,SC Other than Woman,SC,0,all_seats,289,0,137,426,SC,latin,data/jk/2016/Publication Jammu B.pdf,31,Publication Jammu B.pdf
Jammu & Kashmir,2016,Jammu,Publication Jammu B,,18,Rathana,ward,Other than Woman,NONE,0,all_seats,123,0,540,663,OPEN,latin,data/jk/2016/Publication Jammu B.pdf,31,Publication Jammu B.pdf
Jammu & Kashmir,2016,Jammu,Publication Jammu B,,19,Samka,ward,SC Other than Woman,SC,0,all_seats,99,0,53,152,SC,latin,data/jk/2016/Publication Jammu B.pdf,31,Publication Jammu B.pdf
Jammu & Kashmir,2016,Jammu,Publication Jammu B,,1,Bardoh,ward,Other than Woman,NONE,0,all_seats,3,0,528,531,OPEN,latin,data/jk/2016/Publication Jammu B.pdf,32,Publication Jammu B.pdf
Jammu & Kashmir,2016,Jammu,Publication Jammu B,,2,Pallanwala Upper,ward,SC Other than Woman,SC,0,all_seats,101,0,89,190,SC,latin,data/jk/2016/Publication Jammu B.pdf,32,Publication Jammu B.pdf
Jammu & Kashmir,2016,Jammu,Publication Jammu B,,3,Panjtoot,ward,Other than Woman,NONE,0,all_seats,60,0,307,367,OPEN,latin,data/jk/2016/Publication Jammu B.pdf,32,Publication Jammu B.pdf
Jammu & Kashmir,2016,Jammu,Publication Jammu B,,4,Samwan,ward,Other than Woman,NONE,0,all_seats,39,0,240,279,OPEN,latin,data/jk/2016/Publication Jammu B.pdf,32,Publication Jammu B.pdf
Jammu & Kashmir,2016,Jammu,Publication Jammu B,,1,Babliana,ward,Other than Woman,NONE,0,all_seats,207,55,652,914,OPEN,latin,data/jk/2016/Publication Jammu B.pdf,33,Publication Jammu B.pdf
Jammu & Kashmir,2016,Jammu,Publication Jammu B,,2,Bhour East,ward,Other than Woman,NONE,0,all_seats,50,0,452,502,OPEN,latin,data/jk/2016/Publication Jammu B.pdf,33,Publication Jammu B.pdf
Jammu & Kashmir,2016,Jammu,Publication Jammu B,,3,Bhour West,ward,Other than Woman,NONE,0,all_seats,0,0,502,502,OPEN,latin,data/jk/2016/Publication Jammu B.pdf,33,Publication Jammu B.pdf
Jammu & Kashmir,2016,Jammu,Publication Jammu B,,4,Chatha,ward,SC Other than Woman,SC,0,all_seats,359,0,182,541,SC,latin,data/jk/2016/Publication Jammu B.pdf,33,Publication Jammu B.pdf
Jammu & Kashmir,2016,Jammu,Publication Jammu B,,5,Chowadi,ward,Other than Woman,NONE,0,all_seats,0,118,130,248,OPEN,latin,data/jk/2016/Publication Jammu B.pdf,34,Publication Jammu B.pdf
Jammu & Kashmir,2016,Jammu,Publication Jammu B,,6,Dharap,ward,SC Other than Woman,SC,0,all_seats,297,0,33,330,SC,latin,data/jk/2016/Publication Jammu B.pdf,34,Publication Jammu B.pdf
Jammu & Kashmir,2016,Jammu,Publication Jammu B,,7,Gadigarh,ward,Other than Woman,NONE,0,all_seats,0,0,595,595,OPEN,latin,data/jk/2016/Publication Jammu B.pdf,34,Publication Jammu B.pdf
Jammu & Kashmir,2016,Jammu,Publication Jammu B,,8,Narwal Bala,ward,Other than Woman,NONE,0,all_seats,117,0,452,569,OPEN,latin,data/jk/2016/Publication Jammu B.pdf,34,Publication Jammu B.pdf
Jammu & Kashmir,2016,Jammu,Publication Jammu B,,9,Rakh Gadigarh,ward,Other than Woman,NONE,0,all_seats,0,0,960,960,OPEN,latin,data/jk/2016/Publication Jammu B.pdf,35,Publication Jammu B.pdf
Jammu & Kashmir,2016,Jammu,Publication Jammu B,,10,Ratnuchak,ward,Other than Woman,NONE,0,all_seats,0,0,408,408,OPEN,latin,data/jk/2016/Publication Jammu B.pdf,35,Publication Jammu B.pdf
Jammu & Kashmir,2016,Jammu,Publication Jammu B,,11,Satwari,ward,Other than Woman,NONE,0,all_seats,63,0,145,208,OPEN,latin,data/jk/2016/Publication Jammu B.pdf,35,Publication Jammu B.pdf
Jammu & Kashmir,2016,Jammu,Publication Jammu B,,12,Sunjwan Centre,ward,ST Other than Woman,ST,0,all_seats,0,836,0,836,ST,latin,data/jk/2016/Publication Jammu B.pdf,35,Publication Jammu B.pdf
Jammu & Kashmir,2016,Jammu,Publication Jammu B,,13,Sunjwan Lower,ward,Other than Woman,NONE,0,all_seats,0,701,729,1430,OPEN,latin,data/jk/2016/Publication Jammu B.pdf,36,Publication Jammu B.pdf
Jammu & Kashmir,2016,Jammu,Publication Jammu B,,14,Sunjwan Upper,ward,Other than Woman,NONE,0,all_seats,0,7,450,457,OPEN,latin,data/jk/2016/Publication Jammu B.pdf,36,Publication Jammu B.pdf
Jammu & Kashmir,2016,JAMMU,Publication Jammu B,,1,Abdal,ward,Other than Woman,NONE,0,all_seats,20,0,327,353,OPEN,latin,data/jk/2016/Publication Jammu B.pdf,37,Publication Jammu B.pdf
Jammu & Kashmir,2016,JAMMU,Publication Jammu B,,2,Badyal Qazian,ward,SC Other than Woman,SC,0,all_seats,500,0,0,500,SC,latin,data/jk/2016/Publication Jammu B.pdf,37,Publication Jammu B.pdf
Jammu & Kashmir,2016,JAMMU,Publication Jammu B,,3,Chak Baja,ward,Other than Woman,NONE,0,all_seats,114,0,252,366,OPEN,latin,data/jk/2016/Publication Jammu B.pdf,37,Publication Jammu B.pdf
Jammu & Kashmir,2016,JAMMU,Publication Jammu B,,4,Chak Mullo,ward,SC Other than Woman,SC,0,all_seats,625,0,30,655,SC,latin,data/jk/2016/Publication Jammu B.pdf,37,Publication Jammu B.pdf
Jammu & Kashmir,2016,JAMMU,Publication Jammu B,,5,Chakroi Lower,ward,SC Other than Woman,SC,0,all_seats,332,0,297,629,SC,latin,data/jk/2016/Publication Jammu B.pdf,38,Publication Jammu B.pdf
Jammu & Kashmir,2016,JAMMU,Publication Jammu B,,6,Chakroi Upper,ward,SC Other than Woman,SC,0,all_seats,330,27,-273,630,SC,latin,data/jk/2016/Publication Jammu B.pdf,38,Publication Jammu B.pdf
Jammu & Kashmir,2016,JAMMU,Publication Jammu B,,7,Dewangarh,ward,Other than Woman,NONE,0,all_seats,150,0,450,600,OPEN,latin,data/jk/2016/Publication Jammu B.pdf,38,Publication Jammu B.pdf
Jammu & Kashmir,2016,JAMMU,Publication Jammu B,,8,Flora,ward,Other than Woman,NONE,0,all_seats,20,0,215,235,OPEN,latin,data/jk/2016/Publication Jammu B.pdf,38,Publication Jammu B.pdf
Jammu & Kashmir,2016,JAMMU,Publication Jammu B,,9,Gharana,ward,Other than Woman,NONE,0,all_seats,0,0,235,235,OPEN,latin,data/jk/2016/Publication Jammu B.pdf,38,Publication Jammu B.pdf
Jammu & Kashmir,2016,JAMMU,Publication Jammu B,,10,Haripur,ward,Other than Woman,NONE,0,all_seats,17,15,168,200,OPEN,latin,data/jk/2016/Publication Jammu B.pdf,39,Publication Jammu B.pdf
Jammu & Kashmir,2016,JAMMU,Publication Jammu B,,11,Jeora,ward,SC Other than Woman,SC,0,all_seats,159,0,0,159,SC,latin,data/jk/2016/Publication Jammu B.pdf,39,Publication Jammu B.pdf
Jammu & Kashmir,2016,JAMMU,Publication Jammu B,,12,Kaloyen,ward,Other than Woman,NONE,0,all_seats,177,0,201,378,OPEN,latin,data/jk/2016/Publication Jammu B.pdf,39,Publication Jammu B.pdf
Jammu & Kashmir,2016,JAMMU,Publication Jammu B,,13,Magowali,ward,Other than Woman,NONE,0,all_seats,50,10,305,365,OPEN,latin,data/jk/2016/Publication Jammu B.pdf,39,Publication Jammu B.pdf
Jammu & Kashmir,2016,JAMMU,Publication Jammu B,,14,Nikowal,ward,Other than Woman,NONE,0,all_seats,20,0,229,249,OPEN,latin,data/jk/2016/Publication Jammu B.pdf,39,Publication Jammu B.pdf
Jammu & Kashmir,2016,JAMMU,Publication Jammu B,,15,Parlah,ward,Other than Woman,NONE,0,all_seats,100,0,285,385,OPEN,latin,data/jk/2016/Publication Jammu B.pdf,40,Publication Jammu B.pdf
Jammu & Kashmir,2016,JAMMU,Publication Jammu B,,16,Rangpur Mullana,ward,SC Other than Woman,SC,0,all_seats,200,0,200,400,SC,latin,data/jk/2016/Publication Jammu B.pdf,40,Publication Jammu B.pdf
Jammu & Kashmir,2016,JAMMU,Publication Jammu B,,17,Sai Kalan,ward,Other than Woman,NONE,0,all_seats,0,0,65,65,OPEN,latin,data/jk/2016/Publication Jammu B.pdf,40,Publication Jammu B.pdf
Jammu & Kashmir,2016,JAMMU,Publication Jammu B,,18,Sai Khurd,ward,Other than Woman,NONE,0,all_seats,0,0,330,330,OPEN,latin,data/jk/2016/Publication Jammu B.pdf,40,Publication Jammu B.pdf
Jammu & Kashmir,2016,JAMMU,Publication Jammu B,,19,Satowali,ward,Other than Woman,NONE,0,all_seats,0,39,399,438,OPEN,latin,data/jk/2016/Publication Jammu B.pdf,41,Publication Jammu B.pdf
Jammu & Kashmir,2016,JAMMU,Publication Jammu B,,20,Suchetgarh,ward,Other than Woman,NONE,0,all_seats,126,0,220,346,OPEN,latin,data/jk/2016/Publication Jammu B.pdf,41,Publication Jammu B.pdf
Jammu & Kashmir,2016,JAMMU,Publication Jammu B,,21,Talhar,ward,Other than Woman,NONE,0,all_seats,130,40,100,270,OPEN,latin,data/jk/2016/Publication Jammu B.pdf,41,Publication Jammu B.pdf
Jammu & Kashmir,2016,Ramban,Rajgarh,Draman,I,Draman,ward,SC Other than Woman,SC,0,all_seats,114,44,0,158,SC,latin,data/jk/2016/Rajgarh.pdf,1,Rajgarh.pdf
Jammu & Kashmir,2016,Ramban,Rajgarh,Draman,II,Marag,ward,Woman,NONE,1,all_seats,16,43,130,189,Women,latin,data/jk/2016/Rajgarh.pdf,1,Rajgarh.pdf
Jammu & Kashmir,2016,Ramban,Rajgarh,Draman,III,Sounsa,ward,Other than Woman,NONE,0,all_seats,0,9,138,147,Open,latin,data/jk/2016/Rajgarh.pdf,1,Rajgarh.pdf
Jammu & Kashmir,2016,Ramban,Rajgarh,Draman,IV,Draino,ward,Other than Woman,NONE,0,all_seats,0,56,109,165,Open,latin,data/jk/2016/Rajgarh.pdf,1,Rajgarh.pdf
Jammu & Kashmir,2016,Ramban,Rajgarh,Draman,V,Wanga,ward,Woman,NONE,1,all_seats,7,8,115,130,Women,latin,data/jk/2016/Rajgarh.pdf,1,Rajgarh.pdf
Jammu & Kashmir,2016,Ramban,Rajgarh,Draman,VI,Natna,ward,Other than Woman,NONE,0,all_seats,0,0,166,166,Open,latin,data/jk/2016/Rajgarh.pdf,1,Rajgarh.pdf
Jammu & Kashmir,2016,Ramban,Rajgarh,Gharhi,I,Nilman,ward,Other than Woman,NONE,0,all_seats,0,0,239,239,Open,latin,data/jk/2016/Rajgarh.pdf,1,Rajgarh.pdf
Jammu & Kashmir,2016,Ramban,Rajgarh,Gharhi,II,Ghari,ward,Woman,NONE,1,all_seats,125,0,170,295,Women,latin,data/jk/2016/Rajgarh.pdf,1,Rajgarh.pdf
Jammu & Kashmir,2016,Ramban,Rajgarh,Gharhi,III,Shakrial,ward,Other than Woman,NONE,0,all_seats,0,0,231,231,Open,latin,data/jk/2016/Rajgarh.pdf,1,Rajgarh.pdf
Jammu & Kashmir,2016,Ramban,Rajgarh,Gharhi,IV,Tralli,ward,Other than Woman,NONE,0,all_seats,0,0,192,192,Open,latin,data/jk/2016/Rajgarh.pdf,1,Rajgarh.pdf
Jammu & Kashmir,2016,Ramban,Rajgarh,Gharhi,V,Krentul,ward,SC Woman,SC,1,all_seats,236,0,94,330,SC Women,latin,data/jk/2016/Rajgarh.pdf,1,Rajgarh.pdf
Jammu & Kashmir,2016,Ramban,Rajgarh,Gharhi,VI,Kundloo,ward,Other than Woman,NONE,0,all_seats,0,31,110,141,Open,latin,data/jk/2016/Rajgarh.pdf,1,Rajgarh.pdf
Jammu & Kashmir,2016,Ramban,Rajgarh,Jhatgali-A,I,Gagwan,ward,Other than Woman,NONE,0,all_seats,0,0,290,290,Open,latin,data/jk/2016/Rajgarh.pdf,1,Rajgarh.pdf
Jammu & Kashmir,2016,Ramban,Rajgarh,Jhatgali-A,II,Manseri,ward,Woman,NONE,1,all_seats,149,0,307,456,Women,latin,data/jk/2016/Rajgarh.pdf,1,Rajgarh.pdf
Jammu & Kashmir,2016,Ramban,Rajgarh,Jhatgali-A,III,Hakas,ward,Other than Woman,NONE,0,all_seats,11,105,243,358,Open,latin,data/jk/2016/Rajgarh.pdf,1,Rajgarh.pdf
Jammu & Kashmir,2016,Ramban,Rajgarh,Jhatgali-A,IV,Jathgali,ward,Other than Woman,NONE,0,all_seats,46,0,188,233,Open,latin,data/jk/2016/Rajgarh.pdf,1,Rajgarh.pdf
Jammu & Kashmir,2016,Ramban,Rajgarh,Jhatgali-A,V,Nilana,ward,SC Woman,SC,1,all_seats,211,0,192,402,SC Women,latin,data/jk/2016/Rajgarh.pdf,1,Rajgarh.pdf
Jammu & Kashmir,2016,Ramban,Rajgarh,Jhatgali-A,VI,Shandrie,ward,Other than Woman,NONE,0,all_seats,0,0,197,197,Open,latin,data/jk/2016/Rajgarh.pdf,1,Rajgarh.pdf
Jammu & Kashmir,2016,Ramban,Rajgarh,Jhatgali-A,I,Deswal,ward,Other than Woman,NONE,0,all_seats,0,16,90,106,Open,latin,data/jk/2016/Rajgarh.pdf,1,Rajgarh.pdf
Jammu & Kashmir,2016,Ramban,Rajgarh,Jhatgali-A,II,Dharli,ward,Woman,NONE,1,all_seats,58,0,168,225,Women,latin,data/jk/2016/Rajgarh.pdf,1,Rajgarh.pdf
Jammu & Kashmir,2016,Ramban,Rajgarh,Jhatgali-A,III,Kote,ward,SC Other than Woman,SC,0,all_seats,102,0,71,173,SC,latin,data/jk/2016/Rajgarh.pdf,1,Rajgarh.pdf
Jammu & Kashmir,2016,Ramban,Rajgarh,Jhatgali-A,IV,Haller,ward,Other than Woman,NONE,0,all_seats,0,0,181,181,Open,latin,data/jk/2016/Rajgarh.pdf,1,Rajgarh.pdf
Jammu & Kashmir,2016,Ramban,Rajgarh,Jhatgali-A,V,Kunda,ward,SC Woman,SC,1,all_seats,95,0,74,169,SC Women,latin,data/jk/2016/Rajgarh.pdf,1,Rajgarh.pdf
Jammu & Kashmir,2016,Ramban,Rajgarh,Jhatgali-A,VI,Killaseri,ward,Other than Woman,NONE,0,all_seats,66,0,131,197,Open,latin,data/jk/2016/Rajgarh.pdf,1,Rajgarh.pdf
Jammu & Kashmir,2016,Name Name of Number,Rajgarh,Jhatgali-A,II,Khoralla,ward,Woman,NONE,1,all_seats,,,,,Women,latin,data/jk/2016/Rajgarh.pdf,2,Rajgarh.pdf
Jammu & Kashmir,2016,Name Name of Number,Rajgarh,Jhatgali-A,III,Sowli,ward,Other than Woman,NONE,0,all_seats,,,,,Open,latin,data/jk/2016/Rajgarh.pdf,2,Rajgarh.pdf
Jammu & Kashmir,2016,Name Name of Number,Rajgarh,Jhatgali-A,IV,Gadgra,ward,Other than Woman,NONE,0,all_seats,,,,,Open,latin,data/jk/2016/Rajgarh.pdf,2,Rajgarh.pdf
Jammu & Kashmir,2016,Name Name of Number,Rajgarh,Jhatgali-A,V,Dhandla,ward,Woman,NONE,1,all_seats,,,,,Women,latin,data/jk/2016/Rajgarh.pdf,2,Rajgarh.pdf
Jammu & Kashmir,2016,Name Name of Number,Rajgarh,Jhatgali-A,VI,Dunger,ward,Other than Woman,NONE,0,all_seats,,,,,Open,latin,data/jk/2016/Rajgarh.pdf,2,Rajgarh.pdf
Jammu & Kashmir,2016,Name Name of Number,Rajgarh,Jhatgali-A,VII,Passari,ward,Other than Woman,NONE,0,all_seats,,,,,Open,latin,data/jk/2016/Rajgarh.pdf,2,Rajgarh.pdf
Jammu & Kashmir,2016,Name Name of Number,Rajgarh,Jhatgali-A,VII,Sal Nag,ward,Woman,NONE,1,all_seats,,,,,Women,latin,data/jk/2016/Rajgarh.pdf,2,Rajgarh.pdf
Jammu & Kashmir,2016,Ramban,Rajgarh,Rajgarh,I,Rajgarh,ward,Other than Woman,NONE,0,all_seats,,,,,Open,latin,data/jk/2016/Rajgarh.pdf,2,Rajgarh.pdf
Jammu & Kashmir,2016,Ramban,Rajgarh,Rajgarh,II,Ashalla,ward,Woman,NONE,1,all_seats,,,,,Women,latin,data/jk/2016/Rajgarh.pdf,2,Rajgarh.pdf
Jammu & Kashmir,2016,Ramban,Rajgarh,Rajgarh,III,Mangla,ward,Other than Woman,NONE,0,all_seats,,,,,Open,latin,data/jk/2016/Rajgarh.pdf,2,Rajgarh.pdf
Jammu & Kashmir,2016,Ramban,Rajgarh,Rajgarh,IV,Fagwal,ward,Other than Woman,NONE,0,all_seats,,,,,Open,latin,data/jk/2016/Rajgarh.pdf,2,Rajgarh.pdf
Jammu & Kashmir,2016,Ramban,Rajgarh,Rajgarh,V,Tanger,ward,Woman,NONE,1,all_seats,,,,,Women,latin,data/jk/2016/Rajgarh.pdf,2,Rajgarh.pdf
Jammu & Kashmir,2016,Ramban,Rajgarh,Rajgarh,VI,Meldan,ward,Other than Woman,NONE,0,all_seats,,,,,Open,latin,data/jk/2016/Rajgarh.pdf,2,Rajgarh.pdf
Jammu & Kashmir,2016,Ramban,Rajgarh,Rajgarh,VII,Gandaroo,ward,Other than Woman,NONE,0,all_seats,,,,,Open,latin,data/jk/2016/Rajgarh.pdf,2,Rajgarh.pdf
Jammu & Kashmir,2016,Ramban,Rajgarh,Rajgarh,VII,Barshali,ward,Woman,NONE,1,all_seats,,,,,Women,latin,data/jk/2016/Rajgarh.pdf,2,Rajgarh.pdf
Jammu & Kashmir,2016,Ramban,Ramban,Ahdwa,I,Darbote,ward,Other than Woman,NONE,0,all_seats,0,0,215,215,Open,latin,data/jk/2016/Ramban.pdf,1,Ramban.pdf
Jammu & Kashmir,2016,Ramban,Ramban,Ahdwa,II,Biba,ward,Woman,NONE,1,all_seats,0,62,142,204,Women,latin,data/jk/2016/Ramban.pdf,1,Ramban.pdf
Jammu & Kashmir,2016,Ramban,Ramban,Ahdwa,III,Bhatta,ward,Other than Woman,NONE,0,all_seats,67,36,175,278,Open,latin,data/jk/2016/Ramban.pdf,1,Ramban.pdf
Jammu & Kashmir,2016,Ramban,Ramban,Ahdwa,IV,Batiya,ward,Other than Woman,NONE,0,all_seats,78,63,126,267,Open,latin,data/jk/2016/Ramban.pdf,1,Ramban.pdf
Jammu & Kashmir,2016,Ramban,Ramban,Ahdwa,V,Showra,ward,SC Woman,SC,1,all_seats,70,0,60,130,SC Women,latin,data/jk/2016/Ramban.pdf,1,Ramban.pdf
Jammu & Kashmir,2016,Ramban,Ramban,Ahdwa,VI,Ghar Shalli,ward,SC Other than Woman,SC,0,all_seats,268,0,0,268,SC,latin,data/jk/2016/Ramban.pdf,1,Ramban.pdf
Jammu & Kashmir,2016,Ramban,Ramban,Balawat,I,Kriya,ward,ST Other than Woman,ST,0,all_seats,0,248,95,343,ST,latin,data/jk/2016/Ramban.pdf,1,Ramban.pdf
Jammu & Kashmir,2016,Ramban,Ramban,Balawat,II,Shipyayl,ward,ST Woman,ST,1,all_seats,0,236,79,315,ST Women,latin,data/jk/2016/Ramban.pdf,1,Ramban.pdf
Jammu & Kashmir,2016,Ramban,Ramban,Balawat,III,Madhani,ward,ST Other than Woman,ST,0,all_seats,0,225,103,329,ST,latin,data/jk/2016/Ramban.pdf,1,Ramban.pdf
Jammu & Kashmir,2016,Ramban,Ramban,Balawat,IV,Gadi kote,ward,ST Other than Woman,ST,0,all_seats,0,196,48,244,ST,latin,data/jk/2016/Ramban.pdf,1,Ramban.pdf
Jammu & Kashmir,2016,Ramban,Ramban,Balawat,V,Balawat,ward,Woman,NONE,1,all_seats,28,47,431,506,Women,latin,data/jk/2016/Ramban.pdf,1,Ramban.pdf
Jammu & Kashmir,2016,Ramban,Ramban,Balawat,VI,Sarooda,ward,Other than Woman,NONE,0,all_seats,99,43,161,303,Open,latin,data/jk/2016/Ramban.pdf,1,Ramban.pdf
Jammu & Kashmir,2016,Ramban,Ramban,Balawat,I,Hall,ward,Other than Woman,NONE,0,all_seats,0,0,385,385,Open,latin,data/jk/2016/Ramban.pdf,1,Ramban.pdf
Jammu & Kashmir,2016,Ramban,Ramban,Balawat,II,Sandroth,ward,Woman,NONE,1,all_seats,0,0,502,502,Women,latin,data/jk/2016/Ramban.pdf,1,Ramban.pdf
Jammu & Kashmir,2016,Ramban,Ramban,Balawat,III,Dodhla,ward,Other than Woman,NONE,0,all_seats,0,82,359,441,Open,latin,data/jk/2016/Ramban.pdf,1,Ramban.pdf
Jammu & Kashmir,2016,Ramban,Ramban,Balawat,IV,Cholla,ward,Other than Woman,NONE,0,all_seats,0,0,410,410,Open,latin,data/jk/2016/Ramban.pdf,1,Ramban.pdf
Jammu & Kashmir,2016,Ramban,Ramban,Balawat,V,Nobal-A,ward,Woman,NONE,1,all_seats,0,78,200,278,Women,latin,data/jk/2016/Ramban.pdf,1,Ramban.pdf
Jammu & Kashmir,2016,Ramban,Ramban,Balawat,VI,Nobal-B,ward,Other than Woman,NONE,0,all_seats,0,71,164,235,Open,latin,data/jk/2016/Ramban.pdf,1,Ramban.pdf
Jammu & Kashmir,2016,Ramban,Ramban,Balawat,VII,Sancha,ward,SC Other than Woman,SC,0,all_seats,324,79,80,484,SC,latin,data/jk/2016/Ramban.pdf,1,Ramban.pdf
Jammu & Kashmir,2016,Ramban,Ramban,Balihote-B,I,Narthyal,ward,Other than Woman,NONE,0,all_seats,,,,,Open,latin,data/jk/2016/Ramban.pdf,2,Ramban.pdf
Jammu & Kashmir,2016,Ramban,Ramban,Balihote-B,II,Gam,ward,Woman,NONE,1,all_seats,,,,,Women,latin,data/jk/2016/Ramban.pdf,2,Ramban.pdf
Jammu & Kashmir,2016,Ramban,Ramban,Balihote-B,III,Gujjer Basti,ward,ST Other than Woman,ST,0,all_seats,,,,,ST,latin,data/jk/2016/Ramban.pdf,2,Ramban.pdf
Jammu & Kashmir,2016,Ramban,Ramban,Balihote-B,IV,Dugrone,ward,Other than Woman,NONE,0,all_seats,,,,,Open,latin,data/jk/2016/Ramban.pdf,2,Ramban.pdf
Jammu & Kashmir,2016,Ramban,Ramban,Balihote-B,V,Daran,ward,ST Woman,ST,1,all_seats,,,,,ST Women,latin,data/jk/2016/Ramban.pdf,2,Ramban.pdf
Jammu & Kashmir,2016,Ramban,Ramban,Balihote-B,VI,Hingi,ward,ST Other than Woman,ST,0,all_seats,,,,,ST,latin,data/jk/2016/Ramban.pdf,2,Ramban.pdf
Jammu & Kashmir,2016,Ramban,Ramban,Chanderko te,I,Magdan,ward,Other than Woman,NONE,0,all_seats,,,,,Open,latin,data/jk/2016/Ramban.pdf,2,Ramban.pdf
Jammu & Kashmir,2016,Ramban,Ramban,Chanderko te,II,Bass,ward,Woman,NONE,1,all_seats,,,,,Women,latin,data/jk/2016/Ramban.pdf,2,Ramban.pdf
Jammu & Kashmir,2016,Ramban,Ramban,Chanderko te,III,Riyal,ward,Other than Woman,NONE,0,all_seats,,,,,Open,latin,data/jk/2016/Ramban.pdf,2,Ramban.pdf
Jammu & Kashmir,2016,Ramban,Ramban,Chanderko te,IV,Thanari,ward,ST Other than Woman,ST,0,all_seats,,,,,ST,latin,data/jk/2016/Ramban.pdf,2,Ramban.pdf
Jammu & Kashmir,2016,Ramban,Ramban,Chanderko te,V,Hattkulal,ward,Woman,NONE,1,all_seats,,,,,Women,latin,data/jk/2016/Ramban.pdf,2,Ramban.pdf
Jammu & Kashmir,2016,Ramban,Ramban,Chanderko te,VI,Balana,ward,Other than Woman,NONE,0,all_seats,,,,,Open,latin,data/jk/2016/Ramban.pdf,2,Ramban.pdf
Jammu & Kashmir,2016,Ramban,Ramban,Dhandhrat h-A (Jawag),I,Jawag,ward,Other than Woman,NONE,0,all_seats,,,,,Open,latin,data/jk/2016/Ramban.pdf,2,Ramban.pdf
Jammu & Kashmir,2016,Ramban,Ramban,Dhandhrat h-A (Jawag),II,Dandla,ward,ST Woman,ST,1,all_seats,,,,,ST Women,latin,data/jk/2016/Ramban.pdf,2,Ramban.pdf
Jammu & Kashmir,2016,Ramban,Ramban,Dhandhrat h-A (Jawag),III,Chillali,ward,ST Other than Woman,ST,0,all_seats,,,,,ST,latin,data/jk/2016/Ramban.pdf,2,Ramban.pdf
Jammu & Kashmir,2016,Ramban,Ramban,Dhandhrat h-A (Jawag),IV,Duga,ward,Other than Woman,NONE,0,all_seats,,,,,Open,latin,data/jk/2016/Ramban.pdf,2,Ramban.pdf
Jammu & Kashmir,2016,Ramban,Ramban,Dhandhrat h-A (Jawag),V,Bodhi,ward,Woman,NONE,1,all_seats,,,,,Women,latin,data/jk/2016/Ramban.pdf,2,Ramban.pdf
Jammu & Kashmir,2016,Ramban,Ramban,Dhandhrat h-A (Jawag),VI,Lakhnota,ward,Other than Woman,NONE,0,all_seats,,,,,Open,latin,data/jk/2016/Ramban.pdf,2,Ramban.pdf
Jammu & Kashmir,2016,of Panch Sarpanch of,Ramban,Dhandhrat h-A (Jawag),III,Chola Chanja,ward,Other than Woman,NONE,0,all_seats,,,,,Open,latin,data/jk/2016/Ramban.pdf,3,Ramban.pdf
Jammu & Kashmir,2016,of Panch Sarpanch of,Ramban,Dhandhrat h-A (Jawag),V,Upper Halla,ward,Woman,NONE,1,all_seats,,,,,Women,latin,data/jk/2016/Ramban.pdf,3,Ramban.pdf
Jammu & Kashmir,2016,of Panch Sarpanch of,Ramban,Dhandhrat h-A (Jawag),VI,Seri,ward,Other than Woman,NONE,0,all_seats,,,,,Open,latin,data/jk/2016/Ramban.pdf,3,Ramban.pdf
Jammu & Kashmir,2016,of Panch Sarpanch of,Ramban,Dhandhrat h-A (Jawag),VII,Halla Kalee,ward,Other than Woman,NONE,0,all_seats,,,,,Open,latin,data/jk/2016/Ramban.pdf,3,Ramban.pdf
Jammu & Kashmir,2016,of Panch Sarpanch of,Ramban,Dhandhrat h-A (Jawag),VII,Chail,ward,Woman,NONE,1,all_seats,,,,,Women,latin,data/jk/2016/Ramban.pdf,3,Ramban.pdf
Jammu & Kashmir,2016,Ramban,Ramban,Dandrath- C (Dugson),I,Dharli,ward,Other than Woman,NONE,0,all_seats,,,,,Open,latin,data/jk/2016/Ramban.pdf,3,Ramban.pdf
Jammu & Kashmir,2016,Ramban,Ramban,Dandrath- C (Dugson),II,Dhar,ward,Woman,NONE,1,all_seats,,,,,Women,latin,data/jk/2016/Ramban.pdf,3,Ramban.pdf
Jammu & Kashmir,2016,Ramban,Ramban,Dandrath- C (Dugson),III,Lakari,ward,ST Other than Woman,ST,0,all_seats,,,,,ST,latin,data/jk/2016/Ramban.pdf,3,Ramban.pdf
Jammu & Kashmir,2016,Ramban,Ramban,Dandrath- C (Dugson),V,Dugsan,ward,Woman,NONE,1,all_seats,,,,,Women,latin,data/jk/2016/Ramban.pdf,3,Ramban.pdf
Jammu & Kashmir,2016,Ramban,Ramban,Dandrath- C (Dugson),VI,Notan,ward,ST Other than Woman,ST,0,all_seats,,,,,ST,latin,data/jk/2016/Ramban.pdf,3,Ramban.pdf
Jammu & Kashmir,2016,Ramban,Ramban,Demote-A,I,Bardhar,ward,Other than Woman,NONE,0,all_seats,,,,,Open,latin,data/jk/2016/Ramban.pdf,3,Ramban.pdf
Jammu & Kashmir,2016,Ramban,Ramban,Demote-A,II,Takullah,ward,ST Woman,ST,1,all_seats,,,,,ST Women,latin,data/jk/2016/Ramban.pdf,3,Ramban.pdf
Jammu & Kashmir,2016,Ramban,Ramban,Demote-A,III,Chabba,ward,Other than Woman,NONE,0,all_seats,,,,,Open,latin,data/jk/2016/Ramban.pdf,3,Ramban.pdf
Jammu & Kashmir,2016,Ramban,Ramban,Demote-A,IV,Gawari,ward,Other than Woman,NONE,0,all_seats,,,,,Open,latin,data/jk/2016/Ramban.pdf,3,Ramban.pdf
Jammu & Kashmir,2016,Ramban,Ramban,Demote-A,V,Kharkhoni,ward,Woman,NONE,1,all_seats,,,,,Women,latin,data/jk/2016/Ramban.pdf,3,Ramban.pdf
Jammu & Kashmir,2016,Ramban,Ramban,Demote-A,VI,Mulmulla,ward,Other than Woman,NONE,0,all_seats,,,,,Open,latin,data/jk/2016/Ramban.pdf,3,Ramban.pdf
Jammu & Kashmir,2016,of Panch Sarpanch of,Ramban,Demote-A,III,Bhatka,ward,Other than Woman,NONE,0,all_seats,,,,,Open,latin,data/jk/2016/Ramban.pdf,4,Ramban.pdf
Jammu & Kashmir,2016,of Panch Sarpanch of,Ramban,Demote-A,IV,Dramansharh,ward,Other than Woman,NONE,0,all_seats,,,,,Open,latin,data/jk/2016/Ramban.pdf,4,Ramban.pdf
Jammu & Kashmir,2016,of Panch Sarpanch of,Ramban,Demote-A,V,Batta,ward,Woman,NONE,1,all_seats,,,,,Women,latin,data/jk/2016/Ramban.pdf,4,Ramban.pdf
Jammu & Kashmir,2016,of Panch Sarpanch of,Ramban,Demote-A,VI,Salachi,ward,Other than Woman,NONE,0,all_seats,,,,,Open,latin,data/jk/2016/Ramban.pdf,4,Ramban.pdf
Jammu & Kashmir,2016,Ramban,Ramban,Gam,I,Marooge,ward,Other than Woman,NONE,0,all_seats,,,,,Open,latin,data/jk/2016/Ramban.pdf,4,Ramban.pdf
Jammu & Kashmir,2016,Ramban,Ramban,Gam,II,Dhaki,ward,SC Woman,SC,1,all_seats,,,,,SC Women,latin,data/jk/2016/Ramban.pdf,4,Ramban.pdf
Jammu & Kashmir,2016,Ramban,Ramban,Gam,III,Suligam,ward,Other than Woman,NONE,0,all_seats,,,,,Open,latin,data/jk/2016/Ramban.pdf,4,Ramban.pdf
Jammu & Kashmir,2016,Ramban,Ramban,Gam,IV,Teli,ward,Other than Woman,NONE,0,all_seats,,,,,Open,latin,data/jk/2016/Ramban.pdf,4,Ramban.pdf
Jammu & Kashmir,2016,Ramban,Ramban,Gam,V,Shamunch,ward,Woman,NONE,1,all_seats,,,,,Women,latin,data/jk/2016/Ramban.pdf,4,Ramban.pdf
Jammu & Kashmir,2016,Ramban,Ramban,Gam,VI,Mandlar,ward,Other than Woman,NONE,0,all_seats,,,,,Open,latin,data/jk/2016/Ramban.pdf,4,Ramban.pdf
Jammu & Kashmir,2016,Ramban,Ramban,Ganote,I,Karansool,ward,Other than Woman,NONE,0,all_seats,,,,,Open,latin,data/jk/2016/Ramban.pdf,4,Ramban.pdf
Jammu & Kashmir,2016,Ramban,Ramban,Ganote,II,Nagal,ward,Woman,NONE,1,all_seats,,,,,Women,latin,data/jk/2016/Ramban.pdf,4,Ramban.pdf
Jammu & Kashmir,2016,Ramban,Ramban,Ganote,III,Sharian,ward,Other than Woman,NONE,0,all_seats,,,,,Open,latin,data/jk/2016/Ramban.pdf,4,Ramban.pdf
Jammu & Kashmir,2016,Ramban,Ramban,Ganote,IV,Thatha,ward,Other than Woman,NONE,0,all_seats,,,,,Open,latin,data/jk/2016/Ramban.pdf,4,Ramban.pdf
Jammu & Kashmir,2016,Ramban,Ramban,Ganote,V,Beere,ward,Woman,NONE,1,all_seats,,,,,Women,latin,data/jk/2016/Ramban.pdf,4,Ramban.pdf
Jammu & Kashmir,2016,Ramban,Ramban,Ganote,VI,Gorra,ward,Other than Woman,NONE,0,all_seats,,,,,Open,latin,data/jk/2016/Ramban.pdf,4,Ramban.pdf
Jammu & Kashmir,2016,Ramban,Ramban,Ganote,VII,Duga,ward,ST Other than Woman,ST,0,all_seats,,,,,ST,latin,data/jk/2016/Ramban.pdf,4,Ramban.pdf
Jammu & Kashmir,2016,of Panch Sarpanch of,Ramban,Ganote,III,Bhatain,ward,Other than Woman,NONE,0,all_seats,,,,,Open,latin,data/jk/2016/Ramban.pdf,5,Ramban.pdf
Jammu & Kashmir,2016,of Panch Sarpanch of,Ramban,Ganote,IV,Dhandhla,ward,Other than Woman,NONE,0,all_seats,,,,,Open,latin,data/jk/2016/Ramban.pdf,5,Ramban.pdf
Jammu & Kashmir,2016,of Panch Sarpanch of,Ramban,Ganote,V,Pachal,ward,Woman,NONE,1,all_seats,,,,,Women,latin,data/jk/2016/Ramban.pdf,5,Ramban.pdf
Jammu & Kashmir,2016,of Panch Sarpanch of,Ramban,Ganote,VI,Karool,ward,Other than Woman,NONE,0,all_seats,,,,,Open,latin,data/jk/2016/Ramban.pdf,5,Ramban.pdf
Jammu & Kashmir,2016,Ramban,Ramban,Kunfer,I,Darha,ward,Other than Woman,NONE,0,all_seats,,,,,Open,latin,data/jk/2016/Ramban.pdf,5,Ramban.pdf
Jammu & Kashmir,2016,Ramban,Ramban,Kunfer,II,Baddhar,ward,Woman,NONE,1,all_seats,,,,,Women,latin,data/jk/2016/Ramban.pdf,5,Ramban.pdf
Jammu & Kashmir,2016,Ramban,Ramban,Kunfer,III,Kunfer,ward,Other than Woman,NONE,0,all_seats,,,,,Open,latin,data/jk/2016/Ramban.pdf,5,Ramban.pdf
Jammu & Kashmir,2016,Ramban,Ramban,Kunfer,IV,Goragali,ward,Other than Woman,NONE,0,all_seats,,,,,Open,latin,data/jk/2016/Ramban.pdf,5,Ramban.pdf
Jammu & Kashmir,2016,Ramban,Ramban,Kunfer,V,Patti,ward,Woman,NONE,1,all_seats,,,,,Women,latin,data/jk/2016/Ramban.pdf,5,Ramban.pdf
Jammu & Kashmir,2016,Ramban,Ramban,Kunfer,VI,Seri,ward,Other than Woman,NONE,0,all_seats,,,,,Open,latin,data/jk/2016/Ramban.pdf,5,Ramban.pdf
Jammu & Kashmir,2016,of Panch Sarpanch of,Ramban,Kunfer,III,Katochpora,ward,Other than Woman,NONE,0,all_seats,,,,,Open,latin,data/jk/2016/Ramban.pdf,6,Ramban.pdf
Jammu & Kashmir,2016,of Panch Sarpanch of,Ramban,Kunfer,IV,Dullahya,ward,Other than Woman,NONE,0,all_seats,,,,,Open,latin,data/jk/2016/Ramban.pdf,6,Ramban.pdf
Jammu & Kashmir,2016,of Panch Sarpanch of,Ramban,Kunfer,V,Failty-A,ward,ST Woman,ST,1,all_seats,,,,,ST Women,latin,data/jk/2016/Ramban.pdf,6,Ramban.pdf
Jammu & Kashmir,2016,of Panch Sarpanch of,Ramban,Kunfer,VI,Failty-B,ward,Other than Woman,NONE,0,all_seats,,,,,Open,latin,data/jk/2016/Ramban.pdf,6,Ramban.pdf
Jammu & Kashmir,2016,of Panch Sarpanch of,Ramban,Kunfer,VII,Chandrog,ward,Other than Woman,NONE,0,all_seats,,,,,Open,latin,data/jk/2016/Ramban.pdf,6,Ramban.pdf
Jammu & Kashmir,2016,of Panch Sarpanch of,Ramban,Kunfer,VII,Bakshinager,ward,Woman,NONE,1,all_seats,,,,,Women,latin,data/jk/2016/Ramban.pdf,6,Ramban.pdf
Jammu & Kashmir,2016,Ramban,Ramban,Maitra Gibindpora- B,I,Tatarsoo,ward,Other than Woman,NONE,0,all_seats,,,,,Open,latin,data/jk/2016/Ramban.pdf,6,Ramban.pdf
Jammu & Kashmir,2016,Ramban,Ramban,Maitra Gibindpora- B,II,Thakra pat,ward,Woman,NONE,1,all_seats,,,,,Women,latin,data/jk/2016/Ramban.pdf,6,Ramban.pdf
Jammu & Kashmir,2016,Ramban,Ramban,Maitra Gibindpora- B,III,Kote,ward,ST Other than Woman,ST,0,all_seats,,,,,ST,latin,data/jk/2016/Ramban.pdf,6,Ramban.pdf
Jammu & Kashmir,2016,Ramban,Ramban,Maitra Gibindpora- B,IV,Bathi,ward,Other than Woman,NONE,0,all_seats,,,,,Open,latin,data/jk/2016/Ramban.pdf,6,Ramban.pdf
Jammu & Kashmir,2016,Ramban,Ramban,Maitra Gibindpora- B,V,Sundgali,ward,ST Woman,ST,1,all_seats,,,,,ST Women,latin,data/jk/2016/Ramban.pdf,6,Ramban.pdf
Jammu & Kashmir,2016,Ramban,Ramban,Maitra Gibindpora- B,VI,Kundi Upper,ward,Other than Woman,NONE,0,all_seats,,,,,Open,latin,data/jk/2016/Ramban.pdf,6,Ramban.pdf
Jammu & Kashmir,2016,Ramban,Ramban,Marog,I,Digog upper,ward,Other than Woman,NONE,0,all_seats,,,,,Open,latin,data/jk/2016/Ramban.pdf,6,Ramban.pdf
Jammu & Kashmir,2016,Ramban,Ramban,Marog,II,Digog lower,ward,Woman,NONE,1,all_seats,,,,,Women,latin,data/jk/2016/Ramban.pdf,6,Ramban.pdf
Jammu & Kashmir,2016,Ramban,Ramban,Marog,III,Digdoll lower,ward,Other than Woman,NONE,0,all_seats,,,,,Open,latin,data/jk/2016/Ramban.pdf,6,Ramban.pdf
Jammu & Kashmir,2016,Ramban,Ramban,Marog,IV,Digdoll upper,ward,Other than Woman,NONE,0,all_seats,,,,,Open,latin,data/jk/2016/Ramban.pdf,6,Ramban.pdf
Jammu & Kashmir,2016,Ramban,Ramban,Marog,V,Panthyal Lower,ward,Woman,NONE,1,all_seats,,,,,Women,latin,data/jk/2016/Ramban.pdf,6,Ramban.pdf
Jammu & Kashmir,2016,Ramban,Ramban,Marog,VI,Panthyal Upper,ward,Other than Woman,NONE,0,all_seats,,,,,Open,latin,data/jk/2016/Ramban.pdf,6,Ramban.pdf
Jammu & Kashmir,2016,Ramban,Ramban,Marog,I,Gali,ward,Other than Woman,NONE,0,all_seats,,,,,Open,latin,data/jk/2016/Ramban.pdf,6,Ramban.pdf
Jammu & Kashmir,2016,Ramban,Ramban,Marog,II,Bass,ward,Woman,NONE,1,all_seats,,,,,Women,latin,data/jk/2016/Ramban.pdf,6,Ramban.pdf
Jammu & Kashmir,2016,Ramban,Ramban,Marog,III,Khandari,ward,Other than Woman,NONE,0,all_seats,,,,,Open,latin,data/jk/2016/Ramban.pdf,6,Ramban.pdf
Jammu & Kashmir,2016,Ramban,Ramban,Marog,IV,Lakora,ward,Other than Woman,NONE,0,all_seats,,,,,Open,latin,data/jk/2016/Ramban.pdf,6,Ramban.pdf
Jammu & Kashmir,2016,Ramban,Ramban,Pernote-A,I,Thalwa,ward,Other than Woman,NONE,0,all_seats,,,,,Open,latin,data/jk/2016/Ramban.pdf,7,Ramban.pdf
Jammu & Kashmir,2016,Ramban,Ramban,Pernote-A,II,Akhsra,ward,Woman,NONE,1,all_seats,,,,,Women,latin,data/jk/2016/Ramban.pdf,7,Ramban.pdf
Jammu & Kashmir,2016,Ramban,Ramban,Pernote-A,III,Nemnar,ward,Other than Woman,NONE,0,all_seats,,,,,Open,latin,data/jk/2016/Ramban.pdf,7,Ramban.pdf
Jammu & Kashmir,2016,Ramban,Ramban,Pernote-A,IV,Kamtara,ward,Other than Woman,NONE,0,all_seats,,,,,Open,latin,data/jk/2016/Ramban.pdf,7,Ramban.pdf
Jammu & Kashmir,2016,Ramban,Ramban,Pernote-A,V,Kapari,ward,Woman,NONE,1,all_seats,,,,,Women,latin,data/jk/2016/Ramban.pdf,7,Ramban.pdf
Jammu & Kashmir,2016,Ramban,Ramban,Pernote-A,VI,Talika,ward,Other than Woman,NONE,0,all_seats,,,,,Open,latin,data/jk/2016/Ramban.pdf,7,Ramban.pdf
Jammu & Kashmir,2016,Ramban,Ramban,Pernote-B,I,Sardamani,ward,Other than Woman,NONE,0,all_seats,,,,,Open,latin,data/jk/2016/Ramban.pdf,7,Ramban.pdf
Jammu & Kashmir,2016,Ramban,Ramban,Pernote-B,II,Gogwal,ward,Woman,NONE,1,all_seats,,,,,Women,latin,data/jk/2016/Ramban.pdf,7,Ramban.pdf
Jammu & Kashmir,2016,Ramban,Ramban,Pernote-B,III,Kote,ward,ST Other than Woman,ST,0,all_seats,,,,,ST,latin,data/jk/2016/Ramban.pdf,7,Ramban.pdf
Jammu & Kashmir,2016,Ramban,Ramban,Pernote-B,IV,Bround-A,ward,Other than Woman,NONE,0,all_seats,,,,,Open,latin,data/jk/2016/Ramban.pdf,7,Ramban.pdf
Jammu & Kashmir,2016,Ramban,Ramban,Pernote-B,V,Bround-B,ward,ST Woman,ST,1,all_seats,,,,,ST Women,latin,data/jk/2016/Ramban.pdf,7,Ramban.pdf
Jammu & Kashmir,2016,Ramban,Ramban,Pernote-B,VI,Sohar,ward,ST Other than Woman,ST,0,all_seats,,,,,ST,latin,data/jk/2016/Ramban.pdf,7,Ramban.pdf
Jammu & Kashmir,2016,Ramban,Ramban,Sawani,I,Khani,ward,Other than Woman,NONE,0,all_seats,,,,,Open,latin,data/jk/2016/Ramban.pdf,7,Ramban.pdf
Jammu & Kashmir,2016,Ramban,Ramban,Sawani,II,Sarthi,ward,Woman,NONE,1,all_seats,,,,,Women,latin,data/jk/2016/Ramban.pdf,7,Ramban.pdf
Jammu & Kashmir,2016,Ramban,Ramban,Sawani,III,Kasmer,ward,Other than Woman,NONE,0,all_seats,,,,,Open,latin,data/jk/2016/Ramban.pdf,7,Ramban.pdf
Jammu & Kashmir,2016,Ramban,Ramban,Sawani,IV,Sawani,ward,Other than Woman,NONE,0,all_seats,,,,,Open,latin,data/jk/2016/Ramban.pdf,7,Ramban.pdf
Jammu & Kashmir,2016,Ramban,Ramban,Sawani,V,Kathayala,ward,Woman,NONE,1,all_seats,,,,,Women,latin,data/jk/2016/Ramban.pdf,7,Ramban.pdf
Jammu & Kashmir,2016,Ramban,Ramban,Sawani,VI,Khaldhar,ward,Other than Woman,NONE,0,all_seats,,,,,Open,latin,data/jk/2016/Ramban.pdf,7,Ramban.pdf
Jammu & Kashmir,2016,Ramban,Ramban,Sawani,I,Seri,ward,Other than Woman,NONE,0,all_seats,,,,,Open,latin,data/jk/2016/Ramban.pdf,7,Ramban.pdf
Jammu & Kashmir,2016,of Panch Sarpanch of,Ramban,Sawani,IV,Mayain,ward,Other than Woman,NONE,0,all_seats,,,,,Open,latin,data/jk/2016/Ramban.pdf,8,Ramban.pdf
Jammu & Kashmir,2016,of Panch Sarpanch of,Ramban,Sawani,V,Lower Bagna,ward,Woman,NONE,1,all_seats,,,,,Women,latin,data/jk/2016/Ramban.pdf,8,Ramban.pdf
Jammu & Kashmir,2016,of Panch Sarpanch of,Ramban,Sawani,VI,Upper Bagna,ward,Other than Woman,NONE,0,all_seats,,,,,Open,latin,data/jk/2016/Ramban.pdf,8,Ramban.pdf
Jammu & Kashmir,2016,of Panch Sarpanch of,Ramban,Sawani,VII,Trarag,ward,Other than Woman,NONE,0,all_seats,,,,,Open,latin,data/jk/2016/Ramban.pdf,8,Ramban.pdf
Jammu & Kashmir,2016,of Panch Sarpanch of,Ramban,Sawani,VII,Souri,ward,Woman,NONE,1,all_seats,,,,,Women,latin,data/jk/2016/Ramban.pdf,8,Ramban.pdf
Jammu & Kashmir,2016,of Panch Sarpanch of,Ramban,Sawani,IX,Rajseri,ward,Other than Woman,NONE,0,all_seats,,,,,Open,latin,data/jk/2016/Ramban.pdf,8,Ramban.pdf
Jammu & Kashmir,2016,of Panch Sarpanch of,Ramban,Sawani,X,Nai Bast,ward,Other than Woman,NONE,0,all_seats,,,,,Open,latin,data/jk/2016/Ramban.pdf,8,Ramban.pdf
Jammu & Kashmir,2016,Ramban,Ramban,Seri-B,I,Buella,ward,ST Other than Woman,ST,0,all_seats,,,,,ST,latin,data/jk/2016/Ramban.pdf,8,Ramban.pdf
Jammu & Kashmir,2016,Ramban,Ramban,Seri-B,II,Silla,ward,Woman,NONE,1,all_seats,,,,,Women,latin,data/jk/2016/Ramban.pdf,8,Ramban.pdf
Jammu & Kashmir,2016,Ramban,Ramban,Seri-B,III,Gindoth,ward,SC Other than Woman,SC,0,all_seats,,,,,SC,latin,data/jk/2016/Ramban.pdf,8,Ramban.pdf
Jammu & Kashmir,2016,Ramban,Ramban,Seri-B,IV,Kasala,ward,Other than Woman,NONE,0,all_seats,,,,,Open,latin,data/jk/2016/Ramban.pdf,8,Ramban.pdf
Jammu & Kashmir,2016,Ramban,Ramban,Seri-B,V,Bradgadi,ward,Woman,NONE,1,all_seats,,,,,Women,latin,data/jk/2016/Ramban.pdf,8,Ramban.pdf
Jammu & Kashmir,2016,Ramban,Ramban,Seri-B,VI,Batsool,ward,Other than Woman,NONE,0,all_seats,,,,,Open,latin,data/jk/2016/Ramban.pdf,8,Ramban.pdf
Jammu & Kashmir,2016,Ramban,Ramban,Sildhar,I,Gowari,ward,Other than Woman,NONE,0,all_seats,,,,,Open,latin,data/jk/2016/Ramban.pdf,8,Ramban.pdf
Jammu & Kashmir,2016,Ramban,Ramban,Sildhar,II,Belli,ward,Woman,NONE,1,all_seats,,,,,Women,latin,data/jk/2016/Ramban.pdf,8,Ramban.pdf
Jammu & Kashmir,2016,Ramban,Ramban,Sildhar,III,Lukhari,ward,ST Other than Woman,ST,0,all_seats,,,,,ST,latin,data/jk/2016/Ramban.pdf,8,Ramban.pdf
Jammu & Kashmir,2016,Ramban,Ramban,Sildhar,IV,Sildhari,ward,Other than Woman,NONE,0,all_seats,,,,,Open,latin,data/jk/2016/Ramban.pdf,8,Ramban.pdf
Jammu & Kashmir,2016,Ramban,Ramban,Sildhar,V,Karool,ward,Woman,NONE,1,all_seats,,,,,Women,latin,data/jk/2016/Ramban.pdf,8,Ramban.pdf
Jammu & Kashmir,2016,Ramban,Ramban,Sildhar,VI,Kundi-A,ward,Other than Woman,NONE,0,all_seats,,,,,Open,latin,data/jk/2016/Ramban.pdf,8,Ramban.pdf
Jammu & Kashmir,2016,Ramban,Ramban,Sildhar,VII,Kundi-B,ward,Other than Woman,NONE,0,all_seats,,,,,Open,latin,data/jk/2016/Ramban.pdf,8,Ramban.pdf
Jammu & Kashmir,2016,Ramban,Ramban,Sildhar,VII,Khurshall,ward,Woman,NONE,1,all_seats,,,,,Women,latin,data/jk/2016/Ramban.pdf,8,Ramban.pdf
Jammu & Kashmir,2016,Ramban,Ramsoo,Bajmasta,I,Duda lower,ward,ST Other than Woman,ST,0,all_seats,0,97,85,182,ST,latin,data/jk/2016/Ramsoo.pdf,1,Ramsoo.pdf
Jammu & Kashmir,2016,Ramban,Ramsoo,Bajmasta,II,Zakat Khana,ward,ST Woman,ST,1,all_seats,0,121,94,216,ST Women,latin,data/jk/2016/Ramsoo.pdf,1,Ramsoo.pdf
Jammu & Kashmir,2016,Ramban,Ramsoo,Bajmasta,III,Duda Upper,ward,Other than Woman,NONE,0,all_seats,0,19,210,229,Open,latin,data/jk/2016/Ramsoo.pdf,1,Ramsoo.pdf
Jammu & Kashmir,2016,Ramban,Ramsoo,Bajmasta,IV,Gaam,ward,Other than Woman,NONE,0,all_seats,0,10,242,251,Open,latin,data/jk/2016/Ramsoo.pdf,1,Ramsoo.pdf
Jammu & Kashmir,2016,Ramban,Ramsoo,Bajmasta,V,Kantog,ward,ST Woman,ST,1,all_seats,0,153,82,235,ST Women,latin,data/jk/2016/Ramsoo.pdf,1,Ramsoo.pdf
Jammu & Kashmir,2016,Ramban,Ramsoo,Bajmasta,VI,Patper,ward,Other than Woman,NONE,0,all_seats,0,79,131,210,Open,latin,data/jk/2016/Ramsoo.pdf,1,Ramsoo.pdf
Jammu & Kashmir,2016,Ramban,Ramsoo,Bhordar-A,I,Gagernag-A,ward,Other than Woman,NONE,0,all_seats,0,0,352,352,Open,latin,data/jk/2016/Ramsoo.pdf,1,Ramsoo.pdf
Jammu & Kashmir,2016,Ramban,Ramsoo,Bhordar-A,II,Gagernag-B,ward,Woman,NONE,1,all_seats,0,0,332,332,Women,latin,data/jk/2016/Ramsoo.pdf,1,Ramsoo.pdf
Jammu & Kashmir,2016,Ramban,Ramsoo,Bhordar-A,III,Kanihal-A,ward,Other than Woman,NONE,0,all_seats,0,0,366,366,Open,latin,data/jk/2016/Ramsoo.pdf,1,Ramsoo.pdf
Jammu & Kashmir,2016,Ramban,Ramsoo,Bhordar-A,IV,Kanihal-B,ward,Other than Woman,NONE,0,all_seats,0,112,246,358,Open,latin,data/jk/2016/Ramsoo.pdf,1,Ramsoo.pdf
Jammu & Kashmir,2016,Ramban,Ramsoo,Bhordar-A,V,Gugwani,ward,Woman,NONE,1,all_seats,0,0,410,410,Women,latin,data/jk/2016/Ramsoo.pdf,1,Ramsoo.pdf
Jammu & Kashmir,2016,Ramban,Ramsoo,Bhordar-A,VI,Topan,ward,Other than Woman,NONE,0,all_seats,0,0,530,530,Open,latin,data/jk/2016/Ramsoo.pdf,1,Ramsoo.pdf
Jammu & Kashmir,2016,Ramban,Ramsoo,Bhordar-B,I,Bhordar -A,ward,Other than Woman,NONE,0,all_seats,0,0,329,329,Open,latin,data/jk/2016/Ramsoo.pdf,1,Ramsoo.pdf
Jammu & Kashmir,2016,Ramban,Ramsoo,Bhordar-B,II,Bhordar -B,ward,Woman,NONE,1,all_seats,0,0,455,455,Women,latin,data/jk/2016/Ramsoo.pdf,1,Ramsoo.pdf
Jammu & Kashmir,2016,Ramban,Ramsoo,Bhordar-B,III,Chidose-A,ward,Other than Woman,NONE,0,all_seats,0,0,358,358,Open,latin,data/jk/2016/Ramsoo.pdf,1,Ramsoo.pdf
Jammu & Kashmir,2016,Ramban,Ramsoo,Bhordar-B,IV,Chidose-B,ward,Other than Woman,NONE,0,all_seats,0,0,359,359,Open,latin,data/jk/2016/Ramsoo.pdf,1,Ramsoo.pdf
Jammu & Kashmir,2016,Ramban,Ramsoo,Bhordar-B,V,Barmuji,ward,Woman,NONE,1,all_seats,0,0,530,530,Women,latin,data/jk/2016/Ramsoo.pdf,1,Ramsoo.pdf
Jammu & Kashmir,2016,Ramban,Ramsoo,Bhordar-B,VI,Gugwani-B,ward,Other than Woman,NONE,0,all_seats,0,123,287,410,Open,latin,data/jk/2016/Ramsoo.pdf,1,Ramsoo.pdf
Jammu & Kashmir,2016,halqa Panch Sarpanch of,Ramsoo,Bhordar-B,III,Batroo,ward,Other than Woman,NONE,0,all_seats,,,,,Open,latin,data/jk/2016/Ramsoo.pdf,2,Ramsoo.pdf
Jammu & Kashmir,2016,halqa Panch Sarpanch of,Ramsoo,Bhordar-B,IV,Dharni,ward,Other than Woman,NONE,0,all_seats,,,,,Open,latin,data/jk/2016/Ramsoo.pdf,2,Ramsoo.pdf
Jammu & Kashmir,2016,halqa Panch Sarpanch of,Ramsoo,Bhordar-B,V,Uglain,ward,Woman,NONE,1,all_seats,,,,,Women,latin,data/jk/2016/Ramsoo.pdf,2,Ramsoo.pdf
Jammu & Kashmir,2016,halqa Panch Sarpanch of,Ramsoo,Bhordar-B,VI,Dhardhan Bat,ward,Other than Woman,NONE,0,all_seats,,,,,Open,latin,data/jk/2016/Ramsoo.pdf,2,Ramsoo.pdf
Jammu & Kashmir,2016,Ramban,Ramsoo,Dhanmasta- B,I,Ahma,ward,Other than Woman,NONE,0,all_seats,,,,,Open,latin,data/jk/2016/Ramsoo.pdf,2,Ramsoo.pdf
Jammu & Kashmir,2016,Ramban,Ramsoo,Dhanmasta- B,II,Kawalian,ward,Woman,NONE,1,all_seats,,,,,Women,latin,data/jk/2016/Ramsoo.pdf,2,Ramsoo.pdf
Jammu & Kashmir,2016,Ramban,Ramsoo,Dhanmasta- B,III,Khudmulla,ward,Other than Woman,NONE,0,all_seats,,,,,Open,latin,data/jk/2016/Ramsoo.pdf,2,Ramsoo.pdf
Jammu & Kashmir,2016,Ramban,Ramsoo,Dhanmasta- B,IV,Tajnihal-A,ward,Other than Woman,NONE,0,all_seats,,,,,Open,latin,data/jk/2016/Ramsoo.pdf,2,Ramsoo.pdf
Jammu & Kashmir,2016,Ramban,Ramsoo,Dhanmasta- B,V,Tajnihal-B,ward,Other than Woman,NONE,0,all_seats,,,,,Open,latin,data/jk/2016/Ramsoo.pdf,2,Ramsoo.pdf
Jammu & Kashmir,2016,Ramban,Ramsoo,Dhanmasta- B,VI,Tajnihal-C,ward,Other than Woman,NONE,0,all_seats,,,,,Open,latin,data/jk/2016/Ramsoo.pdf,2,Ramsoo.pdf
Jammu & Kashmir,2016,Ramban,Ramsoo,Dhanmasta- B,I,Runigam-A,ward,Other than Woman,NONE,0,all_seats,,,,,Open,latin,data/jk/2016/Ramsoo.pdf,2,Ramsoo.pdf
Jammu & Kashmir,2016,Ramban,Ramsoo,Dhanmasta- B,II,Runigam-B,ward,Woman,NONE,1,all_seats,,,,,Women,latin,data/jk/2016/Ramsoo.pdf,2,Ramsoo.pdf
Jammu & Kashmir,2016,Ramban,Ramsoo,Dhanmasta- B,III,Kharwan-A,ward,Other than Woman,NONE,0,all_seats,,,,,Open,latin,data/jk/2016/Ramsoo.pdf,2,Ramsoo.pdf
Jammu & Kashmir,2016,Ramban,Ramsoo,Dhanmasta- B,IV,Kharwan-B,ward,Other than Woman,NONE,0,all_seats,,,,,Open,latin,data/jk/2016/Ramsoo.pdf,2,Ramsoo.pdf
Jammu & Kashmir,2016,Ramban,Ramsoo,Dhanmasta- B,V,Dhak-A,ward,Woman,NONE,1,all_seats,,,,,Women,latin,data/jk/2016/Ramsoo.pdf,2,Ramsoo.pdf
Jammu & Kashmir,2016,Ramban,Ramsoo,Neel-A,I,Drubta-A,ward,Other than Woman,NONE,0,all_seats,,,,,Open,latin,data/jk/2016/Ramsoo.pdf,3,Ramsoo.pdf
Jammu & Kashmir,2016,Ramban,Ramsoo,Neel-A,II,Drubta-B,ward,Woman,NONE,1,all_seats,,,,,Women,latin,data/jk/2016/Ramsoo.pdf,3,Ramsoo.pdf
Jammu & Kashmir,2016,Ramban,Ramsoo,Neel-A,III,Nilhal,ward,Other than Woman,NONE,0,all_seats,,,,,Open,latin,data/jk/2016/Ramsoo.pdf,3,Ramsoo.pdf
Jammu & Kashmir,2016,Ramban,Ramsoo,Neel-A,IV,Chidose,ward,Other than Woman,NONE,0,all_seats,,,,,Open,latin,data/jk/2016/Ramsoo.pdf,3,Ramsoo.pdf
Jammu & Kashmir,2016,Ramban,Ramsoo,Neel-A,V,Chacknarwah- A,ward,Woman,NONE,1,all_seats,,,,,Women,latin,data/jk/2016/Ramsoo.pdf,3,Ramsoo.pdf
Jammu & Kashmir,2016,Ramban,Ramsoo,Neel-A,VI,Chacknarwah- B,ward,Other than Woman,NONE,0,all_seats,,,,,Open,latin,data/jk/2016/Ramsoo.pdf,3,Ramsoo.pdf
Jammu & Kashmir,2016,Ramban,Ramsoo,Neel-B,I,Harwari-A,ward,Other than Woman,NONE,0,all_seats,,,,,Open,latin,data/jk/2016/Ramsoo.pdf,3,Ramsoo.pdf
Jammu & Kashmir,2016,Ramban,Ramsoo,Neel-B,II,Harwari-B,ward,Woman,NONE,1,all_seats,,,,,Women,latin,data/jk/2016/Ramsoo.pdf,3,Ramsoo.pdf
Jammu & Kashmir,2016,Ramban,Ramsoo,Neel-B,III,Butnihal,ward,Other than Woman,NONE,0,all_seats,,,,,Open,latin,data/jk/2016/Ramsoo.pdf,3,Ramsoo.pdf
Jammu & Kashmir,2016,Ramban,Ramsoo,Neel-B,IV,Sinegam-A,ward,Other than Woman,NONE,0,all_seats,,,,,Open,latin,data/jk/2016/Ramsoo.pdf,3,Ramsoo.pdf
Jammu & Kashmir,2016,Ramban,Ramsoo,Neel-B,V,Sinegam-B,ward,Woman,NONE,1,all_seats,,,,,Women,latin,data/jk/2016/Ramsoo.pdf,3,Ramsoo.pdf
Jammu & Kashmir,2016,Ramban,Ramsoo,Neel-B,VI,Madnihal,ward,Other than Woman,NONE,0,all_seats,,,,,Open,latin,data/jk/2016/Ramsoo.pdf,3,Ramsoo.pdf
Jammu & Kashmir,2016,Ramban,Ramsoo,Neel-B,I,Zaradi-A,ward,Other than Woman,NONE,0,all_seats,,,,,Open,latin,data/jk/2016/Ramsoo.pdf,3,Ramsoo.pdf
Jammu & Kashmir,2016,Ramban,Ramsoo,Neel-B,II,Zaradi-B,ward,Woman,NONE,1,all_seats,,,,,Women,latin,data/jk/2016/Ramsoo.pdf,3,Ramsoo.pdf
Jammu & Kashmir,2016,halqa Panch Sarpanch of,Ramsoo,Neel-B,V,Hallah-A,ward,Woman,NONE,1,all_seats,,,,,Women,latin,data/jk/2016/Ramsoo.pdf,4,Ramsoo.pdf
Jammu & Kashmir,2016,halqa Panch Sarpanch of,Ramsoo,Neel-B,VI,Hallah-B,ward,Other than Woman,NONE,0,all_seats,,,,,Open,latin,data/jk/2016/Ramsoo.pdf,4,Ramsoo.pdf
Jammu & Kashmir,2016,Ramban,Ramsoo,Neel-D,I,Suranga-A,ward,Other than Woman,NONE,0,all_seats,,,,,Open,latin,data/jk/2016/Ramsoo.pdf,4,Ramsoo.pdf
Jammu & Kashmir,2016,Ramban,Ramsoo,Neel-D,II,Suranga-B,ward,Woman,NONE,1,all_seats,,,,,Women,latin,data/jk/2016/Ramsoo.pdf,4,Ramsoo.pdf
Jammu & Kashmir,2016,Ramban,Ramsoo,Neel-D,III,Ladnihal,ward,Other than Woman,NONE,0,all_seats,,,,,Open,latin,data/jk/2016/Ramsoo.pdf,4,Ramsoo.pdf
Jammu & Kashmir,2016,Ramban,Ramsoo,Neel-D,IV,Tatka,ward,Other than Woman,NONE,0,all_seats,,,,,Open,latin,data/jk/2016/Ramsoo.pdf,4,Ramsoo.pdf
Jammu & Kashmir,2016,Ramban,Ramsoo,Neel-D,V,Batoo-A,ward,Woman,NONE,1,all_seats,,,,,Women,latin,data/jk/2016/Ramsoo.pdf,4,Ramsoo.pdf
Jammu & Kashmir,2016,Ramban,Ramsoo,Neel-D,VI,Batoo-B,ward,Other than Woman,NONE,0,all_seats,,,,,Open,latin,data/jk/2016/Ramsoo.pdf,4,Ramsoo.pdf
Jammu & Kashmir,2016,Ramban,Ramsoo,Sarbagni-A,I,Varnal,ward,Other than Woman,NONE,0,all_seats,,,,,Open,latin,data/jk/2016/Ramsoo.pdf,4,Ramsoo.pdf
Jammu & Kashmir,2016,Ramban,Ramsoo,Sarbagni-A,II,Bogad,ward,ST Woman,ST,1,all_seats,,,,,ST Women,latin,data/jk/2016/Ramsoo.pdf,4,Ramsoo.pdf
Jammu & Kashmir,2016,Ramban,Ramsoo,Sarbagni-A,III,Karmala,ward,Other than Woman,NONE,0,all_seats,,,,,Open,latin,data/jk/2016/Ramsoo.pdf,4,Ramsoo.pdf
Jammu & Kashmir,2016,Ramban,Ramsoo,Sarbagni-A,IV,Danwah,ward,Other than Woman,NONE,0,all_seats,,,,,Open,latin,data/jk/2016/Ramsoo.pdf,4,Ramsoo.pdf
Jammu & Kashmir,2016,Ramban,Ramsoo,Sarbagni-A,V,Bowdar,ward,Woman,NONE,1,all_seats,,,,,Women,latin,data/jk/2016/Ramsoo.pdf,4,Ramsoo.pdf
Jammu & Kashmir,2016,Ramban,Ramsoo,Sarbagni-A,VI,Kharali,ward,Other than Woman,NONE,0,all_seats,,,,,Open,latin,data/jk/2016/Ramsoo.pdf,4,Ramsoo.pdf
Jammu & Kashmir,2016,halqa Panch Sarpanch of,Ramsoo,Sarbagni-A,III,Chaka upper,ward,Other than Woman,NONE,0,all_seats,,,,,Open,latin,data/jk/2016/Ramsoo.pdf,5,Ramsoo.pdf
Jammu & Kashmir,2016,halqa Panch Sarpanch of,Ramsoo,Sarbagni-A,IV,Dalgoth,ward,ST Other than Woman,ST,0,all_seats,,,,,ST,latin,data/jk/2016/Ramsoo.pdf,5,Ramsoo.pdf
Jammu & Kashmir,2016,halqa Panch Sarpanch of,Ramsoo,Sarbagni-A,V,Pogala,ward,Woman,NONE,1,all_seats,,,,,Women,latin,data/jk/2016/Ramsoo.pdf,5,Ramsoo.pdf
Jammu & Kashmir,2016,halqa Panch Sarpanch of,Ramsoo,Sarbagni-A,VI,Zandara,ward,Other than Woman,NONE,0,all_seats,,,,,Open,latin,data/jk/2016/Ramsoo.pdf,5,Ramsoo.pdf
Jammu & Kashmir,2016,Ramban,Ramsoo,Shagan,I,Lablatha,ward,Other than Woman,NONE,0,all_seats,,,,,Open,latin,data/jk/2016/Ramsoo.pdf,5,Ramsoo.pdf
Jammu & Kashmir,2016,Ramban,Ramsoo,Shagan,II,Balibass,ward,Woman,NONE,1,all_seats,,,,,Women,latin,data/jk/2016/Ramsoo.pdf,5,Ramsoo.pdf
Jammu & Kashmir,2016,Ramban,Ramsoo,Shagan,III,Halla,ward,Other than Woman,NONE,0,all_seats,,,,,Open,latin,data/jk/2016/Ramsoo.pdf,5,Ramsoo.pdf
Jammu & Kashmir,2016,Ramban,Ramsoo,Shagan,IV,Shagan,ward,Other than Woman,NONE,0,all_seats,,,,,Open,latin,data/jk/2016/Ramsoo.pdf,5,Ramsoo.pdf
Jammu & Kashmir,2016,Ramban,Ramsoo,Shagan,V,Akramabad,ward,Other than Woman,NONE,0,all_seats,,,,,Open,latin,data/jk/2016/Ramsoo.pdf,5,Ramsoo.pdf
Jammu & Kashmir,2016,Ramban,Ramsoo,Shagan,VI,Hingni,ward,ST Woman,ST,1,all_seats,,,,,ST Women,latin,data/jk/2016/Ramsoo.pdf,5,Ramsoo.pdf
Jammu & Kashmir,2016,Ramban,Ramsoo,Shagan,VII,Balibass,ward,ST Other than Woman,ST,0,all_seats,,,,,ST,latin,data/jk/2016/Ramsoo.pdf,5,Ramsoo.pdf
Jammu & Kashmir,2016,Ramban,Ramsoo,Shagan,VIII,Baderkote,ward,Woman,NONE,1,all_seats,,,,,Women,latin,data/jk/2016/Ramsoo.pdf,5,Ramsoo.pdf
Jammu & Kashmir,2016,Ramban,Ramsoo,Sujmatna-A,I,Ahma,ward,Other than Woman,NONE,0,all_seats,,,,,Open,latin,data/jk/2016/Ramsoo.pdf,5,Ramsoo.pdf
Jammu & Kashmir,2016,Ramban,Ramsoo,Sujmatna-A,II,Dardehi Rouni,ward,Woman,NONE,1,all_seats,,,,,Women,latin,data/jk/2016/Ramsoo.pdf,5,Ramsoo.pdf
Jammu & Kashmir,2016,Ramban,Ramsoo,Sujmatna-A,III,Dargali,ward,Other than Woman,NONE,0,all_seats,,,,,Open,latin,data/jk/2016/Ramsoo.pdf,5,Ramsoo.pdf
Jammu & Kashmir,2016,Ramban,Ramsoo,Sujmatna-A,IV,Khowra-A,ward,Other than Woman,NONE,0,all_seats,,,,,Open,latin,data/jk/2016/Ramsoo.pdf,5,Ramsoo.pdf
Jammu & Kashmir,2016,Ramban,Ramsoo,Sujmatna-A,V,Khowra-B,ward,Woman,NONE,1,all_seats,,,,,Women,latin,data/jk/2016/Ramsoo.pdf,5,Ramsoo.pdf
Jammu & Kashmir,2016,Ramban,Ramsoo,Sujmatna-A,VI,Khowra-C,ward,Other than Woman,NONE,0,all_seats,,,,,Open,latin,data/jk/2016/Ramsoo.pdf,5,Ramsoo.pdf
Jammu & Kashmir,2016,halqa Panch Sarpanch of,Ramsoo,Sujmatna-A,III,Hewgan-B,ward,Woman,NONE,1,all_seats,,,,,Women,latin,data/jk/2016/Ramsoo.pdf,6,Ramsoo.pdf
Jammu & Kashmir,2016,halqa Panch Sarpanch of,Ramsoo,Sujmatna-A,IV,Kote,ward,Other than Woman,NONE,0,all_seats,,,,,Open,latin,data/jk/2016/Ramsoo.pdf,6,Ramsoo.pdf
Jammu & Kashmir,2016,halqa Panch Sarpanch of,Ramsoo,Sujmatna-A,V,Dalyan,ward,Woman,NONE,1,all_seats,,,,,Women,latin,data/jk/2016/Ramsoo.pdf,6,Ramsoo.pdf
Jammu & Kashmir,2016,halqa Panch Sarpanch of,Ramsoo,Sujmatna-A,VI,Magerkote,ward,Other than Woman,NONE,0,all_seats,,,,,Open,latin,data/jk/2016/Ramsoo.pdf,6,Ramsoo.pdf
Jammu & Kashmir,2016,halqa Panch Sarpanch of,Ramsoo,Sujmatna-A,VII,Halwagan,ward,Other than Woman,NONE,0,all_seats,,,,,Open,latin,data/jk/2016/Ramsoo.pdf,6,Ramsoo.pdf
Jammu & Kashmir,2016,halqa Panch Sarpanch of,Ramsoo,Sujmatna-A,VIII,Chanjloo,ward,Woman,NONE,1,all_seats,,,,,Women,latin,data/jk/2016/Ramsoo.pdf,6,Ramsoo.pdf
Jammu & Kashmir,2016,halqa Panch Sarpanch of,Ramsoo,Sujmatna-A,IX,Hassanbass,ward,Other than Woman,NONE,0,all_seats,,,,,Open,latin,data/jk/2016/Ramsoo.pdf,6,Ramsoo.pdf
Jammu & Kashmir,2016,halqa Panch Sarpanch of,Ramsoo,Sujmatna-A,X,Ramsoo,ward,Other than Woman,NONE,0,all_seats,,,,,Open,latin,data/jk/2016/Ramsoo.pdf,6,Ramsoo.pdf
Jammu & Kashmir,2016,halqa Panch Sarpanch of,Ramsoo,Sujmatna-A,I,Hijwa,ward,Other than Woman,NONE,0,all_seats,,,,,Open,latin,data/jk/2016/Ramsoo.pdf,6,Ramsoo.pdf
Jammu & Kashmir,2016,halqa Panch Sarpanch of,Ramsoo,Sujmatna-A,II,Armarag,ward,ST Woman,ST,1,all_seats,,,,,ST Women,latin,data/jk/2016/Ramsoo.pdf,6,Ramsoo.pdf
Jammu & Kashmir,2016,halqa Panch Sarpanch of,Ramsoo,Sujmatna-A,III,Akhran,ward,ST Other than Woman,ST,0,all_seats,,,,,ST,latin,data/jk/2016/Ramsoo.pdf,6,Ramsoo.pdf
Jammu & Kashmir,2016,halqa Panch Sarpanch of,Ramsoo,Sujmatna-A,IV,Bowa-A,ward,ST Other than Woman,ST,0,all_seats,,,,,ST,latin,data/jk/2016/Ramsoo.pdf,6,Ramsoo.pdf
Jammu & Kashmir,2016,halqa Panch Sarpanch of,Ramsoo,Sujmatna-A,V,Bawa-B,ward,ST Woman,ST,1,all_seats,,,,,ST Women,latin,data/jk/2016/Ramsoo.pdf,6,Ramsoo.pdf
Jammu & Kashmir,2016,halqa Panch Sarpanch of,Ramsoo,Sujmatna-A,VI,Bujla-A,ward,Other than Woman,NONE,0,all_seats,,,,,Open,latin,data/jk/2016/Ramsoo.pdf,6,Ramsoo.pdf
Jammu & Kashmir,2016,halqa Panch Sarpanch of,Ramsoo,Sujmatna-A,VII,Buzla-B,ward,Other than Woman,NONE,0,all_seats,,,,,Open,latin,data/jk/2016/Ramsoo.pdf,6,Ramsoo.pdf
Jammu & Kashmir,2016,halqa Panch Sarpanch of,Ramsoo,Sujmatna-A,VIII,Buzla-C,ward,Woman,NONE,1,all_seats,,,,,Women,latin,data/jk/2016/Ramsoo.pdf,6,Ramsoo.pdf
Jammu & Kashmir,2016,Ramban,Ramsoo,Trigam Lower-A,I,Ahama Lower,ward,Other than Woman,NONE,0,all_seats,,,,,Open,latin,data/jk/2016/Ramsoo.pdf,7,Ramsoo.pdf
Jammu & Kashmir,2016,Ramban,Ramsoo,Trigam Lower-A,II,Ahama Upper,ward,Woman,NONE,1,all_seats,,,,,Women,latin,data/jk/2016/Ramsoo.pdf,7,Ramsoo.pdf
Jammu & Kashmir,2016,Ramban,Ramsoo,Trigam Lower-A,III,Ara,ward,Other than Woman,NONE,0,all_seats,,,,,Open,latin,data/jk/2016/Ramsoo.pdf,7,Ramsoo.pdf
Jammu & Kashmir,2016,Ramban,Ramsoo,Trigam Lower-A,IV,Agnari,ward,ST Other than Woman,ST,0,all_seats,,,,,ST,latin,data/jk/2016/Ramsoo.pdf,7,Ramsoo.pdf
Jammu & Kashmir,2016,Ramban,Ramsoo,Trigam Lower-A,V,Trangan-A,ward,Woman,NONE,1,all_seats,,,,,Women,latin,data/jk/2016/Ramsoo.pdf,7,Ramsoo.pdf
Jammu & Kashmir,2016,Ramban,Ramsoo,Trigam Lower-A,VI,Trangan-B,ward,Other than Woman,NONE,0,all_seats,,,,,Open,latin,data/jk/2016/Ramsoo.pdf,7,Ramsoo.pdf
Jammu & Kashmir,2016,Ramban,Ramsoo,Trigam Lower-B,I,Kumla,ward,Other than Woman,NONE,0,all_seats,,,,,Open,latin,data/jk/2016/Ramsoo.pdf,7,Ramsoo.pdf
Jammu & Kashmir,2016,Ramban,Ramsoo,Trigam Lower-B,II,Gong,ward,Woman,NONE,1,all_seats,,,,,Women,latin,data/jk/2016/Ramsoo.pdf,7,Ramsoo.pdf
Jammu & Kashmir,2016,Ramban,Ramsoo,Trigam Lower-B,III,Aarhala,ward,Other than Woman,NONE,0,all_seats,,,,,Open,latin,data/jk/2016/Ramsoo.pdf,7,Ramsoo.pdf
Jammu & Kashmir,2016,Ramban,Ramsoo,Trigam Lower-B,IV,Wagan,ward,Other than Woman,NONE,0,all_seats,,,,,Open,latin,data/jk/2016/Ramsoo.pdf,7,Ramsoo.pdf
Jammu & Kashmir,2016,Ramban,Ramsoo,Trigam Lower-B,V,Patnallah,ward,Woman,NONE,1,all_seats,,,,,Women,latin,data/jk/2016/Ramsoo.pdf,7,Ramsoo.pdf
Jammu & Kashmir,2016,Ramban,Ramsoo,Trigam Lower-B,VI,Chirwari,ward,Other than Woman,NONE,0,all_seats,,,,,Open,latin,data/jk/2016/Ramsoo.pdf,7,Ramsoo.pdf
Jammu & Kashmir,2016,Ramban,Ukhral,Alanbass-A,I,Bass,ward,Other than Woman,NONE,0,all_seats,0,0,231,231,Open,latin,data/jk/2016/Ukhral.pdf,1,Ukhral.pdf
Jammu & Kashmir,2016,Ramban,Ukhral,Alanbass-A,II,Chanbass,ward,Woman,NONE,1,all_seats,0,0,265,265,Women,latin,data/jk/2016/Ukhral.pdf,1,Ukhral.pdf
Jammu & Kashmir,2016,Ramban,Ukhral,Alanbass-A,III,Thatigam,ward,Other than Woman,NONE,0,all_seats,0,0,351,351,Open,latin,data/jk/2016/Ukhral.pdf,1,Ukhral.pdf
Jammu & Kashmir,2016,Ramban,Ukhral,Alanbass-A,IV,Jhangra,ward,Other than Woman,NONE,0,all_seats,0,0,127,127,Open,latin,data/jk/2016/Ukhral.pdf,1,Ukhral.pdf
Jammu & Kashmir,2016,Ramban,Ukhral,Alanbass-A,V,Nagantra,ward,Woman,NONE,1,all_seats,0,0,197,197,Women,latin,data/jk/2016/Ukhral.pdf,1,Ukhral.pdf
Jammu & Kashmir,2016,Ramban,Ukhral,Alanbass-A,VI,Gamsool,ward,Other than Woman,NONE,0,all_seats,0,0,444,444,Open,latin,data/jk/2016/Ukhral.pdf,1,Ukhral.pdf
Jammu & Kashmir,2016,Ramban,Ukhral,Alanbass-B,I,Kasloos,ward,Other than Woman,NONE,0,all_seats,0,0,127,127,Open,latin,data/jk/2016/Ukhral.pdf,1,Ukhral.pdf
Jammu & Kashmir,2016,Ramban,Ukhral,Alanbass-B,II,Harsool,ward,Woman,NONE,1,all_seats,0,0,85,85,Women,latin,data/jk/2016/Ukhral.pdf,1,Ukhral.pdf
Jammu & Kashmir,2016,Ramban,Ukhral,Alanbass-B,III,Om nager,ward,Other than Woman,NONE,0,all_seats,0,0,310,310,Open,latin,data/jk/2016/Ukhral.pdf,1,Ukhral.pdf
Jammu & Kashmir,2016,Ramban,Ukhral,Alanbass-B,IV,Upper Muthlal,ward,Other than Woman,NONE,0,all_seats,0,0,124,124,Open,latin,data/jk/2016/Ukhral.pdf,1,Ukhral.pdf
Jammu & Kashmir,2016,Ramban,Ukhral,Alanbass-B,V,Trag,ward,Woman,NONE,1,all_seats,0,0,157,157,Women,latin,data/jk/2016/Ukhral.pdf,1,Ukhral.pdf
Jammu & Kashmir,2016,Ramban,Ukhral,Alanbass-B,VI,Bhatti,ward,Other than Woman,NONE,0,all_seats,0,0,218,218,Open,latin,data/jk/2016/Ukhral.pdf,1,Ukhral.pdf
Jammu & Kashmir,2016,Ramban,Ukhral,Bhangara,I,Gugnihal,ward,Other than Woman,NONE,0,all_seats,0,127,293,420,Open,latin,data/jk/2016/Ukhral.pdf,1,Ukhral.pdf
Jammu & Kashmir,2016,Ramban,Ukhral,Bhangara,II,Chamal,ward,ST Woman,ST,1,all_seats,0,461,0,461,ST Women,latin,data/jk/2016/Ukhral.pdf,1,Ukhral.pdf
Jammu & Kashmir,2016,Ramban,Ukhral,Bhangara,III,Mirpura,ward,Other than Woman,NONE,0,all_seats,0,31,131,162,Open,latin,data/jk/2016/Ukhral.pdf,1,Ukhral.pdf
Jammu & Kashmir,2016,Ramban,Ukhral,Bhangara,IV,Bass,ward,Other than Woman,NONE,0,all_seats,0,82,325,407,Open,latin,data/jk/2016/Ukhral.pdf,1,Ukhral.pdf
Jammu & Kashmir,2016,Ramban,Ukhral,Bhangara,V,Bagyan,ward,Woman,NONE,1,all_seats,0,27,379,407,Women,latin,data/jk/2016/Ukhral.pdf,1,Ukhral.pdf
Jammu & Kashmir,2016,Ramban,Ukhral,Bhangara,VI,Prakar,ward,Other than Woman,NONE,0,all_seats,0,90,292,382,Open,latin,data/jk/2016/Ukhral.pdf,1,Ukhral.pdf
Jammu & Kashmir,2016,Ramban,Ukhral,Bhangara,VII,Nowgam upper,ward,ST Other than Woman,ST,0,all_seats,0,270,0,270,ST,latin,data/jk/2016/Ukhral.pdf,1,Ukhral.pdf
Jammu & Kashmir,2016,Ramban,Ukhral,Bhangara,VIII,Nowgam Lower,ward,ST Woman,ST,1,all_seats,0,288,0,288,ST Women,latin,data/jk/2016/Ukhral.pdf,1,Ukhral.pdf
Jammu & Kashmir,2016,halqa Sarpanch of,Ukhral,Bhangara,III,Pinglogu,ward,Other than Woman,NONE,0,all_seats,,,,,Open,latin,data/jk/2016/Ukhral.pdf,2,Ukhral.pdf
Jammu & Kashmir,2016,halqa Sarpanch of,Ukhral,Bhangara,IV,Basan,ward,Other than Woman,NONE,0,all_seats,,,,,Open,latin,data/jk/2016/Ukhral.pdf,2,Ukhral.pdf
Jammu & Kashmir,2016,halqa Sarpanch of,Ukhral,Bhangara,V,Marlab,ward,Woman,NONE,1,all_seats,,,,,Women,latin,data/jk/2016/Ukhral.pdf,2,Ukhral.pdf
Jammu & Kashmir,2016,halqa Sarpanch of,Ukhral,Bhangara,VI,Hochak,ward,Other than Woman,NONE,0,all_seats,,,,,Open,latin,data/jk/2016/Ukhral.pdf,2,Ukhral.pdf
Jammu & Kashmir,2016,halqa Sarpanch of,Ukhral,Bhangara,VII,Guratee,ward,Other than Woman,NONE,0,all_seats,,,,,Open,latin,data/jk/2016/Ukhral.pdf,2,Ukhral.pdf
Jammu & Kashmir,2016,halqa Sarpanch of,Ukhral,Bhangara,VIII,Hantnihal,ward,Woman,NONE,1,all_seats,,,,,Women,latin,data/jk/2016/Ukhral.pdf,2,Ukhral.pdf
Jammu & Kashmir,2016,Ramban,Ukhral,Maligam-A,I,Panla upper,ward,Other than Woman,NONE,0,all_seats,,,,,Open,latin,data/jk/2016/Ukhral.pdf,2,Ukhral.pdf
Jammu & Kashmir,2016,Ramban,Ukhral,Maligam-A,II,Panla lower,ward,Woman,NONE,1,all_seats,,,,,Women,latin,data/jk/2016/Ukhral.pdf,2,Ukhral.pdf
Jammu & Kashmir,2016,Ramban,Ukhral,Maligam-A,III,"Ghratali,",ward,Other than Woman,NONE,0,all_seats,,,,,Open,latin,data/jk/2016/Ukhral.pdf,2,Ukhral.pdf
Jammu & Kashmir,2016,Ramban,Ukhral,Maligam-A,IV,Marlan,ward,Other than Woman,NONE,0,all_seats,,,,,Open,latin,data/jk/2016/Ukhral.pdf,2,Ukhral.pdf
Jammu & Kashmir,2016,Ramban,Ukhral,Maligam-A,V,Bass,ward,Woman,NONE,1,all_seats,,,,,Women,latin,data/jk/2016/Ukhral.pdf,2,Ukhral.pdf
Jammu & Kashmir,2016,Ramban,Ukhral,Maligam-A,VI,Hallah,ward,Other than Woman,NONE,0,all_seats,,,,,Open,latin,data/jk/2016/Ukhral.pdf,2,Ukhral.pdf
Jammu & Kashmir,2016,Ramban,Ukhral,Maligam-A,VII,Gohallah upper,ward,Other than Woman,NONE,0,all_seats,,,,,Open,latin,data/jk/2016/Ukhral.pdf,2,Ukhral.pdf
Jammu & Kashmir,2016,Ramban,Ukhral,Maligam-A,VIII,Gohallah lower,ward,Woman,NONE,1,all_seats,,,,,Women,latin,data/jk/2016/Ukhral.pdf,2,Ukhral.pdf
Jammu & Kashmir,2016,halqa Sarpanch of,Ukhral,Maligam-A,III,Mundakhal,ward,ST Other than Woman,ST,0,all_seats,,,,,ST,latin,data/jk/2016/Ukhral.pdf,3,Ukhral.pdf
Jammu & Kashmir,2016,halqa Sarpanch of,Ukhral,Maligam-A,IV,Kakrhal,ward,Other than Woman,NONE,0,all_seats,,,,,Open,latin,data/jk/2016/Ukhral.pdf,3,Ukhral.pdf
Jammu & Kashmir,2016,halqa Sarpanch of,Ukhral,Maligam-A,V,Thanna,ward,Woman,NONE,1,all_seats,,,,,Women,latin,data/jk/2016/Ukhral.pdf,3,Ukhral.pdf
Jammu & Kashmir,2016,halqa Sarpanch of,Ukhral,Maligam-A,VI,Chipkini,ward,Other than Woman,NONE,0,all_seats,,,,,Open,latin,data/jk/2016/Ukhral.pdf,3,Ukhral.pdf
Jammu & Kashmir,2016,Ramban,Ukhral,Panchal-A,I,Panchal,ward,Other than Woman,NONE,0,all_seats,,,,,Open,latin,data/jk/2016/Ukhral.pdf,3,Ukhral.pdf
Jammu & Kashmir,2016,Ramban,Ukhral,Panchal-A,II,Kunchi,ward,Woman,NONE,1,all_seats,,,,,Women,latin,data/jk/2016/Ukhral.pdf,3,Ukhral.pdf
Jammu & Kashmir,2016,Ramban,Ukhral,Panchal-A,III,Bernihal,ward,Other than Woman,NONE,0,all_seats,,,,,Open,latin,data/jk/2016/Ukhral.pdf,3,Ukhral.pdf
Jammu & Kashmir,2016,Ramban,Ukhral,Panchal-A,IV,Ukhral,ward,Other than Woman,NONE,0,all_seats,,,,,Open,latin,data/jk/2016/Ukhral.pdf,3,Ukhral.pdf
Jammu & Kashmir,2016,Ramban,Ukhral,Panchal-A,V,Hunga,ward,Woman,NONE,1,all_seats,,,,,Women,latin,data/jk/2016/Ukhral.pdf,3,Ukhral.pdf
Jammu & Kashmir,2016,Ramban,Ukhral,Panchal-A,VI,Chhapran,ward,Other than Woman,NONE,0,all_seats,,,,,Open,latin,data/jk/2016/Ukhral.pdf,3,Ukhral.pdf
Jammu & Kashmir,2016,Ramban,Ukhral,Panchal-B,I,Barthyal,ward,Other than Woman,NONE,0,all_seats,,,,,Open,latin,data/jk/2016/Ukhral.pdf,3,Ukhral.pdf
Jammu & Kashmir,2016,Ramban,Ukhral,Panchal-B,II,Pasnowg,ward,Woman,NONE,1,all_seats,,,,,Women,latin,data/jk/2016/Ukhral.pdf,3,Ukhral.pdf
Jammu & Kashmir,2016,Ramban,Ukhral,Panchal-B,III,Tulhal,ward,Other than Woman,NONE,0,all_seats,,,,,Open,latin,data/jk/2016/Ukhral.pdf,3,Ukhral.pdf
Jammu & Kashmir,2016,Ramban,Ukhral,Panchal-B,IV,Bimnihal,ward,Other than Woman,NONE,0,all_seats,,,,,Open,latin,data/jk/2016/Ukhral.pdf,3,Ukhral.pdf
Jammu & Kashmir,2016,Ramban,Ukhral,Panchal-B,V,Ochra,ward,Woman,NONE,1,all_seats,,,,,Women,latin,data/jk/2016/Ukhral.pdf,3,Ukhral.pdf
Jammu & Kashmir,2016,Ramban,Ukhral,Panchal-B,VI,Bass,ward,Other than Woman,NONE,0,all_seats,,,,,Open,latin,data/jk/2016/Ukhral.pdf,3,Ukhral.pdf
Jammu & Kashmir,2016,halqa Sarpanch of,Ukhral,Panchal-B,III,Bass Bhatti,ward,Other than Woman,NONE,0,all_seats,,,,,Open,latin,data/jk/2016/Ukhral.pdf,4,Ukhral.pdf
Jammu & Kashmir,2016,halqa Sarpanch of,Ukhral,Panchal-B,IV,Dadwan,ward,Other than Woman,NONE,0,all_seats,,,,,Open,latin,data/jk/2016/Ukhral.pdf,4,Ukhral.pdf
Jammu & Kashmir,2016,halqa Sarpanch of,Ukhral,Panchal-B,V,Kralbass,ward,Woman,NONE,1,all_seats,,,,,Women,latin,data/jk/2016/Ukhral.pdf,4,Ukhral.pdf
Jammu & Kashmir,2016,halqa Sarpanch of,Ukhral,Panchal-B,VI,Paristan,ward,Other than Woman,NONE,0,all_seats,,,,,Open,latin,data/jk/2016/Ukhral.pdf,4,Ukhral.pdf
Jammu & Kashmir,2016,halqa Sarpanch of,Ukhral,Panchal-B,VII,Ramla,ward,Other than Woman,NONE,0,all_seats,,,,,Open,latin,data/jk/2016/Ukhral.pdf,4,Ukhral.pdf
Jammu & Kashmir,2016,halqa Sarpanch of,Ukhral,Panchal-B,VIII,Halla,ward,Woman,NONE,1,all_seats,,,,,Women,latin,data/jk/2016/Ukhral.pdf,4,Ukhral.pdf
Jammu & Kashmir,2016,Ramban,Ukhral,Phagmulla,I,Batroo-A,ward,ST Other than Woman,ST,0,all_seats,,,,,ST,latin,data/jk/2016/Ukhral.pdf,4,Ukhral.pdf
Jammu & Kashmir,2016,Ramban,Ukhral,Phagmulla,II,Batroo-B,ward,ST Woman,ST,1,all_seats,,,,,ST Women,latin,data/jk/2016/Ukhral.pdf,4,Ukhral.pdf
Jammu & Kashmir,2016,Ramban,Ukhral,Phagmulla,III,Phagmulla lower,ward,Other than Woman,NONE,0,all_seats,,,,,Open,latin,data/jk/2016/Ukhral.pdf,4,Ukhral.pdf
Jammu & Kashmir,2016,Ramban,Ukhral,Phagmulla,IV,Kundhal-A,ward,Other than Woman,NONE,0,all_seats,,,,,Open,latin,data/jk/2016/Ukhral.pdf,4,Ukhral.pdf
Jammu & Kashmir,2016,Ramban,Ukhral,Phagmulla,V,Kundhal-B,ward,Woman,NONE,1,all_seats,,,,,Women,latin,data/jk/2016/Ukhral.pdf,4,Ukhral.pdf
Jammu & Kashmir,2016,Ramban,Ukhral,Phagmulla,VI,Phagmullah upper,ward,Other than Woman,NONE,0,all_seats,,,,,Open,latin,data/jk/2016/Ukhral.pdf,4,Ukhral.pdf
Jammu & Kashmir,2016,Ramban,Ukhral,Pogal Lower,I,Adhal,ward,Other than Woman,NONE,0,all_seats,,,,,Open,latin,data/jk/2016/Ukhral.pdf,4,Ukhral.pdf
Jammu & Kashmir,2016,Ramban,Ukhral,Pogal Lower,II,Noora Lower,ward,Woman,NONE,1,all_seats,,,,,Women,latin,data/jk/2016/Ukhral.pdf,4,Ukhral.pdf
Jammu & Kashmir,2016,Ramban,Ukhral,Pogal Lower,III,Noora Upper,ward,Other than Woman,NONE,0,all_seats,,,,,Open,latin,data/jk/2016/Ukhral.pdf,4,Ukhral.pdf
Jammu & Kashmir,2016,Ramban,Ukhral,Pogal Lower,IV,Khan pura,ward,Other than Woman,NONE,0,all_seats,,,,,Open,latin,data/jk/2016/Ukhral.pdf,4,Ukhral.pdf
Jammu & Kashmir,2016,Ramban,Ukhral,Pogal Lower,V,Kote Lower,ward,Woman,NONE,1,all_seats,,,,,Women,latin,data/jk/2016/Ukhral.pdf,4,Ukhral.pdf
Jammu & Kashmir,2016,Ramban,Ukhral,Pogal Lower,VI,Kote Upper,ward,Other than Woman,NONE,0,all_seats,,,,,Open,latin,data/jk/2016/Ukhral.pdf,4,Ukhral.pdf
Jammu & Kashmir,2016,Ramban,Ukhral,Pogal Lower,VII,Khawrihall upper,ward,Other than Woman,NONE,0,all_seats,,,,,Open,latin,data/jk/2016/Ukhral.pdf,4,Ukhral.pdf
Jammu & Kashmir,2016,Ramban,Ukhral,Pogal Lower,VIII,Khawrihal Lower,ward,Woman,NONE,1,all_seats,,,,,Women,latin,data/jk/2016/Ukhral.pdf,4,Ukhral.pdf
Jammu & Kashmir,2016,halqa Sarpanch of,Ukhral,Pogal Lower,III,Imnari,ward,Other than Woman,NONE,0,all_seats,,,,,Open,latin,data/jk/2016/Ukhral.pdf,5,Ukhral.pdf
Jammu & Kashmir,2016,halqa Sarpanch of,Ukhral,Pogal Lower,IV,Kharwan,ward,Other than Woman,NONE,0,all_seats,,,,,Open,latin,data/jk/2016/Ukhral.pdf,5,Ukhral.pdf
Jammu & Kashmir,2016,halqa Sarpanch of,Ukhral,Pogal Lower,V,Trigam,ward,Woman,NONE,1,all_seats,,,,,Women,latin,data/jk/2016/Ukhral.pdf,5,Ukhral.pdf
Jammu & Kashmir,2016,halqa Sarpanch of,Ukhral,Pogal Lower,VI,Pogal,ward,Other than Woman,NONE,0,all_seats,,,,,Open,latin,data/jk/2016/Ukhral.pdf,5,Ukhral.pdf
Jammu & Kashmir,2016,Ramban,Ukhral,Sena Bhatti- A,I,Sena Bhatti-A,ward,Other than Woman,NONE,0,all_seats,,,,,Open,latin,data/jk/2016/Ukhral.pdf,5,Ukhral.pdf
Jammu & Kashmir,2016,Ramban,Ukhral,Sena Bhatti- A,II,Sena Bhatti-B,ward,Woman,NONE,1,all_seats,,,,,Women,latin,data/jk/2016/Ukhral.pdf,5,Ukhral.pdf
Jammu & Kashmir,2016,Ramban,Ukhral,Sena Bhatti- A,III,Chetlan Bass,ward,Other than Woman,NONE,0,all_seats,,,,,Open,latin,data/jk/2016/Ukhral.pdf,5,Ukhral.pdf
Jammu & Kashmir,2016,Ramban,Ukhral,Sena Bhatti- A,IV,Thatha Upper,ward,Other than Woman,NONE,0,all_seats,,,,,Open,latin,data/jk/2016/Ukhral.pdf,5,Ukhral.pdf
Jammu & Kashmir,2016,Ramban,Ukhral,Sena Bhatti- A,V,Thath Lower,ward,Woman,NONE,1,all_seats,,,,,Women,latin,data/jk/2016/Ukhral.pdf,5,Ukhral.pdf
Jammu & Kashmir,2016,Ramban,Ukhral,Sena Bhatti- A,VI,Dhar,ward,Other than Woman,NONE,0,all_seats,,,,,Open,latin,data/jk/2016/Ukhral.pdf,5,Ukhral.pdf
Jammu & Kashmir,2016,RRaammbbaann,Ukhral,SSeennaa BBhhaattttii-- BB,I,Sena Bhati,ward,Other than Woman,NONE,0,all_seats,,,,,Open,latin,data/jk/2016/Ukhral.pdf,5,Ukhral.pdf
Jammu & Kashmir,2016,RRaammbbaann,Ukhral,SSeennaa BBhhaattttii-- BB,II,Gujrarah Lower,ward,ST Woman,ST,1,all_seats,,,,,ST Women,latin,data/jk/2016/Ukhral.pdf,5,Ukhral.pdf
Jammu & Kashmir,2016,RRaammbbaann,Ukhral,SSeennaa BBhhaattttii-- BB,III,Gujrarah Upper,ward,Other than Woman,NONE,0,all_seats,,,,,Open,latin,data/jk/2016/Ukhral.pdf,5,Ukhral.pdf
Jammu & Kashmir,2016,RRaammbbaann,Ukhral,SSeennaa BBhhaattttii-- BB,IV,Cheveli,ward,Other than Woman,NONE,0,all_seats,,,,,Open,latin,data/jk/2016/Ukhral.pdf,5,Ukhral.pdf
Jammu & Kashmir,2016,RRaammbbaann,Ukhral,SSeennaa BBhhaattttii-- BB,V,Chunthon Lower,ward,Woman,NONE,1,all_seats,,,,,Women,latin,data/jk/2016/Ukhral.pdf,5,Ukhral.pdf
Jammu & Kashmir,2016,RRaammbbaann,Ukhral,SSeennaa BBhhaattttii-- BB,VI,Chunthon Upper,ward,Other than Woman,NONE,0,all_seats,,,,,Open,latin,data/jk/2016/Ukhral.pdf,5,Ukhral.pdf
