state,year,district,block,seat_no,seat_id_printed,tier,tier_local,reservation,caste_reservation,woman_reserved,reservation_raw,printings_agree,script,source_path,source_page
West Bengal,2018,Cooch Behar,Mekhliganj,1,Mekhliganj/ZP-1,zp_member,zilla parishad member,Woman,NONE,1,WOMEN,,latin,data/wb/2018/1671-SEC-Gazette Notification-Delimitation and reservation-Cooch Behar.pdf,1
West Bengal,2018,Cooch Behar,Mekhliganj,2,Mekhliganj/ZP-2,zp_member,zilla parishad member,Woman,NONE,1,WOMEN,,latin,data/wb/2018/1671-SEC-Gazette Notification-Delimitation and reservation-Cooch Behar.pdf,1
West Bengal,2018,Cooch Behar,Haldibari,3,Haldibari/ZP-3,zp_member,zilla parishad member,Woman,NONE,1,WOMEN,,latin,data/wb/2018/1671-SEC-Gazette Notification-Delimitation and reservation-Cooch Behar.pdf,2
West Bengal,2018,Cooch Behar,Haldibari,4,Haldibari/ZP-4,zp_member,zilla parishad member,SC Other than Woman,SC,0,SC,,latin,data/wb/2018/1671-SEC-Gazette Notification-Delimitation and reservation-Cooch Behar.pdf,2
West Bengal,2018,Cooch Behar,Mathabhanga-II,5,Mathabhanga-II/ZP-5,zp_member,zilla parishad member,SC Woman,SC,1,SC WOMEN,,latin,data/wb/2018/1671-SEC-Gazette Notification-Delimitation and reservation-Cooch Behar.pdf,2
West Bengal,2018,Cooch Behar,Mathabhanga-II,6,Mathabhanga-II/ZP-6,zp_member,zilla parishad member,SC Other than Woman,SC,0,SC,,latin,data/wb/2018/1671-SEC-Gazette Notification-Delimitation and reservation-Cooch Behar.pdf,2
West Bengal,2018,Cooch Behar,Mathabhanga-II,7,Mathabhanga-II/ZP-7,zp_member,zilla parishad member,Woman,NONE,1,WOMEN,,latin,data/wb/2018/1671-SEC-Gazette Notification-Delimitation and reservation-Cooch Behar.pdf,2
West Bengal,2018,Cooch Behar,Mathabhanga-I,8,Mathabhanga-I/ZP-8,zp_member,zilla parishad member,SC Woman,SC,1,SC WOMEN,,latin,data/wb/2018/1671-SEC-Gazette Notification-Delimitation and reservation-Cooch Behar.pdf,2
West Bengal,2018,Cooch Behar,Mathabhanga-I,9,Mathabhanga-I/ZP-9,zp_member,zilla parishad member,SC Other than Woman,SC,0,SC,,latin,data/wb/2018/1671-SEC-Gazette Notification-Delimitation and reservation-Cooch Behar.pdf,2
West Bengal,2018,Cooch Behar,Mathabhanga-I,10,Mathabhanga-I/ZP-10,zp_member,zilla parishad member,SC Woman,SC,1,SC WOMEN,,latin,data/wb/2018/1671-SEC-Gazette Notification-Delimitation and reservation-Cooch Behar.pdf,2
West Bengal,2018,Cooch Behar,Cooch Behar-II,11,Cooch Behar-II/ZP-11,zp_member,zilla parishad member,Woman,NONE,1,WOMEN,,latin,data/wb/2018/1671-SEC-Gazette Notification-Delimitation and reservation-Cooch Behar.pdf,2
West Bengal,2018,Cooch Behar,Cooch Behar-II,12,Cooch Behar-II/ZP-12,zp_member,zilla parishad member,SC Other than Woman,SC,0,SC,,latin,data/wb/2018/1671-SEC-Gazette Notification-Delimitation and reservation-Cooch Behar.pdf,2
West Bengal,2018,Cooch Behar,Cooch Behar-II,13,Cooch Behar-II/ZP-13,zp_member,zilla parishad member,Other than Woman,NONE,0,,,latin,data/wb/2018/1671-SEC-Gazette Notification-Delimitation and reservation-Cooch Behar.pdf,2
West Bengal,2018,Cooch Behar,Cooch Behar-I,14,Cooch Behar-I/ZP-14,zp_member,zilla parishad member,Other than Woman,NONE,0,,,latin,data/wb/2018/1671-SEC-Gazette Notification-Delimitation and reservation-Cooch Behar.pdf,2
West Bengal,2018,Cooch Behar,Cooch Behar-I,15,Cooch Behar-I/ZP-15,zp_member,zilla parishad member,Other than Woman,NONE,0,,,latin,data/wb/2018/1671-SEC-Gazette Notification-Delimitation and reservation-Cooch Behar.pdf,2
West Bengal,2018,Cooch Behar,Cooch Behar-I,16,Cooch Behar-I/ZP-16,zp_member,zilla parishad member,Other than Woman,NONE,0,,,latin,data/wb/2018/1671-SEC-Gazette Notification-Delimitation and reservation-Cooch Behar.pdf,2
West Bengal,2018,Cooch Behar,Sitalkuchi,17,Sitalkuchi/ZP-17,zp_member,zilla parishad member,SC Woman,SC,1,SC WOMEN,,latin,data/wb/2018/1671-SEC-Gazette Notification-Delimitation and reservation-Cooch Behar.pdf,3
West Bengal,2018,Cooch Behar,Sitalkuchi,18,Sitalkuchi/ZP-18,zp_member,zilla parishad member,Woman,NONE,1,WOMEN,,latin,data/wb/2018/1671-SEC-Gazette Notification-Delimitation and reservation-Cooch Behar.pdf,3
West Bengal,2018,Cooch Behar,Sitalkuchi,19,Sitalkuchi/ZP-19,zp_member,zilla parishad member,SC Other than Woman,SC,0,SC,,latin,data/wb/2018/1671-SEC-Gazette Notification-Delimitation and reservation-Cooch Behar.pdf,3
West Bengal,2018,Cooch Behar,Sitai,20,Sitai/ZP-20,zp_member,zilla parishad member,Other than Woman,NONE,0,,,latin,data/wb/2018/1671-SEC-Gazette Notification-Delimitation and reservation-Cooch Behar.pdf,3
West Bengal,2018,Cooch Behar,Sitai,21,Sitai/ZP-21,zp_member,zilla parishad member,SC Woman,SC,1,SC WOMEN,,latin,data/wb/2018/1671-SEC-Gazette Notification-Delimitation and reservation-Cooch Behar.pdf,3
West Bengal,2018,Cooch Behar,Dinhata-I,22,Dinhata-I/ZP-22,zp_member,zilla parishad member,Woman,NONE,1,WOMEN,,latin,data/wb/2018/1671-SEC-Gazette Notification-Delimitation and reservation-Cooch Behar.pdf,3
West Bengal,2018,Cooch Behar,Dinhata-I,23,Dinhata-I/ZP-23,zp_member,zilla parishad member,SC Other than Woman,SC,0,SC,,latin,data/wb/2018/1671-SEC-Gazette Notification-Delimitation and reservation-Cooch Behar.pdf,3
West Bengal,2018,Cooch Behar,Dinhata-I,24,Dinhata-I/ZP-24,zp_member,zilla parishad member,Other than Woman,NONE,0,,,latin,data/wb/2018/1671-SEC-Gazette Notification-Delimitation and reservation-Cooch Behar.pdf,3
West Bengal,2018,Cooch Behar,Dinhata-II,25,Dinhata-II/ZP-25,zp_member,zilla parishad member,Woman,NONE,1,WOMEN,,latin,data/wb/2018/1671-SEC-Gazette Notification-Delimitation and reservation-Cooch Behar.pdf,3
West Bengal,2018,Cooch Behar,Dinhata-II,26,Dinhata-II/ZP-26,zp_member,zilla parishad member,SC Woman,SC,1,SC WOMEN,,latin,data/wb/2018/1671-SEC-Gazette Notification-Delimitation and reservation-Cooch Behar.pdf,3
West Bengal,2018,Cooch Behar,Dinhata-II,27,Dinhata-II/ZP-27,zp_member,zilla parishad member,Other than Woman,NONE,0,,,latin,data/wb/2018/1671-SEC-Gazette Notification-Delimitation and reservation-Cooch Behar.pdf,3
West Bengal,2018,Cooch Behar,Tufanganj-I,28,Tufanganj-I/ZP-28,zp_member,zilla parishad member,Other than Woman,NONE,0,,,latin,data/wb/2018/1671-SEC-Gazette Notification-Delimitation and reservation-Cooch Behar.pdf,3
West Bengal,2018,Cooch Behar,Tufanganj-I,29,Tufanganj-I/ZP-29,zp_member,zilla parishad member,SC Other than Woman,SC,0,SC,,latin,data/wb/2018/1671-SEC-Gazette Notification-Delimitation and reservation-Cooch Behar.pdf,3
West Bengal,2018,Cooch Behar,Tufanganj-I,30,Tufanganj-I/ZP-30,zp_member,zilla parishad member,Other than Woman,NONE,0,,,latin,data/wb/2018/1671-SEC-Gazette Notification-Delimitation and reservation-Cooch Behar.pdf,3
West Bengal,2018,Cooch Behar,Tufanganj-II,31,Tufanganj-II/ZP-31,zp_member,zilla parishad member,SC Woman,SC,1,SC WOMEN,,latin,data/wb/2018/1671-SEC-Gazette Notification-Delimitation and reservation-Cooch Behar.pdf,4
West Bengal,2018,Cooch Behar,Tufanganj-II,32,Tufanganj-II/ZP-32,zp_member,zilla parishad member,SC Other than Woman,SC,0,SC,,latin,data/wb/2018/1671-SEC-Gazette Notification-Delimitation and reservation-Cooch Behar.pdf,4
West Bengal,2018,Cooch Behar,Tufanganj-II,33,Tufanganj-II/ZP-33,zp_member,zilla parishad member,SC Woman,SC,1,SC WOMEN,,latin,data/wb/2018/1671-SEC-Gazette Notification-Delimitation and reservation-Cooch Behar.pdf,4
West Bengal,2018,Alipurduar,Kumargram,1,Kumargram/ZP-1,zp_member,zilla parishad member,SC Other than Woman,SC,0,SC,1,latin,data/wb/2018/1672-SEC-Gazette Notification-Delimitation and reservation-Alipurduar.pdf,1
West Bengal,2018,Alipurduar,Kumargram,2,Kumargram/ZP-2,zp_member,zilla parishad member,ST Woman,ST,1,ST WOMEN,1,latin,data/wb/2018/1672-SEC-Gazette Notification-Delimitation and reservation-Alipurduar.pdf,2
West Bengal,2018,Alipurduar,Kumargram,3,Kumargram/ZP-3,zp_member,zilla parishad member,Woman,NONE,1,WOMEN,1,latin,data/wb/2018/1672-SEC-Gazette Notification-Delimitation and reservation-Alipurduar.pdf,2
West Bengal,2018,Alipurduar,Alipurduar-II,4,Alipurduar-II/ZP-4,zp_member,zilla parishad member,Other than Woman,NONE,0,,1,latin,data/wb/2018/1672-SEC-Gazette Notification-Delimitation and reservation-Alipurduar.pdf,2
West Bengal,2018,Alipurduar,Alipurduar-II,5,Alipurduar-II/ZP-5,zp_member,zilla parishad member,Woman,NONE,1,WOMEN,1,latin,data/wb/2018/1672-SEC-Gazette Notification-Delimitation and reservation-Alipurduar.pdf,2
West Bengal,2018,Alipurduar,Alipurduar-II,9,Alipurduar-II/ZP-9,zp_member,zilla parishad member,Other than Woman,NONE,0,,1,latin,data/wb/2018/1672-SEC-Gazette Notification-Delimitation and reservation-Alipurduar.pdf,2
West Bengal,2018,Alipurduar,Kalchini,6,Kalchini/ZP-6,zp_member,zilla parishad member,Woman,NONE,1,WOMEN,1,latin,data/wb/2018/1672-SEC-Gazette Notification-Delimitation and reservation-Alipurduar.pdf,2
West Bengal,2018,Alipurduar,Kalchini,7,Kalchini/ZP-7,zp_member,zilla parishad member,ST Other than Woman,ST,0,ST,1,latin,data/wb/2018/1672-SEC-Gazette Notification-Delimitation and reservation-Alipurduar.pdf,2
West Bengal,2018,Alipurduar,Kalchini,8,Kalchini/ZP-8,zp_member,zilla parishad member,Woman,NONE,1,WOMEN,1,latin,data/wb/2018/1672-SEC-Gazette Notification-Delimitation and reservation-Alipurduar.pdf,2
West Bengal,2018,Alipurduar,Alipurduar-I,10,Alipurduar-I/ZP-10,zp_member,zilla parishad member,SC Woman,SC,1,SC WOMEN,1,latin,data/wb/2018/1672-SEC-Gazette Notification-Delimitation and reservation-Alipurduar.pdf,2
West Bengal,2018,Alipurduar,Alipurduar-I,11,Alipurduar-I/ZP-11,zp_member,zilla parishad member,SC Other than Woman,SC,0,SC,1,latin,data/wb/2018/1672-SEC-Gazette Notification-Delimitation and reservation-Alipurduar.pdf,2
West Bengal,2018,Alipurduar,Alipurduar-I,12,Alipurduar-I/ZP-12,zp_member,zilla parishad member,Other than Woman,NONE,0,,1,latin,data/wb/2018/1672-SEC-Gazette Notification-Delimitation and reservation-Alipurduar.pdf,2
West Bengal,2018,Alipurduar,Falakata,13,Falakata/ZP-13,zp_member,zilla parishad member,SC Woman,SC,1,SC WOMEN,1,latin,data/wb/2018/1672-SEC-Gazette Notification-Delimitation and reservation-Alipurduar.pdf,2
West Bengal,2018,Alipurduar,Falakata,14,Falakata/ZP-14,zp_member,zilla parishad member,Woman,NONE,1,WOMEN,1,latin,data/wb/2018/1672-SEC-Gazette Notification-Delimitation and reservation-Alipurduar.pdf,2
West Bengal,2018,Alipurduar,Falakata,15,Falakata/ZP-15,zp_member,zilla parishad member,SC Other than Woman,SC,0,SC,1,latin,data/wb/2018/1672-SEC-Gazette Notification-Delimitation and reservation-Alipurduar.pdf,2
West Bengal,2018,Alipurduar,Madarihat,16,Madarihat/ZP-16,zp_member,zilla parishad member,Other than Woman,NONE,0,,1,latin,data/wb/2018/1672-SEC-Gazette Notification-Delimitation and reservation-Alipurduar.pdf,3
West Bengal,2018,Alipurduar,Madarihat,17,Madarihat/ZP-17,zp_member,zilla parishad member,ST Woman,ST,1,ST WOMEN,1,latin,data/wb/2018/1672-SEC-Gazette Notification-Delimitation and reservation-Alipurduar.pdf,3
West Bengal,2018,Alipurduar,Madarihat,18,Madarihat/ZP-18,zp_member,zilla parishad member,ST Other than Woman,ST,0,ST,0,latin,data/wb/2018/1672-SEC-Gazette Notification-Delimitation and reservation-Alipurduar.pdf,3
West Bengal,2018,Jalpaiguri,Dhupguri,1,Dhupguri/ZP-1,zp_member,zilla parishad member,ST Other than Woman,ST,0,ST,1,latin,data/wb/2018/1673-SEC-Gazette Notification-Delimitation and reservation-Jalpaiguri.pdf,1
West Bengal,2018,Jalpaiguri,Dhupguri,2,Dhupguri/ZP-2,zp_member,zilla parishad member,SC Woman,SC,1,SC WOMEN,1,latin,data/wb/2018/1673-SEC-Gazette Notification-Delimitation and reservation-Jalpaiguri.pdf,2
West Bengal,2018,Jalpaiguri,Dhupguri,3,Dhupguri/ZP-3,zp_member,zilla parishad member,SC Other than Woman,SC,0,SC,1,latin,data/wb/2018/1673-SEC-Gazette Notification-Delimitation and reservation-Jalpaiguri.pdf,2
West Bengal,2018,Jalpaiguri,Maynaguri,4,Maynaguri/ZP-4,zp_member,zilla parishad member,SC Woman,SC,1,SC WOMEN,1,latin,data/wb/2018/1673-SEC-Gazette Notification-Delimitation and reservation-Jalpaiguri.pdf,2
West Bengal,2018,Jalpaiguri,Maynaguri,5,Maynaguri/ZP-5,zp_member,zilla parishad member,Other than Woman,NONE,0,,1,latin,data/wb/2018/1673-SEC-Gazette Notification-Delimitation and reservation-Jalpaiguri.pdf,2
West Bengal,2018,Jalpaiguri,Maynaguri,6,Maynaguri/ZP-6,zp_member,zilla parishad member,SC Other than Woman,SC,0,SC,1,latin,data/wb/2018/1673-SEC-Gazette Notification-Delimitation and reservation-Jalpaiguri.pdf,2
West Bengal,2018,Jalpaiguri,Jalpaiguri Sadar,7,Jalpaiguri Sadar/ZP-7,zp_member,zilla parishad member,Woman,NONE,1,WOMEN,1,latin,data/wb/2018/1673-SEC-Gazette Notification-Delimitation and reservation-Jalpaiguri.pdf,2
West Bengal,2018,Jalpaiguri,Jalpaiguri Sadar,8,Jalpaiguri Sadar/ZP-8,zp_member,zilla parishad member,SC Woman,SC,1,SC WOMEN,1,latin,data/wb/2018/1673-SEC-Gazette Notification-Delimitation and reservation-Jalpaiguri.pdf,2
West Bengal,2018,Jalpaiguri,Jalpaiguri Sadar,9,Jalpaiguri Sadar/ZP-9,zp_member,zilla parishad member,SC Other than Woman,SC,0,SC,1,latin,data/wb/2018/1673-SEC-Gazette Notification-Delimitation and reservation-Jalpaiguri.pdf,2
West Bengal,2018,Jalpaiguri,Rajganj,10,Rajganj/ZP-10,zp_member,zilla parishad member,Other than Woman,NONE,0,,1,latin,data/wb/2018/1673-SEC-Gazette Notification-Delimitation and reservation-Jalpaiguri.pdf,2
West Bengal,2018,Jalpaiguri,Rajganj,11,Rajganj/ZP-11,zp_member,zilla parishad member,Other than Woman,NONE,0,,0,latin,data/wb/2018/1673-SEC-Gazette Notification-Delimitation and reservation-Jalpaiguri.pdf,2
West Bengal,2018,Jalpaiguri,Rajganj,12,Rajganj/ZP-12,zp_member,zilla parishad member,Other than Woman,NONE,0,,1,latin,data/wb/2018/1673-SEC-Gazette Notification-Delimitation and reservation-Jalpaiguri.pdf,2
West Bengal,2018,Jalpaiguri,MaI,13,Mal/ZP-13,zp_member,zilla parishad member,Woman,NONE,1,WOMEN,1,latin,data/wb/2018/1673-SEC-Gazette Notification-Delimitation and reservation-Jalpaiguri.pdf,3
West Bengal,2018,Jalpaiguri,MaI,14,Mal/ZP-14,zp_member,zilla parishad member,Other than Woman,NONE,0,,1,latin,data/wb/2018/1673-SEC-Gazette Notification-Delimitation and reservation-Jalpaiguri.pdf,3
West Bengal,2018,Jalpaiguri,MaI,15,Mal/ZP-15,zp_member,zilla parishad member,Woman,NONE,1,WOMEN,1,latin,data/wb/2018/1673-SEC-Gazette Notification-Delimitation and reservation-Jalpaiguri.pdf,3
West Bengal,2018,Jalpaiguri,Matiali,16,Matiali/ZP-16,zp_member,zilla parishad member,ST Woman,ST,1,ST WOMEN,1,latin,data/wb/2018/1673-SEC-Gazette Notification-Delimitation and reservation-Jalpaiguri.pdf,3
West Bengal,2018,Jalpaiguri,Matiali,17,Matiali/ZP-17,zp_member,zilla parishad member,Other than Woman,NONE,0,,1,latin,data/wb/2018/1673-SEC-Gazette Notification-Delimitation and reservation-Jalpaiguri.pdf,3
West Bengal,2018,Jalpaiguri,Nagrakata,18,Nagrakata/ZP-18,zp_member,zilla parishad member,ST Other than Woman,ST,0,ST,1,latin,data/wb/2018/1673-SEC-Gazette Notification-Delimitation and reservation-Jalpaiguri.pdf,3
West Bengal,2018,Jalpaiguri,Nagrakata,19,Nagrakata/ZP-19,zp_member,zilla parishad member,Woman,NONE,1,WOMEN,1,latin,data/wb/2018/1673-SEC-Gazette Notification-Delimitation and reservation-Jalpaiguri.pdf,3
West Bengal,2018,Uttar Dinajpur,Chopra,1,Chopra/ZP-1,zp_member,zilla parishad member,Woman,NONE,1,WOMEN,0,latin,data/wb/2018/1674-SEC-Gazette Notification-Delimitation and reservation-Uttar Dinajpur.pdf,1
West Bengal,2018,Uttar Dinajpur,Chopra,2,Chopra/ZP-2,zp_member,zilla parishad member,SC Other than Woman,SC,0,SC,1,latin,data/wb/2018/1674-SEC-Gazette Notification-Delimitation and reservation-Uttar Dinajpur.pdf,1
West Bengal,2018,Uttar Dinajpur,Chopra,3,Chopra/ZP-3,zp_member,zilla parishad member,Other than Woman,NONE,0,,1,latin,data/wb/2018/1674-SEC-Gazette Notification-Delimitation and reservation-Uttar Dinajpur.pdf,1
West Bengal,2018,Uttar Dinajpur,Islampur,4,Islampur/ZP-4,zp_member,zilla parishad member,BC Woman,BC,1,BC WOMEN,1,latin,data/wb/2018/1674-SEC-Gazette Notification-Delimitation and reservation-Uttar Dinajpur.pdf,2
West Bengal,2018,Uttar Dinajpur,Islampur,5,Islampur/ZP-5,zp_member,zilla parishad member,SC Other than Woman,SC,0,SC,1,latin,data/wb/2018/1674-SEC-Gazette Notification-Delimitation and reservation-Uttar Dinajpur.pdf,2
West Bengal,2018,Uttar Dinajpur,Islampur,6,Islampur/ZP-6,zp_member,zilla parishad member,Woman,NONE,1,WOMEN,1,latin,data/wb/2018/1674-SEC-Gazette Notification-Delimitation and reservation-Uttar Dinajpur.pdf,2
West Bengal,2018,Uttar Dinajpur,Goalpokher-I,7,Goalpokher-I/ZP-7,zp_member,zilla parishad member,SC Woman,SC,1,SC WOMEN,1,latin,data/wb/2018/1674-SEC-Gazette Notification-Delimitation and reservation-Uttar Dinajpur.pdf,2
West Bengal,2018,Uttar Dinajpur,Goalpokher-I,8,Goalpokher-I/ZP-8,zp_member,zilla parishad member,BC Other than Woman,BC,0,BC,1,latin,data/wb/2018/1674-SEC-Gazette Notification-Delimitation and reservation-Uttar Dinajpur.pdf,2
West Bengal,2018,Uttar Dinajpur,Goalpokher-I,9,Goalpokher-I/ZP-9,zp_member,zilla parishad member,BC Woman,BC,1,BC WOMEN,1,latin,data/wb/2018/1674-SEC-Gazette Notification-Delimitation and reservation-Uttar Dinajpur.pdf,2
West Bengal,2018,Uttar Dinajpur,Goalpokher-II,10,Goalpokher-II/ZP-10,zp_member,zilla parishad member,Other than Woman,NONE,0,,1,latin,data/wb/2018/1674-SEC-Gazette Notification-Delimitation and reservation-Uttar Dinajpur.pdf,2
West Bengal,2018,Uttar Dinajpur,Goalpokher-II,11,Goalpokher-II/ZP-11,zp_member,zilla parishad member,SC Other than Woman,SC,0,SC,1,latin,data/wb/2018/1674-SEC-Gazette Notification-Delimitation and reservation-Uttar Dinajpur.pdf,2
West Bengal,2018,Uttar Dinajpur,Goalpokher-II,12,Goalpokher-II/ZP-12,zp_member,zilla parishad member,Woman,NONE,1,WOMEN,1,latin,data/wb/2018/1674-SEC-Gazette Notification-Delimitation and reservation-Uttar Dinajpur.pdf,2
West Bengal,2018,Uttar Dinajpur,Karandighi,13,Karandighi/ZP-13,zp_member,zilla parishad member,Other than Woman,NONE,0,,1,latin,data/wb/2018/1674-SEC-Gazette Notification-Delimitation and reservation-Uttar Dinajpur.pdf,2
West Bengal,2018,Uttar Dinajpur,Karandighi,14,Karandighi/ZP-14,zp_member,zilla parishad member,Woman,NONE,1,WOMEN,1,latin,data/wb/2018/1674-SEC-Gazette Notification-Delimitation and reservation-Uttar Dinajpur.pdf,2
West Bengal,2018,Uttar Dinajpur,Karandighi,15,Karandighi/ZP-15,zp_member,zilla parishad member,Other than Woman,NONE,0,,1,latin,data/wb/2018/1674-SEC-Gazette Notification-Delimitation and reservation-Uttar Dinajpur.pdf,2
West Bengal,2018,Uttar Dinajpur,Hemtabad,16,Hemtabad/ZP-16,zp_member,zilla parishad member,Woman,NONE,1,WOMEN,1,latin,data/wb/2018/1674-SEC-Gazette Notification-Delimitation and reservation-Uttar Dinajpur.pdf,2
West Bengal,2018,Uttar Dinajpur,Hemtabad,17,Hemtabad/ZP-17,zp_member,zilla parishad member,SC Woman,SC,1,SC WOMEN,1,latin,data/wb/2018/1674-SEC-Gazette Notification-Delimitation and reservation-Uttar Dinajpur.pdf,2
West Bengal,2018,Uttar Dinajpur,Kaliyaganj,18,Kaliyaganj/ZP-18,zp_member,zilla parishad member,Other than Woman,NONE,0,,1,latin,data/wb/2018/1674-SEC-Gazette Notification-Delimitation and reservation-Uttar Dinajpur.pdf,3
West Bengal,2018,Uttar Dinajpur,Kaliyaganj,19,Kaliyaganj/ZP-19,zp_member,zilla parishad member,Woman,NONE,1,WOMEN,1,latin,data/wb/2018/1674-SEC-Gazette Notification-Delimitation and reservation-Uttar Dinajpur.pdf,3
West Bengal,2018,Uttar Dinajpur,Kaliyaganj,20,Kaliyaganj/ZP-20,zp_member,zilla parishad member,SC Other than Woman,SC,0,SC,1,latin,data/wb/2018/1674-SEC-Gazette Notification-Delimitation and reservation-Uttar Dinajpur.pdf,3
West Bengal,2018,Uttar Dinajpur,Raiganj,21,Raiganj/ZP-21,zp_member,zilla parishad member,Other than Woman,NONE,0,,1,latin,data/wb/2018/1674-SEC-Gazette Notification-Delimitation and reservation-Uttar Dinajpur.pdf,3
West Bengal,2018,Uttar Dinajpur,Raiganj,22,Raiganj/ZP-22,zp_member,zilla parishad member,SC Woman,SC,1,SC WOMEN,1,latin,data/wb/2018/1674-SEC-Gazette Notification-Delimitation and reservation-Uttar Dinajpur.pdf,3
West Bengal,2018,Uttar Dinajpur,Raiganj,23,Raiganj/ZP-23,zp_member,zilla parishad member,ST Other than Woman,ST,0,ST,1,latin,data/wb/2018/1674-SEC-Gazette Notification-Delimitation and reservation-Uttar Dinajpur.pdf,3
West Bengal,2018,Uttar Dinajpur,Itahar,24,Itahar/ZP-24,zp_member,zilla parishad member,BC Woman,BC,1,BC WOMEN,1,latin,data/wb/2018/1674-SEC-Gazette Notification-Delimitation and reservation-Uttar Dinajpur.pdf,3
West Bengal,2018,Uttar Dinajpur,Itahar,25,Itahar/ZP-25,zp_member,zilla parishad member,Woman,NONE,1,WOMEN,1,latin,data/wb/2018/1674-SEC-Gazette Notification-Delimitation and reservation-Uttar Dinajpur.pdf,3
West Bengal,2018,Uttar Dinajpur,Itahar,26,Itahar/ZP-26,zp_member,zilla parishad member,BC Other than Woman,BC,0,BC,0,latin,data/wb/2018/1674-SEC-Gazette Notification-Delimitation and reservation-Uttar Dinajpur.pdf,3
West Bengal,2018,Dakshin Dinajpur,Kushmandi,1,Kushmandi/ZP-1,zp_member,zilla parishad member,Woman,NONE,1,WOMEN,,latin,data/wb/2018/1675-SEC-Gazette Notification-Delimitation and reservation-Dakshin Dinajpur.pdf,1
West Bengal,2018,Dakshin Dinajpur,Kushmandi,2,Kushmandi/ZP-2,zp_member,zilla parishad member,SC Other than Woman,SC,0,SC,,latin,data/wb/2018/1675-SEC-Gazette Notification-Delimitation and reservation-Dakshin Dinajpur.pdf,1
West Bengal,2018,Dakshin Dinajpur,Gangarampur,3,Gangarampur/ZP-3,zp_member,zilla parishad member,SC Woman,SC,1,SC WOMEN,,latin,data/wb/2018/1675-SEC-Gazette Notification-Delimitation and reservation-Dakshin Dinajpur.pdf,2
West Bengal,2018,Dakshin Dinajpur,Gangarampur,4,Gangarampur/ZP-4,zp_member,zilla parishad member,SC Other than Woman,SC,0,SC,,latin,data/wb/2018/1675-SEC-Gazette Notification-Delimitation and reservation-Dakshin Dinajpur.pdf,2
West Bengal,2018,Dakshin Dinajpur,Gangarampur,5,Gangarampur/ZP-5,zp_member,zilla parishad member,Woman,NONE,1,WOMEN,,latin,data/wb/2018/1675-SEC-Gazette Notification-Delimitation and reservation-Dakshin Dinajpur.pdf,2
West Bengal,2018,Dakshin Dinajpur,Kumarganj,6,Kumarganj/ZP-6,zp_member,zilla parishad member,Other than Woman,NONE,0,,,latin,data/wb/2018/1675-SEC-Gazette Notification-Delimitation and reservation-Dakshin Dinajpur.pdf,2
West Bengal,2018,Dakshin Dinajpur,Kumarganj,7,Kumarganj/ZP-7,zp_member,zilla parishad member,SC Woman,SC,1,SC WOMEN,,latin,data/wb/2018/1675-SEC-Gazette Notification-Delimitation and reservation-Dakshin Dinajpur.pdf,2
West Bengal,2018,Dakshin Dinajpur,Balurghat,8,Balurghat/ZP-8,zp_member,zilla parishad member,Other than Woman,NONE,0,,,latin,data/wb/2018/1675-SEC-Gazette Notification-Delimitation and reservation-Dakshin Dinajpur.pdf,2
West Bengal,2018,Dakshin Dinajpur,Balurghat,9,Balurghat/ZP-9,zp_member,zilla parishad member,Woman,NONE,1,WOMEN,,latin,data/wb/2018/1675-SEC-Gazette Notification-Delimitation and reservation-Dakshin Dinajpur.pdf,2
West Bengal,2018,Dakshin Dinajpur,Balurghat,10,Balurghat/ZP-10,zp_member,zilla parishad member,Other than Woman,NONE,0,,,latin,data/wb/2018/1675-SEC-Gazette Notification-Delimitation and reservation-Dakshin Dinajpur.pdf,2
West Bengal,2018,Dakshin Dinajpur,Hili,11,Hili/ZP-11,zp_member,zilla parishad member,SC Woman,SC,1,SC WOMEN,,latin,data/wb/2018/1675-SEC-Gazette Notification-Delimitation and reservation-Dakshin Dinajpur.pdf,2
West Bengal,2018,Dakshin Dinajpur,Tapan,12,Tapan/ZP-12,zp_member,zilla parishad member,Woman,NONE,1,WOMEN,,latin,data/wb/2018/1675-SEC-Gazette Notification-Delimitation and reservation-Dakshin Dinajpur.pdf,2
West Bengal,2018,Dakshin Dinajpur,Tapan,13,Tapan/ZP-13,zp_member,zilla parishad member,Other than Woman,NONE,0,,,latin,data/wb/2018/1675-SEC-Gazette Notification-Delimitation and reservation-Dakshin Dinajpur.pdf,2
West Bengal,2018,Dakshin Dinajpur,Tapan,14,Tapan/ZP-14,zp_member,zilla parishad member,Woman,NONE,1,WOMEN,,latin,data/wb/2018/1675-SEC-Gazette Notification-Delimitation and reservation-Dakshin Dinajpur.pdf,2
West Bengal,2018,Dakshin Dinajpur,Harirampur,15,Harirampur/ZP-15,zp_member,zilla parishad member,SC Other than Woman,SC,0,SC,,latin,data/wb/2018/1675-SEC-Gazette Notification-Delimitation and reservation-Dakshin Dinajpur.pdf,2
West Bengal,2018,Dakshin Dinajpur,Harirampur,16,Harirampur/ZP-16,zp_member,zilla parishad member,ST Woman,ST,1,ST WOMEN,,latin,data/wb/2018/1675-SEC-Gazette Notification-Delimitation and reservation-Dakshin Dinajpur.pdf,2
West Bengal,2018,Dakshin Dinajpur,Banshihari,17,Banshihari/ZP-17,zp_member,zilla parishad member,Other than Woman,NONE,0,,,latin,data/wb/2018/1675-SEC-Gazette Notification-Delimitation and reservation-Dakshin Dinajpur.pdf,3
West Bengal,2018,Dakshin Dinajpur,Banshihari,18,Banshihari/ZP-18,zp_member,zilla parishad member,ST Other than Woman,ST,0,ST,,latin,data/wb/2018/1675-SEC-Gazette Notification-Delimitation and reservation-Dakshin Dinajpur.pdf,3
West Bengal,2018,Malda,Bamongola,1,Bamongola/ZP-1,zp_member,zilla parishad member,Woman,NONE,1,WOMEN,,latin,data/wb/2018/1676-SEC-Gazette Notification-Delimitation and reservation-Malda.pdf,1
West Bengal,2018,Malda,Bamongola,2,Bamongola/ZP-2,zp_member,zilla parishad member,Woman,NONE,1,WOMEN,,latin,data/wb/2018/1676-SEC-Gazette Notification-Delimitation and reservation-Malda.pdf,1
West Bengal,2018,Malda,Habibpur,3,Habibpur/ZP-3,zp_member,zilla parishad member,ST Other than Woman,ST,0,ST,,latin,data/wb/2018/1676-SEC-Gazette Notification-Delimitation and reservation-Malda.pdf,2
West Bengal,2018,Malda,Habibpur,4,Habibpur/ZP-4,zp_member,zilla parishad member,Other than Woman,NONE,0,,,latin,data/wb/2018/1676-SEC-Gazette Notification-Delimitation and reservation-Malda.pdf,2
West Bengal,2018,Malda,Habibpur,5,Habibpur/ZP-5,zp_member,zilla parishad member,Woman,NONE,1,WOMEN,,latin,data/wb/2018/1676-SEC-Gazette Notification-Delimitation and reservation-Malda.pdf,2
West Bengal,2018,Malda,Gazole,6,Gazole/ZP-6,zp_member,zilla parishad member,SC Woman,SC,1,SC WOMEN,,latin,data/wb/2018/1676-SEC-Gazette Notification-Delimitation and reservation-Malda.pdf,2
West Bengal,2018,Malda,Gazole,7,Gazole/ZP-7,zp_member,zilla parishad member,ST Other than Woman,ST,0,ST,,latin,data/wb/2018/1676-SEC-Gazette Notification-Delimitation and reservation-Malda.pdf,2
West Bengal,2018,Malda,Gazole,8,Gazole/ZP-8,zp_member,zilla parishad member,SC Woman,SC,1,SC WOMEN,,latin,data/wb/2018/1676-SEC-Gazette Notification-Delimitation and reservation-Malda.pdf,2
West Bengal,2018,Malda,Harishchandrapur-I,9,Harishchandrapur-I/ZP-9,zp_member,zilla parishad member,Other than Woman,NONE,0,,,latin,data/wb/2018/1676-SEC-Gazette Notification-Delimitation and reservation-Malda.pdf,2
West Bengal,2018,Malda,Harishchandrapur-I,10,Harishchandrapur-I/ZP-10,zp_member,zilla parishad member,SC Other than Woman,SC,0,SC,,latin,data/wb/2018/1676-SEC-Gazette Notification-Delimitation and reservation-Malda.pdf,2
West Bengal,2018,Malda,Chanchal-I,11,Chanchal-I/ZP-11,zp_member,zilla parishad member,Woman,NONE,1,WOMEN,,latin,data/wb/2018/1676-SEC-Gazette Notification-Delimitation and reservation-Malda.pdf,2
West Bengal,2018,Malda,Chanchal-I,12,Chanchal-I/ZP-12,zp_member,zilla parishad member,Other than Woman,NONE,0,,,latin,data/wb/2018/1676-SEC-Gazette Notification-Delimitation and reservation-Malda.pdf,2
West Bengal,2018,Malda,Harishchandrapur-II,13,Harishchandrapur-II/ZP-13,zp_member,zilla parishad member,BC Woman,BC,1,BC WOMEN,,latin,data/wb/2018/1676-SEC-Gazette Notification-Delimitation and reservation-Malda.pdf,2
West Bengal,2018,Malda,Harishchandrapur-II,14,Harishchandrapur-II/ZP-14,zp_member,zilla parishad member,Woman,NONE,1,WOMEN,,latin,data/wb/2018/1676-SEC-Gazette Notification-Delimitation and reservation-Malda.pdf,2
West Bengal,2018,Malda,Harishchandrapur-II,15,Harishchandrapur-II/ZP-15,zp_member,zilla parishad member,Other than Woman,NONE,0,,,latin,data/wb/2018/1676-SEC-Gazette Notification-Delimitation and reservation-Malda.pdf,2
West Bengal,2018,Malda,Chanchal-II,16,Chanchal-II/ZP-16,zp_member,zilla parishad member,BC Other than Woman,BC,0,BC,,latin,data/wb/2018/1676-SEC-Gazette Notification-Delimitation and reservation-Malda.pdf,2
West Bengal,2018,Malda,Chanchal-II,17,Chanchal-II/ZP-17,zp_member,zilla parishad member,Woman,NONE,1,WOMEN,,latin,data/wb/2018/1676-SEC-Gazette Notification-Delimitation and reservation-Malda.pdf,2
West Bengal,2018,Malda,Ratua-II,18,Ratua-II/ZP-18,zp_member,zilla parishad member,BC Woman,BC,1,BC WOMEN,,latin,data/wb/2018/1676-SEC-Gazette Notification-Delimitation and reservation-Malda.pdf,3
West Bengal,2018,Malda,Ratua-II,19,Ratua-II/ZP-19,zp_member,zilla parishad member,Other than Woman,NONE,0,,,latin,data/wb/2018/1676-SEC-Gazette Notification-Delimitation and reservation-Malda.pdf,3
West Bengal,2018,Malda,Ratua-I,20,Ratua-I/ZP-20,zp_member,zilla parishad member,SC Other than Woman,SC,0,SC,,latin,data/wb/2018/1676-SEC-Gazette Notification-Delimitation and reservation-Malda.pdf,3
West Bengal,2018,Malda,Ratua-I,21,Ratua-I/ZP-21,zp_member,zilla parishad member,BC Woman,BC,1,BC WOMEN,,latin,data/wb/2018/1676-SEC-Gazette Notification-Delimitation and reservation-Malda.pdf,3
West Bengal,2018,Malda,Ratua-I,22,Ratua-I/ZP-22,zp_member,zilla parishad member,BC Other than Woman,BC,0,BC,,latin,data/wb/2018/1676-SEC-Gazette Notification-Delimitation and reservation-Malda.pdf,3
West Bengal,2018,Malda,Manikchak,23,Manikchak/ZP-23,zp_member,zilla parishad member,Woman,NONE,1,WOMEN,,latin,data/wb/2018/1676-SEC-Gazette Notification-Delimitation and reservation-Malda.pdf,3
West Bengal,2018,Malda,Manikchak,24,Manikchak/ZP-24,zp_member,zilla parishad member,Other than Woman,NONE,0,,,latin,data/wb/2018/1676-SEC-Gazette Notification-Delimitation and reservation-Malda.pdf,3
West Bengal,2018,Malda,Manikchak,25,Manikchak/ZP-25,zp_member,zilla parishad member,BC Woman,BC,1,BC WOMEN,,latin,data/wb/2018/1676-SEC-Gazette Notification-Delimitation and reservation-Malda.pdf,3
West Bengal,2018,Malda,Englishbazar,26,Englishbazar/ZP-26,zp_member,zilla parishad member,Woman,NONE,1,WOMEN,,latin,data/wb/2018/1676-SEC-Gazette Notification-Delimitation and reservation-Malda.pdf,3
West Bengal,2018,Malda,Englishbazar,27,Englishbazar/ZP-27,zp_member,zilla parishad member,Other than Woman,NONE,0,,,latin,data/wb/2018/1676-SEC-Gazette Notification-Delimitation and reservation-Malda.pdf,3
West Bengal,2018,Malda,Englishbazar,28,Englishbazar/ZP-28,zp_member,zilla parishad member,Woman,NONE,1,WOMEN,,latin,data/wb/2018/1676-SEC-Gazette Notification-Delimitation and reservation-Malda.pdf,3
West Bengal,2018,Malda,Old Malda,29,Old Malda/ZP-29,zp_member,zilla parishad member,Other than Woman,NONE,0,,,latin,data/wb/2018/1676-SEC-Gazette Notification-Delimitation and reservation-Malda.pdf,3
West Bengal,2018,Malda,Old Malda,30,Old Malda/ZP-30,zp_member,zilla parishad member,SC Other than Woman,SC,0,SC,,latin,data/wb/2018/1676-SEC-Gazette Notification-Delimitation and reservation-Malda.pdf,3
West Bengal,2018,Malda,Kaliachak-II,31,Kaliachak-II/ZP-31,zp_member,zilla parishad member,Woman,NONE,1,WOMEN,,latin,data/wb/2018/1676-SEC-Gazette Notification-Delimitation and reservation-Malda.pdf,3
West Bengal,2018,Malda,Kaliachak-II,32,Kaliachak-II/ZP-32,zp_member,zilla parishad member,SC Woman,SC,1,SC WOMEN,,latin,data/wb/2018/1676-SEC-Gazette Notification-Delimitation and reservation-Malda.pdf,3
West Bengal,2018,Malda,Kaliachak-I,33,Kaliachak-I/ZP-33,zp_member,zilla parishad member,BC Other than Woman,BC,0,BC,,latin,data/wb/2018/1676-SEC-Gazette Notification-Delimitation and reservation-Malda.pdf,4
West Bengal,2018,Malda,Kaliachak-I,34,Kaliachak-I/ZP-34,zp_member,zilla parishad member,BC Woman,BC,1,BC WOMEN,,latin,data/wb/2018/1676-SEC-Gazette Notification-Delimitation and reservation-Malda.pdf,4
West Bengal,2018,Malda,Kaliachak-I,35,Kaliachak-I/ZP-35,zp_member,zilla parishad member,Other than Woman,NONE,0,,,latin,data/wb/2018/1676-SEC-Gazette Notification-Delimitation and reservation-Malda.pdf,4
West Bengal,2018,Malda,Kaliachak-III,36,Kaliachak-III/ZP-36,zp_member,zilla parishad member,SC Other than Woman,SC,0,SC,,latin,data/wb/2018/1676-SEC-Gazette Notification-Delimitation and reservation-Malda.pdf,4
West Bengal,2018,Malda,Kaliachak-III,37,Kaliachak-III/ZP-37,zp_member,zilla parishad member,SC Woman,SC,1,SC WOMEN,,latin,data/wb/2018/1676-SEC-Gazette Notification-Delimitation and reservation-Malda.pdf,4
West Bengal,2018,Malda,Kaliachak-III,38,Kaliachak-III/ZP-38,zp_member,zilla parishad member,SC Other than Woman,SC,0,SC,,latin,data/wb/2018/1676-SEC-Gazette Notification-Delimitation and reservation-Malda.pdf,4
West Bengal,2018,Murshidabad,Farakka,1,Farakka/ZP-1,zp_member,zilla parishad member,BC Other than Woman,BC,0,BC,,latin,data/wb/2018/1677-SEC-Gazette Notification-Delimitation and reservation-Murshidabad.pdf,1
West Bengal,2018,Murshidabad,Farakka,2,Farakka/ZP-2,zp_member,zilla parishad member,Woman,NONE,1,WOMEN,,latin,data/wb/2018/1677-SEC-Gazette Notification-Delimitation and reservation-Murshidabad.pdf,1
West Bengal,2018,Murshidabad,Farakka,3,Farakka/ZP-3,zp_member,zilla parishad member,BC Woman,BC,1,BC WOMEN,,latin,data/wb/2018/1677-SEC-Gazette Notification-Delimitation and reservation-Murshidabad.pdf,2
West Bengal,2018,Murshidabad,Samserganj,4,Samserganj/ZP-4,zp_member,zilla parishad member,BC Other than Woman,BC,0,BC,,latin,data/wb/2018/1677-SEC-Gazette Notification-Delimitation and reservation-Murshidabad.pdf,2
West Bengal,2018,Murshidabad,Samserganj,5,Samserganj/ZP-5,zp_member,zilla parishad member,BC Woman,BC,1,BC WOMEN,,latin,data/wb/2018/1677-SEC-Gazette Notification-Delimitation and reservation-Murshidabad.pdf,2
West Bengal,2018,Murshidabad,Samserganj,6,Samserganj/ZP-6,zp_member,zilla parishad member,BC Other than Woman,BC,0,BC,,latin,data/wb/2018/1677-SEC-Gazette Notification-Delimitation and reservation-Murshidabad.pdf,2
West Bengal,2018,Murshidabad,Suti-I,7,Suti - I/ZP-7,zp_member,zilla parishad member,BC Woman,BC,1,BC WOMEN,,latin,data/wb/2018/1677-SEC-Gazette Notification-Delimitation and reservation-Murshidabad.pdf,2
West Bengal,2018,Murshidabad,Suti-II,8,Suti - Il/ZP-8,zp_member,zilla parishad member,BC Other than Woman,BC,0,BC,,latin,data/wb/2018/1677-SEC-Gazette Notification-Delimitation and reservation-Murshidabad.pdf,2
West Bengal,2018,Murshidabad,Suti-II,9,Suti - II/ZP-9,zp_member,zilla parishad member,BC Woman,BC,1,BC WOMEN,,latin,data/wb/2018/1677-SEC-Gazette Notification-Delimitation and reservation-Murshidabad.pdf,2
West Bengal,2018,Murshidabad,Suti-I,10,Suti-I/ZP-10,zp_member,zilla parishad member,Other than Woman,NONE,0,,,latin,data/wb/2018/1677-SEC-Gazette Notification-Delimitation and reservation-Murshidabad.pdf,2
West Bengal,2018,Murshidabad,Suti-I,11,Suti-I/ZP-11,zp_member,zilla parishad member,BC Other than Woman,BC,0,BC,,latin,data/wb/2018/1677-SEC-Gazette Notification-Delimitation and reservation-Murshidabad.pdf,2
West Bengal,2018,Murshidabad,Raghunathganj-I,12,Raghunathganj-I/ZP-12,zp_member,zilla parishad member,SC Woman,SC,1,SC WOMEN,,latin,data/wb/2018/1677-SEC-Gazette Notification-Delimitation and reservation-Murshidabad.pdf,2
West Bengal,2018,Murshidabad,Raghunathganj-I,13,Raghunathganj-I/ZP-13,zp_member,zilla parishad member,Woman,NONE,1,WOMEN,,latin,data/wb/2018/1677-SEC-Gazette Notification-Delimitation and reservation-Murshidabad.pdf,2
West Bengal,2018,Murshidabad,Raghunathganj-II,14,Raghunathganj-II/ZP-14,zp_member,zilla parishad member,BC Other than Woman,BC,0,BC,,latin,data/wb/2018/1677-SEC-Gazette Notification-Delimitation and reservation-Murshidabad.pdf,2
West Bengal,2018,Murshidabad,Raghunathganj-II,15,Raghunathganj-II/ZP-15,zp_member,zilla parishad member,Other than Woman,NONE,0,,,latin,data/wb/2018/1677-SEC-Gazette Notification-Delimitation and reservation-Murshidabad.pdf,2
West Bengal,2018,Murshidabad,Raghunathganj-II,16,Raghunathganj-II/ZP-16,zp_member,zilla parishad member,BC Woman,BC,1,BC WOMEN,,latin,data/wb/2018/1677-SEC-Gazette Notification-Delimitation and reservation-Murshidabad.pdf,2
West Bengal,2018,Murshidabad,Lalgola,17,Lalgola/ZP-17,zp_member,zilla parishad member,BC Other than Woman,BC,0,BC,,latin,data/wb/2018/1677-SEC-Gazette Notification-Delimitation and reservation-Murshidabad.pdf,2
West Bengal,2018,Murshidabad,Lalgola,18,Lalgola/ZP-18,zp_member,zilla parishad member,Woman,NONE,1,WOMEN,,latin,data/wb/2018/1677-SEC-Gazette Notification-Delimitation and reservation-Murshidabad.pdf,2
West Bengal,2018,Murshidabad,Lalgola,19,Lalgola/ZP-19,zp_member,zilla parishad member,Woman,NONE,1,WOMEN,,latin,data/wb/2018/1677-SEC-Gazette Notification-Delimitation and reservation-Murshidabad.pdf,2
West Bengal,2018,Murshidabad,Sagardighi,20,Sagardighi/ZP-20,zp_member,zilla parishad member,SC Woman,SC,1,SC WOMEN,,latin,data/wb/2018/1677-SEC-Gazette Notification-Delimitation and reservation-Murshidabad.pdf,3
West Bengal,2018,Murshidabad,Sagardighi,21,Sagardighi/ZP-21,zp_member,zilla parishad member,Woman,NONE,1,WOMEN,,latin,data/wb/2018/1677-SEC-Gazette Notification-Delimitation and reservation-Murshidabad.pdf,3
West Bengal,2018,Murshidabad,Sagardighi,22,Sagardighi/ZP-22,zp_member,zilla parishad member,Woman,NONE,1,WOMEN,,latin,data/wb/2018/1677-SEC-Gazette Notification-Delimitation and reservation-Murshidabad.pdf,3
West Bengal,2018,Murshidabad,Bhagwangola-I,23,Bhagwangola-I/ZP-23,zp_member,zilla parishad member,Woman,NONE,1,WOMEN,,latin,data/wb/2018/1677-SEC-Gazette Notification-Delimitation and reservation-Murshidabad.pdf,3
West Bengal,2018,Murshidabad,Bhagwangola-I,24,Bhagwangola-I/ZP-24,zp_member,zilla parishad member,Woman,NONE,1,WOMEN,,latin,data/wb/2018/1677-SEC-Gazette Notification-Delimitation and reservation-Murshidabad.pdf,3
West Bengal,2018,Murshidabad,Bhagwangola-II,25,Bhagwangola-II/ZP-25,zp_member,zilla parishad member,Woman,NONE,1,WOMEN,,latin,data/wb/2018/1677-SEC-Gazette Notification-Delimitation and reservation-Murshidabad.pdf,3
West Bengal,2018,Murshidabad,Bhagwangola-II,26,Bhagwangola-II/ZP-26,zp_member,zilla parishad member,Woman,NONE,1,WOMEN,,latin,data/wb/2018/1677-SEC-Gazette Notification-Delimitation and reservation-Murshidabad.pdf,3
West Bengal,2018,Murshidabad,Raninagar-I,27,Raninagar-I/ZP-27,zp_member,zilla parishad member,Other than Woman,NONE,0,,,latin,data/wb/2018/1677-SEC-Gazette Notification-Delimitation and reservation-Murshidabad.pdf,3
West Bengal,2018,Murshidabad,Raninagar-I,28,Raninagar-I/ZP-28,zp_member,zilla parishad member,Other than Woman,NONE,0,,,latin,data/wb/2018/1677-SEC-Gazette Notification-Delimitation and reservation-Murshidabad.pdf,3
West Bengal,2018,Murshidabad,Raninagar-II,29,Raninagar-II/ZP-29,zp_member,zilla parishad member,Other than Woman,NONE,0,,,latin,data/wb/2018/1677-SEC-Gazette Notification-Delimitation and reservation-Murshidabad.pdf,3
West Bengal,2018,Murshidabad,Raninagar-II,30,Raninagar-II/ZP-30,zp_member,zilla parishad member,SC Other than Woman,SC,0,SC,,latin,data/wb/2018/1677-SEC-Gazette Notification-Delimitation and reservation-Murshidabad.pdf,3
West Bengal,2018,Murshidabad,DomkaI,31,Domkal/ZP-31,zp_member,zilla parishad member,BC Woman,BC,1,BC WOMEN,,latin,data/wb/2018/1677-SEC-Gazette Notification-Delimitation and reservation-Murshidabad.pdf,3
West Bengal,2018,Murshidabad,DomkaI,32,Domkal/ZP-32,zp_member,zilla parishad member,BC Other than Woman,BC,0,BC,,latin,data/wb/2018/1677-SEC-Gazette Notification-Delimitation and reservation-Murshidabad.pdf,3
West Bengal,2018,Murshidabad,DomkaI,33,Domkal/ZP-33,zp_member,zilla parishad member,Other than Woman,NONE,0,,,latin,data/wb/2018/1677-SEC-Gazette Notification-Delimitation and reservation-Murshidabad.pdf,3
West Bengal,2018,Murshidabad,Murshidabad-Jiaganj,34,Murshidabad-Jiaganj/ZP-34,zp_member,zilla parishad member,Other than Woman,NONE,0,,,latin,data/wb/2018/1677-SEC-Gazette Notification-Delimitation and reservation-Murshidabad.pdf,3
West Bengal,2018,Murshidabad,Murshidabad-Jiaganj,35,Murshidabad-Jiaganj/ZP-35,zp_member,zilla parishad member,Other than Woman,NONE,0,,,latin,data/wb/2018/1677-SEC-Gazette Notification-Delimitation and reservation-Murshidabad.pdf,3
West Bengal,2018,Murshidabad,Murshidabad-Jiaganj,36,Murshidabad-Jiaganj/ZP-36,zp_member,zilla parishad member,Other than Woman,NONE,0,,,latin,data/wb/2018/1677-SEC-Gazette Notification-Delimitation and reservation-Murshidabad.pdf,3
West Bengal,2018,Murshidabad,Nabagram,37,Nabagram/ZP-37,zp_member,zilla parishad member,Woman,NONE,1,WOMEN,,latin,data/wb/2018/1677-SEC-Gazette Notification-Delimitation and reservation-Murshidabad.pdf,4
West Bengal,2018,Murshidabad,Nabagram,38,Nabagram/ZP-38,zp_member,zilla parishad member,ST Woman,ST,1,ST WOMEN,,latin,data/wb/2018/1677-SEC-Gazette Notification-Delimitation and reservation-Murshidabad.pdf,4
West Bengal,2018,Murshidabad,Nabagram,39,Nabagram/ZP-39,zp_member,zilla parishad member,Other than Woman,NONE,0,,,latin,data/wb/2018/1677-SEC-Gazette Notification-Delimitation and reservation-Murshidabad.pdf,4
West Bengal,2018,Murshidabad,Berhampore,40,Berhampore/ZP-40,zp_member,zilla parishad member,SC Other than Woman,SC,0,SC,,latin,data/wb/2018/1677-SEC-Gazette Notification-Delimitation and reservation-Murshidabad.pdf,4
West Bengal,2018,Murshidabad,Berhampore,41,Berhampore/ZP-41,zp_member,zilla parishad member,SC Woman,SC,1,SC WOMEN,,latin,data/wb/2018/1677-SEC-Gazette Notification-Delimitation and reservation-Murshidabad.pdf,4
West Bengal,2018,Murshidabad,Berhampore,42,Berhampore/ZP-42,zp_member,zilla parishad member,Woman,NONE,1,WOMEN,,latin,data/wb/2018/1677-SEC-Gazette Notification-Delimitation and reservation-Murshidabad.pdf,4
West Bengal,2018,Murshidabad,Khargram,43,Khargram/ZP-43,zp_member,zilla parishad member,SC Other than Woman,SC,0,SC,,latin,data/wb/2018/1677-SEC-Gazette Notification-Delimitation and reservation-Murshidabad.pdf,4
West Bengal,2018,Murshidabad,Khargram,44,Khargram/ZP-44,zp_member,zilla parishad member,BC Woman,BC,1,BC WOMEN,,latin,data/wb/2018/1677-SEC-Gazette Notification-Delimitation and reservation-Murshidabad.pdf,4
West Bengal,2018,Murshidabad,Khargram,45,Khargram/ZP-45,zp_member,zilla parishad member,Other than Woman,NONE,0,,,latin,data/wb/2018/1677-SEC-Gazette Notification-Delimitation and reservation-Murshidabad.pdf,4
West Bengal,2018,Murshidabad,Burwan,46,Burwan/ZP-46,zp_member,zilla parishad member,Woman,NONE,1,WOMEN,,latin,data/wb/2018/1677-SEC-Gazette Notification-Delimitation and reservation-Murshidabad.pdf,4
West Bengal,2018,Murshidabad,Burwan,47,Burwan/ZP-47,zp_member,zilla parishad member,Other than Woman,NONE,0,,,latin,data/wb/2018/1677-SEC-Gazette Notification-Delimitation and reservation-Murshidabad.pdf,4
West Bengal,2018,Murshidabad,Burwan,48,Burwan/ZP-48,zp_member,zilla parishad member,Woman,NONE,1,WOMEN,,latin,data/wb/2018/1677-SEC-Gazette Notification-Delimitation and reservation-Murshidabad.pdf,4
West Bengal,2018,Murshidabad,Bharatpur-I,49,Bharatpur-I/ZP-49,zp_member,zilla parishad member,BC Other than Woman,BC,0,BC,,latin,data/wb/2018/1677-SEC-Gazette Notification-Delimitation and reservation-Murshidabad.pdf,4
West Bengal,2018,Murshidabad,Bharatpur-I,50,Bharatpur-I/ZP-50,zp_member,zilla parishad member,SC Woman,SC,1,SC WOMEN,,latin,data/wb/2018/1677-SEC-Gazette Notification-Delimitation and reservation-Murshidabad.pdf,4
West Bengal,2018,Murshidabad,Kandi,51,Kandi/ZP-51,zp_member,zilla parishad member,Other than Woman,NONE,0,,,latin,data/wb/2018/1677-SEC-Gazette Notification-Delimitation and reservation-Murshidabad.pdf,5
West Bengal,2018,Murshidabad,Kandi,52,Kandi/ZP-52,zp_member,zilla parishad member,Woman,NONE,1,WOMEN,,latin,data/wb/2018/1677-SEC-Gazette Notification-Delimitation and reservation-Murshidabad.pdf,5
West Bengal,2018,Murshidabad,Kandi,53,Kandi/ZP-53,zp_member,zilla parishad member,Other than Woman,NONE,0,,,latin,data/wb/2018/1677-SEC-Gazette Notification-Delimitation and reservation-Murshidabad.pdf,5
West Bengal,2018,Murshidabad,Bharatpur-II,54,Bharatpur-II/ZP-54,zp_member,zilla parishad member,SC Other than Woman,SC,0,SC,,latin,data/wb/2018/1677-SEC-Gazette Notification-Delimitation and reservation-Murshidabad.pdf,5
West Bengal,2018,Murshidabad,Bharatpur-II,55,Bharatpur -II/ZP-55,zp_member,zilla parishad member,SC Woman,SC,1,SC WOMEN,,latin,data/wb/2018/1677-SEC-Gazette Notification-Delimitation and reservation-Murshidabad.pdf,5
West Bengal,2018,Murshidabad,Beldanga-II,56,Beldanga-II/ZP-56,zp_member,zilla parishad member,BC Other than Woman,BC,0,BC,,latin,data/wb/2018/1677-SEC-Gazette Notification-Delimitation and reservation-Murshidabad.pdf,5
West Bengal,2018,Murshidabad,Beldanga-II,57,Beldanga -II/ZP-57,zp_member,zilla parishad member,BC Woman,BC,1,BC WOMEN,,latin,data/wb/2018/1677-SEC-Gazette Notification-Delimitation and reservation-Murshidabad.pdf,5
West Bengal,2018,Murshidabad,Beldanga-II,58,Beldanga -II/ZP-58,zp_member,zilla parishad member,BC Other than Woman,BC,0,BC,,latin,data/wb/2018/1677-SEC-Gazette Notification-Delimitation and reservation-Murshidabad.pdf,5
West Bengal,2018,Murshidabad,Beldanga-I,59,Beldanga-I/ZP-59,zp_member,zilla parishad member,BC Woman,BC,1,BC WOMEN,,latin,data/wb/2018/1677-SEC-Gazette Notification-Delimitation and reservation-Murshidabad.pdf,5
West Bengal,2018,Murshidabad,Beldanga-I,60,Beldanga-I/ZP-60,zp_member,zilla parishad member,Woman,NONE,1,WOMEN,,latin,data/wb/2018/1677-SEC-Gazette Notification-Delimitation and reservation-Murshidabad.pdf,5
West Bengal,2018,Murshidabad,Beldanga-I,61,Beldanga-I/ZP-61,zp_member,zilla parishad member,BC Other than Woman,BC,0,BC,,latin,data/wb/2018/1677-SEC-Gazette Notification-Delimitation and reservation-Murshidabad.pdf,5
West Bengal,2018,Murshidabad,Hariharpara,62,Hariharpara/ZP-62,zp_member,zilla parishad member,Other than Woman,NONE,0,,,latin,data/wb/2018/1677-SEC-Gazette Notification-Delimitation and reservation-Murshidabad.pdf,5
West Bengal,2018,Murshidabad,Hariharpara,63,Hariharpara/ZP-63,zp_member,zilla parishad member,BC Woman,BC,1,BC WOMEN,,latin,data/wb/2018/1677-SEC-Gazette Notification-Delimitation and reservation-Murshidabad.pdf,5
West Bengal,2018,Murshidabad,Hariharpara,64,Hariharpara/ZP-64,zp_member,zilla parishad member,Woman,NONE,1,WOMEN,,latin,data/wb/2018/1677-SEC-Gazette Notification-Delimitation and reservation-Murshidabad.pdf,5
West Bengal,2018,Murshidabad,Nowda,65,Nowda/ZP-65,zp_member,zilla parishad member,Other than Woman,NONE,0,,,latin,data/wb/2018/1677-SEC-Gazette Notification-Delimitation and reservation-Murshidabad.pdf,5
West Bengal,2018,Murshidabad,Nowda,66,Nowda/ZP-66,zp_member,zilla parishad member,Woman,NONE,1,WOMEN,,latin,data/wb/2018/1677-SEC-Gazette Notification-Delimitation and reservation-Murshidabad.pdf,5
West Bengal,2018,Murshidabad,Nowda,67,Nowda/ZP-67,zp_member,zilla parishad member,BC Other than Woman,BC,0,BC,,latin,data/wb/2018/1677-SEC-Gazette Notification-Delimitation and reservation-Murshidabad.pdf,5
West Bengal,2018,Murshidabad,Jalangi,68,Jalangi/ZP-68,zp_member,zilla parishad member,Other than Woman,NONE,0,,,latin,data/wb/2018/1677-SEC-Gazette Notification-Delimitation and reservation-Murshidabad.pdf,6
West Bengal,2018,Murshidabad,Jalangi,69,Jalangi/ZP-69,zp_member,zilla parishad member,BC Woman,BC,1,BC WOMEN,,latin,data/wb/2018/1677-SEC-Gazette Notification-Delimitation and reservation-Murshidabad.pdf,6
West Bengal,2018,Murshidabad,Jalangi,70,Jalangi/ZP-70,zp_member,zilla parishad member,BC Other than Woman,BC,0,BC,,latin,data/wb/2018/1677-SEC-Gazette Notification-Delimitation and reservation-Murshidabad.pdf,6
West Bengal,2018,Nadia,Karimpur-II,1,Karimpur-II/ZP-1,zp_member,zilla parishad member,BC Other than Woman,BC,0,BC,,latin,data/wb/2018/1678-SEC-Gazette Notification-Delimitation and reservation-Nadia.pdf,1
West Bengal,2018,Nadia,Karimpur-II,2,Karimpur-II/ZP-2,zp_member,zilla parishad member,SC Woman,SC,1,SC WOMEN,,latin,data/wb/2018/1678-SEC-Gazette Notification-Delimitation and reservation-Nadia.pdf,1
West Bengal,2018,Nadia,Karimpur-II,3,Karimpur-II/ZP-3,zp_member,zilla parishad member,SC Other than Woman,SC,0,SC,,latin,data/wb/2018/1678-SEC-Gazette Notification-Delimitation and reservation-Nadia.pdf,2
West Bengal,2018,Nadia,Karimpur-I,4,Karimpur-I/ZP-4,zp_member,zilla parishad member,SC Woman,SC,1,SC WOMEN,,latin,data/wb/2018/1678-SEC-Gazette Notification-Delimitation and reservation-Nadia.pdf,2
West Bengal,2018,Nadia,Karimpur-I,5,Karimpur-I/ZP-5,zp_member,zilla parishad member,Woman,NONE,1,WOMEN,,latin,data/wb/2018/1678-SEC-Gazette Notification-Delimitation and reservation-Nadia.pdf,2
West Bengal,2018,Nadia,Karimpur-I,6,Karimpur-I/ZP-6,zp_member,zilla parishad member,Other than Woman,NONE,0,,,latin,data/wb/2018/1678-SEC-Gazette Notification-Delimitation and reservation-Nadia.pdf,2
West Bengal,2018,Nadia,Tehatta-I,7,Tehatta-I/ZP-7,zp_member,zilla parishad member,Woman,NONE,1,WOMEN,,latin,data/wb/2018/1678-SEC-Gazette Notification-Delimitation and reservation-Nadia.pdf,2
West Bengal,2018,Nadia,Tehatta-I,8,Tehatta-I/ZP-8,zp_member,zilla parishad member,SC Other than Woman,SC,0,SC,,latin,data/wb/2018/1678-SEC-Gazette Notification-Delimitation and reservation-Nadia.pdf,2
West Bengal,2018,Nadia,Tehatta-I,9,Tehatta-I/ZP-9,zp_member,zilla parishad member,SC Woman,SC,1,SC WOMEN,,latin,data/wb/2018/1678-SEC-Gazette Notification-Delimitation and reservation-Nadia.pdf,2
West Bengal,2018,Nadia,Tehatta-II,10,Tehatta-II/ZP-10,zp_member,zilla parishad member,BC Other than Woman,BC,0,BC,,latin,data/wb/2018/1678-SEC-Gazette Notification-Delimitation and reservation-Nadia.pdf,2
West Bengal,2018,Nadia,Tehatta-II,11,Tehatta-II/ZP-11,zp_member,zilla parishad member,Other than Woman,NONE,0,,,latin,data/wb/2018/1678-SEC-Gazette Notification-Delimitation and reservation-Nadia.pdf,2
West Bengal,2018,Nadia,Nakashipara,12,Nakashipara/ZP-12,zp_member,zilla parishad member,Woman,NONE,1,WOMEN,,latin,data/wb/2018/1678-SEC-Gazette Notification-Delimitation and reservation-Nadia.pdf,2
West Bengal,2018,Nadia,Nakashipara,13,Nakashipara/ZP-13,zp_member,zilla parishad member,Woman,NONE,1,WOMEN,,latin,data/wb/2018/1678-SEC-Gazette Notification-Delimitation and reservation-Nadia.pdf,2
West Bengal,2018,Nadia,Nakashipara,14,Nakashipara/ZP-14,zp_member,zilla parishad member,Woman,NONE,1,WOMEN,,latin,data/wb/2018/1678-SEC-Gazette Notification-Delimitation and reservation-Nadia.pdf,2
West Bengal,2018,Nadia,Kaliganj,15,Kaliganj/ZP-15,zp_member,zilla parishad member,Woman,NONE,1,WOMEN,,latin,data/wb/2018/1678-SEC-Gazette Notification-Delimitation and reservation-Nadia.pdf,2
West Bengal,2018,Nadia,Kaliganj,16,Kaliganj/ZP-16,zp_member,zilla parishad member,BC Woman,BC,1,BC WOMEN,,latin,data/wb/2018/1678-SEC-Gazette Notification-Delimitation and reservation-Nadia.pdf,2
West Bengal,2018,Nadia,Kaliganj,17,Kaliganj/ZP-17,zp_member,zilla parishad member,Woman,NONE,1,WOMEN,,latin,data/wb/2018/1678-SEC-Gazette Notification-Delimitation and reservation-Nadia.pdf,2
West Bengal,2018,Nadia,Chapra,18,Chapra/ZP-18,zp_member,zilla parishad member,BC Other than Woman,BC,0,BC,,latin,data/wb/2018/1678-SEC-Gazette Notification-Delimitation and reservation-Nadia.pdf,3
West Bengal,2018,Nadia,Chapra,19,Chapra/ZP-19,zp_member,zilla parishad member,BC Woman,BC,1,BC WOMEN,,latin,data/wb/2018/1678-SEC-Gazette Notification-Delimitation and reservation-Nadia.pdf,3
West Bengal,2018,Nadia,Chapra,20,Chapra/ZP-20,zp_member,zilla parishad member,BC Other than Woman,BC,0,BC,,latin,data/wb/2018/1678-SEC-Gazette Notification-Delimitation and reservation-Nadia.pdf,3
West Bengal,2018,Nadia,Krishnanagar-I,21,Krishnanagar-I/ZP-21,zp_member,zilla parishad member,SC Woman,SC,1,SC WOMEN,,latin,data/wb/2018/1678-SEC-Gazette Notification-Delimitation and reservation-Nadia.pdf,3
West Bengal,2018,Nadia,Krishnanagar-I,22,Krishnanagar-I/ZP-22,zp_member,zilla parishad member,Other than Woman,NONE,0,,,latin,data/wb/2018/1678-SEC-Gazette Notification-Delimitation and reservation-Nadia.pdf,3
West Bengal,2018,Nadia,Krishnanagar-I,23,Krishnanagar-I/ZP-23,zp_member,zilla parishad member,ST Other than Woman,ST,0,ST,,latin,data/wb/2018/1678-SEC-Gazette Notification-Delimitation and reservation-Nadia.pdf,3
West Bengal,2018,Nadia,Nabadwip,24,Nabadwip/ZP-24,zp_member,zilla parishad member,BC Woman,BC,1,BC WOMEN,,latin,data/wb/2018/1678-SEC-Gazette Notification-Delimitation and reservation-Nadia.pdf,3
West Bengal,2018,Nadia,Nabadwip,25,Nabadwip/ZP-25,zp_member,zilla parishad member,Woman,NONE,1,WOMEN,,latin,data/wb/2018/1678-SEC-Gazette Notification-Delimitation and reservation-Nadia.pdf,3
West Bengal,2018,Nadia,Krishnanagar-II,26,Krishnanagar-II/ZP-26,zp_member,zilla parishad member,Other than Woman,NONE,0,,,latin,data/wb/2018/1678-SEC-Gazette Notification-Delimitation and reservation-Nadia.pdf,3
West Bengal,2018,Nadia,Krishnanagar-II,27,Krishnanagar-II/ZP-27,zp_member,zilla parishad member,SC Other than Woman,SC,0,SC,,latin,data/wb/2018/1678-SEC-Gazette Notification-Delimitation and reservation-Nadia.pdf,3
West Bengal,2018,Nadia,Santipur,28,Santipur/ZP-28,zp_member,zilla parishad member,Woman,NONE,1,WOMEN,,latin,data/wb/2018/1678-SEC-Gazette Notification-Delimitation and reservation-Nadia.pdf,3
West Bengal,2018,Nadia,Santipur,29,Santipur/ZP-29,zp_member,zilla parishad member,Other than Woman,NONE,0,,,latin,data/wb/2018/1678-SEC-Gazette Notification-Delimitation and reservation-Nadia.pdf,3
West Bengal,2018,Nadia,Santipur,30,Santipur/ZP-30,zp_member,zilla parishad member,SC Woman,SC,1,SC WOMEN,,latin,data/wb/2018/1678-SEC-Gazette Notification-Delimitation and reservation-Nadia.pdf,3
West Bengal,2018,Nadia,Ranaghat-I,31,Ranaghat-I/ZP-31,zp_member,zilla parishad member,SC Other than Woman,SC,0,SC,,latin,data/wb/2018/1678-SEC-Gazette Notification-Delimitation and reservation-Nadia.pdf,3
West Bengal,2018,Nadia,Ranaghat-I,32,Ranaghat-I/ZP-32,zp_member,zilla parishad member,Woman,NONE,1,WOMEN,,latin,data/wb/2018/1678-SEC-Gazette Notification-Delimitation and reservation-Nadia.pdf,3
West Bengal,2018,Nadia,Ranaghat-I,33,Ranaghat-I/ZP-33,zp_member,zilla parishad member,Other than Woman,NONE,0,,,latin,data/wb/2018/1678-SEC-Gazette Notification-Delimitation and reservation-Nadia.pdf,3
West Bengal,2018,Nadia,Krishnaganj,34,Krishnaganj/ZP-34,zp_member,zilla parishad member,SC Woman,SC,1,SC WOMEN,,latin,data/wb/2018/1678-SEC-Gazette Notification-Delimitation and reservation-Nadia.pdf,4
West Bengal,2018,Nadia,Krishnaganj,35,Krishnaganj/ZP-35,zp_member,zilla parishad member,Woman,NONE,1,WOMEN,,latin,data/wb/2018/1678-SEC-Gazette Notification-Delimitation and reservation-Nadia.pdf,4
West Bengal,2018,Nadia,Hanskhali,36,Hanskhali/ZP-36,zp_member,zilla parishad member,SC Other than Woman,SC,0,SC,,latin,data/wb/2018/1678-SEC-Gazette Notification-Delimitation and reservation-Nadia.pdf,4
West Bengal,2018,Nadia,Hanskhali,37,Hanskhali/ZP-37,zp_member,zilla parishad member,Other than Woman,NONE,0,,,latin,data/wb/2018/1678-SEC-Gazette Notification-Delimitation and reservation-Nadia.pdf,4
West Bengal,2018,Nadia,Hanskhali,38,Hanskhali/ZP-38,zp_member,zilla parishad member,Other than Woman,NONE,0,,,latin,data/wb/2018/1678-SEC-Gazette Notification-Delimitation and reservation-Nadia.pdf,4
West Bengal,2018,Nadia,Ranaghat-II,39,Ranaghat-II/ZP-39,zp_member,zilla parishad member,SC Woman,SC,1,SC WOMEN,,latin,data/wb/2018/1678-SEC-Gazette Notification-Delimitation and reservation-Nadia.pdf,4
West Bengal,2018,Nadia,Ranaghat-II,40,Ranaghat-II/ZP-40,zp_member,zilla parishad member,SC Other than Woman,SC,0,SC,,latin,data/wb/2018/1678-SEC-Gazette Notification-Delimitation and reservation-Nadia.pdf,4
West Bengal,2018,Nadia,Ranaghat-II,41,Ranaghat-II/ZP-41,zp_member,zilla parishad member,Other than Woman,NONE,0,,,latin,data/wb/2018/1678-SEC-Gazette Notification-Delimitation and reservation-Nadia.pdf,4
West Bengal,2018,Nadia,Chakdaha,42,Chakdaha/ZP-42,zp_member,zilla parishad member,Other than Woman,NONE,0,,,latin,data/wb/2018/1678-SEC-Gazette Notification-Delimitation and reservation-Nadia.pdf,4
West Bengal,2018,Nadia,Chakdaha,43,Chakdaha/ZP-43,zp_member,zilla parishad member,Other than Woman,NONE,0,,,latin,data/wb/2018/1678-SEC-Gazette Notification-Delimitation and reservation-Nadia.pdf,4
West Bengal,2018,Nadia,Kalyani,44,Kalyani/ZP-44,zp_member,zilla parishad member,SC Woman,SC,1,SC WOMEN,,latin,data/wb/2018/1678-SEC-Gazette Notification-Delimitation and reservation-Nadia.pdf,4
West Bengal,2018,Nadia,Haringhata,45,Haringhata/ZP-45,zp_member,zilla parishad member,SC Other than Woman,SC,0,SC,,latin,data/wb/2018/1678-SEC-Gazette Notification-Delimitation and reservation-Nadia.pdf,4
West Bengal,2018,Nadia,Haringhata,46,Haringhata/ZP-46,zp_member,zilla parishad member,Other than Woman,NONE,0,,,latin,data/wb/2018/1678-SEC-Gazette Notification-Delimitation and reservation-Nadia.pdf,4
West Bengal,2018,Nadia,Haringhata,47,Haringhata/ZP-47,zp_member,zilla parishad member,Woman,NONE,1,WOMEN,,latin,data/wb/2018/1678-SEC-Gazette Notification-Delimitation and reservation-Nadia.pdf,4
West Bengal,2018,North 24 Pgs,Bagdah,1,Bagdah/ZP-1,zp_member,zilla parishad member,Woman,NONE,1,WOMEN,,latin,data/wb/2018/1679-SEC-Gazette Notification-Delimitation and reservation-North 24 Pgs.pdf,1
West Bengal,2018,North 24 Pgs,Bagdah,2,Bagdah/ZP-2,zp_member,zilla parishad member,SC Other than Woman,SC,0,SC,,latin,data/wb/2018/1679-SEC-Gazette Notification-Delimitation and reservation-North 24 Pgs.pdf,1
West Bengal,2018,North 24 Pgs,Bagdah,3,Bagdah/ZP-3,zp_member,zilla parishad member,SC Woman,SC,1,SC WOMEN,,latin,data/wb/2018/1679-SEC-Gazette Notification-Delimitation and reservation-North 24 Pgs.pdf,1
West Bengal,2018,North 24 Pgs,Bongaon,4,Bongaon/ZP-4,zp_member,zilla parishad member,Woman,NONE,1,WOMEN,,latin,data/wb/2018/1679-SEC-Gazette Notification-Delimitation and reservation-North 24 Pgs.pdf,2
West Bengal,2018,North 24 Pgs,Bongaon,5,Bongaon/ZP-5,zp_member,zilla parishad member,SC Other than Woman,SC,0,SC,,latin,data/wb/2018/1679-SEC-Gazette Notification-Delimitation and reservation-North 24 Pgs.pdf,2
West Bengal,2018,North 24 Pgs,Bongaon,6,Bongaon/ZP-6,zp_member,zilla parishad member,SC Woman,SC,1,SC WOMEN,,latin,data/wb/2018/1679-SEC-Gazette Notification-Delimitation and reservation-North 24 Pgs.pdf,2
West Bengal,2018,North 24 Pgs,Gaighata,7,Gaighata/ZP-7,zp_member,zilla parishad member,SC Other than Woman,SC,0,SC,,latin,data/wb/2018/1679-SEC-Gazette Notification-Delimitation and reservation-North 24 Pgs.pdf,2
West Bengal,2018,North 24 Pgs,Gaighata,8,Gaighata/ZP-8,zp_member,zilla parishad member,Woman,NONE,1,WOMEN,,latin,data/wb/2018/1679-SEC-Gazette Notification-Delimitation and reservation-North 24 Pgs.pdf,2
West Bengal,2018,North 24 Pgs,Gaighata,9,Gaighata/ZP-9,zp_member,zilla parishad member,Woman,NONE,1,WOMEN,,latin,data/wb/2018/1679-SEC-Gazette Notification-Delimitation and reservation-North 24 Pgs.pdf,2
West Bengal,2018,North 24 Pgs,Habra-I,10,Habra-I/ZP-10,zp_member,zilla parishad member,Woman,NONE,1,WOMEN,,latin,data/wb/2018/1679-SEC-Gazette Notification-Delimitation and reservation-North 24 Pgs.pdf,2
West Bengal,2018,North 24 Pgs,Habra-I,11,Habra-I/ZP-11,zp_member,zilla parishad member,BC Woman,BC,1,BC WOMEN,,latin,data/wb/2018/1679-SEC-Gazette Notification-Delimitation and reservation-North 24 Pgs.pdf,2
West Bengal,2018,North 24 Pgs,Habra-I,12,Habra-I/ZP-12,zp_member,zilla parishad member,SC Other than Woman,SC,0,SC,,latin,data/wb/2018/1679-SEC-Gazette Notification-Delimitation and reservation-North 24 Pgs.pdf,2
West Bengal,2018,North 24 Pgs,Swarupnagar,13,Swarupnagar/ZP-13,zp_member,zilla parishad member,SC Woman,SC,1,SC WOMEN,,latin,data/wb/2018/1679-SEC-Gazette Notification-Delimitation and reservation-North 24 Pgs.pdf,2
West Bengal,2018,North 24 Pgs,Swarupnagar,14,Swarupnagar/ZP-14,zp_member,zilla parishad member,Woman,NONE,1,WOMEN,,latin,data/wb/2018/1679-SEC-Gazette Notification-Delimitation and reservation-North 24 Pgs.pdf,2
West Bengal,2018,North 24 Pgs,Swarupnagar,15,Swarupnagar/ZP-15,zp_member,zilla parishad member,SC Other than Woman,SC,0,SC,,latin,data/wb/2018/1679-SEC-Gazette Notification-Delimitation and reservation-North 24 Pgs.pdf,2
West Bengal,2018,North 24 Pgs,Baduria,16,Baduria/ZP-16,zp_member,zilla parishad member,BC Woman,BC,1,BC WOMEN,,latin,data/wb/2018/1679-SEC-Gazette Notification-Delimitation and reservation-North 24 Pgs.pdf,2
West Bengal,2018,North 24 Pgs,Baduria,17,Baduria/ZP-17,zp_member,zilla parishad member,Woman,NONE,1,WOMEN,,latin,data/wb/2018/1679-SEC-Gazette Notification-Delimitation and reservation-North 24 Pgs.pdf,3
West Bengal,2018,North 24 Pgs,Baduria,18,Baduria/ZP-18,zp_member,zilla parishad member,Woman,NONE,1,WOMEN,,latin,data/wb/2018/1679-SEC-Gazette Notification-Delimitation and reservation-North 24 Pgs.pdf,3
West Bengal,2018,North 24 Pgs,Habra-II,19,Habra-II/ZP-19,zp_member,zilla parishad member,SC Other than Woman,SC,0,SC,,latin,data/wb/2018/1679-SEC-Gazette Notification-Delimitation and reservation-North 24 Pgs.pdf,3
West Bengal,2018,North 24 Pgs,Habra-II,20,Habra-II/ZP-20,zp_member,zilla parishad member,Other than Woman,NONE,0,,,latin,data/wb/2018/1679-SEC-Gazette Notification-Delimitation and reservation-North 24 Pgs.pdf,3
West Bengal,2018,North 24 Pgs,Amdanga,21,Amdanga/ZP-21,zp_member,zilla parishad member,Woman,NONE,1,WOMEN,,latin,data/wb/2018/1679-SEC-Gazette Notification-Delimitation and reservation-North 24 Pgs.pdf,3
West Bengal,2018,North 24 Pgs,Amdanga,22,Amdanga/ZP-22,zp_member,zilla parishad member,Other than Woman,NONE,0,,,latin,data/wb/2018/1679-SEC-Gazette Notification-Delimitation and reservation-North 24 Pgs.pdf,3
West Bengal,2018,North 24 Pgs,Barasat-I,23,Barasat-I/ZP-23,zp_member,zilla parishad member,SC Woman,SC,1,SC WOMEN,,latin,data/wb/2018/1679-SEC-Gazette Notification-Delimitation and reservation-North 24 Pgs.pdf,3
West Bengal,2018,North 24 Pgs,Barasat-I,24,Barasat-I/ZP-24,zp_member,zilla parishad member,Other than Woman,NONE,0,,,latin,data/wb/2018/1679-SEC-Gazette Notification-Delimitation and reservation-North 24 Pgs.pdf,3
West Bengal,2018,North 24 Pgs,Barasat-I,25,Barasat-I/ZP-25,zp_member,zilla parishad member,SC Other than Woman,SC,0,SC,,latin,data/wb/2018/1679-SEC-Gazette Notification-Delimitation and reservation-North 24 Pgs.pdf,3
West Bengal,2018,North 24 Pgs,Barrackpore-I,26,Barrackpore-I/ZP-26,zp_member,zilla parishad member,Other than Woman,NONE,0,,,latin,data/wb/2018/1679-SEC-Gazette Notification-Delimitation and reservation-North 24 Pgs.pdf,3
West Bengal,2018,North 24 Pgs,Barrackpore-I,27,Barrackpore-I/ZP-27,zp_member,zilla parishad member,Other than Woman,NONE,0,,,latin,data/wb/2018/1679-SEC-Gazette Notification-Delimitation and reservation-North 24 Pgs.pdf,3
West Bengal,2018,North 24 Pgs,Barrackpore-I,28,Barrackpore-I/ZP-28,zp_member,zilla parishad member,Other than Woman,NONE,0,,,latin,data/wb/2018/1679-SEC-Gazette Notification-Delimitation and reservation-North 24 Pgs.pdf,3
West Bengal,2018,North 24 Pgs,Barrackpore-II,29,Barrackpore-II/ZP-29,zp_member,zilla parishad member,SC Woman,SC,1,SC WOMEN,,latin,data/wb/2018/1679-SEC-Gazette Notification-Delimitation and reservation-North 24 Pgs.pdf,3
West Bengal,2018,North 24 Pgs,Barrackpore-II,30,Barrackpore-II/ZP-30,zp_member,zilla parishad member,Woman,NONE,1,WOMEN,,latin,data/wb/2018/1679-SEC-Gazette Notification-Delimitation and reservation-North 24 Pgs.pdf,3
West Bengal,2018,North 24 Pgs,Barrackpore-II,31,Barrackpore-II/ZP-31,zp_member,zilla parishad member,Other than Woman,NONE,0,,,latin,data/wb/2018/1679-SEC-Gazette Notification-Delimitation and reservation-North 24 Pgs.pdf,3
West Bengal,2018,North 24 Pgs,Rajarhat,32,Rajarhat/ZP-32,zp_member,zilla parishad member,Woman,NONE,1,WOMEN,,latin,data/wb/2018/1679-SEC-Gazette Notification-Delimitation and reservation-North 24 Pgs.pdf,4
West Bengal,2018,North 24 Pgs,Rajarhat,33,Rajarhat/ZP-33,zp_member,zilla parishad member,SC Other than Woman,SC,0,SC,,latin,data/wb/2018/1679-SEC-Gazette Notification-Delimitation and reservation-North 24 Pgs.pdf,4
West Bengal,2018,North 24 Pgs,Barasat-II,34,Barasat-II/ZP-34,zp_member,zilla parishad member,BC Woman,BC,1,BC WOMEN,,latin,data/wb/2018/1679-SEC-Gazette Notification-Delimitation and reservation-North 24 Pgs.pdf,4
West Bengal,2018,North 24 Pgs,Barasat-II,35,Barasat-II/ZP-35,zp_member,zilla parishad member,Other than Woman,NONE,0,,,latin,data/wb/2018/1679-SEC-Gazette Notification-Delimitation and reservation-North 24 Pgs.pdf,4
West Bengal,2018,North 24 Pgs,Deganga,36,Deganga/ZP-36,zp_member,zilla parishad member,BC Other than Woman,BC,0,BC,,latin,data/wb/2018/1679-SEC-Gazette Notification-Delimitation and reservation-North 24 Pgs.pdf,4
West Bengal,2018,North 24 Pgs,Deganga,37,Deganga/ZP-37,zp_member,zilla parishad member,Woman,NONE,1,WOMEN,,latin,data/wb/2018/1679-SEC-Gazette Notification-Delimitation and reservation-North 24 Pgs.pdf,4
West Bengal,2018,North 24 Pgs,Deganga,38,Deganga/ZP-38,zp_member,zilla parishad member,BC Woman,BC,1,BC WOMEN,,latin,data/wb/2018/1679-SEC-Gazette Notification-Delimitation and reservation-North 24 Pgs.pdf,4
West Bengal,2018,North 24 Pgs,Haroa,39,Haroa/ZP-39,zp_member,zilla parishad member,Other than Woman,NONE,0,,,latin,data/wb/2018/1679-SEC-Gazette Notification-Delimitation and reservation-North 24 Pgs.pdf,4
West Bengal,2018,North 24 Pgs,Haroa,40,Haroa/ZP-40,zp_member,zilla parishad member,ST Other than Woman,ST,0,ST,,latin,data/wb/2018/1679-SEC-Gazette Notification-Delimitation and reservation-North 24 Pgs.pdf,4
West Bengal,2018,North 24 Pgs,Haroa,41,Haroa/ZP-41,zp_member,zilla parishad member,Other than Woman,NONE,0,,,latin,data/wb/2018/1679-SEC-Gazette Notification-Delimitation and reservation-North 24 Pgs.pdf,4
West Bengal,2018,North 24 Pgs,Minakhan,42,Minakhan/ZP-42,zp_member,zilla parishad member,Other than Woman,NONE,0,,,latin,data/wb/2018/1679-SEC-Gazette Notification-Delimitation and reservation-North 24 Pgs.pdf,4
West Bengal,2018,North 24 Pgs,Minakhan,43,Minakhan/ZP-43,zp_member,zilla parishad member,SC Woman,SC,1,SC WOMEN,,latin,data/wb/2018/1679-SEC-Gazette Notification-Delimitation and reservation-North 24 Pgs.pdf,4
West Bengal,2018,North 24 Pgs,Sandeshkhali-I,44,Sandeshkhali-I/ZP-44,zp_member,zilla parishad member,ST Other than Woman,ST,0,ST,,latin,data/wb/2018/1679-SEC-Gazette Notification-Delimitation and reservation-North 24 Pgs.pdf,4
West Bengal,2018,North 24 Pgs,Sandeshkhali-I,45,Sandeshkhali-I/ZP-45,zp_member,zilla parishad member,Other than Woman,NONE,0,,,latin,data/wb/2018/1679-SEC-Gazette Notification-Delimitation and reservation-North 24 Pgs.pdf,4
West Bengal,2018,North 24 Pgs,Sandeshkhali-II,46,Sandeshkhali-II/ZP-46,zp_member,zilla parishad member,Other than Woman,NONE,0,,,latin,data/wb/2018/1679-SEC-Gazette Notification-Delimitation and reservation-North 24 Pgs.pdf,5
West Bengal,2018,North 24 Pgs,Sandeshkhali-II,47,Sandeshkhali-II/ZP-47,zp_member,zilla parishad member,SC Woman,SC,1,SC WOMEN,,latin,data/wb/2018/1679-SEC-Gazette Notification-Delimitation and reservation-North 24 Pgs.pdf,5
West Bengal,2018,North 24 Pgs,Basirhat-I,48,Basirhat-I/ZP-48,zp_member,zilla parishad member,Woman,NONE,1,WOMEN,,latin,data/wb/2018/1679-SEC-Gazette Notification-Delimitation and reservation-North 24 Pgs.pdf,5
West Bengal,2018,North 24 Pgs,Basirhat-I,49,Basirhat-I/ZP-49,zp_member,zilla parishad member,BC Other than Woman,BC,0,BC,,latin,data/wb/2018/1679-SEC-Gazette Notification-Delimitation and reservation-North 24 Pgs.pdf,5
West Bengal,2018,North 24 Pgs,Basirhat-II,50,Basirhat-II/ZP-50,zp_member,zilla parishad member,BC Woman,BC,1,BC WOMEN,,latin,data/wb/2018/1679-SEC-Gazette Notification-Delimitation and reservation-North 24 Pgs.pdf,5
West Bengal,2018,North 24 Pgs,Basirhat-II,51,Basirhat-II/ZP-51,zp_member,zilla parishad member,BC Other than Woman,BC,0,BC,,latin,data/wb/2018/1679-SEC-Gazette Notification-Delimitation and reservation-North 24 Pgs.pdf,5
West Bengal,2018,North 24 Pgs,Basirhat-II,52,Basirhat-II/ZP-52,zp_member,zilla parishad member,BC Woman,BC,1,BC WOMEN,,latin,data/wb/2018/1679-SEC-Gazette Notification-Delimitation and reservation-North 24 Pgs.pdf,5
West Bengal,2018,North 24 Pgs,Hasnabad,53,Hasnabad/ZP-53,zp_member,zilla parishad member,Other than Woman,NONE,0,,,latin,data/wb/2018/1679-SEC-Gazette Notification-Delimitation and reservation-North 24 Pgs.pdf,5
West Bengal,2018,North 24 Pgs,Hasnabad,54,Hasnabad/ZP-54,zp_member,zilla parishad member,Woman,NONE,1,WOMEN,,latin,data/wb/2018/1679-SEC-Gazette Notification-Delimitation and reservation-North 24 Pgs.pdf,5
West Bengal,2018,North 24 Pgs,Hasnabad,55,Hasnabad/ZP-55,zp_member,zilla parishad member,SC Other than Woman,SC,0,SC,,latin,data/wb/2018/1679-SEC-Gazette Notification-Delimitation and reservation-North 24 Pgs.pdf,5
West Bengal,2018,North 24 Pgs,Hingalganj,56,Hingalganj/ZP-56,zp_member,zilla parishad member,Other than Woman,NONE,0,,,latin,data/wb/2018/1679-SEC-Gazette Notification-Delimitation and reservation-North 24 Pgs.pdf,5
West Bengal,2018,North 24 Pgs,Hingalganj,57,Hingalganj/ZP-57,zp_member,zilla parishad member,SC Woman,SC,1,SC WOMEN,,latin,data/wb/2018/1679-SEC-Gazette Notification-Delimitation and reservation-North 24 Pgs.pdf,5
West Bengal,2018,South 24 Pgs,Basanti,1,Basanti/ZP-1,zp_member,zilla parishad member,Woman,NONE,1,WOMEN,,latin,data/wb/2018/1680-SEC-Gazette Notification-Delimitation and reservation-South 24 Pgs.pdf,1
West Bengal,2018,South 24 Pgs,Basanti,2,Basanti/ZP-2,zp_member,zilla parishad member,Woman,NONE,1,WOMEN,,latin,data/wb/2018/1680-SEC-Gazette Notification-Delimitation and reservation-South 24 Pgs.pdf,1
West Bengal,2018,South 24 Pgs,Basanti,3,Basanti/ZP-3,zp_member,zilla parishad member,Woman,NONE,1,WOMEN,,latin,data/wb/2018/1680-SEC-Gazette Notification-Delimitation and reservation-South 24 Pgs.pdf,2
West Bengal,2018,South 24 Pgs,Gosaba,4,Gosaba/ZP-4,zp_member,zilla parishad member,Woman,NONE,1,WOMEN,,latin,data/wb/2018/1680-SEC-Gazette Notification-Delimitation and reservation-South 24 Pgs.pdf,2
West Bengal,2018,South 24 Pgs,Gosaba,5,Gosaba/ZP-5,zp_member,zilla parishad member,Woman,NONE,1,WOMEN,,latin,data/wb/2018/1680-SEC-Gazette Notification-Delimitation and reservation-South 24 Pgs.pdf,2
West Bengal,2018,South 24 Pgs,Gosaba,6,Gosaba/ZP-6,zp_member,zilla parishad member,SC Other than Woman,SC,0,SC,,latin,data/wb/2018/1680-SEC-Gazette Notification-Delimitation and reservation-South 24 Pgs.pdf,2
West Bengal,2018,South 24 Pgs,Canning-II,7,Canning - II/ZP-7,zp_member,zilla parishad member,ST Woman,ST,1,ST WOMEN,,latin,data/wb/2018/1680-SEC-Gazette Notification-Delimitation and reservation-South 24 Pgs.pdf,2
West Bengal,2018,South 24 Pgs,Canning-II,8,Canning - II/ZP-8,zp_member,zilla parishad member,Woman,NONE,1,WOMEN,,latin,data/wb/2018/1680-SEC-Gazette Notification-Delimitation and reservation-South 24 Pgs.pdf,2
West Bengal,2018,South 24 Pgs,Canning-II,9,Canning - II/ZP-9,zp_member,zilla parishad member,Woman,NONE,1,WOMEN,,latin,data/wb/2018/1680-SEC-Gazette Notification-Delimitation and reservation-South 24 Pgs.pdf,2
West Bengal,2018,South 24 Pgs,Kultali,10,Kultali/ZP-10,zp_member,zilla parishad member,SC Other than Woman,SC,0,SC,,latin,data/wb/2018/1680-SEC-Gazette Notification-Delimitation and reservation-South 24 Pgs.pdf,2
West Bengal,2018,South 24 Pgs,Kultali,11,Kultali/ZP-11,zp_member,zilla parishad member,SC Woman,SC,1,SC WOMEN,,latin,data/wb/2018/1680-SEC-Gazette Notification-Delimitation and reservation-South 24 Pgs.pdf,2
West Bengal,2018,South 24 Pgs,Kultali,12,Kultali/ZP-12,zp_member,zilla parishad member,Woman,NONE,1,WOMEN,,latin,data/wb/2018/1680-SEC-Gazette Notification-Delimitation and reservation-South 24 Pgs.pdf,2
West Bengal,2018,South 24 Pgs,Joynagar-II,13,Joynagar-II/ZP-13,zp_member,zilla parishad member,Woman,NONE,1,WOMEN,,latin,data/wb/2018/1680-SEC-Gazette Notification-Delimitation and reservation-South 24 Pgs.pdf,2
West Bengal,2018,South 24 Pgs,Joynagar-II,14,Joynagar-II/ZP-14,zp_member,zilla parishad member,Woman,NONE,1,WOMEN,,latin,data/wb/2018/1680-SEC-Gazette Notification-Delimitation and reservation-South 24 Pgs.pdf,2
West Bengal,2018,South 24 Pgs,Joynagar-II,15,Joynagar-II/ZP-15,zp_member,zilla parishad member,Woman,NONE,1,WOMEN,,latin,data/wb/2018/1680-SEC-Gazette Notification-Delimitation and reservation-South 24 Pgs.pdf,2
West Bengal,2018,South 24 Pgs,Patharpratima,16,Patharpratima/ZP-16,zp_member,zilla parishad member,SC Other than Woman,SC,0,SC,,latin,data/wb/2018/1680-SEC-Gazette Notification-Delimitation and reservation-South 24 Pgs.pdf,2
West Bengal,2018,South 24 Pgs,Patharpratima,17,Patharpratima/ZP-17,zp_member,zilla parishad member,SC Woman,SC,1,SC WOMEN,,latin,data/wb/2018/1680-SEC-Gazette Notification-Delimitation and reservation-South 24 Pgs.pdf,3
West Bengal,2018,South 24 Pgs,Patharpratima,18,Patharpratima/ZP-18,zp_member,zilla parishad member,Woman,NONE,1,WOMEN,,latin,data/wb/2018/1680-SEC-Gazette Notification-Delimitation and reservation-South 24 Pgs.pdf,3
West Bengal,2018,South 24 Pgs,Kakdwip,19,Kakdwip/ZP-19,zp_member,zilla parishad member,SC Other than Woman,SC,0,SC,,latin,data/wb/2018/1680-SEC-Gazette Notification-Delimitation and reservation-South 24 Pgs.pdf,3
West Bengal,2018,South 24 Pgs,Kakdwip,20,Kakdwip/ZP-20,zp_member,zilla parishad member,SC Woman,SC,1,SC WOMEN,,latin,data/wb/2018/1680-SEC-Gazette Notification-Delimitation and reservation-South 24 Pgs.pdf,3
West Bengal,2018,South 24 Pgs,Kakdwip,21,Kakdwip/ZP-21,zp_member,zilla parishad member,Woman,NONE,1,WOMEN,,latin,data/wb/2018/1680-SEC-Gazette Notification-Delimitation and reservation-South 24 Pgs.pdf,3
West Bengal,2018,South 24 Pgs,Namkhana,22,Namkhana/ZP-22,zp_member,zilla parishad member,Other than Woman,NONE,0,,,latin,data/wb/2018/1680-SEC-Gazette Notification-Delimitation and reservation-South 24 Pgs.pdf,3
West Bengal,2018,South 24 Pgs,Namkhana,23,Namkhana/ZP-23,zp_member,zilla parishad member,Woman,NONE,1,WOMEN,,latin,data/wb/2018/1680-SEC-Gazette Notification-Delimitation and reservation-South 24 Pgs.pdf,3
West Bengal,2018,South 24 Pgs,Sagar,24,Sagar/ZP-24,zp_member,zilla parishad member,SC Other than Woman,SC,0,SC,,latin,data/wb/2018/1680-SEC-Gazette Notification-Delimitation and reservation-South 24 Pgs.pdf,3
West Bengal,2018,South 24 Pgs,Sagar,25,Sagar/ZP-25,zp_member,zilla parishad member,Other than Woman,NONE,0,,,latin,data/wb/2018/1680-SEC-Gazette Notification-Delimitation and reservation-South 24 Pgs.pdf,3
West Bengal,2018,South 24 Pgs,Sagar,26,Sagar/ZP-26,zp_member,zilla parishad member,SC Woman,SC,1,SC WOMEN,,latin,data/wb/2018/1680-SEC-Gazette Notification-Delimitation and reservation-South 24 Pgs.pdf,3
West Bengal,2018,South 24 Pgs,Kulpi,27,Kulpi/ZP-27,zp_member,zilla parishad member,Other than Woman,NONE,0,,,latin,data/wb/2018/1680-SEC-Gazette Notification-Delimitation and reservation-South 24 Pgs.pdf,3
West Bengal,2018,South 24 Pgs,Kulpi,28,Kulpi/ZP-28,zp_member,zilla parishad member,SC Other than Woman,SC,0,SC,,latin,data/wb/2018/1680-SEC-Gazette Notification-Delimitation and reservation-South 24 Pgs.pdf,3
West Bengal,2018,South 24 Pgs,Kulpi,29,Kulpi/ZP-29,zp_member,zilla parishad member,SC Woman,SC,1,SC WOMEN,,latin,data/wb/2018/1680-SEC-Gazette Notification-Delimitation and reservation-South 24 Pgs.pdf,3
West Bengal,2018,South 24 Pgs,Mathurapur-I,30,Mathurapur-I/ZP-30,zp_member,zilla parishad member,Other than Woman,NONE,0,,,latin,data/wb/2018/1680-SEC-Gazette Notification-Delimitation and reservation-South 24 Pgs.pdf,3
West Bengal,2018,South 24 Pgs,Mathurapur-I,31,Mathurapur-I/ZP-31,zp_member,zilla parishad member,SC Other than Woman,SC,0,SC,,latin,data/wb/2018/1680-SEC-Gazette Notification-Delimitation and reservation-South 24 Pgs.pdf,4
West Bengal,2018,South 24 Pgs,Mathurapur-II,32,Mathurapur -II/ZP-32,zp_member,zilla parishad member,Other than Woman,NONE,0,,,latin,data/wb/2018/1680-SEC-Gazette Notification-Delimitation and reservation-South 24 Pgs.pdf,4
West Bengal,2018,South 24 Pgs,Mathurapur-II,33,Mathurapur -II/ZP-33,zp_member,zilla parishad member,BC Woman,BC,1,BC WOMEN,,latin,data/wb/2018/1680-SEC-Gazette Notification-Delimitation and reservation-South 24 Pgs.pdf,4
West Bengal,2018,South 24 Pgs,Mathurapur-II,34,Mathurapur -II/ZP-34,zp_member,zilla parishad member,SC Other than Woman,SC,0,SC,,latin,data/wb/2018/1680-SEC-Gazette Notification-Delimitation and reservation-South 24 Pgs.pdf,4
West Bengal,2018,South 24 Pgs,Mandirbazar,35,Mandirbazar/ZP-35,zp_member,zilla parishad member,Other than Woman,NONE,0,,,latin,data/wb/2018/1680-SEC-Gazette Notification-Delimitation and reservation-South 24 Pgs.pdf,4
West Bengal,2018,South 24 Pgs,Mandirbazar,36,Mandirbazar/ZP-36,zp_member,zilla parishad member,SC Woman,SC,1,SC WOMEN,,latin,data/wb/2018/1680-SEC-Gazette Notification-Delimitation and reservation-South 24 Pgs.pdf,4
West Bengal,2018,South 24 Pgs,Mandirbazar,37,Mandirbazar/ZP-37,zp_member,zilla parishad member,Other than Woman,NONE,0,,,latin,data/wb/2018/1680-SEC-Gazette Notification-Delimitation and reservation-South 24 Pgs.pdf,4
West Bengal,2018,South 24 Pgs,Joynagar-I,38,Joynagar-I/ZP-38,zp_member,zilla parishad member,SC Other than Woman,SC,0,SC,,latin,data/wb/2018/1680-SEC-Gazette Notification-Delimitation and reservation-South 24 Pgs.pdf,4
West Bengal,2018,South 24 Pgs,Joynagar-I,39,Joynagar-I/ZP-39,zp_member,zilla parishad member,Other than Woman,NONE,0,,,latin,data/wb/2018/1680-SEC-Gazette Notification-Delimitation and reservation-South 24 Pgs.pdf,4
West Bengal,2018,South 24 Pgs,Joynagar-I,40,Joynagar-I/ZP-40,zp_member,zilla parishad member,Other than Woman,NONE,0,,,latin,data/wb/2018/1680-SEC-Gazette Notification-Delimitation and reservation-South 24 Pgs.pdf,4
West Bengal,2018,South 24 Pgs,Baruipur,41,Baruipur/ZP-41,zp_member,zilla parishad member,Other than Woman,NONE,0,,,latin,data/wb/2018/1680-SEC-Gazette Notification-Delimitation and reservation-South 24 Pgs.pdf,4
West Bengal,2018,South 24 Pgs,Baruipur,42,Baruipur/ZP-42,zp_member,zilla parishad member,Other than Woman,NONE,0,,,latin,data/wb/2018/1680-SEC-Gazette Notification-Delimitation and reservation-South 24 Pgs.pdf,4
West Bengal,2018,South 24 Pgs,Baruipur,43,Baruipur/ZP-43,zp_member,zilla parishad member,SC Woman,SC,1,SC WOMEN,,latin,data/wb/2018/1680-SEC-Gazette Notification-Delimitation and reservation-South 24 Pgs.pdf,4
West Bengal,2018,South 24 Pgs,Canning-I,44,Canning-I/ZP-44,zp_member,zilla parishad member,Other than Woman,NONE,0,,,latin,data/wb/2018/1680-SEC-Gazette Notification-Delimitation and reservation-South 24 Pgs.pdf,5
West Bengal,2018,South 24 Pgs,Canning-I,45,Canning-I/ZP-45,zp_member,zilla parishad member,SC Other than Woman,SC,0,SC,,latin,data/wb/2018/1680-SEC-Gazette Notification-Delimitation and reservation-South 24 Pgs.pdf,5
West Bengal,2018,South 24 Pgs,Canning-I,46,Canning-I/ZP-46,zp_member,zilla parishad member,Other than Woman,NONE,0,,,latin,data/wb/2018/1680-SEC-Gazette Notification-Delimitation and reservation-South 24 Pgs.pdf,5
West Bengal,2018,South 24 Pgs,Bhangore-I,47,Bhangore-I/ZP-47,zp_member,zilla parishad member,SC Woman,SC,1,SC WOMEN,,latin,data/wb/2018/1680-SEC-Gazette Notification-Delimitation and reservation-South 24 Pgs.pdf,5
West Bengal,2018,South 24 Pgs,Bhangore-I,48,Bhangore-I/ZP-48,zp_member,zilla parishad member,BC Other than Woman,BC,0,BC,,latin,data/wb/2018/1680-SEC-Gazette Notification-Delimitation and reservation-South 24 Pgs.pdf,5
West Bengal,2018,South 24 Pgs,Bhangore-I,49,Bhangore-I/ZP-49,zp_member,zilla parishad member,BC Woman,BC,1,BC WOMEN,,latin,data/wb/2018/1680-SEC-Gazette Notification-Delimitation and reservation-South 24 Pgs.pdf,5
West Bengal,2018,South 24 Pgs,Magrahat-II,50,Magrahat-II/ZP-50,zp_member,zilla parishad member,Woman,NONE,1,WOMEN,,latin,data/wb/2018/1680-SEC-Gazette Notification-Delimitation and reservation-South 24 Pgs.pdf,5
West Bengal,2018,South 24 Pgs,Magrahat-II,51,Magrahat-II/ZP-51,zp_member,zilla parishad member,SC Other than Woman,SC,0,SC,,latin,data/wb/2018/1680-SEC-Gazette Notification-Delimitation and reservation-South 24 Pgs.pdf,5
West Bengal,2018,South 24 Pgs,Magrahat-II,52,Magrahat-II/ZP-52,zp_member,zilla parishad member,Other than Woman,NONE,0,,,latin,data/wb/2018/1680-SEC-Gazette Notification-Delimitation and reservation-South 24 Pgs.pdf,5
West Bengal,2018,South 24 Pgs,Magrahat-I,53,Magrahat-I/ZP-53,zp_member,zilla parishad member,SC Woman,SC,1,SC WOMEN,,latin,data/wb/2018/1680-SEC-Gazette Notification-Delimitation and reservation-South 24 Pgs.pdf,5
West Bengal,2018,South 24 Pgs,Magrahat-I,54,Magrahat-I/ZP-54,zp_member,zilla parishad member,Woman,NONE,1,WOMEN,,latin,data/wb/2018/1680-SEC-Gazette Notification-Delimitation and reservation-South 24 Pgs.pdf,5
West Bengal,2018,South 24 Pgs,Magrahat-I,55,Magrahat-I/ZP-55,zp_member,zilla parishad member,BC Other than Woman,BC,0,BC,,latin,data/wb/2018/1680-SEC-Gazette Notification-Delimitation and reservation-South 24 Pgs.pdf,5
West Bengal,2018,South 24 Pgs,Diamond Harbour-I,56,Diamond Harbour -I/ZP-56,zp_member,zilla parishad member,Other than Woman,NONE,0,,,latin,data/wb/2018/1680-SEC-Gazette Notification-Delimitation and reservation-South 24 Pgs.pdf,5
West Bengal,2018,South 24 Pgs,Diamond Harbour-I,57,Diamond Harbour -I/ZP-57,zp_member,zilla parishad member,BC Woman,BC,1,BC WOMEN,,latin,data/wb/2018/1680-SEC-Gazette Notification-Delimitation and reservation-South 24 Pgs.pdf,5
West Bengal,2018,South 24 Pgs,Diamond Harbour-III,58,Diamond Harbour-IlI/ZP-58,zp_member,zilla parishad member,SC Other than Woman,SC,0,SC,,latin,data/wb/2018/1680-SEC-Gazette Notification-Delimitation and reservation-South 24 Pgs.pdf,5
West Bengal,2018,South 24 Pgs,Diamond Harbour-II,59,Diamond Harbour-II/ZP-59,zp_member,zilla parishad member,BC Woman,BC,1,BC WOMEN,,latin,data/wb/2018/1680-SEC-Gazette Notification-Delimitation and reservation-South 24 Pgs.pdf,5
West Bengal,2018,South 24 Pgs,Falta,60,Falta/ZP-60,zp_member,zilla parishad member,SC Other than Woman,SC,0,SC,,latin,data/wb/2018/1680-SEC-Gazette Notification-Delimitation and reservation-South 24 Pgs.pdf,6
West Bengal,2018,South 24 Pgs,Falta,61,Falta/ZP-61,zp_member,zilla parishad member,SC Woman,SC,1,SC WOMEN,,latin,data/wb/2018/1680-SEC-Gazette Notification-Delimitation and reservation-South 24 Pgs.pdf,6
West Bengal,2018,South 24 Pgs,Falta,62,Falta/ZP-62,zp_member,zilla parishad member,SC Other than Woman,SC,0,SC,,latin,data/wb/2018/1680-SEC-Gazette Notification-Delimitation and reservation-South 24 Pgs.pdf,6
West Bengal,2018,South 24 Pgs,Bishnupur-II,63,Bishnupur-II/ZP-63,zp_member,zilla parishad member,Woman,NONE,1,WOMEN,,latin,data/wb/2018/1680-SEC-Gazette Notification-Delimitation and reservation-South 24 Pgs.pdf,6
West Bengal,2018,South 24 Pgs,Bishnupur-II,64,Bishnupur-II/ZP-64,zp_member,zilla parishad member,Other than Woman,NONE,0,,,latin,data/wb/2018/1680-SEC-Gazette Notification-Delimitation and reservation-South 24 Pgs.pdf,6
West Bengal,2018,South 24 Pgs,Bishnupur-II,65,Bishnupur-II/ZP-65,zp_member,zilla parishad member,BC Woman,BC,1,BC WOMEN,,latin,data/wb/2018/1680-SEC-Gazette Notification-Delimitation and reservation-South 24 Pgs.pdf,6
West Bengal,2018,South 24 Pgs,Budge Budge-II,66,Budge Budge -II/ZP-66,zp_member,zilla parishad member,Woman,NONE,1,WOMEN,,latin,data/wb/2018/1680-SEC-Gazette Notification-Delimitation and reservation-South 24 Pgs.pdf,6
West Bengal,2018,South 24 Pgs,Budge Budge-II,67,Budge Budge-II/ZP-67,zp_member,zilla parishad member,BC Other than Woman,BC,0,BC,,latin,data/wb/2018/1680-SEC-Gazette Notification-Delimitation and reservation-South 24 Pgs.pdf,6
West Bengal,2018,South 24 Pgs,Budge Budge-II,68,Budge Budge-II/ZP-68,zp_member,zilla parishad member,SC Woman,SC,1,SC WOMEN,,latin,data/wb/2018/1680-SEC-Gazette Notification-Delimitation and reservation-South 24 Pgs.pdf,6
West Bengal,2018,South 24 Pgs,Thakurpukur Maheshtala,69,Thakurpukur Maheshtala/ZP-69,zp_member,zilla parishad member,Other than Woman,NONE,0,,,latin,data/wb/2018/1680-SEC-Gazette Notification-Delimitation and reservation-South 24 Pgs.pdf,6
West Bengal,2018,South 24 Pgs,Thakurpukur Maheshtala,70,Thakurpukur Maheshtala/ZP-70,zp_member,zilla parishad member,SC Other than Woman,SC,0,SC,,latin,data/wb/2018/1680-SEC-Gazette Notification-Delimitation and reservation-South 24 Pgs.pdf,6
West Bengal,2018,South 24 Pgs,Bishnupur-I,71,Bishnupur-I/ZP-71,zp_member,zilla parishad member,SC Woman,SC,1,SC WOMEN,,latin,data/wb/2018/1680-SEC-Gazette Notification-Delimitation and reservation-South 24 Pgs.pdf,6
West Bengal,2018,South 24 Pgs,Bishnupur-I,72,Bishnupur-I/ZP-72,zp_member,zilla parishad member,Woman,NONE,1,WOMEN,,latin,data/wb/2018/1680-SEC-Gazette Notification-Delimitation and reservation-South 24 Pgs.pdf,6
West Bengal,2018,South 24 Pgs,Bishnupur-I,73,Bishnupur-I/ZP-73,zp_member,zilla parishad member,Other than Woman,NONE,0,,,latin,data/wb/2018/1680-SEC-Gazette Notification-Delimitation and reservation-South 24 Pgs.pdf,6
West Bengal,2018,South 24 Pgs,Sonarpur,74,Sonarpur/ZP-74,zp_member,zilla parishad member,Woman,NONE,1,WOMEN,,latin,data/wb/2018/1680-SEC-Gazette Notification-Delimitation and reservation-South 24 Pgs.pdf,6
West Bengal,2018,South 24 Pgs,Sonarpur,75,Sonarpur/ZP-75,zp_member,zilla parishad member,Other than Woman,NONE,0,,,latin,data/wb/2018/1680-SEC-Gazette Notification-Delimitation and reservation-South 24 Pgs.pdf,7
West Bengal,2018,South 24 Pgs,Sonarpur,76,Sonarpur/ZP-76,zp_member,zilla parishad member,SC Other than Woman,SC,0,SC,,latin,data/wb/2018/1680-SEC-Gazette Notification-Delimitation and reservation-South 24 Pgs.pdf,7
West Bengal,2018,South 24 Pgs,Bhangore-II,77,Bhangore-II/ZP-77,zp_member,zilla parishad member,Other than Woman,NONE,0,,,latin,data/wb/2018/1680-SEC-Gazette Notification-Delimitation and reservation-South 24 Pgs.pdf,7
West Bengal,2018,South 24 Pgs,Bhangore-II,78,Bhangore-II/ZP-78,zp_member,zilla parishad member,BC Woman,BC,1,BC WOMEN,,latin,data/wb/2018/1680-SEC-Gazette Notification-Delimitation and reservation-South 24 Pgs.pdf,7
West Bengal,2018,South 24 Pgs,Bhangore-II,79,Bhangore-II/ZP-79,zp_member,zilla parishad member,BC Other than Woman,BC,0,BC,,latin,data/wb/2018/1680-SEC-Gazette Notification-Delimitation and reservation-South 24 Pgs.pdf,7
West Bengal,2018,South 24 Pgs,Budge Budge-I,80,Budge Budge -I/ZP-80,zp_member,zilla parishad member,BC Woman,BC,1,BC WOMEN,,latin,data/wb/2018/1680-SEC-Gazette Notification-Delimitation and reservation-South 24 Pgs.pdf,7
West Bengal,2018,South 24 Pgs,Budge Budge-I,81,Budge Budge-I/ZP-81,zp_member,zilla parishad member,Other than Woman,NONE,0,,,latin,data/wb/2018/1680-SEC-Gazette Notification-Delimitation and reservation-South 24 Pgs.pdf,7
West Bengal,2018,Howrah,SankraiI,1,Sankrail/ZP-1,zp_member,zilla parishad member,Woman,NONE,1,WOMEN,,latin,data/wb/2018/1681-SEC-Gazette Notification-Delimitation and reservation-Howrah.pdf,1
West Bengal,2018,Howrah,SankraiI,2,Sankrail/ZP-2,zp_member,zilla parishad member,Woman,NONE,1,WOMEN,,latin,data/wb/2018/1681-SEC-Gazette Notification-Delimitation and reservation-Howrah.pdf,1
West Bengal,2018,Howrah,SankraiI,3,Sankrail/ZP-3,zp_member,zilla parishad member,Woman,NONE,1,WOMEN,,latin,data/wb/2018/1681-SEC-Gazette Notification-Delimitation and reservation-Howrah.pdf,2
West Bengal,2018,Howrah,Domjur,4,Domjur/ZP-4,zp_member,zilla parishad member,SC Other than Woman,SC,0,SC,,latin,data/wb/2018/1681-SEC-Gazette Notification-Delimitation and reservation-Howrah.pdf,2
West Bengal,2018,Howrah,Domjur,5,Domjur/ZP-5,zp_member,zilla parishad member,Woman,NONE,1,WOMEN,,latin,data/wb/2018/1681-SEC-Gazette Notification-Delimitation and reservation-Howrah.pdf,2
West Bengal,2018,Howrah,Domjur,6,Domjur/ZP-6,zp_member,zilla parishad member,Woman,NONE,1,WOMEN,,latin,data/wb/2018/1681-SEC-Gazette Notification-Delimitation and reservation-Howrah.pdf,2
West Bengal,2018,Howrah,Jagatballavpur,7,Jagatballavpur/ZP-7,zp_member,zilla parishad member,SC Woman,SC,1,SC WOMEN,,latin,data/wb/2018/1681-SEC-Gazette Notification-Delimitation and reservation-Howrah.pdf,2
West Bengal,2018,Howrah,Jagatballavpur,8,Jagatballavpur/ZP-8,zp_member,zilla parishad member,Woman,NONE,1,WOMEN,,latin,data/wb/2018/1681-SEC-Gazette Notification-Delimitation and reservation-Howrah.pdf,2
West Bengal,2018,Howrah,Jagatballavpur,9,Jagatballavpur/ZP-9,zp_member,zilla parishad member,SC Other than Woman,SC,0,SC,,latin,data/wb/2018/1681-SEC-Gazette Notification-Delimitation and reservation-Howrah.pdf,2
West Bengal,2018,Howrah,Panchla,10,Panchla/ZP-10,zp_member,zilla parishad member,Other than Woman,NONE,0,,,latin,data/wb/2018/1681-SEC-Gazette Notification-Delimitation and reservation-Howrah.pdf,2
West Bengal,2018,Howrah,Panchla,11,Panchla/ZP-11,zp_member,zilla parishad member,BC Woman,BC,1,BC WOMEN,,latin,data/wb/2018/1681-SEC-Gazette Notification-Delimitation and reservation-Howrah.pdf,2
West Bengal,2018,Howrah,Panchla,12,Panchla/ZP-12,zp_member,zilla parishad member,Woman,NONE,1,WOMEN,,latin,data/wb/2018/1681-SEC-Gazette Notification-Delimitation and reservation-Howrah.pdf,2
West Bengal,2018,Howrah,Uluberia-II,13,Uluberia-II/ZP-13,zp_member,zilla parishad member,Other than Woman,NONE,0,,,latin,data/wb/2018/1681-SEC-Gazette Notification-Delimitation and reservation-Howrah.pdf,2
West Bengal,2018,Howrah,Uluberia-II,14,Uluberia-II/ZP-14,zp_member,zilla parishad member,Woman,NONE,1,WOMEN,,latin,data/wb/2018/1681-SEC-Gazette Notification-Delimitation and reservation-Howrah.pdf,2
West Bengal,2018,Howrah,Amta-I,15,Amta-I/ZP-15,zp_member,zilla parishad member,SC Other than Woman,SC,0,SC,,latin,data/wb/2018/1681-SEC-Gazette Notification-Delimitation and reservation-Howrah.pdf,3
West Bengal,2018,Howrah,Amta-I,16,Amta-I/ZP-16,zp_member,zilla parishad member,Other than Woman,NONE,0,,,latin,data/wb/2018/1681-SEC-Gazette Notification-Delimitation and reservation-Howrah.pdf,3
West Bengal,2018,Howrah,Amta-I,17,Amta-I/ZP-17,zp_member,zilla parishad member,SC Woman,SC,1,SC WOMEN,,latin,data/wb/2018/1681-SEC-Gazette Notification-Delimitation and reservation-Howrah.pdf,3
West Bengal,2018,Howrah,Uluberia-I,18,Uluberia-I/ZP-18,zp_member,zilla parishad member,Woman,NONE,1,WOMEN,,latin,data/wb/2018/1681-SEC-Gazette Notification-Delimitation and reservation-Howrah.pdf,3
West Bengal,2018,Howrah,Uluberia-I,19,Uluberia-I/ZP-19,zp_member,zilla parishad member,SC Other than Woman,SC,0,SC,,latin,data/wb/2018/1681-SEC-Gazette Notification-Delimitation and reservation-Howrah.pdf,3
West Bengal,2018,Howrah,Uluberia-I,20,Uluberia-I/ZP-20,zp_member,zilla parishad member,Other than Woman,NONE,0,,,latin,data/wb/2018/1681-SEC-Gazette Notification-Delimitation and reservation-Howrah.pdf,3
West Bengal,2018,Howrah,Shyampur-I,21,Shyampur-I/ZP-21,zp_member,zilla parishad member,Woman,NONE,1,WOMEN,,latin,data/wb/2018/1681-SEC-Gazette Notification-Delimitation and reservation-Howrah.pdf,3
West Bengal,2018,Howrah,Shyampur-I,22,Shyampur-I/ZP-22,zp_member,zilla parishad member,Other than Woman,NONE,0,,,latin,data/wb/2018/1681-SEC-Gazette Notification-Delimitation and reservation-Howrah.pdf,3
West Bengal,2018,Howrah,Shyampur-I,23,Shyampur-I/ZP-23,zp_member,zilla parishad member,BC Woman,BC,1,BC WOMEN,,latin,data/wb/2018/1681-SEC-Gazette Notification-Delimitation and reservation-Howrah.pdf,3
West Bengal,2018,Howrah,Shyampur-II,24,Shyampur-II/ZP-24,zp_member,zilla parishad member,Other than Woman,NONE,0,,,latin,data/wb/2018/1681-SEC-Gazette Notification-Delimitation and reservation-Howrah.pdf,3
West Bengal,2018,Howrah,Shyampur-II,25,Shyampur-II/ZP-25,zp_member,zilla parishad member,Other than Woman,NONE,0,,,latin,data/wb/2018/1681-SEC-Gazette Notification-Delimitation and reservation-Howrah.pdf,3
West Bengal,2018,Howrah,Shyampur-II,26,Shyampur-II/ZP-26,zp_member,zilla parishad member,Other than Woman,NONE,0,,,latin,data/wb/2018/1681-SEC-Gazette Notification-Delimitation and reservation-Howrah.pdf,3
West Bengal,2018,Howrah,Bagnan-I,27,Bagnan-I/ZP-27,zp_member,zilla parishad member,BC Other than Woman,BC,0,BC,,latin,data/wb/2018/1681-SEC-Gazette Notification-Delimitation and reservation-Howrah.pdf,3
West Bengal,2018,Howrah,Bagnan-I,28,Bagnan-I/ZP-28,zp_member,zilla parishad member,BC Woman,BC,1,BC WOMEN,,latin,data/wb/2018/1681-SEC-Gazette Notification-Delimitation and reservation-Howrah.pdf,3
West Bengal,2018,Howrah,Bagnan-I,29,Bagnan-I/ZP-29,zp_member,zilla parishad member,Other than Woman,NONE,0,,,latin,data/wb/2018/1681-SEC-Gazette Notification-Delimitation and reservation-Howrah.pdf,3
West Bengal,2018,Howrah,Bagnan-II,30,Bagnan - II/ZP-30,zp_member,zilla parishad member,SC Other than Woman,SC,0,SC,,latin,data/wb/2018/1681-SEC-Gazette Notification-Delimitation and reservation-Howrah.pdf,4
West Bengal,2018,Howrah,Bagnan-II,31,Bagnan - II/ZP-31,zp_member,zilla parishad member,BC Woman,BC,1,BC WOMEN,,latin,data/wb/2018/1681-SEC-Gazette Notification-Delimitation and reservation-Howrah.pdf,4
West Bengal,2018,Howrah,Amta-II,32,Amta - II/ZP-32,zp_member,zilla parishad member,SC Other than Woman,SC,0,SC,,latin,data/wb/2018/1681-SEC-Gazette Notification-Delimitation and reservation-Howrah.pdf,4
West Bengal,2018,Howrah,Amta-II,33,Amta - II/ZP-33,zp_member,zilla parishad member,Woman,NONE,1,WOMEN,,latin,data/wb/2018/1681-SEC-Gazette Notification-Delimitation and reservation-Howrah.pdf,4
West Bengal,2018,Howrah,Amta-II,34,Amta - II/ZP-34,zp_member,zilla parishad member,BC Woman,BC,1,BC WOMEN,,latin,data/wb/2018/1681-SEC-Gazette Notification-Delimitation and reservation-Howrah.pdf,4
West Bengal,2018,Howrah,Udaynarayanpur,35,Udaynarayanpur/ZP-35,zp_member,zilla parishad member,Other than Woman,NONE,0,,,latin,data/wb/2018/1681-SEC-Gazette Notification-Delimitation and reservation-Howrah.pdf,4
West Bengal,2018,Howrah,Udaynarayanpur,36,Udaynarayanpur/ZP-36,zp_member,zilla parishad member,BC Other than Woman,BC,0,BC,,latin,data/wb/2018/1681-SEC-Gazette Notification-Delimitation and reservation-Howrah.pdf,4
West Bengal,2018,Howrah,Udaynarayanpur,37,Udaynarayanpur/ZP-37,zp_member,zilla parishad member,SC Woman,SC,1,SC WOMEN,,latin,data/wb/2018/1681-SEC-Gazette Notification-Delimitation and reservation-Howrah.pdf,4
West Bengal,2018,Howrah,Bally-Jagacha,38,Bally-Jagacha/ZP-38,zp_member,zilla parishad member,BC Other than Woman,BC,0,BC,,latin,data/wb/2018/1681-SEC-Gazette Notification-Delimitation and reservation-Howrah.pdf,4
West Bengal,2018,Howrah,Bally-Jagacha,39,Bally-Jagacha/ZP-39,zp_member,zilla parishad member,Woman,NONE,1,WOMEN,,latin,data/wb/2018/1681-SEC-Gazette Notification-Delimitation and reservation-Howrah.pdf,4
West Bengal,2018,Howrah,Bally-Jagacha,40,Bally-Jagacha/ZP-40,zp_member,zilla parishad member,Other than Woman,NONE,0,,,latin,data/wb/2018/1681-SEC-Gazette Notification-Delimitation and reservation-Howrah.pdf,4
West Bengal,2018,Hooghly,Serampore-Uttarpara,1,Serampore-Uttarpara/ZP-1,zp_member,zilla parishad member,SC Other than Woman,SC,0,SC,,latin,data/wb/2018/1682-SEC-Gazette Notification-Delimitation and reservation-Hooghly.pdf,1
West Bengal,2018,Hooghly,Serampore-Uttarpara,2,Serampore-Uttarpara/ZP-2,zp_member,zilla parishad member,Woman,NONE,1,WOMEN,,latin,data/wb/2018/1682-SEC-Gazette Notification-Delimitation and reservation-Hooghly.pdf,1
West Bengal,2018,Hooghly,Singur,3,Singur/ZP-3,zp_member,zilla parishad member,BC Woman,BC,1,BC WOMEN,,latin,data/wb/2018/1682-SEC-Gazette Notification-Delimitation and reservation-Hooghly.pdf,2
West Bengal,2018,Hooghly,Singur,4,Singur/ZP-4,zp_member,zilla parishad member,SC Other than Woman,SC,0,SC,,latin,data/wb/2018/1682-SEC-Gazette Notification-Delimitation and reservation-Hooghly.pdf,2
West Bengal,2018,Hooghly,Singur,5,Singur/ZP-5,zp_member,zilla parishad member,Woman,NONE,1,WOMEN,,latin,data/wb/2018/1682-SEC-Gazette Notification-Delimitation and reservation-Hooghly.pdf,2
West Bengal,2018,Hooghly,Chanditala-II,6,Chanditala-II/ZP-6,zp_member,zilla parishad member,SC Woman,SC,1,SC WOMEN,,latin,data/wb/2018/1682-SEC-Gazette Notification-Delimitation and reservation-Hooghly.pdf,2
West Bengal,2018,Hooghly,Chanditala-II,7,Chanditala-II/ZP-7,zp_member,zilla parishad member,Woman,NONE,1,WOMEN,,latin,data/wb/2018/1682-SEC-Gazette Notification-Delimitation and reservation-Hooghly.pdf,2
West Bengal,2018,Hooghly,Polba-Dadpur,8,Polba-Dadpur/ZP-8,zp_member,zilla parishad member,Other than Woman,NONE,0,,,latin,data/wb/2018/1682-SEC-Gazette Notification-Delimitation and reservation-Hooghly.pdf,2
West Bengal,2018,Hooghly,Polba-Dadpur,9,Polba-Dadpur/ZP-9,zp_member,zilla parishad member,Woman,NONE,1,WOMEN,,latin,data/wb/2018/1682-SEC-Gazette Notification-Delimitation and reservation-Hooghly.pdf,2
West Bengal,2018,Hooghly,Polba-Dadpur,10,Polba-Dadpur/ZP-10,zp_member,zilla parishad member,SC Other than Woman,SC,0,SC,,latin,data/wb/2018/1682-SEC-Gazette Notification-Delimitation and reservation-Hooghly.pdf,2
West Bengal,2018,Hooghly,Chinsurah-Mogra,11,Chinsurah-Mogra/ZP-11,zp_member,zilla parishad member,SC Woman,SC,1,SC WOMEN,,latin,data/wb/2018/1682-SEC-Gazette Notification-Delimitation and reservation-Hooghly.pdf,2
West Bengal,2018,Hooghly,Chinsurah-Mogra,12,Chinsurah-Mogra/ZP-12,zp_member,zilla parishad member,BC Other than Woman,BC,0,BC,,latin,data/wb/2018/1682-SEC-Gazette Notification-Delimitation and reservation-Hooghly.pdf,2
West Bengal,2018,Hooghly,Chinsurah-Mogra,13,Chinsurah-Mogra/ZP-13,zp_member,zilla parishad member,Woman,NONE,1,WOMEN,,latin,data/wb/2018/1682-SEC-Gazette Notification-Delimitation and reservation-Hooghly.pdf,2
West Bengal,2018,Hooghly,Balagarh,14,Balagarh/ZP-14,zp_member,zilla parishad member,SC Woman,SC,1,SC WOMEN,,latin,data/wb/2018/1682-SEC-Gazette Notification-Delimitation and reservation-Hooghly.pdf,2
West Bengal,2018,Hooghly,Balagarh,15,Balagarh/ZP-15,zp_member,zilla parishad member,Woman,NONE,1,WOMEN,,latin,data/wb/2018/1682-SEC-Gazette Notification-Delimitation and reservation-Hooghly.pdf,2
West Bengal,2018,Hooghly,Balagarh,16,Balagarh/ZP-16,zp_member,zilla parishad member,SC Other than Woman,SC,0,SC,,latin,data/wb/2018/1682-SEC-Gazette Notification-Delimitation and reservation-Hooghly.pdf,2
West Bengal,2018,Hooghly,Pandua,17,Pandua/ZP-17,zp_member,zilla parishad member,Woman,NONE,1,WOMEN,,latin,data/wb/2018/1682-SEC-Gazette Notification-Delimitation and reservation-Hooghly.pdf,3
West Bengal,2018,Hooghly,Pandua,18,Pandua/ZP-18,zp_member,zilla parishad member,Woman,NONE,1,WOMEN,,latin,data/wb/2018/1682-SEC-Gazette Notification-Delimitation and reservation-Hooghly.pdf,3
West Bengal,2018,Hooghly,Pandua,19,Pandua/ZP-19,zp_member,zilla parishad member,ST Woman,ST,1,ST WOMEN,,latin,data/wb/2018/1682-SEC-Gazette Notification-Delimitation and reservation-Hooghly.pdf,3
West Bengal,2018,Hooghly,Chanditala-I,20,Chanditala-I/ZP-20,zp_member,zilla parishad member,SC Other than Woman,SC,0,SC,,latin,data/wb/2018/1682-SEC-Gazette Notification-Delimitation and reservation-Hooghly.pdf,3
West Bengal,2018,Hooghly,Chanditala-I,21,Chanditala-I/ZP-21,zp_member,zilla parishad member,BC Woman,BC,1,BC WOMEN,,latin,data/wb/2018/1682-SEC-Gazette Notification-Delimitation and reservation-Hooghly.pdf,3
West Bengal,2018,Hooghly,Chanditala-I,22,Chanditala-I/ZP-22,zp_member,zilla parishad member,Other than Woman,NONE,0,,,latin,data/wb/2018/1682-SEC-Gazette Notification-Delimitation and reservation-Hooghly.pdf,3
West Bengal,2018,Hooghly,Jangipara,23,Jangipara/ZP-23,zp_member,zilla parishad member,BC Other than Woman,BC,0,BC,,latin,data/wb/2018/1682-SEC-Gazette Notification-Delimitation and reservation-Hooghly.pdf,3
West Bengal,2018,Hooghly,Jangipara,24,Jangipara/ZP-24,zp_member,zilla parishad member,BC Woman,BC,1,BC WOMEN,,latin,data/wb/2018/1682-SEC-Gazette Notification-Delimitation and reservation-Hooghly.pdf,3
West Bengal,2018,Hooghly,Jangipara,25,Jangipara/ZP-25,zp_member,zilla parishad member,SC Other than Woman,SC,0,SC,,latin,data/wb/2018/1682-SEC-Gazette Notification-Delimitation and reservation-Hooghly.pdf,3
West Bengal,2018,Hooghly,HaripaI,26,Haripal/ZP-26,zp_member,zilla parishad member,Woman,NONE,1,WOMEN,,latin,data/wb/2018/1682-SEC-Gazette Notification-Delimitation and reservation-Hooghly.pdf,3
West Bengal,2018,Hooghly,HaripaI,27,Haripal/ZP-27,zp_member,zilla parishad member,BC Woman,BC,1,BC WOMEN,,latin,data/wb/2018/1682-SEC-Gazette Notification-Delimitation and reservation-Hooghly.pdf,3
West Bengal,2018,Hooghly,HaripaI,28,Haripal/ZP-28,zp_member,zilla parishad member,Woman,NONE,1,WOMEN,,latin,data/wb/2018/1682-SEC-Gazette Notification-Delimitation and reservation-Hooghly.pdf,3
West Bengal,2018,Hooghly,Dhaniakhali,29,Dhaniakhali/ZP-29,zp_member,zilla parishad member,Other than Woman,NONE,0,,,latin,data/wb/2018/1682-SEC-Gazette Notification-Delimitation and reservation-Hooghly.pdf,4
West Bengal,2018,Hooghly,Dhaniakhali,30,Dhaniakhali/ZP-30,zp_member,zilla parishad member,ST Other than Woman,ST,0,ST,,latin,data/wb/2018/1682-SEC-Gazette Notification-Delimitation and reservation-Hooghly.pdf,4
West Bengal,2018,Hooghly,Dhaniakhali,31,Dhaniakhali/ZP-31,zp_member,zilla parishad member,Woman,NONE,1,WOMEN,,latin,data/wb/2018/1682-SEC-Gazette Notification-Delimitation and reservation-Hooghly.pdf,4
West Bengal,2018,Hooghly,Tarakeswar,32,Tarakeswar/ZP-32,zp_member,zilla parishad member,Other than Woman,NONE,0,,,latin,data/wb/2018/1682-SEC-Gazette Notification-Delimitation and reservation-Hooghly.pdf,4
West Bengal,2018,Hooghly,Tarakeswar,33,Tarakeswar/ZP-33,zp_member,zilla parishad member,SC Woman,SC,1,SC WOMEN,,latin,data/wb/2018/1682-SEC-Gazette Notification-Delimitation and reservation-Hooghly.pdf,4
West Bengal,2018,Hooghly,Tarakeswar,34,Tarakeswar/ZP-34,zp_member,zilla parishad member,Other than Woman,NONE,0,,,latin,data/wb/2018/1682-SEC-Gazette Notification-Delimitation and reservation-Hooghly.pdf,4
West Bengal,2018,Hooghly,Pursurah,35,Pursurah/ZP-35,zp_member,zilla parishad member,SC Other than Woman,SC,0,SC,,latin,data/wb/2018/1682-SEC-Gazette Notification-Delimitation and reservation-Hooghly.pdf,4
West Bengal,2018,Hooghly,Pursurah,36,Pursurah/ZP-36,zp_member,zilla parishad member,SC Woman,SC,1,SC WOMEN,,latin,data/wb/2018/1682-SEC-Gazette Notification-Delimitation and reservation-Hooghly.pdf,4
West Bengal,2018,Hooghly,Pursurah,37,Pursurah/ZP-37,zp_member,zilla parishad member,BC Other than Woman,BC,0,BC,,latin,data/wb/2018/1682-SEC-Gazette Notification-Delimitation and reservation-Hooghly.pdf,4
West Bengal,2018,Hooghly,Arambagh,38,Arambagh/ZP-38,zp_member,zilla parishad member,Other than Woman,NONE,0,,,latin,data/wb/2018/1682-SEC-Gazette Notification-Delimitation and reservation-Hooghly.pdf,4
West Bengal,2018,Hooghly,Arambagh,39,Arambagh/ZP-39,zp_member,zilla parishad member,Other than Woman,NONE,0,,,latin,data/wb/2018/1682-SEC-Gazette Notification-Delimitation and reservation-Hooghly.pdf,4
West Bengal,2018,Hooghly,Arambagh,40,Arambagh/ZP-40,zp_member,zilla parishad member,Other than Woman,NONE,0,,,latin,data/wb/2018/1682-SEC-Gazette Notification-Delimitation and reservation-Hooghly.pdf,4
West Bengal,2018,Hooghly,Khanakul-I,41,Khanakul-I/ZP-41,zp_member,zilla parishad member,Other than Woman,NONE,0,,,latin,data/wb/2018/1682-SEC-Gazette Notification-Delimitation and reservation-Hooghly.pdf,4
West Bengal,2018,Hooghly,Khanakul-I,42,Khanakul-I/ZP-42,zp_member,zilla parishad member,SC Woman,SC,1,SC WOMEN,,latin,data/wb/2018/1682-SEC-Gazette Notification-Delimitation and reservation-Hooghly.pdf,4
West Bengal,2018,Hooghly,Khanakul-I,43,Khanakul-I/ZP-43,zp_member,zilla parishad member,Other than Woman,NONE,0,,,latin,data/wb/2018/1682-SEC-Gazette Notification-Delimitation and reservation-Hooghly.pdf,4
West Bengal,2018,Hooghly,Goghat-II,44,Goghat-II/ZP-44,zp_member,zilla parishad member,SC Other than Woman,SC,0,SC,,latin,data/wb/2018/1682-SEC-Gazette Notification-Delimitation and reservation-Hooghly.pdf,5
West Bengal,2018,Hooghly,Goghat-II,45,Goghat-II/ZP-45,zp_member,zilla parishad member,Woman,NONE,1,WOMEN,,latin,data/wb/2018/1682-SEC-Gazette Notification-Delimitation and reservation-Hooghly.pdf,5
West Bengal,2018,Hooghly,Goghat-I,46,Goghat-I/ZP-46,zp_member,zilla parishad member,ST Woman,ST,1,ST WOMEN,,latin,data/wb/2018/1682-SEC-Gazette Notification-Delimitation and reservation-Hooghly.pdf,5
West Bengal,2018,Hooghly,Goghat-I,47,Goghat-I/ZP-47,zp_member,zilla parishad member,SC Other than Woman,SC,0,SC,,latin,data/wb/2018/1682-SEC-Gazette Notification-Delimitation and reservation-Hooghly.pdf,5
West Bengal,2018,Hooghly,Khanakul-II,48,Khanakul - II/ZP-48,zp_member,zilla parishad member,Other than Woman,NONE,0,,,latin,data/wb/2018/1682-SEC-Gazette Notification-Delimitation and reservation-Hooghly.pdf,5
West Bengal,2018,Hooghly,Khanakul-II,49,Khanakul - II/ZP-49,zp_member,zilla parishad member,Woman,NONE,1,WOMEN,,latin,data/wb/2018/1682-SEC-Gazette Notification-Delimitation and reservation-Hooghly.pdf,5
West Bengal,2018,Hooghly,Khanakul-II,50,Khanakul - II/ZP-50,zp_member,zilla parishad member,Other than Woman,NONE,0,,,latin,data/wb/2018/1682-SEC-Gazette Notification-Delimitation and reservation-Hooghly.pdf,5
West Bengal,2018,Purba Medinipur,Sahid Matangini,1,Sahid Matangini/ZP-1,zp_member,zilla parishad member,Woman,NONE,1,WOMEN,0,latin,data/wb/2018/1683-SEC-Gazette Notification-Delimitation and reservation-Purba Medinipur.pdf,1
West Bengal,2018,Purba Medinipur,Sahid Matangini,2,Sahid Matangini/ZP-2,zp_member,zilla parishad member,Woman,NONE,1,WOMEN,1,latin,data/wb/2018/1683-SEC-Gazette Notification-Delimitation and reservation-Purba Medinipur.pdf,1
West Bengal,2018,Purba Medinipur,Sahid Matangini,3,Sahid Matangini/ZP-3,zp_member,zilla parishad member,Woman,NONE,1,WOMEN,1,latin,data/wb/2018/1683-SEC-Gazette Notification-Delimitation and reservation-Purba Medinipur.pdf,2
West Bengal,2018,Purba Medinipur,Tamluk,4,Tamluk/ZP-4,zp_member,zilla parishad member,Woman,NONE,1,WOMEN,1,latin,data/wb/2018/1683-SEC-Gazette Notification-Delimitation and reservation-Purba Medinipur.pdf,2
West Bengal,2018,Purba Medinipur,Tamluk,5,Tamluk/ZP-5,zp_member,zilla parishad member,Woman,NONE,1,WOMEN,1,latin,data/wb/2018/1683-SEC-Gazette Notification-Delimitation and reservation-Purba Medinipur.pdf,2
West Bengal,2018,Purba Medinipur,Tamluk,6,Tamluk/ZP-6,zp_member,zilla parishad member,Other than Woman,NONE,0,,1,latin,data/wb/2018/1683-SEC-Gazette Notification-Delimitation and reservation-Purba Medinipur.pdf,2
West Bengal,2018,Purba Medinipur,Kolaghat,7,Kolaghat/ZP-7,zp_member,zilla parishad member,Woman,NONE,1,WOMEN,1,latin,data/wb/2018/1683-SEC-Gazette Notification-Delimitation and reservation-Purba Medinipur.pdf,2
West Bengal,2018,Purba Medinipur,Kolaghat,8,Kolaghat/ZP-8,zp_member,zilla parishad member,Other than Woman,NONE,0,,1,latin,data/wb/2018/1683-SEC-Gazette Notification-Delimitation and reservation-Purba Medinipur.pdf,2
West Bengal,2018,Purba Medinipur,Kolaghat,9,Kolaghat/ZP-9,zp_member,zilla parishad member,Woman,NONE,1,WOMEN,1,latin,data/wb/2018/1683-SEC-Gazette Notification-Delimitation and reservation-Purba Medinipur.pdf,2
West Bengal,2018,Purba Medinipur,Panskura-I,10,Panskura-I/ZP-10,zp_member,zilla parishad member,Woman,NONE,1,WOMEN,1,latin,data/wb/2018/1683-SEC-Gazette Notification-Delimitation and reservation-Purba Medinipur.pdf,2
West Bengal,2018,Purba Medinipur,Panskura-I,11,Panskura-I/ZP-11,zp_member,zilla parishad member,BC Other than Woman,BC,0,BC,1,latin,data/wb/2018/1683-SEC-Gazette Notification-Delimitation and reservation-Purba Medinipur.pdf,2
West Bengal,2018,Purba Medinipur,Panskura-I,12,Panskura-I/ZP-12,zp_member,zilla parishad member,BC Woman,BC,1,BC WOMEN,1,latin,data/wb/2018/1683-SEC-Gazette Notification-Delimitation and reservation-Purba Medinipur.pdf,2
West Bengal,2018,Purba Medinipur,Moyna,13,Moyna/ZP-13,zp_member,zilla parishad member,Woman,NONE,1,WOMEN,1,latin,data/wb/2018/1683-SEC-Gazette Notification-Delimitation and reservation-Purba Medinipur.pdf,2
West Bengal,2018,Purba Medinipur,Moyna,14,Moyna/ZP-14,zp_member,zilla parishad member,BC Other than Woman,BC,0,BC,1,latin,data/wb/2018/1683-SEC-Gazette Notification-Delimitation and reservation-Purba Medinipur.pdf,2
West Bengal,2018,Purba Medinipur,Moyna,15,Moyna/ZP-15,zp_member,zilla parishad member,SC Woman,SC,1,SC WOMEN,1,latin,data/wb/2018/1683-SEC-Gazette Notification-Delimitation and reservation-Purba Medinipur.pdf,2
West Bengal,2018,Purba Medinipur,Nandakumar,16,Nandakumar/ZP-16,zp_member,zilla parishad member,Woman,NONE,1,WOMEN,1,latin,data/wb/2018/1683-SEC-Gazette Notification-Delimitation and reservation-Purba Medinipur.pdf,2
West Bengal,2018,Purba Medinipur,Nandakumar,17,Nandakumar/ZP-17,zp_member,zilla parishad member,Woman,NONE,1,WOMEN,1,latin,data/wb/2018/1683-SEC-Gazette Notification-Delimitation and reservation-Purba Medinipur.pdf,3
West Bengal,2018,Purba Medinipur,Nandakumar,18,Nandakumar/ZP-18,zp_member,zilla parishad member,SC Other than Woman,SC,0,SC,1,latin,data/wb/2018/1683-SEC-Gazette Notification-Delimitation and reservation-Purba Medinipur.pdf,3
West Bengal,2018,Purba Medinipur,MahishadaI,19,Mahishadal/ZP-19,zp_member,zilla parishad member,Other than Woman,NONE,0,,1,latin,data/wb/2018/1683-SEC-Gazette Notification-Delimitation and reservation-Purba Medinipur.pdf,3
West Bengal,2018,Purba Medinipur,MahishadaI,20,Mahishadal/ZP-20,zp_member,zilla parishad member,Woman,NONE,1,WOMEN,1,latin,data/wb/2018/1683-SEC-Gazette Notification-Delimitation and reservation-Purba Medinipur.pdf,3
West Bengal,2018,Purba Medinipur,MahishadaI,21,Mahishadal/ZP-21,zp_member,zilla parishad member,SC Woman,SC,1,SC WOMEN,1,latin,data/wb/2018/1683-SEC-Gazette Notification-Delimitation and reservation-Purba Medinipur.pdf,3
West Bengal,2018,Purba Medinipur,Haldia,22,Haldia/ZP-22,zp_member,zilla parishad member,Woman,NONE,1,WOMEN,1,latin,data/wb/2018/1683-SEC-Gazette Notification-Delimitation and reservation-Purba Medinipur.pdf,3
West Bengal,2018,Purba Medinipur,Haldia,23,Haldia/ZP-23,zp_member,zilla parishad member,Other than Woman,NONE,0,,1,latin,data/wb/2018/1683-SEC-Gazette Notification-Delimitation and reservation-Purba Medinipur.pdf,3
West Bengal,2018,Purba Medinipur,Sutahata,24,Sutahata/ZP-24,zp_member,zilla parishad member,SC Other than Woman,SC,0,SC,1,latin,data/wb/2018/1683-SEC-Gazette Notification-Delimitation and reservation-Purba Medinipur.pdf,3
West Bengal,2018,Purba Medinipur,Sutahata,25,Sutahata/ZP-25,zp_member,zilla parishad member,Other than Woman,NONE,0,,1,latin,data/wb/2018/1683-SEC-Gazette Notification-Delimitation and reservation-Purba Medinipur.pdf,3
West Bengal,2018,Purba Medinipur,Nandigram-II,26,Nandigram-II/ZP-26,zp_member,zilla parishad member,Other than Woman,NONE,0,,1,latin,data/wb/2018/1683-SEC-Gazette Notification-Delimitation and reservation-Purba Medinipur.pdf,3
West Bengal,2018,Purba Medinipur,Nandigram-II,27,Nandigram-II/ZP-27,zp_member,zilla parishad member,SC Woman,SC,1,SC WOMEN,1,latin,data/wb/2018/1683-SEC-Gazette Notification-Delimitation and reservation-Purba Medinipur.pdf,3
West Bengal,2018,Purba Medinipur,Nandigram-I,28,Nandigram-I/ZP-28,zp_member,zilla parishad member,Woman,NONE,1,WOMEN,1,latin,data/wb/2018/1683-SEC-Gazette Notification-Delimitation and reservation-Purba Medinipur.pdf,3
West Bengal,2018,Purba Medinipur,Nandigram-I,29,Nandigram-I/ZP-29,zp_member,zilla parishad member,Other than Woman,NONE,0,,1,latin,data/wb/2018/1683-SEC-Gazette Notification-Delimitation and reservation-Purba Medinipur.pdf,3
West Bengal,2018,Purba Medinipur,Nandigram-I,30,Nandigram-I/ZP-30,zp_member,zilla parishad member,Woman,NONE,1,WOMEN,1,latin,data/wb/2018/1683-SEC-Gazette Notification-Delimitation and reservation-Purba Medinipur.pdf,3
West Bengal,2018,Purba Medinipur,Bhagwanpur-I,31,Bhagwanpur-I/ZP-31,zp_member,zilla parishad member,BC Other than Woman,BC,0,BC,1,latin,data/wb/2018/1683-SEC-Gazette Notification-Delimitation and reservation-Purba Medinipur.pdf,3
West Bengal,2018,Purba Medinipur,Bhagwanpur-I,32,Bhagwanpur-I/ZP-32,zp_member,zilla parishad member,SC Woman,SC,1,SC WOMEN,1,latin,data/wb/2018/1683-SEC-Gazette Notification-Delimitation and reservation-Purba Medinipur.pdf,4
West Bengal,2018,Purba Medinipur,Bhagwanpur-I,33,Bhagwanpur-I/ZP-33,zp_member,zilla parishad member,BC Other than Woman,BC,0,BC,1,latin,data/wb/2018/1683-SEC-Gazette Notification-Delimitation and reservation-Purba Medinipur.pdf,4
West Bengal,2018,Purba Medinipur,Chandipur,34,Chandipur/ZP-34,zp_member,zilla parishad member,Other than Woman,NONE,0,,1,latin,data/wb/2018/1683-SEC-Gazette Notification-Delimitation and reservation-Purba Medinipur.pdf,4
West Bengal,2018,Purba Medinipur,Chandipur,35,Chandipur/ZP-35,zp_member,zilla parishad member,BC Woman,BC,1,BC WOMEN,1,latin,data/wb/2018/1683-SEC-Gazette Notification-Delimitation and reservation-Purba Medinipur.pdf,4
West Bengal,2018,Purba Medinipur,Patashpur-I,36,Patashpur-I/ZP-36,zp_member,zilla parishad member,SC Other than Woman,SC,0,SC,1,latin,data/wb/2018/1683-SEC-Gazette Notification-Delimitation and reservation-Purba Medinipur.pdf,4
West Bengal,2018,Purba Medinipur,Patashpur-I,37,Patashpur-I/ZP-37,zp_member,zilla parishad member,Other than Woman,NONE,0,,1,latin,data/wb/2018/1683-SEC-Gazette Notification-Delimitation and reservation-Purba Medinipur.pdf,4
West Bengal,2018,Purba Medinipur,Patashpur-II,38,Patashpur-II/ZP-38,zp_member,zilla parishad member,Other than Woman,NONE,0,,1,latin,data/wb/2018/1683-SEC-Gazette Notification-Delimitation and reservation-Purba Medinipur.pdf,4
West Bengal,2018,Purba Medinipur,Patashpur-II,39,Patashpur-II/ZP-39,zp_member,zilla parishad member,Woman,NONE,1,WOMEN,1,latin,data/wb/2018/1683-SEC-Gazette Notification-Delimitation and reservation-Purba Medinipur.pdf,4
West Bengal,2018,Purba Medinipur,Egra-II,40,Egra-II/ZP-40,zp_member,zilla parishad member,SC Woman,SC,1,SC WOMEN,1,latin,data/wb/2018/1683-SEC-Gazette Notification-Delimitation and reservation-Purba Medinipur.pdf,4
West Bengal,2018,Purba Medinipur,Egra-II,41,Egra-Il/ZP-41,zp_member,zilla parishad member,Other than Woman,NONE,0,,1,latin,data/wb/2018/1683-SEC-Gazette Notification-Delimitation and reservation-Purba Medinipur.pdf,4
West Bengal,2018,Purba Medinipur,Contai-III,42,Contai-III/ZP-42,zp_member,zilla parishad member,Other than Woman,NONE,0,,1,latin,data/wb/2018/1683-SEC-Gazette Notification-Delimitation and reservation-Purba Medinipur.pdf,4
West Bengal,2018,Purba Medinipur,Contai-III,43,Contai-III/ZP-43,zp_member,zilla parishad member,Other than Woman,NONE,0,,1,latin,data/wb/2018/1683-SEC-Gazette Notification-Delimitation and reservation-Purba Medinipur.pdf,4
West Bengal,2018,Purba Medinipur,Deshpran,44,Deshpran/ZP-44,zp_member,zilla parishad member,BC Other than Woman,BC,0,BC,1,latin,data/wb/2018/1683-SEC-Gazette Notification-Delimitation and reservation-Purba Medinipur.pdf,4
West Bengal,2018,Purba Medinipur,Deshpran,45,Deshpran/ZP-45,zp_member,zilla parishad member,Other than Woman,NONE,0,,1,latin,data/wb/2018/1683-SEC-Gazette Notification-Delimitation and reservation-Purba Medinipur.pdf,4
West Bengal,2018,Purba Medinipur,Bhagwanpur-II,46,Bhagwanpur-II/ZP-46,zp_member,zilla parishad member,Other than Woman,NONE,0,,1,latin,data/wb/2018/1683-SEC-Gazette Notification-Delimitation and reservation-Purba Medinipur.pdf,4
West Bengal,2018,Purba Medinipur,Bhagwanpur-II,47,Bhagwanpur-II/ZP-47,zp_member,zilla parishad member,Woman,NONE,1,WOMEN,1,latin,data/wb/2018/1683-SEC-Gazette Notification-Delimitation and reservation-Purba Medinipur.pdf,4
West Bengal,2018,Purba Medinipur,Bhagwanpur-II,48,Bhagwanpur-II/ZP-48,zp_member,zilla parishad member,Other than Woman,NONE,0,,1,latin,data/wb/2018/1683-SEC-Gazette Notification-Delimitation and reservation-Purba Medinipur.pdf,5
West Bengal,2018,Purba Medinipur,Khejuri-I,49,Khejuri-I/ZP-49,zp_member,zilla parishad member,Other than Woman,NONE,0,,1,latin,data/wb/2018/1683-SEC-Gazette Notification-Delimitation and reservation-Purba Medinipur.pdf,5
West Bengal,2018,Purba Medinipur,Khejuri-I,50,Khejuri-I/ZP-50,zp_member,zilla parishad member,BC Woman,BC,1,BC WOMEN,0,latin,data/wb/2018/1683-SEC-Gazette Notification-Delimitation and reservation-Purba Medinipur.pdf,5
West Bengal,2018,Purba Medinipur,Khejuri-II,51,Khejuri-II/ZP-51,zp_member,zilla parishad member,SC Other than Woman,SC,0,SC,1,latin,data/wb/2018/1683-SEC-Gazette Notification-Delimitation and reservation-Purba Medinipur.pdf,5
West Bengal,2018,Purba Medinipur,Khejuri-II,52,Khejuri-II/ZP-52,zp_member,zilla parishad member,Other than Woman,NONE,0,,1,latin,data/wb/2018/1683-SEC-Gazette Notification-Delimitation and reservation-Purba Medinipur.pdf,5
West Bengal,2018,Purba Medinipur,Contai-I,53,Contai-I/ZP-53,zp_member,zilla parishad member,Woman,NONE,1,WOMEN,1,latin,data/wb/2018/1683-SEC-Gazette Notification-Delimitation and reservation-Purba Medinipur.pdf,5
West Bengal,2018,Purba Medinipur,Contai-I,54,Contai-I/ZP-54,zp_member,zilla parishad member,Other than Woman,NONE,0,,1,latin,data/wb/2018/1683-SEC-Gazette Notification-Delimitation and reservation-Purba Medinipur.pdf,5
West Bengal,2018,Purba Medinipur,Ramnagar-I,55,Ramnagar-I/ZP-55,zp_member,zilla parishad member,Woman,NONE,1,WOMEN,1,latin,data/wb/2018/1683-SEC-Gazette Notification-Delimitation and reservation-Purba Medinipur.pdf,5
West Bengal,2018,Purba Medinipur,Ramnagar-I,56,Ramnagar-I/ZP-56,zp_member,zilla parishad member,Other than Woman,NONE,0,,1,latin,data/wb/2018/1683-SEC-Gazette Notification-Delimitation and reservation-Purba Medinipur.pdf,5
West Bengal,2018,Purba Medinipur,Ramnagar-II,57,Ramnagar-II/ZP-57,zp_member,zilla parishad member,BC Woman,BC,1,BC WOMEN,1,latin,data/wb/2018/1683-SEC-Gazette Notification-Delimitation and reservation-Purba Medinipur.pdf,5
West Bengal,2018,Purba Medinipur,Ramnagar-II,58,Ramnagar-II/ZP-58,zp_member,zilla parishad member,BC Other than Woman,BC,0,BC,1,latin,data/wb/2018/1683-SEC-Gazette Notification-Delimitation and reservation-Purba Medinipur.pdf,5
West Bengal,2018,Purba Medinipur,Egra-I,59,Egra-I/ZP-59,zp_member,zilla parishad member,Woman,NONE,1,WOMEN,1,latin,data/wb/2018/1683-SEC-Gazette Notification-Delimitation and reservation-Purba Medinipur.pdf,5
West Bengal,2018,Purba Medinipur,Egra-I,60,Egra-I/ZP-60,zp_member,zilla parishad member,BC Woman,BC,1,BC WOMEN,1,latin,data/wb/2018/1683-SEC-Gazette Notification-Delimitation and reservation-Purba Medinipur.pdf,5
West Bengal,2018,Paschim Medinipur,Dantan-II,1,Dantan-II/ZP-1,zp_member,zilla parishad member,BC Other than Woman,BC,0,BC,,latin,data/wb/2018/1684-SEC-Gazette Notification-Delimitation and reservation-Paschim Medinipur.pdf,1
West Bengal,2018,Paschim Medinipur,Dantan-II,2,Dantan-II/ZP-2,zp_member,zilla parishad member,Woman,NONE,1,WOMEN,,latin,data/wb/2018/1684-SEC-Gazette Notification-Delimitation and reservation-Paschim Medinipur.pdf,1
West Bengal,2018,Paschim Medinipur,Mohanpur,3,Mohanpur/ZP-3,zp_member,zilla parishad member,BC Woman,BC,1,BC WOMEN,,latin,data/wb/2018/1684-SEC-Gazette Notification-Delimitation and reservation-Paschim Medinipur.pdf,2
West Bengal,2018,Paschim Medinipur,Mohanpur,4,Mohanpur/ZP-4,zp_member,zilla parishad member,Woman,NONE,1,WOMEN,,latin,data/wb/2018/1684-SEC-Gazette Notification-Delimitation and reservation-Paschim Medinipur.pdf,2
West Bengal,2018,Paschim Medinipur,Dantan-I,5,Dantan-I/ZP-5,zp_member,zilla parishad member,ST Other than Woman,ST,0,ST,,latin,data/wb/2018/1684-SEC-Gazette Notification-Delimitation and reservation-Paschim Medinipur.pdf,2
West Bengal,2018,Paschim Medinipur,Dantan-I,6,Dantan-I/ZP-6,zp_member,zilla parishad member,BC Woman,BC,1,BC WOMEN,,latin,data/wb/2018/1684-SEC-Gazette Notification-Delimitation and reservation-Paschim Medinipur.pdf,2
West Bengal,2018,Paschim Medinipur,Keshiary,7,Keshiary/ZP-7,zp_member,zilla parishad member,Woman,NONE,1,WOMEN,,latin,data/wb/2018/1684-SEC-Gazette Notification-Delimitation and reservation-Paschim Medinipur.pdf,2
West Bengal,2018,Paschim Medinipur,Keshiary,8,Keshiary/ZP-8,zp_member,zilla parishad member,Woman,NONE,1,WOMEN,,latin,data/wb/2018/1684-SEC-Gazette Notification-Delimitation and reservation-Paschim Medinipur.pdf,2
West Bengal,2018,Paschim Medinipur,Narayangarh,9,Narayangarh/ZP-9,zp_member,zilla parishad member,Woman,NONE,1,WOMEN,,latin,data/wb/2018/1684-SEC-Gazette Notification-Delimitation and reservation-Paschim Medinipur.pdf,2
West Bengal,2018,Paschim Medinipur,Narayangarh,10,Narayangarh/ZP-10,zp_member,zilla parishad member,Woman,NONE,1,WOMEN,,latin,data/wb/2018/1684-SEC-Gazette Notification-Delimitation and reservation-Paschim Medinipur.pdf,2
West Bengal,2018,Paschim Medinipur,Narayangarh,11,Narayangarh/ZP-11,zp_member,zilla parishad member,Woman,NONE,1,WOMEN,,latin,data/wb/2018/1684-SEC-Gazette Notification-Delimitation and reservation-Paschim Medinipur.pdf,2
West Bengal,2018,Paschim Medinipur,Sabang,12,Sabang/ZP-12,zp_member,zilla parishad member,ST Other than Woman,ST,0,ST,,latin,data/wb/2018/1684-SEC-Gazette Notification-Delimitation and reservation-Paschim Medinipur.pdf,2
West Bengal,2018,Paschim Medinipur,Sabang,13,Sabang/ZP-13,zp_member,zilla parishad member,Other than Woman,NONE,0,,,latin,data/wb/2018/1684-SEC-Gazette Notification-Delimitation and reservation-Paschim Medinipur.pdf,2
West Bengal,2018,Paschim Medinipur,Sabang,14,Sabang/ZP-14,zp_member,zilla parishad member,Woman,NONE,1,WOMEN,,latin,data/wb/2018/1684-SEC-Gazette Notification-Delimitation and reservation-Paschim Medinipur.pdf,2
West Bengal,2018,Paschim Medinipur,Pingla,15,Pingla/ZP-15,zp_member,zilla parishad member,BC Other than Woman,BC,0,BC,,latin,data/wb/2018/1684-SEC-Gazette Notification-Delimitation and reservation-Paschim Medinipur.pdf,3
West Bengal,2018,Paschim Medinipur,Pingla,16,Pingla/ZP-16,zp_member,zilla parishad member,BC Woman,BC,1,BC WOMEN,,latin,data/wb/2018/1684-SEC-Gazette Notification-Delimitation and reservation-Paschim Medinipur.pdf,3
West Bengal,2018,Paschim Medinipur,Pingla,17,Pingla/ZP-17,zp_member,zilla parishad member,BC Other than Woman,BC,0,BC,,latin,data/wb/2018/1684-SEC-Gazette Notification-Delimitation and reservation-Paschim Medinipur.pdf,3
West Bengal,2018,Paschim Medinipur,Kharagpur-II,18,Kharagpur-II/ZP-18,zp_member,zilla parishad member,Other than Woman,NONE,0,,,latin,data/wb/2018/1684-SEC-Gazette Notification-Delimitation and reservation-Paschim Medinipur.pdf,3
West Bengal,2018,Paschim Medinipur,Kharagpur-II,19,Kharagpur-II/ZP-19,zp_member,zilla parishad member,Woman,NONE,1,WOMEN,,latin,data/wb/2018/1684-SEC-Gazette Notification-Delimitation and reservation-Paschim Medinipur.pdf,3
West Bengal,2018,Paschim Medinipur,Medinipur Sadar,20,Medinipur Sadar/ZP-20,zp_member,zilla parishad member,ST Woman,ST,1,ST WOMEN,,latin,data/wb/2018/1684-SEC-Gazette Notification-Delimitation and reservation-Paschim Medinipur.pdf,3
West Bengal,2018,Paschim Medinipur,Medinipur Sadar,21,Medinipur Sadar/ZP-21,zp_member,zilla parishad member,Other than Woman,NONE,0,,,latin,data/wb/2018/1684-SEC-Gazette Notification-Delimitation and reservation-Paschim Medinipur.pdf,3
West Bengal,2018,Paschim Medinipur,Kharagpur-I,22,Kharagpur-I/ZP-22,zp_member,zilla parishad member,ST Other than Woman,ST,0,ST,,latin,data/wb/2018/1684-SEC-Gazette Notification-Delimitation and reservation-Paschim Medinipur.pdf,3
West Bengal,2018,Paschim Medinipur,Khragpur-I,23,Khragpur-I/ZP-23,zp_member,zilla parishad member,Woman,NONE,1,WOMEN,,latin,data/wb/2018/1684-SEC-Gazette Notification-Delimitation and reservation-Paschim Medinipur.pdf,3
West Bengal,2018,Paschim Medinipur,Debra,24,Debra/ZP-24,zp_member,zilla parishad member,ST Woman,ST,1,ST WOMEN,,latin,data/wb/2018/1684-SEC-Gazette Notification-Delimitation and reservation-Paschim Medinipur.pdf,3
West Bengal,2018,Paschim Medinipur,Debra,25,Debra/ZP-25,zp_member,zilla parishad member,SC Other than Woman,SC,0,SC,,latin,data/wb/2018/1684-SEC-Gazette Notification-Delimitation and reservation-Paschim Medinipur.pdf,3
West Bengal,2018,Paschim Medinipur,Debra,26,Debra/ZP-26,zp_member,zilla parishad member,ST Woman,ST,1,ST WOMEN,,latin,data/wb/2018/1684-SEC-Gazette Notification-Delimitation and reservation-Paschim Medinipur.pdf,3
West Bengal,2018,Paschim Medinipur,Daspur-I,27,Daspur-I/ZP-27,zp_member,zilla parishad member,SC Other than Woman,SC,0,SC,,latin,data/wb/2018/1684-SEC-Gazette Notification-Delimitation and reservation-Paschim Medinipur.pdf,4
West Bengal,2018,Paschim Medinipur,Daspur-I,28,Daspur-I/ZP-28,zp_member,zilla parishad member,SC Woman,SC,1,SC WOMEN,,latin,data/wb/2018/1684-SEC-Gazette Notification-Delimitation and reservation-Paschim Medinipur.pdf,4
West Bengal,2018,Paschim Medinipur,Daspur I,29,Daspur I/ZP-29,zp_member,zilla parishad member,Other than Woman,NONE,0,,,latin,data/wb/2018/1684-SEC-Gazette Notification-Delimitation and reservation-Paschim Medinipur.pdf,4
West Bengal,2018,Paschim Medinipur,Daspur-II,30,Daspur-II/ZP-30,zp_member,zilla parishad member,SC Other than Woman,SC,0,SC,,latin,data/wb/2018/1684-SEC-Gazette Notification-Delimitation and reservation-Paschim Medinipur.pdf,4
West Bengal,2018,Paschim Medinipur,Daspur-II,31,Daspur-II/ZP-31,zp_member,zilla parishad member,Woman,NONE,1,WOMEN,,latin,data/wb/2018/1684-SEC-Gazette Notification-Delimitation and reservation-Paschim Medinipur.pdf,4
West Bengal,2018,Paschim Medinipur,Daspur-II,32,Daspur-II/ZP-32,zp_member,zilla parishad member,Other than Woman,NONE,0,,,latin,data/wb/2018/1684-SEC-Gazette Notification-Delimitation and reservation-Paschim Medinipur.pdf,4
West Bengal,2018,Paschim Medinipur,GhataI,33,Ghatal/ZP-33,zp_member,zilla parishad member,Woman,NONE,1,WOMEN,,latin,data/wb/2018/1684-SEC-Gazette Notification-Delimitation and reservation-Paschim Medinipur.pdf,4
West Bengal,2018,Paschim Medinipur,GhataI,34,Ghatal/ZP-34,zp_member,zilla parishad member,SC Woman,SC,1,SC WOMEN,,latin,data/wb/2018/1684-SEC-Gazette Notification-Delimitation and reservation-Paschim Medinipur.pdf,4
West Bengal,2018,Paschim Medinipur,GhataI,35,Ghatal/ZP-35,zp_member,zilla parishad member,BC Other than Woman,BC,0,BC,,latin,data/wb/2018/1684-SEC-Gazette Notification-Delimitation and reservation-Paschim Medinipur.pdf,4
West Bengal,2018,Paschim Medinipur,Chandrakona-II,36,Chandrakona-II/ZP-36,zp_member,zilla parishad member,SC Woman,SC,1,SC WOMEN,,latin,data/wb/2018/1684-SEC-Gazette Notification-Delimitation and reservation-Paschim Medinipur.pdf,4
West Bengal,2018,Paschim Medinipur,Chandrakona-II,37,Chandrakona-Il/ZP-37,zp_member,zilla parishad member,SC Other than Woman,SC,0,SC,,latin,data/wb/2018/1684-SEC-Gazette Notification-Delimitation and reservation-Paschim Medinipur.pdf,4
West Bengal,2018,Paschim Medinipur,Chandrakona-I,38,Chandrakona-I/ZP-38,zp_member,zilla parishad member,SC Woman,SC,1,SC WOMEN,,latin,data/wb/2018/1684-SEC-Gazette Notification-Delimitation and reservation-Paschim Medinipur.pdf,4
West Bengal,2018,Paschim Medinipur,Chandrakona-I,39,Chandrakona-I/ZP-39,zp_member,zilla parishad member,SC Other than Woman,SC,0,SC,,latin,data/wb/2018/1684-SEC-Gazette Notification-Delimitation and reservation-Paschim Medinipur.pdf,4
West Bengal,2018,Paschim Medinipur,Garhbeta-II,40,Garhbeta-II/ZP-40,zp_member,zilla parishad member,Other than Woman,NONE,0,,,latin,data/wb/2018/1684-SEC-Gazette Notification-Delimitation and reservation-Paschim Medinipur.pdf,5
West Bengal,2018,Paschim Medinipur,Garhbeta-II,41,Garhbeta-II/ZP-41,zp_member,zilla parishad member,Other than Woman,NONE,0,,,latin,data/wb/2018/1684-SEC-Gazette Notification-Delimitation and reservation-Paschim Medinipur.pdf,5
West Bengal,2018,Paschim Medinipur,Garhbeta-I,42,Garhbeta-I/ZP-42,zp_member,zilla parishad member,Other than Woman,NONE,0,,,latin,data/wb/2018/1684-SEC-Gazette Notification-Delimitation and reservation-Paschim Medinipur.pdf,5
West Bengal,2018,Paschim Medinipur,Garhbeta-I,43,Garhbeta-I/ZP-43,zp_member,zilla parishad member,Woman,NONE,1,WOMEN,,latin,data/wb/2018/1684-SEC-Gazette Notification-Delimitation and reservation-Paschim Medinipur.pdf,5
West Bengal,2018,Paschim Medinipur,Garhbeta-I,44,Garhbeta-I/ZP-44,zp_member,zilla parishad member,Other than Woman,NONE,0,,,latin,data/wb/2018/1684-SEC-Gazette Notification-Delimitation and reservation-Paschim Medinipur.pdf,5
West Bengal,2018,Paschim Medinipur,Garhbeta-III,45,Garhbeta-III/ZP-45,zp_member,zilla parishad member,Woman,NONE,1,WOMEN,,latin,data/wb/2018/1684-SEC-Gazette Notification-Delimitation and reservation-Paschim Medinipur.pdf,5
West Bengal,2018,Paschim Medinipur,Garhbeta-III,46,Garhbeta-III/ZP-46,zp_member,zilla parishad member,Other than Woman,NONE,0,,,latin,data/wb/2018/1684-SEC-Gazette Notification-Delimitation and reservation-Paschim Medinipur.pdf,5
West Bengal,2018,Paschim Medinipur,Salboni,47,Salboni/ZP-47,zp_member,zilla parishad member,BC Woman,BC,1,BC WOMEN,,latin,data/wb/2018/1684-SEC-Gazette Notification-Delimitation and reservation-Paschim Medinipur.pdf,5
West Bengal,2018,Paschim Medinipur,Salboni,48,Salboni/ZP-48,zp_member,zilla parishad member,Other than Woman,NONE,0,,,latin,data/wb/2018/1684-SEC-Gazette Notification-Delimitation and reservation-Paschim Medinipur.pdf,5
West Bengal,2018,Paschim Medinipur,Keshpur,49,Keshpur/ZP-49,zp_member,zilla parishad member,Other than Woman,NONE,0,,,latin,data/wb/2018/1684-SEC-Gazette Notification-Delimitation and reservation-Paschim Medinipur.pdf,5
West Bengal,2018,Paschim Medinipur,Keshpur,50,Keshpur/ZP-50,zp_member,zilla parishad member,BC Other than Woman,BC,0,BC,,latin,data/wb/2018/1684-SEC-Gazette Notification-Delimitation and reservation-Paschim Medinipur.pdf,5
West Bengal,2018,Paschim Medinipur,Keshpur,51,Keshpur/ZP-51,zp_member,zilla parishad member,Other than Woman,NONE,0,,,latin,data/wb/2018/1684-SEC-Gazette Notification-Delimitation and reservation-Paschim Medinipur.pdf,5
West Bengal,2018,Jhargram,Gopiballavpur-I,1,Gopiballavpur-I/ZP-1,zp_member,zilla parishad member,ST Other than Woman,ST,0,ST,,latin,data/wb/2018/1685-SEC-Gazette Notification-Delimitation and reservation-Jhargram.pdf,1
West Bengal,2018,Jhargram,Gopiballavpur-I,2,Gopiballavpur-I/ZP-2,zp_member,zilla parishad member,Woman,NONE,1,WOMEN,,latin,data/wb/2018/1685-SEC-Gazette Notification-Delimitation and reservation-Jhargram.pdf,1
West Bengal,2018,Jhargram,Gopiballavpur-II,3,Gopiballavpur-II/ZP-3,zp_member,zilla parishad member,SC Woman,SC,1,SC WOMEN,,latin,data/wb/2018/1685-SEC-Gazette Notification-Delimitation and reservation-Jhargram.pdf,2
West Bengal,2018,Jhargram,Gopiballavpur-II,4,Gopiballavpur-II/ZP-4,zp_member,zilla parishad member,Other than Woman,NONE,0,,,latin,data/wb/2018/1685-SEC-Gazette Notification-Delimitation and reservation-Jhargram.pdf,2
West Bengal,2018,Jhargram,Nayagram,5,Nayagram/ZP-5,zp_member,zilla parishad member,ST Other than Woman,ST,0,ST,,latin,data/wb/2018/1685-SEC-Gazette Notification-Delimitation and reservation-Jhargram.pdf,2
West Bengal,2018,Jhargram,Nayagram,6,Nayagram/ZP-6,zp_member,zilla parishad member,ST Woman,ST,1,ST WOMEN,,latin,data/wb/2018/1685-SEC-Gazette Notification-Delimitation and reservation-Jhargram.pdf,2
West Bengal,2018,Jhargram,Jhargram,7,Jhargram/ZP-7,zp_member,zilla parishad member,ST Other than Woman,ST,0,ST,,latin,data/wb/2018/1685-SEC-Gazette Notification-Delimitation and reservation-Jhargram.pdf,2
West Bengal,2018,Jhargram,Jhargram,8,Jhargram/ZP-8,zp_member,zilla parishad member,ST Woman,ST,1,ST WOMEN,,latin,data/wb/2018/1685-SEC-Gazette Notification-Delimitation and reservation-Jhargram.pdf,2
West Bengal,2018,Jhargram,SankraiI,9,Sankrail/ZP-9,zp_member,zilla parishad member,Woman,NONE,1,WOMEN,,latin,data/wb/2018/1685-SEC-Gazette Notification-Delimitation and reservation-Jhargram.pdf,2
West Bengal,2018,Jhargram,SankraiI,10,Sankrail/ZP-10,zp_member,zilla parishad member,SC Other than Woman,SC,0,SC,,latin,data/wb/2018/1685-SEC-Gazette Notification-Delimitation and reservation-Jhargram.pdf,2
West Bengal,2018,Jhargram,Binpur-I,11,Binpur-I/ZP-11,zp_member,zilla parishad member,Other than Woman,NONE,0,,,latin,data/wb/2018/1685-SEC-Gazette Notification-Delimitation and reservation-Jhargram.pdf,2
West Bengal,2018,Jhargram,Binpur-I,12,Binpur-I/ZP-12,zp_member,zilla parishad member,SC Woman,SC,1,SC WOMEN,,latin,data/wb/2018/1685-SEC-Gazette Notification-Delimitation and reservation-Jhargram.pdf,2
West Bengal,2018,Jhargram,Binpur-II,13,Binpur-II/ZP-13,zp_member,zilla parishad member,Woman,NONE,1,WOMEN,,latin,data/wb/2018/1685-SEC-Gazette Notification-Delimitation and reservation-Jhargram.pdf,2
West Bengal,2018,Jhargram,Binpur-II,14,Binpur-II/ZP-14,zp_member,zilla parishad member,Other than Woman,NONE,0,,,latin,data/wb/2018/1685-SEC-Gazette Notification-Delimitation and reservation-Jhargram.pdf,2
West Bengal,2018,Jhargram,Jamboni,15,Jamboni/ZP-15,zp_member,zilla parishad member,Other than Woman,NONE,0,,,latin,data/wb/2018/1685-SEC-Gazette Notification-Delimitation and reservation-Jhargram.pdf,3
West Bengal,2018,Jhargram,Jamboni,16,Jamboni/ZP-16,zp_member,zilla parishad member,Woman,NONE,1,WOMEN,,latin,data/wb/2018/1685-SEC-Gazette Notification-Delimitation and reservation-Jhargram.pdf,3
West Bengal,2018,Purulia,Barabazar,1,Barabazar/ZP-1,zp_member,zilla parishad member,ST Other than Woman,ST,0,ST,,latin,data/wb/2018/1686-SEC-Gazette Notification-Delimitation and reservation-Purulia.pdf,1
West Bengal,2018,Purulia,Barabazar,2,Barabazar/ZP-2,zp_member,zilla parishad member,BC Woman,BC,1,BC WOMEN,,latin,data/wb/2018/1686-SEC-Gazette Notification-Delimitation and reservation-Purulia.pdf,1
West Bengal,2018,Purulia,Manbazar-II,3,Manbazar-II/ZP-3,zp_member,zilla parishad member,Woman,NONE,1,WOMEN,,latin,data/wb/2018/1686-SEC-Gazette Notification-Delimitation and reservation-Purulia.pdf,2
West Bengal,2018,Purulia,Manbazar-II,4,Manbazar-II/ZP-4,zp_member,zilla parishad member,Woman,NONE,1,WOMEN,,latin,data/wb/2018/1686-SEC-Gazette Notification-Delimitation and reservation-Purulia.pdf,2
West Bengal,2018,Purulia,Bandwan,5,Bandwan/ZP-5,zp_member,zilla parishad member,ST Other than Woman,ST,0,ST,,latin,data/wb/2018/1686-SEC-Gazette Notification-Delimitation and reservation-Purulia.pdf,2
West Bengal,2018,Purulia,Purulia-I,6,Purulia-I/ZP-6,zp_member,zilla parishad member,SC Woman,SC,1,SC WOMEN,,latin,data/wb/2018/1686-SEC-Gazette Notification-Delimitation and reservation-Purulia.pdf,2
West Bengal,2018,Purulia,Purulia-I,7,Purulia-I/ZP-7,zp_member,zilla parishad member,Woman,NONE,1,WOMEN,,latin,data/wb/2018/1686-SEC-Gazette Notification-Delimitation and reservation-Purulia.pdf,2
West Bengal,2018,Purulia,Arsha,8,Arsha/ZP-8,zp_member,zilla parishad member,BC Other than Woman,BC,0,BC,,latin,data/wb/2018/1686-SEC-Gazette Notification-Delimitation and reservation-Purulia.pdf,2
West Bengal,2018,Purulia,Arsha,9,Arsha/ZP-9,zp_member,zilla parishad member,Woman,NONE,1,WOMEN,,latin,data/wb/2018/1686-SEC-Gazette Notification-Delimitation and reservation-Purulia.pdf,2
West Bengal,2018,Purulia,Balarampur,10,Balarampur/ZP-10,zp_member,zilla parishad member,ST Woman,ST,1,ST WOMEN,,latin,data/wb/2018/1686-SEC-Gazette Notification-Delimitation and reservation-Purulia.pdf,2
West Bengal,2018,Purulia,Balarampur,11,Balarampur/ZP-11,zp_member,zilla parishad member,Other than Woman,NONE,0,,,latin,data/wb/2018/1686-SEC-Gazette Notification-Delimitation and reservation-Purulia.pdf,2
West Bengal,2018,Purulia,Jhalda-I,12,Jhalda-I/ZP-12,zp_member,zilla parishad member,SC Other than Woman,SC,0,SC,,latin,data/wb/2018/1686-SEC-Gazette Notification-Delimitation and reservation-Purulia.pdf,2
West Bengal,2018,Purulia,Jhalda-I,13,Jhalda-I/ZP-13,zp_member,zilla parishad member,Woman,NONE,1,WOMEN,,latin,data/wb/2018/1686-SEC-Gazette Notification-Delimitation and reservation-Purulia.pdf,2
West Bengal,2018,Purulia,Bagmundi,14,Bagmundi/ZP-14,zp_member,zilla parishad member,ST Woman,ST,1,ST WOMEN,,latin,data/wb/2018/1686-SEC-Gazette Notification-Delimitation and reservation-Purulia.pdf,2
West Bengal,2018,Purulia,Bagmundi,15,Bagmundi/ZP-15,zp_member,zilla parishad member,Other than Woman,NONE,0,,,latin,data/wb/2018/1686-SEC-Gazette Notification-Delimitation and reservation-Purulia.pdf,2
West Bengal,2018,Purulia,Joypur,16,Joypur/ZP-16,zp_member,zilla parishad member,BC Other than Woman,BC,0,BC,,latin,data/wb/2018/1686-SEC-Gazette Notification-Delimitation and reservation-Purulia.pdf,2
West Bengal,2018,Purulia,Joypur,17,Joypur/ZP-17,zp_member,zilla parishad member,BC Woman,BC,1,BC WOMEN,,latin,data/wb/2018/1686-SEC-Gazette Notification-Delimitation and reservation-Purulia.pdf,2
West Bengal,2018,Purulia,Jhalda-II,18,Jhalda-Il/ZP-18,zp_member,zilla parishad member,SC Other than Woman,SC,0,SC,,latin,data/wb/2018/1686-SEC-Gazette Notification-Delimitation and reservation-Purulia.pdf,3
West Bengal,2018,Purulia,Jhalda-II,19,Jhalda-II/ZP-19,zp_member,zilla parishad member,SC Woman,SC,1,SC WOMEN,,latin,data/wb/2018/1686-SEC-Gazette Notification-Delimitation and reservation-Purulia.pdf,3
West Bengal,2018,Purulia,Purulia-II,20,Purulia-II/ZP-20,zp_member,zilla parishad member,SC Other than Woman,SC,0,SC,,latin,data/wb/2018/1686-SEC-Gazette Notification-Delimitation and reservation-Purulia.pdf,3
West Bengal,2018,Purulia,Purulia-II,21,Purulia-II/ZP-21,zp_member,zilla parishad member,Other than Woman,NONE,0,,,latin,data/wb/2018/1686-SEC-Gazette Notification-Delimitation and reservation-Purulia.pdf,3
West Bengal,2018,Purulia,Hura,22,Hura/ZP-22,zp_member,zilla parishad member,ST Woman,ST,1,ST WOMEN,,latin,data/wb/2018/1686-SEC-Gazette Notification-Delimitation and reservation-Purulia.pdf,3
West Bengal,2018,Purulia,Hura,23,Hura/ZP-23,zp_member,zilla parishad member,Other than Woman,NONE,0,,,latin,data/wb/2018/1686-SEC-Gazette Notification-Delimitation and reservation-Purulia.pdf,3
West Bengal,2018,Purulia,Puncha,24,Puncha/ZP-24,zp_member,zilla parishad member,Woman,NONE,1,WOMEN,,latin,data/wb/2018/1686-SEC-Gazette Notification-Delimitation and reservation-Purulia.pdf,3
West Bengal,2018,Purulia,Puncha,25,Puncha/ZP-25,zp_member,zilla parishad member,Other than Woman,NONE,0,,,latin,data/wb/2018/1686-SEC-Gazette Notification-Delimitation and reservation-Purulia.pdf,3
West Bengal,2018,Purulia,Manbazar-I,26,Manbazar-I/ZP-26,zp_member,zilla parishad member,ST Other than Woman,ST,0,ST,,latin,data/wb/2018/1686-SEC-Gazette Notification-Delimitation and reservation-Purulia.pdf,3
West Bengal,2018,Purulia,Manbazar-I,27,Manbazar-I/ZP-27,zp_member,zilla parishad member,SC Woman,SC,1,SC WOMEN,,latin,data/wb/2018/1686-SEC-Gazette Notification-Delimitation and reservation-Purulia.pdf,3
West Bengal,2018,Purulia,Kashipur,28,Kashipur/ZP-28,zp_member,zilla parishad member,ST Other than Woman,ST,0,ST,,latin,data/wb/2018/1686-SEC-Gazette Notification-Delimitation and reservation-Purulia.pdf,3
West Bengal,2018,Purulia,Kashipur,29,Kashipur/ZP-29,zp_member,zilla parishad member,Woman,NONE,1,WOMEN,,latin,data/wb/2018/1686-SEC-Gazette Notification-Delimitation and reservation-Purulia.pdf,3
West Bengal,2018,Purulia,Raghunathpur-II,30,Raghunathpur-II/ZP-30,zp_member,zilla parishad member,Other than Woman,NONE,0,,,latin,data/wb/2018/1686-SEC-Gazette Notification-Delimitation and reservation-Purulia.pdf,3
West Bengal,2018,Purulia,Raghunathpur-II,31,Raghunathpur-II/ZP-31,zp_member,zilla parishad member,Woman,NONE,1,WOMEN,,latin,data/wb/2018/1686-SEC-Gazette Notification-Delimitation and reservation-Purulia.pdf,3
West Bengal,2018,Purulia,Para,32,Para/ZP-32,zp_member,zilla parishad member,BC Woman,BC,1,BC WOMEN,,latin,data/wb/2018/1686-SEC-Gazette Notification-Delimitation and reservation-Purulia.pdf,4
West Bengal,2018,Purulia,Para,33,Para/ZP-33,zp_member,zilla parishad member,Other than Woman,NONE,0,,,latin,data/wb/2018/1686-SEC-Gazette Notification-Delimitation and reservation-Purulia.pdf,4
West Bengal,2018,Purulia,Neturia,34,Neturia/ZP-34,zp_member,zilla parishad member,Woman,NONE,1,WOMEN,,latin,data/wb/2018/1686-SEC-Gazette Notification-Delimitation and reservation-Purulia.pdf,4
West Bengal,2018,Purulia,Neturia,35,Neturia/ZP-35,zp_member,zilla parishad member,Other than Woman,NONE,0,,,latin,data/wb/2018/1686-SEC-Gazette Notification-Delimitation and reservation-Purulia.pdf,4
West Bengal,2018,Purulia,Santuri,36,Santuri/ZP-36,zp_member,zilla parishad member,Woman,NONE,1,WOMEN,,latin,data/wb/2018/1686-SEC-Gazette Notification-Delimitation and reservation-Purulia.pdf,4
West Bengal,2018,Purulia,Raghunathpur-I,37,Raghunathpur-I/ZP-37,zp_member,zilla parishad member,Other than Woman,NONE,0,,,latin,data/wb/2018/1686-SEC-Gazette Notification-Delimitation and reservation-Purulia.pdf,4
West Bengal,2018,Purulia,Raghunathpur-I,38,Raghunathpur-I/ZP-38,zp_member,zilla parishad member,Other than Woman,NONE,0,,,latin,data/wb/2018/1686-SEC-Gazette Notification-Delimitation and reservation-Purulia.pdf,4
West Bengal,2018,Bankura,Saltora,1,Saltora/ZP-1,zp_member,zilla parishad member,Woman,NONE,1,WOMEN,,latin,data/wb/2018/1687-SEC-Gazette Notification-Delimitation and reservation-Bankura.pdf,1
West Bengal,2018,Bankura,Saltora,2,Saltora/ZP-2,zp_member,zilla parishad member,ST Other than Woman,ST,0,ST,,latin,data/wb/2018/1687-SEC-Gazette Notification-Delimitation and reservation-Bankura.pdf,1
West Bengal,2018,Bankura,Mejia,3,Mejia/ZP-3,zp_member,zilla parishad member,Woman,NONE,1,WOMEN,,latin,data/wb/2018/1687-SEC-Gazette Notification-Delimitation and reservation-Bankura.pdf,2
West Bengal,2018,Bankura,Gangajalghati,4,Gangajalghati/ZP-4,zp_member,zilla parishad member,SC Woman,SC,1,SC WOMEN,,latin,data/wb/2018/1687-SEC-Gazette Notification-Delimitation and reservation-Bankura.pdf,2
West Bengal,2018,Bankura,Gangajalghati,5,Gangajalghati/ZP-5,zp_member,zilla parishad member,SC Other than Woman,SC,0,SC,,latin,data/wb/2018/1687-SEC-Gazette Notification-Delimitation and reservation-Bankura.pdf,2
West Bengal,2018,Bankura,Chhatna,6,Chhatna/ZP-6,zp_member,zilla parishad member,Other than Woman,NONE,0,,,latin,data/wb/2018/1687-SEC-Gazette Notification-Delimitation and reservation-Bankura.pdf,2
West Bengal,2018,Bankura,Chhatna,7,Chhatna/ZP-7,zp_member,zilla parishad member,SC Woman,SC,1,SC WOMEN,,latin,data/wb/2018/1687-SEC-Gazette Notification-Delimitation and reservation-Bankura.pdf,2
West Bengal,2018,Bankura,Chhatna,8,Chhatna/ZP-8,zp_member,zilla parishad member,SC Other than Woman,SC,0,SC,,latin,data/wb/2018/1687-SEC-Gazette Notification-Delimitation and reservation-Bankura.pdf,2
West Bengal,2018,Bankura,Indpur,9,Indpur/ZP-9,zp_member,zilla parishad member,SC Woman,SC,1,SC WOMEN,,latin,data/wb/2018/1687-SEC-Gazette Notification-Delimitation and reservation-Bankura.pdf,2
West Bengal,2018,Bankura,Indpur,10,Indpur/ZP-10,zp_member,zilla parishad member,SC Other than Woman,SC,0,SC,,latin,data/wb/2018/1687-SEC-Gazette Notification-Delimitation and reservation-Bankura.pdf,2
West Bengal,2018,Bankura,Hirbandh,11,Hirbandh/ZP-11,zp_member,zilla parishad member,Woman,NONE,1,WOMEN,,latin,data/wb/2018/1687-SEC-Gazette Notification-Delimitation and reservation-Bankura.pdf,2
West Bengal,2018,Bankura,Khatra,12,Khatra/ZP-12,zp_member,zilla parishad member,ST Woman,ST,1,ST WOMEN,,latin,data/wb/2018/1687-SEC-Gazette Notification-Delimitation and reservation-Bankura.pdf,2
West Bengal,2018,Bankura,Khatra,13,Khatra/ZP-13,zp_member,zilla parishad member,Other than Woman,NONE,0,,,latin,data/wb/2018/1687-SEC-Gazette Notification-Delimitation and reservation-Bankura.pdf,2
West Bengal,2018,Bankura,Ranibandh,14,Ranibandh/ZP-14,zp_member,zilla parishad member,Woman,NONE,1,WOMEN,,latin,data/wb/2018/1687-SEC-Gazette Notification-Delimitation and reservation-Bankura.pdf,2
West Bengal,2018,Bankura,Ranibandh,15,Ranibandh/ZP-15,zp_member,zilla parishad member,Other than Woman,NONE,0,,,latin,data/wb/2018/1687-SEC-Gazette Notification-Delimitation and reservation-Bankura.pdf,2
West Bengal,2018,Bankura,Raipur,16,Raipur/ZP-16,zp_member,zilla parishad member,Woman,NONE,1,WOMEN,,latin,data/wb/2018/1687-SEC-Gazette Notification-Delimitation and reservation-Bankura.pdf,3
West Bengal,2018,Bankura,Raipur,17,Raipur/ZP-17,zp_member,zilla parishad member,ST Other than Woman,ST,0,ST,,latin,data/wb/2018/1687-SEC-Gazette Notification-Delimitation and reservation-Bankura.pdf,3
West Bengal,2018,Bankura,Sarenga,18,Sarenga/ZP-18,zp_member,zilla parishad member,Other than Woman,NONE,0,,,latin,data/wb/2018/1687-SEC-Gazette Notification-Delimitation and reservation-Bankura.pdf,3
West Bengal,2018,Bankura,Sarenga,19,Sarenga/ZP-19,zp_member,zilla parishad member,ST Woman,ST,1,ST WOMEN,,latin,data/wb/2018/1687-SEC-Gazette Notification-Delimitation and reservation-Bankura.pdf,3
West Bengal,2018,Bankura,SimlapaI,20,Simlapal/ZP-20,zp_member,zilla parishad member,BC Other than Woman,BC,0,BC,,latin,data/wb/2018/1687-SEC-Gazette Notification-Delimitation and reservation-Bankura.pdf,3
West Bengal,2018,Bankura,SimlapaI,21,Simlapal/ZP-21,zp_member,zilla parishad member,BC Woman,BC,1,BC WOMEN,,latin,data/wb/2018/1687-SEC-Gazette Notification-Delimitation and reservation-Bankura.pdf,3
West Bengal,2018,Bankura,Taldangra,22,Taldangra/ZP-22,zp_member,zilla parishad member,Woman,NONE,1,WOMEN,,latin,data/wb/2018/1687-SEC-Gazette Notification-Delimitation and reservation-Bankura.pdf,3
West Bengal,2018,Bankura,Taldangra,23,Taldangra/ZP-23,zp_member,zilla parishad member,ST Other than Woman,ST,0,ST,,latin,data/wb/2018/1687-SEC-Gazette Notification-Delimitation and reservation-Bankura.pdf,3
West Bengal,2018,Bankura,Bankura-I,24,Bankura-I/ZP-24,zp_member,zilla parishad member,Other than Woman,NONE,0,,,latin,data/wb/2018/1687-SEC-Gazette Notification-Delimitation and reservation-Bankura.pdf,3
West Bengal,2018,Bankura,Bankura-I,25,Bankura-I/ZP-25,zp_member,zilla parishad member,SC Woman,SC,1,SC WOMEN,,latin,data/wb/2018/1687-SEC-Gazette Notification-Delimitation and reservation-Bankura.pdf,3
West Bengal,2018,Bankura,Bankura-II,26,Bankura-II/ZP-26,zp_member,zilla parishad member,Woman,NONE,1,WOMEN,,latin,data/wb/2018/1687-SEC-Gazette Notification-Delimitation and reservation-Bankura.pdf,3
West Bengal,2018,Bankura,Bankura-II,27,Bankura-II/ZP-27,zp_member,zilla parishad member,Other than Woman,NONE,0,,,latin,data/wb/2018/1687-SEC-Gazette Notification-Delimitation and reservation-Bankura.pdf,3
West Bengal,2018,Bankura,Barjora,28,Barjora/ZP-28,zp_member,zilla parishad member,Woman,NONE,1,WOMEN,,latin,data/wb/2018/1687-SEC-Gazette Notification-Delimitation and reservation-Bankura.pdf,3
West Bengal,2018,Bankura,Barjora,29,Barjora/ZP-29,zp_member,zilla parishad member,Other than Woman,NONE,0,,,latin,data/wb/2018/1687-SEC-Gazette Notification-Delimitation and reservation-Bankura.pdf,3
West Bengal,2018,Bankura,Barjora,30,Barjora/ZP-30,zp_member,zilla parishad member,Woman,NONE,1,WOMEN,,latin,data/wb/2018/1687-SEC-Gazette Notification-Delimitation and reservation-Bankura.pdf,3
West Bengal,2018,Bankura,Onda,31,Onda/ZP-31,zp_member,zilla parishad member,BC Other than Woman,BC,0,BC,,latin,data/wb/2018/1687-SEC-Gazette Notification-Delimitation and reservation-Bankura.pdf,4
West Bengal,2018,Bankura,Onda,32,Onda/ZP-32,zp_member,zilla parishad member,Other than Woman,NONE,0,,,latin,data/wb/2018/1687-SEC-Gazette Notification-Delimitation and reservation-Bankura.pdf,4
West Bengal,2018,Bankura,Onda,33,Onda/ZP-33,zp_member,zilla parishad member,Woman,NONE,1,WOMEN,,latin,data/wb/2018/1687-SEC-Gazette Notification-Delimitation and reservation-Bankura.pdf,4
West Bengal,2018,Bankura,Bishnupur,34,Bishnupur/ZP-34,zp_member,zilla parishad member,Other than Woman,NONE,0,,,latin,data/wb/2018/1687-SEC-Gazette Notification-Delimitation and reservation-Bankura.pdf,4
West Bengal,2018,Bankura,Bishnupur,35,Bishnupur/ZP-35,zp_member,zilla parishad member,SC Woman,SC,1,SC WOMEN,,latin,data/wb/2018/1687-SEC-Gazette Notification-Delimitation and reservation-Bankura.pdf,4
West Bengal,2018,Bankura,Joypur,36,Joypur/ZP-36,zp_member,zilla parishad member,SC Other than Woman,SC,0,SC,,latin,data/wb/2018/1687-SEC-Gazette Notification-Delimitation and reservation-Bankura.pdf,4
West Bengal,2018,Bankura,Joypur,37,Joypur/ZP-37,zp_member,zilla parishad member,SC Woman,SC,1,SC WOMEN,,latin,data/wb/2018/1687-SEC-Gazette Notification-Delimitation and reservation-Bankura.pdf,4
West Bengal,2018,Bankura,Kotulpur,38,Kotulpur/ZP-38,zp_member,zilla parishad member,Woman,NONE,1,WOMEN,,latin,data/wb/2018/1687-SEC-Gazette Notification-Delimitation and reservation-Bankura.pdf,4
West Bengal,2018,Bankura,Kotulpur,39,Kotulpur/ZP-39,zp_member,zilla parishad member,SC Other than Woman,SC,0,SC,,latin,data/wb/2018/1687-SEC-Gazette Notification-Delimitation and reservation-Bankura.pdf,4
West Bengal,2018,Bankura,Kotulpur,40,Kotulpur/ZP-40,zp_member,zilla parishad member,SC Woman,SC,1,SC WOMEN,,latin,data/wb/2018/1687-SEC-Gazette Notification-Delimitation and reservation-Bankura.pdf,4
West Bengal,2018,Bankura,Indus,41,Indus/ZP-41,zp_member,zilla parishad member,Other than Woman,NONE,0,,,latin,data/wb/2018/1687-SEC-Gazette Notification-Delimitation and reservation-Bankura.pdf,4
West Bengal,2018,Bankura,Indus,42,Indus/ZP-42,zp_member,zilla parishad member,Woman,NONE,1,WOMEN,,latin,data/wb/2018/1687-SEC-Gazette Notification-Delimitation and reservation-Bankura.pdf,4
West Bengal,2018,Bankura,Patrasayer,43,Patrasayer/ZP-43,zp_member,zilla parishad member,SC Other than Woman,SC,0,SC,,latin,data/wb/2018/1687-SEC-Gazette Notification-Delimitation and reservation-Bankura.pdf,4
West Bengal,2018,Bankura,Patrasayer,44,Patrasayer/ZP-44,zp_member,zilla parishad member,Other than Woman,NONE,0,,,latin,data/wb/2018/1687-SEC-Gazette Notification-Delimitation and reservation-Bankura.pdf,4
West Bengal,2018,Bankura,Sonamukhi,45,Sonamukhi/ZP-45,zp_member,zilla parishad member,SC Woman,SC,1,SC WOMEN,,latin,data/wb/2018/1687-SEC-Gazette Notification-Delimitation and reservation-Bankura.pdf,5
West Bengal,2018,Bankura,Sonamukhi,46,Sonamukhi/ZP-46,zp_member,zilla parishad member,Other than Woman,NONE,0,,,latin,data/wb/2018/1687-SEC-Gazette Notification-Delimitation and reservation-Bankura.pdf,5
West Bengal,2018,Purba Bardhaman,Galsi-II,1,Galsi-II/ZP-1,zp_member,zilla parishad member,SC Other than Woman,SC,0,SC,,latin,data/wb/2018/1688-SEC-Gazette Notification-Delimitation and reservation-Purba Bardhaman.pdf,1
West Bengal,2018,Purba Bardhaman,Galsi-II,2,Galsi-II/ZP-2,zp_member,zilla parishad member,Woman,NONE,1,WOMEN,,latin,data/wb/2018/1688-SEC-Gazette Notification-Delimitation and reservation-Purba Bardhaman.pdf,1
West Bengal,2018,Purba Bardhaman,Khandaghosh,3,Khandaghosh/ZP-3,zp_member,zilla parishad member,Woman,NONE,1,WOMEN,,latin,data/wb/2018/1688-SEC-Gazette Notification-Delimitation and reservation-Purba Bardhaman.pdf,2
West Bengal,2018,Purba Bardhaman,Khandaghosh,4,Khandaghosh/ZP-4,zp_member,zilla parishad member,Other than Woman,NONE,0,,,latin,data/wb/2018/1688-SEC-Gazette Notification-Delimitation and reservation-Purba Bardhaman.pdf,2
West Bengal,2018,Purba Bardhaman,Khandaghosh,5,Khandaghosh/ZP-5,zp_member,zilla parishad member,SC Other than Woman,SC,0,SC,,latin,data/wb/2018/1688-SEC-Gazette Notification-Delimitation and reservation-Purba Bardhaman.pdf,2
West Bengal,2018,Purba Bardhaman,Raina-I,6,Raina-I/ZP-6,zp_member,zilla parishad member,BC Woman,BC,1,BC WOMEN,,latin,data/wb/2018/1688-SEC-Gazette Notification-Delimitation and reservation-Purba Bardhaman.pdf,2
West Bengal,2018,Purba Bardhaman,Raina-I,7,Raina-I/ZP-7,zp_member,zilla parishad member,Woman,NONE,1,WOMEN,,latin,data/wb/2018/1688-SEC-Gazette Notification-Delimitation and reservation-Purba Bardhaman.pdf,2
West Bengal,2018,Purba Bardhaman,Raina-I,8,Raina-I/ZP-8,zp_member,zilla parishad member,Other than Woman,NONE,0,,,latin,data/wb/2018/1688-SEC-Gazette Notification-Delimitation and reservation-Purba Bardhaman.pdf,2
West Bengal,2018,Purba Bardhaman,Raina-II,9,Raina-II/ZP-9,zp_member,zilla parishad member,SC Other than Woman,SC,0,SC,,latin,data/wb/2018/1688-SEC-Gazette Notification-Delimitation and reservation-Purba Bardhaman.pdf,2
West Bengal,2018,Purba Bardhaman,Raina-II,10,Raina-II/ZP-10,zp_member,zilla parishad member,SC Woman,SC,1,SC WOMEN,,latin,data/wb/2018/1688-SEC-Gazette Notification-Delimitation and reservation-Purba Bardhaman.pdf,2
West Bengal,2018,Purba Bardhaman,Jamalpur,11,Jamalpur/ZP-11,zp_member,zilla parishad member,Woman,NONE,1,WOMEN,,latin,data/wb/2018/1688-SEC-Gazette Notification-Delimitation and reservation-Purba Bardhaman.pdf,2
West Bengal,2018,Purba Bardhaman,Jamalpur,12,Jamalpur/ZP-12,zp_member,zilla parishad member,ST Other than Woman,ST,0,ST,,latin,data/wb/2018/1688-SEC-Gazette Notification-Delimitation and reservation-Purba Bardhaman.pdf,2
West Bengal,2018,Purba Bardhaman,Jamalpur,13,Jamalpur/ZP-13,zp_member,zilla parishad member,Woman,NONE,1,WOMEN,,latin,data/wb/2018/1688-SEC-Gazette Notification-Delimitation and reservation-Purba Bardhaman.pdf,2
West Bengal,2018,Purba Bardhaman,Monteswar,14,Monteswar/ZP-14,zp_member,zilla parishad member,Woman,NONE,1,WOMEN,,latin,data/wb/2018/1688-SEC-Gazette Notification-Delimitation and reservation-Purba Bardhaman.pdf,2
West Bengal,2018,Purba Bardhaman,Monteswar,15,Monteswar/ZP-15,zp_member,zilla parishad member,Woman,NONE,1,WOMEN,,latin,data/wb/2018/1688-SEC-Gazette Notification-Delimitation and reservation-Purba Bardhaman.pdf,2
West Bengal,2018,Purba Bardhaman,Monteswar,16,Monteswar/ZP-16,zp_member,zilla parishad member,SC Woman,SC,1,SC WOMEN,,latin,data/wb/2018/1688-SEC-Gazette Notification-Delimitation and reservation-Purba Bardhaman.pdf,2
West Bengal,2018,Purba Bardhaman,Memari-II,17,Memari-II/ZP-17,zp_member,zilla parishad member,Woman,NONE,1,WOMEN,,latin,data/wb/2018/1688-SEC-Gazette Notification-Delimitation and reservation-Purba Bardhaman.pdf,3
West Bengal,2018,Purba Bardhaman,Memari-II,18,Memari-II/ZP-18,zp_member,zilla parishad member,Woman,NONE,1,WOMEN,,latin,data/wb/2018/1688-SEC-Gazette Notification-Delimitation and reservation-Purba Bardhaman.pdf,3
West Bengal,2018,Purba Bardhaman,Kalna-II,19,Kalna -II/ZP-19,zp_member,zilla parishad member,ST Other than Woman,ST,0,ST,,latin,data/wb/2018/1688-SEC-Gazette Notification-Delimitation and reservation-Purba Bardhaman.pdf,3
West Bengal,2018,Purba Bardhaman,Kalna-II,20,Kalna-II/ZP-20,zp_member,zilla parishad member,SC Woman,SC,1,SC WOMEN,,latin,data/wb/2018/1688-SEC-Gazette Notification-Delimitation and reservation-Purba Bardhaman.pdf,3
West Bengal,2018,Purba Bardhaman,Kalna-I,21,Kalna-I/ZP-21,zp_member,zilla parishad member,SC Other than Woman,SC,0,SC,,latin,data/wb/2018/1688-SEC-Gazette Notification-Delimitation and reservation-Purba Bardhaman.pdf,3
West Bengal,2018,Purba Bardhaman,Kalna-I,22,Kalna-I/ZP-22,zp_member,zilla parishad member,Woman,NONE,1,WOMEN,,latin,data/wb/2018/1688-SEC-Gazette Notification-Delimitation and reservation-Purba Bardhaman.pdf,3
West Bengal,2018,Purba Bardhaman,Kalna-I,23,Kalna-I/ZP-23,zp_member,zilla parishad member,Woman,NONE,1,WOMEN,,latin,data/wb/2018/1688-SEC-Gazette Notification-Delimitation and reservation-Purba Bardhaman.pdf,3
West Bengal,2018,Purba Bardhaman,Memari-I,24,Memari-I/ZP-24,zp_member,zilla parishad member,Woman,NONE,1,WOMEN,,latin,data/wb/2018/1688-SEC-Gazette Notification-Delimitation and reservation-Purba Bardhaman.pdf,3
West Bengal,2018,Purba Bardhaman,Memari-I,25,Memari-I/ZP-25,zp_member,zilla parishad member,Other than Woman,NONE,0,,,latin,data/wb/2018/1688-SEC-Gazette Notification-Delimitation and reservation-Purba Bardhaman.pdf,3
West Bengal,2018,Purba Bardhaman,Memari-I,26,Memari-I/ZP-26,zp_member,zilla parishad member,ST Woman,ST,1,ST WOMEN,,latin,data/wb/2018/1688-SEC-Gazette Notification-Delimitation and reservation-Purba Bardhaman.pdf,3
West Bengal,2018,Purba Bardhaman,Burdwan-I,27,Burdwan-l/ZP-27,zp_member,zilla parishad member,Other than Woman,NONE,0,,,latin,data/wb/2018/1688-SEC-Gazette Notification-Delimitation and reservation-Purba Bardhaman.pdf,3
West Bengal,2018,Purba Bardhaman,Burdwan-II,28,Burdwan-lI/ZP-28,zp_member,zilla parishad member,SC Other than Woman,SC,0,SC,,latin,data/wb/2018/1688-SEC-Gazette Notification-Delimitation and reservation-Purba Bardhaman.pdf,3
West Bengal,2018,Purba Bardhaman,Burdwan-I,29,Burdwan-I/ZP-29,zp_member,zilla parishad member,Woman,NONE,1,WOMEN,,latin,data/wb/2018/1688-SEC-Gazette Notification-Delimitation and reservation-Purba Bardhaman.pdf,3
West Bengal,2018,Purba Bardhaman,Burdwan-IIII,30,Burdwan-lIlI/ZP-30,zp_member,zilla parishad member,SC Woman,SC,1,SC WOMEN,,latin,data/wb/2018/1688-SEC-Gazette Notification-Delimitation and reservation-Purba Bardhaman.pdf,3
West Bengal,2018,Purba Bardhaman,Burdwan-III,31,Burdwan-lIl/ZP-31,zp_member,zilla parishad member,Other than Woman,NONE,0,,,latin,data/wb/2018/1688-SEC-Gazette Notification-Delimitation and reservation-Purba Bardhaman.pdf,3
West Bengal,2018,Purba Bardhaman,Bhatar,32,Bhatar/ZP-32,zp_member,zilla parishad member,ST Other than Woman,ST,0,ST,,latin,data/wb/2018/1688-SEC-Gazette Notification-Delimitation and reservation-Purba Bardhaman.pdf,4
West Bengal,2018,Purba Bardhaman,Bhatar,33,Bhatar/ZP-33,zp_member,zilla parishad member,SC Woman,SC,1,SC WOMEN,,latin,data/wb/2018/1688-SEC-Gazette Notification-Delimitation and reservation-Purba Bardhaman.pdf,4
West Bengal,2018,Purba Bardhaman,Bhatar,34,Bhatar/ZP-34,zp_member,zilla parishad member,SC Other than Woman,SC,0,SC,,latin,data/wb/2018/1688-SEC-Gazette Notification-Delimitation and reservation-Purba Bardhaman.pdf,4
West Bengal,2018,Purba Bardhaman,Purbasthali-I,35,Purbasthali-I/ZP-35,zp_member,zilla parishad member,SC Woman,SC,1,SC WOMEN,,latin,data/wb/2018/1688-SEC-Gazette Notification-Delimitation and reservation-Purba Bardhaman.pdf,4
West Bengal,2018,Purba Bardhaman,Purbasthali-I,36,Purbasthali-I/ZP-36,zp_member,zilla parishad member,SC Other than Woman,SC,0,SC,,latin,data/wb/2018/1688-SEC-Gazette Notification-Delimitation and reservation-Purba Bardhaman.pdf,4
West Bengal,2018,Purba Bardhaman,Purbasthali-I,37,Purbasthali-I/ZP-37,zp_member,zilla parishad member,Woman,NONE,1,WOMEN,,latin,data/wb/2018/1688-SEC-Gazette Notification-Delimitation and reservation-Purba Bardhaman.pdf,4
West Bengal,2018,Purba Bardhaman,Purbasthali-II,38,Purbasthali-II/ZP-38,zp_member,zilla parishad member,BC Woman,BC,1,BC WOMEN,,latin,data/wb/2018/1688-SEC-Gazette Notification-Delimitation and reservation-Purba Bardhaman.pdf,4
West Bengal,2018,Purba Bardhaman,Purbasthali-II,39,Purbasthali-II/ZP-39,zp_member,zilla parishad member,SC Other than Woman,SC,0,SC,,latin,data/wb/2018/1688-SEC-Gazette Notification-Delimitation and reservation-Purba Bardhaman.pdf,4
West Bengal,2018,Purba Bardhaman,Purbasthali-II,40,Purbasthali-II/ZP-40,zp_member,zilla parishad member,Other than Woman,NONE,0,,,latin,data/wb/2018/1688-SEC-Gazette Notification-Delimitation and reservation-Purba Bardhaman.pdf,4
West Bengal,2018,Purba Bardhaman,Katwa-II,41,Katwa-lI/ZP-41,zp_member,zilla parishad member,Woman,NONE,1,WOMEN,,latin,data/wb/2018/1688-SEC-Gazette Notification-Delimitation and reservation-Purba Bardhaman.pdf,4
West Bengal,2018,Purba Bardhaman,Katwa-II,42,Katwa-lI/ZP-42,zp_member,zilla parishad member,SC Woman,SC,1,SC WOMEN,,latin,data/wb/2018/1688-SEC-Gazette Notification-Delimitation and reservation-Purba Bardhaman.pdf,4
West Bengal,2018,Purba Bardhaman,Katwa-II,43,Katwa-Il/ZP-43,zp_member,zilla parishad member,BC Other than Woman,BC,0,BC,,latin,data/wb/2018/1688-SEC-Gazette Notification-Delimitation and reservation-Purba Bardhaman.pdf,4
West Bengal,2018,Purba Bardhaman,Katwa-III,44,Katwa-lII/ZP-44,zp_member,zilla parishad member,Other than Woman,NONE,0,,,latin,data/wb/2018/1688-SEC-Gazette Notification-Delimitation and reservation-Purba Bardhaman.pdf,4
West Bengal,2018,Purba Bardhaman,Ketugram-I,45,Ketugram-I/ZP-45,zp_member,zilla parishad member,Woman,NONE,1,WOMEN,,latin,data/wb/2018/1688-SEC-Gazette Notification-Delimitation and reservation-Purba Bardhaman.pdf,4
West Bengal,2018,Purba Bardhaman,Ketugram-I,46,Ketugram-I/ZP-46,zp_member,zilla parishad member,Other than Woman,NONE,0,,,latin,data/wb/2018/1688-SEC-Gazette Notification-Delimitation and reservation-Purba Bardhaman.pdf,4
West Bengal,2018,Purba Bardhaman,Ketugram-II,47,Ketugram-Il/ZP-47,zp_member,zilla parishad member,Other than Woman,NONE,0,,,latin,data/wb/2018/1688-SEC-Gazette Notification-Delimitation and reservation-Purba Bardhaman.pdf,5
West Bengal,2018,Purba Bardhaman,Ketugram-II,48,Ketugram-II/ZP-48,zp_member,zilla parishad member,Other than Woman,NONE,0,,,latin,data/wb/2018/1688-SEC-Gazette Notification-Delimitation and reservation-Purba Bardhaman.pdf,5
West Bengal,2018,Purba Bardhaman,Mongolkote,49,Mongolkote/ZP-49,zp_member,zilla parishad member,BC Woman,BC,1,BC WOMEN,,latin,data/wb/2018/1688-SEC-Gazette Notification-Delimitation and reservation-Purba Bardhaman.pdf,5
West Bengal,2018,Purba Bardhaman,Mongolkote,50,Mongolkote/ZP-50,zp_member,zilla parishad member,SC Other than Woman,SC,0,SC,,latin,data/wb/2018/1688-SEC-Gazette Notification-Delimitation and reservation-Purba Bardhaman.pdf,5
West Bengal,2018,Purba Bardhaman,Mongolkote,51,Mongolkote/ZP-51,zp_member,zilla parishad member,SC Woman,SC,1,SC WOMEN,,latin,data/wb/2018/1688-SEC-Gazette Notification-Delimitation and reservation-Purba Bardhaman.pdf,5
West Bengal,2018,Purba Bardhaman,Ausgram-II,52,Ausgram-II/ZP-52,zp_member,zilla parishad member,Other than Woman,NONE,0,,,latin,data/wb/2018/1688-SEC-Gazette Notification-Delimitation and reservation-Purba Bardhaman.pdf,5
West Bengal,2018,Purba Bardhaman,Ausgram-II,53,Ausgram-II/ZP-53,zp_member,zilla parishad member,Other than Woman,NONE,0,,,latin,data/wb/2018/1688-SEC-Gazette Notification-Delimitation and reservation-Purba Bardhaman.pdf,5
West Bengal,2018,Purba Bardhaman,Ausgram-I,54,Ausgram-I/ZP-54,zp_member,zilla parishad member,SC Other than Woman,SC,0,SC,,latin,data/wb/2018/1688-SEC-Gazette Notification-Delimitation and reservation-Purba Bardhaman.pdf,5
West Bengal,2018,Purba Bardhaman,Ausgram-I,55,Ausgram-I/ZP-55,zp_member,zilla parishad member,Other than Woman,NONE,0,,,latin,data/wb/2018/1688-SEC-Gazette Notification-Delimitation and reservation-Purba Bardhaman.pdf,5
West Bengal,2018,Purba Bardhaman,Galsi-I,56,Galsi-I/ZP-56,zp_member,zilla parishad member,BC Woman,BC,1,BC WOMEN,,latin,data/wb/2018/1688-SEC-Gazette Notification-Delimitation and reservation-Purba Bardhaman.pdf,5
West Bengal,2018,Purba Bardhaman,Galsi-I,57,Galsi-I/ZP-57,zp_member,zilla parishad member,Other than Woman,NONE,0,,,latin,data/wb/2018/1688-SEC-Gazette Notification-Delimitation and reservation-Purba Bardhaman.pdf,5
West Bengal,2018,Purba Bardhaman,Galsi-I,58,Galsi-I/ZP-58,zp_member,zilla parishad member,BC Other than Woman,BC,0,BC,,latin,data/wb/2018/1688-SEC-Gazette Notification-Delimitation and reservation-Purba Bardhaman.pdf,5
West Bengal,2018,Paschim Bardhaman,Kanksa,1,Kanksa/ZP-1,zp_member,zilla parishad member,SC Other than Woman,SC,0,SC,,latin,data/wb/2018/1689-SEC-Gazette Notification-Delimitation and reservation-Paschim Bardhaman.pdf,1
West Bengal,2018,Paschim Bardhaman,Kanksa,2,Kanksa/ZP-2,zp_member,zilla parishad member,BC Woman,BC,1,BC WOMEN,,latin,data/wb/2018/1689-SEC-Gazette Notification-Delimitation and reservation-Paschim Bardhaman.pdf,1
West Bengal,2018,Paschim Bardhaman,Pandabeswar,3,Pandabeswar/ZP-3,zp_member,zilla parishad member,Woman,NONE,1,WOMEN,,latin,data/wb/2018/1689-SEC-Gazette Notification-Delimitation and reservation-Paschim Bardhaman.pdf,2
West Bengal,2018,Paschim Bardhaman,Pandabeswar,4,Pandabeswar/ZP-4,zp_member,zilla parishad member,Woman,NONE,1,WOMEN,,latin,data/wb/2018/1689-SEC-Gazette Notification-Delimitation and reservation-Paschim Bardhaman.pdf,2
West Bengal,2018,Paschim Bardhaman,Durgapur-Faridpur,5,Durgapur-Faridpur/ZP-5,zp_member,zilla parishad member,Other than Woman,NONE,0,,,latin,data/wb/2018/1689-SEC-Gazette Notification-Delimitation and reservation-Paschim Bardhaman.pdf,2
West Bengal,2018,Paschim Bardhaman,Durgapur-Faridpur,6,Durgapur-Faridpur/ZP-6,zp_member,zilla parishad member,Woman,NONE,1,WOMEN,,latin,data/wb/2018/1689-SEC-Gazette Notification-Delimitation and reservation-Paschim Bardhaman.pdf,2
West Bengal,2018,Paschim Bardhaman,AndaI,7,Andal/ZP-7,zp_member,zilla parishad member,Other than Woman,NONE,0,,,latin,data/wb/2018/1689-SEC-Gazette Notification-Delimitation and reservation-Paschim Bardhaman.pdf,2
West Bengal,2018,Paschim Bardhaman,AndaI,8,Andal/ZP-8,zp_member,zilla parishad member,SC Other than Woman,SC,0,SC,,latin,data/wb/2018/1689-SEC-Gazette Notification-Delimitation and reservation-Paschim Bardhaman.pdf,2
West Bengal,2018,Paschim Bardhaman,AndaI,9,Andal/ZP-9,zp_member,zilla parishad member,Woman,NONE,1,WOMEN,,latin,data/wb/2018/1689-SEC-Gazette Notification-Delimitation and reservation-Paschim Bardhaman.pdf,2
West Bengal,2018,Paschim Bardhaman,Jamuria,10,Jamuria/ZP-10,zp_member,zilla parishad member,Other than Woman,NONE,0,,,latin,data/wb/2018/1689-SEC-Gazette Notification-Delimitation and reservation-Paschim Bardhaman.pdf,2
West Bengal,2018,Paschim Bardhaman,Jamuria,11,Jamuria/ZP-11,zp_member,zilla parishad member,SC Woman,SC,1,SC WOMEN,,latin,data/wb/2018/1689-SEC-Gazette Notification-Delimitation and reservation-Paschim Bardhaman.pdf,2
West Bengal,2018,Paschim Bardhaman,Raniganj,12,Raniganj/ZP-12,zp_member,zilla parishad member,SC Other than Woman,SC,0,SC,,latin,data/wb/2018/1689-SEC-Gazette Notification-Delimitation and reservation-Paschim Bardhaman.pdf,2
West Bengal,2018,Paschim Bardhaman,Raniganj,13,Raniganj/ZP-13,zp_member,zilla parishad member,SC Woman,SC,1,SC WOMEN,,latin,data/wb/2018/1689-SEC-Gazette Notification-Delimitation and reservation-Paschim Bardhaman.pdf,2
West Bengal,2018,Paschim Bardhaman,Salanpur,14,Salanpur/ZP-14,zp_member,zilla parishad member,Other than Woman,NONE,0,,,latin,data/wb/2018/1689-SEC-Gazette Notification-Delimitation and reservation-Paschim Bardhaman.pdf,2
West Bengal,2018,Paschim Bardhaman,Salanpur,15,Salanpur/ZP-15,zp_member,zilla parishad member,SC Other than Woman,SC,0,SC,,latin,data/wb/2018/1689-SEC-Gazette Notification-Delimitation and reservation-Paschim Bardhaman.pdf,2
West Bengal,2018,Paschim Bardhaman,Barabani,16,Barabani/ZP-16,zp_member,zilla parishad member,Other than Woman,NONE,0,,,latin,data/wb/2018/1689-SEC-Gazette Notification-Delimitation and reservation-Paschim Bardhaman.pdf,2
West Bengal,2018,Paschim Bardhaman,Barabani,17,Barabani/ZP-17,zp_member,zilla parishad member,ST Woman,ST,1,ST WOMEN,,latin,data/wb/2018/1689-SEC-Gazette Notification-Delimitation and reservation-Paschim Bardhaman.pdf,2
West Bengal,2018,Birbhum,Khoyrasole,1,Khoyrasole/ZP-1,zp_member,zilla parishad member,Woman,NONE,1,WOMEN,,latin,data/wb/2018/1690-SEC-Gazette Notification-Delimitation and reservation-Birbhum.pdf,1
West Bengal,2018,Birbhum,Khoyrasole,2,Khoyrasole/ZP-2,zp_member,zilla parishad member,Woman,NONE,1,WOMEN,,latin,data/wb/2018/1690-SEC-Gazette Notification-Delimitation and reservation-Birbhum.pdf,1
West Bengal,2018,Birbhum,Dubrajpur,3,Dubrajpur/ZP-3,zp_member,zilla parishad member,SC Other than Woman,SC,0,SC,,latin,data/wb/2018/1690-SEC-Gazette Notification-Delimitation and reservation-Birbhum.pdf,2
West Bengal,2018,Birbhum,Dubrajpur,4,Dubrajpur/ZP-4,zp_member,zilla parishad member,Woman,NONE,1,WOMEN,,latin,data/wb/2018/1690-SEC-Gazette Notification-Delimitation and reservation-Birbhum.pdf,2
West Bengal,2018,Birbhum,Rajnagar,5,Rajnagar/ZP-5,zp_member,zilla parishad member,Woman,NONE,1,WOMEN,,latin,data/wb/2018/1690-SEC-Gazette Notification-Delimitation and reservation-Birbhum.pdf,2
West Bengal,2018,Birbhum,Suri-I,6,Suri-I/ZP-6,zp_member,zilla parishad member,Woman,NONE,1,WOMEN,,latin,data/wb/2018/1690-SEC-Gazette Notification-Delimitation and reservation-Birbhum.pdf,2
West Bengal,2018,Birbhum,Suri-I,7,Suri-I/ZP-7,zp_member,zilla parishad member,ST Woman,ST,1,ST WOMEN,,latin,data/wb/2018/1690-SEC-Gazette Notification-Delimitation and reservation-Birbhum.pdf,2
West Bengal,2018,Birbhum,Illambazar,8,Illambazar/ZP-8,zp_member,zilla parishad member,SC Other than Woman,SC,0,SC,,latin,data/wb/2018/1690-SEC-Gazette Notification-Delimitation and reservation-Birbhum.pdf,2
West Bengal,2018,Birbhum,Illambazar,9,Illambazar/ZP-9,zp_member,zilla parishad member,SC Woman,SC,1,SC WOMEN,,latin,data/wb/2018/1690-SEC-Gazette Notification-Delimitation and reservation-Birbhum.pdf,2
West Bengal,2018,Birbhum,Bolpur-Sriniketan,10,Bolpur-Sriniketan/ZP-10,zp_member,zilla parishad member,ST Other than Woman,ST,0,ST,,latin,data/wb/2018/1690-SEC-Gazette Notification-Delimitation and reservation-Birbhum.pdf,2
West Bengal,2018,Birbhum,Bolpur-Sriniketan,11,Bolpur-Sriniketan/ZP-11,zp_member,zilla parishad member,Woman,NONE,1,WOMEN,,latin,data/wb/2018/1690-SEC-Gazette Notification-Delimitation and reservation-Birbhum.pdf,2
West Bengal,2018,Birbhum,Bolpur-Sriniketan,12,Bolpur-Sriniketan/ZP-12,zp_member,zilla parishad member,Woman,NONE,1,WOMEN,,latin,data/wb/2018/1690-SEC-Gazette Notification-Delimitation and reservation-Birbhum.pdf,2
West Bengal,2018,Birbhum,Nanoor,13,Nanoor/ZP-13,zp_member,zilla parishad member,SC Woman,SC,1,SC WOMEN,,latin,data/wb/2018/1690-SEC-Gazette Notification-Delimitation and reservation-Birbhum.pdf,2
West Bengal,2018,Birbhum,Nanoor,14,Nanoor/ZP-14,zp_member,zilla parishad member,SC Other than Woman,SC,0,SC,,latin,data/wb/2018/1690-SEC-Gazette Notification-Delimitation and reservation-Birbhum.pdf,2
West Bengal,2018,Birbhum,Nanoor,15,Nanoor/ZP-15,zp_member,zilla parishad member,BC Woman,BC,1,BC WOMEN,,latin,data/wb/2018/1690-SEC-Gazette Notification-Delimitation and reservation-Birbhum.pdf,2
West Bengal,2018,Birbhum,Sainthia,16,Sainthia/ZP-16,zp_member,zilla parishad member,SC Other than Woman,SC,0,SC,,latin,data/wb/2018/1690-SEC-Gazette Notification-Delimitation and reservation-Birbhum.pdf,2
West Bengal,2018,Birbhum,Sainthia,17,Sainthia/ZP-17,zp_member,zilla parishad member,Woman,NONE,1,WOMEN,,latin,data/wb/2018/1690-SEC-Gazette Notification-Delimitation and reservation-Birbhum.pdf,2
West Bengal,2018,Birbhum,Sainthia,18,Sainthia/ZP-18,zp_member,zilla parishad member,SC Woman,SC,1,SC WOMEN,,latin,data/wb/2018/1690-SEC-Gazette Notification-Delimitation and reservation-Birbhum.pdf,2
West Bengal,2018,Birbhum,Labpur,19,Labpur/ZP-19,zp_member,zilla parishad member,SC Other than Woman,SC,0,SC,,latin,data/wb/2018/1690-SEC-Gazette Notification-Delimitation and reservation-Birbhum.pdf,3
West Bengal,2018,Birbhum,Labpur,20,Labpur/ZP-20,zp_member,zilla parishad member,Woman,NONE,1,WOMEN,,latin,data/wb/2018/1690-SEC-Gazette Notification-Delimitation and reservation-Birbhum.pdf,3
West Bengal,2018,Birbhum,Labpur,21,Labpur/ZP-21,zp_member,zilla parishad member,Other than Woman,NONE,0,,,latin,data/wb/2018/1690-SEC-Gazette Notification-Delimitation and reservation-Birbhum.pdf,3
West Bengal,2018,Birbhum,Md. Bazar,22,Md. Bazar/ZP-22,zp_member,zilla parishad member,Other than Woman,NONE,0,,,latin,data/wb/2018/1690-SEC-Gazette Notification-Delimitation and reservation-Birbhum.pdf,3
West Bengal,2018,Birbhum,Md. Bazar,23,Md. Bazar/ZP-23,zp_member,zilla parishad member,Other than Woman,NONE,0,,,latin,data/wb/2018/1690-SEC-Gazette Notification-Delimitation and reservation-Birbhum.pdf,3
West Bengal,2018,Birbhum,Suri-II,24,Suri-II/ZP-24,zp_member,zilla parishad member,Other than Woman,NONE,0,,,latin,data/wb/2018/1690-SEC-Gazette Notification-Delimitation and reservation-Birbhum.pdf,3
West Bengal,2018,Birbhum,Mayureswar-I,25,Mayureswar-I/ZP-25,zp_member,zilla parishad member,SC Woman,SC,1,SC WOMEN,,latin,data/wb/2018/1690-SEC-Gazette Notification-Delimitation and reservation-Birbhum.pdf,3
West Bengal,2018,Birbhum,Mayureswar-I,26,Mayureswar-I/ZP-26,zp_member,zilla parishad member,BC Other than Woman,BC,0,BC,,latin,data/wb/2018/1690-SEC-Gazette Notification-Delimitation and reservation-Birbhum.pdf,3
West Bengal,2018,Birbhum,Mayureswar-II,27,Mayureswar-II/ZP-27,zp_member,zilla parishad member,SC Woman,SC,1,SC WOMEN,,latin,data/wb/2018/1690-SEC-Gazette Notification-Delimitation and reservation-Birbhum.pdf,3
West Bengal,2018,Birbhum,Mayureswar-II,28,Mayureswar-II/ZP-28,zp_member,zilla parishad member,SC Other than Woman,SC,0,SC,,latin,data/wb/2018/1690-SEC-Gazette Notification-Delimitation and reservation-Birbhum.pdf,3
West Bengal,2018,Birbhum,Rampurhat-I,29,Rampurhat-I/ZP-29,zp_member,zilla parishad member,Other than Woman,NONE,0,,,latin,data/wb/2018/1690-SEC-Gazette Notification-Delimitation and reservation-Birbhum.pdf,3
West Bengal,2018,Birbhum,Rampurhar-I,30,Rampurhar-I/ZP-30,zp_member,zilla parishad member,ST Woman,ST,1,ST WOMEN,,latin,data/wb/2018/1690-SEC-Gazette Notification-Delimitation and reservation-Birbhum.pdf,3
West Bengal,2018,Birbhum,Nalhati-II,31,Nalhati-II/ZP-31,zp_member,zilla parishad member,Other than Woman,NONE,0,,,latin,data/wb/2018/1690-SEC-Gazette Notification-Delimitation and reservation-Birbhum.pdf,3
West Bengal,2018,Birbhum,Nalhati-II,32,Nalhati-II/ZP-32,zp_member,zilla parishad member,SC Other than Woman,SC,0,SC,,latin,data/wb/2018/1690-SEC-Gazette Notification-Delimitation and reservation-Birbhum.pdf,3
West Bengal,2018,Birbhum,Rampurhat-II,33,Rampurhat-II/ZP-33,zp_member,zilla parishad member,Other than Woman,NONE,0,,,latin,data/wb/2018/1690-SEC-Gazette Notification-Delimitation and reservation-Birbhum.pdf,4
West Bengal,2018,Birbhum,Rampurhat-II,34,Rampurhat-II/ZP-34,zp_member,zilla parishad member,Other than Woman,NONE,0,,,latin,data/wb/2018/1690-SEC-Gazette Notification-Delimitation and reservation-Birbhum.pdf,4
West Bengal,2018,Birbhum,Murarai-II,35,Murarai-II/ZP-35,zp_member,zilla parishad member,BC Woman,BC,1,BC WOMEN,,latin,data/wb/2018/1690-SEC-Gazette Notification-Delimitation and reservation-Birbhum.pdf,4
West Bengal,2018,Birbhum,Murarai-II,36,Murarai-Il/ZP-36,zp_member,zilla parishad member,Woman,NONE,1,WOMEN,,latin,data/wb/2018/1690-SEC-Gazette Notification-Delimitation and reservation-Birbhum.pdf,4
West Bengal,2018,Birbhum,Murarai-II,37,Murarai-II/ZP-37,zp_member,zilla parishad member,BC Other than Woman,BC,0,BC,,latin,data/wb/2018/1690-SEC-Gazette Notification-Delimitation and reservation-Birbhum.pdf,4
West Bengal,2018,Birbhum,Nalhati-I,38,Nalhati-I/ZP-38,zp_member,zilla parishad member,BC Woman,BC,1,BC WOMEN,,latin,data/wb/2018/1690-SEC-Gazette Notification-Delimitation and reservation-Birbhum.pdf,4
West Bengal,2018,Birbhum,Nalhati-I,39,Nalhati-I/ZP-39,zp_member,zilla parishad member,Other than Woman,NONE,0,,,latin,data/wb/2018/1690-SEC-Gazette Notification-Delimitation and reservation-Birbhum.pdf,4
West Bengal,2018,Birbhum,Nalhati-I,40,Nalhati-I/ZP-40,zp_member,zilla parishad member,Woman,NONE,1,WOMEN,,latin,data/wb/2018/1690-SEC-Gazette Notification-Delimitation and reservation-Birbhum.pdf,4
West Bengal,2018,Birbhum,Murarai-I,41,Murarai-I/ZP-41,zp_member,zilla parishad member,Other than Woman,NONE,0,,,latin,data/wb/2018/1690-SEC-Gazette Notification-Delimitation and reservation-Birbhum.pdf,4
West Bengal,2018,Birbhum,Murarai-I,42,Murarai -I/ZP-42,zp_member,zilla parishad member,SC Other than Woman,SC,0,SC,,latin,data/wb/2018/1690-SEC-Gazette Notification-Delimitation and reservation-Birbhum.pdf,4
