state,year,district,block,gram_panchayat,ward_no,tier,reservation,caste_reservation,woman_reserved,ward_count,ocr_repaired,reservation_raw,script,source_path,source_page,source_pdf
Andhra Pradesh,2020,East Godavari,Gangavaram 17 8 I 17 0 0 0 0 0 0 0 0 0 I I 17 Rampachodavarm Kunavaram '16 I 8 to 0 0 0 0 0 0 0 0 0 I I to 6 0 0 0 0 0 t) 6 12 (,Gangavaram 17 8 I 17 0 0 0 0 0 0 0 0 0 I I 17 Rampachodavarm Kunavaram '16 I 8 to 0 0 0 0 0 0 0 0 0 I I to 6 0 0 0 0 0 t) 6 12 (,,sarpanch,SC Other than Woman,SC,0,,0,Sc,latin,data/ap/2020_res_gp/est_res_gp.pdf,6,est_res_gp.pdf
Andhra Pradesh,2020,East Godavari,Addateegala 202 70 81 151 0 0 0 0 0 0,Addateegala 202 70 81 151 0 0 0 0 0 0,,sarpanch,ST Other than Woman,ST,0,20,1,5t ,latin,data/ap/2020_res_gp/est_res_gp.pdf,8,est_res_gp.pdf
Andhra Pradesh,2020,East Godavari,Addateegala Addateegala,Addateegala Addateegala,,sarpanch,ST Other than Woman,ST,0,74,0,ST ,latin,data/ap/2020_res_gp/est_res_gp.pdf,10,est_res_gp.pdf
Andhra Pradesh,2020,East Godavari,Addateegala theemudupakalu,Addateegala theemudupakalu,,sarpanch,ST Other than Woman,ST,0,8,1,5T ,latin,data/ap/2020_res_gp/est_res_gp.pdf,10,est_res_gp.pdf
Andhra Pradesh,2020,East Godavari,Addateegala Bodlanka sr(w) 8,Addateegala Bodlanka sr(w) 8,,sarpanch,ST Other than Woman,ST,0,,0,ST ,latin,data/ap/2020_res_gp/est_res_gp.pdf,10,est_res_gp.pdf
Andhra Pradesh,2020,East Godavari,Addateegala D. theemavaram 10 sr(w) sr(w) sr(w),Addateegala D. theemavaram 10 sr(w) sr(w) sr(w),,sarpanch,ST Other than Woman,ST,0,,0,ST ,latin,data/ap/2020_res_gp/est_res_gp.pdf,10,est_res_gp.pdf
Andhra Pradesh,2020,East Godavari,Addateegala D. Ramavaram sr(w) 10,Addateegala D. Ramavaram sr(w) 10,,sarpanch,Woman,NONE,1,,0,UR(W),latin,data/ap/2020_res_gp/est_res_gp.pdf,10,est_res_gp.pdf
Andhra Pradesh,2020,East Godavari,AddateeBala Dakodu,AddateeBala Dakodu,,sarpanch,ST Other than Woman,ST,0,8,0,ST ,latin,data/ap/2020_res_gp/est_res_gp.pdf,10,est_res_gp.pdf
Andhra Pradesh,2020,East Godavari,Addateegala Dhanyampalem,Addateegala Dhanyampalem,,sarpanch,ST Woman,ST,1,,0,ST(W),latin,data/ap/2020_res_gp/est_res_gp.pdf,10,est_res_gp.pdf
Andhra Pradesh,2020,East Godavari,Addateegala Konalova sr(w) 10,Addateegala Konalova sr(w) 10,,sarpanch,Other than Woman,NONE,0,,0,UR ,latin,data/ap/2020_res_gp/est_res_gp.pdf,10,est_res_gp.pdf
Andhra Pradesh,2020,East Godavari,Addateegala Rayapalli,Addateegala Rayapalli,,sarpanch,ST Other than Woman,ST,0,10,1,5T ,latin,data/ap/2020_res_gp/est_res_gp.pdf,10,est_res_gp.pdf
Andhra Pradesh,2020,East Godavari,Addateegala Somannapalem,Addateegala Somannapalem,,sarpanch,ST Other than Woman,ST,0,8,0,ST ,latin,data/ap/2020_res_gp/est_res_gp.pdf,10,est_res_gp.pdf
Andhra Pradesh,2020,East Godavari,Addateegala Thimmapuram sr(w) 10 sr(w),Addateegala Thimmapuram sr(w) 10 sr(w),,sarpanch,Other than Woman,NONE,0,,0,UR ,latin,data/ap/2020_res_gp/est_res_gp.pdf,10,est_res_gp.pdf
Andhra Pradesh,2020,East Godavari,Addateegala Thungamadugula,Addateegala Thungamadugula,,sarpanch,ST Other than Woman,ST,0,10,0,ST ,latin,data/ap/2020_res_gp/est_res_gp.pdf,10,est_res_gp.pdf
Andhra Pradesh,2020,East Godavari,Addateegala Veeravaram,Addateegala Veeravaram,,sarpanch,ST Other than Woman,ST,0,8,0,ST ,latin,data/ap/2020_res_gp/est_res_gp.pdf,10,est_res_gp.pdf
Andhra Pradesh,2020,East Godavari,Addateegala Vetamamidi sr(w),Addateegala Vetamamidi sr(w),,sarpanch,ST Other than Woman,ST,0,,0,ST ,latin,data/ap/2020_res_gp/est_res_gp.pdf,10,est_res_gp.pdf
Andhra Pradesh,2020,East Godavari,Addateegala Yellavaram sr(w) 10,Addateegala Yellavaram sr(w) 10,,sarpanch,Woman,NONE,1,,0,UR(W),latin,data/ap/2020_res_gp/est_res_gp.pdf,10,est_res_gp.pdf
Andhra Pradesh,2020,East Godavari,Ainavilli Ainavilli 74,Ainavilli Ainavilli 74,,sarpanch,BC Woman,BC,1,,0,Bc(w),latin,data/ap/2020_res_gp/est_res_gp.pdf,11,est_res_gp.pdf
Andhra Pradesh,2020,East Godavari,Ainavilli Ainavilli lanka,Ainavilli Ainavilli lanka,,sarpanch,SC Woman,SC,1,10,0,sc(w),latin,data/ap/2020_res_gp/est_res_gp.pdf,11,est_res_gp.pdf
Andhra Pradesh,2020,East Godavari,Ainavilli Chintanalanka,Ainavilli Chintanalanka,,sarpanch,Other than Woman,NONE,0,10,0,UR ,latin,data/ap/2020_res_gp/est_res_gp.pdf,11,est_res_gp.pdf
Andhra Pradesh,2020,East Godavari,Ainavilli K.Jagannadhapuram,Ainavilli K.Jagannadhapuram,,sarpanch,BC Woman,BC,1,10,0,Bc(w),latin,data/ap/2020_res_gp/est_res_gp.pdf,11,est_res_gp.pdf
Andhra Pradesh,2020,East Godavari,Ainavilli Kondukuduru,Ainavilli Kondukuduru,,sarpanch,Other than Woman,NONE,0,10,0,UR ,latin,data/ap/2020_res_gp/est_res_gp.pdf,11,est_res_gp.pdf
Andhra Pradesh,2020,East Godavari,Ainavilli Krapa,Ainavilli Krapa,,sarpanch,Woman,NONE,1,10,0,uR(w),latin,data/ap/2020_res_gp/est_res_gp.pdf,11,est_res_gp.pdf
Andhra Pradesh,2020,East Godavari,Ainavilli Madupalli,Ainavilli Madupalli,,sarpanch,Woman,NONE,1,10,0,UR(W),latin,data/ap/2020_res_gp/est_res_gp.pdf,11,est_res_gp.pdf
Andhra Pradesh,2020,East Godavari,Ainavilli Magam,Ainavilli Magam,,sarpanch,SC Other than Woman,SC,0,12,0,sc ,latin,data/ap/2020_res_gp/est_res_gp.pdf,11,est_res_gp.pdf
Andhra Pradesh,2020,East Godavari,Ainavilli N.Pedapalem,Ainavilli N.Pedapalem,,sarpanch,Other than Woman,NONE,0,10,0,UR ,latin,data/ap/2020_res_gp/est_res_gp.pdf,11,est_res_gp.pdf
Andhra Pradesh,2020,East Godavari,Ainavilli Nallachervu 10,Ainavilli Nallachervu 10,,sarpanch,SC Woman,SC,1,,0,sc(w),latin,data/ap/2020_res_gp/est_res_gp.pdf,11,est_res_gp.pdf
Andhra Pradesh,2020,East Godavari,Ainavilli Nedunuru 14,Ainavilli Nedunuru 14,,sarpanch,BC Other than Woman,BC,0,,0,Bc,latin,data/ap/2020_res_gp/est_res_gp.pdf,11,est_res_gp.pdf
Andhra Pradesh,2020,East Godavari,Ainavilli Pothukurru,Ainavilli Pothukurru,,sarpanch,Woman,NONE,1,10,0,UR(W),latin,data/ap/2020_res_gp/est_res_gp.pdf,11,est_res_gp.pdf
Andhra Pradesh,2020,East Godavari,Ainavilli Pottilanka,Ainavilli Pottilanka,,sarpanch,Woman,NONE,1,8,0,UR(W),latin,data/ap/2020_res_gp/est_res_gp.pdf,11,est_res_gp.pdf
Andhra Pradesh,2020,East Godavari,Ainavilli s.Moolapolam,Ainavilli s.Moolapolam,,sarpanch,Other than Woman,NONE,0,8,0,UR ,latin,data/ap/2020_res_gp/est_res_gp.pdf,11,est_res_gp.pdf
Andhra Pradesh,2020,East Godavari,Ainavilli Sanapallilanka,Ainavilli Sanapallilanka,,sarpanch,SC Woman,SC,1,72,0,sc(w),latin,data/ap/2020_res_gp/est_res_gp.pdf,11,est_res_gp.pdf
Andhra Pradesh,2020,East Godavari,Ainavilli 5ankarayagudem,Ainavilli 5ankarayagudem,,sarpanch,BC Other than Woman,BC,0,10,0,BC ,latin,data/ap/2020_res_gp/est_res_gp.pdf,11,est_res_gp.pdf
Andhra Pradesh,2020,East Godavari,Ainavilli Siripalli,Ainavilli Siripalli,,sarpanch,BC Woman,BC,1,72,0,Bc(w),latin,data/ap/2020_res_gp/est_res_gp.pdf,11,est_res_gp.pdf
Andhra Pradesh,2020,East Godavari,Ainavilli Totharamudi,Ainavilli Totharamudi,,sarpanch,SC Woman,SC,1,74,0,sc(w),latin,data/ap/2020_res_gp/est_res_gp.pdf,11,est_res_gp.pdf
Andhra Pradesh,2020,East Godavari,Ainavilli Veeravalllpalem,Ainavilli Veeravalllpalem,,sarpanch,Other than Woman,NONE,0,72,0,UR ,latin,data/ap/2020_res_gp/est_res_gp.pdf,11,est_res_gp.pdf
Andhra Pradesh,2020,East Godavari,Ainavilli Veluvalapalli,Ainavilli Veluvalapalli,,sarpanch,Woman,NONE,1,,0,UR(W),latin,data/ap/2020_res_gp/est_res_gp.pdf,11,est_res_gp.pdf
Andhra Pradesh,2020,East Godavari,Ainavilli Vilasa,Ainavilli Vilasa,,sarpanch,SC Woman,SC,1,72,0,sc(w),latin,data/ap/2020_res_gp/est_res_gp.pdf,11,est_res_gp.pdf
Andhra Pradesh,2020,East Godavari,Alamuru,ALAMURU,,sarpanch,SC Woman,SC,1,14,0,sc(w),latin,data/ap/2020_res_gp/est_res_gp.pdf,12,est_res_gp.pdf
Andhra Pradesh,2020,East Godavari,Alamuru,BADUGUVANILANKA,,sarpanch,Woman,NONE,1,12,0,UR(W),latin,data/ap/2020_res_gp/est_res_gp.pdf,12,est_res_gp.pdf
Andhra Pradesh,2020,East Godavari,Alamuru,CHEMUDULANKA,,sarpanch,Other than Woman,NONE,0,72,0,UR ,latin,data/ap/2020_res_gp/est_res_gp.pdf,12,est_res_gp.pdf
Andhra Pradesh,2020,East Godavari,Alamuru,CHINTALURU,,sarpanch,BC Woman,BC,1,72,0,Bc(w),latin,data/ap/2020_res_gp/est_res_gp.pdf,12,est_res_gp.pdf
Andhra Pradesh,2020,East Godavari,Alamuru,CHOPPELLA,,sarpanch,BC Other than Woman,BC,0,74,0,BC ,latin,data/ap/2020_res_gp/est_res_gp.pdf,12,est_res_gp.pdf
Andhra Pradesh,2020,East Godavari,Alamuru,"GUMMILER(,",,sarpanch,Other than Woman,NONE,0,10,0,UR ,latin,data/ap/2020_res_gp/est_res_gp.pdf,12,est_res_gp.pdf
Andhra Pradesh,2020,East Godavari,Alamuru,MADIKI,,sarpanch,SC Woman,SC,1,74,0,sc(w),latin,data/ap/2020_res_gp/est_res_gp.pdf,12,est_res_gp.pdf
Andhra Pradesh,2020,East Godavari,Alamuru,MOOLASTANAM,,sarpanch,SC Other than Woman,SC,0,74,0,SC ,latin,data/ap/2020_res_gp/est_res_gp.pdf,12,est_res_gp.pdf
Andhra Pradesh,2020,East Godavari,Alamuru,MODUKURU,,sarpanch,Woman,NONE,1,10,0,UR(W),latin,data/ap/2020_res_gp/est_res_gp.pdf,12,est_res_gp.pdf
Andhra Pradesh,2020,East Godavari,Alamuru r r-l-,NARSIPUDI,,sarpanch,BC Other than Woman,BC,0,12,0,BC ,latin,data/ap/2020_res_gp/est_res_gp.pdf,12,est_res_gp.pdf
Andhra Pradesh,2020,East Godavari,Alamuru,NAVABPETA,,sarpanch,Other than Woman,NONE,0,8,0,UR ,latin,data/ap/2020_res_gp/est_res_gp.pdf,12,est_res_gp.pdf
Andhra Pradesh,2020,East Godavari,Alamuru,PINAPALLA,,sarpanch,Other than Woman,NONE,0,12,0,UR ,latin,data/ap/2020_res_gp/est_res_gp.pdf,12,est_res_gp.pdf
Andhra Pradesh,2020,East Godavari,Alamuru,SAN DHIPU DI,,sarpanch,Woman,NONE,1,10,0,UR(W),latin,data/ap/2020_res_gp/est_res_gp.pdf,12,est_res_gp.pdf
Andhra Pradesh,2020,East Godavari,Alamuru,SURYARAOPETA,,sarpanch,Woman,NONE,1,8,0,UR(W),latin,data/ap/2020_res_gp/est_res_gp.pdf,12,est_res_gp.pdf
Andhra Pradesh,2020,East Godavari,Allavaram Allavaram,Allavaram Allavaram,,sarpanch,SC Woman,SC,1,,0,sc(w),latin,data/ap/2020_res_gp/est_res_gp.pdf,13,est_res_gp.pdf
Andhra Pradesh,2020,East Godavari,Allavaram Bendamurlanka,Allavaram Bendamurlanka,,sarpanch,BC Woman,BC,1,,1,8c(w),latin,data/ap/2020_res_gp/est_res_gp.pdf,13,est_res_gp.pdf
Andhra Pradesh,2020,East Godavari,Allavaram Bodasakurru,Allavaram Bodasakurru,,sarpanch,SC Woman,SC,1,74,0,sc(w),latin,data/ap/2020_res_gp/est_res_gp.pdf,13,est_res_gp.pdf
Andhra Pradesh,2020,East Godavari,Allavaram D. Ravulapalem,Allavaram D. Ravulapalem,,sarpanch,SC Other than Woman,SC,0,10,0,SC ,latin,data/ap/2020_res_gp/est_res_gp.pdf,13,est_res_gp.pdf
Andhra Pradesh,2020,East Godavari,Allavaram Devaguptham,Allavaram Devaguptham,,sarpanch,SC Other than Woman,SC,0,12,0,sc ,latin,data/ap/2020_res_gp/est_res_gp.pdf,13,est_res_gp.pdf
Andhra Pradesh,2020,East Godavari,Allavaram Godi,Allavaram Godi,,sarpanch,SC Woman,SC,1,10,0,sc(w),latin,data/ap/2020_res_gp/est_res_gp.pdf,13,est_res_gp.pdf
Andhra Pradesh,2020,East Godavari,Allavaram Godi Lanka,Allavaram Godi Lanka,,sarpanch,Woman,NONE,1,10,0,UR(W),latin,data/ap/2020_res_gp/est_res_gp.pdf,13,est_res_gp.pdf
Andhra Pradesh,2020,East Godavari,Allavaram Godithippa,Allavaram Godithippa,,sarpanch,Woman,NONE,1,10,0,uR(w),latin,data/ap/2020_res_gp/est_res_gp.pdf,13,est_res_gp.pdf
Andhra Pradesh,2020,East Godavari,Allavaram Gudala,Allavaram Gudala,,sarpanch,SC Other than Woman,SC,0,12,0,sc ,latin,data/ap/2020_res_gp/est_res_gp.pdf,13,est_res_gp.pdf
Andhra Pradesh,2020,East Godavari,Allavaram Gundepudi,Allavaram Gundepudi,,sarpanch,Other than Woman,NONE,0,10,0,UR ,latin,data/ap/2020_res_gp/est_res_gp.pdf,13,est_res_gp.pdf
Andhra Pradesh,2020,East Godavari,Allavaram Kodurupadu,Allavaram Kodurupadu,,sarpanch,Other than Woman,NONE,0,12,0,UR ,latin,data/ap/2020_res_gp/est_res_gp.pdf,13,est_res_gp.pdf
Andhra Pradesh,2020,East Godavari,Allavaram Komarigiripatnam,Allavaram Komarigiripatnam,,sarpanch,SC Woman,SC,1,16,0,sc(w),latin,data/ap/2020_res_gp/est_res_gp.pdf,13,est_res_gp.pdf
Andhra Pradesh,2020,East Godavari,Allavaram Mogallamuru,Allavaram Mogallamuru,,sarpanch,BC Other than Woman,BC,0,10,0,BC ,latin,data/ap/2020_res_gp/est_res_gp.pdf,13,est_res_gp.pdf
Andhra Pradesh,2020,East Godavari,Allavaram Vodalarevu,Allavaram Vodalarevu,,sarpanch,BC Woman,BC,1,,0,BC(w),latin,data/ap/2020_res_gp/est_res_gp.pdf,13,est_res_gp.pdf
Andhra Pradesh,2020,East Godavari,Allavaram s. Pallipalem,Allavaram s. Pallipalem,,sarpanch,Woman,NONE,1,10,0,UR(W),latin,data/ap/2020_res_gp/est_res_gp.pdf,13,est_res_gp.pdf
Andhra Pradesh,2020,East Godavari,Allavaram Samanthakurru,Allavaram Samanthakurru,,sarpanch,Other than Woman,NONE,0,10,0,UR ,latin,data/ap/2020_res_gp/est_res_gp.pdf,13,est_res_gp.pdf
Andhra Pradesh,2020,East Godavari,Allavaram Tadikona,Allavaram Tadikona,,sarpanch,Woman,NONE,1,10,0,uR(w),latin,data/ap/2020_res_gp/est_res_gp.pdf,13,est_res_gp.pdf
Andhra Pradesh,2020,East Godavari,Allavaram Thummalapalli,Allavaram Thummalapalli,,sarpanch,Woman,NONE,1,10,0,UR(W),latin,data/ap/2020_res_gp/est_res_gp.pdf,13,est_res_gp.pdf
Andhra Pradesh,2020,East Godavari,Allavaram Thurpulanka,Allavaram Thurpulanka,,sarpanch,Other than Woman,NONE,0,10,0,UR ,latin,data/ap/2020_res_gp/est_res_gp.pdf,13,est_res_gp.pdf
Andhra Pradesh,2020,East Godavari,Amalapuram A Vemavaram,Amalapuram A Vemavaram,,sarpanch,Woman,NONE,1,10,0,UR(W),latin,data/ap/2020_res_gp/est_res_gp.pdf,14,est_res_gp.pdf
Andhra Pradesh,2020,East Godavari,Amalapuram A Vemavarapadu,Amalapuram A Vemavarapadu,,sarpanch,Woman,NONE,1,10,0,UR(W),latin,data/ap/2020_res_gp/est_res_gp.pdf,14,est_res_gp.pdf
Andhra Pradesh,2020,East Godavari,Amalapuram Bandarulanka,Amalapuram Bandarulanka,,sarpanch,SC Other than Woman,SC,0,,0,SC ,latin,data/ap/2020_res_gp/est_res_gp.pdf,14,est_res_gp.pdf
Andhra Pradesh,2020,East Godavari,Amalapuram Bhatnavilli,Amalapuram Bhatnavilli,,sarpanch,SC Woman,SC,1,12,0,sc(w),latin,data/ap/2020_res_gp/est_res_gp.pdf,14,est_res_gp.pdf
Andhra Pradesh,2020,East Godavari,Amalapuram Chinthadagaruvu,Amalapuram Chinthadagaruvu,,sarpanch,Other than Woman,NONE,0,10,0,UR ,latin,data/ap/2020_res_gp/est_res_gp.pdf,14,est_res_gp.pdf
Andhra Pradesh,2020,East Godavari,Amalapuram Eedarapalli,Amalapuram Eedarapalli,,sarpanch,BC Other than Woman,BC,0,74,0,BC ,latin,data/ap/2020_res_gp/est_res_gp.pdf,14,est_res_gp.pdf
Andhra Pradesh,2020,East Godavari,Amalapuram G Agraharam,Amalapuram G Agraharam,,sarpanch,BC Woman,BC,1,,0,Bc (w),latin,data/ap/2020_res_gp/est_res_gp.pdf,14,est_res_gp.pdf
Andhra Pradesh,2020,East Godavari,Amalapuram lmmidivarapadu,Amalapuram lmmidivarapadu,,sarpanch,Other than Woman,NONE,0,8,0,UR ,latin,data/ap/2020_res_gp/est_res_gp.pdf,14,est_res_gp.pdf
Andhra Pradesh,2020,East Godavari,Amalapuram lndupalli,Amalapuram lndupalli,,sarpanch,BC Woman,BC,1,74,0,BC(w),latin,data/ap/2020_res_gp/est_res_gp.pdf,14,est_res_gp.pdf
Andhra Pradesh,2020,East Godavari,Amalapuram Janupalli,Amalapuram Janupalli,,sarpanch,BC Woman,BC,1,,0,Bc(w),latin,data/ap/2020_res_gp/est_res_gp.pdf,14,est_res_gp.pdf
Andhra Pradesh,2020,East Godavari,Amalapuram Kamanagaruvu,Amalapuram Kamanagaruvu,,sarpanch,SC Woman,SC,1,,0,sc(w),latin,data/ap/2020_res_gp/est_res_gp.pdf,14,est_res_gp.pdf
Andhra Pradesh,2020,East Godavari,Amalapuram Na dipudi,Amalapuram Na dipudi,,sarpanch,BC Other than Woman,BC,0,12,0,BC ,latin,data/ap/2020_res_gp/est_res_gp.pdf,14,est_res_gp.pdf
Andhra Pradesh,2020,East Godavari,Amalapuram Na llamilli,Amalapuram Na llamilli,,sarpanch,Other than Woman,NONE,0,10,0,UR ,latin,data/ap/2020_res_gp/est_res_gp.pdf,14,est_res_gp.pdf
Andhra Pradesh,2020,East Godavari,Amalapuram Palagummi,Amalapuram Palagummi,,sarpanch,BC Woman,BC,1,10,0,Bc(w),latin,data/ap/2020_res_gp/est_res_gp.pdf,14,est_res_gp.pdf
Andhra Pradesh,2020,East Godavari,Amalapuram Peruru,Amalapuram Peruru,,sarpanch,SC Other than Woman,SC,0,76,1,5C ,latin,data/ap/2020_res_gp/est_res_gp.pdf,14,est_res_gp.pdf
Andhra Pradesh,2020,East Godavari,Amalapuram Reddipalli,Amalapuram Reddipalli,,sarpanch,Woman,NONE,1,8,0,uR(w),latin,data/ap/2020_res_gp/est_res_gp.pdf,14,est_res_gp.pdf
Andhra Pradesh,2020,East Godavari,Amalapuram Rollapalem,Amalapuram Rollapalem,,sarpanch,Woman,NONE,1,10,0,UR(W),latin,data/ap/2020_res_gp/est_res_gp.pdf,14,est_res_gp.pdf
Andhra Pradesh,2020,East Godavari,Amalapuram Sakurru,Amalapuram Sakurru,,sarpanch,Other than Woman,NONE,0,10,0,UR ,latin,data/ap/2020_res_gp/est_res_gp.pdf,14,est_res_gp.pdf
Andhra Pradesh,2020,East Godavari,Amalapuram Samanasa,Amalapuram Samanasa,,sarpanch,SC Other than Woman,SC,0,,0,sc ,latin,data/ap/2020_res_gp/est_res_gp.pdf,14,est_res_gp.pdf
Andhra Pradesh,2020,East Godavari,Amalapuram savarpalem,Amalapuram savarpalem,,sarpanch,SC Woman,SC,1,,0,sc (w),latin,data/ap/2020_res_gp/est_res_gp.pdf,14,est_res_gp.pdf
Andhra Pradesh,2020,East Godavari,Ambajipeta,CHIRATHAPUDI,,sarpanch,SC Woman,SC,1,,0,sc(w),latin,data/ap/2020_res_gp/est_res_gp.pdf,15,est_res_gp.pdf
Andhra Pradesh,2020,East Godavari,Ambajipeta,G.AGRAHARAM,,sarpanch,BC Other than Woman,BC,0,72,0,BC ,latin,data/ap/2020_res_gp/est_res_gp.pdf,15,est_res_gp.pdf
Andhra Pradesh,2020,East Godavari,Ambajipeta,GANGALAKURRU,,sarpanch,BC Other than Woman,BC,0,72,0,BC ,latin,data/ap/2020_res_gp/est_res_gp.pdf,15,est_res_gp.pdf
Andhra Pradesh,2020,East Godavari,Ambajipeta,IRUSUMANDA,,sarpanch,Woman,NONE,1,10,0,UR(W),latin,data/ap/2020_res_gp/est_res_gp.pdf,15,est_res_gp.pdf
Andhra Pradesh,2020,East Godavari,Ambajipeta,ISUKAPUDI,,sarpanch,SC Other than Woman,SC,0,12,0,sc ,latin,data/ap/2020_res_gp/est_res_gp.pdf,15,est_res_gp.pdf
Andhra Pradesh,2020,East Godavari,Ambajipeta,K.PEDAPUDI,,sarpanch,SC Woman,SC,1,72,0,sc(w),latin,data/ap/2020_res_gp/est_res_gp.pdf,15,est_res_gp.pdf
Andhra Pradesh,2020,East Godavari,Ambajipeta tr,MOSALAPALLI,,sarpanch,Woman,NONE,1,10,0,UR(W),latin,data/ap/2020_res_gp/est_res_gp.pdf,15,est_res_gp.pdf
Andhra Pradesh,2020,East Godavari,Ambajipeta,NANDAMPUDI,,sarpanch,BC Woman,BC,1,10,0,Bc(w),latin,data/ap/2020_res_gp/est_res_gp.pdf,15,est_res_gp.pdf
Andhra Pradesh,2020,East Godavari,Ambajipeta,PASUPALLI,,sarpanch,Other than Woman,NONE,0,10,0,UR ,latin,data/ap/2020_res_gp/est_res_gp.pdf,15,est_res_gp.pdf
Andhra Pradesh,2020,East Godavari,Ambajipeta,PULLETIKURRU,,sarpanch,SC Other than Woman,SC,0,74,0,SC ,latin,data/ap/2020_res_gp/est_res_gp.pdf,15,est_res_gp.pdf
Andhra Pradesh,2020,East Godavari,Ambajipeta trr-T--II,THONDAVARAM,,sarpanch,Other than Woman,NONE,0,10,0,UR ,latin,data/ap/2020_res_gp/est_res_gp.pdf,15,est_res_gp.pdf
Andhra Pradesh,2020,East Godavari,Ambajipeta,VAKALAGARUVU,,sarpanch,Other than Woman,NONE,0,10,0,UR ,latin,data/ap/2020_res_gp/est_res_gp.pdf,15,est_res_gp.pdf
Andhra Pradesh,2020,East Godavari,Ambajipeta,VAKKALANKA,,sarpanch,Woman,NONE,1,10,0,UR(W),latin,data/ap/2020_res_gp/est_res_gp.pdf,15,est_res_gp.pdf
Andhra Pradesh,2020,East Godavari,Name of the Name ofthe No. of Word ReseNed for No 132 Mandal Atreapuram Grampanchayat Ankampalem (Sarpanch) Resetued for,Name of the Name ofthe No. of Word ReseNed for No 132 Mandal Atreapuram Grampanchayat Ankampalem (Sarpanch) Resetued for,,sarpanch,SC Other than Woman,SC,0,,0,sc ,latin,data/ap/2020_res_gp/est_res_gp.pdf,17,est_res_gp.pdf
Andhra Pradesh,2020,East Godavari,Atreapuram Atreyapuram,Atreapuram Atreyapuram,,sarpanch,SC Woman,SC,1,14,0,sc(w),latin,data/ap/2020_res_gp/est_res_gp.pdf,17,est_res_gp.pdf
Andhra Pradesh,2020,East Godavari,Atreapuram Eobbarlanka,Atreapuram Eobbarlanka,,sarpanch,Woman,NONE,1,10,0,UR(W),latin,data/ap/2020_res_gp/est_res_gp.pdf,17,est_res_gp.pdf
Andhra Pradesh,2020,East Godavari,Atreapuram KattunBa,Atreapuram KattunBa,,sarpanch,Other than Woman,NONE,0,10,0,UR ,latin,data/ap/2020_res_gp/est_res_gp.pdf,17,est_res_gp.pdf
Andhra Pradesh,2020,East Godavari,Atreapuram Lolla,Atreapuram Lolla,,sarpanch,Other than Woman,NONE,0,,0,UR ,latin,data/ap/2020_res_gp/est_res_gp.pdf,17,est_res_gp.pdf
Andhra Pradesh,2020,East Godavari,Atreapuram Merlapalem,Atreapuram Merlapalem,,sarpanch,Other than Woman,NONE,0,72,0,UR ,latin,data/ap/2020_res_gp/est_res_gp.pdf,17,est_res_gp.pdf
Andhra Pradesh,2020,East Godavari,Atreapuram Narkedmilli,Atreapuram Narkedmilli,,sarpanch,BC Other than Woman,BC,0,12,1,8C ,latin,data/ap/2020_res_gp/est_res_gp.pdf,17,est_res_gp.pdf
Andhra Pradesh,2020,East Godavari,Atreapuram Rajavaram,Atreapuram Rajavaram,,sarpanch,BC Woman,BC,1,10,0,Bc(w),latin,data/ap/2020_res_gp/est_res_gp.pdf,17,est_res_gp.pdf
Andhra Pradesh,2020,East Godavari,Atreapuram Ryali,Atreapuram Ryali,,sarpanch,SC Other than Woman,SC,0,,0,sc ,latin,data/ap/2020_res_gp/est_res_gp.pdf,17,est_res_gp.pdf
Andhra Pradesh,2020,East Godavari,Atreapuram Tadipudi,Atreapuram Tadipudi,,sarpanch,Woman,NONE,1,10,0,UR(W),latin,data/ap/2020_res_gp/est_res_gp.pdf,17,est_res_gp.pdf
Andhra Pradesh,2020,East Godavari,Atreapuram Vadapalli,Atreapuram Vadapalli,,sarpanch,Woman,NONE,1,10,0,UR(W),latin,data/ap/2020_res_gp/est_res_gp.pdf,17,est_res_gp.pdf
Andhra Pradesh,2020,East Godavari,Atreapuram Vaddiparru,Atreapuram Vaddiparru,,sarpanch,Woman,NONE,1,72,0,UR(W),latin,data/ap/2020_res_gp/est_res_gp.pdf,17,est_res_gp.pdf
Andhra Pradesh,2020,East Godavari,Atreapuram Vasanthawada,Atreapuram Vasanthawada,,sarpanch,Other than Woman,NONE,0,10,0,UR ,latin,data/ap/2020_res_gp/est_res_gp.pdf,17,est_res_gp.pdf
Andhra Pradesh,2020,East Godavari,Atreapuram Velicheru,Atreapuram Velicheru,,sarpanch,BC Other than Woman,BC,0,12,1,8C ,latin,data/ap/2020_res_gp/est_res_gp.pdf,17,est_res_gp.pdf
Andhra Pradesh,2020,East Godavari,Biccavolu Balabhadrapuram,Biccavolu Balabhadrapuram,,sarpanch,SC Other than Woman,SC,0,74,0,SC ,latin,data/ap/2020_res_gp/est_res_gp.pdf,18,est_res_gp.pdf
Andhra Pradesh,2020,East Godavari,Biccavolu Kapavaram,Biccavolu Kapavaram,,sarpanch,Other than Woman,NONE,0,12,0,UR ,latin,data/ap/2020_res_gp/est_res_gp.pdf,18,est_res_gp.pdf
Andhra Pradesh,2020,East Godavari,Biccavolu Komaripalem,Biccavolu Komaripalem,,sarpanch,BC Other than Woman,BC,0,74,0,BC ,latin,data/ap/2020_res_gp/est_res_gp.pdf,18,est_res_gp.pdf
Andhra Pradesh,2020,East Godavari,Biccavolu R.S.Peta,Biccavolu R.S.Peta,,sarpanch,Woman,NONE,1,8,0,uR(w),latin,data/ap/2020_res_gp/est_res_gp.pdf,18,est_res_gp.pdf
Andhra Pradesh,2020,East Godavari,Biccavolu Voolapalli,Biccavolu Voolapalli,,sarpanch,BC Woman,BC,1,14,0,Bc(w),latin,data/ap/2020_res_gp/est_res_gp.pdf,18,est_res_gp.pdf
Andhra Pradesh,2020,East Godavari,Chinturu Chidumuru sr (w) 10 sr (w) sr (w) sr (w),Chinturu Chidumuru sr (w) 10 sr (w) sr (w) sr (w),,sarpanch,ST Woman,ST,1,51,0,ST (W),latin,data/ap/2020_res_gp/est_res_gp.pdf,19,est_res_gp.pdf
Andhra Pradesh,2020,East Godavari,Chinturu Chintooru,Chinturu Chintooru,,sarpanch,ST Other than Woman,ST,0,74,0,ST ,latin,data/ap/2020_res_gp/est_res_gp.pdf,19,est_res_gp.pdf
Andhra Pradesh,2020,East Godavari,Chinturu Edugurallapalli,Chinturu Edugurallapalli,,sarpanch,ST Other than Woman,ST,0,12,0,ST ,latin,data/ap/2020_res_gp/est_res_gp.pdf,19,est_res_gp.pdf
Andhra Pradesh,2020,East Godavari,Chinturu Gangannametta,Chinturu Gangannametta,,sarpanch,ST Other than Woman,ST,0,8,0,ST ,latin,data/ap/2020_res_gp/est_res_gp.pdf,19,est_res_gp.pdf
Andhra Pradesh,2020,East Godavari,Chinturu 6uduru,Chinturu 6uduru,,sarpanch,ST Other than Woman,ST,0,10,1,5T ,latin,data/ap/2020_res_gp/est_res_gp.pdf,19,est_res_gp.pdf
Andhra Pradesh,2020,East Godavari,Chinturu Kummuru,Chinturu Kummuru,,sarpanch,ST Other than Woman,ST,0,10,0,ST ,latin,data/ap/2020_res_gp/est_res_gp.pdf,19,est_res_gp.pdf
Andhra Pradesh,2020,East Godavari,Chinturu Lachigudem sr (w) 8 sr (w),Chinturu Lachigudem sr (w) 8 sr (w),,sarpanch,ST Other than Woman,ST,0,,0,ST ,latin,data/ap/2020_res_gp/est_res_gp.pdf,19,est_res_gp.pdf
Andhra Pradesh,2020,East Godavari,Chinturu Mothugudem,Chinturu Mothugudem,,sarpanch,ST Other than Woman,ST,0,72,0,ST ,latin,data/ap/2020_res_gp/est_res_gp.pdf,19,est_res_gp.pdf
Andhra Pradesh,2020,East Godavari,Chinturu Mukunuru sr (w) 10 sr (w) sr (w),Chinturu Mukunuru sr (w) 10 sr (w) sr (w),,sarpanch,ST Other than Woman,ST,0,51,0,ST ,latin,data/ap/2020_res_gp/est_res_gp.pdf,19,est_res_gp.pdf
Andhra Pradesh,2020,East Godavari,Chinturu P.S.Pa lli sr (w) 8,Chinturu P.S.Pa lli sr (w) 8,,sarpanch,ST Other than Woman,ST,0,,1,5T ,latin,data/ap/2020_res_gp/est_res_gp.pdf,19,est_res_gp.pdf
Andhra Pradesh,2020,East Godavari,Chinturu Pega,Chinturu Pega,,sarpanch,ST Other than Woman,ST,0,12,1,5T ,latin,data/ap/2020_res_gp/est_res_gp.pdf,19,est_res_gp.pdf
Andhra Pradesh,2020,East Godavari,Chinturu Tummala,Chinturu Tummala,,sarpanch,ST Other than Woman,ST,0,8,0,ST ,latin,data/ap/2020_res_gp/est_res_gp.pdf,19,est_res_gp.pdf
Andhra Pradesh,2020,East Godavari,Devipatnam China Ramanayyapeta sr(w) 10,Devipatnam China Ramanayyapeta sr(w) 10,,sarpanch,Woman,NONE,1,,0,UR(W),latin,data/ap/2020_res_gp/est_res_gp.pdf,20,est_res_gp.pdf
Andhra Pradesh,2020,East Godavari,Devipatnam Choppakonda,Devipatnam Choppakonda,,sarpanch,ST Other than Woman,ST,0,8,0,ST ,latin,data/ap/2020_res_gp/est_res_gp.pdf,20,est_res_gp.pdf
Andhra Pradesh,2020,East Godavari,Devipatnam,D.N Palem,,sarpanch,ST Other than Woman,ST,0,8,0,ST ,latin,data/ap/2020_res_gp/est_res_gp.pdf,20,est_res_gp.pdf
Andhra Pradesh,2020,East Godavari,Devipatnam Devaram sr(w) 10 sr(w) sr(w),Devipatnam Devaram sr(w) 10 sr(w) sr(w),,sarpanch,ST Other than Woman,ST,0,,1,5T ,latin,data/ap/2020_res_gp/est_res_gp.pdf,20,est_res_gp.pdf
Andhra Pradesh,2020,East Godavari,Devipatnam Manturu,Devipatnam Manturu,,sarpanch,ST Woman,ST,1,8,0,ST(W),latin,data/ap/2020_res_gp/est_res_gp.pdf,20,est_res_gp.pdf
Andhra Pradesh,2020,East Godavari,sr(w),sr(w),,sarpanch,ST Other than Woman,ST,0,,0,ST ,latin,data/ap/2020_res_gp/est_res_gp.pdf,20,est_res_gp.pdf
Andhra Pradesh,2020,East Godavari,Devipatnam Sarabhavaram,Devipatnam Sarabhavaram,,sarpanch,ST Woman,ST,1,10,1,ST{W),latin,data/ap/2020_res_gp/est_res_gp.pdf,20,est_res_gp.pdf
Andhra Pradesh,2020,East Godavari,Devipatnam Tu nnuru,Devipatnam Tu nnuru,,sarpanch,ST Other than Woman,ST,0,8,0,ST ,latin,data/ap/2020_res_gp/est_res_gp.pdf,20,est_res_gp.pdf
Andhra Pradesh,2020,East Godavari,Devipatnam V.Ramanapalem sr(w) 10 sr(w),Devipatnam V.Ramanapalem sr(w) 10 sr(w),,sarpanch,ST Other than Woman,ST,0,,0,ST ,latin,data/ap/2020_res_gp/est_res_gp.pdf,20,est_res_gp.pdf
Andhra Pradesh,2020,East Godavari,Gandepalli Borrampalem,Gandepalli Borrampalem,,sarpanch,Other than Woman,NONE,0,8,0,UR ,latin,data/ap/2020_res_gp/est_res_gp.pdf,21,est_res_gp.pdf
Andhra Pradesh,2020,East Godavari,Gandepalli Gandepalli,Gandepalli Gandepalli,,sarpanch,BC Woman,BC,1,74,0,Bc(w),latin,data/ap/2020_res_gp/est_res_gp.pdf,21,est_res_gp.pdf
Andhra Pradesh,2020,East Godavari,"Gandepalli K,Gopalapuram","Gandepalli K,Gopalapuram",,sarpanch,Woman,NONE,1,10,0,UR(W),latin,data/ap/2020_res_gp/est_res_gp.pdf,21,est_res_gp.pdf
Andhra Pradesh,2020,East Godavari,Gandepalli Murari,Gandepalli Murari,,sarpanch,SC Other than Woman,SC,0,14,0,SC ,latin,data/ap/2020_res_gp/est_res_gp.pdf,21,est_res_gp.pdf
Andhra Pradesh,2020,East Godavari,Gandepalli N.T.Ra.iapuram,Gandepalli N.T.Ra.iapuram,,sarpanch,Woman,NONE,1,10,0,UR(W),latin,data/ap/2020_res_gp/est_res_gp.pdf,21,est_res_gp.pdf
Andhra Pradesh,2020,East Godavari,Gandepalli Neeladriraopeta,Gandepalli Neeladriraopeta,,sarpanch,BC Other than Woman,BC,0,14,1,8C ,latin,data/ap/2020_res_gp/est_res_gp.pdf,21,est_res_gp.pdf
Andhra Pradesh,2020,East Godavari,Gandepalli P.Nayakampalli,Gandepalli P.Nayakampalli,,sarpanch,Woman,NONE,1,10,0,UR(W),latin,data/ap/2020_res_gp/est_res_gp.pdf,21,est_res_gp.pdf
Andhra Pradesh,2020,East Godavari,Gandepalli P.Surampalem,Gandepalli P.Surampalem,,sarpanch,BC Other than Woman,BC,0,,1,8C ,latin,data/ap/2020_res_gp/est_res_gp.pdf,21,est_res_gp.pdf
Andhra Pradesh,2020,East Godavari,Gandepalli Ramayyapalem,Gandepalli Ramayyapalem,,sarpanch,BC Woman,BC,1,8,0,Bc(w),latin,data/ap/2020_res_gp/est_res_gp.pdf,21,est_res_gp.pdf
Andhra Pradesh,2020,East Godavari,Gandepalli singarampalem,Gandepalli singarampalem,,sarpanch,Other than Woman,NONE,0,8,0,UR ,latin,data/ap/2020_res_gp/est_res_gp.pdf,21,est_res_gp.pdf
Andhra Pradesh,2020,East Godavari,Gandepalli subbayyammapeta,Gandepalli subbayyammapeta,,sarpanch,Other than Woman,NONE,0,8,0,UR ,latin,data/ap/2020_res_gp/est_res_gp.pdf,21,est_res_gp.pdf
Andhra Pradesh,2020,East Godavari,Gandepalli Uppalapadu,Gandepalli Uppalapadu,,sarpanch,Other than Woman,NONE,0,10,0,UR ,latin,data/ap/2020_res_gp/est_res_gp.pdf,21,est_res_gp.pdf
Andhra Pradesh,2020,East Godavari,Gandepalli Yellamilli,Gandepalli Yellamilli,,sarpanch,SC Woman,SC,1,12,0,sc(w),latin,data/ap/2020_res_gp/est_res_gp.pdf,21,est_res_gp.pdf
Andhra Pradesh,2020,East Godavari,Gandepalli Yerrampalem,Gandepalli Yerrampalem,,sarpanch,SC Woman,SC,1,10,0,sc(w),latin,data/ap/2020_res_gp/est_res_gp.pdf,21,est_res_gp.pdf
Andhra Pradesh,2020,East Godavari,Gandepalli Z.Ragampeta,Gandepalli Z.Ragampeta,,sarpanch,Other than Woman,NONE,0,10,0,UR ,latin,data/ap/2020_res_gp/est_res_gp.pdf,21,est_res_gp.pdf
Andhra Pradesh,2020,East Godavari,Gangavaram,GANGAVARAM,,sarpanch,ST Other than Woman,ST,0,10,0,ST ,latin,data/ap/2020_res_gp/est_res_gp.pdf,22,est_res_gp.pdf
Andhra Pradesh,2020,East Godavari,Gangavaram,JAGGAMPALEM sr (w) 8,,sarpanch,ST Other than Woman,ST,0,,0,ST ,latin,data/ap/2020_res_gp/est_res_gp.pdf,22,est_res_gp.pdf
Andhra Pradesh,2020,East Godavari,Gangavaram,[AKKONDA,,sarpanch,ST Other than Woman,ST,0,8,0,ST ,latin,data/ap/2020_res_gp/est_res_gp.pdf,22,est_res_gp.pdf
Andhra Pradesh,2020,East Godavari,Gangavaram,MARRIPALEM,,sarpanch,ST Other than Woman,ST,0,8,0,ST ,latin,data/ap/2020_res_gp/est_res_gp.pdf,22,est_res_gp.pdf
Andhra Pradesh,2020,East Godavari,Gangavaram,MOHANAPURAM sr (w) 8,,sarpanch,ST Woman,ST,1,,0,ST (W),latin,data/ap/2020_res_gp/est_res_gp.pdf,22,est_res_gp.pdf
Andhra Pradesh,2020,East Godavari,Gangavaram,MOLLERU,,sarpanch,ST Other than Woman,ST,0,12,0,ST ,latin,data/ap/2020_res_gp/est_res_gp.pdf,22,est_res_gp.pdf
Andhra Pradesh,2020,East Godavari,Gangavaram,PANDRAPROLU,,sarpanch,ST Other than Woman,ST,0,8,0,ST ,latin,data/ap/2020_res_gp/est_res_gp.pdf,22,est_res_gp.pdf
Andhra Pradesh,2020,East Godavari,Gangavaram,PIDATHAMAMIDI sr (w) 10 sr(w),,sarpanch,ST Other than Woman,ST,0,,0,ST ,latin,data/ap/2020_res_gp/est_res_gp.pdf,22,est_res_gp.pdf
Andhra Pradesh,2020,East Godavari,Gangavaram,SURAMPALEM,,sarpanch,ST Other than Woman,ST,0,8,0,ST ,latin,data/ap/2020_res_gp/est_res_gp.pdf,22,est_res_gp.pdf
Andhra Pradesh,2020,East Godavari,Gangavaram,YENDAPALLI sr (w) a sr (w),,sarpanch,ST Other than Woman,ST,0,,1,5T ,latin,data/ap/2020_res_gp/est_res_gp.pdf,22,est_res_gp.pdf
Andhra Pradesh,2020,East Godavari,Gangavaram,ZADEU,,sarpanch,ST Other than Woman,ST,0,10,0,ST ,latin,data/ap/2020_res_gp/est_res_gp.pdf,22,est_res_gp.pdf
Andhra Pradesh,2020,East Godavari,Gokavaram,ATCHUIAPURAM,,sarpanch,Other than Woman,NONE,0,10,0,UR ,latin,data/ap/2020_res_gp/est_res_gp.pdf,23,est_res_gp.pdf
Andhra Pradesh,2020,East Godavari,Gokavaram,GADELAPALEM GANGAMPALEM,,sarpanch,Other than Woman,NONE,0,,0,UR ,latin,data/ap/2020_res_gp/est_res_gp.pdf,23,est_res_gp.pdf
Andhra Pradesh,2020,East Godavari,Gokavaram,GOKAVARAM,,sarpanch,ST Woman,ST,1,18,0,ST(W),latin,data/ap/2020_res_gp/est_res_gp.pdf,23,est_res_gp.pdf
Andhra Pradesh,2020,East Godavari,Gokavaram,GUMMALLADUDDI,,sarpanch,BC Woman,BC,1,10,0,Bc(w),latin,data/ap/2020_res_gp/est_res_gp.pdf,23,est_res_gp.pdf
Andhra Pradesh,2020,East Godavari,Gokavaram,ITIKAYALA PALLE,,sarpanch,Other than Woman,NONE,0,10,0,UR ,latin,data/ap/2020_res_gp/est_res_gp.pdf,23,est_res_gp.pdf
Andhra Pradesh,2020,East Godavari,Gokavaram,KAMARA]I]PFTA,,sarpanch,BC Other than Woman,BC,0,74,0,BC ,latin,data/ap/2020_res_gp/est_res_gp.pdf,23,est_res_gp.pdf
Andhra Pradesh,2020,East Godavari,Gokavaram,KOTI]APALLE,,sarpanch,SC Other than Woman,SC,0,74,0,sc ,latin,data/ap/2020_res_gp/est_res_gp.pdf,23,est_res_gp.pdf
Andhra Pradesh,2020,East Godavari,Gokavaram,KRISHNL]NI PALEM,,sarpanch,Woman,NONE,1,10,0,UR(W),latin,data/ap/2020_res_gp/est_res_gp.pdf,23,est_res_gp.pdf
Andhra Pradesh,2020,East Godavari,Gokavaram,Gokavaram,,sarpanch,BC Woman,BC,1,74,0,Bc(w),latin,data/ap/2020_res_gp/est_res_gp.pdf,23,est_res_gp.pdf
Andhra Pradesh,2020,East Godavari,Gokavaram,RAMPA YERRAMPALEM,,sarpanch,SC Woman,SC,1,74,0,sc(w),latin,data/ap/2020_res_gp/est_res_gp.pdf,23,est_res_gp.pdf
Andhra Pradesh,2020,East Godavari,Gokavaram,THANTI KONDA,,sarpanch,Woman,NONE,1,12,0,uR(w),latin,data/ap/2020_res_gp/est_res_gp.pdf,23,est_res_gp.pdf
Andhra Pradesh,2020,East Godavari,Gokavaram,TIRUMALAYAPALEM VEDURUPAKA,,sarpanch,Other than Woman,NONE,0,,0,UR ,latin,data/ap/2020_res_gp/est_res_gp.pdf,23,est_res_gp.pdf
Andhra Pradesh,2020,East Godavari,Gollaprolu A.,VUAYA NAGARAM 8,,sarpanch,SC Woman,SC,1,,0,sc(w),latin,data/ap/2020_res_gp/est_res_gp.pdf,24,est_res_gp.pdf
Andhra Pradesh,2020,East Godavari,Gollaprolu,A.P MALLAVARAM,,sarpanch,Woman,NONE,1,10,0,UR(w),latin,data/ap/2020_res_gp/est_res_gp.pdf,24,est_res_gp.pdf
Andhra Pradesh,2020,East Godavari,Gollaprolu,AK. MALLAVARAM,,sarpanch,Woman,NONE,1,72,1,uR{w),latin,data/ap/2020_res_gp/est_res_gp.pdf,24,est_res_gp.pdf
Andhra Pradesh,2020,East Godavari,Gollaprolu CH,EBROLU CHENDURTHI CHINA JAGGAMPETA,,sarpanch,SC Other than Woman,SC,0,,0,sc ,latin,data/ap/2020_res_gp/est_res_gp.pdf,24,est_res_gp.pdf
Andhra Pradesh,2020,East Godavari,Gollaprolu,DURGADA,,sarpanch,BC Woman,BC,1,16,0,Bc(w),latin,data/ap/2020_res_gp/est_res_gp.pdf,24,est_res_gp.pdf
Andhra Pradesh,2020,East Godavari,Gollaprolu,KODAVALI,,sarpanch,Other than Woman,NONE,0,12,0,UR ,latin,data/ap/2020_res_gp/est_res_gp.pdf,24,est_res_gp.pdf
Andhra Pradesh,2020,East Godavari,Gollaprolu,VAN N EPUDI,,sarpanch,Other than Woman,NONE,0,72,0,UR ,latin,data/ap/2020_res_gp/est_res_gp.pdf,24,est_res_gp.pdf
Andhra Pradesh,2020,East Godavari,LPolavaram,G.MOOLAPOLAM,,sarpanch,BC Woman,BC,1,,0,Bc(w),latin,data/ap/2020_res_gp/est_res_gp.pdf,25,est_res_gp.pdf
Andhra Pradesh,2020,East Godavari,l.Polavaram,G.VEMAVARAM,,sarpanch,Other than Woman,NONE,0,14,0,UR ,latin,data/ap/2020_res_gp/est_res_gp.pdf,25,est_res_gp.pdf
Andhra Pradesh,2020,East Godavari,l.Polavaram,GOGULLANKA,,sarpanch,Woman,NONE,1,8,0,UR(W),latin,data/ap/2020_res_gp/est_res_gp.pdf,25,est_res_gp.pdf
Andhra Pradesh,2020,East Godavari,l.Polavaram,GUTHINADEEVI,,sarpanch,Woman,NONE,1,72,0,UR(W),latin,data/ap/2020_res_gp/est_res_gp.pdf,25,est_res_gp.pdf
Andhra Pradesh,2020,East Godavari,l.Polavaram,I.POLAVARAM,,sarpanch,Other than Woman,NONE,0,14,0,UR ,latin,data/ap/2020_res_gp/est_res_gp.pdf,25,est_res_gp.pdf
Andhra Pradesh,2020,East Godavari,LPolavaram,KESANAKURRU,,sarpanch,SC Other than Woman,SC,0,,1,5C ,latin,data/ap/2020_res_gp/est_res_gp.pdf,25,est_res_gp.pdf
Andhra Pradesh,2020,East Godavari,LPolavaram,KOMARAGIRI,,sarpanch,SC Woman,SC,1,72,0,sc(w),latin,data/ap/2020_res_gp/est_res_gp.pdf,25,est_res_gp.pdf
Andhra Pradesh,2020,East Godavari,l.Polavaram,MURAMALLA t4,,sarpanch,BC Woman,BC,1,,1,8c(w),latin,data/ap/2020_res_gp/est_res_gp.pdf,25,est_res_gp.pdf
Andhra Pradesh,2020,East Godavari,l.Polavaram,PASUVULLANKA,,sarpanch,SC Other than Woman,SC,0,72,0,sc ,latin,data/ap/2020_res_gp/est_res_gp.pdf,25,est_res_gp.pdf
Andhra Pradesh,2020,East Godavari,"l,Polavaram",PATHA INJARAM,,sarpanch,SC Woman,SC,1,,0,sc(w),latin,data/ap/2020_res_gp/est_res_gp.pdf,25,est_res_gp.pdf
Andhra Pradesh,2020,East Godavari,l.Polavaram,T.KOTHAPALLI,,sarpanch,SC Woman,SC,1,74,0,sc(w),latin,data/ap/2020_res_gp/est_res_gp.pdf,25,est_res_gp.pdf
Andhra Pradesh,2020,East Godavari,l.Polavaram,THILLAKUPPA,,sarpanch,Other than Woman,NONE,0,72,0,UR ,latin,data/ap/2020_res_gp/est_res_gp.pdf,25,est_res_gp.pdf
Andhra Pradesh,2020,East Godavari,"l,Polavaram",YEDU RLANKA,,sarpanch,Woman,NONE,1,10,0,UR(W),latin,data/ap/2020_res_gp/est_res_gp.pdf,25,est_res_gp.pdf
Andhra Pradesh,2020,East Godavari,Jaggampeta,GOVINDAPURAM,,sarpanch,Other than Woman,NONE,0,10,0,UR ,latin,data/ap/2020_res_gp/est_res_gp.pdf,26,est_res_gp.pdf
Andhra Pradesh,2020,East Godavari,Jaggampeta,GURRAPPALEM,,sarpanch,BC Other than Woman,BC,0,12,0,BC ,latin,data/ap/2020_res_gp/est_res_gp.pdf,26,est_res_gp.pdf
Andhra Pradesh,2020,East Godavari,Jaggampeta,JAG6AMPETA,,sarpanch,SC Woman,SC,1,,0,sc(w),latin,data/ap/2020_res_gp/est_res_gp.pdf,26,est_res_gp.pdf
Andhra Pradesh,2020,East Godavari,Jaggampeta,MALLISALA,,sarpanch,BC Woman,BC,1,74,1,8C(w),latin,data/ap/2020_res_gp/est_res_gp.pdf,26,est_res_gp.pdf
Andhra Pradesh,2020,East Godavari,Jaggampeta,MAMIDADA,,sarpanch,BC Woman,BC,1,12,1,8C(w),latin,data/ap/2020_res_gp/est_res_gp.pdf,26,est_res_gp.pdf
Andhra Pradesh,2020,East Godavari,Jaggampeta,MANYAMVARI PALEM,,sarpanch,BC Other than Woman,BC,0,10,0,BC ,latin,data/ap/2020_res_gp/est_res_gp.pdf,26,est_res_gp.pdf
Andhra Pradesh,2020,East Godavari,Jaggampeta,MARRIPAKA,,sarpanch,Other than Woman,NONE,0,10,0,UR ,latin,data/ap/2020_res_gp/est_res_gp.pdf,26,est_res_gp.pdf
Andhra Pradesh,2020,East Godavari,Jaggampeta,NARENDRAPATNAM,,sarpanch,Woman,NONE,1,12,0,UR(W),latin,data/ap/2020_res_gp/est_res_gp.pdf,26,est_res_gp.pdf
Andhra Pradesh,2020,East Godavari,K.Gangavaram,ADDAMPALLI,,sarpanch,Woman,NONE,1,10,0,uR(w),latin,data/ap/2020_res_gp/est_res_gp.pdf,27,est_res_gp.pdf
Andhra Pradesh,2020,East Godavari,"K,Gangavaram","EAI,ANTRAM",,sarpanch,Other than Woman,NONE,0,10,0,UR ,latin,data/ap/2020_res_gp/est_res_gp.pdf,27,est_res_gp.pdf
Andhra Pradesh,2020,East Godavari,K.Gangavaram,BHATLAPALIKA,,sarpanch,SC Woman,SC,1,10,0,sc(w),latin,data/ap/2020_res_gp/est_res_gp.pdf,27,est_res_gp.pdf
Andhra Pradesh,2020,East Godavari,K.Gangavaram,BRAHMAPURI,,sarpanch,Woman,NONE,1,8,0,UR(W),latin,data/ap/2020_res_gp/est_res_gp.pdf,27,est_res_gp.pdf
Andhra Pradesh,2020,East Godavari,K.Gangavaram,DANGERU,,sarpanch,BC Other than Woman,BC,0,14,0,BC ,latin,data/ap/2020_res_gp/est_res_gp.pdf,27,est_res_gp.pdf
Andhra Pradesh,2020,East Godavari,K.Gangavaram,GANGAVARAM,,sarpanch,SC Woman,SC,1,12,0,sc(w),latin,data/ap/2020_res_gp/est_res_gp.pdf,27,est_res_gp.pdf
Andhra Pradesh,2020,East Godavari,K.Gangavaram,GUDIGALLA EHAGA,,sarpanch,Other than Woman,NONE,0,,0,UR ,latin,data/ap/2020_res_gp/est_res_gp.pdf,27,est_res_gp.pdf
Andhra Pradesh,2020,East Godavari,K.Gangavaram,XOOLLA,,sarpanch,SC Other than Woman,SC,0,12,0,SC ,latin,data/ap/2020_res_gp/est_res_gp.pdf,27,est_res_gp.pdf
Andhra Pradesh,2020,East Godavari,K.Gangavaram,KOTA,,sarpanch,SC Woman,SC,1,72,0,sc(w),latin,data/ap/2020_res_gp/est_res_gp.pdf,27,est_res_gp.pdf
Andhra Pradesh,2020,East Godavari,K.Gangavaram,KUDUPURU,,sarpanch,Other than Woman,NONE,0,10,0,UR ,latin,data/ap/2020_res_gp/est_res_gp.pdf,27,est_res_gp.pdf
Andhra Pradesh,2020,East Godavari,"K,Gangavaram",KUNDURU,,sarpanch,BC Other than Woman,BC,0,72,1,8C ,latin,data/ap/2020_res_gp/est_res_gp.pdf,27,est_res_gp.pdf
Andhra Pradesh,2020,East Godavari,K.Gangavaram,PAMARRU,,sarpanch,BC Woman,BC,1,72,0,Bc(w),latin,data/ap/2020_res_gp/est_res_gp.pdf,27,est_res_gp.pdf
Andhra Pradesh,2020,East Godavari,K.Gangavaram,PANINGAPALLI,,sarpanch,Woman,NONE,1,10,0,uR(w),latin,data/ap/2020_res_gp/est_res_gp.pdf,27,est_res_gp.pdf
Andhra Pradesh,2020,East Godavari,K.Gangavaram,PEKERU,,sarpanch,Other than Woman,NONE,0,8,0,UR ,latin,data/ap/2020_res_gp/est_res_gp.pdf,27,est_res_gp.pdf
Andhra Pradesh,2020,East Godavari,K.Gangavaram,SATYAWADA,,sarpanch,Woman,NONE,1,12,0,UR(W),latin,data/ap/2020_res_gp/est_res_gp.pdf,27,est_res_gp.pdf
Andhra Pradesh,2020,East Godavari,X.Gangavaram,SERILLANKA,,sarpanch,SC Other than Woman,SC,0,8,0,sc ,latin,data/ap/2020_res_gp/est_res_gp.pdf,27,est_res_gp.pdf
Andhra Pradesh,2020,East Godavari,K.Gangavaram,SIVALA,,sarpanch,BC Other than Woman,BC,0,10,0,BC ,latin,data/ap/2020_res_gp/est_res_gp.pdf,27,est_res_gp.pdf
Andhra Pradesh,2020,East Godavari,K.Gangavaram,SUNDARAPALLI,,sarpanch,Woman,NONE,1,10,0,uR(w),latin,data/ap/2020_res_gp/est_res_gp.pdf,27,est_res_gp.pdf
Andhra Pradesh,2020,East Godavari,K.Gangavaram,TALLAPODU,,sarpanch,Other than Woman,NONE,0,10,0,UR ,latin,data/ap/2020_res_gp/est_res_gp.pdf,27,est_res_gp.pdf
Andhra Pradesh,2020,East Godavari,"K,Gangavaram",TAMARAPALLI,,sarpanch,Woman,NONE,1,8,0,UR(W),latin,data/ap/2020_res_gp/est_res_gp.pdf,27,est_res_gp.pdf
Andhra Pradesh,2020,East Godavari,K.Gangavaram,UDIMUDI,,sarpanch,Other than Woman,NONE,0,8,0,UR ,latin,data/ap/2020_res_gp/est_res_gp.pdf,27,est_res_gp.pdf
Andhra Pradesh,2020,East Godavari,K.Gangavaram,Y.POTHAVARAM,,sarpanch,BC Other than Woman,BC,0,10,0,BC ,latin,data/ap/2020_res_gp/est_res_gp.pdf,27,est_res_gp.pdf
Andhra Pradesh,2020,East Godavari,K.Gangavaram,YENDAGANDI,,sarpanch,Other than Woman,NONE,0,10,0,UR ,latin,data/ap/2020_res_gp/est_res_gp.pdf,27,est_res_gp.pdf
Andhra Pradesh,2020,East Godavari,Kadiyam Damireddipalli,Kadiyam Damireddipalli,,sarpanch,Woman,NONE,1,10,0,uR(w),latin,data/ap/2020_res_gp/est_res_gp.pdf,28,est_res_gp.pdf
Andhra Pradesh,2020,East Godavari,Kadiyam Dulla,Kadiyam Dulla,,sarpanch,BC Other than Woman,BC,0,14,0,BC ,latin,data/ap/2020_res_gp/est_res_gp.pdf,28,est_res_gp.pdf
Andhra Pradesh,2020,East Godavari,Kadiyam .reSurupadu,Kadiyam .reSurupadu,,sarpanch,Other than Woman,NONE,0,14,0,UR ,latin,data/ap/2020_res_gp/est_res_gp.pdf,28,est_res_gp.pdf
Andhra Pradesh,2020,East Godavari,Kadiyam Kadiam,Kadiyam Kadiam,,sarpanch,SC Woman,SC,1,,0,sc(w),latin,data/ap/2020_res_gp/est_res_gp.pdf,28,est_res_gp.pdf
Andhra Pradesh,2020,East Godavari,Kadiyam Kadiyapulanka,Kadiyam Kadiyapulanka,,sarpanch,BC Woman,BC,1,18,0,BC(w),latin,data/ap/2020_res_gp/est_res_gp.pdf,28,est_res_gp.pdf
Andhra Pradesh,2020,East Godavari,Kadiyam Madhavarayudupalem,Kadiyam Madhavarayudupalem,,sarpanch,Other than Woman,NONE,0,14,0,UR ,latin,data/ap/2020_res_gp/est_res_gp.pdf,28,est_res_gp.pdf
Andhra Pradesh,2020,East Godavari,Kadiyam Muramanda,Kadiyam Muramanda,,sarpanch,BC Woman,BC,1,74,0,Bc(w),latin,data/ap/2020_res_gp/est_res_gp.pdf,28,est_res_gp.pdf
Andhra Pradesh,2020,East Godavari,Kadiyam Pottilanka,Kadiyam Pottilanka,,sarpanch,Woman,NONE,1,14,0,UR(W),latin,data/ap/2020_res_gp/est_res_gp.pdf,28,est_res_gp.pdf
Andhra Pradesh,2020,East Godavari,Kadiya m Veeravaram,Kadiya m Veeravaram,,sarpanch,Woman,NONE,1,12,0,uR(w),latin,data/ap/2020_res_gp/est_res_gp.pdf,28,est_res_gp.pdf
Andhra Pradesh,2020,East Godavari,Kadiyam VemaSiri,Kadiyam VemaSiri,,sarpanch,SC Other than Woman,SC,0,16,0,sc ,latin,data/ap/2020_res_gp/est_res_gp.pdf,28,est_res_gp.pdf
Andhra Pradesh,2020,East Godavari,Kajuluru Andrangi,Kajuluru Andrangi,,sarpanch,Woman,NONE,1,10,0,uR(w),latin,data/ap/2020_res_gp/est_res_gp.pdf,29,est_res_gp.pdf
Andhra Pradesh,2020,East Godavari,Kajuluru Kajuluru Aryavatam Bandanapudi,Kajuluru Kajuluru Aryavatam Bandanapudi,,sarpanch,BC Woman,BC,1,,1,8c(w),latin,data/ap/2020_res_gp/est_res_gp.pdf,29,est_res_gp.pdf
Andhra Pradesh,2020,East Godavari,Ka.iuluru Cheduwada,Ka.iuluru Cheduwada,,sarpanch,Woman,NONE,1,10,0,UR(W),latin,data/ap/2020_res_gp/est_res_gp.pdf,29,est_res_gp.pdf
Andhra Pradesh,2020,East Godavari,Kajuluru Duggudurru,Kajuluru Duggudurru,,sarpanch,SC Woman,SC,1,,0,sc(w),latin,data/ap/2020_res_gp/est_res_gp.pdf,29,est_res_gp.pdf
Andhra Pradesh,2020,East Godavari,Kajuluru Gollapalem,Kajuluru Gollapalem,,sarpanch,SC Woman,SC,1,74,0,sc(w),latin,data/ap/2020_res_gp/est_res_gp.pdf,29,est_res_gp.pdf
Andhra Pradesh,2020,East Godavari,Kajuluru Ithapudi 10,Kajuluru Ithapudi 10,,sarpanch,BC Woman,BC,1,,0,Bc(w),latin,data/ap/2020_res_gp/est_res_gp.pdf,29,est_res_gp.pdf
Andhra Pradesh,2020,East Godavari,Kajuluru Jagannadhagiri,Kajuluru Jagannadhagiri,,sarpanch,BC Woman,BC,1,10,0,Bc(w),latin,data/ap/2020_res_gp/est_res_gp.pdf,29,est_res_gp.pdf
Andhra Pradesh,2020,East Godavari,Kajuluru Kuyyeru,Kajuluru Kuyyeru,,sarpanch,BC Other than Woman,BC,0,,0,BC ,latin,data/ap/2020_res_gp/est_res_gp.pdf,29,est_res_gp.pdf
Andhra Pradesh,2020,East Godavari,Kajuluru Ma njeru 72,Kajuluru Ma njeru 72,,sarpanch,Woman,NONE,1,,0,uR(w),latin,data/ap/2020_res_gp/est_res_gp.pdf,29,est_res_gp.pdf
Andhra Pradesh,2020,East Godavari,Kajuluru Mathukumilli,Kajuluru Mathukumilli,,sarpanch,BC Woman,BC,1,,0,Bc(w),latin,data/ap/2020_res_gp/est_res_gp.pdf,29,est_res_gp.pdf
Andhra Pradesh,2020,East Godavari,Kajuluru Namavanipalem,Kajuluru Namavanipalem,,sarpanch,Other than Woman,NONE,0,8,0,UR ,latin,data/ap/2020_res_gp/est_res_gp.pdf,29,est_res_gp.pdf
Andhra Pradesh,2020,East Godavari,Kajuluru Ontitadu,Kajuluru Ontitadu,,sarpanch,Other than Woman,NONE,0,8,0,UR ,latin,data/ap/2020_res_gp/est_res_gp.pdf,29,est_res_gp.pdf
Andhra Pradesh,2020,East Godavari,Kajuluru Pallipalem,Kajuluru Pallipalem,,sarpanch,SC Other than Woman,SC,0,14,1,5C ,latin,data/ap/2020_res_gp/est_res_gp.pdf,29,est_res_gp.pdf
Andhra Pradesh,2020,East Godavari,Kajuluru Salapaka,Kajuluru Salapaka,,sarpanch,SC Other than Woman,SC,0,10,0,sc ,latin,data/ap/2020_res_gp/est_res_gp.pdf,29,est_res_gp.pdf
Andhra Pradesh,2020,East Godavari,Kajuluru Seela,Kajuluru Seela,,sarpanch,BC Other than Woman,BC,0,12,0,BC ,latin,data/ap/2020_res_gp/est_res_gp.pdf,29,est_res_gp.pdf
Andhra Pradesh,2020,East Godavari,Kajuluru T.Mamidada 8,Kajuluru T.Mamidada 8,,sarpanch,BC Woman,BC,1,,1,8c(w),latin,data/ap/2020_res_gp/est_res_gp.pdf,29,est_res_gp.pdf
Andhra Pradesh,2020,East Godavari,Kajuluru Uppumilli,Kajuluru Uppumilli,,sarpanch,Other than Woman,NONE,0,10,0,UR ,latin,data/ap/2020_res_gp/est_res_gp.pdf,29,est_res_gp.pdf
Andhra Pradesh,2020,East Godavari,Xakinada Rural,CHIDIGA,,sarpanch,BC Other than Woman,BC,0,14,0,BC ,latin,data/ap/2020_res_gp/est_res_gp.pdf,30,est_res_gp.pdf
Andhra Pradesh,2020,East Godavari,Kakinada Rural,GANGANAPALLI,,sarpanch,Woman,NONE,1,14,0,uR(w),latin,data/ap/2020_res_gp/est_res_gp.pdf,30,est_res_gp.pdf
Andhra Pradesh,2020,East Godavari,Kakinada Rural,INDRAPALEM,,sarpanch,BC Woman,BC,1,18,0,BC(w),latin,data/ap/2020_res_gp/est_res_gp.pdf,30,est_res_gp.pdf
Andhra Pradesh,2020,East Godavari,Kakinada Rural,KOWADA,,sarpanch,Woman,NONE,1,12,0,UR(w),latin,data/ap/2020_res_gp/est_res_gp.pdf,30,est_res_gp.pdf
Andhra Pradesh,2020,East Godavari,Kakinada Rural,KOWURU,,sarpanch,BC Other than Woman,BC,0,,0,BC ,latin,data/ap/2020_res_gp/est_res_gp.pdf,30,est_res_gp.pdf
Andhra Pradesh,2020,East Godavari,Kakinada Rural,NEMAM L2,,sarpanch,BC Woman,BC,1,,0,BC(w),latin,data/ap/2020_res_gp/est_res_gp.pdf,30,est_res_gp.pdf
Andhra Pradesh,2020,East Godavari,Kakinada Rural,P.VENKATAPURAM,,sarpanch,Woman,NONE,1,8,0,UR(w),latin,data/ap/2020_res_gp/est_res_gp.pdf,30,est_res_gp.pdf
Andhra Pradesh,2020,East Godavari,Kakinada Rural,PANDURU,,sarpanch,Woman,NONE,1,72,0,UR(w),latin,data/ap/2020_res_gp/est_res_gp.pdf,30,est_res_gp.pdf
Andhra Pradesh,2020,East Godavari,Kakinada Rural,PENUMARTHI,,sarpanch,Other than Woman,NONE,0,10,0,UR ,latin,data/ap/2020_res_gp/est_res_gp.pdf,30,est_res_gp.pdf
Andhra Pradesh,2020,East Godavari,Kakinada Rural,RAMANAYYAPETA,,sarpanch,SC Woman,SC,1,20,0,sc(w),latin,data/ap/2020_res_gp/est_res_gp.pdf,30,est_res_gp.pdf
Andhra Pradesh,2020,East Godavari,Kakinada Rural,REPU R U,,sarpanch,Other than Woman,NONE,0,10,0,UR ,latin,data/ap/2020_res_gp/est_res_gp.pdf,30,est_res_gp.pdf
Andhra Pradesh,2020,East Godavari,Kakinada Rural,SARPAVARAM,,sarpanch,BC Other than Woman,BC,0,,0,BC ,latin,data/ap/2020_res_gp/est_res_gp.pdf,30,est_res_gp.pdf
Andhra Pradesh,2020,East Godavari,Kakinada Rural,SURYARAOPETA,,sarpanch,BC Woman,BC,1,74,0,Bc(w),latin,data/ap/2020_res_gp/est_res_gp.pdf,30,est_res_gp.pdf
Andhra Pradesh,2020,East Godavari,Kakinada Rural,THIMMAPURAM,,sarpanch,Other than Woman,NONE,0,14,0,UR ,latin,data/ap/2020_res_gp/est_res_gp.pdf,30,est_res_gp.pdf
Andhra Pradesh,2020,East Godavari,Kakinada Rural,TURANGI,,sarpanch,BC Woman,BC,1,20,0,BC(w),latin,data/ap/2020_res_gp/est_res_gp.pdf,30,est_res_gp.pdf
Andhra Pradesh,2020,East Godavari,Kapileswarapuram,ADDANKIVARILANKA 10,,sarpanch,Woman,NONE,1,,0,uR(w),latin,data/ap/2020_res_gp/est_res_gp.pdf,31,est_res_gp.pdf
Andhra Pradesh,2020,East Godavari,Kapileswarapuram,ANGARA,,sarpanch,BC Other than Woman,BC,0,14,0,BC ,latin,data/ap/2020_res_gp/est_res_gp.pdf,31,est_res_gp.pdf
Andhra Pradesh,2020,East Godavari,Kapileswarapuram,ATCHUTAPURAM,,sarpanch,Woman,NONE,1,8,0,uR(w),latin,data/ap/2020_res_gp/est_res_gp.pdf,31,est_res_gp.pdf
Andhra Pradesh,2020,East Godavari,Kapileswarapuram,KALERU,,sarpanch,SC Woman,SC,1,10,0,sc(w),latin,data/ap/2020_res_gp/est_res_gp.pdf,31,est_res_gp.pdf
Andhra Pradesh,2020,East Godavari,Kapileswarapuram,KAPILESWARAPURAM,,sarpanch,SC Other than Woman,SC,0,,0,sc ,latin,data/ap/2020_res_gp/est_res_gp.pdf,31,est_res_gp.pdf
Andhra Pradesh,2020,East Godavari,Kapileswarapuram,KEDARILANKA,,sarpanch,Other than Woman,NONE,0,12,0,UR ,latin,data/ap/2020_res_gp/est_res_gp.pdf,31,est_res_gp.pdf
Andhra Pradesh,2020,East Godavari,Kapileswarapuram,KORUMIILI,,sarpanch,Other than Woman,NONE,0,74,0,UR ,latin,data/ap/2020_res_gp/est_res_gp.pdf,31,est_res_gp.pdf
Andhra Pradesh,2020,East Godavari,Kapileswarapuram,MACHARA,,sarpanch,BC Woman,BC,1,12,0,Bc(w),latin,data/ap/2020_res_gp/est_res_gp.pdf,31,est_res_gp.pdf
Andhra Pradesh,2020,East Godavari,Kapileswarapuram,NALLURU,,sarpanch,BC Woman,BC,1,10,0,Bc(w),latin,data/ap/2020_res_gp/est_res_gp.pdf,31,est_res_gp.pdf
Andhra Pradesh,2020,East Godavari,Kapileswarapuram,NELATURU,,sarpanch,BC Other than Woman,BC,0,12,1,8C ,latin,data/ap/2020_res_gp/est_res_gp.pdf,31,est_res_gp.pdf
Andhra Pradesh,2020,East Godavari,Kapileswarapuram,NIDASANAMETTA,,sarpanch,Other than Woman,NONE,0,8,0,UR ,latin,data/ap/2020_res_gp/est_res_gp.pdf,31,est_res_gp.pdf
Andhra Pradesh,2020,East Godavari,Kapileswarapuram,TATAPUDI,,sarpanch,Woman,NONE,1,10,0,uR(w),latin,data/ap/2020_res_gp/est_res_gp.pdf,31,est_res_gp.pdf
Andhra Pradesh,2020,East Godavari,Kapileswarapuram,TEKI,,sarpanch,BC Woman,BC,1,14,0,BC(w),latin,data/ap/2020_res_gp/est_res_gp.pdf,31,est_res_gp.pdf
Andhra Pradesh,2020,East Godavari,Kapileswarapuram,VADALMURU,,sarpanch,Other than Woman,NONE,0,10,0,UR ,latin,data/ap/2020_res_gp/est_res_gp.pdf,31,est_res_gp.pdf
Andhra Pradesh,2020,East Godavari,Kapileswarapuram,VA(ATIPPA,,sarpanch,Woman,NONE,1,10,0,UR(W),latin,data/ap/2020_res_gp/est_res_gp.pdf,31,est_res_gp.pdf
Andhra Pradesh,2020,East Godavari,Kapileswarapuram,VALLU RU,,sarpanch,SC Woman,SC,1,12,0,sc(w),latin,data/ap/2020_res_gp/est_res_gp.pdf,31,est_res_gp.pdf
Andhra Pradesh,2020,East Godavari,Kapileswarapuram,VEDURUM U DI,,sarpanch,Woman,NONE,1,10,0,UR(W),latin,data/ap/2020_res_gp/est_res_gp.pdf,31,est_res_gp.pdf
Andhra Pradesh,2020,East Godavari,Karapa,GURAJANAPALLI,,sarpanch,BC Other than Woman,BC,0,72,0,BC ,latin,data/ap/2020_res_gp/est_res_gp.pdf,32,est_res_gp.pdf
Andhra Pradesh,2020,East Godavari,Karapa,KARAPA,,sarpanch,SC Woman,SC,1,15,0,Sc(w),latin,data/ap/2020_res_gp/est_res_gp.pdf,32,est_res_gp.pdf
Andhra Pradesh,2020,East Godavari,Karapa,KONGODU,,sarpanch,Other than Woman,NONE,0,10,0,UR ,latin,data/ap/2020_res_gp/est_res_gp.pdf,32,est_res_gp.pdf
Andhra Pradesh,2020,East Godavari,Karapa,NADAKUDURU,,sarpanch,SC Other than Woman,SC,0,14,0,sc ,latin,data/ap/2020_res_gp/est_res_gp.pdf,32,est_res_gp.pdf
Andhra Pradesh,2020,East Godavari,Karapa,PATHARLAGADDA,,sarpanch,Other than Woman,NONE,0,8,0,UR ,latin,data/ap/2020_res_gp/est_res_gp.pdf,32,est_res_gp.pdf
Andhra Pradesh,2020,East Godavari,Ka ra pa,PEDDAKOTHURU,,sarpanch,Woman,NONE,1,10,0,UR(w),latin,data/ap/2020_res_gp/est_res_gp.pdf,32,est_res_gp.pdf
Andhra Pradesh,2020,East Godavari,Karapa,PEDDAPURAPPADU,,sarpanch,Woman,NONE,1,10,0,uR(w),latin,data/ap/2020_res_gp/est_res_gp.pdf,32,est_res_gp.pdf
Andhra Pradesh,2020,East Godavari,Karapa,PENI.]GUDURU,,sarpanch,Woman,NONE,1,12,0,UR(w),latin,data/ap/2020_res_gp/est_res_gp.pdf,32,est_res_gp.pdf
Andhra Pradesh,2020,East Godavari,Ka rapa,SIRIPURAM,,sarpanch,Woman,NONE,1,8,0,uR(w),latin,data/ap/2020_res_gp/est_res_gp.pdf,32,est_res_gp.pdf
Andhra Pradesh,2020,East Godavari,Karapa,UPPALANKA,,sarpanch,BC Woman,BC,1,10,0,Bc(w),latin,data/ap/2020_res_gp/est_res_gp.pdf,32,est_res_gp.pdf
Andhra Pradesh,2020,East Godavari,Karapa,VAKADA,,sarpanch,Woman,NONE,1,10,0,uR(w),latin,data/ap/2020_res_gp/est_res_gp.pdf,32,est_res_gp.pdf
Andhra Pradesh,2020,East Godavari,Karapa,VEMULAVADA,,sarpanch,BC Woman,BC,1,12,0,BC(w),latin,data/ap/2020_res_gp/est_res_gp.pdf,32,est_res_gp.pdf
Andhra Pradesh,2020,East Godavari,Karapa,VIJAYARAYUDUPALEM,,sarpanch,Other than Woman,NONE,0,8,0,UR ,latin,data/ap/2020_res_gp/est_res_gp.pdf,32,est_res_gp.pdf
Andhra Pradesh,2020,East Godavari,Xa rapa,YANDAMURU,,sarpanch,SC Other than Woman,SC,0,10,0,SC ,latin,data/ap/2020_res_gp/est_res_gp.pdf,32,est_res_gp.pdf
Andhra Pradesh,2020,East Godavari,Ka rapa,Z.BHAVARAM,,sarpanch,Woman,NONE,1,8,0,uR(w),latin,data/ap/2020_res_gp/est_res_gp.pdf,32,est_res_gp.pdf
Andhra Pradesh,2020,East Godavari,Katrenikona,EANTUMILLI,,sarpanch,Other than Woman,NONE,0,8,0,UR ,latin,data/ap/2020_res_gp/est_res_gp.pdf,33,est_res_gp.pdf
Andhra Pradesh,2020,East Godavari,Katrenikona,BRAHMASAMEDHYAM,,sarpanch,BC Other than Woman,BC,0,14,1,8C ,latin,data/ap/2020_res_gp/est_res_gp.pdf,33,est_res_gp.pdf
Andhra Pradesh,2020,East Godavari,Katrenikona,CHEYYERU,,sarpanch,SC Other than Woman,SC,0,14,0,sc ,latin,data/ap/2020_res_gp/est_res_gp.pdf,33,est_res_gp.pdf
Andhra Pradesh,2020,East Godavari,Katrenikona CH,IIRRAYANAM,,sarpanch,BC Woman,BC,1,10,1,8c(w),latin,data/ap/2020_res_gp/est_res_gp.pdf,33,est_res_gp.pdf
Andhra Pradesh,2020,East Godavari,Katrenikona,DONTIKURRU,,sarpanch,SC Woman,SC,1,12,0,sc(w),latin,data/ap/2020_res_gp/est_res_gp.pdf,33,est_res_gp.pdf
Andhra Pradesh,2020,East Godavari,Katrenikona,KANDIKUPPA,,sarpanch,SC Woman,SC,1,14,0,sc(w),latin,data/ap/2020_res_gp/est_res_gp.pdf,33,est_res_gp.pdf
Andhra Pradesh,2020,East Godavari,Katrenikona,KATRENIKONA,,sarpanch,SC Other than Woman,SC,0,16,0,sc ,latin,data/ap/2020_res_gp/est_res_gp.pdf,33,est_res_gp.pdf
Andhra Pradesh,2020,East Godavari,Katrenikona,KOPPIGUNTA,,sarpanch,Woman,NONE,1,10,0,UR(W),latin,data/ap/2020_res_gp/est_res_gp.pdf,33,est_res_gp.pdf
Andhra Pradesh,2020,East Godavari,Katrenikona,LAKSHMIWADA,,sarpanch,Woman,NONE,1,8,0,uR(w),latin,data/ap/2020_res_gp/est_res_gp.pdf,33,est_res_gp.pdf
Andhra Pradesh,2020,East Godavari,Katrenikona,NADAVAPALLI,,sarpanch,Woman,NONE,1,10,0,UR(W),latin,data/ap/2020_res_gp/est_res_gp.pdf,33,est_res_gp.pdf
Andhra Pradesh,2020,East Godavari,Katrenikona,PALLAM,,sarpanch,BC Other than Woman,BC,0,14,1,8C ,latin,data/ap/2020_res_gp/est_res_gp.pdf,33,est_res_gp.pdf
Andhra Pradesh,2020,East Godavari,Katrenikona,PALLAMKURRU,,sarpanch,SC Woman,SC,1,16,0,sc(w),latin,data/ap/2020_res_gp/est_res_gp.pdf,33,est_res_gp.pdf
Andhra Pradesh,2020,East Godavari,Katrenikone,PENUMALLE,,sarpanch,Other than Woman,NONE,0,10,0,UR ,latin,data/ap/2020_res_gp/est_res_gp.pdf,33,est_res_gp.pdf
Andhra Pradesh,2020,East Godavari,Katrenikona,UPPUDI,,sarpanch,Other than Woman,NONE,0,10,0,UR ,latin,data/ap/2020_res_gp/est_res_gp.pdf,33,est_res_gp.pdf
Andhra Pradesh,2020,East Godavari,Kirlampudi Bhupalapatnam,Kirlampudi Bhupalapatnam,,sarpanch,Other than Woman,NONE,0,10,0,UR ,latin,data/ap/2020_res_gp/est_res_gp.pdf,34,est_res_gp.pdf
Andhra Pradesh,2020,East Godavari,Kirlampudi Burugupudi,Kirlampudi Burugupudi,,sarpanch,BC Woman,BC,1,74,0,BC(w),latin,data/ap/2020_res_gp/est_res_gp.pdf,34,est_res_gp.pdf
Andhra Pradesh,2020,East Godavari,Kirlampudi Geddanapalli,Kirlampudi Geddanapalli,,sarpanch,BC Woman,BC,1,72,0,Bc(w),latin,data/ap/2020_res_gp/est_res_gp.pdf,34,est_res_gp.pdf
Andhra Pradesh,2020,East Godavari,Kirlampudi Goneda,Kirlampudi Goneda,,sarpanch,Other than Woman,NONE,0,12,0,UR ,latin,data/ap/2020_res_gp/est_res_gp.pdf,34,est_res_gp.pdf
Andhra Pradesh,2020,East Godavari,Kirlampudi Jagapathinagaram,Kirlampudi Jagapathinagaram,,sarpanch,SC Woman,SC,1,18,0,sc(w),latin,data/ap/2020_res_gp/est_res_gp.pdf,34,est_res_gp.pdf
Andhra Pradesh,2020,East Godavari,Kirlampudi Krishnavaram,Kirlampudi Krishnavaram,,sarpanch,Woman,NONE,1,10,0,UR(W),latin,data/ap/2020_res_gp/est_res_gp.pdf,34,est_res_gp.pdf
Andhra Pradesh,2020,East Godavari,Kirlampudi Mukkollu,Kirlampudi Mukkollu,,sarpanch,Other than Woman,NONE,0,10,0,UR ,latin,data/ap/2020_res_gp/est_res_gp.pdf,34,est_res_gp.pdf
Andhra Pradesh,2020,East Godavari,Kirlampudi Palem,Kirlampudi Palem,,sarpanch,Woman,NONE,1,10,0,UR(W),latin,data/ap/2020_res_gp/est_res_gp.pdf,34,est_res_gp.pdf
Andhra Pradesh,2020,East Godavari,Kirlampudi Rajupalem,Kirlampudi Rajupalem,,sarpanch,BC Woman,BC,1,10,0,Bc(w),latin,data/ap/2020_res_gp/est_res_gp.pdf,34,est_res_gp.pdf
Andhra Pradesh,2020,East Godavari,Kirlampudi Srungarayunipalem,Kirlampudi Srungarayunipalem,,sarpanch,BC Other than Woman,BC,0,72,0,BC ,latin,data/ap/2020_res_gp/est_res_gp.pdf,34,est_res_gp.pdf
Andhra Pradesh,2020,East Godavari,Kirlampudi Thamarada,Kirlampudi Thamarada,,sarpanch,Other than Woman,NONE,0,12,0,UR ,latin,data/ap/2020_res_gp/est_res_gp.pdf,34,est_res_gp.pdf
Andhra Pradesh,2020,East Godavari,Kirlampudi Veeravaram,Kirlampudi Veeravaram,,sarpanch,SC Other than Woman,SC,0,74,0,SC ,latin,data/ap/2020_res_gp/est_res_gp.pdf,34,est_res_gp.pdf
Andhra Pradesh,2020,East Godavari,Korukonda Eolleddupalem,Korukonda Eolleddupalem,,sarpanch,Other than Woman,NONE,0,10,0,UR ,latin,data/ap/2020_res_gp/est_res_gp.pdf,35,est_res_gp.pdf
Andhra Pradesh,2020,East Godavari,Korukonda Burugupudi,Korukonda Burugupudi,,sarpanch,Woman,NONE,1,12,0,uR(w),latin,data/ap/2020_res_gp/est_res_gp.pdf,35,est_res_gp.pdf
Andhra Pradesh,2020,East Godavari,Korukonda Butchempeta,Korukonda Butchempeta,,sarpanch,SC Woman,SC,1,10,0,sc(w),latin,data/ap/2020_res_gp/est_res_gp.pdf,35,est_res_gp.pdf
Andhra Pradesh,2020,East Godavari,Korukonda Dosakayalapalli,Korukonda Dosakayalapalli,,sarpanch,SC Woman,SC,1,74,0,sc(w),latin,data/ap/2020_res_gp/est_res_gp.pdf,35,est_res_gp.pdf
Andhra Pradesh,2020,East Godavari,Korukonda Gadala,Korukonda Gadala,,sarpanch,SC Other than Woman,SC,0,12,0,sc ,latin,data/ap/2020_res_gp/est_res_gp.pdf,35,est_res_gp.pdf
Andhra Pradesh,2020,East Godavari,Korukonda Gadarada,Korukonda Gadarada,,sarpanch,BC Other than Woman,BC,0,14,0,BC ,latin,data/ap/2020_res_gp/est_res_gp.pdf,35,est_res_gp.pdf
Andhra Pradesh,2020,East Godavari,Korukonda Garagalampalem,Korukonda Garagalampalem,,sarpanch,Woman,NONE,1,,0,UR(W),latin,data/ap/2020_res_gp/est_res_gp.pdf,35,est_res_gp.pdf
Andhra Pradesh,2020,East Godavari,Xorukonda Kanupuru,Xorukonda Kanupuru,,sarpanch,BC Other than Woman,BC,0,,0,BC ,latin,data/ap/2020_res_gp/est_res_gp.pdf,35,est_res_gp.pdf
Andhra Pradesh,2020,East Godavari,Korukonda Koti,Korukonda Koti,,sarpanch,Other than Woman,NONE,0,12,0,UR ,latin,data/ap/2020_res_gp/est_res_gp.pdf,35,est_res_gp.pdf
Andhra Pradesh,2020,East Godavari,Korukonda Kotikesavaram,Korukonda Kotikesavaram,,sarpanch,SC Woman,SC,1,12,0,sc(w),latin,data/ap/2020_res_gp/est_res_gp.pdf,35,est_res_gp.pdf
Andhra Pradesh,2020,East Godavari,Korukonda Madhurapudi,Korukonda Madhurapudi,,sarpanch,Woman,NONE,1,10,0,UR(W),latin,data/ap/2020_res_gp/est_res_gp.pdf,35,est_res_gp.pdf
Andhra Pradesh,2020,East Godavari,Korukonda Munagala,Korukonda Munagala,,sarpanch,Other than Woman,NONE,0,10,0,UR ,latin,data/ap/2020_res_gp/est_res_gp.pdf,35,est_res_gp.pdf
Andhra Pradesh,2020,East Godavari,Korukonda I [t Narasapuram,Korukonda I [t Narasapuram,,sarpanch,BC Other than Woman,BC,0,72,0,BC ,latin,data/ap/2020_res_gp/est_res_gp.pdf,35,est_res_gp.pdf
Andhra Pradesh,2020,East Godavari,Korukonda Nidigatla,Korukonda Nidigatla,,sarpanch,Other than Woman,NONE,0,10,0,UR ,latin,data/ap/2020_res_gp/est_res_gp.pdf,35,est_res_gp.pdf
Andhra Pradesh,2020,East Godavari,Korukonda II ---T---l -t Raghavapuram,Korukonda II ---T---l -t Raghavapuram,,sarpanch,Woman,NONE,1,10,0,UR(W),latin,data/ap/2020_res_gp/est_res_gp.pdf,35,est_res_gp.pdf
Andhra Pradesh,2020,East Godavari,Korukonda Rajavaram,Korukonda Rajavaram,,sarpanch,Woman,NONE,1,,1,UR{W),latin,data/ap/2020_res_gp/est_res_gp.pdf,35,est_res_gp.pdf
Andhra Pradesh,2020,East Godavari,Korukonda Srirangapatnam,Korukonda Srirangapatnam,,sarpanch,BC Woman,BC,1,14,0,BC(w),latin,data/ap/2020_res_gp/est_res_gp.pdf,35,est_res_gp.pdf
Andhra Pradesh,2020,East Godavari,Korukonda Westgonagudem,Korukonda Westgonagudem,,sarpanch,BC Woman,BC,1,72,0,Bc(w),latin,data/ap/2020_res_gp/est_res_gp.pdf,35,est_res_gp.pdf
Andhra Pradesh,2020,East Godavari,Kotananduru,ALLIPUDI,,sarpanch,SC Woman,SC,1,72,0,sc(w),latin,data/ap/2020_res_gp/est_res_gp.pdf,36,est_res_gp.pdf
Andhra Pradesh,2020,East Godavari,Kotananduru,APPALARAJUPETA,,sarpanch,Woman,NONE,1,8,0,uR(w),latin,data/ap/2020_res_gp/est_res_gp.pdf,36,est_res_gp.pdf
Andhra Pradesh,2020,East Godavari,Kotananduru,BHIMAVARAPUKOTA,,sarpanch,SC Other than Woman,SC,0,10,0,sc ,latin,data/ap/2020_res_gp/est_res_gp.pdf,36,est_res_gp.pdf
Andhra Pradesh,2020,East Godavari,Kotananduru,BILLANANDURU,,sarpanch,BC Woman,BC,1,10,0,BC(W),latin,data/ap/2020_res_gp/est_res_gp.pdf,36,est_res_gp.pdf
Andhra Pradesh,2020,East Godavari,Kotananduru,BODDAVARAM,,sarpanch,BC Woman,BC,1,72,0,Bc(w),latin,data/ap/2020_res_gp/est_res_gp.pdf,36,est_res_gp.pdf
Andhra Pradesh,2020,East Godavari,Kotananduru,INDUGAPALLI,,sarpanch,Woman,NONE,1,10,0,UR(W),latin,data/ap/2020_res_gp/est_res_gp.pdf,36,est_res_gp.pdf
Andhra Pradesh,2020,East Godavari,Kotananduru,JAGANNADHAPURAM,,sarpanch,BC Other than Woman,BC,0,10,0,BC ,latin,data/ap/2020_res_gp/est_res_gp.pdf,36,est_res_gp.pdf
Andhra Pradesh,2020,East Godavari,Kotananduru K A,MALLAVARAM,,sarpanch,Woman,NONE,1,10,0,UR(W),latin,data/ap/2020_res_gp/est_res_gp.pdf,36,est_res_gp.pdf
Andhra Pradesh,2020,East Godavari,Kotananduru K E,CHINNAYYAPALEM,,sarpanch,SC Other than Woman,SC,0,12,0,sc ,latin,data/ap/2020_res_gp/est_res_gp.pdf,36,est_res_gp.pdf
Andhra Pradesh,2020,East Godavari,Kotananduru K,KOTTAM,,sarpanch,Other than Woman,NONE,0,10,0,UR ,latin,data/ap/2020_res_gp/est_res_gp.pdf,36,est_res_gp.pdf
Andhra Pradesh,2020,East Godavari,Kotananduru K O,AGRAHARAM,,sarpanch,Other than Woman,NONE,0,8,0,UR ,latin,data/ap/2020_res_gp/est_res_gp.pdf,36,est_res_gp.pdf
Andhra Pradesh,2020,East Godavari,Kotananduru,KAKARAPALLI,,sarpanch,Other than Woman,NONE,0,10,0,UR ,latin,data/ap/2020_res_gp/est_res_gp.pdf,36,est_res_gp.pdf
Andhra Pradesh,2020,East Godavari,Kotananduru,KOTANANDURU,,sarpanch,SC Woman,SC,1,74,0,sc(w),latin,data/ap/2020_res_gp/est_res_gp.pdf,36,est_res_gp.pdf
Andhra Pradesh,2020,East Godavari,Kotananduru L D,PETA,,sarpanch,Woman,NONE,1,8,0,uR(w),latin,data/ap/2020_res_gp/est_res_gp.pdf,36,est_res_gp.pdf
Andhra Pradesh,2020,East Godavari,Kotananduru P,KOTTAM,,sarpanch,BC Other than Woman,BC,0,72,0,BC ,latin,data/ap/2020_res_gp/est_res_gp.pdf,36,est_res_gp.pdf
Andhra Pradesh,2020,East Godavari,Kotananduru,SURAPURAJUPETA,,sarpanch,Woman,NONE,1,10,0,UR(W),latin,data/ap/2020_res_gp/est_res_gp.pdf,36,est_res_gp.pdf
Andhra Pradesh,2020,East Godavari,Kotananduru TJ,NAGARAM,,sarpanch,Other than Woman,NONE,0,8,0,UR ,latin,data/ap/2020_res_gp/est_res_gp.pdf,36,est_res_gp.pdf
Andhra Pradesh,2020,East Godavari,U.Kothapalli,AMARAVILLI,,sarpanch,Other than Woman,NONE,0,8,0,UR ,latin,data/ap/2020_res_gp/est_res_gp.pdf,37,est_res_gp.pdf
Andhra Pradesh,2020,East Godavari,U.Kothapalli,AMINABADA,,sarpanch,BC Other than Woman,BC,0,14,0,BC ,latin,data/ap/2020_res_gp/est_res_gp.pdf,37,est_res_gp.pdf
Andhra Pradesh,2020,East Godavari,U.Kothapalli,GORSA,,sarpanch,Other than Woman,NONE,0,10,0,UR ,latin,data/ap/2020_res_gp/est_res_gp.pdf,37,est_res_gp.pdf
Andhra Pradesh,2020,East Godavari,U.Kothapalli,ISUKAPALLI,,sarpanch,BC Woman,BC,1,72,0,Bc(w),latin,data/ap/2020_res_gp/est_res_gp.pdf,37,est_res_gp.pdf
Andhra Pradesh,2020,East Godavari,U.Kothapalli,"K,ISUKAPALLI",,sarpanch,Other than Woman,NONE,0,8,0,UR ,latin,data/ap/2020_res_gp/est_res_gp.pdf,37,est_res_gp.pdf
Andhra Pradesh,2020,East Godavari,U.Kothapalli,KOMARAGIRI,,sarpanch,BC Other than Woman,BC,0,14,0,BC ,latin,data/ap/2020_res_gp/est_res_gp.pdf,37,est_res_gp.pdf
Andhra Pradesh,2020,East Godavari,U.Kothapalli,KONDEVARAM,,sarpanch,SC Woman,SC,1,14,0,sC(w),latin,data/ap/2020_res_gp/est_res_gp.pdf,37,est_res_gp.pdf
Andhra Pradesh,2020,East Godavari,U.Kothapalli,KOTHAMOOLAPETA,,sarpanch,Woman,NONE,1,10,0,uR(w),latin,data/ap/2020_res_gp/est_res_gp.pdf,37,est_res_gp.pdf
Andhra Pradesh,2020,East Godavari,U.Kothapalli,KUTUKUDUMILLI,,sarpanch,Other than Woman,NONE,0,10,0,UR ,latin,data/ap/2020_res_gp/est_res_gp.pdf,37,est_res_gp.pdf
Andhra Pradesh,2020,East Godavari,U.Kothapalli,NAGULAPALLI,,sarpanch,Woman,NONE,1,14,0,uR(w),latin,data/ap/2020_res_gp/est_res_gp.pdf,37,est_res_gp.pdf
Andhra Pradesh,2020,East Godavari,U.Kothapalli,PONNADA,,sarpanch,SC Woman,SC,1,74,0,sc(w),latin,data/ap/2020_res_gp/est_res_gp.pdf,37,est_res_gp.pdf
Andhra Pradesh,2020,East Godavari,U.Kothapalli,RAMANKKAPETA,,sarpanch,Woman,NONE,1,12,0,uR(w),latin,data/ap/2020_res_gp/est_res_gp.pdf,37,est_res_gp.pdf
Andhra Pradesh,2020,East Godavari,U.Kothapalli,SRIRAMPURAM,,sarpanch,Other than Woman,NONE,0,10,0,UR ,latin,data/ap/2020_res_gp/est_res_gp.pdf,37,est_res_gp.pdf
Andhra Pradesh,2020,East Godavari,Kothapeta,AVIDI,,sarpanch,BC Other than Woman,BC,0,74,0,BC ,latin,data/ap/2020_res_gp/est_res_gp.pdf,38,est_res_gp.pdf
Andhra Pradesh,2020,East Godavari,Kothapeta,BILLAKURRU,,sarpanch,Other than Woman,NONE,0,72,0,UR ,latin,data/ap/2020_res_gp/est_res_gp.pdf,38,est_res_gp.pdf
Andhra Pradesh,2020,East Godavari,Kothapeta,GANTI,,sarpanch,Other than Woman,NONE,0,72,0,UR ,latin,data/ap/2020_res_gp/est_res_gp.pdf,38,est_res_gp.pdf
Andhra Pradesh,2020,East Godavari,Kothapeta,KHANDRIGA,,sarpanch,Woman,NONE,1,12,0,UR(W),latin,data/ap/2020_res_gp/est_res_gp.pdf,38,est_res_gp.pdf
Andhra Pradesh,2020,East Godavari,Kothapeta,KOIHAPETA,,sarpanch,SC Woman,SC,1,20,0,sc(w),latin,data/ap/2020_res_gp/est_res_gp.pdf,38,est_res_gp.pdf
Andhra Pradesh,2020,East Godavari,Kothapeta,MANDAPALLI,,sarpanch,Woman,NONE,1,8,1,UR(W},latin,data/ap/2020_res_gp/est_res_gp.pdf,38,est_res_gp.pdf
Andhra Pradesh,2020,East Godavari,Kothapeta,MODEKURRU,,sarpanch,BC Woman,BC,1,74,0,Bc(w),latin,data/ap/2020_res_gp/est_res_gp.pdf,38,est_res_gp.pdf
Andhra Pradesh,2020,East Godavari,Kothapeta,VANAPALLI,,sarpanch,SC Other than Woman,SC,0,15,0,sc ,latin,data/ap/2020_res_gp/est_res_gp.pdf,38,est_res_gp.pdf
Andhra Pradesh,2020,East Godavari,Kunavaram Abhicharla sr(w) 8 sr(w),Kunavaram Abhicharla sr(w) 8 sr(w),,sarpanch,ST Other than Woman,ST,0,,0,ST ,latin,data/ap/2020_res_gp/est_res_gp.pdf,39,est_res_gp.pdf
Andhra Pradesh,2020,East Godavari,Kunavaram China rku ru sr(w) sr(w) sr(w) sr{w),Kunavaram China rku ru sr(w) sr(w) sr(w) sr{w),,sarpanch,ST Other than Woman,ST,0,00,1,5T ,latin,data/ap/2020_res_gp/est_res_gp.pdf,39,est_res_gp.pdf
Andhra Pradesh,2020,East Godavari,Kunavaram Chuchirevugudem sr(w) 10 sr(w) sr(w),Kunavaram Chuchirevugudem sr(w) 10 sr(w) sr(w),,sarpanch,Woman,NONE,1,,0,uR(w),latin,data/ap/2020_res_gp/est_res_gp.pdf,39,est_res_gp.pdf
Andhra Pradesh,2020,East Godavari,Kunavaram sr(w) sr(w),Kunavaram sr(w) sr(w),,sarpanch,Woman,NONE,1,,0,uR(w),latin,data/ap/2020_res_gp/est_res_gp.pdf,39,est_res_gp.pdf
Andhra Pradesh,2020,East Godavari,Kunavaram sr(w) sr(w) II Kachavaram,Kunavaram sr(w) sr(w) II Kachavaram,,sarpanch,ST Other than Woman,ST,0,8,1,5T ,latin,data/ap/2020_res_gp/est_res_gp.pdf,39,est_res_gp.pdf
Andhra Pradesh,2020,East Godavari,Kunavaram Kondrajupet,Kunavaram Kondrajupet,,sarpanch,ST Woman,ST,1,10,0,ST(W),latin,data/ap/2020_res_gp/est_res_gp.pdf,39,est_res_gp.pdf
Andhra Pradesh,2020,East Godavari,Kunavaram sr(w) sr(w) sr(w) $(w) I Kunavaram t2,Kunavaram sr(w) sr(w) sr(w) $(w) I Kunavaram t2,,sarpanch,ST Other than Woman,ST,0,,1,5T ,latin,data/ap/2020_res_gp/est_res_gp.pdf,39,est_res_gp.pdf
Andhra Pradesh,2020,East Godavari,Kunavaram Marrigudem,Kunavaram Marrigudem,,sarpanch,ST Other than Woman,ST,0,8,0,ST ,latin,data/ap/2020_res_gp/est_res_gp.pdf,39,est_res_gp.pdf
Andhra Pradesh,2020,East Godavari,Kunavaram Tekubaaka,Kunavaram Tekubaaka,,sarpanch,ST Other than Woman,ST,0,6,1,5T ,latin,data/ap/2020_res_gp/est_res_gp.pdf,39,est_res_gp.pdf
Andhra Pradesh,2020,East Godavari,Kunavaram Venkatayapalem sr(w) 10 sr(w) sr{w),Kunavaram Venkatayapalem sr(w) 10 sr(w) sr{w),,sarpanch,Other than Woman,NONE,0,51,0,UR ,latin,data/ap/2020_res_gp/est_res_gp.pdf,39,est_res_gp.pdf
Andhra Pradesh,2020,East Godavari,Malikipuram Adavipalem,Malikipuram Adavipalem,,sarpanch,Woman,NONE,1,8,0,uR(w),latin,data/ap/2020_res_gp/est_res_gp.pdf,40,est_res_gp.pdf
Andhra Pradesh,2020,East Godavari,Malikipuram thattelanka,Malikipuram thattelanka,,sarpanch,Woman,NONE,1,10,0,uR(w),latin,data/ap/2020_res_gp/est_res_gp.pdf,40,est_res_gp.pdf
Andhra Pradesh,2020,East Godavari,Malikipuram Chintalamori,Malikipuram Chintalamori,,sarpanch,SC Other than Woman,SC,0,12,1,5C ,latin,data/ap/2020_res_gp/est_res_gp.pdf,40,est_res_gp.pdf
Andhra Pradesh,2020,East Godavari,Malikipuram Dindi,Malikipuram Dindi,,sarpanch,Other than Woman,NONE,0,10,0,UR ,latin,data/ap/2020_res_gp/est_res_gp.pdf,40,est_res_gp.pdf
Andhra Pradesh,2020,East Godavari,Malikipuram Gollapalem,Malikipuram Gollapalem,,sarpanch,Other than Woman,NONE,0,10,0,UR ,latin,data/ap/2020_res_gp/est_res_gp.pdf,40,est_res_gp.pdf
Andhra Pradesh,2020,East Godavari,Malikipuram Gubbalapalem,Malikipuram Gubbalapalem,,sarpanch,BC Woman,BC,1,10,0,Bc(w),latin,data/ap/2020_res_gp/est_res_gp.pdf,40,est_res_gp.pdf
Andhra Pradesh,2020,East Godavari,Malikipuram Gudapalli,Malikipuram Gudapalli,,sarpanch,Other than Woman,NONE,0,72,0,UR ,latin,data/ap/2020_res_gp/est_res_gp.pdf,40,est_res_gp.pdf
Andhra Pradesh,2020,East Godavari,Malikipuram Gudimelanka,Malikipuram Gudimelanka,,sarpanch,SC Woman,SC,1,72,0,sc(w),latin,data/ap/2020_res_gp/est_res_gp.pdf,40,est_res_gp.pdf
Andhra Pradesh,2020,East Godavari,Malikipuram lru5umanda,Malikipuram lru5umanda,,sarpanch,Woman,NONE,1,10,0,UR(W),latin,data/ap/2020_res_gp/est_res_gp.pdf,40,est_res_gp.pdf
Andhra Pradesh,2020,East Godavari,Malikipuram Kathimanda,Malikipuram Kathimanda,,sarpanch,Other than Woman,NONE,0,10,0,UR ,latin,data/ap/2020_res_gp/est_res_gp.pdf,40,est_res_gp.pdf
Andhra Pradesh,2020,East Godavari,Malikipuram Kesanapalli,Malikipuram Kesanapalli,,sarpanch,Other than Woman,NONE,0,12,0,UR ,latin,data/ap/2020_res_gp/est_res_gp.pdf,40,est_res_gp.pdf
Andhra Pradesh,2020,East Godavari,Malikipuram Lakkavaram,Malikipuram Lakkavaram,,sarpanch,SC Woman,SC,1,14,0,sc(w),latin,data/ap/2020_res_gp/est_res_gp.pdf,40,est_res_gp.pdf
Andhra Pradesh,2020,East Godavari,Malikipuram Malikipuram,Malikipuram Malikipuram,,sarpanch,SC Woman,SC,1,74,1,sc{w),latin,data/ap/2020_res_gp/est_res_gp.pdf,40,est_res_gp.pdf
Andhra Pradesh,2020,East Godavari,Malikipuram Mattaparru,Malikipuram Mattaparru,,sarpanch,Woman,NONE,1,8,0,uR(w),latin,data/ap/2020_res_gp/est_res_gp.pdf,40,est_res_gp.pdf
Andhra Pradesh,2020,East Godavari,Malikipuram Padamatipalem,Malikipuram Padamatipalem,,sarpanch,Woman,NONE,1,12,0,UR(W),latin,data/ap/2020_res_gp/est_res_gp.pdf,40,est_res_gp.pdf
Andhra Pradesh,2020,East Godavari,Malikipuram Ramarajulanka,Malikipuram Ramarajulanka,,sarpanch,SC Other than Woman,SC,0,14,0,sc ,latin,data/ap/2020_res_gp/est_res_gp.pdf,40,est_res_gp.pdf
Andhra Pradesh,2020,East Godavari,Malikipuram Sankaraguptam,Malikipuram Sankaraguptam,,sarpanch,SC Other than Woman,SC,0,,0,sc ,latin,data/ap/2020_res_gp/est_res_gp.pdf,40,est_res_gp.pdf
Andhra Pradesh,2020,East Godavari,Malikipuram Turpupalem,Malikipuram Turpupalem,,sarpanch,BC Other than Woman,BC,0,72,0,BC ,latin,data/ap/2020_res_gp/est_res_gp.pdf,40,est_res_gp.pdf
Andhra Pradesh,2020,East Godavari,Malikipuram Visweswarayapuram,Malikipuram Visweswarayapuram,,sarpanch,BC Woman,BC,1,,0,Bc(w),latin,data/ap/2020_res_gp/est_res_gp.pdf,40,est_res_gp.pdf
Andhra Pradesh,2020,East Godavari,Mamidikuduru Lutukurru,Mamidikuduru Lutukurru,,sarpanch,Other than Woman,NONE,0,12,0,UR ,latin,data/ap/2020_res_gp/est_res_gp.pdf,41,est_res_gp.pdf
Andhra Pradesh,2020,East Godavari,Mamidikuduru Magatapalli,Mamidikuduru Magatapalli,,sarpanch,Woman,NONE,1,72,0,UR(W),latin,data/ap/2020_res_gp/est_res_gp.pdf,41,est_res_gp.pdf
Andhra Pradesh,2020,East Godavari,Mamidikuduru Makanapalem,Mamidikuduru Makanapalem,,sarpanch,Other than Woman,NONE,0,8,0,UR ,latin,data/ap/2020_res_gp/est_res_gp.pdf,41,est_res_gp.pdf
Andhra Pradesh,2020,East Godavari,Mamidikuduru Mamidikuduru,Mamidikuduru Mamidikuduru,,sarpanch,BC Other than Woman,BC,0,74,0,BC ,latin,data/ap/2020_res_gp/est_res_gp.pdf,41,est_res_gp.pdf
Andhra Pradesh,2020,East Godavari,Mamidikuduru Mogalikuduru,Mamidikuduru Mogalikuduru,,sarpanch,BC Woman,BC,1,12,1,8c(w),latin,data/ap/2020_res_gp/est_res_gp.pdf,41,est_res_gp.pdf
Andhra Pradesh,2020,East Godavari,Mamidikuduru Pasarlapudi,Mamidikuduru Pasarlapudi,,sarpanch,SC Woman,SC,1,74,0,sc(w),latin,data/ap/2020_res_gp/est_res_gp.pdf,41,est_res_gp.pdf
Andhra Pradesh,2020,East Godavari,Mamidikuduru Pasarlapudi Lanka,Mamidikuduru Pasarlapudi Lanka,,sarpanch,Other than Woman,NONE,0,72,0,UR ,latin,data/ap/2020_res_gp/est_res_gp.pdf,41,est_res_gp.pdf
Andhra Pradesh,2020,East Godavari,Mamidikuduru Pedapatnam,Mamidikuduru Pedapatnam,,sarpanch,BC Woman,BC,1,12,0,Bc(w),latin,data/ap/2020_res_gp/est_res_gp.pdf,41,est_res_gp.pdf
Andhra Pradesh,2020,East Godavari,Mamidikuduru Pedapatnam Lanka,Mamidikuduru Pedapatnam Lanka,,sarpanch,Other than Woman,NONE,0,14,0,UR ,latin,data/ap/2020_res_gp/est_res_gp.pdf,41,est_res_gp.pdf
Andhra Pradesh,2020,East Godavari,Mandapeta Arthamu ru,Mandapeta Arthamu ru,,sarpanch,Other than Woman,NONE,0,14,0,UR ,latin,data/ap/2020_res_gp/est_res_gp.pdf,42,est_res_gp.pdf
Andhra Pradesh,2020,East Godavari,Mandapeta Dwarapudi,Mandapeta Dwarapudi,,sarpanch,SC Woman,SC,1,,0,sc(w),latin,data/ap/2020_res_gp/est_res_gp.pdf,42,est_res_gp.pdf
Andhra Pradesh,2020,East Godavari,Mandapeta lppanapadu,Mandapeta lppanapadu,,sarpanch,BC Woman,BC,1,14,0,Bc(w),latin,data/ap/2020_res_gp/est_res_gp.pdf,42,est_res_gp.pdf
Andhra Pradesh,2020,East Godavari,Mandapeta Tapeswaram,Mandapeta Tapeswaram,,sarpanch,BC Woman,BC,1,74,0,Bc(w),latin,data/ap/2020_res_gp/est_res_gp.pdf,42,est_res_gp.pdf
Andhra Pradesh,2020,East Godavari,Mandapeta Velagathodu,Mandapeta Velagathodu,,sarpanch,BC Other than Woman,BC,0,12,0,BC ,latin,data/ap/2020_res_gp/est_res_gp.pdf,42,est_res_gp.pdf
Andhra Pradesh,2020,East Godavari,"Mandapeta Y,Seethanagaram","Mandapeta Y,Seethanagaram",,sarpanch,Woman,NONE,1,10,0,UR(W),latin,data/ap/2020_res_gp/est_res_gp.pdf,42,est_res_gp.pdf
Andhra Pradesh,2020,East Godavari,Mandapeta Yeditha,Mandapeta Yeditha,,sarpanch,SC Other than Woman,SC,0,18,0,sc ,latin,data/ap/2020_res_gp/est_res_gp.pdf,42,est_res_gp.pdf
Andhra Pradesh,2020,East Godavari,Mandapeta z.Medapadu,Mandapeta z.Medapadu,,sarpanch,Other than Woman,NONE,0,10,0,UR ,latin,data/ap/2020_res_gp/est_res_gp.pdf,42,est_res_gp.pdf
Andhra Pradesh,2020,East Godavari,Maredumilli G M,VALASA sr(w) 8 sr{w),,sarpanch,ST Other than Woman,ST,0,,0,ST ,latin,data/ap/2020_res_gp/est_res_gp.pdf,43,est_res_gp.pdf
Andhra Pradesh,2020,East Godavari,Maredumilli,MAREDUMILLI,,sarpanch,ST Other than Woman,ST,0,51,1,5T ,latin,data/ap/2020_res_gp/est_res_gp.pdf,43,est_res_gp.pdf
Andhra Pradesh,2020,East Godavari,Maredumilli,PAMULERU sr(w) sr(w),,sarpanch,ST Other than Woman,ST,0,,0,ST ,latin,data/ap/2020_res_gp/est_res_gp.pdf,43,est_res_gp.pdf
Andhra Pradesh,2020,East Godavari,Maredumilli,PULLANGI,,sarpanch,ST Other than Woman,ST,0,,0,ST,latin,data/ap/2020_res_gp/est_res_gp.pdf,43,est_res_gp.pdf
Andhra Pradesh,2020,East Godavari,sr(w) sr(w) sr(w),sr(w) sr(w) sr(w),,sarpanch,ST Other than Woman,ST,0,,0,ST ,latin,data/ap/2020_res_gp/est_res_gp.pdf,43,est_res_gp.pdf
Andhra Pradesh,2020,East Godavari,Ma red u milli,SUNNAMPADU,,sarpanch,ST Other than Woman,ST,0,10,0,ST ,latin,data/ap/2020_res_gp/est_res_gp.pdf,43,est_res_gp.pdf
Andhra Pradesh,2020,East Godavari,Maredumilli lADEPALLI sr(w) 8 sr(w) sr(w) sr(w),Maredumilli lADEPALLI sr(w) 8 sr(w) sr(w) sr(w),,sarpanch,ST Other than Woman,ST,0,,0,ST ,latin,data/ap/2020_res_gp/est_res_gp.pdf,43,est_res_gp.pdf
Andhra Pradesh,2020,East Godavari,Mummidivaram,AINAPURAM,,sarpanch,SC Other than Woman,SC,0,14,0,SC ,latin,data/ap/2020_res_gp/est_res_gp.pdf,44,est_res_gp.pdf
Andhra Pradesh,2020,East Godavari,Mummidivaram,ANNAMPALLI,,sarpanch,BC Other than Woman,BC,0,10,0,BC ,latin,data/ap/2020_res_gp/est_res_gp.pdf,44,est_res_gp.pdf
Andhra Pradesh,2020,East Godavari,Mummidivaram,CH.GUNNEPALLI,,sarpanch,Other than Woman,NONE,0,12,0,UR ,latin,data/ap/2020_res_gp/est_res_gp.pdf,44,est_res_gp.pdf
Andhra Pradesh,2020,East Godavari,Mummidivaram,GADILANKA,,sarpanch,Other than Woman,NONE,0,,0,UR ,latin,data/ap/2020_res_gp/est_res_gp.pdf,44,est_res_gp.pdf
Andhra Pradesh,2020,East Godavari,Mummidivaram,KOMANAPALLI,,sarpanch,Other than Woman,NONE,0,,0,UR ,latin,data/ap/2020_res_gp/est_res_gp.pdf,44,est_res_gp.pdf
Andhra Pradesh,2020,East Godavari,Mummidivaram,KRAPACHINTHALAPUDIPA,,sarpanch,Woman,NONE,1,,0,UR(W),latin,data/ap/2020_res_gp/est_res_gp.pdf,44,est_res_gp.pdf
Andhra Pradesh,2020,East Godavari,Mummidivaram,MARLAPALEM,,sarpanch,Other than Woman,NONE,0,,0,UR,latin,data/ap/2020_res_gp/est_res_gp.pdf,44,est_res_gp.pdf
Andhra Pradesh,2020,East Godavari,Mummidivaram,PALLAVARIPALEM,,sarpanch,Woman,NONE,1,,0,UR(W),latin,data/ap/2020_res_gp/est_res_gp.pdf,44,est_res_gp.pdf
Andhra Pradesh,2020,East Godavari,P.Gannavaram Bellampudi,P.Gannavaram Bellampudi,,sarpanch,Woman,NONE,1,10,0,UR(W),latin,data/ap/2020_res_gp/est_res_gp.pdf,45,est_res_gp.pdf
Andhra Pradesh,2020,East Godavari,"P,Gannavaram Ganti Pedapudi","P,Gannavaram Ganti Pedapudi",,sarpanch,Other than Woman,NONE,0,12,0,UR ,latin,data/ap/2020_res_gp/est_res_gp.pdf,45,est_res_gp.pdf
Andhra Pradesh,2020,East Godavari,P.Gannavaram X.,YENUGUPALLI,,sarpanch,Other than Woman,NONE,0,10,0,UR ,latin,data/ap/2020_res_gp/est_res_gp.pdf,45,est_res_gp.pdf
Andhra Pradesh,2020,East Godavari,P.Gannavaram K.Munjavaram,P.Gannavaram K.Munjavaram,,sarpanch,Woman,NONE,1,10,0,UR(W),latin,data/ap/2020_res_gp/est_res_gp.pdf,45,est_res_gp.pdf
Andhra Pradesh,2020,East Godavari,P.Gannavaram Kundalapalle,P.Gannavaram Kundalapalle,,sarpanch,Other than Woman,NONE,0,10,0,UR ,latin,data/ap/2020_res_gp/est_res_gp.pdf,45,est_res_gp.pdf
Andhra Pradesh,2020,East Godavari,"P,Gannavaram",NAGULLANKA,,sarpanch,SC Woman,SC,1,74,1,sc{w),latin,data/ap/2020_res_gp/est_res_gp.pdf,45,est_res_gp.pdf
Andhra Pradesh,2020,East Godavari,P.6annavaram Narendrapuram,P.6annavaram Narendrapuram,,sarpanch,SC Woman,SC,1,14,0,sc(w),latin,data/ap/2020_res_gp/est_res_gp.pdf,45,est_res_gp.pdf
Andhra Pradesh,2020,East Godavari,P.Gannavaram Patha Gannavaram,P.Gannavaram Patha Gannavaram,,sarpanch,SC Woman,SC,1,14,0,sc(w),latin,data/ap/2020_res_gp/est_res_gp.pdf,45,est_res_gp.pdf
Andhra Pradesh,2020,East Godavari,P.6annavaram Pothavaram,P.6annavaram Pothavaram,,sarpanch,SC Other than Woman,SC,0,12,0,sc ,latin,data/ap/2020_res_gp/est_res_gp.pdf,45,est_res_gp.pdf
Andhra Pradesh,2020,East Godavari,"P,Gannavaram R.",YENUGUPALLI,,sarpanch,Woman,NONE,1,8,0,UR(W),latin,data/ap/2020_res_gp/est_res_gp.pdf,45,est_res_gp.pdf
Andhra Pradesh,2020,East Godavari,P.Gannavaram,RAJULAPALEM,,sarpanch,SC Other than Woman,SC,0,12,0,sc ,latin,data/ap/2020_res_gp/est_res_gp.pdf,45,est_res_gp.pdf
Andhra Pradesh,2020,East Godavari,Pedapudi A.P.Trayam,Pedapudi A.P.Trayam,,sarpanch,BC Other than Woman,BC,0,,0,BC ,latin,data/ap/2020_res_gp/est_res_gp.pdf,46,est_res_gp.pdf
Andhra Pradesh,2020,East Godavari,Pedapudi,CHINTAPALLE,,sarpanch,Woman,NONE,1,0,0,UR(w),latin,data/ap/2020_res_gp/est_res_gp.pdf,46,est_res_gp.pdf
Andhra Pradesh,2020,East Godavari,Pedapudi,OOMADA,,sarpanch,Woman,NONE,1,10,0,UR(w),latin,data/ap/2020_res_gp/est_res_gp.pdf,46,est_res_gp.pdf
Andhra Pradesh,2020,East Godavari,Peda pudi G.,MAMIDADA,,sarpanch,SC Woman,SC,1,,0,Sc(w),latin,data/ap/2020_res_gp/est_res_gp.pdf,46,est_res_gp.pdf
Andhra Pradesh,2020,East Godavari,Pedapudi,GANDREDU,,sarpanch,BC Woman,BC,1,72,0,Bc(w),latin,data/ap/2020_res_gp/est_res_gp.pdf,46,est_res_gp.pdf
Andhra Pradesh,2020,East Godavari,Pedapudi,KAIKAVOLU,,sarpanch,Other than Woman,NONE,0,10,0,UR ,latin,data/ap/2020_res_gp/est_res_gp.pdf,46,est_res_gp.pdf
Andhra Pradesh,2020,East Godavari,Pedapudi,KAN DREGU LA,,sarpanch,BC Other than Woman,BC,0,,1,8C ,latin,data/ap/2020_res_gp/est_res_gp.pdf,46,est_res_gp.pdf
Andhra Pradesh,2020,East Godavari,Pedapudi,KARAKUDURU,,sarpanch,Other than Woman,NONE,0,10,0,UR ,latin,data/ap/2020_res_gp/est_res_gp.pdf,46,est_res_gp.pdf
Andhra Pradesh,2020,East Godavari,Pedapudi,KUMARAPRIYAM,,sarpanch,BC Woman,BC,1,,0,Bc(w),latin,data/ap/2020_res_gp/est_res_gp.pdf,46,est_res_gp.pdf
Andhra Pradesh,2020,East Godavari,,PEDAPUDI,,sarpanch,SC Other than Woman,SC,0,,0,SC ,latin,data/ap/2020_res_gp/est_res_gp.pdf,46,est_res_gp.pdf
Andhra Pradesh,2020,East Godavari,Pedapudi,PEDDADA,,sarpanch,SC Woman,SC,1,12,0,sC(w),latin,data/ap/2020_res_gp/est_res_gp.pdf,46,est_res_gp.pdf
Andhra Pradesh,2020,East Godavari,Pedapudi,PUTTAKONDA,,sarpanch,BC Other than Woman,BC,0,,0,BC,latin,data/ap/2020_res_gp/est_res_gp.pdf,46,est_res_gp.pdf
Andhra Pradesh,2020,East Godavari,Pedapudi,PYNA,,sarpanch,Woman,NONE,1,,0,uR(w),latin,data/ap/2020_res_gp/est_res_gp.pdf,46,est_res_gp.pdf
Andhra Pradesh,2020,East Godavari,Pedapudi,RAJUPALEM,,sarpanch,BC Woman,BC,1,10,0,Bc(w),latin,data/ap/2020_res_gp/est_res_gp.pdf,46,est_res_gp.pdf
Andhra Pradesh,2020,East Godavari,Pedapudi,RAMESWARAM,,sarpanch,Other than Woman,NONE,0,14,0,UR ,latin,data/ap/2020_res_gp/est_res_gp.pdf,46,est_res_gp.pdf
Andhra Pradesh,2020,East Godavari,Pedapudi,SAMPARA,,sarpanch,Other than Woman,NONE,0,,0,UR ,latin,data/ap/2020_res_gp/est_res_gp.pdf,46,est_res_gp.pdf
Andhra Pradesh,2020,East Godavari,Pedapudi,SEHAPURAM,,sarpanch,BC Woman,BC,1,12,0,Bc(w),latin,data/ap/2020_res_gp/est_res_gp.pdf,46,est_res_gp.pdf
Andhra Pradesh,2020,East Godavari,Pedapudi,VENDRA,,sarpanch,Other than Woman,NONE,0,72,0,UR ,latin,data/ap/2020_res_gp/est_res_gp.pdf,46,est_res_gp.pdf
Andhra Pradesh,2020,East Godavari,Peddapuram,Peddapuram,,sarpanch,Woman,NONE,1,72,0,UR(W),latin,data/ap/2020_res_gp/est_res_gp.pdf,47,est_res_gp.pdf
Andhra Pradesh,2020,East Godavari,Peddapuram Chandramampalli,Peddapuram Chandramampalli,,sarpanch,BC Woman,BC,1,,1,8C(w),latin,data/ap/2020_res_gp/est_res_gp.pdf,47,est_res_gp.pdf
Andhra Pradesh,2020,East Godavari,Peddapuram Gorinta,Peddapuram Gorinta,,sarpanch,Woman,NONE,1,12,1,UR{W),latin,data/ap/2020_res_gp/est_res_gp.pdf,47,est_res_gp.pdf
Andhra Pradesh,2020,East Godavari,Peddapuram Gudivada,Peddapuram Gudivada,,sarpanch,Other than Woman,NONE,0,10,0,UR ,latin,data/ap/2020_res_gp/est_res_gp.pdf,47,est_res_gp.pdf
Andhra Pradesh,2020,East Godavari,Peddapuram J.Thimmapuram,Peddapuram J.Thimmapuram,,sarpanch,BC Woman,BC,1,72,1,8c(w),latin,data/ap/2020_res_gp/est_res_gp.pdf,47,est_res_gp.pdf
Andhra Pradesh,2020,East Godavari,Peddapuram Ka ndrakota,Peddapuram Ka ndrakota,,sarpanch,BC Other than Woman,BC,0,72,0,BC ,latin,data/ap/2020_res_gp/est_res_gp.pdf,47,est_res_gp.pdf
Andhra Pradesh,2020,East Godavari,Peddapuram Kattamuru,Peddapuram Kattamuru,,sarpanch,SC Other than Woman,SC,0,74,0,SC ,latin,data/ap/2020_res_gp/est_res_gp.pdf,47,est_res_gp.pdf
Andhra Pradesh,2020,East Godavari,Peddapuram Marlava,Peddapuram Marlava,,sarpanch,Other than Woman,NONE,0,72,0,UR ,latin,data/ap/2020_res_gp/est_res_gp.pdf,47,est_res_gp.pdf
Andhra Pradesh,2020,East Godavari,Peddapuram Pulimeru,Peddapuram Pulimeru,,sarpanch,Woman,NONE,1,12,0,UR(W),latin,data/ap/2020_res_gp/est_res_gp.pdf,47,est_res_gp.pdf
Andhra Pradesh,2020,East Godavari,Peddapuram Sirivada,Peddapuram Sirivada,,sarpanch,Woman,NONE,1,8,0,UR(W),latin,data/ap/2020_res_gp/est_res_gp.pdf,47,est_res_gp.pdf
Andhra Pradesh,2020,East Godavari,Peddapuram Ulimeswaram,Peddapuram Ulimeswaram,,sarpanch,Woman,NONE,1,10,0,uR(w),latin,data/ap/2020_res_gp/est_res_gp.pdf,47,est_res_gp.pdf
Andhra Pradesh,2020,East Godavari,Peddapuram Vadlamuru,Peddapuram Vadlamuru,,sarpanch,Woman,NONE,1,12,0,UR(W),latin,data/ap/2020_res_gp/est_res_gp.pdf,47,est_res_gp.pdf
Andhra Pradesh,2020,East Godavari,Peddapuram Valuthimmapuram,Peddapuram Valuthimmapuram,,sarpanch,SC Woman,SC,1,10,0,sc(w),latin,data/ap/2020_res_gp/est_res_gp.pdf,47,est_res_gp.pdf
Andhra Pradesh,2020,East Godavari,Pithapuram B.Kothuru,Pithapuram B.Kothuru,,sarpanch,Woman,NONE,1,10,0,UR(W),latin,data/ap/2020_res_gp/est_res_gp.pdf,48,est_res_gp.pdf
Andhra Pradesh,2020,East Godavari,Pithapuram B.Prathipadu,Pithapuram B.Prathipadu,,sarpanch,Other than Woman,NONE,0,12,0,UR ,latin,data/ap/2020_res_gp/est_res_gp.pdf,48,est_res_gp.pdf
Andhra Pradesh,2020,East Godavari,Pithapuram L]--f- Bhogapu ram,Pithapuram L]--f- Bhogapu ram,,sarpanch,SC Woman,SC,1,12,0,sc(w),latin,data/ap/2020_res_gp/est_res_gp.pdf,48,est_res_gp.pdf
Andhra Pradesh,2020,East Godavari,Pithapuram Chitrada T-f-,Pithapuram Chitrada T-f-,,sarpanch,SC Woman,SC,1,,0,sc(w),latin,data/ap/2020_res_gp/est_res_gp.pdf,48,est_res_gp.pdf
Andhra Pradesh,2020,East Godavari,Pithapuram FK Palem,Pithapuram FK Palem,,sarpanch,Woman,NONE,1,10,0,UR(W),latin,data/ap/2020_res_gp/est_res_gp.pdf,48,est_res_gp.pdf
Andhra Pradesh,2020,East Godavari,Pithapuram Gokiwada,Pithapuram Gokiwada,,sarpanch,Other than Woman,NONE,0,10,0,UR ,latin,data/ap/2020_res_gp/est_res_gp.pdf,48,est_res_gp.pdf
Andhra Pradesh,2020,East Godavari,Pithapuram Jalluru,Pithapuram Jalluru,,sarpanch,BC Woman,BC,1,,0,Bc(w),latin,data/ap/2020_res_gp/est_res_gp.pdf,48,est_res_gp.pdf
Andhra Pradesh,2020,East Godavari,Pithapuram Jamulapalli,Pithapuram Jamulapalli,,sarpanch,Woman,NONE,1,10,0,UR(w),latin,data/ap/2020_res_gp/est_res_gp.pdf,48,est_res_gp.pdf
Andhra Pradesh,2020,East Godavari,Pithapuram Kandarada,Pithapuram Kandarada,,sarpanch,Woman,NONE,1,72,0,uR(w),latin,data/ap/2020_res_gp/est_res_gp.pdf,48,est_res_gp.pdf
Andhra Pradesh,2020,East Godavari,Pithapuram Kolanka,Pithapuram Kolanka,,sarpanch,Woman,NONE,1,10,0,UR (W),latin,data/ap/2020_res_gp/est_res_gp.pdf,48,est_res_gp.pdf
Andhra Pradesh,2020,East Godavari,Pithapuram Kumarapuram,Pithapuram Kumarapuram,,sarpanch,Other than Woman,NONE,0,10,0,UR ,latin,data/ap/2020_res_gp/est_res_gp.pdf,48,est_res_gp.pdf
Andhra Pradesh,2020,East Godavari,Pithapuram LN Puram,Pithapuram LN Puram,,sarpanch,BC Other than Woman,BC,0,10,0,BC ,latin,data/ap/2020_res_gp/est_res_gp.pdf,48,est_res_gp.pdf
Andhra Pradesh,2020,East Godavari,Pithapuram Madhavapuram,Pithapuram Madhavapuram,,sarpanch,Other than Woman,NONE,0,10,0,UR ,latin,data/ap/2020_res_gp/est_res_gp.pdf,48,est_res_gp.pdf
Andhra Pradesh,2020,East Godavari,Pithapuram Mallam,Pithapuram Mallam,,sarpanch,SC Other than Woman,SC,0,72,0,sc ,latin,data/ap/2020_res_gp/est_res_gp.pdf,48,est_res_gp.pdf
Andhra Pradesh,2020,East Godavari,Pithapuram Mangiturthi,Pithapuram Mangiturthi,,sarpanch,BC Woman,BC,1,10,0,Bc(w),latin,data/ap/2020_res_gp/est_res_gp.pdf,48,est_res_gp.pdf
Andhra Pradesh,2020,East Godavari,Pithapuram Narasingapuram,Pithapuram Narasingapuram,,sarpanch,BC Other than Woman,BC,0,10,0,BC ,latin,data/ap/2020_res_gp/est_res_gp.pdf,48,est_res_gp.pdf
Andhra Pradesh,2020,East Godavari,Pithapuram Navakandrawada,Pithapuram Navakandrawada,,sarpanch,SC Woman,SC,1,10,0,Sc(w),latin,data/ap/2020_res_gp/est_res_gp.pdf,48,est_res_gp.pdf
Andhra Pradesh,2020,East Godavari,Pithapuram P.Donnthamuru,Pithapuram P.Donnthamuru,,sarpanch,BC Woman,BC,1,10,0,Bc(w),latin,data/ap/2020_res_gp/est_res_gp.pdf,48,est_res_gp.pdf
Andhra Pradesh,2020,East Godavari,Pithapuram,Pithapuram,,sarpanch,Other than Woman,NONE,0,10,0,UR ,latin,data/ap/2020_res_gp/est_res_gp.pdf,48,est_res_gp.pdf
Andhra Pradesh,2020,East Godavari,Pithapuram Ra pa rthi,Pithapuram Ra pa rthi,,sarpanch,Woman,NONE,1,12,0,uR(w),latin,data/ap/2020_res_gp/est_res_gp.pdf,48,est_res_gp.pdf
Andhra Pradesh,2020,East Godavari,Pithapuram Veldu rthi,Pithapuram Veldu rthi,,sarpanch,Other than Woman,NONE,0,12,0,UR ,latin,data/ap/2020_res_gp/est_res_gp.pdf,48,est_res_gp.pdf
Andhra Pradesh,2020,East Godavari,Pithapuram,Pithapuram,,sarpanch,Other than Woman,NONE,0,12,0,UR ,latin,data/ap/2020_res_gp/est_res_gp.pdf,48,est_res_gp.pdf
Andhra Pradesh,2020,East Godavari,Pithapuram Virawada,Pithapuram Virawada,,sarpanch,SC Other than Woman,SC,0,14,0,sc ,latin,data/ap/2020_res_gp/est_res_gp.pdf,48,est_res_gp.pdf
Andhra Pradesh,2020,East Godavari,Prathipadu,BAVURUVAKA,,sarpanch,Other than Woman,NONE,0,8,0,UR ,latin,data/ap/2020_res_gp/est_res_gp.pdf,49,est_res_gp.pdf
Andhra Pradesh,2020,East Godavari,Prathipadu,CHINTALURU,,sarpanch,SC Woman,SC,1,10,0,sc(w),latin,data/ap/2020_res_gp/est_res_gp.pdf,49,est_res_gp.pdf
Andhra Pradesh,2020,East Godavari,Prathipadu,DHARMAVARAM,,sarpanch,SC Woman,SC,1,16,0,sc(w),latin,data/ap/2020_res_gp/est_res_gp.pdf,49,est_res_gp.pdf
Andhra Pradesh,2020,East Godavari,Prathipadu,ELURU,,sarpanch,BC Other than Woman,BC,0,72,0,BC ,latin,data/ap/2020_res_gp/est_res_gp.pdf,49,est_res_gp.pdf
Andhra Pradesh,2020,East Godavari,Prathipadu Gfu]ANAPUDI,Prathipadu Gfu]ANAPUDI,,sarpanch,BC Other than Woman,BC,0,12,0,BC ,latin,data/ap/2020_res_gp/est_res_gp.pdf,49,est_res_gp.pdf
Andhra Pradesh,2020,East Godavari,Prathipadu,GOKAVARAM,,sarpanch,Woman,NONE,1,10,0,UR(W),latin,data/ap/2020_res_gp/est_res_gp.pdf,49,est_res_gp.pdf
Andhra Pradesh,2020,East Godavari,Prathipadu,LAMPAKALOVA,,sarpanch,Woman,NONE,1,10,0,UR(W),latin,data/ap/2020_res_gp/est_res_gp.pdf,49,est_res_gp.pdf
Andhra Pradesh,2020,East Godavari,Prathipadu,PANDAVULAPALEM,,sarpanch,Woman,NONE,1,8,0,uR(w),latin,data/ap/2020_res_gp/est_res_gp.pdf,49,est_res_gp.pdf
Andhra Pradesh,2020,East Godavari,Prathipadu,PEDA SANKARLAPUDI,,sarpanch,Woman,NONE,1,72,0,UR(W),latin,data/ap/2020_res_gp/est_res_gp.pdf,49,est_res_gp.pdf
Andhra Pradesh,2020,East Godavari,Prathipadu,PEDDIPALEM,,sarpanch,BC Woman,BC,1,12,0,Bc(w),latin,data/ap/2020_res_gp/est_res_gp.pdf,49,est_res_gp.pdf
Andhra Pradesh,2020,East Godavari,Prathipadu f-T-- -f,RACHAPALLE,,sarpanch,BC Woman,BC,1,74,0,Bc(w),latin,data/ap/2020_res_gp/est_res_gp.pdf,49,est_res_gp.pdf
Andhra Pradesh,2020,East Godavari,Prathipadu,ROWTHUPALEM,,sarpanch,Woman,NONE,1,8,0,UR(W),latin,data/ap/2020_res_gp/est_res_gp.pdf,49,est_res_gp.pdf
Andhra Pradesh,2020,East Godavari,Prathipadu,T.RAYAVARAM,,sarpanch,Other than Woman,NONE,0,10,0,UR ,latin,data/ap/2020_res_gp/est_res_gp.pdf,49,est_res_gp.pdf
Andhra Pradesh,2020,East Godavari,Prathipadu,U.JAGANNADHAPURAM,,sarpanch,Other than Woman,NONE,0,10,0,UR ,latin,data/ap/2020_res_gp/est_res_gp.pdf,49,est_res_gp.pdf
Andhra Pradesh,2020,East Godavari,Prathipadu,UTTARAKANCHI,,sarpanch,Other than Woman,NONE,0,10,0,UR ,latin,data/ap/2020_res_gp/est_res_gp.pdf,49,est_res_gp.pdf
Andhra Pradesh,2020,East Godavari,Prathipadu,VAKAPALLE,,sarpanch,Other than Woman,NONE,0,8,0,UR ,latin,data/ap/2020_res_gp/est_res_gp.pdf,49,est_res_gp.pdf
Andhra Pradesh,2020,East Godavari,Prathipadu,VENKAIANAGARAM,,sarpanch,Woman,NONE,1,8,0,UR(W),latin,data/ap/2020_res_gp/est_res_gp.pdf,49,est_res_gp.pdf
Andhra Pradesh,2020,East Godavari,Prathipadu,VOMMANGI,,sarpanch,SC Other than Woman,SC,0,74,1,5C ,latin,data/ap/2020_res_gp/est_res_gp.pdf,49,est_res_gp.pdf
Andhra Pradesh,2020,East Godavari,Rajamahendravara Bommuru,Rajamahendravara Bommuru,,sarpanch,Woman,NONE,1,18,0,UR(W),latin,data/ap/2020_res_gp/est_res_gp.pdf,50,est_res_gp.pdf
Andhra Pradesh,2020,East Godavari,Rajamahendravara Dowlaiswaram,Rajamahendravara Dowlaiswaram,,sarpanch,SC Woman,SC,1,20,0,sc(w),latin,data/ap/2020_res_gp/est_res_gp.pdf,50,est_res_gp.pdf
Andhra Pradesh,2020,East Godavari,Rajamahendravara Hukumpeta,Rajamahendravara Hukumpeta,,sarpanch,BC Woman,BC,1,18,1,8c(w),latin,data/ap/2020_res_gp/est_res_gp.pdf,50,est_res_gp.pdf
Andhra Pradesh,2020,East Godavari,Rajamahendravara Katheru,Rajamahendravara Katheru,,sarpanch,Woman,NONE,1,20,0,UR(W),latin,data/ap/2020_res_gp/est_res_gp.pdf,50,est_res_gp.pdf
Andhra Pradesh,2020,East Godavari,Rajamahendravara Pidimgoyyi,Rajamahendravara Pidimgoyyi,,sarpanch,BC Other than Woman,BC,0,18,0,BC ,latin,data/ap/2020_res_gp/est_res_gp.pdf,50,est_res_gp.pdf
Andhra Pradesh,2020,East Godavari,Rajamahendravara Rajavolu,Rajamahendravara Rajavolu,,sarpanch,Other than Woman,NONE,0,,0,UR ,latin,data/ap/2020_res_gp/est_res_gp.pdf,50,est_res_gp.pdf
Andhra Pradesh,2020,East Godavari,Rajamahendravara Satelitecity,Rajamahendravara Satelitecity,,sarpanch,BC Woman,BC,1,18,0,BC(W),latin,data/ap/2020_res_gp/est_res_gp.pdf,50,est_res_gp.pdf
Andhra Pradesh,2020,East Godavari,Rajanagaram Bhupalapatnam,Rajanagaram Bhupalapatnam,,sarpanch,Woman,NONE,1,8,0,UR(W),latin,data/ap/2020_res_gp/est_res_gp.pdf,51,est_res_gp.pdf
Andhra Pradesh,2020,East Godavari,Rajanagaram Chakradwarabandam,Rajanagaram Chakradwarabandam,,sarpanch,Woman,NONE,1,72,0,UR(W),latin,data/ap/2020_res_gp/est_res_gp.pdf,51,est_res_gp.pdf
Andhra Pradesh,2020,East Godavari,Rajanagaram Diwancheruvu,Rajanagaram Diwancheruvu,,sarpanch,SC Other than Woman,SC,0,16,0,SC ,latin,data/ap/2020_res_gp/est_res_gp.pdf,51,est_res_gp.pdf
Andhra Pradesh,2020,East Godavari,Rajanagaram East Gonagudem,Rajanagaram East Gonagudem,,sarpanch,Woman,NONE,1,,0,UR(W),latin,data/ap/2020_res_gp/est_res_gp.pdf,51,est_res_gp.pdf
Andhra Pradesh,2020,East Godavari,Rajanagaram Ferizellipeta,Rajanagaram Ferizellipeta,,sarpanch,Woman,NONE,1,10,0,UR(W),latin,data/ap/2020_res_gp/est_res_gp.pdf,51,est_res_gp.pdf
Andhra Pradesh,2020,East Godavari,Rajanagaram G Yerramapalem,Rajanagaram G Yerramapalem,,sarpanch,Woman,NONE,1,72,0,UR(W),latin,data/ap/2020_res_gp/est_res_gp.pdf,51,est_res_gp.pdf
Andhra Pradesh,2020,East Godavari,Rajanagaram Kalavacherla,Rajanagaram Kalavacherla,,sarpanch,BC Other than Woman,BC,0,72,0,BC ,latin,data/ap/2020_res_gp/est_res_gp.pdf,51,est_res_gp.pdf
Andhra Pradesh,2020,East Godavari,Rajanagaram Konda Gunturu,Rajanagaram Konda Gunturu,,sarpanch,BC Woman,BC,1,,0,Bc(w),latin,data/ap/2020_res_gp/est_res_gp.pdf,51,est_res_gp.pdf
Andhra Pradesh,2020,East Godavari,Rajanagaram Lalacheruvu,Rajanagaram Lalacheruvu,,sarpanch,BC Other than Woman,BC,0,74,1,8C ,latin,data/ap/2020_res_gp/est_res_gp.pdf,51,est_res_gp.pdf
Andhra Pradesh,2020,East Godavari,Rajanagaram Mallampudi,Rajanagaram Mallampudi,,sarpanch,SC Woman,SC,1,,0,sc(w),latin,data/ap/2020_res_gp/est_res_gp.pdf,51,est_res_gp.pdf
Andhra Pradesh,2020,East Godavari,Rajanagaram Mukkinada,Rajanagaram Mukkinada,,sarpanch,SC Woman,SC,1,10,0,sc(w),latin,data/ap/2020_res_gp/est_res_gp.pdf,51,est_res_gp.pdf
Andhra Pradesh,2020,East Godavari,Rajanagaram Namavaram,Rajanagaram Namavaram,,sarpanch,BC Woman,BC,1,10,0,BC(W),latin,data/ap/2020_res_gp/est_res_gp.pdf,51,est_res_gp.pdf
Andhra Pradesh,2020,East Godavari,Rajanagaram Nandarada,Rajanagaram Nandarada,,sarpanch,BC Woman,BC,1,72,1,Bc{w),latin,data/ap/2020_res_gp/est_res_gp.pdf,51,est_res_gp.pdf
Andhra Pradesh,2020,East Godavari,Rajanagaram Narendrapuram,Rajanagaram Narendrapuram,,sarpanch,BC Other than Woman,BC,0,74,0,BC ,latin,data/ap/2020_res_gp/est_res_gp.pdf,51,est_res_gp.pdf
Andhra Pradesh,2020,East Godavari,Rajanagaram Punyakshetram 72,Rajanagaram Punyakshetram 72,,sarpanch,Woman,NONE,1,,0,UR(W),latin,data/ap/2020_res_gp/est_res_gp.pdf,51,est_res_gp.pdf
Andhra Pradesh,2020,East Godavari,Rajanagaram Radheyapalem,Rajanagaram Radheyapalem,,sarpanch,BC Woman,BC,1,10,0,Bc(w),latin,data/ap/2020_res_gp/est_res_gp.pdf,51,est_res_gp.pdf
Andhra Pradesh,2020,East Godavari,Rajanagaram Rajanagaram,Rajanagaram Rajanagaram,,sarpanch,SC Other than Woman,SC,0,14,0,sc ,latin,data/ap/2020_res_gp/est_res_gp.pdf,51,est_res_gp.pdf
Andhra Pradesh,2020,East Godavari,Rajanagaram Ramaswamypeta,Rajanagaram Ramaswamypeta,,sarpanch,Woman,NONE,1,,0,UR(W),latin,data/ap/2020_res_gp/est_res_gp.pdf,51,est_res_gp.pdf
Andhra Pradesh,2020,East Godavari,Rajanagaram Sampathanagaram,Rajanagaram Sampathanagaram,,sarpanch,Other than Woman,NONE,0,12,0,UR ,latin,data/ap/2020_res_gp/est_res_gp.pdf,51,est_res_gp.pdf
Andhra Pradesh,2020,East Godavari,Rajanagaram Seetharamapuram,Rajanagaram Seetharamapuram,,sarpanch,BC Other than Woman,BC,0,10,0,BC ,latin,data/ap/2020_res_gp/est_res_gp.pdf,51,est_res_gp.pdf
Andhra Pradesh,2020,East Godavari,Rajanagaram Srikrishnapatnam,Rajanagaram Srikrishnapatnam,,sarpanch,Other than Woman,NONE,0,72,0,UR ,latin,data/ap/2020_res_gp/est_res_gp.pdf,51,est_res_gp.pdf
Andhra Pradesh,2020,East Godavari,Rajanagaram Thokada,Rajanagaram Thokada,,sarpanch,Other than Woman,NONE,0,12,0,UR ,latin,data/ap/2020_res_gp/est_res_gp.pdf,51,est_res_gp.pdf
Andhra Pradesh,2020,East Godavari,Rajanagaram Velugubanda,Rajanagaram Velugubanda,,sarpanch,Other than Woman,NONE,0,72,0,UR ,latin,data/ap/2020_res_gp/est_res_gp.pdf,51,est_res_gp.pdf
Andhra Pradesh,2020,East Godavari,Rajavommangi Aminabad sr(w) 10 sr(w),Rajavommangi Aminabad sr(w) 10 sr(w),,sarpanch,ST Woman,ST,1,,0,ST(W),latin,data/ap/2020_res_gp/est_res_gp.pdf,52,est_res_gp.pdf
Andhra Pradesh,2020,East Godavari,Rajavommangi Badadanampalli,Rajavommangi Badadanampalli,,sarpanch,ST Woman,ST,1,,0,ST(W),latin,data/ap/2020_res_gp/est_res_gp.pdf,52,est_res_gp.pdf
Andhra Pradesh,2020,East Godavari,Rajavommangi Cherukumpalem,Rajavommangi Cherukumpalem,,sarpanch,ST Other than Woman,ST,0,10,0,ST ,latin,data/ap/2020_res_gp/est_res_gp.pdf,52,est_res_gp.pdf
Andhra Pradesh,2020,East Godavari,Rajavommangi Chikilintha 10 sr(w) sr(w) sr(w) sr(w) I I,Rajavommangi Chikilintha 10 sr(w) sr(w) sr(w) sr(w) I I,,sarpanch,ST Other than Woman,ST,0,51,0,ST ,latin,data/ap/2020_res_gp/est_res_gp.pdf,52,est_res_gp.pdf
Andhra Pradesh,2020,East Godavari,Rajavommangi Dusaripamu 10 sr(w) sr(w) II,Rajavommangi Dusaripamu 10 sr(w) sr(w) II,,sarpanch,ST Other than Woman,ST,0,,0,ST ,latin,data/ap/2020_res_gp/est_res_gp.pdf,52,est_res_gp.pdf
Andhra Pradesh,2020,East Godavari,Rajavommangi Gaduvakurthi,Rajavommangi Gaduvakurthi,,sarpanch,ST Other than Woman,ST,0,8,0,ST ,latin,data/ap/2020_res_gp/est_res_gp.pdf,52,est_res_gp.pdf
Andhra Pradesh,2020,East Godavari,Rajavommangi Kinda,Rajavommangi Kinda,,sarpanch,ST Other than Woman,ST,0,10,0,ST ,latin,data/ap/2020_res_gp/est_res_gp.pdf,52,est_res_gp.pdf
Andhra Pradesh,2020,East Godavari,Rajavommangi Kirrabu sr(w) 8,Rajavommangi Kirrabu sr(w) 8,,sarpanch,ST Woman,ST,1,,0,ST(W),latin,data/ap/2020_res_gp/est_res_gp.pdf,52,est_res_gp.pdf
Andhra Pradesh,2020,East Godavari,Rajavommangi Kondapalli,Rajavommangi Kondapalli,,sarpanch,ST Other than Woman,ST,0,,0,ST ,latin,data/ap/2020_res_gp/est_res_gp.pdf,52,est_res_gp.pdf
Andhra Pradesh,2020,East Godavari,Rajavommangi Labbarthi sr(w) 10 sr(w),Rajavommangi Labbarthi sr(w) 10 sr(w),,sarpanch,ST Other than Woman,ST,0,,0,ST ,latin,data/ap/2020_res_gp/est_res_gp.pdf,52,est_res_gp.pdf
Andhra Pradesh,2020,East Godavari,Rajavommangi Lagarayi sr(w) 10 sr(w) sr(w),Rajavommangi Lagarayi sr(w) 10 sr(w) sr(w),,sarpanch,Other than Woman,NONE,0,,0,UR ,latin,data/ap/2020_res_gp/est_res_gp.pdf,52,est_res_gp.pdf
Andhra Pradesh,2020,East Godavari,Rajavommangi Lododdi,Rajavommangi Lododdi,,sarpanch,ST Other than Woman,ST,0,8,0,ST ,latin,data/ap/2020_res_gp/est_res_gp.pdf,52,est_res_gp.pdf
Andhra Pradesh,2020,East Godavari,Rajavommangi Maredubaka,Rajavommangi Maredubaka,,sarpanch,ST Other than Woman,ST,0,8,0,ST ,latin,data/ap/2020_res_gp/est_res_gp.pdf,52,est_res_gp.pdf
Andhra Pradesh,2020,East Godavari,Rajavommangi Tantikonda sr(w) 10,Rajavommangi Tantikonda sr(w) 10,,sarpanch,ST Woman,ST,1,,0,ST(W),latin,data/ap/2020_res_gp/est_res_gp.pdf,52,est_res_gp.pdf
Andhra Pradesh,2020,East Godavari,Ramachandrapuram,ADIVARAPUPETA 769 110 777 Ramachandrapuram ANNAIPETA Ramachandrapuram EAPANAYYACHERUVU Ramachandrapuram BHEEMAKROSUPALEM,,sarpanch,Other than Woman,NONE,0,,0,UR ,latin,data/ap/2020_res_gp/est_res_gp.pdf,53,est_res_gp.pdf
Andhra Pradesh,2020,East Godavari,Ramachandrapuram,IAGANNAYAKULAPALEM,,sarpanch,Other than Woman,NONE,0,10,0,UR ,latin,data/ap/2020_res_gp/est_res_gp.pdf,53,est_res_gp.pdf
Andhra Pradesh,2020,East Godavari,Ramachandrapuram,NARASAPURAPUPETA,,sarpanch,Other than Woman,NONE,0,,0,uR,latin,data/ap/2020_res_gp/est_res_gp.pdf,53,est_res_gp.pdf
Andhra Pradesh,2020,East Godavari,Ramachandrapuram,NELAPARTHIPADU,,sarpanch,Woman,NONE,1,,0,uR (w),latin,data/ap/2020_res_gp/est_res_gp.pdf,53,est_res_gp.pdf
Andhra Pradesh,2020,East Godavari,Ramachandrapuram,ODURU,,sarpanch,SC Woman,SC,1,,0,sc(w),latin,data/ap/2020_res_gp/est_res_gp.pdf,53,est_res_gp.pdf
Andhra Pradesh,2020,East Godavari,Ramachandrapuram,TADIPALLI,,sarpanch,Woman,NONE,1,8,0,UR(W),latin,data/ap/2020_res_gp/est_res_gp.pdf,53,est_res_gp.pdf
Andhra Pradesh,2020,East Godavari,Ramachandrapuram,TALTAPOLAM,,sarpanch,BC Other than Woman,BC,0,72,1,8C ,latin,data/ap/2020_res_gp/est_res_gp.pdf,53,est_res_gp.pdf
Andhra Pradesh,2020,East Godavari,Ramachandrapuram,THOTAPETA,,sarpanch,SC Other than Woman,SC,0,12,0,sc ,latin,data/ap/2020_res_gp/est_res_gp.pdf,53,est_res_gp.pdf
Andhra Pradesh,2020,East Godavari,Ramachandrapuram,UNDURU,,sarpanch,Woman,NONE,1,10,0,UR(W),latin,data/ap/2020_res_gp/est_res_gp.pdf,53,est_res_gp.pdf
Andhra Pradesh,2020,East Godavari,Ra macha ndra pu ram,UTRUMILLI,,sarpanch,Woman,NONE,1,8,0,uR(w),latin,data/ap/2020_res_gp/est_res_gp.pdf,53,est_res_gp.pdf
Andhra Pradesh,2020,East Godavari,Ramachandrapuram,YERUPALLI,,sarpanch,Other than Woman,NONE,0,10,0,UR ,latin,data/ap/2020_res_gp/est_res_gp.pdf,53,est_res_gp.pdf
Andhra Pradesh,2020,East Godavari,Rampachodavarm Busigudem,Rampachodavarm Busigudem,,sarpanch,ST Woman,ST,1,8,0,ST(W),latin,data/ap/2020_res_gp/est_res_gp.pdf,54,est_res_gp.pdf
Andhra Pradesh,2020,East Godavari,Rampachodavarm Folkspeta sr(w) 10,Rampachodavarm Folkspeta sr(w) 10,,sarpanch,ST Woman,ST,1,,0,ST(W),latin,data/ap/2020_res_gp/est_res_gp.pdf,54,est_res_gp.pdf
Andhra Pradesh,2020,East Godavari,Rampachodavarm l.Polavaram sr(w) 10,Rampachodavarm l.Polavaram sr(w) 10,,sarpanch,Other than Woman,NONE,0,,0,UR ,latin,data/ap/2020_res_gp/est_res_gp.pdf,54,est_res_gp.pdf
Andhra Pradesh,2020,East Godavari,Rampachodavarm Rampa sr(w) 10 sr(w) sr(w),Rampachodavarm Rampa sr(w) 10 sr(w) sr(w),,sarpanch,ST Other than Woman,ST,0,,0,ST ,latin,data/ap/2020_res_gp/est_res_gp.pdf,54,est_res_gp.pdf
Andhra Pradesh,2020,East Godavari,Rampachodavarm Rampachodavaram,Rampachodavarm Rampachodavaram,,sarpanch,ST Other than Woman,ST,0,16,0,ST ,latin,data/ap/2020_res_gp/est_res_gp.pdf,54,est_res_gp.pdf
Andhra Pradesh,2020,East Godavari,Rampachodavarm Tativada sr(w) 8,Rampachodavarm Tativada sr(w) 8,,sarpanch,ST Other than Woman,ST,0,,0,ST ,latin,data/ap/2020_res_gp/est_res_gp.pdf,54,est_res_gp.pdf
Andhra Pradesh,2020,East Godavari,Rampachodavarm Vadapalli sr(w) 8 sr(w) sr(w),Rampachodavarm Vadapalli sr(w) 8 sr(w) sr(w),,sarpanch,ST Other than Woman,ST,0,,0,ST ,latin,data/ap/2020_res_gp/est_res_gp.pdf,54,est_res_gp.pdf
Andhra Pradesh,2020,East Godavari,Rampachodavarm Vemulakonde,Rampachodavarm Vemulakonde,,sarpanch,ST Other than Woman,ST,0,10,0,ST ,latin,data/ap/2020_res_gp/est_res_gp.pdf,54,est_res_gp.pdf
Andhra Pradesh,2020,East Godavari,Rampachodavarm Vootla,Rampachodavarm Vootla,,sarpanch,ST Other than Woman,ST,0,8,0,ST ,latin,data/ap/2020_res_gp/est_res_gp.pdf,54,est_res_gp.pdf
Andhra Pradesh,2020,East Godavari,Rangampeta Chandredu,Rangampeta Chandredu,,sarpanch,Woman,NONE,1,10,0,UR(W),latin,data/ap/2020_res_gp/est_res_gp.pdf,55,est_res_gp.pdf
Andhra Pradesh,2020,East Godavari,Rangampeta Doddigunta,Rangampeta Doddigunta,,sarpanch,SC Other than Woman,SC,0,12,0,sc ,latin,data/ap/2020_res_gp/est_res_gp.pdf,55,est_res_gp.pdf
Andhra Pradesh,2020,East Godavari,Rangampeta Ela kolanu,Rangampeta Ela kolanu,,sarpanch,BC Other than Woman,BC,0,,0,BC ,latin,data/ap/2020_res_gp/est_res_gp.pdf,55,est_res_gp.pdf
Andhra Pradesh,2020,East Godavari,Rangampeta G.Donthamuru 74,Rangampeta G.Donthamuru 74,,sarpanch,Woman,NONE,1,,0,UR(W),latin,data/ap/2020_res_gp/est_res_gp.pdf,55,est_res_gp.pdf
Andhra Pradesh,2020,East Godavari,Rangampeta Kotapadu,Rangampeta Kotapadu,,sarpanch,BC Woman,BC,1,,0,Bc(w),latin,data/ap/2020_res_gp/est_res_gp.pdf,55,est_res_gp.pdf
Andhra Pradesh,2020,East Godavari,Rangampeta Marripudi,Rangampeta Marripudi,,sarpanch,BC Woman,BC,1,12,0,Bc(w),latin,data/ap/2020_res_gp/est_res_gp.pdf,55,est_res_gp.pdf
Andhra Pradesh,2020,East Godavari,Rangampeta Mukundavaram,Rangampeta Mukundavaram,,sarpanch,Woman,NONE,1,10,0,UR(W),latin,data/ap/2020_res_gp/est_res_gp.pdf,55,est_res_gp.pdf
Andhra Pradesh,2020,East Godavari,Rangampeta Nallamilli,Rangampeta Nallamilli,,sarpanch,Woman,NONE,1,10,0,UR(W),latin,data/ap/2020_res_gp/est_res_gp.pdf,55,est_res_gp.pdf
Andhra Pradesh,2020,East Godavari,Rangampeta P.Veerampaleam,Rangampeta P.Veerampaleam,,sarpanch,Other than Woman,NONE,0,10,0,UR ,latin,data/ap/2020_res_gp/est_res_gp.pdf,55,est_res_gp.pdf
Andhra Pradesh,2020,East Godavari,Rangampeta Pedarayavaram,Rangampeta Pedarayavaram,,sarpanch,SC Woman,SC,1,10,0,sc(w),latin,data/ap/2020_res_gp/est_res_gp.pdf,55,est_res_gp.pdf
Andhra Pradesh,2020,East Godavari,Rangampeta Rangampeta,Rangampeta Rangampeta,,sarpanch,BC Woman,BC,1,74,0,Bc(w),latin,data/ap/2020_res_gp/est_res_gp.pdf,55,est_res_gp.pdf
Andhra Pradesh,2020,East Godavari,Rangampeta,---T--- E S.T.Rajapuram,,sarpanch,Woman,NONE,1,10,0,UR(W),latin,data/ap/2020_res_gp/est_res_gp.pdf,55,est_res_gp.pdf
Andhra Pradesh,2020,East Godavari,Rangampeta Singampalli,Rangampeta Singampalli,,sarpanch,BC Other than Woman,BC,0,12,0,BC ,latin,data/ap/2020_res_gp/est_res_gp.pdf,55,est_res_gp.pdf
Andhra Pradesh,2020,East Godavari,Rangampeta Subhadrampeta,Rangampeta Subhadrampeta,,sarpanch,Other than Woman,NONE,0,10,0,UR ,latin,data/ap/2020_res_gp/est_res_gp.pdf,55,est_res_gp.pdf
Andhra Pradesh,2020,East Godavari,Rangampeta t- Vadisalaru,Rangampeta t- Vadisalaru,,sarpanch,SC Woman,SC,1,74,0,sc(w),latin,data/ap/2020_res_gp/est_res_gp.pdf,55,est_res_gp.pdf
Andhra Pradesh,2020,East Godavari,Ravulapalem Devarapalli,Ravulapalem Devarapalli,,sarpanch,BC Other than Woman,BC,0,74,1,8C ,latin,data/ap/2020_res_gp/est_res_gp.pdf,56,est_res_gp.pdf
Andhra Pradesh,2020,East Godavari,Ravulapalem Ethakota,Ravulapalem Ethakota,,sarpanch,Woman,NONE,1,74,0,UR(W),latin,data/ap/2020_res_gp/est_res_gp.pdf,56,est_res_gp.pdf
Andhra Pradesh,2020,East Godavari,Ravulapalem Gopalapuram,Ravulapalem Gopalapuram,,sarpanch,SC Other than Woman,SC,0,74,0,SC ,latin,data/ap/2020_res_gp/est_res_gp.pdf,56,est_res_gp.pdf
Andhra Pradesh,2020,East Godavari,Ravulapalem Lakshmipolavaram,Ravulapalem Lakshmipolavaram,,sarpanch,Woman,NONE,1,72,0,UR(W),latin,data/ap/2020_res_gp/est_res_gp.pdf,56,est_res_gp.pdf
Andhra Pradesh,2020,East Godavari,Ravulapalem Mummidivarapadu,Ravulapalem Mummidivarapadu,,sarpanch,Other than Woman,NONE,0,10,0,UR ,latin,data/ap/2020_res_gp/est_res_gp.pdf,56,est_res_gp.pdf
Andhra Pradesh,2020,East Godavari,Ravulapalem Podagatlapalli,Ravulapalem Podagatlapalli,,sarpanch,Woman,NONE,1,14,0,UR(W),latin,data/ap/2020_res_gp/est_res_gp.pdf,56,est_res_gp.pdf
Andhra Pradesh,2020,East Godavari,Ravulapalem Ubalanka,Ravulapalem Ubalanka,,sarpanch,BC Woman,BC,1,14,0,Bc(w),latin,data/ap/2020_res_gp/est_res_gp.pdf,56,est_res_gp.pdf
Andhra Pradesh,2020,East Godavari,Ravulapalem Vedireswararam,Ravulapalem Vedireswararam,,sarpanch,BC Other than Woman,BC,0,74,0,BC ,latin,data/ap/2020_res_gp/est_res_gp.pdf,56,est_res_gp.pdf
Andhra Pradesh,2020,East Godavari,Rayavaram Chelluru,Rayavaram Chelluru,,sarpanch,BC Woman,BC,1,16,0,Bc(w),latin,data/ap/2020_res_gp/est_res_gp.pdf,57,est_res_gp.pdf
Andhra Pradesh,2020,East Godavari,Rayavaram Kurakallapalli,Rayavaram Kurakallapalli,,sarpanch,Woman,NONE,1,10,0,uR(w),latin,data/ap/2020_res_gp/est_res_gp.pdf,57,est_res_gp.pdf
Andhra Pradesh,2020,East Godavari,Rayavaram Machavaram,Rayavaram Machavaram,,sarpanch,SC Woman,SC,1,14,0,sc(w),latin,data/ap/2020_res_gp/est_res_gp.pdf,57,est_res_gp.pdf
Andhra Pradesh,2020,East Godavari,Rayavaram Nadurubada,Rayavaram Nadurubada,,sarpanch,Other than Woman,NONE,0,8,0,UR ,latin,data/ap/2020_res_gp/est_res_gp.pdf,57,est_res_gp.pdf
Andhra Pradesh,2020,East Godavari,Rayavaram Pasalapudi,Rayavaram Pasalapudi,,sarpanch,BC Woman,BC,1,74,1,8c(w),latin,data/ap/2020_res_gp/est_res_gp.pdf,57,est_res_gp.pdf
Andhra Pradesh,2020,East Godavari,Rayavaram Rayavaram,Rayavaram Rayavaram,,sarpanch,SC Other than Woman,SC,0,14,0,sc ,latin,data/ap/2020_res_gp/est_res_gp.pdf,57,est_res_gp.pdf
Andhra Pradesh,2020,East Godavari,Rayavaram Someswaram,Rayavaram Someswaram,,sarpanch,BC Other than Woman,BC,0,14,0,BC ,latin,data/ap/2020_res_gp/est_res_gp.pdf,57,est_res_gp.pdf
Andhra Pradesh,2020,East Godavari,Rayavaram Vedurupaka,Rayavaram Vedurupaka,,sarpanch,Other than Woman,NONE,0,14,0,UR ,latin,data/ap/2020_res_gp/est_res_gp.pdf,57,est_res_gp.pdf
Andhra Pradesh,2020,East Godavari,Rayavaram Venturu,Rayavaram Venturu,,sarpanch,BC Other than Woman,BC,0,74,0,BC ,latin,data/ap/2020_res_gp/est_res_gp.pdf,57,est_res_gp.pdf
Andhra Pradesh,2020,East Godavari,Razole B.Savaram,Razole B.Savaram,,sarpanch,Woman,NONE,1,10,0,UR(W),latin,data/ap/2020_res_gp/est_res_gp.pdf,58,est_res_gp.pdf
Andhra Pradesh,2020,East Godavari,Razole chennadam,Razole chennadam,,sarpanch,Other than Woman,NONE,0,8,0,UR ,latin,data/ap/2020_res_gp/est_res_gp.pdf,58,est_res_gp.pdf
Andhra Pradesh,2020,East Godavari,Razole Chintalapalli,Razole Chintalapalli,,sarpanch,SC Woman,SC,1,,0,sc(w),latin,data/ap/2020_res_gp/est_res_gp.pdf,58,est_res_gp.pdf
Andhra Pradesh,2020,East Godavari,Razole Kadali,Razole Kadali,,sarpanch,SC Other than Woman,SC,0,,0,sc ,latin,data/ap/2020_res_gp/est_res_gp.pdf,58,est_res_gp.pdf
Andhra Pradesh,2020,East Godavari,Razole Katrenipadu t2 !,Razole Katrenipadu t2 !,,sarpanch,Other than Woman,NONE,0,,0,UR ,latin,data/ap/2020_res_gp/est_res_gp.pdf,58,est_res_gp.pdf
Andhra Pradesh,2020,East Godavari,Razole (unavaram,Razole (unavaram,,sarpanch,Other than Woman,NONE,0,10,0,UR ,latin,data/ap/2020_res_gp/est_res_gp.pdf,58,est_res_gp.pdf
Andhra Pradesh,2020,East Godavari,Razole Merakapalem,Razole Merakapalem,,sarpanch,Other than Woman,NONE,0,10,0,UR ,latin,data/ap/2020_res_gp/est_res_gp.pdf,58,est_res_gp.pdf
Andhra Pradesh,2020,East Godavari,Razole Mulikipalli,Razole Mulikipalli,,sarpanch,Woman,NONE,1,10,0,UR(W),latin,data/ap/2020_res_gp/est_res_gp.pdf,58,est_res_gp.pdf
Andhra Pradesh,2020,East Godavari,Razole Palagummi,Razole Palagummi,,sarpanch,Woman,NONE,1,8,0,UR(W),latin,data/ap/2020_res_gp/est_res_gp.pdf,58,est_res_gp.pdf
Andhra Pradesh,2020,East Godavari,Razole Podalada,Razole Podalada,,sarpanch,BC Other than Woman,BC,0,10,0,BC ,latin,data/ap/2020_res_gp/est_res_gp.pdf,58,est_res_gp.pdf
Andhra Pradesh,2020,East Godavari,Ra2ole Ponnamanda,Ra2ole Ponnamanda,,sarpanch,SC Woman,SC,1,74,0,sc(w),latin,data/ap/2020_res_gp/est_res_gp.pdf,58,est_res_gp.pdf
Andhra Pradesh,2020,East Godavari,Razole Razole,Razole Razole,,sarpanch,SC Woman,SC,1,16,0,sc(w),latin,data/ap/2020_res_gp/est_res_gp.pdf,58,est_res_gp.pdf
Andhra Pradesh,2020,East Godavari,Razole Sivakoti,Razole Sivakoti,,sarpanch,SC Other than Woman,SC,0,14,0,sc ,latin,data/ap/2020_res_gp/est_res_gp.pdf,58,est_res_gp.pdf
Andhra Pradesh,2020,East Godavari,Razole Sompalli,Razole Sompalli,,sarpanch,BC Other than Woman,BC,0,72,0,BC ,latin,data/ap/2020_res_gp/est_res_gp.pdf,58,est_res_gp.pdf
Andhra Pradesh,2020,East Godavari,Razole Tatipaka,Razole Tatipaka,,sarpanch,BC Woman,BC,1,74,1,8c(w),latin,data/ap/2020_res_gp/est_res_gp.pdf,58,est_res_gp.pdf
Andhra Pradesh,2020,East Godavari,Razole Vegivaripalem,Razole Vegivaripalem,,sarpanch,Woman,NONE,1,10,0,UR(W),latin,data/ap/2020_res_gp/est_res_gp.pdf,58,est_res_gp.pdf
Andhra Pradesh,2020,East Godavari,Rowthulapudi A.Mallavaram Balarampuram,Rowthulapudi A.Mallavaram Balarampuram,,sarpanch,SC Other than Woman,SC,0,,0,sc ,latin,data/ap/2020_res_gp/est_res_gp.pdf,59,est_res_gp.pdf
Andhra Pradesh,2020,East Godavari,Rowthulapudi Bangarayyapeta,Rowthulapudi Bangarayyapeta,,sarpanch,Other than Woman,NONE,0,8,0,UR ,latin,data/ap/2020_res_gp/est_res_gp.pdf,59,est_res_gp.pdf
Andhra Pradesh,2020,East Godavari,Rowthulapudi Bapa Bhupalapatnam I ____l I,Rowthulapudi Bapa Bhupalapatnam I ____l I,,sarpanch,Other than Woman,NONE,0,8,0,UR ,latin,data/ap/2020_res_gp/est_res_gp.pdf,59,est_res_gp.pdf
Andhra Pradesh,2020,East Godavari,Rowthulapudi Dhara Jaggannadhapuram,Rowthulapudi Dhara Jaggannadhapuram,,sarpanch,Other than Woman,NONE,0,8,0,UR ,latin,data/ap/2020_res_gp/est_res_gp.pdf,59,est_res_gp.pdf
Andhra Pradesh,2020,East Godavari,Rowthulapudi Diguvasivada,Rowthulapudi Diguvasivada,,sarpanch,BC Other than Woman,BC,0,8,0,BC ,latin,data/ap/2020_res_gp/est_res_gp.pdf,59,est_res_gp.pdf
Andhra Pradesh,2020,East Godavari,Rowthulapudi Gangavaram,Rowthulapudi Gangavaram,,sarpanch,Woman,NONE,1,,0,uR(w),latin,data/ap/2020_res_gp/est_res_gp.pdf,59,est_res_gp.pdf
Andhra Pradesh,2020,East Godavari,Rowthulapudi Gid ija m,Rowthulapudi Gid ija m,,sarpanch,SC Woman,SC,1,10,0,sc(w),latin,data/ap/2020_res_gp/est_res_gp.pdf,59,est_res_gp.pdf
Andhra Pradesh,2020,East Godavari,Rowthulapudi Gummaregula,Rowthulapudi Gummaregula,,sarpanch,Other than Woman,NONE,0,8,0,UR ,latin,data/ap/2020_res_gp/est_res_gp.pdf,59,est_res_gp.pdf
Andhra Pradesh,2020,East Godavari,RoWthulapudi Koduru,RoWthulapudi Koduru,,sarpanch,Woman,NONE,1,6,0,UR(W),latin,data/ap/2020_res_gp/est_res_gp.pdf,59,est_res_gp.pdf
Andhra Pradesh,2020,East Godavari,Rowthulapudi Kothuru,Rowthulapudi Kothuru,,sarpanch,Woman,NONE,1,8,0,UR(W),latin,data/ap/2020_res_gp/est_res_gp.pdf,59,est_res_gp.pdf
Andhra Pradesh,2020,East Godavari,Rowthulapudi Rajavaram,Rowthulapudi Rajavaram,,sarpanch,Woman,NONE,1,,0,UR(W),latin,data/ap/2020_res_gp/est_res_gp.pdf,59,est_res_gp.pdf
Andhra Pradesh,2020,East Godavari,Rowthulapudi Rowthulapudi,Rowthulapudi Rowthulapudi,,sarpanch,SC Woman,SC,1,14,0,sc(w),latin,data/ap/2020_res_gp/est_res_gp.pdf,59,est_res_gp.pdf
Andhra Pradesh,2020,East Godavari,Rowthulapudi S.Agraharam,Rowthulapudi S.Agraharam,,sarpanch,BC Other than Woman,BC,0,10,0,BC ,latin,data/ap/2020_res_gp/est_res_gp.pdf,59,est_res_gp.pdf
Andhra Pradesh,2020,East Godavari,Rowthulapudi S.Pydipala,Rowthulapudi S.Pydipala,,sarpanch,BC Woman,BC,1,10,0,Bc(w),latin,data/ap/2020_res_gp/est_res_gp.pdf,59,est_res_gp.pdf
Andhra Pradesh,2020,East Godavari,Sakhinetipalli Appanaramunilanka,Sakhinetipalli Appanaramunilanka,,sarpanch,Other than Woman,NONE,0,72,0,UR ,latin,data/ap/2020_res_gp/est_res_gp.pdf,60,est_res_gp.pdf
Andhra Pradesh,2020,East Godavari,Sakhinetipalli A,VAPALEM,,sarpanch,SC Woman,SC,1,74,0,sc(w),latin,data/ap/2020_res_gp/est_res_gp.pdf,60,est_res_gp.pdf
Andhra Pradesh,2020,East Godavari,Sakhinetipalli,ANTERVEDHI,,sarpanch,Other than Woman,NONE,0,12,0,UR ,latin,data/ap/2020_res_gp/est_res_gp.pdf,60,est_res_gp.pdf
Andhra Pradesh,2020,East Godavari,Sakhinetipalli,ANTERVEDHI DEVASTHNAI,,sarpanch,Other than Woman,NONE,0,10,0,UR ,latin,data/ap/2020_res_gp/est_res_gp.pdf,60,est_res_gp.pdf
Andhra Pradesh,2020,East Godavari,Sakhinetipalli,GONDI,,sarpanch,SC Other than Woman,SC,0,14,0,sc ,latin,data/ap/2020_res_gp/est_res_gp.pdf,60,est_res_gp.pdf
Andhra Pradesh,2020,East Godavari,Sakhinetipalli,GUDIMULA,,sarpanch,Other than Woman,NONE,0,10,0,UR ,latin,data/ap/2020_res_gp/est_res_gp.pdf,60,est_res_gp.pdf
Andhra Pradesh,2020,East Godavari,Sakhinetipalli,KESAVADASUPALEM,,sarpanch,SC Woman,SC,1,14,0,sc(w),latin,data/ap/2020_res_gp/est_res_gp.pdf,60,est_res_gp.pdf
Andhra Pradesh,2020,East Godavari,Sakhinetipalli,MORI,,sarpanch,BC Woman,BC,1,12,0,Bc(w),latin,data/ap/2020_res_gp/est_res_gp.pdf,60,est_res_gp.pdf
Andhra Pradesh,2020,East Godavari,Sakhinetipalli,MORIPODU,,sarpanch,Woman,NONE,1,10,0,UR(W),latin,data/ap/2020_res_gp/est_res_gp.pdf,60,est_res_gp.pdf
Andhra Pradesh,2020,East Godavari,Sakhinetipalli,PALLIPALEM,,sarpanch,BC Other than Woman,BC,0,10,0,BC ,latin,data/ap/2020_res_gp/est_res_gp.pdf,60,est_res_gp.pdf
Andhra Pradesh,2020,East Godavari,Sakhinetipalli,RAMESHWARAM,,sarpanch,BC Other than Woman,BC,0,14,0,BC ,latin,data/ap/2020_res_gp/est_res_gp.pdf,60,est_res_gp.pdf
Andhra Pradesh,2020,East Godavari,Sakhinetipalli,SAKHINETIPALLI,,sarpanch,SC Other than Woman,SC,0,14,0,sc ,latin,data/ap/2020_res_gp/est_res_gp.pdf,60,est_res_gp.pdf
Andhra Pradesh,2020,East Godavari,Sakhinetipalli,SAKHINETIPALLI LANKA,,sarpanch,Woman,NONE,1,72,0,UR(W),latin,data/ap/2020_res_gp/est_res_gp.pdf,60,est_res_gp.pdf
Andhra Pradesh,2020,East Godavari,Sakhinetipalli,SRUNGAVARAPPADU,,sarpanch,Woman,NONE,1,10,0,UR(W),latin,data/ap/2020_res_gp/est_res_gp.pdf,60,est_res_gp.pdf
Andhra Pradesh,2020,East Godavari,Sakhinetipalli,TEKISETIPALEM,,sarpanch,Woman,NONE,1,8,0,UR(W),latin,data/ap/2020_res_gp/est_res_gp.pdf,60,est_res_gp.pdf
Andhra Pradesh,2020,East Godavari,Sakhinetipalli V V,MERAKA,,sarpanch,SC Woman,SC,1,14,0,sc(w),latin,data/ap/2020_res_gp/est_res_gp.pdf,60,est_res_gp.pdf
Andhra Pradesh,2020,East Godavari,Samalkota Atchampeta,Samalkota Atchampeta,,sarpanch,Woman,NONE,1,,0,UR (W),latin,data/ap/2020_res_gp/est_res_gp.pdf,61,est_res_gp.pdf
Andhra Pradesh,2020,East Godavari,Samalkota Boyanapudi,Samalkota Boyanapudi,,sarpanch,BC Woman,BC,1,8,0,Bc(w),latin,data/ap/2020_res_gp/est_res_gp.pdf,61,est_res_gp.pdf
Andhra Pradesh,2020,East Godavari,Samalkota Chandrampalem,Samalkota Chandrampalem,,sarpanch,BC Woman,BC,1,,0,Bc (w),latin,data/ap/2020_res_gp/est_res_gp.pdf,61,est_res_gp.pdf
Andhra Pradesh,2020,East Godavari,Samalkota G. Medapadu,Samalkota G. Medapadu,,sarpanch,BC Woman,BC,1,,0,BC(w),latin,data/ap/2020_res_gp/est_res_gp.pdf,61,est_res_gp.pdf
Andhra Pradesh,2020,East Godavari,Samalkota Gonchala,Samalkota Gonchala,,sarpanch,Other than Woman,NONE,0,10,0,UR ,latin,data/ap/2020_res_gp/est_res_gp.pdf,61,est_res_gp.pdf
Andhra Pradesh,2020,East Godavari,Samalkota Hussianpuram,Samalkota Hussianpuram,,sarpanch,Woman,NONE,1,10,0,uR(w),latin,data/ap/2020_res_gp/est_res_gp.pdf,61,est_res_gp.pdf
Andhra Pradesh,2020,East Godavari,Samalkota Pandravada,Samalkota Pandravada,,sarpanch,Woman,NONE,1,,0,UR (W),latin,data/ap/2020_res_gp/est_res_gp.pdf,61,est_res_gp.pdf
Andhra Pradesh,2020,East Godavari,Samalkota Pavara,Samalkota Pavara,,sarpanch,Woman,NONE,1,10,0,UR(W),latin,data/ap/2020_res_gp/est_res_gp.pdf,61,est_res_gp.pdf
Andhra Pradesh,2020,East Godavari,Samalkota Vetlapalem,Samalkota Vetlapalem,,sarpanch,SC Woman,SC,1,18,0,sc(w),latin,data/ap/2020_res_gp/est_res_gp.pdf,61,est_res_gp.pdf
Andhra Pradesh,2020,East Godavari,Sankhavaram A.Annavaram,Sankhavaram A.Annavaram,,sarpanch,SC Other than Woman,SC,0,15,0,sc ,latin,data/ap/2020_res_gp/est_res_gp.pdf,62,est_res_gp.pdf
Andhra Pradesh,2020,East Godavari,Sankhavaram Achampeta,Sankhavaram Achampeta,,sarpanch,Woman,NONE,1,8,0,UR(W),latin,data/ap/2020_res_gp/est_res_gp.pdf,62,est_res_gp.pdf
Andhra Pradesh,2020,East Godavari,Sankhavaram G.Kothapalli,Sankhavaram G.Kothapalli,,sarpanch,BC Woman,BC,1,,0,Bc(w),latin,data/ap/2020_res_gp/est_res_gp.pdf,62,est_res_gp.pdf
Andhra Pradesh,2020,East Godavari,Sankhavaram ! Gowrampeta,Sankhavaram ! Gowrampeta,,sarpanch,Other than Woman,NONE,0,10,0,UR ,latin,data/ap/2020_res_gp/est_res_gp.pdf,62,est_res_gp.pdf
Andhra Pradesh,2020,East Godavari,Sankhavaram Kathipudi,Sankhavaram Kathipudi,,sarpanch,BC Other than Woman,BC,0,16,0,BC ,latin,data/ap/2020_res_gp/est_res_gp.pdf,62,est_res_gp.pdf
Andhra Pradesh,2020,East Godavari,Sankhavaram Konthangi,Sankhavaram Konthangi,,sarpanch,BC Woman,BC,1,,0,Bc(w),latin,data/ap/2020_res_gp/est_res_gp.pdf,62,est_res_gp.pdf
Andhra Pradesh,2020,East Godavari,Sankhavaram Mandapam,Sankhavaram Mandapam,,sarpanch,Other than Woman,NONE,0,72,0,UR ,latin,data/ap/2020_res_gp/est_res_gp.pdf,62,est_res_gp.pdf
Andhra Pradesh,2020,East Godavari,Sankhavaram Nellipudi,Sankhavaram Nellipudi,,sarpanch,BC Woman,BC,1,,0,Bc(w),latin,data/ap/2020_res_gp/est_res_gp.pdf,62,est_res_gp.pdf
Andhra Pradesh,2020,East Godavari,Sankhavaram SJaggampeta,Sankhavaram SJaggampeta,,sarpanch,Other than Woman,NONE,0,8,0,UR ,latin,data/ap/2020_res_gp/est_res_gp.pdf,62,est_res_gp.pdf
Andhra Pradesh,2020,East Godavari,sankhavaram Sankhavaram,sankhavaram Sankhavaram,,sarpanch,SC Woman,SC,1,16,0,sc(w),latin,data/ap/2020_res_gp/est_res_gp.pdf,62,est_res_gp.pdf
Andhra Pradesh,2020,East Godavari,sankhavaram Sethayamma peta,sankhavaram Sethayamma peta,,sarpanch,Woman,NONE,1,8,0,uR(w),latin,data/ap/2020_res_gp/est_res_gp.pdf,62,est_res_gp.pdf
Andhra Pradesh,2020,East Godavari,"Sankhavaram t__,1 Vazrakutam","Sankhavaram t__,1 Vazrakutam",,sarpanch,Other than Woman,NONE,0,8,0,UR ,latin,data/ap/2020_res_gp/est_res_gp.pdf,62,est_res_gp.pdf
Andhra Pradesh,2020,East Godavari,Sankhavaram Velangi,Sankhavaram Velangi,,sarpanch,Woman,NONE,1,10,0,uR(w),latin,data/ap/2020_res_gp/est_res_gp.pdf,62,est_res_gp.pdf
Andhra Pradesh,2020,East Godavari,Seethanagaram Bobbililanka,Seethanagaram Bobbililanka,,sarpanch,SC Other than Woman,SC,0,74,1,5C ,latin,data/ap/2020_res_gp/est_res_gp.pdf,63,est_res_gp.pdf
Andhra Pradesh,2020,East Godavari,Seethanagaram Chepurapalli,Seethanagaram Chepurapalli,,sarpanch,Woman,NONE,1,8,0,UR(W),latin,data/ap/2020_res_gp/est_res_gp.pdf,63,est_res_gp.pdf
Andhra Pradesh,2020,East Godavari,Seethanagaram Chinakondepudi,Seethanagaram Chinakondepudi,,sarpanch,SC Other than Woman,SC,0,14,0,sc ,latin,data/ap/2020_res_gp/est_res_gp.pdf,63,est_res_gp.pdf
Andhra Pradesh,2020,East Godavari,Seethanagaram Hundeswarapuram,Seethanagaram Hundeswarapuram,,sarpanch,BC Other than Woman,BC,0,72,0,BC ,latin,data/ap/2020_res_gp/est_res_gp.pdf,63,est_res_gp.pdf
Andhra Pradesh,2020,East Godavari,Seethanagaram Ja limudi,Seethanagaram Ja limudi,,sarpanch,Woman,NONE,1,8,0,UR(W),latin,data/ap/2020_res_gp/est_res_gp.pdf,63,est_res_gp.pdf
Andhra Pradesh,2020,East Godavari,Seetha nagaram Katavarm,Seetha nagaram Katavarm,,sarpanch,BC Woman,BC,1,72,0,Bc(w),latin,data/ap/2020_res_gp/est_res_gp.pdf,63,est_res_gp.pdf
Andhra Pradesh,2020,East Godavari,Seethanagaram Kunavaram,Seethanagaram Kunavaram,,sarpanch,Woman,NONE,1,10,0,UR(W),latin,data/ap/2020_res_gp/est_res_gp.pdf,63,est_res_gp.pdf
Andhra Pradesh,2020,East Godavari,Seethanagaram Mirthipadu,Seethanagaram Mirthipadu,,sarpanch,BC Woman,BC,1,12,0,Bc(w),latin,data/ap/2020_res_gp/est_res_gp.pdf,63,est_res_gp.pdf
Andhra Pradesh,2020,East Godavari,Seethanagaram lMuggalla,Seethanagaram lMuggalla,,sarpanch,Woman,NONE,1,72,0,uR(w),latin,data/ap/2020_res_gp/est_res_gp.pdf,63,est_res_gp.pdf
Andhra Pradesh,2020,East Godavari,Seethanagaram Mulakallanka 8,Seethanagaram Mulakallanka 8,,sarpanch,Woman,NONE,1,,0,UR(W),latin,data/ap/2020_res_gp/est_res_gp.pdf,63,est_res_gp.pdf
Andhra Pradesh,2020,East Godavari,seethanagaram Munikudali,seethanagaram Munikudali,,sarpanch,Woman,NONE,1,10,0,uR(w),latin,data/ap/2020_res_gp/est_res_gp.pdf,63,est_res_gp.pdf
Andhra Pradesh,2020,East Godavari,Seethanagaram Nagamaplli,Seethanagaram Nagamaplli,,sarpanch,BC Woman,BC,1,,0,Bc(w),latin,data/ap/2020_res_gp/est_res_gp.pdf,63,est_res_gp.pdf
Andhra Pradesh,2020,East Godavari,Seethanagaram Singavaram,Seethanagaram Singavaram,,sarpanch,BC Other than Woman,BC,0,12,0,BC ,latin,data/ap/2020_res_gp/est_res_gp.pdf,63,est_res_gp.pdf
Andhra Pradesh,2020,East Godavari,Seethanagaram Vangalapudi,Seethanagaram Vangalapudi,,sarpanch,BC Woman,BC,1,12,0,Bc(w),latin,data/ap/2020_res_gp/est_res_gp.pdf,63,est_res_gp.pdf
Andhra Pradesh,2020,East Godavari,Seethanagaram Vedullapalli,Seethanagaram Vedullapalli,,sarpanch,Other than Woman,NONE,0,10,0,UR ,latin,data/ap/2020_res_gp/est_res_gp.pdf,63,est_res_gp.pdf
Andhra Pradesh,2020,East Godavari,Thallarevu,CHOLLANGI,,sarpanch,Woman,NONE,1,12,1,UR{W),latin,data/ap/2020_res_gp/est_res_gp.pdf,64,est_res_gp.pdf
Andhra Pradesh,2020,East Godavari,Thallarevu,CHOLLANGIPETA,,sarpanch,Woman,NONE,1,10,0,UR(W),latin,data/ap/2020_res_gp/est_res_gp.pdf,64,est_res_gp.pdf
Andhra Pradesh,2020,East Godavari,Thallarevu,CORANGI,,sarpanch,SC Woman,SC,1,16,0,sc(w),latin,data/ap/2020_res_gp/est_res_gp.pdf,64,est_res_gp.pdf
Andhra Pradesh,2020,East Godavari,Thallarevu,"G,VEMAVARAM",,sarpanch,Other than Woman,NONE,0,14,0,UR ,latin,data/ap/2020_res_gp/est_res_gp.pdf,64,est_res_gp.pdf
Andhra Pradesh,2020,East Godavari,Thallarevu,GADIMOGA,,sarpanch,BC Woman,BC,1,76,0,Bc(w),latin,data/ap/2020_res_gp/est_res_gp.pdf,64,est_res_gp.pdf
Andhra Pradesh,2020,East Godavari,Thallarevu,GEORGEPETA,,sarpanch,Woman,NONE,1,74,0,UR(W),latin,data/ap/2020_res_gp/est_res_gp.pdf,64,est_res_gp.pdf
Andhra Pradesh,2020,East Godavari,Thallarevu,GOVALANKA INJARAM,,sarpanch,Other than Woman,NONE,0,,0,UR ,latin,data/ap/2020_res_gp/est_res_gp.pdf,64,est_res_gp.pdf
Andhra Pradesh,2020,East Godavari,Thallarevu,LACHIPALEM,,sarpanch,Woman,NONE,1,8,0,UR(W),latin,data/ap/2020_res_gp/est_res_gp.pdf,64,est_res_gp.pdf
Andhra Pradesh,2020,East Godavari,Thallarevu,NEELAPALLI,,sarpanch,BC Woman,BC,1,12,1,Bc{w),latin,data/ap/2020_res_gp/est_res_gp.pdf,64,est_res_gp.pdf
Andhra Pradesh,2020,East Godavari,Thallarevu,P.MALLAVARAM 74,,sarpanch,Woman,NONE,1,,0,UR(W),latin,data/ap/2020_res_gp/est_res_gp.pdf,64,est_res_gp.pdf
Andhra Pradesh,2020,East Godavari,Thallarevu,Thallarevu,,sarpanch,BC Other than Woman,BC,0,74,0,BC ,latin,data/ap/2020_res_gp/est_res_gp.pdf,64,est_res_gp.pdf
Andhra Pradesh,2020,East Godavari,Thallarevu,PILLANKA POLEKURU,,sarpanch,Woman,NONE,1,,0,UR(W),latin,data/ap/2020_res_gp/est_res_gp.pdf,64,est_res_gp.pdf
Andhra Pradesh,2020,East Godavari,Thallarevu,SUNKARAPALEM TALLAREVU,,sarpanch,Other than Woman,NONE,0,,0,UR ,latin,data/ap/2020_res_gp/est_res_gp.pdf,64,est_res_gp.pdf
Andhra Pradesh,2020,East Godavari,Thallarevu,UPPONGALA,,sarpanch,Other than Woman,NONE,0,10,0,UR ,latin,data/ap/2020_res_gp/est_res_gp.pdf,64,est_res_gp.pdf
Andhra Pradesh,2020,East Godavari,Thondangi,A.KOTHAPALLI,,sarpanch,BC Woman,BC,1,74,0,Bc(w),latin,data/ap/2020_res_gp/est_res_gp.pdf,65,est_res_gp.pdf
Andhra Pradesh,2020,East Godavari,Thondangi,ADDARIETA BENDAPUDI,,sarpanch,Other than Woman,NONE,0,,0,UR ,latin,data/ap/2020_res_gp/est_res_gp.pdf,65,est_res_gp.pdf
Andhra Pradesh,2020,East Godavari,ThondanBi,GOLLA MUSALLAYYAPETA,,sarpanch,Other than Woman,NONE,0,10,0,UR ,latin,data/ap/2020_res_gp/est_res_gp.pdf,65,est_res_gp.pdf
Andhra Pradesh,2020,East Godavari,Thonda ngi,GOPALAPATNAM,,sarpanch,Other than Woman,NONE,0,10,0,UR ,latin,data/ap/2020_res_gp/est_res_gp.pdf,65,est_res_gp.pdf
Andhra Pradesh,2020,East Godavari,Thondangi,KODADA,,sarpanch,SC Woman,SC,1,,0,sc(w),latin,data/ap/2020_res_gp/est_res_gp.pdf,65,est_res_gp.pdf
Andhra Pradesh,2020,East Godavari,Thondangi,KOMMANAPALLI --T-t,,sarpanch,Woman,NONE,1,10,0,UR(W),latin,data/ap/2020_res_gp/est_res_gp.pdf,65,est_res_gp.pdf
Andhra Pradesh,2020,East Godavari,Thondangi,KOTHAPERUMALLAPURA,,sarpanch,BC Woman,BC,1,16,0,BC(W),latin,data/ap/2020_res_gp/est_res_gp.pdf,65,est_res_gp.pdf
Andhra Pradesh,2020,East Godavari,Thondangi,KRISHNAPURAM,,sarpanch,Other than Woman,NONE,0,10,0,UR ,latin,data/ap/2020_res_gp/est_res_gp.pdf,65,est_res_gp.pdf
Andhra Pradesh,2020,East Godavari,Thondangi,ONTIMAMIDI,,sarpanch,SC Other than Woman,SC,0,,0,sc ,latin,data/ap/2020_res_gp/est_res_gp.pdf,65,est_res_gp.pdf
Andhra Pradesh,2020,East Godavari,Thondangi,P.AGRAHARAM,,sarpanch,Woman,NONE,1,10,0,uR(w),latin,data/ap/2020_res_gp/est_res_gp.pdf,65,est_res_gp.pdf
Andhra Pradesh,2020,East Godavari,Thondangi,P.E.CHINNAYAPALEM,,sarpanch,Other than Woman,NONE,0,12,0,UR ,latin,data/ap/2020_res_gp/est_res_gp.pdf,65,est_res_gp.pdf
Andhra Pradesh,2020,East Godavari,Thonda ngi,PYDIKONDA,,sarpanch,Woman,NONE,1,12,0,UR(W),latin,data/ap/2020_res_gp/est_res_gp.pdf,65,est_res_gp.pdf
Andhra Pradesh,2020,East Godavari,Thondangi,RAVIKAMPADU,,sarpanch,Woman,NONE,1,,0,UR(W),latin,data/ap/2020_res_gp/est_res_gp.pdf,65,est_res_gp.pdf
Andhra Pradesh,2020,East Godavari,Thondangi,SEETHARAMPURAM,,sarpanch,Woman,NONE,1,10,0,UR(W),latin,data/ap/2020_res_gp/est_res_gp.pdf,65,est_res_gp.pdf
Andhra Pradesh,2020,East Godavari,Thondangi,SRUNGAVRUKSHAM,,sarpanch,BC Other than Woman,BC,0,14,0,BC ,latin,data/ap/2020_res_gp/est_res_gp.pdf,65,est_res_gp.pdf
Andhra Pradesh,2020,East Godavari,Thondangi,THONDANGI,,sarpanch,SC Other than Woman,SC,0,,0,sc ,latin,data/ap/2020_res_gp/est_res_gp.pdf,65,est_res_gp.pdf
Andhra Pradesh,2020,East Godavari,Thondangi,VEMAVARAM,,sarpanch,BC Other than Woman,BC,0,10,0,BC ,latin,data/ap/2020_res_gp/est_res_gp.pdf,65,est_res_gp.pdf
Andhra Pradesh,2020,East Godavari,Thondangi,YELLAYYAPETA,,sarpanch,Other than Woman,NONE,0,10,0,UR ,latin,data/ap/2020_res_gp/est_res_gp.pdf,65,est_res_gp.pdf
Andhra Pradesh,2020,East Godavari,Thondangi,YERRAYYAPETA,,sarpanch,BC Woman,BC,1,72,0,Bc(w),latin,data/ap/2020_res_gp/est_res_gp.pdf,65,est_res_gp.pdf
Andhra Pradesh,2020,East Godavari,Tuni,AGRAHARAM,,sarpanch,Woman,NONE,1,,0,uR(w),latin,data/ap/2020_res_gp/est_res_gp.pdf,66,est_res_gp.pdf
Andhra Pradesh,2020,East Godavari,Tu ni,ATIKIVANIPALEM,,sarpanch,Woman,NONE,1,8,0,UR(W),latin,data/ap/2020_res_gp/est_res_gp.pdf,66,est_res_gp.pdf
Andhra Pradesh,2020,East Godavari,Tuni,CHAMAVARAM tt,,sarpanch,Other than Woman,NONE,0,10,0,UR ,latin,data/ap/2020_res_gp/est_res_gp.pdf,66,est_res_gp.pdf
Andhra Pradesh,2020,East Godavari,Tuni,CHEPURU,,sarpanch,Other than Woman,NONE,0,10,0,UR ,latin,data/ap/2020_res_gp/est_res_gp.pdf,66,est_res_gp.pdf
Andhra Pradesh,2020,East Godavari,Tu ni D,POLAVARAM,,sarpanch,BC Woman,BC,1,14,0,Bc(w),latin,data/ap/2020_res_gp/est_res_gp.pdf,66,est_res_gp.pdf
Andhra Pradesh,2020,East Godavari,Tuni,DONDAVAKA,,sarpanch,Woman,NONE,1,10,0,uR(w),latin,data/ap/2020_res_gp/est_res_gp.pdf,66,est_res_gp.pdf
Andhra Pradesh,2020,East Godavari,Tuni,H.KOTHURU,,sarpanch,BC Other than Woman,BC,0,10,0,BC ,latin,data/ap/2020_res_gp/est_res_gp.pdf,66,est_res_gp.pdf
Andhra Pradesh,2020,East Godavari,Tuni,HAMSAVARAM,,sarpanch,SC Woman,SC,1,72,0,SC(W),latin,data/ap/2020_res_gp/est_res_gp.pdf,66,est_res_gp.pdf
Andhra Pradesh,2020,East Godavari,Tuni to72 Tuni K O,MALLAVARAM KOLIMERU,,sarpanch,BC Woman,BC,1,,1,8c(w),latin,data/ap/2020_res_gp/est_res_gp.pdf,66,est_res_gp.pdf
Andhra Pradesh,2020,East Godavari,Tuni,KUMMARILOVA L KOTHURU,,sarpanch,Woman,NONE,1,,0,UR(W),latin,data/ap/2020_res_gp/est_res_gp.pdf,66,est_res_gp.pdf
Andhra Pradesh,2020,East Godavari,Tuni N S V,NAGARAM,,sarpanch,SC Woman,SC,1,,0,sc(w),latin,data/ap/2020_res_gp/est_res_gp.pdf,66,est_res_gp.pdf
Andhra Pradesh,2020,East Godavari,"Tu ni N,",SURAVARAM,,sarpanch,Other than Woman,NONE,0,10,0,UR ,latin,data/ap/2020_res_gp/est_res_gp.pdf,66,est_res_gp.pdf
Andhra Pradesh,2020,East Godavari,Tuni,RAPAKA REKHAVANIPALEM,,sarpanch,Woman,NONE,1,,0,uR(w),latin,data/ap/2020_res_gp/est_res_gp.pdf,66,est_res_gp.pdf
Andhra Pradesh,2020,East Godavari,Tuni S,ANNAVARAM,,sarpanch,SC Other than Woman,SC,0,16,0,SC ,latin,data/ap/2020_res_gp/est_res_gp.pdf,66,est_res_gp.pdf
Andhra Pradesh,2020,East Godavari,Tuni T,THIMMAPURAM,,sarpanch,BC Woman,BC,1,72,0,Bc(w),latin,data/ap/2020_res_gp/est_res_gp.pdf,66,est_res_gp.pdf
Andhra Pradesh,2020,East Godavari,Tuni,TETAG U NTA,,sarpanch,BC Other than Woman,BC,0,14,0,BC ,latin,data/ap/2020_res_gp/est_res_gp.pdf,66,est_res_gp.pdf
Andhra Pradesh,2020,East Godavari,Tuni V,KOTHURU,,sarpanch,BC Woman,BC,1,74,0,Bc(w),latin,data/ap/2020_res_gp/est_res_gp.pdf,66,est_res_gp.pdf
Andhra Pradesh,2020,East Godavari,Tuni,VALLURU,,sarpanch,Woman,NONE,1,10,0,UR(W),latin,data/ap/2020_res_gp/est_res_gp.pdf,66,est_res_gp.pdf
Andhra Pradesh,2020,East Godavari,Uppalaguptham Bhimanapalli,Uppalaguptham Bhimanapalli,,sarpanch,SC Other than Woman,SC,0,,0,sc ,latin,data/ap/2020_res_gp/est_res_gp.pdf,67,est_res_gp.pdf
Andhra Pradesh,2020,East Godavari,LJppalaguptham Challapalli,LJppalaguptham Challapalli,,sarpanch,SC Woman,SC,1,14,0,sc(w),latin,data/ap/2020_res_gp/est_res_gp.pdf,67,est_res_gp.pdf
Andhra Pradesh,2020,East Godavari,Uppalaguptham Chinagadavilli,Uppalaguptham Chinagadavilli,,sarpanch,Other than Woman,NONE,0,10,0,UR ,latin,data/ap/2020_res_gp/est_res_gp.pdf,67,est_res_gp.pdf
Andhra Pradesh,2020,East Godavari,Uppalaguptham Gollavilli,Uppalaguptham Gollavilli,,sarpanch,SC Woman,SC,1,,0,sc(w),latin,data/ap/2020_res_gp/est_res_gp.pdf,67,est_res_gp.pdf
Andhra Pradesh,2020,East Godavari,Uppalaguptham Gopavaram,Uppalaguptham Gopavaram,,sarpanch,SC Other than Woman,SC,0,,0,sc ,latin,data/ap/2020_res_gp/est_res_gp.pdf,67,est_res_gp.pdf
Andhra Pradesh,2020,East Godavari,Uppalaguptham Kithanachervu,Uppalaguptham Kithanachervu,,sarpanch,Woman,NONE,1,8,0,UR(W),latin,data/ap/2020_res_gp/est_res_gp.pdf,67,est_res_gp.pdf
Andhra Pradesh,2020,East Godavari,Uppalaguptham Kunavaram,Uppalaguptham Kunavaram,,sarpanch,SC Woman,SC,1,10,0,sc(w),latin,data/ap/2020_res_gp/est_res_gp.pdf,67,est_res_gp.pdf
Andhra Pradesh,2020,East Godavari,Uppalaguptham Munipalli N.Kothapalli,Uppalaguptham Munipalli N.Kothapalli,,sarpanch,Other than Woman,NONE,0,,0,UR ,latin,data/ap/2020_res_gp/est_res_gp.pdf,67,est_res_gp.pdf
Andhra Pradesh,2020,East Godavari,Uppalaguptham S.Yanam,Uppalaguptham S.Yanam,,sarpanch,BC Woman,BC,1,72,0,Bc(w),latin,data/ap/2020_res_gp/est_res_gp.pdf,67,est_res_gp.pdf
Andhra Pradesh,2020,East Godavari,V.R.Puram CH,INNAMATAPALLI,,sarpanch,ST Other than Woman,ST,0,10,0,ST ,latin,data/ap/2020_res_gp/est_res_gp.pdf,68,est_res_gp.pdf
Andhra Pradesh,2020,East Godavari,V.R.Puram J,EEEDIGUPA,,sarpanch,ST Other than Woman,ST,0,10,0,ST ,latin,data/ap/2020_res_gp/est_res_gp.pdf,68,est_res_gp.pdf
Andhra Pradesh,2020,East Godavari,V.R.Puram KU N,DULU RU sr(w) 10,,sarpanch,ST Other than Woman,ST,0,,0,ST ,latin,data/ap/2020_res_gp/est_res_gp.pdf,68,est_res_gp.pdf
Andhra Pradesh,2020,East Godavari,V.R.Puram,MULKANAPALI,,sarpanch,ST Other than Woman,ST,0,8,0,ST ,latin,data/ap/2020_res_gp/est_res_gp.pdf,68,est_res_gp.pdf
Andhra Pradesh,2020,East Godavari,V.R.Puram,PEDAMATTAPALLI RAI U PETA sr(w) sr(w) 10 10,,sarpanch,Other than Woman,NONE,0,,0,UR ,latin,data/ap/2020_res_gp/est_res_gp.pdf,68,est_res_gp.pdf
Andhra Pradesh,2020,East Godavari,V.R.Puram sr(w) 10 sr(w),V.R.Puram sr(w) 10 sr(w),,sarpanch,ST Other than Woman,ST,0,51,0,ST ,latin,data/ap/2020_res_gp/est_res_gp.pdf,68,est_res_gp.pdf
Andhra Pradesh,2020,East Godavari,V.R.Puram,RE(HAPALLI sr(w) t2,,sarpanch,ST Other than Woman,ST,0,,0,ST ,latin,data/ap/2020_res_gp/est_res_gp.pdf,68,est_res_gp.pdf
Andhra Pradesh,2020,East Godavari,V.R.Puram,WEDDI6UDEM sr(w) 74,,sarpanch,ST Other than Woman,ST,0,,0,ST ,latin,data/ap/2020_res_gp/est_res_gp.pdf,68,est_res_gp.pdf
Andhra Pradesh,2020,East Godavari,Y.Ramavaram,BOODAGANDI sr(w) 14 sr(w),,sarpanch,Other than Woman,NONE,0,,0,UR ,latin,data/ap/2020_res_gp/est_res_gp.pdf,69,est_res_gp.pdf
Andhra Pradesh,2020,East Godavari,Y.Ramavaram,CHAMAGADDA SI 10 sr(w) sr(w) sr(w),,sarpanch,ST Other than Woman,ST,0,,0,ST ,latin,data/ap/2020_res_gp/est_res_gp.pdf,69,est_res_gp.pdf
Andhra Pradesh,2020,East Godavari,Y.Ramavaram,CHAVITIDIBEALU sr(w) 8,,sarpanch,ST Other than Woman,ST,0,,0,ST ,latin,data/ap/2020_res_gp/est_res_gp.pdf,69,est_res_gp.pdf
Andhra Pradesh,2020,East Godavari,Y.Ramavaram,CHINTHALAPUDI sr(w) 10 sr(w) SI,,sarpanch,ST Other than Woman,ST,0,,0,ST ,latin,data/ap/2020_res_gp/est_res_gp.pdf,69,est_res_gp.pdf
Andhra Pradesh,2020,East Godavari,Y.Ramavaram,DALIPADU sr(w) sr(w),,sarpanch,ST Other than Woman,ST,0,,0,ST ,latin,data/ap/2020_res_gp/est_res_gp.pdf,69,est_res_gp.pdf
Andhra Pradesh,2020,East Godavari,Y.Ramavaram,DARAGADDA,,sarpanch,ST Woman,ST,1,10,0,ST(W),latin,data/ap/2020_res_gp/est_res_gp.pdf,69,est_res_gp.pdf
Andhra Pradesh,2020,East Godavari,Y.Ramavaram,DEVARAMADUGULA,,sarpanch,ST Other than Woman,ST,0,8,0,ST ,latin,data/ap/2020_res_gp/est_res_gp.pdf,69,est_res_gp.pdf
Andhra Pradesh,2020,East Godavari,Y.Ramavaram,GURTHEDU,,sarpanch,ST Other than Woman,ST,0,8,1,5T ,latin,data/ap/2020_res_gp/est_res_gp.pdf,69,est_res_gp.pdf
Andhra Pradesh,2020,East Godavari,"Y,Ramavaram",K.YERRAGONDA,,sarpanch,ST Other than Woman,ST,0,8,1,5T ,latin,data/ap/2020_res_gp/est_res_gp.pdf,69,est_res_gp.pdf
Andhra Pradesh,2020,East Godavari,Y.Ramavaram,KANIVADA sr(w) 10,,sarpanch,ST Other than Woman,ST,0,,0,ST ,latin,data/ap/2020_res_gp/est_res_gp.pdf,69,est_res_gp.pdf
Andhra Pradesh,2020,East Godavari,Y.Ramavaram,KOTA,,sarpanch,ST Other than Woman,ST,0,8,0,ST ,latin,data/ap/2020_res_gp/est_res_gp.pdf,69,est_res_gp.pdf
Andhra Pradesh,2020,East Godavari,Y.Ramavaram,P.YERRAGONDA sr(w) 10 sr(w),,sarpanch,ST Other than Woman,ST,0,,0,ST ,latin,data/ap/2020_res_gp/est_res_gp.pdf,69,est_res_gp.pdf
Andhra Pradesh,2020,East Godavari,Y.Ramavaram,PANASALAPALEM,,sarpanch,ST Other than Woman,ST,0,8,0,ST ,latin,data/ap/2020_res_gp/est_res_gp.pdf,69,est_res_gp.pdf
Andhra Pradesh,2020,East Godavari,Y.Ramavaram,PATHAKOTA sr(w) 10 sr{w),,sarpanch,ST Other than Woman,ST,0,,1,5T ,latin,data/ap/2020_res_gp/est_res_gp.pdf,69,est_res_gp.pdf
Andhra Pradesh,2020,East Godavari,Y.Ramavaram,Y.Ramavaram,,sarpanch,ST Other than Woman,ST,0,8,0,ST ,latin,data/ap/2020_res_gp/est_res_gp.pdf,69,est_res_gp.pdf
Andhra Pradesh,2020,East Godavari,Y.Ramavaram,YARLAGADDA sr(w) 8 sr(w) sr(w),,sarpanch,ST Other than Woman,ST,0,,1,5T ,latin,data/ap/2020_res_gp/est_res_gp.pdf,69,est_res_gp.pdf
Andhra Pradesh,2020,East Godavari,Y.Ramavaram,YERRAMREDDYPATEM,,sarpanch,ST Other than Woman,ST,0,8,0,ST ,latin,data/ap/2020_res_gp/est_res_gp.pdf,69,est_res_gp.pdf
Andhra Pradesh,2020,East Godavari,Name of the Name of the No. of Word ReseNed lor (Sarpanch) No Ma nda I Grampanchayat Wards Reserved for 1 2 3 4 5 6 7 8 9 10 11 t2 13 14 15 16 t7 18 19 20 to71 Yeleswaram Bhadravaram,Name of the Name of the No. of Word ReseNed lor (Sarpanch) No Ma nda I Grampanchayat Wards Reserved for 1 2 3 4 5 6 7 8 9 10 11 t2 13 14 15 16 t7 18 19 20 to71 Yeleswaram Bhadravaram,,sarpanch,Other than Woman,NONE,0,10,0,UR ,latin,data/ap/2020_res_gp/est_res_gp.pdf,70,est_res_gp.pdf
Andhra Pradesh,2020,East Godavari,Yeleswaram C.Rayavaram,Yeleswaram C.Rayavaram,,sarpanch,Other than Woman,NONE,0,8,0,UR ,latin,data/ap/2020_res_gp/est_res_gp.pdf,70,est_res_gp.pdf
Andhra Pradesh,2020,East Godavari,"Yeleswaram .,.Annavaram","Yeleswaram .,.Annavaram",,sarpanch,BC Woman,BC,1,,0,BC(W),latin,data/ap/2020_res_gp/est_res_gp.pdf,70,est_res_gp.pdf
Andhra Pradesh,2020,East Godavari,Yeleswaram Lingamparthi,Yeleswaram Lingamparthi,,sarpanch,SC Woman,SC,1,16,1,sc{w),latin,data/ap/2020_res_gp/est_res_gp.pdf,70,est_res_gp.pdf
Andhra Pradesh,2020,East Godavari,Yeleswaram Marriveedu sr(w) 72,Yeleswaram Marriveedu sr(w) 72,,sarpanch,Woman,NONE,1,,0,UR (w),latin,data/ap/2020_res_gp/est_res_gp.pdf,70,est_res_gp.pdf
Andhra Pradesh,2020,East Godavari,Yeleswaram Peddanapalli,Yeleswaram Peddanapalli,,sarpanch,BC Other than Woman,BC,0,74,1,8C ,latin,data/ap/2020_res_gp/est_res_gp.pdf,70,est_res_gp.pdf
Andhra Pradesh,2020,East Godavari,Yeleswaram Ramanayyapeta,Yeleswaram Ramanayyapeta,,sarpanch,Woman,NONE,1,,0,uR(w),latin,data/ap/2020_res_gp/est_res_gp.pdf,70,est_res_gp.pdf
Andhra Pradesh,2020,East Godavari,Yeleswaram Turpulaxmipuram,Yeleswaram Turpulaxmipuram,,sarpanch,Woman,NONE,1,10,0,uR(w),latin,data/ap/2020_res_gp/est_res_gp.pdf,70,est_res_gp.pdf
Andhra Pradesh,2020,East Godavari,Yeleswaram Yerravaram,Yeleswaram Yerravaram,,sarpanch,BC Other than Woman,BC,0,14,0,BC ,latin,data/ap/2020_res_gp/est_res_gp.pdf,70,est_res_gp.pdf
Andhra Pradesh,2020,East Godavari,Yetapa ka Chodavaram sr(w) 8,Yetapa ka Chodavaram sr(w) 8,,sarpanch,ST Other than Woman,ST,0,,0,ST ,latin,data/ap/2020_res_gp/est_res_gp.pdf,71,est_res_gp.pdf
Andhra Pradesh,2020,East Godavari,Yetapaka G.Kothagudem,Yetapaka G.Kothagudem,,sarpanch,ST Other than Woman,ST,0,10,0,ST ,latin,data/ap/2020_res_gp/est_res_gp.pdf,71,est_res_gp.pdf
Andhra Pradesh,2020,East Godavari,Yetapaka Gannavaram 8 sr(w) I,Yetapaka Gannavaram 8 sr(w) I,,sarpanch,ST Other than Woman,ST,0,,0,ST ,latin,data/ap/2020_res_gp/est_res_gp.pdf,71,est_res_gp.pdf
Andhra Pradesh,2020,East Godavari,Yetapaka Gowridevipeta,Yetapaka Gowridevipeta,,sarpanch,ST Other than Woman,ST,0,8,0,ST ,latin,data/ap/2020_res_gp/est_res_gp.pdf,71,est_res_gp.pdf
Andhra Pradesh,2020,East Godavari,Yetapaka Gundala,Yetapaka Gundala,,sarpanch,ST Woman,ST,1,10,0,ST(W),latin,data/ap/2020_res_gp/est_res_gp.pdf,71,est_res_gp.pdf
Andhra Pradesh,2020,East Godavari,Yetapaka Kannayigudem,Yetapaka Kannayigudem,,sarpanch,ST Woman,ST,1,10,0,ST(W),latin,data/ap/2020_res_gp/est_res_gp.pdf,71,est_res_gp.pdf
Andhra Pradesh,2020,East Godavari,Yetapaka Krishnavaram,Yetapaka Krishnavaram,,sarpanch,ST Other than Woman,ST,0,8,0,ST ,latin,data/ap/2020_res_gp/est_res_gp.pdf,71,est_res_gp.pdf
Andhra Pradesh,2020,East Godavari,Yetapaka Lakshmipuram sriw) 10 sr{w),Yetapaka Lakshmipuram sriw) 10 sr{w),,sarpanch,ST Other than Woman,ST,0,,0,ST ,latin,data/ap/2020_res_gp/est_res_gp.pdf,71,est_res_gp.pdf
Andhra Pradesh,2020,East Godavari,Yetapaka Murumuru sr(w) 8 sr(w),Yetapaka Murumuru sr(w) 8 sr(w),,sarpanch,ST Woman,ST,1,,0,ST(W),latin,data/ap/2020_res_gp/est_res_gp.pdf,71,est_res_gp.pdf
Andhra Pradesh,2020,East Godavari,Yetapaka Nallakunta,Yetapaka Nallakunta,,sarpanch,ST Woman,ST,1,8,0,ST(W),latin,data/ap/2020_res_gp/est_res_gp.pdf,71,est_res_gp.pdf
Andhra Pradesh,2020,East Godavari,Yetapaka Nandigama,Yetapaka Nandigama,,sarpanch,ST Other than Woman,ST,0,10,0,ST ,latin,data/ap/2020_res_gp/est_res_gp.pdf,71,est_res_gp.pdf
Andhra Pradesh,2020,East Godavari,Yetapaka Nellipaka sr(w) 10,Yetapaka Nellipaka sr(w) 10,,sarpanch,ST Other than Woman,ST,0,,0,ST ,latin,data/ap/2020_res_gp/est_res_gp.pdf,71,est_res_gp.pdf
Andhra Pradesh,2020,East Godavari,Yetapaka --t H Pitchukalapadu,Yetapaka --t H Pitchukalapadu,,sarpanch,ST Other than Woman,ST,0,10,0,ST ,latin,data/ap/2020_res_gp/est_res_gp.pdf,71,est_res_gp.pdf
Andhra Pradesh,2020,East Godavari,Yetapaka Purushothapatnam Ramagopalapuram Rayinipeta,Yetapaka Purushothapatnam Ramagopalapuram Rayinipeta,,sarpanch,ST Other than Woman,ST,0,,0,ST ,latin,data/ap/2020_res_gp/est_res_gp.pdf,71,est_res_gp.pdf
Andhra Pradesh,2020,East Godavari,Yetapaka Thripurapentaveedu Thotapalli,Yetapaka Thripurapentaveedu Thotapalli,,sarpanch,ST Other than Woman,ST,0,,0,ST ,latin,data/ap/2020_res_gp/est_res_gp.pdf,71,est_res_gp.pdf
Andhra Pradesh,2020,East Godavari,sr(w),sr(w),,sarpanch,ST Other than Woman,ST,0,,0,ST ,latin,data/ap/2020_res_gp/est_res_gp.pdf,71,est_res_gp.pdf
Andhra Pradesh,2020,East Godavari,sr(w) sr(w) sr(w),sr(w) sr(w) sr(w),,sarpanch,Woman,NONE,1,,0,UR(W),latin,data/ap/2020_res_gp/est_res_gp.pdf,71,est_res_gp.pdf
Andhra Pradesh,2020,East Godavari,Yetapaka Venkatareddipeta sr(w) 6 sr(w) sr(w),Yetapaka Venkatareddipeta sr(w) 6 sr(w) sr(w),,sarpanch,Other than Woman,NONE,0,,0,UR ,latin,data/ap/2020_res_gp/est_res_gp.pdf,71,est_res_gp.pdf
Andhra Pradesh,2020,East Godavari,Yetapaka Yetapaka,Yetapaka Yetapaka,,sarpanch,ST Other than Woman,ST,0,72,0,ST ,latin,data/ap/2020_res_gp/est_res_gp.pdf,71,est_res_gp.pdf
Andhra Pradesh,2020,Krishna,Aqiripalli Adivinekkalam,Aqiripalli Adivinekkalam,,sarpanch,SC Other than Woman,SC,0,10,0,sc ,latin,data/ap/2020_res_gp/kri_res_gp.pdf,2,kri_res_gp.pdf
Andhra Pradesh,2020,Krishna,Agiripalli Agiripalli,Agiripalli Agiripalli,,sarpanch,SC Woman,SC,1,,0,sc(w),latin,data/ap/2020_res_gp/kri_res_gp.pdf,2,kri_res_gp.pdf
Andhra Pradesh,2020,Krishna,Agiripalli Ammavarigudem,Agiripalli Ammavarigudem,,sarpanch,BC Woman,BC,1,10,1,8c(w),latin,data/ap/2020_res_gp/kri_res_gp.pdf,2,kri_res_gp.pdf
Andhra Pradesh,2020,Krishna,Agiripalli Boddanapalli,Agiripalli Boddanapalli,,sarpanch,BC Woman,BC,1,10,1,8C(W),latin,data/ap/2020_res_gp/kri_res_gp.pdf,2,kri_res_gp.pdf
Andhra Pradesh,2020,Krishna,Agiripalli China Agiripalli,Agiripalli China Agiripalli,,sarpanch,Woman,NONE,1,10,0,UR(W),latin,data/ap/2020_res_gp/kri_res_gp.pdf,2,kri_res_gp.pdf
Andhra Pradesh,2020,Krishna,Agiripalli Chopparametla,Agiripalli Chopparametla,,sarpanch,BC Woman,BC,1,,0,Bc(w),latin,data/ap/2020_res_gp/kri_res_gp.pdf,2,kri_res_gp.pdf
Andhra Pradesh,2020,Krishna,Agiripalli Edara,Agiripalli Edara,,sarpanch,SC Woman,SC,1,,0,sc(w),latin,data/ap/2020_res_gp/kri_res_gp.pdf,2,kri_res_gp.pdf
Andhra Pradesh,2020,Krishna,Agiripalli Edulagudem am L2,Agiripalli Edulagudem am L2,,sarpanch,Woman,NONE,1,,0,uR(w),latin,data/ap/2020_res_gp/kri_res_gp.pdf,2,kri_res_gp.pdf
Andhra Pradesh,2020,Krishna,Agiripalli,Agiripalli,,sarpanch,SC Other than Woman,SC,0,,0,sc ,latin,data/ap/2020_res_gp/kri_res_gp.pdf,2,kri_res_gp.pdf
Andhra Pradesh,2020,Krishna,Agiripalli Kotha Edara,Agiripalli Kotha Edara,,sarpanch,SC Woman,SC,1,,0,sc(w),latin,data/ap/2020_res_gp/kri_res_gp.pdf,2,kri_res_gp.pdf
Andhra Pradesh,2020,Krishna,Agiripalli,Agiripalli,,sarpanch,Woman,NONE,1,10,0,uR(w),latin,data/ap/2020_res_gp/kri_res_gp.pdf,2,kri_res_gp.pdf
Andhra Pradesh,2020,Krishna,Agiripalli t0,Agiripalli t0,,sarpanch,Woman,NONE,1,,0,uR(w),latin,data/ap/2020_res_gp/kri_res_gp.pdf,2,kri_res_gp.pdf
Andhra Pradesh,2020,Krishna,Agiripalli Nugondapalli,Agiripalli Nugondapalli,,sarpanch,Woman,NONE,1,,0,uR(w),latin,data/ap/2020_res_gp/kri_res_gp.pdf,2,kri_res_gp.pdf
Andhra Pradesh,2020,Krishna,Agiripalli,Agiripalli,,sarpanch,BC Other than Woman,BC,0,10,0,BC ,latin,data/ap/2020_res_gp/kri_res_gp.pdf,2,kri_res_gp.pdf
Andhra Pradesh,2020,Krishna,Agiripalli S.A.Peta,Agiripalli S.A.Peta,,sarpanch,Other than Woman,NONE,0,0,0,UR ,latin,data/ap/2020_res_gp/kri_res_gp.pdf,2,kri_res_gp.pdf
Andhra Pradesh,2020,Krishna,Agiripalli Sagguru ac 10,Agiripalli Sagguru ac 10,,sarpanch,Other than Woman,NONE,0,,0,UR ,latin,data/ap/2020_res_gp/kri_res_gp.pdf,2,kri_res_gp.pdf
Andhra Pradesh,2020,Krishna,Agiripalli Sitarampuram,Agiripalli Sitarampuram,,sarpanch,Other than Woman,NONE,0,10,0,UR ,latin,data/ap/2020_res_gp/kri_res_gp.pdf,2,kri_res_gp.pdf
Andhra Pradesh,2020,Krishna,Agiripalli Suravaram,Agiripalli Suravaram,,sarpanch,Woman,NONE,1,10,0,uR(w),latin,data/ap/2020_res_gp/kri_res_gp.pdf,2,kri_res_gp.pdf
Andhra Pradesh,2020,Krishna,Agiripalli Vadlamanu,Agiripalli Vadlamanu,,sarpanch,SC Woman,SC,1,12,0,sc(w),latin,data/ap/2020_res_gp/kri_res_gp.pdf,2,kri_res_gp.pdf
Andhra Pradesh,2020,Krishna,Avanigadda Aswaraopalem,Avanigadda Aswaraopalem,,sarpanch,Other than Woman,NONE,0,10,0,UR ,latin,data/ap/2020_res_gp/kri_res_gp.pdf,4,kri_res_gp.pdf
Andhra Pradesh,2020,Krishna,Avanigadda Avanigadda,Avanigadda Avanigadda,,sarpanch,SC Woman,SC,1,20,0,sc(w),latin,data/ap/2020_res_gp/kri_res_gp.pdf,4,kri_res_gp.pdf
Andhra Pradesh,2020,Krishna,Avanigadda south Chiruvolanka,Avanigadda south Chiruvolanka,,sarpanch,Other than Woman,NONE,0,8,0,UR ,latin,data/ap/2020_res_gp/kri_res_gp.pdf,4,kri_res_gp.pdf
Andhra Pradesh,2020,Krishna,Avanigadda Edlanka,Avanigadda Edlanka,,sarpanch,BC Woman,BC,1,8,0,BC(W),latin,data/ap/2020_res_gp/kri_res_gp.pdf,4,kri_res_gp.pdf
Andhra Pradesh,2020,Krishna,Avanigadda Modumudi,Avanigadda Modumudi,,sarpanch,Woman,NONE,1,10,0,uR(w),latin,data/ap/2020_res_gp/kri_res_gp.pdf,4,kri_res_gp.pdf
Andhra Pradesh,2020,Krishna,Avanigadda Puligadda,Avanigadda Puligadda,,sarpanch,SC Other than Woman,SC,0,12,0,sc ,latin,data/ap/2020_res_gp/kri_res_gp.pdf,4,kri_res_gp.pdf
Andhra Pradesh,2020,Krishna,Bapulapadu Ampapuram,Bapulapadu Ampapuram,,sarpanch,Other than Woman,NONE,0,8,0,UR ,latin,data/ap/2020_res_gp/kri_res_gp.pdf,6,kri_res_gp.pdf
Andhra Pradesh,2020,Krishna,Bapulapadu Arugolanu .,Bapulapadu Arugolanu .,,sarpanch,Woman,NONE,1,12,0,uR(w),latin,data/ap/2020_res_gp/kri_res_gp.pdf,6,kri_res_gp.pdf
Andhra Pradesh,2020,Krishna,Bapulapadu Bandarugudem,Bapulapadu Bandarugudem,,sarpanch,SC Other than Woman,SC,0,10,0,sc ,latin,data/ap/2020_res_gp/kri_res_gp.pdf,6,kri_res_gp.pdf
Andhra Pradesh,2020,Krishna,Bapulapadu Bapulapadu,Bapulapadu Bapulapadu,,sarpanch,SC Woman,SC,1,18,0,sc(w),latin,data/ap/2020_res_gp/kri_res_gp.pdf,6,kri_res_gp.pdf
Andhra Pradesh,2020,Krishna,Bapulapadu Dantaguntla,Bapulapadu Dantaguntla,,sarpanch,Other than Woman,NONE,0,8,0,UR ,latin,data/ap/2020_res_gp/kri_res_gp.pdf,6,kri_res_gp.pdf
Andhra Pradesh,2020,Krishna,Bapulapadu K Sitaramapuram,Bapulapadu K Sitaramapuram,,sarpanch,Woman,NONE,1,10,0,uR(w),latin,data/ap/2020_res_gp/kri_res_gp.pdf,6,kri_res_gp.pdf
Andhra Pradesh,2020,Krishna,Bapulapadu Ogirala 10,Bapulapadu Ogirala 10,,sarpanch,BC Other than Woman,BC,0,,0,BC ,latin,data/ap/2020_res_gp/kri_res_gp.pdf,6,kri_res_gp.pdf
Andhra Pradesh,2020,Krishna,Bapulapadu Rangannagudem,Bapulapadu Rangannagudem,,sarpanch,Woman,NONE,1,10,0,uR(w),latin,data/ap/2020_res_gp/kri_res_gp.pdf,6,kri_res_gp.pdf
Andhra Pradesh,2020,Krishna,Bapulapadu Veeravalli,Bapulapadu Veeravalli,,sarpanch,SC Woman,SC,1,14,0,sc(w),latin,data/ap/2020_res_gp/kri_res_gp.pdf,6,kri_res_gp.pdf
Andhra Pradesh,2020,Krishna,Bapulapadu Veleru,Bapulapadu Veleru,,sarpanch,SC Woman,SC,1,,0,sc(w),latin,data/ap/2020_res_gp/kri_res_gp.pdf,6,kri_res_gp.pdf
Andhra Pradesh,2020,Krishna,Chandarlapadu Bobbillapadu,Chandarlapadu Bobbillapadu,,sarpanch,Other than Woman,NONE,0,,0,UR ,latin,data/ap/2020_res_gp/kri_res_gp.pdf,8,kri_res_gp.pdf
Andhra Pradesh,2020,Krishna,Chandarlapadu Chandarlapadu 16,Chandarlapadu Chandarlapadu 16,,sarpanch,SC Woman,SC,1,,0,sc(w),latin,data/ap/2020_res_gp/kri_res_gp.pdf,8,kri_res_gp.pdf
Andhra Pradesh,2020,Krishna,Chandarlapadu Chinthalapadu t2,Chandarlapadu Chinthalapadu t2,,sarpanch,BC Other than Woman,BC,0,,0,BC ,latin,data/ap/2020_res_gp/kri_res_gp.pdf,8,kri_res_gp.pdf
Andhra Pradesh,2020,Krishna,Chandarlapadu Eturu t2,Chandarlapadu Eturu t2,,sarpanch,SC Other than Woman,SC,0,,0,sc ,latin,data/ap/2020_res_gp/kri_res_gp.pdf,8,kri_res_gp.pdf
Andhra Pradesh,2020,Krishna,Chandarlapadu Gudimetla a2,Chandarlapadu Gudimetla a2,,sarpanch,BC Woman,BC,1,,0,Bc(w),latin,data/ap/2020_res_gp/kri_res_gp.pdf,8,kri_res_gp.pdf
Andhra Pradesh,2020,Krishna,Chandarlapadu Kandrapadu 10 sr(w),Chandarlapadu Kandrapadu 10 sr(w),,sarpanch,ST Other than Woman,ST,0,,0,ST ,latin,data/ap/2020_res_gp/kri_res_gp.pdf,8,kri_res_gp.pdf
Andhra Pradesh,2020,Krishna,Chandarlapadu Kasarabada 10,Chandarlapadu Kasarabada 10,,sarpanch,Other than Woman,NONE,0,,0,UR ,latin,data/ap/2020_res_gp/kri_res_gp.pdf,8,kri_res_gp.pdf
Andhra Pradesh,2020,Krishna,Chandarlapadu Kodavatikallu 12,Chandarlapadu Kodavatikallu 12,,sarpanch,SC Other than Woman,SC,0,,0,sc ,latin,data/ap/2020_res_gp/kri_res_gp.pdf,8,kri_res_gp.pdf
Andhra Pradesh,2020,Krishna,Chandariapadu Konayapalem t2,Chandariapadu Konayapalem t2,,sarpanch,SC Woman,SC,1,,0,sc(w),latin,data/ap/2020_res_gp/kri_res_gp.pdf,8,kri_res_gp.pdf
Andhra Pradesh,2020,Krishna,Chandarlapadu l''lunagalapalli 8,Chandarlapadu l''lunagalapalli 8,,sarpanch,Other than Woman,NONE,0,,0,UR ,latin,data/ap/2020_res_gp/kri_res_gp.pdf,8,kri_res_gp.pdf
Andhra Pradesh,2020,Krishna,Chandarlapadu Muppalla L4,Chandarlapadu Muppalla L4,,sarpanch,BC Woman,BC,1,,0,BC(w),latin,data/ap/2020_res_gp/kri_res_gp.pdf,8,kri_res_gp.pdf
Andhra Pradesh,2020,Krishna,Chandarlapadu Popuru a,Chandarlapadu Popuru a,,sarpanch,Other than Woman,NONE,0,,0,UR ,latin,data/ap/2020_res_gp/kri_res_gp.pdf,8,kri_res_gp.pdf
Andhra Pradesh,2020,Krishna,Chandarlapadu Punnavalli 8,Chandarlapadu Punnavalli 8,,sarpanch,Other than Woman,NONE,0,,0,UR ,latin,data/ap/2020_res_gp/kri_res_gp.pdf,8,kri_res_gp.pdf
Andhra Pradesh,2020,Krishna,Chandarlapadu Thotaravulapadu t2,Chandarlapadu Thotaravulapadu t2,,sarpanch,Woman,NONE,1,,0,uR(w),latin,data/ap/2020_res_gp/kri_res_gp.pdf,8,kri_res_gp.pdf
Andhra Pradesh,2020,Krishna,Chandarlapadu Veladi Kothapalem 10,Chandarlapadu Veladi Kothapalem 10,,sarpanch,Woman,NONE,1,,0,uR(w),latin,data/ap/2020_res_gp/kri_res_gp.pdf,8,kri_res_gp.pdf
Andhra Pradesh,2020,Krishna,Chandarlapadu Vibharinthalapadu a,Chandarlapadu Vibharinthalapadu a,,sarpanch,Other than Woman,NONE,0,,0,UR ,latin,data/ap/2020_res_gp/kri_res_gp.pdf,8,kri_res_gp.pdf
Andhra Pradesh,2020,Krishna,Chatrai Chatrai Chatrai Arugolanupet Pothanapalli Kotapadu,Chatrai Chatrai Chatrai Arugolanupet Pothanapalli Kotapadu,,sarpanch,Other than Woman,NONE,0,,0,UR ,latin,data/ap/2020_res_gp/kri_res_gp.pdf,9,kri_res_gp.pdf
Andhra Pradesh,2020,Krishna,Chatrai Chanubanda lanardhanavaram,Chatrai Chanubanda lanardhanavaram,,sarpanch,Woman,NONE,1,10,0,uR(w),latin,data/ap/2020_res_gp/kri_res_gp.pdf,9,kri_res_gp.pdf
Andhra Pradesh,2020,Krishna,Chatrai,Chatrai,,sarpanch,SC Woman,SC,1,,0,sc(w),latin,data/ap/2020_res_gp/kri_res_gp.pdf,9,kri_res_gp.pdf
Andhra Pradesh,2020,Krishna,Chatrai,Chatrai,,sarpanch,BC Woman,BC,1,12,0,Bc(w),latin,data/ap/2020_res_gp/kri_res_gp.pdf,9,kri_res_gp.pdf
Andhra Pradesh,2020,Krishna,Chatrai Krishnaraopalem,Chatrai Krishnaraopalem,,sarpanch,Other than Woman,NONE,0,0,0,UR ,latin,data/ap/2020_res_gp/kri_res_gp.pdf,9,kri_res_gp.pdf
Andhra Pradesh,2020,Krishna,Chatrai 10 11 Chatrai Chatrai Cheepurugudem Somavaram,Chatrai 10 11 Chatrai Chatrai Cheepurugudem Somavaram,,sarpanch,Woman,NONE,1,,0,uR(w),latin,data/ap/2020_res_gp/kri_res_gp.pdf,9,kri_res_gp.pdf
Andhra Pradesh,2020,Krishna,Chatrai Chatrai,Chatrai Chatrai,,sarpanch,SC Other than Woman,SC,0,12,0,sc ,latin,data/ap/2020_res_gp/kri_res_gp.pdf,9,kri_res_gp.pdf
Andhra Pradesh,2020,Krishna,Chatrai Marlapalem,Chatrai Marlapalem,,sarpanch,Other than Woman,NONE,0,0,0,UR ,latin,data/ap/2020_res_gp/kri_res_gp.pdf,9,kri_res_gp.pdf
Andhra Pradesh,2020,Krishna,Chatrai Burugugudem,Chatrai Burugugudem,,sarpanch,Other than Woman,NONE,0,10,0,UR ,latin,data/ap/2020_res_gp/kri_res_gp.pdf,9,kri_res_gp.pdf
Andhra Pradesh,2020,Krishna,Chatrai Chittapur,Chatrai Chittapur,,sarpanch,SC Woman,SC,1,12,0,sc(w),latin,data/ap/2020_res_gp/kri_res_gp.pdf,9,kri_res_gp.pdf
Andhra Pradesh,2020,Krishna,Ghantasala Atchampalem,Ghantasala Atchampalem,,sarpanch,Other than Woman,NONE,0,0,0,UR ,latin,data/ap/2020_res_gp/kri_res_gp.pdf,12,kri_res_gp.pdf
Andhra Pradesh,2020,Krishna,Ghantasala Chilakalapudi,Ghantasala Chilakalapudi,,sarpanch,Woman,NONE,1,,0,uR(w),latin,data/ap/2020_res_gp/kri_res_gp.pdf,12,kri_res_gp.pdf
Andhra Pradesh,2020,Krishna,Ghantasala Chinakallepalli,Ghantasala Chinakallepalli,,sarpanch,Other than Woman,NONE,0,,0,UR ,latin,data/ap/2020_res_gp/kri_res_gp.pdf,12,kri_res_gp.pdf
Andhra Pradesh,2020,Krishna,Ghantasala Devarakota,Ghantasala Devarakota,,sarpanch,SC Other than Woman,SC,0,10,0,sc ,latin,data/ap/2020_res_gp/kri_res_gp.pdf,12,kri_res_gp.pdf
Andhra Pradesh,2020,Krishna,Ghantasala Ghantasalapalem,Ghantasala Ghantasalapalem,,sarpanch,Woman,NONE,1,0,0,uR(w),latin,data/ap/2020_res_gp/kri_res_gp.pdf,12,kri_res_gp.pdf
Andhra Pradesh,2020,Krishna,Ghantasala Goginenipalem,Ghantasala Goginenipalem,,sarpanch,Woman,NONE,1,8,0,uR(w),latin,data/ap/2020_res_gp/kri_res_gp.pdf,12,kri_res_gp.pdf
Andhra Pradesh,2020,Krishna,Ghantasala Kodali,Ghantasala Kodali,,sarpanch,SC Woman,SC,1,10,0,sc(w),latin,data/ap/2020_res_gp/kri_res_gp.pdf,12,kri_res_gp.pdf
Andhra Pradesh,2020,Krishna,Ghantasala Kothapalli Lankapalli,Ghantasala Kothapalli Lankapalli,,sarpanch,Woman,NONE,1,,0,uR(w),latin,data/ap/2020_res_gp/kri_res_gp.pdf,12,kri_res_gp.pdf
Andhra Pradesh,2020,Krishna,Ghantasala Papavinasanam 10,Ghantasala Papavinasanam 10,,sarpanch,Other than Woman,NONE,0,,0,UR ,latin,data/ap/2020_res_gp/kri_res_gp.pdf,12,kri_res_gp.pdf
Andhra Pradesh,2020,Krishna,Ghantasala Pushadam,Ghantasala Pushadam,,sarpanch,Other than Woman,NONE,0,8,0,UR ,latin,data/ap/2020_res_gp/kri_res_gp.pdf,12,kri_res_gp.pdf
Andhra Pradesh,2020,Krishna,Ghantasala I,Ghantasala I,,sarpanch,Woman,NONE,1,,0,uR(w),latin,data/ap/2020_res_gp/kri_res_gp.pdf,12,kri_res_gp.pdf
Andhra Pradesh,2020,Krishna,Ghantasala V. Rudravaram,Ghantasala V. Rudravaram,,sarpanch,Other than Woman,NONE,0,,0,UR ,latin,data/ap/2020_res_gp/kri_res_gp.pdf,12,kri_res_gp.pdf
Andhra Pradesh,2020,Krishna,Ghantasala Vemulapalli,Ghantasala Vemulapalli,,sarpanch,Other than Woman,NONE,0,,0,UR ,latin,data/ap/2020_res_gp/kri_res_gp.pdf,12,kri_res_gp.pdf
Andhra Pradesh,2020,Krishna,Ghantasala Yandakuduru,Ghantasala Yandakuduru,,sarpanch,Other than Woman,NONE,0,8,0,UR ,latin,data/ap/2020_res_gp/kri_res_gp.pdf,12,kri_res_gp.pdf
Andhra Pradesh,2020,Krishna,G.Konduru Atkuru a,G.Konduru Atkuru a,,sarpanch,Woman,NONE,1,,0,uR(w),latin,data/ap/2020_res_gp/kri_res_gp.pdf,13,kri_res_gp.pdf
Andhra Pradesh,2020,Krishna,G.Konduru Ch.Madhavaram 10 sr(w),G.Konduru Ch.Madhavaram 10 sr(w),,sarpanch,Other than Woman,NONE,0,,0,UR ,latin,data/ap/2020_res_gp/kri_res_gp.pdf,13,kri_res_gp.pdf
Andhra Pradesh,2020,Krishna,G.Konduru Ch. Nandigama 8,G.Konduru Ch. Nandigama 8,,sarpanch,Other than Woman,NONE,0,,0,UR ,latin,data/ap/2020_res_gp/kri_res_gp.pdf,13,kri_res_gp.pdf
Andhra Pradesh,2020,Krishna,G.Konduru Chevuturu a2,G.Konduru Chevuturu a2,,sarpanch,BC Woman,BC,1,,0,Bc(w),latin,data/ap/2020_res_gp/kri_res_gp.pdf,13,kri_res_gp.pdf
Andhra Pradesh,2020,Krishna,G.Konduru Duggiralapadu 8,G.Konduru Duggiralapadu 8,,sarpanch,Other than Woman,NONE,0,,0,UR ,latin,data/ap/2020_res_gp/kri_res_gp.pdf,13,kri_res_gp.pdf
Andhra Pradesh,2020,Krishna,G.Konduru G.Konduru t4,G.Konduru G.Konduru t4,,sarpanch,SC Woman,SC,1,,0,sc(w),latin,data/ap/2020_res_gp/kri_res_gp.pdf,13,kri_res_gp.pdf
Andhra Pradesh,2020,Krishna,G.Konduru Gaddamanugu 10,G.Konduru Gaddamanugu 10,,sarpanch,SC Other than Woman,SC,0,,0,sc ,latin,data/ap/2020_res_gp/kri_res_gp.pdf,13,kri_res_gp.pdf
Andhra Pradesh,2020,Krishna,G.Konduru Gurrajupalem 8,G.Konduru Gurrajupalem 8,,sarpanch,Other than Woman,NONE,0,,0,UR ,latin,data/ap/2020_res_gp/kri_res_gp.pdf,13,kri_res_gp.pdf
Andhra Pradesh,2020,Krishna,G.Konduru H.Mutyalampadu 8,G.Konduru H.Mutyalampadu 8,,sarpanch,Other than Woman,NONE,0,,0,UR ,latin,data/ap/2020_res_gp/kri_res_gp.pdf,13,kri_res_gp.pdf
Andhra Pradesh,2020,Krishna,G.Konduru Kandulapadu 10,G.Konduru Kandulapadu 10,,sarpanch,Woman,NONE,1,,0,uR(w),latin,data/ap/2020_res_gp/kri_res_gp.pdf,13,kri_res_gp.pdf
Andhra Pradesh,2020,Krishna,"G,Konduru Kattubadipalem 10","G,Konduru Kattubadipalem 10",,sarpanch,BC Woman,BC,1,,0,BC(w),latin,data/ap/2020_res_gp/kri_res_gp.pdf,13,kri_res_gp.pdf
Andhra Pradesh,2020,Krishna,"G,Konduru Kavuluru t4","G,Konduru Kavuluru t4",,sarpanch,SC Woman,SC,1,,0,sc(w),latin,data/ap/2020_res_gp/kri_res_gp.pdf,13,kri_res_gp.pdf
Andhra Pradesh,2020,Krishna,G.Konduru Koduru t2,G.Konduru Koduru t2,,sarpanch,SC Other than Woman,SC,0,,0,sc ,latin,data/ap/2020_res_gp/kri_res_gp.pdf,13,kri_res_gp.pdf
Andhra Pradesh,2020,Krishna,G.Konduru Kuntamukkala 12,G.Konduru Kuntamukkala 12,,sarpanch,SC Other than Woman,SC,0,,0,sc ,latin,data/ap/2020_res_gp/kri_res_gp.pdf,13,kri_res_gp.pdf
Andhra Pradesh,2020,Krishna,"G.Konduru l,lunagapadu 6","G.Konduru l,lunagapadu 6",,sarpanch,Other than Woman,NONE,0,,0,UR ,latin,data/ap/2020_res_gp/kri_res_gp.pdf,13,kri_res_gp.pdf
Andhra Pradesh,2020,Krishna,G.Konduru Pinapaka l0,G.Konduru Pinapaka l0,,sarpanch,Woman,NONE,1,,0,uR(w),latin,data/ap/2020_res_gp/kri_res_gp.pdf,13,kri_res_gp.pdf
Andhra Pradesh,2020,Krishna,G.Konduru Sunnampadu 8,G.Konduru Sunnampadu 8,,sarpanch,Other than Woman,NONE,0,,0,UR ,latin,data/ap/2020_res_gp/kri_res_gp.pdf,13,kri_res_gp.pdf
Andhra Pradesh,2020,Krishna,"G,Konduru Telladevarapadu I","G,Konduru Telladevarapadu I",,sarpanch,Other than Woman,NONE,0,,0,UR ,latin,data/ap/2020_res_gp/kri_res_gp.pdf,13,kri_res_gp.pdf
Andhra Pradesh,2020,Krishna,G.Konduru Velagaleru 14,G.Konduru Velagaleru 14,,sarpanch,SC Woman,SC,1,,0,sc(w),latin,data/ap/2020_res_gp/kri_res_gp.pdf,13,kri_res_gp.pdf
Andhra Pradesh,2020,Krishna,G.Konduru Vellaturu t4,G.Konduru Vellaturu t4,,sarpanch,SC Woman,SC,1,,0,sc(w),latin,data/ap/2020_res_gp/kri_res_gp.pdf,13,kri_res_gp.pdf
Andhra Pradesh,2020,Krishna,G.Konduru Venkatapuram 10,G.Konduru Venkatapuram 10,,sarpanch,Woman,NONE,1,,0,uR(w),latin,data/ap/2020_res_gp/kri_res_gp.pdf,13,kri_res_gp.pdf
Andhra Pradesh,2020,Krishna,Gudivada ChoWtapalli n,Gudivada ChoWtapalli n,,sarpanch,SC Woman,SC,1,12,0,sc(w),latin,data/ap/2020_res_gp/kri_res_gp.pdf,14,kri_res_gp.pdf
Andhra Pradesh,2020,Krishna,Gudivada Dondapadu Gudivada Guntakoduru,Gudivada Dondapadu Gudivada Guntakoduru,,sarpanch,Woman,NONE,1,,0,uR(w),latin,data/ap/2020_res_gp/kri_res_gp.pdf,14,kri_res_gp.pdf
Andhra Pradesh,2020,Krishna,Gudivada Agraharam,Gudivada Agraharam,,sarpanch,Woman,NONE,1,,0,uR(w),latin,data/ap/2020_res_gp/kri_res_gp.pdf,14,kri_res_gp.pdf
Andhra Pradesh,2020,Krishna,Gudivada Nuzella,Gudivada Nuzella,,sarpanch,Other than Woman,NONE,0,5,0,UR ,latin,data/ap/2020_res_gp/kri_res_gp.pdf,14,kri_res_gp.pdf
Andhra Pradesh,2020,Krishna,Gudivada Ramanapudi,Gudivada Ramanapudi,,sarpanch,BC Other than Woman,BC,0,,0,BC ,latin,data/ap/2020_res_gp/kri_res_gp.pdf,14,kri_res_gp.pdf
Andhra Pradesh,2020,Krishna,Gudivada Saidepudi,Gudivada Saidepudi,,sarpanch,Other than Woman,NONE,0,6,0,UR ,latin,data/ap/2020_res_gp/kri_res_gp.pdf,14,kri_res_gp.pdf
Andhra Pradesh,2020,Krishna,Gudivada Serigolvepalli,Gudivada Serigolvepalli,,sarpanch,Woman,NONE,1,,0,uR(w),latin,data/ap/2020_res_gp/kri_res_gp.pdf,14,kri_res_gp.pdf
Andhra Pradesh,2020,Krishna,Gudivada Serivelpuru,Gudivada Serivelpuru,,sarpanch,SC Other than Woman,SC,0,,0,sc ,latin,data/ap/2020_res_gp/kri_res_gp.pdf,14,kri_res_gp.pdf
Andhra Pradesh,2020,Krishna,Gudivada Siddamtham,Gudivada Siddamtham,,sarpanch,Other than Woman,NONE,0,6,0,UR ,latin,data/ap/2020_res_gp/kri_res_gp.pdf,14,kri_res_gp.pdf
Andhra Pradesh,2020,Krishna,z 3 6 8 9 lo 11 12 13 14 15 16 1a 19 20 a,z 3 6 8 9 lo 11 12 13 14 15 16 1a 19 20 a,,sarpanch,BC Other than Woman,BC,0,,0,BC ,latin,data/ap/2020_res_gp/kri_res_gp.pdf,20,kri_res_gp.pdf
Andhra Pradesh,2020,Krishna,Kald nd,Kald nd,,sarpanch,SC Other than Woman,SC,0,12,0,sc ,latin,data/ap/2020_res_gp/kri_res_gp.pdf,20,kri_res_gp.pdf
Andhra Pradesh,2020,Krishna,KaIdindi Bhaskararao Peta,KaIdindi Bhaskararao Peta,,sarpanch,BC Woman,BC,1,,0,BC(w),latin,data/ap/2020_res_gp/kri_res_gp.pdf,20,kri_res_gp.pdf
Andhra Pradesh,2020,Krishna,Kalidindi Gopalapuram,Kalidindi Gopalapuram,,sarpanch,BC Other than Woman,BC,0,,0,BC ,latin,data/ap/2020_res_gp/kri_res_gp.pdf,20,kri_res_gp.pdf
Andhra Pradesh,2020,Krishna,KaIdindi G!rvaipalem,KaIdindi G!rvaipalem,,sarpanch,BC Other than Woman,BC,0,,0,BC ,latin,data/ap/2020_res_gp/kri_res_gp.pdf,20,kri_res_gp.pdf
Andhra Pradesh,2020,Krishna,a,a,,sarpanch,SC Other than Woman,SC,0,,0,sc ,latin,data/ap/2020_res_gp/kri_res_gp.pdf,20,kri_res_gp.pdf
Andhra Pradesh,2020,Krishna,ac,ac,,sarpanch,SC Other than Woman,SC,0,,0,sc ,latin,data/ap/2020_res_gp/kri_res_gp.pdf,20,kri_res_gp.pdf
Andhra Pradesh,2020,Krishna,ac,ac,,sarpanch,BC Woman,BC,1,,0,BC(W),latin,data/ap/2020_res_gp/kri_res_gp.pdf,20,kri_res_gp.pdf
Andhra Pradesh,2020,Krishna,Kalidindi VenkataPuram ro,Kalidindi VenkataPuram ro,,sarpanch,BC Woman,BC,1,,0,Bc(w),latin,data/ap/2020_res_gp/kri_res_gp.pdf,20,kri_res_gp.pdf
Andhra Pradesh,2020,Krishna,Kanchikacharla Bathinapadu a,Kanchikacharla Bathinapadu a,,sarpanch,Other than Woman,NONE,0,,0,UR ,latin,data/ap/2020_res_gp/kri_res_gp.pdf,21,kri_res_gp.pdf
Andhra Pradesh,2020,Krishna,Kanchikacharla Chevitikallu 10,Kanchikacharla Chevitikallu 10,,sarpanch,Woman,NONE,1,,0,uR(w),latin,data/ap/2020_res_gp/kri_res_gp.pdf,21,kri_res_gp.pdf
Andhra Pradesh,2020,Krishna,Kanchikacharla Keesara t2,Kanchikacharla Keesara t2,,sarpanch,SC Other than Woman,SC,0,,1,5C ,latin,data/ap/2020_res_gp/kri_res_gp.pdf,21,kri_res_gp.pdf
Andhra Pradesh,2020,Krishna,Kanchikacharla Kunikinapadu I,Kanchikacharla Kunikinapadu I,,sarpanch,Other than Woman,NONE,0,,0,UR ,latin,data/ap/2020_res_gp/kri_res_gp.pdf,21,kri_res_gp.pdf
Andhra Pradesh,2020,Krishna,Kanch kacharla Moguluru 14,Kanch kacharla Moguluru 14,,sarpanch,BC Woman,BC,1,,0,BC(w),latin,data/ap/2020_res_gp/kri_res_gp.pdf,21,kri_res_gp.pdf
Andhra Pradesh,2020,Krishna,Kanchikacharla Munnaluru 8,Kanchikacharla Munnaluru 8,,sarpanch,Other than Woman,NONE,0,,0,UR ,latin,data/ap/2020_res_gp/kri_res_gp.pdf,21,kri_res_gp.pdf
Andhra Pradesh,2020,Krishna,Kanchikacharla Seri Amaravaram 8,Kanchikacharla Seri Amaravaram 8,,sarpanch,Other than Woman,NONE,0,,0,UR ,latin,data/ap/2020_res_gp/kri_res_gp.pdf,21,kri_res_gp.pdf
Andhra Pradesh,2020,Krishna,"Kanchikacharla Vemulapalli ,.0","Kanchikacharla Vemulapalli ,.0",,sarpanch,Woman,NONE,1,,0,uR(w),latin,data/ap/2020_res_gp/kri_res_gp.pdf,21,kri_res_gp.pdf
Andhra Pradesh,2020,Krishna,Kankipadu Chalivendrapalem 8,Kankipadu Chalivendrapalem 8,,sarpanch,Other than Woman,NONE,0,,0,UR ,latin,data/ap/2020_res_gp/kri_res_gp.pdf,22,kri_res_gp.pdf
Andhra Pradesh,2020,Krishna,Kankipadu Davuluru 8,Kankipadu Davuluru 8,,sarpanch,Woman,NONE,1,,0,uR(w),latin,data/ap/2020_res_gp/kri_res_gp.pdf,22,kri_res_gp.pdf
Andhra Pradesh,2020,Krishna,Kankipadu Edupugallu L4,Kankipadu Edupugallu L4,,sarpanch,SC Woman,SC,1,,0,sc(w),latin,data/ap/2020_res_gp/kri_res_gp.pdf,22,kri_res_gp.pdf
Andhra Pradesh,2020,Krishna,Kankipadu a2,Kankipadu a2,,sarpanch,SC Other than Woman,SC,0,,0,sc,latin,data/ap/2020_res_gp/kri_res_gp.pdf,22,kri_res_gp.pdf
Andhra Pradesh,2020,Krishna,Kankipadu Gollagudem 8,Kankipadu Gollagudem 8,,sarpanch,Woman,NONE,1,,0,uR(w),latin,data/ap/2020_res_gp/kri_res_gp.pdf,22,kri_res_gp.pdf
Andhra Pradesh,2020,Krishna,Kankipadu Kandalampadu 4,Kankipadu Kandalampadu 4,,sarpanch,Other than Woman,NONE,0,,0,UR ,latin,data/ap/2020_res_gp/kri_res_gp.pdf,22,kri_res_gp.pdf
Andhra Pradesh,2020,Krishna,Kankipadu 16,Kankipadu 16,,sarpanch,SC Woman,SC,1,,0,sc(w),latin,data/ap/2020_res_gp/kri_res_gp.pdf,22,kri_res_gp.pdf
Andhra Pradesh,2020,Krishna,Kankipadu Kasaranenivaripalem 8,Kankipadu Kasaranenivaripalem 8,,sarpanch,Woman,NONE,1,,0,uR(w),latin,data/ap/2020_res_gp/kri_res_gp.pdf,22,kri_res_gp.pdf
Andhra Pradesh,2020,Krishna,Kankipadu 14,Kankipadu 14,,sarpanch,SC Other than Woman,SC,0,,0,sc,latin,data/ap/2020_res_gp/kri_res_gp.pdf,22,kri_res_gp.pdf
Andhra Pradesh,2020,Krishna,Kankipadu Kunderu t2,Kankipadu Kunderu t2,,sarpanch,Woman,NONE,1,,0,uR(w),latin,data/ap/2020_res_gp/kri_res_gp.pdf,22,kri_res_gp.pdf
Andhra Pradesh,2020,Krishna,Kankipadu Manthena 10,Kankipadu Manthena 10,,sarpanch,BC Other than Woman,BC,0,,0,BC ,latin,data/ap/2020_res_gp/kri_res_gp.pdf,22,kri_res_gp.pdf
Andhra Pradesh,2020,Krishna,Kankipadu Neppalli 10,Kankipadu Neppalli 10,,sarpanch,Woman,NONE,1,,0,uR(w),latin,data/ap/2020_res_gp/kri_res_gp.pdf,22,kri_res_gp.pdf
Andhra Pradesh,2020,Krishna,Kankipadu t2,Kankipadu t2,,sarpanch,BC Woman,BC,1,,1,8C(w),latin,data/ap/2020_res_gp/kri_res_gp.pdf,22,kri_res_gp.pdf
Andhra Pradesh,2020,Krishna,Kankipadu Punadipadu t4,Kankipadu Punadipadu t4,,sarpanch,BC Woman,BC,1,,0,Bc(w),latin,data/ap/2020_res_gp/kri_res_gp.pdf,22,kri_res_gp.pdf
Andhra Pradesh,2020,Krishna,Kankipadu Tenneru a2,Kankipadu Tenneru a2,,sarpanch,SC Other than Woman,SC,0,,0,sc ,latin,data/ap/2020_res_gp/kri_res_gp.pdf,22,kri_res_gp.pdf
Andhra Pradesh,2020,Krishna,Kankipadu Uppuluru 14,Kankipadu Uppuluru 14,,sarpanch,SC Woman,SC,1,,0,sc(w),latin,data/ap/2020_res_gp/kri_res_gp.pdf,22,kri_res_gp.pdf
Andhra Pradesh,2020,Krishna,Koduru Koduru 1Er,Koduru Koduru 1Er,,sarpanch,BC Other than Woman,BC,0,0,0,BC ,latin,data/ap/2020_res_gp/kri_res_gp.pdf,23,kri_res_gp.pdf
Andhra Pradesh,2020,Krishna,Koduru Linagareddipalem,Koduru Linagareddipalem,,sarpanch,Woman,NONE,1,12,0,UR(W),latin,data/ap/2020_res_gp/kri_res_gp.pdf,23,kri_res_gp.pdf
Andhra Pradesh,2020,Krishna,Koduru Machavaram,Koduru Machavaram,,sarpanch,Other than Woman,NONE,0,10,0,UR ,latin,data/ap/2020_res_gp/kri_res_gp.pdf,23,kri_res_gp.pdf
Andhra Pradesh,2020,Krishna,Koduru Mandapakala,Koduru Mandapakala,,sarpanch,BC Other than Woman,BC,0,72,0,BC ,latin,data/ap/2020_res_gp/kri_res_gp.pdf,23,kri_res_gp.pdf
Andhra Pradesh,2020,Krishna,Koduru Pittallanka,Koduru Pittallanka,,sarpanch,SC Other than Woman,SC,0,10,0,SC ,latin,data/ap/2020_res_gp/kri_res_gp.pdf,23,kri_res_gp.pdf
Andhra Pradesh,2020,Krishna,Koduru Potumeda,Koduru Potumeda,,sarpanch,Woman,NONE,1,10,0,UR(W),latin,data/ap/2020_res_gp/kri_res_gp.pdf,23,kri_res_gp.pdf
Andhra Pradesh,2020,Krishna,Koduru Ramakrishnapura m,Koduru Ramakrishnapura m,,sarpanch,BC Woman,BC,1,10,0,BC(w),latin,data/ap/2020_res_gp/kri_res_gp.pdf,23,kri_res_gp.pdf
Andhra Pradesh,2020,Krishna,Kodu ru Salempalem,Kodu ru Salempalem,,sarpanch,BC Woman,BC,1,10,0,BC(W),latin,data/ap/2020_res_gp/kri_res_gp.pdf,23,kri_res_gp.pdf
Andhra Pradesh,2020,Krishna,Koduru Ullipalem V. Kothapalem Vi$/anadhapalli,Koduru Ullipalem V. Kothapalem Vi$/anadhapalli,,sarpanch,Woman,NONE,1,,0,uR(w),latin,data/ap/2020_res_gp/kri_res_gp.pdf,23,kri_res_gp.pdf
Andhra Pradesh,2020,Krishna,Machilipatnam Arisepalli,Machilipatnam Arisepalli,,sarpanch,BC Other than Woman,BC,0,12,0,BC ,latin,data/ap/2020_res_gp/kri_res_gp.pdf,25,kri_res_gp.pdf
Andhra Pradesh,2020,Krishna,lYachilipatnam Bhoqireddipalli,lYachilipatnam Bhoqireddipalli,,sarpanch,Other than Woman,NONE,0,10,0,UR ,latin,data/ap/2020_res_gp/kri_res_gp.pdf,25,kri_res_gp.pdf
Andhra Pradesh,2020,Krishna,Machilipatnam Borrapothupalem,Machilipatnam Borrapothupalem,,sarpanch,BC Woman,BC,1,0,0,Bc(w),latin,data/ap/2020_res_gp/kri_res_gp.pdf,25,kri_res_gp.pdf
Andhra Pradesh,2020,Krishna,Machilipatnam Buddalapalem,Machilipatnam Buddalapalem,,sarpanch,Other than Woman,NONE,0,,0,UR ,latin,data/ap/2020_res_gp/kri_res_gp.pdf,25,kri_res_gp.pdf
Andhra Pradesh,2020,Krishna,Machilipatnam,Machilipatnam,,sarpanch,Woman,NONE,1,,0,uR(w),latin,data/ap/2020_res_gp/kri_res_gp.pdf,25,kri_res_gp.pdf
Andhra Pradesh,2020,Krishna,Machilipatnam Chinnapuram,Machilipatnam Chinnapuram,,sarpanch,BC Other than Woman,BC,0,14,0,BC ,latin,data/ap/2020_res_gp/kri_res_gp.pdf,25,kri_res_gp.pdf
Andhra Pradesh,2020,Krishna,Machilipatnam Chirivellapalem,Machilipatnam Chirivellapalem,,sarpanch,Woman,NONE,1,8,0,uR(w),latin,data/ap/2020_res_gp/kri_res_gp.pdf,25,kri_res_gp.pdf
Andhra Pradesh,2020,Krishna,Machilipatnam Gokavaram,Machilipatnam Gokavaram,,sarpanch,Woman,NONE,1,,0,uR(w),latin,data/ap/2020_res_gp/kri_res_gp.pdf,25,kri_res_gp.pdf
Andhra Pradesh,2020,Krishna,Machilipatnam Gopuvanipalem,Machilipatnam Gopuvanipalem,,sarpanch,Other than Woman,NONE,0,8,0,UR ,latin,data/ap/2020_res_gp/kri_res_gp.pdf,25,kri_res_gp.pdf
Andhra Pradesh,2020,Krishna,"l""lachilipatnam Gundupalem","l""lachilipatnam Gundupalem",,sarpanch,Other than Woman,NONE,0,10,0,UR ,latin,data/ap/2020_res_gp/kri_res_gp.pdf,25,kri_res_gp.pdf
Andhra Pradesh,2020,Krishna,lvlachilipatnam Kanuru,lvlachilipatnam Kanuru,,sarpanch,BC Woman,BC,1,10,0,Bc(w),latin,data/ap/2020_res_gp/kri_res_gp.pdf,25,kri_res_gp.pdf
Andhra Pradesh,2020,Krishna,Machilipatnam Ka rag ra ha ra m,Machilipatnam Ka rag ra ha ra m,,sarpanch,BC Other than Woman,BC,0,12,0,BC ,latin,data/ap/2020_res_gp/kri_res_gp.pdf,25,kri_res_gp.pdf
Andhra Pradesh,2020,Krishna,"l,lachilipatnam Kona","l,lachilipatnam Kona",,sarpanch,BC Woman,BC,1,10,0,BC(w),latin,data/ap/2020_res_gp/kri_res_gp.pdf,25,kri_res_gp.pdf
Andhra Pradesh,2020,Krishna,Machilipatnam Manqinapudi,Machilipatnam Manqinapudi,,sarpanch,Woman,NONE,1,8,0,uR(w),latin,data/ap/2020_res_gp/kri_res_gp.pdf,25,kri_res_gp.pdf
Andhra Pradesh,2020,Krishna,"Machilipatnam l""'lekavanipalem sr(w) 10","Machilipatnam l""'lekavanipalem sr(w) 10",,sarpanch,Woman,NONE,1,,0,uR(w),latin,data/ap/2020_res_gp/kri_res_gp.pdf,25,kri_res_gp.pdf
Andhra Pradesh,2020,Krishna,Machilipatnam N.Gollapalem,Machilipatnam N.Gollapalem,,sarpanch,SC Other than Woman,SC,0,10,0,sc ,latin,data/ap/2020_res_gp/kri_res_gp.pdf,25,kri_res_gp.pdf
Andhra Pradesh,2020,Krishna,Machilipatnam Nelakurru,Machilipatnam Nelakurru,,sarpanch,Woman,NONE,1,,0,uR(w),latin,data/ap/2020_res_gp/kri_res_gp.pdf,25,kri_res_gp.pdf
Andhra Pradesh,2020,Krishna,Machilipatnam P.T.Palem,Machilipatnam P.T.Palem,,sarpanch,BC Woman,BC,1,10,0,BC(W),latin,data/ap/2020_res_gp/kri_res_gp.pdf,25,kri_res_gp.pdf
Andhra Pradesh,2020,Krishna,Machilipatnam Pedapatnam,Machilipatnam Pedapatnam,,sarpanch,SC Woman,SC,1,10,0,sc(w),latin,data/ap/2020_res_gp/kri_res_gp.pdf,25,kri_res_gp.pdf
Andhra Pradesh,2020,Krishna,Machilipatnam Pedayadara,Machilipatnam Pedayadara,,sarpanch,Other than Woman,NONE,0,10,0,UR ,latin,data/ap/2020_res_gp/kri_res_gp.pdf,25,kri_res_gp.pdf
Andhra Pradesh,2020,Krishna,Machilipatnam Polatithippa,Machilipatnam Polatithippa,,sarpanch,BC Other than Woman,BC,0,10,0,BC ,latin,data/ap/2020_res_gp/kri_res_gp.pdf,25,kri_res_gp.pdf
Andhra Pradesh,2020,Krishna,Machilipatnam Pothepalli,Machilipatnam Pothepalli,,sarpanch,BC Other than Woman,BC,0,10,0,BC ,latin,data/ap/2020_res_gp/kri_res_gp.pdf,25,kri_res_gp.pdf
Andhra Pradesh,2020,Krishna,Machilipatnam Pothireddipalem,Machilipatnam Pothireddipalem,,sarpanch,Woman,NONE,1,8,0,uR(w),latin,data/ap/2020_res_gp/kri_res_gp.pdf,25,kri_res_gp.pdf
Andhra Pradesh,2020,Krishna,Machilipatnam Potlapalem,Machilipatnam Potlapalem,,sarpanch,Other than Woman,NONE,0,8,0,UR ,latin,data/ap/2020_res_gp/kri_res_gp.pdf,25,kri_res_gp.pdf
Andhra Pradesh,2020,Krishna,Machilipatnam Rudravaram,Machilipatnam Rudravaram,,sarpanch,SC Other than Woman,SC,0,,0,sc ,latin,data/ap/2020_res_gp/kri_res_gp.pdf,25,kri_res_gp.pdf
Andhra Pradesh,2020,Krishna,Machilipatnam S.N.Gollapalem,Machilipatnam S.N.Gollapalem,,sarpanch,BC Other than Woman,BC,0,,0,BC ,latin,data/ap/2020_res_gp/kri_res_gp.pdf,25,kri_res_gp.pdf
Andhra Pradesh,2020,Krishna,Machilipatnam Sitaramapuram,Machilipatnam Sitaramapuram,,sarpanch,BC Woman,BC,1,10,0,Bc(w),latin,data/ap/2020_res_gp/kri_res_gp.pdf,25,kri_res_gp.pdf
Andhra Pradesh,2020,Krishna,Machilipatnam Sultanaqaram,Machilipatnam Sultanaqaram,,sarpanch,BC Woman,BC,1,10,0,BC(W),latin,data/ap/2020_res_gp/kri_res_gp.pdf,25,kri_res_gp.pdf
Andhra Pradesh,2020,Krishna,Machilipatnam Tallapalem,Machilipatnam Tallapalem,,sarpanch,SC Woman,SC,1,14,0,sc(w),latin,data/ap/2020_res_gp/kri_res_gp.pdf,25,kri_res_gp.pdf
Andhra Pradesh,2020,Krishna,Machilipatnam Tapasipudi,Machilipatnam Tapasipudi,,sarpanch,Other than Woman,NONE,0,,0,UR ,latin,data/ap/2020_res_gp/kri_res_gp.pdf,25,kri_res_gp.pdf
Andhra Pradesh,2020,Krishna,Machilipatnam Tummalacheruvu,Machilipatnam Tummalacheruvu,,sarpanch,Woman,NONE,1,,0,uR(w),latin,data/ap/2020_res_gp/kri_res_gp.pdf,25,kri_res_gp.pdf
Andhra Pradesh,2020,Krishna,Machilipatnam Vadapalem,Machilipatnam Vadapalem,,sarpanch,Other than Woman,NONE,0,10,0,UR ,latin,data/ap/2020_res_gp/kri_res_gp.pdf,25,kri_res_gp.pdf
Andhra Pradesh,2020,Krishna,Mopidevi Bobbarlanka,Mopidevi Bobbarlanka,,sarpanch,Woman,NONE,1,8,0,uR(w),latin,data/ap/2020_res_gp/kri_res_gp.pdf,27,kri_res_gp.pdf
Andhra Pradesh,2020,Krishna,"l,lopidevi K.Kothapalem","l,lopidevi K.Kothapalem",,sarpanch,SC Woman,SC,1,,0,sc(w),latin,data/ap/2020_res_gp/kri_res_gp.pdf,27,kri_res_gp.pdf
Andhra Pradesh,2020,Krishna,Mopidevi Kosurivaripalem,Mopidevi Kosurivaripalem,,sarpanch,Woman,NONE,1,10,0,uR(w),latin,data/ap/2020_res_gp/kri_res_gp.pdf,27,kri_res_gp.pdf
Andhra Pradesh,2020,Krishna,Mopidevi f4ellamathilanka,Mopidevi f4ellamathilanka,,sarpanch,Other than Woman,NONE,0,8,0,UR ,latin,data/ap/2020_res_gp/kri_res_gp.pdf,27,kri_res_gp.pdf
Andhra Pradesh,2020,Krishna,Mopidevi Mera ka na pa lli,Mopidevi Mera ka na pa lli,,sarpanch,Woman,NONE,1,10,0,uR(w),latin,data/ap/2020_res_gp/kri_res_gp.pdf,27,kri_res_gp.pdf
Andhra Pradesh,2020,Krishna,Mopidevi,Mopidevi,,sarpanch,SC Woman,SC,1,14,0,sc(w),latin,data/ap/2020_res_gp/kri_res_gp.pdf,27,kri_res_gp.pdf
Andhra Pradesh,2020,Krishna,Mopidevi Mopidevilanka,Mopidevi Mopidevilanka,,sarpanch,Woman,NONE,1,8,0,uR(w),latin,data/ap/2020_res_gp/kri_res_gp.pdf,27,kri_res_gp.pdf
Andhra Pradesh,2020,Krishna,Mopidevi Nagayatippa,Mopidevi Nagayatippa,,sarpanch,Other than Woman,NONE,0,10,0,UR ,latin,data/ap/2020_res_gp/kri_res_gp.pdf,27,kri_res_gp.pdf
Andhra Pradesh,2020,Krishna,Mopidevi,Mopidevi,,sarpanch,BC Other than Woman,BC,0,,0,BC ,latin,data/ap/2020_res_gp/kri_res_gp.pdf,27,kri_res_gp.pdf
Andhra Pradesh,2020,Krishna,Mopideva Pedakallepalli t4,Mopideva Pedakallepalli t4,,sarpanch,BC Woman,BC,1,,0,Bc(w),latin,data/ap/2020_res_gp/kri_res_gp.pdf,27,kri_res_gp.pdf
Andhra Pradesh,2020,Krishna,lvlowa Avurupudi,lvlowa Avurupudi,,sarpanch,Woman,NONE,1,,0,uR(w),latin,data/ap/2020_res_gp/kri_res_gp.pdf,28,kri_res_gp.pdf
Andhra Pradesh,2020,Krishna,Mowa Barlapudi,Mowa Barlapudi,,sarpanch,Other than Woman,NONE,0,,0,UR ,latin,data/ap/2020_res_gp/kri_res_gp.pdf,28,kri_res_gp.pdf
Andhra Pradesh,2020,Krishna,Gudapadu,Gudapadu,,sarpanch,Woman,NONE,1,,0,uR(w),latin,data/ap/2020_res_gp/kri_res_gp.pdf,28,kri_res_gp.pdf
Andhra Pradesh,2020,Krishna,Mowa Kaza,Mowa Kaza,,sarpanch,SC Other than Woman,SC,0,14,0,sc ,latin,data/ap/2020_res_gp/kri_res_gp.pdf,28,kri_res_gp.pdf
Andhra Pradesh,2020,Krishna,Mowa Kosuru,Mowa Kosuru,,sarpanch,SC Other than Woman,SC,0,14,0,sc ,latin,data/ap/2020_res_gp/kri_res_gp.pdf,28,kri_res_gp.pdf
Andhra Pradesh,2020,Krishna,Mowa Kuchipudi,Mowa Kuchipudi,,sarpanch,BC Woman,BC,1,,0,BC(w),latin,data/ap/2020_res_gp/kri_res_gp.pdf,28,kri_res_gp.pdf
Andhra Pradesh,2020,Krishna,Musunuru Akkireddigudem,Musunuru Akkireddigudem,,sarpanch,Woman,NONE,1,10,0,uR(w),latin,data/ap/2020_res_gp/kri_res_gp.pdf,30,kri_res_gp.pdf
Andhra Pradesh,2020,Krishna,Musunuru Balive,Musunuru Balive,,sarpanch,Other than Woman,NONE,0,10,0,UR ,latin,data/ap/2020_res_gp/kri_res_gp.pdf,30,kri_res_gp.pdf
Andhra Pradesh,2020,Krishna,lvl usunuru Chakkapalli,lvl usunuru Chakkapalli,,sarpanch,BC Woman,BC,1,,0,Bc(w),latin,data/ap/2020_res_gp/kri_res_gp.pdf,30,kri_res_gp.pdf
Andhra Pradesh,2020,Krishna,lvlusunuru Chillaboinapalli,lvlusunuru Chillaboinapalli,,sarpanch,Other than Woman,NONE,0,10,0,UR ,latin,data/ap/2020_res_gp/kri_res_gp.pdf,30,kri_res_gp.pdf
Andhra Pradesh,2020,Krishna,Musunuru Chintalavalli a2,Musunuru Chintalavalli a2,,sarpanch,Other than Woman,NONE,0,,0,UR ,latin,data/ap/2020_res_gp/kri_res_gp.pdf,30,kri_res_gp.pdf
Andhra Pradesh,2020,Krishna,"l""l usunuru Ramanakkapeta","l""l usunuru Ramanakkapeta",,sarpanch,Woman,NONE,1,12,0,uR(w),latin,data/ap/2020_res_gp/kri_res_gp.pdf,30,kri_res_gp.pdf
Andhra Pradesh,2020,Krishna,Musunuru Yellapuram,Musunuru Yellapuram,,sarpanch,Other than Woman,NONE,0,,0,UR ,latin,data/ap/2020_res_gp/kri_res_gp.pdf,30,kri_res_gp.pdf
Andhra Pradesh,2020,Krishna,Mylavaram Ganapavaram t2,Mylavaram Ganapavaram t2,,sarpanch,Woman,NONE,1,,0,uR(w),latin,data/ap/2020_res_gp/kri_res_gp.pdf,31,kri_res_gp.pdf
Andhra Pradesh,2020,Krishna,Nagayalanka Bhavadevarapalli,Nagayalanka Bhavadevarapalli,,sarpanch,Other than Woman,NONE,0,12,0,UR ,latin,data/ap/2020_res_gp/kri_res_gp.pdf,32,kri_res_gp.pdf
Andhra Pradesh,2020,Krishna,Nagayalanka Edurumondi,Nagayalanka Edurumondi,,sarpanch,BC Other than Woman,BC,0,12,0,BC ,latin,data/ap/2020_res_gp/kri_res_gp.pdf,32,kri_res_gp.pdf
Andhra Pradesh,2020,Krishna,Naqayalanka Elichetladibba,Naqayalanka Elichetladibba,,sarpanch,Woman,NONE,1,,0,uR(w),latin,data/ap/2020_res_gp/kri_res_gp.pdf,32,kri_res_gp.pdf
Andhra Pradesh,2020,Krishna,Nagayalanka Etimoga,Nagayalanka Etimoga,,sarpanch,BC Woman,BC,1,10,0,BC(w),latin,data/ap/2020_res_gp/kri_res_gp.pdf,32,kri_res_gp.pdf
Andhra Pradesh,2020,Krishna,Nagayalanka Ga na peswa ra m,Nagayalanka Ga na peswa ra m,,sarpanch,BC Other than Woman,BC,0,10,0,BC ,latin,data/ap/2020_res_gp/kri_res_gp.pdf,32,kri_res_gp.pdf
Andhra Pradesh,2020,Krishna,Nagayalanka Kammanamolu,Nagayalanka Kammanamolu,,sarpanch,Other than Woman,NONE,0,,0,UR ,latin,data/ap/2020_res_gp/kri_res_gp.pdf,32,kri_res_gp.pdf
Andhra Pradesh,2020,Krishna,Nagayalanka 8,Nagayalanka 8,,sarpanch,Other than Woman,NONE,0,,0,UR ,latin,data/ap/2020_res_gp/kri_res_gp.pdf,32,kri_res_gp.pdf
Andhra Pradesh,2020,Krishna,Nagayalanka Nagayalanka,Nagayalanka Nagayalanka,,sarpanch,SC Other than Woman,SC,0,14,0,SC ,latin,data/ap/2020_res_gp/kri_res_gp.pdf,32,kri_res_gp.pdf
Andhra Pradesh,2020,Krishna,Nagayalanka 8,Nagayalanka 8,,sarpanch,BC Woman,BC,1,,0,BC(W),latin,data/ap/2020_res_gp/kri_res_gp.pdf,32,kri_res_gp.pdf
Andhra Pradesh,2020,Krishna,Nagayalanka Nangegadda,Nagayalanka Nangegadda,,sarpanch,Woman,NONE,1,10,0,UR(W),latin,data/ap/2020_res_gp/kri_res_gp.pdf,32,kri_res_gp.pdf
Andhra Pradesh,2020,Krishna,Nagayalanka Nachugunta 8,Nagayalanka Nachugunta 8,,sarpanch,SC Woman,SC,1,,0,sc(w),latin,data/ap/2020_res_gp/kri_res_gp.pdf,32,kri_res_gp.pdf
Andhra Pradesh,2020,Krishna,Nagayalanka Pedakammavaripalem,Nagayalanka Pedakammavaripalem,,sarpanch,Other than Woman,NONE,0,8,0,UR ,latin,data/ap/2020_res_gp/kri_res_gp.pdf,32,kri_res_gp.pdf
Andhra Pradesh,2020,Krishna,Nagayalanka Pedapalem 10 Remalavaripalem,Nagayalanka Pedapalem 10 Remalavaripalem,,sarpanch,Woman,NONE,1,,0,UR(W),latin,data/ap/2020_res_gp/kri_res_gp.pdf,32,kri_res_gp.pdf
Andhra Pradesh,2020,Krishna,Nagayalanka 8,Nagayalanka 8,,sarpanch,BC Woman,BC,1,,0,Bc(w),latin,data/ap/2020_res_gp/kri_res_gp.pdf,32,kri_res_gp.pdf
Andhra Pradesh,2020,Krishna,Nagayalanka Sangameswaram 10,Nagayalanka Sangameswaram 10,,sarpanch,BC Woman,BC,1,,0,BC(w),latin,data/ap/2020_res_gp/kri_res_gp.pdf,32,kri_res_gp.pdf
Andhra Pradesh,2020,Krishna,Nagayalanka Sorlagondi 10,Nagayalanka Sorlagondi 10,,sarpanch,Woman,NONE,1,,0,UR(W),latin,data/ap/2020_res_gp/kri_res_gp.pdf,32,kri_res_gp.pdf
Andhra Pradesh,2020,Krishna,Nagayalanka T.Kothapalem 10,Nagayalanka T.Kothapalem 10,,sarpanch,Woman,NONE,1,,0,uR(w),latin,data/ap/2020_res_gp/kri_res_gp.pdf,32,kri_res_gp.pdf
Andhra Pradesh,2020,Krishna,Nagayalanka Talaqadadeevi,Nagayalanka Talaqadadeevi,,sarpanch,Other than Woman,NONE,0,,0,UR ,latin,data/ap/2020_res_gp/kri_res_gp.pdf,32,kri_res_gp.pdf
Andhra Pradesh,2020,Krishna,Nandiqama Nandiqama Adiviravulapadu Ambarupeta 10 10,Nandiqama Nandiqama Adiviravulapadu Ambarupeta 10 10,,sarpanch,Woman,NONE,1,,0,uR(w),latin,data/ap/2020_res_gp/kri_res_gp.pdf,33,kri_res_gp.pdf
Andhra Pradesh,2020,Krishna,Chamdaapuram l0,Chamdaapuram l0,,sarpanch,Woman,NONE,1,,0,uR(w),latin,data/ap/2020_res_gp/kri_res_gp.pdf,33,kri_res_gp.pdf
Andhra Pradesh,2020,Krishna,,TJR Nandiqama Kanchela 10,,sarpanch,Woman,NONE,1,,0,uR(w),latin,data/ap/2020_res_gp/kri_res_gp.pdf,33,kri_res_gp.pdf
Andhra Pradesh,2020,Krishna,Kammavaripalem 10,Kammavaripalem 10,,sarpanch,SC Woman,SC,1,,0,sc(w),latin,data/ap/2020_res_gp/kri_res_gp.pdf,33,kri_res_gp.pdf
Andhra Pradesh,2020,Krishna,Kethaverunipadu 10,Kethaverunipadu 10,,sarpanch,Woman,NONE,1,,0,uR(w),latin,data/ap/2020_res_gp/kri_res_gp.pdf,33,kri_res_gp.pdf
Andhra Pradesh,2020,Krishna,Konatamatmakuru 10,Konatamatmakuru 10,,sarpanch,Other than Woman,NONE,0,,0,UR ,latin,data/ap/2020_res_gp/kri_res_gp.pdf,33,kri_res_gp.pdf
Andhra Pradesh,2020,Krishna,Konduru 10,Konduru 10,,sarpanch,Other than Woman,NONE,0,,0,UR ,latin,data/ap/2020_res_gp/kri_res_gp.pdf,33,kri_res_gp.pdf
Andhra Pradesh,2020,Krishna,Lingalapadu 10,Lingalapadu 10,,sarpanch,Woman,NONE,1,,0,uR(w),latin,data/ap/2020_res_gp/kri_res_gp.pdf,33,kri_res_gp.pdf
Andhra Pradesh,2020,Krishna,Maagallu,Maagallu,,sarpanch,Other than Woman,NONE,0,,0,UR ,latin,data/ap/2020_res_gp/kri_res_gp.pdf,33,kri_res_gp.pdf
Andhra Pradesh,2020,Krishna,Munagacherla 8,Munagacherla 8,,sarpanch,Other than Woman,NONE,0,,0,UR ,latin,data/ap/2020_res_gp/kri_res_gp.pdf,33,kri_res_gp.pdf
Andhra Pradesh,2020,Krishna,PeddaYaram a2 sr(w),PeddaYaram a2 sr(w),,sarpanch,Other than Woman,NONE,0,,0,UR ,latin,data/ap/2020_res_gp/kri_res_gp.pdf,33,kri_res_gp.pdf
Andhra Pradesh,2020,Krishna,Raghavapuram,Raghavapuram,,sarpanch,Other than Woman,NONE,0,,0,UR ,latin,data/ap/2020_res_gp/kri_res_gp.pdf,33,kri_res_gp.pdf
Andhra Pradesh,2020,Krishna,Ramireddipalle 10,Ramireddipalle 10,,sarpanch,SC Woman,SC,1,,0,sc(w),latin,data/ap/2020_res_gp/kri_res_gp.pdf,33,kri_res_gp.pdf
Andhra Pradesh,2020,Krishna,Nandiqama Rudravaram r0,Nandiqama Rudravaram r0,,sarpanch,SC Other than Woman,SC,0,,0,sc ,latin,data/ap/2020_res_gp/kri_res_gp.pdf,33,kri_res_gp.pdf
Andhra Pradesh,2020,Krishna,Thakkellapadu 10,Thakkellapadu 10,,sarpanch,SC Other than Woman,SC,0,,0,sc ,latin,data/ap/2020_res_gp/kri_res_gp.pdf,33,kri_res_gp.pdf
Andhra Pradesh,2020,Krishna,Nandiqama Thorragudipadu 8,Nandiqama Thorragudipadu 8,,sarpanch,Other than Woman,NONE,0,,0,UR ,latin,data/ap/2020_res_gp/kri_res_gp.pdf,33,kri_res_gp.pdf
Andhra Pradesh,2020,Krishna,Nandivada Anamanapudl,Nandivada Anamanapudl,,sarpanch,Woman,NONE,1,,0,uR(w),latin,data/ap/2020_res_gp/kri_res_gp.pdf,34,kri_res_gp.pdf
Andhra Pradesh,2020,Krishna,Nandivada Aripirala,Nandivada Aripirala,,sarpanch,Woman,NONE,1,,0,uR(w),latin,data/ap/2020_res_gp/kri_res_gp.pdf,34,kri_res_gp.pdf
Andhra Pradesh,2020,Krishna,Nand vada Chedurthlpadu 6,Nand vada Chedurthlpadu 6,,sarpanch,BC Woman,BC,1,,0,BC(W),latin,data/ap/2020_res_gp/kri_res_gp.pdf,34,kri_res_gp.pdf
Andhra Pradesh,2020,Krishna,Nandivada Gandepudi,Nandivada Gandepudi,,sarpanch,Other than Woman,NONE,0,,0,UR ,latin,data/ap/2020_res_gp/kri_res_gp.pdf,34,kri_res_gp.pdf
Andhra Pradesh,2020,Krishna,Nandlvada Kudaravalll Nandivada Nandivada,Nandlvada Kudaravalll Nandivada Nandivada,,sarpanch,SC Woman,SC,1,12,0,sc(w),latin,data/ap/2020_res_gp/kri_res_gp.pdf,34,kri_res_gp.pdf
Andhra Pradesh,2020,Krishna,Nandivada Pedalingala a,Nandivada Pedalingala a,,sarpanch,BC Other than Woman,BC,0,,0,BC ,latin,data/ap/2020_res_gp/kri_res_gp.pdf,34,kri_res_gp.pdf
Andhra Pradesh,2020,Krishna,Nandivada Ponukumadu,Nandivada Ponukumadu,,sarpanch,Woman,NONE,1,,0,uR(w),latin,data/ap/2020_res_gp/kri_res_gp.pdf,34,kri_res_gp.pdf
Andhra Pradesh,2020,Krishna,Nandivada Puttagunta,Nandivada Puttagunta,,sarpanch,SC Other than Woman,SC,0,10,0,sc ,latin,data/ap/2020_res_gp/kri_res_gp.pdf,34,kri_res_gp.pdf
Andhra Pradesh,2020,Krishna,Rudrapaka,Rudrapaka,,sarpanch,SC Other than Woman,SC,0,10,0,sc ,latin,data/ap/2020_res_gp/kri_res_gp.pdf,34,kri_res_gp.pdf
Andhra Pradesh,2020,Krishna,Nandivada Sankarampadu,Nandivada Sankarampadu,,sarpanch,Other than Woman,NONE,0,,0,UR ,latin,data/ap/2020_res_gp/kri_res_gp.pdf,34,kri_res_gp.pdf
Andhra Pradesh,2020,Krishna,Nandivada Tamirisa,Nandivada Tamirisa,,sarpanch,SC Woman,SC,1,,0,sc(w),latin,data/ap/2020_res_gp/kri_res_gp.pdf,34,kri_res_gp.pdf
Andhra Pradesh,2020,Krishna,Nandlvada Thummalapalle,Nandlvada Thummalapalle,,sarpanch,BC Other than Woman,BC,0,,0,BC,latin,data/ap/2020_res_gp/kri_res_gp.pdf,34,kri_res_gp.pdf
Andhra Pradesh,2020,Krishna,Nandivada Vennanapudl,Nandivada Vennanapudl,,sarpanch,SC Other than Woman,SC,0,,0,sc ,latin,data/ap/2020_res_gp/kri_res_gp.pdf,34,kri_res_gp.pdf
Andhra Pradesh,2020,Krishna,Nuzvid Eathulavarigudem,Nuzvid Eathulavarigudem,,sarpanch,Woman,NONE,1,10,0,uR(w),latin,data/ap/2020_res_gp/kri_res_gp.pdf,35,kri_res_gp.pdf
Andhra Pradesh,2020,Krishna,Nuzvid Boravancha,Nuzvid Boravancha,,sarpanch,SC Other than Woman,SC,0,10,0,sc ,latin,data/ap/2020_res_gp/kri_res_gp.pdf,35,kri_res_gp.pdf
Andhra Pradesh,2020,Krishna,Nuzvid Digavalli,Nuzvid Digavalli,,sarpanch,BC Other than Woman,BC,0,10,1,8C ,latin,data/ap/2020_res_gp/kri_res_gp.pdf,35,kri_res_gp.pdf
Andhra Pradesh,2020,Krishna,Nuzvid East Digavalli,Nuzvid East Digavalli,,sarpanch,Woman,NONE,1,,0,UR(W),latin,data/ap/2020_res_gp/kri_res_gp.pdf,35,kri_res_gp.pdf
Andhra Pradesh,2020,Krishna,Nuzvid Gollapalle,Nuzvid Gollapalle,,sarpanch,SC Woman,SC,1,14,0,sc(w),latin,data/ap/2020_res_gp/kri_res_gp.pdf,35,kri_res_gp.pdf
Andhra Pradesh,2020,Krishna,Nuzvid,Nuzvid,,sarpanch,Other than Woman,NONE,0,,0,UR ,latin,data/ap/2020_res_gp/kri_res_gp.pdf,35,kri_res_gp.pdf
Andhra Pradesh,2020,Krishna,Nuzvid langamgudem,Nuzvid langamgudem,,sarpanch,Woman,NONE,1,10,0,uR(w),latin,data/ap/2020_res_gp/kri_res_gp.pdf,35,kri_res_gp.pdf
Andhra Pradesh,2020,Krishna,Nuzvid sr(w) sr(w) sr(w),Nuzvid sr(w) sr(w) sr(w),,sarpanch,ST Other than Woman,ST,0,,0,ST ,latin,data/ap/2020_res_gp/kri_res_gp.pdf,35,kri_res_gp.pdf
Andhra Pradesh,2020,Krishna,Nuzvid I\4a ffibanda m,Nuzvid I\4a ffibanda m,,sarpanch,Other than Woman,NONE,0,,0,UR ,latin,data/ap/2020_res_gp/kri_res_gp.pdf,35,kri_res_gp.pdf
Andhra Pradesh,2020,Krishna,Nuzvid Marijapuram,Nuzvid Marijapuram,,sarpanch,Woman,NONE,1,,0,uR(w),latin,data/ap/2020_res_gp/kri_res_gp.pdf,35,kri_res_gp.pdf
Andhra Pradesh,2020,Krishna,Nuzvid 14ittaqudem*,Nuzvid 14ittaqudem*,,sarpanch,Other than Woman,NONE,0,10,0,UR ,latin,data/ap/2020_res_gp/kri_res_gp.pdf,35,kri_res_gp.pdf
Andhra Pradesh,2020,Krishna,Nuzvid,Nuzvid,,sarpanch,Woman,NONE,1,,0,uR(w),latin,data/ap/2020_res_gp/kri_res_gp.pdf,35,kri_res_gp.pdf
Andhra Pradesh,2020,Krishna,Nuzvid Plukkollupadu,Nuzvid Plukkollupadu,,sarpanch,BC Woman,BC,1,10,0,BC(w),latin,data/ap/2020_res_gp/kri_res_gp.pdf,35,kri_res_gp.pdf
Andhra Pradesh,2020,Krishna,Nuzvid Pallerlamudi,Nuzvid Pallerlamudi,,sarpanch,SC Woman,SC,1,12,0,SC(W),latin,data/ap/2020_res_gp/kri_res_gp.pdf,35,kri_res_gp.pdf
Andhra Pradesh,2020,Krishna,Nuzvid Patha Pivicherla*,Nuzvid Patha Pivicherla*,,sarpanch,Woman,NONE,1,10,0,UR(W),latin,data/ap/2020_res_gp/kri_res_gp.pdf,35,kri_res_gp.pdf
Andhra Pradesh,2020,Krishna,Nuzvrd Pathureddipalle,Nuzvrd Pathureddipalle,,sarpanch,BC Woman,BC,1,,0,BC(w),latin,data/ap/2020_res_gp/kri_res_gp.pdf,35,kri_res_gp.pdf
Andhra Pradesh,2020,Krishna,Nuzvid Polasanapalle 8,Nuzvid Polasanapalle 8,,sarpanch,BC Woman,BC,1,,1,8C(W),latin,data/ap/2020_res_gp/kri_res_gp.pdf,35,kri_res_gp.pdf
Andhra Pradesh,2020,Krishna,Nuzvid SeetaramPuram,Nuzvid SeetaramPuram,,sarpanch,Other than Woman,NONE,0,10,0,UR ,latin,data/ap/2020_res_gp/kri_res_gp.pdf,35,kri_res_gp.pdf
Andhra Pradesh,2020,Krishna,Nuzvid 9ddhardhanagar sr(w) r0,Nuzvid 9ddhardhanagar sr(w) r0,,sarpanch,Woman,NONE,1,,0,uR(w),latin,data/ap/2020_res_gp/kri_res_gp.pdf,35,kri_res_gp.pdf
Andhra Pradesh,2020,Krishna,Nuzvid Sunkollu,Nuzvid Sunkollu,,sarpanch,SC Other than Woman,SC,0,10,0,sc ,latin,data/ap/2020_res_gp/kri_res_gp.pdf,35,kri_res_gp.pdf
Andhra Pradesh,2020,Krishna,Nuzvid Trikkuluru (14),Nuzvid Trikkuluru (14),,sarpanch,SC Other than Woman,SC,0,,0,SC ,latin,data/ap/2020_res_gp/kri_res_gp.pdf,35,kri_res_gp.pdf
Andhra Pradesh,2020,Krishna,Nuzvid nkatayapalem,Nuzvid nkatayapalem,,sarpanch,Other than Woman,NONE,0,8,0,UR ,latin,data/ap/2020_res_gp/kri_res_gp.pdf,35,kri_res_gp.pdf
Andhra Pradesh,2020,Krishna,Undrapudi,Undrapudi,,sarpanch,SC Woman,SC,1,,0,sc(w),latin,data/ap/2020_res_gp/kri_res_gp.pdf,36,kri_res_gp.pdf
Andhra Pradesh,2020,Krishna,Pamidimukkala Gopuvanipalem,Pamidimukkala Gopuvanipalem,,sarpanch,Other than Woman,NONE,0,8,0,UR ,latin,data/ap/2020_res_gp/kri_res_gp.pdf,37,kri_res_gp.pdf
Andhra Pradesh,2020,Krishna,Pamidimukkala Tadanki,Pamidimukkala Tadanki,,sarpanch,BC Other than Woman,BC,0,10,0,BC ,latin,data/ap/2020_res_gp/kri_res_gp.pdf,37,kri_res_gp.pdf
Andhra Pradesh,2020,Krishna,"Pamidimukkala l""lullapudi a","Pamidimukkala l""lullapudi a",,sarpanch,Other than Woman,NONE,0,,0,UR ,latin,data/ap/2020_res_gp/kri_res_gp.pdf,37,kri_res_gp.pdf
Andhra Pradesh,2020,Krishna,Hanumanthapuram,Hanumanthapuram,,sarpanch,Other than Woman,NONE,0,,0,UR ,latin,data/ap/2020_res_gp/kri_res_gp.pdf,37,kri_res_gp.pdf
Andhra Pradesh,2020,Krishna,Pamidimukkala Pamidimukkala,Pamidimukkala Pamidimukkala,,sarpanch,SC Woman,SC,1,12,0,sc(w),latin,data/ap/2020_res_gp/kri_res_gp.pdf,37,kri_res_gp.pdf
Andhra Pradesh,2020,Krishna,Agniparru 10,Agniparru 10,,sarpanch,Other than Woman,NONE,0,,0,UR ,latin,data/ap/2020_res_gp/kri_res_gp.pdf,37,kri_res_gp.pdf
Andhra Pradesh,2020,Krishna,Pamidimukkala Choragudi,Pamidimukkala Choragudi,,sarpanch,BC Woman,BC,1,12,0,BC(w),latin,data/ap/2020_res_gp/kri_res_gp.pdf,37,kri_res_gp.pdf
Andhra Pradesh,2020,Krishna,Pedana Atchayavaripalem ac,Pedana Atchayavaripalem ac,,sarpanch,BC Woman,BC,1,8,0,Bc(w),latin,data/ap/2020_res_gp/kri_res_gp.pdf,38,kri_res_gp.pdf
Andhra Pradesh,2020,Krishna,Pedana Balliparru,Pedana Balliparru,,sarpanch,SC Woman,SC,1,12,0,sc(w),latin,data/ap/2020_res_gp/kri_res_gp.pdf,38,kri_res_gp.pdf
Andhra Pradesh,2020,Krishna,Pedana Chodavaram Gurivindagunta,Pedana Chodavaram Gurivindagunta,,sarpanch,Woman,NONE,1,,0,uR(w),latin,data/ap/2020_res_gp/kri_res_gp.pdf,38,kri_res_gp.pdf
Andhra Pradesh,2020,Krishna,Pedana J injeru Kakarlamudi Kamalapuram,Pedana J injeru Kakarlamudi Kamalapuram,,sarpanch,Other than Woman,NONE,0,,0,UR ,latin,data/ap/2020_res_gp/kri_res_gp.pdf,38,kri_res_gp.pdf
Andhra Pradesh,2020,Krishna,Pedana Konganchaerla Konkepudi,Pedana Konganchaerla Konkepudi,,sarpanch,Woman,NONE,1,,0,uR(w),latin,data/ap/2020_res_gp/kri_res_gp.pdf,38,kri_res_gp.pdf
Andhra Pradesh,2020,Krishna,Pedana Koppalli Kuduru,Pedana Koppalli Kuduru,,sarpanch,Woman,NONE,1,,0,uR(w),latin,data/ap/2020_res_gp/kri_res_gp.pdf,38,kri_res_gp.pdf
Andhra Pradesh,2020,Krishna,Pedana Nandamuru,Pedana Nandamuru,,sarpanch,BC Other than Woman,BC,0,10,0,BC ,latin,data/ap/2020_res_gp/kri_res_gp.pdf,38,kri_res_gp.pdf
Andhra Pradesh,2020,Krishna,Pedana Nandigama,Pedana Nandigama,,sarpanch,SC Other than Woman,SC,0,10,0,sc ,latin,data/ap/2020_res_gp/kri_res_gp.pdf,38,kri_res_gp.pdf
Andhra Pradesh,2020,Krishna,Pedana Nelakondapalle,Pedana Nelakondapalle,,sarpanch,Other than Woman,NONE,0,8,0,UR ,latin,data/ap/2020_res_gp/kri_res_gp.pdf,38,kri_res_gp.pdf
Andhra Pradesh,2020,Krishna,Pedana Penumalli,Pedana Penumalli,,sarpanch,Other than Woman,NONE,0,,0,UR ,latin,data/ap/2020_res_gp/kri_res_gp.pdf,38,kri_res_gp.pdf
Andhra Pradesh,2020,Krishna,Pedana Pullapadu,Pedana Pullapadu,,sarpanch,BC Other than Woman,BC,0,0,0,BC ,latin,data/ap/2020_res_gp/kri_res_gp.pdf,38,kri_res_gp.pdf
Andhra Pradesh,2020,Krishna,Pedana serivarthala Palle,Pedana serivarthala Palle,,sarpanch,Other than Woman,NONE,0,,0,Ur,latin,data/ap/2020_res_gp/kri_res_gp.pdf,38,kri_res_gp.pdf
Andhra Pradesh,2020,Krishna,Penamaluru Ganguru 14,Penamaluru Ganguru 14,,sarpanch,BC Other than Woman,BC,0,,0,BC ,latin,data/ap/2020_res_gp/kri_res_gp.pdf,40,kri_res_gp.pdf
Andhra Pradesh,2020,Krishna,Penamaluru Chodavaram t2,Penamaluru Chodavaram t2,,sarpanch,Other than Woman,NONE,0,,0,UR ,latin,data/ap/2020_res_gp/kri_res_gp.pdf,40,kri_res_gp.pdf
Andhra Pradesh,2020,Krishna,Penamaluru Pedapulipaka 10,Penamaluru Pedapulipaka 10,,sarpanch,Other than Woman,NONE,0,,0,UR ,latin,data/ap/2020_res_gp/kri_res_gp.pdf,40,kri_res_gp.pdf
Andhra Pradesh,2020,Krishna,Penamaluru Penamaluru Vanukuru l4,Penamaluru Penamaluru Vanukuru l4,,sarpanch,Woman,NONE,1,,0,uR(w),latin,data/ap/2020_res_gp/kri_res_gp.pdf,40,kri_res_gp.pdf
Andhra Pradesh,2020,Krishna,Penuganchiprolu Anigandlapadu t4 sr(w),Penuganchiprolu Anigandlapadu t4 sr(w),,sarpanch,Woman,NONE,1,,0,uR(w),latin,data/ap/2020_res_gp/kri_res_gp.pdf,41,kri_res_gp.pdf
Andhra Pradesh,2020,Krishna,Penuganchiprolu Gummadiduru t2,Penuganchiprolu Gummadiduru t2,,sarpanch,SC Woman,SC,1,,0,sc(w),latin,data/ap/2020_res_gp/kri_res_gp.pdf,41,kri_res_gp.pdf
Andhra Pradesh,2020,Krishna,Penuganchiprolu Kollikolla a,Penuganchiprolu Kollikolla a,,sarpanch,Other than Woman,NONE,0,,0,UR ,latin,data/ap/2020_res_gp/kri_res_gp.pdf,41,kri_res_gp.pdf
Andhra Pradesh,2020,Krishna,Penuganchiprolu Konkanchi t2 oc(w),Penuganchiprolu Konkanchi t2 oc(w),,sarpanch,Woman,NONE,1,,0,uR(w),latin,data/ap/2020_res_gp/kri_res_gp.pdf,41,kri_res_gp.pdf
Andhra Pradesh,2020,Krishna,Penuganchiprolu lvluchintala t0,Penuganchiprolu lvluchintala t0,,sarpanch,SC Other than Woman,SC,0,,0,sc ,latin,data/ap/2020_res_gp/kri_res_gp.pdf,41,kri_res_gp.pdf
Andhra Pradesh,2020,Krishna,Penuganchiprolu Mundlapadu L2,Penuganchiprolu Mundlapadu L2,,sarpanch,Woman,NONE,1,,0,uR(w),latin,data/ap/2020_res_gp/kri_res_gp.pdf,41,kri_res_gp.pdf
Andhra Pradesh,2020,Krishna,Penuganchiprolu Lingagudem 10,Penuganchiprolu Lingagudem 10,,sarpanch,Woman,NONE,1,,0,uR(w),latin,data/ap/2020_res_gp/kri_res_gp.pdf,41,kri_res_gp.pdf
Andhra Pradesh,2020,Krishna,Penuganchiprolu Penuqanchiprolu 16,Penuganchiprolu Penuqanchiprolu 16,,sarpanch,SC Woman,SC,1,,0,sc(w),latin,data/ap/2020_res_gp/kri_res_gp.pdf,41,kri_res_gp.pdf
Andhra Pradesh,2020,Krishna,Penuganchiprolu Thotacharla 10,Penuganchiprolu Thotacharla 10,,sarpanch,Woman,NONE,1,,0,uR(w),latin,data/ap/2020_res_gp/kri_res_gp.pdf,41,kri_res_gp.pdf
Andhra Pradesh,2020,Krishna,Penuqanchiprolu Sanagapadu 10,Penuqanchiprolu Sanagapadu 10,,sarpanch,SC Other than Woman,SC,0,,0,sc ,latin,data/ap/2020_res_gp/kri_res_gp.pdf,41,kri_res_gp.pdf
Andhra Pradesh,2020,Krishna,Penuganchiprolu Savapuram 10,Penuganchiprolu Savapuram 10,,sarpanch,Other than Woman,NONE,0,,0,UR ,latin,data/ap/2020_res_gp/kri_res_gp.pdf,41,kri_res_gp.pdf
Andhra Pradesh,2020,Krishna,Penuqanchiprolu Subbayagudem 10,Penuqanchiprolu Subbayagudem 10,,sarpanch,Other than Woman,NONE,0,,0,UR ,latin,data/ap/2020_res_gp/kri_res_gp.pdf,41,kri_res_gp.pdf
Andhra Pradesh,2020,Krishna,Penuganchiprolu Venkatapuram I,Penuganchiprolu Venkatapuram I,,sarpanch,Other than Woman,NONE,0,,0,UR ,latin,data/ap/2020_res_gp/kri_res_gp.pdf,41,kri_res_gp.pdf
Andhra Pradesh,2020,Krishna,Thotlavalluru Boddapadu,Thotlavalluru Boddapadu,,sarpanch,Woman,NONE,1,,0,UR(W),latin,data/ap/2020_res_gp/kri_res_gp.pdf,43,kri_res_gp.pdf
Andhra Pradesh,2020,Krishna,Thotlavalluru Chinapulipaka a,Thotlavalluru Chinapulipaka a,,sarpanch,Other than Woman,NONE,0,,0,UR ,latin,data/ap/2020_res_gp/kri_res_gp.pdf,43,kri_res_gp.pdf
Andhra Pradesh,2020,Krishna,Thotlavalluru Vallurupalem,Thotlavalluru Vallurupalem,,sarpanch,SC Other than Woman,SC,0,,0,sc ,latin,data/ap/2020_res_gp/kri_res_gp.pdf,43,kri_res_gp.pdf
Andhra Pradesh,2020,Krishna,Thotlavalluru Chagantipadu,Thotlavalluru Chagantipadu,,sarpanch,SC Other than Woman,SC,0,,0,sc ,latin,data/ap/2020_res_gp/kri_res_gp.pdf,43,kri_res_gp.pdf
Andhra Pradesh,2020,Krishna,Thotlavalluru Devarapalli,Thotlavalluru Devarapalli,,sarpanch,SC Woman,SC,1,,0,sc(w),latin,data/ap/2020_res_gp/kri_res_gp.pdf,43,kri_res_gp.pdf
Andhra Pradesh,2020,Krishna,Thotlavalluru Gurvindapalli Iluru I 10,Thotlavalluru Gurvindapalli Iluru I 10,,sarpanch,Other than Woman,NONE,0,,0,UR ,latin,data/ap/2020_res_gp/kri_res_gp.pdf,43,kri_res_gp.pdf
Andhra Pradesh,2020,Krishna,Tiruvuru Anjaneyapuram,Tiruvuru Anjaneyapuram,,sarpanch,Other than Woman,NONE,0,6,0,UR ,latin,data/ap/2020_res_gp/kri_res_gp.pdf,44,kri_res_gp.pdf
Andhra Pradesh,2020,Krishna,Tiruvuru Chinthalapadu,Tiruvuru Chinthalapadu,,sarpanch,Other than Woman,NONE,0,,0,UR,latin,data/ap/2020_res_gp/kri_res_gp.pdf,44,kri_res_gp.pdf
Andhra Pradesh,2020,Krishna,Tiruvuru Chittela,Tiruvuru Chittela,,sarpanch,Other than Woman,NONE,0,,0,UR ,latin,data/ap/2020_res_gp/kri_res_gp.pdf,44,kri_res_gp.pdf
Andhra Pradesh,2020,Krishna,Tiruvuru Chwotapalli,Tiruvuru Chwotapalli,,sarpanch,BC Other than Woman,BC,0,,0,BC,latin,data/ap/2020_res_gp/kri_res_gp.pdf,44,kri_res_gp.pdf
Andhra Pradesh,2020,Krishna,Tiruvuru Erramadu,Tiruvuru Erramadu,,sarpanch,Woman,NONE,1,10,0,uR(w),latin,data/ap/2020_res_gp/kri_res_gp.pdf,44,kri_res_gp.pdf
Andhra Pradesh,2020,Krishna,Tiruvuru Erukapadu,Tiruvuru Erukapadu,,sarpanch,Other than Woman,NONE,0,8,0,UR ,latin,data/ap/2020_res_gp/kri_res_gp.pdf,44,kri_res_gp.pdf
Andhra Pradesh,2020,Krishna,Tiruvuru 14ustikuntla,Tiruvuru 14ustikuntla,,sarpanch,SC Other than Woman,SC,0,10,0,sc ,latin,data/ap/2020_res_gp/kri_res_gp.pdf,44,kri_res_gp.pdf
Andhra Pradesh,2020,Krishna,Vijayawada@ K. Tadepalli 14,Vijayawada@ K. Tadepalli 14,,sarpanch,BC Woman,BC,1,,0,BC(w),latin,data/ap/2020_res_gp/kri_res_gp.pdf,48,kri_res_gp.pdf
Andhra Pradesh,2020,Krishna,Vijayawada@ Pydurupadu 10,Vijayawada@ Pydurupadu 10,,sarpanch,Other than Woman,NONE,0,,0,UR ,latin,data/ap/2020_res_gp/kri_res_gp.pdf,48,kri_res_gp.pdf
Andhra Pradesh,2020,Krishna,Vijayawada@ Rayanapadu t2,Vijayawada@ Rayanapadu t2,,sarpanch,Woman,NONE,1,,0,uR(w),latin,data/ap/2020_res_gp/kri_res_gp.pdf,48,kri_res_gp.pdf
Andhra Pradesh,2020,Krishna,Vijayawada@ P.Nainavaram 10,Vijayawada@ P.Nainavaram 10,,sarpanch,Other than Woman,NONE,0,,0,UR ,latin,data/ap/2020_res_gp/kri_res_gp.pdf,48,kri_res_gp.pdf
Andhra Pradesh,2020,Krishna,Vijayawada@ Ambapuram 10,Vijayawada@ Ambapuram 10,,sarpanch,Other than Woman,NONE,0,,0,UR ,latin,data/ap/2020_res_gp/kri_res_gp.pdf,48,kri_res_gp.pdf
Andhra Pradesh,2020,Krishna,Vijayawada@ Ramavarappadu 20,Vijayawada@ Ramavarappadu 20,,sarpanch,BC Woman,BC,1,,0,Bc(w),latin,data/ap/2020_res_gp/kri_res_gp.pdf,48,kri_res_gp.pdf
Andhra Pradesh,2020,Krishna,Vijayavvada@ Prasadampadu 16,Vijayavvada@ Prasadampadu 16,,sarpanch,BC Woman,BC,1,,0,Bc(w),latin,data/ap/2020_res_gp/kri_res_gp.pdf,48,kri_res_gp.pdf
Andhra Pradesh,2020,Krishna,Vijayawada@ Nidamanuru 16,Vijayawada@ Nidamanuru 16,,sarpanch,SC Other than Woman,SC,0,,0,sc ,latin,data/ap/2020_res_gp/kri_res_gp.pdf,48,kri_res_gp.pdf
Andhra Pradesh,2020,Krishna,Vijayawada@ Gudavalli 14,Vijayawada@ Gudavalli 14,,sarpanch,Woman,NONE,1,,0,uR(w),latin,data/ap/2020_res_gp/kri_res_gp.pdf,48,kri_res_gp.pdf
Andhra Pradesh,2020,Krishna,Vijayawada@ Pathapadu 12,Vijayawada@ Pathapadu 12,,sarpanch,Woman,NONE,1,,0,uR(w),latin,data/ap/2020_res_gp/kri_res_gp.pdf,48,kri_res_gp.pdf
Andhra Pradesh,2020,Krishna,Vijayawada@ Nunna 15,Vijayawada@ Nunna 15,,sarpanch,SC Woman,SC,1,,0,sc(w),latin,data/ap/2020_res_gp/kri_res_gp.pdf,48,kri_res_gp.pdf
Andhra Pradesh,2020,Krishna,Vissannapet Chandrupatla,Vissannapet Chandrupatla,,sarpanch,Other than Woman,NONE,0,10,0,UR ,latin,data/ap/2020_res_gp/kri_res_gp.pdf,49,kri_res_gp.pdf
Andhra Pradesh,2020,Krishna,Vissannapet Kalagara,Vissannapet Kalagara,,sarpanch,Woman,NONE,1,14,0,uR(w),latin,data/ap/2020_res_gp/kri_res_gp.pdf,49,kri_res_gp.pdf
Andhra Pradesh,2020,Krishna,Vissannapet Kondaparva,Vissannapet Kondaparva,,sarpanch,Other than Woman,NONE,0,12,0,UR ,latin,data/ap/2020_res_gp/kri_res_gp.pdf,49,kri_res_gp.pdf
Andhra Pradesh,2020,Krishna,Vissannapet Korlamanda,Vissannapet Korlamanda,,sarpanch,Woman,NONE,1,12,0,uR(w),latin,data/ap/2020_res_gp/kri_res_gp.pdf,49,kri_res_gp.pdf
Andhra Pradesh,2020,Krishna,Vissannapet Maremanda,Vissannapet Maremanda,,sarpanch,Other than Woman,NONE,0,8,0,UR ,latin,data/ap/2020_res_gp/kri_res_gp.pdf,49,kri_res_gp.pdf
Andhra Pradesh,2020,Krishna,Vissannapet Narasapuram,Vissannapet Narasapuram,,sarpanch,SC Woman,SC,1,12,0,sc(w),latin,data/ap/2020_res_gp/kri_res_gp.pdf,49,kri_res_gp.pdf
Andhra Pradesh,2020,Krishna,Vissannapet Vemireddlpalli,Vissannapet Vemireddlpalli,,sarpanch,BC Woman,BC,1,,1,8c(w),latin,data/ap/2020_res_gp/kri_res_gp.pdf,49,kri_res_gp.pdf
Andhra Pradesh,2020,Krishna,Vissannapet Vissannapeta sr(w) 18,Vissannapet Vissannapeta sr(w) 18,,sarpanch,Other than Woman,NONE,0,,0,UR ,latin,data/ap/2020_res_gp/kri_res_gp.pdf,49,kri_res_gp.pdf
Andhra Pradesh,2020,Krishna,,AKUNURU,,sarpanch,BC Other than Woman,BC,0,,0,BC ,latin,data/ap/2020_res_gp/kri_res_gp.pdf,50,kri_res_gp.pdf
Andhra Pradesh,2020,Krishna,,BOLLAPADU,,sarpanch,Other than Woman,NONE,0,10,0,UR ,latin,data/ap/2020_res_gp/kri_res_gp.pdf,50,kri_res_gp.pdf
Andhra Pradesh,2020,Krishna,,CHINAOGIRALA,,sarpanch,Woman,NONE,1,12,0,uR(w),latin,data/ap/2020_res_gp/kri_res_gp.pdf,50,kri_res_gp.pdf
Andhra Pradesh,2020,Krishna,,GANDIGUNTA,,sarpanch,SC Woman,SC,1,14,0,sc(w),latin,data/ap/2020_res_gp/kri_res_gp.pdf,50,kri_res_gp.pdf
Andhra Pradesh,2020,Krishna,,KADAVAKOLLU,,sarpanch,Woman,NONE,1,10,0,uR(w),latin,data/ap/2020_res_gp/kri_res_gp.pdf,50,kri_res_gp.pdf
Andhra Pradesh,2020,Krishna,,KALAVAPAMULA,,sarpanch,SC Other than Woman,SC,0,12,1,5C ,latin,data/ap/2020_res_gp/kri_res_gp.pdf,50,kri_res_gp.pdf
Andhra Pradesh,2020,Krishna,,"I.,IUDUNURU",,sarpanch,Woman,NONE,1,12,0,uR(w),latin,data/ap/2020_res_gp/kri_res_gp.pdf,50,kri_res_gp.pdf
Andhra Pradesh,2020,Krishna,,PEDAOGIRALA,,sarpanch,BC Woman,BC,1,12,0,BC(W),latin,data/ap/2020_res_gp/kri_res_gp.pdf,50,kri_res_gp.pdf
Andhra Pradesh,2020,Krishna,,SAIPU RAN4,,sarpanch,Other than Woman,NONE,0,,0,UR ,latin,data/ap/2020_res_gp/kri_res_gp.pdf,50,kri_res_gp.pdf
Andhra Pradesh,2020,Nellore,Nellore Nellore Rural 1 Amancherla,Nellore Nellore Rural 1 Amancherla,,sarpanch,BC Woman,BC,1,,0,BC(W),latin,data/ap/2020_res_gp/nlr_res_gp.pdf,4,nlr_res_gp.pdf
Andhra Pradesh,2020,Nellore,Kakupalle-l,Kakupalle-l,,sarpanch,Woman,NONE,1,,0,UR(W),latin,data/ap/2020_res_gp/nlr_res_gp.pdf,4,nlr_res_gp.pdf
Andhra Pradesh,2020,Nellore,Nellore Nellore Rural,Nellore Nellore Rural,,sarpanch,Other than Woman,NONE,0,,0,UR,latin,data/ap/2020_res_gp/nlr_res_gp.pdf,4,nlr_res_gp.pdf
Andhra Pradesh,2020,Nellore,Nellore Nellore Rural 7 Kalivelapelm,Nellore Nellore Rural 7 Kalivelapelm,,sarpanch,Other than Woman,NONE,0,,0,UR,latin,data/ap/2020_res_gp/nlr_res_gp.pdf,4,nlr_res_gp.pdf
Andhra Pradesh,2020,Nellore,Kandamur,Kandamur,,sarpanch,Other than Woman,NONE,0,,0,UR,latin,data/ap/2020_res_gp/nlr_res_gp.pdf,4,nlr_res_gp.pdf
Andhra Pradesh,2020,Nellore,Kondlapudi,Kondlapudi,,sarpanch,ST Woman,ST,1,,0,ST(W),latin,data/ap/2020_res_gp/nlr_res_gp.pdf,4,nlr_res_gp.pdf
Andhra Pradesh,2020,Nellore,Nellore Nellore Rural,Nellore Nellore Rural,,sarpanch,Woman,NONE,1,,0,UR(W),latin,data/ap/2020_res_gp/nlr_res_gp.pdf,4,nlr_res_gp.pdf
Andhra Pradesh,2020,Nellore,Nellore Nellore Rural 1,Nellore Nellore Rural 1,,sarpanch,SC Other than Woman,SC,0,,0,sc,latin,data/ap/2020_res_gp/nlr_res_gp.pdf,4,nlr_res_gp.pdf
Andhra Pradesh,2020,Nellore,Penubarthi,Penubarthi,,sarpanch,Woman,NONE,1,,0,UR(W),latin,data/ap/2020_res_gp/nlr_res_gp.pdf,4,nlr_res_gp.pdf
Andhra Pradesh,2020,Nellore,Neilore Nellore Rural,Neilore Nellore Rural,,sarpanch,SC Woman,SC,1,,0,sc(w),latin,data/ap/2020_res_gp/nlr_res_gp.pdf,4,nlr_res_gp.pdf
Andhra Pradesh,2020,Nellore,Nellore Nellore Rural 1 Sajjapuram,Nellore Nellore Rural 1 Sajjapuram,,sarpanch,BC Woman,BC,1,,0,BC(W),latin,data/ap/2020_res_gp/nlr_res_gp.pdf,4,nlr_res_gp.pdf
Andhra Pradesh,2020,Nellore,Nellore Nellore Rural 17 South Mopur,Nellore Nellore Rural 17 South Mopur,,sarpanch,Woman,NONE,1,,0,UR(W),latin,data/ap/2020_res_gp/nlr_res_gp.pdf,4,nlr_res_gp.pdf
Andhra Pradesh,2020,Nellore,Nellore Rapur 2 Akilivalasa,Nellore Rapur 2 Akilivalasa,,sarpanch,Other than Woman,NONE,0,,0,UR,latin,data/ap/2020_res_gp/nlr_res_gp.pdf,4,nlr_res_gp.pdf
Andhra Pradesh,2020,Nellore,Nellore Rapur Cherlopalli,Nellore Rapur Cherlopalli,,sarpanch,Other than Woman,NONE,0,,0,UR,latin,data/ap/2020_res_gp/nlr_res_gp.pdf,5,nlr_res_gp.pdf
Andhra Pradesh,2020,Nellore,Nellore Rapur 5 Gilakapadu,Nellore Rapur 5 Gilakapadu,,sarpanch,SC Other than Woman,SC,0,,0,sc,latin,data/ap/2020_res_gp/nlr_res_gp.pdf,5,nlr_res_gp.pdf
Andhra Pradesh,2020,Nellore,Nellore sr(w),Nellore sr(w),,sarpanch,SC Other than Woman,SC,0,,0,sc,latin,data/ap/2020_res_gp/nlr_res_gp.pdf,5,nlr_res_gp.pdf
Andhra Pradesh,2020,Nellore,Nellore Rapur,Nellore Rapur,,sarpanch,Other than Woman,NONE,0,,0,UR,latin,data/ap/2020_res_gp/nlr_res_gp.pdf,5,nlr_res_gp.pdf
Andhra Pradesh,2020,Nellore,Nellore Rapur 10,Nellore Rapur 10,,sarpanch,Other than Woman,NONE,0,,0,UR,latin,data/ap/2020_res_gp/nlr_res_gp.pdf,5,nlr_res_gp.pdf
Andhra Pradesh,2020,Nellore,Nellore Rapur 11 Nellepallr sr(w) 8,Nellore Rapur 11 Nellepallr sr(w) 8,,sarpanch,Other than Woman,NONE,0,,0,UR,latin,data/ap/2020_res_gp/nlr_res_gp.pdf,5,nlr_res_gp.pdf
Andhra Pradesh,2020,Nellore,Nellorc Rapur 12 Pangili,Nellorc Rapur 12 Pangili,,sarpanch,SC Woman,SC,1,10,0,sc(w),latin,data/ap/2020_res_gp/nlr_res_gp.pdf,5,nlr_res_gp.pdf
Andhra Pradesh,2020,Nellore,Nellore Rapur 13 Penubarlhi,Nellore Rapur 13 Penubarlhi,,sarpanch,BC Woman,BC,1,,0,BC(w),latin,data/ap/2020_res_gp/nlr_res_gp.pdf,5,nlr_res_gp.pdf
Andhra Pradesh,2020,Nellore,Nellore,Nellore,,sarpanch,Other than Woman,NONE,0,,0,UR,latin,data/ap/2020_res_gp/nlr_res_gp.pdf,5,nlr_res_gp.pdf
Andhra Pradesh,2020,Nellore,Ne lore,Ne lore,,sarpanch,Other than Woman,NONE,0,,0,UR,latin,data/ap/2020_res_gp/nlr_res_gp.pdf,5,nlr_res_gp.pdf
Andhra Pradesh,2020,Nellore,Nellore Rapur 19 Thumaya,Nellore Rapur 19 Thumaya,,sarpanch,ST Woman,ST,1,,0,ST(W),latin,data/ap/2020_res_gp/nlr_res_gp.pdf,5,nlr_res_gp.pdf
Andhra Pradesh,2020,Nellore,Nellore Buchrredd!/Palem,Nellore Buchrredd!/Palem,,sarpanch,ST Woman,ST,1,,0,ST(W),latin,data/ap/2020_res_gp/nlr_res_gp.pdf,5,nlr_res_gp.pdf
Andhra Pradesh,2020,Nellore,Nellore BuchireddyPalem,Nellore BuchireddyPalem,,sarpanch,SC Other than Woman,SC,0,,0,sc,latin,data/ap/2020_res_gp/nlr_res_gp.pdf,6,nlr_res_gp.pdf
Andhra Pradesh,2020,Nellore,Rebala,Rebala,,sarpanch,SC Woman,SC,1,14,0,sc(w),latin,data/ap/2020_res_gp/nlr_res_gp.pdf,6,nlr_res_gp.pdf
Andhra Pradesh,2020,Nellore,Munulapudi,Munulapudi,,sarpanch,Other than Woman,NONE,0,,0,UR,latin,data/ap/2020_res_gp/nlr_res_gp.pdf,6,nlr_res_gp.pdf
Andhra Pradesh,2020,Nellore,Nellore BuchireddYPalem,Nellore BuchireddYPalem,,sarpanch,Woman,NONE,1,,0,uR(w),latin,data/ap/2020_res_gp/nlr_res_gp.pdf,6,nlr_res_gp.pdf
Andhra Pradesh,2020,Nellore,Nellore,Nellore,,sarpanch,SC Other than Woman,SC,0,,0,sc,latin,data/ap/2020_res_gp/nlr_res_gp.pdf,6,nlr_res_gp.pdf
Andhra Pradesh,2020,Nellore,Nellore BuchireddyPalem I Naqayagunta,Nellore BuchireddyPalem I Naqayagunta,,sarpanch,BC Other than Woman,BC,0,,0,BC,latin,data/ap/2020_res_gp/nlr_res_gp.pdf,6,nlr_res_gp.pdf
Andhra Pradesh,2020,Nellore,Nellore BuchireddYPalem I Kalayakagollu,Nellore BuchireddYPalem I Kalayakagollu,,sarpanch,SC Other than Woman,SC,0,,1,sc(v,latin,data/ap/2020_res_gp/nlr_res_gp.pdf,6,nlr_res_gp.pdf
Andhra Pradesh,2020,Nellore,Dmaramadugu,Dmaramadugu,,sarpanch,ST Other than Woman,ST,0,0,1,ST(V,latin,data/ap/2020_res_gp/nlr_res_gp.pdf,6,nlr_res_gp.pdf
Andhra Pradesh,2020,Nellore,Nellore BuchireddYPalem,Nellore BuchireddYPalem,,sarpanch,SC Woman,SC,1,,0,sc(w),latin,data/ap/2020_res_gp/nlr_res_gp.pdf,6,nlr_res_gp.pdf
Andhra Pradesh,2020,Nellore,KattubadrPalem,KattubadrPalem,,sarpanch,Woman,NONE,1,8,0,uR(w),latin,data/ap/2020_res_gp/nlr_res_gp.pdf,6,nlr_res_gp.pdf
Andhra Pradesh,2020,Nellore,Nellore Devlspet,Nellore Devlspet,,sarpanch,Woman,NONE,1,10,0,uR(w),latin,data/ap/2020_res_gp/nlr_res_gp.pdf,6,nlr_res_gp.pdf
Andhra Pradesh,2020,Nellore,Nellore lndukurpet 1,Nellore lndukurpet 1,,sarpanch,Other than Woman,NONE,0,,0,UR,latin,data/ap/2020_res_gp/nlr_res_gp.pdf,6,nlr_res_gp.pdf
Andhra Pradesh,2020,Nellore,Nellore lndukurpet 2 Ganqapatnam,Nellore lndukurpet 2 Ganqapatnam,,sarpanch,Other than Woman,NONE,0,,0,UR,latin,data/ap/2020_res_gp/nlr_res_gp.pdf,6,nlr_res_gp.pdf
Andhra Pradesh,2020,Nellore,lndukurupeta Bit - |,lndukurupeta Bit - |,,sarpanch,SC Woman,SC,1,14,1,SC(W ,latin,data/ap/2020_res_gp/nlr_res_gp.pdf,6,nlr_res_gp.pdf
Andhra Pradesh,2020,Nellore,Nellore lndukurPet lndukuruPeta Bit ll,Nellore lndukurPet lndukuruPeta Bit ll,,sarpanch,BC Woman,BC,1,,0,Bc(w),latin,data/ap/2020_res_gp/nlr_res_gp.pdf,6,nlr_res_gp.pdf
Andhra Pradesh,2020,Nellore,Nellore lndukurpet 4 sr(w 14,Nellore lndukurpet 4 sr(w 14,,sarpanch,Other than Woman,NONE,0,,0,UR,latin,data/ap/2020_res_gp/nlr_res_gp.pdf,6,nlr_res_gp.pdf
Andhra Pradesh,2020,Nellore,Nellore lndukurpet 6 Komarika,Nellore lndukurpet 6 Komarika,,sarpanch,Other than Woman,NONE,0,,0,UR,latin,data/ap/2020_res_gp/nlr_res_gp.pdf,6,nlr_res_gp.pdf
Andhra Pradesh,2020,Nellore,Nellore lndukurpet 1 Koruluru,Nellore lndukurpet 1 Koruluru,,sarpanch,Woman,NONE,1,6,0,UR(W),latin,data/ap/2020_res_gp/nlr_res_gp.pdf,6,nlr_res_gp.pdf
Andhra Pradesh,2020,Nellore,Ne ore lndukurpet 8 KothuruchinthoPU,Ne ore lndukurpet 8 KothuruchinthoPU,,sarpanch,Other than Woman,NONE,0,,0,UR,latin,data/ap/2020_res_gp/nlr_res_gp.pdf,6,nlr_res_gp.pdf
Andhra Pradesh,2020,Nellore,Nellore,Nellore,,sarpanch,Other than Woman,NONE,0,,0,UR,latin,data/ap/2020_res_gp/nlr_res_gp.pdf,6,nlr_res_gp.pdf
Andhra Pradesh,2020,Nellore,Ne ore lndukurpel Leburu Brt-ll 't2,Ne ore lndukurpel Leburu Brt-ll 't2,,sarpanch,Other than Woman,NONE,0,,0,UR,latin,data/ap/2020_res_gp/nlr_res_gp.pdf,6,nlr_res_gp.pdf
Andhra Pradesh,2020,Nellore,Nellore Vidavalur 13,Nellore Vidavalur 13,,sarpanch,Woman,NONE,1,10,0,UR(W),latin,data/ap/2020_res_gp/nlr_res_gp.pdf,8,nlr_res_gp.pdf
Andhra Pradesh,2020,Nellore,Nellore Vrdavalur 14,Nellore Vrdavalur 14,,sarpanch,Other than Woman,NONE,0,,0,UR,latin,data/ap/2020_res_gp/nlr_res_gp.pdf,8,nlr_res_gp.pdf
Andhra Pradesh,2020,Nellore,Vrdavalur,Vrdavalur,,sarpanch,ST Other than Woman,ST,0,,0,ST,latin,data/ap/2020_res_gp/nlr_res_gp.pdf,8,nlr_res_gp.pdf
Andhra Pradesh,2020,Nellore,Nellore 1,Nellore 1,,sarpanch,Woman,NONE,1,0,0,uR(w),latin,data/ap/2020_res_gp/nlr_res_gp.pdf,8,nlr_res_gp.pdf
Andhra Pradesh,2020,Nellore,"Nellore I\,,lulh uk u I 2 Dammaya Palem","Nellore I\,,lulh uk u I 2 Dammaya Palem",,sarpanch,SC Woman,SC,1,,0,SC(W),latin,data/ap/2020_res_gp/nlr_res_gp.pdf,8,nlr_res_gp.pdf
Andhra Pradesh,2020,Nellore,Nellore Mrrlhukur 3 Doruvulapalem : Duwuru Vari Palem,Nellore Mrrlhukur 3 Doruvulapalem : Duwuru Vari Palem,,sarpanch,Woman,NONE,1,0,0,UR(W),latin,data/ap/2020_res_gp/nlr_res_gp.pdf,8,nlr_res_gp.pdf
Andhra Pradesh,2020,Nellore,Nellore Muthukur,Nellore Muthukur,,sarpanch,Other than Woman,NONE,0,,0,UR,latin,data/ap/2020_res_gp/nlr_res_gp.pdf,8,nlr_res_gp.pdf
Andhra Pradesh,2020,Nellore,Nellore Muthukur 5 Epuru Bit-1 A,Nellore Muthukur 5 Epuru Bit-1 A,,sarpanch,Other than Woman,NONE,0,,0,UR,latin,data/ap/2020_res_gp/nlr_res_gp.pdf,8,nlr_res_gp.pdf
Andhra Pradesh,2020,Nellore,"Ne ore l,4uthukur 1 lMa","Ne ore l,4uthukur 1 lMa",,sarpanch,Other than Woman,NONE,0,11,0,ur,latin,data/ap/2020_res_gp/nlr_res_gp.pdf,8,nlr_res_gp.pdf
Andhra Pradesh,2020,Nellore,I!4uthukuru,I!4uthukuru,,sarpanch,ST Woman,ST,1,,0,ST(W),latin,data/ap/2020_res_gp/nlr_res_gp.pdf,8,nlr_res_gp.pdf
Andhra Pradesh,2020,Nellore,"Ne Iore I\,4UIhUKUT","Ne Iore I\,4UIhUKUT",,sarpanch,BC Woman,BC,1,10,0,BC(w),latin,data/ap/2020_res_gp/nlr_res_gp.pdf,8,nlr_res_gp.pdf
Andhra Pradesh,2020,Nellore,Ne ore Muthukur 11 Nankellapalli,Ne ore Muthukur 11 Nankellapalli,,sarpanch,Other than Woman,NONE,0,,0,UR,latin,data/ap/2020_res_gp/nlr_res_gp.pdf,8,nlr_res_gp.pdf
Andhra Pradesh,2020,Nellore,Neiaturu,Neiaturu,,sarpanch,BC Other than Woman,BC,0,,0,BC,latin,data/ap/2020_res_gp/nlr_res_gp.pdf,8,nlr_res_gp.pdf
Andhra Pradesh,2020,Nellore,Ne lore Muthukur '13,Ne lore Muthukur '13,,sarpanch,Other than Woman,NONE,0,,0,UR,latin,data/ap/2020_res_gp/nlr_res_gp.pdf,8,nlr_res_gp.pdf
Andhra Pradesh,2020,Nellore,Pathunvankandtiga,Pathunvankandtiga,,sarpanch,Other than Woman,NONE,0,,0,UR,latin,data/ap/2020_res_gp/nlr_res_gp.pdf,8,nlr_res_gp.pdf
Andhra Pradesh,2020,Nellore,sr(w),sr(w),,sarpanch,SC Woman,SC,1,,0,sc(w),latin,data/ap/2020_res_gp/nlr_res_gp.pdf,8,nlr_res_gp.pdf
Andhra Pradesh,2020,Nellore,Nellore,Nellore,,sarpanch,Woman,NONE,1,,0,UR(W),latin,data/ap/2020_res_gp/nlr_res_gp.pdf,8,nlr_res_gp.pdf
Andhra Pradesh,2020,Nellore,Nellore Muthukur 17 I,Nellore Muthukur 17 I,,sarpanch,BC Other than Woman,BC,0,,0,BC,latin,data/ap/2020_res_gp/nlr_res_gp.pdf,8,nlr_res_gp.pdf
Andhra Pradesh,2020,Nellore,Ne lore Muthukur 1 Sarvepali Brt'V,Ne lore Muthukur 1 Sarvepali Brt'V,,sarpanch,Woman,NONE,1,,0,uR(w),latin,data/ap/2020_res_gp/nlr_res_gp.pdf,8,nlr_res_gp.pdf
Andhra Pradesh,2020,Nellore,"Nellore l,lulhukur","Nellore l,lulhukur",,sarpanch,BC Other than Woman,BC,0,,0,BC,latin,data/ap/2020_res_gp/nlr_res_gp.pdf,9,nlr_res_gp.pdf
Andhra Pradesh,2020,Nellore,Nellore Podalakur 4,Nellore Podalakur 4,,sarpanch,BC Other than Woman,BC,0,,0,BC,latin,data/ap/2020_res_gp/nlr_res_gp.pdf,9,nlr_res_gp.pdf
Andhra Pradesh,2020,Nellore,Podalakur Biradavolu,Podalakur Biradavolu,,sarpanch,BC Woman,BC,1,8,0,BC(w),latin,data/ap/2020_res_gp/nlr_res_gp.pdf,9,nlr_res_gp.pdf
Andhra Pradesh,2020,Nellore,Nellore Podalakur 1 Chennareddipalle,Nellore Podalakur 1 Chennareddipalle,,sarpanch,Woman,NONE,1,0,0,UR(W),latin,data/ap/2020_res_gp/nlr_res_gp.pdf,9,nlr_res_gp.pdf
Andhra Pradesh,2020,Nellore,Nellore Podalakur I Degapudi,Nellore Podalakur I Degapudi,,sarpanch,Other than Woman,NONE,0,,0,UR,latin,data/ap/2020_res_gp/nlr_res_gp.pdf,9,nlr_res_gp.pdf
Andhra Pradesh,2020,Nellore,Nellore Duggunta,Nellore Duggunta,,sarpanch,SC Other than Woman,SC,0,,0,sc,latin,data/ap/2020_res_gp/nlr_res_gp.pdf,9,nlr_res_gp.pdf
Andhra Pradesh,2020,Nellore,Podalakur Kanuparthr Marripalle,Podalakur Kanuparthr Marripalle,,sarpanch,Other than Woman,NONE,0,,0,UR,latin,data/ap/2020_res_gp/nlr_res_gp.pdf,9,nlr_res_gp.pdf
Andhra Pradesh,2020,Nellore,Nellore,Nellore,,sarpanch,Woman,NONE,1,10,0,uR(w),latin,data/ap/2020_res_gp/nlr_res_gp.pdf,9,nlr_res_gp.pdf
Andhra Pradesh,2020,Nellore,Podalakur,Podalakur,,sarpanch,Woman,NONE,1,8,0,UR(W),latin,data/ap/2020_res_gp/nlr_res_gp.pdf,9,nlr_res_gp.pdf
Andhra Pradesh,2020,Nellore,Podalakur Navoor Navoorpalli,Podalakur Navoor Navoorpalli,,sarpanch,Other than Woman,NONE,0,,0,UR,latin,data/ap/2020_res_gp/nlr_res_gp.pdf,9,nlr_res_gp.pdf
Andhra Pradesh,2020,Nellore,Nellore,Nellore,,sarpanch,BC Other than Woman,BC,0,,0,BC,latin,data/ap/2020_res_gp/nlr_res_gp.pdf,9,nlr_res_gp.pdf
Andhra Pradesh,2020,Nellore,Nellore Podalakur 20 Parlapalle,Nellore Podalakur 20 Parlapalle,,sarpanch,Woman,NONE,1,,0,UR(W),latin,data/ap/2020_res_gp/nlr_res_gp.pdf,10,nlr_res_gp.pdf
Andhra Pradesh,2020,Nellore,Nellore Podalakur 22 Prabhagiripatnam,Nellore Podalakur 22 Prabhagiripatnam,,sarpanch,SC Woman,SC,1,0,0,sc(w),latin,data/ap/2020_res_gp/nlr_res_gp.pdf,10,nlr_res_gp.pdf
Andhra Pradesh,2020,Nellore,Nellore Podalakur 23 Pulikallu Ravalla,Nellore Podalakur 23 Pulikallu Ravalla,,sarpanch,SC Woman,SC,1,10,0,sc(w),latin,data/ap/2020_res_gp/nlr_res_gp.pdf,10,nlr_res_gp.pdf
Andhra Pradesh,2020,Nellore,Nellole Podalakur 24 YeruguntaPalem,Nellole Podalakur 24 YeruguntaPalem,,sarpanch,BC Other than Woman,BC,0,,0,BC,latin,data/ap/2020_res_gp/nlr_res_gp.pdf,10,nlr_res_gp.pdf
Andhra Pradesh,2020,Nellore,Nellore Poda akur 25 Surayapalem,Nellore Poda akur 25 Surayapalem,,sarpanch,Other than Woman,NONE,0,,0,UR,latin,data/ap/2020_res_gp/nlr_res_gp.pdf,10,nlr_res_gp.pdf
Andhra Pradesh,2020,Nellore,Tatrparthr,Tatrparthr,,sarpanch,ST Other than Woman,ST,0,,1,ST(V,latin,data/ap/2020_res_gp/nlr_res_gp.pdf,10,nlr_res_gp.pdf
Andhra Pradesh,2020,Nellore,Nellore Poda akur 27 Thoderu,Nellore Poda akur 27 Thoderu,,sarpanch,Other than Woman,NONE,0,,0,UR,latin,data/ap/2020_res_gp/nlr_res_gp.pdf,10,nlr_res_gp.pdf
Andhra Pradesh,2020,Nellore,Nellore Podalakur 28 Vavintaparthr,Nellore Podalakur 28 Vavintaparthr,,sarpanch,Other than Woman,NONE,0,,0,UR,latin,data/ap/2020_res_gp/nlr_res_gp.pdf,10,nlr_res_gp.pdf
Andhra Pradesh,2020,Nellore,Nellore Podalak!rr 29 Velkantipalem,Nellore Podalak!rr 29 Velkantipalem,,sarpanch,Other than Woman,NONE,0,,0,UR,latin,data/ap/2020_res_gp/nlr_res_gp.pdf,10,nlr_res_gp.pdf
Andhra Pradesh,2020,Nellore,Nellore,Nellore,,sarpanch,Woman,NONE,1,,0,uR(w),latin,data/ap/2020_res_gp/nlr_res_gp.pdf,10,nlr_res_gp.pdf
Andhra Pradesh,2020,Nellore,Nellore 1,Nellore 1,,sarpanch,ST Woman,ST,1,,0,ST(W),latin,data/ap/2020_res_gp/nlr_res_gp.pdf,10,nlr_res_gp.pdf
Andhra Pradesh,2020,Nellore,Nellore ThotapalliGudul 2 T P Gudur Bit ' I,Nellore ThotapalliGudul 2 T P Gudur Bit ' I,,sarpanch,SC Woman,SC,1,10,0,SC(W),latin,data/ap/2020_res_gp/nlr_res_gp.pdf,10,nlr_res_gp.pdf
Andhra Pradesh,2020,Nellore,Nellore ThotapalliGudur 3 Potlapudi,Nellore ThotapalliGudur 3 Potlapudi,,sarpanch,Other than Woman,NONE,0,,0,UR,latin,data/ap/2020_res_gp/nlr_res_gp.pdf,10,nlr_res_gp.pdf
Andhra Pradesh,2020,Nellore,Nellore ThotapalliGudur Chinthopu,Nellore ThotapalliGudur Chinthopu,,sarpanch,SC Woman,SC,1,,0,sc(w),latin,data/ap/2020_res_gp/nlr_res_gp.pdf,10,nlr_res_gp.pdf
Andhra Pradesh,2020,Nellore,Ne ore Thotapall Gudur 5 Koduru sr(w) 14,Ne ore Thotapall Gudur 5 Koduru sr(w) 14,,sarpanch,Other than Woman,NONE,0,,0,UR,latin,data/ap/2020_res_gp/nlr_res_gp.pdf,10,nlr_res_gp.pdf
Andhra Pradesh,2020,Nellore,Ne ore ThotapalliGudur 6 Vilukanipalli,Ne ore ThotapalliGudur 6 Vilukanipalli,,sarpanch,Other than Woman,NONE,0,,0,UR,latin,data/ap/2020_res_gp/nlr_res_gp.pdf,10,nlr_res_gp.pdf
Andhra Pradesh,2020,Nellore,Nellore Thotapalli Gudur I Macharlavanpalem 10,Nellore Thotapalli Gudur I Macharlavanpalem 10,,sarpanch,SC Other than Woman,SC,0,,0,sc,latin,data/ap/2020_res_gp/nlr_res_gp.pdf,10,nlr_res_gp.pdf
Andhra Pradesh,2020,Nellore,Nellore Thotapall Gudur 9 Chinnacherukuru,Nellore Thotapall Gudur 9 Chinnacherukuru,,sarpanch,BC Woman,BC,1,10,0,BC(W),latin,data/ap/2020_res_gp/nlr_res_gp.pdf,10,nlr_res_gp.pdf
Andhra Pradesh,2020,Nellore,Nellore ThotapalliGudur 11 Peduru,Nellore ThotapalliGudur 11 Peduru,,sarpanch,Other than Woman,NONE,0,,0,UR,latin,data/ap/2020_res_gp/nlr_res_gp.pdf,11,nlr_res_gp.pdf
Andhra Pradesh,2020,Nellore,Nellore TholapalliGudur 2 Varakavrpudi,Nellore TholapalliGudur 2 Varakavrpudi,,sarpanch,ST Other than Woman,ST,0,,0,ST,latin,data/ap/2020_res_gp/nlr_res_gp.pdf,11,nlr_res_gp.pdf
Andhra Pradesh,2020,Nellore,Nelore ThotapalliGudur 13 Mallikarjunapuram ThotapalliGudur 14 Mandapam,Nelore ThotapalliGudur 13 Mallikarjunapuram ThotapalliGudur 14 Mandapam,,sarpanch,BC Other than Woman,BC,0,,0,BC,latin,data/ap/2020_res_gp/nlr_res_gp.pdf,11,nlr_res_gp.pdf
Andhra Pradesh,2020,Nellore,Nellore ThotapalliGudur 15 Eduru,Nellore ThotapalliGudur 15 Eduru,,sarpanch,Woman,NONE,1,0,0,uR(w),latin,data/ap/2020_res_gp/nlr_res_gp.pdf,11,nlr_res_gp.pdf
Andhra Pradesh,2020,Nellore,Nellore ThotapalliGudur 16 Varigonda sr(w) 14,Nellore ThotapalliGudur 16 Varigonda sr(w) 14,,sarpanch,Woman,NONE,1,,0,UR(W),latin,data/ap/2020_res_gp/nlr_res_gp.pdf,11,nlr_res_gp.pdf
Andhra Pradesh,2020,Nellore,Nellore ThotapalliGudur 17 Venkannapalem '18 lskapalem,Nellore ThotapalliGudur 17 Venkannapalem '18 lskapalem,,sarpanch,SC Other than Woman,SC,0,,0,SC,latin,data/ap/2020_res_gp/nlr_res_gp.pdf,11,nlr_res_gp.pdf
Andhra Pradesh,2020,Nellore,Nellore ThotapalliGudur,Nellore ThotapalliGudur,,sarpanch,Other than Woman,NONE,0,,0,UR,latin,data/ap/2020_res_gp/nlr_res_gp.pdf,11,nlr_res_gp.pdf
Andhra Pradesh,2020,Nellore,Nellore ThotapalliGudur 20 Kothapalem,Nellore ThotapalliGudur 20 Kothapalem,,sarpanch,Other than Woman,NONE,0,,0,UR,latin,data/ap/2020_res_gp/nlr_res_gp.pdf,11,nlr_res_gp.pdf
Andhra Pradesh,2020,Nellore,Nelore ThotapalliGudur 22 Paprreddypalem Anikepalli,Nelore ThotapalliGudur 22 Paprreddypalem Anikepalli,,sarpanch,ST Other than Woman,ST,0,,0,ST,latin,data/ap/2020_res_gp/nlr_res_gp.pdf,11,nlr_res_gp.pdf
Andhra Pradesh,2020,Nellore,Ne or-o Venkatachalam 1 Venkatachalam 2 Atramvari Kandriga,Ne or-o Venkatachalam 1 Venkatachalam 2 Atramvari Kandriga,,sarpanch,Other than Woman,NONE,0,,0,UR,latin,data/ap/2020_res_gp/nlr_res_gp.pdf,11,nlr_res_gp.pdf
Andhra Pradesh,2020,Nellore,Nellore,SI(W) 12,,sarpanch,Woman,NONE,1,,0,UR(W),latin,data/ap/2020_res_gp/nlr_res_gp.pdf,11,nlr_res_gp.pdf
Andhra Pradesh,2020,Nellore,Nelore Venkatachalam 3 Chemudugunta Venkalachalam ChoMapalem 4 (,Nelore Venkatachalam 3 Chemudugunta Venkalachalam ChoMapalem 4 (,,sarpanch,SC Other than Woman,SC,0,,0,SC,latin,data/ap/2020_res_gp/nlr_res_gp.pdf,11,nlr_res_gp.pdf
Andhra Pradesh,2020,Nellore,Nellore Kanupuru Bit-li),Nellore Kanupuru Bit-li),,sarpanch,Woman,NONE,1,10,0,UR(W),latin,data/ap/2020_res_gp/nlr_res_gp.pdf,11,nlr_res_gp.pdf
Andhra Pradesh,2020,Nellore,Nellore Venkatachalam 5 Edagali 6 GudlurivariPalem,Nellore Venkatachalam 5 Edagali 6 GudlurivariPalem,,sarpanch,SC Woman,SC,1,10,0,SC(W),latin,data/ap/2020_res_gp/nlr_res_gp.pdf,11,nlr_res_gp.pdf
Andhra Pradesh,2020,Nellore,Nellore Venkatachalam (Epuru Bit-ll) Idimepalli,Nellore Venkatachalam (Epuru Bit-ll) Idimepalli,,sarpanch,BC Woman,BC,1,10,0,BC(W),latin,data/ap/2020_res_gp/nlr_res_gp.pdf,11,nlr_res_gp.pdf
Andhra Pradesh,2020,Nellore,Ne ore Venkaiachalam lskapalem,Ne ore Venkaiachalam lskapalem,,sarpanch,SC Other than Woman,SC,0,,0,sc,latin,data/ap/2020_res_gp/nlr_res_gp.pdf,11,nlr_res_gp.pdf
Andhra Pradesh,2020,Nellore,Nellore Venkatachalam I Kakuturu,Nellore Venkatachalam I Kakuturu,,sarpanch,Other than Woman,NONE,0,,0,uR,latin,data/ap/2020_res_gp/nlr_res_gp.pdf,11,nlr_res_gp.pdf
Andhra Pradesh,2020,Nellore,Nellore Venkatachalam 10 Kandalapadu,Nellore Venkatachalam 10 Kandalapadu,,sarpanch,Other than Woman,NONE,0,,0,UR,latin,data/ap/2020_res_gp/nlr_res_gp.pdf,12,nlr_res_gp.pdf
Andhra Pradesh,2020,Nellore,Nellore Venkatachalam 12 (Kanupuru,Nellore Venkatachalam 12 (Kanupuru,,sarpanch,Other than Woman,NONE,0,,0,UR,latin,data/ap/2020_res_gp/nlr_res_gp.pdf,12,nlr_res_gp.pdf
Andhra Pradesh,2020,Nellore,Nellore Venkalachalam 13 Kasumuru,Nellore Venkalachalam 13 Kasumuru,,sarpanch,SC Other than Woman,SC,0,,0,sc,latin,data/ap/2020_res_gp/nlr_res_gp.pdf,12,nlr_res_gp.pdf
Andhra Pradesh,2020,Nellore,Nellore Venkatachalam 14 Kuricherlapadu,Nellore Venkatachalam 14 Kuricherlapadu,,sarpanch,Other than Woman,NONE,0,,0,UR,latin,data/ap/2020_res_gp/nlr_res_gp.pdf,12,nlr_res_gp.pdf
Andhra Pradesh,2020,Nellore,Nellore Venkatachalam 16 Palicherlapadu,Nellore Venkatachalam 16 Palicherlapadu,,sarpanch,Other than Woman,NONE,0,,0,UR,latin,data/ap/2020_res_gp/nlr_res_gp.pdf,12,nlr_res_gp.pdf
Andhra Pradesh,2020,Nellore,Nellore Venkatachalam 17 Pudiparthi,Nellore Venkatachalam 17 Pudiparthi,,sarpanch,SC Woman,SC,1,10,0,sc(w),latin,data/ap/2020_res_gp/nlr_res_gp.pdf,12,nlr_res_gp.pdf
Andhra Pradesh,2020,Nellore,Nellore Venkatachalam 18 Punlulurupadu,Nellore Venkatachalam 18 Punlulurupadu,,sarpanch,Woman,NONE,1,8,0,UR(W),latin,data/ap/2020_res_gp/nlr_res_gp.pdf,12,nlr_res_gp.pdf
Andhra Pradesh,2020,Nellore,Nellore Venkatachalam 20 Saraswathi Nagar,Nellore Venkatachalam 20 Saraswathi Nagar,,sarpanch,Other than Woman,NONE,0,,0,UR,latin,data/ap/2020_res_gp/nlr_res_gp.pdf,12,nlr_res_gp.pdf
Andhra Pradesh,2020,Nellore,Nellore Venkatachalam 22 Thaliparthipalem,Nellore Venkatachalam 22 Thaliparthipalem,,sarpanch,Woman,NONE,1,8,1,UR(W ,latin,data/ap/2020_res_gp/nlr_res_gp.pdf,12,nlr_res_gp.pdf
Andhra Pradesh,2020,Nellore,Ne ore Venkalachalam 23 (SarveDalli,Ne ore Venkalachalam 23 (SarveDalli,,sarpanch,ST Other than Woman,ST,0,,0,ST,latin,data/ap/2020_res_gp/nlr_res_gp.pdf,12,nlr_res_gp.pdf
Andhra Pradesh,2020,Nellore,Nellore Venkatachalam 24 Thrrumalammapalem,Nellore Venkatachalam 24 Thrrumalammapalem,,sarpanch,SC Woman,SC,1,8,0,sc(w),latin,data/ap/2020_res_gp/nlr_res_gp.pdf,12,nlr_res_gp.pdf
Andhra Pradesh,2020,Nellore,Ne ore Venkatachalam 25 Venkalachalam,Ne ore Venkatachalam 25 Venkalachalam,,sarpanch,BC Other than Woman,BC,0,,0,BC,latin,data/ap/2020_res_gp/nlr_res_gp.pdf,12,nlr_res_gp.pdf
Andhra Pradesh,2020,Nellore,Ne ore Kovur 1 '187 Ne ore Kovur 2 Gangavaram,Ne ore Kovur 1 '187 Ne ore Kovur 2 Gangavaram,,sarpanch,Woman,NONE,1,10,0,uR(w),latin,data/ap/2020_res_gp/nlr_res_gp.pdf,12,nlr_res_gp.pdf
Andhra Pradesh,2020,Nellore,Ne lore 3,Ne lore 3,,sarpanch,ST Woman,ST,1,20,0,ST(W),latin,data/ap/2020_res_gp/nlr_res_gp.pdf,12,nlr_res_gp.pdf
Andhra Pradesh,2020,Nellore,Nellore Kovur 5 Nellore Kovur 6 Modegunla,Nellore Kovur 5 Nellore Kovur 6 Modegunla,,sarpanch,Other than Woman,NONE,0,,0,UR,latin,data/ap/2020_res_gp/nlr_res_gp.pdf,13,nlr_res_gp.pdf
Andhra Pradesh,2020,Nellore,Ne ore I,Ne ore I,,sarpanch,BC Other than Woman,BC,0,,1,BC(v,latin,data/ap/2020_res_gp/nlr_res_gp.pdf,13,nlr_res_gp.pdf
Andhra Pradesh,2020,Nellore,Vegur,Vegur,,sarpanch,SC Other than Woman,SC,0,,1,sc(v,latin,data/ap/2020_res_gp/nlr_res_gp.pdf,13,nlr_res_gp.pdf
Andhra Pradesh,2020,Nellore,Ne ore Kodavalur 1 Alurupadu,Ne ore Kodavalur 1 Alurupadu,,sarpanch,SC Other than Woman,SC,0,,0,sc,latin,data/ap/2020_res_gp/nlr_res_gp.pdf,13,nlr_res_gp.pdf
Andhra Pradesh,2020,Nellore,Basavayapalem,Basavayapalem,,sarpanch,Woman,NONE,1,8,0,uR(w),latin,data/ap/2020_res_gp/nlr_res_gp.pdf,13,nlr_res_gp.pdf
Andhra Pradesh,2020,Nellore,Bodduvaflpalem,Bodduvaflpalem,,sarpanch,Other than Woman,NONE,0,,0,UR,latin,data/ap/2020_res_gp/nlr_res_gp.pdf,13,nlr_res_gp.pdf
Andhra Pradesh,2020,Nellore,Ne ore Kodavalul 4 Gowlham Nagar,Ne ore Kodavalul 4 Gowlham Nagar,,sarpanch,SC Other than Woman,SC,0,,0,sc,latin,data/ap/2020_res_gp/nlr_res_gp.pdf,13,nlr_res_gp.pdf
Andhra Pradesh,2020,Nellore,Nellore Gandavaram,Nellore Gandavaram,,sarpanch,SC Woman,SC,1,12,0,sc(w),latin,data/ap/2020_res_gp/nlr_res_gp.pdf,13,nlr_res_gp.pdf
Andhra Pradesh,2020,Nellore,Nellore Kodavalur 6 l Gundalammapalem,Nellore Kodavalur 6 l Gundalammapalem,,sarpanch,Woman,NONE,1,8,0,UR(W),latin,data/ap/2020_res_gp/nlr_res_gp.pdf,13,nlr_res_gp.pdf
Andhra Pradesh,2020,Nellore,Ne ore Kodavalur Kodavalur I Kammapalem,Ne ore Kodavalur Kodavalur I Kammapalem,,sarpanch,ST Other than Woman,ST,0,,0,sT,latin,data/ap/2020_res_gp/nlr_res_gp.pdf,13,nlr_res_gp.pdf
Andhra Pradesh,2020,Nellore,Ne ore Kodavalur I Kodavalur sr(w) 12,Ne ore Kodavalur I Kodavalur sr(w) 12,,sarpanch,Woman,NONE,1,,0,UR(W),latin,data/ap/2020_res_gp/nlr_res_gp.pdf,13,nlr_res_gp.pdf
Andhra Pradesh,2020,Nellore,Nellore Kodavalur 10 Maneguntapadu,Nellore Kodavalur 10 Maneguntapadu,,sarpanch,Other than Woman,NONE,0,,0,UR,latin,data/ap/2020_res_gp/nlr_res_gp.pdf,13,nlr_res_gp.pdf
Andhra Pradesh,2020,Nellore,Nellore Nadupalem,Nellore Nadupalem,,sarpanch,Woman,NONE,1,8,0,UR(W),latin,data/ap/2020_res_gp/nlr_res_gp.pdf,13,nlr_res_gp.pdf
Andhra Pradesh,2020,Nellore,Norlh Rajupalem,Norlh Rajupalem,,sarpanch,SC Woman,SC,1,14,0,SC(W),latin,data/ap/2020_res_gp/nlr_res_gp.pdf,13,nlr_res_gp.pdf
Andhra Pradesh,2020,Nellore,Nellore Kodavalur 13 Peyyalapalem,Nellore Kodavalur 13 Peyyalapalem,,sarpanch,Woman,NONE,1,8,0,uR(w),latin,data/ap/2020_res_gp/nlr_res_gp.pdf,13,nlr_res_gp.pdf
Andhra Pradesh,2020,Nellore,Ramannapalem,Ramannapalem,,sarpanch,SC Woman,SC,1,10,0,SC(W),latin,data/ap/2020_res_gp/nlr_res_gp.pdf,13,nlr_res_gp.pdf
Andhra Pradesh,2020,Nellore,Nellore,Nellore,,sarpanch,BC Other than Woman,BC,0,,0,BC,latin,data/ap/2020_res_gp/nlr_res_gp.pdf,13,nlr_res_gp.pdf
Andhra Pradesh,2020,Nellore,Venkannapuram,Venkannapuram,,sarpanch,Other than Woman,NONE,0,,0,UR,latin,data/ap/2020_res_gp/nlr_res_gp.pdf,14,nlr_res_gp.pdf
Andhra Pradesh,2020,Nellore,Nellore Kodavalur,Nellore Kodavalur,,sarpanch,ST Woman,ST,1,14,0,ST(W),latin,data/ap/2020_res_gp/nlr_res_gp.pdf,14,nlr_res_gp.pdf
Andhra Pradesh,2020,Nellore,Nellore Kodavalur 17 Yellayapalem Kodavalur 18 Kolhavangallu,Nellore Kodavalur 17 Yellayapalem Kodavalur 18 Kolhavangallu,,sarpanch,SC Woman,SC,1,10,0,SC(W),latin,data/ap/2020_res_gp/nlr_res_gp.pdf,14,nlr_res_gp.pdf
Andhra Pradesh,2020,Nellore,Pathavangallu,Pathavangallu,,sarpanch,Woman,NONE,1,,0,UR(W),latin,data/ap/2020_res_gp/nlr_res_gp.pdf,14,nlr_res_gp.pdf
Andhra Pradesh,2020,Nellore,Nellore Kodavalur 20 Pemmareddy Palem,Nellore Kodavalur 20 Pemmareddy Palem,,sarpanch,SC Other than Woman,SC,0,,0,sc,latin,data/ap/2020_res_gp/nlr_res_gp.pdf,14,nlr_res_gp.pdf
Andhra Pradesh,2020,Nellore,Nellore 2'17 Kodavalur 22 Gandavaram South,Nellore 2'17 Kodavalur 22 Gandavaram South,,sarpanch,Other than Woman,NONE,0,,0,UR,latin,data/ap/2020_res_gp/nlr_res_gp.pdf,14,nlr_res_gp.pdf
Andhra Pradesh,2020,Nellore,Ne ore Kodavalur 23 Talamanchi Kodavalur 24 Padmanabhasalram,Ne ore Kodavalur 23 Talamanchi Kodavalur 24 Padmanabhasalram,,sarpanch,Other than Woman,NONE,0,,0,UR,latin,data/ap/2020_res_gp/nlr_res_gp.pdf,14,nlr_res_gp.pdf
Andhra Pradesh,2020,Nellore,Ne ore Manubolu 1 Akkampeta,Ne ore Manubolu 1 Akkampeta,,sarpanch,Other than Woman,NONE,0,,0,UR,latin,data/ap/2020_res_gp/nlr_res_gp.pdf,14,nlr_res_gp.pdf
Andhra Pradesh,2020,Nellore,Nellore lVanubolu 2 Bandepallr,Nellore lVanubolu 2 Bandepallr,,sarpanch,Other than Woman,NONE,0,,0,UR,latin,data/ap/2020_res_gp/nlr_res_gp.pdf,14,nlr_res_gp.pdf
Andhra Pradesh,2020,Nellore,Nellore I\ranubolu 3 Cherlopallr,Nellore I\ranubolu 3 Cherlopallr,,sarpanch,Woman,NONE,1,10,0,uR(w),latin,data/ap/2020_res_gp/nlr_res_gp.pdf,14,nlr_res_gp.pdf
Andhra Pradesh,2020,Nellore,Nellore [ranubo[r CherukumLrdi,Nellore [ranubo[r CherukumLrdi,,sarpanch,SC Woman,SC,1,10,0,SC(W),latin,data/ap/2020_res_gp/nlr_res_gp.pdf,14,nlr_res_gp.pdf
Andhra Pradesh,2020,Nellore,"Nellore [,,lanubolu 5 IVlanubolu 6 Gunvindapudi","Nellore [,,lanubolu 5 IVlanubolu 6 Gunvindapudi",,sarpanch,Woman,NONE,1,8,0,UR(W),latin,data/ap/2020_res_gp/nlr_res_gp.pdf,14,nlr_res_gp.pdf
Andhra Pradesh,2020,Nellore,Nellore,Nellore,,sarpanch,SC Woman,SC,1,10,0,SC(W),latin,data/ap/2020_res_gp/nlr_res_gp.pdf,14,nlr_res_gp.pdf
Andhra Pradesh,2020,Nellore,Ne ore [4 anubo u 7 Jallakonduru,Ne ore [4 anubo u 7 Jallakonduru,,sarpanch,SC Other than Woman,SC,0,,0,SC,latin,data/ap/2020_res_gp/nlr_res_gp.pdf,14,nlr_res_gp.pdf
Andhra Pradesh,2020,Nellore,Nellore Manubolu 8 Kagrtalapuru Manubolu s Kattuvapalli,Nellore Manubolu 8 Kagrtalapuru Manubolu s Kattuvapalli,,sarpanch,Woman,NONE,1,8,0,UR(W),latin,data/ap/2020_res_gp/nlr_res_gp.pdf,14,nlr_res_gp.pdf
Andhra Pradesh,2020,Nellore,Kolanakuduru,Kolanakuduru,,sarpanch,Other than Woman,NONE,0,,0,UR,latin,data/ap/2020_res_gp/nlr_res_gp.pdf,14,nlr_res_gp.pdf
Andhra Pradesh,2020,Nellore,"Nellore I\,4anubolu tl Kommalapudi","Nellore I\,4anubolu tl Kommalapudi",,sarpanch,SC Other than Woman,SC,0,,0,sc,latin,data/ap/2020_res_gp/nlr_res_gp.pdf,14,nlr_res_gp.pdf
Andhra Pradesh,2020,Nellore,L N Puram,L N Puram,,sarpanch,Other than Woman,NONE,0,,0,UR,latin,data/ap/2020_res_gp/nlr_res_gp.pdf,14,nlr_res_gp.pdf
Andhra Pradesh,2020,Nellore,Nellore Manubolu '13 Madamanuru,Nellore Manubolu '13 Madamanuru,,sarpanch,ST Woman,ST,1,12,0,ST(W),latin,data/ap/2020_res_gp/nlr_res_gp.pdf,15,nlr_res_gp.pdf
Andhra Pradesh,2020,Nellore,Nellore Manubolu 15 Piduru,Nellore Manubolu 15 Piduru,,sarpanch,ST Other than Woman,ST,0,,0,ST,latin,data/ap/2020_res_gp/nlr_res_gp.pdf,15,nlr_res_gp.pdf
Andhra Pradesh,2020,Nellore,Nellore lvlanubolu 16 Pidurupalem,Nellore lvlanubolu 16 Pidurupalem,,sarpanch,Woman,NONE,1,0,0,UR(W),latin,data/ap/2020_res_gp/nlr_res_gp.pdf,15,nlr_res_gp.pdf
Andhra Pradesh,2020,Nellore,Vadlapudi,Vadlapudi,,sarpanch,Woman,NONE,1,8,0,UR(W),latin,data/ap/2020_res_gp/nlr_res_gp.pdf,15,nlr_res_gp.pdf
Andhra Pradesh,2020,Nellore,Veerampalli,Veerampalli,,sarpanch,SC Other than Woman,SC,0,,0,sc,latin,data/ap/2020_res_gp/nlr_res_gp.pdf,15,nlr_res_gp.pdf
Andhra Pradesh,2020,Nellore,Nellore Manubolu 19 Venkannapalem,Nellore Manubolu 19 Venkannapalem,,sarpanch,SC Woman,SC,1,8,0,sc(w),latin,data/ap/2020_res_gp/nlr_res_gp.pdf,15,nlr_res_gp.pdf
Andhra Pradesh,2020,Nellore,Atmakur Atmakur Araveedu,Atmakur Atmakur Araveedu,,sarpanch,Other than Woman,NONE,0,,0,UR,latin,data/ap/2020_res_gp/nlr_res_gp.pdf,15,nlr_res_gp.pdf
Andhra Pradesh,2020,Nellore,Atmakur Atmakur 2 Atmakur Atmakur 3 Bandarupalli,Atmakur Atmakur 2 Atmakur Atmakur 3 Bandarupalli,,sarpanch,Woman,NONE,1,8,0,UR(W),latin,data/ap/2020_res_gp/nlr_res_gp.pdf,15,nlr_res_gp.pdf
Andhra Pradesh,2020,Nellore,Battepadu,Battepadu,,sarpanch,SC Other than Woman,SC,0,,0,SC,latin,data/ap/2020_res_gp/nlr_res_gp.pdf,15,nlr_res_gp.pdf
Andhra Pradesh,2020,Nellore,Atmakur Atmakur Boyilachiruvella,Atmakur Atmakur Boyilachiruvella,,sarpanch,BC Other than Woman,BC,0,,0,BC,latin,data/ap/2020_res_gp/nlr_res_gp.pdf,15,nlr_res_gp.pdf
Andhra Pradesh,2020,Nellore,Atmakur Atmakur 5 b Cherloyadavalli,Atmakur Atmakur 5 b Cherloyadavalli,,sarpanch,Other than Woman,NONE,0,,0,UR,latin,data/ap/2020_res_gp/nlr_res_gp.pdf,15,nlr_res_gp.pdf
Andhra Pradesh,2020,Nellore,Atmakur Atmakur 7 Depur,Atmakur Atmakur 7 Depur,,sarpanch,Other than Woman,NONE,0,,0,UR,latin,data/ap/2020_res_gp/nlr_res_gp.pdf,15,nlr_res_gp.pdf
Andhra Pradesh,2020,Nellore,Atmakur Atmakur 8 Karatampadu,Atmakur Atmakur 8 Karatampadu,,sarpanch,SC Woman,SC,1,10,0,SC(W),latin,data/ap/2020_res_gp/nlr_res_gp.pdf,15,nlr_res_gp.pdf
Andhra Pradesh,2020,Nellore,Atmakur Atmakur 9,Atmakur Atmakur 9,,sarpanch,SC Other than Woman,SC,0,,0,SC,latin,data/ap/2020_res_gp/nlr_res_gp.pdf,15,nlr_res_gp.pdf
Andhra Pradesh,2020,Nellore,Atmakur Atmakur 11 Muragalla,Atmakur Atmakur 11 Muragalla,,sarpanch,Woman,NONE,1,8,0,UR(W),latin,data/ap/2020_res_gp/nlr_res_gp.pdf,15,nlr_res_gp.pdf
Andhra Pradesh,2020,Nellore,Atmakur Atmakur 12 Nagulapadu,Atmakur Atmakur 12 Nagulapadu,,sarpanch,Other than Woman,NONE,0,,0,UR,latin,data/ap/2020_res_gp/nlr_res_gp.pdf,15,nlr_res_gp.pdf
Andhra Pradesh,2020,Nellore,Atmakur Atmakur .13 Nalapa reddipalli,Atmakur Atmakur .13 Nalapa reddipalli,,sarpanch,Woman,NONE,1,0,0,UR(W),latin,data/ap/2020_res_gp/nlr_res_gp.pdf,15,nlr_res_gp.pdf
Andhra Pradesh,2020,Nellore,Atmakur Atmakur 14 Narampeta,Atmakur Atmakur 14 Narampeta,,sarpanch,Other than Woman,NONE,0,,0,UR,latin,data/ap/2020_res_gp/nlr_res_gp.pdf,15,nlr_res_gp.pdf
Andhra Pradesh,2020,Nellore,Nuwurupadu,Nuwurupadu,,sarpanch,SC Woman,SC,1,10,0,SC(W),latin,data/ap/2020_res_gp/nlr_res_gp.pdf,16,nlr_res_gp.pdf
Andhra Pradesh,2020,Nellore,Atmakur 16 Padakandla,Atmakur 16 Padakandla,,sarpanch,BC Other than Woman,BC,0,,0,BC,latin,data/ap/2020_res_gp/nlr_res_gp.pdf,16,nlr_res_gp.pdf
Andhra Pradesh,2020,Nellore,Atmakur Atmakur Atmakur Atmakur 19 Ravulakollu,Atmakur Atmakur Atmakur Atmakur 19 Ravulakollu,,sarpanch,Woman,NONE,1,6,0,UR(W),latin,data/ap/2020_res_gp/nlr_res_gp.pdf,16,nlr_res_gp.pdf
Andhra Pradesh,2020,Nellore,Vas,Vas,,sarpanch,SC Woman,SC,1,10,0,sc(w),latin,data/ap/2020_res_gp/nlr_res_gp.pdf,16,nlr_res_gp.pdf
Andhra Pradesh,2020,Nellore,Atmakur,Atmakur,,sarpanch,Woman,NONE,1,8,0,uR(w),latin,data/ap/2020_res_gp/nlr_res_gp.pdf,16,nlr_res_gp.pdf
Andhra Pradesh,2020,Nellore,Atmakur Atmakur 21 Ananthasagaram Amanr Chrruvella,Atmakur Atmakur 21 Ananthasagaram Amanr Chrruvella,,sarpanch,BC Woman,BC,1,10,0,BC(W),latin,data/ap/2020_res_gp/nlr_res_gp.pdf,16,nlr_res_gp.pdf
Andhra Pradesh,2020,Nellore,Ananthasagaram 3 BedusLr Pallr,Ananthasagaram 3 BedusLr Pallr,,sarpanch,Woman,NONE,1,4,0,UR(W),latin,data/ap/2020_res_gp/nlr_res_gp.pdf,16,nlr_res_gp.pdf
Andhra Pradesh,2020,Nellore,Ananthasagaram 5 Chilakala l\rarri,Ananthasagaram 5 Chilakala l\rarri,,sarpanch,ST Woman,ST,1,8,0,ST(W),latin,data/ap/2020_res_gp/nlr_res_gp.pdf,16,nlr_res_gp.pdf
Andhra Pradesh,2020,Nellore,Devarayapalli Bit I,Devarayapalli Bit I,,sarpanch,BC Other than Woman,BC,0,,0,BC,latin,data/ap/2020_res_gp/nlr_res_gp.pdf,16,nlr_res_gp.pdf
Andhra Pradesh,2020,Nellore,Atmakur Ananthasagaram Ananthasagaram 7 OevarayapalI Bil -lr,Atmakur Ananthasagaram Ananthasagaram 7 OevarayapalI Bil -lr,,sarpanch,Woman,NONE,1,8,0,uR(w),latin,data/ap/2020_res_gp/nlr_res_gp.pdf,16,nlr_res_gp.pdf
Andhra Pradesh,2020,Nellore,Atmakur Ananlhasagaram I Gowravaram,Atmakur Ananlhasagaram I Gowravaram,,sarpanch,Other than Woman,NONE,0,,0,UR,latin,data/ap/2020_res_gp/nlr_res_gp.pdf,16,nlr_res_gp.pdf
Andhra Pradesh,2020,Nellore,Gudigunta,Gudigunta,,sarpanch,Other than Woman,NONE,0,,0,UR,latin,data/ap/2020_res_gp/nlr_res_gp.pdf,16,nlr_res_gp.pdf
Andhra Pradesh,2020,Nellore,Ananthasagaram 11 lnagalurlr,Ananthasagaram 11 lnagalurlr,,sarpanch,Other than Woman,NONE,0,,0,UR,latin,data/ap/2020_res_gp/nlr_res_gp.pdf,16,nlr_res_gp.pdf
Andhra Pradesh,2020,Nellore,Ananthasagaram 14 Lingam Gunia,Ananthasagaram 14 Lingam Gunia,,sarpanch,Woman,NONE,1,8,0,UR(W),latin,data/ap/2020_res_gp/nlr_res_gp.pdf,16,nlr_res_gp.pdf
Andhra Pradesh,2020,Nellore,Atmakur 11 KavaliYadavalli,Atmakur 11 KavaliYadavalli,,sarpanch,BC Woman,BC,1,,0,BC(W),latin,data/ap/2020_res_gp/nlr_res_gp.pdf,18,nlr_res_gp.pdf
Andhra Pradesh,2020,Nellore,Atmakur As Peta 12 Kondameeda Konduru,Atmakur As Peta 12 Kondameeda Konduru,,sarpanch,Woman,NONE,1,8,0,UR(W),latin,data/ap/2020_res_gp/nlr_res_gp.pdf,18,nlr_res_gp.pdf
Andhra Pradesh,2020,Nellore,As Peta 13 Kuppurupadu,As Peta 13 Kuppurupadu,,sarpanch,Woman,NONE,1,0,0,UR(W),latin,data/ap/2020_res_gp/nlr_res_gp.pdf,18,nlr_res_gp.pdf
Andhra Pradesh,2020,Nellore,Almakur As Peta 14 Pandrpadu,Almakur As Peta 14 Pandrpadu,,sarpanch,Other than Woman,NONE,0,,0,UR,latin,data/ap/2020_res_gp/nlr_res_gp.pdf,18,nlr_res_gp.pdf
Andhra Pradesh,2020,Nellore,Atmakur As Peta 18 Srikolanu,Atmakur As Peta 18 Srikolanu,,sarpanch,Woman,NONE,1,6,0,UR(W),latin,data/ap/2020_res_gp/nlr_res_gp.pdf,18,nlr_res_gp.pdf
Andhra Pradesh,2020,Nellore,Atmakur 19 Velpulagunta Annareddypalern,Atmakur 19 Velpulagunta Annareddypalern,,sarpanch,SC Other than Woman,SC,0,,0,sc,latin,data/ap/2020_res_gp/nlr_res_gp.pdf,18,nlr_res_gp.pdf
Andhra Pradesh,2020,Nellore,Atmakur Sangam 1,Atmakur Sangam 1,,sarpanch,Woman,NONE,1,8,0,UR(W),latin,data/ap/2020_res_gp/nlr_res_gp.pdf,18,nlr_res_gp.pdf
Andhra Pradesh,2020,Nellore,Almakur Sangam 2 Makthapuram,Almakur Sangam 2 Makthapuram,,sarpanch,Other than Woman,NONE,0,,0,UR,latin,data/ap/2020_res_gp/nlr_res_gp.pdf,18,nlr_res_gp.pdf
Andhra Pradesh,2020,Nellore,Jandadibba,Jandadibba,,sarpanch,BC Woman,BC,1,12,0,BC(W),latin,data/ap/2020_res_gp/nlr_res_gp.pdf,18,nlr_res_gp.pdf
Andhra Pradesh,2020,Nellore,Atmakur Sangam 5 Siddrpuram,Atmakur Sangam 5 Siddrpuram,,sarpanch,BC Woman,BC,1,10,0,BC(w),latin,data/ap/2020_res_gp/nlr_res_gp.pdf,18,nlr_res_gp.pdf
Andhra Pradesh,2020,Nellore,Vengareddy Pelam,Vengareddy Pelam,,sarpanch,Other than Woman,NONE,0,,0,UR,latin,data/ap/2020_res_gp/nlr_res_gp.pdf,18,nlr_res_gp.pdf
Andhra Pradesh,2020,Nellore,Sangam I Padamalrpalem,Sangam I Padamalrpalem,,sarpanch,Other than Woman,NONE,0,,0,UR,latin,data/ap/2020_res_gp/nlr_res_gp.pdf,18,nlr_res_gp.pdf
Andhra Pradesh,2020,Nellore,"Atmakul Sangam I I\,'larrrpadu","Atmakul Sangam I I\,'larrrpadu",,sarpanch,BC Other than Woman,BC,0,,0,BC,latin,data/ap/2020_res_gp/nlr_res_gp.pdf,18,nlr_res_gp.pdf
Andhra Pradesh,2020,Nellore,Atmakur Sangam 10 Jangala Khandnka,Atmakur Sangam 10 Jangala Khandnka,,sarpanch,BC Other than Woman,BC,0,,0,BC,latin,data/ap/2020_res_gp/nlr_res_gp.pdf,18,nlr_res_gp.pdf
Andhra Pradesh,2020,Nellore,Tharunavaya,Tharunavaya,,sarpanch,SC Other than Woman,SC,0,,0,sc,latin,data/ap/2020_res_gp/nlr_res_gp.pdf,18,nlr_res_gp.pdf
Andhra Pradesh,2020,Nellore,Veerlagudipadu,Veerlagudipadu,,sarpanch,Other than Woman,NONE,0,,0,UR,latin,data/ap/2020_res_gp/nlr_res_gp.pdf,19,nlr_res_gp.pdf
Andhra Pradesh,2020,Nellore,Kolagatla,Kolagatla,,sarpanch,Woman,NONE,1,0,0,UR(W),latin,data/ap/2020_res_gp/nlr_res_gp.pdf,19,nlr_res_gp.pdf
Andhra Pradesh,2020,Nellore,Saogam Sangam 16 Talupurupadu,Saogam Sangam 16 Talupurupadu,,sarpanch,Woman,NONE,1,8,0,uR(w),latin,data/ap/2020_res_gp/nlr_res_gp.pdf,19,nlr_res_gp.pdf
Andhra Pradesh,2020,Nellore,Neelayapalem,Neelayapalem,,sarpanch,Other than Woman,NONE,0,,0,UR,latin,data/ap/2020_res_gp/nlr_res_gp.pdf,19,nlr_res_gp.pdf
Andhra Pradesh,2020,Nellore,Atmakur Kaluvoya Cheeprnapi China Gopavaram,Atmakur Kaluvoya Cheeprnapi China Gopavaram,,sarpanch,Woman,NONE,1,10,0,UR(W),latin,data/ap/2020_res_gp/nlr_res_gp.pdf,19,nlr_res_gp.pdf
Andhra Pradesh,2020,Nellore,KalLrvoya Kaluvoya 6 Chinlhalapalem,KalLrvoya Kaluvoya 6 Chinlhalapalem,,sarpanch,BC Woman,BC,1,8,0,BC(W),latin,data/ap/2020_res_gp/nlr_res_gp.pdf,19,nlr_res_gp.pdf
Andhra Pradesh,2020,Nellore,Kaluvoya 10 Kaluvoya Kanupurupalle,Kaluvoya 10 Kaluvoya Kanupurupalle,,sarpanch,SC Woman,SC,1,10,0,SC(W),latin,data/ap/2020_res_gp/nlr_res_gp.pdf,19,nlr_res_gp.pdf
Andhra Pradesh,2020,Nellore,Kesamaneni Palli,Kesamaneni Palli,,sarpanch,BC Other than Woman,BC,0,,0,BC,latin,data/ap/2020_res_gp/nlr_res_gp.pdf,19,nlr_res_gp.pdf
Andhra Pradesh,2020,Nellore,Pallakonda,Pallakonda,,sarpanch,Other than Woman,NONE,0,,0,UR,latin,data/ap/2020_res_gp/nlr_res_gp.pdf,20,nlr_res_gp.pdf
Andhra Pradesh,2020,Nellore,Peramakonda,Peramakonda,,sarpanch,Woman,NONE,1,8,0,UR(W),latin,data/ap/2020_res_gp/nlr_res_gp.pdf,20,nlr_res_gp.pdf
Andhra Pradesh,2020,Nellore,Telugurayapuram,Telugurayapuram,,sarpanch,Woman,NONE,1,8,0,UR(W),latin,data/ap/2020_res_gp/nlr_res_gp.pdf,20,nlr_res_gp.pdf
Andhra Pradesh,2020,Nellore,Atmakur Kaluvoya 19 Thopugunta,Atmakur Kaluvoya 19 Thopugunta,,sarpanch,Other than Woman,NONE,0,,0,UR,latin,data/ap/2020_res_gp/nlr_res_gp.pdf,20,nlr_res_gp.pdf
Andhra Pradesh,2020,Nellore,"Atmakur [,,larrip a d u T Allampadu I\,4arnpadu 2 Bheemavaram","Atmakur [,,larrip a d u T Allampadu I\,4arnpadu 2 Bheemavaram",,sarpanch,Woman,NONE,1,8,0,UR(W),latin,data/ap/2020_res_gp/nlr_res_gp.pdf,20,nlr_res_gp.pdf
Andhra Pradesh,2020,Nellore,Atmakur I\rarripadu 3,Atmakur I\rarripadu 3,,sarpanch,Other than Woman,NONE,0,,0,UR,latin,data/ap/2020_res_gp/nlr_res_gp.pdf,20,nlr_res_gp.pdf
Andhra Pradesh,2020,Nellore,Atmakur Marripadu Budawada,Atmakur Marripadu Budawada,,sarpanch,SC Other than Woman,SC,0,,0,SC,latin,data/ap/2020_res_gp/nlr_res_gp.pdf,20,nlr_res_gp.pdf
Andhra Pradesh,2020,Nellore,Chabolu,Chabolu,,sarpanch,Other than Woman,NONE,0,,0,UR,latin,data/ap/2020_res_gp/nlr_res_gp.pdf,20,nlr_res_gp.pdf
Andhra Pradesh,2020,Nellore,Marripadu,Marripadu,,sarpanch,Woman,NONE,1,8,0,UR(W),latin,data/ap/2020_res_gp/nlr_res_gp.pdf,20,nlr_res_gp.pdf
Andhra Pradesh,2020,Nellore,Atmakur Marripadu 6 Chilakapadu,Atmakur Marripadu 6 Chilakapadu,,sarpanch,BC Other than Woman,BC,0,,0,BC,latin,data/ap/2020_res_gp/nlr_res_gp.pdf,20,nlr_res_gp.pdf
Andhra Pradesh,2020,Nellore,"l\,4arnpadu / Chinnamachanuru","l\,4arnpadu / Chinnamachanuru",,sarpanch,BC Other than Woman,BC,0,,0,BC,latin,data/ap/2020_res_gp/nlr_res_gp.pdf,20,nlr_res_gp.pdf
Andhra Pradesh,2020,Nellore,lrlapadu,lrlapadu,,sarpanch,BC Other than Woman,BC,0,,0,BC,latin,data/ap/2020_res_gp/nlr_res_gp.pdf,20,nlr_res_gp.pdf
Andhra Pradesh,2020,Nellore,Kampasamudram,Kampasamudram,,sarpanch,BC Other than Woman,BC,0,,0,BC,latin,data/ap/2020_res_gp/nlr_res_gp.pdf,20,nlr_res_gp.pdf
Andhra Pradesh,2020,Nellore,Atmakur,"I\,I a rripad u '12 Kelhigunla",,sarpanch,Other than Woman,NONE,0,,0,UR,latin,data/ap/2020_res_gp/nlr_res_gp.pdf,20,nlr_res_gp.pdf
Andhra Pradesh,2020,Nellore,Atmakur Marripadu Marflpadu 13 Khadarpur,Atmakur Marripadu Marflpadu 13 Khadarpur,,sarpanch,Other than Woman,NONE,0,,0,UR,latin,data/ap/2020_res_gp/nlr_res_gp.pdf,20,nlr_res_gp.pdf
Andhra Pradesh,2020,Nellore,Atmakur I'rarripadu 17 Padamatinaidupalli,Atmakur I'rarripadu 17 Padamatinaidupalli,,sarpanch,SC Woman,SC,1,12,0,sc(w),latin,data/ap/2020_res_gp/nlr_res_gp.pdf,21,nlr_res_gp.pdf
Andhra Pradesh,2020,Nellore,"I',larripadu 18 Pallavolu sr(w) 10","I',larripadu 18 Pallavolu sr(w) 10",,sarpanch,BC Woman,BC,1,,0,BC(W),latin,data/ap/2020_res_gp/nlr_res_gp.pdf,21,nlr_res_gp.pdf
Andhra Pradesh,2020,Nellore,Atmaklrr Marripadu 19 Pegallapadu,Atmaklrr Marripadu 19 Pegallapadu,,sarpanch,Woman,NONE,1,10,0,UR(W),latin,data/ap/2020_res_gp/nlr_res_gp.pdf,21,nlr_res_gp.pdf
Andhra Pradesh,2020,Nellore,Ponguftrkandriga,Ponguftrkandriga,,sarpanch,Woman,NONE,1,,0,uR(w),latin,data/ap/2020_res_gp/nlr_res_gp.pdf,21,nlr_res_gp.pdf
Andhra Pradesh,2020,Nellore,l A Krsthipuram,l A Krsthipuram,,sarpanch,BC Woman,BC,1,,0,BC(W),latin,data/ap/2020_res_gp/nlr_res_gp.pdf,21,nlr_res_gp.pdf
Andhra Pradesh,2020,Nellore,Atmakur v njam!r 4 Gundemadakala,Atmakur v njam!r 4 Gundemadakala,,sarpanch,SC Other than Woman,SC,0,,0,sc,latin,data/ap/2020_res_gp/nlr_res_gp.pdf,21,nlr_res_gp.pdf
Andhra Pradesh,2020,Nellore,VrnJamur 5,VrnJamur 5,,sarpanch,BC Other than Woman,BC,0,,0,BC,latin,data/ap/2020_res_gp/nlr_res_gp.pdf,21,nlr_res_gp.pdf
Andhra Pradesh,2020,Nellore,Atmakur Vrnjamur 8 Nandigunta,Atmakur Vrnjamur 8 Nandigunta,,sarpanch,Other than Woman,NONE,0,,0,UR,latin,data/ap/2020_res_gp/nlr_res_gp.pdf,21,nlr_res_gp.pdf
Andhra Pradesh,2020,Nellore,Atmakur V nlamur I Ravrpadu,Atmakur V nlamur I Ravrpadu,,sarpanch,Woman,NONE,1,8,0,UR(W),latin,data/ap/2020_res_gp/nlr_res_gp.pdf,21,nlr_res_gp.pdf
Andhra Pradesh,2020,Nellore,Vinjamur 12 Vinjamur sr(w) 20,Vinjamur 12 Vinjamur sr(w) 20,,sarpanch,BC Woman,BC,1,,0,BC(w),latin,data/ap/2020_res_gp/nlr_res_gp.pdf,22,nlr_res_gp.pdf
Andhra Pradesh,2020,Nellore,Atmakur Chejerla 1 Bodipadu,Atmakur Chejerla 1 Bodipadu,,sarpanch,Other than Woman,NONE,0,,0,UR,latin,data/ap/2020_res_gp/nlr_res_gp.pdf,22,nlr_res_gp.pdf
Andhra Pradesh,2020,Nellore,Chejerla,Chejerla,,sarpanch,ST Other than Woman,ST,0,,0,ST,latin,data/ap/2020_res_gp/nlr_res_gp.pdf,22,nlr_res_gp.pdf
Andhra Pradesh,2020,Nellore,Almakur Chejeda Chiltaluru,Almakur Chejeda Chiltaluru,,sarpanch,BC Woman,BC,1,8,0,BC(W),latin,data/ap/2020_res_gp/nlr_res_gp.pdf,22,nlr_res_gp.pdf
Andhra Pradesh,2020,Nellore,Gollapalli,Gollapalli,,sarpanch,SC Woman,SC,1,0,0,SC(W),latin,data/ap/2020_res_gp/nlr_res_gp.pdf,22,nlr_res_gp.pdf
Andhra Pradesh,2020,Nellore,Chejerla Chejerla 6 Kakivoya,Chejerla Chejerla 6 Kakivoya,,sarpanch,Other than Woman,NONE,0,,0,UR,latin,data/ap/2020_res_gp/nlr_res_gp.pdf,22,nlr_res_gp.pdf
Andhra Pradesh,2020,Nellore,Kotilheertham,Kotilheertham,,sarpanch,Woman,NONE,1,0,0,UR(W),latin,data/ap/2020_res_gp/nlr_res_gp.pdf,22,nlr_res_gp.pdf
Andhra Pradesh,2020,Nellore,Chejerla I Madapalli,Chejerla I Madapalli,,sarpanch,SC Woman,SC,1,10,0,SC(W),latin,data/ap/2020_res_gp/nlr_res_gp.pdf,22,nlr_res_gp.pdf
Andhra Pradesh,2020,Nellore,Atmakur Chejerla,Atmakur Chejerla,,sarpanch,SC Other than Woman,SC,0,,0,SC,latin,data/ap/2020_res_gp/nlr_res_gp.pdf,22,nlr_res_gp.pdf
Andhra Pradesh,2020,Nellore,Nuthakkivari Kandriga,Nuthakkivari Kandriga,,sarpanch,Woman,NONE,1,10,0,UR(W),latin,data/ap/2020_res_gp/nlr_res_gp.pdf,22,nlr_res_gp.pdf
Andhra Pradesh,2020,Nellore,Nagulavellaturll,Nagulavellaturll,,sarpanch,BC Other than Woman,BC,0,,0,BC,latin,data/ap/2020_res_gp/nlr_res_gp.pdf,22,nlr_res_gp.pdf
Andhra Pradesh,2020,Nellore,Cheleda,Cheleda,,sarpanch,SC Other than Woman,SC,0,,0,SC,latin,data/ap/2020_res_gp/nlr_res_gp.pdf,22,nlr_res_gp.pdf
Andhra Pradesh,2020,Nellore,Obulayapalli,Obulayapalli,,sarpanch,Woman,NONE,1,8,0,UR(W),latin,data/ap/2020_res_gp/nlr_res_gp.pdf,22,nlr_res_gp.pdf
Andhra Pradesh,2020,Nellore,Paderu,Paderu,,sarpanch,BC Other than Woman,BC,0,,0,BC,latin,data/ap/2020_res_gp/nlr_res_gp.pdf,22,nlr_res_gp.pdf
Andhra Pradesh,2020,Nellore,Chejerla,Chejerla,,sarpanch,Woman,NONE,1,8,0,UR(W),latin,data/ap/2020_res_gp/nlr_res_gp.pdf,22,nlr_res_gp.pdf
Andhra Pradesh,2020,Nellore,Pelleru,Pelleru,,sarpanch,Woman,NONE,1,0,0,UR(W),latin,data/ap/2020_res_gp/nlr_res_gp.pdf,22,nlr_res_gp.pdf
Andhra Pradesh,2020,Nellore,Perumallapadu,Perumallapadu,,sarpanch,Woman,NONE,1,,0,UR(W),latin,data/ap/2020_res_gp/nlr_res_gp.pdf,22,nlr_res_gp.pdf
Andhra Pradesh,2020,Nellore,Thurpukambhampadu,Thurpukambhampadu,,sarpanch,SC Woman,SC,1,10,0,SC(W),latin,data/ap/2020_res_gp/nlr_res_gp.pdf,22,nlr_res_gp.pdf
Andhra Pradesh,2020,Nellore,Cheje.la,Cheje.la,,sarpanch,BC Woman,BC,1,8,0,BC(W),latin,data/ap/2020_res_gp/nlr_res_gp.pdf,22,nlr_res_gp.pdf
Andhra Pradesh,2020,Nellore,Chelerla 19 Thimmayapalem Atrnakur Chejerla 2A Vavileru,Chelerla 19 Thimmayapalem Atrnakur Chejerla 2A Vavileru,,sarpanch,Other than Woman,NONE,0,,0,UR,latin,data/ap/2020_res_gp/nlr_res_gp.pdf,22,nlr_res_gp.pdf
Andhra Pradesh,2020,Nellore,Atmakur Chejerla Yanamadala,Atmakur Chejerla Yanamadala,,sarpanch,Other than Woman,NONE,0,,0,UR,latin,data/ap/2020_res_gp/nlr_res_gp.pdf,23,nlr_res_gp.pdf
Andhra Pradesh,2020,Nellore,Atmakur Chejerla,Atmakur Chejerla,,sarpanch,BC Woman,BC,1,0,0,BC(w),latin,data/ap/2020_res_gp/nlr_res_gp.pdf,23,nlr_res_gp.pdf
Andhra Pradesh,2020,Nellore,Atmakur Cheier a Billupadu,Atmakur Cheier a Billupadu,,sarpanch,Other than Woman,NONE,0,,0,UR,latin,data/ap/2020_res_gp/nlr_res_gp.pdf,23,nlr_res_gp.pdf
Andhra Pradesh,2020,Nellore,Atmakur Cheierla Thurpupalli,Atmakur Cheierla Thurpupalli,,sarpanch,Other than Woman,NONE,0,,0,UR,latin,data/ap/2020_res_gp/nlr_res_gp.pdf,23,nlr_res_gp.pdf
Andhra Pradesh,2020,Nellore,Atmakur CheJerla Udayagrn,Atmakur CheJerla Udayagrn,,sarpanch,ST Other than Woman,ST,0,,1,sT(v,latin,data/ap/2020_res_gp/nlr_res_gp.pdf,23,nlr_res_gp.pdf
Andhra Pradesh,2020,Nellore,Atmakur Udayagir 2 Kondayapalem,Atmakur Udayagir 2 Kondayapalem,,sarpanch,SC Woman,SC,1,12,0,sc(w),latin,data/ap/2020_res_gp/nlr_res_gp.pdf,23,nlr_res_gp.pdf
Andhra Pradesh,2020,Nellore,Atmakur Udayagin Gandrpalern,Atmakur Udayagin Gandrpalern,,sarpanch,SC Woman,SC,1,10,0,sc(w),latin,data/ap/2020_res_gp/nlr_res_gp.pdf,23,nlr_res_gp.pdf
Andhra Pradesh,2020,Nellore,Atmakur lJdayaqrri G Cheruvupalli,Atmakur lJdayaqrri G Cheruvupalli,,sarpanch,BC Woman,BC,1,8,0,BC(w),latin,data/ap/2020_res_gp/nlr_res_gp.pdf,23,nlr_res_gp.pdf
Andhra Pradesh,2020,Nellore,Atmakur Udayagifl G Cherlopalli,Atmakur Udayagifl G Cherlopalli,,sarpanch,ST Woman,ST,1,,0,ST(W),latin,data/ap/2020_res_gp/nlr_res_gp.pdf,23,nlr_res_gp.pdf
Andhra Pradesh,2020,Nellore,Atmakur udayagiri 1,Atmakur udayagiri 1,,sarpanch,BC Other than Woman,BC,0,,0,BC,latin,data/ap/2020_res_gp/nlr_res_gp.pdf,23,nlr_res_gp.pdf
Andhra Pradesh,2020,Nellore,Atmakur Udayagirr j Nelaturu,Atmakur Udayagirr j Nelaturu,,sarpanch,Woman,NONE,1,0,0,UR(W),latin,data/ap/2020_res_gp/nlr_res_gp.pdf,23,nlr_res_gp.pdf
Andhra Pradesh,2020,Nellore,Atmakur Udayagrrr Krishnampalh,Atmakur Udayagrrr Krishnampalh,,sarpanch,Woman,NONE,1,0,0,UR(W),latin,data/ap/2020_res_gp/nlr_res_gp.pdf,23,nlr_res_gp.pdf
Andhra Pradesh,2020,Nellore,Atmakur Udayagin Appasamudrarn,Atmakur Udayagin Appasamudrarn,,sarpanch,BC Other than Woman,BC,0,,0,BC,latin,data/ap/2020_res_gp/nlr_res_gp.pdf,23,nlr_res_gp.pdf
Andhra Pradesh,2020,Nellore,Atmakur Udayagrn PLrllayapalli,Atmakur Udayagrn PLrllayapalli,,sarpanch,Other than Woman,NONE,0,,0,UR,latin,data/ap/2020_res_gp/nlr_res_gp.pdf,23,nlr_res_gp.pdf
Andhra Pradesh,2020,Nellore,Atmakur Udayagiri 16 Dasarapalli,Atmakur Udayagiri 16 Dasarapalli,,sarpanch,Other than Woman,NONE,0,,0,UR,latin,data/ap/2020_res_gp/nlr_res_gp.pdf,24,nlr_res_gp.pdf
Andhra Pradesh,2020,Nellore,Atmakur udayagiri 17 Gannepalli,Atmakur udayagiri 17 Gannepalli,,sarpanch,Other than Woman,NONE,0,,0,UR,latin,data/ap/2020_res_gp/nlr_res_gp.pdf,24,nlr_res_gp.pdf
Andhra Pradesh,2020,Nellore,Seetharamapuram 1 Alyavaripalle,Seetharamapuram 1 Alyavaripalle,,sarpanch,Other than Woman,NONE,0,,0,UR,latin,data/ap/2020_res_gp/nlr_res_gp.pdf,24,nlr_res_gp.pdf
Andhra Pradesh,2020,Nellore,Atmakur Seetharamapuram 2 Balayapalle,Atmakur Seetharamapuram 2 Balayapalle,,sarpanch,Other than Woman,NONE,0,,0,UR,latin,data/ap/2020_res_gp/nlr_res_gp.pdf,24,nlr_res_gp.pdf
Andhra Pradesh,2020,Nellore,SeetharamaPuram 3 Basinenipalle,SeetharamaPuram 3 Basinenipalle,,sarpanch,SC Woman,SC,1,12,0,SC(W),latin,data/ap/2020_res_gp/nlr_res_gp.pdf,24,nlr_res_gp.pdf
Andhra Pradesh,2020,Nellore,Atmakur Seetharamapuram 4,Atmakur Seetharamapuram 4,,sarpanch,ST Woman,ST,1,8,0,ST(W),latin,data/ap/2020_res_gp/nlr_res_gp.pdf,24,nlr_res_gp.pdf
Andhra Pradesh,2020,Nellore,SeetharamaPuram 5 Devammacheruvu,SeetharamaPuram 5 Devammacheruvu,,sarpanch,Woman,NONE,1,,0,UR(W),latin,data/ap/2020_res_gp/nlr_res_gp.pdf,24,nlr_res_gp.pdf
Andhra Pradesh,2020,Nellore,SeetharamaPuram 6 DevarajusurayaPalle,SeetharamaPuram 6 DevarajusurayaPalle,,sarpanch,Other than Woman,NONE,0,,0,UR,latin,data/ap/2020_res_gp/nlr_res_gp.pdf,24,nlr_res_gp.pdf
Andhra Pradesh,2020,Nellore,Devrseltipalle,Devrseltipalle,,sarpanch,Woman,NONE,1,6,0,UR(W),latin,data/ap/2020_res_gp/nlr_res_gp.pdf,24,nlr_res_gp.pdf
Andhra Pradesh,2020,Nellore,Gundupalle,Gundupalle,,sarpanch,Other than Woman,NONE,0,,0,UR,latin,data/ap/2020_res_gp/nlr_res_gp.pdf,24,nlr_res_gp.pdf
Andhra Pradesh,2020,Nellore,SeetharamaPuram,SeetharamaPuram,,sarpanch,Other than Woman,NONE,0,,0,UR,latin,data/ap/2020_res_gp/nlr_res_gp.pdf,24,nlr_res_gp.pdf
Andhra Pradesh,2020,Nellore,Seetharamapuram I Jayapuram,Seetharamapuram I Jayapuram,,sarpanch,Woman,NONE,1,6,0,UR(W),latin,data/ap/2020_res_gp/nlr_res_gp.pdf,24,nlr_res_gp.pdf
Andhra Pradesh,2020,Nellore,"Seelharamapulam 10 I\,4aramreddypalle","Seelharamapulam 10 I\,4aramreddypalle",,sarpanch,Woman,NONE,1,8,0,uR(w),latin,data/ap/2020_res_gp/nlr_res_gp.pdf,24,nlr_res_gp.pdf
Andhra Pradesh,2020,Nellore,Nemalladinne,Nemalladinne,,sarpanch,SC Other than Woman,SC,0,,0,SC,latin,data/ap/2020_res_gp/nlr_res_gp.pdf,24,nlr_res_gp.pdf
Andhra Pradesh,2020,Nellore,Pabbuletipalle,Pabbuletipalle,,sarpanch,BC Other than Woman,BC,0,,0,BC,latin,data/ap/2020_res_gp/nlr_res_gp.pdf,24,nlr_res_gp.pdf
Andhra Pradesh,2020,Nellore,Seetharamapuram,Seetharamapuram,,sarpanch,Other than Woman,NONE,0,,0,UR,latin,data/ap/2020_res_gp/nlr_res_gp.pdf,24,nlr_res_gp.pdf
Andhra Pradesh,2020,Nellore,SeetharamaPUram,SeetharamaPUram,,sarpanch,Other than Woman,NONE,0,,0,UR,latin,data/ap/2020_res_gp/nlr_res_gp.pdf,24,nlr_res_gp.pdf
Andhra Pradesh,2020,Nellore,Kavali Kava i 1 Amudaladinne,Kavali Kava i 1 Amudaladinne,,sarpanch,Woman,NONE,1,12,0,UR(W),latin,data/ap/2020_res_gp/nlr_res_gp.pdf,24,nlr_res_gp.pdf
Andhra Pradesh,2020,Nellore,Kavalr Kavali 2 Anemadugu,Kavalr Kavali 2 Anemadugu,,sarpanch,BC Other than Woman,BC,0,,0,BC,latin,data/ap/2020_res_gp/nlr_res_gp.pdf,24,nlr_res_gp.pdf
Andhra Pradesh,2020,Nellore,Kava r 4 Chalamcherla,Kava r 4 Chalamcherla,,sarpanch,Woman,NONE,1,,0,UR(W),latin,data/ap/2020_res_gp/nlr_res_gp.pdf,24,nlr_res_gp.pdf
Andhra Pradesh,2020,Nellore,Chenchuganipalem,Chenchuganipalem,,sarpanch,Other than Woman,NONE,0,,0,UR,latin,data/ap/2020_res_gp/nlr_res_gp.pdf,25,nlr_res_gp.pdf
Andhra Pradesh,2020,Nellore,Kavali Kavalr,Kavali Kavalr,,sarpanch,SC Woman,SC,1,12,1,SC(W ,latin,data/ap/2020_res_gp/nlr_res_gp.pdf,25,nlr_res_gp.pdf
Andhra Pradesh,2020,Nellore,Kavalr Kava i Gowravaram,Kavalr Kava i Gowravaram,,sarpanch,Other than Woman,NONE,0,,0,UR,latin,data/ap/2020_res_gp/nlr_res_gp.pdf,25,nlr_res_gp.pdf
Andhra Pradesh,2020,Nellore,Kavali Kavali I Kothapalii,Kavali Kavali I Kothapalii,,sarpanch,Other than Woman,NONE,0,,0,UR,latin,data/ap/2020_res_gp/nlr_res_gp.pdf,25,nlr_res_gp.pdf
Andhra Pradesh,2020,Nellore,Lakshmipuram,Lakshmipuram,,sarpanch,Woman,NONE,1,6,1,UR(W ,latin,data/ap/2020_res_gp/nlr_res_gp.pdf,25,nlr_res_gp.pdf
Andhra Pradesh,2020,Nellore,Mannangiudinne,Mannangiudinne,,sarpanch,Other than Woman,NONE,0,,0,UR,latin,data/ap/2020_res_gp/nlr_res_gp.pdf,25,nlr_res_gp.pdf
Andhra Pradesh,2020,Nellore,Pedapallapupalem,Pedapallapupalem,,sarpanch,BC Woman,BC,1,10,0,BC(W),latin,data/ap/2020_res_gp/nlr_res_gp.pdf,25,nlr_res_gp.pdf
Andhra Pradesh,2020,Nellore,Rudrakota,Rudrakota,,sarpanch,ST Woman,ST,1,12,0,ST(W),latin,data/ap/2020_res_gp/nlr_res_gp.pdf,25,nlr_res_gp.pdf
Andhra Pradesh,2020,Nellore,Kava Kavali,Kava Kavali,,sarpanch,SC Other than Woman,SC,0,,0,sc,latin,data/ap/2020_res_gp/nlr_res_gp.pdf,25,nlr_res_gp.pdf
Andhra Pradesh,2020,Nellore,Kavali Kavah 13 R C Palem,Kavali Kavah 13 R C Palem,,sarpanch,BC Other than Woman,BC,0,,0,BC,latin,data/ap/2020_res_gp/nlr_res_gp.pdf,25,nlr_res_gp.pdf
Andhra Pradesh,2020,Nellore,Srrripuram,Srrripuram,,sarpanch,Other than Woman,NONE,0,,0,UR,latin,data/ap/2020_res_gp/nlr_res_gp.pdf,25,nlr_res_gp.pdf
Andhra Pradesh,2020,Nellore,Kavalr Kavali,Kavalr Kavali,,sarpanch,SC Woman,SC,1,,0,SC(W),latin,data/ap/2020_res_gp/nlr_res_gp.pdf,25,nlr_res_gp.pdf
Andhra Pradesh,2020,Nellore,Kava i Kavalr t6 Thallapalem,Kava i Kavalr t6 Thallapalem,,sarpanch,SC Other than Woman,SC,0,,0,sc,latin,data/ap/2020_res_gp/nlr_res_gp.pdf,25,nlr_res_gp.pdf
Andhra Pradesh,2020,Nellore,Kava r ALlimadugu,Kava r ALlimadugu,,sarpanch,SC Other than Woman,SC,0,,0,sc,latin,data/ap/2020_res_gp/nlr_res_gp.pdf,25,nlr_res_gp.pdf
Andhra Pradesh,2020,Nellore,Kavali Bogole 1 Ananthabatla,Kavali Bogole 1 Ananthabatla,,sarpanch,Other than Woman,NONE,0,,0,UR,latin,data/ap/2020_res_gp/nlr_res_gp.pdf,25,nlr_res_gp.pdf
Andhra Pradesh,2020,Nellore,Kava r Bogole 3 Brtragunta,Kava r Bogole 3 Brtragunta,,sarpanch,ST Other than Woman,ST,0,,0,ST,latin,data/ap/2020_res_gp/nlr_res_gp.pdf,25,nlr_res_gp.pdf
Andhra Pradesh,2020,Nellore,Kava Bogole Bogole,Kava Bogole Bogole,,sarpanch,BC Other than Woman,BC,0,,1,8C,latin,data/ap/2020_res_gp/nlr_res_gp.pdf,25,nlr_res_gp.pdf
Andhra Pradesh,2020,Nellore,Kavali Bogole 5 Chennarayuntpalem Bogole 6 Jakkepalligudur,Kavali Bogole 5 Chennarayuntpalem Bogole 6 Jakkepalligudur,,sarpanch,Other than Woman,NONE,0,,0,UR,latin,data/ap/2020_res_gp/nlr_res_gp.pdf,25,nlr_res_gp.pdf
Andhra Pradesh,2020,Nellore,Kavalr,Kavalr,,sarpanch,BC Woman,BC,1,12,0,BC(W),latin,data/ap/2020_res_gp/nlr_res_gp.pdf,25,nlr_res_gp.pdf
Andhra Pradesh,2020,Nellore,Kavali Bogole 7 Juwaladinne Bogole 8 Kovurupalli,Kavali Bogole 7 Juwaladinne Bogole 8 Kovurupalli,,sarpanch,Woman,NONE,1,,0,UR(W),latin,data/ap/2020_res_gp/nlr_res_gp.pdf,25,nlr_res_gp.pdf
Andhra Pradesh,2020,Nellore,Kaval I lvlungamur,Kaval I lvlungamur,,sarpanch,Woman,NONE,1,10,0,UR(W),latin,data/ap/2020_res_gp/nlr_res_gp.pdf,25,nlr_res_gp.pdf
Andhra Pradesh,2020,Nellore,Nagulavaram,Nagulavaram,,sarpanch,SC Other than Woman,SC,0,,0,sc,latin,data/ap/2020_res_gp/nlr_res_gp.pdf,26,nlr_res_gp.pdf
Andhra Pradesh,2020,Nellore,Kavalr Bogole Siddhavarapu,Kavalr Bogole Siddhavarapu,,sarpanch,Woman,NONE,1,10,0,UR(W),latin,data/ap/2020_res_gp/nlr_res_gp.pdf,26,nlr_res_gp.pdf
Andhra Pradesh,2020,Nellore,Kavall Bogole 11 venkateswarapalem 12 Sundaragirivari,Kavall Bogole 11 venkateswarapalem 12 Sundaragirivari,,sarpanch,Other than Woman,NONE,0,,0,UR,latin,data/ap/2020_res_gp/nlr_res_gp.pdf,26,nlr_res_gp.pdf
Andhra Pradesh,2020,Nellore,Tha,Tha,,sarpanch,Other than Woman,NONE,0,,0,ur,latin,data/ap/2020_res_gp/nlr_res_gp.pdf,26,nlr_res_gp.pdf
Andhra Pradesh,2020,Nellore,puram,puram,,sarpanch,Woman,NONE,1,8,0,UR(W),latin,data/ap/2020_res_gp/nlr_res_gp.pdf,26,nlr_res_gp.pdf
Andhra Pradesh,2020,Nellore,Kava Bogole,Kava Bogole,,sarpanch,BC Other than Woman,BC,0,,0,BC,latin,data/ap/2020_res_gp/nlr_res_gp.pdf,26,nlr_res_gp.pdf
Andhra Pradesh,2020,Nellore,"Kavali Bogole 16 Yenugulabavi ,|","Kavali Bogole 16 Yenugulabavi ,|",,sarpanch,SC Woman,SC,1,12,0,sc(w),latin,data/ap/2020_res_gp/nlr_res_gp.pdf,26,nlr_res_gp.pdf
Andhra Pradesh,2020,Nellore,Kavalr Jaladanki,Kavalr Jaladanki,,sarpanch,Other than Woman,NONE,0,,0,UR,latin,data/ap/2020_res_gp/nlr_res_gp.pdf,26,nlr_res_gp.pdf
Andhra Pradesh,2020,Nellore,Kavalr Jaladankr 2 Brahmanakraka sr(G) 14,Kavalr Jaladankr 2 Brahmanakraka sr(G) 14,,sarpanch,Other than Woman,NONE,0,,0,UR,latin,data/ap/2020_res_gp/nlr_res_gp.pdf,26,nlr_res_gp.pdf
Andhra Pradesh,2020,Nellore,Kavali Jaladanki 3 Chamadala,Kavali Jaladanki 3 Chamadala,,sarpanch,SC Woman,SC,1,,0,sc(w),latin,data/ap/2020_res_gp/nlr_res_gp.pdf,26,nlr_res_gp.pdf
Andhra Pradesh,2020,Nellore,Kavalr Jaladanki Chinakraka,Kavalr Jaladanki Chinakraka,,sarpanch,Woman,NONE,1,8,0,UR(W),latin,data/ap/2020_res_gp/nlr_res_gp.pdf,26,nlr_res_gp.pdf
Andhra Pradesh,2020,Nellore,Jaladanki 5 Chodavaram,Jaladanki 5 Chodavaram,,sarpanch,SC Woman,SC,1,12,0,sc(w),latin,data/ap/2020_res_gp/nlr_res_gp.pdf,26,nlr_res_gp.pdf
Andhra Pradesh,2020,Nellore,Kavali laladankr 6 Gattupalli,Kavali laladankr 6 Gattupalli,,sarpanch,BC Other than Woman,BC,0,,0,BC,latin,data/ap/2020_res_gp/nlr_res_gp.pdf,26,nlr_res_gp.pdf
Andhra Pradesh,2020,Nellore,Kavalr Jaladankr I Gopannapalem,Kavalr Jaladankr I Gopannapalem,,sarpanch,Other than Woman,NONE,0,,0,UR,latin,data/ap/2020_res_gp/nlr_res_gp.pdf,26,nlr_res_gp.pdf
Andhra Pradesh,2020,Nellore,Kava Jaladankr 8 Jaladankr,Kava Jaladankr 8 Jaladankr,,sarpanch,Other than Woman,NONE,0,,0,UR,latin,data/ap/2020_res_gp/nlr_res_gp.pdf,26,nlr_res_gp.pdf
Andhra Pradesh,2020,Nellore,Kavali laladanki I Jammlalapalem,Kavali laladanki I Jammlalapalem,,sarpanch,SC Other than Woman,SC,0,,0,sc,latin,data/ap/2020_res_gp/nlr_res_gp.pdf,26,nlr_res_gp.pdf
Andhra Pradesh,2020,Nellore,Kavalr Jaladankr 10 Kammavaripalem,Kavalr Jaladankr 10 Kammavaripalem,,sarpanch,Other than Woman,NONE,0,,0,UR,latin,data/ap/2020_res_gp/nlr_res_gp.pdf,26,nlr_res_gp.pdf
Andhra Pradesh,2020,Nellore,Kava .la adanki 1'1 Kesavaram t1 Kavalr Jaladanki 12 Kothapalem,Kava .la adanki 1'1 Kesavaram t1 Kavalr Jaladanki 12 Kothapalem,,sarpanch,Woman,NONE,1,8,0,UR(W),latin,data/ap/2020_res_gp/nlr_res_gp.pdf,26,nlr_res_gp.pdf
Andhra Pradesh,2020,Nellore,Krishnapadu,Krishnapadu,,sarpanch,Woman,NONE,1,8,0,UR(W),latin,data/ap/2020_res_gp/nlr_res_gp.pdf,26,nlr_res_gp.pdf
Andhra Pradesh,2020,Nellore,Kava Jaladanki,Kava Jaladanki,,sarpanch,SC Other than Woman,SC,0,,0,SC,latin,data/ap/2020_res_gp/nlr_res_gp.pdf,26,nlr_res_gp.pdf
Andhra Pradesh,2020,Nellore,Kavali Jaladanki 15,Kavali Jaladanki 15,,sarpanch,Other than Woman,NONE,0,,0,UR,latin,data/ap/2020_res_gp/nlr_res_gp.pdf,27,nlr_res_gp.pdf
Andhra Pradesh,2020,Nellore,Kavali Jaladanki 1€ SomavarapPadu,Kavali Jaladanki 1€ SomavarapPadu,,sarpanch,Other than Woman,NONE,0,,0,UR,latin,data/ap/2020_res_gp/nlr_res_gp.pdf,27,nlr_res_gp.pdf
Andhra Pradesh,2020,Nellore,Kavali Jaladanki 17 Vemuiapadu,Kavali Jaladanki 17 Vemuiapadu,,sarpanch,SC Other than Woman,SC,0,,0,sc,latin,data/ap/2020_res_gp/nlr_res_gp.pdf,27,nlr_res_gp.pdf
Andhra Pradesh,2020,Nellore,Kavalr Dullaluru 1 rlR(w),Kavalr Dullaluru 1 rlR(w),,sarpanch,Woman,NONE,1,,0,UR(W),latin,data/ap/2020_res_gp/nlr_res_gp.pdf,27,nlr_res_gp.pdf
Andhra Pradesh,2020,Nellore,Kavali Dutlaluru 2 Dultaluru,Kavali Dutlaluru 2 Dultaluru,,sarpanch,SC Other than Woman,SC,0,,1,sc(v,latin,data/ap/2020_res_gp/nlr_res_gp.pdf,27,nlr_res_gp.pdf
Andhra Pradesh,2020,Nellore,Kavali Duttaluru 3 Narrawada,Kavali Duttaluru 3 Narrawada,,sarpanch,BC Other than Woman,BC,0,9,1,BC(v,latin,data/ap/2020_res_gp/nlr_res_gp.pdf,27,nlr_res_gp.pdf
Andhra Pradesh,2020,Nellore,Kavalr Duttaluru Nandrpadu,Kavalr Duttaluru Nandrpadu,,sarpanch,BC Woman,BC,1,0,0,BC(W),latin,data/ap/2020_res_gp/nlr_res_gp.pdf,27,nlr_res_gp.pdf
Andhra Pradesh,2020,Nellore,Kavali Duttaluru 6 Yerukolu,Kavali Duttaluru 6 Yerukolu,,sarpanch,BC Woman,BC,1,8,0,BC(w),latin,data/ap/2020_res_gp/nlr_res_gp.pdf,27,nlr_res_gp.pdf
Andhra Pradesh,2020,Nellore,Kavali Dullaluru 7 Bramheswaram,Kavali Dullaluru 7 Bramheswaram,,sarpanch,BC Other than Woman,BC,0,,0,BC,latin,data/ap/2020_res_gp/nlr_res_gp.pdf,27,nlr_res_gp.pdf
Andhra Pradesh,2020,Nellore,Kavah Dultaluru 8 vengannapalem,Kavah Dultaluru 8 vengannapalem,,sarpanch,BC Woman,BC,1,,0,BC(w),latin,data/ap/2020_res_gp/nlr_res_gp.pdf,27,nlr_res_gp.pdf
Andhra Pradesh,2020,Nellore,Kavalr Duttaluru I Papampallr,Kavalr Duttaluru I Papampallr,,sarpanch,Woman,NONE,1,8,0,UR(W),latin,data/ap/2020_res_gp/nlr_res_gp.pdf,27,nlr_res_gp.pdf
Andhra Pradesh,2020,Nellore,Kavali Duttaluru 1C Rachavaripalli,Kavali Duttaluru 1C Rachavaripalli,,sarpanch,Woman,NONE,1,8,0,uR(w),latin,data/ap/2020_res_gp/nlr_res_gp.pdf,27,nlr_res_gp.pdf
Andhra Pradesh,2020,Nellore,Kavali Duitaluru 12 Thrmmapuram,Kavali Duitaluru 12 Thrmmapuram,,sarpanch,Woman,NONE,1,,0,UR(W),latin,data/ap/2020_res_gp/nlr_res_gp.pdf,27,nlr_res_gp.pdf
Andhra Pradesh,2020,Nellore,Bandakindapalli,Bandakindapalli,,sarpanch,Other than Woman,NONE,0,,0,UR,latin,data/ap/2020_res_gp/nlr_res_gp.pdf,27,nlr_res_gp.pdf
Andhra Pradesh,2020,Nellore,Kavali,Kavali,,sarpanch,Other than Woman,NONE,0,,0,UR,latin,data/ap/2020_res_gp/nlr_res_gp.pdf,27,nlr_res_gp.pdf
Andhra Pradesh,2020,Nellore,Kavali Dultaluru 15 Somalaregada,Kavali Dultaluru 15 Somalaregada,,sarpanch,Woman,NONE,1,,0,UR(W),latin,data/ap/2020_res_gp/nlr_res_gp.pdf,27,nlr_res_gp.pdf
Andhra Pradesh,2020,Nellore,Kavah,Kavah,,sarpanch,Other than Woman,NONE,0,,0,UR,latin,data/ap/2020_res_gp/nlr_res_gp.pdf,27,nlr_res_gp.pdf
Andhra Pradesh,2020,Nellore,Ka gr 3 GangireddyPalem,Ka gr 3 GangireddyPalem,,sarpanch,BC Other than Woman,BC,0,,0,BC,latin,data/ap/2020_res_gp/nlr_res_gp.pdf,28,nlr_res_gp.pdf
Andhra Pradesh,2020,Nellore,Kavali Kaligin 4 Kaligrri,Kavali Kaligin 4 Kaligrri,,sarpanch,ST Woman,ST,1,14,0,ST(W),latin,data/ap/2020_res_gp/nlr_res_gp.pdf,28,nlr_res_gp.pdf
Andhra Pradesh,2020,Nellore,Kavah Kalgr 6 Krakuturu '12,Kavah Kalgr 6 Krakuturu '12,,sarpanch,Other than Woman,NONE,0,,0,UR,latin,data/ap/2020_res_gp/nlr_res_gp.pdf,28,nlr_res_gp.pdf
Andhra Pradesh,2020,Nellore,Kavali Kaligifl 8 Kummarakonduru Lakshmipuram,Kavali Kaligifl 8 Kummarakonduru Lakshmipuram,,sarpanch,SC Woman,SC,1,10,0,SC(W),latin,data/ap/2020_res_gp/nlr_res_gp.pdf,28,nlr_res_gp.pdf
Andhra Pradesh,2020,Nellore,Kavali Kargr,Kavali Kargr,,sarpanch,SC Other than Woman,SC,0,,0,SC,latin,data/ap/2020_res_gp/nlr_res_gp.pdf,28,nlr_res_gp.pdf
Andhra Pradesh,2020,Nellore,Parikota,Parikota,,sarpanch,Woman,NONE,1,0,0,uR(w),latin,data/ap/2020_res_gp/nlr_res_gp.pdf,28,nlr_res_gp.pdf
Andhra Pradesh,2020,Nellore,Kavali Kairgiri Pedakonduru,Kavali Kairgiri Pedakonduru,,sarpanch,BC Woman,BC,1,10,0,BC(w),latin,data/ap/2020_res_gp/nlr_res_gp.pdf,28,nlr_res_gp.pdf
Andhra Pradesh,2020,Nellore,Kavalr Kaligiri 12,Kavalr Kaligiri 12,,sarpanch,Woman,NONE,1,,0,UR(W),latin,data/ap/2020_res_gp/nlr_res_gp.pdf,28,nlr_res_gp.pdf
Andhra Pradesh,2020,Nellore,Ravulakollu,Ravulakollu,,sarpanch,Other than Woman,NONE,0,,0,UR,latin,data/ap/2020_res_gp/nlr_res_gp.pdf,28,nlr_res_gp.pdf
Andhra Pradesh,2020,Nellore,KavaLr Kalrgiri Kalig n 15 Siddanakonduru,KavaLr Kalrgiri Kalig n 15 Siddanakonduru,,sarpanch,Woman,NONE,1,8,0,UR(W),latin,data/ap/2020_res_gp/nlr_res_gp.pdf,28,nlr_res_gp.pdf
Andhra Pradesh,2020,Nellore,Kavah Ka,Kavah Ka,,sarpanch,Other than Woman,NONE,0,17,0,gn ,latin,data/ap/2020_res_gp/nlr_res_gp.pdf,28,nlr_res_gp.pdf
Andhra Pradesh,2020,Nellore,Thurpu Gudladona,Thurpu Gudladona,,sarpanch,SC Other than Woman,SC,0,,0,sc,latin,data/ap/2020_res_gp/nlr_res_gp.pdf,28,nlr_res_gp.pdf
Andhra Pradesh,2020,Nellore,Veernakollu,Veernakollu,,sarpanch,BC Other than Woman,BC,0,,0,BC,latin,data/ap/2020_res_gp/nlr_res_gp.pdf,28,nlr_res_gp.pdf
Andhra Pradesh,2020,Nellore,Ka gr 21 West Gudladona,Ka gr 21 West Gudladona,,sarpanch,Other than Woman,NONE,0,,0,UR,latin,data/ap/2020_res_gp/nlr_res_gp.pdf,28,nlr_res_gp.pdf
Andhra Pradesh,2020,Nellore,Yepinapi,Yepinapi,,sarpanch,Other than Woman,NONE,0,,0,UR,latin,data/ap/2020_res_gp/nlr_res_gp.pdf,28,nlr_res_gp.pdf
Andhra Pradesh,2020,Nellore,Kavali Kondapuram 1 Bheemvarapadu,Kavali Kondapuram 1 Bheemvarapadu,,sarpanch,Woman,NONE,1,0,0,uR(w),latin,data/ap/2020_res_gp/nlr_res_gp.pdf,29,nlr_res_gp.pdf
Andhra Pradesh,2020,Nellore,Kavali Kondapulam 2 Chrnthala Devr,Kavali Kondapulam 2 Chrnthala Devr,,sarpanch,Woman,NONE,1,0,1,UR(W ,latin,data/ap/2020_res_gp/nlr_res_gp.pdf,29,nlr_res_gp.pdf
Andhra Pradesh,2020,Nellore,Kavali Kondapuram 3 Gariminapenta,Kavali Kondapuram 3 Gariminapenta,,sarpanch,SC Other than Woman,SC,0,,0,sc,latin,data/ap/2020_res_gp/nlr_res_gp.pdf,29,nlr_res_gp.pdf
Andhra Pradesh,2020,Nellore,Kavali Kondapuram 4 Kavali Kondapuram 5 Gottrgundala,Kavali Kondapuram 4 Kavali Kondapuram 5 Gottrgundala,,sarpanch,BC Other than Woman,BC,0,,0,BC,latin,data/ap/2020_res_gp/nlr_res_gp.pdf,29,nlr_res_gp.pdf
Andhra Pradesh,2020,Nellore,Goltigundalapalem,Goltigundalapalem,,sarpanch,Other than Woman,NONE,0,,0,UR,latin,data/ap/2020_res_gp/nlr_res_gp.pdf,29,nlr_res_gp.pdf
Andhra Pradesh,2020,Nellore,Kavali Kondapuram Kavali Kondapuram 1 Gudavaluru,Kavali Kondapuram Kavali Kondapuram 1 Gudavaluru,,sarpanch,SC Other than Woman,SC,0,,0,sc,latin,data/ap/2020_res_gp/nlr_res_gp.pdf,29,nlr_res_gp.pdf
Andhra Pradesh,2020,Nellore,Kava i Kondapuram 9 Kommr,Kava i Kondapuram 9 Kommr,,sarpanch,SC Woman,SC,1,12,0,SC(W),latin,data/ap/2020_res_gp/nlr_res_gp.pdf,29,nlr_res_gp.pdf
Andhra Pradesh,2020,Nellore,Kavali Kondapuram 12 Parlapallr,Kavali Kondapuram 12 Parlapallr,,sarpanch,Woman,NONE,1,0,0,UR(W),latin,data/ap/2020_res_gp/nlr_res_gp.pdf,29,nlr_res_gp.pdf
Andhra Pradesh,2020,Nellore,Kava Kondapuram 14 Sarpela,Kava Kondapuram 14 Sarpela,,sarpanch,ST Woman,ST,1,14,0,ST(W),latin,data/ap/2020_res_gp/nlr_res_gp.pdf,29,nlr_res_gp.pdf
Andhra Pradesh,2020,Nellore,Kavali Kavali Kondapuram 16 Sethpalem,Kavali Kavali Kondapuram 16 Sethpalem,,sarpanch,Other than Woman,NONE,0,,0,UR,latin,data/ap/2020_res_gp/nlr_res_gp.pdf,29,nlr_res_gp.pdf
Andhra Pradesh,2020,Nellore,Kava Kondapuram 18 Uppuluru,Kava Kondapuram 18 Uppuluru,,sarpanch,Other than Woman,NONE,0,,0,UR,latin,data/ap/2020_res_gp/nlr_res_gp.pdf,29,nlr_res_gp.pdf
Andhra Pradesh,2020,Nellore,VeIgandala,VeIgandala,,sarpanch,Woman,NONE,1,,0,uR(w),latin,data/ap/2020_res_gp/nlr_res_gp.pdf,29,nlr_res_gp.pdf
Andhra Pradesh,2020,Nellore,Kava r Vankuniapadu 1 Dakkanur,Kava r Vankuniapadu 1 Dakkanur,,sarpanch,Other than Woman,NONE,0,,0,UR,latin,data/ap/2020_res_gp/nlr_res_gp.pdf,29,nlr_res_gp.pdf
Andhra Pradesh,2020,Nellore,Kavali Varikuntapadu 2 Ganeswarapuram,Kavali Varikuntapadu 2 Ganeswarapuram,,sarpanch,SC Other than Woman,SC,0,,0,SC,latin,data/ap/2020_res_gp/nlr_res_gp.pdf,30,nlr_res_gp.pdf
Andhra Pradesh,2020,Nellore,Kavall Vankuniapadu 3 Guwadi,Kavall Vankuniapadu 3 Guwadi,,sarpanch,SC Other than Woman,SC,0,,0,sc,latin,data/ap/2020_res_gp/nlr_res_gp.pdf,30,nlr_res_gp.pdf
Andhra Pradesh,2020,Nellore,Kavalr Va11kuntapadu lskapalli,Kavalr Va11kuntapadu lskapalli,,sarpanch,Woman,NONE,1,0,0,UR(W),latin,data/ap/2020_res_gp/nlr_res_gp.pdf,30,nlr_res_gp.pdf
Andhra Pradesh,2020,Nellore,Kavalr Varikuntapadu 5 Jadadevi,Kavalr Varikuntapadu 5 Jadadevi,,sarpanch,Woman,NONE,1,8,0,UR(W),latin,data/ap/2020_res_gp/nlr_res_gp.pdf,30,nlr_res_gp.pdf
Andhra Pradesh,2020,Nellore,Kava Varikunlapadu 7 G Kondareddypalli,Kava Varikunlapadu 7 G Kondareddypalli,,sarpanch,Other than Woman,NONE,0,,0,UR,latin,data/ap/2020_res_gp/nlr_res_gp.pdf,30,nlr_res_gp.pdf
Andhra Pradesh,2020,Nellore,Kavalr Varikuntapadu T Kondareddypallr,Kavalr Varikuntapadu T Kondareddypallr,,sarpanch,Other than Woman,NONE,0,,0,UR,latin,data/ap/2020_res_gp/nlr_res_gp.pdf,30,nlr_res_gp.pdf
Andhra Pradesh,2020,Nellore,Kavah Varikunlapadu I Mahammadapuram,Kavah Varikunlapadu I Mahammadapuram,,sarpanch,ST Woman,ST,1,0,0,ST(W),latin,data/ap/2020_res_gp/nlr_res_gp.pdf,30,nlr_res_gp.pdf
Andhra Pradesh,2020,Nellore,Kaval Vankunlapadu 10 Nallabothulavaripalli,Kaval Vankunlapadu 10 Nallabothulavaripalli,,sarpanch,BC Woman,BC,1,8,0,BC(W),latin,data/ap/2020_res_gp/nlr_res_gp.pdf,30,nlr_res_gp.pdf
Andhra Pradesh,2020,Nellore,Kava Vankuntapadu 11 North Kondayapalem,Kava Vankuntapadu 11 North Kondayapalem,,sarpanch,BC Woman,BC,1,10,0,BC(W),latin,data/ap/2020_res_gp/nlr_res_gp.pdf,30,nlr_res_gp.pdf
Andhra Pradesh,2020,Nellore,Kava Varikuntapadu 12,Kava Varikuntapadu 12,,sarpanch,Other than Woman,NONE,0,,0,UR,latin,data/ap/2020_res_gp/nlr_res_gp.pdf,30,nlr_res_gp.pdf
Andhra Pradesh,2020,Nellore,Varikuntapadu 13 Pamurupalli,Varikuntapadu 13 Pamurupalli,,sarpanch,Woman,NONE,1,0,0,UR(W),latin,data/ap/2020_res_gp/nlr_res_gp.pdf,30,nlr_res_gp.pdf
Andhra Pradesh,2020,Nellore,Kavalr Vankunlapaclu 14 PeddLreddipalli,Kavalr Vankunlapaclu 14 PeddLreddipalli,,sarpanch,BC Other than Woman,BC,0,,0,BC,latin,data/ap/2020_res_gp/nlr_res_gp.pdf,30,nlr_res_gp.pdf
Andhra Pradesh,2020,Nellore,Kaval Vankuniapadu 15 Ramapuram,Kaval Vankuniapadu 15 Ramapuram,,sarpanch,BC Woman,BC,1,10,0,BC(w),latin,data/ap/2020_res_gp/nlr_res_gp.pdf,30,nlr_res_gp.pdf
Andhra Pradesh,2020,Nellore,Kaval Vankunlapadu 16 Thrmmareddypalli,Kaval Vankunlapadu 16 Thrmmareddypalli,,sarpanch,SC Woman,SC,1,8,0,SC(W),latin,data/ap/2020_res_gp/nlr_res_gp.pdf,30,nlr_res_gp.pdf
Andhra Pradesh,2020,Nellore,Kava Varikuntapadu 1t Thotala Cheruvu Palli,Kava Varikuntapadu 1t Thotala Cheruvu Palli,,sarpanch,BC Other than Woman,BC,0,,0,BC,latin,data/ap/2020_res_gp/nlr_res_gp.pdf,30,nlr_res_gp.pdf
Andhra Pradesh,2020,Nellore,Kava r Varikuntapadu 18 Thurpu Boyamadugula,Kava r Varikuntapadu 18 Thurpu Boyamadugula,,sarpanch,BC Other than Woman,BC,0,,0,BC,latin,data/ap/2020_res_gp/nlr_res_gp.pdf,30,nlr_res_gp.pdf
Andhra Pradesh,2020,Nellore,Kava r Var kuntapadu 19 Thurpu Chennampallr,Kava r Var kuntapadu 19 Thurpu Chennampallr,,sarpanch,Other than Woman,NONE,0,,0,UR,latin,data/ap/2020_res_gp/nlr_res_gp.pdf,30,nlr_res_gp.pdf
Andhra Pradesh,2020,Nellore,Kava r Var kuntapadu 2A Thurpu Rompidodla,Kava r Var kuntapadu 2A Thurpu Rompidodla,,sarpanch,Woman,NONE,1,8,0,UR(W),latin,data/ap/2020_res_gp/nlr_res_gp.pdf,30,nlr_res_gp.pdf
Andhra Pradesh,2020,Nellore,Kava Var kuntapadu 21 Varikuntapadu,Kava Var kuntapadu 21 Varikuntapadu,,sarpanch,SC Other than Woman,SC,0,,0,SC,latin,data/ap/2020_res_gp/nlr_res_gp.pdf,30,nlr_res_gp.pdf
Andhra Pradesh,2020,Nellore,Kaval Vankuntapadu 22 Vempadu,Kaval Vankuntapadu 22 Vempadu,,sarpanch,SC Woman,SC,1,10,0,sc(w),latin,data/ap/2020_res_gp/nlr_res_gp.pdf,30,nlr_res_gp.pdf
Andhra Pradesh,2020,Nellore,Kavali Varikuntapadu,Kavali Varikuntapadu,,sarpanch,Woman,NONE,1,10,0,uR(w),latin,data/ap/2020_res_gp/nlr_res_gp.pdf,31,nlr_res_gp.pdf
Andhra Pradesh,2020,Nellore,Kavali Dagadarthi 1,Kavali Dagadarthi 1,,sarpanch,SC Woman,SC,1,8,0,sc(w),latin,data/ap/2020_res_gp/nlr_res_gp.pdf,31,nlr_res_gp.pdf
Andhra Pradesh,2020,Nellore,Kavali Kavalr Dagadarthi Dagadarthi sr(G) 12,Kavali Kavalr Dagadarthi Dagadarthi sr(G) 12,,sarpanch,ST Woman,ST,1,,0,ST(W),latin,data/ap/2020_res_gp/nlr_res_gp.pdf,31,nlr_res_gp.pdf
Andhra Pradesh,2020,Nellore,Kavali Dagadanhi Kavali Dagadarthr 1 Dharamavaram,Kavali Dagadanhi Kavali Dagadarthr 1 Dharamavaram,,sarpanch,Other than Woman,NONE,0,,0,UR,latin,data/ap/2020_res_gp/nlr_res_gp.pdf,31,nlr_res_gp.pdf
Andhra Pradesh,2020,Nellore,Kavali Dagada(hi Katrayapadu,Kavali Dagada(hi Katrayapadu,,sarpanch,Other than Woman,NONE,0,,0,UR,latin,data/ap/2020_res_gp/nlr_res_gp.pdf,31,nlr_res_gp.pdf
Andhra Pradesh,2020,Nellore,Kavali Dagadarlhi Manubolupadu,Kavali Dagadarlhi Manubolupadu,,sarpanch,Woman,NONE,1,0,0,UR(W),latin,data/ap/2020_res_gp/nlr_res_gp.pdf,31,nlr_res_gp.pdf
Andhra Pradesh,2020,Nellore,Kavali lagadarthi Rangasamudram,Kavali lagadarthi Rangasamudram,,sarpanch,Woman,NONE,1,,1,UR(W ,latin,data/ap/2020_res_gp/nlr_res_gp.pdf,31,nlr_res_gp.pdf
Andhra Pradesh,2020,Nellore,Kavali Dagadarthi Tadakalur,Kavali Dagadarthi Tadakalur,,sarpanch,Other than Woman,NONE,0,,0,UR,latin,data/ap/2020_res_gp/nlr_res_gp.pdf,31,nlr_res_gp.pdf
Andhra Pradesh,2020,Nellore,Kavalr Dagadarthi Thunmerla,Kavalr Dagadarthi Thunmerla,,sarpanch,SC Other than Woman,SC,0,,0,sc,latin,data/ap/2020_res_gp/nlr_res_gp.pdf,31,nlr_res_gp.pdf
Andhra Pradesh,2020,Nellore,Kavali Dagadarthi Ulava Palla,Kavali Dagadarthi Ulava Palla,,sarpanch,SC Woman,SC,1,10,0,SC(W),latin,data/ap/2020_res_gp/nlr_res_gp.pdf,31,nlr_res_gp.pdf
Andhra Pradesh,2020,Nellore,Kava r lagadarlhi VeIpodu,Kava r lagadarlhi VeIpodu,,sarpanch,BC Woman,BC,1,10,0,BC(W),latin,data/ap/2020_res_gp/nlr_res_gp.pdf,31,nlr_res_gp.pdf
Andhra Pradesh,2020,Nellore,Kavali Dagadarthi 20 Yelamanchi Padu,Kavali Dagadarthi 20 Yelamanchi Padu,,sarpanch,Woman,NONE,1,8,0,UR(W),latin,data/ap/2020_res_gp/nlr_res_gp.pdf,32,nlr_res_gp.pdf
Andhra Pradesh,2020,Nellore,Kavali Aur 1 Allur sr(w) 't8 3C(w),Kavali Aur 1 Allur sr(w) 't8 3C(w),,sarpanch,ST Other than Woman,ST,0,,0,ST,latin,data/ap/2020_res_gp/nlr_res_gp.pdf,32,nlr_res_gp.pdf
Andhra Pradesh,2020,Nellore,Kavali Allur 2 Batrakagollu,Kavali Allur 2 Batrakagollu,,sarpanch,Woman,NONE,1,8,0,UR(W),latin,data/ap/2020_res_gp/nlr_res_gp.pdf,32,nlr_res_gp.pdf
Andhra Pradesh,2020,Nellore,Kavali Aur J Beeramgunta,Kavali Aur J Beeramgunta,,sarpanch,Woman,NONE,1,10,0,UR(W),latin,data/ap/2020_res_gp/nlr_res_gp.pdf,32,nlr_res_gp.pdf
Andhra Pradesh,2020,Nellore,Kavali Aur 4 East Gogulapalli,Kavali Aur 4 East Gogulapalli,,sarpanch,Woman,NONE,1,10,0,UR(W),latin,data/ap/2020_res_gp/nlr_res_gp.pdf,32,nlr_res_gp.pdf
Andhra Pradesh,2020,Nellore,Kavali Aur 5 Graddagunta,Kavali Aur 5 Graddagunta,,sarpanch,Other than Woman,NONE,0,,0,UR,latin,data/ap/2020_res_gp/nlr_res_gp.pdf,32,nlr_res_gp.pdf
Andhra Pradesh,2020,Nellore,Kavali Aur b lndupur,Kavali Aur b lndupur,,sarpanch,BC Woman,BC,1,10,0,BC(w),latin,data/ap/2020_res_gp/nlr_res_gp.pdf,32,nlr_res_gp.pdf
Andhra Pradesh,2020,Nellore,Kavali Aur 7 lskapalli,Kavali Aur 7 lskapalli,,sarpanch,SC Other than Woman,SC,0,,0,SC,latin,data/ap/2020_res_gp/nlr_res_gp.pdf,32,nlr_res_gp.pdf
Andhra Pradesh,2020,Nellore,Kavali Aur I North Amaluru,Kavali Aur I North Amaluru,,sarpanch,Other than Woman,NONE,0,,0,UR,latin,data/ap/2020_res_gp/nlr_res_gp.pdf,32,nlr_res_gp.pdf
Andhra Pradesh,2020,Nellore,Kavali Aur o North Mopur,Kavali Aur o North Mopur,,sarpanch,SC Woman,SC,1,12,0,SC(W),latin,data/ap/2020_res_gp/nlr_res_gp.pdf,32,nlr_res_gp.pdf
Andhra Pradesh,2020,Nellore,Kavali Aur 1 Pur n,Kavali Aur 1 Pur n,,sarpanch,SC Woman,SC,1,12,0,SC(W),latin,data/ap/2020_res_gp/nlr_res_gp.pdf,32,nlr_res_gp.pdf
Andhra Pradesh,2020,Nellore,Kavali Aur 11 Singapeta sr(G) 10,Kavali Aur 11 Singapeta sr(G) 10,,sarpanch,Other than Woman,NONE,0,,0,UR,latin,data/ap/2020_res_gp/nlr_res_gp.pdf,32,nlr_res_gp.pdf
Andhra Pradesh,2020,Nellore,Kava Aur 12 Velicherla,Kava Aur 12 Velicherla,,sarpanch,Other than Woman,NONE,0,,0,UR,latin,data/ap/2020_res_gp/nlr_res_gp.pdf,32,nlr_res_gp.pdf
Andhra Pradesh,2020,Nellore,Kava Aur 13 West Gogulapalli,Kava Aur 13 West Gogulapalli,,sarpanch,Other than Woman,NONE,0,,0,uR,latin,data/ap/2020_res_gp/nlr_res_gp.pdf,32,nlr_res_gp.pdf
Andhra Pradesh,2020,Nellore,Gudur Gudur 1,AYYAVARIPATEM,,sarpanch,Other than Woman,NONE,0,,0,UR,latin,data/ap/2020_res_gp/nlr_res_gp.pdf,32,nlr_res_gp.pdf
Andhra Pradesh,2020,Nellore,Gudur Gudur 2,KAN DAL,,sarpanch,SC Other than Woman,SC,0,10,0,SC ,latin,data/ap/2020_res_gp/nlr_res_gp.pdf,32,nlr_res_gp.pdf
Andhra Pradesh,2020,Nellore,Gudur Gudur 3,KAN DRA,,sarpanch,Other than Woman,NONE,0,,0,UR,latin,data/ap/2020_res_gp/nlr_res_gp.pdf,32,nlr_res_gp.pdf
Andhra Pradesh,2020,Nellore,Gudur Sudur 4,KOMMANETUR,,sarpanch,SC Other than Woman,SC,0,,0,SC,latin,data/ap/2020_res_gp/nlr_res_gp.pdf,32,nlr_res_gp.pdf
Andhra Pradesh,2020,Nellore,Gudur Sudur,KONDAGUNTA,,sarpanch,SC Other than Woman,SC,0,,0,SC,latin,data/ap/2020_res_gp/nlr_res_gp.pdf,32,nlr_res_gp.pdf
Andhra Pradesh,2020,Nellore,Gudur Gudur 6,KUNDAKUR,,sarpanch,Other than Woman,NONE,0,8,0,UR ,latin,data/ap/2020_res_gp/nlr_res_gp.pdf,32,nlr_res_gp.pdf
Andhra Pradesh,2020,Nellore,Gudur 3udur 7,MANGALAPUR,,sarpanch,Other than Woman,NONE,0,8,0,UR ,latin,data/ap/2020_res_gp/nlr_res_gp.pdf,32,nlr_res_gp.pdf
Andhra Pradesh,2020,Nellore,Gudur Gudur I,MIKANUR 8,,sarpanch,BC Other than Woman,BC,0,,0,BC ,latin,data/ap/2020_res_gp/nlr_res_gp.pdf,33,nlr_res_gp.pdf
Andhra Pradesh,2020,Nellore,Gudur Gudur I,MITTATHMAKUR 8,,sarpanch,Other than Woman,NONE,0,,0,UR ,latin,data/ap/2020_res_gp/nlr_res_gp.pdf,33,nlr_res_gp.pdf
Andhra Pradesh,2020,Nellore,Gudur Gudur 10,NERNUR,,sarpanch,ST Other than Woman,ST,0,10,0,ST ,latin,data/ap/2020_res_gp/nlr_res_gp.pdf,33,nlr_res_gp.pdf
Andhra Pradesh,2020,Nellore,Gudur Gudur 't1,Gudur Gudur 't1,,sarpanch,Other than Woman,NONE,0,8,0,UR ,latin,data/ap/2020_res_gp/nlr_res_gp.pdf,33,nlr_res_gp.pdf
Andhra Pradesh,2020,Nellore,Gudur Gudur 12,PALICHERLA,,sarpanch,Other than Woman,NONE,0,8,0,UR ,latin,data/ap/2020_res_gp/nlr_res_gp.pdf,33,nlr_res_gp.pdf
Andhra Pradesh,2020,Nellore,Gudur Gudur t3,RAMALINGAPUSAM 8,,sarpanch,Other than Woman,NONE,0,,0,UR ,latin,data/ap/2020_res_gp/nlr_res_gp.pdf,33,nlr_res_gp.pdf
Andhra Pradesh,2020,Nellore,Gudur Gudur 14,5ANTHADASUPALLI,,sarpanch,SC Other than Woman,SC,0,10,1,5C ,latin,data/ap/2020_res_gp/nlr_res_gp.pdf,33,nlr_res_gp.pdf
Andhra Pradesh,2020,Nellore,Gudur Gudur 15 TFlIMMA5AMUDRAM,Gudur Gudur 15 TFlIMMA5AMUDRAM,,sarpanch,Other than Woman,NONE,0,8,0,UR ,latin,data/ap/2020_res_gp/nlr_res_gp.pdf,33,nlr_res_gp.pdf
Andhra Pradesh,2020,Nellore,Gudur Gudur 16,THIPPAVARAPPADU,,sarpanch,SC Other than Woman,SC,0,,0,SC,latin,data/ap/2020_res_gp/nlr_res_gp.pdf,33,nlr_res_gp.pdf
Andhra Pradesh,2020,Nellore,GUdUI GudLrr 1l,VEDICHERLA,,sarpanch,SC Other than Woman,SC,0,10,0,sc ,latin,data/ap/2020_res_gp/nlr_res_gp.pdf,33,nlr_res_gp.pdf
Andhra Pradesh,2020,Nellore,Gudur Gudur,VENDODU,,sarpanch,ST Other than Woman,ST,0,,0,ST,latin,data/ap/2020_res_gp/nlr_res_gp.pdf,33,nlr_res_gp.pdf
Andhra Pradesh,2020,Nellore,GLrdur Gudur t9,VINDURU,,sarpanch,SC Other than Woman,SC,0,10,1,5C ,latin,data/ap/2020_res_gp/nlr_res_gp.pdf,33,nlr_res_gp.pdf
Andhra Pradesh,2020,Nellore,Gudur Gudur 2A,POTUPALEM,,sarpanch,ST Other than Woman,ST,0,,0,ST,latin,data/ap/2020_res_gp/nlr_res_gp.pdf,33,nlr_res_gp.pdf
Andhra Pradesh,2020,Nellore,Gudur Dakk Althurupadu,Gudur Dakk Althurupadu,,sarpanch,SC Other than Woman,SC,0,,0,SC,latin,data/ap/2020_res_gp/nlr_res_gp.pdf,33,nlr_res_gp.pdf
Andhra Pradesh,2020,Nellore,GLrdur Dakk 2,GLrdur Dakk 2,,sarpanch,Other than Woman,NONE,0,,0,UR,latin,data/ap/2020_res_gp/nlr_res_gp.pdf,33,nlr_res_gp.pdf
Andhra Pradesh,2020,Nellore,Gudur Dakkili 3 Chapalapalli,Gudur Dakkili 3 Chapalapalli,,sarpanch,Woman,NONE,1,,0,uR(w),latin,data/ap/2020_res_gp/nlr_res_gp.pdf,33,nlr_res_gp.pdf
Andhra Pradesh,2020,Nellore,"Gudur Dakkrl D L,pparapalli","Gudur Dakkrl D L,pparapalli",,sarpanch,Woman,NONE,1,6,0,uR(w),latin,data/ap/2020_res_gp/nlr_res_gp.pdf,33,nlr_res_gp.pdf
Andhra Pradesh,2020,Nellore,Gudur Dakk D Velampalli,Gudur Dakk D Velampalli,,sarpanch,ST Woman,ST,1,10,0,ST(W),latin,data/ap/2020_res_gp/nlr_res_gp.pdf,33,nlr_res_gp.pdf
Andhra Pradesh,2020,Nellore,Gudur Dakk 6 D Vaddrpalh,Gudur Dakk 6 D Vaddrpalh,,sarpanch,BC Woman,BC,1,10,0,BC(W),latin,data/ap/2020_res_gp/nlr_res_gp.pdf,33,nlr_res_gp.pdf
Andhra Pradesh,2020,Nellore,Gudur Dakkrl l Daqqavolu,Gudur Dakkrl l Daqqavolu,,sarpanch,Other than Woman,NONE,0,,0,UR,latin,data/ap/2020_res_gp/nlr_res_gp.pdf,33,nlr_res_gp.pdf
Andhra Pradesh,2020,Nellore,Gudur Dakkrh I Dakk,Gudur Dakkrh I Dakk,,sarpanch,ST Woman,ST,1,12,0,ST(W),latin,data/ap/2020_res_gp/nlr_res_gp.pdf,33,nlr_res_gp.pdf
Andhra Pradesh,2020,Nellore,Gudur Dakkili 9 Dandavolu,Gudur Dakkili 9 Dandavolu,,sarpanch,Woman,NONE,1,6,1,UR(W ,latin,data/ap/2020_res_gp/nlr_res_gp.pdf,34,nlr_res_gp.pdf
Andhra Pradesh,2020,Nellore,Gudur Dakkili 10 Devulapalli,Gudur Dakkili 10 Devulapalli,,sarpanch,SC Other than Woman,SC,0,,0,sc,latin,data/ap/2020_res_gp/nlr_res_gp.pdf,34,nlr_res_gp.pdf
Andhra Pradesh,2020,Nellore,Gudur Dakkili 11,K.B. Palli,,sarpanch,Woman,NONE,1,0,0,UR(W),latin,data/ap/2020_res_gp/nlr_res_gp.pdf,34,nlr_res_gp.pdf
Andhra Pradesh,2020,Nellore,Gudur Dakkili 12 Lingasamudram,Gudur Dakkili 12 Lingasamudram,,sarpanch,SC Other than Woman,SC,0,,0,SC,latin,data/ap/2020_res_gp/nlr_res_gp.pdf,34,nlr_res_gp.pdf
Andhra Pradesh,2020,Nellore,Gudur Dakkili 't3 Mlopuru Velampalli,Gudur Dakkili 't3 Mlopuru Velampalli,,sarpanch,SC Woman,SC,1,8,0,sc(w),latin,data/ap/2020_res_gp/nlr_res_gp.pdf,34,nlr_res_gp.pdf
Andhra Pradesh,2020,Nellore,Gudur Dakkili '14 Madhavayapalem,Gudur Dakkili '14 Madhavayapalem,,sarpanch,Other than Woman,NONE,0,,0,UR,latin,data/ap/2020_res_gp/nlr_res_gp.pdf,34,nlr_res_gp.pdf
Andhra Pradesh,2020,Nellore,Gudur Dakkili 17 Mopuru,Gudur Dakkili 17 Mopuru,,sarpanch,Woman,NONE,1,8,0,UR(W),latin,data/ap/2020_res_gp/nlr_res_gp.pdf,34,nlr_res_gp.pdf
Andhra Pradesh,2020,Nellore,Gudur Dakk 18 Nadimpalli,Gudur Dakk 18 Nadimpalli,,sarpanch,Other than Woman,NONE,0,,0,UR,latin,data/ap/2020_res_gp/nlr_res_gp.pdf,34,nlr_res_gp.pdf
Andhra Pradesh,2020,Nellore,Gudur Dakk 1g Nagavolu,Gudur Dakk 1g Nagavolu,,sarpanch,Woman,NONE,1,,0,UR(W),latin,data/ap/2020_res_gp/nlr_res_gp.pdf,34,nlr_res_gp.pdf
Andhra Pradesh,2020,Nellore,Gudur Dakkrli 20 Palugodu sr(G) 10,Gudur Dakkrli 20 Palugodu sr(G) 10,,sarpanch,Other than Woman,NONE,0,,0,UR,latin,data/ap/2020_res_gp/nlr_res_gp.pdf,34,nlr_res_gp.pdf
Andhra Pradesh,2020,Nellore,Gudur Dakk 21 Pathanalapadu,Gudur Dakk 21 Pathanalapadu,,sarpanch,SC Woman,SC,1,10,0,SC(W),latin,data/ap/2020_res_gp/nlr_res_gp.pdf,34,nlr_res_gp.pdf
Andhra Pradesh,2020,Nellore,Gudur Dakk 22 Sanganapalli,Gudur Dakk 22 Sanganapalli,,sarpanch,Other than Woman,NONE,0,,0,UR,latin,data/ap/2020_res_gp/nlr_res_gp.pdf,34,nlr_res_gp.pdf
Andhra Pradesh,2020,Nellore,Gudur Dakkili 23 Sreepuram,Gudur Dakkili 23 Sreepuram,,sarpanch,SC Woman,SC,1,8,0,SC(W),latin,data/ap/2020_res_gp/nlr_res_gp.pdf,34,nlr_res_gp.pdf
Andhra Pradesh,2020,Nellore,Gudur Dakk 24 Theerthamapdu,Gudur Dakk 24 Theerthamapdu,,sarpanch,Other than Woman,NONE,0,,0,UR,latin,data/ap/2020_res_gp/nlr_res_gp.pdf,34,nlr_res_gp.pdf
Andhra Pradesh,2020,Nellore,Gudur Dakk 25 V K Y Samudram,Gudur Dakk 25 V K Y Samudram,,sarpanch,Other than Woman,NONE,0,,0,UR,latin,data/ap/2020_res_gp/nlr_res_gp.pdf,34,nlr_res_gp.pdf
Andhra Pradesh,2020,Nellore,Gudur Da kk 26 Velikallu,Gudur Da kk 26 Velikallu,,sarpanch,SC Other than Woman,SC,0,,0,SC,latin,data/ap/2020_res_gp/nlr_res_gp.pdf,34,nlr_res_gp.pdf
Andhra Pradesh,2020,Nellore,Gudur Dakkili 27 Vembuluru,Gudur Dakkili 27 Vembuluru,,sarpanch,SC Woman,SC,1,12,0,SC(W),latin,data/ap/2020_res_gp/nlr_res_gp.pdf,34,nlr_res_gp.pdf
Andhra Pradesh,2020,Nellore,Gudur Chittamuru 1 Aletipadu,Gudur Chittamuru 1 Aletipadu,,sarpanch,Other than Woman,NONE,0,,0,uR,latin,data/ap/2020_res_gp/nlr_res_gp.pdf,34,nlr_res_gp.pdf
Andhra Pradesh,2020,Nellore,Gudur Chitta m,Gudur Chitta m,,sarpanch,Other than Woman,NONE,0,,0,ur,latin,data/ap/2020_res_gp/nlr_res_gp.pdf,34,nlr_res_gp.pdf
Andhra Pradesh,2020,Nellore,Gudur Chitlamuru I:,Gudur Chitlamuru I:,,sarpanch,SC Woman,SC,1,10,0,sc(w),latin,data/ap/2020_res_gp/nlr_res_gp.pdf,35,nlr_res_gp.pdf
Andhra Pradesh,2020,Nellore,Gudur Chittamuru Bgk Palem,Gudur Chittamuru Bgk Palem,,sarpanch,SC Other than Woman,SC,0,,0,SC,latin,data/ap/2020_res_gp/nlr_res_gp.pdf,35,nlr_res_gp.pdf
Andhra Pradesh,2020,Nellore,Gudur Chitlamuru Chillamuru,Gudur Chitlamuru Chillamuru,,sarpanch,Other than Woman,NONE,0,,0,UR,latin,data/ap/2020_res_gp/nlr_res_gp.pdf,35,nlr_res_gp.pdf
Andhra Pradesh,2020,Nellore,Gudur Chitlanruru Chrttamur,Gudur Chitlanruru Chrttamur,,sarpanch,SC Other than Woman,SC,0,,0,sc,latin,data/ap/2020_res_gp/nlr_res_gp.pdf,35,nlr_res_gp.pdf
Andhra Pradesh,2020,Nellore,Gudur Chittamuru 7 Eswarawaka,Gudur Chittamuru 7 Eswarawaka,,sarpanch,SC Woman,SC,1,12,0,SC(W),latin,data/ap/2020_res_gp/nlr_res_gp.pdf,35,nlr_res_gp.pdf
Andhra Pradesh,2020,Nellore,Gudur Chittamuru € Gunapadu,Gudur Chittamuru € Gunapadu,,sarpanch,SC Other than Woman,SC,0,,0,sc,latin,data/ap/2020_res_gp/nlr_res_gp.pdf,35,nlr_res_gp.pdf
Andhra Pradesh,2020,Nellore,Gudur Chrtlamuru s Gunapatipalem,Gudur Chrtlamuru s Gunapatipalem,,sarpanch,SC Other than Woman,SC,0,,0,sc,latin,data/ap/2020_res_gp/nlr_res_gp.pdf,35,nlr_res_gp.pdf
Andhra Pradesh,2020,Nellore,Gudur Chitlamuru Kogilr,Gudur Chitlamuru Kogilr,,sarpanch,SC Woman,SC,1,10,0,SC(W),latin,data/ap/2020_res_gp/nlr_res_gp.pdf,35,nlr_res_gp.pdf
Andhra Pradesh,2020,Nellore,Gudur Chittamuru Mallam,Gudur Chittamuru Mallam,,sarpanch,ST Other than Woman,ST,0,,0,ST,latin,data/ap/2020_res_gp/nlr_res_gp.pdf,35,nlr_res_gp.pdf
Andhra Pradesh,2020,Nellore,Gudur Chittamuru Molakalapudi,Gudur Chittamuru Molakalapudi,,sarpanch,Woman,NONE,1,8,0,UR(W),latin,data/ap/2020_res_gp/nlr_res_gp.pdf,35,nlr_res_gp.pdf
Andhra Pradesh,2020,Nellore,Gudur Chittamutu Norlhvarlhuru,Gudur Chittamutu Norlhvarlhuru,,sarpanch,Woman,NONE,1,0,0,UR(W),latin,data/ap/2020_res_gp/nlr_res_gp.pdf,35,nlr_res_gp.pdf
Andhra Pradesh,2020,Nellore,Gudur 3hittamuru Palamparthl,Gudur 3hittamuru Palamparthl,,sarpanch,Woman,NONE,1,6,0,UR(W),latin,data/ap/2020_res_gp/nlr_res_gp.pdf,35,nlr_res_gp.pdf
Andhra Pradesh,2020,Nellore,Gudur Chrtlamuru Pellakuru,Gudur Chrtlamuru Pellakuru,,sarpanch,Woman,NONE,1,8,0,UR(W),latin,data/ap/2020_res_gp/nlr_res_gp.pdf,35,nlr_res_gp.pdf
Andhra Pradesh,2020,Nellore,Gudur Chiltamuru Uppalamarlh,Gudur Chiltamuru Uppalamarlh,,sarpanch,Woman,NONE,1,10,0,UR(W),latin,data/ap/2020_res_gp/nlr_res_gp.pdf,35,nlr_res_gp.pdf
Andhra Pradesh,2020,Nellore,Gudur Shrtlamuru Yakasin,Gudur Shrtlamuru Yakasin,,sarpanch,ST Woman,ST,1,,0,ST(W),latin,data/ap/2020_res_gp/nlr_res_gp.pdf,35,nlr_res_gp.pdf
Andhra Pradesh,2020,Nellore,Gudur Chittamuru Yellasin,Gudur Chittamuru Yellasin,,sarpanch,ST Woman,ST,1,0,0,ST(W),latin,data/ap/2020_res_gp/nlr_res_gp.pdf,35,nlr_res_gp.pdf
Andhra Pradesh,2020,Nellore,Gudur Chlttamurlr Yellore,Gudur Chlttamurlr Yellore,,sarpanch,Other than Woman,NONE,0,,0,UR,latin,data/ap/2020_res_gp/nlr_res_gp.pdf,35,nlr_res_gp.pdf
Andhra Pradesh,2020,Nellore,Gudur Balayapalli 2 Balayapalli,Gudur Balayapalli 2 Balayapalli,,sarpanch,SC Woman,SC,1,,0,SC(W),latin,data/ap/2020_res_gp/nlr_res_gp.pdf,36,nlr_res_gp.pdf
Andhra Pradesh,2020,Nellore,Gudur Balayapalli 3 Bhyravaram,Gudur Balayapalli 3 Bhyravaram,,sarpanch,SC Woman,SC,1,8,0,SC(W),latin,data/ap/2020_res_gp/nlr_res_gp.pdf,36,nlr_res_gp.pdf
Andhra Pradesh,2020,Nellore,Gudur Balayapalli 4 Chilamanuru,Gudur Balayapalli 4 Chilamanuru,,sarpanch,Other than Woman,NONE,0,,0,UR,latin,data/ap/2020_res_gp/nlr_res_gp.pdf,36,nlr_res_gp.pdf
Andhra Pradesh,2020,Nellore,Gudur Balayapalli 5 Gottikadu,Gudur Balayapalli 5 Gottikadu,,sarpanch,Other than Woman,NONE,0,,0,UR,latin,data/ap/2020_res_gp/nlr_res_gp.pdf,36,nlr_res_gp.pdf
Andhra Pradesh,2020,Nellore,Gudur Balayapalli b Hasthakaveri,Gudur Balayapalli b Hasthakaveri,,sarpanch,Woman,NONE,1,,0,UR(W),latin,data/ap/2020_res_gp/nlr_res_gp.pdf,36,nlr_res_gp.pdf
Andhra Pradesh,2020,Nellore,Gudur Balayapalli 7 Jayampu,Gudur Balayapalli 7 Jayampu,,sarpanch,SC Other than Woman,SC,0,,0,sc,latin,data/ap/2020_res_gp/nlr_res_gp.pdf,36,nlr_res_gp.pdf
Andhra Pradesh,2020,Nellore,Gudur 3alayapalli o Kadagunta,Gudur 3alayapalli o Kadagunta,,sarpanch,SC Other than Woman,SC,0,,0,SC,latin,data/ap/2020_res_gp/nlr_res_gp.pdf,36,nlr_res_gp.pdf
Andhra Pradesh,2020,Nellore,Gudur Balayapalli 10 Kamakuru,Gudur Balayapalli 10 Kamakuru,,sarpanch,Woman,NONE,1,0,0,uR(w),latin,data/ap/2020_res_gp/nlr_res_gp.pdf,36,nlr_res_gp.pdf
Andhra Pradesh,2020,Nellore,Gudur Balayapalli 11 Katragunta,Gudur Balayapalli 11 Katragunta,,sarpanch,BC Other than Woman,BC,0,,0,BC,latin,data/ap/2020_res_gp/nlr_res_gp.pdf,36,nlr_res_gp.pdf
Andhra Pradesh,2020,Nellore,Gudur Balayapalli 12 Kayyuru .10,Gudur Balayapalli 12 Kayyuru .10,,sarpanch,SC Woman,SC,1,,0,SC(W),latin,data/ap/2020_res_gp/nlr_res_gp.pdf,36,nlr_res_gp.pdf
Andhra Pradesh,2020,Nellore,Gudur Balayapalli 13 Kotambedu,Gudur Balayapalli 13 Kotambedu,,sarpanch,SC Woman,SC,1,0,0,SC(W),latin,data/ap/2020_res_gp/nlr_res_gp.pdf,36,nlr_res_gp.pdf
Andhra Pradesh,2020,Nellore,Gudur Balayapalli 14 Mannuru,Gudur Balayapalli 14 Mannuru,,sarpanch,Woman,NONE,1,8,0,UR(W),latin,data/ap/2020_res_gp/nlr_res_gp.pdf,36,nlr_res_gp.pdf
Andhra Pradesh,2020,Nellore,Gudur Balayapalli 1 Nindali,Gudur Balayapalli 1 Nindali,,sarpanch,SC Other than Woman,SC,0,,0,SC,latin,data/ap/2020_res_gp/nlr_res_gp.pdf,36,nlr_res_gp.pdf
Andhra Pradesh,2020,Nellore,Gudur Balayapalli 17 Pakapudi,Gudur Balayapalli 17 Pakapudi,,sarpanch,Other than Woman,NONE,0,,0,uR,latin,data/ap/2020_res_gp/nlr_res_gp.pdf,36,nlr_res_gp.pdf
Andhra Pradesh,2020,Nellore,Gudur 3alayapalli Pallipadu,Gudur 3alayapalli Pallipadu,,sarpanch,Other than Woman,NONE,0,,0,UR,latin,data/ap/2020_res_gp/nlr_res_gp.pdf,36,nlr_res_gp.pdf
Andhra Pradesh,2020,Nellore,Gudur Balayapalli 19 Perimidi,Gudur Balayapalli 19 Perimidi,,sarpanch,ST Woman,ST,1,10,0,ST(W),latin,data/ap/2020_res_gp/nlr_res_gp.pdf,36,nlr_res_gp.pdf
Andhra Pradesh,2020,Nellore,Gudur Balayapalli 20 Pigilam .10,Gudur Balayapalli 20 Pigilam .10,,sarpanch,ST Woman,ST,1,,0,ST(W),latin,data/ap/2020_res_gp/nlr_res_gp.pdf,36,nlr_res_gp.pdf
Andhra Pradesh,2020,Nellore,Gudur Balayapallr 21 Sangavaram,Gudur Balayapallr 21 Sangavaram,,sarpanch,Other than Woman,NONE,0,,0,UR,latin,data/ap/2020_res_gp/nlr_res_gp.pdf,36,nlr_res_gp.pdf
Andhra Pradesh,2020,Nellore,Gudur Balayapalli 22 Siddagunta,Gudur Balayapalli 22 Siddagunta,,sarpanch,Woman,NONE,1,8,0,UR(W),latin,data/ap/2020_res_gp/nlr_res_gp.pdf,37,nlr_res_gp.pdf
Andhra Pradesh,2020,Nellore,Gudur Balayapalli 23 Utlapalli,Gudur Balayapalli 23 Utlapalli,,sarpanch,Other than Woman,NONE,0,,0,uR,latin,data/ap/2020_res_gp/nlr_res_gp.pdf,37,nlr_res_gp.pdf
Andhra Pradesh,2020,Nellore,Gudur Balayapalli 24 Vengamambapuram,Gudur Balayapalli 24 Vengamambapuram,,sarpanch,SC Other than Woman,SC,0,,0,sc,latin,data/ap/2020_res_gp/nlr_res_gp.pdf,37,nlr_res_gp.pdf
Andhra Pradesh,2020,Nellore,Gudur Sydapuram Ananthamadugu 't0 1,Gudur Sydapuram Ananthamadugu 't0 1,,sarpanch,SC Woman,SC,1,,0,SC(W),latin,data/ap/2020_res_gp/nlr_res_gp.pdf,37,nlr_res_gp.pdf
Andhra Pradesh,2020,Nellore,Gudur Sydapuram 2 Ch Rajupalem sr(w) 8,Gudur Sydapuram 2 Ch Rajupalem sr(w) 8,,sarpanch,Woman,NONE,1,,0,uR(w),latin,data/ap/2020_res_gp/nlr_res_gp.pdf,37,nlr_res_gp.pdf
Andhra Pradesh,2020,Nellore,Gudur Sydapuram 3 Chaganam,Gudur Sydapuram 3 Chaganam,,sarpanch,ST Other than Woman,ST,0,,0,ST,latin,data/ap/2020_res_gp/nlr_res_gp.pdf,37,nlr_res_gp.pdf
Andhra Pradesh,2020,Nellore,Gudur Sydapuram 4 Cheekavolu,Gudur Sydapuram 4 Cheekavolu,,sarpanch,SC Other than Woman,SC,0,,0,sc,latin,data/ap/2020_res_gp/nlr_res_gp.pdf,37,nlr_res_gp.pdf
Andhra Pradesh,2020,Nellore,Gudur Sydapuram 5 Devaravemuru,Gudur Sydapuram 5 Devaravemuru,,sarpanch,SC Woman,SC,1,8,0,sc(w),latin,data/ap/2020_res_gp/nlr_res_gp.pdf,37,nlr_res_gp.pdf
Andhra Pradesh,2020,Nellore,Gudur Sydapuram t Gokula Brundabanam,Gudur Sydapuram t Gokula Brundabanam,,sarpanch,Woman,NONE,1,4,0,UR(W),latin,data/ap/2020_res_gp/nlr_res_gp.pdf,37,nlr_res_gp.pdf
Andhra Pradesh,2020,Nellore,Gudur Sydapuram 7 Griddaluru,Gudur Sydapuram 7 Griddaluru,,sarpanch,ST Woman,ST,1,12,0,ST(W),latin,data/ap/2020_res_gp/nlr_res_gp.pdf,37,nlr_res_gp.pdf
Andhra Pradesh,2020,Nellore,Gudur Sydapuram 8 Gulimcherla,Gudur Sydapuram 8 Gulimcherla,,sarpanch,Woman,NONE,1,0,0,uR(w),latin,data/ap/2020_res_gp/nlr_res_gp.pdf,37,nlr_res_gp.pdf
Andhra Pradesh,2020,Nellore,Kalichedu Jogipalli,Kalichedu Jogipalli,,sarpanch,Other than Woman,NONE,0,,0,UR,latin,data/ap/2020_res_gp/nlr_res_gp.pdf,37,nlr_res_gp.pdf
Andhra Pradesh,2020,Nellore,Gudur Sydapuram Komati Gunta 1'.| Raju Palem,Gudur Sydapuram Komati Gunta 1'.| Raju Palem,,sarpanch,Other than Woman,NONE,0,,0,uR,latin,data/ap/2020_res_gp/nlr_res_gp.pdf,37,nlr_res_gp.pdf
Andhra Pradesh,2020,Nellore,Gudur Sydapuram 12 Kommipadu,Gudur Sydapuram 12 Kommipadu,,sarpanch,Woman,NONE,1,0,0,UR(W),latin,data/ap/2020_res_gp/nlr_res_gp.pdf,37,nlr_res_gp.pdf
Andhra Pradesh,2020,Nellore,Gudur Sydapuram Krishna Reddy Palli 1,Gudur Sydapuram Krishna Reddy Palli 1,,sarpanch,Other than Woman,NONE,0,,0,uR,latin,data/ap/2020_res_gp/nlr_res_gp.pdf,37,nlr_res_gp.pdf
Andhra Pradesh,2020,Nellore,Gudur Sydapuram 14 Lrnganapalem,Gudur Sydapuram 14 Lrnganapalem,,sarpanch,Other than Woman,NONE,0,,0,UR,latin,data/ap/2020_res_gp/nlr_res_gp.pdf,37,nlr_res_gp.pdf
Andhra Pradesh,2020,Nellore,Gudur Sydapuram 15 Lingasamudram,Gudur Sydapuram 15 Lingasamudram,,sarpanch,Other than Woman,NONE,0,,0,UR,latin,data/ap/2020_res_gp/nlr_res_gp.pdf,37,nlr_res_gp.pdf
Andhra Pradesh,2020,Nellore,Gudur Sydapuram 17 Marlapudi,Gudur Sydapuram 17 Marlapudi,,sarpanch,SC Other than Woman,SC,0,,0,sc,latin,data/ap/2020_res_gp/nlr_res_gp.pdf,37,nlr_res_gp.pdf
Andhra Pradesh,2020,Nellore,Gudur .18 Sydapuram Paluru,Gudur .18 Sydapuram Paluru,,sarpanch,SC Woman,SC,1,8,0,sc(w),latin,data/ap/2020_res_gp/nlr_res_gp.pdf,37,nlr_res_gp.pdf
Andhra Pradesh,2020,Nellore,Gudur Sydapuram 19 Perumalla Padu,Gudur Sydapuram 19 Perumalla Padu,,sarpanch,Woman,NONE,1,8,0,UR(W),latin,data/ap/2020_res_gp/nlr_res_gp.pdf,38,nlr_res_gp.pdf
Andhra Pradesh,2020,Nellore,Gudur Sydapuram 20 Pokkondala,Gudur Sydapuram 20 Pokkondala,,sarpanch,Woman,NONE,1,8,0,UR(W),latin,data/ap/2020_res_gp/nlr_res_gp.pdf,38,nlr_res_gp.pdf
Andhra Pradesh,2020,Nellore,Gudur Sydapuram 21 Pothegunta,Gudur Sydapuram 21 Pothegunta,,sarpanch,SC Woman,SC,1,8,0,SC(W),latin,data/ap/2020_res_gp/nlr_res_gp.pdf,38,nlr_res_gp.pdf
Andhra Pradesh,2020,Nellore,Gudur Sydapuram 22 Raganaramapuram,Gudur Sydapuram 22 Raganaramapuram,,sarpanch,Woman,NONE,1,6,0,UR(W),latin,data/ap/2020_res_gp/nlr_res_gp.pdf,38,nlr_res_gp.pdf
Andhra Pradesh,2020,Nellore,Gudur Sydapuram 23 R Y G Palem,Gudur Sydapuram 23 R Y G Palem,,sarpanch,Woman,NONE,1,6,0,UR(W),latin,data/ap/2020_res_gp/nlr_res_gp.pdf,38,nlr_res_gp.pdf
Andhra Pradesh,2020,Nellore,Gudur Sydapuram 24 Ramasagaram,Gudur Sydapuram 24 Ramasagaram,,sarpanch,SC Other than Woman,SC,0,,0,sc,latin,data/ap/2020_res_gp/nlr_res_gp.pdf,38,nlr_res_gp.pdf
Andhra Pradesh,2020,Nellore,Gudur Sydapuram Sydapuram,Gudur Sydapuram Sydapuram,,sarpanch,ST Other than Woman,ST,0,,0,ST,latin,data/ap/2020_res_gp/nlr_res_gp.pdf,38,nlr_res_gp.pdf
Andhra Pradesh,2020,Nellore,Gudur Sydapuram 26 Thippireddy Palli,Gudur Sydapuram 26 Thippireddy Palli,,sarpanch,Other than Woman,NONE,0,,0,UR,latin,data/ap/2020_res_gp/nlr_res_gp.pdf,38,nlr_res_gp.pdf
Andhra Pradesh,2020,Nellore,Gudur Sydapuram 21 Thocham,Gudur Sydapuram 21 Thocham,,sarpanch,Other than Woman,NONE,0,,0,UR,latin,data/ap/2020_res_gp/nlr_res_gp.pdf,38,nlr_res_gp.pdf
Andhra Pradesh,2020,Nellore,Gudur Sydapuram Thummla Thalupuru,Gudur Sydapuram Thummla Thalupuru,,sarpanch,ST Woman,ST,1,10,0,ST(W),latin,data/ap/2020_res_gp/nlr_res_gp.pdf,38,nlr_res_gp.pdf
Andhra Pradesh,2020,Nellore,Gudur Sydapuram 29 Turimerla,Gudur Sydapuram 29 Turimerla,,sarpanch,SC Woman,SC,1,10,0,sc(w),latin,data/ap/2020_res_gp/nlr_res_gp.pdf,38,nlr_res_gp.pdf
Andhra Pradesh,2020,Nellore,Gudur Sydapuram 30 Utukuru,Gudur Sydapuram 30 Utukuru,,sarpanch,SC Other than Woman,SC,0,,0,sc,latin,data/ap/2020_res_gp/nlr_res_gp.pdf,38,nlr_res_gp.pdf
Andhra Pradesh,2020,Nellore,G!dur Sydapuram 31 Vemulachedu,G!dur Sydapuram 31 Vemulachedu,,sarpanch,Other than Woman,NONE,0,,0,UR,latin,data/ap/2020_res_gp/nlr_res_gp.pdf,38,nlr_res_gp.pdf
Andhra Pradesh,2020,Nellore,Gudur Venkalagrfl 1 Ammapalem,Gudur Venkalagrfl 1 Ammapalem,,sarpanch,BC Other than Woman,BC,0,,0,BC,latin,data/ap/2020_res_gp/nlr_res_gp.pdf,38,nlr_res_gp.pdf
Andhra Pradesh,2020,Nellore,Gudur Venkatagrn 2 Chelkampadu,Gudur Venkatagrn 2 Chelkampadu,,sarpanch,SC Woman,SC,1,8,0,SC(W),latin,data/ap/2020_res_gp/nlr_res_gp.pdf,38,nlr_res_gp.pdf
Andhra Pradesh,2020,Nellore,Gudur Venkatagiri 3 Chinannapeta,Gudur Venkatagiri 3 Chinannapeta,,sarpanch,SC Other than Woman,SC,0,,0,sc,latin,data/ap/2020_res_gp/nlr_res_gp.pdf,38,nlr_res_gp.pdf
Andhra Pradesh,2020,Nellore,Gudur Venkatagiri Chinthagunta,Gudur Venkatagiri Chinthagunta,,sarpanch,Other than Woman,NONE,0,,0,UR,latin,data/ap/2020_res_gp/nlr_res_gp.pdf,38,nlr_res_gp.pdf
Andhra Pradesh,2020,Nellore,Gudur Venkalagrn 6 Ka apadu,Gudur Venkalagrn 6 Ka apadu,,sarpanch,Other than Woman,NONE,0,,0,UR,latin,data/ap/2020_res_gp/nlr_res_gp.pdf,38,nlr_res_gp.pdf
Andhra Pradesh,2020,Nellore,Gucur Venkatag n 8 Kurlagunla,Gucur Venkatag n 8 Kurlagunla,,sarpanch,ST Other than Woman,ST,0,,0,ST,latin,data/ap/2020_res_gp/nlr_res_gp.pdf,38,nlr_res_gp.pdf
Andhra Pradesh,2020,Nellore,Gudur Venkatagiri I Lalapeta,Gudur Venkatagiri I Lalapeta,,sarpanch,Woman,NONE,1,8,0,uR(w),latin,data/ap/2020_res_gp/nlr_res_gp.pdf,39,nlr_res_gp.pdf
Andhra Pradesh,2020,Nellore,Gudur Venkataglri Mogallagunta,Gudur Venkataglri Mogallagunta,,sarpanch,Other than Woman,NONE,0,,0,uR,latin,data/ap/2020_res_gp/nlr_res_gp.pdf,39,nlr_res_gp.pdf
Andhra Pradesh,2020,Nellore,Gudur Venkatagiri 11 Palemkota,Gudur Venkatagiri 11 Palemkota,,sarpanch,Other than Woman,NONE,0,,0,uR,latin,data/ap/2020_res_gp/nlr_res_gp.pdf,39,nlr_res_gp.pdf
Andhra Pradesh,2020,Nellore,Gudur Venkalagiri 't2 Panjam,Gudur Venkalagiri 't2 Panjam,,sarpanch,Woman,NONE,1,,0,UR(W),latin,data/ap/2020_res_gp/nlr_res_gp.pdf,39,nlr_res_gp.pdf
Andhra Pradesh,2020,Nellore,Gudur Venkatagiri 't3 Papamambapuram,Gudur Venkatagiri 't3 Papamambapuram,,sarpanch,Woman,NONE,1,8,0,uR(w),latin,data/ap/2020_res_gp/nlr_res_gp.pdf,39,nlr_res_gp.pdf
Andhra Pradesh,2020,Nellore,Gudur Venkatagiri 14 Paravolu,Gudur Venkatagiri 14 Paravolu,,sarpanch,SC Woman,SC,1,10,0,SC(W),latin,data/ap/2020_res_gp/nlr_res_gp.pdf,39,nlr_res_gp.pdf
Andhra Pradesh,2020,Nellore,Gudur Venkatagiri 15 Petluru,Gudur Venkatagiri 15 Petluru,,sarpanch,SC Other than Woman,SC,0,,0,SC,latin,data/ap/2020_res_gp/nlr_res_gp.pdf,39,nlr_res_gp.pdf
Andhra Pradesh,2020,Nellore,Gudur Venkatagiri 16 Siddavaram,Gudur Venkatagiri 16 Siddavaram,,sarpanch,Woman,NONE,1,8,0,uR(w),latin,data/ap/2020_res_gp/nlr_res_gp.pdf,39,nlr_res_gp.pdf
Andhra Pradesh,2020,Nellore,Gudur Venkatagiri 17 Somasanigunta sr(w) 10,Gudur Venkatagiri 17 Somasanigunta sr(w) 10,,sarpanch,SC Woman,SC,1,,0,SC(W),latin,data/ap/2020_res_gp/nlr_res_gp.pdf,39,nlr_res_gp.pdf
Andhra Pradesh,2020,Nellore,Gudur Venkatagiri 18 Upprapalli K,Gudur Venkatagiri 18 Upprapalli K,,sarpanch,Other than Woman,NONE,0,,0,uR,latin,data/ap/2020_res_gp/nlr_res_gp.pdf,39,nlr_res_gp.pdf
Andhra Pradesh,2020,Nellore,Gudur Venkatagiri '19 Vallivedu sr(w) 10,Gudur Venkatagiri '19 Vallivedu sr(w) 10,,sarpanch,Other than Woman,NONE,0,,0,uR,latin,data/ap/2020_res_gp/nlr_res_gp.pdf,39,nlr_res_gp.pdf
Andhra Pradesh,2020,Nellore,Gudur Venkatagiri 20 Yathaluru,Gudur Venkatagiri 20 Yathaluru,,sarpanch,SC Woman,SC,1,8,0,sc(w),latin,data/ap/2020_res_gp/nlr_res_gp.pdf,39,nlr_res_gp.pdf
Andhra Pradesh,2020,Nellore,Gudur Chillakuru 2 Ballavolu,Gudur Chillakuru 2 Ballavolu,,sarpanch,Woman,NONE,1,10,0,uR(w),latin,data/ap/2020_res_gp/nlr_res_gp.pdf,39,nlr_res_gp.pdf
Andhra Pradesh,2020,Nellore,Gudur Ch akuru 3 Budhanam,Gudur Ch akuru 3 Budhanam,,sarpanch,SC Woman,SC,1,10,0,SC(w),latin,data/ap/2020_res_gp/nlr_res_gp.pdf,39,nlr_res_gp.pdf
Andhra Pradesh,2020,Nellore,Gudur Chillakuru 4 Chedimala,Gudur Chillakuru 4 Chedimala,,sarpanch,SC Woman,SC,1,8,0,SC(w),latin,data/ap/2020_res_gp/nlr_res_gp.pdf,39,nlr_res_gp.pdf
Andhra Pradesh,2020,Nellore,Gudur Chillakuru 5 Chillakur,Gudur Chillakuru 5 Chillakur,,sarpanch,ST Other than Woman,ST,0,14,0,ST ,latin,data/ap/2020_res_gp/nlr_res_gp.pdf,39,nlr_res_gp.pdf
Andhra Pradesh,2020,Nellore,Gudur Chillakuru o Chithavaram,Gudur Chillakuru o Chithavaram,,sarpanch,SC Other than Woman,SC,0,10,0,SC ,latin,data/ap/2020_res_gp/nlr_res_gp.pdf,39,nlr_res_gp.pdf
Andhra Pradesh,2020,Nellore,Gudur Chillakuru 7 ast Kanupuru,Gudur Chillakuru 7 ast Kanupuru,,sarpanch,Woman,NONE,1,0,0,uR(w),latin,data/ap/2020_res_gp/nlr_res_gp.pdf,39,nlr_res_gp.pdf
Andhra Pradesh,2020,Nellore,Gudur Chillakuru 8 Eguva Rajupalem,Gudur Chillakuru 8 Eguva Rajupalem,,sarpanch,Woman,NONE,1,8,0,uR(w),latin,data/ap/2020_res_gp/nlr_res_gp.pdf,39,nlr_res_gp.pdf
Andhra Pradesh,2020,Nellore,Gudur Chillakuru I Kadivedu sr(w) '10,Gudur Chillakuru I Kadivedu sr(w) '10,,sarpanch,Other than Woman,NONE,0,,0,UR ,latin,data/ap/2020_res_gp/nlr_res_gp.pdf,39,nlr_res_gp.pdf
Andhra Pradesh,2020,Nellore,Gudur Chillakuru 1 Kalavakonda,Gudur Chillakuru 1 Kalavakonda,,sarpanch,Woman,NONE,1,8,0,UR(W),latin,data/ap/2020_res_gp/nlr_res_gp.pdf,40,nlr_res_gp.pdf
Andhra Pradesh,2020,Nellore,Gudur Ch akuru 11 Kammavaripalem,Gudur Ch akuru 11 Kammavaripalem,,sarpanch,Other than Woman,NONE,0,,0,UR ,latin,data/ap/2020_res_gp/nlr_res_gp.pdf,40,nlr_res_gp.pdf
Andhra Pradesh,2020,Nellore,Gudur Ch akuru '12 Lingavaram,Gudur Ch akuru '12 Lingavaram,,sarpanch,Other than Woman,NONE,0,10,0,UR ,latin,data/ap/2020_res_gp/nlr_res_gp.pdf,40,nlr_res_gp.pdf
Andhra Pradesh,2020,Nellore,Gudur Ch akuru 13 Mannegunta,Gudur Ch akuru 13 Mannegunta,,sarpanch,Other than Woman,NONE,0,8,0,UR ,latin,data/ap/2020_res_gp/nlr_res_gp.pdf,40,nlr_res_gp.pdf
Andhra Pradesh,2020,Nellore,Gudur Chillakuru 14 lvlomidi,Gudur Chillakuru 14 lvlomidi,,sarpanch,SC Woman,SC,1,10,0,SC(w),latin,data/ap/2020_res_gp/nlr_res_gp.pdf,40,nlr_res_gp.pdf
Andhra Pradesh,2020,Nellore,Gudur Chillakuru 15 Muthyalapadu,Gudur Chillakuru 15 Muthyalapadu,,sarpanch,SC Woman,SC,1,,0,SC(w),latin,data/ap/2020_res_gp/nlr_res_gp.pdf,40,nlr_res_gp.pdf
Andhra Pradesh,2020,Nellore,Gudur Chillakuru 16 N R.Palli,Gudur Chillakuru 16 N R.Palli,,sarpanch,SC Woman,SC,1,10,0,SC(w),latin,data/ap/2020_res_gp/nlr_res_gp.pdf,40,nlr_res_gp.pdf
Andhra Pradesh,2020,Nellore,Gudur Chillakuru 17 Oduru,Gudur Chillakuru 17 Oduru,,sarpanch,SC Other than Woman,SC,0,10,0,SC ,latin,data/ap/2020_res_gp/nlr_res_gp.pdf,40,nlr_res_gp.pdf
Andhra Pradesh,2020,Nellore,Gudur Chillakuru 18 P C V Palem,Gudur Chillakuru 18 P C V Palem,,sarpanch,Woman,NONE,1,0,0,UR(W),latin,data/ap/2020_res_gp/nlr_res_gp.pdf,40,nlr_res_gp.pdf
Andhra Pradesh,2020,Nellore,Gudur Chillakuru 20 Ponnavolu,Gudur Chillakuru 20 Ponnavolu,,sarpanch,Woman,NONE,1,8,0,UR(W),latin,data/ap/2020_res_gp/nlr_res_gp.pdf,40,nlr_res_gp.pdf
Andhra Pradesh,2020,Nellore,Gudur Ch akuru 21 Thammina Palnarn,Gudur Ch akuru 21 Thammina Palnarn,,sarpanch,SC Other than Woman,SC,0,,0,SC ,latin,data/ap/2020_res_gp/nlr_res_gp.pdf,40,nlr_res_gp.pdf
Andhra Pradesh,2020,Nellore,Gudur Chillakuru 22 Theepanuru,Gudur Chillakuru 22 Theepanuru,,sarpanch,Other than Woman,NONE,0,0,0,UR ,latin,data/ap/2020_res_gp/nlr_res_gp.pdf,40,nlr_res_gp.pdf
Andhra Pradesh,2020,Nellore,Gudur Chillakuru 23 Thikkavaram,Gudur Chillakuru 23 Thikkavaram,,sarpanch,Other than Woman,NONE,0,,0,UR ,latin,data/ap/2020_res_gp/nlr_res_gp.pdf,40,nlr_res_gp.pdf
Andhra Pradesh,2020,Nellore,Gudur lhillakuru 24 Thim m anagaripalem,Gudur lhillakuru 24 Thim m anagaripalem,,sarpanch,Woman,NONE,1,8,0,UR(W),latin,data/ap/2020_res_gp/nlr_res_gp.pdf,40,nlr_res_gp.pdf
Andhra Pradesh,2020,Nellore,Gudur lhillakuru 25 Thippagunta Palem,Gudur lhillakuru 25 Thippagunta Palem,,sarpanch,Woman,NONE,1,8,0,UR(W),latin,data/ap/2020_res_gp/nlr_res_gp.pdf,40,nlr_res_gp.pdf
Andhra Pradesh,2020,Nellore,Gudur Chillakuru 27 Udathavari Palem,Gudur Chillakuru 27 Udathavari Palem,,sarpanch,ST Other than Woman,ST,0,12,0,ST ,latin,data/ap/2020_res_gp/nlr_res_gp.pdf,40,nlr_res_gp.pdf
Andhra Pradesh,2020,Nellore,Gudur Chillakuru ZO Vallipedu,Gudur Chillakuru ZO Vallipedu,,sarpanch,SC Other than Woman,SC,0,10,0,SC ,latin,data/ap/2020_res_gp/nlr_res_gp.pdf,40,nlr_res_gp.pdf
Andhra Pradesh,2020,Nellore,Gudur Chillakuru 29 Varagali,Gudur Chillakuru 29 Varagali,,sarpanch,ST Woman,ST,1,10,0,ST(W),latin,data/ap/2020_res_gp/nlr_res_gp.pdf,40,nlr_res_gp.pdf
Andhra Pradesh,2020,Nellore,Gudur Chillakuru 30 Vellapalem,Gudur Chillakuru 30 Vellapalem,,sarpanch,Other than Woman,NONE,0,0,0,UR ,latin,data/ap/2020_res_gp/nlr_res_gp.pdf,40,nlr_res_gp.pdf
Andhra Pradesh,2020,Nellore,Gudur Chillakuru 31 Yeruru,Gudur Chillakuru 31 Yeruru,,sarpanch,ST Woman,ST,1,10,0,ST(W),latin,data/ap/2020_res_gp/nlr_res_gp.pdf,41,nlr_res_gp.pdf
Andhra Pradesh,2020,Nellore,Gudur Vakadu 2 Duggaraja Patnam,Gudur Vakadu 2 Duggaraja Patnam,,sarpanch,Woman,NONE,1,12,0,UR(W),latin,data/ap/2020_res_gp/nlr_res_gp.pdf,41,nlr_res_gp.pdf
Andhra Pradesh,2020,Nellore,Gudur Vakadu Juvvinattu,Gudur Vakadu Juvvinattu,,sarpanch,Other than Woman,NONE,0,,0,UR,latin,data/ap/2020_res_gp/nlr_res_gp.pdf,41,nlr_res_gp.pdf
Andhra Pradesh,2020,Nellore,Gudur Vakadu 5 Kalluru,Gudur Vakadu 5 Kalluru,,sarpanch,Other than Woman,NONE,0,,0,UR,latin,data/ap/2020_res_gp/nlr_res_gp.pdf,41,nlr_res_gp.pdf
Andhra Pradesh,2020,Nellore,Gudur Vakadu 6 Kasipuram,Gudur Vakadu 6 Kasipuram,,sarpanch,Woman,NONE,1,6,0,UR(W),latin,data/ap/2020_res_gp/nlr_res_gp.pdf,41,nlr_res_gp.pdf
Andhra Pradesh,2020,Nellore,Gudur Vakadu 7 Kondapuram,Gudur Vakadu 7 Kondapuram,,sarpanch,Woman,NONE,1,10,0,UR(W),latin,data/ap/2020_res_gp/nlr_res_gp.pdf,41,nlr_res_gp.pdf
Andhra Pradesh,2020,Nellore,Gudur Vakadu 8 Konduru,Gudur Vakadu 8 Konduru,,sarpanch,SC Other than Woman,SC,0,,0,SC,latin,data/ap/2020_res_gp/nlr_res_gp.pdf,41,nlr_res_gp.pdf
Andhra Pradesh,2020,Nellore,Gudur Vakadu I Molaganur,Gudur Vakadu I Molaganur,,sarpanch,Woman,NONE,1,8,0,UR(W),latin,data/ap/2020_res_gp/nlr_res_gp.pdf,41,nlr_res_gp.pdf
Andhra Pradesh,2020,Nellore,Gudur Vakadu 10 Multembaka,Gudur Vakadu 10 Multembaka,,sarpanch,Other than Woman,NONE,0,,0,UR,latin,data/ap/2020_res_gp/nlr_res_gp.pdf,41,nlr_res_gp.pdf
Andhra Pradesh,2020,Nellore,Gudur Vakadu Ii Nellipudi,Gudur Vakadu Ii Nellipudi,,sarpanch,SC Woman,SC,1,10,0,SC(W),latin,data/ap/2020_res_gp/nlr_res_gp.pdf,41,nlr_res_gp.pdf
Andhra Pradesh,2020,Nellore,Gudur Vakadu 12 Nidigurlhr,Gudur Vakadu 12 Nidigurlhr,,sarpanch,SC Other than Woman,SC,0,,0,sc,latin,data/ap/2020_res_gp/nlr_res_gp.pdf,41,nlr_res_gp.pdf
Andhra Pradesh,2020,Nellore,Gudur Vakadu 13 Pudirayadoruvu sr(w) 10,Gudur Vakadu 13 Pudirayadoruvu sr(w) 10,,sarpanch,BC Woman,BC,1,,0,BC(W),latin,data/ap/2020_res_gp/nlr_res_gp.pdf,41,nlr_res_gp.pdf
Andhra Pradesh,2020,Nellore,Gudur Vakadu '14 Ravrgunlapalem,Gudur Vakadu '14 Ravrgunlapalem,,sarpanch,Other than Woman,NONE,0,,0,UR,latin,data/ap/2020_res_gp/nlr_res_gp.pdf,41,nlr_res_gp.pdf
Andhra Pradesh,2020,Nellore,Gudur Vakadu 15 Reddrpalem Bit - tr,Gudur Vakadu 15 Reddrpalem Bit - tr,,sarpanch,SC Other than Woman,SC,0,,0,sc,latin,data/ap/2020_res_gp/nlr_res_gp.pdf,41,nlr_res_gp.pdf
Andhra Pradesh,2020,Nellore,Gudur 16 Tirumur,Gudur 16 Tirumur,,sarpanch,ST Woman,ST,1,8,0,sT(w),latin,data/ap/2020_res_gp/nlr_res_gp.pdf,41,nlr_res_gp.pdf
Andhra Pradesh,2020,Nellore,Gudur Vakadu 1l Vakadu I,Gudur Vakadu 1l Vakadu I,,sarpanch,ST Other than Woman,ST,0,,0,ST,latin,data/ap/2020_res_gp/nlr_res_gp.pdf,41,nlr_res_gp.pdf
Andhra Pradesh,2020,Nellore,Gudur Vakadu 18 Valamedu I,Gudur Vakadu 18 Valamedu I,,sarpanch,Woman,NONE,1,8,0,UR(W),latin,data/ap/2020_res_gp/nlr_res_gp.pdf,41,nlr_res_gp.pdf
Andhra Pradesh,2020,Nellore,Gudur Vakadu 19 Yaragatpallr,Gudur Vakadu 19 Yaragatpallr,,sarpanch,Other than Woman,NONE,0,,0,UR,latin,data/ap/2020_res_gp/nlr_res_gp.pdf,41,nlr_res_gp.pdf
Andhra Pradesh,2020,Nellore,Gudur Kota Aa ampadu 1,Gudur Kota Aa ampadu 1,,sarpanch,Other than Woman,NONE,0,,0,UR,latin,data/ap/2020_res_gp/nlr_res_gp.pdf,41,nlr_res_gp.pdf
Andhra Pradesh,2020,Nellore,Gudur Kola 2 Chendudu,Gudur Kola 2 Chendudu,,sarpanch,Woman,NONE,1,12,0,UR(W),latin,data/ap/2020_res_gp/nlr_res_gp.pdf,42,nlr_res_gp.pdf
Andhra Pradesh,2020,Nellore,Gudur Kota 3 Ch ttedu sr(G) '12,Gudur Kota 3 Ch ttedu sr(G) '12,,sarpanch,Woman,NONE,1,,0,uR(w),latin,data/ap/2020_res_gp/nlr_res_gp.pdf,42,nlr_res_gp.pdf
Andhra Pradesh,2020,Nellore,Gudur Kota Gudali sr(w) 14,Gudur Kota Gudali sr(w) 14,,sarpanch,BC Woman,BC,1,,0,BC(w),latin,data/ap/2020_res_gp/nlr_res_gp.pdf,42,nlr_res_gp.pdf
Andhra Pradesh,2020,Nellore,Gudur Kota 5 Jarugumalli,Gudur Kota 5 Jarugumalli,,sarpanch,Other than Woman,NONE,0,,0,UR,latin,data/ap/2020_res_gp/nlr_res_gp.pdf,42,nlr_res_gp.pdf
Andhra Pradesh,2020,Nellore,Gudur Kola 6 Karlapudi,Gudur Kola 6 Karlapudi,,sarpanch,Other than Woman,NONE,0,,0,UR,latin,data/ap/2020_res_gp/nlr_res_gp.pdf,42,nlr_res_gp.pdf
Andhra Pradesh,2020,Nellore,Gudur Kota 1 Kesavaram,Gudur Kota 1 Kesavaram,,sarpanch,BC Woman,BC,1,10,0,BC(w),latin,data/ap/2020_res_gp/nlr_res_gp.pdf,42,nlr_res_gp.pdf
Andhra Pradesh,2020,Nellore,Gudur Kota I Kokkupadu,Gudur Kota I Kokkupadu,,sarpanch,Woman,NONE,1,10,0,UR(W),latin,data/ap/2020_res_gp/nlr_res_gp.pdf,42,nlr_res_gp.pdf
Andhra Pradesh,2020,Nellore,Gudur Kota I Kota,Gudur Kota I Kota,,sarpanch,ST Woman,ST,1,16,1,ST(W ,latin,data/ap/2020_res_gp/nlr_res_gp.pdf,42,nlr_res_gp.pdf
Andhra Pradesh,2020,Nellore,Gudur Kola 10 Kolhapatnam,Gudur Kola 10 Kolhapatnam,,sarpanch,SC Other than Woman,SC,0,,0,sc,latin,data/ap/2020_res_gp/nlr_res_gp.pdf,42,nlr_res_gp.pdf
Andhra Pradesh,2020,Nellore,"Gudur Kota 11 N,4addali","Gudur Kota 11 N,4addali",,sarpanch,Woman,NONE,1,,0,UR(W),latin,data/ap/2020_res_gp/nlr_res_gp.pdf,42,nlr_res_gp.pdf
Andhra Pradesh,2020,Nellore,Gudur Kola 12 N P Kothapalem,Gudur Kola 12 N P Kothapalem,,sarpanch,SC Other than Woman,SC,0,,0,sc,latin,data/ap/2020_res_gp/nlr_res_gp.pdf,42,nlr_res_gp.pdf
Andhra Pradesh,2020,Nellore,Gudur Kola 14 Rudravaram,Gudur Kola 14 Rudravaram,,sarpanch,Other than Woman,NONE,0,,0,UR,latin,data/ap/2020_res_gp/nlr_res_gp.pdf,42,nlr_res_gp.pdf
Andhra Pradesh,2020,Nellore,Gudur Kota 15 Srddavaram,Gudur Kota 15 Srddavaram,,sarpanch,SC Other than Woman,SC,0,,1,sc(v,latin,data/ap/2020_res_gp/nlr_res_gp.pdf,42,nlr_res_gp.pdf
Andhra Pradesh,2020,Nellore,Gudur Kota T6 Thrmmalanaidu Palem,Gudur Kota T6 Thrmmalanaidu Palem,,sarpanch,Woman,NONE,1,,0,UR(W),latin,data/ap/2020_res_gp/nlr_res_gp.pdf,42,nlr_res_gp.pdf
Andhra Pradesh,2020,Nellore,Gudur Kota 17 Thinnela Pudi,Gudur Kota 17 Thinnela Pudi,,sarpanch,SC Woman,SC,1,10,0,SC(W),latin,data/ap/2020_res_gp/nlr_res_gp.pdf,42,nlr_res_gp.pdf
Andhra Pradesh,2020,Nellore,Gudur Kota 18 Unugunla Palem,Gudur Kota 18 Unugunla Palem,,sarpanch,SC Other than Woman,SC,0,,0,SC,latin,data/ap/2020_res_gp/nlr_res_gp.pdf,42,nlr_res_gp.pdf
Andhra Pradesh,2020,Nellore,Gudur Kola 19 LJihama Nellore,Gudur Kola 19 LJihama Nellore,,sarpanch,Woman,NONE,1,8,0,UR(W),latin,data/ap/2020_res_gp/nlr_res_gp.pdf,42,nlr_res_gp.pdf
Andhra Pradesh,2020,Nellore,Gudur Kola 20 VanJrvaka,Gudur Kola 20 VanJrvaka,,sarpanch,SC Woman,SC,1,10,0,sc(w),latin,data/ap/2020_res_gp/nlr_res_gp.pdf,42,nlr_res_gp.pdf
Andhra Pradesh,2020,Nellore,Gudur Kota 21 Venkannapalem,Gudur Kota 21 Venkannapalem,,sarpanch,Other than Woman,NONE,0,,0,UR,latin,data/ap/2020_res_gp/nlr_res_gp.pdf,42,nlr_res_gp.pdf
Andhra Pradesh,2020,Nellore,Nardupela Nardupela l,Nardupela Nardupela l,,sarpanch,SC Woman,SC,1,10,0,SC(W),latin,data/ap/2020_res_gp/nlr_res_gp.pdf,42,nlr_res_gp.pdf
Andhra Pradesh,2020,Nellore,Nardupela Naidupeta 2 Aravaperimidi,Nardupela Naidupeta 2 Aravaperimidi,,sarpanch,Other than Woman,NONE,0,,0,UR,latin,data/ap/2020_res_gp/nlr_res_gp.pdf,43,nlr_res_gp.pdf
Andhra Pradesh,2020,Nellore,Naidupeta Naidupeta 3 Bheemavaram,Naidupeta Naidupeta 3 Bheemavaram,,sarpanch,SC Woman,SC,1,8,0,sc(w),latin,data/ap/2020_res_gp/nlr_res_gp.pdf,43,nlr_res_gp.pdf
Andhra Pradesh,2020,Nellore,Nardupeta Naidupela 5 Chilamathuru,Nardupeta Naidupela 5 Chilamathuru,,sarpanch,Other than Woman,NONE,0,,0,UR,latin,data/ap/2020_res_gp/nlr_res_gp.pdf,43,nlr_res_gp.pdf
Andhra Pradesh,2020,Nellore,Nadupeta Naidupeta 6 Dwarakapuram,Nadupeta Naidupeta 6 Dwarakapuram,,sarpanch,Woman,NONE,1,8,0,UR(W),latin,data/ap/2020_res_gp/nlr_res_gp.pdf,43,nlr_res_gp.pdf
Andhra Pradesh,2020,Nellore,Nardupela Naidupeta 7 Gottiprolu,Nardupela Naidupeta 7 Gottiprolu,,sarpanch,SC Other than Woman,SC,0,,0,sc,latin,data/ap/2020_res_gp/nlr_res_gp.pdf,43,nlr_res_gp.pdf
Andhra Pradesh,2020,Nellore,Naidupeta Nardupeta I Juwalapalem,Naidupeta Nardupeta I Juwalapalem,,sarpanch,Other than Woman,NONE,0,,0,UR,latin,data/ap/2020_res_gp/nlr_res_gp.pdf,43,nlr_res_gp.pdf
Andhra Pradesh,2020,Nellore,Naidupela Nadupeta 9 Kallipedu,Naidupela Nadupeta 9 Kallipedu,,sarpanch,SC Woman,SC,1,10,0,sc(w),latin,data/ap/2020_res_gp/nlr_res_gp.pdf,43,nlr_res_gp.pdf
Andhra Pradesh,2020,Nellore,Nardupeta Naidupeta 10 (apuluru,Nardupeta Naidupeta 10 (apuluru,,sarpanch,ST Woman,ST,1,10,0,ST(W),latin,data/ap/2020_res_gp/nlr_res_gp.pdf,43,nlr_res_gp.pdf
Andhra Pradesh,2020,Nellore,Naidupela Naidupeta 11 Kuchrwada,Naidupela Naidupeta 11 Kuchrwada,,sarpanch,SC Other than Woman,SC,0,,0,SC,latin,data/ap/2020_res_gp/nlr_res_gp.pdf,43,nlr_res_gp.pdf
Andhra Pradesh,2020,Nellore,"Naidupeta Naidupeta 12 I\,4arlapalli","Naidupeta Naidupeta 12 I\,4arlapalli",,sarpanch,Woman,NONE,1,0,0,UR(W),latin,data/ap/2020_res_gp/nlr_res_gp.pdf,43,nlr_res_gp.pdf
Andhra Pradesh,2020,Nellore,Na dupeta Naidupeta 13 Menakuru sr(G),Na dupeta Naidupeta 13 Menakuru sr(G),,sarpanch,SC Woman,SC,1,,0,sc(w),latin,data/ap/2020_res_gp/nlr_res_gp.pdf,43,nlr_res_gp.pdf
Andhra Pradesh,2020,Nellore,Naidupela Na'dupeta 14,Naidupela Na'dupeta 14,,sarpanch,Woman,NONE,1,8,0,uR(w),latin,data/ap/2020_res_gp/nlr_res_gp.pdf,43,nlr_res_gp.pdf
Andhra Pradesh,2020,Nellore,Nardupeta Nardupeta 15 sr(w) 12,Nardupeta Nardupeta 15 sr(w) 12,,sarpanch,BC Other than Woman,BC,0,,0,BC,latin,data/ap/2020_res_gp/nlr_res_gp.pdf,43,nlr_res_gp.pdf
Andhra Pradesh,2020,Nellore,Naidupela Nadupeta 16,Naidupela Nadupeta 16,,sarpanch,Woman,NONE,1,10,0,UR(W),latin,data/ap/2020_res_gp/nlr_res_gp.pdf,43,nlr_res_gp.pdf
Andhra Pradesh,2020,Nellore,Naidupeta Nardupela 18 Vinnamala,Naidupeta Nardupela 18 Vinnamala,,sarpanch,SC Other than Woman,SC,0,,0,SC,latin,data/ap/2020_res_gp/nlr_res_gp.pdf,43,nlr_res_gp.pdf
Andhra Pradesh,2020,Nellore,Nardupeta Naidupeta 19 Vemuguntapalem,Nardupeta Naidupeta 19 Vemuguntapalem,,sarpanch,Woman,NONE,1,8,0,UR(W),latin,data/ap/2020_res_gp/nlr_res_gp.pdf,43,nlr_res_gp.pdf
Andhra Pradesh,2020,Nellore,Naidupela Ozl 1 Arimenipadu,Naidupela Ozl 1 Arimenipadu,,sarpanch,ST Other than Woman,ST,0,,0,ST,latin,data/ap/2020_res_gp/nlr_res_gp.pdf,43,nlr_res_gp.pdf
Andhra Pradesh,2020,Nellore,Nardupela Oz 2 Athrvaram,Nardupela Oz 2 Athrvaram,,sarpanch,SC Other than Woman,SC,0,,0,sc,latin,data/ap/2020_res_gp/nlr_res_gp.pdf,43,nlr_res_gp.pdf
Andhra Pradesh,2020,Nellore,Naidupeta Ozili 4 Bh uv a nagirip alem,Naidupeta Ozili 4 Bh uv a nagirip alem,,sarpanch,Woman,NONE,1,,0,UR(W),latin,data/ap/2020_res_gp/nlr_res_gp.pdf,44,nlr_res_gp.pdf
Andhra Pradesh,2020,Nellore,Naidupeta :,Naidupeta :,,sarpanch,ST Other than Woman,ST,0,,0,ST,latin,data/ap/2020_res_gp/nlr_res_gp.pdf,44,nlr_res_gp.pdf
Andhra Pradesh,2020,Nellore,Naidupeta Oz I lnugunta,Naidupeta Oz I lnugunta,,sarpanch,SC Other than Woman,SC,0,,0,sc,latin,data/ap/2020_res_gp/nlr_res_gp.pdf,44,nlr_res_gp.pdf
Andhra Pradesh,2020,Nellore,Naidupeta Cz I Karaballavolu,Naidupeta Cz I Karaballavolu,,sarpanch,Other than Woman,NONE,0,,0,uR,latin,data/ap/2020_res_gp/nlr_res_gp.pdf,44,nlr_res_gp.pdf
Andhra Pradesh,2020,Nellore,Naidupeta )z 't0 Kondavallipadu,Naidupeta )z 't0 Kondavallipadu,,sarpanch,Other than Woman,NONE,0,,0,UR,latin,data/ap/2020_res_gp/nlr_res_gp.pdf,44,nlr_res_gp.pdf
Andhra Pradesh,2020,Nellore,Naldupeta 11 Kothacherwu,Naldupeta 11 Kothacherwu,,sarpanch,Other than Woman,NONE,0,,0,uR,latin,data/ap/2020_res_gp/nlr_res_gp.pdf,44,nlr_res_gp.pdf
Andhra Pradesh,2020,Nellore,Kundam,Kundam,,sarpanch,Other than Woman,NONE,0,,0,UR,latin,data/ap/2020_res_gp/nlr_res_gp.pdf,44,nlr_res_gp.pdf
Andhra Pradesh,2020,Nellore,Naidupeta Ozili 13 Kurugonda sr(w) 12,Naidupeta Ozili 13 Kurugonda sr(w) 12,,sarpanch,Woman,NONE,1,,0,uR(w),latin,data/ap/2020_res_gp/nlr_res_gp.pdf,44,nlr_res_gp.pdf
Andhra Pradesh,2020,Nellore,Naidupeta Ozili 14 Machavaram,Naidupeta Ozili 14 Machavaram,,sarpanch,Woman,NONE,1,8,0,UR(W),latin,data/ap/2020_res_gp/nlr_res_gp.pdf,44,nlr_res_gp.pdf
Andhra Pradesh,2020,Nellore,Naidupeta Ozili 1 Manamala,Naidupeta Ozili 1 Manamala,,sarpanch,Woman,NONE,1,0,0,UR(W),latin,data/ap/2020_res_gp/nlr_res_gp.pdf,44,nlr_res_gp.pdf
Andhra Pradesh,2020,Nellore,Naidupeta Cz 16 Manavali,Naidupeta Cz 16 Manavali,,sarpanch,SC Woman,SC,1,8,0,sc(w),latin,data/ap/2020_res_gp/nlr_res_gp.pdf,44,nlr_res_gp.pdf
Andhra Pradesh,2020,Nellore,Naidupeta Oz Mummayapalem 17,Naidupeta Oz Mummayapalem 17,,sarpanch,Woman,NONE,1,8,0,uR(w),latin,data/ap/2020_res_gp/nlr_res_gp.pdf,44,nlr_res_gp.pdf
Andhra Pradesh,2020,Nellore,Naidupeta Ozili 18 Nenrallapudi,Naidupeta Ozili 18 Nenrallapudi,,sarpanch,Other than Woman,NONE,0,,0,UR,latin,data/ap/2020_res_gp/nlr_res_gp.pdf,44,nlr_res_gp.pdf
Andhra Pradesh,2020,Nellore,Naidupeta Oz 22 Rachapalem,Naidupeta Oz 22 Rachapalem,,sarpanch,Woman,NONE,1,0,0,uR(w),latin,data/ap/2020_res_gp/nlr_res_gp.pdf,44,nlr_res_gp.pdf
Andhra Pradesh,2020,Nellore,Naidupeta Oz 23 Ravipadu,Naidupeta Oz 23 Ravipadu,,sarpanch,Woman,NONE,1,,0,uR(w),latin,data/ap/2020_res_gp/nlr_res_gp.pdf,44,nlr_res_gp.pdf
Andhra Pradesh,2020,Nellore,Naidupeta Oz 25 Tirumalapudi,Naidupeta Oz 25 Tirumalapudi,,sarpanch,Other than Woman,NONE,0,,0,UR,latin,data/ap/2020_res_gp/nlr_res_gp.pdf,45,nlr_res_gp.pdf
Andhra Pradesh,2020,Nellore,Naidupeta Oz ll) Venkatareddypalem,Naidupeta Oz ll) Venkatareddypalem,,sarpanch,SC Woman,SC,1,10,0,sc(w),latin,data/ap/2020_res_gp/nlr_res_gp.pdf,45,nlr_res_gp.pdf
Andhra Pradesh,2020,Nellore,Naidupeta Pellakuru 1 Anakavolu,Naidupeta Pellakuru 1 Anakavolu,,sarpanch,SC Other than Woman,SC,0,,0,SC,latin,data/ap/2020_res_gp/nlr_res_gp.pdf,45,nlr_res_gp.pdf
Andhra Pradesh,2020,Nellore,Naidupeta Pellakuru 2 Ardhamala,Naidupeta Pellakuru 2 Ardhamala,,sarpanch,SC Other than Woman,SC,0,,0,SC,latin,data/ap/2020_res_gp/nlr_res_gp.pdf,45,nlr_res_gp.pdf
Andhra Pradesh,2020,Nellore,Naidupeta Pellakuru J Bangarampeta,Naidupeta Pellakuru J Bangarampeta,,sarpanch,Other than Woman,NONE,0,,0,UR,latin,data/ap/2020_res_gp/nlr_res_gp.pdf,45,nlr_res_gp.pdf
Andhra Pradesh,2020,Nellore,Naidupeta Pellakuru 5 Shembedu,Naidupeta Pellakuru 5 Shembedu,,sarpanch,SC Other than Woman,SC,0,,0,SC,latin,data/ap/2020_res_gp/nlr_res_gp.pdf,45,nlr_res_gp.pdf
Andhra Pradesh,2020,Nellore,Naidupeta Pellakuru 6 C he n n a pa n a id u peta,Naidupeta Pellakuru 6 C he n n a pa n a id u peta,,sarpanch,SC Woman,SC,1,8,0,sc(w),latin,data/ap/2020_res_gp/nlr_res_gp.pdf,45,nlr_res_gp.pdf
Andhra Pradesh,2020,Nellore,Naidupeta rellakuru 7 Chillakuru,Naidupeta rellakuru 7 Chillakuru,,sarpanch,Other than Woman,NONE,0,,0,UR,latin,data/ap/2020_res_gp/nlr_res_gp.pdf,45,nlr_res_gp.pdf
Andhra Pradesh,2020,Nellore,z Naidupeta Pellakuru 9 Jeelapaturu,z Naidupeta Pellakuru 9 Jeelapaturu,,sarpanch,Other than Woman,NONE,0,,0,UR,latin,data/ap/2020_res_gp/nlr_res_gp.pdf,45,nlr_res_gp.pdf
Andhra Pradesh,2020,Nellore,Naidupeta Pellakuru 1 Kalavakur,Naidupeta Pellakuru 1 Kalavakur,,sarpanch,Woman,NONE,1,0,0,UR(W),latin,data/ap/2020_res_gp/nlr_res_gp.pdf,45,nlr_res_gp.pdf
Andhra Pradesh,2020,Nellore,Naidupeta 11 Pellakuru 12 Kothuru,Naidupeta 11 Pellakuru 12 Kothuru,,sarpanch,Other than Woman,NONE,0,,0,UR,latin,data/ap/2020_res_gp/nlr_res_gp.pdf,45,nlr_res_gp.pdf
Andhra Pradesh,2020,Nellore,Naidupeta Naidupeta Pellakuru 't3 Mummareddigunta,Naidupeta Naidupeta Pellakuru 't3 Mummareddigunta,,sarpanch,SC Other than Woman,SC,0,,0,SC,latin,data/ap/2020_res_gp/nlr_res_gp.pdf,45,nlr_res_gp.pdf
Andhra Pradesh,2020,Nellore,Naidupeta Pellakuru 14 Nandimala,Naidupeta Pellakuru 14 Nandimala,,sarpanch,Other than Woman,NONE,0,,0,UR,latin,data/ap/2020_res_gp/nlr_res_gp.pdf,45,nlr_res_gp.pdf
Andhra Pradesh,2020,Nellore,Neluballi,Neluballi,,sarpanch,SC Woman,SC,1,10,0,SC(W),latin,data/ap/2020_res_gp/nlr_res_gp.pdf,45,nlr_res_gp.pdf
Andhra Pradesh,2020,Nellore,Naidupeta Pellakuru '16 Palachuru,Naidupeta Pellakuru '16 Palachuru,,sarpanch,Woman,NONE,1,10,0,UR(W),latin,data/ap/2020_res_gp/nlr_res_gp.pdf,45,nlr_res_gp.pdf
Andhra Pradesh,2020,Nellore,Naidupeta Pellakuru 17 Pellakuru,Naidupeta Pellakuru 17 Pellakuru,,sarpanch,SC Woman,SC,1,10,0,SC(W),latin,data/ap/2020_res_gp/nlr_res_gp.pdf,45,nlr_res_gp.pdf
Andhra Pradesh,2020,Nellore,Naidupeta Pellakuru 19 2u,Naidupeta Pellakuru 19 2u,,sarpanch,Other than Woman,NONE,0,,0,ur,latin,data/ap/2020_res_gp/nlr_res_gp.pdf,45,nlr_res_gp.pdf
Andhra Pradesh,2020,Nellore,Naidupeta Pellakuru Punabaka,Naidupeta Pellakuru Punabaka,,sarpanch,ST Woman,ST,1,10,0,ST(W),latin,data/ap/2020_res_gp/nlr_res_gp.pdf,46,nlr_res_gp.pdf
Andhra Pradesh,2020,Nellore,Naidupeta Pellakuru Ravulapadu,Naidupeta Pellakuru Ravulapadu,,sarpanch,Woman,NONE,1,0,0,UR(W),latin,data/ap/2020_res_gp/nlr_res_gp.pdf,46,nlr_res_gp.pdf
Andhra Pradesh,2020,Nellore,Pellakuru Rosanuru,Pellakuru Rosanuru,,sarpanch,ST Other than Woman,ST,0,,0,ST,latin,data/ap/2020_res_gp/nlr_res_gp.pdf,46,nlr_res_gp.pdf
Andhra Pradesh,2020,Nellore,Naidupeta Pellakuru,Naidupeta Pellakuru,,sarpanch,SC Other than Woman,SC,0,,0,sc,latin,data/ap/2020_res_gp/nlr_res_gp.pdf,46,nlr_res_gp.pdf
Andhra Pradesh,2020,Nellore,Naidupela Pellakuru Talvarpadu,Naidupela Pellakuru Talvarpadu,,sarpanch,Woman,NONE,1,10,0,UR(W),latin,data/ap/2020_res_gp/nlr_res_gp.pdf,46,nlr_res_gp.pdf
Andhra Pradesh,2020,Nellore,Naidupela Sullurpet 2 Damanellore,Naidupela Sullurpet 2 Damanellore,,sarpanch,Woman,NONE,1,10,0,UR(W),latin,data/ap/2020_res_gp/nlr_res_gp.pdf,46,nlr_res_gp.pdf
Andhra Pradesh,2020,Nellore,Naidopeta Sullurpet 3 Damaraya,Naidopeta Sullurpet 3 Damaraya,,sarpanch,Woman,NONE,1,0,0,UR(W),latin,data/ap/2020_res_gp/nlr_res_gp.pdf,46,nlr_res_gp.pdf
Andhra Pradesh,2020,Nellore,Nardupela Sullurpet,Nardupela Sullurpet,,sarpanch,SC Other than Woman,SC,0,,0,SC,latin,data/ap/2020_res_gp/nlr_res_gp.pdf,46,nlr_res_gp.pdf
Andhra Pradesh,2020,Nellore,Naidupeta Suilurpet lllupuru,Naidupeta Suilurpet lllupuru,,sarpanch,SC Other than Woman,SC,0,,0,sc,latin,data/ap/2020_res_gp/nlr_res_gp.pdf,46,nlr_res_gp.pdf
Andhra Pradesh,2020,Nellore,Nardupela Sullurpet 6 K C N Gunta,Nardupela Sullurpet 6 K C N Gunta,,sarpanch,Woman,NONE,1,0,0,uR(w),latin,data/ap/2020_res_gp/nlr_res_gp.pdf,46,nlr_res_gp.pdf
Andhra Pradesh,2020,Nellore,Naidupeta Sullurpel 1,Naidupeta Sullurpel 1,,sarpanch,SC Woman,SC,1,10,0,SC(W),latin,data/ap/2020_res_gp/nlr_res_gp.pdf,46,nlr_res_gp.pdf
Andhra Pradesh,2020,Nellore,Naidupeta SLrlurpel Kotapoluru,Naidupeta SLrlurpel Kotapoluru,,sarpanch,SC Woman,SC,1,12,0,SC(W),latin,data/ap/2020_res_gp/nlr_res_gp.pdf,46,nlr_res_gp.pdf
Andhra Pradesh,2020,Nellore,Nardupela Sullurpet Kudrr,Nardupela Sullurpet Kudrr,,sarpanch,Other than Woman,NONE,0,,0,UR,latin,data/ap/2020_res_gp/nlr_res_gp.pdf,46,nlr_res_gp.pdf
Andhra Pradesh,2020,Nellore,Naidupeta Sullurpet Mangalampadu,Naidupeta Sullurpet Mangalampadu,,sarpanch,ST Woman,ST,1,10,0,ST(W),latin,data/ap/2020_res_gp/nlr_res_gp.pdf,46,nlr_res_gp.pdf
Andhra Pradesh,2020,Nellore,Naidupela Sullurpet Manqanellore sr(G) 10,Naidupela Sullurpet Manqanellore sr(G) 10,,sarpanch,Other than Woman,NONE,0,,0,UR,latin,data/ap/2020_res_gp/nlr_res_gp.pdf,46,nlr_res_gp.pdf
Andhra Pradesh,2020,Nellore,Naidupeta Sulurpet Mannemulhen,Naidupeta Sulurpet Mannemulhen,,sarpanch,SC Other than Woman,SC,0,,0,SC,latin,data/ap/2020_res_gp/nlr_res_gp.pdf,46,nlr_res_gp.pdf
Andhra Pradesh,2020,Nellore,Naidupeia Sullurpet Malhakamudi,Naidupeia Sullurpet Malhakamudi,,sarpanch,Woman,NONE,1,,0,UR(W),latin,data/ap/2020_res_gp/nlr_res_gp.pdf,46,nlr_res_gp.pdf
Andhra Pradesh,2020,Nellore,Naidupela Sullurpel,Naidupela Sullurpel,,sarpanch,Other than Woman,NONE,0,,0,UR,latin,data/ap/2020_res_gp/nlr_res_gp.pdf,46,nlr_res_gp.pdf
Andhra Pradesh,2020,Nellore,Naidupeta Sullurpet 17 Suggupalli,Naidupeta Sullurpet 17 Suggupalli,,sarpanch,Woman,NONE,1,8,0,uR(w),latin,data/ap/2020_res_gp/nlr_res_gp.pdf,47,nlr_res_gp.pdf
Andhra Pradesh,2020,Nellore,Naidupeta Sullurpet '18 Uggumudi,Naidupeta Sullurpet '18 Uggumudi,,sarpanch,Other than Woman,NONE,0,,0,UR,latin,data/ap/2020_res_gp/nlr_res_gp.pdf,47,nlr_res_gp.pdf
Andhra Pradesh,2020,Nellore,Naidupeta Sullurpet 19 Velagalaponnuru,Naidupeta Sullurpet 19 Velagalaponnuru,,sarpanch,Other than Woman,NONE,0,,0,UR,latin,data/ap/2020_res_gp/nlr_res_gp.pdf,47,nlr_res_gp.pdf
Andhra Pradesh,2020,Nellore,Naidupeta Tada Andagundala 1,Naidupeta Tada Andagundala 1,,sarpanch,Woman,NONE,1,8,0,UR(W),latin,data/ap/2020_res_gp/nlr_res_gp.pdf,47,nlr_res_gp.pdf
Andhra Pradesh,2020,Nellore,Naidupeta fada 2 Bheemulavaripalem,Naidupeta fada 2 Bheemulavaripalem,,sarpanch,Woman,NONE,1,10,0,uR(w),latin,data/ap/2020_res_gp/nlr_res_gp.pdf,47,nlr_res_gp.pdf
Andhra Pradesh,2020,Nellore,Naidupeta Tada 3 Chenigunta,Naidupeta Tada 3 Chenigunta,,sarpanch,Woman,NONE,1,10,0,uR(w),latin,data/ap/2020_res_gp/nlr_res_gp.pdf,47,nlr_res_gp.pdf
Andhra Pradesh,2020,Nellore,Naidupeta Tada 4 Graddagunta,Naidupeta Tada 4 Graddagunta,,sarpanch,SC Other than Woman,SC,0,,0,sc,latin,data/ap/2020_res_gp/nlr_res_gp.pdf,47,nlr_res_gp.pdf
Andhra Pradesh,2020,Nellore,Naidupeta Tada Konduru Y,Naidupeta Tada Konduru Y,,sarpanch,SC Woman,SC,1,,0,sc(w),latin,data/ap/2020_res_gp/nlr_res_gp.pdf,47,nlr_res_gp.pdf
Andhra Pradesh,2020,Nellore,Naidupeta Tada 10 Mambattu,Naidupeta Tada 10 Mambattu,,sarpanch,SC Other than Woman,SC,0,,0,SC,latin,data/ap/2020_res_gp/nlr_res_gp.pdf,47,nlr_res_gp.pdf
Andhra Pradesh,2020,Nellore,Naidupeta Tada 11 Periyavattu,Naidupeta Tada 11 Periyavattu,,sarpanch,Other than Woman,NONE,0,,0,uR,latin,data/ap/2020_res_gp/nlr_res_gp.pdf,47,nlr_res_gp.pdf
Andhra Pradesh,2020,Nellore,Naidupeta Tada 12 Pudi,Naidupeta Tada 12 Pudi,,sarpanch,Other than Woman,NONE,0,,0,UR,latin,data/ap/2020_res_gp/nlr_res_gp.pdf,47,nlr_res_gp.pdf
Andhra Pradesh,2020,Nellore,Naidupeta Tada 13 Ramapuram,Naidupeta Tada 13 Ramapuram,,sarpanch,BC Other than Woman,BC,0,,0,BC,latin,data/ap/2020_res_gp/nlr_res_gp.pdf,47,nlr_res_gp.pdf
Andhra Pradesh,2020,Nellore,Naidupeta Tada 14 fada,Naidupeta Tada 14 fada,,sarpanch,Other than Woman,NONE,0,,0,UR,latin,data/ap/2020_res_gp/nlr_res_gp.pdf,47,nlr_res_gp.pdf
Andhra Pradesh,2020,Nellore,Naidupeta Tada 15 Tada Khandrika (Ct),Naidupeta Tada 15 Tada Khandrika (Ct),,sarpanch,SC Other than Woman,SC,0,,0,sc,latin,data/ap/2020_res_gp/nlr_res_gp.pdf,47,nlr_res_gp.pdf
Andhra Pradesh,2020,Nellore,Naidupeta Tada 16 Vatambedu,Naidupeta Tada 16 Vatambedu,,sarpanch,SC Woman,SC,1,10,0,sc(w),latin,data/ap/2020_res_gp/nlr_res_gp.pdf,47,nlr_res_gp.pdf
Andhra Pradesh,2020,Nellore,Naidupeta Tada Venadu 1,Naidupeta Tada Venadu 1,,sarpanch,ST Other than Woman,ST,0,,0,sT,latin,data/ap/2020_res_gp/nlr_res_gp.pdf,47,nlr_res_gp.pdf
Andhra Pradesh,2020,Nellore,Naidupeta Tada '18 Vendlurupadu,Naidupeta Tada '18 Vendlurupadu,,sarpanch,Other than Woman,NONE,0,,0,uR,latin,data/ap/2020_res_gp/nlr_res_gp.pdf,47,nlr_res_gp.pdf
Andhra Pradesh,2020,Nellore,Naidupela D V Salram 1 Akkarapaka,Naidupela D V Salram 1 Akkarapaka,,sarpanch,Other than Woman,NONE,0,,0,UR,latin,data/ap/2020_res_gp/nlr_res_gp.pdf,48,nlr_res_gp.pdf
Andhra Pradesh,2020,Nellore,Naidupeta D V Satram 2 Anepudi,Naidupeta D V Satram 2 Anepudi,,sarpanch,Other than Woman,NONE,0,,0,UR,latin,data/ap/2020_res_gp/nlr_res_gp.pdf,48,nlr_res_gp.pdf
Andhra Pradesh,2020,Nellore,Naidupeta D V Satram 3 Buduru,Naidupeta D V Satram 3 Buduru,,sarpanch,Other than Woman,NONE,0,,0,UR,latin,data/ap/2020_res_gp/nlr_res_gp.pdf,48,nlr_res_gp.pdf
Andhra Pradesh,2020,Nellore,Naidupela D V Satram 5 Kotha Pall,Naidupela D V Satram 5 Kotha Pall,,sarpanch,SC Other than Woman,SC,0,,0,sc,latin,data/ap/2020_res_gp/nlr_res_gp.pdf,48,nlr_res_gp.pdf
Andhra Pradesh,2020,Nellore,Naidupela D V Satram 6 Meezuru,Naidupela D V Satram 6 Meezuru,,sarpanch,SC Woman,SC,1,10,0,sc(w),latin,data/ap/2020_res_gp/nlr_res_gp.pdf,48,nlr_res_gp.pdf
Andhra Pradesh,2020,Nellore,Naidupeta D V Satram 7 Minamana Mudr,Naidupeta D V Satram 7 Minamana Mudr,,sarpanch,Woman,NONE,1,8,0,uR(w),latin,data/ap/2020_res_gp/nlr_res_gp.pdf,48,nlr_res_gp.pdf
Andhra Pradesh,2020,Nellore,Naidupeta D V-Satram 8 IVodugulapalem,Naidupeta D V-Satram 8 IVodugulapalem,,sarpanch,SC Other than Woman,SC,0,,0,sc,latin,data/ap/2020_res_gp/nlr_res_gp.pdf,48,nlr_res_gp.pdf
Andhra Pradesh,2020,Nellore,Naidupeta D V Satram I Nela Ballr,Naidupeta D V Satram I Nela Ballr,,sarpanch,Woman,NONE,1,10,0,UR(W),latin,data/ap/2020_res_gp/nlr_res_gp.pdf,48,nlr_res_gp.pdf
Andhra Pradesh,2020,Nellore,Naidupela D V Salram '11 Nellore Pallr,Naidupela D V Salram '11 Nellore Pallr,,sarpanch,Other than Woman,NONE,0,,0,UR,latin,data/ap/2020_res_gp/nlr_res_gp.pdf,48,nlr_res_gp.pdf
Andhra Pradesh,2020,Nellore,Naidupela D V Satram 12 Polrreddy Palem,Naidupela D V Satram 12 Polrreddy Palem,,sarpanch,ST Woman,ST,1,10,0,ST(W),latin,data/ap/2020_res_gp/nlr_res_gp.pdf,48,nlr_res_gp.pdf
Andhra Pradesh,2020,Nellore,Naidupeta D V Satram 13 Poolalhola,Naidupeta D V Satram 13 Poolalhola,,sarpanch,SC Woman,SC,1,10,0,sc(w),latin,data/ap/2020_res_gp/nlr_res_gp.pdf,48,nlr_res_gp.pdf
Andhra Pradesh,2020,Nellore,Naidupeta D V Satram 15 Sfldhanamalli,Naidupeta D V Satram 15 Sfldhanamalli,,sarpanch,Woman,NONE,1,10,0,UR(W),latin,data/ap/2020_res_gp/nlr_res_gp.pdf,48,nlr_res_gp.pdf
Andhra Pradesh,2020,Nellore,Naidupela,D-V Satram t6 Thallam Padii,,sarpanch,SC Woman,SC,1,10,0,SC(W),latin,data/ap/2020_res_gp/nlr_res_gp.pdf,48,nlr_res_gp.pdf
Andhra Pradesh,2020,Nellore,Naidupela D V Satram 17 Thanayalr sr(w) 10,Naidupela D V Satram 17 Thanayalr sr(w) 10,,sarpanch,Other than Woman,NONE,0,,0,UR,latin,data/ap/2020_res_gp/nlr_res_gp.pdf,48,nlr_res_gp.pdf
Andhra Pradesh,2020,Nellore,"Naidupeta D V Satram 18 Thogaramuc,i","Naidupeta D V Satram 18 Thogaramuc,i",,sarpanch,Other than Woman,NONE,0,,0,UR,latin,data/ap/2020_res_gp/nlr_res_gp.pdf,48,nlr_res_gp.pdf
Andhra Pradesh,2020,Nellore,Naidupeta D V Satram 19 Ulchuru,Naidupeta D V Satram 19 Ulchuru,,sarpanch,Woman,NONE,1,10,0,UR(W),latin,data/ap/2020_res_gp/nlr_res_gp.pdf,48,nlr_res_gp.pdf
Andhra Pradesh,2020,Nellore,Nardupeta D V Satram 20 Vedurupallu,Nardupeta D V Satram 20 Vedurupallu,,sarpanch,Other than Woman,NONE,0,,0,UR,latin,data/ap/2020_res_gp/nlr_res_gp.pdf,48,nlr_res_gp.pdf
Andhra Pradesh,2020,Nellore,Naidupela D V Salram 21,Naidupela D V Salram 21,,sarpanch,ST Other than Woman,ST,0,,0,ST,latin,data/ap/2020_res_gp/nlr_res_gp.pdf,48,nlr_res_gp.pdf
Andhra Pradesh,2020,Nellore,Naidupela D V Salram 22 Yekollu,Naidupela D V Salram 22 Yekollu,,sarpanch,SC Woman,SC,1,12,0,sc(w),latin,data/ap/2020_res_gp/nlr_res_gp.pdf,48,nlr_res_gp.pdf
Andhra Pradesh,2020,Prakasam,,ADDANKI AOMMANAIYPADU,,sarpanch,Woman,NONE,1,10,0,UR (W),latin,data/ap/2020_res_gp/pkm_res_gp.pdf,5,pkm_res_gp.pdf
Andhra Pradesh,2020,Prakasam,,ADDANKI CHAKRAYAPALEI!],,sarpanch,Other than Woman,NONE,0,8,0,UR ,latin,data/ap/2020_res_gp/pkm_res_gp.pdf,5,pkm_res_gp.pdf
Andhra Pradesh,2020,Prakasam,,ADOANKI CHINAKOTHAPALU 10,,sarpanch,Woman,NONE,1,,0,uR(w),latin,data/ap/2020_res_gp/pkm_res_gp.pdf,5,pkm_res_gp.pdf
Andhra Pradesh,2020,Prakasam,,ADDANKI DHENUVAKONDA,,sarpanch,ST Woman,ST,1,72,0,ST (W),latin,data/ap/2020_res_gp/pkm_res_gp.pdf,5,pkm_res_gp.pdf
Andhra Pradesh,2020,Prakasam,,ADDANKI 8,,sarpanch,Woman,NONE,1,,0,UR(W),latin,data/ap/2020_res_gp/pkm_res_gp.pdf,5,pkm_res_gp.pdf
Andhra Pradesh,2020,Prakasam,,ADDANKI,,sarpanch,SC Woman,SC,1,10,0,sc (w),latin,data/ap/2020_res_gp/pkm_res_gp.pdf,5,pkm_res_gp.pdf
Andhra Pradesh,2020,Prakasam,,ADDANKI IARLAPALEI'4,,sarpanch,SC Woman,SC,1,10,0,sc (w),latin,data/ap/2020_res_gp/pkm_res_gp.pdf,5,pkm_res_gp.pdf
Andhra Pradesh,2020,Prakasam,,ADDANKI,,sarpanch,BC Woman,BC,1,12,0,BC (w),latin,data/ap/2020_res_gp/pkm_res_gp.pdf,5,pkm_res_gp.pdf
Andhra Pradesh,2020,Prakasam,,ADDANKI KONGAPADU,,sarpanch,Woman,NONE,1,8,0,uR (w),latin,data/ap/2020_res_gp/pkm_res_gp.pdf,5,pkm_res_gp.pdf
Andhra Pradesh,2020,Prakasam,,AOOANKI KOTIKALAPUDI 10,,sarpanch,SC Woman,SC,1,,0,sc(w),latin,data/ap/2020_res_gp/pkm_res_gp.pdf,5,pkm_res_gp.pdf
Andhra Pradesh,2020,Prakasam,,ADDAI\KI KUNKUPAOU,,sarpanch,Other than Woman,NONE,0,8,0,UR ,latin,data/ap/2020_res_gp/pkm_res_gp.pdf,5,pkm_res_gp.pdf
Andhra Pradesh,2020,Prakasam,,AODANKI,,sarpanch,SC Woman,SC,1,10,0,sc (w),latin,data/ap/2020_res_gp/pkm_res_gp.pdf,5,pkm_res_gp.pdf
Andhra Pradesh,2020,Prakasam,,ADDANKI,,sarpanch,Other than Woman,NONE,0,8,0,UR ,latin,data/ap/2020_res_gp/pkm_res_gp.pdf,5,pkm_res_gp.pdf
Andhra Pradesh,2020,Prakasam,,ADDANKI NAGULAPADU,,sarpanch,Woman,NONE,1,10,0,UR (W),latin,data/ap/2020_res_gp/pkm_res_gp.pdf,5,pkm_res_gp.pdf
Andhra Pradesh,2020,Prakasam,,ADDANKI,,sarpanch,Other than Woman,NONE,0,8,0,UR ,latin,data/ap/2020_res_gp/pkm_res_gp.pdf,5,pkm_res_gp.pdf
Andhra Pradesh,2020,Prakasam,,ADOANKI,,sarpanch,SC Other than Woman,SC,0,12,0,SC ,latin,data/ap/2020_res_gp/pkm_res_gp.pdf,5,pkm_res_gp.pdf
Andhra Pradesh,2020,Prakasam,,ADDANKI SINGARAKONDAPALEM,,sarpanch,BC Other than Woman,BC,0,10,0,BC ,latin,data/ap/2020_res_gp/pkm_res_gp.pdf,5,pkm_res_gp.pdf
Andhra Pradesh,2020,Prakasam,,ADDANKI TII\4f4AYAPALEl4,,sarpanch,SC Other than Woman,SC,0,10,0,SC ,latin,data/ap/2020_res_gp/pkm_res_gp.pdf,5,pkm_res_gp.pdf
Andhra Pradesh,2020,Prakasam,,ADOANKI ac 8,,sarpanch,Woman,NONE,1,,0,UR(W),latin,data/ap/2020_res_gp/pkm_res_gp.pdf,5,pkm_res_gp.pdf
Andhra Pradesh,2020,Prakasam,,ADDANKI VELAI{,,sarpanch,Other than Woman,NONE,0,,0,UR,latin,data/ap/2020_res_gp/pkm_res_gp.pdf,5,pkm_res_gp.pdf
Andhra Pradesh,2020,Prakasam,,ADDANKI,,sarpanch,SC Woman,SC,1,10,0,sc (w),latin,data/ap/2020_res_gp/pkm_res_gp.pdf,5,pkm_res_gp.pdf
Andhra Pradesh,2020,Prakasam,,ADOANKI,,sarpanch,Other than Woman,NONE,0,,0,UR ,latin,data/ap/2020_res_gp/pkm_res_gp.pdf,5,pkm_res_gp.pdf
Andhra Pradesh,2020,Prakasam,,ADDANKI VIPPALAVARIPALEM,,sarpanch,Woman,NONE,1,8,0,uR (w),latin,data/ap/2020_res_gp/pkm_res_gp.pdf,5,pkm_res_gp.pdf
Andhra Pradesh,2020,Prakasam,Bal li kurava Bal likurava,Bal li kurava Bal likurava,,sarpanch,SC Other than Woman,SC,0,10,0,SC ,latin,data/ap/2020_res_gp/pkm_res_gp.pdf,6,pkm_res_gp.pdf
Andhra Pradesh,2020,Prakasam,Ballikurava Vaidana,Ballikurava Vaidana,,sarpanch,Woman,NONE,1,,0,UR (W),latin,data/ap/2020_res_gp/pkm_res_gp.pdf,6,pkm_res_gp.pdf
Andhra Pradesh,2020,Prakasam,Bal li kurava Uppumaguluru 7Z,Bal li kurava Uppumaguluru 7Z,,sarpanch,SC Other than Woman,SC,0,,0,SC ,latin,data/ap/2020_res_gp/pkm_res_gp.pdf,6,pkm_res_gp.pdf
Andhra Pradesh,2020,Prakasam,Ballikurava Mallayapalem,Ballikurava Mallayapalem,,sarpanch,Other than Woman,NONE,0,10,0,UR ,latin,data/ap/2020_res_gp/pkm_res_gp.pdf,6,pkm_res_gp.pdf
Andhra Pradesh,2020,Prakasam,Bal li kurava Vemavaram 10,Bal li kurava Vemavaram 10,,sarpanch,Other than Woman,NONE,0,,0,UR ,latin,data/ap/2020_res_gp/pkm_res_gp.pdf,6,pkm_res_gp.pdf
Andhra Pradesh,2020,Prakasam,Bal likurava Velamavaripalem,Bal likurava Velamavaripalem,,sarpanch,SC Other than Woman,SC,0,10,0,SC ,latin,data/ap/2020_res_gp/pkm_res_gp.pdf,6,pkm_res_gp.pdf
Andhra Pradesh,2020,Prakasam,Ballikurava Kopperapadu,Ballikurava Kopperapadu,,sarpanch,BC Woman,BC,1,,0,BC (w),latin,data/ap/2020_res_gp/pkm_res_gp.pdf,6,pkm_res_gp.pdf
Andhra Pradesh,2020,Prakasam,Bal likurava Kom mineniva ripa lem t2,Bal likurava Kom mineniva ripa lem t2,,sarpanch,BC Other than Woman,BC,0,,0,BC ,latin,data/ap/2020_res_gp/pkm_res_gp.pdf,6,pkm_res_gp.pdf
Andhra Pradesh,2020,Prakasam,Ba I li kurava Ku katlapa lli,Ba I li kurava Ku katlapa lli,,sarpanch,Other than Woman,NONE,0,12,0,UR ,latin,data/ap/2020_res_gp/pkm_res_gp.pdf,6,pkm_res_gp.pdf
Andhra Pradesh,2020,Prakasam,Bal likurava S.L.Gudipadu,Bal likurava S.L.Gudipadu,,sarpanch,BC Woman,BC,1,,0,BC (W),latin,data/ap/2020_res_gp/pkm_res_gp.pdf,6,pkm_res_gp.pdf
Andhra Pradesh,2020,Prakasam,Bal li kurava Guntupalli,Bal li kurava Guntupalli,,sarpanch,Woman,NONE,1,10,0,UR (W),latin,data/ap/2020_res_gp/pkm_res_gp.pdf,6,pkm_res_gp.pdf
Andhra Pradesh,2020,Prakasam,Ballikurava Mukteswaram,Ballikurava Mukteswaram,,sarpanch,BC Other than Woman,BC,0,72,0,BC ,latin,data/ap/2020_res_gp/pkm_res_gp.pdf,6,pkm_res_gp.pdf
Andhra Pradesh,2020,Prakasam,Ballikurava Konidena,Ballikurava Konidena,,sarpanch,SC Woman,SC,1,72,0,sc (w),latin,data/ap/2020_res_gp/pkm_res_gp.pdf,6,pkm_res_gp.pdf
Andhra Pradesh,2020,Prakasam,Bal likurava Gorrepadu,Bal likurava Gorrepadu,,sarpanch,Other than Woman,NONE,0,8,0,UR ,latin,data/ap/2020_res_gp/pkm_res_gp.pdf,6,pkm_res_gp.pdf
Andhra Pradesh,2020,Prakasam,Bal likurava Chennupalli,Bal likurava Chennupalli,,sarpanch,Woman,NONE,1,10,0,UR (W),latin,data/ap/2020_res_gp/pkm_res_gp.pdf,6,pkm_res_gp.pdf
Andhra Pradesh,2020,Prakasam,Bal likurava Kothuru sr (w) 8 sr (w) sr (w),Bal likurava Kothuru sr (w) 8 sr (w) sr (w),,sarpanch,ST Other than Woman,ST,0,,0,ST ,latin,data/ap/2020_res_gp/pkm_res_gp.pdf,6,pkm_res_gp.pdf
Andhra Pradesh,2020,Prakasam,Ba I likurava Na kkabokkalapad u,Ba I likurava Na kkabokkalapad u,,sarpanch,Other than Woman,NONE,0,10,0,UR ,latin,data/ap/2020_res_gp/pkm_res_gp.pdf,6,pkm_res_gp.pdf
Andhra Pradesh,2020,Prakasam,Ba lliku rava Ambadipudi,Ba lliku rava Ambadipudi,,sarpanch,SC Woman,SC,1,10,0,sc (w),latin,data/ap/2020_res_gp/pkm_res_gp.pdf,6,pkm_res_gp.pdf
Andhra Pradesh,2020,Prakasam,Ba ll iku rava K.Rajupalem,Ba ll iku rava K.Rajupalem,,sarpanch,Woman,NONE,1,0,0,uR (w),latin,data/ap/2020_res_gp/pkm_res_gp.pdf,6,pkm_res_gp.pdf
Andhra Pradesh,2020,Prakasam,J,PANGULUR BHAGAVANRA]UPALEM,,sarpanch,SC Other than Woman,SC,0,8,0,SC ,latin,data/ap/2020_res_gp/pkm_res_gp.pdf,11,pkm_res_gp.pdf
Andhra Pradesh,2020,Prakasam,J,PANGULUR oc 8,,sarpanch,Woman,NONE,1,,0,UR(W),latin,data/ap/2020_res_gp/pkm_res_gp.pdf,11,pkm_res_gp.pdf
Andhra Pradesh,2020,Prakasam,J,PANGULUR KONDAIYURU oc(w) 10,,sarpanch,SC Other than Woman,SC,0,,0,SC ,latin,data/ap/2020_res_gp/pkm_res_gp.pdf,11,pkm_res_gp.pdf
Andhra Pradesh,2020,Prakasam,J,PANGULUR NUZELLAPALLl oc(w) 8,,sarpanch,Woman,NONE,1,,0,uR(w),latin,data/ap/2020_res_gp/pkm_res_gp.pdf,11,pkm_res_gp.pdf
Andhra Pradesh,2020,Prakasam,J,PANGULUR RAIYKURU,,sarpanch,ST Woman,ST,1,,0,ST(W),latin,data/ap/2020_res_gp/pkm_res_gp.pdf,11,pkm_res_gp.pdf
Andhra Pradesh,2020,Prakasam,J,PANGULUR,,sarpanch,SC Other than Woman,SC,0,10,0,SC ,latin,data/ap/2020_res_gp/pkm_res_gp.pdf,11,pkm_res_gp.pdf
Andhra Pradesh,2020,Prakasam,,KORISAPADU,,sarpanch,BC Other than Woman,BC,0,8,0,BC ,latin,data/ap/2020_res_gp/pkm_res_gp.pdf,13,pkm_res_gp.pdf
Andhra Pradesh,2020,Prakasam,,KORISAPADU BODDUVANIPALEI.4 10,,sarpanch,SC Woman,SC,1,,0,sc(w),latin,data/ap/2020_res_gp/pkm_res_gp.pdf,13,pkm_res_gp.pdf
Andhra Pradesh,2020,Prakasam,,KORISAPAOU 8,,sarpanch,SC Other than Woman,SC,0,,0,SC ,latin,data/ap/2020_res_gp/pkm_res_gp.pdf,13,pkm_res_gp.pdf
Andhra Pradesh,2020,Prakasam,,KORISAPAOU KORISAPADU,,sarpanch,SC Other than Woman,SC,0,,0,sc ,latin,data/ap/2020_res_gp/pkm_res_gp.pdf,13,pkm_res_gp.pdf
Andhra Pradesh,2020,Prakasam,,KORISAPADU KURRAVANIPALEM,,sarpanch,Other than Woman,NONE,0,10,0,UR ,latin,data/ap/2020_res_gp/pkm_res_gp.pdf,13,pkm_res_gp.pdf
Andhra Pradesh,2020,Prakasam,,KORISAPAOU 14 EDARA 14 ETLA,,sarpanch,SC Woman,SC,1,16,0,sc(w),latin,data/ap/2020_res_gp/pkm_res_gp.pdf,13,pkm_res_gp.pdf
Andhra Pradesh,2020,Prakasam,,"KORISAPADU P,GUDIPADU",,sarpanch,Woman,NONE,1,10,0,uR(w),latin,data/ap/2020_res_gp/pkm_res_gp.pdf,13,pkm_res_gp.pdf
Andhra Pradesh,2020,Prakasam,KORlSAPADU,PAIVIIDIPADU,,sarpanch,SC Woman,SC,1,14,0,sc(w),latin,data/ap/2020_res_gp/pkm_res_gp.pdf,13,pkm_res_gp.pdf
Andhra Pradesh,2020,Prakasam,,KORISAPADU PRASANGULAPADU,,sarpanch,Woman,NONE,1,8,0,UR(W),latin,data/ap/2020_res_gp/pkm_res_gp.pdf,13,pkm_res_gp.pdf
Andhra Pradesh,2020,Prakasam,,KORISAPADU RACHAPUDI,,sarpanch,SC Other than Woman,SC,0,10,0,sc ,latin,data/ap/2020_res_gp/pkm_res_gp.pdf,13,pkm_res_gp.pdf
Andhra Pradesh,2020,Prakasam,,KORISAPADU,,sarpanch,BC Woman,BC,1,10,0,Bc(w),latin,data/ap/2020_res_gp/pkm_res_gp.pdf,13,pkm_res_gp.pdf
Andhra Pradesh,2020,Prakasam,,KORISAPADU TlIVlMANAPALEI\4,,sarpanch,Woman,NONE,1,10,0,uR(w),latin,data/ap/2020_res_gp/pkm_res_gp.pdf,13,pkm_res_gp.pdf
Andhra Pradesh,2020,Prakasam,,KORISAPADII YERRABALE14 I,,sarpanch,BC Other than Woman,BC,0,,0,BC ,latin,data/ap/2020_res_gp/pkm_res_gp.pdf,13,pkm_res_gp.pdf
Andhra Pradesh,2020,Prakasam,,SANTHANUTHALAPADU CHANDRAPALE14 8,,sarpanch,Other than Woman,NONE,0,,0,UR ,latin,data/ap/2020_res_gp/pkm_res_gp.pdf,21,pkm_res_gp.pdf
Andhra Pradesh,2020,Prakasam,,SANTHANUTHALAPADU CHITAKAPADU,,sarpanch,Woman,NONE,1,10,0,UR(W),latin,data/ap/2020_res_gp/pkm_res_gp.pdf,21,pkm_res_gp.pdf
Andhra Pradesh,2020,Prakasam,,SANTI]ANUTHALAPAOU GU14MALAIVIPADU,,sarpanch,BC Other than Woman,BC,0,10,0,BC ,latin,data/ap/2020_res_gp/pkm_res_gp.pdf,21,pkm_res_gp.pdf
Andhra Pradesh,2020,Prakasam,,SANTHANUTI]ALAPAOU KONAGANIvARIPALEI4 8,,sarpanch,Woman,NONE,1,,0,uR(w),latin,data/ap/2020_res_gp/pkm_res_gp.pdf,21,pkm_res_gp.pdf
Andhra Pradesh,2020,Prakasam,,SANTHANUTHALAPAOU 14.V EIV] U LAPAO U,,sarpanch,BC Woman,BC,1,10,0,BC(w),latin,data/ap/2020_res_gp/pkm_res_gp.pdf,21,pkm_res_gp.pdf
Andhra Pradesh,2020,Prakasam,,SANTHANUTHALAPADU I4AODULURU,,sarpanch,SC Woman,SC,1,12,0,sc(w),latin,data/ap/2020_res_gp/pkm_res_gp.pdf,21,pkm_res_gp.pdf
Andhra Pradesh,2020,Prakasam,,SANTHANUTHALAPADU MYNAMPADU,,sarpanch,SC Woman,SC,1,14,0,SC(W),latin,data/ap/2020_res_gp/pkm_res_gp.pdf,21,pkm_res_gp.pdf
Andhra Pradesh,2020,Prakasam,,"SANTHANUTHALAPADU P,THAKKELAPADU",,sarpanch,Woman,NONE,1,8,0,UR(W),latin,data/ap/2020_res_gp/pkm_res_gp.pdf,21,pkm_res_gp.pdf
Andhra Pradesh,2020,Prakasam,,KAN KUR -D KONDAMUDUSUPALEM,,sarpanch,SC Woman,SC,1,10,0,sc(w),latin,data/ap/2020_res_gp/pkm_res_gp.pdf,33,pkm_res_gp.pdf
Andhra Pradesh,2020,Prakasam,,KANDUKUR U R(W) 8,,sarpanch,BC Other than Woman,BC,0,,0,BC,latin,data/ap/2020_res_gp/pkm_res_gp.pdf,33,pkm_res_gp.pdf
Andhra Pradesh,2020,Prakasam,,KANDUKUR IILLELLAMUD,,sarpanch,Other than Woman,NONE,0,,0,UR,latin,data/ap/2020_res_gp/pkm_res_gp.pdf,33,pkm_res_gp.pdf
Andhra Pradesh,2020,Prakasam,KANDI]KtIR sr(w) 74,KANDI]KtIR sr(w) 74,,sarpanch,Other than Woman,NONE,0,,0,UR,latin,data/ap/2020_res_gp/pkm_res_gp.pdf,33,pkm_res_gp.pdf
Andhra Pradesh,2020,Prakasam,,KANDUKUR,,sarpanch,BC Woman,BC,1,10,0,Bc(w),latin,data/ap/2020_res_gp/pkm_res_gp.pdf,33,pkm_res_gp.pdf
Andhra Pradesh,2020,Prakasam,,KANDUKUR KOND KANDU(U8,,sarpanch,Other than Woman,NONE,0,,0,UR,latin,data/ap/2020_res_gp/pkm_res_gp.pdf,33,pkm_res_gp.pdf
Andhra Pradesh,2020,Prakasam,,KANDUKUR NARISETTWARIPALEM,,sarpanch,Other than Woman,NONE,0,,0,UR,latin,data/ap/2020_res_gp/pkm_res_gp.pdf,33,pkm_res_gp.pdf
Andhra Pradesh,2020,Prakasam,,KANDUKUR,,sarpanch,Woman,NONE,1,8,0,uR(w),latin,data/ap/2020_res_gp/pkm_res_gp.pdf,33,pkm_res_gp.pdf
Andhra Pradesh,2020,Prakasam,,KANDUKUR MOPADU,,sarpanch,SC Woman,SC,1,72,0,sc(w),latin,data/ap/2020_res_gp/pkm_res_gp.pdf,33,pkm_res_gp.pdf
Andhra Pradesh,2020,Prakasam,,KANDUKUR,,sarpanch,SC Other than Woman,SC,0,,0,sc,latin,data/ap/2020_res_gp/pkm_res_gp.pdf,33,pkm_res_gp.pdf
Andhra Pradesh,2020,Prakasam,,KANDUKUR,,sarpanch,Other than Woman,NONE,0,,0,UR,latin,data/ap/2020_res_gp/pkm_res_gp.pdf,33,pkm_res_gp.pdf
Andhra Pradesh,2020,Prakasam,,KANDUKUR,,sarpanch,Woman,NONE,1,8,0,UR(W),latin,data/ap/2020_res_gp/pkm_res_gp.pdf,33,pkm_res_gp.pdf
Andhra Pradesh,2020,Prakasam,,"KAN DUKU R 6,NIE(APADU",,sarpanch,SC Other than Woman,SC,0,,0,SC,latin,data/ap/2020_res_gp/pkm_res_gp.pdf,33,pkm_res_gp.pdf
Andhra Pradesh,2020,Prakasam,,KANDUKUR,,sarpanch,Woman,NONE,1,8,0,UR(W),latin,data/ap/2020_res_gp/pkm_res_gp.pdf,33,pkm_res_gp.pdf
Andhra Pradesh,2020,Prakasam,,KANDUKUR,,sarpanch,Other than Woman,NONE,0,,0,UR,latin,data/ap/2020_res_gp/pkm_res_gp.pdf,33,pkm_res_gp.pdf
Andhra Pradesh,2020,Prakasam,KAhIIGIRI,KAhIIGIRI,,sarpanch,Other than Woman,NONE,0,,0,UR,latin,data/ap/2020_res_gp/pkm_res_gp.pdf,34,pkm_res_gp.pdf
Andhra Pradesh,2020,Prakasam,,"KANIGIRI N,GOLLAPALLI",,sarpanch,Woman,NONE,1,10,0,UR(W),latin,data/ap/2020_res_gp/pkm_res_gp.pdf,34,pkm_res_gp.pdf
Andhra Pradesh,2020,Prakasam,,KANIGIRI IAKKELLAPADU,,sarpanch,Other than Woman,NONE,0,,0,UR,latin,data/ap/2020_res_gp/pkm_res_gp.pdf,34,pkm_res_gp.pdf
Andhra Pradesh,2020,Prakasam,,KANIGIRI,,sarpanch,BC Woman,BC,1,,0,BC(W),latin,data/ap/2020_res_gp/pkm_res_gp.pdf,34,pkm_res_gp.pdf
Andhra Pradesh,2020,Prakasam,,KANIGIRI,,sarpanch,Woman,NONE,1,,0,UR(W),latin,data/ap/2020_res_gp/pkm_res_gp.pdf,34,pkm_res_gp.pdf
Andhra Pradesh,2020,Prakasam,,YADAVALU 10,,sarpanch,BC Other than Woman,BC,0,,0,BC,latin,data/ap/2020_res_gp/pkm_res_gp.pdf,34,pkm_res_gp.pdf
Andhra Pradesh,2020,Prakasam,,KANIGIRI,,sarpanch,SC Other than Woman,SC,0,,0,sc,latin,data/ap/2020_res_gp/pkm_res_gp.pdf,34,pkm_res_gp.pdf
Andhra Pradesh,2020,Prakasam,,MARRIPUDI ANKEPALLI,,sarpanch,SC Woman,SC,1,10,0,sc(w),latin,data/ap/2020_res_gp/pkm_res_gp.pdf,39,pkm_res_gp.pdf
Andhra Pradesh,2020,Prakasam,,MARRIPUDI AYYAPURAJUPALEM,,sarpanch,Woman,NONE,1,,0,uR(w),latin,data/ap/2020_res_gp/pkm_res_gp.pdf,39,pkm_res_gp.pdf
Andhra Pradesh,2020,Prakasam,,MARRIPUDI CHILAMKURU,,sarpanch,SC Other than Woman,SC,0,,0,sc,latin,data/ap/2020_res_gp/pkm_res_gp.pdf,39,pkm_res_gp.pdf
Andhra Pradesh,2020,Prakasam,,MARRIPUDI CHIMATA,,sarpanch,Woman,NONE,1,10,0,UR(W),latin,data/ap/2020_res_gp/pkm_res_gp.pdf,39,pkm_res_gp.pdf
Andhra Pradesh,2020,Prakasam,,MARRIPUDI DHARMAVARAM,,sarpanch,Other than Woman,NONE,0,,0,UR,latin,data/ap/2020_res_gp/pkm_res_gp.pdf,39,pkm_res_gp.pdf
Andhra Pradesh,2020,Prakasam,,MARRIPUDI GARLAPETA,,sarpanch,BC Other than Woman,BC,0,,0,BC,latin,data/ap/2020_res_gp/pkm_res_gp.pdf,39,pkm_res_gp.pdf
Andhra Pradesh,2020,Prakasam,,MARRIPUDI GUNDLASAMUDRAM,,sarpanch,SC Other than Woman,SC,0,,0,SC,latin,data/ap/2020_res_gp/pkm_res_gp.pdf,39,pkm_res_gp.pdf
Andhra Pradesh,2020,Prakasam,,MARRIPUDI JUWIGUNTA,,sarpanch,BC Woman,BC,1,8,0,BC(w),latin,data/ap/2020_res_gp/pkm_res_gp.pdf,39,pkm_res_gp.pdf
Andhra Pradesh,2020,Prakasam,,MARRIPUDI KAKARLA,,sarpanch,SC Other than Woman,SC,0,,0,SC,latin,data/ap/2020_res_gp/pkm_res_gp.pdf,39,pkm_res_gp.pdf
Andhra Pradesh,2020,Prakasam,,MARRIPUDI KELLAMPALLI,,sarpanch,SC Woman,SC,1,12,0,sc(w),latin,data/ap/2020_res_gp/pkm_res_gp.pdf,39,pkm_res_gp.pdf
Andhra Pradesh,2020,Prakasam,,MARRIPUDI KUCHIPUOI,,sarpanch,BC Woman,BC,1,10,0,BC(W),latin,data/ap/2020_res_gp/pkm_res_gp.pdf,39,pkm_res_gp.pdf
Andhra Pradesh,2020,Prakasam,,MARRIPUDI NARASARA-]UPALEM,,sarpanch,Woman,NONE,1,0,0,UR(W),latin,data/ap/2020_res_gp/pkm_res_gp.pdf,39,pkm_res_gp.pdf
Andhra Pradesh,2020,Prakasam,,MARRIPUDI RAMAYAPALEM,,sarpanch,Woman,NONE,1,8,0,UR(W),latin,data/ap/2020_res_gp/pkm_res_gp.pdf,39,pkm_res_gp.pdf
Andhra Pradesh,2020,Prakasam,,MARRIPUDI RAVELLAVARIPALEM I,,sarpanch,Other than Woman,NONE,0,,0,UR,latin,data/ap/2020_res_gp/pkm_res_gp.pdf,39,pkm_res_gp.pdf
Andhra Pradesh,2020,Prakasam,,TANGELTA,,sarpanch,Woman,NONE,1,0,0,uR(w),latin,data/ap/2020_res_gp/pkm_res_gp.pdf,39,pkm_res_gp.pdf
Andhra Pradesh,2020,Prakasam,,MAR.RIPTJDI VALLAYAPALEM,,sarpanch,SC Woman,SC,1,8,0,SC(W),latin,data/ap/2020_res_gp/pkm_res_gp.pdf,39,pkm_res_gp.pdf
Andhra Pradesh,2020,Prakasam,,MARRIPUDI VEMAVARAM,,sarpanch,Other than Woman,NONE,0,,0,UR,latin,data/ap/2020_res_gp/pkm_res_gp.pdf,39,pkm_res_gp.pdf
Andhra Pradesh,2020,Prakasam,,MARRIPUDI VENKATAKRISHNAPURAM,,sarpanch,Other than Woman,NONE,0,,0,UR,latin,data/ap/2020_res_gp/pkm_res_gp.pdf,39,pkm_res_gp.pdf
Andhra Pradesh,2020,Prakasam,,ARDHAVEEDU,,sarpanch,Woman,NONE,1,8,0,uR(w),latin,data/ap/2020_res_gp/pkm_res_gp.pdf,53,pkm_res_gp.pdf
Andhra Pradesh,2020,Prakasam,,ARDHAVEEDU BOGOLE,,sarpanch,Other than Woman,NONE,0,,0,UR,latin,data/ap/2020_res_gp/pkm_res_gp.pdf,53,pkm_res_gp.pdf
Andhra Pradesh,2020,Prakasam,,ARDHAVEEDU DONAKONDA,,sarpanch,SC Woman,SC,1,10,0,sc(w),latin,data/ap/2020_res_gp/pkm_res_gp.pdf,53,pkm_res_gp.pdf
Andhra Pradesh,2020,Prakasam,,ARDHAVEEDT] CANNEPALLI,,sarpanch,Other than Woman,NONE,0,,0,UR,latin,data/ap/2020_res_gp/pkm_res_gp.pdf,53,pkm_res_gp.pdf
Andhra Pradesh,2020,Prakasam,,ARDHAVEEDU,,sarpanch,BC Other than Woman,BC,0,,0,BC,latin,data/ap/2020_res_gp/pkm_res_gp.pdf,53,pkm_res_gp.pdf
Andhra Pradesh,2020,Prakasam,,ARDHAVEEDU l'4AGUTUR,,sarpanch,ST Woman,ST,1,10,0,ST(W),latin,data/ap/2020_res_gp/pkm_res_gp.pdf,53,pkm_res_gp.pdf
Andhra Pradesh,2020,Prakasam,,ARDHAVEEOU i4OHIDOINPURAM,,sarpanch,Other than Woman,NONE,0,,0,UR,latin,data/ap/2020_res_gp/pkm_res_gp.pdf,53,pkm_res_gp.pdf
Andhra Pradesh,2020,Prakasam,,ARDHAVEEDU,,sarpanch,Woman,NONE,1,10,0,uR(w),latin,data/ap/2020_res_gp/pkm_res_gp.pdf,53,pkm_res_gp.pdf
Andhra Pradesh,2020,Prakasam,,DORNALA CHATIUTI]ANOA,,sarpanch,ST Other than Woman,ST,0,8,0,ST ,latin,data/ap/2020_res_gp/pkm_res_gp.pdf,56,pkm_res_gp.pdf
Andhra Pradesh,2020,Prakasam,,DORNALA CHINTHALA,,sarpanch,ST Other than Woman,ST,0,8,0,ST ,latin,data/ap/2020_res_gp/pkm_res_gp.pdf,56,pkm_res_gp.pdf
Andhra Pradesh,2020,Prakasam,,DORNALA CHINNA DORNALA to oc(w) oc(w),,sarpanch,BC Woman,BC,1,,0,BC(W),latin,data/ap/2020_res_gp/pkm_res_gp.pdf,56,pkm_res_gp.pdf
Andhra Pradesh,2020,Prakasam,,DORNALA DORNALA,,sarpanch,SC Woman,SC,1,18,0,sc(w),latin,data/ap/2020_res_gp/pkm_res_gp.pdf,56,pkm_res_gp.pdf
Andhra Pradesh,2020,Prakasam,,DORNALA GANTAVANIPALLI 10,,sarpanch,SC Other than Woman,SC,0,,0,sc,latin,data/ap/2020_res_gp/pkm_res_gp.pdf,56,pkm_res_gp.pdf
Andhra Pradesh,2020,Prakasam,,DORNALA ]AMMIDORNALA,,sarpanch,Other than Woman,NONE,0,8,0,UR ,latin,data/ap/2020_res_gp/pkm_res_gp.pdf,56,pkm_res_gp.pdf
Andhra Pradesh,2020,Prakasam,,DORNALA,,sarpanch,BC Other than Woman,BC,0,,0,BC,latin,data/ap/2020_res_gp/pkm_res_gp.pdf,56,pkm_res_gp.pdf
Andhra Pradesh,2020,Prakasam,,DORNALA KOROPROLU sr(w) 8,,sarpanch,ST Other than Woman,ST,0,,0,ST,latin,data/ap/2020_res_gp/pkm_res_gp.pdf,56,pkm_res_gp.pdf
Andhra Pradesh,2020,Prakasam,,DORNALA NALLAGUNTLA 72,,sarpanch,SC Other than Woman,SC,0,,0,SC,latin,data/ap/2020_res_gp/pkm_res_gp.pdf,56,pkm_res_gp.pdf
Andhra Pradesh,2020,Prakasam,,DORNALA PEODA BOM14ALAPURAIY,,sarpanch,SC Woman,SC,1,12,0,sc(w),latin,data/ap/2020_res_gp/pkm_res_gp.pdf,56,pkm_res_gp.pdf
Andhra Pradesh,2020,Prakasam,,DORNALA 8,,sarpanch,SC Other than Woman,SC,0,,0,SC,latin,data/ap/2020_res_gp/pkm_res_gp.pdf,56,pkm_res_gp.pdf
Andhra Pradesh,2020,Prakasam,,DORNALA YEGUVA CHERLOPALU sr(w) l2,,sarpanch,SC Other than Woman,SC,0,,0,sc,latin,data/ap/2020_res_gp/pkm_res_gp.pdf,56,pkm_res_gp.pdf
Andhra Pradesh,2020,Prakasam,,KOI'4AROLU CHINTHALAPALLI,,sarpanch,BC Woman,BC,1,10,0,BC(w),latin,data/ap/2020_res_gp/pkm_res_gp.pdf,58,pkm_res_gp.pdf
Andhra Pradesh,2020,Prakasam,,KALANUTHALA,,sarpanch,SC Other than Woman,SC,0,,0,sc ,latin,data/ap/2020_res_gp/pkm_res_gp.pdf,60,pkm_res_gp.pdf
Andhra Pradesh,2020,Prakasam,,"PFDDARAVFFDI.J MADDAL,AKATTA",,sarpanch,SC Woman,SC,1,12,0,sc (w),latin,data/ap/2020_res_gp/pkm_res_gp.pdf,60,pkm_res_gp.pdf
Andhra Pradesh,2020,Prakasam,,TANGIRAT APALLI,,sarpanch,BC Other than Woman,BC,0,,0,BC ,latin,data/ap/2020_res_gp/pkm_res_gp.pdf,60,pkm_res_gp.pdf
Andhra Pradesh,2020,Prakasam,,DFVARA'II.'GATTU,,sarpanch,Woman,NONE,1,10,0,uR (w),latin,data/ap/2020_res_gp/pkm_res_gp.pdf,60,pkm_res_gp.pdf
Andhra Pradesh,2020,Prakasam,qANTKAVARAM,qANTKAVARAM,,sarpanch,Other than Woman,NONE,0,,0,UR ,latin,data/ap/2020_res_gp/pkm_res_gp.pdf,60,pkm_res_gp.pdf
Andhra Pradesh,2020,Prakasam,,PAMAYADAI FM,,sarpanch,Other than Woman,NONE,0,,0,UR ,latin,data/ap/2020_res_gp/pkm_res_gp.pdf,60,pkm_res_gp.pdf
Andhra Pradesh,2020,Prakasam,,PULLALACHERUVU MARRIVEMULA,,sarpanch,BC Other than Woman,BC,0,72,0,BC ,latin,data/ap/2020_res_gp/pkm_res_gp.pdf,61,pkm_res_gp.pdf
Andhra Pradesh,2020,Prakasam,,PULLALACHERUVU MUTUKULA,,sarpanch,SC Woman,SC,1,74,0,sc(w),latin,data/ap/2020_res_gp/pkm_res_gp.pdf,61,pkm_res_gp.pdf
Andhra Pradesh,2020,Prakasam,,PULLALACHERUVU RACHAKONDA,,sarpanch,BC Woman,BC,1,,0,BC(w),latin,data/ap/2020_res_gp/pkm_res_gp.pdf,61,pkm_res_gp.pdf
Andhra Pradesh,2020,Prakasam,,PULLALACHERUVU SUDDAKURAVA THANDA,,sarpanch,ST Other than Woman,ST,0,8,0,ST ,latin,data/ap/2020_res_gp/pkm_res_gp.pdf,61,pkm_res_gp.pdf
Andhra Pradesh,2020,Prakasam,,RACHERLA OV PALU OC I oc oc ocw ocw,,sarpanch,SC Other than Woman,SC,0,,0,SC,latin,data/ap/2020_res_gp/pkm_res_gp.pdf,62,pkm_res_gp.pdf
