state,year,district,block,gram_panchayat,ward_no,tier,tier_local,reservation,caste_reservation,woman_reserved,winner,votes,reservation_raw,script,source_pdf,source_path,source_page
Goa,2022,South Goa,Quepem,Balli- Adnem,I,gp_ward,ward,ST Woman,ST,1,,,ST Women,latin,list-of-validly-niminated-candidates-quepemvp_2022.pdf,data/goa/2022/list-of-validly-niminated-candidates-quepemvp_2022.pdf,1
Goa,2022,South Goa,Quepem,Balli- Adnem,II,gp_ward,ward,Other than Woman,NONE,0,,,General,latin,list-of-validly-niminated-candidates-quepemvp_2022.pdf,data/goa/2022/list-of-validly-niminated-candidates-quepemvp_2022.pdf,1
Goa,2022,South Goa,Quepem,Balli- Adnem,III,gp_ward,ward,Other than Woman,NONE,0,,,General,latin,list-of-validly-niminated-candidates-quepemvp_2022.pdf,data/goa/2022/list-of-validly-niminated-candidates-quepemvp_2022.pdf,1
Goa,2022,South Goa,Quepem,Balli- Adnem,IV,gp_ward,ward,Other than Woman,NONE,0,,,General,latin,list-of-validly-niminated-candidates-quepemvp_2022.pdf,data/goa/2022/list-of-validly-niminated-candidates-quepemvp_2022.pdf,2
Goa,2022,South Goa,Quepem,Balli- Adnem,V,gp_ward,ward,Other than Woman,NONE,0,,,General,latin,list-of-validly-niminated-candidates-quepemvp_2022.pdf,data/goa/2022/list-of-validly-niminated-candidates-quepemvp_2022.pdf,2
Goa,2022,South Goa,Quepem,Balli- Adnem,VI,gp_ward,ward,Woman,NONE,1,,,Women,latin,list-of-validly-niminated-candidates-quepemvp_2022.pdf,data/goa/2022/list-of-validly-niminated-candidates-quepemvp_2022.pdf,2
Goa,2022,South Goa,Quepem,Balli- Adnem,VII,gp_ward,ward,ST Woman,ST,1,,,ST Women,latin,list-of-validly-niminated-candidates-quepemvp_2022.pdf,data/goa/2022/list-of-validly-niminated-candidates-quepemvp_2022.pdf,2
Goa,2022,South Goa,Quepem,Balli- Adnem,VIII,gp_ward,ward,ST Other than Woman,ST,0,,,ST,latin,list-of-validly-niminated-candidates-quepemvp_2022.pdf,data/goa/2022/list-of-validly-niminated-candidates-quepemvp_2022.pdf,2
Goa,2022,South Goa,Quepem,Balli- Adnem,IX,gp_ward,ward,ST Other than Woman,ST,0,,,ST,latin,list-of-validly-niminated-candidates-quepemvp_2022.pdf,data/goa/2022/list-of-validly-niminated-candidates-quepemvp_2022.pdf,3
Goa,2022,South Goa,Quepem,Ambaulim,I,gp_ward,ward,ST Woman,ST,1,,,ST Women,latin,list-of-validly-niminated-candidates-quepemvp_2022.pdf,data/goa/2022/list-of-validly-niminated-candidates-quepemvp_2022.pdf,3
Goa,2022,South Goa,Quepem,Ambaulim,II,gp_ward,ward,ST Other than Woman,ST,0,,,ST,latin,list-of-validly-niminated-candidates-quepemvp_2022.pdf,data/goa/2022/list-of-validly-niminated-candidates-quepemvp_2022.pdf,3
Goa,2022,South Goa,Quepem,Ambaulim,III,gp_ward,ward,ST Other than Woman,ST,0,,,ST,latin,list-of-validly-niminated-candidates-quepemvp_2022.pdf,data/goa/2022/list-of-validly-niminated-candidates-quepemvp_2022.pdf,3
Goa,2022,South Goa,Quepem,Ambaulim,IV,gp_ward,ward,Other than Woman,NONE,0,,,General,latin,list-of-validly-niminated-candidates-quepemvp_2022.pdf,data/goa/2022/list-of-validly-niminated-candidates-quepemvp_2022.pdf,3
Goa,2022,South Goa,Quepem,Ambaulim,V,gp_ward,ward,Woman,NONE,1,,,Women,latin,list-of-validly-niminated-candidates-quepemvp_2022.pdf,data/goa/2022/list-of-validly-niminated-candidates-quepemvp_2022.pdf,3
Goa,2022,South Goa,Quepem,Ambaulim,VI,gp_ward,ward,Woman,NONE,1,,,Women,latin,list-of-validly-niminated-candidates-quepemvp_2022.pdf,data/goa/2022/list-of-validly-niminated-candidates-quepemvp_2022.pdf,4
Goa,2022,South Goa,Quepem,Ambaulim,VII,gp_ward,ward,Other than Woman,NONE,0,,,General,latin,list-of-validly-niminated-candidates-quepemvp_2022.pdf,data/goa/2022/list-of-validly-niminated-candidates-quepemvp_2022.pdf,4
Goa,2022,South Goa,Quepem,Xeldem,I,gp_ward,ward,Other than Woman,NONE,0,,,General,latin,list-of-validly-niminated-candidates-quepemvp_2022.pdf,data/goa/2022/list-of-validly-niminated-candidates-quepemvp_2022.pdf,4
Goa,2022,South Goa,Quepem,Xeldem,II,gp_ward,ward,BC Other than Woman,BC,0,,,OBC,latin,list-of-validly-niminated-candidates-quepemvp_2022.pdf,data/goa/2022/list-of-validly-niminated-candidates-quepemvp_2022.pdf,4
Goa,2022,South Goa,Quepem,Xeldem,III,gp_ward,ward,Other than Woman,NONE,0,,,General,latin,list-of-validly-niminated-candidates-quepemvp_2022.pdf,data/goa/2022/list-of-validly-niminated-candidates-quepemvp_2022.pdf,4
Goa,2022,South Goa,Quepem,Xeldem,IV,gp_ward,ward,Other than Woman,NONE,0,,,General,latin,list-of-validly-niminated-candidates-quepemvp_2022.pdf,data/goa/2022/list-of-validly-niminated-candidates-quepemvp_2022.pdf,5
Goa,2022,South Goa,Quepem,Xeldem,V,gp_ward,ward,ST Other than Woman,ST,0,,,ST,latin,list-of-validly-niminated-candidates-quepemvp_2022.pdf,data/goa/2022/list-of-validly-niminated-candidates-quepemvp_2022.pdf,5
Goa,2022,South Goa,Quepem,Xeldem,VI,gp_ward,ward,Other than Woman,NONE,0,,,General,latin,list-of-validly-niminated-candidates-quepemvp_2022.pdf,data/goa/2022/list-of-validly-niminated-candidates-quepemvp_2022.pdf,5
Goa,2022,South Goa,Quepem,Xeldem,VIII,gp_ward,ward,Other than Woman,NONE,0,,,General,latin,list-of-validly-niminated-candidates-quepemvp_2022.pdf,data/goa/2022/list-of-validly-niminated-candidates-quepemvp_2022.pdf,6
Goa,2022,South Goa,Quepem,Xeldem,IX,gp_ward,ward,BC Woman,BC,1,,,OBC Women,latin,list-of-validly-niminated-candidates-quepemvp_2022.pdf,data/goa/2022/list-of-validly-niminated-candidates-quepemvp_2022.pdf,6
Goa,2022,South Goa,Quepem,Xeldem,X,gp_ward,ward,ST Woman,ST,1,,,ST Women,latin,list-of-validly-niminated-candidates-quepemvp_2022.pdf,data/goa/2022/list-of-validly-niminated-candidates-quepemvp_2022.pdf,6
Goa,2022,South Goa,Quepem,Xeldem,XI,gp_ward,ward,Woman,NONE,1,,,Women,latin,list-of-validly-niminated-candidates-quepemvp_2022.pdf,data/goa/2022/list-of-validly-niminated-candidates-quepemvp_2022.pdf,6
Goa,2022,South Goa,Quepem,Assolda,I,gp_ward,ward,ST Other than Woman,ST,0,,,ST,latin,list-of-validly-niminated-candidates-quepemvp_2022.pdf,data/goa/2022/list-of-validly-niminated-candidates-quepemvp_2022.pdf,7
Goa,2022,South Goa,Quepem,Assolda,II,gp_ward,ward,BC Other than Woman,BC,0,,,OBC,latin,list-of-validly-niminated-candidates-quepemvp_2022.pdf,data/goa/2022/list-of-validly-niminated-candidates-quepemvp_2022.pdf,7
Goa,2022,South Goa,Quepem,Assolda,III,gp_ward,ward,Other than Woman,NONE,0,,,General,latin,list-of-validly-niminated-candidates-quepemvp_2022.pdf,data/goa/2022/list-of-validly-niminated-candidates-quepemvp_2022.pdf,7
Goa,2022,South Goa,Quepem,Assolda,IV,gp_ward,ward,Other than Woman,NONE,0,,,General,latin,list-of-validly-niminated-candidates-quepemvp_2022.pdf,data/goa/2022/list-of-validly-niminated-candidates-quepemvp_2022.pdf,7
Goa,2022,South Goa,Quepem,Assolda,VI,gp_ward,ward,Woman,NONE,1,,,Women,latin,list-of-validly-niminated-candidates-quepemvp_2022.pdf,data/goa/2022/list-of-validly-niminated-candidates-quepemvp_2022.pdf,8
Goa,2022,South Goa,Quepem,Assolda,VII,gp_ward,ward,BC Woman,BC,1,,,OBC Women,latin,list-of-validly-niminated-candidates-quepemvp_2022.pdf,data/goa/2022/list-of-validly-niminated-candidates-quepemvp_2022.pdf,8
Goa,2022,South Goa,Quepem,Avedem- Cotombi- Chaifi,I,gp_ward,ward,Woman,NONE,1,,,Women,latin,list-of-validly-niminated-candidates-quepemvp_2022.pdf,data/goa/2022/list-of-validly-niminated-candidates-quepemvp_2022.pdf,8
Goa,2022,South Goa,Quepem,Avedem- Cotombi- Chaifi,II,gp_ward,ward,ST Other than Woman,ST,0,,,ST,latin,list-of-validly-niminated-candidates-quepemvp_2022.pdf,data/goa/2022/list-of-validly-niminated-candidates-quepemvp_2022.pdf,8
Goa,2022,South Goa,Quepem,Avedem- Cotombi- Chaifi,III,gp_ward,ward,ST Other than Woman,ST,0,,,ST,latin,list-of-validly-niminated-candidates-quepemvp_2022.pdf,data/goa/2022/list-of-validly-niminated-candidates-quepemvp_2022.pdf,8
Goa,2022,South Goa,Quepem,Avedem- Cotombi- Chaifi,IV,gp_ward,ward,Other than Woman,NONE,0,,,General,latin,list-of-validly-niminated-candidates-quepemvp_2022.pdf,data/goa/2022/list-of-validly-niminated-candidates-quepemvp_2022.pdf,9
Goa,2022,South Goa,Quepem,Avedem- Cotombi- Chaifi,V,gp_ward,ward,Woman,NONE,1,,,Women,latin,list-of-validly-niminated-candidates-quepemvp_2022.pdf,data/goa/2022/list-of-validly-niminated-candidates-quepemvp_2022.pdf,9
Goa,2022,South Goa,Quepem,Avedem- Cotombi- Chaifi,VI,gp_ward,ward,ST Woman,ST,1,,,ST Women,latin,list-of-validly-niminated-candidates-quepemvp_2022.pdf,data/goa/2022/list-of-validly-niminated-candidates-quepemvp_2022.pdf,9
Goa,2022,South Goa,Quepem,Avedem- Cotombi- Chaifi,VII,gp_ward,ward,Other than Woman,NONE,0,,,General,latin,list-of-validly-niminated-candidates-quepemvp_2022.pdf,data/goa/2022/list-of-validly-niminated-candidates-quepemvp_2022.pdf,10
Goa,2022,South Goa,Quepem,Barcem- Quedem,I,gp_ward,ward,ST Woman,ST,1,,,ST Women,latin,list-of-validly-niminated-candidates-quepemvp_2022.pdf,data/goa/2022/list-of-validly-niminated-candidates-quepemvp_2022.pdf,10
Goa,2022,South Goa,Quepem,Barcem- Quedem,II,gp_ward,ward,Other than Woman,NONE,0,,,General,latin,list-of-validly-niminated-candidates-quepemvp_2022.pdf,data/goa/2022/list-of-validly-niminated-candidates-quepemvp_2022.pdf,10
Goa,2022,South Goa,Quepem,Barcem- Quedem,III,gp_ward,ward,Other than Woman,NONE,0,,,General,latin,list-of-validly-niminated-candidates-quepemvp_2022.pdf,data/goa/2022/list-of-validly-niminated-candidates-quepemvp_2022.pdf,10
Goa,2022,South Goa,Quepem,Barcem- Quedem,IV,gp_ward,ward,Other than Woman,NONE,0,,,General,latin,list-of-validly-niminated-candidates-quepemvp_2022.pdf,data/goa/2022/list-of-validly-niminated-candidates-quepemvp_2022.pdf,10
Goa,2022,South Goa,Quepem,Barcem- Quedem,V,gp_ward,ward,Woman,NONE,1,,,Women,latin,list-of-validly-niminated-candidates-quepemvp_2022.pdf,data/goa/2022/list-of-validly-niminated-candidates-quepemvp_2022.pdf,10
Goa,2022,South Goa,Quepem,Barcem- Quedem,VI,gp_ward,ward,Other than Woman,NONE,0,,,General,latin,list-of-validly-niminated-candidates-quepemvp_2022.pdf,data/goa/2022/list-of-validly-niminated-candidates-quepemvp_2022.pdf,11
Goa,2022,South Goa,Quepem,Barcem- Quedem,VII,gp_ward,ward,ST Other than Woman,ST,0,,,ST,latin,list-of-validly-niminated-candidates-quepemvp_2022.pdf,data/goa/2022/list-of-validly-niminated-candidates-quepemvp_2022.pdf,11
Goa,2022,South Goa,Quepem,Barcem- Quedem,VIII,gp_ward,ward,ST Woman,ST,1,,,ST Women,latin,list-of-validly-niminated-candidates-quepemvp_2022.pdf,data/goa/2022/list-of-validly-niminated-candidates-quepemvp_2022.pdf,11
Goa,2022,South Goa,Quepem,Barcem- Quedem,IX,gp_ward,ward,ST Other than Woman,ST,0,,,ST,latin,list-of-validly-niminated-candidates-quepemvp_2022.pdf,data/goa/2022/list-of-validly-niminated-candidates-quepemvp_2022.pdf,11
Goa,2022,South Goa,Quepem,Caurem- Pirla,I,gp_ward,ward,Woman,NONE,1,,,Women,latin,list-of-validly-niminated-candidates-quepemvp_2022.pdf,data/goa/2022/list-of-validly-niminated-candidates-quepemvp_2022.pdf,11
Goa,2022,South Goa,Quepem,Caurem- Pirla,II,gp_ward,ward,ST Other than Woman,ST,0,,,ST,latin,list-of-validly-niminated-candidates-quepemvp_2022.pdf,data/goa/2022/list-of-validly-niminated-candidates-quepemvp_2022.pdf,11
Goa,2022,South Goa,Quepem,Caurem- Pirla,III,gp_ward,ward,Other than Woman,NONE,0,,,General,latin,list-of-validly-niminated-candidates-quepemvp_2022.pdf,data/goa/2022/list-of-validly-niminated-candidates-quepemvp_2022.pdf,11
Goa,2022,South Goa,Quepem,Caurem- Pirla,IV,gp_ward,ward,Other than Woman,NONE,0,,,General,latin,list-of-validly-niminated-candidates-quepemvp_2022.pdf,data/goa/2022/list-of-validly-niminated-candidates-quepemvp_2022.pdf,11
Goa,2022,South Goa,Quepem,Caurem- Pirla,V,gp_ward,ward,Woman,NONE,1,,,Women,latin,list-of-validly-niminated-candidates-quepemvp_2022.pdf,data/goa/2022/list-of-validly-niminated-candidates-quepemvp_2022.pdf,12
Goa,2022,South Goa,Quepem,Caurem- Pirla,VI,gp_ward,ward,ST Woman,ST,1,,,ST Women,latin,list-of-validly-niminated-candidates-quepemvp_2022.pdf,data/goa/2022/list-of-validly-niminated-candidates-quepemvp_2022.pdf,12
Goa,2022,South Goa,Quepem,Caurem- Pirla,VII,gp_ward,ward,ST Other than Woman,ST,0,,,ST,latin,list-of-validly-niminated-candidates-quepemvp_2022.pdf,data/goa/2022/list-of-validly-niminated-candidates-quepemvp_2022.pdf,12
Goa,2022,South Goa,Quepem,Molcornem,I,gp_ward,ward,Woman,NONE,1,,,Women,latin,list-of-validly-niminated-candidates-quepemvp_2022.pdf,data/goa/2022/list-of-validly-niminated-candidates-quepemvp_2022.pdf,12
Goa,2022,South Goa,Quepem,Molcornem,II,gp_ward,ward,Other than Woman,NONE,0,,,General,latin,list-of-validly-niminated-candidates-quepemvp_2022.pdf,data/goa/2022/list-of-validly-niminated-candidates-quepemvp_2022.pdf,12
Goa,2022,South Goa,Quepem,Molcornem,III,gp_ward,ward,ST Other than Woman,ST,0,,,ST,latin,list-of-validly-niminated-candidates-quepemvp_2022.pdf,data/goa/2022/list-of-validly-niminated-candidates-quepemvp_2022.pdf,12
Goa,2022,South Goa,Quepem,Molcornem,IV,gp_ward,ward,Other than Woman,NONE,0,,,General,latin,list-of-validly-niminated-candidates-quepemvp_2022.pdf,data/goa/2022/list-of-validly-niminated-candidates-quepemvp_2022.pdf,12
Goa,2022,South Goa,Quepem,Molcornem,V,gp_ward,ward,ST Other than Woman,ST,0,,,ST,latin,list-of-validly-niminated-candidates-quepemvp_2022.pdf,data/goa/2022/list-of-validly-niminated-candidates-quepemvp_2022.pdf,12
Goa,2022,South Goa,Quepem,Molcornem,VI,gp_ward,ward,ST Woman,ST,1,,,ST Women,latin,list-of-validly-niminated-candidates-quepemvp_2022.pdf,data/goa/2022/list-of-validly-niminated-candidates-quepemvp_2022.pdf,12
Goa,2022,South Goa,Quepem,Molcornem,VII,gp_ward,ward,Woman,NONE,1,,,Women,latin,list-of-validly-niminated-candidates-quepemvp_2022.pdf,data/goa/2022/list-of-validly-niminated-candidates-quepemvp_2022.pdf,13
Goa,2022,South Goa,Quepem,Morpirla,I,gp_ward,ward,Woman,NONE,1,,,Women,latin,list-of-validly-niminated-candidates-quepemvp_2022.pdf,data/goa/2022/list-of-validly-niminated-candidates-quepemvp_2022.pdf,13
Goa,2022,South Goa,Quepem,Morpirla,II,gp_ward,ward,Woman,NONE,1,,,Women,latin,list-of-validly-niminated-candidates-quepemvp_2022.pdf,data/goa/2022/list-of-validly-niminated-candidates-quepemvp_2022.pdf,13
Goa,2022,South Goa,Quepem,Morpirla,III,gp_ward,ward,Other than Woman,NONE,0,,,General,latin,list-of-validly-niminated-candidates-quepemvp_2022.pdf,data/goa/2022/list-of-validly-niminated-candidates-quepemvp_2022.pdf,13
Goa,2022,South Goa,Quepem,Morpirla,IV,gp_ward,ward,Other than Woman,NONE,0,,,General,latin,list-of-validly-niminated-candidates-quepemvp_2022.pdf,data/goa/2022/list-of-validly-niminated-candidates-quepemvp_2022.pdf,13
Goa,2022,South Goa,Quepem,Morpirla,V,gp_ward,ward,ST Woman,ST,1,,,ST Women,latin,list-of-validly-niminated-candidates-quepemvp_2022.pdf,data/goa/2022/list-of-validly-niminated-candidates-quepemvp_2022.pdf,13
Goa,2022,South Goa,Quepem,Morpirla,VII,gp_ward,ward,ST Other than Woman,ST,0,,,ST,latin,list-of-validly-niminated-candidates-quepemvp_2022.pdf,data/goa/2022/list-of-validly-niminated-candidates-quepemvp_2022.pdf,14
Goa,2022,South Goa,Quepem,Fatorpa- Quitol,I,gp_ward,ward,Woman,NONE,1,,,Women,latin,list-of-validly-niminated-candidates-quepemvp_2022.pdf,data/goa/2022/list-of-validly-niminated-candidates-quepemvp_2022.pdf,14
Goa,2022,South Goa,Quepem,Fatorpa- Quitol,II,gp_ward,ward,Other than Woman,NONE,0,,,General,latin,list-of-validly-niminated-candidates-quepemvp_2022.pdf,data/goa/2022/list-of-validly-niminated-candidates-quepemvp_2022.pdf,14
Goa,2022,South Goa,Quepem,Fatorpa- Quitol,III,gp_ward,ward,ST Other than Woman,ST,0,,,ST,latin,list-of-validly-niminated-candidates-quepemvp_2022.pdf,data/goa/2022/list-of-validly-niminated-candidates-quepemvp_2022.pdf,14
Goa,2022,South Goa,Quepem,Fatorpa- Quitol,IV,gp_ward,ward,Other than Woman,NONE,0,,,General,latin,list-of-validly-niminated-candidates-quepemvp_2022.pdf,data/goa/2022/list-of-validly-niminated-candidates-quepemvp_2022.pdf,14
Goa,2022,South Goa,Quepem,Fatorpa- Quitol,V,gp_ward,ward,Woman,NONE,1,,,Women,latin,list-of-validly-niminated-candidates-quepemvp_2022.pdf,data/goa/2022/list-of-validly-niminated-candidates-quepemvp_2022.pdf,15
Goa,2022,South Goa,Quepem,Fatorpa- Quitol,VI,gp_ward,ward,ST Woman,ST,1,,,ST Women,latin,list-of-validly-niminated-candidates-quepemvp_2022.pdf,data/goa/2022/list-of-validly-niminated-candidates-quepemvp_2022.pdf,15
Goa,2022,South Goa,Quepem,Fatorpa- Quitol,VII,gp_ward,ward,Other than Woman,NONE,0,,,General,latin,list-of-validly-niminated-candidates-quepemvp_2022.pdf,data/goa/2022/list-of-validly-niminated-candidates-quepemvp_2022.pdf,15
Goa,2022,South Goa,Quepem,Naqueri Betul,I,gp_ward,ward,Woman,NONE,1,,,Women,latin,list-of-validly-niminated-candidates-quepemvp_2022.pdf,data/goa/2022/list-of-validly-niminated-candidates-quepemvp_2022.pdf,15
Goa,2022,South Goa,Quepem,Naqueri Betul,II,gp_ward,ward,ST Woman,ST,1,,,ST Women,latin,list-of-validly-niminated-candidates-quepemvp_2022.pdf,data/goa/2022/list-of-validly-niminated-candidates-quepemvp_2022.pdf,15
Goa,2022,South Goa,Quepem,Naqueri Betul,III,gp_ward,ward,ST Other than Woman,ST,0,,,ST,latin,list-of-validly-niminated-candidates-quepemvp_2022.pdf,data/goa/2022/list-of-validly-niminated-candidates-quepemvp_2022.pdf,15
Goa,2022,South Goa,Quepem,Naqueri Betul,IV,gp_ward,ward,Other than Woman,NONE,0,,,General,latin,list-of-validly-niminated-candidates-quepemvp_2022.pdf,data/goa/2022/list-of-validly-niminated-candidates-quepemvp_2022.pdf,15
Goa,2022,South Goa,Quepem,Naqueri Betul,V,gp_ward,ward,Woman,NONE,1,,,Women,latin,list-of-validly-niminated-candidates-quepemvp_2022.pdf,data/goa/2022/list-of-validly-niminated-candidates-quepemvp_2022.pdf,16
Goa,2022,South Goa,Quepem,Naqueri Betul,VI,gp_ward,ward,BC Other than Woman,BC,0,,,OBC,latin,list-of-validly-niminated-candidates-quepemvp_2022.pdf,data/goa/2022/list-of-validly-niminated-candidates-quepemvp_2022.pdf,16
Goa,2022,South Goa,Quepem,Naqueri Betul,VII,gp_ward,ward,Other than Woman,NONE,0,,,General,latin,list-of-validly-niminated-candidates-quepemvp_2022.pdf,data/goa/2022/list-of-validly-niminated-candidates-quepemvp_2022.pdf,16
Goa,2022,North Goa,Bicholim,Latambarcem,I,gp_ward,ward,BC Other than Woman,BC,0,,,OBC,latin,list-of-validly-nominated-candidates-Bicholimvp_2022.pdf,data/goa/2022/list-of-validly-nominated-candidates-Bicholimvp_2022.pdf,1
Goa,2022,North Goa,Bicholim,Latambarcem,II,gp_ward,ward,Other than Woman,NONE,0,,,General,latin,list-of-validly-nominated-candidates-Bicholimvp_2022.pdf,data/goa/2022/list-of-validly-nominated-candidates-Bicholimvp_2022.pdf,1
Goa,2022,North Goa,Bicholim,Latambarcem,III,gp_ward,ward,Other than Woman,NONE,0,,,General,latin,list-of-validly-nominated-candidates-Bicholimvp_2022.pdf,data/goa/2022/list-of-validly-nominated-candidates-Bicholimvp_2022.pdf,1
Goa,2022,North Goa,Bicholim,Latambarcem,IV,gp_ward,ward,Woman,NONE,1,,,Women,latin,list-of-validly-nominated-candidates-Bicholimvp_2022.pdf,data/goa/2022/list-of-validly-nominated-candidates-Bicholimvp_2022.pdf,1
Goa,2022,North Goa,Bicholim,Latambarcem,V,gp_ward,ward,SC Other than Woman,SC,0,,,SC,latin,list-of-validly-nominated-candidates-Bicholimvp_2022.pdf,data/goa/2022/list-of-validly-nominated-candidates-Bicholimvp_2022.pdf,1
Goa,2022,North Goa,Bicholim,Latambarcem,VI,gp_ward,ward,BC Woman,BC,1,,,OBC Women,latin,list-of-validly-nominated-candidates-Bicholimvp_2022.pdf,data/goa/2022/list-of-validly-nominated-candidates-Bicholimvp_2022.pdf,1
Goa,2022,North Goa,Bicholim,Latambarcem,VII,gp_ward,ward,Other than Woman,NONE,0,,,General,latin,list-of-validly-nominated-candidates-Bicholimvp_2022.pdf,data/goa/2022/list-of-validly-nominated-candidates-Bicholimvp_2022.pdf,1
Goa,2022,North Goa,Bicholim,Latambarcem,VIII,gp_ward,ward,Other than Woman,NONE,0,,,General,latin,list-of-validly-nominated-candidates-Bicholimvp_2022.pdf,data/goa/2022/list-of-validly-nominated-candidates-Bicholimvp_2022.pdf,2
Goa,2022,North Goa,Bicholim,Latambarcem,IX,gp_ward,ward,Woman,NONE,1,,,Women,latin,list-of-validly-nominated-candidates-Bicholimvp_2022.pdf,data/goa/2022/list-of-validly-nominated-candidates-Bicholimvp_2022.pdf,2
Goa,2022,North Goa,Bicholim,Mulgao,I,gp_ward,ward,Other than Woman,NONE,0,,,General,latin,list-of-validly-nominated-candidates-Bicholimvp_2022.pdf,data/goa/2022/list-of-validly-nominated-candidates-Bicholimvp_2022.pdf,2
Goa,2022,North Goa,Bicholim,Mulgao,II,gp_ward,ward,Woman,NONE,1,,,Women,latin,list-of-validly-nominated-candidates-Bicholimvp_2022.pdf,data/goa/2022/list-of-validly-nominated-candidates-Bicholimvp_2022.pdf,2
Goa,2022,North Goa,Bicholim,Mulgao,III,gp_ward,ward,SC Other than Woman,SC,0,,,SC,latin,list-of-validly-nominated-candidates-Bicholimvp_2022.pdf,data/goa/2022/list-of-validly-nominated-candidates-Bicholimvp_2022.pdf,2
Goa,2022,North Goa,Bicholim,Mulgao,IV,gp_ward,ward,Other than Woman,NONE,0,,,General,latin,list-of-validly-nominated-candidates-Bicholimvp_2022.pdf,data/goa/2022/list-of-validly-nominated-candidates-Bicholimvp_2022.pdf,2
Goa,2022,North Goa,Bicholim,Mulgao,V,gp_ward,ward,Woman,NONE,1,,,Women,latin,list-of-validly-nominated-candidates-Bicholimvp_2022.pdf,data/goa/2022/list-of-validly-nominated-candidates-Bicholimvp_2022.pdf,2
Goa,2022,North Goa,Bicholim,Mulgao,VII,gp_ward,ward,BC Other than Woman,BC,0,,,OBC,latin,list-of-validly-nominated-candidates-Bicholimvp_2022.pdf,data/goa/2022/list-of-validly-nominated-candidates-Bicholimvp_2022.pdf,3
Goa,2022,North Goa,Bicholim,Salem,I,gp_ward,ward,Woman,NONE,1,,,Women,latin,list-of-validly-nominated-candidates-Bicholimvp_2022.pdf,data/goa/2022/list-of-validly-nominated-candidates-Bicholimvp_2022.pdf,3
Goa,2022,North Goa,Bicholim,Salem,II,gp_ward,ward,Woman,NONE,1,,,Women,latin,list-of-validly-nominated-candidates-Bicholimvp_2022.pdf,data/goa/2022/list-of-validly-nominated-candidates-Bicholimvp_2022.pdf,3
Goa,2022,North Goa,Bicholim,Salem,III,gp_ward,ward,Other than Woman,NONE,0,,,General,latin,list-of-validly-nominated-candidates-Bicholimvp_2022.pdf,data/goa/2022/list-of-validly-nominated-candidates-Bicholimvp_2022.pdf,3
Goa,2022,North Goa,Bicholim,Salem,IV,gp_ward,ward,Other than Woman,NONE,0,,,General,latin,list-of-validly-nominated-candidates-Bicholimvp_2022.pdf,data/goa/2022/list-of-validly-nominated-candidates-Bicholimvp_2022.pdf,3
Goa,2022,North Goa,Bicholim,Salem,V,gp_ward,ward,Other than Woman,NONE,0,,,General,latin,list-of-validly-nominated-candidates-Bicholimvp_2022.pdf,data/goa/2022/list-of-validly-nominated-candidates-Bicholimvp_2022.pdf,3
Goa,2022,North Goa,Bicholim,Salem,VI,gp_ward,ward,Woman,NONE,1,,,Women,latin,list-of-validly-nominated-candidates-Bicholimvp_2022.pdf,data/goa/2022/list-of-validly-nominated-candidates-Bicholimvp_2022.pdf,3
Goa,2022,North Goa,Bicholim,Salem,VII,gp_ward,ward,BC Other than Woman,BC,0,,,OBC,latin,list-of-validly-nominated-candidates-Bicholimvp_2022.pdf,data/goa/2022/list-of-validly-nominated-candidates-Bicholimvp_2022.pdf,3
Goa,2022,North Goa,Bicholim,Mencurem- Dhumasem,I,gp_ward,ward,Other than Woman,NONE,0,,,General,latin,list-of-validly-nominated-candidates-Bicholimvp_2022.pdf,data/goa/2022/list-of-validly-nominated-candidates-Bicholimvp_2022.pdf,3
Goa,2022,North Goa,Bicholim,Mencurem- Dhumasem,II,gp_ward,ward,Woman,NONE,1,,,Women,latin,list-of-validly-nominated-candidates-Bicholimvp_2022.pdf,data/goa/2022/list-of-validly-nominated-candidates-Bicholimvp_2022.pdf,4
Goa,2022,North Goa,Bicholim,Mencurem- Dhumasem,III,gp_ward,ward,Other than Woman,NONE,0,,,General,latin,list-of-validly-nominated-candidates-Bicholimvp_2022.pdf,data/goa/2022/list-of-validly-nominated-candidates-Bicholimvp_2022.pdf,4
Goa,2022,North Goa,Bicholim,Mencurem- Dhumasem,IV,gp_ward,ward,Other than Woman,NONE,0,,,General,latin,list-of-validly-nominated-candidates-Bicholimvp_2022.pdf,data/goa/2022/list-of-validly-nominated-candidates-Bicholimvp_2022.pdf,4
Goa,2022,North Goa,Bicholim,Mencurem- Dhumasem,V,gp_ward,ward,Woman,NONE,1,,,Women,latin,list-of-validly-nominated-candidates-Bicholimvp_2022.pdf,data/goa/2022/list-of-validly-nominated-candidates-Bicholimvp_2022.pdf,4
Goa,2022,North Goa,Bicholim,Advalpal,I,gp_ward,ward,BC Other than Woman,BC,0,,,OBC,latin,list-of-validly-nominated-candidates-Bicholimvp_2022.pdf,data/goa/2022/list-of-validly-nominated-candidates-Bicholimvp_2022.pdf,4
Goa,2022,North Goa,Bicholim,Advalpal,II,gp_ward,ward,Woman,NONE,1,,,Women,latin,list-of-validly-nominated-candidates-Bicholimvp_2022.pdf,data/goa/2022/list-of-validly-nominated-candidates-Bicholimvp_2022.pdf,4
Goa,2022,North Goa,Bicholim,Advalpal,III,gp_ward,ward,Other than Woman,NONE,0,,,General,latin,list-of-validly-nominated-candidates-Bicholimvp_2022.pdf,data/goa/2022/list-of-validly-nominated-candidates-Bicholimvp_2022.pdf,4
Goa,2022,North Goa,Bicholim,Advalpal,IV,gp_ward,ward,SC Other than Woman,SC,0,,,SC,latin,list-of-validly-nominated-candidates-Bicholimvp_2022.pdf,data/goa/2022/list-of-validly-nominated-candidates-Bicholimvp_2022.pdf,4
Goa,2022,North Goa,Bicholim,Advalpal,V,gp_ward,ward,Woman,NONE,1,,,Women,latin,list-of-validly-nominated-candidates-Bicholimvp_2022.pdf,data/goa/2022/list-of-validly-nominated-candidates-Bicholimvp_2022.pdf,4
Goa,2022,North Goa,Bicholim,Karapur- Sarvan,I,gp_ward,ward,BC Other than Woman,BC,0,,,OBC,latin,list-of-validly-nominated-candidates-Bicholimvp_2022.pdf,data/goa/2022/list-of-validly-nominated-candidates-Bicholimvp_2022.pdf,5
Goa,2022,North Goa,Bicholim,Karapur- Sarvan,II,gp_ward,ward,BC Woman,BC,1,,,OBC Women,latin,list-of-validly-nominated-candidates-Bicholimvp_2022.pdf,data/goa/2022/list-of-validly-nominated-candidates-Bicholimvp_2022.pdf,5
Goa,2022,North Goa,Bicholim,Karapur- Sarvan,III,gp_ward,ward,Other than Woman,NONE,0,,,General,latin,list-of-validly-nominated-candidates-Bicholimvp_2022.pdf,data/goa/2022/list-of-validly-nominated-candidates-Bicholimvp_2022.pdf,5
Goa,2022,North Goa,Bicholim,Karapur- Sarvan,IV,gp_ward,ward,BC Woman,BC,1,,,OBC Women,latin,list-of-validly-nominated-candidates-Bicholimvp_2022.pdf,data/goa/2022/list-of-validly-nominated-candidates-Bicholimvp_2022.pdf,5
Goa,2022,North Goa,Bicholim,Karapur- Sarvan,V,gp_ward,ward,Other than Woman,NONE,0,,,General,latin,list-of-validly-nominated-candidates-Bicholimvp_2022.pdf,data/goa/2022/list-of-validly-nominated-candidates-Bicholimvp_2022.pdf,5
Goa,2022,North Goa,Bicholim,Karapur- Sarvan,VI,gp_ward,ward,Other than Woman,NONE,0,,,General,latin,list-of-validly-nominated-candidates-Bicholimvp_2022.pdf,data/goa/2022/list-of-validly-nominated-candidates-Bicholimvp_2022.pdf,5
Goa,2022,North Goa,Bicholim,Karapur- Sarvan,VII,gp_ward,ward,ST Other than Woman,ST,0,,,ST,latin,list-of-validly-nominated-candidates-Bicholimvp_2022.pdf,data/goa/2022/list-of-validly-nominated-candidates-Bicholimvp_2022.pdf,6
Goa,2022,North Goa,Bicholim,Karapur- Sarvan,VIII,gp_ward,ward,BC Other than Woman,BC,0,,,OBC,latin,list-of-validly-nominated-candidates-Bicholimvp_2022.pdf,data/goa/2022/list-of-validly-nominated-candidates-Bicholimvp_2022.pdf,6
Goa,2022,North Goa,Bicholim,Karapur- Sarvan,IX,gp_ward,ward,Woman,NONE,1,,,Women,latin,list-of-validly-nominated-candidates-Bicholimvp_2022.pdf,data/goa/2022/list-of-validly-nominated-candidates-Bicholimvp_2022.pdf,6
Goa,2022,North Goa,Bicholim,Karapur- Sarvan,X,gp_ward,ward,Other than Woman,NONE,0,,,General,latin,list-of-validly-nominated-candidates-Bicholimvp_2022.pdf,data/goa/2022/list-of-validly-nominated-candidates-Bicholimvp_2022.pdf,6
Goa,2022,North Goa,Bicholim,Karapur- Sarvan,XI,gp_ward,ward,Woman,NONE,1,,,Women,latin,list-of-validly-nominated-candidates-Bicholimvp_2022.pdf,data/goa/2022/list-of-validly-nominated-candidates-Bicholimvp_2022.pdf,6
Goa,2022,North Goa,Bicholim,Ona- Maulinguem- Curchirem,I,gp_ward,ward,Other than Woman,NONE,0,,,General,latin,list-of-validly-nominated-candidates-Bicholimvp_2022.pdf,data/goa/2022/list-of-validly-nominated-candidates-Bicholimvp_2022.pdf,6
Goa,2022,North Goa,Bicholim,Ona- Maulinguem- Curchirem,II,gp_ward,ward,Woman,NONE,1,,,Women,latin,list-of-validly-nominated-candidates-Bicholimvp_2022.pdf,data/goa/2022/list-of-validly-nominated-candidates-Bicholimvp_2022.pdf,6
Goa,2022,North Goa,Bicholim,Ona- Maulinguem- Curchirem,III,gp_ward,ward,SC Other than Woman,SC,0,,,SC,latin,list-of-validly-nominated-candidates-Bicholimvp_2022.pdf,data/goa/2022/list-of-validly-nominated-candidates-Bicholimvp_2022.pdf,6
Goa,2022,North Goa,Bicholim,Ona- Maulinguem- Curchirem,IV,gp_ward,ward,Other than Woman,NONE,0,,,General,latin,list-of-validly-nominated-candidates-Bicholimvp_2022.pdf,data/goa/2022/list-of-validly-nominated-candidates-Bicholimvp_2022.pdf,6
Goa,2022,North Goa,Bicholim,Ona- Maulinguem- Curchirem,V,gp_ward,ward,Woman,NONE,1,,,Women,latin,list-of-validly-nominated-candidates-Bicholimvp_2022.pdf,data/goa/2022/list-of-validly-nominated-candidates-Bicholimvp_2022.pdf,7
Goa,2022,North Goa,Bicholim,Ona- Maulinguem- Curchirem,VI,gp_ward,ward,BC Other than Woman,BC,0,,,OBC,latin,list-of-validly-nominated-candidates-Bicholimvp_2022.pdf,data/goa/2022/list-of-validly-nominated-candidates-Bicholimvp_2022.pdf,7
Goa,2022,North Goa,Bicholim,Ona- Maulinguem- Curchirem,VII,gp_ward,ward,BC Woman,BC,1,,,OBC Women,latin,list-of-validly-nominated-candidates-Bicholimvp_2022.pdf,data/goa/2022/list-of-validly-nominated-candidates-Bicholimvp_2022.pdf,7
Goa,2022,North Goa,Bicholim,Cudnem,I,gp_ward,ward,BC Woman,BC,1,,,OBC Women,latin,list-of-validly-nominated-candidates-Bicholimvp_2022.pdf,data/goa/2022/list-of-validly-nominated-candidates-Bicholimvp_2022.pdf,7
Goa,2022,North Goa,Bicholim,Cudnem,II,gp_ward,ward,Other than Woman,NONE,0,,,General,latin,list-of-validly-nominated-candidates-Bicholimvp_2022.pdf,data/goa/2022/list-of-validly-nominated-candidates-Bicholimvp_2022.pdf,7
Goa,2022,North Goa,Bicholim,Cudnem,III,gp_ward,ward,BC Other than Woman,BC,0,,,OBC,latin,list-of-validly-nominated-candidates-Bicholimvp_2022.pdf,data/goa/2022/list-of-validly-nominated-candidates-Bicholimvp_2022.pdf,7
Goa,2022,North Goa,Bicholim,Cudnem,IV,gp_ward,ward,Other than Woman,NONE,0,,,General,latin,list-of-validly-nominated-candidates-Bicholimvp_2022.pdf,data/goa/2022/list-of-validly-nominated-candidates-Bicholimvp_2022.pdf,7
Goa,2022,North Goa,Bicholim,Cudnem,V,gp_ward,ward,Woman,NONE,1,,,Women,latin,list-of-validly-nominated-candidates-Bicholimvp_2022.pdf,data/goa/2022/list-of-validly-nominated-candidates-Bicholimvp_2022.pdf,7
Goa,2022,North Goa,Bicholim,Cudnem,VI,gp_ward,ward,Woman,NONE,1,,,Women,latin,list-of-validly-nominated-candidates-Bicholimvp_2022.pdf,data/goa/2022/list-of-validly-nominated-candidates-Bicholimvp_2022.pdf,7
Goa,2022,North Goa,Bicholim,Cudnem,VII,gp_ward,ward,BC Other than Woman,BC,0,,,OBC,latin,list-of-validly-nominated-candidates-Bicholimvp_2022.pdf,data/goa/2022/list-of-validly-nominated-candidates-Bicholimvp_2022.pdf,8
Goa,2022,North Goa,Bicholim,Piligao,I,gp_ward,ward,Other than Woman,NONE,0,,,General,latin,list-of-validly-nominated-candidates-Bicholimvp_2022.pdf,data/goa/2022/list-of-validly-nominated-candidates-Bicholimvp_2022.pdf,8
Goa,2022,North Goa,Bicholim,Piligao,II,gp_ward,ward,BC Other than Woman,BC,0,,,OBC,latin,list-of-validly-nominated-candidates-Bicholimvp_2022.pdf,data/goa/2022/list-of-validly-nominated-candidates-Bicholimvp_2022.pdf,8
Goa,2022,North Goa,Bicholim,Piligao,III,gp_ward,ward,ST Other than Woman,ST,0,,,ST,latin,list-of-validly-nominated-candidates-Bicholimvp_2022.pdf,data/goa/2022/list-of-validly-nominated-candidates-Bicholimvp_2022.pdf,8
Goa,2022,North Goa,Bicholim,Piligao,IV,gp_ward,ward,Other than Woman,NONE,0,,,General,latin,list-of-validly-nominated-candidates-Bicholimvp_2022.pdf,data/goa/2022/list-of-validly-nominated-candidates-Bicholimvp_2022.pdf,8
Goa,2022,North Goa,Bicholim,Piligao,V,gp_ward,ward,Woman,NONE,1,,,Women,latin,list-of-validly-nominated-candidates-Bicholimvp_2022.pdf,data/goa/2022/list-of-validly-nominated-candidates-Bicholimvp_2022.pdf,8
Goa,2022,North Goa,Bicholim,Piligao,VI,gp_ward,ward,ST Woman,ST,1,,,ST Women,latin,list-of-validly-nominated-candidates-Bicholimvp_2022.pdf,data/goa/2022/list-of-validly-nominated-candidates-Bicholimvp_2022.pdf,8
Goa,2022,North Goa,Bicholim,Piligao,VII,gp_ward,ward,Woman,NONE,1,,,Women,latin,list-of-validly-nominated-candidates-Bicholimvp_2022.pdf,data/goa/2022/list-of-validly-nominated-candidates-Bicholimvp_2022.pdf,8
Goa,2022,North Goa,Bicholim,Maem- Vainguinim,I,gp_ward,ward,BC Other than Woman,BC,0,,,OBC,latin,list-of-validly-nominated-candidates-Bicholimvp_2022.pdf,data/goa/2022/list-of-validly-nominated-candidates-Bicholimvp_2022.pdf,8
Goa,2022,North Goa,Bicholim,Maem- Vainguinim,II,gp_ward,ward,Other than Woman,NONE,0,,,General,latin,list-of-validly-nominated-candidates-Bicholimvp_2022.pdf,data/goa/2022/list-of-validly-nominated-candidates-Bicholimvp_2022.pdf,9
Goa,2022,North Goa,Bicholim,Maem- Vainguinim,III,gp_ward,ward,Woman,NONE,1,,,Women,latin,list-of-validly-nominated-candidates-Bicholimvp_2022.pdf,data/goa/2022/list-of-validly-nominated-candidates-Bicholimvp_2022.pdf,9
Goa,2022,North Goa,Bicholim,Maem- Vainguinim,IV,gp_ward,ward,Other than Woman,NONE,0,,,General,latin,list-of-validly-nominated-candidates-Bicholimvp_2022.pdf,data/goa/2022/list-of-validly-nominated-candidates-Bicholimvp_2022.pdf,9
Goa,2022,North Goa,Bicholim,Maem- Vainguinim,V,gp_ward,ward,Other than Woman,NONE,0,,,General,latin,list-of-validly-nominated-candidates-Bicholimvp_2022.pdf,data/goa/2022/list-of-validly-nominated-candidates-Bicholimvp_2022.pdf,9
Goa,2022,North Goa,Bicholim,Maem- Vainguinim,VI,gp_ward,ward,BC Other than Woman,BC,0,,,OBC,latin,list-of-validly-nominated-candidates-Bicholimvp_2022.pdf,data/goa/2022/list-of-validly-nominated-candidates-Bicholimvp_2022.pdf,9
Goa,2022,North Goa,Bicholim,Maem- Vainguinim,VII,gp_ward,ward,Other than Woman,NONE,0,,,General,latin,list-of-validly-nominated-candidates-Bicholimvp_2022.pdf,data/goa/2022/list-of-validly-nominated-candidates-Bicholimvp_2022.pdf,9
Goa,2022,North Goa,Bicholim,Maem- Vainguinim,VIII,gp_ward,ward,BC Other than Woman,BC,0,,,OBC,latin,list-of-validly-nominated-candidates-Bicholimvp_2022.pdf,data/goa/2022/list-of-validly-nominated-candidates-Bicholimvp_2022.pdf,9
Goa,2022,North Goa,Bicholim,Maem- Vainguinim,IX,gp_ward,ward,Woman,NONE,1,,,Women,latin,list-of-validly-nominated-candidates-Bicholimvp_2022.pdf,data/goa/2022/list-of-validly-nominated-candidates-Bicholimvp_2022.pdf,10
Goa,2022,North Goa,Bicholim,Maem- Vainguinim,X,gp_ward,ward,BC Woman,BC,1,,,OBC Women,latin,list-of-validly-nominated-candidates-Bicholimvp_2022.pdf,data/goa/2022/list-of-validly-nominated-candidates-Bicholimvp_2022.pdf,10
Goa,2022,North Goa,Bicholim,Maem- Vainguinim,XI,gp_ward,ward,BC Woman,BC,1,,,OBC Women,latin,list-of-validly-nominated-candidates-Bicholimvp_2022.pdf,data/goa/2022/list-of-validly-nominated-candidates-Bicholimvp_2022.pdf,10
Goa,2022,North Goa,Bicholim,Sirigao,I,gp_ward,ward,Other than Woman,NONE,0,,,General,latin,list-of-validly-nominated-candidates-Bicholimvp_2022.pdf,data/goa/2022/list-of-validly-nominated-candidates-Bicholimvp_2022.pdf,10
Goa,2022,North Goa,Bicholim,Sirigao,II,gp_ward,ward,Woman,NONE,1,,,Women,latin,list-of-validly-nominated-candidates-Bicholimvp_2022.pdf,data/goa/2022/list-of-validly-nominated-candidates-Bicholimvp_2022.pdf,10
Goa,2022,North Goa,Bicholim,Sirigao,III,gp_ward,ward,Other than Woman,NONE,0,,,General,latin,list-of-validly-nominated-candidates-Bicholimvp_2022.pdf,data/goa/2022/list-of-validly-nominated-candidates-Bicholimvp_2022.pdf,10
Goa,2022,North Goa,Bicholim,Sirigao,V,gp_ward,ward,BC Other than Woman,BC,0,,,OBC,latin,list-of-validly-nominated-candidates-Bicholimvp_2022.pdf,data/goa/2022/list-of-validly-nominated-candidates-Bicholimvp_2022.pdf,11
Goa,2022,North Goa,Bicholim,Naroa,I,gp_ward,ward,ST Other than Woman,ST,0,,,ST,latin,list-of-validly-nominated-candidates-Bicholimvp_2022.pdf,data/goa/2022/list-of-validly-nominated-candidates-Bicholimvp_2022.pdf,11
Goa,2022,North Goa,Bicholim,Naroa,II,gp_ward,ward,Woman,NONE,1,,,Women,latin,list-of-validly-nominated-candidates-Bicholimvp_2022.pdf,data/goa/2022/list-of-validly-nominated-candidates-Bicholimvp_2022.pdf,11
Goa,2022,North Goa,Bicholim,Naroa,III,gp_ward,ward,BC Other than Woman,BC,0,,,OBC,latin,list-of-validly-nominated-candidates-Bicholimvp_2022.pdf,data/goa/2022/list-of-validly-nominated-candidates-Bicholimvp_2022.pdf,11
Goa,2022,North Goa,Bicholim,Naroa,IV,gp_ward,ward,Woman,NONE,1,,,Women,latin,list-of-validly-nominated-candidates-Bicholimvp_2022.pdf,data/goa/2022/list-of-validly-nominated-candidates-Bicholimvp_2022.pdf,11
Goa,2022,North Goa,Bicholim,Naroa,V,gp_ward,ward,Other than Woman,NONE,0,,,General,latin,list-of-validly-nominated-candidates-Bicholimvp_2022.pdf,data/goa/2022/list-of-validly-nominated-candidates-Bicholimvp_2022.pdf,11
Goa,2022,North Goa,Bicholim,Pale-Kotambi,I,gp_ward,ward,BC Other than Woman,BC,0,,,OBC,latin,list-of-validly-nominated-candidates-Bicholimvp_2022.pdf,data/goa/2022/list-of-validly-nominated-candidates-Bicholimvp_2022.pdf,11
Goa,2022,North Goa,Bicholim,Pale-Kotambi,II,gp_ward,ward,Woman,NONE,1,,,Women,latin,list-of-validly-nominated-candidates-Bicholimvp_2022.pdf,data/goa/2022/list-of-validly-nominated-candidates-Bicholimvp_2022.pdf,12
Goa,2022,North Goa,Bicholim,Pale-Kotambi,III,gp_ward,ward,Other than Woman,NONE,0,,,General,latin,list-of-validly-nominated-candidates-Bicholimvp_2022.pdf,data/goa/2022/list-of-validly-nominated-candidates-Bicholimvp_2022.pdf,12
Goa,2022,North Goa,Bicholim,Pale-Kotambi,IV,gp_ward,ward,ST Other than Woman,ST,0,,,ST,latin,list-of-validly-nominated-candidates-Bicholimvp_2022.pdf,data/goa/2022/list-of-validly-nominated-candidates-Bicholimvp_2022.pdf,12
Goa,2022,North Goa,Bicholim,Pale-Kotambi,V,gp_ward,ward,Other than Woman,NONE,0,,,General,latin,list-of-validly-nominated-candidates-Bicholimvp_2022.pdf,data/goa/2022/list-of-validly-nominated-candidates-Bicholimvp_2022.pdf,12
Goa,2022,North Goa,Bicholim,Pale-Kotambi,VI,gp_ward,ward,BC Woman,BC,1,,,OBC Women,latin,list-of-validly-nominated-candidates-Bicholimvp_2022.pdf,data/goa/2022/list-of-validly-nominated-candidates-Bicholimvp_2022.pdf,12
Goa,2022,North Goa,Bicholim,Pale-Kotambi,VII,gp_ward,ward,Other than Woman,NONE,0,,,General,latin,list-of-validly-nominated-candidates-Bicholimvp_2022.pdf,data/goa/2022/list-of-validly-nominated-candidates-Bicholimvp_2022.pdf,13
Goa,2022,North Goa,Bicholim,Pale-Kotambi,VIII,gp_ward,ward,BC Other than Woman,BC,0,,,OBC,latin,list-of-validly-nominated-candidates-Bicholimvp_2022.pdf,data/goa/2022/list-of-validly-nominated-candidates-Bicholimvp_2022.pdf,13
Goa,2022,North Goa,Bicholim,Pale-Kotambi,IX,gp_ward,ward,Woman,NONE,1,,,Women,latin,list-of-validly-nominated-candidates-Bicholimvp_2022.pdf,data/goa/2022/list-of-validly-nominated-candidates-Bicholimvp_2022.pdf,13
Goa,2022,North Goa,Bicholim,Surla,I,gp_ward,ward,Woman,NONE,1,,,Women,latin,list-of-validly-nominated-candidates-Bicholimvp_2022.pdf,data/goa/2022/list-of-validly-nominated-candidates-Bicholimvp_2022.pdf,13
Goa,2022,North Goa,Bicholim,Surla,II,gp_ward,ward,Other than Woman,NONE,0,,,General,latin,list-of-validly-nominated-candidates-Bicholimvp_2022.pdf,data/goa/2022/list-of-validly-nominated-candidates-Bicholimvp_2022.pdf,13
Goa,2022,North Goa,Bicholim,Surla,III,gp_ward,ward,Other than Woman,NONE,0,,,General,latin,list-of-validly-nominated-candidates-Bicholimvp_2022.pdf,data/goa/2022/list-of-validly-nominated-candidates-Bicholimvp_2022.pdf,14
Goa,2022,North Goa,Bicholim,Surla,IV,gp_ward,ward,ST Woman,ST,1,,,ST Women,latin,list-of-validly-nominated-candidates-Bicholimvp_2022.pdf,data/goa/2022/list-of-validly-nominated-candidates-Bicholimvp_2022.pdf,14
Goa,2022,North Goa,Bicholim,Surla,V,gp_ward,ward,ST Other than Woman,ST,0,,,ST,latin,list-of-validly-nominated-candidates-Bicholimvp_2022.pdf,data/goa/2022/list-of-validly-nominated-candidates-Bicholimvp_2022.pdf,14
Goa,2022,North Goa,Bicholim,Surla,VI,gp_ward,ward,Woman,NONE,1,,,Women,latin,list-of-validly-nominated-candidates-Bicholimvp_2022.pdf,data/goa/2022/list-of-validly-nominated-candidates-Bicholimvp_2022.pdf,14
Goa,2022,North Goa,Bicholim,Surla,VII,gp_ward,ward,ST Other than Woman,ST,0,,,ST,latin,list-of-validly-nominated-candidates-Bicholimvp_2022.pdf,data/goa/2022/list-of-validly-nominated-candidates-Bicholimvp_2022.pdf,14
Goa,2022,North Goa,Bicholim,Amona,I,gp_ward,ward,Other than Woman,NONE,0,,,General,latin,list-of-validly-nominated-candidates-Bicholimvp_2022.pdf,data/goa/2022/list-of-validly-nominated-candidates-Bicholimvp_2022.pdf,14
Goa,2022,North Goa,Bicholim,Amona,II,gp_ward,ward,Woman,NONE,1,,,Women,latin,list-of-validly-nominated-candidates-Bicholimvp_2022.pdf,data/goa/2022/list-of-validly-nominated-candidates-Bicholimvp_2022.pdf,14
Goa,2022,North Goa,Bicholim,Amona,III,gp_ward,ward,Other than Woman,NONE,0,,,General,latin,list-of-validly-nominated-candidates-Bicholimvp_2022.pdf,data/goa/2022/list-of-validly-nominated-candidates-Bicholimvp_2022.pdf,14
Goa,2022,North Goa,Bicholim,Amona,IV,gp_ward,ward,Other than Woman,NONE,0,,,General,latin,list-of-validly-nominated-candidates-Bicholimvp_2022.pdf,data/goa/2022/list-of-validly-nominated-candidates-Bicholimvp_2022.pdf,15
Goa,2022,North Goa,Bicholim,Amona,V,gp_ward,ward,BC Woman,BC,1,,,OBC Women,latin,list-of-validly-nominated-candidates-Bicholimvp_2022.pdf,data/goa/2022/list-of-validly-nominated-candidates-Bicholimvp_2022.pdf,15
Goa,2022,North Goa,Bicholim,Amona,VI,gp_ward,ward,BC Other than Woman,BC,0,,,OBC,latin,list-of-validly-nominated-candidates-Bicholimvp_2022.pdf,data/goa/2022/list-of-validly-nominated-candidates-Bicholimvp_2022.pdf,15
Goa,2022,North Goa,Bicholim,Amona,VII,gp_ward,ward,Woman,NONE,1,,,Women,latin,list-of-validly-nominated-candidates-Bicholimvp_2022.pdf,data/goa/2022/list-of-validly-nominated-candidates-Bicholimvp_2022.pdf,15
Goa,2022,North Goa,Bicholim,Navelim,I,gp_ward,ward,Woman,NONE,1,,,Women,latin,list-of-validly-nominated-candidates-Bicholimvp_2022.pdf,data/goa/2022/list-of-validly-nominated-candidates-Bicholimvp_2022.pdf,15
Goa,2022,North Goa,Bicholim,Navelim,II,gp_ward,ward,Woman,NONE,1,,,Women,latin,list-of-validly-nominated-candidates-Bicholimvp_2022.pdf,data/goa/2022/list-of-validly-nominated-candidates-Bicholimvp_2022.pdf,15
Goa,2022,North Goa,Bicholim,Navelim,III,gp_ward,ward,BC Other than Woman,BC,0,,,OBC,latin,list-of-validly-nominated-candidates-Bicholimvp_2022.pdf,data/goa/2022/list-of-validly-nominated-candidates-Bicholimvp_2022.pdf,16
Goa,2022,North Goa,Bicholim,Navelim,IV,gp_ward,ward,Other than Woman,NONE,0,,,General,latin,list-of-validly-nominated-candidates-Bicholimvp_2022.pdf,data/goa/2022/list-of-validly-nominated-candidates-Bicholimvp_2022.pdf,16
Goa,2022,North Goa,Bicholim,Navelim,V,gp_ward,ward,Woman,NONE,1,,,Women,latin,list-of-validly-nominated-candidates-Bicholimvp_2022.pdf,data/goa/2022/list-of-validly-nominated-candidates-Bicholimvp_2022.pdf,16
Goa,2022,North Goa,Bicholim,Navelim,VI,gp_ward,ward,Other than Woman,NONE,0,,,General,latin,list-of-validly-nominated-candidates-Bicholimvp_2022.pdf,data/goa/2022/list-of-validly-nominated-candidates-Bicholimvp_2022.pdf,16
Goa,2022,North Goa,Bicholim,Navelim,VII,gp_ward,ward,ST Other than Woman,ST,0,,,ST,latin,list-of-validly-nominated-candidates-Bicholimvp_2022.pdf,data/goa/2022/list-of-validly-nominated-candidates-Bicholimvp_2022.pdf,16
Goa,2022,North Goa,Bicholim,Velguem,I,gp_ward,ward,BC Woman,BC,1,,,OBC Women,latin,list-of-validly-nominated-candidates-Bicholimvp_2022.pdf,data/goa/2022/list-of-validly-nominated-candidates-Bicholimvp_2022.pdf,17
Goa,2022,North Goa,Bicholim,Velguem,II,gp_ward,ward,Woman,NONE,1,,,Women,latin,list-of-validly-nominated-candidates-Bicholimvp_2022.pdf,data/goa/2022/list-of-validly-nominated-candidates-Bicholimvp_2022.pdf,17
Goa,2022,North Goa,Bicholim,Velguem,III,gp_ward,ward,Other than Woman,NONE,0,,,General,latin,list-of-validly-nominated-candidates-Bicholimvp_2022.pdf,data/goa/2022/list-of-validly-nominated-candidates-Bicholimvp_2022.pdf,17
Goa,2022,North Goa,Bicholim,Velguem,IV,gp_ward,ward,Other than Woman,NONE,0,,,General,latin,list-of-validly-nominated-candidates-Bicholimvp_2022.pdf,data/goa/2022/list-of-validly-nominated-candidates-Bicholimvp_2022.pdf,17
Goa,2022,North Goa,Bicholim,Velguem,V,gp_ward,ward,Other than Woman,NONE,0,,,General,latin,list-of-validly-nominated-candidates-Bicholimvp_2022.pdf,data/goa/2022/list-of-validly-nominated-candidates-Bicholimvp_2022.pdf,17
Goa,2022,North Goa,Bicholim,Velguem,VI,gp_ward,ward,Woman,NONE,1,,,Women,latin,list-of-validly-nominated-candidates-Bicholimvp_2022.pdf,data/goa/2022/list-of-validly-nominated-candidates-Bicholimvp_2022.pdf,17
Goa,2022,North Goa,Bicholim,Velguem,VII,gp_ward,ward,BC Other than Woman,BC,0,,,OBC,latin,list-of-validly-nominated-candidates-Bicholimvp_2022.pdf,data/goa/2022/list-of-validly-nominated-candidates-Bicholimvp_2022.pdf,17
Goa,2022,South Goa,Dharbandora,Kirlapal- Dabal,I,gp_ward,ward,ST Woman,ST,1,,,ST Women,latin,list-of-validly-nominated-candidates-Dharbandoravp_2022.pdf,data/goa/2022/list-of-validly-nominated-candidates-Dharbandoravp_2022.pdf,1
Goa,2022,South Goa,Dharbandora,Kirlapal- Dabal,II,gp_ward,ward,Other than Woman,NONE,0,,,General,latin,list-of-validly-nominated-candidates-Dharbandoravp_2022.pdf,data/goa/2022/list-of-validly-nominated-candidates-Dharbandoravp_2022.pdf,1
Goa,2022,South Goa,Dharbandora,Kirlapal- Dabal,III,gp_ward,ward,Other than Woman,NONE,0,,,General,latin,list-of-validly-nominated-candidates-Dharbandoravp_2022.pdf,data/goa/2022/list-of-validly-nominated-candidates-Dharbandoravp_2022.pdf,1
Goa,2022,South Goa,Dharbandora,Kirlapal- Dabal,IV,gp_ward,ward,Other than Woman,NONE,0,,,General,latin,list-of-validly-nominated-candidates-Dharbandoravp_2022.pdf,data/goa/2022/list-of-validly-nominated-candidates-Dharbandoravp_2022.pdf,1
Goa,2022,South Goa,Dharbandora,Kirlapal- Dabal,V,gp_ward,ward,ST Other than Woman,ST,0,,,ST,latin,list-of-validly-nominated-candidates-Dharbandoravp_2022.pdf,data/goa/2022/list-of-validly-nominated-candidates-Dharbandoravp_2022.pdf,1
Goa,2022,South Goa,Dharbandora,Kirlapal- Dabal,VI,gp_ward,ward,Other than Woman,NONE,0,,,General,latin,list-of-validly-nominated-candidates-Dharbandoravp_2022.pdf,data/goa/2022/list-of-validly-nominated-candidates-Dharbandoravp_2022.pdf,2
Goa,2022,South Goa,Dharbandora,Kirlapal- Dabal,VII,gp_ward,ward,ST Woman,ST,1,,,ST Women,latin,list-of-validly-nominated-candidates-Dharbandoravp_2022.pdf,data/goa/2022/list-of-validly-nominated-candidates-Dharbandoravp_2022.pdf,2
Goa,2022,South Goa,Dharbandora,Kirlapal- Dabal,VIII,gp_ward,ward,ST Other than Woman,ST,0,,,ST,latin,list-of-validly-nominated-candidates-Dharbandoravp_2022.pdf,data/goa/2022/list-of-validly-nominated-candidates-Dharbandoravp_2022.pdf,2
Goa,2022,South Goa,Dharbandora,Kirlapal- Dabal,IX,gp_ward,ward,Woman,NONE,1,,,Women,latin,list-of-validly-nominated-candidates-Dharbandoravp_2022.pdf,data/goa/2022/list-of-validly-nominated-candidates-Dharbandoravp_2022.pdf,2
Goa,2022,South Goa,Dharbandora,Dharbandora,I,gp_ward,ward,Woman,NONE,1,,,Women,latin,list-of-validly-nominated-candidates-Dharbandoravp_2022.pdf,data/goa/2022/list-of-validly-nominated-candidates-Dharbandoravp_2022.pdf,2
Goa,2022,South Goa,Dharbandora,Dharbandora,II,gp_ward,ward,Other than Woman,NONE,0,,,General,latin,list-of-validly-nominated-candidates-Dharbandoravp_2022.pdf,data/goa/2022/list-of-validly-nominated-candidates-Dharbandoravp_2022.pdf,2
Goa,2022,South Goa,Dharbandora,Dharbandora,III,gp_ward,ward,Other than Woman,NONE,0,,,General,latin,list-of-validly-nominated-candidates-Dharbandoravp_2022.pdf,data/goa/2022/list-of-validly-nominated-candidates-Dharbandoravp_2022.pdf,3
Goa,2022,South Goa,Dharbandora,Dharbandora,IV,gp_ward,ward,Other than Woman,NONE,0,,,General,latin,list-of-validly-nominated-candidates-Dharbandoravp_2022.pdf,data/goa/2022/list-of-validly-nominated-candidates-Dharbandoravp_2022.pdf,3
Goa,2022,South Goa,Dharbandora,Dharbandora,V,gp_ward,ward,ST Other than Woman,ST,0,,,ST,latin,list-of-validly-nominated-candidates-Dharbandoravp_2022.pdf,data/goa/2022/list-of-validly-nominated-candidates-Dharbandoravp_2022.pdf,3
Goa,2022,South Goa,Dharbandora,Dharbandora,VI,gp_ward,ward,Other than Woman,NONE,0,,,General,latin,list-of-validly-nominated-candidates-Dharbandoravp_2022.pdf,data/goa/2022/list-of-validly-nominated-candidates-Dharbandoravp_2022.pdf,3
Goa,2022,South Goa,Dharbandora,Dharbandora,VII,gp_ward,ward,ST Woman,ST,1,,,ST Women,latin,list-of-validly-nominated-candidates-Dharbandoravp_2022.pdf,data/goa/2022/list-of-validly-nominated-candidates-Dharbandoravp_2022.pdf,4
Goa,2022,South Goa,Dharbandora,Dharbandora,VIII,gp_ward,ward,Other than Woman,NONE,0,,,General,latin,list-of-validly-nominated-candidates-Dharbandoravp_2022.pdf,data/goa/2022/list-of-validly-nominated-candidates-Dharbandoravp_2022.pdf,4
Goa,2022,South Goa,Dharbandora,Dharbandora,IX,gp_ward,ward,Woman,NONE,1,,,Women,latin,list-of-validly-nominated-candidates-Dharbandoravp_2022.pdf,data/goa/2022/list-of-validly-nominated-candidates-Dharbandoravp_2022.pdf,4
Goa,2022,South Goa,Dharbandora,Collem,I,gp_ward,ward,Woman,NONE,1,,,Women,latin,list-of-validly-nominated-candidates-Dharbandoravp_2022.pdf,data/goa/2022/list-of-validly-nominated-candidates-Dharbandoravp_2022.pdf,4
Goa,2022,South Goa,Dharbandora,Collem,II,gp_ward,ward,Other than Woman,NONE,0,,,General,latin,list-of-validly-nominated-candidates-Dharbandoravp_2022.pdf,data/goa/2022/list-of-validly-nominated-candidates-Dharbandoravp_2022.pdf,4
Goa,2022,South Goa,Dharbandora,Collem,III,gp_ward,ward,Other than Woman,NONE,0,,,General,latin,list-of-validly-nominated-candidates-Dharbandoravp_2022.pdf,data/goa/2022/list-of-validly-nominated-candidates-Dharbandoravp_2022.pdf,5
Goa,2022,South Goa,Dharbandora,Collem,IV,gp_ward,ward,Other than Woman,NONE,0,,,General,latin,list-of-validly-nominated-candidates-Dharbandoravp_2022.pdf,data/goa/2022/list-of-validly-nominated-candidates-Dharbandoravp_2022.pdf,5
Goa,2022,South Goa,Dharbandora,Collem,V,gp_ward,ward,ST Other than Woman,ST,0,,,ST,latin,list-of-validly-nominated-candidates-Dharbandoravp_2022.pdf,data/goa/2022/list-of-validly-nominated-candidates-Dharbandoravp_2022.pdf,5
Goa,2022,South Goa,Dharbandora,Collem,VI,gp_ward,ward,BC Woman,BC,1,,,OBC Women,latin,list-of-validly-nominated-candidates-Dharbandoravp_2022.pdf,data/goa/2022/list-of-validly-nominated-candidates-Dharbandoravp_2022.pdf,5
Goa,2022,South Goa,Dharbandora,Collem,VII,gp_ward,ward,BC Other than Woman,BC,0,,,OBC,latin,list-of-validly-nominated-candidates-Dharbandoravp_2022.pdf,data/goa/2022/list-of-validly-nominated-candidates-Dharbandoravp_2022.pdf,5
Goa,2022,South Goa,Dharbandora,Collem,VIII,gp_ward,ward,BC Other than Woman,BC,0,,,OBC,latin,list-of-validly-nominated-candidates-Dharbandoravp_2022.pdf,data/goa/2022/list-of-validly-nominated-candidates-Dharbandoravp_2022.pdf,5
Goa,2022,South Goa,Dharbandora,Collem,IX,gp_ward,ward,Woman,NONE,1,,,Women,latin,list-of-validly-nominated-candidates-Dharbandoravp_2022.pdf,data/goa/2022/list-of-validly-nominated-candidates-Dharbandoravp_2022.pdf,5
Goa,2022,South Goa,Dharbandora,Sancordem,I,gp_ward,ward,Woman,NONE,1,,,Women,latin,list-of-validly-nominated-candidates-Dharbandoravp_2022.pdf,data/goa/2022/list-of-validly-nominated-candidates-Dharbandoravp_2022.pdf,6
Goa,2022,South Goa,Dharbandora,Sancordem,II,gp_ward,ward,BC Woman,BC,1,,,OBC Women,latin,list-of-validly-nominated-candidates-Dharbandoravp_2022.pdf,data/goa/2022/list-of-validly-nominated-candidates-Dharbandoravp_2022.pdf,6
Goa,2022,South Goa,Dharbandora,Sancordem,III,gp_ward,ward,BC Other than Woman,BC,0,,,OBC,latin,list-of-validly-nominated-candidates-Dharbandoravp_2022.pdf,data/goa/2022/list-of-validly-nominated-candidates-Dharbandoravp_2022.pdf,6
Goa,2022,South Goa,Dharbandora,Sancordem,IV,gp_ward,ward,Other than Woman,NONE,0,,,General,latin,list-of-validly-nominated-candidates-Dharbandoravp_2022.pdf,data/goa/2022/list-of-validly-nominated-candidates-Dharbandoravp_2022.pdf,6
Goa,2022,South Goa,Dharbandora,Sancordem,V,gp_ward,ward,Other than Woman,NONE,0,,,General,latin,list-of-validly-nominated-candidates-Dharbandoravp_2022.pdf,data/goa/2022/list-of-validly-nominated-candidates-Dharbandoravp_2022.pdf,7
Goa,2022,South Goa,Dharbandora,Sancordem,VI,gp_ward,ward,Woman,NONE,1,,,Women,latin,list-of-validly-nominated-candidates-Dharbandoravp_2022.pdf,data/goa/2022/list-of-validly-nominated-candidates-Dharbandoravp_2022.pdf,7
Goa,2022,South Goa,Dharbandora,Sancordem,VII,gp_ward,ward,ST Other than Woman,ST,0,,,ST,latin,list-of-validly-nominated-candidates-Dharbandoravp_2022.pdf,data/goa/2022/list-of-validly-nominated-candidates-Dharbandoravp_2022.pdf,7
Goa,2022,South Goa,Dharbandora,Mollem,I,gp_ward,ward,BC Woman,BC,1,,,OBC Women,latin,list-of-validly-nominated-candidates-Dharbandoravp_2022.pdf,data/goa/2022/list-of-validly-nominated-candidates-Dharbandoravp_2022.pdf,7
Goa,2022,South Goa,Dharbandora,Mollem,II,gp_ward,ward,Woman,NONE,1,,,Women,latin,list-of-validly-nominated-candidates-Dharbandoravp_2022.pdf,data/goa/2022/list-of-validly-nominated-candidates-Dharbandoravp_2022.pdf,7
Goa,2022,South Goa,Dharbandora,Mollem,III,gp_ward,ward,Other than Woman,NONE,0,,,General,latin,list-of-validly-nominated-candidates-Dharbandoravp_2022.pdf,data/goa/2022/list-of-validly-nominated-candidates-Dharbandoravp_2022.pdf,8
Goa,2022,South Goa,Dharbandora,Mollem,IV,gp_ward,ward,Other than Woman,NONE,0,,,General,latin,list-of-validly-nominated-candidates-Dharbandoravp_2022.pdf,data/goa/2022/list-of-validly-nominated-candidates-Dharbandoravp_2022.pdf,8
Goa,2022,South Goa,Dharbandora,Mollem,V,gp_ward,ward,Woman,NONE,1,,,Women,latin,list-of-validly-nominated-candidates-Dharbandoravp_2022.pdf,data/goa/2022/list-of-validly-nominated-candidates-Dharbandoravp_2022.pdf,8
Goa,2022,South Goa,Dharbandora,Mollem,VI,gp_ward,ward,BC Other than Woman,BC,0,,,OBC,latin,list-of-validly-nominated-candidates-Dharbandoravp_2022.pdf,data/goa/2022/list-of-validly-nominated-candidates-Dharbandoravp_2022.pdf,8
Goa,2022,South Goa,Dharbandora,Mollem,VII,gp_ward,ward,ST Other than Woman,ST,0,,,ST,latin,list-of-validly-nominated-candidates-Dharbandoravp_2022.pdf,data/goa/2022/list-of-validly-nominated-candidates-Dharbandoravp_2022.pdf,9
Goa,2022,South Goa,Mormugao,Sancoale,I,gp_ward,ward,Other than Woman,NONE,0,,,General,latin,list-of-validly-nominated-candidates-Mormugaovp_2022.pdf,data/goa/2022/list-of-validly-nominated-candidates-Mormugaovp_2022.pdf,1
Goa,2022,South Goa,Mormugao,Sancoale,II,gp_ward,ward,Other than Woman,NONE,0,,,General,latin,list-of-validly-nominated-candidates-Mormugaovp_2022.pdf,data/goa/2022/list-of-validly-nominated-candidates-Mormugaovp_2022.pdf,1
Goa,2022,South Goa,Mormugao,Sancoale,III,gp_ward,ward,Other than Woman,NONE,0,,,General,latin,list-of-validly-nominated-candidates-Mormugaovp_2022.pdf,data/goa/2022/list-of-validly-nominated-candidates-Mormugaovp_2022.pdf,2
Goa,2022,South Goa,Mormugao,Sancoale,IV,gp_ward,ward,ST Other than Woman,ST,0,,,ST,latin,list-of-validly-nominated-candidates-Mormugaovp_2022.pdf,data/goa/2022/list-of-validly-nominated-candidates-Mormugaovp_2022.pdf,2
Goa,2022,South Goa,Mormugao,Sancoale,V,gp_ward,ward,Other than Woman,NONE,0,,,General,latin,list-of-validly-nominated-candidates-Mormugaovp_2022.pdf,data/goa/2022/list-of-validly-nominated-candidates-Mormugaovp_2022.pdf,2
Goa,2022,South Goa,Mormugao,Sancoale,VI,gp_ward,ward,Woman,NONE,1,,,Women,latin,list-of-validly-nominated-candidates-Mormugaovp_2022.pdf,data/goa/2022/list-of-validly-nominated-candidates-Mormugaovp_2022.pdf,2
Goa,2022,South Goa,Mormugao,Sancoale,VII,gp_ward,ward,Woman,NONE,1,,,Women,latin,list-of-validly-nominated-candidates-Mormugaovp_2022.pdf,data/goa/2022/list-of-validly-nominated-candidates-Mormugaovp_2022.pdf,3
Goa,2022,South Goa,Mormugao,Sancoale,VIII,gp_ward,ward,Other than Woman,NONE,0,,,General,latin,list-of-validly-nominated-candidates-Mormugaovp_2022.pdf,data/goa/2022/list-of-validly-nominated-candidates-Mormugaovp_2022.pdf,4
Goa,2022,South Goa,Mormugao,Sancoale,IX,gp_ward,ward,Woman,NONE,1,,,Women,latin,list-of-validly-nominated-candidates-Mormugaovp_2022.pdf,data/goa/2022/list-of-validly-nominated-candidates-Mormugaovp_2022.pdf,4
Goa,2022,South Goa,Mormugao,Sancoale,X,gp_ward,ward,Woman,NONE,1,,,Women,latin,list-of-validly-nominated-candidates-Mormugaovp_2022.pdf,data/goa/2022/list-of-validly-nominated-candidates-Mormugaovp_2022.pdf,4
Goa,2022,South Goa,Mormugao,Sancoale,XI,gp_ward,ward,Other than Woman,NONE,0,,,General,latin,list-of-validly-nominated-candidates-Mormugaovp_2022.pdf,data/goa/2022/list-of-validly-nominated-candidates-Mormugaovp_2022.pdf,5
Goa,2022,South Goa,Mormugao,Chicalim,I,gp_ward,ward,Other than Woman,NONE,0,,,General,latin,list-of-validly-nominated-candidates-Mormugaovp_2022.pdf,data/goa/2022/list-of-validly-nominated-candidates-Mormugaovp_2022.pdf,5
Goa,2022,South Goa,Mormugao,Chicalim,II,gp_ward,ward,Other than Woman,NONE,0,,,General,latin,list-of-validly-nominated-candidates-Mormugaovp_2022.pdf,data/goa/2022/list-of-validly-nominated-candidates-Mormugaovp_2022.pdf,5
Goa,2022,South Goa,Mormugao,Chicalim,III,gp_ward,ward,Woman,NONE,1,,,Women,latin,list-of-validly-nominated-candidates-Mormugaovp_2022.pdf,data/goa/2022/list-of-validly-nominated-candidates-Mormugaovp_2022.pdf,6
Goa,2022,South Goa,Mormugao,Chicalim,IV,gp_ward,ward,BC Other than Woman,BC,0,,,OBC,latin,list-of-validly-nominated-candidates-Mormugaovp_2022.pdf,data/goa/2022/list-of-validly-nominated-candidates-Mormugaovp_2022.pdf,6
Goa,2022,South Goa,Mormugao,Chicalim,V,gp_ward,ward,Other than Woman,NONE,0,,,General,latin,list-of-validly-nominated-candidates-Mormugaovp_2022.pdf,data/goa/2022/list-of-validly-nominated-candidates-Mormugaovp_2022.pdf,6
Goa,2022,South Goa,Mormugao,Chicalim,VI,gp_ward,ward,Woman,NONE,1,,,Women,latin,list-of-validly-nominated-candidates-Mormugaovp_2022.pdf,data/goa/2022/list-of-validly-nominated-candidates-Mormugaovp_2022.pdf,7
Goa,2022,South Goa,Mormugao,Chicalim,VII,gp_ward,ward,Other than Woman,NONE,0,,,General,latin,list-of-validly-nominated-candidates-Mormugaovp_2022.pdf,data/goa/2022/list-of-validly-nominated-candidates-Mormugaovp_2022.pdf,7
Goa,2022,South Goa,Mormugao,Chicalim,VIII,gp_ward,ward,Other than Woman,NONE,0,,,General,latin,list-of-validly-nominated-candidates-Mormugaovp_2022.pdf,data/goa/2022/list-of-validly-nominated-candidates-Mormugaovp_2022.pdf,7
Goa,2022,South Goa,Mormugao,Chicalim,IX,gp_ward,ward,Woman,NONE,1,,,Women,latin,list-of-validly-nominated-candidates-Mormugaovp_2022.pdf,data/goa/2022/list-of-validly-nominated-candidates-Mormugaovp_2022.pdf,7
Goa,2022,South Goa,Mormugao,Chicalim,X,gp_ward,ward,BC Woman,BC,1,,,OBC Women,latin,list-of-validly-nominated-candidates-Mormugaovp_2022.pdf,data/goa/2022/list-of-validly-nominated-candidates-Mormugaovp_2022.pdf,7
Goa,2022,South Goa,Mormugao,Cortalim,I,gp_ward,ward,Other than Woman,NONE,0,,,General,latin,list-of-validly-nominated-candidates-Mormugaovp_2022.pdf,data/goa/2022/list-of-validly-nominated-candidates-Mormugaovp_2022.pdf,8
Goa,2022,South Goa,Mormugao,Cortalim,II,gp_ward,ward,Other than Woman,NONE,0,,,General,latin,list-of-validly-nominated-candidates-Mormugaovp_2022.pdf,data/goa/2022/list-of-validly-nominated-candidates-Mormugaovp_2022.pdf,8
Goa,2022,South Goa,Mormugao,Cortalim,III,gp_ward,ward,BC Woman,BC,1,,,OBC Women,latin,list-of-validly-nominated-candidates-Mormugaovp_2022.pdf,data/goa/2022/list-of-validly-nominated-candidates-Mormugaovp_2022.pdf,8
Goa,2022,South Goa,Mormugao,Cortalim,IV,gp_ward,ward,ST Other than Woman,ST,0,,,ST,latin,list-of-validly-nominated-candidates-Mormugaovp_2022.pdf,data/goa/2022/list-of-validly-nominated-candidates-Mormugaovp_2022.pdf,8
Goa,2022,South Goa,Mormugao,Cortalim,V,gp_ward,ward,Other than Woman,NONE,0,,,General,latin,list-of-validly-nominated-candidates-Mormugaovp_2022.pdf,data/goa/2022/list-of-validly-nominated-candidates-Mormugaovp_2022.pdf,8
Goa,2022,South Goa,Mormugao,Cortalim,VI,gp_ward,ward,BC Other than Woman,BC,0,,,OBC,latin,list-of-validly-nominated-candidates-Mormugaovp_2022.pdf,data/goa/2022/list-of-validly-nominated-candidates-Mormugaovp_2022.pdf,8
Goa,2022,South Goa,Mormugao,Cortalim,VII,gp_ward,ward,ST Woman,ST,1,,,ST Women,latin,list-of-validly-nominated-candidates-Mormugaovp_2022.pdf,data/goa/2022/list-of-validly-nominated-candidates-Mormugaovp_2022.pdf,9
Goa,2022,South Goa,Mormugao,Cortalim,VIII,gp_ward,ward,Other than Woman,NONE,0,,,General,latin,list-of-validly-nominated-candidates-Mormugaovp_2022.pdf,data/goa/2022/list-of-validly-nominated-candidates-Mormugaovp_2022.pdf,9
Goa,2022,South Goa,Mormugao,Cortalim,IX,gp_ward,ward,ST Other than Woman,ST,0,,,ST,latin,list-of-validly-nominated-candidates-Mormugaovp_2022.pdf,data/goa/2022/list-of-validly-nominated-candidates-Mormugaovp_2022.pdf,9
Goa,2022,South Goa,Mormugao,Cortalim,X,gp_ward,ward,Woman,NONE,1,,,Women,latin,list-of-validly-nominated-candidates-Mormugaovp_2022.pdf,data/goa/2022/list-of-validly-nominated-candidates-Mormugaovp_2022.pdf,9
Goa,2022,South Goa,Mormugao,Cortalim,XI,gp_ward,ward,Woman,NONE,1,,,Women,latin,list-of-validly-nominated-candidates-Mormugaovp_2022.pdf,data/goa/2022/list-of-validly-nominated-candidates-Mormugaovp_2022.pdf,9
Goa,2022,South Goa,Mormugao,Cansaulim- Arossim- Cuelim,I,gp_ward,ward,ST Other than Woman,ST,0,,,ST,latin,list-of-validly-nominated-candidates-Mormugaovp_2022.pdf,data/goa/2022/list-of-validly-nominated-candidates-Mormugaovp_2022.pdf,9
Goa,2022,South Goa,Mormugao,Cansaulim- Arossim- Cuelim,II,gp_ward,ward,Other than Woman,NONE,0,,,General,latin,list-of-validly-nominated-candidates-Mormugaovp_2022.pdf,data/goa/2022/list-of-validly-nominated-candidates-Mormugaovp_2022.pdf,10
Goa,2022,South Goa,Mormugao,Cansaulim- Arossim- Cuelim,III,gp_ward,ward,Other than Woman,NONE,0,,,General,latin,list-of-validly-nominated-candidates-Mormugaovp_2022.pdf,data/goa/2022/list-of-validly-nominated-candidates-Mormugaovp_2022.pdf,10
Goa,2022,South Goa,Mormugao,Cansaulim- Arossim- Cuelim,IV,gp_ward,ward,Woman,NONE,1,,,Women,latin,list-of-validly-nominated-candidates-Mormugaovp_2022.pdf,data/goa/2022/list-of-validly-nominated-candidates-Mormugaovp_2022.pdf,10
Goa,2022,South Goa,Mormugao,Cansaulim- Arossim- Cuelim,V,gp_ward,ward,Other than Woman,NONE,0,,,General,latin,list-of-validly-nominated-candidates-Mormugaovp_2022.pdf,data/goa/2022/list-of-validly-nominated-candidates-Mormugaovp_2022.pdf,10
Goa,2022,South Goa,Mormugao,Cansaulim- Arossim- Cuelim,VI,gp_ward,ward,Woman,NONE,1,,,Women,latin,list-of-validly-nominated-candidates-Mormugaovp_2022.pdf,data/goa/2022/list-of-validly-nominated-candidates-Mormugaovp_2022.pdf,11
Goa,2022,South Goa,Mormugao,Cansaulim- Arossim- Cuelim,VII,gp_ward,ward,Woman,NONE,1,,,Women,latin,list-of-validly-nominated-candidates-Mormugaovp_2022.pdf,data/goa/2022/list-of-validly-nominated-candidates-Mormugaovp_2022.pdf,11
Goa,2022,South Goa,Mormugao,Cansaulim- Arossim- Cuelim,VIII,gp_ward,ward,Other than Woman,NONE,0,,,General,latin,list-of-validly-nominated-candidates-Mormugaovp_2022.pdf,data/goa/2022/list-of-validly-nominated-candidates-Mormugaovp_2022.pdf,11
Goa,2022,South Goa,Mormugao,Cansaulim- Arossim- Cuelim,IX,gp_ward,ward,Other than Woman,NONE,0,,,General,latin,list-of-validly-nominated-candidates-Mormugaovp_2022.pdf,data/goa/2022/list-of-validly-nominated-candidates-Mormugaovp_2022.pdf,11
Goa,2022,South Goa,Mormugao,Velsao- Pale- Issorcim,I,gp_ward,ward,Woman,NONE,1,,,Women,latin,list-of-validly-nominated-candidates-Mormugaovp_2022.pdf,data/goa/2022/list-of-validly-nominated-candidates-Mormugaovp_2022.pdf,12
Goa,2022,South Goa,Mormugao,Velsao- Pale- Issorcim,II,gp_ward,ward,Woman,NONE,1,,,Women,latin,list-of-validly-nominated-candidates-Mormugaovp_2022.pdf,data/goa/2022/list-of-validly-nominated-candidates-Mormugaovp_2022.pdf,12
Goa,2022,South Goa,Mormugao,Velsao- Pale- Issorcim,III,gp_ward,ward,Other than Woman,NONE,0,,,General,latin,list-of-validly-nominated-candidates-Mormugaovp_2022.pdf,data/goa/2022/list-of-validly-nominated-candidates-Mormugaovp_2022.pdf,12
Goa,2022,South Goa,Mormugao,Velsao- Pale- Issorcim,IV,gp_ward,ward,Other than Woman,NONE,0,,,General,latin,list-of-validly-nominated-candidates-Mormugaovp_2022.pdf,data/goa/2022/list-of-validly-nominated-candidates-Mormugaovp_2022.pdf,12
Goa,2022,South Goa,Mormugao,Velsao- Pale- Issorcim,V,gp_ward,ward,ST Other than Woman,ST,0,,,ST,latin,list-of-validly-nominated-candidates-Mormugaovp_2022.pdf,data/goa/2022/list-of-validly-nominated-candidates-Mormugaovp_2022.pdf,12
Goa,2022,South Goa,Mormugao,Velsao- Pale- Issorcim,VI,gp_ward,ward,Woman,NONE,1,,,Women,latin,list-of-validly-nominated-candidates-Mormugaovp_2022.pdf,data/goa/2022/list-of-validly-nominated-candidates-Mormugaovp_2022.pdf,13
Goa,2022,South Goa,Mormugao,Velsao- Pale- Issorcim,VII,gp_ward,ward,BC Other than Woman,BC,0,,,OBC,latin,list-of-validly-nominated-candidates-Mormugaovp_2022.pdf,data/goa/2022/list-of-validly-nominated-candidates-Mormugaovp_2022.pdf,13
Goa,2022,South Goa,Mormugao,Chicolna- Bogmalo,I,gp_ward,ward,Woman,NONE,1,,,Women,latin,list-of-validly-nominated-candidates-Mormugaovp_2022.pdf,data/goa/2022/list-of-validly-nominated-candidates-Mormugaovp_2022.pdf,13
Goa,2022,South Goa,Mormugao,Chicolna- Bogmalo,II,gp_ward,ward,ST Other than Woman,ST,0,,,ST,latin,list-of-validly-nominated-candidates-Mormugaovp_2022.pdf,data/goa/2022/list-of-validly-nominated-candidates-Mormugaovp_2022.pdf,13
Goa,2022,South Goa,Mormugao,Chicolna- Bogmalo,III,gp_ward,ward,Other than Woman,NONE,0,,,General,latin,list-of-validly-nominated-candidates-Mormugaovp_2022.pdf,data/goa/2022/list-of-validly-nominated-candidates-Mormugaovp_2022.pdf,13
Goa,2022,South Goa,Mormugao,Chicolna- Bogmalo,IV,gp_ward,ward,Other than Woman,NONE,0,,,General,latin,list-of-validly-nominated-candidates-Mormugaovp_2022.pdf,data/goa/2022/list-of-validly-nominated-candidates-Mormugaovp_2022.pdf,13
Goa,2022,South Goa,Mormugao,Chicolna- Bogmalo,V,gp_ward,ward,Woman,NONE,1,,,Women,latin,list-of-validly-nominated-candidates-Mormugaovp_2022.pdf,data/goa/2022/list-of-validly-nominated-candidates-Mormugaovp_2022.pdf,13
Goa,2022,South Goa,Mormugao,Chicolna- Bogmalo,VI,gp_ward,ward,Woman,NONE,1,,,Women,latin,list-of-validly-nominated-candidates-Mormugaovp_2022.pdf,data/goa/2022/list-of-validly-nominated-candidates-Mormugaovp_2022.pdf,14
Goa,2022,South Goa,Mormugao,Chicolna- Bogmalo,VII,gp_ward,ward,BC Other than Woman,BC,0,,,OBC,latin,list-of-validly-nominated-candidates-Mormugaovp_2022.pdf,data/goa/2022/list-of-validly-nominated-candidates-Mormugaovp_2022.pdf,14
Goa,2022,South Goa,Mormugao,Quelossim,I,gp_ward,ward,ST Other than Woman,ST,0,,,ST,latin,list-of-validly-nominated-candidates-Mormugaovp_2022.pdf,data/goa/2022/list-of-validly-nominated-candidates-Mormugaovp_2022.pdf,14
Goa,2022,South Goa,Mormugao,Quelossim,II,gp_ward,ward,Woman,NONE,1,,,Women,latin,list-of-validly-nominated-candidates-Mormugaovp_2022.pdf,data/goa/2022/list-of-validly-nominated-candidates-Mormugaovp_2022.pdf,14
Goa,2022,South Goa,Mormugao,Quelossim,III,gp_ward,ward,Other than Woman,NONE,0,,,General,latin,list-of-validly-nominated-candidates-Mormugaovp_2022.pdf,data/goa/2022/list-of-validly-nominated-candidates-Mormugaovp_2022.pdf,14
Goa,2022,South Goa,Mormugao,Quelossim,IV,gp_ward,ward,Other than Woman,NONE,0,,,General,latin,list-of-validly-nominated-candidates-Mormugaovp_2022.pdf,data/goa/2022/list-of-validly-nominated-candidates-Mormugaovp_2022.pdf,15
Goa,2022,South Goa,Mormugao,Quelossim,V,gp_ward,ward,ST Woman,ST,1,,,ST Women,latin,list-of-validly-nominated-candidates-Mormugaovp_2022.pdf,data/goa/2022/list-of-validly-nominated-candidates-Mormugaovp_2022.pdf,15
Goa,2022,South Goa,Mormugao,Quelossim,VI,gp_ward,ward,ST Other than Woman,ST,0,,,ST,latin,list-of-validly-nominated-candidates-Mormugaovp_2022.pdf,data/goa/2022/list-of-validly-nominated-candidates-Mormugaovp_2022.pdf,15
Goa,2022,South Goa,Mormugao,Quelossim,VII,gp_ward,ward,Woman,NONE,1,,,Women,latin,list-of-validly-nominated-candidates-Mormugaovp_2022.pdf,data/goa/2022/list-of-validly-nominated-candidates-Mormugaovp_2022.pdf,15
Goa,2022,South Goa,Canacona,Cola,I,gp_ward,ward,Woman,NONE,1,,,Women,latin,list-of-validly-nominated-candidates-canaconavp_2022.pdf,data/goa/2022/list-of-validly-nominated-candidates-canaconavp_2022.pdf,1
Goa,2022,South Goa,Canacona,Cola,II,gp_ward,ward,Other than Woman,NONE,0,,,General,latin,list-of-validly-nominated-candidates-canaconavp_2022.pdf,data/goa/2022/list-of-validly-nominated-candidates-canaconavp_2022.pdf,1
Goa,2022,South Goa,Canacona,Cola,III,gp_ward,ward,ST Other than Woman,ST,0,,,ST,latin,list-of-validly-nominated-candidates-canaconavp_2022.pdf,data/goa/2022/list-of-validly-nominated-candidates-canaconavp_2022.pdf,1
Goa,2022,South Goa,Canacona,Cola,IV,gp_ward,ward,Other than Woman,NONE,0,,,General,latin,list-of-validly-nominated-candidates-canaconavp_2022.pdf,data/goa/2022/list-of-validly-nominated-candidates-canaconavp_2022.pdf,1
Goa,2022,South Goa,Canacona,Cola,V,gp_ward,ward,Other than Woman,NONE,0,,,General,latin,list-of-validly-nominated-candidates-canaconavp_2022.pdf,data/goa/2022/list-of-validly-nominated-candidates-canaconavp_2022.pdf,1
Goa,2022,South Goa,Canacona,Cola,VI,gp_ward,ward,ST Woman,ST,1,,,ST Women,latin,list-of-validly-nominated-candidates-canaconavp_2022.pdf,data/goa/2022/list-of-validly-nominated-candidates-canaconavp_2022.pdf,2
Goa,2022,South Goa,Canacona,Cola,VII,gp_ward,ward,Other than Woman,NONE,0,,,General,latin,list-of-validly-nominated-candidates-canaconavp_2022.pdf,data/goa/2022/list-of-validly-nominated-candidates-canaconavp_2022.pdf,2
Goa,2022,South Goa,Canacona,Cola,VIII,gp_ward,ward,ST Other than Woman,ST,0,,,ST,latin,list-of-validly-nominated-candidates-canaconavp_2022.pdf,data/goa/2022/list-of-validly-nominated-candidates-canaconavp_2022.pdf,2
Goa,2022,South Goa,Canacona,Cola,IX,gp_ward,ward,ST Woman,ST,1,,,ST Women,latin,list-of-validly-nominated-candidates-canaconavp_2022.pdf,data/goa/2022/list-of-validly-nominated-candidates-canaconavp_2022.pdf,2
Goa,2022,South Goa,Canacona,Shrishthal,I,gp_ward,ward,BC Other than Woman,BC,0,,,OBC,latin,list-of-validly-nominated-candidates-canaconavp_2022.pdf,data/goa/2022/list-of-validly-nominated-candidates-canaconavp_2022.pdf,2
Goa,2022,South Goa,Canacona,Shrishthal,II,gp_ward,ward,Woman,NONE,1,,,Women,latin,list-of-validly-nominated-candidates-canaconavp_2022.pdf,data/goa/2022/list-of-validly-nominated-candidates-canaconavp_2022.pdf,3
Goa,2022,South Goa,Canacona,Shrishthal,III,gp_ward,ward,Other than Woman,NONE,0,,,General,latin,list-of-validly-nominated-candidates-canaconavp_2022.pdf,data/goa/2022/list-of-validly-nominated-candidates-canaconavp_2022.pdf,3
Goa,2022,South Goa,Canacona,Shrishthal,IV,gp_ward,ward,ST Other than Woman,ST,0,,,ST,latin,list-of-validly-nominated-candidates-canaconavp_2022.pdf,data/goa/2022/list-of-validly-nominated-candidates-canaconavp_2022.pdf,3
Goa,2022,South Goa,Canacona,Shrishthal,V,gp_ward,ward,Other than Woman,NONE,0,,,General,latin,list-of-validly-nominated-candidates-canaconavp_2022.pdf,data/goa/2022/list-of-validly-nominated-candidates-canaconavp_2022.pdf,3
Goa,2022,South Goa,Canacona,Shrishthal,VI,gp_ward,ward,Woman,NONE,1,,,Women,latin,list-of-validly-nominated-candidates-canaconavp_2022.pdf,data/goa/2022/list-of-validly-nominated-candidates-canaconavp_2022.pdf,3
Goa,2022,South Goa,Canacona,Shrishthal,VII,gp_ward,ward,Other than Woman,NONE,0,,,General,latin,list-of-validly-nominated-candidates-canaconavp_2022.pdf,data/goa/2022/list-of-validly-nominated-candidates-canaconavp_2022.pdf,4
Goa,2022,South Goa,Canacona,Shrishthal,VIII,gp_ward,ward,ST Woman,ST,1,,,ST Women,latin,list-of-validly-nominated-candidates-canaconavp_2022.pdf,data/goa/2022/list-of-validly-nominated-candidates-canaconavp_2022.pdf,4
Goa,2022,South Goa,Canacona,Shrishthal,IX,gp_ward,ward,ST Other than Woman,ST,0,,,ST,latin,list-of-validly-nominated-candidates-canaconavp_2022.pdf,data/goa/2022/list-of-validly-nominated-candidates-canaconavp_2022.pdf,4
Goa,2022,South Goa,Canacona,Agonda,I,gp_ward,ward,Woman,NONE,1,,,Women,latin,list-of-validly-nominated-candidates-canaconavp_2022.pdf,data/goa/2022/list-of-validly-nominated-candidates-canaconavp_2022.pdf,4
Goa,2022,South Goa,Canacona,Agonda,II,gp_ward,ward,Woman,NONE,1,,,Women,latin,list-of-validly-nominated-candidates-canaconavp_2022.pdf,data/goa/2022/list-of-validly-nominated-candidates-canaconavp_2022.pdf,4
Goa,2022,South Goa,Canacona,Agonda,III,gp_ward,ward,BC Other than Woman,BC,0,,,OBC,latin,list-of-validly-nominated-candidates-canaconavp_2022.pdf,data/goa/2022/list-of-validly-nominated-candidates-canaconavp_2022.pdf,5
Goa,2022,South Goa,Canacona,Agonda,IV,gp_ward,ward,Other than Woman,NONE,0,,,General,latin,list-of-validly-nominated-candidates-canaconavp_2022.pdf,data/goa/2022/list-of-validly-nominated-candidates-canaconavp_2022.pdf,5
Goa,2022,South Goa,Canacona,Agonda,V,gp_ward,ward,Other than Woman,NONE,0,,,General,latin,list-of-validly-nominated-candidates-canaconavp_2022.pdf,data/goa/2022/list-of-validly-nominated-candidates-canaconavp_2022.pdf,5
Goa,2022,South Goa,Canacona,Agonda,VI,gp_ward,ward,BC Woman,BC,1,,,OBC Women,latin,list-of-validly-nominated-candidates-canaconavp_2022.pdf,data/goa/2022/list-of-validly-nominated-candidates-canaconavp_2022.pdf,5
Goa,2022,South Goa,Canacona,Agonda,VII,gp_ward,ward,ST Other than Woman,ST,0,,,ST,latin,list-of-validly-nominated-candidates-canaconavp_2022.pdf,data/goa/2022/list-of-validly-nominated-candidates-canaconavp_2022.pdf,6
Goa,2022,South Goa,Canacona,Poinguinim,I,gp_ward,ward,ST Woman,ST,1,,,ST Women,latin,list-of-validly-nominated-candidates-canaconavp_2022.pdf,data/goa/2022/list-of-validly-nominated-candidates-canaconavp_2022.pdf,6
Goa,2022,South Goa,Canacona,Poinguinim,II,gp_ward,ward,Other than Woman,NONE,0,,,General,latin,list-of-validly-nominated-candidates-canaconavp_2022.pdf,data/goa/2022/list-of-validly-nominated-candidates-canaconavp_2022.pdf,6
Goa,2022,South Goa,Canacona,Poinguinim,III,gp_ward,ward,Other than Woman,NONE,0,,,General,latin,list-of-validly-nominated-candidates-canaconavp_2022.pdf,data/goa/2022/list-of-validly-nominated-candidates-canaconavp_2022.pdf,6
Goa,2022,South Goa,Canacona,Poinguinim,IV,gp_ward,ward,Other than Woman,NONE,0,,,General,latin,list-of-validly-nominated-candidates-canaconavp_2022.pdf,data/goa/2022/list-of-validly-nominated-candidates-canaconavp_2022.pdf,6
Goa,2022,South Goa,Canacona,Poinguinim,V,gp_ward,ward,Other than Woman,NONE,0,,,General,latin,list-of-validly-nominated-candidates-canaconavp_2022.pdf,data/goa/2022/list-of-validly-nominated-candidates-canaconavp_2022.pdf,6
Goa,2022,South Goa,Canacona,Poinguinim,VI,gp_ward,ward,BC Woman,BC,1,,,OBC Women,latin,list-of-validly-nominated-candidates-canaconavp_2022.pdf,data/goa/2022/list-of-validly-nominated-candidates-canaconavp_2022.pdf,6
Goa,2022,South Goa,Canacona,Poinguinim,VII,gp_ward,ward,Woman,NONE,1,,,Women,latin,list-of-validly-nominated-candidates-canaconavp_2022.pdf,data/goa/2022/list-of-validly-nominated-candidates-canaconavp_2022.pdf,6
Goa,2022,South Goa,Canacona,Poinguinim,VIII,gp_ward,ward,BC Other than Woman,BC,0,,,OBC,latin,list-of-validly-nominated-candidates-canaconavp_2022.pdf,data/goa/2022/list-of-validly-nominated-candidates-canaconavp_2022.pdf,7
Goa,2022,South Goa,Canacona,Poinguinim,IX,gp_ward,ward,ST Other than Woman,ST,0,,,ST,latin,list-of-validly-nominated-candidates-canaconavp_2022.pdf,data/goa/2022/list-of-validly-nominated-candidates-canaconavp_2022.pdf,7
Goa,2022,South Goa,Canacona,Loliem-Polem,I,gp_ward,ward,BC Woman,BC,1,,,OBC Women,latin,list-of-validly-nominated-candidates-canaconavp_2022.pdf,data/goa/2022/list-of-validly-nominated-candidates-canaconavp_2022.pdf,7
Goa,2022,South Goa,Canacona,Loliem-Polem,II,gp_ward,ward,Woman,NONE,1,,,Women,latin,list-of-validly-nominated-candidates-canaconavp_2022.pdf,data/goa/2022/list-of-validly-nominated-candidates-canaconavp_2022.pdf,7
Goa,2022,South Goa,Canacona,Loliem-Polem,III,gp_ward,ward,Other than Woman,NONE,0,,,General,latin,list-of-validly-nominated-candidates-canaconavp_2022.pdf,data/goa/2022/list-of-validly-nominated-candidates-canaconavp_2022.pdf,7
Goa,2022,South Goa,Canacona,Loliem-Polem,IV,gp_ward,ward,Other than Woman,NONE,0,,,General,latin,list-of-validly-nominated-candidates-canaconavp_2022.pdf,data/goa/2022/list-of-validly-nominated-candidates-canaconavp_2022.pdf,7
Goa,2022,South Goa,Canacona,Loliem-Polem,V,gp_ward,ward,Other than Woman,NONE,0,,,General,latin,list-of-validly-nominated-candidates-canaconavp_2022.pdf,data/goa/2022/list-of-validly-nominated-candidates-canaconavp_2022.pdf,8
Goa,2022,South Goa,Canacona,Loliem-Polem,VI,gp_ward,ward,Woman,NONE,1,,,Women,latin,list-of-validly-nominated-candidates-canaconavp_2022.pdf,data/goa/2022/list-of-validly-nominated-candidates-canaconavp_2022.pdf,8
Goa,2022,South Goa,Canacona,Loliem-Polem,VII,gp_ward,ward,BC Other than Woman,BC,0,,,OBC,latin,list-of-validly-nominated-candidates-canaconavp_2022.pdf,data/goa/2022/list-of-validly-nominated-candidates-canaconavp_2022.pdf,8
Goa,2022,South Goa,Canacona,Loliem-Polem,VIII,gp_ward,ward,Other than Woman,NONE,0,,,General,latin,list-of-validly-nominated-candidates-canaconavp_2022.pdf,data/goa/2022/list-of-validly-nominated-candidates-canaconavp_2022.pdf,8
Goa,2022,South Goa,Canacona,Loliem-Polem,IX,gp_ward,ward,BC Other than Woman,BC,0,,,OBC,latin,list-of-validly-nominated-candidates-canaconavp_2022.pdf,data/goa/2022/list-of-validly-nominated-candidates-canaconavp_2022.pdf,8
Goa,2022,South Goa,Canacona,Gaondongrem,I,gp_ward,ward,Other than Woman,NONE,0,,,General,latin,list-of-validly-nominated-candidates-canaconavp_2022.pdf,data/goa/2022/list-of-validly-nominated-candidates-canaconavp_2022.pdf,9
Goa,2022,South Goa,Canacona,Gaondongrem,II,gp_ward,ward,ST Other than Woman,ST,0,,,ST,latin,list-of-validly-nominated-candidates-canaconavp_2022.pdf,data/goa/2022/list-of-validly-nominated-candidates-canaconavp_2022.pdf,9
Goa,2022,South Goa,Canacona,Gaondongrem,III,gp_ward,ward,Other than Woman,NONE,0,,,General,latin,list-of-validly-nominated-candidates-canaconavp_2022.pdf,data/goa/2022/list-of-validly-nominated-candidates-canaconavp_2022.pdf,9
Goa,2022,South Goa,Canacona,Gaondongrem,IV,gp_ward,ward,ST Other than Woman,ST,0,,,ST,latin,list-of-validly-nominated-candidates-canaconavp_2022.pdf,data/goa/2022/list-of-validly-nominated-candidates-canaconavp_2022.pdf,9
Goa,2022,South Goa,Canacona,Gaondongrem,V,gp_ward,ward,Other than Woman,NONE,0,,,General,latin,list-of-validly-nominated-candidates-canaconavp_2022.pdf,data/goa/2022/list-of-validly-nominated-candidates-canaconavp_2022.pdf,9
Goa,2022,South Goa,Canacona,Gaondongrem,VI,gp_ward,ward,Woman,NONE,1,,,Women,latin,list-of-validly-nominated-candidates-canaconavp_2022.pdf,data/goa/2022/list-of-validly-nominated-candidates-canaconavp_2022.pdf,9
Goa,2022,South Goa,Canacona,Gaondongrem,VII,gp_ward,ward,ST Woman,ST,1,,,ST Women,latin,list-of-validly-nominated-candidates-canaconavp_2022.pdf,data/goa/2022/list-of-validly-nominated-candidates-canaconavp_2022.pdf,10
Goa,2022,South Goa,Canacona,Gaondongrem,VIII,gp_ward,ward,Other than Woman,NONE,0,,,General,latin,list-of-validly-nominated-candidates-canaconavp_2022.pdf,data/goa/2022/list-of-validly-nominated-candidates-canaconavp_2022.pdf,10
Goa,2022,South Goa,Canacona,Gaondongrem,IX,gp_ward,ward,ST Woman,ST,1,,,ST Women,latin,list-of-validly-nominated-candidates-canaconavp_2022.pdf,data/goa/2022/list-of-validly-nominated-candidates-canaconavp_2022.pdf,10
Goa,2022,South Goa,Canacona,Cotigao,I,gp_ward,ward,Woman,NONE,1,,,Women,latin,list-of-validly-nominated-candidates-canaconavp_2022.pdf,data/goa/2022/list-of-validly-nominated-candidates-canaconavp_2022.pdf,10
Goa,2022,South Goa,Canacona,Cotigao,II,gp_ward,ward,Other than Woman,NONE,0,,,General,latin,list-of-validly-nominated-candidates-canaconavp_2022.pdf,data/goa/2022/list-of-validly-nominated-candidates-canaconavp_2022.pdf,10
Goa,2022,South Goa,Canacona,Cotigao,III,gp_ward,ward,ST Other than Woman,ST,0,,,ST,latin,list-of-validly-nominated-candidates-canaconavp_2022.pdf,data/goa/2022/list-of-validly-nominated-candidates-canaconavp_2022.pdf,10
Goa,2022,South Goa,Canacona,Cotigao,IV,gp_ward,ward,Other than Woman,NONE,0,,,General,latin,list-of-validly-nominated-candidates-canaconavp_2022.pdf,data/goa/2022/list-of-validly-nominated-candidates-canaconavp_2022.pdf,10
Goa,2022,South Goa,Canacona,Cotigao,V,gp_ward,ward,ST Other than Woman,ST,0,,,ST,latin,list-of-validly-nominated-candidates-canaconavp_2022.pdf,data/goa/2022/list-of-validly-nominated-candidates-canaconavp_2022.pdf,10
Goa,2022,South Goa,Canacona,Cotigao,VI,gp_ward,ward,Woman,NONE,1,,,Women,latin,list-of-validly-nominated-candidates-canaconavp_2022.pdf,data/goa/2022/list-of-validly-nominated-candidates-canaconavp_2022.pdf,11
Goa,2022,South Goa,Canacona,Cotigao,VII,gp_ward,ward,ST Woman,ST,1,,,ST Women,latin,list-of-validly-nominated-candidates-canaconavp_2022.pdf,data/goa/2022/list-of-validly-nominated-candidates-canaconavp_2022.pdf,11
Goa,2022,North Goa,Pernem,Mandrem,I,gp_ward,ward,Other than Woman,NONE,0,,,General,latin,list-of-validly-nominated-candidates-pernemvp_2022.pdf,data/goa/2022/list-of-validly-nominated-candidates-pernemvp_2022.pdf,1
Goa,2022,North Goa,Pernem,Mandrem,II,gp_ward,ward,Other than Woman,NONE,0,,,General,latin,list-of-validly-nominated-candidates-pernemvp_2022.pdf,data/goa/2022/list-of-validly-nominated-candidates-pernemvp_2022.pdf,1
Goa,2022,North Goa,Pernem,Mandrem,III,gp_ward,ward,BC Other than Woman,BC,0,,,OBC,latin,list-of-validly-nominated-candidates-pernemvp_2022.pdf,data/goa/2022/list-of-validly-nominated-candidates-pernemvp_2022.pdf,1
Goa,2022,North Goa,Pernem,Mandrem,IV,gp_ward,ward,BC Woman,BC,1,,,OBC Women,latin,list-of-validly-nominated-candidates-pernemvp_2022.pdf,data/goa/2022/list-of-validly-nominated-candidates-pernemvp_2022.pdf,2
Goa,2022,North Goa,Pernem,Mandrem,V,gp_ward,ward,BC Other than Woman,BC,0,,,OBC,latin,list-of-validly-nominated-candidates-pernemvp_2022.pdf,data/goa/2022/list-of-validly-nominated-candidates-pernemvp_2022.pdf,2
Goa,2022,North Goa,Pernem,Mandrem,VI,gp_ward,ward,BC Woman,BC,1,,,OBC Women,latin,list-of-validly-nominated-candidates-pernemvp_2022.pdf,data/goa/2022/list-of-validly-nominated-candidates-pernemvp_2022.pdf,2
Goa,2022,North Goa,Pernem,Mandrem,VII,gp_ward,ward,Other than Woman,NONE,0,,,General,latin,list-of-validly-nominated-candidates-pernemvp_2022.pdf,data/goa/2022/list-of-validly-nominated-candidates-pernemvp_2022.pdf,2
Goa,2022,North Goa,Pernem,Mandrem,VIII,gp_ward,ward,Other than Woman,NONE,0,,,General,latin,list-of-validly-nominated-candidates-pernemvp_2022.pdf,data/goa/2022/list-of-validly-nominated-candidates-pernemvp_2022.pdf,3
Goa,2022,North Goa,Pernem,Mandrem,IX,gp_ward,ward,Woman,NONE,1,,,Women,latin,list-of-validly-nominated-candidates-pernemvp_2022.pdf,data/goa/2022/list-of-validly-nominated-candidates-pernemvp_2022.pdf,3
Goa,2022,North Goa,Pernem,Mandrem,X,gp_ward,ward,BC Other than Woman,BC,0,,,OBC,latin,list-of-validly-nominated-candidates-pernemvp_2022.pdf,data/goa/2022/list-of-validly-nominated-candidates-pernemvp_2022.pdf,3
Goa,2022,North Goa,Pernem,Mandrem,XI,gp_ward,ward,Woman,NONE,1,,,Women,latin,list-of-validly-nominated-candidates-pernemvp_2022.pdf,data/goa/2022/list-of-validly-nominated-candidates-pernemvp_2022.pdf,3
Goa,2022,North Goa,Pernem,Arambol,I,gp_ward,ward,Woman,NONE,1,,,Women,latin,list-of-validly-nominated-candidates-pernemvp_2022.pdf,data/goa/2022/list-of-validly-nominated-candidates-pernemvp_2022.pdf,4
Goa,2022,North Goa,Pernem,Arambol,II,gp_ward,ward,Woman,NONE,1,,,Women,latin,list-of-validly-nominated-candidates-pernemvp_2022.pdf,data/goa/2022/list-of-validly-nominated-candidates-pernemvp_2022.pdf,4
Goa,2022,North Goa,Pernem,Arambol,III,gp_ward,ward,BC Other than Woman,BC,0,,,OBC,latin,list-of-validly-nominated-candidates-pernemvp_2022.pdf,data/goa/2022/list-of-validly-nominated-candidates-pernemvp_2022.pdf,4
Goa,2022,North Goa,Pernem,Arambol,IV,gp_ward,ward,BC Other than Woman,BC,0,,,OBC,latin,list-of-validly-nominated-candidates-pernemvp_2022.pdf,data/goa/2022/list-of-validly-nominated-candidates-pernemvp_2022.pdf,5
Goa,2022,North Goa,Pernem,Arambol,V,gp_ward,ward,Other than Woman,NONE,0,,,General,latin,list-of-validly-nominated-candidates-pernemvp_2022.pdf,data/goa/2022/list-of-validly-nominated-candidates-pernemvp_2022.pdf,5
Goa,2022,North Goa,Pernem,Arambol,VII,gp_ward,ward,Other than Woman,NONE,0,,,General,latin,list-of-validly-nominated-candidates-pernemvp_2022.pdf,data/goa/2022/list-of-validly-nominated-candidates-pernemvp_2022.pdf,5
Goa,2022,North Goa,Pernem,Arambol,VIII,gp_ward,ward,Other than Woman,NONE,0,,,General,latin,list-of-validly-nominated-candidates-pernemvp_2022.pdf,data/goa/2022/list-of-validly-nominated-candidates-pernemvp_2022.pdf,6
Goa,2022,North Goa,Pernem,Arambol,IX,gp_ward,ward,BC Woman,BC,1,,,OBC Women,latin,list-of-validly-nominated-candidates-pernemvp_2022.pdf,data/goa/2022/list-of-validly-nominated-candidates-pernemvp_2022.pdf,6
Goa,2022,North Goa,Pernem,Paliem,I,gp_ward,ward,Woman,NONE,1,,,Women,latin,list-of-validly-nominated-candidates-pernemvp_2022.pdf,data/goa/2022/list-of-validly-nominated-candidates-pernemvp_2022.pdf,6
Goa,2022,North Goa,Pernem,Paliem,II,gp_ward,ward,Other than Woman,NONE,0,,,General,latin,list-of-validly-nominated-candidates-pernemvp_2022.pdf,data/goa/2022/list-of-validly-nominated-candidates-pernemvp_2022.pdf,6
Goa,2022,North Goa,Pernem,Paliem,III,gp_ward,ward,Other than Woman,NONE,0,,,General,latin,list-of-validly-nominated-candidates-pernemvp_2022.pdf,data/goa/2022/list-of-validly-nominated-candidates-pernemvp_2022.pdf,6
Goa,2022,North Goa,Pernem,Paliem,IV,gp_ward,ward,BC Other than Woman,BC,0,,,OBC,latin,list-of-validly-nominated-candidates-pernemvp_2022.pdf,data/goa/2022/list-of-validly-nominated-candidates-pernemvp_2022.pdf,7
Goa,2022,North Goa,Pernem,Paliem,V,gp_ward,ward,Woman,NONE,1,,,Women,latin,list-of-validly-nominated-candidates-pernemvp_2022.pdf,data/goa/2022/list-of-validly-nominated-candidates-pernemvp_2022.pdf,7
Goa,2022,North Goa,Pernem,Paliem,VI,gp_ward,ward,BC Other than Woman,BC,0,,,OBC,latin,list-of-validly-nominated-candidates-pernemvp_2022.pdf,data/goa/2022/list-of-validly-nominated-candidates-pernemvp_2022.pdf,7
Goa,2022,North Goa,Pernem,Paliem,VII,gp_ward,ward,BC Woman,BC,1,,,OBC Women,latin,list-of-validly-nominated-candidates-pernemvp_2022.pdf,data/goa/2022/list-of-validly-nominated-candidates-pernemvp_2022.pdf,7
Goa,2022,North Goa,Pernem,Querim- Tiracol,I,gp_ward,ward,BC Other than Woman,BC,0,,,OBC,latin,list-of-validly-nominated-candidates-pernemvp_2022.pdf,data/goa/2022/list-of-validly-nominated-candidates-pernemvp_2022.pdf,7
Goa,2022,North Goa,Pernem,Querim- Tiracol,II,gp_ward,ward,BC Woman,BC,1,,,OBC Women,latin,list-of-validly-nominated-candidates-pernemvp_2022.pdf,data/goa/2022/list-of-validly-nominated-candidates-pernemvp_2022.pdf,7
Goa,2022,North Goa,Pernem,Querim- Tiracol,III,gp_ward,ward,BC Other than Woman,BC,0,,,OBC,latin,list-of-validly-nominated-candidates-pernemvp_2022.pdf,data/goa/2022/list-of-validly-nominated-candidates-pernemvp_2022.pdf,8
Goa,2022,North Goa,Pernem,Querim- Tiracol,IV,gp_ward,ward,Other than Woman,NONE,0,,,General,latin,list-of-validly-nominated-candidates-pernemvp_2022.pdf,data/goa/2022/list-of-validly-nominated-candidates-pernemvp_2022.pdf,8
Goa,2022,North Goa,Pernem,Querim- Tiracol,V,gp_ward,ward,Other than Woman,NONE,0,,,General,latin,list-of-validly-nominated-candidates-pernemvp_2022.pdf,data/goa/2022/list-of-validly-nominated-candidates-pernemvp_2022.pdf,8
Goa,2022,North Goa,Pernem,Querim- Tiracol,VI,gp_ward,ward,Woman,NONE,1,,,Women,latin,list-of-validly-nominated-candidates-pernemvp_2022.pdf,data/goa/2022/list-of-validly-nominated-candidates-pernemvp_2022.pdf,9
Goa,2022,North Goa,Pernem,Querim- Tiracol,VII,gp_ward,ward,Woman,NONE,1,,,Women,latin,list-of-validly-nominated-candidates-pernemvp_2022.pdf,data/goa/2022/list-of-validly-nominated-candidates-pernemvp_2022.pdf,9
Goa,2022,North Goa,Pernem,Corgao,I,gp_ward,ward,Woman,NONE,1,,,Women,latin,list-of-validly-nominated-candidates-pernemvp_2022.pdf,data/goa/2022/list-of-validly-nominated-candidates-pernemvp_2022.pdf,9
Goa,2022,North Goa,Pernem,Corgao,II,gp_ward,ward,BC Other than Woman,BC,0,,,OBC,latin,list-of-validly-nominated-candidates-pernemvp_2022.pdf,data/goa/2022/list-of-validly-nominated-candidates-pernemvp_2022.pdf,9
Goa,2022,North Goa,Pernem,Corgao,III,gp_ward,ward,Other than Woman,NONE,0,,,General,latin,list-of-validly-nominated-candidates-pernemvp_2022.pdf,data/goa/2022/list-of-validly-nominated-candidates-pernemvp_2022.pdf,10
Goa,2022,North Goa,Pernem,Corgao,IV,gp_ward,ward,Other than Woman,NONE,0,,,General,latin,list-of-validly-nominated-candidates-pernemvp_2022.pdf,data/goa/2022/list-of-validly-nominated-candidates-pernemvp_2022.pdf,10
Goa,2022,North Goa,Pernem,Corgao,V,gp_ward,ward,SC Other than Woman,SC,0,,,SC,latin,list-of-validly-nominated-candidates-pernemvp_2022.pdf,data/goa/2022/list-of-validly-nominated-candidates-pernemvp_2022.pdf,10
Goa,2022,North Goa,Pernem,Corgao,VI,gp_ward,ward,BC Woman,BC,1,,,OBC Women,latin,list-of-validly-nominated-candidates-pernemvp_2022.pdf,data/goa/2022/list-of-validly-nominated-candidates-pernemvp_2022.pdf,10
Goa,2022,North Goa,Pernem,Corgao,VII,gp_ward,ward,Woman,NONE,1,,,Women,latin,list-of-validly-nominated-candidates-pernemvp_2022.pdf,data/goa/2022/list-of-validly-nominated-candidates-pernemvp_2022.pdf,10
Goa,2022,North Goa,Pernem,Corgao,VIII,gp_ward,ward,Other than Woman,NONE,0,,,General,latin,list-of-validly-nominated-candidates-pernemvp_2022.pdf,data/goa/2022/list-of-validly-nominated-candidates-pernemvp_2022.pdf,11
Goa,2022,North Goa,Pernem,Corgao,IX,gp_ward,ward,BC Other than Woman,BC,0,,,OBC,latin,list-of-validly-nominated-candidates-pernemvp_2022.pdf,data/goa/2022/list-of-validly-nominated-candidates-pernemvp_2022.pdf,11
Goa,2022,North Goa,Pernem,Parcem,I,gp_ward,ward,BC Woman,BC,1,,,OBC Women,latin,list-of-validly-nominated-candidates-pernemvp_2022.pdf,data/goa/2022/list-of-validly-nominated-candidates-pernemvp_2022.pdf,11
Goa,2022,North Goa,Pernem,Parcem,II,gp_ward,ward,Woman,NONE,1,,,Women,latin,list-of-validly-nominated-candidates-pernemvp_2022.pdf,data/goa/2022/list-of-validly-nominated-candidates-pernemvp_2022.pdf,12
Goa,2022,North Goa,Pernem,Parcem,III,gp_ward,ward,Other than Woman,NONE,0,,,General,latin,list-of-validly-nominated-candidates-pernemvp_2022.pdf,data/goa/2022/list-of-validly-nominated-candidates-pernemvp_2022.pdf,12
Goa,2022,North Goa,Pernem,Parcem,IV,gp_ward,ward,BC Other than Woman,BC,0,,,OBC,latin,list-of-validly-nominated-candidates-pernemvp_2022.pdf,data/goa/2022/list-of-validly-nominated-candidates-pernemvp_2022.pdf,12
Goa,2022,North Goa,Pernem,Parcem,V,gp_ward,ward,Woman,NONE,1,,,Women,latin,list-of-validly-nominated-candidates-pernemvp_2022.pdf,data/goa/2022/list-of-validly-nominated-candidates-pernemvp_2022.pdf,12
Goa,2022,North Goa,Pernem,Parcem,VI,gp_ward,ward,BC Other than Woman,BC,0,,,OBC,latin,list-of-validly-nominated-candidates-pernemvp_2022.pdf,data/goa/2022/list-of-validly-nominated-candidates-pernemvp_2022.pdf,13
Goa,2022,North Goa,Pernem,Parcem,VII,gp_ward,ward,Other than Woman,NONE,0,,,General,latin,list-of-validly-nominated-candidates-pernemvp_2022.pdf,data/goa/2022/list-of-validly-nominated-candidates-pernemvp_2022.pdf,13
Goa,2022,North Goa,Pernem,Agarwada- Chopdem,I,gp_ward,ward,Woman,NONE,1,,,Women,latin,list-of-validly-nominated-candidates-pernemvp_2022.pdf,data/goa/2022/list-of-validly-nominated-candidates-pernemvp_2022.pdf,13
Goa,2022,North Goa,Pernem,Agarwada- Chopdem,II,gp_ward,ward,Woman,NONE,1,,,Women,latin,list-of-validly-nominated-candidates-pernemvp_2022.pdf,data/goa/2022/list-of-validly-nominated-candidates-pernemvp_2022.pdf,13
Goa,2022,North Goa,Pernem,Agarwada- Chopdem,III,gp_ward,ward,Other than Woman,NONE,0,,,General,latin,list-of-validly-nominated-candidates-pernemvp_2022.pdf,data/goa/2022/list-of-validly-nominated-candidates-pernemvp_2022.pdf,13
Goa,2022,North Goa,Pernem,Agarwada- Chopdem,IV,gp_ward,ward,Other than Woman,NONE,0,,,General,latin,list-of-validly-nominated-candidates-pernemvp_2022.pdf,data/goa/2022/list-of-validly-nominated-candidates-pernemvp_2022.pdf,13
Goa,2022,North Goa,Pernem,Agarwada- Chopdem,V,gp_ward,ward,BC Other than Woman,BC,0,,,OBC,latin,list-of-validly-nominated-candidates-pernemvp_2022.pdf,data/goa/2022/list-of-validly-nominated-candidates-pernemvp_2022.pdf,14
Goa,2022,North Goa,Pernem,Agarwada- Chopdem,VI,gp_ward,ward,Woman,NONE,1,,,Women,latin,list-of-validly-nominated-candidates-pernemvp_2022.pdf,data/goa/2022/list-of-validly-nominated-candidates-pernemvp_2022.pdf,14
Goa,2022,North Goa,Pernem,Agarwada- Chopdem,VII,gp_ward,ward,SC Other than Woman,SC,0,,,SC,latin,list-of-validly-nominated-candidates-pernemvp_2022.pdf,data/goa/2022/list-of-validly-nominated-candidates-pernemvp_2022.pdf,14
Goa,2022,North Goa,Pernem,Morjim,I,gp_ward,ward,Other than Woman,NONE,0,,,General,latin,list-of-validly-nominated-candidates-pernemvp_2022.pdf,data/goa/2022/list-of-validly-nominated-candidates-pernemvp_2022.pdf,14
Goa,2022,North Goa,Pernem,Morjim,II,gp_ward,ward,Woman,NONE,1,,,Women,latin,list-of-validly-nominated-candidates-pernemvp_2022.pdf,data/goa/2022/list-of-validly-nominated-candidates-pernemvp_2022.pdf,15
Goa,2022,North Goa,Pernem,Morjim,III,gp_ward,ward,Other than Woman,NONE,0,,,General,latin,list-of-validly-nominated-candidates-pernemvp_2022.pdf,data/goa/2022/list-of-validly-nominated-candidates-pernemvp_2022.pdf,15
Goa,2022,North Goa,Pernem,Morjim,IV,gp_ward,ward,BC Other than Woman,BC,0,,,OBC,latin,list-of-validly-nominated-candidates-pernemvp_2022.pdf,data/goa/2022/list-of-validly-nominated-candidates-pernemvp_2022.pdf,15
Goa,2022,North Goa,Pernem,Morjim,V,gp_ward,ward,Other than Woman,NONE,0,,,General,latin,list-of-validly-nominated-candidates-pernemvp_2022.pdf,data/goa/2022/list-of-validly-nominated-candidates-pernemvp_2022.pdf,15
Goa,2022,North Goa,Pernem,Morjim,VI,gp_ward,ward,BC Woman,BC,1,,,OBC Women,latin,list-of-validly-nominated-candidates-pernemvp_2022.pdf,data/goa/2022/list-of-validly-nominated-candidates-pernemvp_2022.pdf,15
Goa,2022,North Goa,Pernem,Morjim,VII,gp_ward,ward,BC Other than Woman,BC,0,,,OBC,latin,list-of-validly-nominated-candidates-pernemvp_2022.pdf,data/goa/2022/list-of-validly-nominated-candidates-pernemvp_2022.pdf,16
Goa,2022,North Goa,Pernem,Morjim,VIII,gp_ward,ward,Other than Woman,NONE,0,,,General,latin,list-of-validly-nominated-candidates-pernemvp_2022.pdf,data/goa/2022/list-of-validly-nominated-candidates-pernemvp_2022.pdf,16
Goa,2022,North Goa,Pernem,Morjim,IX,gp_ward,ward,BC Woman,BC,1,,,OBC Women,latin,list-of-validly-nominated-candidates-pernemvp_2022.pdf,data/goa/2022/list-of-validly-nominated-candidates-pernemvp_2022.pdf,16
Goa,2022,North Goa,Pernem,Dhargalim,I,gp_ward,ward,BC Woman,BC,1,,,OBC Women,latin,list-of-validly-nominated-candidates-pernemvp_2022.pdf,data/goa/2022/list-of-validly-nominated-candidates-pernemvp_2022.pdf,16
Goa,2022,North Goa,Pernem,Dhargalim,II,gp_ward,ward,Woman,NONE,1,,,Women,latin,list-of-validly-nominated-candidates-pernemvp_2022.pdf,data/goa/2022/list-of-validly-nominated-candidates-pernemvp_2022.pdf,16
Goa,2022,North Goa,Pernem,Dhargalim,III,gp_ward,ward,Other than Woman,NONE,0,,,General,latin,list-of-validly-nominated-candidates-pernemvp_2022.pdf,data/goa/2022/list-of-validly-nominated-candidates-pernemvp_2022.pdf,17
Goa,2022,North Goa,Pernem,Dhargalim,IV,gp_ward,ward,Other than Woman,NONE,0,,,General,latin,list-of-validly-nominated-candidates-pernemvp_2022.pdf,data/goa/2022/list-of-validly-nominated-candidates-pernemvp_2022.pdf,17
Goa,2022,North Goa,Pernem,Dhargalim,V,gp_ward,ward,Other than Woman,NONE,0,,,General,latin,list-of-validly-nominated-candidates-pernemvp_2022.pdf,data/goa/2022/list-of-validly-nominated-candidates-pernemvp_2022.pdf,17
Goa,2022,North Goa,Pernem,Dhargalim,VI,gp_ward,ward,BC Other than Woman,BC,0,,,OBC,latin,list-of-validly-nominated-candidates-pernemvp_2022.pdf,data/goa/2022/list-of-validly-nominated-candidates-pernemvp_2022.pdf,17
Goa,2022,North Goa,Pernem,Dhargalim,VII,gp_ward,ward,Woman,NONE,1,,,Women,latin,list-of-validly-nominated-candidates-pernemvp_2022.pdf,data/goa/2022/list-of-validly-nominated-candidates-pernemvp_2022.pdf,18
Goa,2022,North Goa,Pernem,Dhargalim,VIII,gp_ward,ward,SC Other than Woman,SC,0,,,SC,latin,list-of-validly-nominated-candidates-pernemvp_2022.pdf,data/goa/2022/list-of-validly-nominated-candidates-pernemvp_2022.pdf,18
Goa,2022,North Goa,Pernem,Dhargalim,IX,gp_ward,ward,BC Other than Woman,BC,0,,,OBC,latin,list-of-validly-nominated-candidates-pernemvp_2022.pdf,data/goa/2022/list-of-validly-nominated-candidates-pernemvp_2022.pdf,18
Goa,2022,North Goa,Pernem,Tuem,I,gp_ward,ward,Other than Woman,NONE,0,,,General,latin,list-of-validly-nominated-candidates-pernemvp_2022.pdf,data/goa/2022/list-of-validly-nominated-candidates-pernemvp_2022.pdf,18
Goa,2022,North Goa,Pernem,Tuem,II,gp_ward,ward,BC Woman,BC,1,,,OBC Women,latin,list-of-validly-nominated-candidates-pernemvp_2022.pdf,data/goa/2022/list-of-validly-nominated-candidates-pernemvp_2022.pdf,18
Goa,2022,North Goa,Pernem,Tuem,III,gp_ward,ward,Other than Woman,NONE,0,,,General,latin,list-of-validly-nominated-candidates-pernemvp_2022.pdf,data/goa/2022/list-of-validly-nominated-candidates-pernemvp_2022.pdf,18
Goa,2022,North Goa,Pernem,Tuem,IV,gp_ward,ward,BC Other than Woman,BC,0,,,OBC,latin,list-of-validly-nominated-candidates-pernemvp_2022.pdf,data/goa/2022/list-of-validly-nominated-candidates-pernemvp_2022.pdf,19
Goa,2022,North Goa,Pernem,Tuem,V,gp_ward,ward,Woman,NONE,1,,,Women,latin,list-of-validly-nominated-candidates-pernemvp_2022.pdf,data/goa/2022/list-of-validly-nominated-candidates-pernemvp_2022.pdf,19
Goa,2022,North Goa,Pernem,Tuem,VI,gp_ward,ward,Woman,NONE,1,,,Women,latin,list-of-validly-nominated-candidates-pernemvp_2022.pdf,data/goa/2022/list-of-validly-nominated-candidates-pernemvp_2022.pdf,19
Goa,2022,North Goa,Pernem,Tuem,VII,gp_ward,ward,BC Other than Woman,BC,0,,,OBC,latin,list-of-validly-nominated-candidates-pernemvp_2022.pdf,data/goa/2022/list-of-validly-nominated-candidates-pernemvp_2022.pdf,19
Goa,2022,North Goa,Pernem,Virnoda,I,gp_ward,ward,Other than Woman,NONE,0,,,General,latin,list-of-validly-nominated-candidates-pernemvp_2022.pdf,data/goa/2022/list-of-validly-nominated-candidates-pernemvp_2022.pdf,19
Goa,2022,North Goa,Pernem,Virnoda,II,gp_ward,ward,BC Other than Woman,BC,0,,,OBC,latin,list-of-validly-nominated-candidates-pernemvp_2022.pdf,data/goa/2022/list-of-validly-nominated-candidates-pernemvp_2022.pdf,20
Goa,2022,North Goa,Pernem,Virnoda,III,gp_ward,ward,Other than Woman,NONE,0,,,General,latin,list-of-validly-nominated-candidates-pernemvp_2022.pdf,data/goa/2022/list-of-validly-nominated-candidates-pernemvp_2022.pdf,20
Goa,2022,North Goa,Pernem,Virnoda,IV,gp_ward,ward,Other than Woman,NONE,0,,,General,latin,list-of-validly-nominated-candidates-pernemvp_2022.pdf,data/goa/2022/list-of-validly-nominated-candidates-pernemvp_2022.pdf,20
Goa,2022,North Goa,Pernem,Virnoda,V,gp_ward,ward,Woman,NONE,1,,,Women,latin,list-of-validly-nominated-candidates-pernemvp_2022.pdf,data/goa/2022/list-of-validly-nominated-candidates-pernemvp_2022.pdf,20
Goa,2022,North Goa,Pernem,Virnoda,VI,gp_ward,ward,Woman,NONE,1,,,Women,latin,list-of-validly-nominated-candidates-pernemvp_2022.pdf,data/goa/2022/list-of-validly-nominated-candidates-pernemvp_2022.pdf,20
Goa,2022,North Goa,Pernem,Virnoda,VII,gp_ward,ward,Woman,NONE,1,,,Women,latin,list-of-validly-nominated-candidates-pernemvp_2022.pdf,data/goa/2022/list-of-validly-nominated-candidates-pernemvp_2022.pdf,20
Goa,2022,North Goa,Pernem,Casne- Amberem- Porascadem,I,gp_ward,ward,Other than Woman,NONE,0,,,General,latin,list-of-validly-nominated-candidates-pernemvp_2022.pdf,data/goa/2022/list-of-validly-nominated-candidates-pernemvp_2022.pdf,20
Goa,2022,North Goa,Pernem,Casne- Amberem- Porascadem,II,gp_ward,ward,Woman,NONE,1,,,Women,latin,list-of-validly-nominated-candidates-pernemvp_2022.pdf,data/goa/2022/list-of-validly-nominated-candidates-pernemvp_2022.pdf,21
Goa,2022,North Goa,Pernem,Casne- Amberem- Porascadem,III,gp_ward,ward,BC Other than Woman,BC,0,,,OBC,latin,list-of-validly-nominated-candidates-pernemvp_2022.pdf,data/goa/2022/list-of-validly-nominated-candidates-pernemvp_2022.pdf,21
Goa,2022,North Goa,Pernem,Casne- Amberem- Porascadem,IV,gp_ward,ward,SC Other than Woman,SC,0,,,SC,latin,list-of-validly-nominated-candidates-pernemvp_2022.pdf,data/goa/2022/list-of-validly-nominated-candidates-pernemvp_2022.pdf,21
Goa,2022,North Goa,Pernem,Casne- Amberem- Porascadem,V,gp_ward,ward,BC Woman,BC,1,,,OBC Women,latin,list-of-validly-nominated-candidates-pernemvp_2022.pdf,data/goa/2022/list-of-validly-nominated-candidates-pernemvp_2022.pdf,21
Goa,2022,North Goa,Pernem,Casne- Amberem- Porascadem,VI,gp_ward,ward,Woman,NONE,1,,,Women,latin,list-of-validly-nominated-candidates-pernemvp_2022.pdf,data/goa/2022/list-of-validly-nominated-candidates-pernemvp_2022.pdf,22
Goa,2022,North Goa,Pernem,Casne- Amberem- Porascadem,VII,gp_ward,ward,Other than Woman,NONE,0,,,General,latin,list-of-validly-nominated-candidates-pernemvp_2022.pdf,data/goa/2022/list-of-validly-nominated-candidates-pernemvp_2022.pdf,22
Goa,2022,North Goa,Pernem,Tamboxem- Mopa- Ugvem,I,gp_ward,ward,BC Woman,BC,1,,,OBC Women,latin,list-of-validly-nominated-candidates-pernemvp_2022.pdf,data/goa/2022/list-of-validly-nominated-candidates-pernemvp_2022.pdf,22
Goa,2022,North Goa,Pernem,Tamboxem- Mopa- Ugvem,II,gp_ward,ward,Other than Woman,NONE,0,,,General,latin,list-of-validly-nominated-candidates-pernemvp_2022.pdf,data/goa/2022/list-of-validly-nominated-candidates-pernemvp_2022.pdf,22
Goa,2022,North Goa,Pernem,Tamboxem- Mopa- Ugvem,III,gp_ward,ward,SC Other than Woman,SC,0,,,SC,latin,list-of-validly-nominated-candidates-pernemvp_2022.pdf,data/goa/2022/list-of-validly-nominated-candidates-pernemvp_2022.pdf,22
Goa,2022,North Goa,Pernem,Tamboxem- Mopa- Ugvem,IV,gp_ward,ward,BC Other than Woman,BC,0,,,OBC,latin,list-of-validly-nominated-candidates-pernemvp_2022.pdf,data/goa/2022/list-of-validly-nominated-candidates-pernemvp_2022.pdf,22
Goa,2022,North Goa,Pernem,Tamboxem- Mopa- Ugvem,V,gp_ward,ward,Woman,NONE,1,,,Women,latin,list-of-validly-nominated-candidates-pernemvp_2022.pdf,data/goa/2022/list-of-validly-nominated-candidates-pernemvp_2022.pdf,23
Goa,2022,North Goa,Pernem,Tamboxem- Mopa- Ugvem,VI,gp_ward,ward,Other than Woman,NONE,0,,,General,latin,list-of-validly-nominated-candidates-pernemvp_2022.pdf,data/goa/2022/list-of-validly-nominated-candidates-pernemvp_2022.pdf,23
Goa,2022,North Goa,Pernem,Tamboxem- Mopa- Ugvem,VII,gp_ward,ward,Woman,NONE,1,,,Women,latin,list-of-validly-nominated-candidates-pernemvp_2022.pdf,data/goa/2022/list-of-validly-nominated-candidates-pernemvp_2022.pdf,23
Goa,2022,North Goa,Pernem,Torxem,I,gp_ward,ward,BC Woman,BC,1,,,OBC Women,latin,list-of-validly-nominated-candidates-pernemvp_2022.pdf,data/goa/2022/list-of-validly-nominated-candidates-pernemvp_2022.pdf,23
Goa,2022,North Goa,Pernem,Torxem,II,gp_ward,ward,Other than Woman,NONE,0,,,General,latin,list-of-validly-nominated-candidates-pernemvp_2022.pdf,data/goa/2022/list-of-validly-nominated-candidates-pernemvp_2022.pdf,23
Goa,2022,North Goa,Pernem,Torxem,III,gp_ward,ward,Other than Woman,NONE,0,,,General,latin,list-of-validly-nominated-candidates-pernemvp_2022.pdf,data/goa/2022/list-of-validly-nominated-candidates-pernemvp_2022.pdf,24
Goa,2022,North Goa,Pernem,Torxem,IV,gp_ward,ward,BC Other than Woman,BC,0,,,OBC,latin,list-of-validly-nominated-candidates-pernemvp_2022.pdf,data/goa/2022/list-of-validly-nominated-candidates-pernemvp_2022.pdf,24
Goa,2022,North Goa,Pernem,Torxem,V,gp_ward,ward,Woman,NONE,1,,,Women,latin,list-of-validly-nominated-candidates-pernemvp_2022.pdf,data/goa/2022/list-of-validly-nominated-candidates-pernemvp_2022.pdf,24
Goa,2022,North Goa,Pernem,Torxem,VI,gp_ward,ward,Woman,NONE,1,,,Women,latin,list-of-validly-nominated-candidates-pernemvp_2022.pdf,data/goa/2022/list-of-validly-nominated-candidates-pernemvp_2022.pdf,24
Goa,2022,North Goa,Pernem,Torxem,VII,gp_ward,ward,SC Other than Woman,SC,0,,,SC,latin,list-of-validly-nominated-candidates-pernemvp_2022.pdf,data/goa/2022/list-of-validly-nominated-candidates-pernemvp_2022.pdf,24
Goa,2022,North Goa,Pernem,Ibrampur- Hankhane,I,gp_ward,ward,SC Other than Woman,SC,0,,,SC,latin,list-of-validly-nominated-candidates-pernemvp_2022.pdf,data/goa/2022/list-of-validly-nominated-candidates-pernemvp_2022.pdf,24
Goa,2022,North Goa,Pernem,Ibrampur- Hankhane,II,gp_ward,ward,Other than Woman,NONE,0,,,General,latin,list-of-validly-nominated-candidates-pernemvp_2022.pdf,data/goa/2022/list-of-validly-nominated-candidates-pernemvp_2022.pdf,24
Goa,2022,North Goa,Pernem,Ibrampur- Hankhane,III,gp_ward,ward,BC Other than Woman,BC,0,,,OBC,latin,list-of-validly-nominated-candidates-pernemvp_2022.pdf,data/goa/2022/list-of-validly-nominated-candidates-pernemvp_2022.pdf,25
Goa,2022,North Goa,Pernem,Ibrampur- Hankhane,IV,gp_ward,ward,Other than Woman,NONE,0,,,General,latin,list-of-validly-nominated-candidates-pernemvp_2022.pdf,data/goa/2022/list-of-validly-nominated-candidates-pernemvp_2022.pdf,25
Goa,2022,North Goa,Pernem,Ibrampur- Hankhane,V,gp_ward,ward,Woman,NONE,1,,,Women,latin,list-of-validly-nominated-candidates-pernemvp_2022.pdf,data/goa/2022/list-of-validly-nominated-candidates-pernemvp_2022.pdf,25
Goa,2022,North Goa,Pernem,Ibrampur- Hankhane,VI,gp_ward,ward,Woman,NONE,1,,,Women,latin,list-of-validly-nominated-candidates-pernemvp_2022.pdf,data/goa/2022/list-of-validly-nominated-candidates-pernemvp_2022.pdf,25
Goa,2022,North Goa,Pernem,Ibrampur- Hankhane,VII,gp_ward,ward,BC Woman,BC,1,,,OBC Women,latin,list-of-validly-nominated-candidates-pernemvp_2022.pdf,data/goa/2022/list-of-validly-nominated-candidates-pernemvp_2022.pdf,25
Goa,2022,North Goa,Pernem,Ozarim,I,gp_ward,ward,Other than Woman,NONE,0,,,General,latin,list-of-validly-nominated-candidates-pernemvp_2022.pdf,data/goa/2022/list-of-validly-nominated-candidates-pernemvp_2022.pdf,25
Goa,2022,North Goa,Pernem,Ozarim,II,gp_ward,ward,Other than Woman,NONE,0,,,General,latin,list-of-validly-nominated-candidates-pernemvp_2022.pdf,data/goa/2022/list-of-validly-nominated-candidates-pernemvp_2022.pdf,26
Goa,2022,North Goa,Pernem,Ozarim,III,gp_ward,ward,BC Other than Woman,BC,0,,,OBC,latin,list-of-validly-nominated-candidates-pernemvp_2022.pdf,data/goa/2022/list-of-validly-nominated-candidates-pernemvp_2022.pdf,26
Goa,2022,North Goa,Pernem,Ozarim,IV,gp_ward,ward,Woman,NONE,1,,,Women,latin,list-of-validly-nominated-candidates-pernemvp_2022.pdf,data/goa/2022/list-of-validly-nominated-candidates-pernemvp_2022.pdf,26
Goa,2022,North Goa,Pernem,Ozarim,V,gp_ward,ward,BC Woman,BC,1,,,OBC Women,latin,list-of-validly-nominated-candidates-pernemvp_2022.pdf,data/goa/2022/list-of-validly-nominated-candidates-pernemvp_2022.pdf,26
Goa,2022,North Goa,Pernem,Varkhand- Nagzar,I,gp_ward,ward,BC Other than Woman,BC,0,,,OBC,latin,list-of-validly-nominated-candidates-pernemvp_2022.pdf,data/goa/2022/list-of-validly-nominated-candidates-pernemvp_2022.pdf,26
Goa,2022,North Goa,Pernem,Varkhand- Nagzar,II,gp_ward,ward,Woman,NONE,1,,,Women,latin,list-of-validly-nominated-candidates-pernemvp_2022.pdf,data/goa/2022/list-of-validly-nominated-candidates-pernemvp_2022.pdf,26
Goa,2022,North Goa,Pernem,Varkhand- Nagzar,III,gp_ward,ward,Other than Woman,NONE,0,,,General,latin,list-of-validly-nominated-candidates-pernemvp_2022.pdf,data/goa/2022/list-of-validly-nominated-candidates-pernemvp_2022.pdf,26
Goa,2022,North Goa,Pernem,Varkhand- Nagzar,IV,gp_ward,ward,Other than Woman,NONE,0,,,General,latin,list-of-validly-nominated-candidates-pernemvp_2022.pdf,data/goa/2022/list-of-validly-nominated-candidates-pernemvp_2022.pdf,27
Goa,2022,North Goa,Pernem,Varkhand- Nagzar,V,gp_ward,ward,BC Other than Woman,BC,0,,,OBC,latin,list-of-validly-nominated-candidates-pernemvp_2022.pdf,data/goa/2022/list-of-validly-nominated-candidates-pernemvp_2022.pdf,27
Goa,2022,North Goa,Pernem,Varkhand- Nagzar,VI,gp_ward,ward,Woman,NONE,1,,,Women,latin,list-of-validly-nominated-candidates-pernemvp_2022.pdf,data/goa/2022/list-of-validly-nominated-candidates-pernemvp_2022.pdf,27
Goa,2022,North Goa,Pernem,Varkhand- Nagzar,VII,gp_ward,ward,BC Woman,BC,1,,,OBC Women,latin,list-of-validly-nominated-candidates-pernemvp_2022.pdf,data/goa/2022/list-of-validly-nominated-candidates-pernemvp_2022.pdf,27
Goa,2022,South Goa,Sanguem,Sanvordem,I,gp_ward,ward,BC Woman,BC,1,,,OBC Women,latin,list-of-validly-nominated-candidates-sanguemvp_2022.pdf,data/goa/2022/list-of-validly-nominated-candidates-sanguemvp_2022.pdf,1
Goa,2022,South Goa,Sanguem,Sanvordem,II,gp_ward,ward,Woman,NONE,1,,,Women,latin,list-of-validly-nominated-candidates-sanguemvp_2022.pdf,data/goa/2022/list-of-validly-nominated-candidates-sanguemvp_2022.pdf,1
Goa,2022,South Goa,Sanguem,Sanvordem,III,gp_ward,ward,Other than Woman,NONE,0,,,General,latin,list-of-validly-nominated-candidates-sanguemvp_2022.pdf,data/goa/2022/list-of-validly-nominated-candidates-sanguemvp_2022.pdf,1
Goa,2022,South Goa,Sanguem,Sanvordem,IV,gp_ward,ward,BC Other than Woman,BC,0,,,OBC,latin,list-of-validly-nominated-candidates-sanguemvp_2022.pdf,data/goa/2022/list-of-validly-nominated-candidates-sanguemvp_2022.pdf,1
Goa,2022,South Goa,Sanguem,Sanvordem,V,gp_ward,ward,Other than Woman,NONE,0,,,General,latin,list-of-validly-nominated-candidates-sanguemvp_2022.pdf,data/goa/2022/list-of-validly-nominated-candidates-sanguemvp_2022.pdf,2
Goa,2022,South Goa,Sanguem,Sanvordem,VI,gp_ward,ward,Woman,NONE,1,,,Women,latin,list-of-validly-nominated-candidates-sanguemvp_2022.pdf,data/goa/2022/list-of-validly-nominated-candidates-sanguemvp_2022.pdf,2
Goa,2022,South Goa,Sanguem,Sanvordem,VII,gp_ward,ward,Other than Woman,NONE,0,,,General,latin,list-of-validly-nominated-candidates-sanguemvp_2022.pdf,data/goa/2022/list-of-validly-nominated-candidates-sanguemvp_2022.pdf,2
Goa,2022,South Goa,Sanguem,Sanvordem,VIII,gp_ward,ward,Other than Woman,NONE,0,,,General,latin,list-of-validly-nominated-candidates-sanguemvp_2022.pdf,data/goa/2022/list-of-validly-nominated-candidates-sanguemvp_2022.pdf,2
Goa,2022,South Goa,Sanguem,Sanvordem,IX,gp_ward,ward,BC Other than Woman,BC,0,,,OBC,latin,list-of-validly-nominated-candidates-sanguemvp_2022.pdf,data/goa/2022/list-of-validly-nominated-candidates-sanguemvp_2022.pdf,3
Goa,2022,South Goa,Sanguem,Calem,I,gp_ward,ward,ST Other than Woman,ST,0,,,ST,latin,list-of-validly-nominated-candidates-sanguemvp_2022.pdf,data/goa/2022/list-of-validly-nominated-candidates-sanguemvp_2022.pdf,3
Goa,2022,South Goa,Sanguem,Calem,II,gp_ward,ward,BC Other than Woman,BC,0,,,OBC,latin,list-of-validly-nominated-candidates-sanguemvp_2022.pdf,data/goa/2022/list-of-validly-nominated-candidates-sanguemvp_2022.pdf,3
Goa,2022,South Goa,Sanguem,Calem,III,gp_ward,ward,Other than Woman,NONE,0,,,General,latin,list-of-validly-nominated-candidates-sanguemvp_2022.pdf,data/goa/2022/list-of-validly-nominated-candidates-sanguemvp_2022.pdf,3
Goa,2022,South Goa,Sanguem,Calem,IV,gp_ward,ward,Other than Woman,NONE,0,,,General,latin,list-of-validly-nominated-candidates-sanguemvp_2022.pdf,data/goa/2022/list-of-validly-nominated-candidates-sanguemvp_2022.pdf,3
Goa,2022,South Goa,Sanguem,Calem,V,gp_ward,ward,BC Woman,BC,1,,,OBC Women,latin,list-of-validly-nominated-candidates-sanguemvp_2022.pdf,data/goa/2022/list-of-validly-nominated-candidates-sanguemvp_2022.pdf,4
Goa,2022,South Goa,Sanguem,Calem,VI,gp_ward,ward,Woman,NONE,1,,,Women,latin,list-of-validly-nominated-candidates-sanguemvp_2022.pdf,data/goa/2022/list-of-validly-nominated-candidates-sanguemvp_2022.pdf,4
Goa,2022,South Goa,Sanguem,Calem,VII,gp_ward,ward,Woman,NONE,1,,,Women,latin,list-of-validly-nominated-candidates-sanguemvp_2022.pdf,data/goa/2022/list-of-validly-nominated-candidates-sanguemvp_2022.pdf,4
Goa,2022,South Goa,Sanguem,Rivona,I,gp_ward,ward,ST Woman,ST,1,,,ST Women,latin,list-of-validly-nominated-candidates-sanguemvp_2022.pdf,data/goa/2022/list-of-validly-nominated-candidates-sanguemvp_2022.pdf,4
Goa,2022,South Goa,Sanguem,Rivona,II,gp_ward,ward,Woman,NONE,1,,,Women,latin,list-of-validly-nominated-candidates-sanguemvp_2022.pdf,data/goa/2022/list-of-validly-nominated-candidates-sanguemvp_2022.pdf,4
Goa,2022,South Goa,Sanguem,Rivona,III,gp_ward,ward,ST Other than Woman,ST,0,,,ST,latin,list-of-validly-nominated-candidates-sanguemvp_2022.pdf,data/goa/2022/list-of-validly-nominated-candidates-sanguemvp_2022.pdf,4
Goa,2022,South Goa,Sanguem,Rivona,IV,gp_ward,ward,Other than Woman,NONE,0,,,General,latin,list-of-validly-nominated-candidates-sanguemvp_2022.pdf,data/goa/2022/list-of-validly-nominated-candidates-sanguemvp_2022.pdf,4
Goa,2022,South Goa,Sanguem,Rivona,V,gp_ward,ward,ST Other than Woman,ST,0,,,ST,latin,list-of-validly-nominated-candidates-sanguemvp_2022.pdf,data/goa/2022/list-of-validly-nominated-candidates-sanguemvp_2022.pdf,5
Goa,2022,South Goa,Sanguem,Rivona,VI,gp_ward,ward,Other than Woman,NONE,0,,,General,latin,list-of-validly-nominated-candidates-sanguemvp_2022.pdf,data/goa/2022/list-of-validly-nominated-candidates-sanguemvp_2022.pdf,5
Goa,2022,South Goa,Sanguem,Rivona,VII,gp_ward,ward,Other than Woman,NONE,0,,,General,latin,list-of-validly-nominated-candidates-sanguemvp_2022.pdf,data/goa/2022/list-of-validly-nominated-candidates-sanguemvp_2022.pdf,5
Goa,2022,South Goa,Sanguem,Rivona,VIII,gp_ward,ward,BC Other than Woman,BC,0,,,OBC,latin,list-of-validly-nominated-candidates-sanguemvp_2022.pdf,data/goa/2022/list-of-validly-nominated-candidates-sanguemvp_2022.pdf,5
Goa,2022,South Goa,Sanguem,Rivona,IX,gp_ward,ward,Woman,NONE,1,,,Women,latin,list-of-validly-nominated-candidates-sanguemvp_2022.pdf,data/goa/2022/list-of-validly-nominated-candidates-sanguemvp_2022.pdf,5
Goa,2022,South Goa,Sanguem,Uguem,I,gp_ward,ward,BC Other than Woman,BC,0,,,OBC,latin,list-of-validly-nominated-candidates-sanguemvp_2022.pdf,data/goa/2022/list-of-validly-nominated-candidates-sanguemvp_2022.pdf,6
Goa,2022,South Goa,Sanguem,Uguem,II,gp_ward,ward,Woman,NONE,1,,,Women,latin,list-of-validly-nominated-candidates-sanguemvp_2022.pdf,data/goa/2022/list-of-validly-nominated-candidates-sanguemvp_2022.pdf,6
Goa,2022,South Goa,Sanguem,Uguem,III,gp_ward,ward,Other than Woman,NONE,0,,,General,latin,list-of-validly-nominated-candidates-sanguemvp_2022.pdf,data/goa/2022/list-of-validly-nominated-candidates-sanguemvp_2022.pdf,6
Goa,2022,South Goa,Sanguem,Uguem,IV,gp_ward,ward,Other than Woman,NONE,0,,,General,latin,list-of-validly-nominated-candidates-sanguemvp_2022.pdf,data/goa/2022/list-of-validly-nominated-candidates-sanguemvp_2022.pdf,6
Goa,2022,South Goa,Sanguem,Uguem,V,gp_ward,ward,BC Woman,BC,1,,,OBC Women,latin,list-of-validly-nominated-candidates-sanguemvp_2022.pdf,data/goa/2022/list-of-validly-nominated-candidates-sanguemvp_2022.pdf,7
Goa,2022,South Goa,Sanguem,Uguem,VI,gp_ward,ward,ST Other than Woman,ST,0,,,ST,latin,list-of-validly-nominated-candidates-sanguemvp_2022.pdf,data/goa/2022/list-of-validly-nominated-candidates-sanguemvp_2022.pdf,7
Goa,2022,South Goa,Sanguem,Uguem,VII,gp_ward,ward,Woman,NONE,1,,,Women,latin,list-of-validly-nominated-candidates-sanguemvp_2022.pdf,data/goa/2022/list-of-validly-nominated-candidates-sanguemvp_2022.pdf,7
Goa,2022,South Goa,Sanguem,Netorlim,I,gp_ward,ward,BC Other than Woman,BC,0,,,OBC,latin,list-of-validly-nominated-candidates-sanguemvp_2022.pdf,data/goa/2022/list-of-validly-nominated-candidates-sanguemvp_2022.pdf,7
Goa,2022,South Goa,Sanguem,Netorlim,II,gp_ward,ward,Woman,NONE,1,,,Women,latin,list-of-validly-nominated-candidates-sanguemvp_2022.pdf,data/goa/2022/list-of-validly-nominated-candidates-sanguemvp_2022.pdf,7
Goa,2022,South Goa,Sanguem,Netorlim,III,gp_ward,ward,Other than Woman,NONE,0,,,General,latin,list-of-validly-nominated-candidates-sanguemvp_2022.pdf,data/goa/2022/list-of-validly-nominated-candidates-sanguemvp_2022.pdf,7
Goa,2022,South Goa,Sanguem,Netorlim,IV,gp_ward,ward,ST Other than Woman,ST,0,,,ST,latin,list-of-validly-nominated-candidates-sanguemvp_2022.pdf,data/goa/2022/list-of-validly-nominated-candidates-sanguemvp_2022.pdf,7
Goa,2022,South Goa,Sanguem,Netorlim,V,gp_ward,ward,Woman,NONE,1,,,Women,latin,list-of-validly-nominated-candidates-sanguemvp_2022.pdf,data/goa/2022/list-of-validly-nominated-candidates-sanguemvp_2022.pdf,7
Goa,2022,South Goa,Sanguem,Netorlim,VI,gp_ward,ward,ST Woman,ST,1,,,ST Women,latin,list-of-validly-nominated-candidates-sanguemvp_2022.pdf,data/goa/2022/list-of-validly-nominated-candidates-sanguemvp_2022.pdf,7
Goa,2022,South Goa,Sanguem,Netorlim,VII,gp_ward,ward,Other than Woman,NONE,0,,,General,latin,list-of-validly-nominated-candidates-sanguemvp_2022.pdf,data/goa/2022/list-of-validly-nominated-candidates-sanguemvp_2022.pdf,8
Goa,2022,South Goa,Sanguem,Curdi- Vaddem,I,gp_ward,ward,ST Other than Woman,ST,0,,,ST,latin,list-of-validly-nominated-candidates-sanguemvp_2022.pdf,data/goa/2022/list-of-validly-nominated-candidates-sanguemvp_2022.pdf,8
Goa,2022,South Goa,Sanguem,Curdi- Vaddem,II,gp_ward,ward,ST Woman,ST,1,,,ST Women,latin,list-of-validly-nominated-candidates-sanguemvp_2022.pdf,data/goa/2022/list-of-validly-nominated-candidates-sanguemvp_2022.pdf,8
Goa,2022,South Goa,Sanguem,Curdi- Vaddem,III,gp_ward,ward,Other than Woman,NONE,0,,,General,latin,list-of-validly-nominated-candidates-sanguemvp_2022.pdf,data/goa/2022/list-of-validly-nominated-candidates-sanguemvp_2022.pdf,8
Goa,2022,South Goa,Sanguem,Curdi- Vaddem,IV,gp_ward,ward,Other than Woman,NONE,0,,,General,latin,list-of-validly-nominated-candidates-sanguemvp_2022.pdf,data/goa/2022/list-of-validly-nominated-candidates-sanguemvp_2022.pdf,8
Goa,2022,South Goa,Sanguem,Curdi- Vaddem,V,gp_ward,ward,Woman,NONE,1,,,Women,latin,list-of-validly-nominated-candidates-sanguemvp_2022.pdf,data/goa/2022/list-of-validly-nominated-candidates-sanguemvp_2022.pdf,9
Goa,2022,South Goa,Sanguem,Curdi- Vaddem,VI,gp_ward,ward,Woman,NONE,1,,,Women,latin,list-of-validly-nominated-candidates-sanguemvp_2022.pdf,data/goa/2022/list-of-validly-nominated-candidates-sanguemvp_2022.pdf,9
Goa,2022,South Goa,Sanguem,Curdi- Vaddem,VII,gp_ward,ward,BC Other than Woman,BC,0,,,OBC,latin,list-of-validly-nominated-candidates-sanguemvp_2022.pdf,data/goa/2022/list-of-validly-nominated-candidates-sanguemvp_2022.pdf,9
Goa,2022,South Goa,Sanguem,Bhati,I,gp_ward,ward,Woman,NONE,1,,,Women,latin,list-of-validly-nominated-candidates-sanguemvp_2022.pdf,data/goa/2022/list-of-validly-nominated-candidates-sanguemvp_2022.pdf,9
Goa,2022,South Goa,Sanguem,Bhati,II,gp_ward,ward,BC Other than Woman,BC,0,,,OBC,latin,list-of-validly-nominated-candidates-sanguemvp_2022.pdf,data/goa/2022/list-of-validly-nominated-candidates-sanguemvp_2022.pdf,9
Goa,2022,South Goa,Sanguem,Bhati,III,gp_ward,ward,Other than Woman,NONE,0,,,General,latin,list-of-validly-nominated-candidates-sanguemvp_2022.pdf,data/goa/2022/list-of-validly-nominated-candidates-sanguemvp_2022.pdf,10
Goa,2022,South Goa,Sanguem,Bhati,IV,gp_ward,ward,Other than Woman,NONE,0,,,General,latin,list-of-validly-nominated-candidates-sanguemvp_2022.pdf,data/goa/2022/list-of-validly-nominated-candidates-sanguemvp_2022.pdf,10
Goa,2022,South Goa,Sanguem,Bhati,V,gp_ward,ward,ST Woman,ST,1,,,ST Women,latin,list-of-validly-nominated-candidates-sanguemvp_2022.pdf,data/goa/2022/list-of-validly-nominated-candidates-sanguemvp_2022.pdf,10
Goa,2022,South Goa,Sanguem,Bhati,VI,gp_ward,ward,Woman,NONE,1,,,Women,latin,list-of-validly-nominated-candidates-sanguemvp_2022.pdf,data/goa/2022/list-of-validly-nominated-candidates-sanguemvp_2022.pdf,10
Goa,2022,South Goa,Sanguem,Bhati,VII,gp_ward,ward,ST Other than Woman,ST,0,,,ST,latin,list-of-validly-nominated-candidates-sanguemvp_2022.pdf,data/goa/2022/list-of-validly-nominated-candidates-sanguemvp_2022.pdf,10
Goa,2022,North Goa,Sattari,Honda,I,gp_ward,ward,Other than Woman,NONE,0,,,General,latin,list-of-validly-nominated-candidates-sattarivp_2022.pdf,data/goa/2022/list-of-validly-nominated-candidates-sattarivp_2022.pdf,1
Goa,2022,North Goa,Sattari,Honda,II,gp_ward,ward,Other than Woman,NONE,0,,,General,latin,list-of-validly-nominated-candidates-sattarivp_2022.pdf,data/goa/2022/list-of-validly-nominated-candidates-sattarivp_2022.pdf,1
Goa,2022,North Goa,Sattari,Honda,III,gp_ward,ward,ST Other than Woman,ST,0,,,ST,latin,list-of-validly-nominated-candidates-sattarivp_2022.pdf,data/goa/2022/list-of-validly-nominated-candidates-sattarivp_2022.pdf,1
Goa,2022,North Goa,Sattari,Honda,IV,gp_ward,ward,Other than Woman,NONE,0,,,General,latin,list-of-validly-nominated-candidates-sattarivp_2022.pdf,data/goa/2022/list-of-validly-nominated-candidates-sattarivp_2022.pdf,1
Goa,2022,North Goa,Sattari,Honda,V,gp_ward,ward,Other than Woman,NONE,0,,,General,latin,list-of-validly-nominated-candidates-sattarivp_2022.pdf,data/goa/2022/list-of-validly-nominated-candidates-sattarivp_2022.pdf,2
Goa,2022,North Goa,Sattari,Honda,VI,gp_ward,ward,Woman,NONE,1,,,Women,latin,list-of-validly-nominated-candidates-sattarivp_2022.pdf,data/goa/2022/list-of-validly-nominated-candidates-sattarivp_2022.pdf,2
Goa,2022,North Goa,Sattari,Honda,VII,gp_ward,ward,BC Other than Woman,BC,0,,,OBC,latin,list-of-validly-nominated-candidates-sattarivp_2022.pdf,data/goa/2022/list-of-validly-nominated-candidates-sattarivp_2022.pdf,2
Goa,2022,North Goa,Sattari,Honda,VIII,gp_ward,ward,Other than Woman,NONE,0,,,General,latin,list-of-validly-nominated-candidates-sattarivp_2022.pdf,data/goa/2022/list-of-validly-nominated-candidates-sattarivp_2022.pdf,2
Goa,2022,North Goa,Sattari,Honda,IX,gp_ward,ward,Woman,NONE,1,,,Women,latin,list-of-validly-nominated-candidates-sattarivp_2022.pdf,data/goa/2022/list-of-validly-nominated-candidates-sattarivp_2022.pdf,3
Goa,2022,North Goa,Sattari,Honda,X,gp_ward,ward,BC Woman,BC,1,,,OBC Women,latin,list-of-validly-nominated-candidates-sattarivp_2022.pdf,data/goa/2022/list-of-validly-nominated-candidates-sattarivp_2022.pdf,3
Goa,2022,North Goa,Sattari,Honda,XI,gp_ward,ward,Woman,NONE,1,,,Women,latin,list-of-validly-nominated-candidates-sattarivp_2022.pdf,data/goa/2022/list-of-validly-nominated-candidates-sattarivp_2022.pdf,3
Goa,2022,North Goa,Sattari,Poriem,I,gp_ward,ward,Other than Woman,NONE,0,,,General,latin,list-of-validly-nominated-candidates-sattarivp_2022.pdf,data/goa/2022/list-of-validly-nominated-candidates-sattarivp_2022.pdf,3
Goa,2022,North Goa,Sattari,Poriem,II,gp_ward,ward,BC Woman,BC,1,,,OBC Women,latin,list-of-validly-nominated-candidates-sattarivp_2022.pdf,data/goa/2022/list-of-validly-nominated-candidates-sattarivp_2022.pdf,3
Goa,2022,North Goa,Sattari,Poriem,III,gp_ward,ward,Other than Woman,NONE,0,,,General,latin,list-of-validly-nominated-candidates-sattarivp_2022.pdf,data/goa/2022/list-of-validly-nominated-candidates-sattarivp_2022.pdf,4
Goa,2022,North Goa,Sattari,Poriem,IV,gp_ward,ward,Woman,NONE,1,,,Women,latin,list-of-validly-nominated-candidates-sattarivp_2022.pdf,data/goa/2022/list-of-validly-nominated-candidates-sattarivp_2022.pdf,4
Goa,2022,North Goa,Sattari,Poriem,V,gp_ward,ward,Other than Woman,NONE,0,,,General,latin,list-of-validly-nominated-candidates-sattarivp_2022.pdf,data/goa/2022/list-of-validly-nominated-candidates-sattarivp_2022.pdf,4
Goa,2022,North Goa,Sattari,Poriem,VI,gp_ward,ward,Woman,NONE,1,,,Women,latin,list-of-validly-nominated-candidates-sattarivp_2022.pdf,data/goa/2022/list-of-validly-nominated-candidates-sattarivp_2022.pdf,4
Goa,2022,North Goa,Sattari,Poriem,VII,gp_ward,ward,BC Other than Woman,BC,0,,,OBC,latin,list-of-validly-nominated-candidates-sattarivp_2022.pdf,data/goa/2022/list-of-validly-nominated-candidates-sattarivp_2022.pdf,4
Goa,2022,North Goa,Sattari,Poriem,VIII,gp_ward,ward,Other than Woman,NONE,0,,,General,latin,list-of-validly-nominated-candidates-sattarivp_2022.pdf,data/goa/2022/list-of-validly-nominated-candidates-sattarivp_2022.pdf,5
Goa,2022,North Goa,Sattari,Poriem,IX,gp_ward,ward,Other than Woman,NONE,0,,,General,latin,list-of-validly-nominated-candidates-sattarivp_2022.pdf,data/goa/2022/list-of-validly-nominated-candidates-sattarivp_2022.pdf,5
Goa,2022,North Goa,Sattari,Pissurlem,I,gp_ward,ward,Woman,NONE,1,,,Women,latin,list-of-validly-nominated-candidates-sattarivp_2022.pdf,data/goa/2022/list-of-validly-nominated-candidates-sattarivp_2022.pdf,5
Goa,2022,North Goa,Sattari,Pissurlem,II,gp_ward,ward,Woman,NONE,1,,,Women,latin,list-of-validly-nominated-candidates-sattarivp_2022.pdf,data/goa/2022/list-of-validly-nominated-candidates-sattarivp_2022.pdf,5
Goa,2022,North Goa,Sattari,Pissurlem,III,gp_ward,ward,Other than Woman,NONE,0,,,General,latin,list-of-validly-nominated-candidates-sattarivp_2022.pdf,data/goa/2022/list-of-validly-nominated-candidates-sattarivp_2022.pdf,5
Goa,2022,North Goa,Sattari,Pissurlem,IV,gp_ward,ward,Other than Woman,NONE,0,,,General,latin,list-of-validly-nominated-candidates-sattarivp_2022.pdf,data/goa/2022/list-of-validly-nominated-candidates-sattarivp_2022.pdf,5
Goa,2022,North Goa,Sattari,Pissurlem,V,gp_ward,ward,ST Woman,ST,1,,,ST Women,latin,list-of-validly-nominated-candidates-sattarivp_2022.pdf,data/goa/2022/list-of-validly-nominated-candidates-sattarivp_2022.pdf,6
Goa,2022,North Goa,Sattari,Pissurlem,VI,gp_ward,ward,ST Other than Woman,ST,0,,,ST,latin,list-of-validly-nominated-candidates-sattarivp_2022.pdf,data/goa/2022/list-of-validly-nominated-candidates-sattarivp_2022.pdf,6
Goa,2022,North Goa,Sattari,Pissurlem,VII,gp_ward,ward,BC Other than Woman,BC,0,,,OBC,latin,list-of-validly-nominated-candidates-sattarivp_2022.pdf,data/goa/2022/list-of-validly-nominated-candidates-sattarivp_2022.pdf,6
Goa,2022,North Goa,Sattari,Querim,I,gp_ward,ward,Woman,NONE,1,,,Women,latin,list-of-validly-nominated-candidates-sattarivp_2022.pdf,data/goa/2022/list-of-validly-nominated-candidates-sattarivp_2022.pdf,6
Goa,2022,North Goa,Sattari,Querim,II,gp_ward,ward,BC Other than Woman,BC,0,,,OBC,latin,list-of-validly-nominated-candidates-sattarivp_2022.pdf,data/goa/2022/list-of-validly-nominated-candidates-sattarivp_2022.pdf,6
Goa,2022,North Goa,Sattari,Querim,III,gp_ward,ward,Other than Woman,NONE,0,,,General,latin,list-of-validly-nominated-candidates-sattarivp_2022.pdf,data/goa/2022/list-of-validly-nominated-candidates-sattarivp_2022.pdf,6
Goa,2022,North Goa,Sattari,Querim,IV,gp_ward,ward,Other than Woman,NONE,0,,,General,latin,list-of-validly-nominated-candidates-sattarivp_2022.pdf,data/goa/2022/list-of-validly-nominated-candidates-sattarivp_2022.pdf,6
Goa,2022,North Goa,Sattari,Querim,V,gp_ward,ward,Other than Woman,NONE,0,,,General,latin,list-of-validly-nominated-candidates-sattarivp_2022.pdf,data/goa/2022/list-of-validly-nominated-candidates-sattarivp_2022.pdf,7
Goa,2022,North Goa,Sattari,Querim,VI,gp_ward,ward,Woman,NONE,1,,,Women,latin,list-of-validly-nominated-candidates-sattarivp_2022.pdf,data/goa/2022/list-of-validly-nominated-candidates-sattarivp_2022.pdf,7
Goa,2022,North Goa,Sattari,Querim,VII,gp_ward,ward,Other than Woman,NONE,0,,,General,latin,list-of-validly-nominated-candidates-sattarivp_2022.pdf,data/goa/2022/list-of-validly-nominated-candidates-sattarivp_2022.pdf,7
Goa,2022,North Goa,Sattari,Querim,VIII,gp_ward,ward,Other than Woman,NONE,0,,,General,latin,list-of-validly-nominated-candidates-sattarivp_2022.pdf,data/goa/2022/list-of-validly-nominated-candidates-sattarivp_2022.pdf,7
Goa,2022,North Goa,Sattari,Querim,IX,gp_ward,ward,Woman,NONE,1,,,Women,latin,list-of-validly-nominated-candidates-sattarivp_2022.pdf,data/goa/2022/list-of-validly-nominated-candidates-sattarivp_2022.pdf,7
Goa,2022,North Goa,Sattari,Dongurli- Thane,I,gp_ward,ward,SC Other than Woman,SC,0,,,SC,latin,list-of-validly-nominated-candidates-sattarivp_2022.pdf,data/goa/2022/list-of-validly-nominated-candidates-sattarivp_2022.pdf,7
Goa,2022,North Goa,Sattari,Dongurli- Thane,II,gp_ward,ward,Woman,NONE,1,,,Women,latin,list-of-validly-nominated-candidates-sattarivp_2022.pdf,data/goa/2022/list-of-validly-nominated-candidates-sattarivp_2022.pdf,8
Goa,2022,North Goa,Sattari,Dongurli- Thane,III,gp_ward,ward,Other than Woman,NONE,0,,,General,latin,list-of-validly-nominated-candidates-sattarivp_2022.pdf,data/goa/2022/list-of-validly-nominated-candidates-sattarivp_2022.pdf,8
Goa,2022,North Goa,Sattari,Dongurli- Thane,IV,gp_ward,ward,Other than Woman,NONE,0,,,General,latin,list-of-validly-nominated-candidates-sattarivp_2022.pdf,data/goa/2022/list-of-validly-nominated-candidates-sattarivp_2022.pdf,8
Goa,2022,North Goa,Sattari,Dongurli- Thane,V,gp_ward,ward,Other than Woman,NONE,0,,,General,latin,list-of-validly-nominated-candidates-sattarivp_2022.pdf,data/goa/2022/list-of-validly-nominated-candidates-sattarivp_2022.pdf,8
Goa,2022,North Goa,Sattari,Dongurli- Thane,VI,gp_ward,ward,Woman,NONE,1,,,Women,latin,list-of-validly-nominated-candidates-sattarivp_2022.pdf,data/goa/2022/list-of-validly-nominated-candidates-sattarivp_2022.pdf,8
Goa,2022,North Goa,Sattari,Dongurli- Thane,VIII,gp_ward,ward,Other than Woman,NONE,0,,,General,latin,list-of-validly-nominated-candidates-sattarivp_2022.pdf,data/goa/2022/list-of-validly-nominated-candidates-sattarivp_2022.pdf,9
Goa,2022,North Goa,Sattari,Dongurli- Thane,IX,gp_ward,ward,Woman,NONE,1,,,Women,latin,list-of-validly-nominated-candidates-sattarivp_2022.pdf,data/goa/2022/list-of-validly-nominated-candidates-sattarivp_2022.pdf,9
Goa,2022,North Goa,Sattari,Mauxi,I,gp_ward,ward,Other than Woman,NONE,0,,,General,latin,list-of-validly-nominated-candidates-sattarivp_2022.pdf,data/goa/2022/list-of-validly-nominated-candidates-sattarivp_2022.pdf,9
Goa,2022,North Goa,Sattari,Mauxi,II,gp_ward,ward,Woman,NONE,1,,,Women,latin,list-of-validly-nominated-candidates-sattarivp_2022.pdf,data/goa/2022/list-of-validly-nominated-candidates-sattarivp_2022.pdf,9
Goa,2022,North Goa,Sattari,Mauxi,III,gp_ward,ward,Other than Woman,NONE,0,,,General,latin,list-of-validly-nominated-candidates-sattarivp_2022.pdf,data/goa/2022/list-of-validly-nominated-candidates-sattarivp_2022.pdf,9
Goa,2022,North Goa,Sattari,Mauxi,IV,gp_ward,ward,Other than Woman,NONE,0,,,General,latin,list-of-validly-nominated-candidates-sattarivp_2022.pdf,data/goa/2022/list-of-validly-nominated-candidates-sattarivp_2022.pdf,9
Goa,2022,North Goa,Sattari,Mauxi,V,gp_ward,ward,Woman,NONE,1,,,Women,latin,list-of-validly-nominated-candidates-sattarivp_2022.pdf,data/goa/2022/list-of-validly-nominated-candidates-sattarivp_2022.pdf,10
Goa,2022,North Goa,Sattari,Mauxi,VI,gp_ward,ward,Woman,NONE,1,,,Women,latin,list-of-validly-nominated-candidates-sattarivp_2022.pdf,data/goa/2022/list-of-validly-nominated-candidates-sattarivp_2022.pdf,10
Goa,2022,North Goa,Sattari,Mauxi,VII,gp_ward,ward,BC Other than Woman,BC,0,,,OBC,latin,list-of-validly-nominated-candidates-sattarivp_2022.pdf,data/goa/2022/list-of-validly-nominated-candidates-sattarivp_2022.pdf,10
Goa,2022,North Goa,Sattari,Morlem,I,gp_ward,ward,Other than Woman,NONE,0,,,General,latin,list-of-validly-nominated-candidates-sattarivp_2022.pdf,data/goa/2022/list-of-validly-nominated-candidates-sattarivp_2022.pdf,10
Goa,2022,North Goa,Sattari,Morlem,II,gp_ward,ward,Other than Woman,NONE,0,,,General,latin,list-of-validly-nominated-candidates-sattarivp_2022.pdf,data/goa/2022/list-of-validly-nominated-candidates-sattarivp_2022.pdf,10
Goa,2022,North Goa,Sattari,Morlem,III,gp_ward,ward,Woman,NONE,1,,,Women,latin,list-of-validly-nominated-candidates-sattarivp_2022.pdf,data/goa/2022/list-of-validly-nominated-candidates-sattarivp_2022.pdf,10
Goa,2022,North Goa,Sattari,Morlem,IV,gp_ward,ward,Other than Woman,NONE,0,,,General,latin,list-of-validly-nominated-candidates-sattarivp_2022.pdf,data/goa/2022/list-of-validly-nominated-candidates-sattarivp_2022.pdf,11
Goa,2022,North Goa,Sattari,Morlem,V,gp_ward,ward,Woman,NONE,1,,,Women,latin,list-of-validly-nominated-candidates-sattarivp_2022.pdf,data/goa/2022/list-of-validly-nominated-candidates-sattarivp_2022.pdf,11
Goa,2022,North Goa,Sattari,Morlem,VI,gp_ward,ward,Woman,NONE,1,,,Women,latin,list-of-validly-nominated-candidates-sattarivp_2022.pdf,data/goa/2022/list-of-validly-nominated-candidates-sattarivp_2022.pdf,11
Goa,2022,North Goa,Sattari,Morlem,VII,gp_ward,ward,Other than Woman,NONE,0,,,General,latin,list-of-validly-nominated-candidates-sattarivp_2022.pdf,data/goa/2022/list-of-validly-nominated-candidates-sattarivp_2022.pdf,11
Goa,2022,North Goa,Sattari,Nagargao,I,gp_ward,ward,Other than Woman,NONE,0,,,General,latin,list-of-validly-nominated-candidates-sattarivp_2022.pdf,data/goa/2022/list-of-validly-nominated-candidates-sattarivp_2022.pdf,11
Goa,2022,North Goa,Sattari,Nagargao,II,gp_ward,ward,Other than Woman,NONE,0,,,General,latin,list-of-validly-nominated-candidates-sattarivp_2022.pdf,data/goa/2022/list-of-validly-nominated-candidates-sattarivp_2022.pdf,11
Goa,2022,North Goa,Sattari,Nagargao,III,gp_ward,ward,BC Other than Woman,BC,0,,,OBC,latin,list-of-validly-nominated-candidates-sattarivp_2022.pdf,data/goa/2022/list-of-validly-nominated-candidates-sattarivp_2022.pdf,12
Goa,2022,North Goa,Sattari,Nagargao,IV,gp_ward,ward,Other than Woman,NONE,0,,,General,latin,list-of-validly-nominated-candidates-sattarivp_2022.pdf,data/goa/2022/list-of-validly-nominated-candidates-sattarivp_2022.pdf,12
Goa,2022,North Goa,Sattari,Nagargao,V,gp_ward,ward,Woman,NONE,1,,,Women,latin,list-of-validly-nominated-candidates-sattarivp_2022.pdf,data/goa/2022/list-of-validly-nominated-candidates-sattarivp_2022.pdf,12
Goa,2022,North Goa,Sattari,Nagargao,VI,gp_ward,ward,Woman,NONE,1,,,Women,latin,list-of-validly-nominated-candidates-sattarivp_2022.pdf,data/goa/2022/list-of-validly-nominated-candidates-sattarivp_2022.pdf,12
Goa,2022,North Goa,Sattari,Nagargao,VII,gp_ward,ward,Woman,NONE,1,,,Women,latin,list-of-validly-nominated-candidates-sattarivp_2022.pdf,data/goa/2022/list-of-validly-nominated-candidates-sattarivp_2022.pdf,12
Goa,2022,North Goa,Sattari,Cotorem,I,gp_ward,ward,Woman,NONE,1,,,Women,latin,list-of-validly-nominated-candidates-sattarivp_2022.pdf,data/goa/2022/list-of-validly-nominated-candidates-sattarivp_2022.pdf,12
Goa,2022,North Goa,Sattari,Cotorem,II,gp_ward,ward,Woman,NONE,1,,,Women,latin,list-of-validly-nominated-candidates-sattarivp_2022.pdf,data/goa/2022/list-of-validly-nominated-candidates-sattarivp_2022.pdf,13
Goa,2022,North Goa,Sattari,Cotorem,III,gp_ward,ward,BC Other than Woman,BC,0,,,OBC,latin,list-of-validly-nominated-candidates-sattarivp_2022.pdf,data/goa/2022/list-of-validly-nominated-candidates-sattarivp_2022.pdf,13
Goa,2022,North Goa,Sattari,Cotorem,IV,gp_ward,ward,Other than Woman,NONE,0,,,General,latin,list-of-validly-nominated-candidates-sattarivp_2022.pdf,data/goa/2022/list-of-validly-nominated-candidates-sattarivp_2022.pdf,13
Goa,2022,North Goa,Sattari,Cotorem,V,gp_ward,ward,SC Other than Woman,SC,0,,,SC,latin,list-of-validly-nominated-candidates-sattarivp_2022.pdf,data/goa/2022/list-of-validly-nominated-candidates-sattarivp_2022.pdf,13
Goa,2022,North Goa,Sattari,Cotorem,VI,gp_ward,ward,Woman,NONE,1,,,Women,latin,list-of-validly-nominated-candidates-sattarivp_2022.pdf,data/goa/2022/list-of-validly-nominated-candidates-sattarivp_2022.pdf,13
Goa,2022,North Goa,Sattari,Cotorem,VII,gp_ward,ward,Other than Woman,NONE,0,,,General,latin,list-of-validly-nominated-candidates-sattarivp_2022.pdf,data/goa/2022/list-of-validly-nominated-candidates-sattarivp_2022.pdf,14
Goa,2022,North Goa,Sattari,Bhironda,I,gp_ward,ward,ST Woman,ST,1,,,ST Women,latin,list-of-validly-nominated-candidates-sattarivp_2022.pdf,data/goa/2022/list-of-validly-nominated-candidates-sattarivp_2022.pdf,14
Goa,2022,North Goa,Sattari,Bhironda,II,gp_ward,ward,Other than Woman,NONE,0,,,General,latin,list-of-validly-nominated-candidates-sattarivp_2022.pdf,data/goa/2022/list-of-validly-nominated-candidates-sattarivp_2022.pdf,14
Goa,2022,North Goa,Sattari,Bhironda,III,gp_ward,ward,ST Other than Woman,ST,0,,,ST,latin,list-of-validly-nominated-candidates-sattarivp_2022.pdf,data/goa/2022/list-of-validly-nominated-candidates-sattarivp_2022.pdf,14
Goa,2022,North Goa,Sattari,Bhironda,IV,gp_ward,ward,Other than Woman,NONE,0,,,General,latin,list-of-validly-nominated-candidates-sattarivp_2022.pdf,data/goa/2022/list-of-validly-nominated-candidates-sattarivp_2022.pdf,14
Goa,2022,North Goa,Sattari,Bhironda,V,gp_ward,ward,BC Other than Woman,BC,0,,,OBC,latin,list-of-validly-nominated-candidates-sattarivp_2022.pdf,data/goa/2022/list-of-validly-nominated-candidates-sattarivp_2022.pdf,14
Goa,2022,North Goa,Sattari,Bhironda,VI,gp_ward,ward,Woman,NONE,1,,,Women,latin,list-of-validly-nominated-candidates-sattarivp_2022.pdf,data/goa/2022/list-of-validly-nominated-candidates-sattarivp_2022.pdf,15
Goa,2022,North Goa,Sattari,Bhironda,VII,gp_ward,ward,Woman,NONE,1,,,Women,latin,list-of-validly-nominated-candidates-sattarivp_2022.pdf,data/goa/2022/list-of-validly-nominated-candidates-sattarivp_2022.pdf,15
Goa,2022,North Goa,Sattari,Sanvordem,I,gp_ward,ward,Other than Woman,NONE,0,,,General,latin,list-of-validly-nominated-candidates-sattarivp_2022.pdf,data/goa/2022/list-of-validly-nominated-candidates-sattarivp_2022.pdf,15
Goa,2022,North Goa,Sattari,Sanvordem,II,gp_ward,ward,Other than Woman,NONE,0,,,General,latin,list-of-validly-nominated-candidates-sattarivp_2022.pdf,data/goa/2022/list-of-validly-nominated-candidates-sattarivp_2022.pdf,15
Goa,2022,North Goa,Sattari,Sanvordem,III,gp_ward,ward,Other than Woman,NONE,0,,,General,latin,list-of-validly-nominated-candidates-sattarivp_2022.pdf,data/goa/2022/list-of-validly-nominated-candidates-sattarivp_2022.pdf,15
Goa,2022,North Goa,Sattari,Sanvordem,IV,gp_ward,ward,Other than Woman,NONE,0,,,General,latin,list-of-validly-nominated-candidates-sattarivp_2022.pdf,data/goa/2022/list-of-validly-nominated-candidates-sattarivp_2022.pdf,15
Goa,2022,North Goa,Sattari,Sanvordem,V,gp_ward,ward,Woman,NONE,1,,,Women,latin,list-of-validly-nominated-candidates-sattarivp_2022.pdf,data/goa/2022/list-of-validly-nominated-candidates-sattarivp_2022.pdf,16
Goa,2022,North Goa,Sattari,Sanvordem,VI,gp_ward,ward,Woman,NONE,1,,,Women,latin,list-of-validly-nominated-candidates-sattarivp_2022.pdf,data/goa/2022/list-of-validly-nominated-candidates-sattarivp_2022.pdf,16
Goa,2022,North Goa,Sattari,Sanvordem,VII,gp_ward,ward,Woman,NONE,1,,,Women,latin,list-of-validly-nominated-candidates-sattarivp_2022.pdf,data/goa/2022/list-of-validly-nominated-candidates-sattarivp_2022.pdf,16
Goa,2022,North Goa,Sattari,Guleli,I,gp_ward,ward,ST Woman,ST,1,,,ST Women,latin,list-of-validly-nominated-candidates-sattarivp_2022.pdf,data/goa/2022/list-of-validly-nominated-candidates-sattarivp_2022.pdf,16
Goa,2022,North Goa,Sattari,Guleli,II,gp_ward,ward,Woman,NONE,1,,,Women,latin,list-of-validly-nominated-candidates-sattarivp_2022.pdf,data/goa/2022/list-of-validly-nominated-candidates-sattarivp_2022.pdf,16
Goa,2022,North Goa,Sattari,Guleli,III,gp_ward,ward,Other than Woman,NONE,0,,,General,latin,list-of-validly-nominated-candidates-sattarivp_2022.pdf,data/goa/2022/list-of-validly-nominated-candidates-sattarivp_2022.pdf,16
Goa,2022,North Goa,Sattari,Guleli,IV,gp_ward,ward,BC Other than Woman,BC,0,,,OBC,latin,list-of-validly-nominated-candidates-sattarivp_2022.pdf,data/goa/2022/list-of-validly-nominated-candidates-sattarivp_2022.pdf,17
Goa,2022,North Goa,Sattari,Guleli,V,gp_ward,ward,ST Other than Woman,ST,0,,,ST,latin,list-of-validly-nominated-candidates-sattarivp_2022.pdf,data/goa/2022/list-of-validly-nominated-candidates-sattarivp_2022.pdf,17
Goa,2022,North Goa,Sattari,Guleli,VI,gp_ward,ward,Other than Woman,NONE,0,,,General,latin,list-of-validly-nominated-candidates-sattarivp_2022.pdf,data/goa/2022/list-of-validly-nominated-candidates-sattarivp_2022.pdf,17
Goa,2022,North Goa,Sattari,Guleli,VII,gp_ward,ward,Woman,NONE,1,,,Women,latin,list-of-validly-nominated-candidates-sattarivp_2022.pdf,data/goa/2022/list-of-validly-nominated-candidates-sattarivp_2022.pdf,17
Goa,2022,North Goa,Tiswadi,St.Cruz,I,gp_ward,ward,Other than Woman,NONE,0,,,General,latin,list-of-validly-nominated-candidates-tiswadivp_2022.pdf,data/goa/2022/list-of-validly-nominated-candidates-tiswadivp_2022.pdf,1
Goa,2022,North Goa,Tiswadi,St.Cruz,II,gp_ward,ward,Other than Woman,NONE,0,,,General,latin,list-of-validly-nominated-candidates-tiswadivp_2022.pdf,data/goa/2022/list-of-validly-nominated-candidates-tiswadivp_2022.pdf,1
Goa,2022,North Goa,Tiswadi,St.Cruz,III,gp_ward,ward,Other than Woman,NONE,0,,,General,latin,list-of-validly-nominated-candidates-tiswadivp_2022.pdf,data/goa/2022/list-of-validly-nominated-candidates-tiswadivp_2022.pdf,1
Goa,2022,North Goa,Tiswadi,St.Cruz,IV,gp_ward,ward,Woman,NONE,1,,,Women,latin,list-of-validly-nominated-candidates-tiswadivp_2022.pdf,data/goa/2022/list-of-validly-nominated-candidates-tiswadivp_2022.pdf,1
Goa,2022,North Goa,Tiswadi,St.Cruz,V,gp_ward,ward,Other than Woman,NONE,0,,,General,latin,list-of-validly-nominated-candidates-tiswadivp_2022.pdf,data/goa/2022/list-of-validly-nominated-candidates-tiswadivp_2022.pdf,1
Goa,2022,North Goa,Tiswadi,St.Cruz,VI,gp_ward,ward,ST Other than Woman,ST,0,,,ST,latin,list-of-validly-nominated-candidates-tiswadivp_2022.pdf,data/goa/2022/list-of-validly-nominated-candidates-tiswadivp_2022.pdf,2
Goa,2022,North Goa,Tiswadi,St.Cruz,VII,gp_ward,ward,Other than Woman,NONE,0,,,General,latin,list-of-validly-nominated-candidates-tiswadivp_2022.pdf,data/goa/2022/list-of-validly-nominated-candidates-tiswadivp_2022.pdf,2
Goa,2022,North Goa,Tiswadi,St.Cruz,VIII,gp_ward,ward,Other than Woman,NONE,0,,,General,latin,list-of-validly-nominated-candidates-tiswadivp_2022.pdf,data/goa/2022/list-of-validly-nominated-candidates-tiswadivp_2022.pdf,2
Goa,2022,North Goa,Tiswadi,St.Cruz,IX,gp_ward,ward,Woman,NONE,1,,,Women,latin,list-of-validly-nominated-candidates-tiswadivp_2022.pdf,data/goa/2022/list-of-validly-nominated-candidates-tiswadivp_2022.pdf,2
Goa,2022,North Goa,Tiswadi,St.Cruz,X,gp_ward,ward,Woman,NONE,1,,,Women,latin,list-of-validly-nominated-candidates-tiswadivp_2022.pdf,data/goa/2022/list-of-validly-nominated-candidates-tiswadivp_2022.pdf,2
Goa,2022,North Goa,Tiswadi,St.Cruz,XI,gp_ward,ward,Woman,NONE,1,,,Women,latin,list-of-validly-nominated-candidates-tiswadivp_2022.pdf,data/goa/2022/list-of-validly-nominated-candidates-tiswadivp_2022.pdf,3
Goa,2022,North Goa,Tiswadi,Curca-Bambolim- Talaulim,I,gp_ward,ward,BC Other than Woman,BC,0,,,OBC,latin,list-of-validly-nominated-candidates-tiswadivp_2022.pdf,data/goa/2022/list-of-validly-nominated-candidates-tiswadivp_2022.pdf,3
Goa,2022,North Goa,Tiswadi,Curca-Bambolim- Talaulim,II,gp_ward,ward,Other than Woman,NONE,0,,,General,latin,list-of-validly-nominated-candidates-tiswadivp_2022.pdf,data/goa/2022/list-of-validly-nominated-candidates-tiswadivp_2022.pdf,3
Goa,2022,North Goa,Tiswadi,Curca-Bambolim- Talaulim,III,gp_ward,ward,ST Other than Woman,ST,0,,,ST,latin,list-of-validly-nominated-candidates-tiswadivp_2022.pdf,data/goa/2022/list-of-validly-nominated-candidates-tiswadivp_2022.pdf,3
Goa,2022,North Goa,Tiswadi,Curca-Bambolim- Talaulim,IV,gp_ward,ward,Woman,NONE,1,,,Women,latin,list-of-validly-nominated-candidates-tiswadivp_2022.pdf,data/goa/2022/list-of-validly-nominated-candidates-tiswadivp_2022.pdf,3
Goa,2022,North Goa,Tiswadi,Curca-Bambolim- Talaulim,V,gp_ward,ward,Other than Woman,NONE,0,,,General,latin,list-of-validly-nominated-candidates-tiswadivp_2022.pdf,data/goa/2022/list-of-validly-nominated-candidates-tiswadivp_2022.pdf,3
Goa,2022,North Goa,Tiswadi,Curca-Bambolim- Talaulim,VI,gp_ward,ward,Woman,NONE,1,,,Women,latin,list-of-validly-nominated-candidates-tiswadivp_2022.pdf,data/goa/2022/list-of-validly-nominated-candidates-tiswadivp_2022.pdf,3
Goa,2022,North Goa,Tiswadi,Curca-Bambolim- Talaulim,VII,gp_ward,ward,BC Woman,BC,1,,,OBC Women,latin,list-of-validly-nominated-candidates-tiswadivp_2022.pdf,data/goa/2022/list-of-validly-nominated-candidates-tiswadivp_2022.pdf,4
Goa,2022,North Goa,Tiswadi,Curca-Bambolim- Talaulim,VIII,gp_ward,ward,Other than Woman,NONE,0,,,General,latin,list-of-validly-nominated-candidates-tiswadivp_2022.pdf,data/goa/2022/list-of-validly-nominated-candidates-tiswadivp_2022.pdf,4
Goa,2022,North Goa,Tiswadi,Curca-Bambolim- Talaulim,IX,gp_ward,ward,Other than Woman,NONE,0,,,General,latin,list-of-validly-nominated-candidates-tiswadivp_2022.pdf,data/goa/2022/list-of-validly-nominated-candidates-tiswadivp_2022.pdf,4
Goa,2022,North Goa,Tiswadi,Curca-Bambolim- Talaulim,X,gp_ward,ward,ST Woman,ST,1,,,ST Women,latin,list-of-validly-nominated-candidates-tiswadivp_2022.pdf,data/goa/2022/list-of-validly-nominated-candidates-tiswadivp_2022.pdf,4
Goa,2022,North Goa,Tiswadi,Curca-Bambolim- Talaulim,XI,gp_ward,ward,ST Other than Woman,ST,0,,,ST,latin,list-of-validly-nominated-candidates-tiswadivp_2022.pdf,data/goa/2022/list-of-validly-nominated-candidates-tiswadivp_2022.pdf,4
Goa,2022,North Goa,Tiswadi,Siridao-Palem,I,gp_ward,ward,Woman,NONE,1,,,Women,latin,list-of-validly-nominated-candidates-tiswadivp_2022.pdf,data/goa/2022/list-of-validly-nominated-candidates-tiswadivp_2022.pdf,4
Goa,2022,North Goa,Tiswadi,Siridao-Palem,II,gp_ward,ward,BC Other than Woman,BC,0,,,OBC,latin,list-of-validly-nominated-candidates-tiswadivp_2022.pdf,data/goa/2022/list-of-validly-nominated-candidates-tiswadivp_2022.pdf,4
Goa,2022,North Goa,Tiswadi,Siridao-Palem,III,gp_ward,ward,Other than Woman,NONE,0,,,General,latin,list-of-validly-nominated-candidates-tiswadivp_2022.pdf,data/goa/2022/list-of-validly-nominated-candidates-tiswadivp_2022.pdf,5
Goa,2022,North Goa,Tiswadi,Siridao-Palem,IV,gp_ward,ward,ST Other than Woman,ST,0,,,ST,latin,list-of-validly-nominated-candidates-tiswadivp_2022.pdf,data/goa/2022/list-of-validly-nominated-candidates-tiswadivp_2022.pdf,5
Goa,2022,North Goa,Tiswadi,Siridao-Palem,V,gp_ward,ward,ST Woman,ST,1,,,ST Women,latin,list-of-validly-nominated-candidates-tiswadivp_2022.pdf,data/goa/2022/list-of-validly-nominated-candidates-tiswadivp_2022.pdf,5
Goa,2022,North Goa,Tiswadi,Siridao-Palem,VI,gp_ward,ward,Woman,NONE,1,,,Women,latin,list-of-validly-nominated-candidates-tiswadivp_2022.pdf,data/goa/2022/list-of-validly-nominated-candidates-tiswadivp_2022.pdf,5
Goa,2022,North Goa,Tiswadi,Siridao-Palem,VII,gp_ward,ward,Other than Woman,NONE,0,,,General,latin,list-of-validly-nominated-candidates-tiswadivp_2022.pdf,data/goa/2022/list-of-validly-nominated-candidates-tiswadivp_2022.pdf,5
Goa,2022,North Goa,Tiswadi,Batim,I,gp_ward,ward,Other than Woman,NONE,0,,,General,latin,list-of-validly-nominated-candidates-tiswadivp_2022.pdf,data/goa/2022/list-of-validly-nominated-candidates-tiswadivp_2022.pdf,5
Goa,2022,North Goa,Tiswadi,Batim,II,gp_ward,ward,Other than Woman,NONE,0,,,General,latin,list-of-validly-nominated-candidates-tiswadivp_2022.pdf,data/goa/2022/list-of-validly-nominated-candidates-tiswadivp_2022.pdf,5
Goa,2022,North Goa,Tiswadi,Batim,III,gp_ward,ward,BC Other than Woman,BC,0,,,OBC,latin,list-of-validly-nominated-candidates-tiswadivp_2022.pdf,data/goa/2022/list-of-validly-nominated-candidates-tiswadivp_2022.pdf,5
Goa,2022,North Goa,Tiswadi,Batim,IV,gp_ward,ward,Other than Woman,NONE,0,,,General,latin,list-of-validly-nominated-candidates-tiswadivp_2022.pdf,data/goa/2022/list-of-validly-nominated-candidates-tiswadivp_2022.pdf,5
Goa,2022,North Goa,Tiswadi,Batim,V,gp_ward,ward,Woman,NONE,1,,,Women,latin,list-of-validly-nominated-candidates-tiswadivp_2022.pdf,data/goa/2022/list-of-validly-nominated-candidates-tiswadivp_2022.pdf,6
Goa,2022,North Goa,Tiswadi,Batim,VI,gp_ward,ward,Woman,NONE,1,,,Women,latin,list-of-validly-nominated-candidates-tiswadivp_2022.pdf,data/goa/2022/list-of-validly-nominated-candidates-tiswadivp_2022.pdf,6
Goa,2022,North Goa,Tiswadi,Batim,VII,gp_ward,ward,Woman,NONE,1,,,Women,latin,list-of-validly-nominated-candidates-tiswadivp_2022.pdf,data/goa/2022/list-of-validly-nominated-candidates-tiswadivp_2022.pdf,6
Goa,2022,North Goa,Tiswadi,Chimbel,I,gp_ward,ward,Other than Woman,NONE,0,,,General,latin,list-of-validly-nominated-candidates-tiswadivp_2022.pdf,data/goa/2022/list-of-validly-nominated-candidates-tiswadivp_2022.pdf,6
Goa,2022,North Goa,Tiswadi,Chimbel,II,gp_ward,ward,Other than Woman,NONE,0,,,General,latin,list-of-validly-nominated-candidates-tiswadivp_2022.pdf,data/goa/2022/list-of-validly-nominated-candidates-tiswadivp_2022.pdf,6
Goa,2022,North Goa,Tiswadi,Chimbel,III,gp_ward,ward,Woman,NONE,1,,,Women,latin,list-of-validly-nominated-candidates-tiswadivp_2022.pdf,data/goa/2022/list-of-validly-nominated-candidates-tiswadivp_2022.pdf,7
Goa,2022,North Goa,Tiswadi,Chimbel,IV,gp_ward,ward,Other than Woman,NONE,0,,,General,latin,list-of-validly-nominated-candidates-tiswadivp_2022.pdf,data/goa/2022/list-of-validly-nominated-candidates-tiswadivp_2022.pdf,7
Goa,2022,North Goa,Tiswadi,Chimbel,V,gp_ward,ward,Other than Woman,NONE,0,,,General,latin,list-of-validly-nominated-candidates-tiswadivp_2022.pdf,data/goa/2022/list-of-validly-nominated-candidates-tiswadivp_2022.pdf,7
Goa,2022,North Goa,Tiswadi,Chimbel,VI,gp_ward,ward,ST Other than Woman,ST,0,,,ST,latin,list-of-validly-nominated-candidates-tiswadivp_2022.pdf,data/goa/2022/list-of-validly-nominated-candidates-tiswadivp_2022.pdf,7
Goa,2022,North Goa,Tiswadi,Chimbel,VII,gp_ward,ward,BC Woman,BC,1,,,OBC Women,latin,list-of-validly-nominated-candidates-tiswadivp_2022.pdf,data/goa/2022/list-of-validly-nominated-candidates-tiswadivp_2022.pdf,7
Goa,2022,North Goa,Tiswadi,Chimbel,VIII,gp_ward,ward,Other than Woman,NONE,0,,,General,latin,list-of-validly-nominated-candidates-tiswadivp_2022.pdf,data/goa/2022/list-of-validly-nominated-candidates-tiswadivp_2022.pdf,8
Goa,2022,North Goa,Tiswadi,Chimbel,IX,gp_ward,ward,BC Other than Woman,BC,0,,,OBC,latin,list-of-validly-nominated-candidates-tiswadivp_2022.pdf,data/goa/2022/list-of-validly-nominated-candidates-tiswadivp_2022.pdf,8
Goa,2022,North Goa,Tiswadi,Chimbel,X,gp_ward,ward,ST Woman,ST,1,,,ST Women,latin,list-of-validly-nominated-candidates-tiswadivp_2022.pdf,data/goa/2022/list-of-validly-nominated-candidates-tiswadivp_2022.pdf,8
Goa,2022,North Goa,Tiswadi,Chimbel,XI,gp_ward,ward,Woman,NONE,1,,,Women,latin,list-of-validly-nominated-candidates-tiswadivp_2022.pdf,data/goa/2022/list-of-validly-nominated-candidates-tiswadivp_2022.pdf,8
Goa,2022,North Goa,Tiswadi,Merces,I,gp_ward,ward,ST Other than Woman,ST,0,,,ST,latin,list-of-validly-nominated-candidates-tiswadivp_2022.pdf,data/goa/2022/list-of-validly-nominated-candidates-tiswadivp_2022.pdf,9
Goa,2022,North Goa,Tiswadi,Merces,II,gp_ward,ward,Other than Woman,NONE,0,,,General,latin,list-of-validly-nominated-candidates-tiswadivp_2022.pdf,data/goa/2022/list-of-validly-nominated-candidates-tiswadivp_2022.pdf,9
Goa,2022,North Goa,Tiswadi,Merces,III,gp_ward,ward,Other than Woman,NONE,0,,,General,latin,list-of-validly-nominated-candidates-tiswadivp_2022.pdf,data/goa/2022/list-of-validly-nominated-candidates-tiswadivp_2022.pdf,9
Goa,2022,North Goa,Tiswadi,Merces,IV,gp_ward,ward,BC Other than Woman,BC,0,,,OBC,latin,list-of-validly-nominated-candidates-tiswadivp_2022.pdf,data/goa/2022/list-of-validly-nominated-candidates-tiswadivp_2022.pdf,9
Goa,2022,North Goa,Tiswadi,Merces,V,gp_ward,ward,Other than Woman,NONE,0,,,General,latin,list-of-validly-nominated-candidates-tiswadivp_2022.pdf,data/goa/2022/list-of-validly-nominated-candidates-tiswadivp_2022.pdf,9
Goa,2022,North Goa,Tiswadi,Merces,VI,gp_ward,ward,Woman,NONE,1,,,Women,latin,list-of-validly-nominated-candidates-tiswadivp_2022.pdf,data/goa/2022/list-of-validly-nominated-candidates-tiswadivp_2022.pdf,9
Goa,2022,North Goa,Tiswadi,Merces,VII,gp_ward,ward,Woman,NONE,1,,,Women,latin,list-of-validly-nominated-candidates-tiswadivp_2022.pdf,data/goa/2022/list-of-validly-nominated-candidates-tiswadivp_2022.pdf,10
Goa,2022,North Goa,Tiswadi,Merces,VIII,gp_ward,ward,Other than Woman,NONE,0,,,General,latin,list-of-validly-nominated-candidates-tiswadivp_2022.pdf,data/goa/2022/list-of-validly-nominated-candidates-tiswadivp_2022.pdf,10
Goa,2022,North Goa,Tiswadi,Merces,IX,gp_ward,ward,BC Woman,BC,1,,,OBC Women,latin,list-of-validly-nominated-candidates-tiswadivp_2022.pdf,data/goa/2022/list-of-validly-nominated-candidates-tiswadivp_2022.pdf,10
Goa,2022,North Goa,Tiswadi,Merces,X,gp_ward,ward,BC Other than Woman,BC,0,,,OBC,latin,list-of-validly-nominated-candidates-tiswadivp_2022.pdf,data/goa/2022/list-of-validly-nominated-candidates-tiswadivp_2022.pdf,10
Goa,2022,North Goa,Tiswadi,Merces,XI,gp_ward,ward,Woman,NONE,1,,,Women,latin,list-of-validly-nominated-candidates-tiswadivp_2022.pdf,data/goa/2022/list-of-validly-nominated-candidates-tiswadivp_2022.pdf,10
Goa,2022,North Goa,Tiswadi,Corlim,I,gp_ward,ward,Other than Woman,NONE,0,,,General,latin,list-of-validly-nominated-candidates-tiswadivp_2022.pdf,data/goa/2022/list-of-validly-nominated-candidates-tiswadivp_2022.pdf,10
Goa,2022,North Goa,Tiswadi,Corlim,II,gp_ward,ward,ST Woman,ST,1,,,ST Women,latin,list-of-validly-nominated-candidates-tiswadivp_2022.pdf,data/goa/2022/list-of-validly-nominated-candidates-tiswadivp_2022.pdf,10
Goa,2022,North Goa,Tiswadi,Corlim,III,gp_ward,ward,Other than Woman,NONE,0,,,General,latin,list-of-validly-nominated-candidates-tiswadivp_2022.pdf,data/goa/2022/list-of-validly-nominated-candidates-tiswadivp_2022.pdf,10
Goa,2022,North Goa,Tiswadi,Corlim,IV,gp_ward,ward,Woman,NONE,1,,,Women,latin,list-of-validly-nominated-candidates-tiswadivp_2022.pdf,data/goa/2022/list-of-validly-nominated-candidates-tiswadivp_2022.pdf,11
Goa,2022,North Goa,Tiswadi,Corlim,V,gp_ward,ward,Other than Woman,NONE,0,,,General,latin,list-of-validly-nominated-candidates-tiswadivp_2022.pdf,data/goa/2022/list-of-validly-nominated-candidates-tiswadivp_2022.pdf,11
Goa,2022,North Goa,Tiswadi,Corlim,VI,gp_ward,ward,Woman,NONE,1,,,Women,latin,list-of-validly-nominated-candidates-tiswadivp_2022.pdf,data/goa/2022/list-of-validly-nominated-candidates-tiswadivp_2022.pdf,11
Goa,2022,North Goa,Tiswadi,Corlim,VII,gp_ward,ward,Other than Woman,NONE,0,,,General,latin,list-of-validly-nominated-candidates-tiswadivp_2022.pdf,data/goa/2022/list-of-validly-nominated-candidates-tiswadivp_2022.pdf,11
Goa,2022,North Goa,Tiswadi,Corlim,VIII,gp_ward,ward,ST Other than Woman,ST,0,,,ST,latin,list-of-validly-nominated-candidates-tiswadivp_2022.pdf,data/goa/2022/list-of-validly-nominated-candidates-tiswadivp_2022.pdf,12
Goa,2022,North Goa,Tiswadi,Corlim,IX,gp_ward,ward,BC Other than Woman,BC,0,,,OBC,latin,list-of-validly-nominated-candidates-tiswadivp_2022.pdf,data/goa/2022/list-of-validly-nominated-candidates-tiswadivp_2022.pdf,12
Goa,2022,North Goa,Tiswadi,Cumbharjua,I,gp_ward,ward,Other than Woman,NONE,0,,,General,latin,list-of-validly-nominated-candidates-tiswadivp_2022.pdf,data/goa/2022/list-of-validly-nominated-candidates-tiswadivp_2022.pdf,12
Goa,2022,North Goa,Tiswadi,Cumbharjua,II,gp_ward,ward,Woman,NONE,1,,,Women,latin,list-of-validly-nominated-candidates-tiswadivp_2022.pdf,data/goa/2022/list-of-validly-nominated-candidates-tiswadivp_2022.pdf,12
Goa,2022,North Goa,Tiswadi,Cumbharjua,III,gp_ward,ward,Other than Woman,NONE,0,,,General,latin,list-of-validly-nominated-candidates-tiswadivp_2022.pdf,data/goa/2022/list-of-validly-nominated-candidates-tiswadivp_2022.pdf,13
Goa,2022,North Goa,Tiswadi,Cumbharjua,IV,gp_ward,ward,BC Other than Woman,BC,0,,,OBC,latin,list-of-validly-nominated-candidates-tiswadivp_2022.pdf,data/goa/2022/list-of-validly-nominated-candidates-tiswadivp_2022.pdf,13
Goa,2022,North Goa,Tiswadi,Cumbharjua,V,gp_ward,ward,Other than Woman,NONE,0,,,General,latin,list-of-validly-nominated-candidates-tiswadivp_2022.pdf,data/goa/2022/list-of-validly-nominated-candidates-tiswadivp_2022.pdf,13
Goa,2022,North Goa,Tiswadi,Cumbharjua,VI,gp_ward,ward,Other than Woman,NONE,0,,,General,latin,list-of-validly-nominated-candidates-tiswadivp_2022.pdf,data/goa/2022/list-of-validly-nominated-candidates-tiswadivp_2022.pdf,13
Goa,2022,North Goa,Tiswadi,Cumbharjua,VII,gp_ward,ward,BC Woman,BC,1,,,OBC Women,latin,list-of-validly-nominated-candidates-tiswadivp_2022.pdf,data/goa/2022/list-of-validly-nominated-candidates-tiswadivp_2022.pdf,13
Goa,2022,North Goa,Tiswadi,Cumbharjua,IX,gp_ward,ward,ST Woman,ST,1,,,ST Women,latin,list-of-validly-nominated-candidates-tiswadivp_2022.pdf,data/goa/2022/list-of-validly-nominated-candidates-tiswadivp_2022.pdf,14
Goa,2022,North Goa,Tiswadi,St.Estevam,I,gp_ward,ward,BC Woman,BC,1,,,OBC Women,latin,list-of-validly-nominated-candidates-tiswadivp_2022.pdf,data/goa/2022/list-of-validly-nominated-candidates-tiswadivp_2022.pdf,14
Goa,2022,North Goa,Tiswadi,St.Estevam,II,gp_ward,ward,Woman,NONE,1,,,Women,latin,list-of-validly-nominated-candidates-tiswadivp_2022.pdf,data/goa/2022/list-of-validly-nominated-candidates-tiswadivp_2022.pdf,14
Goa,2022,North Goa,Tiswadi,St.Estevam,III,gp_ward,ward,Other than Woman,NONE,0,,,General,latin,list-of-validly-nominated-candidates-tiswadivp_2022.pdf,data/goa/2022/list-of-validly-nominated-candidates-tiswadivp_2022.pdf,14
Goa,2022,North Goa,Tiswadi,St.Estevam,IV,gp_ward,ward,Other than Woman,NONE,0,,,General,latin,list-of-validly-nominated-candidates-tiswadivp_2022.pdf,data/goa/2022/list-of-validly-nominated-candidates-tiswadivp_2022.pdf,14
Goa,2022,North Goa,Tiswadi,St.Estevam,V,gp_ward,ward,BC Other than Woman,BC,0,,,OBC,latin,list-of-validly-nominated-candidates-tiswadivp_2022.pdf,data/goa/2022/list-of-validly-nominated-candidates-tiswadivp_2022.pdf,14
Goa,2022,North Goa,Tiswadi,St.Estevam,VII,gp_ward,ward,Woman,NONE,1,,,Women,latin,list-of-validly-nominated-candidates-tiswadivp_2022.pdf,data/goa/2022/list-of-validly-nominated-candidates-tiswadivp_2022.pdf,15
Goa,2022,North Goa,Tiswadi,Se Old Goa,I,gp_ward,ward,Other than Woman,NONE,0,,,General,latin,list-of-validly-nominated-candidates-tiswadivp_2022.pdf,data/goa/2022/list-of-validly-nominated-candidates-tiswadivp_2022.pdf,15
Goa,2022,North Goa,Tiswadi,Se Old Goa,II,gp_ward,ward,Other than Woman,NONE,0,,,General,latin,list-of-validly-nominated-candidates-tiswadivp_2022.pdf,data/goa/2022/list-of-validly-nominated-candidates-tiswadivp_2022.pdf,15
Goa,2022,North Goa,Tiswadi,Se Old Goa,III,gp_ward,ward,Other than Woman,NONE,0,,,General,latin,list-of-validly-nominated-candidates-tiswadivp_2022.pdf,data/goa/2022/list-of-validly-nominated-candidates-tiswadivp_2022.pdf,15
Goa,2022,North Goa,Tiswadi,Se Old Goa,IV,gp_ward,ward,Woman,NONE,1,,,Women,latin,list-of-validly-nominated-candidates-tiswadivp_2022.pdf,data/goa/2022/list-of-validly-nominated-candidates-tiswadivp_2022.pdf,15
Goa,2022,North Goa,Tiswadi,Se Old Goa,V,gp_ward,ward,ST Other than Woman,ST,0,,,ST,latin,list-of-validly-nominated-candidates-tiswadivp_2022.pdf,data/goa/2022/list-of-validly-nominated-candidates-tiswadivp_2022.pdf,16
Goa,2022,North Goa,Tiswadi,Se Old Goa,VI,gp_ward,ward,BC Other than Woman,BC,0,,,OBC,latin,list-of-validly-nominated-candidates-tiswadivp_2022.pdf,data/goa/2022/list-of-validly-nominated-candidates-tiswadivp_2022.pdf,16
Goa,2022,North Goa,Tiswadi,Se Old Goa,VII,gp_ward,ward,Woman,NONE,1,,,Women,latin,list-of-validly-nominated-candidates-tiswadivp_2022.pdf,data/goa/2022/list-of-validly-nominated-candidates-tiswadivp_2022.pdf,16
Goa,2022,North Goa,Tiswadi,Se Old Goa,VIII,gp_ward,ward,Other than Woman,NONE,0,,,General,latin,list-of-validly-nominated-candidates-tiswadivp_2022.pdf,data/goa/2022/list-of-validly-nominated-candidates-tiswadivp_2022.pdf,16
Goa,2022,North Goa,Tiswadi,Se Old Goa,IX,gp_ward,ward,Woman,NONE,1,,,Women,latin,list-of-validly-nominated-candidates-tiswadivp_2022.pdf,data/goa/2022/list-of-validly-nominated-candidates-tiswadivp_2022.pdf,16
Goa,2022,North Goa,Tiswadi,Goltim-Navelim,I,gp_ward,ward,ST Other than Woman,ST,0,,,ST,latin,list-of-validly-nominated-candidates-tiswadivp_2022.pdf,data/goa/2022/list-of-validly-nominated-candidates-tiswadivp_2022.pdf,17
Goa,2022,North Goa,Tiswadi,Goltim-Navelim,II,gp_ward,ward,BC Woman,BC,1,,,OBC Women,latin,list-of-validly-nominated-candidates-tiswadivp_2022.pdf,data/goa/2022/list-of-validly-nominated-candidates-tiswadivp_2022.pdf,17
Goa,2022,North Goa,Tiswadi,Goltim-Navelim,III,gp_ward,ward,Other than Woman,NONE,0,,,General,latin,list-of-validly-nominated-candidates-tiswadivp_2022.pdf,data/goa/2022/list-of-validly-nominated-candidates-tiswadivp_2022.pdf,17
Goa,2022,North Goa,Tiswadi,Goltim-Navelim,IV,gp_ward,ward,Other than Woman,NONE,0,,,General,latin,list-of-validly-nominated-candidates-tiswadivp_2022.pdf,data/goa/2022/list-of-validly-nominated-candidates-tiswadivp_2022.pdf,17
Goa,2022,North Goa,Tiswadi,Goltim-Navelim,V,gp_ward,ward,BC Other than Woman,BC,0,,,OBC,latin,list-of-validly-nominated-candidates-tiswadivp_2022.pdf,data/goa/2022/list-of-validly-nominated-candidates-tiswadivp_2022.pdf,17
Goa,2022,North Goa,Tiswadi,Goltim-Navelim,VI,gp_ward,ward,Woman,NONE,1,,,Women,latin,list-of-validly-nominated-candidates-tiswadivp_2022.pdf,data/goa/2022/list-of-validly-nominated-candidates-tiswadivp_2022.pdf,17
Goa,2022,North Goa,Tiswadi,Goltim-Navelim,VII,gp_ward,ward,Woman,NONE,1,,,Women,latin,list-of-validly-nominated-candidates-tiswadivp_2022.pdf,data/goa/2022/list-of-validly-nominated-candidates-tiswadivp_2022.pdf,18
Goa,2022,North Goa,Tiswadi,Sao Matias,I,gp_ward,ward,Woman,NONE,1,,,Women,latin,list-of-validly-nominated-candidates-tiswadivp_2022.pdf,data/goa/2022/list-of-validly-nominated-candidates-tiswadivp_2022.pdf,18
Goa,2022,North Goa,Tiswadi,Sao Matias,II,gp_ward,ward,BC Other than Woman,BC,0,,,OBC,latin,list-of-validly-nominated-candidates-tiswadivp_2022.pdf,data/goa/2022/list-of-validly-nominated-candidates-tiswadivp_2022.pdf,18
Goa,2022,North Goa,Tiswadi,Sao Matias,III,gp_ward,ward,Other than Woman,NONE,0,,,General,latin,list-of-validly-nominated-candidates-tiswadivp_2022.pdf,data/goa/2022/list-of-validly-nominated-candidates-tiswadivp_2022.pdf,18
Goa,2022,North Goa,Tiswadi,Sao Matias,IV,gp_ward,ward,Other than Woman,NONE,0,,,General,latin,list-of-validly-nominated-candidates-tiswadivp_2022.pdf,data/goa/2022/list-of-validly-nominated-candidates-tiswadivp_2022.pdf,18
Goa,2022,North Goa,Tiswadi,Sao Matias,V,gp_ward,ward,BC Other than Woman,BC,0,,,OBC,latin,list-of-validly-nominated-candidates-tiswadivp_2022.pdf,data/goa/2022/list-of-validly-nominated-candidates-tiswadivp_2022.pdf,18
Goa,2022,North Goa,Tiswadi,Sao Matias,VI,gp_ward,ward,BC Woman,BC,1,,,OBC Women,latin,list-of-validly-nominated-candidates-tiswadivp_2022.pdf,data/goa/2022/list-of-validly-nominated-candidates-tiswadivp_2022.pdf,18
Goa,2022,North Goa,Tiswadi,Sao Matias,VII,gp_ward,ward,Woman,NONE,1,,,Women,latin,list-of-validly-nominated-candidates-tiswadivp_2022.pdf,data/goa/2022/list-of-validly-nominated-candidates-tiswadivp_2022.pdf,19
Goa,2022,North Goa,Tiswadi,St.Lawrence(Agassaim),I,gp_ward,ward,BC Other than Woman,BC,0,,,OBC,latin,list-of-validly-nominated-candidates-tiswadivp_2022.pdf,data/goa/2022/list-of-validly-nominated-candidates-tiswadivp_2022.pdf,19
Goa,2022,North Goa,Tiswadi,St.Lawrence(Agassaim),II,gp_ward,ward,Other than Woman,NONE,0,,,General,latin,list-of-validly-nominated-candidates-tiswadivp_2022.pdf,data/goa/2022/list-of-validly-nominated-candidates-tiswadivp_2022.pdf,19
Goa,2022,North Goa,Tiswadi,St.Lawrence(Agassaim),III,gp_ward,ward,Woman,NONE,1,,,Women,latin,list-of-validly-nominated-candidates-tiswadivp_2022.pdf,data/goa/2022/list-of-validly-nominated-candidates-tiswadivp_2022.pdf,19
Goa,2022,North Goa,Tiswadi,St.Lawrence(Agassaim),IV,gp_ward,ward,Woman,NONE,1,,,Women,latin,list-of-validly-nominated-candidates-tiswadivp_2022.pdf,data/goa/2022/list-of-validly-nominated-candidates-tiswadivp_2022.pdf,19
Goa,2022,North Goa,Tiswadi,St.Lawrence(Agassaim),V,gp_ward,ward,Other than Woman,NONE,0,,,General,latin,list-of-validly-nominated-candidates-tiswadivp_2022.pdf,data/goa/2022/list-of-validly-nominated-candidates-tiswadivp_2022.pdf,19
Goa,2022,North Goa,Tiswadi,St.Lawrence(Agassaim),VI,gp_ward,ward,Woman,NONE,1,,,Women,latin,list-of-validly-nominated-candidates-tiswadivp_2022.pdf,data/goa/2022/list-of-validly-nominated-candidates-tiswadivp_2022.pdf,19
Goa,2022,North Goa,Tiswadi,St.Lawrence(Agassaim),VII,gp_ward,ward,ST Other than Woman,ST,0,,,ST,latin,list-of-validly-nominated-candidates-tiswadivp_2022.pdf,data/goa/2022/list-of-validly-nominated-candidates-tiswadivp_2022.pdf,19
Goa,2022,North Goa,Tiswadi,St.Lawrence(Agassaim),IX,gp_ward,ward,Other than Woman,NONE,0,,,General,latin,list-of-validly-nominated-candidates-tiswadivp_2022.pdf,data/goa/2022/list-of-validly-nominated-candidates-tiswadivp_2022.pdf,20
Goa,2022,North Goa,Tiswadi,St.Lawrence(Agassaim),X,gp_ward,ward,Other than Woman,NONE,0,,,General,latin,list-of-validly-nominated-candidates-tiswadivp_2022.pdf,data/goa/2022/list-of-validly-nominated-candidates-tiswadivp_2022.pdf,20
Goa,2022,North Goa,Tiswadi,St.Lawrence(Agassaim),XI,gp_ward,ward,Woman,NONE,1,,,Women,latin,list-of-validly-nominated-candidates-tiswadivp_2022.pdf,data/goa/2022/list-of-validly-nominated-candidates-tiswadivp_2022.pdf,20
Goa,2022,North Goa,Tiswadi,Carambolim,I,gp_ward,ward,Other than Woman,NONE,0,,,General,latin,list-of-validly-nominated-candidates-tiswadivp_2022.pdf,data/goa/2022/list-of-validly-nominated-candidates-tiswadivp_2022.pdf,20
Goa,2022,North Goa,Tiswadi,Carambolim,II,gp_ward,ward,Other than Woman,NONE,0,,,General,latin,list-of-validly-nominated-candidates-tiswadivp_2022.pdf,data/goa/2022/list-of-validly-nominated-candidates-tiswadivp_2022.pdf,20
Goa,2022,North Goa,Tiswadi,Carambolim,III,gp_ward,ward,Other than Woman,NONE,0,,,General,latin,list-of-validly-nominated-candidates-tiswadivp_2022.pdf,data/goa/2022/list-of-validly-nominated-candidates-tiswadivp_2022.pdf,20
Goa,2022,North Goa,Tiswadi,Carambolim,IV,gp_ward,ward,ST Woman,ST,1,,,ST Women,latin,list-of-validly-nominated-candidates-tiswadivp_2022.pdf,data/goa/2022/list-of-validly-nominated-candidates-tiswadivp_2022.pdf,21
Goa,2022,North Goa,Tiswadi,Carambolim,V,gp_ward,ward,ST Other than Woman,ST,0,,,ST,latin,list-of-validly-nominated-candidates-tiswadivp_2022.pdf,data/goa/2022/list-of-validly-nominated-candidates-tiswadivp_2022.pdf,21
Goa,2022,North Goa,Tiswadi,Carambolim,VI,gp_ward,ward,Other than Woman,NONE,0,,,General,latin,list-of-validly-nominated-candidates-tiswadivp_2022.pdf,data/goa/2022/list-of-validly-nominated-candidates-tiswadivp_2022.pdf,21
Goa,2022,North Goa,Tiswadi,Carambolim,VII,gp_ward,ward,Woman,NONE,1,,,Women,latin,list-of-validly-nominated-candidates-tiswadivp_2022.pdf,data/goa/2022/list-of-validly-nominated-candidates-tiswadivp_2022.pdf,21
Goa,2022,North Goa,Tiswadi,Carambolim,VIII,gp_ward,ward,BC Other than Woman,BC,0,,,OBC,latin,list-of-validly-nominated-candidates-tiswadivp_2022.pdf,data/goa/2022/list-of-validly-nominated-candidates-tiswadivp_2022.pdf,22
Goa,2022,North Goa,Tiswadi,Carambolim,IX,gp_ward,ward,Woman,NONE,1,,,Women,latin,list-of-validly-nominated-candidates-tiswadivp_2022.pdf,data/goa/2022/list-of-validly-nominated-candidates-tiswadivp_2022.pdf,22
Goa,2022,North Goa,Tiswadi,St.Andre (Goa Velha),I,gp_ward,ward,Woman,NONE,1,,,Women,latin,list-of-validly-nominated-candidates-tiswadivp_2022.pdf,data/goa/2022/list-of-validly-nominated-candidates-tiswadivp_2022.pdf,22
Goa,2022,North Goa,Tiswadi,St.Andre (Goa Velha),II,gp_ward,ward,Woman,NONE,1,,,Women,latin,list-of-validly-nominated-candidates-tiswadivp_2022.pdf,data/goa/2022/list-of-validly-nominated-candidates-tiswadivp_2022.pdf,22
Goa,2022,North Goa,Tiswadi,St.Andre (Goa Velha),III,gp_ward,ward,Other than Woman,NONE,0,,,General,latin,list-of-validly-nominated-candidates-tiswadivp_2022.pdf,data/goa/2022/list-of-validly-nominated-candidates-tiswadivp_2022.pdf,22
Goa,2022,North Goa,Tiswadi,St.Andre (Goa Velha),IV,gp_ward,ward,BC Other than Woman,BC,0,,,OBC,latin,list-of-validly-nominated-candidates-tiswadivp_2022.pdf,data/goa/2022/list-of-validly-nominated-candidates-tiswadivp_2022.pdf,22
Goa,2022,North Goa,Tiswadi,St.Andre (Goa Velha),VI,gp_ward,ward,Other than Woman,NONE,0,,,General,latin,list-of-validly-nominated-candidates-tiswadivp_2022.pdf,data/goa/2022/list-of-validly-nominated-candidates-tiswadivp_2022.pdf,23
Goa,2022,North Goa,Tiswadi,St.Andre (Goa Velha),VII,gp_ward,ward,Other than Woman,NONE,0,,,General,latin,list-of-validly-nominated-candidates-tiswadivp_2022.pdf,data/goa/2022/list-of-validly-nominated-candidates-tiswadivp_2022.pdf,23
Goa,2022,North Goa,Tiswadi,St.Andre (Goa Velha),VIII,gp_ward,ward,Other than Woman,NONE,0,,,General,latin,list-of-validly-nominated-candidates-tiswadivp_2022.pdf,data/goa/2022/list-of-validly-nominated-candidates-tiswadivp_2022.pdf,23
Goa,2022,North Goa,Tiswadi,St.Andre (Goa Velha),IX,gp_ward,ward,BC Woman,BC,1,,,OBC Women,latin,list-of-validly-nominated-candidates-tiswadivp_2022.pdf,data/goa/2022/list-of-validly-nominated-candidates-tiswadivp_2022.pdf,23
Goa,2022,North Goa,Tiswadi,Azossim-Mandur,I,gp_ward,ward,Woman,NONE,1,,,Women,latin,list-of-validly-nominated-candidates-tiswadivp_2022.pdf,data/goa/2022/list-of-validly-nominated-candidates-tiswadivp_2022.pdf,23
Goa,2022,North Goa,Tiswadi,Azossim-Mandur,II,gp_ward,ward,Woman,NONE,1,,,Women,latin,list-of-validly-nominated-candidates-tiswadivp_2022.pdf,data/goa/2022/list-of-validly-nominated-candidates-tiswadivp_2022.pdf,23
Goa,2022,North Goa,Tiswadi,Azossim-Mandur,III,gp_ward,ward,Other than Woman,NONE,0,,,General,latin,list-of-validly-nominated-candidates-tiswadivp_2022.pdf,data/goa/2022/list-of-validly-nominated-candidates-tiswadivp_2022.pdf,23
Goa,2022,North Goa,Tiswadi,Azossim-Mandur,IV,gp_ward,ward,Other than Woman,NONE,0,,,General,latin,list-of-validly-nominated-candidates-tiswadivp_2022.pdf,data/goa/2022/list-of-validly-nominated-candidates-tiswadivp_2022.pdf,24
Goa,2022,North Goa,Tiswadi,Azossim-Mandur,V,gp_ward,ward,ST Other than Woman,ST,0,,,ST,latin,list-of-validly-nominated-candidates-tiswadivp_2022.pdf,data/goa/2022/list-of-validly-nominated-candidates-tiswadivp_2022.pdf,24
Goa,2022,North Goa,Tiswadi,Azossim-Mandur,VI,gp_ward,ward,BC Other than Woman,BC,0,,,OBC,latin,list-of-validly-nominated-candidates-tiswadivp_2022.pdf,data/goa/2022/list-of-validly-nominated-candidates-tiswadivp_2022.pdf,24
Goa,2022,North Goa,Tiswadi,Azossim-Mandur,VII,gp_ward,ward,BC Woman,BC,1,,,OBC Women,latin,list-of-validly-nominated-candidates-tiswadivp_2022.pdf,data/goa/2022/list-of-validly-nominated-candidates-tiswadivp_2022.pdf,24
Goa,2022,North Goa,Tiswadi,Neura,I,gp_ward,ward,BC Other than Woman,BC,0,,,OBC,latin,list-of-validly-nominated-candidates-tiswadivp_2022.pdf,data/goa/2022/list-of-validly-nominated-candidates-tiswadivp_2022.pdf,24
Goa,2022,North Goa,Tiswadi,Neura,II,gp_ward,ward,Woman,NONE,1,,,Women,latin,list-of-validly-nominated-candidates-tiswadivp_2022.pdf,data/goa/2022/list-of-validly-nominated-candidates-tiswadivp_2022.pdf,25
Goa,2022,North Goa,Tiswadi,Neura,III,gp_ward,ward,BC Other than Woman,BC,0,,,OBC,latin,list-of-validly-nominated-candidates-tiswadivp_2022.pdf,data/goa/2022/list-of-validly-nominated-candidates-tiswadivp_2022.pdf,25
Goa,2022,North Goa,Tiswadi,Neura,IV,gp_ward,ward,Other than Woman,NONE,0,,,General,latin,list-of-validly-nominated-candidates-tiswadivp_2022.pdf,data/goa/2022/list-of-validly-nominated-candidates-tiswadivp_2022.pdf,25
Goa,2022,North Goa,Tiswadi,Neura,V,gp_ward,ward,Other than Woman,NONE,0,,,General,latin,list-of-validly-nominated-candidates-tiswadivp_2022.pdf,data/goa/2022/list-of-validly-nominated-candidates-tiswadivp_2022.pdf,25
Goa,2022,North Goa,Tiswadi,Neura,VI,gp_ward,ward,Woman,NONE,1,,,Women,latin,list-of-validly-nominated-candidates-tiswadivp_2022.pdf,data/goa/2022/list-of-validly-nominated-candidates-tiswadivp_2022.pdf,25
Goa,2022,North Goa,Tiswadi,Neura,VII,gp_ward,ward,BC Woman,BC,1,,,OBC Women,latin,list-of-validly-nominated-candidates-tiswadivp_2022.pdf,data/goa/2022/list-of-validly-nominated-candidates-tiswadivp_2022.pdf,25
Goa,2022,North Goa,Tiswadi,Chodan-Madel,I,gp_ward,ward,BC Other than Woman,BC,0,,,OBC,latin,list-of-validly-nominated-candidates-tiswadivp_2022.pdf,data/goa/2022/list-of-validly-nominated-candidates-tiswadivp_2022.pdf,25
Goa,2022,North Goa,Tiswadi,Chodan-Madel,II,gp_ward,ward,ST Other than Woman,ST,0,,,ST,latin,list-of-validly-nominated-candidates-tiswadivp_2022.pdf,data/goa/2022/list-of-validly-nominated-candidates-tiswadivp_2022.pdf,26
Goa,2022,North Goa,Tiswadi,Chodan-Madel,III,gp_ward,ward,Other than Woman,NONE,0,,,General,latin,list-of-validly-nominated-candidates-tiswadivp_2022.pdf,data/goa/2022/list-of-validly-nominated-candidates-tiswadivp_2022.pdf,26
Goa,2022,North Goa,Tiswadi,Chodan-Madel,IV,gp_ward,ward,Woman,NONE,1,,,Women,latin,list-of-validly-nominated-candidates-tiswadivp_2022.pdf,data/goa/2022/list-of-validly-nominated-candidates-tiswadivp_2022.pdf,26
Goa,2022,North Goa,Tiswadi,Chodan-Madel,V,gp_ward,ward,Other than Woman,NONE,0,,,General,latin,list-of-validly-nominated-candidates-tiswadivp_2022.pdf,data/goa/2022/list-of-validly-nominated-candidates-tiswadivp_2022.pdf,26
Goa,2022,North Goa,Tiswadi,Chodan-Madel,VI,gp_ward,ward,Other than Woman,NONE,0,,,General,latin,list-of-validly-nominated-candidates-tiswadivp_2022.pdf,data/goa/2022/list-of-validly-nominated-candidates-tiswadivp_2022.pdf,26
Goa,2022,North Goa,Tiswadi,Chodan-Madel,VII,gp_ward,ward,BC Woman,BC,1,,,OBC Women,latin,list-of-validly-nominated-candidates-tiswadivp_2022.pdf,data/goa/2022/list-of-validly-nominated-candidates-tiswadivp_2022.pdf,27
Goa,2022,North Goa,Tiswadi,Chodan-Madel,VIII,gp_ward,ward,BC Other than Woman,BC,0,,,OBC,latin,list-of-validly-nominated-candidates-tiswadivp_2022.pdf,data/goa/2022/list-of-validly-nominated-candidates-tiswadivp_2022.pdf,27
Goa,2022,North Goa,Tiswadi,Chodan-Madel,IX,gp_ward,ward,Woman,NONE,1,,,Women,latin,list-of-validly-nominated-candidates-tiswadivp_2022.pdf,data/goa/2022/list-of-validly-nominated-candidates-tiswadivp_2022.pdf,27
