state,year,district,block,body,ward_no,ward_count,serial,tier,tier_local,reservation,caste_reservation,woman_reserved,reservation_raw,listing_scope,script,source_path,source_page,source_pdf,source_url,source_capture
Assam,2020,Jorhat,Jorhat,Jorhat,3,19,1,ulb_ward,Municipal Board ward,SC Other than Woman,SC,0,SC,reserved_only,latin,data/assam/pdfs/Reservation of Wards and post of Chairperson of Municipal Boards_2020.pdf,2,Reservation of Wards and post of Chairperson of Municipal Boards_2020.pdf,,
Assam,2020,Jorhat,Jorhat,Jorhat,1,19,1,ulb_ward,Municipal Board ward,Woman,NONE,1,Women,reserved_only,latin,data/assam/pdfs/Reservation of Wards and post of Chairperson of Municipal Boards_2020.pdf,2,Reservation of Wards and post of Chairperson of Municipal Boards_2020.pdf,,
Assam,2020,Jorhat,Jorhat,Jorhat,6,19,1,ulb_ward,Municipal Board ward,Woman,NONE,1,Women,reserved_only,latin,data/assam/pdfs/Reservation of Wards and post of Chairperson of Municipal Boards_2020.pdf,2,Reservation of Wards and post of Chairperson of Municipal Boards_2020.pdf,,
Assam,2020,Jorhat,Jorhat,Jorhat,8,19,1,ulb_ward,Municipal Board ward,Woman,NONE,1,Women,reserved_only,latin,data/assam/pdfs/Reservation of Wards and post of Chairperson of Municipal Boards_2020.pdf,2,Reservation of Wards and post of Chairperson of Municipal Boards_2020.pdf,,
Assam,2020,Jorhat,Jorhat,Jorhat,9,19,1,ulb_ward,Municipal Board ward,Woman,NONE,1,Women,reserved_only,latin,data/assam/pdfs/Reservation of Wards and post of Chairperson of Municipal Boards_2020.pdf,2,Reservation of Wards and post of Chairperson of Municipal Boards_2020.pdf,,
Assam,2020,Jorhat,Jorhat,Jorhat,10,19,1,ulb_ward,Municipal Board ward,Woman,NONE,1,Women,reserved_only,latin,data/assam/pdfs/Reservation of Wards and post of Chairperson of Municipal Boards_2020.pdf,2,Reservation of Wards and post of Chairperson of Municipal Boards_2020.pdf,,
Assam,2020,Jorhat,Jorhat,Jorhat,11,19,1,ulb_ward,Municipal Board ward,Woman,NONE,1,Women,reserved_only,latin,data/assam/pdfs/Reservation of Wards and post of Chairperson of Municipal Boards_2020.pdf,2,Reservation of Wards and post of Chairperson of Municipal Boards_2020.pdf,,
Assam,2020,Jorhat,Jorhat,Jorhat,15,19,1,ulb_ward,Municipal Board ward,Woman,NONE,1,Women,reserved_only,latin,data/assam/pdfs/Reservation of Wards and post of Chairperson of Municipal Boards_2020.pdf,2,Reservation of Wards and post of Chairperson of Municipal Boards_2020.pdf,,
Assam,2020,Jorhat,Jorhat,Jorhat,17,19,1,ulb_ward,Municipal Board ward,Woman,NONE,1,Women,reserved_only,latin,data/assam/pdfs/Reservation of Wards and post of Chairperson of Municipal Boards_2020.pdf,2,Reservation of Wards and post of Chairperson of Municipal Boards_2020.pdf,,
Assam,2020,Jorhat,Jorhat,Teok,9,10,2,ulb_ward,Municipal Board ward,SC Other than Woman,SC,0,SC,reserved_only,latin,data/assam/pdfs/Reservation of Wards and post of Chairperson of Municipal Boards_2020.pdf,2,Reservation of Wards and post of Chairperson of Municipal Boards_2020.pdf,,
Assam,2020,Jorhat,Jorhat,Teok,2,10,2,ulb_ward,Municipal Board ward,SC Woman,SC,1,SC (Women),reserved_only,latin,data/assam/pdfs/Reservation of Wards and post of Chairperson of Municipal Boards_2020.pdf,2,Reservation of Wards and post of Chairperson of Municipal Boards_2020.pdf,,
Assam,2020,Jorhat,Jorhat,Teok,1,10,2,ulb_ward,Municipal Board ward,Woman,NONE,1,Women,reserved_only,latin,data/assam/pdfs/Reservation of Wards and post of Chairperson of Municipal Boards_2020.pdf,2,Reservation of Wards and post of Chairperson of Municipal Boards_2020.pdf,,
Assam,2020,Jorhat,Jorhat,Teok,3,10,2,ulb_ward,Municipal Board ward,Woman,NONE,1,Women,reserved_only,latin,data/assam/pdfs/Reservation of Wards and post of Chairperson of Municipal Boards_2020.pdf,2,Reservation of Wards and post of Chairperson of Municipal Boards_2020.pdf,,
Assam,2020,Jorhat,Jorhat,Teok,4,10,2,ulb_ward,Municipal Board ward,Woman,NONE,1,Women,reserved_only,latin,data/assam/pdfs/Reservation of Wards and post of Chairperson of Municipal Boards_2020.pdf,2,Reservation of Wards and post of Chairperson of Municipal Boards_2020.pdf,,
Assam,2020,Jorhat,Jorhat,Teok,8,10,2,ulb_ward,Municipal Board ward,Woman,NONE,1,Women,reserved_only,latin,data/assam/pdfs/Reservation of Wards and post of Chairperson of Municipal Boards_2020.pdf,2,Reservation of Wards and post of Chairperson of Municipal Boards_2020.pdf,,
Assam,2020,Jorhat,Titabor,Titabor,5,10,3,ulb_ward,Municipal Board ward,SC Woman,SC,1,SC (Women),reserved_only,latin,data/assam/pdfs/Reservation of Wards and post of Chairperson of Municipal Boards_2020.pdf,2,Reservation of Wards and post of Chairperson of Municipal Boards_2020.pdf,,
Assam,2020,Jorhat,Titabor,Titabor,2,10,3,ulb_ward,Municipal Board ward,ST Other than Woman,ST,0,ST,reserved_only,latin,data/assam/pdfs/Reservation of Wards and post of Chairperson of Municipal Boards_2020.pdf,2,Reservation of Wards and post of Chairperson of Municipal Boards_2020.pdf,,
Assam,2020,Jorhat,Titabor,Titabor,1,10,3,ulb_ward,Municipal Board ward,Woman,NONE,1,Women,reserved_only,latin,data/assam/pdfs/Reservation of Wards and post of Chairperson of Municipal Boards_2020.pdf,2,Reservation of Wards and post of Chairperson of Municipal Boards_2020.pdf,,
Assam,2020,Jorhat,Titabor,Titabor,4,10,3,ulb_ward,Municipal Board ward,Woman,NONE,1,Women,reserved_only,latin,data/assam/pdfs/Reservation of Wards and post of Chairperson of Municipal Boards_2020.pdf,2,Reservation of Wards and post of Chairperson of Municipal Boards_2020.pdf,,
Assam,2020,Jorhat,Titabor,Titabor,6,10,3,ulb_ward,Municipal Board ward,Woman,NONE,1,Women,reserved_only,latin,data/assam/pdfs/Reservation of Wards and post of Chairperson of Municipal Boards_2020.pdf,2,Reservation of Wards and post of Chairperson of Municipal Boards_2020.pdf,,
Assam,2020,Jorhat,Titabor,Titabor,8,10,3,ulb_ward,Municipal Board ward,Woman,NONE,1,Women,reserved_only,latin,data/assam/pdfs/Reservation of Wards and post of Chairperson of Municipal Boards_2020.pdf,2,Reservation of Wards and post of Chairperson of Municipal Boards_2020.pdf,,
Assam,2020,Jorhat,Titabor,Mariani,5,10,4,ulb_ward,Municipal Board ward,Woman,NONE,1,Women,reserved_only,latin,data/assam/pdfs/Reservation of Wards and post of Chairperson of Municipal Boards_2020.pdf,2,Reservation of Wards and post of Chairperson of Municipal Boards_2020.pdf,,
Assam,2020,Jorhat,Titabor,Mariani,6,10,4,ulb_ward,Municipal Board ward,Woman,NONE,1,Women,reserved_only,latin,data/assam/pdfs/Reservation of Wards and post of Chairperson of Municipal Boards_2020.pdf,2,Reservation of Wards and post of Chairperson of Municipal Boards_2020.pdf,,
Assam,2020,Jorhat,Titabor,Mariani,7,10,4,ulb_ward,Municipal Board ward,Woman,NONE,1,Women,reserved_only,latin,data/assam/pdfs/Reservation of Wards and post of Chairperson of Municipal Boards_2020.pdf,2,Reservation of Wards and post of Chairperson of Municipal Boards_2020.pdf,,
Assam,2020,Jorhat,Titabor,Mariani,8,10,4,ulb_ward,Municipal Board ward,Woman,NONE,1,Women,reserved_only,latin,data/assam/pdfs/Reservation of Wards and post of Chairperson of Municipal Boards_2020.pdf,2,Reservation of Wards and post of Chairperson of Municipal Boards_2020.pdf,,
Assam,2020,Jorhat,Titabor,Mariani,9,10,4,ulb_ward,Municipal Board ward,Woman,NONE,1,Women,reserved_only,latin,data/assam/pdfs/Reservation of Wards and post of Chairperson of Municipal Boards_2020.pdf,2,Reservation of Wards and post of Chairperson of Municipal Boards_2020.pdf,,
Assam,2020,Golaghat,Golaghat,Golaghat,1,13,5,ulb_ward,Municipal Board ward,Woman,NONE,1,Women,reserved_only,latin,data/assam/pdfs/Reservation of Wards and post of Chairperson of Municipal Boards_2020.pdf,2,Reservation of Wards and post of Chairperson of Municipal Boards_2020.pdf,,
Assam,2020,Golaghat,Golaghat,Golaghat,2,13,5,ulb_ward,Municipal Board ward,Woman,NONE,1,Women,reserved_only,latin,data/assam/pdfs/Reservation of Wards and post of Chairperson of Municipal Boards_2020.pdf,2,Reservation of Wards and post of Chairperson of Municipal Boards_2020.pdf,,
Assam,2020,Golaghat,Golaghat,Golaghat,3,13,5,ulb_ward,Municipal Board ward,Woman,NONE,1,Women,reserved_only,latin,data/assam/pdfs/Reservation of Wards and post of Chairperson of Municipal Boards_2020.pdf,2,Reservation of Wards and post of Chairperson of Municipal Boards_2020.pdf,,
Assam,2020,Golaghat,Golaghat,Golaghat,5,13,5,ulb_ward,Municipal Board ward,Woman,NONE,1,Women,reserved_only,latin,data/assam/pdfs/Reservation of Wards and post of Chairperson of Municipal Boards_2020.pdf,2,Reservation of Wards and post of Chairperson of Municipal Boards_2020.pdf,,
Assam,2020,Golaghat,Golaghat,Golaghat,12,13,5,ulb_ward,Municipal Board ward,Woman,NONE,1,Women,reserved_only,latin,data/assam/pdfs/Reservation of Wards and post of Chairperson of Municipal Boards_2020.pdf,2,Reservation of Wards and post of Chairperson of Municipal Boards_2020.pdf,,
Assam,2020,Golaghat,Golaghat,Golaghat,13,13,5,ulb_ward,Municipal Board ward,Woman,NONE,1,Women,reserved_only,latin,data/assam/pdfs/Reservation of Wards and post of Chairperson of Municipal Boards_2020.pdf,2,Reservation of Wards and post of Chairperson of Municipal Boards_2020.pdf,,
Assam,2020,Golaghat,Golaghat,Dergaon,8,10,6,ulb_ward,Municipal Board ward,SC Other than Woman,SC,0,SC,reserved_only,latin,data/assam/pdfs/Reservation of Wards and post of Chairperson of Municipal Boards_2020.pdf,2,Reservation of Wards and post of Chairperson of Municipal Boards_2020.pdf,,
Assam,2020,Golaghat,Golaghat,Dergaon,3,10,6,ulb_ward,Municipal Board ward,Woman,NONE,1,Women,reserved_only,latin,data/assam/pdfs/Reservation of Wards and post of Chairperson of Municipal Boards_2020.pdf,2,Reservation of Wards and post of Chairperson of Municipal Boards_2020.pdf,,
Assam,2020,Golaghat,Golaghat,Dergaon,5,10,6,ulb_ward,Municipal Board ward,Woman,NONE,1,Women,reserved_only,latin,data/assam/pdfs/Reservation of Wards and post of Chairperson of Municipal Boards_2020.pdf,2,Reservation of Wards and post of Chairperson of Municipal Boards_2020.pdf,,
Assam,2020,Golaghat,Golaghat,Dergaon,6,10,6,ulb_ward,Municipal Board ward,Woman,NONE,1,Women,reserved_only,latin,data/assam/pdfs/Reservation of Wards and post of Chairperson of Municipal Boards_2020.pdf,2,Reservation of Wards and post of Chairperson of Municipal Boards_2020.pdf,,
Assam,2020,Golaghat,Golaghat,Dergaon,7,10,6,ulb_ward,Municipal Board ward,Woman,NONE,1,Women,reserved_only,latin,data/assam/pdfs/Reservation of Wards and post of Chairperson of Municipal Boards_2020.pdf,2,Reservation of Wards and post of Chairperson of Municipal Boards_2020.pdf,,
Assam,2020,Golaghat,Golaghat,Dergaon,9,10,6,ulb_ward,Municipal Board ward,Woman,NONE,1,Women,reserved_only,latin,data/assam/pdfs/Reservation of Wards and post of Chairperson of Municipal Boards_2020.pdf,2,Reservation of Wards and post of Chairperson of Municipal Boards_2020.pdf,,
Assam,2020,Golaghat,Dhansiri,Barpathar,1,10,7,ulb_ward,Municipal Board ward,Woman,NONE,1,Women,reserved_only,latin,data/assam/pdfs/Reservation of Wards and post of Chairperson of Municipal Boards_2020.pdf,2,Reservation of Wards and post of Chairperson of Municipal Boards_2020.pdf,,
Assam,2020,Golaghat,Dhansiri,Barpathar,5,10,7,ulb_ward,Municipal Board ward,Woman,NONE,1,Women,reserved_only,latin,data/assam/pdfs/Reservation of Wards and post of Chairperson of Municipal Boards_2020.pdf,2,Reservation of Wards and post of Chairperson of Municipal Boards_2020.pdf,,
Assam,2020,Golaghat,Dhansiri,Barpathar,6,10,7,ulb_ward,Municipal Board ward,Woman,NONE,1,Women,reserved_only,latin,data/assam/pdfs/Reservation of Wards and post of Chairperson of Municipal Boards_2020.pdf,2,Reservation of Wards and post of Chairperson of Municipal Boards_2020.pdf,,
Assam,2020,Golaghat,Dhansiri,Barpathar,7,10,7,ulb_ward,Municipal Board ward,Woman,NONE,1,Women,reserved_only,latin,data/assam/pdfs/Reservation of Wards and post of Chairperson of Municipal Boards_2020.pdf,2,Reservation of Wards and post of Chairperson of Municipal Boards_2020.pdf,,
Assam,2020,Golaghat,Dhansiri,Barpathar,8,10,7,ulb_ward,Municipal Board ward,Woman,NONE,1,Women,reserved_only,latin,data/assam/pdfs/Reservation of Wards and post of Chairperson of Municipal Boards_2020.pdf,2,Reservation of Wards and post of Chairperson of Municipal Boards_2020.pdf,,
Assam,2020,Golaghat,Dhansiri,Sarupathar,1,10,8,ulb_ward,Municipal Board ward,Woman,NONE,1,Women,reserved_only,latin,data/assam/pdfs/Reservation of Wards and post of Chairperson of Municipal Boards_2020.pdf,2,Reservation of Wards and post of Chairperson of Municipal Boards_2020.pdf,,
Assam,2020,Golaghat,Dhansiri,Sarupathar,3,10,8,ulb_ward,Municipal Board ward,Woman,NONE,1,Women,reserved_only,latin,data/assam/pdfs/Reservation of Wards and post of Chairperson of Municipal Boards_2020.pdf,2,Reservation of Wards and post of Chairperson of Municipal Boards_2020.pdf,,
Assam,2020,Golaghat,Dhansiri,Sarupathar,5,10,8,ulb_ward,Municipal Board ward,Woman,NONE,1,Women,reserved_only,latin,data/assam/pdfs/Reservation of Wards and post of Chairperson of Municipal Boards_2020.pdf,2,Reservation of Wards and post of Chairperson of Municipal Boards_2020.pdf,,
Assam,2020,Golaghat,Dhansiri,Sarupathar,7,10,8,ulb_ward,Municipal Board ward,Woman,NONE,1,Women,reserved_only,latin,data/assam/pdfs/Reservation of Wards and post of Chairperson of Municipal Boards_2020.pdf,2,Reservation of Wards and post of Chairperson of Municipal Boards_2020.pdf,,
Assam,2020,Golaghat,Dhansiri,Sarupathar,8,10,8,ulb_ward,Municipal Board ward,Woman,NONE,1,Women,reserved_only,latin,data/assam/pdfs/Reservation of Wards and post of Chairperson of Municipal Boards_2020.pdf,2,Reservation of Wards and post of Chairperson of Municipal Boards_2020.pdf,,
Assam,2020,Golaghat,Bokakhat,Bokakhat,3,10,9,ulb_ward,Municipal Board ward,SC Other than Woman,SC,0,SC,reserved_only,latin,data/assam/pdfs/Reservation of Wards and post of Chairperson of Municipal Boards_2020.pdf,2,Reservation of Wards and post of Chairperson of Municipal Boards_2020.pdf,,
Assam,2020,Golaghat,Bokakhat,Bokakhat,2,10,9,ulb_ward,Municipal Board ward,Woman,NONE,1,Women,reserved_only,latin,data/assam/pdfs/Reservation of Wards and post of Chairperson of Municipal Boards_2020.pdf,2,Reservation of Wards and post of Chairperson of Municipal Boards_2020.pdf,,
Assam,2020,Golaghat,Bokakhat,Bokakhat,4,10,9,ulb_ward,Municipal Board ward,Woman,NONE,1,Women,reserved_only,latin,data/assam/pdfs/Reservation of Wards and post of Chairperson of Municipal Boards_2020.pdf,2,Reservation of Wards and post of Chairperson of Municipal Boards_2020.pdf,,
Assam,2020,Golaghat,Bokakhat,Bokakhat,5,10,9,ulb_ward,Municipal Board ward,Woman,NONE,1,Women,reserved_only,latin,data/assam/pdfs/Reservation of Wards and post of Chairperson of Municipal Boards_2020.pdf,2,Reservation of Wards and post of Chairperson of Municipal Boards_2020.pdf,,
Assam,2020,Golaghat,Bokakhat,Bokakhat,6,10,9,ulb_ward,Municipal Board ward,Woman,NONE,1,Women,reserved_only,latin,data/assam/pdfs/Reservation of Wards and post of Chairperson of Municipal Boards_2020.pdf,2,Reservation of Wards and post of Chairperson of Municipal Boards_2020.pdf,,
Assam,2020,Golaghat,Bokakhat,Bokakhat,8,10,9,ulb_ward,Municipal Board ward,Woman,NONE,1,Women,reserved_only,latin,data/assam/pdfs/Reservation of Wards and post of Chairperson of Municipal Boards_2020.pdf,2,Reservation of Wards and post of Chairperson of Municipal Boards_2020.pdf,,
Assam,2020,Dibrugarh,Dibrugarh,Dibrugarh,5,22,10,ulb_ward,Municipal Board ward,SC Other than Woman,SC,0,SC,reserved_only,latin,data/assam/pdfs/Reservation of Wards and post of Chairperson of Municipal Boards_2020.pdf,2,Reservation of Wards and post of Chairperson of Municipal Boards_2020.pdf,,
Assam,2020,Dibrugarh,Dibrugarh,Dibrugarh,22,22,10,ulb_ward,Municipal Board ward,SC Woman,SC,1,SC (Women),reserved_only,latin,data/assam/pdfs/Reservation of Wards and post of Chairperson of Municipal Boards_2020.pdf,2,Reservation of Wards and post of Chairperson of Municipal Boards_2020.pdf,,
Assam,2020,Dibrugarh,Dibrugarh,Dibrugarh,2,22,10,ulb_ward,Municipal Board ward,ST Other than Woman,ST,0,ST,reserved_only,latin,data/assam/pdfs/Reservation of Wards and post of Chairperson of Municipal Boards_2020.pdf,2,Reservation of Wards and post of Chairperson of Municipal Boards_2020.pdf,,
Assam,2020,Dibrugarh,Dibrugarh,Dibrugarh,3,22,10,ulb_ward,Municipal Board ward,Woman,NONE,1,Women,reserved_only,latin,data/assam/pdfs/Reservation of Wards and post of Chairperson of Municipal Boards_2020.pdf,2,Reservation of Wards and post of Chairperson of Municipal Boards_2020.pdf,,
Assam,2020,Dibrugarh,Dibrugarh,Dibrugarh,6,22,10,ulb_ward,Municipal Board ward,Woman,NONE,1,Women,reserved_only,latin,data/assam/pdfs/Reservation of Wards and post of Chairperson of Municipal Boards_2020.pdf,2,Reservation of Wards and post of Chairperson of Municipal Boards_2020.pdf,,
Assam,2020,Dibrugarh,Dibrugarh,Dibrugarh,7,22,10,ulb_ward,Municipal Board ward,Woman,NONE,1,Women,reserved_only,latin,data/assam/pdfs/Reservation of Wards and post of Chairperson of Municipal Boards_2020.pdf,2,Reservation of Wards and post of Chairperson of Municipal Boards_2020.pdf,,
Assam,2020,Dibrugarh,Dibrugarh,Dibrugarh,12,22,10,ulb_ward,Municipal Board ward,Woman,NONE,1,Women,reserved_only,latin,data/assam/pdfs/Reservation of Wards and post of Chairperson of Municipal Boards_2020.pdf,2,Reservation of Wards and post of Chairperson of Municipal Boards_2020.pdf,,
Assam,2020,Dibrugarh,Dibrugarh,Dibrugarh,13,22,10,ulb_ward,Municipal Board ward,Woman,NONE,1,Women,reserved_only,latin,data/assam/pdfs/Reservation of Wards and post of Chairperson of Municipal Boards_2020.pdf,2,Reservation of Wards and post of Chairperson of Municipal Boards_2020.pdf,,
Assam,2020,Dibrugarh,Dibrugarh,Dibrugarh,15,22,10,ulb_ward,Municipal Board ward,Woman,NONE,1,Women,reserved_only,latin,data/assam/pdfs/Reservation of Wards and post of Chairperson of Municipal Boards_2020.pdf,2,Reservation of Wards and post of Chairperson of Municipal Boards_2020.pdf,,
Assam,2020,Dibrugarh,Dibrugarh,Dibrugarh,16,22,10,ulb_ward,Municipal Board ward,Woman,NONE,1,Women,reserved_only,latin,data/assam/pdfs/Reservation of Wards and post of Chairperson of Municipal Boards_2020.pdf,2,Reservation of Wards and post of Chairperson of Municipal Boards_2020.pdf,,
Assam,2020,Dibrugarh,Dibrugarh,Dibrugarh,17,22,10,ulb_ward,Municipal Board ward,Woman,NONE,1,Women,reserved_only,latin,data/assam/pdfs/Reservation of Wards and post of Chairperson of Municipal Boards_2020.pdf,2,Reservation of Wards and post of Chairperson of Municipal Boards_2020.pdf,,
Assam,2020,Dibrugarh,Dibrugarh,Dibrugarh,19,22,10,ulb_ward,Municipal Board ward,Woman,NONE,1,Women,reserved_only,latin,data/assam/pdfs/Reservation of Wards and post of Chairperson of Municipal Boards_2020.pdf,2,Reservation of Wards and post of Chairperson of Municipal Boards_2020.pdf,,
Assam,2020,Dibrugarh,Dibrugarh,Dibrugarh,20,22,10,ulb_ward,Municipal Board ward,Woman,NONE,1,Women,reserved_only,latin,data/assam/pdfs/Reservation of Wards and post of Chairperson of Municipal Boards_2020.pdf,2,Reservation of Wards and post of Chairperson of Municipal Boards_2020.pdf,,
Assam,2020,Dibrugarh,Dibrugarh,Chabua,7,10,11,ulb_ward,Municipal Board ward,SC Other than Woman,SC,0,SC,reserved_only,latin,data/assam/pdfs/Reservation of Wards and post of Chairperson of Municipal Boards_2020.pdf,2,Reservation of Wards and post of Chairperson of Municipal Boards_2020.pdf,,
Assam,2020,Dibrugarh,Dibrugarh,Chabua,1,10,11,ulb_ward,Municipal Board ward,Woman,NONE,1,Women,reserved_only,latin,data/assam/pdfs/Reservation of Wards and post of Chairperson of Municipal Boards_2020.pdf,2,Reservation of Wards and post of Chairperson of Municipal Boards_2020.pdf,,
Assam,2020,Dibrugarh,Dibrugarh,Chabua,3,10,11,ulb_ward,Municipal Board ward,Woman,NONE,1,Women,reserved_only,latin,data/assam/pdfs/Reservation of Wards and post of Chairperson of Municipal Boards_2020.pdf,2,Reservation of Wards and post of Chairperson of Municipal Boards_2020.pdf,,
Assam,2020,Dibrugarh,Dibrugarh,Chabua,4,10,11,ulb_ward,Municipal Board ward,Woman,NONE,1,Women,reserved_only,latin,data/assam/pdfs/Reservation of Wards and post of Chairperson of Municipal Boards_2020.pdf,2,Reservation of Wards and post of Chairperson of Municipal Boards_2020.pdf,,
Assam,2020,Dibrugarh,Dibrugarh,Chabua,6,10,11,ulb_ward,Municipal Board ward,Woman,NONE,1,Women,reserved_only,latin,data/assam/pdfs/Reservation of Wards and post of Chairperson of Municipal Boards_2020.pdf,2,Reservation of Wards and post of Chairperson of Municipal Boards_2020.pdf,,
Assam,2020,Dibrugarh,Dibrugarh,Chabua,8,10,11,ulb_ward,Municipal Board ward,Woman,NONE,1,Women,reserved_only,latin,data/assam/pdfs/Reservation of Wards and post of Chairperson of Municipal Boards_2020.pdf,2,Reservation of Wards and post of Chairperson of Municipal Boards_2020.pdf,,
Assam,2020,Dibrugarh,Dibrugarh,Naharkatia,9,10,12,ulb_ward,Municipal Board ward,ST Other than Woman,ST,0,ST,reserved_only,latin,data/assam/pdfs/Reservation of Wards and post of Chairperson of Municipal Boards_2020.pdf,2,Reservation of Wards and post of Chairperson of Municipal Boards_2020.pdf,,
Assam,2020,Dibrugarh,Dibrugarh,Naharkatia,2,10,12,ulb_ward,Municipal Board ward,Woman,NONE,1,Women,reserved_only,latin,data/assam/pdfs/Reservation of Wards and post of Chairperson of Municipal Boards_2020.pdf,2,Reservation of Wards and post of Chairperson of Municipal Boards_2020.pdf,,
Assam,2020,Dibrugarh,Dibrugarh,Naharkatia,3,10,12,ulb_ward,Municipal Board ward,Woman,NONE,1,Women,reserved_only,latin,data/assam/pdfs/Reservation of Wards and post of Chairperson of Municipal Boards_2020.pdf,2,Reservation of Wards and post of Chairperson of Municipal Boards_2020.pdf,,
Assam,2020,Dibrugarh,Dibrugarh,Naharkatia,4,10,12,ulb_ward,Municipal Board ward,Woman,NONE,1,Women,reserved_only,latin,data/assam/pdfs/Reservation of Wards and post of Chairperson of Municipal Boards_2020.pdf,2,Reservation of Wards and post of Chairperson of Municipal Boards_2020.pdf,,
Assam,2020,Dibrugarh,Dibrugarh,Naharkatia,8,10,12,ulb_ward,Municipal Board ward,Woman,NONE,1,Women,reserved_only,latin,data/assam/pdfs/Reservation of Wards and post of Chairperson of Municipal Boards_2020.pdf,2,Reservation of Wards and post of Chairperson of Municipal Boards_2020.pdf,,
Assam,2020,Dibrugarh,Dibrugarh,Naharkatia,10,10,12,ulb_ward,Municipal Board ward,Woman,NONE,1,Women,reserved_only,latin,data/assam/pdfs/Reservation of Wards and post of Chairperson of Municipal Boards_2020.pdf,2,Reservation of Wards and post of Chairperson of Municipal Boards_2020.pdf,,
Assam,2020,Dibrugarh,Dibrugarh,Namrup,1,10,13,ulb_ward,Municipal Board ward,Woman,NONE,1,Women,reserved_only,latin,data/assam/pdfs/Reservation of Wards and post of Chairperson of Municipal Boards_2020.pdf,2,Reservation of Wards and post of Chairperson of Municipal Boards_2020.pdf,,
Assam,2020,Dibrugarh,Dibrugarh,Namrup,3,10,13,ulb_ward,Municipal Board ward,Woman,NONE,1,Women,reserved_only,latin,data/assam/pdfs/Reservation of Wards and post of Chairperson of Municipal Boards_2020.pdf,2,Reservation of Wards and post of Chairperson of Municipal Boards_2020.pdf,,
Assam,2020,Dibrugarh,Dibrugarh,Namrup,5,10,13,ulb_ward,Municipal Board ward,Woman,NONE,1,Women,reserved_only,latin,data/assam/pdfs/Reservation of Wards and post of Chairperson of Municipal Boards_2020.pdf,2,Reservation of Wards and post of Chairperson of Municipal Boards_2020.pdf,,
Assam,2020,Dibrugarh,Dibrugarh,Namrup,6,10,13,ulb_ward,Municipal Board ward,Woman,NONE,1,Women,reserved_only,latin,data/assam/pdfs/Reservation of Wards and post of Chairperson of Municipal Boards_2020.pdf,2,Reservation of Wards and post of Chairperson of Municipal Boards_2020.pdf,,
Assam,2020,Dibrugarh,Dibrugarh,Namrup,9,10,13,ulb_ward,Municipal Board ward,Woman,NONE,1,Women,reserved_only,latin,data/assam/pdfs/Reservation of Wards and post of Chairperson of Municipal Boards_2020.pdf,2,Reservation of Wards and post of Chairperson of Municipal Boards_2020.pdf,,
Assam,2020,Tinsukia,Tinsukia,Tinsukia,14,15,14,ulb_ward,Municipal Board ward,SC Woman,SC,1,SC (Women),reserved_only,latin,data/assam/pdfs/Reservation of Wards and post of Chairperson of Municipal Boards_2020.pdf,3,Reservation of Wards and post of Chairperson of Municipal Boards_2020.pdf,,
Assam,2020,Tinsukia,Tinsukia,Tinsukia,1,15,14,ulb_ward,Municipal Board ward,Woman,NONE,1,Women,reserved_only,latin,data/assam/pdfs/Reservation of Wards and post of Chairperson of Municipal Boards_2020.pdf,3,Reservation of Wards and post of Chairperson of Municipal Boards_2020.pdf,,
Assam,2020,Tinsukia,Tinsukia,Tinsukia,4,15,14,ulb_ward,Municipal Board ward,Woman,NONE,1,Women,reserved_only,latin,data/assam/pdfs/Reservation of Wards and post of Chairperson of Municipal Boards_2020.pdf,3,Reservation of Wards and post of Chairperson of Municipal Boards_2020.pdf,,
Assam,2020,Tinsukia,Tinsukia,Tinsukia,5,15,14,ulb_ward,Municipal Board ward,Woman,NONE,1,Women,reserved_only,latin,data/assam/pdfs/Reservation of Wards and post of Chairperson of Municipal Boards_2020.pdf,3,Reservation of Wards and post of Chairperson of Municipal Boards_2020.pdf,,
Assam,2020,Tinsukia,Tinsukia,Tinsukia,6,15,14,ulb_ward,Municipal Board ward,Woman,NONE,1,Women,reserved_only,latin,data/assam/pdfs/Reservation of Wards and post of Chairperson of Municipal Boards_2020.pdf,3,Reservation of Wards and post of Chairperson of Municipal Boards_2020.pdf,,
Assam,2020,Tinsukia,Tinsukia,Tinsukia,7,15,14,ulb_ward,Municipal Board ward,Woman,NONE,1,Women,reserved_only,latin,data/assam/pdfs/Reservation of Wards and post of Chairperson of Municipal Boards_2020.pdf,3,Reservation of Wards and post of Chairperson of Municipal Boards_2020.pdf,,
Assam,2020,Tinsukia,Tinsukia,Tinsukia,12,15,14,ulb_ward,Municipal Board ward,Woman,NONE,1,Women,reserved_only,latin,data/assam/pdfs/Reservation of Wards and post of Chairperson of Municipal Boards_2020.pdf,3,Reservation of Wards and post of Chairperson of Municipal Boards_2020.pdf,,
Assam,2020,Tinsukia,Tinsukia,Makum,3,10,15,ulb_ward,Municipal Board ward,Woman,NONE,1,Women,reserved_only,latin,data/assam/pdfs/Reservation of Wards and post of Chairperson of Municipal Boards_2020.pdf,3,Reservation of Wards and post of Chairperson of Municipal Boards_2020.pdf,,
Assam,2020,Tinsukia,Tinsukia,Makum,6,10,15,ulb_ward,Municipal Board ward,Woman,NONE,1,Women,reserved_only,latin,data/assam/pdfs/Reservation of Wards and post of Chairperson of Municipal Boards_2020.pdf,3,Reservation of Wards and post of Chairperson of Municipal Boards_2020.pdf,,
Assam,2020,Tinsukia,Tinsukia,Makum,7,10,15,ulb_ward,Municipal Board ward,Woman,NONE,1,Women,reserved_only,latin,data/assam/pdfs/Reservation of Wards and post of Chairperson of Municipal Boards_2020.pdf,3,Reservation of Wards and post of Chairperson of Municipal Boards_2020.pdf,,
Assam,2020,Tinsukia,Tinsukia,Makum,9,10,15,ulb_ward,Municipal Board ward,Woman,NONE,1,Women,reserved_only,latin,data/assam/pdfs/Reservation of Wards and post of Chairperson of Municipal Boards_2020.pdf,3,Reservation of Wards and post of Chairperson of Municipal Boards_2020.pdf,,
Assam,2020,Tinsukia,Tinsukia,Makum,10,10,15,ulb_ward,Municipal Board ward,Woman,NONE,1,Women,reserved_only,latin,data/assam/pdfs/Reservation of Wards and post of Chairperson of Municipal Boards_2020.pdf,3,Reservation of Wards and post of Chairperson of Municipal Boards_2020.pdf,,
Assam,2020,Tinsukia,Tinsukia,Doom Dooma,9,10,16,ulb_ward,Municipal Board ward,SC Woman,SC,1,SC (Women),reserved_only,latin,data/assam/pdfs/Reservation of Wards and post of Chairperson of Municipal Boards_2020.pdf,3,Reservation of Wards and post of Chairperson of Municipal Boards_2020.pdf,,
Assam,2020,Tinsukia,Tinsukia,Doom Dooma,1,10,16,ulb_ward,Municipal Board ward,Woman,NONE,1,Women,reserved_only,latin,data/assam/pdfs/Reservation of Wards and post of Chairperson of Municipal Boards_2020.pdf,3,Reservation of Wards and post of Chairperson of Municipal Boards_2020.pdf,,
Assam,2020,Tinsukia,Tinsukia,Doom Dooma,2,10,16,ulb_ward,Municipal Board ward,Woman,NONE,1,Women,reserved_only,latin,data/assam/pdfs/Reservation of Wards and post of Chairperson of Municipal Boards_2020.pdf,3,Reservation of Wards and post of Chairperson of Municipal Boards_2020.pdf,,
Assam,2020,Tinsukia,Tinsukia,Doom Dooma,3,10,16,ulb_ward,Municipal Board ward,Woman,NONE,1,Women,reserved_only,latin,data/assam/pdfs/Reservation of Wards and post of Chairperson of Municipal Boards_2020.pdf,3,Reservation of Wards and post of Chairperson of Municipal Boards_2020.pdf,,
Assam,2020,Tinsukia,Tinsukia,Doom Dooma,10,10,16,ulb_ward,Municipal Board ward,Woman,NONE,1,Women,reserved_only,latin,data/assam/pdfs/Reservation of Wards and post of Chairperson of Municipal Boards_2020.pdf,3,Reservation of Wards and post of Chairperson of Municipal Boards_2020.pdf,,
Assam,2020,Tinsukia,Sadiya,Chapakhowa,7,10,17,ulb_ward,Municipal Board ward,ST Woman,ST,1,ST (Women),reserved_only,latin,data/assam/pdfs/Reservation of Wards and post of Chairperson of Municipal Boards_2020.pdf,3,Reservation of Wards and post of Chairperson of Municipal Boards_2020.pdf,,
Assam,2020,Tinsukia,Sadiya,Chapakhowa,2,10,17,ulb_ward,Municipal Board ward,Woman,NONE,1,Women,reserved_only,latin,data/assam/pdfs/Reservation of Wards and post of Chairperson of Municipal Boards_2020.pdf,3,Reservation of Wards and post of Chairperson of Municipal Boards_2020.pdf,,
Assam,2020,Tinsukia,Sadiya,Chapakhowa,4,10,17,ulb_ward,Municipal Board ward,Woman,NONE,1,Women,reserved_only,latin,data/assam/pdfs/Reservation of Wards and post of Chairperson of Municipal Boards_2020.pdf,3,Reservation of Wards and post of Chairperson of Municipal Boards_2020.pdf,,
Assam,2020,Tinsukia,Sadiya,Chapakhowa,8,10,17,ulb_ward,Municipal Board ward,Woman,NONE,1,Women,reserved_only,latin,data/assam/pdfs/Reservation of Wards and post of Chairperson of Municipal Boards_2020.pdf,3,Reservation of Wards and post of Chairperson of Municipal Boards_2020.pdf,,
Assam,2020,Tinsukia,Sadiya,Chapakhowa,9,10,17,ulb_ward,Municipal Board ward,Woman,NONE,1,Women,reserved_only,latin,data/assam/pdfs/Reservation of Wards and post of Chairperson of Municipal Boards_2020.pdf,3,Reservation of Wards and post of Chairperson of Municipal Boards_2020.pdf,,
Assam,2020,Tinsukia,Margherita,Margherita,2,10,18,ulb_ward,Municipal Board ward,Woman,NONE,1,Women,reserved_only,latin,data/assam/pdfs/Reservation of Wards and post of Chairperson of Municipal Boards_2020.pdf,3,Reservation of Wards and post of Chairperson of Municipal Boards_2020.pdf,,
Assam,2020,Tinsukia,Margherita,Margherita,4,10,18,ulb_ward,Municipal Board ward,Woman,NONE,1,Women,reserved_only,latin,data/assam/pdfs/Reservation of Wards and post of Chairperson of Municipal Boards_2020.pdf,3,Reservation of Wards and post of Chairperson of Municipal Boards_2020.pdf,,
Assam,2020,Tinsukia,Margherita,Margherita,7,10,18,ulb_ward,Municipal Board ward,Woman,NONE,1,Women,reserved_only,latin,data/assam/pdfs/Reservation of Wards and post of Chairperson of Municipal Boards_2020.pdf,3,Reservation of Wards and post of Chairperson of Municipal Boards_2020.pdf,,
Assam,2020,Tinsukia,Margherita,Margherita,8,10,18,ulb_ward,Municipal Board ward,Woman,NONE,1,Women,reserved_only,latin,data/assam/pdfs/Reservation of Wards and post of Chairperson of Municipal Boards_2020.pdf,3,Reservation of Wards and post of Chairperson of Municipal Boards_2020.pdf,,
Assam,2020,Tinsukia,Margherita,Margherita,10,10,18,ulb_ward,Municipal Board ward,Woman,NONE,1,Women,reserved_only,latin,data/assam/pdfs/Reservation of Wards and post of Chairperson of Municipal Boards_2020.pdf,3,Reservation of Wards and post of Chairperson of Municipal Boards_2020.pdf,,
Assam,2020,Tinsukia,Margherita,Digboi,3,10,19,ulb_ward,Municipal Board ward,Woman,NONE,1,Women,reserved_only,latin,data/assam/pdfs/Reservation of Wards and post of Chairperson of Municipal Boards_2020.pdf,3,Reservation of Wards and post of Chairperson of Municipal Boards_2020.pdf,,
Assam,2020,Tinsukia,Margherita,Digboi,5,10,19,ulb_ward,Municipal Board ward,Woman,NONE,1,Women,reserved_only,latin,data/assam/pdfs/Reservation of Wards and post of Chairperson of Municipal Boards_2020.pdf,3,Reservation of Wards and post of Chairperson of Municipal Boards_2020.pdf,,
Assam,2020,Tinsukia,Margherita,Digboi,7,10,19,ulb_ward,Municipal Board ward,Woman,NONE,1,Women,reserved_only,latin,data/assam/pdfs/Reservation of Wards and post of Chairperson of Municipal Boards_2020.pdf,3,Reservation of Wards and post of Chairperson of Municipal Boards_2020.pdf,,
Assam,2020,Tinsukia,Margherita,Digboi,9,10,19,ulb_ward,Municipal Board ward,Woman,NONE,1,Women,reserved_only,latin,data/assam/pdfs/Reservation of Wards and post of Chairperson of Municipal Boards_2020.pdf,3,Reservation of Wards and post of Chairperson of Municipal Boards_2020.pdf,,
Assam,2020,Tinsukia,Margherita,Digboi,10,10,19,ulb_ward,Municipal Board ward,Woman,NONE,1,Women,reserved_only,latin,data/assam/pdfs/Reservation of Wards and post of Chairperson of Municipal Boards_2020.pdf,3,Reservation of Wards and post of Chairperson of Municipal Boards_2020.pdf,,
Assam,2020,Dhemaji,Dhemaji,Dhemaji,9,10,20,ulb_ward,Municipal Board ward,ST Other than Woman,ST,0,ST,reserved_only,latin,data/assam/pdfs/Reservation of Wards and post of Chairperson of Municipal Boards_2020.pdf,3,Reservation of Wards and post of Chairperson of Municipal Boards_2020.pdf,,
Assam,2020,Dhemaji,Dhemaji,Dhemaji,2,10,20,ulb_ward,Municipal Board ward,ST Woman,ST,1,ST (Women),reserved_only,latin,data/assam/pdfs/Reservation of Wards and post of Chairperson of Municipal Boards_2020.pdf,3,Reservation of Wards and post of Chairperson of Municipal Boards_2020.pdf,,
Assam,2020,Dhemaji,Dhemaji,Dhemaji,1,10,20,ulb_ward,Municipal Board ward,Woman,NONE,1,Women,reserved_only,latin,data/assam/pdfs/Reservation of Wards and post of Chairperson of Municipal Boards_2020.pdf,3,Reservation of Wards and post of Chairperson of Municipal Boards_2020.pdf,,
Assam,2020,Dhemaji,Dhemaji,Dhemaji,3,10,20,ulb_ward,Municipal Board ward,Woman,NONE,1,Women,reserved_only,latin,data/assam/pdfs/Reservation of Wards and post of Chairperson of Municipal Boards_2020.pdf,3,Reservation of Wards and post of Chairperson of Municipal Boards_2020.pdf,,
Assam,2020,Dhemaji,Dhemaji,Dhemaji,4,10,20,ulb_ward,Municipal Board ward,Woman,NONE,1,Women,reserved_only,latin,data/assam/pdfs/Reservation of Wards and post of Chairperson of Municipal Boards_2020.pdf,3,Reservation of Wards and post of Chairperson of Municipal Boards_2020.pdf,,
Assam,2020,Dhemaji,Dhemaji,Dhemaji,5,10,20,ulb_ward,Municipal Board ward,Woman,NONE,1,Women,reserved_only,latin,data/assam/pdfs/Reservation of Wards and post of Chairperson of Municipal Boards_2020.pdf,3,Reservation of Wards and post of Chairperson of Municipal Boards_2020.pdf,,
Assam,2020,Dhemaji,Dhemaji,Silapathar,10,12,21,ulb_ward,Municipal Board ward,SC Other than Woman,SC,0,SC,reserved_only,latin,data/assam/pdfs/Reservation of Wards and post of Chairperson of Municipal Boards_2020.pdf,3,Reservation of Wards and post of Chairperson of Municipal Boards_2020.pdf,,
Assam,2020,Dhemaji,Dhemaji,Silapathar,8,12,21,ulb_ward,Municipal Board ward,ST Other than Woman,ST,0,ST,reserved_only,latin,data/assam/pdfs/Reservation of Wards and post of Chairperson of Municipal Boards_2020.pdf,3,Reservation of Wards and post of Chairperson of Municipal Boards_2020.pdf,,
Assam,2020,Dhemaji,Dhemaji,Silapathar,6,12,21,ulb_ward,Municipal Board ward,ST Woman,ST,1,ST (Women),reserved_only,latin,data/assam/pdfs/Reservation of Wards and post of Chairperson of Municipal Boards_2020.pdf,3,Reservation of Wards and post of Chairperson of Municipal Boards_2020.pdf,,
Assam,2020,Dhemaji,Dhemaji,Silapathar,2,12,21,ulb_ward,Municipal Board ward,Woman,NONE,1,Women,reserved_only,latin,data/assam/pdfs/Reservation of Wards and post of Chairperson of Municipal Boards_2020.pdf,3,Reservation of Wards and post of Chairperson of Municipal Boards_2020.pdf,,
Assam,2020,Dhemaji,Dhemaji,Silapathar,4,12,21,ulb_ward,Municipal Board ward,Woman,NONE,1,Women,reserved_only,latin,data/assam/pdfs/Reservation of Wards and post of Chairperson of Municipal Boards_2020.pdf,3,Reservation of Wards and post of Chairperson of Municipal Boards_2020.pdf,,
Assam,2020,Dhemaji,Dhemaji,Silapathar,5,12,21,ulb_ward,Municipal Board ward,Woman,NONE,1,Women,reserved_only,latin,data/assam/pdfs/Reservation of Wards and post of Chairperson of Municipal Boards_2020.pdf,3,Reservation of Wards and post of Chairperson of Municipal Boards_2020.pdf,,
Assam,2020,Dhemaji,Dhemaji,Silapathar,7,12,21,ulb_ward,Municipal Board ward,Woman,NONE,1,Women,reserved_only,latin,data/assam/pdfs/Reservation of Wards and post of Chairperson of Municipal Boards_2020.pdf,3,Reservation of Wards and post of Chairperson of Municipal Boards_2020.pdf,,
Assam,2020,Dhemaji,Dhemaji,Silapathar,11,12,21,ulb_ward,Municipal Board ward,Woman,NONE,1,Women,reserved_only,latin,data/assam/pdfs/Reservation of Wards and post of Chairperson of Municipal Boards_2020.pdf,3,Reservation of Wards and post of Chairperson of Municipal Boards_2020.pdf,,
Assam,2020,Sonitpur,Sonitpur,Tezpur,5,19,22,ulb_ward,Municipal Board ward,SC Other than Woman,SC,0,SC,reserved_only,latin,data/assam/pdfs/Reservation of Wards and post of Chairperson of Municipal Boards_2020.pdf,3,Reservation of Wards and post of Chairperson of Municipal Boards_2020.pdf,,
Assam,2020,Sonitpur,Sonitpur,Tezpur,6,19,22,ulb_ward,Municipal Board ward,SC Woman,SC,1,SC (Women),reserved_only,latin,data/assam/pdfs/Reservation of Wards and post of Chairperson of Municipal Boards_2020.pdf,3,Reservation of Wards and post of Chairperson of Municipal Boards_2020.pdf,,
Assam,2020,Sonitpur,Sonitpur,Tezpur,8,19,22,ulb_ward,Municipal Board ward,Woman,NONE,1,Women,reserved_only,latin,data/assam/pdfs/Reservation of Wards and post of Chairperson of Municipal Boards_2020.pdf,3,Reservation of Wards and post of Chairperson of Municipal Boards_2020.pdf,,
Assam,2020,Sonitpur,Sonitpur,Tezpur,9,19,22,ulb_ward,Municipal Board ward,Woman,NONE,1,Women,reserved_only,latin,data/assam/pdfs/Reservation of Wards and post of Chairperson of Municipal Boards_2020.pdf,3,Reservation of Wards and post of Chairperson of Municipal Boards_2020.pdf,,
Assam,2020,Sonitpur,Sonitpur,Tezpur,11,19,22,ulb_ward,Municipal Board ward,Woman,NONE,1,Women,reserved_only,latin,data/assam/pdfs/Reservation of Wards and post of Chairperson of Municipal Boards_2020.pdf,3,Reservation of Wards and post of Chairperson of Municipal Boards_2020.pdf,,
Assam,2020,Sonitpur,Sonitpur,Tezpur,12,19,22,ulb_ward,Municipal Board ward,Woman,NONE,1,Women,reserved_only,latin,data/assam/pdfs/Reservation of Wards and post of Chairperson of Municipal Boards_2020.pdf,3,Reservation of Wards and post of Chairperson of Municipal Boards_2020.pdf,,
Assam,2020,Sonitpur,Sonitpur,Tezpur,13,19,22,ulb_ward,Municipal Board ward,Woman,NONE,1,Women,reserved_only,latin,data/assam/pdfs/Reservation of Wards and post of Chairperson of Municipal Boards_2020.pdf,3,Reservation of Wards and post of Chairperson of Municipal Boards_2020.pdf,,
Assam,2020,Sonitpur,Sonitpur,Tezpur,16,19,22,ulb_ward,Municipal Board ward,Woman,NONE,1,Women,reserved_only,latin,data/assam/pdfs/Reservation of Wards and post of Chairperson of Municipal Boards_2020.pdf,3,Reservation of Wards and post of Chairperson of Municipal Boards_2020.pdf,,
Assam,2020,Sonitpur,Sonitpur,Tezpur,17,19,22,ulb_ward,Municipal Board ward,Woman,NONE,1,Women,reserved_only,latin,data/assam/pdfs/Reservation of Wards and post of Chairperson of Municipal Boards_2020.pdf,3,Reservation of Wards and post of Chairperson of Municipal Boards_2020.pdf,,
Assam,2020,Sonitpur,Sonitpur,Tezpur,18,19,22,ulb_ward,Municipal Board ward,Woman,NONE,1,Women,reserved_only,latin,data/assam/pdfs/Reservation of Wards and post of Chairperson of Municipal Boards_2020.pdf,3,Reservation of Wards and post of Chairperson of Municipal Boards_2020.pdf,,
Assam,2020,Sonitpur,Sonitpur,Jamugurihat,2,10,23,ulb_ward,Municipal Board ward,SC Other than Woman,SC,0,SC,reserved_only,latin,data/assam/pdfs/Reservation of Wards and post of Chairperson of Municipal Boards_2020.pdf,3,Reservation of Wards and post of Chairperson of Municipal Boards_2020.pdf,,
Assam,2020,Sonitpur,Sonitpur,Jamugurihat,6,10,23,ulb_ward,Municipal Board ward,SC Woman,SC,1,SC (Women),reserved_only,latin,data/assam/pdfs/Reservation of Wards and post of Chairperson of Municipal Boards_2020.pdf,3,Reservation of Wards and post of Chairperson of Municipal Boards_2020.pdf,,
Assam,2020,Sonitpur,Sonitpur,Jamugurihat,5,10,23,ulb_ward,Municipal Board ward,Woman,NONE,1,Women,reserved_only,latin,data/assam/pdfs/Reservation of Wards and post of Chairperson of Municipal Boards_2020.pdf,3,Reservation of Wards and post of Chairperson of Municipal Boards_2020.pdf,,
Assam,2020,Sonitpur,Sonitpur,Jamugurihat,7,10,23,ulb_ward,Municipal Board ward,Woman,NONE,1,Women,reserved_only,latin,data/assam/pdfs/Reservation of Wards and post of Chairperson of Municipal Boards_2020.pdf,3,Reservation of Wards and post of Chairperson of Municipal Boards_2020.pdf,,
Assam,2020,Sonitpur,Sonitpur,Jamugurihat,8,10,23,ulb_ward,Municipal Board ward,Woman,NONE,1,Women,reserved_only,latin,data/assam/pdfs/Reservation of Wards and post of Chairperson of Municipal Boards_2020.pdf,3,Reservation of Wards and post of Chairperson of Municipal Boards_2020.pdf,,
Assam,2020,Sonitpur,Sonitpur,Jamugurihat,10,10,23,ulb_ward,Municipal Board ward,Woman,NONE,1,Women,reserved_only,latin,data/assam/pdfs/Reservation of Wards and post of Chairperson of Municipal Boards_2020.pdf,3,Reservation of Wards and post of Chairperson of Municipal Boards_2020.pdf,,
Assam,2020,Sonitpur,Sonitpur,Rangapara,5,10,24,ulb_ward,Municipal Board ward,SC Woman,SC,1,SC (Women),reserved_only,latin,data/assam/pdfs/Reservation of Wards and post of Chairperson of Municipal Boards_2020.pdf,3,Reservation of Wards and post of Chairperson of Municipal Boards_2020.pdf,,
Assam,2020,Sonitpur,Sonitpur,Rangapara,2,10,24,ulb_ward,Municipal Board ward,Woman,NONE,1,Women,reserved_only,latin,data/assam/pdfs/Reservation of Wards and post of Chairperson of Municipal Boards_2020.pdf,3,Reservation of Wards and post of Chairperson of Municipal Boards_2020.pdf,,
Assam,2020,Sonitpur,Sonitpur,Rangapara,3,10,24,ulb_ward,Municipal Board ward,Woman,NONE,1,Women,reserved_only,latin,data/assam/pdfs/Reservation of Wards and post of Chairperson of Municipal Boards_2020.pdf,3,Reservation of Wards and post of Chairperson of Municipal Boards_2020.pdf,,
Assam,2020,Sonitpur,Sonitpur,Rangapara,4,10,24,ulb_ward,Municipal Board ward,Woman,NONE,1,Women,reserved_only,latin,data/assam/pdfs/Reservation of Wards and post of Chairperson of Municipal Boards_2020.pdf,3,Reservation of Wards and post of Chairperson of Municipal Boards_2020.pdf,,
Assam,2020,Sonitpur,Sonitpur,Rangapara,7,10,24,ulb_ward,Municipal Board ward,Woman,NONE,1,Women,reserved_only,latin,data/assam/pdfs/Reservation of Wards and post of Chairperson of Municipal Boards_2020.pdf,3,Reservation of Wards and post of Chairperson of Municipal Boards_2020.pdf,,
Assam,2020,Sonitpur,Sonitpur,Dhekiajuli,6,10,25,ulb_ward,Municipal Board ward,SC Woman,SC,1,SC (Women),reserved_only,latin,data/assam/pdfs/Reservation of Wards and post of Chairperson of Municipal Boards_2020.pdf,3,Reservation of Wards and post of Chairperson of Municipal Boards_2020.pdf,,
Assam,2020,Sonitpur,Sonitpur,Dhekiajuli,4,10,25,ulb_ward,Municipal Board ward,Woman,NONE,1,Women,reserved_only,latin,data/assam/pdfs/Reservation of Wards and post of Chairperson of Municipal Boards_2020.pdf,3,Reservation of Wards and post of Chairperson of Municipal Boards_2020.pdf,,
Assam,2020,Sonitpur,Sonitpur,Dhekiajuli,5,10,25,ulb_ward,Municipal Board ward,Woman,NONE,1,Women,reserved_only,latin,data/assam/pdfs/Reservation of Wards and post of Chairperson of Municipal Boards_2020.pdf,3,Reservation of Wards and post of Chairperson of Municipal Boards_2020.pdf,,
Assam,2020,Sonitpur,Sonitpur,Dhekiajuli,7,10,25,ulb_ward,Municipal Board ward,Woman,NONE,1,Women,reserved_only,latin,data/assam/pdfs/Reservation of Wards and post of Chairperson of Municipal Boards_2020.pdf,3,Reservation of Wards and post of Chairperson of Municipal Boards_2020.pdf,,
Assam,2020,Sonitpur,Sonitpur,Dhekiajuli,10,10,25,ulb_ward,Municipal Board ward,Woman,NONE,1,Women,reserved_only,latin,data/assam/pdfs/Reservation of Wards and post of Chairperson of Municipal Boards_2020.pdf,3,Reservation of Wards and post of Chairperson of Municipal Boards_2020.pdf,,
Assam,2020,Biswanath,Biswanath Chariali,Biswanath Chariali,1,12,26,ulb_ward,Municipal Board ward,Woman,NONE,1,Women,reserved_only,latin,data/assam/pdfs/Reservation of Wards and post of Chairperson of Municipal Boards_2020.pdf,3,Reservation of Wards and post of Chairperson of Municipal Boards_2020.pdf,,
Assam,2020,Biswanath,Biswanath Chariali,Biswanath Chariali,3,12,26,ulb_ward,Municipal Board ward,Woman,NONE,1,Women,reserved_only,latin,data/assam/pdfs/Reservation of Wards and post of Chairperson of Municipal Boards_2020.pdf,3,Reservation of Wards and post of Chairperson of Municipal Boards_2020.pdf,,
Assam,2020,Biswanath,Biswanath Chariali,Biswanath Chariali,7,12,26,ulb_ward,Municipal Board ward,Woman,NONE,1,Women,reserved_only,latin,data/assam/pdfs/Reservation of Wards and post of Chairperson of Municipal Boards_2020.pdf,3,Reservation of Wards and post of Chairperson of Municipal Boards_2020.pdf,,
Assam,2020,Biswanath,Biswanath Chariali,Biswanath Chariali,8,12,26,ulb_ward,Municipal Board ward,Woman,NONE,1,Women,reserved_only,latin,data/assam/pdfs/Reservation of Wards and post of Chairperson of Municipal Boards_2020.pdf,3,Reservation of Wards and post of Chairperson of Municipal Boards_2020.pdf,,
Assam,2020,Biswanath,Biswanath Chariali,Biswanath Chariali,9,12,26,ulb_ward,Municipal Board ward,Woman,NONE,1,Women,reserved_only,latin,data/assam/pdfs/Reservation of Wards and post of Chairperson of Municipal Boards_2020.pdf,3,Reservation of Wards and post of Chairperson of Municipal Boards_2020.pdf,,
Assam,2020,Biswanath,Biswanath Chariali,Biswanath Chariali,11,12,26,ulb_ward,Municipal Board ward,Woman,NONE,1,Women,reserved_only,latin,data/assam/pdfs/Reservation of Wards and post of Chairperson of Municipal Boards_2020.pdf,3,Reservation of Wards and post of Chairperson of Municipal Boards_2020.pdf,,
Assam,2020,Biswanath,Biswanath Chariali,Sootea,2,10,27,ulb_ward,Municipal Board ward,Woman,NONE,1,Women,reserved_only,latin,data/assam/pdfs/Reservation of Wards and post of Chairperson of Municipal Boards_2020.pdf,3,Reservation of Wards and post of Chairperson of Municipal Boards_2020.pdf,,
Assam,2020,Biswanath,Biswanath Chariali,Sootea,3,10,27,ulb_ward,Municipal Board ward,Woman,NONE,1,Women,reserved_only,latin,data/assam/pdfs/Reservation of Wards and post of Chairperson of Municipal Boards_2020.pdf,3,Reservation of Wards and post of Chairperson of Municipal Boards_2020.pdf,,
Assam,2020,Biswanath,Biswanath Chariali,Sootea,5,10,27,ulb_ward,Municipal Board ward,Woman,NONE,1,Women,reserved_only,latin,data/assam/pdfs/Reservation of Wards and post of Chairperson of Municipal Boards_2020.pdf,3,Reservation of Wards and post of Chairperson of Municipal Boards_2020.pdf,,
Assam,2020,Biswanath,Biswanath Chariali,Sootea,6,10,27,ulb_ward,Municipal Board ward,Woman,NONE,1,Women,reserved_only,latin,data/assam/pdfs/Reservation of Wards and post of Chairperson of Municipal Boards_2020.pdf,3,Reservation of Wards and post of Chairperson of Municipal Boards_2020.pdf,,
Assam,2020,Biswanath,Biswanath Chariali,Sootea,8,10,27,ulb_ward,Municipal Board ward,Woman,NONE,1,Women,reserved_only,latin,data/assam/pdfs/Reservation of Wards and post of Chairperson of Municipal Boards_2020.pdf,3,Reservation of Wards and post of Chairperson of Municipal Boards_2020.pdf,,
Assam,2020,Biswanath,Gohpur,Gohpur,10,10,28,ulb_ward,Municipal Board ward,SC Other than Woman,SC,0,SC,reserved_only,latin,data/assam/pdfs/Reservation of Wards and post of Chairperson of Municipal Boards_2020.pdf,3,Reservation of Wards and post of Chairperson of Municipal Boards_2020.pdf,,
Assam,2020,Biswanath,Gohpur,Gohpur,8,10,28,ulb_ward,Municipal Board ward,ST Other than Woman,ST,0,ST,reserved_only,latin,data/assam/pdfs/Reservation of Wards and post of Chairperson of Municipal Boards_2020.pdf,3,Reservation of Wards and post of Chairperson of Municipal Boards_2020.pdf,,
Assam,2020,Biswanath,Gohpur,Gohpur,1,10,28,ulb_ward,Municipal Board ward,Woman,NONE,1,Women,reserved_only,latin,data/assam/pdfs/Reservation of Wards and post of Chairperson of Municipal Boards_2020.pdf,3,Reservation of Wards and post of Chairperson of Municipal Boards_2020.pdf,,
Assam,2020,Biswanath,Gohpur,Gohpur,3,10,28,ulb_ward,Municipal Board ward,Woman,NONE,1,Women,reserved_only,latin,data/assam/pdfs/Reservation of Wards and post of Chairperson of Municipal Boards_2020.pdf,3,Reservation of Wards and post of Chairperson of Municipal Boards_2020.pdf,,
Assam,2020,Biswanath,Gohpur,Gohpur,6,10,28,ulb_ward,Municipal Board ward,Woman,NONE,1,Women,reserved_only,latin,data/assam/pdfs/Reservation of Wards and post of Chairperson of Municipal Boards_2020.pdf,3,Reservation of Wards and post of Chairperson of Municipal Boards_2020.pdf,,
Assam,2020,Biswanath,Gohpur,Gohpur,7,10,28,ulb_ward,Municipal Board ward,Woman,NONE,1,Women,reserved_only,latin,data/assam/pdfs/Reservation of Wards and post of Chairperson of Municipal Boards_2020.pdf,3,Reservation of Wards and post of Chairperson of Municipal Boards_2020.pdf,,
Assam,2020,Biswanath,Gohpur,Gohpur,9,10,28,ulb_ward,Municipal Board ward,Woman,NONE,1,Women,reserved_only,latin,data/assam/pdfs/Reservation of Wards and post of Chairperson of Municipal Boards_2020.pdf,3,Reservation of Wards and post of Chairperson of Municipal Boards_2020.pdf,,
Assam,2020,Darrang,Mangaldoi,Mangaldoi,4,10,29,ulb_ward,Municipal Board ward,SC Other than Woman,SC,0,SC,reserved_only,latin,data/assam/pdfs/Reservation of Wards and post of Chairperson of Municipal Boards_2020.pdf,3,Reservation of Wards and post of Chairperson of Municipal Boards_2020.pdf,,
Assam,2020,Darrang,Mangaldoi,Mangaldoi,7,10,29,ulb_ward,Municipal Board ward,SC Woman,SC,1,SC (Women),reserved_only,latin,data/assam/pdfs/Reservation of Wards and post of Chairperson of Municipal Boards_2020.pdf,3,Reservation of Wards and post of Chairperson of Municipal Boards_2020.pdf,,
Assam,2020,Darrang,Mangaldoi,Mangaldoi,1,10,29,ulb_ward,Municipal Board ward,Woman,NONE,1,Women,reserved_only,latin,data/assam/pdfs/Reservation of Wards and post of Chairperson of Municipal Boards_2020.pdf,3,Reservation of Wards and post of Chairperson of Municipal Boards_2020.pdf,,
Assam,2020,Darrang,Mangaldoi,Mangaldoi,8,10,29,ulb_ward,Municipal Board ward,Woman,NONE,1,Women,reserved_only,latin,data/assam/pdfs/Reservation of Wards and post of Chairperson of Municipal Boards_2020.pdf,3,Reservation of Wards and post of Chairperson of Municipal Boards_2020.pdf,,
Assam,2020,Darrang,Mangaldoi,Mangaldoi,9,10,29,ulb_ward,Municipal Board ward,Woman,NONE,1,Women,reserved_only,latin,data/assam/pdfs/Reservation of Wards and post of Chairperson of Municipal Boards_2020.pdf,3,Reservation of Wards and post of Chairperson of Municipal Boards_2020.pdf,,
Assam,2020,Darrang,Mangaldoi,Mangaldoi,10,10,29,ulb_ward,Municipal Board ward,Woman,NONE,1,Women,reserved_only,latin,data/assam/pdfs/Reservation of Wards and post of Chairperson of Municipal Boards_2020.pdf,3,Reservation of Wards and post of Chairperson of Municipal Boards_2020.pdf,,
Assam,2020,Darrang,Mangaldoi,Kharupetia,10,10,30,ulb_ward,Municipal Board ward,SC Other than Woman,SC,0,SC,reserved_only,latin,data/assam/pdfs/Reservation of Wards and post of Chairperson of Municipal Boards_2020.pdf,3,Reservation of Wards and post of Chairperson of Municipal Boards_2020.pdf,,
Assam,2020,Darrang,Mangaldoi,Kharupetia,1,10,30,ulb_ward,Municipal Board ward,Woman,NONE,1,Women,reserved_only,latin,data/assam/pdfs/Reservation of Wards and post of Chairperson of Municipal Boards_2020.pdf,3,Reservation of Wards and post of Chairperson of Municipal Boards_2020.pdf,,
Assam,2020,Darrang,Mangaldoi,Kharupetia,3,10,30,ulb_ward,Municipal Board ward,Woman,NONE,1,Women,reserved_only,latin,data/assam/pdfs/Reservation of Wards and post of Chairperson of Municipal Boards_2020.pdf,3,Reservation of Wards and post of Chairperson of Municipal Boards_2020.pdf,,
Assam,2020,Darrang,Mangaldoi,Kharupetia,4,10,30,ulb_ward,Municipal Board ward,Woman,NONE,1,Women,reserved_only,latin,data/assam/pdfs/Reservation of Wards and post of Chairperson of Municipal Boards_2020.pdf,3,Reservation of Wards and post of Chairperson of Municipal Boards_2020.pdf,,
Assam,2020,Darrang,Mangaldoi,Kharupetia,8,10,30,ulb_ward,Municipal Board ward,Woman,NONE,1,Women,reserved_only,latin,data/assam/pdfs/Reservation of Wards and post of Chairperson of Municipal Boards_2020.pdf,3,Reservation of Wards and post of Chairperson of Municipal Boards_2020.pdf,,
Assam,2020,Darrang,Mangaldoi,Kharupetia,9,10,30,ulb_ward,Municipal Board ward,Woman,NONE,1,Women,reserved_only,latin,data/assam/pdfs/Reservation of Wards and post of Chairperson of Municipal Boards_2020.pdf,3,Reservation of Wards and post of Chairperson of Municipal Boards_2020.pdf,,
Assam,2020,Darrang,Mangaldoi,Sipajhar,3,10,31,ulb_ward,Municipal Board ward,SC Woman,SC,1,SC (Women),reserved_only,latin,data/assam/pdfs/Reservation of Wards and post of Chairperson of Municipal Boards_2020.pdf,3,Reservation of Wards and post of Chairperson of Municipal Boards_2020.pdf,,
Assam,2020,Darrang,Mangaldoi,Sipajhar,4,10,31,ulb_ward,Municipal Board ward,Woman,NONE,1,Women,reserved_only,latin,data/assam/pdfs/Reservation of Wards and post of Chairperson of Municipal Boards_2020.pdf,3,Reservation of Wards and post of Chairperson of Municipal Boards_2020.pdf,,
Assam,2020,Darrang,Mangaldoi,Sipajhar,5,10,31,ulb_ward,Municipal Board ward,Woman,NONE,1,Women,reserved_only,latin,data/assam/pdfs/Reservation of Wards and post of Chairperson of Municipal Boards_2020.pdf,3,Reservation of Wards and post of Chairperson of Municipal Boards_2020.pdf,,
Assam,2020,Darrang,Mangaldoi,Sipajhar,8,10,31,ulb_ward,Municipal Board ward,Woman,NONE,1,Women,reserved_only,latin,data/assam/pdfs/Reservation of Wards and post of Chairperson of Municipal Boards_2020.pdf,3,Reservation of Wards and post of Chairperson of Municipal Boards_2020.pdf,,
Assam,2020,Darrang,Mangaldoi,Sipajhar,10,10,31,ulb_ward,Municipal Board ward,Woman,NONE,1,Women,reserved_only,latin,data/assam/pdfs/Reservation of Wards and post of Chairperson of Municipal Boards_2020.pdf,3,Reservation of Wards and post of Chairperson of Municipal Boards_2020.pdf,,
Assam,2020,Lakhimpur,Lakhimpur,North Lakhimpur,3B,21,32,ulb_ward,Municipal Board ward,ST Other than Woman,ST,0,ST,reserved_only,latin,data/assam/pdfs/Reservation of Wards and post of Chairperson of Municipal Boards_2020.pdf,3,Reservation of Wards and post of Chairperson of Municipal Boards_2020.pdf,,
Assam,2020,Lakhimpur,Lakhimpur,North Lakhimpur,5B,21,32,ulb_ward,Municipal Board ward,ST Woman,ST,1,ST (Women),reserved_only,latin,data/assam/pdfs/Reservation of Wards and post of Chairperson of Municipal Boards_2020.pdf,3,Reservation of Wards and post of Chairperson of Municipal Boards_2020.pdf,,
Assam,2020,Lakhimpur,Lakhimpur,North Lakhimpur,2A,21,32,ulb_ward,Municipal Board ward,Woman,NONE,1,Women,reserved_only,latin,data/assam/pdfs/Reservation of Wards and post of Chairperson of Municipal Boards_2020.pdf,3,Reservation of Wards and post of Chairperson of Municipal Boards_2020.pdf,,
Assam,2020,Lakhimpur,Lakhimpur,North Lakhimpur,2B,21,32,ulb_ward,Municipal Board ward,Woman,NONE,1,Women,reserved_only,latin,data/assam/pdfs/Reservation of Wards and post of Chairperson of Municipal Boards_2020.pdf,3,Reservation of Wards and post of Chairperson of Municipal Boards_2020.pdf,,
Assam,2020,Lakhimpur,Lakhimpur,North Lakhimpur,3A,21,32,ulb_ward,Municipal Board ward,Woman,NONE,1,Women,reserved_only,latin,data/assam/pdfs/Reservation of Wards and post of Chairperson of Municipal Boards_2020.pdf,3,Reservation of Wards and post of Chairperson of Municipal Boards_2020.pdf,,
Assam,2020,Lakhimpur,Lakhimpur,North Lakhimpur,4,21,32,ulb_ward,Municipal Board ward,Woman,NONE,1,Women,reserved_only,latin,data/assam/pdfs/Reservation of Wards and post of Chairperson of Municipal Boards_2020.pdf,3,Reservation of Wards and post of Chairperson of Municipal Boards_2020.pdf,,
Assam,2020,Lakhimpur,Lakhimpur,North Lakhimpur,9,21,32,ulb_ward,Municipal Board ward,Woman,NONE,1,Women,reserved_only,latin,data/assam/pdfs/Reservation of Wards and post of Chairperson of Municipal Boards_2020.pdf,3,Reservation of Wards and post of Chairperson of Municipal Boards_2020.pdf,,
Assam,2020,Lakhimpur,Lakhimpur,North Lakhimpur,10,21,32,ulb_ward,Municipal Board ward,Woman,NONE,1,Women,reserved_only,latin,data/assam/pdfs/Reservation of Wards and post of Chairperson of Municipal Boards_2020.pdf,3,Reservation of Wards and post of Chairperson of Municipal Boards_2020.pdf,,
Assam,2020,Lakhimpur,Lakhimpur,North Lakhimpur,12A,21,32,ulb_ward,Municipal Board ward,Woman,NONE,1,Women,reserved_only,latin,data/assam/pdfs/Reservation of Wards and post of Chairperson of Municipal Boards_2020.pdf,3,Reservation of Wards and post of Chairperson of Municipal Boards_2020.pdf,,
Assam,2020,Lakhimpur,Lakhimpur,North Lakhimpur,14A,21,32,ulb_ward,Municipal Board ward,Woman,NONE,1,Women,reserved_only,latin,data/assam/pdfs/Reservation of Wards and post of Chairperson of Municipal Boards_2020.pdf,3,Reservation of Wards and post of Chairperson of Municipal Boards_2020.pdf,,
Assam,2020,Lakhimpur,Lakhimpur,North Lakhimpur,14C,21,32,ulb_ward,Municipal Board ward,Woman,NONE,1,Women,reserved_only,latin,data/assam/pdfs/Reservation of Wards and post of Chairperson of Municipal Boards_2020.pdf,3,Reservation of Wards and post of Chairperson of Municipal Boards_2020.pdf,,
Assam,2020,Lakhimpur,Lakhimpur,North Lakhimpur,14D,21,32,ulb_ward,Municipal Board ward,Woman,NONE,1,Women,reserved_only,latin,data/assam/pdfs/Reservation of Wards and post of Chairperson of Municipal Boards_2020.pdf,3,Reservation of Wards and post of Chairperson of Municipal Boards_2020.pdf,,
Assam,2020,Lakhimpur,Lakhimpur,Narayanpur,5A,10,33,ulb_ward,Municipal Board ward,SC Other than Woman,SC,0,SC,reserved_only,latin,data/assam/pdfs/Reservation of Wards and post of Chairperson of Municipal Boards_2020.pdf,3,Reservation of Wards and post of Chairperson of Municipal Boards_2020.pdf,,
Assam,2020,Lakhimpur,Lakhimpur,Narayanpur,6B,10,33,ulb_ward,Municipal Board ward,ST Woman,ST,1,ST (Women),reserved_only,latin,data/assam/pdfs/Reservation of Wards and post of Chairperson of Municipal Boards_2020.pdf,3,Reservation of Wards and post of Chairperson of Municipal Boards_2020.pdf,,
Assam,2020,Lakhimpur,Lakhimpur,Narayanpur,1B,10,33,ulb_ward,Municipal Board ward,Woman,NONE,1,Women,reserved_only,latin,data/assam/pdfs/Reservation of Wards and post of Chairperson of Municipal Boards_2020.pdf,3,Reservation of Wards and post of Chairperson of Municipal Boards_2020.pdf,,
Assam,2020,Lakhimpur,Lakhimpur,Narayanpur,3B,10,33,ulb_ward,Municipal Board ward,Woman,NONE,1,Women,reserved_only,latin,data/assam/pdfs/Reservation of Wards and post of Chairperson of Municipal Boards_2020.pdf,3,Reservation of Wards and post of Chairperson of Municipal Boards_2020.pdf,,
Assam,2020,Lakhimpur,Lakhimpur,Narayanpur,4,10,33,ulb_ward,Municipal Board ward,Woman,NONE,1,Women,reserved_only,latin,data/assam/pdfs/Reservation of Wards and post of Chairperson of Municipal Boards_2020.pdf,3,Reservation of Wards and post of Chairperson of Municipal Boards_2020.pdf,,
Assam,2020,Lakhimpur,Lakhimpur,Narayanpur,6A,10,33,ulb_ward,Municipal Board ward,Woman,NONE,1,Women,reserved_only,latin,data/assam/pdfs/Reservation of Wards and post of Chairperson of Municipal Boards_2020.pdf,3,Reservation of Wards and post of Chairperson of Municipal Boards_2020.pdf,,
Assam,2020,Lakhimpur,Lakhimpur,Bihpuria,7,10,34,ulb_ward,Municipal Board ward,SC Other than Woman,SC,0,SC,reserved_only,latin,data/assam/pdfs/Reservation of Wards and post of Chairperson of Municipal Boards_2020.pdf,3,Reservation of Wards and post of Chairperson of Municipal Boards_2020.pdf,,
Assam,2020,Lakhimpur,Lakhimpur,Bihpuria,1,10,34,ulb_ward,Municipal Board ward,Woman,NONE,1,Women,reserved_only,latin,data/assam/pdfs/Reservation of Wards and post of Chairperson of Municipal Boards_2020.pdf,3,Reservation of Wards and post of Chairperson of Municipal Boards_2020.pdf,,
Assam,2020,Lakhimpur,Lakhimpur,Bihpuria,4,10,34,ulb_ward,Municipal Board ward,Woman,NONE,1,Women,reserved_only,latin,data/assam/pdfs/Reservation of Wards and post of Chairperson of Municipal Boards_2020.pdf,3,Reservation of Wards and post of Chairperson of Municipal Boards_2020.pdf,,
Assam,2020,Lakhimpur,Lakhimpur,Bihpuria,6,10,34,ulb_ward,Municipal Board ward,Woman,NONE,1,Women,reserved_only,latin,data/assam/pdfs/Reservation of Wards and post of Chairperson of Municipal Boards_2020.pdf,3,Reservation of Wards and post of Chairperson of Municipal Boards_2020.pdf,,
Assam,2020,Lakhimpur,Lakhimpur,Bihpuria,8,10,34,ulb_ward,Municipal Board ward,Woman,NONE,1,Women,reserved_only,latin,data/assam/pdfs/Reservation of Wards and post of Chairperson of Municipal Boards_2020.pdf,3,Reservation of Wards and post of Chairperson of Municipal Boards_2020.pdf,,
Assam,2020,Lakhimpur,Lakhimpur,Bihpuria,9,10,34,ulb_ward,Municipal Board ward,Woman,NONE,1,Women,reserved_only,latin,data/assam/pdfs/Reservation of Wards and post of Chairperson of Municipal Boards_2020.pdf,3,Reservation of Wards and post of Chairperson of Municipal Boards_2020.pdf,,
Assam,2020,Lakhimpur,Dhakuakhana,Dhakuakhana,10,10,35,ulb_ward,Municipal Board ward,SC Other than Woman,SC,0,SC,reserved_only,latin,data/assam/pdfs/Reservation of Wards and post of Chairperson of Municipal Boards_2020.pdf,4,Reservation of Wards and post of Chairperson of Municipal Boards_2020.pdf,,
Assam,2020,Lakhimpur,Dhakuakhana,Dhakuakhana,8,10,35,ulb_ward,Municipal Board ward,SC Woman,SC,1,SC (Women),reserved_only,latin,data/assam/pdfs/Reservation of Wards and post of Chairperson of Municipal Boards_2020.pdf,4,Reservation of Wards and post of Chairperson of Municipal Boards_2020.pdf,,
Assam,2020,Lakhimpur,Dhakuakhana,Dhakuakhana,2,10,35,ulb_ward,Municipal Board ward,ST Woman,ST,1,ST (Women),reserved_only,latin,data/assam/pdfs/Reservation of Wards and post of Chairperson of Municipal Boards_2020.pdf,4,Reservation of Wards and post of Chairperson of Municipal Boards_2020.pdf,,
Assam,2020,Lakhimpur,Dhakuakhana,Dhakuakhana,3,10,35,ulb_ward,Municipal Board ward,Woman,NONE,1,Women,reserved_only,latin,data/assam/pdfs/Reservation of Wards and post of Chairperson of Municipal Boards_2020.pdf,4,Reservation of Wards and post of Chairperson of Municipal Boards_2020.pdf,,
Assam,2020,Lakhimpur,Dhakuakhana,Dhakuakhana,7,10,35,ulb_ward,Municipal Board ward,Woman,NONE,1,Women,reserved_only,latin,data/assam/pdfs/Reservation of Wards and post of Chairperson of Municipal Boards_2020.pdf,4,Reservation of Wards and post of Chairperson of Municipal Boards_2020.pdf,,
Assam,2020,Lakhimpur,Dhakuakhana,Dhakuakhana,9,10,35,ulb_ward,Municipal Board ward,Woman,NONE,1,Women,reserved_only,latin,data/assam/pdfs/Reservation of Wards and post of Chairperson of Municipal Boards_2020.pdf,4,Reservation of Wards and post of Chairperson of Municipal Boards_2020.pdf,,
Assam,2020,Charaideo,Charaideo,Sonari,9,16,36,ulb_ward,Municipal Board ward,SC Woman,SC,1,SC (Women),reserved_only,latin,data/assam/pdfs/Reservation of Wards and post of Chairperson of Municipal Boards_2020.pdf,4,Reservation of Wards and post of Chairperson of Municipal Boards_2020.pdf,,
Assam,2020,Charaideo,Charaideo,Sonari,5,16,36,ulb_ward,Municipal Board ward,Woman,NONE,1,Women,reserved_only,latin,data/assam/pdfs/Reservation of Wards and post of Chairperson of Municipal Boards_2020.pdf,4,Reservation of Wards and post of Chairperson of Municipal Boards_2020.pdf,,
Assam,2020,Charaideo,Charaideo,Sonari,7,16,36,ulb_ward,Municipal Board ward,Woman,NONE,1,Women,reserved_only,latin,data/assam/pdfs/Reservation of Wards and post of Chairperson of Municipal Boards_2020.pdf,4,Reservation of Wards and post of Chairperson of Municipal Boards_2020.pdf,,
Assam,2020,Charaideo,Charaideo,Sonari,8,16,36,ulb_ward,Municipal Board ward,Woman,NONE,1,Women,reserved_only,latin,data/assam/pdfs/Reservation of Wards and post of Chairperson of Municipal Boards_2020.pdf,4,Reservation of Wards and post of Chairperson of Municipal Boards_2020.pdf,,
Assam,2020,Charaideo,Charaideo,Sonari,10,16,36,ulb_ward,Municipal Board ward,Woman,NONE,1,Women,reserved_only,latin,data/assam/pdfs/Reservation of Wards and post of Chairperson of Municipal Boards_2020.pdf,4,Reservation of Wards and post of Chairperson of Municipal Boards_2020.pdf,,
Assam,2020,Charaideo,Charaideo,Sonari,13,16,36,ulb_ward,Municipal Board ward,Woman,NONE,1,Women,reserved_only,latin,data/assam/pdfs/Reservation of Wards and post of Chairperson of Municipal Boards_2020.pdf,4,Reservation of Wards and post of Chairperson of Municipal Boards_2020.pdf,,
Assam,2020,Charaideo,Charaideo,Sonari,15,16,36,ulb_ward,Municipal Board ward,Woman,NONE,1,Women,reserved_only,latin,data/assam/pdfs/Reservation of Wards and post of Chairperson of Municipal Boards_2020.pdf,4,Reservation of Wards and post of Chairperson of Municipal Boards_2020.pdf,,
Assam,2020,Charaideo,Charaideo,Sonari,16,16,36,ulb_ward,Municipal Board ward,Woman,NONE,1,Women,reserved_only,latin,data/assam/pdfs/Reservation of Wards and post of Chairperson of Municipal Boards_2020.pdf,4,Reservation of Wards and post of Chairperson of Municipal Boards_2020.pdf,,
Assam,2020,Charaideo,Charaideo,Moranhat,1,11,37,ulb_ward,Municipal Board ward,Woman,NONE,1,Women,reserved_only,latin,data/assam/pdfs/Reservation of Wards and post of Chairperson of Municipal Boards_2020.pdf,4,Reservation of Wards and post of Chairperson of Municipal Boards_2020.pdf,,
Assam,2020,Charaideo,Charaideo,Moranhat,3,11,37,ulb_ward,Municipal Board ward,Woman,NONE,1,Women,reserved_only,latin,data/assam/pdfs/Reservation of Wards and post of Chairperson of Municipal Boards_2020.pdf,4,Reservation of Wards and post of Chairperson of Municipal Boards_2020.pdf,,
Assam,2020,Charaideo,Charaideo,Moranhat,5,11,37,ulb_ward,Municipal Board ward,Woman,NONE,1,Women,reserved_only,latin,data/assam/pdfs/Reservation of Wards and post of Chairperson of Municipal Boards_2020.pdf,4,Reservation of Wards and post of Chairperson of Municipal Boards_2020.pdf,,
Assam,2020,Charaideo,Charaideo,Moranhat,6,11,37,ulb_ward,Municipal Board ward,Woman,NONE,1,Women,reserved_only,latin,data/assam/pdfs/Reservation of Wards and post of Chairperson of Municipal Boards_2020.pdf,4,Reservation of Wards and post of Chairperson of Municipal Boards_2020.pdf,,
Assam,2020,Charaideo,Charaideo,Moranhat,7,11,37,ulb_ward,Municipal Board ward,Woman,NONE,1,Women,reserved_only,latin,data/assam/pdfs/Reservation of Wards and post of Chairperson of Municipal Boards_2020.pdf,4,Reservation of Wards and post of Chairperson of Municipal Boards_2020.pdf,,
Assam,2020,Charaideo,Charaideo,Moranhat,8,11,37,ulb_ward,Municipal Board ward,Woman,NONE,1,Women,reserved_only,latin,data/assam/pdfs/Reservation of Wards and post of Chairperson of Municipal Boards_2020.pdf,4,Reservation of Wards and post of Chairperson of Municipal Boards_2020.pdf,,
Assam,2020,Sivasagar,Sivasagar,Sivasagar,7,14,38,ulb_ward,Municipal Board ward,SC Woman,SC,1,SC (Women),reserved_only,latin,data/assam/pdfs/Reservation of Wards and post of Chairperson of Municipal Boards_2020.pdf,4,Reservation of Wards and post of Chairperson of Municipal Boards_2020.pdf,,
Assam,2020,Sivasagar,Sivasagar,Sivasagar,1,14,38,ulb_ward,Municipal Board ward,Woman,NONE,1,Women,reserved_only,latin,data/assam/pdfs/Reservation of Wards and post of Chairperson of Municipal Boards_2020.pdf,4,Reservation of Wards and post of Chairperson of Municipal Boards_2020.pdf,,
Assam,2020,Sivasagar,Sivasagar,Sivasagar,4,14,38,ulb_ward,Municipal Board ward,Woman,NONE,1,Women,reserved_only,latin,data/assam/pdfs/Reservation of Wards and post of Chairperson of Municipal Boards_2020.pdf,4,Reservation of Wards and post of Chairperson of Municipal Boards_2020.pdf,,
Assam,2020,Sivasagar,Sivasagar,Sivasagar,8,14,38,ulb_ward,Municipal Board ward,Woman,NONE,1,Women,reserved_only,latin,data/assam/pdfs/Reservation of Wards and post of Chairperson of Municipal Boards_2020.pdf,4,Reservation of Wards and post of Chairperson of Municipal Boards_2020.pdf,,
Assam,2020,Sivasagar,Sivasagar,Sivasagar,10,14,38,ulb_ward,Municipal Board ward,Woman,NONE,1,Women,reserved_only,latin,data/assam/pdfs/Reservation of Wards and post of Chairperson of Municipal Boards_2020.pdf,4,Reservation of Wards and post of Chairperson of Municipal Boards_2020.pdf,,
Assam,2020,Sivasagar,Sivasagar,Sivasagar,13,14,38,ulb_ward,Municipal Board ward,Woman,NONE,1,Women,reserved_only,latin,data/assam/pdfs/Reservation of Wards and post of Chairperson of Municipal Boards_2020.pdf,4,Reservation of Wards and post of Chairperson of Municipal Boards_2020.pdf,,
Assam,2020,Sivasagar,Sivasagar,Sivasagar,14,14,38,ulb_ward,Municipal Board ward,Woman,NONE,1,Women,reserved_only,latin,data/assam/pdfs/Reservation of Wards and post of Chairperson of Municipal Boards_2020.pdf,4,Reservation of Wards and post of Chairperson of Municipal Boards_2020.pdf,,
Assam,2020,Sivasagar,Sivasagar,Amguri,2,10,39,ulb_ward,Municipal Board ward,SC Woman,SC,1,SC (Women),reserved_only,latin,data/assam/pdfs/Reservation of Wards and post of Chairperson of Municipal Boards_2020.pdf,4,Reservation of Wards and post of Chairperson of Municipal Boards_2020.pdf,,
Assam,2020,Sivasagar,Sivasagar,Amguri,1,10,39,ulb_ward,Municipal Board ward,Woman,NONE,1,Women,reserved_only,latin,data/assam/pdfs/Reservation of Wards and post of Chairperson of Municipal Boards_2020.pdf,4,Reservation of Wards and post of Chairperson of Municipal Boards_2020.pdf,,
Assam,2020,Sivasagar,Sivasagar,Amguri,5,10,39,ulb_ward,Municipal Board ward,Woman,NONE,1,Women,reserved_only,latin,data/assam/pdfs/Reservation of Wards and post of Chairperson of Municipal Boards_2020.pdf,4,Reservation of Wards and post of Chairperson of Municipal Boards_2020.pdf,,
Assam,2020,Sivasagar,Sivasagar,Amguri,6,10,39,ulb_ward,Municipal Board ward,Woman,NONE,1,Women,reserved_only,latin,data/assam/pdfs/Reservation of Wards and post of Chairperson of Municipal Boards_2020.pdf,4,Reservation of Wards and post of Chairperson of Municipal Boards_2020.pdf,,
Assam,2020,Sivasagar,Sivasagar,Amguri,9,10,39,ulb_ward,Municipal Board ward,Woman,NONE,1,Women,reserved_only,latin,data/assam/pdfs/Reservation of Wards and post of Chairperson of Municipal Boards_2020.pdf,4,Reservation of Wards and post of Chairperson of Municipal Boards_2020.pdf,,
Assam,2020,Sivasagar,Sivasagar,Demow,2,10,40,ulb_ward,Municipal Board ward,Woman,NONE,1,Women,reserved_only,latin,data/assam/pdfs/Reservation of Wards and post of Chairperson of Municipal Boards_2020.pdf,4,Reservation of Wards and post of Chairperson of Municipal Boards_2020.pdf,,
Assam,2020,Sivasagar,Sivasagar,Demow,5,10,40,ulb_ward,Municipal Board ward,Woman,NONE,1,Women,reserved_only,latin,data/assam/pdfs/Reservation of Wards and post of Chairperson of Municipal Boards_2020.pdf,4,Reservation of Wards and post of Chairperson of Municipal Boards_2020.pdf,,
Assam,2020,Sivasagar,Sivasagar,Demow,7,10,40,ulb_ward,Municipal Board ward,Woman,NONE,1,Women,reserved_only,latin,data/assam/pdfs/Reservation of Wards and post of Chairperson of Municipal Boards_2020.pdf,4,Reservation of Wards and post of Chairperson of Municipal Boards_2020.pdf,,
Assam,2020,Sivasagar,Sivasagar,Demow,8,10,40,ulb_ward,Municipal Board ward,Woman,NONE,1,Women,reserved_only,latin,data/assam/pdfs/Reservation of Wards and post of Chairperson of Municipal Boards_2020.pdf,4,Reservation of Wards and post of Chairperson of Municipal Boards_2020.pdf,,
Assam,2020,Sivasagar,Sivasagar,Demow,10,10,40,ulb_ward,Municipal Board ward,Woman,NONE,1,Women,reserved_only,latin,data/assam/pdfs/Reservation of Wards and post of Chairperson of Municipal Boards_2020.pdf,4,Reservation of Wards and post of Chairperson of Municipal Boards_2020.pdf,,
Assam,2020,Sivasagar,Sivasagar,Simaluguri,2,10,41,ulb_ward,Municipal Board ward,Woman,NONE,1,Women,reserved_only,latin,data/assam/pdfs/Reservation of Wards and post of Chairperson of Municipal Boards_2020.pdf,4,Reservation of Wards and post of Chairperson of Municipal Boards_2020.pdf,,
Assam,2020,Sivasagar,Sivasagar,Simaluguri,3,10,41,ulb_ward,Municipal Board ward,Woman,NONE,1,Women,reserved_only,latin,data/assam/pdfs/Reservation of Wards and post of Chairperson of Municipal Boards_2020.pdf,4,Reservation of Wards and post of Chairperson of Municipal Boards_2020.pdf,,
Assam,2020,Sivasagar,Sivasagar,Simaluguri,5,10,41,ulb_ward,Municipal Board ward,Woman,NONE,1,Women,reserved_only,latin,data/assam/pdfs/Reservation of Wards and post of Chairperson of Municipal Boards_2020.pdf,4,Reservation of Wards and post of Chairperson of Municipal Boards_2020.pdf,,
Assam,2020,Sivasagar,Sivasagar,Simaluguri,7,10,41,ulb_ward,Municipal Board ward,Woman,NONE,1,Women,reserved_only,latin,data/assam/pdfs/Reservation of Wards and post of Chairperson of Municipal Boards_2020.pdf,4,Reservation of Wards and post of Chairperson of Municipal Boards_2020.pdf,,
Assam,2020,Sivasagar,Sivasagar,Simaluguri,9,10,41,ulb_ward,Municipal Board ward,Woman,NONE,1,Women,reserved_only,latin,data/assam/pdfs/Reservation of Wards and post of Chairperson of Municipal Boards_2020.pdf,4,Reservation of Wards and post of Chairperson of Municipal Boards_2020.pdf,,
Assam,2020,Sivasagar,Nazira,Nazira,6,10,42,ulb_ward,Municipal Board ward,SC Other than Woman,SC,0,SC,reserved_only,latin,data/assam/pdfs/Reservation of Wards and post of Chairperson of Municipal Boards_2020.pdf,4,Reservation of Wards and post of Chairperson of Municipal Boards_2020.pdf,,
Assam,2020,Sivasagar,Nazira,Nazira,1,10,42,ulb_ward,Municipal Board ward,SC Woman,SC,1,SC (Women),reserved_only,latin,data/assam/pdfs/Reservation of Wards and post of Chairperson of Municipal Boards_2020.pdf,4,Reservation of Wards and post of Chairperson of Municipal Boards_2020.pdf,,
Assam,2020,Sivasagar,Nazira,Nazira,3,10,42,ulb_ward,Municipal Board ward,Woman,NONE,1,Women,reserved_only,latin,data/assam/pdfs/Reservation of Wards and post of Chairperson of Municipal Boards_2020.pdf,4,Reservation of Wards and post of Chairperson of Municipal Boards_2020.pdf,,
Assam,2020,Sivasagar,Nazira,Nazira,7,10,42,ulb_ward,Municipal Board ward,Woman,NONE,1,Women,reserved_only,latin,data/assam/pdfs/Reservation of Wards and post of Chairperson of Municipal Boards_2020.pdf,4,Reservation of Wards and post of Chairperson of Municipal Boards_2020.pdf,,
Assam,2020,Sivasagar,Nazira,Nazira,8,10,42,ulb_ward,Municipal Board ward,Woman,NONE,1,Women,reserved_only,latin,data/assam/pdfs/Reservation of Wards and post of Chairperson of Municipal Boards_2020.pdf,4,Reservation of Wards and post of Chairperson of Municipal Boards_2020.pdf,,
Assam,2020,Sivasagar,Nazira,Nazira,9,10,42,ulb_ward,Municipal Board ward,Woman,NONE,1,Women,reserved_only,latin,data/assam/pdfs/Reservation of Wards and post of Chairperson of Municipal Boards_2020.pdf,4,Reservation of Wards and post of Chairperson of Municipal Boards_2020.pdf,,
Assam,2020,Nagaon,Nagaon,Nagaon,21,26,43,ulb_ward,Municipal Board ward,SC Other than Woman,SC,0,SC,reserved_only,latin,data/assam/pdfs/Reservation of Wards and post of Chairperson of Municipal Boards_2020.pdf,4,Reservation of Wards and post of Chairperson of Municipal Boards_2020.pdf,,
Assam,2020,Nagaon,Nagaon,Nagaon,1,26,43,ulb_ward,Municipal Board ward,SC Woman,SC,1,SC (Women),reserved_only,latin,data/assam/pdfs/Reservation of Wards and post of Chairperson of Municipal Boards_2020.pdf,4,Reservation of Wards and post of Chairperson of Municipal Boards_2020.pdf,,
Assam,2020,Nagaon,Nagaon,Nagaon,2,26,43,ulb_ward,Municipal Board ward,Woman,NONE,1,Women,reserved_only,latin,data/assam/pdfs/Reservation of Wards and post of Chairperson of Municipal Boards_2020.pdf,4,Reservation of Wards and post of Chairperson of Municipal Boards_2020.pdf,,
Assam,2020,Nagaon,Nagaon,Nagaon,3,26,43,ulb_ward,Municipal Board ward,Woman,NONE,1,Women,reserved_only,latin,data/assam/pdfs/Reservation of Wards and post of Chairperson of Municipal Boards_2020.pdf,4,Reservation of Wards and post of Chairperson of Municipal Boards_2020.pdf,,
Assam,2020,Nagaon,Nagaon,Nagaon,4,26,43,ulb_ward,Municipal Board ward,Woman,NONE,1,Women,reserved_only,latin,data/assam/pdfs/Reservation of Wards and post of Chairperson of Municipal Boards_2020.pdf,4,Reservation of Wards and post of Chairperson of Municipal Boards_2020.pdf,,
Assam,2020,Nagaon,Nagaon,Nagaon,6,26,43,ulb_ward,Municipal Board ward,Woman,NONE,1,Women,reserved_only,latin,data/assam/pdfs/Reservation of Wards and post of Chairperson of Municipal Boards_2020.pdf,4,Reservation of Wards and post of Chairperson of Municipal Boards_2020.pdf,,
Assam,2020,Nagaon,Nagaon,Nagaon,10,26,43,ulb_ward,Municipal Board ward,Woman,NONE,1,Women,reserved_only,latin,data/assam/pdfs/Reservation of Wards and post of Chairperson of Municipal Boards_2020.pdf,4,Reservation of Wards and post of Chairperson of Municipal Boards_2020.pdf,,
Assam,2020,Nagaon,Nagaon,Nagaon,13,26,43,ulb_ward,Municipal Board ward,Woman,NONE,1,Women,reserved_only,latin,data/assam/pdfs/Reservation of Wards and post of Chairperson of Municipal Boards_2020.pdf,4,Reservation of Wards and post of Chairperson of Municipal Boards_2020.pdf,,
Assam,2020,Nagaon,Nagaon,Nagaon,15,26,43,ulb_ward,Municipal Board ward,Woman,NONE,1,Women,reserved_only,latin,data/assam/pdfs/Reservation of Wards and post of Chairperson of Municipal Boards_2020.pdf,4,Reservation of Wards and post of Chairperson of Municipal Boards_2020.pdf,,
Assam,2020,Nagaon,Nagaon,Nagaon,17,26,43,ulb_ward,Municipal Board ward,Woman,NONE,1,Women,reserved_only,latin,data/assam/pdfs/Reservation of Wards and post of Chairperson of Municipal Boards_2020.pdf,4,Reservation of Wards and post of Chairperson of Municipal Boards_2020.pdf,,
Assam,2020,Nagaon,Nagaon,Nagaon,19,26,43,ulb_ward,Municipal Board ward,Woman,NONE,1,Women,reserved_only,latin,data/assam/pdfs/Reservation of Wards and post of Chairperson of Municipal Boards_2020.pdf,4,Reservation of Wards and post of Chairperson of Municipal Boards_2020.pdf,,
Assam,2020,Nagaon,Nagaon,Nagaon,24,26,43,ulb_ward,Municipal Board ward,Woman,NONE,1,Women,reserved_only,latin,data/assam/pdfs/Reservation of Wards and post of Chairperson of Municipal Boards_2020.pdf,4,Reservation of Wards and post of Chairperson of Municipal Boards_2020.pdf,,
Assam,2020,Nagaon,Nagaon,Nagaon,25,26,43,ulb_ward,Municipal Board ward,Woman,NONE,1,Women,reserved_only,latin,data/assam/pdfs/Reservation of Wards and post of Chairperson of Municipal Boards_2020.pdf,4,Reservation of Wards and post of Chairperson of Municipal Boards_2020.pdf,,
Assam,2020,Nagaon,Nagaon,Nagaon,26,26,43,ulb_ward,Municipal Board ward,Woman,NONE,1,Women,reserved_only,latin,data/assam/pdfs/Reservation of Wards and post of Chairperson of Municipal Boards_2020.pdf,4,Reservation of Wards and post of Chairperson of Municipal Boards_2020.pdf,,
Assam,2020,Nagaon,Nagaon,Dhing,10,10,44,ulb_ward,Municipal Board ward,SC Other than Woman,SC,0,SC,reserved_only,latin,data/assam/pdfs/Reservation of Wards and post of Chairperson of Municipal Boards_2020.pdf,4,Reservation of Wards and post of Chairperson of Municipal Boards_2020.pdf,,
Assam,2020,Nagaon,Nagaon,Dhing,2,10,44,ulb_ward,Municipal Board ward,Woman,NONE,1,Women,reserved_only,latin,data/assam/pdfs/Reservation of Wards and post of Chairperson of Municipal Boards_2020.pdf,4,Reservation of Wards and post of Chairperson of Municipal Boards_2020.pdf,,
Assam,2020,Nagaon,Nagaon,Dhing,3,10,44,ulb_ward,Municipal Board ward,Woman,NONE,1,Women,reserved_only,latin,data/assam/pdfs/Reservation of Wards and post of Chairperson of Municipal Boards_2020.pdf,4,Reservation of Wards and post of Chairperson of Municipal Boards_2020.pdf,,
Assam,2020,Nagaon,Nagaon,Dhing,5,10,44,ulb_ward,Municipal Board ward,Woman,NONE,1,Women,reserved_only,latin,data/assam/pdfs/Reservation of Wards and post of Chairperson of Municipal Boards_2020.pdf,4,Reservation of Wards and post of Chairperson of Municipal Boards_2020.pdf,,
Assam,2020,Nagaon,Nagaon,Dhing,7,10,44,ulb_ward,Municipal Board ward,Woman,NONE,1,Women,reserved_only,latin,data/assam/pdfs/Reservation of Wards and post of Chairperson of Municipal Boards_2020.pdf,4,Reservation of Wards and post of Chairperson of Municipal Boards_2020.pdf,,
Assam,2020,Nagaon,Nagaon,Dhing,8,10,44,ulb_ward,Municipal Board ward,Woman,NONE,1,Women,reserved_only,latin,data/assam/pdfs/Reservation of Wards and post of Chairperson of Municipal Boards_2020.pdf,4,Reservation of Wards and post of Chairperson of Municipal Boards_2020.pdf,,
Assam,2020,Nagaon,Nagaon,Kampur,8,10,45,ulb_ward,Municipal Board ward,SC Other than Woman,SC,0,SC,reserved_only,latin,data/assam/pdfs/Reservation of Wards and post of Chairperson of Municipal Boards_2020.pdf,4,Reservation of Wards and post of Chairperson of Municipal Boards_2020.pdf,,
Assam,2020,Nagaon,Nagaon,Kampur,1,10,45,ulb_ward,Municipal Board ward,Woman,NONE,1,Women,reserved_only,latin,data/assam/pdfs/Reservation of Wards and post of Chairperson of Municipal Boards_2020.pdf,4,Reservation of Wards and post of Chairperson of Municipal Boards_2020.pdf,,
Assam,2020,Nagaon,Nagaon,Kampur,2,10,45,ulb_ward,Municipal Board ward,Woman,NONE,1,Women,reserved_only,latin,data/assam/pdfs/Reservation of Wards and post of Chairperson of Municipal Boards_2020.pdf,4,Reservation of Wards and post of Chairperson of Municipal Boards_2020.pdf,,
Assam,2020,Nagaon,Nagaon,Kampur,3,10,45,ulb_ward,Municipal Board ward,Woman,NONE,1,Women,reserved_only,latin,data/assam/pdfs/Reservation of Wards and post of Chairperson of Municipal Boards_2020.pdf,4,Reservation of Wards and post of Chairperson of Municipal Boards_2020.pdf,,
Assam,2020,Nagaon,Nagaon,Kampur,4,10,45,ulb_ward,Municipal Board ward,Woman,NONE,1,Women,reserved_only,latin,data/assam/pdfs/Reservation of Wards and post of Chairperson of Municipal Boards_2020.pdf,4,Reservation of Wards and post of Chairperson of Municipal Boards_2020.pdf,,
Assam,2020,Nagaon,Nagaon,Kampur,7,10,45,ulb_ward,Municipal Board ward,Woman,NONE,1,Women,reserved_only,latin,data/assam/pdfs/Reservation of Wards and post of Chairperson of Municipal Boards_2020.pdf,4,Reservation of Wards and post of Chairperson of Municipal Boards_2020.pdf,,
Assam,2020,Nagaon,Nagaon,Raha,6,10,46,ulb_ward,Municipal Board ward,SC Other than Woman,SC,0,SC,reserved_only,latin,data/assam/pdfs/Reservation of Wards and post of Chairperson of Municipal Boards_2020.pdf,4,Reservation of Wards and post of Chairperson of Municipal Boards_2020.pdf,,
Assam,2020,Nagaon,Nagaon,Raha,10,10,46,ulb_ward,Municipal Board ward,SC Other than Woman,SC,0,SC,reserved_only,latin,data/assam/pdfs/Reservation of Wards and post of Chairperson of Municipal Boards_2020.pdf,4,Reservation of Wards and post of Chairperson of Municipal Boards_2020.pdf,,
Assam,2020,Nagaon,Nagaon,Raha,7,10,46,ulb_ward,Municipal Board ward,SC Woman,SC,1,SC (Women),reserved_only,latin,data/assam/pdfs/Reservation of Wards and post of Chairperson of Municipal Boards_2020.pdf,4,Reservation of Wards and post of Chairperson of Municipal Boards_2020.pdf,,
Assam,2020,Nagaon,Nagaon,Raha,4,10,46,ulb_ward,Municipal Board ward,ST Other than Woman,ST,0,ST,reserved_only,latin,data/assam/pdfs/Reservation of Wards and post of Chairperson of Municipal Boards_2020.pdf,4,Reservation of Wards and post of Chairperson of Municipal Boards_2020.pdf,,
Assam,2020,Nagaon,Nagaon,Raha,5,10,46,ulb_ward,Municipal Board ward,ST Other than Woman,ST,0,ST,reserved_only,latin,data/assam/pdfs/Reservation of Wards and post of Chairperson of Municipal Boards_2020.pdf,4,Reservation of Wards and post of Chairperson of Municipal Boards_2020.pdf,,
Assam,2020,Nagaon,Nagaon,Raha,1,10,46,ulb_ward,Municipal Board ward,ST Woman,ST,1,ST (Women),reserved_only,latin,data/assam/pdfs/Reservation of Wards and post of Chairperson of Municipal Boards_2020.pdf,4,Reservation of Wards and post of Chairperson of Municipal Boards_2020.pdf,,
Assam,2020,Nagaon,Nagaon,Raha,2,10,46,ulb_ward,Municipal Board ward,Woman,NONE,1,Women,reserved_only,latin,data/assam/pdfs/Reservation of Wards and post of Chairperson of Municipal Boards_2020.pdf,4,Reservation of Wards and post of Chairperson of Municipal Boards_2020.pdf,,
Assam,2020,Nagaon,Nagaon,Raha,3,10,46,ulb_ward,Municipal Board ward,Woman,NONE,1,Women,reserved_only,latin,data/assam/pdfs/Reservation of Wards and post of Chairperson of Municipal Boards_2020.pdf,4,Reservation of Wards and post of Chairperson of Municipal Boards_2020.pdf,,
Assam,2020,Nagaon,Nagaon,Raha,8,10,46,ulb_ward,Municipal Board ward,Woman,NONE,1,Women,reserved_only,latin,data/assam/pdfs/Reservation of Wards and post of Chairperson of Municipal Boards_2020.pdf,4,Reservation of Wards and post of Chairperson of Municipal Boards_2020.pdf,,
Assam,2020,Morigaon,Morigaon,Morigaon,5,11,47,ulb_ward,Municipal Board ward,SC Other than Woman,SC,0,SC,reserved_only,latin,data/assam/pdfs/Reservation of Wards and post of Chairperson of Municipal Boards_2020.pdf,4,Reservation of Wards and post of Chairperson of Municipal Boards_2020.pdf,,
Assam,2020,Morigaon,Morigaon,Morigaon,6,11,47,ulb_ward,Municipal Board ward,SC Woman,SC,1,SC (Women),reserved_only,latin,data/assam/pdfs/Reservation of Wards and post of Chairperson of Municipal Boards_2020.pdf,4,Reservation of Wards and post of Chairperson of Municipal Boards_2020.pdf,,
Assam,2020,Morigaon,Morigaon,Morigaon,10,11,47,ulb_ward,Municipal Board ward,ST Other than Woman,ST,0,ST,reserved_only,latin,data/assam/pdfs/Reservation of Wards and post of Chairperson of Municipal Boards_2020.pdf,4,Reservation of Wards and post of Chairperson of Municipal Boards_2020.pdf,,
Assam,2020,Morigaon,Morigaon,Morigaon,3,11,47,ulb_ward,Municipal Board ward,Woman,NONE,1,Women,reserved_only,latin,data/assam/pdfs/Reservation of Wards and post of Chairperson of Municipal Boards_2020.pdf,4,Reservation of Wards and post of Chairperson of Municipal Boards_2020.pdf,,
Assam,2020,Morigaon,Morigaon,Morigaon,4,11,47,ulb_ward,Municipal Board ward,Woman,NONE,1,Women,reserved_only,latin,data/assam/pdfs/Reservation of Wards and post of Chairperson of Municipal Boards_2020.pdf,4,Reservation of Wards and post of Chairperson of Municipal Boards_2020.pdf,,
Assam,2020,Morigaon,Morigaon,Morigaon,7,11,47,ulb_ward,Municipal Board ward,Woman,NONE,1,Women,reserved_only,latin,data/assam/pdfs/Reservation of Wards and post of Chairperson of Municipal Boards_2020.pdf,4,Reservation of Wards and post of Chairperson of Municipal Boards_2020.pdf,,
Assam,2020,Morigaon,Morigaon,Morigaon,9,11,47,ulb_ward,Municipal Board ward,Woman,NONE,1,Women,reserved_only,latin,data/assam/pdfs/Reservation of Wards and post of Chairperson of Municipal Boards_2020.pdf,4,Reservation of Wards and post of Chairperson of Municipal Boards_2020.pdf,,
Assam,2020,Hojai,Hojai,Hojai,13,19,48,ulb_ward,Municipal Board ward,SC Other than Woman,SC,0,SC,reserved_only,latin,data/assam/pdfs/Reservation of Wards and post of Chairperson of Municipal Boards_2020.pdf,4,Reservation of Wards and post of Chairperson of Municipal Boards_2020.pdf,,
Assam,2020,Hojai,Hojai,Hojai,6,19,48,ulb_ward,Municipal Board ward,SC Woman,SC,1,SC (Women),reserved_only,latin,data/assam/pdfs/Reservation of Wards and post of Chairperson of Municipal Boards_2020.pdf,4,Reservation of Wards and post of Chairperson of Municipal Boards_2020.pdf,,
Assam,2020,Hojai,Hojai,Hojai,2,19,48,ulb_ward,Municipal Board ward,Woman,NONE,1,Women,reserved_only,latin,data/assam/pdfs/Reservation of Wards and post of Chairperson of Municipal Boards_2020.pdf,4,Reservation of Wards and post of Chairperson of Municipal Boards_2020.pdf,,
Assam,2020,Hojai,Hojai,Hojai,4,19,48,ulb_ward,Municipal Board ward,Woman,NONE,1,Women,reserved_only,latin,data/assam/pdfs/Reservation of Wards and post of Chairperson of Municipal Boards_2020.pdf,4,Reservation of Wards and post of Chairperson of Municipal Boards_2020.pdf,,
Assam,2020,Hojai,Hojai,Hojai,10,19,48,ulb_ward,Municipal Board ward,Woman,NONE,1,Women,reserved_only,latin,data/assam/pdfs/Reservation of Wards and post of Chairperson of Municipal Boards_2020.pdf,4,Reservation of Wards and post of Chairperson of Municipal Boards_2020.pdf,,
Assam,2020,Hojai,Hojai,Hojai,11,19,48,ulb_ward,Municipal Board ward,Woman,NONE,1,Women,reserved_only,latin,data/assam/pdfs/Reservation of Wards and post of Chairperson of Municipal Boards_2020.pdf,4,Reservation of Wards and post of Chairperson of Municipal Boards_2020.pdf,,
Assam,2020,Hojai,Hojai,Hojai,14,19,48,ulb_ward,Municipal Board ward,Woman,NONE,1,Women,reserved_only,latin,data/assam/pdfs/Reservation of Wards and post of Chairperson of Municipal Boards_2020.pdf,4,Reservation of Wards and post of Chairperson of Municipal Boards_2020.pdf,,
Assam,2020,Hojai,Hojai,Hojai,15,19,48,ulb_ward,Municipal Board ward,Woman,NONE,1,Women,reserved_only,latin,data/assam/pdfs/Reservation of Wards and post of Chairperson of Municipal Boards_2020.pdf,4,Reservation of Wards and post of Chairperson of Municipal Boards_2020.pdf,,
Assam,2020,Hojai,Hojai,Hojai,16,19,48,ulb_ward,Municipal Board ward,Woman,NONE,1,Women,reserved_only,latin,data/assam/pdfs/Reservation of Wards and post of Chairperson of Municipal Boards_2020.pdf,4,Reservation of Wards and post of Chairperson of Municipal Boards_2020.pdf,,
Assam,2020,Hojai,Hojai,Hojai,17,19,48,ulb_ward,Municipal Board ward,Woman,NONE,1,Women,reserved_only,latin,data/assam/pdfs/Reservation of Wards and post of Chairperson of Municipal Boards_2020.pdf,4,Reservation of Wards and post of Chairperson of Municipal Boards_2020.pdf,,
Assam,2020,Hojai,Hojai,Lanka,4,11,49,ulb_ward,Municipal Board ward,SC Other than Woman,SC,0,SC,reserved_only,latin,data/assam/pdfs/Reservation of Wards and post of Chairperson of Municipal Boards_2020.pdf,4,Reservation of Wards and post of Chairperson of Municipal Boards_2020.pdf,,
Assam,2020,Hojai,Hojai,Lanka,1,11,49,ulb_ward,Municipal Board ward,SC Woman,SC,1,SC (Women),reserved_only,latin,data/assam/pdfs/Reservation of Wards and post of Chairperson of Municipal Boards_2020.pdf,4,Reservation of Wards and post of Chairperson of Municipal Boards_2020.pdf,,
Assam,2020,Hojai,Hojai,Lanka,5,11,49,ulb_ward,Municipal Board ward,Woman,NONE,1,Women,reserved_only,latin,data/assam/pdfs/Reservation of Wards and post of Chairperson of Municipal Boards_2020.pdf,4,Reservation of Wards and post of Chairperson of Municipal Boards_2020.pdf,,
Assam,2020,Hojai,Hojai,Lanka,6,11,49,ulb_ward,Municipal Board ward,Woman,NONE,1,Women,reserved_only,latin,data/assam/pdfs/Reservation of Wards and post of Chairperson of Municipal Boards_2020.pdf,4,Reservation of Wards and post of Chairperson of Municipal Boards_2020.pdf,,
Assam,2020,Hojai,Hojai,Lanka,9,11,49,ulb_ward,Municipal Board ward,Woman,NONE,1,Women,reserved_only,latin,data/assam/pdfs/Reservation of Wards and post of Chairperson of Municipal Boards_2020.pdf,4,Reservation of Wards and post of Chairperson of Municipal Boards_2020.pdf,,
Assam,2020,Hojai,Hojai,Lanka,10,11,49,ulb_ward,Municipal Board ward,Woman,NONE,1,Women,reserved_only,latin,data/assam/pdfs/Reservation of Wards and post of Chairperson of Municipal Boards_2020.pdf,4,Reservation of Wards and post of Chairperson of Municipal Boards_2020.pdf,,
Assam,2020,Hojai,Hojai,Lumding,11,13,50,ulb_ward,Municipal Board ward,SC Other than Woman,SC,0,SC,reserved_only,latin,data/assam/pdfs/Reservation of Wards and post of Chairperson of Municipal Boards_2020.pdf,4,Reservation of Wards and post of Chairperson of Municipal Boards_2020.pdf,,
Assam,2020,Hojai,Hojai,Lumding,1,13,50,ulb_ward,Municipal Board ward,Woman,NONE,1,Women,reserved_only,latin,data/assam/pdfs/Reservation of Wards and post of Chairperson of Municipal Boards_2020.pdf,4,Reservation of Wards and post of Chairperson of Municipal Boards_2020.pdf,,
Assam,2020,Hojai,Hojai,Lumding,3,13,50,ulb_ward,Municipal Board ward,Woman,NONE,1,Women,reserved_only,latin,data/assam/pdfs/Reservation of Wards and post of Chairperson of Municipal Boards_2020.pdf,4,Reservation of Wards and post of Chairperson of Municipal Boards_2020.pdf,,
Assam,2020,Hojai,Hojai,Lumding,5,13,50,ulb_ward,Municipal Board ward,Woman,NONE,1,Women,reserved_only,latin,data/assam/pdfs/Reservation of Wards and post of Chairperson of Municipal Boards_2020.pdf,4,Reservation of Wards and post of Chairperson of Municipal Boards_2020.pdf,,
Assam,2020,Hojai,Hojai,Lumding,9,13,50,ulb_ward,Municipal Board ward,Woman,NONE,1,Women,reserved_only,latin,data/assam/pdfs/Reservation of Wards and post of Chairperson of Municipal Boards_2020.pdf,4,Reservation of Wards and post of Chairperson of Municipal Boards_2020.pdf,,
Assam,2020,Hojai,Hojai,Lumding,10,13,50,ulb_ward,Municipal Board ward,Woman,NONE,1,Women,reserved_only,latin,data/assam/pdfs/Reservation of Wards and post of Chairperson of Municipal Boards_2020.pdf,4,Reservation of Wards and post of Chairperson of Municipal Boards_2020.pdf,,
Assam,2020,Hojai,Hojai,Lumding,13,13,50,ulb_ward,Municipal Board ward,Woman,NONE,1,Women,reserved_only,latin,data/assam/pdfs/Reservation of Wards and post of Chairperson of Municipal Boards_2020.pdf,4,Reservation of Wards and post of Chairperson of Municipal Boards_2020.pdf,,
Assam,2020,Hojai,Hojai,Doboka,2,10,51,ulb_ward,Municipal Board ward,Woman,NONE,1,Women,reserved_only,latin,data/assam/pdfs/Reservation of Wards and post of Chairperson of Municipal Boards_2020.pdf,4,Reservation of Wards and post of Chairperson of Municipal Boards_2020.pdf,,
Assam,2020,Hojai,Hojai,Doboka,4,10,51,ulb_ward,Municipal Board ward,Woman,NONE,1,Women,reserved_only,latin,data/assam/pdfs/Reservation of Wards and post of Chairperson of Municipal Boards_2020.pdf,4,Reservation of Wards and post of Chairperson of Municipal Boards_2020.pdf,,
Assam,2020,Hojai,Hojai,Doboka,6,10,51,ulb_ward,Municipal Board ward,Woman,NONE,1,Women,reserved_only,latin,data/assam/pdfs/Reservation of Wards and post of Chairperson of Municipal Boards_2020.pdf,4,Reservation of Wards and post of Chairperson of Municipal Boards_2020.pdf,,
Assam,2020,Hojai,Hojai,Doboka,9,10,51,ulb_ward,Municipal Board ward,Woman,NONE,1,Women,reserved_only,latin,data/assam/pdfs/Reservation of Wards and post of Chairperson of Municipal Boards_2020.pdf,4,Reservation of Wards and post of Chairperson of Municipal Boards_2020.pdf,,
Assam,2020,Hojai,Hojai,Doboka,10,10,51,ulb_ward,Municipal Board ward,Woman,NONE,1,Women,reserved_only,latin,data/assam/pdfs/Reservation of Wards and post of Chairperson of Municipal Boards_2020.pdf,4,Reservation of Wards and post of Chairperson of Municipal Boards_2020.pdf,,
Assam,2020,Cachar,Silchar,Silchar,17,28,52,ulb_ward,Municipal Board ward,SC Other than Woman,SC,0,SC,reserved_only,latin,data/assam/pdfs/Reservation of Wards and post of Chairperson of Municipal Boards_2020.pdf,4,Reservation of Wards and post of Chairperson of Municipal Boards_2020.pdf,,
Assam,2020,Cachar,Silchar,Silchar,25,28,52,ulb_ward,Municipal Board ward,SC Other than Woman,SC,0,SC,reserved_only,latin,data/assam/pdfs/Reservation of Wards and post of Chairperson of Municipal Boards_2020.pdf,4,Reservation of Wards and post of Chairperson of Municipal Boards_2020.pdf,,
Assam,2020,Cachar,Silchar,Silchar,14,28,52,ulb_ward,Municipal Board ward,SC Woman,SC,1,SC (Women),reserved_only,latin,data/assam/pdfs/Reservation of Wards and post of Chairperson of Municipal Boards_2020.pdf,4,Reservation of Wards and post of Chairperson of Municipal Boards_2020.pdf,,
Assam,2020,Cachar,Silchar,Silchar,20,28,52,ulb_ward,Municipal Board ward,SC Woman,SC,1,SC (Women),reserved_only,latin,data/assam/pdfs/Reservation of Wards and post of Chairperson of Municipal Boards_2020.pdf,4,Reservation of Wards and post of Chairperson of Municipal Boards_2020.pdf,,
Assam,2020,Cachar,Silchar,Silchar,2,28,52,ulb_ward,Municipal Board ward,Woman,NONE,1,Women,reserved_only,latin,data/assam/pdfs/Reservation of Wards and post of Chairperson of Municipal Boards_2020.pdf,4,Reservation of Wards and post of Chairperson of Municipal Boards_2020.pdf,,
Assam,2020,Cachar,Silchar,Silchar,3,28,52,ulb_ward,Municipal Board ward,Woman,NONE,1,Women,reserved_only,latin,data/assam/pdfs/Reservation of Wards and post of Chairperson of Municipal Boards_2020.pdf,4,Reservation of Wards and post of Chairperson of Municipal Boards_2020.pdf,,
Assam,2020,Cachar,Silchar,Silchar,4,28,52,ulb_ward,Municipal Board ward,Woman,NONE,1,Women,reserved_only,latin,data/assam/pdfs/Reservation of Wards and post of Chairperson of Municipal Boards_2020.pdf,4,Reservation of Wards and post of Chairperson of Municipal Boards_2020.pdf,,
Assam,2020,Cachar,Silchar,Silchar,8,28,52,ulb_ward,Municipal Board ward,Woman,NONE,1,Women,reserved_only,latin,data/assam/pdfs/Reservation of Wards and post of Chairperson of Municipal Boards_2020.pdf,4,Reservation of Wards and post of Chairperson of Municipal Boards_2020.pdf,,
Assam,2020,Cachar,Silchar,Silchar,9,28,52,ulb_ward,Municipal Board ward,Woman,NONE,1,Women,reserved_only,latin,data/assam/pdfs/Reservation of Wards and post of Chairperson of Municipal Boards_2020.pdf,4,Reservation of Wards and post of Chairperson of Municipal Boards_2020.pdf,,
Assam,2020,Cachar,Silchar,Silchar,11,28,52,ulb_ward,Municipal Board ward,Woman,NONE,1,Women,reserved_only,latin,data/assam/pdfs/Reservation of Wards and post of Chairperson of Municipal Boards_2020.pdf,4,Reservation of Wards and post of Chairperson of Municipal Boards_2020.pdf,,
Assam,2020,Cachar,Silchar,Silchar,16,28,52,ulb_ward,Municipal Board ward,Woman,NONE,1,Women,reserved_only,latin,data/assam/pdfs/Reservation of Wards and post of Chairperson of Municipal Boards_2020.pdf,4,Reservation of Wards and post of Chairperson of Municipal Boards_2020.pdf,,
Assam,2020,Cachar,Silchar,Silchar,18,28,52,ulb_ward,Municipal Board ward,Woman,NONE,1,Women,reserved_only,latin,data/assam/pdfs/Reservation of Wards and post of Chairperson of Municipal Boards_2020.pdf,4,Reservation of Wards and post of Chairperson of Municipal Boards_2020.pdf,,
Assam,2020,Cachar,Silchar,Silchar,22,28,52,ulb_ward,Municipal Board ward,Woman,NONE,1,Women,reserved_only,latin,data/assam/pdfs/Reservation of Wards and post of Chairperson of Municipal Boards_2020.pdf,4,Reservation of Wards and post of Chairperson of Municipal Boards_2020.pdf,,
Assam,2020,Cachar,Silchar,Silchar,23,28,52,ulb_ward,Municipal Board ward,Woman,NONE,1,Women,reserved_only,latin,data/assam/pdfs/Reservation of Wards and post of Chairperson of Municipal Boards_2020.pdf,4,Reservation of Wards and post of Chairperson of Municipal Boards_2020.pdf,,
Assam,2020,Cachar,Silchar,Silchar,26,28,52,ulb_ward,Municipal Board ward,Woman,NONE,1,Women,reserved_only,latin,data/assam/pdfs/Reservation of Wards and post of Chairperson of Municipal Boards_2020.pdf,4,Reservation of Wards and post of Chairperson of Municipal Boards_2020.pdf,,
Assam,2020,Cachar,Silchar,Silchar,28,28,52,ulb_ward,Municipal Board ward,Woman,NONE,1,Women,reserved_only,latin,data/assam/pdfs/Reservation of Wards and post of Chairperson of Municipal Boards_2020.pdf,4,Reservation of Wards and post of Chairperson of Municipal Boards_2020.pdf,,
Assam,2020,Cachar,Silchar,Sonai,3,11,53,ulb_ward,Municipal Board ward,SC Other than Woman,SC,0,SC,reserved_only,latin,data/assam/pdfs/Reservation of Wards and post of Chairperson of Municipal Boards_2020.pdf,4,Reservation of Wards and post of Chairperson of Municipal Boards_2020.pdf,,
Assam,2020,Cachar,Silchar,Sonai,4,11,53,ulb_ward,Municipal Board ward,SC Woman,SC,1,SC (Women),reserved_only,latin,data/assam/pdfs/Reservation of Wards and post of Chairperson of Municipal Boards_2020.pdf,4,Reservation of Wards and post of Chairperson of Municipal Boards_2020.pdf,,
Assam,2020,Cachar,Silchar,Sonai,5,11,53,ulb_ward,Municipal Board ward,Woman,NONE,1,Women,reserved_only,latin,data/assam/pdfs/Reservation of Wards and post of Chairperson of Municipal Boards_2020.pdf,4,Reservation of Wards and post of Chairperson of Municipal Boards_2020.pdf,,
Assam,2020,Cachar,Silchar,Sonai,6,11,53,ulb_ward,Municipal Board ward,Woman,NONE,1,Women,reserved_only,latin,data/assam/pdfs/Reservation of Wards and post of Chairperson of Municipal Boards_2020.pdf,4,Reservation of Wards and post of Chairperson of Municipal Boards_2020.pdf,,
Assam,2020,Cachar,Silchar,Sonai,9,11,53,ulb_ward,Municipal Board ward,Woman,NONE,1,Women,reserved_only,latin,data/assam/pdfs/Reservation of Wards and post of Chairperson of Municipal Boards_2020.pdf,4,Reservation of Wards and post of Chairperson of Municipal Boards_2020.pdf,,
Assam,2020,Cachar,Silchar,Sonai,11,11,53,ulb_ward,Municipal Board ward,Woman,NONE,1,Women,reserved_only,latin,data/assam/pdfs/Reservation of Wards and post of Chairperson of Municipal Boards_2020.pdf,4,Reservation of Wards and post of Chairperson of Municipal Boards_2020.pdf,,
Assam,2020,Cachar,Lakhipur,Lakhipur,1,10,54,ulb_ward,Municipal Board ward,Woman,NONE,1,Women,reserved_only,latin,data/assam/pdfs/Reservation of Wards and post of Chairperson of Municipal Boards_2020.pdf,4,Reservation of Wards and post of Chairperson of Municipal Boards_2020.pdf,,
Assam,2020,Cachar,Lakhipur,Lakhipur,3,10,54,ulb_ward,Municipal Board ward,Woman,NONE,1,Women,reserved_only,latin,data/assam/pdfs/Reservation of Wards and post of Chairperson of Municipal Boards_2020.pdf,4,Reservation of Wards and post of Chairperson of Municipal Boards_2020.pdf,,
Assam,2020,Cachar,Lakhipur,Lakhipur,4,10,54,ulb_ward,Municipal Board ward,Woman,NONE,1,Women,reserved_only,latin,data/assam/pdfs/Reservation of Wards and post of Chairperson of Municipal Boards_2020.pdf,4,Reservation of Wards and post of Chairperson of Municipal Boards_2020.pdf,,
Assam,2020,Cachar,Lakhipur,Lakhipur,7,10,54,ulb_ward,Municipal Board ward,Woman,NONE,1,Women,reserved_only,latin,data/assam/pdfs/Reservation of Wards and post of Chairperson of Municipal Boards_2020.pdf,4,Reservation of Wards and post of Chairperson of Municipal Boards_2020.pdf,,
Assam,2020,Cachar,Lakhipur,Lakhipur,10,10,54,ulb_ward,Municipal Board ward,Woman,NONE,1,Women,reserved_only,latin,data/assam/pdfs/Reservation of Wards and post of Chairperson of Municipal Boards_2020.pdf,4,Reservation of Wards and post of Chairperson of Municipal Boards_2020.pdf,,
Assam,2020,Hailakandi,Hailakandi,Hailakandi,2,16,55,ulb_ward,Municipal Board ward,SC Other than Woman,SC,0,SC,reserved_only,latin,data/assam/pdfs/Reservation of Wards and post of Chairperson of Municipal Boards_2020.pdf,4,Reservation of Wards and post of Chairperson of Municipal Boards_2020.pdf,,
Assam,2020,Hailakandi,Hailakandi,Hailakandi,3,16,55,ulb_ward,Municipal Board ward,Woman,NONE,1,Women,reserved_only,latin,data/assam/pdfs/Reservation of Wards and post of Chairperson of Municipal Boards_2020.pdf,4,Reservation of Wards and post of Chairperson of Municipal Boards_2020.pdf,,
Assam,2020,Hailakandi,Hailakandi,Hailakandi,6,16,55,ulb_ward,Municipal Board ward,Woman,NONE,1,Women,reserved_only,latin,data/assam/pdfs/Reservation of Wards and post of Chairperson of Municipal Boards_2020.pdf,4,Reservation of Wards and post of Chairperson of Municipal Boards_2020.pdf,,
Assam,2020,Hailakandi,Hailakandi,Hailakandi,7,16,55,ulb_ward,Municipal Board ward,Woman,NONE,1,Women,reserved_only,latin,data/assam/pdfs/Reservation of Wards and post of Chairperson of Municipal Boards_2020.pdf,4,Reservation of Wards and post of Chairperson of Municipal Boards_2020.pdf,,
Assam,2020,Hailakandi,Hailakandi,Hailakandi,8,16,55,ulb_ward,Municipal Board ward,Woman,NONE,1,Women,reserved_only,latin,data/assam/pdfs/Reservation of Wards and post of Chairperson of Municipal Boards_2020.pdf,4,Reservation of Wards and post of Chairperson of Municipal Boards_2020.pdf,,
Assam,2020,Hailakandi,Hailakandi,Hailakandi,10,16,55,ulb_ward,Municipal Board ward,Woman,NONE,1,Women,reserved_only,latin,data/assam/pdfs/Reservation of Wards and post of Chairperson of Municipal Boards_2020.pdf,4,Reservation of Wards and post of Chairperson of Municipal Boards_2020.pdf,,
Assam,2020,Hailakandi,Hailakandi,Hailakandi,12,16,55,ulb_ward,Municipal Board ward,Woman,NONE,1,Women,reserved_only,latin,data/assam/pdfs/Reservation of Wards and post of Chairperson of Municipal Boards_2020.pdf,4,Reservation of Wards and post of Chairperson of Municipal Boards_2020.pdf,,
Assam,2020,Hailakandi,Hailakandi,Hailakandi,13,16,55,ulb_ward,Municipal Board ward,Woman,NONE,1,Women,reserved_only,latin,data/assam/pdfs/Reservation of Wards and post of Chairperson of Municipal Boards_2020.pdf,4,Reservation of Wards and post of Chairperson of Municipal Boards_2020.pdf,,
Assam,2020,Hailakandi,Hailakandi,Hailakandi,16,16,55,ulb_ward,Municipal Board ward,Woman,NONE,1,Women,reserved_only,latin,data/assam/pdfs/Reservation of Wards and post of Chairperson of Municipal Boards_2020.pdf,4,Reservation of Wards and post of Chairperson of Municipal Boards_2020.pdf,,
Assam,2020,Hailakandi,Hailakandi,Lala,9,10,56,ulb_ward,Municipal Board ward,SC Other than Woman,SC,0,SC,reserved_only,latin,data/assam/pdfs/Reservation of Wards and post of Chairperson of Municipal Boards_2020.pdf,4,Reservation of Wards and post of Chairperson of Municipal Boards_2020.pdf,,
Assam,2020,Hailakandi,Hailakandi,Lala,2,10,56,ulb_ward,Municipal Board ward,SC Woman,SC,1,SC (Women),reserved_only,latin,data/assam/pdfs/Reservation of Wards and post of Chairperson of Municipal Boards_2020.pdf,4,Reservation of Wards and post of Chairperson of Municipal Boards_2020.pdf,,
Assam,2020,Hailakandi,Hailakandi,Lala,1,10,56,ulb_ward,Municipal Board ward,Woman,NONE,1,Women,reserved_only,latin,data/assam/pdfs/Reservation of Wards and post of Chairperson of Municipal Boards_2020.pdf,4,Reservation of Wards and post of Chairperson of Municipal Boards_2020.pdf,,
Assam,2020,Hailakandi,Hailakandi,Lala,4,10,56,ulb_ward,Municipal Board ward,Woman,NONE,1,Women,reserved_only,latin,data/assam/pdfs/Reservation of Wards and post of Chairperson of Municipal Boards_2020.pdf,4,Reservation of Wards and post of Chairperson of Municipal Boards_2020.pdf,,
Assam,2020,Hailakandi,Hailakandi,Lala,7,10,56,ulb_ward,Municipal Board ward,Woman,NONE,1,Women,reserved_only,latin,data/assam/pdfs/Reservation of Wards and post of Chairperson of Municipal Boards_2020.pdf,4,Reservation of Wards and post of Chairperson of Municipal Boards_2020.pdf,,
Assam,2020,Hailakandi,Hailakandi,Lala,8,10,56,ulb_ward,Municipal Board ward,Woman,NONE,1,Women,reserved_only,latin,data/assam/pdfs/Reservation of Wards and post of Chairperson of Municipal Boards_2020.pdf,4,Reservation of Wards and post of Chairperson of Municipal Boards_2020.pdf,,
Assam,2020,Goalpara,Goalpara,Goalpara,15,19,57,ulb_ward,Municipal Board ward,SC Other than Woman,SC,0,SC,reserved_only,latin,data/assam/pdfs/Reservation of Wards and post of Chairperson of Municipal Boards_2020.pdf,5,Reservation of Wards and post of Chairperson of Municipal Boards_2020.pdf,,
Assam,2020,Goalpara,Goalpara,Goalpara,9,19,57,ulb_ward,Municipal Board ward,SC Woman,SC,1,SC (Women),reserved_only,latin,data/assam/pdfs/Reservation of Wards and post of Chairperson of Municipal Boards_2020.pdf,5,Reservation of Wards and post of Chairperson of Municipal Boards_2020.pdf,,
Assam,2020,Goalpara,Goalpara,Goalpara,17,19,57,ulb_ward,Municipal Board ward,ST Other than Woman,ST,0,ST,reserved_only,latin,data/assam/pdfs/Reservation of Wards and post of Chairperson of Municipal Boards_2020.pdf,5,Reservation of Wards and post of Chairperson of Municipal Boards_2020.pdf,,
Assam,2020,Goalpara,Goalpara,Goalpara,1,19,57,ulb_ward,Municipal Board ward,Woman,NONE,1,Women,reserved_only,latin,data/assam/pdfs/Reservation of Wards and post of Chairperson of Municipal Boards_2020.pdf,5,Reservation of Wards and post of Chairperson of Municipal Boards_2020.pdf,,
Assam,2020,Goalpara,Goalpara,Goalpara,3,19,57,ulb_ward,Municipal Board ward,Woman,NONE,1,Women,reserved_only,latin,data/assam/pdfs/Reservation of Wards and post of Chairperson of Municipal Boards_2020.pdf,5,Reservation of Wards and post of Chairperson of Municipal Boards_2020.pdf,,
Assam,2020,Goalpara,Goalpara,Goalpara,4,19,57,ulb_ward,Municipal Board ward,Woman,NONE,1,Women,reserved_only,latin,data/assam/pdfs/Reservation of Wards and post of Chairperson of Municipal Boards_2020.pdf,5,Reservation of Wards and post of Chairperson of Municipal Boards_2020.pdf,,
Assam,2020,Goalpara,Goalpara,Goalpara,6,19,57,ulb_ward,Municipal Board ward,Woman,NONE,1,Women,reserved_only,latin,data/assam/pdfs/Reservation of Wards and post of Chairperson of Municipal Boards_2020.pdf,5,Reservation of Wards and post of Chairperson of Municipal Boards_2020.pdf,,
Assam,2020,Goalpara,Goalpara,Goalpara,7,19,57,ulb_ward,Municipal Board ward,Woman,NONE,1,Women,reserved_only,latin,data/assam/pdfs/Reservation of Wards and post of Chairperson of Municipal Boards_2020.pdf,5,Reservation of Wards and post of Chairperson of Municipal Boards_2020.pdf,,
Assam,2020,Goalpara,Goalpara,Goalpara,8,19,57,ulb_ward,Municipal Board ward,Woman,NONE,1,Women,reserved_only,latin,data/assam/pdfs/Reservation of Wards and post of Chairperson of Municipal Boards_2020.pdf,5,Reservation of Wards and post of Chairperson of Municipal Boards_2020.pdf,,
Assam,2020,Goalpara,Goalpara,Goalpara,10,19,57,ulb_ward,Municipal Board ward,Woman,NONE,1,Women,reserved_only,latin,data/assam/pdfs/Reservation of Wards and post of Chairperson of Municipal Boards_2020.pdf,5,Reservation of Wards and post of Chairperson of Municipal Boards_2020.pdf,,
Assam,2020,Goalpara,Goalpara,Goalpara,19,19,57,ulb_ward,Municipal Board ward,Woman,NONE,1,Women,reserved_only,latin,data/assam/pdfs/Reservation of Wards and post of Chairperson of Municipal Boards_2020.pdf,5,Reservation of Wards and post of Chairperson of Municipal Boards_2020.pdf,,
Assam,2020,Goalpara,Lakhipur,Lakhipur,10,10,58,ulb_ward,Municipal Board ward,SC Other than Woman,SC,0,SC,reserved_only,latin,data/assam/pdfs/Reservation of Wards and post of Chairperson of Municipal Boards_2020.pdf,5,Reservation of Wards and post of Chairperson of Municipal Boards_2020.pdf,,
Assam,2020,Goalpara,Lakhipur,Lakhipur,8,10,58,ulb_ward,Municipal Board ward,ST Other than Woman,ST,0,ST,reserved_only,latin,data/assam/pdfs/Reservation of Wards and post of Chairperson of Municipal Boards_2020.pdf,5,Reservation of Wards and post of Chairperson of Municipal Boards_2020.pdf,,
Assam,2020,Goalpara,Lakhipur,Lakhipur,1,10,58,ulb_ward,Municipal Board ward,Woman,NONE,1,Women,reserved_only,latin,data/assam/pdfs/Reservation of Wards and post of Chairperson of Municipal Boards_2020.pdf,5,Reservation of Wards and post of Chairperson of Municipal Boards_2020.pdf,,
Assam,2020,Goalpara,Lakhipur,Lakhipur,3,10,58,ulb_ward,Municipal Board ward,Woman,NONE,1,Women,reserved_only,latin,data/assam/pdfs/Reservation of Wards and post of Chairperson of Municipal Boards_2020.pdf,5,Reservation of Wards and post of Chairperson of Municipal Boards_2020.pdf,,
Assam,2020,Goalpara,Lakhipur,Lakhipur,5,10,58,ulb_ward,Municipal Board ward,Woman,NONE,1,Women,reserved_only,latin,data/assam/pdfs/Reservation of Wards and post of Chairperson of Municipal Boards_2020.pdf,5,Reservation of Wards and post of Chairperson of Municipal Boards_2020.pdf,,
Assam,2020,Goalpara,Lakhipur,Lakhipur,6,10,58,ulb_ward,Municipal Board ward,Woman,NONE,1,Women,reserved_only,latin,data/assam/pdfs/Reservation of Wards and post of Chairperson of Municipal Boards_2020.pdf,5,Reservation of Wards and post of Chairperson of Municipal Boards_2020.pdf,,
Assam,2020,Goalpara,Lakhipur,Lakhipur,7,10,58,ulb_ward,Municipal Board ward,Woman,NONE,1,Women,reserved_only,latin,data/assam/pdfs/Reservation of Wards and post of Chairperson of Municipal Boards_2020.pdf,5,Reservation of Wards and post of Chairperson of Municipal Boards_2020.pdf,,
Assam,2020,Dhubri,Dhubri,Dhubri,10,16,59,ulb_ward,Municipal Board ward,SC Other than Woman,SC,0,SC,reserved_only,latin,data/assam/pdfs/Reservation of Wards and post of Chairperson of Municipal Boards_2020.pdf,5,Reservation of Wards and post of Chairperson of Municipal Boards_2020.pdf,,
Assam,2020,Dhubri,Dhubri,Dhubri,14,16,59,ulb_ward,Municipal Board ward,SC Other than Woman,SC,0,SC,reserved_only,latin,data/assam/pdfs/Reservation of Wards and post of Chairperson of Municipal Boards_2020.pdf,5,Reservation of Wards and post of Chairperson of Municipal Boards_2020.pdf,,
Assam,2020,Dhubri,Dhubri,Dhubri,13,16,59,ulb_ward,Municipal Board ward,SC Woman,SC,1,SC (Women),reserved_only,latin,data/assam/pdfs/Reservation of Wards and post of Chairperson of Municipal Boards_2020.pdf,5,Reservation of Wards and post of Chairperson of Municipal Boards_2020.pdf,,
Assam,2020,Dhubri,Dhubri,Dhubri,4,16,59,ulb_ward,Municipal Board ward,Woman,NONE,1,Women,reserved_only,latin,data/assam/pdfs/Reservation of Wards and post of Chairperson of Municipal Boards_2020.pdf,5,Reservation of Wards and post of Chairperson of Municipal Boards_2020.pdf,,
Assam,2020,Dhubri,Dhubri,Dhubri,6,16,59,ulb_ward,Municipal Board ward,Woman,NONE,1,Women,reserved_only,latin,data/assam/pdfs/Reservation of Wards and post of Chairperson of Municipal Boards_2020.pdf,5,Reservation of Wards and post of Chairperson of Municipal Boards_2020.pdf,,
Assam,2020,Dhubri,Dhubri,Dhubri,7,16,59,ulb_ward,Municipal Board ward,Woman,NONE,1,Women,reserved_only,latin,data/assam/pdfs/Reservation of Wards and post of Chairperson of Municipal Boards_2020.pdf,5,Reservation of Wards and post of Chairperson of Municipal Boards_2020.pdf,,
Assam,2020,Dhubri,Dhubri,Dhubri,8,16,59,ulb_ward,Municipal Board ward,Woman,NONE,1,Women,reserved_only,latin,data/assam/pdfs/Reservation of Wards and post of Chairperson of Municipal Boards_2020.pdf,5,Reservation of Wards and post of Chairperson of Municipal Boards_2020.pdf,,
Assam,2020,Dhubri,Dhubri,Dhubri,9,16,59,ulb_ward,Municipal Board ward,Woman,NONE,1,Women,reserved_only,latin,data/assam/pdfs/Reservation of Wards and post of Chairperson of Municipal Boards_2020.pdf,5,Reservation of Wards and post of Chairperson of Municipal Boards_2020.pdf,,
Assam,2020,Dhubri,Dhubri,Dhubri,15,16,59,ulb_ward,Municipal Board ward,Woman,NONE,1,Women,reserved_only,latin,data/assam/pdfs/Reservation of Wards and post of Chairperson of Municipal Boards_2020.pdf,5,Reservation of Wards and post of Chairperson of Municipal Boards_2020.pdf,,
Assam,2020,Dhubri,Dhubri,Dhubri,16,16,59,ulb_ward,Municipal Board ward,Woman,NONE,1,Women,reserved_only,latin,data/assam/pdfs/Reservation of Wards and post of Chairperson of Municipal Boards_2020.pdf,5,Reservation of Wards and post of Chairperson of Municipal Boards_2020.pdf,,
Assam,2020,Dhubri,Dhubri,Gauripur,5,13,60,ulb_ward,Municipal Board ward,SC Other than Woman,SC,0,SC,reserved_only,latin,data/assam/pdfs/Reservation of Wards and post of Chairperson of Municipal Boards_2020.pdf,5,Reservation of Wards and post of Chairperson of Municipal Boards_2020.pdf,,
Assam,2020,Dhubri,Dhubri,Gauripur,1,13,60,ulb_ward,Municipal Board ward,Woman,NONE,1,Women,reserved_only,latin,data/assam/pdfs/Reservation of Wards and post of Chairperson of Municipal Boards_2020.pdf,5,Reservation of Wards and post of Chairperson of Municipal Boards_2020.pdf,,
Assam,2020,Dhubri,Dhubri,Gauripur,2,13,60,ulb_ward,Municipal Board ward,Woman,NONE,1,Women,reserved_only,latin,data/assam/pdfs/Reservation of Wards and post of Chairperson of Municipal Boards_2020.pdf,5,Reservation of Wards and post of Chairperson of Municipal Boards_2020.pdf,,
Assam,2020,Dhubri,Dhubri,Gauripur,4,13,60,ulb_ward,Municipal Board ward,Woman,NONE,1,Women,reserved_only,latin,data/assam/pdfs/Reservation of Wards and post of Chairperson of Municipal Boards_2020.pdf,5,Reservation of Wards and post of Chairperson of Municipal Boards_2020.pdf,,
Assam,2020,Dhubri,Dhubri,Gauripur,7,13,60,ulb_ward,Municipal Board ward,Woman,NONE,1,Women,reserved_only,latin,data/assam/pdfs/Reservation of Wards and post of Chairperson of Municipal Boards_2020.pdf,5,Reservation of Wards and post of Chairperson of Municipal Boards_2020.pdf,,
Assam,2020,Dhubri,Dhubri,Gauripur,9,13,60,ulb_ward,Municipal Board ward,Woman,NONE,1,Women,reserved_only,latin,data/assam/pdfs/Reservation of Wards and post of Chairperson of Municipal Boards_2020.pdf,5,Reservation of Wards and post of Chairperson of Municipal Boards_2020.pdf,,
Assam,2020,Dhubri,Dhubri,Gauripur,11,13,60,ulb_ward,Municipal Board ward,Woman,NONE,1,Women,reserved_only,latin,data/assam/pdfs/Reservation of Wards and post of Chairperson of Municipal Boards_2020.pdf,5,Reservation of Wards and post of Chairperson of Municipal Boards_2020.pdf,,
Assam,2020,Dhubri,Dhubri,Gauripur,13,13,60,ulb_ward,Municipal Board ward,Woman,NONE,1,Women,reserved_only,latin,data/assam/pdfs/Reservation of Wards and post of Chairperson of Municipal Boards_2020.pdf,5,Reservation of Wards and post of Chairperson of Municipal Boards_2020.pdf,,
Assam,2020,Dhubri,Dhubri,Golakganj,9,10,61,ulb_ward,Municipal Board ward,SC Other than Woman,SC,0,SC,reserved_only,latin,data/assam/pdfs/Reservation of Wards and post of Chairperson of Municipal Boards_2020.pdf,5,Reservation of Wards and post of Chairperson of Municipal Boards_2020.pdf,,
Assam,2020,Dhubri,Dhubri,Golakganj,1,10,61,ulb_ward,Municipal Board ward,SC Woman,SC,1,SC (Women),reserved_only,latin,data/assam/pdfs/Reservation of Wards and post of Chairperson of Municipal Boards_2020.pdf,5,Reservation of Wards and post of Chairperson of Municipal Boards_2020.pdf,,
Assam,2020,Dhubri,Dhubri,Golakganj,4,10,61,ulb_ward,Municipal Board ward,Woman,NONE,1,Women,reserved_only,latin,data/assam/pdfs/Reservation of Wards and post of Chairperson of Municipal Boards_2020.pdf,5,Reservation of Wards and post of Chairperson of Municipal Boards_2020.pdf,,
Assam,2020,Dhubri,Dhubri,Golakganj,5,10,61,ulb_ward,Municipal Board ward,Woman,NONE,1,Women,reserved_only,latin,data/assam/pdfs/Reservation of Wards and post of Chairperson of Municipal Boards_2020.pdf,5,Reservation of Wards and post of Chairperson of Municipal Boards_2020.pdf,,
Assam,2020,Dhubri,Dhubri,Golakganj,6,10,61,ulb_ward,Municipal Board ward,Woman,NONE,1,Women,reserved_only,latin,data/assam/pdfs/Reservation of Wards and post of Chairperson of Municipal Boards_2020.pdf,5,Reservation of Wards and post of Chairperson of Municipal Boards_2020.pdf,,
Assam,2020,Dhubri,Dhubri,Golakganj,10,10,61,ulb_ward,Municipal Board ward,Woman,NONE,1,Women,reserved_only,latin,data/assam/pdfs/Reservation of Wards and post of Chairperson of Municipal Boards_2020.pdf,5,Reservation of Wards and post of Chairperson of Municipal Boards_2020.pdf,,
Assam,2020,Dhubri,Bilasipara,Bilasipara,8,14,62,ulb_ward,Municipal Board ward,SC Other than Woman,SC,0,SC,reserved_only,latin,data/assam/pdfs/Reservation of Wards and post of Chairperson of Municipal Boards_2020.pdf,5,Reservation of Wards and post of Chairperson of Municipal Boards_2020.pdf,,
Assam,2020,Dhubri,Bilasipara,Bilasipara,12,14,62,ulb_ward,Municipal Board ward,SC Other than Woman,SC,0,SC,reserved_only,latin,data/assam/pdfs/Reservation of Wards and post of Chairperson of Municipal Boards_2020.pdf,5,Reservation of Wards and post of Chairperson of Municipal Boards_2020.pdf,,
Assam,2020,Dhubri,Bilasipara,Bilasipara,7,14,62,ulb_ward,Municipal Board ward,SC Woman,SC,1,SC (Women),reserved_only,latin,data/assam/pdfs/Reservation of Wards and post of Chairperson of Municipal Boards_2020.pdf,5,Reservation of Wards and post of Chairperson of Municipal Boards_2020.pdf,,
Assam,2020,Dhubri,Bilasipara,Bilasipara,1,14,62,ulb_ward,Municipal Board ward,Woman,NONE,1,Women,reserved_only,latin,data/assam/pdfs/Reservation of Wards and post of Chairperson of Municipal Boards_2020.pdf,5,Reservation of Wards and post of Chairperson of Municipal Boards_2020.pdf,,
Assam,2020,Dhubri,Bilasipara,Bilasipara,3,14,62,ulb_ward,Municipal Board ward,Woman,NONE,1,Women,reserved_only,latin,data/assam/pdfs/Reservation of Wards and post of Chairperson of Municipal Boards_2020.pdf,5,Reservation of Wards and post of Chairperson of Municipal Boards_2020.pdf,,
Assam,2020,Dhubri,Bilasipara,Bilasipara,5,14,62,ulb_ward,Municipal Board ward,Woman,NONE,1,Women,reserved_only,latin,data/assam/pdfs/Reservation of Wards and post of Chairperson of Municipal Boards_2020.pdf,5,Reservation of Wards and post of Chairperson of Municipal Boards_2020.pdf,,
Assam,2020,Dhubri,Bilasipara,Bilasipara,11,14,62,ulb_ward,Municipal Board ward,Woman,NONE,1,Women,reserved_only,latin,data/assam/pdfs/Reservation of Wards and post of Chairperson of Municipal Boards_2020.pdf,5,Reservation of Wards and post of Chairperson of Municipal Boards_2020.pdf,,
Assam,2020,Dhubri,Bilasipara,Bilasipara,13,14,62,ulb_ward,Municipal Board ward,Woman,NONE,1,Women,reserved_only,latin,data/assam/pdfs/Reservation of Wards and post of Chairperson of Municipal Boards_2020.pdf,5,Reservation of Wards and post of Chairperson of Municipal Boards_2020.pdf,,
Assam,2020,Dhubri,Bilasipara,Bilasipara,14,14,62,ulb_ward,Municipal Board ward,Woman,NONE,1,Women,reserved_only,latin,data/assam/pdfs/Reservation of Wards and post of Chairperson of Municipal Boards_2020.pdf,5,Reservation of Wards and post of Chairperson of Municipal Boards_2020.pdf,,
Assam,2020,Dhubri,Bilasipara,Chapar,4,10,63,ulb_ward,Municipal Board ward,SC Woman,SC,1,SC (Women),reserved_only,latin,data/assam/pdfs/Reservation of Wards and post of Chairperson of Municipal Boards_2020.pdf,5,Reservation of Wards and post of Chairperson of Municipal Boards_2020.pdf,,
Assam,2020,Dhubri,Bilasipara,Chapar,2,10,63,ulb_ward,Municipal Board ward,Woman,NONE,1,Women,reserved_only,latin,data/assam/pdfs/Reservation of Wards and post of Chairperson of Municipal Boards_2020.pdf,5,Reservation of Wards and post of Chairperson of Municipal Boards_2020.pdf,,
Assam,2020,Dhubri,Bilasipara,Chapar,3,10,63,ulb_ward,Municipal Board ward,Woman,NONE,1,Women,reserved_only,latin,data/assam/pdfs/Reservation of Wards and post of Chairperson of Municipal Boards_2020.pdf,5,Reservation of Wards and post of Chairperson of Municipal Boards_2020.pdf,,
Assam,2020,Dhubri,Bilasipara,Chapar,8,10,63,ulb_ward,Municipal Board ward,Woman,NONE,1,Women,reserved_only,latin,data/assam/pdfs/Reservation of Wards and post of Chairperson of Municipal Boards_2020.pdf,5,Reservation of Wards and post of Chairperson of Municipal Boards_2020.pdf,,
Assam,2020,Dhubri,Bilasipara,Chapar,9,10,63,ulb_ward,Municipal Board ward,Woman,NONE,1,Women,reserved_only,latin,data/assam/pdfs/Reservation of Wards and post of Chairperson of Municipal Boards_2020.pdf,5,Reservation of Wards and post of Chairperson of Municipal Boards_2020.pdf,,
Assam,2020,Dhubri,Bilasipara,Sapatgram,3,10,64,ulb_ward,Municipal Board ward,SC Other than Woman,SC,0,SC,reserved_only,latin,data/assam/pdfs/Reservation of Wards and post of Chairperson of Municipal Boards_2020.pdf,5,Reservation of Wards and post of Chairperson of Municipal Boards_2020.pdf,,
Assam,2020,Dhubri,Bilasipara,Sapatgram,8,10,64,ulb_ward,Municipal Board ward,SC Other than Woman,SC,0,SC,reserved_only,latin,data/assam/pdfs/Reservation of Wards and post of Chairperson of Municipal Boards_2020.pdf,5,Reservation of Wards and post of Chairperson of Municipal Boards_2020.pdf,,
Assam,2020,Dhubri,Bilasipara,Sapatgram,2,10,64,ulb_ward,Municipal Board ward,SC Woman,SC,1,SC (Women),reserved_only,latin,data/assam/pdfs/Reservation of Wards and post of Chairperson of Municipal Boards_2020.pdf,5,Reservation of Wards and post of Chairperson of Municipal Boards_2020.pdf,,
Assam,2020,Dhubri,Bilasipara,Sapatgram,6,10,64,ulb_ward,Municipal Board ward,Woman,NONE,1,Women,reserved_only,latin,data/assam/pdfs/Reservation of Wards and post of Chairperson of Municipal Boards_2020.pdf,5,Reservation of Wards and post of Chairperson of Municipal Boards_2020.pdf,,
Assam,2020,Dhubri,Bilasipara,Sapatgram,7,10,64,ulb_ward,Municipal Board ward,Woman,NONE,1,Women,reserved_only,latin,data/assam/pdfs/Reservation of Wards and post of Chairperson of Municipal Boards_2020.pdf,5,Reservation of Wards and post of Chairperson of Municipal Boards_2020.pdf,,
Assam,2020,Dhubri,Bilasipara,Sapatgram,9,10,64,ulb_ward,Municipal Board ward,Woman,NONE,1,Women,reserved_only,latin,data/assam/pdfs/Reservation of Wards and post of Chairperson of Municipal Boards_2020.pdf,5,Reservation of Wards and post of Chairperson of Municipal Boards_2020.pdf,,
Assam,2020,Dhubri,Bilasipara,Sapatgram,10,10,64,ulb_ward,Municipal Board ward,Woman,NONE,1,Women,reserved_only,latin,data/assam/pdfs/Reservation of Wards and post of Chairperson of Municipal Boards_2020.pdf,5,Reservation of Wards and post of Chairperson of Municipal Boards_2020.pdf,,
Assam,2020,Bongaigaon,Bongaigaon,Bongaigaon,15,25,65,ulb_ward,Municipal Board ward,SC Other than Woman,SC,0,SC,reserved_only,latin,data/assam/pdfs/Reservation of Wards and post of Chairperson of Municipal Boards_2020.pdf,5,Reservation of Wards and post of Chairperson of Municipal Boards_2020.pdf,,
Assam,2020,Bongaigaon,Bongaigaon,Bongaigaon,19,25,65,ulb_ward,Municipal Board ward,SC Other than Woman,SC,0,SC,reserved_only,latin,data/assam/pdfs/Reservation of Wards and post of Chairperson of Municipal Boards_2020.pdf,5,Reservation of Wards and post of Chairperson of Municipal Boards_2020.pdf,,
Assam,2020,Bongaigaon,Bongaigaon,Bongaigaon,2,25,65,ulb_ward,Municipal Board ward,SC Woman,SC,1,SC (Women),reserved_only,latin,data/assam/pdfs/Reservation of Wards and post of Chairperson of Municipal Boards_2020.pdf,5,Reservation of Wards and post of Chairperson of Municipal Boards_2020.pdf,,
Assam,2020,Bongaigaon,Bongaigaon,Bongaigaon,13,25,65,ulb_ward,Municipal Board ward,ST Other than Woman,ST,0,ST,reserved_only,latin,data/assam/pdfs/Reservation of Wards and post of Chairperson of Municipal Boards_2020.pdf,5,Reservation of Wards and post of Chairperson of Municipal Boards_2020.pdf,,
Assam,2020,Bongaigaon,Bongaigaon,Bongaigaon,4,25,65,ulb_ward,Municipal Board ward,Woman,NONE,1,Women,reserved_only,latin,data/assam/pdfs/Reservation of Wards and post of Chairperson of Municipal Boards_2020.pdf,5,Reservation of Wards and post of Chairperson of Municipal Boards_2020.pdf,,
Assam,2020,Bongaigaon,Bongaigaon,Bongaigaon,6,25,65,ulb_ward,Municipal Board ward,Woman,NONE,1,Women,reserved_only,latin,data/assam/pdfs/Reservation of Wards and post of Chairperson of Municipal Boards_2020.pdf,5,Reservation of Wards and post of Chairperson of Municipal Boards_2020.pdf,,
Assam,2020,Bongaigaon,Bongaigaon,Bongaigaon,7,25,65,ulb_ward,Municipal Board ward,Woman,NONE,1,Women,reserved_only,latin,data/assam/pdfs/Reservation of Wards and post of Chairperson of Municipal Boards_2020.pdf,5,Reservation of Wards and post of Chairperson of Municipal Boards_2020.pdf,,
Assam,2020,Bongaigaon,Bongaigaon,Bongaigaon,8,25,65,ulb_ward,Municipal Board ward,Woman,NONE,1,Women,reserved_only,latin,data/assam/pdfs/Reservation of Wards and post of Chairperson of Municipal Boards_2020.pdf,5,Reservation of Wards and post of Chairperson of Municipal Boards_2020.pdf,,
Assam,2020,Bongaigaon,Bongaigaon,Bongaigaon,11,25,65,ulb_ward,Municipal Board ward,Woman,NONE,1,Women,reserved_only,latin,data/assam/pdfs/Reservation of Wards and post of Chairperson of Municipal Boards_2020.pdf,5,Reservation of Wards and post of Chairperson of Municipal Boards_2020.pdf,,
Assam,2020,Bongaigaon,Bongaigaon,Bongaigaon,12,25,65,ulb_ward,Municipal Board ward,Woman,NONE,1,Women,reserved_only,latin,data/assam/pdfs/Reservation of Wards and post of Chairperson of Municipal Boards_2020.pdf,5,Reservation of Wards and post of Chairperson of Municipal Boards_2020.pdf,,
Assam,2020,Bongaigaon,Bongaigaon,Bongaigaon,14,25,65,ulb_ward,Municipal Board ward,Woman,NONE,1,Women,reserved_only,latin,data/assam/pdfs/Reservation of Wards and post of Chairperson of Municipal Boards_2020.pdf,5,Reservation of Wards and post of Chairperson of Municipal Boards_2020.pdf,,
Assam,2020,Bongaigaon,Bongaigaon,Bongaigaon,17,25,65,ulb_ward,Municipal Board ward,Woman,NONE,1,Women,reserved_only,latin,data/assam/pdfs/Reservation of Wards and post of Chairperson of Municipal Boards_2020.pdf,5,Reservation of Wards and post of Chairperson of Municipal Boards_2020.pdf,,
Assam,2020,Bongaigaon,Bongaigaon,Bongaigaon,18,25,65,ulb_ward,Municipal Board ward,Woman,NONE,1,Women,reserved_only,latin,data/assam/pdfs/Reservation of Wards and post of Chairperson of Municipal Boards_2020.pdf,5,Reservation of Wards and post of Chairperson of Municipal Boards_2020.pdf,,
Assam,2020,Bongaigaon,Bongaigaon,Bongaigaon,20,25,65,ulb_ward,Municipal Board ward,Woman,NONE,1,Women,reserved_only,latin,data/assam/pdfs/Reservation of Wards and post of Chairperson of Municipal Boards_2020.pdf,5,Reservation of Wards and post of Chairperson of Municipal Boards_2020.pdf,,
Assam,2020,Bongaigaon,Bongaigaon,Bongaigaon,25,25,65,ulb_ward,Municipal Board ward,Woman,NONE,1,Women,reserved_only,latin,data/assam/pdfs/Reservation of Wards and post of Chairperson of Municipal Boards_2020.pdf,5,Reservation of Wards and post of Chairperson of Municipal Boards_2020.pdf,,
Assam,2020,Bongaigaon,North Salmara,Abhayapuri,7,11,66,ulb_ward,Municipal Board ward,SC Other than Woman,SC,0,SC,reserved_only,latin,data/assam/pdfs/Reservation of Wards and post of Chairperson of Municipal Boards_2020.pdf,5,Reservation of Wards and post of Chairperson of Municipal Boards_2020.pdf,,
Assam,2020,Bongaigaon,North Salmara,Abhayapuri,9,11,66,ulb_ward,Municipal Board ward,SC Woman,SC,1,SC (Women),reserved_only,latin,data/assam/pdfs/Reservation of Wards and post of Chairperson of Municipal Boards_2020.pdf,5,Reservation of Wards and post of Chairperson of Municipal Boards_2020.pdf,,
Assam,2020,Bongaigaon,North Salmara,Abhayapuri,1,11,66,ulb_ward,Municipal Board ward,Woman,NONE,1,Women,reserved_only,latin,data/assam/pdfs/Reservation of Wards and post of Chairperson of Municipal Boards_2020.pdf,5,Reservation of Wards and post of Chairperson of Municipal Boards_2020.pdf,,
Assam,2020,Bongaigaon,North Salmara,Abhayapuri,3,11,66,ulb_ward,Municipal Board ward,Woman,NONE,1,Women,reserved_only,latin,data/assam/pdfs/Reservation of Wards and post of Chairperson of Municipal Boards_2020.pdf,5,Reservation of Wards and post of Chairperson of Municipal Boards_2020.pdf,,
Assam,2020,Bongaigaon,North Salmara,Abhayapuri,5,11,66,ulb_ward,Municipal Board ward,Woman,NONE,1,Women,reserved_only,latin,data/assam/pdfs/Reservation of Wards and post of Chairperson of Municipal Boards_2020.pdf,5,Reservation of Wards and post of Chairperson of Municipal Boards_2020.pdf,,
Assam,2020,Bongaigaon,North Salmara,Abhayapuri,11,11,66,ulb_ward,Municipal Board ward,Woman,NONE,1,Women,reserved_only,latin,data/assam/pdfs/Reservation of Wards and post of Chairperson of Municipal Boards_2020.pdf,5,Reservation of Wards and post of Chairperson of Municipal Boards_2020.pdf,,
Assam,2020,Karimganj,Karimganj,Karimganj,15,27,67,ulb_ward,Municipal Board ward,SC Other than Woman,SC,0,SC,reserved_only,latin,data/assam/pdfs/Reservation of Wards and post of Chairperson of Municipal Boards_2020.pdf,5,Reservation of Wards and post of Chairperson of Municipal Boards_2020.pdf,,
Assam,2020,Karimganj,Karimganj,Karimganj,16,27,67,ulb_ward,Municipal Board ward,SC Other than Woman,SC,0,SC,reserved_only,latin,data/assam/pdfs/Reservation of Wards and post of Chairperson of Municipal Boards_2020.pdf,5,Reservation of Wards and post of Chairperson of Municipal Boards_2020.pdf,,
Assam,2020,Karimganj,Karimganj,Karimganj,11,27,67,ulb_ward,Municipal Board ward,SC Woman,SC,1,SC (Women),reserved_only,latin,data/assam/pdfs/Reservation of Wards and post of Chairperson of Municipal Boards_2020.pdf,5,Reservation of Wards and post of Chairperson of Municipal Boards_2020.pdf,,
Assam,2020,Karimganj,Karimganj,Karimganj,24,27,67,ulb_ward,Municipal Board ward,SC Woman,SC,1,SC (Women),reserved_only,latin,data/assam/pdfs/Reservation of Wards and post of Chairperson of Municipal Boards_2020.pdf,5,Reservation of Wards and post of Chairperson of Municipal Boards_2020.pdf,,
Assam,2020,Karimganj,Karimganj,Karimganj,1,27,67,ulb_ward,Municipal Board ward,Woman,NONE,1,Women,reserved_only,latin,data/assam/pdfs/Reservation of Wards and post of Chairperson of Municipal Boards_2020.pdf,5,Reservation of Wards and post of Chairperson of Municipal Boards_2020.pdf,,
Assam,2020,Karimganj,Karimganj,Karimganj,2,27,67,ulb_ward,Municipal Board ward,Woman,NONE,1,Women,reserved_only,latin,data/assam/pdfs/Reservation of Wards and post of Chairperson of Municipal Boards_2020.pdf,5,Reservation of Wards and post of Chairperson of Municipal Boards_2020.pdf,,
Assam,2020,Karimganj,Karimganj,Karimganj,3,27,67,ulb_ward,Municipal Board ward,Woman,NONE,1,Women,reserved_only,latin,data/assam/pdfs/Reservation of Wards and post of Chairperson of Municipal Boards_2020.pdf,5,Reservation of Wards and post of Chairperson of Municipal Boards_2020.pdf,,
Assam,2020,Karimganj,Karimganj,Karimganj,4,27,67,ulb_ward,Municipal Board ward,Woman,NONE,1,Women,reserved_only,latin,data/assam/pdfs/Reservation of Wards and post of Chairperson of Municipal Boards_2020.pdf,5,Reservation of Wards and post of Chairperson of Municipal Boards_2020.pdf,,
Assam,2020,Karimganj,Karimganj,Karimganj,5,27,67,ulb_ward,Municipal Board ward,Woman,NONE,1,Women,reserved_only,latin,data/assam/pdfs/Reservation of Wards and post of Chairperson of Municipal Boards_2020.pdf,5,Reservation of Wards and post of Chairperson of Municipal Boards_2020.pdf,,
Assam,2020,Karimganj,Karimganj,Karimganj,6,27,67,ulb_ward,Municipal Board ward,Woman,NONE,1,Women,reserved_only,latin,data/assam/pdfs/Reservation of Wards and post of Chairperson of Municipal Boards_2020.pdf,5,Reservation of Wards and post of Chairperson of Municipal Boards_2020.pdf,,
Assam,2020,Karimganj,Karimganj,Karimganj,7,27,67,ulb_ward,Municipal Board ward,Woman,NONE,1,Women,reserved_only,latin,data/assam/pdfs/Reservation of Wards and post of Chairperson of Municipal Boards_2020.pdf,5,Reservation of Wards and post of Chairperson of Municipal Boards_2020.pdf,,
Assam,2020,Karimganj,Karimganj,Karimganj,8,27,67,ulb_ward,Municipal Board ward,Woman,NONE,1,Women,reserved_only,latin,data/assam/pdfs/Reservation of Wards and post of Chairperson of Municipal Boards_2020.pdf,5,Reservation of Wards and post of Chairperson of Municipal Boards_2020.pdf,,
Assam,2020,Karimganj,Karimganj,Karimganj,10,27,67,ulb_ward,Municipal Board ward,Woman,NONE,1,Women,reserved_only,latin,data/assam/pdfs/Reservation of Wards and post of Chairperson of Municipal Boards_2020.pdf,5,Reservation of Wards and post of Chairperson of Municipal Boards_2020.pdf,,
Assam,2020,Karimganj,Karimganj,Karimganj,18,27,67,ulb_ward,Municipal Board ward,Woman,NONE,1,Women,reserved_only,latin,data/assam/pdfs/Reservation of Wards and post of Chairperson of Municipal Boards_2020.pdf,5,Reservation of Wards and post of Chairperson of Municipal Boards_2020.pdf,,
Assam,2020,Karimganj,Karimganj,Karimganj,26,27,67,ulb_ward,Municipal Board ward,Woman,NONE,1,Women,reserved_only,latin,data/assam/pdfs/Reservation of Wards and post of Chairperson of Municipal Boards_2020.pdf,5,Reservation of Wards and post of Chairperson of Municipal Boards_2020.pdf,,
Assam,2020,Karimganj,Karimganj,Karimganj,27,27,67,ulb_ward,Municipal Board ward,Woman,NONE,1,Women,reserved_only,latin,data/assam/pdfs/Reservation of Wards and post of Chairperson of Municipal Boards_2020.pdf,5,Reservation of Wards and post of Chairperson of Municipal Boards_2020.pdf,,
Assam,2020,Karimganj,Karimganj,Badarpur,9,11,68,ulb_ward,Municipal Board ward,SC Other than Woman,SC,0,SC,reserved_only,latin,data/assam/pdfs/Reservation of Wards and post of Chairperson of Municipal Boards_2020.pdf,5,Reservation of Wards and post of Chairperson of Municipal Boards_2020.pdf,,
Assam,2020,Karimganj,Karimganj,Badarpur,8,11,68,ulb_ward,Municipal Board ward,SC Woman,SC,1,SC (Women),reserved_only,latin,data/assam/pdfs/Reservation of Wards and post of Chairperson of Municipal Boards_2020.pdf,5,Reservation of Wards and post of Chairperson of Municipal Boards_2020.pdf,,
Assam,2020,Karimganj,Karimganj,Badarpur,2,11,68,ulb_ward,Municipal Board ward,Woman,NONE,1,Women,reserved_only,latin,data/assam/pdfs/Reservation of Wards and post of Chairperson of Municipal Boards_2020.pdf,5,Reservation of Wards and post of Chairperson of Municipal Boards_2020.pdf,,
Assam,2020,Karimganj,Karimganj,Badarpur,4,11,68,ulb_ward,Municipal Board ward,Woman,NONE,1,Women,reserved_only,latin,data/assam/pdfs/Reservation of Wards and post of Chairperson of Municipal Boards_2020.pdf,5,Reservation of Wards and post of Chairperson of Municipal Boards_2020.pdf,,
Assam,2020,Karimganj,Karimganj,Badarpur,6,11,68,ulb_ward,Municipal Board ward,Woman,NONE,1,Women,reserved_only,latin,data/assam/pdfs/Reservation of Wards and post of Chairperson of Municipal Boards_2020.pdf,5,Reservation of Wards and post of Chairperson of Municipal Boards_2020.pdf,,
Assam,2020,Karimganj,Karimganj,Badarpur,10,11,68,ulb_ward,Municipal Board ward,Woman,NONE,1,Women,reserved_only,latin,data/assam/pdfs/Reservation of Wards and post of Chairperson of Municipal Boards_2020.pdf,5,Reservation of Wards and post of Chairperson of Municipal Boards_2020.pdf,,
Assam,2020,Karimganj,Karimganj,Badarpur,11,11,68,ulb_ward,Municipal Board ward,Woman,NONE,1,Women,reserved_only,latin,data/assam/pdfs/Reservation of Wards and post of Chairperson of Municipal Boards_2020.pdf,5,Reservation of Wards and post of Chairperson of Municipal Boards_2020.pdf,,
Assam,2020,Karimganj,Karimganj,Ramkrishna Nagar,9,10,69,ulb_ward,Municipal Board ward,SC Other than Woman,SC,0,SC,reserved_only,latin,data/assam/pdfs/Reservation of Wards and post of Chairperson of Municipal Boards_2020.pdf,5,Reservation of Wards and post of Chairperson of Municipal Boards_2020.pdf,,
Assam,2020,Karimganj,Karimganj,Ramkrishna Nagar,2,10,69,ulb_ward,Municipal Board ward,SC Woman,SC,1,SC (Women),reserved_only,latin,data/assam/pdfs/Reservation of Wards and post of Chairperson of Municipal Boards_2020.pdf,5,Reservation of Wards and post of Chairperson of Municipal Boards_2020.pdf,,
Assam,2020,Karimganj,Karimganj,Ramkrishna Nagar,4,10,69,ulb_ward,Municipal Board ward,Woman,NONE,1,Women,reserved_only,latin,data/assam/pdfs/Reservation of Wards and post of Chairperson of Municipal Boards_2020.pdf,5,Reservation of Wards and post of Chairperson of Municipal Boards_2020.pdf,,
Assam,2020,Karimganj,Karimganj,Ramkrishna Nagar,6,10,69,ulb_ward,Municipal Board ward,Woman,NONE,1,Women,reserved_only,latin,data/assam/pdfs/Reservation of Wards and post of Chairperson of Municipal Boards_2020.pdf,5,Reservation of Wards and post of Chairperson of Municipal Boards_2020.pdf,,
Assam,2020,Karimganj,Karimganj,Ramkrishna Nagar,8,10,69,ulb_ward,Municipal Board ward,Woman,NONE,1,Women,reserved_only,latin,data/assam/pdfs/Reservation of Wards and post of Chairperson of Municipal Boards_2020.pdf,5,Reservation of Wards and post of Chairperson of Municipal Boards_2020.pdf,,
Assam,2020,Karimganj,Karimganj,Ramkrishna Nagar,10,10,69,ulb_ward,Municipal Board ward,Woman,NONE,1,Women,reserved_only,latin,data/assam/pdfs/Reservation of Wards and post of Chairperson of Municipal Boards_2020.pdf,5,Reservation of Wards and post of Chairperson of Municipal Boards_2020.pdf,,
Assam,2020,Kamrup (Rural),Rangia,Rangia,7,10,70,ulb_ward,Municipal Board ward,SC Woman,SC,1,SC (Women),reserved_only,latin,data/assam/pdfs/Reservation of Wards and post of Chairperson of Municipal Boards_2020.pdf,5,Reservation of Wards and post of Chairperson of Municipal Boards_2020.pdf,,
Assam,2020,Kamrup (Rural),Rangia,Rangia,3,10,70,ulb_ward,Municipal Board ward,ST Woman,ST,1,ST (Women),reserved_only,latin,data/assam/pdfs/Reservation of Wards and post of Chairperson of Municipal Boards_2020.pdf,5,Reservation of Wards and post of Chairperson of Municipal Boards_2020.pdf,,
Assam,2020,Kamrup (Rural),Rangia,Rangia,4,10,70,ulb_ward,Municipal Board ward,Woman,NONE,1,Women,reserved_only,latin,data/assam/pdfs/Reservation of Wards and post of Chairperson of Municipal Boards_2020.pdf,5,Reservation of Wards and post of Chairperson of Municipal Boards_2020.pdf,,
Assam,2020,Kamrup (Rural),Rangia,Rangia,9,10,70,ulb_ward,Municipal Board ward,Woman,NONE,1,Women,reserved_only,latin,data/assam/pdfs/Reservation of Wards and post of Chairperson of Municipal Boards_2020.pdf,5,Reservation of Wards and post of Chairperson of Municipal Boards_2020.pdf,,
Assam,2020,Kamrup (Rural),Rangia,Rangia,10,10,70,ulb_ward,Municipal Board ward,Woman,NONE,1,Women,reserved_only,latin,data/assam/pdfs/Reservation of Wards and post of Chairperson of Municipal Boards_2020.pdf,5,Reservation of Wards and post of Chairperson of Municipal Boards_2020.pdf,,
Assam,2020,Kamrup (Rural),Rangia,Palashbari,2,10,71,ulb_ward,Municipal Board ward,SC Woman,SC,1,SC (Women),reserved_only,latin,data/assam/pdfs/Reservation of Wards and post of Chairperson of Municipal Boards_2020.pdf,5,Reservation of Wards and post of Chairperson of Municipal Boards_2020.pdf,,
Assam,2020,Kamrup (Rural),Rangia,Palashbari,1,10,71,ulb_ward,Municipal Board ward,Woman,NONE,1,Women,reserved_only,latin,data/assam/pdfs/Reservation of Wards and post of Chairperson of Municipal Boards_2020.pdf,5,Reservation of Wards and post of Chairperson of Municipal Boards_2020.pdf,,
Assam,2020,Kamrup (Rural),Rangia,Palashbari,3,10,71,ulb_ward,Municipal Board ward,Woman,NONE,1,Women,reserved_only,latin,data/assam/pdfs/Reservation of Wards and post of Chairperson of Municipal Boards_2020.pdf,5,Reservation of Wards and post of Chairperson of Municipal Boards_2020.pdf,,
Assam,2020,Kamrup (Rural),Rangia,Palashbari,6,10,71,ulb_ward,Municipal Board ward,Woman,NONE,1,Women,reserved_only,latin,data/assam/pdfs/Reservation of Wards and post of Chairperson of Municipal Boards_2020.pdf,5,Reservation of Wards and post of Chairperson of Municipal Boards_2020.pdf,,
Assam,2020,Kamrup (Rural),Rangia,Palashbari,8,10,71,ulb_ward,Municipal Board ward,Woman,NONE,1,Women,reserved_only,latin,data/assam/pdfs/Reservation of Wards and post of Chairperson of Municipal Boards_2020.pdf,5,Reservation of Wards and post of Chairperson of Municipal Boards_2020.pdf,,
Assam,2020,Kamrup (Rural),Rangia,North Guwahati,2,10,72,ulb_ward,Municipal Board ward,SC Other than Woman,SC,0,SC,reserved_only,latin,data/assam/pdfs/Reservation of Wards and post of Chairperson of Municipal Boards_2020.pdf,5,Reservation of Wards and post of Chairperson of Municipal Boards_2020.pdf,,
Assam,2020,Kamrup (Rural),Rangia,North Guwahati,10,10,72,ulb_ward,Municipal Board ward,SC Other than Woman,SC,0,SC,reserved_only,latin,data/assam/pdfs/Reservation of Wards and post of Chairperson of Municipal Boards_2020.pdf,5,Reservation of Wards and post of Chairperson of Municipal Boards_2020.pdf,,
Assam,2020,Kamrup (Rural),Rangia,North Guwahati,7,10,72,ulb_ward,Municipal Board ward,SC Woman,SC,1,SC (Women),reserved_only,latin,data/assam/pdfs/Reservation of Wards and post of Chairperson of Municipal Boards_2020.pdf,5,Reservation of Wards and post of Chairperson of Municipal Boards_2020.pdf,,
Assam,2020,Kamrup (Rural),Rangia,North Guwahati,5,10,72,ulb_ward,Municipal Board ward,ST Other than Woman,ST,0,ST,reserved_only,latin,data/assam/pdfs/Reservation of Wards and post of Chairperson of Municipal Boards_2020.pdf,5,Reservation of Wards and post of Chairperson of Municipal Boards_2020.pdf,,
Assam,2020,Kamrup (Rural),Rangia,North Guwahati,1,10,72,ulb_ward,Municipal Board ward,Woman,NONE,1,Women,reserved_only,latin,data/assam/pdfs/Reservation of Wards and post of Chairperson of Municipal Boards_2020.pdf,5,Reservation of Wards and post of Chairperson of Municipal Boards_2020.pdf,,
Assam,2020,Kamrup (Rural),Rangia,North Guwahati,3,10,72,ulb_ward,Municipal Board ward,Woman,NONE,1,Women,reserved_only,latin,data/assam/pdfs/Reservation of Wards and post of Chairperson of Municipal Boards_2020.pdf,5,Reservation of Wards and post of Chairperson of Municipal Boards_2020.pdf,,
Assam,2020,Kamrup (Rural),Rangia,North Guwahati,8,10,72,ulb_ward,Municipal Board ward,Woman,NONE,1,Women,reserved_only,latin,data/assam/pdfs/Reservation of Wards and post of Chairperson of Municipal Boards_2020.pdf,5,Reservation of Wards and post of Chairperson of Municipal Boards_2020.pdf,,
Assam,2020,Kamrup (Rural),Rangia,North Guwahati,9,10,72,ulb_ward,Municipal Board ward,Woman,NONE,1,Women,reserved_only,latin,data/assam/pdfs/Reservation of Wards and post of Chairperson of Municipal Boards_2020.pdf,5,Reservation of Wards and post of Chairperson of Municipal Boards_2020.pdf,,
Assam,2020,Nalbari,Nalbari,Nalbari,10,17,73,ulb_ward,Municipal Board ward,SC Other than Woman,SC,0,SC,reserved_only,latin,data/assam/pdfs/Reservation of Wards and post of Chairperson of Municipal Boards_2020.pdf,5,Reservation of Wards and post of Chairperson of Municipal Boards_2020.pdf,,
Assam,2020,Nalbari,Nalbari,Nalbari,1,17,73,ulb_ward,Municipal Board ward,Woman,NONE,1,Women,reserved_only,latin,data/assam/pdfs/Reservation of Wards and post of Chairperson of Municipal Boards_2020.pdf,5,Reservation of Wards and post of Chairperson of Municipal Boards_2020.pdf,,
Assam,2020,Nalbari,Nalbari,Nalbari,3,17,73,ulb_ward,Municipal Board ward,Woman,NONE,1,Women,reserved_only,latin,data/assam/pdfs/Reservation of Wards and post of Chairperson of Municipal Boards_2020.pdf,5,Reservation of Wards and post of Chairperson of Municipal Boards_2020.pdf,,
Assam,2020,Nalbari,Nalbari,Nalbari,5,17,73,ulb_ward,Municipal Board ward,Woman,NONE,1,Women,reserved_only,latin,data/assam/pdfs/Reservation of Wards and post of Chairperson of Municipal Boards_2020.pdf,5,Reservation of Wards and post of Chairperson of Municipal Boards_2020.pdf,,
Assam,2020,Nalbari,Nalbari,Nalbari,6,17,73,ulb_ward,Municipal Board ward,Woman,NONE,1,Women,reserved_only,latin,data/assam/pdfs/Reservation of Wards and post of Chairperson of Municipal Boards_2020.pdf,5,Reservation of Wards and post of Chairperson of Municipal Boards_2020.pdf,,
Assam,2020,Nalbari,Nalbari,Nalbari,7,17,73,ulb_ward,Municipal Board ward,Woman,NONE,1,Women,reserved_only,latin,data/assam/pdfs/Reservation of Wards and post of Chairperson of Municipal Boards_2020.pdf,5,Reservation of Wards and post of Chairperson of Municipal Boards_2020.pdf,,
Assam,2020,Nalbari,Nalbari,Nalbari,12,17,73,ulb_ward,Municipal Board ward,Woman,NONE,1,Women,reserved_only,latin,data/assam/pdfs/Reservation of Wards and post of Chairperson of Municipal Boards_2020.pdf,5,Reservation of Wards and post of Chairperson of Municipal Boards_2020.pdf,,
Assam,2020,Nalbari,Nalbari,Nalbari,14,17,73,ulb_ward,Municipal Board ward,Woman,NONE,1,Women,reserved_only,latin,data/assam/pdfs/Reservation of Wards and post of Chairperson of Municipal Boards_2020.pdf,5,Reservation of Wards and post of Chairperson of Municipal Boards_2020.pdf,,
Assam,2020,Nalbari,Nalbari,Nalbari,16,17,73,ulb_ward,Municipal Board ward,Woman,NONE,1,Women,reserved_only,latin,data/assam/pdfs/Reservation of Wards and post of Chairperson of Municipal Boards_2020.pdf,5,Reservation of Wards and post of Chairperson of Municipal Boards_2020.pdf,,
Assam,2020,Nalbari,Nalbari,Tihu,8,10,74,ulb_ward,Municipal Board ward,SC Other than Woman,SC,0,SC,reserved_only,latin,data/assam/pdfs/Reservation of Wards and post of Chairperson of Municipal Boards_2020.pdf,5,Reservation of Wards and post of Chairperson of Municipal Boards_2020.pdf,,
Assam,2020,Nalbari,Nalbari,Tihu,10,10,74,ulb_ward,Municipal Board ward,SC Other than Woman,SC,0,SC,reserved_only,latin,data/assam/pdfs/Reservation of Wards and post of Chairperson of Municipal Boards_2020.pdf,5,Reservation of Wards and post of Chairperson of Municipal Boards_2020.pdf,,
Assam,2020,Nalbari,Nalbari,Tihu,3,10,74,ulb_ward,Municipal Board ward,SC Woman,SC,1,SC (Women),reserved_only,latin,data/assam/pdfs/Reservation of Wards and post of Chairperson of Municipal Boards_2020.pdf,5,Reservation of Wards and post of Chairperson of Municipal Boards_2020.pdf,,
Assam,2020,Nalbari,Nalbari,Tihu,7,10,74,ulb_ward,Municipal Board ward,SC Woman,SC,1,SC (Women),reserved_only,latin,data/assam/pdfs/Reservation of Wards and post of Chairperson of Municipal Boards_2020.pdf,5,Reservation of Wards and post of Chairperson of Municipal Boards_2020.pdf,,
Assam,2020,Nalbari,Nalbari,Tihu,2,10,74,ulb_ward,Municipal Board ward,Woman,NONE,1,Women,reserved_only,latin,data/assam/pdfs/Reservation of Wards and post of Chairperson of Municipal Boards_2020.pdf,5,Reservation of Wards and post of Chairperson of Municipal Boards_2020.pdf,,
Assam,2020,Nalbari,Nalbari,Tihu,6,10,74,ulb_ward,Municipal Board ward,Woman,NONE,1,Women,reserved_only,latin,data/assam/pdfs/Reservation of Wards and post of Chairperson of Municipal Boards_2020.pdf,5,Reservation of Wards and post of Chairperson of Municipal Boards_2020.pdf,,
Assam,2020,Nalbari,Nalbari,Tihu,9,10,74,ulb_ward,Municipal Board ward,Woman,NONE,1,Women,reserved_only,latin,data/assam/pdfs/Reservation of Wards and post of Chairperson of Municipal Boards_2020.pdf,5,Reservation of Wards and post of Chairperson of Municipal Boards_2020.pdf,,
Assam,2020,Barpeta,Barpeta,Barpeta,4,22,75,ulb_ward,Municipal Board ward,SC Woman,SC,1,SC (Women),reserved_only,latin,data/assam/pdfs/Reservation of Wards and post of Chairperson of Municipal Boards_2020.pdf,6,Reservation of Wards and post of Chairperson of Municipal Boards_2020.pdf,,
Assam,2020,Barpeta,Barpeta,Barpeta,21,22,75,ulb_ward,Municipal Board ward,SC Woman,SC,1,SC (Women),reserved_only,latin,data/assam/pdfs/Reservation of Wards and post of Chairperson of Municipal Boards_2020.pdf,6,Reservation of Wards and post of Chairperson of Municipal Boards_2020.pdf,,
Assam,2020,Barpeta,Barpeta,Barpeta,6,22,75,ulb_ward,Municipal Board ward,Woman,NONE,1,Women,reserved_only,latin,data/assam/pdfs/Reservation of Wards and post of Chairperson of Municipal Boards_2020.pdf,6,Reservation of Wards and post of Chairperson of Municipal Boards_2020.pdf,,
Assam,2020,Barpeta,Barpeta,Barpeta,9,22,75,ulb_ward,Municipal Board ward,Woman,NONE,1,Women,reserved_only,latin,data/assam/pdfs/Reservation of Wards and post of Chairperson of Municipal Boards_2020.pdf,6,Reservation of Wards and post of Chairperson of Municipal Boards_2020.pdf,,
Assam,2020,Barpeta,Barpeta,Barpeta,10,22,75,ulb_ward,Municipal Board ward,Woman,NONE,1,Women,reserved_only,latin,data/assam/pdfs/Reservation of Wards and post of Chairperson of Municipal Boards_2020.pdf,6,Reservation of Wards and post of Chairperson of Municipal Boards_2020.pdf,,
Assam,2020,Barpeta,Barpeta,Barpeta,11,22,75,ulb_ward,Municipal Board ward,Woman,NONE,1,Women,reserved_only,latin,data/assam/pdfs/Reservation of Wards and post of Chairperson of Municipal Boards_2020.pdf,6,Reservation of Wards and post of Chairperson of Municipal Boards_2020.pdf,,
Assam,2020,Barpeta,Barpeta,Barpeta,13,22,75,ulb_ward,Municipal Board ward,Woman,NONE,1,Women,reserved_only,latin,data/assam/pdfs/Reservation of Wards and post of Chairperson of Municipal Boards_2020.pdf,6,Reservation of Wards and post of Chairperson of Municipal Boards_2020.pdf,,
Assam,2020,Barpeta,Barpeta,Barpeta,17,22,75,ulb_ward,Municipal Board ward,Woman,NONE,1,Women,reserved_only,latin,data/assam/pdfs/Reservation of Wards and post of Chairperson of Municipal Boards_2020.pdf,6,Reservation of Wards and post of Chairperson of Municipal Boards_2020.pdf,,
Assam,2020,Barpeta,Barpeta,Barpeta,19,22,75,ulb_ward,Municipal Board ward,Woman,NONE,1,Women,reserved_only,latin,data/assam/pdfs/Reservation of Wards and post of Chairperson of Municipal Boards_2020.pdf,6,Reservation of Wards and post of Chairperson of Municipal Boards_2020.pdf,,
Assam,2020,Barpeta,Barpeta,Barpeta,20,22,75,ulb_ward,Municipal Board ward,Woman,NONE,1,Women,reserved_only,latin,data/assam/pdfs/Reservation of Wards and post of Chairperson of Municipal Boards_2020.pdf,6,Reservation of Wards and post of Chairperson of Municipal Boards_2020.pdf,,
Assam,2020,Barpeta,Barpeta,Barpeta,22,22,75,ulb_ward,Municipal Board ward,Woman,NONE,1,Women,reserved_only,latin,data/assam/pdfs/Reservation of Wards and post of Chairperson of Municipal Boards_2020.pdf,6,Reservation of Wards and post of Chairperson of Municipal Boards_2020.pdf,,
Assam,2020,Barpeta,Barpeta,Howly,2,10,76,ulb_ward,Municipal Board ward,Woman,NONE,1,Women,reserved_only,latin,data/assam/pdfs/Reservation of Wards and post of Chairperson of Municipal Boards_2020.pdf,6,Reservation of Wards and post of Chairperson of Municipal Boards_2020.pdf,,
Assam,2020,Barpeta,Barpeta,Howly,3,10,76,ulb_ward,Municipal Board ward,Woman,NONE,1,Women,reserved_only,latin,data/assam/pdfs/Reservation of Wards and post of Chairperson of Municipal Boards_2020.pdf,6,Reservation of Wards and post of Chairperson of Municipal Boards_2020.pdf,,
Assam,2020,Barpeta,Barpeta,Howly,4,10,76,ulb_ward,Municipal Board ward,Woman,NONE,1,Women,reserved_only,latin,data/assam/pdfs/Reservation of Wards and post of Chairperson of Municipal Boards_2020.pdf,6,Reservation of Wards and post of Chairperson of Municipal Boards_2020.pdf,,
Assam,2020,Barpeta,Barpeta,Howly,7,10,76,ulb_ward,Municipal Board ward,Woman,NONE,1,Women,reserved_only,latin,data/assam/pdfs/Reservation of Wards and post of Chairperson of Municipal Boards_2020.pdf,6,Reservation of Wards and post of Chairperson of Municipal Boards_2020.pdf,,
Assam,2020,Barpeta,Barpeta,Howly,8,10,76,ulb_ward,Municipal Board ward,Woman,NONE,1,Women,reserved_only,latin,data/assam/pdfs/Reservation of Wards and post of Chairperson of Municipal Boards_2020.pdf,6,Reservation of Wards and post of Chairperson of Municipal Boards_2020.pdf,,
Assam,2020,Barpeta,Barpeta,Sarthebari,5,10,77,ulb_ward,Municipal Board ward,Woman,NONE,1,Women,reserved_only,latin,data/assam/pdfs/Reservation of Wards and post of Chairperson of Municipal Boards_2020.pdf,6,Reservation of Wards and post of Chairperson of Municipal Boards_2020.pdf,,
Assam,2020,Barpeta,Barpeta,Sarthebari,6,10,77,ulb_ward,Municipal Board ward,Woman,NONE,1,Women,reserved_only,latin,data/assam/pdfs/Reservation of Wards and post of Chairperson of Municipal Boards_2020.pdf,6,Reservation of Wards and post of Chairperson of Municipal Boards_2020.pdf,,
Assam,2020,Barpeta,Barpeta,Sarthebari,7,10,77,ulb_ward,Municipal Board ward,Woman,NONE,1,Women,reserved_only,latin,data/assam/pdfs/Reservation of Wards and post of Chairperson of Municipal Boards_2020.pdf,6,Reservation of Wards and post of Chairperson of Municipal Boards_2020.pdf,,
Assam,2020,Barpeta,Barpeta,Sarthebari,8,10,77,ulb_ward,Municipal Board ward,Woman,NONE,1,Women,reserved_only,latin,data/assam/pdfs/Reservation of Wards and post of Chairperson of Municipal Boards_2020.pdf,6,Reservation of Wards and post of Chairperson of Municipal Boards_2020.pdf,,
Assam,2020,Barpeta,Barpeta,Sarthebari,9,10,77,ulb_ward,Municipal Board ward,Woman,NONE,1,Women,reserved_only,latin,data/assam/pdfs/Reservation of Wards and post of Chairperson of Municipal Boards_2020.pdf,6,Reservation of Wards and post of Chairperson of Municipal Boards_2020.pdf,,
Assam,2020,Barpeta,Barpeta,Barpeta Road,2,10,78,ulb_ward,Municipal Board ward,SC Woman,SC,1,SC (Women),reserved_only,latin,data/assam/pdfs/Reservation of Wards and post of Chairperson of Municipal Boards_2020.pdf,6,Reservation of Wards and post of Chairperson of Municipal Boards_2020.pdf,,
Assam,2020,Barpeta,Barpeta,Barpeta Road,1,10,78,ulb_ward,Municipal Board ward,Woman,NONE,1,Women,reserved_only,latin,data/assam/pdfs/Reservation of Wards and post of Chairperson of Municipal Boards_2020.pdf,6,Reservation of Wards and post of Chairperson of Municipal Boards_2020.pdf,,
Assam,2020,Barpeta,Barpeta,Barpeta Road,5,10,78,ulb_ward,Municipal Board ward,Woman,NONE,1,Women,reserved_only,latin,data/assam/pdfs/Reservation of Wards and post of Chairperson of Municipal Boards_2020.pdf,6,Reservation of Wards and post of Chairperson of Municipal Boards_2020.pdf,,
Assam,2020,Barpeta,Barpeta,Barpeta Road,6,10,78,ulb_ward,Municipal Board ward,Woman,NONE,1,Women,reserved_only,latin,data/assam/pdfs/Reservation of Wards and post of Chairperson of Municipal Boards_2020.pdf,6,Reservation of Wards and post of Chairperson of Municipal Boards_2020.pdf,,
Assam,2020,Barpeta,Barpeta,Barpeta Road,10,10,78,ulb_ward,Municipal Board ward,Woman,NONE,1,Women,reserved_only,latin,data/assam/pdfs/Reservation of Wards and post of Chairperson of Municipal Boards_2020.pdf,6,Reservation of Wards and post of Chairperson of Municipal Boards_2020.pdf,,
Assam,2020,Barpeta,Barpeta,Sorbhog,1,10,79,ulb_ward,Municipal Board ward,Woman,NONE,1,Women,reserved_only,latin,data/assam/pdfs/Reservation of Wards and post of Chairperson of Municipal Boards_2020.pdf,6,Reservation of Wards and post of Chairperson of Municipal Boards_2020.pdf,,
Assam,2020,Barpeta,Barpeta,Sorbhog,2,10,79,ulb_ward,Municipal Board ward,Woman,NONE,1,Women,reserved_only,latin,data/assam/pdfs/Reservation of Wards and post of Chairperson of Municipal Boards_2020.pdf,6,Reservation of Wards and post of Chairperson of Municipal Boards_2020.pdf,,
Assam,2020,Barpeta,Barpeta,Sorbhog,5,10,79,ulb_ward,Municipal Board ward,Woman,NONE,1,Women,reserved_only,latin,data/assam/pdfs/Reservation of Wards and post of Chairperson of Municipal Boards_2020.pdf,6,Reservation of Wards and post of Chairperson of Municipal Boards_2020.pdf,,
Assam,2020,Barpeta,Barpeta,Sorbhog,8,10,79,ulb_ward,Municipal Board ward,Woman,NONE,1,Women,reserved_only,latin,data/assam/pdfs/Reservation of Wards and post of Chairperson of Municipal Boards_2020.pdf,6,Reservation of Wards and post of Chairperson of Municipal Boards_2020.pdf,,
Assam,2020,Barpeta,Barpeta,Sorbhog,10,10,79,ulb_ward,Municipal Board ward,Woman,NONE,1,Women,reserved_only,latin,data/assam/pdfs/Reservation of Wards and post of Chairperson of Municipal Boards_2020.pdf,6,Reservation of Wards and post of Chairperson of Municipal Boards_2020.pdf,,
Assam,2020,Barpeta,Bajali,Pathsala,8,10,80,ulb_ward,Municipal Board ward,SC Other than Woman,SC,0,SC,reserved_only,latin,data/assam/pdfs/Reservation of Wards and post of Chairperson of Municipal Boards_2020.pdf,6,Reservation of Wards and post of Chairperson of Municipal Boards_2020.pdf,,
Assam,2020,Barpeta,Bajali,Pathsala,2,10,80,ulb_ward,Municipal Board ward,Woman,NONE,1,Women,reserved_only,latin,data/assam/pdfs/Reservation of Wards and post of Chairperson of Municipal Boards_2020.pdf,6,Reservation of Wards and post of Chairperson of Municipal Boards_2020.pdf,,
Assam,2020,Barpeta,Bajali,Pathsala,3,10,80,ulb_ward,Municipal Board ward,Woman,NONE,1,Women,reserved_only,latin,data/assam/pdfs/Reservation of Wards and post of Chairperson of Municipal Boards_2020.pdf,6,Reservation of Wards and post of Chairperson of Municipal Boards_2020.pdf,,
Assam,2020,Barpeta,Bajali,Pathsala,4,10,80,ulb_ward,Municipal Board ward,Woman,NONE,1,Women,reserved_only,latin,data/assam/pdfs/Reservation of Wards and post of Chairperson of Municipal Boards_2020.pdf,6,Reservation of Wards and post of Chairperson of Municipal Boards_2020.pdf,,
Assam,2020,Barpeta,Bajali,Pathsala,9,10,80,ulb_ward,Municipal Board ward,Woman,NONE,1,Women,reserved_only,latin,data/assam/pdfs/Reservation of Wards and post of Chairperson of Municipal Boards_2020.pdf,6,Reservation of Wards and post of Chairperson of Municipal Boards_2020.pdf,,
Assam,2020,Barpeta,Bajali,Pathsala,10,10,80,ulb_ward,Municipal Board ward,Woman,NONE,1,Women,reserved_only,latin,data/assam/pdfs/Reservation of Wards and post of Chairperson of Municipal Boards_2020.pdf,6,Reservation of Wards and post of Chairperson of Municipal Boards_2020.pdf,,
Assam,2020,Barpeta,Bajali,Patacharkuchi,4,10,81,ulb_ward,Municipal Board ward,Woman,NONE,1,Women,reserved_only,latin,data/assam/pdfs/Reservation of Wards and post of Chairperson of Municipal Boards_2020.pdf,6,Reservation of Wards and post of Chairperson of Municipal Boards_2020.pdf,,
Assam,2020,Barpeta,Bajali,Patacharkuchi,6,10,81,ulb_ward,Municipal Board ward,Woman,NONE,1,Women,reserved_only,latin,data/assam/pdfs/Reservation of Wards and post of Chairperson of Municipal Boards_2020.pdf,6,Reservation of Wards and post of Chairperson of Municipal Boards_2020.pdf,,
Assam,2020,Barpeta,Bajali,Patacharkuchi,8,10,81,ulb_ward,Municipal Board ward,Woman,NONE,1,Women,reserved_only,latin,data/assam/pdfs/Reservation of Wards and post of Chairperson of Municipal Boards_2020.pdf,6,Reservation of Wards and post of Chairperson of Municipal Boards_2020.pdf,,
Assam,2020,Barpeta,Bajali,Patacharkuchi,9,10,81,ulb_ward,Municipal Board ward,Woman,NONE,1,Women,reserved_only,latin,data/assam/pdfs/Reservation of Wards and post of Chairperson of Municipal Boards_2020.pdf,6,Reservation of Wards and post of Chairperson of Municipal Boards_2020.pdf,,
Assam,2020,Barpeta,Bajali,Patacharkuchi,10,10,81,ulb_ward,Municipal Board ward,Woman,NONE,1,Women,reserved_only,latin,data/assam/pdfs/Reservation of Wards and post of Chairperson of Municipal Boards_2020.pdf,6,Reservation of Wards and post of Chairperson of Municipal Boards_2020.pdf,,
