ward	reservation_status	party	sex	name	age	education_level	professional_education	pan_card	no_of_criminal_cases	new_fir	total_funds	score	gbm_attended	total_gbms	ward_attendance	total_ward_meetings	other_meetings	total_other_meetings	year	chargesheet	dob	votes	data_discrepancy	runner_up_party	margin	conditionofroads	trafficjamscongestionofroads	availabilityofpublicgardensopenp	availabilityofpublictransportfac	availabilityoffoodthroughrations	hospitalsandothermedicalfaciliti	appropriateschoolsandcolleges	powersupply	watersupply	waterloggingduringrainyseason	pollutionproblems	instancesofcrime	lawordersituation	cleanlinesssanitationfacilities	recallforpartynametowhichthecorp	recallfornameofthecorporator	accesibilityofthecorporator	satisfactionwiththecorporator	curruption	improvmentinlifestyle	samplesize	availabilityoffootpathsandpedest	animalhusbandry	buildings	mmrda	mhada	colonyofficer	disastermanagement	drainage	estate	footpaths	garden	license	firebrigaderelated	mcgmrelated	municipalpropertycolonies	negligenceindutyofmcgmofficialss	compensationrehabilitation	govermentmunicipalplotmarketrela	humanresourcesrelated	infrastructureequipmentsgovernme	infrastructuredevelopementunderd	issueofbirthdeathcertificates	miscellaneousissuesrelated	mmrdarelated	nuisanceduetostraydogsmonkeysetc	unauthorizedslaughterofanimals	pestcontrol	pollution	roads	shopandestablishment	solidwastemanagementswm	stormwaterdrainageswd	toilet	v83	schemespoliciesincivicissues	foodrationingschemes	schemespoliciesincommunitywelfar	anganwadibalwadicrecherelated	cemeteriescrematoriumrelated	communitydevelopmentrelated	communitytemple	constructionandmaintaininggymnas	constructionofcommunityhall	constructionimprovementofcommuni	playgroundmeterialequipmentrelat	playgroundrelated	providingandfixingprotectiveandc	providingandfixingshahabadladi	recreationalgroundrelated	repairandconstructionoflibraryst	slumdevelopementrelated	slumrehabilitationauthoritysrare	sportscomplexsportsrelated	washingplaces	seniorcitizensdisabledpersonsrel	crime	educationother	municipalschool	schemespoliciesineducation	electricity	energyother	forest	healthinfrastructureequipmentsfa	healthother	schemespoliciesonhealthmortality	sensitivediseases	industries	irrigation	legalsystem	mining	otherissuesrelated	schemespoliciesinotherissuesrela	revenueother	directtax	octroi	taxevasions	taxexemption	taxrelated	scamscorruption	schemespolicies	socialculturalconcernsother	namingrenamingofroadschowksmonum	roadtransport	tansportother	term	newid	adminward	slum	woman	reservation_facebook	genderquota	caste_quota	castenum	lowcaste	criminal	attend_corp	attend_ward	total_attend	funds_prop	attend_univ	pancard	Importanceofquestionsaskedby	QuestionsaskedcomparedtoCiti	q_corporation	q_crimecorrupt	q_culture	q_distribution	q_education	q_health	q_housing	q_humanres	q_license	q_otherinfrastructure	q_pollution	q_recreationcommunity	q_renaming	q_tax	q_transport	q_watertoilets	q_other	total_questions	party_grouped	partynum	sena	rich	richgender	poor	poorgender	slum_gender
1	"W"	"INC"	"Female"	"Sheetal Ashok Mhatre"									27	51	11	19	0	0	2011			"7901"		"SS"	"3877"	73.837	66.214	70.83	71.156		74.897	74.933	75.647	72.249	62.865	61.757	64.661	68.669	67.922					74.49		133		0	1	0	0	0	0	0	0	0	0	1	0	0	0	0	0	0	0	0	0	0	0	0	0	0	0	0	1	0	0	0	0		0	0	0	0	0	0	0	0	0	0	0	0	0	0	0	0	0	0	0	0	0	0	0	0	0	0	0	0	0	0	0	0	0	0	0	0	0	0	0	0	0	0	0	0	0	0	0	0	0	0	2007.0	1.0	"R/N"	0.47	1.0		1.0	"G"	1	0.0		0.5294118	0.57894737	0.54285717				12.0	5.688545688545688	0.0	0.0	0.0	0.0	0.0	0.0	0.33333334	0.0	0.33333334	0.0	0.0	0.0	0.0	0.0	0.33333334	0.0	0.0	3.0	"INC"	2	0.0	1.0	1.0	0.0	0.0	0.47
1		"SS"	"Male"	"Abhishek Vinod Ghosalkar"	30	"HSC"	"Maharashtra Board Technical Education"	"Yes"	0		5959462.0		56	70	19	19	19	29	2013			"8275"		"NCP"	"1900"	60.819	56.096	53.886	72.03	58.348	58.095	61.446	76.378	76.293	53.249	49.813	50.852	54.341	53.183	1.5	32.2	50.28	64.135	61.0475	72.0325			0	0	0	0	0	0	0	0	0	0	1	0	0	0	0	0	1	0	0	0	0	0	0	0	0	0	0	6	0	0	1	0		0	0	0	0	0	2	0	0	0	0	0	1	0	0	0	0	0	0	0	0	0	0	0	0	0	0	0	2	0	0	0	0	0	0	0	0	0	0	0	0	0	0	0	0	1	0	0	6	0	0	2012.0	2.0	"R/N"	0.47	0.0	"G"	0.0	"G"	1	0.0	0.0	0.8	1.0	0.8703704	0.9932437	1.0	1.0	16.42857142857143	1.6281823564239195	0.0	0.04761905	0.0	0.0	0.0	0.0	0.04761905	0.0	0.04761905	0.0	0.04761905	0.14285715	0.2857143	0.0	0.2857143	0.0	0.0952381	21.0	"SS"	5	1.0	1.0	0.0	0.0	0.0	0.0
1		"SS"	"Male"	"Abhishek Vinod Ghosalkar"	31	"HSC"	"Maharashtra Board Technical Education"	"Yes"	0		1.1965E7		53	65	11	17	17	24	2014							45.64	42.198	38.447	52.177	41.887	48.3	49.307	51.507	49.305	41.868	39.069	41.162	41.581	39.984	1.2	10.0	43.66	48.53	66.1425	61.6525			0	2	0	0	0	0	1	0	0	1	3	0	5	0	0	2	1	3	0	1	0	0	0	0	0	0	0	11	1	1	1	0	3	0	0	1	0	0	0	0	0	0	0	0	0	0	0	0	0	0	0	0	0	0	0	0	0	0	2	0	0	0	0	0	0	0	0	0	0	0	0	0	1	0	0	0	0	1	0	0	0	0	0	2012.0	2.0	"R/N"	0.47	0.0	"G"	0.0	"G"	1	0.0	0.0	0.8153846	0.64705884	0.8181818	0.9970833	1.0	1.0	16.195121951219512	6.07178978302769	0.12195122	0.024390243	0.0	0.024390243	0.0	0.0	0.17073171	0.07317073	0.07317073	0.07317073	0.048780486	0.0	0.0	0.024390243	0.2682927	0.07317073	0.024390243	41.0	"SS"	5	1.0	1.0	0.0	0.0	0.0	0.0
1		"SS"	"Male"	"Abhishek Vinod Ghosalkar"	32	"HSC"	"Maharashtra Board Technical Education"	"Yes"	0		4494000.0		61	79	6	19	15	22	2015							70.464	72.932	66.741	77.479	49.875	70.953	78.756	83.996	76.975	63.294	70.496	67.465	70.729	78.173	64.1	65.1	70.05666	77.3075	76.535	72.99			0	6	0	0	0	0	0	0	0	1	0	0	1	0	0	1	7	0	0	0	0	0	0	0	0	0	0	1	0	1	0	1		1	0	0	0	1	0	0	0	0	0	0	0	0	0	0	0	0	0	0	0	0	0	5	1	0	0	0	0	1	3	5	1	0	0	0	0	0	0	2	0	0	0	0	0	0	1	5	0	0	0	2012.0	2.0	"R/N"	0.47	0.0	"G"	0.0	"G"	1	0.0	0.0	0.7721519	0.31578946	0.7256637	0.749	1.0	1.0	13.2	3.0191366266132618	0.022222223	0.0	0.11111111	0.044444446	0.13333334	0.22222222	0.33333334	0.0	0.0	0.0	0.022222223	0.022222223	0.0	0.044444446	0.022222223	0.022222223	0.0	45.0	"SS"	5	1.0	1.0	0.0	0.0	0.0	0.0
1		"SS"	"Male"	"Abhishek Vinod Ghosalkar"	33	"HSC"	"Maharashtra Board Technical Education"	"Yes"	0		6322697.0		60	74	16	18	13	18	2016							80.09	69.053	76.375	81.033	64.648	76.093	75.082	76.291	75.436	75.607	77.331	76.569	74.993	75.81	40.2	54.7	63.246666	77.7725	72.985	71.8125			1	0	0	0	0	2	0	0	0	0	2	1	2	0	0	0	1	8	1	0	0	0	0	1	0	0	0	2	0	0	2	1	1	0	0	0	0	0	0	0	0	0	0	0	0	0	0	0	0	0	0	0	0	1	0	0	0	1	0	0	0	1	0	0	0	0	0	0	0	2	0	0	0	0	0	0	0	0	0	3	0	0	0	2012.0	2.0	"R/N"	0.47	0.0	"G"	0.0	"G"	1	0.0	0.0	0.8108108	0.8888889	0.84761906	0.5268914	1.0	1.0	13.0	3.8639432815665082	0.0625	0.0	0.09375	0.0	0.03125	0.03125	0.03125	0.25	0.0625	0.0	0.09375	0.0	0.0	0.0	0.0625	0.0625	0.21875	32.0	"SS"	5	1.0	1.0	0.0	0.0	0.0	0.0
1	"W"	"SS"	"Female"	"Tejasvee Abhishek Ghosalkar"	31	"Graduate"		"Yes"	0		5579523.5		91	102	31	36	23	30	2018		32138	"4913"		"Ind"	"1824"	59.022	60.578	61.025	66.42		68.747	68.8	71.486	77.819	58.433	61.913	62.176	71.913	59.655	67.1	41.0	57.616665	61.695	71.755	71.8475		61.295	0	3	0	0	0	3	0	0	0	1	4	0	0	0	0	0	0	1	0	0	0	0	0	0	0	0	0	2	0	0	0	0	1	0	0	0	0	0	0	0	0	0	0	0	0	0	0	0	0	0	0	0	0	0	0	0	1	0	0	0	0	1	2	0	0	0	0	0	0	0	0	0	0	0	0	0	0	0	0	0	4	0	0	2017.0	3.0	"R/N"	0.47	1.0		1.0	"G"	1	0.0	0.0	0.89215684	0.8611111	0.9006211	0.92992055	1.0	1.0	10.145717391304348	5.256554307116105	0.0	0.0	0.0	0.0	0.04347826	0.13043478	0.17391305	0.04347826	0.17391305	0.0	0.0	0.0	0.17391305	0.0	0.08695652	0.04347826	0.13043478	23.0	"SS"	5	1.0	1.0	1.0			0.47
2		"SS"	"Male"	"Bhalchandra Chintaman Mhatre "									48	51	14	19	9	13	2011			"10055"		"INC"	"4858"	72.527	68.656	68.691	67.708		73.314	70.381	71.676	65.854	65.515	65.571	65.462	64.6	66.741					69.2575		184		0	0	0	0	0	0	2	0	0	0	0	0	0	0	0	0	0	0	0	0	0	0	0	0	0	0	0	1	0	0	0	0	2	0	0	0	0	0	0	0	0	0	0	0	0	0	0	0	0	0	0	0	0	0	0	0	0	0	0	0	0	0	0	0	0	0	0	0	0	0	0	0	0	0	0	0	0	0	0	0	4	0	0	2007.0	334.0	"R/N"	0.47	0.0		0.0			1.0		0.9411765	0.7368421	0.89873415				14.0	2.7413127413127416	0.0	0.0	0.0	0.0	0.0	0.0	0.22222222	0.0	0.0	0.0	0.0	0.0	0.44444445	0.0	0.11111111	0.22222222	0.0	9.0	"SS"	5	1.0	1.0	0.0	0.0	0.0	0.0
2	"W"	"SS"	"Female"	"Sheetal Mukesh Mhatre"	39	"B.A."	"Public Relation and Journalism"	"Yes"	0		5624456.5		63	70	15	19	14	18	2013			"10686"		"MNS"	"4319"	73.654	60.699	59.821	77.911	71.434	74.667	72.173	83.398	81.396	64.272	59.57	59.62	63.847	64.711	25.9	71.0	65.77333	69.8575	63.165	70.8675			0	0	0	0	0	0	0	0	0	2	0	0	0	0	0	0	0	0	0	0	0	0	0	0	0	0	0	0	0	0	0	0		0	0	1	0	0	0	0	0	0	0	0	0	0	0	0	0	0	0	0	0	0	0	0	1	0	0	0	0	1	1	3	0	0	0	0	0	0	0	0	0	0	0	0	0	0	1	3	8	0	0	2012.0	335.0	"R/N"	0.47	1.0	"OBC-W"	1.0	"OBC"	2	1.0	0.0	0.9	0.7894737	0.89320385	0.9374094	1.0	1.0	9.0	0.21314387211367675	0.0	0.0	0.14285715	0.0952381	0.04761905	0.23809524	0.0952381	0.0	0.0	0.0	0.0	0.0	0.3809524	0.0	0.0	0.0	0.0	21.0	"SS"	5	1.0	1.0	1.0	0.0	0.0	0.47
2	"W"	"SS"	"Female"	"Sheetal Mukesh Mhatre"	40	"B.A."	"Public Relation and Journalism"	"Yes"	0		1.1462E7		60	65	12	17	15	17	2014							54.225	54.424	44.551	54.705	47.507	53.038	55.103	58.628	54.349	50.504	49.914	47.444	50.965	45.017	8.1	14.2	56.906666	58.1725	62.605	67.655			0	1	0	0	0	0	0	0	0	0	0	0	1	0	0	0	4	0	0	0	0	0	0	0	0	0	0	3	0	0	1	0		0	0	1	0	0	0	0	0	0	0	0	0	0	0	0	0	0	0	0	0	0	0	0	0	1	0	0	3	0	3	5	0	0	0	0	0	0	0	0	0	0	0	0	0	0	0	2	0	0	0	2012.0	335.0	"R/N"	0.47	1.0	"OBC-W"	1.0	"OBC"	2	1.0	0.0	0.9230769	0.7058824	0.8969072	0.95516664	1.0	1.0	14.2	2.8326876959970484	0.04	0.0	0.08	0.04	0.04	0.32	0.2	0.0	0.0	0.0	0.04	0.0	0.0	0.0	0.12	0.0	0.12	25.0	"SS"	5	1.0	1.0	1.0	0.0	0.0	0.47
2	"W"	"SS"	"Female"	"Sheetal Mukesh Mhatre"	41	"B.A."	"Public Relation and Journalism"	"Yes"	0		3495000.0		67	79	17	19	15	24	2015							67.361	62.555	57.629	75.89	51.167	75.523	78.003	84.843	70.468	53.025	65.187	65.4	71.061	67.736	80.8	89.0	72.416664	74.805	81.035	73.595			0	0	0	0	0	0	1	0	0	1	2	0	2	0	0	3	0	1	0	0	0	0	0	0	0	0	1	1	0	2	1	0	1	0	0	0	0	1	0	0	0	0	0	0	0	0	0	0	0	0	0	1	0	0	0	0	1	0	0	0	0	0	1	1	2	1	0	0	0	0	0	1	0	0	0	0	0	0	1	2	2	0	0	2012.0	335.0	"R/N"	0.47	1.0	"OBC-W"	1.0	"OBC"	2	1.0	0.0	0.84810126	0.8947368	0.8761062	0.5825	1.0	1.0	12.6	3.3177570093457938	0.06666667	0.0	0.06666667	0.033333335	0.033333335	0.13333334	0.16666667	0.033333335	0.06666667	0.0	0.13333334	0.06666667	0.06666667	0.033333335	0.033333335	0.033333335	0.033333335	30.0	"SS"	5	1.0	1.0	1.0	0.0	0.0	0.47
2	"W"	"SS"	"Female"	"Sheetal Mukesh Mhatre"	42	"B.A."	"Public Relation and Journalism"	"Yes"	0		5975323.0		68	74	14	18	41	51	2016							72.812	75.363	76.635	83.909	78.075	81.999	83.279	84.098	78.177	67.55	65.913	70.006	75.007	75.372	45.5	50.9	62.123333	76.165	71.0675	65.91			0	0	0	0	0	1	1	0	0	0	0	0	2	0	0	0	2	2	0	0	0	1	0	0	0	2	2	2	0	1	0	1		0	0	0	0	2	0	0	0	0	0	0	1	0	0	0	0	0	0	0	0	1	0	1	3	4	0	0	0	4	5	7	1	0	0	0	0	1	0	0	0	0	0	0	0	0	0	0	2	0	0	2012.0	335.0	"R/N"	0.47	1.0	"OBC-W"	1.0	"OBC"	2	1.0	0.0	0.9189189	0.7777778	0.924812	0.49794358	1.0	1.0	10.775510204081632	1.7616119975834248	0.040816326	0.0	0.0	0.0	0.1632653	0.3469388	0.06122449	0.040816326	0.0	0.0	0.10204082	0.06122449	0.040816326	0.0	0.040816326	0.020408163	0.08163265	49.0	"SS"	5	1.0	1.0	1.0	0.0	0.0	0.47
2	"G"	"BJP"	"Male"	"Jagdish Karunashankar Oza"	51	"HSC"		"Yes"	0		4856220.5		97	102	36	36	29	37	2018		24592	"10719"		"SS"	"2795"	64.896	66.798	67.652	77.548		75.275	73.172	75.426	71.272	64.044	74.934	70.362	73.268	81.21	88.8	99.2	71.46667	29.43	98.36	90.155		71.025	0	1	0	0	0	0	0	0	0	1	0	0	1	1	0	0	0	0	0	0	0	0	0	0	0	0	0	0	0	0	0	0		0	0	0	0	0	1	0	0	0	0	0	0	0	0	0	1	0	0	0	0	0	0	0	0	0	0	0	0	0	0	0	0	0	0	0	0	0	0	0	0	0	0	0	0	0	0	0	1	0	0	2017.0	336.0	"R/N"	0.47	0.0		0.0	"G"	1	0.0	0.0	0.95098037	1.0	0.9700599	0.8093701	0.0	1.0	7.356	3.1179775280898876	0.14285715	0.0	0.0	0.0	0.0	0.0	0.42857143	0.0	0.0	0.0	0.0	0.2857143	0.14285715	0.0	0.0	0.0	0.0	7.0	"BJP"	1	0.0	1.0	0.0			0.0
3		"INC"	"Male"	"Rajendra Prasad Chaube"									44	51	19	19	59	75	2011			"7107"		"SS"	"2767"	72.881	59.817	69.573	72.437		72.684	72.471	76.971	68.606	54.362	55.571	52.632	66.685	62.817					67.8225		133		0	4	0	0	0	0	0	0	0	0	1	0	4	0	0	2	1	0	0	0	0	0	0	0	0	0	0	2	0	1	0	1	1	0	0	1	0	0	0	0	0	0	0	0	0	0	0	0	0	0	0	0	0	0	0	0	0	2	0	0	0	0	1	1	0	0	0	0	0	0	0	0	0	0	0	0	1	3	3	0	1	1	0	2007.0	451.0	"R/N"	0.47	0.0		0.0			1.0		0.8627451	1.0	0.9457364				11.225806451612904	6.042471042471043	0.12903225	0.09677419	0.0	0.12903225	0.06451613	0.06451613	0.22580644	0.0	0.032258064	0.0	0.032258064	0.0	0.032258064	0.032258064	0.09677419	0.06451613	0.0	31.0	"INC"	2	0.0	1.0	0.0	0.0	0.0	0.0
3	"W"	"INC"	"Female"	"Sheetal Ashok Mhatre (Kulkarni)"	35	"B.Arch."		"Yes"	0	2	5424631.5		43	70	12	19	63	87	2013	1		"7576"		"SS"	"1418"	69.485	65.308	62.499	77.7	66.758	67.771	66.425	78.427	73.72	61.153	57.941	58.832	60.615	62.511	30.4	42.1	62.01	75.755	62.905	71.67			0	0	0	0	0	0	2	0	0	0	0	0	2	0	1	0	0	0	0	0	0	0	0	0	0	0	0	0	0	0	0	0		4	0	0	0	0	0	0	0	0	0	0	0	0	0	0	0	0	0	0	0	0	0	0	0	0	0	0	1	0	1	0	0	0	0	0	0	0	0	1	0	1	0	0	0	2	0	1	0	0	0	2012.0	452.0	"R/N"	0.47	1.0	"W"	1.0	"G"	1	0.0	0.0	0.6142857	0.6315789	0.7763158	0.90410525	1.0	1.0	14.875	1.912374185908822	0.125	0.125	0.0625	0.25	0.0	0.0625	0.1875	0.0	0.0	0.0	0.0	0.0	0.0	0.125	0.0	0.0	0.0625	16.0	"INC"	2	0.0	1.0	1.0	0.0	0.0	0.47
3	"W"	"INC"	"Female"	"Sheetal Ashok Mhatre (Kulkarni)"	36	"B.Arch."		"Yes"	0	2	1.0908E7		46	65	9	17	83	124	2014							48.049	47.386	33.349	52.018	46.543	49.066	54.596	54.639	46.683	45.237	46.593	43.316	47.187	43.698	12.8	26.6	47.066666	44.3975	69.5925	59.2475			0	0	0	0	0	0	0	0	0	0	0	0	2	1	0	0	1	0	0	0	0	0	0	0	0	0	0	2	0	1	0	0		1	0	0	0	0	0	0	0	0	0	0	1	0	0	0	0	0	0	0	0	0	0	0	1	0	0	0	0	0	0	0	0	0	0	0	0	0	0	0	0	0	0	0	0	0	0	0	0	0	0	2012.0	452.0	"R/N"	0.47	1.0	"W"	1.0	"G"	1	0.0	0.0	0.7076923	0.5294118	0.8363636	0.909	1.0	1.0	15.8	3.486441615938019	0.2	0.0	0.0	0.1	0.1	0.0	0.2	0.0	0.0	0.0	0.1	0.1	0.0	0.0	0.2	0.0	0.0	10.0	"INC"	2	0.0	1.0	1.0	0.0	0.0	0.47
3	"W"	"INC"	"Female"	"Sheetal Ashok Mhatre (Kulkarni)"	37	"B.Arch."		"Yes"	0	2	4439000.0		38	79	9	19	86	166	2015							64.183	52.763	43.751	76.063	44.68	62.327	76.71	78.984	73.465	55.877	57.737	44.778	52.915	55.699	62.9	74.1	62.286667	76.3775	86.5875	72.1075			0	2	0	0	0	0	1	0	0	0	1	0	1	0	2	0	0	0	0	0	0	0	0	0	0	0	0	0	0	0	0	1		0	0	0	0	0	0	0	0	0	0	0	0	0	0	0	0	0	0	1	0	0	0	0	0	0	0	0	0	0	0	0	0	0	0	0	0	0	0	1	0	0	0	0	0	0	0	2	0	0	0	2012.0	452.0	"R/N"	0.47	1.0	"W"	1.0	"G"	1	0.0	0.0	0.48101267	0.47368422	0.72282606	0.73983335	1.0	1.0	12.0	4.1806853582554515	0.083333336	0.0	0.16666667	0.0	0.0	0.0	0.41666666	0.0	0.083333336	0.0	0.0	0.083333336	0.0	0.083333336	0.0	0.083333336	0.0	12.0	"INC"	2	0.0	1.0	1.0	0.0	0.0	0.47
3	"W"	"INC"	"Female"	"Sheetal Ashok Mhatre (Kulkarni)"	38	"B.Arch."		"Yes"	0	2	4671345.5		46	74	3	18	65	140	2016	1						78.598	76.872	75.715	79.259	76.683	78.267	78.267	77.474	78.666	77.99	75.673	75.397	76.806	75.208	2.0	40.0	64.66	75.165	80.6125	70.0075			0	4	0	0	0	0	0	0	0	0	0	0	1	0	0	0	0	2	0	0	0	0	0	0	0	0	0	1	0	1	0	0		0	0	0	0	0	0	0	0	0	0	0	0	0	0	0	0	0	0	0	0	0	0	0	0	0	0	0	0	0	0	0	0	0	0	0	0	0	0	0	0	0	0	0	1	2	0	0	0	0	0	2012.0	452.0	"R/N"	0.47	1.0	"W"	1.0	"G"	1	0.0	0.0	0.6216216	0.16666667	0.72611463	0.3892788	1.0	1.0	9.0	4.284749686505257	0.083333336	0.16666667	0.0	0.0	0.0	0.0	0.33333334	0.16666667	0.0	0.0	0.083333336	0.0	0.0	0.083333336	0.083333336	0.0	0.0	12.0	"INC"	2	0.0	1.0	1.0	0.0	0.0	0.47
3	"G"	"SS"	"Male"	"Balkrishna Jaysingh Brid"	55	"SSC"		"Yes"	1	1	5232269.0		90	102	32	36	10	15	2018	1	23234	"5193"		"Congress"	"228"	61.852	66.009	69.415	74.952		79.622	81.793	82.76	84.04	78.569	76.928	81.013	79.825	78.626	79.2	92.7	54.27667	54.33	76.2275	75.5125		63.452	0	0	0	0	0	0	0	0	0	0	0	0	0	2	0	0	0	1	0	0	0	0	0	0	0	0	0	4	0	0	1	2	1	0	0	0	0	0	0	0	0	0	0	0	0	0	0	0	0	0	0	0	0	0	0	0	0	0	0	0	0	0	0	0	0	0	0	0	0	0	0	0	0	0	0	0	0	0	0	0	0	0	0	2017.0	453.0	"R/N"	0.47	0.0		0.0	"G"	1	0.0	1.0	0.88235295	0.8888889	0.8918919	0.87204486	0.0	1.0	10.734545454545454	2.2134831460674156	0.0	0.0	0.0	0.0	0.0	0.0	0.18181819	0.09090909	0.0	0.0	0.09090909	0.0	0.0	0.0	0.36363637	0.27272728	0.0	11.0	"SS"	5	1.0	1.0	0.0			0.0
4	"W"	"SS"	"Female"	"Bhavana Bhalchandra Bhagat "									47	51	18	19	12	13	2011			"7114"		"MNS"	"2106"	70.391	69.453	67.228	66.504		71.661	66.11	69.43	66.865	62.033	62.762	62.622	63.573	64.897					53.1425		119		0	1	0	0	0	0	0	0	0	0	0	0	0	0	0	0	0	0	0	0	0	0	0	0	0	0	0	3	0	0	0	0	1	0	0	0	0	0	0	0	0	0	0	0	0	0	0	0	0	0	0	0	0	0	0	0	0	0	0	0	0	0	0	0	0	0	0	0	0	0	0	0	0	0	0	0	0	0	0	0	0	0	0	2007.0	484.0	"R/N"	0.47	1.0		1.0	"G"	1	0.0		0.92156863	0.94736844	0.9390244				11.6	3.9980694980694977	0.0	0.0	0.0	0.0	0.0	0.0	0.2	0.0	0.0	0.0	0.0	0.0	0.0	0.0	0.6	0.2	0.0	5.0	"SS"	5	1.0	1.0	1.0	0.0	0.0	0.47
4		"SS"	"Male"	"Udesh Shantaram Patekar"	45	"S.Y.B.Com."		"Yes"	1	1	5044965.0		69	70	17	19	21	25	2013	1		"8747"		"MNS"	"319"	71.59	67.891	66.508	71.041	69.513	67.344	69.412	72.356	71.607	61.858	60.352	59.248	66.839	67.52	34.1	40.1	64.816666	71.6175	73.8825	72.27			0	1	0	0	0	0	0	0	0	0	1	0	0	0	0	0	0	0	0	0	0	0	0	0	0	0	0	2	0	0	0	1	2	2	0	0	0	0	0	0	0	0	0	0	0	0	0	0	0	0	0	0	0	0	0	0	0	0	0	0	0	0	0	0	0	1	0	0	0	0	0	0	0	0	0	0	0	1	0	0	0	0	0	2012.0	485.0	"R/N"	0.47	0.0	"G"	0.0	"G"	1	0.0	1.0	0.98571426	0.8947368	0.9727273	0.8408275	1.0	1.0	14.0	3.4889621923369702	0.0	0.09090909	0.0	0.18181819	0.0	0.0	0.09090909	0.0	0.09090909	0.0	0.0	0.0	0.0	0.0	0.18181819	0.27272728	0.09090909	11.0	"SS"	5	1.0	1.0	0.0	0.0	0.0	0.0
4		"SS"	"Male"	"Udesh Shantaram Patekar"	46	"S.Y.B.Com."		"Yes"	1	1	1.0956E7		61	65	14	17	10	14	2014							51.784	48.055	34.932	56.003	45.447	49.629	51.625	55.024	46.786	41.937	39.463	42.996	43.832	40.943	2.8	16.7	41.18	45.7575	64.615	69.35			1	0	0	0	0	0	0	0	0	0	1	0	0	0	0	1	9	0	0	0	0	2	0	0	0	0	0	2	0	1	0	1	2	0	0	0	0	0	0	0	0	0	0	0	0	0	0	0	0	0	0	0	0	0	0	0	0	0	0	0	0	0	0	0	0	0	0	0	0	0	0	0	0	0	0	0	0	0	0	0	0	0	0	2012.0	485.0	"R/N"	0.47	0.0	"G"	0.0	"G"	1	0.0	1.0	0.93846154	0.8235294	0.92391306	0.913	1.0	1.0	10.8	4.921337655150603	0.0	0.0	0.0	0.0	0.0	0.0	0.5	0.0	0.05	0.0	0.05	0.0	0.0	0.0	0.1	0.15	0.15	20.0	"SS"	5	1.0	1.0	0.0	0.0	0.0	0.0
4		"SS"	"Male"	"Udesh Shantaram Patekar"	47	"S.Y.B.Com."		"Yes"	1	1	5848000.0		70	79	15	19	24	34	2015							60.088	47.856	53.713	61.225	59.255	67.414	68.679	73.731	69.331	48.777	47.398	49.316	58.134	59.778	0.7	44.6	61.156666	68.4275	76.5025	58.52			0	0	0	0	0	0	0	0	0	0	0	0	0	0	0	1	0	1	0	0	0	0	0	0	0	0	0	1	0	0	0	0		0	0	0	0	0	0	0	0	0	0	0	0	0	0	0	0	0	0	0	0	0	0	0	0	0	0	0	0	0	0	0	0	0	0	0	0	0	0	0	0	0	0	0	0	0	0	0	0	0	0	2012.0	485.0	"R/N"	0.47	0.0	"G"	0.0	"G"	1	0.0	1.0	0.886076	0.7894737	0.89344263	0.97466666	1.0	1.0	15.0	3.601246105919003	0.0	0.0	0.0	0.0	0.0	0.0	0.33333334	0.33333334	0.0	0.0	0.0	0.0	0.0	0.0	0.33333334	0.0	0.0	3.0	"SS"	5	1.0	1.0	0.0	0.0	0.0	0.0
4		"SS"	"Male"	"Udesh Shantaram Patekar"	48	"S.Y.B.Com."		"Yes"	0		5691654.0		60	74	17	18	19	31	2016							63.04	59.44	64.0	64.96	64.96	65.84	73.84	68.32	67.6	56.213	56.96	56.64	68.96	64.8	78.4	86.4	50.666668	79.9925	51.47	70.595			0	1	0	0	0	0	1	0	0	0	1	0	0	0	0	1	0	0	0	1	0	0	0	0	0	0	0	4	0	1	0	0		0	0	0	0	0	0	0	0	0	0	0	0	0	0	0	0	0	0	0	0	0	0	1	0	0	0	0	0	0	0	0	0	0	0	0	0	0	0	0	0	0	0	0	0	0	1	0	0	0	0	2012.0	485.0	"R/N"	0.47	0.0	"G"	0.0	"G"	1	0.0	0.0	0.8108108	0.9444444	0.8648649	0.4743045	1.0	1.0	15.5	6.081476479855953	0.0	0.0	0.0	0.083333336	0.083333336	0.0	0.25	0.0	0.083333336	0.083333336	0.083333336	0.0	0.0	0.0	0.33333334	0.0	0.0	12.0	"SS"	5	1.0	1.0	0.0	0.0	0.0	0.0
4	"W"	"SS"	"Female"	"Sujata Udesh Patekar "	45	"Graduate"		"Yes"	0		4830313.5		92	102	31	36	71	76	2018		26939	"11078"		"BJP"	"4167"	77.436	71.751	70.815	77.941		71.508	72.479	73.328	69.288	66.789	60.177	66.763	69.31	63.9	78.3	40.7	72.81	38.66	83.8175	78.11		54.927	0	0	0	0	0	0	0	0	0	0	2	0	0	0	0	0	0	0	0	0	0	0	0	0	0	0	0	7	0	2	1	1	1	0	0	1	0	0	0	0	0	0	0	0	0	0	0	0	0	0	0	0	0	0	1	0	0	0	0	0	0	0	4	0	0	0	0	0	0	0	0	1	0	0	0	0	0	0	0	0	2	0	0	2017.0	486.0	"R/N"	0.47	1.0		1.0	"G"	1	0.0	0.0	0.9019608	0.8611111	0.9282297	0.8050522	1.0	1.0	13.991804347826086	4.01498127340824	0.0	0.04347826	0.0	0.04347826	0.0	0.17391305	0.0	0.0	0.08695652	0.0	0.13043478	0.0	0.08695652	0.04347826	0.3043478	0.08695652	0.0	23.0	"SS"	5	1.0	1.0	1.0			0.47
5	"W"	"SS"	"Female"	"Sujata Udesh Patekar"									42	51	12	19	20	30	2011			"5610"		"MNS"	"291"	68.141	74.687	78.104	68.591		72.412	72.875	87.774	73.674	52.522	57.085	62.385	64.442	72.595					48.4525		130		0	0	0	0	0	0	0	0	0	0	0	0	0	0	0	0	0	0	0	0	0	0	0	0	0	0	0	0	0	0	0	0		0	0	0	0	0	0	0	0	0	0	0	0	0	0	0	0	0	0	0	0	0	0	0	0	0	0	0	0	0	1	0	0	0	0	0	0	0	0	0	0	0	0	0	0	0	2	0	3	0	0	2007.0	517.0	"R/N"	0.47	1.0		1.0	"G"	1	0.0		0.8235294	0.6315789	0.82222223				6.0	0.0	0.0	0.0	0.0	0.33333334	0.0	0.16666667	0.0	0.0	0.0	0.0	0.0	0.0	0.5	0.0	0.0	0.0	0.0	6.0	"SS"	5	1.0	1.0	1.0	0.0	0.0	0.47
5		"MNS"	"Male"	"Prakash Yashwant Darekar"	41	"B. Com"	"Jounalism Certificate Course"	"Yes"	2	3	5220841.0		66	70	13	19	36	47	2013	3		"10526"		"SS"	"1122"	66.544	62.434	64.362	68.333	63.953	64.235	65.487	69.731	67.023	63.061	61.565	57.422	62.901	62.13	17.6	25.2	59.136665	72.67	69.415	62.4275			0	1	0	0	0	0	0	0	0	0	1	0	0	0	1	0	1	0	0	0	0	0	0	0	0	0	0	0	0	0	0	0	3	5	0	0	0	0	0	0	0	0	0	0	1	0	0	0	0	0	0	0	0	0	0	0	1	3	0	0	0	0	0	0	0	0	0	0	0	0	0	0	0	1	0	0	0	1	0	0	2	0	0	2012.0	518.0	"R/N"	0.47	0.0	"G"	0.0	"G"	1	0.0	1.0	0.94285715	0.68421054	0.92	0.8701402	1.0	1.0	14.571428571428573	2.4965462798500098	0.0	0.04761905	0.0	0.23809524	0.1904762	0.0	0.14285715	0.0	0.04761905	0.0	0.0	0.04761905	0.0952381	0.04761905	0.0	0.14285715	0.0	21.0	"MNS"	3	0.0	1.0	0.0	0.0	0.0	0.0
5		"MNS"	"Male"	"Prakash Yashwant Darekar"	42	"B. Com"	"Jounalism Certificate Course"	"Yes"	2	3	1.1288E7		54	65	12	17	20	29	2014							59.434	50.4	49.861	58.126	54.337	59.845	60.829	57.732	52.206	47.662	48.625	49.929	53.93	53.486	7.6	26.4	48.933334	60.8025	55.55	72.4175			0	0	0	0	0	0	0	0	0	2	0	0	1	0	0	0	0	2	0	0	0	0	0	0	0	0	0	0	0	1	0	0		0	0	0	0	0	0	0	0	0	0	0	0	0	0	0	0	0	0	0	0	0	0	1	0	1	0	0	0	0	0	0	0	0	0	0	0	0	0	0	0	0	1	0	0	0	0	0	2	0	0	2012.0	518.0	"R/N"	0.47	0.0	"G"	0.0	"G"	1	0.0	1.0	0.83076924	0.7058824	0.84313726	0.9406667	1.0	1.0	11.636363636363637	0.5478693967902601	0.09090909	0.0	0.0	0.0	0.18181819	0.0	0.18181819	0.18181819	0.0	0.0	0.09090909	0.0	0.18181819	0.09090909	0.0	0.0	0.0	11.0	"MNS"	3	0.0	1.0	0.0	0.0	0.0	0.0
5		"MNS"	"Male"	"Prakash Yashwant Darekar"	43	"B. Com"	"Jounalism Certificate Course"	"Yes"	2	4	5447000.0		57	79	13	19	24	64	2015							72.084	62.571	56.492	74.25	53.221	70.348	71.919	78.457	72.847	61.432	65.492	67.432	68.028	70.273	29.5	72.5	62.2	71.0625	82.2275	72.955			0	0	0	0	0	0	0	0	0	0	1	0	1	0	0	0	0	0	0	0	0	0	0	0	0	0	0	0	0	1	0	0	1	0	0	0	0	0	0	0	0	0	0	0	0	0	0	0	0	0	0	0	0	0	0	0	0	1	0	0	0	0	0	0	0	0	0	0	0	0	0	0	0	0	0	0	0	0	0	0	0	0	0	2012.0	518.0	"R/N"	0.47	0.0	"G"	0.0	"G"	1	0.0	1.0	0.721519	0.68421054	0.7704918	0.90783334	1.0	1.0	13.2	2.2803738317757007	0.2	0.0	0.0	0.0	0.2	0.0	0.0	0.0	0.2	0.0	0.2	0.0	0.0	0.0	0.0	0.2	0.0	5.0	"MNS"	3	0.0	1.0	0.0	0.0	0.0	0.0
5		"MNS"	"Male"	"Prakash Yashwant Darekar"	44	"B. Com"	"Jounalism Certificate Course"	"Yes"	2	4	5312618.0		53	74	14	18	35	64	2016	1						79.531	75.886	79.432	81.852	78.495	80.562	81.114	80.56	79.529	77.008	77.073	78.124	78.41	77.562	2.8	5.6	47.663334	75.0	66.9825	59.67			0	2	0	0	0	0	0	0	0	1	0	0	0	0	0	0	0	0	0	0	0	0	0	0	0	0	0	0	0	0	0	0		0	0	0	0	0	0	0	0	0	0	0	0	0	0	0	0	0	0	0	0	0	0	1	0	2	0	0	1	0	0	0	0	0	0	0	0	0	0	0	0	0	0	0	0	0	1	0	0	0	0	2012.0	518.0	"R/N"	0.47	0.0	"G"	0.0	"G"	1	0.0	1.0	0.7162162	0.7777778	0.8031496	0.44271818	1.0	1.0	9.25	2.424037812288994	0.0	0.0	0.0	0.125	0.375	0.0	0.375	0.0	0.0	0.0	0.0	0.0	0.0	0.0	0.0	0.0	0.125	8.0	"MNS"	3	0.0	1.0	0.0	0.0	0.0	0.0
5	"OBC"	"SS"	"Male"	"Sanjay Shankar Ghadi"	49	"Graduate"		"Yes"	1		4932505.5		80	102	34	36	133	152	2018	1	25315	"11659"		"BJP"	"2021"	76.126	81.69	77.214	86.24		83.267	86.229	82.357	80.387	68.341	73.596	78.378	82.251	76.083	84.7	80.4	49.953335	49.6475	95.29	70.8		78.42	0	2	0	0	0	0	0	0	0	1	0	0	1	1	0	0	0	1	0	0	0	0	0	1	0	0	0	2	0	2	0	0		0	0	1	0	0	0	0	0	0	0	0	1	0	0	1	0	0	0	1	0	0	0	0	0	0	0	0	0	0	1	0	0	0	0	0	0	0	0	1	0	0	0	0	0	0	0	0	2	0	0	2017.0	519.0	"R/N"	0.47	0.0		0.0	"OBC"	2	1.0	1.0	0.78431374	0.9444444	0.9114391	0.82208425	1.0	1.0	12.630289473684211	4.615480649188514	0.05263158	0.0	0.0	0.05263158	0.0	0.05263158	0.21052632	0.05263158	0.0	0.0	0.15789473	0.15789473	0.10526316	0.05263158	0.10526316	0.0	0.0	19.0	"SS"	5	1.0	1.0	0.0			0.0
6		"SS"	"Male"	"Prakash Krishna Karkar"									46	51	17	19	11	13	2011			"8283"		"MNS"	"791"	80.731	71.51	78.502	80.714		84.165	81.246	85.03	80.381	69.255	67.309	62.295	77.932	74.11					62.27		119		0	2	0	0	0	0	0	0	0	0	0	0	0	0	0	0	1	0	0	0	0	0	0	0	0	0	0	1	0	0	0	0	3	0	0	0	0	0	0	0	0	0	0	0	0	0	0	0	0	0	0	0	0	0	0	0	0	0	0	0	0	0	0	0	0	0	0	0	0	0	0	0	0	0	0	0	0	0	0	0	2	0	0	2007.0	550.0	"R/N"	0.47	0.0		0.0			1.0		0.9019608	0.8947368	0.91358024				14.0	5.331402831402832	0.0	0.0	0.0	0.0	0.0	0.0	0.33333334	0.0	0.0	0.0	0.0	0.0	0.22222222	0.0	0.11111111	0.33333334	0.0	9.0	"SS"	5	1.0	1.0	0.0	0.0	0.0	0.0
6	"W"	"SS"	"Female"	"Hansaben Gunvantrai Desai"	71	"B.Sc."	"B.Ed."	"Yes"	0		5754732.5		65	70	19	19	40	41	2013			"13142"		"MNS"	"8023"	75.56	72.335	57.136	82.504	63.568	79.577	79.174	90.89	85.905	62.508	63.602	71.49	77.62	71.877	75.5	78.4	85.28333	78.9525	76.365	74.93			0	0	0	0	0	0	0	0	0	0	0	0	0	0	0	0	1	0	0	0	0	0	0	0	0	0	0	0	0	0	0	0	1	0	0	0	0	0	0	0	0	0	0	0	0	0	0	0	0	0	0	0	0	0	0	2	1	1	0	0	0	0	1	0	0	0	0	0	0	0	0	0	0	0	0	0	0	0	0	0	0	0	0	2012.0	551.0	"R/N"	0.47	1.0	"W"	1.0	"G"	1	0.0	0.0	0.9285714	1.0	0.9612403	0.95912206	1.0	1.0	11.142857142857142	0.556542332741267	0.0	0.0	0.0	0.0	0.5714286	0.14285715	0.14285715	0.0	0.0	0.0	0.0	0.0	0.0	0.0	0.0	0.14285715	0.0	7.0	"SS"	5	1.0	1.0	1.0	0.0	0.0	0.47
6	"W"	"SS"	"Female"	"Hansaben Gunvantrai Desai"	72	"B.Sc."	"B.Ed."	"Yes"	0		1.1847E7		62	65	14	17	26	29	2014							54.847	44.6	39.143	49.511	45.679	50.847	55.205	53.77	47.716	40.746	41.594	45.615	48.166	43.507	4.5	13.6	46.033333	67.535	56.69	67.6775			0	0	0	0	0	0	0	0	0	0	1	0	0	0	0	0	0	0	0	0	0	0	0	0	0	0	0	0	0	0	1	0		0	0	0	0	0	0	0	0	0	0	0	0	0	0	0	0	0	0	0	0	0	0	0	0	0	0	0	0	0	0	0	0	0	0	0	0	0	0	0	0	0	0	0	0	0	0	0	0	0	0	2012.0	551.0	"R/N"	0.47	1.0	"W"	1.0	"G"	1	0.0	0.0	0.95384616	0.8235294	0.9444444	0.98725	1.0	1.0	14.0	1.184283342556724	0.0	0.0	0.0	0.0	0.0	0.0	0.0	0.0	0.5	0.0	0.5	0.0	0.0	0.0	0.0	0.0	0.0	2.0	"SS"	5	1.0	1.0	1.0	0.0	0.0	0.47
6	"W"	"SS"	"Female"	"Hansaben Gunvantrai Desai"	73	"B.Sc."	"B.Ed."	"Yes"	0		3586000.0		65	79	11	19	41	49	2015							62.216	53.586	32.937	84.387	44.923	71.698	78.1	83.437	78.082	59.846	55.314	58.109	63.056	74.58	91.2	94.2	77.363335	82.0175	87.0825	74.455			0	0	0	0	0	0	0	0	0	0	0	0	0	0	0	0	0	0	0	0	0	0	0	0	0	0	0	0	0	0	0	0		0	0	0	0	0	0	0	0	0	0	0	0	0	0	0	0	0	0	0	0	0	0	0	0	0	0	0	0	0	0	0	0	0	0	0	0	0	0	0	0	0	0	0	0	0	0	2	0	0	0	2012.0	551.0	"R/N"	0.47	1.0	"W"	1.0	"G"	1	0.0	0.0	0.8227848	0.57894737	0.8417266	0.5976667	1.0	1.0	3.0	0.0	0.0	0.0	1.0	0.0	0.0	0.0	0.0	0.0	0.0	0.0	0.0	0.0	0.0	0.0	0.0	0.0	0.0	2.0	"SS"	5	1.0	1.0	1.0	0.0	0.0	0.47
6	"W"	"SS"	"Female"	"Hansaben Gunvantrai Desai"	74	"B.Sc."	"B.Ed."	"Yes"	0		7260857.5		67	74	17	18	40	50	2016							74.101	63.827	64.673	79.158	66.486	74.311	74.843	76.84	74.423	68.001	71.584	74.042	75.89	75.475	64.2	66.3	70.52333	77.2	78.8475	65.2175			0	0	0	0	0	0	0	0	0	0	0	0	0	0	0	0	0	0	0	0	0	0	0	0	0	0	0	2	0	0	1	1		0	0	0	0	0	1	0	0	0	0	0	0	0	0	0	0	0	0	0	0	0	0	2	1	1	0	0	0	0	0	0	0	0	0	0	0	0	0	0	0	0	0	0	0	0	0	0	1	0	0	2012.0	551.0	"R/N"	0.47	1.0	"W"	1.0	"G"	1	0.0	0.0	0.9054054	0.9444444	0.93939394	0.6050715	1.0	1.0	15.0	2.3430114787305873	0.0	0.0	0.0	0.0	0.4	0.0	0.0	0.0	0.0	0.0	0.1	0.1	0.1	0.0	0.2	0.1	0.0	10.0	"SS"	5	1.0	1.0	1.0	0.0	0.0	0.47
6	"OBC"	"SS"	"Male"	"Harshad Prakash Karkar"	25	"Graduate"		"Yes"	0	1	4805683.0		91	102	33	36	29	37	2018		34279	"11355"		"BJP"	"1708"	59.567	65.605	70.762	75.421		73.455	75.103	79.434	81.838	56.82	54.317	61.698	65.906	58.473	94.0	88.7	56.47	56.9725	70.8575	58.335		57.105	0	0	0	0	0	0	0	0	0	0	1	0	0	0	0	0	0	0	0	0	0	0	0	0	0	0	0	0	0	0	1	0		0	0	0	0	0	0	0	0	0	0	0	0	0	0	0	0	0	0	0	0	0	0	0	0	0	0	0	0	0	0	0	0	0	0	0	0	0	0	0	0	0	0	0	0	0	0	0	0	1	0	2017.0	552.0	"R/N"	0.47	0.0		0.0	"OBC"	2	1.0	0.0	0.89215684	0.9166667	0.9161677	0.8009472	1.0	1.0	9.5495	1.2191011235955056	0.0	0.0	0.0	0.0	0.0	0.0	0.0	0.0	0.33333334	0.0	0.33333334	0.0	0.0	0.0	0.33333334	0.0	0.0	3.0	"SS"	5	1.0	1.0	0.0			0.0
7		"SS"	"Female"	"Shubha Umesh Raul"									32	51	1	19	0	0	2011			"9003"		"INC"	"4795"	66.41	69.994	69.22	68.194		75.093	75.732	79.577	69.988	66.951	67.971	67.121	66.409	66.769					81.685		121		0	1	0	0	0	0	0	0	0	0	1	0	0	0	0	0	1	0	0	0	1	0	0	0	0	0	0	0	0	0	0	0		0	0	0	0	1	0	0	0	0	0	0	0	0	0	0	0	0	0	0	0	0	0	0	0	0	0	0	0	0	0	2	0	0	0	0	0	0	0	0	0	0	0	0	0	0	0	0	3	1	0	2007.0	583.0	"R/N"	0.47	1.0		0.0			1.0		0.627451	0.05263158	0.47142857				10.90909090909091	5.019305019305019	0.0	0.0	0.0	0.0	0.0	0.18181819	0.18181819	0.0	0.09090909	0.0	0.0	0.09090909	0.27272728	0.0	0.09090909	0.0	0.09090909	11.0	"SS"	5	1.0	1.0	0.0	0.0	0.0	0.0
7	"W"	"SS"	"Female"	"Shubha Umesh Raul"	46	"B.A.M.S."	"M.D. Ayurveda"	"Yes"	0		5193260.0		62	70	12	19	83	98	2013			"13207"		"MNS"	"8667"	71.697	73.571	72.135	72.608	71.154	71.673	71.844	75.576	69.005	65.243	64.623	63.373	65.489	68.708	46.7	49.8	61.506668	70.0675	81.865	59.02			0	1	0	0	0	0	0	0	0	0	0	0	0	0	0	0	3	0	0	0	0	0	0	0	0	0	0	0	0	2	0	0		4	0	2	0	0	0	0	0	0	0	0	0	0	0	0	0	0	0	0	0	0	0	0	0	0	0	0	1	0	2	0	0	0	0	0	0	0	0	1	0	0	0	0	0	0	0	1	2	0	1	2012.0	584.0	"R/N"	0.47	1.0	"W"	1.0	"G"	1	0.0	0.0	0.8857143	0.6315789	0.9127907	0.8655433	1.0	1.0	16.7	2.621669626998224	0.0	0.0	0.05	0.3	0.0	0.1	0.2	0.0	0.0	0.0	0.1	0.0	0.1	0.05	0.05	0.0	0.05	20.0	"SS"	5	1.0	1.0	1.0	0.0	0.0	0.47
7	"W"	"SS"	"Female"	"Shubha Umesh Raul"	47	"B.A.M.S."	"M.D. Ayurveda"	"Yes"	0		1.0766E7		56	65	13	17	108	137	2014							55.72	47.437	43.988	53.985	50.707	56.823	59.399	55.496	51.967	44.626	41.295	45.336	48.504	46.022	18.9	24.2	49.41	57.095	59.13	64.4275			0	0	0	0	0	0	0	1	1	2	3	0	2	0	0	1	0	0	0	0	0	0	0	0	0	0	0	2	0	0	1	1	2	0	1	0	0	0	0	0	0	0	0	0	0	0	0	0	0	0	0	0	0	0	0	0	0	0	0	0	2	2	4	9	2	0	0	0	0	0	1	0	0	0	0	0	0	0	0	1	0	3	0	2012.0	584.0	"R/N"	0.47	1.0	"W"	1.0	"G"	1	0.0	0.0	0.86153847	0.7647059	0.93157893	0.89716667	1.0	1.0	13.073170731707318	2.6165605976757056	0.048780486	0.0	0.024390243	0.048780486	0.0	0.41463414	0.12195122	0.0	0.07317073	0.0	0.024390243	0.0	0.0	0.0	0.12195122	0.07317073	0.048780486	41.0	"SS"	5	1.0	1.0	1.0	0.0	0.0	0.47
7	"W"	"SS"	"Female"	"Shubha Umesh Raul"	48	"B.A.M.S."	"M.D. Ayurveda"	"Yes"	0		5019000.0		38	79	12	19	30	88	2015							73.947	61.605	55.072	76.467	53.016	76.371	81.907	86.269	85.692	60.156	60.0	65.502	73.059	78.978	63.3	68.7	70.3	75.35	76.795	68.6525			0	3	0	0	0	0	0	0	0	2	3	0	0	0	0	0	0	0	0	0	0	0	0	0	0	0	0	0	0	0	0	0		0	0	0	0	0	0	0	0	0	0	0	0	0	0	0	0	0	0	0	0	0	1	0	0	0	0	0	1	2	1	0	5	1	0	0	0	1	0	0	0	0	0	0	0	0	0	0	0	0	0	2012.0	584.0	"R/N"	0.47	1.0	"W"	1.0	"G"	1	0.0	0.0	0.48101267	0.6315789	0.625	0.8365	1.0	1.0	8.8	2.834501557632399	0.0	0.05	0.0	0.0	0.0	0.4	0.25	0.0	0.15	0.0	0.0	0.0	0.0	0.0	0.0	0.0	0.15	20.0	"SS"	5	1.0	1.0	1.0	0.0	0.0	0.47
7	"W"	"SS"	"Female"	"Shubha Umesh Raul"	49	"B.A.M.S."	"M.D. Ayurveda"	"Yes"	0		5420676.5		39	74	10	18	42	71	2016							64.833	49.838	55.831	63.06	51.29	68.548	73.068	78.223	70.802	52.573	50.338	50.16	66.125	40.968	38.7	46.8	63.44	75.91	62.4975	56.4475			0	7	0	0	0	0	0	0	0	5	2	0	2	0	0	0	1	2	0	0	0	0	0	0	0	0	0	2	0	0	0	0		0	0	0	0	0	0	0	0	0	0	0	0	0	0	0	0	0	0	0	0	0	0	0	0	0	0	0	0	2	1	0	0	1	0	0	0	1	0	0	0	0	0	0	0	0	0	1	0	0	0	2012.0	584.0	"R/N"	0.47	1.0	"W"	1.0	"G"	1	0.0	0.0	0.527027	0.5555556	0.6791045	0.45172304	1.0	1.0	11.666666666666666	4.436834828462107	0.074074075	0.0	0.037037037	0.0	0.0	0.11111111	0.4814815	0.074074075	0.074074075	0.0	0.0	0.0	0.0	0.0	0.074074075	0.0	0.074074075	27.0	"SS"	5	1.0	1.0	1.0	0.0	0.0	0.47
7	"W"	"SS"	"Female"	"Sheetal Mukesh Mhatre"	44	"Graduate"		"Yes"	1	1	5322661.0		88	102	36	36	48	53	2018	1	27264	"8205"		"BJP"	"580"	63.669	56.737	61.429	76.318		72.058	73.386	85.775	79.608	58.035	60.664	66.26	68.498	64.322	75.6	78.8	63.49	61.1575	93.015	58.0375		68.398	0	0	0	0	0	0	0	0	2	0	4	0	1	0	0	1	3	3	0	0	0	0	0	0	0	0	0	0	0	2	0	0		0	0	2	0	0	0	0	0	0	0	0	0	0	0	0	0	0	0	0	0	1	0	3	8	2	0	0	0	0	0	0	0	0	0	0	0	0	0	0	0	0	0	0	1	0	0	0	12	0	0	2017.0	585.0	"R/N"	0.47	1.0		1.0	"G"	1	0.0	1.0	0.8627451	1.0	0.9247312	0.8871102	1.0	1.0	11.920000000000002	2.959652706843718	0.022222223	0.0	0.0	0.044444446	0.2888889	0.0	0.13333334	0.06666667	0.08888889	0.0	0.044444446	0.0	0.26666668	0.022222223	0.0	0.0	0.022222223	45.0	"SS"	5	1.0	1.0	1.0			0.47
8		"SS"	"Male"	"Sadanand Namdev Surve"									50	51	16	19	23	27	2011			"5179"		"INC"	"1153"	59.503	57.003	62.612	56.333		62.283	64.283	59.882	58.445	53.756	55.755	58.758	60.433	60.688					53.6925		119		0	0	0	0	0	0	0	0	0	1	0	0	1	0	0	0	0	0	0	0	0	0	0	0	0	0	0	2	0	1	0	0		0	0	0	0	0	0	0	0	0	0	0	0	0	0	0	0	0	0	0	0	0	0	0	0	0	0	0	0	0	0	0	0	0	0	0	0	0	0	0	0	0	0	0	0	0	0	0	5	0	0	2007.0	616.0	"R/C"	0.34	0.0		0.0			1.0		0.98039216	0.84210527	0.9569892				13.200000000000001	3.2537834691501746	0.1	0.0	0.0	0.0	0.0	0.0	0.1	0.0	0.0	0.0	0.1	0.0	0.5	0.0	0.2	0.0	0.0	10.0	"SS"	5	1.0	1.0	0.0	0.0	0.0	0.0
8		"INC"	"Male"	"Shivanand Shetty"	40	"Upto SSC"		"Yes"	0		5462918.0		55	70	16	19	12	17	2013			"8100"		"SS"	"2089"	84.02	65.784	69.124	81.744	67.697	75.967	75.159	84.709	77.002	62.795	66.235	64.958	74.762	71.54	1.1	86.6	58.703335	74.4125	88.4125	71.845			0	0	0	0	0	0	1	0	0	1	0	0	0	0	0	0	0	0	0	0	0	0	0	0	0	0	0	4	0	0	0	0	2	0	0	0	0	2	0	0	0	0	0	0	1	0	0	0	0	0	0	0	0	0	0	0	0	0	0	0	0	0	0	0	0	0	0	0	0	0	0	0	0	0	0	0	0	0	0	0	0	1	0	2012.0	617.0	"R/C"	0.34	0.0	"G"	0.0	"G"	1	0.0	0.0	0.78571427	0.84210527	0.8217822	0.91048634	0.0	1.0	14.0	2.9725044829647342	0.0	0.0	0.0	0.0	0.0	0.0	0.16666667	0.0	0.0	0.0	0.0	0.25	0.0	0.0	0.41666666	0.16666667	0.0	12.0	"INC"	2	0.0	1.0	0.0	0.0	0.0	0.0
8		"INC"	"Male"	"Shivanand Shetty"	42	"Upto SSC"		"Yes"	0		1650000.0		59	79	18	19	31	51	2015							74.919	65.193	70.727	79.516	66.355	70.991	76.688	83.179	75.105	57.143	54.71	57.101	70.456	73.617	52.9	61.8	80.026665	82.2025	76.055	80.515			0	1	0	0	0	0	0	0	0	0	0	0	0	0	0	0	0	0	0	0	0	0	0	0	0	0	0	0	0	0	1	0		0	0	0	0	1	0	0	0	0	0	0	0	0	0	0	0	0	0	0	0	0	0	0	0	0	0	0	0	0	0	0	0	0	0	0	0	0	0	0	0	0	0	0	0	0	0	0	0	0	0	2012.0	617.0	"R/C"	0.34	0.0	"G"	0.0	"G"	1	0.0	0.0	0.7468355	0.94736844	0.8372093	0.275	0.0	1.0	12.0	1.820414847161572	0.0	0.0	0.0	0.0	0.0	0.0	0.33333334	0.0	0.0	0.0	0.33333334	0.33333334	0.0	0.0	0.0	0.0	0.0	3.0	"INC"	2	0.0	1.0	0.0	0.0	0.0	0.0
8		"INC"	"Male"	"Shivanand Shetty"	43	"Upto SSC"		"Yes"	0		7218324.0		62	74	17	18	11	13	2016							72.425	63.641	70.006	73.987	66.278	73.028	74.12	73.081	71.699	69.018	67.781	69.007	70.711	69.87	18.3	18.3	53.59667	75.6925	76.4	57.7275			0	1	0	0	0	0	0	0	0	4	1	1	1	0	0	0	1	1	0	0	0	0	0	0	0	0	0	1	0	2	0	0	2	0	0	0	0	0	0	0	0	0	0	0	0	0	0	0	0	0	0	0	0	0	0	0	0	0	0	0	1	1	0	0	0	0	0	0	0	0	0	0	0	0	0	0	0	1	0	0	0	0	0	2012.0	617.0	"R/C"	0.34	0.0	"G"	0.0	"G"	1	0.0	0.0	0.8378378	0.9444444	0.8737864	0.601527	0.0	1.0	16.0	4.5488098297087065	0.055555556	0.055555556	0.0	0.0	0.0	0.055555556	0.33333334	0.055555556	0.055555556	0.0	0.11111111	0.0	0.0	0.0	0.055555556	0.11111111	0.11111111	18.0	"INC"	2	0.0	1.0	0.0	0.0	0.0	0.0
8	"G"	"BJP"	"Male"	"Harish Ravji Chheda"	61	"Graduate"		"Yes"	0		5622926.0		90	102	33	36	14	18	2018		21141	"8534"		"SS"	"2890"	57.988	55.882	61.932	57.999		60.828	63.548	65.228	67.536	54.76	56.276	64.083	61.855	61.96	69.3	74.0	70.06333	51.9825	72.0625	65.89		60.1	0	0	0	0	0	0	0	0	1	1	0	0	1	0	0	0	3	0	0	0	0	0	0	0	0	0	0	3	0	0	0	1		0	0	0	0	0	0	0	0	0	0	0	0	0	0	0	0	0	0	0	0	0	0	0	0	0	0	0	0	0	0	0	0	0	0	0	0	0	0	0	0	0	0	0	0	0	0	0	2	0	0	2017.0	618.0	"R/N"	0.47	0.0		0.0	"G"	1	0.0	0.0	0.88235295	0.9166667	0.9013158	0.93715435	1.0	1.0	12.121500000000001	1.5056179775280898	0.083333336	0.0	0.0	0.0	0.0	0.0	0.41666666	0.0	0.0	0.0	0.0	0.0	0.16666667	0.0	0.25	0.083333336	0.0	12.0	"BJP"	1	0.0	1.0	0.0			0.0
8		"INC"	"Male"	"  "																																												0	0	0	0	0	0	0	0	0	0	0	0	0	0	0	0	0	0	0	0	0	0	0	0	0	0	0	0	0	0	0	0		0	0	0	0	0	0	0	0	0	0	0	0	0	0	0	0	0	0	0	0	0	0	0	0	0	0	0	0	0	0	0	0	0	0	0	0	0	0	0	0	0	0	0	0	0	0	0	0	0	0	2012.0	617.0			0.0		0.0			1.0																												"INC"	2	0.0	0.0	0.0	0.0	0.0	
9		"BJP"	"Male"	"Vinod Ghedia"									47	51	16	19	0	0	2011			"8952"		"INC"	"4949"	46.969	46.159	51.403	52.862		59.035	64.198	49.482	46.561	47.347	47.916	48.165	54.892	52.262					52.505		132		0	1	0	0	0	0	0	0	0	0	1	0	0	0	0	0	0	0	0	0	0	0	0	0	0	0	0	1	0	1	0	0		0	0	0	0	0	0	0	0	0	0	0	0	0	0	0	0	0	0	0	0	0	0	0	0	0	0	0	0	0	0	0	0	0	0	0	0	0	0	0	0	0	0	0	0	0	0	0	0	0	0	2007.0	649.0	"R/C"	0.34	0.0		0.0			1.0		0.92156863	0.84210527	0.9				14.0	5.186263096623981	0.0	0.0	0.0	0.0	0.0	0.0	0.25	0.0	0.25	0.0	0.25	0.0	0.0	0.0	0.25	0.0	0.0	4.0	"BJP"	1	0.0	1.0	0.0	0.0	0.0	0.0
9	"W"	"BJP"	"Female"	"Manisha Ashok Chaudhari"	51	"B.Sc."		"Yes"	0		5229713.5		66	70	19	19	34	41	2013			"9863"		"MNS"	"4316"	86.067	71.082	66.855	83.844	65.434	79.132	81.041	94.311	74.411	71.432	76.296	76.437	78.281	73.848	0.0	45.6	53.506668	73.44	88.6775	65.8025			0	2	0	0	0	0	0	0	0	1	2	0	1	0	1	0	0	0	0	0	0	0	0	0	0	0	0	4	0	2	0	0	1	6	0	0	0	0	0	0	0	0	0	0	0	0	0	0	0	0	0	0	0	0	0	0	1	0	0	0	0	0	1	0	0	0	0	0	0	0	0	0	0	0	0	0	0	0	0	1	4	0	0	2012.0	650.0	"R/C"	0.34	1.0	"W"	1.0	"G"	1	0.0	0.0	0.94285715	1.0	0.96747965	0.8716189	1.0	1.0	15.333333333333334	5.400876668659095	0.037037037	0.0	0.037037037	0.22222222	0.037037037	0.037037037	0.14814815	0.0	0.074074075	0.0	0.074074075	0.0	0.14814815	0.0	0.14814815	0.037037037	0.0	27.0	"BJP"	1	0.0	1.0	1.0	0.0	0.0	0.34
9	"W"	"BJP"	"Female"	"Manisha Ashok Chaudhari"	52	"B.Sc."		"Yes"	0		1.121E7		63	65	17	17	29	34	2014							55.335	53.987	47.129	55.881	56.965	59.044	60.083	51.683	51.806	51.226	46.193	46.018	52.686	52.004	0.0	26.2	41.746666	47.25	60.685	59.4125			0	2	1	0	0	0	0	0	2	2	3	0	2	0	0	1	3	3	0	0	0	0	0	0	0	0	0	6	0	1	0	0		1	0	3	0	0	0	0	0	0	0	0	0	0	0	0	0	0	1	0	0	0	1	0	0	1	0	0	1	0	2	0	0	1	0	0	0	0	0	0	0	0	0	0	0	1	1	1	7	0	0	2012.0	650.0	"R/C"	0.34	1.0	"W"	1.0	"G"	1	0.0	0.0	0.9692308	1.0	0.981982	0.93416667	1.0	1.0	13.893617021276595	5.9400074990626175	0.04255319	0.04255319	0.021276595	0.10638298	0.021276595	0.04255319	0.25531915	0.06382979	0.06382979	0.0	0.021276595	0.0	0.14893617	0.0	0.12765957	0.0	0.04255319	47.0	"BJP"	1	0.0	1.0	1.0	0.0	0.0	0.34
9	"W"	"BJP"	"Female"	"Manisha Ashok Chaudhari"	53	"B.Sc."		"Yes"	0		2810000.0		44	79	10	19	25	45	2015							60.601	59.431	55.815	62.374	56.582	61.736	63.579	70.679	48.667	54.658	57.355	58.132	54.148	55.785	43.9	69.2	58.336666	60.6925	66.3425	63.47			0	1	0	0	0	0	1	0	0	5	4	0	1	0	0	0	1	1	0	0	0	0	0	0	0	0	0	4	0	1	1	0	3	0	0	3	0	0	0	0	0	0	0	0	0	0	0	0	0	0	0	0	0	0	0	0	0	0	0	0	0	0	0	0	0	0	0	0	0	0	0	0	0	0	0	0	0	1	2	3	2	0	0	2012.0	650.0	"R/C"	0.34	1.0	"W"	1.0	"G"	1	0.0	0.0	0.556962	0.5263158	0.6422764	0.46833333	1.0	1.0	14.823529411764707	5.268377001455604	0.029411765	0.029411765	0.0882353	0.14705883	0.0	0.0	0.23529412	0.029411765	0.11764706	0.0	0.05882353	0.0	0.05882353	0.0	0.11764706	0.0882353	0.0	34.0	"BJP"	1	0.0	1.0	1.0	0.0	0.0	0.34
9	"W"	"BJP"	"Female"	"Manisha Ashok Chaudhari"	54	"B.Sc."		"Yes"	0		5103720.0		20	74	1	18	8	22	2016							61.583	65.091	48.8	84.996	65.807	79.532	81.92	88.478	35.952	67.3	65.71	78.17	83.472	74.538	45.2	69.8	69.31333	67.34	79.0975	66.0			0	0	0	0	0	0	0	0	0	2	0	0	0	0	0	0	0	0	0	0	0	0	0	0	0	0	0	2	0	0	0	1	2	0	0	0	0	1	0	0	0	0	0	0	0	0	0	0	0	0	0	0	0	0	0	0	0	0	0	0	0	0	1	0	0	0	0	0	0	0	0	0	0	0	0	0	0	0	0	0	3	0	0	2012.0	650.0	"R/C"	0.34	1.0	"W"	1.0	"G"	1	0.0	0.0	0.27027026	0.055555556	0.29	0.42531	1.0	1.0	16.5	3.606977764281135	0.0	0.0	0.0	0.0	0.0	0.083333336	0.16666667	0.0	0.0	0.0	0.0	0.083333336	0.25	0.0	0.16666667	0.25	0.0	12.0	"BJP"	1	0.0	1.0	1.0	0.0	0.0	0.34
9	"OBC"	"INC"	"Female"	"Sweta Sharad Korgaonkar"	26	"Graduate"		"Yes"	0		4401688.5		92	102	32	36	24	29	2018		33719	"9654"		"BJP"	"2069"	83.555	80.22	80.346	80.511		81.279	79.134	83.478	80.798	73.588	75.37	75.45	78.876	76.733	71.7	90.8	78.66	46.255	75.605	73.4825		76.101	0	2	0	0	0	0	0	0	0	0	2	0	0	1	0	0	0	0	0	0	0	0	0	0	0	0	0	5	0	2	0	0	3	0	0	1	0	0	4	0	0	0	0	0	0	0	0	0	0	0	0	0	0	0	0	0	0	0	0	0	0	1	3	0	0	0	1	0	0	0	0	0	0	0	0	0	0	0	0	0	0	0	0	2017.0	651.0	"R/C"	0.34	1.0		0.0	"OBC"	2	1.0	0.0	0.9019608	0.8888889	0.91358024	0.73361474	1.0	1.0	15.5185	5.6968866560097435	0.0	0.0	0.0	0.04	0.0	0.16	0.12	0.0	0.08	0.0	0.08	0.16	0.0	0.0	0.2	0.12	0.04	25.0	"INC"	2	0.0	1.0	0.0			0.0
10		"NCP"	"Male"	"Bhaskar Namdev Khursange"									40	51	15	19	10	14	2011			"6947"		"SS"	"941"	71.584	68.746	60.338	70.026		74.233	72.135	73.533	71.97	67.072	66.063	65.374	68.565	67.984					78.61		149		0	1	0	0	0	0	0	0	0	0	1	0	2	0	1	0	0	0	0	0	0	0	0	0	0	0	0	1	1	0	0	0		0	0	0	0	1	0	0	0	0	0	0	0	0	0	0	0	0	0	0	0	0	0	0	1	0	0	0	0	1	0	1	0	0	0	0	0	0	0	0	0	0	0	0	0	1	0	0	2	0	0	2007.0	4.0	"R/C"	0.34	0.0		0.0			1.0		0.78431374	0.7894737	0.8125				8.571428571428571	3.485642219635235	0.14285715	0.071428575	0.0	0.0	0.071428575	0.14285715	0.14285715	0.0	0.071428575	0.0	0.0	0.071428575	0.14285715	0.0	0.071428575	0.0	0.071428575	14.0	"NCP"	4	0.0	1.0	0.0	0.0	0.0	0.0
10	"W"	"NCP"	"Female"	"Riddhi Bhaskar Khursange"	29	"HSC"		"Yes"	0		5089770.5		52	70	19	19	8	20	2013			"11921"		"MNS"	"6441"	67.968	60.494	42.472	74.621	55.936	72.799	74.17	90.11	80.919	55.589	53.404	63.392	72.573	66.284	42.8	55.4	67.903336	72.985	77.535	67.685			0	0	0	0	0	0	1	0	0	0	0	0	0	0	0	0	0	0	0	0	0	0	0	0	0	0	0	2	0	0	0	0		0	0	0	0	0	0	0	0	0	0	0	1	0	0	0	0	0	0	0	0	0	0	0	0	0	0	0	0	0	0	0	0	0	0	0	0	0	0	0	0	0	0	0	0	0	0	0	1	0	0	2012.0	5.0	"R/C"	0.34	1.0	"W"	1.0	"G"	1	0.0	0.0	0.74285716	1.0	0.814433	0.8482951	0.0	1.0	14.6	3.5295875672444708	0.0	0.0	0.0	0.0	0.0	0.0	0.2	0.0	0.0	0.0	0.0	0.2	0.2	0.0	0.4	0.0	0.0	5.0	"NCP"	4	0.0	1.0	1.0	0.0	0.0	0.34
10	"W"	"NCP"	"Female"	"Riddhi Bhaskar Khursange"	30	"HSC"		"Yes"	0		1.109E7		46	65	16	17	0	0	2014							49.101	44.376	31.781	48.225	57.309	53.918	59.374	57.074	58.839	42.623	40.333	41.544	51.316	45.673	19.0	31.2	44.733334	44.745	63.8625	46.415			0	2	0	0	0	0	0	0	0	0	1	1	0	0	0	0	0	0	0	0	0	0	0	0	0	0	0	1	0	1	0	0	1	0	0	0	0	1	0	0	0	0	0	0	0	0	0	0	0	0	0	0	0	0	0	0	0	0	0	0	0	0	0	0	0	0	0	0	0	0	0	0	0	0	0	0	0	0	0	0	9	0	0	2012.0	5.0	"R/C"	0.34	1.0	"W"	1.0	"G"	1	0.0	0.0	0.7076923	0.9411765	0.75609756	0.9241667	0.0	1.0	9.176470588235293	4.515185601799775	0.0	0.0	0.0	0.0	0.0	0.0	0.11764706	0.0	0.05882353	0.0	0.05882353	0.05882353	0.5294118	0.0	0.05882353	0.05882353	0.05882353	17.0	"NCP"	4	0.0	1.0	1.0	0.0	0.0	0.34
10	"W"	"NCP"	"Female"	"Riddhi Bhaskar Khursange"	31	"HSC"		"Yes"	0		2483000.0		53	79	13	19	22	38	2015							59.497	59.218	52.976	61.784	61.112	63.25	64.655	58.792	56.959	56.649	58.174	60.353	58.958	55.994	0.0	0.0	58.55	57.8	81.555	52.46			0	0	0	0	0	0	0	0	0	0	0	0	0	0	0	0	0	0	0	0	0	0	0	0	0	0	0	0	0	2	0	0	3	0	0	0	0	1	0	0	0	0	0	0	0	0	0	0	0	0	0	0	0	0	0	0	0	0	0	0	0	0	0	0	0	0	0	0	0	0	0	0	0	0	0	0	0	0	0	0	9	0	0	2012.0	5.0	"R/C"	0.34	1.0	"W"	1.0	"G"	1	0.0	0.0	0.6708861	0.68421054	0.73333335	0.41383332	0.0	1.0	12.0	1.7358078602620088	0.0	0.0	0.0	0.0	0.0	0.0	0.0	0.0	0.0	0.0	0.13333334	0.06666667	0.6	0.0	0.0	0.2	0.0	15.0	"NCP"	4	0.0	1.0	1.0	0.0	0.0	0.34
10	"W"	"NCP"	"Female"	"Riddhi Bhaskar Khursange"	32	"HSC"		"Yes"	0		6500884.0		54	74	17	18	21	31	2016							81.155	74.875	81.651	88.017	78.761	79.759	81.074	83.058	81.404	79.007	77.85	77.776	79.583	77.857	13.2	46.3	67.76667	76.89	82.02	70.2075			0	2	0	0	0	0	0	0	0	1	1	0	0	0	0	0	0	0	0	0	0	0	0	0	0	0	0	5	0	0	0	1		0	0	0	0	0	0	0	0	0	0	0	0	0	0	0	0	0	0	0	0	0	0	0	0	0	0	0	0	0	0	0	0	0	0	0	0	0	0	0	0	0	0	0	0	0	0	0	0	0	0	2012.0	5.0	"R/C"	0.34	1.0	"W"	1.0	"G"	1	0.0	0.0	0.7297297	0.9444444	0.8141593	0.54174036	0.0	1.0	15.200000000000001	5.637109019131491	0.0	0.0	0.0	0.0	0.0	0.0	0.3	0.0	0.1	0.0	0.0	0.0	0.0	0.0	0.5	0.1	0.0	10.0	"NCP"	4	0.0	1.0	1.0	0.0	0.0	0.34
10	"OBC"	"BJP"	"Male"	"Jitendra Ambalal Patel "	51	"HSC"		"Yes"	0		5065227.5		102	102	36	36	11	15	2018		24638	"15585"		"SS"	"6223"	72.224	74.996	84.018	75.412		69.239	84.367	74.263	67.011	71.503	77.632	78.317	76.179	73.255	99.3	96.8	67.236664	25.2	99.8325	95.0375		74.821	0	0	0	0	0	0	0	0	0	0	0	0	0	0	0	0	0	0	0	0	0	0	0	0	0	0	0	3	0	1	0	0	1	0	0	0	0	0	0	0	0	0	0	0	0	0	0	0	0	0	0	0	0	0	0	0	0	0	0	0	0	0	0	0	0	0	0	0	0	0	0	0	0	0	0	0	0	0	0	0	0	0	0	2017.0	6.0	"R/C"	0.34	0.0		0.0	"OBC"	2	1.0	0.0	1.0	1.0	1.0	0.8442046	0.0	1.0	6.712	3.6949075131308513	0.0	0.0	0.0	0.0	0.0	0.0	0.0	0.0	0.0	0.0	0.2	0.0	0.0	0.0	0.6	0.2	0.0	5.0	"BJP"	1	0.0	1.0	0.0			0.0
11																			2011			"6460"		"SS"	"453"	72.965	64.191	69.993	70.519		72.529	68.11	77.417	68.836	61.596	64.518	57.979	63.533	64.175					62.8125		119		0	0	0	0	0	0	0	0	0	0	0	0	0	0	0	0	0	0	0	0	0	0	0	0	0	0	0	0	0	0	0	0		0	0	0	0	0	0	0	0	0	0	0	0	0	0	0	0	0	0	0	0	0	0	0	0	0	0	0	0	0	0	0	0	0	0	0	0	0	0	0	0	0	0	0	0	0	0	0	0	0	0	2007.0	37.0	"R/C"	0.34	0.0		0.0			1.0																												"_Other"	6	0.0	1.0	0.0	0.0	0.0	0.0
11	"W"	"MNS"	"Female"	"Shilpa Shirish Chogle"	55	"Seventh"		"Yes"	0		5404973.0		63	70	19	19	25	29	2013			"7292"		"NCP"	"128"	70.625	65.439	43.996	66.823	60.898	69.927	76.038	91.846	83.421	69.658	63.604	72.113	76.636	72.979	70.6	72.7	67.25	74.5125	72.82	66.7375			0	0	0	0	0	0	0	0	0	0	0	0	1	0	0	0	0	1	0	0	0	0	0	0	0	0	0	2	0	0	0	0		1	0	0	0	0	0	0	0	0	0	0	0	0	0	0	0	0	0	0	0	0	0	0	0	0	0	0	0	0	0	0	0	1	0	0	0	0	0	0	0	0	0	0	0	0	0	0	1	0	0	2012.0	38.0	"R/C"	0.34	1.0	"W"	1.0	"G"	1	0.0	0.0	0.9	1.0	0.9385965	0.90082884	0.0	1.0	13.714285714285715	1.1028093245666466	0.14285715	0.0	0.0	0.14285715	0.0	0.0	0.0	0.14285715	0.0	0.0	0.0	0.0	0.14285715	0.0	0.2857143	0.0	0.14285715	7.0	"MNS"	3	0.0	1.0	1.0	0.0	0.0	0.34
11	"W"	"MNS"	"Female"	"Shilpa Shirish Chogle"	56	"Seventh"		"Yes"	0		1.1334E7		52	65	13	17	20	24	2014							53.441	44.414	38.358	50.063	59.953	61.949	61.041	54.094	61.554	59.058	50.529	44.758	55.514	54.814	0.0	17.2	48.476665	47.6575	65.835	59.92			0	2	0	0	0	0	0	0	1	0	0	0	0	0	0	0	1	0	0	0	0	0	0	1	0	0	0	4	0	0	0	0		0	0	0	0	0	0	0	0	0	0	0	0	0	0	0	0	0	0	0	0	0	0	0	0	0	0	0	0	0	1	0	0	0	1	0	0	0	0	0	0	0	0	0	0	0	0	0	0	0	0	2012.0	38.0	"R/C"	0.34	1.0	"W"	1.0	"G"	1	0.0	0.0	0.8	0.7647059	0.8333333	0.9445	0.0	1.0	15.636363636363637	6.323959505061868	0.0	0.0	0.0	0.0	0.0	0.09090909	0.36363637	0.0	0.0	0.0	0.09090909	0.0	0.0	0.0	0.36363637	0.0	0.09090909	11.0	"MNS"	3	0.0	1.0	1.0	0.0	0.0	0.34
11	"W"	"MNS"	"Female"	"Shilpa Shirish Chogle"	57	"Seventh"		"Yes"	0		3022000.0		59	79	14	19	16	22	2015							58.812	52.307	53.148	62.537	68.015	67.047	65.812	59.469	52.858	53.705	55.892	59.643	56.747	54.631	1.0	0.0	47.206665	51.095	74.275	57.9775			0	0	0	0	0	0	0	0	0	0	1	0	0	0	0	0	1	0	0	0	0	0	0	0	0	0	0	2	0	0	0	0		0	0	0	0	0	0	0	0	0	0	0	0	0	0	0	0	0	0	0	0	0	0	1	0	1	0	0	0	0	0	1	0	0	0	0	0	0	0	0	0	0	0	0	0	0	0	0	1	0	0	2012.0	38.0	"R/C"	0.34	1.0	"W"	1.0	"G"	1	0.0	0.0	0.7468355	0.7368421	0.78070176	0.50366664	0.0	1.0	12.75	4.037481804949053	0.0	0.0	0.0	0.0	0.25	0.125	0.125	0.0	0.125	0.0	0.0	0.0	0.125	0.0	0.25	0.0	0.0	8.0	"MNS"	3	0.0	1.0	1.0	0.0	0.0	0.34
11	"W"	"MNS"	"Female"	"Shilpa Shirish Chogle"	58	"Seventh"		"Yes"	0		6226546.0		53	74	16	18	14	18	2016							74.77	64.748	70.481	73.144	69.814	73.323	71.04	71.712	71.524	73.041	72.764	73.89	71.521	72.191	0.0	4.8	49.84	74.0525	84.185	51.9275			0	0	0	0	0	0	1	0	1	1	0	0	0	0	0	0	0	0	0	0	0	0	0	0	0	0	0	1	0	0	1	1		0	0	0	0	0	0	0	0	0	0	0	0	0	0	0	0	0	0	0	0	0	0	0	0	0	0	0	0	0	0	0	0	0	0	0	0	0	0	0	0	0	0	0	0	0	0	0	0	0	0	2012.0	38.0	"R/C"	0.34	1.0	"W"	1.0	"G"	1	0.0	0.0	0.7162162	0.8888889	0.7830189	0.5188788	0.0	1.0	11.0	4.515639234740358	0.0	0.0	0.0	0.0	0.0	0.0	0.5	0.0	0.0	0.0	0.16666667	0.0	0.0	0.0	0.16666667	0.16666667	0.0	6.0	"MNS"	3	0.0	1.0	1.0	0.0	0.0	0.34
11	"G"	"SS"	"Female"	"Riddhi Bhaskar Khursange"	35	"HSC"		"Yes"	0		4161656.5		87	102	29	36	39	62	2018		30535	"13856"		"BJP"	"6402"	52.619	59.772	52.329	65.777		74.72	77.219	75.174	73.696	50.15	59.429	70.665	70.712	59.975	93.0	97.0	70.6	41.08	84.39	69.69		57.047	0	1	0	0	0	0	1	0	0	0	0	0	0	0	0	1	0	0	0	0	0	0	0	0	0	0	0	8	0	0	1	1		0	0	0	0	3	0	0	0	0	0	0	0	0	0	0	0	0	0	0	0	0	0	0	0	0	1	0	0	0	2	0	0	0	0	0	0	0	0	0	0	0	0	0	0	0	0	0	0	0	0	2017.0	39.0	"R/C"	0.34	1.0		0.0	"G"	1	0.0	0.0	0.85294116	0.8055556	0.8757062	0.6936094	0.0	1.0	14.586473684210526	2.8001289577260455	0.0	0.0	0.0	0.0	0.0	0.10526316	0.15789473	0.0	0.0	0.05263158	0.05263158	0.15789473	0.0	0.0	0.42105263	0.05263158	0.0	19.0	"SS"	5	1.0	1.0	0.0			0.0
12		"INC"	"Male"	"Vinay Ghanshyam Patil"									42	51	17	19	36	37	2011			"6435"		"BJP"	"527"	71.127	67.329	69.317	65.466		69.847	69.299	71.265	70.936	60.849	62.757	66.531	66.46	65.383					50.81		121		0	0	0	0	0	0	0	0	1	0	0	0	0	0	0	0	2	0	0	0	0	0	0	0	0	0	0	0	0	0	0	1		0	0	0	0	0	0	0	0	0	0	0	0	0	0	0	0	0	0	0	0	0	0	0	0	0	0	0	0	0	0	0	0	0	0	0	0	0	0	0	0	0	0	0	0	2	0	0	4	0	0	2007.0	70.0	"R/C"	0.34	0.0		0.0			1.0		0.8235294	0.8947368	0.8962264				13.2	0.008731082654249126	0.0	0.2	0.0	0.0	0.0	0.0	0.3	0.0	0.0	0.0	0.0	0.0	0.4	0.0	0.0	0.1	0.0	10.0	"INC"	2	0.0	1.0	0.0	0.0	0.0	0.0
12	"W"	"BJP"	"Female"	"Asawari Anil Patil"	55	"HSC"		"Yes"	0		4703925.5		68	70	19	19	15	19	2013			"5718"		"Congress"	"709"	80.044	58.525	61.512	78.691	63.26	76.078	74.954	90.161	81.982	49.755	57.004	64.897	72.544	65.536	19.9	53.9	65.903336	75.115	86.2575	68.9525			0	0	0	0	0	0	1	0	0	0	0	0	0	0	0	0	0	0	0	0	0	0	0	0	0	0	0	0	0	0	0	0		0	0	0	0	0	0	0	0	0	0	0	0	0	0	0	0	0	0	0	0	0	0	0	0	0	0	0	0	0	0	0	0	0	0	0	0	0	0	0	0	0	0	0	0	0	0	0	3	0	0	2012.0	71.0	"R/C"	0.34	1.0	"W"	1.0	"G"	1	0.0	0.0	0.9714286	1.0	0.9807692	0.7839876	0.0	1.0	10.5	2.459653317393903	0.0	0.0	0.0	0.0	0.0	0.0	0.25	0.0	0.0	0.0	0.0	0.0	0.75	0.0	0.0	0.0	0.0	4.0	"BJP"	1	0.0	1.0	1.0	0.0	0.0	0.34
12	"W"	"BJP"	"Female"	"Asawari Anil Patil"	56	"HSC"		"Yes"	0		1.069E7		62	65	14	17	13	14	2014							51.424	44.308	45.368	50.926	53.655	56.444	58.521	62.867	60.107	48.932	45.156	45.885	52.709	46.723	1.2	14.4	51.263332	57.17	50.0	54.6575			0	0	0	0	0	0	0	0	0	0	1	0	1	0	0	0	1	0	0	0	0	0	0	0	0	0	0	0	1	0	0	1		0	0	0	0	0	0	0	0	0	0	0	0	0	0	0	0	0	1	0	0	0	0	0	0	0	0	0	1	1	0	0	0	0	0	0	0	0	0	0	0	0	0	0	0	0	0	0	4	0	0	2012.0	71.0	"R/C"	0.34	1.0	"W"	1.0	"G"	1	0.0	0.0	0.95384616	0.8235294	0.9368421	0.8908333	0.0	1.0	13.0	0.6389201349831269	0.083333336	0.0	0.0	0.0	0.0	0.083333336	0.16666667	0.0	0.083333336	0.0	0.0	0.0	0.33333334	0.0	0.0	0.083333336	0.16666667	12.0	"BJP"	1	0.0	1.0	1.0	0.0	0.0	0.34
12	"W"	"BJP"	"Female"	"Asawari Anil Patil"	57	"HSC"		"Yes"	0		2388000.0		63	79	16	19	12	19	2015							89.087	53.4	53.221	69.223	58.559	63.982	68.175	70.608	73.161	59.964	54.41	56.359	57.669	53.073	0.0	0.0	62.626667	70.405	62.0925	74.095			0	0	0	0	0	0	0	0	0	0	0	0	0	0	0	0	0	0	0	0	0	0	0	0	0	0	0	2	0	1	0	0		0	0	0	0	0	0	0	0	0	0	0	0	0	0	0	0	0	0	0	0	0	0	0	0	0	0	0	0	0	0	0	0	0	0	0	0	0	0	0	0	0	0	0	0	0	1	0	6	0	0	2012.0	71.0	"R/C"	0.34	1.0	"W"	1.0	"G"	1	0.0	0.0	0.79746836	0.84210527	0.8272727	0.398	0.0	1.0	11.4	4.612445414847161	0.0	0.0	0.0	0.1	0.0	0.0	0.0	0.0	0.0	0.0	0.1	0.0	0.6	0.0	0.2	0.0	0.0	10.0	"BJP"	1	0.0	1.0	1.0	0.0	0.0	0.34
12	"W"	"BJP"	"Female"	"Asawari Anil Patil"	58	"HSC"		"Yes"	0		6439816.0		70	74	16	18	12	17	2016							65.865	57.091	46.843	80.626	73.44	77.286	79.695	90.417	84.492	79.897	73.339	76.15	78.64	71.989	28.1	36.5	67.36	69.835	59.685	76.6125			0	0	0	0	0	0	1	0	0	0	0	0	0	0	0	0	2	0	0	0	0	0	0	0	0	1	0	0	0	2	0	0	2	0	0	0	0	0	0	0	0	0	0	0	0	0	0	0	0	0	0	0	0	0	0	0	0	0	0	0	0	2	1	0	0	1	0	0	0	0	0	0	0	0	0	0	0	0	0	0	7	0	0	2012.0	71.0	"R/C"	0.34	1.0	"W"	1.0	"G"	1	0.0	0.0	0.9459459	0.8888889	0.9423077	0.5366513	0.0	1.0	13.578947368421051	3.607315180348888	0.0	0.0	0.0	0.0	0.0	0.15789473	0.15789473	0.0	0.0	0.0	0.15789473	0.0	0.36842105	0.0	0.0	0.10526316	0.05263158	19.0	"BJP"	1	0.0	1.0	1.0	0.0	0.0	0.34
12	"G"	"SS"	"Female"	"Geeta Sanjay Singhan"	46	"Post Graduate"		"Yes"	0		4458925.0		83	102	36	36	25	32	2018		26425	"9005"		"BJP"	"2310"	74.146	67.385	69.441	72.996		70.127	76.655	96.814	81.196	64.297	62.937	67.042	69.904	70.762	77.0	80.9	81.503334	47.8575	93.685	33.6525		69.666	0	2	0	0	0	0	0	0	0	0	0	0	0	0	0	0	0	1	0	0	0	0	0	0	0	0	0	0	0	1	0	0	2	0	0	0	0	0	0	0	0	0	0	0	0	0	0	0	0	0	0	0	0	0	0	0	0	0	0	0	0	0	0	0	0	0	0	0	0	0	0	0	0	0	0	0	0	0	0	0	4	0	0	2017.0	72.0	"R/C"	0.34	1.0		0.0	"G"	1	0.0	0.0	0.8137255	1.0	0.8834356	0.74315417	1.0	1.0	9.719000000000001	3.7976707010733044	0.0	0.0	0.0	0.0	0.0	0.0	0.2	0.1	0.0	0.0	0.1	0.0	0.4	0.0	0.0	0.2	0.0	10.0	"SS"	5	1.0	1.0	0.0			0.0
13	"W"	"SS"	"Female"	"Aparna Anant Narvekar"									47	51	16	19	14	15	2011			"6919"	"yes"	"MNS"	"1203"	74.939	74.176	68.948	74.089		78.359	79.472	76.001	75.502	68.658	71.236	69.645	72.69	72.184					78.325		125		0	0	0	0	0	0	0	0	0	0	0	0	0	1	0	0	3	0	0	0	0	0	0	0	0	0	0	1	0	0	0	0		0	0	0	0	0	1	0	0	0	2	0	0	0	0	0	0	0	1	0	0	0	0	0	3	0	0	0	0	1	0	0	0	0	0	0	0	0	0	0	0	0	0	0	0	0	0	1	1	0	0	2007.0	103.0	"R/C"	0.34	1.0		1.0	"G"	1	0.0		0.92156863	0.84210527	0.9166667				13.8	0.8381839348079162	0.0	0.0	0.06666667	0.0	0.2	0.06666667	0.33333334	0.0	0.0	0.0	0.0	0.2	0.06666667	0.0	0.06666667	0.0	0.0	15.0	"SS"	5	1.0	1.0	1.0	0.0	0.0	0.34
13		"MNS"	"Male"	"Chetan Chandrakant Kadam"	39	"HSC"		"Yes"	0	2	4858433.0		62	70	18	19	52	68	2013			"8522"		"SS"	"1507"	83.054	55.865	70.555	81.248	78.917	69.201	70.271	90.006	78.762	52.056	58.831	53.021	69.358	66.334	0.0	62.6	69.04	77.76	87.875	75.9175			0	1	0	0	0	0	0	0	1	0	1	1	1	0	0	0	0	3	0	0	0	0	0	0	0	1	0	0	0	0	0	0	1	2	0	0	0	0	0	0	0	0	0	0	0	0	0	0	0	0	0	0	0	0	0	0	0	0	0	0	0	0	2	0	0	0	0	0	0	0	0	0	0	0	0	0	0	0	0	2	2	0	0	2012.0	104.0	"R/C"	0.34	0.0	"G"	0.0	"G"	1	0.0	0.0	0.8857143	0.94736844	0.9361702	0.8097388	0.0	1.0	13.0	4.722803347280335	0.055555556	0.0	0.11111111	0.11111111	0.0	0.11111111	0.11111111	0.16666667	0.055555556	0.0	0.055555556	0.0	0.11111111	0.0	0.0	0.055555556	0.055555556	18.0	"MNS"	3	0.0	1.0	0.0	0.0	0.0	0.0
13		"MNS"	"Male"	"Chetan Chandrakant Kadam"	40	"HSC"		"Yes"	0	2	1.0583E7		47	65	10	17	0	0	2014							57.057	51.189	46.295	55.139	59.761	63.268	67.291	64.189	62.193	47.266	47.128	51.372	56.997	52.559	33.6	50.1	51.456665	56.91	53.3975	62.35			0	0	0	0	0	0	1	0	0	0	1	0	1	0	0	0	0	0	0	0	0	0	0	0	0	0	0	1	0	0	0	0		0	0	0	0	0	0	0	0	0	0	0	0	0	0	0	0	0	0	0	0	0	0	0	0	0	0	0	0	0	0	0	0	0	0	0	0	0	0	0	0	0	0	0	0	0	0	0	1	0	0	2012.0	104.0	"R/C"	0.34	0.0	"G"	0.0	"G"	1	0.0	0.0	0.72307694	0.5882353	0.69512194	0.88191664	0.0	1.0	13.2	4.189538807649043	0.2	0.0	0.0	0.0	0.0	0.0	0.2	0.0	0.2	0.0	0.0	0.0	0.2	0.0	0.2	0.0	0.0	5.0	"MNS"	3	0.0	1.0	0.0	0.0	0.0	0.0
13		"MNS"	"Male"	"Chetan Chandrakant Kadam"	41	"HSC"		"Yes"	0	3	3510000.0		57	79	12	19	29	41	2015							73.238	77.673	66.089	73.427	71.933	72.05	78.4	82.35	73.127	68.72	68.148	69.281	75.389	76.619	0.0	47.8	67.096664	73.19	58.3175	71.515			0	1	0	0	0	0	0	0	0	0	0	0	0	0	0	1	2	1	0	0	0	0	0	0	0	0	0	3	0	0	0	0		1	0	0	0	0	0	0	0	0	0	0	0	0	0	0	0	1	0	0	0	0	0	0	0	0	0	0	0	0	0	0	0	0	0	0	0	0	0	0	0	0	0	0	0	0	0	0	3	0	0	2012.0	104.0	"R/C"	0.34	0.0	"G"	0.0	"G"	1	0.0	0.0	0.721519	0.6315789	0.77165353	0.585	0.0	1.0	16.76923076923077	5.278384279475983	0.0	0.0	0.0	0.07692308	0.0	0.0	0.3846154	0.07692308	0.0	0.0	0.0	0.0	0.23076923	0.0	0.23076923	0.0	0.0	13.0	"MNS"	3	0.0	1.0	0.0	0.0	0.0	0.0
13		"MNS"	"Male"	"Chetan Chandrakant Kadam"	42	"HSC"		"Yes"	0	3	6408031.0		34	74	10	18	17	30	2016	1						73.088	62.643	65.291	74.948	70.166	72.29	75.473	77.688	73.489	60.523	63.354	62.286	68.308	70.961	8.0	40.7	53.98	77.59	73.84	69.6425			0	0	0	0	0	0	0	1	0	0	1	0	0	0	0	0	0	1	0	0	0	0	0	0	0	0	0	1	0	1	0	0	1	0	0	0	0	0	0	0	0	0	0	0	0	0	0	0	0	1	0	0	0	0	0	0	0	0	0	0	0	0	0	0	0	0	0	0	0	0	0	0	0	0	0	0	0	0	0	0	3	0	0	2012.0	104.0	"R/C"	0.34	0.0	"G"	0.0	"G"	1	0.0	0.0	0.45945945	0.5555556	0.559633	0.5340026	0.0	1.0	13.200000000000001	4.921348314606742	0.0	0.0	0.0	0.0	0.0	0.0	0.2	0.1	0.1	0.0	0.1	0.0	0.3	0.0	0.1	0.1	0.0	10.0	"MNS"	3	0.0	1.0	0.0	0.0	0.0	0.0
13	"G"	"BJP"	"Male"	"Vidyarthi Balister Singh"	67	"Upto Fifth"		"Yes"	2		4010204.2		95	102	32	36	120	152	2018	3	18906	"13113"		"SS"	"7206"	67.769	61.589	61.528	63.487		75.879	73.28	69.034	76.424	63.031	59.621	63.768	70.184	64.305	73.3	54.8	61.566666	66.48	62.335	78.5475		64.335	0	1	0	0	0	0	0	0	0	0	1	0	1	0	0	0	1	1	0	0	0	0	0	0	0	0	0	2	0	0	0	0		0	0	0	0	0	0	0	0	0	0	0	0	0	0	0	0	0	1	0	0	0	0	0	0	0	0	0	0	0	1	0	0	0	0	0	0	0	0	0	0	0	0	0	0	1	0	0	2	0	0	2017.0	105.0	"R/C"	0.34	0.0		0.0	"G"	1	0.0	1.0	0.9313725	0.8888889	0.9573643	0.6683674	0.0	1.0	11.0105	4.31833751998173	0.083333336	0.083333336	0.0	0.0	0.0	0.083333336	0.25	0.083333336	0.083333336	0.0	0.0	0.0	0.16666667	0.0	0.16666667	0.0	0.0	12.0	"BJP"	1	0.0	1.0	0.0			0.0
14		"BJP"	"Male"	"Pravin Shah"									43	51	12	19	6	14	2011			"10659"		"INC"	"6443"	62.146	56.861	73.216	58.327		75.238	76.665	85.187	74.008	52.564	54.042	57.135	66.696	50.126					59.2375		122		0	0	0	0	0	0	0	0	0	0	0	0	0	0	0	0	0	0	0	0	0	0	0	0	0	0	0	1	0	0	0	0		0	0	0	0	0	0	0	0	0	0	0	0	0	0	0	0	0	0	0	0	0	0	0	0	0	0	0	0	0	0	0	0	0	0	0	0	0	0	0	0	0	0	0	0	0	0	0	5	0	0	2007.0	136.0	"R/C"	0.34	0.0		0.0			1.0		0.84313726	0.6315789	0.80263156				9.0	0.8381839348079162	0.0	0.0	0.0	0.0	0.0	0.0	0.0	0.0	0.0	0.0	0.0	0.0	0.8333333	0.0	0.16666667	0.0	0.0	6.0	"BJP"	1	0.0	1.0	0.0	0.0	0.0	0.0
14	"W"	"BJP"	"Female"	"Bina Paresh Doshi"	51	"SSC"		"Yes"	0		5298104.5		64	70	19	19	18	19	2013			"11717"		"Congress"	"6693"	73.895	69.276	68.643	72.624	69.462	70.828	71.432	82.792	76.853	66.257	63.127	63.218	69.63	68.283	2.6	9.1	64.85333	84.4325	71.9325	86.26			0	0	0	0	0	0	0	0	0	0	1	0	0	0	0	0	0	0	0	0	0	0	0	0	0	0	0	0	0	0	1	0		0	0	2	0	0	0	0	0	0	0	0	0	0	0	0	0	0	0	0	0	0	0	0	0	0	0	0	0	0	0	0	0	0	0	0	0	0	0	0	0	0	0	0	0	0	0	0	1	0	0	2012.0	137.0	"R/C"	0.34	1.0	"W"	1.0	"G"	1	0.0	0.0	0.9142857	1.0	0.94392526	0.8830174	0.0	1.0	9.6	1.315002988643156	0.0	0.0	0.0	0.4	0.0	0.0	0.0	0.0	0.2	0.0	0.2	0.0	0.2	0.0	0.0	0.0	0.0	5.0	"BJP"	1	0.0	1.0	1.0	0.0	0.0	0.34
14	"W"	"BJP"	"Female"	"Bina Paresh Doshi"	52	"SSC"		"Yes"	0		1.1279E7		63	65	15	17	13	14	2014							45.029	44.385	40.877	51.423	53.049	57.979	58.678	54.196	53.644	43.548	41.63	44.793	51.771	39.153	10.6	24.0	41.393333	47.4025	49.435	60.3475			0	1	0	0	0	0	0	0	0	0	0	0	0	0	0	0	2	0	0	0	0	0	0	0	0	0	0	1	0	0	0	0	2	0	0	3	0	0	0	1	0	0	0	0	0	0	0	0	0	0	0	0	0	0	0	0	0	2	0	0	0	0	1	0	0	0	0	0	0	0	0	0	0	0	0	0	0	0	0	0	2	0	0	2012.0	137.0	"R/C"	0.34	1.0	"W"	1.0	"G"	1	0.0	0.0	0.9692308	0.88235295	0.95789474	0.9399167	0.0	1.0	13.2	3.3318335208098984	0.0	0.0	0.0	0.2	0.13333334	0.06666667	0.2	0.0	0.0	0.0	0.0	0.06666667	0.13333334	0.0	0.06666667	0.13333334	0.0	15.0	"BJP"	1	0.0	1.0	1.0	0.0	0.0	0.34
14	"W"	"BJP"	"Female"	"Bina Paresh Doshi"	53	"SSC"		"Yes"	0		1694000.0		68	79	17	19	15	19	2015							56.607	51.576	48.232	64.966	53.877	65.533	70.242	79.078	75.548	52.348	52.941	57.151	62.637	62.481	1.2	22.0	72.28333	70.3325	73.62	75.0125			0	0	0	0	0	0	0	0	0	0	0	0	0	0	0	0	0	0	0	0	0	0	0	0	0	0	0	1	0	0	0	0	1	0	0	1	0	0	0	0	0	0	0	0	0	0	0	0	0	0	0	0	0	0	0	0	0	0	0	0	0	0	0	0	0	0	0	0	0	0	0	0	0	0	0	0	0	0	0	0	0	0	0	2012.0	137.0	"R/C"	0.34	1.0	"W"	1.0	"G"	1	0.0	0.0	0.8607595	0.8947368	0.88495576	0.28233334	0.0	1.0	14.0	4.514192139737991	0.0	0.0	0.0	0.33333334	0.0	0.0	0.0	0.0	0.0	0.0	0.0	0.0	0.0	0.0	0.33333334	0.33333334	0.0	3.0	"BJP"	1	0.0	1.0	1.0	0.0	0.0	0.34
14	"W"	"BJP"	"Female"	"Bina Paresh Doshi"	54	"SSC"		"Yes"	0		6060476.5		63	74	15	18	23	26	2016							79.119	71.581	73.162	81.392	59.83	77.208	82.454	81.388	66.833	64.378	55.973	62.285	68.948	66.133	29.8	29.8	62.57	61.275	61.0525	60.455			0	0	0	0	0	0	0	0	0	0	1	0	1	0	0	0	0	0	0	0	0	1	0	0	0	0	0	0	0	1	0	0	1	0	0	0	0	0	2	0	0	0	0	0	0	0	0	0	0	0	0	0	0	0	0	0	0	0	0	0	0	0	0	0	0	0	0	0	0	0	0	0	0	0	0	0	0	0	0	0	0	0	0	2012.0	137.0	"R/C"	0.34	1.0	"W"	1.0	"G"	1	0.0	0.0	0.8513514	0.8333333	0.87826085	0.5050397	0.0	1.0	14.285714285714286	2.9881566960218646	0.14285715	0.0	0.0	0.0	0.0	0.0	0.0	0.0	0.14285715	0.0	0.14285715	0.2857143	0.0	0.0	0.0	0.14285715	0.14285715	7.0	"BJP"	1	0.0	1.0	1.0	0.0	0.0	0.34
14	"W"	"BJP"	"Female"	"Asawari Anil Patil"	60	"HSC"		"Yes"	0		4003023.2		88	102	30	36	32	47	2018		21372	"8321"		"SS"	"1141"	72.102	79.401	61.54	75.125		71.993	74.852	86.173	85.025	64.146	47.934	40.74	69.213	74.794	90.9	98.0	89.113335	45.2925	68.6275	56.8625		74.797	0	0	0	0	0	0	1	0	0	1	0	0	0	0	0	0	2	0	0	0	0	0	0	0	0	0	0	2	0	2	0	2	1	0	0	0	0	0	0	0	0	0	0	0	0	0	0	0	0	0	1	0	0	0	0	1	0	0	0	0	0	0	0	0	0	0	0	0	0	0	0	0	0	0	0	0	1	0	0	0	10	0	0	2017.0	138.0	"R/C"	0.34	1.0		1.0	"G"	1	0.0	0.0	0.8627451	0.8333333	0.88235295	0.6671705	0.0	1.0	14.791	5.22014158483672	0.0	0.0	0.0	0.0	0.041666668	0.0	0.20833333	0.0	0.0	0.0	0.083333336	0.0	0.41666666	0.041666668	0.083333336	0.125	0.0	24.0	"BJP"	1	0.0	1.0	1.0			0.34
15		"BJP"	"Male"	"Mohan Ramchandra Mithbaokar"									47	51	19	19	49	59	2011			"8445"		"INC"	"2441"	63.981	67.256	68.861	66.699		72.561	69.118	69.82	67.875	65.962	65.925	65.656	67.357	66.383					89.22		126		0	1	0	0	0	0	0	0	0	3	0	0	0	0	0	1	4	0	0	1	0	0	0	0	0	0	0	3	0	1	4	0	3	0	0	3	0	0	0	0	0	0	0	0	0	0	0	0	0	0	0	0	0	0	0	0	0	0	0	0	0	1	0	0	0	0	0	0	0	0	0	0	0	0	0	0	1	0	0	0	1	0	0	2007.0	169.0	"R/C"	0.34	0.0		0.0			1.0		0.92156863	1.0	0.96638656				15.999999999999998	4.924718665114474	0.0	0.0	0.0	0.11111111	0.0	0.037037037	0.33333334	0.0	0.0	0.037037037	0.18518518	0.0	0.037037037	0.037037037	0.11111111	0.11111111	0.0	27.0	"BJP"	1	0.0	1.0	0.0	0.0	0.0	0.0
15		"BJP"	"Male"	"Mohan Ramchandra Mithbaokar"	66	"B.A. (Economics), B.Com."		"Yes"	0	1	5687023.0		68	70	12	19	0	0	2013			"12476"		"MNS"	"5407"	72.032	62.525	57.523	76.004	58.936	78.168	79.811	94.323	90.248	65.452	59.904	70.964	77.387	70.119	51.1	52.1	65.82333	76.9425	71.9925	72.0875			0	1	0	0	0	0	0	0	1	0	0	0	0	0	0	0	1	0	0	0	0	0	0	0	0	0	0	1	0	0	0	0		2	0	0	0	0	1	0	0	0	1	0	0	0	0	0	0	0	0	0	0	0	0	0	0	0	0	0	0	0	1	0	0	0	0	0	0	0	0	0	0	0	0	0	0	0	0	0	4	0	0	2012.0	170.0	"R/C"	0.34	0.0	"G"	0.0	"G"	1	0.0	0.0	0.9714286	0.6315789	0.8988764	0.9478372	1.0	1.0	15.692307692307693	3.6192468619246863	0.0	0.0	0.0	0.15384616	0.0	0.07692308	0.23076923	0.0	0.0	0.0	0.0	0.15384616	0.30769232	0.0	0.07692308	0.0	0.0	13.0	"BJP"	1	0.0	1.0	0.0	0.0	0.0	0.0
15		"BJP"	"Male"	"Mohan Ramchandra Mithbaokar"	67	"B.A. (Economics), B.Com."		"Yes"	0	1	1.1288E7		64	65	6	17	0	0	2014							46.918	42.232	38.53	53.286	53.761	54.339	59.545	56.836	52.342	34.093	38.799	39.136	52.149	46.597	5.9	24.8	39.873333	41.2	60.7225	60.41			0	1	0	0	0	0	0	0	0	0	0	0	1	0	0	0	0	1	0	0	0	0	0	0	0	0	0	3	0	0	0	0		0	0	0	0	0	0	0	0	0	0	0	0	0	0	0	0	0	0	0	0	0	0	0	0	0	0	0	0	0	1	0	0	0	0	0	0	0	0	0	0	0	0	0	0	0	0	0	2	0	0	2012.0	170.0	"R/C"	0.34	0.0	"G"	0.0	"G"	1	0.0	0.0	0.9846154	0.3529412	0.85365856	0.9406667	1.0	1.0	12.0	6.35095613048369	0.11111111	0.0	0.0	0.0	0.0	0.11111111	0.11111111	0.11111111	0.0	0.0	0.0	0.0	0.22222222	0.0	0.33333334	0.0	0.0	9.0	"BJP"	1	0.0	1.0	0.0	0.0	0.0	0.0
15		"BJP"	"Male"	"Mohan Ramchandra Mithbaokar"	68	"B.A. (Economics), B.Com."		"Yes"	0	1	1366000.0		72	79	16	19	0	0	2015							62.641	54.257	59.986	66.372	33.07	67.651	69.13	76.876	72.877	50.523	58.485	63.888	71.957	63.051	41.5	44.1	60.95	76.2725	74.095	72.035			0	0	0	0	0	0	0	0	0	0	0	0	0	0	0	0	0	0	0	0	0	0	0	0	0	0	0	4	0	0	0	0		0	0	0	0	0	0	0	0	0	0	0	0	0	0	0	0	0	0	0	0	0	0	0	0	0	0	0	0	0	0	0	0	0	0	0	0	0	0	0	0	0	0	0	0	0	0	0	0	0	0	2012.0	170.0	"R/C"	0.34	0.0	"G"	0.0	"G"	1	0.0	0.0	0.9113924	0.84210527	0.8979592	0.22766666	1.0	1.0	8.0	3.709061135371179	0.0	0.0	0.0	0.0	0.0	0.0	0.0	0.0	0.0	0.0	0.0	0.0	0.0	0.0	1.0	0.0	0.0	4.0	"BJP"	1	0.0	1.0	0.0	0.0	0.0	0.0
15		"BJP"	"Male"	"Mohan Ramchandra Mithbaokar"	69	"B.A. (Economics), B.Com."		"Yes"	0	1	5123821.5		73	74	16	18	28	30	2016							74.772	66.256	71.229	82.194	71.104	80.589	82.461	79.88	76.448	67.225	70.058	69.945	72.066	72.522	45.2	47.7	56.56	76.305	67.86	63.2275			0	0	0	0	0	0	0	1	0	0	1	0	0	0	0	0	0	0	0	0	0	0	0	0	0	0	0	3	0	0	0	0		0	0	0	0	0	0	0	0	0	0	0	0	0	0	0	0	0	0	0	0	0	0	0	0	0	0	0	0	0	0	1	0	0	0	0	0	0	0	0	0	0	0	0	0	0	0	0	0	0	0	2012.0	170.0	"R/C"	0.34	0.0	"G"	0.0	"G"	1	0.0	0.0	0.9864865	0.8888889	0.975	0.4269851	1.0	1.0	14.0	3.9265107804433645	0.0	0.0	0.0	0.0	0.0	0.16666667	0.16666667	0.0	0.16666667	0.0	0.0	0.0	0.0	0.0	0.5	0.0	0.0	6.0	"BJP"	1	0.0	1.0	0.0	0.0	0.0	0.0
15	"G"	"BJP"	"Male"	"Pravin Rikhavchand Shah"	63	"SSC"		"Yes"	0		4287691.0		50	102	28	36	6	15	2018		20430	"22860"		"SS"	"19556"	78.438	71.014	69.493	77.232		74.479	76.638	79.591	76.161	72.417	65.405	69.209	67.729	67.729	80.0	95.8	64.13333	56.3175	83.225	65.2925		59.122	0	0	0	0	0	0	0	0	0	0	0	0	0	0	0	0	0	0	0	0	0	0	0	0	0	0	0	0	0	1	0	0		0	0	0	0	0	0	0	0	0	0	0	0	0	0	0	0	0	0	0	0	0	0	0	0	0	0	0	0	0	0	0	0	0	0	0	0	0	0	0	0	0	0	0	0	0	0	0	1	0	0	2017.0	171.0	"R/C"	0.34	0.0		0.0	"G"	1	0.0	0.0	0.49019608	0.7777778	0.5833333	0.71461517	0.0	1.0	8.208	1.418131993605846	0.0	0.0	0.0	0.0	0.0	0.0	0.0	0.0	0.0	0.0	0.5	0.0	0.5	0.0	0.0	0.0	0.0	2.0	"BJP"	1	0.0	1.0	0.0			0.0
16	"W"	"BJP"	"Female"	"Bharati Jaywant Keni"									35	51	19	19	1	13	2011			"7497"		"INC"	"4542"	61.859	63.317	59.363	65.983		72.649	73.784	75.384	67.845	61.178	58.747	57.86	60.205	66.453					72.705		127		0	0	0	0	0	0	0	0	0	1	0	0	0	0	0	0	0	0	0	0	0	0	0	0	0	0	0	0	0	0	0	0		0	0	2	0	0	0	0	0	0	0	0	0	0	0	0	0	0	0	0	0	0	0	0	0	1	0	0	0	0	0	0	0	0	0	0	0	0	0	0	0	0	0	0	0	1	0	0	1	0	0	2007.0	202.0	"R/C"	0.34	1.0		1.0	"G"	1	0.0		0.6862745	1.0	0.7746479				9.0	1.30093131548312	0.0	0.16666667	0.0	0.33333334	0.16666667	0.0	0.16666667	0.0	0.0	0.0	0.0	0.0	0.16666667	0.0	0.0	0.0	0.0	6.0	"BJP"	1	0.0	1.0	1.0	0.0	0.0	0.34
16		"BJP"	"Male"	"Pravin Shah"	57	"SSC"		"Yes"	0	1	5397835.0		60	70	9	19	59	83	2013			"9859"		"Congress"	"1356"	85.107	77.001	70.69	85.988	66.14	74.523	77.916	89.046	80.084	72.79	73.626	75.912	76.97	76.87	46.0	88.9	63.47	81.2	75.425	67.2875			0	0	0	0	0	0	0	0	0	0	0	0	0	0	0	0	1	0	0	0	0	0	0	0	0	0	0	1	0	0	0	0		0	0	0	0	0	0	0	0	0	0	0	1	0	0	0	0	0	0	0	0	0	0	0	0	0	0	0	0	0	0	0	0	0	0	0	0	0	0	0	0	0	0	0	0	0	0	0	2	0	0	2012.0	203.0	"R/C"	0.34	0.0		0.0			1.0	0.0	0.85714287	0.47368422	0.8648649	0.8996392	0.0	1.0	16.2	1.0699342498505677	0.0	0.0	0.0	0.0	0.0	0.0	0.2	0.0	0.0	0.0	0.0	0.2	0.4	0.0	0.2	0.0	0.0	5.0	"BJP"	1	0.0	1.0	0.0	0.0	0.0	0.0
16		"BJP"	"Male"	"Pravin Shah"	58	"SSC"		"Yes"	0	1	1.146E7		54	65	17	17	13	15	2014							52.396	54.086	48.894	56.125	49.554	58.086	64.395	56.408	54.513	43.495	41.677	45.014	48.99	46.901	14.8	31.9	40.793335	44.3575	44.6225	59.9525			0	0	0	0	0	0	0	0	0	0	0	0	0	0	0	1	1	0	0	0	0	0	0	0	0	0	0	0	0	0	0	0	1	0	0	0	0	0	0	0	0	0	0	0	0	0	0	0	0	0	0	0	0	0	0	0	0	0	0	0	0	0	0	0	0	0	0	0	0	0	0	0	0	0	0	0	0	0	0	0	1	0	0	2012.0	203.0	"R/C"	0.34	0.0		0.0			1.0	0.0	0.83076924	1.0	0.8842105	0.955	0.0	1.0	15.5	0.4814398200224972	0.0	0.0	0.0	0.0	0.0	0.0	0.5	0.0	0.0	0.0	0.0	0.0	0.25	0.0	0.0	0.25	0.0	4.0	"BJP"	1	0.0	1.0	0.0	0.0	0.0	0.0
16		"BJP"	"Male"	"Pravin Shah"	59	"SSC"		"Yes"	0	1	3749000.0		68	79	17	19	11	21	2015							85.807	74.316	76.255	76.942	74.764	75.323	76.502	77.314	77.222	74.571	73.035	72.444	72.786	73.076	50.6	71.1	64.68667	74.21	52.1125	72.09			0	0	0	0	0	0	0	0	0	1	0	0	0	0	0	0	0	0	0	0	0	0	0	0	0	0	0	1	0	2	0	0		0	0	0	0	0	0	0	0	0	0	0	0	0	0	0	0	0	0	0	0	0	0	0	0	0	0	0	0	0	0	0	0	0	0	0	0	0	0	0	0	0	0	0	0	0	0	0	1	0	0	2012.0	203.0	"R/C"	0.34	0.0		0.0			1.0	0.0	0.8607595	0.8947368	0.88073397	0.62483335	0.0	1.0	14.6	3.6108078602620086	0.0	0.0	0.0	0.0	0.0	0.0	0.2	0.0	0.0	0.0	0.4	0.0	0.2	0.0	0.2	0.0	0.0	5.0	"BJP"	1	0.0	1.0	0.0	0.0	0.0	0.0
16		"BJP"	"Male"	"Pravin Shah"	60	"SSC"		"Yes"	0	1	3716630.5		59	74	13	18	6	14	2016							58.099	57.043	71.9	89.522	60.573	82.019	92.431	96.557	73.997	44.21	50.954	77.306	84.264	68.001	0.0	0.0	72.69666	73.3875	93.75	70.3875			0	1	0	0	0	0	0	0	0	0	1	0	0	0	0	0	0	0	0	0	0	0	0	0	0	0	0	0	0	0	0	0		0	0	0	0	0	0	0	0	0	0	0	0	0	0	0	0	0	0	0	0	0	0	0	0	0	0	0	0	0	0	0	0	0	0	0	0	0	0	0	0	0	0	0	0	0	0	0	11	0	0	2012.0	203.0	"R/C"	0.34	0.0		0.0			1.0	0.0	0.7972973	0.7222222	0.79591835	0.3097192	0.0	1.0	6.0	2.7877315517764956	0.0	0.0	0.0	0.0	0.0	0.0	0.07692308	0.0	0.07692308	0.0	0.0	0.0	0.84615386	0.0	0.0	0.0	0.0	13.0	"BJP"	1	0.0	1.0	0.0	0.0	0.0	0.0
16	"W"	"BJP"	"Female"	"Anjali Arun Khedkar"	63	"Graduate"		"Yes"	0		3453948.2		90	102	28	36	11	14	2018		20172	"9465"		"SS"	"1911"	40.57	41.898	39.757	42.797		41.878	43.503	37.455	39.421	37.893	39.868	42.241	44.019	34.878	42.1	35.8	87.246666	47.675	84.4325	69.1025		37.824	0	0	0	0	0	0	0	0	0	0	0	0	0	0	0	0	0	0	0	0	0	0	0	0	0	0	0	1	0	1	0	0	1	0	0	0	0	0	0	0	0	0	0	0	0	0	0	0	0	0	0	0	0	0	0	0	0	0	0	0	0	0	0	0	0	0	0	0	0	0	0	0	0	0	0	0	0	0	0	0	0	0	0	2017.0	204.0	"R/C"	0.34	1.0		1.0	"G"	1	0.0	0.0	0.88235295	0.7777778	0.86577183	0.575658	1.0	1.0	5.916	3.6949075131308513	0.0	0.0	0.0	0.0	0.0	0.0	0.0	0.0	0.0	0.0	0.33333334	0.0	0.0	0.0	0.33333334	0.33333334	0.0	3.0	"BJP"	1	0.0	1.0	1.0			0.34
17		"NCP"	"Female"	"Sandhya Vipul Doshi (Sakre)"									50	51	19	19	15	16	2011			"6185"		"BJP"	"46"	55.968	53.598	54.416	56.24		63.019	62.442	60.224	56.085	55.105	54.088	53.349	56.309	56.171					64.635		119		0	3	0	0	0	0	0	0	0	0	0	0	1	0	0	0	0	0	0	0	0	0	0	0	0	0	0	1	0	0	0	0	1	0	0	0	0	0	0	0	0	0	0	0	0	0	0	0	0	0	0	0	0	0	0	0	0	0	0	0	0	0	0	0	0	0	0	0	0	0	0	1	0	0	0	0	0	0	0	0	0	0	0	2007.0	235.0	"R/C"	0.34	1.0		0.0			1.0		0.98039216	1.0	0.9882353				11.142857142857142	4.449941792782305	0.14285715	0.0	0.0	0.0	0.0	0.0	0.42857143	0.0	0.0	0.0	0.0	0.0	0.0	0.14285715	0.14285715	0.14285715	0.0	7.0	"NCP"	4	0.0	1.0	0.0	0.0	0.0	0.0
17	"W"	"NCP"	"Female"	"Sandhya Vipul Doshi"	37	"B.Com. (Part 2)"		"Yes"	0	1	2446620.0		66	70	14	19	42	52	2013	1		"12055"		"MNS"	"2136"	83.075	78.885	77.674	82.941	78.347	82.676	82.042	92.418	84.951	77.238	79.473	80.256	81.904	83.081	60.6	63.4	80.433334	85.135	78.9975	82.035			0	2	0	0	0	0	0	1	0	0	0	0	2	0	0	0	0	0	0	0	0	0	0	0	0	1	0	0	0	0	0	0		2	0	2	0	0	0	0	0	0	0	0	0	0	0	0	0	0	0	0	0	0	0	0	1	0	0	0	0	0	0	0	0	0	0	0	0	0	0	0	0	0	0	0	0	0	0	0	2	0	0	2012.0	236.0	"R/C"	0.34	1.0	"W"	1.0	"G"	1	0.0	0.0	0.94285715	0.7368421	0.9312977	0.40777	1.0	1.0	10.153846153846153	3.0693365212193666	0.15384616	0.0	0.0	0.30769232	0.07692308	0.0	0.23076923	0.0	0.0	0.0	0.07692308	0.0	0.15384616	0.0	0.0	0.0	0.0	13.0	"NCP"	4	0.0	1.0	1.0	0.0	0.0	0.34
17	"W"	"NCP"	"Female"	"Sandhya Vipul Doshi"	38	"B.Com. (Part 2)"		"Yes"	0	1	1.0363E7		62	65	15	17	42	47	2014							52.441	50.265	43.882	59.331	59.894	59.452	66.928	57.669	57.939	46.426	45.123	46.686	55.794	56.758	9.8	19.6	42.103333	40.8625	56.83	59.9475			0	4	0	0	0	0	0	0	1	0	0	0	0	0	0	0	0	0	0	0	0	0	0	0	0	0	0	1	0	2	0	1		0	0	0	0	0	0	0	0	0	0	0	0	0	0	0	0	0	0	0	0	0	0	0	0	0	0	0	0	0	0	0	0	0	0	0	0	0	0	0	0	0	0	0	0	0	0	0	9	0	0	2012.0	236.0	"R/C"	0.34	1.0	"W"	1.0	"G"	1	0.0	0.0	0.95384616	0.88235295	0.9596774	0.8635833	1.0	1.0	11.0	4.273965754280715	0.0	0.0	0.0	0.0	0.0	0.0	0.2777778	0.0	0.0	0.0	0.11111111	0.0	0.5	0.0	0.055555556	0.055555556	0.0	18.0	"NCP"	4	0.0	1.0	1.0	0.0	0.0	0.34
17	"W"	"NCP"	"Female"	"Sandhya Vipul Doshi"	39	"B.Com. (Part 2)"		"Yes"	0	1	2981000.0		78	79	16	19	62	81	2015							61.14	53.353	44.554	74.674	58.263	70.859	75.328	89.468	78.518	53.767	61.658	57.297	73.319	62.839	1.6	26.0	67.45	72.93	68.1825	74.8775			0	1	0	0	0	0	0	0	0	0	0	0	0	0	0	0	0	0	0	0	0	0	0	0	0	0	0	0	0	0	0	0		0	0	0	0	0	0	0	0	0	0	0	0	0	0	0	0	2	0	1	0	0	0	0	0	0	0	0	0	0	1	0	0	0	0	0	0	0	0	0	0	0	0	0	0	0	0	1	16	0	0	2012.0	236.0	"R/C"	0.34	1.0	"W"	1.0	"G"	1	0.0	0.0	0.98734176	0.84210527	0.975	0.49683332	1.0	1.0	8.454545454545455	1.5966157205240175	0.0	0.0	0.045454547	0.0	0.0	0.045454547	0.13636364	0.0	0.0	0.0	0.0	0.045454547	0.72727275	0.0	0.0	0.0	0.0	22.0	"NCP"	4	0.0	1.0	1.0	0.0	0.0	0.34
17	"W"	"NCP"	"Female"	"Sandhya Vipul Doshi"	40	"B.Com. (Part 2)"		"Yes"	0	1	6769994.0		61	74	17	18	32	61	2016	1						81.007	73.527	74.228	83.122	73.979	78.747	76.998	80.058	78.092	71.569	72.159	72.165	76.336	73.172	0.0	36.2	67.003334	79.775	81.285	73.485			0	0	0	0	0	0	0	0	0	0	2	0	0	0	0	0	0	0	0	1	0	0	0	1	0	0	0	3	0	1	0	1	2	0	0	1	0	0	1	0	0	0	0	0	0	0	0	0	0	0	0	0	0	0	0	0	0	0	0	0	0	0	1	0	0	0	0	0	0	0	0	0	0	0	0	0	0	0	0	0	1	0	0	2012.0	236.0	"R/C"	0.34	1.0	"W"	1.0	"G"	1	0.0	0.0	0.8243243	0.9444444	0.88709676	0.5641662	1.0	1.0	15.2	5.718190100212572	0.0	0.0	0.0	0.06666667	0.0	0.06666667	0.0	0.0	0.13333334	0.06666667	0.13333334	0.06666667	0.06666667	0.0	0.2	0.2	0.0	15.0	"NCP"	4	0.0	1.0	1.0	0.0	0.0	0.34
17	"W"	"BJP"	"Female"	"Bina Paresh Doshi"	57	"SSC"		"Yes"	0		4865051.5		78	102	20	36	7	16	2018		22663	"14414"		"SS"	"9592"	74.3	75.996	67.41	69.274		69.669	69.347	63.888	65.839	62.862	63.721	64.981	52.514	51.191	100.0	100.0	62.853333	56.0825	87.875	41.9125		47.55	0	0	0	0	0	0	0	0	0	0	0	0	0	0	0	0	0	0	0	0	0	0	0	1	0	0	0	2	0	0	0	0		0	0	0	0	0	0	0	0	0	0	0	0	0	0	0	0	0	0	0	0	0	0	0	0	0	0	0	0	0	1	0	0	0	0	0	0	0	0	0	0	0	0	0	0	0	0	0	1	0	0	2017.0	237.0	"R/C"	0.34	1.0		1.0	"G"	1	0.0	0.0	0.7647059	0.5555556	0.7241379	0.8108419	0.0	1.0	9.072	1.3815939712263072	0.0	0.0	0.0	0.0	0.0	0.2	0.0	0.0	0.0	0.0	0.2	0.0	0.2	0.0	0.4	0.0	0.0	5.0	"BJP"	1	0.0	1.0	1.0			0.34
18		"SS"	"Female"	"Shubhada Subhash Gudhekar "									26	51	9	17	14	31	2011			"10174"		"NCP"	"5315"	65.686	68.343	68.028	71.06		72.664	74.088	74.962	68.949	67.429	69.556	70.139	71.313	70.797					84.465		122		0	0	0	0	0	0	2	1	0	0	0	0	0	0	1	0	1	0	0	0	0	0	0	0	0	0	0	0	1	0	0	0		0	0	0	0	0	0	0	0	0	0	0	0	0	0	0	0	0	0	0	0	0	0	0	0	0	0	0	0	0	0	0	1	0	0	0	0	0	0	0	0	0	0	0	0	0	0	0	1	0	0	2007.0	268.0	"R/S"	0.55	1.0		0.0			1.0		0.50980395	0.5294118	0.597561				14.0	1.12890625	0.0	0.0	0.0	0.0	0.0	0.125	0.625	0.0	0.0	0.0	0.0	0.0	0.125	0.0	0.0	0.0	0.125	8.0	"SS"	5	1.0	0.0	0.0	0.0	0.0	0.0
18		"SS"	"Male"	"Shrikant Krishna Kavathankar"	56	"F.Y.B.Com"		"Yes"	0		5665168.5		70	70	15	16	16	17	2013			"11158"		"MNS"	"5222"	75.496	73.967	71.67	76.697	72.043	70.841	73.614	84.911	76.752	72.985	70.582	69.656	73.147	71.356	30.2	42.9	62.77667	81.0975	62.9675	77.7575			0	1	0	0	0	0	0	0	0	0	2	0	0	0	0	0	1	0	0	0	0	0	0	0	0	0	0	1	0	0	0	0		0	0	1	0	1	0	0	0	0	0	0	0	0	0	0	0	0	0	0	0	0	0	0	1	0	0	0	0	0	0	0	0	0	0	0	0	0	0	0	0	0	0	0	0	0	0	0	0	0	0	2012.0	269.0	"R/S"	0.55	0.0	"OBC"	0.0	"OBC"	2	1.0	0.0	1.0	0.9375	0.99019605	0.94419473	1.0	1.0	10.5	3.5026041666666665	0.0	0.0	0.0	0.125	0.125	0.0	0.25	0.0	0.25	0.0	0.0	0.125	0.0	0.0	0.125	0.0	0.0	8.0	"SS"	5	1.0	0.0	0.0	0.0	0.0	0.0
18		"SS"	"Male"	"Shrikant Krishna Kavathankar"	57	"F.Y.B.Com"		"Yes"	0		1.1711E7		64	65	16	16	15	15	2014							72.152	63.359	64.319	75.318	62.869	72.474	77.766	86.804	83.965	62.847	64.028	69.856	73.763	69.071	6.0	13.7	62.136665	74.13	66.4325	67.98			0	1	0	0	0	0	1	0	0	0	1	0	1	0	0	0	1	2	0	0	0	0	0	0	0	0	0	0	0	0	0	0		0	0	0	0	1	0	0	0	0	0	0	0	0	0	0	0	0	0	0	0	0	0	0	1	0	0	0	3	0	1	0	0	0	0	0	0	0	0	0	0	0	0	0	0	0	0	0	0	0	0	2012.0	269.0	"R/S"	0.55	0.0	"OBC"	0.0	"OBC"	2	1.0	0.0	0.9846154	1.0	0.9895833	0.9759167	1.0	1.0	9.76923076923077	3.3523809523809525	0.07692308	0.0	0.0	0.0	0.07692308	0.07692308	0.23076923	0.15384616	0.07692308	0.0	0.0	0.07692308	0.0	0.0	0.0	0.0	0.23076923	13.0	"SS"	5	1.0	0.0	0.0	0.0	0.0	0.0
18		"SS"	"Male"	"Shrikant Krishna Kavathankar"	58	"F.Y.B.Com"		"Yes"	0		5541000.0		75	79	17	19	49	56	2015							69.396	57.53	68.319	82.213	60.515	70.039	69.05	71.527	70.231	64.175	66.344	65.398	66.171	66.218	79.9	88.7	66.91333	73.865	53.04	73.8425			0	1	0	0	0	0	1	0	0	0	0	0	1	0	0	0	0	1	0	0	0	0	0	0	0	0	0	0	0	1	0	0		0	0	0	0	0	0	0	0	0	0	0	0	0	0	0	0	0	0	0	0	0	0	0	1	0	0	0	0	0	1	0	0	0	0	0	0	0	0	0	0	0	0	0	0	0	0	2	0	3	1	2012.0	269.0	"R/S"	0.55	0.0	"OBC"	0.0	"OBC"	2	1.0	0.0	0.9493671	0.8947368	0.9591837	0.9235	1.0	1.0	11.76923076923077	3.523168908819133	0.07692308	0.0	0.15384616	0.0	0.07692308	0.07692308	0.15384616	0.07692308	0.0	0.0	0.07692308	0.0	0.0	0.0	0.30769232	0.0	0.0	13.0	"SS"	5	1.0	0.0	0.0	0.0	0.0	0.0
18		"SS"	"Male"	"Shrikant Krishna Kavathankar"	59	"F.Y.B.Com"		"Yes"	0		5351989.0		62	74	12	15	43	50	2016							74.29	64.661	65.485	65.95	67.221	67.812	72.403	73.012	72.032	67.149	68.957	67.066	71.599	71.129	0.8	12.0	53.133335	66.165	73.02	67.6375			0	0	0	0	0	0	0	0	0	1	0	0	3	0	0	0	2	1	0	0	0	0	0	0	0	0	0	2	0	0	1	0		0	0	0	0	0	0	0	0	0	0	0	0	0	0	0	0	0	0	0	0	0	0	0	0	0	1	0	0	0	0	0	1	0	0	0	0	2	0	0	0	0	0	0	0	1	0	0	0	4	0	2012.0	269.0	"R/S"	0.55	0.0	"OBC"	0.0	"OBC"	2	1.0	0.0	0.8378378	0.8	0.8863636	0.4459991	1.0	1.0	14.421052631578947	2.916188289322618	0.15789473	0.05263158	0.0	0.0	0.0	0.05263158	0.15789473	0.05263158	0.0	0.05263158	0.05263158	0.0	0.0	0.0	0.31578946	0.0	0.10526316	19.0	"SS"	5	1.0	0.0	0.0	0.0	0.0	0.0
18	"G"	"SS"	"Female"	"Sandhya Vipul Doshi"	43	"Post Graduate"		"Yes"	1		3967728.5		95	102	36	36	24	29	2018	1	27682	"9815"		"BJP"	"1771"	64.23	67.838	66.603	64.749		68.379	66.476	67.592	71.392	54.815	61.34	68.962	71.511	65.532	79.7	33.2	54.58	42.4525	74.7575	71.625		50.426	0	0	0	0	0	0	0	0	0	0	0	0	1	0	0	0	0	0	0	0	0	0	0	0	0	0	0	2	0	1	0	0		0	0	0	0	0	1	1	0	0	0	0	0	0	0	0	0	0	0	0	0	0	0	0	0	0	0	0	0	0	0	0	0	0	0	0	0	0	0	0	0	0	0	0	0	0	0	0	1	0	0	2017.0	270.0	"R/C"	0.34	1.0		0.0	"G"	1	0.0	1.0	0.9313725	1.0	0.95679015	0.6612881	1.0	1.0	11.77657142857143	2.8408312400091345	0.14285715	0.0	0.0	0.0	0.0	0.0	0.0	0.0	0.0	0.0	0.14285715	0.2857143	0.14285715	0.0	0.2857143	0.0	0.0	7.0	"SS"	5	1.0	1.0	0.0			0.0
19		"INC"	"Male"	"Kamlesh Shobhnath Yadav"									41	51	15	17	16	17	2011			"3486"		"BJP"	"589"	68.714	64.763	65.665	65.525		67.416	66.879	67.434	65.651	64.099	64.525	64.219	65.557	65.243					64.0175		150		0	0	0	0	0	0	0	0	0	1	0	0	0	0	0	0	1	0	0	0	0	0	0	0	0	0	0	2	0	0	0	0		0	0	1	0	0	0	0	0	0	0	0	0	0	0	0	0	0	0	0	0	0	0	0	3	2	0	0	0	0	0	0	0	0	0	0	0	0	0	0	0	0	0	0	0	0	0	0	7	0	0	2007.0	301.0	"R/S"	0.55	0.0		0.0			1.0		0.8039216	0.88235295	0.85714287				10.235294117647058	1.61328125	0.0	0.0	0.0	0.05882353	0.29411766	0.0	0.11764706	0.0	0.0	0.0	0.0	0.0	0.4117647	0.0	0.11764706	0.0	0.0	17.0	"INC"	2	0.0	0.0	0.0	0.0	0.0	0.0
19	"W"	"INC"	"Female"	"Neha Vinayak Patil"	24	"B.M.S., M.M.S. Part 2 (Appeared)"		"Not given"	0		5259916.5		59	70	14	16	23	29	2013			"6160"		"SP"	"641"	74.527	75.99	75.336	72.582	72.976	71.62	72.434	81.308	75.966	66.126	68.312	69.102	68.758	68.482	15.5	15.8	58.376667	78.37	70.4675	74.3775			0	0	0	0	0	0	1	0	0	0	0	0	0	0	0	0	0	0	0	0	0	0	0	0	0	0	0	0	0	1	0	0		1	0	0	0	0	0	0	0	0	0	0	0	0	0	0	0	0	0	0	0	0	0	0	1	0	0	0	0	0	0	0	0	0	0	0	0	0	0	0	0	0	0	0	0	0	0	0	0	0	0	2012.0	302.0	"R/S"	0.55	1.0	"OBC-W"	1.0	"OBC"	2	1.0	0.0	0.8428571	0.875	0.88073397	0.8766528	1.0	0.0	12.5	2.1328125	0.0	0.0	0.0	0.25	0.25	0.0	0.25	0.0	0.0	0.0	0.25	0.0	0.0	0.0	0.0	0.0	0.0	4.0	"INC"	2	0.0	0.0	0.0	0.0	0.0	0.55
19	"W"	"INC"	"Female"	"Neha Vinayak Patil"	25	"B.M.S., M.M.S. Part 2 (Appeared)"		"Not given"	0		1.1684E7		54	65	13	16	12	24	2014							74.301	58.928	59.366	75.057	67.429	73.072	76.842	79.592	77.273	67.282	66.91	69.953	75.14	72.452	2.5	6.2	66.04	67.995	68.2275	64.06			0	0	0	0	0	0	0	0	0	0	0	0	0	0	0	0	0	0	0	0	0	0	0	0	0	0	0	0	0	4	1	0		0	0	0	0	0	0	0	0	0	0	0	0	0	0	0	0	0	0	0	0	0	0	0	1	0	0	0	0	0	0	0	0	1	0	0	0	0	0	0	0	0	0	0	0	0	0	0	0	0	0	2012.0	302.0	"R/S"	0.55	1.0	"OBC-W"	1.0	"OBC"	2	1.0	0.0	0.83076924	0.8125	0.8494624	0.97366667	1.0	0.0	13.142857142857142	1.0142857142857142	0.0	0.0	0.0	0.0	0.14285715	0.0	0.0	0.0	0.0	0.0	0.71428573	0.0	0.0	0.0	0.0	0.0	0.14285715	7.0	"INC"	2	0.0	0.0	0.0	0.0	0.0	0.55
19	"W"	"INC"	"Female"	"Neha Vinayak Patil"	26	"B.M.S., M.M.S. Part 2 (Appeared)"		"Not given"	0		5844000.0		70	79	14	19	15	22	2015							58.97	49.585	50.962	59.252	56.757	66.702	69.989	77.953	79.328	54.934	55.333	60.111	59.931	61.742	7.3	36.8	54.59	65.9725	65.2625	53.0675			0	0	0	0	0	0	0	0	0	0	0	0	2	0	0	0	0	0	0	0	0	0	0	0	0	0	0	0	0	0	0	0		0	0	0	0	0	0	0	0	0	0	0	0	0	0	0	0	0	0	0	0	0	0	0	2	0	0	0	0	0	0	0	0	0	0	0	0	0	0	0	0	0	0	0	0	0	0	0	0	0	0	2012.0	302.0	"R/S"	0.55	1.0	"OBC-W"	1.0	"OBC"	2	1.0	0.0	0.886076	0.7368421	0.8761062	0.974	1.0	0.0	6.0	0.06502242152466368	0.5	0.0	0.0	0.0	0.5	0.0	0.0	0.0	0.0	0.0	0.0	0.0	0.0	0.0	0.0	0.0	0.0	4.0	"INC"	2	0.0	0.0	0.0	0.0	0.0	0.55
19	"W"	"INC"	"Female"	"Neha Vinayak Patil"	27	"B.M.S., M.M.S. Part 2 (Appeared)"		"Not given"	0		5814886.5		50	74	15	15	14	18	2016							75.4	68.0	69.9	84.9	78.6	79.4	80.5	84.7	83.8	82.3	80.6	79.9	81.5	81.1	0.0	9.0	65.0	79.0	60.75	68.25			0	0	0	0	0	0	0	0	0	0	0	0	0	0	0	0	0	0	0	0	0	0	0	0	0	1	0	0	0	1	1	0		0	0	0	0	0	1	0	0	0	0	0	0	0	0	0	0	0	0	0	0	0	0	0	0	0	0	0	0	1	0	0	0	0	0	0	0	0	0	0	0	0	0	0	0	0	0	0	1	0	0	2012.0	302.0	"R/S"	0.55	1.0	"OBC-W"	1.0	"OBC"	2	1.0	0.0	0.6756757	1.0	0.7669903	0.48457387	1.0	0.0	17.0	1.6848450057405282	0.0	0.0	0.0	0.0	0.0	0.16666667	0.0	0.0	0.0	0.0	0.5	0.16666667	0.16666667	0.0	0.0	0.0	0.0	6.0	"INC"	2	0.0	0.0	0.0	0.0	0.0	0.55
19	"W"	"SS"	"Female"	"Shubhada Subhash Gudhekar "	68	"SSC"		"Yes"	1		5347468.0		86	102	3	24	168	181	2018	1	18357	"10817"		"BJP"	"2130"	71.822	74.659	73.306	77.682		78.504	81.117	93.61	83.6	54.958	48.755	38.328	67.471	71.833	90.3	84.6	85.60667	30.3825	72.13	67.9375		76.055	0	0	0	0	0	0	1	0	0	0	0	0	0	0	0	0	0	0	0	0	0	1	0	0	0	0	0	0	0	1	0	0		0	0	0	0	0	0	0	0	0	0	0	0	0	0	0	0	0	0	0	0	0	0	7	1	1	0	0	0	0	0	0	0	0	0	0	0	0	0	0	0	0	0	0	0	0	0	0	0	0	0	2017.0	303.0	"R/S"	0.55	1.0		1.0	"G"	1	0.0	1.0	0.84313726	0.125	0.8741497	0.89124465	0.0	1.0	9.2345	1.828229544883652	0.0	0.0	0.0	0.0	0.75	0.0	0.083333336	0.0	0.0	0.0	0.083333336	0.0	0.0	0.0	0.0	0.0	0.083333336	12.0	"SS"	5	1.0	0.0	0.0			0.55
20		"BJP"	"Female"	"Shailaja Vijay Girkar"									41	51	1	17	0	0	2011			"7733"		"INC"	"3699"	65.845	69.535	68.717	74.117		68.226	69.122	77.051	72.778	68.172	68.28	70.183	72.9	68.404					85.9675		119		0	0	0	0	0	0	0	0	0	0	0	0	0	0	0	0	0	0	0	0	0	0	0	0	0	0	0	0	0	0	0	0		0	0	0	0	0	0	0	0	0	0	0	0	0	0	0	0	0	0	0	0	0	0	0	0	0	0	0	0	0	0	0	0	0	0	0	0	0	0	0	0	0	0	0	0	0	0	0	5	0	0	2007.0	337.0	"R/S"	0.55	1.0		0.0			1.0		0.8039216	0.05882353	0.61764705				6.0	0.0	0.0	0.0	0.0	0.0	0.0	0.0	0.0	0.0	0.0	0.0	0.0	0.0	1.0	0.0	0.0	0.0	0.0	5.0	"BJP"	1	0.0	0.0	0.0	0.0	0.0	0.0
20		"BJP"	"Female"	"Shailaja Vijay Girkar"	57	"Eleventh"		"Yes"	1	1	5994381.5		45	70	12	16	24	42	2013	2		"13326"		"Congress"	"8510"	66.379	64.303	63.477	70.388	66.233	67.698	68.605	82.399	82.415	56.325	58.03	62.412	62.829	60.394	26.3	44.7	54.766666	75.3075	62.975	80.4675			0	0	0	0	0	0	0	0	2	0	2	0	0	0	0	0	0	0	0	0	0	0	0	0	0	0	0	2	0	1	0	1		1	0	0	0	1	0	0	0	0	0	0	0	0	0	0	0	0	0	0	0	0	0	4	1	1	0	0	0	0	0	1	0	1	0	0	0	0	0	0	0	0	0	0	0	0	0	0	1	0	0	2012.0	338.0	"R/S"	0.55	1.0	"G"	0.0	"G"	1	0.0	1.0	0.64285713	0.75	0.73636365	0.9990636	0.0	1.0	6.631578947368421	2.4817708333333335	0.0	0.0	0.0	0.05263158	0.31578946	0.05263158	0.10526316	0.0	0.10526316	0.0	0.05263158	0.05263158	0.05263158	0.0	0.10526316	0.05263158	0.05263158	19.0	"BJP"	1	0.0	0.0	0.0	0.0	0.0	0.0
20		"BJP"	"Female"	"Shailaja Vijay Girkar"	58	"Eleventh"		"Yes"	1	1	1.1974E7		27	65	14	16	55	127	2014							68.938	60.882	59.599	69.61	61.718	72.34	74.455	76.76	77.178	58.428	62.148	63.629	64.486	62.219	0.0	2.7	53.05	57.53	60.2675	59.0175			0	2	0	0	0	0	0	0	0	0	1	0	0	0	0	0	0	0	0	0	0	1	0	0	0	0	0	4	0	0	0	2		0	0	0	0	0	0	0	0	0	0	0	0	0	0	0	0	0	0	0	0	0	0	0	0	0	0	0	1	0	1	0	0	0	1	0	0	0	0	0	0	0	0	0	0	0	0	0	8	0	0	2012.0	338.0	"R/S"	0.55	1.0	"G"	0.0	"G"	1	0.0	1.0	0.41538462	0.875	0.7058824	0.9978333	0.0	1.0	13.0	5.0738095238095235	0.0	0.0	0.0	0.0	0.0	0.04761905	0.0952381	0.0	0.04761905	0.0	0.0	0.0	0.3809524	0.0	0.1904762	0.0952381	0.14285715	21.0	"BJP"	1	0.0	0.0	0.0	0.0	0.0	0.0
20		"BJP"	"Female"	"Shailaja Vijay Girkar"	59	"Eleventh"		"Yes"	1	1	2220000.0		48	79	15	19	13	30	2015							66.443	53.815	64.4	71.12	56.03	67.869	76.248	69.249	78.663	58.555	60.422	63.848	69.897	65.462	13.3	74.5	71.1	74.5475	78.9075	69.405			0	0	0	0	0	0	0	0	0	1	0	0	0	0	0	0	0	0	0	0	0	0	0	0	0	0	0	3	0	0	0	0	1	0	0	0	0	0	0	0	0	0	0	0	0	0	0	0	0	0	1	0	0	0	0	0	0	0	0	0	0	1	0	0	0	0	0	0	0	0	0	0	0	0	0	0	0	0	0	1	3	0	0	2012.0	338.0	"R/S"	0.55	1.0	"G"	0.0	"G"	1	0.0	1.0	0.6075949	0.7894737	0.6846847	0.37	0.0	1.0	15.545454545454547	4.663677130044843	0.0	0.0	0.09090909	0.0	0.0	0.09090909	0.18181819	0.0	0.0	0.0	0.0	0.0	0.27272728	0.0	0.27272728	0.09090909	0.0	11.0	"BJP"	1	0.0	0.0	0.0	0.0	0.0	0.0
20		"BJP"	"Female"	"Shailaja Vijay Girkar"	60	"Eleventh"		"Yes"	1	1	8397235.0		36	74	15	15	26	41	2016	1						76.302	61.18	68.635	75.0	65.716	69.81	73.442	75.978	71.172	69.737	68.518	68.307	72.272	71.622	19.5	41.6	50.65	63.145	74.6475	71.25			0	2	0	0	0	0	0	0	0	0	1	0	0	0	0	0	0	0	0	0	0	1	0	0	0	0	0	2	0	0	0	0		0	0	0	0	0	1	0	0	0	0	0	0	0	0	0	0	0	0	0	0	0	0	0	0	0	0	0	0	0	0	1	0	0	0	0	0	0	0	0	0	0	0	0	0	0	0	0	0	0	0	2012.0	338.0	"R/S"	0.55	1.0	"G"	0.0	"G"	1	0.0	1.0	0.4864865	1.0	0.6695652	0.69976956	0.0	1.0	13.75	5.493685419058553	0.0	0.0	0.0	0.0	0.0	0.125	0.25	0.0	0.125	0.0	0.0	0.125	0.0	0.0	0.25	0.0	0.125	8.0	"BJP"	1	0.0	0.0	0.0	0.0	0.0	0.0
20	"G"	"BJP"	"Male"	"Deepak Parshuram Tawde"	45	"HSC"		"Yes"	0		4567871.5		92	102	22	24	19	24	2018		26852	"6856"		"SS"	"2496"	89.971	61.965	71.518	86.532		71.229	69.127	93.335	84.765	67.006	62.374	64.057	63.938	60.573	48.2	51.2	76.90667	36.055	66.715	83.7625		71.631	0	0	0	0	0	0	5	0	0	0	0	0	0	0	0	0	0	0	0	1	0	0	0	0	0	0	0	1	0	1	0	0	1	0	0	0	0	1	0	1	0	0	0	0	0	0	0	0	0	0	1	0	0	0	0	0	0	0	0	0	0	0	2	0	0	0	0	0	0	0	0	0	0	0	0	0	0	0	0	0	2	0	0	2017.0	339.0	"R/S"	0.55	0.0		0.0	"G"	1	0.0	0.0	0.9019608	0.9166667	0.9172414	0.7613119	0.0	1.0	14.501999999999999	4.056084583590236	0.0	0.0	0.0	0.0	0.0	0.125	0.375	0.0	0.0	0.0625	0.0625	0.125	0.125	0.0	0.0625	0.0625	0.0	16.0	"BJP"	1	0.0	0.0	0.0			0.0
21		"INC"	"Male"	"Rajul Niranjan Vyas"									15	51	11	17	7	15	2011			"3855"		"BJP"	"435"	78.273	75.308	74.28	75.22		77.563	73.694	95.073	85.028	76.131	74.496	74.962	76.56	76.487					56.6		127		0	0	0	0	0	0	0	0	0	0	0	0	0	0	0	0	0	0	0	0	0	0	0	0	0	0	0	0	0	0	0	0		0	0	0	0	0	0	0	0	0	0	0	0	0	0	0	0	0	0	0	0	0	0	0	0	0	0	0	0	0	0	0	0	0	0	0	0	0	0	0	0	0	0	0	0	0	0	0	0	0	0	2007.0	370.0	"R/S"	0.55	0.0		0.0			1.0		0.29411766	0.64705884	0.44				0.0	0.0																		0.0	"INC"	2	0.0	0.0	0.0	0.0	0.0	0.0
21		"INC"	"Male"	"Ramashish Gopal Gupta"	48	"B.Com"		"Yes"	0		5480225.0		59	70	14	16	13	17	2013			"6496"		"BJP"	"652"	64.356	62.347	63.011	65.706	63.723	65.385	67.521	80.181	76.662	61.444	60.017	63.077	61.931	61.787	46.4	51.2	46.7	74.6625	65.8125	73.725			0	2	0	0	0	0	0	0	0	0	0	0	0	0	0	0	0	0	0	0	0	1	0	0	0	0	0	7	0	0	0	0		2	0	0	0	0	0	0	0	0	0	0	0	0	0	0	0	0	0	1	0	0	0	0	1	1	0	0	0	0	0	0	0	0	0	0	0	0	0	0	0	0	0	0	0	0	0	0	2	0	0	2012.0	371.0	"R/S"	0.55	0.0	"OBC"	0.0	"OBC"	2	1.0	0.0	0.8428571	0.875	0.86868685	0.91337085	1.0	1.0	15.0	2.9301609848484853	0.0	0.0	0.0	0.11764706	0.11764706	0.0	0.11764706	0.0	0.0	0.0	0.0	0.05882353	0.11764706	0.0	0.4117647	0.0	0.05882353	17.0	"INC"	2	0.0	0.0	0.0	0.0	0.0	0.0
21		"INC"	"Male"	"Ramashish Gopal Gupta"	49	"B.Com"		"Yes"	0		1.2E7		60	65	16	16	15	15	2014							65.533	54.145	41.448	68.885	62.271	73.936	77.162	78.554	75.478	61.447	60.143	63.641	65.115	64.151	0.0	24.0	52.62	69.115	69.7125	66.97			0	1	0	0	0	0	0	0	0	0	0	0	1	0	0	3	0	0	0	0	0	0	0	0	0	0	0	12	0	0	0	0		1	0	0	0	0	0	0	0	0	0	0	0	0	0	0	0	0	0	0	0	0	0	0	0	0	0	0	0	1	1	0	2	0	0	0	0	0	0	0	0	0	0	0	0	2	0	0	6	0	0	2012.0	371.0	"R/S"	0.55	0.0	"OBC"	0.0	"OBC"	2	1.0	0.0	0.9230769	1.0	0.9479167	1.0	1.0	1.0	15.600000000000001	2.953174603174603	0.033333335	0.06666667	0.0	0.033333335	0.0	0.13333334	0.13333334	0.0	0.0	0.0	0.0	0.0	0.2	0.0	0.4	0.0	0.0	30.0	"INC"	2	0.0	0.0	0.0	0.0	0.0	0.0
21		"INC"	"Male"	"Ramashish Gopal Gupta"	50	"B.Com"		"Yes"	0		5017000.0		68	79	19	19	14	21	2015							79.639	83.533	79.578	81.128	78.669	84.033	79.361	80.109	78.065	80.731	78.956	78.947	79.543	79.708	0.0	0.0	44.75	61.7875	98.57	49.0125			0	25	0	0	0	0	0	1	0	1	0	0	2	0	0	0	0	4	0	1	0	0	0	0	0	0	0	9	0	4	1	1	4	0	0	2	0	1	0	0	0	0	0	0	0	0	0	0	0	0	2	0	0	4	0	0	4	0	0	0	0	0	2	4	0	1	0	0	0	0	0	0	0	0	0	0	0	8	0	2	2	0	0	2012.0	371.0	"R/S"	0.55	0.0	"OBC"	0.0	"OBC"	2	1.0	0.0	0.8607595	1.0	0.90178573	0.8361667	1.0	1.0	11.929411764705883	5.366078893364748	0.023529412	0.09411765	0.023529412	0.023529412	0.047058824	0.07058824	0.34117648	0.047058824	0.0	0.011764706	0.05882353	0.011764706	0.023529412	0.0	0.105882354	0.05882353	0.05882353	85.0	"INC"	2	0.0	0.0	0.0	0.0	0.0	0.0
21		"INC"	"Male"	"Ramashish Gopal Gupta"	51	"B.Com"		"Yes"	0		6336335.5		56	74	14	15	12	14	2016							75.509	67.952	73.725	82.3	68.316	69.871	73.464	73.074	74.226	72.944	69.738	69.868	70.632	71.158	2.6	20.5	60.25	78.66	80.5175	71.4825			0	1	0	0	0	0	0	0	0	0	0	0	0	2	0	0	2	1	1	0	0	0	0	0	0	0	0	3	0	0	0	1	2	0	0	4	0	0	1	0	0	0	0	0	0	0	0	0	0	2	0	0	0	1	0	0	0	0	0	0	0	2	3	3	0	0	0	0	0	0	0	4	0	0	0	0	0	2	1	1	1	0	2	2012.0	371.0	"R/S"	0.55	0.0	"OBC"	0.0	"OBC"	2	1.0	0.0	0.7567568	0.93333334	0.8118812	0.52802795	1.0	1.0	12.6	3.763107539226942	0.0	0.051282052	0.025641026	0.12820514	0.0	0.20512821	0.17948718	0.025641026	0.0	0.0	0.0	0.025641026	0.025641026	0.102564104	0.12820514	0.07692308	0.025641026	39.0	"INC"	2	0.0	0.0	0.0	0.0	0.0	0.0
21	"OBC-W"	"BJP"		"SHAILAJA Vijay Girkar"															2018			"15344"		"SS"	"10344"	37.824	38.773	42.742	52.752		70.603	75.531	75.604	77.486	71.78	67.439	71.172	75.983	71.848	95.2	65.9	70.75667	46.5925	98.8725	63.4125		68.468	0	0	0	0	0	0	0	0	0	0	0	0	0	0	0	0	0	0	0	0	0	0	0	0	0	0	0	0	0	0	0	0		0	0	0	0	0	0	0	0	0	0	0	0	0	0	0	0	0	0	0	0	0	0	0	0	0	0	0	0	0	0	0	0	0	0	0	0	0	0	0	0	0	0	0	0	0	0	0	0	0	0	2017.0	372.0			0.0		1.0	"OBC"	2	1.0																												"BJP"	1	0.0	0.0	0.0			
22		"IND"	"Male"	"Shivkumar Vaskunath Jha"									36	51	12	17	16	29	2011			"3118"		"INC"	"487"	63.147	60.76	61.844	55.13		63.711	63.357	81.403	68.948	45.535	47.507	50.976	53.771	59.29					53.545		246		0	0	0	0	0	0	0	0	0	0	0	0	0	0	0	0	0	0	0	0	0	0	0	0	0	0	0	0	0	0	1	0		0	0	0	0	0	0	0	0	0	0	0	0	0	0	0	0	0	0	0	0	0	0	0	0	0	0	0	0	0	0	0	0	0	0	0	0	0	0	0	0	0	0	0	1	0	0	0	0	0	0	2007.0	403.0	"R/S"	0.55	0.0		0.0			1.0		0.7058824	0.7058824	0.7619048				14.0	0.18359375	0.0	0.0	0.0	0.0	0.0	0.0	0.0	0.0	0.0	0.0	0.5	0.0	0.0	0.5	0.0	0.0	0.0	2.0	"_Other"	6	0.0	0.0	0.0	0.0	0.0	0.0
22	"W"	"BJP"	"Female"	"Sunita Ramnagina Yadav"	42	"HSC"		"Yes"	0		6000002.5		69	70	15	16	17	18	2013			"6245"		"Ind"	"2585"	78.508	71.377	69.749	75.755	70.879	76.102	75.622	86.144	85.124	69.608	68.43	68.179	75.766	74.521	44.4	82.1	77.37666	89.61	91.9825	73.96			0	0	0	0	0	0	0	0	0	0	0	0	0	0	0	0	0	0	0	0	0	0	0	0	0	0	0	1	0	0	0	0		0	0	0	0	1	0	0	0	0	0	0	0	0	0	0	0	0	0	0	0	0	0	0	0	0	0	0	0	1	1	1	0	0	0	0	0	0	0	0	0	0	0	0	0	0	0	0	0	0	0	2012.0	404.0	"R/S"	0.55	1.0	"OBC-W"	1.0	"OBC"	2	1.0	0.0	0.98571426	0.9375	0.98058254	1.0000004	0.0	1.0	9.6	1.2317708333333335	0.0	0.0	0.0	0.0	0.0	0.6	0.0	0.0	0.0	0.0	0.0	0.2	0.0	0.0	0.2	0.0	0.0	5.0	"BJP"	1	0.0	0.0	0.0	0.0	0.0	0.55
22	"W"	"BJP"	"Female"	"Sunita Ramnagina Yadav"	43	"HSC"		"Yes"	0		1.1709E7		53	65	16	16	15	17	2014							70.137	69.552	62.337	75.572	67.373	72.567	72.941	79.976	79.201	71.548	69.824	69.899	74.539	73.104	9.3	46.7	60.263332	71.9325	68.57	69.7025			0	1	0	0	0	0	2	0	1	0	0	0	0	0	0	0	0	0	0	0	0	0	0	0	0	1	0	3	0	2	0	1	2	0	0	0	0	0	0	0	0	0	0	0	0	0	0	0	0	0	0	0	0	0	0	0	0	0	0	1	0	0	1	1	0	0	0	0	0	0	0	0	0	0	0	0	0	0	0	0	1	0	0	2012.0	404.0	"R/S"	0.55	1.0	"OBC-W"	1.0	"OBC"	2	1.0	0.0	0.8153846	1.0	0.875	0.97575	0.0	1.0	13.294117647058822	6.1571428571428575	0.0	0.0	0.0	0.0	0.0	0.11764706	0.23529412	0.0	0.0	0.05882353	0.1764706	0.0	0.05882353	0.0	0.1764706	0.1764706	0.0	17.0	"BJP"	1	0.0	0.0	0.0	0.0	0.0	0.55
22	"W"	"BJP"	"Female"	"Sunita Ramnagina Yadav"	44	"HSC"		"Yes"	0		5803000.0		75	79	18	19	22	24	2015							67.065	53.859	52.079	71.124	65.717	80.202	82.787	94.468	91.668	64.532	61.331	58.255	68.654	77.873	92.5	95.8	82.25667	84.39	89.76	84.45			0	0	0	0	0	0	0	0	0	0	2	0	0	0	0	1	0	0	0	0	0	1	0	0	0	0	0	8	0	2	0	2		0	0	0	0	0	0	0	0	0	0	0	0	0	0	0	0	0	0	0	0	0	0	0	0	0	0	0	0	0	1	0	0	0	0	0	0	0	0	0	0	0	0	0	0	0	0	0	1	0	0	2012.0	404.0	"R/S"	0.55	1.0	"OBC-W"	1.0	"OBC"	2	1.0	0.0	0.9493671	0.94736844	0.9583333	0.96716666	0.0	1.0	14.0	4.551569506726458	0.0	0.0	0.0	0.0	0.0	0.055555556	0.055555556	0.0	0.11111111	0.0	0.11111111	0.0	0.055555556	0.0	0.44444445	0.11111111	0.055555556	18.0	"BJP"	1	0.0	0.0	0.0	0.0	0.0	0.55
22	"W"	"BJP"	"Female"	"Sunita Ramnagina Yadav"	45	"HSC"		"Yes"	0		5751810.5		73	74	15	15	18	18	2016							74.217	67.554	77.356	75.028	71.838	77.816	73.608	75.844	75.028	68.976	73.26	70.608	73.26	72.042	21.1	49.7	56.233334	72.725	79.6	67.34			0	0	0	0	0	0	0	0	0	0	0	0	1	0	0	0	0	0	0	0	0	0	0	0	0	0	0	9	0	2	1	0		0	0	0	0	0	0	0	0	0	0	0	0	0	0	0	0	0	0	0	0	0	0	0	0	0	0	0	0	3	0	0	0	0	0	0	0	0	0	0	0	0	0	0	0	0	0	0	3	0	0	2012.0	404.0	"R/S"	0.55	1.0	"OBC-W"	1.0	"OBC"	2	1.0	0.0	0.9864865	1.0	0.99065423	0.47931755	0.0	1.0	14.0	3.5677382319173363	0.05263158	0.0	0.0	0.0	0.0	0.15789473	0.0	0.0	0.0	0.0	0.15789473	0.0	0.15789473	0.0	0.47368422	0.0	0.0	19.0	"BJP"	1	0.0	0.0	0.0	0.0	0.0	0.55
22	"OBC-W"	"BJP"	"Female"	"Priyanka Prafull More"	55	"HSC"		"Yes"	0		5790116.0		90	102	21	24	15	16	2018		23163	"14570"		"SS"	"10257"	69.135	63.627	60.016	72.2		82.85	82.5	96.243	78.17	59.11	61.922	67.52	75.782	76.775	78.4	67.7	64.07667	51.405	94.015	33.9425		76.829	0	4	0	0	0	0	0	0	0	0	0	1	0	0	0	0	0	1	0	0	0	0	0	0	0	0	0	2	0	0	0	3		0	0	0	0	0	0	0	0	0	0	0	0	0	0	0	0	0	0	0	0	0	0	0	2	0	0	0	0	5	3	0	0	0	0	0	0	0	0	0	0	0	0	0	0	1	0	1	8	0	0	2017.0	405.0	"R/S"	0.55	1.0		1.0	"OBC"	2	1.0	0.0	0.88235295	0.875	0.89361703	0.96501935	0.0	1.0	11.172435483870967	3.3035867740186937	0.0	0.032258064	0.032258064	0.0	0.06451613	0.2580645	0.12903225	0.032258064	0.0	0.0	0.0	0.0	0.2580645	0.0	0.06451613	0.09677419	0.032258064	31.0	"BJP"	1	0.0	0.0	0.0			0.55
23		"SS"	"Male"	"Ashok Vasudev Sawant"									32	51	17	17	4	15	2011			"9705"		"INC"	"7034"	68.164	71.112	67.304	68.363		77.946	74.894	75.21	69.026	64.793	66.269	63.774	65.695	66.346					83.7475		125		0	0	0	0	0	0	0	0	0	0	0	0	0	0	0	0	0	0	0	0	0	0	0	0	0	0	0	4	0	1	0	0		0	0	0	0	0	0	0	0	0	0	0	0	0	0	0	0	0	0	0	0	0	0	0	0	0	0	0	0	0	0	0	0	0	0	0	0	0	0	0	0	0	0	0	0	0	0	0	2	0	0	2007.0	430.0	"R/S"	0.55	0.0		0.0			1.0		0.627451	1.0	0.7361111				13.142857142857142	1.4453125	0.0	0.0	0.0	0.0	0.0	0.0	0.0	0.0	0.0	0.0	0.14285715	0.0	0.2857143	0.0	0.5714286	0.0	0.0	7.0	"SS"	5	1.0	0.0	0.0	0.0	0.0	0.0
23	"W"	"SS"	"Female"	"Prajakta Vikas (Sawant)Vishwasrao"	28	"F.Y.B.Com"		"Yes"	0		5907601.0		68	70	15	16	16	19	2013			"9523"		"Congress"	"2089"	67.524	66.681	71.051	75.971	80.271	83.146	80.906	82.599	82.015	69.016	71.607	73.758	77.949	72.525	72.9	77.2	66.46333	88.565	85.68	78.7875			0	0	0	0	0	0	0	0	0	0	0	0	0	0	0	0	0	0	0	0	0	0	0	0	0	0	0	2	0	0	1	0		0	0	0	0	0	0	0	0	0	0	0	0	0	0	0	0	0	0	0	0	0	0	0	0	0	0	0	0	0	0	0	0	0	0	0	0	0	0	0	0	0	0	0	0	0	0	0	3	0	0	2012.0	431.0	"R/S"	0.55	1.0	"W"	1.0	"G"	1	0.0	0.0	0.9714286	0.9375	0.9705882	0.9846002	1.0	1.0	14.0	1.375	0.0	0.0	0.0	0.0	0.0	0.0	0.0	0.0	0.0	0.0	0.16666667	0.0	0.5	0.0	0.33333334	0.0	0.0	6.0	"SS"	5	1.0	0.0	0.0	0.0	0.0	0.55
23	"W"	"SS"	"Female"	"Prajakta Vikas (Sawant)Vishwasrao"	29	"F.Y.B.Com"		"Yes"	0		1.2E7		45	65	14	16	7	14	2014							73.319	68.961	52.727	78.482	73.354	80.778	69.658	75.816	79.638	62.06	63.411	70.367	75.867	75.088	18.3	34.0	67.98333	69.28	72.0225	64.2875			0	1	0	0	0	0	1	0	0	0	5	0	1	0	0	0	0	0	0	0	0	0	0	0	0	1	0	9	0	3	1	0	1	1	0	0	0	0	0	0	0	0	0	0	0	0	0	0	0	0	0	0	0	0	0	0	0	1	0	0	0	0	0	0	0	0	0	0	0	0	0	0	0	0	0	0	0	0	0	1	1	0	0	2012.0	431.0	"R/S"	0.55	1.0	"W"	1.0	"G"	1	0.0	0.0	0.6923077	0.875	0.75	1.0	1.0	1.0	14.666666666666666	5.7476190476190485	0.037037037	0.0	0.037037037	0.037037037	0.037037037	0.0	0.074074075	0.0	0.18518518	0.0	0.18518518	0.0	0.037037037	0.0	0.33333334	0.037037037	0.0	27.0	"SS"	5	1.0	0.0	0.0	0.0	0.0	0.55
23	"W"	"SS"	"Female"	"Prajakta Vikas (Sawant)Vishwasrao"	30	"F.Y.B.Com"		"Yes"	0		6000000.0		66	79	15	19	0	0	2015							65.371	41.93	40.903	56.307	38.743	61.201	62.765	75.529	62.162	40.468	41.762	48.608	63.52	56.889	14.2	78.6	74.38	72.405	62.2525	58.1775			0	0	0	0	0	0	0	0	0	1	2	0	0	0	0	0	0	1	0	2	0	1	0	0	0	0	0	16	1	1	4	0		0	0	0	0	0	0	0	0	0	0	0	0	0	0	0	0	0	0	0	0	0	0	0	0	0	0	0	0	0	0	0	0	0	0	0	0	0	0	0	0	0	0	0	0	1	0	0	2	0	0	2012.0	431.0	"R/S"	0.55	1.0	"W"	1.0	"G"	1	0.0	0.0	0.835443	0.7894737	0.82653064	1.0	1.0	1.0	13.625	4.696860986547086	0.0	0.03125	0.0	0.0	0.0	0.0	0.03125	0.03125	0.0625	0.0625	0.15625	0.0	0.0625	0.0	0.5	0.0	0.0625	32.0	"SS"	5	1.0	0.0	0.0	0.0	0.0	0.55
23	"W"	"SS"	"Female"	"Prajakta Vikas (Sawant)Vishwasrao"	31	"F.Y.B.Com"		"Yes"	0		5897507.0		61	74	13	15	23	33	2016							76.314	60.434	65.005	88.849	69.819	87.013	90.882	90.182	89.293	66.574	70.612	83.77	91.753	80.785	28.9	58.8	72.22	79.6275	87.895	70.575			0	1	0	0	0	0	3	1	0	4	2	0	0	0	0	0	0	0	0	0	0	1	0	0	0	0	0	5	0	0	0	0	1	0	0	0	0	0	0	0	0	0	0	0	0	0	0	0	0	0	0	0	0	0	0	1	3	0	0	0	0	0	0	0	0	0	0	0	0	0	0	0	0	0	0	0	0	0	0	0	2	0	0	2012.0	431.0	"R/S"	0.55	1.0	"W"	1.0	"G"	1	0.0	0.0	0.8243243	0.8666667	0.8660714	0.49145892	1.0	1.0	16.5	5.882947897873271	0.0	0.0	0.0	0.0	0.16666667	0.0	0.375	0.0	0.083333336	0.0	0.0	0.0	0.083333336	0.0	0.20833333	0.041666668	0.041666668	24.0	"SS"	5	1.0	0.0	0.0	0.0	0.0	0.55
23	"G"	"BJP"	"Male"	"Shivkumar Basukinath Jha "	52	"Upto Ninth"		"Yes"	0		5471147.5		86	102	22	24	42	55	2018		24490	"7197"		"Congress"	"2630"	64.812	53.957	53.604	73.851		84.403	68.335	80.638	69.96	49.504	50.176	60.079	61.935	52.48	91.5	96.7	73.75	65.695	64.555	76.685		57.222	0	0	0	0	0	0	0	0	0	0	0	0	0	0	0	0	0	0	0	0	0	0	0	0	0	0	0	0	0	1	0	0		0	0	0	0	0	0	0	0	0	0	0	0	0	0	0	0	0	0	0	0	0	0	1	0	0	0	0	0	0	0	0	0	0	0	0	0	0	0	0	0	0	0	0	0	0	0	0	0	0	0	2017.0	432.0	"R/S"	0.55	0.0		0.0	"G"	1	0.0	0.0	0.84313726	0.9166667	0.89285713	0.9118579	0.0	1.0	8.208	1.1178095955790002	0.0	0.0	0.0	0.0	0.5	0.0	0.0	0.0	0.0	0.0	0.5	0.0	0.0	0.0	0.0	0.0	0.0	2.0	"BJP"	1	0.0	0.0	0.0			0.0
24	"W"	"SS"	"Female"	"Kshitija Umesh Pujare"									23	51	10	17	8	16	2011			"4997"		"INC"	"360"	64.335	70.461	72.728	71.247		73.011	75.524	77.164	73.283	68.607	69.199	71.86	71.635	69.404					93.42		121		0	1	0	0	0	0	0	0	0	0	0	0	0	0	0	0	0	0	0	0	0	0	0	0	0	0	0	3	0	0	0	0		0	0	0	0	0	0	0	0	0	0	0	0	0	0	0	0	0	0	0	0	0	0	0	0	0	0	0	0	0	0	0	0	0	0	0	0	0	0	0	0	0	0	0	0	0	0	0	2	0	0	2007.0	433.0	"R/S"	0.55	1.0		1.0	"G"	1	0.0		0.4509804	0.5882353	0.5394737				14.0	3.1953125	0.0	0.0	0.0	0.0	0.0	0.0	0.16666667	0.0	0.0	0.0	0.0	0.0	0.33333334	0.0	0.5	0.0	0.0	6.0	"SS"	5	1.0	0.0	0.0	0.0	0.0	0.55
24		"INC"	"Male"	"Yogesh Janardan Bhoir"	34	"T.Y.B.Com"		"Yes"	0	1	5848843.5		50	70	14	16	15	18	2013			"8876"		"SS"	"2166"	79.19	59.396	78.346	91.958	89.687	82.061	86.669	88.099	85.748	58.072	67.39	56.439	78.55	76.082	81.2	83.1	63.513332	80.07	92.8175	85.52			0	0	0	0	0	0	0	0	0	0	0	0	0	0	0	0	0	0	0	0	0	1	0	0	0	0	0	0	0	1	0	1		1	0	0	0	0	0	0	0	0	0	0	0	0	0	0	0	0	0	0	0	0	1	0	0	0	0	0	0	0	0	0	0	0	0	0	0	0	0	0	0	0	0	0	0	0	0	0	3	0	0	2012.0	434.0	"R/S"	0.55	0.0	"OBC"	0.0	"OBC"	2	1.0	0.0	0.71428573	0.875	0.7821782	0.97480726	1.0	1.0	13.75	0.7994791666666667	0.0	0.125	0.0	0.125	0.0	0.0	0.0	0.0	0.0	0.0	0.125	0.0	0.375	0.0	0.0	0.125	0.125	8.0	"INC"	2	0.0	0.0	0.0	0.0	0.0	0.0
24		"INC"	"Male"	"Yogesh Janardan Bhoir"	35	"T.Y.B.Com"		"Yes"	0	1	1.1863E7		39	65	13	16	16	17	2014							74.444	69.739	48.778	75.009	68.513	79.73	73.886	75.231	81.183	66.858	65.493	69.102	75.007	74.756	1.8	24.7	57.856667	73.945	69.665	69.0225			0	0	0	0	0	0	3	0	0	2	0	0	2	0	0	0	0	0	0	0	0	0	0	0	0	1	0	11	0	2	0	0		1	0	0	0	0	0	0	0	0	0	0	0	0	0	0	0	0	0	0	0	0	0	0	0	0	0	0	0	0	1	0	0	0	0	0	0	0	0	0	0	0	0	0	0	0	0	1	7	0	0	2012.0	434.0	"R/S"	0.55	0.0	"OBC"	0.0	"OBC"	2	1.0	0.0	0.6	0.8125	0.7010309	0.9885833	1.0	1.0	15.548387096774194	5.640259740259739	0.06451613	0.0	0.032258064	0.032258064	0.0	0.032258064	0.16129032	0.0	0.0	0.0	0.09677419	0.0	0.22580644	0.0	0.3548387	0.0	0.0	31.0	"INC"	2	0.0	0.0	0.0	0.0	0.0	0.0
24		"INC"	"Male"	"Yogesh Janardan Bhoir"	36	"T.Y.B.Com"		"Yes"	0	1	5962000.0		47	79	18	19	18	24	2015							68.978	41.617	38.479	69.797	60.397	63.482	62.914	60.984	63.922	63.775	60.568	61.311	63.111	64.141	13.0	75.8	71.69334	80.975	92.67	77.7975			0	1	0	0	0	0	0	0	0	2	1	0	1	0	0	0	0	0	0	0	0	0	0	0	0	0	1	2	0	2	0	0	1	0	0	0	0	0	0	0	0	0	0	0	0	0	0	0	0	0	0	0	0	0	0	0	0	0	0	0	0	0	0	0	0	0	0	0	0	0	0	0	0	0	0	0	0	0	0	0	3	0	0	2012.0	434.0	"R/S"	0.55	0.0	"OBC"	0.0	"OBC"	2	1.0	0.0	0.5949367	0.94736844	0.7155172	0.99366665	1.0	1.0	15.0	5.713819812474521	0.071428575	0.0	0.0	0.0	0.0	0.0	0.21428572	0.0	0.071428575	0.0	0.21428572	0.0	0.21428572	0.0	0.14285715	0.071428575	0.0	14.0	"INC"	2	0.0	0.0	0.0	0.0	0.0	0.0
24		"INC"	"Male"	"Yogesh Janardan Bhoir"	37	"T.Y.B.Com"		"Yes"	0	1	5613349.0		58	74	14	15	13	18	2016	1						75.734	74.288	77.1	80.06	77.632	78.51	76.686	78.646	76.964	75.34	74.663	76.421	76.021	75.679	0.7	24.3	58.333332	72.195	79.2525	71.36			0	0	0	0	0	0	0	0	0	1	2	0	2	0	0	0	0	0	0	0	0	0	0	0	0	0	0	10	0	0	0	1	1	1	0	0	0	0	0	0	0	0	0	0	0	0	0	0	0	0	0	0	0	0	0	0	0	0	0	0	0	0	2	2	1	0	0	0	0	0	0	0	0	0	0	0	0	0	0	0	1	0	0	2012.0	434.0	"R/S"	0.55	0.0	"OBC"	0.0	"OBC"	2	1.0	0.0	0.7837838	0.93333334	0.8333333	0.46777907	1.0	1.0	14.75	4.156403298194344	0.083333336	0.0	0.0	0.041666668	0.0	0.20833333	0.041666668	0.0	0.083333336	0.0	0.0	0.0	0.041666668	0.0	0.41666666	0.083333336	0.0	24.0	"INC"	2	0.0	0.0	0.0	0.0	0.0	0.0
24	"W"	"BJP"	"Female"	"Sunita Ramnagina Yadav"	47	"HSC"		"Yes"	0		5546789.5		98	102	19	24	94	103	2018		26177	"10144"		"SS"	"4709"	62.904	59.621	59.519	69.284		70.892	71.586	87.9	81.958	60.259	55.746	59.52	60.204	60.669	92.5	97.0	65.706665	59.165	62.2275	73.955		66.302	0	2	0	0	0	0	0	0	0	0	1	0	0	0	0	0	0	0	0	0	0	0	0	0	0	0	0	0	0	1	0	0	2	0	0	1	0	0	0	0	0	0	0	0	0	0	0	0	0	0	0	0	0	1	0	0	0	0	0	0	0	0	2	0	0	0	0	0	0	0	0	0	0	0	0	0	0	0	0	0	5	0	0	2017.0	435.0	"R/S"	0.55	1.0		1.0	"G"	1	0.0	0.0	0.9607843	0.7916667	0.9590909	0.92446494	0.0	1.0	10.6535	5.967407686510926	0.0	0.0	0.0	0.06666667	0.0	0.13333334	0.13333334	0.0	0.06666667	0.0	0.06666667	0.0	0.33333334	0.0	0.0	0.13333334	0.06666667	15.0	"BJP"	1	0.0	0.0	0.0			0.55
25		"INC"	"Male"	"Ramesh Singh Thakur"									11	51	1	17	0	0	2011			"6547"		"SS"	"2177"	67.844	67.328	66.293	69.529		70.039	71.667	76.649	74.373	62.91	64.382	67.668	71.395	68.44					88.565		125		0	0	0	0	0	0	0	0	0	0	0	0	0	0	0	0	0	0	0	0	0	0	0	0	0	0	0	5	0	0	0	0		0	0	0	0	0	0	0	0	0	0	0	0	0	0	0	0	0	0	0	0	0	0	0	0	0	0	0	0	0	0	0	0	0	0	0	0	0	0	0	0	0	0	0	0	0	0	0	0	0	0	2007.0	436.0	"R/S"	0.55	0.0		0.0			1.0		0.21568628	0.05882353	0.1764706				8.0	0.6953125	0.0	0.0	0.0	0.0	0.0	0.0	0.0	0.0	0.0	0.0	0.0	0.0	0.0	0.0	1.0	0.0	0.0	5.0	"INC"	2	0.0	0.0	0.0	0.0	0.0	0.0
25	"W"	"INC"	"Female"	"Ajanta Rajpati Yadav"	46	"B.H.M.S."		"Yes"	0		5808260.0		53	70	14	16	28	40	2013			"7356"		"Ind"	"2568"	74.652	47.794	65.89	72.732	71.509	69.348	69.29	79.049	78.173	43.603	50.362	42.597	65.872	65.166	76.7	78.4	65.81	76.595	89.435	72.54			0	0	0	0	0	0	1	0	0	0	1	0	0	0	0	0	0	1	0	0	0	0	0	0	0	0	0	16	0	0	1	0	1	0	0	0	0	0	0	0	0	0	0	0	0	0	0	0	0	0	0	0	0	0	0	0	6	4	0	0	0	0	3	0	0	1	0	0	0	0	0	0	0	0	0	0	0	0	0	0	4	0	0	2012.0	437.0	"R/S"	0.55	1.0	"W"	1.0	"G"	1	0.0	0.0	0.75714284	0.875	0.8333333	0.9680433	1.0	1.0	14.0	2.4038825757575757	0.0	0.0	0.0	0.0	0.25641027	0.07692308	0.025641026	0.025641026	0.025641026	0.0	0.025641026	0.0	0.102564104	0.0	0.41025642	0.025641026	0.025641026	39.0	"INC"	2	0.0	0.0	0.0	0.0	0.0	0.55
25	"W"	"INC"	"Female"	"Ajanta Rajpati Yadav"	47	"B.H.M.S."		"Yes"	0		1.0234E7		46	65	16	16	15	17	2014							61.829	50.673	53.97	56.301	58.957	68.446	65.652	63.507	62.575	54.586	53.461	55.141	58.625	56.718	0.0	2.2	48.506668	53.805	61.26	56.1675			0	1	0	0	0	0	0	0	0	0	0	0	0	0	0	0	0	0	0	0	0	0	0	0	0	3	0	18	0	2	1	3		0	0	0	0	0	0	0	0	0	0	0	0	0	0	0	0	0	0	0	0	0	0	0	0	0	0	0	0	2	3	3	1	0	0	0	0	0	0	0	0	0	0	0	0	0	0	0	14	0	0	2012.0	437.0	"R/S"	0.55	1.0	"W"	1.0	"G"	1	0.0	0.0	0.7076923	1.0	0.8020833	0.85283333	1.0	1.0	14.0	3.81081081081081	0.0	0.0	0.0	0.0	0.0	0.1764706	0.019607844	0.0	0.0	0.0	0.11764706	0.0	0.27450982	0.0	0.3529412	0.05882353	0.0	51.0	"INC"	2	0.0	0.0	0.0	0.0	0.0	0.55
25	"W"	"INC"	"Female"	"Ajanta Rajpati Yadav"	48	"B.H.M.S."		"Yes"	0		5094000.0		47	79	15	19	40	54	2015							59.042	43.405	41.493	70.466	52.58	60.963	68.734	76.508	83.062	54.779	51.64	54.406	60.608	59.126	72.9	81.4	70.166664	71.04	80.25	72.0925			0	0	0	1	0	0	2	0	0	1	1	0	1	0	0	0	0	1	0	0	0	0	0	0	0	0	0	22	0	2	2	1	3	1	0	1	0	0	0	0	0	0	0	0	0	0	0	0	0	0	0	0	0	0	0	1	5	3	0	0	0	3	2	2	2	0	0	0	0	0	0	0	0	0	0	0	0	0	0	1	5	0	0	2012.0	437.0	"R/S"	0.55	1.0	"W"	1.0	"G"	1	0.0	0.0	0.5949367	0.7894737	0.73913044	0.849	1.0	1.0	14.857142857142858	5.128606481089771	0.015873017	0.0	0.015873017	0.031746034	0.14285715	0.14285715	0.06349207	0.015873017	0.015873017	0.0	0.06349207	0.0	0.07936508	0.0	0.34920636	0.06349207	0.0	63.0	"INC"	2	0.0	0.0	0.0	0.0	0.0	0.55
25	"W"	"INC"	"Female"	"Ajanta Rajpati Yadav"	49	"B.H.M.S."		"Yes"	0		6515025.0		57	74	14	15	40	49	2016							75.195	66.628	72.455	84.337	72.678	74.255	78.974	81.261	76.61	65.203	67.641	67.155	72.69	71.364	0.0	3.1	65.09333	70.8325	74.7925	75.2075			0	0	0	0	0	0	3	0	1	3	3	0	0	0	0	0	1	0	0	0	1	1	0	3	0	0	0	25	0	5	1	0	2	0	0	0	0	0	0	0	0	0	0	0	0	0	0	0	0	0	0	0	0	0	0	0	0	0	0	0	0	3	1	4	1	0	0	0	0	0	0	0	0	0	0	0	0	0	0	0	10	1	0	2012.0	437.0	"R/S"	0.55	1.0	"W"	1.0	"G"	1	0.0	0.0	0.7702703	0.93333334	0.8604651	0.54291874	1.0	1.0	15.304347826086955	5.160409852046012	0.0	0.0	0.0	0.0	0.0	0.13043478	0.11594203	0.0	0.04347826	0.0	0.13043478	0.0	0.14492753	0.0	0.3768116	0.028985508	0.028985508	69.0	"INC"	2	0.0	0.0	0.0	0.0	0.0	0.55
25	"W"	"SS"	"Female"	"Madhuri Yogesh Bhoir"	31	"Graduate"		"Yes"	0		5269921.0		84	102	18	24	18	24	2018		32069	"7185"		"BJP"	"393"	56.907	56.885	73.039	74.167		78.727	81.328	72.815	77.365	54.249	56.399	65.192	72.693	68.782	33.8	14.6	54.52667	59.25	53.265	65.695		66.392	1	0	0	0	0	0	0	0	0	0	1	0	0	0	0	0	0	0	0	1	0	0	0	0	0	0	0	2	0	1	1	0		0	0	0	0	0	0	0	0	0	0	0	0	0	0	0	0	0	0	0	0	0	0	0	1	0	0	0	0	0	0	0	0	0	0	0	0	0	0	0	0	0	0	0	0	0	0	0	0	0	0	2017.0	438.0	"R/S"	0.55	1.0		1.0	"G"	1	0.0	0.0	0.8235294	0.75	0.8333333	0.87832016	1.0	1.0	11.4295	3.9939713639789	0.0	0.0	0.0	0.0	0.125	0.0	0.0	0.0	0.125	0.125	0.25	0.0	0.0	0.0	0.25	0.0	0.125	8.0	"SS"	5	1.0	0.0	0.0			0.55
26	"W"	"INC"	"Female"	"Ajanta Rajpati Yadav"									34	51	17	17	25	31	2011			"6933"		"SS"	"2477"	63.267	67.262	67.647	67.259		72.569	68.675	67.487	67.122	61.677	63.812	65.523	67.78	67.372					88.435		125		0	0	0	0	0	0	0	0	0	0	0	0	0	0	0	0	0	0	0	0	0	0	0	0	0	0	0	1	0	0	0	1		0	0	0	0	0	0	0	0	0	0	0	0	0	0	0	0	0	0	0	0	0	0	1	4	2	0	0	0	1	1	0	1	0	0	0	0	0	0	0	0	0	0	0	0	0	0	0	0	0	0	2007.0	439.0	"R/S"	0.55	1.0		1.0	"G"	1	0.0		0.6666667	1.0	0.8172043				9.0	0.703125	0.0	0.0	0.0	0.0	0.5833333	0.25	0.0	0.0	0.0	0.0	0.0	0.0	0.0	0.0	0.083333336	0.083333336	0.0	12.0	"INC"	2	0.0	0.0	0.0	0.0	0.0	0.55
26		"INC"	"Male"	"Sagar Singh Thakur"	24	"B.Com"	"M.B.A. (Appeared)"	"Yes"	0	1	5894640.5		41	70	9	16	20	29	2013			"6426"		"SS"	"831"	56.878	48.43	57.219	83.989	84.354	64.872	71.582	83.717	84.136	45.27	55.896	42.915	65.488	65.132	93.8	94.9	65.89	76.1075	96.3375	74.1375			0	0	0	0	0	0	0	0	0	0	0	0	0	0	0	0	0	0	0	0	0	0	0	0	0	0	0	5	0	0	0	0		0	0	0	0	0	0	0	0	0	0	0	0	0	0	0	0	0	0	0	0	0	0	0	0	0	0	0	0	0	0	0	0	0	0	0	0	0	0	0	0	0	0	0	0	0	0	0	0	0	0	2012.0	440.0	"R/S"	0.55	0.0	"G"	0.0	"G"	1	0.0	0.0	0.5857143	0.5625	0.6603774	0.98244005	1.0	1.0	8.0	1.1119791666666667	0.0	0.0	0.0	0.0	0.0	0.0	0.0	0.0	0.0	0.0	0.0	0.0	0.0	0.0	1.0	0.0	0.0	5.0	"INC"	2	0.0	0.0	0.0	0.0	0.0	0.0
26		"INC"	"Male"	"Sagar Singh Thakur"	25	"B.Com"	"M.B.A. (Appeared)"	"Yes"	0	1	1.2E7		29	65	14	16	8	24	2014							62.626	52.987	52.608	59.072	64.987	68.962	74.948	68.461	65.324	49.317	49.118	53.421	56.045	50.542	24.6	24.6	46.64	64.855	52.9925	65.5925			0	0	0	0	0	0	0	0	0	0	0	0	0	0	0	0	0	0	0	0	0	0	0	0	0	0	0	10	0	2	0	1		0	0	0	0	0	0	0	0	0	0	0	0	0	0	0	0	0	0	0	0	0	0	0	0	0	0	0	0	0	0	0	0	0	0	0	0	0	0	0	0	0	0	0	0	0	0	0	2	0	0	2012.0	440.0	"R/S"	0.55	0.0	"G"	0.0	"G"	1	0.0	0.0	0.44615385	0.875	0.5730337	1.0	1.0	1.0	10.4	3.1619047619047618	0.0	0.0	0.0	0.0	0.0	0.0	0.0	0.0	0.0	0.0	0.13333334	0.0	0.13333334	0.0	0.6666667	0.06666667	0.0	15.0	"INC"	2	0.0	0.0	0.0	0.0	0.0	0.0
26		"INC"	"Male"	"Sagar Singh Thakur"	26	"B.Com"	"M.B.A. (Appeared)"	"Yes"	0	1	5597000.0		43	79	16	19	9	22	2015							60.386	50.899	47.529	58.164	49.288	55.814	61.797	67.038	67.825	52.784	56.013	57.17	62.697	61.684	34.8	51.4	70.24333	71.995	79.9375	69.3425			0	0	0	0	0	0	1	0	0	0	0	0	1	0	0	0	0	0	0	0	0	0	0	0	0	0	0	0	0	1	3	0		0	0	0	0	0	0	0	0	0	0	0	0	0	0	0	0	0	0	0	0	0	0	0	0	0	0	0	0	0	0	0	0	0	0	0	0	0	0	0	0	0	0	0	0	0	0	0	1	0	0	2012.0	440.0	"R/S"	0.55	0.0	"G"	0.0	"G"	1	0.0	0.0	0.5443038	0.84210527	0.635514	0.9328333	1.0	1.0	13.142857142857142	2.006726457399103	0.14285715	0.0	0.0	0.0	0.0	0.0	0.14285715	0.0	0.0	0.0	0.5714286	0.0	0.14285715	0.0	0.0	0.0	0.0	7.0	"INC"	2	0.0	0.0	0.0	0.0	0.0	0.0
26		"INC"	"Male"	"Sagar Singh Thakur"	27	"B.Com"	"M.B.A. (Appeared)"	"Yes"	0	1	5455217.5		52	74	12	15	7	18	2016	1						73.135	67.482	69.998	78.744	76.854	73.62	76.219	81.492	83.302	68.109	67.793	67.165	72.909	69.451	29.9	48.0	57.48	70.465	73.19	58.065			0	0	0	0	0	0	0	0	0	0	0	0	1	0	0	0	0	0	0	0	0	0	0	0	0	0	0	1	0	0	0	0		0	0	0	0	0	1	0	0	0	0	0	0	0	0	0	0	0	0	0	0	0	0	0	0	0	0	0	0	0	0	0	0	0	0	0	0	0	0	0	0	0	0	0	0	0	0	0	0	0	0	2012.0	440.0	"R/S"	0.55	0.0	"G"	0.0	"G"	1	0.0	0.0	0.7027027	0.8	0.7395833	0.45460147	1.0	1.0	15.0	2.4770378874856487	0.33333334	0.0	0.0	0.0	0.0	0.0	0.0	0.0	0.0	0.0	0.0	0.33333334	0.0	0.0	0.33333334	0.0	0.0	3.0	"INC"	2	0.0	0.0	0.0	0.0	0.0	0.0
26	"SC-W"	"BJP"	"Female"	"Preetam Gautam Pandagle"	48	"Upto Ninth"		"Yes"	0		5005215.0		35	102	12	24	6	14	2018		25779	"3948"		"SS"	"819"	50.485	54.034	56.463	51.993		62.071	59.652	61.623	61.104	52.475	56.769	66.745	67.619	49.853	30.7	37.8	63.273335	74.975	53.0875	63.8525		60.152	0	0	0	0	0	0	0	0	0	0	0	0	0	0	0	0	0	0	0	0	0	0	0	0	0	0	0	0	0	0	0	0		0	0	0	0	0	0	0	0	0	0	0	0	0	0	0	0	0	0	0	0	0	0	0	0	0	0	0	0	0	0	0	0	0	0	0	0	0	0	0	0	0	0	0	0	0	0	0	1	0	0	2017.0	441.0	"R/S"	0.55	1.0		1.0	"SCST"	3	1.0	0.0	0.34313726	0.5	0.40151516	0.8342025	0.0	1.0	3.432	0.0	0.0	0.0	0.0	0.0	0.0	0.0	0.0	0.0	0.0	0.0	0.0	0.0	1.0	0.0	0.0	0.0	0.0	1.0	"BJP"	1	0.0	0.0	0.0			0.55
27		"BJP"	"Male"	"Yogesh Amritlal Sagar"									35	51	2	17	43	60	2011			"9421"		"INC"	"6900"	65.926	66.702	72.897	60.451		68.081	68.154	76.852	68.077	49.175	49.854	58.259	58.194	65.346					46.4925		165		0	0	0	0	0	0	0	0	0	0	1	0	2	0	1	0	0	0	0	0	0	0	0	0	0	0	0	1	0	1	0	0	1	0	0	1	0	0	0	0	0	0	0	0	1	0	0	0	0	0	0	0	0	0	0	0	0	0	0	0	0	0	0	0	0	0	0	0	0	0	0	0	0	0	0	0	1	0	1	0	0	0	0	2007.0	442.0	"R/S"	0.55	0.0		0.0			1.0		0.6862745	0.11764706	0.7207207				12.545454545454547	3.28125	0.18181819	0.0	0.0	0.18181819	0.0	0.0	0.09090909	0.0	0.09090909	0.0	0.09090909	0.09090909	0.0	0.09090909	0.09090909	0.09090909	0.0	11.0	"BJP"	1	0.0	0.0	0.0	0.0	0.0	0.0
27		"BJP"	"Male"	"Mukeshkumar Mistry"	54	"SSC"		"Yes"	0		5919734.5		53	70	12	16	14	17	2013			"12463"		"Congress"	"9881"	67.174	54.592	37.977	70.254	51.47	70.101	78.951	79.688	81.289	58.509	48.22	63.001	71.932	64.851	55.1	58.9	62.176666	73.595	80.5	64.96			0	0	0	0	0	0	0	0	1	0	0	0	0	0	0	0	0	0	0	0	0	0	0	0	0	0	0	0	0	0	0	0		0	0	0	0	0	0	0	0	0	0	0	0	0	0	0	0	0	0	0	0	0	0	0	0	0	0	0	0	0	0	0	0	0	0	0	0	0	0	0	0	0	0	0	0	0	0	0	0	0	0	2012.0	443.0	"R/S"	0.55	0.0	"OBC"	0.0	"OBC"	2	1.0	0.0	0.75714284	0.75	0.79	0.9866224	0.0	1.0	8.0	1.1119791666666667	0.0	0.0	0.0	0.0	0.0	0.0	1.0	0.0	0.0	0.0	0.0	0.0	0.0	0.0	0.0	0.0	0.0	1.0	"BJP"	1	0.0	0.0	0.0	0.0	0.0	0.0
27		"BJP"	"Male"	"Mukeshkumar Mistry"	55	"SSC"		"Yes"	0		1.2E7		62	65	16	16	14	15	2014							67.261	50.595	44.18	58.599	58.518	66.586	65.342	66.246	60.159	49.076	44.869	55.193	57.801	53.959	0.0	35.0	51.416668	58.8475	60.21	58.12			0	0	0	0	0	0	0	0	1	0	0	0	0	0	0	0	0	0	0	0	0	0	0	0	0	0	0	1	0	0	0	0		0	0	0	0	0	0	0	0	0	0	0	0	0	0	0	0	0	0	0	0	0	0	0	0	0	0	0	0	0	0	0	0	0	0	0	0	0	0	0	0	0	0	0	0	0	0	0	0	0	0	2012.0	443.0	"R/S"	0.55	0.0	"OBC"	0.0	"OBC"	2	1.0	0.0	0.95384616	1.0	0.96842104	1.0	0.0	1.0	8.0	2.257142857142857	0.0	0.0	0.0	0.0	0.0	0.0	0.5	0.0	0.0	0.0	0.0	0.0	0.0	0.0	0.5	0.0	0.0	2.0	"BJP"	1	0.0	0.0	0.0	0.0	0.0	0.0
27		"BJP"	"Male"	"Mukeshkumar Mistry"	56	"SSC"		"Yes"	0		3294000.0		62	79	19	19	11	21	2015							75.332	63.802	58.309	79.575	52.318	70.421	74.274	84.263	66.094	58.672	60.343	65.541	72.811	73.345	82.0	87.0	77.14333	79.2225	80.895	77.89			0	0	0	0	0	0	0	0	0	1	1	0	0	0	0	0	0	0	0	0	0	0	0	0	0	0	0	0	0	0	0	0		0	0	0	0	0	0	0	0	0	0	0	0	0	0	0	0	0	0	0	0	0	0	0	0	0	0	0	0	0	0	0	0	0	0	0	0	0	0	0	0	0	0	0	0	0	0	0	0	0	0	2012.0	443.0	"R/S"	0.55	0.0	"OBC"	0.0	"OBC"	2	1.0	0.0	0.7848101	1.0	0.8440367	0.549	0.0	1.0	9.0	1.282511210762332	0.0	0.0	0.0	0.0	0.0	0.0	0.5	0.0	0.5	0.0	0.0	0.0	0.0	0.0	0.0	0.0	0.0	2.0	"BJP"	1	0.0	0.0	0.0	0.0	0.0	0.0
27		"BJP"	"Male"	"Mukeshkumar Mistry"	57	"SSC"		"Yes"	0		6911800.5		56	74	14	15	8	14	2016							70.645	60.631	62.8	81.496	69.76	75.351	77.966	79.289	77.373	62.275	64.41	67.159	76.378	76.383	1.6	47.2	65.35667	80.69	88.1425	70.54			0	0	0	0	0	0	0	0	0	0	0	0	0	0	0	2	0	0	0	0	0	0	0	0	0	0	0	1	0	0	0	0		0	0	0	0	0	0	0	0	0	0	0	0	0	0	0	0	0	0	0	0	0	0	0	0	0	0	0	0	0	0	0	0	0	0	0	0	0	0	0	0	0	0	0	0	0	0	0	1	0	0	2012.0	443.0	"R/S"	0.55	0.0	"OBC"	0.0	"OBC"	2	1.0	0.0	0.7567568	0.93333334	0.8041237	0.57598335	0.0	1.0	12.0	2.3737083811710677	0.0	0.0	0.0	0.0	0.0	0.0	0.5	0.0	0.0	0.0	0.0	0.0	0.25	0.0	0.25	0.0	0.0	4.0	"BJP"	1	0.0	0.0	0.0	0.0	0.0	0.0
27	"OBC-W"	"BJP"	"Female"	"Surekha Manojkumar Patil"	43	"Graduate"		"Yes"	0		3843582.8		74	102	17	24	12	14	2018		27575	"7347"		"SS"	"3249"	55.464	42.989	36.931	73.842		77.36	81.157	95.102	82.567	56.872	57.679	65.846	80.077	63.648	70.5	53.7	66.49	64.755	65.555	72.995		52.307	0	0	0	0	0	0	0	0	0	0	0	0	0	0	0	0	1	0	0	0	0	0	0	0	0	0	0	0	0	1	0	0		0	0	0	0	0	1	0	0	0	0	0	0	0	0	0	0	0	0	0	0	0	0	0	0	0	0	0	0	0	0	0	0	0	0	0	0	0	0	0	0	0	0	0	0	0	0	0	5	0	0	2017.0	444.0	"R/S"	0.55	1.0		1.0	"OBC"	2	1.0	0.0	0.7254902	0.7083333	0.7463768	0.6405971	1.0	1.0	10.3545	1.1077618688771664	0.0	0.0	0.0	0.0	0.0	0.0	0.125	0.0	0.0	0.0	0.125	0.125	0.625	0.0	0.0	0.0	0.0	8.0	"BJP"	1	0.0	0.0	0.0			0.55
28		"INC"	"Female"	"Geeta Ashish Yadav"									41	51	13	17	11	14	2011			"6134"		"SP"	"2835"	66.659	74.671	73.772	69.415		74.449	75.224	82.776	75.648	73.919	73.651	73.525	74.632	73.11					95.1		121		0	0	0	0	0	0	0	0	0	0	2	0	0	0	0	0	1	0	0	0	0	0	0	0	0	0	0	0	0	0	0	0		0	0	0	0	0	0	0	0	0	0	0	0	0	0	0	0	0	0	0	0	0	0	0	0	0	0	0	0	1	0	0	0	1	0	0	0	0	0	0	0	0	0	0	0	0	0	0	0	0	0	2007.0	445.0	"R/S"	0.55	1.0		0.0			1.0		0.8039216	0.7647059	0.8227848				9.6	0.66796875	0.0	0.0	0.0	0.0	0.0	0.2	0.2	0.0	0.4	0.0	0.0	0.0	0.0	0.0	0.0	0.0	0.2	5.0	"INC"	2	0.0	0.0	0.0	0.0	0.0	0.0
28	"W"	"INC"	"Female"	"Geeta Ashish Yadav"	37	"D.H.M.S."		"Yes"	3		5237543.5		59	70	16	16	24	34	2013			"5901"		"SP"	"1109"	57.84	53.58	36.825	62.584	49.032	56.326	69.603	69.304	71.487	52.924	48.465	58.894	60.063	58.463	58.6	63.4	59.90333	71.84	74.7175	74.325			0	0	0	0	0	0	0	0	0	0	0	0	0	0	0	0	0	0	0	0	0	0	0	0	0	1	0	28	0	0	1	0		1	0	0	0	0	0	0	0	0	0	0	0	0	0	0	0	0	0	0	0	0	0	0	0	0	0	0	0	0	0	0	0	0	0	0	0	0	0	0	0	0	0	0	0	0	0	0	9	0	0	2012.0	446.0	"R/S"	0.55	1.0	"W"	1.0	"G"	1	0.0	1.0	0.8428571	1.0	0.9	0.8729239	1.0	1.0	12.05	1.7057291666666667	0.0	0.0	0.0	0.025	0.0	0.0	0.0	0.0	0.0	0.0	0.05	0.0	0.225	0.0	0.7	0.0	0.0	40.0	"INC"	2	0.0	0.0	0.0	0.0	0.0	0.55
28	"W"	"INC"	"Female"	"Geeta Ashish Yadav"	38	"D.H.M.S."		"Yes"	3		1.1205E7		46	65	15	16	25	31	2014							62.95	58.544	60.612	67.034	64.035	71.795	76.265	70.399	68.519	57.507	57.012	64.464	67.783	59.086	20.0	32.8	61.693333	70.84	65.16	65.0725			0	0	0	0	0	0	0	0	0	1	0	0	1	0	0	0	0	0	0	0	0	0	0	0	0	0	0	4	0	3	0	1	1	0	0	0	0	0	0	0	0	0	0	0	0	0	0	0	0	0	1	0	0	0	0	0	0	0	0	0	0	0	0	0	0	2	0	0	0	0	0	0	0	0	0	0	0	0	0	0	0	0	0	2012.0	446.0	"R/S"	0.55	1.0	"W"	1.0	"G"	1	0.0	1.0	0.7076923	0.9375	0.8113208	0.93375	1.0	1.0	14.428571428571429	4.7976190476190474	0.071428575	0.0	0.0	0.0	0.0	0.0	0.14285715	0.0	0.0	0.0	0.21428572	0.0	0.0	0.0	0.2857143	0.14285715	0.14285715	14.0	"INC"	2	0.0	0.0	0.0	0.0	0.0	0.55
28	"W"	"INC"	"Female"	"Geeta Ashish Yadav"	39	"D.H.M.S."		"Yes"	3		3263000.0		61	79	17	19	40	41	2015							70.579	63.69	56.738	78.566	59.475	65.299	65.534	68.958	64.698	63.212	64.337	64.92	64.29	62.619	34.8	44.6	61.383335	69.9625	75.9175	70.3025			0	0	0	0	0	0	1	0	0	1	2	0	0	0	0	0	1	0	0	0	0	0	0	0	0	0	0	0	0	1	1	2	1	0	0	0	0	0	0	0	0	0	0	0	0	0	0	0	0	0	0	0	0	0	0	0	0	0	0	0	0	0	0	0	0	0	0	0	0	0	0	0	0	0	0	0	0	0	0	0	0	0	0	2012.0	446.0	"R/S"	0.55	1.0	"W"	1.0	"G"	1	0.0	1.0	0.7721519	0.8947368	0.85507244	0.5438333	1.0	1.0	13.4	4.044843049327355	0.0	0.0	0.0	0.0	0.0	0.0	0.3	0.0	0.2	0.0	0.2	0.0	0.0	0.0	0.0	0.3	0.0	10.0	"INC"	2	0.0	0.0	0.0	0.0	0.0	0.55
28	"W"	"INC"	"Female"	"Geeta Ashish Yadav"	40	"D.H.M.S."		"Yes"	3		5819789.0		67	74	12	15	28	30	2016							65.545	52.528	51.672	75.488	61.651	71.568	74.335	87.703	73.006	57.465	53.972	60.366	66.231	60.588	48.2	56.6	69.47667	60.185	68.835	77.71			0	0	0	0	0	0	0	0	0	1	2	0	0	0	0	1	1	0	0	0	0	0	0	0	0	0	0	3	0	0	1	0	1	0	0	0	0	0	0	0	0	0	0	0	0	0	0	0	0	0	0	0	0	0	0	0	0	0	0	0	0	0	0	0	0	0	0	0	0	0	0	0	0	0	0	0	0	0	0	0	0	0	0	2012.0	446.0	"R/S"	0.55	1.0	"W"	1.0	"G"	1	0.0	1.0	0.9054054	0.8	0.9145299	0.48498243	1.0	1.0	14.6	4.6871412169919635	0.0	0.0	0.0	0.0	0.0	0.0	0.3	0.0	0.2	0.0	0.1	0.0	0.0	0.0	0.3	0.1	0.0	10.0	"INC"	2	0.0	0.0	0.0	0.0	0.0	0.55
28	"OBC"	"INC"	"Male"	"Rajpati Bargun Yadav"	50	"SSC"		"Yes"	0		4804667.5		67	102	20	24	25	29	2018		25199	"8241"		"SS"	"3633"	59.109	48.717	57.796	69.135		73.684	67.92	76.658	72.099	61.217	55.669	61.34	62.089	55.266	15.5	57.4	68.69666	46.0825	54.2425	66.2175		53.98	0	1	0	0	0	0	0	0	0	0	0	0	0	0	0	0	0	0	0	0	0	0	0	0	0	0	0	1	0	0	1	0		0	0	0	0	1	0	0	0	0	0	0	0	0	0	0	0	0	0	0	0	0	0	3	2	0	0	0	0	3	2	0	0	0	0	0	0	0	0	0	0	0	0	0	0	0	0	0	0	0	0	2017.0	447.0	"R/S"	0.55	0.0		0.0	"OBC"	2	1.0	0.0	0.65686274	0.8333333	0.74172187	0.8007779	0.0	1.0	8.278714285714285	1.6496214160117701	0.0	0.0	0.0	0.0	0.35714287	0.35714287	0.071428575	0.0	0.0	0.0	0.071428575	0.071428575	0.0	0.0	0.071428575	0.0	0.0	14.0	"INC"	2	0.0	0.0	0.0			0.0
29	"W"	"SS"	"Female"	"Renuka Pandurang Dive"									40	51	13	14	11	14	2011			"6416"		"INC"	"801"	66.132	52.312	59.449	59.473		59.076	61.077	53.142	53.685	48.948	47.687	42.041	51.918	49.041					56.5775		122		0	0	0	0	0	0	0	0	0	0	0	0	0	1	0	0	0	0	0	0	0	0	0	0	0	0	0	12	0	0	0	0		0	0	0	0	0	0	0	0	0	0	0	0	0	0	0	0	0	0	0	0	0	0	0	0	0	0	0	0	0	0	0	0	0	0	0	0	0	0	0	0	0	0	0	0	0	0	0	4	0	0	2007.0	448.0	"P/N"	0.48	1.0		1.0	"G"	1	0.0		0.78431374	0.9285714	0.84210527				13.294117647058822	0.6165520512212473	0.0	0.0	0.0	0.0	0.0	0.0	0.05882353	0.0	0.0	0.0	0.0	0.0	0.23529412	0.0	0.7058824	0.0	0.0	17.0	"SS"	5	1.0	0.0	0.0	1.0	1.0	0.48
29		"SS"	"Male"	"Ajit Damodar Bhandari"	49	"HSC"		"Yes"	0		5518120.0		68	70	16	17	16	17	2013			"10298"		"Congress"	"4971"	75.965	74.782	71.812	73.319	70.868	70.468	73.541	71.137	62.697	54.06	54.829	54.847	55.657	60.476	0.0	53.3	76.76	89.015	80.575	83.9575			0	2	0	0	0	0	0	0	0	0	1	0	0	0	0	0	1	0	0	1	0	0	0	0	0	0	0	13	0	0	0	0		1	0	0	0	0	0	0	0	0	0	0	0	0	0	0	0	0	0	0	0	0	0	0	0	0	0	0	0	0	0	0	0	0	0	0	0	0	0	0	0	0	0	0	0	1	0	0	0	0	0	2012.0	449.0	"P/N"	0.48	0.0	"G"	0.0	"G"	1	0.0	0.0	0.9714286	0.9411765	0.9708738	0.9196867	0.0	1.0	12.5	2.8166074121956477	0.0	0.05	0.0	0.05	0.0	0.0	0.15	0.0	0.05	0.05	0.0	0.0	0.0	0.0	0.65	0.0	0.0	20.0	"SS"	5	1.0	0.0	0.0	1.0	0.0	0.0
29		"SS"	"Male"	"Ajit Damodar Bhandari"	50	"HSC"		"Yes"	0		1.1989E7		59	65	11	13	13	15	2014							53.704	64.399	44.277	61.12	53.929	57.626	62.456	82.797	73.17	59.349	61.203	67.158	66.776	51.42	18.9	30.7	56.683334	51.3775	62.6125	54.9475			0	0	0	0	0	0	1	0	0	0	1	0	0	0	0	0	0	0	0	0	0	0	0	0	0	0	0	15	0	0	0	0		0	0	1	0	0	0	0	0	0	0	0	0	0	0	0	0	0	0	0	0	0	0	0	1	0	0	0	0	0	0	0	0	0	0	0	0	0	0	0	0	0	0	0	0	0	0	0	0	0	0	2012.0	449.0	"P/N"	0.48	0.0	"G"	0.0	"G"	1	0.0	0.0	0.9076923	0.84615386	0.9120879	0.99908334	0.0	1.0	10.842105263157894	4.254602235371466	0.0	0.0	0.0	0.05263158	0.05263158	0.0	0.05263158	0.0	0.05263158	0.0	0.0	0.0	0.0	0.0	0.7894737	0.0	0.0	19.0	"SS"	5	1.0	0.0	0.0	1.0	0.0	0.0
29		"SS"	"Male"	"Ajit Damodar Bhandari"	51	"HSC"		"Yes"	0		4514000.0		74	79	15	16	17	21	2015							78.094	71.706	72.457	78.379	72.826	72.727	75.259	75.018	74.15	72.426	71.488	72.367	69.268	71.039	73.8	85.9	81.75	88.7825	36.8425	81.8525			0	0	0	0	0	0	1	0	0	0	1	0	1	0	0	0	0	0	0	0	0	0	0	0	0	0	0	18	0	1	0	0		0	0	0	0	0	0	0	0	0	0	0	0	0	0	0	0	0	0	0	0	0	0	0	0	0	0	0	0	0	0	0	0	0	0	0	0	0	0	0	0	0	0	0	0	0	0	0	6	0	0	2012.0	449.0	"P/N"	0.48	0.0	"G"	0.0	"G"	1	0.0	0.0	0.93670887	0.9375	0.9464286	0.75233334	0.0	1.0	13.142857142857142	4.0062554579316	0.035714287	0.0	0.0	0.0	0.0	0.0	0.035714287	0.0	0.035714287	0.0	0.035714287	0.0	0.21428572	0.0	0.64285713	0.0	0.0	28.0	"SS"	5	1.0	0.0	0.0	1.0	0.0	0.0
29		"SS"	"Male"	"Ajit Damodar Bhandari"	52	"HSC"		"Yes"	0		4687441.5		68	74	11	14	29	37	2016							77.881	66.859	75.595	75.586	70.864	74.49	72.042	73.708	70.231	72.205	73.066	72.905	72.684	71.739	3.9	7.9	58.27	74.0	77.0475	60.5175			0	0	0	0	0	0	0	0	0	0	0	0	0	0	0	0	0	0	0	0	0	0	0	0	0	0	0	8	0	1	0	0		0	0	0	0	0	0	0	0	0	0	0	0	0	0	0	0	0	0	0	0	0	0	0	1	0	0	0	0	0	0	0	0	0	0	0	0	0	0	0	0	0	0	0	0	0	0	0	2	0	0	2012.0	449.0	"P/N"	0.48	0.0	"G"	0.0	"G"	1	0.0	0.0	0.9189189	0.78571427	0.9230769	0.3906201	0.0	1.0	12.5	2.964500726593315	0.0	0.0	0.0	0.0	0.083333336	0.0	0.0	0.0	0.0	0.0	0.083333336	0.0	0.16666667	0.0	0.6666667	0.0	0.0	12.0	"SS"	5	1.0	0.0	0.0	1.0	0.0	0.0
29	"G"	"BJP"	"Male"	"Sagar Ramesh Singh"	29	"Post Graduate"		"Yes"	0		4708585.0		46	102	12	24	24	52	2018		32851	"8043"		"SS"	"2812"	59.882	58.906	58.188	58.107		62.586	69.609	73.473	72.939	50.656	57.04	59.169	58.19	64.724	98.2	100.0	62.766666	54.02	61.985	76.0025		63.805	0	0	0	0	0	0	0	0	0	0	0	0	0	0	0	0	0	0	0	0	0	0	0	0	0	0	0	0	0	0	0	0		0	0	0	0	0	0	0	0	0	0	0	0	0	0	0	0	0	0	0	0	0	0	0	0	0	0	0	0	0	0	0	0	0	0	0	0	0	0	0	0	0	0	0	0	0	0	0	3	0	0	2017.0	450.0	"R/S"	0.55	0.0		0.0	"G"	1	0.0	0.0	0.4509804	0.5	0.5466667	0.7847642	1.0	1.0	4.0440000000000005	0.0	0.0	0.0	0.0	0.0	0.0	0.0	0.0	0.0	0.0	0.0	0.0	0.0	1.0	0.0	0.0	0.0	0.0	3.0	"BJP"	1	0.0	0.0	0.0			0.0
30	"W"	"INC"	"Female"	"Suvarna Prakash Madhyalkar "									31	51	13	14	9	13	2011			"5798"		"SS"	"573"	67.903	57.703	63.714	65.743		65.962	65.022	67.592	62.775	53.643	54.69	51.466	63.135	58.204					59.2325		126		0	0	0	0	0	0	0	0	0	0	0	0	0	0	0	0	0	0	0	0	0	0	0	0	0	0	0	0	0	0	0	0		0	0	0	0	0	0	0	0	0	0	0	0	0	0	0	0	0	0	0	0	0	0	1	0	0	0	0	0	0	0	0	0	0	0	0	0	0	0	0	0	0	0	0	0	0	0	0	0	0	0	2007.0	454.0	"P/N"	0.48	1.0		1.0	"G"	1	0.0		0.60784316	0.9285714	0.7162162				6.0	0.0	0.0	0.0	0.0	0.0	1.0	0.0	0.0	0.0	0.0	0.0	0.0	0.0	0.0	0.0	0.0	0.0	0.0	1.0	"INC"	2	0.0	0.0	0.0	1.0	1.0	0.48
30		"INC"	"Male"	"Siraj Iliyas Shaikh"	35	"SSC"		"Yes"	0		5044692.0		38	70	16	17	24	29	2013			"5269"		"SS"	"975"	56.155	39.613	27.332	60.774	48.628	62.872	70.811	78.595	69.592	42.042	46.383	47.384	59.002	55.045	31.1	32.3	55.053333	74.03	77.7525	68.57			0	2	0	0	0	0	0	0	0	0	0	0	1	0	0	0	0	0	0	0	0	0	0	0	0	0	0	10	0	0	0	0		0	0	0	0	0	0	0	0	0	0	0	0	0	0	0	0	0	0	0	0	0	0	0	1	0	0	0	0	0	0	0	0	0	0	0	0	0	0	0	0	0	0	0	0	1	0	0	2	0	0	2012.0	455.0	"P/N"	0.48	0.0	"G"	0.0	"G"	1	0.0	0.0	0.54285717	0.9411765	0.7027027	0.840782	0.0	1.0	14.0	2.4089635854341735	0.05882353	0.05882353	0.0	0.0	0.05882353	0.0	0.11764706	0.0	0.0	0.0	0.0	0.0	0.11764706	0.0	0.5882353	0.0	0.0	17.0	"INC"	2	0.0	0.0	0.0	1.0	0.0	0.0
30		"INC"	"Male"	"Siraj Iliyas Shaikh"	36	"SSC"		"Yes"	0		1.1406E7		25	65	8	13	20	24	2014							54.968	46.52	52.44	68.616	57.578	69.622	68.802	74.69	73.907	52.64	57.365	61.825	63.467	56.721	23.3	36.8	57.756668	65.6875	59.6425	62.29			0	0	0	0	1	0	1	0	0	0	0	0	0	0	0	0	0	0	0	0	0	0	0	0	0	0	0	7	0	1	1	0		0	0	0	0	0	0	0	0	0	0	0	0	0	0	0	0	0	0	0	0	0	0	0	1	0	0	0	0	1	0	0	0	0	0	0	0	0	0	0	0	0	0	0	0	0	0	0	2	0	0	2012.0	455.0	"P/N"	0.48	0.0	"G"	0.0	"G"	1	0.0	0.0	0.3846154	0.61538464	0.5408163	0.9505	0.0	1.0	14.0	4.815088757396449	0.0	0.0	0.0	0.0	0.06666667	0.06666667	0.13333334	0.0	0.0	0.0	0.13333334	0.0	0.13333334	0.0	0.46666667	0.0	0.0	15.0	"INC"	2	0.0	0.0	0.0	1.0	0.0	0.0
30																			2015							59.453	48.624	46.549	59.801	54.819	60.937	69.505	76.966	63.554	48.176	48.457	56.439	55.849	53.044	28.8	36.4	58.413334	65.7725	63.185	63.8475			0	0	0	0	0	0	0	0	0	0	0	0	0	0	0	0	0	0	0	0	0	0	0	0	0	0	0	0	0	0	0	0		0	0	0	0	0	0	0	0	0	0	0	0	0	0	0	0	0	0	0	0	0	0	0	0	0	0	0	0	0	0	0	0	0	0	0	0	0	0	0	0	0	0	0	0	0	0	0	0	0	0	2012.0	455.0	"P/N"	0.48	0.0	"G"	0.0	"G"	1	0.0																												"_Other"	6	0.0	0.0	0.0	1.0	0.0	0.0
30		"SS"	"Male"	"Vishwas Pandurang Ghadigaonkar"	55	"SSC"		"No"	0		7140837.0		42	74	9	14	0	0	2016							78.881	70.902	78.275	87.365	69.791	73.427	75.75	75.851	74.538	71.508	71.811	72.215	71.508	69.892	16.2	18.2	64.31	79.04	74.4975	66.92			0	5	0	0	0	0	0	0	0	0	1	0	0	0	0	0	2	0	0	0	0	0	0	0	0	0	0	0	0	0	0	0		0	0	0	0	1	0	0	0	0	0	0	0	0	0	0	0	0	0	0	0	0	0	0	1	0	0	0	0	0	0	0	0	0	0	0	0	0	0	0	0	0	0	0	0	0	0	0	5	0	0	2012.0	455.0	"P/N"	0.48	0.0	"G"	0.0	"G"	1	0.0	0.0	0.5675676	0.64285713	0.57954544	0.59506977	0.0	0.0	8.4	3.5520033215694418	0.0	0.0	0.0	0.0	0.06666667	0.0	0.46666667	0.0	0.06666667	0.0	0.0	0.06666667	0.33333334	0.0	0.0	0.0	0.0	15.0	"SS"	5	1.0	0.0	0.0	1.0	0.0	0.0
30	"W"	"BJP"	"Female"	"Leena Rajesh Deherkar"	58	"HSC"		"Yes"	0		5330232.5		99	102	23	24	11	14	2018		22269	"18333"		"SS"	"14874"	79.005	89.365	84.047	83.15		78.803	77.604	70.964	66.508	57.278	52.327	51.241	51.31	49.444	82.8	30.0	69.206665	31.4525	97.765	60.86		50.9	0	2	0	0	0	0	0	0	0	0	0	0	0	0	0	0	0	0	0	0	0	0	0	0	0	0	0	1	0	0	0	0		0	0	2	0	0	0	0	0	0	0	0	0	0	0	0	0	0	0	0	0	0	0	0	0	0	0	0	0	0	3	0	0	0	0	0	0	0	0	0	0	0	0	0	0	0	0	0	1	0	0	2017.0	456.0	"R/S"	0.55	1.0		1.0	"G"	1	0.0	0.0	0.9705882	0.9583333	0.9708029	0.88837206	0.0	1.0	7.029	3.692539562923888	0.0	0.0	0.0	0.22222222	0.0	0.33333334	0.22222222	0.0	0.0	0.0	0.0	0.0	0.11111111	0.0	0.11111111	0.0	0.0	9.0	"BJP"	1	0.0	0.0	0.0			0.55
31	"W"	"INC"	"Female"	"Jaya Satnam Singh Tiwana"									34	51	14	14	6	13	2011			"7349"		"BJP"	"3824"	68.857	64.437	62.817	62.347		66.456	68.017	67.863	65.4	61.513	55.331	57.63	62.442	63.117					57.78		130		0	0	0	0	0	0	0	0	0	0	0	0	0	0	0	0	0	0	0	0	0	0	0	0	0	0	0	0	0	0	0	0		0	0	0	0	0	0	0	0	0	0	0	0	0	0	0	0	0	0	0	0	0	0	0	0	0	0	0	0	0	0	0	0	0	0	0	0	0	0	0	0	0	0	0	0	0	0	0	3	0	0	2007.0	457.0	"P/N"	0.48	1.0		1.0	"G"	1	0.0		0.6666667	1.0	0.7605634				6.0	0.0	0.0	0.0	0.0	0.0	0.0	0.0	0.0	0.0	0.0	0.0	0.0	0.0	1.0	0.0	0.0	0.0	0.0	3.0	"INC"	2	0.0	0.0	0.0	1.0	1.0	0.48
31		"INC"	"Male"	"Parminder Ratansingh Bhamra"	47	"HSC"		"Yes"	0		5555020.0		47	70	14	17	13	18	2013			"5977"		"Ind"	"1435"	67.464	67.304	63.203	68.77	58.368	67.548	71.68	76.767	73.608	64.593	61.911	64.579	66.237	64.453	67.1	67.1	57.996666	64.5525	49.0025	82.865			0	0	0	0	0	0	0	0	0	0	0	0	0	0	0	0	0	0	0	0	0	0	0	0	0	0	0	1	0	0	0	0		0	0	0	0	0	0	0	0	0	0	0	0	0	0	0	0	0	0	0	0	0	0	0	0	0	0	0	0	0	0	1	0	0	0	0	0	0	0	0	0	0	0	0	0	0	0	0	0	0	0	2012.0	458.0	"P/N"	0.48	0.0	"G"	0.0	"G"	1	0.0	0.0	0.67142856	0.8235294	0.74	0.9258367	0.0	1.0	14.0	1.0579616461969403	0.0	0.0	0.0	0.0	0.0	0.5	0.0	0.0	0.0	0.0	0.0	0.0	0.0	0.0	0.5	0.0	0.0	2.0	"INC"	2	0.0	0.0	0.0	1.0	0.0	0.0
31		"INC"	"Male"	"Parminder Ratansingh Bhamra"	48	"HSC"		"Yes"	0		1.1542E7		54	65	9	13	11	17	2014							67.533	69.161	50.31	70.295	57.633	66.603	64.19	74.228	73.066	64.443	54.538	60.836	59.945	62.875	19.8	35.4	54.05	56.045	56.9925	70.5			0	8	0	0	0	0	0	0	0	0	3	0	0	0	0	0	0	0	0	0	0	0	0	0	0	0	0	1	0	0	0	0	2	0	0	0	0	0	0	0	0	0	0	0	0	0	0	0	0	1	3	0	0	1	0	0	0	0	0	0	0	0	1	0	0	0	0	0	0	0	4	0	0	0	0	0	0	0	0	0	1	0	0	2012.0	458.0	"P/N"	0.48	0.0	"G"	0.0	"G"	1	0.0	0.0	0.83076924	0.6923077	0.83146065	0.96183336	0.0	1.0	11.16	4.8493589743589745	0.0	0.0	0.0	0.16	0.0	0.04	0.48	0.0	0.12	0.0	0.0	0.0	0.04	0.0	0.04	0.08	0.04	25.0	"INC"	2	0.0	0.0	0.0	1.0	0.0	0.0
31		"INC"	"Male"	"Parminder Ratansingh Bhamra"	49	"HSC"		"Yes"	0	1	5227000.0		49	79	12	16	15	30	2015							73.044	48.527	44.779	82.895	55.004	69.801	69.437	67.199	69.944	66.404	67.81	66.428	69.403	69.589	45.3	70.0	69.78	76.695	68.235	76.345			0	32	0	0	0	0	0	4	1	1	0	0	2	0	0	0	1	0	0	0	0	0	0	0	0	0	0	1	0	0	0	0	9	0	0	0	0	0	0	0	0	0	0	0	0	0	0	0	0	0	7	0	0	0	0	0	1	0	0	0	0	0	0	0	0	0	0	0	0	0	0	1	0	0	0	0	0	2	2	0	3	0	2	2012.0	458.0	"P/N"	0.48	0.0	"G"	0.0	"G"	1	0.0	0.0	0.62025315	0.75	0.6909091	0.87116665	0.0	1.0	11.73913043478261	3.8914707227725436	0.028985508	0.028985508	0.0	0.028985508	0.014492754	0.0	0.6666667	0.0	0.0	0.0	0.0	0.0	0.04347826	0.014492754	0.04347826	0.13043478	0.0	69.0	"INC"	2	0.0	0.0	0.0	1.0	0.0	0.0
31		"INC"	"Male"	"Parminder Ratansingh Bhamra"	50	"HSC"		"Yes"	0	1	6149403.0		54	74	10	14	21	41	2016							82.563	76.839	80.0	82.225	78.294	78.468	77.865	80.251	77.344	79.563	77.943	78.635	77.607	79.745	17.9	40.2	64.96333	78.3925	83.48	72.3875			0	7	0	0	0	0	0	0	0	1	1	0	0	0	0	0	1	0	0	0	0	0	0	0	0	0	0	2	0	4	0	3	2	3	0	0	0	0	0	0	0	0	0	0	0	0	0	0	0	0	1	0	0	1	0	0	2	1	0	0	1	2	0	3	0	0	0	0	0	0	0	0	0	0	0	0	0	6	0	1	12	1	1	2012.0	458.0	"P/N"	0.48	0.0	"G"	0.0	"G"	1	0.0	0.0	0.7297297	0.71428573	0.7798165	0.5124503	0.0	1.0	13.071428571428571	4.98272487321688	0.0	0.10714286	0.017857144	0.05357143	0.05357143	0.08928572	0.17857143	0.0	0.017857144	0.0	0.071428575	0.0	0.21428572	0.0	0.071428575	0.08928572	0.035714287	56.0	"INC"	2	0.0	0.0	0.0	1.0	0.0	0.0
31	"OBC"	"BJP"	"Male"	"Kamlesh Shobhnath Yadav "	52	"HSC"		"Yes"	2		5006141.0		85	102	24	24	9	35	2018	2	24521	"7826"		"Congress"	"3853"	78.203	59.524	46.876	74.65		78.226	78.153	86.152	83.24	65.322	69.569	77.976	77.272	67.885	100.0	94.5	66.71333	48.165	90.8375	68.94		70.365	0	0	0	0	0	0	0	0	0	0	0	0	2	0	0	0	1	2	0	0	0	0	0	0	0	2	0	3	0	1	0	0		0	0	0	0	0	0	0	0	0	0	0	0	0	0	0	0	0	0	0	0	0	0	1	1	1	0	0	0	0	0	0	0	0	0	0	0	0	0	0	0	0	0	0	0	0	0	0	12	0	0	2017.0	459.0	"R/S"	0.55	0.0		0.0	"OBC"	2	1.0	1.0	0.8333333	1.0	0.8740741	0.83435684	0.0	1.0	11.250076923076923	2.9688748829668197	0.07692308	0.0	0.0	0.0	0.115384616	0.0	0.03846154	0.07692308	0.0	0.0	0.115384616	0.0	0.46153846	0.0	0.115384616	0.0	0.0	26.0	"BJP"	1	0.0	0.0	0.0			0.0
32		"INC"	"Male"	"Baldevsingh Gunvantsingh Mankoo"									40	51	8	14	17	29	2011			"5984"		"SS"	"1095"	56.531	56.274	57.895	56.211		61.739	62.676	66.129	59.146	56.681	54.871	54.636	56.787	55.848					57.95		132		0	0	0	0	0	0	0	0	0	0	0	0	0	0	0	0	0	0	0	0	0	0	0	0	0	0	0	4	0	0	0	1		0	0	1	0	2	0	0	0	0	0	0	0	0	0	0	0	0	0	0	0	0	0	0	0	1	0	0	0	0	0	0	0	0	0	0	0	0	0	0	0	0	0	0	0	0	0	0	9	0	1	2007.0	460.0	"P/N"	0.48	0.0		0.0			1.0		0.78431374	0.5714286	0.79268295				11.68421052631579	0.618923405264406	0.0	0.0	0.0	0.05263158	0.05263158	0.0	0.0	0.0	0.0	0.0	0.0	0.10526316	0.47368422	0.0	0.2631579	0.05263158	0.0	19.0	"INC"	2	0.0	0.0	0.0	1.0	0.0	0.0
32	"W"	"SS"	"Female"	"Anagha Prakash Mhatre"	62	"SSC"		"Yes"	0		5116649.5		62	70	16	17	79	97	2013			"9372"		"Congress"	"4321"	79.63	74.295	72.826	76.794	74.397	79.624	81.318	82.231	74.244	60.485	63.8	68.738	69.72	66.832	30.4	32.5	60.09667	72.845	68.4225	60.455			0	0	0	0	0	0	0	0	0	0	0	0	0	0	0	0	1	0	0	0	0	0	0	0	0	0	0	1	0	1	0	0		0	0	0	0	0	0	0	0	0	0	0	0	0	0	0	0	0	0	0	0	0	0	0	0	0	0	0	0	0	0	0	0	0	0	0	0	0	0	0	0	0	0	0	0	1	0	0	0	0	0	2012.0	461.0	"P/N"	0.48	1.0	"OBC-W"	1.0	"OBC"	2	1.0	0.0	0.8857143	0.9411765	0.94578314	0.8527749	0.0	1.0	12.5	1.6311139840551605	0.0	0.25	0.0	0.0	0.0	0.0	0.25	0.0	0.0	0.0	0.25	0.0	0.0	0.0	0.25	0.0	0.0	4.0	"SS"	5	1.0	0.0	0.0	1.0	1.0	0.48
32	"W"	"SS"	"Female"	"Anagha Prakash Mhatre"	63	"SSC"		"Yes"	0		1.1181E7		54	65	13	13	104	134	2014							57.683	58.206	69.519	70.978	59.442	64.118	65.91	67.171	71.587	65.989	62.844	60.288	65.39	63.837	36.2	53.2	47.913334	55.8175	64.75	59.9825			0	0	0	0	0	0	0	0	0	0	0	0	0	0	0	0	0	0	0	0	0	0	0	0	0	0	0	0	0	0	0	0		0	0	0	0	0	0	0	0	0	0	0	0	0	0	0	0	0	0	0	0	0	0	0	0	0	0	0	0	0	0	0	0	0	0	0	0	0	0	0	0	0	0	0	0	0	0	0	2	0	0	2012.0	461.0	"P/N"	0.48	1.0	"OBC-W"	1.0	"OBC"	2	1.0	0.0	0.83076924	1.0	0.9395604	0.93175	0.0	1.0	6.0	0.0	0.0	0.0	0.0	0.0	0.0	0.0	0.0	0.0	0.0	0.0	0.0	0.0	1.0	0.0	0.0	0.0	0.0	2.0	"SS"	5	1.0	0.0	0.0	1.0	1.0	0.48
32	"W"	"SS"	"Female"	"Anagha Prakash Mhatre"	64	"SSC"		"Yes"	0		4384000.0		56	79	12	16	130	169	2015							71.276	72.45	70.357	71.261	72.349	72.024	73.712	73.853	74.443	69.589	67.355	63.317	64.583	66.211	3.0	13.5	61.213333	72.9225	61.3575	69.77			0	0	0	0	0	0	0	0	0	1	1	0	0	0	0	0	0	0	0	0	0	0	0	0	0	0	0	0	0	0	0	0		0	0	0	0	1	0	0	0	0	0	0	0	0	0	0	0	0	0	0	0	0	0	0	0	0	0	0	0	0	0	0	0	0	0	0	0	0	0	0	0	0	0	0	0	0	0	0	0	0	0	2012.0	461.0	"P/N"	0.48	1.0	"OBC-W"	1.0	"OBC"	2	1.0	0.0	0.70886075	0.75	0.88	0.73066664	0.0	1.0	9.0	1.3918839443246425	0.0	0.0	0.0	0.0	0.0	0.0	0.33333334	0.0	0.33333334	0.0	0.0	0.33333334	0.0	0.0	0.0	0.0	0.0	3.0	"SS"	5	1.0	0.0	0.0	1.0	1.0	0.48
32	"W"	"SS"	"Female"	"Anagha Prakash Mhatre"	65	"SSC"		"Yes"	0		4910867.0		56	74	12	14	10	18	2016							55.168	42.472	55.374	77.204	42.266	75.591	82.685	83.227	64.085	52.9	56.129	54.783	70.115	71.93	37.6	51.6	65.59333	63.35	73.0775	69.295			0	0	0	0	0	0	0	0	0	0	1	0	0	0	0	0	0	0	0	0	0	0	0	0	0	0	0	0	0	0	0	0		0	0	0	0	0	0	0	0	0	0	0	0	0	0	0	0	0	0	0	0	0	0	0	0	0	0	0	0	0	0	0	0	0	0	0	0	0	0	0	0	0	0	0	0	0	0	0	0	0	0	2012.0	461.0	"P/N"	0.48	1.0	"OBC-W"	1.0	"OBC"	2	1.0	0.0	0.7567568	0.85714287	0.79591835	0.4092389	0.0	1.0	6.0	0.9860909279634628	0.0	0.0	0.0	0.0	0.0	0.0	0.0	0.0	1.0	0.0	0.0	0.0	0.0	0.0	0.0	0.0	0.0	1.0	"SS"	5	1.0	0.0	0.0	1.0	1.0	0.48
32	"OBC-W"	"INC"	"Female"	"Steffie Morris Kinny"	28	"Graduate"		"Yes"	0		5174009.0		64	102	14	15	10	14	2018		33112	"6775"		"SS"	"1010"	61.712	54.763	52.121	54.428		55.409	49.404	70.172	51.085	44.49	41.453	44.293	43.631	38.212	98.6	98.6	71.78667	57.035	82.1225	46.7325		40.357	0	0	0	0	0	0	1	0	0	0	0	0	0	0	0	0	1	0	0	0	0	0	0	0	0	0	0	4	0	0	0	0	1	0	0	0	0	0	0	0	0	0	0	0	0	0	0	0	0	0	0	0	0	0	0	0	0	0	0	0	0	0	0	0	0	0	0	0	0	0	0	0	0	0	0	0	0	0	0	0	0	0	0	2017.0	462.0	"P/N"	0.48	1.0		1.0	"OBC"	2	1.0	0.0	0.627451	0.93333334	0.6929134	0.86233485	1.0	1.0	7.004	3.7644092219020178	0.0	0.0	0.0	0.0	0.0	0.0	0.2857143	0.0	0.0	0.0	0.0	0.0	0.0	0.0	0.5714286	0.14285715	0.0	7.0	"INC"	2	0.0	0.0	0.0			0.48
33		"BJP"	"Male"	"Ramnarayan Amtharam Barot"									41	51	8	14	26	42	2011			"6326"		"INC"	"2832"	66.979	57.219	67.467	63.784		64.227	65.424	73.653	64.969	53.243	57.345	48.763	62.378	56.132					63.33		131		0	0	0	0	0	0	0	0	0	0	0	0	1	0	0	0	0	0	0	0	0	0	0	0	0	0	0	3	0	0	0	0		0	0	0	0	0	0	0	0	0	0	0	0	0	0	0	0	0	0	0	0	0	0	0	0	1	0	0	0	0	0	0	0	0	0	0	0	0	0	0	0	0	0	0	0	0	0	0	0	0	0	2007.0	463.0	"P/N"	0.48	0.0		0.0			1.0		0.8039216	0.5714286	0.82417583				14.0	0.6402655916528338	0.2	0.0	0.0	0.0	0.2	0.0	0.0	0.0	0.0	0.0	0.0	0.0	0.0	0.0	0.6	0.0	0.0	5.0	"BJP"	1	0.0	0.0	0.0	1.0	0.0	0.0
33		"BJP"	"Male"	"Ramnarayan Amtharam Barot"	67	"L.C.E.H. (Mumbai)"		"Yes"	0		4733390.0		68	70	8	17	34	41	2013			"9057"		"MNS"	"4045"	85.58	37.384	67.202	80.528	79.515	68.463	66.561	86.273	82.223	34.562	44.859	38.315	65.318	61.74	0.0	94.2	66.543335	79.2475	99.0825	75.2325			0	1	0	0	0	0	0	0	0	0	1	0	0	0	0	0	3	0	0	1	0	0	0	0	0	0	0	0	0	0	0	0		1	0	3	0	0	0	0	0	0	0	0	0	0	0	0	0	0	0	0	0	0	0	0	0	0	0	0	0	0	0	1	0	1	0	0	0	0	0	0	0	0	0	0	0	0	0	0	1	0	0	2012.0	464.0	"P/N"	0.48	0.0	"OBC"	0.0	"OBC"	2	1.0	0.0	0.9714286	0.47058824	0.90909094	0.78889835	1.0	1.0	11.538461538461538	4.529196293902175	0.0	0.0	0.0	0.30769232	0.0	0.07692308	0.30769232	0.0	0.07692308	0.07692308	0.0	0.0	0.07692308	0.0	0.0	0.0	0.07692308	13.0	"BJP"	1	0.0	0.0	0.0	1.0	0.0	0.0
33		"BJP"	"Male"	"Ramnarayan Amtharam Barot"	68	"L.C.E.H. (Mumbai)"		"Yes"	0		9890000.0		64	65	8	13	28	36	2014							67.694	58.363	52.091	77.082	65.817	67.688	73.486	84.368	81.387	55.824	60.639	65.176	60.916	59.249	28.0	45.0	62.336666	70.8	64.4975	66.835			0	1	0	0	0	0	0	0	0	1	0	0	0	0	0	0	1	0	0	0	0	0	0	0	0	0	0	0	0	0	0	0		0	0	0	0	0	0	0	0	0	0	0	1	0	0	0	0	0	0	0	0	0	0	0	0	0	0	0	0	0	2	4	0	0	0	0	0	0	0	0	0	0	0	0	0	0	0	2	0	0	0	2012.0	464.0	"P/N"	0.48	0.0	"OBC"	0.0	"OBC"	2	1.0	0.0	0.9846154	0.61538464	0.9433962	0.82416666	1.0	1.0	10.5	1.3553994082840235	0.0	0.0	0.16666667	0.0	0.0	0.5	0.25	0.0	0.0	0.0	0.0	0.083333336	0.0	0.0	0.0	0.0	0.0	12.0	"BJP"	1	0.0	0.0	0.0	1.0	0.0	0.0
33		"BJP"	"Male"	"Ramnarayan Amtharam Barot"	69	"L.C.E.H. (Mumbai)"		"Yes"	0		3151000.0		49	79	11	16	41	65	2015							60.689	47.108	46.874	62.699	62.126	71.006	72.987	84.335	85.179	54.621	46.566	51.582	66.871	57.625	37.1	77.8	60.726665	67.1525	74.975	48.585			0	1	0	0	0	0	0	0	0	0	1	0	0	0	0	0	0	0	0	0	0	0	0	0	0	0	0	0	0	0	0	0		0	0	0	0	0	0	0	0	0	0	0	0	0	0	0	0	0	0	0	0	0	0	0	0	0	0	0	0	1	0	0	1	1	0	0	0	0	0	0	0	0	0	0	0	0	0	1	5	0	0	2012.0	464.0	"P/N"	0.48	0.0	"OBC"	0.0	"OBC"	2	1.0	0.0	0.62025315	0.6875	0.74264705	0.5251667	1.0	1.0	7.636363636363637	3.773769849049206	0.0	0.0	0.09090909	0.0	0.0	0.18181819	0.09090909	0.0	0.09090909	0.0	0.0	0.0	0.45454547	0.0	0.0	0.0	0.09090909	11.0	"BJP"	1	0.0	0.0	0.0	1.0	0.0	0.0
33		"BJP"	"Male"	"Ramnarayan Amtharam Barot"	70	"L.C.E.H. (Mumbai)"		"Yes"	0		5796109.0		61	74	8	14	12	20	2016							68.332	57.334	58.097	73.356	59.852	77.324	80.232	79.839	76.635	62.441	60.911	59.845	69.612	73.652	9.9	19.8	52.16	72.135	65.5725	63.1875			0	0	0	0	0	0	0	0	0	0	0	0	0	0	0	0	0	0	0	0	1	0	0	0	0	0	0	0	0	1	0	0		0	0	0	0	0	0	0	0	0	0	0	0	0	0	0	0	0	0	0	0	0	0	0	0	0	0	0	0	1	0	0	1	0	0	0	0	0	0	0	0	0	0	0	1	0	0	0	2	0	0	2012.0	464.0	"P/N"	0.48	0.0	"OBC"	0.0	"OBC"	2	1.0	0.0	0.8243243	0.5714286	0.81	0.48300907	1.0	1.0	11.142857142857142	0.604110442183932	0.0	0.0	0.0	0.0	0.0	0.2857143	0.0	0.0	0.0	0.0	0.14285715	0.0	0.2857143	0.14285715	0.0	0.0	0.14285715	7.0	"BJP"	1	0.0	0.0	0.0	1.0	0.0	0.0
33	"OBC"	"INC"	"Male"	"Virendra Tukaram Choudhary"	51	"SSC"		"Yes"	0		5016107.5		98	102	13	15	12	16	2018		24657	"5232"		"BJP"	"2542"	72.266	67.684	80.197	84.322		85.972	80.777	84.091	70.326	71.768	70.36	75.388	77.897	74.446	13.7	61.7	53.96	51.775	82.0425	68.8125		53.157	0	3	0	0	0	0	0	0	0	3	0	0	4	0	0	0	1	0	0	0	0	0	0	1	0	0	0	3	0	2	0	1	1	0	0	0	0	0	0	0	0	0	0	0	0	0	0	0	0	1	1	0	0	0	0	0	0	0	0	0	1	3	4	0	1	0	0	0	0	0	0	0	0	0	0	0	0	0	0	0	0	0	0	2017.0	465.0	"P/N"	0.48	0.0		0.0	"OBC"	2	1.0	0.0	0.9607843	0.8666667	0.95348835	0.8360179	0.0	1.0	15.047	3.9764409221902013	0.13333334	0.0	0.0	0.0	0.0	0.26666668	0.3	0.0	0.0	0.0	0.1	0.0	0.0	0.0	0.1	0.06666667	0.033333335	30.0	"INC"	2	0.0	0.0	0.0			0.0
34	"W"	"MNS"	"Female"	"Vanita Manohar Ghag"									46	51	13	14	17	28	2011			"7535"		"SS"	"1253"	52.11	47.877	44.862	45.176		53.414	55.543	70.011	52.949	43.403	45.156	48.864	53.325	55.695					79.7175		119		0	0	0	0	0	0	0	0	0	0	1	0	0	0	0	0	0	0	0	0	0	0	0	0	0	0	0	0	0	0	0	0		0	0	1	0	0	0	0	0	0	0	0	0	0	0	0	0	0	0	0	0	0	0	0	0	0	0	0	0	0	0	0	0	0	0	0	0	0	0	0	0	0	0	0	0	0	0	0	3	0	0	2007.0	466.0	"P/N"	0.48	1.0		1.0	"G"	1	0.0		0.9019608	0.9285714	0.9268293				6.0	0.7137775669907517	0.0	0.0	0.0	0.2	0.0	0.0	0.0	0.0	0.2	0.0	0.0	0.0	0.6	0.0	0.0	0.0	0.0	5.0	"MNS"	3	0.0	0.0	0.0	1.0	1.0	0.48
34		"SS"	"Male"	"Sunil Daulat Gujar"	50	"SSC"		"Yes"	2		5489175.0		66	70	15	17	25	25	2013			"9921"		"Congress"	"2880"	56.549	53.16	61.963	74.304	76.044	72.86	68.852	76.217	72.861	60.097	63.866	63.723	61.629	56.535	24.8	34.9	68.42667	74.415	53.065	73.81			0	0	0	0	0	0	0	0	0	0	0	0	0	0	0	1	1	1	0	0	0	0	0	0	0	0	0	3	0	0	0	0		1	0	1	0	0	0	0	0	0	0	0	0	0	0	0	0	0	0	0	0	0	0	1	0	0	0	0	0	0	0	0	0	0	0	0	0	0	0	0	0	0	0	0	0	0	0	0	2	0	0	2012.0	467.0	"P/N"	0.48	0.0	"G"	0.0	"G"	1	0.0	1.0	0.94285715	0.88235295	0.9464286	0.9148625	0.0	1.0	15.636363636363637	0.9437621202327084	0.0	0.0	0.0	0.18181819	0.09090909	0.0	0.18181819	0.09090909	0.0	0.0	0.0	0.0	0.18181819	0.0	0.27272728	0.0	0.0	11.0	"SS"	5	1.0	0.0	0.0	1.0	0.0	0.0
34		"SS"	"Male"	"Sunil Daulat Gujar"	51	"SSC"		"Yes"	2		1.1753E7		64	65	10	13	14	14	2014							57.778	52.22	55.671	66.149	57.873	65.194	65.458	82.947	71.385	58.301	60.29	67.082	64.784	62.107	23.2	31.4	51.013332	57.42	59.255	63.6625			0	1	0	0	0	0	0	0	0	0	0	0	0	0	0	0	0	0	0	0	0	0	0	0	0	0	0	1	0	0	0	0		0	0	0	0	0	0	0	0	0	0	0	0	0	0	0	0	0	0	0	0	0	1	0	0	0	0	0	0	0	0	0	0	0	0	0	0	0	0	0	0	0	0	0	0	0	0	0	1	0	0	2012.0	467.0	"P/N"	0.48	0.0	"G"	0.0	"G"	1	0.0	1.0	0.9846154	0.7692308	0.95652175	0.97941667	0.0	1.0	11.5	6.120562130177515	0.0	0.25	0.0	0.0	0.0	0.0	0.25	0.0	0.0	0.0	0.0	0.0	0.25	0.0	0.25	0.0	0.0	4.0	"SS"	5	1.0	0.0	0.0	1.0	0.0	0.0
34		"SS"	"Male"	"Sunil Daulat Gujar"	52	"SSC"		"Yes"	2		4780000.0		74	79	16	16	30	34	2015							59.537	52.059	39.837	63.18	54.505	58.091	64.95	71.976	61.567	46.303	45.117	53.179	62.488	63.324	35.0	45.5	47.43667	65.74	71.655	53.4375			0	1	0	0	0	0	0	0	0	0	0	0	0	0	0	1	0	0	0	0	0	0	0	0	0	0	0	1	0	0	1	0	1	0	0	0	0	0	0	0	0	0	0	0	0	0	0	0	0	0	0	0	0	0	0	0	0	0	0	0	0	0	0	0	0	0	0	0	0	0	0	0	0	0	0	0	0	0	0	0	0	0	0	2012.0	467.0	"P/N"	0.48	0.0	"G"	0.0	"G"	1	0.0	1.0	0.93670887	1.0	0.96	0.7966667	0.0	1.0	14.6	6.081650656733974	0.0	0.0	0.0	0.0	0.0	0.0	0.4	0.0	0.0	0.0	0.2	0.0	0.0	0.0	0.2	0.2	0.0	5.0	"SS"	5	1.0	0.0	0.0	1.0	0.0	0.0
34		"SS"	"Male"	"Sunil Daulat Gujar"	53	"SSC"		"Yes"	2		6441024.0		71	74	11	14	24	31	2016							71.897	56.839	70.342	78.205	63.065	74.702	77.952	78.977	74.36	58.526	63.685	63.665	73.335	75.72	16.2	47.0	64.38	75.7	81.54	73.8925			0	0	0	0	0	0	0	0	0	0	0	0	0	0	0	0	0	0	0	0	0	0	0	0	0	0	0	1	0	1	0	0	1	0	0	0	0	0	0	0	0	0	0	0	0	0	0	0	0	0	0	0	0	0	0	0	0	0	0	0	0	0	0	0	0	0	0	0	0	0	0	0	0	0	0	0	0	0	0	0	0	0	0	2012.0	467.0	"P/N"	0.48	0.0	"G"	0.0	"G"	1	0.0	1.0	0.9594595	0.78571427	0.9464286	0.536752	0.0	1.0	8.0	3.950591654556778	0.0	0.0	0.0	0.0	0.0	0.0	0.0	0.0	0.0	0.0	0.33333334	0.0	0.0	0.0	0.33333334	0.33333334	0.0	3.0	"SS"	5	1.0	0.0	0.0	1.0	0.0	0.0
34	"W"	"INC"	"Female"	"Qumarjahan Mohammed Moin Siddiqi"	52	"Graduate"		"Yes"	0		5002355.0		79	102	14	15	109	152	2018		24354	"10500"		"SS"	"6305"	76.458	68.312	69.948	66.56		65.839	68.977	81.66	69.511	67.478	68.329	68.535	66.781	72.904	97.6	31.6	78.99	49.5125	74.395	73.9025		77.708	0	1	0	0	0	0	2	0	0	0	0	0	0	0	0	0	0	0	0	0	0	0	0	0	0	0	0	7	0	2	1	3		0	0	0	0	0	0	0	0	0	0	0	0	0	0	0	0	0	0	1	0	0	0	0	2	0	0	0	0	1	4	0	0	0	0	0	0	0	0	0	0	0	0	0	0	1	0	0	3	0	0	2017.0	468.0	"P/N"	0.48	1.0		1.0	"G"	1	0.0	0.0	0.7745098	0.93333334	0.8938053	0.8337258	1.0	1.0	13.447	4.075930334544543	0.0	0.035714287	0.0	0.0	0.071428575	0.17857143	0.10714286	0.0	0.0	0.0	0.10714286	0.035714287	0.10714286	0.0	0.25	0.10714286	0.0	28.0	"INC"	2	0.0	0.0	0.0			0.48
35		"INC"	"Male"	"Bhomsingh Rathod "									20	51	5	14	8	32	2011			"6537"		"SS"	"1712"	64.301	61.968	55.031	60.88		66.589	69.497	79.559	68.073	58.152	58.264	56.495	63.567	57.549					78.185		121		0	0	0	0	0	0	0	0	0	0	0	0	0	0	0	0	0	0	0	1	0	0	0	0	0	0	0	0	0	0	0	0		0	0	0	0	0	0	0	0	0	0	0	0	0	0	0	0	0	0	0	0	0	0	0	0	0	0	0	0	0	0	0	0	0	0	0	0	0	0	0	0	0	0	0	0	0	0	0	0	0	0	2007.0	469.0	"P/N"	0.48	0.0		0.0			1.0		0.39215687	0.35714287	0.4520548				6.0	0.0	0.0	0.0	0.0	0.0	0.0	0.0	0.0	0.0	0.0	1.0	0.0	0.0	0.0	0.0	0.0	0.0	0.0	1.0	"INC"	2	0.0	0.0	0.0	1.0	0.0	0.0
35		"INC"	"Male"	"Bhomsingh Hirsingh Rathod"	56	"Matriculation"		"Yes"	1		5809758.5		35	70	13	17	16	47	2013			"7332"		"RPFI(A)"	"788"	71.455	37.131	56.559	72.277	68.045	59.725	57.737	77.646	73.174	33.051	42.58	41.065	57.949	55.813	76.3	78.5	66.246666	77.8125	92.14	69.22			0	1	0	0	0	0	1	0	0	0	0	0	0	0	0	0	0	0	0	0	0	0	0	0	0	0	0	1	0	0	0	0	1	1	0	0	0	0	0	0	0	0	0	0	0	0	0	0	0	0	0	0	0	0	0	1	0	1	0	0	0	0	0	0	0	0	0	0	0	0	0	0	0	0	0	0	0	0	0	0	0	0	0	2012.0	470.0	"P/N"	0.48	0.0	"G"	0.0	"G"	1	0.0	1.0	0.5	0.7647059	0.6213592	0.9682931	1.0	1.0	14.0	4.678948502477914	0.0	0.0	0.0	0.14285715	0.2857143	0.0	0.2857143	0.0	0.0	0.0	0.0	0.0	0.0	0.0	0.14285715	0.14285715	0.0	7.0	"INC"	2	0.0	0.0	0.0	1.0	0.0	0.0
35		"INC"	"Male"	"Bhomsingh Hirsingh Rathod"	57	"Matriculation"		"Yes"	1		1.1069E7		24	65	7	13	9	29	2014							59.202	54.155	57.701	71.033	55.103	62.811	67.315	81.837	70.883	62.586	62.048	64.173	67.29	67.567	15.8	35.3	54.263332	66.13	58.9475	60.7425			0	0	0	0	0	0	0	0	0	0	0	0	0	0	0	0	0	0	0	0	0	0	0	0	0	0	0	0	0	0	0	0		0	0	0	0	0	0	0	0	0	0	0	0	0	0	0	0	0	0	0	0	0	0	0	0	0	0	0	0	0	0	0	0	0	0	0	0	0	0	0	0	0	0	0	0	0	0	0	0	0	0	2012.0	470.0	"P/N"	0.48	0.0	"G"	0.0	"G"	1	0.0	1.0	0.36923078	0.53846157	0.4597701	0.9224167	1.0	1.0	0.0	0.0																		0.0	"INC"	2	0.0	0.0	0.0	1.0	0.0	0.0
35		"INC"	"Male"	"Bhomsingh Hirsingh Rathod"	58	"Matriculation"		"Yes"	1		4237000.0		35	79	5	16	78	181	2015							53.327	36.652	35.412	62.3	58.179	59.618	67.23	81.642	79.66	34.768	32.706	43.611	52.759	54.837	18.0	70.8	58.253334	64.74	70.13	58.64			0	0	0	0	0	0	0	0	0	0	0	0	1	0	0	0	0	0	0	0	0	0	0	0	0	0	0	0	0	0	0	0	1	0	0	0	0	0	0	0	0	0	0	0	0	0	0	0	0	0	0	0	0	0	0	0	0	0	0	0	0	0	0	0	0	0	0	0	0	0	0	0	0	0	0	0	0	0	0	0	0	0	0	2012.0	470.0	"P/N"	0.48	0.0	"G"	0.0	"G"	1	0.0	1.0	0.443038	0.3125	0.6820809	0.7061667	1.0	1.0	14.0	0.9115859635365614	0.5	0.0	0.0	0.0	0.0	0.0	0.0	0.0	0.0	0.0	0.0	0.0	0.0	0.0	0.0	0.5	0.0	2.0	"INC"	2	0.0	0.0	0.0	1.0	0.0	0.0
35		"INC"	"Male"	"Bhomsingh Hirsingh Rathod"	59	"Matriculation"		"Yes"	1		7251081.0		33	74	11	14	75	154	2016	1						48.722	35.224	46.127	68.192	46.201	50.807	59.55	77.482	80.002	56.82	54.316	56.01	64.306	65.407	48.6	56.8	71.473335	77.1775	89.9975	71.1925			0	0	0	0	0	0	0	0	0	0	0	0	0	0	0	1	0	0	0	0	0	0	0	0	0	0	0	0	0	0	0	0	2	0	0	0	0	0	0	0	0	0	0	0	0	0	0	0	0	0	0	0	0	0	0	0	0	0	0	0	0	0	0	0	0	0	0	0	0	0	0	0	0	0	0	0	0	0	0	0	1	0	0	2012.0	470.0	"P/N"	0.48	0.0	"G"	0.0	"G"	1	0.0	1.0	0.44594595	0.78571427	0.73006135	0.60425675	1.0	1.0	15.5	0.9902428897654142	0.0	0.0	0.0	0.0	0.0	0.0	0.25	0.0	0.0	0.0	0.0	0.0	0.25	0.0	0.0	0.5	0.0	4.0	"INC"	2	0.0	0.0	0.0	1.0	0.0	0.0
35	"W"	"BJP"	"Female"	"Sejal Prashant Desai"	44	"Under Graduate"		"Yes"	0		5028565.5		78	102	11	15	12	18	2018		27355	"13751"		"Congress"	"7973"	71.713	73.866	69.874	73.443		66.775	65.155	70.225	58.802	47.31	46.05	48.702	50.922	49.773	52.6	46.0	59.676666	33.9725	89.17	60.2775		57.5	0	2	0	0	0	0	0	0	0	3	1	0	3	0	0	1	2	0	0	0	0	1	0	0	0	0	0	1	0	2	0	0	1	0	0	0	0	0	0	0	0	0	0	0	0	0	0	0	0	0	0	0	0	0	0	0	0	1	0	0	0	0	0	0	0	0	0	0	0	0	0	0	0	0	0	0	0	0	0	0	0	0	0	2017.0	471.0	"P/N"	0.48	1.0		1.0	"G"	1	0.0	0.0	0.7647059	0.73333335	0.78294575	0.83809423	1.0	1.0	14.7955	4.761990531082749	0.16666667	0.0	0.0	0.0	0.055555556	0.0	0.44444445	0.0	0.055555556	0.0	0.11111111	0.0	0.0	0.0	0.055555556	0.055555556	0.055555556	18.0	"BJP"	1	0.0	0.0	0.0			0.48
36	"W"	"NCP"	"Female"	"Vidya Ajit Chavan"									39	51	10	14	13	16	2011			"4808"		"SS"	"510"	73.396	51.95	70.655	70.091		70.115	69.038	72.086	68.853	48.132	44.162	37.856	67.485	59.014					71.07		125		0	2	0	0	0	0	0	0	0	0	0	0	0	0	0	2	0	0	0	0	0	0	0	0	0	0	0	0	0	1	2	0		0	0	0	0	0	0	0	0	0	0	0	0	0	0	0	0	0	0	0	0	0	0	0	0	0	0	0	0	2	0	0	0	0	0	0	0	0	0	0	0	0	0	0	0	0	0	1	1	0	0	2007.0	472.0	"P/N"	0.48	1.0		1.0	"G"	1	0.0		0.7647059	0.71428573	0.7948718				13.90909090909091	4.844202039364477	0.0	0.0	0.09090909	0.0	0.0	0.18181819	0.36363637	0.0	0.0	0.0	0.27272728	0.0	0.09090909	0.0	0.0	0.0	0.0	11.0	"NCP"	4	0.0	0.0	0.0	1.0	1.0	0.48
36		"SS"	"Male"	"Prashant Dashrath Kadam"	37	"Upto Twelfth"		"Yes"	2		5296762.0		69	70	16	17	13	18	2013			"6929"		"NCP"	"2009"	86.969	83.377	83.4	81.02	77.526	77.258	76.069	78.206	73.712	61.506	58.693	58.426	60.591	62.419	0.0	18.5	67.84	84.5275	87.51	77.045			0	0	0	0	0	0	0	0	0	0	0	0	0	0	0	0	0	0	0	0	0	0	0	0	0	0	0	2	0	0	0	0		0	0	0	0	0	0	0	0	0	0	0	0	0	0	0	0	0	0	0	0	0	0	0	0	0	0	0	0	0	0	0	0	0	0	0	0	0	0	0	0	0	0	0	0	0	0	0	2	0	0	2012.0	473.0	"P/N"	0.48	0.0	"G"	0.0	"G"	1	0.0	1.0	0.98571426	0.9411765	0.98	0.88279366	0.0	1.0	14.0	0.9416074121956475	0.0	0.0	0.0	0.0	0.0	0.0	0.0	0.0	0.0	0.0	0.0	0.0	0.5	0.0	0.5	0.0	0.0	4.0	"SS"	5	1.0	0.0	0.0	1.0	0.0	0.0
36		"SS"	"Male"	"Prashant Dashrath Kadam"	38	"Upto Twelfth"		"Yes"	2		9213000.0		59	65	12	13	8	17	2014							60.61	63.347	60.444	69.309	59.011	66.607	68.529	78.303	74.087	63.212	62.784	64.631	62.526	68.96	13.0	34.5	56.943333	58.9425	51.685	61.65			0	0	0	0	0	0	0	0	0	0	1	0	0	0	0	0	0	0	0	0	0	0	0	0	0	0	0	0	0	0	0	0		0	0	0	0	0	0	0	0	0	0	0	0	0	0	0	0	0	0	0	0	0	0	0	0	0	0	0	0	0	0	0	0	0	0	0	0	0	0	0	0	0	0	0	0	0	0	0	5	0	0	2012.0	473.0	"P/N"	0.48	0.0	"G"	0.0	"G"	1	0.0	1.0	0.9076923	0.9230769	0.9186047	0.76775	0.0	1.0	6.0	0.5676775147928994	0.0	0.0	0.0	0.0	0.0	0.0	0.0	0.0	0.16666667	0.0	0.0	0.0	0.8333333	0.0	0.0	0.0	0.0	6.0	"SS"	5	1.0	0.0	0.0	1.0	0.0	0.0
36		"SS"	"Male"	"Prashant Dashrath Kadam"	39	"Upto Twelfth"		"Yes"	2		5796000.0		72	79	16	16	13	24	2015							51.494	37.136	47.365	62.558	49.841	61.035	72.213	80.447	79.17	59.378	58.31	56.251	66.875	65.647	45.5	80.7	72.433334	75.1	78.5825	68.2375			0	1	0	0	0	0	0	0	0	0	0	0	0	0	0	0	0	0	0	0	0	1	0	0	0	0	0	0	0	0	0	0	1	0	0	0	0	0	0	0	0	0	0	0	0	0	0	0	0	0	0	0	0	0	0	0	0	0	0	0	0	0	0	0	0	0	0	0	0	0	0	0	0	0	0	0	0	0	0	0	1	0	0	2012.0	473.0	"P/N"	0.48	0.0	"G"	0.0	"G"	1	0.0	1.0	0.9113924	1.0	0.9351852	0.966	0.0	1.0	11.5	3.3307194667712214	0.0	0.0	0.0	0.0	0.0	0.0	0.25	0.0	0.0	0.0	0.0	0.0	0.25	0.0	0.0	0.25	0.25	4.0	"SS"	5	1.0	0.0	0.0	1.0	0.0	0.0
36		"SS"	"Male"	"Prashant Dashrath Kadam"	40	"Upto Twelfth"		"Yes"	2	1	5593543.5		66	74	13	14	12	18	2016							65.45	59.478	66.671	74.087	69.469	77.042	74.703	78.639	76.893	57.386	66.135	66.878	68.721	69.85	0.0	5.3	53.023335	66.51	58.6375	67.4975			0	0	0	0	0	0	0	0	0	0	0	0	0	0	0	0	0	0	0	0	0	0	0	0	0	0	0	1	0	0	0	0		0	0	0	0	0	0	0	0	0	0	0	0	0	0	0	0	0	0	0	0	0	0	0	0	0	0	0	0	0	0	2	0	0	0	0	0	0	0	0	0	0	0	0	0	0	0	0	1	0	0	2012.0	473.0	"P/N"	0.48	0.0	"G"	0.0	"G"	1	0.0	1.0	0.8918919	0.9285714	0.91	0.46612862	0.0	1.0	10.5	2.543076603695246	0.0	0.0	0.0	0.0	0.0	0.5	0.0	0.0	0.0	0.0	0.0	0.0	0.25	0.0	0.25	0.0	0.0	4.0	"SS"	5	1.0	0.0	0.0	1.0	0.0	0.0
36	"W"	"BJP"	"Female"	"Daksha Jagdish Patel"	52	"Graduate"		"Yes"	0		4652446.5		94	102	15	15	11	14	2018		24325	"11692"		"SS"	"1640"	84.339	70.533	76.248	67.75		71.343	59.418	64.248	61.627	55.014	49.67	49.228	49.701	49.695	94.2	97.8	88.33667	41.1425	82.5075	64.3275		49.718	0	1	0	0	0	0	0	0	0	1	0	0	1	0	0	0	0	0	0	0	0	0	0	0	0	0	0	1	0	1	0	1	1	0	0	1	0	0	1	0	0	0	0	0	0	0	0	0	0	0	0	0	0	0	0	0	0	0	0	1	0	0	0	0	0	0	0	0	0	0	0	0	0	0	0	0	0	0	0	0	7	0	1	2017.0	474.0	"P/N"	0.48	1.0		1.0	"G"	1	0.0	0.0	0.92156863	1.0	0.9375	0.77540773	1.0	1.0	12.738	5.182431041580896	0.055555556	0.0	0.0	0.055555556	0.0	0.0	0.11111111	0.0	0.0	0.055555556	0.055555556	0.055555556	0.3888889	0.0	0.11111111	0.11111111	0.0	18.0	"BJP"	1	0.0	0.0	0.0			0.48
37		"SS"	"Male"	"Sadashiv Dadu Patil"									43	51	12	14	11	13	2011			"7330"		"INC"	"2709"	71.659	68.634	67.941	75.409		73.927	67.109	87.862	73.809	65.182	68.496	66.182	69.483	66.847					62.2575		126		0	1	0	0	0	0	0	0	0	0	0	0	0	0	0	0	0	0	0	0	0	0	0	0	0	0	0	6	0	0	0	0		0	0	0	0	0	0	0	0	0	0	1	0	0	0	0	0	0	0	0	0	0	0	0	0	0	0	0	0	0	0	0	0	0	0	0	0	0	0	0	0	0	0	0	0	0	0	0	18	0	0	2007.0	475.0	"P/N"	0.48	0.0		0.0			1.0		0.84313726	0.85714287	0.8684211				10.846153846153845	2.0451234797926756	0.0	0.0	0.0	0.0	0.0	0.0	0.03846154	0.0	0.0	0.0	0.0	0.03846154	0.6923077	0.0	0.23076923	0.0	0.0	26.0	"SS"	5	1.0	0.0	0.0	1.0	0.0	0.0
37	"W"	"SS"	"Female"	"Manisha Sadashiv Patil"	40	"Fifth"		"Yes"	0		5149634.0		65	70	14	17	14	19	2013			"10019"		"Congress"	"2613"	70.634	73.088	68.102	75.324	71.413	69.412	69.628	70.669	72.321	68.668	67.724	68.662	66.86	68.917	64.2	72.6	70.746666	84.885	84.8525	81.4675			0	0	0	0	0	0	0	0	0	0	0	0	0	0	0	0	0	0	0	0	0	0	0	0	0	0	0	1	0	0	0	0		0	0	2	0	0	0	0	0	0	0	0	0	0	0	0	0	0	0	0	0	0	0	0	0	0	0	0	0	0	0	0	0	0	0	0	0	0	0	0	0	0	0	0	0	0	0	0	2	0	0	2012.0	476.0	"P/N"	0.48	1.0	"W"	1.0	"G"	1	0.0	0.0	0.9285714	0.8235294	0.9207921	0.8582723	0.0	1.0	9.6	0.9416074121956475	0.0	0.0	0.0	0.4	0.0	0.0	0.0	0.0	0.0	0.0	0.0	0.0	0.4	0.0	0.2	0.0	0.0	5.0	"SS"	5	1.0	0.0	0.0	1.0	1.0	0.48
37	"W"	"SS"	"Female"	"Manisha Sadashiv Patil"	41	"Fifth"		"Yes"	0		1.0243E7		42	65	9	13	10	14	2014							59.206	62.628	56.719	63.043	58.003	58.026	62.57	76.768	71.396	61.471	61.417	65.067	62.462	60.511	18.0	24.0	50.743332	59.6625	53.705	62.52			0	0	0	0	0	0	0	0	0	0	0	0	0	0	0	0	0	0	0	0	0	0	0	0	0	0	0	0	0	0	0	0		0	0	0	0	0	0	0	0	0	0	0	0	0	0	0	0	0	0	0	0	0	0	0	0	0	0	0	0	0	1	0	0	0	0	0	0	0	0	0	0	0	0	0	0	0	0	0	0	0	0	2012.0	476.0	"P/N"	0.48	1.0	"W"	1.0	"G"	1	0.0	0.0	0.64615387	0.6923077	0.6931818	0.85358334	0.0	1.0	6.0	0.035133136094674555	0.0	0.0	0.0	0.0	0.0	1.0	0.0	0.0	0.0	0.0	0.0	0.0	0.0	0.0	0.0	0.0	0.0	1.0	"SS"	5	1.0	0.0	0.0	1.0	1.0	0.48
37	"W"	"SS"	"Female"	"Manisha Sadashiv Patil"	42	"Fifth"		"Yes"	0		5202000.0		16	79	6	16	6	19	2015							84.388	77.211	80.241	75.488	76.919	73.088	73.49	70.544	70.868	68.77	70.567	69.891	70.86	67.004	1.2	2.3	55.893333	77.9775	63.1125	69.0525			0	0	0	0	0	0	0	0	0	0	0	0	0	0	0	0	0	0	0	0	0	0	0	0	0	0	0	0	0	0	0	0		0	0	0	0	0	0	0	0	0	0	0	0	0	0	0	0	0	0	0	0	0	0	0	0	0	0	0	0	0	0	0	0	0	0	0	0	0	0	0	0	0	0	0	0	0	0	0	0	0	0	2012.0	476.0	"P/N"	0.48	1.0	"W"	1.0	"G"	1	0.0	0.0	0.20253165	0.375	0.27722773	0.867	0.0	1.0	0.0	0.0																		0.0	"SS"	5	1.0	0.0	0.0	1.0	1.0	0.48
37	"W"	"SS"	"Female"	"Manisha Sadashiv Patil"	43	"Fifth"		"Yes"	0		5430445.5		50	74	4	14	8	17	2016							66.99	50.313	47.928	73.754	52.609	75.936	78.122	90.83	91.871	63.853	64.376	64.805	71.865	64.588	2.1	2.1	62.506668	72.1075	78.3875	68.4925			0	0	0	0	0	0	0	0	0	0	0	0	0	0	0	0	0	0	0	0	0	0	0	0	0	0	0	0	0	0	0	0		0	0	0	0	0	0	0	0	0	0	0	0	0	0	0	0	0	0	0	0	0	0	0	0	0	0	0	0	0	0	0	0	0	0	0	0	0	0	0	0	0	0	0	0	0	0	0	0	0	0	2012.0	476.0	"P/N"	0.48	1.0	"W"	1.0	"G"	1	0.0	0.0	0.6756757	0.2857143	0.6458333	0.45253712	0.0	1.0	0.0	0.0																		0.0	"SS"	5	1.0	0.0	0.0	1.0	1.0	0.48
37	"W"	"BJP"	"Female"	"Pratibha Hemant Shinde"	43	"Graduate"		"Yes"	0		5444676.0		88	102	13	15	14	15	2018		27638	"7815"		"SS"	"1452"	71.09	45.106	47.375	59.571		69.735	77.065	98.555	94.329	40.462	58.244	63.976	70.807	71.377	69.8	38.7	66.03	50.815	91.6325	40.07		69.952	0	0	0	0	0	0	1	0	0	0	0	0	0	0	0	0	1	0	0	0	0	0	0	0	0	1	0	1	0	0	0	1	2	0	0	0	0	0	0	0	0	0	0	0	0	0	0	0	0	0	0	0	0	0	0	0	0	0	0	0	0	0	0	0	0	0	0	0	0	0	0	0	0	0	0	0	0	0	0	0	0	0	0	2017.0	477.0	"P/N"	0.48	1.0		1.0	"G"	1	0.0	0.0	0.8627451	0.8666667	0.8778626	0.907446	1.0	1.0	7.004	4.556916426512968	0.0	0.0	0.0	0.0	0.0	0.0	0.2857143	0.0	0.0	0.0	0.14285715	0.0	0.0	0.0	0.14285715	0.42857143	0.0	7.0	"BJP"	1	0.0	0.0	0.0			0.48
38		"NCP"	"Male"	"Ajit Balkrishna Raorane"									28	51	10	14	1	1	2011			"4297"		"IND"	"279"	67.78	66.186	66.506	66.899		69.299	67.964	72.251	69.482	64.472	62.946	64.151	63.874	64.133					71.68		121		0	0	0	0	0	0	0	0	0	1	1	0	0	0	0	0	2	0	0	0	0	0	0	0	0	0	0	0	0	0	1	0		0	0	0	0	0	0	0	0	0	0	0	1	0	0	0	0	0	0	0	0	0	0	0	1	1	0	0	0	0	0	0	0	0	0	0	0	0	0	0	0	0	0	0	1	0	0	0	1	0	0	2007.0	478.0	"P/N"	0.48	0.0		0.0			1.0		0.54901963	0.71428573	0.59090906				14.4	0.9105999525729191	0.0	0.0	0.0	0.0	0.2	0.0	0.3	0.0	0.1	0.0	0.1	0.1	0.1	0.1	0.0	0.0	0.0	10.0	"NCP"	4	0.0	0.0	0.0	1.0	0.0	0.0
38	"?"	"NCP"	"Female"	"Rupali Ajit Raorane"	32	"HSC"		"Yes"	0		5834907.5		34	70	11	17	15	36	2013			"8811"		"MNS"	"3358"	79.975	88.089	84.849	82.487	78.85	80.119	79.634	78.221	79.398	79.64	81.04	80.796	80.007	81.736	93.0	95.8	95.41333	96.325	54.09	91.9275			0	0	0	0	0	0	0	1	0	0	0	0	0	0	0	0	0	0	0	0	0	0	0	0	0	0	0	1	0	0	0	1		0	0	2	0	0	0	0	0	0	0	0	0	0	0	0	0	0	0	0	0	0	0	0	0	0	0	0	0	0	0	0	0	0	0	0	0	0	0	0	0	0	0	0	0	0	0	0	1	0	0	2012.0	479.0	"P/N"	0.48	1.0	"W"	1.0	"G"	1	0.0	0.0	0.4857143	0.64705884	0.5882353	0.9724846	0.0	1.0	12.0	0.986856280973928	0.0	0.0	0.0	0.33333334	0.0	0.0	0.16666667	0.0	0.0	0.0	0.0	0.0	0.16666667	0.0	0.16666667	0.16666667	0.0	6.0	"NCP"	4	0.0	0.0	0.0	1.0	1.0	0.48
38	"?"	"NCP"	"Female"	"Rupali Ajit Raorane"	33	"HSC"		"Yes"	0		1.1987E7		45	65	9	13	14	28	2014							59.346	57.974	55.181	72.264	56.419	71.464	73.367	83.426	81.072	52.63	54.789	58.288	62.286	62.336	3.6	21.3	51.493332	60.925	61.2675	70.0125			0	2	0	0	0	0	0	1	0	1	1	0	0	0	0	0	0	0	0	0	0	1	0	1	0	0	0	0	0	0	0	0		0	0	0	0	0	0	0	0	0	0	0	0	0	0	0	0	0	0	0	0	1	0	0	1	0	0	0	0	0	2	1	0	1	0	0	0	0	0	0	0	0	0	0	0	0	0	0	0	0	0	2012.0	479.0	"P/N"	0.48	1.0	"W"	1.0	"G"	1	0.0	0.0	0.6923077	0.6923077	0.73913044	0.9989167	0.0	1.0	9.76923076923077	2.978509204470743	0.0	0.0	0.0	0.0	0.07692308	0.23076923	0.30769232	0.0	0.07692308	0.0	0.07692308	0.0	0.0	0.0	0.0	0.0	0.23076923	13.0	"NCP"	4	0.0	0.0	0.0	1.0	1.0	0.48
38	"?"	"NCP"	"Female"	"Rupali Ajit Raorane"	34	"HSC"		"Yes"	0		4666000.0		41	79	8	16	0	0	2015							54.781	39.66	55.608	61.43	50.825	61.906	72.409	79.308	72.442	66.985	57.561	62.948	67.586	65.409	57.5	81.2	73.753334	70.6925	75.9375	65.3275			0	0	0	0	0	0	0	0	0	0	0	0	2	0	0	0	0	0	0	0	0	0	0	0	0	0	0	1	0	0	0	1	1	0	0	0	0	0	0	0	0	0	0	0	0	0	0	0	0	0	0	0	0	0	0	0	0	0	0	0	0	0	0	0	0	0	0	0	0	0	0	0	0	0	0	0	0	0	0	0	0	0	0	2012.0	479.0	"P/N"	0.48	1.0	"W"	1.0	"G"	1	0.0	0.0	0.51898736	0.5	0.51578945	0.7776667	0.0	1.0	14.0	2.942952362281906	0.4	0.0	0.0	0.0	0.0	0.0	0.0	0.0	0.0	0.0	0.0	0.0	0.0	0.0	0.2	0.4	0.0	5.0	"NCP"	4	0.0	0.0	0.0	1.0	1.0	0.48
38	"?"	"NCP"	"Female"	"Rupali Ajit Raorane"	35	"HSC"		"Yes"	0		6100154.0		36	74	8	14	0	0	2016							84.392	80.666	79.266	88.063	82.201	82.601	81.004	83.537	84.269	79.334	78.131	78.14	80.667	79.937	22.0	48.7	66.0	75.1725	80.8225	69.43			0	1	0	0	0	0	0	0	0	0	1	0	0	0	0	0	0	1	0	0	0	0	0	0	0	0	0	5	0	1	0	0	2	0	0	0	0	0	0	0	0	0	0	0	0	0	0	0	0	0	0	0	0	0	0	0	0	0	0	0	0	0	0	0	0	0	0	0	0	0	0	0	0	0	0	0	0	0	0	0	0	0	0	2012.0	479.0	"P/N"	0.48	1.0	"W"	1.0	"G"	1	0.0	0.0	0.4864865	0.5714286	0.5	0.50834614	0.0	1.0	12.90909090909091	5.93668258252024	0.0	0.0	0.0	0.0	0.0	0.0	0.09090909	0.09090909	0.09090909	0.0	0.09090909	0.0	0.0	0.0	0.45454547	0.18181819	0.0	11.0	"NCP"	4	0.0	0.0	0.0	1.0	1.0	0.48
38	"OBC"	"SS"	"Male"	"Atmaram Laxman Chache"	58	"SSC"		"Yes"	0		4637970.5		85	102	14	15	20	24	2018		22098	"6416"		"BJP"	"2701"	75.1	66.335	72.733	66.88		53.566	46.943	49.453	47.929	57.367	63.315	68.131	66.464	68.273	92.3	95.8	69.89	32.5625	94.57	84.14		69.529	0	1	0	0	0	0	0	0	0	0	2	0	0	0	0	2	1	0	0	0	0	0	0	0	0	0	0	0	0	1	1	0	1	0	0	0	0	0	0	0	0	0	0	0	0	0	0	0	0	0	0	0	0	0	0	0	0	0	0	0	0	0	0	0	0	0	1	0	0	0	0	0	0	0	0	0	0	0	0	0	5	0	0	2017.0	480.0	"P/N"	0.48	0.0		0.0	"OBC"	2	1.0	0.0	0.8333333	0.93333334	0.8686131	0.77299505	0.0	1.0	12.9025	5.175312199807877	0.0	0.0	0.0	0.0	0.0	0.0	0.26666668	0.0	0.13333334	0.0	0.13333334	0.0	0.33333334	0.0	0.0	0.06666667	0.06666667	15.0	"SS"	5	1.0	0.0	0.0			0.0
39		"SS"	"Male"	"Ganpat Balkrishna Varise"									50	51	11	14	12	13	2011			"5067"		"INC"	"689"	48.426	45.736	48.999	48.253		52.422	48.547	48.305	49.206	47.4	50.154	47.743	48.16	46.799					48.72		123		0	0	0	0	0	0	0	0	0	1	0	0	0	0	0	0	0	0	0	0	0	0	0	0	0	0	0	2	0	0	0	1		0	0	0	0	0	0	0	0	0	0	0	0	0	0	0	0	0	0	0	0	0	0	0	0	0	0	0	0	0	0	0	0	0	0	0	0	0	0	0	0	0	0	0	0	0	0	0	2	0	0	2007.0	481.0	"P/N"	0.48	0.0		0.0			1.0		0.98039216	0.78571427	0.9480519				17.0	0.6473796537823098	0.0	0.0	0.0	0.0	0.0	0.0	0.16666667	0.0	0.0	0.0	0.0	0.0	0.33333334	0.0	0.33333334	0.16666667	0.0	6.0	"SS"	5	1.0	0.0	0.0	1.0	0.0	0.0
39	"W"	"SS"	"Female"	"Sayali Sunil Warise"	34	"B.Com"		"Yes"	0		5936830.0		68	70	16	17	25	25	2013			"6592"		"Congress"	"469"	77.626	35.91	68.662	72.654	73.383	67.416	66.746	81.357	80.123	32.249	43.95	35.449	67.767	62.231	0.8	62.7	64.65	75.975	98.89	73.0175			0	0	0	0	0	0	0	0	0	0	0	0	0	0	0	0	0	0	0	0	0	0	0	0	0	0	0	0	0	0	0	0		0	0	0	0	0	0	0	1	0	0	0	0	0	0	0	0	0	0	0	0	0	0	0	0	0	0	0	0	0	0	0	0	0	0	0	0	0	0	0	0	0	0	0	0	0	0	0	0	0	0	2012.0	482.0	"P/N"	0.48	1.0		1.0			1.0	0.0	0.9714286	0.9411765	0.97321427	0.9894717	1.0	1.0	3.0	0.0	0.0	0.0	0.0	0.0	0.0	0.0	0.0	0.0	0.0	0.0	0.0	1.0	0.0	0.0	0.0	0.0	0.0	1.0	"SS"	5	1.0	0.0	0.0	1.0	1.0	0.48
39	"W"	"SS"	"Female"	"Sayali Sunil Warise"	35	"B.Com"		"Yes"	0		1.1676E7		63	65	13	13	14	14	2014							73.022	68.324	59.764	78.265	64.625	74.585	71.903	86.736	79.444	57.282	55.519	53.473	64.334	61.616	0.7	7.5	72.55666	76.93	71.1325	59.585			0	0	0	0	0	0	0	0	0	0	1	0	0	0	0	0	0	0	0	0	0	0	0	0	0	0	0	0	0	0	0	0		0	0	0	0	0	0	0	0	0	0	0	0	0	0	0	0	0	0	0	0	0	0	0	0	0	0	0	0	0	0	0	0	0	0	0	0	0	0	0	0	0	0	0	0	0	0	0	0	0	0	2012.0	482.0	"P/N"	0.48	1.0		1.0			1.0	0.0	0.9692308	1.0	0.9782609	0.973	1.0	1.0	6.0	0.5676775147928994	0.0	0.0	0.0	0.0	0.0	0.0	0.0	0.0	1.0	0.0	0.0	0.0	0.0	0.0	0.0	0.0	0.0	1.0	"SS"	5	1.0	0.0	0.0	1.0	1.0	0.48
39	"W"	"SS"	"Female"	"Sayali Sunil Warise"	36	"B.Com"		"Yes"	0		3459000.0		78	79	16	16	29	34	2015							53.667	42.67	41.868	64.362	52.717	66.56	62.356	80.025	82.304	44.328	53.817	54.91	63.744	56.02	14.1	70.0	78.38	70.08	73.4475	68.06			0	0	0	0	0	0	0	0	0	1	1	0	0	0	0	0	0	0	0	0	0	0	0	0	0	0	0	1	0	0	0	0	1	0	0	0	0	0	0	0	0	0	0	0	0	0	0	0	0	0	0	0	0	0	0	0	0	0	0	0	0	0	0	0	0	0	0	0	0	0	0	0	0	0	0	0	0	0	0	0	3	0	0	2012.0	482.0	"P/N"	0.48	1.0		1.0			1.0	0.0	0.98734176	1.0	0.9919355	0.5765	1.0	1.0	13.714285714285714	4.715251911389924	0.0	0.0	0.0	0.0	0.0	0.0	0.14285715	0.0	0.14285715	0.0	0.0	0.0	0.42857143	0.0	0.14285715	0.14285715	0.0	7.0	"SS"	5	1.0	0.0	0.0	1.0	1.0	0.48
39	"W"	"SS"	"Female"	"Sayali Sunil Warise"	37	"B.Com"		"Yes"	0		6228848.0		72	74	12	14	31	31	2016							74.547	71.428	69.002	77.423	73.939	77.046	77.507	74.842	75.163	65.463	65.985	66.519	76.864	73.109	84.1	90.9	46.963333	76.525	50.585	74.425			0	1	0	0	0	0	0	0	0	0	0	0	0	0	0	0	0	0	0	0	0	0	0	0	0	0	0	0	0	0	0	0		0	0	0	0	0	0	0	0	0	0	0	0	0	0	0	0	0	0	0	0	0	0	0	0	0	0	0	0	0	0	0	0	0	0	0	0	0	0	0	0	0	0	0	0	0	0	0	3	0	0	2012.0	482.0	"P/N"	0.48	1.0		1.0			1.0	0.0	0.972973	0.85714287	0.96638656	0.5190707	1.0	1.0	6.0	2.4683412912601206	0.0	0.0	0.0	0.0	0.0	0.0	0.25	0.0	0.0	0.0	0.0	0.0	0.75	0.0	0.0	0.0	0.0	4.0	"SS"	5	1.0	0.0	0.0	1.0	1.0	0.48
39	"W"	"SS"	"Female"	"Vinaya Vishnu Sawant"	46	"Upto Ninth"		"Yes"	0		5211800.0		93	102	13	15	15	15	2018		26549	"5663"		"RSP"	"1372"	75.364	74.917	78.071	80.066		79.89	75.415	75.274	77.972	78.399	78.354	80.895	80.289	80.457	93.1	84.7	63.6	38.055	56.93	75.8225		82.256	0	0	0	0	0	0	0	0	0	0	0	0	0	0	0	0	0	0	0	0	0	0	0	0	0	0	0	1	0	0	0	0		0	0	0	0	0	0	0	0	0	0	0	0	0	0	0	0	0	0	0	0	0	0	0	0	0	0	0	0	0	0	0	0	0	1	0	0	0	0	0	0	0	0	0	0	0	0	0	0	0	0	2017.0	483.0	"P/N"	0.48	1.0		1.0	"G"	1	0.0	0.0	0.9117647	0.8666667	0.9166667	0.86863333	0.0	1.0	7.1175	1.5039625360230549	0.0	0.0	0.0	0.0	0.0	0.0	0.0	0.0	0.0	0.0	0.0	0.0	0.0	0.0	0.5	0.0	0.5	2.0	"SS"	5	1.0	0.0	0.0			0.48
40		"BJP"	"Male"	"Gyanmurti Ramchandra Sharma "									44	51	14	14	15	15	2011			"4662"		"INC"	"881"	71.733	71.515	58.325	70.673		76.743	74.033	77.207	77.085	63.268	65.326	62.274	71.815	69.631					73.5625		121		0	1	0	0	0	0	0	0	0	1	1	0	0	0	0	0	0	0	0	0	0	0	0	0	0	0	0	5	0	1	1	1		0	0	0	0	0	0	0	0	0	0	0	0	0	0	0	0	0	0	0	0	0	0	0	0	0	0	0	0	0	0	0	0	0	0	0	0	0	0	0	0	1	0	0	0	0	1	0	6	0	0	2007.0	487.0	"P/N"	0.48	0.0		0.0			1.0		0.8627451	1.0	0.9125				14.526315789473683	3.1144501692284474	0.0	0.0	0.0	0.05263158	0.0	0.0	0.10526316	0.0	0.05263158	0.0	0.10526316	0.0	0.31578946	0.05263158	0.2631579	0.05263158	0.0	19.0	"BJP"	1	0.0	0.0	0.0	1.0	0.0	0.0
40		"BJP"	"Male"	"Gyanmurti Ramchandra Sharma"	41	"B.Sc."	"L.L.B."	"Yes"	0		5732483.5		60	70	17	17	43	48	2013			"7364"		"NCP"	"3584"	65.529	66.458	61.238	71.412	65.026	69.328	70.481	71.84	64.759	64.443	62.539	64.498	65.497	64.126	0.0	5.3	51.45	79.075	76.2725	51.2725			0	0	0	0	0	0	0	0	0	0	0	1	0	0	0	0	1	2	0	0	0	0	0	0	0	0	0	2	0	0	0	1	1	6	0	0	0	1	0	0	0	0	1	0	0	0	0	0	0	0	1	0	0	0	0	0	1	0	0	0	0	0	0	1	0	0	0	0	0	0	0	5	0	0	1	0	1	3	1	0	2	0	0	2012.0	488.0	"P/N"	0.48	0.0	"G"	0.0	"G"	1	0.0	0.0	0.85714287	1.0	0.9230769	0.95541394	1.0	1.0	13.875	1.6979099332040508	0.0	0.09375	0.0	0.21875	0.03125	0.03125	0.0625	0.0625	0.0	0.0	0.0	0.0625	0.0625	0.21875	0.0625	0.0625	0.03125	32.0	"BJP"	1	0.0	0.0	0.0	1.0	0.0	0.0
40		"BJP"	"Male"	"Gyanmurti Ramchandra Sharma"	42	"B.Sc."	"L.L.B."	"Yes"	0		1.1996E7		60	65	11	13	31	33	2014							70.145	69.879	67.968	74.69	62.903	72.777	73.17	79.916	79.221	64.705	59.133	62.829	69.945	65.345	32.5	50.7	57.873333	70.2425	65.535	68.2775			0	5	0	0	0	0	0	1	0	1	2	0	4	0	2	1	4	1	0	0	0	3	0	0	0	0	0	4	0	1	0	0	1	0	0	0	0	3	0	0	0	0	0	0	0	0	0	0	0	0	1	1	0	0	0	0	0	0	0	0	0	0	0	1	0	1	0	0	0	0	0	1	0	1	0	0	1	4	0	2	1	0	0	2012.0	488.0	"P/N"	0.48	0.0	"G"	0.0	"G"	1	0.0	0.0	0.9230769	0.84615386	0.9357798	0.9996667	1.0	1.0	12.74468085106383	5.566632364291227	0.08510638	0.08510638	0.04255319	0.0	0.0	0.021276595	0.31914893	0.021276595	0.04255319	0.0	0.021276595	0.08510638	0.021276595	0.06382979	0.08510638	0.021276595	0.08510638	47.0	"BJP"	1	0.0	0.0	0.0	1.0	0.0	0.0
40		"BJP"	"Male"	"Gyanmurti Ramchandra Sharma"	43	"B.Sc."	"L.L.B."	"Yes"	0		5221000.0		70	79	15	16	34	34	2015							54.491	46.068	47.42	55.946	51.83	61.473	66.542	69.226	68.588	44.031	45.184	50.304	60.221	54.023	17.6	55.8	59.163334	65.6525	74.57	57.91			0	3	0	0	0	0	0	0	0	2	3	1	4	0	0	0	1	0	0	0	0	0	0	0	0	0	0	2	0	3	1	0	2	0	0	0	0	0	0	0	0	0	0	0	0	0	0	0	0	0	0	0	0	0	0	0	0	0	0	0	0	0	1	0	0	0	0	0	0	0	0	0	0	0	0	0	0	0	0	0	2	0	0	2012.0	488.0	"P/N"	0.48	0.0	"G"	0.0	"G"	1	0.0	0.0	0.886076	0.9375	0.92248064	0.87016666	1.0	1.0	13.92	5.61757265148757	0.16	0.0	0.0	0.0	0.0	0.04	0.24	0.0	0.12	0.0	0.16	0.0	0.08	0.0	0.08	0.08	0.04	25.0	"BJP"	1	0.0	0.0	0.0	1.0	0.0	0.0
40		"BJP"	"Male"	"Gyanmurti Ramchandra Sharma"	44	"B.Sc."	"L.L.B."	"Yes"	0		4269540.5		66	74	14	14	31	31	2016							75.669	70.558	74.782	84.218	81.011	82.778	82.558	86.437	83.343	78.663	76.884	76.767	80.663	79.882	5.6	1.1	58.886665	68.885	61.665	75.0			0	1	0	0	0	0	0	0	0	1	4	0	2	0	0	1	1	2	0	0	0	0	0	0	0	0	0	3	0	1	0	0	1	0	0	0	0	1	0	0	0	0	0	0	0	0	0	0	0	0	0	0	0	0	0	0	0	0	0	0	0	0	0	0	0	0	0	0	0	0	0	1	0	0	0	0	0	1	0	1	1	0	0	2012.0	488.0	"P/N"	0.48	0.0	"G"	0.0	"G"	1	0.0	0.0	0.8918919	1.0	0.9327731	0.35579506	1.0	1.0	13.363636363636365	5.3526201844657315	0.09090909	0.045454547	0.045454547	0.0	0.0	0.0	0.18181819	0.09090909	0.18181819	0.0	0.045454547	0.045454547	0.045454547	0.045454547	0.13636364	0.045454547	0.0	22.0	"BJP"	1	0.0	0.0	0.0	1.0	0.0	0.0
40	"OBC"	"SS"	"Male"	"Suhas Chandrakant Wadkar"	44	"Graduate"		"Yes"	0		5207187.0		102	102	12	15	24	24	2018		27384	"8946"		"NCP"	"6131"	45.841	44.432	50.106	65.22		61.816	62.519	72.218	73.213	38.738	44.757	51.363	63.341	49.384	28.7	25.6	59.816666	62.23	51.4025	67.0875		46.981	0	0	0	0	0	0	0	0	0	0	0	0	2	0	0	0	0	0	0	0	0	0	0	0	0	0	0	2	0	1	0	0		0	0	1	0	0	0	0	0	0	0	0	0	0	0	0	0	0	0	0	0	0	0	0	0	0	0	0	0	0	0	0	0	0	0	0	0	0	0	0	0	0	0	0	0	0	0	7	4	0	0	2017.0	489.0	"P/N"	0.48	0.0		0.0	"OBC"	2	1.0	0.0	1.0	0.8	0.9787234	0.8678645	1.0	1.0	11.565235294117647	2.59185878962536	0.11764706	0.0	0.4117647	0.05882353	0.0	0.0	0.0	0.0	0.0	0.0	0.05882353	0.0	0.23529412	0.0	0.11764706	0.0	0.0	17.0	"SS"	5	1.0	0.0	0.0			0.0
41	"W"	"INC"	"Female"	"Dikshita Jayesh Shah"									32	51	8	14	6	13	2011			"6983"		"BJP"	"2780"	70.992	68.419	59.168	68.377		72.363	69.316	71.184	70.025	65.075	65.82	62.101	65.982	66.884					70.645		166		0	0	0	0	0	0	0	0	0	0	0	0	0	0	0	0	0	0	0	0	0	0	0	0	0	0	0	0	0	0	0	0		0	0	1	0	0	0	0	0	0	0	0	0	0	0	0	0	0	0	0	0	0	0	0	0	0	0	0	0	0	0	0	0	0	0	0	0	0	0	0	0	0	0	0	0	0	0	0	0	0	0	2007.0	490.0	"P/N"	0.48	1.0		1.0	"G"	1	0.0		0.627451	0.5714286	0.64788735				6.0	0.0	0.0	0.0	0.0	1.0	0.0	0.0	0.0	0.0	0.0	0.0	0.0	0.0	0.0	0.0	0.0	0.0	0.0	1.0	"INC"	2	0.0	0.0	0.0	1.0	1.0	0.48
41		"BJP"	"Male"	"Vinod Babaji Shelar"	42	"D.M.E."		"Yes"	2		5778658.0		63	70	15	17	8	25	2013	2		"9145"		"Congress"	"4405"	58.17	54.884	53.176	65.214	51.042	65.557	67.376	71.848	66.104	49.532	51.547	59.516	64.023	59.211	23.4	37.3	62.04	73.73	69.28	64.1975			0	0	0	0	0	0	0	0	0	1	0	0	1	0	0	0	0	1	1	0	0	0	0	0	0	0	0	1	0	0	0	0	2	2	0	1	0	0	0	0	0	0	0	0	0	0	0	0	0	0	0	0	0	0	0	0	1	1	0	0	0	0	1	1	0	1	0	0	0	0	0	0	0	0	0	0	0	0	0	0	1	0	0	2012.0	491.0	"P/N"	0.48	0.0	"G"	0.0	"G"	1	0.0	1.0	0.9	0.88235295	0.9052632	0.9631097	1.0	1.0	12.75	1.78409825468649	0.06666667	0.0	0.0	0.2	0.13333334	0.13333334	0.06666667	0.06666667	0.0	0.0	0.0	0.0	0.06666667	0.0	0.06666667	0.13333334	0.06666667	15.0	"BJP"	1	0.0	0.0	0.0	1.0	0.0	0.0
41		"BJP"	"Male"	"Vinod Babaji Shelar"	43	"D.M.E."		"Yes"	2		1.1561E7		52	65	10	13	14	29	2014							71.706	65.65	60.963	75.402	62.651	68.723	72.283	81.727	80.859	57.792	63.926	63.72	69.14	66.567	24.0	44.9	60.703335	66.7025	59.1775	62.3425			0	1	0	0	0	0	0	0	1	1	0	0	3	0	0	0	0	1	0	1	0	1	0	0	0	0	0	4	0	0	0	0	1	0	0	0	0	0	0	0	0	0	0	0	0	0	0	0	0	0	0	0	0	1	0	2	2	5	0	0	0	0	0	0	0	1	0	0	0	0	0	0	0	0	0	0	0	0	0	0	3	0	0	2012.0	491.0	"P/N"	0.48	0.0	"G"	0.0	"G"	1	0.0	1.0	0.8	0.7692308	0.82608694	0.9634167	1.0	1.0	11.785714285714286	3.6017011834319526	0.10714286	0.0	0.0	0.0	0.32142857	0.0	0.10714286	0.035714287	0.0	0.035714287	0.0	0.0	0.10714286	0.0	0.14285715	0.035714287	0.10714286	28.0	"BJP"	1	0.0	0.0	0.0	1.0	0.0	0.0
41		"BJP"	"Male"	"Vinod Babaji Shelar"	44	"D.M.E."		"Yes"	2	1	3172000.0		54	79	5	16	142	211	2015							50.566	43.206	42.773	58.367	49.806	63.343	70.753	69.956	68.62	46.739	41.94	53.147	58.965	54.794	8.7	79.0	64.85333	69.845	70.44	62.9475			0	1	0	0	0	0	1	0	0	1	0	0	0	0	0	0	0	0	0	0	0	0	0	0	0	0	0	1	0	0	0	0	1	0	0	0	0	0	0	0	0	0	0	0	0	0	0	0	0	0	0	0	0	1	0	3	0	2	0	0	0	1	0	0	0	0	0	0	0	0	0	0	0	0	0	0	0	0	0	1	0	0	0	2012.0	491.0	"P/N"	0.48	0.0	"G"	0.0	"G"	1	0.0	1.0	0.6835443	0.3125	0.84810126	0.5286667	1.0	1.0	13.153846153846153	3.6276309458038534	0.0	0.0	0.07692308	0.0	0.3846154	0.07692308	0.23076923	0.0	0.0	0.0	0.0	0.0	0.0	0.0	0.07692308	0.07692308	0.07692308	13.0	"BJP"	1	0.0	0.0	0.0	1.0	0.0	0.0
41		"BJP"	"Male"	"Vinod Babaji Shelar"	45	"D.M.E."		"Yes"	2	1	5724446.0		50	74	14	14	114	154	2016	2						70.328	60.653	67.44	77.038	65.289	75.202	77.35	77.854	70.594	65.665	66.531	69.16	72.114	71.001	8.3	24.8	61.156666	75.67	82.3725	70.25			0	1	0	0	0	0	0	0	0	1	0	0	3	0	0	0	1	0	0	0	0	0	0	0	0	0	0	2	0	0	1	0	1	0	0	0	0	0	0	0	0	0	0	0	0	0	0	0	0	0	0	0	0	1	0	0	1	1	0	0	0	0	0	0	0	0	0	0	0	0	0	0	0	0	0	0	0	0	0	0	2	0	0	2012.0	491.0	"P/N"	0.48	0.0	"G"	0.0	"G"	1	0.0	1.0	0.6756757	1.0	0.8811881	0.47703716	1.0	1.0	14.4	3.9955083322324345	0.2	0.0	0.0	0.0	0.13333334	0.0	0.2	0.0	0.0	0.0	0.06666667	0.0	0.13333334	0.0	0.13333334	0.06666667	0.06666667	15.0	"BJP"	1	0.0	0.0	0.0	1.0	0.0	0.0
41	"G"	"IND"	"Male"	"Tulsiram Dhondiba Shinde"	50	"Upto Ninth"		"Yes"	0		5250419.0		102	102	12	15	15	15	2018		25187	"6217"		"SS"	"2348"	39.862	37.874	31.012	56.492		51.751	48.632	69.998	75.758	42.405	35.41	40.519	46.741	35.68	0.7	18.4	48.753334	42.3525	42.75	71.3425		46.21	0	0	0	0	0	0	0	0	0	0	0	0	0	0	0	0	0	1	0	0	0	0	0	0	0	0	0	8	0	1	4	0		0	0	0	0	0	0	0	0	0	0	0	0	0	0	0	0	0	0	0	0	0	0	0	0	0	0	0	0	0	0	0	0	0	0	0	0	0	0	0	0	0	0	0	0	0	1	0	0	0	0	2017.0	492.0	"P/N"	0.48	0.0		0.0	"G"	1	0.0	0.0	1.0	0.8	0.97727275	0.87506986	0.0	1.0	9.75	2.451507426291288	0.0	0.0	0.0	0.06666667	0.0	0.0	0.0	0.06666667	0.0	0.0	0.33333334	0.0	0.0	0.0	0.53333336	0.0	0.0	15.0	"_Other"	6	0.0	0.0	0.0			0.0
42	"W"	"MNS"	"Female"	"Supriya Vijay Pawar"									44	51	12	14	17	27	2011			"6860"		"SS"	"224"	68.454	66.898	65.353	68.281		70.623	69.126	68.727	67.936	67.447	68.578	67.789	67.916	68.723					78.18		122		0	1	0	0	0	0	0	0	0	0	0	0	0	0	0	0	0	0	0	0	0	0	0	0	0	0	0	3	0	0	1	0		0	0	0	0	2	0	0	0	0	0	0	0	0	0	0	0	0	0	0	0	0	0	0	0	0	0	0	0	0	0	0	0	0	0	0	0	0	0	0	0	0	0	0	0	0	0	0	1	0	0	2007.0	493.0	"P/N"	0.48	1.0		1.0	"G"	1	0.0		0.8627451	0.85714287	0.8902439				14.0	2.784918188285511	0.0	0.0	0.0	0.0	0.0	0.0	0.125	0.0	0.0	0.0	0.125	0.25	0.125	0.0	0.375	0.0	0.0	8.0	"MNS"	3	0.0	0.0	0.0	1.0	1.0	0.48
42		"MNS"	"Male"	"Deepak Pandurang Pawar"	44	"Eighth"		"Yes"	0	1	5539054.5		39	70	11	17	22	46	2013			"12018"		"SS"	"6202"	62.423	58.744	55.3	64.628	54.646	63.339	63.924	65.735	61.536	51.906	52.801	58.704	58.823	52.628	23.6	25.7	66.29	75.8725	70.0825	70.5075			0	0	0	0	0	0	0	0	0	0	1	0	0	0	0	0	1	0	0	0	0	0	0	0	0	0	0	2	0	0	0	0		2	0	1	0	0	0	0	0	0	0	0	0	0	0	0	0	0	0	1	0	0	0	0	0	2	0	0	0	0	0	0	0	0	0	0	0	0	0	0	0	0	0	0	0	0	1	0	4	0	0	2012.0	494.0	"P/N"	0.48	0.0	"G"	0.0	"G"	1	0.0	0.0	0.55714285	0.64705884	0.6605505	0.92317575	0.0	1.0	12.0	2.0232708468002585	0.0	0.0	0.0	0.26666668	0.13333334	0.0	0.06666667	0.0	0.06666667	0.0	0.0	0.06666667	0.26666668	0.0	0.13333334	0.0	0.0	15.0	"MNS"	3	0.0	0.0	0.0	1.0	0.0	0.0
42		"MNS"	"Male"	"Deepak Pandurang Pawar"	45	"Eighth"		"Yes"	0	1	1.1967E7		42	65	8	13	23	58	2014							60.896	50.751	56.275	74.309	44.697	69.38	75.899	86.769	76.935	51.445	55.279	60.304	71.701	64.317	25.8	34.0	64.17	65.405	54.9125	65.7275			1	1	0	1	0	0	0	0	0	0	0	0	0	0	0	0	5	3	0	0	0	0	0	0	0	2	1	6	0	4	0	2	2	0	0	6	0	0	1	0	0	0	0	0	0	0	0	1	0	0	0	0	0	3	0	0	2	0	0	0	3	0	0	2	5	0	0	0	0	0	0	0	0	0	0	0	0	0	0	8	5	5	4	2012.0	494.0	"P/N"	0.48	0.0	"G"	0.0	"G"	1	0.0	0.0	0.64615387	0.61538464	0.7227723	0.99725	0.0	1.0	15.178082191780822	4.356645847030462	0.0	0.0	0.10958904	0.08219178	0.02739726	0.09589041	0.09589041	0.04109589	0.0	0.0	0.09589041	0.02739726	0.06849315	0.0	0.20547946	0.05479452	0.09589041	73.0	"MNS"	3	0.0	0.0	0.0	1.0	0.0	0.0
42		"MNS"	"Male"	"Deepak Pandurang Pawar"	46	"Eighth"		"Yes"	0	1	4026000.0		23	79	5	16	8	84	2015							51.651	49.155	49.362	61.001	57.866	67.221	74.546	72.543	72.522	42.143	38.183	44.641	59.205	62.567	0.8	38.4	52.036667	62.5025	66.2475	50.6925			0	0	0	0	0	0	1	0	1	3	1	1	0	0	0	0	8	1	0	1	0	0	0	0	0	2	0	7	0	1	0	1	1	1	0	2	0	0	1	0	0	0	0	0	2	0	0	0	0	1	0	0	0	6	0	0	5	1	1	0	0	6	5	10	7	0	0	0	0	0	0	1	0	0	0	0	0	0	1	3	3	10	0	2012.0	494.0	"P/N"	0.48	0.0	"G"	0.0	"G"	1	0.0	0.0	0.29113925	0.3125	0.34951457	0.671	0.0	1.0	13.357894736842105	2.864822885407085	0.0	0.0	0.031578947	0.042105265	0.06315789	0.29473683	0.14736842	0.010526316	0.010526316	0.021052632	0.031578947	0.031578947	0.031578947	0.010526316	0.17894737	0.021052632	0.07368421	95.0	"MNS"	3	0.0	0.0	0.0	1.0	0.0	0.0
42		"MNS"	"Male"	"Deepak Pandurang Pawar"	47	"Eighth"		"Yes"	0	1	4637092.5		22	74	7	14	8	32	2016							58.09	52.371	41.89	56.467	39.5	59.64	67.878	81.778	67.412	54.044	50.945	64.517	67.087	57.537	34.1	44.7	63.92	69.1575	85.2875	64.415			0	0	0	0	0	0	0	0	0	0	0	0	0	1	0	0	4	0	0	0	0	0	0	0	0	0	0	2	0	0	0	0		0	0	0	0	0	1	0	0	0	0	0	0	0	0	0	0	0	0	0	0	0	0	0	0	0	0	0	0	0	0	0	0	0	0	0	0	0	0	0	0	0	0	0	0	0	0	0	5	0	0	2012.0	494.0	"P/N"	0.48	0.0	"G"	0.0	"G"	1	0.0	0.0	0.2972973	0.5	0.38541666	0.38642436	0.0	1.0	15.384615384615385	2.449657463151339	0.0	0.0	0.0	0.0	0.0	0.0	0.3846154	0.0	0.0	0.0	0.0	0.07692308	0.3846154	0.0	0.15384616	0.0	0.0	13.0	"MNS"	3	0.0	0.0	0.0	1.0	0.0	0.0
42	"OBC-W"	"NCP"	"Female"	"Dhanashree Vaibhav Bharadkar"	28	"HSC"		"Yes"	0		4865664.0		70	102	10	15	24	39	2018		33068	"5897"		"SS"	"722"	54.858	57.231	53.544	59.973		58.337	55.926	65.821	69.801	58.059	55.972	62.838	68.214	52.485	37.8	35.8	60.893333	63.235	89.5275	51.965		56.092	0	0	0	0	0	0	0	0	0	0	0	0	1	0	0	0	0	0	0	0	0	0	0	0	0	0	0	0	0	0	0	0		0	0	0	0	0	0	0	0	0	0	0	0	0	0	0	0	0	0	0	0	0	0	0	0	0	0	0	0	0	0	0	0	0	0	0	0	0	0	0	0	0	0	0	0	0	0	0	0	0	0	2017.0	495.0	"P/N"	0.48	1.0		1.0	"OBC"	2	1.0	0.0	0.6862745	0.6666667	0.73758864	0.810944	0.0	1.0	3.432	0.05763688760806916	1.0	0.0	0.0	0.0	0.0	0.0	0.0	0.0	0.0	0.0	0.0	0.0	0.0	0.0	0.0	0.0	0.0	1.0	"NCP"	4	0.0	0.0	0.0			0.48
43		"INC"	"Male"	"Aslam Shaikh "									12	51	11	14	1	14	2011			"4397"		"SP"	"876"	54.951	58.976	61.191	57.873		60.028	60.36	59.335	58.87	57.226	57.338	58.985	58.299	58.135					70.2975		173		0	0	0	0	0	0	0	0	0	0	1	0	0	0	0	0	0	0	0	0	0	0	0	0	0	0	0	1	0	0	0	0	1	0	0	0	0	0	0	0	0	0	0	0	0	0	0	0	0	0	0	0	0	0	0	0	0	0	0	0	0	0	0	0	0	0	0	0	0	0	0	0	0	0	0	0	0	0	0	0	0	0	0	2007.0	496.0	"P/N"	0.48	0.0		0.0			1.0		0.23529412	0.78571427	0.36363637				14.0	2.1508181171448895	0.0	0.0	0.0	0.0	0.0	0.0	0.0	0.0	0.33333334	0.0	0.0	0.0	0.0	0.0	0.33333334	0.33333334	0.0	3.0	"INC"	2	0.0	0.0	0.0	1.0	0.0	0.0
43	"W"	"INC"	"Female"	"Qumarjahan Mohammad Moin Siddiqi"	47	"SSC"		"Yes"	0		4940257.5		36	70	10	17	10	17	2013			"6659"		"Ind"	"4107"	68.506	69.195	66.031	67.99	69.356	66.382	68.809	65.27	68.985	60.204	68.443	66.211	66.102	68.059	18.1	20.1	67.78333	69.085	75.465	56.43			0	0	0	0	0	0	0	0	0	0	0	0	0	0	0	0	0	0	0	0	0	0	0	0	0	0	0	0	0	0	0	0	1	0	0	0	0	0	0	0	0	0	0	0	0	0	0	0	0	0	0	0	0	0	0	0	0	0	0	0	0	0	1	0	0	0	0	0	0	0	0	0	0	0	0	0	0	0	0	0	0	0	0	2012.0	497.0	"P/N"	0.48	1.0	"W"	1.0	"G"	1	0.0	0.0	0.51428574	0.5882353	0.57731956	0.82337624	0.0	1.0	8.0	0.7412195647489765	0.0	0.0	0.0	0.0	0.0	0.5	0.0	0.0	0.0	0.0	0.0	0.0	0.0	0.0	0.0	0.5	0.0	2.0	"INC"	2	0.0	0.0	0.0	1.0	1.0	0.48
43	"W"	"INC"	"Female"	"Qumarjahan Mohammad Moin Siddiqi"	48	"SSC"		"Yes"	0		1.0789E7		41	65	12	13	12	15	2014							45.826	45.209	43.408	69.212	50.608	62.431	66.767	87.338	55.683	41.301	48.115	42.208	47.299	59.531	20.2	22.1	50.84667	43.45	59.56	56.2175			0	0	0	0	0	0	1	0	0	0	0	0	0	0	0	0	0	0	0	0	0	0	0	0	0	0	0	3	0	2	0	0		0	0	0	0	0	0	0	0	0	0	0	0	0	0	0	0	0	0	0	0	0	0	0	0	0	0	0	0	0	0	0	0	0	0	0	0	0	0	0	0	0	0	0	0	0	0	0	0	0	0	2012.0	497.0	"P/N"	0.48	1.0	"W"	1.0	"G"	1	0.0	0.0	0.63076925	0.9230769	0.7222222	0.8990833	0.0	1.0	8.0	4.726331360946745	0.0	0.0	0.0	0.0	0.0	0.0	0.16666667	0.0	0.0	0.0	0.33333334	0.0	0.0	0.0	0.5	0.0	0.0	6.0	"INC"	2	0.0	0.0	0.0	1.0	1.0	0.48
43	"W"	"INC"	"Female"	"Qumarjahan Mohammad Moin Siddiqi"	49	"SSC"		"Yes"	0		4615000.0		38	79	12	16	17	21	2015							52.164	41.368	41.706	65.123	52.752	55.716	59.312	77.26	61.959	45.327	47.449	51.135	50.924	39.155	50.8	56.3	54.823334	67.425	59.8	72.0125			0	0	0	0	0	0	0	0	0	0	0	0	0	0	0	0	0	0	0	0	0	0	0	0	0	0	0	6	0	1	0	0		0	0	0	0	0	0	0	0	0	0	0	0	0	0	0	0	0	0	0	0	0	0	0	0	0	0	0	0	0	0	0	0	0	0	0	0	0	0	0	0	0	0	0	0	0	0	0	0	0	0	2012.0	497.0	"P/N"	0.48	1.0	"W"	1.0	"G"	1	0.0	0.0	0.48101267	0.75	0.59821427	0.76916665	0.0	1.0	8.0	3.2817094687316213	0.0	0.0	0.0	0.0	0.0	0.0	0.0	0.0	0.0	0.0	0.14285715	0.0	0.0	0.0	0.85714287	0.0	0.0	7.0	"INC"	2	0.0	0.0	0.0	1.0	1.0	0.48
43	"W"	"INC"	"Female"	"Qumarjahan Mohammad Moin Siddiqi"	50	"SSC"		"Yes"	0		5874308.5		47	74	12	14	10	13	2016							71.8	68.0	63.3	72.4	78.6	79.2	78.4	80.7	76.8	57.5	65.9	68.6	70.4	76.6	2.0	21.0	51.666668	73.415	60.4675	72.195			0	0	0	0	0	0	2	0	0	4	0	0	0	0	0	0	0	0	0	0	0	1	0	0	0	0	0	4	0	0	0	0	1	0	0	0	0	0	0	0	0	0	0	0	0	0	0	0	0	0	0	0	0	0	0	0	0	0	0	0	0	1	0	0	0	0	0	0	0	0	0	0	0	0	0	0	0	0	0	0	1	0	0	2012.0	497.0	"P/N"	0.48	1.0	"W"	1.0	"G"	1	0.0	0.0	0.6351351	0.85714287	0.70408165	0.4895257	0.0	1.0	14.571428571428571	4.636530343920835	0.0	0.0	0.0	0.0	0.0	0.071428575	0.42857143	0.0	0.0	0.0	0.0	0.0	0.071428575	0.0	0.2857143	0.071428575	0.071428575	14.0	"INC"	2	0.0	0.0	0.0	1.0	1.0	0.48
43	"G"	"BJP"	"Male"	"Vinod Udaynarayan Mishra"	45	"SSC"		"Yes"	1		5395488.5		83	102	11	15	27	44	2018	1	26938	"5620"		"SS"	"709"	80.397	67.459	72.697	67.381		72.824	67.938	66.533	68.932	55.999	50.814	50.857	55.545	48.292	95.2	95.6	88.253334	49.1975	85.3425	61.0525		49.489	0	2	0	0	0	0	0	0	0	0	1	0	3	0	0	0	3	0	0	0	0	0	0	0	0	0	0	3	0	0	1	0		0	0	0	0	0	0	1	0	0	0	0	0	1	0	0	0	1	0	0	0	0	0	2	2	1	0	0	0	1	0	1	0	0	0	0	0	0	0	0	0	0	0	0	0	0	0	0	0	5	0	2017.0	498.0	"P/N"	0.48	0.0		0.0	"G"	1	0.0	1.0	0.8137255	0.73333335	0.8402778	0.89924806	0.0	1.0	13.8505	3.650512798779454	0.10714286	0.0	0.0	0.0	0.17857143	0.071428575	0.21428572	0.0	0.035714287	0.0	0.035714287	0.071428575	0.0	0.0	0.2857143	0.0	0.0	28.0	"BJP"	1	0.0	0.0	0.0			0.0
44	"W"	"NCP"	"Female"	"Sarika Austin Gracious"									22	51	10	14	7	17	2011			"5698"		"INC"	"1943"	63.216	63.44	67.921	65.814		67.229	69.402	78.11	67.116	60.958	61.247	63.068	64.4	62.605					82.4075		127		0	0	0	0	0	0	0	0	0	0	0	0	0	0	0	0	0	0	0	0	0	0	0	0	0	0	0	0	0	0	0	0		0	0	0	0	0	0	0	0	0	0	0	0	0	0	0	0	0	0	0	0	0	0	0	0	0	0	0	0	0	0	0	0	0	0	0	0	0	0	0	0	0	0	0	0	0	0	0	0	0	0	2007.0	499.0	"P/N"	0.48	1.0		1.0	"G"	1	0.0		0.43137255	0.71428573	0.5416667				0.0	0.0																		0.0	"NCP"	4	0.0	0.0	0.0	1.0	1.0	0.48
44		"IND"	"Male"	"Cyril Piter D'souza"	40	"Fourth"		"Yes"	0		5380970.5		18	70	14	17	10	12	2013			"6542"		"SP"	"4393"	71.232	68.74	66.289	68.181	72.357	72.226	73.394	76.807	72.973	69.673	69.223	68.826	69.412	69.082	0.0	30.5	74.04667	73.4075	64.8125	71.2025			0	0	0	0	0	0	0	0	0	0	0	0	0	0	0	0	0	0	0	0	0	0	0	0	0	0	0	0	0	0	0	0		1	0	0	0	0	0	0	0	0	0	0	0	0	0	0	0	0	0	0	0	0	0	0	1	0	0	0	0	0	1	0	1	0	0	0	0	0	0	0	0	0	0	0	0	0	0	0	2	0	0	2012.0	500.0	"P/N"	0.48	0.0	"G"	0.0	"G"	1	0.0	0.0	0.25714287	0.8235294	0.4329897	0.8968284	0.0	1.0	9.0	0.11850894203835381	0.0	0.0	0.0	0.16666667	0.16666667	0.33333334	0.0	0.0	0.0	0.0	0.0	0.0	0.33333334	0.0	0.0	0.0	0.0	6.0	"_Other"	6	0.0	0.0	0.0	1.0	0.0	0.0
44		"IND"	"Male"	"Cyril Piter D'souza"	41	"Fourth"		"Yes"	0		1.1444E7		29	65	8	13	6	10	2014							56.813	53.164	54.131	70.74	52.416	66.553	68.221	81.804	52.725	48.396	54.634	57.351	66.768	65.145	13.8	23.6	47.553333	48.91	62.345	57.595			0	0	0	0	0	0	0	0	0	1	0	0	0	0	0	0	2	0	0	0	0	0	0	0	0	0	0	1	0	0	0	0	1	0	0	0	0	0	0	0	0	0	0	0	0	0	0	0	0	0	0	0	0	0	0	0	0	0	0	0	1	0	0	0	0	0	0	0	0	0	0	0	0	0	0	0	0	0	0	0	0	0	0	2012.0	500.0	"P/N"	0.48	0.0	"G"	0.0	"G"	1	0.0	0.0	0.44615385	0.61538464	0.5119048	0.9536667	0.0	1.0	12.0	3.8128698224852067	0.0	0.0	0.0	0.0	0.0	0.0	0.5	0.0	0.0	0.0	0.0	0.0	0.0	0.0	0.16666667	0.16666667	0.16666667	6.0	"_Other"	6	0.0	0.0	0.0	1.0	0.0	0.0
44		"IND"	"Male"	"Cyril Piter D'souza"	42	"Fourth"		"Yes"	0		5033000.0		15	79	16	16	14	23	2015							36.331	40.466	24.278	50.811	44.406	41.351	48.788	85.585	22.026	25.649	36.287	35.834	43.022	40.176	25.1	85.4	56.35	53.045	57.9075	64.2675			0	0	0	0	0	0	0	0	0	0	0	0	0	0	0	0	0	1	0	0	0	0	0	0	0	0	0	3	0	0	0	0		0	0	0	0	0	0	0	0	0	0	0	0	0	0	0	0	0	0	0	0	0	0	0	0	0	0	0	1	0	0	0	0	0	0	0	0	0	0	0	0	0	0	0	0	1	0	0	5	0	0	2012.0	500.0	"P/N"	0.48	0.0	"G"	0.0	"G"	1	0.0	0.0	0.18987341	1.0	0.41284403	0.83883333	0.0	1.0	11.90909090909091	2.599490296020388	0.0	0.09090909	0.0	0.0	0.0	0.0	0.0	0.09090909	0.0	0.0	0.0	0.0	0.45454547	0.0	0.27272728	0.0	0.09090909	11.0	"_Other"	6	0.0	0.0	0.0	1.0	0.0	0.0
44		"IND"	"Male"	"Cyril Piter D'souza"	43	"Fourth"		"Yes"	0		5463895.0		22	74	7	14	12	23	2016							78.035	64.342	77.318	85.781	76.083	84.227	86.189	92.983	85.573	70.21	66.083	69.183	71.743	75.158	0.0	49.5	58.76	77.3925	58.6525	69.845			0	0	0	0	0	0	0	0	0	1	0	0	0	0	0	0	0	0	0	0	0	0	0	0	0	0	0	2	0	1	0	0		0	0	0	0	0	0	0	0	0	0	0	0	0	0	0	0	0	0	0	0	0	0	0	0	0	0	0	0	0	0	0	0	0	0	0	0	0	0	0	0	0	0	0	0	0	0	0	0	0	0	2012.0	500.0	"P/N"	0.48	0.0	"G"	0.0	"G"	1	0.0	0.0	0.2972973	0.5	0.41	0.4553246	0.0	1.0	11.0	3.0703757525430766	0.0	0.0	0.0	0.0	0.0	0.0	0.25	0.0	0.0	0.0	0.25	0.0	0.0	0.0	0.5	0.0	0.0	4.0	"_Other"	6	0.0	0.0	0.0	1.0	0.0	0.0
44	"W"	"BJP"	"Female"	"Sangeeta Gyanmurti Sharma"	44	"HSC"		"Yes"	0		5360276.0		88	102	12	15	19	24	2018		27190	"9955"		"SS"	"4405"	68.087	67.529	66.838	68.803		71.503	75.199	86.927	86.257	59.804	46.117	36.147	63.983	69.371	93.0	91.5	82.30666	38.3725	71.63	60.105		70.839	0	1	0	0	0	0	0	0	0	0	0	0	0	0	0	0	0	0	0	0	0	0	0	0	0	0	0	4	0	2	0	0		0	0	1	0	0	0	0	0	0	0	0	0	0	0	0	0	0	0	0	0	0	0	0	0	0	0	0	0	0	0	0	0	0	0	0	0	0	0	0	0	0	0	0	0	0	0	0	1	0	0	2017.0	501.0	"P/N"	0.48	1.0		1.0	"G"	1	0.0	0.0	0.8627451	0.8	0.875	0.89337933	0.0	1.0	10.92	3.9627933305887195	0.0	0.0	0.0	0.11111111	0.0	0.0	0.11111111	0.0	0.0	0.0	0.22222222	0.0	0.11111111	0.0	0.44444445	0.0	0.0	9.0	"BJP"	1	0.0	0.0	0.0			0.48
45		"BJP"	"Female"	"Vidya Jayprakash Thakur"									33	51	9	14	0	0	2011			"7597"		"INC"	"3324"	63.55	63.357	63.566	63.63		67.338	63.076	63.632	65.507	61.831	64.046	62.112	62.91	65.516					59.9725		116		0	0	0	0	0	0	0	0	0	0	0	0	0	0	0	0	0	0	0	0	0	0	0	0	0	0	0	2	0	1	0	1		0	0	0	0	0	0	0	0	0	0	0	0	0	0	0	0	0	0	0	0	0	0	0	0	0	0	0	0	0	0	0	0	0	0	0	0	0	0	0	0	0	0	0	0	0	0	0	0	0	0	2007.0	502.0	"P/S"	0.64	1.0		0.0			1.0		0.64705884	0.64285713	0.64615387				8.0	2.3618538324420677	0.0	0.0	0.0	0.0	0.0	0.0	0.0	0.0	0.0	0.0	0.25	0.0	0.0	0.0	0.5	0.25	0.0	4.0	"BJP"	1	0.0	0.0	0.0	0.0	0.0	0.0
45	"W"	"INC"	"Female"	"Sneha Vinayak Zagade"	23	"S.Y.B.Com (Appeared)"		"Yes"	0		4981405.0		64	70	16	17	19	19	2013			"6146"		"BJP"	"391"	72.714	68.326	65.595	72.299	67.584	74.235	76.155	86.721	83.605	69.469	70.686	74.033	75.52	74.014	0.0	17.5	79.00667	94.6675	79.6075	75.7475			0	0	0	0	0	0	0	0	0	0	1	0	0	0	0	0	0	0	0	0	0	0	0	0	0	0	0	2	0	0	1	0		0	0	0	0	0	0	0	0	0	0	0	0	0	0	0	0	0	0	0	0	0	0	0	0	0	0	0	0	0	0	0	0	0	0	0	0	0	0	0	0	0	0	0	0	0	0	0	0	0	0	2012.0	503.0	"P/S"	0.64	1.0	"OBC-W"	1.0	"OBC"	2	1.0	0.0	0.9142857	0.9411765	0.9339623	0.83023417	1.0	1.0	12.5	2.633928571428571	0.0	0.0	0.0	0.0	0.0	0.0	0.0	0.0	0.25	0.0	0.25	0.0	0.0	0.0	0.5	0.0	0.0	4.0	"INC"	2	0.0	0.0	0.0	0.0	0.0	0.64
45	"W"	"INC"	"Female"	"Sneha Vinayak Zagade"	24	"S.Y.B.Com (Appeared)"		"Yes"	0		1.0852E7		58	65	11	14	11	14	2014							66.146	59.611	57.927	67.412	59.083	67.516	69.012	78.547	76.085	58.06	63.473	65.173	69.622	64.681	38.0	46.0	55.906666	57.865	57.225	63.0425			0	1	0	0	0	0	3	0	0	2	1	0	0	0	0	0	0	0	0	0	0	0	0	0	0	0	0	2	0	0	0	0		0	0	0	0	0	0	0	0	0	0	0	0	0	0	0	0	0	0	0	0	0	0	0	0	0	0	0	0	0	0	0	0	0	0	0	0	0	0	0	0	0	0	0	0	0	0	0	2	0	0	2012.0	503.0	"P/S"	0.64	1.0	"OBC-W"	1.0	"OBC"	2	1.0	0.0	0.8923077	0.78571427	0.8888889	0.90433335	1.0	1.0	17.0	5.424264527109166	0.0	0.0	0.0	0.0	0.0	0.0	0.54545456	0.0	0.09090909	0.0	0.0	0.0	0.18181819	0.0	0.18181819	0.0	0.0	11.0	"INC"	2	0.0	0.0	0.0	0.0	0.0	0.64
45	"W"	"INC"	"Female"	"Sneha Vinayak Zagade"	25	"S.Y.B.Com (Appeared)"		"Yes"	0		4080000.0		40	79	13	20	7	19	2015							63.813	45.932	48.966	70.972	58.567	68.88	80.716	85.988	81.37	49.603	49.073	50.718	65.374	67.549	57.7	66.2	68.84	70.52	70.1175	65.325			0	0	0	0	0	0	0	0	0	0	0	0	0	0	0	0	0	0	0	0	0	0	0	0	0	0	0	3	0	0	0	0		0	0	0	0	0	0	0	0	0	0	0	0	0	0	0	0	0	0	0	0	0	0	0	0	0	0	0	0	0	0	0	0	0	0	0	0	0	0	0	0	0	0	0	0	0	0	0	7	0	0	2012.0	503.0	"P/S"	0.64	1.0	"OBC-W"	1.0	"OBC"	2	1.0	0.0	0.5063291	0.65	0.5660377	0.68	1.0	1.0	11.4	3.526178767717674	0.0	0.0	0.0	0.0	0.0	0.0	0.0	0.0	0.0	0.0	0.0	0.0	0.7	0.0	0.3	0.0	0.0	10.0	"INC"	2	0.0	0.0	0.0	0.0	0.0	0.64
45	"W"	"INC"	"Female"	"Sneha Vinayak Zagade"	26	"S.Y.B.Com (Appeared)"		"Yes"	0		6396184.5		62	74	16	19	12	17	2016							73.221	64.971	55.799	81.817	65.941	74.125	74.341	79.866	75.731	66.477	61.685	65.107	69.31	72.793	0.0	28.7	63.63	75.0025	77.62	70.1725			0	0	0	0	0	0	0	0	0	1	1	0	0	0	0	0	0	0	0	0	0	0	0	0	0	0	0	2	0	0	0	0	1	1	0	0	0	0	1	0	0	0	0	0	0	0	0	0	0	0	0	0	0	0	0	0	0	0	0	0	0	0	0	0	1	0	0	0	0	0	0	0	0	0	0	0	0	0	0	0	0	0	0	2012.0	503.0	"P/S"	0.64	1.0	"OBC-W"	1.0	"OBC"	2	1.0	0.0	0.8378378	0.84210527	0.85714287	0.5330154	1.0	1.0	15.5	4.900482509047045	0.0	0.0	0.0	0.125	0.0	0.125	0.125	0.0	0.125	0.0	0.0	0.125	0.0	0.0	0.25	0.125	0.0	8.0	"INC"	2	0.0	0.0	0.0	0.0	0.0	0.64
45	"OBC"	"BJP"	"Male"	"Ramnarayan Amtharam Barot "	73	"L.C.E.H. (Mumbai)"		"Yes"	0		5070807.5		82	102	10	15	21	29	2018		16498	"16407"		"SS"	"10798"	81.447	65.775	74.22	66.067		66.007	52.905	60.021	57.006	61.848	58.713	68.809	67.408	67.439	95.5	81.8	70.34333	37.7925	84.235	73.8525		63.776	0	1	0	0	0	0	0	0	0	0	1	0	0	0	0	0	0	0	0	0	0	0	0	0	0	0	0	0	0	1	0	0		0	0	0	0	0	0	0	0	0	0	0	0	0	0	0	0	0	0	0	0	0	0	1	1	0	0	0	0	0	0	0	0	0	0	0	0	0	0	0	0	0	0	0	0	0	0	0	2	0	0	2017.0	504.0	"P/N"	0.48	0.0		0.0	"OBC"	2	1.0	0.0	0.8039216	0.6666667	0.81884056	0.84513456	1.0	1.0	7.0567142857142855	4.269452449567723	0.0	0.0	0.0	0.0	0.2857143	0.0	0.14285715	0.0	0.14285715	0.0	0.14285715	0.0	0.2857143	0.0	0.0	0.0	0.0	7.0	"BJP"	1	0.0	0.0	0.0			0.0
46		"SS"	"Male"	"Shantaram Sayajirao Bhosale"									49	51	14	14	13	13	2011			"8187"		"INC"	"3091"	61.747	62.764	61.509	62.154		62.298	63.764	62.655	63.686	60.392	60.551	64.68	63.435	60.627					55.11		144		0	2	0	0	0	0	0	0	0	0	1	0	0	0	0	0	0	0	0	0	0	0	0	0	0	0	0	1	0	0	1	0		0	0	0	0	0	0	0	0	0	0	0	0	0	0	0	0	0	0	0	0	0	0	0	0	0	0	0	0	0	0	0	0	0	0	0	0	0	0	0	0	0	0	0	0	0	0	0	2	0	0	2007.0	505.0	"P/S"	0.64	0.0		0.0			1.0		0.9607843	1.0	0.974359				11.142857142857142	5.548128342245989	0.0	0.0	0.0	0.0	0.0	0.0	0.2857143	0.0	0.14285715	0.0	0.14285715	0.0	0.2857143	0.0	0.14285715	0.0	0.0	7.0	"SS"	5	1.0	0.0	0.0	0.0	0.0	0.0
46	"W"	"SS"	"Female"	"Varsha Swapnil Tembvalkar"	38	"T.Y.B.Com"		"not given"	0		5583045.0		70	70	17	17	26	29	2013			"8945"		"MNS"	"2530"	80.581	66.01	72.823	81.978	67.462	79.279	79.099	89.066	86.173	66.318	66.207	68.365	77.177	76.714	52.1	54.9	74.19	80.1875	89.5225	74.4675			0	1	0	0	0	0	2	0	0	0	0	0	0	0	0	0	0	0	0	0	0	0	0	0	0	0	0	0	0	0	0	0	1	1	0	2	0	0	0	0	1	0	0	0	0	0	0	0	0	0	0	0	0	0	0	0	0	0	0	0	0	0	0	0	0	0	0	0	0	0	0	0	0	0	0	0	0	0	0	0	0	0	0	2012.0	506.0	"P/S"	0.64	1.0	"W"	1.0	"G"	1	0.0	0.0	1.0	1.0	1.0	0.9305075	1.0	0.0	16.25	5.03434065934066	0.0	0.0	0.0	0.375	0.0	0.0	0.375	0.0	0.0	0.0	0.0	0.125	0.0	0.0	0.0	0.125	0.0	8.0	"SS"	5	1.0	0.0	0.0	0.0	0.0	0.64
46	"W"	"SS"	"Female"	"Varsha Swapnil Tembvalkar"	39	"T.Y.B.Com"		"not given"	0		1.1583E7		64	65	14	14	19	24	2014							58.127	54.629	54.032	61.624	58.746	69.373	70.004	81.795	75.846	56.761	61.186	63.746	63.18	63.43	39.5	40.0	61.086666	67.925	56.9575	65.2075			0	0	0	0	0	0	0	0	0	4	0	0	3	0	0	0	0	0	0	0	0	0	0	0	0	0	0	2	0	1	2	0		1	0	0	0	0	0	0	0	0	0	0	0	0	0	0	0	0	0	0	0	0	0	0	0	0	0	0	0	0	0	0	0	0	0	0	0	0	0	0	0	0	0	0	0	0	0	0	0	0	0	2012.0	506.0	"P/S"	0.64	1.0	"W"	1.0	"G"	1	0.0	0.0	0.9846154	1.0	0.9897959	0.96525	1.0	0.0	15.153846153846153	2.7072696328713834	0.23076923	0.0	0.0	0.07692308	0.0	0.0	0.30769232	0.0	0.0	0.0	0.23076923	0.0	0.0	0.0	0.15384616	0.0	0.0	13.0	"SS"	5	1.0	0.0	0.0	0.0	0.0	0.64
46	"W"	"SS"	"Female"	"Varsha Swapnil Tembvalkar"	40	"T.Y.B.Com"		"not given"	0		5668000.0		74	79	16	20	16	22	2015							63.667	38.819	41.766	66.333	53.579	59.649	65.605	84.574	78.997	47.638	48.729	55.647	66.607	59.991	67.4	70.9	71.24	70.86	67.1125	66.5325			0	0	0	0	0	0	0	0	1	0	0	0	0	0	0	0	0	0	0	0	0	0	0	0	0	0	0	4	0	1	0	0	3	0	0	0	0	0	0	0	0	0	0	0	0	0	0	0	0	0	0	0	0	0	0	0	0	0	0	0	0	0	0	0	0	0	0	0	0	0	0	0	0	0	0	0	0	0	0	0	0	0	0	2012.0	506.0	"P/S"	0.64	1.0	"W"	1.0	"G"	1	0.0	0.0	0.93670887	0.8	0.9217391	0.9446667	1.0	0.0	8.0	4.934914665895285	0.0	0.0	0.0	0.0	0.0	0.0	0.11111111	0.0	0.0	0.0	0.11111111	0.0	0.0	0.0	0.44444445	0.33333334	0.0	9.0	"SS"	5	1.0	0.0	0.0	0.0	0.0	0.64
46	"W"	"SS"	"Female"	"Varsha Swapnil Tembvalkar"	41	"T.Y.B.Com"		"not given"	0		4975178.5		70	74	17	19	47	49	2016							73.36	67.58	66.978	81.6	66.8	76.24	82.16	85.36	80.0	66.96	66.8	70.08	78.32	79.032	41.6	84.8	55.466667	72.88	67.61	73.9525			0	1	0	0	0	0	0	0	1	0	3	0	1	0	0	0	0	0	0	0	0	0	0	0	0	0	0	5	0	1	0	1	5	0	0	0	0	0	0	0	0	0	0	0	0	0	0	0	0	0	0	0	0	0	0	0	0	0	0	0	0	0	0	0	0	0	0	0	0	0	0	0	0	0	0	0	0	0	0	0	3	0	0	2012.0	506.0	"P/S"	0.64	1.0	"W"	1.0	"G"	1	0.0	0.0	0.9459459	0.8947368	0.95714283	0.4145982	1.0	0.0	14.0	5.848746816780592	0.04761905	0.0	0.0	0.0	0.0	0.0	0.0952381	0.0	0.14285715	0.0	0.04761905	0.0	0.14285715	0.0	0.23809524	0.2857143	0.0	21.0	"SS"	5	1.0	0.0	0.0	0.0	0.0	0.64
46	"OBC-W"	"BJP"	"Female"	"Yogita Sunil Koli"	43	"Graduate"		"Yes"	0		4510392.5		90	102	13	15	23	30	2018		27566	"16868"		"SS"	"8367"	54.662	44.93	62.718	71.237		74.036	73.147	76.437	73.819	56.06	59.172	67.428	71.755	64.945	52.3	23.4	59.98	54.57	59.485	73.84		62.085	0	0	0	0	0	0	0	0	0	0	1	0	0	0	0	0	0	0	0	0	0	0	0	0	0	0	0	4	0	0	0	0		0	0	0	0	1	1	0	0	0	0	0	0	0	0	0	0	0	1	0	0	0	0	0	0	0	0	0	0	0	3	0	0	0	0	0	0	0	0	0	0	0	0	0	0	0	0	0	6	0	0	2017.0	507.0	"P/N"	0.48	1.0		1.0	"OBC"	2	1.0	0.0	0.88235295	0.8666667	0.9	0.7517321	1.0	1.0	12.258470588235294	2.759165866154339	0.0	0.0	0.0	0.0	0.0	0.1764706	0.05882353	0.0	0.05882353	0.0	0.0	0.11764706	0.3529412	0.0	0.23529412	0.0	0.0	17.0	"BJP"	1	0.0	0.0	0.0			0.48
47		"SS"	"Male"	"Sunil Vaman Prabhu"									51	51	2	14	57	71	2011			"9372"		"INC"	"4424"	77.016	68.063	51.321	79.33		70.476	63.773	85.997	83.335	48.602	64.663	59.694	69.823	68.013					80.0825		118		1	3	0	0	0	1	0	0	0	1	1	0	8	0	2	0	1	0	0	0	0	0	0	0	0	1	0	4	0	1	1	0	3	0	0	0	0	0	0	0	0	0	0	0	0	0	0	0	0	0	1	0	0	0	0	0	0	2	0	0	0	3	0	1	0	0	0	0	0	0	0	0	0	0	0	0	1	0	2	5	5	1	0	2007.0	508.0	"P/S"	0.64	0.0		0.0			1.0		1.0	0.14285715	0.90163934				13.346938775510203	5.122064636131133	0.1632653	0.0	0.10204082	0.040816326	0.040816326	0.08163265	0.1632653	0.0	0.020408163	0.0	0.06122449	0.0	0.10204082	0.020408163	0.10204082	0.06122449	0.040816326	49.0	"SS"	5	1.0	0.0	0.0	0.0	0.0	0.0
47		"SS"	"Male"	"Jitendra Hiralal Valvi"	34	"HSC"		"Yes"	0		3714888.8		69	70	14	17	23	25	2013			"11627"		"Congress"	"5517"	54.322	52.314	45.217	70.615	45.702	67.666	69.874	81.784	76.954	48.131	46.587	51.442	50.697	49.023	28.4	62.2	59.18667	64.9125	64.2175	68.69			0	0	0	0	0	0	0	0	0	0	0	0	0	0	0	0	0	0	0	0	0	0	0	0	0	0	0	0	0	0	0	0		1	0	2	0	0	0	0	0	0	0	0	0	0	0	0	0	0	0	0	0	0	0	0	0	0	0	0	0	0	0	0	0	0	0	0	0	0	0	0	0	0	0	0	0	0	1	0	0	0	0	2012.0	509.0	"P/S"	0.64	0.0	"ST"	0.0	"SCST"	3	1.0	0.0	0.98571426	0.8235294	0.96363634	0.61914814	0.0	1.0	10.5	0.0	0.0	0.0	0.0	1.0	0.0	0.0	0.0	0.0	0.0	0.0	0.0	0.0	0.0	0.0	0.0	0.0	0.0	4.0	"SS"	5	1.0	0.0	0.0	0.0	0.0	0.0
47		"SS"	"Male"	"Jitendra Hiralal Valvi"	35	"HSC"		"Yes"	0		1.0071E7		62	65	11	14	9	14	2014							63.474	65.611	73.58	68.026	67.937	71.198	62.329	88.325	57.856	70.145	73.844	73.178	80.006	78.357	13.3	44.0	57.25	53.9525	60.0825	61.9225			0	0	0	0	0	0	0	0	0	0	0	0	1	0	0	0	0	0	0	0	0	0	0	0	0	0	0	0	0	0	1	0		0	0	0	0	0	0	0	0	0	0	0	0	0	0	0	0	0	0	0	0	0	0	0	0	0	0	0	0	0	0	0	0	0	0	0	0	0	0	0	0	0	0	0	0	0	0	0	2	0	0	2012.0	509.0	"P/S"	0.64	0.0	"ST"	0.0	"SCST"	3	1.0	0.0	0.95384616	0.78571427	0.9318182	0.83925	0.0	1.0	10.5	0.286895210308777	0.25	0.0	0.0	0.0	0.0	0.0	0.0	0.0	0.0	0.0	0.25	0.0	0.5	0.0	0.0	0.0	0.0	4.0	"SS"	5	1.0	0.0	0.0	0.0	0.0	0.0
47		"SS"	"Male"	"Jitendra Hiralal Valvi"	36	"HSC"		"Yes"	0		5931000.0		59	79	20	20	19	34	2015							87.089	48.676	78.037	87.237	79.093	86.597	87.515	92.265	92.092	45.655	46.765	48.129	77.317	82.454	15.1	18.8	75.38	92.2375	66.105	86.6175			0	0	0	0	0	0	1	0	0	0	1	0	0	0	0	0	0	0	0	0	0	0	0	0	0	0	0	3	0	1	1	0		0	0	0	0	0	0	0	0	0	0	0	0	0	0	0	0	0	0	0	0	0	0	0	0	0	0	0	0	0	0	0	1	0	0	0	0	0	0	0	0	0	0	0	0	0	0	0	2	0	0	2012.0	509.0	"P/S"	0.64	0.0	"ST"	0.0	"SCST"	3	1.0	0.0	0.7468355	1.0	0.8305085	0.9885	0.0	1.0	14.0	6.722591842638125	0.0	0.0	0.0	0.0	0.0	0.1	0.1	0.0	0.1	0.0	0.2	0.0	0.2	0.0	0.3	0.0	0.0	10.0	"SS"	5	1.0	0.0	0.0	0.0	0.0	0.0
47		"SS"	"Male"	"Jitendra Hiralal Valvi"	37	"HSC"		"Yes"	0		5943988.5		51	74	12	19	39	61	2016							81.08	77.258	73.73	84.603	81.276	86.561	84.797	87.845	85.779	74.151	75.402	76.67	79.101	79.316	0.0	19.6	74.183334	85.3725	80.6375	83.095			0	0	0	0	0	0	0	0	0	0	0	0	0	0	0	0	0	0	0	0	0	0	0	0	0	0	0	0	0	1	0	0	1	0	0	0	0	0	0	0	0	0	0	0	0	0	0	0	0	0	0	0	0	0	0	0	0	0	0	0	0	0	0	0	0	0	0	0	0	0	0	0	0	0	0	0	0	0	0	0	2	0	0	2012.0	509.0	"P/S"	0.64	0.0	"ST"	0.0	"SCST"	3	1.0	0.0	0.6891892	0.6315789	0.77272725	0.49533236	0.0	1.0	14.0	1.4806996381182147	0.0	0.0	0.0	0.0	0.0	0.0	0.0	0.0	0.0	0.0	0.25	0.0	0.5	0.0	0.0	0.25	0.0	4.0	"SS"	5	1.0	0.0	0.0	0.0	0.0	0.0
47	"W"	"BJP"	"Female"	"Jaya Satnam Singh Tiwana "	60	"SSC"		"Yes"	0		5150913.0		77	102	13	15	13	15	2018		21551	"9301"		"Congress"	"1815"	43.882	28.975	20.914	31.833		30.95	41.982	94.144	94.019	43.153	49.645	70.021	89.971	55.31	86.3	86.1	74.29	34.1475	85.4775	75.8725		55.537	0	0	0	0	0	0	0	0	0	0	2	0	1	0	0	1	0	1	0	0	0	0	0	0	0	0	0	3	2	2	0	0	1	0	0	0	0	0	0	0	0	0	0	0	2	0	0	0	0	0	0	0	0	0	0	0	0	0	0	0	0	0	0	0	0	0	0	0	0	0	0	0	0	0	0	0	0	0	0	0	1	0	0	2017.0	510.0	"P/N"	0.48	1.0		1.0	"G"	1	0.0	0.0	0.75490195	0.8666667	0.7923077	0.8584855	0.0	1.0	14.568	4.913053445113964	0.0625	0.0	0.0	0.0	0.0	0.0	0.0625	0.0625	0.125	0.0	0.125	0.125	0.0625	0.0	0.1875	0.0625	0.125	16.0	"BJP"	1	0.0	0.0	0.0			0.48
48	"W"	"SS"	"Female"	"Sumangal Suraj Kolatharkar "									49	51	14	14	7	13	2011			"8984"		"INC"	"3854"	87.457	69.625	61.546	92.062		77.557	73.215	95.063	90.382	65.016	67.832	59.978	70.869	70.514					65.4175		119		0	0	0	0	0	0	0	0	0	0	0	0	0	0	0	0	0	0	0	0	0	0	0	0	0	0	0	1	0	0	0	0		0	0	1	0	0	0	0	0	0	0	0	0	0	0	0	0	0	0	0	0	0	0	0	0	0	0	0	0	0	0	0	0	0	0	0	0	0	0	0	0	0	0	0	0	0	0	0	5	0	0	2007.0	511.0	"P/S"	0.64	1.0		1.0	"G"	1	0.0		0.9607843	1.0	0.9722222				8.571428571428571	1.0828877005347595	0.0	0.0	0.0	0.14285715	0.0	0.0	0.0	0.0	0.0	0.0	0.0	0.0	0.71428573	0.0	0.14285715	0.0	0.0	7.0	"SS"	5	1.0	0.0	0.0	0.0	0.0	0.64
48		"SS"	"Male"	"Sunil Vaman Prabhu"	44	"HSC"		"Yes"	0		3877788.0		69	70	1	17	0	0	2013			"13411"		"Congress"	"9720"	67.219	44.137	58.416	71.582	53.322	53.044	64.353	89.532	88.562	59.789	58.24	60.798	70.218	65.802	69.7	72.8	66.253334	81.47	69.0375	78.56			0	0	0	0	0	0	0	0	0	0	0	0	0	0	0	0	0	0	0	0	0	0	0	0	0	0	0	0	0	0	0	0		0	0	0	0	0	0	0	0	0	0	0	0	0	0	0	0	0	0	0	0	0	0	0	0	0	0	0	0	0	0	0	0	0	0	0	0	0	0	0	0	0	0	0	0	0	0	0	3	0	0	2012.0	512.0	"P/S"	0.64	0.0	"G"	0.0	"G"	1	0.0	0.0	0.98571426	0.05882353	0.8045977	0.646298	0.0	1.0	6.0	0.0	0.0	0.0	0.0	0.0	0.0	0.0	0.0	0.0	0.0	0.0	0.0	0.0	1.0	0.0	0.0	0.0	0.0	3.0	"SS"	5	1.0	0.0	0.0	0.0	0.0	0.0
48		"SS"	"Male"	"Sunil Vaman Prabhu"	45	"HSC"		"Yes"	0		1.1997E7		63	65	1	14	0	0	2014							73.638	68.7	62.209	72.578	71.641	68.568	75.541	88.898	87.349	66.438	66.054	70.755	68.514	69.643	29.3	35.5	56.013332	72.4375	61.9775	71.3275			0	0	0	0	0	0	0	0	0	0	0	0	0	0	0	0	1	0	0	0	0	0	0	0	0	0	0	0	0	0	0	0		0	0	0	0	0	0	0	0	0	0	0	0	0	0	0	0	0	0	0	0	0	0	0	0	0	0	0	0	0	0	0	0	0	0	0	0	0	0	0	0	0	0	0	0	0	0	1	4	0	0	2012.0	512.0	"P/S"	0.64	0.0	"G"	0.0	"G"	1	0.0	0.0	0.9692308	0.071428575	0.8101266	0.99975	0.0	1.0			0.0	0.0	0.16666667	0.0	0.0	0.0	0.16666667	0.0	0.0	0.0	0.0	0.0	0.6666667	0.0	0.0	0.0	0.0	6.0	"SS"	5	1.0	0.0	0.0	0.0	0.0	0.0
48																			2015							78.862	63.516	56.879	74.914	58.627	66.383	72.439	80.774	60.863	55.842	56.295	66.717	63.293	60.586	79.6	80.1	64.88	66.07	72.27	67.68			0	0	0	0	0	0	0	0	0	0	0	0	0	0	0	0	0	0	0	0	0	0	0	0	0	0	0	0	0	0	0	0		0	0	0	0	0	0	0	0	0	0	0	0	0	0	0	0	0	0	0	0	0	0	0	0	0	0	0	0	0	0	0	0	0	0	0	0	0	0	0	0	0	0	0	0	0	0	0	0	0	0	2012.0	512.0	"P/S"	0.64	0.0	"G"	0.0	"G"	1	0.0																												"_Other"	6	0.0	0.0	0.0	0.0	0.0	0.0
48		"SS"	"Male"	"Sunil Vaman Prabhu"	47	"HSC"		"Yes"	0		7669541.0		63	74	3	19	0	0	2016							72.167	58.042	73.038	79.241	68.033	72.387	69.136	72.726	68.588	61.398	58.258	58.692	63.472	64.354	22.8	53.3	64.49333	78.525	73.3175	72.5			0	0	0	0	0	0	0	0	0	0	0	0	0	0	0	0	0	0	0	0	0	0	0	0	0	0	0	0	0	0	0	0		0	0	0	0	0	0	0	0	0	0	0	0	0	0	0	0	0	0	0	0	0	0	0	0	0	0	0	0	0	0	0	0	0	0	0	0	0	0	0	0	0	0	0	0	0	0	0	6	0	0	2012.0	512.0	"P/S"	0.64	0.0	"G"	0.0	"G"	1	0.0	0.0	0.8513514	0.15789473	0.7096774	0.6391284	0.0	1.0	6.0	0.0	0.0	0.0	0.0	0.0	0.0	0.0	0.0	0.0	0.0	0.0	0.0	0.0	1.0	0.0	0.0	0.0	0.0	6.0	"SS"	5	1.0	0.0	0.0	0.0	0.0	0.0
48	"OBC"	"INC"	"Female"	"Salma Salim Almelkar"	62	"Upto Fifth"		"Yes"	0		5153209.0		90	102	12	15	10	15	2018		20741	"6655"		"AIMIM"	"4308"	61.071	55.506	61.882	67.999		73.709	74.058	78.603	80.485	66.374	74.821	72.512	74.319	78.661	0.0	51.2	52.1	62.41	69.66	72.1625		61.736	0	0	0	0	0	0	1	0	0	0	1	0	0	0	0	0	0	0	0	0	0	0	0	0	0	0	0	0	0	0	0	0		0	0	0	0	0	0	0	0	0	0	0	0	0	0	0	0	0	0	0	0	0	0	0	0	0	0	0	0	0	0	0	0	0	0	0	0	0	0	0	0	0	0	0	0	0	0	0	2	0	0	2017.0	513.0	"P/N"	0.48	1.0		0.0	"OBC"	2	1.0	0.0	0.88235295	0.8	0.88188976	0.8588682	0.0	1.0	7.07	2.435158501440922	0.0	0.0	0.0	0.0	0.0	0.0	0.25	0.0	0.25	0.0	0.0	0.0	0.5	0.0	0.0	0.0	0.0	4.0	"INC"	2	0.0	0.0	0.0			0.0
49		"INC"	"Male"	"Sameer Kamlakar Desai"									50	51	11	14	65	71	2011			"11689"		"SS"	"5896"	84.887	83.586	83.677	84.928		84.167	84.721	84.829	82.902	84.908	82.947	81.484	82.29	82.945					87.5875		121		0	0	0	0	0	1	0	0	0	1	0	1	1	0	1	0	0	0	0	0	0	0	0	0	0	0	0	0	0	1	0	0	2	0	0	0	0	0	0	0	0	0	0	0	0	0	0	0	0	0	0	0	0	0	0	0	1	0	0	0	0	0	0	0	0	0	0	0	0	0	0	0	0	0	0	0	1	2	0	0	2	0	0	2007.0	514.0	"P/S"	0.64	0.0		0.0			1.0		0.98039216	0.78571427	0.9692308				11.142857142857144	2.299465240641711	0.071428575	0.14285715	0.0	0.0	0.071428575	0.0	0.14285715	0.0	0.0	0.0	0.071428575	0.0	0.14285715	0.071428575	0.0	0.14285715	0.14285715	14.0	"INC"	2	0.0	0.0	0.0	0.0	0.0	0.0
49	"W"	"SS"	"Female"	"Lochana Chandrakant Chavan"	46	"Upto SSC"		"Yes"	1		5467241.5		66	70	16	17	40	48	2013	1		"10932"		"Congress"	"2276"	71.349	70.459	66.938	74.601	66.441	74.614	72.673	73.076	69.511	63.37	65.181	66.834	68.024	68.067	12.2	47.7	69.543335	72.7125	86.035	74.1725			1	1	0	0	0	0	0	0	0	0	0	0	0	0	0	0	0	0	0	0	0	0	0	0	0	0	0	2	0	0	0	0		0	0	1	0	0	0	0	0	0	0	0	0	0	0	0	0	0	0	0	0	0	0	0	1	0	0	0	0	0	0	0	0	0	0	0	0	0	0	0	0	0	0	0	0	0	0	0	1	0	0	2012.0	515.0	"P/S"	0.64	1.0	"OBC-W"	1.0	"OBC"	2	1.0	1.0	0.94285715	0.9411765	0.96062994	0.9112069	0.0	1.0	12.142857142857142	3.646978021978022	0.0	0.0	0.0	0.14285715	0.14285715	0.0	0.14285715	0.0	0.0	0.0	0.0	0.0	0.14285715	0.0	0.2857143	0.0	0.14285715	7.0	"SS"	5	1.0	0.0	0.0	0.0	0.0	0.64
49	"W"	"SS"	"Female"	"Lochana Chandrakant Chavan"	47	"Upto SSC"		"Yes"	1		1.1467E7		37	65	12	14	20	38	2014							55.628	51.248	53.446	66.587	61.524	69.688	71.173	76.902	76.841	56.277	53.766	56.828	60.417	58.494	42.8	59.0	60.573334	60.6125	58.37	64.915			0	1	0	0	0	0	1	0	0	1	0	0	0	0	0	0	0	0	0	0	0	0	0	0	0	0	0	5	0	0	0	0		0	0	0	0	0	0	0	0	0	1	0	0	0	0	0	0	0	0	0	0	0	0	0	0	0	0	0	0	0	0	0	0	0	0	0	0	0	0	0	0	0	0	0	0	0	0	0	0	0	0	2012.0	515.0	"P/S"	0.64	1.0	"OBC-W"	1.0	"OBC"	2	1.0	1.0	0.5692308	0.85714287	0.6969697	0.95558333	0.0	1.0	13.0	6.642657427668368	0.0	0.0	0.0	0.0	0.0	0.0	0.33333334	0.0	0.0	0.0	0.0	0.11111111	0.0	0.0	0.5555556	0.0	0.0	9.0	"SS"	5	1.0	0.0	0.0	0.0	0.0	0.64
49	"W"	"SS"	"Female"	"Lochana Chandrakant Chavan"	48	"Upto SSC"		"Yes"	1		5428000.0		45	79	14	20	24	41	2015							74.12	67.729	64.55	70.845	67.448	72.647	71.58	72.488	68.852	63.14	58.986	60.288	60.502	61.223	28.4	30.4	67.99	66.115	61.4925	61.3525			1	2	0	0	0	0	0	0	0	0	0	0	0	0	0	0	0	0	0	0	0	0	0	0	0	0	0	3	0	1	0	0		0	0	1	0	0	0	0	0	0	0	0	0	0	0	0	0	0	0	0	0	0	0	0	1	0	0	0	0	0	1	0	0	0	0	0	0	0	0	0	0	0	0	0	0	0	0	0	0	0	0	2012.0	515.0	"P/S"	0.64	1.0	"OBC-W"	1.0	"OBC"	2	1.0	1.0	0.56962025	0.7	0.67479676	0.90466666	0.0	1.0	14.2	6.201909169800404	0.0	0.0	0.0	0.1	0.1	0.1	0.2	0.0	0.0	0.0	0.1	0.0	0.0	0.0	0.3	0.0	0.1	10.0	"SS"	5	1.0	0.0	0.0	0.0	0.0	0.64
49	"W"	"SS"	"Female"	"Lochana Chandrakant Chavan"	49	"Upto SSC"		"Yes"	1		5828162.5		57	74	18	19	18	35	2016	1						70.086	57.059	50.997	72.601	67.03	66.979	73.189	84.197	72.18	57.056	60.753	64.057	73.844	69.247	56.3	69.7	70.03	68.755	58.1	71.8475			0	3	0	0	0	0	0	0	0	0	0	0	0	0	0	0	0	0	0	0	0	0	0	0	0	0	0	1	0	0	1	0		0	0	0	0	0	1	0	0	0	0	0	0	0	0	0	0	0	0	0	0	0	0	0	0	0	0	0	0	1	1	0	0	0	0	0	0	0	0	0	0	0	0	0	0	0	0	0	3	0	0	2012.0	515.0	"P/S"	0.64	1.0	"OBC-W"	1.0	"OBC"	2	1.0	1.0	0.7702703	0.94736844	0.8378378	0.48568022	0.0	1.0	10.90909090909091	3.9195243839393417	0.0	0.0	0.0	0.0	0.0	0.18181819	0.27272728	0.0	0.0	0.0	0.09090909	0.09090909	0.27272728	0.0	0.09090909	0.0	0.0	11.0	"SS"	5	1.0	0.0	0.0	0.0	0.0	0.64
49	"W"	"SS"	"Female"	"Sangeeta Sanjay Sutar"	46	"HSC"		"Yes"	0		5080964.5		82	102	14	15	12	18	2018		26527	"7359"		"Congress"	"1928"	70.354	63.829	66.616	67.255		66.195	63.99	68.247	63.813	64.804	62.827	64.435	66.217	65.575	97.7	91.6	84.236664	56.28	42.7925	58.02		64.703	0	0	0	0	0	0	0	0	0	0	0	0	0	0	0	0	0	0	0	0	0	0	0	0	0	0	0	0	0	0	0	0		0	0	0	0	0	0	0	0	0	0	0	0	0	0	0	0	0	0	0	0	0	0	0	0	0	0	0	0	0	0	0	0	0	0	0	0	0	0	0	0	0	0	0	0	0	0	0	3	0	0	2017.0	516.0	"P/N"	0.48	1.0		1.0	"G"	1	0.0	0.0	0.8039216	0.93333334	0.8372093	0.8468274	0.0	1.0	4.0440000000000005	0.0	0.0	0.0	0.0	0.0	0.0	0.0	0.0	0.0	0.0	0.0	0.0	0.0	1.0	0.0	0.0	0.0	0.0	3.0	"SS"	5	1.0	0.0	0.0			0.48
50		"SS"	"Male"	"Rajan (Raju) Vasant Padhye"									36	38	10	10	0	0	2011			"5827"	"yes"	"SS"	"51"	90.69	75.696	81.582	91.256		88.87	84.294	88.673	84.489	79.507	76.345	73.039	75.72	78.524					76.35		115		0	0	0	0	0	0	0	0	0	0	0	0	0	0	0	0	0	0	0	0	0	0	0	0	0	0	0	1	0	0	0	1		0	0	0	0	0	0	0	0	0	0	0	0	0	0	0	0	0	0	0	0	0	0	0	0	0	0	0	0	0	0	0	0	0	0	0	0	0	0	0	0	0	0	0	0	0	0	1	1	0	0	2007.0	520.0	"P/S"	0.64	0.0		0.0			1.0		0.94736844	1.0	0.9583333				15.5	1.0873440285204992	0.0	0.0	0.25	0.0	0.0	0.0	0.0	0.0	0.0	0.0	0.0	0.0	0.25	0.0	0.25	0.25	0.0	4.0	"SS"	5	1.0	0.0	0.0	0.0	0.0	0.0
50		"SS"	"Male"	"Rajan Vasant Padhye"	49	"HSC"		"Yes"	5		5870984.0		68	70	17	17	44	52	2013	5		"9642"		"Congress"	"594"	59.376	55.147	54.045	58.332	60.837	59.038	58.371	63.863	65.182	62.679	54.916	55.593	56.31	58.705	3.8	62.2	54.08	55.5275	57.8575	49.115			0	2	0	0	0	0	0	0	0	0	0	0	0	0	0	0	1	0	0	0	0	0	0	0	0	0	0	2	0	0	1	0		2	0	0	0	0	0	0	0	0	0	0	0	0	0	0	0	0	0	0	0	0	0	0	0	0	0	0	0	0	0	0	0	0	0	0	0	0	0	0	0	0	0	0	0	0	1	0	5	0	0	2012.0	521.0	"P/S"	0.64	0.0	"G"	0.0	"G"	1	0.0	1.0	0.9714286	1.0	0.9847328	0.9784973	0.0	1.0	13.714285714285715	4.309752747252747	0.0	0.0	0.0	0.21428572	0.0	0.0	0.21428572	0.0	0.0	0.0	0.071428575	0.0	0.35714287	0.0	0.14285715	0.0	0.0	14.0	"SS"	5	1.0	0.0	0.0	0.0	0.0	0.0
50		"SS"	"Male"	"Rajan Vasant Padhye"	50	"HSC"		"Yes"	5		1.1758E7		59	65	13	14	29	43	2014							57.469	51.799	50.292	69.925	49.364	66.026	69.435	76.145	72.096	57.313	46.54	47.129	57.957	49.85	18.9	18.3	48.07	52.0875	57.61	61.9775			0	0	0	0	0	0	1	1	0	0	0	0	3	0	0	0	0	0	0	0	0	0	0	0	0	0	0	0	0	0	2	0		0	0	0	0	0	0	0	0	0	0	0	0	0	0	0	0	0	0	0	0	0	0	0	0	0	0	0	0	0	0	0	0	0	0	0	0	0	0	0	0	0	0	0	0	0	0	0	0	0	0	2012.0	521.0	"P/S"	0.64	0.0	"G"	0.0	"G"	1	0.0	1.0	0.9076923	0.9285714	0.9351852	0.9798333	0.0	1.0	13.714285714285715	1.4758084123510817	0.42857143	0.0	0.0	0.0	0.0	0.0	0.2857143	0.0	0.0	0.0	0.2857143	0.0	0.0	0.0	0.0	0.0	0.0	7.0	"SS"	5	1.0	0.0	0.0	0.0	0.0	0.0
50		"SS"	"Male"	"Rajan Vasant Padhye"	51	"HSC"		"Yes"	5	1	4890000.0		68	79	18	20	41	63	2015							60.454	55.977	53.78	61.707	61.34	65.247	68.677	70.776	67.311	59.41	58.119	59.082	63.571	66.187	23.0	37.3	55.17	62.195	75.605	68.875			0	0	0	0	0	0	0	0	0	0	0	0	1	0	0	0	0	0	0	0	0	0	0	0	0	0	0	2	0	1	0	1		1	0	0	0	0	0	0	0	0	0	0	0	0	0	0	0	0	0	0	0	0	0	0	0	0	0	0	0	0	0	0	0	0	0	0	0	0	0	0	0	0	0	0	0	0	0	0	2	0	0	2012.0	521.0	"P/S"	0.64	0.0	"G"	0.0	"G"	1	0.0	1.0	0.8607595	0.9	0.9071429	0.815	0.0	1.0	14.0	4.405553948510269	0.125	0.0	0.0	0.125	0.0	0.0	0.0	0.0	0.0	0.0	0.125	0.0	0.25	0.0	0.25	0.125	0.0	8.0	"SS"	5	1.0	0.0	0.0	0.0	0.0	0.0
50		"SS"	"Male"	"Rajan Vasant Padhye"	52	"HSC"		"Yes"	5	1	6920332.5		60	74	18	19	34	48	2016	6						59.152	51.863	65.416	73.915	62.251	70.754	69.629	71.022	68.505	55.514	52.618	51.777	62.813	60.833	2.8	21.5	64.486664	75.2425	77.525	75.765			0	0	0	0	0	0	0	0	0	0	0	0	0	0	0	0	0	0	0	0	0	0	0	0	0	0	0	4	0	1	0	0	2	0	0	0	0	0	0	0	0	0	0	0	0	0	0	0	0	0	0	0	0	0	0	0	0	0	0	0	0	0	0	0	0	0	0	0	0	0	0	0	0	0	0	0	0	1	0	0	2	0	0	2012.0	521.0	"P/S"	0.64	0.0	"G"	0.0	"G"	1	0.0	1.0	0.8108108	0.94736844	0.88188976	0.57669437	0.0	1.0	13.4	4.1194209891435465	0.0	0.1	0.0	0.0	0.0	0.0	0.0	0.0	0.0	0.0	0.1	0.0	0.2	0.0	0.4	0.2	0.0	10.0	"SS"	5	1.0	0.0	0.0	0.0	0.0	0.0
50	"G"	"BJP"	"Male"	"Deepak Jaiprakash Thakur"	38	"HSC"		"Yes"	0		5106345.5		89	102	13	15	13	15	2018		29460	"10645"		"SS"	"3862"	71.217	70.567	63.341	75.042		75.878	70.289	83.689	75.651	65.437	63.774	65.351	75.906	65.087	58.2	62.0	62.47333	46.9425	80.81	78.75		72.405	0	1	0	0	0	0	0	0	0	0	0	0	0	0	0	1	0	0	0	0	0	0	0	0	0	0	0	2	0	0	0	0		0	0	0	0	0	0	0	0	0	0	0	0	0	0	0	0	0	0	0	0	0	0	0	0	0	0	0	1	0	0	0	0	0	0	0	0	0	0	0	0	0	0	0	0	0	0	0	0	0	0	2017.0	522.0	"P/S"	0.64	0.0		0.0	"G"	1	0.0	0.0	0.872549	0.8666667	0.88461536	0.8510576	0.0	1.0	10.547	3.3672316384180787	0.0	0.0	0.0	0.0	0.0	0.0	0.4	0.0	0.0	0.0	0.0	0.0	0.0	0.0	0.4	0.0	0.2	5.0	"BJP"	1	0.0	0.0	0.0			0.0
51		"SS"	"Male"	"Dilip Yallappa Shinde"									46	51	10	14	0	0	2011			"7066"		"NCP"	"2412"	80.716	73.295	79.841	82.501		83.476	73.98	89.038	84.276	77.044	72.257	71.019	74.743	78.173					76.36		105		0	0	0	0	0	0	0	0	0	0	0	0	0	0	0	0	0	0	0	0	0	0	0	0	0	0	0	2	0	0	0	0		0	0	0	0	0	0	0	0	0	1	0	0	0	0	0	0	0	0	0	0	0	0	0	0	0	0	0	0	0	0	0	0	0	0	0	0	0	0	0	0	0	0	0	0	0	0	0	2	0	0	2007.0	523.0	"P/S"	0.64	0.0		0.0			1.0		0.9019608	0.71428573	0.86153847				16.2	1.0828877005347595	0.0	0.0	0.0	0.0	0.0	0.0	0.0	0.0	0.0	0.0	0.0	0.2	0.4	0.0	0.4	0.0	0.0	5.0	"SS"	5	1.0	0.0	0.0	0.0	0.0	0.0
51	"W"	"SS"	"Female"	"Pramila Dillip Shinde"	43	"SSC"		"Yes"	0		5973483.0		65	70	17	17	13	18	2013			"6407"		"NCP"	"1210"	66.928	63.533	67.438	66.53	63.626	63.924	61.706	65.577	65.926	59.672	60.469	59.694	61.125	61.01	44.0	82.1	72.69	61.3325	74.1625	56.5175			0	0	0	0	0	0	0	0	0	0	0	0	0	0	0	0	0	0	0	0	0	1	0	0	0	0	0	2	0	0	0	1		1	0	1	0	1	0	0	0	0	0	0	0	0	0	0	0	0	0	0	0	0	0	0	0	0	0	0	0	2	0	1	0	0	0	0	0	0	0	0	0	0	0	0	0	0	0	0	0	0	0	2012.0	524.0	"P/S"	0.64	1.0	"W"	1.0	"G"	1	0.0	0.0	0.9285714	1.0	0.95	0.9955805	0.0	1.0	14.2	1.3186813186813187	0.0	0.0	0.0	0.2	0.0	0.3	0.0	0.0	0.0	0.0	0.0	0.1	0.0	0.0	0.2	0.1	0.1	10.0	"SS"	5	1.0	0.0	0.0	0.0	0.0	0.64
51	"W"	"SS"	"Female"	"Pramila Dillip Shinde"	44	"SSC"		"Yes"	0		1.1109E7		55	65	14	14	17	17	2014							60.931	52.781	48.411	63.003	48.122	64.621	68.349	76.88	74.829	55.173	53.472	58.002	63.165	56.513	32.3	35.2	56.306667	69.5175	60.885	60.33			0	0	0	0	0	0	0	0	0	0	0	0	0	0	0	0	0	0	0	0	0	0	0	0	0	0	0	0	0	0	0	1		0	0	1	0	0	0	0	0	0	0	0	0	0	0	0	0	0	0	0	0	0	0	0	1	0	0	0	0	0	2	4	0	0	0	0	0	0	0	0	0	0	0	0	0	0	0	0	0	0	0	2012.0	524.0	"P/S"	0.64	1.0	"W"	1.0	"G"	1	0.0	0.0	0.84615386	1.0	0.8958333	0.92575	0.0	1.0	8.0	0.07293946024799416	0.0	0.0	0.0	0.11111111	0.11111111	0.6666667	0.0	0.0	0.0	0.0	0.0	0.0	0.0	0.0	0.0	0.11111111	0.0	9.0	"SS"	5	1.0	0.0	0.0	0.0	0.0	0.64
51	"W"	"SS"	"Female"	"Pramila Dillip Shinde"	45	"SSC"		"Yes"	0		4822000.0		63	79	16	20	15	24	2015							60.794	56.242	54.018	66.466	63.811	67.498	75.036	74.439	73.767	44.131	51.639	50.733	67.427	61.848	11.0	85.5	65.54	68.3625	76.85	64.8075			0	3	0	0	0	0	0	0	0	0	1	0	0	0	0	0	0	0	0	0	0	0	0	0	0	0	0	2	0	2	0	0	1	0	0	1	0	0	0	0	0	0	0	0	0	0	0	0	0	0	0	0	0	0	0	0	0	0	0	0	0	0	3	3	0	0	2	0	0	0	0	0	0	0	0	0	0	0	0	0	1	0	0	2012.0	524.0	"P/S"	0.64	1.0	"W"	1.0	"G"	1	0.0	0.0	0.79746836	0.8	0.8245614	0.80366665	0.0	1.0	12.631578947368421	5.254266705235753	0.0	0.0	0.0	0.05263158	0.0	0.31578946	0.15789473	0.0	0.05263158	0.0	0.10526316	0.0	0.05263158	0.0	0.10526316	0.05263158	0.10526316	19.0	"SS"	5	1.0	0.0	0.0	0.0	0.0	0.64
51	"W"	"SS"	"Female"	"Pramila Dillip Shinde"	46	"SSC"		"Yes"	0		6539447.0		65	74	18	19	16	18	2016							71.291	56.29	73.24	78.797	54.071	76.751	81.763	85.648	77.134	58.336	61.668	71.854	72.496	70.847	63.0	67.6	70.363335	81.3075	68.395	71.985			0	0	0	0	0	0	0	0	0	0	0	0	1	0	0	0	0	0	0	0	0	0	0	0	0	0	0	1	0	0	1	0		0	0	0	0	1	0	0	0	0	0	0	0	0	0	0	0	0	0	0	0	0	0	0	0	0	0	0	0	1	10	4	1	0	0	0	0	0	0	0	0	0	0	0	0	1	0	0	0	0	0	2012.0	524.0	"P/S"	0.64	1.0	"W"	1.0	"G"	1	0.0	0.0	0.8783784	0.94736844	0.9082569	0.54495394	0.0	1.0	7.714285714285714	0.87394451145959	0.04761905	0.04761905	0.0	0.0	0.0	0.7619048	0.0	0.0	0.0	0.0	0.04761905	0.04761905	0.0	0.0	0.04761905	0.0	0.0	21.0	"SS"	5	1.0	0.0	0.0	0.0	0.0	0.64
51	"G"	"SS"	"Male"	"Swapnil Mohan Tembwalkar"	46	"Graduate"		"Yes"	0		5374538.0		97	102	13	15	48	52	2018		26515	"7802"		"BJP"	"1167"	47.803	51.661	62.997	56.464		57.203	64.437	52.146	54.604	55.648	45.595	55.405	58.306	45.641	31.2	24.7	48.076668	56.7525	54.3675	67.535		53.873	0	0	0	0	0	0	0	1	0	0	0	0	0	0	0	0	0	0	0	0	0	0	0	0	0	0	0	1	0	0	0	0		0	0	0	0	0	0	0	0	0	0	0	0	0	0	0	0	0	0	0	0	0	0	0	0	0	0	0	0	0	0	0	0	0	0	0	0	0	0	0	0	0	0	0	0	0	0	0	3	0	0	2017.0	525.0	"P/S"	0.64	0.0		0.0	"G"	1	0.0	0.0	0.95098037	0.8666667	0.95757574	0.8957563	1.0	1.0	6.986	1.1864406779661016	0.0	0.0	0.0	0.0	0.0	0.0	0.2	0.0	0.0	0.0	0.0	0.0	0.6	0.0	0.2	0.0	0.0	5.0	"SS"	5	1.0	0.0	0.0			0.0
52		"BJP"	"Male"	"Dilip Ghanshyam Patel"									37	51	11	14	28	34	2011			"8492"		"INC"	"4497"	52.345	55.955	57.502	58.817		61.206	62.732	65.141	59.894	58.742	58.209	57.69	59.29	59.54					60.9375		133		0	1	0	0	0	0	0	0	0	0	0	0	0	0	0	0	0	0	0	1	1	0	0	0	0	0	0	0	0	1	0	0		0	0	0	0	0	0	0	0	0	0	0	0	0	0	0	0	0	0	0	0	0	0	0	0	0	0	0	0	0	0	0	0	0	0	0	0	0	0	0	0	0	0	0	0	0	0	0	1	2	2	2007.0	526.0	"P/S"	0.64	0.0		0.0			1.0		0.7254902	0.78571427	0.8172043				13.0	4.336007130124777	0.0	0.0	0.0	0.0	0.0	0.0	0.11111111	0.0	0.0	0.11111111	0.11111111	0.0	0.11111111	0.0	0.44444445	0.0	0.11111111	9.0	"BJP"	1	0.0	0.0	0.0	0.0	0.0	0.0
52	"W"	"INC"	"Female"	"Kiran Vinay Patel"	45	"B.A."		"Yes"	0		5458390.5		64	70	14	17	16	19	2013			"9069"		"BJP"	"1504"	70.123	67.191	67.518	65.701	66.666	66.724	66.916	66.987	65.848	63.661	65.56	64.805	66.243	65.38	0.0	81.7	70.043335	61.9925	76.19	56.155			0	0	0	0	0	0	0	0	0	0	0	0	0	0	0	0	0	0	0	0	0	0	0	0	0	0	0	0	0	0	0	0		0	0	0	0	0	0	0	0	0	0	0	0	0	0	0	0	0	0	0	0	0	0	0	0	0	0	0	0	0	1	0	0	0	0	0	0	0	0	0	0	0	0	0	0	0	0	0	0	0	0	2012.0	527.0	"P/S"	0.64	1.0	"OBC-W"	1.0	"OBC"	2	1.0	0.0	0.9142857	0.8235294	0.9126214	0.90973175	1.0	1.0	6.0	0.16483516483516483	0.0	0.0	0.0	0.0	0.0	1.0	0.0	0.0	0.0	0.0	0.0	0.0	0.0	0.0	0.0	0.0	0.0	1.0	"INC"	2	0.0	0.0	0.0	0.0	0.0	0.64
52	"W"	"INC"	"Female"	"Kiran Vinay Patel"	46	"B.A."		"Yes"	0		1.1224E7		55	65	12	14	12	14	2014							71.698	71.287	73.254	71.252	69.319	72.137	71.359	75.447	70.718	65.846	70.753	69.144	68.746	72.366	28.9	62.0	60.533333	65.2475	56.17	54.6975			0	0	0	0	0	0	0	0	0	0	0	0	1	0	0	0	0	0	0	0	0	0	0	0	0	0	0	3	0	0	0	0		0	0	0	0	0	0	0	0	0	0	0	0	0	0	0	0	0	0	0	0	0	0	0	0	0	0	0	0	0	0	0	0	0	0	0	0	0	0	0	0	0	0	0	0	1	0	0	1	0	0	2012.0	527.0	"P/S"	0.64	1.0	"OBC-W"	1.0	"OBC"	2	1.0	0.0	0.84615386	0.85714287	0.8681319	0.9353333	1.0	1.0	14.0	4.094335035254073	0.16666667	0.16666667	0.0	0.0	0.0	0.0	0.0	0.0	0.0	0.0	0.0	0.0	0.16666667	0.0	0.5	0.0	0.0	6.0	"INC"	2	0.0	0.0	0.0	0.0	0.0	0.64
52	"W"	"INC"	"Female"	"Kiran Vinay Patel"	47	"B.A."		"Yes"	0		5759000.0		55	79	13	20	15	19	2015							76.425	73.433	73.975	74.828	77.019	74.529	76.744	77.934	77.595	64.665	63.577	68.203	71.695	72.797	17.4	2.2	63.77667	62.345	63.6125	71.9175			0	0	0	0	0	0	0	0	0	0	0	0	0	0	0	0	0	0	0	0	0	0	0	0	0	0	0	0	0	1	0	0	1	0	0	0	0	0	0	0	0	0	0	0	0	0	0	0	0	0	0	0	0	0	0	0	0	0	0	0	0	0	0	0	0	0	0	0	0	0	0	0	0	0	0	0	0	0	0	0	4	0	0	2012.0	527.0	"P/S"	0.64	1.0	"OBC-W"	1.0	"OBC"	2	1.0	0.0	0.6962025	0.65	0.7280702	0.9598333	1.0	1.0	12.0	1.4087358981776106	0.0	0.0	0.0	0.0	0.0	0.0	0.0	0.0	0.0	0.0	0.16666667	0.0	0.6666667	0.0	0.0	0.16666667	0.0	6.0	"INC"	2	0.0	0.0	0.0	0.0	0.0	0.64
52	"W"	"INC"	"Female"	"Kiran Vinay Patel"	48	"B.A."		"Yes"	0		5559840.5		61	74	18	19	14	17	2016							82.155	76.398	69.368	88.385	78.838	80.181	80.368	93.146	82.973	71.174	67.654	72.612	74.227	74.68	11.7	50.5	71.473335	81.4225	84.13	81.3075			0	1	0	0	0	0	0	0	0	0	0	0	0	0	0	0	0	0	0	0	0	0	0	0	0	0	0	0	0	0	0	0		0	0	0	0	0	0	0	0	0	0	0	0	0	0	0	0	0	0	0	0	0	0	0	0	0	0	0	0	0	0	0	0	0	0	0	0	0	0	0	0	0	0	0	0	0	0	0	2	0	0	2012.0	527.0	"P/S"	0.64	1.0	"OBC-W"	1.0	"OBC"	2	1.0	0.0	0.8243243	0.94736844	0.86915886	0.46332005	1.0	1.0	6.0	2.1893848009650183	0.0	0.0	0.0	0.0	0.0	0.0	0.33333334	0.0	0.0	0.0	0.0	0.0	0.6666667	0.0	0.0	0.0	0.0	3.0	"INC"	2	0.0	0.0	0.0	0.0	0.0	0.64
52	"OBC-W"	"BJP"	"Female"	"Priti Manoj Satam"	34	"HSC"		"Yes"	0		5873497.5		97	102	15	15	9	14	2018		30868	"6696"		"SS"	"450"	76.957	68.503	72.823	70.36		61.14	55.992	57.118	57.239	61.945	61.71	62.551	61.207	62.004	80.1	78.9	73.206665	28.2375	92.7825	76.1825		59.049	0	1	0	0	0	0	0	0	0	4	2	0	1	0	0	0	1	1	0	0	0	0	0	0	0	0	0	14	0	2	0	0	1	0	0	4	0	0	0	0	0	0	0	0	0	0	0	0	0	0	0	0	0	0	0	0	0	0	0	0	0	0	1	0	0	0	0	0	0	0	0	0	0	0	0	0	0	0	0	0	1	0	0	2017.0	528.0	"P/S"	0.64	1.0		1.0	"OBC"	2	1.0	0.0	0.95098037	1.0	0.96031743	0.9789162	0.0	1.0	15.86590909090909	3.9545849630595393	0.030303031	0.0	0.0	0.121212125	0.0	0.030303031	0.18181819	0.030303031	0.060606062	0.0	0.060606062	0.0	0.030303031	0.0	0.42424244	0.030303031	0.0	33.0	"BJP"	1	0.0	0.0	0.0			0.64
53	"W"	"SP"	"Female"	"Barjina Abbas Sayed"									37	51	13	17	9	17	2011			"5550"		"INC"	"1584"	46.011	48.502	56.796	54.956		54.721	59.543	69.224	60.084	58.463	58.568	55.995	56.734	54.706					77.0775		119		0	0	0	0	0	0	0	0	0	0	0	0	0	0	0	0	0	0	0	0	0	0	0	0	0	0	0	2	0	0	0	0		0	0	0	0	0	0	0	0	0	0	0	0	0	0	0	0	0	0	0	0	0	0	0	0	2	0	0	0	0	0	0	0	0	0	0	0	0	0	0	0	0	0	0	0	0	0	0	3	0	0	2007.0	529.0	"K/W"	0.45	1.0		1.0	"G"	1	0.0		0.7254902	0.7647059	0.76623374				11.142857142857142	0.8371958285052143	0.0	0.0	0.0	0.0	0.2857143	0.0	0.0	0.0	0.0	0.0	0.0	0.0	0.42857143	0.0	0.2857143	0.0	0.0	7.0	"_Other"	6	0.0	0.0	0.0	0.0	0.0	0.45
53		"IND"	"Male"	"Changez Jamal Multani"	45	"SSC"		"Yes"	0		5243167.0		58	70	17	17	9	25	2013			"8368"		"MNS"	"5815"	76.233	70.18	67.983	61.356	63.635	74.241	64.108	69.237	76.424	67.986	55.354	69.281	62.818	62.056	24.1	68.9	66.723335	84.185	90.955	69.6525			0	0	0	0	0	0	1	0	0	0	0	0	0	0	0	0	0	0	0	0	0	0	0	0	0	0	0	0	0	0	0	0		0	0	0	0	0	0	0	0	0	0	0	0	0	0	0	0	0	0	0	0	0	0	0	0	0	0	0	0	0	0	0	0	0	0	0	0	0	0	0	0	0	0	0	0	0	0	0	2	0	0	2012.0	530.0	"K/W"	0.45	0.0	"G"	0.0	"G"	1	0.0	0.0	0.82857144	1.0	0.875	0.8738612	0.0	1.0	12.0	0.0	0.0	0.0	0.0	0.0	0.0	0.0	0.33333334	0.0	0.0	0.0	0.0	0.0	0.6666667	0.0	0.0	0.0	0.0	3.0	"_Other"	6	0.0	0.0	0.0	0.0	0.0	0.0
53		"IND"	"Male"	"Changez Jamal Multani"	46	"SSC"		"Yes"	0		1.1149E7		45	65	13	15	1	14	2014							54.132	49.213	43.21	60.367	60.224	60.324	63.056	75.794	74.764	55.866	53.233	46.324	49.572	50.355	21.9	38.2	46.58	56.8725	54.145	58.3175			0	0	0	0	0	0	0	0	0	0	0	0	0	0	0	0	0	0	0	0	0	0	0	0	0	0	0	0	0	0	0	0		0	0	0	0	0	0	0	0	0	0	0	0	0	0	0	0	0	0	0	0	0	0	0	0	0	0	0	0	0	0	0	0	0	0	0	0	0	0	0	0	0	0	0	0	0	0	0	0	0	0	2012.0	530.0	"K/W"	0.45	0.0	"G"	0.0	"G"	1	0.0	0.0	0.6923077	0.8666667	0.72839504	0.92908335	0.0	1.0	0.0	0.0																		0.0	"_Other"	6	0.0	0.0	0.0	0.0	0.0	0.0
53		"IND"	"Male"	"Changez Jamal Multani"	47	"SSC"		"Yes"	0	1	4028000.0		31	79	8	17	1	34	2015							58.759	41.513	58.39	71.32	43.748	69.944	65.529	84.816	80.723	52.819	49.389	60.863	67.317	67.106	71.3	92.8	84.1	85.445	90.4825	75.89			0	0	0	0	0	0	0	0	0	0	0	0	0	0	0	0	0	0	0	0	0	0	0	0	0	0	0	0	0	0	0	0		0	0	0	0	0	0	0	0	0	0	0	0	0	0	0	0	0	0	0	0	0	0	0	0	0	0	0	0	0	0	0	0	0	0	0	0	0	0	0	0	0	0	0	0	0	0	0	0	0	0	2012.0	530.0	"K/W"	0.45	0.0	"G"	0.0	"G"	1	0.0	0.0	0.39240506	0.47058824	0.41237113	0.6713333	0.0	1.0	0.0	0.0																		0.0	"_Other"	6	0.0	0.0	0.0	0.0	0.0	0.0
53		"IND"	"Male"	"Changez Jamal Multani"	48	"SSC"		"Yes"	0	1	4393857.0		43	74	7	18	1	31	2016	1						66.768	61.609	66.618	74.416	68.67	72.93	76.403	74.557	71.169	63.092	65.295	64.634	72.287	68.237	70.6	82.4	59.803333	79.705	50.5675	69.4875			0	0	0	0	0	0	0	0	0	0	0	0	0	0	0	0	0	0	0	0	0	0	0	0	0	0	0	0	0	0	0	0		0	0	0	0	0	0	0	0	0	0	0	0	0	0	0	0	0	0	0	0	0	0	0	0	0	0	0	0	0	0	0	0	0	0	0	0	0	0	0	0	0	0	0	0	0	0	0	0	0	0	2012.0	530.0	"K/W"	0.45	0.0	"G"	0.0	"G"	1	0.0	0.0	0.5810811	0.3888889	0.5483871	0.36615476	0.0	1.0	0.0	0.0																		0.0	"_Other"	6	0.0	0.0	0.0	0.0	0.0	0.0
53	"SC-W"	"SS"	"Female"	"Rekha Dadasaheb Ramvanshi"	54	"Upto Fifth"		"Yes"	0		5098694.5		90	102	11	15	14	18	2018		23528	"6088"		"BJP"	"2533"	46.039	59.813	56.898	70.868		66.515	69.097	74.559	75.051	75.061	76.743	75.319	73.85	74.39	100.0	98.1	68.10667	65.885	71.985	61.2425		73.304	0	0	0	0	0	0	0	0	0	0	0	0	0	0	0	0	0	0	0	0	0	0	0	0	0	0	0	0	0	0	0	0		0	0	0	0	0	0	0	0	0	0	0	0	0	0	0	0	0	0	0	0	0	0	0	0	0	0	0	0	0	0	0	0	0	0	0	0	0	0	0	0	0	0	0	0	0	0	0	0	0	0	2017.0	531.0	"P/S"	0.64	1.0		1.0	"SCST"	3	1.0	0.0	0.88235295	0.73333335	0.8778626	0.8497824	0.0	1.0	0.0	0.0																		0.0	"SS"	5	1.0	0.0	0.0			0.64
54	"W"	"SS"	"Female"	"Rajul Suresh Patel"									40	51	11	17	60	74	2011			"7853"		"INC"	"4714"	72.901	71.107	73.709	70.826		71.04	75.679	71.976	75.264	72.364	74.36	72.334	74.819	73.32					49.315		121		0	2	0	0	0	0	2	0	0	1	1	0	0	0	0	0	0	0	0	0	0	0	0	0	0	0	0	3	0	2	0	0	2	0	0	0	0	0	0	0	0	0	0	0	0	0	0	0	0	0	4	0	0	0	1	0	1	0	0	0	0	2	0	1	0	0	0	0	0	0	0	0	0	0	0	0	0	0	2	0	0	0	0	2007.0	532.0	"K/W"	0.45	1.0		1.0	"G"	1	0.0		0.78431374	0.64705884	0.8671875				16.5	4.894598449059631	0.0	0.041666668	0.0	0.083333336	0.041666668	0.125	0.375	0.0	0.041666668	0.0	0.083333336	0.0	0.0	0.0	0.125	0.083333336	0.0	24.0	"SS"	5	1.0	0.0	0.0	0.0	0.0	0.45
54		"SS"	"Male"	"Raju Shripad Pednekar"	47	"HSC"		"Yes"	12		5022501.5		62	70	13	17	40	48	2013	12		"9108"		"Congress"	"1199"	67.521	64.078	60.231	67.324	64.642	65.31	68.933	69.306	66.452	54.458	51.996	51.17	56.505	50.78	70.6	94.4	66.39333	69.315	86.42	67.5125			0	1	0	0	0	0	0	0	0	0	0	0	1	0	0	0	1	0	0	0	0	0	0	0	0	0	0	4	0	0	0	1		4	0	2	0	1	0	0	0	0	0	0	0	0	0	0	0	0	0	0	0	0	0	1	1	3	0	0	0	0	0	1	0	0	0	1	0	0	0	0	0	0	0	0	0	0	1	2	1	0	1	2012.0	533.0	"K/W"	0.45	0.0		0.0			1.0	1.0	0.8857143	0.7647059	0.9055118	0.8370836	0.0	1.0	15.333333333333334	1.6497203863751904	0.037037037	0.037037037	0.074074075	0.25925925	0.18518518	0.037037037	0.074074075	0.0	0.0	0.0	0.0	0.037037037	0.037037037	0.0	0.18518518	0.037037037	0.0	27.0	"SS"	5	1.0	0.0	0.0	0.0	0.0	0.0
54		"SS"	"Male"	"Raju Shripad Pednekar"	48	"HSC"		"Yes"	12		1.0929E7		50	65	12	15	14	33	2014							54.24	47.06	42.036	67.034	58.443	64.542	70.805	81.434	78.244	51.472	52.107	57.214	58.795	62.127	19.5	26.8	48.056667	58.26	50.76	63.09			0	0	0	0	0	0	0	0	0	0	0	0	3	0	0	0	0	0	0	0	0	0	0	0	0	0	0	5	0	0	0	0		1	0	0	0	0	0	0	1	0	0	0	0	0	0	0	0	0	0	0	0	0	0	0	0	0	0	0	0	0	0	0	0	0	0	2	0	0	0	0	0	0	0	0	0	0	0	3	5	0	0	2012.0	533.0	"K/W"	0.45	0.0		0.0			1.0	1.0	0.7692308	0.8	0.80851066	0.91075	0.0	1.0	15.4	1.934364608934509	0.15	0.1	0.15	0.05	0.0	0.0	0.0	0.0	0.0	0.0	0.0	0.05	0.25	0.0	0.25	0.0	0.0	20.0	"SS"	5	1.0	0.0	0.0	0.0	0.0	0.0
54		"SS"	"Male"	"Raju Shripad Pednekar"	49	"HSC"		"Yes"	12		5014000.0		64	79	17	17	45	75	2015							61.317	40.261	32.913	78.188	55.083	68.598	71.57	80.007	66.733	42.186	45.35	46.697	55.102	62.021	88.1	92.6	70.05666	71.7625	78.4775	63.01			0	2	0	0	0	0	2	0	0	1	0	0	0	0	0	0	1	0	0	0	0	0	0	0	0	0	0	1	0	0	0	0		0	0	0	0	0	0	0	0	0	0	0	0	0	0	0	0	0	1	0	0	0	0	0	1	0	0	0	0	0	0	0	0	0	0	0	0	0	0	0	0	0	0	0	0	0	0	0	2	0	0	2012.0	533.0	"K/W"	0.45	0.0		0.0			1.0	1.0	0.8101266	1.0	0.89361703	0.83566666	0.0	1.0	15.545454545454547	3.6212356768584097	0.0	0.0	0.0	0.0	0.09090909	0.0	0.6363636	0.0	0.0	0.0	0.0	0.0	0.18181819	0.0	0.09090909	0.0	0.0	11.0	"SS"	5	1.0	0.0	0.0	0.0	0.0	0.0
54		"SS"	"Male"	"Raju Shripad Pednekar"	50	"HSC"		"Yes"	12		6972266.0		65	74	10	18	52	61	2016	12						80.495	75.141	78.507	81.18	76.329	77.319	76.923	76.329	76.725	74.25	73.854	73.755	75.438	76.824	2.0	8.9	56.1	77.97	56.93	58.91			0	1	0	0	0	0	0	0	0	2	0	0	1	0	0	0	1	0	0	0	0	1	0	0	0	0	0	7	0	0	0	0	1	0	0	0	0	0	0	0	0	0	0	0	0	0	0	0	0	0	1	0	0	0	0	0	0	0	0	0	0	1	0	0	0	1	0	0	0	0	0	0	0	0	0	0	0	0	0	1	3	0	0	2012.0	533.0	"K/W"	0.45	0.0		0.0			1.0	1.0	0.8783784	0.5555556	0.8819444	0.58102214	0.0	1.0	17.571428571428573	4.080907272396634	0.04761905	0.0	0.04761905	0.0	0.0	0.04761905	0.23809524	0.0	0.0	0.0	0.0	0.0	0.14285715	0.0	0.33333334	0.04761905	0.0952381	21.0	"SS"	5	1.0	0.0	0.0	0.0	0.0	0.0
54	"W"	"SS"	"Female"	"Sadhana Sadashiv Mane"	69	"Post Graduate"		"Yes"	0		5250109.0		93	102	14	15	30	39	2018		18154	"8363"		"BJP"	"1462"	73.876	83.507	73.709	75.009		74.81	69.732	65.338	71.003	68.347	72.579	72.121	71.728	70.221	87.9	72.0	62.66	46.675	59.805	51.7475		68.89	0	1	0	0	0	0	0	0	0	0	0	0	0	0	0	0	0	0	0	0	0	0	0	0	0	0	0	2	0	0	0	1		0	0	0	0	0	0	0	0	0	0	0	0	0	0	0	0	0	0	0	0	0	0	0	0	0	0	0	0	0	0	0	0	0	0	0	0	0	0	0	0	0	0	0	0	0	0	0	6	0	0	2017.0	534.0	"P/S"	0.64	1.0		1.0	"G"	1	0.0	0.0	0.9117647	0.93333334	0.9319728	0.8750182	1.0	1.0	9.719000000000001	3.418079096045197	0.0	0.0	0.0	0.0	0.0	0.0	0.1	0.0	0.0	0.0	0.0	0.0	0.6	0.0	0.2	0.1	0.0	10.0	"SS"	5	1.0	0.0	0.0			0.64
55		"SS"	"Male"	"Yashodhar Padmakar Phanse "									44	51	14	17	27	30	2011			"4588"		"INC"	"774"	75.676	55.937	58.917	63.442		55.022	58.323	63.839	58.034	57.401	59.388	59.299	54.349	55.927					94.225		119		0	0	0	0	0	0	0	0	1	1	1	0	0	0	0	0	2	0	0	0	0	0	0	0	0	0	0	2	0	1	0	1		0	0	0	0	0	0	0	0	0	0	0	0	0	0	0	0	0	0	0	0	0	0	0	1	0	0	0	0	0	1	0	0	0	0	0	0	0	0	0	0	0	0	0	0	0	0	1	3	0	0	2007.0	535.0	"K/W"	0.45	0.0		0.0			1.0		0.8627451	0.8235294	0.8947368				16.4	2.423232908458864	0.0	0.0	0.06666667	0.0	0.06666667	0.06666667	0.26666668	0.0	0.06666667	0.0	0.06666667	0.0	0.2	0.0	0.13333334	0.06666667	0.0	15.0	"SS"	5	1.0	0.0	0.0	0.0	0.0	0.0
55	"?"	"INC"	"Female"	"Jyotsna Abhay Dighe"	59	"Post Graduate"		"Not given"	0		5651855.5		60	70	15	17	64	93	2013			"5876"		"SS"	"382"	79.442	69.771	72.762	73.026	70.291	72.379	71.92	74.558	72.525	69.037	69.971	67.689	67.852	67.414	0.0	63.1	64.653336	80.37	92.3425	80.755			0	0	0	0	0	0	0	0	0	0	1	0	0	1	0	0	0	0	0	0	0	0	0	0	0	0	0	3	0	0	0	0		0	0	0	0	1	0	0	0	0	0	0	0	0	0	0	0	0	0	0	0	0	0	0	0	0	0	0	0	0	1	1	0	0	0	0	0	0	0	0	0	0	0	0	0	0	0	0	1	0	0	2012.0	536.0	"K/W"	0.45	1.0	"W"	1.0	"G"	1	0.0	0.0	0.85714287	0.88235295	0.9205298	0.9419759	1.0	0.0	12.0	1.7098796814099306	0.0	0.0	0.0	0.0	0.0	0.22222222	0.11111111	0.0	0.11111111	0.0	0.0	0.11111111	0.11111111	0.0	0.33333334	0.0	0.0	9.0	"INC"	2	0.0	0.0	0.0	0.0	0.0	0.45
55	"?"	"INC"	"Female"	"Jyotsna Abhay Dighe"	60	"Post Graduate"		"Not given"	0		1.1174E7		55	65	14	15	61	78	2014							56.924	52.946	48.412	62.817	51.27	61.096	68.73	70.436	64.525	49.17	52.25	58.227	60.948	57.615	4.3	11.1	59.946667	66.47	61.9625	62.98			0	0	0	0	0	0	0	0	0	0	1	0	1	0	0	0	2	0	0	0	0	0	0	0	0	0	0	2	0	0	0	0		0	0	0	0	0	0	0	0	0	0	0	0	0	0	0	0	0	0	0	0	0	0	0	0	0	0	0	0	0	0	0	0	0	0	0	0	0	0	0	0	0	0	0	0	0	0	0	2	0	0	2012.0	536.0	"K/W"	0.45	1.0	"W"	1.0	"G"	1	0.0	0.0	0.84615386	0.93333334	0.9219858	0.93116665	1.0	0.0	14.0	2.451930027468556	0.125	0.0	0.0	0.0	0.0	0.0	0.25	0.0	0.125	0.0	0.0	0.0	0.25	0.0	0.25	0.0	0.0	8.0	"INC"	2	0.0	0.0	0.0	0.0	0.0	0.45
55	"?"	"INC"	"Female"	"Jyotsna Abhay Dighe"	61	"Post Graduate"		"Not given"	0		5137000.0		69	79	16	17	56	75	2015							44.455	41.631	50.777	58.421	57.273	59.238	61.839	57.437	55.13	45.447	43.376	51.582	51.387	52.294	0.8	77.6	59.31333	69.82	61.82	67.27			0	0	0	0	0	0	0	0	0	0	2	0	0	0	0	0	4	1	0	0	0	0	0	0	0	0	0	0	0	0	1	0	1	0	0	0	0	0	0	0	0	0	0	0	0	0	0	0	0	0	0	0	0	2	0	0	0	0	0	0	0	0	0	0	0	0	0	0	0	0	0	0	0	0	0	0	0	0	0	1	3	0	2	2012.0	536.0	"K/W"	0.45	1.0	"W"	1.0	"G"	1	0.0	0.0	0.87341774	0.9411765	0.92763156	0.85616666	1.0	0.0	15.352941176470587	1.9548569125352682	0.0	0.0	0.05882353	0.0	0.0	0.0	0.23529412	0.05882353	0.11764706	0.0	0.05882353	0.0	0.1764706	0.0	0.11764706	0.05882353	0.11764706	17.0	"INC"	2	0.0	0.0	0.0	0.0	0.0	0.45
55	"?"	"INC"	"Female"	"Jyotsna Abhay Dighe"	62	"Post Graduate"		"Yes"	0		5636667.0		64	74	17	18	52	61	2016							66.557	61.279	61.944	79.414	71.962	77.846	80.884	82.55	69.506	65.101	67.445	70.296	70.289	70.085	47.1	49.0	55.88	73.7725	78.57	62.99			0	3	0	0	0	1	0	0	4	0	1	0	3	0	0	0	0	0	0	0	0	1	0	0	0	0	1	1	0	0	0	0		0	0	0	0	0	0	0	0	0	0	0	0	0	0	0	0	0	1	0	0	2	1	0	0	0	0	0	0	0	0	0	0	0	0	0	0	0	0	0	0	0	0	0	0	0	0	3	13	0	2	2012.0	536.0	"K/W"	0.45	1.0	"W"	1.0	"G"	1	0.0	0.0	0.8648649	0.9444444	0.9236111	0.46972224	1.0	1.0	12.405405405405405	4.820380565061416	0.08108108	0.027027028	0.08108108	0.0	0.0	0.0	0.21621622	0.0	0.027027028	0.0	0.027027028	0.0	0.35135135	0.0	0.08108108	0.0	0.10810811	37.0	"INC"	2	0.0	0.0	0.0	0.0	0.0	0.45
55	"OBC"	"BJP"	"Male"	"Harsh Bhargav Patel"	34	"Graduate"		"Yes"	0		4598712.5		59	102	14	15	7	15	2018		30864	"14256"		"SS"	"8014"	60.503	53.254	56.386	76.937		71.719	78.966	84.477	70.723	69.369	66.227	65.649	60.804	58.093	48.2	21.6	61.83	43.4825	77.27	78.9		65.001	0	1	0	0	0	0	1	0	0	0	0	0	0	0	0	0	0	0	0	0	0	0	0	0	0	0	0	0	0	0	0	0	1	0	0	0	0	0	0	0	0	0	0	0	0	0	0	0	0	0	0	0	0	0	0	0	0	0	0	0	0	1	0	0	0	0	0	0	0	0	0	0	0	0	0	0	0	0	0	0	0	0	0	2017.0	537.0	"P/S"	0.64	0.0		0.0	"OBC"	2	1.0	0.0	0.57843137	0.93333334	0.6451613	0.7664521	1.0	1.0	9.214	4.604519774011299	0.0	0.0	0.0	0.0	0.0	0.25	0.5	0.0	0.0	0.0	0.0	0.0	0.0	0.0	0.0	0.25	0.0	4.0	"BJP"	1	0.0	0.0	0.0			0.0
56	"W"	"SS"	"Female"	"Chhaya Chandrakant Bhanji"									38	51	12	17	9	14	2011			"5343"		"INC"	"669"	71.846	68.156	69.413	71.872		65.827	71.696	72.57	70.305	64.974	65.199	59.592	63.231	60.05					83.725		121		1	2	0	0	0	0	0	0	0	1	1	0	0	0	0	0	1	0	0	0	0	0	0	0	0	0	0	2	0	0	0	0		0	0	0	0	0	0	0	0	0	0	0	0	0	0	0	0	0	0	0	0	0	0	0	0	0	0	0	0	0	0	0	0	0	0	0	0	0	0	0	0	0	0	0	0	0	0	1	1	0	0	2007.0	538.0	"K/W"	0.45	1.0		1.0	"G"	1	0.0		0.74509805	0.7058824	0.76623374				15.4	5.3075511780610265	0.0	0.0	0.1	0.0	0.0	0.0	0.4	0.0	0.1	0.0	0.0	0.0	0.1	0.0	0.2	0.0	0.1	10.0	"SS"	5	1.0	0.0	0.0	0.0	0.0	0.45
56		"SS"	"Male"	"Yashodhar Padmakar Phanse"	50	"B.A."		"Yes"	0		4873318.5		70	70	13	17	74	80	2013			"5289"		"Ind"	"1499"	79.504	80.71	78.555	79.245	78.942	79.564	78.956	79.134	77.585	77.224	77.655	78.13	78.696	77.899	63.1	71.8	62.79	66.745	84.1575	71.28			0	2	0	0	0	0	1	0	0	2	0	0	2	0	0	0	5	1	0	2	0	1	0	0	0	0	0	12	0	1	4	1	2	10	0	16	0	0	3	0	3	2	1	0	2	0	0	0	0	0	0	4	0	0	0	0	1	3	0	0	0	2	0	2	0	0	0	0	0	0	0	1	0	0	0	0	0	1	0	6	25	0	0	2012.0	539.0	"K/W"	0.45	0.0	"G"	0.0	"G"	1	0.0	0.0	1.0	0.7647059	0.9751553	0.81221974	1.0	1.0	14.542372881355933	2.468734112862226	0.016949153	0.008474576	0.050847456	0.22033899	0.033898305	0.033898305	0.084745765	0.008474576	0.0	0.016949153	0.042372882	0.12711865	0.21186441	0.008474576	0.10169491	0.025423728	0.008474576	118.0	"SS"	5	1.0	0.0	0.0	0.0	0.0	0.0
56		"SS"	"Male"	"Yashodhar Padmakar Phanse"	51	"B.A."		"Yes"	0		1.0274E7		65	65	14	15	119	120	2014							74.923	67.33	58.448	69.68	60.781	67.807	76.534	79.982	75.362	71.22	71.39	60.331	62.409	71.961	4.9	6.3	42.543335	49.4725	61.0275	64.3375			0	5	1	0	0	0	2	1	0	1	4	0	9	0	0	0	1	6	0	0	0	0	0	0	0	0	0	10	0	3	1	0	1	1	0	0	0	0	0	0	0	0	0	0	0	0	0	0	0	0	0	1	0	0	0	0	0	0	0	0	0	0	0	0	0	1	0	0	0	0	0	0	0	0	0	0	0	1	0	1	8	0	1	2012.0	539.0	"K/W"	0.45	0.0	"G"	0.0	"G"	1	0.0	0.0	1.0	0.93333334	0.99497485	0.85616666	1.0	1.0	13.016949152542372	5.008928257446401	0.15254237	0.016949153	0.016949153	0.016949153	0.0	0.0	0.18644068	0.10169491	0.06779661	0.0	0.06779661	0.016949153	0.13559322	0.0	0.18644068	0.016949153	0.016949153	59.0	"SS"	5	1.0	0.0	0.0	0.0	0.0	0.0
56		"SS"	"Male"	"Yashodhar Padmakar Phanse"	52	"B.A."		"Yes"	0		5291000.0		79	79	9	17	161	194	2015							67.134	58.974	61.219	70.354	63.15	65.108	68.264	68.521	68.146	70.952	67.73	65.241	67.328	65.583	4.9	40.3	79.566666	81.0575	59.9775	73.78			0	0	0	0	0	0	0	1	0	1	0	0	1	0	0	0	2	5	0	0	0	0	0	0	0	0	0	2	0	0	0	0		0	0	0	0	0	0	0	0	0	0	0	0	0	0	0	0	0	0	0	0	0	0	0	0	0	0	0	0	0	0	0	0	0	0	0	0	0	0	0	0	0	0	0	0	0	0	1	7	0	0	2012.0	539.0	"K/W"	0.45	0.0	"G"	0.0	"G"	1	0.0	0.0	1.0	0.5294118	0.9688716	0.8818333	1.0	1.0	11.4	2.760983474405482	0.05	0.0	0.05	0.0	0.0	0.0	0.2	0.25	0.0	0.0	0.0	0.0	0.35	0.0	0.1	0.0	0.0	20.0	"SS"	5	1.0	0.0	0.0	0.0	0.0	0.0
56		"SS"	"Male"	"Yashodhar Padmakar Phanse"	53	"B.A."		"Yes"	0		6269117.5		51	74	8	18	131	159	2016							79.8	73.426	77.381	82.424	75.989	78.026	71.272	70.84	70.763	70.949	70.64	71.724	71.267	70.513	5.1	19.7	57.96	83.5975	82.775	50.955			0	0	0	0	0	0	0	0	0	0	1	0	0	0	0	0	2	0	0	0	0	0	0	0	0	0	0	0	0	0	1	0		0	0	0	0	0	1	0	0	0	0	0	0	0	0	0	0	0	0	0	0	0	0	0	0	0	0	0	0	1	0	0	0	0	0	0	0	0	0	0	0	0	0	0	0	0	0	0	9	1	1	2012.0	539.0	"K/W"	0.45	0.0	"G"	0.0	"G"	1	0.0	0.0	0.6891892	0.44444445	0.85201794	0.5224265	1.0	1.0	12.176470588235293	1.2078229099505695	0.0	0.0	0.0	0.0	0.0	0.05882353	0.11764706	0.0	0.05882353	0.0	0.05882353	0.05882353	0.5294118	0.0	0.11764706	0.0	0.0	17.0	"SS"	5	1.0	0.0	0.0	0.0	0.0	0.0
56	"W"	"BJP"	"Female"	"Rajul Sameer Desai"	51	"Graduate"		"Yes"	0		4282661.5		97	102	15	15	15	16	2018		24832	"10219"		"SS"	"3258"	90.405	82.929	83.673	85.003		85.108	81.537	82.079	82.298	79.311	77.811	75.485	76.023	75.482	70.8	42.7	57.1	41.9625	81.895	72.6875		74.985	0	0	0	0	0	0	1	0	0	0	0	0	2	0	0	0	1	0	0	0	0	0	0	0	0	0	0	0	0	2	1	0	1	0	0	0	0	0	0	0	1	0	0	0	0	0	0	0	0	0	0	0	0	0	0	0	0	0	0	0	0	3	2	0	0	0	0	0	0	0	0	0	0	0	0	0	0	0	0	0	1	0	0	2017.0	540.0	"P/S"	0.64	1.0		1.0	"G"	1	0.0	0.0	0.95098037	1.0	0.9621212	0.71377695	1.0	1.0	13.170499999999999	3.3361581920903953	0.13333334	0.0	0.0	0.0	0.0	0.33333334	0.13333334	0.0	0.0	0.0	0.2	0.06666667	0.06666667	0.0	0.0	0.06666667	0.0	15.0	"BJP"	1	0.0	0.0	0.0			0.64
57		"SS"	"Male"	"Raju Shripad Pednekar"									39	51	10	17	17	32	2011			"6364"		"SP"	"2344"	81.444	75.744	73.815	72.071		67.618	69.405	69.663	64.938	62.471	64.42	60.449	60.312	58.303					88.575		121		0	0	0	0	0	0	0	0	0	1	0	0	0	0	0	0	0	0	0	0	0	0	0	0	0	0	0	2	0	0	0	0	1	0	0	0	0	0	0	0	0	0	0	0	0	0	0	0	0	0	0	1	0	0	0	1	2	0	0	0	0	0	0	0	0	0	0	0	0	0	0	0	0	0	0	0	0	0	0	0	0	0	0	2007.0	541.0	"K/W"	0.45	0.0		0.0			1.0		0.7647059	0.5882353	0.7764706				15.0	2.1422363847045194	0.0	0.0	0.0	0.0	0.375	0.0	0.125	0.0	0.0	0.0	0.0	0.125	0.0	0.0	0.25	0.125	0.0	8.0	"SS"	5	1.0	0.0	0.0	0.0	0.0	0.0
57		"INC"	"Male"	"Devendra Shridhar Amberkar"	49	"B.A."		"Yes"	0		4614600.5		63	70	13	17	25	35	2013			"7867"		"SS"	"1155"	63.964	49.065	58.985	73.264	45.639	71.737	75.072	89.354	75.65	53.69	58.493	64.44	64.482	68.212	8.2	12.0	62.81	61.995	58.1725	60.595			0	1	0	0	0	0	0	0	0	0	0	0	0	0	0	0	0	0	0	0	0	0	0	0	0	0	0	0	0	0	0	0		0	0	0	0	0	0	0	0	0	0	0	0	0	0	0	0	0	0	1	0	0	0	0	0	0	0	0	0	0	0	0	0	0	0	0	0	0	0	0	0	0	0	0	0	0	0	0	0	0	0	2012.0	542.0	"K/W"	0.45	0.0	"OBC"	0.0	"OBC"	2	1.0	0.0	0.9	0.7647059	0.90178573	0.76910007	1.0	1.0	6.0	3.663785799017116	0.0	0.0	0.0	0.0	0.0	0.0	0.5	0.0	0.0	0.0	0.0	0.5	0.0	0.0	0.0	0.0	0.0	2.0	"INC"	2	0.0	0.0	0.0	0.0	0.0	0.0
57		"INC"	"Male"	"Devendra Shridhar Amberkar"	50	"B.A."		"Yes"	0		1.0696E7		57	65	7	15	46	62	2014							61.226	56.85	60.144	74.056	59.302	71.132	76.904	89.312	88.438	56.44	52.606	66.435	66.205	65.555	2.3	8.3	57.933334	62.54	63.16	69.635			0	0	0	0	0	0	1	0	0	0	0	0	0	0	0	0	0	0	0	0	0	1	0	0	0	0	0	3	0	0	0	0		0	0	0	0	0	0	0	0	0	0	0	0	0	0	0	0	0	0	0	0	0	0	0	0	0	0	0	0	0	0	0	0	0	0	0	0	0	0	0	0	0	0	0	0	0	0	0	0	0	0	2012.0	542.0	"K/W"	0.45	0.0	"OBC"	0.0	"OBC"	2	1.0	0.0	0.8769231	0.46666667	0.8730159	0.89133334	1.0	1.0	9.0	1.8996674859042937	0.0	0.0	0.0	0.0	0.0	0.0	0.2	0.0	0.0	0.0	0.0	0.0	0.0	0.0	0.6	0.0	0.2	5.0	"INC"	2	0.0	0.0	0.0	0.0	0.0	0.0
57		"INC"	"Male"	"Devendra Shridhar Amberkar"	51	"B.A."		"Yes"	0		3684000.0		74	79	1	17	151	170	2015							54.358	47.157	37.709	60.315	48.548	55.732	65.483	78.041	67.91	50.14	46.39	61.723	61.979	51.194	17.3	72.1	69.44334	73.2075	79.96	65.05			0	0	0	0	0	1	0	0	0	1	2	0	4	0	0	0	0	5	0	0	0	1	0	0	0	1	0	2	0	1	2	0	1	0	0	0	0	0	0	0	0	0	0	0	0	0	0	0	0	0	0	0	0	0	1	1	0	0	0	0	0	0	0	1	1	0	0	0	0	1	0	1	0	0	0	0	0	2	0	2	0	1	1	2012.0	542.0	"K/W"	0.45	0.0	"OBC"	0.0	"OBC"	2	1.0	0.0	0.93670887	0.05882353	0.91497976	0.614	1.0	1.0	13.545454545454545	4.0838608720392635	0.121212125	0.09090909	0.060606062	0.0	0.030303031	0.060606062	0.030303031	0.15151516	0.060606062	0.0	0.121212125	0.0	0.0	0.030303031	0.121212125	0.030303031	0.09090909	33.0	"INC"	2	0.0	0.0	0.0	0.0	0.0	0.0
57		"INC"	"Male"	"Devendra Shridhar Amberkar"	52	"B.A."		"Yes"	0		7320133.5		73	74	1	18	130	146	2016							69.783	59.681	72.573	81.548	60.634	72.373	77.519	84.021	73.909	52.474	66.292	69.596	74.017	68.966	0.0	18.6	57.386665	71.835	60.05	71.6125			0	1	0	0	0	1	0	0	0	0	3	1	4	0	0	0	1	1	0	0	0	0	0	0	0	0	0	2	0	1	2	0		0	0	0	0	0	0	0	0	0	0	0	0	0	0	0	0	0	0	0	0	0	0	0	0	0	0	0	0	0	1	0	1	0	0	0	0	0	0	0	0	0	0	0	0	3	0	1	1	0	0	2012.0	542.0	"K/W"	0.45	0.0	"OBC"	0.0	"OBC"	2	1.0	0.0	0.9864865	0.055555556	0.9189189	0.6100111	1.0	1.0	11.25	3.766602192134107	0.16666667	0.125	0.041666668	0.0	0.0	0.083333336	0.083333336	0.041666668	0.125	0.0	0.125	0.0	0.041666668	0.0	0.083333336	0.0	0.083333336	24.0	"INC"	2	0.0	0.0	0.0	0.0	0.0	0.0
57	"W"	"BJP"	"Female"	"Srikala Ramchandran Pillai"	44	"Graduate"		"Yes"	0		5815773.0		94	102	14	15	31	43	2018		27301	"10444"		"Congress"	"5155"	55.326	36.214	41.879	71.521		78.434	82.601	84.071	80.128	60.508	53.94	68.339	74.193	61.201	51.9	60.0	69.93	66.625	68.315	64.74		60.222	0	0	0	0	0	0	0	0	0	1	0	0	0	0	0	1	1	0	0	0	0	0	0	0	0	0	0	1	0	2	0	2	1	0	0	0	0	0	0	0	0	0	0	0	0	0	0	0	0	0	0	0	0	0	1	0	0	0	0	0	0	1	0	0	0	0	0	0	0	0	0	0	0	0	0	0	0	0	0	0	3	0	0	2017.0	543.0	"P/S"	0.64	1.0		1.0	"G"	1	0.0	0.0	0.92156863	0.93333334	0.9391892	0.9692955	1.0	1.0	14.362642857142857	3.5508474576271185	0.0	0.071428575	0.0	0.0	0.0	0.071428575	0.21428572	0.0	0.0	0.0	0.14285715	0.0	0.21428572	0.0	0.071428575	0.21428572	0.0	14.0	"BJP"	1	0.0	0.0	0.0			0.64
58		"SS"	"Male"	"Vishnu Vasudev Korgaonkar "									29	51	13	17	9	14	2011			"6838"		"INC"	"933"	30.085	31.052	39.188	37.616		40.416	44.75	51.791	46.335	44.39	42.676	39.689	39.609	40.333					98.2625		119		0	0	0	0	0	0	0	0	0	0	0	0	0	0	0	0	0	0	0	0	0	0	0	0	0	0	0	2	0	0	1	0		0	0	0	0	0	0	0	0	0	0	0	0	0	0	0	0	0	0	0	0	0	0	0	0	0	0	0	0	0	0	0	0	0	0	0	0	0	0	0	0	0	0	0	0	0	0	0	6	0	0	2007.0	544.0	"K/W"	0.45	0.0		0.0			1.0		0.5686275	0.7647059	0.66233766				12.0	0.9762456546929317	0.0	0.0	0.0	0.0	0.0	0.0	0.0	0.0	0.0	0.0	0.11111111	0.0	0.6666667	0.0	0.22222222	0.0	0.0	9.0	"SS"	5	1.0	0.0	0.0	0.0	0.0	0.0
58	"W"	"SS"	"Female"	"Jyoti Jitendra Sutar"	51	"HSC"		"Yes"	0		4903216.0		68	70	17	17	17	19	2013			"9997"		"MNS"	"2442"	61.975	45.328	61.898	72.839	40.364	64.761	80.362	90.743	83.345	65.749	56.168	63.758	73.152	78.077	66.7	68.9	65.14667	77.97	71.74	65.665			0	1	0	0	0	0	0	0	0	0	0	0	0	0	0	0	0	0	0	1	0	0	0	0	0	0	0	2	0	0	0	0		1	0	0	0	0	0	0	0	0	0	0	0	0	0	0	0	0	0	0	0	0	0	0	0	0	0	0	0	0	0	0	0	0	0	0	0	0	0	0	0	0	0	0	0	0	0	0	5	0	0	2012.0	545.0	"K/W"	0.45	1.0	"OBC-W"	1.0	"OBC"	2	1.0	0.0	0.9714286	1.0	0.9807692	0.8172027	0.0	1.0	11.4	4.143365531265887	0.0	0.0	0.0	0.1	0.0	0.0	0.1	0.0	0.0	0.1	0.0	0.0	0.5	0.0	0.2	0.0	0.0	10.0	"SS"	5	1.0	0.0	0.0	0.0	0.0	0.45
58	"W"	"SS"	"Female"	"Jyoti Jitendra Sutar"	52	"HSC"		"Yes"	0		1.0903E7		62	65	14	15	14	14	2014							62.768	57.215	49.909	56.527	62.602	61.158	64.372	65.323	58.08	53.122	49.531	52.215	53.151	52.813	0.9	62.7	44.396667	62.0825	56.59	61.33			0	0	0	0	0	0	1	0	0	0	0	0	0	0	0	0	0	0	0	0	0	0	0	0	0	0	0	0	0	0	0	0	1	0	0	1	0	1	0	0	1	0	0	0	0	0	0	0	0	0	0	0	0	0	0	0	0	1	0	0	0	0	0	0	0	0	0	0	0	0	0	0	0	0	0	0	0	0	0	0	1	0	0	2012.0	545.0	"K/W"	0.45	1.0	"OBC-W"	1.0	"OBC"	2	1.0	0.0	0.95384616	0.93333334	0.9574468	0.90858334	0.0	1.0	13.714285714285714	0.5450339742663004	0.0	0.0	0.0	0.14285715	0.14285715	0.0	0.14285715	0.0	0.0	0.0	0.0	0.2857143	0.14285715	0.0	0.0	0.14285715	0.0	7.0	"SS"	5	1.0	0.0	0.0	0.0	0.0	0.45
58	"W"	"SS"	"Female"	"Jyoti Jitendra Sutar"	53	"HSC"		"Yes"	0		4687000.0		75	79	17	17	17	19	2015							57.974	53.293	44.679	58.125	53.844	62.106	67.46	70.276	74.012	52.111	51.149	56.957	59.872	58.145	5.7	62.7	70.223335	68.785	80.23	60.0175			0	0	0	0	0	0	0	0	0	2	0	0	0	0	0	0	0	0	0	0	0	0	0	0	0	0	0	1	0	0	0	1		0	0	5	0	0	0	0	0	0	0	0	0	0	0	0	0	0	0	0	0	0	0	0	1	0	0	0	0	0	0	0	0	0	0	0	0	0	0	0	0	0	0	0	0	0	0	0	0	0	0	2012.0	545.0	"K/W"	0.45	1.0	"OBC-W"	1.0	"OBC"	2	1.0	0.0	0.9493671	1.0	0.96460176	0.7811667	0.0	1.0	12.6	2.1068117694478032	0.0	0.0	0.0	0.5	0.1	0.0	0.2	0.0	0.0	0.0	0.0	0.0	0.0	0.0	0.1	0.1	0.0	10.0	"SS"	5	1.0	0.0	0.0	0.0	0.0	0.45
58	"W"	"SS"	"Female"	"Jyoti Jitendra Sutar"	54	"HSC"		"Yes"	0		6657933.0		72	74	15	18	15	17	2016							71.937	54.423	63.71	78.042	68.755	74.059	78.227	89.639	77.772	63.357	66.265	71.065	72.381	73.975	46.0	54.9	58.406666	87.2725	71.4575	73.6725			0	1	0	0	0	0	0	0	0	2	1	0	0	0	0	0	0	0	0	0	0	0	0	1	0	0	0	3	0	0	0	0	1	0	0	0	0	0	2	0	0	0	0	0	0	0	0	0	0	0	1	0	0	0	0	0	0	0	0	0	0	0	0	0	0	0	0	0	0	0	0	0	0	0	0	0	0	0	0	0	4	1	0	2012.0	545.0	"K/W"	0.45	1.0	"OBC-W"	1.0	"OBC"	2	1.0	0.0	0.972973	0.8333333	0.95327103	0.55482775	0.0	1.0	13.235294117647058	5.808349451966473	0.0	0.0	0.0	0.0	0.0	0.0	0.23529412	0.0	0.05882353	0.0	0.05882353	0.11764706	0.23529412	0.0	0.23529412	0.05882353	0.0	17.0	"SS"	5	1.0	0.0	0.0	0.0	0.0	0.45
58	"G"	"BJP"	"Male"	"Sandeep Dilip Patel"	38	"Diploma in Production Technology"		"Yes"	0		5538057.0		93	102	14	15	19	24	2018		29623	"7153"		"SS"	"547"	64.903	47.226	62.485	64.818		63.102	60.042	67.531	54.463	44.092	45.174	51.239	63.921	41.985	71.3	68.8	82.01667	48.385	83.39	76.075		42.432	0	0	0	0	0	0	0	0	0	0	1	0	1	0	0	1	0	0	0	0	0	0	0	1	0	0	0	3	0	0	0	1		0	0	0	0	0	0	0	0	0	0	0	0	0	0	0	0	0	0	0	0	0	0	0	1	0	0	0	0	0	0	1	0	0	0	0	0	0	0	0	0	0	0	0	0	0	0	1	0	0	0	2017.0	546.0	"P/S"	0.64	0.0		0.0	"G"	1	0.0	0.0	0.9117647	0.93333334	0.9264706	0.9230095	1.0	1.0	13.068727272727273	2.786723163841808	0.09090909	0.0	0.09090909	0.0	0.09090909	0.09090909	0.09090909	0.0	0.09090909	0.0	0.09090909	0.0	0.0	0.0	0.27272728	0.09090909	0.0	11.0	"BJP"	1	0.0	0.0	0.0			0.0
59		"INC"	"Male"	"Devendra Shridhar Amberkar "									31	51	17	17	4	15	2011			"6258"		"SS"	"1361"	74.362	66.907	72.499	73.409		72.669	75.251	84.574	82.166	69.089	69.779	64.948	75.367	77.299					93.6675		118		0	0	0	0	0	0	0	0	0	0	0	0	0	0	0	0	0	0	0	0	0	0	0	0	0	0	0	0	0	0	1	0		0	0	0	0	0	0	0	0	0	0	0	0	0	0	0	0	0	0	0	0	0	0	0	0	0	0	0	0	0	0	0	0	0	0	0	0	0	0	0	0	0	0	0	0	0	0	0	3	0	0	2007.0	547.0	"K/W"	0.45	0.0		0.0			1.0		0.60784316	1.0	0.7222222				10.5	0.13904982618771727	0.0	0.0	0.0	0.0	0.0	0.0	0.0	0.0	0.0	0.0	0.25	0.0	0.75	0.0	0.0	0.0	0.0	4.0	"INC"	2	0.0	0.0	0.0	0.0	0.0	0.0
59	"W"	"INC"	"Female"	"Vanita Kailash Marucha"	51	"HSC"		"Yes"	0		5433804.0		65	70	15	17	30	41	2013			"7312"		"SS"	"1881"	59.896	60.578	60.825	68.113	56.078	63.903	75.06	76.809	73.5	60.606	60.633	59.148	63.32	63.09	66.7	68.0	75.46	76.035	86.275	64.6025			0	1	0	0	0	0	1	0	0	0	1	0	0	0	0	0	0	0	0	0	0	0	0	0	0	0	0	1	0	0	0	0		0	0	0	0	0	0	0	0	0	0	0	0	0	0	0	0	0	0	0	0	0	0	0	1	0	0	0	0	0	0	0	1	0	0	0	0	0	0	1	0	0	0	0	0	0	0	0	3	0	0	2012.0	548.0	"K/W"	0.45	1.0	"W"	1.0	"G"	1	0.0	0.0	0.9285714	0.88235295	0.94017094	0.905634	0.0	1.0	9.6	3.3816302321640395	0.0	0.0	0.0	0.0	0.1	0.1	0.2	0.0	0.1	0.0	0.0	0.0	0.3	0.1	0.1	0.0	0.0	10.0	"INC"	2	0.0	0.0	0.0	0.0	0.0	0.45
59	"W"	"INC"	"Female"	"Vanita Kailash Marucha"	52	"HSC"		"Yes"	0		1.055E7		59	65	13	15	27	29	2014							66.686	59.471	53.275	66.818	66.517	62.499	62.424	62.653	67.044	53.835	56.745	60.893	65.41	55.109	37.5	41.7	53.556667	56.24	65.0375	58.9475			0	0	0	0	0	0	0	0	0	0	1	0	0	0	0	0	0	0	0	0	0	0	0	0	0	0	0	0	0	1	0	0		0	0	2	0	0	0	0	0	0	0	0	0	0	0	0	0	0	0	0	0	0	0	0	1	1	0	0	0	0	0	0	1	0	0	0	0	0	0	0	0	0	0	0	0	0	0	0	5	0	0	2012.0	548.0	"K/W"	0.45	1.0	"W"	1.0	"G"	1	0.0	0.0	0.9076923	0.8666667	0.92523366	0.87916666	0.0	1.0	7.5	1.3069249674714472	0.0	0.0	0.0	0.16666667	0.16666667	0.083333336	0.0	0.0	0.083333336	0.0	0.083333336	0.0	0.41666666	0.0	0.0	0.0	0.0	12.0	"INC"	2	0.0	0.0	0.0	0.0	0.0	0.45
59	"W"	"INC"	"Female"	"Vanita Kailash Marucha"	53	"HSC"		"Yes"	0		4719000.0		53	79	10	17	29	49	2015							47.499	38.921	30.889	57.097	54.459	58.179	63.205	77.053	76.5	34.437	44.962	42.035	56.955	57.066	1.0	88.5	55.573334	61.3025	79.2725	57.4175			0	1	0	0	0	0	0	0	0	0	0	0	0	0	0	0	0	2	0	0	0	0	0	0	0	0	0	0	0	0	0	0		0	0	0	0	1	0	0	0	0	0	0	0	0	0	0	0	0	0	0	0	0	0	0	1	0	0	0	0	0	0	0	0	0	0	0	0	0	0	0	0	0	0	0	0	0	0	1	1	0	0	2012.0	548.0	"K/W"	0.45	1.0	"W"	1.0	"G"	1	0.0	0.0	0.6708861	0.5882353	0.736	0.7865	0.0	1.0	8.571428571428571	2.1785570334542523	0.0	0.0	0.14285715	0.0	0.14285715	0.0	0.14285715	0.2857143	0.0	0.0	0.0	0.14285715	0.14285715	0.0	0.0	0.0	0.0	7.0	"INC"	2	0.0	0.0	0.0	0.0	0.0	0.45
59	"W"	"INC"	"Female"	"Vanita Kailash Marucha"	54	"HSC"		"Yes"	0		7026181.0		66	74	16	18	34	50	2016							95.975	84.772	86.341	92.813	87.08	87.684	86.227	94.511	93.057	80.485	77.811	73.047	81.34	79.153	0.0	24.4	70.32333	82.5925	95.7325	83.2325			0	0	0	0	0	0	1	1	0	0	0	0	1	0	0	0	0	0	0	0	0	1	0	0	0	0	0	4	0	0	0	0		0	0	0	0	0	0	0	0	0	0	0	0	0	0	0	0	0	0	0	0	0	0	1	2	0	0	0	0	0	0	0	0	0	0	0	0	0	0	0	0	0	0	0	0	0	0	0	0	0	0	2012.0	548.0	"K/W"	0.45	1.0	"W"	1.0	"G"	1	0.0	0.0	0.8918919	0.8888889	0.9206349	0.5855151	0.0	1.0	15.0	3.452181388351601	0.09090909	0.0	0.0	0.0	0.27272728	0.0	0.18181819	0.0	0.0	0.0	0.0	0.0	0.0	0.0	0.36363637	0.0	0.09090909	11.0	"INC"	2	0.0	0.0	0.0	0.0	0.0	0.45
59	"ST-W"	"SS"	"Female"	"Pratima Shailesh Khopade"	39	"D.Ed"		"Yes"	0		5215324.5		98	102	13	18	17	18	2018		29108	"7690"		"BJP"	"1196"	53.969	47.788	68.056	68.88		63.36	69.491	63.863	68.666	50.119	60.328	60.741	57.001	57.596	17.8	46.2	63.6	61.745	61.6025	79.7925		65.845	0	0	0	0	0	0	0	0	1	0	1	0	1	0	0	0	0	0	0	0	0	0	0	0	0	0	0	3	0	1	0	0		0	0	0	0	0	0	0	0	0	0	0	0	0	0	0	0	0	0	0	0	0	0	0	0	0	0	0	0	0	0	0	0	0	0	0	0	0	0	0	0	0	0	0	0	0	0	0	3	0	0	2017.0	549.0	"K/W"	0.45	1.0		1.0	"SCST"	3	1.0	0.0	0.9607843	0.7222222	0.93430656	0.86922073	1.0	1.0	11.422	3.3329632508049296	0.1	0.0	0.0	0.0	0.0	0.0	0.1	0.0	0.1	0.0	0.1	0.0	0.3	0.0	0.3	0.0	0.0	10.0	"SS"	5	1.0	0.0	0.0			0.45
60	"W"	"INC"	"Female"	"Jyotsna Abhay Dighe"									38	51	17	17	41	60	2011			"6016"		"SS"	"2324"	88.688	83.035	86.176	83.363		81.137	85.983	84.801	81.684	82.255	82.89	83.386	83.868	83.747					93.725		116		0	0	0	0	0	0	1	0	1	0	0	0	1	0	0	0	0	0	0	0	0	0	0	0	0	0	0	4	0	0	0	0	1	0	0	0	0	0	0	0	1	0	0	0	0	0	0	0	0	0	0	0	0	0	0	0	0	0	0	1	0	0	0	0	0	0	0	0	0	0	0	0	0	0	0	0	0	0	0	0	4	0	0	2007.0	553.0	"K/W"	0.45	1.0		1.0	"G"	1	0.0		0.74509805	1.0	0.88073397				16.571428571428573	2.004634994206257	0.071428575	0.0	0.0	0.0	0.0	0.0	0.14285715	0.0	0.0	0.071428575	0.0	0.071428575	0.2857143	0.0	0.2857143	0.071428575	0.0	14.0	"INC"	2	0.0	0.0	0.0	0.0	0.0	0.45
60		"SS"	"Male"	"Sanjay Kashinath Pawar"	46	"HSC"		"Yes"	0		5487959.0		66	70	16	17	24	29	2013			"5412"		"Congress"	"1526"	81.813	77.257	73.492	83.176	72.355	82.682	84.775	86.299	85.271	67.096	68.558	69.52	73.014	71.408	16.5	40.7	67.50667	70.8825	84.145	69.2175			0	0	0	0	0	0	0	0	0	2	1	0	0	0	0	0	1	0	0	0	0	0	0	0	0	0	0	3	0	1	0	0		1	0	1	0	0	0	0	0	0	0	0	1	0	0	0	0	0	0	0	0	0	0	0	0	0	0	0	0	0	0	0	0	0	0	0	0	0	0	0	0	0	0	0	0	0	0	0	1	0	0	2012.0	554.0	"K/W"	0.45	0.0	"G"	0.0	"G"	1	0.0	0.0	0.94285715	0.9411765	0.954955	0.91465986	0.0	1.0	15.5	2.286053211320115	0.0	0.0	0.0	0.16666667	0.0	0.0	0.25	0.0	0.083333336	0.0	0.083333336	0.083333336	0.083333336	0.0	0.25	0.0	0.0	12.0	"SS"	5	1.0	0.0	0.0	0.0	0.0	0.0
60		"SS"	"Male"	"Sanjay Kashinath Pawar"	47	"HSC"		"Yes"	0		1.145E7		65	65	14	15	24	24	2014							63.926	60.212	55.083	69.661	57.009	64.244	75.936	81.403	72.607	47.632	48.488	63.965	62.41	62.862	6.2	35.3	57.446667	65.79	68.5675	62.8975			0	1	0	0	0	0	0	0	0	1	1	0	0	0	0	0	2	0	0	0	0	2	0	1	0	0	0	6	0	3	1	0	2	1	0	1	0	1	0	0	0	0	0	0	0	0	0	0	0	0	0	0	0	0	1	0	0	0	0	0	0	0	0	0	0	0	0	0	0	0	0	0	0	0	0	0	0	0	0	0	0	0	1	2012.0	554.0	"K/W"	0.45	0.0	"G"	0.0	"G"	1	0.0	0.0	1.0	0.93333334	0.99038464	0.95416665	0.0	1.0	14.04	4.512523492843718	0.0	0.04	0.0	0.08	0.0	0.0	0.16	0.0	0.04	0.0	0.2	0.04	0.0	0.0	0.28	0.08	0.08	25.0	"SS"	5	1.0	0.0	0.0	0.0	0.0	0.0
60		"SS"	"Male"	"Sanjay Kashinath Pawar"	48	"HSC"		"Yes"	0		3695000.0		79	79	16	17	18	22	2015							68.54	66.504	63.415	67.261	66.071	66.276	67.596	70.257	68.222	57.363	62.094	68.626	66.952	65.484	0.5	0.6	55.58	65.305	72.2425	68.7525			0	2	0	0	0	0	1	1	0	3	1	0	1	0	0	0	2	0	0	0	0	1	0	0	0	0	0	2	0	1	1	2	1	0	0	0	0	0	0	0	0	0	0	0	0	0	0	0	0	0	0	0	0	0	1	0	0	0	0	0	0	0	0	0	0	0	0	0	0	0	0	0	0	0	0	0	0	0	0	0	0	0	0	2012.0	554.0	"K/W"	0.45	0.0	"G"	0.0	"G"	1	0.0	0.0	1.0	0.9411765	0.99122804	0.61583334	0.0	1.0	16.2	4.711557839580814	0.05	0.05	0.0	0.0	0.0	0.0	0.45	0.0	0.05	0.0	0.1	0.0	0.0	0.0	0.1	0.15	0.05	20.0	"SS"	5	1.0	0.0	0.0	0.0	0.0	0.0
60		"SS"	"Male"	"Sanjay Kashinath Pawar"	49	"HSC"		"Yes"	0		5434360.5		74	74	18	18	18	18	2016							60.104	41.791	40.21	63.905	45.051	59.574	67.683	79.798	51.054	52.104	43.156	49.051	61.687	51.477	74.7	82.1	65.62	71.3525	58.5725	62.0875			0	1	0	0	0	1	1	0	0	3	6	0	0	0	0	0	0	0	0	0	0	0	0	1	0	0	0	4	0	3	3	2	3	0	0	0	0	0	0	0	0	0	0	0	0	0	0	0	0	0	0	0	0	0	0	0	1	0	0	0	0	0	0	0	0	0	0	0	0	0	0	0	0	0	0	0	0	0	0	0	5	0	0	2012.0	554.0	"K/W"	0.45	0.0	"G"	0.0	"G"	1	0.0	0.0	1.0	1.0	1.0	0.45286337	0.0	1.0	15.588235294117647	5.048355899419729	0.0	0.0	0.0	0.0	0.029411765	0.0	0.14705883	0.0	0.1764706	0.0	0.20588236	0.0	0.14705883	0.0	0.11764706	0.14705883	0.029411765	34.0	"SS"	5	1.0	0.0	0.0	0.0	0.0	0.0
60	"G"	"BJP"	"Male"	"Yogiraj Narayanrao Dabhadkar"	38	"Post Graduate"		"Yes"	0		5294539.0		63	102	18	18	29	37	2018		29630	"6908"		"SS"	"502"	65.395	61.926	68.019	71.361		72.017	73.193	74.852	69.274	57.827	56.818	60.433	70.227	60.751	49.8	57.4	63.72333	40.71	82.0875	77.86		63.115	0	0	0	0	0	0	0	0	0	0	0	0	0	0	0	1	0	0	0	0	0	0	0	0	0	0	0	1	0	0	0	0		0	0	0	0	0	0	0	0	0	0	0	0	0	0	0	0	0	0	0	0	0	0	0	0	0	0	0	0	0	0	0	0	0	0	0	0	1	0	0	0	0	0	0	0	0	0	0	2	0	0	2017.0	555.0	"K/W"	0.45	0.0		0.0	"G"	1	0.0	0.0	0.61764705	1.0	0.738255	0.88242316	1.0	1.0	9.649000000000001	1.5665593427334294	0.0	0.0	0.0	0.0	0.0	0.0	0.2	0.0	0.0	0.0	0.0	0.0	0.4	0.0	0.2	0.0	0.2	5.0	"BJP"	1	0.0	0.0	0.0			0.0
61	"W"	"INC"	"Female"	"Khatija Ismail Makwana "									23	51	3	17	4	13	2011			"7534"		"SP"	"221"	53.544	60.86	58.055	59.798		67.247	60.81	61.847	60.435	60.705	61.094	62.852	59.264	62.162					61.4425		136		0	0	0	0	0	0	0	0	0	0	0	0	0	0	0	0	0	0	0	0	0	0	0	0	0	0	0	0	0	0	0	0		0	0	0	0	0	0	0	0	0	0	0	0	0	0	0	0	0	0	0	0	0	0	0	0	0	0	0	0	0	0	0	0	0	0	0	0	0	0	0	0	0	0	0	0	0	0	0	4	0	0	2007.0	556.0	"K/W"	0.45	1.0		1.0	"G"	1	0.0		0.4509804	0.1764706	0.41666666				6.0	0.0	0.0	0.0	0.0	0.0	0.0	0.0	0.0	0.0	0.0	0.0	0.0	0.0	1.0	0.0	0.0	0.0	0.0	4.0	"INC"	2	0.0	0.0	0.0	0.0	0.0	0.45
61		"INC"	"Male"	"Mohsin Haji Haider"	44	"B.Com"		"Yes"	3		5458817.0		61	70	16	17	33	52	2013	2		"14541"		"Sp"	"8442"	45.813	43.478	34.508	56.293	48.89	59.433	67.339	82.437	71.884	45.67	48.444	55.166	58.389	45.554	84.2	88.9	66.433334	68.9925	75.3125	66.69			0	0	0	0	0	0	0	0	0	0	0	0	1	0	0	0	3	0	0	0	0	1	0	0	0	0	0	3	0	0	1	0	1	3	0	0	0	0	0	0	0	0	0	0	0	0	0	0	0	0	0	0	0	0	0	0	0	0	0	0	0	0	0	0	0	0	0	0	0	0	0	0	0	0	0	0	0	0	0	1	2	0	0	2012.0	557.0	"K/W"	0.45	0.0	"G"	0.0	"G"	1	0.0	1.0	0.87142855	0.9411765	0.9166667	0.90980285	1.0	1.0	13.5	1.4946619217081851	0.0625	0.0	0.0625	0.1875	0.0	0.0	0.1875	0.0	0.0	0.0	0.0625	0.0	0.125	0.0	0.1875	0.0625	0.0625	16.0	"INC"	2	0.0	0.0	0.0	0.0	0.0	0.0
61		"INC"	"Male"	"Mohsin Haji Haider"	45	"B.Com"		"Yes"	3		1.1285E7		60	65	14	15	30	43	2014							59.728	52.117	50.513	55.683	50.237	58.425	60.584	66.265	63.435	50.058	48.983	56.419	57.876	58.291	11.8	15.2	47.236668	53.465	60.865	63.715			0	2	0	0	0	0	1	0	0	0	1	0	8	0	0	0	2	0	0	0	0	1	0	0	0	0	0	8	0	0	1	0	3	0	0	0	0	0	0	0	0	0	0	0	0	0	0	0	0	0	0	0	0	0	0	0	1	0	0	0	0	0	0	2	0	0	0	0	0	0	0	0	0	0	0	0	0	1	0	1	2	0	0	2012.0	557.0	"K/W"	0.45	0.0	"G"	0.0	"G"	1	0.0	1.0	0.9230769	0.93333334	0.94545454	0.9404167	1.0	1.0	15.0	3.719178192215636	0.23529412	0.029411765	0.029411765	0.0	0.029411765	0.05882353	0.14705883	0.0	0.029411765	0.0	0.029411765	0.0	0.05882353	0.0	0.23529412	0.0882353	0.029411765	34.0	"INC"	2	0.0	0.0	0.0	0.0	0.0	0.0
61		"INC"	"Male"	"Mohsin Haji Haider"	46	"B.Com"		"Yes"	3		5118000.0		74	79	12	17	37	63	2015							76.922	74.461	70.733	76.87	74.8	79.268	78.256	79.302	77.71	71.693	73.615	72.02	75.469	75.088	77.8	90.0	64.403336	78.24	86.08	71.7375			0	3	0	0	0	0	0	0	0	0	1	0	6	0	0	0	3	3	0	0	0	0	0	0	0	0	0	4	0	1	1	1	3	0	0	0	0	0	0	0	0	0	0	0	0	0	0	0	0	0	0	0	0	0	0	0	1	0	0	0	0	0	0	0	0	0	0	0	0	0	0	0	0	0	0	0	0	0	0	1	0	0	0	2012.0	557.0	"K/W"	0.45	0.0	"G"	0.0	"G"	1	0.0	1.0	0.93670887	0.7058824	0.924812	0.853	1.0	1.0	14.642857142857142	5.535210456613116	0.21428572	0.0	0.035714287	0.0	0.035714287	0.0	0.21428572	0.10714286	0.035714287	0.0	0.071428575	0.0	0.0	0.0	0.14285715	0.14285715	0.0	28.0	"INC"	2	0.0	0.0	0.0	0.0	0.0	0.0
61		"INC"	"Male"	"Mohsin Haji Haider"	47	"B.Com"		"Yes"	3		6027216.0		62	74	18	18	37	48	2016	2						75.067	64.008	69.891	77.792	65.416	74.06	76.282	74.885	73.415	68.342	64.778	66.056	68.378	66.395	8.1	31.4	63.566666	73.8225	59.6325	60.8975			0	0	0	0	0	0	0	0	0	0	0	0	3	0	0	0	3	0	0	0	0	0	0	0	0	0	0	6	0	1	1	0	2	0	0	0	0	0	0	0	0	0	0	0	0	0	0	0	0	0	0	0	0	0	0	0	0	0	0	0	0	0	0	0	0	0	0	0	0	0	0	0	0	0	0	0	0	0	0	0	0	0	0	2012.0	557.0	"K/W"	0.45	0.0	"G"	0.0	"G"	1	0.0	1.0	0.8378378	1.0	0.90697676	0.502268	1.0	1.0	11.375	4.147861594670105	0.1875	0.0	0.0	0.0	0.0	0.0	0.1875	0.0	0.0	0.0	0.125	0.0	0.0	0.0	0.375	0.125	0.0	16.0	"INC"	2	0.0	0.0	0.0	0.0	0.0	0.0
61	"W"	"SS"	"Female"	"Rajul Suresh Patel "	56	"Graduate"		"Yes"	0		5231246.5		87	102	15	18	154	166	2018	3	22716	"10043"		"BJP"	"5766"	51.697	51.724	55.787	61.179		57.907	58.824	59.622	60.778	58.157	49.066	54.896	58.099	46.119	31.8	34.3	60.14	68.7925	48.4125	64.2525		46.743	0	4	0	0	0	0	1	0	0	0	2	0	4	0	0	2	1	0	0	0	0	0	0	0	0	0	0	7	0	3	0	2	4	1	3	5	0	0	0	0	0	0	0	0	0	0	0	0	0	0	0	0	0	0	0	0	0	0	0	0	0	0	7	1	0	0	0	0	0	0	0	0	0	0	0	0	3	0	0	1	0	0	0	2017.0	558.0	"K/W"	0.45	1.0		1.0	"G"	1	0.0	0.0	0.85294116	0.8333333	0.93430656	0.8718744	1.0	1.0	16.034852941176467	5.513933607194404	0.078431375	0.0	0.019607844	0.1764706	0.0	0.15686275	0.15686275	0.0	0.039215688	0.0	0.05882353	0.0	0.0	0.05882353	0.13725491	0.11764706	0.0	51.0	"SS"	5	1.0	0.0	0.0			0.45
62	"W"	"INC"	"Female"	"Bharati Balkrishna Dhongade"									39	51	12	17	18	30	2011			"4081"		"SS"	"714"	53.46	60.517	62.099	60.6		66.0	65.131	63.752	64.222	63.42	65.128	64.23	64.642	65.779					58.4075		125		0	0	0	0	0	0	0	0	0	0	0	0	0	0	0	0	0	0	0	0	0	0	0	0	0	0	0	0	0	0	1	0		0	0	0	0	0	0	0	0	0	0	0	0	0	0	0	0	0	0	0	0	0	0	0	0	0	0	0	0	1	0	0	0	0	0	0	0	0	0	0	0	0	0	0	0	0	0	0	2	0	0	2007.0	559.0	"K/W"	0.45	1.0		1.0	"G"	1	0.0		0.7647059	0.7058824	0.8023256				10.5	0.13904982618771727	0.0	0.0	0.0	0.0	0.0	0.25	0.0	0.0	0.0	0.0	0.25	0.0	0.5	0.0	0.0	0.0	0.0	4.0	"INC"	2	0.0	0.0	0.0	0.0	0.0	0.45
62		"BJP"	"Male"	"Ameet Bhaskar Satam"	36	"M.M.S."		"Yes"	0		5667009.0		68	70	17	17	23	29	2013			"6168"		"SP"	"2719"	70.62	60.743	67.309	67.888	55.116	67.982	72.453	81.606	82.735	53.435	58.678	60.381	65.52	64.104	13.2	52.9	62.533333	69.815	63.245	68.6475			0	0	0	0	0	0	0	0	0	1	0	0	1	0	0	0	1	0	0	0	0	0	0	0	0	0	0	1	0	1	0	1		7	0	0	0	0	0	0	0	0	0	0	0	0	0	0	0	0	0	0	0	0	0	0	0	0	0	0	0	0	0	1	0	0	0	0	0	0	0	0	0	0	0	0	0	1	0	0	3	0	0	2012.0	560.0	"K/W"	0.45	0.0	"G"	0.0	"G"	1	0.0	0.0	0.9714286	1.0	0.9818182	0.9445015	1.0	1.0	15.0	1.584477207253008	0.055555556	0.055555556	0.0	0.3888889	0.0	0.055555556	0.11111111	0.0	0.0	0.0	0.055555556	0.0	0.16666667	0.0	0.055555556	0.055555556	0.0	18.0	"BJP"	1	0.0	0.0	0.0	0.0	0.0	0.0
62		"BJP"	"Male"	"Ameet Bhaskar Satam"	37	"M.M.S."		"Yes"	0		1.1074E7		57	65	15	15	21	25	2014							64.686	50.402	46.997	65.189	58.27	75.126	69.02	80.258	74.589	53.75	58.235	61.63	63.058	59.605	0.0	16.6	50.86	58.835	63.6675	59.97			0	0	0	0	0	0	0	0	1	0	1	0	2	0	0	0	0	2	0	0	0	0	0	0	0	0	0	2	0	0	0	0		0	0	0	0	0	0	0	0	0	0	0	0	0	0	0	0	0	0	0	0	0	0	0	0	1	0	0	0	0	0	0	0	0	0	0	0	0	0	0	0	0	0	0	0	1	0	2	0	0	0	2012.0	560.0	"K/W"	0.45	0.0	"G"	0.0	"G"	1	0.0	0.0	0.8769231	1.0	0.9207921	0.9228333	1.0	1.0	13.5	2.451930027468556	0.16666667	0.083333336	0.16666667	0.0	0.083333336	0.0	0.083333336	0.16666667	0.083333336	0.0	0.0	0.0	0.0	0.0	0.16666667	0.0	0.0	12.0	"BJP"	1	0.0	0.0	0.0	0.0	0.0	0.0
62		"BJP"	"Male"	"Ameet Bhaskar Satam"	38	"M.M.S."		"Yes"	0		3236000.0		26	79	8	17	85	185	2015							59.022	61.465	55.112	56.549	56.447	56.707	56.244	56.192	57.134	53.765	55.09	50.715	54.584	51.732	4.5	4.5	69.67	69.445	59.65	67.06			0	0	0	0	0	0	0	0	0	1	1	0	0	0	0	0	0	0	0	0	0	0	0	0	0	0	0	1	0	0	0	0		0	0	0	0	0	0	0	0	0	0	0	0	0	0	0	0	0	0	0	0	0	0	0	0	0	0	1	0	0	0	0	0	0	0	0	0	0	0	0	0	0	0	0	0	0	0	0	0	0	0	2012.0	560.0	"K/W"	0.45	0.0	"G"	0.0	"G"	1	0.0	0.0	0.32911393	0.47058824	0.65745854	0.53933334	1.0	1.0	12.0	3.4985892785167274	0.0	0.0	0.0	0.0	0.0	0.0	0.25	0.0	0.25	0.25	0.0	0.0	0.0	0.0	0.25	0.0	0.0	4.0	"BJP"	1	0.0	0.0	0.0	0.0	0.0	0.0
62		"BJP"	"Male"	"Ameet Bhaskar Satam"	39	"M.M.S."		"Yes"	0		5614731.5		12	74	1	18	6	10	2016							66.555	60.289	61.838	74.657	71.21	77.708	76.321	79.477	71.489	65.059	66.476	70.0	70.919	72.299	89.7	90.8	66.85667	76.295	68.39	71.53			0	0	0	0	0	0	0	0	0	0	0	0	0	0	0	0	0	0	0	0	0	0	0	0	0	0	0	0	0	0	0	0		0	0	0	0	0	0	0	0	0	0	0	0	0	0	0	0	0	0	0	0	0	0	0	0	0	0	0	0	0	0	0	0	0	0	0	0	0	0	0	0	0	0	0	0	0	0	0	1	0	0	2012.0	560.0	"K/W"	0.45	0.0	"G"	0.0	"G"	1	0.0	0.0	0.16216215	0.055555556	0.19387755	0.4678943	1.0	1.0	6.0	0.0	0.0	0.0	0.0	0.0	0.0	0.0	0.0	0.0	0.0	0.0	0.0	0.0	1.0	0.0	0.0	0.0	0.0	1.0	"BJP"	1	0.0	0.0	0.0	0.0	0.0	0.0
62	"OBC"	"IND"		"Changez Jamal Multani"															2018			"10659"		"sS"	"6090"	70.71	69.405	68.412	67.303		71.118	72.616	75.055	70.732	55.013	55.283	59.785	61.534	48.871	0.0	76.0	58.85	50.2125	92.0375	33.0825		56.089	0	0	0	0	0	0	0	0	0	0	0	0	0	0	0	0	0	0	0	0	0	0	0	0	0	0	0	0	0	0	0	0		0	0	0	0	0	0	0	0	0	0	0	0	0	0	0	0	0	0	0	0	0	0	0	0	0	0	0	0	0	0	0	0	0	0	0	0	0	0	0	0	0	0	0	0	0	0	0	0	0	0	2017.0	561.0			0.0		0.0	"OBC"	2	1.0																												"_Other"	6	0.0	0.0	0.0			
63		"IND"	"Male"	"Adolf Victor D'souza"									45	51	16	17	50	60	2011			"4582"		"INC"	"642"	62.524	62.003	60.825	59.36		61.577	59.62	61.217	59.17	59.239	58.118	58.755	59.627	58.528					60.295		119		0	2	0	0	0	0	1	1	0	0	1	0	0	0	0	0	0	0	0	0	0	0	0	0	0	0	0	1	0	1	0	0		0	0	0	0	0	0	0	0	0	0	0	0	0	0	0	0	0	1	0	0	0	0	0	0	0	0	0	0	0	0	0	0	0	0	0	0	0	0	0	0	0	0	0	0	0	0	0	4	0	0	2007.0	562.0	"K/W"	0.45	0.0		0.0			1.0		0.88235295	0.9411765	0.94067794				12.0	5.113805661314352	0.0	0.0	0.0	0.0	0.0	0.0	0.41666666	0.0	0.083333336	0.0	0.083333336	0.0	0.33333334	0.0	0.083333336	0.0	0.0	12.0	"_Other"	6	0.0	0.0	0.0	0.0	0.0	0.0
63		"BJP"	"Male"	"Dilip Ghanshyam Patel"	61	"HSC"		"Yes"	0		5563024.0		68	70	9	17	82	102	2013			"5133"		"Congress"	"52"	74.118	74.588	70.313	74.548	73.951	75.761	74.296	85.121	74.745	74.141	76.249	74.007	74.31	72.674	1.4	8.3	84.683334	72.425	81.42	63.88			2	0	0	0	0	0	0	0	0	1	0	0	0	1	0	0	0	1	0	0	0	0	0	0	0	0	0	3	0	0	0	0	1	7	0	0	0	0	1	0	0	0	0	0	0	0	0	0	0	0	0	0	0	0	0	1	0	1	0	0	0	0	0	1	0	1	0	0	0	1	0	3	0	0	0	0	0	0	0	0	3	0	0	2012.0	563.0	"K/W"	0.45	0.0	"OBC"	0.0	"OBC"	2	1.0	0.0	0.9714286	0.5294118	0.9408284	0.9271707	0.0	1.0	15.357142857142858	1.4641586171835281	0.0	0.0	0.0	0.25	0.071428575	0.035714287	0.071428575	0.035714287	0.0	0.0	0.0	0.035714287	0.10714286	0.10714286	0.10714286	0.035714287	0.14285715	28.0	"BJP"	1	0.0	0.0	0.0	0.0	0.0	0.0
63		"BJP"	"Male"	"Dilip Ghanshyam Patel"	62	"HSC"		"Yes"	0		1.067E7		59	65	13	15	102	110	2014							66.606	52.291	45.69	61.161	63.311	62.647	62.568	63.028	58.285	48.831	45.132	48.068	55.53	51.336	0.0	37.6	47.293335	55.5575	58.845	55.3475			0	13	0	0	0	0	0	0	0	0	1	0	3	0	1	0	0	1	0	0	0	1	0	0	0	0	0	0	0	3	0	0	2	0	0	0	0	0	0	0	0	0	0	0	0	0	0	0	0	0	0	1	0	1	0	0	1	3	0	0	0	0	0	1	0	0	0	0	0	0	0	0	0	0	0	1	1	2	0	0	3	0	0	2012.0	563.0	"K/W"	0.45	0.0	"OBC"	0.0	"OBC"	2	1.0	0.0	0.9076923	0.8666667	0.95604396	0.88916665	0.0	1.0	9.692307692307692	5.599515953715752	0.07692308	0.051282052	0.0	0.0	0.102564104	0.025641026	0.35897437	0.025641026	0.025641026	0.0	0.07692308	0.025641026	0.07692308	0.051282052	0.0	0.051282052	0.051282052	39.0	"BJP"	1	0.0	0.0	0.0	0.0	0.0	0.0
63		"BJP"	"Male"	"Dilip Ghanshyam Patel"	63	"HSC"		"Yes"	0		2656000.0		64	79	9	17	109	147	2015							66.689	41.499	40.769	76.501	61.451	79.472	78.762	80.668	69.821	42.177	47.292	55.624	64.115	64.3	77.6	90.4	53.19	72.69	77.715	70.385			0	3	0	0	0	1	0	0	0	1	0	0	1	1	0	0	0	1	0	0	0	0	0	0	0	0	1	2	0	1	0	0		0	0	0	0	0	0	0	0	0	0	0	0	0	0	0	0	0	0	0	0	0	0	0	0	0	0	0	0	0	0	0	0	0	0	0	0	0	0	0	0	0	0	0	0	0	0	0	4	0	0	2012.0	563.0	"K/W"	0.45	0.0	"OBC"	0.0	"OBC"	2	1.0	0.0	0.8101266	0.5294118	0.88780487	0.44266668	0.0	1.0	10.5	5.277441891710333	0.0625	0.0	0.0	0.0	0.0	0.0	0.3125	0.0625	0.0	0.0	0.125	0.0	0.25	0.0	0.125	0.0	0.0625	16.0	"BJP"	1	0.0	0.0	0.0	0.0	0.0	0.0
63		"BJP"	"Male"	"Dilip Ghanshyam Patel"	64	"HSC"		"Yes"	0		6126346.0		52	74	10	14	79	95	2016							80.895	72.972	77.028	85.309	72.962	75.87	76.414	81.725	80.414	75.793	76.69	76.56	76.896	77.104	15.9	26.9	63.446667	75.8675	72.005	78.7925			0	0	0	0	0	0	0	0	0	0	0	0	4	0	0	0	0	1	0	0	0	0	0	0	0	0	0	2	0	0	0	1	1	0	0	0	0	0	0	0	0	0	0	0	0	0	0	0	0	0	0	0	0	0	0	0	0	1	0	0	0	1	0	0	0	0	0	0	0	0	0	0	0	0	0	0	0	0	0	0	7	2	0	2012.0	563.0	"K/W"	0.45	0.0	"OBC"	0.0	"OBC"	2	1.0	0.0	0.7027027	0.71428573	0.84431136	0.51052886	0.0	1.0	11.4	3.152589727057812	0.2	0.0	0.0	0.0	0.05	0.05	0.0	0.05	0.0	0.0	0.0	0.0	0.35	0.0	0.2	0.1	0.0	20.0	"BJP"	1	0.0	0.0	0.0	0.0	0.0	0.0
63	"W"	"BJP"	"Female"	"Ranjana Ujwal Patil"	56	"SSC"		"Yes"	0		5271574.5		78	102	18	18	9	14	2018		22746	"4864"		"SS"	"666"	48.393	53.245	49.812	60.057		67.408	69.721	81.118	79.373	46.176	63.461	75.576	74.895	70.406	0.4	39.4	41.63	44.8675	75.9725	76.81		33.745	0	0	0	0	0	0	1	0	0	0	0	0	0	0	0	0	1	0	0	0	0	0	0	0	0	0	0	1	0	1	0	0	1	0	0	0	0	0	0	0	0	0	0	0	0	0	0	0	0	0	0	0	0	0	0	0	0	0	0	0	0	0	0	0	0	0	0	0	0	0	0	0	0	0	0	0	0	0	0	0	0	0	0	2017.0	564.0	"K/W"	0.45	1.0		1.0	"G"	1	0.0	0.0	0.7647059	1.0	0.81395346	0.87859577	0.0	1.0	6.712	5.242589097368713	0.0	0.0	0.0	0.0	0.0	0.0	0.4	0.0	0.0	0.0	0.2	0.0	0.0	0.0	0.2	0.2	0.0	5.0	"BJP"	1	0.0	0.0	0.0			0.45
64		"INC"	"Male"	"Abdul Aziz Barudgar"									18	51	9	17	2	14	2011			"6385"		"IND"	"1362"	66.61	63.164	63.083	62.974		63.117	63.12	59.147	57.639	58.497	57.999	58.677	60.231	57.732					51.8025		121		0	0	0	0	0	0	0	0	0	0	0	0	0	0	0	0	0	0	0	0	0	0	0	0	0	0	0	0	0	0	0	0		0	0	0	0	0	0	0	0	0	0	0	0	0	0	0	0	0	0	0	0	0	0	0	0	0	0	0	0	0	0	0	0	0	0	0	0	0	0	0	0	0	0	0	0	0	0	0	1	0	0	2007.0	565.0	"K/W"	0.45	0.0		0.0			1.0		0.3529412	0.5294118	0.41428572				6.0	0.0	0.0	0.0	0.0	0.0	0.0	0.0	0.0	0.0	0.0	0.0	0.0	0.0	1.0	0.0	0.0	0.0	0.0	1.0	"INC"	2	0.0	0.0	0.0	0.0	0.0	0.0
64	"?"	"IND"	"Female"	"Bhavna Ameet Mangela"	35	"HSC"		"Yes"	0		3306420.0		70	70	15	17	16	17	2013			"5356"	"yes"	"MNS"	"-16699"	56.557	54.698	46.121	72.12	59.392	79.459	83.039	79.663	74.549	41.146	51.818	53.729	54.625	54.143	1.3	34.6	65.753334	66.0125	60.405	63.5125			0	0	0	0	0	0	0	0	0	0	0	0	1	0	0	0	0	0	0	0	0	0	0	0	0	1	0	0	0	0	0	0	1	0	0	0	0	0	0	0	0	0	0	0	0	0	0	0	0	0	0	0	0	0	0	0	0	0	0	0	0	0	0	0	0	0	0	0	0	0	0	0	0	0	0	0	0	0	0	0	0	0	0	2012.0	566.0	"K/W"	0.45	1.0	"W"	1.0	"G"	1	0.0	0.0	1.0	0.88235295	0.98058254	0.55107	0.0	1.0	14.0	0.9218776478562956	0.33333334	0.0	0.0	0.0	0.0	0.0	0.0	0.0	0.0	0.0	0.33333334	0.0	0.0	0.0	0.0	0.33333334	0.0	3.0	"_Other"	6	0.0	0.0	0.0	0.0	0.0	0.45
64	"?"	"IND"	"Female"	"Bhavna Ameet Mangela"	36	"HSC"		"Yes"	0		8773000.0		63	65	13	15	12	15	2014							66.636	57.146	55.257	71.254	55.591	70.284	74.527	81.176	77.32	56.486	62.487	62.568	69.407	65.932	3.4	34.2	63.66	70.545	54.615	67.18			0	0	0	0	0	0	1	0	0	0	0	0	0	0	0	0	0	0	0	0	0	0	0	0	0	0	0	0	0	1	1	0	1	0	0	0	0	0	0	0	0	0	0	0	0	0	0	0	0	0	0	0	0	0	0	0	0	0	0	0	0	0	0	0	0	0	0	0	0	0	0	0	0	0	0	0	0	0	0	0	0	0	0	2012.0	566.0	"K/W"	0.45	1.0	"W"	1.0	"G"	1	0.0	0.0	0.9692308	0.8666667	0.95652175	0.73108333	0.0	1.0	8.0	1.413907763481278	0.0	0.0	0.0	0.0	0.0	0.0	0.25	0.0	0.0	0.0	0.5	0.0	0.0	0.0	0.0	0.25	0.0	4.0	"_Other"	6	0.0	0.0	0.0	0.0	0.0	0.45
64	"?"	"IND"	"Female"	"Bhavna Ameet Mangela"	37	"HSC"		"Yes"	0		3206000.0		74	79	17	17	24	40	2015							58.202	45.981	42.263	86.04	32.811	71.632	80.09	89.264	57.254	39.793	43.301	49.038	57.468	61.967	1.9	78.6	62.67	66.42	68.495	72.13			0	0	0	0	0	0	0	0	0	0	1	0	0	0	0	0	0	0	0	0	0	1	0	0	0	0	0	2	0	0	1	1		0	0	1	0	0	0	0	0	0	0	0	0	0	0	0	0	0	0	0	0	0	0	0	0	0	0	0	0	0	0	0	0	0	0	0	0	0	0	0	0	0	0	0	0	0	0	0	0	0	0	2012.0	566.0	"K/W"	0.45	1.0	"W"	1.0	"G"	1	0.0	0.0	0.93670887	1.0	0.9583333	0.53433335	0.0	1.0	14.142857142857142	3.6517533252720678	0.0	0.0	0.0	0.14285715	0.0	0.0	0.0	0.0	0.14285715	0.0	0.14285715	0.0	0.0	0.0	0.2857143	0.14285715	0.14285715	7.0	"_Other"	6	0.0	0.0	0.0	0.0	0.0	0.45
64	"?"	"IND"	"Female"	"Bhavna Ameet Mangela"	38	"HSC"		"Yes"	0		6699248.0		71	74	18	18	17	31	2016							62.972	65.556	66.791	70.868	72.223	69.874	67.522	65.924	64.079	61.848	62.46	64.315	68.155	63.45	1.2	16.0	48.556667	69.1575	53.08	71.295			0	0	0	0	0	0	2	0	0	1	0	0	0	0	0	0	0	0	0	0	0	0	0	0	0	0	0	1	0	0	1	0	1	0	0	0	0	0	0	0	0	0	0	0	0	0	0	0	0	0	0	0	0	0	0	0	0	0	0	0	0	0	0	0	0	0	0	0	0	0	0	0	0	0	0	0	0	0	0	0	1	0	0	2012.0	566.0	"K/W"	0.45	1.0	"W"	1.0	"G"	1	0.0	0.0	0.9594595	1.0	0.9724771	0.5582707	0.0	1.0	13.142857142857142	5.148291424887169	0.0	0.0	0.0	0.0	0.0	0.0	0.42857143	0.0	0.0	0.0	0.14285715	0.0	0.14285715	0.0	0.14285715	0.14285715	0.0	7.0	"_Other"	6	0.0	0.0	0.0	0.0	0.0	0.45
64	"W"	"SS"	"Female"	"Shaheda Haroon Rashid Khan"	54	"Upto Ninth"		"Yes"	0		4963502.0		92	102	14	18	28	32	2018		23693	"7589"		"SP"	"3179"	74.315	66.309	74.236	74.601		83.217	87.195	91.808	90.456	67.795	59.279	62.278	65.227	68.786	91.9	77.1	73.77333	37.005	73.825	72.34		70.608	0	0	0	0	0	0	0	0	0	0	0	0	0	0	0	0	0	0	0	0	0	0	0	0	0	0	0	0	0	0	0	0	1	0	0	0	0	0	0	0	0	0	0	0	0	0	0	0	0	0	0	0	0	0	0	0	0	0	0	0	0	0	0	0	0	0	0	0	0	0	0	0	0	0	0	0	0	0	0	0	3	0	0	2017.0	567.0	"K/W"	0.45	1.0		1.0	"G"	1	0.0	0.0	0.9019608	0.7777778	0.9054054	0.82725036	0.0	1.0	7.07	0.8393471744198956	0.0	0.0	0.0	0.0	0.0	0.0	0.0	0.0	0.0	0.0	0.0	0.0	0.75	0.0	0.0	0.25	0.0	4.0	"SS"	5	1.0	0.0	0.0			0.45
65		"INC"	"Male"	"Jayanti Jivabhai Siroya"									43	51	15	17	13	31	2011			"5940"		"MNS"	"1387"	77.847	72.142	77.369	72.908		70.905	78.437	71.59	78.396	71.655	78.358	71.54	78.557	73.56					51.78		121		0	0	0	0	0	0	0	0	0	0	0	0	0	0	0	0	0	0	0	0	0	0	0	0	0	0	0	0	0	0	0	0		0	0	0	0	0	0	0	0	0	0	0	0	0	0	0	0	0	0	0	0	0	0	0	0	0	0	0	0	0	0	0	0	0	0	0	0	0	0	0	0	0	0	0	0	0	0	0	1	0	0	2007.0	568.0	"K/W"	0.45	0.0		0.0			1.0		0.84313726	0.88235295	0.8765432				6.0	0.0	0.0	0.0	0.0	0.0	0.0	0.0	0.0	0.0	0.0	0.0	0.0	0.0	1.0	0.0	0.0	0.0	0.0	1.0	"INC"	2	0.0	0.0	0.0	0.0	0.0	0.0
65	"W"	"INC"	"Female"	"Binita Mehul Vora"	32	"B.Com"	"Diploma in Apparel Manufacture and Design"	"Yes"	0		4992849.0		61	70	12	17	9	19	2013			"5426"		"SS"	"264"	77.848	72.591	64.165	79.904	76.983	78.362	81.177	79.92	77.509	70.427	69.159	73.124	73.132	67.309	4.0	28.5	60.983334	81.7825	81.8625	80.65			0	0	0	0	0	0	0	0	0	1	0	0	0	0	0	0	0	0	0	0	0	0	0	0	0	0	0	0	0	2	0	0		0	0	0	0	0	0	0	0	0	0	0	0	0	0	0	0	0	0	0	0	0	0	0	0	0	0	0	0	0	0	0	0	0	0	0	0	0	0	0	0	0	0	0	0	0	0	0	0	0	0	2012.0	569.0	"K/W"	0.45	1.0	"W"	1.0	"G"	1	0.0	0.0	0.87142855	0.7058824	0.8541667	0.8321415	1.0	1.0	11.0	0.6541264192509745	0.0	0.0	0.0	0.0	0.0	0.0	0.33333334	0.0	0.0	0.0	0.6666667	0.0	0.0	0.0	0.0	0.0	0.0	3.0	"INC"	2	0.0	0.0	0.0	0.0	0.0	0.45
65	"W"	"INC"	"Female"	"Binita Mehul Vora"	33	"B.Com"	"Diploma in Apparel Manufacture and Design"	"Yes"	0		1.1112E7		37	65	14	15	10	14	2014							66.397	53.552	51.153	64.8	63.181	66.784	70.02	77.565	74.449	53.583	52.714	62.24	67.797	63.151	8.9	22.5	51.43	63.23	58.805	69.6375			0	1	0	0	0	0	0	0	0	1	0	0	0	0	0	0	0	2	0	0	0	0	0	0	0	0	0	1	0	0	0	1	1	0	0	0	0	0	0	0	0	0	0	0	0	0	0	0	0	0	0	0	0	0	0	0	0	0	0	0	0	0	0	0	0	0	0	0	0	0	0	0	0	0	0	0	0	0	0	0	1	0	0	2012.0	569.0	"K/W"	0.45	1.0	"W"	1.0	"G"	1	0.0	0.0	0.5692308	0.93333334	0.67777777	0.926	1.0	1.0	15.0	4.485181437039179	0.0	0.0	0.0	0.0	0.0	0.0	0.25	0.25	0.0	0.0	0.0	0.0	0.125	0.0	0.125	0.25	0.0	8.0	"INC"	2	0.0	0.0	0.0	0.0	0.0	0.45
65	"W"	"INC"	"Female"	"Binita Mehul Vora"	34	"B.Com"	"Diploma in Apparel Manufacture and Design"	"Yes"	0		4123000.0		38	79	12	17	7	19	2015							55.219	41.86	47.357	54.227	44.593	71.013	74.525	83.328	71.823	46.146	43.458	56.222	64.676	55.499	5.1	67.5	72.136665	72.955	59.32	70.045			0	1	0	0	0	0	0	0	0	0	2	0	0	0	0	0	1	0	0	0	0	0	0	0	0	0	0	0	0	0	1	0		0	0	0	0	0	0	0	0	0	0	0	0	0	0	0	0	0	0	0	0	0	0	0	0	0	0	0	0	0	0	0	0	0	0	0	0	0	0	0	0	0	0	0	0	0	0	0	4	0	0	2012.0	569.0	"K/W"	0.45	1.0	"W"	1.0	"G"	1	0.0	0.0	0.48101267	0.7058824	0.5533981	0.6871667	1.0	1.0	10.0	3.0995566303909716	0.0	0.0	0.0	0.0	0.0	0.0	0.22222222	0.0	0.22222222	0.0	0.11111111	0.0	0.44444445	0.0	0.0	0.0	0.0	9.0	"INC"	2	0.0	0.0	0.0	0.0	0.0	0.45
65	"W"	"INC"	"Female"	"Binita Mehul Vora"	35	"B.Com"	"Diploma in Apparel Manufacture and Design"	"Yes"	0		5035083.0		46	74	17	18	11	17	2016							73.884	61.552	71.356	81.943	80.577	88.437	84.376	92.324	88.053	63.679	63.991	70.681	71.259	69.9	8.7	46.6	62.13	81.39	75.5325	69.8525			0	2	0	0	0	0	2	0	0	1	0	0	0	0	0	0	0	0	0	0	0	0	0	0	0	0	0	1	0	1	1	0	1	0	0	0	0	0	0	0	0	0	0	0	0	0	0	0	0	0	0	0	0	0	0	0	1	0	0	0	0	0	0	0	0	0	0	0	0	0	0	0	0	0	0	0	0	0	0	0	1	0	0	2012.0	569.0	"K/W"	0.45	1.0	"W"	1.0	"G"	1	0.0	0.0	0.6216216	0.9444444	0.7184466	0.41959026	1.0	1.0	15.636363636363637	6.280249301525898	0.0	0.0	0.0	0.0	0.09090909	0.0	0.45454547	0.0	0.0	0.0	0.18181819	0.0	0.09090909	0.0	0.09090909	0.09090909	0.0	11.0	"INC"	2	0.0	0.0	0.0	0.0	0.0	0.45
65	"OBC-W"	"INC"	"Female"	"Alpa Ashok Jadhav"	38	"Post Graduate"		"Yes"	0		3922393.0		49	102	7	18	10	16	2018		29463	"7820"		"BJP"	"1305"	55.556	49.655	69.776	73.77		68.335	70.288	76.185	73.282	51.101	52.443	56.36	67.221	62.063	10.5	30.0	63.833332	61.9	69.6825	78.5		58.925	0	0	0	0	0	0	2	0	1	0	1	0	1	0	0	0	0	1	0	0	0	0	0	0	0	0	0	7	0	2	1	0	2	0	0	0	0	0	0	0	0	0	0	0	0	0	0	0	0	0	0	0	0	0	0	1	2	0	0	0	0	0	3	0	0	0	0	0	0	0	0	0	0	0	0	0	0	0	0	0	0	0	0	2017.0	570.0	"K/W"	0.45	1.0		1.0	"OBC"	2	1.0	0.0	0.48039216	0.3888889	0.50769234	0.6537322	1.0	1.0	13.177	5.115827786118043	0.041666668	0.0	0.0	0.0	0.125	0.125	0.125	0.041666668	0.041666668	0.0	0.125	0.0	0.0	0.0	0.29166666	0.083333336	0.0	24.0	"INC"	2	0.0	0.0	0.0			0.45
66	"W"	"BJP"	"Female"	"Ujjwala Shrikrushna Modak "									35	51	5	15	0	0	2011			"5951"		"IND"	"273"	52.323	55.526	57.838	57.949		62.707	61.443	60.333	60.529	58.921	59.122	60.361	58.816	58.374					49.575		126		0	0	0	0	0	0	0	0	0	0	0	0	0	0	0	0	0	0	0	0	0	0	0	0	0	0	0	0	1	0	0	0		0	0	0	0	0	0	0	0	0	0	0	0	0	0	0	0	0	0	0	0	0	0	0	0	0	0	0	0	0	0	0	0	0	0	0	0	0	0	0	0	0	0	0	0	0	1	0	0	0	0	2007.0	571.0	"K/E"	0.58	1.0		1.0	"G"	1	0.0		0.6862745	0.33333334	0.6060606				14.0	0.038820817663472035	0.0	0.0	0.0	0.5	0.0	0.0	0.0	0.0	0.0	0.0	0.0	0.0	0.0	0.0	0.0	0.0	0.5	2.0	"BJP"	1	0.0	0.0	0.0	0.0	0.0	0.58
66		"BJP"	"Female"	"Ujjwala Shrikrushna Modak"	46	"B.A."		"Yes"	0		4372376.5		31	70	1	16	16	41	2013			"8159"		"Congress"	"3008"	54.954	42.255	47.296	63.0	45.002	67.894	75.867	83.119	80.884	57.961	55.36	65.011	64.597	65.793	42.9	57.8	64.87666	78.005	80.2925	76.9475			0	0	0	0	0	0	0	0	0	0	0	0	0	0	0	0	0	0	0	0	0	0	0	0	0	0	0	0	0	0	0	0		1	0	0	0	0	0	0	0	0	0	0	0	0	0	0	0	0	0	0	0	0	0	0	0	0	0	0	0	0	0	0	0	0	0	0	0	0	0	0	0	0	0	0	0	0	0	0	0	0	0	2012.0	572.0	"K/E"	0.58	1.0	"G"	0.0	"G"	1	0.0	0.0	0.44285715	0.0625	0.47058824	0.7287294	1.0	1.0	8.0	0.0	0.0	0.0	0.0	1.0	0.0	0.0	0.0	0.0	0.0	0.0	0.0	0.0	0.0	0.0	0.0	0.0	0.0	1.0	"BJP"	1	0.0	0.0	0.0	0.0	0.0	0.0
66		"BJP"	"Female"	"Ujjwala Shrikrushna Modak"	47	"B.A."		"Yes"	0		1.0249E7		23	65	1	16	1	4	2014							64.181	60.369	62.023	68.151	63.66	72.082	74.525	80.479	81.582	60.448	65.776	62.451	63.589	66.264	32.7	60.4	59.943333	72.615	62.71	69.8675			0	0	0	0	0	0	0	0	0	0	0	0	0	0	0	0	0	0	0	0	0	0	0	0	0	0	0	1	0	0	0	0		0	0	0	0	0	0	0	0	0	0	0	0	0	0	0	0	0	0	0	0	0	0	0	0	0	0	0	0	0	0	0	0	0	0	0	0	0	0	0	0	0	0	0	0	0	0	0	0	0	0	2012.0	572.0	"K/E"	0.58	1.0	"G"	0.0	"G"	1	0.0	0.0	0.35384616	0.0625	0.30487806	0.85408336	1.0	1.0	8.0	4.028733912002394	0.0	0.0	0.0	0.0	0.0	0.0	0.0	0.0	0.0	0.0	0.0	0.0	0.0	0.0	1.0	0.0	0.0	1.0	"BJP"	1	0.0	0.0	0.0	0.0	0.0	0.0
66		"BJP"	"Female"	"Ujjwala Shrikrushna Modak"	48	"B.A."		"Yes"	0		2558000.0		61	79	1	19	40	41	2015							64.519	53.325	47.674	72.872	57.237	72.703	74.7	84.947	81.326	53.025	53.31	61.252	71.467	69.297	42.6	59.7	64.58667	69.9975	64.735	70.7125			0	0	0	0	0	0	0	0	0	0	0	0	0	0	0	0	0	1	0	0	0	0	0	0	0	0	0	0	0	0	0	0		0	0	0	0	0	0	0	0	0	0	0	0	0	0	0	0	0	0	0	0	0	0	0	0	0	0	0	0	0	0	0	0	0	0	0	0	0	0	0	0	0	0	0	0	0	0	0	0	0	0	2012.0	572.0	"K/E"	0.58	1.0	"G"	0.0	"G"	1	0.0	0.0	0.7721519	0.05263158	0.73913044	0.42633334	1.0	1.0	6.0	0.0	0.0	0.0	0.0	0.0	0.0	0.0	0.0	1.0	0.0	0.0	0.0	0.0	0.0	0.0	0.0	0.0	0.0	1.0	"BJP"	1	0.0	0.0	0.0	0.0	0.0	0.0
66		"BJP"	"Female"	"Ujjwala Shrikrushna Modak"	49	"B.A."		"Yes"	0		9191762.0		38	74	1	18	6	24	2016							95.471	89.821	91.018	93.794	88.054	89.537	88.897	93.803	92.224	84.439	81.205	79.904	83.327	82.51	20.4	25.9	74.69334	84.535	95.835	80.8325			0	0	0	0	0	0	0	0	0	0	0	0	0	0	0	0	1	0	0	0	0	0	0	0	0	0	0	0	0	0	0	0		0	0	0	0	0	0	0	0	0	0	0	0	0	0	0	0	0	0	0	0	0	0	0	0	0	0	0	0	0	0	0	0	0	0	0	0	0	0	0	0	0	0	0	0	0	0	0	0	0	0	2012.0	572.0	"K/E"	0.58	1.0	"G"	0.0	"G"	1	0.0	0.0	0.5135135	0.055555556	0.45918366	0.7659802	1.0	1.0	8.0	0.0	0.0	0.0	0.0	0.0	0.0	0.0	1.0	0.0	0.0	0.0	0.0	0.0	0.0	0.0	0.0	0.0	0.0	1.0	"BJP"	1	0.0	0.0	0.0	0.0	0.0	0.0
66	"W"	"INC"	"Female"	"Meher Mohsin Haider"	48	"HSC"		"Yes"	0		4916629.5		80	102	14	18	30	39	2018		25628	"11228"		"AIMIM"	"3810"	48.612	52.61	52.757	58.322		61.243	63.182	54.856	62.349	60.806	50.837	52.166	63.846	39.632	32.9	11.6	51.456665	84.15	49.99	64.335		44.921	0	0	0	0	0	0	0	0	0	0	1	0	0	0	0	0	1	0	0	0	0	2	0	0	0	1	0	6	0	1	0	4	3	2	0	0	0	0	0	0	0	0	0	0	0	0	0	0	0	0	0	0	0	0	1	0	1	0	0	0	0	0	0	0	0	0	0	0	0	0	0	0	0	0	0	0	0	0	1	0	0	0	1	2017.0	573.0	"K/W"	0.45	1.0		1.0	"G"	1	0.0	0.0	0.78431374	0.7777778	0.82666665	0.8194383	0.0	1.0	12.2285	4.208360817403458	0.0	0.04	0.0	0.12	0.04	0.0	0.04	0.0	0.04	0.0	0.08	0.0	0.0	0.0	0.28	0.28	0.08	25.0	"INC"	2	0.0	0.0	0.0			0.45
67		"SS"	"Male"	"Suresh Madhukar Gangan"									41	51	11	15	0	0	2011			"10269"		"MNS"	"4000"	52.686	51.798	52.86	52.967		56.442	52.007	53.678	51.956	52.778	51.745	51.695	51.85	52.526					57.46		125		0	0	0	0	0	0	0	0	0	0	0	0	0	0	0	0	0	0	0	0	0	0	0	0	0	0	0	0	0	0	0	0		0	0	0	0	0	0	0	0	0	0	0	0	0	0	0	0	0	0	0	0	0	0	0	1	0	0	0	0	0	0	0	0	0	0	0	0	0	0	0	0	0	0	0	0	1	0	0	0	0	0	2007.0	574.0	"K/E"	0.58	0.0		0.0			1.0		0.8039216	0.73333335	0.7878788				6.0	0.0	0.0	0.5	0.0	0.0	0.5	0.0	0.0	0.0	0.0	0.0	0.0	0.0	0.0	0.0	0.0	0.0	0.0	2.0	"SS"	5	1.0	0.0	0.0	0.0	0.0	0.0
67	"W"	"SS"	"Female"	"Manjiri Gurunath Parab"	56	"Ninth"		"Yes"	0		5592202.0		67	70	15	16	8	19	2013			"13200"		"MNS"	"4304"	58.457	42.144	35.152	64.716	43.829	65.493	69.36	87.842	84.986	65.761	53.09	66.457	72.379	67.29	61.3	65.9	63.59667	72.0125	75.295	77.3			0	1	0	0	0	0	0	0	0	0	0	0	0	0	0	0	0	0	0	0	0	0	0	0	0	0	0	0	0	0	0	0		0	0	2	0	0	0	0	0	0	0	0	0	0	0	0	0	0	0	0	0	0	0	0	0	0	0	0	0	0	0	0	0	0	0	0	0	0	0	0	0	0	0	0	0	0	0	0	0	0	0	2012.0	575.0	"K/E"	0.58	1.0	"W"	1.0	"G"	1	0.0	0.0	0.95714283	0.9375	0.9574468	0.93203366	0.0	1.0	6.0	3.086729766273904	0.0	0.0	0.0	0.6666667	0.0	0.0	0.33333334	0.0	0.0	0.0	0.0	0.0	0.0	0.0	0.0	0.0	0.0	3.0	"SS"	5	1.0	0.0	0.0	0.0	0.0	0.58
67	"W"	"SS"	"Female"	"Manjiri Gurunath Parab"	57	"Ninth"		"Yes"	0		9650000.0		64	65	16	16	6	14	2014							68.12	67.856	60.584	74.576	70.48	77.826	76.945	84.578	77.254	60.178	60.47	64.024	65.629	68.149	16.9	35.2	48.656666	62.115	53.985	72.0775			0	0	0	0	0	0	0	0	0	0	1	0	1	0	0	0	0	0	0	0	0	0	0	0	0	0	0	2	0	0	0	0		0	0	0	0	0	0	0	0	0	0	0	0	0	0	0	0	0	0	0	0	0	0	0	0	0	0	0	0	0	0	0	0	0	0	0	0	0	0	0	0	0	0	0	0	0	0	0	0	0	0	2012.0	575.0	"K/E"	0.58	1.0	"W"	1.0	"G"	1	0.0	0.0	0.9846154	1.0	0.9885057	0.8041667	0.0	1.0	14.0	4.757557617479796	0.25	0.0	0.0	0.0	0.0	0.0	0.0	0.0	0.25	0.0	0.0	0.0	0.0	0.0	0.5	0.0	0.0	4.0	"SS"	5	1.0	0.0	0.0	0.0	0.0	0.58
67	"W"	"SS"	"Female"	"Manjiri Gurunath Parab"	58	"Ninth"		"Yes"	0		3986000.0		68	79	16	19	5	19	2015							60.24	48.108	42.37	67.735	58.838	66.281	69.578	71.956	64.754	36.502	44.106	49.813	63.581	59.59	63.6	88.2	57.553333	67.3775	86.0875	62.095			0	0	0	0	0	0	0	0	0	0	1	0	0	0	0	0	0	0	0	0	0	0	0	0	0	0	0	0	0	0	0	0		0	0	1	0	0	0	0	0	0	0	0	0	0	0	0	0	0	0	0	0	0	0	0	0	0	0	0	0	0	0	0	0	0	0	0	0	0	0	0	0	0	0	0	0	0	0	0	0	0	0	2012.0	575.0	"K/E"	0.58	1.0	"W"	1.0	"G"	1	0.0	0.0	0.8607595	0.84210527	0.8640777	0.66433334	0.0	1.0	6.0	0.90234375	0.0	0.0	0.0	0.5	0.0	0.0	0.0	0.0	0.5	0.0	0.0	0.0	0.0	0.0	0.0	0.0	0.0	2.0	"SS"	5	1.0	0.0	0.0	0.0	0.0	0.58
67	"W"	"SS"	"Female"	"Manjiri Gurunath Parab"	59	"Ninth"		"Yes"	0		7958665.0		66	74	18	18	8	17	2016							59.489	53.455	58.437	66.991	60.689	62.677	64.305	65.08	66.898	64.483	63.54	64.737	65.856	64.997	40.5	50.9	72.986664	82.1125	65.0525	74.14			0	0	0	0	0	0	0	0	0	1	0	0	1	0	0	0	0	0	0	0	0	0	0	0	0	0	0	1	0	1	0	0		0	0	1	0	0	0	0	0	0	0	0	0	0	1	0	0	0	0	0	0	0	0	0	0	0	0	0	0	0	0	0	0	0	0	0	0	0	0	0	0	0	0	0	0	0	0	0	7	0	0	2012.0	575.0	"K/E"	0.58	1.0	"W"	1.0	"G"	1	0.0	0.0	0.8918919	1.0	0.92	0.6632221	0.0	1.0	11.53846153846154	2.887075430083811	0.07692308	0.0	0.0	0.07692308	0.0	0.0	0.07692308	0.0	0.0	0.0	0.07692308	0.0	0.53846157	0.0	0.15384616	0.0	0.0	13.0	"SS"	5	1.0	0.0	0.0	0.0	0.0	0.58
67	"OBC-W"	"BJP"	"Female"	"Sudha Shambhunath Singh"	55	"Graduate"		"Yes"	0		4719341.0		71	102	17	18	18	24	2018		23423	"10719"		"SS"	"3132"	60.087	42.498	48.305	59.025		72.448	80.971	77.344	75.976	77.553	62.648	71.36	77.054	66.488	39.5	20.4	49.266666	66.3	77.7675	57.9325		72.857	0	0	0	0	0	0	1	0	0	0	0	0	0	0	0	0	0	0	0	0	0	0	0	0	0	0	0	3	0	0	0	0	1	0	0	0	0	0	0	0	0	0	0	0	0	0	0	0	0	0	0	0	0	0	0	0	0	0	0	0	0	0	0	0	0	0	0	0	0	0	0	0	0	0	0	0	0	0	0	0	2	0	0	2017.0	576.0	"K/W"	0.45	1.0		1.0	"OBC"	2	1.0	0.0	0.6960784	0.9444444	0.76811594	0.78655684	1.0	1.0	10.06942857142857	4.405906517153325	0.0	0.0	0.0	0.0	0.0	0.0	0.14285715	0.0	0.0	0.0	0.0	0.0	0.2857143	0.0	0.42857143	0.14285715	0.0	7.0	"BJP"	1	0.0	0.0	0.0			0.45
68		"SS"	"Male"	"Ravindra Dattaram Waikar"									26	51	1	15	33	60	2011			"10758"		"IND"	"4400"	55.325	49.801	50.703	50.551		54.955	49.964	51.488	48.952	48.329	49.711	49.2	50.458	49.936					51.065		119		0	0	0	0	0	0	0	0	0	0	0	0	1	0	0	0	0	0	0	0	0	0	0	0	0	0	0	0	0	0	0	0		0	0	0	0	0	0	0	0	0	0	0	0	0	0	0	0	0	0	0	0	0	0	0	0	0	0	0	0	0	0	0	0	0	0	0	0	0	0	0	0	0	0	0	0	0	0	0	3	1	0	2007.0	577.0	"K/E"	0.58	0.0		0.0			1.0		0.50980395	0.06666667	0.6060606				9.0	0.027902462695620526	0.2	0.0	0.0	0.0	0.0	0.0	0.0	0.0	0.0	0.0	0.0	0.0	0.6	0.0	0.2	0.0	0.0	5.0	"SS"	5	1.0	0.0	0.0	0.0	0.0	0.0
68		"SS"	"Male"	"Anant Bhiku Nar"	47	"SSC"		"Yes"	11		4293203.5		70	70	16	16	29	29	2013	10		"14267"		"MNS"	"7271"	64.654	39.945	49.131	62.939	47.315	70.732	79.576	89.001	84.665	53.09	57.762	65.537	71.51	78.068	53.9	53.9	65.94334	81.775	73.695	72.9575			0	2	0	0	0	0	0	0	0	1	0	0	0	0	0	0	11	0	0	0	0	0	0	0	0	0	0	7	0	3	0	0		4	0	2	0	0	0	0	0	1	0	0	0	0	0	0	0	0	0	0	0	0	0	0	2	1	0	0	0	1	1	0	0	0	0	0	0	0	0	1	0	0	0	0	0	2	0	0	11	0	0	2012.0	578.0	"K/E"	0.58	0.0	"OBC"	0.0	"OBC"	2	1.0	1.0	1.0	1.0	1.0	0.7155339	0.0	1.0	14.72	2.884338849183354	0.0	0.04	0.0	0.12	0.06	0.04	0.28	0.0	0.0	0.0	0.06	0.02	0.22	0.02	0.14	0.0	0.0	50.0	"SS"	5	1.0	0.0	0.0	0.0	0.0	0.0
68		"SS"	"Male"	"Anant Bhiku Nar"	48	"SSC"		"Yes"	11		1.0293E7		65	65	16	16	23	24	2014							64.113	59.583	69.132	72.975	64.084	77.197	79.367	80.74	77.886	60.447	56.439	48.611	57.76	63.631	21.0	36.2	52.33	63.37	46.665	74.8575			0	3	0	0	0	0	0	0	0	2	0	0	7	0	0	1	10	1	0	0	0	3	0	0	0	0	0	45	0	3	2	1	2	2	0	0	1	0	0	0	0	0	0	0	0	0	0	0	0	1	0	0	0	0	0	0	0	1	0	0	0	0	1	0	0	0	0	0	0	0	0	0	0	0	0	0	0	0	0	1	4	0	0	2012.0	578.0	"K/E"	0.58	0.0	"OBC"	0.0	"OBC"	2	1.0	1.0	1.0	1.0	1.0	0.85775	0.0	1.0	13.142857142857142	5.495137303604693	0.07692308	0.0	0.010989011	0.021978023	0.010989011	0.021978023	0.18681319	0.010989011	0.0	0.0	0.054945055	0.0	0.043956045	0.0	0.4945055	0.032967035	0.032967035	91.0	"SS"	5	1.0	0.0	0.0	0.0	0.0	0.0
68		"SS"	"Male"	"Anant Bhiku Nar"	49	"SSC"		"Yes"	11		1490000.0		79	79	19	19	22	22	2015							57.342	41.435	43.569	52.933	48.114	68.277	65.369	82.604	71.643	48.388	45.905	50.761	59.677	58.474	46.3	62.2	65.71667	72.915	78.2925	64.1375			0	7	0	0	0	0	1	0	0	13	1	0	7	0	1	1	1	0	0	0	0	0	0	0	0	0	0	11	0	3	1	0		0	0	1	1	0	0	0	0	0	0	0	0	0	0	1	0	0	0	1	0	0	0	0	0	0	0	0	0	1	1	0	1	1	0	0	0	0	0	0	0	0	0	0	1	1	0	1	7	0	0	2012.0	578.0	"K/E"	0.58	0.0	"OBC"	0.0	"OBC"	2	1.0	1.0	1.0	1.0	1.0	0.24833333	0.0	1.0	13.707692307692309	5.117644614361702	0.10769231	0.015384615	0.015384615	0.015384615	0.0	0.06153846	0.36923078	0.0	0.015384615	0.0	0.06153846	0.03076923	0.10769231	0.015384615	0.16923077	0.0	0.015384615	65.0	"SS"	5	1.0	0.0	0.0	0.0	0.0	0.0
68		"SS"	"Male"	"Anant Bhiku Nar"	50	"SSC"		"Yes"	11		1.0226934E7		74	74	18	18	18	18	2016	10						86.99	74.541	75.775	86.487	76.384	79.377	79.899	84.852	86.695	66.71	66.289	69.389	72.828	68.339	5.2	23.7	63.576668	77.3175	83.9725	74.7425			0	12	0	1	0	0	0	0	0	5	0	0	2	0	0	0	10	1	0	0	0	1	0	0	0	0	0	33	0	1	0	1	3	0	0	0	0	0	0	0	0	0	0	0	0	0	0	0	0	0	1	0	0	0	1	0	0	0	0	0	0	0	0	0	0	0	0	0	0	0	0	0	0	0	0	0	0	0	0	0	7	0	0	2012.0	578.0	"K/E"	0.58	0.0	"OBC"	0.0	"OBC"	2	1.0	1.0	1.0	1.0	1.0	0.8522445	0.0	1.0	15.063291139240507	5.177992400498378	0.025316456	0.012658228	0.0	0.0	0.0	0.0	0.36708862	0.012658228	0.0	0.0	0.012658228	0.0	0.088607594	0.0	0.4177215	0.050632913	0.012658228	79.0	"SS"	5	1.0	0.0	0.0	0.0	0.0	0.0
68	"G"	"BJP"	"Male"	"Rohan Shashindra Rathod "	33	"Graduate"		"Yes"	1		5383958.0		78	102	17	18	6	15	2018	1	31280	"8200"		"SS"	"1974"	52.043	59.359	63.443	69.588		67.919	69.502	63.72	75.106	59.975	66.444	67.435	77.007	65.227	10.6	4.5	69.12666	69.2975	80.6175	59.4275		75.286	0	1	0	0	0	0	2	0	0	0	5	0	0	0	0	0	0	0	0	0	0	0	0	0	0	0	0	0	0	1	1	0	1	0	0	0	0	0	0	0	0	0	0	0	0	0	0	0	0	0	0	0	0	0	0	0	0	0	0	0	0	0	0	0	0	0	0	0	0	0	0	0	0	0	0	0	0	1	0	0	0	0	0	2017.0	579.0	"K/W"	0.45	0.0		0.0	"G"	1	0.0	1.0	0.7647059	0.9444444	0.8015873	0.89732635	1.0	1.0	11.565	5.6005934778000945	0.0	0.083333336	0.0	0.0	0.0	0.0	0.25	0.0	0.41666666	0.0	0.16666667	0.0	0.0	0.0	0.0	0.083333336	0.0	12.0	"BJP"	1	0.0	0.0	0.0			0.0
69		"SS"	"Male"	"Shailesh Dattaram Parab"									28	51	15	15	10	27	2011			"7612"		"INC"	"3521"	69.945	68.337	66.602	71.181		72.352	68.608	86.874	73.584	67.498	66.952	70.229	71.318	69.758					59.685		119		0	0	0	0	0	0	0	0	0	0	0	0	0	0	0	0	0	0	0	0	0	0	0	0	0	0	0	3	0	0	0	0		0	0	0	0	0	0	0	0	0	0	0	0	0	0	0	0	0	0	0	0	0	0	0	0	0	0	0	0	0	0	0	0	0	0	0	0	0	0	0	0	0	0	0	0	0	0	0	1	0	0	2007.0	580.0	"K/E"	0.58	0.0		0.0			1.0		0.54901963	1.0	0.69736844				12.5	0.7667111488535727	0.0	0.0	0.0	0.0	0.0	0.0	0.0	0.0	0.0	0.0	0.0	0.0	0.25	0.0	0.75	0.0	0.0	4.0	"SS"	5	1.0	0.0	0.0	0.0	0.0	0.0
69	"W"	"SS"	"Female"	"Shivani Shailesh Parab"	35	"SSC"		"Yes"	0		4745510.0		63	70	14	16	15	17	2013			"11000"		"NCP"	"4383"	51.497	40.565	31.028	56.709	44.152	61.707	77.484	85.938	77.474	69.409	53.634	67.732	72.155	61.48	62.9	64.3	56.383335	73.24	69.68	55.9025			0	0	0	0	0	0	0	0	0	0	0	0	0	0	0	0	0	0	0	0	0	0	0	0	0	0	0	0	0	0	0	0		1	0	0	0	0	0	0	0	0	0	0	0	0	0	0	0	0	0	0	0	0	0	0	0	0	0	0	0	0	0	0	0	0	0	0	0	0	0	0	0	0	0	0	0	0	0	0	0	0	0	2012.0	581.0	"K/E"	0.58	1.0	"W"	1.0	"G"	1	0.0	0.0	0.9	0.875	0.9108911	0.79091835	0.0	1.0	8.0	0.0	0.0	0.0	0.0	1.0	0.0	0.0	0.0	0.0	0.0	0.0	0.0	0.0	0.0	0.0	0.0	0.0	0.0	1.0	"SS"	5	1.0	0.0	0.0	0.0	0.0	0.58
69	"W"	"SS"	"Female"	"Shivani Shailesh Parab"	36	"SSC"		"Yes"	0		1.0658E7		49	65	10	16	11	15	2014							69.918	58.814	49.324	65.415	51.953	67.431	70.455	79.115	82.813	62.253	63.522	51.676	53.467	60.876	34.9	52.4	58.836666	65.4725	65.275	68.8775			0	0	0	0	0	0	0	0	0	0	1	0	0	0	0	0	0	0	0	0	0	0	0	0	0	0	0	3	0	2	0	0		0	0	0	0	0	0	0	0	0	0	0	0	0	0	0	0	0	0	0	0	0	0	0	0	0	0	0	0	0	0	0	0	0	0	0	0	0	0	0	0	0	0	0	0	0	0	0	0	0	0	2012.0	581.0	"K/E"	0.58	1.0	"W"	1.0	"G"	1	0.0	0.0	0.75384617	0.625	0.76086956	0.88816667	0.0	1.0	11.0	5.396587847949716	0.0	0.0	0.0	0.0	0.0	0.0	0.0	0.0	0.16666667	0.0	0.33333334	0.0	0.0	0.0	0.5	0.0	0.0	6.0	"SS"	5	1.0	0.0	0.0	0.0	0.0	0.58
69	"W"	"SS"	"Female"	"Shivani Shailesh Parab"	37	"SSC"		"Yes"	0		3513000.0		62	79	13	19	14	21	2015							64.793	59.487	51.568	69.804	61.953	66.429	70.803	82.35	84.422	55.84	59.808	68.627	70.951	66.917	34.1	45.7	54.466667	61.64	81.735	66.7425			0	0	0	0	0	0	0	0	0	1	0	0	0	0	0	0	0	0	0	0	0	0	0	0	0	0	0	0	0	0	1	0		0	0	0	0	0	0	0	0	0	0	0	0	0	0	0	0	0	0	0	0	0	0	0	0	0	0	0	0	0	0	0	0	0	0	0	0	0	0	0	0	0	0	0	0	0	0	0	5	0	0	2012.0	581.0	"K/E"	0.58	1.0	"W"	1.0	"G"	1	0.0	0.0	0.7848101	0.68421054	0.79464287	0.5855	0.0	1.0	11.142857142857142	0.228515625	0.0	0.0	0.0	0.0	0.0	0.0	0.14285715	0.0	0.0	0.0	0.14285715	0.0	0.71428573	0.0	0.0	0.0	0.0	7.0	"SS"	5	1.0	0.0	0.0	0.0	0.0	0.58
69	"W"	"SS"	"Female"	"Shivani Shailesh Parab"	38	"SSC"		"Yes"	0		8485392.0		62	74	12	18	9	14	2016							59.06	57.335	53.149	75.105	59.778	74.053	80.801	83.158	66.443	63.649	61.798	63.397	66.369	69.056	76.5	77.9	69.35333	71.3375	75.7125	61.63			0	0	0	0	0	0	0	0	0	1	0	0	0	0	0	0	0	0	0	0	0	0	0	0	0	0	0	8	0	0	0	0		0	0	0	0	0	0	0	0	0	0	0	0	0	0	0	0	0	0	0	0	0	0	0	1	0	0	0	0	0	0	0	0	0	0	0	0	0	0	0	0	0	0	0	0	0	0	0	0	0	0	2012.0	581.0	"K/E"	0.58	1.0	"W"	1.0	"G"	1	0.0	0.0	0.8378378	0.6666667	0.8217822	0.707116	0.0	1.0	11.600000000000001	2.2893692104102334	0.0	0.0	0.0	0.0	0.1	0.0	0.1	0.0	0.0	0.0	0.0	0.0	0.0	0.0	0.8	0.0	0.0	10.0	"SS"	5	1.0	0.0	0.0	0.0	0.0	0.58
69	"W"	"BJP"	"Female"	"Renu Kishorilal Bhasin"	48	"HSC"		"Yes"	0		5410917.0		71	102	15	18	7	18	2018		25933	"8266"		"Congress"	"3705"	74.048	59.772	58.184	77.412		81.28	88.442	93.583	78.775	59.38	56.627	50.825	63.031	61.322	29.8	79.4	90.77333	32.3725	75.8875	65.52		74.599	0	1	0	0	0	0	0	0	0	0	1	0	0	0	0	0	0	1	0	0	0	0	0	0	0	0	0	1	0	1	0	0		0	0	0	0	0	0	0	0	0	0	0	0	0	0	0	0	0	0	0	0	0	0	0	0	0	0	0	0	0	0	0	0	0	0	0	0	0	0	0	0	0	0	0	0	0	0	0	0	0	0	2017.0	582.0	"K/W"	0.45	1.0		1.0	"G"	1	0.0	0.0	0.6960784	0.8333333	0.7322835	0.9018195	0.0	1.0	9.072	5.250360830465193	0.0	0.0	0.0	0.0	0.0	0.0	0.2	0.2	0.2	0.0	0.2	0.0	0.0	0.0	0.2	0.0	0.0	5.0	"BJP"	1	0.0	0.0	0.0			0.45
70	"W"	"INC"	"Female"	"Sabira Bi. Hassan Shaikh"									35	51	15	15	9	13	2011			"5992"		"SS"	"2606"	51.446	54.317	51.793	59.279		59.647	52.426	90.701	65.768	51.411	55.08	53.826	58.771	56.588					99.34		156		0	0	0	0	0	0	0	0	0	0	0	0	1	0	0	0	0	0	0	0	0	0	0	0	0	0	0	0	0	0	3	0		0	0	0	0	0	0	0	0	0	0	0	0	0	0	0	0	0	1	0	0	0	0	0	0	0	0	0	0	0	0	0	0	0	0	0	0	0	0	0	0	0	0	0	0	0	0	0	0	0	0	2007.0	586.0	"K/E"	0.58	1.0		1.0	"G"	1	0.0		0.6862745	1.0	0.7866667				14.6	0.18075943224554167	0.2	0.0	0.0	0.0	0.0	0.0	0.2	0.0	0.0	0.0	0.6	0.0	0.0	0.0	0.0	0.0	0.0	5.0	"INC"	2	0.0	0.0	0.0	0.0	0.0	0.58
70		"MNS"	"Male"	"Bhalchandra Gangaram Ambure"	42	"SSC"		"Yes"	1		5160480.0		65	70	14	16	23	29	2013	1		"5067"		"Congress"	"1082"	71.229	65.956	64.89	76.523	62.937	72.517	74.527	80.26	77.899	64.192	64.649	65.126	68.764	64.721	35.4	58.1	65.01	71.17	65.4325	72.515			0	0	0	0	0	0	0	0	0	0	0	0	0	0	0	0	0	0	0	0	0	0	0	0	0	0	0	1	0	0	1	0		0	0	0	0	0	0	0	0	0	0	0	0	0	0	0	0	0	0	0	0	0	0	0	0	0	0	0	0	1	0	0	0	0	0	0	0	0	0	0	0	0	0	0	0	0	0	0	0	0	0	2012.0	587.0	"K/E"	0.58	0.0	"G"	0.0	"G"	1	0.0	1.0	0.9285714	0.875	0.9357798	0.86008	0.0	1.0	14.0	1.0952288970446205	0.0	0.0	0.0	0.0	0.0	0.33333334	0.0	0.0	0.0	0.0	0.33333334	0.0	0.0	0.0	0.33333334	0.0	0.0	3.0	"MNS"	3	0.0	0.0	0.0	0.0	0.0	0.0
70		"MNS"	"Male"	"Bhalchandra Gangaram Ambure"	43	"SSC"		"Yes"	1		9012000.0		56	65	11	16	94	134	2014							57.279	60.691	65.125	65.174	63.867	66.291	70.248	70.309	70.028	59.789	55.572	51.408	65.322	61.703	2.2	25.6	69.49	69.6225	71.2475	68.49			0	1	0	0	0	1	0	0	0	0	1	0	1	0	0	0	1	0	0	0	0	0	0	0	0	0	0	8	0	0	1	0		0	0	0	0	0	0	0	0	0	0	0	0	0	0	0	0	0	0	0	0	0	0	0	0	0	0	0	0	0	0	0	0	0	0	0	0	0	0	0	0	0	0	0	0	0	0	0	0	0	0	2012.0	587.0	"K/E"	0.58	0.0	"G"	0.0	"G"	1	0.0	1.0	0.86153847	0.6875	0.92	0.751	0.0	1.0	13.142857142857142	5.701636236655691	0.071428575	0.0	0.0	0.0	0.0	0.0	0.14285715	0.0	0.071428575	0.0	0.071428575	0.0	0.0	0.0	0.5714286	0.0	0.071428575	14.0	"MNS"	3	0.0	0.0	0.0	0.0	0.0	0.0
70		"MNS"	"Male"	"Bhalchandra Gangaram Ambure"	44	"SSC"		"Yes"	1		4304000.0		66	79	12	19	70	169	2015							62.866	54.112	64.629	74.048	60.279	72.781	77.668	81.436	68.968	63.633	62.228	61.644	69.575	65.217	19.1	48.9	70.60667	74.85	79.615	76.4225			0	0	0	0	0	0	0	0	0	0	0	0	1	0	0	0	0	0	0	0	0	0	0	0	0	0	0	3	0	0	0	0	1	1	0	0	0	0	0	0	0	0	0	0	0	0	0	0	0	0	0	0	0	0	0	0	0	0	0	0	0	0	0	0	0	0	0	0	0	0	0	0	0	0	0	0	0	0	0	0	0	0	1	2012.0	587.0	"K/E"	0.58	0.0	"G"	0.0	"G"	1	0.0	1.0	0.835443	0.6315789	0.88095236	0.7173333	0.0	1.0	13.142857142857142	3.130859375	0.14285715	0.0	0.0	0.14285715	0.0	0.0	0.0	0.0	0.0	0.0	0.0	0.0	0.0	0.0	0.5714286	0.14285715	0.0	7.0	"MNS"	3	0.0	0.0	0.0	0.0	0.0	0.0
70		"MNS"	"Male"	"Bhalchandra Gangaram Ambure"	45	"SSC"		"Yes"	1		6900044.0		67	74	12	18	9	18	2016	1						70.358	58.302	59.395	72.033	57.319	71.683	76.619	82.528	70.711	64.458	61.087	63.238	67.464	64.214	1.2	25.3	70.28333	74.7	79.1175	64.15			0	4	0	0	0	0	0	0	0	0	1	1	1	0	0	1	0	0	0	0	0	0	0	0	0	0	0	3	0	0	1	1	1	0	0	0	0	0	0	0	0	0	0	0	0	0	0	0	0	0	1	0	0	0	0	0	3	0	0	0	0	1	1	0	0	0	0	0	0	0	0	0	0	0	0	0	0	0	0	2	0	2	0	2012.0	587.0	"K/E"	0.58	0.0	"G"	0.0	"G"	1	0.0	1.0	0.9054054	0.6666667	0.8712871	0.5750037	0.0	1.0	13.5	5.437868133578973	0.041666668	0.0	0.083333336	0.0	0.125	0.083333336	0.25	0.0	0.041666668	0.0	0.041666668	0.0	0.0	0.0	0.20833333	0.083333336	0.041666668	24.0	"MNS"	3	0.0	0.0	0.0	0.0	0.0	0.0
70	"W"	"BJP"	"Female"	"Sunita Rajesh Mehta"	46	"Post Graduate"		"Yes"	0		3681094.2		85	102	16	18	13	16	2018		26420	"13034"		"SS"	"9274"	16.508	48.89	54.982	67.818		87.544	89.329	91.385	75.374	15.99	19.614	41.469	54.631	17.254	92.7	26.3	37.056667	92.5325	84.635	51.825		35.739	0	6	0	0	0	0	0	0	0	0	1	0	0	0	0	1	0	0	0	0	0	0	0	0	0	1	0	2	0	0	0	1		0	0	0	0	0	0	0	0	0	0	0	0	0	0	0	0	0	0	0	0	0	0	0	0	0	0	0	0	2	1	0	0	0	0	0	0	0	0	0	0	0	0	0	0	0	0	0	0	0	0	2017.0	588.0	"K/W"	0.45	1.0		1.0	"G"	1	0.0	0.0	0.8333333	0.8888889	0.85714287	0.61351573	1.0	1.0	11.7085	5.086520008247553	0.0	0.0	0.0	0.0	0.0	0.2	0.46666667	0.0	0.06666667	0.0	0.06666667	0.0	0.0	0.0	0.13333334	0.06666667	0.0	15.0	"BJP"	1	0.0	0.0	0.0			0.45
71		"INC"	"Female"	"Rupali Ramesh Pawaskar"									48	51	14	15	13	15	2011			"5787"		"BJP"	"1184"	50.053	51.774	51.696	53.5		55.948	52.763	73.723	57.433	51.785	51.794	52.828	54.694	55.19					59.895		121		0	2	0	0	0	0	0	0	0	0	0	0	0	0	0	0	1	0	0	0	0	0	0	0	0	0	0	1	0	0	0	0	1	0	0	0	0	0	0	0	0	0	0	0	0	0	0	0	0	0	2	0	0	0	0	0	1	0	0	0	0	0	0	0	0	1	0	0	0	0	0	0	0	0	0	0	0	1	0	0	0	0	0	2007.0	589.0	"K/E"	0.58	1.0		0.0			1.0		0.9411765	0.93333334	0.9493671				14.4	5.676331432730802	0.0	0.1	0.0	0.0	0.1	0.0	0.5	0.0	0.0	0.0	0.0	0.0	0.0	0.0	0.1	0.1	0.1	10.0	"INC"	2	0.0	0.0	0.0	0.0	0.0	0.0
71	"W"	"SS"	"Female"	"Sandhya Sunil Yadav"	37	"F.Y.J.C."		"not given"	0		5138999.0		62	70	13	16	10	18	2013			"9123"		"Congress"	"1059"	61.983	51.475	43.725	75.529	55.061	77.374	84.856	85.278	79.114	58.363	56.251	65.072	69.006	59.509	32.2	44.0	62.536667	67.37	59.9125	68.41			0	0	0	0	0	0	0	0	0	0	0	0	0	0	0	0	0	0	0	0	0	0	0	0	0	0	0	1	0	0	0	0		0	0	0	0	0	0	0	0	0	0	0	0	0	0	0	0	0	0	0	0	0	0	0	0	0	0	0	0	0	1	0	0	0	0	0	0	0	0	0	0	0	0	0	0	0	0	0	1	0	0	2012.0	590.0	"K/E"	0.58	1.0	"W"	1.0	"G"	1	0.0	0.0	0.8857143	0.8125	0.8854167	0.85649985	1.0	0.0	12.0	0.9658103148541626	0.0	0.0	0.0	0.0	0.0	0.33333334	0.0	0.0	0.0	0.0	0.0	0.0	0.33333334	0.0	0.33333334	0.0	0.0	3.0	"SS"	5	1.0	0.0	0.0	0.0	0.0	0.58
71	"W"	"SS"	"Female"	"Sandhya Sunil Yadav"	38	"F.Y.J.C."		"not given"	0		1.0503E7		61	65	13	16	7	17	2014							62.297	50.093	52.301	68.8	53.673	67.078	72.001	75.531	77.067	51.699	51.377	55.125	62.17	58.666	40.7	60.4	60.39	64.6175	51.89	68.235			0	0	0	0	0	0	0	0	0	0	0	0	0	0	0	0	0	0	0	0	0	0	0	0	0	0	0	0	0	0	0	0		0	0	0	0	0	0	0	0	0	0	0	0	0	0	0	0	0	0	0	0	0	0	0	0	0	0	0	0	0	0	0	0	0	0	0	0	0	0	0	0	0	0	0	0	0	0	0	2	0	0	2012.0	590.0	"K/E"	0.58	1.0	"W"	1.0	"G"	1	0.0	0.0	0.93846154	0.8125	0.92045456	0.87525	1.0	0.0	6.0	0.0	0.0	0.0	0.0	0.0	0.0	0.0	0.0	0.0	0.0	0.0	0.0	0.0	1.0	0.0	0.0	0.0	0.0	2.0	"SS"	5	1.0	0.0	0.0	0.0	0.0	0.58
71	"W"	"SS"	"Female"	"Sandhya Sunil Yadav"	39	"F.Y.J.C."		"not given"	0		4033000.0		54	79	8	19	7	24	2015							74.37	55.626	55.384	75.856	63.683	72.858	74.22	77.479	75.583	70.323	71.639	70.378	73.942	72.064	50.9	87.6	68.18	77.3175	76.53	75.05			0	1	0	0	0	0	0	0	0	0	0	0	2	0	0	0	0	1	0	0	0	0	0	0	0	0	0	3	0	0	1	0		0	0	0	0	0	0	0	0	0	0	0	0	0	0	0	0	0	0	0	0	0	0	0	0	0	0	0	0	0	0	0	0	0	0	0	0	0	0	0	0	0	0	0	0	0	0	0	5	0	0	2012.0	590.0	"K/E"	0.58	1.0	"W"	1.0	"G"	1	0.0	0.0	0.6835443	0.42105263	0.6571429	0.67216665	1.0	0.0	11.538461538461538	3.8328683035714284	0.15384616	0.0	0.0	0.0	0.0	0.0	0.07692308	0.07692308	0.0	0.0	0.07692308	0.0	0.3846154	0.0	0.23076923	0.0	0.0	13.0	"SS"	5	1.0	0.0	0.0	0.0	0.0	0.58
71	"W"	"SS"	"Female"	"Sandhya Sunil Yadav"	40	"F.Y.J.C."		"not given"	0		7536277.5		35	74	12	18	8	18	2016							76.061	64.356	60.549	78.604	68.234	75.272	78.349	80.24	71.939	72.488	73.14	46.349	78.602	78.42	54.5	73.9	54.543335	75.6175	67.425	75.91			0	1	0	0	0	0	0	0	0	0	0	0	0	0	0	0	0	0	0	0	0	0	0	0	0	0	0	2	0	0	0	0		0	0	0	0	0	0	0	0	0	0	0	0	0	0	0	0	0	0	0	0	0	0	0	0	0	0	0	0	0	0	0	0	0	0	0	0	0	0	0	0	0	0	0	0	0	0	0	3	0	0	2012.0	590.0	"K/E"	0.58	1.0	"W"	1.0	"G"	1	0.0	0.0	0.47297296	0.6666667	0.55	0.62802315	1.0	0.0	12.0	4.43317159241288	0.0	0.0	0.0	0.0	0.0	0.0	0.16666667	0.0	0.0	0.0	0.0	0.0	0.5	0.0	0.33333334	0.0	0.0	6.0	"SS"	5	1.0	0.0	0.0	0.0	0.0	0.58
71	"G"	"BJP"	"Male"	"Aneesh Naval Makwaaney"	41	"Graduate"		"Yes"	0		5230315.5		91	102	18	18	40	53	2018	1	28451	"7277"		"SS"	"543"	53.145	52.126	59.922	60.789		55.974	60.849	58.711	59.476	49.62	45.462	52.343	60.605	45.47	54.0	14.3	57.783333	72.3125	49.76	68.94		49.854	0	0	0	0	0	0	0	0	0	1	2	0	2	0	0	0	0	0	0	0	0	0	0	0	0	0	0	1	0	0	0	0	1	0	0	0	0	0	0	0	0	0	0	0	0	0	0	0	0	0	0	0	0	0	0	0	0	0	0	0	0	0	0	0	0	0	0	0	0	0	0	0	0	0	0	0	0	0	0	0	4	0	0	2017.0	591.0	"K/W"	0.45	0.0		0.0	"G"	1	0.0	0.0	0.89215684	1.0	0.93125	0.87171924	1.0	1.0	9.977045454545454	3.304889847578867	0.18181819	0.0	0.0	0.0	0.0	0.0	0.09090909	0.0	0.18181819	0.0	0.0	0.0	0.36363637	0.0	0.09090909	0.09090909	0.0	11.0	"BJP"	1	0.0	0.0	0.0			0.0
72		"SS"	"Male"	"Ramesh Kondiram Latke"									27	51	11	15	16	31	2011			"8171"		"INC"	"4139"	66.108	61.289	67.082	65.352		68.663	65.99	89.214	68.303	49.816	49.136	47.504	65.057	60.573					76.8225		121		0	1	0	0	0	0	0	0	0	1	0	0	0	2	0	0	1	0	0	0	0	0	0	0	0	0	0	3	0	1	0	0		0	0	0	0	0	0	0	0	0	0	0	1	0	0	0	0	0	0	0	0	0	0	0	1	0	0	0	0	0	0	0	1	0	0	0	0	0	0	0	0	0	0	0	0	0	0	0	6	0	0	2007.0	592.0	"K/E"	0.58	0.0		0.0			1.0		0.5294118	0.73333335	0.6585366				13.0	3.9340450483238296	0.0	0.0	0.0	0.0	0.055555556	0.055555556	0.2777778	0.0	0.0	0.0	0.055555556	0.055555556	0.33333334	0.0	0.16666667	0.0	0.0	18.0	"SS"	5	1.0	0.0	0.0	0.0	0.0	0.0
72	"W"	"SS"	"Female"	"Sunita Janardan Elawadekar"	49	"Upto SSC"		"Yes"	2		5098493.5		68	70	16	16	8	18	2013	2		"9234"		"NCP"	"4683"	60.377	59.69	48.95	72.04	58.927	69.609	66.535	79.374	79.591	56.591	55.302	64.47	66.686	62.136	53.4	64.9	70.74333	80.5775	56.75	82.09			0	0	0	0	0	0	0	0	0	0	0	0	0	0	0	0	0	0	0	0	0	0	0	0	0	0	0	2	0	2	0	0		0	0	0	0	0	0	0	0	0	0	0	0	0	0	0	0	0	0	0	0	0	0	0	0	0	0	0	0	0	0	0	0	0	0	0	0	0	0	0	0	0	0	0	0	0	0	0	0	0	0	2012.0	593.0	"K/E"	0.58	1.0	"OBC-W"	1.0	"OBC"	2	1.0	1.0	0.9714286	1.0	0.9787234	0.8497489	0.0	1.0	8.0	1.5897237782499518	0.0	0.0	0.0	0.0	0.0	0.0	0.0	0.0	0.0	0.0	0.5	0.0	0.0	0.0	0.5	0.0	0.0	4.0	"SS"	5	1.0	0.0	0.0	0.0	0.0	0.58
72	"W"	"SS"	"Female"	"Sunita Janardan Elawadekar"	50	"Upto SSC"		"Yes"	2		1.0882E7		62	65	15	16	6	14	2014							73.923	60.228	57.923	69.13	68.916	73.836	76.039	86.204	77.484	61.678	58.693	63.07	67.534	71.201	40.0	56.5	58.583332	71.6775	63.295	72.3			0	0	0	0	0	0	0	0	0	8	0	0	5	3	0	0	0	0	0	0	0	1	0	0	0	0	0	4	0	2	0	0		0	0	0	0	0	0	0	0	0	0	0	0	0	0	0	0	0	0	0	0	0	0	0	0	0	0	0	0	0	0	0	0	0	0	0	0	0	0	0	0	0	0	0	2	0	0	0	0	0	0	2012.0	593.0	"K/E"	0.58	1.0	"OBC-W"	1.0	"OBC"	2	1.0	1.0	0.95384616	0.9375	0.954023	0.90683335	0.0	1.0	14.040000000000001	2.896942295877377	0.2	0.0	0.0	0.0	0.0	0.0	0.44	0.0	0.0	0.0	0.08	0.0	0.0	0.08	0.16	0.0	0.04	25.0	"SS"	5	1.0	0.0	0.0	0.0	0.0	0.58
72	"W"	"SS"	"Female"	"Sunita Janardan Elawadekar"	51	"Upto SSC"		"Yes"	2		5588000.0		66	79	14	19	11	19	2015							71.297	51.063	52.227	78.034	55.592	73.32	70.482	74.405	68.403	66.824	61.689	63.943	66.378	65.673	38.5	33.2	62.676666	74.1225	68.385	69.1725			0	9	0	0	0	0	0	0	0	0	0	0	5	0	0	0	1	9	0	0	0	0	0	0	0	0	0	1	0	0	0	0		0	0	1	0	0	0	0	0	0	0	0	0	0	0	0	0	0	0	0	0	0	0	0	0	0	0	0	0	0	0	0	0	0	0	0	0	0	0	0	0	0	0	0	0	1	0	0	0	0	0	2012.0	593.0	"K/E"	0.58	1.0	"OBC-W"	1.0	"OBC"	2	1.0	1.0	0.835443	0.7368421	0.8348624	0.93133336	0.0	1.0	7.333333333333333	3.2076822916666665	0.18518518	0.037037037	0.0	0.037037037	0.0	0.0	0.37037036	0.33333334	0.0	0.0	0.0	0.0	0.0	0.0	0.037037037	0.0	0.0	27.0	"SS"	5	1.0	0.0	0.0	0.0	0.0	0.58
72	"W"	"SS"	"Female"	"Sunita Janardan Elawadekar"	52	"Upto SSC"		"Yes"	2		5573341.0		61	74	16	18	10	17	2016	2						61.576	50.937	54.388	73.889	67.693	74.901	77.871	79.354	67.126	55.93	61.761	62.49	65.746	63.801	72.2	75.0	64.816666	70.5625	69.6775	74.075			0	0	0	0	0	0	0	0	0	0	0	0	0	0	0	0	3	0	0	0	0	0	0	0	0	0	0	6	0	0	0	0	2	0	0	1	0	0	0	0	0	0	0	0	0	0	0	0	0	0	0	0	0	0	0	0	0	0	0	0	0	0	0	0	0	0	0	0	0	0	0	0	0	0	0	0	0	0	0	0	2	0	0	2012.0	593.0	"K/E"	0.58	1.0	"OBC-W"	1.0	"OBC"	2	1.0	1.0	0.8243243	0.8888889	0.85294116	0.46444508	0.0	1.0	11.857142857142858	3.3370092633436257	0.0	0.0	0.0	0.071428575	0.0	0.0	0.21428572	0.0	0.0	0.0	0.0	0.0	0.14285715	0.0	0.42857143	0.14285715	0.0	14.0	"SS"	5	1.0	0.0	0.0	0.0	0.0	0.58
72	"OBC"	"BJP"	"Male"	"Pankaj Shobhnath Yadav"	51	"Graduate"		"Yes"	0		5089738.0		89	102	19	22	15	18	2018		24713	"12709"		"SS"	"1388"	81.858	82.133	80.182	79.054		78.305	76.757	77.121	76.617	64.034	67.291	64.986	58.362	42.977	99.2	0.0	83.61667	50.605	91.72	37.305		51.968	0	0	0	0	0	0	0	0	0	0	0	0	0	0	0	0	1	0	0	0	0	0	0	0	0	0	0	0	0	0	0	0		0	0	0	0	0	0	0	0	0	0	0	0	0	0	0	0	0	0	0	0	0	0	0	0	0	0	0	0	0	0	0	0	0	0	0	0	0	0	0	0	0	0	0	0	0	0	0	4	0	0	2017.0	594.0	"K/E"	0.58	0.0		0.0	"OBC"	2	1.0	0.0	0.872549	0.8636364	0.8848921	0.84828967	1.0	1.0	6.986	0.0	0.0	0.0	0.0	0.0	0.0	0.0	0.2	0.0	0.0	0.0	0.0	0.0	0.8	0.0	0.0	0.0	0.0	5.0	"BJP"	1	0.0	0.0	0.0			0.0
73		"INC"	"Male"	"Clive Dias"									50	51	14	15	10	13	2011			"5642"		"NCP"	"1143"	67.592	61.338	67.126	66.341		67.217	65.274	80.701	63.686	57.326	57.16	54.369	65.656	61.003					81.14		129		0	1	0	0	0	0	0	0	0	2	0	0	0	0	0	0	1	0	0	0	0	0	0	0	0	0	0	3	0	0	0	0	1	0	0	0	0	0	0	0	0	0	0	0	0	0	0	0	0	0	1	0	0	0	0	0	0	0	0	0	0	1	0	0	0	1	0	0	0	0	0	0	0	0	0	0	0	0	0	0	2	1	0	2007.0	595.0	"K/E"	0.58	0.0		0.0			1.0		0.98039216	0.93333334	0.9736842				15.428571428571429	4.300098785116376	0.0	0.0	0.0	0.0	0.0	0.071428575	0.35714287	0.0	0.0	0.0	0.0	0.0	0.14285715	0.0	0.2857143	0.071428575	0.071428575	14.0	"INC"	2	0.0	0.0	0.0	0.0	0.0	0.0
73	"W"	"INC"	"Female"	"Kesarben Murji Patel"	38	"Seventh"		"Yes"	0		3899300.0		65	70	12	16	12	19	2013			"10891"		"MNS"	"7539"	63.73	50.142	48.908	68.051	61.469	73.696	76.619	81.426	80.461	64.764	58.461	65.501	68.955	65.315	32.5	36.4	65.02333	75.2475	74.7325	61.52			0	0	0	0	0	0	0	0	0	0	0	0	0	0	0	0	0	0	0	0	0	0	0	0	0	0	0	1	0	0	0	0		0	0	0	0	0	0	0	0	0	0	0	0	0	0	0	0	0	0	0	0	0	0	0	0	0	0	0	0	0	0	0	0	0	0	0	0	0	0	0	0	0	0	0	0	0	0	0	1	0	0	2012.0	596.0	"K/E"	0.58	1.0	"W"	1.0	"G"	1	0.0	0.0	0.9285714	0.75	0.90816325	0.64988333	0.0	1.0	8.0	0.8711609039984547	0.0	0.0	0.0	0.0	0.0	0.0	0.0	0.0	0.0	0.0	0.0	0.0	0.5	0.0	0.5	0.0	0.0	2.0	"INC"	2	0.0	0.0	0.0	0.0	0.0	0.58
73	"W"	"INC"	"Female"	"Kesarben Murji Patel"	39	"Seventh"		"Yes"	0		9610000.0		57	65	11	16	10	14	2014							69.989	63.698	61.42	74.147	67.425	76.213	75.541	82.959	77.609	60.967	60.595	64.321	67.146	70.192	19.1	38.1	53.0	68.4	65.0025	68.3725			0	0	0	0	0	0	0	0	0	0	0	0	0	0	0	0	0	0	0	0	0	0	0	0	0	0	0	0	0	0	0	0		0	0	0	0	0	0	0	0	0	0	0	0	0	0	0	0	0	0	0	0	0	0	0	0	0	0	0	0	0	0	0	0	0	0	0	0	0	0	0	0	0	0	0	0	0	0	0	0	0	0	2012.0	596.0	"K/E"	0.58	1.0	"W"	1.0	"G"	1	0.0	0.0	0.8769231	0.6875	0.85714287	0.80083334	0.0	1.0	0.0	0.0																		0.0	"INC"	2	0.0	0.0	0.0	0.0	0.0	0.58
73	"W"	"INC"	"Female"	"Kesarben Murji Patel"	40	"Seventh"		"Yes"	0		5607000.0		58	79	12	19	11	19	2015							57.598	52.454	51.931	71.996	67.575	69.409	75.83	80.8	78.965	45.256	43.907	46.146	57.244	54.009	1.2	56.0	56.4	64.6725	75.955	51.34			0	0	0	0	0	0	0	0	0	0	0	0	0	0	0	0	0	0	0	0	0	0	0	0	0	0	0	0	0	0	0	0		0	0	0	0	0	0	0	0	0	0	0	0	0	0	0	0	0	0	0	0	0	0	0	0	0	0	0	0	0	0	0	0	0	0	0	0	0	0	0	0	0	0	0	0	0	0	0	0	0	0	2012.0	596.0	"K/E"	0.58	1.0	"W"	1.0	"G"	1	0.0	0.0	0.73417723	0.6315789	0.74311924	0.9345	0.0	1.0	0.0	0.0																		0.0	"INC"	2	0.0	0.0	0.0	0.0	0.0	0.58
73	"W"	"INC"	"Female"	"Kesarben Murji Patel"	41	"Seventh"		"Yes"	0		6000113.0		55	74	14	18	13	17	2016							77.075	66.399	72.495	79.998	66.171	76.446	78.227	78.309	75.35	76.583	76.857	76.857	79.049	76.712	19.2	21.9	59.366665	74.225	68.3325	71.1275			0	0	0	0	0	0	0	0	0	0	0	0	0	0	0	0	0	0	0	0	0	0	0	0	0	0	0	0	0	0	0	0		0	0	0	0	0	0	0	0	0	0	0	0	0	0	0	0	0	0	0	0	0	0	0	0	0	0	0	0	0	0	0	0	0	0	0	0	0	0	0	0	0	0	0	0	0	0	0	0	0	0	2012.0	596.0	"K/E"	0.58	1.0	"W"	1.0	"G"	1	0.0	0.0	0.7432432	0.7777778	0.7809524	0.5000094	0.0	1.0	0.0	0.0																		0.0	"INC"	2	0.0	0.0	0.0	0.0	0.0	0.58
73	"G"	"SS"	"Male"	"Pravin Gajanan Shinde"	60	"Upto Ninth"		"Yes"	0		5418989.5		95	102	20	22	30	35	2018		21320	"13084"		"BJP"	"7505"	69.939	30.427	55.245	75.14		69.964	69.954	81.199	76.595	48.554	47.43	53.447	79.104	51.223	100.0	81.3	84.083336	46.715	100.0	77.2875		33.41	0	0	0	0	0	0	0	0	0	0	0	0	0	0	1	1	0	0	0	0	0	0	0	0	0	0	0	0	0	0	0	0		0	0	0	0	0	0	0	0	0	0	0	0	0	0	0	0	0	0	0	0	0	1	0	0	0	0	0	0	0	0	0	0	0	0	0	0	0	0	0	0	0	0	0	0	0	0	0	0	0	0	2017.0	597.0	"K/E"	0.58	0.0		0.0	"G"	1	0.0	0.0	0.9313725	0.90909094	0.9415584	0.9031649	0.0	1.0	6.719	0.0	0.0	0.33333334	0.0	0.0	0.0	0.0	0.6666667	0.0	0.0	0.0	0.0	0.0	0.0	0.0	0.0	0.0	0.0	3.0	"SS"	5	1.0	0.0	0.0			0.0
74		"INC"	"Male"	"Roshan Bhaskar Dudwadkar"									11	51	1	15	3	14	2011			"6721"		"SS"	"1755"	54.71	58.674	56.075	59.332		63.425	56.195	96.185	68.81	56.602	57.497	59.813	61.062	59.449					73.93		121		0	0	0	0	0	0	0	0	0	0	0	0	0	0	0	0	0	0	0	0	0	0	0	0	0	0	0	0	0	0	0	0		0	0	0	0	0	0	0	0	0	0	0	0	0	0	0	0	0	0	0	0	0	0	0	0	0	0	0	0	0	0	0	0	0	0	0	0	0	0	0	0	0	0	0	0	0	0	0	0	0	0	2007.0	598.0	"K/E"	0.58	0.0		0.0			1.0		0.21568628	0.06666667	0.2173913				0.0	0.0																		0.0	"INC"	2	0.0	0.0	0.0	0.0	0.0	0.0
74		"SS"	"Male"	"Pramod Pandurang Sawant"	40	"SSC"		"Yes"	2		4006744.5		68	70	15	16	16	18	2013	2		"9846"		"Congress"	"2061"	56.394	57.811	61.289	70.27	56.571	67.753	67.971	81.148	68.728	41.629	42.64	62.749	69.549	61.095	36.2	45.5	57.07	66.7925	63.2975	65.565			0	0	0	0	0	0	0	0	0	0	2	0	2	0	1	0	1	0	0	0	1	1	0	0	0	0	0	3	0	0	1	1		1	0	2	0	0	0	0	0	0	0	0	0	0	0	0	0	0	0	0	0	0	0	0	0	0	0	0	0	0	0	0	0	0	0	0	0	0	0	0	0	0	0	0	0	0	0	0	2	0	0	2012.0	599.0	"K/E"	0.58	0.0	"G"	0.0	"G"	1	0.0	1.0	0.9714286	0.9375	0.9705882	0.6677908	0.0	1.0	15.0	2.155688622754491	0.11111111	0.0	0.0	0.16666667	0.0	0.0	0.11111111	0.0	0.11111111	0.0	0.055555556	0.0	0.11111111	0.0	0.16666667	0.055555556	0.11111111	18.0	"SS"	5	1.0	0.0	0.0	0.0	0.0	0.0
74		"SS"	"Male"	"Pramod Pandurang Sawant"	41	"SSC"		"Yes"	2		9782000.0		62	65	16	16	15	17	2014							60.388	51.962	46.396	64.227	57.536	69.545	73.599	82.73	81.371	50.68	56.028	61.695	64.441	60.628	13.3	16.3	56.2	67.2175	58.9075	67.265			0	0	0	0	0	0	0	0	0	0	0	0	0	0	0	2	0	0	0	0	0	0	0	0	0	0	0	6	0	1	0	0		0	0	0	0	0	0	0	0	0	0	0	0	0	0	0	0	0	0	0	0	1	0	0	0	0	0	0	0	1	1	1	0	0	0	0	0	0	0	0	0	0	0	0	0	0	0	0	0	0	0	2012.0	599.0	"K/E"	0.58	0.0	"G"	0.0	"G"	1	0.0	1.0	0.95384616	1.0	0.96875	0.81516665	0.0	1.0	15.153846153846153	4.741095480395091	0.0	0.0	0.0	0.0	0.0	0.23076923	0.15384616	0.0	0.0	0.0	0.07692308	0.0	0.0	0.0	0.46153846	0.0	0.07692308	13.0	"SS"	5	1.0	0.0	0.0	0.0	0.0	0.0
74		"SS"	"Male"	"Pramod Pandurang Sawant"	42	"SSC"		"Yes"	2		2961000.0		77	79	17	19	20	24	2015							62.935	55.952	49.62	66.364	62.108	68.541	68.176	74.872	71.334	54.84	51.52	51.074	61.01	62.649	2.1	41.6	44.423332	65.5	83.055	68.1975			0	1	0	0	0	0	1	0	0	0	1	1	3	0	2	0	0	0	0	0	0	1	0	0	0	0	0	2	1	2	1	0	1	2	0	0	0	0	0	0	0	0	0	0	0	0	0	0	0	0	0	0	0	0	0	0	0	0	0	0	0	0	1	0	0	0	0	0	0	0	0	0	0	0	0	0	0	1	0	0	0	0	0	2012.0	599.0	"K/E"	0.58	0.0	"G"	0.0	"G"	1	0.0	1.0	0.9746835	0.8947368	0.9661017	0.4935	0.0	1.0	14.857142857142858	5.436104910714286	0.14285715	0.04761905	0.0	0.0952381	0.0	0.04761905	0.1904762	0.0	0.04761905	0.0	0.14285715	0.0	0.0	0.0	0.0952381	0.04761905	0.14285715	21.0	"SS"	5	1.0	0.0	0.0	0.0	0.0	0.0
74		"SS"	"Male"	"Pramod Pandurang Sawant"	43	"SSC"		"Yes"	2		8658905.0		70	74	18	18	130	141	2016	2						70.224	36.376	27.279	71.026	51.358	67.377	71.024	92.506	92.96	55.917	61.369	58.641	64.444	40.685	2.3	2.3	73.486664	60.345	81.2475	67.05			0	6	0	0	0	0	1	0	0	0	1	0	0	2	0	2	1	0	0	0	0	1	0	0	0	0	0	9	0	1	1	0		0	0	0	0	0	0	0	0	0	0	0	0	0	0	0	0	0	0	0	0	0	0	0	0	0	0	0	0	0	0	0	0	0	0	0	0	0	0	0	0	0	0	0	0	0	0	0	0	0	0	2012.0	599.0	"K/E"	0.58	0.0	"G"	0.0	"G"	1	0.0	1.0	0.9459459	1.0	0.981982	0.72157544	0.0	1.0	16.16	6.102546839087131	0.0	0.0	0.0	0.0	0.0	0.0	0.48	0.0	0.04	0.0	0.08	0.0	0.0	0.0	0.36	0.0	0.04	25.0	"SS"	5	1.0	0.0	0.0	0.0	0.0	0.0
74	"W"	"BJP"	"Female"	"Ujwala Shrikrushna Modak "	52	"Graduate"		"Yes"	0		3869159.2		51	102	22	22	16	47	2018		24346	"9713"		"SS"	"458"	76.397	74.043	75.841	76.73		77.829	76.125	77.123	75.716	74.63	73.667	73.871	77.727	77.914	91.7	84.0	69.97	39.79	74.3475	60.3325		73.107	0	0	0	0	0	0	0	0	0	0	0	0	0	0	0	0	0	0	0	0	0	0	0	0	0	0	0	0	0	1	0	0		0	0	0	0	0	0	0	0	0	0	0	0	0	0	0	0	0	0	0	0	0	0	0	0	0	0	0	0	0	0	0	0	0	0	0	0	0	0	0	0	0	0	0	0	0	0	0	0	0	0	2017.0	600.0	"K/E"	0.58	1.0		1.0	"G"	1	0.0	0.0	0.5	1.0	0.6357143	0.64485985	1.0	1.0	4.776	0.9430452203777905	0.0	0.0	0.0	0.0	0.0	0.0	0.0	0.0	0.0	0.0	1.0	0.0	0.0	0.0	0.0	0.0	0.0	1.0	"BJP"	1	0.0	0.0	0.0			0.58
75		"INC"	"Male"	"Kamlesh Kedarnath Rai"									30	51	8	15	8	25	2011			"5282"		"SS"	"965"	56.416	59.806	61.768	62.546		60.902	63.339	61.05	59.375	57.422	59.362	59.378	59.126	60.647					81.7775		121		0	0	0	0	0	0	0	0	0	1	0	0	0	0	0	0	1	0	0	0	0	0	0	0	0	0	0	1	0	1	1	0	1	0	0	0	0	0	0	0	0	0	0	0	0	0	0	0	0	0	0	0	0	0	0	1	0	0	0	0	0	0	1	0	0	0	0	0	0	0	0	0	0	0	0	0	0	1	0	0	0	0	0	2007.0	601.0	"K/E"	0.58	0.0		0.0			1.0		0.5882353	0.53333336	0.6216216				16.0	3.812932184884144	0.0	0.11111111	0.0	0.0	0.11111111	0.11111111	0.22222222	0.0	0.0	0.0	0.22222222	0.0	0.0	0.0	0.11111111	0.11111111	0.0	9.0	"INC"	2	0.0	0.0	0.0	0.0	0.0	0.0
75	"W"	"INC"	"Female"	"Sushma Kamlesh Rai"	36	"SSC"		"Yes"	0		5103570.5		41	70	12	16	11	17	2013			"6613"		"SS"	"1644"	64.684	61.836	59.005	73.983	53.371	76.462	78.353	80.233	74.366	50.712	53.66	54.793	58.866	59.851	4.2	11.5	56.483334	69.0575	64.955	66.205			0	2	0	0	0	0	0	0	0	0	0	0	0	0	0	1	0	0	0	0	0	0	0	0	0	0	0	1	0	0	0	0		0	0	0	0	0	0	0	0	0	0	0	0	0	0	0	0	0	0	0	0	0	0	0	0	0	0	0	0	0	0	1	0	0	0	0	0	0	0	0	0	0	0	0	0	0	0	0	6	0	0	2012.0	602.0	"K/E"	0.58	1.0	"W"	1.0	"G"	1	0.0	0.0	0.5857143	0.75	0.6597938	0.85059506	0.0	1.0	9.272727272727273	4.0525400811280665	0.0	0.0	0.0	0.0	0.0	0.09090909	0.27272728	0.0	0.0	0.0	0.0	0.0	0.54545456	0.0	0.09090909	0.0	0.0	11.0	"INC"	2	0.0	0.0	0.0	0.0	0.0	0.58
75	"W"	"INC"	"Female"	"Sushma Kamlesh Rai"	37	"SSC"		"Yes"	0		1.1057E7		37	65	9	16	6	15	2014							61.271	56.827	49.015	67.654	61.386	68.663	71.96	76.498	83.002	57.12	56.117	55.497	53.43	67.382	40.3	50.8	53.08	65.0625	56.7875	66.1175			0	1	0	0	0	0	0	0	0	0	0	0	0	0	0	1	0	0	0	0	0	0	0	0	0	0	0	0	0	1	0	0		0	0	0	0	0	0	0	0	0	0	0	0	0	0	0	0	0	0	0	0	0	0	0	0	0	0	0	0	0	0	0	0	0	0	0	0	0	0	0	0	0	0	0	0	0	0	0	0	0	0	2012.0	602.0	"K/E"	0.58	1.0	"W"	1.0	"G"	1	0.0	0.0	0.5692308	0.5625	0.59770113	0.92141664	0.0	1.0	15.0	2.5710865010475903	0.0	0.0	0.0	0.0	0.0	0.0	0.6666667	0.0	0.0	0.0	0.33333334	0.0	0.0	0.0	0.0	0.0	0.0	3.0	"INC"	2	0.0	0.0	0.0	0.0	0.0	0.58
75	"W"	"INC"	"Female"	"Sushma Kamlesh Rai"	38	"SSC"		"Yes"	0		3838000.0		26	79	11	19	5	21	2015							50.642	54.122	40.376	64.413	53.149	64.777	64.718	76.094	77.456	40.12	46.489	40.915	58.328	56.301	2.5	70.5	54.963333	63.1425	79.3925	55.3725			0	4	0	0	0	0	1	0	0	0	1	0	0	0	0	0	0	0	0	0	0	0	0	0	0	0	0	0	0	0	0	0		0	0	0	0	0	0	0	0	0	0	0	0	0	0	0	0	0	0	0	0	0	0	0	0	0	0	0	0	0	0	0	0	0	0	0	0	0	0	0	0	0	0	0	0	0	0	0	0	0	0	2012.0	602.0	"K/E"	0.58	1.0	"W"	1.0	"G"	1	0.0	0.0	0.32911393	0.57894737	0.407767	0.6396667	0.0	1.0	9.0	4.806640625	0.0	0.0	0.0	0.0	0.0	0.0	0.8333333	0.0	0.16666667	0.0	0.0	0.0	0.0	0.0	0.0	0.0	0.0	6.0	"INC"	2	0.0	0.0	0.0	0.0	0.0	0.58
75	"W"	"INC"	"Female"	"Sushma Kamlesh Rai"	39	"SSC"		"Yes"	0		7323700.0		34	74	12	18	7	14	2016							82.357	67.073	72.019	88.647	79.339	85.618	86.748	91.895	82.357	70.9	72.801	81.796	83.703	85.615	0.0	24.7	58.053333	75.835	72.5325	70.79			0	2	0	0	0	0	0	0	0	0	1	0	1	0	0	0	0	0	0	0	0	0	0	0	0	0	0	1	0	0	0	0		0	0	0	0	0	0	0	0	0	0	0	0	0	0	0	0	1	0	0	0	0	0	0	0	0	0	0	0	0	0	0	0	0	0	0	0	0	0	0	0	0	0	0	0	1	0	0	0	0	0	2012.0	602.0	"K/E"	0.58	1.0	"W"	1.0	"G"	1	0.0	0.0	0.45945945	0.6666667	0.53535354	0.61030835	0.0	1.0	11.142857142857142	5.471548301720335	0.14285715	0.14285715	0.0	0.0	0.0	0.0	0.42857143	0.0	0.14285715	0.0	0.0	0.0	0.0	0.0	0.14285715	0.0	0.0	7.0	"INC"	2	0.0	0.0	0.0	0.0	0.0	0.58
75	"W"	"SS"	"Female"	"Priyanka Pramod Sawant "	42	"Graduate"		"Yes"	0		4690351.0		90	102	19	22	30	40	2018		28167	"10801"		"BJP"	"6011"	58.334	53.867	62.239	72.757		71.219	73.184	81.596	69.951	49.93	55.865	61.724	67.414	64.728	15.9	23.0	57.663334	61.8	77.54	78.0025		61.666	0	0	0	0	0	0	0	0	0	0	2	0	0	0	0	0	1	0	0	0	0	0	0	0	0	0	0	1	0	1	0	0		0	0	0	0	0	0	0	0	0	0	0	0	0	0	0	0	1	0	0	0	0	0	0	0	0	0	0	0	1	2	0	0	0	0	0	0	0	0	0	0	0	0	0	0	0	0	1	0	0	0	2017.0	603.0	"K/E"	0.58	1.0		1.0	"G"	1	0.0	0.0	0.88235295	0.8636364	0.9025974	0.78172517	1.0	1.0	11.972000000000001	3.9843813885027393	0.0	0.0	0.1	0.0	0.0	0.3	0.2	0.0	0.2	0.0	0.1	0.0	0.0	0.0	0.1	0.0	0.0	10.0	"SS"	5	1.0	0.0	0.0			0.58
76		"INC"	"Male"	"Jagdish Kutti Amin"									29	51	15	15	7	14	2011			"8856"	"yes"	"INC"	"4139"	56.778	60.762	66.432	64.275		64.631	63.141	64.796	63.763	62.427	63.897	62.161	63.661	65.232					84.8875		121		0	0	0	0	0	0	0	0	0	0	0	0	1	0	1	0	0	0	0	0	0	0	0	0	0	0	0	0	0	0	0	0		0	0	0	0	0	0	0	0	0	0	0	0	0	0	0	0	0	0	0	0	0	0	0	0	0	0	0	0	0	0	0	1	0	0	0	0	0	0	0	0	0	0	0	0	0	0	0	0	0	0	2007.0	604.0	"K/E"	0.58	0.0		0.0			1.0		0.5686275	1.0	0.69863015				6.0	0.027902462695620526	0.33333334	0.0	0.0	0.0	0.0	0.33333334	0.33333334	0.0	0.0	0.0	0.0	0.0	0.0	0.0	0.0	0.0	0.0	3.0	"INC"	2	0.0	0.0	0.0	0.0	0.0	0.0
76	"W"	"SS"	"Female"	"Smita Subhash Sawant"	52	"SSC"		"Yes"	0		5644515.5		60	70	16	16	19	29	2013			"9278"		"Congress"	"739"	70.773	54.232	50.91	68.321	53.409	75.636	78.255	83.814	73.597	62.261	59.671	67.776	67.025	69.691	67.4	86.5	69.53667	74.3975	71.67	67.32			0	0	0	0	0	0	0	0	0	0	0	0	0	0	0	0	0	0	0	0	0	0	0	0	0	0	0	0	0	1	0	0		0	0	0	0	0	0	0	0	0	0	0	0	0	0	0	0	0	0	0	0	0	0	0	0	0	0	0	0	0	0	0	0	0	0	0	0	0	0	0	0	0	0	0	0	1	0	0	1	0	0	2012.0	605.0	"K/E"	0.58	1.0	"W"	1.0	"G"	1	0.0	0.0	0.85714287	1.0	0.9047619	0.94075257	0.0	1.0	12.0	0.718562874251497	0.0	0.33333334	0.0	0.0	0.0	0.0	0.0	0.0	0.0	0.0	0.33333334	0.0	0.33333334	0.0	0.0	0.0	0.0	3.0	"SS"	5	1.0	0.0	0.0	0.0	0.0	0.58
76	"W"	"SS"	"Female"	"Smita Subhash Sawant"	53	"SSC"		"Yes"	0		1.0719E7		55	65	14	16	20	24	2014							67.088	53.663	59.561	72.123	66.795	79.241	78.806	85.07	83.03	64.072	59.655	57.603	66.141	69.452	43.7	58.4	56.426666	59.305	48.035	70.445			0	1	0	0	0	0	0	0	0	0	0	0	0	0	0	0	0	0	0	0	0	0	0	0	0	0	0	0	0	1	0	0		0	0	0	0	0	0	0	0	0	0	0	0	0	0	0	0	0	0	0	0	0	0	0	0	0	0	0	0	0	0	0	0	0	0	0	0	0	0	0	0	0	0	0	0	1	0	0	5	0	0	2012.0	605.0	"K/E"	0.58	1.0	"W"	1.0	"G"	1	0.0	0.0	0.84615386	0.875	0.8811881	0.89325	0.0	1.0	8.25	2.5710865010475903	0.0	0.125	0.0	0.0	0.0	0.0	0.125	0.0	0.0	0.0	0.125	0.0	0.625	0.0	0.0	0.0	0.0	8.0	"SS"	5	1.0	0.0	0.0	0.0	0.0	0.58
76	"W"	"SS"	"Female"	"Smita Subhash Sawant"	54	"SSC"		"Yes"	0		4434000.0		67	79	17	19	13	22	2015							87.666	83.063	80.682	79.494	77.515	79.737	80.909	79.929	78.094	80.23	81.333	81.059	80.643	79.492	71.7	71.7	82.67667	87.35	81.485	86.6675			0	1	0	0	0	0	0	0	0	0	2	0	1	0	0	0	0	0	0	0	0	0	0	0	0	0	0	1	0	0	1	2		0	0	0	0	0	0	0	0	0	0	0	0	0	0	0	0	0	0	0	0	0	0	0	0	0	0	0	0	0	0	0	0	0	0	0	0	0	0	0	0	0	0	0	0	0	0	0	7	0	0	2012.0	605.0	"K/E"	0.58	1.0	"W"	1.0	"G"	1	0.0	0.0	0.84810126	0.8947368	0.8738739	0.739	0.0	1.0	10.8	3.6953125	0.06666667	0.0	0.0	0.0	0.0	0.0	0.06666667	0.0	0.13333334	0.0	0.06666667	0.0	0.46666667	0.0	0.06666667	0.13333334	0.0	15.0	"SS"	5	1.0	0.0	0.0	0.0	0.0	0.58
76	"W"	"SS"	"Female"	"Smita Subhash Sawant"	55	"SSC"		"Yes"	0		6084918.0		59	74	16	18	12	18	2016							81.315	70.536	72.279	83.25	78.515	81.496	81.488	92.01	87.809	69.92	70.527	71.938	72.191	72.275	1.8	64.9	71.64	87.61	54.24	88.275			0	0	0	0	0	0	0	0	0	0	0	0	0	0	0	0	0	1	0	0	0	0	0	0	0	0	0	0	0	0	3	0		0	0	0	0	0	0	0	0	0	0	0	0	0	0	0	0	0	0	0	0	0	0	0	0	0	0	0	0	0	0	0	0	0	0	0	0	0	0	0	0	0	0	0	0	0	0	0	4	0	0	2012.0	605.0	"K/E"	0.58	1.0	"W"	1.0	"G"	1	0.0	0.0	0.7972973	0.8888889	0.83653843	0.5070765	0.0	1.0	12.75	0.09042787825319806	0.0	0.0	0.0	0.0	0.0	0.0	0.0	0.125	0.0	0.0	0.375	0.0	0.5	0.0	0.0	0.0	0.0	8.0	"SS"	5	1.0	0.0	0.0	0.0	0.0	0.58
76	"OBC"	"BJP"	"Female"	"Kesharben Murji Patel"	45	"Upto Ninth"		"Yes"	0		4325001.5		60	102	9	22	4	14	2018		27030	"12064"		"Congress"	"8347"	59.291	58.909	63.792	62.755		68.207	65.696	68.469	63.829	51.293	47.696	55.373	73.316	55.77	62.4	18.1	58.006668	61.5725	50.97	70.025		53.186	0	0	0	0	0	0	0	0	0	0	0	0	0	0	0	0	0	0	0	0	0	0	0	0	0	0	0	0	0	0	0	0		0	0	0	0	0	0	0	0	0	0	0	0	0	0	0	0	0	0	0	0	0	0	0	0	0	0	0	0	0	0	0	0	0	0	0	0	0	0	0	0	0	0	0	0	0	0	0	0	0	0	2017.0	606.0	"K/E"	0.58	1.0		0.0	"OBC"	2	1.0	0.0	0.5882353	0.4090909	0.5703125	0.7208336	0.0	1.0	0.0	0.0																		0.0	"BJP"	1	0.0	0.0	0.0			0.0
77		"INC"	"Male"	"Nitin Bandopant Salagre"									28	51	13	15	24	62	2011			"4976"		"SS"	"521"	72.569	74.006	66.618	75.02		73.683	72.442	78.097	71.979	75.205	76.451	77.266	75.482	76.214					94.5575		119		0	1	0	0	0	0	0	0	0	0	1	0	0	0	2	0	1	0	0	0	0	0	0	0	0	0	0	0	0	1	0	0		0	0	0	0	0	0	0	0	0	0	0	0	0	0	0	0	0	0	0	0	0	0	0	1	0	1	0	0	0	1	1	0	0	0	0	0	0	0	0	0	0	0	0	0	2	0	0	0	2	0	2007.0	607.0	"K/E"	0.58	0.0		0.0			1.0		0.54901963	0.8666667	0.7222222				11.571428571428571	5.007481095070564	0.0	0.14285715	0.0	0.0	0.071428575	0.14285715	0.2857143	0.0	0.071428575	0.071428575	0.071428575	0.0	0.0	0.0	0.14285715	0.0	0.0	14.0	"INC"	2	0.0	0.0	0.0	0.0	0.0	0.0
77	"?"	"INC"	"Female"	"Winnifred Baptist D'souza"	53	"SSC"		"Yes"	0		5654556.5		62	70	13	16	29	42	2013			"5932"		"SS"	"225"	64.082	37.775	25.97	63.965	48.294	68.996	78.532	90.937	88.331	46.517	44.426	60.206	67.585	59.777	44.4	49.4	75.23333	72.615	69.14	62.0625			0	0	0	0	0	0	0	0	0	0	0	0	0	0	0	0	0	0	0	0	0	0	0	0	0	0	0	1	0	0	0	0		0	0	0	0	0	0	0	0	0	0	0	0	0	0	0	0	0	0	0	0	0	0	0	0	0	0	0	0	0	0	0	0	0	0	0	0	0	0	0	0	0	0	0	0	0	0	0	0	0	0	2012.0	608.0	"K/E"	0.58	1.0	"W"	1.0	"G"	1	0.0	0.0	0.8857143	0.8125	0.90434784	0.9424261	0.0	1.0	8.0	0.8711609039984547	0.0	0.0	0.0	0.0	0.0	0.0	0.0	0.0	0.0	0.0	0.0	0.0	0.0	0.0	1.0	0.0	0.0	1.0	"INC"	2	0.0	0.0	0.0	0.0	0.0	0.58
77	"?"	"INC"	"Female"	"Winnifred Baptist D'souza"	54	"SSC"		"Yes"	0		1.2E7		52	65	12	16	17	33	2014							55.235	47.625	42.826	65.068	52.321	59.615	64.237	73.099	70.167	52.595	51.292	48.654	57.008	56.771	32.9	37.0	55.853333	61.7175	40.0525	64.7125			0	0	0	0	0	0	0	0	0	0	0	0	0	0	0	0	0	0	0	0	0	0	0	0	0	0	0	0	0	0	0	0		0	0	0	0	0	0	0	0	0	0	0	0	0	0	0	0	0	0	0	0	0	0	0	0	0	0	0	0	0	0	0	0	0	0	0	0	0	0	0	0	0	0	0	0	0	0	0	0	0	0	2012.0	608.0	"K/E"	0.58	1.0	"W"	1.0	"G"	1	0.0	0.0	0.8	0.75	0.82653064	1.0	0.0	1.0	0.0	0.0																		0.0	"INC"	2	0.0	0.0	0.0	0.0	0.0	0.58
77	"?"	"INC"	"Female"	"Winnifred Baptist D'souza"	55	"SSC"		"Yes"	0		3365000.0		68	79	15	19	33	60	2015							48.095	42.018	20.491	68.633	49.755	62.746	77.968	80.009	76.932	27.745	37.379	36.12	55.686	49.844	81.0	86.9	67.22667	55.8225	66.0525	60.4725			0	0	0	0	0	0	0	0	0	0	0	0	0	0	0	0	0	0	0	0	0	0	0	0	0	0	0	0	0	0	0	0		0	0	0	0	0	0	0	0	0	0	0	0	0	0	0	0	0	0	0	0	0	0	0	0	0	0	0	0	0	0	0	0	0	0	0	0	0	0	0	0	0	0	0	0	0	0	1	0	0	0	2012.0	608.0	"K/E"	0.58	1.0	"W"	1.0	"G"	1	0.0	0.0	0.8607595	0.7894737	0.8854962	0.56083333	0.0	1.0	3.0	0.0	0.0	0.0	1.0	0.0	0.0	0.0	0.0	0.0	0.0	0.0	0.0	0.0	0.0	0.0	0.0	0.0	0.0	1.0	"INC"	2	0.0	0.0	0.0	0.0	0.0	0.58
77	"?"	"INC"	"Female"	"Winnifred Baptist D'souza"	56	"SSC"		"Yes"	0		7880845.5		70	74	15	18	34	50	2016							72.158	60.452	60.111	76.819	68.181	73.633	78.189	79.551	77.732	69.886	68.751	72.153	71.589	72.842	5.7	23.9	62.5	74.1175	66.475	69.035			0	0	0	0	0	0	0	0	0	0	0	0	0	0	0	0	0	0	0	0	0	0	0	0	0	0	0	1	0	0	0	0		0	0	0	0	0	0	0	0	0	0	0	0	0	0	0	0	0	0	0	0	0	0	0	0	0	0	0	0	0	0	0	0	0	0	0	0	0	0	0	0	0	0	0	0	0	0	0	0	0	0	2012.0	608.0	"K/E"	0.58	1.0	"W"	1.0	"G"	1	0.0	0.0	0.9459459	0.8333333	0.9444444	0.65673715	0.0	1.0	8.0	2.2033524481693867	0.0	0.0	0.0	0.0	0.0	0.0	0.0	0.0	0.0	0.0	0.0	0.0	0.0	0.0	1.0	0.0	0.0	1.0	"INC"	2	0.0	0.0	0.0	0.0	0.0	0.58
77	"G"	"SS"	"Male"	"Anant Bhiku Nar"	53	"SSC"		"Yes"	5		5248272.5		101	102	12	22	37	37	2018	5	23872	"12854"		"BJP"	"9501"	88.129	83.57	81.644	79.91		81.846	77.783	77.745	53.061	78.34	79.622	78.802	79.365	77.477	14.3	79.7	88.886665	86.06	41.8975	49.6375		76.324	0	1	0	0	0	0	0	0	0	0	0	0	4	1	0	1	3	1	0	0	0	0	0	0	0	0	0	26	0	0	0	0		0	0	0	0	0	1	0	0	0	0	0	0	0	0	0	0	0	0	0	0	0	1	1	0	0	0	0	0	0	3	0	0	0	0	0	0	0	0	0	0	0	0	0	0	0	0	0	2	0	0	2017.0	609.0	"K/E"	0.58	0.0		0.0	"G"	1	0.0	1.0	0.99019605	0.54545456	0.93167704	0.8747121	0.0	1.0	15.4025	2.060184806607245	0.08888889	0.022222223	0.0	0.0	0.022222223	0.06666667	0.13333334	0.022222223	0.0	0.0	0.0	0.022222223	0.044444446	0.0	0.5777778	0.0	0.0	45.0	"SS"	5	1.0	0.0	0.0			0.0
78		"SS"	"Male"	"Manohar Gangaram Panchal"									44	51	7	15	22	41	2011			"7544"		"INC"	"1803"	68.363	64.797	60.429	68.072		68.467	65.786	68.535	66.382	66.654	66.845	68.463	67.452	67.277					81.6775		122		0	1	0	0	0	0	0	0	0	0	0	0	0	0	0	0	0	0	0	0	0	0	0	0	0	0	0	0	0	0	3	0		0	0	0	0	0	0	0	0	0	0	0	0	0	0	0	0	0	0	0	0	0	0	0	0	0	0	0	0	0	0	0	0	0	0	0	0	0	0	0	0	0	0	0	0	0	0	0	0	0	0	2007.0	610.0	"K/E"	0.58	0.0		0.0			1.0		0.8627451	0.46666667	0.82954544				12.5	2.652856969549921	0.0	0.0	0.0	0.0	0.0	0.0	0.25	0.0	0.0	0.0	0.75	0.0	0.0	0.0	0.0	0.0	0.0	4.0	"SS"	5	1.0	0.0	0.0	0.0	0.0	0.0
78	"W"	"SS"	"Female"	"Manisha Manohar Panchal"	47	"Ninth"		"Yes"	0		4723503.0		58	70	12	16	13	18	2013			"8304"		"MNS"	"2024"	53.75	39.941	34.212	63.921	43.091	73.023	76.879	86.021	84.687	42.476	38.959	62.707	70.404	63.001	75.0	75.9	69.97667	73.0375	72.8425	55.8025			0	1	0	0	0	0	0	0	0	0	0	0	0	0	0	0	0	0	0	0	0	0	0	0	0	0	0	2	0	0	0	0		1	0	0	0	0	0	0	0	0	0	0	0	0	0	0	0	0	0	0	0	0	0	0	0	0	0	0	0	0	2	2	0	0	0	0	0	0	0	0	0	0	0	0	0	0	0	0	0	0	0	2012.0	611.0	"K/E"	0.58	1.0	"OBC-W"	1.0	"OBC"	2	1.0	0.0	0.82857144	0.75	0.83838385	0.7872505	0.0	1.0	12.75	2.3943817434255914	0.0	0.0	0.0	0.125	0.0	0.5	0.125	0.0	0.0	0.0	0.0	0.0	0.0	0.0	0.25	0.0	0.0	8.0	"SS"	5	1.0	0.0	0.0	0.0	0.0	0.58
78	"W"	"SS"	"Female"	"Manisha Manohar Panchal"	48	"Ninth"		"Yes"	0		9254000.0		52	65	15	16	8	17	2014							68.063	55.665	59.537	68.973	54.269	75.307	78.154	90.01	88.228	54.883	56.104	59.177	61.695	71.204	46.1	56.0	58.93667	69.1275	59.7275	72.57			0	1	0	0	0	0	0	0	0	0	1	0	0	0	0	0	0	0	0	0	0	0	0	0	0	0	0	1	0	1	0	0		0	0	0	0	0	0	0	0	0	0	0	0	0	0	0	0	0	0	0	0	0	0	0	0	0	0	0	0	0	1	1	0	0	0	0	0	0	0	0	0	0	0	0	0	0	0	0	0	0	0	2012.0	611.0	"K/E"	0.58	1.0	"OBC-W"	1.0	"OBC"	2	1.0	0.0	0.8	0.9375	0.8426966	0.7711667	0.0	1.0	12.0	4.729621869699691	0.0	0.0	0.0	0.0	0.0	0.33333334	0.16666667	0.0	0.16666667	0.0	0.16666667	0.0	0.0	0.0	0.16666667	0.0	0.0	6.0	"SS"	5	1.0	0.0	0.0	0.0	0.0	0.58
78	"W"	"SS"	"Female"	"Manisha Manohar Panchal"	49	"Ninth"		"Yes"	0		3048000.0		60	79	19	19	19	24	2015							58.847	49.942	64.636	66.65	58.713	66.311	68.748	77.749	71.997	42.988	41.77	42.953	59.621	62.656	0.0	70.9	63.43	71.32	89.025	66.145			0	0	0	0	0	0	1	0	0	0	1	0	0	0	0	0	0	0	0	0	0	0	0	0	0	0	0	0	0	1	0	0		0	0	0	0	1	0	0	0	0	0	0	0	0	0	0	0	0	0	0	0	0	0	0	0	0	0	0	0	1	0	0	0	0	0	0	0	0	0	0	0	0	0	0	0	0	0	0	1	0	0	2012.0	611.0	"K/E"	0.58	1.0	"OBC-W"	1.0	"OBC"	2	1.0	0.0	0.75949365	1.0	0.83760685	0.508	0.0	1.0	12.0	3.22265625	0.0	0.0	0.0	0.0	0.0	0.16666667	0.16666667	0.0	0.16666667	0.0	0.16666667	0.16666667	0.16666667	0.0	0.0	0.0	0.0	6.0	"SS"	5	1.0	0.0	0.0	0.0	0.0	0.58
78	"W"	"SS"	"Female"	"Manisha Manohar Panchal"	50	"Ninth"		"Yes"	0		8916817.0		42	74	16	18	8	18	2016							74.58	73.14	73.87	78.998	74.429	76.15	77.861	80.713	76.713	70.998	70.432	68.082	74.492	74.927	58.6	77.1	72.85667	79.305	66.0	72.6625			0	1	0	0	0	0	0	0	0	1	1	0	1	0	0	0	0	0	0	0	0	0	0	0	0	0	0	2	0	0	0	0	2	0	0	0	0	0	0	0	0	0	0	0	0	0	0	0	0	0	0	0	0	0	0	0	0	0	0	0	0	0	1	2	0	0	0	0	0	0	0	0	0	0	0	0	0	0	0	0	3	0	0	2012.0	611.0	"K/E"	0.58	1.0	"OBC-W"	1.0	"OBC"	2	1.0	0.0	0.5675676	0.8888889	0.66	0.7430681	0.0	1.0	12.428571428571429	4.999398484180134	0.071428575	0.0	0.0	0.0	0.0	0.21428572	0.14285715	0.0	0.071428575	0.0	0.0	0.0	0.21428572	0.0	0.14285715	0.14285715	0.0	14.0	"SS"	5	1.0	0.0	0.0	0.0	0.0	0.58
78	"OBC-W"	"NCP"	"Female"	"Naziya Jabbar Sofi "	31	"Upto Fifth"		"Yes"	0		4857107.0		93	102	20	22	17	30	2018		32082	"4012"		"SS"	"1078"	47.99	40.793	41.181	62.933		67.883	71.585	76.699	76.045	50.792	59.597	67.608	74.553	67.031	23.6	62.1	54.816666	57.2525	67.55	71.2625		44.877	0	0	0	0	0	0	0	0	0	0	0	0	0	0	0	0	0	0	0	0	0	0	0	0	0	0	0	0	0	0	0	0		0	0	0	0	0	0	0	0	0	0	0	0	0	0	0	0	0	0	0	0	0	0	0	0	0	0	0	0	0	0	0	0	0	0	0	0	0	0	0	0	0	0	0	0	0	0	0	0	0	0	2017.0	612.0	"K/E"	0.58	1.0		1.0	"OBC"	2	1.0	0.0	0.9117647	0.90909094	0.9219858	0.80951786	0.0	1.0	0.0	0.0																		0.0	"NCP"	4	0.0	0.0	0.0			0.58
79		"SS"	"Male"	"Shashikant Govind Patkar"									33	51	11	15	9	17	2011			"11346"		"INC"	"6529"	58.146	57.586	60.4	58.363		59.518	59.245	59.242	56.7	56.7	57.246	57.476	56.621	57.722					74.555		126		0	0	0	0	0	0	1	0	0	0	0	0	0	0	0	0	0	0	0	0	0	0	0	0	0	0	0	1	0	0	0	0		0	0	0	0	0	0	0	0	0	0	0	0	0	0	0	0	0	0	0	0	0	0	0	0	0	0	0	0	0	0	0	0	0	0	0	0	0	0	0	0	0	0	0	0	0	0	1	0	0	0	2007.0	613.0	"K/E"	0.58	0.0		0.0			1.0		0.64705884	0.73333335	0.70666665				11.0	2.0538638845080674	0.0	0.0	0.33333334	0.0	0.0	0.0	0.33333334	0.0	0.0	0.0	0.0	0.0	0.0	0.0	0.33333334	0.0	0.0	3.0	"SS"	5	1.0	0.0	0.0	0.0	0.0	0.0
79	"W"	"SS"	"Female"	"Shubhada Shashikant Patkar"	57	"B.A., D.Ed."		"Yes"	0		2589385.5		64	70	15	16	36	51	2013			"10249"		"MNS"	"1526"	60.992	58.65	53.008	69.884	59.77	72.583	78.806	84.165	83.678	64.585	59.95	59.229	70.148	70.605	70.1	70.1	79.11	79.5025	84.2125	67.775			0	0	0	0	0	0	0	0	0	0	0	0	0	0	0	0	0	0	0	0	0	1	0	0	0	0	0	1	0	0	0	0		0	0	0	0	0	0	0	0	0	0	0	0	0	0	0	0	0	0	0	0	0	0	1	2	0	0	0	0	0	0	0	0	0	0	0	0	0	0	0	0	0	0	0	0	0	0	0	1	0	0	2012.0	614.0	"K/E"	0.58	1.0	"W"	1.0	"G"	1	0.0	0.0	0.9142857	0.9375	0.94262296	0.43156424	1.0	1.0	10.0	0.873092524628163	0.0	0.0	0.0	0.0	0.5	0.0	0.0	0.0	0.0	0.0	0.0	0.0	0.16666667	0.0	0.16666667	0.0	0.16666667	6.0	"SS"	5	1.0	0.0	0.0	0.0	0.0	0.58
79	"W"	"SS"	"Female"	"Shubhada Shashikant Patkar"	58	"B.A., D.Ed."		"Yes"	0		8589000.0		60	65	14	16	24	39	2014							67.375	55.858	53.439	69.446	60.396	81.627	78.298	91.548	85.093	61.651	61.368	57.283	62.892	65.703	40.3	55.4	56.07	71.7925	61.6425	73.38			0	0	0	0	0	0	0	0	0	1	0	0	0	0	0	0	0	0	0	0	0	0	0	0	0	0	0	0	0	0	0	0		0	0	0	0	0	0	0	0	0	0	0	0	0	0	0	0	0	0	0	0	0	0	0	1	0	0	0	0	0	0	0	0	0	0	0	0	0	0	0	0	0	0	0	0	0	0	0	1	0	0	2012.0	614.0	"K/E"	0.58	1.0	"W"	1.0	"G"	1	0.0	0.0	0.9230769	0.875	0.93333334	0.71575	1.0	1.0	9.0	0.06435199042202933	0.0	0.0	0.0	0.0	0.33333334	0.0	0.33333334	0.0	0.0	0.0	0.0	0.0	0.33333334	0.0	0.0	0.0	0.0	3.0	"SS"	5	1.0	0.0	0.0	0.0	0.0	0.58
79	"W"	"SS"	"Female"	"Shubhada Shashikant Patkar"	59	"B.A., D.Ed."		"Yes"	0		2831000.0		56	79	16	19	37	52	2015							66.44	50.54	50.777	71.748	53.029	73.468	79.419	84.999	78.09	50.776	53.01	63.823	73.166	66.589	85.3	88.1	80.59	79.53	81.9275	68.84			0	0	0	0	0	0	1	0	0	0	0	0	1	0	0	0	0	0	0	0	0	0	0	0	0	0	0	2	0	1	0	0		0	0	0	0	0	0	0	0	0	0	0	0	0	0	0	0	0	0	0	0	0	0	0	1	0	0	0	0	0	0	0	0	0	0	0	0	0	0	0	0	0	0	0	0	0	0	0	0	0	0	2012.0	614.0	"K/E"	0.58	1.0	"W"	1.0	"G"	1	0.0	0.0	0.70886075	0.84210527	0.8074074	0.47183332	1.0	1.0	14.0	4.4921875	0.16666667	0.0	0.0	0.0	0.16666667	0.0	0.16666667	0.0	0.0	0.0	0.16666667	0.0	0.0	0.0	0.33333334	0.0	0.0	6.0	"SS"	5	1.0	0.0	0.0	0.0	0.0	0.58
79	"W"	"SS"	"Female"	"Shubhada Shashikant Patkar"	60	"B.A., D.Ed."		"Yes"	0		9048643.0		59	74	17	18	46	51	2016							71.974	65.284	54.621	74.146	65.654	76.212	76.317	82.552	75.179	64.916	64.531	67.327	72.93	67.922	69.8	72.6	72.64333	71.9025	65.2175	71.6675			0	0	0	0	0	0	0	1	0	2	0	0	0	1	0	0	0	0	0	0	0	0	0	0	0	0	0	3	0	0	0	0		0	0	0	0	0	0	0	0	0	0	0	0	0	0	0	0	0	0	0	0	0	0	0	0	0	0	0	0	0	0	0	0	0	0	0	0	0	0	0	0	0	0	0	0	0	0	1	1	0	0	2012.0	614.0	"K/E"	0.58	1.0	"W"	1.0	"G"	1	0.0	0.0	0.7972973	0.9444444	0.884058	0.7540536	1.0	1.0	15.0	2.3114247904719893	0.0	0.0	0.11111111	0.0	0.0	0.0	0.44444445	0.0	0.0	0.0	0.0	0.0	0.11111111	0.0	0.33333334	0.0	0.0	9.0	"SS"	5	1.0	0.0	0.0	0.0	0.0	0.58
79	"G"	"SS"	"Male"	"Sadanand Waman Parab "	52	"SSC"		"Yes"	1		5365919.5		88	102	19	22	11	15	2018	1	24231	"9659"		"BJP"	"4657"	66.286	64.015	67.462	64.529		69.778	66.173	63.326	67.99	59.023	56.166	59.624	61.295	61.872	31.8	49.2	56.603333	55.97	75.335	52.73		59.305	0	1	0	0	0	0	0	0	0	0	0	0	0	0	0	0	2	0	0	0	0	0	0	0	0	0	0	4	0	2	1	0		0	0	0	0	0	0	0	0	0	0	0	0	0	0	0	0	0	0	0	0	0	0	0	0	0	0	0	0	0	0	0	0	0	0	0	0	0	0	0	0	0	0	0	0	0	0	0	2	0	0	2017.0	615.0	"K/E"	0.58	0.0		0.0	"G"	1	0.0	1.0	0.8627451	0.8636364	0.8740741	0.8943199	0.0	1.0	10.766	3.75858614768174	0.0	0.0	0.0	0.0	0.0	0.0	0.25	0.0	0.0	0.0	0.25	0.0	0.16666667	0.0	0.33333334	0.0	0.0	12.0	"SS"	5	1.0	0.0	0.0			0.0
80		"BJP"	"Male"	"Chandrakant Sitaram Pawar"									41	51	15	15	18	27	2011			"7851"		"INC"	"930"	70.022	65.039	66.062	67.457		70.338	71.13	73.151	66.656	62.034	60.971	64.915	68.499	67.035					61.135		119		0	2	0	0	0	0	1	1	0	1	0	0	0	0	0	0	1	0	0	0	0	0	0	0	0	0	0	1	0	0	1	0		0	0	0	0	0	0	0	0	0	0	0	0	0	0	0	1	0	0	0	0	0	0	0	0	0	0	0	0	0	0	0	0	0	0	0	0	0	0	0	0	0	0	0	0	0	0	0	0	0	0	2007.0	619.0	"K/E"	0.58	0.0		0.0			1.0		0.8039216	1.0	0.88095236				16.0	5.779622536871111	0.0	0.0	0.0	0.0	0.0	0.0	0.6666667	0.0	0.0	0.0	0.11111111	0.11111111	0.0	0.0	0.11111111	0.0	0.0	9.0	"BJP"	1	0.0	0.0	0.0	0.0	0.0	0.0
80	"W"	"IND"	"Female"	"Jyoti Parag Alavani"	39	"B.Com"		"Yes"	0		4534094.0		62	70	12	16	0	0	2013			"8477"		"MNS"	"3784"	73.927	67.952	70.623	79.501	68.803	82.269	84.769	87.441	84.052	67.912	69.952	70.386	77.691	75.502	0.0	25.2	58.96	77.84	82.1175	67.18			0	2	0	0	0	0	0	0	1	0	0	0	1	0	0	0	0	0	0	0	0	0	0	0	0	0	0	0	0	0	0	0		0	0	0	0	0	0	0	0	0	0	0	0	0	0	0	0	0	0	0	0	0	0	0	0	0	0	0	0	0	0	0	0	0	0	0	0	0	0	0	0	0	0	0	0	0	0	0	0	0	0	2012.0	620.0	"K/E"	0.58	1.0	"W"	1.0	"G"	1	0.0	0.0	0.8857143	0.75	0.8604651	0.75568235	1.0	1.0	10.5	4.019702530423025	0.25	0.0	0.0	0.0	0.0	0.0	0.75	0.0	0.0	0.0	0.0	0.0	0.0	0.0	0.0	0.0	0.0	4.0	"_Other"	6	0.0	0.0	0.0	0.0	0.0	0.58
80	"W"	"IND"	"Female"	"Jyoti Parag Alavani"	40	"B.Com"		"Yes"	0	1	1.0282E7		53	65	15	16	0	0	2014							68.106	67.294	60.804	69.971	65.403	73.804	72.77	83.925	76.248	63.643	60.352	62.666	63.438	64.905	4.2	41.7	56.303333	65.8475	52.43	70.5425			0	0	0	0	0	0	0	0	0	1	0	0	0	0	0	0	0	0	0	0	0	0	0	0	0	0	0	0	0	0	0	0	1	0	0	0	0	0	0	0	0	0	0	0	0	0	0	0	0	0	0	0	0	0	0	0	0	0	0	0	0	0	0	0	0	0	0	0	0	0	0	0	0	0	0	0	0	1	0	0	0	0	0	2012.0	620.0	"K/E"	0.58	1.0	"W"	1.0	"G"	1	0.0	0.0	0.8153846	0.9375	0.83950615	0.85683334	1.0	1.0	15.0	0.5956300508829692	0.0	0.33333334	0.0	0.0	0.0	0.0	0.33333334	0.0	0.0	0.0	0.0	0.0	0.0	0.0	0.0	0.33333334	0.0	3.0	"_Other"	6	0.0	0.0	0.0	0.0	0.0	0.58
80	"W"	"IND"	"Female"	"Jyoti Parag Alavani"	41	"B.Com"		"Yes"	0	1	3906000.0		69	79	16	19	2	3	2015							67.421	57.763	56.133	76.801	52.672	70.313	82.453	88.36	85.827	43.425	47.957	64.287	68.478	68.688	0.9	94.8	76.61667	79.5275	77.075	70.8125			0	0	0	0	0	0	1	0	0	1	0	0	1	0	0	0	0	0	0	0	0	0	0	0	0	0	0	1	0	1	0	0	1	0	0	0	0	0	0	0	0	0	0	0	0	0	0	0	0	0	0	0	0	0	0	0	0	0	0	0	0	0	0	0	0	0	0	0	0	0	0	0	0	0	0	0	0	0	0	0	0	0	0	2012.0	620.0	"K/E"	0.58	1.0	"W"	1.0	"G"	1	0.0	0.0	0.87341774	0.84210527	0.87	0.651	1.0	1.0	14.0	4.965494791666666	0.16666667	0.0	0.0	0.0	0.0	0.0	0.33333334	0.0	0.0	0.0	0.16666667	0.0	0.0	0.0	0.16666667	0.16666667	0.0	6.0	"_Other"	6	0.0	0.0	0.0	0.0	0.0	0.58
80	"W"	"IND"	"Female"	"Jyoti Parag Alavani"	42	"B.Com"		"Yes"	0	1	7963131.0		61	74	12	18	26	45	2016							84.803	77.839	74.809	89.244	84.382	85.86	85.845	87.73	83.019	79.339	78.474	80.757	80.759	82.825	7.5	50.0	72.32667	78.78	81.0	80.245			0	0	0	0	0	0	0	0	0	1	1	0	1	0	0	0	0	0	0	0	0	0	0	0	0	0	0	3	0	1	1	1		0	0	0	0	0	0	0	0	0	0	0	0	0	0	0	0	0	0	0	0	0	0	2	4	2	0	0	0	0	0	0	0	0	0	0	0	0	0	0	0	0	0	0	0	0	0	0	0	0	0	2012.0	620.0	"K/E"	0.58	1.0	"W"	1.0	"G"	1	0.0	0.0	0.8243243	0.6666667	0.83898306	0.66359425	1.0	1.0	13.411764705882351	3.1557642907184933	0.05882353	0.0	0.0	0.0	0.47058824	0.0	0.05882353	0.0	0.05882353	0.0	0.11764706	0.0	0.0	0.0	0.1764706	0.05882353	0.0	17.0	"_Other"	6	0.0	0.0	0.0	0.0	0.0	0.58
80	"G"	"BJP"	"Male"	"Sunil Lalanprasad Yadav"	48	"SSC"		"Yes"	1		3957268.2		78	102	20	22	33	53	2018	1	25858	"12342"		"SS"	"2007"	60.682	54.941	61.264	77.274		78.166	77.447	78.057	80.465	57.132	56.187	60.503	76.002	64.184	53.0	33.7	70.96	53.1675	74.435	83.91		63.627	0	0	0	0	0	0	0	0	0	0	0	0	1	0	0	1	0	1	0	0	0	0	0	0	0	0	0	0	0	0	0	0		0	0	0	0	0	0	0	0	0	0	0	0	0	0	0	0	0	0	0	0	0	0	0	0	0	0	0	0	0	3	0	0	0	0	0	0	0	0	0	0	0	0	0	0	0	0	0	2	0	0	2017.0	621.0	"K/E"	0.58	0.0		0.0	"G"	1	0.0	1.0	0.7647059	0.90909094	0.83439493	0.6595447	0.0	1.0	7.0695	0.3334287349742416	0.125	0.0	0.0	0.0	0.0	0.375	0.125	0.125	0.0	0.0	0.0	0.0	0.25	0.0	0.0	0.0	0.0	8.0	"BJP"	1	0.0	0.0	0.0			0.0
81		"INC"	"Male"	"Dharmesh Krishnakant Vyas "									43	51	11	14	24	27	2011			"5570"		"BJP"	"1397"	73.582	61.701	68.57	75.188		75.619	75.262	81.104	71.229	56.878	61.334	62.091	67.399	65.392					69.0075		126		0	0	0	0	0	0	1	0	0	2	1	0	1	0	1	0	0	0	0	0	0	0	0	0	1	0	0	0	0	0	0	0		0	0	0	0	0	0	0	0	0	0	0	0	0	0	0	0	0	0	0	0	0	0	0	0	0	0	0	0	0	0	0	0	0	0	0	0	0	0	0	0	0	0	0	3	1	0	0	0	0	0	2007.0	622.0	"H/E"	0.79	0.0		0.0			1.0		0.84313726	0.78571427	0.8764045				10.636363636363637	2.2458857696030976	0.09090909	0.09090909	0.0	0.0	0.0	0.0	0.36363637	0.0	0.09090909	0.0	0.09090909	0.0	0.0	0.27272728	0.0	0.0	0.0	11.0	"INC"	2	0.0	0.0	0.0	1.0	0.0	0.0
81	"W"	"MNS"	"Female"	"Snehal Suhas Shinde"	39	"Upto SSC"		"Yes"	0		4385354.0		60	70	14	14	28	37	2013			"7716"		"Congress"	"2315"	61.934	54.654	47.738	67.539	58.388	70.144	70.846	75.815	74.47	59.086	54.405	64.98	66.775	60.075	29.5	35.6	64.51	71.995	78.87	60.0375			0	0	0	0	0	0	0	0	0	0	0	0	0	0	0	0	0	0	0	0	0	0	0	0	0	0	0	0	0	0	0	0		0	0	0	0	0	0	0	0	0	0	0	0	0	0	0	0	0	0	0	0	0	0	0	0	0	0	0	0	0	1	0	0	0	0	0	0	0	0	0	0	0	0	0	0	0	0	0	1	0	0	2012.0	623.0	"H/E"	0.79	1.0	"OBC-W"	1.0	"OBC"	2	1.0	0.0	0.85714287	1.0	0.91071427	0.73089236	0.0	1.0	0.0	0.08396305625524769	0.0	0.0	0.0	0.0	0.0	0.5	0.0	0.0	0.0	0.0	0.0	0.0	0.5	0.0	0.0	0.0	0.0	2.0	"MNS"	3	0.0	0.0	0.0	1.0	1.0	0.79
81	"W"	"MNS"	"Female"	"Snehal Suhas Shinde"	40	"Upto SSC"		"Yes"	0		1.0372E7		50	65	14	14	21	31	2014							57.094	61.35	58.728	66.987	60.427	67.833	69.2	85.017	80.614	52.118	58.821	58.685	61.822	63.226	45.7	56.6	66.23	70.9475	63.7475	67.3975			0	0	0	0	0	0	0	0	0	0	0	0	0	0	0	0	0	0	0	0	0	0	0	0	0	0	0	0	0	0	0	0		0	0	0	0	0	0	0	0	0	0	0	0	0	0	0	0	0	0	0	0	0	0	0	0	0	0	0	0	0	0	0	0	0	0	0	0	0	0	0	0	0	0	0	0	0	0	0	3	0	0	2012.0	623.0	"H/E"	0.79	1.0	"OBC-W"	1.0	"OBC"	2	1.0	0.0	0.7692308	1.0	0.85	0.86433333	0.0	1.0	6.0	0.0	0.0	0.0	0.0	0.0	0.0	0.0	0.0	0.0	0.0	0.0	0.0	0.0	1.0	0.0	0.0	0.0	0.0	3.0	"MNS"	3	0.0	0.0	0.0	1.0	1.0	0.79
81	"W"	"MNS"	"Female"	"Snehal Suhas Shinde"	41	"Upto SSC"		"Yes"	0		3429000.0		47	79	10	15	25	43	2015							63.158	67.011	39.214	81.624	41.357	81.384	78.653	86.358	63.456	56.125	59.441	68.405	76.87	61.041	55.3	59.7	49.05	63.975	71.8725	64.6025			0	0	0	0	0	0	0	0	0	0	0	0	0	0	0	0	0	0	0	0	0	0	0	0	0	0	0	0	0	0	0	0	1	0	0	0	0	0	0	0	0	0	0	0	0	0	0	0	0	0	0	0	0	0	0	0	0	0	0	0	0	0	0	0	0	0	0	0	0	0	0	0	0	0	0	0	0	0	0	0	1	0	0	2012.0	623.0	"H/E"	0.79	1.0	"OBC-W"	1.0	"OBC"	2	1.0	0.0	0.5949367	0.6666667	0.68907565	0.5715	0.0	1.0	14.0	0.653114186851211	0.0	0.0	0.0	0.0	0.0	0.0	0.0	0.0	0.0	0.0	0.0	0.0	0.5	0.0	0.0	0.5	0.0	2.0	"MNS"	3	0.0	0.0	0.0	1.0	1.0	0.79
81	"W"	"MNS"	"Female"	"Snehal Suhas Shinde"	42	"Upto SSC"		"Yes"	0		5042892.0		54	74	15	17	12	18	2016							72.9	48.0	58.5	81.2	74.9	82.5	84.0	90.8	86.4	63.1	62.0	65.8	67.4	67.3	0.0	21.0	51.666668	79.955	72.7275	72.7275			0	0	0	0	0	0	0	0	0	0	0	0	0	0	0	0	0	0	0	0	0	0	0	0	0	0	0	0	0	0	0	0		0	0	0	0	0	0	0	0	0	0	0	0	0	0	0	0	0	0	0	0	0	0	0	0	0	0	0	0	0	1	0	0	0	0	0	0	0	0	0	0	0	0	0	0	0	0	0	2	0	0	2012.0	623.0	"H/E"	0.79	1.0	"OBC-W"	1.0	"OBC"	2	1.0	0.0	0.7297297	0.88235295	0.78640777	0.420241	0.0	1.0	6.0	0.04823151125401929	0.0	0.0	0.0	0.0	0.0	0.33333334	0.0	0.0	0.0	0.0	0.0	0.0	0.6666667	0.0	0.0	0.0	0.0	3.0	"MNS"	3	0.0	0.0	0.0	1.0	1.0	0.79
81	"OBC"	"BJP"	"Male"	"Murji Kanji Patel"	46	"Upto Ninth"		"Yes"	0		5515227.0		59	102	12	22	8	35	2018		26521	"10867"		"SS"	"3474"	59.97	62.6	61.197	64.328		65.814	65.783	64.315	62.398	60.945	47.508	59.025	70.716	52.585	47.2	19.6	55.18667	65.875	41.815	72.425		56.027	0	0	0	0	0	0	0	0	0	0	0	0	0	0	0	0	0	0	0	0	0	0	0	0	0	0	0	0	0	0	0	0		0	0	0	0	0	0	0	0	0	0	0	0	0	0	0	0	0	0	0	0	0	0	0	0	0	0	0	0	0	0	0	0	0	0	0	0	0	0	0	0	0	0	0	0	0	0	0	0	0	0	2017.0	624.0	"K/E"	0.58	0.0		0.0	"OBC"	2	1.0	0.0	0.57843137	0.54545456	0.5984849	0.9192045	0.0	1.0	0.0	0.0																		0.0	"BJP"	1	0.0	0.0	0.0			0.0
82		"SS"	"Male"	"Baliram Bhiku Ghag"									43	51	14	14	9	14	2011			"7008"		"INC"	"1029"	61.293	54.8	68.383	75.099		77.744	76.792	72.686	69.216	50.66	49.036	42.45	44.917	52.39					52.065		125		0	0	0	0	0	0	0	0	0	0	0	0	0	0	0	0	0	0	0	0	0	0	0	0	0	0	0	0	0	0	0	0		0	0	0	0	0	0	0	0	0	0	0	0	0	0	0	0	0	0	0	0	0	0	0	0	0	0	0	0	0	0	0	0	0	0	0	0	0	0	0	0	0	0	0	0	0	0	0	0	0	0	2007.0	625.0	"H/E"	0.79	0.0		0.0			1.0		0.84313726	1.0	0.8918919				0.0	0.0																		0.0	"SS"	5	1.0	0.0	0.0	1.0	0.0	0.0
82	"W"	"MNS"	"Female"	"Sukhada Rahul Pawar"	34	"Upto HSC"		"Yes"	0		5571512.0		48	70	11	14	15	23	2013			"9750"		"SS"	"801"	65.495	55.33	42.24	65.21	56.275	74.102	83.415	89.35	87.464	57.769	54.97	55.579	71.953	58.518	67.7	70.5	68.30334	68.97	75.1225	66.355			0	0	0	0	0	0	0	0	0	0	0	0	0	0	0	0	0	0	0	0	0	0	0	0	0	0	0	0	0	0	0	0		0	0	0	0	0	0	0	0	0	0	0	0	0	0	0	0	0	0	0	0	0	0	0	0	0	0	0	0	0	0	0	0	0	0	0	0	0	0	0	0	0	0	0	0	0	0	0	0	0	0	2012.0	626.0	"H/E"	0.79	1.0	"W"	1.0	"G"	1	0.0	0.0	0.6857143	0.78571427	0.74747473	0.92858535	0.0	1.0	0.0	0.0																		0.0	"MNS"	3	0.0	0.0	0.0	1.0	1.0	0.79
82	"W"	"MNS"	"Female"	"Sukhada Rahul Pawar"	35	"Upto HSC"		"Yes"	0		1.1597E7		38	65	12	14	0	0	2014							49.241	52.476	51.639	58.237	50.854	62.337	63.391	61.404	60.958	51.545	52.652	50.076	52.023	48.695	0.0	17.7	56.57	59.6125	55.5875	55.6075			0	1	0	0	0	0	0	0	0	1	1	0	0	0	0	0	0	0	0	0	0	0	0	0	0	0	0	1	0	0	0	0		0	0	0	0	0	0	0	0	0	0	0	0	0	0	0	0	0	0	0	0	0	0	0	0	0	0	0	0	0	0	0	0	0	0	0	0	0	0	0	0	0	0	0	0	0	0	0	0	0	0	2012.0	626.0	"H/E"	0.79	1.0	"W"	1.0	"G"	1	0.0	0.0	0.5846154	0.85714287	0.6329114	0.96641666	0.0	1.0	13.5	5.039251207729468	0.0	0.0	0.0	0.0	0.0	0.0	0.5	0.0	0.25	0.0	0.0	0.0	0.0	0.0	0.25	0.0	0.0	4.0	"MNS"	3	0.0	0.0	0.0	1.0	1.0	0.79
82	"W"	"MNS"	"Female"	"Sukhada Rahul Pawar"	36	"Upto HSC"		"Yes"	0		2921000.0		40	79	12	15	0	0	2015							41.422	39.415	38.511	69.683	58.53	66.202	65.424	77.506	66.23	38.016	35.311	38.504	49.433	40.691	21.1	55.8	51.343334	58.075	73.6225	47.88			0	0	0	0	0	0	0	0	0	0	0	0	0	0	0	0	0	0	0	0	0	0	0	0	0	0	0	0	0	0	0	0		0	0	0	0	0	0	0	0	0	0	0	0	0	0	0	0	0	0	0	0	0	0	0	0	0	0	0	0	0	0	0	0	0	0	0	0	0	0	0	0	0	0	0	0	0	0	0	0	0	0	2012.0	626.0	"H/E"	0.79	1.0	"W"	1.0	"G"	1	0.0	0.0	0.5063291	0.8	0.5531915	0.48683333	0.0	1.0	0.0	0.0																		0.0	"MNS"	3	0.0	0.0	0.0	1.0	1.0	0.79
82	"W"	"MNS"	"Female"	"Sukhada Rahul Pawar"	37	"Upto HSC"		"Yes"	0		5879209.0		38	74	17	17	9	15	2016							74.527	55.554	60.004	81.935	69.28	78.223	84.036	90.973	84.924	62.17	60.244	68.798	72.581	71.692	1.6	36.3	54.303333	76.8625	67.98	73.9825			0	0	0	0	0	0	0	0	0	0	0	0	1	1	0	0	0	0	0	1	0	0	0	0	0	0	0	0	0	0	0	0		0	0	1	0	0	0	0	0	0	0	0	0	0	0	0	0	1	0	0	0	0	0	0	1	0	0	0	0	0	0	0	0	0	0	0	0	0	0	0	0	0	0	0	0	0	0	0	0	0	0	2012.0	626.0	"H/E"	0.79	1.0	"W"	1.0	"G"	1	0.0	0.0	0.5135135	1.0	0.64	0.4899341	0.0	1.0	9.0	0.09244372990353698	0.16666667	0.0	0.0	0.16666667	0.16666667	0.0	0.33333334	0.0	0.0	0.16666667	0.0	0.0	0.0	0.0	0.0	0.0	0.0	6.0	"MNS"	3	0.0	0.0	0.0	1.0	1.0	0.79
82	"G"	"INC"	"Male"	"Jagdish Kutti Amin "	51	"Upto Ninth"		"Yes"	0		5159510.0		75	102	17	22	49	56	2018		24594	"5663"		"BJP"	"48"	81.888	79.369	75.344	76.669		75.882	76.851	74.825	76.935	70.89	70.663	74.484	72.452	66.705	0.0	95.9	78.61667	59.6075	89.0975	45.0775		69.586	0	1	0	0	0	0	1	0	0	0	0	0	4	0	0	0	1	0	0	0	0	0	0	0	0	0	0	0	0	0	1	0		0	0	0	0	0	0	0	0	0	0	0	0	0	0	0	0	0	0	0	0	0	0	0	0	0	0	0	0	0	0	0	0	0	0	0	0	0	0	0	0	0	0	0	0	0	0	0	0	0	0	2017.0	627.0	"K/E"	0.58	0.0		0.0	"G"	1	0.0	0.0	0.7352941	0.77272725	0.8150289	0.85991836	0.0	1.0	10.001	3.0717965491863595	0.5	0.0	0.0	0.0	0.0	0.0	0.375	0.0	0.0	0.0	0.125	0.0	0.0	0.0	0.0	0.0	0.0	8.0	"INC"	2	0.0	0.0	0.0			0.0
83		"SS"	"Male"	"Sanjay Govind Potnis"									29	51	7	14	34	34	2011			"4870"		"MNS"	"907"	61.453	57.345	54.667	62.645		64.593	64.654	64.956	64.222	54.833	55.981	56.684	58.462	60.682					68.245		157		0	0	0	0	0	0	1	0	0	0	0	0	0	0	0	0	0	0	0	0	0	0	0	0	0	0	0	0	0	0	0	0		0	0	0	0	0	0	0	0	0	0	0	0	0	0	0	0	0	0	0	0	0	0	0	0	0	0	0	0	0	0	0	0	0	0	0	0	0	0	0	0	0	0	0	0	0	0	0	2	0	2	2007.0	628.0	"H/E"	0.79	0.0		0.0			1.0		0.5686275	0.5	0.7070707				12.6	1.181026137463698	0.0	0.0	0.0	0.0	0.0	0.0	0.2	0.0	0.0	0.0	0.0	0.0	0.4	0.0	0.4	0.0	0.0	5.0	"SS"	5	1.0	0.0	0.0	1.0	0.0	0.0
83	"W"	"SS"	"Female"	"Sunaina Sanjay Potnis"	50	"B.Com"		"Yes"	0		5540100.0		48	70	7	14	29	39	2013			"8261"		"MNS"	"1507"	72.087	71.15	70.844	72.742	74.054	71.503	73.595	88.744	76.934	72.42	72.098	71.248	73.35	71.393	51.2	55.9	49.426666	59.8075	69.8075	43.2875			0	1	0	0	0	0	0	0	0	0	0	0	0	0	0	0	1	0	0	0	0	0	0	0	0	0	0	1	0	0	0	0		0	0	0	0	0	0	0	0	0	0	0	0	0	0	0	0	0	0	0	0	0	0	0	2	1	0	0	0	0	0	0	0	0	0	0	0	0	0	0	0	0	0	0	0	0	0	0	0	0	0	2012.0	629.0	"H/E"	0.79	1.0	"W"	1.0	"G"	1	0.0	0.0	0.6857143	0.5	0.74336284	0.92335	1.0	1.0	12.0	2.7766582703610414	0.0	0.0	0.0	0.0	0.5	0.0	0.33333334	0.0	0.0	0.0	0.0	0.0	0.0	0.0	0.16666667	0.0	0.0	6.0	"SS"	5	1.0	0.0	0.0	1.0	1.0	0.79
83	"W"	"SS"	"Female"	"Sunaina Sanjay Potnis"	51	"B.Com"		"Yes"	0		1.154E7		46	65	8	14	24	30	2014							53.879	57.449	52.015	67.947	66.971	69.754	74.0	74.313	79.302	56.079	55.691	62.023	66.898	67.105	28.6	55.9	56.853333	63.48	51.8825	62.935			0	3	0	0	0	0	0	0	0	0	0	0	0	0	0	0	1	0	0	0	0	0	0	0	0	0	0	0	0	0	0	0		0	0	0	0	0	0	0	0	0	0	0	0	0	0	0	0	0	0	0	0	0	0	1	0	0	0	0	0	0	0	0	0	0	0	0	0	0	0	0	0	0	0	0	0	0	0	0	1	0	0	2012.0	629.0	"H/E"	0.79	1.0	"W"	1.0	"G"	1	0.0	0.0	0.7076923	0.5714286	0.75728154	0.96166664	1.0	1.0	9.0	1.9716183574879227	0.0	0.0	0.0	0.0	0.16666667	0.0	0.6666667	0.0	0.0	0.0	0.0	0.0	0.16666667	0.0	0.0	0.0	0.0	6.0	"SS"	5	1.0	0.0	0.0	1.0	1.0	0.79
83	"W"	"SS"	"Female"	"Sunaina Sanjay Potnis"	52	"B.Com"		"Yes"	0		2099000.0		54	79	7	15	29	51	2015							66.436	49.222	63.217	61.608	61.435	75.485	68.282	69.594	79.105	55.288	52.19	60.457	67.817	61.547	10.2	63.0	68.77333	79.6525	61.305	70.62			0	0	0	0	0	0	0	0	0	2	1	0	1	0	0	0	0	1	0	0	0	0	0	0	0	0	0	1	0	0	0	0		0	0	0	0	0	0	0	0	0	0	0	0	0	0	0	0	0	0	0	0	0	0	0	2	0	0	0	0	0	0	0	0	0	0	0	0	0	0	0	0	0	0	0	0	0	0	0	0	0	0	2012.0	629.0	"H/E"	0.79	1.0	"W"	1.0	"G"	1	0.0	0.0	0.6835443	0.46666667	0.73170733	0.34983334	1.0	1.0	11.25	2.237394957983193	0.125	0.0	0.0	0.0	0.25	0.0	0.25	0.125	0.125	0.0	0.0	0.0	0.0	0.0	0.125	0.0	0.0	8.0	"SS"	5	1.0	0.0	0.0	1.0	1.0	0.79
83	"W"	"SS"	"Female"	"Sunaina Sanjay Potnis"	53	"B.Com"		"Yes"	0		5699337.5		31	74	6	17	6	14	2016							79.6	54.8	51.5	80.0	67.8	79.5	86.1	93.1	87.3	59.8	66.5	73.1	72.8	75.4	18.0	47.0	54.666668	80.73	70.57	72.7275			0	0	0	0	0	0	0	0	0	0	1	0	0	0	0	0	0	0	0	0	0	0	0	0	0	0	0	0	0	1	0	0		0	0	0	0	0	0	0	0	0	0	0	0	0	0	0	0	0	0	0	0	0	0	0	0	0	0	0	0	0	0	0	0	0	0	0	0	0	0	0	0	0	0	0	0	0	0	0	0	0	0	2012.0	629.0	"H/E"	0.79	1.0	"W"	1.0	"G"	1	0.0	0.0	0.4189189	0.3529412	0.44329897	0.4749448	1.0	1.0	14.0	2.001607717041801	0.0	0.0	0.0	0.0	0.0	0.0	0.0	0.0	0.5	0.0	0.5	0.0	0.0	0.0	0.0	0.0	0.0	2.0	"SS"	5	1.0	0.0	0.0	1.0	1.0	0.79
83	"W"	"INC"	"Female"	"Winnifred Baptist D'souza"	59	"SSC"		"Yes"	0		4632127.5		85	102	10	22	14	29	2018		21852	"7558"		"SS"	"605"	53.955	44.655	58.864	46.434		56.905	55.696	49.657	53.74	48.493	36.72	48.766	52.212	41.347	22.6	66.8	83.98	67.665	69.7975	89.2375		38.675	0	0	0	0	0	0	0	0	0	0	0	0	0	0	0	0	0	0	0	0	0	0	0	0	0	0	0	0	0	0	0	0		0	0	0	0	0	0	0	0	0	0	0	0	0	0	0	0	0	0	0	0	0	0	0	0	0	0	0	0	0	0	0	0	0	0	0	0	0	0	0	0	0	0	0	0	0	0	0	0	0	0	2017.0	630.0	"K/E"	0.58	1.0		1.0	"G"	1	0.0	0.0	0.8333333	0.45454547	0.78985506	0.77202123	0.0	1.0	0.0	0.0																		0.0	"INC"	2	0.0	0.0	0.0			0.58
84	"W"	"INC"	"Female"	"Alice Johnson Therattil "									49	51	14	14	28	30	2011			"5022"		"BJP"	"2501"	65.259	50.326	37.732	72.915		64.391	71.845	79.846	73.161	42.527	53.836	50.757	61.762	61.407					34.87		124		0	0	0	0	0	0	0	0	0	0	0	0	0	0	0	0	0	0	0	0	0	0	0	0	0	0	0	0	0	1	1	0		0	0	0	0	0	0	0	0	0	0	0	0	0	0	0	0	0	0	0	0	0	0	0	1	0	0	0	0	0	0	0	0	0	0	0	0	0	0	0	0	0	0	0	0	0	0	0	0	0	0	2007.0	631.0	"H/E"	0.79	1.0		1.0	"G"	1	0.0		0.9607843	1.0	0.97849464				14.0	1.297192642787996	0.0	0.0	0.0	0.0	0.33333334	0.0	0.0	0.0	0.0	0.0	0.6666667	0.0	0.0	0.0	0.0	0.0	0.0	3.0	"INC"	2	0.0	0.0	0.0	1.0	1.0	0.79
84		"INC"	"Male"	"Brian Francis Miranda"	45	"HSC"		"Yes"	3		5291184.0		59	70	10	14	25	29	2013	3		"3874"		"MNS"	"1167"	67.21	65.532	64.186	65.19	65.517	64.945	64.072	73.497	68.968	62.172	63.087	61.885	63.564	63.369	0.6	3.6	43.566666	67.5225	73.4325	62.715			0	2	0	0	0	0	0	0	0	0	0	0	0	0	0	0	0	0	0	0	0	0	0	0	0	0	0	1	0	0	0	0		0	0	0	0	0	0	0	0	0	0	0	0	0	0	0	0	0	0	0	0	0	0	0	0	0	0	0	0	0	0	0	0	0	0	0	0	0	0	0	0	0	0	0	0	0	0	0	0	0	0	2012.0	632.0	"H/E"	0.79	0.0	"G"	0.0	"G"	1	0.0	1.0	0.8428571	0.71428573	0.86238533	0.881864	0.0	1.0	12.0	4.458438287153652	0.0	0.0	0.0	0.0	0.0	0.0	0.6666667	0.0	0.0	0.0	0.0	0.0	0.0	0.0	0.33333334	0.0	0.0	3.0	"INC"	2	0.0	0.0	0.0	1.0	0.0	0.0
84		"INC"	"Male"	"Brian Francis Miranda"	46	"HSC"		"Yes"	2		1.1693E7		59	65	14	14	22	24	2014							55.529	49.974	53.545	64.437	53.009	71.889	80.313	90.637	81.268	53.922	50.558	55.286	64.369	60.83	25.4	29.8	46.27667	63.5525	60.715	65.8775			0	3	0	0	0	0	0	1	0	0	1	0	0	0	0	0	1	0	0	0	0	1	0	0	0	0	0	2	0	0	2	0		0	0	0	0	0	0	0	0	0	0	0	0	0	0	0	0	0	1	0	0	0	0	0	0	0	0	0	0	0	0	0	0	1	0	0	0	0	0	0	0	0	0	0	0	0	0	1	8	0	0	2012.0	632.0	"H/E"	0.79	0.0	"G"	0.0	"G"	1	0.0	1.0	0.9076923	1.0	0.9405941	0.9744167	0.0	1.0	12.545454545454545	4.867149758454106	0.0	0.0	0.045454547	0.0	0.0	0.0	0.27272728	0.0	0.045454547	0.0	0.09090909	0.0	0.36363637	0.0	0.09090909	0.0	0.09090909	22.0	"INC"	2	0.0	0.0	0.0	1.0	0.0	0.0
84		"INC"	"Male"	"Brian Francis Miranda"	47	"HSC"		"Yes"	2		4250000.0		70	79	15	15	20	22	2015							77.886	63.855	56.574	73.412	66.484	65.27	65.882	64.136	66.107	64.389	59.546	61.354	60.962	62.63	28.5	35.2	64.72667	66.145	62.025	72.1225			0	5	0	0	0	0	0	0	0	3	0	0	0	0	1	0	0	0	0	0	0	0	0	0	0	0	0	0	0	0	2	0		0	0	0	0	0	0	0	0	0	0	0	0	0	0	0	0	0	0	0	0	0	1	0	0	0	0	0	0	0	0	0	0	0	0	0	0	0	0	0	0	0	0	0	0	0	0	0	3	0	0	2012.0	632.0	"H/E"	0.79	0.0	"G"	0.0	"G"	1	0.0	1.0	0.886076	1.0	0.92105263	0.7083333	0.0	1.0	12.4	2.4005190311418687	0.0	0.06666667	0.0	0.0	0.0	0.0	0.6	0.0	0.0	0.0	0.13333334	0.0	0.2	0.0	0.0	0.0	0.0	15.0	"INC"	2	0.0	0.0	0.0	1.0	0.0	0.0
84		"INC"	"Male"	"Brian Francis Miranda"	48	"HSC"		"Yes"	0		5681018.5		63	74	17	17	15	18	2016							77.02	70.306	74.401	80.159	69.028	78.52	79.484	78.506	78.588	77.976	77.245	79.034	79.404	77.613	0.7	34.3	59.7	76.325	78.165	62.9775			0	2	0	0	0	0	0	1	0	0	4	0	3	1	0	0	1	0	0	1	0	0	0	0	0	0	0	4	0	0	0	0		0	0	0	0	0	0	0	0	0	0	0	0	0	0	0	0	0	0	0	0	0	0	0	0	0	0	0	0	0	0	0	0	1	0	0	0	0	0	0	0	0	0	0	0	0	0	0	0	0	0	2012.0	632.0	"H/E"	0.79	0.0	"G"	0.0	"G"	1	0.0	0.0	0.8513514	1.0	0.8962264	0.4734182	0.0	1.0	11.0	4.627928341754708	0.16666667	0.0	0.0	0.0	0.0	0.0	0.2777778	0.0	0.22222222	0.055555556	0.0	0.0	0.0	0.0	0.22222222	0.0	0.055555556	18.0	"INC"	2	0.0	0.0	0.0	1.0	0.0	0.0
84	"G"	"BJP"	"Male"	"Abhijit Ganpat Samant"	52	"Post Graduate"		"Yes"	0		4674862.5		90	102	17	22	189	214	2018		24185	"13501"		"SS"	"4630"	52.239	47.42	49.91	67.153		71.654	71.11	73.451	71.32	48.308	48.032	55.392	63.223	59.681	79.3	37.1	53.48	45.0825	74.7325	69.665		47.718	0	2	0	0	0	0	0	0	0	0	0	0	0	0	0	1	0	2	0	0	0	0	0	0	0	0	0	0	0	1	0	1		0	0	0	0	0	0	0	0	0	0	0	0	0	0	0	0	0	0	0	0	0	0	0	0	0	0	0	0	0	0	0	0	0	0	0	0	0	0	0	0	0	0	0	0	1	0	0	0	0	0	2017.0	633.0	"K/E"	0.58	0.0		0.0	"G"	1	0.0	0.0	0.88235295	0.77272725	0.9456869	0.77914375	1.0	1.0	10.3545	3.1024613623354322	0.0	0.125	0.0	0.0	0.0	0.0	0.375	0.25	0.0	0.0	0.125	0.0	0.0	0.0	0.0	0.125	0.0	8.0	"BJP"	1	0.0	0.0	0.0			0.0
85		"INC"	"Male"	"Mohammed Rafique Mustafa Husain Shaikh "									19	51	9	14	3	6	2011			"4672"	"yes"	"INC"	"185"	75.412	77.035	72.892	79.073		85.771	78.758	74.241	73.766	70.78	73.124	70.569	82.546	74.116					87.2575		119		0	0	0	0	0	0	0	0	0	0	1	0	1	0	0	0	0	0	0	1	0	0	0	0	0	0	0	0	0	0	0	0		0	0	0	0	0	0	0	0	0	0	0	0	0	0	0	0	0	0	0	0	0	0	0	0	0	0	0	0	0	0	0	0	0	0	0	0	0	0	0	0	0	0	0	0	1	0	0	0	0	0	2007.0	634.0	"H/E"	0.79	0.0		0.0			1.0		0.37254903	0.64285713	0.45588234				6.0	1.0648596321393997	0.25	0.25	0.0	0.0	0.0	0.0	0.0	0.0	0.25	0.25	0.0	0.0	0.0	0.0	0.0	0.0	0.0	4.0	"INC"	2	0.0	0.0	0.0	1.0	0.0	0.0
85		"IND"	"Male"	"Ilyas Bashir Shaikh"	51	"SSC"		"Not given"	1		5850863.0		46	70	11	14	13	25	2013			"3850"		"Congress"	"458"	50.919	55.239	34.982	64.04	44.333	60.645	56.158	78.742	52.484	39.746	43.621	62.515	56.421	49.119	16.2	60.5	56.59	60.785	72.0725	45.88			0	0	0	0	0	0	0	0	0	0	0	0	0	0	0	0	0	0	0	0	0	0	0	0	0	0	0	0	0	0	1	0		0	0	0	0	0	0	0	0	0	0	0	0	0	0	0	0	0	0	0	0	0	0	0	0	0	0	0	0	0	0	0	0	0	0	0	0	0	0	0	0	0	0	0	0	0	0	0	0	0	0	2012.0	635.0	"H/E"	0.79	0.0	"G"	0.0	"G"	1	0.0	1.0	0.6571429	0.78571427	0.72164947	0.97514385	0.0	0.0	8.0	0.14273719563392107	0.0	0.0	0.0	0.0	0.0	0.0	0.0	0.0	0.0	0.0	1.0	0.0	0.0	0.0	0.0	0.0	0.0	1.0	"_Other"	6	0.0	0.0	0.0	1.0	0.0	0.0
85		"IND"	"Male"	"Ilyas Bashir Shaikh"	52	"SSC"		"Not given"	1		1.1793E7		47	65	12	14	11	14	2014							50.219	62.468	51.668	65.695	56.186	60.789	64.709	76.616	72.455	53.324	54.795	56.767	54.44	65.202	0.0	14.9	40.863335	42.595	51.0225	59.3075			0	0	0	0	0	0	0	0	0	0	0	0	0	0	0	0	0	0	0	0	0	0	0	0	0	0	0	0	0	0	2	0		0	0	0	0	0	0	0	0	0	0	0	0	0	0	0	0	0	0	0	0	0	0	0	0	0	0	0	0	0	0	0	0	0	0	0	0	0	0	0	0	0	0	0	0	1	0	0	0	0	0	2012.0	635.0	"H/E"	0.79	0.0	"G"	0.0	"G"	1	0.0	1.0	0.72307694	0.85714287	0.7777778	0.98275	0.0	0.0	14.0	0.12681159420289856	0.0	0.33333334	0.0	0.0	0.0	0.0	0.0	0.0	0.0	0.0	0.6666667	0.0	0.0	0.0	0.0	0.0	0.0	3.0	"_Other"	6	0.0	0.0	0.0	1.0	0.0	0.0
85		"IND"	"Male"	"Ilyas Bashir Shaikh"	53	"SSC"		"Not given"	1		2999000.0		30	79	11	15	23	34	2015							53.833	46.834	39.183	65.466	43.617	64.767	67.983	68.782	54.454	43.43	38.455	48.593	63.131	43.643	62.0	63.1	64.223335	56.2775	46.5175	61.235			0	2	0	0	0	0	0	0	0	0	2	0	0	0	0	0	0	0	0	0	0	0	0	0	0	0	0	0	0	0	0	0		0	0	0	0	0	0	0	0	0	0	0	0	0	0	0	0	0	0	0	0	0	0	0	0	0	0	0	0	0	0	0	0	0	0	0	0	0	0	0	0	0	0	0	0	0	0	0	1	0	0	2012.0	635.0	"H/E"	0.79	0.0	"G"	0.0	"G"	1	0.0	1.0	0.37974682	0.73333335	0.5470086	0.49983335	0.0	0.0	6.0	2.7854671280276815	0.0	0.0	0.0	0.0	0.0	0.0	0.4	0.0	0.4	0.0	0.0	0.0	0.2	0.0	0.0	0.0	0.0	5.0	"_Other"	6	0.0	0.0	0.0	1.0	0.0	0.0
85		"IND"	"Male"	"Ilyas Bashir Shaikh"	54	"SSC"		"Not given"	1		5966075.5		39	74	14	17	17	31	2016							65.438	60.117	61.601	70.49	64.692	68.625	72.099	75.421	70.613	56.413	59.016	65.062	65.68	62.214	51.9	81.5	63.376667	73.125	67.44	64.8775			0	0	0	0	0	0	0	0	0	0	0	0	1	0	0	0	0	0	0	0	0	0	0	0	0	0	0	0	0	0	0	0	1	1	0	0	0	0	0	0	0	0	0	0	0	0	0	0	0	0	0	0	0	0	0	0	0	0	0	0	0	0	0	0	0	0	0	0	0	0	0	0	0	0	0	0	0	0	0	0	0	0	0	2012.0	635.0	"H/E"	0.79	0.0	"G"	0.0	"G"	1	0.0	1.0	0.527027	0.8235294	0.6481481	0.49717295	0.0	0.0	14.0	0.7596463022508039	0.33333334	0.0	0.0	0.33333334	0.0	0.0	0.0	0.0	0.0	0.0	0.0	0.0	0.0	0.0	0.0	0.33333334	0.0	3.0	"_Other"	6	0.0	0.0	0.0	1.0	0.0	0.0
85	"G"	"BJP"	"Female"	"Jyoti Parag Alavani"	45	"Graduate"		"Yes"	1		4051637.5		93	102	16	22	50	61	2018	1	26978	"15629"		"SS"	"9843"	71.317	53.272	55.912	82.251		69.507	63.946	87.94	81.688	59.748	53.635	52.167	56.809	56.286	54.2	66.6	72.08	46.67	70.4325	82.9825		58.889	0	1	0	0	0	0	0	0	0	0	2	0	4	1	1	0	0	1	0	0	0	0	0	0	0	0	0	1	0	1	1	0		0	0	1	0	0	0	0	0	0	0	0	0	0	0	0	0	0	0	0	0	0	0	0	0	0	0	0	0	0	0	0	0	1	0	0	0	0	0	0	0	0	0	0	0	0	1	0	0	0	0	2017.0	636.0	"K/E"	0.58	1.0		0.0	"G"	1	0.0	1.0	0.9117647	0.72727275	0.9137931	0.67527294	1.0	1.0	9.2345	4.5243274184315965	0.25	0.0	0.0	0.125	0.0	0.0	0.1875	0.0625	0.125	0.0	0.125	0.0	0.0	0.0	0.0625	0.0	0.0625	16.0	"BJP"	1	0.0	0.0	0.0			0.0
86																			2011			"5330"		"INC"	"366"	75.551	76.681	78.359	85.105		80.279	78.99	78.495	77.46	74.38	78.13	72.144	83.7	78.664					73.605		126		0	0	0	0	0	0	0	0	0	0	0	0	0	0	0	0	0	0	0	0	0	0	0	0	0	0	0	0	0	0	0	0		0	0	0	0	0	0	0	0	0	0	0	0	0	0	0	0	0	0	0	0	0	0	0	0	0	0	0	0	0	0	0	0	0	0	0	0	0	0	0	0	0	0	0	0	0	0	0	0	0	0	2007.0	637.0	"H/E"	0.79	0.0		0.0			1.0																												"_Other"	6	0.0	0.0	0.0	1.0	0.0	0.0
86	"W"	"SS"	"Female"	"Pooja Vishwanath Mahadeshwar"	46	"SSC"		"Yes"	0		4983477.0		68	70	13	14	15	19	2013			"6675"		"Congress"	"1602"	59.863	44.265	43.65	71.113	59.827	74.762	77.356	81.891	79.529	49.582	43.364	64.803	67.927	64.5	1.6	1.6	64.78333	76.945	77.865	66.255			0	0	0	0	0	0	0	0	0	0	0	0	0	0	0	0	0	0	0	0	0	0	0	0	0	0	0	0	0	1	0	0		0	0	0	0	0	0	0	0	0	0	0	0	0	0	0	0	0	0	0	0	0	0	0	0	1	0	0	0	0	1	1	0	0	0	0	0	0	0	0	0	0	0	0	0	0	0	0	1	0	0	2012.0	638.0	"H/E"	0.79	1.0	"W"	1.0	"G"	1	0.0	0.0	0.9714286	0.9285714	0.969697	0.8305795	0.0	1.0	9.6	0.6213266162888329	0.0	0.0	0.0	0.0	0.2	0.4	0.0	0.0	0.0	0.0	0.2	0.0	0.2	0.0	0.0	0.0	0.0	5.0	"SS"	5	1.0	0.0	0.0	1.0	1.0	0.79
86	"W"	"SS"	"Female"	"Pooja Vishwanath Mahadeshwar"	47	"SSC"		"Yes"	0		1.0979E7		64	65	13	14	13	14	2014							54.149	59.742	48.549	75.829	64.983	75.695	74.545	94.584	89.886	48.483	47.585	43.916	53.777	56.887	7.2	19.5	52.98	61.9575	50.73	69.56			0	0	0	0	0	0	0	0	0	0	0	0	0	0	0	0	0	0	0	0	0	0	0	0	0	0	1	0	0	2	1	0	1	0	0	0	0	0	0	0	0	0	0	0	0	0	0	0	0	0	0	0	0	0	0	0	0	1	0	0	0	0	0	0	0	0	0	0	0	0	0	0	0	0	0	0	0	0	0	0	1	0	0	2012.0	638.0	"H/E"	0.79	1.0	"W"	1.0	"G"	1	0.0	0.0	0.9846154	0.9285714	0.9782609	0.9149167	0.0	1.0	14.0	0.8272946859903383	0.0	0.0	0.0	0.0	0.14285715	0.0	0.0	0.0	0.0	0.0	0.5714286	0.0	0.14285715	0.0	0.0	0.14285715	0.0	7.0	"SS"	5	1.0	0.0	0.0	1.0	1.0	0.79
86	"W"	"SS"	"Female"	"Pooja Vishwanath Mahadeshwar"	48	"SSC"		"Yes"	0		3186000.0		77	79	12	15	16	19	2015							76.384	42.895	60.453	86.569	56.282	83.099	88.548	86.941	91.148	26.898	47.641	72.446	72.345	65.933	83.6	83.6	63.046665	70.7925	82.1625	66.9			0	0	0	0	0	0	1	0	0	0	1	0	0	0	0	0	0	0	0	0	0	0	0	0	0	0	0	1	0	2	0	0		0	0	1	0	0	0	0	0	0	0	0	0	0	0	0	0	0	0	0	0	0	0	0	0	0	0	0	0	0	0	0	0	0	0	0	0	0	0	0	0	0	0	0	0	0	0	0	0	0	0	2012.0	638.0	"H/E"	0.79	1.0	"W"	1.0	"G"	1	0.0	0.0	0.9746835	0.8	0.95454544	0.531	0.0	1.0	14.0	5.075259515570934	0.0	0.0	0.0	0.16666667	0.0	0.0	0.16666667	0.0	0.16666667	0.0	0.33333334	0.0	0.0	0.0	0.16666667	0.0	0.0	6.0	"SS"	5	1.0	0.0	0.0	1.0	1.0	0.79
86	"W"	"SS"	"Female"	"Pooja Vishwanath Mahadeshwar"	49	"SSC"		"Yes"	0		5956147.0		66	74	15	17	14	16	2016							70.538	57.692	59.011	73.302	54.732	70.979	74.51	77.918	76.153	52.636	56.597	58.461	65.6	58.353	47.3	58.2	66.67333	75.555	76.395	59.4375			0	0	0	0	0	0	0	0	0	0	0	0	0	0	0	0	0	0	0	0	0	0	0	0	0	0	0	1	0	0	0	0		0	0	1	0	0	1	0	0	0	0	0	0	0	0	0	0	0	0	0	0	0	0	0	0	0	0	0	0	0	0	0	0	0	0	0	0	0	0	0	0	0	0	0	0	0	0	0	1	0	0	2012.0	638.0	"H/E"	0.79	1.0	"W"	1.0	"G"	1	0.0	0.0	0.8918919	0.88235295	0.9047619	0.49634558	0.0	1.0	13.5	1.905144694533762	0.0	0.0	0.0	0.25	0.0	0.0	0.0	0.0	0.0	0.0	0.0	0.25	0.25	0.0	0.25	0.0	0.0	4.0	"SS"	5	1.0	0.0	0.0	1.0	1.0	0.79
86	"W"	"INC"	"Female"	"Sushma Kamlesh Rai"	42	"Graduate"		"Yes"	0		5329420.5		63	102	11	22	32	56	2018		27956	"6213"		"BJP"	"985"	57.563	54.747	59.536	61.266		62.68	64.818	63.245	63.584	53.936	53.423	55.724	62.211	52.013	27.2	31.7	56.03	50.99	42.84	77.66		51.506	0	1	0	0	0	0	0	0	0	0	0	0	1	0	0	0	0	0	0	0	0	0	0	0	0	0	0	0	0	0	0	0		0	0	0	0	0	0	0	0	0	0	0	0	0	0	0	0	0	0	0	0	0	0	0	0	0	0	0	0	0	0	0	0	0	0	0	0	0	0	0	0	0	0	0	0	0	0	0	2	0	0	2017.0	639.0	"K/E"	0.58	1.0		1.0	"G"	1	0.0	0.0	0.61764705	0.5	0.67948717	0.88823676	1.0	1.0	4.41	2.1908986834573554	0.25	0.0	0.0	0.0	0.0	0.0	0.25	0.0	0.0	0.0	0.0	0.0	0.5	0.0	0.0	0.0	0.0	4.0	"INC"	2	0.0	0.0	0.0			0.58
87		"BJP"	"Male"	"Krishna Dhondu Parkar"									46	51	10	14	16	27	2011			"4202"		"NCP"	"608"	66.003	68.891	69.28	70.419		71.578	72.75	75.484	74.021	69.487	70.559	82.292	73.142	71.386					81.0975		140		0	0	0	0	0	0	0	0	0	0	1	0	0	0	0	0	0	0	0	0	0	0	0	0	0	0	0	0	0	0	1	0		0	0	0	0	0	0	0	0	0	0	0	0	0	0	0	0	0	0	0	0	0	0	0	0	0	0	0	0	0	0	0	0	0	0	0	0	0	0	0	0	0	0	0	0	1	0	0	1	0	0	2007.0	640.0	"H/E"	0.79	0.0		0.0			1.0		0.9019608	0.71428573	0.8888889				10.5	1.4714424007744433	0.0	0.25	0.0	0.0	0.0	0.0	0.0	0.0	0.25	0.0	0.25	0.0	0.25	0.0	0.0	0.0	0.0	4.0	"BJP"	1	0.0	0.0	0.0	1.0	0.0	0.0
87		"BJP"	"Male"	"Krishna Dhondu Parkar"	33	"F.Y.B.Com"		"Yes"	0		5369000.0		57	70	12	14	70	93	2013			"9185"		"NCP"	"2327"	65.956	53.281	48.185	74.348	60.3	74.087	77.964	85.39	80.65	43.626	50.663	59.034	68.77	65.043	33.5	47.0	66.54667	73.84	74.535	66.9975			0	0	0	0	0	0	0	0	0	0	2	0	0	0	0	0	0	0	0	0	0	0	0	0	0	0	0	0	0	0	0	0	1	1	0	0	0	0	0	0	0	0	0	0	0	0	0	0	0	0	0	0	0	0	0	0	0	0	0	0	0	0	1	0	1	1	0	0	0	0	0	0	0	1	0	0	0	3	0	0	0	0	0	2012.0	641.0	"H/E"	0.79	0.0	"OBC"	0.0	"OBC"	2	1.0	0.0	0.8142857	0.85714287	0.9025974	0.8948333	1.0	1.0	9.272727272727273	1.5155331654072208	0.0	0.27272728	0.0	0.09090909	0.0	0.18181819	0.0	0.0	0.18181819	0.0	0.0	0.0	0.0	0.09090909	0.0	0.09090909	0.09090909	11.0	"BJP"	1	0.0	0.0	0.0	1.0	0.0	0.0
87		"BJP"	"Male"	"Krishna Dhondu Parkar"	34	"F.Y.B.Com"		"Yes"	0		1.1369E7		63	65	12	14	38	44	2014							64.713	64.008	64.157	77.379	67.861	79.042	79.638	88.661	85.79	55.199	51.501	59.076	57.35	65.14	0.0	16.1	55.953335	69.0525	59.365	66.3775			0	14	0	0	0	0	0	0	0	0	0	0	4	0	0	1	1	2	0	0	0	1	0	0	0	0	0	1	0	1	0	0		0	0	1	0	0	0	0	0	0	0	0	0	0	0	0	0	0	0	0	0	0	0	0	0	0	0	0	0	0	0	1	0	0	0	0	0	0	0	0	0	0	0	0	0	0	0	0	6	0	0	2012.0	641.0	"H/E"	0.79	0.0	"OBC"	0.0	"OBC"	2	1.0	0.0	0.9692308	0.85714287	0.96581197	0.94741666	1.0	1.0	8.727272727272727	2.92184265010352	0.121212125	0.0	0.0	0.030303031	0.0	0.030303031	0.4848485	0.060606062	0.0	0.0	0.030303031	0.0	0.18181819	0.0	0.030303031	0.0	0.030303031	33.0	"BJP"	1	0.0	0.0	0.0	1.0	0.0	0.0
87		"BJP"	"Male"	"Krishna Dhondu Parkar"	35	"F.Y.B.Com"		"Yes"	0		2766000.0		68	79	8	15	33	56	2015							62.662	57.784	42.571	57.755	57.571	59.455	63.498	70.424	70.719	44.767	47.873	51.062	59.909	57.913	1.1	61.0	63.523335	68.1075	88.71	66.2425			0	0	0	0	0	0	0	0	0	0	0	0	0	0	0	0	0	0	0	0	0	0	0	0	0	0	0	1	0	0	0	0		0	0	0	0	0	0	0	0	0	0	0	0	0	0	0	0	0	0	0	0	0	0	0	0	0	0	0	0	0	0	0	0	0	0	0	0	0	0	0	0	0	0	0	0	0	0	0	1	0	0	2012.0	641.0	"H/E"	0.79	0.0	"OBC"	0.0	"OBC"	2	1.0	0.0	0.8607595	0.53333336	0.8582677	0.461	1.0	1.0	14.0	2.893598615916955	0.0	0.0	0.0	0.0	0.0	0.0	0.0	0.0	0.0	0.0	0.0	0.0	0.5	0.0	0.5	0.0	0.0	2.0	"BJP"	1	0.0	0.0	0.0	1.0	0.0	0.0
87		"BJP"	"Male"	"Krishna Dhondu Parkar"	36	"F.Y.B.Com"		"Yes"	0		5647433.0		69	74	11	17	39	49	2016							77.448	62.666	61.064	87.024	73.199	82.44	86.391	94.467	88.609	74.784	79.039	83.298	86.074	84.793	69.1	77.7	68.793335	78.19	70.345	72.34			0	13	0	0	0	0	0	3	0	1	0	0	1	0	0	0	0	1	0	0	0	0	0	0	0	0	0	0	0	0	0	0		1	0	0	0	0	0	0	0	0	0	0	0	0	0	0	0	0	0	0	0	0	0	2	0	0	0	0	0	1	1	1	0	0	0	0	0	0	0	0	0	0	0	0	0	0	0	0	1	0	0	2012.0	641.0	"H/E"	0.79	0.0	"OBC"	0.0	"OBC"	2	1.0	0.0	0.9324324	0.64705884	0.9153846	0.4706194	1.0	1.0	7.384615384615385	2.0860128617363345	0.03846154	0.0	0.0	0.03846154	0.07692308	0.115384616	0.65384614	0.03846154	0.0	0.0	0.0	0.0	0.03846154	0.0	0.0	0.0	0.0	26.0	"BJP"	1	0.0	0.0	0.0	1.0	0.0	0.0
87	"G"	"SS"		"Vishvnath Mahdeshwar"															2018			"7250"		"BJP"	"34"	50.031	51.565	47.503	62.754		75.382	83.753	73.046	74.198	74.031	65.662	73.112	79.855	59.979	45.5	31.9	56.286667	53.5575	77.5925	56.96		66.14	0	0	0	0	0	0	0	0	0	0	0	0	0	0	0	0	0	0	0	0	0	0	0	0	0	0	0	0	0	0	0	0		0	0	0	0	0	0	0	0	0	0	0	0	0	0	0	0	0	0	0	0	0	0	0	0	0	0	0	0	0	0	0	0	0	0	0	0	0	0	0	0	0	0	0	0	0	0	0	0	0	0	2017.0	642.0			0.0		0.0	"G"	1	0.0																												"SS"	5	1.0	0.0	0.0			
88	"W"	"SS"	"Female"	"Sujata Sudam Mhaskar"									45	51	12	14	10	13	2011			"6495"		"INC"	"693"	62.33	57.754	59.767	59.185		66.212	62.206	59.877	62.55	59.896	59.369	59.729	60.155	60.248					57.0775		125		0	0	0	0	0	0	1	0	0	1	0	0	0	0	0	0	0	0	0	0	0	0	0	0	0	0	0	0	0	0	0	0		0	0	0	0	0	0	0	0	0	1	0	0	0	0	0	0	0	0	0	0	0	0	0	0	0	0	0	0	0	0	0	0	0	0	0	0	0	0	0	0	0	0	0	0	0	0	0	0	0	0	2007.0	643.0	"H/E"	0.79	1.0		1.0	"G"	1	0.0		0.88235295	0.85714287	0.8933333				9.0	1.181026137463698	0.0	0.0	0.0	0.0	0.0	0.0	0.6666667	0.0	0.0	0.0	0.0	0.33333334	0.0	0.0	0.0	0.0	0.0	3.0	"SS"	5	1.0	0.0	0.0	1.0	1.0	0.79
88		"SS"	"Male"	"Deepak Ramchandra Bhutkar"	48	"SSC, D.M.E."		"Yes"	0		5738921.0		70	70	14	14	28	29	2013			"8644"		"Congress"	"2958"	64.681	62.077	59.481	61.914	60.322	63.082	63.369	62.14	61.537	62.657	60.306	58.354	60.957	61.312	54.5	77.3	52.92	70.23	65.0675	58.235			0	1	0	0	0	0	1	0	1	0	0	0	0	0	0	0	0	0	0	0	0	0	0	0	0	0	0	0	0	0	1	0		1	0	0	0	0	0	0	0	0	0	0	0	0	0	0	0	0	0	0	0	0	0	0	1	0	0	0	0	0	1	0	0	0	0	0	0	0	0	0	0	0	0	0	0	0	0	0	0	0	0	2012.0	644.0	"H/E"	0.79	0.0	"G"	0.0	"G"	1	0.0	0.0	1.0	1.0	1.0	0.9564868	1.0	1.0	14.0	4.336691855583542	0.0	0.0	0.0	0.14285715	0.14285715	0.14285715	0.42857143	0.0	0.0	0.0	0.14285715	0.0	0.0	0.0	0.0	0.0	0.0	7.0	"SS"	5	1.0	0.0	0.0	1.0	0.0	0.0
88		"SS"	"Male"	"Deepak Ramchandra Bhutkar"	49	"SSC, D.M.E."		"Yes"	0		1.1714E7		65	65	14	14	24	24	2014							65.642	61.404	57.945	76.492	58.183	75.489	81.741	85.544	76.645	51.24	50.386	60.319	66.061	69.396	4.7	22.6	53.293335	66.0925	53.7475	67.4275			0	2	0	0	0	0	0	0	0	0	1	0	0	0	0	0	0	0	0	0	0	2	0	0	0	0	0	1	0	3	4	1	2	0	0	0	0	1	0	0	0	0	0	0	0	0	0	0	0	0	0	0	0	0	0	0	0	0	0	0	0	0	0	0	0	0	0	0	0	0	0	0	0	0	0	0	0	0	0	0	0	0	0	2012.0	644.0	"H/E"	0.79	0.0	"G"	0.0	"G"	1	0.0	0.0	1.0	1.0	1.0	0.97616667	1.0	1.0	13.235294117647058	3.388888888888889	0.0	0.0	0.0	0.0	0.0	0.0	0.11764706	0.0	0.05882353	0.0	0.4117647	0.05882353	0.0	0.0	0.05882353	0.1764706	0.11764706	17.0	"SS"	5	1.0	0.0	0.0	1.0	0.0	0.0
88		"SS"	"Male"	"Deepak Ramchandra Bhutkar"	50	"SSC, D.M.E."		"Yes"	0		3229000.0		78	79	15	15	20	22	2015							65.488	53.485	44.109	58.63	61.941	61.443	66.474	71.523	73.422	49.787	47.667	47.906	54.105	52.851	0.0	43.5	61.35	69.2675	82.3275	65.4			0	0	0	0	0	0	1	0	0	0	2	0	3	0	0	0	0	0	0	0	0	0	0	0	0	0	0	2	0	0	3	0	1	0	0	0	0	2	0	0	0	0	0	0	0	0	0	0	0	0	0	0	0	0	0	0	0	0	0	0	0	0	0	0	0	1	1	0	0	0	0	0	0	0	0	0	0	0	0	0	0	0	0	2012.0	644.0	"H/E"	0.79	0.0	"G"	0.0	"G"	1	0.0	0.0	0.98734176	1.0	0.99122804	0.53816664	1.0	1.0	15.0	3.808082056351952	0.1875	0.0	0.0	0.0	0.0	0.0	0.0625	0.0	0.125	0.0	0.1875	0.125	0.0	0.0	0.125	0.0625	0.125	16.0	"SS"	5	1.0	0.0	0.0	1.0	0.0	0.0
88		"SS"	"Male"	"Deepak Ramchandra Bhutkar"	51	"SSC, D.M.E."		"Yes"	0		5128770.5		70	74	17	17	18	18	2016							73.966	59.178	56.256	86.668	72.502	78.852	88.228	93.437	87.086	67.613	70.415	77.929	84.907	86.463	52.1	56.3	61.803333	77.865	72.315	69.2775			0	1	0	0	0	0	0	0	0	0	0	0	3	0	0	0	1	1	0	1	0	0	0	0	0	0	0	1	0	0	2	0		0	0	0	0	1	0	0	0	0	0	0	0	0	0	0	0	0	0	0	0	0	0	0	0	0	0	0	0	2	0	0	0	0	0	0	0	0	0	0	0	0	0	0	0	0	0	0	1	0	0	2012.0	644.0	"H/E"	0.79	0.0	"G"	0.0	"G"	1	0.0	0.0	0.9459459	1.0	0.96330273	0.42739755	1.0	1.0	11.142857142857142	2.2491961414791	0.21428572	0.0	0.0	0.0	0.0	0.14285715	0.14285715	0.071428575	0.0	0.071428575	0.14285715	0.071428575	0.071428575	0.0	0.071428575	0.0	0.0	14.0	"SS"	5	1.0	0.0	0.0	1.0	0.0	0.0
88	"G"	"SS"	"Male"	"Sadanand Gajanan Parab"	58	"SSC"		"Yes"	1		4965704.0		100	102	17	18	146	153	2018	3	22071	"8424"		"BJP"	"2890"	58.861	58.229	53.836	53.867		59.074	57.026	55.01	55.647	47.665	45.999	49.227	51.811	44.192	80.1	83.2	67.683334	48.4025	91.5975	46.415		46.9	0	0	0	0	0	0	1	0	0	0	0	0	1	0	0	0	0	1	0	0	0	0	0	0	0	0	0	0	0	2	0	0		0	0	0	0	0	0	0	0	0	0	0	0	0	0	0	0	0	0	0	0	0	0	2	0	0	0	0	0	1	0	0	0	0	0	0	0	0	0	0	0	0	0	0	0	0	0	0	0	0	0	2017.0	645.0	"H/E"	0.79	0.0		0.0	"G"	1	0.0	1.0	0.98039216	0.9444444	0.9887218	0.82761735	0.0	1.0	10.001	2.7129750982961993	0.125	0.0	0.0	0.0	0.25	0.125	0.125	0.125	0.0	0.0	0.25	0.0	0.0	0.0	0.0	0.0	0.0	8.0	"SS"	5	1.0	0.0	0.0			0.0
89		"SS"	"Male"	"Prakash Vasant Sawant"									16	51	5	14	0	0	2011			"7224"		"NCP"	"1897"	51.982	56.413	61.773	65.018		70.769	66.901	66.676	62.598	55.733	56.943	51.736	55.419	53.608					54.48		135		0	0	0	0	0	0	0	0	0	0	0	0	0	0	0	0	0	0	0	0	0	0	0	0	0	0	0	0	0	0	0	0		0	0	0	0	0	0	0	0	0	0	0	0	0	0	0	0	0	0	0	0	0	0	0	0	0	0	0	0	0	0	0	0	0	0	0	0	0	0	0	0	0	0	0	0	0	0	0	4	0	0	2007.0	646.0	"H/E"	0.79	0.0		0.0			1.0		0.3137255	0.35714287	0.32307693				6.0	0.0	0.0	0.0	0.0	0.0	0.0	0.0	0.0	0.0	0.0	0.0	0.0	0.0	1.0	0.0	0.0	0.0	0.0	4.0	"SS"	5	1.0	0.0	0.0	1.0	0.0	0.0
89		"SS"	"Male"	"Anil Pandurang Trimbakkar"	58	"B.Com"		"Yes"	0		4374452.0		70	70	13	14	44	47	2013			"5838"		"NCP"	"411"	73.159	62.595	64.928	69.682	51.311	77.431	84.199	82.398	73.858	56.081	61.684	70.513	77.976	71.189	77.9	77.9	74.83	84.86	89.67	74.1775			0	0	0	0	0	0	0	0	0	0	0	0	0	0	0	0	0	0	0	0	0	0	0	0	0	0	0	0	0	0	0	0		0	0	0	0	0	0	0	0	0	0	0	0	0	0	0	0	0	0	0	0	0	0	3	1	3	0	0	0	0	0	0	0	0	0	0	0	0	0	0	0	0	0	0	0	0	0	0	0	0	0	2012.0	647.0	"H/E"	0.79	0.0	"OBC"	0.0	"OBC"	2	1.0	0.0	1.0	0.9285714	0.9921875	0.7290753	1.0	1.0	6.0	0.0041981528127623844	0.0	0.0	0.0	0.0	1.0	0.0	0.0	0.0	0.0	0.0	0.0	0.0	0.0	0.0	0.0	0.0	0.0	7.0	"SS"	5	1.0	0.0	0.0	1.0	0.0	0.0
89		"SS"	"Male"	"Anil Pandurang Trimbakkar"	59	"B.Com"		"Yes"	0		1.1162E7		65	65	14	14	29	29	2014							64.484	62.615	70.67	76.107	60.826	73.945	82.288	87.049	75.243	60.686	54.421	62.153	61.633	61.994	11.0	11.0	47.316666	62.9325	67.015	72.855			0	1	0	0	0	0	0	1	1	0	0	0	1	0	0	0	0	0	0	0	0	0	0	0	0	0	0	0	0	1	0	0		0	0	0	0	0	0	0	0	0	0	0	1	0	0	0	0	0	0	0	0	0	0	1	2	2	0	0	0	0	1	1	0	0	0	0	0	0	0	0	0	0	0	0	0	0	0	0	2	0	0	2012.0	647.0	"H/E"	0.79	0.0	"OBC"	0.0	"OBC"	2	1.0	0.0	1.0	1.0	1.0	0.93016666	1.0	1.0	9.6	2.158816425120773	0.06666667	0.0	0.0	0.0	0.33333334	0.13333334	0.2	0.0	0.0	0.0	0.06666667	0.06666667	0.13333334	0.0	0.0	0.0	0.0	15.0	"SS"	5	1.0	0.0	0.0	1.0	0.0	0.0
89		"SS"	"Male"	"Anil Pandurang Trimbakkar"	60	"B.Com"		"Yes"	0		3636000.0		76	79	15	15	60	64	2015							56.855	46.013	41.298	69.712	43.838	72.176	77.292	81.737	75.711	44.3	53.175	55.859	70.183	62.249	55.8	58.4	65.55334	78.1875	83.57	72.9925			0	1	0	0	0	0	0	0	1	1	2	0	2	0	0	0	1	0	0	0	0	0	0	0	0	0	0	0	0	0	0	0	1	0	0	0	0	0	0	1	0	0	0	0	0	0	0	0	0	0	0	0	0	0	0	2	0	1	0	0	0	0	0	0	1	0	0	0	0	0	0	0	0	1	0	0	0	0	0	3	0	0	0	2012.0	647.0	"H/E"	0.79	0.0	"OBC"	0.0	"OBC"	2	1.0	0.0	0.96202534	1.0	0.9805195	0.606	1.0	1.0	12.0	3.1502306805074967	0.11111111	0.0	0.16666667	0.0	0.16666667	0.055555556	0.22222222	0.0	0.11111111	0.0	0.0	0.055555556	0.0	0.055555556	0.0	0.055555556	0.0	18.0	"SS"	5	1.0	0.0	0.0	1.0	0.0	0.0
89		"SS"	"Male"	"Anil Pandurang Trimbakkar"	61	"B.Com"		"Yes"	0		5629047.0		70	74	16	17	63	64	2016							68.547	55.532	42.713	78.836	64.862	70.188	73.883	87.961	82.622	49.22	48.148	58.746	62.628	63.883	34.0	39.8	56.633335	94.4175	65.25	74.27			0	2	0	0	0	0	3	0	0	0	1	0	0	0	0	0	1	0	0	0	0	0	0	0	0	0	0	1	0	0	0	0	1	0	0	0	0	0	0	0	0	0	0	0	0	0	0	1	0	0	0	0	0	0	0	27	3	8	0	0	0	0	0	0	0	1	0	0	0	0	0	0	0	0	0	0	0	0	0	0	1	0	0	2012.0	647.0	"H/E"	0.79	0.0	"OBC"	0.0	"OBC"	2	1.0	0.0	0.9459459	0.9411765	0.96753246	0.46908724	1.0	1.0	8.52	1.7391304347826089	0.0	0.0	0.0	0.0	0.76	0.0	0.12	0.0	0.02	0.0	0.0	0.02	0.02	0.0	0.02	0.02	0.02	50.0	"SS"	5	1.0	0.0	0.0	1.0	0.0	0.0
89	"OBC"	"SS"	"Male"	"Dinesh Kashiram Kubal"	48	"SSC"		"Yes"	0		5343719.0		99	102	15	18	13	15	2018		25649	"8682"		"Ind"	"651"	59.41	48.855	52.167	69.632		66.235	70.65	74.67	58.561	49.842	44.842	52.124	60.702	58.471	19.7	24.7	48.42	53.3475	81.89	78.4425		57.31	0	0	0	0	0	0	0	0	0	0	0	0	0	0	0	0	0	0	0	0	0	0	0	0	0	0	0	0	0	0	1	1		0	0	0	0	0	0	0	0	0	0	0	0	0	0	0	0	0	0	0	0	0	0	0	0	0	0	0	0	0	0	0	0	0	0	0	0	0	0	0	0	0	0	0	0	0	0	0	0	0	0	2017.0	648.0	"H/E"	0.79	0.0		0.0	"OBC"	2	1.0	0.0	0.9705882	0.8333333	0.9548872	0.8906198	0.0	1.0	5.428	0.26843357118586475	0.0	0.0	0.0	0.0	0.0	0.0	0.0	0.0	0.0	0.0	0.5	0.0	0.0	0.0	0.0	0.5	0.0	2.0	"SS"	5	1.0	0.0	0.0			0.0
90		"SS"	"Male"	"Manmohan Suryakant Chonkar "									50	51	13	14	29	31	2011			"5432"		"INC"	"538"	58.83	58.311	59.515	60.037		60.876	62.758	61.052	59.482	55.732	62.46	76.522	67.805	63.543					89.08		127		0	1	0	0	0	0	1	0	0	0	2	0	7	2	0	0	1	2	1	0	2	0	0	0	0	0	0	0	0	0	0	1		0	0	0	0	3	1	0	0	0	0	0	0	0	0	0	0	0	1	0	0	0	0	0	1	1	0	0	0	0	1	0	0	1	0	0	0	0	0	0	0	0	0	0	4	2	0	5	3	1	0	2007.0	652.0	"H/E"	0.79	0.0		0.0			1.0		0.98039216	0.9285714	0.9787234				11.045454545454545	2.7508873830267824	0.1627907	0.046511628	0.11627907	0.0	0.046511628	0.023255814	0.13953489	0.046511628	0.046511628	0.0	0.0	0.093023255	0.069767445	0.093023255	0.023255814	0.023255814	0.069767445	43.0	"SS"	5	1.0	0.0	0.0	1.0	0.0	0.0
90	"W"	"INC"	"Female"	"Priyatama Sharadkumar Sawant"	40	"B.A.M.S"		"Yes"	0		5888663.5		60	70	14	14	20	22	2013			"6513"		"MNS"	"2747"	58.572	54.497	50.909	67.743	58.606	71.244	70.606	79.657	68.508	46.513	49.498	54.601	61.372	56.555	25.3	38.5	62.5	77.875	75.7725	67.6			0	0	0	0	0	0	0	0	0	0	0	0	0	0	0	0	0	0	0	0	0	0	0	0	0	1	0	1	0	0	2	1		0	0	1	0	0	0	0	0	0	0	0	0	0	0	0	0	0	0	0	0	0	0	0	7	1	0	0	0	0	0	0	0	0	0	0	0	0	0	0	0	0	0	0	0	0	0	0	0	0	0	2012.0	653.0	"H/E"	0.79	1.0	"SC-W"	1.0	"SCST"	3	1.0	0.0	0.85714287	1.0	0.90384614	0.98144394	1.0	1.0	12.428571428571429	1.1554608280049086	0.0	0.0	0.0	0.071428575	0.5714286	0.0	0.0	0.0	0.0	0.0	0.21428572	0.0	0.0	0.0	0.071428575	0.071428575	0.0	14.0	"INC"	2	0.0	0.0	0.0	1.0	1.0	0.79
90	"W"	"INC"	"Female"	"Priyatama Sharadkumar Sawant"	41	"B.A.M.S"		"Yes"	0		1.2E7		49	65	11	14	10	15	2014							53.415	48.203	47.382	57.571	54.124	65.21	74.554	73.263	69.414	47.571	47.74	47.388	49.538	47.259	12.6	22.3	40.74	46.9825	53.91	59.6075			0	1	0	0	0	0	1	0	0	0	0	0	0	0	0	0	0	0	0	0	0	0	0	0	0	0	0	1	0	0	1	0		0	0	0	0	0	0	0	0	0	0	0	0	0	0	0	0	0	0	0	0	0	0	1	2	2	0	0	0	0	2	0	0	0	0	0	0	0	0	0	0	0	0	0	0	0	0	0	3	0	0	2012.0	653.0	"H/E"	0.79	1.0	"SC-W"	1.0	"SCST"	3	1.0	0.0	0.75384617	0.78571427	0.78651685	1.0	1.0	1.0	9.857142857142858	2.869180939833114	0.0	0.0	0.0	0.0	0.35714287	0.14285715	0.14285715	0.0	0.0	0.0	0.071428575	0.0	0.21428572	0.0	0.071428575	0.0	0.0	14.0	"INC"	2	0.0	0.0	0.0	1.0	1.0	0.79
90	"W"	"INC"	"Female"	"Priyatama Sharadkumar Sawant"	42	"B.A.M.S"		"Yes"	0		3519000.0		59	79	15	15	23	30	2015							49.661	45.08	29.1	60.513	49.42	60.402	72.987	76.077	75.999	43.682	47.998	50.296	55.868	55.099	70.4	74.3	63.843334	60.6525	64.3225	62.3675			0	0	0	0	0	0	0	0	3	0	0	0	0	0	0	0	0	0	0	0	0	1	0	0	0	0	0	0	0	1	1	0		0	0	1	0	0	0	0	0	0	0	0	0	0	0	0	0	0	0	0	0	0	0	0	4	0	0	0	0	2	2	0	0	0	0	0	0	0	0	0	0	0	0	0	0	0	0	1	0	0	0	2012.0	653.0	"H/E"	0.79	1.0	"SC-W"	1.0	"SCST"	3	1.0	0.0	0.7468355	1.0	0.82905984	0.5865	1.0	1.0	13.75	3.3450891668884752	0.0	0.0	0.0625	0.0625	0.25	0.25	0.1875	0.0	0.0	0.0	0.125	0.0	0.0	0.0	0.0	0.0	0.0625	16.0	"INC"	2	0.0	0.0	0.0	1.0	1.0	0.79
90	"W"	"INC"	"Female"	"Priyatama Sharadkumar Sawant"	43	"B.A.M.S"		"Yes"	0		5687602.5		51	74	15	17	26	33	2016							67.575	58.026	50.885	74.724	65.774	72.524	75.276	80.988	77.69	66.481	69.228	70.443	73.217	71.975	25.3	61.5	63.003334	71.8025	71.42	71.43			0	1	0	0	0	0	1	0	0	0	0	0	2	0	0	0	0	0	0	0	0	0	0	0	0	1	0	0	0	0	1	0	1	0	0	0	0	0	0	0	0	0	0	0	0	0	0	0	0	0	0	0	0	0	0	3	2	0	0	0	0	0	1	0	0	0	0	0	0	0	0	0	0	0	0	0	0	1	0	0	0	0	0	2012.0	653.0	"H/E"	0.79	1.0	"SC-W"	1.0	"SCST"	3	1.0	0.0	0.6891892	0.88235295	0.7863248	0.47396687	1.0	1.0	11.142857142857142	3.0577541429631467	0.14285715	0.071428575	0.0	0.0	0.35714287	0.071428575	0.14285715	0.0	0.0	0.0	0.14285715	0.0	0.0	0.0	0.0	0.071428575	0.0	14.0	"INC"	2	0.0	0.0	0.0	1.0	1.0	0.79
90	"OBC-W"	"INC"	"Female"	"Tulip Brian Miranda"	40	"BA. LLB"		"Yes"	0		5185679.5		79	102	11	18	31	39	2018		28812	"5952"		"SP"	"1579"	57.259	48.233	66.065	60.966		72.458	62.377	68.225	55.227	61.061	40.578	59.364	73.849	50.674	0.4	13.3	67.32	66.4975	72.8175	84.1325		44.36	0	2	0	0	0	0	0	0	0	0	2	0	1	1	1	0	2	1	0	0	0	0	0	0	0	0	0	4	0	1	0	0	1	0	0	0	0	0	0	0	0	0	0	0	1	0	0	0	0	0	0	0	0	0	0	0	0	0	0	0	0	0	0	0	0	0	0	0	0	0	0	0	0	0	0	0	0	0	0	0	1	0	0	2017.0	654.0	"H/E"	0.79	1.0		1.0	"OBC"	2	1.0	0.0	0.7745098	0.6111111	0.8013245	0.8642799	1.0	1.0	13.938500000000001	5.690235690235691	0.055555556	0.0	0.0	0.0	0.0	0.0	0.33333334	0.055555556	0.11111111	0.0	0.055555556	0.055555556	0.055555556	0.0	0.22222222	0.055555556	0.0	18.0	"INC"	2	0.0	0.0	0.0			0.79
91		"SP"	"Male"	"Mohammed Hussain Shaikh "									18	51	5	14	7	27	2011			"4660"		"INC"	"971"	63.993	57.15	59.909	70.118		67.833	66.897	71.212	66.51	51.466	50.182	50.67	51.462	59.801					56.035		125		0	0	0	0	0	0	0	0	0	1	0	0	0	0	0	0	0	0	0	0	0	0	0	0	0	0	0	0	0	0	0	0		0	0	0	0	0	0	0	0	0	0	0	0	0	0	0	0	0	0	0	0	0	0	0	0	0	0	0	0	0	0	0	0	0	0	0	0	0	0	0	0	0	0	0	0	0	0	0	0	0	0	2007.0	655.0	"H/E"	0.79	0.0		0.0			1.0		0.3529412	0.35714287	0.41666666				3.0	0.0	0.0	0.0	0.0	0.0	0.0	0.0	1.0	0.0	0.0	0.0	0.0	0.0	0.0	0.0	0.0	0.0	0.0	1.0	"_Other"	6	0.0	0.0	0.0	1.0	0.0	0.0
91	"W"	"INC"	"Female"	"Gulistan Ahrar Ahmed Shaikh"	29	"B.U.M.S."		"Yes"	0		3918828.8		43	70	10	14	15	18	2013			"4835"		"SP"	"568"	56.421	45.928	53.963	61.803	55.968	64.003	72.248	82.836	80.25	50.561	50.727	59.673	59.261	56.336	29.5	48.8	58.996666	63.37	63.3225	65.84			0	0	0	0	0	0	0	0	0	0	0	0	0	0	0	0	0	0	0	0	0	0	0	0	0	0	0	0	0	0	0	0		0	0	0	0	0	0	0	0	0	0	0	0	0	0	0	0	0	0	0	0	0	0	0	0	0	0	0	0	0	0	1	0	0	0	0	0	0	0	0	0	0	0	0	0	0	0	0	0	0	0	2012.0	656.0	"H/E"	0.79	1.0	"W"	1.0	"G"	1	0.0	0.0	0.6142857	0.71428573	0.68686867	0.6531381	1.0	1.0	6.0	0.08396305625524769	0.0	0.0	0.0	0.0	0.0	1.0	0.0	0.0	0.0	0.0	0.0	0.0	0.0	0.0	0.0	0.0	0.0	1.0	"INC"	2	0.0	0.0	0.0	1.0	1.0	0.79
91	"W"	"INC"	"Female"	"Gulistan Ahrar Ahmed Shaikh"	30	"B.U.M.S."		"Yes"	0		1.1451E7		31	65	14	14	13	17	2014							54.642	51.592	63.666	63.251	51.371	69.652	83.29	78.203	76.339	52.1	52.225	53.275	48.916	65.954	13.4	23.7	45.63	56.125	59.58	67.36			0	2	0	0	0	0	1	0	0	1	1	0	0	0	0	0	0	0	0	1	0	0	0	0	0	0	0	0	0	0	4	1	1	0	0	0	0	0	0	0	0	0	0	0	1	0	0	0	0	0	0	0	0	0	0	0	0	0	0	0	0	0	1	1	0	0	0	0	0	0	0	0	0	0	0	0	0	0	0	0	0	0	0	2012.0	656.0	"H/E"	0.79	1.0	"W"	1.0	"G"	1	0.0	0.0	0.47692308	1.0	0.6304348	0.95425	1.0	1.0	16.4	3.301049795615013	0.0	0.0	0.0	0.0	0.0	0.13333334	0.26666668	0.0	0.06666667	0.06666667	0.26666668	0.06666667	0.0	0.0	0.0	0.13333334	0.0	15.0	"INC"	2	0.0	0.0	0.0	1.0	1.0	0.79
91	"W"	"INC"	"Female"	"Gulistan Ahrar Ahmed Shaikh"	31	"B.U.M.S."		"Yes"	0		3703000.0		36	79	8	15	14	24	2015							50.884	38.603	47.173	56.115	48.118	61.852	71.548	77.136	75.712	36.638	41.587	48.831	57.077	52.023	62.9	67.7	55.293335	51.1275	60.8225	66.845			0	1	0	0	0	0	1	0	0	2	0	0	1	0	0	0	0	0	0	0	0	1	0	0	0	0	0	1	0	0	2	1		0	0	0	0	0	0	0	0	0	0	0	0	0	0	0	0	0	0	0	0	0	0	0	1	0	0	0	0	0	1	0	0	0	0	0	0	0	0	0	0	0	0	0	0	0	0	0	1	0	0	2012.0	656.0	"H/E"	0.79	1.0	"W"	1.0	"G"	1	0.0	0.0	0.4556962	0.53333336	0.537037	0.61716664	1.0	1.0	16.692307692307693	3.159798678829821	0.07692308	0.0	0.0	0.0	0.07692308	0.07692308	0.30769232	0.0	0.0	0.0	0.15384616	0.0	0.07692308	0.0	0.07692308	0.07692308	0.07692308	13.0	"INC"	2	0.0	0.0	0.0	1.0	1.0	0.79
91	"W"	"INC"	"Female"	"Gulistan Ahrar Ahmed Shaikh"	32	"B.U.M.S."		"Yes"	0		5979928.0		50	74	14	17	14	18	2016							66.707	58.354	31.759	69.346	59.887	67.021	78.028	90.11	89.348	63.84	67.911	74.056	78.452	65.16	0.0	6.6	62.273335	70.335	76.13	67.59			0	1	0	0	0	0	1	0	0	0	1	0	1	0	0	0	0	1	0	0	0	1	0	0	0	0	0	1	0	0	0	0		0	0	0	0	0	0	0	0	0	0	0	0	0	0	0	0	0	0	0	0	0	0	0	1	0	0	0	0	0	4	3	0	0	0	0	0	0	0	0	0	0	0	0	0	0	0	0	0	0	0	2012.0	656.0	"H/E"	0.79	1.0	"W"	1.0	"G"	1	0.0	0.0	0.6756757	0.8235294	0.74285716	0.49832734	1.0	1.0	9.4	3.2175983180806336	0.06666667	0.0	0.0	0.0	0.06666667	0.46666667	0.13333334	0.06666667	0.06666667	0.0	0.0	0.0	0.0	0.0	0.06666667	0.0	0.06666667	15.0	"INC"	2	0.0	0.0	0.0	1.0	1.0	0.79
91	"OBC"	"SS"	"Male"	"Sagun Vasant Naik"	58	"SSC"		"Yes"	0		4868088.0		94	102	15	18	15	18	2018		22319	"7634"		"Congress"	"2634"	75.829	68.688	69.22	66.956		70.376	65.369	65.905	60.76	60.627	49.31	52.434	50.847	47.294	53.8	59.9	84.19334	43.9925	75.36	68.2675		44.641	0	0	0	0	0	0	0	0	0	1	0	0	0	0	0	0	0	0	0	0	0	0	0	0	0	0	0	0	0	1	1	0		0	0	0	0	0	0	0	0	0	0	0	0	0	0	0	0	0	0	0	0	0	0	0	0	0	0	0	0	0	0	0	0	0	0	0	0	0	0	0	0	0	0	0	0	0	0	0	0	0	0	2017.0	657.0	"H/E"	0.79	0.0		0.0	"OBC"	2	1.0	0.0	0.92156863	0.8333333	0.91851854	0.811348	0.0	1.0	7.7695	1.3421678559293237	0.0	0.0	0.0	0.0	0.0	0.0	0.33333334	0.0	0.0	0.0	0.6666667	0.0	0.0	0.0	0.0	0.0	0.0	3.0	"SS"	5	1.0	0.0	0.0			0.0
92		"SS"	"Male"	"Mohan Vithoba Lokegaonkar"									35	51	9	14	43	61	2011			"5574"		"INC"	"146"	62.01	63.943	60.152	61.714		61.978	59.171	59.986	59.097	58.715	57.886	58.253	58.348	57.36					63.595		121		0	1	0	0	0	1	0	0	0	1	2	0	1	0	0	0	2	1	0	0	0	0	0	0	0	0	0	2	0	0	1	0		0	0	0	0	0	0	0	0	0	0	0	0	0	0	0	0	0	0	0	0	0	1	0	0	0	0	0	0	0	0	0	0	0	0	0	0	0	0	0	0	0	0	0	0	1	0	0	2	0	0	2007.0	658.0	"H/W"	0.41	0.0		0.0			1.0		0.6862745	0.64285713	0.8055556				13.75	3.524352100089365	0.0625	0.125	0.0	0.0	0.0	0.0	0.25	0.0625	0.125	0.0	0.0625	0.0	0.125	0.0	0.125	0.0	0.0625	16.0	"SS"	5	1.0	0.0	0.0	0.0	0.0	0.0
92	"W"	"MNS"	"Female"	"Geeta Shrikrishna Chavan"	50	"Sixth"		"Yes"	0		5989680.0		50	70	11	14	15	19	2013			"7257"	"yes"	"Ind"	"654"	73.266	65.316	67.215	68.515	69.849	68.234	69.495	79.783	74.352	64.36	66.471	69.523	68.622	67.898	3.9	34.2	54.926666	64.44	74.46	60.6525			0	1	0	0	0	0	0	0	0	0	0	0	0	0	0	0	0	0	0	0	0	0	0	0	0	0	0	0	0	0	0	0		0	0	0	0	0	0	0	0	0	0	0	0	0	0	0	0	0	0	0	0	0	0	0	0	0	0	0	0	0	0	0	0	0	0	0	0	0	0	0	0	0	0	0	0	0	0	0	0	0	0	2012.0	659.0	"H/W"	0.41	1.0	"OBC-W"	1.0	"OBC"	2	1.0	0.0	0.71428573	0.78571427	0.7676768	0.99828	0.0	1.0	6.0	3.256644188813963	0.0	0.0	0.0	0.0	0.0	0.0	1.0	0.0	0.0	0.0	0.0	0.0	0.0	0.0	0.0	0.0	0.0	1.0	"MNS"	3	0.0	0.0	0.0	0.0	0.0	0.41
92	"W"	"MNS"	"Female"	"Geeta Shrikrishna Chavan"	51	"Sixth"		"Yes"	0		1.199E7		46	65	10	14	6	14	2014							67.296	60.089	58.196	74.643	65.957	76.115	75.089	87.964	90.602	46.922	54.873	70.099	69.869	72.586	30.0	41.7	66.78667	72.46	62.625	67.79			0	0	0	0	0	0	0	0	0	0	3	0	1	0	0	0	0	1	0	0	0	0	0	0	0	0	0	1	0	0	0	0		0	0	0	0	1	0	0	0	0	0	0	0	0	0	0	0	0	0	0	0	0	0	0	0	0	0	0	0	0	0	0	0	0	0	0	0	0	0	0	0	0	0	0	0	0	0	0	2	0	0	2012.0	659.0	"H/W"	0.41	1.0	"OBC-W"	1.0	"OBC"	2	1.0	0.0	0.7076923	0.71428573	0.7294118	0.99916667	0.0	1.0	8.0	2.097614247311828	0.11111111	0.0	0.0	0.0	0.0	0.0	0.0	0.11111111	0.33333334	0.0	0.0	0.11111111	0.22222222	0.0	0.11111111	0.0	0.0	9.0	"MNS"	3	0.0	0.0	0.0	0.0	0.0	0.41
92	"W"	"MNS"	"Female"	"Geeta Shrikrishna Chavan"	52	"Sixth"		"Yes"	0		5091000.0		45	79	10	15	10	19	2015							64.168	60.871	59.371	60.835	62.387	63.093	62.983	64.312	62.728	64.32	62.672	61.956	63.696	63.817	29.5	32.4	57.56333	65.145	69.695	67.075			0	1	0	0	0	0	0	0	0	1	2	0	0	0	0	0	0	0	0	0	0	0	0	0	0	0	0	0	0	0	0	0	1	0	0	0	0	0	0	0	0	0	0	0	0	0	0	0	0	0	0	0	0	0	0	0	0	0	0	0	0	0	0	0	0	0	0	0	0	0	0	0	0	0	0	0	0	0	0	0	1	0	0	2012.0	659.0	"H/W"	0.41	1.0	"OBC-W"	1.0	"OBC"	2	1.0	0.0	0.56962025	0.6666667	0.625	0.8485	0.0	1.0	12.0	3.1454375583930236	0.0	0.0	0.0	0.0	0.0	0.0	0.33333334	0.0	0.33333334	0.0	0.0	0.0	0.16666667	0.0	0.0	0.16666667	0.0	6.0	"MNS"	3	0.0	0.0	0.0	0.0	0.0	0.41
92	"W"	"MNS"	"Female"	"Geeta Shrikrishna Chavan"	53	"Sixth"		"Yes"	0		6407498.0		50	74	17	17	6	17	2016							82.505	66.152	78.548	89.689	80.734	86.467	86.981	94.897	90.527	68.749	73.032	83.126	86.558	88.017	0.0	64.6	63.886665	81.2525	68.8225	75.2675			0	0	0	0	0	0	0	0	0	0	0	0	0	0	0	0	0	0	0	0	0	0	0	0	0	0	0	0	0	0	0	0		0	0	0	0	0	2	0	0	0	0	0	0	0	0	0	0	0	0	0	0	0	0	0	0	0	0	0	0	0	0	0	0	0	0	0	0	0	0	0	0	0	0	0	0	0	0	0	2	0	0	2012.0	659.0	"H/W"	0.41	1.0	"OBC-W"	1.0	"OBC"	2	1.0	0.0	0.6756757	1.0	0.7525773	0.53395814	0.0	1.0	9.0	0.0	0.0	0.0	0.0	0.0	0.0	0.0	0.0	0.0	0.0	0.0	0.0	0.5	0.5	0.0	0.0	0.0	0.0	4.0	"MNS"	3	0.0	0.0	0.0	0.0	0.0	0.41
92	"W"	"AIMIM"	"Female"	"Gulnaz Mo. Salim Qureshi"	35	"Graduate"		"Yes"	0		5310190.0		52	102	5	18	0	0	2018		30436	"4882"		"Congress"	"1344"	38.4	29.003	20.882	52.837		71.507	79.196	68.215	69.7	72.419	59.55	67.354	74.453	32.614	34.3	7.7	57.806667	68.4425	80.05	51.2075		49.591	0	0	0	0	0	0	0	0	0	0	0	0	0	0	0	0	0	0	0	0	0	0	0	0	0	0	0	0	0	0	0	0		0	0	0	0	0	0	0	0	0	0	0	0	0	0	0	0	0	0	0	0	0	0	0	0	0	0	0	0	0	0	0	0	0	0	0	0	0	0	0	0	0	0	0	0	0	0	0	0	0	0	2017.0	660.0	"H/E"	0.79	1.0		1.0	"G"	1	0.0	0.0	0.50980395	0.2777778	0.475	0.88503164	1.0	1.0	0.0	0.0																		0.0	"_Other"	6	0.0	0.0	0.0			0.79
93		"BJP"	"Male"	"Ashish Babaji Shelar"									47	51	10	14	50	60	2011			"9335"		"INC"	"3020"	63.979	63.174	63.522	61.566		68.306	58.933	60.146	60.404	57.274	57.816	58.069	56.708	57.229					60.485		138		0	1	0	0	0	0	0	0	0	0	0	0	3	0	0	0	1	1	0	0	0	0	0	0	0	0	0	0	0	0	0	1	1	0	0	0	0	0	0	0	0	0	0	0	0	0	0	0	0	0	0	0	0	0	0	0	0	0	0	0	0	0	0	1	0	0	0	0	0	0	0	0	0	0	0	0	0	0	1	0	6	1	0	2007.0	661.0	"H/W"	0.41	0.0		0.0			1.0		0.92156863	0.71428573	0.93043476				10.235294117647058	2.6854334226988383	0.1764706	0.0	0.0	0.05882353	0.0	0.05882353	0.11764706	0.05882353	0.0	0.0	0.0	0.0	0.3529412	0.0	0.05882353	0.11764706	0.0	17.0	"BJP"	1	0.0	0.0	0.0	0.0	0.0	0.0
93	"W"	"BJP"	"Female"	"Alka Subhash Kerkar"	60	"B.Sc."		"Yes"	0		5576304.5		48	70	13	14	20	29	2013			"9922"		"Congress"	"2512"	78.315	70.665	70.983	79.155	76.105	78.013	79.105	77.612	74.376	68.262	70.148	68.836	71.483	70.709	4.3	41.1	60.71	75.4275	80.2725	67.65			0	1	0	0	0	0	0	0	0	0	0	0	0	0	0	0	0	0	0	0	0	0	0	0	0	0	0	1	0	1	0	0		1	0	0	0	0	0	0	0	0	0	0	0	0	0	0	0	0	0	0	0	0	0	0	0	1	0	1	0	0	0	0	0	0	0	0	0	0	0	0	0	0	0	0	0	0	0	0	2	0	0	2012.0	662.0	"H/W"	0.41	1.0	"W"	1.0	"G"	1	0.0	0.0	0.6857143	0.9285714	0.77884614	0.9293841	1.0	1.0	15.0	3.809004363347878	0.0	0.0	0.0	0.125	0.125	0.0	0.125	0.0	0.0	0.125	0.125	0.0	0.25	0.0	0.125	0.0	0.0	8.0	"BJP"	1	0.0	0.0	0.0	0.0	0.0	0.41
93	"W"	"BJP"	"Female"	"Alka Subhash Kerkar"	61	"B.Sc."		"Yes"	0		1.1576E7		51	65	11	14	13	24	2014							63.817	59.08	55.206	59.762	58.223	65.456	67.442	72.765	72.15	51.477	50.728	57.667	57.577	55.479	34.2	53.0	57.893333	62.7525	51.3025	68.4175			0	1	0	0	0	0	0	0	0	1	1	0	0	0	0	0	0	0	0	0	0	0	0	0	0	0	0	0	0	0	1	0		0	0	0	0	0	0	0	0	0	0	0	0	0	0	0	0	0	0	0	0	0	0	0	0	3	0	0	0	0	0	0	0	0	0	0	0	0	0	0	0	0	0	0	0	0	0	1	6	0	0	2012.0	662.0	"H/W"	0.41	1.0	"W"	1.0	"G"	1	0.0	0.0	0.7846154	0.78571427	0.8152174	0.96466666	1.0	1.0	9.857142857142858	1.9300835253456219	0.0	0.0	0.071428575	0.0	0.21428572	0.0	0.14285715	0.0	0.071428575	0.0	0.071428575	0.0	0.42857143	0.0	0.0	0.0	0.0	14.0	"BJP"	1	0.0	0.0	0.0	0.0	0.0	0.41
93	"W"	"BJP"	"Female"	"Alka Subhash Kerkar"	62	"B.Sc."		"Yes"	0		4395000.0		62	79	7	15	7	19	2015							67.704	67.063	65.015	67.618	66.422	71.203	74.764	80.786	75.392	58.685	60.737	64.43	65.187	65.45	11.9	66.1	54.58	70.0675	61.7225	61.3625			0	1	0	0	0	0	0	0	0	0	1	0	0	0	0	0	1	0	0	0	0	0	0	0	0	0	0	0	0	0	0	0		0	0	0	0	0	0	0	0	0	0	0	0	0	0	0	0	0	0	0	0	0	0	0	0	0	0	0	0	0	0	0	0	0	0	0	0	0	0	0	0	0	0	0	0	0	0	0	0	0	0	2012.0	662.0	"H/W"	0.41	1.0	"W"	1.0	"G"	1	0.0	0.0	0.7848101	0.46666667	0.75247526	0.7325	1.0	1.0	12.0	2.195577701650576	0.0	0.0	0.0	0.0	0.0	0.0	0.6666667	0.0	0.33333334	0.0	0.0	0.0	0.0	0.0	0.0	0.0	0.0	3.0	"BJP"	1	0.0	0.0	0.0	0.0	0.0	0.41
93	"W"	"BJP"	"Female"	"Alka Subhash Kerkar"	63	"B.Sc."		"Yes"	0		6966205.0		68	74	12	17	0	0	2016							61.557	43.82	50.397	74.806	68.443	62.354	67.747	83.523	75.2	39.406	43.33	50.485	56.372	58.234	2.0	40.2	51.306667	88.97	58.5	72.0575			0	0	0	0	0	0	0	0	0	2	1	0	0	0	0	0	1	0	0	0	0	0	0	1	0	0	0	1	0	2	0	0		0	0	0	0	0	0	0	0	0	0	0	0	0	0	0	0	0	0	0	0	0	0	0	0	0	0	0	0	0	0	0	0	0	0	0	0	0	0	0	0	0	0	0	0	0	0	0	10	0	0	2012.0	662.0	"H/W"	0.41	1.0	"W"	1.0	"G"	1	0.0	0.0	0.9189189	0.7058824	0.8791209	0.58051705	1.0	1.0	12.0	3.4361993102628134	0.0	0.0	0.0	0.0	0.0	0.0	0.16666667	0.0	0.055555556	0.0	0.16666667	0.0	0.5555556	0.0	0.055555556	0.0	0.0	18.0	"BJP"	1	0.0	0.0	0.0	0.0	0.0	0.41
93	"SC-W"	"SS"	"Female"	"Rohini Yogesh Kamble"	36	"Graduate"		"Yes"	0		5481954.0		99	102	17	18	16	16	2018		30049	"9986"		"congress"	"7238"	77.49	64.978	72.416	73.28		73.171	69.467	75.229	72.371	53.28	48.936	47.552	55.473	45.024	93.3	100.0	93.793335	45.0425	96.805	75.2725		46.272	0	0	0	0	0	0	3	0	0	0	0	0	0	0	1	0	0	0	0	0	0	0	0	0	0	0	0	2	0	0	2	0		0	0	0	0	0	0	0	0	0	0	0	0	0	0	0	0	0	0	0	0	0	0	0	0	0	0	0	0	11	4	1	0	0	0	0	0	0	0	0	0	0	0	0	0	0	0	0	2	0	0	2017.0	663.0	"H/E"	0.79	1.0		1.0	"SCST"	3	1.0	0.0	0.9705882	0.9444444	0.9705882	0.913659	1.0	1.0	11.250076923076923	2.489917120950228	0.0	0.0	0.0	0.0	0.0	0.61538464	0.15384616	0.0	0.0	0.0	0.07692308	0.0	0.07692308	0.0	0.07692308	0.0	0.0	26.0	"SS"	5	1.0	0.0	0.0			0.79
94		"IND"	"Male"	"Vilas Sitaram Chavari"									50	51	9	14	65	71	2011			"4340"		"INC"	"212"	63.455	64.826	62.615	62.586		59.037	57.784	58.207	56.668	58.865	55.536	57.929	56.089	53.818					58.93		121		0	0	0	0	0	0	0	0	0	0	0	0	1	0	0	0	0	0	0	0	0	0	0	0	0	0	0	1	0	0	0	0		0	0	0	0	0	0	0	0	0	0	0	0	0	0	0	0	0	0	0	0	0	0	0	0	0	0	0	0	0	0	0	0	0	0	0	0	0	0	0	0	0	0	0	0	0	0	0	1	1	0	2007.0	664.0	"H/W"	0.41	0.0		0.0			1.0		0.98039216	0.64285713	0.95384616				13.5	1.0142984807864166	0.25	0.0	0.0	0.0	0.0	0.0	0.0	0.0	0.0	0.0	0.0	0.0	0.25	0.0	0.5	0.0	0.0	4.0	"_Other"	6	0.0	0.0	0.0	0.0	0.0	0.0
94	"W"	"INC"	"Female"	"Sunita Suresh Wavekar"	35	"T.Y.B.Com"		"Yes"	0		5999996.5		41	70	14	14	14	25	2013			"7495"		"SS"	"1613"	69.457	54.601	67.368	77.317	61.427	79.894	82.103	83.359	82.969	57.078	65.686	67.847	72.048	66.297	71.5	74.9	76.50667	70.8675	81.5325	70.415			0	0	0	0	0	0	0	0	0	0	0	0	0	0	0	0	0	0	0	0	0	0	0	0	0	0	0	0	0	0	0	0		0	0	0	0	0	0	0	0	0	0	0	0	0	0	0	0	0	0	0	0	0	0	0	0	0	0	0	0	0	0	0	0	0	0	0	0	0	0	0	0	0	0	0	0	0	0	0	0	0	0	2012.0	665.0	"H/W"	0.41	1.0	"W"	1.0	"G"	1	0.0	0.0	0.5857143	1.0	0.70408165	0.9999994	1.0	1.0	0.0	0.0																		0.0	"INC"	2	0.0	0.0	0.0	0.0	0.0	0.41
94	"W"	"INC"	"Female"	"Sunita Suresh Wavekar"	36	"T.Y.B.Com"		"Yes"	0		1.1961E7		36	65	12	14	4	14	2014							65.953	61.329	63.958	61.261	61.124	67.988	68.164	73.301	71.81	50.158	47.333	49.194	51.351	57.208	0.4	15.1	53.16	64.45	66.2525	62.6225			0	0	0	0	0	0	0	0	0	0	0	0	0	0	0	0	0	0	0	0	0	0	0	0	0	0	0	0	0	2	0	0		0	0	0	0	0	0	0	0	0	0	0	0	0	0	0	0	0	0	0	0	0	0	0	0	0	0	0	0	0	0	0	0	0	0	0	0	0	0	0	0	0	0	0	0	0	0	0	0	0	0	2012.0	665.0	"H/W"	0.41	1.0	"W"	1.0	"G"	1	0.0	0.0	0.5538462	0.85714287	0.62650603	0.99675	1.0	1.0	8.0	0.4788306451612903	0.0	0.0	0.0	0.0	0.0	0.0	0.0	0.0	0.0	0.0	1.0	0.0	0.0	0.0	0.0	0.0	0.0	2.0	"INC"	2	0.0	0.0	0.0	0.0	0.0	0.41
94	"W"	"INC"	"Female"	"Sunita Suresh Wavekar"	37	"T.Y.B.Com"		"Yes"	0		4609000.0		43	79	12	15	14	34	2015							65.065	53.199	59.197	88.619	73.137	81.989	83.031	85.729	85.261	43.532	48.074	61.88	71.199	72.21	49.8	83.1	63.81333	74.9575	86.3225	71.84			0	0	0	0	0	0	1	0	0	0	0	0	0	0	1	0	0	0	0	0	0	0	0	0	0	0	0	0	0	1	1	0	1	0	0	0	0	0	0	0	0	0	0	0	0	0	0	0	0	0	0	0	0	0	0	0	0	0	0	0	0	0	1	0	0	0	0	0	0	0	0	0	0	0	0	0	0	0	0	0	0	0	0	2012.0	665.0	"H/W"	0.41	1.0	"W"	1.0	"G"	1	0.0	0.0	0.5443038	0.8	0.6388889	0.76816666	1.0	1.0	14.0	3.238866396761134	0.0	0.0	0.0	0.0	0.0	0.16666667	0.33333334	0.0	0.0	0.0	0.33333334	0.0	0.0	0.0	0.0	0.16666667	0.0	6.0	"INC"	2	0.0	0.0	0.0	0.0	0.0	0.41
94	"W"	"INC"	"Female"	"Sunita Suresh Wavekar"	38	"T.Y.B.Com"		"Yes"	0		6500692.5		54	74	14	17	14	31	2016							54.338	47.438	47.232	67.064	59.488	64.539	70.195	71.306	59.388	50.197	58.883	60.297	57.368	60.802	52.5	59.6	72.38333	74.7425	82.22	69.5875			0	2	0	0	0	0	1	0	1	0	0	0	0	0	0	0	0	0	0	0	0	0	0	0	0	0	0	1	0	0	0	1		0	0	0	0	0	0	0	0	0	0	0	0	0	0	0	0	0	0	0	0	0	0	0	0	0	0	0	0	0	0	0	0	0	0	0	0	0	0	0	0	0	0	0	0	0	0	0	0	0	0	2012.0	665.0	"H/W"	0.41	1.0	"W"	1.0	"G"	1	0.0	0.0	0.7297297	0.8235294	0.7809524	0.5417244	1.0	1.0	14.0	5.890712332025211	0.0	0.0	0.0	0.0	0.0	0.0	0.6666667	0.0	0.0	0.0	0.0	0.0	0.0	0.0	0.16666667	0.16666667	0.0	6.0	"INC"	2	0.0	0.0	0.0	0.0	0.0	0.41
94	"W"	"SS"	"Female"	"Pradnya Deepak Bhutkar"	53	"Graduate"		"Yes"	0		5284639.0		99	102	18	18	29	29	2018		24001	"8617"		"MNS"	"1675"	41.095	51.991	48.285	70.646		55.298	57.116	89.382	85.412	47.543	46.532	49.15	47.45	42.149	74.5	43.7	77.44334	56.4725	69.17	62.7075		39.825	0	4	0	0	0	0	2	0	0	0	0	0	0	0	0	0	0	1	0	0	0	0	0	1	0	0	0	2	0	1	0	2	1	0	0	0	0	0	0	0	0	0	0	0	0	0	0	0	0	0	0	0	0	0	0	28	3	4	0	0	0	0	0	0	0	0	0	0	0	0	0	0	0	0	0	0	0	0	0	0	0	0	0	2017.0	666.0	"H/E"	0.79	1.0		1.0	"G"	1	0.0	0.0	0.9705882	1.0	0.9798658	0.8807732	1.0	1.0	10.69038775510204	2.2261984803464405	0.0	0.0	0.0	0.0	0.71428573	0.0	0.12244898	0.020408163	0.0	0.0	0.040816326	0.0	0.0	0.0	0.040816326	0.06122449	0.0	49.0	"SS"	5	1.0	0.0	0.0			0.79
95	"W"	"INC"	"Female"	"Kavita Harvey Rodricks"									18	51	8	14	33	60	2011			"6814"		"BJP"	"2930"	64.157	66.385	62.467	63.125		65.784	59.129	60.556	61.252	61.109	61.61	59.292	58.827	58.811					66.0725		133		0	0	0	0	0	0	0	0	0	0	0	0	1	0	0	0	0	0	0	0	0	0	0	0	0	0	0	0	0	0	0	0		0	0	0	0	0	0	0	0	0	0	0	0	0	0	0	0	0	0	0	0	0	0	0	6	0	0	0	0	0	0	0	0	0	0	0	0	0	0	0	0	0	0	0	0	0	0	0	1	0	0	2007.0	667.0	"H/W"	0.41	1.0		1.0	"G"	1	0.0		0.3529412	0.5714286	0.6020408				6.0	0.044682752457551385	0.125	0.0	0.0	0.0	0.75	0.0	0.0	0.0	0.0	0.0	0.0	0.0	0.125	0.0	0.0	0.0	0.0	8.0	"INC"	2	0.0	0.0	0.0	0.0	0.0	0.41
95		"INC"	"Male"	"Asif Ahmed Zakaria"	42	"B.Com"		"Yes"	0		6000000.0		65	70	14	14	78	93	2013			"7954"		"BJP"	"1921"	73.668	58.517	72.232	80.216	57.653	82.39	84.022	84.449	85.651	56.519	64.197	72.491	77.343	70.023	55.5	55.5	76.32333	70.5575	81.0875	69.615			0	0	0	0	0	0	0	0	0	0	1	0	3	0	0	0	0	0	0	0	0	0	0	0	0	0	0	2	0	2	1	0	1	4	0	0	0	0	0	0	0	0	0	0	0	0	0	0	0	0	0	0	0	0	0	0	0	0	0	0	0	0	0	0	0	0	0	0	0	0	0	1	0	0	0	0	0	0	0	0	0	0	0	2012.0	668.0	"H/W"	0.41	0.0	"G"	0.0	"G"	1	0.0	0.0	0.9285714	1.0	0.9691358	1.0	1.0	1.0	14.0	2.8044426814756047	0.2	0.0	0.0	0.26666668	0.0	0.0	0.0	0.0	0.06666667	0.0	0.2	0.0	0.0	0.06666667	0.13333334	0.06666667	0.0	15.0	"INC"	2	0.0	0.0	0.0	0.0	0.0	0.0
95		"INC"	"Male"	"Asif Ahmed Zakaria"	43	"B.Com"		"Yes"	0		1.199E7		63	65	12	14	118	124	2014							60.426	64.998	56.733	64.586	59.79	62.557	62.572	76.851	76.562	54.827	61.402	55.823	61.746	62.037	32.5	38.7	60.856667	69.085	66.035	61.63			0	0	0	0	0	0	0	0	0	1	0	0	0	0	2	0	0	0	0	0	1	0	0	0	0	0	0	0	0	2	0	0		0	0	0	0	0	0	0	0	0	0	0	0	0	0	0	0	0	0	0	0	0	0	0	0	0	0	0	0	0	0	0	0	1	0	0	0	0	0	0	0	0	0	0	0	0	1	0	1	0	0	2012.0	668.0	"H/W"	0.41	0.0	"G"	0.0	"G"	1	0.0	0.0	0.9692308	0.85714287	0.97969544	0.99916667	1.0	1.0	14.0	0.5720766129032259	0.0	0.0	0.0	0.11111111	0.0	0.0	0.33333334	0.0	0.0	0.0	0.22222222	0.0	0.11111111	0.0	0.0	0.0	0.22222222	9.0	"INC"	2	0.0	0.0	0.0	0.0	0.0	0.0
95		"INC"	"Male"	"Asif Ahmed Zakaria"	44	"B.Com"		"Yes"	0		3833000.0		61	79	14	15	152	181	2015							72.966	62.886	62.757	69.977	62.973	66.437	65.091	67.142	67.247	63.974	62.521	61.199	62.032	63.323	30.8	55.8	68.29667	72.3625	60.285	76.4825			1	0	0	0	0	0	0	0	0	3	2	0	2	0	0	0	1	0	0	0	0	0	0	0	0	0	0	0	0	3	0	0	1	0	0	0	0	0	0	0	0	0	0	0	0	0	0	0	0	0	0	0	0	0	0	0	0	0	0	0	0	0	0	0	0	1	0	0	0	0	0	0	0	0	0	0	0	1	0	0	3	0	0	2012.0	668.0	"H/W"	0.41	0.0	"G"	0.0	"G"	1	0.0	0.0	0.7721519	0.93333334	0.92276424	0.63883334	1.0	1.0	15.0	2.563064465898474	0.11111111	0.055555556	0.0	0.0	0.0	0.0	0.22222222	0.0	0.11111111	0.0	0.16666667	0.0	0.16666667	0.0	0.0	0.055555556	0.11111111	18.0	"INC"	2	0.0	0.0	0.0	0.0	0.0	0.0
95		"INC"	"Male"	"Asif Ahmed Zakaria"	45	"B.Com"		"Yes"	0		7375345.5		70	74	17	17	142	154	2016							74.701	71.99	74.438	79.275	73.192	77.729	77.107	75.973	75.878	77.621	79.374	78.961	78.55	78.239	0.0	11.3	51.89	73.2025	82.8925	56.4425			1	1	0	0	0	0	0	0	0	0	2	0	6	0	0	1	1	0	0	0	0	0	0	0	0	0	0	2	0	0	0	2	3	0	0	0	0	0	0	0	0	0	0	0	0	0	0	0	0	0	0	0	0	0	0	0	0	0	0	0	0	1	0	0	0	1	0	0	0	0	0	1	0	0	0	0	0	0	0	0	2	0	0	2012.0	668.0	"H/W"	0.41	0.0	"G"	0.0	"G"	1	0.0	0.0	0.9459459	1.0	0.9828326	0.6146121	1.0	1.0	13.5	3.091855365050051	0.25	0.0	0.0	0.0	0.0	0.041666668	0.125	0.0	0.083333336	0.0	0.0	0.0	0.083333336	0.041666668	0.083333336	0.20833333	0.083333336	24.0	"INC"	2	0.0	0.0	0.0	0.0	0.0	0.0
95	"G"	"SS"	"Male"	"Chandrashekhar Vasudeo Waingankar"	49	"D.Pharm"		"Yes"	0		4762781.0		94	102	15	18	19	24	2018		25556	"6426"		"BJP"	"897"	52.408	55.25	59.649	70.912		76.407	73.356	85.701	77.154	40.517	52.557	47.391	67.488	64.411	66.7	13.8	56.166668	51.525	79.41	75.2225		58.797	0	1	0	0	0	0	0	0	0	0	2	0	0	0	0	0	0	0	0	0	0	0	0	0	0	0	0	0	0	0	0	0		0	0	0	0	0	0	0	0	0	0	0	0	0	0	0	0	0	0	0	0	0	0	0	0	0	0	0	0	0	0	0	0	0	0	0	0	0	0	0	0	0	0	0	0	0	0	0	2	0	0	2017.0	669.0	"H/E"	0.79	0.0		0.0	"G"	1	0.0	0.0	0.92156863	0.8333333	0.92086333	0.79379684	1.0	1.0	4.71	2.9833503227998643	0.0	0.0	0.0	0.0	0.0	0.0	0.2	0.0	0.4	0.0	0.0	0.0	0.4	0.0	0.0	0.0	0.0	5.0	"SS"	5	1.0	0.0	0.0			0.0
96		"INC"	"Male"	"Asif Ahmed Zakaria"									36	51	14	14	8	15	2011			"6882"		"BJP"	"1701"	64.212	59.174	58.904	58.724		60.973	57.785	57.1	56.936	58.105	57.043	55.332	56.037	56.529					58.925		124		0	0	0	0	0	0	0	0	0	0	0	0	1	0	0	0	1	0	0	0	0	0	0	0	0	0	0	0	0	0	0	0		0	0	0	0	0	0	0	0	0	0	0	0	0	0	0	0	0	0	0	0	0	0	0	0	0	0	0	0	0	0	0	0	0	0	0	0	0	0	0	0	0	0	0	0	0	0	0	1	0	0	2007.0	670.0	"H/W"	0.41	0.0		0.0			1.0		0.7058824	1.0	0.79452056				12.0	0.044682752457551385	0.33333334	0.0	0.0	0.0	0.0	0.0	0.33333334	0.0	0.0	0.0	0.0	0.0	0.33333334	0.0	0.0	0.0	0.0	3.0	"INC"	2	0.0	0.0	0.0	0.0	0.0	0.0
96	"W"	"INC"	"Female"	"Karen Cecilia  Allen D'mello"	47	"B.A."	"L.L.B."	"Yes"	0		5990409.0		51	70	11	14	13	18	2013			"10765"		"BJP"	"3749"	74.046	71.724	72.106	80.428	77.206	80.675	83.108	85.756	85.964	70.838	72.872	75.509	80.396	73.402	20.2	19.3	54.496666	66.5625	77.97	59.9725			0	0	0	0	0	0	0	0	0	0	0	0	0	0	0	0	0	0	0	0	1	0	0	0	0	0	0	0	0	0	0	0		0	0	0	0	0	0	0	0	0	0	0	0	0	0	0	0	0	0	0	0	0	0	0	0	0	0	0	0	0	0	0	0	0	0	0	0	0	0	0	0	0	0	0	0	0	0	0	0	0	0	2012.0	671.0	"H/W"	0.41	1.0		1.0			1.0	0.0	0.7285714	0.78571427	0.77319586	0.9984015	1.0	1.0	8.0	0.10313367711225704	0.0	0.0	0.0	0.0	0.0	0.0	0.0	0.0	0.0	0.0	0.0	0.0	0.0	0.0	0.0	0.0	1.0	1.0	"INC"	2	0.0	0.0	0.0	0.0	0.0	0.41
96	"W"	"INC"	"Female"	"Karen Cecilia  Allen D'mello"	48	"B.A."	"L.L.B."	"Yes"	0		1.199E7		47	65	9	14	10	17	2014							71.65	67.735	69.104	74.481	68.304	77.405	76.319	90.96	88.828	64.161	63.0	63.363	66.288	70.14	5.8	14.5	43.423332	46.595	49.67	68.995			0	0	0	0	0	0	0	0	0	0	0	0	0	0	0	0	0	0	0	0	0	0	0	0	0	0	0	0	0	0	0	0		0	0	0	0	0	0	0	0	0	0	0	0	0	0	0	0	0	0	0	0	0	0	0	0	0	0	0	0	0	0	0	0	0	0	0	0	0	0	0	0	0	0	0	0	0	0	0	2	0	0	2012.0	671.0	"H/W"	0.41	1.0		1.0			1.0	0.0	0.72307694	0.64285713	0.74157304	0.99916667	1.0	1.0	6.0	0.0	0.0	0.0	0.0	0.0	0.0	0.0	0.0	0.0	0.0	0.0	0.0	0.0	1.0	0.0	0.0	0.0	0.0	2.0	"INC"	2	0.0	0.0	0.0	0.0	0.0	0.41
96	"W"	"INC"	"Female"	"Karen Cecilia  Allen D'mello"	49	"B.A."	"L.L.B."	"Yes"	0		4920000.0		50	79	15	15	17	24	2015							64.268	53.667	50.943	60.117	54.877	70.879	73.52	77.919	76.874	51.66	52.358	52.383	63.389	57.819	6.6	39.9	56.193333	69.29	61.85	67.66			0	2	0	0	0	0	0	0	0	0	0	0	0	0	0	0	0	0	0	0	0	0	0	0	0	0	0	0	0	0	0	0		0	0	0	0	0	0	0	0	0	0	0	0	0	0	0	0	0	0	0	0	0	0	0	0	0	0	0	0	1	0	0	0	0	0	0	0	0	0	0	0	0	0	0	0	0	0	0	0	0	0	2012.0	671.0	"H/W"	0.41	1.0		1.0			1.0	0.0	0.6329114	1.0	0.7387387	0.82	1.0	1.0	6.0	1.641233260666459	0.0	0.0	0.0	0.0	0.0	0.33333334	0.6666667	0.0	0.0	0.0	0.0	0.0	0.0	0.0	0.0	0.0	0.0	3.0	"INC"	2	0.0	0.0	0.0	0.0	0.0	0.41
96	"W"	"INC"	"Female"	"Karen Cecilia  Allen D'mello"	50	"B.A."	"L.L.B."	"Yes"	0		6368419.5		65	74	15	17	16	18	2016							74.091	67.842	73.223	74.834	64.836	76.881	75.378	75.704	76.677	75.486	75.495	75.496	76.787	76.032	0.0	0.0	49.456665	72.85	84.9475	49.995			0	0	0	0	0	0	0	0	0	1	0	0	0	0	0	0	0	0	0	0	0	0	0	0	0	0	0	0	0	0	0	0		0	0	0	0	0	0	0	0	0	0	0	0	0	0	0	0	0	0	0	0	0	0	0	0	0	0	0	0	1	0	1	0	0	0	0	0	0	0	0	0	0	0	0	0	0	0	0	5	0	0	2012.0	671.0	"H/W"	0.41	1.0		1.0			1.0	0.0	0.8783784	0.88235295	0.89719623	0.53070164	1.0	1.0	8.25	0.19978594363182306	0.0	0.0	0.0	0.0	0.0	0.25	0.125	0.0	0.0	0.0	0.0	0.0	0.625	0.0	0.0	0.0	0.0	8.0	"INC"	2	0.0	0.0	0.0	0.0	0.0	0.41
96	"G"	"SS"	"Male"	"Mohammed Halim Mohammed Shamim Khan"	37	"HSC"		"Yes"	0		4875182.5		69	102	10	18	6	18	2018		29773	"4052"		"Congress"	"371"	54.463	57.994	55.395	64.018		68.472	79.656	64.618	67.666	45.809	48.892	54.947	63.921	50.381	40.8	17.2	56.7	68.105	61.9175	69.6075		60.334	0	0	0	0	0	0	0	0	0	0	1	0	0	0	0	0	0	0	0	0	0	0	0	0	0	0	0	0	0	1	2	0		0	0	0	0	0	0	0	0	0	0	0	0	0	0	0	0	0	0	0	0	0	0	0	0	0	0	0	0	0	0	0	0	0	0	0	0	0	0	0	0	0	0	0	0	0	0	0	0	0	0	2017.0	672.0	"H/E"	0.79	0.0		0.0	"G"	1	0.0	0.0	0.6764706	0.5555556	0.67460316	0.8125304	0.0	1.0	8.597999999999999	2.18144750254842	0.0	0.0	0.0	0.0	0.0	0.0	0.0	0.0	0.25	0.0	0.75	0.0	0.0	0.0	0.0	0.0	0.0	4.0	"SS"	5	1.0	0.0	0.0			0.0
97		"IND"	"Male"	"Rahebar Khan"									6	51	14	14	8	27	2011			"5870"		"INC"	"586"	66.397	66.431	65.036	62.677		68.02	63.641	61.782	61.039	60.696	61.179	60.982	62.3	61.332					69.29		111		0	2	0	0	0	0	0	0	1	0	0	0	0	0	0	0	2	0	0	0	0	0	0	0	0	0	0	4	0	0	0	0		0	0	0	0	0	0	0	0	0	0	0	0	0	0	0	0	0	0	0	0	0	0	0	0	0	0	0	0	0	0	0	0	0	0	0	0	0	0	0	0	0	0	0	0	1	1	0	1	0	0	2007.0	673.0	"H/W"	0.41	0.0		0.0			1.0		0.11764706	1.0	0.38356164				14.0	4.302949061662198	0.0	0.083333336	0.0	0.083333336	0.0	0.0	0.41666666	0.0	0.0	0.0	0.0	0.0	0.083333336	0.0	0.33333334	0.0	0.0	12.0	"_Other"	6	0.0	0.0	0.0	0.0	0.0	0.0
97		"INC"	"Male"	"Mohammed Tanveer Mohammed Ali Patel"	34	"HSC"		"Yes"	0		5876773.0		39	70	12	14	20	29	2013			"9324"		"Ind"	"5921"	76.321	73.295	73.29	73.476	76.378	78.104	76.944	88.845	78.889	62.982	72.095	77.974	76.179	74.335	7.8	20.1	85.956665	69.1	80.63	63.635			0	0	0	0	0	0	1	0	0	0	0	0	0	0	0	0	0	0	0	0	0	0	0	0	0	0	0	1	0	0	0	0		0	0	0	0	0	0	0	0	0	0	0	0	0	0	0	0	0	0	0	0	0	0	0	0	0	0	0	0	0	0	0	0	0	0	0	0	0	0	0	0	0	0	0	0	0	0	0	1	0	0	2012.0	674.0	"H/W"	0.41	0.0	"OBC"	0.0	"OBC"	2	1.0	0.0	0.55714285	0.85714287	0.6826923	0.97946215	0.0	1.0	14.0	3.8873462911543037	0.0	0.0	0.0	0.0	0.0	0.0	0.33333334	0.0	0.0	0.0	0.0	0.0	0.33333334	0.0	0.33333334	0.0	0.0	3.0	"INC"	2	0.0	0.0	0.0	0.0	0.0	0.0
97		"INC"	"Male"	"Mohammed Tanveer Mohammed Ali Patel"	35	"HSC"		"Yes"	0		1.1875E7		32	65	11	14	11	24	2014							50.61	56.264	50.823	49.791	56.101	54.56	54.728	55.562	56.007	51.279	50.212	47.986	53.427	53.066	3.6	14.6	62.636665	60.4825	68.925	57.305			0	0	0	0	0	0	0	0	0	0	0	0	0	0	0	0	0	0	0	0	0	0	0	0	0	0	0	0	0	1	0	0		0	0	0	0	0	0	0	0	0	0	0	0	0	0	0	0	0	0	0	0	0	0	0	0	0	0	0	0	0	0	0	0	0	0	0	0	0	0	0	0	0	0	0	0	0	0	0	1	0	0	2012.0	674.0	"H/W"	0.41	0.0	"OBC"	0.0	"OBC"	2	1.0	0.0	0.4923077	0.78571427	0.6	0.9895833	0.0	1.0	14.0	0.4788306451612903	0.0	0.0	0.0	0.0	0.0	0.0	0.0	0.0	0.0	0.0	0.5	0.0	0.5	0.0	0.0	0.0	0.0	2.0	"INC"	2	0.0	0.0	0.0	0.0	0.0	0.0
97		"INC"	"Male"	"Mohammed Tanveer Mohammed Ali Patel"	36	"HSC"		"Yes"	0		4421000.0		6	79	6	15	4	22	2015							90.374	39.061	40.373	73.385	48.577	67.734	70.989	82.015	78.456	48.833	44.692	54.336	54.336	52.032	13.2	13.6	62.64	69.1225	62.745	74.37			0	0	0	0	0	0	0	0	0	0	0	0	0	0	0	0	0	0	0	0	0	0	0	0	0	0	0	0	0	0	0	0		0	0	0	0	0	0	0	0	0	0	0	0	0	0	0	0	0	0	0	0	0	0	0	0	0	0	0	0	0	0	0	0	0	0	0	0	0	0	0	0	0	0	0	0	0	0	0	0	0	0	2012.0	674.0	"H/W"	0.41	0.0	"OBC"	0.0	"OBC"	2	1.0	0.0	0.07594936	0.4	0.1632653	0.73683333	0.0	1.0	0.0	0.0																		0.0	"INC"	2	0.0	0.0	0.0	0.0	0.0	0.0
97		"INC"	"Male"	"Mohammed Tanveer Mohammed Ali Patel"	37	"HSC"		"Yes"	0		6506681.0		24	74	10	17	2	18	2016							80.008	71.24	73.843	80.967	73.843	73.295	75.213	75.761	77.268	75.624	75.761	75.898	78.638	77.953	27.4	54.8	65.30334	74.6575	79.9375	74.665			0	0	0	0	0	0	0	0	0	0	1	0	0	0	0	0	0	0	0	0	0	0	0	0	0	0	0	0	0	0	0	0		0	0	0	0	0	0	0	0	0	0	0	0	0	0	0	0	0	0	0	0	0	0	0	0	0	0	0	0	0	0	0	0	0	0	0	0	0	0	0	0	0	0	0	0	0	0	0	1	0	0	2012.0	674.0	"H/W"	0.41	0.0	"OBC"	0.0	"OBC"	2	1.0	0.0	0.3243243	0.5882353	0.38709676	0.5422234	0.0	1.0	6.0	0.624331073849447	0.0	0.0	0.0	0.0	0.0	0.0	0.0	0.0	0.5	0.0	0.0	0.0	0.5	0.0	0.0	0.0	0.0	2.0	"INC"	2	0.0	0.0	0.0	0.0	0.0	0.0
97	"G"	"BJP"	"Female"	"Hetal Vimal Gala"	41	"Upto Ninth"		"Yes"	0		5560728.0		74	102	16	18	14	24	2018		28242	"9244"		"SS"	"5120"	73.582	68.183	73.381	67.597		74.405	69.626	73.578	64.584	50.467	54.616	45.654	44.79	45.778	80.3	80.3	82.57667	56.835	93.845	58.4675		42.862	0	0	0	0	0	0	0	0	0	1	1	0	0	0	0	0	0	1	0	0	0	0	0	0	0	0	0	0	0	0	0	0		0	0	0	0	0	0	0	0	0	0	0	0	0	0	0	0	0	1	0	0	0	0	0	0	0	0	0	0	0	0	0	0	0	0	0	0	0	0	0	0	0	0	0	0	0	0	0	2	0	0	2017.0	675.0	"H/W"	0.41	1.0		0.0	"G"	1	0.0	0.0	0.7254902	0.8888889	0.7761194	0.926788	0.0	1.0	7.056	1.1084207694377186	0.0	0.0	0.0	0.0	0.0	0.0	0.33333334	0.16666667	0.16666667	0.0	0.0	0.0	0.33333334	0.0	0.0	0.0	0.0	6.0	"BJP"	1	0.0	0.0	0.0			0.0
98		"BJP"	"Male"	"Vishwanath Shankar Maske "									38	51	14	18	21	27	2011			"9859"		"INC"	"5192"	75.844	73.366	72.855	72.458		74.58	72.492	72.302	71.615	71.896	71.0	71.786	71.891	71.474					61.1825		127		0	0	0	0	0	0	2	0	0	1	0	1	0	0	0	1	2	0	0	0	0	0	0	0	0	0	0	5	0	0	0	2	1	0	0	1	0	0	0	0	0	0	0	0	0	0	0	0	0	0	0	0	0	0	0	0	0	0	0	0	0	0	0	0	0	0	0	0	0	0	0	0	0	0	0	0	0	0	1	0	5	0	0	2007.0	676.0	"T"	0.35	0.0		0.0			1.0		0.74509805	0.7777778	0.8111111				15.636363636363637	3.432086966909569	0.0	0.0	0.0	0.09090909	0.0	0.0	0.27272728	0.0	0.0	0.0	0.0	0.0	0.22727273	0.0	0.22727273	0.13636364	0.045454547	22.0	"BJP"	1	0.0	1.0	0.0	0.0	0.0	0.0
98	"W"	"BJP"	"Female"	"Samita Vinod Kamble"	45	"B.Com"		"Yes"	0		4985771.0		62	70	23	24	15	19	2013			"8365"		"Congress"	"385"	74.666	68.923	71.769	77.999	72.215	77.584	75.401	77.848	74.886	70.343	68.441	70.584	71.933	66.996	30.0	34.4	70.333336	77.785	75.2875	81.7125			0	0	0	0	0	0	0	0	0	0	0	0	0	0	1	0	0	0	0	0	0	0	0	0	0	0	0	1	0	0	0	0		1	0	0	0	0	0	0	0	0	0	0	0	0	0	0	0	0	0	0	0	0	0	0	0	0	0	0	0	0	0	0	0	0	0	0	0	0	0	0	0	0	0	0	0	0	0	0	0	0	0	2012.0	677.0	"T"	0.35	1.0		1.0			1.0	0.0	0.8857143	0.9583333	0.9174312	0.8309618	1.0	1.0	14.0	1.4165890027958994	0.0	0.0	0.0	0.33333334	0.0	0.0	0.33333334	0.0	0.0	0.0	0.0	0.0	0.0	0.0	0.33333334	0.0	0.0	3.0	"BJP"	1	0.0	1.0	1.0	0.0	0.0	0.35
98	"W"	"BJP"	"Female"	"Samita Vinod Kamble"	46	"B.Com"		"Yes"	0		1.0986E7		47	65	15	15	10	14	2014							63.575	62.437	62.162	66.381	63.044	66.856	67.911	70.499	73.252	59.456	63.304	59.765	63.03	63.987	5.0	22.7	63.536667	60.3975	59.6625	64.1825			0	0	0	0	0	0	0	0	0	0	0	0	0	0	0	0	0	0	0	0	0	0	0	0	0	0	0	2	0	0	0	1		0	0	0	0	0	0	0	0	0	0	0	0	0	0	0	0	1	0	0	0	0	0	0	0	0	0	0	0	0	1	0	0	0	0	0	0	0	0	0	0	0	0	0	0	0	0	0	0	0	0	2012.0	677.0	"T"	0.35	1.0		1.0			1.0	0.0	0.72307694	1.0	0.8	0.9155	1.0	1.0	14.6	1.5078864353312302	0.0	0.0	0.0	0.0	0.0	0.2	0.2	0.0	0.0	0.0	0.0	0.0	0.0	0.0	0.4	0.2	0.0	5.0	"BJP"	1	0.0	1.0	1.0	0.0	0.0	0.35
98	"W"	"BJP"	"Female"	"Samita Vinod Kamble"	47	"B.Com"		"Yes"	0		4713000.0		64	79	15	17	14	19	2015							57.539	44.615	40.787	66.189	64.915	69.564	73.255	84.009	82.867	60.927	62.184	49.983	62.831	40.721	51.2	100.0	71.31333	67.0	54.785	57.7425			0	1	0	0	0	0	0	0	0	0	0	0	0	0	0	0	0	1	0	0	0	0	0	0	0	0	0	1	0	0	0	0	1	0	0	0	0	0	0	0	0	0	0	0	0	0	0	0	0	0	0	0	0	0	0	0	0	0	0	0	0	0	1	1	0	0	0	0	0	0	0	0	0	0	0	0	0	0	0	2	1	0	0	2012.0	677.0	"T"	0.35	1.0		1.0			1.0	0.0	0.8101266	0.88235295	0.8454546	0.7855	1.0	1.0	13.0	3.847105612019443	0.0	0.0	0.22222222	0.0	0.0	0.22222222	0.11111111	0.11111111	0.0	0.0	0.0	0.0	0.11111111	0.0	0.11111111	0.11111111	0.0	9.0	"BJP"	1	0.0	1.0	1.0	0.0	0.0	0.35
98	"W"	"BJP"	"Female"	"Samita Vinod Kamble"	48	"B.Com"		"Yes"	0		4965090.5		62	74	13	16	15	17	2016							67.963	62.273	66.589	84.433	61.935	75.566	76.822	77.605	68.182	56.364	53.643	49.763	67.038	62.492	30.7	33.0	56.06333	76.8925	66.565	76.15			0	0	0	0	0	0	0	0	0	1	1	0	0	0	0	0	0	0	0	0	0	2	0	0	0	0	0	0	0	0	1	0		0	0	0	0	0	0	0	0	0	0	0	0	0	0	0	0	0	0	0	0	0	0	0	0	0	0	0	0	1	1	0	0	0	0	0	0	0	0	0	0	0	0	0	0	0	0	0	2	0	0	2012.0	677.0	"T"	0.35	1.0		1.0			1.0	0.0	0.8378378	0.8125	0.85714287	0.41375753	1.0	1.0	11.0	1.4012738853503184	0.0	0.0	0.0	0.0	0.0	0.22222222	0.11111111	0.0	0.11111111	0.0	0.11111111	0.0	0.22222222	0.0	0.0	0.0	0.22222222	9.0	"BJP"	1	0.0	1.0	1.0	0.0	0.0	0.35
98	"G"	"BJP"	"Female"	"Alka Subhash Kerkar"	66	"Graduate"		"Yes"	0		5500682.0		83	102	14	18	165	190	2018		19156	"12581"		"SS"	"8579"	45.314	50.592	53.441	52.357		53.497	57.374	60.894	56.216	52.755	50.648	50.975	57.784	46.863	61.6	61.1	59.493332	73.2025	61.22	75.25		51.967	0	1	0	0	0	1	1	0	0	0	2	0	0	0	0	0	0	0	0	0	0	0	0	0	0	0	0	3	0	3	0	0		1	0	0	0	0	0	0	0	0	0	0	0	0	0	0	0	0	0	0	0	0	0	0	0	0	0	0	0	0	1	0	0	1	0	0	0	0	0	0	0	0	0	0	0	0	0	0	5	0	0	2017.0	678.0	"H/W"	0.41	1.0		0.0	"G"	1	0.0	0.0	0.8137255	0.7777778	0.91929823	0.91678035	1.0	1.0	12.521473684210527	5.560447085870815	0.0	0.0	0.0	0.05263158	0.0	0.05263158	0.10526316	0.0	0.10526316	0.0	0.15789473	0.0	0.2631579	0.0	0.15789473	0.0	0.10526316	19.0	"BJP"	1	0.0	0.0	0.0			0.0
99		"BJP"	"Male"	"Manoj Kishorbhai Kotak"									49	51	9	18	22	31	2011			"4254"		"INC"	"64"	70.613	70.735	70.941	71.351		72.862	70.605	71.043	70.259	70.943	70.292	70.056	69.193	69.317					55.7375		124		0	0	0	0	0	1	0	0	0	0	1	0	0	0	1	0	5	0	0	0	0	0	0	0	0	0	0	0	0	0	0	0		0	0	0	0	0	0	0	0	0	0	0	0	0	0	0	0	0	0	0	0	0	0	0	0	0	0	0	0	0	0	0	0	0	0	0	0	0	0	0	0	1	0	0	0	0	0	0	2	0	0	2007.0	679.0	"T"	0.35	0.0		0.0			1.0		0.9607843	0.5	0.8791209				14.0	1.2220762155059133	0.0	0.0	0.0	0.0	0.0	0.0	0.54545456	0.0	0.09090909	0.0	0.0	0.0	0.18181819	0.09090909	0.0	0.0	0.09090909	11.0	"BJP"	1	0.0	1.0	0.0	0.0	0.0	0.0
99	"W"	"BJP"	"Female"	"Bhavna Bhavin Jobanputra"	26	"B.A."		"Yes"	0		4959080.0		46	70	21	24	10	17	2013			"9275"		"NCP"	"774"	83.368	77.172	77.418	84.799	81.164	84.909	83.926	85.132	85.998	79.069	79.106	77.436	79.387	72.209	63.4	67.2	68.36667	79.3625	69.4975	85.04			0	0	0	0	0	0	0	0	0	0	0	0	0	0	0	0	1	0	0	0	0	0	0	0	0	0	0	0	0	0	0	2		0	0	0	0	0	0	0	0	0	0	0	0	0	0	0	0	0	0	0	0	0	0	0	0	0	0	0	0	0	0	0	0	0	0	0	0	0	0	0	0	0	0	0	0	0	0	0	0	0	0	2012.0	680.0	"T"	0.35	1.0	"OBC-W"	1.0	"OBC"	2	1.0	0.0	0.6571429	0.875	0.74038464	0.82651335	1.0	1.0	8.0	0.01863932898415657	0.0	0.0	0.0	0.0	0.0	0.0	0.33333334	0.0	0.0	0.0	0.0	0.0	0.0	0.0	0.0	0.6666667	0.0	3.0	"BJP"	1	0.0	1.0	1.0	0.0	0.0	0.35
99	"W"	"BJP"	"Female"	"Bhavna Bhavin Jobanputra"	27	"B.A."		"Yes"	0		1.0506E7		49	65	12	15	13	15	2014							75.748	67.255	69.182	78.24	74.481	80.346	82.087	84.501	82.826	62.766	66.935	67.179	73.903	71.157	49.6	53.2	63.55	67.8825	70.555	76.965			0	2	0	0	0	0	0	0	0	2	0	0	0	0	0	0	0	0	0	0	0	0	0	0	0	1	0	2	0	1	0	0		0	0	0	0	0	0	0	0	0	0	0	0	0	0	0	0	0	0	0	0	0	0	0	0	0	0	0	0	0	0	0	0	0	0	0	0	0	0	0	0	0	0	0	0	0	0	0	0	0	0	2012.0	680.0	"T"	0.35	1.0	"OBC-W"	1.0	"OBC"	2	1.0	0.0	0.75384617	0.8	0.79569894	0.8755	1.0	1.0	15.5	5.143533123028391	0.0	0.0	0.0	0.0	0.0	0.0	0.5	0.0	0.0	0.0	0.25	0.0	0.0	0.0	0.25	0.0	0.0	8.0	"BJP"	1	0.0	1.0	1.0	0.0	0.0	0.35
99	"W"																		2015							83.415	80.249	76.598	83.331	74.64	82.26	86.189	83.56	84.235	79.622	80.453	79.895	80.367	84.813	19.0	21.3	45.38	57.39	52.02	59.1			0	0	0	0	0	0	0	0	0	0	0	0	0	0	0	0	0	0	0	0	0	0	0	0	0	0	0	0	0	0	0	0		0	0	0	0	0	0	0	0	0	0	0	0	0	0	0	0	0	0	0	0	0	0	0	0	0	0	0	0	0	0	0	0	0	0	0	0	0	0	0	0	0	0	0	0	0	0	0	0	0	0	2012.0	680.0	"T"	0.35	0.0	"OBC-W"	1.0	"OBC"	2	1.0																												"_Other"	6	0.0	1.0	1.0	0.0	0.0	0.35
99	"W"																		2016							78.736	60.069	64.513	83.679	71.701	81.441	83.616	85.126	77.829	66.509	61.265	67.716	74.825	71.757	22.9	68.1	65.26	82.0525	72.5975	72.4275			0	0	0	0	0	0	0	0	0	0	0	0	0	0	0	0	0	0	0	0	0	0	0	0	0	0	0	0	0	0	0	0		0	0	0	0	0	0	0	0	0	0	0	0	0	0	0	0	0	0	0	0	0	0	0	0	0	0	0	0	0	0	0	0	0	0	0	0	0	0	0	0	0	0	0	0	0	0	0	0	0	0	2012.0	680.0	"T"	0.35	0.0	"OBC-W"	1.0	"OBC"	2	1.0																												"_Other"	6	0.0	1.0	1.0	0.0	0.0	0.35
99	"ST"	"SS"	"Male"	"Sanjay Gulabrao Agaldare "	42	"ITI Diploma (Technical)"		"Yes"	2		4217820.0		71	102	18	18	5	15	2018	1	27945	"9360"		"BJP"	"1648"	69.091	65.755	67.274	80.067		75.392	74.562	83.221	75.228	65.928	59.885	58.818	65.412	62.348	86.9	71.6	81.55334	31.685	74.7425	57.355		70.629	0	0	0	0	0	0	0	0	0	0	0	0	0	0	0	0	0	0	0	0	0	0	0	0	0	0	0	1	0	0	1	1		0	0	0	0	0	0	0	0	0	0	0	0	0	0	0	0	0	0	0	0	0	0	0	0	0	0	0	0	0	0	0	0	0	0	0	0	0	0	0	0	0	0	0	0	0	0	0	3	0	0	2017.0	681.0	"H/W"	0.41	0.0		0.0	"SCST"	3	1.0	1.0	0.6960784	1.0	0.752	0.70297	1.0	1.0	9.96	1.3505515200430454	0.0	0.0	0.0	0.0	0.0	0.0	0.0	0.0	0.0	0.0	0.16666667	0.0	0.5	0.0	0.16666667	0.16666667	0.0	6.0	"SS"	5	1.0	0.0	0.0			0.0
100	"W"	"SS"	"Female"	"Jyoti Mahendra Vaity"									36	51	18	18	6	13	2011			"5827"		"NCP"	"758"	78.056	75.086	74.298	74.479		76.685	73.522	72.824	73.882	71.874	71.51	73.054	75.291	73.832					65.91		119		0	0	0	0	0	0	0	0	0	0	0	0	0	0	0	0	0	0	0	0	0	0	0	0	0	0	0	3	0	0	2	0		0	0	0	0	0	0	0	0	0	0	0	0	0	0	0	0	0	0	0	0	0	0	0	0	0	0	0	0	1	0	0	0	0	0	0	0	0	0	0	0	0	0	0	0	0	0	0	7	0	0	2007.0	7.0	"T"	0.35	1.0		1.0	"G"	1	0.0		0.7058824	1.0	0.8				12.923076923076923	1.7345597897503284	0.0	0.0	0.0	0.0	0.0	0.07692308	0.0	0.0	0.0	0.0	0.15384616	0.0	0.53846157	0.0	0.23076923	0.0	0.0	13.0	"SS"	5	1.0	1.0	1.0	0.0	0.0	0.35
100		"NCP"	"Male"	"Nandakumar Atmaram Vaity"	51	"HSC"		"Yes"	0		5310205.0		55	70	16	24	30	47	2013			"9126"		"MNS"	"316"	80.788	77.083	77.493	83.579	77.3	82.213	83.473	83.947	79.476	72.05	74.273	74.333	76.575	68.242	6.5	29.5	64.5	81.6825	70.895	88.24			0	1	0	0	0	0	0	0	0	1	0	0	1	0	0	0	0	0	0	0	0	0	0	0	0	0	0	1	0	1	1	0		5	0	0	0	0	0	0	0	0	0	0	0	0	0	0	0	0	0	0	0	0	0	0	0	0	0	0	0	1	0	0	0	0	0	0	0	0	0	0	0	0	0	0	0	0	0	0	3	0	0	2012.0	8.0	"T"	0.35	0.0	"G"	0.0	"G"	1	0.0	0.0	0.78571427	0.6666667	0.8145161	0.88503414	0.0	1.0	15.2	4.364265743576089	0.06666667	0.0	0.0	0.33333334	0.0	0.06666667	0.13333334	0.0	0.0	0.0	0.13333334	0.0	0.2	0.0	0.06666667	0.0	0.0	15.0	"NCP"	4	0.0	1.0	0.0	0.0	0.0	0.0
100		"NCP"	"Male"	"Nandakumar Atmaram Vaity"	52	"HSC"		"Yes"	0	1	1.1128E7		44	65	15	15	20	41	2014							69.779	58.949	64.763	69.861	62.97	70.607	70.461	72.749	71.154	59.133	61.859	62.32	68.209	65.637	11.4	18.7	62.613335	72.7675	68.245	67.4875			0	0	0	0	0	0	0	0	0	0	0	0	0	0	0	0	0	0	0	0	0	0	0	0	0	1	0	4	0	0	0	0		0	0	0	0	0	0	0	0	0	0	0	0	0	0	0	0	0	0	0	0	0	0	0	0	0	0	0	0	0	0	0	0	0	0	0	0	0	0	0	0	0	0	0	0	0	0	0	6	0	0	2012.0	8.0	"T"	0.35	0.0	"G"	0.0	"G"	1	0.0	0.0	0.6769231	1.0	0.79	0.92733335	0.0	1.0	14.0	1.9810725552050474	0.0	0.0	0.0	0.0	0.0	0.0	0.0	0.0	0.0	0.0	0.09090909	0.0	0.54545456	0.0	0.36363637	0.0	0.0	11.0	"NCP"	4	0.0	1.0	0.0	0.0	0.0	0.0
100		"NCP"	"Male"	"Nandakumar Atmaram Vaity"	53	"HSC"		"Yes"	0	2	4724000.0		37	79	10	17	29	46	2015							70.624	56.446	66.153	76.443	72.316	81.319	88.834	80.907	82.361	62.346	56.023	68.837	57.433	60.96	3.2	18.5	56.446667	60.59	60.795	52.56			0	0	0	0	0	0	0	0	0	1	0	0	0	0	0	0	0	0	0	0	0	0	0	0	0	1	0	6	0	0	1	0		0	0	0	0	1	0	0	0	0	0	0	0	0	0	0	0	0	0	0	0	0	0	0	0	0	0	0	0	0	1	0	0	0	0	0	0	0	0	0	0	0	0	0	0	0	0	0	0	0	0	2012.0	8.0	"T"	0.35	0.0	"G"	0.0	"G"	1	0.0	0.0	0.46835443	0.5882353	0.608	0.7873333	0.0	1.0	12.90909090909091	5.81087052585064	0.0	0.0	0.0	0.0	0.0	0.09090909	0.09090909	0.0	0.0	0.0	0.18181819	0.09090909	0.0	0.0	0.54545456	0.0	0.0	11.0	"NCP"	4	0.0	1.0	0.0	0.0	0.0	0.0
100		"NCP"	"Male"	"Nandakumar Atmaram Vaity"	54	"HSC"		"Yes"	0	2	5961904.0		44	74	12	16	49	69	2016	1						91.01	87.738	84.591	94.251	89.246	90.499	89.418	94.828	91.754	81.915	81.325	83.507	86.336	86.159	0.8	40.8	81.39	87.1775	86.015	87.0775			0	1	0	0	0	0	1	0	0	0	0	0	0	0	0	0	0	0	0	1	0	0	0	0	0	0	0	2	0	0	0	0	1	0	0	0	0	0	1	0	0	0	0	0	0	0	0	0	0	0	0	0	0	0	0	1	0	0	0	0	0	0	1	0	0	0	0	0	0	0	0	0	0	0	0	0	0	0	0	0	5	0	0	2012.0	8.0	"T"	0.35	0.0	"G"	0.0	"G"	1	0.0	0.0	0.5945946	0.75	0.7553957	0.49682534	0.0	1.0	12.428571428571429	6.355777979981801	0.0	0.0	0.0	0.0	0.071428575	0.071428575	0.14285715	0.0	0.0	0.071428575	0.0	0.071428575	0.35714287	0.0	0.14285715	0.071428575	0.0	14.0	"NCP"	4	0.0	1.0	0.0	0.0	0.0	0.0
100	"OBC-W"	"BJP"	"Female"	"Swapna Virendra Mhatre"	39	"Graduate"		"Yes"	0		4258556.0		98	102	17	18	17	18	2018		28938	"9717"		"Congress"	"746"	67.889	66.535	74.696	61.757		67.233	70.224	70.479	66.76	51.31	49.489	55.051	73.039	49.834	23.3	5.1	61.416668	52.3825	65.6125	62.7275		58.425	0	0	0	0	0	0	1	0	0	4	1	0	1	0	0	0	1	0	0	0	0	0	0	0	0	0	0	2	0	1	1	0	2	0	0	1	0	0	0	0	0	0	0	0	0	0	0	0	0	0	0	0	0	0	0	0	0	0	0	0	0	0	0	0	0	0	0	0	0	0	0	0	0	0	0	0	0	0	0	1	1	0	0	2017.0	9.0	"H/W"	0.41	1.0		1.0	"OBC"	2	1.0	0.0	0.9607843	0.9444444	0.96350366	0.70975935	1.0	1.0	13.67514705882353	4.537985554934707	0.05882353	0.0	0.05882353	0.05882353	0.0	0.0	0.3529412	0.0	0.05882353	0.0	0.11764706	0.0	0.05882353	0.0	0.11764706	0.11764706	0.0	17.0	"BJP"	1	0.0	0.0	0.0			0.41
101		"SS"	"Male"	"Prabhakar Tukaram Shinde"									46	51	5	18	62	71	2011			"8658"		"INC"	"2391"	70.379	69.638	72.011	70.769		72.856	70.194	69.206	69.559	69.274	66.989	68.188	69.263	66.852					55.45		133		0	0	0	0	0	0	0	0	0	0	0	0	2	0	0	0	0	0	0	0	0	0	0	0	0	0	0	3	0	0	1	0		0	0	0	0	0	0	0	0	0	0	0	0	0	0	0	0	0	0	0	0	0	0	0	0	1	0	0	0	0	0	1	1	0	0	0	0	0	0	0	0	0	0	0	0	1	0	0	6	0	0	2007.0	10.0	"T"	0.35	0.0		0.0			1.0		0.9019608	0.2777778	0.86259544				10.5	1.8396846254927726	0.125	0.0625	0.0	0.0	0.0625	0.125	0.0	0.0	0.0	0.0	0.0625	0.0	0.375	0.0	0.1875	0.0	0.0	16.0	"SS"	5	1.0	1.0	0.0	0.0	0.0	0.0
101	"W"	"MNS"	"Female"	"Sujata Rajesh Pathak"	31	"SSC"		"  Not given"	0	1	4306086.5		67	70	24	24	11	18	2013			"9720"		"SS"	"906"	67.962	62.334	61.956	67.147	59.744	71.922	78.104	85.627	78.923	52.262	53.859	56.583	61.797	62.322	1.0	65.6	67.24	75.7975	53.7375	69.19			0	3	0	0	0	0	0	0	0	0	0	0	0	0	0	0	0	0	0	0	0	0	0	0	0	0	0	1	0	0	0	0		0	0	0	0	0	0	0	0	0	0	0	0	0	0	0	0	0	0	0	0	0	0	0	0	0	0	0	0	0	0	0	0	0	0	0	0	0	0	0	0	0	0	0	0	0	0	0	0	0	0	2012.0	11.0	"T"	0.35	1.0	"OBC-W"	1.0	"OBC"	2	1.0	0.0	0.95714283	1.0	0.9714286	0.7176811	0.0	0.0	10.5	3.401677539608574	0.0	0.0	0.0	0.0	0.0	0.0	0.75	0.0	0.0	0.0	0.0	0.0	0.0	0.0	0.25	0.0	0.0	4.0	"MNS"	3	0.0	1.0	1.0	0.0	0.0	0.35
101	"W"	"MNS"	"Female"	"Sujata Rajesh Pathak"	32	"SSC"		"  Not given"	0	1	1.0303E7		59	65	13	15	13	17	2014							69.734	54.991	72.639	75.809	57.483	78.704	83.004	83.954	80.763	56.995	66.068	59.92	66.649	64.023	25.2	44.6	45.073334	55.8425	51.205	65.44			0	0	0	0	0	0	0	0	0	2	1	0	0	0	0	0	0	0	0	0	0	0	0	0	0	0	0	0	0	0	0	0		0	0	0	0	0	0	0	0	0	0	0	0	0	0	0	0	0	0	0	0	0	0	0	0	0	0	0	0	0	1	0	0	0	0	0	0	0	0	0	0	0	0	0	0	0	0	0	1	0	0	2012.0	11.0	"T"	0.35	1.0	"OBC-W"	1.0	"OBC"	2	1.0	0.0	0.9076923	0.8666667	0.9139785	0.85858333	0.0	0.0	9.0	1.1167192429022081	0.0	0.0	0.0	0.0	0.0	0.2	0.4	0.0	0.2	0.0	0.0	0.0	0.2	0.0	0.0	0.0	0.0	5.0	"MNS"	3	0.0	1.0	1.0	0.0	0.0	0.35
101	"W"	"MNS"	"Female"	"Sujata Rajesh Pathak"	33	"SSC"		"  Not given"	0	1	4755000.0		69	79	14	17	17	24	2015							71.574	70.342	65.4	72.897	67.773	75.627	79.649	77.937	77.909	57.416	62.902	71.174	67.06	70.483	49.9	75.9	54.603333	61.01	59.85	49.9025			0	0	0	0	0	0	0	0	0	0	0	0	1	0	0	0	0	0	0	0	0	0	0	0	0	0	0	0	0	1	0	0		0	0	1	0	0	0	0	0	0	0	0	0	0	0	0	0	1	0	0	0	0	0	0	0	0	0	0	0	0	0	0	0	0	0	0	0	0	0	0	0	0	0	0	0	0	0	0	0	0	0	2012.0	11.0	"T"	0.35	1.0	"OBC-W"	1.0	"OBC"	2	1.0	0.0	0.87341774	0.8235294	0.88495576	0.7925	0.0	0.0	13.5	0.4993371630578878	0.25	0.0	0.0	0.25	0.0	0.0	0.25	0.0	0.0	0.0	0.25	0.0	0.0	0.0	0.0	0.0	0.0	4.0	"MNS"	3	0.0	1.0	1.0	0.0	0.0	0.35
101	"W"	"MNS"	"Female"	"Sujata Rajesh Pathak"	34	"SSC"		"  Not given"	0	1	5238922.5		63	74	14	16	12	18	2016							69.261	69.996	54.85	78.758	62.199	67.632	78.442	82.064	47.946	55.057	53.1	64.022	70.721	62.783	52.6	63.9	60.136665	63.195	63.4875	61.1675			0	1	0	0	0	0	1	0	0	0	3	0	0	0	0	0	1	0	0	0	0	2	0	0	0	0	0	2	0	0	0	0		0	0	0	0	0	0	0	0	0	0	0	0	0	0	0	0	1	1	0	0	0	0	0	0	0	0	0	0	2	0	1	0	1	0	0	0	0	0	0	0	0	0	0	0	0	0	1	0	0	0	2012.0	11.0	"T"	0.35	1.0	"OBC-W"	1.0	"OBC"	2	1.0	0.0	0.8513514	0.875	0.872549	0.43657687	0.0	0.0	14.235294117647058	5.057324840764331	0.0	0.0	0.05882353	0.0	0.0	0.1764706	0.29411766	0.0	0.1764706	0.0	0.0	0.0	0.0	0.0	0.11764706	0.0	0.1764706	17.0	"MNS"	3	0.0	1.0	1.0	0.0	0.0	0.35
101	"G"	"INC"	"Male"	"Asif Ahmed Zakaria"	48	"Graduate"		"Yes"	0		4446667.0		94	102	18	18	144	152	2018		25936	"10587"		"BJP"	"4024"	52.935	51.313	56.919	61.39		56.5	59.836	68.155	60.502	54.021	46.336	48.213	58.124	48.26	32.0	45.9	54.353333	74.935	42.2875	69.1525		49.314	0	0	0	0	0	0	0	1	0	2	3	0	1	0	2	0	3	0	0	0	0	0	0	0	0	0	0	3	0	1	2	1		1	0	0	0	0	0	0	0	0	0	0	0	0	0	0	0	0	0	0	0	0	0	0	0	0	0	0	0	0	0	0	0	0	0	0	0	0	0	0	0	0	0	0	0	0	0	0	2	0	0	2017.0	12.0	"H/W"	0.41	0.0		0.0	"G"	1	0.0	0.0	0.92156863	1.0	0.969697	0.74111116	1.0	1.0	14.981181818181819	3.2728006456820014	0.045454547	0.0	0.0	0.045454547	0.0	0.0	0.36363637	0.0	0.13636364	0.0	0.13636364	0.0	0.09090909	0.0	0.13636364	0.045454547	0.0	22.0	"INC"	2	0.0	0.0	0.0			0.0
102	"W"	"BJP"	"Female"	"Amita Deepak Shah"									47	51	18	18	13	13	2011			"7498"		"NCP"	"2695"	77.404	76.188	75.333	74.356		77.906	75.636	75.382	75.496	75.363	74.603	74.789	74.579	74.988					60.0825		123		0	0	0	0	0	1	0	0	0	0	0	0	0	0	0	1	0	0	0	0	0	0	0	0	0	0	0	3	0	0	0	3		0	0	0	0	0	0	0	0	0	0	0	0	0	0	0	0	0	0	0	0	0	0	0	0	2	0	0	0	0	0	0	0	0	0	0	0	0	0	0	0	0	0	0	0	0	3	1	9	0	0	2007.0	13.0	"T"	0.35	1.0		1.0	"G"	1	0.0		0.92156863	1.0	0.9512195				12.26086956521739	1.392904073587385	0.0	0.0	0.04347826	0.13043478	0.08695652	0.0	0.04347826	0.0	0.0	0.0	0.0	0.0	0.39130434	0.0	0.13043478	0.13043478	0.04347826	23.0	"BJP"	1	0.0	1.0	1.0	0.0	0.0	0.35
102		"BJP"	"Male"	"Prakash Kashinath Gangadhare"	58	"Eleventh"		"Yes"	0		5118714.5		68	70	23	24	40	48	2013			"10550"		"Congress"	"1927"	73.699	70.121	70.364	78.579	70.756	76.745	76.88	80.512	75.398	62.203	62.229	66.338	71.226	58.528	53.5	55.1	66.066666	76.5775	57.3675	80.325			0	0	0	0	0	0	0	0	0	0	0	0	0	0	1	1	1	0	0	0	0	0	0	0	0	0	0	2	0	1	1	0	1	0	0	0	0	0	0	0	0	0	0	0	0	0	0	0	0	0	0	0	0	0	0	0	0	0	0	0	0	0	0	0	0	1	0	0	0	0	0	0	0	0	0	0	0	1	0	0	2	0	0	2012.0	14.0	"T"	0.35	0.0	"OBC"	0.0	"OBC"	2	1.0	0.0	0.9714286	0.9583333	0.97761196	0.8531191	0.0	1.0	15.5	3.392357875116496	0.0	0.083333336	0.0	0.0	0.0	0.0	0.25	0.0	0.0	0.0	0.16666667	0.0	0.16666667	0.0	0.16666667	0.083333336	0.083333336	12.0	"BJP"	1	0.0	1.0	0.0	0.0	0.0	0.0
102		"BJP"	"Male"	"Prakash Kashinath Gangadhare"	59	"Eleventh"		"Yes"	0	1	1.0555E7		57	65	14	15	26	33	2014							69.416	60.328	69.992	69.47	53.802	72.427	76.612	77.358	76.929	53.788	56.692	59.308	65.425	59.349	9.5	25.3	50.15333	53.8075	65.66	60.0575			0	4	0	0	0	0	0	0	0	0	1	0	0	0	1	0	2	0	0	0	0	1	0	0	0	0	0	0	0	0	1	0		0	0	0	0	0	0	0	0	0	0	0	1	0	0	0	0	0	0	0	0	0	0	0	0	0	0	0	0	0	1	0	0	1	0	0	0	0	0	0	0	0	0	0	0	0	0	0	5	0	0	2012.0	14.0	"T"	0.35	0.0	"OBC"	0.0	"OBC"	2	1.0	0.0	0.8769231	0.93333334	0.9150943	0.87958336	0.0	1.0	11.0	4.813880126182966	0.0	0.0	0.0	0.0	0.0	0.055555556	0.3888889	0.0	0.055555556	0.0	0.055555556	0.055555556	0.2777778	0.0	0.0	0.0	0.11111111	18.0	"BJP"	1	0.0	1.0	0.0	0.0	0.0	0.0
102		"BJP"	"Male"	"Prakash Kashinath Gangadhare"	60	"Eleventh"		"Yes"	0	1	4990000.0		71	79	12	17	59	75	2015							76.806	72.724	74.694	81.976	76.685	74.422	78.132	79.128	80.31	75.267	76.429	76.681	78.124	77.262	59.9	60.2	64.96667	75.3325	69.0825	65.465			0	0	0	0	0	0	0	0	0	0	2	0	1	1	0	0	0	0	0	0	0	1	0	0	0	0	0	0	0	0	0	0		0	0	1	0	0	0	0	0	0	0	0	0	0	0	0	0	0	1	0	0	0	0	0	0	0	0	0	0	2	0	0	0	0	0	0	0	0	0	0	0	0	0	0	0	0	0	0	1	0	0	2012.0	14.0	"T"	0.35	0.0	"OBC"	0.0	"OBC"	2	1.0	0.0	0.89873415	0.7058824	0.91612905	0.83166665	0.0	1.0	8.8	1.1400795404330537	0.1	0.0	0.0	0.1	0.0	0.2	0.2	0.0	0.2	0.0	0.0	0.0	0.1	0.0	0.0	0.0	0.1	10.0	"BJP"	1	0.0	1.0	0.0	0.0	0.0	0.0
102		"BJP"	"Male"	"Prakash Kashinath Gangadhare"	61	"Eleventh"		"Yes"	0	1	6024243.5		48	74	10	16	54	61	2016	1						69.868	47.24	42.963	74.554	55.848	77.612	80.125	81.536	73.144	54.361	53.597	61.466	70.761	69.879	1.9	4.5	62.18667	74.0275	62.22	64.1225			0	0	0	0	0	0	0	0	0	0	0	0	0	0	0	0	2	1	0	0	0	0	0	0	0	0	0	2	0	0	0	0		0	0	0	0	0	1	0	0	0	0	0	0	0	0	0	0	0	0	0	0	0	0	0	0	0	0	0	0	0	0	0	0	0	0	0	0	0	0	0	0	0	0	0	0	0	0	0	0	0	0	2012.0	14.0	"T"	0.35	0.0	"OBC"	0.0	"OBC"	2	1.0	0.0	0.6486486	0.625	0.7777778	0.5020203	0.0	1.0	14.0	3.2929936305732483	0.0	0.0	0.0	0.0	0.0	0.0	0.33333334	0.16666667	0.0	0.0	0.0	0.16666667	0.0	0.0	0.33333334	0.0	0.0	6.0	"BJP"	1	0.0	1.0	0.0	0.0	0.0	0.0
102	"W"	"IND"	"Female"	"Mumtaz Rahebar Khan"	44	"HSC"		"Yes"	0		4779636.5		87	102	14	18	13	16	2018		27214	"6617"		"Congress"	"387"	77.596	73.261	73.953	72.031		69.875	71.002	68.161	71.835	64.962	58.159	63.027	63.675	56.816	0.0	76.7	89.53	61.865	84.76	46.925		47.792	0	0	0	0	0	0	0	0	0	0	0	0	0	0	0	0	0	0	0	0	0	0	0	0	0	0	0	0	0	0	0	0		0	0	0	0	0	0	0	0	0	0	0	0	0	0	0	0	0	0	0	0	0	0	0	0	0	0	0	0	1	0	0	0	0	0	0	0	0	0	0	0	0	0	0	0	0	0	0	0	0	0	2017.0	15.0	"H/W"	0.41	1.0		1.0	"G"	1	0.0	0.0	0.85294116	0.7777778	0.85714287	0.79660606	0.0	1.0	3.432	0.19908528383104654	0.0	0.0	0.0	0.0	0.0	1.0	0.0	0.0	0.0	0.0	0.0	0.0	0.0	0.0	0.0	0.0	0.0	1.0	"_Other"	6	0.0	0.0	0.0			0.41
103	"W"	"INC"	"Female"	"Avtar Kaur Sokhi"									29	51	18	18	9	17	2011			"5864"		"BJP"	"1476"	67.537	65.163	66.46	66.142		71.919	67.27	66.019	65.87	65.512	64.164	64.463	64.895	64.206					58.6825		125		0	0	0	0	0	1	1	0	0	0	0	0	0	0	0	0	0	0	0	1	0	0	0	0	0	0	0	6	0	0	0	0		0	0	0	1	0	0	0	0	0	0	0	0	0	0	0	0	0	0	0	0	0	0	0	0	0	0	0	0	0	0	0	0	0	0	0	0	0	0	0	0	0	0	0	0	0	0	0	1	0	0	2007.0	16.0	"T"	0.35	1.0		1.0	"G"	1	0.0		0.5686275	1.0	0.71794873				14.0	2.4178712220762155	0.0	0.0	0.0	0.0	0.0	0.09090909	0.09090909	0.0	0.0	0.09090909	0.0	0.0	0.09090909	0.0	0.54545456	0.0	0.09090909	11.0	"INC"	2	0.0	1.0	1.0	0.0	0.0	0.35
103		"BJP"	"Male"	"Manoj Kishorbhai Kotak"	40	"SSC"		"Yes"	2		5829087.0		57	70	12	24	60	68	2013	2		"9302"		"Congress"	"1828"	74.156	71.665	67.361	80.618	71.335	77.553	78.609	85.99	77.571	64.749	62.768	67.89	72.698	64.155	21.4	50.9	67.89	73.1025	66.5175	78.0375			0	1	0	0	0	0	0	0	0	0	0	1	1	0	0	1	1	0	0	0	0	0	0	0	0	2	0	5	0	0	0	0		1	0	0	0	1	0	0	0	0	0	0	0	0	0	0	0	0	0	1	0	0	0	0	0	0	0	0	0	0	0	0	0	0	0	0	0	0	0	0	0	0	0	0	0	0	0	1	1	0	0	2012.0	17.0	"T"	0.35	0.0	"G"	0.0	"G"	1	0.0	1.0	0.8142857	0.5	0.83766234	0.9715145	0.0	1.0	16.11764705882353	3.0782851817334578	0.05882353	0.0	0.05882353	0.05882353	0.0	0.0	0.1764706	0.0	0.0	0.0	0.11764706	0.11764706	0.05882353	0.0	0.29411766	0.0	0.05882353	17.0	"BJP"	1	0.0	1.0	0.0	0.0	0.0	0.0
103		"BJP"	"Male"	"Manoj Kishorbhai Kotak"	41	"SSC"		"Yes"	2		1.1728E7		60	65	6	15	120	125	2014							68.365	64.249	65.857	71.873	59.74	70.492	70.141	72.206	63.21	53.807	54.037	52.48	57.279	60.559	28.4	45.4	53.27	60.56	53.2025	67.585			1	2	0	0	0	0	0	0	0	0	0	0	2	0	0	0	3	1	0	0	0	1	0	0	0	0	0	1	0	0	0	0	1	0	0	1	0	0	0	0	0	0	0	0	0	0	0	0	0	0	0	0	0	0	0	0	0	1	0	0	0	0	0	0	0	0	0	0	0	0	0	0	0	0	0	0	1	0	0	0	1	0	0	2012.0	17.0	"T"	0.35	0.0	"G"	0.0	"G"	1	0.0	1.0	0.9230769	0.4	0.93	0.9773333	0.0	1.0	12.625	5.084272194682288	0.125	0.0	0.0	0.0625	0.0625	0.0	0.3125	0.0625	0.0	0.0	0.0	0.0	0.0625	0.0625	0.0625	0.0625	0.125	16.0	"BJP"	1	0.0	1.0	0.0	0.0	0.0	0.0
103		"BJP"	"Male"	"Manoj Kishorbhai Kotak"	42	"SSC"		"Yes"	2		5800000.0		75	79	2	17	126	167	2015							72.237	66.626	54.574	70.583	59.721	67.735	69.818	85.104	89.09	65.44	70.609	72.535	73.365	75.349	50.2	49.7	61.886665	70.035	77.0125	74.7725			0	1	0	0	0	0	0	0	0	0	0	0	2	0	1	0	0	4	0	0	0	0	0	0	0	0	0	0	0	2	0	0		0	0	0	0	0	0	0	0	0	0	0	0	0	0	0	0	0	0	0	0	0	0	1	0	1	0	0	0	0	0	0	1	0	0	0	0	0	0	1	0	0	0	0	3	0	1	0	2	0	0	2012.0	17.0	"T"	0.35	0.0	"G"	0.0	"G"	1	0.0	1.0	0.9493671	0.11764706	0.9144144	0.96666664	0.0	1.0	7.8	1.7189571365444103	0.1	0.0	0.0	0.05	0.1	0.05	0.1	0.2	0.0	0.0	0.1	0.0	0.1	0.2	0.0	0.0	0.0	20.0	"BJP"	1	0.0	1.0	0.0	0.0	0.0	0.0
103		"BJP"	"Male"	"Manoj Kishorbhai Kotak"	43	"SSC"		"Yes"	2		5995179.0		70	74	1	16	111	123	2016	2						70.84	67.497	75.493	78.915	70.756	75.003	76.998	74.918	72.416	70.077	70.92	69.001	72.425	72.003	57.5	63.3	63.056667	73.5275	72.22	59.5375			0	0	0	0	0	0	0	0	0	0	0	0	2	0	0	0	3	0	0	0	0	0	0	0	0	0	0	1	0	0	1	0		1	0	0	0	0	0	0	0	0	0	0	0	0	0	0	0	0	0	0	0	0	0	0	0	0	0	0	0	0	0	0	0	0	0	0	0	1	0	0	0	0	0	0	0	1	0	1	1	0	0	2012.0	17.0	"T"	0.35	0.0	"G"	0.0	"G"	1	0.0	1.0	0.9459459	0.0625	0.90547264	0.49959826	0.0	1.0	16.5	2.6847133757961785	0.16666667	0.083333336	0.083333336	0.083333336	0.0	0.0	0.25	0.0	0.0	0.0	0.083333336	0.0	0.083333336	0.0	0.083333336	0.0	0.083333336	12.0	"BJP"	1	0.0	1.0	0.0	0.0	0.0	0.0
103	"G"	"BJP"	"Male"	"Manoj Kishorbhai Kotak "	46	"SSC"		"Yes"	2		5099726.0		95	102	8	17	151	190	2018	1	26658	"14063"		"SS"	"7637"	62.186	59.956	65.353	66.982		68.694	72.489	83.558	87.11	68.832	58.449	67.237	79.0	53.793	97.1	75.7	60.74	44.515	86.135	66.5725		35.865	0	1	0	0	0	0	1	0	0	0	1	0	5	0	0	0	2	2	0	0	0	0	0	0	0	0	0	1	0	3	1	1		0	0	0	0	0	0	0	0	0	0	0	0	0	0	0	0	0	0	0	0	0	0	0	1	0	0	0	0	0	2	0	0	0	0	0	0	0	0	0	0	0	0	0	2	1	1	0	0	0	0	2017.0	18.0	"T"	0.35	0.0		0.0	"G"	1	0.0	1.0	0.9313725	0.47058824	0.94074076	0.8499543	0.0	1.0	12.466000000000001	3.89543855317573	0.2	0.04	0.0	0.04	0.04	0.08	0.16	0.08	0.04	0.0	0.16	0.0	0.0	0.08	0.04	0.04	0.0	25.0	"BJP"	1	0.0	1.0	0.0			0.0
104		"INC"	"Male"	"Suresh Harischandra Koparkar"									46	51	6	18	21	30	2011			"3570"		"IND"	"768"	71.561	71.116	71.11	70.979		75.586	69.627	70.442	68.982	69.075	69.772	69.688	68.834	70.083					52.535		124		0	0	0	0	0	0	1	2	0	0	0	0	0	0	0	0	3	0	0	0	0	0	0	0	0	0	0	0	0	0	0	0		0	0	0	0	0	0	0	0	0	0	0	1	0	0	0	0	0	0	0	0	0	0	0	0	0	0	0	0	0	0	0	0	0	0	0	0	0	0	0	0	0	0	1	0	0	0	0	1	0	0	2007.0	19.0	"S"	0.86	0.0		0.0			1.0		0.9019608	0.33333334	0.8111111				17.0	1.4724310776942358	0.0	0.0	0.0	0.0	0.0	0.0	0.6666667	0.0	0.0	0.0	0.0	0.11111111	0.11111111	0.11111111	0.0	0.0	0.0	9.0	"INC"	2	0.0	0.0	0.0	0.0	0.0	0.0
104		"INC"	"Male"	"Suresh Harishchandra Koparkar"	61	"SSC"		"Yes"	1		5043359.0		66	70	14	24	24	40	2013	1		"8599"		"MNS"	"3979"	63.547	64.986	62.9	69.438	62.694	67.612	65.002	68.486	54.883	60.64	59.956	64.147	65.076	57.748	23.4	36.0	55.09667	64.75	62.3025	65.3425			0	0	0	0	0	0	0	0	0	1	0	0	0	0	0	0	6	1	0	0	0	0	0	0	0	0	0	3	0	1	0	0		4	0	0	0	0	0	0	0	0	0	0	0	0	0	0	0	0	0	0	0	0	1	0	0	0	0	0	0	0	0	0	0	0	0	0	0	0	0	0	0	0	0	0	0	1	0	0	2	0	0	2012.0	20.0	"S"	0.86	0.0	"OBC"	0.0	"OBC"	2	1.0	1.0	0.94285715	0.5833333	0.88135594	0.84055984	0.0	1.0	13.4	2.2435282837967403	0.0	0.1	0.0	0.2	0.0	0.0	0.35	0.05	0.0	0.0	0.05	0.0	0.1	0.0	0.15	0.0	0.0	20.0	"INC"	2	0.0	0.0	0.0	0.0	0.0	0.0
104		"INC"	"Male"	"Suresh Harishchandra Koparkar"	62	"SSC"		"Yes"	1		1.0333E7		55	65	9	15	29	34	2014							64.277	58.491	54.759	62.668	54.444	63.25	63.153	69.972	67.819	56.344	54.652	54.421	57.652	54.991	43.1	49.5	60.896667	57.43	62.88	55.79			0	0	0	0	0	0	0	0	0	0	0	0	1	0	0	0	6	3	0	0	0	0	0	0	0	0	0	0	0	0	0	1		0	0	0	0	0	0	0	0	0	0	0	0	0	0	0	0	0	0	0	0	0	0	0	0	0	0	0	0	0	0	0	0	0	0	0	0	0	0	0	0	0	0	0	0	0	0	0	2	0	0	2012.0	20.0	"S"	0.86	0.0	"OBC"	0.0	"OBC"	2	1.0	1.0	0.84615386	0.6	0.853211	0.8610833	0.0	1.0	14.0	0.08880994671403197	0.07692308	0.0	0.0	0.0	0.0	0.0	0.46153846	0.23076923	0.0	0.0	0.0	0.0	0.15384616	0.0	0.0	0.07692308	0.0	13.0	"INC"	2	0.0	0.0	0.0	0.0	0.0	0.0
104		"INC"	"Male"	"Suresh Harishchandra Koparkar"	63	"SSC"		"Yes"	1		5381000.0		69	79	6	17	45	62	2015							70.834	43.969	33.213	62.325	53.479	68.761	77.394	88.983	91.924	34.507	44.875	45.589	70.822	71.335	60.3	75.9	76.55334	78.86	94.23	77.925			0	4	0	0	0	0	0	0	0	0	0	0	1	0	0	0	3	1	0	0	0	0	0	0	0	0	0	6	0	0	0	0		0	0	0	0	0	0	0	0	0	0	0	0	0	0	0	0	0	0	0	0	0	0	0	0	0	0	0	0	0	0	0	0	0	0	0	0	0	0	0	0	0	0	0	0	1	0	3	2	0	0	2012.0	20.0	"S"	0.86	0.0	"OBC"	0.0	"OBC"	2	1.0	1.0	0.87341774	0.3529412	0.85106385	0.89683336	0.0	1.0	16.28571428571429	5.3584690088546125	0.04761905	0.04761905	0.14285715	0.0	0.0	0.0	0.33333334	0.04761905	0.0	0.0	0.0	0.0	0.0952381	0.0	0.2857143	0.0	0.0	21.0	"INC"	2	0.0	0.0	0.0	0.0	0.0	0.0
104		"INC"	"Male"	"Suresh Harishchandra Koparkar"	64	"SSC"		"Yes"	1		5899327.5		67	74	9	16	30	44	2016	1						58.481	43.61	39.715	65.208	48.017	71.229	79.194	82.733	81.755	54.462	58.927	64.195	71.794	60.077	25.7	44.2	70.2	68.41	67.7725	72.525			0	1	0	0	0	0	0	0	0	0	0	0	0	0	0	1	3	0	0	0	0	0	0	0	0	0	0	2	0	0	0	0		0	0	0	0	0	0	0	0	0	0	0	0	0	0	0	0	0	0	0	0	0	0	0	0	0	0	0	0	0	0	0	0	0	0	0	0	0	0	0	0	0	0	0	0	0	1	0	0	0	0	2012.0	20.0	"S"	0.86	0.0	"OBC"	0.0	"OBC"	2	1.0	1.0	0.9054054	0.5625	0.8833333	0.49161062	0.0	1.0	14.75	4.055158324821246	0.0	0.0	0.0	0.125	0.0	0.0	0.625	0.0	0.0	0.0	0.0	0.0	0.0	0.0	0.25	0.0	0.0	8.0	"INC"	2	0.0	0.0	0.0	0.0	0.0	0.0
104	"OBC"	"BJP"	"Male"	"Prakash Kashinath Gangadhare"	65	"SSC"		"Yes"	0		3885522.2		98	102	12	17	31	37	2018		19600	"12546"		"Congress"	"6996"	65.456	62.428	62.216	80.904		78.191	82.973	81.952	82.991	65.471	63.304	67.412	75.112	72.145	94.7	100.0	76.87334	62.6225	82.5	80.155		69.98	0	0	0	0	0	0	1	0	0	0	1	0	0	0	0	1	1	0	0	0	0	0	0	0	0	0	0	2	0	0	0	0		0	0	0	0	0	0	0	0	0	0	0	0	0	0	0	0	0	0	0	0	0	0	0	1	0	0	0	0	0	0	0	0	0	0	0	0	0	0	0	0	0	0	0	0	0	0	1	1	0	0	2017.0	21.0	"T"	0.35	0.0		0.0	"OBC"	2	1.0	0.0	0.9607843	0.7058824	0.94	0.64758706	0.0	1.0	13.129999999999999	4.801678908709339	0.0	0.0	0.11111111	0.0	0.11111111	0.0	0.33333334	0.0	0.11111111	0.0	0.0	0.0	0.11111111	0.0	0.22222222	0.0	0.0	9.0	"BJP"	1	0.0	1.0	0.0			0.0
105	"W"	"INC"	"Female"	"Sangita Gopinath Patil"									31	51	10	18	12	27	2011			"6954"		"BJP"	"2705"	73.987	65.152	67.141	66.617		68.843	68.345	67.149	67.218	67.152	66.842	67.036	67.008	65.588					55.2675		135		0	0	0	0	0	0	0	0	0	0	0	0	0	0	0	0	0	0	0	0	0	0	0	0	0	0	0	1	0	0	1	1		0	0	0	0	1	0	0	0	0	0	0	0	0	0	0	0	0	0	0	0	0	0	0	0	0	0	0	0	0	0	0	0	0	0	0	0	0	0	0	0	0	0	0	0	0	0	0	2	0	0	2007.0	22.0	"S"	0.86	1.0		1.0	"G"	1	0.0		0.60784316	0.5555556	0.654321				14.0	1.4160401002506264	0.0	0.0	0.0	0.0	0.0	0.0	0.0	0.0	0.0	0.0	0.16666667	0.16666667	0.33333334	0.0	0.16666667	0.16666667	0.0	6.0	"INC"	2	0.0	0.0	0.0	0.0	0.0	0.86
105		"IND"	"Male"	"Mangesh Narayan Pawar"	45	"HSC"		"Yes"	0		5260208.0		64	70	19	24	24	36	2013			"6965"		"MNS"	"140"	71.288	69.908	66.847	70.568	69.957	70.791	71.606	71.666	72.889	68.057	67.412	67.745	69.06	66.627	6.2	26.3	50.076668	70.3375	85.24	65.775			0	0	0	0	0	0	0	0	0	0	0	0	0	0	0	0	0	0	0	0	0	0	0	0	0	0	0	0	0	0	0	0		0	0	0	0	0	0	0	0	0	0	0	0	0	0	0	0	0	0	0	0	0	0	0	1	1	0	0	0	0	0	0	0	0	0	0	0	0	0	0	0	0	0	0	0	0	0	0	1	0	0	2012.0	23.0	"S"	0.86	0.0	"OBC"	0.0	"OBC"	2	1.0	0.0	0.9142857	0.7916667	0.90677965	0.87670135	0.0	1.0	6.0	0.014381591562799617	0.0	0.0	0.0	0.0	0.6666667	0.0	0.0	0.0	0.0	0.0	0.0	0.0	0.33333334	0.0	0.0	0.0	0.0	3.0	"_Other"	6	0.0	0.0	0.0	0.0	0.0	0.0
105		"IND"	"Male"	"Mangesh Narayan Pawar"	46	"HSC"		"Yes"	0		1.0728E7		57	65	11	15	85	98	2014							63.122	57.26	58.727	73.565	44.271	72.563	76.468	75.863	74.588	58.018	61.699	63.726	63.078	61.8	19.5	29.3	40.19	52.795	64.16	60.4175			0	2	0	0	0	0	0	0	1	1	1	0	0	0	0	0	0	0	0	0	0	0	0	0	0	0	0	0	0	0	0	0		0	0	0	0	0	0	0	0	0	0	0	0	0	0	0	0	0	0	0	0	0	0	0	0	1	0	0	0	1	0	1	0	0	0	0	0	0	0	0	0	0	0	0	0	0	0	0	2	0	0	2012.0	23.0	"S"	0.86	0.0	"OBC"	0.0	"OBC"	2	1.0	0.0	0.8769231	0.73333335	0.92727274	0.894	0.0	1.0	9.6	4.458259325044405	0.0	0.0	0.0	0.0	0.1	0.2	0.4	0.0	0.1	0.0	0.0	0.0	0.2	0.0	0.0	0.0	0.0	10.0	"_Other"	6	0.0	0.0	0.0	0.0	0.0	0.0
105		"IND"	"Male"	"Mangesh Narayan Pawar"	47	"HSC"		"Yes"	0		5188000.0		60	79	9	17	40	44	2015							66.363	64.056	53.092	76.859	57.818	71.068	75.645	84.057	80.438	65.302	63.29	64.17	69.871	63.681	1.1	56.9	75.246666	72.63	72.4725	67.0925			0	0	0	0	0	0	0	0	0	1	0	0	0	0	0	0	0	1	0	0	0	0	0	0	0	0	0	1	0	0	1	0		0	0	0	0	0	0	0	0	0	0	0	0	0	0	0	0	0	0	0	0	0	0	0	0	0	0	0	0	0	0	0	0	0	0	0	0	0	0	0	0	0	0	0	0	0	0	0	0	0	0	2012.0	23.0	"S"	0.86	0.0	"OBC"	0.0	"OBC"	2	1.0	0.0	0.75949365	0.5294118	0.8014706	0.86466664	0.0	1.0	15.5	3.5218508997429305	0.0	0.0	0.0	0.0	0.0	0.0	0.25	0.25	0.0	0.0	0.25	0.0	0.0	0.0	0.25	0.0	0.0	4.0	"_Other"	6	0.0	0.0	0.0	0.0	0.0	0.0
105		"IND"	"Male"	"Mangesh Narayan Pawar"	48	"HSC"		"Yes"	0		5680921.0		50	74	6	16	11	14	2016							61.335	59.44	53.545	65.773	63.593	69.767	70.785	74.447	66.103	60.002	59.884	57.452	62.247	62.342	0.0	31.1	62.22333	72.1275	50.56	76.6675			0	0	0	0	0	0	1	0	0	3	0	0	0	0	0	1	0	0	0	0	0	0	0	0	0	0	0	0	0	1	0	0		0	0	0	0	0	0	0	0	0	0	0	0	0	0	0	0	0	0	0	0	0	0	0	0	0	0	0	0	0	0	0	0	0	0	0	0	0	0	0	0	0	0	0	0	1	0	0	3	0	0	2012.0	23.0	"S"	0.86	0.0	"OBC"	0.0	"OBC"	2	1.0	0.0	0.6756757	0.375	0.6633663	0.47341007	0.0	1.0	12.6	2.267620020429009	0.0	0.1	0.0	0.0	0.0	0.0	0.5	0.0	0.0	0.0	0.1	0.0	0.3	0.0	0.0	0.0	0.0	10.0	"_Other"	6	0.0	0.0	0.0	0.0	0.0	0.0
105	"W"	"BJP"	"Female"	"Rajani Naresh Keni"	45	"Upto Ninth"		"Yes"	0		4710661.5		97	102	16	17	18	18	2018		26854	"9866"		"SS"	"1481"	60.08	56.262	71.897	66.841		70.332	71.487	69.729	74.371	49.524	51.407	60.847	69.473	61.914	47.7	42.8	61.02	56.6775	73.155	74.77		59.84	0	1	0	0	0	0	0	0	0	4	1	0	0	0	0	0	0	0	0	0	0	0	0	0	0	0	0	1	0	1	1	0		0	0	0	0	0	0	0	0	0	0	0	0	0	0	0	0	0	0	0	0	0	0	0	0	0	0	0	0	0	0	0	0	0	0	0	0	0	0	0	0	0	0	0	0	0	0	0	0	0	0	2017.0	24.0	"T"	0.35	1.0		1.0	"G"	1	0.0	0.0	0.95098037	0.9411765	0.95620435	0.78511024	0.0	1.0	10.573	4.71959892736388	0.0	0.0	0.0	0.0	0.0	0.0	0.5555556	0.0	0.11111111	0.0	0.22222222	0.0	0.0	0.0	0.11111111	0.0	0.0	9.0	"BJP"	1	0.0	1.0	1.0			0.35
106		"SS"	"Male"	"Suresh Atmaram Shinde"									26	51	8	18	6	14	2011			"7225"		"INC"	"3334"	74.138	72.512	70.488	70.925		70.373	70.082	70.261	69.544	70.88	70.937	70.793	70.473	70.943					70.795		119		0	0	0	0	0	0	0	0	0	0	0	0	0	0	0	0	0	0	0	0	0	0	0	1	0	0	0	1	0	1	0	1		0	0	0	0	0	0	0	0	0	0	0	0	0	0	0	0	0	0	0	0	0	0	0	0	0	0	0	0	0	0	0	0	0	0	0	0	0	0	0	0	0	0	0	0	0	0	0	1	0	0	2007.0	25.0	"S"	0.86	0.0		0.0			1.0		0.50980395	0.44444445	0.53333336				14.0	2.199248120300752	0.0	0.0	0.0	0.0	0.0	0.0	0.0	0.0	0.0	0.0	0.4	0.0	0.2	0.0	0.2	0.2	0.0	5.0	"SS"	5	1.0	0.0	0.0	0.0	0.0	0.0
106		"SS"	"Male"	"Ramesh Gajanan Korgaonkar"	52	"Upto SSC"		"Yes"	8		5117008.0		70	70	16	24	105	109	2013	7		"9484"		"MNS"	"3888"	59.054	55.081	52.795	63.153	58.053	62.23	64.862	66.631	65.631	52.993	53.028	53.138	57.798	53.497	11.8	76.2	74.18	73.73	82.1875	71.485			0	0	0	0	0	0	0	0	0	2	0	0	2	0	0	2	0	1	0	0	0	0	0	0	0	0	0	1	0	2	0	0		0	0	0	0	1	0	0	0	0	0	0	0	0	0	0	0	0	0	0	0	0	0	0	3	1	0	0	0	0	0	0	0	0	0	0	0	0	0	0	0	0	0	0	0	1	0	0	0	0	0	2012.0	26.0	"S"	0.86	0.0	"OBC"	0.0	"OBC"	2	1.0	1.0	1.0	0.6666667	0.959799	0.85283464	0.0	1.0	12.375	2.3290188558644935	0.125	0.0625	0.0	0.0	0.25	0.0	0.25	0.0625	0.0	0.0	0.125	0.0625	0.0	0.0	0.0625	0.0	0.0	16.0	"SS"	5	1.0	0.0	0.0	0.0	0.0	0.0
106		"SS"	"Male"	"Ramesh Gajanan Korgaonkar"	53	"Upto SSC"		"Yes"	8		1.0558E7		54	65	9	15	120	144	2014							66.584	59.678	67.758	67.795	61.9	75.207	71.814	76.679	71.502	56.055	54.14	49.331	58.752	60.185	32.7	70.9	63.69	78.73	64.1425	68.0125			0	0	0	0	0	0	0	0	0	0	0	0	1	0	0	0	0	1	0	0	0	1	0	0	0	0	0	4	0	2	0	1		1	0	0	0	0	0	0	0	0	0	0	0	0	0	0	0	0	1	0	0	0	0	0	0	0	0	0	0	0	1	0	0	0	0	0	0	0	0	0	0	0	0	0	0	0	0	0	0	0	0	2012.0	26.0	"S"	0.86	0.0	"OBC"	0.0	"OBC"	2	1.0	1.0	0.83076924	0.6	0.915	0.87983334	0.0	1.0	14.538461538461538	2.184724689165187	0.07692308	0.0	0.0	0.07692308	0.0	0.07692308	0.07692308	0.07692308	0.0	0.0	0.15384616	0.0	0.0	0.0	0.30769232	0.07692308	0.07692308	13.0	"SS"	5	1.0	0.0	0.0	0.0	0.0	0.0
106		"SS"	"Male"	"Ramesh Gajanan Korgaonkar"	54	"Upto SSC"		"Yes"	8		4931000.0		65	79	13	17	154	170	2015							76.8	63.035	41.524	71.865	70.033	70.133	76.292	82.179	82.721	72.676	74.654	70.858	75.138	72.159	91.0	93.1	77.096664	86.06	72.94	76.0725			0	0	0	0	0	1	0	0	0	2	0	0	2	0	0	2	0	0	0	1	0	0	0	0	0	0	0	1	0	1	0	0		0	0	0	0	0	0	0	0	0	0	0	0	0	0	0	0	0	0	0	0	0	0	0	0	0	0	0	0	0	0	0	0	0	0	0	0	0	0	0	0	0	0	0	0	0	0	1	0	0	0	2012.0	26.0	"S"	0.86	0.0	"OBC"	0.0	"OBC"	2	1.0	1.0	0.8227848	0.7647059	0.928	0.8218333	0.0	1.0	12.272727272727273	2.514995715509854	0.18181819	0.0	0.09090909	0.0	0.0	0.0	0.36363637	0.0	0.0	0.09090909	0.09090909	0.0	0.0	0.0	0.09090909	0.0	0.09090909	11.0	"SS"	5	1.0	0.0	0.0	0.0	0.0	0.0
106		"SS"	"Male"	"Ramesh Gajanan Korgaonkar"	55	"Upto SSC"		"Yes"	8		6923934.0		65	74	11	16	140	146	2016	7						67.664	63.689	47.081	71.745	66.02	70.191	72.135	87.188	87.86	67.378	68.052	73.878	72.898	67.77	40.8	46.6	62.136665	76.485	74.445	68.6275			0	2	0	0	0	0	0	0	0	0	1	0	2	0	0	0	0	0	0	0	0	0	0	0	0	0	0	1	0	0	1	2		0	0	0	0	0	0	0	0	0	0	0	0	0	0	0	0	0	0	0	0	0	0	0	0	1	0	0	0	0	0	0	1	0	0	0	0	0	0	0	0	0	0	0	0	0	0	0	1	0	0	2012.0	26.0	"S"	0.86	0.0	"OBC"	0.0	"OBC"	2	1.0	1.0	0.8783784	0.6875	0.9391304	0.5769945	0.0	1.0	12.0	4.027919645897175	0.16666667	0.0	0.0	0.0	0.083333336	0.083333336	0.16666667	0.0	0.083333336	0.0	0.083333336	0.0	0.083333336	0.0	0.083333336	0.16666667	0.0	12.0	"SS"	5	1.0	0.0	0.0	0.0	0.0	0.0
106	"G"	"BJP"	"Male"	"Prabhakar Tukaram Shinde "	61	"SSC"		"Yes"	2		4936419.0		97	102	12	17	132	152	2018	2	21234	"6818"		"SS"	"1977"	69.511	65.312	68.456	62.657		61.709	58.149	57.54	59.536	61.584	59.467	61.854	54.793	48.484	89.0	0.6	60.023335	59.395	59.565	78.37		48.188	0	1	0	0	0	0	0	0	0	0	0	0	2	0	0	1	1	4	0	0	0	0	0	0	0	0	0	3	0	3	0	0		0	0	1	0	0	0	0	0	0	0	0	0	0	0	0	0	0	0	0	0	0	0	0	1	0	0	0	0	0	0	1	0	0	0	0	0	0	0	0	0	0	0	0	1	2	0	0	0	0	0	2017.0	27.0	"T"	0.35	0.0		0.0	"G"	1	0.0	1.0	0.95098037	0.7058824	0.96015936	0.8227365	0.0	1.0	12.905071428571429	4.004578841934561	0.0952381	0.0952381	0.0	0.04761905	0.04761905	0.04761905	0.14285715	0.1904762	0.0	0.0	0.14285715	0.0	0.0	0.04761905	0.14285715	0.0	0.0	21.0	"BJP"	1	0.0	1.0	0.0			0.0
107		"SS"	"Male"	"Ramesh Gajanan Korgaonkar "									45	51	10	18	20	25	2011			"12849"		"INC"	"5009"	65.975	48.814	60.075	51.915		54.852	58.497	53.074	57.748	54.564	54.781	52.809	56.841	54.624					39.965		126		0	1	0	0	0	3	0	0	0	0	0	0	0	1	0	0	0	0	0	0	0	0	0	0	1	0	0	0	0	0	0	0	1	0	0	0	0	0	0	0	0	0	0	0	0	0	0	0	0	0	0	0	0	0	0	0	0	0	0	0	0	0	0	0	0	0	0	0	0	1	0	0	0	0	0	0	0	0	0	0	0	0	0	2007.0	28.0	"S"	0.86	0.0		0.0			1.0		0.88235295	0.5555556	0.8426966				9.25	4.078947368421053	0.0	0.0	0.0	0.0	0.0	0.0	0.25	0.0	0.0	0.0	0.125	0.0	0.0	0.0	0.0	0.125	0.5	8.0	"SS"	5	1.0	0.0	0.0	0.0	0.0	0.0
107	"W"	"MNS"	"Female"	"Anisha Amol Majgaonkar"	36	"Graduate"		"Yes"	0	1	5460978.5		67	70	24	24	40	48	2013	1		"10705"		"SS"	"3400"	72.201	65.79	66.059	68.777	62.057	67.277	69.629	73.533	71.183	61.518	60.371	61.646	63.392	66.321	27.4	48.0	68.57667	69.32	69.1025	67.45			0	0	0	0	0	0	0	0	0	0	0	0	1	0	1	0	0	0	0	0	0	0	0	0	0	0	0	1	0	0	0	0		2	0	2	1	0	0	0	0	0	0	0	0	0	0	0	0	0	0	0	0	0	0	0	0	0	0	0	0	0	2	1	0	0	0	0	0	0	0	0	0	0	0	0	0	0	0	0	0	0	0	2012.0	29.0	"S"	0.86	1.0	"W"	1.0	"G"	1	0.0	0.0	0.95714283	1.0	0.97761196	0.9101631	1.0	1.0	10.90909090909091	1.1361457334611698	0.09090909	0.0	0.0	0.36363637	0.0	0.36363637	0.09090909	0.0	0.0	0.0	0.0	0.0	0.0	0.0	0.09090909	0.0	0.0	11.0	"MNS"	3	0.0	0.0	0.0	0.0	0.0	0.86
107	"W"	"MNS"	"Female"	"Anisha Amol Majgaonkar"	37	"Graduate"		"Yes"	0	1	1.1406E7		65	65	13	15	32	38	2014							59.337	55.506	50.148	57.712	56.192	61.377	59.881	64.904	65.717	58.362	57.259	57.485	62.048	55.037	28.4	49.7	62.27667	65.53	68.2075	71.5825			0	0	0	0	0	0	2	0	0	0	0	0	0	0	0	0	3	0	0	0	3	2	0	0	0	1	0	2	0	0	3	0	1	0	0	2	0	0	0	0	0	0	0	0	0	0	0	0	0	0	0	0	0	0	0	0	1	0	0	0	0	1	2	0	0	1	0	0	0	0	0	0	0	0	0	0	0	0	0	0	0	0	0	2012.0	29.0	"S"	0.86	1.0	"W"	1.0	"G"	1	0.0	0.0	1.0	0.8666667	0.98214287	0.9505	1.0	1.0	14.25	3.8876554174067497	0.0	0.0	0.0	0.083333336	0.041666668	0.125	0.20833333	0.0	0.0	0.0	0.16666667	0.0	0.0	0.0	0.083333336	0.041666668	0.25	24.0	"MNS"	3	0.0	0.0	0.0	0.0	0.0	0.86
107	"W"	"MNS"	"Female"	"Anisha Amol Majgaonkar"	38	"Graduate"		"Yes"	0	1	5850000.0		71	79	12	17	26	41	2015							61.737	49.64	36.776	66.828	55.867	65.164	74.93	80.422	81.313	57.863	60.409	65.763	65.449	67.87	77.7	78.4	82.42333	86.54	63.65	76.3875			0	0	0	0	0	0	0	0	0	1	0	0	0	0	0	0	2	0	0	0	0	1	0	0	0	0	0	2	0	2	2	0		0	0	2	0	0	0	0	0	0	0	0	0	0	0	0	0	0	0	0	0	0	0	0	0	0	0	0	0	0	1	0	0	1	0	0	0	0	0	0	0	0	0	0	0	0	0	0	0	0	0	2012.0	29.0	"S"	0.86	1.0	"W"	1.0	"G"	1	0.0	0.0	0.89873415	0.7058824	0.89344263	0.975	1.0	1.0	15.428571428571429	3.4682947729220226	0.0	0.0	0.0	0.14285715	0.0	0.071428575	0.21428572	0.0	0.0	0.0	0.2857143	0.0	0.0	0.0	0.14285715	0.0	0.14285715	14.0	"MNS"	3	0.0	0.0	0.0	0.0	0.0	0.86
107	"W"	"MNS"	"Female"	"Anisha Amol Majgaonkar"	39	"Graduate"		"Yes"	0	1	5695400.0		71	74	14	16	140	158	2016	1						80.764	71.657	67.338	91.179	86.896	85.117	86.413	93.034	82.349	80.072	74.762	77.369	76.279	80.341	64.8	80.0	71.95333	79.585	66.675	75.0025			0	1	0	0	0	0	1	0	0	0	1	0	3	0	0	1	2	0	0	0	0	1	0	0	0	0	0	4	0	0	4	0	2	0	0	1	0	0	2	0	0	0	0	0	0	0	0	0	0	0	0	0	0	0	0	0	0	0	0	1	0	1	1	0	0	0	0	0	0	0	0	0	0	0	0	0	0	0	0	0	0	0	0	2012.0	29.0	"S"	0.86	1.0	"W"	1.0	"G"	1	0.0	0.0	0.9594595	0.875	0.9782609	0.47461668	1.0	1.0	17.0	5.1713766882306205	0.115384616	0.0	0.0	0.03846154	0.0	0.07692308	0.1923077	0.0	0.03846154	0.03846154	0.15384616	0.07692308	0.0	0.0	0.15384616	0.07692308	0.03846154	26.0	"MNS"	3	0.0	0.0	0.0	0.0	0.0	0.86
107	"W"	"BJP"	"Female"	"Samita Vinod Kamble"	51	"Graduate"		"Yes"	0		4092569.2		89	102	17	17	21	24	2018		24828	"10505"		"SS"	"4987"	55.532	50.344	47.113	53.373		68.482	81.79	62.622	74.728	68.228	49.808	71.509	81.247	39.899	55.1	25.1	75.2	33.905	67.3725	74.7		60.872	0	0	0	0	0	0	0	0	0	0	1	0	0	0	0	0	0	0	0	0	0	0	0	0	0	0	0	1	0	0	1	0		0	0	0	0	0	0	0	0	0	0	0	0	0	0	0	0	0	0	0	0	0	0	0	0	0	0	0	0	0	0	0	0	0	0	0	0	0	0	0	0	0	0	0	0	0	0	0	3	0	0	2017.0	30.0	"T"	0.35	1.0		1.0	"G"	1	0.0	0.0	0.872549	1.0	0.9071429	0.6820949	1.0	1.0	8.838000000000001	2.9748163693599157	0.0	0.0	0.0	0.0	0.0	0.0	0.0	0.0	0.16666667	0.0	0.16666667	0.0	0.5	0.0	0.16666667	0.0	0.0	6.0	"BJP"	1	0.0	1.0	1.0			0.35
108	"W"	"SS"	"Female"	"Snehalata Manohar Dalvi"									32	51	13	18	16	26	2011			"6387"		"INC"	"1405"	59.269	59.081	59.613	59.617		60.188	59.087	59.173	60.443	59.297	59.212	58.856	58.923	59.114					63.67		122		0	1	0	0	0	0	0	0	0	0	1	0	0	0	0	0	0	0	0	0	0	0	0	0	0	0	0	1	0	0	0	0		0	0	0	0	0	0	0	0	0	0	0	0	0	0	0	0	0	0	0	0	0	0	0	0	0	0	0	0	0	1	0	0	0	0	0	0	0	0	0	0	0	0	0	0	0	0	0	0	0	0	2007.0	31.0	"S"	0.86	1.0		1.0	"G"	1	0.0		0.627451	0.7222222	0.7176471				10.5	4.655388471177945	0.0	0.0	0.0	0.0	0.0	0.25	0.25	0.0	0.25	0.0	0.0	0.0	0.0	0.0	0.25	0.0	0.0	4.0	"SS"	5	1.0	0.0	0.0	0.0	0.0	0.86
108		"MNS"	"Male"	"Rupesh Uttam Waingankar"	26	"SSC"		"Yes"	0		5643340.0		58	70	24	24	20	35	2013			"9783"		"NCP"	"1186"	75.066	70.996	64.459	78.353	72.407	78.655	81.805	80.908	82.031	68.874	68.972	73.25	73.093	71.851	25.0	56.4	56.926666	73.1075	78.855	69.3675			0	0	0	0	0	0	1	0	0	2	2	0	0	0	0	0	0	0	0	0	0	0	0	0	0	0	0	0	0	0	0	0		0	0	0	0	0	0	0	0	0	0	0	0	0	0	0	0	0	0	0	0	0	0	0	0	0	0	0	0	0	0	0	0	0	0	0	0	0	0	0	0	0	0	0	0	0	0	0	1	0	0	2012.0	32.0	"S"	0.86	0.0	"OBC"	0.0	"OBC"	2	1.0	0.0	0.82857144	1.0	0.8947368	0.94055665	0.0	1.0	12.0	2.4592521572387342	0.0	0.0	0.0	0.0	0.0	0.0	0.5	0.0	0.33333334	0.0	0.0	0.0	0.16666667	0.0	0.0	0.0	0.0	6.0	"MNS"	3	0.0	0.0	0.0	0.0	0.0	0.0
108		"MNS"	"Male"	"Rupesh Uttam Waingankar"	27	"SSC"		"Yes"	0		1.1736E7		35	65	10	15	16	32	2014							59.575	54.094	45.265	64.593	63.48	67.61	72.413	74.734	72.608	49.743	52.372	59.829	58.365	53.842	39.5	49.0	56.54	69.29	67.015	63.7225			0	0	0	0	0	0	0	0	0	0	0	0	0	0	0	0	0	0	0	0	0	0	0	0	0	0	0	0	0	0	0	0		0	0	0	0	0	0	0	0	0	0	0	0	0	0	0	0	0	0	0	0	0	0	0	0	0	0	0	0	0	0	0	0	0	0	0	0	0	0	0	0	0	0	0	0	0	0	0	0	0	0	2012.0	32.0	"S"	0.86	0.0	"OBC"	0.0	"OBC"	2	1.0	0.0	0.53846157	0.6666667	0.6354167	0.978	0.0	1.0	0.0	0.0																		0.0	"MNS"	3	0.0	0.0	0.0	0.0	0.0	0.0
108		"MNS"	"Male"	"Rupesh Uttam Waingankar"	28	"SSC"		"Yes"	0	1	5443000.0		52	79	10	17	26	45	2015							61.021	59.446	62.706	67.15	63.577	72.547	75.568	75.321	77.495	54.43	55.632	58.062	60.144	60.693	0.8	23.5	51.703335	73.155	72.4325	61.5125			0	0	0	0	0	0	0	0	0	0	0	0	0	0	0	0	0	0	0	0	0	0	0	0	0	2	0	0	0	0	0	0		0	0	0	0	0	0	0	0	0	0	0	0	0	0	0	0	0	0	0	0	0	0	0	0	0	0	0	0	0	0	0	0	0	0	0	0	0	0	0	0	0	0	0	0	0	0	0	0	0	0	2012.0	32.0	"S"	0.86	0.0	"OBC"	0.0	"OBC"	2	1.0	0.0	0.65822786	0.5882353	0.72131145	0.90716666	0.0	1.0	8.0	0.8426163953156242	0.0	0.0	0.0	0.0	0.0	0.0	0.0	0.0	0.0	0.0	1.0	0.0	0.0	0.0	0.0	0.0	0.0	2.0	"MNS"	3	0.0	0.0	0.0	0.0	0.0	0.0
108		"MNS"	"Male"	"Rupesh Uttam Waingankar"	29	"SSC"		"Yes"	0	1	4212397.0		39	74	12	16	8	32	2016	1						58.086	47.892	41.711	66.959	52.293	73.811	81.904	76.572	72.758	42.463	51.617	61.426	70.483	53.529	41.0	45.7	50.793335	44.7525	85.8625	61.315			0	9	0	0	0	0	4	0	0	1	1	0	0	0	0	0	3	0	0	0	0	0	0	0	0	1	1	4	0	0	0	3	1	0	0	0	0	0	0	0	0	0	0	0	0	0	0	0	0	1	0	0	0	0	0	0	0	1	0	0	1	1	2	0	2	0	0	0	0	0	0	0	0	0	0	0	0	0	0	0	0	0	0	2012.0	32.0	"S"	0.86	0.0	"OBC"	0.0	"OBC"	2	1.0	0.0	0.527027	0.75	0.6020408	0.3510331	0.0	1.0	15.5	5.71397190462069	0.0	0.0	0.0	0.0	0.027777778	0.1388889	0.5	0.0	0.027777778	0.0	0.055555556	0.0	0.0	0.0	0.11111111	0.11111111	0.027777778	36.0	"MNS"	3	0.0	0.0	0.0	0.0	0.0	0.0
108	"G"	"BJP"	"Male"	"Neil Kirit Somaiya"	28	"Post Graduate"		"Yes"	0		3562897.5		102	102	15	17	15	16	2018		33187	"9586"		"SS"	"4070"	75.915	58.112	62.055	58.436		64.677	67.055	68.208	70.487	56.454	50.303	57.917	67.646	59.532	43.5	78.6	72.19666	70.1725	50.035	87.87		44.677	0	0	0	0	0	0	0	0	0	0	1	0	0	0	0	0	0	0	0	0	0	0	0	0	0	0	0	1	0	1	2	0		0	0	0	0	0	0	0	0	0	0	0	0	0	0	0	0	0	0	0	0	0	0	0	0	0	0	0	0	0	4	0	0	0	0	0	0	0	0	0	0	0	0	0	0	0	0	0	1	0	0	2017.0	33.0	"T"	0.35	0.0		0.0	"G"	1	0.0	0.0	1.0	0.88235295	0.98507464	0.5938162	1.0	1.0	11.035	3.503556021919086	0.0	0.0	0.0	0.0	0.0	0.4	0.0	0.0	0.1	0.0	0.3	0.0	0.1	0.0	0.1	0.0	0.0	10.0	"BJP"	1	0.0	1.0	0.0			0.0
109		"INC"	"Male"	"Kashinath (Rajabhau) Damoji Karadkar "									43	51	11	18	19	27	2011			"4975"		"BJP"	"1043"	76.272	72.07	71.613	70.827		72.777	71.727	71.787	71.642	69.099	63.381	64.688	65.107	69.033					42.7675		121		0	0	0	0	0	0	1	0	0	0	1	0	0	1	0	0	0	0	0	0	0	0	0	0	0	0	0	0	0	0	0	2	1	0	0	0	0	0	0	0	0	0	0	0	0	0	0	0	0	0	0	0	0	0	0	0	0	0	0	0	0	1	0	1	0	0	0	0	0	0	0	0	0	0	0	0	0	0	0	0	0	0	0	2007.0	34.0	"S"	0.86	0.0		0.0			1.0		0.84313726	0.6111111	0.82954544				14.0	3.878446115288221	0.0	0.0	0.0	0.0	0.0	0.25	0.25	0.0	0.125	0.0	0.0	0.0	0.0	0.0	0.0	0.375	0.0	8.0	"INC"	2	0.0	0.0	0.0	0.0	0.0	0.0
109	"W"	"MNS"	"Female"	"Vaishnavi Vijay Sarfare"	37	"HSC"		"Not Given"	0		5134540.0		64	70	24	24	21	23	2013			"8899"		"Ind"	"2258"	75.325	73.731	69.294	72.719	72.626	74.983	75.266	75.249	74.963	71.773	71.114	72.673	71.414	71.271	67.4	73.1	67.153336	80.7825	82.8325	86.15			0	1	0	0	0	1	0	0	0	0	0	1	0	0	0	0	2	0	0	0	0	1	0	0	0	0	0	0	0	0	0	0	1	0	0	0	0	0	0	0	0	0	0	0	0	0	0	0	0	0	0	0	0	0	0	0	0	0	0	0	0	0	0	0	0	0	0	0	0	0	0	0	0	0	0	0	0	1	0	0	0	0	0	2012.0	35.0	"S"	0.86	1.0	"OBC-W"	1.0	"OBC"	2	1.0	0.0	0.9142857	1.0	0.9478261	0.85575664	0.0	0.0	13.75	3.815915627996165	0.0	0.125	0.0	0.0	0.0	0.0	0.375	0.0	0.0	0.0	0.0	0.0	0.0	0.0	0.0	0.125	0.375	8.0	"MNS"	3	0.0	0.0	0.0	0.0	0.0	0.86
109	"W"	"MNS"	"Female"	"Vaishnavi Vijay Sarfare"	38	"HSC"		"Not Given"	0		1.1134E7		65	65	14	15	15	19	2014							59.537	56.716	48.893	74.825	67.519	78.07	74.358	83.882	79.864	68.247	66.66	62.855	65.865	71.504	20.6	36.1	56.44	58.45	64.1225	60.1625			0	0	0	0	0	0	0	0	1	0	0	1	1	0	0	0	5	2	0	0	0	0	0	0	0	0	0	0	0	0	1	0	1	0	0	0	0	0	0	0	0	0	0	0	0	0	0	0	0	0	0	0	0	0	0	0	1	0	0	0	0	1	0	0	0	0	0	0	0	0	0	0	0	0	0	0	0	0	0	0	0	0	0	2012.0	35.0	"S"	0.86	1.0	"OBC-W"	1.0	"OBC"	2	1.0	0.0	1.0	0.93333334	0.9894737	0.9278333	0.0	0.0	14.0	2.757548845470693	0.071428575	0.0	0.0	0.0	0.071428575	0.071428575	0.42857143	0.14285715	0.0	0.0	0.071428575	0.0	0.0	0.0	0.0	0.071428575	0.071428575	14.0	"MNS"	3	0.0	0.0	0.0	0.0	0.0	0.86
109	"W"	"MNS"	"Female"	"Vaishnavi Vijay Sarfare"	39	"HSC"		"Not Given"	0		5191000.0		72	79	17	17	0	0	2015							65.595	56.885	44.917	76.614	54.746	71.509	74.302	90.714	85.944	65.65	59.561	64.173	69.699	70.83	23.6	53.1	81.47	79.095	88.315	74.8325			0	0	0	0	0	0	0	0	0	1	0	0	1	0	0	0	0	0	0	0	0	1	0	0	0	0	0	2	0	0	1	0	2	0	0	1	0	2	0	0	0	0	0	0	0	0	0	0	0	0	0	0	0	0	0	0	1	0	0	0	0	0	0	0	0	0	0	0	0	0	0	0	0	0	0	0	0	0	0	0	0	0	0	2012.0	35.0	"S"	0.86	1.0	"OBC-W"	1.0	"OBC"	2	1.0	0.0	0.9113924	1.0	0.9270833	0.86516666	0.0	0.0	16.0	3.5566980862610684	0.083333336	0.0	0.0	0.083333336	0.083333336	0.0	0.083333336	0.0	0.0	0.0	0.083333336	0.16666667	0.0	0.0	0.16666667	0.16666667	0.083333336	12.0	"MNS"	3	0.0	0.0	0.0	0.0	0.0	0.86
109	"W"	"MNS"	"Female"	"Vaishnavi Vijay Sarfare"	40	"HSC"		"Not Given"	0		5809294.5		64	74	14	16	0	0	2016							64.126	53.04	36.783	76.974	63.726	78.32	81.909	85.875	82.698	64.508	58.88	65.713	72.218	73.172	23.8	28.6	70.37	73.49	72.3975	71.6275			0	0	0	0	0	0	0	0	0	2	1	0	1	1	0	0	3	1	0	0	0	0	0	0	0	0	0	3	0	1	2	0		0	0	0	0	0	0	0	0	0	0	0	0	0	0	0	0	0	0	0	0	0	0	0	1	2	0	0	1	0	0	0	0	0	0	0	0	0	0	0	0	0	0	0	0	0	0	0	0	0	0	2012.0	35.0	"S"	0.86	1.0	"OBC-W"	1.0	"OBC"	2	1.0	0.0	0.8648649	0.875	0.8666667	0.48410788	0.0	0.0	16.842105263157894	3.955894292972945	0.05263158	0.0	0.0	0.0	0.15789473	0.0	0.31578946	0.05263158	0.05263158	0.0	0.15789473	0.0	0.0	0.0	0.15789473	0.0	0.05263158	19.0	"MNS"	3	0.0	0.0	0.0	0.0	0.0	0.86
109	"W"	"SS"	"Female"	"Deepali Deepak Gosavi"	45	"Upto Ninth"		"Yes"	0		5130599.0		98	102	16	17	12	14	2018		26730	"8707"		"Ind"	"4788"	72.396	62.914	59.7	78.828		73.374	74.407	78.99	80.594	70.843	70.153	68.041	67.811	65.624	91.3	81.8	82.96333	43.685	81.8025	77.4125		66.399	0	0	0	0	0	0	0	0	0	0	0	0	0	0	0	0	0	0	0	0	0	0	0	0	0	0	0	0	0	1	0	0		0	0	1	0	0	0	0	0	0	0	0	0	0	0	0	0	0	0	0	0	0	0	0	0	0	0	0	0	0	1	0	0	0	0	0	0	0	0	0	0	0	0	0	0	0	0	0	0	0	0	2017.0	36.0	"S"	0.86	1.0		1.0	"G"	1	0.0	0.0	0.9607843	0.9411765	0.96183205	0.85509986	0.0	1.0	7.562	1.334493041749503	0.0	0.0	0.0	0.33333334	0.0	0.33333334	0.0	0.0	0.0	0.0	0.33333334	0.0	0.0	0.0	0.0	0.0	0.0	3.0	"SS"	5	1.0	0.0	0.0			0.86
110	"W"	"NCP"	"Female"	"Bharati Dhananjay  Pisal"									41	51	16	18	21	27	2011			"9170"		"SS"	"4108"	79.912	78.679	78.877	77.196		78.994	77.971	77.91	77.319	76.341	77.744	76.797	77.383	76.992					57.3075		179		0	0	0	0	0	0	0	0	0	0	0	0	0	0	0	0	0	0	0	0	0	0	0	0	0	0	0	1	0	0	0	0		0	0	0	0	0	0	0	0	0	0	0	0	0	0	0	0	0	0	0	0	0	0	0	1	0	0	0	0	0	0	0	0	0	0	0	0	0	0	0	0	0	0	0	0	0	0	0	2	0	0	2007.0	40.0	"S"	0.86	1.0		1.0	"G"	1	0.0		0.8039216	0.8888889	0.8666667				10.5	1.2092731829573935	0.0	0.0	0.0	0.0	0.25	0.0	0.0	0.0	0.0	0.0	0.0	0.0	0.5	0.0	0.25	0.0	0.0	4.0	"NCP"	4	0.0	0.0	0.0	0.0	0.0	0.86
110		"NCP"	"Male"	"Dhananjay Sadashiv Pisal"	58	"B.Com"		"Yes"	0		5392850.0		67	70	18	24	76	80	2013			"11753"		"MNS"	"2714"	72.501	70.734	68.437	72.945	68.529	73.043	73.639	78.935	78.511	65.929	61.957	63.303	68.081	66.793	52.5	52.9	76.21333	85.535	65.4275	74.9525			0	0	0	0	0	0	0	0	0	1	0	0	1	0	1	0	1	0	0	0	0	0	0	1	0	0	0	0	0	1	0	0		4	0	2	0	0	0	0	0	0	0	0	0	0	0	0	0	0	0	0	0	0	0	0	1	0	0	0	0	0	0	2	0	0	0	0	0	0	0	0	0	0	0	0	0	0	0	0	0	0	0	2012.0	41.0	"S"	0.86	0.0	"G"	0.0	"G"	1	0.0	0.0	0.95714283	0.75	0.9470588	0.89880836	1.0	1.0	14.399999999999999	1.49568552253116	0.06666667	0.0	0.0	0.4	0.06666667	0.13333334	0.2	0.0	0.0	0.0	0.13333334	0.0	0.0	0.0	0.0	0.0	0.0	15.0	"NCP"	4	0.0	0.0	0.0	0.0	0.0	0.0
110		"NCP"	"Male"	"Dhananjay Sadashiv Pisal"	59	"B.Com"		"Yes"	0		1.1321E7		57	65	10	15	108	120	2014							75.899	62.25	73.317	75.01	63.874	78.532	79.629	84.736	76.041	64.58	66.028	57.853	66.481	74.68	17.3	54.9	67.67	77.2275	73.5025	80.4225			0	0	0	0	0	0	0	0	0	1	0	0	0	0	0	0	1	0	0	0	0	0	0	0	0	0	0	1	0	2	0	0		0	0	0	0	0	0	0	0	0	0	0	1	0	0	0	0	0	0	0	0	0	0	0	0	0	0	0	0	0	0	0	0	0	0	0	0	1	0	0	0	0	0	0	0	0	0	0	0	0	0	2012.0	41.0	"S"	0.86	0.0	"G"	0.0	"G"	1	0.0	0.0	0.8769231	0.6666667	0.93085104	0.94341666	1.0	1.0	12.0	2.0870337477797514	0.0	0.0	0.0	0.0	0.0	0.0	0.2857143	0.0	0.0	0.0	0.2857143	0.14285715	0.0	0.0	0.14285715	0.0	0.14285715	7.0	"NCP"	4	0.0	0.0	0.0	0.0	0.0	0.0
110		"NCP"	"Male"	"Dhananjay Sadashiv Pisal"	60	"B.Com"		"Yes"	0		5478000.0		70	79	4	17	130	170	2015							71.239	67.996	67.612	83.821	63.364	80.212	84.816	83.918	87.309	66.054	72.651	75.226	75.493	78.042	64.9	89.0	91.503334	90.5975	89.7275	87.285			0	0	0	0	0	0	1	0	0	0	0	0	1	0	0	0	1	1	0	0	0	0	0	0	0	0	0	0	0	0	0	0		0	0	0	0	0	0	0	0	0	0	0	1	0	0	0	0	0	0	0	0	0	0	1	0	0	0	0	0	0	0	0	1	0	0	0	0	0	0	0	0	0	0	0	0	1	0	1	0	0	0	2012.0	41.0	"S"	0.86	0.0	"G"	0.0	"G"	1	0.0	0.0	0.886076	0.23529412	0.9026549	0.913	1.0	1.0	13.0	0.9911453870322765	0.11111111	0.11111111	0.11111111	0.0	0.11111111	0.11111111	0.22222222	0.11111111	0.0	0.0	0.0	0.11111111	0.0	0.0	0.0	0.0	0.0	9.0	"NCP"	4	0.0	0.0	0.0	0.0	0.0	0.0
110		"NCP"	"Male"	"Dhananjay Sadashiv Pisal"	61	"B.Com"		"Yes"	0		6229982.5		65	74	6	16	122	146	2016							60.1	63.231	56.956	77.643	61.96	76.474	81.276	75.886	74.22	55.096	48.918	64.014	72.348	71.173	96.1	99.0	88.89	81.77	92.69	79.25			0	0	0	0	0	0	0	0	0	1	1	0	1	1	0	1	0	0	0	0	0	0	0	0	0	0	0	1	0	1	0	0	1	0	0	0	0	0	0	0	0	0	0	0	0	0	0	0	0	0	0	0	0	0	0	0	0	0	0	0	0	0	0	0	0	0	0	0	0	0	0	0	0	0	0	0	0	0	0	0	1	0	0	2012.0	41.0	"S"	0.86	0.0	"G"	0.0	"G"	1	0.0	0.0	0.8783784	0.375	0.9103774	0.5191652	1.0	1.0	15.0	5.224719101123595	0.11111111	0.0	0.0	0.0	0.0	0.0	0.33333334	0.0	0.11111111	0.0	0.11111111	0.0	0.11111111	0.0	0.11111111	0.11111111	0.0	9.0	"NCP"	4	0.0	0.0	0.0	0.0	0.0	0.0
110	"W"	"INC"	"Female"	"Asha Suresh Koparkar"	53	"Upto Ninth"		"Yes"	0		5173562.5		82	102	14	17	21	29	2018		24122	"5174"		"BJP"	"478"	54.726	56.977	55.182	65.926		67.045	68.893	74.266	68.809	54.145	46.779	55.94	62.399	59.093	22.0	28.2	56.893333	47.015	68.9725	69.705		56.858	0	0	0	0	0	0	0	0	0	0	1	0	0	0	0	0	0	0	0	0	0	0	0	0	0	0	0	4	0	2	1	0		0	0	0	0	0	0	0	0	0	0	0	0	0	0	0	0	0	0	0	0	0	0	0	0	0	0	0	0	0	0	0	0	0	0	0	0	0	0	0	0	0	0	0	0	0	0	0	0	0	0	2017.0	42.0	"S"	0.86	1.0		1.0	"G"	1	0.0	0.0	0.8039216	0.8235294	0.8357143	0.8622604	0.0	1.0	8.561	3.5710735586481115	0.0	0.0	0.0	0.0	0.0	0.0	0.0	0.0	0.125	0.0	0.375	0.0	0.0	0.0	0.5	0.0	0.0	8.0	"INC"	2	0.0	0.0	0.0			0.86
111	"W"	"SS"	"Female"	"Minakshi Ashok Patil"									31	51	12	18	7	13	2011			"5344"		"INC"	"1068"	75.391	58.66	59.796	63.707		61.796	60.248	65.142	62.362	61.346	62.952	62.396	62.827	60.623					51.325		126		0	0	0	0	0	0	0	0	0	0	0	0	0	0	0	0	0	0	0	0	0	0	0	0	0	0	0	0	0	0	0	0	1	0	0	0	0	0	0	0	0	0	0	0	0	0	0	0	0	0	0	0	0	0	0	0	0	0	0	0	0	0	0	0	0	0	0	0	0	0	0	0	0	0	0	0	0	0	0	0	0	0	0	2007.0	43.0	"S"	0.86	1.0		1.0	"G"	1	0.0		0.60784316	0.6666667	0.65789473				8.0	1.5413533834586466	0.0	0.0	0.0	0.0	0.0	0.0	0.0	0.0	0.0	0.0	0.0	0.0	0.0	0.0	0.0	1.0	0.0	1.0	"SS"	5	1.0	0.0	0.0	0.0	0.0	0.86
111		"SS"	"Male"	"Ashok Dharmaraj Patil"	54	"B.A."	"L.L.B."	"Yes"	0		5376371.0		50	70	18	24	34	34	2013			"6558"		"MNS"	"1766"	64.906	55.933	59.764	78.621	61.271	73.036	74.683	80.481	85.252	53.608	46.844	53.413	70.859	62.529	16.4	16.3	68.90667	75.2875	74.4375	68.7275			0	0	0	0	0	0	1	0	0	0	0	0	1	0	0	0	0	0	0	0	0	0	0	0	0	0	0	1	0	0	0	0		0	0	0	0	0	0	0	0	0	0	0	0	0	0	0	0	0	0	0	0	0	0	0	0	0	0	0	0	0	0	0	0	0	0	0	0	0	0	0	0	0	0	0	0	2	0	0	0	0	0	2012.0	44.0	"S"	0.86	0.0	"G"	0.0	"G"	1	0.0	0.0	0.71428573	0.75	0.796875	0.89606184	1.0	1.0	13.2	2.535953978906999	0.2	0.4	0.0	0.0	0.0	0.0	0.2	0.0	0.0	0.0	0.0	0.0	0.0	0.0	0.2	0.0	0.0	5.0	"SS"	5	1.0	0.0	0.0	0.0	0.0	0.0
111		"SS"	"Male"	"Ashok Dharmaraj Patil"	55	"B.A."	"L.L.B."	"Yes"	0		1.105E7		29	65	8	15	22	31	2014							61.554	59.364	54.192	66.611	55.023	64.991	71.825	74.979	74.139	60.806	56.46	61.301	61.014	55.732	16.7	16.8	46.21	52.29	65.9375	57.9575			0	0	0	0	0	0	0	0	0	1	0	0	0	0	0	0	0	0	0	0	0	0	0	0	0	0	0	0	0	0	0	0		0	0	0	0	0	0	0	0	0	0	0	0	0	0	0	0	0	1	0	0	0	1	0	0	0	1	1	0	0	0	0	0	0	0	0	0	0	0	0	0	0	0	0	0	0	0	0	0	2	0	2012.0	44.0	"S"	0.86	0.0	"G"	0.0	"G"	1	0.0	0.0	0.44615385	0.53333336	0.57843137	0.92083335	1.0	1.0	4.0	0.02664298401420959	0.0	0.14285715	0.0	0.0	0.0	0.0	0.2857143	0.0	0.0	0.2857143	0.0	0.0	0.0	0.0	0.2857143	0.0	0.0	7.0	"SS"	5	1.0	0.0	0.0	0.0	0.0	0.0
111		"SS"	"Male"	"Ashok Dharmaraj Patil"	56	"B.A."	"L.L.B."	"Yes"	0		5406000.0		33	79	8	17	27	41	2015							51.218	53.019	58.569	67.134	67.775	67.767	74.445	75.561	76.337	54.95	54.666	56.077	56.88	59.519	16.4	55.9	49.226665	64.555	75.56	48.285			0	1	0	0	0	0	0	0	0	1	0	0	0	0	0	0	0	0	0	0	0	0	0	0	0	0	0	1	0	0	0	0		0	0	0	0	1	0	0	0	0	0	0	0	0	0	0	0	0	0	0	0	0	0	0	0	0	0	0	0	0	0	0	0	0	0	0	0	0	0	0	0	0	0	0	0	0	0	0	0	0	0	2012.0	44.0	"S"	0.86	0.0	"G"	0.0	"G"	1	0.0	0.0	0.4177215	0.47058824	0.55284554	0.901	1.0	1.0	13.5	4.336618109111683	0.0	0.0	0.0	0.0	0.0	0.0	0.5	0.0	0.0	0.0	0.0	0.25	0.0	0.0	0.25	0.0	0.0	4.0	"SS"	5	1.0	0.0	0.0	0.0	0.0	0.0
111		"SS"	"Male"	"Ashok Dharmaraj Patil"	57	"B.A."	"L.L.B."	"Yes"	0		6063566.0		34	74	10	16	25	30	2016							60.135	34.716	28.354	74.589	32.021	71.057	80.128	81.77	73.173	47.309	55.892	54.705	70.716	66.591	76.5	82.4	70.59	77.75	82.5775	72.3225			0	2	0	0	0	0	0	0	0	0	0	0	0	0	0	1	0	1	0	0	0	0	0	0	0	0	0	1	0	0	0	0		0	0	0	0	0	0	0	0	0	0	0	0	0	0	0	0	0	0	0	0	0	0	0	0	0	0	0	0	1	0	0	0	0	0	0	0	0	0	0	0	0	0	0	0	0	0	0	0	0	0	2012.0	44.0	"S"	0.86	0.0	"G"	0.0	"G"	1	0.0	0.0	0.45945945	0.625	0.6	0.5052972	1.0	1.0	12.0	4.170922710248552	0.0	0.0	0.0	0.0	0.0	0.16666667	0.5	0.16666667	0.0	0.0	0.0	0.0	0.0	0.0	0.16666667	0.0	0.0	6.0	"SS"	5	1.0	0.0	0.0	0.0	0.0	0.0
111	"W"	"BJP"	"Female"	"Sarika Mangesh Pawar"	41	"SSC"		"Yes"	0		5703835.5		86	102	16	17	15	16	2018		28260	"7646"		"NCP"	"1069"	55.668	55.715	69.776	54.917		64.216	69.091	54.502	54.481	53.278	45.451	61.904	65.109	48.027	25.6	51.2	71.92333	62.6475	59.0425	71.0575		52.424	0	0	0	0	0	0	0	0	0	0	0	0	0	0	0	0	0	0	0	0	0	1	0	0	0	0	0	1	0	0	0	0		0	0	0	0	0	0	0	0	0	0	0	0	0	0	0	0	0	0	0	0	0	0	0	0	0	0	0	0	0	3	0	0	0	0	0	0	0	0	0	0	0	0	0	0	0	0	0	0	0	0	2017.0	45.0	"S"	0.86	1.0		1.0	"G"	1	0.0	0.0	0.84313726	0.9411765	0.8731343	0.95063925	0.0	1.0	7.5655	1.3916500994035785	0.0	0.0	0.0	0.0	0.0	0.6	0.0	0.0	0.0	0.0	0.0	0.0	0.0	0.0	0.2	0.0	0.2	5.0	"BJP"	1	0.0	0.0	0.0			0.86
112		"MNS"	"Male"	"Mangesh Eknath Sangle"									45	51	2	18	16	21	2011			"6721"		"SS"	"986"	72.318	60.664	62.154	62.357		64.516	60.837	62.098	62.845	62.638	63.929	62.065	62.998	62.713					50.065		121		0	3	0	0	0	0	0	0	1	0	1	0	0	0	0	0	1	0	0	0	0	0	0	0	0	0	0	0	0	1	0	0		0	0	0	0	0	0	0	0	0	0	0	0	0	0	0	0	0	0	0	0	0	0	0	0	0	0	0	0	0	0	0	0	0	0	0	0	0	0	0	0	0	0	0	0	2	0	3	2	0	0	2007.0	46.0	"S"	0.86	0.0		0.0			1.0		0.88235295	0.11111111	0.7411765				12.857142857142858	4.423558897243107	0.0	0.14285715	0.21428572	0.0	0.0	0.0	0.35714287	0.0	0.071428575	0.0	0.071428575	0.0	0.14285715	0.0	0.0	0.0	0.0	14.0	"MNS"	3	0.0	0.0	0.0	0.0	0.0	0.0
112	"W"	"MNS"	"Female"	"Priyanka Suryakant Shrungare"	44	"M.A."	"B.Ed."	"Yes"	0		4697830.0		60	70	20	24	19	25	2013			"9035"		"RPFI(A)"	"6656"	66.138	67.327	77.354	79.414	54.707	76.282	85.125	87.754	88.1	60.928	57.649	60.545	68.876	67.337	54.9	57.5	58.593334	66.595	59.895	71.045			0	0	0	0	0	0	0	0	1	2	0	0	1	0	0	0	0	0	0	0	0	0	0	0	0	0	0	1	0	0	0	0		1	0	0	0	0	0	0	0	0	0	0	0	0	0	0	0	0	0	0	0	0	0	0	1	0	0	0	0	0	0	0	0	0	0	0	0	0	0	0	0	0	0	0	0	0	0	0	2	1	0	2012.0	47.0	"S"	0.86	1.0	"SC-W"	1.0	"SCST"	3	1.0	0.0	0.85714287	0.8333333	0.8761062	0.7829717	1.0	1.0	14.4	1.059443911792905	0.1	0.0	0.0	0.1	0.1	0.0	0.3	0.0	0.0	0.0	0.0	0.0	0.2	0.0	0.2	0.0	0.0	10.0	"MNS"	3	0.0	0.0	0.0	0.0	0.0	0.86
112	"W"	"MNS"	"Female"	"Priyanka Suryakant Shrungare"	45	"M.A."	"B.Ed."	"Yes"	0		1.0173E7		37	65	11	15	7	14	2014							73.511	67.391	72.008	71.897	66.159	71.202	76.569	83.109	75.718	57.925	55.104	62.414	69.362	64.698	8.7	33.3	61.476665	73.78	69.51	72.6475			0	1	0	0	0	0	0	0	0	0	0	0	0	0	0	0	0	0	0	0	0	2	0	0	0	0	0	2	0	2	0	0		0	0	0	0	0	0	0	0	0	0	0	0	0	0	0	0	0	0	0	0	0	0	0	0	0	0	0	0	0	0	0	0	0	0	0	0	0	0	0	0	0	0	0	0	0	0	0	1	0	0	2012.0	47.0	"S"	0.86	1.0	"SC-W"	1.0	"SCST"	3	1.0	0.0	0.5692308	0.73333335	0.6321839	0.84775	1.0	1.0	13.5	4.060390763765541	0.0	0.0	0.0	0.0	0.0	0.0	0.125	0.0	0.0	0.0	0.25	0.0	0.125	0.0	0.25	0.0	0.25	8.0	"MNS"	3	0.0	0.0	0.0	0.0	0.0	0.86
112	"W"																		2015							67.86	64.291	67.721	83.351	54.202	74.296	80.378	86.221	84.862	62.254	56.891	53.047	68.779	65.482	15.8	19.8	64.05666	68.7875	71.7975	74.645			0	0	0	0	0	0	0	0	0	0	0	0	0	0	0	0	0	0	0	0	0	0	0	0	0	0	0	0	0	0	0	0		0	0	0	0	0	0	0	0	0	0	0	0	0	0	0	0	0	0	0	0	0	0	0	0	0	0	0	0	0	0	0	0	0	0	0	0	0	0	0	0	0	0	0	0	0	0	0	0	0	0	2012.0	47.0	"S"	0.86	0.0	"SC-W"	1.0	"SCST"	3	1.0																												"_Other"	6	0.0	0.0	0.0	0.0	0.0	0.86
112	"W"	"MNS"	"Female"	"Priyanka Suryakant Shrungare��"	48	"Post Graduate"		"Yes"	0		5826874.0		46	74	10	16	15	33	2016							61.086	62.012	63.614	73.624	70.17	72.951	72.27	74.458	72.858	60.674	63.525	64.609	67.137	71.767	1.7	5.9	53.22	70.96	64.95	68.6425			0	0	0	0	0	0	0	0	0	1	0	0	0	0	0	0	0	0	0	0	0	0	0	0	0	0	0	1	0	2	1	0		0	0	0	0	0	0	0	0	0	0	0	0	0	0	0	0	0	0	0	0	0	0	0	0	0	0	0	0	0	0	0	0	0	0	0	0	0	0	0	0	0	0	0	0	0	0	0	0	0	0	2012.0	47.0	"S"	0.86	1.0	"SC-W"	1.0	"SCST"	3	1.0	0.0	0.6216216	0.625	0.6761905	0.48557284	1.0	1.0	11.0	3.28702757916241	0.0	0.0	0.0	0.0	0.0	0.0	0.2	0.0	0.0	0.0	0.6	0.0	0.0	0.0	0.2	0.0	0.0	5.0	"MNS"	3	0.0	0.0	0.0	0.0	0.0	0.86
112	"W"	"BJP"	"Female"	"Sakshi Deepak Dalvi"	40	"Graduate"		"Yes"	0		4740039.5		94	102	17	17	18	18	2018		28679	"7691"		"SS"	"1846"	48.069	43.368	40.701	56.151		62.595	74.067	75.913	72.47	57.65	52.358	61.299	71.34	48.314	61.6	54.6	76.41333	54.0625	77.2225	72.0525		55.875	0	0	0	0	0	0	1	0	0	0	0	0	1	0	0	0	0	0	0	0	0	0	0	0	0	0	0	0	0	0	2	0	1	0	0	0	0	0	0	0	0	0	0	0	0	0	0	0	0	0	0	0	0	0	0	0	0	0	0	0	0	0	0	0	0	0	0	0	0	0	0	0	0	0	0	0	1	0	0	0	3	0	0	2017.0	48.0	"S"	0.86	1.0		1.0	"G"	1	0.0	0.0	0.92156863	1.0	0.94160587	0.7900066	1.0	1.0	11.15	2.8479125248508943	0.11111111	0.0	0.0	0.0	0.0	0.0	0.11111111	0.0	0.0	0.0	0.22222222	0.0	0.33333334	0.11111111	0.0	0.11111111	0.0	9.0	"BJP"	1	0.0	0.0	0.0			0.86
113		"SS"	"Male"	"Tavaji Sahadev Gorule"									42	51	13	18	11	27	2011			"6061"		"NCP"	"404"	69.516	62.647	65.265	65.61		65.5	65.146	65.682	64.105	64.205	64.671	65.734	63.138	64.837					58.15		131		0	0	0	0	0	0	2	0	0	1	2	0	0	0	0	0	0	0	0	0	0	0	0	0	0	0	0	2	0	1	0	0		0	0	0	0	0	0	0	0	0	0	0	0	0	0	0	0	0	0	0	0	0	0	0	0	0	0	0	0	0	0	0	0	0	0	0	0	0	0	0	0	0	0	0	0	0	0	0	1	0	0	2007.0	49.0	"S"	0.86	0.0		0.0			1.0		0.8235294	0.7222222	0.825				16.0	4.624060150375939	0.0	0.0	0.0	0.0	0.0	0.0	0.33333334	0.0	0.22222222	0.0	0.11111111	0.0	0.11111111	0.0	0.22222222	0.0	0.0	9.0	"SS"	5	1.0	0.0	0.0	0.0	0.0	0.0
113		"SS"	"Male"	"Tavji Sahadev Gorule"	59	"Seventh"		"Not Given"	0		4702577.0		46	70	15	24	26	41	2013			"8936"		"NCP"	"1930"	61.244	58.81	63.651	77.736	48.174	76.189	82.298	85.009	85.928	49.316	56.158	50.627	62.941	62.304	51.0	50.3	69.27333	76.8875	66.0975	74.3225			0	0	0	0	0	0	0	0	0	0	0	0	0	0	0	0	0	0	0	0	0	0	0	0	0	0	0	0	0	0	0	0	1	0	0	0	0	1	0	0	0	0	0	0	1	0	0	0	0	0	0	0	0	0	0	0	0	0	0	0	0	0	0	0	0	0	0	0	0	0	0	0	0	0	0	0	0	0	0	0	4	0	0	2012.0	50.0	"S"	0.86	0.0	"G"	0.0	"G"	1	0.0	0.0	0.6571429	0.625	0.725	0.7837628	0.0	0.0	11.142857142857142	1.1601150527325024	0.0	0.0	0.0	0.0	0.0	0.0	0.0	0.0	0.0	0.0	0.0	0.2857143	0.5714286	0.0	0.0	0.14285715	0.0	7.0	"SS"	5	1.0	0.0	0.0	0.0	0.0	0.0
113		"SS"	"Male"	"Tavji Sahadev Gorule"	60	"Seventh"		"Not Given"	0		1.0631E7		34	65	6	15	22	36	2014							71.473	65.436	68.019	75.598	65.444	78.451	78.102	81.572	82.939	61.873	63.601	62.756	68.382	65.258	2.8	39.7	47.08	58.8125	61.075	65.695			0	0	0	0	0	0	0	0	0	0	0	0	0	0	0	0	0	0	0	0	0	0	0	0	0	0	0	0	0	0	1	0		0	0	0	0	0	0	0	0	0	0	0	0	0	0	0	0	0	0	0	0	0	0	0	0	0	0	0	0	0	0	0	0	0	0	0	0	0	0	0	0	0	0	0	0	0	0	0	6	0	0	2012.0	50.0	"S"	0.86	0.0	"G"	0.0	"G"	1	0.0	0.0	0.52307695	0.4	0.60784316	0.88591665	0.0	0.0	8.571428571428571	0.17761989342806395	0.0	0.0	0.0	0.0	0.0	0.0	0.0	0.0	0.0	0.0	0.14285715	0.0	0.85714287	0.0	0.0	0.0	0.0	7.0	"SS"	5	1.0	0.0	0.0	0.0	0.0	0.0
113		"SS"	"Male"	"Tavji Sahadev Gorule"	61	"Seventh"		"Not Given"	0		2849000.0		39	79	13	17	12	24	2015							60.924	59.486	59.354	70.135	48.48	69.541	78.476	80.341	74.019	62.094	53.179	57.601	65.845	64.985	41.2	42.2	76.236664	77.9	80.015	66.5875			0	0	0	0	0	0	0	0	0	0	0	0	0	0	0	0	0	0	0	0	0	0	0	0	0	0	0	0	0	0	0	0		0	0	0	0	0	0	0	0	0	0	0	0	0	0	0	0	0	0	0	0	0	0	0	0	0	0	0	0	0	0	0	0	0	0	0	0	0	0	0	0	0	0	0	0	0	0	0	3	0	0	2012.0	50.0	"S"	0.86	0.0	"G"	0.0	"G"	1	0.0	0.0	0.49367088	0.7647059	0.5925926	0.47483334	0.0	0.0	6.0	0.0	0.0	0.0	0.0	0.0	0.0	0.0	0.0	0.0	0.0	0.0	0.0	0.0	1.0	0.0	0.0	0.0	0.0	3.0	"SS"	5	1.0	0.0	0.0	0.0	0.0	0.0
113		"SS"	"Male"	"Tavji Sahadev Gorule"	62	"Seventh"		"Not Given"	0		7718688.5		44	74	12	16	10	18	2016							56.26	55.045	57.478	70.651	57.474	70.46	80.09	90.751	83.928	55.32	57.478	65.982	70.65	63.836	45.8	46.7	57.946667	72.805	66.7625	69.95			0	0	0	0	0	0	0	0	0	0	2	0	0	0	0	0	0	0	0	0	0	1	0	0	0	0	0	1	0	0	0	0		0	0	0	0	0	0	0	0	0	0	0	0	0	0	0	0	0	0	0	0	0	0	0	0	0	0	0	0	0	0	0	0	0	0	0	0	0	0	0	0	0	0	0	0	0	0	0	0	0	0	2012.0	50.0	"S"	0.86	0.0	"G"	0.0	"G"	1	0.0	0.0	0.5945946	0.75	0.66	0.64322406	0.0	0.0	11.5	3.0303030303030303	0.0	0.0	0.0	0.0	0.0	0.0	0.0	0.0	0.5	0.0	0.0	0.0	0.0	0.0	0.25	0.0	0.25	4.0	"SS"	5	1.0	0.0	0.0	0.0	0.0	0.0
113	"W"	"SS"	"Female"	"Deepmala Baban Badhe"	50	"Upto Ninth"		"Yes"	0		5379332.0		91	102	14	17	34	39	2018		24990	"8361"		"BJP"	"4246"	59.05	37.703	45.04	64.94		61.864	63.702	68.893	69.183	44.662	41.289	59.382	74.428	47.868	70.6	68.1	68.33	35.0625	81.885	79.1175		50.272	0	0	0	0	0	0	1	0	0	0	0	0	1	1	0	0	0	0	0	0	0	0	0	0	0	0	0	3	0	1	0	0	3	0	0	0	0	0	0	0	0	0	0	0	0	0	0	0	0	0	0	0	0	0	0	0	0	0	0	0	0	0	1	0	0	0	0	0	0	0	0	0	0	0	0	0	0	0	0	0	1	0	0	2017.0	51.0	"S"	0.86	1.0		1.0	"G"	1	0.0	0.0	0.89215684	0.8235294	0.90849674	0.8965553	0.0	1.0	11.646	4.529821073558648	0.083333336	0.0	0.0	0.0	0.0	0.083333336	0.16666667	0.0	0.0	0.0	0.083333336	0.0	0.083333336	0.0	0.25	0.25	0.0	12.0	"SS"	5	1.0	0.0	0.0			0.86
114	"W"	"INC"	"Female"	"Asha Vasantkumar Anchan"									47	51	13	18	10	13	2011			"6815"	"yes"	"INC"	"1548"	69.957	57.21	63.046	60.936		65.272	61.948	63.608	61.061	62.34	60.356	63.59	61.719	62.21					52.535		116		0	0	0	0	0	0	0	0	0	0	0	0	0	0	0	1	0	0	0	0	0	0	0	0	0	0	0	0	0	0	3	0		0	0	0	0	0	0	0	0	0	0	0	0	0	0	0	0	0	0	0	0	0	0	0	0	0	0	0	0	1	0	0	0	0	0	0	0	0	0	0	0	0	0	0	0	0	0	0	0	0	0	2007.0	52.0	"S"	0.86	1.0		1.0	"G"	1	0.0		0.92156863	0.7222222	0.886076				14.6	0.19423558897243107	0.0	0.0	0.0	0.0	0.0	0.2	0.2	0.0	0.0	0.0	0.6	0.0	0.0	0.0	0.0	0.0	0.0	5.0	"INC"	2	0.0	0.0	0.0	0.0	0.0	0.86
114		"SS"	"Male"	"Vishwas Tukaram Shinde"	49	"HSC"		"Yes"	0		4845407.5		63	70	19	24	21	25	2013			"7909"		"Congress"	"2594"	56.374	55.293	48.787	77.182	47.572	69.636	74.905	80.541	83.042	40.838	50.338	54.35	65.098	59.603	34.8	35.7	62.113335	64.25	70.365	69.4575			0	0	0	0	0	0	0	1	0	0	0	0	0	0	0	0	0	0	0	0	0	0	0	0	0	0	0	0	0	0	0	0		0	0	0	0	0	0	0	0	0	0	0	0	0	0	0	0	0	0	0	0	0	0	0	0	0	0	0	0	0	0	0	0	0	0	0	0	0	0	0	0	0	0	0	0	0	0	0	0	0	0	2012.0	53.0	"S"	0.86	0.0	"G"	0.0	"G"	1	0.0	0.0	0.9	0.7916667	0.8956522	0.8075679	0.0	1.0	0.0	0.04793863854266539	0.0	0.0	0.0	0.0	0.0	0.0	1.0	0.0	0.0	0.0	0.0	0.0	0.0	0.0	0.0	0.0	0.0	1.0	"SS"	5	1.0	0.0	0.0	0.0	0.0	0.0
114		"SS"	"Male"	"Vishwas Tukaram Shinde"	50	"HSC"		"Yes"	0		1.1017E7		46	65	6	15	10	14	2014							64.425	68.384	62.179	73.119	60.785	75.995	81.519	89.699	85.067	65.896	65.899	69.267	68.77	61.927	42.2	60.8	53.113335	74.43	72.965	62.735			1	0	0	0	0	0	0	0	0	0	0	0	0	0	0	0	2	0	0	0	0	0	0	0	0	0	0	0	0	0	0	0		0	0	0	0	0	0	0	0	0	0	0	0	0	0	0	0	0	0	0	0	0	0	0	0	1	0	0	0	0	0	0	0	0	0	0	0	0	0	0	0	0	0	0	0	0	0	0	0	0	0	2012.0	53.0	"S"	0.86	0.0	"G"	0.0	"G"	1	0.0	0.0	0.7076923	0.4	0.6888889	0.9180833	0.0	1.0	13.5	0.0	0.0	0.0	0.0	0.0	0.25	0.0	0.5	0.0	0.0	0.0	0.0	0.0	0.0	0.0	0.0	0.0	0.25	4.0	"SS"	5	1.0	0.0	0.0	0.0	0.0	0.0
114		"SS"	"Male"	"Vishwas Tukaram Shinde"	51	"HSC"		"Yes"	0		3751000.0		36	79	17	17	16	34	2015							57.417	52.792	52.697	78.563	50.715	70.202	74.534	82.53	78.658	50.43	48.66	57.669	66.323	64.219	65.0	66.0	66.013336	76.1525	70.31	68.7025			0	0	0	0	0	0	0	0	0	0	0	0	0	0	0	0	0	0	0	0	0	0	0	0	0	1	0	0	0	0	1	0		0	0	0	0	0	0	0	0	0	0	0	0	0	0	0	0	0	0	0	0	0	0	0	0	0	0	0	0	0	0	0	0	0	0	0	0	0	0	0	0	0	0	0	0	0	0	0	0	0	0	2012.0	53.0	"S"	0.86	0.0	"G"	0.0	"G"	1	0.0	0.0	0.4556962	1.0	0.6160714	0.62516665	0.0	1.0	8.0	0.9825764067409313	0.0	0.0	0.0	0.0	0.0	0.0	0.0	0.0	0.0	0.0	1.0	0.0	0.0	0.0	0.0	0.0	0.0	2.0	"SS"	5	1.0	0.0	0.0	0.0	0.0	0.0
114		"SS"	"Male"	"Vishwas Tukaram Shinde"	52	"HSC"		"Yes"	0		6109163.0		35	74	11	16	18	31	2016							89.135	81.925	80.092	87.788	82.588	82.124	80.864	87.79	86.828	70.103	72.396	72.781	79.127	77.212	2.9	47.1	73.07	83.8925	88.1075	81.49			0	1	0	0	0	0	0	0	0	0	0	0	0	0	0	0	0	0	0	0	0	0	0	0	0	0	0	1	0	0	0	0		0	0	0	0	0	0	0	0	0	0	0	0	0	0	0	0	0	0	0	0	0	0	0	0	0	0	0	0	0	0	0	0	0	0	0	0	0	0	0	0	0	0	0	0	0	0	0	0	0	0	2012.0	53.0	"S"	0.86	0.0	"G"	0.0	"G"	1	0.0	0.0	0.47297296	0.6875	0.5925926	0.5090969	0.0	1.0	14.0	4.055158324821246	0.0	0.0	0.0	0.0	0.0	0.0	0.5	0.0	0.0	0.0	0.0	0.0	0.0	0.0	0.5	0.0	0.0	2.0	"SS"	5	1.0	0.0	0.0	0.0	0.0	0.0
114	"G"	"SS"	"Male"	"Ramesh Gajanan Korgaonkar"	58	"Upto Ninth"		"Yes"	0		5356921.5		102	102	1	17	157	187	2018		22019	"9887"		"MNS"	"1585"	64.967	52.301	40.445	58.996		62.048	64.62	69.827	77.19	63.457	50.915	64.608	65.356	62.254	87.0	20.2	67.36667	29.75	78.185	80.2775		62.659	0	0	0	0	0	0	0	0	0	0	0	0	1	0	0	0	0	1	0	0	0	0	0	0	0	0	0	2	0	6	1	0		0	0	1	0	0	0	0	0	0	0	0	0	0	0	0	0	0	0	0	0	0	0	0	0	0	0	0	0	0	2	0	0	0	0	0	0	0	0	1	0	0	0	0	0	0	2	0	0	3	0	2017.0	54.0	"S"	0.86	0.0		0.0	"G"	1	0.0	0.0	1.0	0.05882353	0.942029	0.89282024	0.0	1.0	15.3845	2.887673956262425	0.05	0.0	0.0	0.15	0.0	0.1	0.0	0.05	0.0	0.0	0.35	0.0	0.0	0.05	0.25	0.0	0.0	20.0	"SS"	5	1.0	0.0	0.0			0.0
115	"W"	"NCP"	"Female"	"Charu Chandan Sharma"									25	51	6	18	11	27	2011			"3952"		"SS"	"1817"	79.84	75.544	75.434	77.555		79.856	78.081	78.268	77.552	67.975	76.569	74.974	77.308	76.782					77.0075		121		0	0	0	0	0	0	0	0	0	0	0	0	0	0	0	0	0	0	0	0	0	0	0	0	0	0	0	0	0	0	0	0		0	0	0	0	0	0	0	0	0	0	0	0	0	0	0	0	0	0	0	0	0	0	1	1	0	0	0	0	0	3	0	0	0	0	0	0	0	0	0	0	0	0	0	0	0	0	0	0	0	0	2007.0	55.0	"S"	0.86	1.0		1.0	"G"	1	0.0		0.49019608	0.33333334	0.525				6.0	0.0	0.0	0.0	0.0	0.0	0.4	0.6	0.0	0.0	0.0	0.0	0.0	0.0	0.0	0.0	0.0	0.0	0.0	5.0	"NCP"	4	0.0	0.0	0.0	0.0	0.0	0.86
115		"NCP"	"Male"	"Chandan Chittaranjan Sharma"	48	"HSC"		"Yes"	1		5135103.5		16	70	13	24	5	23	2013	1		"6897"		"BJP"	"2334"	76.027	71.304	75.363	77.966	73.801	76.308	78.902	77.78	81.53	71.14	78.513	76.743	74.653	73.566	5.9	5.2	39.2	63.03	81.645	66.1375			0	0	0	0	0	0	0	0	2	2	0	0	0	0	0	0	0	0	0	0	0	0	0	0	0	0	0	1	0	0	0	0		0	0	0	0	0	0	0	0	0	0	0	0	0	0	0	0	0	0	0	0	0	0	0	0	0	0	0	0	0	0	0	0	0	0	0	0	0	0	0	0	0	0	0	0	0	0	0	3	0	0	2012.0	56.0	"S"	0.86	0.0	"G"	0.0	"G"	1	0.0	1.0	0.22857143	0.5416667	0.34343433	0.8558506	0.0	1.0	15.75	0.9923298178331735	0.0	0.0	0.0	0.0	0.0	0.0	0.5	0.0	0.0	0.0	0.0	0.0	0.375	0.0	0.125	0.0	0.0	8.0	"NCP"	4	0.0	0.0	0.0	0.0	0.0	0.0
115		"NCP"	"Male"	"Chandan Chittaranjan Sharma"	49	"HSC"		"Yes"	1		1.0979E7		30	65	9	15	9	19	2014							61.973	64.453	64.178	69.925	60.175	70.772	72.643	80.326	81.613	66.259	69.774	70.552	73.021	72.646	35.1	41.7	56.423332	66.8025	63.765	71.9975			0	1	0	0	0	0	0	0	0	0	1	0	0	0	0	0	0	0	0	0	0	0	0	0	0	0	0	0	0	0	0	1		0	0	0	0	0	0	0	0	0	0	0	0	0	0	0	0	0	0	0	0	0	0	0	0	0	0	0	0	0	0	0	0	0	0	0	0	0	0	0	0	0	0	0	0	0	0	0	1	0	0	2012.0	56.0	"S"	0.86	0.0	"G"	0.0	"G"	1	0.0	1.0	0.46153846	0.6	0.53932583	0.9149167	0.0	1.0	10.5	3.960923623445826	0.0	0.0	0.0	0.0	0.0	0.0	0.25	0.0	0.25	0.0	0.0	0.0	0.25	0.0	0.0	0.25	0.0	4.0	"NCP"	4	0.0	0.0	0.0	0.0	0.0	0.0
115		"NCP"	"Male"	"Chandan Chittaranjan Sharma"	50	"HSC"		"Yes"	1		5403000.0		18	79	2	17	21	41	2015							60.869	71.835	68.025	78.046	51.483	75.382	79.067	81.845	81.975	67.07	61.378	66.389	71.775	68.421	1.1	49.3	67.89667	65.0525	70.1325	73.035			0	1	0	0	0	0	0	0	0	0	0	0	1	0	0	0	0	0	0	0	0	0	0	0	0	0	0	2	0	0	0	0		0	0	0	0	0	0	0	0	0	0	0	0	0	0	0	0	0	0	0	0	0	0	0	0	0	0	0	0	0	0	0	0	0	0	0	0	0	0	0	0	0	0	0	0	0	0	0	0	0	0	2012.0	56.0	"S"	0.86	0.0	"G"	0.0	"G"	1	0.0	1.0	0.2278481	0.11764706	0.35042736	0.9005	0.0	1.0	14.0	5.3584690088546125	0.25	0.0	0.0	0.0	0.0	0.0	0.25	0.0	0.0	0.0	0.0	0.0	0.0	0.0	0.5	0.0	0.0	4.0	"NCP"	4	0.0	0.0	0.0	0.0	0.0	0.0
115		"NCP"	"Male"	"Chandan Chittaranjan Sharma"	51	"HSC"		"Yes"	1		6221386.5		19	74	5	16	0	0	2016	1						68.112	54.216	39.898	63.789	56.0	69.468	68.842	74.948	74.422	62.626	66.53	67.577	68.223	69.58	52.6	83.2	63.51	60.37	93.52	73.4			0	0	0	0	0	0	0	0	0	0	0	0	0	0	0	0	0	0	0	0	0	0	0	0	0	0	0	0	0	0	0	0		0	0	0	0	0	0	0	0	0	0	0	0	0	0	0	0	0	0	0	0	0	0	0	0	0	0	0	0	0	0	0	0	0	0	0	0	0	0	0	0	0	0	0	0	0	0	0	2	0	0	2012.0	56.0	"S"	0.86	0.0	"G"	0.0	"G"	1	0.0	1.0	0.25675675	0.3125	0.26666668	0.5184489	0.0	1.0	6.0	0.0	0.0	0.0	0.0	0.0	0.0	0.0	0.0	0.0	0.0	0.0	0.0	0.0	1.0	0.0	0.0	0.0	0.0	2.0	"NCP"	4	0.0	0.0	0.0	0.0	0.0	0.0
115	"G"	"SS"	"Male"	"Umesh Subhash Mane"	44	"SSC"		"Yes"	1		5334672.5		94	102	11	17	26	34	2018	1	27116	"8232"		"BJP"	"3283"	57.059	55.159	62.603	64.836		64.388	64.316	65.24	62.628	53.391	52.633	60.485	61.349	58.15	60.2	8.1	62.51	57.87	65.545	70.98		54.366	0	0	0	0	0	0	0	0	0	1	2	0	0	1	0	0	0	0	0	0	0	0	0	0	0	0	0	0	0	0	0	0		0	0	2	0	0	0	0	0	0	0	0	1	0	0	0	0	0	0	0	0	0	0	0	0	0	0	0	0	0	0	0	0	0	0	0	0	0	0	0	0	0	0	0	0	0	0	0	2	0	0	2017.0	57.0	"S"	0.86	0.0		0.0	"G"	1	0.0	1.0	0.92156863	0.64705884	0.9034483	0.88911206	0.0	1.0	7.749	0.9393638170974156	0.0	0.0	0.0	0.22222222	0.0	0.0	0.22222222	0.0	0.22222222	0.0	0.0	0.11111111	0.22222222	0.0	0.0	0.0	0.0	9.0	"SS"	5	1.0	0.0	0.0			0.0
116	"W"	"INC"	"Female"	"Anjali Vasant Darade"									28	51	6	18	4	14	2011			"5686"		"SS"	"2197"	66.915	58.019	63.552	60.692		64.778	62.332	62.104	60.518	60.697	62.355	62.561	61.995	60.682					50.2375		129		0	0	0	0	0	0	0	0	0	0	0	0	0	0	0	0	0	0	0	0	0	0	0	0	0	0	0	0	0	0	0	0		0	0	0	0	0	0	0	0	0	0	0	0	0	0	0	0	0	0	0	0	0	0	0	0	0	0	0	0	0	0	0	0	0	0	0	0	0	0	0	0	0	0	0	0	0	0	0	0	0	0	2007.0	58.0	"S"	0.86	1.0		1.0	"G"	1	0.0		0.54901963	0.33333334	0.5205479				0.0	0.0																		0.0	"INC"	2	0.0	0.0	0.0	0.0	0.0	0.86
116		"MNS"	"Male"	"Avinash Bhaskar Sawant"	41	"Ninth"		"Yes"	1		5628350.0		57	70	23	24	9	35	2013	1		"3661"		"SS"	"304"	73.814	72.515	69.007	70.943	73.329	70.679	69.929	76.653	73.182	68.015	70.452	70.141	70.21	70.379	1.6	0.0	49.786667	76.655	78.425	77.0025			0	2	0	0	0	0	0	0	1	4	0	0	0	0	0	0	0	0	0	0	0	0	0	0	0	0	0	1	0	0	0	0		1	0	0	0	0	0	0	0	0	0	0	0	0	0	0	0	0	0	0	0	0	0	0	0	0	0	0	0	0	0	0	0	0	1	0	0	0	0	0	0	0	0	0	0	0	0	0	0	0	0	2012.0	59.0	"S"	0.86	0.0	"G"	0.0	"G"	1	0.0	1.0	0.8142857	0.9583333	0.8640777	0.9380583	0.0	1.0	12.0	3.492329817833174	0.0	0.0	0.0	0.1	0.0	0.0	0.7	0.0	0.0	0.0	0.0	0.0	0.0	0.0	0.1	0.0	0.1	10.0	"MNS"	3	0.0	0.0	0.0	0.0	0.0	0.0
116		"MNS"	"Male"	"Avinash Bhaskar Sawant"	42	"Ninth"		"Yes"	0	1	1.1328E7		12	65	8	15	11	51	2014							74.808	72.099	68.996	71.946	62.002	70.834	70.267	74.867	72.833	59.417	67.58	65.046	63.972	68.406	31.8	37.5	59.553333	72.01	71.0975	62.4425			0	0	0	0	0	0	0	0	0	1	0	0	0	0	0	0	0	0	0	0	0	0	0	0	0	0	0	0	0	0	0	0		0	0	0	0	0	0	0	0	0	0	0	0	0	0	0	0	0	0	0	0	0	0	0	0	0	0	0	0	0	0	0	0	0	0	0	0	0	0	0	0	0	0	0	0	0	0	0	0	0	0	2012.0	59.0	"S"	0.86	0.0	"G"	0.0	"G"	1	0.0	0.0	0.18461539	0.53333336	0.34065935	0.944	0.0	1.0	3.0	0.02664298401420959	0.0	0.0	0.0	0.0	0.0	0.0	1.0	0.0	0.0	0.0	0.0	0.0	0.0	0.0	0.0	0.0	0.0	1.0	"MNS"	3	0.0	0.0	0.0	0.0	0.0	0.0
116		"MNS"	"Male"	"Avinash Bhaskar Sawant"	43	"Ninth"		"Yes"	0	1	4376000.0		36	79	9	17	11	86	2015							48.784	39.179	39.754	62.408	61.852	52.999	52.737	74.801	75.792	54.249	41.942	49.004	53.704	48.811	55.7	62.1	59.523335	64.4225	72.5	56.765			0	0	0	0	0	0	0	0	0	0	0	0	0	0	0	0	0	0	0	0	0	0	0	0	0	0	0	0	0	0	0	0		0	0	0	0	0	0	0	0	0	0	0	0	0	0	0	0	0	0	0	0	0	0	0	0	0	0	0	0	0	0	0	0	0	0	0	0	0	0	0	0	0	0	0	0	0	0	0	0	0	0	2012.0	59.0	"S"	0.86	0.0	"G"	0.0	"G"	1	0.0	0.0	0.4556962	0.5294118	0.5233645	0.72933334	0.0	1.0	0.0	0.0																		0.0	"MNS"	3	0.0	0.0	0.0	0.0	0.0	0.0
116		"MNS"	"Male"	"Avinash Bhaskar Sawant"	44	"Ninth"		"Yes"	0	1	6727019.0		13	74	15	16	1	14	2016	1						59.292	39.863	29.275	68.081	58.435	70.357	78.799	84.539	81.426	58.878	52.86	66.599	66.884	63.556	3.5	2.1	61.466667	59.3975	61.94	63.4025			0	0	0	0	0	0	0	0	0	0	0	0	0	0	0	0	0	0	0	0	0	0	0	0	0	1	0	0	0	0	3	0		0	0	0	0	0	0	0	0	0	0	0	0	0	0	0	0	0	0	0	0	0	0	0	0	0	0	0	0	0	0	0	0	0	0	0	0	0	0	0	0	0	0	0	0	0	0	0	0	0	0	2012.0	59.0	"S"	0.86	0.0	"G"	0.0	"G"	1	0.0	0.0	0.17567568	0.9375	0.31868133	0.5605849	0.0	1.0	8.0	0.7933265236636023	0.0	0.0	0.0	0.0	0.0	0.0	0.0	0.0	0.0	0.0	1.0	0.0	0.0	0.0	0.0	0.0	0.0	4.0	"MNS"	3	0.0	0.0	0.0	0.0	0.0	0.0
116	"W"	"BJP"		"Jagruti Pratik Patil"															2018			"11129"		"SS"	"4792"	81.146	58.981	66.744	86.664		80.532	75.045	85.759	80.294	58.223	54.213	71.029	67.597	73.156	0.2	55.9	75.14667	40.2275	75.2675	78.1825		72.721	0	0	0	0	0	0	0	0	0	0	0	0	0	0	0	0	0	0	0	0	0	0	0	0	0	0	0	0	0	0	0	0		0	0	0	0	0	0	0	0	0	0	0	0	0	0	0	0	0	0	0	0	0	0	0	0	0	0	0	0	0	0	0	0	0	0	0	0	0	0	0	0	0	0	0	0	0	0	0	0	0	0	2017.0	60.0			0.0		1.0	"G"	1	0.0																												"BJP"	1	0.0	0.0	0.0			
117		"SS"	"Male"	"Kashinath Vitthal Tharali"									44	51	9	17	8	14	2011			"8424"		"INC"	"915"	73.833	72.068	71.156	71.976		70.751	72.747	70.852	71.616	70.206	72.155	82.981	73.973	73.281					63.055		149		0	0	0	0	0	0	0	0	0	0	0	0	0	0	0	0	0	0	0	0	0	0	0	0	0	0	0	0	0	0	1	0		0	0	0	0	2	0	0	0	0	0	0	0	0	0	0	0	0	0	0	0	0	0	0	0	0	0	0	0	0	0	0	0	0	0	0	0	0	0	0	0	0	0	0	0	0	0	0	0	0	0	2007.0	61.0	"N"	0.7	0.0		0.0			1.0		0.8627451	0.5294118	0.80263156				12.0	0.20689655172413793	0.0	0.0	0.0	0.0	0.0	0.0	0.0	0.0	0.0	0.0	0.33333334	0.6666667	0.0	0.0	0.0	0.0	0.0	3.0	"SS"	5	1.0	0.0	0.0	0.0	0.0	0.0
117	"W"	"SS"	"Female"	"Bharti Subodh Bawdane"	40	"M.B.B.S"		"Yes"	0	1	6000003.5		51	70	12	19	13	18	2013			"11377"		"MNS"	"4961"	79.112	78.861	74.861	75.634	77.726	75.108	75.243	85.276	75.45	76.097	76.574	75.45	75.169	74.462	18.1	16.2	70.596664	67.1575	73.305	54.5775			0	0	0	0	0	0	0	0	0	0	1	0	0	0	0	0	0	0	0	0	0	0	0	0	0	0	0	0	0	1	0	0	2	1	0	0	0	2	0	0	0	0	0	0	0	0	0	0	0	0	0	0	0	0	0	0	0	0	0	0	0	1	0	0	0	0	0	0	0	0	0	0	0	0	0	0	0	0	0	0	1	0	0	2012.0	62.0	"N"	0.7	1.0		1.0			1.0	0.0	0.7285714	0.6315789	0.74509805	1.0000006	1.0	1.0	14.0	3.5828267477203646	0.0	0.0	0.0	0.11111111	0.0	0.11111111	0.0	0.0	0.11111111	0.0	0.11111111	0.22222222	0.11111111	0.0	0.0	0.22222222	0.0	9.0	"SS"	5	1.0	0.0	0.0	0.0	0.0	0.7
117	"W"	"SS"	"Female"	"Bharti Subodh Bawdane"	41	"M.B.B.S"		"Yes"	0		1.1873E7		44	65	6	18	13	17	2014							63.431	57.301	56.392	71.012	57.208	73.424	71.204	76.394	74.317	60.976	61.436	64.242	68.768	62.665	20.4	22.5	49.423332	57.4975	65.3225	70.22			0	2	0	0	0	0	0	0	0	0	0	0	0	0	0	0	0	0	0	0	0	1	0	0	0	0	0	1	0	0	0	0		0	0	0	0	0	0	0	0	0	0	0	0	0	0	0	0	0	0	0	0	0	0	0	0	0	0	0	0	2	0	0	0	0	0	0	0	0	0	0	0	0	0	0	0	0	0	0	0	0	0	2012.0	62.0	"N"	0.7	1.0		1.0			1.0	0.0	0.6769231	0.33333334	0.65625	0.98941666	1.0	1.0	10.0	3.471945591450085	0.0	0.0	0.0	0.0	0.0	0.33333334	0.33333334	0.0	0.0	0.0	0.0	0.0	0.0	0.0	0.16666667	0.0	0.16666667	6.0	"SS"	5	1.0	0.0	0.0	0.0	0.0	0.7
117	"W"	"SS"	"Female"	"Bharti Subodh Bawdane"	42	"M.B.B.S"		"Yes"	0		5279000.0		53	79	2	16	17	24	2015							62.435	54.246	59.914	65.572	53.115	71.193	74.426	76.805	69.196	50.871	52.179	58.102	61.686	62.501	28.6	31.2	58.18	64.765	66.8825	65.295			0	0	0	0	0	0	0	0	0	0	0	0	1	0	0	0	0	0	0	0	0	0	0	0	0	0	0	0	0	0	0	0		0	0	0	0	1	0	0	0	0	0	0	0	0	0	0	0	0	0	0	0	0	0	0	0	0	0	0	0	0	0	0	0	0	0	0	0	0	0	0	0	0	0	0	0	0	0	0	0	0	0	2012.0	62.0	"N"	0.7	1.0		1.0			1.0	0.0	0.6708861	0.125	0.64285713	0.87983334	1.0	1.0	6.0	0.07433920704845814	0.5	0.0	0.0	0.0	0.0	0.0	0.0	0.0	0.0	0.0	0.0	0.5	0.0	0.0	0.0	0.0	0.0	2.0	"SS"	5	1.0	0.0	0.0	0.0	0.0	0.7
117	"W"	"SS"	"Female"	"Bharti Subodh Bawdane"	43	"M.B.B.S"		"Yes"	0		6681394.0		53	74	1	16	16	18	2016							53.716	41.328	24.049	64.872	48.736	57.362	68.264	77.184	67.603	45.71	52.901	59.5	65.953	55.043	88.4	93.4	62.81	73.72	81.2475	70.455			0	0	0	0	0	0	0	0	0	0	0	0	5	0	0	0	0	0	0	0	0	0	0	0	0	0	0	0	0	1	0	0		0	0	1	0	0	0	0	0	0	0	0	0	0	0	0	0	0	0	0	0	0	0	0	0	0	0	0	0	1	0	2	0	0	0	0	0	0	0	0	0	0	0	0	0	0	0	0	0	0	0	2012.0	62.0	"N"	0.7	1.0		1.0			1.0	0.0	0.7162162	0.0625	0.6603774	0.55678284	1.0	1.0	7.8	1.090032154340836	0.5	0.0	0.0	0.1	0.0	0.3	0.0	0.0	0.0	0.0	0.1	0.0	0.0	0.0	0.0	0.0	0.0	10.0	"SS"	5	1.0	0.0	0.0	0.0	0.0	0.7
117	"OBC-W"	"SS"	"Female"	"Suvarna Sahadev Karanje"	61	"Upto Ninth"		"Yes"	0		5220399.0		84	102	14	17	55	62	2018		20948	"7315"		"BJP"	"1902"	57.98	48.837	53.544	66.597		70.639	71.259	64.596	73.64	53.929	49.813	63.987	63.397	56.19	48.8	42.2	67.246666	36.4275	82.4275	75.9475		53.471	0	1	0	0	0	0	0	0	0	2	2	0	0	0	0	0	0	0	0	0	0	0	0	0	0	0	0	3	0	0	0	0		0	0	0	0	0	0	0	0	0	0	0	0	0	0	0	0	0	0	0	0	0	0	0	0	0	0	0	0	0	0	0	0	0	0	0	0	0	0	0	0	0	0	0	0	0	0	0	0	0	0	2017.0	63.0	"S"	0.86	1.0		1.0	"OBC"	2	1.0	0.0	0.8235294	0.8235294	0.87931037	0.8700665	0.0	1.0	11.981	3.501491053677933	0.0	0.0	0.0	0.0	0.0	0.0	0.375	0.0	0.25	0.0	0.0	0.0	0.0	0.0	0.375	0.0	0.0	8.0	"SS"	5	1.0	0.0	0.0			0.86
118		"NCP"	"Male"	"Harun Yusuf Khan"									45	51	14	17	29	34	2011			"4763"		"SS"	"436"	72.519	68.666	69.016	76.527		77.288	73.187	71.339	68.629	69.75	72.631	67.346	78.427	69.584					85.095		134		0	1	0	0	0	0	0	0	0	0	0	0	0	0	0	0	0	0	0	0	0	0	0	0	0	0	0	0	0	0	1	0		0	0	0	0	0	0	0	0	0	0	0	0	0	0	0	0	0	0	0	0	0	0	0	0	0	0	0	0	0	0	0	0	0	0	0	0	0	0	0	0	0	0	0	0	0	0	0	0	0	0	2007.0	64.0	"N"	0.7	0.0		0.0			1.0		0.88235295	0.8235294	0.9072165				14.0	2.3072100313479624	0.0	0.0	0.0	0.0	0.0	0.0	0.5	0.0	0.0	0.0	0.5	0.0	0.0	0.0	0.0	0.0	0.0	2.0	"NCP"	4	0.0	0.0	0.0	0.0	0.0	0.0
118		"NCP"	"Male"	"Harun Yusuf Khan"	53	"SSC"		"Yes"	1	2	5925344.0		50	70	13	19	53	68	2013	1		"9567"		"MNS"	"5064"	62.588	53.569	44.226	79.953	55.585	70.207	76.012	83.179	69.643	52.063	55.896	64.116	65.54	51.457	22.5	54.4	77.72	75.9575	75.285	67.115			0	1	0	0	0	0	0	0	0	0	2	0	0	0	0	0	0	0	0	0	0	0	0	0	0	0	0	0	0	0	0	0		0	0	0	1	0	0	0	0	0	0	0	0	0	0	0	0	0	0	0	0	0	0	0	0	0	0	0	0	0	0	0	0	0	0	0	0	0	0	0	0	0	0	0	0	0	0	0	0	0	0	2012.0	65.0	"N"	0.7	0.0	"G"	0.0	"G"	1	0.0	1.0	0.71428573	0.68421054	0.8169014	0.98755735	0.0	1.0	6.0	2.7811550151975686	0.0	0.0	0.0	0.0	0.0	0.25	0.25	0.0	0.5	0.0	0.0	0.0	0.0	0.0	0.0	0.0	0.0	4.0	"NCP"	4	0.0	0.0	0.0	0.0	0.0	0.0
118		"NCP"	"Male"	"Harun Yusuf Khan"	54	"SSC"		"Yes"	0	1	1.1925E7		48	65	10	18	0	1	2014							53.261	59.101	45.631	72.391	46.762	67.315	70.913	78.447	75.686	48.396	52.801	58.974	64.99	52.441	25.2	45.7	56.89	58.7725	73.825	60.7325			0	0	0	0	0	0	0	0	0	0	0	0	0	0	0	0	0	0	0	0	0	1	0	0	0	0	0	0	0	0	0	0		0	0	0	0	0	0	0	0	0	0	0	0	0	0	0	0	0	0	0	0	0	0	0	0	0	0	0	0	0	0	0	0	0	0	0	0	0	0	0	0	0	0	0	0	0	0	0	0	0	0	2012.0	65.0	"N"	0.7	0.0	"G"	0.0	"G"	1	0.0	0.0	0.73846155	0.5555556	0.6987952	0.99375	0.0	1.0	1.0	0.0	0.0	0.0	0.0	0.0	0.0	0.0	0.0	0.0	0.0	0.0	0.0	0.0	0.0	0.0	0.0	0.0	1.0	1.0	"NCP"	4	0.0	0.0	0.0	0.0	0.0	0.0
118		"NCP"	"Male"	"Harun Yusuf Khan"	55	"SSC"		"Yes"	0	1	5458000.0		60	79	15	16	0	0	2015							69.051	64.37	60.328	70.597	54.056	70.321	73.5	76.844	76.608	54.332	57.644	61.537	62.704	64.318	33.6	58.3	61.41	68.12	65.415	68.8625			0	0	0	0	0	0	1	0	0	0	0	0	0	0	0	0	0	0	0	0	0	0	0	0	0	1	0	0	0	4	0	0		0	0	0	1	0	0	0	0	0	0	0	0	0	0	0	0	0	0	0	0	0	0	0	0	0	0	0	0	1	0	0	1	0	0	0	0	0	0	0	0	0	0	0	0	0	0	0	2	0	0	2012.0	65.0	"N"	0.7	0.0	"G"	0.0	"G"	1	0.0	0.0	0.75949365	0.9375	0.7894737	0.90966666	0.0	1.0	14.0	2.453193832599119	0.0	0.0	0.0	0.0	0.0	0.27272728	0.09090909	0.0	0.0	0.0	0.45454547	0.0	0.18181819	0.0	0.0	0.0	0.0	11.0	"NCP"	4	0.0	0.0	0.0	0.0	0.0	0.0
118		"NCP"	"Male"	"Harun Yusuf Khan"	56	"SSC"		"Yes"	0	1	6128911.0		71	74	11	16	30	30	2016	1						60.4	39.9	39.7	82.8	33.05	50.6	67.9	92.0	67.4	47.3	44.9	62.3	76.663	59.2	60.0	88.0	86.666664	79.79	80.75	72.4175			0	0	0	0	0	0	0	0	0	0	0	0	0	1	0	0	0	0	0	0	0	0	0	0	0	0	0	1	0	1	0	0	1	0	0	1	0	0	0	0	0	0	0	0	0	0	0	0	0	0	0	0	0	0	0	0	0	2	0	0	0	1	0	0	0	1	0	0	0	0	0	0	0	0	0	0	0	0	0	0	0	0	0	2012.0	65.0	"N"	0.7	0.0	"G"	0.0	"G"	1	0.0	0.0	0.9594595	0.6875	0.93333334	0.5107426	0.0	1.0	12.0	4.145766345123258	0.0	0.0	0.0	0.11111111	0.22222222	0.11111111	0.11111111	0.0	0.0	0.0	0.11111111	0.0	0.0	0.0	0.11111111	0.11111111	0.11111111	9.0	"NCP"	4	0.0	0.0	0.0	0.0	0.0	0.0
118	"G"	"SS"	"Male"	"Upendra Dattaram Sawant"	51	"Upto Ninth"		"Yes"	0		5202000.0		91	102	16	17	12	15	2018		24789	"9092"		"MNS"	"240"	62.38	51.591	68.111	68.287		71.315	75.185	73.976	75.586	52.449	40.35	54.475	67.418	57.192	57.9	68.3	72.77	47.9475	82.42	78.94		55.077	0	0	0	0	0	0	0	0	0	0	0	0	0	0	0	0	0	0	0	0	0	0	0	0	0	0	0	0	0	1	0	1	1	0	0	0	0	0	0	0	0	0	0	0	0	0	0	0	0	0	0	0	0	0	0	0	0	0	0	0	0	0	0	0	0	0	0	0	0	0	0	0	0	0	0	0	0	0	0	0	7	0	0	2017.0	66.0	"S"	0.86	0.0		0.0	"G"	1	0.0	0.0	0.89215684	0.9411765	0.90839696	0.867	0.0	1.0	9.719000000000001	2.3334990059642147	0.0	0.0	0.0	0.0	0.0	0.0	0.0	0.0	0.0	0.0	0.1	0.0	0.7	0.0	0.0	0.2	0.0	10.0	"SS"	5	1.0	0.0	0.0			0.0
119	"W"	"SS"	"Female"	"Saraswati Gajanan Bhosale"									50	51	17	17	12	13	2011			"8466"		"INC"	"4389"	79.001	62.438	60.419	77.667		76.23	77.813	82.69	78.204	44.845	57.115	57.56	65.937	64.079					80.03		121		0	0	0	0	0	0	4	0	1	1	1	0	0	0	0	0	1	0	0	0	0	0	0	0	0	0	0	6	0	1	1	1		0	0	0	0	0	0	0	0	0	0	0	0	0	0	0	0	0	0	0	0	0	0	0	1	0	1	0	0	0	1	0	0	0	0	0	0	0	0	0	0	0	0	0	0	0	0	0	1	0	0	2007.0	67.0	"N"	0.7	1.0		1.0	"G"	1	0.0		0.98039216	1.0	0.9875				13.142857142857142	4.574712643678161	0.0	0.0	0.0	0.0	0.04761905	0.04761905	0.33333334	0.0	0.04761905	0.04761905	0.0952381	0.0	0.04761905	0.0	0.2857143	0.04761905	0.0	21.0	"SS"	5	1.0	0.0	0.0	0.0	0.0	0.7
119		"MNS"	"Male"	"Sanjay Dattatray Bhalerao"	35	"B.Com"		"Yes"	1		6000000.0		45	70	12	19	7	22	2013	1		"10766"		"SS"	"4136"	66.292	41.937	60.58	67.165	49.662	77.425	77.895	85.359	80.651	42.442	46.942	50.17	69.288	65.384	60.7	61.8	74.526665	86.2	81.585	72.6625			0	0	0	0	0	0	0	0	0	0	0	0	0	0	0	0	0	0	0	0	0	0	0	0	0	0	0	1	0	0	0	0	1	0	0	0	0	0	0	0	0	0	0	0	0	0	0	0	0	0	0	0	0	0	0	0	0	0	0	0	0	0	0	0	0	0	0	0	0	0	0	0	0	0	0	0	0	0	0	0	2	0	0	2012.0	68.0	"N"	0.7	0.0	"G"	0.0	"G"	1	0.0	1.0	0.64285713	0.6315789	0.6666667	1.0	1.0	1.0	14.0	2.4354103343465043	0.0	0.0	0.0	0.0	0.0	0.0	0.0	0.0	0.0	0.0	0.0	0.0	0.5	0.0	0.25	0.25	0.0	4.0	"MNS"	3	0.0	0.0	0.0	0.0	0.0	0.0
119		"MNS"	"Male"	"Sanjay Dattatray Bhalerao"	36	"B.Com"		"Yes"	1		1.2E7		31	65	18	18	4	15	2014							62.523	58.319	68.21	74.273	65.55	74.349	76.537	77.106	71.779	63.878	62.806	53.904	65.091	57.505	28.2	37.9	55.253334	65.13	65.3725	75.02			0	0	0	0	0	0	1	0	0	0	0	0	0	0	0	0	0	0	0	0	0	0	0	0	0	0	0	3	0	0	0	0		0	0	0	0	0	0	0	0	0	0	0	0	0	0	0	0	0	0	0	0	0	0	0	0	0	0	0	0	0	0	0	0	0	0	0	0	0	0	0	0	0	0	0	0	0	0	0	1	0	0	2012.0	68.0	"N"	0.7	0.0	"G"	0.0	"G"	1	0.0	1.0	0.47692308	1.0	0.6091954	1.0	1.0	1.0	11.6	5.125091085742045	0.0	0.0	0.0	0.0	0.0	0.0	0.2	0.0	0.0	0.0	0.0	0.0	0.2	0.0	0.6	0.0	0.0	5.0	"MNS"	3	0.0	0.0	0.0	0.0	0.0	0.0
119		"MNS"	"Male"	"Sanjay Dattatray Bhalerao"	37	"B.Com"		"Yes"	1		5169000.0		32	79	12	16	0	0	2015							67.996	53.463	51.601	66.79	55.863	77.285	81.855	85.147	82.184	54.363	57.643	67.288	69.76	69.863	64.8	85.0	76.01667	77.1075	86.3175	76.565			0	0	0	0	0	0	0	0	0	0	0	0	1	0	0	0	0	0	0	0	0	0	0	0	0	0	0	0	0	1	0	0		0	0	0	0	0	0	0	0	0	0	0	0	0	0	0	0	0	0	0	0	0	0	0	0	0	0	0	0	0	0	0	0	0	0	0	0	0	0	0	0	0	0	0	0	0	0	0	1	0	0	2012.0	68.0	"N"	0.7	0.0	"G"	0.0	"G"	1	0.0	1.0	0.4050633	0.75	0.4631579	0.8615	1.0	1.0	12.0	0.9333700440528634	0.33333334	0.0	0.0	0.0	0.0	0.0	0.0	0.0	0.0	0.0	0.33333334	0.0	0.33333334	0.0	0.0	0.0	0.0	3.0	"MNS"	3	0.0	0.0	0.0	0.0	0.0	0.0
119		"MNS"	"Male"	"Sanjay Dattatray Bhalerao"	38	"B.Com"		"Yes"	1		6718935.0		25	74	12	16	0	0	2016	1						62.249	58.041	54.963	68.658	62.508	68.511	70.067	73.633	75.681	55.217	50.554	55.345	62.513	62.045	28.0	47.6	50.116665	73.915	63.6	71.125			0	0	0	0	0	0	0	0	0	0	0	0	0	0	0	0	0	0	0	0	0	0	0	0	0	0	0	1	0	0	0	0		0	0	0	0	0	0	0	0	0	0	0	0	0	0	0	0	0	0	0	0	0	0	0	0	0	0	0	0	0	0	0	0	0	0	0	0	0	0	0	0	0	0	0	0	0	0	0	1	0	0	2012.0	68.0	"N"	0.7	0.0	"G"	0.0	"G"	1	0.0	1.0	0.33783785	0.75	0.41111112	0.55991125	1.0	1.0	14.0	2.080385852090032	0.0	0.0	0.0	0.0	0.0	0.0	0.0	0.0	0.0	0.0	0.0	0.0	0.5	0.0	0.5	0.0	0.0	2.0	"MNS"	3	0.0	0.0	0.0	0.0	0.0	0.0
119	"OBC-W"	"NCP"	"Female"	"Manisha Harishchandra Rahate"	46	"Graduate"		"Yes"	0		5302990.0		100	102	17	17	26	32	2018		26640	"6979"		"SS"	"310"	77.28	72.228	77.401	84.184		77.842	80.103	89.11	85.697	64.053	73.849	72.453	77.82	70.522	31.7	64.3	67.09	55.41	94.535	76.2025		67.989	0	0	0	0	0	0	0	0	0	0	0	0	0	0	0	0	0	0	0	0	0	0	0	0	0	0	0	0	0	0	0	0		0	0	0	0	0	0	0	0	0	0	0	0	0	0	0	0	0	0	0	0	0	0	0	0	0	0	0	0	0	0	0	0	0	0	0	0	0	0	0	0	0	0	0	0	0	0	0	0	0	0	2017.0	69.0	"S"	0.86	1.0		1.0	"OBC"	2	1.0	0.0	0.98039216	1.0	0.9862069	0.8838317	1.0	1.0	0.0	0.0																		0.0	"NCP"	4	0.0	0.0	0.0			0.86
120		"SS"	"Male"	"Kumar Baburao Pandey"									35	51	12	17	11	19	2011			"6036"		"MNS"	"2737"	68.845	64.169	64.165	81.685		80.669	81.02	81.785	64.329	64.201	69.335	60.555	78.343	65.088					81.78		124		0	1	0	0	0	0	1	0	0	0	0	0	0	0	0	0	2	0	0	0	0	0	0	0	0	0	0	3	0	0	1	0		0	0	0	0	0	0	0	0	0	0	0	0	0	0	0	0	0	0	0	0	0	0	0	0	0	0	0	0	0	0	0	0	0	0	0	0	0	0	0	0	0	0	0	0	0	0	0	0	0	0	2007.0	73.0	"N"	0.7	0.0		0.0			1.0		0.6862745	0.7058824	0.73417723				10.25	4.518286311389759	0.0	0.0	0.0	0.0	0.0	0.0	0.5	0.0	0.0	0.0	0.125	0.0	0.0	0.0	0.375	0.0	0.0	8.0	"SS"	5	1.0	0.0	0.0	0.0	0.0	0.0
120	"W"	"NCP"	"Female"	"Pratiksha Raju Ghuge"	34	"HSC"		"Yes"	0		5708708.0		53	70	16	19	17	25	2013			"7820"		"SS"	"795"	67.139	62.238	54.775	75.817	48.979	77.581	80.2	81.864	81.611	59.824	63.35	60.277	68.667	69.679	33.7	71.5	67.34333	69.68	82.855	72.4475			0	1	0	0	0	0	0	0	0	0	0	0	0	1	0	0	0	0	0	0	0	0	0	0	0	0	0	0	0	0	0	0		0	0	0	0	0	0	0	0	0	0	0	0	0	0	0	0	0	0	0	0	0	0	0	0	0	0	0	0	0	0	0	0	0	0	0	0	0	0	1	0	0	0	0	0	0	0	0	5	0	0	2012.0	74.0	"N"	0.7	1.0	"W"	1.0	"G"	1	0.0	0.0	0.75714284	0.84210527	0.8113208	0.95145136	0.0	1.0	6.0	1.865501519756839	0.0	0.0	0.0	0.0	0.0	0.0	0.25	0.0	0.0	0.0	0.0	0.0	0.625	0.125	0.0	0.0	0.0	8.0	"NCP"	4	0.0	0.0	0.0	0.0	0.0	0.7
120	"W"	"NCP"	"Female"	"Pratiksha Raju Ghuge"	35	"HSC"		"Yes"	0		1.1709E7		30	65	10	18	7	14	2014							59.82	55.06	46.481	69.449	45.907	74.753	77.041	80.69	78.491	55.426	54.883	50.167	64.12	59.567	21.0	38.7	60.0	68.345	69.8625	66.9875			0	0	0	0	0	0	0	0	0	0	0	0	0	0	0	0	0	0	0	0	0	0	0	0	0	0	0	0	0	0	0	0		0	0	0	0	0	0	0	0	0	0	0	0	0	0	0	0	0	0	0	0	0	0	0	0	0	0	0	0	0	1	0	0	0	0	0	0	0	0	0	0	0	0	0	0	0	0	0	4	0	0	2012.0	74.0	"N"	0.7	1.0	"W"	1.0	"G"	1	0.0	0.0	0.46153846	0.5555556	0.5222222	0.97575	0.0	1.0	6.0	0.019431624969638087	0.0	0.0	0.0	0.0	0.0	0.2	0.0	0.0	0.0	0.0	0.0	0.0	0.8	0.0	0.0	0.0	0.0	5.0	"NCP"	4	0.0	0.0	0.0	0.0	0.0	0.7
120	"W"	"NCP"	"Female"	"Pratiksha Raju Ghuge"	36	"HSC"		"Yes"	0		4302000.0		20	79	4	16	2	34	2015							57.664	49.374	36.679	74.29	49.521	77.183	75.689	83.102	87.04	66.535	57.562	54.11	66.673	66.936	46.1	77.4	80.81	67.9025	79.495	68.6075			0	0	0	0	0	0	0	0	0	0	0	0	0	0	0	0	0	0	0	0	0	0	0	0	0	0	0	0	0	0	0	0		0	0	0	0	0	0	0	0	0	0	0	0	0	0	0	0	0	0	0	0	0	0	0	0	0	0	0	0	0	0	0	0	0	0	0	0	0	0	0	0	0	0	0	0	0	0	0	0	0	0	2012.0	74.0	"N"	0.7	1.0	"W"	1.0	"G"	1	0.0	0.0	0.25316456	0.25	0.26804122	0.717	0.0	1.0	0.0	0.0																		0.0	"NCP"	4	0.0	0.0	0.0	0.0	0.0	0.7
120	"W"	"NCP"	"Female"	"Pratiksha Raju Ghuge"	37	"HSC"		"Yes"	0		7140570.0		26	74	7	16	12	31	2016							66.32	52.011	39.694	72.229	60.077	75.306	77.161	86.853	83.535	65.163	62.619	70.149	70.381	64.394	21.5	76.2	65.9	67.525	72.3275	66.9225			0	0	0	0	0	0	0	0	0	1	0	0	0	0	0	0	0	0	0	0	0	0	0	0	0	0	0	0	0	0	0	0	1	0	0	0	0	0	0	0	0	0	0	0	0	0	0	0	0	0	0	0	0	0	0	0	0	0	0	0	0	0	0	0	0	0	0	0	0	0	0	0	0	0	0	0	0	0	0	0	1	0	0	2012.0	74.0	"N"	0.7	1.0	"W"	1.0	"G"	1	0.0	0.0	0.35135135	0.4375	0.44117647	0.5950475	0.0	1.0	15.0	1.5369774919614148	0.0	0.0	0.0	0.0	0.0	0.0	0.33333334	0.0	0.0	0.0	0.0	0.0	0.33333334	0.0	0.0	0.33333334	0.0	3.0	"NCP"	4	0.0	0.0	0.0	0.0	0.0	0.7
120	"W"	"SS"	"Female"	"Rajrajeshwari Anil Redkar"	55	"HSC"		"Yes"	0		5180344.0		101	102	17	17	26	30	2018		23339	"7770"		"NCP"	"4082"	48.059	46.875	51.744	59.942		53.162	57.699	51.924	53.299	62.438	58.556	42.285	50.014	50.467	3.5	5.7	46.28	59.18	56.375	68.4425		51.692	0	0	0	0	0	0	0	0	0	0	0	0	0	0	0	0	0	0	0	0	0	0	0	0	0	0	0	0	0	0	0	0		0	0	2	0	0	0	0	0	0	0	0	0	0	0	0	0	0	0	0	0	0	0	0	0	0	0	0	0	1	0	0	0	0	0	0	0	0	0	0	0	0	0	0	0	0	0	0	0	0	0	2017.0	75.0	"S"	0.86	1.0		1.0	"G"	1	0.0	0.0	0.99019605	1.0	0.99310344	0.8633907	0.0	1.0	4.0440000000000005	0.07952286282306163	0.0	0.0	0.0	0.6666667	0.0	0.33333334	0.0	0.0	0.0	0.0	0.0	0.0	0.0	0.0	0.0	0.0	0.0	3.0	"SS"	5	1.0	0.0	0.0			0.86
121		"BJP"	"Male"	"Pravin Velji Chheda"									45	51	8	17	9	11	2011			"5940"		"INC"	"3542"	71.361	63.744	58.952	72.434		69.496	68.559	74.503	71.747	61.492	63.136	62.471	64.386	67.143					66.66		135		0	0	0	0	0	0	0	0	0	1	0	0	1	0	0	0	0	0	0	0	0	0	0	0	0	0	0	1	0	0	0	0	1	0	0	0	0	0	0	0	0	0	0	0	0	0	0	0	0	0	0	0	0	0	0	0	0	0	0	0	0	0	0	0	0	0	0	0	0	0	0	0	0	0	0	0	0	0	0	0	1	0	0	2007.0	76.0	"N"	0.7	0.0		0.0			1.0		0.88235295	0.47058824	0.8051948				16.2	2.5454545454545454	0.2	0.0	0.0	0.0	0.0	0.0	0.2	0.0	0.0	0.0	0.0	0.0	0.2	0.0	0.2	0.2	0.0	5.0	"BJP"	1	0.0	0.0	0.0	0.0	0.0	0.0
121	"W"	"BJP"	"Female"	"Ritu Rajesh Tawade"	40	"S.Y.B.Com"		"Yes"	0		5382117.0		56	70	17	19	22	29	2013			"7069"		"MNS"	"1263"	52.692	54.079	37.387	50.765	59.537	69.043	71.703	89.769	76.782	79.718	65.587	67.728	76.549	65.372	67.0	75.1	73.97	62.6775	74.1425	60.705			0	3	0	0	0	0	1	0	0	0	0	0	0	1	0	0	0	0	0	0	0	0	0	0	0	0	0	2	0	1	0	2	2	1	0	0	1	0	0	0	0	0	0	0	0	0	0	0	0	0	0	0	0	0	0	0	0	0	0	0	0	0	0	0	0	0	0	0	0	0	0	0	0	0	0	0	0	0	0	0	2	0	0	2012.0	77.0	"N"	0.7	1.0	"W"	1.0	"G"	1	0.0	0.0	0.8	0.8947368	0.8558559	0.8970195	1.0	1.0	14.0	6.134291240674219	0.0	0.0	0.0	0.0625	0.0	0.0625	0.3125	0.0	0.0	0.0	0.0625	0.0	0.125	0.0	0.125	0.25	0.0	16.0	"BJP"	1	0.0	0.0	0.0	0.0	0.0	0.7
121	"W"	"BJP"	"Female"	"Ritu Rajesh Tawade"	41	"S.Y.B.Com"		"Yes"	0		1.1382E7		39	65	15	18	17	24	2014							51.304	61.846	58.06	54.264	54.159	74.181	80.241	80.973	80.045	54.297	55.728	43.959	59.688	44.534	50.1	60.9	73.01667	47.2725	40.5725	58.4825			0	1	0	0	1	0	0	0	0	0	0	0	0	0	0	2	0	1	0	0	0	0	0	0	0	0	0	4	0	1	1	1	1	0	0	0	0	0	0	0	0	0	0	0	0	0	0	0	0	0	0	0	0	0	3	0	1	0	0	0	0	0	0	1	0	1	0	0	0	0	0	0	0	0	0	0	0	0	0	0	1	0	0	2012.0	77.0	"N"	0.7	1.0	"W"	1.0	"G"	1	0.0	0.0	0.6	0.8333333	0.71	0.9485	1.0	1.0	16.3	5.976439154724313	0.0	0.15	0.0	0.0	0.05	0.05	0.2	0.05	0.0	0.0	0.1	0.0	0.05	0.0	0.2	0.1	0.05	20.0	"BJP"	1	0.0	0.0	0.0	0.0	0.0	0.7
121	"W"	"BJP"	"Female"	"Ritu Rajesh Tawade"	42	"S.Y.B.Com"		"Yes"	0		4668000.0		51	79	15	16	17	32	2015							65.897	67.351	60.699	81.743	61.387	83.601	83.099	85.66	84.814	58.503	58.747	68.106	68.456	68.157	11.6	20.9	67.543335	70.67	70.0375	68.07			0	4	0	0	0	0	1	0	0	1	1	0	1	0	0	0	0	0	0	1	0	1	0	0	0	0	0	4	0	0	0	0	1	0	0	0	0	0	0	0	0	0	0	0	0	0	0	0	0	0	0	0	0	0	0	2	2	0	0	0	0	0	0	0	0	0	0	0	0	0	0	0	0	0	0	0	0	2	0	0	0	0	0	2012.0	77.0	"N"	0.7	1.0	"W"	1.0	"G"	1	0.0	0.0	0.6455696	0.9375	0.7410714	0.778	1.0	1.0	12.857142857142858	5.733836486136305	0.04761905	0.0952381	0.0	0.0	0.1904762	0.0	0.2857143	0.0	0.04761905	0.04761905	0.0	0.0	0.0	0.0	0.1904762	0.04761905	0.04761905	21.0	"BJP"	1	0.0	0.0	0.0	0.0	0.0	0.7
121	"W"	"BJP"	"Female"	"Ritu Rajesh Tawade"	43	"S.Y.B.Com"		"Yes"	0		6729791.5		45	74	6	16	140	174	2016							91.719	91.189	92.362	91.816	92.729	92.908	92.18	94.446	92.652	90.005	89.725	88.544	88.553	88.726	46.4	51.8	77.886665	84.425	91.37	89.9975			0	1	0	0	0	0	0	0	0	0	0	0	1	0	0	1	0	0	0	0	0	0	0	0	0	0	0	3	0	2	1	0		0	0	0	0	0	0	0	0	0	0	0	0	0	0	0	0	0	0	0	0	0	0	0	2	1	0	0	0	0	0	0	0	0	0	0	0	0	0	0	0	0	0	0	0	0	0	0	1	0	0	2012.0	77.0	"N"	0.7	1.0	"W"	1.0	"G"	1	0.0	0.0	0.6081081	0.375	0.8304348	0.56081593	1.0	1.0	15.384615384615385	4.23706518561824	0.07692308	0.0	0.0	0.0	0.23076923	0.0	0.15384616	0.0	0.0	0.0	0.23076923	0.0	0.07692308	0.0	0.23076923	0.0	0.0	13.0	"BJP"	1	0.0	0.0	0.0	0.0	0.0	0.7
121	"SC-W"	"SS"	"Female"	"Chandravati Shivaji More"	40	"Graduate"		"Yes"	0		5165050.5		99	102	14	17	50	53	2018		28772	"4769"		"MNS"	"2495"	53.834	55.025	65.4	61.797		61.204	70.044	66.008	65.416	53.608	48.173	62.123	68.706	50.62	15.5	11.8	61.043335	65.83	40.5075	76.58		56.272	0	0	0	0	0	0	0	0	0	0	0	0	0	0	0	0	0	0	0	0	0	0	0	0	0	0	0	1	0	0	0	1		0	0	0	0	0	0	0	0	0	0	0	0	0	0	0	0	0	0	0	0	0	0	0	0	0	0	0	0	0	0	0	0	0	0	0	0	0	0	0	0	0	0	0	0	0	0	0	0	0	0	2017.0	78.0	"S"	0.86	1.0		1.0	"SCST"	3	1.0	0.0	0.9705882	0.8235294	0.964497	0.86084175	1.0	1.0	5.428	1.3394632206759445	0.0	0.0	0.0	0.0	0.0	0.0	0.0	0.0	0.0	0.0	0.0	0.0	0.0	0.0	0.5	0.5	0.0	2.0	"SS"	5	1.0	0.0	0.0			0.86
122		"SS"	"Female"	"Shubhangi Dashrath Shirke "									45	51	16	17	18	29	2011			"7877"		"INC"	"1543"	67.747	58.883	54.086	69.062		66.837	67.166	76.281	71.656	56.166	53.597	56.073	61.949	65.785					50.545		131		0	1	0	0	0	0	2	1	0	1	0	0	0	1	1	0	1	0	0	0	0	0	0	0	0	0	0	1	0	0	0	3	1	0	0	0	0	2	0	0	0	0	0	0	0	0	0	0	0	0	0	1	0	0	0	0	0	0	0	0	0	2	0	0	0	0	0	0	0	0	0	0	0	0	0	0	0	0	0	0	1	0	0	2007.0	79.0	"N"	0.7	1.0		0.0			1.0		0.88235295	0.9411765	0.9186047				14.526315789473683	5.065830721003135	0.0	0.0	0.0	0.0	0.0	0.10526316	0.42105263	0.0	0.0	0.0	0.0	0.15789473	0.05263158	0.0	0.05263158	0.21052632	0.0	19.0	"SS"	5	1.0	0.0	0.0	0.0	0.0	0.0
122		"IND"	"Male"	"Deepak Waman Hande"	44	"HSC"		"Yes"	0		5924461.0		67	70	18	19	15	17	2013			"8559"		"SS"	"2021"	68.639	52.18	57.26	66.418	55.345	75.562	78.913	83.92	87.175	61.974	63.683	67.446	69.76	67.105	4.1	81.0	86.27	79.63	80.4	69.48			0	2	0	0	0	0	0	0	0	0	0	0	0	0	0	0	0	0	0	0	0	0	0	0	0	0	0	3	0	0	0	0		0	0	0	0	0	0	0	0	0	0	0	0	0	0	0	0	0	0	0	0	0	0	0	0	0	0	0	0	1	0	0	0	0	0	0	0	0	0	0	0	0	0	0	0	0	0	0	11	0	0	2012.0	80.0	"N"	0.7	0.0	"OBC"	0.0	"OBC"	2	1.0	0.0	0.95714283	0.94736844	0.96153843	0.9874102	0.0	1.0	9.176470588235293	3.020516717325228	0.0	0.0	0.0	0.0	0.0	0.05882353	0.11764706	0.0	0.0	0.0	0.0	0.0	0.64705884	0.0	0.1764706	0.0	0.0	17.0	"_Other"	6	0.0	0.0	0.0	0.0	0.0	0.0
122		"IND"	"Male"	"Deepak Waman Hande"	45	"HSC"		"Yes"	0		1.1925E7		64	65	11	18	12	15	2014							59.206	49.385	60.345	64.258	59.613	66.33	72.557	73.699	74.158	59.879	56.781	46.35	61.376	47.105	0.0	35.7	49.513332	54.515	56.11	68.1575			0	0	1	0	0	0	1	0	0	0	0	0	0	2	0	0	0	0	0	0	0	0	0	0	0	0	0	2	0	2	4	1	3	0	0	0	0	0	0	0	0	0	0	0	0	1	0	0	0	0	1	0	0	0	0	1	0	0	0	0	0	0	0	1	0	0	0	0	0	0	0	0	0	0	0	0	0	0	0	0	12	0	0	2012.0	80.0	"N"	0.7	0.0	"OBC"	0.0	"OBC"	2	1.0	0.0	0.9846154	0.6111111	0.9157895	0.99375	0.0	1.0	15.0	3.700267184843333	0.0	0.0	0.0	0.0	0.03125	0.03125	0.15625	0.0	0.0	0.0	0.1875	0.03125	0.375	0.0	0.0625	0.125	0.0	32.0	"_Other"	6	0.0	0.0	0.0	0.0	0.0	0.0
122		"IND"	"Male"	"Deepak Waman Hande"	46	"HSC"		"Yes"	0	1	3432000.0		76	79	14	16	37	43	2015							67.127	59.704	58.422	76.601	59.224	76.79	70.268	79.484	82.905	61.662	59.634	63.799	63.848	72.27	0.0	56.9	67.60667	73.2075	68.165	80.805			0	1	0	0	0	0	0	0	0	0	0	0	0	0	0	0	0	0	0	0	0	0	0	0	0	0	0	6	0	2	0	0	1	0	0	0	0	0	0	0	0	0	0	0	0	0	0	0	0	0	0	0	0	0	0	0	0	0	0	0	0	0	0	0	0	1	0	0	0	0	0	0	0	0	0	0	0	0	0	0	6	0	0	2012.0	80.0	"N"	0.7	0.0	"OBC"	0.0	"OBC"	2	1.0	0.0	0.96202534	0.875	0.9621212	0.572	0.0	1.0	14.0	6.421806167400881	0.0	0.0	0.0	0.0	0.0	0.0	0.05882353	0.0	0.0	0.0	0.11764706	0.0	0.3529412	0.0	0.3529412	0.05882353	0.05882353	17.0	"_Other"	6	0.0	0.0	0.0	0.0	0.0	0.0
122		"IND"	"Male"	"Deepak Waman Hande"	47	"HSC"		"Yes"	0	1	8236680.0		63	74	13	16	13	32	2016							71.28	54.945	67.221	78.012	54.845	77.22	76.3	89.001	89.298	79.299	71.379	68.1	74.349	74.448	1.0	96.0	69.636665	79.8475	71.03	69.1925			0	0	0	0	0	0	0	0	0	0	1	0	0	0	0	0	0	0	0	0	0	0	0	0	0	0	0	4	0	1	0	0		0	0	0	0	0	0	0	0	0	0	0	0	0	0	0	0	0	0	0	0	0	0	0	0	0	0	0	0	0	0	0	0	0	0	0	0	0	0	0	0	0	0	0	0	0	0	0	6	0	0	2012.0	80.0	"N"	0.7	0.0	"OBC"	0.0	"OBC"	2	1.0	0.0	0.8513514	0.8125	0.8640777	0.68639	0.0	1.0	13.5	4.2508038585209	0.0	0.0	0.0	0.0	0.0	0.0	0.0	0.0	0.083333336	0.0	0.083333336	0.0	0.5	0.0	0.33333334	0.0	0.0	12.0	"_Other"	6	0.0	0.0	0.0	0.0	0.0	0.0
122	"OBC-W"	"BJP"	"Female"	"Vaishali Shrikant Patil"	42	"Post Graduate"		"Yes"	0		5232800.5		98	102	13	17	18	18	2018		28054	"4942"		"NCP"	"722"	61.533	52.255	53.086	59.303		66.438	62.184	64.932	73.514	64.015	49.302	63.791	62.761	56.293	21.3	16.0	63.866665	53.405	85.895	74.585		60.354	0	0	0	0	0	0	0	0	0	1	0	0	0	0	0	0	1	0	0	0	0	0	0	0	0	0	0	0	0	0	0	0		0	0	0	0	0	0	0	0	0	0	0	0	0	0	0	0	0	0	0	0	0	0	0	0	0	0	0	0	0	0	0	0	0	0	0	0	0	0	0	0	0	0	0	0	0	0	0	0	0	0	2017.0	81.0	"S"	0.86	1.0		1.0	"OBC"	2	1.0	0.0	0.9607843	0.7647059	0.94160587	0.87213343	1.0	1.0	7.1175	0.08946322067594434	0.0	0.0	0.0	0.0	0.0	0.0	1.0	0.0	0.0	0.0	0.0	0.0	0.0	0.0	0.0	0.0	0.0	2.0	"BJP"	1	0.0	0.0	0.0			0.86
123		"SS"	"Female"	"Ashwini Bharat Mate"									48	51	8	17	68	74	2011			"7538"		"INC"	"2571"	62.034	67.957	68.231	70.193		71.047	69.661	68.721	66.885	67.014	67.62	68.826	69.21	72.638					63.825		139		0	1	0	0	0	0	0	1	0	0	0	0	1	0	0	0	0	3	0	0	1	0	0	0	0	0	0	1	0	0	1	1	1	0	0	0	0	0	0	0	0	0	0	0	0	0	0	0	0	0	0	0	0	0	0	0	0	0	0	0	0	0	1	0	1	0	0	0	0	0	0	0	0	0	0	0	0	0	1	0	4	0	0	2007.0	82.0	"N"	0.7	1.0		0.0			1.0		0.9411765	0.47058824	0.9117647				11.0	4.093148231079265	0.055555556	0.0	0.0	0.055555556	0.0	0.11111111	0.11111111	0.16666667	0.0	0.0	0.055555556	0.0	0.22222222	0.0	0.055555556	0.11111111	0.055555556	18.0	"SS"	5	1.0	0.0	0.0	0.0	0.0	0.0
123		"SS"	"Female"	"Ashwini Bharat Mate"	44	"HSC"		"Yes"	0		4519778.5		68	70	15	19	43	52	2013			"9050"		"SP"	"2070"	59.331	53.383	53.376	68.061	68.954	63.815	71.217	88.14	90.209	67.814	68.182	71.866	76.455	71.285	60.7	67.9	65.25	68.32	84.49	57.3525			0	1	0	0	0	0	3	0	0	0	0	0	1	0	0	0	1	0	0	0	0	0	0	0	0	0	0	6	0	2	0	1	1	0	0	0	0	0	0	0	0	0	0	0	1	0	0	0	0	0	0	0	0	0	0	0	0	0	0	0	0	0	0	0	0	0	0	0	0	0	0	0	0	0	0	0	0	0	0	0	0	0	0	2012.0	83.0	"N"	0.7	1.0	"G"	0.0	"G"	1	0.0	0.0	0.9714286	0.7894737	0.95454544	0.75329643	0.0	1.0	11.176470588235293	5.707953394123608	0.05882353	0.0	0.0	0.0	0.0	0.0	0.29411766	0.0	0.0	0.0	0.11764706	0.05882353	0.0	0.0	0.3529412	0.11764706	0.0	17.0	"SS"	5	1.0	0.0	0.0	0.0	0.0	0.0
123		"SS"	"Female"	"Ashwini Bharat Mate"	45	"HSC"		"Yes"	0		1.013E7		64	65	13	18	32	43	2014							44.697	42.062	57.637	48.914	50.565	67.577	72.818	80.706	78.917	49.785	54.077	46.712	60.998	60.648	73.0	78.3	66.6	70.1675	71.1925	77.5075			0	0	0	0	0	0	1	0	0	0	0	0	0	0	0	1	2	0	0	0	0	0	0	0	0	0	0	0	0	0	1	0		0	0	1	0	0	0	0	0	0	0	0	0	0	0	0	0	0	0	0	0	0	0	0	0	0	0	0	0	0	0	0	0	1	0	0	0	0	0	0	0	0	0	0	0	0	0	0	0	0	0	2012.0	83.0	"N"	0.7	1.0	"G"	0.0	"G"	1	0.0	0.0	0.9846154	0.7222222	0.9478261	0.8441667	0.0	1.0	15.714285714285714	1.3966480446927374	0.0	0.0	0.0	0.14285715	0.0	0.0	0.5714286	0.0	0.0	0.0	0.14285715	0.0	0.0	0.0	0.0	0.0	0.14285715	7.0	"SS"	5	1.0	0.0	0.0	0.0	0.0	0.0
123		"SS"	"Female"	"Ashwini Bharat Mate"	46	"HSC"		"Yes"	0		5548000.0		75	79	13	16	61	63	2015							46.735	39.466	34.691	53.698	52.658	71.519	75.212	84.117	84.178	38.796	44.766	60.029	68.068	56.888	27.7	61.4	71.26667	58.4525	78.2075	57.585			0	0	0	0	0	0	0	0	0	0	0	0	2	0	1	0	2	1	0	0	0	0	0	0	0	0	0	1	0	3	1	0		0	0	0	0	0	1	0	0	0	0	0	0	0	0	0	0	0	0	0	0	0	0	0	0	0	0	0	0	0	0	0	1	0	0	0	0	0	0	0	0	0	0	0	0	0	0	1	0	0	0	2012.0	83.0	"N"	0.7	1.0	"G"	0.0	"G"	1	0.0	0.0	0.9493671	0.8125	0.9551282	0.92466664	0.0	1.0	16.571428571428573	2.354074889867842	0.14285715	0.0	0.071428575	0.0	0.0	0.071428575	0.21428572	0.071428575	0.0	0.0	0.2857143	0.071428575	0.0	0.0	0.071428575	0.0	0.0	14.0	"SS"	5	1.0	0.0	0.0	0.0	0.0	0.0
123		"SS"	"Female"	"Ashwini Bharat Mate"	47	"HSC"		"Yes"	0		6345367.5		66	74	12	16	45	48	2016							60.1	49.9	46.4	72.0	62.0	70.7	69.9	73.6	77.8	56.9	59.2	65.1	68.5	60.7	46.0	56.0	69.666664	78.32	59.575	65.1525			0	0	0	0	0	0	0	0	0	0	1	0	0	0	0	1	2	0	0	0	0	0	0	0	0	0	0	5	0	0	1	1	2	0	0	0	0	0	0	0	0	0	0	0	0	0	0	0	0	0	0	0	0	0	0	0	0	0	0	0	0	0	0	0	0	0	0	0	0	0	0	0	0	0	0	0	0	0	0	0	1	0	0	2012.0	83.0	"N"	0.7	1.0	"G"	0.0	"G"	1	0.0	0.0	0.8918919	0.75	0.9111111	0.52878064	0.0	1.0	11.857142857142858	4.655948553054662	0.0	0.0	0.0	0.0	0.0	0.0	0.21428572	0.0	0.071428575	0.0	0.071428575	0.0	0.071428575	0.0	0.35714287	0.21428572	0.0	14.0	"SS"	5	1.0	0.0	0.0	0.0	0.0	0.0
123	"W"	"IND"	"Female"	"Snehal Sunil More "	42	"HSC"		"Yes"	0		4855751.5		87	102	18	19	46	51	2018		28138	"9322"		"SS"	"755"	63.141	47.722	64.07	62.151		63.809	63.377	61.646	61.427	52.987	43.478	51.864	69.078	42.499	0.0	87.2	71.71333	50.4325	79.3	91.9725		56.068	0	0	0	0	0	0	0	0	0	0	0	0	0	0	0	0	0	0	0	0	0	0	0	0	0	0	0	0	0	0	0	0		0	0	0	0	0	0	0	0	0	0	0	0	0	0	0	0	0	0	0	0	0	0	0	0	0	0	0	0	0	0	0	0	0	0	0	0	0	0	0	0	0	0	0	0	0	0	0	4	0	0	2017.0	84.0	"N"	0.7	1.0		1.0	"G"	1	0.0	0.0	0.85294116	0.94736844	0.9041916	0.8092919	0.0	1.0	4.41	0.0	0.0	0.0	0.0	0.0	0.0	0.0	0.0	0.0	0.0	0.0	0.0	0.0	1.0	0.0	0.0	0.0	0.0	4.0	"_Other"	6	0.0	0.0	0.0			0.7
124	"W"	"BJP"	"Female"	"Shobha Harish Ashar"									49	51	17	17	10	14	2011			"8778"		"INC"	"5059"	61.982	64.188	67.534	68.736		69.795	70.313	66.061	66.424	63.805	63.922	65.066	64.416	68.061					57.1575		133		0	1	0	0	0	0	0	0	0	1	0	0	0	0	0	0	0	0	0	0	0	0	0	0	0	0	0	0	0	0	0	0		0	0	0	0	0	0	0	0	0	0	0	0	0	0	0	0	0	0	0	0	0	0	0	0	0	0	0	0	1	1	0	0	0	0	0	0	0	0	0	0	0	0	0	0	0	0	0	1	0	0	2007.0	85.0	"N"	0.7	1.0		1.0	"G"	1	0.0		0.9607843	1.0	0.974359				9.0	2.2445141065830723	0.0	0.0	0.0	0.0	0.0	0.4	0.4	0.0	0.0	0.0	0.0	0.0	0.2	0.0	0.0	0.0	0.0	5.0	"BJP"	1	0.0	0.0	0.0	0.0	0.0	0.7
124		"INC"	"Male"	"Pravin Velji Chheda"	48	"SSC"		"Yes"	1		4608569.0		61	70	14	19	75	93	2013	1		"8557"		"BJP"	"809"	52.399	55.802	28.77	73.172	59.164	68.472	75.544	78.225	78.505	52.273	50.946	62.61	69.224	55.786	80.9	86.1	78.19666	72.2625	87.7275	62.4725			0	0	0	0	0	0	0	0	0	0	0	0	2	0	0	0	0	0	0	2	0	0	0	0	0	0	0	1	0	2	0	0		3	0	1	0	1	0	0	0	0	0	0	0	0	0	0	0	0	0	0	0	0	0	0	0	1	0	0	0	0	0	0	0	0	0	0	0	0	0	1	0	0	0	0	0	0	0	0	7	0	0	2012.0	86.0	"N"	0.7	0.0	"G"	0.0	"G"	1	0.0	1.0	0.87142855	0.7368421	0.91463417	0.76809484	0.0	1.0	11.142857142857142	2.4658054711246202	0.0952381	0.0	0.0	0.1904762	0.04761905	0.0	0.0	0.0	0.0	0.0952381	0.0952381	0.04761905	0.33333334	0.04761905	0.04761905	0.0	0.0	21.0	"INC"	2	0.0	0.0	0.0	0.0	0.0	0.0
124		"INC"	"Male"	"Pravin Velji Chheda"	49	"SSC"		"Yes"	1		1.0624E7		47	65	15	18	104	124	2014							54.402	51.129	55.862	53.686	53.071	78.493	80.414	79.478	72.458	53.39	52.243	42.083	53.636	50.296	35.7	57.0	63.226665	67.1625	61.7275	73.2575			0	1	0	0	0	0	0	0	2	0	0	0	0	1	0	1	1	1	1	0	0	0	0	0	0	0	0	0	0	2	0	1	1	0	0	0	0	0	0	0	0	0	0	0	0	0	0	0	0	0	1	0	0	0	0	0	0	0	0	0	0	0	0	0	0	0	0	0	0	0	0	1	0	0	0	0	1	0	0	1	2	0	0	2012.0	86.0	"N"	0.7	0.0	"G"	0.0	"G"	1	0.0	1.0	0.72307694	0.8333333	0.88770056	0.88533336	0.0	1.0	16.0	5.84996009577015	0.0	0.0	0.05882353	0.0	0.0	0.0	0.4117647	0.05882353	0.0	0.0	0.11764706	0.0	0.11764706	0.11764706	0.0	0.11764706	0.0	17.0	"INC"	2	0.0	0.0	0.0	0.0	0.0	0.0
124		"INC"	"Male"	"Pravin Velji Chheda"	50	"SSC"		"Yes"	1		3226000.0		54	79	13	16	101	181	2015							68.807	62.492	31.769	83.173	56.464	73.735	76.581	88.616	91.227	57.575	59.116	63.703	72.921	75.183	61.3	67.1	66.23	75.18	87.0325	77.195			0	1	0	0	0	0	0	0	1	0	2	0	3	0	0	0	0	3	0	0	0	1	0	0	0	1	0	1	0	1	0	0		0	0	0	0	0	0	0	0	0	0	0	0	0	0	0	0	0	0	0	0	0	1	0	1	0	0	0	0	0	0	0	1	0	0	0	0	0	0	0	0	0	0	0	0	0	0	0	3	0	0	2012.0	86.0	"N"	0.7	0.0	"G"	0.0	"G"	1	0.0	1.0	0.6835443	0.8125	0.85714287	0.5376667	0.0	1.0	10.6	4.80359765051395	0.15	0.05	0.0	0.0	0.05	0.05	0.1	0.15	0.1	0.0	0.1	0.0	0.15	0.0	0.05	0.0	0.05	20.0	"INC"	2	0.0	0.0	0.0	0.0	0.0	0.0
124		"INC"	"Male"	"Pravin Velji Chheda"	51	"SSC"		"Yes"	1		7829299.0		64	74	9	16	115	154	2016	1						65.504	60.308	27.848	64.076	53.362	65.316	73.064	74.698	69.588	48.872	56.732	66.218	69.391	67.34	88.8	95.9	67.69	71.0125	92.425	78.8275			0	0	0	0	0	0	0	0	0	0	0	0	5	2	0	0	1	0	0	0	0	0	0	0	0	0	0	3	1	1	0	0		0	0	0	0	0	0	0	0	0	0	0	0	0	0	0	0	0	0	0	0	0	0	0	1	0	0	0	0	0	1	0	2	0	0	0	0	0	0	0	0	0	0	0	0	1	0	0	5	0	0	2012.0	86.0	"N"	0.7	0.0	"G"	0.0	"G"	1	0.0	1.0	0.8648649	0.5625	0.9170732	0.65244156	0.0	1.0	10.695652173913043	3.186954524575103	0.2173913	0.04347826	0.0	0.0	0.04347826	0.13043478	0.13043478	0.0	0.0	0.0	0.04347826	0.0	0.2173913	0.0	0.13043478	0.0	0.04347826	23.0	"INC"	2	0.0	0.0	0.0	0.0	0.0	0.0
124	"W"	"NCP"	"Female"	"Jyoti Harun Khan"	57	"Technical Diploma"		"Yes"	0		4973583.0		93	102	18	19	32	37	2018		22599	"6686"		"BJP"	"2780"	82.683	78.485	85.27	74.927		68.974	86.616	86.413	86.882	76.806	69.41	68.671	76.911	86.316	75.0	93.9	84.10333	55.2125	92.9475	80.35		84.925	0	0	0	0	0	0	0	0	0	0	0	0	0	0	0	0	0	0	0	0	0	0	0	0	0	0	0	2	0	0	0	1		0	0	0	0	0	0	0	0	0	0	0	0	0	0	0	0	0	0	0	0	0	0	0	0	0	0	0	0	0	0	0	0	0	0	0	0	0	0	0	0	0	0	0	0	0	0	0	1	0	0	2017.0	87.0	"N"	0.7	1.0		1.0	"G"	1	0.0	0.0	0.9117647	0.94736844	0.9346405	0.8289305	1.0	1.0	8.597999999999999	0.9498553519768562	0.0	0.0	0.0	0.0	0.0	0.0	0.0	0.0	0.0	0.0	0.0	0.0	0.25	0.0	0.5	0.25	0.0	4.0	"NCP"	4	0.0	0.0	0.0			0.7
125		"INC"	"Male"	"Suresh Shantaram Golatkar"									21	51	9	17	0	0	2011			"6616"		"SS"	"403"	63.901	62.44	67.287	63.767		69.092	63.354	68.878	64.997	62.676	61.8	63.476	63.462	63.095					61.525		116		0	3	0	0	0	0	2	0	0	0	0	0	0	0	0	0	0	0	0	0	0	0	0	0	0	0	0	0	0	0	0	0	1	0	0	0	0	0	0	0	0	0	0	0	0	0	0	0	0	0	2	0	0	0	0	0	0	0	0	0	0	0	0	0	0	0	0	0	0	0	0	0	0	0	0	0	0	0	0	0	1	0	0	2007.0	88.0	"N"	0.7	0.0		0.0			1.0		0.4117647	0.5294118	0.44117647				15.0	5.329153605015675	0.0	0.0	0.0	0.0	0.0	0.0	0.7777778	0.0	0.0	0.0	0.0	0.0	0.11111111	0.0	0.0	0.11111111	0.0	9.0	"INC"	2	0.0	0.0	0.0	0.0	0.0	0.0
125	"W"	"NCP"	"Female"	"Rakhee Harishchandra Jadhav"	38	"SSC"		"Yes"	0		5818329.5		44	70	19	19	6	22	2013			"8639"		"SS"	"1675"	75.3	73.465	75.724	78.846	72.247	76.951	82.49	90.053	89.21	64.882	64.429	63.026	73.069	76.469	58.4	74.3	62.43	68.8	73.6875	65.5275			0	0	0	0	0	0	0	0	0	0	0	0	0	0	0	0	0	0	0	0	0	0	0	0	0	0	0	0	0	1	1	0		0	0	0	0	0	0	0	0	0	0	0	0	0	0	0	0	0	0	0	0	0	0	0	0	0	0	0	0	0	0	0	0	0	0	0	0	0	0	0	0	0	0	0	0	0	0	0	5	0	0	2012.0	89.0	"N"	0.7	1.0	"W"	1.0	"G"	1	0.0	0.0	0.62857145	1.0	0.7263158	0.96972156	0.0	1.0	11.142857142857142	1.3487841945288754	0.0	0.0	0.0	0.0	0.0	0.0	0.0	0.0	0.0	0.0	0.2857143	0.0	0.71428573	0.0	0.0	0.0	0.0	7.0	"NCP"	4	0.0	0.0	0.0	0.0	0.0	0.7
125	"W"	"NCP"	"Female"	"Rakhee Harishchandra Jadhav"	39	"SSC"		"Yes"	0		1.1596E7		33	65	14	18	59	110	2014							62.127	52.325	70.485	75.616	52.512	76.519	80.761	84.898	78.008	55.398	62.24	46.361	65.428	71.179	16.3	31.6	55.733334	68.255	55.81	72.6125			0	0	0	0	0	0	0	0	0	0	0	0	0	0	0	0	0	0	0	0	0	0	0	0	0	0	0	1	0	0	0	0		0	0	0	0	0	0	0	0	0	0	0	0	0	0	0	0	0	0	0	0	0	0	0	0	0	0	0	0	0	0	0	0	0	0	0	0	0	0	0	0	0	0	0	0	0	0	0	0	0	0	2012.0	89.0	"N"	0.7	1.0	"W"	1.0	"G"	1	0.0	0.0	0.50769234	0.7777778	0.74647886	0.9663333	0.0	1.0	8.0	3.8426038377459313	0.0	0.0	0.0	0.0	0.0	0.0	0.0	0.0	0.0	0.0	0.0	0.0	0.0	0.0	1.0	0.0	0.0	1.0	"NCP"	4	0.0	0.0	0.0	0.0	0.0	0.7
125	"W"	"NCP"	"Female"	"Rakhee Harishchandra Jadhav"	40	"SSC"		"Yes"	0		4551000.0		36	79	15	16	60	147	2015							59.089	53.615	71.479	68.536	64.409	69.974	71.241	73.189	70.614	52.046	52.763	56.068	59.41	52.533	13.5	51.7	53.636665	61.21	69.9925	63.6725			0	1	0	0	0	0	0	0	0	1	0	0	1	0	1	0	0	0	0	0	0	0	0	0	0	0	0	2	0	0	0	0		0	0	0	0	0	0	0	0	0	0	0	1	0	0	0	0	1	0	0	0	0	1	0	0	0	0	0	0	0	0	0	0	0	0	0	0	0	0	0	0	0	0	0	0	1	0	0	0	0	0	2012.0	89.0	"N"	0.7	1.0	"W"	1.0	"G"	1	0.0	0.0	0.4556962	0.9375	0.716129	0.7585	0.0	1.0	13.6	5.154185022026432	0.1	0.2	0.0	0.0	0.0	0.0	0.4	0.0	0.0	0.0	0.0	0.1	0.0	0.0	0.2	0.0	0.0	10.0	"NCP"	4	0.0	0.0	0.0	0.0	0.0	0.7
125	"W"	"NCP"	"Female"	"Rakhee Harishchandra Jadhav"	41	"SSC"		"Yes"	0		6734178.5		42	74	13	16	0	0	2016							71.314	67.04	76.688	84.109	61.44	81.603	83.715	87.477	83.766	61.089	61.261	71.896	79.996	72.994	76.0	90.3	73.51667	84.105	83.7575	77.205			0	0	0	0	0	0	0	0	0	0	0	0	0	0	0	0	0	0	0	0	0	0	0	0	0	0	0	0	0	0	1	0		0	0	0	0	0	0	0	0	0	0	0	0	0	0	0	0	0	0	0	0	0	0	0	0	0	0	0	0	0	0	0	0	0	0	0	0	0	0	0	0	0	0	0	0	0	0	0	2	0	0	2012.0	89.0	"N"	0.7	1.0	"W"	1.0	"G"	1	0.0	0.0	0.5675676	0.8125	0.6111111	0.56118155	0.0	1.0	12.0	0.1607717041800643	0.0	0.0	0.0	0.0	0.0	0.0	0.0	0.0	0.0	0.0	0.33333334	0.0	0.6666667	0.0	0.0	0.0	0.0	3.0	"NCP"	4	0.0	0.0	0.0	0.0	0.0	0.7
125	"W"	"SS"	"Female"	"Rupali Suresh Awale"	32	"Upto Fifth"		"Yes"	0		4614280.5		79	102	15	19	10	18	2018		31610	"10652"		"BJP"	"3044"	61.229	54.406	61.697	70.53		70.089	68.849	76.797	72.0	50.411	53.359	64.433	64.123	60.883	32.4	35.2	67.136665	51.02	63.29	72.8775		53.8	0	1	0	0	0	0	0	0	0	0	0	0	0	0	0	0	0	0	0	0	0	0	0	0	0	0	0	8	0	0	0	0		0	0	0	0	0	0	0	0	0	0	0	0	0	0	0	0	0	0	0	0	0	0	0	0	0	0	0	0	0	0	0	0	0	0	0	0	0	0	0	0	0	0	0	0	0	0	0	0	0	0	2017.0	90.0	"N"	0.7	1.0		1.0	"G"	1	0.0	0.0	0.7745098	0.7894737	0.79389316	0.7690467	0.0	1.0	8.668	2.0223936569163183	0.0	0.0	0.0	0.0	0.0	0.0	0.11111111	0.0	0.0	0.0	0.0	0.0	0.0	0.0	0.8888889	0.0	0.0	9.0	"SS"	5	1.0	0.0	0.0			0.7
126	"W"	"NCP"	"Female"	"Rakhi Harishchandra Jadhav "									8	51	12	17	3	14	2011			"5330"		"SS"	"1184"	70.865	68.411	67.838	72.189		74.619	72.554	72.705	70.718	67.913	68.397	66.514	74.21	68.516					74.285		136		0	0	0	0	0	0	1	0	0	0	0	0	0	0	0	0	0	0	0	0	0	0	0	0	0	0	0	1	0	0	2	1		0	0	0	0	0	0	0	0	0	0	0	0	0	0	0	0	0	0	0	0	0	0	0	0	0	0	0	0	0	0	0	1	0	0	0	0	0	0	0	0	0	0	0	0	0	0	0	1	0	0	2007.0	91.0	"N"	0.7	1.0		1.0	"G"	1	0.0		0.15686275	0.7058824	0.32394367				13.142857142857142	3.09717868338558	0.0	0.0	0.0	0.0	0.0	0.14285715	0.14285715	0.0	0.0	0.0	0.2857143	0.0	0.14285715	0.0	0.14285715	0.14285715	0.0	7.0	"NCP"	4	0.0	0.0	0.0	0.0	0.0	0.7
126		"MNS"	"Male"	"Suresh Dnyanu Awale"	40	"SSC"		"Yes"	0		5062134.5		54	70	14	19	35	54	2013			"4909"		"Congress"	"1814"	63.53	62.459	37.898	61.388	69.517	55.367	57.267	93.992	89.364	55.875	56.063	66.067	67.613	61.478	16.2	21.6	53.856667	55.7925	63.085	56.5775			0	0	0	0	0	0	0	0	0	0	1	0	0	0	0	0	0	0	0	0	0	2	0	0	0	0	0	1	0	0	1	0		0	0	0	0	0	0	0	0	0	0	0	0	0	0	0	0	0	0	0	0	0	0	0	0	0	0	0	0	0	0	0	0	0	0	0	0	0	0	0	0	0	0	0	0	0	0	0	0	0	0	2012.0	92.0	"N"	0.7	0.0	"SC"	0.0	"SCST"	3	1.0	0.0	0.7714286	0.7368421	0.83064514	0.8436891	0.0	1.0	11.8	2.1200607902735564	0.0	0.0	0.0	0.0	0.0	0.0	0.0	0.0	0.2	0.0	0.2	0.0	0.0	0.0	0.2	0.0	0.4	5.0	"MNS"	3	0.0	0.0	0.0	0.0	0.0	0.0
126		"MNS"	"Male"	"Suresh Dnyanu Awale"	41	"SSC"		"Yes"	0		1.0632E7		36	65	10	18	17	38	2014							62.77	53.308	60.2	74.196	57.496	77.631	78.421	83.912	81.796	61.127	63.97	56.293	62.1	64.881	22.9	33.8	57.5	63.2575	56.2075	69.6025			0	1	0	0	0	0	1	0	0	0	0	0	0	0	0	0	0	0	0	0	0	0	0	0	0	0	0	0	0	0	0	0		0	0	0	0	0	0	0	0	0	0	0	0	0	0	0	0	0	0	0	0	0	0	0	0	0	0	0	0	0	0	0	0	0	0	0	0	0	0	0	0	0	0	0	0	0	0	0	1	0	0	2012.0	92.0	"N"	0.7	0.0	"SC"	0.0	"SCST"	3	1.0	0.0	0.5538462	0.5555556	0.63	0.886	0.0	1.0	12.0	2.7350012144765605	0.0	0.0	0.0	0.0	0.0	0.0	0.6666667	0.0	0.0	0.0	0.0	0.0	0.33333334	0.0	0.0	0.0	0.0	3.0	"MNS"	3	0.0	0.0	0.0	0.0	0.0	0.0
126		"MNS"	"Male"	"Suresh Dnyanu Awale"	42	"SSC"		"Yes"	0	1	5375000.0		30	79	9	16	17	56	2015							56.353	39.475	38.759	74.941	48.042	67.367	65.318	83.089	82.154	35.618	43.831	49.991	65.135	49.026	87.1	87.1	49.27	73.905	86.575	76.09			0	1	0	0	0	0	0	0	0	0	0	0	0	0	0	0	0	0	0	0	0	0	0	0	0	0	0	4	0	0	0	0		0	0	0	0	0	0	0	0	0	0	0	0	0	0	0	0	0	0	0	0	0	0	0	0	0	0	0	0	0	0	0	0	0	0	0	0	0	0	0	0	0	0	0	0	0	0	0	7	0	0	2012.0	92.0	"N"	0.7	0.0	"SC"	0.0	"SCST"	3	1.0	0.0	0.37974682	0.5625	0.5	0.8958333	0.0	1.0	12.0	4.986233480176211	0.0	0.0	0.0	0.0	0.0	0.0	0.083333336	0.0	0.0	0.0	0.0	0.0	0.5833333	0.0	0.33333334	0.0	0.0	12.0	"MNS"	3	0.0	0.0	0.0	0.0	0.0	0.0
126		"MNS"	"Male"	"Suresh Dnyanu Awale"	43	"SSC"		"Yes"	0	1	6313895.5		27	74	16	16	4	49	2016							66.43	63.34	63.011	71.159	70.357	69.123	70.813	73.838	73.405	63.837	65.145	63.291	68.694	69.065	0.0	10.9	47.826668	69.0125	55.6725	65.755			0	2	0	0	0	0	0	0	0	0	0	0	0	1	0	0	1	0	0	0	0	0	0	0	0	0	0	3	0	0	1	0		0	0	0	0	0	0	0	0	0	0	0	0	0	0	0	0	0	0	0	0	0	0	0	0	0	0	0	0	0	0	0	0	0	0	0	0	0	0	0	0	0	0	0	0	0	0	0	0	0	0	2012.0	92.0	"N"	0.7	0.0	"SC"	0.0	"SCST"	3	1.0	0.0	0.36486486	1.0	0.5	0.526158	0.0	1.0	14.0	3.7202572347266885	0.0	0.0	0.0	0.0	0.0	0.0	0.5	0.0	0.0	0.0	0.125	0.0	0.0	0.0	0.375	0.0	0.0	8.0	"MNS"	3	0.0	0.0	0.0	0.0	0.0	0.0
126	"OBC-W"	"SS"	"Female"	"Archana Sanjay Bhalerao"	39	"Bachelor of Dental Surgery"		"Yes"	0		5239589.0		22	102	14	19	4	16	2018		29251	"12759"	"yes"	"BJP"	"6670"	50.327	51.577	56.768	57.008		55.861	53.642	63.8	60.131	38.289	40.692	49.369	53.057	56.128	0.4	58.8	52.26	62.0675	69.855	61.8775		51.143	0	0	0	0	0	0	0	0	0	2	0	0	0	0	0	0	0	0	0	0	0	0	0	0	0	0	0	1	0	0	0	0		0	0	0	0	0	0	0	0	0	0	0	0	0	0	0	0	0	0	0	0	0	0	0	0	0	0	0	0	0	0	0	0	0	0	0	0	0	0	0	0	0	0	0	0	0	0	0	1	0	0	2017.0	93.0	"N"	0.7	1.0		1.0	"OBC"	2	1.0	0.0	0.21568628	0.7368421	0.32	0.87326485	1.0	1.0	8.354	1.0028929604628736	0.0	0.0	0.0	0.0	0.0	0.0	0.5	0.0	0.0	0.0	0.0	0.0	0.25	0.0	0.25	0.0	0.0	4.0	"SS"	5	1.0	0.0	0.0			0.7
127		"BJP"	"Male"	"Bhalchandra Motiram Shirsat"									48	51	14	17	38	42	2011			"12110"		"INC"	"8481"	62.669	66.293	66.114	67.075		69.51	68.425	68.963	67.546	67.436	67.464	84.134	74.051	71.232					71.235		189		0	0	0	0	0	0	0	0	0	1	0	0	0	0	0	0	2	0	0	0	0	0	0	0	0	0	0	3	0	1	1	0		0	0	0	0	2	0	0	0	0	0	0	0	0	0	0	0	0	0	0	0	0	0	0	0	0	0	0	0	1	0	0	0	0	0	0	0	0	0	0	0	0	0	0	0	0	0	0	1	1	0	2007.0	94.0	"N"	0.7	0.0		0.0			1.0		0.9411765	0.8235294	0.9433962				16.307692307692307	2.3824451410658307	0.0	0.0	0.0	0.0	0.0	0.07692308	0.23076923	0.0	0.0	0.0	0.15384616	0.15384616	0.07692308	0.0	0.30769232	0.0	0.0	13.0	"BJP"	1	0.0	0.0	0.0	0.0	0.0	0.0
127	"W"	"BJP"	"Female"	"Falguni Mukesh Dave"	51	"Diploma in Medical Technology"		"Yes"	0		5330773.0		65	70	15	19	18	19	2013			"12636"		"Congress"	"6938"	71.583	65.2	64.352	75.156	64.905	72.275	75.993	78.26	77.201	58.897	64.809	65.22	62.879	68.161	2.3	17.9	40.42	68.835	74.1925	75.15			0	1	0	0	0	0	0	1	0	0	0	0	0	0	0	0	0	0	0	0	0	3	0	0	0	0	0	1	0	2	0	0		1	0	6	0	0	0	0	0	0	0	0	0	0	0	0	0	0	0	0	0	0	0	0	0	0	0	0	0	0	0	0	0	0	0	0	0	0	0	0	0	0	0	0	0	0	0	0	0	0	0	2012.0	95.0	"N"	0.7	1.0	"W"	1.0	"G"	1	0.0	0.0	0.9285714	0.7894737	0.91588783	0.8884622	1.0	1.0	11.8	4.186930091185411	0.0	0.0	0.0	0.46666667	0.0	0.0	0.13333334	0.0	0.0	0.0	0.13333334	0.0	0.0	0.0	0.06666667	0.0	0.2	15.0	"BJP"	1	0.0	0.0	0.0	0.0	0.0	0.7
127	"W"	"BJP"	"Female"	"Falguni Mukesh Dave"	52	"Diploma in Medical Technology"		"Yes"	0		1.1282E7		32	65	17	18	13	20	2014							59.858	55.181	66.371	67.48	57.567	74.535	83.844	81.414	78.19	49.841	52.678	49.957	56.744	58.721	19.9	40.2	53.906666	70.275	54.86	71.8625			0	0	0	0	0	0	0	0	1	1	3	0	4	0	0	0	0	0	0	0	0	0	0	0	0	0	0	2	0	0	1	0		0	0	2	0	1	0	0	0	0	0	0	0	0	0	0	0	0	0	0	0	0	0	0	0	0	0	0	0	0	1	0	0	0	0	0	0	0	0	0	0	0	0	0	0	0	0	0	3	0	0	2012.0	95.0	"N"	0.7	1.0	"W"	1.0	"G"	1	0.0	0.0	0.4923077	0.9444444	0.6458333	0.94016665	1.0	1.0	10.736842105263158	3.4156285783684375	0.21052632	0.0	0.0	0.10526316	0.0	0.05263158	0.10526316	0.0	0.15789473	0.0	0.05263158	0.05263158	0.15789473	0.0	0.10526316	0.0	0.0	19.0	"BJP"	1	0.0	0.0	0.0	0.0	0.0	0.7
127	"W"	"BJP"	"Female"	"Falguni Mukesh Dave"	53	"Diploma in Medical Technology"		"Yes"	0		5122000.0		52	79	15	16	28	43	2015							73.453	68.969	69.693	81.276	67.143	84.364	76.333	87.454	86.204	62.551	60.722	62.368	65.189	62.283	38.0	46.7	63.136665	67.8775	61.9425	61.75			0	3	0	0	0	0	0	0	0	0	0	0	1	0	0	0	0	0	0	0	1	0	0	0	0	0	0	3	0	1	0	0		0	0	5	0	1	0	0	0	0	0	0	0	0	0	0	0	0	0	0	0	0	0	0	0	0	1	0	0	1	0	0	0	0	0	0	0	0	0	0	0	0	0	0	0	0	0	0	1	0	0	2012.0	95.0	"N"	0.7	1.0	"W"	1.0	"G"	1	0.0	0.0	0.65822786	0.9375	0.7723577	0.85366666	1.0	1.0	12.0	5.122647176611934	0.055555556	0.0	0.0	0.2777778	0.0	0.055555556	0.16666667	0.0	0.0	0.055555556	0.055555556	0.055555556	0.055555556	0.0	0.16666667	0.0	0.055555556	18.0	"BJP"	1	0.0	0.0	0.0	0.0	0.0	0.7
127	"W"	"BJP"	"Female"	"Falguni Mukesh Dave"	54	"Diploma in Medical Technology"		"Yes"	0		5880228.0		58	74	13	16	22	35	2016							83.818	75.546	76.278	89.18	74.274	87.462	88.636	93.099	91.645	71.822	73.095	78.185	80.459	77.272	6.4	38.2	65.153336	79.285	67.2875	74.545			0	3	0	0	0	0	0	0	1	0	2	0	4	0	1	0	0	0	0	0	0	0	0	0	0	0	0	0	0	0	1	0		0	0	0	0	0	2	0	0	0	0	0	0	0	0	0	0	0	0	0	0	0	0	0	0	0	0	0	0	2	1	0	0	0	0	0	0	0	0	0	0	0	0	0	0	0	0	0	10	0	0	2012.0	95.0	"N"	0.7	1.0	"W"	1.0	"G"	1	0.0	0.0	0.7837838	0.8125	0.83035713	0.490019	1.0	1.0	8.666666666666666	3.903996325218191	0.14814815	0.0	0.0	0.0	0.0	0.11111111	0.18518518	0.0	0.074074075	0.0	0.037037037	0.074074075	0.37037036	0.0	0.0	0.0	0.0	27.0	"BJP"	1	0.0	0.0	0.0	0.0	0.0	0.7
127	"G"	"SS"	"Male"	"Tukaram Krishna Patil"	50	"HSC"		"Yes"	1		5044098.5		98	102	19	19	16	18	2018	1	25171	"8596"		"BJP"	"4024"	51.208	37.15	36.833	58.822		65.115	79.369	81.322	76.352	64.807	54.745	63.358	76.038	48.733	62.3	52.9	78.043335	38.6375	72.335	74.9075		52.733	0	0	0	0	0	0	0	0	0	1	0	0	0	0	0	0	0	0	0	0	0	0	0	0	0	0	0	0	0	0	0	0		0	0	0	0	0	0	0	0	0	0	0	0	0	0	0	0	0	0	0	0	0	0	0	1	0	0	0	0	0	0	0	0	0	0	0	0	0	0	1	0	0	0	0	0	0	0	0	8	0	0	2017.0	96.0	"N"	0.7	0.0		0.0	"G"	1	0.0	1.0	0.9607843	1.0	0.9708029	0.8406831	0.0	1.0	7.086681818181819	0.10125361620057859	0.0	0.0	0.0	0.0	0.09090909	0.0	0.09090909	0.0	0.0	0.0	0.0	0.0	0.72727275	0.09090909	0.0	0.0	0.0	11.0	"SS"	5	1.0	0.0	0.0			0.0
128		"MNS"	"Male"	"Parameshwar Tukaram Kadam "									32	51	6	17	11	27	2011			"3465"		"NCP"	"353"	58.09	53.921	60.294	62.313		62.144	66.877	60.663	58.121	50.168	53.273	52.5	60.209	62.784					60.3275		121		0	0	0	0	0	0	0	0	0	0	0	0	0	0	0	0	0	0	0	0	0	0	0	0	0	0	0	1	0	0	0	0		0	0	0	0	0	0	0	0	0	0	0	0	0	0	0	0	0	0	0	0	0	0	0	0	0	0	0	0	0	0	0	0	0	0	0	0	0	0	0	0	0	0	0	0	0	0	0	0	0	0	2007.0	97.0	"N"	0.7	0.0		0.0			1.0		0.627451	0.3529412	0.62025315				8.0	0.9780564263322884	0.0	0.0	0.0	0.0	0.0	0.0	0.0	0.0	0.0	0.0	0.0	0.0	0.0	0.0	1.0	0.0	0.0	1.0	"MNS"	3	0.0	0.0	0.0	0.0	0.0	0.0
128	"W"	"MNS"	"Female"	"Mangal Prameshwar Kadam"	32	"SSC"		"Not Given"	0		5920885.0		30	70	4	19	16	36	2013			"7670"		"NCP"	"3564"	67.948	62.53	60.845	71.676	62.823	69.978	72.818	73.551	74.009	59.578	61.965	63.399	65.491	65.323	41.0	53.7	60.363335	69.6175	74.5225	75.0325			0	0	0	0	0	0	0	0	0	0	0	0	0	0	0	0	0	0	0	0	0	0	0	0	0	0	0	0	0	0	0	0	1	0	0	0	0	0	0	0	0	0	0	0	0	0	0	0	0	0	0	0	0	0	0	0	0	0	0	0	0	0	0	0	0	0	0	0	0	0	0	0	0	0	0	0	0	0	0	0	0	0	0	2012.0	98.0	"N"	0.7	1.0	"W"	1.0	"G"	1	0.0	0.0	0.42857143	0.21052632	0.47619048	0.98681414	0.0	0.0	8.0	1.3677811550151975	0.0	0.0	0.0	0.0	0.0	0.0	0.0	0.0	0.0	0.0	0.0	0.0	0.0	0.0	0.0	1.0	0.0	1.0	"MNS"	3	0.0	0.0	0.0	0.0	0.0	0.7
128	"W"	"MNS"	"Female"	"Mangal Prameshwar Kadam"	33	"SSC"		"Not Given"	0		1.192E7		13	65	3	18	10	29	2014							58.573	63.875	59.808	72.583	57.061	72.34	77.891	80.639	79.171	64.752	60.933	64.96	68.609	64.12	39.7	48.4	48.216667	51.6175	57.27	64.365			0	0	0	0	0	0	0	0	0	0	0	0	0	0	0	0	0	0	0	0	0	0	0	0	0	0	0	0	0	0	0	0		0	0	0	0	0	0	0	0	0	0	0	0	0	0	0	0	0	0	0	0	0	0	0	0	0	0	0	0	0	0	0	0	0	0	0	0	0	0	0	0	0	0	0	0	0	0	0	0	0	0	2012.0	98.0	"N"	0.7	1.0	"W"	1.0	"G"	1	0.0	0.0	0.2	0.16666667	0.2795699	0.99333334	0.0	0.0	0.0	0.0																		0.0	"MNS"	3	0.0	0.0	0.0	0.0	0.0	0.7
128	"W"	"MNS"	"Female"	"Mangal Prameshwar Kadam"	34	"SSC"		"Not Given"	0		5854000.0		12	79	1	16	17	40	2015							77.482	71.47	73.393	77.946	71.699	82.851	81.1	81.968	80.974	69.824	68.512	67.13	74.295	76.918	10.0	30.3	62.496666	75.7375	66.415	71.195			0	0	0	0	0	0	0	0	0	0	0	0	0	0	0	0	0	0	0	0	0	0	0	0	0	0	0	0	0	0	0	0		0	0	0	0	0	0	0	0	0	0	0	0	0	0	0	0	0	0	0	0	0	0	0	0	0	0	0	0	0	0	0	0	0	0	0	0	0	0	0	0	0	0	0	0	0	0	0	0	0	0	2012.0	98.0	"N"	0.7	1.0	"W"	1.0	"G"	1	0.0	0.0	0.15189873	0.0625	0.26785713	0.97566664	0.0	0.0	0.0	0.0																		0.0	"MNS"	3	0.0	0.0	0.0	0.0	0.0	0.7
128	"W"	"MNS"	"Female"	"Mangal Prameshwar Kadam"	35	"SSC"		"Not Given"	0		5445440.5		10	74	2	16	10	31	2016							93.071	90.892	90.248	92.094	90.234	90.491	88.952	92.185	92.088	84.438	82.983	82.361	85.48	84.034	8.9	54.8	77.96	86.93	90.5725	85.28			0	0	0	0	0	0	0	0	0	0	0	0	0	0	0	0	0	0	0	0	0	0	0	0	0	0	0	0	0	0	0	0		0	0	0	0	0	0	0	0	0	0	0	0	0	0	0	0	0	0	0	0	0	0	0	0	0	0	0	0	0	0	0	0	0	0	0	0	0	0	0	0	0	0	0	0	0	0	0	0	0	0	2012.0	98.0	"N"	0.7	1.0	"W"	1.0	"G"	1	0.0	0.0	0.13513513	0.125	0.22	0.4537867	0.0	0.0	0.0	0.0																		0.0	"MNS"	3	0.0	0.0	0.0	0.0	0.0	0.7
128	"W"	"SS"	"Female"	"Ashwini Deepak Hande"	39	"SSC"		"Yes"	0		4835312.0		98	102	18	19	23	30	2018		28950	"12980"		"Ind"	"8070"	61.133	38.758	71.652	55.878		60.848	56.007	57.225	62.282	45.41	39.654	51.395	69.93	42.457	77.4	65.2	71.55334	39.2475	86.7175	89.745		50.888	0	0	0	0	0	0	0	0	0	0	1	0	0	0	0	0	0	0	0	0	0	0	0	0	0	0	0	0	0	0	0	0		0	0	0	0	0	0	0	0	0	0	0	0	0	0	0	0	0	0	0	0	0	0	0	0	0	0	0	0	1	1	0	0	0	0	0	0	0	0	0	0	0	0	0	0	0	0	0	1	0	0	2017.0	99.0	"N"	0.7	1.0		1.0	"G"	1	0.0	0.0	0.9607843	0.94736844	0.9652778	0.8058853	0.0	1.0	4.41	1.9607843137254901	0.0	0.0	0.0	0.0	0.0	0.5	0.0	0.0	0.25	0.0	0.0	0.0	0.25	0.0	0.0	0.0	0.0	4.0	"SS"	5	1.0	0.0	0.0			0.7
129		"IND"	"Male"	"Suresh Krishnarao Patil"									41	51	6	15	13	27	2011			"2669"		"INC"	"359"	71.029	69.434	70.614	69.897		74.717	70.786	69.7	69.607	70.601	70.017	70.569	70.386	69.74					51.4775		117		0	0	0	0	0	0	0	0	0	2	0	0	1	0	0	0	0	0	0	0	0	0	0	0	0	0	0	0	0	0	0	0		0	0	0	0	0	0	0	0	0	0	0	0	0	0	0	0	0	0	0	0	0	0	0	0	0	0	0	0	0	0	0	0	0	0	0	0	0	0	0	0	0	0	0	0	0	0	0	0	0	0	2007.0	100.0	"M/E"	0.78	0.0		0.0			1.0		0.8039216	0.4	0.75949365				9.0	0.031210986267166042	0.33333334	0.0	0.0	0.0	0.0	0.0	0.6666667	0.0	0.0	0.0	0.0	0.0	0.0	0.0	0.0	0.0	0.0	3.0	"_Other"	6	0.0	0.0	0.0	1.0	0.0	0.0
129	"W"	"SP"	"Female"	"Reshma Ramesh Nevrekar"	43	"Upto SSC"		"Yes"	0		5366750.0		59	70	16	17	44	55	2013			"4241"		"NCP"	"942"	71.741	66.896	67.778	69.745	67.999	64.93	63.994	71.359	72.418	58.772	56.542	56.912	57.679	59.575	30.3	47.0	47.58	61.1675	63.765	56.76			0	0	0	0	0	0	0	0	0	0	0	0	0	0	1	0	0	0	0	0	0	0	0	0	0	0	0	1	0	1	2	0	1	4	0	1	0	0	0	0	0	0	0	0	0	0	0	0	0	0	0	0	0	0	0	1	1	0	0	0	0	0	3	1	0	0	0	0	0	0	0	0	0	0	0	0	0	0	0	0	0	0	0	2012.0	101.0	"M/E"	0.78	1.0	"OBC-W"	1.0	"OBC"	2	1.0	0.0	0.8428571	0.9411765	0.90839696	0.89445835	0.0	1.0	14.0	3.3972291959370753	0.0	0.0	0.0	0.29411766	0.11764706	0.23529412	0.05882353	0.0	0.0	0.0	0.1764706	0.0	0.0	0.0	0.05882353	0.05882353	0.0	17.0	"_Other"	6	0.0	0.0	0.0	1.0	1.0	0.78
129	"W"	"SP"	"Female"	"Reshma Ramesh Nevrekar"	44	"Upto SSC"		"Yes"	0		1.1227E7		58	65	12	13	45	55	2014							63.366	60.507	54.155	65.822	57.905	69.119	72.642	81.371	78.57	67.638	59.515	60.404	62.559	64.99	9.5	13.3	59.733334	69.85	60.115	67.91			0	0	2	0	0	0	0	0	0	1	1	0	2	0	1	0	1	1	0	0	0	1	0	0	0	0	0	5	0	7	1	0		0	0	2	0	0	1	1	0	0	0	0	0	0	0	0	0	0	1	0	0	0	0	0	4	0	0	0	0	0	6	2	0	0	0	0	0	0	0	0	3	0	0	0	0	0	0	0	3	0	0	2012.0	101.0	"M/E"	0.78	1.0	"OBC-W"	1.0	"OBC"	2	1.0	0.0	0.8923077	0.9230769	0.93495935	0.93558335	0.0	1.0	14.043478260869566	2.7685861311358857	0.04347826	0.0	0.0	0.04347826	0.08695652	0.17391305	0.13043478	0.02173913	0.02173913	0.0	0.17391305	0.04347826	0.06521739	0.06521739	0.10869565	0.0	0.02173913	46.0	"_Other"	6	0.0	0.0	0.0	1.0	1.0	0.78
129	"W"	"SP"	"Female"	"Reshma Ramesh Nevrekar"	45	"Upto SSC"		"Yes"	0		2924000.0		72	79	14	16	54	65	2015							59.348	50.139	45.811	81.096	61.06	68.011	70.962	72.491	67.39	54.723	51.667	55.732	63.263	55.568	33.9	69.3	44.796665	49.465	74.7025	56.27			0	2	0	0	0	0	0	0	0	1	0	0	3	0	0	0	0	0	0	0	0	0	0	0	0	0	0	4	0	6	2	3	1	0	0	3	0	0	0	0	0	0	0	0	0	0	0	0	0	0	0	0	0	0	0	0	2	0	0	0	0	0	3	1	0	0	0	0	0	0	0	0	0	0	0	0	0	0	0	3	6	0	0	2012.0	101.0	"M/E"	0.78	1.0	"OBC-W"	1.0	"OBC"	2	1.0	0.0	0.9113924	0.875	0.9395973	0.48733333	0.0	1.0	15.0	3.2058785487938946	0.075	0.0	0.075	0.075	0.05	0.1	0.075	0.0	0.0	0.0	0.2	0.0	0.15	0.0	0.1	0.1	0.0	40.0	"_Other"	6	0.0	0.0	0.0	1.0	1.0	0.78
129	"W"	"SP"	"Female"	"Reshma Ramesh Nevrekar"	46	"Upto SSC"		"Yes"	0		7319019.5		67	74	11	15	44	53	2016							68.096	57.855	48.675	73.139	62.729	67.018	72.671	83.716	80.742	49.006	51.82	56.025	69.06	59.341	18.2	69.4	66.11667	58.7175	64.45	58.3325			0	0	0	0	0	0	0	1	0	0	0	0	1	0	0	0	0	1	1	0	0	0	0	0	0	0	0	2	0	1	1	0		0	0	2	1	0	2	0	0	0	0	0	0	0	0	0	0	0	0	0	0	0	0	0	1	1	0	0	0	1	3	0	0	0	0	0	0	0	0	0	0	0	0	0	0	0	0	0	1	0	0	2012.0	101.0	"M/E"	0.78	1.0	"OBC-W"	1.0	"OBC"	2	1.0	0.0	0.9054054	0.73333335	0.91729325	0.6099183	0.0	1.0	11.4	2.1138912855910266	0.05263158	0.0	0.0	0.10526316	0.10526316	0.2631579	0.05263158	0.05263158	0.0	0.0	0.10526316	0.10526316	0.05263158	0.0	0.10526316	0.0	0.0	19.0	"_Other"	6	0.0	0.0	0.0	1.0	1.0	0.78
129	"OBC"	"BJP"	"Male"	"Suryakant Jayhari Gawali"	45	"SSC"		"Yes"	0		4764065.0		91	102	19	19	16	18	2018		26962	"6927"		"SS"	"215"	64.081	59.806	68.238	70.582		68.94	67.116	71.03	70.438	62.781	58.632	60.134	65.328	57.592	35.0	58.5	54.863335	50.5225	79.4025	68.23		59.723	0	0	0	0	0	0	0	0	0	2	0	0	0	0	0	0	0	0	0	0	0	0	0	0	0	0	0	0	0	1	0	1		0	0	0	0	0	0	0	0	0	0	0	1	0	0	0	0	0	0	0	0	0	0	0	0	0	0	0	0	0	0	0	0	0	0	0	0	0	0	0	0	0	0	0	0	0	0	0	0	0	0	2017.0	102.0	"N"	0.7	0.0		0.0	"OBC"	2	1.0	0.0	0.89215684	1.0	0.919708	0.7940108	0.0	1.0	7.8374999999999995	1.1202185792349728	0.0	0.0	0.0	0.0	0.0	0.0	0.4	0.0	0.0	0.0	0.2	0.2	0.0	0.0	0.0	0.2	0.0	5.0	"BJP"	1	0.0	0.0	0.0			0.0
130	"W"	"INC"	"Female"	"Ayesha Anis Shaikh"									38	51	14	15	9	13	2011			"3709"		"INC"	"535"	66.748	63.534	65.594	65.348		67.454	64.095	67.441	62.284	62.203	62.324	62.579	64.299	61.282					58.7675		126		0	0	0	0	0	0	3	0	1	0	0	0	0	0	0	0	0	0	0	0	0	0	0	0	0	1	0	4	0	0	3	1	2	0	0	0	0	0	0	0	0	0	0	0	0	0	0	0	0	0	0	0	0	0	0	0	2	0	0	0	0	0	0	0	0	1	0	0	0	0	0	1	0	0	0	0	0	0	0	0	0	0	0	2007.0	106.0	"M/E"	0.78	1.0		1.0	"G"	1	0.0		0.74509805	0.93333334	0.81333333				11.789473684210526	4.604456482967718	0.0	0.0	0.0	0.0	0.10526316	0.0	0.21052632	0.0	0.0	0.0	0.21052632	0.0	0.0	0.05263158	0.21052632	0.15789473	0.05263158	19.0	"INC"	2	0.0	0.0	0.0	1.0	1.0	0.78
130		"IND"	"Male"	"Mohd. Siraj Mohd. Iqbal Shaikh"	31	"Ninth"		"Not given"	0		5534538.5		36	70	10	17	51	68	2013			"3922"		"SP"	"1225"	67.852	64.073	64.829	68.358	67.564	64.46	62.401	67.853	68.259	60.665	56.663	55.482	58.982	56.748	28.0	47.4	55.923332	66.36	64.59	64.1375			0	0	0	0	0	0	0	0	0	0	0	0	0	0	0	0	0	0	0	0	0	0	0	0	0	0	0	0	0	0	1	0	1	0	0	0	0	0	0	0	0	0	0	0	0	0	0	0	0	0	0	0	0	0	0	0	0	0	0	0	0	0	0	0	0	0	0	0	0	0	0	0	0	0	0	0	0	1	0	0	0	0	0	2012.0	107.0	"M/E"	0.78	0.0	"G"	0.0	"G"	1	0.0	0.0	0.51428574	0.5882353	0.70289856	0.92242306	0.0	0.0	14.0	2.3812389156321254	0.0	0.33333334	0.0	0.0	0.0	0.0	0.0	0.0	0.0	0.0	0.33333334	0.0	0.0	0.0	0.0	0.33333334	0.0	3.0	"_Other"	6	0.0	0.0	0.0	1.0	0.0	0.0
130		"IND"	"Male"	"Mohd. Siraj Mohd. Iqbal Shaikh"	32	"Ninth"		"Not given"	0	1	1.1616E7		23	65	11	13	61	110	2014							69.458	60.983	57.025	68.566	62.711	77.149	77.573	84.506	73.45	59.33	58.652	60.456	68.595	64.002	7.7	12.4	55.95	71.96	58.51	66.2825			0	0	0	0	0	0	0	0	0	0	0	0	0	0	0	0	0	0	0	0	0	0	0	0	0	0	0	0	0	0	0	0		0	0	0	0	0	0	0	0	0	0	0	0	0	0	0	0	0	0	0	0	0	0	0	0	0	0	0	0	0	0	0	0	0	0	0	0	0	0	0	0	0	0	0	0	0	0	0	2	0	0	2012.0	107.0	"M/E"	0.78	0.0	"G"	0.0	"G"	1	0.0	0.0	0.35384616	0.84615386	0.68345326	0.968	0.0	0.0	6.0	0.0	0.0	0.0	0.0	0.0	0.0	0.0	0.0	0.0	0.0	0.0	0.0	0.0	1.0	0.0	0.0	0.0	0.0	2.0	"_Other"	6	0.0	0.0	0.0	1.0	0.0	0.0
130		"IND"	"Male"	"Mohd. Siraj Mohd. Iqbal Shaikh"	33	"Ninth"		"Not given"	0	1	3085000.0		30	79	6	16	69	148	2015							60.668	47.609	41.61	72.12	51.394	62.485	65.732	69.364	65.115	60.731	54.897	56.066	60.664	59.009	16.8	62.0	65.31333	71.13	60.39	72.7			0	0	0	0	0	0	0	0	0	0	0	0	0	0	0	0	0	0	0	0	0	0	0	0	0	0	0	1	0	0	0	0		0	0	0	0	0	0	0	0	0	0	0	0	0	0	0	0	0	0	0	0	0	0	0	0	0	0	0	0	0	0	1	0	0	0	0	0	0	0	0	0	0	0	0	0	0	0	0	0	0	0	2012.0	107.0	"M/E"	0.78	0.0	"G"	0.0	"G"	1	0.0	0.0	0.37974682	0.375	0.6402439	0.51416665	0.0	0.0	14.0	1.3603440470801267	0.0	0.0	0.0	0.0	0.0	0.5	0.0	0.0	0.0	0.0	0.0	0.0	0.0	0.0	0.5	0.0	0.0	2.0	"_Other"	6	0.0	0.0	0.0	1.0	0.0	0.0
130		"IND"	"Male"	"Mohd. Siraj Mohd. Iqbal Shaikh"	34	"Ninth"		"Not given"	0		8174268.5		18	74	5	15	1	18	2016							71.017	56.481	58.947	76.581	67.496	73.424	71.941	70.842	70.925	63.246	64.917	70.372	68.616	65.182	0.0	1.9	62.343334	72.0575	66.51	65.965			0	0	0	0	0	0	0	0	0	0	0	0	0	0	0	0	0	0	0	0	0	0	0	0	0	0	0	0	0	0	0	0		0	0	0	0	0	0	0	0	0	0	0	0	0	0	0	0	0	0	0	0	0	0	0	0	0	0	0	0	0	0	0	0	0	0	0	0	0	0	0	0	0	0	0	0	0	0	0	1	0	0	2012.0	107.0	"M/E"	0.78	0.0	"G"	0.0	"G"	1	0.0	0.0	0.24324325	0.33333334	0.26666668	0.68118906	0.0	0.0	6.0	0.0	0.0	0.0	0.0	0.0	0.0	0.0	0.0	0.0	0.0	0.0	0.0	0.0	1.0	0.0	0.0	0.0	0.0	1.0	"_Other"	6	0.0	0.0	0.0	1.0	0.0	0.0
130	"W"	"BJP"	"Female"	"Bindu Chetan Trivedi "	48	"HSC"		"Yes"	0		4411696.5		91	102	16	19	36	45	2018		25887	"11055"		"SS"	"5145"	57.925	55.99	54.97	64.999		67.963	68.04	72.536	67.022	64.649	57.657	54.809	57.062	52.986	43.4	25.6	54.71	56.11	51.1	63.7725		53.546	0	1	0	0	0	0	0	0	0	0	0	0	0	0	0	0	0	1	0	0	0	0	0	0	0	0	0	0	0	0	1	0		0	0	0	0	0	0	0	0	0	0	0	0	0	0	0	0	0	0	0	0	0	0	0	0	0	0	0	0	0	0	0	0	0	0	0	0	0	0	0	0	0	0	0	0	0	0	0	0	0	0	2017.0	108.0	"N"	0.7	1.0		1.0	"G"	1	0.0	0.0	0.89215684	0.84210527	0.91082805	0.7352828	0.0	1.0	7.562	2.933140469302475	0.0	0.0	0.0	0.0	0.0	0.0	0.33333334	0.33333334	0.0	0.0	0.33333334	0.0	0.0	0.0	0.0	0.0	0.0	3.0	"BJP"	1	0.0	0.0	0.0			0.7
131	"W"	"SP"	"Female"	"Noorjahan Mohd. Rafique Shaikh"									16	51	11	15	1	13	2011			"4499"		"SS"	"1699"	62.378	60.219	61.965	60.954		61.201	61.091	61.484	61.592	60.74	61.397	61.575	59.998	61.121					68.175		123		0	0	0	0	0	0	0	0	0	0	0	0	0	0	0	0	0	0	0	0	0	0	0	0	0	0	0	1	0	0	1	0	2	0	0	0	0	0	0	0	0	0	0	0	0	0	0	0	0	0	0	0	0	0	0	0	1	0	0	0	0	0	0	0	0	0	0	0	0	0	0	0	0	0	0	0	0	0	0	0	0	0	0	2007.0	109.0	"M/E"	0.78	1.0		1.0	"G"	1	0.0		0.3137255	0.73333335	0.41791046				11.6	4.679697253433209	0.0	0.0	0.0	0.0	0.2	0.0	0.0	0.0	0.0	0.0	0.2	0.0	0.0	0.0	0.2	0.4	0.0	5.0	"_Other"	6	0.0	0.0	0.0	1.0	1.0	0.78
131		"SP"	"Female"	"Noorjahan Rafique Shaikh"	37	"Seventh"		"Yes"	0	1	5780338.5		28	70	15	17	10	32	2013	1		"5515"		"SS"	"1299"	72.027	70.328	63.4	69.337	64.609	67.699	71.004	72.65	70.438	59.84	54.331	52.337	56.567	58.056	8.5	39.7	46.61	60.625	48.6825	72.08			0	0	0	0	0	0	1	0	0	0	0	0	0	0	0	0	0	0	0	0	0	0	0	0	0	0	0	0	0	0	0	0		0	0	0	0	0	0	0	0	0	0	0	0	0	0	0	0	0	0	0	0	0	0	0	2	0	0	0	0	0	0	0	0	0	0	0	0	0	0	0	0	0	0	0	0	0	0	0	0	0	0	2012.0	110.0	"M/E"	0.78	1.0	"G"	0.0	"G"	1	0.0	0.0	0.4	0.88235295	0.5463917	0.96338975	0.0	1.0	12.0	0.16816569546491006	0.0	0.0	0.0	0.0	0.6666667	0.0	0.33333334	0.0	0.0	0.0	0.0	0.0	0.0	0.0	0.0	0.0	0.0	3.0	"_Other"	6	0.0	0.0	0.0	1.0	0.0	0.0
131		"SP"	"Female"	"Noorjahan Rafique Shaikh"	38	"Seventh"		"Yes"	0	1	1.1727E7		32	65	7	13	11	15	2014							68.777	66.28	66.078	74.993	66.369	70.615	75.486	84.466	72.544	58.865	63.649	59.196	66.307	61.187	3.7	17.0	55.56333	70.0275	58.605	66.81			0	0	0	0	0	0	0	0	0	0	0	0	0	0	0	0	0	0	0	0	0	0	0	0	0	0	0	0	0	2	1	0		0	0	0	0	0	0	0	0	0	0	0	0	0	0	0	0	0	0	0	0	0	0	1	3	0	0	0	0	0	0	0	0	0	0	0	0	0	0	0	0	0	0	0	0	0	0	0	0	0	0	2012.0	110.0	"M/E"	0.78	1.0	"G"	0.0	"G"	1	0.0	0.0	0.4923077	0.53846157	0.56179774	0.97725	0.0	1.0	13.714285714285715	0.3802602670272097	0.0	0.0	0.0	0.0	0.5714286	0.0	0.0	0.0	0.0	0.0	0.42857143	0.0	0.0	0.0	0.0	0.0	0.0	7.0	"_Other"	6	0.0	0.0	0.0	1.0	0.0	0.0
131		"SP"	"Female"	"Noorjahan Rafique Shaikh"	39	"Seventh"		"Yes"	0	1	3844000.0		39	79	13	16	20	30	2015							61.366	41.283	36.686	78.473	43.889	68.457	64.56	60.895	64.587	57.864	50.396	49.836	59.336	60.668	67.2	66.9	60.166668	68.1925	72.46	72.075			0	0	0	0	0	0	0	0	0	0	0	0	0	0	0	0	0	0	0	0	0	0	0	0	0	0	0	0	0	0	1	0		0	0	0	0	0	0	0	0	0	0	0	0	0	0	0	0	0	0	0	0	0	0	2	2	0	0	0	0	0	0	0	0	0	0	0	0	0	0	0	0	0	0	0	0	0	0	0	0	0	2	2012.0	110.0	"M/E"	0.78	1.0	"G"	0.0	"G"	1	0.0	0.0	0.49367088	0.8125	0.62608695	0.64066666	0.0	1.0	11.571428571428571	0.08601177003168854	0.0	0.0	0.0	0.0	0.5714286	0.0	0.0	0.0	0.0	0.0	0.14285715	0.0	0.0	0.0	0.2857143	0.0	0.0	7.0	"_Other"	6	0.0	0.0	0.0	1.0	0.0	0.0
131		"SP"	"Female"	"Noorjahan Rafique Shaikh"	40	"Seventh"		"Yes"	0	0	6788475.5		34	74	10	15	16	38	2016							68.513	59.593	67.189	74.8	67.226	73.642	71.322	74.628	74.477	70.576	71.824	71.835	73.965	71.905	50.4	86.8	69.7	74.385	77.5075	60.62			0	0	0	0	0	0	1	1	0	0	0	0	0	0	0	0	0	0	0	0	0	0	0	0	0	0	0	2	0	1	0	0	1	0	0	0	0	0	0	0	0	0	0	0	0	0	0	0	0	0	0	0	0	0	0	1	2	0	0	0	0	0	0	0	0	0	0	0	0	0	0	0	0	0	0	0	0	0	0	0	1	0	0	2012.0	110.0	"M/E"	0.78	1.0	"G"	0.0	"G"	1	0.0	0.0	0.45945945	0.6666667	0.5714286	0.5657063	0.0	1.0	14.0	3.7772025692646922	0.0	0.0	0.0	0.0	0.3	0.0	0.2	0.0	0.0	0.0	0.1	0.0	0.1	0.0	0.2	0.1	0.0	10.0	"_Other"	6	0.0	0.0	0.0	1.0	0.0	0.0
131	"G"	"NCP"	"Female"	"Rakhi Harishchandra Jadhav "	43	"SSC"		"Yes"	0		4225956.0		100	102	13	19	136	152	2018		27682	"12123"		"BJP"	"748"	48.836	43.123	49.207	51.672		58.229	59.526	68.959	69.549	38.519	39.922	46.287	52.614	53.887	28.0	50.8	51.926666	62.93	63.2475	74.625		45.642	0	1	0	0	0	0	0	0	0	0	1	0	0	0	0	0	0	1	0	0	0	0	0	0	0	0	1	1	0	1	0	0		0	0	0	0	0	1	0	0	0	0	0	0	0	0	0	0	0	0	0	0	0	0	0	0	0	0	0	0	1	0	0	0	0	0	0	0	0	0	0	0	0	0	0	0	0	0	0	1	0	0	2017.0	111.0	"N"	0.7	1.0		0.0	"G"	1	0.0	0.0	0.98039216	0.68421054	0.9688716	0.704326	0.0	1.0	10.2645	5.536804885888782	0.0	0.0	0.0	0.0	0.0	0.11111111	0.11111111	0.11111111	0.11111111	0.0	0.22222222	0.11111111	0.11111111	0.0	0.11111111	0.0	0.0	9.0	"NCP"	4	0.0	0.0	0.0			0.0
132	"W"	"SP"	"Female"	"Asma Ahamad Basha Shaikh"									17	51	9	15	0	0	2011			"4209"		"INC"	"2263"	60.785	59.83	57.146	54.378		54.785	50.963	53.906	50.375	51.618	48.904	48.291	47.737	49.039					57.8375		129		0	0	0	0	0	0	1	0	0	0	1	0	1	0	0	0	0	0	0	0	0	0	0	0	0	0	0	0	0	0	0	1	1	0	0	0	0	0	0	0	0	0	0	0	0	0	0	0	0	0	0	0	0	0	0	0	0	0	0	0	0	0	0	0	0	0	0	0	0	0	0	0	0	0	0	0	0	0	0	0	0	0	0	2007.0	112.0	"M/E"	0.78	1.0		1.0	"G"	1	0.0		0.33333334	0.6	0.3939394				14.0	2.5071785268414484	0.2	0.0	0.0	0.0	0.0	0.0	0.2	0.0	0.2	0.0	0.0	0.0	0.0	0.0	0.0	0.4	0.0	5.0	"_Other"	6	0.0	0.0	0.0	1.0	1.0	0.78
132		"SP"	"Male"	"Rais Kasam Shaikh"	38	"B.Com"		"Yes"	0		5495102.5		66	70	7	17	59	68	2013			"8073"		"NCP"	"4828"	57.226	59.954	61.184	63.327	58.122	61.724	64.514	62.781	65.448	56.435	53.973	49.767	58.586	56.746	2.0	30.0	53.6	64.8975	62.1	74.0225			0	0	0	0	0	0	0	0	0	0	0	0	0	0	0	0	0	0	0	0	0	0	0	0	0	0	0	0	0	0	0	0		1	0	1	0	0	0	0	0	0	0	0	0	0	0	0	0	0	0	0	0	0	1	0	1	2	0	0	0	0	0	0	0	0	0	0	0	0	0	0	0	0	0	0	0	1	0	0	0	0	0	2012.0	113.0	"M/E"	0.78	0.0	"OBC"	0.0	"OBC"	2	1.0	0.0	0.94285715	0.4117647	0.9041096	0.9158504	1.0	1.0	9.571428571428571	0.0047504433747149735	0.0	0.2857143	0.0	0.2857143	0.42857143	0.0	0.0	0.0	0.0	0.0	0.0	0.0	0.0	0.0	0.0	0.0	0.0	7.0	"_Other"	6	0.0	0.0	0.0	1.0	0.0	0.0
132		"SP"	"Male"	"Rais Kasam Shaikh"	39	"B.Com"		"Yes"	0		1.18E7		61	65	8	13	104	110	2014							65.519	65.181	72.899	74.514	57.301	76.013	81.008	88.75	75.468	60.972	62.873	64.414	65.901	62.002	0.0	23.8	58.796665	65.7625	63.9325	66.425			3	0	0	0	0	0	0	0	1	0	0	0	1	0	1	0	0	0	0	0	2	0	0	0	0	1	0	1	0	2	0	0	2	0	0	0	0	2	0	0	0	0	0	0	0	0	0	0	1	0	0	0	0	0	2	0	6	0	0	0	0	0	1	5	0	0	0	0	0	0	0	0	0	0	0	0	0	1	0	1	0	0	0	2012.0	113.0	"M/E"	0.78	0.0	"OBC"	0.0	"OBC"	2	1.0	0.0	0.93846154	0.61538464	0.9505494	0.98333335	1.0	1.0	12.454545454545455	2.354515238578108	0.030303031	0.09090909	0.030303031	0.0	0.18181819	0.18181819	0.060606062	0.0	0.0	0.0	0.09090909	0.09090909	0.0	0.0	0.030303031	0.060606062	0.15151516	33.0	"_Other"	6	0.0	0.0	0.0	1.0	0.0	0.0
132		"SP"	"Male"	"Rais Kasam Shaikh"	40	"B.Com"		"Yes"	0		3313000.0		72	79	9	16	121	147	2015							62.631	63.983	65.121	65.795	66.058	64.938	66.444	62.103	64.869	61.481	64.665	64.517	64.301	63.787	57.5	48.0	74.293335	77.86	52.7225	76.955			0	0	0	0	0	0	0	0	0	0	0	0	1	0	3	0	4	1	0	0	0	1	0	0	0	1	0	2	0	0	2	0	2	0	0	0	0	0	0	0	0	0	0	0	0	0	0	0	0	0	0	0	0	0	0	0	1	1	0	0	0	0	1	2	1	0	0	0	0	0	0	0	0	0	0	0	0	0	1	0	0	0	0	2012.0	113.0	"M/E"	0.78	0.0	"OBC"	0.0	"OBC"	2	1.0	0.0	0.9113924	0.5625	0.9351852	0.55216664	1.0	1.0	14.75	3.2235012610748233	0.041666668	0.0	0.0	0.041666668	0.083333336	0.16666667	0.29166666	0.041666668	0.0	0.0	0.125	0.0	0.0	0.0	0.083333336	0.083333336	0.041666668	24.0	"_Other"	6	0.0	0.0	0.0	1.0	0.0	0.0
132		"SP"	"Male"	"Rais Kasam Shaikh"	41	"B.Com"		"Yes"	0		7072935.0		64	74	4	15	104	123	2016							61.482	41.258	46.521	70.233	38.985	59.222	67.087	76.632	69.212	44.941	34.827	32.572	55.118	60.561	55.1	62.9	61.423332	74.405	73.045	71.63			3	0	0	0	0	0	0	0	0	0	1	0	2	0	0	0	0	0	0	0	0	0	0	0	0	0	0	0	0	3	0	1	1	0	0	0	0	0	0	0	0	0	0	0	0	0	0	0	0	0	0	0	0	0	0	0	2	1	0	0	0	0	1	0	0	0	0	0	0	0	0	0	0	0	0	0	0	0	0	0	0	0	0	2012.0	113.0	"M/E"	0.78	0.0	"OBC"	0.0	"OBC"	2	1.0	0.0	0.8648649	0.26666668	0.8911917	0.58941126	1.0	1.0	13.0	1.7134023583549036	0.13333334	0.0	0.0	0.0	0.2	0.06666667	0.0	0.0	0.06666667	0.0	0.2	0.0	0.0	0.0	0.0	0.13333334	0.2	15.0	"_Other"	6	0.0	0.0	0.0	1.0	0.0	0.0
132	"G"	"BJP"	"Male"	"Parag Kishor Shah"	49	"Graduate"		"Yes"	0		4061256.5		39	102	9	19	74	152	2018		25431	"14519"		"Congress"	"2725"	60.961	47.976	63.1	76.482		81.929	78.482	78.115	88.537	50.093	61.458	73.678	77.255	56.416	32.9	21.6	71.34333	48.5175	68.9175	82.5025		67.545	0	1	0	0	0	0	0	0	0	0	0	0	0	0	0	0	0	0	0	0	0	0	0	0	0	0	0	0	0	1	0	0		0	0	0	0	0	0	0	0	0	0	0	0	0	0	0	0	0	0	0	0	0	0	0	0	0	0	0	0	0	0	0	0	0	0	0	0	0	0	0	0	0	0	0	0	0	0	0	0	0	0	2017.0	114.0	"N"	0.7	0.0		0.0	"G"	1	0.0	0.0	0.38235295	0.47368422	0.62564105	0.67687607	1.0	1.0	8.208	3.8106718097074896	0.0	0.0	0.0	0.0	0.0	0.0	0.5	0.0	0.0	0.0	0.5	0.0	0.0	0.0	0.0	0.0	0.0	2.0	"BJP"	1	0.0	0.0	0.0			0.0
133		"SP"	"Male"	"Fazlur Rehman Safatullah Choudhary "									45	51	14	15	11	15	2011			"4478"		"INC"	"574"	61.137	60.355	57.903	55.406		57.977	52.841	54.562	53.683	52.429	53.876	52.297	53.085	53.352					56.3875		121		0	2	0	0	0	0	1	1	0	0	0	0	0	0	0	0	1	0	0	0	0	0	0	0	0	0	0	2	0	0	0	0	3	0	0	0	0	0	0	0	0	0	0	0	0	0	0	0	0	0	0	0	0	0	0	0	0	0	0	0	0	0	0	0	0	0	0	0	0	0	0	0	0	0	0	0	0	0	0	0	0	0	0	2007.0	115.0	"M/E"	0.78	0.0		0.0			1.0		0.88235295	0.93333334	0.90909094				13.4	6.681101747815231	0.0	0.0	0.0	0.0	0.0	0.0	0.5	0.0	0.0	0.0	0.0	0.0	0.0	0.0	0.2	0.3	0.0	10.0	"_Other"	6	0.0	0.0	0.0	1.0	0.0	0.0
133		"SP"	"Male"	"Shantaram Mahadeo Patil"	68	"Inter Arts"		"Yes"	0	1	5494392.0		57	70	14	17	30	42	2013			"5725"		"Congress"	"1135"	57.279	59.506	58.517	59.415	58.81	60.287	58.859	62.423	62.85	57.997	59.959	56.365	56.436	56.815	7.3	18.6	44.41	62.6825	80.62	69.4675			0	0	0	0	0	0	1	0	0	0	0	0	0	0	1	1	1	1	0	0	0	0	0	0	0	0	0	0	0	0	0	0		0	0	1	0	0	0	0	0	0	0	0	0	0	0	0	0	0	0	0	0	0	0	0	0	0	0	0	0	0	0	0	0	0	0	0	0	0	0	0	0	0	0	0	0	0	0	0	0	0	0	2012.0	116.0	"M/E"	0.78	0.0	"OBC"	0.0	"OBC"	2	1.0	0.0	0.8142857	0.8235294	0.8632479	0.915732	1.0	1.0	15.0	0.16341525209019508	0.0	0.0	0.0	0.16666667	0.0	0.0	0.6666667	0.16666667	0.0	0.0	0.0	0.0	0.0	0.0	0.0	0.0	0.0	6.0	"_Other"	6	0.0	0.0	0.0	1.0	0.0	0.0
133		"SP"	"Male"	"Shantaram Mahadeo Patil"	69	"Inter Arts"		"Yes"	0	1	1.1307E7		58	65	11	13	19	29	2014							63.053	53.676	54.943	71.084	55.256	70.995	69.601	83.814	80.071	59.253	60.025	63.441	67.826	57.927	5.8	30.9	56.97	70.51	67.66	71.8875			0	0	0	0	0	0	0	0	0	1	0	0	1	0	0	0	0	0	0	0	0	0	0	0	0	0	0	0	0	0	0	2		0	0	0	0	0	0	0	0	0	0	0	0	0	0	0	0	0	0	0	0	0	0	0	1	0	0	0	0	0	0	1	0	0	0	0	0	0	0	0	0	0	0	0	0	0	0	0	0	0	0	2012.0	116.0	"M/E"	0.78	0.0	"OBC"	0.0	"OBC"	2	1.0	0.0	0.8923077	0.84615386	0.9072165	0.94225	1.0	1.0	15.0	0.37688017576474564	0.16666667	0.0	0.0	0.0	0.16666667	0.16666667	0.16666667	0.0	0.0	0.0	0.0	0.0	0.0	0.0	0.0	0.33333334	0.0	6.0	"_Other"	6	0.0	0.0	0.0	1.0	0.0	0.0
133		"SP"	"Male"	"Shantaram Mahadeo Patil"	70	"Inter Arts"		"Yes"	0	1	4485000.0		68	79	11	16	23	55	2015							63.646	67.701	68.03	69.445	67.359	63.569	70.424	62.913	66.368	64.559	63.923	66.357	65.507	63.349	52.3	63.6	68.16	64.485	59.4725	66.3125			0	1	0	0	0	0	0	0	1	0	1	0	2	0	0	0	0	0	0	0	0	0	0	0	0	0	0	0	0	1	0	1	2	0	0	0	0	0	0	0	0	0	0	0	0	0	0	0	0	0	0	0	0	0	0	0	0	0	0	0	0	0	0	0	0	1	0	0	0	0	0	1	0	0	0	0	0	0	0	0	0	0	0	2012.0	116.0	"M/E"	0.78	0.0	"OBC"	0.0	"OBC"	2	1.0	0.0	0.8607595	0.6875	0.86440676	0.7475	1.0	1.0	14.0	5.370202706101303	0.18181819	0.0	0.0	0.0	0.0	0.0	0.18181819	0.0	0.09090909	0.0	0.09090909	0.0	0.0	0.09090909	0.0	0.27272728	0.09090909	11.0	"_Other"	6	0.0	0.0	0.0	1.0	0.0	0.0
133		"SP"	"Male"	"Shantaram Mahadeo Patil"	71	"Inter Arts"		"Yes"	0	1	7142602.5		52	74	13	15	34	45	2016							59.307	57.923	53.389	64.145	63.785	68.685	70.773	74.137	72.666	59.568	56.373	58.444	65.688	64.393	0.0	4.3	46.553333	68.8	66.0175	63.79			1	0	0	0	0	0	0	0	0	1	0	1	0	0	0	0	1	0	0	0	0	1	0	0	0	0	0	0	0	0	0	2		0	0	0	0	0	0	0	0	0	0	0	0	0	0	0	0	0	0	0	0	0	0	0	0	0	0	0	0	0	0	0	0	0	0	0	0	0	0	0	0	0	0	0	0	1	0	2	1	0	0	2012.0	116.0	"M/E"	0.78	0.0	"OBC"	0.0	"OBC"	2	1.0	0.0	0.7027027	0.8666667	0.80487806	0.5952169	1.0	1.0	13.818181818181818	0.06614897900488928	0.0	0.09090909	0.18181819	0.0	0.0	0.0	0.18181819	0.0	0.0	0.0	0.0	0.0	0.09090909	0.0	0.0	0.18181819	0.27272728	11.0	"_Other"	6	0.0	0.0	0.0	1.0	0.0	0.0
133	"G"	"SS"	"Male"	"Parmeshwar Tukaram Kadam"	45	"SSC"		"Yes"	1		4546158.5		40	102	6	19	26	53	2018	2	26737	"5037"	"yes"	"BJP"	"1246"	59.851	46.235	72.196	57.759		69.406	71.894	61.623	68.576	60.923	41.313	55.17	75.604	50.568	0.0	76.9	77.183334	35.5625	88.2725	87.025		55.225	0	1	0	0	0	0	0	0	0	0	0	0	0	0	0	0	0	0	0	0	0	0	0	0	0	0	0	0	0	0	0	0		0	0	0	0	0	0	0	0	0	0	0	0	0	0	0	0	0	0	0	0	0	0	0	0	0	0	0	0	0	0	0	0	0	0	0	0	0	0	0	0	0	0	0	0	0	0	0	0	0	0	2017.0	117.0	"N"	0.7	0.0		0.0	"G"	1	0.0	1.0	0.39215687	0.31578946	0.48979592	0.7576931	0.0	1.0	3.432	2.8206364513018323	0.0	0.0	0.0	0.0	0.0	0.0	1.0	0.0	0.0	0.0	0.0	0.0	0.0	0.0	0.0	0.0	0.0	1.0	"SS"	5	1.0	0.0	0.0			0.0
134	"W"	"INC"	"Female"	"Nirmaladevi Singh"									43	51	13	15	11	27	2011			"2775"		"IND"	"710"	61.834	65.206	61.232	63.414		65.852	58.355	61.606	60.969	58.572	58.866	59.063	59.599	57.416					59.9625		139		0	0	0	0	0	0	0	1	0	0	1	0	0	0	0	0	0	0	0	0	0	0	0	0	0	0	0	1	0	0	1	0	3	0	0	1	0	0	0	0	0	0	0	0	0	0	0	0	0	0	0	0	0	0	0	0	0	0	0	0	0	0	0	0	0	0	0	0	0	0	0	0	0	0	0	0	0	0	0	0	0	0	0	2007.0	118.0	"M/E"	0.78	1.0		1.0	"G"	1	0.0		0.84313726	0.8666667	0.8701299				14.0	4.370597021580167	0.0	0.0	0.0	0.125	0.0	0.0	0.125	0.0	0.125	0.0	0.125	0.0	0.0	0.0	0.125	0.375	0.0	8.0	"INC"	2	0.0	0.0	0.0	1.0	1.0	0.78
134		"SS"	"Male"	"Rahul Ramesh Shevale"	40	"Civil Engineering"		"Yes"	1		5743388.0		64	70	1	17	74	102	2013	1		"7584"		"MNS"	"4144"	67.781	63.985	62.574	66.499	65.224	66.129	66.228	73.535	74.337	61.987	64.282	63.985	68.596	63.873	20.3	34.1	58.34667	76.67	72.48	67.935			0	2	0	0	0	0	0	0	0	0	0	0	1	0	0	0	1	0	0	0	0	0	0	0	0	0	0	4	0	0	0	0		4	0	0	0	0	0	0	0	0	0	0	0	0	0	0	0	0	0	0	0	0	0	0	0	0	0	0	0	0	0	0	0	0	0	0	0	0	0	1	0	0	0	0	0	0	0	3	4	0	0	2012.0	119.0	"M/E"	0.78	0.0	"G"	0.0	"G"	1	0.0	1.0	0.9142857	0.05882353	0.863354	0.95723134	1.0	1.0	16.7	3.8396250316696223	0.05	0.0	0.15	0.2	0.0	0.0	0.15	0.0	0.0	0.0	0.0	0.0	0.2	0.05	0.2	0.0	0.0	20.0	"SS"	5	1.0	0.0	0.0	1.0	0.0	0.0
134		"SS"	"Male"	"Rahul Ramesh Shevale"	41	"Civil Engineering"		"Yes"	1		1.1626E7		57	65	1	13	115	141	2014							66.998	66.308	63.807	76.637	64.96	72.611	73.586	78.175	66.691	56.416	65.597	64.245	64.963	60.101	9.3	18.6	56.06	70.8625	54.3225	57.2875			0	4	0	0	0	0	0	0	0	0	0	0	0	0	0	0	0	0	0	0	0	0	0	0	0	0	0	1	0	0	0	0		0	0	0	0	0	0	0	0	0	0	0	0	0	0	0	0	1	0	0	0	0	0	0	0	1	0	0	0	0	0	1	0	2	0	0	0	0	0	0	0	0	0	0	0	0	0	2	4	0	1	2012.0	119.0	"M/E"	0.78	0.0	"G"	0.0	"G"	1	0.0	1.0	0.8769231	0.07692308	0.89637303	0.9688333	1.0	1.0	10.058823529411764	3.2470605277771067	0.0	0.0	0.11764706	0.0	0.05882353	0.05882353	0.29411766	0.0	0.0	0.0	0.0	0.0	0.23529412	0.0	0.11764706	0.0	0.11764706	17.0	"SS"	5	1.0	0.0	0.0	1.0	0.0	0.0
134		"SS"	"Male"	"Rahul Ramesh Shevale"	42	"Civil Engineering"		"Yes"	1		3091000.0		22	79	1	16	13	147	2015							63.553	56.722	21.677	70.912	56.997	52.914	49.251	78.964	68.729	46.314	43.12	47.377	54.717	54.007	49.7	63.8	70.113335	75.185	81.2525	69.4075			0	0	0	0	0	0	0	0	0	0	0	0	0	0	0	0	1	0	0	0	0	0	0	0	0	0	0	0	0	0	0	0		0	0	0	0	0	0	0	0	0	0	0	0	0	0	0	0	0	0	0	0	0	0	0	0	0	0	0	0	0	0	0	0	0	0	0	0	0	0	0	0	0	0	0	0	0	0	0	1	0	0	2012.0	119.0	"M/E"	0.78	0.0	"G"	0.0	"G"	1	0.0	1.0	0.278481	0.0625	0.33333334	0.51516664	1.0	1.0	14.0	0.0	0.0	0.0	0.0	0.0	0.0	0.0	0.5	0.0	0.0	0.0	0.0	0.0	0.5	0.0	0.0	0.0	0.0	2.0	"SS"	5	1.0	0.0	0.0	1.0	0.0	0.0
134		"SS"	"Male"	"Rahul Ramesh Shevale"	43	"Civil Engineering"		"Yes"	1		7846410.5		28	74	1	15	0	0	2016	1						68.398	49.913	47.072	85.309	69.276	77.877	82.558	87.512	79.638	61.224	59.723	64.685	64.768	63.804	6.2	27.4	57.226665	80.455	70.645	70.5675			0	0	0	0	0	0	0	0	0	0	0	0	0	0	0	0	0	0	0	0	0	0	0	0	0	0	0	0	0	0	0	0		0	0	0	0	0	0	0	0	0	0	0	0	0	0	0	0	0	0	0	0	0	0	0	0	0	0	0	0	0	0	0	0	0	0	0	0	0	0	0	0	0	0	0	0	0	0	0	0	0	0	2012.0	119.0	"M/E"	0.78	0.0	"G"	0.0	"G"	1	0.0	1.0	0.3783784	0.06666667	0.3258427	0.65386754	1.0	1.0	0.0	0.0																		0.0	"SS"	5	1.0	0.0	0.0	1.0	0.0	0.0
134	"W"	"SP"	"Female"	"Shaera Shafahad Khan "	31	"SSC"		"Yes"	0		5226461.0		90	102	16	16	15	24	2018		31905	"NA"	"yes"	"NA"	"NA"	49.371	51.572	56.595	48.227		53.82	49.077	45.391	60.689	43.429	40.193	42.399	54.137	32.646	2.0	35.4	53.05	93.755	51.9375	58.495		33.464	0	0	0	0	0	0	0	0	0	0	0	0	1	0	1	0	0	0	0	0	0	0	0	0	0	0	0	0	0	1	0	1	1	0	0	0	0	0	0	0	0	0	0	0	0	0	0	0	0	0	0	0	0	0	0	0	0	0	0	0	0	0	0	0	0	0	0	0	0	0	0	0	0	0	0	0	0	0	0	0	0	0	0	2017.0	120.0	"M/E"	0.78	1.0		1.0	"G"	1	0.0	0.0	0.88235295	1.0	0.9097744	0.8710768	0.0	1.0	9.702	3.0088243666382013	0.2	0.0	0.0	0.0	0.0	0.0	0.2	0.0	0.0	0.0	0.2	0.0	0.0	0.0	0.0	0.4	0.0	5.0	"_Other"	6	0.0	0.0	0.0			0.78
135		"IND"	"Male"	"Mohd. Farooque Abdul Razzak Shaikh"									15	51	15	15	6	13	2011			"4041"		"IND"	"1589"	72.567	73.543	72.893	73.583		77.81	76.05	71.42	72.087	73.031	72.292	72.019	72.03	72.553					50.505		123		0	0	0	0	0	0	0	0	0	0	0	0	0	0	0	0	0	0	0	0	0	0	0	0	0	0	0	0	0	1	0	0	1	0	0	1	0	0	0	0	0	0	0	0	0	0	0	0	0	0	0	0	0	0	0	1	0	1	0	0	0	0	0	0	0	0	0	0	0	0	0	0	0	0	0	0	0	0	1	0	7	0	0	2007.0	121.0	"M/E"	0.78	0.0		0.0			1.0		0.29411766	1.0	0.5				8.76923076923077	2.8366885143570535	0.0	0.0	0.0	0.15384616	0.15384616	0.0	0.0	0.0	0.0	0.0	0.07692308	0.0	0.53846157	0.0	0.0	0.07692308	0.0	13.0	"_Other"	6	0.0	0.0	0.0	1.0	0.0	0.0
135	"W"	"IND"	"Female"	"Hanifa Bi"	70	"Seventh"		"  Not given"	0		5474750.0		18	70	5	17	0	0	2013			"10935"		"SP"	"8808"	62.398	63.464	63.822	64.553	63.379	62.449	63.318	65.706	66.834	60.3	62.126	61.776	62.967	60.316	0.0	17.1	49.18	67.39	75.7025	66.905			0	0	0	0	0	0	0	0	0	0	0	0	0	0	0	0	0	0	0	0	0	0	0	0	0	0	0	0	0	0	0	0		0	0	0	0	0	0	0	0	0	0	0	0	0	0	0	0	0	0	0	0	0	0	0	0	0	0	0	0	0	0	0	0	0	0	0	0	0	0	0	0	0	0	0	0	0	0	0	0	0	0	2012.0	122.0	"M/E"	0.78	1.0	"W"	1.0	"G"	1	0.0	0.0	0.25714287	0.29411766	0.26436782	0.91245836	0.0	0.0	0.0	0.0																		0.0	"_Other"	6	0.0	0.0	0.0	1.0	1.0	0.78
135	"W"	"IND"	"Female"	"Hanifa Bi"	71	"Seventh"		"  Not given"	0		1.1409E7		8	43	1	9	0	0	2014							69.856	67.709	68.99	71.565	64.525	72.528	72.43	85.584	70.106	63.802	63.783	64.959	64.918	65.941	21.0	22.7	52.196667	72.09	56.69	61.295			0	0	0	0	0	0	0	0	0	0	0	0	0	0	0	0	0	0	0	0	0	0	0	0	0	0	0	0	0	0	0	0		0	0	0	0	0	0	0	0	0	0	0	0	0	0	0	0	0	0	0	0	0	0	0	0	0	0	0	0	0	0	0	0	0	0	0	0	0	0	0	0	0	0	0	0	0	0	0	0	0	0	2012.0	122.0	"M/E"	0.78	1.0	"W"	1.0	"G"	1	0.0	0.0	0.18604651	0.11111111	0.17307693	0.95075	0.0	0.0																				0.0	"_Other"	6	0.0	0.0	0.0	1.0	1.0	0.78
135	"W"																		2015							66.634	67.354	65.636	68.014	73.048	68.655	68.633	70.0	72.977	61.839	56.892	62.089	56.622	69.194	0.4	19.3	61.446667	70.59	67.1475	69.0025			0	0	0	0	0	0	0	0	0	0	0	0	0	0	0	0	0	0	0	0	0	0	0	0	0	0	0	0	0	0	0	0		0	0	0	0	0	0	0	0	0	0	0	0	0	0	0	0	0	0	0	0	0	0	0	0	0	0	0	0	0	0	0	0	0	0	0	0	0	0	0	0	0	0	0	0	0	0	0	0	0	0	2012.0	122.0	"M/E"	0.78	0.0	"W"	1.0	"G"	1	0.0																												"_Other"	6	0.0	0.0	0.0	1.0	1.0	0.78
135	"W"	"Bhartiya Shetkari Kamgar"	"Female"	"Khairunissa Akbar Hussain"	26	"Seventh"		"Yes"	1		8035730.5		40	74	9	15	0	0	2016							85.74	78.702	81.768	92.693	85.563	88.423	88.618	93.157	90.011	76.389	75.647	76.026	83.611	82.231	0.0	35.2	72.84	82.695	87.275	84.4925			0	0	0	0	0	0	0	0	0	0	0	0	0	0	0	0	0	0	0	0	0	0	0	0	0	0	0	0	0	0	0	0		0	0	0	0	0	0	0	0	0	0	0	0	0	0	0	0	0	0	0	0	0	0	0	0	0	0	0	0	0	0	0	0	0	0	0	0	0	0	0	0	0	0	0	0	0	0	0	1	0	0	2012.0	122.0	"M/E"	0.78	1.0	"W"	1.0	"G"	1	0.0	1.0	0.5405405	0.6	0.5505618	0.66964424	0.0	1.0	6.0	0.0	0.0	0.0	0.0	0.0	0.0	0.0	0.0	0.0	0.0	0.0	0.0	0.0	1.0	0.0	0.0	0.0	0.0	1.0	"_Other"	6	0.0	0.0	0.0	1.0	1.0	0.78
135	"W"	"SS"	"Female"	"Samiksha Deepak Sakre "	51	"Graduate"		"Yes"	0		4740539.5		80	102	14	16	148	152	2018		24607	"NA"	"yes"	"NA"	"NA"	72.158	53.673	57.933	88.871		65.239	58.962	92.433	83.795	57.185	52.718	57.916	54.781	56.978	62.7	81.2	71.95	31.5275	66.565	73.815		57.817	0	1	0	0	0	0	0	0	0	0	0	0	0	0	0	0	0	0	0	0	0	0	0	0	0	0	0	1	0	0	0	0	1	0	0	0	0	0	0	0	0	0	0	0	0	0	0	0	1	0	0	0	0	0	0	0	0	0	0	0	0	0	0	0	0	0	0	0	0	0	0	0	0	0	0	0	0	0	0	0	1	0	0	2017.0	123.0	"M/E"	0.78	1.0		1.0	"G"	1	0.0	0.0	0.78431374	0.875	0.9097744	0.7900899	1.0	1.0	9.072	5.06689439225733	0.0	0.0	0.0	0.0	0.0	0.0	0.2	0.0	0.0	0.0	0.0	0.2	0.2	0.0	0.2	0.2	0.0	5.0	"SS"	5	1.0	0.0	0.0			0.78
136		"SS"	"Male"	"Rahul Ramesh Shevale"									51	51	1	15	71	96	2011			"8219"		"INC"	"5593"	61.023	54.742	57.614	56.944		60.849	57.353	56.033	57.587	54.173	57.99	56.023	55.9	55.927					55.815		121		0	0	0	0	0	0	0	0	0	0	0	0	6	0	0	0	0	0	0	0	0	0	0	0	0	0	0	0	0	0	0	0		0	0	0	0	0	0	0	0	0	0	0	0	0	0	0	0	0	0	1	0	0	0	0	3	0	0	0	0	2	0	1	0	0	0	0	0	0	0	0	0	0	0	0	0	0	0	0	5	0	0	2007.0	124.0	"M/E"	0.78	0.0		0.0			1.0		1.0	0.06666667	0.8978102				6.0	0.005071785268414482	0.33333334	0.0	0.0	0.0	0.16666667	0.16666667	0.0	0.0	0.0	0.0	0.0	0.055555556	0.2777778	0.0	0.0	0.0	0.0	18.0	"SS"	5	1.0	0.0	0.0	1.0	0.0	0.0
136	"W"	"SS"	"Female"	"Manju Bholeshankar Kumare"	36	"M.A."		"Yes"	0		6000004.0		65	70	13	17	23	25	2013			"9363"		"NCP"	"4386"	65.817	62.666	60.205	60.769	56.965	56.826	56.906	60.975	60.781	57.941	53.967	57.67	55.545	56.01	23.6	40.2	48.286667	65.325	69.5975	65.2225			0	0	0	0	0	0	0	0	0	0	0	0	0	0	0	0	0	0	0	0	0	0	0	0	0	0	0	0	0	0	0	0		0	0	0	0	0	0	0	0	0	0	0	0	0	0	0	0	0	0	0	0	0	0	0	0	0	0	0	0	0	0	0	0	0	0	0	0	0	0	0	0	0	0	0	0	0	0	0	0	0	0	2012.0	125.0	"M/E"	0.78	1.0	"ST-W"	1.0	"SCST"	3	1.0	0.0	0.9285714	0.7647059	0.91818184	1.0000007	1.0	1.0	0.0	0.0																		0.0	"SS"	5	1.0	0.0	0.0	1.0	1.0	0.78
136	"W"	"SS"	"Female"	"Manju Bholeshankar Kumare"	37	"M.A."		"Yes"	0		1.1475E7		50	65	11	13	9	14	2014							63.531	63.049	67.772	68.148	56.541	72.381	73.33	70.931	68.145	54.674	62.117	60.412	59.404	60.675	12.3	25.5	50.993332	57.715	55.91	59.5775			0	0	0	0	0	0	0	0	0	1	0	0	1	0	0	0	0	0	0	0	0	0	0	0	0	0	0	0	0	0	0	0		0	0	0	0	0	0	0	0	0	0	0	0	0	0	0	0	0	1	0	0	0	0	0	0	0	0	0	0	0	0	0	0	0	0	0	0	0	0	0	0	0	0	0	0	0	0	0	0	0	0	2012.0	125.0	"M/E"	0.78	1.0	"ST-W"	1.0	"SCST"	3	1.0	0.0	0.7692308	0.84615386	0.8045977	0.95625	1.0	1.0	9.0	0.31941862430285617	0.33333334	0.0	0.0	0.0	0.0	0.0	0.6666667	0.0	0.0	0.0	0.0	0.0	0.0	0.0	0.0	0.0	0.0	3.0	"SS"	5	1.0	0.0	0.0	1.0	1.0	0.78
136	"W"	"SS"	"Female"	"Manju Bholeshankar Kumare"	38	"M.A."		"Yes"	0		4496000.0		53	79	11	16	20	34	2015							52.979	49.8	39.457	65.32	53.393	63.262	70.587	79.161	78.777	39.106	41.106	52.956	63.703	60.359	53.8	77.0	70.52333	68.52	84.8475	54.84			0	0	0	0	0	0	0	0	0	0	0	0	0	0	0	0	0	0	0	0	0	0	0	0	0	0	0	0	0	0	0	0		0	0	0	0	0	0	0	0	0	0	0	0	0	0	0	0	0	0	0	0	0	0	0	0	0	0	0	0	0	0	0	0	0	0	0	0	0	0	0	0	0	0	0	0	0	0	0	0	0	0	2012.0	125.0	"M/E"	0.78	1.0	"ST-W"	1.0	"SCST"	3	1.0	0.0	0.6708861	0.6875	0.7304348	0.7493333	1.0	1.0	0.0	0.0																		0.0	"SS"	5	1.0	0.0	0.0	1.0	1.0	0.78
136	"W"	"SS"	"Female"	"Manju Bholeshankar Kumare"	39	"M.A."		"Yes"	0		6661958.0		37	74	8	15	21	31	2016							65.831	73.097	36.785	67.393	60.83	50.825	61.268	84.816	76.513	40.008	57.451	75.22	73.474	49.812	62.5	62.5	73.513336	63.385	73.8775	65.4025			0	0	0	0	0	0	0	0	0	0	0	0	0	0	0	0	0	0	0	0	0	0	0	0	0	0	0	0	0	0	0	1		0	0	0	0	0	0	0	0	0	0	0	0	0	0	0	0	0	0	0	0	0	0	0	0	0	0	0	0	0	0	0	0	0	0	0	0	0	0	0	0	0	1	0	0	0	0	0	0	0	0	2012.0	125.0	"M/E"	0.78	1.0	"ST-W"	1.0	"SCST"	3	1.0	0.0	0.5	0.53333336	0.6	0.55516315	1.0	1.0	9.0	0.02013229795800978	0.0	0.0	0.0	0.0	0.0	0.0	0.0	0.0	0.0	0.0	0.0	0.0	0.0	0.5	0.0	0.5	0.0	2.0	"SS"	5	1.0	0.0	0.0	1.0	1.0	0.78
136	"W"	"SP"	"Female"	"Rukhsana Nazim Siddiqui"	46	"HSC"		"Yes"	0		5996498.5		82	102	13	16	25	31	2018		26414	"NA"	"yes"	"NA"	"NA"	53.198	54.446	55.282	60.322		61.923	66.44	66.895	67.7	41.102	43.161	56.183	66.378	54.197	1.6	5.1	50.71	75.1475	54.98	71.9525		53.564	0	0	0	0	0	0	1	0	0	1	0	0	0	1	0	0	1	0	0	0	0	0	0	0	0	0	0	0	0	2	0	0		0	0	1	0	0	0	0	0	0	0	0	0	0	0	0	0	0	0	0	0	0	0	0	0	0	0	0	0	1	0	0	0	0	0	0	0	0	0	0	0	0	0	0	0	0	0	0	0	0	0	2017.0	126.0	"M/E"	0.78	1.0		1.0	"G"	1	0.0	0.0	0.8039216	0.8125	0.83916086	0.9994164	0.0	1.0	12.4505	2.6302305721605466	0.0	0.0	0.0	0.125	0.0	0.125	0.5	0.0	0.0	0.0	0.25	0.0	0.0	0.0	0.0	0.0	0.0	8.0	"_Other"	6	0.0	0.0	0.0			0.78
137		"INC"	"Male"	"Vithal Govind Lokare"									39	51	13	15	0	0	2011			"3916"		"MNS"	"1974"	74.399	74.197	75.146	75.396		77.644	74.343	75.328	73.782	74.063	74.734	74.219	74.157	74.027					72.315		119		0	0	0	0	0	0	0	0	0	0	0	0	0	0	0	0	0	0	0	0	0	0	0	0	0	0	0	0	0	0	0	0		0	0	0	0	0	0	0	0	0	0	0	0	0	0	0	0	0	0	0	0	0	0	0	0	0	0	0	0	0	0	0	0	0	0	0	0	0	0	0	0	0	0	0	0	0	0	0	3	0	0	2007.0	127.0	"M/E"	0.78	0.0		0.0			1.0		0.7647059	0.8666667	0.7878788				6.0	0.0	0.0	0.0	0.0	0.0	0.0	0.0	0.0	0.0	0.0	0.0	0.0	0.0	1.0	0.0	0.0	0.0	0.0	3.0	"INC"	2	0.0	0.0	0.0	1.0	0.0	0.0
137	"W"	"INC"	"Female"	"Sunanda Vithal Lokare"	39	"Eighth"		"Yes"	0		5629606.0		65	70	16	17	15	25	2013			"4660"		"MNS"	"2385"	45.545	46.572	43.533	52.332	43.553	51.204	50.808	48.59	52.797	40.676	44.141	44.972	49.5	43.948	15.0	32.0	41.443333	48.26	57.6025	47.0575			0	0	0	0	0	0	0	0	0	0	0	0	0	0	0	0	0	0	0	0	0	0	0	0	0	0	0	0	0	0	0	0	1	0	0	0	0	0	0	0	0	0	0	0	0	0	0	0	0	0	0	0	0	0	0	0	0	0	0	0	0	0	0	0	0	0	0	0	0	0	0	0	0	0	0	0	0	0	0	0	2	0	0	2012.0	128.0	"M/E"	0.78	1.0	"W"	1.0	"G"	1	0.0	0.0	0.9285714	0.9411765	0.9411765	0.93826765	0.0	1.0	12.0	2.3692044590828476	0.0	0.0	0.0	0.0	0.0	0.0	0.0	0.0	0.0	0.0	0.0	0.0	0.6666667	0.0	0.0	0.33333334	0.0	3.0	"INC"	2	0.0	0.0	0.0	1.0	1.0	0.78
137	"W"	"INC"	"Female"	"Sunanda Vithal Lokare"	40	"Eighth"		"Yes"	0		1.1699E7		61	65	13	13	2	3	2014							55.628	59.08	56.65	58.24	50.262	59.511	58.527	67.526	60.521	52.496	53.106	53.499	57.506	48.677	0.9	27.8	51.316666	56.5975	55.1525	53.8425			0	0	0	0	0	0	0	1	0	0	0	0	0	0	0	0	0	0	0	0	0	0	0	0	0	0	0	1	0	0	0	0		0	0	0	0	0	0	0	0	0	0	0	0	0	0	0	0	0	0	0	0	0	0	0	1	0	0	0	0	0	0	0	0	0	0	0	0	0	0	0	0	0	0	0	0	0	0	0	2	0	0	2012.0	128.0	"M/E"	0.78	1.0	"W"	1.0	"G"	1	0.0	0.0	0.93846154	1.0	0.95	0.97491664	0.0	1.0	9.6	3.2617880682778435	0.0	0.0	0.0	0.0	0.2	0.0	0.2	0.0	0.0	0.0	0.0	0.0	0.4	0.0	0.2	0.0	0.0	5.0	"INC"	2	0.0	0.0	0.0	1.0	1.0	0.78
137	"W"	"INC"	"Female"	"Sunanda Vithal Lokare"	41	"Eighth"		"Yes"	0		2522000.0		59	79	14	16	0	0	2015							62.188	44.229	39.422	68.503	51.386	71.756	74.292	73.165	76.296	46.354	47.79	46.341	64.508	62.121	13.8	26.4	88.46333	81.675	81.255	68.615			0	0	0	0	0	0	0	0	0	0	0	0	0	0	0	0	0	0	0	0	0	0	0	0	0	0	0	1	0	1	0	0	1	0	0	0	0	1	0	0	0	0	0	0	0	0	0	0	0	0	0	0	0	0	0	0	0	0	0	0	0	0	0	0	0	0	0	0	0	0	0	0	0	0	0	0	0	0	0	0	5	0	0	2012.0	128.0	"M/E"	0.78	1.0	"W"	1.0	"G"	1	0.0	0.0	0.7468355	0.875	0.76842105	0.42033333	0.0	1.0	12.0	4.371887732005432	0.0	0.0	0.0	0.0	0.0	0.0	0.0	0.0	0.0	0.0	0.11111111	0.11111111	0.5555556	0.0	0.11111111	0.11111111	0.0	9.0	"INC"	2	0.0	0.0	0.0	1.0	1.0	0.78
137	"W"	"INC"	"Female"	"Sunanda Vithal Lokare"	42	"Eighth"		"Yes"	0		8539221.0		58	74	12	15	13	18	2016							69.216	60.969	61.411	76.148	60.085	71.327	73.778	76.93	77.8	68.767	66.31	68.161	69.824	68.332	7.0	9.6	58.77	70.5675	62.9475	62.6125			0	0	0	0	0	0	0	0	0	0	0	0	0	0	0	0	0	0	0	0	0	0	0	0	0	0	0	5	0	1	0	0		0	0	0	0	0	0	0	0	0	0	0	0	0	0	0	0	0	0	0	0	0	0	0	0	0	0	0	0	0	0	0	0	0	0	0	0	0	0	0	0	0	0	0	0	0	0	0	7	0	0	2012.0	128.0	"M/E"	0.78	1.0	"W"	1.0	"G"	1	0.0	0.0	0.7837838	0.8	0.8137255	0.71160173	0.0	1.0	14.0	1.9298245614035088	0.0	0.0	0.0	0.0	0.0	0.0	0.0	0.0	0.0	0.0	0.07692308	0.0	0.53846157	0.0	0.3846154	0.0	0.0	13.0	"INC"	2	0.0	0.0	0.0	1.0	1.0	0.78
137	"OBC-W"	"SP"	"Female"	"Ayesha Rafique Shaikh"	23	"Upto Ninth"		"Yes"	0		5575235.5		52	102	11	16	8	16	2018		34972	"NA"	"yes"	"NA"	"NA"	60.162	45.184	36.117	73.797		68.596	76.535	71.938	75.048	45.204	43.835	56.917	63.913	49.043	26.3	8.2	57.67	60.5625	79.4375	67.2825		43.969	0	0	0	0	0	0	0	0	0	0	0	0	0	0	0	0	0	0	0	0	0	0	0	0	0	0	0	0	1	0	0	0	1	0	0	0	0	1	0	0	0	0	0	0	0	0	0	0	0	0	0	0	0	0	0	0	1	0	0	0	0	2	2	0	0	0	0	0	0	0	0	0	0	0	0	0	0	0	0	0	0	0	0	2017.0	129.0	"M/E"	0.78	1.0		1.0	"OBC"	2	1.0	0.0	0.50980395	0.6875	0.56349206	0.9292059	0.0	1.0	8.673	1.4691858810133787	0.0	0.0	0.0	0.0	0.125	0.5	0.0	0.0	0.0	0.0	0.0	0.125	0.0	0.0	0.0	0.125	0.125	8.0	"_Other"	6	0.0	0.0	0.0			0.78
138	"W"	"RPI"	"Female"	"Sujata Rajendra Waghmare "									18	51	12	15	3	14	2011			"5182"		"BJP"	"1721"	68.331	59.096	64.236	63.019		65.963	65.591	62.788	62.458	61.34	57.516	57.492	60.478	61.76					58.1625		121		0	0	0	0	0	0	0	0	0	0	0	0	0	0	0	0	0	0	0	0	0	0	0	0	0	0	0	0	0	0	0	0		0	0	0	0	2	0	0	0	0	0	0	0	0	0	0	0	0	1	0	0	0	0	0	0	0	0	0	0	0	0	0	0	0	0	0	0	0	0	0	0	0	0	0	0	0	0	0	1	0	0	2007.0	130.0	"M/E"	0.78	1.0		1.0	"G"	1	0.0		0.3529412	0.8	0.47826087				9.0	0.0	0.0	0.0	0.0	0.0	0.0	0.0	0.25	0.0	0.0	0.0	0.0	0.5	0.25	0.0	0.0	0.0	0.0	4.0	"_Other"	6	0.0	0.0	0.0	1.0	1.0	0.78
138		"BRPBM"	"Male"	"Arun Vishvanath Kamble"	40	"B.A."		"Yes"	0	3	5369751.5		65	70	17	17	0	0	2013	3		"2851"		"RPFI(A)"	"323"	54.669	56.57	55.818	63.701	54.039	61.436	65.605	66.979	65.851	51.574	53.78	52.43	59.519	60.237	15.8	31.8	60.766666	66.1	66.0475	69.2725			0	0	0	0	0	0	0	0	0	0	0	0	0	0	1	0	0	0	0	0	0	0	0	0	0	0	0	0	0	0	1	0	1	0	0	0	0	0	0	0	0	0	0	0	0	0	0	0	0	0	0	0	0	0	0	0	0	0	0	0	0	0	0	0	0	0	0	0	0	0	0	0	0	0	0	0	0	1	0	0	3	0	0	2012.0	131.0	"M/E"	0.78	0.0	"G"	0.0	"G"	1	0.0	0.0	0.9285714	1.0	0.9425287	0.89495856	1.0	1.0	11.142857142857142	2.3812389156321254	0.0	0.14285715	0.0	0.0	0.0	0.0	0.14285715	0.0	0.0	0.0	0.14285715	0.0	0.42857143	0.0	0.0	0.14285715	0.0	7.0	"_Other"	6	0.0	0.0	0.0	1.0	0.0	0.0
138		"BRPBM"	"Male"	"Arun Vishvanath Kamble"	41	"B.A."		"Yes"	0	3	1.1327E7		55	65	13	13	0	0	2014							64.365	60.258	59.366	67.927	58.805	66.73	68.52	80.787	78.833	52.375	52.413	56.423	59.028	60.31	0.0	1.7	49.516666	62.6825	60.6025	64.3675			0	0	0	0	0	0	0	0	0	0	0	0	0	0	0	0	0	0	0	0	0	0	0	0	0	1	0	0	1	0	0	0		1	0	0	0	0	0	0	0	0	0	0	0	0	0	0	0	0	0	0	0	0	0	0	0	0	0	0	0	0	0	0	0	1	0	0	0	0	0	0	0	0	0	0	0	0	0	2	4	0	0	2012.0	131.0	"M/E"	0.78	0.0	"G"	0.0	"G"	1	0.0	0.0	0.84615386	1.0	0.8717949	0.9439167	1.0	1.0	14.4	0.2501267534223424	0.0	0.0	0.2	0.1	0.0	0.0	0.0	0.0	0.0	0.0	0.1	0.0	0.4	0.0	0.0	0.0	0.2	10.0	"_Other"	6	0.0	0.0	0.0	1.0	0.0	0.0
138		"BRPBM"	"Male"	"Arun Vishvanath Kamble"	42	"B.A."		"Yes"	0	3	3925000.0		62	79	15	16	9	11	2015							58.436	47.252	35.95	73.162	57.356	61.056	61.532	75.768	67.077	43.246	46.613	46.353	55.582	53.331	7.9	46.2	60.47	61.055	70.72	63.495			0	0	0	0	0	0	0	0	0	1	0	0	0	0	0	0	2	1	0	0	0	0	0	0	0	0	0	1	0	0	0	1		0	0	0	0	1	0	0	0	0	0	0	0	0	0	0	0	0	0	0	0	0	0	0	0	0	0	0	0	0	0	0	0	0	0	0	0	0	0	0	0	0	0	0	0	0	0	0	7	0	0	2012.0	131.0	"M/E"	0.78	0.0	"G"	0.0	"G"	1	0.0	0.0	0.7848101	0.9375	0.8269231	0.65416664	1.0	1.0	12.428571428571429	1.514259846084201	0.0	0.0	0.0	0.0	0.0	0.0	0.21428572	0.071428575	0.0	0.0	0.0	0.071428575	0.5	0.0	0.071428575	0.071428575	0.0	14.0	"_Other"	6	0.0	0.0	0.0	1.0	0.0	0.0
138		"BRPBM"	"Male"	"Arun Vishvanath Kamble"	43	"B.A."		"Yes"	0	3	6444268.5		67	74	15	15	14	14	2016	3						71.289	66.294	67.66	74.655	68.892	70.884	71.703	73.83	72.188	70.196	71.086	69.45	71.437	71.575	0.7	49.3	47.716667	74.4825	74.1325	68.6275			0	0	0	0	0	0	0	0	0	0	0	0	0	0	0	0	5	0	0	0	0	0	0	0	0	0	0	1	0	0	1	0		0	0	0	0	0	0	0	0	0	0	0	0	0	0	0	0	0	0	0	0	0	0	0	0	0	0	0	0	0	0	0	0	0	0	0	0	0	0	0	0	0	0	0	0	0	0	1	3	0	0	2012.0	131.0	"M/E"	0.78	0.0	"G"	0.0	"G"	1	0.0	0.0	0.9054054	1.0	0.93203884	0.53702235	1.0	1.0	14.545454545454547	1.5789473684210527	0.0	0.0	0.09090909	0.0	0.0	0.0	0.45454547	0.0	0.0	0.0	0.09090909	0.0	0.27272728	0.0	0.09090909	0.0	0.0	11.0	"_Other"	6	0.0	0.0	0.0	1.0	0.0	0.0
138	"W"	"SP"	"Female"	"Ayesha Bano Ain Mohammed Khan"	25	"HSC"		"Yes"	0		3030210.0		66	102	11	16	11	15	2018		34285	"NA"	"yes"	"NA"	"NA"	75.665	76.074	82.604	87.773		80.492	80.214	84.946	79.389	66.46	69.458	71.957	74.377	72.23	0.0	35.8	62.3	42.0925	88.56	69.175		71.85	0	0	0	0	0	0	0	0	0	2	0	0	0	0	0	0	0	0	0	0	0	0	0	0	0	0	0	1	0	0	0	0		0	0	0	0	0	0	0	0	0	0	0	0	0	0	0	0	0	0	0	0	0	0	0	0	0	0	0	0	0	0	0	0	0	0	0	0	0	0	0	0	0	0	0	0	0	0	0	0	0	0	2017.0	132.0	"M/E"	0.78	1.0		1.0	"G"	1	0.0	0.0	0.64705884	0.6875	0.68217057	0.505035	0.0	1.0	6.422	1.2040990606319384	0.0	0.0	0.0	0.0	0.0	0.0	0.6666667	0.0	0.0	0.0	0.0	0.0	0.0	0.0	0.33333334	0.0	0.0	3.0	"_Other"	6	0.0	0.0	0.0			0.78
139		"INC"	"Male"	"Shashikant Vasant Patil"									43	51	15	15	2	14	2011			"7058"		"SS"	"1855"	66.135	63.081	63.624	63.621		63.924	64.223	62.184	63.298	62.328	61.166	60.551	62.416	61.369					70.805		132		0	0	0	0	0	0	1	0	0	0	0	0	1	0	0	0	0	0	0	0	0	0	0	0	0	0	0	0	0	0	0	0	1	0	0	0	0	0	0	0	0	0	0	0	0	0	0	0	0	0	1	0	0	0	0	0	1	0	0	0	0	0	0	0	0	0	0	0	0	0	0	0	0	0	0	0	0	0	0	0	3	0	0	2007.0	133.0	"M/E"	0.78	0.0		0.0			1.0		0.84313726	1.0	0.88235295				12.75	2.320926966292135	0.125	0.0	0.0	0.0	0.125	0.0	0.25	0.0	0.0	0.0	0.0	0.0	0.375	0.0	0.0	0.125	0.0	8.0	"INC"	2	0.0	0.0	0.0	1.0	0.0	0.0
139		"SS"	"Male"	"Dinesh Harishchandra Panchal"	37	"Fifth"		"Yes"	1	1	5206076.0		56	70	9	17	9	17	2013	2		"9956"		"Congress"	"1552"	85.217	80.963	73.7	80.275	78.342	76.282	78.954	85.811	85.224	73.84	73.968	74.038	74.043	74.785	62.7	82.1	68.52333	79.69	63.32	74.3825			0	1	0	0	0	0	0	0	0	0	0	0	0	0	0	0	0	0	0	0	0	0	0	0	0	0	0	1	0	0	0	0		0	0	0	0	0	0	0	0	0	0	0	0	0	0	0	0	0	0	0	0	0	0	0	0	0	0	0	0	0	0	0	0	0	0	0	0	0	0	0	0	0	0	0	0	0	0	0	0	0	0	2012.0	134.0	"M/E"	0.78	0.0	"G"	0.0	"G"	1	0.0	1.0	0.8	0.5294118	0.7708333	0.86767936	0.0	1.0	14.0	3.8326577147200407	0.0	0.0	0.0	0.0	0.0	0.0	0.5	0.0	0.0	0.0	0.0	0.0	0.0	0.0	0.5	0.0	0.0	2.0	"SS"	5	1.0	0.0	0.0	1.0	0.0	0.0
139		"SS"	"Male"	"Dinesh Harishchandra Panchal"	38	"Fifth"		"Yes"	1	1	1.1118E7		53	65	11	13	7	15	2014							61.106	56.378	63.257	61.28	56.99	64.832	67.439	79.129	77.577	52.144	50.947	49.596	55.432	55.915	36.9	40.2	61.97333	67.4375	54.495	60.53			0	1	0	0	0	0	0	0	0	0	0	0	0	0	0	0	0	0	0	0	0	0	0	0	0	0	0	1	0	1	0	0		0	0	0	0	0	0	0	0	0	0	0	0	0	0	0	0	0	0	0	0	0	0	0	1	0	0	0	0	0	1	0	0	0	0	0	0	0	0	0	0	0	0	0	0	0	0	0	1	0	0	2012.0	134.0	"M/E"	0.78	0.0	"G"	0.0	"G"	1	0.0	1.0	0.8153846	0.84615386	0.8352941	0.9265	0.0	1.0	12.0	4.154808179820855	0.0	0.0	0.0	0.0	0.16666667	0.16666667	0.16666667	0.0	0.0	0.0	0.16666667	0.0	0.16666667	0.0	0.16666667	0.0	0.0	6.0	"SS"	5	1.0	0.0	0.0	1.0	0.0	0.0
139		"SS"	"Male"	"Dinesh Harishchandra Panchal"	39	"Fifth"		"Yes"	1	1	3715000.0		43	79	8	16	13	21	2015							75.512	67.328	61.195	74.918	72.919	68.015	65.705	72.119	68.906	56.143	57.201	60.6	59.58	58.019	31.9	35.8	57.806667	73.4575	61.905	68.98			0	3	0	0	0	0	0	0	0	0	0	0	0	0	0	0	0	0	0	0	0	0	0	0	0	0	0	0	0	0	0	0		0	0	0	0	0	0	0	0	0	0	0	0	0	0	0	0	0	0	0	0	0	0	0	0	0	0	0	0	0	0	0	0	0	0	0	0	0	0	0	0	0	0	0	0	0	0	0	0	0	0	2012.0	134.0	"M/E"	0.78	0.0	"G"	0.0	"G"	1	0.0	1.0	0.5443038	0.5	0.5925926	0.6191667	0.0	1.0	6.0	2.086917157084654	0.0	0.0	0.0	0.0	0.0	0.0	1.0	0.0	0.0	0.0	0.0	0.0	0.0	0.0	0.0	0.0	0.0	3.0	"SS"	5	1.0	0.0	0.0	1.0	0.0	0.0
139		"SS"	"Male"	"Dinesh Harishchandra Panchal"	40	"Fifth"		"Yes"	1	1	6503658.0		58	74	11	15	8	14	2016	2						78.598	78.937	81.343	81.767	76.687	77.479	75.107	79.515	76.684	78.327	79.434	78.185	76.237	79.102	18.2	46.9	67.13	76.225	81.2925	77.795			0	9	0	0	0	0	0	0	0	0	2	0	0	0	0	0	1	0	0	0	0	0	0	0	0	0	0	0	0	0	1	0		0	0	0	0	0	0	0	0	0	0	0	0	0	0	0	0	0	0	0	0	0	0	0	0	0	0	0	0	0	0	0	0	0	0	0	0	0	0	0	0	0	0	0	0	0	0	0	5	0	0	2012.0	134.0	"M/E"	0.78	0.0	"G"	0.0	"G"	1	0.0	1.0	0.7837838	0.73333335	0.7938144	0.5419715	0.0	1.0	8.0	1.9815933275812483	0.0	0.0	0.0	0.0	0.0	0.0	0.5555556	0.0	0.11111111	0.0	0.055555556	0.0	0.2777778	0.0	0.0	0.0	0.0	18.0	"SS"	5	1.0	0.0	0.0	1.0	0.0	0.0
139	"G"	"SP"	"Male"	"Akhter Abdul Rajjak Qureshi "	51	"Upto Ninth"		"Yes"	0		5207698.5		71	102	13	16	29	37	2018		24690	"NA"	"yes"	"NA"	"NA"	46.172	51.517	50.112	49.351		53.015	55.952	48.851	53.9	49.354	44.452	56.312	60.212	49.002	1.0	4.8	47.06	64.9675	42.87	60.0825		56.323	0	1	0	0	0	0	0	0	0	1	1	0	0	0	0	1	1	0	0	0	0	0	0	0	0	0	0	1	0	0	0	1		0	0	0	0	0	0	0	0	0	0	0	0	0	0	0	0	0	0	0	0	0	0	0	0	0	0	0	0	0	0	0	0	0	0	0	0	0	0	0	0	0	0	0	0	0	0	0	0	0	0	2017.0	135.0	"M/E"	0.78	0.0		0.0	"G"	1	0.0	0.0	0.6960784	0.8125	0.76870745	0.8679497	0.0	1.0	11.77657142857143	4.197551949900371	0.0	0.0	0.0	0.0	0.0	0.0	0.5714286	0.0	0.14285715	0.0	0.0	0.0	0.0	0.0	0.14285715	0.14285715	0.0	7.0	"_Other"	6	0.0	0.0	0.0			0.0
140		"INC"	"Male"	"Devidas Sahebrao Borse"									47	51	13	15	12	13	2011			"4217"		"SS"	"698"	61.208	61.654	58.51	60.193		58.263	57.094	58.338	57.996	55.562	56.4	55.646	55.233	55.952					59.39		125		0	0	0	0	0	0	1	0	0	1	0	0	0	0	0	0	0	0	0	0	0	0	0	0	0	0	0	1	0	0	2	0	3	0	0	0	0	0	0	0	0	0	0	0	0	0	0	0	0	0	0	0	0	0	0	0	1	0	0	0	0	0	0	0	0	0	0	0	0	0	0	1	0	0	0	0	0	0	0	0	0	0	0	2007.0	139.0	"M/E"	0.78	0.0		0.0			1.0		0.92156863	0.8666667	0.9230769				13.4	3.611501248439451	0.0	0.0	0.0	0.0	0.1	0.0	0.2	0.0	0.0	0.0	0.2	0.0	0.0	0.1	0.1	0.3	0.0	10.0	"INC"	2	0.0	0.0	0.0	1.0	0.0	0.0
140	"W"	"INC"	"Female"	"Usha Anil Kamble"	50	"SSC"		"Yes"	0		5770435.0		64	70	15	17	26	29	2013			"4618"		"Ind"	"241"	63.046	57.748	59.353	60.019	61.116	57.813	59.826	58.463	61.493	53.833	55.534	55.492	58.513	55.49	0.8	8.5	42.94	65.185	62.9675	72.0925			0	1	0	0	0	0	0	0	1	0	0	0	0	0	0	0	0	0	0	0	0	0	0	0	0	0	0	2	0	0	0	0		0	0	0	0	0	0	0	0	0	0	0	0	0	0	0	0	0	0	0	0	0	0	0	0	0	0	0	0	0	0	0	0	0	0	0	0	0	0	0	0	0	0	0	0	0	0	0	0	0	0	2012.0	140.0	"M/E"	0.78	1.0	"SC-W"	1.0	"SCST"	3	1.0	0.0	0.9142857	0.88235295	0.9292035	0.9617392	0.0	1.0	8.0	5.2517263025737595	0.0	0.0	0.0	0.0	0.0	0.0	0.5	0.0	0.0	0.0	0.0	0.0	0.0	0.0	0.5	0.0	0.0	4.0	"INC"	2	0.0	0.0	0.0	1.0	1.0	0.78
140	"W"	"INC"	"Female"	"Usha Anil Kamble"	51	"SSC"		"Yes"	0		1.1439E7		57	65	11	13	21	24	2014							60.49	60.08	61.655	68.64	61.822	72.452	68.786	81.383	81.439	56.794	56.262	60.1	59.351	59.846	4.9	6.8	41.676666	52.5	53.9075	61.0225			0	0	0	0	0	1	0	0	0	0	0	0	3	0	0	0	0	0	0	0	0	0	0	0	0	0	0	1	0	0	0	0		0	0	0	0	0	0	0	0	0	0	0	0	0	0	0	0	0	0	0	0	0	0	0	0	0	0	1	0	0	0	0	0	0	0	0	0	0	0	0	0	0	0	0	0	0	0	0	1	0	0	2012.0	140.0	"M/E"	0.78	1.0	"SC-W"	1.0	"SCST"	3	1.0	0.0	0.8769231	0.84615386	0.8989899	0.95325	0.0	1.0	11.142857142857142	2.5221422640464985	0.42857143	0.0	0.0	0.0	0.0	0.0	0.0	0.0	0.0	0.14285715	0.0	0.0	0.14285715	0.0	0.14285715	0.0	0.14285715	7.0	"INC"	2	0.0	0.0	0.0	1.0	1.0	0.78
140	"W"	"INC"	"Female"	"Usha Anil Kamble"	52	"SSC"		"Yes"	0		4588000.0		66	79	12	16	13	22	2015							57.766	46.333	44.761	77.564	58.208	65.591	73.258	79.794	59.123	51.276	46.315	66.178	65.922	57.611	48.5	64.5	55.64	64.31	61.2275	69.6			0	0	0	0	0	0	0	0	0	0	0	0	1	0	0	0	0	0	0	0	0	1	0	0	0	0	2	3	0	0	0	0	2	0	0	0	0	0	0	0	0	0	0	0	0	0	0	0	0	0	0	0	0	0	0	0	0	0	0	0	0	0	1	1	0	0	0	0	0	0	0	0	0	0	0	0	0	0	0	0	0	0	0	2012.0	140.0	"M/E"	0.78	1.0	"SC-W"	1.0	"SCST"	3	1.0	0.0	0.835443	0.75	0.8425926	0.7646667	0.0	1.0	15.0	3.4078768673607964	0.09090909	0.0	0.0	0.0	0.0	0.18181819	0.0	0.0	0.0	0.0	0.18181819	0.0	0.0	0.0	0.27272728	0.18181819	0.09090909	11.0	"INC"	2	0.0	0.0	0.0	1.0	1.0	0.78
140	"W"	"INC"	"Female"	"Usha Anil Kamble"	53	"SSC"		"Yes"	0		6100440.5		63	74	13	15	13	18	2016							60.323	56.357	56.982	70.049	63.132	70.492	74.033	75.722	75.726	55.937	53.165	55.513	67.262	66.019	29.7	44.5	53.47333	65.8575	68.0525	68.545			0	1	0	0	0	0	1	0	0	1	1	0	0	0	0	0	0	0	0	0	0	0	0	0	0	0	0	3	0	0	1	0	2	0	0	0	0	0	0	0	0	0	0	0	0	0	0	0	0	0	0	0	0	0	0	0	0	0	0	0	0	0	0	0	0	0	0	0	0	0	0	0	0	0	0	0	0	0	0	0	0	0	0	2012.0	140.0	"M/E"	0.78	1.0	"SC-W"	1.0	"SCST"	3	1.0	0.0	0.8513514	0.8666667	0.872549	0.50837004	0.0	1.0	13.4	5.68334771354616	0.0	0.0	0.0	0.0	0.0	0.0	0.3	0.0	0.1	0.0	0.1	0.0	0.0	0.0	0.3	0.2	0.0	10.0	"INC"	2	0.0	0.0	0.0	1.0	1.0	0.78
140	"OBC-W"	"NCP"	"Female"	"Nadiya Mohsin Shaikh"	27	"Graduate"		"Yes"	0		4705654.5		70	102	10	16	21	39	2018		33468	"NA"	"yes"	"NA"	"NA"	66.462	59.151	68.596	71.169		67.703	72.13	75.024	73.098	51.447	52.883	62.513	71.654	58.594	2.3	45.9	67.71667	49.3375	67.2025	80.03		65.176	0	1	0	0	0	0	0	0	0	1	0	0	0	0	0	0	0	0	0	0	0	0	0	0	0	0	0	0	0	0	0	0		0	0	0	0	0	0	0	0	0	0	0	0	0	0	0	0	0	0	0	0	0	0	0	0	0	0	0	0	0	0	0	0	0	0	0	0	0	0	0	0	0	0	0	0	0	0	0	0	0	0	2017.0	141.0	"M/E"	0.78	1.0		1.0	"OBC"	2	1.0	0.0	0.6862745	0.625	0.7266187	0.78427577	1.0	1.0	5.7735	2.399658411614005	0.0	0.0	0.0	0.0	0.0	0.0	1.0	0.0	0.0	0.0	0.0	0.0	0.0	0.0	0.0	0.0	0.0	2.0	"NCP"	4	0.0	0.0	0.0			0.78
141	"W"	"BJP"	"Female"	"Rukmini Kharatmol"									38	51	6	15	69	90	2011			"3587"		"INC"	"156"	61.213	47.102	53.167	49.296		53.276	50.562	52.747	50.256	51.625	49.427	50.18	50.577	51.334					40.0225		135		0	1	0	0	0	0	0	0	0	0	0	0	0	0	0	0	0	0	0	0	0	0	0	0	0	0	0	0	0	0	0	0	1	0	0	0	0	0	0	0	0	0	0	0	0	0	0	0	0	0	0	0	0	0	0	0	4	3	0	0	0	0	0	0	0	0	0	0	0	0	0	0	0	0	0	0	0	1	0	0	1	0	0	2007.0	142.0	"M/E"	0.78	1.0		1.0	"G"	1	0.0		0.74509805	0.4	0.837037				7.636363636363637	3.8787453183520597	0.0	0.09090909	0.0	0.0	0.6363636	0.0	0.09090909	0.0	0.0	0.0	0.0	0.0	0.09090909	0.0	0.0	0.09090909	0.0	11.0	"BJP"	1	0.0	0.0	0.0	1.0	1.0	0.78
141		"BJP"	"Male"	"Vithal Ambaji Kharatmol"	56	"Matriculation"		"Yes"	0		5038330.0		67	70	6	17	95	119	2013			"7580"		"NCP"	"1396"	66.453	65.642	64.81	68.976	68.539	67.543	67.596	68.389	68.967	58.952	62.151	61.583	63.964	61.478	1.2	9.4	55.566666	68.835	56.765	73.8825			0	0	0	0	0	0	0	0	0	0	0	0	0	0	0	1	0	0	0	0	0	1	1	0	0	0	0	0	0	0	0	0	1	2	0	1	0	0	0	0	0	0	0	0	0	0	0	0	0	0	0	0	0	0	0	0	0	1	0	0	0	0	0	0	0	0	0	0	0	0	0	0	0	0	0	0	0	0	1	0	1	0	0	2012.0	143.0	"M/E"	0.78	0.0	"SC"	0.0	"SCST"	3	1.0	0.0	0.95714283	0.3529412	0.9230769	0.8397217	1.0	1.0	14.200000000000001	2.3739549024575624	0.0	0.0	0.0	0.4	0.1	0.0	0.2	0.0	0.0	0.0	0.0	0.0	0.1	0.0	0.0	0.1	0.1	10.0	"BJP"	1	0.0	0.0	0.0	1.0	0.0	0.0
141		"BJP"	"Male"	"Vithal Ambaji Kharatmol"	57	"Matriculation"		"Yes"	0		1.0867E7		62	65	11	13	116	125	2014							61.302	61.794	59.651	69.83	61.834	72.76	77.198	73.353	70.555	61.055	54.893	53.859	62.566	60.978	14.1	33.6	61.78	70.525	51.4675	65.21			0	0	0	0	0	0	0	0	0	0	0	0	0	0	0	0	0	1	0	0	0	1	0	0	0	0	0	2	0	1	0	1	3	0	0	0	0	1	0	0	0	0	0	0	0	0	0	0	0	0	0	0	0	0	0	1	3	3	0	0	0	0	0	0	0	0	0	0	0	0	0	0	0	0	0	0	0	0	0	0	0	0	0	2012.0	143.0	"M/E"	0.78	0.0	"SC"	0.0	"SCST"	3	1.0	0.0	0.95384616	0.84615386	0.97422683	0.9055833	1.0	1.0	14.411764705882353	3.7271139654103993	0.0	0.0	0.0	0.0	0.4117647	0.0	0.0	0.05882353	0.0	0.0	0.05882353	0.05882353	0.0	0.0	0.11764706	0.23529412	0.05882353	17.0	"BJP"	1	0.0	0.0	0.0	1.0	0.0	0.0
141		"BJP"	"Male"	"Vithal Ambaji Kharatmol"	58	"Matriculation"		"Yes"	0		5301000.0		70	79	15	16	129	167	2015							43.799	31.9	25.214	54.614	54.093	58.845	67.736	77.264	77.146	47.327	43.093	47.396	60.774	54.291	65.2	73.1	61.51	60.6325	64.705	69.9975			0	0	0	0	0	0	1	0	1	0	1	0	0	0	0	1	0	0	0	0	0	0	0	0	0	0	0	1	0	1	0	4	5	0	0	0	0	0	0	0	0	0	0	0	0	0	0	0	0	0	0	0	0	0	0	0	3	1	0	0	0	0	0	0	0	0	0	0	0	0	0	0	0	0	0	0	0	0	0	1	0	0	0	2012.0	143.0	"M/E"	0.78	0.0	"SC"	0.0	"SCST"	3	1.0	0.0	0.886076	0.9375	0.95535713	0.8835	1.0	1.0	14.3	5.3475680297771735	0.0	0.0	0.05	0.0	0.2	0.0	0.15	0.0	0.05	0.0	0.05	0.0	0.0	0.0	0.05	0.45	0.0	20.0	"BJP"	1	0.0	0.0	0.0	1.0	0.0	0.0
141		"BJP"	"Male"	"Vithal Ambaji Kharatmol"	59	"Matriculation"		"Yes"	0		6197558.0		64	74	14	15	102	109	2016							64.459	43.907	53.994	80.64	66.187	73.013	79.823	88.544	81.553	55.187	55.636	64.001	67.816	63.363	11.8	25.5	52.43	80.5075	63.8575	74.9925			0	2	0	0	0	0	2	0	0	1	2	0	1	0	0	0	0	0	0	0	0	0	0	0	0	0	0	1	0	0	0	1	1	0	0	0	0	0	0	0	0	0	0	0	1	0	0	0	0	0	0	0	0	0	0	0	2	0	0	0	0	0	0	0	0	0	0	0	0	0	0	0	0	0	0	0	0	0	0	1	0	0	0	2012.0	143.0	"M/E"	0.78	0.0	"SC"	0.0	"SCST"	3	1.0	0.0	0.8648649	0.93333334	0.9424084	0.51646316	1.0	1.0	15.0	4.253224486183934	0.06666667	0.0	0.06666667	0.0	0.13333334	0.0	0.33333334	0.0	0.13333334	0.0	0.0	0.06666667	0.0	0.0	0.06666667	0.13333334	0.0	15.0	"BJP"	1	0.0	0.0	0.0	1.0	0.0	0.0
141	"G"	"INC"	"Male"	"Vitthal Govind Lokare "	53	"Graduate"		"Yes"	0		5377106.0		89	102	11	16	32	37	2018		23924	"NA"	"yes"	"NA"	"NA"	51.525	54.157	59.295	53.324		55.953	60.404	54.134	57.73	44.619	51.77	60.701	64.232	59.438	20.3	18.4	55.93	55.0075	48.4125	70.0875		64.477	0	0	0	0	0	0	0	0	0	0	0	0	0	2	0	1	0	1	0	0	0	0	0	0	0	0	0	1	0	1	1	2		0	0	0	0	0	0	0	0	0	0	0	0	0	0	0	0	0	0	0	0	0	0	0	0	0	0	0	0	0	1	0	0	0	0	0	0	0	0	1	0	0	0	0	1	0	0	1	2	0	0	2017.0	144.0	"M/E"	0.78	0.0		0.0	"G"	1	0.0	0.0	0.872549	0.6875	0.88	0.8961843	1.0	1.0	13.311	2.41958440079704	0.0	0.0	0.06666667	0.0	0.0	0.06666667	0.2	0.06666667	0.0	0.0	0.13333334	0.0	0.13333334	0.13333334	0.06666667	0.13333334	0.0	15.0	"INC"	2	0.0	0.0	0.0			0.0
142		"INC"	"Male"	"Rajendra Jagannath Mahulkar"									12	51	1	15	0	0	2011			"8038"		"SS"	"3299"	68.061	77.487	86.568	65.177		69.6	67.829	76.015	69.012	40.596	47.064	52.215	56.972	74.844					28.1825		139		0	0	0	0	0	0	0	0	0	0	0	0	0	0	0	0	0	0	0	0	0	0	0	0	0	0	0	0	0	0	0	0		0	0	0	0	0	0	0	0	0	0	0	0	0	0	0	0	0	0	0	0	0	0	0	0	0	0	0	0	0	0	0	0	0	0	0	0	0	0	0	0	0	0	0	0	0	0	0	0	0	0	2007.0	145.0	"M/W"	0.68	0.0		0.0			1.0		0.23529412	0.06666667	0.1969697				0.0	0.0																		0.0	"INC"	2	0.0	0.0	0.0	1.0	0.0	0.0
142	"W"	"INC"	"Female"	"Seema Rajendra Mahulkar"	37	"Ninth"		"Yes"	0		3580981.8		52	70	11	17	8	17	2013			"7614"		"SS"	"622"	63.757	64.404	61.728	68.295	63.528	68.372	68.99	78.571	76.224	62.678	62.546	61.859	66.394	63.999	2.3	20.7	62.163334	71.1475	53.6275	74.46			0	0	0	0	0	0	0	0	0	0	0	0	0	0	0	0	0	0	0	0	0	0	0	0	0	1	0	0	0	0	0	0		1	0	0	0	0	0	0	0	0	0	0	0	0	0	0	0	0	0	0	0	0	0	0	0	0	0	0	0	0	0	0	0	0	0	0	0	0	0	0	0	0	0	0	0	0	0	1	0	0	0	2012.0	146.0	"M/W"	0.68	1.0	"W"	1.0	"G"	1	0.0	0.0	0.74285716	0.64705884	0.7473684	0.5968303	0.0	1.0	11.0	0.15484410964636952	0.0	0.0	0.33333334	0.33333334	0.0	0.0	0.0	0.0	0.0	0.0	0.33333334	0.0	0.0	0.0	0.0	0.0	0.0	3.0	"INC"	2	0.0	0.0	0.0	1.0	1.0	0.68
142	"W"	"INC"	"Female"	"Seema Rajendra Mahulkar"	38	"Ninth"		"Yes"	0		9507000.0		39	65	13	14	5	15	2014							74.831	69.078	70.321	72.53	72.597	78.125	75.286	91.223	87.21	59.036	62.709	61.614	68.236	70.07	21.0	36.2	54.533333	60.84	59.155	66.445			0	0	0	0	0	0	0	1	0	1	0	0	0	0	0	0	0	0	0	0	0	0	0	0	0	0	0	0	0	0	0	0		0	0	0	0	0	0	0	0	0	0	0	0	0	0	0	0	0	0	0	0	0	0	0	0	0	0	0	0	0	0	0	0	0	0	0	0	0	0	0	0	0	0	0	0	0	0	0	0	0	0	2012.0	146.0	"M/W"	0.68	1.0	"W"	1.0	"G"	1	0.0	0.0	0.6	0.9285714	0.6785714	0.79225	0.0	1.0	9.0	0.3099916966509826	0.0	0.0	0.0	0.0	0.0	0.0	1.0	0.0	0.0	0.0	0.0	0.0	0.0	0.0	0.0	0.0	0.0	2.0	"INC"	2	0.0	0.0	0.0	1.0	1.0	0.68
142	"W"	"INC"	"Female"	"Seema Rajendra Mahulkar"	39	"Ninth"		"Yes"	0		2395000.0		4	79	4	18	1	21	2015							64.14	40.505	36.333	85.252	50.335	77.373	81.858	88.347	84.487	34.699	34.443	59.496	66.924	58.311	87.1	89.1	65.30666	71.69	81.56	72.9375			0	0	0	0	0	0	0	0	0	1	0	0	0	0	0	0	0	0	0	0	0	0	0	0	0	0	0	0	0	0	0	0		0	0	0	0	0	0	0	0	0	0	0	0	0	0	0	0	0	0	0	0	0	0	0	0	0	0	0	0	0	0	0	0	0	0	0	0	0	0	0	0	0	0	0	0	0	0	0	0	0	0	2012.0	146.0	"M/W"	0.68	1.0	"W"	1.0	"G"	1	0.0	0.0	0.050632913	0.22222222	0.091836736	0.39916667	0.0	1.0	3.0	0.10775112964893986	0.0	0.0	0.0	0.0	0.0	0.0	1.0	0.0	0.0	0.0	0.0	0.0	0.0	0.0	0.0	0.0	0.0	1.0	"INC"	2	0.0	0.0	0.0	1.0	1.0	0.68
142	"W"	"INC"	"Female"	"Seema Rajendra Mahulkar"	40	"Ninth"		"Yes"	0		7718504.5		52	74	9	15	7	14	2016							83.545	83.84	84.16	87.84	86.048	85.811	84.0	85.76	87.04	81.6	80.48	80.72	81.68	79.2	2.4	31.2	74.4	84.5325	91.1875	80.985			0	0	0	0	0	0	0	0	0	0	0	0	0	0	0	1	1	0	0	0	0	0	0	0	0	0	0	1	0	0	0	0		0	0	0	0	0	0	0	0	0	0	0	0	0	0	0	0	0	0	0	0	0	0	0	0	0	0	0	0	0	0	0	0	0	0	0	0	0	0	0	0	0	0	0	0	0	0	0	2	0	0	2012.0	146.0	"M/W"	0.68	1.0	"W"	1.0	"G"	1	0.0	0.0	0.7027027	0.6	0.7083333	0.6432087	0.0	1.0	16.2	1.5080160320641283	0.0	0.0	0.0	0.0	0.0	0.0	0.4	0.0	0.0	0.0	0.0	0.0	0.4	0.0	0.2	0.0	0.0	5.0	"INC"	2	0.0	0.0	0.0	1.0	1.0	0.68
142	"SC-W"	"SS"	"Female"	"Vaishali Navin Shewale"	44	"Graduate"		"Yes"	0		4113366.0		94	102	16	16	27	29	2018		27183	"NA"	"yes"	"NA"	"NA"	55.112	53.968	39.225	76.923		67.71	71.461	79.21	75.848	51.841	51.026	60.748	65.437	62.797	55.5	37.0	64.113335	57.51	90.5975	74.22		47.618	0	0	0	0	0	0	0	0	0	0	0	0	1	0	0	0	0	1	0	0	0	0	0	0	0	0	0	0	0	2	1	0		0	0	3	0	0	0	0	0	0	0	0	0	0	0	0	0	0	0	0	0	0	0	0	0	0	0	0	0	0	0	0	0	0	0	0	0	0	0	0	0	0	0	0	0	0	0	0	0	0	0	2017.0	147.0	"M/E"	0.78	1.0		1.0	"SCST"	3	1.0	0.0	0.92156863	1.0	0.94482756	0.685561	1.0	1.0	10.001	1.3350412752633078	0.125	0.0	0.0	0.375	0.0	0.0	0.0	0.125	0.0	0.0	0.375	0.0	0.0	0.0	0.0	0.0	0.0	8.0	"SS"	5	1.0	0.0	0.0			0.78
143	"W"	"BJP"	"Female"	"Jayashri Kharat"									48	51	11	15	7	13	2011			"4757"		"BBM"	"449"	68.533	67.517	69.153	74.68		69.104	69.572	74.618	70.668	61.612	60.877	61.95	66.934	64.813					75.9325		121		0	1	0	0	0	0	1	0	0	0	0	0	0	0	0	0	0	0	0	0	0	0	0	0	0	0	0	0	0	0	2	0		0	0	0	0	0	0	0	0	0	0	0	0	0	0	0	0	0	0	0	0	0	0	0	0	0	0	0	0	0	0	0	0	0	0	0	0	0	0	0	0	0	0	0	0	0	0	0	1	0	0	2007.0	148.0	"M/W"	0.68	1.0		1.0	"G"	1	0.0		0.9411765	0.73333335	0.9041096				14.0	2.4100066838537195	0.0	0.0	0.0	0.0	0.0	0.0	0.4	0.0	0.0	0.0	0.4	0.0	0.2	0.0	0.0	0.0	0.0	5.0	"BJP"	1	0.0	0.0	0.0	1.0	1.0	0.68
143		"BJP"	"Male"	"Mahadev Shankar Shivgan"	51	"SSC"		"Yes"	0		5058967.5		64	70	15	17	22	25	2013			"2905"		"Ind"	"511"	62.924	55.755	62.068	69.598	53.053	67.325	67.99	74.18	71.581	53.77	50.237	51.216	59.736	56.696	18.6	41.6	53.333332	63.74	49.11	74.5375			0	0	0	0	0	0	1	0	0	0	0	0	1	0	0	0	0	0	0	0	0	0	0	0	0	0	0	0	0	0	0	0		0	0	1	0	0	0	0	0	0	0	0	0	0	0	0	0	0	0	0	0	0	0	0	1	0	0	0	0	0	0	0	0	1	0	0	0	0	0	1	0	0	0	0	0	0	0	0	1	0	0	2012.0	149.0	"M/W"	0.68	0.0	"G"	0.0	"G"	1	0.0	0.0	0.9142857	0.88235295	0.9266055	0.8431612	0.0	1.0	8.571428571428571	0.3268466206319313	0.14285715	0.0	0.0	0.14285715	0.14285715	0.0	0.14285715	0.0	0.0	0.0	0.0	0.0	0.14285715	0.14285715	0.0	0.0	0.14285715	7.0	"BJP"	1	0.0	0.0	0.0	1.0	0.0	0.0
143		"BJP"	"Male"	"Mahadev Shankar Shivgan"	52	"SSC"		"Yes"	0		1.1E7		58	65	13	14	12	14	2014							68.148	64.485	58.254	71.636	67.719	69.994	69.723	84.826	75.675	56.836	60.279	56.744	68.038	65.336	11.6	18.4	57.06	56.6925	54.2225	58.025			0	0	0	0	0	0	0	0	0	1	0	0	2	0	0	0	0	1	0	0	0	0	0	0	0	0	0	0	0	0	1	0		0	0	0	0	0	0	0	0	0	0	0	0	0	0	0	0	0	0	0	0	0	0	0	0	0	0	0	1	0	0	0	0	0	0	0	0	0	0	0	0	0	0	0	0	0	0	0	1	0	0	2012.0	149.0	"M/W"	0.68	0.0	"G"	0.0	"G"	1	0.0	0.0	0.8923077	0.9285714	0.9120879	0.9166667	0.0	1.0	12.142857142857142	0.40686410185441463	0.2857143	0.0	0.0	0.0	0.0	0.0	0.14285715	0.14285715	0.0	0.0	0.14285715	0.0	0.14285715	0.0	0.0	0.0	0.14285715	7.0	"BJP"	1	0.0	0.0	0.0	1.0	0.0	0.0
143		"BJP"	"Male"	"Mahadev Shankar Shivgan"	53	"SSC"		"Yes"	0		818000.0		66	79	16	18	27	34	2015							62.097	48.386	49.652	66.812	58.0	69.988	74.373	78.162	75.249	49.072	49.028	49.785	64.766	65.155	11.7	34.1	61.16	71.425	66.3325	66.9325			0	3	0	0	0	0	1	0	0	1	0	0	0	0	0	0	0	0	0	0	0	0	0	0	0	0	0	0	0	1	0	0		0	0	0	0	0	0	0	0	0	0	0	0	0	0	0	0	0	0	0	0	0	1	0	0	0	0	0	0	0	0	0	0	0	0	0	0	0	0	0	0	0	0	0	0	0	0	0	0	0	0	2012.0	149.0	"M/W"	0.68	0.0	"G"	0.0	"G"	1	0.0	0.0	0.835443	0.8888889	0.87903225	0.13633333	0.0	1.0	14.714285714285714	4.1762252346193955	0.0	0.14285715	0.0	0.0	0.0	0.0	0.71428573	0.0	0.0	0.0	0.14285715	0.0	0.0	0.0	0.0	0.0	0.0	7.0	"BJP"	1	0.0	0.0	0.0	1.0	0.0	0.0
143		"BJP"	"Male"	"Mahadev Shankar Shivgan"	54	"SSC"		"Yes"	0		9243732.0		66	74	15	15	26	45	2016							62.269	47.529	47.232	80.405	64.686	76.631	80.813	86.728	81.008	48.111	51.22	59.783	70.874	62.745	42.9	57.1	57.483334	55.8975	79.8175	62.24			0	0	0	0	0	0	2	0	0	0	0	0	0	0	0	0	1	0	0	0	0	0	0	0	0	0	0	0	0	0	1	0		0	0	0	0	0	0	0	0	0	0	0	0	0	0	0	0	0	0	0	0	0	0	0	0	0	0	0	0	0	0	0	0	0	0	0	0	0	0	0	0	0	0	0	0	0	0	2	0	0	0	2012.0	149.0	"M/W"	0.68	0.0	"G"	0.0	"G"	1	0.0	0.0	0.8918919	1.0	0.93043476	0.770311	0.0	1.0	11.0	1.723446893787575	0.0	0.0	0.33333334	0.0	0.0	0.0	0.5	0.0	0.0	0.0	0.16666667	0.0	0.0	0.0	0.0	0.0	0.0	6.0	"BJP"	1	0.0	0.0	0.0	1.0	0.0	0.0
143	"OBC-W"	"SS"	"Female"	"Rutuja Rhadayanath Tari "	40	"HSC"		"Yes"	0		2883119.8		96	102	16	16	18	18	2018		28846	"NA"	"yes"	"NA"	"NA"	74.801	74.598	66.886	87.887		74.933	84.41	89.182	79.981	67.674	71.135	75.961	82.992	75.321	3.8	0.7	74.41	44.165	86.9625	77.5125		74.353	0	0	0	0	0	0	0	0	0	0	0	0	0	0	0	0	0	0	0	0	0	0	0	0	0	0	0	0	0	0	0	0		0	0	0	0	0	0	0	0	0	0	0	0	0	0	0	0	0	0	0	0	0	0	0	0	0	0	0	0	0	0	0	0	0	0	0	0	0	0	0	0	0	0	0	0	0	0	0	0	0	0	2017.0	150.0	"M/E"	0.78	1.0		1.0	"OBC"	2	1.0	0.0	0.9411765	1.0	0.9558824	0.48051995	0.0	1.0	0.0	0.0																		0.0	"SS"	5	1.0	0.0	0.0			0.78
144		"INC"	"Male"	"Kisan Raju Mistry"									46	51	15	15	18	27	2011			"5082"		"BJP"	"1519"	75.288	73.951	73.376	72.521		71.235	68.759	69.208	69.133	67.652	68.489	68.922	66.601	67.083					77.87		123		1	2	0	0	0	0	3	0	1	0	1	0	0	0	1	0	0	0	0	0	0	0	0	0	0	0	0	2	0	0	1	0		0	0	0	0	0	0	0	0	0	0	0	0	0	0	0	0	0	0	0	0	0	0	0	0	0	0	0	0	0	0	0	0	0	0	0	0	0	0	0	0	0	0	0	0	0	0	0	0	0	0	2007.0	151.0	"M/W"	0.68	0.0		0.0			1.0		0.9019608	1.0	0.9404762				15.0	5.183169419777842	0.0	0.0	0.0	0.0	0.0	0.0	0.5833333	0.0	0.083333336	0.0	0.083333336	0.0	0.0	0.0	0.16666667	0.0	0.083333336	12.0	"INC"	2	0.0	0.0	0.0	1.0	0.0	0.0
144	"W"	"BJP"	"Female"	"Rajshree Shripat Palande"	38	"B.A."		"Yes"	0		4977975.0		65	70	16	17	21	29	2013			"6222"		"MNS"	"1696"	59.288	52.85	56.581	68.061	49.202	65.199	71.523	75.093	72.947	53.963	48.684	48.149	58.155	48.015	0.9	8.5	62.35	70.5475	46.1075	81.5025			0	0	0	0	0	0	0	0	0	0	0	0	0	0	0	0	0	0	0	1	0	0	0	0	0	0	0	0	0	0	0	0		0	0	1	0	0	0	0	0	0	0	0	0	0	0	0	0	0	0	1	0	0	0	0	0	3	0	0	0	0	0	0	0	0	0	0	0	0	0	0	0	0	0	0	0	0	0	1	0	0	0	2012.0	152.0	"M/W"	0.68	1.0		1.0			1.0	0.0	0.9285714	0.9411765	0.9444444	0.8296625	1.0	1.0	8.571428571428571	4.184975936388366E-4	0.0	0.0	0.14285715	0.14285715	0.42857143	0.0	0.0	0.0	0.0	0.14285715	0.0	0.14285715	0.0	0.0	0.0	0.0	0.0	7.0	"BJP"	1	0.0	0.0	0.0	1.0	1.0	0.68
144	"W"	"BJP"	"Female"	"Rajshree Shripat Palande"	39	"B.A."		"Yes"	0		1.1832E7		57	65	12	14	36	43	2014							58.784	67.774	68.043	68.121	55.356	72.49	73.719	72.542	72.949	69.868	66.949	63.715	58.205	55.395	6.2	19.3	41.08	44.2625	46.56	69.8775			0	0	0	0	0	0	2	0	0	0	1	0	0	0	0	0	0	0	0	0	0	1	0	0	0	0	0	2	0	3	0	0	2	0	0	0	0	0	0	0	0	0	0	0	0	0	0	0	0	0	0	0	0	1	0	0	1	1	0	0	1	0	0	1	0	0	0	0	0	0	0	0	0	0	0	0	0	0	0	0	2	0	0	2012.0	152.0	"M/W"	0.68	1.0		1.0			1.0	0.0	0.8769231	0.85714287	0.9130435	0.986	1.0	1.0	16.0	5.8943132704549805	0.0	0.0	0.0	0.0	0.11111111	0.055555556	0.11111111	0.0	0.055555556	0.0	0.16666667	0.0	0.11111111	0.0	0.11111111	0.11111111	0.16666667	18.0	"BJP"	1	0.0	0.0	0.0	1.0	1.0	0.68
144	"W"	"BJP"	"Female"	"Rajshree Shripat Palande"	40	"B.A."		"Yes"	0		4557000.0		56	79	15	18	44	63	2015							52.483	53.44	50.177	64.917	62.471	71.099	73.485	83.312	63.725	39.047	44.074	62.046	60.959	51.297	50.9	78.1	62.78	60.8425	60.9	64.235			0	1	0	0	0	0	1	0	0	2	2	0	1	0	0	0	1	0	0	0	0	1	0	0	0	0	0	0	0	8	1	2	1	0	0	2	0	0	0	0	0	0	0	0	0	0	0	0	0	0	0	1	0	0	0	0	0	0	0	0	0	0	0	0	0	0	0	0	0	0	0	0	0	0	0	0	0	0	0	3	3	0	0	2012.0	152.0	"M/W"	0.68	1.0		1.0			1.0	0.0	0.70886075	0.8333333	0.81560284	0.7595	1.0	1.0	17.6	3.667928946453725	0.033333335	0.0	0.1	0.06666667	0.0	0.0	0.16666667	0.0	0.06666667	0.0	0.3	0.033333335	0.1	0.0	0.0	0.1	0.033333335	30.0	"BJP"	1	0.0	0.0	0.0	1.0	1.0	0.68
144	"W"	"BJP"	"Female"	"Rajshree Shripat Palande"	41	"B.A."		"Yes"	0		7634059.0		51	74	14	15	7	18	2016							66.302	58.905	59.663	71.633	62.707	68.471	71.528	68.157	60.008	59.559	55.758	60.434	66.704	64.56	0.0	0.0	48.913334	63.8225	61.6425	62.9025			0	1	0	0	0	0	2	0	1	1	0	0	0	0	0	0	0	0	0	0	0	0	0	0	0	0	0	4	0	6	2	1		1	0	0	0	0	0	0	0	0	0	0	0	0	0	0	0	0	0	0	0	0	0	0	0	0	0	0	0	0	0	0	0	0	0	0	0	0	0	0	0	0	0	0	0	0	0	0	0	0	0	2012.0	152.0	"M/W"	0.68	1.0		1.0			1.0	0.0	0.6891892	0.93333334	0.75	0.6361716	1.0	1.0	9.894736842105264	4.066466265865063	0.0	0.0	0.0	0.05263158	0.0	0.0	0.2631579	0.0	0.0	0.0	0.42105263	0.0	0.0	0.0	0.21052632	0.05263158	0.0	19.0	"BJP"	1	0.0	0.0	0.0	1.0	1.0	0.68
144	"W"	"BJP"	"Female"	"Anita Dinesh Panchal"	38	"Upto Fifth"		"Yes"	0		5783230.0		91	102	9	16	12	16	2018		29525	"NA"	"yes"	"NA"	"NA"	48.223	45.287	47.967	39.001		52.85	52.473	48.332	50.043	48.337	44.783	50.246	57.875	41.273	55.9	10.5	42.423332	73.5675	50.195	63.2575		50.171	0	0	0	0	0	0	0	0	0	0	0	0	0	0	0	0	0	0	0	0	0	0	0	0	0	0	0	0	0	0	0	0		0	0	0	0	0	0	0	0	0	0	0	0	0	0	0	0	0	0	0	0	0	0	0	0	0	0	0	0	0	0	0	0	0	0	0	0	0	0	0	0	0	0	0	0	0	0	0	0	0	0	2017.0	153.0	"M/E"	0.78	1.0		1.0	"G"	1	0.0	0.0	0.89215684	0.5625	0.86153847	0.96387166	0.0	1.0	0.0	0.0																		0.0	"BJP"	1	0.0	0.0	0.0			0.78
145		"RPI"	"Male"	"Gautam Ganapat Sable"									15	51	9	15	6	29	2011			"4195"		"INC"	"1990"	69.328	72.598	82.039	60.926		69.905	70.445	85.823	71.267	41.432	45.316	53.529	57.399	70.201					32.855		119		0	1	0	0	0	0	1	0	0	1	0	0	0	0	0	0	2	0	0	0	0	0	0	0	0	0	0	3	0	0	0	0		0	0	1	0	0	0	0	0	0	0	0	0	0	0	0	0	0	0	0	0	0	0	0	0	0	0	0	0	2	0	0	1	0	0	0	0	0	0	0	0	0	0	0	0	0	2	0	1	1	0	2007.0	154.0	"M/W"	0.68	0.0		0.0			1.0		0.29411766	0.6	0.41666666				15.0	5.535663133772558	0.0	0.0	0.0	0.1875	0.0	0.1875	0.3125	0.0	0.0	0.0	0.0	0.0	0.0625	0.0	0.25	0.0	0.0	16.0	"_Other"	6	0.0	0.0	0.0	1.0	0.0	0.0
145	"W"	"INC"	"Female"	"Vandana Gautam Sable"	44	"Ninth"		"Yes"	0		4492757.0		68	70	14	17	16	29	2013			"6943"		"Ind"	"3166"	65.208	53.097	61.021	66.81	54.171	75.712	76.074	75.607	79.093	54.284	55.56	62.422	67.062	58.155	10.8	48.5	66.81333	68.5025	57.98	74.2175			0	0	0	0	0	0	1	0	0	0	0	0	0	0	0	0	1	0	0	0	0	0	0	0	0	0	0	1	0	2	3	2		1	0	0	0	0	1	0	0	0	0	0	0	0	0	0	0	0	0	0	0	0	0	0	1	0	0	0	0	0	1	2	1	0	0	0	0	0	0	0	0	0	0	0	0	0	0	0	0	0	1	2012.0	155.0	"M/W"	0.68	1.0	"W"	1.0	"G"	1	0.0	0.0	0.9714286	0.8235294	0.9514563	0.7487928	0.0	1.0	15.0	2.749439512151376	0.0	0.0	0.0	0.055555556	0.055555556	0.22222222	0.11111111	0.0	0.0	0.0	0.2777778	0.055555556	0.0	0.0	0.11111111	0.11111111	0.0	18.0	"INC"	2	0.0	0.0	0.0	1.0	1.0	0.68
145	"W"	"INC"	"Female"	"Vandana Gautam Sable"	45	"Ninth"		"Yes"	0		1.1869E7		54	65	13	14	13	24	2014							56.612	53.443	55.89	64.517	46.276	63.881	67.23	71.634	70.258	54.444	55.68	54.325	56.846	54.716	6.3	23.0	49.26	51.1725	49.6375	48.4575			0	0	0	0	0	0	1	0	0	0	0	0	2	0	0	0	0	0	0	0	0	1	0	0	0	0	0	1	0	0	3	0	2	0	0	0	0	0	0	0	0	0	0	0	1	0	0	0	0	0	0	0	0	0	0	0	0	0	0	0	0	0	2	1	0	0	0	0	0	0	0	0	0	0	0	0	0	0	0	0	0	0	0	2012.0	155.0	"M/W"	0.68	1.0	"W"	1.0	"G"	1	0.0	0.0	0.83076924	0.9285714	0.8695652	0.98908335	0.0	1.0	16.285714285714285	3.55983024264231	0.14285715	0.0	0.0	0.0	0.0	0.21428572	0.071428575	0.0	0.0	0.0	0.21428572	0.071428575	0.0	0.0	0.071428575	0.14285715	0.071428575	14.0	"INC"	2	0.0	0.0	0.0	1.0	1.0	0.68
145	"W"	"INC"	"Female"	"Vandana Gautam Sable"	46	"Ninth"		"Yes"	0		4530000.0		67	79	16	18	9	22	2015							74.351	60.353	65.217	80.395	68.03	70.583	74.978	72.349	71.845	58.963	60.784	62.909	66.65	63.127	38.7	47.4	70.01667	75.8625	61.3375	78.72			0	1	0	0	0	0	0	0	0	1	0	0	0	0	0	0	0	0	0	0	0	0	0	0	0	0	0	2	0	1	3	0		0	0	0	0	0	0	0	0	0	0	0	0	0	0	0	0	0	0	0	0	1	0	0	1	1	0	0	0	0	0	0	0	0	0	0	0	0	0	0	0	0	0	0	0	0	0	0	0	0	0	2012.0	155.0	"M/W"	0.68	1.0	"W"	1.0	"G"	1	0.0	0.0	0.84810126	0.8888889	0.8679245	0.755	0.0	1.0	15.90909090909091	4.140076468543622	0.0	0.0	0.0	0.0	0.18181819	0.0	0.18181819	0.0	0.0	0.0	0.36363637	0.0	0.0	0.0	0.18181819	0.0	0.09090909	11.0	"INC"	2	0.0	0.0	0.0	1.0	1.0	0.68
145	"W"	"INC"	"Female"	"Vandana Gautam Sable"	47	"Ninth"		"Yes"	0		7193333.5		68	74	12	15	11	18	2016							71.896	65.548	73.955	84.109	69.988	76.102	73.289	74.65	72.968	71.237	71.523	71.235	73.344	73.142	76.2	87.0	72.433334	84.8875	79.505	61.325			0	0	0	0	0	0	3	0	0	1	0	0	1	0	0	0	0	0	0	0	0	0	0	0	0	0	0	2	0	1	3	1		0	0	0	0	0	0	0	0	0	0	0	0	0	0	0	0	1	0	0	0	0	0	0	0	1	0	0	0	1	3	0	0	0	0	0	0	0	0	0	0	0	0	0	0	0	0	0	0	0	0	2012.0	155.0	"M/W"	0.68	1.0	"W"	1.0	"G"	1	0.0	0.0	0.9189189	0.8	0.91	0.59944445	0.0	1.0	16.0	3.8167511493575383	0.055555556	0.0	0.0	0.0	0.055555556	0.22222222	0.2777778	0.0	0.0	0.0	0.22222222	0.0	0.0	0.0	0.11111111	0.055555556	0.0	18.0	"INC"	2	0.0	0.0	0.0	1.0	1.0	0.68
145	"G"	"AIMIM"	"Male"	"Shahnawaz Sarfaraz Hussain Shaikh "	35	"SSC"		"Yes"	2	1	3913460.8		71	102	8	16	0	0	2018	7	30459	"6123"		"SS"	"464"	51.129	51.198	56.614	64.133		61.952	56.661	65.919	61.239	42.58	42.119	47.305	61.472	50.563	0.0	8.1	55.816666	66.41	36.245	73.2125		51.706	0	0	0	0	0	0	0	0	0	0	0	0	0	0	0	0	0	0	0	0	0	0	0	0	0	0	0	1	0	0	0	0		0	0	0	0	0	0	0	0	0	0	0	0	0	0	0	0	0	0	0	0	0	0	0	0	0	0	0	0	0	0	0	0	0	0	0	0	0	0	0	0	0	0	0	0	0	0	0	0	0	0	2017.0	156.0	"M/E"	0.78	0.0		0.0	"G"	1	0.0	1.0	0.6960784	0.5	0.6694915	0.65224344	0.0	1.0	4.776	1.0503842869342441	0.0	0.0	0.0	0.0	0.0	0.0	0.0	0.0	0.0	0.0	0.0	0.0	0.0	0.0	1.0	0.0	0.0	1.0	"_Other"	6	0.0	0.0	0.0			0.0
146		"SS"	"Male"	"Prakash Vaikunth Phaterpekar"									33	51	13	15	23	43	2011			"4599"		"INC"	"658"	69.086	74.004	73.39	72.591		72.739	71.024	70.057	71.189	72.234	70.399	71.46	70.643	69.467					91.3575		122		0	3	0	0	0	0	0	0	0	0	0	0	0	0	0	0	0	0	0	0	0	0	0	0	0	0	0	0	0	0	0	0	1	0	0	0	0	2	0	0	0	0	0	0	0	0	0	0	0	0	0	0	0	0	0	0	0	0	0	0	0	3	1	0	0	0	0	0	0	0	0	0	0	0	0	0	0	0	0	0	4	0	0	2007.0	157.0	"M/W"	0.68	0.0		0.0			1.0		0.64705884	0.8666667	0.7752809				7.285714285714286	3.8241191635634486	0.0	0.0	0.0	0.0	0.0	0.2857143	0.21428572	0.0	0.0	0.0	0.0	0.14285715	0.2857143	0.0	0.0	0.071428575	0.0	14.0	"SS"	5	1.0	0.0	0.0	1.0	0.0	0.0
146	"W"	"SS"	"Female"	"Suprada Prakash Phaterpekar"	29	"HSC"	"Interior Designer, Fashion Designer"	"Yes"	0		3790380.0		50	70	16	17	30	40	2013			"8694"		"Congress"	"4548"	64.41	56.461	58.983	68.964	50.715	66.886	72.015	80.129	80.453	50.432	52.621	54.654	63.623	52.707	37.1	45.3	58.046665	64.3475	48.52	74.26			0	0	0	0	0	0	0	0	0	1	1	0	0	0	0	0	0	0	0	0	0	0	0	0	0	0	0	1	0	1	0	0		0	0	1	0	0	0	0	0	0	0	0	0	0	0	0	0	0	0	0	0	0	0	1	2	1	0	0	0	0	1	0	0	0	0	0	0	0	0	0	0	0	0	0	0	1	0	0	1	0	0	2012.0	158.0	"M/W"	0.68	1.0	"OBC-W"	1.0	"OBC"	2	1.0	0.0	0.71428573	0.9411765	0.82051283	0.63173	1.0	1.0	10.5	3.4187068424356566	0.0	0.083333336	0.0	0.083333336	0.33333334	0.083333336	0.083333336	0.0	0.083333336	0.0	0.083333336	0.0	0.083333336	0.0	0.083333336	0.0	0.0	12.0	"SS"	5	1.0	0.0	0.0	1.0	1.0	0.68
146	"W"	"SS"	"Female"	"Suprada Prakash Phaterpekar"	30	"HSC"	"Interior Designer, Fashion Designer"	"Yes"	0		1.1927E7		44	65	11	14	21	32	2014							59.668	50.428	54.154	69.705	46.833	66.267	66.109	73.565	72.14	49.516	53.99	62.02	68.678	60.568	30.7	30.8	52.09	61.365	63.0875	70.3525			0	0	0	0	0	0	0	0	0	0	0	0	0	0	0	0	0	0	0	0	0	0	0	0	0	0	0	0	0	0	0	0		0	0	0	0	0	0	0	0	0	0	0	0	0	0	0	0	0	0	1	0	0	0	1	2	0	0	0	0	0	0	0	0	0	0	0	0	0	0	0	0	0	0	0	0	0	0	0	1	0	0	2012.0	158.0	"M/W"	0.68	1.0	"OBC-W"	1.0	"OBC"	2	1.0	0.0	0.6769231	0.78571427	0.76	0.9939167	1.0	1.0	6.0	0.0027677830058123443	0.0	0.0	0.0	0.0	0.6	0.0	0.0	0.0	0.0	0.0	0.0	0.2	0.2	0.0	0.0	0.0	0.0	5.0	"SS"	5	1.0	0.0	0.0	1.0	1.0	0.68
146	"W"	"SS"	"Female"	"Suprada Prakash Phaterpekar"	31	"HSC"	"Interior Designer, Fashion Designer"	"Yes"	0		3426000.0		47	79	10	18	27	54	2015							63.225	60.116	54.233	67.102	58.018	67.856	67.049	67.709	66.679	52.521	55.553	57.458	62.556	55.731	59.3	55.1	66.76	61.66	53.28	64.0975			0	0	0	0	0	0	0	0	0	1	0	0	0	0	0	0	0	0	0	0	0	0	0	0	0	0	0	0	0	0	0	0		0	0	0	0	0	0	0	0	0	0	0	0	0	0	0	0	0	0	0	0	0	0	0	0	1	0	0	0	1	0	0	0	0	0	0	0	0	0	0	0	0	0	0	0	0	0	0	0	0	0	2012.0	158.0	"M/W"	0.68	1.0	"OBC-W"	1.0	"OBC"	2	1.0	0.0	0.5949367	0.5555556	0.67741936	0.571	1.0	1.0	9.0	0.20855057351407716	0.0	0.0	0.0	0.0	0.33333334	0.33333334	0.33333334	0.0	0.0	0.0	0.0	0.0	0.0	0.0	0.0	0.0	0.0	3.0	"SS"	5	1.0	0.0	0.0	1.0	1.0	0.68
146	"W"	"SS"	"Female"	"Suprada Prakash Phaterpekar"	32	"HSC"	"Interior Designer, Fashion Designer"	"Yes"	0		8009321.5		44	74	13	15	9	18	2016							67.421	42.988	32.994	81.246	42.801	71.462	83.135	88.652	77.935	35.57	40.105	50.206	68.398	54.528	67.0	72.2	62.2	60.825	72.13	70.1025			0	3	0	0	0	0	0	0	1	0	2	0	1	0	0	0	1	1	0	0	0	1	0	0	0	0	0	2	0	0	0	0		0	0	0	0	0	0	0	0	0	0	0	0	0	0	0	0	0	0	0	0	0	0	0	1	0	0	0	0	1	0	0	0	0	0	0	0	0	0	0	0	0	0	0	0	0	0	0	2	0	0	2012.0	158.0	"M/W"	0.68	1.0	"OBC-W"	1.0	"OBC"	2	1.0	0.0	0.5945946	0.8666667	0.67346936	0.66744345	1.0	1.0	11.5	4.273547094188378	0.0625	0.0	0.0	0.0	0.0625	0.0625	0.3125	0.0625	0.125	0.0	0.0	0.0	0.125	0.0	0.125	0.0	0.0625	16.0	"SS"	5	1.0	0.0	0.0	1.0	1.0	0.68
146	"SC"	"SS"	"Female"	"Samriddhi Ganesh Kate"	29	"Graduate"		"Yes"	0		4601737.5		87	102	16	16	18	29	2018		32799	"8622"		"NCP"	"3551"	45.943	52.48	60.881	64.688		63.607	74.722	65.609	68.911	59.221	52.938	66.561	73.019	56.02	18.2	12.9	56.123333	64.3875	52.0375	68.8425		65.966	0	0	0	0	0	0	0	0	0	7	0	0	0	0	0	1	0	0	0	0	0	0	0	0	0	0	0	0	0	0	1	0		1	0	0	0	0	0	0	0	0	0	0	0	0	0	0	0	0	0	0	0	0	0	1	4	1	0	0	0	0	0	0	0	0	0	0	0	1	0	0	0	0	0	0	0	0	0	0	5	0	0	2017.0	159.0	"M/E"	0.78	1.0		0.0	"SCST"	3	1.0	0.0	0.85294116	1.0	0.8897059	0.76695627	1.0	1.0	11.562272727272727	0.37574722459436377	0.0	0.0	0.0	0.045454547	0.27272728	0.0	0.36363637	0.0	0.0	0.0	0.045454547	0.0	0.22727273	0.0	0.0	0.0	0.045454547	22.0	"SS"	5	1.0	0.0	0.0			0.0
147	"W"	"SS"	"Female"	"Mangala Tukaram Kate"									21	51	6	15	2	2	2011			"9996"		"INC"	"2989"	68.129	63.526	66.037	71.263		67.362	71.383	79.073	71.911	57.966	60.11	58.773	64.888	61.819					87.3925		133		0	0	0	0	0	0	0	0	0	0	0	0	1	0	0	0	0	0	0	0	0	0	0	0	0	0	0	0	0	1	0	0		0	0	0	0	0	0	0	0	0	0	0	0	0	0	0	0	0	0	0	0	0	0	0	0	0	0	0	0	0	0	0	0	0	0	0	0	0	0	0	0	0	0	0	0	0	0	0	2	0	0	2007.0	160.0	"M/W"	0.68	1.0		1.0	"G"	1	0.0		0.4117647	0.4	0.42647058				10.5	0.8588752029027021	0.25	0.0	0.0	0.0	0.0	0.0	0.0	0.0	0.0	0.0	0.25	0.0	0.5	0.0	0.0	0.0	0.0	4.0	"SS"	5	1.0	0.0	0.0	1.0	1.0	0.68
147		"INC"	"Male"	"Anil Ramchandra Patankar"	48	"HSC"		"Yes"	0		4053270.0		69	70	17	17	47	48	2013			"10279"		"SS"	"287"	59.498	60.966	55.698	65.388	57.731	64.861	65.594	82.049	76.915	56.51	55.668	53.835	68.945	59.702	12.3	54.1	59.803333	67.595	63.2825	69.5125			0	0	0	0	0	0	0	0	0	0	0	0	1	0	0	0	0	0	0	0	0	0	0	0	0	0	0	0	0	0	1	0		1	0	0	0	0	0	0	0	0	0	0	0	0	0	0	0	0	0	0	0	0	0	0	1	1	0	0	0	0	0	0	0	0	0	0	0	0	0	0	0	0	0	0	0	0	0	0	1	0	0	2012.0	161.0	"M/W"	0.68	0.0	"G"	0.0	"G"	1	0.0	0.0	0.98571426	1.0	0.9925373	0.675545	0.0	1.0	12.0	0.022598870056497175	0.16666667	0.0	0.0	0.16666667	0.33333334	0.0	0.0	0.0	0.0	0.0	0.16666667	0.0	0.16666667	0.0	0.0	0.0	0.0	6.0	"INC"	2	0.0	0.0	0.0	1.0	0.0	0.0
147		"INC"	"Male"	"Anil Ramchandra Patankar"	49	"HSC"		"Yes"	0		1.1418E7		64	65	14	14	28	33	2014							63.489	56.003	45.353	81.034	60.424	81.516	83.03	85.639	85.371	65.681	56.714	57.045	77.914	59.214	34.1	35.5	66.14	70.33	54.8125	69.1775			0	0	0	0	0	0	0	0	0	1	0	0	1	0	0	0	1	0	0	0	0	0	0	0	0	0	0	0	0	0	1	0	2	0	0	1	0	0	0	0	0	0	0	0	0	0	0	0	0	0	0	0	0	0	0	0	2	0	0	0	0	0	0	0	1	0	0	0	0	0	0	2	0	0	0	0	0	0	0	0	4	0	0	2012.0	161.0	"M/W"	0.68	0.0	"G"	0.0	"G"	1	0.0	0.0	0.9846154	1.0	0.99065423	0.9515	0.0	1.0	11.625	2.1782452255743148	0.0625	0.0	0.0	0.0625	0.125	0.0625	0.125	0.0	0.0	0.0	0.0625	0.0	0.25	0.125	0.0	0.125	0.0	16.0	"INC"	2	0.0	0.0	0.0	1.0	0.0	0.0
147		"INC"	"Male"	"Anil Ramchandra Patankar"	50	"HSC"		"Yes"	0		1724000.0		77	79	18	18	34	34	2015							58.931	66.731	64.991	69.369	61.976	61.688	61.747	63.109	63.926	65.142	62.686	61.557	63.779	65.581	48.4	58.7	74.80666	77.6575	56.6525	72.5025			0	1	0	0	0	0	0	0	0	0	0	0	0	0	0	0	0	0	0	0	0	2	0	0	0	0	0	0	0	1	2	0	2	0	0	2	0	0	0	0	0	0	0	0	0	0	0	0	0	0	0	0	0	0	0	0	0	0	0	0	0	0	1	0	5	0	0	0	0	0	0	0	0	2	0	0	0	0	0	4	1	1	0	2012.0	161.0	"M/W"	0.68	0.0	"G"	0.0	"G"	1	0.0	0.0	0.9746835	1.0	0.9847328	0.28733334	0.0	1.0	13.75	3.4532499131039276	0.0	0.0	0.16666667	0.083333336	0.0	0.25	0.041666668	0.0	0.0	0.0	0.125	0.0	0.041666668	0.083333336	0.041666668	0.083333336	0.083333336	24.0	"INC"	2	0.0	0.0	0.0	1.0	0.0	0.0
147																			2016							55.344	60.666	61.72	65.946	63.252	69.094	68.638	65.054	65.399	60.447	61.351	66.071	66.966	65.617	2.2	12.4	48.31333	68.965	65.34	66.0975			0	0	0	0	0	0	0	0	0	0	0	0	0	0	0	0	0	0	0	0	0	0	0	0	0	0	0	0	0	0	0	0		0	0	0	0	0	0	0	0	0	0	0	0	0	0	0	0	0	0	0	0	0	0	0	0	0	0	0	0	0	0	0	0	0	0	0	0	0	0	0	0	0	0	0	0	0	0	0	0	0	0	2012.0	161.0	"M/W"	0.68	0.0	"G"	0.0	"G"	1	0.0																												"_Other"	6	0.0	0.0	0.0	1.0	0.0	0.0
147	"OBC-W"	"SS"	"Female"	"Anjali Sanjay Naik"	46	"Graduate"		"Yes"	0		4930062.0		76	102	12	16	36	53	2018		26527	"7565"		"Congress"	"2402"	55.577	56.842	33.181	70.453		66.801	72.511	77.655	79.482	42.448	50.308	69.741	78.108	67.382	12.2	3.5	65.57333	54.07	93.4625	59.3125		57.472	0	0	0	0	0	0	0	0	0	1	0	0	0	0	0	0	0	0	0	0	0	0	0	0	0	0	0	2	0	0	0	0		0	0	0	0	0	0	0	0	0	0	0	0	0	0	0	0	0	0	0	0	0	0	2	3	1	0	0	0	0	0	0	1	0	0	0	0	0	0	0	0	0	0	0	0	0	0	0	7	0	0	2017.0	162.0	"M/E"	0.78	1.0		1.0	"OBC"	2	1.0	0.0	0.74509805	0.75	0.8051948	0.821677	1.0	1.0	9.569735294117647	1.3008824366638199	0.0	0.0	0.0	0.0	0.3529412	0.05882353	0.05882353	0.0	0.0	0.0	0.0	0.0	0.4117647	0.0	0.11764706	0.0	0.0	17.0	"SS"	5	1.0	0.0	0.0			0.78
148		"RPI"	"Male"	"Babasaheb Dnyanu Bansode"									24	51	9	15	6	16	2011			"6011"		"INC"	"1383"	67.343	61.076	66.374	61.343		63.61	65.417	65.95	64.389	61.997	61.231	62.333	61.545	60.393					60.7		122		0	0	0	0	0	0	0	0	0	0	1	0	0	0	0	0	0	0	0	0	0	0	0	0	0	0	0	0	0	0	0	0	1	0	0	0	0	0	0	0	0	0	0	0	0	0	0	0	0	0	0	0	0	0	0	1	1	0	0	0	0	0	0	0	0	0	0	0	0	0	0	0	0	0	0	0	0	0	0	0	5	0	0	2007.0	163.0	"M/W"	0.68	0.0		0.0			1.0		0.47058824	0.6	0.5416667				8.0	2.249116776472835	0.0	0.0	0.0	0.0	0.22222222	0.0	0.0	0.0	0.11111111	0.0	0.0	0.0	0.5555556	0.0	0.0	0.11111111	0.0	9.0	"_Other"	6	0.0	0.0	0.0	1.0	0.0	0.0
148	"W"	"INC"	"Female"	"Sangita Chandrakant Handore"	49	"Seventh"		"Yes"	0		5459874.0		65	70	13	17	0	0	2013			"7983"		"RPFI(A)"	"4319"	67.791	65.388	66.604	70.419	63.5	70.109	68.304	69.953	70.631	61.006	63.126	61.939	63.811	62.116	21.2	48.2	48.503334	60.685	63.685	67.3			0	0	0	0	0	0	0	0	0	0	0	0	0	0	0	0	0	0	0	0	0	0	0	0	0	0	0	0	0	0	0	0		0	0	0	0	0	0	0	0	0	0	0	0	0	0	0	0	0	0	0	0	0	0	0	0	0	0	0	0	0	0	0	0	0	0	0	0	0	0	0	0	0	0	0	0	0	0	0	0	0	0	2012.0	164.0	"M/W"	0.68	1.0		1.0			1.0	0.0	0.9285714	0.7647059	0.8965517	0.909979	0.0	1.0	0.0	0.0																		0.0	"INC"	2	0.0	0.0	0.0	1.0	1.0	0.68
148	"W"	"INC"	"Female"	"Sangita Chandrakant Handore"	50	"Seventh"		"Yes"	0		1.1574E7		57	65	10	14	0	0	2014							57.762	54.836	48.911	59.751	53.451	63.288	66.895	86.903	67.714	54.188	55.827	52.87	59.735	48.666	4.0	19.2	48.626667	69.2875	59.15	65.4875			0	0	0	0	0	0	0	0	0	0	0	0	1	0	0	0	0	0	0	0	0	0	0	0	0	0	0	0	0	0	0	0	1	0	0	0	0	0	0	0	0	0	0	0	0	0	0	0	0	0	0	0	0	0	0	0	0	0	0	0	0	0	0	0	0	0	0	0	0	0	0	0	0	0	0	0	0	0	0	0	1	0	0	2012.0	164.0	"M/W"	0.68	1.0		1.0			1.0	0.0	0.8769231	0.71428573	0.84810126	0.9645	0.0	1.0	12.0	1.5804040963188486	0.33333334	0.0	0.0	0.0	0.0	0.0	0.0	0.0	0.0	0.0	0.0	0.0	0.33333334	0.0	0.0	0.33333334	0.0	3.0	"INC"	2	0.0	0.0	0.0	1.0	1.0	0.68
148	"W"	"INC"	"Female"	"Sangita Chandrakant Handore"	51	"Seventh"		"Yes"	0		4486000.0		65	79	13	18	0	0	2015							66.695	60.117	50.931	70.162	54.655	70.687	75.088	78.545	80.873	58.327	59.431	56.064	65.965	68.126	6.5	47.9	75.01667	77.0875	81.755	69.73			0	0	0	0	0	0	0	0	0	0	0	0	0	0	0	0	0	0	0	0	0	0	0	0	0	0	0	0	0	0	0	0		0	0	0	0	0	0	0	0	0	0	0	0	0	0	0	0	0	0	0	0	0	0	0	0	0	0	0	0	0	0	0	0	0	0	0	0	0	0	0	0	0	0	0	0	0	0	0	1	0	0	2012.0	164.0	"M/W"	0.68	1.0		1.0			1.0	0.0	0.8227848	0.7222222	0.8041237	0.74766666	0.0	1.0	6.0	0.0	0.0	0.0	0.0	0.0	0.0	0.0	0.0	0.0	0.0	0.0	0.0	0.0	1.0	0.0	0.0	0.0	0.0	1.0	"INC"	2	0.0	0.0	0.0	1.0	1.0	0.68
148	"W"	"INC"	"Female"	"Sangita Chandrakant Handore"	52	"Seventh"		"Yes"	0		7237455.0		71	74	13	15	0	0	2016							69.492	54.065	40.189	80.199	86.839	74.638	81.629	86.729	87.443	50.624	44.482	54.581	70.944	72.022	88.8	91.8	74.49	79.9525	64.61	76.3175			0	0	0	0	0	0	0	0	0	0	0	0	0	0	0	0	0	0	0	0	0	0	0	0	0	0	0	0	0	0	0	0		0	0	0	0	0	0	0	0	0	0	0	0	0	0	0	0	0	0	0	0	0	0	0	0	0	0	0	0	0	0	0	0	0	0	0	0	0	0	0	0	0	0	0	0	0	0	0	1	0	0	2012.0	164.0	"M/W"	0.68	1.0		1.0			1.0	0.0	0.9594595	0.8666667	0.94382024	0.6031212	0.0	1.0	6.0	0.0	0.0	0.0	0.0	0.0	0.0	0.0	0.0	0.0	0.0	0.0	0.0	0.0	1.0	0.0	0.0	0.0	0.0	1.0	"INC"	2	0.0	0.0	0.0	1.0	1.0	0.68
148	"W"	"SS"	"Female"	"Nidhi Pramod Shinde"	41	"HSC"		"Yes"	0		5725343.5		99	102	16	16	14	15	2018		28384	"4485"		"BJP"	"1229"	65.433	69.452	74.716	83.792		80.571	79.876	84.822	79.727	60.574	59.111	68.233	76.744	61.863	62.7	67.7	63.02667	51.91	95.3075	71.06		45.444	0	0	0	0	0	0	2	0	0	0	0	0	0	0	0	0	0	0	0	0	0	0	0	0	0	0	0	1	0	0	0	0		0	0	0	0	0	0	0	0	0	0	0	0	0	0	0	0	0	0	0	0	0	0	0	0	0	0	0	0	0	0	0	0	1	0	0	0	0	0	0	0	0	0	1	0	0	0	0	0	0	0	2017.0	165.0	"M/E"	0.78	1.0		1.0	"G"	1	0.0	0.0	0.9705882	1.0	0.97727275	0.95422393	0.0	1.0	9.093499999999999	2.4822089382294337	0.0	0.0	0.0	0.0	0.0	0.0	0.4	0.0	0.0	0.0	0.0	0.0	0.0	0.2	0.2	0.0	0.2	5.0	"SS"	5	1.0	0.0	0.0			0.78
149		"SS"	"Male"	"Rajiv Sumant Chaugule"									35	51	10	15	25	32	2011			"6494"		"INC"	"1931"	74.146	79.59	78.194	76.827		77.248	80.344	79.146	79.593	77.787	80.895	79.736	79.401	78.244					51.315		125		0	1	0	0	0	0	1	0	0	0	2	0	3	0	1	0	0	0	0	0	0	0	0	0	0	0	0	1	0	0	0	0	1	0	0	0	0	0	0	0	0	0	0	0	0	0	0	0	0	0	0	0	0	0	0	1	3	5	0	0	0	0	0	0	1	0	0	0	0	0	0	0	0	2	0	0	1	0	1	0	0	0	0	2007.0	166.0	"M/W"	0.68	0.0		0.0			1.0		0.6862745	0.6666667	0.7692308				8.25	4.149240905184762	0.125	0.0	0.0	0.041666668	0.375	0.041666668	0.125	0.0	0.083333336	0.0	0.0	0.0	0.0	0.125	0.041666668	0.041666668	0.0	24.0	"SS"	5	1.0	0.0	0.0	1.0	0.0	0.0
149	"W"	"SS"	"Female"	"Deepa Nilkanth Parab"	61	"Upto SSC"		"Not Given"	0		4946104.0		66	70	14	17	17	19	2013			"5504"		"NCP"	"436"	66.768	59.876	62.016	67.825	59.215	66.223	68.631	73.3	69.442	55.311	54.008	52.3	63.265	62.422	64.0	67.6	45.593334	72.005	79.4375	59.6575			0	0	0	0	0	0	0	0	0	0	0	0	0	0	0	0	0	0	0	0	0	0	0	0	0	0	0	0	0	0	1	0		0	0	0	0	0	0	0	0	0	0	0	0	0	0	0	0	0	0	0	0	0	0	0	0	0	0	0	0	0	0	0	0	0	0	0	0	0	0	0	0	0	0	0	0	0	0	0	0	0	0	2012.0	167.0	"M/W"	0.68	1.0	"W"	1.0	"G"	1	0.0	0.0	0.94285715	0.8235294	0.9326923	0.82435066	0.0	0.0	8.0	0.015065913370998116	0.0	0.0	0.0	0.0	0.0	0.0	0.0	0.0	0.0	0.0	1.0	0.0	0.0	0.0	0.0	0.0	0.0	1.0	"SS"	5	1.0	0.0	0.0	1.0	1.0	0.68
149	"W"	"SS"	"Female"	"Deepa Nilkanth Parab"	62	"Upto SSC"		"Not Given"	0		1.184E7		64	65	13	14	13	14	2014							66.942	61.276	72.492	76.429	62.883	73.728	75.727	80.998	82.845	55.04	54.853	67.6	70.11	64.157	7.7	23.7	50.946667	57.2175	64.0	59.39			0	0	0	0	0	0	0	0	0	0	0	0	0	0	0	0	0	0	0	0	0	0	0	0	0	0	0	0	0	0	1	0		0	0	1	0	0	0	0	0	0	0	0	0	0	0	0	0	0	0	0	0	0	0	0	0	0	0	0	0	0	0	0	0	0	0	0	0	0	0	0	0	0	0	0	0	0	0	0	6	0	0	2012.0	167.0	"M/W"	0.68	1.0	"W"	1.0	"G"	1	0.0	0.0	0.9846154	0.9285714	0.9782609	0.9866667	0.0	0.0	8.25	0.10240797121505674	0.0	0.0	0.0	0.125	0.0	0.0	0.0	0.0	0.0	0.0	0.125	0.0	0.75	0.0	0.0	0.0	0.0	8.0	"SS"	5	1.0	0.0	0.0	1.0	1.0	0.68
149	"W"	"SS"	"Female"	"Deepa Nilkanth Parab"	63	"Upto SSC"		"Not Given"	0		2544000.0		75	79	12	18	15	19	2015							59.772	49.19	44.409	88.288	66.107	75.572	76.774	82.285	79.759	60.106	57.979	60.058	63.468	63.765	24.1	63.4	53.486668	58.745	77.0525	67.7725			0	0	0	0	0	0	0	0	0	0	0	0	0	0	0	0	0	0	0	0	0	0	0	0	0	0	0	0	0	0	0	0		0	0	0	0	0	0	0	0	0	0	0	0	0	0	0	0	0	0	0	0	0	0	0	0	0	0	0	0	0	0	0	0	0	0	0	0	0	0	0	0	0	0	0	0	0	0	0	1	0	0	2012.0	167.0	"M/W"	0.68	1.0	"W"	1.0	"G"	1	0.0	0.0	0.9493671	0.6666667	0.91071427	0.424	0.0	0.0	6.0	0.0	0.0	0.0	0.0	0.0	0.0	0.0	0.0	0.0	0.0	0.0	0.0	0.0	1.0	0.0	0.0	0.0	0.0	1.0	"SS"	5	1.0	0.0	0.0	1.0	1.0	0.68
149	"W"	"SS"	"Female"	"Deepa Nilkanth Parab"	64	"Upto SSC"		"Not Given"	0		8364201.5		74	74	14	15	16	17	2016							95.13	90.957	89.137	94.868	90.694	91.912	91.573	95.295	93.312	88.077	85.825	80.444	85.905	86.522	4.3	46.1	88.11667	96.3025	95.2175	91.9575			0	0	0	0	0	0	0	0	0	0	0	0	0	0	0	0	0	0	0	0	0	0	0	0	0	0	0	1	0	0	0	0		0	0	0	0	0	0	0	0	0	0	0	0	0	0	0	0	0	0	0	0	0	0	0	0	0	0	0	0	0	0	0	0	0	0	0	0	0	0	0	0	0	0	0	0	0	0	0	2	0	0	2012.0	167.0	"M/W"	0.68	1.0	"W"	1.0	"G"	1	0.0	0.0	1.0	0.93333334	0.9904762	0.6970168	0.0	0.0	12.0	1.5080160320641283	0.0	0.0	0.0	0.0	0.0	0.0	0.0	0.0	0.0	0.0	0.0	0.0	0.6666667	0.0	0.33333334	0.0	0.0	3.0	"SS"	5	1.0	0.0	0.0	1.0	1.0	0.68
149	"G"	"BJP"	"Male"	"Susham Gopal Sawant"	44	"Graduate"		"Yes"	0		4978682.0		89	102	17	17	16	18	2018		27384	"5927"		"SS"	"2119"	71.235	62.529	65.1	84.406		81.625	81.45	82.589	66.695	52.72	53.654	47.296	66.155	59.728	29.2	76.4	79.503334	36.47	73.0375	64.145		69.985	0	0	0	0	0	0	0	0	1	1	0	0	0	0	0	0	1	0	0	0	0	0	0	0	0	1	0	3	0	0	2	1	1	0	0	0	0	0	0	0	0	0	0	0	0	0	0	0	0	0	0	0	0	0	0	0	0	0	0	0	0	0	0	0	0	0	0	0	0	0	0	0	0	0	0	0	0	0	0	0	1	0	0	2017.0	168.0	"M/W"	0.68	0.0		0.0	"G"	1	0.0	0.0	0.872549	1.0	0.9037037	0.82978034	1.0	1.0	10.3535	3.4829059829059834	0.0	0.0	0.0	0.0	0.0	0.0	0.25	0.0	0.0	0.0	0.25	0.0	0.083333336	0.0	0.25	0.16666667	0.0	12.0	"BJP"	1	0.0	0.0	0.0			0.0
150		"NCP"	"Male"	"Sharad Shivkumar Pawar"									25	51	13	14	9	13	2011			"3571"		"SS"	"653"	73.048	80.898	72.723	74.025		82.569	67.984	72.171	68.248	73.021	70.437	69.447	71.617	76.27					57.9225		118		0	4	0	0	0	0	0	0	0	0	2	0	1	0	0	0	1	0	0	0	0	0	0	0	0	1	0	4	0	1	1	1	3	0	0	0	0	0	0	0	0	0	0	0	0	0	0	0	0	0	0	0	0	0	0	0	0	0	0	0	0	0	0	0	0	0	0	0	0	0	0	0	0	0	0	0	0	0	0	0	0	0	0	2007.0	172.0	"L"	0.85	0.0		0.0			1.0		0.49019608	0.9285714	0.6351351				14.0	6.62294327465194	0.05263158	0.0	0.0	0.0	0.0	0.0	0.2631579	0.0	0.10526316	0.0	0.15789473	0.0	0.0	0.0	0.21052632	0.21052632	0.0	19.0	"NCP"	4	0.0	0.0	0.0	1.0	0.0	0.0
150	"W"	"NCP"	"Female"	"Savita Sharad Pawar"	42	"Seventh"		"Yes"	0		5051325.0		33	70	17	20	19	36	2013			"10058"		"MNS"	"4044"	72.26	70.898	70.312	75.655	72.212	71.557	72.387	77.12	76.738	66.129	64.712	64.059	67.226	67.975	52.7	53.8	56.496666	58.675	65.28	59.88			0	0	0	0	0	0	0	0	0	0	0	0	1	0	0	0	1	0	0	0	0	0	0	0	0	0	0	1	0	0	0	0		1	0	0	0	0	0	0	0	0	0	0	0	0	0	0	0	0	0	0	0	0	0	0	0	0	0	0	0	0	0	0	0	0	0	0	1	0	0	0	0	0	0	0	0	0	0	0	5	0	0	2012.0	173.0	"L"	0.85	1.0	"W"	1.0	"G"	1	0.0	0.0	0.47142857	0.85	0.6330275	0.8418875	0.0	1.0	12.4	2.629894578313253	0.1	0.0	0.0	0.1	0.0	0.0	0.1	0.0	0.0	0.0	0.0	0.0	0.5	0.0	0.1	0.0	0.1	10.0	"NCP"	4	0.0	0.0	0.0	1.0	1.0	0.85
150	"W"	"NCP"	"Female"	"Savita Sharad Pawar"	43	"Seventh"		"Yes"	0		1.0893E7		23	65	13	18	15	22	2014							58.732	57.307	60.269	68.139	57.489	71.023	63.522	80.694	82.576	66.646	64.627	61.204	61.302	64.972	39.7	74.6	54.41	63.6625	67.1025	70.365			0	3	0	0	0	0	0	1	0	1	1	0	0	0	0	0	0	0	0	0	0	0	0	0	0	0	0	0	0	0	0	0		0	0	1	0	0	0	0	0	0	0	0	0	0	0	0	0	0	0	0	0	0	0	0	0	0	0	0	0	0	0	0	0	0	0	0	0	0	0	0	0	0	0	0	0	1	0	0	2	0	0	2012.0	173.0	"L"	0.85	1.0	"W"	1.0	"G"	1	0.0	0.0	0.35384616	0.7222222	0.52040815	0.90775	0.0	1.0	7.8	4.9250749250749255	0.0	0.1	0.0	0.1	0.0	0.0	0.5	0.0	0.1	0.0	0.0	0.0	0.2	0.0	0.0	0.0	0.0	10.0	"NCP"	4	0.0	0.0	0.0	1.0	1.0	0.85
150	"W"	"NCP"	"Female"	"Savita Sharad Pawar"	44	"Seventh"		"Yes"	0		5633000.0		22	79	15	19	12	22	2015							74.426	66.65	60.294	80.56	68.092	78.962	79.7	81.723	84.147	64.679	64.707	66.511	72.15	76.169	3.5	42.0	68.72	72.975	76.2075	64.865			0	3	0	0	0	0	0	0	0	0	0	0	0	0	0	0	0	0	0	0	0	0	0	0	0	0	0	5	0	0	0	0		0	0	0	0	0	0	0	0	0	0	0	0	0	0	0	0	1	0	0	0	0	0	0	0	0	0	0	0	0	0	0	0	0	0	0	0	0	0	0	0	0	0	0	0	0	0	0	2	0	0	2012.0	173.0	"L"	0.85	1.0	"W"	1.0	"G"	1	0.0	0.0	0.278481	0.7894737	0.44545454	0.93883336	0.0	1.0	15.636363636363637	4.973669791793498	0.0	0.0	0.0	0.0	0.0	0.0	0.36363637	0.0	0.0	0.0	0.0	0.0	0.18181819	0.0	0.45454547	0.0	0.0	11.0	"NCP"	4	0.0	0.0	0.0	1.0	1.0	0.85
150	"W"	"NCP"	"Female"	"Savita Sharad Pawar"	45	"Seventh"		"Yes"	0		6389571.5		20	74	13	17	11	18	2016							67.062	50.316	43.156	67.721	56.6	54.562	59.887	81.519	84.567	54.777	58.04	59.99	66.958	67.835	85.9	95.7	69.92667	79.945	96.2775	77.9975			0	2	0	0	0	0	0	0	0	0	0	0	0	0	0	0	0	0	0	0	0	0	0	0	0	0	0	4	0	0	0	0		0	0	0	0	0	0	0	0	0	0	0	0	0	0	0	0	0	0	0	0	0	0	0	0	0	0	0	0	0	0	0	0	0	0	0	0	0	0	0	0	0	0	0	0	0	0	0	2	0	0	2012.0	173.0	"L"	0.85	1.0	"W"	1.0	"G"	1	0.0	0.0	0.27027026	0.7647059	0.43137255	0.53246427	0.0	1.0	14.0	4.403327246906066	0.0	0.0	0.0	0.0	0.0	0.0	0.25	0.0	0.0	0.0	0.0	0.0	0.25	0.0	0.5	0.0	0.0	8.0	"NCP"	4	0.0	0.0	0.0	1.0	1.0	0.85
150	"G"	"INC"	"Female"	"Sangeeta Chandrakant Handore"	53	"HSC"		"Yes"	0		4860413.0		97	102	14	17	11	29	2018		23894	"8046"		"RPI(A)"	"5842"	73.912	54.148	83.872	86.678		87.789	86.488	87.13	86.23	45.562	69.767	76.267	83.962	68.97	90.2	97.2	69.71	28.0	64.2625	55.895		85.407	0	4	0	0	0	0	1	0	0	4	1	0	0	0	0	0	0	0	0	0	0	0	0	0	0	0	1	1	0	0	0	1	1	0	0	0	0	0	0	0	0	0	0	0	0	0	0	0	0	0	0	0	0	0	0	0	0	0	0	0	0	1	0	0	1	0	0	0	0	0	0	0	0	0	0	0	0	0	0	0	0	0	0	2017.0	174.0	"M/W"	0.68	1.0		0.0	"G"	1	0.0	0.0	0.95098037	0.8235294	0.93846154	0.81006885	0.0	1.0	12.814	4.447496947496948	0.0	0.0	0.0	0.0	0.0	0.125	0.5625	0.0	0.0625	0.0	0.0625	0.0	0.0	0.0	0.0625	0.125	0.0	16.0	"INC"	2	0.0	0.0	0.0			0.0
151	"W"	"SS"	"Female"	"Chitra Somnath Sangle"									32	51	11	14	7	13	2011			"3117"		"INC"	"1068"	75.15	80.61	70.188	72.246		86.089	60.955	68.954	63.83	68.924	60.398	67.287	70.602	73.415					51.0325		118		0	0	0	0	0	0	0	0	0	0	0	0	1	0	0	0	0	0	0	0	0	0	0	0	0	0	0	0	0	0	0	0	1	0	0	0	0	0	0	0	0	0	0	0	0	0	0	0	0	0	0	0	0	0	0	0	0	0	0	0	0	0	0	0	0	0	0	0	0	0	0	0	0	0	0	0	0	0	0	0	4	0	0	2007.0	175.0	"L"	0.85	1.0		1.0	"G"	1	0.0		0.627451	0.78571427	0.6944444				9.0	1.0785103363632875	0.16666667	0.0	0.0	0.0	0.0	0.0	0.0	0.0	0.0	0.0	0.0	0.0	0.6666667	0.0	0.0	0.16666667	0.0	6.0	"SS"	5	1.0	0.0	0.0	1.0	1.0	0.85
151		"MNS"	"Male"	"Ishwar Devram Tayade"	42	"B.A."		"Yes"	1		5459320.0		45	70	19	20	13	25	2013	1		"8834"		"SS"	"585"	77.613	69.936	70.444	81.638	69.03	69.793	71.082	76.043	72.649	69.058	68.479	67.059	69.009	69.503	0.3	45.0	66.27	67.785	56.73	75.8425			0	0	0	0	0	0	0	0	0	0	0	0	1	0	0	0	1	0	0	0	0	0	0	0	0	0	0	1	0	0	0	0		0	0	0	0	0	0	0	0	0	0	0	0	0	0	0	0	0	0	0	0	0	0	0	0	0	0	0	0	0	0	0	0	0	0	0	0	0	0	0	0	0	0	0	0	0	0	0	3	0	0	2012.0	176.0	"L"	0.85	0.0	"G"	0.0	"G"	1	0.0	1.0	0.64285713	0.95	0.74757284	0.90988666	1.0	1.0	12.0	2.629894578313253	0.16666667	0.0	0.0	0.0	0.0	0.0	0.16666667	0.0	0.0	0.0	0.0	0.0	0.5	0.0	0.16666667	0.0	0.0	6.0	"MNS"	3	0.0	0.0	0.0	1.0	0.0	0.0
151		"MNS"	"Male"	"Ishwar Devram Tayade"	43	"B.A."		"Yes"	1		1.179E7		31	65	16	18	13	29	2014							49.764	50.635	55.072	63.433	45.177	72.634	73.269	77.673	79.242	57.721	58.473	57.944	58.433	57.628	20.2	26.4	46.156666	70.1325	61.2775	61.915			0	0	0	1	0	0	0	0	0	0	0	0	0	0	0	0	0	0	0	0	0	0	0	0	0	0	0	0	0	0	0	0		1	0	0	0	0	0	0	0	0	0	0	0	0	0	0	0	0	0	0	0	0	0	0	0	1	0	0	0	0	0	0	0	0	0	0	0	0	0	0	0	0	0	0	0	0	0	0	2	0	0	2012.0	176.0	"L"	0.85	0.0	"G"	0.0	"G"	1	0.0	1.0	0.47692308	0.8888889	0.625	0.9825	1.0	1.0	10.6	0.0	0.0	0.0	0.0	0.2	0.2	0.0	0.2	0.0	0.0	0.0	0.0	0.0	0.4	0.0	0.0	0.0	0.0	5.0	"MNS"	3	0.0	0.0	0.0	1.0	0.0	0.0
151		"MNS"	"Male"	"Ishwar Devram Tayade"	44	"B.A."		"Yes"	1		5754000.0		28	79	13	19	17	64	2015							59.504	54.19	56.364	69.518	67.668	69.196	73.334	84.017	79.996	58.302	59.919	68.915	68.577	68.726	5.8	53.8	66.25667	68.8325	67.3225	69.78			0	0	0	1	0	0	0	0	0	0	0	0	0	0	0	0	0	0	0	0	0	0	0	0	0	0	0	1	0	0	0	0		0	0	0	0	0	0	0	0	0	0	0	0	0	0	0	0	0	0	0	0	0	0	0	0	0	0	0	0	0	0	0	0	0	0	0	0	0	0	0	0	0	0	0	0	0	0	2	2	0	0	2012.0	176.0	"L"	0.85	0.0	"G"	0.0	"G"	1	0.0	1.0	0.35443038	0.68421054	0.5043478	0.959	1.0	1.0	13.0	1.2236697917934982	0.0	0.0	0.33333334	0.0	0.0	0.0	0.16666667	0.0	0.0	0.0	0.0	0.0	0.33333334	0.0	0.16666667	0.0	0.0	6.0	"MNS"	3	0.0	0.0	0.0	1.0	0.0	0.0
151		"MNS"	"Male"	"Ishwar Devram Tayade"	45	"B.A."		"Yes"	1		5752242.5		24	74	13	17	8	31	2016	1						82.31	79.76	84.082	87.676	81.997	86.305	85.467	85.16	83.077	81.374	80.929	80.537	82.074	82.7	42.3	56.2	79.486664	81.8325	84.0325	64.805			0	8	0	2	0	0	0	0	0	0	3	1	3	0	0	1	0	0	0	0	0	0	0	0	0	1	0	1	0	2	0	1	6	0	0	0	0	0	0	0	0	0	0	0	0	0	0	0	0	0	1	0	0	0	0	0	0	3	0	0	0	4	1	0	0	2	0	0	0	0	0	0	0	0	0	0	0	1	0	1	0	0	0	2012.0	176.0	"L"	0.85	0.0	"G"	0.0	"G"	1	0.0	1.0	0.3243243	0.7647059	0.45454547	0.47935355	1.0	1.0	12.85714285714286	5.064387022999318	0.071428575	0.023809524	0.023809524	0.0	0.071428575	0.11904762	0.2857143	0.0	0.071428575	0.0	0.071428575	0.0	0.0	0.0	0.023809524	0.16666667	0.071428575	42.0	"MNS"	3	0.0	0.0	0.0	1.0	0.0	0.0
151	"G"	"BJP"	"Male"	"Rajesh Omprakash Fulwaria"	39	"Upto Ninth"		"Yes"	1		4866799.0		92	102	16	17	12	15	2018	2	29176	"9972"		"Congress"	"4677"	59.142	61.174	64.111	71.791		73.853	76.787	63.923	71.641	61.194	60.176	61.119	66.332	57.032	56.2	22.0	49.983334	55.9975	43.4075	71.5975		69.463	0	3	0	0	0	0	0	1	0	0	1	0	0	0	0	0	0	0	0	0	0	0	0	0	0	0	0	0	0	0	0	0		0	0	0	0	0	0	0	0	0	0	0	0	0	0	0	0	0	0	0	0	0	0	0	1	0	0	0	0	0	0	0	0	0	0	0	0	0	0	0	0	0	0	0	0	0	0	0	1	0	0	2017.0	177.0	"M/W"	0.68	0.0		0.0	"G"	1	0.0	1.0	0.9019608	0.9411765	0.9160305	0.81113315	0.0	1.0	5.103	2.4816849816849818	0.0	0.0	0.0	0.0	0.14285715	0.0	0.5714286	0.0	0.14285715	0.0	0.0	0.0	0.14285715	0.0	0.0	0.0	0.0	7.0	"BJP"	1	0.0	0.0	0.0			0.0
152		"SS"	"Female"	"Komal Kamalakar Jamsandekar"									35	51	8	14	8	15	2011			"5338"		"INC"	"2511"	79.694	75.702	68.61	70.278		80.983	63.439	66.502	63.771	63.032	60.575	62.588	66.808	72.175					53.0		117		0	1	0	0	0	0	0	0	0	0	0	0	0	0	0	0	0	0	0	0	0	0	0	0	0	0	0	5	0	0	0	0	1	0	0	0	0	0	0	0	0	0	0	0	0	0	0	0	0	0	0	0	0	0	0	0	0	0	0	0	0	0	0	0	0	0	0	0	0	0	0	0	0	0	0	0	0	0	0	0	1	0	0	2007.0	178.0	"L"	0.85	1.0		0.0			1.0		0.6862745	0.5714286	0.69863015				12.5	5.369046249267168	0.0	0.0	0.0	0.0	0.0	0.0	0.125	0.0	0.0	0.0	0.0	0.0	0.125	0.0	0.625	0.125	0.0	8.0	"SS"	5	1.0	0.0	0.0	1.0	0.0	0.0
152	"W"	"SS"	"Female"	"Komal Kamalakar Jamsandekar"	44	"Upto SSC"		"Yes"	0		5999997.5		57	70	10	20	25	39	2013			"5286"		"Ind"	"1310"	68.487	61.896	58.371	73.347	63.159	61.27	60.809	77.469	78.734	56.227	53.209	56.214	54.86	55.813	33.3	35.4	56.09	61.48	60.7775	67.9975			0	0	0	0	0	0	0	0	0	0	0	0	0	0	0	0	0	0	0	0	0	0	0	0	0	0	0	3	0	0	0	0		0	0	0	0	0	0	0	0	0	0	0	0	0	0	0	0	0	0	0	0	0	0	0	0	0	0	0	0	0	0	0	0	0	0	0	0	0	0	0	0	0	0	0	0	0	0	0	2	0	0	2012.0	179.0	"L"	0.85	1.0	"W"	1.0	"G"	1	0.0	0.0	0.8142857	0.5	0.8	0.9999996	0.0	1.0	14.0	2.6257530120481927	0.0	0.0	0.0	0.0	0.0	0.0	0.0	0.0	0.0	0.0	0.0	0.0	0.4	0.0	0.6	0.0	0.0	5.0	"SS"	5	1.0	0.0	0.0	1.0	1.0	0.85
152	"W"	"SS"	"Female"	"Komal Kamalakar Jamsandekar"	45	"Upto SSC"		"Yes"	0		1.1978E7		59	65	13	18	20	30	2014							62.414	53.257	58.297	57.44	58.767	71.562	73.938	74.06	78.006	57.378	58.987	57.035	56.988	62.114	32.4	42.7	57.72	68.38	65.0975	75.1325			0	0	0	0	0	0	0	1	0	1	0	0	0	0	0	0	0	0	0	0	0	0	0	0	0	0	0	0	0	0	0	0		0	0	0	0	0	0	0	0	0	0	0	0	0	0	0	0	0	0	0	0	0	0	0	1	0	0	0	0	0	0	0	0	0	0	0	0	0	0	0	0	0	0	0	0	0	0	0	0	0	0	2012.0	179.0	"L"	0.85	1.0	"W"	1.0	"G"	1	0.0	0.0	0.9076923	0.7222222	0.89320385	0.9981667	0.0	1.0	9.0	0.44844044844044845	0.0	0.0	0.0	0.0	0.33333334	0.0	0.6666667	0.0	0.0	0.0	0.0	0.0	0.0	0.0	0.0	0.0	0.0	3.0	"SS"	5	1.0	0.0	0.0	1.0	1.0	0.85
152	"W"	"SS"	"Female"	"Komal Kamalakar Jamsandekar"	46	"Upto SSC"		"Yes"	0		5854000.0		70	79	14	19	37	51	2015							65.821	50.932	39.172	82.768	61.104	74.794	71.919	75.821	76.371	62.036	54.103	59.734	65.289	61.376	16.6	16.6	52.443333	66.635	65.15	70.965			0	0	0	0	0	0	0	0	0	1	0	0	0	0	0	0	1	0	0	0	0	0	0	0	0	0	0	0	0	0	0	0		0	0	0	0	0	0	0	0	0	0	0	0	0	0	0	0	0	0	0	0	0	0	0	4	0	0	0	0	0	0	0	0	0	0	0	0	0	0	0	0	0	0	0	0	0	0	0	0	0	0	2012.0	179.0	"L"	0.85	1.0	"W"	1.0	"G"	1	0.0	0.0	0.886076	0.7368421	0.8962963	0.97566664	0.0	1.0	12.0	0.5966151223669791	0.0	0.0	0.0	0.0	0.6666667	0.0	0.33333334	0.0	0.0	0.0	0.0	0.0	0.0	0.0	0.0	0.0	0.0	6.0	"SS"	5	1.0	0.0	0.0	1.0	1.0	0.85
152	"W"	"SS"	"Female"	"Komal Kamalakar Jamsandekar"	47	"Upto SSC"		"Yes"	0		6106716.5		59	74	13	17	9	14	2016							61.7	42.0	22.0	79.3	58.1	73.5	77.9	85.5	89.0	44.1	51.8	58.2	67.4	63.7	97.0	98.0	77.0	77.9225	93.0	75.765			0	0	0	0	0	0	1	1	0	1	0	0	0	0	0	0	0	0	0	0	0	0	0	0	0	0	0	2	0	0	0	0		0	0	0	0	0	0	0	0	0	0	0	0	0	0	0	0	0	0	0	0	0	0	0	0	0	0	0	0	0	0	0	0	0	0	0	0	0	0	0	0	0	0	0	0	0	0	0	0	0	0	2012.0	179.0	"L"	0.85	1.0	"W"	1.0	"G"	1	0.0	0.0	0.7972973	0.7647059	0.81	0.508893	0.0	1.0	14.6	2.8326232501521607	0.0	0.0	0.0	0.0	0.0	0.0	0.6	0.0	0.0	0.0	0.0	0.0	0.0	0.0	0.4	0.0	0.0	5.0	"SS"	5	1.0	0.0	0.0	1.0	1.0	0.85
152	"SC"	"BJP"	"Female"	"Asha Subhash Marathe"	50	"SSC"		"Yes"	0		4850400.0		95	102	15	17	14	15	2018		25237	"7715"		"SS"	"1393"	67.348	47.173	40.021	81.733		75.67	83.858	86.395	84.538	49.647	57.958	60.147	71.854	65.25	34.7	34.6	60.983334	63.0225	73.6025	64.39		43.502	0	1	0	0	0	0	0	0	0	0	0	0	0	1	1	0	0	0	0	0	0	0	0	0	0	0	0	5	0	0	0	1		0	0	0	0	0	0	0	0	0	0	0	0	0	0	0	0	0	0	0	0	0	0	0	1	0	0	0	0	0	0	0	0	0	0	0	0	0	0	0	0	0	0	0	0	0	0	0	1	0	0	2017.0	180.0	"M/W"	0.68	1.0		0.0	"SCST"	3	1.0	0.0	0.9313725	0.88235295	0.93233085	0.8084	0.0	1.0	11.586	2.593101343101343	0.0	0.0	0.0	0.0	0.09090909	0.0	0.27272728	0.0	0.0	0.0	0.0	0.0	0.09090909	0.0	0.45454547	0.09090909	0.0	11.0	"BJP"	1	0.0	0.0	0.0			0.0
153		"SS"	"Male"	"Harish Chandan Shukla"									29	51	11	14	4	15	2011			"4083"		"MNS"	"861"	72.36	66.888	65.093	64.117		64.827	64.017	63.184	62.739	63.169	61.665	61.987	62.816	63.247					72.32		119		0	0	0	0	0	0	0	0	0	0	0	0	0	0	0	0	0	0	0	0	0	0	0	0	0	0	0	2	0	1	1	0		0	0	0	0	0	0	0	0	0	0	0	0	0	0	0	1	0	0	0	0	0	0	0	0	0	0	0	0	0	0	0	0	1	0	0	0	0	0	0	0	0	0	0	0	0	0	0	1	0	0	2007.0	181.0	"L"	0.85	0.0		0.0			1.0		0.5686275	0.78571427	0.6376812				14.0	3.2048479269742645	0.0	0.0	0.0	0.0	0.0	0.0	0.0	0.0	0.0	0.0	0.2857143	0.14285715	0.14285715	0.0	0.2857143	0.0	0.14285715	7.0	"SS"	5	1.0	0.0	0.0	1.0	0.0	0.0
153	"W"	"IND"	"Female"	"Leena Harish Shukla"	34	"B.Com"		"Yes"	0		5999995.5		40	70	9	20	31	51	2013			"56332"		"MNS"	"52443"	78.1	79.222	77.539	74.492	73.309	73.553	73.055	72.495	73.01	69.375	68.552	65.977	67.54	62.562	57.0	63.6	66.34333	79.42	69.475	82.805			0	0	0	0	0	0	0	0	0	0	0	0	0	0	0	0	0	0	0	0	0	0	0	0	0	0	0	4	0	0	0	0	1	3	0	0	0	0	0	0	0	0	0	0	0	0	0	0	0	0	0	0	0	0	0	1	0	0	0	0	0	0	0	0	0	0	0	0	0	0	0	0	0	0	0	0	0	1	0	0	0	0	0	2012.0	182.0	"L"	0.85	1.0	"W"	1.0	"G"	1	0.0	0.0	0.5714286	0.45	0.661157	0.9999992	1.0	1.0	11.6	3.281626506024096	0.0	0.1	0.0	0.3	0.1	0.0	0.0	0.0	0.0	0.0	0.0	0.0	0.0	0.0	0.4	0.1	0.0	10.0	"_Other"	6	0.0	0.0	0.0	1.0	1.0	0.85
153	"W"	"IND"	"Female"	"Leena Harish Shukla"	35	"B.Com"		"Yes"	0		1.1921E7		16	65	12	18	12	39	2014							46.989	39.643	48.106	49.874	51.486	65.633	72.466	77.352	75.387	48.012	51.948	50.897	52.372	57.165	22.4	42.3	56.303333	60.775	59.64	63.445			0	0	0	0	0	0	0	0	0	0	0	0	1	0	0	0	0	0	0	0	0	1	0	0	0	0	0	4	0	3	0	0	1	0	0	0	0	0	0	0	0	0	0	0	0	0	0	0	0	0	0	0	0	0	0	0	0	1	0	0	0	0	0	0	0	0	0	0	0	0	0	0	0	0	0	0	0	2	0	0	0	0	0	2012.0	182.0	"L"	0.85	1.0	"W"	1.0	"G"	1	0.0	0.0	0.24615385	0.6666667	0.42105263	0.99341667	1.0	1.0	14.538461538461538	3.533133533133533	0.07692308	0.15384616	0.0	0.0	0.07692308	0.0	0.0	0.0	0.0	0.0	0.23076923	0.0	0.0	0.0	0.30769232	0.07692308	0.07692308	13.0	"_Other"	6	0.0	0.0	0.0	1.0	1.0	0.85
153	"W"	"IND"	"Female"	"Leena Harish Shukla"	36	"B.Com"		"Yes"	0		5609000.0		32	79	7	19	27	52	2015							49.23	36.711	29.742	62.131	54.764	59.35	60.03	86.886	76.74	36.145	44.976	67.985	57.335	62.268	48.2	79.9	85.40667	85.9475	58.0325	68.0575			0	1	0	0	0	0	0	0	0	0	0	0	0	0	0	0	0	0	0	0	0	1	0	0	0	0	0	0	0	3	2	0	1	0	0	0	0	0	0	0	0	0	0	0	0	0	0	0	0	0	0	0	0	0	0	0	0	0	0	0	0	0	0	0	0	0	0	0	0	0	0	0	0	0	0	0	0	1	0	0	0	0	0	2012.0	182.0	"L"	0.85	1.0	"W"	1.0	"G"	1	0.0	0.0	0.4050633	0.36842105	0.528	0.93483335	1.0	1.0	13.0	2.878711450487902	0.0	0.11111111	0.0	0.0	0.0	0.0	0.11111111	0.0	0.0	0.0	0.5555556	0.0	0.0	0.0	0.0	0.11111111	0.11111111	9.0	"_Other"	6	0.0	0.0	0.0	1.0	1.0	0.85
153	"W"	"IND"	"Female"	"Leena Harish Shukla"	37	"B.Com"		"Yes"	0		6297330.5		45	74	17	17	24	51	2016							60.322	38.569	57.906	63.734	54.999	68.235	75.282	78.894	75.167	39.236	50.329	57.142	67.585	52.859	61.5	35.2	82.41	73.0325	71.48	65.94			0	0	0	0	0	0	0	0	0	0	0	0	0	0	0	0	0	0	0	0	0	0	0	0	0	0	0	5	0	2	2	0		0	0	0	0	0	0	0	0	0	0	0	0	0	0	0	0	0	0	0	0	0	0	0	2	0	0	0	0	0	0	0	0	0	0	0	0	0	0	0	0	0	0	0	0	0	0	0	3	0	0	2012.0	182.0	"L"	0.85	1.0	"W"	1.0	"G"	1	0.0	0.0	0.6081081	1.0	0.7478261	0.52477753	1.0	1.0	14.0	1.610468654899574	0.0	0.0	0.0	0.0	0.14285715	0.0	0.0	0.0	0.0	0.0	0.2857143	0.0	0.21428572	0.0	0.35714287	0.0	0.0	14.0	"_Other"	6	0.0	0.0	0.0	1.0	1.0	0.85
153	"OBC"	"SS"	"Male"	"Anil Ramchandra Patankar"	54	"SSC"		"Yes"	0		4949713.5		86	102	15	17	28	35	2018		23579	"13683"		"BJP"	"7867"	48.673	46.348	35.439	28.952		36.091	35.607	25.464	31.138	31.288	28.508	31.833	29.5	31.214	17.6	68.4	89.763336	98.7425	75.28	100.0		27.783	0	3	0	0	0	0	0	0	0	1	4	0	0	0	0	0	0	0	0	0	0	1	0	0	0	0	3	1	0	4	0	1	5	0	0	0	0	0	0	0	0	0	0	0	0	0	0	0	0	0	0	0	0	0	0	0	1	0	0	0	0	0	2	2	3	0	1	0	0	0	0	0	0	0	0	0	0	0	0	0	1	3	0	2017.0	183.0	"M/W"	0.68	0.0		0.0	"OBC"	2	1.0	0.0	0.84313726	0.88235295	0.877551	0.82495224	0.0	1.0	15.586	4.416361416361416	0.0	0.0	0.0	0.0	0.027777778	0.19444445	0.11111111	0.0	0.11111111	0.0	0.19444445	0.0	0.027777778	0.0	0.11111111	0.16666667	0.055555556	36.0	"SS"	5	1.0	0.0	0.0			0.0
154	"W"	"MNS"	"Female"	"Shaila Lande"									44	51	9	14	9	17	2011			"7621"		"INC"	"4099"	86.577	62.608	74.396	73.436		72.562	72.788	74.017	69.762	63.1	65.128	67.334	73.113	74.291					53.8475		118		0	1	0	0	0	0	0	0	0	0	1	0	0	0	0	0	0	0	0	0	0	0	0	0	0	0	0	4	0	1	0	0	2	0	0	0	0	0	0	0	0	0	0	0	0	0	0	0	0	0	0	0	0	0	0	0	1	1	0	0	0	0	0	0	0	0	0	0	0	0	0	0	0	0	0	0	0	0	0	0	0	0	0	2007.0	184.0	"L"	0.85	1.0		1.0	"G"	1	0.0		0.8627451	0.64285713	0.8378378				14.0	5.986269320753269	0.0	0.0	0.0	0.0	0.18181819	0.0	0.09090909	0.0	0.09090909	0.0	0.09090909	0.0	0.0	0.0	0.36363637	0.18181819	0.0	11.0	"MNS"	3	0.0	0.0	0.0	1.0	1.0	0.85
154		"MNS"	"Male"	"Dilip Bhausaheb Lande"	51	"B.Com"		"Yes"	0		5905688.0		65	70	18	20	71	80	2013			"11147"		"Congress"	"7352"	73.572	59.042	56.112	72.766	61.009	68.83	68.962	84.912	84.78	59.173	57.546	66.2	68.032	70.358	49.6	57.5	72.01667	78.3325	80.84	73.66			0	0	0	0	0	0	1	0	0	1	0	0	7	0	0	0	1	1	0	0	0	2	0	0	0	0	1	2	0	0	1	0	1	8	0	1	0	2	0	0	0	0	0	0	0	0	0	0	0	0	2	0	0	0	0	0	0	1	0	0	0	0	1	0	0	0	0	0	0	1	0	0	0	0	0	0	0	3	1	1	1	0	0	2012.0	185.0	"L"	0.85	0.0	"G"	0.0	"G"	1	0.0	0.0	0.9285714	0.9	0.95652175	0.98428136	1.0	1.0	7.3	2.659889558232932	0.175	0.075	0.025	0.25	0.025	0.025	0.125	0.025	0.0	0.0	0.05	0.05	0.025	0.0	0.05	0.025	0.075	40.0	"MNS"	3	0.0	0.0	0.0	1.0	0.0	0.0
154		"MNS"	"Male"	"Dilip Bhausaheb Lande"	52	"B.Com"		"Yes"	0		1.176E7		33	65	15	18	81	120	2014							58.821	53.994	50.118	69.793	49.008	69.802	68.205	76.395	74.9	57.297	54.556	56.448	58.961	54.58	40.1	48.7	48.826668	48.32	67.985	57.3775			0	2	0	1	0	0	0	0	0	3	1	0	3	0	0	0	0	6	0	0	0	0	0	0	0	0	0	3	0	3	1	1	3	0	0	0	0	0	0	0	0	0	0	0	1	0	0	0	0	0	0	2	0	0	1	0	1	0	0	0	1	0	0	0	0	0	0	0	0	0	0	0	0	0	0	0	0	5	0	3	3	3	0	2012.0	185.0	"L"	0.85	0.0	"G"	0.0	"G"	1	0.0	0.0	0.50769234	0.8333333	0.7865854	0.98	1.0	1.0	14.212765957446809	4.201354201354202	0.06382979	0.12765957	0.06382979	0.0	0.021276595	0.0	0.12765957	0.12765957	0.021276595	0.0	0.08510638	0.06382979	0.06382979	0.0	0.12765957	0.08510638	0.021276595	47.0	"MNS"	3	0.0	0.0	0.0	1.0	0.0	0.0
154		"MNS"	"Male"	"Dilip Bhausaheb Lande"	53	"B.Com"		"Yes"	0		5454000.0		57	79	14	19	105	200	2015							54.72	42.974	45.882	66.739	63.498	64.78	61.358	82.385	80.468	48.192	53.782	66.511	61.071	71.996	0.0	70.6	81.10667	72.4375	60.98	67.2125			1	3	0	0	0	0	0	0	0	2	1	0	2	1	0	0	0	0	0	0	0	0	0	0	0	0	0	1	0	1	0	0	2	0	0	1	0	1	0	0	0	0	0	0	0	0	0	0	0	0	0	0	0	0	0	2	0	1	0	0	0	0	0	0	1	0	0	0	0	1	0	0	0	0	0	0	0	1	0	1	1	0	0	2012.0	185.0	"L"	0.85	0.0	"G"	0.0	"G"	1	0.0	0.0	0.721519	0.7368421	0.8669951	0.909	1.0	1.0	12.25	4.907427965707165	0.083333336	0.041666668	0.041666668	0.041666668	0.125	0.041666668	0.25	0.0	0.041666668	0.0	0.041666668	0.041666668	0.041666668	0.0	0.041666668	0.083333336	0.083333336	24.0	"MNS"	3	0.0	0.0	0.0	1.0	0.0	0.0
154		"MNS"	"Male"	"Dilip Bhausaheb Lande"	54	"B.Com"		"Yes"	0		5479604.5		54	74	14	17	60	84	2016							63.871	57.954	66.532	72.751	65.814	73.984	68.676	77.239	73.575	59.891	61.117	63.156	68.462	68.881	17.3	25.5	52.38	72.47	60.4375	72.8675			0	4	0	0	0	0	1	0	0	1	2	0	5	2	0	0	3	1	0	0	0	1	0	0	0	0	0	1	0	0	0	0	2	0	0	0	0	0	0	0	0	0	0	0	0	0	0	0	0	0	0	0	0	0	0	0	0	0	0	0	0	0	0	0	0	0	0	0	0	0	0	0	0	0	0	0	0	1	0	3	2	0	0	2012.0	185.0	"L"	0.85	0.0	"G"	0.0	"G"	1	0.0	0.0	0.7297297	0.8235294	0.8476821	0.45663372	1.0	1.0	13.448275862068966	5.8035605599513085	0.1724138	0.03448276	0.10344828	0.0	0.0	0.0	0.37931034	0.03448276	0.06896552	0.0	0.0	0.0	0.06896552	0.0	0.03448276	0.06896552	0.03448276	29.0	"MNS"	3	0.0	0.0	0.0	1.0	0.0	0.0
154	"G"	"BJP"	"Male"	"Mahadev Shankar Shivgan"	56	"SSC"		"Yes"	0		5013425.0		92	102	17	17	46	52	2018		22798	"8086"		"Congress"	"2410"	64.335	60.394	68.341	71.251		66.261	72.243	71.703	68.917	50.396	51.212	59.099	63.886	53.029	84.6	26.9	71.23333	50.3225	66.9075	70.8425		47.668	0	2	0	0	0	0	1	0	0	0	0	0	1	0	0	0	0	0	0	0	0	0	0	0	0	0	0	3	0	0	2	0		0	0	0	0	0	0	0	0	0	0	0	0	0	0	0	0	0	0	0	0	0	0	0	0	0	0	0	0	0	0	0	0	0	0	0	0	0	0	0	0	0	0	0	0	0	0	0	1	0	0	2017.0	186.0	"M/W"	0.68	0.0		0.0	"G"	1	0.0	0.0	0.9019608	1.0	0.93939394	0.8355708	0.0	1.0	11.286	4.3559218559218555	0.1	0.0	0.0	0.0	0.0	0.0	0.3	0.0	0.0	0.0	0.2	0.0	0.1	0.0	0.3	0.0	0.0	10.0	"BJP"	1	0.0	0.0	0.0			0.0
155		"INC"	"Male"	"S. Annamalai"									29	51	7	14	27	60	2011			"5953"		"NCP"	"2419"	80.838	62.84	75.057	73.287		67.992	75.941	72.399	68.854	70.866	70.834	70.767	70.508	73.898					54.8575		119		0	0	0	0	0	0	0	0	0	0	0	0	0	0	0	0	0	0	0	0	0	0	0	0	0	0	0	0	0	0	0	1		0	0	0	0	0	0	0	0	0	0	0	0	0	0	0	1	0	0	0	0	0	0	0	0	0	0	0	0	0	0	0	0	0	0	0	0	0	0	0	0	0	0	0	0	0	0	0	0	0	0	2007.0	187.0	"L"	0.85	0.0		0.0			1.0		0.5686275	0.5	0.6847826				14.0	0.001917692632224907	0.0	0.0	0.0	0.0	0.0	0.0	0.0	0.0	0.0	0.0	0.0	0.5	0.0	0.0	0.0	0.5	0.0	2.0	"INC"	2	0.0	0.0	0.0	1.0	0.0	0.0
155	"W"	"IND"	"Female"	"Lalita Annamalai"	53	"Ninth"		"Yes"	0		5695891.0		29	70	8	20	0	0	2013			"9907"		"Congress"	"5787"	83.527	80.246	81.117	78.988	82.03	78.154	82.262	80.895	82.174	81.775	82.379	81.581	82.604	81.278	0.0	20.2	48.283333	84.185	85.1875	78.0			0	0	0	0	0	0	0	0	0	0	0	0	0	0	0	0	0	0	0	0	0	0	0	0	0	0	0	0	0	0	0	0		0	0	0	0	0	0	0	0	0	0	0	0	0	0	0	0	0	0	0	0	0	0	0	0	0	0	0	0	0	0	0	0	0	0	0	0	0	0	0	0	0	0	0	0	0	0	0	0	0	0	2012.0	188.0	"L"	0.85	1.0	"W"	1.0	"G"	1	0.0	0.0	0.41428572	0.4	0.41111112	0.9493152	0.0	1.0	0.0	0.0																		0.0	"_Other"	6	0.0	0.0	0.0	1.0	1.0	0.85
155	"W"	"IND"	"Female"	"Lalita Annamalai"	54	"Ninth"		"Yes"	0		1.1639E7		23	65	7	18	0	0	2014							64.056	56.393	51.979	72.219	59.391	71.208	71.112	85.359	76.216	55.652	59.458	61.146	62.701	61.931	7.0	56.2	54.91	68.0	65.135	67.055			0	0	0	0	0	0	0	0	0	0	0	0	0	0	0	0	0	0	0	0	0	0	0	0	0	0	0	0	0	0	0	0		0	0	0	0	0	0	0	0	0	0	0	0	0	0	0	0	0	0	0	0	0	0	0	0	0	0	0	0	0	0	0	0	0	0	0	0	0	0	0	0	0	0	0	0	0	0	0	0	0	0	2012.0	188.0	"L"	0.85	1.0	"W"	1.0	"G"	1	0.0	0.0	0.35384616	0.3888889	0.36144578	0.96991664	0.0	1.0	0.0	0.0																		0.0	"_Other"	6	0.0	0.0	0.0	1.0	1.0	0.85
155	"W"	"IND"	"Female"	"Lalita Annamalai"	55	"Ninth"		"Yes"	0		6000000.0		27	79	7	19	0	0	2015							56.407	33.65	26.124	69.414	53.709	63.74	66.467	71.893	66.682	56.847	49.982	59.145	63.896	60.016	42.7	72.6	73.14	77.025	56.1425	65.42			0	0	0	0	0	0	0	0	0	0	0	0	0	0	0	0	0	0	0	0	0	0	0	0	0	0	0	0	0	0	1	0		0	0	0	0	0	0	0	0	0	0	0	0	0	0	0	0	0	0	0	0	0	0	0	0	0	0	0	0	0	0	0	0	0	0	0	0	0	0	0	0	0	0	0	0	0	0	0	0	0	0	2012.0	188.0	"L"	0.85	1.0	"W"	1.0	"G"	1	0.0	0.0	0.34177214	0.36842105	0.3469388	1.0	0.0	1.0	8.0	0.060879094119079505	0.0	0.0	0.0	0.0	0.0	0.0	0.0	0.0	0.0	0.0	1.0	0.0	0.0	0.0	0.0	0.0	0.0	1.0	"_Other"	6	0.0	0.0	0.0	1.0	1.0	0.85
155	"W"	"IND"	"Female"	"Lalita Annamalai"	56	"Ninth"		"Yes"	0		5781713.0		34	74	9	17	0	0	2016							55.651	32.594	19.546	64.538	52.121	65.19	70.183	90.371	90.919	59.439	60.828	65.465	64.259	59.529	11.1	79.6	74.07667	77.775	79.75	66.665			0	0	0	0	0	0	0	0	0	0	0	0	0	0	0	0	0	0	0	0	0	0	0	0	0	0	0	0	0	0	0	0		0	0	0	0	0	0	0	0	0	0	0	0	0	0	0	0	0	0	0	0	0	0	0	0	0	0	0	0	0	0	0	0	0	0	0	0	0	0	0	0	0	0	0	0	0	0	0	0	0	0	2012.0	188.0	"L"	0.85	1.0	"W"	1.0	"G"	1	0.0	0.0	0.45945945	0.5294118	0.47252747	0.4818094	0.0	1.0	0.0	0.0																		0.0	"_Other"	6	0.0	0.0	0.0	1.0	1.0	0.85
155	"SC"	"SS"	"Male"	"Shrikant Govind Shetye"	53	"SSC"		"Yes"	0		5071561.0		91	102	12	17	11	15	2018		23793	"8014"		"Congress"	"2815"	61.029	56.327	57.267	66.481		66.104	68.917	67.024	65.215	59.859	57.765	65.065	64.829	59.297	72.6	71.7	60.856667	63.48	76.9825	77.055		60.32	0	2	0	0	0	0	2	0	0	0	0	0	1	0	0	0	0	0	0	0	0	0	0	0	0	1	0	0	0	2	2	3		0	0	0	0	0	0	0	0	0	0	0	0	0	0	0	0	0	0	0	0	0	0	0	0	0	0	0	0	0	0	0	0	0	0	0	0	0	0	0	0	0	0	0	0	0	0	0	0	0	0	2017.0	189.0	"M/W"	0.68	0.0		0.0	"SCST"	3	1.0	0.0	0.89215684	0.7058824	0.8769231	0.84526014	0.0	1.0	10.700923076923077	5.241147741147741	0.07692308	0.0	0.0	0.0	0.0	0.0	0.30769232	0.0	0.0	0.0	0.3846154	0.0	0.0	0.0	0.0	0.23076923	0.0	13.0	"SS"	5	1.0	0.0	0.0			0.0
156		"BJP"	"Male"	"Sitaram Shivnaresh Tiwari"									42	51	13	14	0	0	2011			"6361"		"SP"	"2584"	75.634	72.363	49.221	71.196		75.35	72.538	73.487	75.159	74.418	73.834	73.994	75.486	71.432					85.3475		111		0	0	0	0	0	0	0	0	0	0	0	0	0	0	0	0	0	0	0	0	0	0	0	0	0	0	0	0	0	0	0	0		0	0	0	0	0	0	0	0	0	0	0	0	0	0	0	0	0	0	0	0	0	0	0	0	0	0	0	0	0	0	0	0	0	0	0	0	0	0	0	0	0	0	0	0	0	0	0	0	0	0	2007.0	190.0	"L"	0.85	0.0		0.0			1.0		0.8235294	0.9285714	0.84615386				0.0	0.0																		0.0	"BJP"	1	0.0	0.0	0.0	1.0	0.0	0.0
156		"SP"	"Male"	"Mohd. Ishak Kasim Ali Shaikh"	35	"Eighth"		"Yes"	0		4992351.0		52	70	13	20	8	46	2013			"8484"		"BJP"	"2393"	63.807	58.237	62.493	77.421	66.703	77.221	78.661	86.07	77.76	54.123	53.897	56.766	66.219	69.965	41.8	28.5	47.18667	61.8125	57.3525	70.28			0	0	0	0	0	0	0	0	0	0	0	0	0	0	0	0	0	0	0	0	0	0	0	0	0	0	0	0	0	0	0	0		1	0	0	0	0	0	0	0	0	0	0	0	0	0	0	0	0	0	0	0	0	0	0	0	0	0	0	0	0	0	0	0	0	0	0	0	0	0	0	0	0	0	0	0	0	0	0	0	0	0	2012.0	191.0	"L"	0.85	0.0	"OBC"	0.0	"OBC"	2	1.0	0.0	0.74285716	0.65	0.74489796	0.8320585	0.0	1.0	8.0	0.0	0.0	0.0	0.0	1.0	0.0	0.0	0.0	0.0	0.0	0.0	0.0	0.0	0.0	0.0	0.0	0.0	0.0	1.0	"_Other"	6	0.0	0.0	0.0	1.0	0.0	0.0
156		"SP"	"Male"	"Mohd. Ishak Kasim Ali Shaikh"	36	"Eighth"		"Yes"	0		1.0566E7		50	65	15	18	12	39	2014							60.417	52.204	54.186	58.667	63.417	67.567	69.477	89.562	75.372	45.354	48.2	52.849	55.643	50.025	2.4	41.7	57.136665	69.51	46.2	72.06			0	0	0	0	0	0	0	0	0	0	0	0	0	0	0	0	0	0	0	0	0	0	0	0	0	0	0	5	0	0	3	0	1	0	0	0	0	0	0	0	0	0	0	0	0	0	0	0	0	0	0	0	0	0	0	0	3	0	0	0	0	0	0	0	0	1	0	0	0	0	0	0	0	0	0	0	0	1	0	0	0	0	0	2012.0	191.0	"L"	0.85	0.0	"OBC"	0.0	"OBC"	2	1.0	0.0	0.7692308	0.8333333	0.8105263	0.8805	0.0	1.0	14.0	3.23010323010323	0.0	0.071428575	0.0	0.0	0.21428572	0.0	0.0	0.0	0.0	0.0	0.21428572	0.0	0.0	0.0	0.35714287	0.071428575	0.071428575	14.0	"_Other"	6	0.0	0.0	0.0	1.0	0.0	0.0
156		"SP"	"Male"	"Mohd. Ishak Kasim Ali Shaikh"	37	"Eighth"		"Yes"	0		5864000.0		30	79	14	19	3	43	2015							54.204	45.298	40.354	63.64	68.621	64.866	58.267	83.285	76.777	48.876	53.363	70.072	65.433	66.095	49.3	66.7	68.03333	60.975	54.385	55.645			0	0	0	0	0	0	0	0	0	0	0	0	0	0	0	0	0	0	0	0	0	1	0	0	0	0	0	2	0	2	1	0	1	0	0	0	0	0	0	0	0	0	0	0	0	0	0	0	0	0	0	0	0	0	0	0	1	0	0	0	0	0	0	0	0	0	0	0	0	0	0	1	0	0	0	0	0	0	0	0	0	0	0	2012.0	191.0	"L"	0.85	0.0	"OBC"	0.0	"OBC"	2	1.0	0.0	0.37974682	0.7368421	0.46534654	0.9773333	0.0	1.0	13.0	2.6762449774747354	0.0	0.0	0.0	0.0	0.11111111	0.0	0.0	0.0	0.0	0.0	0.33333334	0.0	0.0	0.11111111	0.22222222	0.11111111	0.11111111	9.0	"_Other"	6	0.0	0.0	0.0	1.0	0.0	0.0
156																			2016							83.592	76.516	75.275	88.868	78.752	82.13	86.075	91.228	88.427	75.503	72.692	76.861	77.634	75.723	0.0	23.6	62.926666	78.235	85.7525	82.865			0	0	0	0	0	0	0	0	0	0	0	0	0	0	0	0	0	0	0	0	0	0	0	0	0	0	0	0	0	0	0	0		0	0	0	0	0	0	0	0	0	0	0	0	0	0	0	0	0	0	0	0	0	0	0	0	0	0	0	0	0	0	0	0	0	0	0	0	0	0	0	0	0	0	0	0	0	0	0	0	0	0	2012.0	191.0	"L"	0.85	0.0	"OBC"	0.0	"OBC"	2	1.0																												"_Other"	6	0.0	0.0	0.0	1.0	0.0	0.0
156	"W"	"SS"	"Female"	"Ashwini Ashok Matekar"	46	"Upto Ninth"		"Yes"	0		5298717.0		69	102	14	16	6	25	2018		26381	"10992"	"yes"	"SS"	"4492"	50.617	54.204	56.851	56.21		53.538	60.941	64.786	61.012	55.88	46.589	52.244	61.758	48.558	0.0	12.6	57.296665	67.7825	54.9775	72.3675		47.658	0	1	0	0	0	0	0	0	0	1	0	0	0	0	0	0	0	0	0	0	0	0	0	0	0	0	0	4	0	0	0	0	1	0	0	0	0	0	0	0	0	0	0	0	0	0	0	0	0	0	0	0	0	0	0	0	1	0	0	0	0	0	0	0	0	0	0	0	0	0	0	0	0	0	0	0	0	0	0	0	0	0	0	2017.0	192.0	"L"	0.85	1.0		1.0	"G"	1	0.0	0.0	0.6764706	0.875	0.7177419	0.8831195	0.0	1.0	11.714500000000001	4.142818574514038	0.0	0.0	0.0	0.0	0.125	0.0	0.25	0.0	0.0	0.0	0.0	0.0	0.0	0.0	0.5	0.125	0.0	8.0	"SS"	5	1.0	0.0	0.0			0.85
157		"INC"	"Male"	"Rajhans Singh"									37	51	1	14	26	71	2011			"5580"		"NCP"	"661"	80.293	83.706	65.061	70.056		82.997	63.141	64.555	60.303	68.01	67.566	67.62	71.784	72.933					50.6975		118		0	0	0	0	0	0	0	0	0	0	1	0	3	0	2	0	2	0	0	1	0	0	0	0	0	0	0	0	0	0	2	0		0	0	0	0	0	0	0	0	0	0	0	0	0	0	0	0	0	0	0	0	0	0	0	0	1	0	0	0	0	0	0	1	0	0	0	0	0	0	0	0	0	0	0	2	2	0	2	6	1	0	2007.0	193.0	"L"	0.85	0.0		0.0			1.0		0.7254902	0.071428575	0.7032967				10.846153846153847	0.6585356499060331	0.115384616	0.07692308	0.07692308	0.0	0.03846154	0.03846154	0.15384616	0.0	0.03846154	0.03846154	0.07692308	0.0	0.23076923	0.07692308	0.03846154	0.0	0.0	26.0	"INC"	2	0.0	0.0	0.0	1.0	0.0	0.0
157	"W"	"SS"	"Female"	"Manali Mangesh Tulaskar"	34	"SSC"		"Yes"	0		5702425.5		69	70	18	20	30	48	2013			"9856"		"Congress"	"2295"	51.18	46.359	49.0	71.322	59.581	74.456	78.427	90.31	85.705	40.903	41.933	40.913	50.01	55.049	20.4	13.5	45.756668	61.115	49.5825	77.63			0	2	0	0	0	0	1	0	0	0	0	0	0	0	0	0	1	0	0	0	0	0	0	0	0	0	0	2	0	0	0	0		0	0	1	0	0	0	0	0	0	1	0	0	0	0	0	0	0	0	0	0	0	0	0	0	0	0	0	0	0	0	0	0	1	0	0	0	0	0	0	0	0	0	0	0	1	0	0	3	0	0	2012.0	194.0	"L"	0.85	1.0	"OBC-W"	1.0	"OBC"	2	1.0	0.0	0.98571426	0.9	0.975	0.9504042	0.0	1.0	12.923076923076923	7.1370481927710845	0.0	0.07692308	0.0	0.07692308	0.0	0.0	0.30769232	0.0	0.0	0.0	0.0	0.07692308	0.23076923	0.0	0.15384616	0.0	0.07692308	13.0	"SS"	5	1.0	0.0	0.0	1.0	1.0	0.85
157	"W"	"SS"	"Female"	"Manali Mangesh Tulaskar"	35	"SSC"		"Yes"	0		1.1951E7		58	65	13	18	26	38	2014							56.339	49.816	47.095	68.358	60.405	64.333	67.307	76.771	75.783	56.458	58.496	55.996	59.866	57.775	63.3	61.1	57.766666	59.075	61.1	63.275			0	3	0	0	0	0	0	0	1	0	1	0	0	0	0	0	0	0	0	0	0	0	0	0	0	0	0	2	0	0	0	0		0	0	0	0	0	0	0	0	0	0	0	0	0	0	0	0	0	0	0	0	0	0	0	0	0	0	0	0	0	0	0	0	0	0	0	0	0	0	0	0	0	0	0	0	0	0	0	0	0	0	2012.0	194.0	"L"	0.85	1.0	"OBC-W"	1.0	"OBC"	2	1.0	0.0	0.8923077	0.7222222	0.88990825	0.99591666	0.0	1.0	13.714285714285715	7.118437118437118	0.0	0.0	0.0	0.0	0.0	0.0	0.5714286	0.0	0.14285715	0.0	0.0	0.0	0.0	0.0	0.2857143	0.0	0.0	7.0	"SS"	5	1.0	0.0	0.0	1.0	1.0	0.85
157	"W"	"SS"	"Female"	"Manali Mangesh Tulaskar"	36	"SSC"		"Yes"	0	1	5676000.0		72	79	12	19	23	40	2015							56.272	41.568	42.339	64.878	66.694	60.85	59.533	88.006	87.183	34.883	40.682	66.467	60.999	72.169	86.5	88.8	89.596664	83.6975	48.01	86.405			0	1	0	0	0	0	1	1	0	0	0	0	0	0	0	0	2	0	0	0	0	0	0	0	0	0	0	7	0	0	0	0		0	0	0	0	0	0	0	0	0	0	0	0	0	0	0	0	0	0	0	0	0	0	0	0	0	0	0	0	0	0	0	0	0	0	0	0	0	0	0	0	0	0	0	0	0	0	0	4	0	0	2012.0	194.0	"L"	0.85	1.0	"OBC-W"	1.0	"OBC"	2	1.0	0.0	0.9113924	0.6315789	0.88429755	0.946	0.0	1.0	14.0	3.228540119323025	0.0	0.0	0.0	0.0	0.0	0.0	0.3125	0.0	0.0	0.0	0.0	0.0	0.25	0.0	0.4375	0.0	0.0	16.0	"SS"	5	1.0	0.0	0.0	1.0	1.0	0.85
157	"W"	"SS"	"Female"	"Manali Mangesh Tulaskar"	37	"SSC"		"Yes"	0	1	6259490.5		65	74	12	17	32	50	2016							64.034	55.954	24.586	68.276	55.146	65.751	77.467	81.305	75.043	49.995	53.461	64.135	66.357	63.125	78.8	80.8	64.98333	62.785	61.875	64.07			0	0	0	0	0	0	0	0	0	2	1	0	0	0	0	0	0	0	0	0	0	0	0	0	0	0	0	1	0	0	0	0		0	0	0	0	0	0	0	0	0	0	0	0	0	0	0	0	0	0	0	0	0	0	0	0	0	0	0	0	0	0	0	0	0	0	0	0	0	0	0	0	0	0	0	0	0	0	0	2	0	0	2012.0	194.0	"L"	0.85	1.0	"OBC-W"	1.0	"OBC"	2	1.0	0.0	0.8783784	0.7058824	0.88617885	0.5216242	0.0	1.0	12.0	2.251978088861838	0.0	0.0	0.0	0.0	0.0	0.0	0.33333334	0.0	0.16666667	0.0	0.0	0.0	0.33333334	0.0	0.16666667	0.0	0.0	6.0	"SS"	5	1.0	0.0	0.0	1.0	1.0	0.85
157	"OBC-W"	"SS"	"Female"	"Aakansha Sanjay Shetye "	25	"Post Graduate"		"Yes"	0		5271799.5		60	102	12	16	8	16	2018		34349	"7349"		"Congress"	"573"	80.34	71.314	74.453	69.378		62.626	58.051	52.724	58.441	56.661	66.547	57.46	65.596	60.184	95.4	97.3	73.34333	41.9825	80.8725	73.1075		64.149	0	1	0	0	0	0	0	0	0	0	1	0	0	0	0	0	0	0	0	0	0	0	0	0	0	0	0	1	0	0	0	0		0	0	0	0	0	0	0	0	0	0	0	0	0	0	0	0	0	0	0	0	0	0	0	0	0	0	0	0	0	0	0	0	0	0	0	0	0	0	0	0	0	0	0	0	0	0	0	1	0	0	2017.0	195.0	"L"	0.85	1.0		1.0	"OBC"	2	1.0	0.0	0.5882353	0.75	0.63492066	0.87863326	1.0	1.0	7.07	3.9200863930885532	0.0	0.0	0.0	0.0	0.0	0.0	0.25	0.0	0.25	0.0	0.0	0.0	0.25	0.0	0.25	0.0	0.0	4.0	"SS"	5	1.0	0.0	0.0			0.85
158		"INC"	"Male"	"Masud Ahmed Abdul Kasam Ansari"									45	51	9	14	25	34	2011			"3973"	"yes"	"INC"	"812"	64.269	65.851	64.685	67.378		69.267	66.05	95.214	67.825	65.992	67.543	67.313	69.027	68.132					61.5875		118		0	3	0	0	0	0	1	0	0	0	0	0	0	0	0	1	0	0	0	0	0	0	0	0	0	0	0	2	0	0	0	0		0	0	1	0	0	0	0	0	0	0	0	0	0	0	0	0	0	1	0	0	0	0	0	0	0	2	0	0	0	0	0	0	0	0	0	0	0	0	0	0	0	0	0	0	0	2	0	4	0	0	2007.0	196.0	"L"	0.85	0.0		0.0			1.0		0.88235295	0.64285713	0.87777776				12.176470588235293	7.3800483258543315	0.0	0.0	0.0	0.1764706	0.0	0.0	0.3529412	0.0	0.0	0.11764706	0.0	0.0	0.23529412	0.0	0.11764706	0.0	0.0	17.0	"INC"	2	0.0	0.0	0.0	1.0	0.0	0.0
158	"W"	"SP"	"Female"	"Dilshad Aslam Azmi"	52	"Fourth"		"Yes"	0		5045780.0		32	70	9	20	6	18	2013			"5353"		"Congress"	"62"	62.751	57.265	60.3	81.123	66.508	79.331	80.144	89.056	79.762	49.543	50.179	55.943	63.955	68.847	33.5	53.8	51.093334	66.1775	55.4425	77.5			0	0	0	0	0	0	0	0	0	0	0	0	0	0	0	0	0	0	0	0	0	0	0	0	0	0	0	0	0	0	0	0		0	0	0	0	0	0	0	0	0	0	0	0	0	0	0	0	0	0	0	0	0	0	0	0	0	0	0	0	0	0	0	0	0	0	0	0	0	0	0	0	0	0	0	0	0	0	0	0	0	0	2012.0	197.0	"L"	0.85	1.0	"W"	1.0	"G"	1	0.0	0.0	0.45714286	0.45	0.48958334	0.8409633	0.0	1.0	0.0	0.0																		0.0	"_Other"	6	0.0	0.0	0.0	1.0	1.0	0.85
158	"W"	"SP"	"Female"	"Dilshad Aslam Azmi"	53	"Fourth"		"Yes"	0		1.187E7		32	65	14	18	4	17	2014							45.581	36.229	29.544	66.215	51.086	71.468	71.078	97.901	99.112	36.01	46.935	52.746	67.282	43.267	41.8	18.9	65.746666	70.68	49.83	69.845			0	0	0	0	0	0	0	0	0	0	0	0	0	0	0	0	0	0	0	0	0	1	0	0	0	0	0	1	0	0	1	0		0	0	0	0	0	0	0	0	0	0	0	0	0	0	0	0	0	0	0	0	0	0	0	0	0	0	0	0	0	0	0	0	0	0	0	0	0	0	0	0	0	0	0	0	0	0	0	0	0	0	2012.0	197.0	"L"	0.85	1.0	"W"	1.0	"G"	1	0.0	0.0	0.4923077	0.7777778	0.57471263	0.9891667	0.0	1.0	9.0	2.692862692862693	0.0	0.0	0.0	0.0	0.0	0.0	0.0	0.0	0.0	0.0	0.33333334	0.0	0.0	0.0	0.33333334	0.0	0.33333334	3.0	"_Other"	6	0.0	0.0	0.0	1.0	1.0	0.85
158	"W"	"SP"	"Female"	"Dilshad Aslam Azmi"	54	"Fourth"		"Yes"	0		3175000.0		44	79	15	19	3	24	2015							46.417	42.571	30.228	56.311	50.392	62.418	65.494	75.53	74.017	45.267	47.733	60.004	59.272	57.898	65.4	78.7	84.67333	81.9175	65.4775	64.215			0	1	0	0	0	0	0	0	0	0	0	0	0	0	0	0	0	0	0	0	0	1	0	0	0	0	0	0	0	0	1	0		0	0	0	0	0	0	0	0	0	0	0	0	0	0	0	0	0	0	0	0	0	0	0	0	0	0	0	0	0	0	0	0	0	0	0	0	0	0	0	0	0	0	0	0	0	0	0	0	0	0	2012.0	197.0	"L"	0.85	1.0	"W"	1.0	"G"	1	0.0	0.0	0.556962	0.7894737	0.6138614	0.52916664	0.0	1.0	13.0	4.621940825520516	0.0	0.0	0.0	0.0	0.0	0.0	0.33333334	0.0	0.0	0.0	0.33333334	0.0	0.0	0.0	0.0	0.0	0.33333334	3.0	"_Other"	6	0.0	0.0	0.0	1.0	1.0	0.85
158	"W"	"SP"	"Female"	"Dilshad Aslam Azmi"	55	"Fourth"		"Yes"	0		8604449.0		57	74	13	17	2	18	2016							63.85	45.763	34.259	73.996	62.612	71.866	74.077	79.459	74.467	55.534	50.694	62.834	63.643	64.843	1.5	2.3	59.486668	67.3075	60.3525	70.775			0	0	0	0	0	0	0	0	0	0	0	0	0	0	0	0	0	0	0	0	0	0	0	0	0	0	0	0	0	1	0	1		0	0	0	0	0	0	0	0	0	0	0	0	0	0	0	0	0	0	0	0	0	0	0	0	1	0	0	0	0	0	0	0	0	0	0	0	0	0	0	0	0	0	0	0	0	1	0	0	1	0	2012.0	197.0	"L"	0.85	1.0	"W"	1.0	"G"	1	0.0	0.0	0.7702703	0.7647059	0.7741935	0.71703744	0.0	1.0	16.2	0.4808277541083384	0.0	0.0	0.0	0.2	0.2	0.0	0.0	0.0	0.0	0.0	0.2	0.0	0.0	0.0	0.2	0.2	0.0	5.0	"_Other"	6	0.0	0.0	0.0	1.0	1.0	0.85
158	"OBC-W"	"SS"	"Female"	"Chitra Somnath Sangle"	58	"Upto Ninth"		"Yes"	0		5354894.0		93	102	14	16	31	37	2018		22096	"9696"		"BJP"	"4499"	59.879	33.873	55.611	64.408		65.141	68.918	66.764	65.17	41.315	41.889	49.496	73.299	46.018	0.0	78.3	62.73	31.4225	85.8575	82.4125		50.868	0	0	0	0	0	0	0	0	0	0	0	0	0	0	0	0	0	0	0	0	0	0	0	0	0	0	0	0	0	0	0	0	1	0	0	0	0	0	0	0	0	0	0	0	0	0	0	0	0	0	0	0	0	0	0	0	0	0	0	0	0	0	0	0	0	0	0	0	0	0	0	0	0	0	0	0	0	0	0	0	0	0	0	2017.0	198.0	"L"	0.85	1.0		1.0	"OBC"	2	1.0	0.0	0.9117647	0.875	0.9261745	0.89248234	0.0	1.0	4.776	1.1487580993520519	0.0	0.0	0.0	0.0	0.0	0.0	0.0	0.0	0.0	0.0	0.0	0.0	0.0	0.0	0.0	1.0	0.0	1.0	"SS"	5	1.0	0.0	0.0			0.85
159	"W"	"SP"	"Female"	"Shazia Azmi"									33	51	5	14	49	74	2011			"6030"		"INC"	"2936"	76.56	69.475	71.532	70.76		70.489	68.956	69.296	69.11	67.986	67.159	67.937	68.033	68.244					78.5125		119		0	0	0	0	0	0	0	0	0	0	0	0	0	0	0	0	0	0	0	0	1	0	0	0	0	0	0	1	0	0	0	0	2	0	0	0	0	0	0	0	0	0	0	0	0	0	0	0	0	0	0	0	0	0	0	0	0	0	0	0	0	0	0	0	0	0	0	0	0	0	0	0	0	0	0	0	0	0	0	0	1	0	0	2007.0	199.0	"L"	0.85	1.0		1.0	"G"	1	0.0		0.64705884	0.35714287	0.7631579				11.6	3.940474820695739	0.0	0.0	0.0	0.0	0.0	0.0	0.0	0.0	0.0	0.0	0.0	0.0	0.2	0.0	0.2	0.4	0.2	5.0	"_Other"	6	0.0	0.0	0.0	1.0	1.0	0.85
159		"SP"	"Male"	"Ashraf Azmi Aslam Ansari"	47	"SSC"		"Yes"	1		5526064.5		63	70	16	20	16	23	2013	1		"9621"		"Congress"	"5640"	68.255	57.704	59.176	74.701	63.384	78.167	78.493	86.379	79.479	50.565	45.564	41.147	59.423	66.479	26.4	54.7	51.053333	66.0425	56.3425	68.54			0	2	0	0	0	0	2	0	0	0	0	0	0	0	0	0	2	0	0	0	0	1	0	0	0	0	0	3	0	0	1	0		1	0	0	0	0	0	0	0	0	0	0	0	0	0	0	0	0	0	0	0	0	0	0	1	0	0	0	0	0	0	0	0	0	1	0	0	0	0	0	0	0	0	0	0	2	0	0	0	0	0	2012.0	200.0	"L"	0.85	0.0	"G"	0.0	"G"	1	0.0	1.0	0.9	0.8	0.8962264	0.92101073	0.0	1.0	15.75	5.3980505354752335	0.0	0.125	0.0	0.0625	0.0625	0.0	0.375	0.0	0.0	0.0	0.0625	0.0	0.0	0.0	0.1875	0.0	0.125	16.0	"_Other"	6	0.0	0.0	0.0	1.0	0.0	0.0
159		"SP"	"Male"	"Ashraf Azmi Aslam Ansari"	48	"SSC"		"Yes"	1		1.1854E7		56	65	17	18	15	19	2014							51.616	46.127	41.445	64.489	56.458	73.754	74.764	94.66	97.194	40.284	45.586	48.237	68.634	45.323	15.5	67.3	73.05334	73.5075	55.1975	67.1725			0	2	0	0	0	0	1	0	1	0	0	0	3	0	0	0	3	2	0	0	0	0	0	0	0	0	0	2	0	0	2	0		0	0	4	0	0	0	0	0	0	0	0	0	0	0	0	0	0	1	0	0	0	0	0	1	0	0	0	0	1	0	0	0	0	1	0	0	0	0	0	0	0	0	0	0	5	0	1	0	0	0	2012.0	200.0	"L"	0.85	0.0	"G"	0.0	"G"	1	0.0	1.0	0.86153847	0.9444444	0.8979592	0.9878333	0.0	1.0	13.200000000000001	4.705294705294706	0.1	0.16666667	0.033333335	0.13333334	0.033333335	0.033333335	0.26666668	0.06666667	0.0	0.0	0.06666667	0.0	0.0	0.0	0.06666667	0.0	0.033333335	30.0	"_Other"	6	0.0	0.0	0.0	1.0	0.0	0.0
159		"SP"	"Male"	"Ashraf Azmi Aslam Ansari"	49	"SSC"		"Yes"	1		4684000.0		64	79	16	19	27	41	2015							49.704	38.346	23.516	55.212	52.815	53.769	56.229	88.878	84.541	49.459	44.376	63.81	57.557	61.2	50.2	72.9	82.7	83.9575	57.405	66.205			0	3	0	0	0	0	1	1	0	1	0	0	2	2	0	0	2	0	0	0	0	0	0	0	0	0	0	3	0	0	1	0		0	0	0	0	0	0	0	0	0	0	0	0	0	0	0	0	1	3	0	0	0	0	0	0	0	0	0	0	0	1	1	0	0	0	0	0	0	0	1	0	0	0	0	0	3	0	0	0	0	0	2012.0	200.0	"L"	0.85	0.0	"G"	0.0	"G"	1	0.0	1.0	0.8101266	0.84210527	0.856	0.78066665	0.0	1.0	13.846153846153847	4.813796942130073	0.07692308	0.115384616	0.0	0.0	0.0	0.07692308	0.53846157	0.0	0.0	0.0	0.03846154	0.0	0.0	0.03846154	0.115384616	0.0	0.0	26.0	"_Other"	6	0.0	0.0	0.0	1.0	0.0	0.0
159		"SP"	"Male"	"Ashraf Azmi Aslam Ansari"	50	"SSC"		"Yes"	1		6710510.5		64	74	13	17	30	37	2016	1						61.083	52.173	24.157	54.252	56.826	64.944	66.825	78.408	73.458	41.778	51.282	61.578	69.201	65.736	90.1	95.0	71.94666	71.1375	81.5575	72.7725			0	1	0	0	0	1	0	0	0	0	2	0	0	2	0	1	0	0	0	0	0	1	0	0	0	0	0	3	0	1	0	1		0	0	0	0	0	0	0	0	0	0	0	0	0	0	0	0	0	0	0	0	0	0	0	0	0	0	0	0	0	0	0	0	0	0	0	0	0	0	0	0	0	0	0	0	1	0	0	1	0	0	2012.0	200.0	"L"	0.85	0.0	"G"	0.0	"G"	1	0.0	1.0	0.8648649	0.7647059	0.88429755	0.5592092	0.0	1.0	14.2	3.400943396226415	0.0	0.06666667	0.0	0.0	0.0	0.0	0.26666668	0.0	0.13333334	0.0	0.06666667	0.0	0.06666667	0.0	0.2	0.06666667	0.13333334	15.0	"_Other"	6	0.0	0.0	0.0	1.0	0.0	0.0
159	"G"	"BJP"	"Male"	"Prakash Devji More "	52	"Upto Fifth"		"Yes"	0		5346580.0		101	102	16	16	15	16	2018		24170	"6202"		"ss"	"1954"	80.887	70.021	76.99	71.32		74.175	68.213	73.09	68.818	60.256	48.337	46.39	45.489	43.072	99.0	97.5	90.27333	39.1525	98.4225	74.2775		41.612	0	0	0	0	0	0	0	0	0	0	1	0	0	0	0	0	0	0	0	0	0	0	0	0	0	0	0	1	0	0	0	0		0	0	0	0	0	0	0	0	0	0	0	0	1	0	0	0	0	0	0	0	0	0	0	0	0	0	0	0	0	0	0	0	0	0	0	0	0	0	0	0	0	0	0	0	0	0	0	1	0	0	2017.0	201.0	"L"	0.85	0.0		0.0	"G"	1	0.0	0.0	0.99019605	1.0	0.99248123	0.89109665	0.0	1.0	9.153500000000001	1.5375269978401729	0.0	0.0	0.0	0.0	0.0	0.0	0.0	0.0	0.25	0.0	0.0	0.25	0.25	0.0	0.25	0.0	0.0	4.0	"BJP"	1	0.0	0.0	0.0			0.0
160		"SS"	"Male"	"Kamalakar Shantaram Naik"									44	51	14	14	11	14	2011			"5378"		"NCP"	"92"	68.965	60.034	42.463	61.268		55.802	57.959	84.515	85.985	56.574	63.167	72.654	83.219	68.075					69.1575		118		1	1	0	0	0	0	0	0	0	2	0	0	1	0	0	0	1	0	0	0	0	0	0	0	0	0	0	2	0	0	1	0	1	0	0	0	0	4	0	0	0	0	0	0	0	0	0	0	0	0	0	0	0	0	0	1	0	0	0	0	0	2	4	0	1	1	0	0	0	0	0	0	0	0	0	0	1	0	0	0	11	0	0	2007.0	205.0	"L"	0.85	0.0		0.0			1.0		0.8627451	1.0	0.90789473				10.114285714285714	4.9546945115636865	0.028571429	0.0	0.0	0.0	0.028571429	0.2	0.114285715	0.0	0.0	0.0	0.028571429	0.114285715	0.31428573	0.028571429	0.057142857	0.028571429	0.057142857	35.0	"SS"	5	1.0	0.0	0.0	1.0	0.0	0.0
160	"W"	"SS"	"Female"	"Sanjana Kishor Mungekar"	38	"Eleventh"		"Yes"	0		5131211.5		68	70	17	20	30	36	2013			"11276"		"NCP"	"6249"	73.962	69.823	68.659	71.493	66.839	63.8	65.601	69.904	63.266	61.825	56.268	59.821	63.364	61.948	33.3	38.8	54.173332	70.575	68.1525	77.2775			0	0	0	0	0	0	1	0	0	3	4	0	0	0	0	1	3	0	0	0	0	0	0	0	0	1	0	0	0	0	1	0	2	3	0	1	0	0	0	0	0	0	0	0	1	0	0	0	0	0	0	0	0	0	1	0	0	0	0	0	0	0	0	0	0	1	0	0	0	0	0	0	0	0	0	0	0	3	0	0	2	0	0	2012.0	206.0	"L"	0.85	1.0	"OBC-W"	1.0	"OBC"	2	1.0	0.0	0.9714286	0.85	0.9583333	0.8552019	0.0	1.0	16.71428571428571	1.998117469879518	0.0	0.14285715	0.0	0.14285715	0.0	0.0	0.2857143	0.0	0.14285715	0.0	0.071428575	0.035714287	0.071428575	0.0	0.0	0.071428575	0.035714287	28.0	"SS"	5	1.0	0.0	0.0	1.0	1.0	0.85
160	"W"	"SS"	"Female"	"Sanjana Kishor Mungekar"	39	"Eleventh"		"Yes"	0		1.1793E7		61	65	15	18	26	29	2014							55.328	48.085	48.503	70.495	49.246	68.472	74.184	94.169	80.72	44.341	53.28	54.681	63.98	56.796	18.5	24.6	69.38333	69.095	50.4425	67.07			2	2	0	3	0	0	0	0	0	3	1	0	2	0	0	0	4	0	0	0	0	0	0	0	0	1	0	1	1	0	0	0		0	0	1	0	1	1	0	0	0	0	0	1	0	0	0	0	0	0	1	0	0	0	0	0	0	0	0	0	0	4	1	0	0	0	0	0	0	0	0	0	0	0	0	0	0	0	0	5	0	0	2012.0	206.0	"L"	0.85	1.0	"OBC-W"	1.0	"OBC"	2	1.0	0.0	0.93846154	0.8333333	0.9357798	0.98275	0.0	1.0	13.17142857142857	2.8846970023440615	0.057142857	0.0	0.0	0.028571429	0.0	0.14285715	0.34285715	0.0	0.028571429	0.0	0.028571429	0.114285715	0.14285715	0.0	0.028571429	0.0	0.08571429	35.0	"SS"	5	1.0	0.0	0.0	1.0	1.0	0.85
160	"W"	"SS"	"Female"	"Sanjana Kishor Mungekar"	40	"Eleventh"		"Yes"	0		4488000.0		72	79	18	19	35	40	2015							75.128	46.713	60.185	85.537	67.808	71.311	76.769	83.851	85.282	52.92	48.792	56.476	70.099	72.658	25.8	25.8	77.67333	86.155	86.3775	83.06			1	4	0	0	0	0	0	0	0	0	1	0	1	0	0	2	2	1	0	1	0	1	1	0	0	1	0	1	0	3	0	0		0	0	0	0	0	0	0	0	0	0	0	0	0	0	0	0	0	0	0	0	0	0	0	1	0	0	0	0	0	1	2	2	1	0	0	0	0	0	0	0	0	0	0	0	0	0	1	2	0	0	2012.0	206.0	"L"	0.85	1.0	"OBC-W"	1.0	"OBC"	2	1.0	0.0	0.9113924	0.94736844	0.9398496	0.748	0.0	1.0	13.0	4.3608769454451695	0.033333335	0.0	0.033333335	0.0	0.033333335	0.16666667	0.3	0.033333335	0.033333335	0.033333335	0.13333334	0.0	0.06666667	0.0	0.033333335	0.0	0.1	30.0	"SS"	5	1.0	0.0	0.0	1.0	1.0	0.85
160	"W"	"SS"	"Female"	"Sanjana Kishor Mungekar"	41	"Eleventh"		"Yes"	0		7388184.0		68	74	16	17	30	31	2016							68.931	61.492	53.615	64.462	52.244	65.738	73.43	82.764	81.165	60.215	55.107	57.861	65.319	54.568	68.1	78.7	67.73	77.4425	63.2025	71.2275			0	0	0	0	0	0	0	0	0	3	3	0	0	0	0	0	1	0	0	0	0	0	0	0	0	1	0	1	0	0	0	0	1	0	0	2	0	0	2	0	0	0	0	0	0	0	0	0	0	0	0	0	0	0	0	0	0	0	0	0	0	0	1	0	0	0	0	0	0	0	0	0	0	0	0	0	0	0	0	0	3	1	0	2012.0	206.0	"L"	0.85	1.0	"OBC-W"	1.0	"OBC"	2	1.0	0.0	0.9189189	0.9411765	0.94214875	0.615682	0.0	1.0	12.789473684210526	3.413877054169203	0.0	0.0	0.0	0.10526316	0.0	0.05263158	0.21052632	0.0	0.15789473	0.0	0.05263158	0.10526316	0.15789473	0.0	0.10526316	0.05263158	0.0	19.0	"SS"	5	1.0	0.0	0.0	1.0	1.0	0.85
160	"G"	"IND"	"Male"	"Kiran Jyotiram Landge "	29	"HSC"		"Yes"	2		5164021.0		81	102	15	16	24	37	2018		32747	"5752"		"SS"	"186"	66.545	51.401	55.198	61.662		66.301	66.975	73.738	68.163	43.467	47.305	55.119	55.829	48.02	0.0	63.3	71.81	50.5225	79.5	67.795		45.225	0	0	0	0	0	0	0	0	0	1	0	0	0	0	0	0	0	0	0	0	0	0	0	0	0	0	0	0	0	0	2	0	1	0	0	0	0	0	0	0	0	0	0	0	0	0	0	0	0	0	0	0	0	0	0	0	0	0	0	0	0	0	0	0	0	0	0	0	0	0	0	0	0	0	0	0	0	0	0	0	4	0	0	2017.0	207.0	"L"	0.85	0.0		0.0	"G"	1	0.0	1.0	0.7941176	0.9375	0.8450704	0.86067015	0.0	1.0	11.6675	2.2070734341252702	0.0	0.0	0.0	0.0	0.0	0.0	0.125	0.0	0.0	0.0	0.25	0.0	0.5	0.0	0.0	0.125	0.0	8.0	"_Other"	6	0.0	0.0	0.0			0.0
161		"NCP"	"Male"	"Abdul Rashid Malik"									42	51	11	14	0	0	2011			"4287"		"BJP"	"170"	83.113	44.405	45.01	81.398		67.311	69.051	88.837	83.559	66.534	82.865	88.404	90.362	94.06					99.685		121		0	0	0	0	0	0	0	0	0	1	0	0	0	0	0	0	0	0	0	0	0	0	0	1	0	0	0	1	0	1	0	0	1	0	0	0	0	0	0	0	0	0	0	0	0	0	0	0	0	0	1	0	0	0	0	0	0	0	0	0	0	0	0	0	0	0	0	0	0	0	0	0	0	0	0	0	0	0	0	0	4	0	0	2007.0	208.0	"L"	0.85	0.0		0.0			1.0		0.8235294	0.78571427	0.8153846				14.4	3.9808422506040726	0.0	0.0	0.0	0.0	0.0	0.0	0.2	0.0	0.0	0.0	0.2	0.0	0.4	0.0	0.1	0.1	0.0	10.0	"NCP"	4	0.0	0.0	0.0	1.0	0.0	0.0
161	"W"	"NCP"	"Female"	"Saeeda Arif Khan"	44	"M.D., DNB, D.A., MBBS"		"Yes"	0		5444622.5		67	70	20	20	17	18	2013			"6730"		"MNS"	"3019"	62.583	56.704	58.106	70.69	65.54	68.143	72.901	77.635	76.844	56.49	50.242	49.807	60.181	60.523	19.8	16.0	51.40333	72.3175	53.7925	75.32			0	1	0	0	0	0	0	0	0	0	0	0	1	0	0	0	1	0	0	0	0	0	0	1	0	0	0	0	0	0	0	0		5	0	0	0	0	0	0	0	0	1	0	0	0	0	0	0	0	0	0	0	0	0	0	1	0	0	0	0	9	10	13	0	0	0	0	0	0	0	0	0	0	0	0	0	0	1	2	2	0	0	2012.0	209.0	"L"	0.85	1.0	"W"	1.0	"G"	1	0.0	0.0	0.95714283	1.0	0.97196263	0.9074371	1.0	1.0	9.375	0.6140275387263339	0.020833334	0.0	0.041666668	0.125	0.020833334	0.6666667	0.041666668	0.0	0.0	0.0	0.020833334	0.020833334	0.041666668	0.0	0.0	0.0	0.0	48.0	"NCP"	4	0.0	0.0	0.0	1.0	1.0	0.85
161	"W"	"NCP"	"Female"	"Saeeda Arif Khan"	45	"M.D., DNB, D.A., MBBS"		"Yes"	0		1.1864E7		58	65	9	18	13	17	2014							56.587	60.901	59.541	64.613	58.425	63.995	67.276	84.494	83.14	55.856	61.555	58.099	61.137	57.375	12.7	21.9	50.796665	59.27	52.5725	56.33			0	0	0	0	0	0	0	0	0	1	0	2	2	0	0	0	0	0	0	0	0	0	0	0	0	1	0	0	0	7	2	0		0	0	0	0	0	0	0	0	0	0	0	0	0	0	0	0	0	0	0	0	0	0	0	2	2	0	0	0	9	28	25	1	0	0	0	0	0	0	0	0	0	0	0	0	0	0	2	0	1	0	2012.0	209.0	"L"	0.85	1.0	"W"	1.0	"G"	1	0.0	0.0	0.8923077	0.5	0.8333333	0.98866665	1.0	1.0	8.964705882352941	0.684010434010434	0.023529412	0.0	0.023529412	0.0	0.047058824	0.7411765	0.011764706	0.0	0.0	0.0	0.11764706	0.0	0.0	0.0	0.011764706	0.0	0.023529412	85.0	"NCP"	4	0.0	0.0	0.0	1.0	1.0	0.85
161	"W"	"NCP"	"Female"	"Saeeda Arif Khan"	46	"M.D., DNB, D.A., MBBS"		"Yes"	0		5636000.0		47	79	19	19	19	24	2015							87.518	46.525	50.363	86.499	63.673	77.812	79.194	89.547	84.96	40.942	36.319	57.274	81.906	74.74	31.0	32.6	67.57333	85.165	94.6325	80.49			0	2	0	0	0	0	0	0	1	3	1	2	7	0	1	0	0	2	1	1	0	0	0	1	0	3	0	6	0	0	0	0		1	0	2	0	2	0	0	1	0	0	0	0	0	0	0	0	0	0	0	0	0	0	0	8	2	0	0	0	10	18	22	0	0	0	0	0	0	0	0	0	0	0	0	0	0	0	1	1	2	0	2012.0	209.0	"L"	0.85	1.0	"W"	1.0	"G"	1	0.0	0.0	0.5949367	1.0	0.72649574	0.9393333	1.0	1.0	9.207920792079207	1.9567830054218205	0.07	0.0	0.01	0.03	0.1	0.5	0.07	0.02	0.01	0.01	0.04	0.03	0.01	0.0	0.08	0.0	0.02	100.0	"NCP"	4	0.0	0.0	0.0	1.0	1.0	0.85
161	"W"	"NCP"	"Female"	"Saeeda Arif Khan"	47	"M.D., DNB, D.A., MBBS"		"Yes"	0		5204798.5		54	74	9	17	11	18	2016							68.431	57.447	61.317	79.147	71.21	71.92	70.598	84.699	71.446	60.238	57.811	65.052	67.584	67.102	28.9	38.6	61.446667	76.8075	56.75	71.875			0	0	0	0	0	0	1	0	0	0	0	0	7	0	0	0	1	4	0	1	0	0	0	0	0	0	0	4	0	0	0	1	2	1	0	2	0	0	0	0	0	0	0	0	0	0	0	0	0	0	0	0	0	0	0	3	3	1	0	0	1	10	23	19	0	0	0	0	0	1	0	0	0	0	0	0	0	0	0	0	2	0	0	2012.0	209.0	"L"	0.85	1.0	"W"	1.0	"G"	1	0.0	0.0	0.7297297	0.5294118	0.7254902	0.4337332	1.0	1.0	8.482758620689655	1.0737609185570234	0.08045977	0.0	0.0	0.03448276	0.08045977	0.59770113	0.022988506	0.04597701	0.0	0.011494253	0.0	0.0	0.022988506	0.0	0.04597701	0.03448276	0.022988506	87.0	"NCP"	4	0.0	0.0	0.0	1.0	1.0	0.85
161	"OBC"	"SS"	"Male"	"Vijayendra Onkar Shinde "	41	"ITI Diploma"		"Yes"	1		5375664.0		92	102	15	16	15	18	2018	1	28535	"5338"		"AIMIM"	"1267"	47.364	46.417	43.318	47.267		55.61	64.704	51.797	57.151	54.968	43.279	44.834	56.222	33.47	0.0	17.8	42.716667	81.8875	39.375	59.9925		45.915	0	0	0	0	0	0	0	0	0	0	1	0	0	0	0	0	0	0	0	0	0	0	0	0	0	0	0	5	0	1	0	2		0	0	0	0	0	0	0	0	0	0	0	0	0	0	0	0	0	0	0	0	0	0	0	0	0	0	0	0	0	0	0	0	0	0	0	0	0	0	0	0	0	0	0	0	0	0	0	0	0	0	2017.0	210.0	"L"	0.85	0.0		0.0	"OBC"	2	1.0	1.0	0.9019608	0.9375	0.91729325	0.895944	1.0	1.0	8.668	2.2435205183585314	0.0	0.0	0.0	0.0	0.0	0.0	0.0	0.0	0.11111111	0.0	0.11111111	0.0	0.0	0.0	0.5555556	0.22222222	0.0	9.0	"SS"	5	1.0	0.0	0.0			0.0
162		"SS"	"Female"	"Anuradha Mahesh Pednekar "									41	51	11	14	10	14	2011			"5331"		"SP"	"2046"	79.86	43.075	61.254	83.262		88.181	82.731	89.932	52.074	48.898	65.97	81.869	88.22	80.989					53.985		118		0	0	0	0	0	0	1	0	0	1	4	0	1	0	1	0	0	0	0	0	0	0	0	0	0	0	0	0	0	1	0	1		0	0	0	0	0	0	0	0	0	0	0	0	0	0	0	0	0	0	0	0	0	0	0	0	0	0	0	0	0	0	0	2	0	0	0	0	0	0	0	0	0	0	0	0	0	0	0	2	0	0	2007.0	211.0	"L"	0.85	1.0		0.0			1.0		0.8039216	0.78571427	0.82666665				11.142857142857144	1.3393165343458748	0.071428575	0.0	0.0	0.0	0.0	0.14285715	0.21428572	0.0	0.2857143	0.0	0.071428575	0.0	0.14285715	0.0	0.0	0.071428575	0.0	14.0	"SS"	5	1.0	0.0	0.0	1.0	0.0	0.0
162	"W"	"SS"	"Female"	"Anuradha Mahesh Pednekar"	43	"B.A.M.S."		"Yes"	0		5155958.0		70	70	20	20	86	86	2013			"7662"		"SP"	"1580"	59.018	55.405	55.19	65.996	58.115	62.248	65.397	71.332	69.311	55.037	48.609	49.525	53.65	54.835	18.2	17.7	49.05	69.8325	59.225	71.9725			0	0	0	0	0	0	0	0	1	1	2	0	0	0	1	0	1	0	0	0	0	2	0	0	0	2	0	5	0	0	1	0	2	4	0	0	0	0	0	0	0	0	0	0	0	0	0	0	0	0	0	0	0	0	0	0	0	0	0	0	0	1	6	4	0	0	0	0	0	0	0	0	0	0	0	0	0	3	0	0	0	0	0	2012.0	212.0	"L"	0.85	1.0	"W"	1.0	"G"	1	0.0	0.0	1.0	1.0	1.0	0.85932636	1.0	1.0	15.5	4.18953313253012	0.0	0.083333336	0.0	0.11111111	0.0	0.30555555	0.11111111	0.0	0.055555556	0.0	0.083333336	0.0	0.0	0.0	0.1388889	0.055555556	0.055555556	36.0	"SS"	5	1.0	0.0	0.0	1.0	1.0	0.85
162	"W"	"SS"	"Female"	"Anuradha Mahesh Pednekar"	44	"B.A.M.S."		"Yes"	0		1.18E7		65	65	18	18	127	127	2014							59.262	52.002	43.592	83.379	57.825	83.776	79.828	91.669	79.155	50.006	59.334	65.794	78.894	70.581	43.2	58.3	76.666664	78.755	53.7325	74.63			0	4	0	0	0	0	1	0	0	1	3	1	5	0	0	0	0	0	0	0	0	1	0	0	0	0	0	2	0	1	4	0		0	0	0	0	0	0	0	0	0	0	0	0	0	0	0	0	0	0	0	0	0	0	0	1	0	0	0	0	5	7	11	0	0	0	0	0	0	0	0	0	0	0	0	0	2	0	0	0	0	2	2012.0	212.0	"L"	0.85	1.0	"W"	1.0	"G"	1	0.0	0.0	1.0	1.0	1.0	0.98333335	1.0	1.0	10.23529411764706	2.518370518370519	0.09803922	0.039215688	0.0	0.0	0.019607844	0.4509804	0.11764706	0.0	0.05882353	0.0	0.09803922	0.0	0.0	0.0	0.078431375	0.0	0.039215688	51.0	"SS"	5	1.0	0.0	0.0	1.0	1.0	0.85
162	"W"	"SS"	"Female"	"Anuradha Mahesh Pednekar"	45	"B.A.M.S."		"Yes"	0		2708000.0		78	79	19	19	171	171	2015							67.026	53.596	66.622	73.909	60.679	70.672	81.156	77.841	72.853	48.848	51.562	51.497	60.067	56.15	12.5	15.7	56.413334	71.7625	66.0875	69.0125			0	1	0	0	0	0	1	0	0	1	2	0	1	0	0	0	1	2	0	0	1	1	0	0	1	0	0	8	0	0	1	0	2	0	0	0	0	0	0	0	0	0	0	0	0	0	0	0	0	0	0	0	0	0	0	0	0	1	0	0	0	13	7	11	10	0	0	0	0	0	0	0	0	0	0	0	0	1	0	1	0	0	1	2012.0	212.0	"L"	0.85	1.0	"W"	1.0	"G"	1	0.0	0.0	0.98734176	1.0	0.9962825	0.45133334	1.0	1.0	10.764705882352944	2.5267056292869032	0.014705882	0.014705882	0.014705882	0.0	0.014705882	0.60294116	0.05882353	0.029411765	0.029411765	0.0	0.029411765	0.0	0.0	0.0	0.13235295	0.029411765	0.029411765	68.0	"SS"	5	1.0	0.0	0.0	1.0	1.0	0.85
162	"W"	"SS"	"Female"	"Anuradha Mahesh Pednekar"	46	"B.A.M.S."		"Yes"	0		9068970.0		74	74	17	17	137	141	2016							64.344	55.315	68.25	79.824	62.084	72.339	74.606	77.039	68.178	62.092	60.961	65.65	66.094	61.918	50.4	53.9	57.1	77.1675	67.985	75.6525			0	3	0	0	0	0	2	0	0	0	1	0	2	0	0	0	0	2	0	0	2	0	0	0	0	1	0	7	0	1	2	1	3	0	0	0	0	0	0	0	0	0	0	0	0	0	0	0	0	0	0	0	0	0	1	0	2	0	0	0	0	6	3	0	1	0	0	0	0	0	0	0	0	0	0	0	0	1	0	0	1	0	0	2012.0	212.0	"L"	0.85	1.0	"W"	1.0	"G"	1	0.0	0.0	1.0	1.0	1.0	0.7557475	1.0	1.0	14.428571428571429	4.243818986363112	0.04761905	0.04761905	0.0	0.0	0.04761905	0.23809524	0.11904762	0.04761905	0.023809524	0.0	0.0952381	0.0	0.023809524	0.0	0.16666667	0.0952381	0.04761905	42.0	"SS"	5	1.0	0.0	0.0	1.0	1.0	0.85
162	"OBC"	"INC"	"Male"	"Wajid Wahid Qureshi "	36	"Upto Fifth"		"Yes"	1		5143625.5		71	102	13	16	10	18	2018	1	30115	"6148"		"MNS"	"1234"	64.9	62.887	70.686	77.535		78.084	80.577	84.884	76.381	65.725	63.137	62.127	70.361	65.76	52.0	38.7	68.25667	64.62	75.765	74.82		65.372	0	0	0	0	0	0	0	0	0	1	0	0	1	0	0	0	0	0	0	0	0	0	0	0	0	0	1	1	0	0	0	0		0	0	0	0	0	0	0	0	0	0	0	0	0	0	0	0	0	0	0	0	0	0	0	0	0	0	0	0	0	0	0	0	0	0	0	0	1	0	0	0	0	0	0	0	1	0	0	0	0	0	2017.0	213.0	"L"	0.85	0.0		0.0	"OBC"	2	1.0	1.0	0.6960784	0.8125	0.734375	0.8572709	0.0	1.0	9.607	1.8453023758099352	0.16666667	0.16666667	0.0	0.0	0.0	0.0	0.16666667	0.0	0.0	0.0	0.16666667	0.0	0.0	0.0	0.16666667	0.0	0.16666667	6.0	"INC"	2	0.0	0.0	0.0			0.0
163		"MNS"	"Male"	"Rajendra Ramakant Lad"									9	51	0	14	12	45	2011			"5578"		"NCP"	"680"	66.808	63.301	66.459	65.697		61.994	64.321	64.789	63.198	62.127	62.897	64.048	66.071	65.739					54.6325		117		0	0	0	0	0	0	0	0	0	0	0	0	0	0	0	0	0	0	0	0	0	0	0	0	0	0	0	0	0	0	0	0		0	0	0	0	0	0	0	0	0	0	0	0	0	0	0	0	0	0	0	0	0	0	0	0	0	0	0	0	0	1	0	0	0	0	0	0	0	0	0	0	0	0	0	0	0	0	0	0	0	0	2007.0	214.0	"L"	0.85	0.0		0.0			1.0		0.1764706	0.0	0.27272728				6.0	0.0	0.0	0.0	0.0	0.0	0.0	1.0	0.0	0.0	0.0	0.0	0.0	0.0	0.0	0.0	0.0	0.0	0.0	1.0	"MNS"	3	0.0	0.0	0.0	1.0	0.0	0.0
163	"W"	"SS"	"Female"	"Darshana Dilip Shinde"	42	"Ninth"		"Yes"	0		5056458.5		66	70	20	20	17	19	2013			"5583"		"MNS"	"697"	58.128	49.979	56.611	76.728	64.968	74.198	79.938	92.608	81.374	45.668	42.53	47.755	58.715	63.115	28.7	23.5	40.156666	48.825	53.9125	71.985			0	0	0	0	0	0	0	0	0	1	1	0	0	0	0	0	0	0	0	0	0	0	0	0	0	0	0	0	0	0	0	0		0	0	0	0	0	0	0	0	0	0	0	0	0	0	0	0	0	0	0	0	0	0	0	0	0	0	0	0	0	0	0	0	0	0	0	0	0	0	0	0	0	0	0	0	0	0	0	1	0	0	2012.0	215.0	"L"	0.85	1.0	"W"	1.0	"G"	1	0.0	0.0	0.94285715	1.0	0.9626168	0.8427431	0.0	1.0	9.0	0.7262801204819277	0.0	0.0	0.0	0.0	0.0	0.0	0.33333334	0.0	0.33333334	0.0	0.0	0.0	0.33333334	0.0	0.0	0.0	0.0	3.0	"SS"	5	1.0	0.0	0.0	1.0	1.0	0.85
163	"W"	"SS"	"Female"	"Darshana Dilip Shinde"	43	"Ninth"		"Yes"	0		1.142E7		58	65	17	18	14	14	2014							48.072	45.432	45.423	70.262	55.52	67.888	74.655	83.207	81.737	56.362	52.706	62.947	77.782	54.471	0.0	20.4	52.09667	49.365	47.5475	66.7025			0	1	0	0	0	0	0	0	0	0	0	0	0	0	0	0	0	0	0	0	0	0	0	0	0	0	0	0	0	0	0	0		0	0	0	0	0	0	0	0	0	0	0	0	0	0	0	0	0	0	0	0	0	0	0	0	0	0	0	0	0	0	0	0	0	0	0	0	0	0	0	0	0	0	0	0	0	1	0	0	0	0	2012.0	215.0	"L"	0.85	1.0	"W"	1.0	"G"	1	0.0	0.0	0.8923077	0.9444444	0.91752577	0.95166665	0.0	1.0	6.0	4.048174048174048	0.0	0.0	0.0	0.5	0.0	0.0	0.5	0.0	0.0	0.0	0.0	0.0	0.0	0.0	0.0	0.0	0.0	2.0	"SS"	5	1.0	0.0	0.0	1.0	1.0	0.85
163	"W"	"SS"	"Female"	"Darshana Dilip Shinde"	44	"Ninth"		"Yes"	0		5690000.0		74	79	18	19	15	19	2015							65.526	54.853	57.845	67.054	57.81	73.015	65.913	73.649	70.327	57.401	52.448	61.077	63.689	60.127	42.8	49.3	64.19666	58.3675	66.36	55.5825			0	0	0	0	0	0	0	0	0	1	0	0	1	0	0	0	0	0	0	0	0	0	0	0	0	0	0	0	0	0	0	1		0	0	0	0	0	0	0	0	0	0	0	0	0	0	0	0	0	0	0	0	0	0	0	0	0	0	0	0	0	0	0	0	0	0	0	0	0	0	0	0	0	0	0	0	0	0	0	0	0	0	2012.0	215.0	"L"	0.85	1.0	"W"	1.0	"G"	1	0.0	0.0	0.93670887	0.94736844	0.94690263	0.9483333	0.0	1.0	15.0	0.6355777426031901	0.33333334	0.0	0.0	0.0	0.0	0.0	0.33333334	0.0	0.0	0.0	0.0	0.0	0.0	0.0	0.0	0.33333334	0.0	3.0	"SS"	5	1.0	0.0	0.0	1.0	1.0	0.85
163	"W"	"SS"	"Female"	"Darshana Dilip Shinde"	45	"Ninth"		"Yes"	0		6222427.0		71	74	16	17	14	17	2016							92.324	87.678	83.123	90.001	90.203	88.991	88.082	91.819	90.809	83.628	79.992	78.376	83.022	81.81	0.0	49.5	84.85	92.265	90.91	88.89			0	0	0	0	0	0	0	0	0	0	0	0	0	0	0	0	0	0	0	0	0	0	0	0	0	0	0	0	0	0	0	0		0	0	0	0	0	0	0	0	0	0	0	0	0	0	0	0	0	0	0	0	0	0	0	0	0	0	0	0	0	0	0	0	0	0	0	0	0	0	0	0	0	0	0	0	0	0	0	1	0	0	2012.0	215.0	"L"	0.85	1.0	"W"	1.0	"G"	1	0.0	0.0	0.9594595	0.9411765	0.96190476	0.51853555	0.0	1.0	6.0	0.0	0.0	0.0	0.0	0.0	0.0	0.0	0.0	0.0	0.0	0.0	0.0	0.0	1.0	0.0	0.0	0.0	0.0	1.0	"SS"	5	1.0	0.0	0.0	1.0	1.0	0.85
163	"OBC"	"SS"	"Male"	"Dilip Bhausaheb Lande"	57	"Graduate"		"Yes"	2		5329585.5		53	102	15	16	48	163	2018	2	22434	"8009"	"yes"	"Congress"	"1775"	49.247	49.616	43.937	51.312		56.042	58.817	69.008	62.448	40.208	37.96	55.528	69.417	42.15	1.9	80.0	90.23333	54.505	92.47	86.0975		47.427	0	2	0	0	0	0	0	0	0	0	1	0	3	0	0	0	0	1	1	0	0	0	0	0	0	2	0	2	0	1	0	0	1	0	0	0	0	0	0	0	0	0	0	0	0	0	0	0	0	0	0	1	0	0	0	0	0	0	0	0	0	0	0	0	3	0	0	0	0	0	0	0	0	0	0	0	0	1	0	0	4	0	0	2017.0	216.0	"L"	0.85	0.0		0.0	"OBC"	2	1.0	1.0	0.51960784	0.9375	0.6987952	0.88826424	1.0	1.0	11.019826086956522	4.819564434845213	0.13636364	0.045454547	0.0	0.0	0.0	0.13636364	0.09090909	0.045454547	0.045454547	0.0	0.13636364	0.045454547	0.18181819	0.0	0.09090909	0.045454547	0.0	22.0	"SS"	5	1.0	0.0	0.0			0.0
164	"W"	"SS"	"Female"	"Vidya Bhaskar Bhoir"									50	51	14	14	24	27	2011			"5747"		"NCP"	"1845"	76.974	48.379	84.662	80.814		68.189	65.073	88.987	78.251	78.174	80.265	76.204	79.442	83.191					68.6175		118		0	1	0	0	0	0	0	0	0	3	0	0	0	0	1	0	0	0	0	0	0	0	0	0	0	0	0	0	0	0	0	0	2	0	0	0	0	0	1	0	0	0	0	0	0	0	0	0	0	0	0	0	0	0	0	0	0	0	0	0	0	2	3	0	0	0	0	0	0	0	0	0	0	0	0	0	0	0	0	0	3	0	0	2007.0	217.0	"L"	0.85	1.0		1.0	"G"	1	0.0		0.98039216	1.0	0.98876405				11.25	2.8379933264296398	0.0	0.0	0.0	0.0	0.0	0.3125	0.3125	0.0	0.0	0.0	0.0	0.0625	0.1875	0.0	0.0	0.125	0.0	16.0	"SS"	5	1.0	0.0	0.0	1.0	1.0	0.85
164		"IND"	"Male"	"Vijay Pandharinath Tandel"	39	"F.Y.B.Com (Appeared)"		"Yes"	0		5258361.0		59	70	16	20	0	0	2013			"5614"		"NCP"	"167"	59.981	51.99	58.709	75.513	67.84	73.088	79.891	92.506	82.82	48.589	46.012	49.6	57.691	62.383	9.1	17.7	41.013332	53.2575	54.265	73.5475			0	3	0	0	0	0	0	0	1	1	0	0	4	0	0	1	0	0	0	0	0	0	0	0	0	0	0	1	0	1	0	1		2	0	0	0	0	0	0	0	0	0	0	0	0	0	0	0	0	0	0	0	0	0	0	1	0	0	0	0	0	0	0	0	0	0	0	0	0	0	0	0	0	0	0	0	0	0	0	0	0	0	2012.0	218.0	"L"	0.85	0.0	"G"	0.0	"G"	1	0.0	0.0	0.8428571	0.8	0.8333333	0.8763935	1.0	1.0	15.0	4.357449026876738	0.25	0.0	0.0	0.125	0.0625	0.0	0.375	0.0	0.0	0.0	0.0625	0.0	0.0	0.0	0.0625	0.0625	0.0	16.0	"_Other"	6	0.0	0.0	0.0	1.0	0.0	0.0
164		"IND"	"Male"	"Vijay Pandharinath Tandel"	40	"F.Y.B.Com (Appeared)"		"Yes"	0		1.1754E7		54	65	18	18	0	0	2014							52.851	60.041	50.043	71.396	58.258	75.619	79.257	88.969	89.703	52.298	55.171	60.254	80.352	57.974	36.1	57.0	63.63	62.7125	53.7175	68.4075			0	2	0	0	0	1	0	0	0	1	0	0	6	0	0	0	1	0	0	0	0	2	0	0	0	0	0	1	0	0	1	0		0	0	0	0	0	0	0	0	0	0	0	0	0	0	0	0	0	0	0	0	2	0	0	0	0	0	0	0	0	0	0	0	0	0	0	0	0	0	1	0	0	0	0	0	0	0	0	0	0	0	2012.0	218.0	"L"	0.85	0.0	"G"	0.0	"G"	1	0.0	0.0	0.83076924	1.0	0.8674699	0.9795	1.0	1.0	13.0	3.2234432234432235	0.33333334	0.0	0.0	0.0	0.0	0.0	0.22222222	0.0	0.0	0.0	0.055555556	0.0	0.0	0.055555556	0.055555556	0.0	0.2777778	18.0	"_Other"	6	0.0	0.0	0.0	1.0	0.0	0.0
164		"IND"	"Male"	"Vijay Pandharinath Tandel"	41	"F.Y.B.Com (Appeared)"		"Yes"	0		5104000.0		56	79	15	19	0	0	2015							62.525	67.177	78.399	77.014	54.948	67.531	72.699	83.706	76.582	64.552	62.064	73.159	79.947	68.66	55.5	94.1	83.12334	81.97	80.83	73.7025			0	4	0	0	0	0	0	0	0	0	0	0	0	0	1	0	0	0	0	0	0	0	0	0	0	0	0	0	0	1	0	0	3	0	0	0	0	0	0	0	0	0	0	0	0	0	0	0	0	0	0	0	0	0	0	0	0	0	0	0	0	0	0	0	0	0	0	0	0	0	0	0	0	0	0	0	0	1	0	0	0	0	0	2012.0	218.0	"L"	0.85	0.0	"G"	0.0	"G"	1	0.0	0.0	0.70886075	0.7894737	0.7244898	0.85066664	1.0	1.0	13.2	5.9503226591988305	0.0	0.1	0.0	0.0	0.0	0.0	0.5	0.0	0.0	0.0	0.1	0.0	0.0	0.0	0.0	0.3	0.0	10.0	"_Other"	6	0.0	0.0	0.0	1.0	0.0	0.0
164		"IND"	"Male"	"Vijay Pandharinath Tandel"	42	"F.Y.B.Com (Appeared)"		"Yes"	0		6685270.5		56	74	15	17	0	0	2016							55.43	57.144	49.816	62.382	62.186	55.812	60.092	70.373	61.237	53.339	62.087	65.892	69.994	57.244	79.0	90.5	62.22333	60.5425	92.5925	69.1175			0	3	0	0	0	0	0	0	0	0	0	0	0	0	1	0	1	0	0	0	0	0	0	0	0	1	0	1	0	0	1	0	4	0	0	0	0	0	0	0	0	0	0	0	0	0	0	0	0	0	0	0	0	0	0	0	0	0	0	0	0	0	1	0	0	1	0	0	0	0	0	0	0	0	0	0	0	0	0	0	0	0	0	2012.0	218.0	"L"	0.85	0.0	"G"	0.0	"G"	1	0.0	0.0	0.7567568	0.88235295	0.7802198	0.5571059	1.0	1.0	14.0	4.941293642450064	0.0	0.0	0.0	0.0	0.0	0.071428575	0.35714287	0.0	0.0	0.0	0.14285715	0.0	0.0	0.0	0.071428575	0.2857143	0.071428575	14.0	"_Other"	6	0.0	0.0	0.0	1.0	0.0	0.0
164	"G"	"BJP"	"Male"	"Harish Krishna Bhandirge "	38	"HSC"		"Yes"	0		5026271.5		83	102	13	16	64	75	2018		29416	"7262"		"AIMIM"	"3659"	73.009	70.918	68.273	80.996		74.627	71.774	85.643	81.434	72.194	58.679	69.122	62.122	58.377	82.7	36.1	54.56	56.1875	79.165	65.6475		58.099	0	1	0	0	0	0	0	0	0	0	0	0	1	0	0	0	0	0	0	0	0	0	0	0	0	0	0	0	0	1	0	0		0	0	0	0	0	0	0	0	0	0	0	0	0	0	0	0	0	0	0	0	0	0	0	0	0	0	0	0	0	0	0	0	0	0	0	0	0	0	0	0	0	0	0	0	0	0	0	2	0	0	2017.0	219.0	"L"	0.85	0.0		0.0	"G"	1	0.0	0.0	0.8137255	0.8125	0.8791209	0.83771193	0.0	1.0	6.986	3.1250000000000004	0.2	0.0	0.0	0.0	0.0	0.0	0.2	0.0	0.0	0.0	0.2	0.0	0.4	0.0	0.0	0.0	0.0	5.0	"BJP"	1	0.0	0.0	0.0			0.0
165		"SS"	"Male"	"Mangesh Shridhar Satamkar "									38	51	15	17	55	60	2011			"6420"		"INC"	"3485"	82.075	73.825	77.259	84.011		81.834	79.665	84.591	74.14	71.205	73.832	75.686	74.138	76.594					74.5375		119		0	0	0	0	0	0	0	0	0	0	0	0	2	0	1	0	0	0	0	1	0	0	0	0	0	0	0	0	0	2	0	0	1	0	0	1	0	0	0	0	0	0	0	0	0	0	0	0	0	0	0	0	0	0	0	0	0	1	0	0	0	0	0	0	0	0	0	0	0	0	0	0	0	0	0	0	0	0	3	0	1	0	0	2007.0	220.0	"F/N"	0.36	0.0		0.0			1.0		0.74509805	0.88235295	0.8780488				10.153846153846153	2.5510204081632653	0.15384616	0.0	0.0	0.30769232	0.07692308	0.0	0.07692308	0.0	0.0	0.07692308	0.15384616	0.0	0.07692308	0.0	0.0	0.07692308	0.0	13.0	"SS"	5	1.0	0.0	0.0	1.0	0.0	0.0
165	"W"	"SS"	"Female"	"Pranita Prakash Waghdhare"	49	"Upto SSC"		"Yes"	0		6000001.0		66	70	16	17	16	19	2013			"8745"		"MNS"	"5103"	69.971	73.181	71.857	74.635	69.25	77.12	74.294	74.779	76.174	60.461	63.677	61.15	67.416	65.892	31.2	43.3	61.446667	70.065	77.7225	61.355			0	0	0	0	0	0	0	0	0	0	0	0	0	0	0	0	0	0	0	0	0	0	0	0	0	0	0	1	0	1	0	0		0	0	0	0	0	0	0	0	0	0	0	0	0	0	0	0	0	0	0	0	0	0	0	0	0	0	0	0	0	0	0	0	0	0	0	0	0	0	0	0	0	0	0	0	0	0	0	0	0	0	2012.0	221.0	"F/N"	0.36	1.0	"W"	1.0	"G"	1	0.0	0.0	0.94285715	0.9411765	0.9514563	1.0000001	0.0	1.0	8.0	2.6617480136208855	0.0	0.0	0.0	0.0	0.0	0.0	0.0	0.0	0.0	0.0	0.5	0.0	0.0	0.0	0.5	0.0	0.0	2.0	"SS"	5	1.0	0.0	0.0	1.0	1.0	0.36
165	"W"	"SS"	"Female"	"Pranita Prakash Waghdhare"	50	"Upto SSC"		"Yes"	0		1.2E7		64	65	15	15	13	14	2014							53.402	57.382	55.347	54.861	49.999	65.383	70.743	72.408	75.8	55.389	54.579	51.484	56.785	56.804	43.6	44.8	53.33	62.73	70.975	64.4925			0	0	0	0	0	0	0	0	0	0	1	0	0	0	0	0	1	0	0	0	0	0	0	0	0	0	0	0	0	0	2	0		0	0	0	0	0	0	0	0	0	0	0	0	0	0	0	0	0	0	0	0	0	0	0	0	0	0	0	0	0	1	0	0	0	0	0	0	0	0	0	0	0	0	0	0	0	0	0	0	0	0	2012.0	221.0	"F/N"	0.36	1.0	"W"	1.0	"G"	1	0.0	0.0	0.9846154	1.0	0.9892473	1.0	0.0	1.0	14.0	0.8159564823209429	0.0	0.0	0.0	0.0	0.0	0.2	0.2	0.0	0.2	0.0	0.4	0.0	0.0	0.0	0.0	0.0	0.0	5.0	"SS"	5	1.0	0.0	0.0	1.0	1.0	0.36
165	"W"	"SS"	"Female"	"Pranita Prakash Waghdhare"	51	"Upto SSC"		"Yes"	0		3477000.0		59	79	17	17	23	35	2015							60.12	51.168	42.884	69.542	47.576	73.517	80.923	81.569	67.194	46.143	44.062	36.587	47.812	53.912	23.5	31.3	71.39667	65.2575	73.335	62.11			0	0	0	0	0	0	0	0	0	0	0	0	0	0	0	0	0	0	0	0	0	0	0	0	0	3	0	0	0	0	0	1		0	0	1	0	0	0	0	0	0	0	0	0	0	0	0	0	0	0	0	0	0	0	0	0	0	0	0	0	0	0	0	0	0	0	0	0	0	0	0	0	0	0	0	0	0	0	0	0	0	0	2012.0	221.0	"F/N"	0.36	1.0	"W"	1.0	"G"	1	0.0	0.0	0.7468355	1.0	0.8319328	0.5795	0.0	1.0	11.6	0.975	0.0	0.0	0.0	0.2	0.0	0.0	0.0	0.0	0.0	0.0	0.6	0.0	0.0	0.0	0.0	0.2	0.0	5.0	"SS"	5	1.0	0.0	0.0	1.0	1.0	0.36
165	"W"	"SS"	"Female"	"Pranita Prakash Waghdhare"	52	"Upto SSC"		"Yes"	0		7307304.0		66	74	14	15	40	44	2016							87.079	82.709	83.21	88.758	86.422	89.999	89.561	90.51	88.904	81.541	81.103	83.731	86.724	83.95	7.3	38.7	75.91	83.645	83.7675	86.945			0	0	0	0	0	0	1	0	1	0	0	0	0	0	0	0	0	0	0	0	0	0	0	0	0	0	0	1	0	0	0	0		0	0	3	0	0	0	0	0	0	0	0	0	0	0	0	0	0	0	0	0	0	0	0	0	0	0	0	0	0	1	0	0	0	0	0	0	0	0	0	0	0	0	0	0	0	0	0	0	0	0	2012.0	221.0	"F/N"	0.36	1.0	"W"	1.0	"G"	1	0.0	0.0	0.8918919	0.93333334	0.9302326	0.608942	0.0	1.0	13.714285714285715	3.8031045751633985	0.0	0.0	0.0	0.42857143	0.0	0.14285715	0.2857143	0.0	0.0	0.0	0.0	0.0	0.0	0.0	0.14285715	0.0	0.0	7.0	"SS"	5	1.0	0.0	0.0	1.0	1.0	0.36
165	"G"	"INC"	"Male"	"Mohammed Ashraf Mohammed Aslam Azmi"	54	"SSC"		"Yes"	1		5347913.5		83	102	9	16	37	37	2018	1	23789	"6268"		"BJP"	"2837"	56.946	58.054	63.353	63.232		63.175	67.93	68.569	63.871	47.212	55.298	51.84	63.697	52.599	10.4	15.4	55.266666	76.255	50.22	70.785		54.469	0	4	0	0	0	0	0	0	0	0	1	0	1	0	0	0	5	0	0	0	0	0	0	0	0	0	0	0	0	3	1	0		0	0	0	0	0	0	0	0	0	0	0	0	0	0	1	0	0	0	2	0	0	0	0	0	0	1	0	0	1	0	0	1	0	0	0	0	0	0	0	0	0	0	0	0	1	0	0	5	0	0	2017.0	222.0	"L"	0.85	0.0		0.0	"G"	1	0.0	1.0	0.8137255	0.5625	0.83225805	0.8913189	0.0	1.0	14.038666666666668	4.244060475161987	0.037037037	0.037037037	0.0	0.0	0.0	0.074074075	0.33333334	0.0	0.037037037	0.037037037	0.14814815	0.11111111	0.18518518	0.0	0.0	0.0	0.0	27.0	"INC"	2	0.0	0.0	0.0			0.0
166		"INC"	"Male"	"Ravi Kondu Raja"									34	51	8	17	34	49	2011			"7664"		"SS"	"198"	81.443	79.585	82.012	81.303		80.805	81.162	81.043	78.715	78.061	79.936	79.698	78.445	82.33					55.405		124		0	0	0	0	0	0	0	0	0	0	0	0	1	0	0	0	0	0	0	0	0	0	0	0	0	0	0	0	0	0	1	0	1	0	0	0	0	0	0	0	0	0	0	0	0	0	0	0	0	0	0	0	0	0	0	0	0	1	0	0	0	0	0	0	0	0	0	0	0	0	0	0	0	0	0	0	0	0	0	0	0	6	2	2007.0	223.0	"F/N"	0.36	0.0		0.0			1.0		0.6666667	0.47058824	0.74509805				9.0	1.5782312925170068	0.083333336	0.0	0.0	0.0	0.083333336	0.0	0.0	0.0	0.0	0.0	0.083333336	0.0	0.0	0.0	0.6666667	0.083333336	0.0	12.0	"INC"	2	0.0	0.0	0.0	1.0	0.0	0.0
166	"W"	"INC"	"Female"	"Lalita Kachru Yadav"	36	"Seventh"		"Yes"	0		5993500.0		64	70	15	17	13	18	2013			"8268"		"SS"	"1503"	72.865	69.198	59.675	70.646	59.544	65.074	71.432	68.13	68.171	61.387	66.197	62.91	67.203	64.072	49.8	74.0	68.71667	68.605	54.4625	74.2275			0	0	0	0	0	0	0	0	0	0	0	0	0	0	0	0	0	0	0	0	0	0	0	0	0	0	0	2	0	4	0	0		0	0	0	0	0	0	0	0	0	0	0	0	0	0	0	0	0	0	0	0	0	0	0	0	0	0	0	0	0	0	1	0	0	0	0	0	0	0	0	0	0	0	0	0	0	0	0	1	0	0	2012.0	224.0	"F/N"	0.36	1.0	"OBC-W"	1.0	"OBC"	2	1.0	0.0	0.9142857	0.88235295	0.92	0.9989167	0.0	1.0	12.5	2.8603859250851307	0.0	0.0	0.0	0.0	0.0	0.125	0.0	0.0	0.0	0.0	0.5	0.0	0.125	0.0	0.25	0.0	0.0	8.0	"INC"	2	0.0	0.0	0.0	1.0	1.0	0.36
166	"W"	"INC"	"Female"	"Lalita Kachru Yadav"	37	"Seventh"		"Yes"	0		1.1994E7		63	65	11	15	13	17	2014							67.3	66.704	65.986	68.28	63.409	72.228	77.139	76.742	78.257	59.904	63.306	64.536	67.395	65.32	10.6	18.8	56.406666	66.705	61.945	63.18			0	2	0	0	0	0	1	0	0	0	0	0	0	0	0	0	0	1	0	0	0	0	0	0	0	0	0	0	0	2	1	2	1	0	0	0	0	0	0	0	0	0	0	0	0	0	0	0	0	0	0	0	0	0	0	0	0	0	0	0	0	0	1	1	0	0	0	0	0	0	0	0	0	0	0	0	0	0	0	0	3	0	0	2012.0	224.0	"F/N"	0.36	1.0	"OBC-W"	1.0	"OBC"	2	1.0	0.0	0.9692308	0.73333335	0.9354839	0.9995	0.0	1.0	14.0	3.033599824170994	0.0	0.0	0.0	0.0	0.0	0.13333334	0.2	0.06666667	0.0	0.0	0.2	0.0	0.2	0.0	0.0	0.2	0.0	15.0	"INC"	2	0.0	0.0	0.0	1.0	1.0	0.36
166	"W"	"INC"	"Female"	"Lalita Kachru Yadav"	38	"Seventh"		"Yes"	0		4994000.0		72	79	14	17	17	24	2015							59.506	51.071	59.078	73.619	49.568	74.286	74.518	81.144	74.411	50.833	45.655	40.987	67.075	63.947	17.8	58.9	68.736664	81.24	81.385	70.01			0	2	0	0	0	0	0	0	0	0	0	0	2	0	1	1	0	0	0	0	0	0	0	0	0	0	0	1	0	3	0	0	1	0	0	0	0	0	0	0	0	0	0	0	0	0	0	0	0	0	1	0	0	0	0	0	0	0	0	0	0	0	1	0	0	0	0	0	0	0	0	0	0	0	0	0	0	0	0	0	1	0	0	2012.0	224.0	"F/N"	0.36	1.0	"OBC-W"	1.0	"OBC"	2	1.0	0.0	0.9113924	0.8235294	0.91150445	0.8323333	0.0	1.0	15.0	4.475	0.14285715	0.0	0.0	0.0	0.0	0.071428575	0.35714287	0.0	0.0	0.0	0.21428572	0.0	0.071428575	0.0	0.071428575	0.071428575	0.0	14.0	"INC"	2	0.0	0.0	0.0	1.0	1.0	0.36
166	"W"	"INC"	"Female"	"Lalita Kachru Yadav"	39	"Seventh"		"Yes"	0		5827727.0		71	74	13	15	22	35	2016							68.851	62.017	67.888	75.228	67.18	73.618	73.139	74.278	72.56	65.136	60.762	58.747	66.195	68.287	56.2	59.0	49.213333	71.9025	68.5725	64.2925			0	2	0	0	0	0	0	0	0	0	1	0	0	0	1	0	0	0	0	0	0	0	0	0	0	0	0	1	0	1	2	0	1	0	0	0	0	0	0	0	0	0	0	0	0	0	0	0	0	0	0	0	0	0	0	0	0	0	0	0	0	1	3	0	0	0	0	0	0	0	0	0	0	0	0	0	0	1	0	0	0	0	0	2012.0	224.0	"F/N"	0.36	1.0	"OBC-W"	1.0	"OBC"	2	1.0	0.0	0.9594595	0.8666667	0.954955	0.48564392	0.0	1.0	12.428571428571429	4.595588235294118	0.0	0.071428575	0.0	0.0	0.0	0.2857143	0.21428572	0.0	0.071428575	0.0	0.21428572	0.0	0.0	0.0	0.071428575	0.071428575	0.0	14.0	"INC"	2	0.0	0.0	0.0	1.0	1.0	0.36
166	"G"	"MNS"	"Male"	"Sanjay Ramchandra Turde  "	52	"SSC"		"Yes"	0		5212137.5		70	102	10	16	16	33	2018		24337	"5908"		"BJP"	"756"	49.892	52.356	59.233	63.318		46.615	60.643	66.964	53.586	55.036	43.439	56.499	69.899	31.025	0.0	6.6	54.59	83.5625	61.4125	54.1375		44.674	0	9	0	0	0	0	0	0	0	1	0	0	0	0	0	0	0	0	0	0	0	0	0	0	0	0	0	1	0	0	0	0		0	0	0	0	0	0	0	0	0	0	0	0	0	0	0	0	0	0	0	0	0	0	0	0	0	0	0	0	0	1	0	0	0	0	0	0	0	0	0	0	0	0	0	0	0	0	0	3	0	0	2017.0	225.0	"L"	0.85	0.0		0.0	"G"	1	0.0	0.0	0.6862745	0.625	0.7164179	0.8686896	0.0	1.0	8.4485	4.270158387329014	0.0	0.0	0.0	0.0	0.0	0.06666667	0.6666667	0.0	0.0	0.0	0.0	0.0	0.2	0.0	0.06666667	0.0	0.0	15.0	"MNS"	3	0.0	0.0	0.0			0.0
167		"INC"	"Male"	"Upendra Pitamberdas Doshi"									41	51	7	17	22	31	2011			"5033"		"IND"	"240"	77.311	72.661	72.264	74.679		78.092	75.914	74.989	67.334	62.423	60.845	62.743	68.991	62.434					61.5075		119		0	3	0	0	0	0	0	0	0	0	0	0	5	1	0	0	8	0	0	1	0	0	0	0	0	0	0	4	0	0	0	0		0	0	0	0	0	1	0	0	0	0	0	0	0	0	0	0	0	0	0	0	0	0	0	0	0	0	0	0	0	0	0	0	0	0	0	0	0	0	0	0	0	0	0	4	0	0	0	2	0	0	2007.0	226.0	"F/N"	0.36	0.0		0.0			1.0		0.8039216	0.4117647	0.7777778				14.068965517241379	3.4557823129251704	0.1724138	0.0	0.0	0.0	0.0	0.0	0.41379312	0.0	0.0	0.03448276	0.0	0.03448276	0.06896552	0.13793103	0.13793103	0.0	0.0	29.0	"INC"	2	0.0	0.0	0.0	1.0	0.0	0.0
167	"W"	"BJP"	"Female"	"Rajeshree Rajesh Shirwadkar"	35	"B.A.F.A"		"Yes"	0		5948738.0		66	70	13	17	14	19	2013			"8240"	"yes"	"Congress"	"1133"	70.872	65.502	67.798	71.507	69.452	70.929	73.358	86.806	81.47	56.176	64.449	59.503	66.671	62.177	4.2	26.2	49.73	75.1175	68.9275	67.5325			0	0	0	0	0	0	0	0	0	1	0	0	0	0	0	0	0	0	0	0	0	0	0	0	0	0	0	1	0	0	0	0		0	0	0	0	0	0	0	0	0	0	0	0	0	0	0	0	0	0	0	0	0	0	0	0	0	0	0	0	0	0	0	0	0	0	0	0	0	0	0	0	0	0	0	0	0	0	0	1	0	0	2012.0	227.0	"F/N"	0.36	1.0		1.0			1.0	0.0	0.94285715	0.7647059	0.9207921	0.99145633	1.0	1.0	15.0	1.4472190692395006	0.0	0.0	0.0	0.0	0.0	0.0	0.33333334	0.0	0.0	0.0	0.0	0.0	0.33333334	0.0	0.33333334	0.0	0.0	3.0	"BJP"	1	0.0	0.0	0.0	1.0	1.0	0.36
167	"W"	"BJP"	"Female"	"Rajeshree Rajesh Shirwadkar"	36	"B.A.F.A"		"Yes"	0		1.1834E7		62	65	13	15	13	14	2014							56.872	56.053	63.957	66.39	60.847	73.499	75.999	76.624	73.554	70.45	65.187	63.306	60.063	62.478	23.1	28.9	50.476665	63.66	63.8575	56.75			0	0	0	0	0	0	0	0	0	1	0	0	0	0	0	0	0	1	0	0	0	0	0	0	0	0	0	3	0	0	0	0		0	0	10	0	0	0	0	0	0	0	0	0	0	0	0	0	0	0	0	0	2	0	0	0	0	0	0	0	0	0	0	0	0	0	0	0	0	0	0	0	0	0	0	0	0	0	0	3	0	0	2012.0	227.0	"F/N"	0.36	1.0		1.0			1.0	0.0	0.95384616	0.8666667	0.94623655	0.98616666	1.0	1.0	11.399999999999999	5.213055303717136	0.0	0.0	0.0	0.5	0.0	0.0	0.05	0.05	0.0	0.0	0.0	0.0	0.15	0.0	0.15	0.0	0.1	20.0	"BJP"	1	0.0	0.0	0.0	1.0	1.0	0.36
167	"W"	"BJP"	"Female"	"Rajeshree Rajesh Shirwadkar"	37	"B.A.F.A"		"Yes"	0		1450000.0		74	79	10	17	21	29	2015							67.522	49.175	53.288	73.099	60.629	69.665	67.611	66.594	68.138	61.67	64.031	63.172	63.94	64.979	17.6	35.6	57.41	67.365	68.815	76.1575			0	0	0	0	0	0	0	0	1	1	0	0	1	0	0	0	0	2	0	0	0	0	0	0	0	0	0	0	0	2	0	0		0	0	2	0	0	0	0	0	0	0	0	0	0	0	0	0	0	0	0	0	0	0	0	0	0	0	0	0	0	0	0	0	0	0	0	0	0	0	0	0	0	0	0	0	0	0	0	6	0	0	2012.0	227.0	"F/N"	0.36	1.0		1.0			1.0	0.0	0.93670887	0.5882353	0.8974359	0.24166666	1.0	1.0	10.799999999999999	3.716666666666667	0.06666667	0.0	0.0	0.13333334	0.0	0.0	0.13333334	0.13333334	0.0	0.0	0.13333334	0.0	0.4	0.0	0.0	0.0	0.0	15.0	"BJP"	1	0.0	0.0	0.0	1.0	1.0	0.36
167	"W"	"BJP"	"Female"	"Rajeshree Rajesh Shirwadkar"	38	"B.A.F.A"		"Yes"	0		8705259.0		70	74	10	15	55	58	2016							53.379	35.287	51.366	52.271	45.408	70.904	74.825	80.673	75.392	31.576	37.276	49.785	59.667	43.147	36.0	50.6	57.296665	73.2575	70.9375	59.8325			0	0	0	0	0	0	0	0	0	0	1	0	1	0	2	0	0	1	0	0	0	0	0	0	0	0	0	0	0	0	0	0		0	0	1	0	0	0	0	0	0	0	0	0	0	0	0	0	0	0	0	0	0	0	0	1	3	0	0	0	0	0	0	0	0	0	0	0	0	0	0	0	0	0	0	0	0	0	0	10	0	0	2012.0	227.0	"F/N"	0.36	1.0		1.0			1.0	0.0	0.9459459	0.6666667	0.9375	0.72543824	1.0	1.0	6.0	1.772875816993464	0.05	0.0	0.0	0.05	0.2	0.0	0.1	0.05	0.05	0.0	0.0	0.0	0.5	0.0	0.0	0.0	0.0	20.0	"BJP"	1	0.0	0.0	0.0	1.0	1.0	0.36
167	"W"	"INC"	"Female"	"Dilshad Banu Mohamand Ashraf Azmi"	56	"Upto Fifth"		"Yes"	0		5079693.5		62	102	8	16	17	40	2018		22830	"8874"		"SP"	"4097"	44.643	35.431	31.483	55.837		60.77	75.459	76.612	68.643	46.662	44.554	65.308	73.988	44.976	23.9	21.2	68.08	69.61	77.83	72.335		48.04	0	0	0	0	0	0	0	0	0	0	0	0	0	0	0	0	0	0	0	0	0	0	0	0	0	0	0	1	0	0	1	0		0	0	1	0	0	0	0	0	0	0	0	0	0	0	0	0	0	0	0	0	0	0	0	0	0	0	0	0	1	0	0	0	0	0	0	0	0	0	0	0	0	0	0	0	0	0	0	0	0	0	2017.0	228.0	"L"	0.85	1.0		1.0	"G"	1	0.0	0.0	0.60784316	0.5	0.64444447	0.8466156	0.0	1.0	9.214	1.1609071274298057	0.0	0.0	0.0	0.25	0.0	0.25	0.0	0.0	0.0	0.0	0.25	0.0	0.0	0.0	0.25	0.0	0.0	4.0	"INC"	2	0.0	0.0	0.0			0.85
168	"W"	"INC"	"Female"	"Harvinder Kaur  Maniktala "									31	51	10	17	17	28	2011			"6841"		"BJP"	"1946"	78.499	72.418	72.948	73.462		74.042	73.49	71.656	70.921	69.669	67.11	67.277	72.538	64.642					61.9075		121		0	0	0	0	0	0	0	0	0	0	0	0	0	0	0	0	0	0	0	0	0	0	0	0	0	0	0	1	0	1	0	0		0	0	0	0	0	0	0	0	0	0	0	0	0	0	0	0	0	0	0	0	0	0	0	0	0	0	0	0	0	0	0	0	0	0	0	0	0	0	0	0	0	0	0	0	0	0	0	0	0	0	2007.0	229.0	"F/N"	0.36	1.0		1.0	"G"	1	0.0		0.60784316	0.5882353	0.68235296				8.0	2.727891156462585	0.0	0.0	0.0	0.0	0.0	0.0	0.0	0.0	0.0	0.0	0.5	0.0	0.0	0.0	0.5	0.0	0.0	2.0	"INC"	2	0.0	0.0	0.0	1.0	1.0	0.36
168		"BJP"	"Male"	"Selvan R. Tamil"	54	"HSC"		"Yes"	0		5281652.5		57	70	8	17	25	25	2013			"6936"		"Congress"	"1866"	66.751	68.155	68.781	67.753	70.955	67.427	67.804	70.832	71.849	65.822	67.398	67.629	70.821	68.409	9.7	10.8	40.976665	76.19	84.395	68.465			0	1	0	0	0	0	0	0	0	0	0	0	0	0	1	0	0	0	0	0	0	0	0	0	0	0	0	6	0	0	0	0		0	0	0	0	0	0	0	0	0	0	0	0	0	0	0	0	0	0	0	0	0	0	0	1	0	0	0	0	0	0	0	0	0	0	0	0	0	0	0	0	0	0	0	0	0	0	0	3	0	0	2012.0	230.0	"F/N"	0.36	0.0	"G"	0.0	"G"	1	0.0	0.0	0.8142857	0.47058824	0.8035714	0.8802754	0.0	1.0	14.0	2.561010215664018	0.0	0.0	0.0	0.0	0.083333336	0.0	0.16666667	0.0	0.0	0.0	0.0	0.0	0.25	0.0	0.5	0.0	0.0	12.0	"BJP"	1	0.0	0.0	0.0	1.0	0.0	0.0
168		"BJP"	"Male"	"Selvan R. Tamil"	55	"HSC"		"Yes"	0		1.148E7		55	65	8	15	14	22	2014							53.157	53.485	44.82	60.21	54.565	72.223	70.737	78.626	75.174	55.372	57.27	58.06	61.239	59.632	9.6	29.2	56.966667	65.5875	66.045	70.815			0	1	0	0	0	0	1	0	1	0	0	0	0	0	0	0	0	0	0	0	0	0	0	1	0	0	0	7	0	0	1	0		0	0	0	0	0	0	0	0	0	0	0	0	0	0	0	0	0	0	0	0	0	0	0	0	0	0	0	0	0	0	0	0	0	0	0	0	0	0	0	0	0	0	0	0	0	0	0	1	0	0	2012.0	230.0	"F/N"	0.36	0.0	"G"	0.0	"G"	1	0.0	0.0	0.84615386	0.53333336	0.81914896	0.95666665	0.0	1.0	12.153846153846153	7.025742465452349	0.0	0.0	0.0	0.0	0.0	0.0	0.23076923	0.0	0.0	0.0	0.15384616	0.0	0.07692308	0.0	0.53846157	0.0	0.0	13.0	"BJP"	1	0.0	0.0	0.0	1.0	0.0	0.0
168		"BJP"	"Male"	"Selvan R. Tamil"	56	"HSC"		"Yes"	0		3203000.0		33	79	3	17	18	41	2015							60.432	45.223	48.978	69.922	52.599	71.895	72.469	80.724	78.21	55.185	47.476	48.44	58.865	59.406	78.0	81.7	67.56333	73.4925	72.495	74.05			0	1	0	0	0	0	0	0	0	0	0	0	0	0	0	0	0	0	0	0	0	1	0	0	0	0	0	1	0	0	0	0		0	0	0	0	0	0	0	0	0	0	0	0	0	0	0	0	0	0	0	0	0	0	0	1	0	0	0	0	0	0	0	0	0	0	0	0	0	0	0	0	0	0	0	0	0	0	0	0	0	0	2012.0	230.0	"F/N"	0.36	0.0	"G"	0.0	"G"	1	0.0	0.0	0.4177215	0.1764706	0.47368422	0.5338333	0.0	1.0	11.5	3.8041666666666667	0.0	0.0	0.0	0.0	0.25	0.0	0.25	0.0	0.0	0.0	0.0	0.0	0.0	0.0	0.25	0.0	0.25	4.0	"BJP"	1	0.0	0.0	0.0	1.0	0.0	0.0
168		"BJP"	"Male"	"Selvan R. Tamil"	57	"HSC"		"Yes"	0		7662427.0		19	74	4	15	7	27	2016							64.254	54.574	63.41	79.886	63.617	76.599	77.437	87.036	82.868	61.811	56.176	60.53	64.474	67.358	28.7	46.8	64.183334	79.94	61.875	72.58			0	0	0	0	0	0	1	0	0	0	0	0	0	0	0	0	0	0	0	0	0	0	0	0	0	0	0	1	0	0	0	0		0	0	0	0	0	0	0	0	0	0	0	0	0	0	0	0	0	0	0	0	0	0	0	0	0	0	0	0	0	0	0	0	0	0	0	0	0	0	0	0	0	0	0	0	0	0	0	2	0	0	2012.0	230.0	"F/N"	0.36	0.0	"G"	0.0	"G"	1	0.0	0.0	0.25675675	0.26666668	0.3125	0.63853556	0.0	1.0	14.0	3.6315359477124183	0.0	0.0	0.0	0.0	0.0	0.0	0.25	0.0	0.0	0.0	0.0	0.0	0.5	0.0	0.25	0.0	0.0	4.0	"BJP"	1	0.0	0.0	0.0	1.0	0.0	0.0
168	"W"	"NCP"	"Female"	"Saeeda Arif Khan"	49	"M.D., DNB, D.A., MBBS"		"Yes"	0		5220950.5		77	102	11	16	32	45	2018		25368	"7896"		"SS"	"1583"	58.127	54.461	62.109	65.335		67.454	66.116	68.104	60.145	49.399	53.383	49.533	63.669	55.611	0.9	36.0	78.37	69.175	66.985	84.4125		49.91	0	1	0	0	0	0	1	0	0	1	0	0	4	0	0	0	0	7	0	0	0	1	0	2	0	2	0	3	0	11	0	3		0	0	1	0	1	0	0	0	0	0	0	0	0	0	0	0	0	0	0	0	3	0	5	11	6	0	0	0	12	46	4	0	0	1	0	0	0	0	0	0	0	0	0	0	0	0	1	1	0	0	2017.0	231.0	"L"	0.85	1.0		1.0	"G"	1	0.0	0.0	0.75490195	0.6875	0.8	0.87015843	1.0	1.0	13.748437500000001	1.7520382153211527	0.03125	0.0	0.0078125	0.0078125	0.171875	0.484375	0.0234375	0.0546875	0.0	0.0	0.1171875	0.0078125	0.0078125	0.0	0.0234375	0.0234375	0.0390625	128.0	"NCP"	4	0.0	0.0	0.0			0.85
169	"W"																		2011			"4339"		"INC"	"1122"	76.016	70.548	71.612	70.698		73.046	72.647	70.33	71.795	70.875	72.124	72.105	71.337	70.757					66.5975		164		0	0	0	0	0	0	0	0	0	0	0	0	0	0	0	0	0	0	0	0	0	0	0	0	0	0	0	0	0	0	0	0		0	0	0	0	0	0	0	0	0	0	0	0	0	0	0	0	0	0	0	0	0	0	0	0	0	0	0	0	0	0	0	0	0	0	0	0	0	0	0	0	0	0	0	0	0	0	0	0	0	0	2007.0	232.0	"F/N"	0.36	0.0		1.0	"G"	1	0.0																												"_Other"	6	0.0	0.0	0.0	1.0	1.0	0.36
169		"SS"	"Female"	"Shradha Shridhar Jadhav"	48	"HSC"		"Yes"	0		5749204.0		67	70	11	17	22	23	2013			"5742"		"Congress"	"305"	77.14	73.67	72.177	73.49	72.989	71.952	70.328	82.975	76.875	58.6	55.293	56.429	61.916	51.71	26.4	24.4	60.18	74.8675	76.575	64.1525			0	3	0	0	0	0	0	0	0	0	0	0	0	0	0	1	3	0	0	0	0	0	0	0	0	0	0	1	0	0	1	0	2	0	0	1	0	0	0	0	0	0	0	0	0	0	0	0	0	0	0	0	0	0	0	0	0	1	0	0	0	0	0	0	0	0	0	0	0	0	0	0	0	0	0	0	0	1	0	0	0	0	0	2012.0	233.0	"F/N"	0.36	1.0	"G"	0.0	"G"	1	0.0	0.0	0.95714283	0.64705884	0.9174312	0.9582007	0.0	1.0	15.285714285714286	3.7244608399545966	0.0	0.071428575	0.0	0.071428575	0.071428575	0.0	0.5	0.0	0.0	0.0	0.071428575	0.0	0.0	0.0	0.071428575	0.14285715	0.0	14.0	"SS"	5	1.0	0.0	0.0	1.0	0.0	0.0
169		"SS"	"Female"	"Shradha Shridhar Jadhav"	49	"HSC"		"Yes"	0		1.2E7		52	65	9	15	16	19	2014							52.802	57.703	44.786	51.984	48.18	62.427	73.986	71.934	68.305	51.078	54.714	56.387	51.574	43.43	5.5	6.9	43.77	52.8125	54.9325	58.7875			0	2	0	0	0	0	0	0	0	0	0	0	0	0	0	1	2	0	0	0	0	0	0	0	0	0	0	0	0	0	0	0		0	0	0	0	0	0	0	0	0	0	0	0	0	0	0	0	0	1	0	0	0	0	0	2	0	0	0	0	1	0	0	0	0	0	0	0	0	0	1	0	0	0	0	0	2	0	1	0	0	0	2012.0	233.0	"F/N"	0.36	1.0	"G"	0.0	"G"	1	0.0	0.0	0.8	0.6	0.8020833	1.0	0.0	1.0	11.76923076923077	0.9156844968268358	0.0	0.15384616	0.07692308	0.0	0.15384616	0.07692308	0.46153846	0.0	0.0	0.0	0.0	0.0	0.0	0.07692308	0.0	0.0	0.0	13.0	"SS"	5	1.0	0.0	0.0	1.0	0.0	0.0
169		"SS"	"Female"	"Shradha Shridhar Jadhav"	50	"HSC"		"Yes"	0		3088000.0		71	79	8	17	34	41	2015							78.365	44.508	71.007	83.76	70.076	79.529	84.163	88.034	86.41	38.812	41.677	50.305	73.104	71.673	0.0	2.3	70.27	90.19	91.6025	80.575			0	1	0	0	0	0	0	0	0	0	0	0	2	1	0	0	1	2	0	0	0	0	0	0	0	0	0	3	1	0	2	0		0	0	1	0	0	0	0	0	0	0	0	0	0	0	0	0	0	0	0	0	0	0	0	0	0	0	0	0	0	0	0	0	1	0	0	0	0	0	0	0	0	0	0	0	0	0	2	0	0	0	2012.0	233.0	"F/N"	0.36	1.0	"G"	0.0	"G"	1	0.0	0.0	0.89873415	0.47058824	0.86923075	0.5146667	0.0	1.0	15.529411764705882	4.175	0.11764706	0.0	0.11764706	0.05882353	0.0	0.0	0.1764706	0.11764706	0.0	0.0	0.11764706	0.0	0.0	0.0	0.1764706	0.0	0.11764706	17.0	"SS"	5	1.0	0.0	0.0	1.0	0.0	0.0
169		"SS"	"Female"	"Shradha Shridhar Jadhav"	51	"HSC"		"Yes"	0		5847927.5		72	74	1	15	26	30	2016	1						56.732	45.503	38.666	64.687	56.731	64.586	66.743	85.615	79.696	40.712	52.858	55.401	59.594	51.927	50.0	56.1	57.14	69.015	69.0825	66.8375			0	0	0	0	0	0	0	0	0	1	1	1	0	0	0	0	2	0	0	0	0	0	0	0	0	0	0	1	0	0	0	0		0	0	0	0	0	0	0	0	0	0	0	0	0	0	0	0	0	0	0	0	0	0	0	0	0	0	0	0	0	0	0	0	1	0	0	0	0	0	0	0	0	0	0	0	0	0	0	0	0	0	2012.0	233.0	"F/N"	0.36	1.0	"G"	0.0	"G"	1	0.0	0.0	0.972973	0.06666667	0.8608696	0.48732728	0.0	1.0	16.28571428571429	3.974673202614379	0.0	0.0	0.0	0.0	0.0	0.0	0.42857143	0.0	0.14285715	0.0	0.0	0.0	0.0	0.0	0.14285715	0.0	0.2857143	7.0	"SS"	5	1.0	0.0	0.0	1.0	0.0	0.0
169	"SC"	"SS"	"Female"	"Pravina Manish Morajkar"	49	"SSC"		"Yes"	0		5319942.5		96	102	15	16	13	16	2018		25574	"10299"		"BJP"	"4788"	55.136	50.454	65.208	62.46		63.712	71.032	62.001	65.042	51.239	48.689	53.052	57.776	48.218	53.6	53.4	59.56	62.4375	77.61	78.5025		50.703	0	0	0	0	0	0	0	0	0	0	0	0	0	0	0	0	1	0	0	0	0	0	0	0	0	0	0	2	0	1	1	1	1	0	0	0	0	0	0	0	0	0	0	0	0	0	0	0	0	0	0	0	0	0	0	0	0	0	0	0	0	1	2	0	0	0	0	0	0	0	0	0	0	0	0	0	0	0	0	0	4	0	0	2017.0	234.0	"L"	0.85	1.0		0.0	"SCST"	3	1.0	0.0	0.9411765	0.9375	0.9465649	0.88665706	0.0	1.0	12.107	2.978011759059275	0.0	0.0	0.0	0.0	0.0	0.21428572	0.071428575	0.0	0.0	0.0	0.14285715	0.0	0.2857143	0.0	0.14285715	0.14285715	0.0	14.0	"SS"	5	1.0	0.0	0.0			0.0
170		"NCP"	"Male"	"Niyaz Ahmed Vanu"									43	51	1	17	64	71	2011			"4964"		"INC"	"878"	70.371	63.387	63.166	67.768		64.985	65.379	70.538	61.432	61.586	64.469	61.459	61.913	65.969					56.87		121		0	0	0	0	0	0	0	0	0	0	0	0	2	0	1	0	0	0	0	0	0	0	0	0	0	0	0	3	0	0	0	0	1	0	0	0	0	1	0	0	0	0	0	0	0	0	0	0	0	0	0	0	0	0	0	0	1	0	0	0	0	0	0	0	0	1	0	0	0	0	0	0	0	0	0	0	0	0	0	0	2	1	0	2007.0	238.0	"F/N"	0.36	0.0		0.0			1.0		0.84313726	0.05882353	0.8181818				12.923076923076923	2.802721088435374	0.15384616	0.0	0.0	0.0	0.07692308	0.0	0.07692308	0.0	0.0	0.0	0.0	0.07692308	0.15384616	0.0	0.30769232	0.07692308	0.07692308	13.0	"NCP"	4	0.0	0.0	0.0	1.0	0.0	0.0
170	"W"	"SS"	"Female"	"Trushna Chandrakant Vishwasrao"	53	"Upto SSC"		"Yes"	0		5857700.0		70	70	15	17	77	85	2013			"7698"		"Congress"	"318"	68.738	65.842	64.634	68.654	63.713	66.292	67.467	70.859	72.61	50.612	55.433	54.176	57.542	54.078	28.1	30.0	55.116665	69.2675	67.39	72.785			0	1	0	0	0	0	1	0	0	0	1	0	1	0	0	0	1	0	0	0	0	0	0	0	0	0	0	5	0	2	0	0	1	4	0	0	0	0	2	0	0	0	0	0	0	0	0	0	0	0	0	0	0	0	0	0	1	1	0	0	0	0	1	0	0	0	0	0	0	0	0	1	0	0	0	0	0	1	0	0	0	0	0	2012.0	239.0	"F/N"	0.36	1.0	"W"	1.0	"G"	1	0.0	0.0	1.0	0.88235295	0.9878049	0.9762833	0.0	1.0	15.5	5.572077185017027	0.041666668	0.041666668	0.0	0.16666667	0.083333336	0.041666668	0.125	0.0	0.041666668	0.0	0.083333336	0.083333336	0.0	0.041666668	0.20833333	0.041666668	0.0	24.0	"SS"	5	1.0	0.0	0.0	1.0	1.0	0.36
170	"W"	"SS"	"Female"	"Trushna Chandrakant Vishwasrao"	54	"Upto SSC"		"Yes"	0		1.2E7		64	65	15	15	107	125	2014							59.11	58.115	58.454	60.302	58.683	73.967	74.783	80.377	74.831	53.629	57.685	57.528	61.997	60.266	12.7	18.2	57.076668	67.845	57.105	64.7075			1	5	0	1	0	0	0	0	0	0	1	0	0	0	0	0	1	1	0	0	0	1	0	0	0	0	0	1	0	0	1	0		1	0	0	0	0	0	0	0	0	0	0	0	0	0	0	0	0	0	0	0	0	0	0	0	0	0	0	0	0	0	0	0	0	0	0	0	0	0	0	0	0	0	0	0	0	0	0	3	0	0	2012.0	239.0	"F/N"	0.36	1.0	"W"	1.0	"G"	1	0.0	0.0	0.9846154	1.0	0.9946524	1.0	0.0	1.0	11.235294117647058	2.8819129646418857	0.0	0.0	0.0	0.05882353	0.0	0.0	0.4117647	0.05882353	0.05882353	0.0	0.05882353	0.0	0.1764706	0.0	0.05882353	0.0	0.11764706	17.0	"SS"	5	1.0	0.0	0.0	1.0	1.0	0.36
170	"W"	"SS"	"Female"	"Trushna Chandrakant Vishwasrao"	55	"Upto SSC"		"Yes"	0	1	3180000.0		79	79	8	17	154	168	2015							55.715	57.479	42.457	64.818	52.246	65.712	70.656	79.298	76.881	54.95	53.108	57.428	61.406	63.912	4.9	19.3	59.04	66.0775	67.1075	65.4175			1	1	0	0	0	0	2	0	0	3	0	3	8	1	0	0	4	2	0	0	0	1	0	1	0	0	0	2	0	0	0	0		0	0	0	0	0	0	0	0	0	0	0	0	0	0	0	0	0	0	0	0	0	0	0	1	0	0	0	0	0	0	4	0	0	0	0	0	0	0	1	0	0	0	0	1	0	1	2	2	0	0	2012.0	239.0	"F/N"	0.36	1.0	"W"	1.0	"G"	1	0.0	0.0	1.0	0.47058824	0.964	0.53	0.0	1.0	12.585365853658537	2.718452380952381	0.19512194	0.0	0.048780486	0.024390243	0.024390243	0.09756097	0.2682927	0.048780486	0.0	0.0	0.024390243	0.0	0.048780486	0.048780486	0.048780486	0.0	0.12195122	41.0	"SS"	5	1.0	0.0	0.0	1.0	1.0	0.36
170	"W"	"SS"	"Female"	"Trushna Chandrakant Vishwasrao"	56	"Upto SSC"		"Yes"	0	1	7942373.5		74	74	7	15	142	146	2016							92.823	92.992	91.264	93.618	90.513	92.06	92.465	92.773	91.961	89.703	88.472	90.569	91.598	91.01	3.6	57.2	90.096664	95.04	84.0075	88.97			1	2	0	0	0	0	0	0	0	5	0	1	2	0	0	0	4	2	0	0	0	0	0	0	0	0	0	1	1	1	1	0		0	0	0	0	0	0	0	0	0	0	0	0	0	0	0	0	1	0	0	0	0	0	0	0	0	0	1	0	0	1	1	0	0	0	0	0	0	0	0	0	1	0	0	0	0	0	0	1	1	0	2012.0	239.0	"F/N"	0.36	1.0	"W"	1.0	"G"	1	0.0	0.0	1.0	0.46666667	0.965368	0.66186446	0.0	1.0	14.785714285714285	3.0694444444444438	0.071428575	0.0	0.0	0.0	0.0	0.071428575	0.42857143	0.071428575	0.0	0.035714287	0.071428575	0.0	0.035714287	0.035714287	0.071428575	0.0	0.10714286	28.0	"SS"	5	1.0	0.0	0.0	1.0	1.0	0.36
170	"G"	"NCP"	"Male"	"Abdul Rashid(Kaptan) Mohammad Islam Malik"	58	"SSC"		"Yes"	1		4774858.5		93	102	12	16	36	38	2018	1	22282	"7348"		"SS"	"4134"	58.57	57.804	61.803	67.564		67.532	68.68	71.16	62.762	55.167	50.563	58.08	64.368	52.118	0.0	14.3	57.386665	67.3175	59.94	69.43		53.019	0	0	0	0	0	1	0	0	0	1	0	0	0	0	0	0	2	2	0	0	0	0	0	0	0	0	0	2	0	1	1	1		0	0	0	0	0	0	0	0	0	0	0	0	0	0	0	0	0	0	0	0	0	0	0	0	0	0	0	0	0	0	0	0	0	0	0	0	1	0	0	0	0	0	0	0	0	0	0	1	0	0	2017.0	240.0	"L"	0.85	0.0		0.0	"G"	1	0.0	1.0	0.9117647	0.75	0.91558444	0.79580975	0.0	1.0	13.66253846153846	2.5539956803455723	0.0	0.0	0.0	0.0	0.0	0.0	0.23076923	0.15384616	0.0	0.0	0.15384616	0.0	0.07692308	0.0	0.15384616	0.07692308	0.15384616	13.0	"NCP"	4	0.0	0.0	0.0			0.0
171	"W"	"SP"	"Female"	"Farida Abdul Alim Darji "									48	51	9	17	22	31	2011			"2719"		"INC"	"926"	74.355	70.12	70.574	74.592		70.6	69.614	72.123	71.403	70.838	69.699	70.569	70.451	70.974					54.5325		121		0	0	0	0	0	0	0	0	1	0	0	0	0	0	0	0	1	0	0	0	0	0	0	0	0	0	0	0	0	0	1	0	2	0	0	0	0	0	0	0	0	0	0	0	0	0	0	0	0	0	1	0	0	0	0	0	0	0	0	0	0	0	0	0	0	1	0	0	0	0	0	0	0	0	0	0	0	0	0	0	2	0	0	2007.0	241.0	"F/N"	0.36	1.0		1.0	"G"	1	0.0		0.9411765	0.5294118	0.87777776				16.0	1.4489795918367347	0.0	0.0	0.0	0.0	0.0	0.0	0.33333334	0.0	0.0	0.0	0.11111111	0.0	0.22222222	0.0	0.0	0.22222222	0.11111111	9.0	"_Other"	6	0.0	0.0	0.0	1.0	1.0	0.36
171		"BJP"	"Male"	"Mahant Ramnaresh Chaube"	52	"Ninth"		"Yes"	0		5967987.0		60	70	13	17	14	25	2013			"2303"		"NCP"	"180"	59.474	58.655	60.42	64.85	59.073	68.49	67.813	77.203	73.297	46.782	53.869	53.127	56.322	53.411	25.1	21.4	51.426666	61.1375	62.225	68.1275			0	0	0	0	0	0	0	0	0	0	0	0	0	0	0	0	0	0	0	0	0	0	0	0	0	0	0	1	0	0	1	0	1	0	0	0	0	0	0	0	0	0	0	0	0	0	0	0	0	0	0	0	0	0	0	0	0	0	0	0	0	0	0	0	0	0	0	0	0	0	0	0	0	0	0	0	0	0	0	0	0	0	0	2012.0	242.0	"F/N"	0.36	0.0	"G"	0.0	"G"	1	0.0	0.0	0.85714287	0.7647059	0.8613861	0.9946645	0.0	1.0	8.0	2.1282633371169126	0.0	0.0	0.0	0.0	0.0	0.0	0.0	0.0	0.0	0.0	0.33333334	0.0	0.0	0.0	0.33333334	0.33333334	0.0	3.0	"BJP"	1	0.0	0.0	0.0	1.0	0.0	0.0
171		"BJP"	"Male"	"Mahant Ramnaresh Chaube"	53	"Ninth"		"Yes"	0		1.1911E7		36	65	12	15	13	22	2014							63.404	65.111	55.664	62.824	61.275	69.698	69.991	76.614	72.791	58.202	57.453	55.478	58.994	57.276	12.6	17.2	51.873333	56.185	53.1825	56.3525			0	0	0	0	0	0	0	0	0	0	0	0	0	0	0	0	0	0	0	0	0	0	0	0	0	0	0	0	0	0	1	0		0	0	0	0	0	0	0	0	0	0	0	0	0	0	0	0	0	0	0	0	0	0	0	0	0	0	0	0	0	0	0	0	0	0	0	0	0	0	0	0	0	0	0	0	0	0	0	0	0	0	2012.0	242.0	"F/N"	0.36	0.0	"G"	0.0	"G"	1	0.0	0.0	0.5538462	0.8	0.65591395	0.99258333	0.0	1.0	8.0	0.13901480809912362	0.0	0.0	0.0	0.0	0.0	0.0	0.0	0.0	0.0	0.0	1.0	0.0	0.0	0.0	0.0	0.0	0.0	1.0	"BJP"	1	0.0	0.0	0.0	1.0	0.0	0.0
171		"BJP"	"Male"	"Mahant Ramnaresh Chaube"	54	"Ninth"		"Yes"	0	1	3224000.0		38	79	9	17	21	41	2015							32.305	30.842	21.512	60.885	50.363	41.693	56.954	81.057	81.437	31.569	28.712	41.633	51.635	30.78	91.4	94.3	56.613335	43.9875	57.3775	54.7375			0	0	0	0	0	0	0	0	0	0	1	0	0	0	0	0	0	0	0	0	0	0	0	0	0	0	0	1	0	1	0	0		0	0	0	0	0	0	0	0	0	0	0	0	0	0	0	0	0	0	0	0	0	0	0	0	0	0	0	0	0	0	0	0	0	0	0	0	0	0	0	0	0	0	0	0	0	0	0	0	0	0	2012.0	242.0	"F/N"	0.36	0.0	"G"	0.0	"G"	1	0.0	0.0	0.48101267	0.5294118	0.5811966	0.5373333	0.0	1.0	14.0	5.204166666666667	0.0	0.0	0.0	0.0	0.0	0.0	0.0	0.0	0.33333334	0.0	0.33333334	0.0	0.0	0.0	0.33333334	0.0	0.0	3.0	"BJP"	1	0.0	0.0	0.0	1.0	0.0	0.0
171		"BJP"	"Male"	"Mahant Ramnaresh Chaube"	55	"Ninth"		"Yes"	0	1	8150746.5		43	74	10	15	16	27	2016							67.137	60.134	63.908	68.424	65.36	67.785	71.233	70.137	69.083	64.391	63.209	61.762	65.887	67.776	4.6	9.8	55.99	77.7775	71.7125	67.49			0	0	0	0	0	0	1	0	0	0	1	0	0	0	0	0	0	0	0	0	0	0	0	0	0	0	0	1	0	0	0	0		0	0	0	0	0	0	0	0	0	0	0	0	0	0	0	0	0	0	0	0	0	0	0	0	0	0	0	0	0	0	0	0	0	0	0	0	0	0	0	0	0	0	0	0	0	0	0	0	0	0	2012.0	242.0	"F/N"	0.36	0.0	"G"	0.0	"G"	1	0.0	0.0	0.5810811	0.6666667	0.6571429	0.6792289	0.0	1.0	14.0	5.465686274509803	0.0	0.0	0.0	0.0	0.0	0.0	0.33333334	0.0	0.33333334	0.0	0.0	0.0	0.0	0.0	0.33333334	0.0	0.0	3.0	"BJP"	1	0.0	0.0	0.0	1.0	0.0	0.0
171	"OBC-W"	"SS"	"Female"	"Sanvee Vijay Tandel "	39	"HSC"		"Yes"	0		4764369.0		97	102	12	16	66	71	2018		28994	"7720"		"aiMIM"	"3292"	47.673	48.146	57.251	59.12		53.449	55.291	53.906	56.416	50.189	42.894	59.163	58.725	49.821	48.8	51.0	54.77667	68.155	49.6675	63.71		52.744	0	1	0	0	0	0	0	0	0	1	0	0	0	0	0	0	0	0	0	0	0	0	0	0	0	0	0	3	0	4	0	0	2	0	0	0	0	0	0	0	0	0	0	0	0	0	0	0	0	0	0	0	0	0	0	0	0	0	0	0	0	0	0	0	0	0	0	0	0	0	0	0	0	0	0	0	0	0	0	0	25	0	0	2017.0	243.0	"L"	0.85	1.0		1.0	"OBC"	2	1.0	0.0	0.95098037	0.75	0.95108694	0.7940615	0.0	1.0	12.7175	4.441021990967995	0.0	0.0	0.0	0.0	0.0	0.0	0.055555556	0.0	0.0	0.0	0.11111111	0.0	0.6944444	0.0	0.083333336	0.055555556	0.0	36.0	"SS"	5	1.0	0.0	0.0			0.85
172	"W"	"INC"	"Female"	"Presila Anil Kadam"									32	51	9	17	37	62	2011			"6374"		"IND"	"1159"	74.633	71.46	70.112	71.775		72.856	71.611	69.914	71.24	69.231	70.53	70.128	70.922	70.506					61.81		123		0	1	0	0	0	0	0	0	0	0	0	0	0	0	0	0	0	0	0	0	0	0	0	0	0	0	0	4	0	0	0	0	1	0	0	0	0	0	0	0	0	0	0	0	0	0	0	0	0	0	0	0	0	0	0	0	0	0	0	0	0	0	1	0	0	0	0	0	0	0	0	0	0	0	0	0	0	0	0	0	0	1	1	2007.0	244.0	"F/N"	0.36	1.0		1.0	"G"	1	0.0		0.627451	0.5294118	0.74285716				15.0	4.340136054421769	0.0	0.0	0.0	0.0	0.0	0.11111111	0.11111111	0.0	0.0	0.0	0.0	0.0	0.0	0.0	0.6666667	0.11111111	0.0	9.0	"INC"	2	0.0	0.0	0.0	1.0	1.0	0.36
172		"IND"	"Male"	"Manojkumar Martandrao Sansare"	45	"B.Sc (Electronics)"		"Yes"	4		5816662.0		44	70	10	17	0	0	2013	4		"9972"		"Congress"	"749"	65.564	68.388	68.234	72.298	70.184	73.843	74.151	78.223	72.979	61.14	62.13	60.519	63.379	64.869	15.0	22.6	64.83	73.5975	66.125	81.4125			0	0	0	0	0	0	0	0	0	0	0	0	0	0	0	0	0	0	0	0	0	1	0	0	0	0	0	1	0	0	0	0	1	0	0	0	0	0	0	0	0	0	0	0	0	0	0	0	0	0	0	0	0	0	0	0	0	0	0	0	0	0	1	0	0	0	0	0	0	0	0	0	0	0	0	0	0	0	0	0	0	0	0	2012.0	245.0	"F/N"	0.36	0.0	"SC"	0.0	"SCST"	3	1.0	1.0	0.62857145	0.5882353	0.62068963	0.9694437	1.0	1.0	13.5	2.1679909194097617	0.0	0.0	0.0	0.0	0.0	0.25	0.0	0.0	0.0	0.0	0.0	0.0	0.0	0.0	0.25	0.25	0.25	4.0	"_Other"	6	0.0	0.0	0.0	1.0	0.0	0.0
172		"IND"	"Male"	"Manojkumar Martandrao Sansare"	46	"B.Sc (Electronics)"		"Yes"	4		1.2E7		33	65	7	15	0	0	2014							61.812	63.211	57.151	62.455	64.311	72.496	69.172	79.676	71.247	56.929	59.553	55.806	59.651	55.668	11.8	22.0	55.896667	58.515	57.4725	59.2825			0	0	0	0	0	0	0	0	0	0	0	0	0	0	0	0	0	0	0	0	0	0	0	0	0	0	0	0	0	1	0	0		0	0	0	0	0	0	0	0	0	0	0	0	0	0	0	0	0	0	0	0	0	0	0	0	0	0	0	0	0	0	0	0	0	0	0	0	0	0	0	0	0	0	0	0	0	0	0	0	0	0	2012.0	245.0	"F/N"	0.36	0.0	"SC"	0.0	"SCST"	3	1.0	1.0	0.50769234	0.46666667	0.5	1.0	1.0	1.0	8.0	0.66787549108492	0.0	0.0	0.0	0.0	0.0	0.0	0.0	0.0	0.0	0.0	1.0	0.0	0.0	0.0	0.0	0.0	0.0	1.0	"_Other"	6	0.0	0.0	0.0	1.0	0.0	0.0
172		"IND"	"Male"	"Manojkumar Martandrao Sansare"	47	"B.Sc (Electronics)"		"Yes"	4		2836000.0		30	79	6	17	0	0	2015							66.552	47.832	39.93	69.22	67.495	72.348	78.091	81.197	79.723	55.809	47.654	59.274	66.331	60.752	11.7	88.4	70.183334	78.01	74.64	64.4775			0	0	0	0	0	0	0	0	0	0	0	0	0	0	0	0	0	0	0	0	0	0	0	0	0	0	0	0	0	1	0	0		0	0	0	0	0	0	0	0	0	0	0	0	0	0	0	0	0	0	0	0	0	0	0	0	0	0	0	0	0	0	0	0	0	0	0	0	0	0	0	0	0	0	0	0	0	0	0	0	0	0	2012.0	245.0	"F/N"	0.36	0.0	"SC"	0.0	"SCST"	3	1.0	1.0	0.37974682	0.3529412	0.375	0.47266668	1.0	1.0	8.0	1.4791666666666667	0.0	0.0	0.0	0.0	0.0	0.0	0.0	0.0	0.0	0.0	1.0	0.0	0.0	0.0	0.0	0.0	0.0	1.0	"_Other"	6	0.0	0.0	0.0	1.0	0.0	0.0
172		"IND"	"Male"	"Manojkumar Martandrao Sansare"	48	"B.Sc (Electronics)"		"Yes"	4		5104844.5		45	74	7	15	0	0	2016	4						88.987	85.937	85.244	91.167	85.428	89.144	91.72	89.845	88.062	81.565	80.081	79.298	85.152	86.408	0.0	39.1	66.666664	76.41	74.39	77.95			0	0	0	0	0	0	0	0	0	0	0	0	0	0	0	0	1	0	0	0	0	0	0	0	0	1	0	1	0	0	1	0		0	0	0	0	0	0	0	0	0	0	0	0	0	0	0	0	0	0	0	0	0	0	0	0	0	0	0	0	0	0	0	0	2	0	0	0	0	0	0	0	0	0	0	0	0	0	0	0	0	0	2012.0	245.0	"F/N"	0.36	0.0	"SC"	0.0	"SCST"	3	1.0	1.0	0.6081081	0.46666667	0.58426964	0.4254037	1.0	1.0	14.0	2.900326797385621	0.0	0.0	0.0	0.0	0.0	0.0	0.16666667	0.0	0.0	0.0	0.33333334	0.0	0.0	0.0	0.16666667	0.0	0.33333334	6.0	"_Other"	6	0.0	0.0	0.0	1.0	0.0	0.0
172	"G"	"BJP"	"Female"	"Rajeshree Rajesh Shirwadkar"	41	"Graduate"		"Yes"	1		5186319.0		83	102	11	19	153	174	2018	1	28525	"13731"		"Congress"	"9856"	76.275	84.757	89.517	89.215		86.464	88.557	90.667	88.416	86.198	85.264	81.513	81.277	77.647	84.6	69.3	77.39333	60.965	67.2175	56.365		73.778	0	1	0	0	0	0	0	0	0	0	1	0	0	0	0	0	0	0	0	0	0	0	0	0	0	0	0	0	0	0	0	0		0	0	1	0	0	0	0	0	0	0	0	0	0	0	0	0	0	0	0	0	0	0	0	0	0	0	1	0	0	0	0	0	0	0	0	0	0	0	1	0	0	0	0	0	0	1	0	0	0	0	2017.0	246.0	"F/N"	0.36	1.0		0.0	"G"	1	0.0	1.0	0.8137255	0.57894737	0.9014599	0.8643865	1.0	1.0	7.0515	3.078810180926096	0.0	0.0	0.0	0.33333334	0.0	0.0	0.16666667	0.0	0.16666667	0.16666667	0.0	0.0	0.0	0.16666667	0.0	0.0	0.0	6.0	"BJP"	1	0.0	0.0	0.0			0.0
173		"SS"	"Male"	"Hemant Umaji Doke"									28	51	7	17	5	15	2011			"3639"		"INC"	"241"	85.446	80.134	82.054	80.24		81.075	80.996	80.255	81.381	79.942	81.258	79.759	81.454	79.929					41.8875		134		0	0	0	0	0	0	0	0	0	0	0	0	0	0	0	0	0	0	0	0	0	0	0	0	0	0	0	1	0	0	0	0		0	0	0	0	0	0	0	0	0	0	0	0	0	0	0	0	0	0	0	0	0	0	0	0	0	0	0	0	0	0	0	0	0	0	0	0	0	0	0	0	0	0	0	0	0	0	0	0	0	0	2007.0	247.0	"F/N"	0.36	0.0		0.0			1.0		0.54901963	0.4117647	0.5479452				8.0	1.489795918367347	0.0	0.0	0.0	0.0	0.0	0.0	0.0	0.0	0.0	0.0	0.0	0.0	0.0	0.0	1.0	0.0	0.0	1.0	"SS"	5	1.0	0.0	0.0	1.0	0.0	0.0
173	"W"	"SS"	"Female"	"Alka Hemant Doke"	54	"SSC"		"Yes"	0		5931151.5		66	70	17	17	22	25	2013			"7060"		"NCP"	"2041"	42.985	44.926	48.311	54.83	43.659	50.768	55.802	60.205	56.169	37.983	43.481	47.476	47.598	50.091	62.0	61.7	66.386665	41.715	34.06	43.415			0	0	0	0	0	0	0	0	0	0	0	0	0	0	0	0	0	0	0	0	0	0	0	0	0	0	0	0	0	0	0	0		0	0	0	0	0	0	0	0	0	0	0	0	0	0	0	0	0	0	0	0	0	0	0	0	0	0	0	0	0	0	0	0	0	0	0	0	0	0	0	0	0	0	0	0	0	0	0	0	0	0	2012.0	248.0	"F/N"	0.36	1.0	"OBC-W"	1.0	"OBC"	2	1.0	0.0	0.94285715	1.0	0.96330273	0.9885253	0.0	1.0	0.0	0.0																		0.0	"SS"	5	1.0	0.0	0.0	1.0	1.0	0.36
173	"W"	"SS"	"Female"	"Alka Hemant Doke"	55	"SSC"		"Yes"	0		1.1657E7		52	65	14	15	14	22	2014							59.503	63.737	62.782	68.098	55.618	68.603	69.14	76.892	71.577	56.816	61.5	58.346	59.171	58.602	24.2	26.6	58.65	59.655	56.58	63.79			0	0	0	0	0	0	0	0	0	0	0	0	0	0	0	0	0	0	0	0	0	0	0	0	0	0	0	0	0	1	1	0		0	0	0	0	0	0	0	0	0	0	0	0	0	0	0	0	0	0	0	0	0	0	0	0	0	0	0	0	0	0	0	0	0	0	0	0	0	0	0	0	0	0	0	0	0	0	0	0	0	0	2012.0	248.0	"F/N"	0.36	1.0	"OBC-W"	1.0	"OBC"	2	1.0	0.0	0.8	0.93333334	0.85106385	0.97141665	0.0	1.0	8.0	0.8068902991840435	0.0	0.0	0.0	0.0	0.0	0.0	0.0	0.0	0.0	0.0	1.0	0.0	0.0	0.0	0.0	0.0	0.0	2.0	"SS"	5	1.0	0.0	0.0	1.0	1.0	0.36
173	"W"	"SS"	"Female"	"Alka Hemant Doke"	56	"SSC"		"Yes"	0		3069000.0		74	79	16	17	36	41	2015							55.276	51.61	41.489	64.397	70.747	63.917	61.572	78.351	79.238	55.744	48.433	51.78	58.107	61.685	2.8	1.4	66.94	65.34	68.7025	60.1125			0	0	0	0	0	0	0	0	0	0	0	0	0	0	0	0	0	0	0	0	0	0	0	0	0	0	0	0	0	0	0	0		0	0	0	0	0	0	0	0	0	0	0	0	0	0	0	0	0	0	0	0	0	0	0	1	0	0	0	0	0	0	0	1	0	0	0	0	0	0	0	0	0	0	0	0	0	0	0	0	0	0	2012.0	248.0	"F/N"	0.36	1.0	"OBC-W"	1.0	"OBC"	2	1.0	0.0	0.93670887	0.9411765	0.95454544	0.5115	0.0	1.0	6.0	0.09999999999999999	0.0	0.0	0.0	0.0	0.5	0.5	0.0	0.0	0.0	0.0	0.0	0.0	0.0	0.0	0.0	0.0	0.0	2.0	"SS"	5	1.0	0.0	0.0	1.0	1.0	0.36
173	"W"	"SS"	"Female"	"Alka Hemant Doke"	57	"SSC"		"Yes"	0		6849177.5		68	74	14	15	25	27	2016							76.741	67.931	78.155	81.841	67.029	80.428	82.82	85.659	82.605	64.239	68.15	71.74	77.284	77.173	98.9	100.0	75.0	86.4175	95.835	83.9675			0	0	0	0	0	0	0	0	0	0	0	0	0	0	0	0	0	0	0	0	0	0	0	0	0	0	0	1	0	1	0	0	1	0	0	0	0	0	0	0	0	0	0	0	0	0	0	0	0	0	0	0	0	0	0	0	0	0	0	0	0	0	0	0	0	0	0	0	0	0	0	0	0	0	0	0	0	0	0	0	0	0	0	2012.0	248.0	"F/N"	0.36	1.0	"OBC-W"	1.0	"OBC"	2	1.0	0.0	0.9189189	0.93333334	0.9385965	0.5707648	0.0	1.0	8.0	3.5416666666666665	0.0	0.0	0.0	0.0	0.0	0.0	0.0	0.0	0.0	0.0	0.33333334	0.0	0.0	0.0	0.33333334	0.33333334	0.0	3.0	"SS"	5	1.0	0.0	0.0	1.0	1.0	0.36
173	"SC"	"SS"		"Prahlad Amba Tombre"															2018			"6492"		"BJP"	"3507"	49.639	37.828	42.072	49.115		47.45	47.569	55.136	52.901	31.781	37.137	46.649	50.266	33.049	76.3	85.5	93.53	58.44	52.82	79.995		35.458	0	0	0	0	0	0	0	0	0	0	0	0	0	0	0	0	0	0	0	0	0	0	0	0	0	0	0	0	0	0	0	0		0	0	0	0	0	0	0	0	0	0	0	0	0	0	0	0	0	0	0	0	0	0	0	0	0	0	0	0	0	0	0	0	0	0	0	0	0	0	0	0	0	0	0	0	0	0	0	0	0	0	2017.0	249.0			0.0		0.0	"SCST"	3	1.0																												"SS"	5	1.0	0.0	0.0			
174		"INC"	"Male"	"Raghunath Dharma Thawai "									45	51	12	17	11	15	2011			"6964"		"BJP"	"1417"	76.345	74.605	75.843	77.381		75.793	76.226	77.565	76.927	78.309	76.774	76.387	76.923	76.29					75.61		122		0	0	0	0	0	0	0	0	1	1	0	0	0	0	0	0	0	0	0	0	0	0	0	0	0	0	0	5	0	0	0	0		0	0	0	0	0	0	0	0	0	0	0	0	0	0	0	0	0	0	0	0	0	0	0	1	0	0	0	0	0	0	0	0	0	0	0	0	0	0	0	0	0	0	0	0	0	0	0	9	0	0	2007.0	250.0	"F/N"	0.36	0.0		0.0			1.0		0.88235295	0.7058824	0.8607595				13.411764705882351	1.7551020408163267	0.0	0.0	0.0	0.0	0.05882353	0.0	0.11764706	0.0	0.0	0.0	0.0	0.0	0.5294118	0.0	0.29411766	0.0	0.0	17.0	"INC"	2	0.0	0.0	0.0	1.0	0.0	0.0
174	"W"	"INC"	"Female"	"Nayna Manhar Sheth"	60	"SSC"		"Yes"	0		5634310.0		65	70	15	17	35	37	2013			"6262"		"BJP"	"528"	69.617	69.774	71.375	74.85	67.764	71.641	75.324	78.526	77.439	62.792	64.487	67.316	69.02	66.652	11.7	15.9	53.426666	65.205	67.5975	59.03			0	0	0	0	0	0	0	0	0	2	0	0	1	0	0	0	0	0	0	0	0	1	0	0	0	0	0	0	0	2	0	0		1	0	0	0	0	0	0	0	0	0	0	0	0	0	0	0	0	0	0	0	0	0	0	0	0	0	0	0	0	0	0	0	0	0	0	0	0	0	0	0	0	0	0	0	0	0	0	0	0	0	2012.0	251.0	"F/N"	0.36	1.0	"W"	1.0	"G"	1	0.0	0.0	0.9285714	0.88235295	0.94262296	0.9390517	0.0	1.0	14.285714285714286	1.583427922814983	0.14285715	0.0	0.0	0.14285715	0.0	0.0	0.2857143	0.0	0.0	0.0	0.2857143	0.0	0.0	0.0	0.0	0.0	0.14285715	7.0	"INC"	2	0.0	0.0	0.0	1.0	1.0	0.36
174	"W"	"INC"	"Female"	"Nayna Manhar Sheth"	61	"SSC"		"Yes"	0		1.1482E7		51	65	13	15	18	32	2014							66.009	55.418	68.707	69.76	47.403	72.004	78.607	73.688	68.935	58.823	67.094	62.871	65.615	60.801	3.8	6.7	48.033333	49.515	45.985	61.7125			0	0	0	0	0	0	0	0	0	5	0	0	0	0	0	0	0	0	0	0	0	0	0	0	0	0	0	0	0	1	0	0		0	0	0	0	1	0	0	0	0	0	0	0	0	0	0	0	0	0	0	0	0	0	0	1	0	0	0	0	0	0	0	0	0	0	0	0	0	0	0	0	0	0	0	0	0	0	0	4	0	0	2012.0	251.0	"F/N"	0.36	1.0	"W"	1.0	"G"	1	0.0	0.0	0.7846154	0.8666667	0.8367347	0.95683336	0.0	1.0	10.5	0.818978543366576	0.0	0.0	0.0	0.0	0.083333336	0.0	0.41666666	0.0	0.0	0.0	0.083333336	0.083333336	0.33333334	0.0	0.0	0.0	0.0	12.0	"INC"	2	0.0	0.0	0.0	1.0	1.0	0.36
174	"W"	"INC"	"Female"	"Nayna Manhar Sheth"	62	"SSC"		"Yes"	0		1904000.0		58	79	13	17	44	64	2015							68.54	53.664	72.231	69.654	51.897	69.233	82.359	83.163	75.609	53.753	52.166	52.337	64.225	58.367	33.2	80.9	59.863335	65.6375	70.29	73.0875			0	0	0	0	0	0	2	0	0	3	2	0	2	0	0	0	0	0	0	0	0	0	0	0	0	3	0	1	0	3	0	0		0	0	0	0	0	0	0	0	0	0	0	0	0	0	0	0	0	0	0	0	0	0	0	0	0	0	0	0	0	0	0	0	1	0	0	0	0	0	0	0	0	0	0	0	0	0	1	3	0	0	2012.0	251.0	"F/N"	0.36	1.0	"W"	1.0	"G"	1	0.0	0.0	0.73417723	0.7647059	0.8214286	0.31733334	0.0	1.0	16.714285714285715	5.433333333333334	0.0952381	0.0	0.04761905	0.0	0.0	0.0	0.23809524	0.0	0.0952381	0.0	0.2857143	0.0	0.14285715	0.0	0.04761905	0.0	0.04761905	21.0	"INC"	2	0.0	0.0	0.0	1.0	1.0	0.36
174	"W"	"INC"	"Female"	"Nayna Manhar Sheth"	63	"SSC"		"Yes"	0		6773192.5		65	74	14	15	41	50	2016							72.153	56.599	72.012	72.391	54.096	77.578	85.27	86.593	84.295	56.118	57.965	60.553	74.829	69.451	42.4	64.6	73.14667	83.215	71.2825	68.57			0	0	0	0	0	0	1	0	0	8	3	0	2	0	0	0	0	1	0	0	0	0	0	0	0	0	0	3	0	0	0	0	1	0	0	0	0	0	0	0	0	0	0	0	0	0	0	0	0	0	0	0	0	0	0	0	1	0	0	0	0	0	0	0	0	0	0	0	0	0	0	0	0	0	0	0	0	1	0	0	8	0	0	2012.0	251.0	"F/N"	0.36	1.0	"W"	1.0	"G"	1	0.0	0.0	0.8783784	0.93333334	0.9230769	0.5644327	0.0	1.0	12.10344827586207	4.602683178534572	0.06896552	0.03448276	0.0	0.0	0.03448276	0.0	0.31034482	0.03448276	0.10344828	0.0	0.0	0.0	0.27586207	0.0	0.10344828	0.03448276	0.0	29.0	"INC"	2	0.0	0.0	0.0	1.0	1.0	0.36
174	"W"	"BJP"	"Female"	"Krishnaveni Vinod Reddy"	50	"HSC"		"Yes"	0		5139024.0		79	102	18	19	19	22	2018		25060	"2300"		"NCP"	"188"	90.646	83.257	84.982	85.89		86.023	83.707	84.452	84.815	85.972	83.989	84.436	84.054	84.766	20.8	0.0	64.11667	26.41	80.5275	73.69		85.156	0	0	0	0	0	0	1	0	0	0	0	0	1	0	0	0	0	0	0	0	0	0	0	0	0	0	0	1	0	0	0	0		0	0	0	0	0	0	0	0	0	0	0	0	0	0	0	0	0	0	0	0	0	0	0	0	0	0	0	0	0	0	0	0	0	0	0	0	0	0	0	0	0	0	0	0	0	0	0	0	0	0	2017.0	252.0	"F/N"	0.36	1.0		1.0	"G"	1	0.0	0.0	0.7745098	0.94736844	0.82857144	0.856504	0.0	1.0	8.86	2.7200245323520393	0.33333334	0.0	0.0	0.0	0.0	0.0	0.33333334	0.0	0.0	0.0	0.0	0.0	0.0	0.0	0.33333334	0.0	0.0	3.0	"BJP"	1	0.0	0.0	0.0			0.36
175	"W"	"BSP"	"Female"	"Parubai Dattu Katake"									43	51	14	14	9	15	2011			"5259"		"INC"	"1720"	71.897	77.319	45.08	66.232		75.595	73.034	76.436	75.705	65.387	68.629	74.661	75.276	71.875					90.93		123		0	0	0	0	0	0	1	0	0	0	0	0	0	0	0	0	0	0	0	0	0	0	0	0	0	0	0	1	0	0	2	0		0	0	0	0	0	0	0	0	0	0	0	0	0	0	0	0	0	0	0	0	0	0	0	0	0	0	0	0	0	0	0	0	0	0	0	0	0	0	0	0	0	0	0	0	0	0	0	0	0	0	2007.0	253.0	"G/N"	0.33	1.0		1.0	"G"	1	0.0		0.84313726	1.0	0.8918919				8.0	3.5051757014437483	0.0	0.0	0.0	0.0	0.0	0.0	0.25	0.0	0.0	0.0	0.5	0.0	0.0	0.0	0.25	0.0	0.0	4.0	"_Other"	6	0.0	0.0	0.0	1.0	1.0	0.33
175		"RPI"	"Male"	"Sabreddy Mallesh Borra"	45	"Upto Ninth"		"Yes"	0		5852691.5		61	70	10	14	17	29	2013			"3430"		"Congress"	"224"	63.469	55.509	48.425	51.757	43.959	47.006	51.18	54.162	53.225	37.442	44.924	47.432	48.765	44.662	67.3	20.6	61.93	56.8275	73.065	56.32			0	0	0	0	0	0	0	0	0	0	0	0	0	0	0	0	1	0	0	0	0	0	0	0	0	0	0	0	0	0	0	0		0	0	0	0	0	0	0	0	0	0	0	0	0	0	0	0	0	0	0	0	0	0	0	0	0	0	0	0	0	0	0	0	0	0	0	0	0	0	0	0	0	0	0	0	0	0	0	2	0	0	2012.0	254.0	"G/N"	0.33	0.0	"G"	0.0	"G"	1	0.0	0.0	0.87142855	0.71428573	0.8712871	0.9754486	0.0	1.0	12.0	0.0	0.0	0.0	0.0	0.0	0.0	0.0	0.33333334	0.0	0.0	0.0	0.0	0.0	0.6666667	0.0	0.0	0.0	0.0	3.0	"_Other"	6	0.0	0.0	0.0	1.0	0.0	0.0
175		"RPI"	"Male"	"Sabreddy Mallesh Borra"	46	"Upto Ninth"		"Yes"	0		1.1855E7		50	65	7	14	15	25	2014							66.567	61.351	63.368	69.119	62.288	77.457	80.258	76.967	77.334	62.609	66.873	58.974	60.111	59.843	5.4	16.7	45.643333	49.7725	46.1925	62.385			0	0	0	0	0	0	0	0	0	0	0	0	0	0	0	0	0	0	0	0	0	0	0	0	0	0	0	0	0	0	0	0		0	0	0	0	0	0	0	0	0	0	0	0	0	0	0	0	0	0	0	0	0	0	0	0	0	0	0	0	0	0	0	0	0	0	0	0	0	0	0	0	0	0	0	0	0	0	0	1	0	0	2012.0	254.0	"G/N"	0.33	0.0	"G"	0.0	"G"	1	0.0	0.0	0.7692308	0.5	0.7659575	0.98791665	0.0	1.0	6.0	0.0	0.0	0.0	0.0	0.0	0.0	0.0	0.0	0.0	0.0	0.0	0.0	0.0	1.0	0.0	0.0	0.0	0.0	1.0	"_Other"	6	0.0	0.0	0.0	1.0	0.0	0.0
175		"RPI"	"Male"	"Sabreddy Mallesh Borra"	47	"Upto Ninth"		"Yes"	0		5948000.0		63	79	13	17	13	21	2015							48.892	42.313	31.544	60.782	55.386	68.506	73.523	82.401	66.317	39.618	42.127	50.304	58.347	57.059	17.7	48.8	61.706665	52.0	62.615	55.415			0	0	0	0	0	0	0	0	0	0	0	0	0	0	0	0	1	0	0	0	0	0	0	0	0	0	0	0	0	0	0	0		0	0	0	0	0	0	0	0	0	0	0	0	0	0	0	0	0	0	0	0	0	0	0	0	0	0	0	0	0	0	0	0	0	0	0	0	0	0	0	0	0	0	0	0	0	0	0	1	0	0	2012.0	254.0	"G/N"	0.33	0.0	"G"	0.0	"G"	1	0.0	0.0	0.79746836	0.7647059	0.8165138	0.9913333	0.0	1.0	14.0	0.0	0.0	0.0	0.0	0.0	0.0	0.0	0.5	0.0	0.0	0.0	0.0	0.0	0.5	0.0	0.0	0.0	0.0	2.0	"_Other"	6	0.0	0.0	0.0	1.0	0.0	0.0
175		"RPI"	"Male"	"Sabreddy Mallesh Borra"	48	"Upto Ninth"		"Yes"	0		5995810.0		57	74	4	14	7	14	2016							50.197	48.076	44.238	62.519	65.347	74.538	75.346	75.346	71.003	45.147	50.298	57.57	64.795	60.196	5.1	22.2	54.88	62.7875	54.9425	61.6175			0	0	0	0	0	0	0	0	0	0	0	0	0	0	0	0	0	0	0	0	0	0	0	0	0	0	0	0	0	0	0	0		0	0	0	0	0	0	0	0	0	0	0	0	0	0	0	0	0	0	0	0	0	0	0	0	0	0	0	0	0	0	0	0	0	0	0	0	0	0	0	0	0	0	0	0	0	0	0	0	0	0	2012.0	254.0	"G/N"	0.33	0.0	"G"	0.0	"G"	1	0.0	0.0	0.7702703	0.2857143	0.7157895	0.49965084	0.0	1.0	0.0	0.0																		0.0	"_Other"	6	0.0	0.0	0.0	1.0	0.0	0.0
175	"OBC"	"SS"	"Male"	"Mangesh Shridhar Satamkar"	52	"Graduate"		"Yes"	0		5370119.5		85	102	18	19	123	132	2018		24358	"6096"		"Congress"	"477"	71.458	65.706	72.931	79.196		76.656	77.635	80.806	82.038	61.919	58.352	63.858	72.611	71.481	35.9	15.5	61.413334	55.0125	84.3825	77.2975		69.089	0	2	0	0	0	0	0	0	0	0	0	0	6	0	0	4	0	4	0	0	0	0	0	0	0	1	0	1	1	2	1	0		3	1	0	0	0	0	0	0	0	0	0	0	0	0	0	0	0	0	0	0	0	0	1	0	0	0	0	0	0	1	0	0	0	0	0	0	0	0	0	0	0	0	0	0	0	0	0	1	0	0	2017.0	255.0	"F/N"	0.36	0.0		0.0	"OBC"	2	1.0	0.0	0.8333333	0.94736844	0.92622954	0.8950199	1.0	1.0	15.360327586206896	4.41850659306961	0.20689656	0.0	0.0	0.13793103	0.03448276	0.03448276	0.20689656	0.13793103	0.0	0.0	0.13793103	0.0	0.03448276	0.0	0.03448276	0.0	0.03448276	29.0	"SS"	5	1.0	0.0	0.0			0.0
176		"INC"	"Male"	"Naresh Pehalwan Mane"									33	51	11	14	29	75	2011			"6663"		"SS"	"2555"	71.579	66.005	52.937	63.577		72.605	74.451	69.661	72.215	70.681	74.276	73.76	71.933	72.848					93.825		122		0	1	0	0	0	0	2	0	0	0	0	0	0	0	0	0	0	0	0	0	0	0	0	0	0	0	0	3	0	0	2	0	3	0	0	0	0	0	0	0	0	0	0	0	0	0	0	0	0	0	1	0	0	0	0	0	1	0	0	0	0	0	0	0	0	0	0	0	0	0	0	0	0	0	0	0	0	0	0	0	0	0	0	2007.0	256.0	"G/N"	0.33	0.0		0.0			1.0		0.64705884	0.78571427	0.7765958				12.153846153846155	4.339912335009039	0.0	0.0	0.0	0.0	0.07692308	0.0	0.30769232	0.0	0.0	0.0	0.15384616	0.0	0.0	0.0	0.23076923	0.23076923	0.0	13.0	"INC"	2	0.0	0.0	0.0	1.0	0.0	0.0
176	"W"	"SS"	"Female"	"Anusha R. Kodam (Valpadasi)"	22	"T.Y. Bio -Technology (Appeared)"		"Not given"	0		5787515.0		45	70	6	14	13	25	2013			"8937"		"Congress"	"789"	62.89	62.235	54.399	70.189	69.386	66.764	68.827	81.485	72.122	53.816	59.037	59.942	63.52	55.871	29.2	47.1	59.896667	69.3375	69.745	63.08			0	0	0	0	0	0	0	0	0	0	0	0	0	0	0	0	0	0	0	0	0	0	0	0	0	0	0	0	0	0	0	0		0	0	0	0	0	0	0	0	0	0	0	0	0	0	0	0	0	0	0	0	0	0	0	0	0	0	0	0	0	0	0	0	0	0	0	0	0	0	0	0	0	0	0	0	0	0	0	0	0	0	2012.0	257.0	"G/N"	0.33	1.0	"OBC-W"	1.0	"OBC"	2	1.0	0.0	0.64285713	0.42857143	0.6597938	0.96458584	1.0	0.0	0.0	0.0																		0.0	"SS"	5	1.0	0.0	0.0	1.0	1.0	0.33
176	"W"	"SS"	"Female"	"Anusha R. Kodam (Valpadasi)"	23	"T.Y. Bio -Technology (Appeared)"		"Not given"	0		1.1788E7		28	65	8	14	8	14	2014							61.586	64.072	50.931	66.659	47.291	81.544	78.948	80.187	69.915	60.775	58.731	55.251	51.864	52.939	23.2	36.7	55.556667	61.265	57.5325	57.52			0	0	0	0	0	0	1	0	0	0	0	0	0	0	0	0	0	0	0	0	0	0	0	0	0	0	0	0	0	0	0	0		0	0	0	0	0	0	0	0	0	0	0	0	0	0	0	0	0	0	0	0	0	0	0	0	0	0	0	0	0	0	0	0	0	0	0	0	0	0	0	0	0	0	0	0	0	0	0	0	0	0	2012.0	257.0	"G/N"	0.33	1.0	"OBC-W"	1.0	"OBC"	2	1.0	0.0	0.43076923	0.5714286	0.50574714	0.98233336	1.0	0.0	8.0	1.062251655629139	0.0	0.0	0.0	0.0	0.0	0.0	1.0	0.0	0.0	0.0	0.0	0.0	0.0	0.0	0.0	0.0	0.0	1.0	"SS"	5	1.0	0.0	0.0	1.0	1.0	0.33
176	"W"																		2015							55.576	55.496	52.136	63.699	60.524	72.988	75.437	76.654	68.479	43.966	45.165	44.098	48.245	50.62	38.0	60.7	59.923332	60.3525	72.26	52.4			0	0	0	0	0	0	0	0	0	0	0	0	0	0	0	0	0	0	0	0	0	0	0	0	0	0	0	0	0	0	0	0		0	0	0	0	0	0	0	0	0	0	0	0	0	0	0	0	0	0	0	0	0	0	0	0	0	0	0	0	0	0	0	0	0	0	0	0	0	0	0	0	0	0	0	0	0	0	0	0	0	0	2012.0	257.0	"G/N"	0.33	0.0	"OBC-W"	1.0	"OBC"	2	1.0																												"_Other"	6	0.0	0.0	0.0	1.0	1.0	0.33
176	"W"	"INC"	"Female"	"Ganga Kunal Mane"	34	"Seventh"		"Yes"	0		5816767.5		59	74	10	14	0	0	2016							70.09	61.262	50.148	85.747	77.166	79.921	83.935	85.119	72.205	60.561	57.716	73.071	76.221	74.096	26.8	39.4	56.693333	70.9625	60.4875	65.67			0	0	0	0	0	0	1	0	0	0	0	0	1	0	0	0	0	0	0	0	0	0	0	0	0	0	0	0	0	2	1	0		0	0	0	0	0	0	0	0	0	0	0	0	0	0	0	0	0	0	0	0	0	0	0	0	0	0	0	0	0	0	0	0	0	0	0	0	0	0	0	0	0	0	0	0	1	0	0	0	0	0	2012.0	257.0	"G/N"	0.33	1.0	"OBC-W"	1.0	"OBC"	2	1.0	0.0	0.7972973	0.71428573	0.78409094	0.48473063	0.0	1.0	14.0	1.8417874396135268	0.16666667	0.16666667	0.0	0.0	0.0	0.0	0.16666667	0.0	0.0	0.0	0.5	0.0	0.0	0.0	0.0	0.0	0.0	6.0	"INC"	2	0.0	0.0	0.0	1.0	1.0	0.33
176	"G"	"INC"	"Male"	"Ravi Kondu Raja "	58	"Graduate"		"Yes"	0		5140502.5		101	102	5	19	170	187	2018		22056	"3814"		"SS"	"136"	64.061	60.723	64.68	69.337		68.667	71.869	67.036	68.991	53.704	49.554	57.688	60.217	53.252	12.0	38.9	61.763332	65.45	60.24	71.4825		53.786	0	0	0	0	0	0	4	0	0	0	3	0	9	0	1	2	0	4	0	1	0	0	0	0	0	0	0	4	0	4	2	0		0	0	1	0	0	0	0	0	0	0	0	0	0	0	0	0	0	0	0	0	0	0	0	0	0	4	0	0	0	2	1	1	0	0	0	0	0	0	0	0	1	0	0	1	2	0	0	1	9	0	2017.0	258.0	"F/N"	0.36	0.0		0.0	"G"	1	0.0	0.0	0.99019605	0.2631579	0.9484536	0.8567504	1.0	1.0	14.926026315789475	5.138607789021772	0.15789473	0.03508772	0.0	0.01754386	0.0	0.07017544	0.12280702	0.07017544	0.05263158	0.0877193	0.10526316	0.0	0.01754386	0.03508772	0.22807017	0.0	0.0	57.0	"INC"	2	0.0	0.0	0.0			0.0
177	"W"	"SS"	"Female"	"Sunanda Rajendra Suryavanshi "									43	51	11	14	19	28	2011			"9369"		"INC"	"4127"	60.654	67.654	31.321	51.239		64.915	59.809	74.879	71.292	53.539	68.479	67.39	67.788	66.364					96.8375		122		0	0	0	0	0	0	1	0	0	0	0	0	0	0	0	0	0	0	0	0	0	0	0	0	0	0	0	0	0	0	0	0	1	0	0	0	0	0	0	0	0	0	0	0	0	0	0	0	0	0	0	0	0	0	0	0	0	0	0	0	0	0	0	0	0	0	0	0	0	0	0	0	0	0	0	0	0	0	0	0	0	0	0	2007.0	259.0	"G/N"	0.33	1.0		1.0	"G"	1	0.0		0.84313726	0.78571427	0.86904764				8.0	3.8327431217651866	0.0	0.0	0.0	0.0	0.0	0.0	0.5	0.0	0.0	0.0	0.0	0.0	0.0	0.0	0.0	0.5	0.0	2.0	"SS"	5	1.0	0.0	0.0	1.0	1.0	0.33
177		"SS"	"Male"	"Rajendra Narayan Suryavanshi"	48	"SSC"		"Yes"	8		5875465.5		66	70	13	14	11	25	2013	8		"7676"		"Congress"	"997"	60.526	58.937	55.925	58.804	59.815	57.778	56.43	63.72	63.898	54.437	54.83	57.239	58.399	55.654	67.8	66.3	62.676666	69.71	73.49	72.735			0	0	0	0	0	0	0	0	0	0	0	0	0	0	1	0	0	0	0	0	0	0	0	0	0	0	0	1	0	1	0	0		0	0	0	0	0	0	0	0	0	0	0	0	0	0	0	0	0	0	0	0	0	0	0	0	0	0	0	0	0	0	0	0	0	0	0	0	0	0	0	0	0	0	0	0	0	0	0	0	0	0	2012.0	260.0	"G/N"	0.33	0.0		0.0			1.0	1.0	0.94285715	0.9285714	0.94736844	0.97924423	0.0	1.0	14.0	2.765011119347665	0.0	0.0	0.0	0.0	0.0	0.0	0.33333334	0.0	0.0	0.0	0.33333334	0.0	0.0	0.0	0.33333334	0.0	0.0	3.0	"SS"	5	1.0	0.0	0.0	1.0	0.0	0.0
177		"SS"	"Male"	"Rajendra Narayan Suryavanshi"	49	"SSC"		"Yes"	7		1.1741E7		59	65	11	14	16	22	2014							55.688	57.892	41.64	65.435	50.091	68.217	70.413	79.289	74.492	64.018	60.556	59.727	59.506	54.352	47.2	51.0	53.42	63.245	66.5625	61.5825			1	0	0	0	0	0	0	0	0	0	1	0	1	1	0	0	0	0	0	0	0	0	0	0	0	0	0	0	0	0	0	0		0	0	0	0	1	0	0	0	0	0	0	0	0	0	0	0	2	0	0	0	0	0	0	1	0	0	0	0	0	0	0	0	0	0	0	0	0	0	0	0	0	0	0	0	0	0	0	1	0	0	2012.0	260.0	"G/N"	0.33	0.0		0.0			1.0	1.0	0.9076923	0.78571427	0.9052632	0.9784167	0.0	1.0	10.0	1.1072847682119205	0.11111111	0.0	0.0	0.0	0.11111111	0.0	0.33333334	0.0	0.11111111	0.0	0.0	0.11111111	0.11111111	0.0	0.0	0.0	0.11111111	9.0	"SS"	5	1.0	0.0	0.0	1.0	0.0	0.0
177		"SS"	"Male"	"Rajendra Narayan Suryavanshi"	50	"SSC"		"Yes"	7		5950000.0		71	79	13	17	24	41	2015							57.731	54.981	46.665	56.828	58.862	65.272	68.941	76.875	59.515	49.626	50.262	51.671	56.516	51.37	47.6	55.8	63.82	65.0925	60.5525	56.945			0	0	0	0	0	0	0	0	0	0	0	0	0	0	0	0	0	1	0	0	0	0	0	0	0	0	0	0	0	0	0	0		0	0	0	0	1	0	0	0	0	0	0	0	0	0	0	0	0	0	0	0	0	0	0	0	0	0	0	0	0	0	0	0	0	0	0	0	0	0	0	0	0	0	0	0	0	0	0	1	0	0	2012.0	260.0	"G/N"	0.33	0.0		0.0			1.0	1.0	0.89873415	0.7647059	0.9	0.9916667	0.0	1.0	6.0	0.07540056550424128	0.0	0.0	0.0	0.0	0.0	0.0	0.0	0.33333334	0.0	0.0	0.0	0.33333334	0.33333334	0.0	0.0	0.0	0.0	3.0	"SS"	5	1.0	0.0	0.0	1.0	0.0	0.0
177		"SS"	"Male"	"Rajendra Narayan Suryavanshi"	51	"SSC"		"Yes"	7		5713694.5		74	74	12	14	19	27	2016	7						91.516	88.719	87.059	92.614	90.943	91.512	90.134	93.229	89.801	85.825	85.125	88.144	89.525	90.057	0.9	72.5	88.94	92.36	81.2175	87.145			0	0	0	0	0	0	0	0	0	0	0	0	2	0	0	0	0	0	0	0	0	0	0	0	0	0	0	2	0	1	0	1	1	0	0	0	0	1	0	0	0	0	0	0	0	0	0	0	0	0	0	0	0	0	0	0	0	0	0	0	0	0	0	0	0	0	0	0	0	0	0	0	0	0	0	0	0	0	0	0	1	0	0	2012.0	260.0	"G/N"	0.33	0.0		0.0			1.0	1.0	1.0	0.85714287	0.9813084	0.4761412	0.0	1.0	14.0	3.016304347826087	0.22222222	0.0	0.0	0.0	0.0	0.0	0.0	0.0	0.0	0.0	0.11111111	0.11111111	0.11111111	0.0	0.22222222	0.22222222	0.0	9.0	"SS"	5	1.0	0.0	0.0	1.0	0.0	0.0
177	"W"	"BJP"	"Female"	"Nehal Amar Shah"	45	"Graduate"		"Yes"	0		5458770.5		101	102	19	19	20	22	2018		26746	"11298"		"Congress"	"8140"	61.652	47.957	56.456	58.25		58.709	59.881	53.06	58.523	53.305	54.903	66.392	58.457	59.38	78.1	7.6	54.853333	71.4625	75.105	66.6475		65.05	0	1	0	0	0	0	0	0	0	1	1	0	0	0	0	0	0	0	0	0	0	0	0	1	0	0	0	1	0	1	0	0		0	0	0	0	0	0	0	0	0	0	0	0	0	0	0	0	0	0	0	0	0	0	0	0	0	0	0	0	0	0	0	0	0	0	0	0	0	0	0	0	0	0	0	0	0	0	0	3	0	0	2017.0	261.0	"F/N"	0.36	1.0		1.0	"G"	1	0.0	0.0	0.99019605	1.0	0.9929078	0.9097951	1.0	1.0	10.2645	6.353879178166207	0.0	0.0	0.0	0.0	0.0	0.0	0.22222222	0.0	0.11111111	0.0	0.22222222	0.0	0.33333334	0.0	0.11111111	0.0	0.0	9.0	"BJP"	1	0.0	0.0	0.0			0.36
178		"INC"	"Male"	"Mahendra Shivdas Shinde"									44	51	11	14	23	31	2011			"7029"		"SS"	"2798"	64.715	76.68	37.177	61.73		72.335	67.197	78.146	74.945	72.921	70.167	65.824	62.61	72.308					98.845		118		0	0	0	0	0	0	3	0	0	0	0	0	0	0	0	0	0	0	0	0	0	0	0	0	0	0	0	0	0	0	0	0	1	0	0	0	0	0	0	0	0	0	0	0	0	0	0	0	0	0	0	0	0	0	0	0	1	0	0	0	0	0	0	0	0	0	0	0	0	0	0	0	0	0	0	0	0	0	0	0	1	0	0	2007.0	262.0	"G/N"	0.33	0.0		0.0			1.0		0.8627451	0.78571427	0.8863636				14.0	3.8327431217651866	0.0	0.0	0.0	0.0	0.16666667	0.0	0.5	0.0	0.0	0.0	0.0	0.0	0.16666667	0.0	0.0	0.16666667	0.0	6.0	"INC"	2	0.0	0.0	0.0	1.0	0.0	0.0
178		"INC"	"Male"	"Vakil Sagir Ahmed Shaikh"	34	"Eighth"		"Yes"	0		5404642.0		59	70	13	14	18	25	2013			"9314"		"SS"	"68"	53.508	52.612	45.283	45.839	43.894	42.641	42.529	43.185	45.002	40.096	39.375	39.789	37.648	37.352	78.2	11.5	53.523335	51.1	59.6625	55.2075			0	0	0	0	0	0	0	0	0	0	0	0	0	0	0	0	0	0	0	0	0	0	0	0	0	0	0	0	0	0	0	0		0	0	0	0	0	0	0	0	0	0	0	0	0	0	0	0	0	0	0	0	0	0	0	0	0	0	0	0	0	1	0	0	0	0	0	0	0	0	0	0	0	0	0	0	0	0	0	1	0	0	2012.0	263.0	"G/N"	0.33	0.0	"OBC"	0.0	"OBC"	2	1.0	0.0	0.8428571	0.9285714	0.88235295	0.90077364	0.0	1.0	0.0	0.1111934766493699	0.0	0.0	0.0	0.0	0.0	0.5	0.0	0.0	0.0	0.0	0.0	0.0	0.5	0.0	0.0	0.0	0.0	2.0	"INC"	2	0.0	0.0	0.0	1.0	0.0	0.0
178		"INC"	"Male"	"Vakil Sagir Ahmed Shaikh"	35	"Eighth"		"Yes"	0		1.1405E7		55	65	13	14	14	22	2014							55.979	54.909	49.699	67.197	49.187	77.855	80.54	79.452	73.563	62.099	63.652	66.313	65.998	65.172	8.3	26.2	61.39	67.955	60.56	64.53			0	0	0	0	0	0	1	0	0	0	0	0	0	0	0	0	0	0	0	0	0	0	0	0	0	0	0	0	0	0	2	0		0	0	0	0	0	0	0	0	0	0	0	0	0	0	0	0	0	0	0	0	0	0	0	0	0	0	0	0	0	0	0	0	0	0	0	0	0	0	0	0	0	0	0	0	0	0	0	0	0	0	2012.0	263.0	"G/N"	0.33	0.0	"OBC"	0.0	"OBC"	2	1.0	0.0	0.84615386	0.9285714	0.8817204	0.9504167	0.0	1.0	8.0	1.1496688741721854	0.0	0.0	0.0	0.0	0.0	0.0	0.33333334	0.0	0.0	0.0	0.6666667	0.0	0.0	0.0	0.0	0.0	0.0	3.0	"INC"	2	0.0	0.0	0.0	1.0	0.0	0.0
178		"INC"	"Male"	"Vakil Sagir Ahmed Shaikh"	36	"Eighth"		"Yes"	0		6000000.0		69	79	17	17	16	41	2015							40.806	40.052	37.766	52.024	46.588	57.809	62.855	76.667	65.371	40.77	39.627	43.774	49.623	51.635	12.5	31.0	58.886665	57.9625	66.3225	53.855			0	0	0	0	0	0	0	0	0	0	0	0	0	0	0	0	0	0	0	0	0	0	0	0	0	0	0	0	0	0	1	0		0	0	0	0	0	0	0	0	0	0	0	0	0	0	0	0	0	0	0	0	0	0	0	0	0	0	0	0	0	0	0	0	0	0	0	0	0	0	0	0	0	0	0	0	0	0	0	4	0	0	2012.0	263.0	"G/N"	0.33	0.0	"OBC"	0.0	"OBC"	2	1.0	0.0	0.87341774	1.0	0.91071427	1.0	0.0	1.0	9.6	0.14765944077913917	0.0	0.0	0.0	0.0	0.0	0.0	0.0	0.0	0.0	0.0	0.2	0.0	0.8	0.0	0.0	0.0	0.0	5.0	"INC"	2	0.0	0.0	0.0	1.0	0.0	0.0
178		"INC"	"Male"	"Vakil Sagir Ahmed Shaikh"	37	"Eighth"		"Yes"	0		5165360.0		63	74	10	14	13	27	2016							53.33	47.84	33.813	59.499	56.529	72.358	69.619	79.799	66.561	48.224	49.394	55.677	70.006	67.659	56.9	74.5	61.44	58.075	61.3975	62.37			0	0	0	0	0	0	0	0	0	0	1	0	0	0	0	0	0	0	0	0	0	1	0	0	0	0	0	1	0	0	2	1		0	0	0	0	0	0	0	0	0	0	0	0	0	0	0	0	0	0	0	0	0	0	0	0	0	0	0	0	0	0	0	0	0	0	0	0	0	0	0	0	0	0	0	0	0	0	0	0	0	0	2012.0	263.0	"G/N"	0.33	0.0	"OBC"	0.0	"OBC"	2	1.0	0.0	0.8513514	0.71428573	0.85148513	0.43044665	0.0	1.0	12.0	3.0857487922705316	0.0	0.0	0.0	0.0	0.0	0.0	0.0	0.0	0.16666667	0.0	0.33333334	0.0	0.0	0.0	0.16666667	0.16666667	0.16666667	6.0	"INC"	2	0.0	0.0	0.0	1.0	0.0	0.0
178	"G"	"SS"	"Male"	"Amey Arun Ghole"	32	"Post Graduate"		"Yes"	1		5146410.0		83	102	15	19	37	60	2018	1	31573	"7059"		"BJP"	"86"	47.246	47.146	47.119	67.193		61.679	65.79	66.838	60.798	49.556	43.921	42.869	70.448	42.5	35.8	10.3	51.8	61.725	42.43	67.1175		33.685	0	6	0	0	0	0	0	0	0	0	1	0	2	0	0	0	0	0	0	0	0	0	0	0	0	0	0	1	0	0	0	0		0	0	1	0	0	0	0	0	0	0	0	0	0	0	0	0	0	0	0	0	0	0	0	1	0	0	0	0	1	0	0	0	0	0	0	0	0	0	0	0	0	0	0	0	0	0	0	0	0	0	2017.0	264.0	"F/N"	0.36	0.0		0.0	"G"	1	0.0	1.0	0.8137255	0.7894737	0.8544304	0.857735	1.0	1.0	7.033307692307693	3.4053971174486346	0.15384616	0.0	0.0	0.07692308	0.07692308	0.07692308	0.46153846	0.0	0.07692308	0.0	0.0	0.0	0.0	0.0	0.07692308	0.0	0.0	13.0	"SS"	5	1.0	0.0	0.0			0.0
179		"INC"	"Male"	"Hanumanta Sayappa Nandepalli "									47	51	14	14	11	15	2011			"4566"		"IND"	"2299"	82.95	51.06	45.956	74.618		80.666	74.585	81.223	81.58	78.821	79.616	72.984	74.685	78.415					83.6425		119		0	0	0	0	0	0	2	1	0	0	0	0	0	0	0	0	0	0	0	0	0	0	0	0	0	0	0	1	0	1	1	2	1	0	0	1	0	1	0	0	0	0	0	0	0	0	0	0	0	0	1	0	0	0	0	0	0	0	0	0	0	0	0	0	1	0	0	0	0	0	0	0	0	0	0	0	0	1	0	0	0	0	0	2007.0	265.0	"G/N"	0.33	0.0		0.0			1.0		0.92156863	1.0	0.94736844				15.285714285714286	4.97321347498411	0.0	0.071428575	0.0	0.071428575	0.0	0.071428575	0.2857143	0.0	0.0	0.0	0.14285715	0.071428575	0.0	0.0	0.071428575	0.21428572	0.0	14.0	"INC"	2	0.0	0.0	0.0	1.0	0.0	0.0
179	"W"	"SP"	"Female"	"Jyotsna Harjivan Parmar"	32	"Fifth"		"Not given"	0		5913723.0		41	70	11	14	13	44	2013			"8028"		"Congress"	"2044"	81.78	80.81	79.447	70.27	65.575	63.645	65.632	70.963	69.404	59.586	57.312	57.25	57.409	54.233	6.4	29.5	51.3	67.26	80.985	64.415			0	0	0	0	0	0	0	0	0	0	0	0	0	0	0	0	0	0	0	0	0	0	0	0	0	0	0	0	0	0	0	0		0	0	0	0	0	0	0	0	0	0	0	0	0	0	0	0	0	0	0	0	0	0	0	0	0	0	0	0	0	0	0	0	0	0	0	0	0	0	0	0	0	0	0	0	0	0	0	0	0	0	2012.0	266.0	"G/N"	0.33	1.0	"OBC-W"	1.0	"OBC"	2	1.0	0.0	0.5857143	0.78571427	0.6701031	0.9856205	0.0	0.0	0.0	0.0																		0.0	"_Other"	6	0.0	0.0	0.0	1.0	1.0	0.33
179	"W"	"SP"	"Female"	"Jyotsna Harjivan Parmar"	33	"Fifth"		"Not given"	0		1.192E7		32	65	9	14	16	36	2014							56.654	71.81	58.752	67.741	51.621	71.407	71.007	69.751	66.708	61.043	62.199	58.439	57.078	57.64	2.4	7.4	41.513332	47.1175	51.3625	59.1775			0	0	0	0	0	0	0	0	0	0	0	0	0	0	0	0	0	0	0	0	0	0	0	0	0	0	0	0	0	0	0	0		0	0	0	0	0	0	0	0	0	0	0	0	0	0	0	0	0	0	0	0	0	0	0	0	0	0	0	0	0	0	0	0	0	0	0	0	0	0	0	0	0	0	0	0	0	0	0	0	0	0	2012.0	266.0	"G/N"	0.33	1.0	"OBC-W"	1.0	"OBC"	2	1.0	0.0	0.4923077	0.64285713	0.6	0.99333334	0.0	0.0	0.0	0.0																		0.0	"_Other"	6	0.0	0.0	0.0	1.0	1.0	0.33
179	"W"	"SP"	"Female"	"Jyotsna Harjivan Parmar"	34	"Fifth"		"Not given"	0		5864000.0		30	79	14	17	7	60	2015							63.003	51.328	56.944	64.973	58.263	68.012	74.418	81.506	72.869	56.324	51.257	55.998	69.038	67.302	2.1	42.7	65.24	70.7425	80.295	77.695			0	0	0	0	0	0	0	0	0	0	0	0	0	0	0	0	0	0	0	0	0	0	0	0	0	0	0	0	0	0	0	0		0	0	0	0	0	0	0	0	0	0	0	0	0	0	0	0	0	0	0	0	0	0	0	0	0	0	0	0	0	1	0	0	0	0	0	0	0	0	0	0	0	0	0	0	0	0	0	0	0	0	2012.0	266.0	"G/N"	0.33	1.0	"OBC-W"	1.0	"OBC"	2	1.0	0.0	0.37974682	0.8235294	0.49514562	0.9773333	0.0	0.0	6.0	0.07540056550424128	0.0	0.0	0.0	0.0	0.0	1.0	0.0	0.0	0.0	0.0	0.0	0.0	0.0	0.0	0.0	0.0	0.0	1.0	"_Other"	6	0.0	0.0	0.0	1.0	1.0	0.33
179	"W"	"SP"	"Female"	"Jyotsna Harjivan Parmar"	35	"Fifth"		"Not given"	0		5791377.0		33	74	11	14	15	44	2016							74.018	68.877	67.821	80.455	75.232	80.468	79.714	79.252	80.835	71.97	73.633	75.603	77.197	77.663	2.8	20.6	66.98	75.975	71.2275	78.3025			0	0	0	0	0	0	0	0	0	0	0	0	0	0	0	0	0	0	0	0	0	0	0	0	0	0	0	0	0	0	0	0		0	0	0	0	0	0	0	0	0	0	0	0	0	0	0	0	0	0	0	0	0	0	0	0	0	0	0	0	0	0	0	0	0	0	0	0	0	0	0	0	0	0	0	0	0	0	0	0	0	0	2012.0	266.0	"G/N"	0.33	1.0	"OBC-W"	1.0	"OBC"	2	1.0	0.0	0.44594595	0.78571427	0.57281554	0.48261476	0.0	0.0	0.0	0.0																		0.0	"_Other"	6	0.0	0.0	0.0	1.0	1.0	0.33
179	"G"	"INC"	"Male"	"Sufiyan Niyaz Ahmed Vanu"	35	"Post Graduate"		"Yes"	0		4727761.0		85	102	12	19	35	46	2018		30569	"5630"		"SS"	"127"	61.463	65.58	60.069	64.754		66.248	65.923	68.266	63.555	58.005	65.624	57.796	64.68	55.419	34.6	53.1	68.36	41.5675	72.7325	69.025		61.533	1	2	0	0	0	0	0	0	0	0	0	0	1	0	0	0	0	0	0	0	0	0	0	0	0	0	0	0	0	0	0	0		0	0	0	0	0	0	0	0	0	0	0	0	0	0	0	0	0	0	0	0	0	1	1	0	0	0	0	0	1	0	0	0	0	0	0	0	0	0	0	0	0	0	0	0	0	0	0	0	0	0	2017.0	267.0	"F/N"	0.36	0.0		0.0	"G"	1	0.0	0.0	0.8333333	0.6315789	0.84615386	0.7879602	1.0	1.0	5.7005	1.7387304507819688	0.14285715	0.14285715	0.0	0.0	0.14285715	0.14285715	0.2857143	0.0	0.0	0.0	0.0	0.0	0.0	0.0	0.0	0.0	0.14285715	7.0	"INC"	2	0.0	0.0	0.0			0.0
180	"W"	"INC"	"Female"	"Mangala Vishnu Gaikwad"									45	51	11	14	8	14	2011			"5766"		"BSP"	"3444"	81.775	83.99	79.605	79.817		88.136	82.45	90.8	89.821	81.585	71.929	47.384	76.71	80.65					95.725		119		0	0	0	0	0	0	0	0	0	0	0	0	0	0	0	0	0	0	0	0	0	0	0	0	0	0	0	0	0	0	0	0		0	0	0	0	0	0	0	0	0	0	0	0	0	0	0	0	0	0	0	0	0	0	0	0	0	0	0	0	2	0	0	0	0	0	0	0	0	0	0	0	0	0	0	0	0	0	0	1	0	0	2007.0	271.0	"G/N"	0.33	1.0		1.0	"G"	1	0.0		0.88235295	0.78571427	0.8767123				6.0	0.0	0.0	0.0	0.0	0.0	0.0	0.6666667	0.0	0.0	0.0	0.0	0.0	0.0	0.33333334	0.0	0.0	0.0	0.0	3.0	"INC"	2	0.0	0.0	0.0	1.0	1.0	0.33
180		"IND"	"Male"	"Vishnu Ramchandra Gaikwad"	58	"Eleventh"		"Yes"	0		5923626.5		57	70	10	14	14	18	2013			"4453"		"Congress"	"1399"	68.901	70.976	69.164	69.611	69.308	68.738	69.97	83.789	74.157	68.784	69.294	66.64	68.078	70.0	0.0	9.0	53.37	69.1325	90.7625	70.1975			0	0	0	0	0	0	0	0	0	0	0	0	0	0	0	0	0	0	0	0	0	0	0	0	0	0	0	0	0	0	0	0		0	0	0	0	0	0	0	0	0	0	0	0	0	0	0	0	0	0	0	0	0	0	0	0	0	0	0	0	1	1	0	0	0	0	0	0	0	0	0	0	0	0	0	0	0	0	0	0	0	0	2012.0	272.0	"G/N"	0.33	0.0	"SC"	0.0	"SCST"	3	1.0	0.0	0.8142857	0.71428573	0.82653064	0.9872711	0.0	1.0	0.0	0.1111934766493699	0.0	0.0	0.0	0.0	0.0	1.0	0.0	0.0	0.0	0.0	0.0	0.0	0.0	0.0	0.0	0.0	0.0	2.0	"_Other"	6	0.0	0.0	0.0	1.0	0.0	0.0
180		"IND"	"Male"	"Vishnu Ramchandra Gaikwad"	59	"Eleventh"		"Yes"	0		1.1923E7		63	65	9	14	11	17	2014							54.493	46.613	57.967	73.625	44.693	75.541	73.815	77.224	57.495	44.388	52.488	59.975	54.937	47.922	5.4	30.4	46.66	54.1775	54.455	65.4425			0	2	0	0	0	0	0	0	0	0	0	0	0	0	0	0	0	0	0	0	0	1	0	0	0	0	0	0	0	0	0	0		0	0	0	0	0	0	0	0	0	0	0	0	0	0	0	0	1	0	0	0	0	0	0	1	0	0	0	0	0	0	0	0	0	0	0	0	0	0	0	0	0	0	0	0	1	0	0	0	0	0	2012.0	272.0	"G/N"	0.33	0.0	"SC"	0.0	"SCST"	3	1.0	0.0	0.9692308	0.64285713	0.9222222	0.9935833	0.0	1.0	10.0	1.7086092715231787	0.0	0.16666667	0.0	0.0	0.16666667	0.0	0.5	0.0	0.0	0.0	0.0	0.0	0.0	0.0	0.0	0.0	0.16666667	6.0	"_Other"	6	0.0	0.0	0.0	1.0	0.0	0.0
180		"IND"	"Male"	"Vishnu Ramchandra Gaikwad"	60	"Eleventh"		"Yes"	0		5681000.0		74	79	10	17	15	24	2015							60.821	53.825	67.27	53.038	51.481	75.559	74.338	84.145	78.342	62.725	54.961	57.128	69.469	65.771	21.9	52.8	73.22	74.0775	76.7075	67.325			0	0	0	0	0	0	0	0	0	0	0	0	1	0	0	0	0	0	0	0	0	0	0	0	0	0	0	0	0	0	0	0		0	0	0	0	0	0	0	0	0	0	0	0	0	0	0	0	0	0	0	0	0	0	0	2	0	0	0	0	0	1	0	0	0	0	0	0	0	0	0	0	0	0	0	0	0	0	0	0	0	0	2012.0	272.0	"G/N"	0.33	0.0	"SC"	0.0	"SCST"	3	1.0	0.0	0.93670887	0.5882353	0.8918919	0.9468333	0.0	1.0	6.0	0.16022620169651272	0.25	0.0	0.0	0.0	0.5	0.25	0.0	0.0	0.0	0.0	0.0	0.0	0.0	0.0	0.0	0.0	0.0	4.0	"_Other"	6	0.0	0.0	0.0	1.0	0.0	0.0
180		"IND"	"Male"	"Vishnu Ramchandra Gaikwad"	61	"Eleventh"		"Yes"	0		5783630.5		65	74	12	14	119	141	2016							67.538	58.046	66.083	73.334	62.903	68.923	68.033	70.72	69.201	68.251	66.437	66.448	66.882	66.299	52.9	68.1	64.97667	75.5425	70.96	61.775			0	2	0	0	0	0	0	1	0	0	0	0	1	0	0	0	0	0	0	0	0	0	0	1	0	0	0	2	0	1	0	0		0	0	0	0	0	0	0	0	0	0	0	0	0	0	0	0	0	0	0	0	0	0	1	0	0	0	0	0	0	1	0	0	0	0	0	0	0	0	0	0	0	0	0	0	0	0	0	0	0	0	2012.0	272.0	"G/N"	0.33	0.0	"SC"	0.0	"SCST"	3	1.0	0.0	0.8783784	0.85714287	0.9468599	0.4819692	0.0	1.0	11.4	4.378019323671498	0.1	0.0	0.0	0.0	0.1	0.1	0.3	0.0	0.0	0.0	0.2	0.0	0.0	0.0	0.2	0.0	0.0	10.0	"_Other"	6	0.0	0.0	0.0	1.0	0.0	0.0
180	"OBC-W"	"SS"	"Female"	"Smita Sharad Gaonkar"	50	"SSC"		"Yes"	0		5080806.5		98	102	18	19	50	52	2018		25057	"8625"		"Congress"	"3041"	51.696	58.713	73.729	62.95		48.596	63.274	77.767	68.855	71.253	53.383	40.314	72.198	56.768	2.0	32.0	49.036667	87.13	49.475	77.1775		54.606	0	0	0	0	0	0	0	0	0	0	0	0	0	0	0	0	0	0	0	0	0	0	0	0	0	0	0	0	0	0	1	0	2	0	0	0	0	0	0	0	0	0	0	0	0	0	0	0	0	0	0	0	0	0	0	0	0	0	0	0	0	0	0	0	0	0	0	0	0	0	0	0	0	0	0	0	0	0	0	0	0	0	0	2017.0	273.0	"F/N"	0.36	1.0		1.0	"OBC"	2	1.0	0.0	0.9607843	0.94736844	0.9707602	0.8468011	0.0	1.0	5.916	0.9567617295308188	0.0	0.0	0.0	0.0	0.0	0.0	0.0	0.0	0.0	0.0	0.33333334	0.0	0.0	0.0	0.0	0.6666667	0.0	3.0	"SS"	5	1.0	0.0	0.0			0.36
181		"SS"	"Male"	"Santosh Bhagwan Parab (Late)"									30	48	7	12	4	15	2011			"5929"		"INC"	"1344"	74.358	74.499	74.239	72.594		73.487	73.208	71.453	71.08	68.493	67.127	67.794	68.504	69.267					86.6825		168		0	0	0	0	0	0	0	0	0	0	0	0	0	0	0	0	0	0	0	0	0	0	0	0	0	0	0	0	0	0	0	0		0	0	0	0	0	0	0	0	0	0	0	0	0	0	0	0	0	0	0	0	0	0	0	0	0	0	0	0	0	0	0	0	0	0	0	0	0	0	0	0	0	0	0	0	0	0	0	0	0	0	2007.0	274.0	"G/N"	0.33	0.0		0.0			1.0		0.625	0.5833333	0.640625				0.0	0.0																		0.0	"SS"	5	1.0	0.0	0.0	1.0	0.0	0.0
181	"W"	"MNS"	"Female"	"Shraddha Rajesh Patil"	36	"HSC"		"Not Given"	0		5924988.0		69	70	12	14	29	36	2013			"7554"		"SS"	"1368"	65.254	62.536	68.585	74.126	72.837	71.433	75.399	78.269	77.783	77.297	78.234	72.833	76.879	73.897	0.0	0.0	44.103333	69.4125	81.91	55.9425			0	0	0	0	0	0	0	0	1	0	1	0	0	0	0	0	1	0	0	0	0	0	0	0	0	0	0	0	0	1	0	1		0	0	0	0	0	0	0	0	0	0	0	0	0	0	0	0	0	0	0	0	0	0	0	0	0	0	0	0	0	0	0	0	0	0	0	0	0	0	0	0	0	0	0	0	0	0	0	0	0	0	2012.0	275.0	"G/N"	0.33	1.0	"W"	1.0	"G"	1	0.0	0.0	0.98571426	0.85714287	0.9734513	0.987498	0.0	0.0	11.6	3.869532987398073	0.0	0.0	0.0	0.0	0.0	0.0	0.4	0.0	0.2	0.0	0.2	0.0	0.0	0.0	0.0	0.2	0.0	5.0	"MNS"	3	0.0	0.0	0.0	1.0	1.0	0.33
181	"W"	"MNS"	"Female"	"Shraddha Rajesh Patil"	37	"HSC"		"Not Given"	0		1.1861E7		61	65	14	14	22	29	2014							55.16	58.35	47.445	66.153	40.872	74.708	74.863	75.798	53.97	60.359	64.738	53.704	52.91	54.527	44.2	51.4	48.62	60.5125	72.4275	66.98			0	0	0	0	0	1	0	0	2	0	0	0	0	0	0	0	0	0	0	0	0	0	0	0	0	0	0	1	0	0	0	0	1	0	0	0	0	0	0	0	0	0	0	0	1	0	0	0	0	0	0	0	0	0	0	0	0	0	0	0	0	0	0	0	0	0	0	0	0	0	0	0	0	0	0	0	0	0	0	0	0	0	0	2012.0	275.0	"G/N"	0.33	1.0	"W"	1.0	"G"	1	0.0	0.0	0.93846154	1.0	0.96039605	0.9884167	0.0	0.0	14.0	4.505960264900662	0.0	0.0	0.0	0.0	0.0	0.0	0.33333334	0.0	0.0	0.0	0.0	0.16666667	0.0	0.0	0.16666667	0.16666667	0.16666667	6.0	"MNS"	3	0.0	0.0	0.0	1.0	1.0	0.33
181	"W"	"MNS"	"Female"	"Shraddha Rajesh Patil"	38	"HSC"		"Not Given"	0		6000000.0		53	79	16	17	15	40	2015							46.159	36.563	21.585	54.678	53.796	67.942	71.664	86.968	64.503	35.77	36.458	43.744	54.1	51.826	4.7	61.4	64.12334	59.4325	57.1225	57.1625			0	0	0	0	0	0	0	0	1	0	0	0	0	0	0	0	0	0	0	0	0	0	0	0	0	0	0	0	0	0	0	0		0	0	0	0	0	0	0	0	0	0	0	0	0	0	0	0	0	0	0	0	0	0	0	0	0	0	0	0	0	0	0	0	0	0	0	0	0	0	0	0	0	0	0	0	0	0	0	0	0	0	2012.0	275.0	"G/N"	0.33	1.0	"W"	1.0	"G"	1	0.0	0.0	0.6708861	0.9411765	0.7567568	1.0	0.0	0.0	8.0	2.177191328934967	0.0	0.0	0.0	0.0	0.0	0.0	1.0	0.0	0.0	0.0	0.0	0.0	0.0	0.0	0.0	0.0	0.0	1.0	"MNS"	3	0.0	0.0	0.0	1.0	1.0	0.33
181	"W"	"MNS"	"Female"	"Shraddha Rajesh Patil"	39	"HSC"		"Not Given"	0		5549292.0		62	74	14	14	14	31	2016							60.001	49.922	47.024	55.036	42.616	57.539	65.228	71.444	57.034	45.404	47.014	53.066	65.228	48.356	42.3	64.0	71.17333	63.405	76.17	66.2225			0	0	0	0	0	0	0	0	1	0	0	0	0	0	0	0	0	0	0	0	0	0	0	0	0	0	0	0	0	0	0	0		0	0	0	0	0	0	0	0	0	0	0	0	0	0	0	0	0	0	0	0	0	0	0	0	0	0	0	0	0	0	0	0	0	0	0	0	0	0	0	0	0	0	0	0	0	0	0	1	0	0	2012.0	275.0	"G/N"	0.33	1.0	"W"	1.0	"G"	1	0.0	0.0	0.8378378	1.0	0.88235295	0.462441	0.0	0.0	14.0	1.0114734299516908	0.0	0.0	0.0	0.0	0.0	0.0	0.5	0.0	0.0	0.0	0.0	0.0	0.5	0.0	0.0	0.0	0.0	2.0	"MNS"	3	0.0	0.0	0.0	1.0	1.0	0.33
181	"OBC-W"	"INC"	"Female"	"Pushpa Krishna Koli"	56	"Upto Ninth"		"Yes"	0		4795453.0		98	102	16	19	21	25	2018		22890	"5723"		"SS"	"2187"	51.947	50.132	52.023	58.749		55.125	62.022	63.022	54.365	50.979	37.369	46.193	61.124	41.205	28.1	56.5	57.18667	75.96	54.15	71.305		44.525	0	1	0	0	0	0	2	0	0	0	0	0	0	0	0	0	0	0	0	0	0	0	0	0	0	0	0	0	0	0	0	0		0	0	0	1	0	0	0	0	0	1	0	0	0	0	0	0	0	0	0	0	0	0	0	0	0	0	0	0	0	0	0	0	0	0	0	0	0	0	0	0	0	0	0	0	0	0	0	0	0	0	2017.0	276.0	"F/N"	0.36	1.0		1.0	"OBC"	2	1.0	0.0	0.9607843	0.84210527	0.9507042	0.79924214	0.0	1.0	11.1555	2.2600429316160686	0.0	0.0	0.0	0.0	0.0	0.2	0.6	0.0	0.0	0.0	0.0	0.2	0.0	0.0	0.0	0.0	0.0	5.0	"INC"	2	0.0	0.0	0.0			0.36
182	"W"	"INC"	"Female"	"Meena Shripat Desai"									51	51	14	14	29	30	2011			"6577"		"SS"	"1440"	70.291	67.39	68.537	68.606		71.046	70.389	69.344	65.584	62.602	63.35	71.695	72.296	63.564					93.9575		119		0	6	0	0	0	0	1	1	2	3	5	0	2	1	1	0	3	0	0	0	0	0	0	0	0	0	0	6	0	1	0	1	2	0	0	1	0	0	0	0	0	0	0	0	0	0	0	0	0	0	0	0	0	0	0	0	3	0	0	1	0	0	0	0	2	0	0	0	0	0	0	0	0	0	0	0	0	0	0	0	2	0	0	2007.0	277.0	"G/N"	0.33	1.0		1.0	"G"	1	0.0		1.0	1.0	1.0				14.181818181818183	4.492547768221971	0.045454547	0.0	0.0	0.022727273	0.06818182	0.045454547	0.4090909	0.0	0.11363637	0.022727273	0.022727273	0.0	0.045454547	0.0	0.13636364	0.06818182	0.0	44.0	"INC"	2	0.0	0.0	0.0	1.0	1.0	0.33
182		"MNS"	"Male"	"Virendra Vishnu Tandel"	48	"SSC"		"Yes"	0		6000000.0		69	70	14	14	34	37	2013			"5088"		"Congress"	"207"	60.614	58.234	56.039	58.893	56.597	65.977	72.238	76.809	75.311	64.838	45.108	41.211	44.781	40.803	41.2	45.8	53.416668	77.4275	89.975	76.4625			0	1	0	0	0	0	0	0	1	0	1	0	0	0	1	0	0	0	0	0	0	0	0	0	0	0	0	2	0	0	1	0		0	0	0	0	0	0	0	0	0	0	0	0	0	0	0	0	0	0	0	0	0	0	0	1	0	0	0	0	0	0	0	0	0	0	0	0	0	0	0	0	0	0	0	0	0	0	0	0	0	0	2012.0	278.0	"G/N"	0.33	0.0	"G"	0.0	"G"	1	0.0	0.0	0.98571426	1.0	0.9915254	1.0	0.0	1.0	14.0	3.706802216809629	0.0	0.0	0.0	0.0	0.125	0.0	0.375	0.0	0.125	0.0	0.125	0.0	0.0	0.0	0.25	0.0	0.0	8.0	"MNS"	3	0.0	0.0	0.0	1.0	0.0	0.0
182		"MNS"	"Male"	"Virendra Vishnu Tandel"	49	"SSC"		"Yes"	0		1.2E7		59	65	14	14	31	32	2014							58.626	54.923	46.893	72.507	48.429	66.892	68.001	76.848	70.282	53.522	57.418	60.358	63.374	57.998	10.2	36.2	48.023335	59.5725	72.5625	70.7175			0	0	0	0	0	0	0	0	0	1	0	0	0	0	0	0	0	0	0	0	0	0	0	0	0	0	0	0	0	0	0	0		0	0	0	0	0	0	0	0	0	0	0	0	0	0	0	0	0	0	0	0	0	0	0	0	0	0	0	0	0	0	0	0	0	0	0	0	0	0	0	0	0	0	0	0	0	0	0	0	0	0	2012.0	278.0	"G/N"	0.33	0.0	"G"	0.0	"G"	1	0.0	0.0	0.9076923	1.0	0.94545454	1.0	0.0	1.0	3.0	0.11125827814569536	0.0	0.0	0.0	0.0	0.0	0.0	1.0	0.0	0.0	0.0	0.0	0.0	0.0	0.0	0.0	0.0	0.0	1.0	"MNS"	3	0.0	0.0	0.0	1.0	0.0	0.0
182		"MNS"	"Male"	"Virendra Vishnu Tandel"	50	"SSC"		"Yes"	0		6000000.0		69	79	17	17	52	62	2015							60.034	46.725	56.355	64.707	43.154	74.661	77.632	85.419	81.142	69.495	57.732	59.541	63.123	61.838	9.1	30.3	72.653336	73.6025	72.8325	62.595			0	0	0	0	0	0	1	0	0	0	0	0	0	0	0	0	0	0	0	0	0	1	0	0	0	0	0	0	0	0	0	0		0	0	0	0	0	0	0	0	0	0	0	0	0	0	0	0	0	0	0	0	0	0	0	0	0	0	0	0	0	0	0	0	0	0	0	0	0	0	0	0	0	0	0	0	0	0	0	0	1	0	2012.0	278.0	"G/N"	0.33	0.0	"G"	0.0	"G"	1	0.0	0.0	0.87341774	1.0	0.9324324	1.0	0.0	1.0	10.0	1.2629594721960415	0.0	0.0	0.0	0.0	0.0	0.0	0.33333334	0.0	0.0	0.0	0.0	0.0	0.0	0.0	0.33333334	0.0	0.33333334	3.0	"MNS"	3	0.0	0.0	0.0	1.0	0.0	0.0
182		"MNS"	"Male"	"Virendra Vishnu Tandel"	51	"SSC"		"Yes"	0		5930644.0		69	74	14	14	19	27	2016							71.515	70.757	62.983	80.495	70.258	80.504	82.655	79.241	79.243	64.998	66.072	68.609	77.719	69.737	13.9	31.6	58.643333	72.02	71.1825	70.19			0	3	0	0	0	0	0	0	0	1	0	0	2	0	0	0	0	0	0	0	0	0	0	0	0	0	0	3	0	0	2	0		0	0	0	0	0	0	0	0	0	0	0	0	0	0	0	0	0	0	0	0	0	0	0	2	0	0	0	0	0	0	0	0	0	0	0	0	0	0	0	0	0	0	0	0	0	0	0	0	0	0	2012.0	278.0	"G/N"	0.33	0.0	"G"	0.0	"G"	1	0.0	0.0	0.9324324	1.0	0.95327103	0.49422035	0.0	1.0	14.307692307692308	3.560711631363805	0.15384616	0.0	0.0	0.0	0.15384616	0.0	0.30769232	0.0	0.0	0.0	0.15384616	0.0	0.0	0.0	0.23076923	0.0	0.0	13.0	"MNS"	3	0.0	0.0	0.0	1.0	0.0	0.0
182	"G"	"SS"	"Male"	"Milind Dattaram Vaidya "	54	"HSC"		"Yes"	0		4977538.0		85	102	15	15	59	79	2018		23670	"6899"		"MNS"	"1423"	54.784	43.604	53.772	60.372		72.577	79.212	73.281	78.385	51.727	53.958	68.145	75.882	53.181	53.5	43.1	65.82667	72.6475	76.45	74.625		57.264	0	0	0	0	0	0	2	0	0	0	0	0	0	0	0	0	0	1	0	0	0	0	0	0	0	0	0	0	0	0	1	0		0	0	0	0	0	0	0	0	0	0	0	0	0	0	0	0	0	0	0	0	0	0	0	0	0	0	0	0	0	0	0	0	0	0	0	0	0	0	0	0	0	0	0	0	0	0	0	0	0	0	2017.0	279.0	"G/N"	0.33	0.0		0.0	"G"	1	0.0	0.0	0.8333333	1.0	0.90340906	0.82958966	0.0	1.0	8.597999999999999	1.4655346674752376	0.0	0.0	0.0	0.0	0.0	0.0	0.5	0.25	0.0	0.0	0.25	0.0	0.0	0.0	0.0	0.0	0.0	4.0	"SS"	5	1.0	0.0	0.0			0.0
183		"SS"	"Male"	"Ajit Pandit"									1	51	0	14	0	0	2011			"8698"		"MNS"	"2227"	65.842	63.842	66.444	64.325		66.077	66.254	66.771	63.52	60.24	60.872	65.129	66.892	63.454					78.56		119		0	0	0	0	0	0	0	0	0	0	0	0	0	0	0	0	0	0	0	0	0	0	0	0	0	0	0	0	0	0	0	0		0	0	0	0	0	0	0	0	0	0	0	0	0	0	0	0	0	0	0	0	0	0	0	0	0	0	0	0	0	0	0	0	0	0	0	0	0	0	0	0	0	0	0	0	0	0	0	0	0	0	2007.0	280.0	"G/N"	0.33	0.0		0.0			1.0		0.019607844	0.0	0.015384615				0.0	0.0																		0.0	"SS"	5	1.0	0.0	0.0	1.0	0.0	0.0
183		"MNS"	"Male"	"Manish Dattaram Chavan"	42	"Fourteenth"		"Yes"	2		4505892.5		64	70	14	14	40	50	2013	2		"12676"		"SS"	"3911"	67.524	67.151	64.887	70.091	58.732	60.102	63.54	70.671	64.12	54.785	49.458	48.135	48.687	49.375	19.2	31.4	51.18	56.8475	75.3425	63.9525			0	0	0	0	0	0	0	0	1	0	0	0	0	0	0	0	0	0	0	0	0	0	0	0	0	0	0	0	0	0	0	0		1	0	0	0	0	0	0	0	0	0	0	0	0	0	0	0	0	0	0	0	0	0	0	0	0	0	0	0	0	0	0	0	0	0	0	0	0	0	0	0	0	0	0	0	0	0	0	1	0	0	2012.0	281.0	"G/N"	0.33	0.0	"OBC"	0.0	"OBC"	2	1.0	1.0	0.9142857	1.0	0.9516129	0.7509821	1.0	1.0	14.0	1.0551025450951321	0.0	0.0	0.0	0.33333334	0.0	0.0	0.33333334	0.0	0.0	0.0	0.0	0.0	0.33333334	0.0	0.0	0.0	0.0	3.0	"MNS"	3	0.0	0.0	0.0	1.0	0.0	0.0
183		"MNS"	"Male"	"Manish Dattaram Chavan"	43	"Fourteenth"		"Yes"	2		1.0692E7		56	65	14	14	100	125	2014							64.152	54.542	75.822	78.771	52.585	80.68	88.216	78.044	72.483	59.286	66.457	64.306	63.61	58.373	18.0	21.7	58.21	76.52	77.35	76.6975			0	0	0	0	0	0	0	0	0	0	0	0	0	0	0	0	0	1	0	0	0	0	0	0	0	0	0	1	0	0	0	0		0	0	0	0	0	0	0	0	0	0	0	0	0	0	0	0	0	0	0	0	0	0	0	0	0	0	0	0	0	0	0	0	0	0	0	0	0	0	0	0	0	0	0	0	0	0	0	4	0	0	2012.0	281.0	"G/N"	0.33	0.0	"OBC"	0.0	"OBC"	2	1.0	1.0	0.86153847	1.0	0.9497207	0.891	1.0	1.0	9.0	4.021192052980132	0.0	0.0	0.0	0.0	0.0	0.0	0.0	0.16666667	0.0	0.0	0.0	0.0	0.6666667	0.0	0.16666667	0.0	0.0	6.0	"MNS"	3	0.0	0.0	0.0	1.0	0.0	0.0
183		"MNS"	"Male"	"Manish Dattaram Chavan"	44	"Fourteenth"		"Yes"	2		5722000.0		66	79	14	17	34	75	2015							67.116	50.769	33.621	69.601	61.077	73.139	68.041	75.88	72.825	68.41	63.536	66.279	67.009	65.853	9.1	38.4	59.176666	67.7175	59.5825	67.91			0	0	0	0	0	0	0	0	1	0	0	0	1	0	0	0	0	0	0	0	0	0	0	0	0	0	0	2	0	0	1	0		0	0	0	0	0	0	0	0	0	0	0	0	0	0	0	0	0	0	0	0	0	0	0	0	0	0	0	0	0	0	0	0	0	0	0	0	0	0	0	0	0	0	0	0	0	0	0	1	0	0	2012.0	281.0	"G/N"	0.33	0.0	"OBC"	0.0	"OBC"	2	1.0	1.0	0.835443	0.8235294	0.8769231	0.9536667	1.0	1.0	14.0	2.397109644989004	0.16666667	0.0	0.0	0.0	0.0	0.0	0.16666667	0.0	0.0	0.0	0.16666667	0.0	0.16666667	0.0	0.33333334	0.0	0.0	6.0	"MNS"	3	0.0	0.0	0.0	1.0	0.0	0.0
183		"MNS"	"Male"	"Manish Dattaram Chavan"	45	"Fourteenth"		"Yes"	2		5940205.0		60	74	12	14	34	58	2016	2						60.0	51.957	44.202	75.81	69.025	78.122	78.57	83.67	78.299	69.814	67.586	68.928	70.538	68.668	10.7	19.6	57.74	77.4575	64.86	68.98			0	0	0	0	0	0	0	1	0	0	0	0	0	1	0	0	1	0	0	0	0	0	0	0	0	0	0	1	0	0	0	0		0	0	0	0	0	0	0	0	0	0	0	0	0	0	0	0	0	0	0	0	0	0	0	0	0	0	0	0	0	0	0	0	0	0	0	0	0	0	0	0	0	0	0	0	0	0	0	2	0	0	2012.0	281.0	"G/N"	0.33	0.0	"OBC"	0.0	"OBC"	2	1.0	1.0	0.8108108	0.85714287	0.86885244	0.49501708	1.0	1.0	12.0	1.1171497584541061	0.0	0.0	0.0	0.0	0.0	0.0	0.5	0.0	0.0	0.0	0.0	0.0	0.33333334	0.0	0.16666667	0.0	0.0	6.0	"MNS"	3	0.0	0.0	0.0	1.0	0.0	0.0
183	"OBC-W"	"INC"	"Female"	"Ganga Kunal Mane"	38	"Upto Ninth"		"Yes"	0		4893264.5		93	102	11	15	16	22	2018		29461	"3896"		"SS"	"37"	57.998	63.658	55.33	74.979		71.621	69.841	69.529	66.697	64.15	53.014	52.591	58.329	44.647	22.1	20.4	44.933334	79.83	62.3175	75.1625		45.363	0	0	0	0	0	0	0	0	0	0	0	0	0	0	0	0	0	0	0	0	0	0	0	0	0	0	0	1	0	0	2	0		0	0	0	0	0	0	0	0	0	0	0	0	0	0	0	0	0	0	0	0	0	0	0	0	0	0	0	0	0	0	0	0	0	0	0	0	0	0	0	0	0	0	0	0	0	0	0	0	0	0	2017.0	282.0	"G/N"	0.33	1.0		1.0	"OBC"	2	1.0	0.0	0.9117647	0.73333335	0.90225565	0.81554407	0.0	1.0	5.916	1.2755205174853448	0.0	0.0	0.0	0.0	0.0	0.0	0.0	0.0	0.0	0.0	0.6666667	0.0	0.0	0.0	0.33333334	0.0	0.0	3.0	"INC"	2	0.0	0.0	0.0			0.33
184		"SS"	"Female"	"Snehal Sudhir Jadhav"									34	51	13	14	0	0	2011			"8200"		"MNS"	"3735"	62.173	63.542	62.189	62.905		62.217	62.816	62.058	62.958	61.729	61.368	61.05	60.262	61.462					67.8425		129		0	1	0	0	0	1	0	2	0	0	2	0	0	0	0	0	2	0	0	0	0	0	0	0	0	0	0	1	0	0	1	0		0	0	0	0	0	0	0	0	0	0	0	0	0	0	0	0	0	0	0	0	0	0	0	0	0	0	0	0	0	0	0	0	0	0	0	0	0	0	0	0	0	0	0	0	0	0	0	1	0	0	2007.0	283.0	"G/N"	0.33	1.0		0.0			1.0		0.6666667	0.9285714	0.72307694				12.545454545454547	3.157177880686462	0.0	0.0	0.0	0.0	0.0	0.0	0.45454547	0.0	0.18181819	0.0	0.09090909	0.0	0.09090909	0.0	0.09090909	0.0	0.09090909	11.0	"SS"	5	1.0	0.0	0.0	1.0	0.0	0.0
184		"MNS"	"Male"	"Sudhir Krushna Jadhav"	48	"SSC"		"Yes"	1		5338167.0		64	70	12	14	20	23	2013	1		"9352"		"SS"	"2707"	54.29	48.205	46.707	57.029	55.359	62.564	68.451	67.571	73.172	60.677	56.134	59.64	57.531	52.968	55.5	71.4	60.67	73.095	75.2175	63.7625			0	0	0	0	0	0	0	0	0	1	5	0	0	0	0	0	1	0	0	1	0	0	0	0	0	0	0	5	0	0	0	0		1	0	0	0	0	0	0	0	0	0	0	0	0	0	0	0	0	0	0	0	0	0	0	0	1	0	0	0	0	0	2	1	0	0	0	0	0	0	0	0	0	0	0	0	0	0	0	0	0	0	2012.0	284.0	"G/N"	0.33	0.0	"OBC"	0.0	"OBC"	2	1.0	1.0	0.9142857	0.85714287	0.9230769	0.8896945	0.0	1.0	14.0	2.3152952804546576	0.0	0.0	0.0	0.055555556	0.055555556	0.16666667	0.11111111	0.0	0.2777778	0.055555556	0.0	0.0	0.0	0.0	0.2777778	0.0	0.0	18.0	"MNS"	3	0.0	0.0	0.0	1.0	0.0	0.0
184		"MNS"	"Male"	"Sudhir Krushna Jadhav"	49	"SSC"		"Yes"	1		1.0883E7		52	65	12	14	0	0	2014							66.64	59.897	67.883	71.237	59.953	81.745	84.266	80.255	76.503	63.817	66.457	64.672	58.76	65.59	32.9	39.8	48.576668	58.6625	50.2825	57.2625			0	3	0	0	0	0	0	0	0	0	5	0	0	0	0	0	2	1	0	0	0	0	0	0	0	0	0	4	0	3	0	0	2	0	0	1	0	0	0	0	0	0	0	0	0	0	0	0	0	2	0	0	0	0	0	0	0	0	0	0	0	0	0	0	0	0	0	0	0	0	0	0	1	0	0	0	0	0	0	1	0	0	1	2012.0	284.0	"G/N"	0.33	0.0	"OBC"	0.0	"OBC"	2	1.0	1.0	0.8	0.85714287	0.8101266	0.9069167	0.0	1.0	16.384615384615383	6.22049084534476	0.0	0.0	0.03846154	0.03846154	0.0	0.0	0.26923078	0.03846154	0.1923077	0.0	0.115384616	0.0	0.0	0.03846154	0.1923077	0.07692308	0.0	26.0	"MNS"	3	0.0	0.0	0.0	1.0	0.0	0.0
184		"MNS"	"Male"	"Sudhir Krushna Jadhav"	50	"SSC"		"Yes"	1		6000000.0		46	79	12	17	0	0	2015							62.939	50.753	62.704	88.503	54.805	90.3	91.232	92.649	91.56	77.87	61.787	77.948	88.277	72.005	0.0	0.0	85.17333	79.76	89.9075	74.3525			0	0	0	0	0	0	0	0	0	0	2	0	1	0	0	0	0	0	0	0	0	0	0	0	0	0	0	2	0	0	0	1	3	0	0	0	0	0	0	0	0	0	0	0	0	0	0	0	0	0	1	0	0	0	0	0	0	0	0	0	0	1	0	0	0	0	0	0	0	0	0	0	0	0	0	0	0	0	0	2	2	0	0	2012.0	284.0	"G/N"	0.33	0.0	"OBC"	0.0	"OBC"	2	1.0	1.0	0.5822785	0.7058824	0.6041667	1.0	0.0	1.0	16.2	4.130065975494816	0.06666667	0.0	0.13333334	0.0	0.0	0.06666667	0.06666667	0.0	0.13333334	0.0	0.0	0.0	0.13333334	0.0	0.13333334	0.26666668	0.0	15.0	"MNS"	3	0.0	0.0	0.0	1.0	0.0	0.0
184		"MNS"	"Male"	"Sudhir Krushna Jadhav"	51	"SSC"		"Yes"	1		5526704.0		59	74	13	14	82	123	2016	1						90.368	86.88	84.716	91.376	87.973	88.066	89.263	92.111	87.771	78.535	77.99	80.74	84.309	78.631	0.0	27.5	64.83	83.5875	96.33	85.78			0	4	0	0	0	0	0	0	0	0	3	0	1	0	0	0	0	2	0	1	0	1	0	0	0	0	0	1	0	1	0	1		0	0	0	0	0	0	0	0	0	0	0	0	0	0	0	0	1	0	0	0	0	0	1	0	0	0	0	0	0	0	0	1	0	0	0	0	0	0	0	0	0	0	0	0	0	0	0	0	0	0	2012.0	284.0	"G/N"	0.33	0.0	"OBC"	0.0	"OBC"	2	1.0	1.0	0.7972973	0.9285714	0.90588236	0.46055865	0.0	1.0	11.0	6.263703084355259	0.055555556	0.0	0.0	0.0	0.055555556	0.055555556	0.2777778	0.11111111	0.16666667	0.055555556	0.055555556	0.0	0.0	0.0	0.055555556	0.055555556	0.055555556	18.0	"MNS"	3	0.0	0.0	0.0	1.0	0.0	0.0
184	"G"	"INC"	"Male"	"Babu Safajalli Khan"	47	"Upto Fifth"		"Yes"	0		5316598.0		93	102	14	15	12	16	2018		26119	"7017"		"SS"	"2942"	64.243	51.095	59.637	57.909		68.801	69.409	65.507	65.895	55.129	46.222	57.536	59.293	51.555	61.8	63.6	68.16333	56.485	67.3125	79.8425		54.962	0	0	0	0	0	0	0	0	0	0	0	0	0	0	0	0	0	0	0	0	0	0	0	0	0	0	0	0	0	1	0	0		0	0	0	0	0	0	0	0	0	0	0	0	0	0	0	0	0	0	0	0	0	0	0	0	0	0	0	0	2	1	0	0	0	0	0	0	0	0	0	0	0	0	0	0	0	0	0	0	0	0	2017.0	285.0	"G/N"	0.33	0.0		0.0	"G"	1	0.0	0.0	0.9117647	0.93333334	0.92248064	0.8860997	0.0	1.0	7.07	1.247220537699616	0.0	0.0	0.0	0.0	0.0	0.75	0.0	0.0	0.0	0.0	0.25	0.0	0.0	0.0	0.0	0.0	0.0	4.0	"INC"	2	0.0	0.0	0.0			0.0
185		"MNS"	"Male"	"Prakash Baban Patankar"									32	38	7	10	0	0	2011			"9607"		"MNS"	"909"	68.299	66.623	68.261	67.908		68.756	67.647	68.878	67.981	68.159	67.558	73.374	72.051	70.874					45.6525		119		0	0	0	0	0	0	0	0	0	0	0	0	0	0	0	0	0	0	0	0	0	0	0	0	0	0	0	0	0	0	0	0		0	0	0	0	0	0	0	0	0	0	0	0	0	0	0	0	0	0	0	0	0	0	0	0	0	0	0	0	0	0	0	0	0	0	0	0	0	0	0	0	0	0	0	0	0	0	0	2	0	0	2007.0	286.0	"G/N"	0.33	0.0		0.0			1.0		0.84210527	0.7	0.8125				6.0	0.0	0.0	0.0	0.0	0.0	0.0	0.0	0.0	0.0	0.0	0.0	0.0	0.0	1.0	0.0	0.0	0.0	0.0	2.0	"MNS"	3	0.0	0.0	0.0	1.0	0.0	0.0
185		"MNS"	"Male"	"Sandeep (Yashwant) Sudhakar Deshpande"	39	"M.A."		"Yes"	6		3768464.2		67	70	12	14	55	68	2013	4		"13453"		"SS"	"6263"	59.756	59.283	59.224	61.36	59.3	63.321	62.647	64.515	62.469	57.697	59.291	56.74	62.879	58.841	50.3	35.7	53.056667	69.19	77.705	68.3775			0	1	0	0	0	0	0	0	0	0	1	0	0	0	0	0	0	0	0	0	0	0	0	0	0	0	0	0	0	1	0	0	1	3	0	0	0	0	0	0	0	0	0	0	0	0	0	0	0	0	0	0	0	0	0	0	0	0	0	0	0	0	1	0	0	0	0	0	0	0	0	0	0	0	0	0	0	2	0	0	1	0	0	2012.0	287.0	"G/N"	0.33	0.0	"G"	0.0	"G"	1	0.0	1.0	0.95714283	0.85714287	0.9640288	0.6280774	1.0	1.0	14.0	5.459352606869286	0.0	0.18181819	0.0	0.27272728	0.0	0.09090909	0.09090909	0.0	0.09090909	0.0	0.09090909	0.0	0.09090909	0.0	0.0	0.09090909	0.0	11.0	"MNS"	3	0.0	0.0	0.0	1.0	0.0	0.0
185		"MNS"	"Male"	"Sandeep (Yashwant) Sudhakar Deshpande"	40	"M.A."		"Yes"	5		9768000.0		56	65	12	14	18	52	2014							63.937	63.562	53.423	65.777	53.342	76.735	73.599	78.795	73.614	59.055	56.556	58.627	62.594	62.675	3.6	9.2	55.743332	61.26	55.82	63.7675			0	1	0	0	0	0	0	0	0	0	0	0	0	0	1	0	0	0	0	0	0	0	0	0	0	0	0	5	0	0	0	0		0	0	0	0	0	0	0	0	0	0	0	0	0	0	0	0	0	0	0	0	0	0	0	0	0	0	0	0	0	0	0	0	0	0	0	0	0	0	0	0	0	0	0	0	0	0	0	4	0	1	2012.0	287.0	"G/N"	0.33	0.0	"G"	0.0	"G"	1	0.0	1.0	0.86153847	0.85714287	0.88659793	0.814	1.0	1.0	15.0	5.687858719646799	0.0	0.0	0.0	0.0	0.0	0.0	0.16666667	0.0	0.0	0.0	0.0	0.0	0.33333334	0.0	0.5	0.0	0.0	12.0	"MNS"	3	0.0	0.0	0.0	1.0	0.0	0.0
185		"MNS"	"Male"	"Sandeep (Yashwant) Sudhakar Deshpande"	41	"M.A."		"Yes"	5	1	5729000.0		73	79	11	17	114	161	2015							62.352	46.645	41.244	68.06	63.622	71.123	73.66	79.427	74.078	47.694	51.067	48.118	58.027	57.677	1.6	95.3	58.86	61.7175	86.0825	55.295			0	1	0	0	0	0	0	0	0	2	2	0	4	0	0	0	1	1	0	0	0	0	0	0	0	0	1	0	0	0	0	0		0	0	0	0	0	0	0	0	0	0	0	0	0	0	0	0	0	0	0	0	0	0	0	0	0	0	0	0	0	0	1	0	0	0	0	0	0	0	0	0	0	0	0	0	1	0	1	0	0	1	2012.0	287.0	"G/N"	0.33	0.0	"G"	0.0	"G"	1	0.0	1.0	0.9240506	0.64705884	0.94285715	0.9548333	1.0	1.0	10.125	2.385685316882301	0.25	0.0625	0.0625	0.0	0.0	0.0625	0.25	0.0625	0.125	0.0	0.0625	0.0	0.0	0.0	0.0625	0.0	0.0	16.0	"MNS"	3	0.0	0.0	0.0	1.0	0.0	0.0
185		"MNS"	"Male"	"Sandeep (Yashwant) Sudhakar Deshpande"	42	"M.A."		"Yes"	4	1	5578902.5		59	74	9	14	110	146	2016	5						85.716	65.925	84.186	88.47	68.45	85.214	87.458	84.889	80.612	75.911	74.694	78.47	81.633	79.184	95.9	96.9	63.603333	76.305	97.22	83.41			0	1	0	0	0	0	0	0	0	2	5	0	7	0	0	0	0	3	0	0	0	0	0	0	0	0	0	0	0	1	0	0		0	0	0	0	0	2	0	0	0	0	0	0	0	0	0	0	0	0	0	0	0	0	0	0	0	0	0	0	0	0	0	0	0	0	0	0	0	0	0	1	0	0	0	0	0	0	0	1	0	0	2012.0	287.0	"G/N"	0.33	0.0	"G"	0.0	"G"	1	0.0	1.0	0.7972973	0.64285713	0.8989899	0.46490854	1.0	1.0	9.782608695652174	3.442028985507246	0.3043478	0.0	0.0	0.0	0.0	0.0	0.13043478	0.13043478	0.2173913	0.0	0.04347826	0.08695652	0.04347826	0.04347826	0.0	0.0	0.0	23.0	"MNS"	3	0.0	0.0	0.0	1.0	0.0	0.0
185	"G"	"SS"	"Male"	"Jagdish Makkunny Thaivalapill"	59	"Upto Ninth"		"Yes"	0		5604307.0		81	102	10	15	5	18	2018		21689	"5802"		"BJP"	"680"	51.372	51.099	52.41	49.633		57.704	63.101	61.112	63.896	42.441	45.051	54.6	56.934	52.081	39.5	4.1	47.84667	71.43	58.265	67.665		44.956	0	0	0	0	0	0	0	0	0	0	0	0	0	0	0	0	0	0	0	0	0	0	0	0	0	0	0	0	0	0	0	0		0	0	0	0	0	0	0	0	0	0	0	0	0	0	0	0	0	0	0	0	0	0	0	0	0	0	0	0	0	0	0	0	0	0	0	0	0	0	0	0	0	0	0	0	0	0	0	0	0	0	2017.0	288.0	"G/N"	0.33	0.0		0.0	"G"	1	0.0	0.0	0.7941176	0.6666667	0.78688526	0.93405116	0.0	1.0	0.0	0.0																		0.0	"SS"	5	1.0	0.0	0.0			0.0
186		"SS"	"Male"	"Manohar Laxman Kambli"									39	51	13	16	19	31	2011			"7891"		"INC"	"3030"	75.989	70.507	72.501	72.93		71.59	69.673	71.463	69.474	67.84	68.27	67.649	69.798	70.666					69.8675		129		0	0	0	0	0	0	0	0	0	0	0	0	0	0	0	0	0	0	0	0	0	0	0	0	0	0	0	0	0	0	1	0		0	0	0	0	0	0	0	0	0	0	0	0	0	0	0	0	0	0	0	0	0	0	0	0	0	0	0	0	0	0	0	0	0	0	0	0	0	0	0	0	0	0	0	0	0	0	0	0	0	0	2007.0	289.0	"G/S"	0.56	0.0		0.0			1.0		0.7647059	0.8125	0.8255814				8.0	0.03989626969878316	0.0	0.0	0.0	0.0	0.0	0.0	0.0	0.0	0.0	0.0	1.0	0.0	0.0	0.0	0.0	0.0	0.0	1.0	"SS"	5	1.0	0.0	0.0	0.0	0.0	0.0
186	"W"	"MNS"	"Female"	"Seema Mahesh Shivalkar"	28	"B.Sc."		"Yes"	0		5721427.5		68	70	14	14	17	22	2013			"8728"		"SS"	"1448"	74.355	78.056	73.285	69.155	68.816	67.86	72.642	74.495	73.908	62.086	43.766	45.057	43.666	42.179	30.3	39.6	59.606667	68.85	89.1825	60.5375			0	0	0	0	0	0	1	0	1	0	1	0	0	0	0	0	0	0	0	0	0	0	0	0	0	0	0	2	0	0	1	0		0	0	0	0	0	0	0	0	0	0	0	0	0	0	0	0	0	0	0	0	0	0	1	2	0	0	0	0	0	0	0	0	0	0	0	0	0	0	0	0	0	0	0	0	0	0	0	0	0	0	2012.0	290.0	"G/S"	0.56	1.0	"OBC-W"	1.0	"OBC"	2	1.0	0.0	0.9714286	1.0	0.980198	0.95357126	1.0	1.0	14.0	2.630435855669085	0.0	0.0	0.0	0.0	0.33333334	0.0	0.22222222	0.0	0.11111111	0.0	0.11111111	0.0	0.0	0.0	0.22222222	0.0	0.0	9.0	"MNS"	3	0.0	0.0	0.0	0.0	0.0	0.56
186	"W"	"MNS"	"Female"	"Seema Mahesh Shivalkar"	29	"B.Sc."		"Yes"	0		1.169E7		57	65	13	15	0	0	2014							60.065	58.841	49.483	66.208	62.851	73.52	69.023	84.567	75.072	68.023	65.265	70.915	72.018	68.925	0.0	26.5	56.363335	56.4475	55.37	63.025			0	0	0	0	0	0	1	0	0	0	0	0	0	0	0	0	0	1	0	0	0	0	0	0	0	0	0	2	0	0	0	0		0	0	0	0	0	0	0	0	0	0	0	0	0	0	0	0	0	0	0	0	0	0	0	0	0	0	0	0	0	0	0	0	0	0	0	0	0	0	0	0	0	0	0	0	0	0	0	0	0	0	2012.0	290.0	"G/S"	0.56	1.0	"OBC-W"	1.0	"OBC"	2	1.0	0.0	0.8769231	0.8666667	0.875	0.9741667	1.0	1.0	12.5	5.94679186228482	0.0	0.0	0.0	0.0	0.0	0.0	0.25	0.25	0.0	0.0	0.0	0.0	0.0	0.0	0.5	0.0	0.0	4.0	"MNS"	3	0.0	0.0	0.0	0.0	0.0	0.56
186	"W"	"MNS"	"Female"	"Seema Mahesh Shivalkar"	30	"B.Sc."		"Yes"	0		4567000.0		48	79	14	16	0	0	2015							72.606	74.336	72.716	73.413	76.064	72.692	75.205	72.618	73.554	73.25	73.375	72.905	72.785	74.016	0.6	53.8	56.08	72.62	50.405	67.4425			0	1	0	0	0	0	0	0	0	0	0	0	0	0	0	0	0	0	0	0	0	0	0	0	0	0	0	0	0	0	0	0		0	0	0	0	0	0	0	0	0	0	0	0	0	0	0	0	0	0	0	0	0	0	0	0	0	0	0	0	0	0	0	0	0	0	0	0	0	0	0	0	0	0	0	0	0	0	0	0	0	0	2012.0	290.0	"G/S"	0.56	1.0	"OBC-W"	1.0	"OBC"	2	1.0	0.0	0.6075949	0.875	0.6526316	0.7611667	1.0	1.0	6.0	1.8248175182481752	0.0	0.0	0.0	0.0	0.0	0.0	1.0	0.0	0.0	0.0	0.0	0.0	0.0	0.0	0.0	0.0	0.0	1.0	"MNS"	3	0.0	0.0	0.0	0.0	0.0	0.56
186	"W"	"MNS"	"Female"	"Seema Mahesh Shivalkar"	31	"B.Sc."		"Yes"	0		5560299.0		31	74	16	17	0	0	2016							73.368	63.266	66.417	81.738	63.464	78.36	81.226	77.552	73.668	65.616	68.879	64.689	73.77	71.832	0.0	30.6	64.28333	76.1225	65.6925	57.52			0	0	0	0	0	0	0	0	0	0	0	0	0	0	0	0	0	0	0	0	0	0	0	0	0	2	0	1	0	0	0	1		0	0	0	0	0	0	0	0	0	0	0	0	0	0	0	0	0	0	0	0	0	0	0	0	0	0	0	0	0	0	0	0	0	0	0	0	0	0	0	0	0	0	0	0	0	0	0	2	0	0	2012.0	290.0	"G/S"	0.56	1.0	"OBC-W"	1.0	"OBC"	2	1.0	0.0	0.4189189	0.9411765	0.51648355	0.46335825	1.0	1.0	14.0	2.407643312101911	0.0	0.0	0.0	0.0	0.0	0.0	0.0	0.0	0.0	0.0	0.33333334	0.0	0.33333334	0.0	0.16666667	0.16666667	0.0	6.0	"MNS"	3	0.0	0.0	0.0	0.0	0.0	0.56
186	"OBC"	"SS"	"Male"	"Vasant Shivram Nakashe"	45	"HSC"		"Yes"	0		5325723.0		101	102	13	15	15	16	2018		26759	"8794"		"Congress"	"3019"	44.991	42.928	49.983	54.648		62.849	60.495	59.681	60.821	34.042	36.972	52.774	56.764	48.827	57.7	59.8	53.416668	67.815	57.3375	68.5375		47.766	0	0	0	0	0	0	0	0	0	0	0	0	0	0	0	0	0	0	0	0	0	0	0	0	0	0	0	0	0	0	0	0		0	0	0	0	0	0	0	0	0	0	0	0	0	0	0	0	0	0	0	0	0	0	0	0	0	0	0	0	1	0	0	0	0	0	0	0	0	0	0	0	0	0	0	0	0	0	0	0	0	0	2017.0	291.0	"G/N"	0.33	0.0		0.0	"OBC"	2	1.0	0.0	0.99019605	0.8666667	0.97727275	0.8876205	0.0	1.0	3.432	0.21022842126541338	0.0	0.0	0.0	0.0	0.0	1.0	0.0	0.0	0.0	0.0	0.0	0.0	0.0	0.0	0.0	0.0	0.0	1.0	"SS"	5	1.0	0.0	0.0			0.0
187	"W"	"SS"	"Female"	"Jyoti Laxman Bhosale"									48	51	16	16	29	32	2011			"7295"		"INC"	"3330"	81.87	76.725	80.366	78.249		80.498	78.363	77.72	77.882	78.282	78.629	78.28	77.756	78.366					50.34		119		0	2	0	0	0	0	0	0	0	0	0	0	0	0	2	0	0	1	0	0	0	0	0	0	0	0	0	1	0	2	1	0	1	0	0	0	0	0	0	0	0	0	0	0	0	0	0	0	1	0	0	0	0	0	0	0	6	1	0	0	0	0	0	0	0	0	0	0	0	0	0	0	0	0	0	0	0	0	1	0	4	0	0	2007.0	292.0	"G/S"	0.56	1.0		1.0	"G"	1	0.0		0.9411765	1.0	0.96875				9.91304347826087	6.306175372602661	0.0	0.0	0.0	0.04347826	0.3043478	0.0	0.17391305	0.04347826	0.0	0.0	0.13043478	0.04347826	0.17391305	0.0	0.04347826	0.04347826	0.0	23.0	"SS"	5	1.0	0.0	0.0	0.0	0.0	0.56
187		"MNS"	"Male"	"Santosh Balkrishna Dhuri"	43	"HSC"		"Yes"	0		5420651.0		67	70	12	14	30	43	2013			"5929"		"Congress"	"256"	65.232	57.325	57.05	55.551	58.089	56.29	61.909	61.303	62.333	55.55	51.261	47.972	58.542	52.094	54.7	58.2	63.44	76.6225	79.7875	68.5			0	0	0	0	0	0	0	0	0	0	0	0	1	0	0	0	0	1	0	0	0	0	0	0	0	2	0	1	0	1	0	0		1	0	1	0	4	0	0	0	0	0	0	0	0	0	0	0	0	0	0	0	0	0	0	0	0	0	1	0	0	0	0	0	0	0	0	0	0	0	0	0	0	0	0	0	0	0	0	0	0	3	2012.0	293.0	"G/S"	0.56	0.0	"G"	0.0	"G"	1	0.0	0.0	0.95714283	0.85714287	0.95614034	0.90344185	0.0	1.0	14.625	2.510489165309245	0.0625	0.0	0.0	0.125	0.0	0.0	0.0	0.0625	0.0	0.0625	0.1875	0.25	0.0	0.0	0.25	0.0	0.0	16.0	"MNS"	3	0.0	0.0	0.0	0.0	0.0	0.0
187		"MNS"	"Male"	"Santosh Balkrishna Dhuri"	44	"HSC"		"Yes"	0		1.1347E7		52	65	14	15	26	39	2014							60.583	63.979	67.529	68.717	54.362	74.773	76.755	73.615	70.312	66.233	60.4	57.608	60.302	55.587	31.9	44.5	59.593334	71.865	71.3675	70.6175			0	0	0	0	0	0	2	0	0	0	1	0	1	0	0	0	0	0	0	1	0	0	0	0	0	0	0	0	0	4	0	0	1	0	0	0	0	0	0	0	0	0	0	0	0	0	0	0	0	0	0	0	0	0	0	0	1	0	0	0	0	0	1	0	0	1	0	0	0	0	0	0	0	0	0	0	0	0	0	1	1	0	0	2012.0	293.0	"G/S"	0.56	0.0	"G"	0.0	"G"	1	0.0	0.0	0.8	0.93333334	0.8679245	0.94558334	0.0	1.0	15.2	3.673708920187793	0.06666667	0.0	0.06666667	0.0	0.06666667	0.06666667	0.13333334	0.0	0.06666667	0.06666667	0.26666668	0.0	0.06666667	0.0	0.0	0.06666667	0.06666667	15.0	"MNS"	3	0.0	0.0	0.0	0.0	0.0	0.0
187		"MNS"	"Male"	"Santosh Balkrishna Dhuri"	45	"HSC"		"Yes"	0		4179000.0		62	79	14	16	42	65	2015							65.549	52.444	66.707	82.158	49.32	78.707	81.749	90.787	82.324	60.284	56.124	57.532	69.633	56.689	16.5	88.1	58.873333	63.6425	68.275	73.65			0	1	0	0	0	0	0	0	0	1	1	0	1	0	0	2	0	0	0	0	0	0	0	0	0	0	0	1	0	3	0	0		0	0	0	0	0	0	0	0	0	0	0	0	0	0	0	0	0	0	0	0	1	0	0	0	0	0	0	0	0	0	0	0	0	0	0	0	0	0	0	0	0	0	0	0	0	0	1	1	0	0	2012.0	293.0	"G/S"	0.56	0.0	"G"	0.0	"G"	1	0.0	0.0	0.7848101	0.875	0.8613139	0.6965	0.0	1.0	14.076923076923077	5.1338199513382	0.07692308	0.0	0.07692308	0.0	0.0	0.0	0.30769232	0.0	0.07692308	0.0	0.23076923	0.0	0.07692308	0.0	0.07692308	0.0	0.07692308	13.0	"MNS"	3	0.0	0.0	0.0	0.0	0.0	0.0
187		"MNS"	"Male"	"Santosh Balkrishna Dhuri"	46	"HSC"		"Yes"	0		6309775.5		68	74	17	17	59	75	2016							74.407	73.0	77.073	82.941	71.686	77.015	78.183	77.964	78.475	75.701	78.621	78.183	80.373	78.913	52.6	81.0	75.19	81.295	80.7425	74.265			0	2	0	0	0	0	1	0	1	3	2	2	4	0	0	0	0	2	0	0	0	0	0	0	0	1	0	7	0	3	1	0	1	0	0	0	0	1	1	0	0	0	0	0	0	0	0	0	0	0	1	0	0	0	0	0	0	0	0	0	0	1	1	0	0	1	0	0	0	0	0	0	0	0	0	0	0	1	0	0	1	0	0	2012.0	293.0	"G/S"	0.56	0.0	"G"	0.0	"G"	1	0.0	0.0	0.9189189	1.0	0.96	0.52581465	0.0	1.0	15.473684210526315	5.649461893257193	0.10526316	0.02631579	0.0	0.0	0.0	0.05263158	0.21052632	0.05263158	0.05263158	0.0	0.13157895	0.05263158	0.02631579	0.0	0.18421052	0.02631579	0.078947365	38.0	"MNS"	3	0.0	0.0	0.0	0.0	0.0	0.0
187	"W"	"SS"	"Female"	"Mariammal Muthuramlingam Thevar"	44	"Upto Ninth"		"Yes"	0		4533957.5		85	102	11	15	27	36	2018		27163	"6876"		"Congress"	"782"	65.303	52.395	27.871	77.323		75.858	85.314	89.222	86.559	52.707	50.803	75.937	78.427	72.998	45.9	39.6	51.67	56.3525	89.7225	71.15		58.963	0	0	0	0	0	0	0	0	0	0	0	0	0	0	0	0	0	0	0	0	0	0	0	0	0	0	0	0	0	0	0	0		0	0	0	0	0	0	0	0	0	0	0	0	0	0	0	0	0	0	0	0	0	0	0	0	0	0	0	0	0	0	0	0	0	0	0	0	0	0	0	0	0	0	0	0	0	0	0	1	0	0	2017.0	294.0	"G/N"	0.33	1.0		1.0	"G"	1	0.0	0.0	0.8333333	0.73333335	0.8541667	0.7556596	0.0	1.0	3.432	0.0	0.0	0.0	0.0	0.0	0.0	0.0	0.0	0.0	0.0	0.0	0.0	0.0	1.0	0.0	0.0	0.0	0.0	1.0	"SS"	5	1.0	0.0	0.0			0.33
188		"SS"	"Male"	"Sanjay Gulabrao Agaldare"									21	51	10	16	4	15	2011			"8198"		"INC"	"3212"	63.765	57.654	58.211	58.138		62.142	54.517	54.99	52.754	55.946	53.503	52.396	52.524	53.892					74.225		122		0	1	0	0	0	0	1	0	0	0	0	0	0	0	0	0	0	0	0	0	0	0	0	0	0	0	0	0	0	0	0	1	1	0	0	0	0	0	0	0	0	0	0	0	0	0	0	0	0	0	0	0	0	0	0	0	0	0	0	0	0	0	0	0	0	0	0	0	0	0	0	0	0	0	0	0	0	0	0	0	0	0	0	2007.0	295.0	"G/S"	0.56	0.0		0.0			1.0		0.4117647	0.625	0.49295774				12.5	4.313285457809695	0.0	0.0	0.0	0.0	0.0	0.0	0.5	0.0	0.0	0.0	0.0	0.0	0.0	0.0	0.0	0.5	0.0	4.0	"SS"	5	1.0	0.0	0.0	0.0	0.0	0.0
188	"?"	"SS"	"Female"	"Hemangi Hareshwar Worlikar"	40	"B.A."		"Yes"	0		5523051.0		69	70	14	14	21	25	2013			"NA"		"NA"	"NA"	54.026	55.72	53.139	56.035	58.376	61.826	60.87	62.987	58.339	52.719	50.922	53.411	53.422	53.856	41.4	77.3	62.013332	81.7525	88.0025	79.6525			0	2	0	0	0	0	0	0	0	4	2	0	6	0	0	0	1	0	0	0	0	4	0	0	0	0	0	1	0	1	1	3	3	6	0	0	0	0	0	0	0	0	0	0	0	0	0	0	0	0	0	0	0	0	0	0	0	0	0	0	0	1	0	0	0	1	0	0	0	0	0	0	0	0	0	0	0	0	1	0	0	0	0	2012.0	296.0	"G/S"	0.56	1.0	"W"	1.0	"G"	1	0.0	0.0	0.98571426	1.0	0.9904762	0.9205085	1.0	1.0	16.72972972972973	3.623944913371834	0.16216215	0.0	0.0	0.1891892	0.0	0.027027028	0.1891892	0.0	0.054054055	0.0	0.054054055	0.0	0.0	0.0	0.027027028	0.16216215	0.13513513	37.0	"SS"	5	1.0	0.0	0.0	0.0	0.0	0.56
188	"?"	"SS"	"Female"	"Hemangi Hareshwar Worlikar"	41	"B.A."		"Yes"	0		1.1487E7		65	65	15	15	14	14	2014							62.536	62.407	62.041	73.131	50.124	73.672	72.89	78.392	77.453	53.911	62.604	55.423	61.509	56.488	31.0	32.1	53.416668	72.55	76.9375	73.76			0	1	0	0	0	0	2	0	0	0	0	0	3	0	0	0	0	0	0	0	0	5	0	0	0	1	0	0	0	4	1	2	2	1	0	0	0	0	0	0	0	0	0	0	0	0	0	0	0	0	0	0	0	0	0	0	1	0	0	0	0	1	0	1	1	0	0	0	0	0	0	0	0	0	0	0	0	0	0	0	2	0	0	2012.0	296.0	"G/S"	0.56	1.0	"W"	1.0	"G"	1	0.0	0.0	1.0	1.0	1.0	0.95725	1.0	1.0	15.0	3.1197183098591545	0.10714286	0.0	0.0	0.035714287	0.035714287	0.10714286	0.10714286	0.0	0.0	0.0	0.21428572	0.0	0.071428575	0.0	0.0	0.14285715	0.17857143	28.0	"SS"	5	1.0	0.0	0.0	0.0	0.0	0.56
188	"?"	"SS"	"Female"	"Hemangi Hareshwar Worlikar"	42	"B.A."		"Yes"	0		5427000.0		78	79	14	16	27	34	2015							57.416	47.493	43.785	68.106	55.319	73.851	82.098	81.59	82.521	54.884	52.659	56.844	66.412	66.191	25.2	52.2	60.226665	73.3375	74.71	60.9			0	1	0	0	0	0	4	0	0	0	0	0	2	1	0	0	1	0	0	0	0	1	0	0	0	0	0	4	0	4	0	3	1	0	0	0	0	0	0	0	0	0	0	0	0	0	0	0	0	0	0	0	0	0	0	0	1	0	0	0	0	0	0	0	0	0	0	0	0	0	0	0	0	0	0	0	0	0	0	0	2	0	0	2012.0	296.0	"G/S"	0.56	1.0	"W"	1.0	"G"	1	0.0	0.0	0.98734176	0.875	0.97540987	0.9045	1.0	1.0	13.76	5.755474452554745	0.08	0.0	0.0	0.0	0.04	0.0	0.28	0.0	0.0	0.0	0.16	0.0	0.08	0.0	0.16	0.16	0.04	25.0	"SS"	5	1.0	0.0	0.0	0.0	0.0	0.56
188	"?"	"SS"	"Female"	"Hemangi Hareshwar Worlikar"	43	"B.A."		"Yes"	0		5053485.5		71	74	16	17	146	148	2016							69.488	63.6	69.0	70.7	62.4	75.3	84.7	88.5	89.4	72.7	63.7	58.782	71.9	65.1	81.0	81.0	66.333336	82.1825	75.265	70.1525			0	1	0	0	0	0	3	0	0	0	1	0	0	0	0	0	0	0	0	0	0	0	0	0	0	1	0	8	0	4	1	4	5	0	0	0	0	0	0	0	0	0	0	0	0	0	0	0	0	0	0	0	0	0	0	0	0	0	0	0	0	0	0	0	0	0	0	0	0	0	0	0	0	0	0	0	0	0	0	0	1	0	0	2012.0	296.0	"G/S"	0.56	1.0	"W"	1.0	"G"	1	0.0	0.0	0.9594595	0.9411765	0.98312235	0.4211238	1.0	1.0	9.862068965517242	5.4613284804367614	0.0	0.0	0.0	0.0	0.0	0.0	0.13793103	0.0	0.03448276	0.0	0.20689656	0.0	0.03448276	0.0	0.27586207	0.31034482	0.0	29.0	"SS"	5	1.0	0.0	0.0	0.0	0.0	0.56
188	"W"	"NCP"	"Female"	"Reshmabano Mohammadhasim Khan"	34	"Post Graduate"		"yes"	0		5144067.0		78	102	14	15	29	40	2018		30932	"7150"		"Congress"	"18"	54.815	60.284	60.646	54.865		56.93	60.911	62.33	75.182	59.215	42.927	50.677	67.781	45.748	17.3	20.9	49.62	68.955	61.4325	64.33		44.773	0	0	0	0	0	0	0	0	0	0	0	0	0	0	0	0	0	0	0	0	0	0	0	0	0	0	0	0	0	0	0	0		0	0	0	0	0	0	0	0	0	0	0	0	0	0	0	0	0	0	0	0	0	0	0	0	0	0	0	0	0	0	0	0	0	0	0	0	0	0	0	0	0	0	0	0	0	0	0	0	0	0	2017.0	297.0	"G/N"	0.33	1.0		1.0	"G"	1	0.0	0.0	0.7647059	0.93333334	0.8287671	0.8573445	1.0	1.0	0.0	0.0																		0.0	"NCP"	4	0.0	0.0	0.0			0.33
189		"SS"	"Male"	"Madhukar Rajaram Dalvi"									36	51	10	16	22	46	2011			"5686"		"MNS"	"2555"	77.339	74.778	74.862	75.002		76.63	75.136	75.06	74.536	74.519	74.336	75.088	75.143	74.818					76.1825		124		0	0	0	0	0	0	0	0	0	0	0	0	0	0	1	0	0	0	0	0	0	0	0	0	0	0	0	2	0	0	0	0	2	0	0	0	0	0	0	0	0	0	0	0	0	0	0	0	0	0	0	0	0	0	0	0	1	0	0	0	0	1	0	0	0	0	0	0	0	0	0	0	0	0	0	0	0	1	1	0	1	0	0	2007.0	298.0	"G/S"	0.56	0.0		0.0			1.0		0.7058824	0.625	0.76404494				13.2	2.290045880710154	0.0	0.1	0.0	0.1	0.1	0.1	0.1	0.0	0.0	0.0	0.0	0.0	0.1	0.0	0.2	0.2	0.0	10.0	"SS"	5	1.0	0.0	0.0	0.0	0.0	0.0
189	"?"	"SS"	"Female"	"Mansi Madhukar Dalvi"	40	"Thirteenth"		"Yes"	0		5624507.5		47	70	11	14	26	41	2013			"NA"		"NA"	"NA"	58.584	58.019	53.732	62.41	54.71	62.66	64.744	70.35	65.93	54.215	52.311	45.954	59.774	54.84	24.4	38.0	54.39	64.755	53.285	65.7125			0	0	0	0	0	0	0	0	0	0	0	0	0	0	0	0	0	0	0	0	0	0	0	0	0	0	0	0	0	0	0	0	1	0	0	0	0	0	0	0	0	0	0	0	0	0	0	0	0	0	0	0	0	0	0	0	0	0	0	0	0	0	0	1	0	0	0	0	0	0	0	0	0	0	0	0	0	0	0	0	1	0	0	2012.0	299.0	"G/S"	0.56	1.0	"W"	1.0	"G"	1	0.0	0.0	0.67142856	0.78571427	0.76363635	0.9374179	1.0	1.0	12.0	0.564193691692581	0.0	0.0	0.0	0.0	0.0	0.33333334	0.0	0.0	0.0	0.0	0.0	0.0	0.33333334	0.0	0.0	0.33333334	0.0	3.0	"SS"	5	1.0	0.0	0.0	0.0	0.0	0.56
189	"?"	"SS"	"Female"	"Mansi Madhukar Dalvi"	41	"Thirteenth"		"Yes"	0		1.1468E7		39	65	11	15	23	36	2014							65.211	60.25	57.831	71.894	49.735	76.868	80.391	86.868	83.084	52.463	64.19	65.032	66.399	64.789	25.1	40.8	50.826668	67.02	61.935	64.8125			0	0	0	0	0	0	0	0	0	0	0	0	0	0	0	0	0	0	1	0	0	0	0	0	0	0	0	1	0	0	0	0		0	0	0	0	0	0	0	0	0	0	0	0	0	0	0	0	0	0	0	0	0	0	0	0	0	0	0	0	0	0	0	0	0	0	0	0	0	0	0	0	0	0	0	0	0	0	0	2	0	0	2012.0	299.0	"G/S"	0.56	1.0	"W"	1.0	"G"	1	0.0	0.0	0.6	0.73333335	0.70873785	0.95566666	1.0	1.0	10.5	4.221439749608764	0.0	0.0	0.0	0.0	0.0	0.0	0.0	0.0	0.0	0.0	0.0	0.0	0.6666667	0.0	0.33333334	0.0	0.0	3.0	"SS"	5	1.0	0.0	0.0	0.0	0.0	0.56
189	"?"	"SS"	"Female"	"Mansi Madhukar Dalvi"	42	"Thirteenth"		"Yes"	0		4539000.0		47	79	14	16	40	65	2015							85.689	81.295	79.378	80.761	80.995	80.346	78.463	79.491	80.343	78.841	77.451	77.912	79.911	78.24	8.6	32.8	67.136665	77.18	68.03	70.9125			0	0	0	0	0	0	0	0	0	0	1	0	1	0	0	0	0	0	0	0	0	0	0	0	0	0	0	0	0	1	0	0		0	0	0	0	0	0	0	0	0	1	0	0	0	0	0	0	0	0	0	0	0	0	0	0	0	0	0	0	0	0	0	0	0	0	0	0	0	0	0	0	0	0	0	0	0	0	0	3	0	0	2012.0	299.0	"G/S"	0.56	1.0	"W"	1.0	"G"	1	0.0	0.0	0.5949367	0.875	0.74814814	0.7565	1.0	1.0	11.142857142857142	2.5060827250608275	0.14285715	0.0	0.0	0.0	0.0	0.0	0.0	0.0	0.14285715	0.0	0.14285715	0.14285715	0.42857143	0.0	0.0	0.0	0.0	7.0	"SS"	5	1.0	0.0	0.0	0.0	0.0	0.56
189	"?"	"SS"	"Female"	"Mansi Madhukar Dalvi"	43	"Thirteenth"		"Yes"	0		5990802.0		36	74	12	17	33	48	2016							67.064	63.024	65.044	66.761	71.407	74.336	69.387	65.246	66.155	61.711	65.044	64.337	64.236	67.367	2.0	23.2	46.8	68.97	60.525	73.99			0	1	0	0	0	0	0	0	0	0	0	0	1	0	0	0	0	0	0	0	0	0	0	0	0	0	0	0	0	0	0	0		0	0	0	0	0	0	0	0	0	0	0	0	0	0	0	0	0	0	0	0	0	0	0	0	0	0	0	0	1	0	0	0	0	0	0	0	0	0	0	0	0	0	0	1	0	0	0	1	0	0	2012.0	299.0	"G/S"	0.56	1.0	"W"	1.0	"G"	1	0.0	0.0	0.4864865	0.7058824	0.6532258	0.4992335	1.0	1.0	6.0	2.0191082802547773	0.2	0.0	0.0	0.0	0.0	0.2	0.2	0.0	0.0	0.0	0.0	0.0	0.2	0.2	0.0	0.0	0.0	5.0	"SS"	5	1.0	0.0	0.0	0.0	0.0	0.56
189	"W"	"SS"	"Female"	"Harshala Ashish More"	44	"Graduate"		"Yes"	0		4777015.5		56	102	12	15	9	14	2018		27256	"5920"	"YES"	"SS"	"2467"	56.239	51.48	50.185	49.315		68.55	67.374	61.453	62.674	57.383	51.101	49.818	60.426	50.263	6.3	62.2	73.496666	60.79	59.3	76.8025		54.475	0	0	0	0	0	0	0	0	0	0	0	0	0	0	0	0	0	0	0	0	0	0	0	0	0	0	0	0	0	0	0	0	1	0	0	0	0	0	0	0	0	0	0	0	0	0	0	0	0	0	0	0	0	0	0	0	0	0	0	0	0	0	0	0	0	0	0	0	0	0	0	0	0	0	0	0	0	0	0	0	0	0	0	2017.0	300.0	"G/N"	0.33	1.0		1.0	"G"	1	0.0	0.0	0.54901963	0.8	0.6111111	0.7961692	1.0	1.0	4.776	0.6347281180513442	0.0	0.0	0.0	0.0	0.0	0.0	0.0	0.0	0.0	0.0	0.0	0.0	0.0	0.0	0.0	1.0	0.0	1.0	"SS"	5	1.0	0.0	0.0			0.33
190		"SS"	"Male"	"Jagdish Harischandra Sawant "									49	51	12	16	28	31	2011			"5732"		"INC"	"2019"	81.086	76.442	78.486	75.364		76.643	78.142	76.849	76.54	76.137	76.583	75.548	76.75	76.065					45.3675		122		0	2	0	0	1	0	1	2	2	0	0	0	2	0	1	0	2	1	0	1	0	0	0	0	0	1	0	1	0	0	0	0	8	0	0	0	0	0	0	0	0	0	0	0	0	0	0	0	0	0	2	0	0	0	0	0	1	0	0	0	0	0	1	1	0	0	0	0	0	0	0	0	0	0	0	0	0	0	0	0	1	0	0	2007.0	304.0	"G/S"	0.56	0.0		0.0			1.0		0.9607843	0.75	0.9368421				15.741935483870968	4.474366646718533	0.06451613	0.0	0.0	0.0	0.032258064	0.06451613	0.41935483	0.032258064	0.0	0.032258064	0.032258064	0.0	0.032258064	0.0	0.032258064	0.2580645	0.0	31.0	"SS"	5	1.0	0.0	0.0	0.0	0.0	0.0
190	"?"	"MNS"	"Female"	"Hemlata Vinod Wange"	43	"Ninth"		"Yes"	0		3220450.2		40	70	11	14	14	25	2013			"NA"		"NA"	"NA"	66.018	54.657	65.114	64.062	52.707	64.795	60.648	61.176	64.866	51.779	49.929	46.014	57.427	51.239	72.9	75.4	79.363335	87.5775	78.9675	78.4225			0	0	0	0	0	0	0	0	0	0	0	0	0	0	0	0	0	0	0	0	0	0	0	0	0	0	0	0	0	0	0	0		0	0	0	0	0	0	0	0	0	0	0	0	0	0	0	0	0	0	0	0	0	0	0	0	0	0	0	0	0	0	0	0	0	0	0	0	0	0	0	0	0	0	0	0	0	0	0	1	0	0	2012.0	305.0	"G/S"	0.56	1.0	"W"	1.0	"G"	1	0.0	0.0	0.5714286	0.78571427	0.6632653	0.53674173	0.0	1.0	6.0	0.0	0.0	0.0	0.0	0.0	0.0	0.0	0.0	0.0	0.0	0.0	0.0	0.0	1.0	0.0	0.0	0.0	0.0	1.0	"MNS"	3	0.0	0.0	0.0	0.0	0.0	0.56
190	"?"	"MNS"	"Female"	"Hemlata Vinod Wange"	44	"Ninth"		"Yes"	0		9214000.0		28	65	12	15	9	22	2014							54.484	52.58	53.282	67.713	49.105	76.53	78.559	83.281	79.921	61.433	65.7	66.506	67.817	65.862	24.6	37.9	57.03	71.965	67.73	65.335			0	0	0	0	0	0	0	0	0	0	0	0	0	0	0	0	0	0	0	0	0	0	0	0	0	0	0	0	0	0	0	0		0	0	0	0	0	0	0	0	0	0	0	0	0	0	0	0	0	0	0	0	0	0	0	0	0	0	0	0	0	0	0	0	0	0	0	0	0	0	0	0	0	0	0	0	0	0	0	0	0	0	2012.0	305.0	"G/S"	0.56	1.0	"W"	1.0	"G"	1	0.0	0.0	0.43076923	0.8	0.5505618	0.76783335	0.0	1.0	0.0	0.0																		0.0	"MNS"	3	0.0	0.0	0.0	0.0	0.0	0.56
190	"?"	"MNS"	"Female"	"Hemlata Vinod Wange"	45	"Ninth"		"Yes"	0		5446000.0		31	79	10	16	20	41	2015							79.79	62.248	80.198	85.451	73.886	79.294	81.262	89.482	87.215	64.898	60.37	72.454	81.653	78.562	5.7	27.5	70.72	81.24	83.4625	84.1825			0	0	0	0	0	0	0	0	0	0	0	0	0	0	0	0	0	0	0	0	0	0	0	0	0	0	0	0	0	0	0	0		0	0	0	0	0	0	0	0	0	0	0	0	0	0	0	0	0	0	0	0	0	0	0	0	0	0	0	0	0	0	0	0	0	0	0	0	0	0	0	0	0	0	0	0	0	0	0	1	0	0	2012.0	305.0	"G/S"	0.56	1.0	"W"	1.0	"G"	1	0.0	0.0	0.39240506	0.625	0.5304348	0.9076667	0.0	1.0	6.0	0.0	0.0	0.0	0.0	0.0	0.0	0.0	0.0	0.0	0.0	0.0	0.0	0.0	1.0	0.0	0.0	0.0	0.0	1.0	"MNS"	3	0.0	0.0	0.0	0.0	0.0	0.56
190	"?"	"MNS"	"Female"	"Hemlata Vinod Wange"	46	"Ninth"		"Yes"	0		5336607.5		29	74	8	17	1	27	2016							75.042	63.752	66.513	80.088	56.014	74.584	72.653	87.239	84.315	73.119	68.715	73.676	75.781	65.134	39.4	52.3	60.556667	65.88	80.6625	65.5925			0	0	0	0	0	0	0	0	0	0	0	0	0	0	0	0	0	0	0	0	0	0	0	0	0	0	0	0	0	0	0	0		0	0	0	0	0	0	0	0	0	0	0	0	0	0	0	0	0	0	0	0	0	0	0	0	0	0	0	0	0	0	0	0	0	0	0	0	0	0	0	0	0	0	0	0	0	0	0	0	0	0	2012.0	305.0	"G/S"	0.56	1.0	"W"	1.0	"G"	1	0.0	0.0	0.3918919	0.47058824	0.41304347	0.4447173	0.0	1.0	0.0	0.0																		0.0	"MNS"	3	0.0	0.0	0.0	0.0	0.0	0.56
190	"OBC-W"	"BJP"	"Female"	"Sheetal Suresh Gambhir"	37	"Graduate"		"Yes"	0		4229368.5		63	102	11	15	21	36	2018		29892	"8401"		"SS"	"443"	76.928	66.602	70.585	70.978		80.695	72.546	81.283	66.303	71.937	53.92	59.744	61.267	62.728	35.2	40.3	74.99333	49.49	68.775	73.01		60.951	0	0	0	0	0	0	0	0	0	0	0	0	0	0	0	0	0	0	0	0	0	0	0	0	0	0	0	0	0	0	0	0		0	0	1	0	0	0	0	0	0	0	0	0	0	0	0	0	0	0	0	0	0	0	0	0	0	0	0	0	1	0	1	0	0	0	0	0	0	0	0	0	0	0	0	0	0	0	0	1	0	0	2017.0	306.0	"G/N"	0.33	1.0		1.0	"OBC"	2	1.0	0.0	0.61764705	0.73333335	0.6884058	0.7048947	1.0	1.0	4.41	0.21022842126541338	0.0	0.0	0.0	0.25	0.0	0.5	0.0	0.0	0.0	0.0	0.0	0.0	0.25	0.0	0.0	0.0	0.0	4.0	"BJP"	1	0.0	0.0	0.0			0.33
191		"SS"	"Male"	"Ashish Ramnath Chemburkar"									46	51	11	16	0	0	2011			"10326"		"NCP"	"6229"	75.53	75.316	73.043	72.28		74.813	72.146	69.889	72.049	69.3	72.015	70.041	71.168	70.877					46.25		122		0	2	0	0	0	0	0	0	0	0	0	0	0	0	1	0	0	0	0	0	0	0	0	0	0	0	0	0	0	1	0	0	1	0	0	0	0	0	0	0	0	0	0	0	0	0	0	0	0	0	0	0	0	0	0	0	0	0	0	0	0	1	0	0	0	0	0	0	0	0	0	0	0	0	0	0	0	0	0	0	0	0	0	2007.0	307.0	"G/S"	0.56	0.0		0.0			1.0		0.9019608	0.6875	0.8507463				12.0	5.481747456612807	0.0	0.0	0.0	0.0	0.0	0.16666667	0.5	0.0	0.0	0.0	0.16666667	0.0	0.0	0.0	0.0	0.16666667	0.0	6.0	"SS"	5	1.0	0.0	0.0	0.0	0.0	0.0
191	"W"	"SS"	"Female"	"Kishori Kishor Pednekar"	50	"SSC"		"Yes"	2	1	5761586.0		61	70	11	14	81	93	2013	3		"9612"		"MNS"	"3898"	64.798	49.692	65.986	68.931	60.171	75.467	76.204	84.954	87.546	57.786	50.969	48.138	65.618	69.347	79.9	89.2	65.46333	77.2325	75.42	70.7675			0	1	0	0	0	0	0	0	0	0	0	1	2	1	0	1	0	1	0	0	0	0	0	0	0	0	0	3	0	0	0	0	1	3	0	1	0	0	0	0	0	0	0	0	0	0	0	0	0	0	0	0	0	0	0	0	2	0	0	0	0	0	0	0	0	0	0	0	0	0	0	1	0	0	0	0	0	0	0	0	0	0	0	2012.0	308.0	"G/S"	0.56	1.0	"W"	1.0	"G"	1	0.0	1.0	0.87142855	0.78571427	0.92727274	0.9602643	0.0	1.0	14.0	2.341675304802804	0.11111111	0.0	0.0	0.22222222	0.11111111	0.0	0.16666667	0.055555556	0.0	0.0	0.0	0.0	0.0	0.055555556	0.16666667	0.055555556	0.055555556	18.0	"SS"	5	1.0	0.0	0.0	0.0	0.0	0.56
191	"W"	"SS"	"Female"	"Kishori Kishor Pednekar"	51	"SSC"		"Yes"	2	1	1.1665E7		57	65	11	15	96	132	2014							59.01	56.09	67.679	75.255	52.244	76.293	81.739	80.876	69.817	63.216	67.104	67.125	61.344	57.973	35.6	35.9	52.083332	62.2175	45.91	51.7925			2	2	0	0	0	0	0	0	1	0	1	1	2	0	0	0	0	0	0	0	0	0	0	0	0	0	0	1	0	0	1	0	1	0	0	0	0	0	0	0	0	0	0	0	0	0	0	0	0	0	0	0	0	0	0	0	0	0	0	0	0	0	0	1	0	0	0	0	0	0	0	0	0	0	0	0	0	0	0	0	3	0	0	2012.0	308.0	"G/S"	0.56	1.0	"W"	1.0	"G"	1	0.0	1.0	0.8769231	0.73333335	0.9318182	0.97208333	0.0	1.0	11.5	4.523474178403756	0.125	0.0	0.0	0.0	0.0	0.0625	0.1875	0.0	0.0625	0.0	0.0625	0.0	0.1875	0.0	0.0625	0.0625	0.1875	16.0	"SS"	5	1.0	0.0	0.0	0.0	0.0	0.56
191	"W"	"SS"	"Female"	"Kishori Kishor Pednekar"	52	"SSC"		"Yes"	2	1	5167000.0		55	79	10	16	141	188	2015							61.791	44.668	26.164	59.286	54.13	69.162	67.161	77.339	72.689	67.141	49.244	55.622	63.261	58.068	76.9	78.0	70.88	70.4325	70.615	71.07			0	0	0	0	0	0	0	0	0	2	2	0	1	0	0	0	0	6	0	0	0	0	0	0	0	0	0	1	0	0	0	0		0	0	0	0	0	0	0	0	0	0	0	0	0	0	0	0	0	0	0	0	0	0	0	0	0	0	0	0	1	0	0	0	0	0	0	0	0	0	0	0	0	0	0	0	0	0	2	0	0	0	2012.0	308.0	"G/S"	0.56	1.0	"W"	1.0	"G"	1	0.0	1.0	0.6962025	0.625	0.87288135	0.86116666	0.0	1.0	10.2	2.9249217935349323	0.06666667	0.0	0.13333334	0.0	0.0	0.06666667	0.13333334	0.4	0.13333334	0.0	0.0	0.0	0.0	0.0	0.06666667	0.0	0.0	15.0	"SS"	5	1.0	0.0	0.0	0.0	0.0	0.56
191	"W"	"SS"	"Female"	"Kishori Kishor Pednekar"	53	"SSC"		"Yes"	2	1	6036384.0		68	74	12	17	131	151	2016	3						97.307	94.383	92.922	96.076	94.546	95.384	93.615	95.076	94.239	89.459	87.761	89.546	88.842	90.229	6.2	56.2	81.026665	88.6	95.9	87.4075			0	1	0	0	0	0	0	0	0	0	1	0	2	1	0	0	0	5	0	0	0	1	0	0	0	0	0	2	0	0	0	0		0	0	0	0	0	0	0	0	0	0	0	0	0	0	0	0	0	0	0	0	0	0	0	0	0	0	0	0	0	0	0	1	0	0	0	0	0	0	0	0	0	0	0	0	0	0	0	8	0	0	2012.0	308.0	"G/S"	0.56	1.0	"W"	1.0	"G"	1	0.0	1.0	0.9189189	0.7058824	0.9504505	0.503032	0.0	1.0	8.454545454545455	4.925386715195632	0.09090909	0.0	0.0	0.0	0.0	0.045454547	0.09090909	0.22727273	0.045454547	0.0	0.0	0.0	0.36363637	0.0	0.09090909	0.0	0.045454547	22.0	"SS"	5	1.0	0.0	0.0	0.0	0.0	0.56
191	"W"	"SS"	"Female"	"Vishakha Sharad Raut"	56	"Graduate"		"Yes"	5		4397011.5		88	102	5	15	55	59	2018	5	22932	"10660"		"BJP"	"2363"	49.354	32.665	62.656	60.573		73.461	80.046	74.07	72.233	70.012	57.278	69.172	69.046	62.806	55.7	25.5	69.22667	47.0925	78.305	71.395		63.928	0	0	0	0	0	0	0	1	0	0	1	0	0	0	0	0	1	2	0	0	0	0	0	0	0	0	0	3	3	0	0	0		0	0	0	0	0	0	0	0	0	0	0	0	0	0	0	0	0	0	0	0	0	0	0	0	0	0	0	0	0	0	0	0	0	0	0	0	0	0	0	0	0	0	0	0	0	0	0	0	0	0	2017.0	309.0	"G/N"	0.33	1.0		1.0	"G"	1	0.0	1.0	0.8627451	0.33333334	0.8604651	0.73283523	1.0	1.0	11.414	2.574034768546594	0.0	0.0	0.0	0.0	0.0	0.0	0.18181819	0.18181819	0.09090909	0.0	0.0	0.0	0.0	0.0	0.27272728	0.0	0.27272728	11.0	"SS"	5	1.0	0.0	0.0			0.33
192		"IND"	"Male"	"Parshuram Dattatray Desai"									47	51	12	16	37	46	2011			"3541"		"NCP"	"696"	64.932	61.759	63.936	66.064		64.347	60.587	59.128	60.781	58.095	60.51	58.12	60.879	59.9					83.96		121		0	0	0	0	0	0	0	0	0	0	0	0	1	0	0	0	1	0	0	0	0	0	0	0	0	1	0	1	0	1	0	0		0	0	0	0	0	0	0	0	0	0	0	0	0	0	0	0	0	1	0	0	0	0	2	2	1	0	0	0	0	0	0	0	0	0	0	0	0	0	0	0	0	0	0	0	0	0	0	1	0	0	2007.0	310.0	"G/S"	0.56	0.0		0.0			1.0		0.92156863	0.75	0.9230769				13.5	2.760821863155795	0.083333336	0.0	0.0	0.0	0.41666666	0.0	0.16666667	0.0	0.0	0.0	0.16666667	0.0	0.083333336	0.0	0.083333336	0.0	0.0	12.0	"_Other"	6	0.0	0.0	0.0	0.0	0.0	0.0
192	"W"	"NCP"	"Female"	"Ratna Raghunath Mahale"	43	"B.A."	"L.L.B (Appeared)"	"Not given"	0		5758602.0		57	70	14	14	42	50	2013			"5340"		"MNS"	"739"	70.271	62.013	64.761	62.905	60.389	64.866	65.782	79.888	74.038	62.371	56.841	57.727	66.274	61.482	60.0	63.4	64.35	81.6675	76.485	71.3875			0	4	0	0	0	0	1	0	0	0	1	0	0	0	1	0	0	0	0	0	0	0	0	2	0	1	0	1	0	0	0	0	1	0	0	0	0	0	0	0	0	0	0	0	0	0	0	0	0	0	0	0	0	0	0	0	0	0	0	0	0	0	1	0	0	0	0	0	0	0	0	0	0	0	0	0	0	0	1	0	0	0	0	2012.0	311.0	"G/S"	0.56	1.0	"OBC-W"	1.0	"OBC"	2	1.0	0.0	0.8142857	1.0	0.8968254	0.959767	1.0	0.0	5.142857142857143	5.491337183474011	0.0	0.0	0.0	0.071428575	0.0	0.071428575	0.42857143	0.0	0.071428575	0.0	0.21428572	0.0	0.0	0.0	0.071428575	0.071428575	0.0	14.0	"NCP"	4	0.0	0.0	0.0	0.0	0.0	0.56
192	"W"	"NCP"	"Female"	"Ratna Raghunath Mahale"	44	"B.A."	"L.L.B (Appeared)"	"Not given"	0		1.1724E7		44	65	14	15	40	48	2014							70.749	62.766	75.14	69.499	70.997	80.029	79.54	78.799	75.771	60.32	65.526	55.853	63.061	63.129	6.0	33.6	59.226665	71.725	51.4175	70.5575			0	3	0	0	0	0	0	0	0	1	0	0	2	0	0	0	0	0	0	0	0	0	0	0	0	0	0	2	0	0	0	0	1	0	0	0	0	0	0	0	0	0	0	0	0	0	0	0	0	0	0	0	0	0	0	0	0	2	0	0	0	1	0	0	0	0	0	0	0	0	0	0	0	0	0	0	0	0	0	0	0	0	0	2012.0	311.0	"G/S"	0.56	1.0	"OBC-W"	1.0	"OBC"	2	1.0	0.0	0.6769231	0.93333334	0.81666666	0.977	1.0	0.0	12.0	3.5798122065727696	0.16666667	0.0	0.0	0.0	0.16666667	0.083333336	0.33333334	0.0	0.0	0.0	0.0	0.0	0.0	0.0	0.16666667	0.083333336	0.0	12.0	"NCP"	4	0.0	0.0	0.0	0.0	0.0	0.56
192	"W"	"NCP"	"Female"	"Ratna Raghunath Mahale"	45	"B.A."	"L.L.B (Appeared)"	"Not given"	0		4690000.0		48	79	16	16	55	105	2015							51.919	44.493	31.922	54.143	46.976	75.481	68.319	82.842	78.033	51.447	41.067	52.896	65.712	53.679	0.0	78.8	73.19666	75.225	77.9425	55.9075			0	1	0	0	0	0	0	0	1	1	0	0	1	0	0	0	0	0	0	0	0	0	0	0	0	2	0	2	0	1	2	0		0	0	0	0	0	0	0	0	0	0	0	0	0	0	0	0	0	0	0	0	0	0	0	2	1	0	0	0	0	0	0	0	0	0	0	0	0	0	0	0	0	0	0	0	0	0	1	0	0	0	2012.0	311.0	"G/S"	0.56	1.0	"OBC-W"	1.0	"OBC"	2	1.0	0.0	0.6075949	1.0	0.79333335	0.7816667	1.0	0.0	16.4	4.83489746263469	0.06666667	0.0	0.06666667	0.0	0.2	0.0	0.2	0.0	0.0	0.0	0.33333334	0.0	0.0	0.0	0.13333334	0.0	0.0	15.0	"NCP"	4	0.0	0.0	0.0	0.0	0.0	0.56
192	"W"	"NCP"	"Female"	"Ratna Raghunath Mahale"	46	"B.A."	"L.L.B (Appeared)"	"Not given"	0		6043925.0		44	74	14	17	40	58	2016							68.552	59.768	56.749	79.029	63.015	71.445	74.098	83.243	81.329	72.592	59.158	65.897	71.347	62.695	3.6	79.5	58.226665	60.855	73.6375	64.335			0	0	0	0	0	0	2	1	1	0	2	0	0	0	0	0	0	0	0	0	0	0	0	0	0	0	0	1	0	0	2	2		0	0	0	0	0	0	0	0	0	0	0	0	0	0	0	0	0	0	0	0	0	0	0	1	0	0	0	0	0	0	0	0	0	0	0	0	0	0	0	0	0	0	0	0	0	0	0	5	0	0	2012.0	311.0	"G/S"	0.56	1.0	"OBC-W"	1.0	"OBC"	2	1.0	0.0	0.5945946	0.8235294	0.7480916	0.50366044	1.0	0.0	14.0	4.849256900212314	0.0	0.0	0.0	0.0	0.05882353	0.0	0.23529412	0.0	0.11764706	0.0	0.11764706	0.0	0.29411766	0.0	0.05882353	0.11764706	0.0	17.0	"NCP"	4	0.0	0.0	0.0	0.0	0.0	0.56
192	"W"	"SS"	"Female"	"Priti Prakash Patankar"	47	"Upto Ninth"		"Yes"	0		5192040.5		99	102	14	15	57	60	2018		26170	"10525"		"MNS"	"2097"	53.091	40.149	51.545	56.923		71.562	68.824	80.184	81.246	63.512	66.654	71.49	75.286	69.706	38.8	10.2	47.016666	93.69	76.0825	61.8825		66.826	0	0	0	0	0	0	0	0	0	0	0	0	0	0	0	0	0	0	0	0	0	0	0	0	0	0	0	0	0	0	0	0		0	0	0	0	0	0	0	0	0	0	0	0	0	0	0	0	0	0	0	0	0	0	0	0	0	0	0	0	0	0	0	0	0	0	0	0	0	0	0	0	0	0	0	0	0	0	0	0	0	0	2017.0	312.0	"G/N"	0.33	1.0		1.0	"G"	1	0.0	0.0	0.9705882	0.93333334	0.9770115	0.86534005	0.0	1.0	0.0	0.0																		0.0	"SS"	5	1.0	0.0	0.0			0.33
193		"BJP"	"Male"	"Chandrakant Ramchandra Pugaonkar"									47	51	15	16	57	64	2011			"4642"		"INC"	"1683"	71.665	66.663	62.329	72.242		73.187	63.666	73.273	69.079	63.354	63.035	66.426	68.271	63.56					62.9425		127		0	1	0	0	0	0	2	0	0	0	0	0	2	0	0	0	0	0	0	0	0	0	0	0	0	0	0	4	0	2	1	0	6	0	0	0	0	0	0	0	0	0	0	0	0	0	0	0	0	0	0	0	0	0	0	0	4	0	2	0	0	0	0	0	1	0	0	0	0	0	0	0	0	0	0	0	0	0	0	0	0	2	0	2007.0	313.0	"G/S"	0.56	0.0		0.0			1.0		0.92156863	0.9375	0.9596774				15.999999999999998	4.307799720726113	0.074074075	0.0	0.0	0.0	0.14814815	0.037037037	0.11111111	0.0	0.0	0.074074075	0.11111111	0.0	0.0	0.0	0.22222222	0.22222222	0.0	27.0	"BJP"	1	0.0	0.0	0.0	0.0	0.0	0.0
193		"NCP"	"Male"	"Sunil Mohan Ahir"	37	"Eighth"		"Yes"	0		5798672.5		69	70	13	14	22	25	2013			"8541"		"MNS"	"1362"	70.656	63.547	61.844	79.59	69.882	84.877	80.405	88.265	83.825	65.843	66.182	72.213	72.806	67.904	79.0	79.0	50.513332	63.7275	68.855	66.1475			0	0	0	0	0	0	0	0	0	0	0	0	0	0	0	0	0	0	0	0	2	1	0	0	0	0	0	0	0	1	2	0	1	1	0	2	0	1	0	0	0	0	0	0	0	0	0	0	0	0	0	0	0	0	0	0	0	0	0	0	0	0	1	0	0	0	0	0	0	0	0	0	0	0	0	0	0	0	0	0	0	0	1	2012.0	314.0	"G/S"	0.56	0.0	"OBC"	0.0	"OBC"	2	1.0	0.0	0.98571426	0.9285714	0.9811321	0.96644545	0.0	1.0	15.923076923076923	1.745890715237672	0.0	0.0	0.0	0.23076923	0.0	0.07692308	0.0	0.0	0.0	0.0	0.23076923	0.07692308	0.0	0.0	0.07692308	0.07692308	0.23076923	13.0	"NCP"	4	0.0	0.0	0.0	0.0	0.0	0.0
193		"NCP"	"Male"	"Sunil Mohan Ahir"	38	"Eighth"		"Yes"	0		1.1851E7		62	65	15	15	20	22	2014							61.788	63.651	66.055	73.654	57.493	75.83	74.95	80.406	77.794	64.147	63.724	61.427	67.211	63.81	25.0	31.1	55.283333	56.74	51.7475	49.98			0	1	0	0	0	0	0	0	1	0	0	1	0	0	0	0	0	0	0	0	0	0	0	0	0	3	0	1	0	2	1	0		0	0	0	0	0	0	0	0	0	0	0	0	0	0	0	0	0	0	0	0	0	0	0	0	0	0	0	0	1	0	0	0	0	0	0	0	0	0	0	0	0	0	0	0	0	0	0	2	0	0	2012.0	314.0	"G/S"	0.56	0.0	"OBC"	0.0	"OBC"	2	1.0	0.0	0.95384616	1.0	0.97	0.98758334	0.0	1.0	14.0	4.056338028169014	0.0	0.0	0.0	0.0	0.0	0.07692308	0.15384616	0.0	0.0	0.0	0.46153846	0.0	0.15384616	0.0	0.07692308	0.0	0.07692308	13.0	"NCP"	4	0.0	0.0	0.0	0.0	0.0	0.0
193		"NCP"	"Male"	"Sunil Mohan Ahir"	39	"Eighth"		"Yes"	0		4384000.0		59	79	13	16	22	41	2015							52.407	51.787	43.854	64.185	72.041	83.344	78.234	85.489	86.576	46.493	57.235	65.493	71.381	72.092	5.6	25.1	60.17	77.5125	65.115	73.0475			0	2	0	0	0	0	0	0	0	0	0	0	0	0	0	0	0	0	0	0	0	0	0	0	0	0	0	1	0	2	0	0		0	0	0	0	0	0	0	0	0	0	0	0	0	0	0	0	0	0	0	0	0	0	0	1	0	0	0	0	0	0	0	0	0	0	0	0	0	0	0	0	0	0	0	0	0	0	1	0	0	0	2012.0	314.0	"G/S"	0.56	0.0	"OBC"	0.0	"OBC"	2	1.0	0.0	0.7468355	0.8125	0.8034188	0.73066664	0.0	1.0	16.28571428571429	4.7749391727493915	0.0	0.0	0.14285715	0.0	0.14285715	0.0	0.2857143	0.0	0.0	0.0	0.2857143	0.0	0.0	0.0	0.14285715	0.0	0.0	7.0	"NCP"	4	0.0	0.0	0.0	0.0	0.0	0.0
193		"NCP"	"Male"	"Sunil Mohan Ahir"	40	"Eighth"		"Yes"	0		6090264.5		57	74	16	17	121	150	2016							78.7	66.9	65.4	84.1	71.7	77.5	73.1	75.5	73.2	70.2	71.1	70.2	69.8	69.1	0.0	36.0	66.333336	84.75	76.25	55.5			0	2	0	0	0	0	0	0	0	0	0	0	2	1	0	0	0	0	0	0	0	1	0	0	0	0	0	0	0	2	1	0		0	0	0	0	0	1	0	0	0	0	0	0	0	0	0	0	0	0	0	0	0	0	0	1	1	0	0	0	0	0	0	0	0	0	0	0	0	0	0	0	0	0	0	0	0	0	0	1	0	0	2012.0	314.0	"G/S"	0.56	0.0	"OBC"	0.0	"OBC"	2	1.0	0.0	0.7702703	0.9411765	0.9150943	0.50752205	0.0	1.0	12.538461538461538	2.732484076433121	0.15384616	0.0	0.0	0.0	0.15384616	0.0	0.23076923	0.0	0.0	0.0	0.23076923	0.07692308	0.07692308	0.0	0.0	0.0	0.07692308	13.0	"NCP"	4	0.0	0.0	0.0	0.0	0.0	0.0
193	"OBC"	"SS"	"Female"	"Hemangi Hareshwar Worlikar"	46	"Graduate"		"Yes"	0		4452832.0		101	102	3	14	0	0	2018		26355	"13671"		"MNS"	"8851"	60.615	51.334	51.781	68.978		64.998	70.765	78.613	73.5	44.575	49.99	59.087	66.594	59.343	36.1	20.5	63.03	52.7075	60.345	74.1475		55.895	0	0	0	0	0	0	2	0	0	1	1	1	0	0	0	0	0	1	0	0	0	0	0	0	0	1	0	6	0	2	2	2		1	0	0	0	0	0	0	0	0	0	0	0	0	0	0	0	0	0	0	0	0	0	0	0	0	0	0	0	0	0	0	0	0	0	0	0	0	0	0	0	0	0	0	0	1	0	0	0	0	0	2017.0	315.0	"G/S"	0.56	1.0		0.0	"OBC"	2	1.0	0.0	0.99019605	0.21428572	0.8965517	0.7421387	1.0	1.0	12.266357142857142	4.963706636500755	0.0	0.04761905	0.0	0.04761905	0.0	0.0	0.14285715	0.04761905	0.04761905	0.0	0.23809524	0.0	0.0	0.0	0.2857143	0.0952381	0.04761905	21.0	"SS"	5	1.0	0.0	0.0			0.0
194		"SS"	"Male"	"Sunil Govind Shinde"									48	51	10	16	39	49	2011			"11475"		"NCP"	"7865"	61.686	52.342	55.97	52.674		59.569	55.397	52.976	54.945	54.753	54.244	51.789	53.342	53.359					69.2825		119		0	2	0	0	0	0	0	0	0	0	1	0	1	0	0	0	0	0	0	0	0	0	0	0	0	0	0	1	0	0	0	0	2	0	0	0	0	0	0	0	0	0	0	0	0	0	0	0	0	0	0	0	0	0	0	0	0	0	2	0	0	0	0	0	1	1	0	0	0	0	0	0	0	0	0	0	0	0	0	0	5	0	0	2007.0	316.0	"G/S"	0.56	0.0		0.0			1.0		0.9411765	0.625	0.9150943				11.625	6.419879741244193	0.0625	0.0	0.0	0.0	0.0	0.0625	0.125	0.0	0.0625	0.125	0.0	0.0	0.3125	0.0	0.0625	0.125	0.0625	16.0	"SS"	5	1.0	0.0	0.0	0.0	0.0	0.0
194	"W"	"SS"	"Female"	"Snehal Suryakant Ambekar"	40	"B.Com"		"Yes"	0		5883478.5		68	70	13	14	25	25	2013			"11602"		"MNS"	"4423"	80.946	80.662	79.384	79.268	79.214	82.577	81.402	88.547	86.52	78.461	77.468	79.556	78.93	75.823	64.6	66.7	55.47333	72.81	69.27	71.755			0	0	0	0	0	0	1	0	1	0	0	0	0	0	0	0	0	0	0	0	0	0	0	0	0	0	0	1	0	0	0	0		0	0	1	0	0	0	0	0	0	0	0	0	0	0	0	0	0	0	0	0	0	0	0	1	0	0	0	0	0	1	0	0	0	0	0	0	0	0	0	0	0	0	0	0	0	0	0	0	0	0	2012.0	317.0	"G/S"	0.56	1.0	"SC-W"	1.0	"SCST"	3	1.0	0.0	0.9714286	0.9285714	0.9724771	0.98057973	1.0	1.0	14.0	2.648600621945802	0.0	0.0	0.0	0.16666667	0.16666667	0.16666667	0.33333334	0.0	0.0	0.0	0.0	0.0	0.0	0.0	0.16666667	0.0	0.0	6.0	"SS"	5	1.0	0.0	0.0	0.0	0.0	0.56
194	"W"	"SS"	"Female"	"Snehal Suryakant Ambekar"	41	"B.Com"		"Yes"	0		1.1826E7		60	65	14	15	20	22	2014							63.953	68.32	76.202	82.715	54.534	90.186	93.812	92.179	85.68	58.369	57.013	58.722	72.046	70.263	29.5	37.1	63.47333	76.0775	67.2925	74.955			0	1	1	0	0	0	1	0	2	0	0	0	1	0	0	0	0	0	0	0	0	1	0	0	0	0	0	2	0	1	1	0	1	1	0	0	0	0	0	0	0	0	0	0	1	0	0	0	0	0	0	0	0	0	0	0	0	0	0	0	0	0	0	0	0	0	0	0	0	0	0	0	0	0	0	0	0	0	0	0	1	0	0	2012.0	317.0	"G/S"	0.56	1.0	"SC-W"	1.0	"SCST"	3	1.0	0.0	0.9230769	0.93333334	0.94	0.9855	1.0	1.0	13.799999999999999	7.244131455399061	0.06666667	0.0	0.0	0.06666667	0.0	0.0	0.33333334	0.0	0.0	0.0	0.13333334	0.06666667	0.06666667	0.0	0.13333334	0.06666667	0.06666667	15.0	"SS"	5	1.0	0.0	0.0	0.0	0.0	0.56
194	"W"																		2015							70.549	57.922	55.537	89.461	63.487	92.008	90.679	91.74	86.755	62.346	64.544	78.598	79.934	81.792	62.0	90.5	69.57	77.595	46.0575	77.5575			0	0	0	0	0	0	0	0	0	0	0	0	0	0	0	0	0	0	0	0	0	0	0	0	0	0	0	0	0	0	0	0		0	0	0	0	0	0	0	0	0	0	0	0	0	0	0	0	0	0	0	0	0	0	0	0	0	0	0	0	0	0	0	0	0	0	0	0	0	0	0	0	0	0	0	0	0	0	0	0	0	0	2012.0	317.0	"G/S"	0.56	0.0	"SC-W"	1.0	"SCST"	3	1.0																												"_Other"	6	0.0	0.0	0.0	0.0	0.0	0.56
194	"W"																		2016							70.24	49.6	56.72	83.04	65.92	84.16	82.4	92.88	85.04	53.44	61.92	67.76	68.96	67.84	39.2	47.2	59.466667	86.2875	64.68	76.6125			0	0	0	0	0	0	0	0	0	0	0	0	0	0	0	0	0	0	0	0	0	0	0	0	0	0	0	0	0	0	0	0		0	0	0	0	0	0	0	0	0	0	0	0	0	0	0	0	0	0	0	0	0	0	0	0	0	0	0	0	0	0	0	0	0	0	0	0	0	0	0	0	0	0	0	0	0	0	0	0	0	0	2012.0	317.0	"G/S"	0.56	0.0	"SC-W"	1.0	"SCST"	3	1.0																												"_Other"	6	0.0	0.0	0.0	0.0	0.0	0.56
194	"G"	"SS"	"Male"	"Samadhan Sadanand Sarvankar"	33	"HSC"		"Yes"	0		4673290.5		101	102	13	14	15	16	2018		31294	"8623"		"IND"	"259"	62.669	70.787	73.72	76.702		72.088	70.722	73.754	67.264	72.897	70.603	74.684	70.661	73.139	96.6	83.0	67.14333	37.04	59.7125	74.5775		73.034	0	3	0	0	0	0	0	1	2	6	2	0	0	0	0	1	0	0	0	0	0	0	0	0	0	0	0	10	0	1	1	1	1	0	0	1	0	0	4	0	0	0	0	0	0	0	0	0	0	0	0	0	0	0	0	0	0	0	0	0	0	1	1	0	0	0	0	0	0	0	0	0	0	0	0	0	0	1	0	0	5	0	0	2017.0	318.0	"G/S"	0.56	0.0		0.0	"G"	1	0.0	0.0	0.99019605	0.9285714	0.9847328	0.7788817	0.0	1.0	16.006571428571426	4.052083333333334	0.0	0.023809524	0.0	0.023809524	0.0	0.04761905	0.30952382	0.0	0.04761905	0.0	0.04761905	0.0952381	0.11904762	0.0	0.23809524	0.04761905	0.0	42.0	"SS"	5	1.0	0.0	0.0			0.0
195	"W"	"INC"	"Female"	"Shakuntala Prabhakar Mane "									41	51	10	17	11	15	2011			"8092"		"SS"	"1767"	79.77	76.015	78.028	78.425		78.07	76.761	76.715	77.047	76.464	77.498	76.359	77.682	76.812					76.34		119		0	0	0	0	0	0	0	0	0	0	0	0	0	0	0	0	0	0	0	0	0	0	0	0	0	0	0	0	0	0	0	0		0	0	0	0	0	0	0	0	0	0	0	0	0	0	0	0	0	0	0	0	0	0	0	0	0	0	0	0	0	0	0	0	0	0	0	0	0	0	0	0	0	0	0	0	0	0	0	0	0	0	2007.0	319.0	"F/S"	0.58	1.0		1.0	"G"	1	0.0		0.8039216	0.5882353	0.7848101				0.0	0.0																		0.0	"INC"	2	0.0	0.0	0.0	0.0	0.0	0.58
195		"INC"	"Male"	"Sunil Vishnu More"	51	"B.Com"	"L.L.B. (General)"	"Yes"	0		5409281.0		60	70	13	17	83	93	2013			"9242"		"SS"	"2528"	74.537	67.351	70.563	72.031	70.094	71.831	71.394	94.288	90.66	68.385	68.391	68.97	85.471	64.339	71.7	78.6	75.34333	89.09	80.0325	72.9225			0	0	0	0	0	0	0	0	0	0	0	0	0	0	0	0	0	0	0	0	0	0	0	0	0	0	0	0	0	1	0	0		0	0	0	0	0	0	0	0	0	0	0	0	0	0	0	0	0	0	0	0	0	0	0	0	0	0	0	0	1	0	0	0	0	0	0	0	0	0	0	0	0	0	0	0	0	0	0	2	0	0	2012.0	320.0	"F/S"	0.58	0.0	"G"	0.0	"G"	1	0.0	0.0	0.85714287	0.7647059	0.91764706	0.90154684	1.0	1.0	10.5	1.2908366533864541	0.0	0.0	0.0	0.0	0.0	0.25	0.0	0.0	0.0	0.0	0.25	0.0	0.5	0.0	0.0	0.0	0.0	4.0	"INC"	2	0.0	0.0	0.0	0.0	0.0	0.0
195		"INC"	"Male"	"Sunil Vishnu More"	52	"B.Com"	"L.L.B. (General)"	"Yes"	0		1.1409E7		53	65	9	15	93	132	2014							71.376	58.348	74.55	82.488	55.053	86.843	87.709	89.027	83.553	52.904	54.647	66.292	84.188	75.576	12.0	36.8	48.123333	73.5025	84.0425	73.81			0	0	0	0	0	0	0	0	0	0	0	0	0	1	0	0	0	0	0	0	0	0	0	0	0	0	0	0	0	0	0	0		0	0	0	0	0	0	0	0	0	0	0	0	0	0	0	0	0	0	0	0	0	0	0	0	0	0	0	0	0	0	0	0	0	0	0	0	0	0	0	0	0	0	0	0	0	0	0	2	0	0	2012.0	320.0	"F/S"	0.58	0.0	"G"	0.0	"G"	1	0.0	0.0	0.8153846	0.6	0.8959538	0.95075	1.0	1.0	6.0	0.0	0.0	0.0	0.0	0.0	0.0	0.0	0.33333334	0.0	0.0	0.0	0.0	0.0	0.6666667	0.0	0.0	0.0	0.0	3.0	"INC"	2	0.0	0.0	0.0	0.0	0.0	0.0
195		"INC"	"Male"	"Sunil Vishnu More"	53	"B.Com"	"L.L.B. (General)"	"Yes"	0		4676000.0		63	79	13	17	44	76	2015							76.709	58.491	67.157	82.892	65.072	87.606	86.219	90.252	84.68	48.701	59.083	66.242	75.44	73.198	64.7	75.0	76.433334	81.7075	91.415	79.075			0	0	0	0	0	0	0	0	0	0	0	0	0	0	0	0	0	0	0	0	0	0	0	0	0	0	0	1	0	0	0	0		0	0	0	0	0	0	0	0	0	0	0	0	0	0	0	0	0	0	0	0	0	0	0	0	0	1	0	0	0	0	0	0	0	0	0	0	0	0	0	0	0	0	0	0	0	0	9	4	1	3	2012.0	320.0	"F/S"	0.58	0.0	"G"	0.0	"G"	1	0.0	0.0	0.79746836	0.7647059	0.85714287	0.77933335	1.0	1.0	7.7368421052631575	3.331181407359587	0.0	0.0	0.47368422	0.0	0.0	0.0	0.0	0.0	0.0	0.05263158	0.0	0.0	0.21052632	0.0	0.2631579	0.0	0.0	19.0	"INC"	2	0.0	0.0	0.0	0.0	0.0	0.0
195		"INC"	"Male"	"Sunil Vishnu More"	54	"B.Com"	"L.L.B. (General)"	"Yes"	0		6209299.0		64	74	10	15	47	63	2016							71.673	66.406	69.258	81.583	58.519	88.317	88.212	91.021	82.989	75.896	73.262	83.461	86.162	76.729	44.9	87.9	88.473335	81.5975	78.155	70.7125			0	0	0	0	0	0	0	0	0	0	0	0	2	0	0	0	0	0	0	0	0	0	0	0	0	0	0	0	0	0	0	0		0	0	0	0	0	0	0	0	0	0	0	0	0	0	0	0	0	0	0	0	0	0	0	0	0	0	0	0	0	0	0	0	0	0	0	0	0	0	0	0	0	0	0	0	0	0	1	1	0	0	2012.0	320.0	"F/S"	0.58	0.0	"G"	0.0	"G"	1	0.0	0.0	0.8648649	0.6666667	0.8897059	0.5174416	1.0	1.0	9.0	0.1674808094905792	0.5	0.0	0.25	0.0	0.0	0.0	0.0	0.0	0.0	0.0	0.0	0.0	0.25	0.0	0.0	0.0	0.0	4.0	"INC"	2	0.0	0.0	0.0	0.0	0.0	0.0
195	"SC"	"SS"	"Male"	"Santosh Namdeo Kharat"	37	"Graduate"		"Yes"	0		4874272.5		91	102	14	14	37	46	2018		29816	"10811"		"BJP"	"5973"	63.514	54.498	51.584	74.313		71.927	68.96	74.55	77.867	59.075	61.37	67.455	75.676	65.076	77.1	30.5	59.146667	43.1175	60.4425	67.7975		67.116	0	1	0	0	0	0	1	0	0	1	2	0	2	0	0	0	0	0	0	0	0	0	0	0	0	0	1	4	0	0	0	0		0	0	0	0	0	0	0	0	0	0	0	0	0	0	0	0	0	1	0	0	0	0	0	0	0	0	0	0	0	0	0	0	0	0	0	0	0	0	0	0	0	0	0	0	1	0	0	0	0	0	2017.0	321.0	"G/S"	0.56	0.0		0.0	"SCST"	3	1.0	0.0	0.89215684	1.0	0.9281046	0.81237876	1.0	1.0	13.460999999999999	4.354967948717948	0.14285715	0.071428575	0.0	0.0	0.0	0.0	0.2857143	0.0	0.14285715	0.0	0.071428575	0.0	0.0	0.0	0.2857143	0.0	0.0	14.0	"SS"	5	1.0	0.0	0.0			0.0
196		"INC"	"Male"	"Sunil Vishnu More"									45	51	15	17	12	15	2011			"6681"		"SS"	"2670"	65.922	58.021	59.074	56.782		58.973	57.126	56.222	56.535	55.786	57.094	56.141	57.658	57.116					79.565		123		0	1	0	0	0	0	0	0	0	0	0	0	0	0	0	0	0	0	0	0	0	0	0	0	0	0	0	0	0	0	0	0		0	0	0	0	0	0	0	0	0	0	0	0	0	0	0	0	0	0	0	0	0	0	0	0	0	0	0	0	0	1	0	0	0	0	0	0	0	0	0	0	0	0	0	0	0	0	0	4	0	0	2007.0	322.0	"F/S"	0.58	0.0		0.0			1.0		0.88235295	0.88235295	0.9				6.0	1.0396869759642258	0.0	0.0	0.0	0.0	0.0	0.16666667	0.16666667	0.0	0.0	0.0	0.0	0.0	0.6666667	0.0	0.0	0.0	0.0	6.0	"INC"	2	0.0	0.0	0.0	0.0	0.0	0.0
196	"W"	"INC"	"Female"	"Pallavi Mahendra Mungekar"	40	"Ninth"		"not given"	0		5596318.5		50	70	13	17	14	17	2013			"6193"		"SP"	"339"	61.382	58.477	58.18	65.084	56.52	55.863	56.953	67.198	66.197	57.696	51.445	52.041	46.944	46.352	16.8	37.5	49.56333	58.7225	47.9725	79.47			0	0	0	0	0	0	1	0	0	0	0	0	0	0	0	0	0	0	0	0	0	0	0	0	0	0	0	0	0	0	0	0		0	0	0	0	0	0	0	0	0	0	0	0	0	0	0	0	0	0	0	0	0	0	0	0	0	0	0	0	0	0	0	0	0	0	0	0	0	0	0	0	0	0	0	0	0	0	0	0	0	0	2012.0	323.0	"F/S"	0.58	1.0	"W"	1.0	"G"	1	0.0	0.0	0.71428573	0.7647059	0.76237625	0.93271977	0.0	0.0	8.0	2.900398406374502	0.0	0.0	0.0	0.0	0.0	0.0	1.0	0.0	0.0	0.0	0.0	0.0	0.0	0.0	0.0	0.0	0.0	1.0	"INC"	2	0.0	0.0	0.0	0.0	0.0	0.58
196	"W"	"INC"	"Female"	"Pallavi Mahendra Mungekar"	41	"Ninth"		"not given"	0		1.1597E7		53	65	13	15	11	15	2014							65.46	54.718	77.776	76.31	44.68	80.906	82.151	87.213	83.116	52.831	61.388	57.387	71.509	65.33	14.8	25.2	56.27	74.2375	73.7775	68.97			0	0	0	0	0	0	0	0	0	0	0	0	0	0	0	0	0	0	0	0	0	0	0	0	0	0	0	0	0	0	0	0		0	0	0	0	0	0	0	0	0	0	0	0	0	0	0	0	0	0	0	0	0	0	0	0	0	0	0	0	0	0	0	0	0	0	0	0	0	0	0	0	0	0	0	0	0	0	0	1	0	0	2012.0	323.0	"F/S"	0.58	1.0	"W"	1.0	"G"	1	0.0	0.0	0.8153846	0.8666667	0.84615386	0.96641666	0.0	0.0	6.0	0.0	0.0	0.0	0.0	0.0	0.0	0.0	0.0	0.0	0.0	0.0	0.0	0.0	1.0	0.0	0.0	0.0	0.0	1.0	"INC"	2	0.0	0.0	0.0	0.0	0.0	0.58
196	"W"	"INC"	"Female"	"Pallavi Mahendra Mungekar"	42	"Ninth"		"not given"	0		3120000.0		68	79	11	17	12	21	2015							57.399	46.198	55.988	71.387	56.092	69.186	75.138	82.343	80.434	43.063	42.696	42.539	56.26	58.436	1.4	72.0	61.06	68.7075	74.35	68.4875			0	0	0	0	0	0	0	0	0	0	0	0	0	0	0	0	0	0	0	0	0	0	0	0	0	0	0	0	0	0	0	0		0	0	0	0	0	0	0	0	0	0	0	0	0	0	0	0	0	0	0	0	0	0	0	0	0	0	0	0	0	0	0	0	0	0	0	0	0	0	0	0	0	0	0	0	0	0	0	4	0	0	2012.0	323.0	"F/S"	0.58	1.0	"W"	1.0	"G"	1	0.0	0.0	0.8607595	0.64705884	0.8425926	0.52	0.0	0.0	6.0	0.0	0.0	0.0	0.0	0.0	0.0	0.0	0.0	0.0	0.0	0.0	0.0	0.0	1.0	0.0	0.0	0.0	0.0	4.0	"INC"	2	0.0	0.0	0.0	0.0	0.0	0.58
196	"W"	"INC"	"Female"	"Pallavi Mahendra Mungekar"	43	"Ninth"		"not given"	0		8201908.0		43	74	8	15	17	42	2016							72.794	72.797	71.467	72.961	72.966	78.054	75.332	74.399	72.364	70.843	70.934	71.015	72.626	71.015	1.7	17.8	58.75	72.6375	58.6275	67.38			0	0	0	0	0	0	0	0	0	0	0	0	0	0	0	0	0	0	0	0	0	0	0	0	0	0	0	0	0	0	0	0		0	0	0	0	0	0	0	0	0	0	0	0	0	0	0	0	0	0	0	0	0	0	0	0	0	0	0	0	0	0	0	0	0	0	0	0	0	0	0	0	0	0	0	0	0	0	0	1	0	0	2012.0	323.0	"F/S"	0.58	1.0	"W"	1.0	"G"	1	0.0	0.0	0.5810811	0.53333336	0.6415094	0.68349236	0.0	0.0	6.0	0.0	0.0	0.0	0.0	0.0	0.0	0.0	0.0	0.0	0.0	0.0	0.0	0.0	1.0	0.0	0.0	0.0	0.0	1.0	"INC"	2	0.0	0.0	0.0	0.0	0.0	0.58
196	"G"	"SS"	"Male"	"Ashish Ramnath Chemburkar "	55	"SSC"		"Yes"	0		4793300.5		94	102	14	14	138	154	2018		23261	"11306"		"BJP"	"5688"	75.633	70.825	71.115	72.889		69.21	69.926	73.768	73.094	69.277	68.334	68.301	69.561	68.569	100.0	99.7	61.306667	36.315	60.22	66.6275		66.385	0	1	0	0	0	0	0	0	0	1	0	0	0	0	0	0	0	0	0	0	0	0	0	0	0	0	0	1	0	0	0	0		0	0	0	0	0	0	0	0	0	0	0	0	0	0	0	0	1	0	0	0	0	0	0	0	0	0	0	0	0	3	0	0	0	0	0	0	0	0	0	0	0	0	0	0	0	0	0	1	0	0	2017.0	324.0	"G/S"	0.56	0.0		0.0	"G"	1	0.0	0.0	0.92156863	1.0	0.96850395	0.79888344	0.0	1.0	9.257	3.0448717948717947	0.0	0.0	0.0	0.0	0.0	0.375	0.375	0.0	0.0	0.0	0.0	0.0	0.125	0.0	0.125	0.0	0.0	8.0	"SS"	5	1.0	0.0	0.0			0.0
197	"W"	"SS"	"Female"	"Parvati Krishna Gorivale"									49	51	16	17	10	15	2011			"8985"		"INC"	"2844"	77.365	75.843	77.517	76.377		77.611	77.079	76.338	77.018	76.626	74.951	76.531	76.164	76.911					78.32		124		0	0	0	0	0	0	0	0	0	0	0	0	0	0	0	0	0	0	0	0	0	0	0	0	0	0	0	0	0	0	0	0		0	0	0	0	0	0	0	0	0	0	0	0	0	0	0	0	0	0	0	0	0	0	0	0	0	0	0	0	0	0	0	0	0	0	0	0	0	0	0	0	0	0	0	0	0	0	0	1	0	0	2007.0	325.0	"F/S"	0.58	1.0		1.0	"G"	1	0.0		0.9607843	0.9411765	0.96153843				6.0	0.0	0.0	0.0	0.0	0.0	0.0	0.0	0.0	0.0	0.0	0.0	0.0	0.0	1.0	0.0	0.0	0.0	0.0	1.0	"SS"	5	1.0	0.0	0.0	0.0	0.0	0.58
197		"SS"	"Male"	"Nandkishor Sakharam Vichare"	52	"B.Com"		"Yes"	0		5051759.0		68	70	17	17	29	37	2013			"7857"		"MNS"	"563"	63.766	65.517	62.912	66.766	65.394	66.735	68.448	68.229	74.247	68.134	61.634	60.859	63.103	62.148	5.0	20.9	65.1	65.1825	69.655	66.2725			0	0	0	0	0	0	1	0	0	3	0	0	0	0	0	0	0	0	0	0	0	0	0	0	0	0	0	1	1	1	0	0		1	0	0	0	0	0	0	0	0	0	0	0	0	0	0	0	0	0	0	0	0	0	0	0	0	0	0	0	0	0	0	0	0	0	0	0	0	0	0	0	0	0	0	0	1	0	0	0	0	0	2012.0	326.0	"F/S"	0.58	0.0	"G"	0.0	"G"	1	0.0	0.0	0.9714286	1.0	0.98275864	0.84195983	1.0	1.0	13.0	3.874786568013659	0.0	0.11111111	0.0	0.11111111	0.0	0.0	0.44444445	0.0	0.0	0.0	0.11111111	0.0	0.0	0.0	0.11111111	0.0	0.11111111	9.0	"SS"	5	1.0	0.0	0.0	0.0	0.0	0.0
197		"SS"	"Male"	"Nandkishor Sakharam Vichare"	53	"B.Com"		"Yes"	0		1.1052E7		60	65	14	15	28	32	2014							58.588	57.023	59.363	64.505	53.797	70.472	74.005	73.68	71.231	56.381	56.404	55.702	58.871	54.235	22.8	24.0	45.693333	53.6	46.9775	55.3325			0	5	0	0	0	0	1	0	1	2	0	0	0	0	0	0	0	1	0	0	0	0	0	0	0	0	0	0	0	0	0	1		0	0	0	0	0	0	0	0	0	0	0	0	0	0	0	0	0	0	0	0	0	0	0	0	0	0	0	0	0	0	0	0	0	0	0	0	0	0	0	0	0	0	0	0	0	0	0	0	0	0	2012.0	326.0	"F/S"	0.58	0.0	"G"	0.0	"G"	1	0.0	0.0	0.9230769	0.93333334	0.9444444	0.921	1.0	1.0	13.90909090909091	3.0978043912175646	0.0	0.0	0.0	0.0	0.0	0.0	0.8181818	0.09090909	0.0	0.0	0.0	0.0	0.0	0.0	0.0	0.09090909	0.0	11.0	"SS"	5	1.0	0.0	0.0	0.0	0.0	0.0
197		"SS"	"Male"	"Nandkishor Sakharam Vichare"	54	"B.Com"		"Yes"	0		3163000.0		70	79	16	17	57	64	2015							58.641	65.407	76.448	73.615	66.683	64.372	64.216	69.278	71.024	62.754	59.352	66.355	64.316	63.679	58.1	66.0	81.763336	74.7325	57.0325	74.9575			0	1	0	0	0	0	0	0	0	2	0	0	1	0	0	0	0	0	0	0	0	1	0	0	0	0	1	0	0	0	0	1		0	0	0	0	0	0	0	0	0	0	0	0	0	0	0	0	0	0	0	0	0	0	0	1	0	0	0	0	0	0	0	0	0	0	0	0	0	0	0	0	0	0	0	0	0	0	2	0	0	0	2012.0	326.0	"F/S"	0.58	0.0	"G"	0.0	"G"	1	0.0	0.0	0.886076	0.9411765	0.9346405	0.52716666	1.0	1.0	11.8	1.7190814350272063	0.1	0.0	0.2	0.0	0.1	0.0	0.3	0.0	0.0	0.0	0.1	0.0	0.0	0.0	0.0	0.1	0.1	10.0	"SS"	5	1.0	0.0	0.0	0.0	0.0	0.0
197		"SS"	"Male"	"Nandkishor Sakharam Vichare"	55	"B.Com"		"Yes"	0		7564643.0		65	74	15	15	35	50	2016							63.976	54.629	65.648	77.04	60.46	82.985	83.344	85.922	74.728	63.706	60.658	72.221	73.919	70.461	16.7	16.7	59.87	78.4575	78.9225	69.235			0	0	0	0	0	0	0	0	0	3	0	0	1	0	0	0	0	0	0	0	0	0	0	0	0	1	0	1	0	0	0	0		0	0	0	0	0	0	0	0	0	0	0	0	0	0	0	0	0	0	0	0	0	0	0	0	0	0	0	0	0	0	0	0	0	0	0	0	0	0	0	0	0	0	0	0	0	0	0	1	0	0	2012.0	326.0	"F/S"	0.58	0.0	"G"	0.0	"G"	1	0.0	0.0	0.8783784	1.0	0.92741936	0.6303869	1.0	1.0	13.285714285714286	2.7413351942312163	0.14285715	0.0	0.0	0.0	0.0	0.0	0.42857143	0.0	0.0	0.0	0.14285715	0.0	0.14285715	0.0	0.14285715	0.0	0.0	7.0	"SS"	5	1.0	0.0	0.0	0.0	0.0	0.0
197	"G"	"SS"	"Male"	"Dattaram Shivaram Narvankar"	52	"Upto Fifth"		"Yes"	0		5021661.0		73	102	13	14	42	54	2018		24419	"4419"	"Yes"	"SS"	"1132"	79.413	78.781	77.248	80.372		77.256	77.202	79.633	78.615	72.251	69.64	72.371	71.565	70.321	93.7	96.0	53.27667	33.79	77.665	79.5825		73.662	0	6	0	0	0	0	1	0	0	1	7	0	1	0	0	0	0	3	0	0	0	1	0	0	0	0	1	3	0	2	0	2	3	0	0	0	0	2	2	0	1	0	0	0	1	0	0	0	1	1	1	0	0	3	0	1	1	0	0	0	0	0	1	0	0	0	0	0	0	0	0	0	0	0	0	0	0	0	1	2	0	4	0	2017.0	327.0	"G/S"	0.56	0.0		0.0	"G"	1	0.0	0.0	0.71568626	0.9285714	0.8101266	0.8369435	0.0	1.0	15.016235849056605	6.1498397435897445	0.018867925	0.0	0.03773585	0.018867925	0.03773585	0.018867925	0.18867925	0.056603774	0.13207547	0.0	0.056603774	0.13207547	0.0	0.0	0.13207547	0.094339624	0.0754717	53.0	"SS"	5	1.0	0.0	0.0			0.0
198		"SS"	"Male"	"Sanjay Gajanan Ambole"									32	51	5	17	6	15	2011			"10965"		"INC"	"3558"	66.629	60.604	61.836	62.261		66.686	62.737	60.821	62.687	62.481	62.74	61.764	62.218	62.079					54.8125		176		0	0	0	0	0	0	0	0	0	0	0	0	1	0	0	0	0	0	0	0	0	0	0	0	0	0	0	0	0	0	0	1		0	0	0	0	0	0	0	0	0	0	0	0	0	0	0	1	0	0	0	0	0	0	0	0	0	0	0	0	0	0	0	0	0	0	0	0	0	0	0	0	0	0	0	0	0	0	0	3	0	0	2007.0	328.0	"F/S"	0.58	0.0		0.0			1.0		0.627451	0.29411766	0.5810811				9.0	0.441587479038569	0.16666667	0.0	0.0	0.0	0.0	0.0	0.0	0.0	0.0	0.0	0.0	0.16666667	0.5	0.0	0.0	0.16666667	0.0	6.0	"SS"	5	1.0	0.0	0.0	0.0	0.0	0.0
198		"SS"	"Male"	"Sanjay (Nana) Gajanan Ambole"	50	"SSC"		"Yes"	5		5989852.5		55	70	15	17	42	59	2013	1		"15152"		"MNS"	"7710"	84.88	74.661	72.948	73.072	74.388	69.953	71.599	70.901	71.118	70.678	71.385	68.174	69.611	70.089	7.7	10.0	62.16	67.2425	83.42	68.155			0	0	0	0	0	0	0	0	0	0	0	0	0	0	0	0	0	0	0	0	0	0	0	0	0	1	0	0	0	0	0	0		1	0	0	0	0	0	0	0	0	0	0	0	0	0	0	0	0	0	0	0	0	0	0	0	0	0	0	0	0	0	1	0	0	0	0	0	0	0	0	0	0	0	0	0	0	0	0	5	0	0	2012.0	329.0	"F/S"	0.58	0.0	"OBC"	0.0	"OBC"	2	1.0	1.0	0.78571427	0.88235295	0.86821705	0.9983088	0.0	1.0	10.5	0.7250996015936255	0.0	0.0	0.0	0.125	0.0	0.125	0.0	0.0	0.0	0.0	0.125	0.0	0.625	0.0	0.0	0.0	0.0	8.0	"SS"	5	1.0	0.0	0.0	0.0	0.0	0.0
198		"SS"	"Male"	"Sanjay (Nana) Gajanan Ambole"	51	"SSC"		"Yes"	5	1	1.1755E7		38	65	2	15	37	53	2014							68.977	63.58	66.28	73.189	59.697	79.389	78.154	88.496	83.214	62.435	65.492	62.478	67.508	72.668	40.3	40.5	67.44	75.4125	61.8075	64.8175			0	0	0	0	0	0	0	0	0	0	0	0	0	0	0	0	0	0	0	0	0	0	0	0	0	0	0	0	0	0	0	0		0	0	0	0	0	0	0	0	0	0	0	0	0	0	0	0	0	0	0	0	0	0	0	0	0	0	0	0	0	0	0	0	0	0	0	0	0	0	0	0	0	0	0	0	0	0	0	3	0	0	2012.0	329.0	"F/S"	0.58	0.0	"OBC"	0.0	"OBC"	2	1.0	1.0	0.5846154	0.13333334	0.6581197	0.9795833	0.0	1.0	6.0	0.0	0.0	0.0	0.0	0.0	0.0	0.0	0.0	0.0	0.0	0.0	0.0	0.0	1.0	0.0	0.0	0.0	0.0	3.0	"SS"	5	1.0	0.0	0.0	0.0	0.0	0.0
198		"SS"	"Male"	"Sanjay (Nana) Gajanan Ambole"	52	"SSC"		"Yes"	5	1	3262000.0		46	79	1	17	15	41	2015							67.191	58.027	55.375	81.44	56.783	78.63	77.361	79.978	72.515	61.637	59.879	60.316	64.642	58.318	58.4	90.4	63.123333	72.59	64.7975	75.2675			0	0	0	0	0	0	0	0	0	0	0	0	0	0	0	0	0	0	0	0	0	0	0	0	0	0	0	0	0	0	0	0		0	0	0	0	0	0	0	0	0	0	0	0	0	0	0	0	0	0	0	0	0	0	0	0	0	0	0	0	0	0	0	0	0	0	0	0	0	0	0	0	0	0	0	0	0	0	0	2	0	0	2012.0	329.0	"F/S"	0.58	0.0	"OBC"	0.0	"OBC"	2	1.0	1.0	0.5822785	0.05882353	0.5585586	0.54366666	0.0	1.0	6.0	0.0	0.0	0.0	0.0	0.0	0.0	0.0	0.0	0.0	0.0	0.0	0.0	0.0	1.0	0.0	0.0	0.0	0.0	2.0	"SS"	5	1.0	0.0	0.0	0.0	0.0	0.0
198		"SS"	"Male"	"Sanjay (Nana) Gajanan Ambole"	53	"SSC"		"Yes"	5	1	7023928.0		45	74	2	15	18	27	2016	2						88.445	83.295	85.341	88.056	78.547	84.084	83.204	86.887	84.273	78.836	75.534	78.546	81.934	80.201	7.8	39.8	61.486668	76.71	89.6475	74.2775			0	0	0	0	0	0	0	0	0	0	0	0	0	0	0	0	0	0	0	0	0	0	0	0	0	0	0	0	0	0	0	0		0	0	0	0	0	0	0	0	0	0	0	0	0	0	0	0	0	0	0	0	0	0	1	0	0	0	0	0	0	0	0	0	0	0	0	0	0	0	0	0	0	0	0	0	0	0	0	0	0	0	2012.0	329.0	"F/S"	0.58	0.0	"OBC"	0.0	"OBC"	2	1.0	1.0	0.6081081	0.13333334	0.60747665	0.5853273	0.0	1.0	6.0	0.013956734124214934	0.0	0.0	0.0	0.0	1.0	0.0	0.0	0.0	0.0	0.0	0.0	0.0	0.0	0.0	0.0	0.0	0.0	1.0	"SS"	5	1.0	0.0	0.0	0.0	0.0	0.0
198	"SC"	"SS"	"Female"	"Snehal Suryakant Ambekar"	46	"Graduate"		"Yes"	0		5337944.5		95	102	13	14	24	29	2018		26511	"13614"		"MNS"	"5526"	48.181	50.345	58.758	50.391		53.712	63.311	60.839	55.066	55.529	39.875	55.667	59.461	47.147	6.9	6.8	68.22	76.3875	43.8575	67.1325		53.268	0	1	0	0	0	0	1	0	1	3	0	0	0	0	0	0	1	0	0	0	0	0	0	0	0	1	0	5	0	1	1	0	1	0	0	1	0	0	0	0	0	0	0	0	0	0	0	0	0	0	0	0	0	0	0	0	0	1	0	0	0	0	0	1	0	1	0	0	0	0	0	0	0	0	0	0	0	0	0	0	0	0	0	2017.0	330.0	"G/S"	0.56	1.0		0.0	"SCST"	3	1.0	0.0	0.9313725	0.9285714	0.94285715	0.88965744	1.0	1.0	14.3475	4.3561463046757165	0.0	0.0	0.0	0.05	0.05	0.05	0.35	0.0	0.0	0.0	0.15	0.0	0.0	0.0	0.25	0.05	0.05	20.0	"SS"	5	1.0	0.0	0.0			0.0
199		"SS"	"Male"	"Anil Kashiram Pawar"									49	51	17	17	16	30	2011			"10652"		"NCP"	"6351"	78.263	75.633	77.754	77.616		77.449	77.063	77.576	75.557	76.836	75.614	76.782	76.204	76.724					77.5975		124		0	2	0	0	0	0	0	0	0	0	1	0	1	0	0	0	0	0	0	0	0	0	0	0	0	0	0	0	0	0	0	0		0	0	0	0	0	0	0	0	0	0	0	0	0	0	0	0	0	0	0	0	0	0	0	0	0	0	0	0	0	0	0	0	0	0	0	0	0	0	0	0	0	0	0	0	0	0	0	6	0	0	2007.0	331.0	"F/S"	0.58	0.0		0.0			1.0		0.9607843	1.0	0.97619045				6.0	3.1805477920626046	0.1	0.0	0.0	0.0	0.0	0.0	0.2	0.0	0.1	0.0	0.0	0.0	0.6	0.0	0.0	0.0	0.0	10.0	"SS"	5	1.0	0.0	0.0	0.0	0.0	0.0
199	"W"	"SS"	"Female"	"Hemangi Hemantkumar Chemburkar"	52	"SSC"		"Yes"	0		5861399.0		69	70	15	17	15	17	2013			"11098"		"MNS"	"858"	84.192	81.573	77.707	83.583	78.753	81.076	80.106	85.522	81.426	84.995	81.387	83.603	84.087	82.484	14.4	14.4	83.36667	80.83	74.3175	68.41			0	1	0	0	0	0	0	0	1	2	0	0	1	0	0	0	1	0	0	0	0	0	0	0	0	0	0	1	0	1	0	0		2	0	0	0	0	0	0	0	0	0	0	0	0	0	0	0	0	0	0	0	0	0	0	0	0	0	0	0	0	1	0	0	0	0	0	0	0	0	0	0	0	0	0	0	0	0	0	0	0	0	2012.0	332.0	"F/S"	0.58	1.0	"OBC-W"	1.0	"OBC"	2	1.0	0.0	0.98571426	0.88235295	0.9705882	0.97689986	0.0	1.0	15.90909090909091	3.8077689243027883	0.09090909	0.0	0.0	0.18181819	0.0	0.09090909	0.45454547	0.0	0.0	0.0	0.09090909	0.0	0.0	0.0	0.09090909	0.0	0.0	11.0	"SS"	5	1.0	0.0	0.0	0.0	0.0	0.58
199	"W"	"SS"	"Female"	"Hemangi Hemantkumar Chemburkar"	53	"SSC"		"Yes"	0		1.0632E7		52	65	15	15	12	15	2014							65.756	69.549	72.875	71.518	62.67	76.05	69.945	86.719	81.752	62.595	54.698	55.66	66.817	71.076	32.1	41.1	49.58	61.6175	58.6025	64.0025			0	1	0	0	0	0	0	0	0	1	0	0	0	0	0	0	2	0	0	0	0	1	0	0	0	0	0	1	0	2	0	0	1	0	0	0	0	0	0	0	0	0	0	0	0	0	0	0	0	0	0	0	0	0	0	0	1	0	0	0	0	0	0	0	0	0	0	0	0	0	0	0	0	0	0	0	0	0	0	0	0	0	0	2012.0	332.0	"F/S"	0.58	1.0	"OBC-W"	1.0	"OBC"	2	1.0	0.0	0.8	1.0	0.8586956	0.886	0.0	1.0	14.4	3.5443398916452806	0.0	0.0	0.0	0.0	0.1	0.0	0.4	0.0	0.0	0.0	0.2	0.0	0.0	0.0	0.1	0.1	0.1	10.0	"SS"	5	1.0	0.0	0.0	0.0	0.0	0.58
199	"W"	"SS"	"Female"	"Hemangi Hemantkumar Chemburkar"	54	"SSC"		"Yes"	0		1003000.0		68	79	16	17	16	21	2015							79.775	54.981	81.058	77.985	67.137	86.803	87.832	89.378	81.628	64.192	60.632	61.745	71.309	65.532	49.3	50.8	78.78333	81.14	84.75	81.48			0	1	0	0	0	0	0	0	0	2	0	0	1	0	0	0	1	0	0	0	0	0	0	0	0	0	0	3	0	0	0	0	2	0	0	0	0	0	0	0	0	0	0	0	0	0	0	0	0	0	0	0	0	0	0	0	1	0	0	0	0	1	0	0	0	0	0	0	0	0	0	0	0	0	0	0	0	0	0	0	3	0	0	2012.0	332.0	"F/S"	0.58	1.0	"OBC-W"	1.0	"OBC"	2	1.0	0.0	0.8607595	0.9411765	0.89285713	0.16716667	0.0	1.0	15.6	4.553084101179646	0.06666667	0.0	0.0	0.0	0.06666667	0.06666667	0.26666668	0.0	0.0	0.0	0.0	0.0	0.2	0.0	0.2	0.13333334	0.0	15.0	"SS"	5	1.0	0.0	0.0	0.0	0.0	0.58
199	"W"	"SS"	"Female"	"Hemangi Hemantkumar Chemburkar"	55	"SSC"		"Yes"	0		9584642.0		72	74	13	15	13	14	2016							77.04	71.022	81.295	81.848	74.086	84.627	84.723	84.629	83.141	77.878	77.779	80.006	80.566	76.943	24.1	42.6	64.816666	75.9725	70.3125	70.7075			0	1	0	1	0	0	1	0	0	5	2	0	1	0	0	0	3	0	0	0	0	1	0	0	0	0	0	2	0	3	0	1	1	0	0	0	0	0	0	0	0	0	0	0	0	0	0	0	0	0	0	0	0	0	0	0	0	0	0	0	0	0	0	0	0	0	0	0	0	0	0	0	0	0	0	0	0	0	0	0	1	0	0	2012.0	332.0	"F/S"	0.58	1.0	"OBC-W"	1.0	"OBC"	2	1.0	0.0	0.972973	0.8666667	0.9607843	0.7987202	0.0	1.0	15.91304347826087	5.241164155822831	0.04347826	0.0	0.0	0.0	0.0	0.0	0.47826087	0.0	0.08695652	0.0	0.13043478	0.0	0.04347826	0.0	0.08695652	0.08695652	0.04347826	23.0	"SS"	5	1.0	0.0	0.0	0.0	0.0	0.58
199	"W"	"SS"	"Female"	"Kishori Kishor Pednekar"	56	"Graduate"		"Yes"	0		5398769.0		92	102	13	14	37	39	2018		22822	"11229"		"NCP"	"5773"	81.631	79.274	80.631	81.685		83.643	80.756	80.706	82.546	81.341	80.465	82.929	83.228	83.799	92.4	88.4	65.503334	31.94	55.38	71.1225		83.983	0	6	0	0	0	0	7	0	5	1	0	0	3	0	0	0	0	0	0	0	0	0	0	0	0	0	0	9	0	2	2	1	3	0	0	0	0	0	0	0	0	0	0	0	1	0	2	0	0	0	0	0	2	0	0	0	2	0	0	0	0	0	1	0	0	0	0	0	0	0	0	0	0	0	0	0	0	1	0	1	2	0	0	2017.0	333.0	"G/S"	0.56	1.0		1.0	"G"	1	0.0	0.0	0.9019608	0.9285714	0.9281046	0.8997948	1.0	1.0	16.06985294117647	5.55460164835165	0.05882353	0.019607844	0.019607844	0.0	0.039215688	0.019607844	0.37254903	0.0	0.0	0.0	0.078431375	0.019607844	0.039215688	0.0	0.21568628	0.11764706	0.0	51.0	"SS"	5	1.0	0.0	0.0			0.56
200		"SS"	"Male"	"Dilip Ganpat Shinde"									51	51	17	17	20	25	2011			"10466"		"NCP"	"6179"	69.592	71.417	68.24	68.783		70.044	63.271	67.914	67.131	64.871	66.603	67.232	65.783	65.766					46.5		121		0	1	0	0	0	0	0	0	0	0	0	0	0	0	0	0	0	0	0	0	0	0	0	0	0	0	0	0	0	1	0	0		0	0	4	0	0	0	0	0	0	0	0	0	0	0	0	0	0	0	0	0	0	0	0	0	0	0	0	0	0	0	0	0	0	0	0	0	0	0	0	0	0	0	0	0	0	0	0	2	0	0	2007.0	340.0	"F/S"	0.58	0.0		0.0			1.0		1.0	1.0	1.0				8.25	2.062604807154835	0.0	0.0	0.0	0.5	0.0	0.0	0.125	0.0	0.0	0.0	0.125	0.0	0.25	0.0	0.0	0.0	0.0	8.0	"SS"	5	1.0	0.0	0.0	0.0	0.0	0.0
200	"W"	"SS"	"Female"	"Vaibhavi Vijay Chavan"	29	"SSC"		"Yes"	0		5719710.0		69	70	16	17	22	25	2013			"11517"		"MNS"	"1837"	75.516	68.842	78.403	80.862	72.148	84.483	87.088	88.292	83.378	68.917	69.378	79.298	80.468	79.754	69.7	84.2	68.34333	86.33	91.76	85.405			0	0	0	0	0	0	0	0	0	0	0	0	0	0	0	0	0	0	0	0	0	1	0	0	0	0	0	0	0	2	0	0		1	0	0	0	0	0	0	0	0	0	0	0	0	0	0	0	0	0	0	0	0	0	0	0	0	0	0	0	0	0	0	0	0	0	0	0	0	0	0	0	0	0	0	0	0	0	0	0	0	0	2012.0	341.0	"F/S"	0.58	1.0	"OBC-W"	1.0	"OBC"	2	1.0	0.0	0.98571426	0.9411765	0.98165137	0.953285	0.0	1.0	9.0	1.1155378486055776	0.0	0.0	0.0	0.25	0.0	0.0	0.0	0.0	0.0	0.0	0.5	0.0	0.0	0.0	0.0	0.0	0.25	4.0	"SS"	5	1.0	0.0	0.0	0.0	0.0	0.58
200	"W"	"SS"	"Female"	"Vaibhavi Vijay Chavan"	30	"SSC"		"Yes"	0		1.0368E7		57	65	12	15	14	22	2014							71.756	68.411	63.912	71.373	71.906	79.417	79.569	82.368	81.277	65.496	64.671	70.88	68.322	70.087	28.4	29.0	60.983334	76.7475	65.2825	69.8275			0	1	0	0	0	0	0	0	0	0	0	0	0	0	0	0	0	0	0	0	0	0	0	0	0	1	0	0	0	0	0	1		0	0	0	0	0	0	0	0	0	0	0	0	0	0	0	0	0	0	0	0	0	0	0	0	0	0	0	0	0	0	0	0	0	0	0	0	0	0	0	0	0	0	0	0	0	0	0	3	0	0	2012.0	341.0	"F/S"	0.58	1.0	"OBC-W"	1.0	"OBC"	2	1.0	0.0	0.8769231	0.8	0.88297874	0.864	0.0	1.0	12.0	1.526946107784431	0.0	0.0	0.0	0.0	0.0	0.0	0.16666667	0.0	0.0	0.0	0.16666667	0.0	0.5	0.0	0.0	0.16666667	0.0	6.0	"SS"	5	1.0	0.0	0.0	0.0	0.0	0.58
200	"W"	"SS"	"Female"	"Vaibhavi Vijay Chavan"	31	"SSC"		"Yes"	0		565000.0		74	79	16	17	21	41	2015							64.419	52.732	55.631	72.839	53.998	77.37	77.667	88.762	80.954	52.943	47.58	65.914	75.045	68.864	56.7	75.4	67.916664	72.3975	73.1725	57.155			0	1	0	0	0	0	2	0	0	0	0	0	0	0	0	0	0	1	0	0	0	0	0	0	0	1	0	0	0	1	0	0		0	0	0	0	0	0	0	0	0	0	0	0	0	0	0	0	0	0	0	0	0	0	0	0	0	0	0	0	0	1	0	0	0	0	0	0	0	0	0	0	0	0	0	0	0	0	0	1	0	0	2012.0	341.0	"F/S"	0.58	1.0	"OBC-W"	1.0	"OBC"	2	1.0	0.0	0.93670887	0.9411765	0.94871795	0.094166666	0.0	1.0	14.0	4.725629438347321	0.0	0.0	0.0	0.0	0.0	0.125	0.375	0.125	0.0	0.0	0.25	0.0	0.125	0.0	0.0	0.0	0.0	8.0	"SS"	5	1.0	0.0	0.0	0.0	0.0	0.58
200	"W"	"SS"	"Female"	"Vaibhavi Vijay Chavan"	32	"SSC"		"Yes"	0		7345370.0		69	74	15	15	20	27	2016							85.789	73.021	77.113	91.445	87.494	89.745	90.911	93.945	87.495	76.979	78.956	84.735	86.457	83.682	23.7	76.3	63.593334	74.6725	67.655	72.04			0	0	0	0	0	0	1	0	0	0	0	0	0	0	0	0	0	0	0	0	0	0	0	0	0	0	0	0	0	1	0	0		0	0	0	0	0	0	0	0	0	0	0	0	0	0	0	0	0	0	0	0	0	0	0	0	0	0	0	0	0	0	0	0	0	0	0	0	0	0	0	0	0	0	0	0	0	0	0	0	0	0	2012.0	341.0	"F/S"	0.58	1.0	"OBC-W"	1.0	"OBC"	2	1.0	0.0	0.9324324	1.0	0.95412844	0.6121142	0.0	1.0	8.0	2.58897418004187	0.0	0.0	0.0	0.0	0.0	0.0	0.5	0.0	0.0	0.0	0.5	0.0	0.0	0.0	0.0	0.0	0.0	2.0	"SS"	5	1.0	0.0	0.0	0.0	0.0	0.58
200	"SC-W"	"SS"	"Female"	"Urmila Ulhas Panchal"	41	"SSC"		"Yes"	0		4877885.5		89	102	15	19	20	30	2018		28311	"9098"		"Congress"	"2161"	54.917	54.453	62.533	61.229		65.863	53.089	64.842	60.616	54.972	38.874	55.262	59.916	45.669	7.0	11.2	46.74	82.6875	43.3575	64.965		59.485	0	0	0	0	0	0	0	0	0	0	1	0	0	0	0	0	0	1	0	0	0	0	0	0	0	0	0	0	0	0	0	0		0	0	0	0	0	0	0	0	0	0	0	0	0	0	0	0	0	0	0	0	0	0	0	0	0	0	0	0	0	0	0	0	0	0	0	0	0	0	0	0	0	0	0	0	0	0	0	2	0	0	2017.0	342.0	"F/S"	0.58	1.0		1.0	"SCST"	3	1.0	0.0	0.872549	0.7894737	0.8794326	0.8129809	0.0	1.0	4.41	2.0699708454810497	0.0	0.0	0.0	0.0	0.0	0.0	0.0	0.25	0.25	0.0	0.0	0.0	0.5	0.0	0.0	0.0	0.0	4.0	"SS"	5	1.0	0.0	0.0			0.58
201		"SS"	"Male"	"Prakash Shankar Chalke"									39	51	11	17	11	29	2011			"6851"		"INC"	"628"	77.887	73.846	75.046	75.765		77.414	75.574	75.4	74.473	75.202	75.244	74.105	76.057	74.534					79.105		119		0	0	0	0	0	0	0	0	0	0	0	0	0	0	0	0	0	0	0	0	0	0	0	0	0	0	0	0	0	0	0	0		0	0	0	0	0	0	0	0	0	0	0	0	0	0	0	0	0	0	0	0	0	0	0	0	0	0	0	0	0	0	0	0	0	0	0	0	0	0	0	0	0	0	0	0	0	1	0	0	0	0	2007.0	343.0	"F/S"	0.58	0.0		0.0			1.0		0.7647059	0.64705884	0.7721519				6.0	0.0	0.0	0.0	0.0	1.0	0.0	0.0	0.0	0.0	0.0	0.0	0.0	0.0	0.0	0.0	0.0	0.0	0.0	1.0	"SS"	5	1.0	0.0	0.0	0.0	0.0	0.0
201	"W"	"SS"	"Female"	"Shweta Shyamsunder Rane"	42	"B.A."		"Yes"	0		5518937.5		62	70	12	17	23	44	2013			"7004"		"Congress"	"188"	81.309	79.859	81.292	81.801	78.238	79.838	80.303	80.447	79.656	75.073	74.675	75.948	77.772	76.937	72.1	84.9	61.113335	85.66	84.3875	86.905			0	0	0	0	0	0	0	0	0	0	0	0	0	0	0	0	0	0	0	0	0	0	0	0	0	0	0	0	0	0	0	0		0	0	0	0	0	0	0	0	0	0	0	0	0	0	0	0	0	0	0	0	0	0	0	0	0	0	0	0	0	0	0	0	0	0	0	0	0	0	0	0	0	0	0	0	0	0	0	0	0	0	2012.0	344.0	"F/S"	0.58	1.0	"W"	1.0	"G"	1	0.0	0.0	0.8857143	0.7058824	0.8818182	0.91982293	1.0	1.0	0.0	0.0																		0.0	"SS"	5	1.0	0.0	0.0	0.0	0.0	0.58
201	"W"	"SS"	"Female"	"Shweta Shyamsunder Rane"	43	"B.A."		"Yes"	0		1.0713E7		56	65	9	15	18	36	2014							79.807	65.393	67.239	71.562	65.742	71.811	73.68	75.523	72.519	65.237	66.516	64.435	66.415	65.327	35.3	46.6	68.30666	78.5575	67.4375	75.27			0	0	0	0	0	0	0	0	0	0	0	0	0	0	0	0	0	0	0	0	0	0	0	0	0	0	0	0	0	1	0	0		0	0	0	0	0	0	0	0	0	0	0	0	0	0	0	0	0	0	0	0	0	0	0	0	0	0	0	0	0	0	0	0	0	0	0	0	0	0	0	0	0	0	0	0	0	0	0	0	0	0	2012.0	344.0	"F/S"	0.58	1.0	"W"	1.0	"G"	1	0.0	0.0	0.86153847	0.6	0.8469388	0.89275	1.0	1.0	8.0	0.6736526946107785	0.0	0.0	0.0	0.0	0.0	0.0	0.0	0.0	0.0	0.0	1.0	0.0	0.0	0.0	0.0	0.0	0.0	1.0	"SS"	5	1.0	0.0	0.0	0.0	0.0	0.58
201	"W"	"SS"	"Female"	"Shweta Shyamsunder Rane"	44	"B.A."		"Yes"	0		939000.0		45	79	11	17	13	60	2015							63.694	56.623	53.174	65.557	56.714	67.538	73.303	78.609	78.63	50.678	58.438	66.735	76.773	55.533	31.3	42.5	66.236664	58.745	77.735	59.01			0	0	0	0	0	0	0	0	0	0	0	0	0	0	0	0	0	0	0	0	0	0	0	0	0	0	0	0	0	0	0	0		0	0	0	0	0	0	0	0	0	0	0	0	0	0	0	0	0	0	0	0	0	0	0	0	0	0	0	0	0	0	0	0	1	0	0	0	0	0	0	0	0	0	0	0	0	0	0	0	0	0	2012.0	344.0	"F/S"	0.58	1.0	"W"	1.0	"G"	1	0.0	0.0	0.56962025	0.64705884	0.6330275	0.1565	1.0	1.0	6.0	0.0	0.0	0.0	0.0	0.0	0.0	0.0	0.0	0.0	0.0	0.0	0.0	0.0	0.0	0.0	0.0	0.0	1.0	1.0	"SS"	5	1.0	0.0	0.0	0.0	0.0	0.58
201	"W"	"SS"	"Female"	"Shweta Shyamsunder Rane"	45	"B.A."		"Yes"	0		8828607.0		32	74	12	15	14	44	2016							77.311	70.614	72.534	79.31	73.826	77.823	74.782	75.564	77.479	75.747	72.528	68.613	73.317	77.493	40.9	47.8	49.27667	70.4325	71.7375	69.465			0	0	0	0	0	0	0	0	0	0	0	0	0	0	0	0	0	0	0	0	0	0	0	0	0	0	0	0	0	0	0	0		0	0	0	0	0	0	0	0	0	0	0	0	0	0	0	0	0	0	0	0	0	0	0	0	0	0	0	0	0	0	0	0	0	0	0	0	0	0	0	0	0	0	0	0	0	0	0	0	0	0	2012.0	344.0	"F/S"	0.58	1.0	"W"	1.0	"G"	1	0.0	0.0	0.43243244	0.8	0.5631068	0.73571724	1.0	1.0	0.0	0.0																		0.0	"SS"	5	1.0	0.0	0.0	0.0	0.0	0.58
201	"W"	"INC"	"Female"	"Supriya Sunil More"	52	"HSC"		"Yes"	0		4803980.0		99	102	15	19	22	22	2018		24230	"7406"		"SP"	"2787"	60.018	56.286	41.609	82.519		86.853	86.645	90.481	84.472	55.212	55.735	74.529	83.971	63.265	48.4	40.3	57.92	62.5475	81.8675	66.465		64.43	0	0	0	0	0	0	0	0	0	0	0	0	0	0	0	0	0	0	0	0	0	0	0	0	0	0	0	0	0	0	0	0		0	0	0	0	0	0	0	0	0	0	0	0	0	0	0	0	0	0	0	0	0	0	0	0	0	0	0	0	0	0	0	0	0	0	0	0	0	0	0	0	0	0	0	0	0	0	0	0	0	0	2017.0	345.0	"F/S"	0.58	1.0		1.0	"G"	1	0.0	0.0	0.9705882	0.7894737	0.951049	0.80066335	0.0	1.0	0.0	0.0																		0.0	"INC"	2	0.0	0.0	0.0			0.58
202		"NCP"	"Male"	"Mangesh Gangadhar Bansod"									49	51	13	14	82	90	2011			"4346"		"MNS"	"512"	62.916	50.947	60.375	54.903		59.896	61.614	55.995	57.091	58.024	57.051	57.65	57.489	55.961					63.925		122		0	0	0	0	0	0	0	0	0	1	0	0	5	0	1	0	0	1	0	0	0	0	0	0	0	0	0	1	0	1	0	0		0	0	0	0	0	0	0	0	0	0	0	0	0	0	0	0	0	0	0	0	0	0	0	0	1	0	0	0	0	0	0	0	0	0	0	0	0	0	0	0	0	0	0	0	0	1	0	0	0	0	2007.0	346.0	"E"	0.12	0.0		0.0			1.0		0.9607843	0.9285714	0.97959185				10.5	3.343046527266323	0.41666666	0.0	0.0	0.083333336	0.083333336	0.0	0.16666667	0.083333336	0.0	0.0	0.083333336	0.0	0.0	0.0	0.083333336	0.0	0.0	12.0	"NCP"	4	0.0	0.0	0.0	0.0	0.0	0.0
202	"W"	"MNS"	"Female"	"Samita Sanjay Naik"	46	"SSC"		"Yes"	0		5882376.0		68	70	17	18	21	25	2013			"9309"		"NCP"	"2369"	78.696	65.428	72.19	84.522	62.949	85.712	87.708	88.97	81.664	62.954	63.202	70.864	79.305	71.904	69.6	79.9	76.76667	85.9	85.8	78.89			0	0	0	0	0	0	0	0	0	0	0	0	0	0	0	0	0	0	0	0	0	0	0	0	0	0	0	0	0	1	0	0		4	0	0	0	0	0	0	0	0	0	0	0	0	0	0	0	0	0	0	0	0	0	0	0	1	0	0	0	0	0	2	0	0	0	0	0	0	0	0	0	0	0	0	0	0	0	0	1	0	0	2012.0	347.0	"E"	0.12	1.0	"W"	1.0	"G"	1	0.0	0.0	0.9714286	0.9444444	0.9724771	0.980396	0.0	1.0	14.0	1.5472312703583062	0.0	0.0	0.0	0.44444445	0.11111111	0.22222222	0.0	0.0	0.0	0.0	0.11111111	0.0	0.11111111	0.0	0.0	0.0	0.0	9.0	"MNS"	3	0.0	0.0	0.0	0.0	0.0	0.12
202	"W"	"MNS"	"Female"	"Samita Sanjay Naik"	47	"SSC"		"Yes"	0		1.1882E7		65	65	13	15	21	22	2014							86.044	62.079	63.469	66.451	60.621	76.324	66.953	63.718	58.782	60.748	68.298	62.455	65.077	56.798	52.1	64.6	56.576668	58.345	94.0	61.055			0	0	0	0	0	0	0	0	0	2	1	0	0	0	0	0	0	0	0	0	0	0	0	0	0	0	0	0	0	0	0	0		0	0	0	0	0	0	0	0	0	0	0	0	0	0	0	0	0	0	0	0	0	0	0	0	2	0	0	1	0	0	0	0	0	0	0	0	0	0	0	0	0	0	0	0	0	0	0	1	0	0	2012.0	347.0	"E"	0.12	1.0	"W"	1.0	"G"	1	0.0	0.0	1.0	0.8666667	0.980198	0.99016666	0.0	1.0	10.0	0.5138339920948617	0.0	0.0	0.0	0.0	0.2857143	0.0	0.2857143	0.0	0.14285715	0.0	0.0	0.0	0.14285715	0.0	0.0	0.0	0.14285715	7.0	"MNS"	3	0.0	0.0	0.0	0.0	0.0	0.12
202	"W"	"MNS"	"Female"	"Samita Sanjay Naik"	48	"SSC"		"Yes"	0		3246000.0		67	79	19	22	47	71	2015							57.71	54.307	50.963	67.372	58.212	82.918	80.703	87.294	69.149	48.752	51.316	56.43	76.186	76.266	44.7	67.6	76.833336	76.0075	80.09	67.41			0	3	0	0	0	0	0	0	0	0	0	0	0	0	0	0	0	0	0	0	0	0	0	0	0	0	0	1	0	2	0	0		0	0	0	0	0	0	0	0	0	0	0	0	0	0	0	0	0	0	0	0	0	0	0	0	0	0	0	0	0	0	0	0	0	0	0	0	0	0	0	0	0	0	0	0	0	0	3	2	0	0	2012.0	347.0	"E"	0.12	1.0	"W"	1.0	"G"	1	0.0	0.0	0.84810126	0.8636364	0.8986486	0.541	0.0	1.0	13.90909090909091	4.296513045598634	0.0	0.0	0.27272728	0.0	0.0	0.0	0.27272728	0.0	0.0	0.0	0.18181819	0.0	0.18181819	0.0	0.09090909	0.0	0.0	11.0	"MNS"	3	0.0	0.0	0.0	0.0	0.0	0.12
202	"W"	"MNS"	"Female"	"Samita Sanjay Naik"	49	"SSC"		"Yes"	0		6954288.5		66	74	16	19	51	60	2016							82.141	73.226	76.563	80.323	70.968	76.411	70.325	69.466	72.594	73.33	73.761	73.125	73.872	72.369	0.0	16.1	60.213333	73.0975	84.4525	76.6125			0	1	0	0	0	0	0	0	0	0	0	0	1	0	0	0	0	0	0	0	0	2	0	0	0	0	0	0	0	0	1	0	1	0	0	0	0	1	0	0	0	0	0	0	0	0	0	0	0	0	0	0	0	0	0	2	1	0	0	0	0	0	0	0	0	0	0	0	0	0	0	0	0	0	0	0	0	0	0	0	0	0	0	2012.0	347.0	"E"	0.12	1.0	"W"	1.0	"G"	1	0.0	0.0	0.8918919	0.84210527	0.9236111	0.57952404	0.0	1.0	10.6	2.4273940345368916	0.1	0.0	0.0	0.0	0.3	0.0	0.1	0.0	0.0	0.0	0.1	0.1	0.0	0.0	0.0	0.1	0.2	10.0	"MNS"	3	0.0	0.0	0.0	0.0	0.0	0.12
202	"W"	"SS"	"Female"	"Shraddha Shridhar Jadhav "	54	"HSC"		"Yes"	1		4034789.0		88	102	13	19	55	59	2018	1	23435	"12032"		"MNS"	"7646"	68.405	64.904	65.762	71.986		72.464	68.568	84.161	80.142	62.191	58.147	69.033	70.264	66.003	90.4	89.0	71.32333	28.57	76.43	73.515		68.403	0	1	0	0	0	0	1	0	1	0	0	0	1	1	0	4	4	1	0	0	0	0	0	0	0	0	0	7	0	1	0	0		0	0	0	0	0	1	0	0	0	0	0	0	0	0	1	0	0	0	0	0	0	0	0	0	0	0	0	0	0	0	0	0	0	0	0	0	0	0	0	0	0	0	0	0	0	0	0	1	0	0	2017.0	348.0	"F/S"	0.58	1.0		1.0	"G"	1	0.0	1.0	0.8627451	0.68421054	0.8863636	0.67246485	0.0	1.0	14.2345	3.5437317784256557	0.04	0.0	0.0	0.0	0.0	0.0	0.48	0.04	0.0	0.0	0.04	0.08	0.04	0.0	0.28	0.0	0.0	25.0	"SS"	5	1.0	0.0	0.0			0.58
203		"SS"	"Male"	"Ramakant Sakharam Rahate "									49	51	14	14	27	30	2011			"5484"		"ABS"	"507"	74.621	69.694	69.194	69.298		71.975	68.016	68.142	67.955	68.654	67.405	67.763	68.506	68.418					60.5575		122		0	1	0	0	0	0	2	0	0	2	1	0	4	0	1	0	1	0	0	3	0	0	0	0	0	0	0	7	0	1	1	0	4	0	0	0	0	0	0	0	0	0	0	0	2	0	0	0	0	0	0	0	0	0	0	0	0	0	0	0	0	0	2	0	0	0	0	0	0	0	0	0	0	2	0	0	2	2	1	0	4	0	0	2007.0	349.0	"E"	0.12	0.0		0.0			1.0		0.9607843	1.0	0.9782609				14.372093023255815	4.120041711508395	0.093023255	0.046511628	0.0	0.023255814	0.0	0.046511628	0.1627907	0.0	0.023255814	0.069767445	0.046511628	0.046511628	0.093023255	0.093023255	0.1627907	0.093023255	0.0	43.0	"SS"	5	1.0	0.0	0.0	0.0	0.0	0.0
203		"SS"	"Male"	"Ramakant Sakharam Rahate"	54	"SSC"		"Yes"	7	1	5821918.0		70	70	17	18	46	48	2013	7		"9985"		"MNS"	"1371"	78.718	69.55	73.437	74.291	75.585	76.425	77.21	80.063	73.418	68.945	69.922	68.282	68.854	67.439	43.1	51.3	58.113335	66.2675	77.6425	76.76			0	1	0	0	0	0	0	0	0	1	1	0	3	0	0	2	1	1	0	0	0	0	0	0	0	0	0	1	0	0	0	0		6	0	1	0	1	0	0	0	0	0	0	0	0	0	0	0	0	1	0	0	0	1	0	2	0	0	0	1	0	0	0	0	0	0	0	0	0	0	0	0	0	0	0	0	1	0	0	0	0	0	2012.0	350.0	"E"	0.12	0.0	"OBC"	0.0	"OBC"	2	1.0	1.0	1.0	0.9444444	0.9925373	0.9703197	0.0	1.0	15.64	3.100977198697068	0.12	0.08	0.0	0.28	0.08	0.0	0.24	0.04	0.04	0.0	0.0	0.04	0.0	0.0	0.04	0.0	0.04	25.0	"SS"	5	1.0	0.0	0.0	0.0	0.0	0.0
203		"SS"	"Male"	"Ramakant Sakharam Rahate"	55	"SSC"		"Yes"	5		1.1667E7		62	65	12	15	31	33	2014							78.28	63.389	70.324	67.545	67.424	73.914	72.761	76.358	69.075	52.485	58.995	63.624	62.643	66.467	26.6	52.5	62.81333	75.6725	66.3775	69.7975			0	0	0	0	0	0	0	2	0	0	0	0	8	0	0	0	4	2	0	0	0	0	0	0	0	0	0	0	0	0	1	0	1	1	0	0	0	0	0	0	0	0	0	0	0	0	0	0	0	0	0	0	0	1	0	0	1	0	0	0	0	0	1	2	0	0	0	0	0	0	0	1	1	0	0	0	0	2	0	0	0	0	0	2012.0	350.0	"E"	0.12	0.0	"OBC"	0.0	"OBC"	2	1.0	1.0	0.95384616	0.8	0.9459459	0.97225	0.0	1.0	11.142857142857142	0.720583764062025	0.2857143	0.071428575	0.0	0.035714287	0.035714287	0.10714286	0.21428572	0.071428575	0.0	0.0	0.035714287	0.0	0.0	0.071428575	0.0	0.035714287	0.035714287	28.0	"SS"	5	1.0	0.0	0.0	0.0	0.0	0.0
203		"SS"	"Male"	"Ramakant Sakharam Rahate"	56	"SSC"		"Yes"	5		3479000.0		78	79	19	22	181	181	2015							60.159	51.975	67.774	68.559	63.828	79.061	81.262	82.65	81.935	60.182	57.219	56.728	68.221	65.616	47.3	50.3	60.89	74.6525	70.955	69.7775			0	3	0	0	0	0	0	0	0	0	1	0	4	1	0	0	0	2	0	0	0	0	0	0	0	0	0	1	0	2	0	0	3	0	0	0	0	0	1	0	0	0	0	0	0	0	0	0	0	0	0	0	0	0	0	0	0	0	0	0	0	0	0	0	1	1	0	0	0	0	0	0	0	0	0	0	0	1	0	1	0	0	0	2012.0	350.0	"E"	0.12	0.0	"OBC"	0.0	"OBC"	2	1.0	1.0	0.98734176	0.8636364	0.9858156	0.5798333	0.0	1.0	12.545454545454547	4.836381370397464	0.18181819	0.045454547	0.045454547	0.0	0.0	0.045454547	0.18181819	0.09090909	0.045454547	0.0	0.09090909	0.045454547	0.0	0.0	0.045454547	0.13636364	0.045454547	22.0	"SS"	5	1.0	0.0	0.0	0.0	0.0	0.0
203		"SS"	"Male"	"Ramakant Sakharam Rahate"	57	"SSC"		"Yes"	5		8202183.5		74	74	19	19	150	154	2016	5						75.522	68.334	69.807	81.98	74.376	77.19	80.001	82.812	82.089	67.506	65.322	67.195	72.824	69.383	13.5	19.8	60.416668	77.66	60.2225	73.1625			0	0	0	0	0	0	0	2	0	0	2	0	0	0	0	0	1	0	0	0	1	0	0	0	0	0	0	0	0	1	0	0		0	0	1	0	0	0	0	0	0	0	0	1	0	0	0	0	0	0	0	0	0	0	0	0	0	0	0	0	0	0	0	0	0	0	0	0	0	0	0	0	0	0	0	0	0	0	2	0	0	0	2012.0	350.0	"E"	0.12	0.0	"OBC"	0.0	"OBC"	2	1.0	1.0	1.0	1.0	1.0	0.6835153	0.0	1.0	13.90909090909091	2.0408163265306123	0.0	0.0	0.18181819	0.09090909	0.0	0.0	0.27272728	0.0	0.18181819	0.0	0.09090909	0.09090909	0.0	0.0	0.0	0.0	0.09090909	11.0	"SS"	5	1.0	0.0	0.0	0.0	0.0	0.0
203	"W"	"SS"	"Female"	"Sindhu Ravindranath Masurkar"	64	"SSC"		"Yes"	0		2656151.8		95	102	19	19	35	36	2018		19775	"14541"		"BJP"	"4919"	77.249	75.707	77.562	77.743		78.764	79.404	77.2	78.213	77.42	74.106	76.336	78.334	76.365	87.9	9.1	62.293335	44.4475	78.245	67.325		77.074	0	0	0	0	0	0	0	0	1	0	0	0	0	0	0	0	0	0	0	0	0	0	0	0	0	0	0	2	0	0	0	0		0	0	6	0	0	0	0	0	0	0	0	0	0	0	0	0	0	0	0	0	0	0	0	0	0	0	0	0	0	0	1	0	0	0	0	0	0	0	0	0	0	0	0	0	0	0	0	5	0	0	2017.0	351.0	"F/S"	0.58	1.0		1.0	"G"	1	0.0	0.0	0.9313725	1.0	0.9551282	0.44269195	0.0	1.0	9.280999999999999	1.1137026239067056	0.0	0.0	0.0	0.4	0.0	0.06666667	0.06666667	0.0	0.0	0.0	0.0	0.0	0.33333334	0.0	0.13333334	0.0	0.0	15.0	"SS"	5	1.0	0.0	0.0			0.58
204	"W"	"ABS"	"Female"	"Vandana Gawli"									44	51	11	14	51	60	2011			"11868"		"INC"	"9512"	66.392	57.969	62.784	59.614		63.394	63.025	58.968	60.87	55.114	56.327	57.386	58.327	65.48					58.4		121		0	0	0	0	0	0	0	0	0	0	0	0	0	0	0	0	0	0	0	0	0	0	0	0	0	0	0	0	0	0	0	0	1	0	0	0	0	0	0	0	0	0	0	0	0	0	0	0	0	0	0	0	0	0	0	0	0	0	0	0	0	0	0	0	0	0	0	0	0	0	0	0	0	0	0	0	0	0	0	0	0	0	0	2007.0	352.0	"E"	0.12	1.0		1.0	"G"	1	0.0		0.8627451	0.78571427	0.9137931				8.0	0.908770693906305	0.0	0.0	0.0	0.0	0.0	0.0	0.0	0.0	0.0	0.0	0.0	0.0	0.0	0.0	0.0	1.0	0.0	1.0	"_Other"	6	0.0	0.0	0.0	0.0	0.0	0.12
204		"ABS"	"Female"	"Vandana Pradeep Gawli"	41	"Upto SSC"		"Yes"	0		5819249.5		56	70	10	18	37	48	2013			"8279"		"Ind"	"3022"	72.325	63.073	66.828	78.115	59.686	80.465	80.681	85.308	80.77	66.885	66.05	73.15	76.576	70.739	56.1	79.8	74.66	78.1175	85.3175	75.445			0	0	0	0	0	0	0	1	0	0	0	0	0	0	0	0	0	0	0	0	0	0	0	0	0	0	0	0	0	0	0	0		0	0	0	0	0	0	0	0	0	0	0	0	0	0	0	0	0	0	0	0	0	0	0	0	0	0	0	0	0	0	0	0	0	0	0	0	0	0	0	0	0	0	0	0	0	0	0	0	0	0	2012.0	353.0	"E"	0.12	1.0	"G"	0.0	"G"	1	0.0	0.0	0.8	0.5555556	0.824	0.9698749	0.0	1.0	6.0	0.0732899022801303	0.0	0.0	0.0	0.0	0.0	0.0	1.0	0.0	0.0	0.0	0.0	0.0	0.0	0.0	0.0	0.0	0.0	1.0	"_Other"	6	0.0	0.0	0.0	0.0	0.0	0.0
204		"ABS"	"Female"	"Vandana Pradeep Gawli"	42	"Upto SSC"		"Yes"	0		1.1828E7		59	65	6	15	30	41	2014							55.942	50.436	38.35	58.591	38.161	65.108	64.33	77.094	68.755	42.821	42.403	38.567	53.277	51.255	8.1	55.2	62.24	76.3025	63.1025	66.175			0	0	0	0	0	0	0	0	0	0	0	0	0	0	0	0	0	0	0	0	0	0	0	0	0	0	0	1	0	0	0	0		0	0	0	0	0	0	0	0	0	0	0	0	0	0	0	0	0	0	0	0	0	0	0	0	0	0	0	0	0	0	0	0	0	0	0	0	0	0	0	0	0	0	0	0	0	0	0	0	0	0	2012.0	353.0	"E"	0.12	1.0	"G"	0.0	"G"	1	0.0	0.0	0.9076923	0.4	0.8636364	0.9856667	0.0	1.0	8.0	4.952873213742779	0.0	0.0	0.0	0.0	0.0	0.0	0.0	0.0	0.0	0.0	0.0	0.0	0.0	0.0	1.0	0.0	0.0	1.0	"_Other"	6	0.0	0.0	0.0	0.0	0.0	0.0
204		"ABS"	"Female"	"Vandana Pradeep Gawli"	43	"Upto SSC"		"Yes"	0		3306000.0		72	79	12	22	65	82	2015							74.26	58.259	66.283	85.145	64.514	82.576	82.06	88.387	88.696	70.179	59.857	70.759	87.268	82.245	14.0	29.5	81.77	81.1775	86.2075	70.025			0	0	0	0	0	0	0	0	0	0	1	0	0	0	0	0	0	0	0	0	0	0	0	0	0	0	0	0	0	0	0	0		0	0	0	0	0	0	0	0	0	0	0	0	0	0	0	0	0	0	0	0	0	0	0	0	0	0	0	0	0	0	0	0	0	0	0	0	0	0	0	0	0	0	0	0	0	0	0	0	0	0	2012.0	353.0	"E"	0.12	1.0	"G"	0.0	"G"	1	0.0	0.0	0.9113924	0.54545456	0.89759034	0.551	0.0	1.0	6.0	0.5340160936356986	0.0	0.0	0.0	0.0	0.0	0.0	0.0	0.0	1.0	0.0	0.0	0.0	0.0	0.0	0.0	0.0	0.0	1.0	"_Other"	6	0.0	0.0	0.0	0.0	0.0	0.0
204		"ABS"	"Female"	"Vandana Pradeep Gawli"	44	"Upto SSC"		"Yes"	0		7114619.5		58	74	12	19	40	57	2016							68.56	57.927	39.484	74.528	67.316	80.103	81.96	92.261	91.437	58.343	61.133	69.692	72.888	67.114	20.6	27.8	64.61	66.6675	78.53	65.465			0	0	0	0	0	0	0	0	0	0	0	0	0	0	0	0	0	0	0	0	0	0	0	0	0	0	0	0	0	0	0	0		0	0	0	0	0	0	0	0	0	0	0	0	0	0	0	0	0	0	0	0	0	0	0	0	0	0	0	0	0	0	0	0	0	0	0	0	0	0	0	0	0	0	0	0	0	0	1	1	0	0	2012.0	353.0	"E"	0.12	1.0	"G"	0.0	"G"	1	0.0	0.0	0.7837838	0.6315789	0.8270677	0.59288496	0.0	1.0	9.0	0.0	0.0	0.0	0.5	0.0	0.0	0.0	0.0	0.0	0.0	0.0	0.0	0.0	0.5	0.0	0.0	0.0	0.0	2.0	"_Other"	6	0.0	0.0	0.0	0.0	0.0	0.0
204	"G"	"SS"	"Male"	"Anil Sadashiv Kokil"	54	"NCTVT (Mech. Engg.)"		"Yes"	1		4334115.0		95	102	15	19	47	57	2018	1	23526	"13411"		"BJP"	"6111"	63.692	60.321	59.238	71.485		74.432	73.368	76.365	79.062	66.276	68.061	67.855	69.667	68.07	89.8	76.7	83.416664	32.4475	82.8225	72.0675		64.394	0	0	0	0	0	0	0	0	0	0	0	0	0	0	0	0	0	0	0	0	0	0	0	0	0	0	1	4	0	0	0	0		0	0	0	0	0	0	0	0	0	0	0	0	0	0	0	0	0	0	0	0	0	0	0	0	0	0	0	0	0	0	0	0	1	0	0	0	0	0	0	0	0	0	0	0	0	0	0	1	1	0	2017.0	354.0	"F/S"	0.58	0.0		0.0	"G"	1	0.0	1.0	0.9313725	0.7894737	0.9345238	0.7223525	1.0	1.0	12.4505	0.9271137026239067	0.0	0.0	0.0	0.0	0.0	0.0	0.0	0.0	0.0	0.0	0.125	0.0	0.125	0.0	0.625	0.0	0.125	8.0	"SS"	5	1.0	0.0	0.0			0.0
205	"W"	"ABS"	"Female"	"Geeta Gawli"									20	51	2	14	10	16	2011			"8588"		"INC"	"5411"	72.821	73.2	73.932	72.608		77.708	72.983	72.309	70.604	71.987	71.142	71.712	70.555	71.414					76.64		119		0	0	0	0	0	0	0	0	0	0	0	0	0	0	0	0	0	0	0	0	0	0	0	0	0	0	0	0	0	0	0	0		0	0	0	0	0	0	0	0	0	0	0	0	0	0	0	0	0	0	0	0	0	0	0	0	0	0	0	0	0	0	0	0	0	0	0	0	0	0	0	0	0	0	0	0	0	0	0	1	0	0	2007.0	355.0	"E"	0.12	1.0		1.0	"G"	1	0.0		0.39215687	0.14285715	0.42666668				6.0	0.0	0.0	0.0	0.0	0.0	0.0	0.0	0.0	0.0	0.0	0.0	0.0	0.0	1.0	0.0	0.0	0.0	0.0	1.0	"_Other"	6	0.0	0.0	0.0	0.0	0.0	0.12
205		"ABS"	"Female"	"Geeta Ajay Gawli"	29	"SSC"		"Yes"	0		5940438.0		37	70	0	18	59	86	2013			"9138"		"Congress"	"4798"	59.624	59.039	64.492	68.116	57.742	76.39	69.676	80.237	83.811	55.196	58.608	63.594	66.66	60.916	47.5	79.0	71.46	77.53	70.9325	76.1925			0	3	0	0	0	0	0	0	0	0	0	0	0	0	0	0	0	0	0	0	0	0	0	0	0	0	0	0	0	0	0	0		0	0	0	0	0	0	0	1	0	0	0	0	0	0	0	0	0	0	0	0	0	0	0	0	0	0	0	0	1	0	0	0	0	0	0	0	0	0	0	0	0	0	0	0	0	0	0	1	0	0	2012.0	356.0	"E"	0.12	1.0	"G"	0.0	"G"	1	0.0	0.0	0.5285714	0.0	0.6530612	0.990073	0.0	1.0	9.0	1.9218241042345277	0.0	0.0	0.0	0.0	0.0	0.16666667	0.5	0.0	0.0	0.0	0.0	0.16666667	0.16666667	0.0	0.0	0.0	0.0	6.0	"_Other"	6	0.0	0.0	0.0	0.0	0.0	0.0
205		"ABS"	"Female"	"Geeta Ajay Gawli"	30	"SSC"		"Yes"	0		1.1941E7		25	65	0	15	63	127	2014							56.598	39.143	48.343	72.611	58.267	81.375	78.843	79.956	84.147	45.995	40.188	64.247	68.354	59.708	11.9	63.1	66.04	71.0875	68.5675	70.88			0	1	0	0	0	0	0	0	0	0	0	0	0	0	0	0	0	0	0	0	0	0	0	0	0	0	0	0	0	0	0	0		0	0	0	0	0	0	0	0	0	0	0	0	0	0	0	0	0	0	0	0	0	0	0	0	0	0	0	0	0	1	4	0	0	0	0	0	0	0	0	0	0	0	0	0	0	0	0	1	0	0	2012.0	356.0	"E"	0.12	1.0	"G"	0.0	"G"	1	0.0	0.0	0.3846154	0.0	0.61538464	0.99508333	0.0	1.0	6.0	1.2313773183338401	0.0	0.0	0.0	0.0	0.0	0.71428573	0.14285715	0.0	0.0	0.0	0.0	0.0	0.14285715	0.0	0.0	0.0	0.0	7.0	"_Other"	6	0.0	0.0	0.0	0.0	0.0	0.0
205		"ABS"	"Female"	"Geeta Ajay Gawli"	31	"SSC"		"Yes"	0		2690000.0		30	79	0	22	87	171	2015							72.378	58.855	29.143	78.691	61.607	85.442	83.491	88.541	87.974	72.562	62.855	73.03	80.661	72.299	16.7	32.2	72.53333	75.345	74.16	63.755			0	0	0	0	0	0	0	0	0	0	0	0	0	0	0	0	0	0	0	0	0	0	0	0	0	0	0	0	0	0	0	0		0	0	0	0	0	0	0	0	0	0	0	0	0	0	0	0	0	0	0	0	0	0	0	0	0	0	0	0	0	0	1	0	0	0	0	0	0	0	0	0	0	0	0	0	0	0	0	1	0	0	2012.0	356.0	"E"	0.12	1.0	"G"	0.0	"G"	1	0.0	0.0	0.37974682	0.0	0.62234044	0.44833332	0.0	1.0	6.0	0.051207022677395755	0.0	0.0	0.0	0.0	0.0	0.5	0.0	0.0	0.0	0.0	0.0	0.0	0.5	0.0	0.0	0.0	0.0	2.0	"_Other"	6	0.0	0.0	0.0	0.0	0.0	0.0
205		"ABS"	"Female"	"Geeta Ajay Gawli"	32	"SSC"		"Yes"	0		6536811.0		14	74	0	19	81	141	2016							74.332	64.634	67.01	75.06	67.317	72.473	71.14	70.097	69.478	65.265	67.731	67.114	68.04	67.216	0.0	5.2	53.263332	79.1225	83.425	57.29			0	0	0	0	0	0	0	0	0	0	0	0	1	0	0	0	0	0	0	0	0	0	0	0	0	0	0	0	0	0	0	0		0	0	0	0	0	0	0	0	0	0	0	0	0	0	0	0	0	0	0	0	0	0	0	0	0	0	0	0	0	0	0	0	0	0	0	0	0	0	0	0	0	0	0	0	0	0	0	1	0	0	2012.0	356.0	"E"	0.12	1.0	"G"	0.0	"G"	1	0.0	0.0	0.1891892	0.0	0.545977	0.54473424	0.0	1.0	6.0	0.10989010989010989	0.5	0.0	0.0	0.0	0.0	0.0	0.0	0.0	0.0	0.0	0.0	0.0	0.5	0.0	0.0	0.0	0.0	2.0	"_Other"	6	0.0	0.0	0.0	0.0	0.0	0.0
205	"G"	"SS"	"Male"	"Dattaram Rambhau Pongade"	56	"Graduate"		"Yes"	0		3672599.2		102	102	18	19	22	22	2018		22798	"13859"		"MNS"	"7684"	67.179	63.882	63.547	83.52		84.295	76.933	86.546	81.143	55.037	60.41	63.156	72.974	64.248	65.1	32.0	75.28	31.755	88.14	80.55		61.358	0	1	0	0	0	0	1	0	0	0	0	0	1	0	0	0	0	0	0	0	0	0	0	0	0	0	0	0	0	0	0	0		0	0	0	0	0	0	0	0	0	0	0	0	0	0	0	0	0	0	0	0	0	0	0	1	0	0	0	0	0	0	0	0	0	0	0	0	0	0	0	0	0	0	0	0	0	0	0	0	0	0	2017.0	357.0	"F/S"	0.58	0.0		0.0	"G"	1	0.0	0.0	1.0	0.94736844	0.993007	0.6120999	1.0	1.0	7.07	3.1778425655976674	0.25	0.0	0.0	0.0	0.25	0.0	0.5	0.0	0.0	0.0	0.0	0.0	0.0	0.0	0.0	0.0	0.0	4.0	"SS"	5	1.0	0.0	0.0			0.0
206	"W"	"INC"	"Female"	"Aafreen Faiyaz Khan"									39	51	9	14	6	15	2011			"5948"		"SP"	"2689"	77.519	73.668	76.679	73.049		74.785	75.183	73.173	74.998	73.425	73.151	73.786	74.811	73.976					80.7225		119		0	0	0	0	0	0	0	0	0	0	0	0	0	0	0	0	0	0	0	0	0	0	0	0	0	0	0	0	0	0	0	0		0	0	0	0	0	0	0	0	0	0	0	0	0	0	0	0	0	0	0	0	0	0	0	0	0	0	0	0	2	0	0	0	0	0	0	0	0	0	0	0	0	0	0	0	0	0	0	0	0	0	2007.0	358.0	"E"	0.12	1.0		1.0	"G"	1	0.0		0.7647059	0.64285713	0.7605634				6.0	0.0	0.0	0.0	0.0	0.0	0.0	1.0	0.0	0.0	0.0	0.0	0.0	0.0	0.0	0.0	0.0	0.0	0.0	2.0	"INC"	2	0.0	0.0	0.0	0.0	0.0	0.12
206		"INC"	"Male"	"Faiyaz Ahmed Khan"	51	"S.Y.B.A."		"Yes"	0	1	5316351.0		44	70	4	18	24	47	2013			"10860"		"BJP"	"8138"	66.212	59.603	57.803	74.349	51.617	70.764	70.775	73.047	70.709	56.534	54.74	57.409	57.096	53.509	71.7	81.0	44.073334	66.2375	79.1375	68.69			0	0	0	0	0	0	0	0	0	0	0	2	0	0	0	0	0	0	0	0	0	0	0	0	0	0	0	0	0	0	0	0		0	0	0	0	0	0	0	0	0	0	0	0	0	0	0	0	0	0	0	0	0	0	0	0	0	0	0	0	0	0	0	0	0	0	0	0	0	0	0	0	0	0	0	0	0	0	0	0	0	0	2012.0	359.0	"E"	0.12	0.0	"G"	0.0	"G"	1	0.0	0.0	0.62857145	0.22222222	0.64285713	0.8860585	1.0	1.0	0.0	0.0	0.0	0.0	0.0	0.0	0.0	0.0	0.0	0.0	0.0	0.0	0.0	0.0	0.0	0.0	0.0	0.0	1.0	2.0	"INC"	2	0.0	0.0	0.0	0.0	0.0	0.0
206		"INC"	"Male"	"Faiyaz Ahmed Khan"	52	"S.Y.B.A."		"Yes"	0	1	1.075E7		40	65	1	15	15	29	2014							57.073	51.846	51.382	68.238	58.446	68.297	67.33	83.593	80.278	53.133	52.582	53.757	61.781	65.202	13.2	22.9	57.35	53.95	55.4025	55.77			0	0	0	0	0	0	0	0	0	0	0	0	0	0	0	0	0	0	0	0	0	0	0	0	0	0	0	0	0	0	0	0		0	0	0	0	0	0	0	0	0	0	0	0	0	0	0	0	0	0	0	0	0	0	0	1	1	0	0	0	0	0	0	0	0	0	0	0	0	0	0	0	0	0	0	0	0	0	0	0	0	0	2012.0	359.0	"E"	0.12	0.0	"G"	0.0	"G"	1	0.0	0.0	0.61538464	0.06666667	0.58947366	0.8958333	1.0	1.0	6.0	0.0030404378230465185	0.0	0.0	0.0	0.0	1.0	0.0	0.0	0.0	0.0	0.0	0.0	0.0	0.0	0.0	0.0	0.0	0.0	2.0	"INC"	2	0.0	0.0	0.0	0.0	0.0	0.0
206		"INC"	"Male"	"Faiyaz Ahmed Khan"	53	"S.Y.B.A."		"Yes"	0	1	3560000.0		48	79	2	22	26	64	2015							68.392	56.832	56.745	73.221	68.909	75.488	75.87	82.817	77.234	63.215	56.276	61.139	66.717	63.672	52.1	44.8	61.40333	65.49	69.92	70.955			0	0	0	0	0	0	0	0	0	0	0	0	0	0	0	0	0	0	0	0	0	0	0	0	0	0	0	0	0	0	0	0		0	0	2	0	0	0	0	0	0	0	0	0	0	0	0	0	0	0	0	0	0	0	0	1	0	0	0	0	1	0	0	0	0	0	0	0	0	0	0	0	0	0	0	0	0	0	0	1	0	0	2012.0	359.0	"E"	0.12	0.0	"G"	0.0	"G"	1	0.0	0.0	0.6075949	0.09090909	0.5984252	0.5933333	1.0	1.0	6.0	0.05486466715435259	0.0	0.0	0.0	0.4	0.2	0.2	0.0	0.0	0.0	0.0	0.0	0.0	0.2	0.0	0.0	0.0	0.0	5.0	"INC"	2	0.0	0.0	0.0	0.0	0.0	0.0
206		"INC"	"Male"	"Faiyaz Ahmed Khan"	54	"S.Y.B.A."		"Yes"	0	1	7592262.0		50	74	1	19	33	64	2016							68.161	68.99	68.723	71.099	70.087	73.676	75.685	77.254	76.05	63.667	67.698	69.815	72.75	69.26	19.3	29.4	51.076668	72.39	59.825	56.7725			0	1	0	0	0	0	0	0	0	2	2	2	0	0	0	0	0	0	0	0	0	0	0	0	0	0	0	0	0	1	0	0	2	0	0	2	0	0	0	0	0	0	0	0	0	0	0	0	0	0	0	0	0	0	0	0	0	0	0	0	0	0	2	4	1	0	0	0	0	0	0	0	0	0	0	0	0	0	2	0	0	0	0	2012.0	359.0	"E"	0.12	0.0	"G"	0.0	"G"	1	0.0	0.0	0.6756757	0.05263158	0.6666667	0.6326885	1.0	1.0	10.285714285714285	3.4604918890633174	0.0	0.0	0.0	0.1904762	0.0	0.33333334	0.14285715	0.0	0.0952381	0.0	0.04761905	0.0	0.0	0.0	0.0	0.0952381	0.0952381	21.0	"INC"	2	0.0	0.0	0.0	0.0	0.0	0.0
206	"OBC"	"SS"	"Male"	"Sachin Devdas Padwal"	41	"SSC"		"Yes"	0		5289564.5		94	102	16	19	47	51	2018		28492	"7225"		"Congress"	"963"	62.535	52.444	53.797	79.219		83.512	79.567	86.349	85.88	64.659	59.807	73.654	78.744	68.656	57.5	46.6	58.756668	63.2325	84.22	68.545		64.683	0	1	0	0	0	0	0	0	0	2	0	0	0	2	0	0	0	0	0	0	0	0	0	0	0	1	1	1	0	3	0	2		0	0	0	0	0	0	0	0	0	0	0	0	0	0	0	0	1	0	0	0	0	0	1	0	0	0	0	0	0	3	0	0	0	0	0	0	0	0	0	0	0	0	0	0	0	0	0	1	0	0	2017.0	360.0	"F/S"	0.58	0.0		0.0	"OBC"	2	1.0	0.0	0.92156863	0.84210527	0.9345238	0.88159406	0.0	1.0	14.411342105263158	3.7551020408163267	0.0	0.0	0.0	0.0	0.05263158	0.15789473	0.31578946	0.0	0.0	0.0	0.2631579	0.0	0.05263158	0.0	0.05263158	0.10526316	0.0	19.0	"SS"	5	1.0	0.0	0.0			0.0
207		"SS"	"Male"	"Yashwant Kamalakar Jadhav "									32	51	5	14	48	74	2011			"4845"		"NCP"	"866"	78.372	73.788	76.88	74.948		75.95	74.872	75.403	74.578	74.648	74.277	74.269	74.082	74.422					78.035		119		0	1	0	0	0	0	0	0	0	0	0	0	2	0	1	0	3	0	0	0	0	0	0	0	1	0	0	0	0	0	1	0	1	0	0	0	0	0	0	0	0	0	0	0	0	0	0	0	0	0	0	0	0	0	0	0	0	0	0	0	0	2	0	0	0	0	0	0	0	0	0	0	0	0	0	0	0	0	1	2	6	1	0	2007.0	361.0	"E"	0.12	0.0		0.0			1.0		0.627451	0.35714287	0.7522124				12.545454545454545	5.414454513433027	0.09090909	0.0	0.09090909	0.045454547	0.0	0.09090909	0.22727273	0.0	0.0	0.0	0.09090909	0.0	0.27272728	0.0	0.045454547	0.045454547	0.0	22.0	"SS"	5	1.0	0.0	0.0	0.0	0.0	0.0
207	"W"	"SS"	"Female"	"Yamini Yashwant Jadhav"	45	"B.Com"		"Yes"	0		5667706.0		58	70	13	18	29	39	2013			"7156"		"NCP"	"1052"	71.532	61.232	59.268	78.565	50.915	79.32	76.268	89.126	88.51	64.831	70.888	81.595	77.195	80.533	55.6	79.8	77.513336	78.87	82.685	68.585			0	3	0	0	0	0	0	0	0	1	2	0	0	0	0	0	2	0	0	0	0	0	0	0	0	0	0	2	0	1	0	1		3	0	3	0	0	0	0	0	0	0	0	0	0	0	0	0	0	0	0	0	0	1	2	4	0	0	0	0	0	0	0	0	0	0	0	0	0	0	0	0	0	0	0	0	2	0	1	0	0	0	2012.0	362.0	"E"	0.12	1.0	"W"	1.0	"G"	1	0.0	0.0	0.82857144	0.7222222	0.85470086	0.9446177	1.0	1.0	13.714285714285714	4.1632736156351795	0.0	0.10714286	0.035714287	0.21428572	0.21428572	0.0	0.21428572	0.0	0.071428575	0.0	0.035714287	0.0	0.0	0.0	0.071428575	0.035714287	0.0	28.0	"SS"	5	1.0	0.0	0.0	0.0	0.0	0.12
207	"W"	"SS"	"Female"	"Yamini Yashwant Jadhav"	46	"B.Com"		"Yes"	0		1.1541E7		50	65	9	15	27	30	2014							61.583	52.976	52.674	63.026	57.343	63.711	68.121	83.257	79.721	57.583	60.075	62.13	63.143	65.192	20.7	36.8	58.926666	62.335	53.9825	61.4475			0	1	0	0	0	0	0	0	0	0	0	1	2	0	0	1	2	0	0	0	0	0	0	0	0	0	0	2	0	0	0	0		0	0	0	0	0	0	0	0	0	0	0	0	0	0	0	0	0	0	0	0	0	0	1	4	1	0	0	0	0	1	0	0	0	0	0	0	0	0	0	0	0	0	0	0	0	0	0	0	0	0	2012.0	362.0	"E"	0.12	1.0	"W"	1.0	"G"	1	0.0	0.0	0.7692308	0.6	0.8037383	0.96175	1.0	1.0	11.625	2.615536637275768	0.125	0.0	0.0	0.0	0.375	0.0625	0.25	0.0	0.0	0.0	0.0	0.0	0.0	0.0	0.125	0.0	0.0625	16.0	"SS"	5	1.0	0.0	0.0	0.0	0.0	0.12
207	"W"	"SS"	"Female"	"Yamini Yashwant Jadhav"	47	"B.Com"		"Yes"	0		4896000.0		32	79	13	22	24	51	2015							67.01	55.763	56.063	79.709	55.116	73.798	74.575	87.309	85.01	65.64	60.548	64.447	66.145	65.014	67.3	75.6	59.233334	68.575	66.9275	72.5875			0	0	0	0	0	0	0	0	0	0	0	0	1	0	0	0	1	0	0	0	0	0	0	0	0	0	0	0	0	0	0	0		0	0	0	0	0	0	0	0	0	0	0	0	0	0	0	0	0	0	0	0	0	0	2	0	0	0	0	0	1	0	0	0	0	0	0	0	0	0	0	0	0	0	0	0	0	0	0	0	0	0	2012.0	362.0	"E"	0.12	1.0	"W"	1.0	"G"	1	0.0	0.0	0.4050633	0.59090906	0.552	0.816	1.0	1.0	9.6	0.12801755669348938	0.2	0.0	0.0	0.0	0.4	0.2	0.2	0.0	0.0	0.0	0.0	0.0	0.0	0.0	0.0	0.0	0.0	5.0	"SS"	5	1.0	0.0	0.0	0.0	0.0	0.12
207	"W"	"SS"	"Female"	"Yamini Yashwant Jadhav"	48	"B.Com"		"Yes"	0		6860404.5		47	74	15	19	35	47	2016							82.175	73.61	80.2	85.055	67.529	74.382	77.527	76.479	78.557	75.767	77.319	76.488	75.465	77.518	0.0	4.1	59.443333	76.1	64.9475	63.585			0	1	0	0	0	0	0	0	0	0	0	0	1	0	1	0	1	0	0	0	0	0	0	0	0	0	0	1	0	0	0	0		0	0	0	0	0	0	0	0	0	0	0	0	0	0	0	0	0	0	0	0	0	0	4	4	0	0	0	0	0	0	0	0	0	0	0	0	0	0	0	0	0	0	0	0	1	0	1	0	0	0	2012.0	362.0	"E"	0.12	1.0	"W"	1.0	"G"	1	0.0	0.0	0.6351351	0.7894737	0.7578125	0.5717004	1.0	1.0	9.6	1.9359212216355075	0.06666667	0.06666667	0.06666667	0.0	0.53333336	0.0	0.2	0.0	0.0	0.0	0.0	0.0	0.0	0.0	0.06666667	0.0	0.0	15.0	"SS"	5	1.0	0.0	0.0	0.0	0.0	0.12
207	"W"	"BJP"	"Female"	"Surekha Rohidas Lokhande"	43	"SSC"		"Yes"	0		5020992.0		92	102	15	18	16	22	2018		27746	"6005"		"SS"	"43"	65.318	63.337	65.017	78.301		81.35	83.08	95.515	92.187	71.516	62.917	72.374	81.894	70.048	0.3	14.8	55.93	51.725	63.855	70.565		72.941	0	0	0	0	0	0	0	0	0	0	1	0	0	0	0	0	0	0	0	0	0	0	0	0	0	0	0	0	0	0	0	0		0	0	0	0	0	0	0	0	0	0	0	1	0	0	0	0	0	0	0	0	0	0	0	0	0	0	0	0	0	0	0	0	0	0	0	0	0	0	0	0	0	0	0	0	0	0	0	1	0	0	2017.0	363.0	"E"	0.12	1.0		1.0	"G"	1	0.0	0.0	0.9019608	0.8333333	0.9044118	0.836832	0.0	1.0	6.1275	1.470755252697331	0.0	0.0	0.0	0.0	0.0	0.0	0.0	0.0	0.33333334	0.0	0.0	0.33333334	0.33333334	0.0	0.0	0.0	0.0	3.0	"BJP"	1	0.0	0.0	0.0			0.12
208	"W"	"INC"	"Female"	"Rabia Shaikh"									37	51	10	14	15	27	2011			"5001"		"SS"	"2375"	77.594	70.303	73.023	73.281		72.531	72.499	73.142	72.692	72.232	72.676	73.676	72.128	73.692					74.4325		122		0	2	0	0	0	1	0	0	0	0	2	0	0	0	1	0	0	0	0	0	0	0	0	0	0	0	0	0	0	0	0	0	1	0	0	0	0	0	0	0	0	0	0	0	0	0	0	0	0	0	0	0	0	0	0	0	1	0	0	0	0	1	0	0	0	1	0	0	0	0	0	0	0	0	0	0	0	0	0	0	0	0	0	2007.0	364.0	"E"	0.12	1.0		1.0	"G"	1	0.0		0.7254902	0.71428573	0.775				7.8	4.112843831054469	0.0	0.0	0.0	0.0	0.1	0.1	0.3	0.0	0.2	0.0	0.0	0.0	0.0	0.0	0.0	0.1	0.2	10.0	"INC"	2	0.0	0.0	0.0	0.0	0.0	0.12
208		"INC"	"Male"	"Manoj Pandurang Jamsutkar"	44	"HSC"	"I.T.I. Electrician Trade, Library Science"	"Yes"	0		5778334.0		63	70	18	18	14	17	2013			"7581"		"SS"	"3035"	62.676	61.161	65.961	73.098	58.547	80.044	78.998	80.53	79.867	61.569	58.837	64.829	68.941	60.52	23.4	82.0	64.90667	66.1975	75.595	61.94			0	0	0	0	0	0	0	0	0	0	1	0	1	0	0	0	1	0	0	0	0	0	0	0	0	0	0	1	0	0	1	0	1	0	0	0	0	0	0	0	0	0	0	0	0	0	0	0	0	0	0	0	0	0	0	0	0	0	0	0	0	0	0	1	0	0	0	0	0	0	0	0	0	0	0	0	0	1	0	0	0	0	0	2012.0	365.0	"E"	0.12	0.0	"SC"	0.0	"SCST"	3	1.0	0.0	0.9	1.0	0.9313725	0.9630557	1.0	1.0	14.0	2.846091205211726	0.125	0.125	0.0	0.0	0.0	0.125	0.125	0.0	0.125	0.0	0.125	0.0	0.0	0.0	0.125	0.125	0.0	8.0	"INC"	2	0.0	0.0	0.0	0.0	0.0	0.0
208		"INC"	"Male"	"Manoj Pandurang Jamsutkar"	45	"HSC"	"I.T.I. Electrician Trade, Library Science"	"Yes"	0		1.1779E7		59	65	13	15	19	24	2014							58.933	58.183	57.171	71.282	54.723	66.929	68.643	73.319	72.635	54.111	55.475	57.66	60.524	59.212	6.7	11.8	41.546665	43.3025	47.2075	53.2175			0	5	0	0	0	0	0	0	0	0	0	0	1	0	0	0	0	1	0	0	0	1	0	0	0	0	0	1	0	1	0	0		0	0	0	0	0	0	0	0	0	0	0	0	0	0	0	0	0	0	0	0	0	0	0	0	0	0	0	0	1	0	0	0	0	0	0	0	0	0	0	0	0	0	0	0	0	0	0	0	0	0	2012.0	365.0	"E"	0.12	0.0	"SC"	0.0	"SCST"	3	1.0	0.0	0.9076923	0.8666667	0.9191919	0.98158336	1.0	1.0	10.272727272727273	2.968818620992534	0.09090909	0.0	0.0	0.0	0.0	0.09090909	0.45454547	0.09090909	0.0	0.0	0.09090909	0.0	0.0	0.0	0.09090909	0.0	0.09090909	11.0	"INC"	2	0.0	0.0	0.0	0.0	0.0	0.0
208		"INC"	"Male"	"Manoj Pandurang Jamsutkar"	46	"HSC"	"I.T.I. Electrician Trade, Library Science"	"Yes"	0		3790000.0		68	79	22	22	38	55	2015							64.381	52.556	56.188	60.432	59.852	74.907	74.273	76.215	70.468	49.831	46.042	52.622	60.801	48.858	42.6	69.5	68.996666	75.355	86.93	75.0525			0	4	0	0	0	0	1	0	0	0	0	0	1	0	0	0	0	0	0	0	0	0	0	1	0	4	0	0	0	1	0	0		0	0	0	0	0	0	0	0	0	0	0	0	0	0	0	0	0	0	0	0	2	0	0	0	0	0	0	0	0	0	0	1	0	0	0	0	0	0	0	0	0	0	0	0	0	0	1	0	0	0	2012.0	365.0	"E"	0.12	0.0	"SC"	0.0	"SCST"	3	1.0	0.0	0.8607595	1.0	0.92086333	0.63166666	1.0	1.0	15.75	4.431845891246038	0.0625	0.0	0.0625	0.0	0.0	0.0625	0.3125	0.0	0.0	0.0	0.375	0.0	0.0	0.0	0.0	0.0	0.125	16.0	"INC"	2	0.0	0.0	0.0	0.0	0.0	0.0
208		"INC"	"Male"	"Manoj Pandurang Jamsutkar"	47	"HSC"	"I.T.I. Electrician Trade, Library Science"	"Yes"	0		7978862.5		65	74	19	19	38	45	2016							82.508	73.429	80.09	81.579	78.618	77.035	77.318	78.711	79.529	77.771	79.157	78.332	79.535	79.164	0.9	8.3	52.47	82.7775	90.7225	51.875			0	0	0	0	0	0	0	0	0	0	1	0	0	0	0	0	0	0	0	0	0	0	0	0	0	0	0	0	0	0	0	0		0	0	0	0	0	0	0	0	0	0	0	0	0	0	0	0	0	0	0	0	0	0	0	0	0	0	0	0	0	0	0	0	0	0	0	0	0	0	0	0	0	0	0	0	0	0	0	2	0	0	2012.0	365.0	"E"	0.12	0.0	"SC"	0.0	"SCST"	3	1.0	0.0	0.8783784	1.0	0.9312977	0.6649052	1.0	1.0	6.0	0.9497645211930926	0.0	0.0	0.0	0.0	0.0	0.0	0.0	0.0	0.33333334	0.0	0.0	0.0	0.6666667	0.0	0.0	0.0	0.0	3.0	"INC"	2	0.0	0.0	0.0	0.0	0.0	0.0
208	"G"	"SS"	"Male"	"Ramakant Sakharam Rahate "	62	"SSC"		"Yes"	1		5402951.0		90	102	14	18	32	37	2018		20570	"8938"		"MNS"	"3936"	47.046	40.704	49.052	57.642		73.085	81.436	76.428	76.036	76.355	61.585	69.509	76.722	57.474	51.3	47.2	65.97667	73.9075	81.4825	52.6425		58.962	0	1	0	0	0	0	0	0	1	0	0	0	0	1	1	0	2	0	0	0	0	0	0	0	0	0	0	2	0	0	0	0	2	1	0	0	0	0	0	0	0	0	0	0	1	0	0	0	0	0	0	0	0	0	0	0	0	0	0	0	0	0	0	0	0	0	0	0	0	0	0	0	0	0	0	0	0	0	0	0	0	0	0	2017.0	366.0	"E"	0.12	0.0		0.0	"G"	1	0.0	1.0	0.88235295	0.7777778	0.8947368	0.90049183	0.0	1.0	12.121500000000001	3.103350369108461	0.0	0.0	0.0	0.083333336	0.0	0.0	0.5	0.0	0.0	0.0	0.0	0.083333336	0.0	0.0	0.16666667	0.16666667	0.0	12.0	"SS"	5	1.0	0.0	0.0			0.0
209		"INC"	"Male"	"Amin Amirali Patel"									7	51	1	14	0	0	2011			"4997"		"SS"	"1134"	68.601	58.885	61.731	61.241		65.702	61.346	57.242	64.373	53.292	59.894	57.011	59.171	64.891					56.0		121		0	0	0	0	0	0	0	0	0	0	0	0	0	0	0	0	0	0	0	0	0	0	0	0	0	0	0	0	0	0	0	0		0	0	0	0	0	0	0	0	0	0	0	0	0	0	0	0	0	0	0	0	0	0	0	0	0	0	0	0	0	0	0	0	0	0	0	0	0	0	0	0	0	0	0	0	0	0	0	0	0	0	2007.0	367.0	"E"	0.12	0.0		0.0			1.0		0.13725491	0.071428575	0.12307692				0.0	0.0																		0.0	"INC"	2	0.0	0.0	0.0	0.0	0.0	0.0
209	"W"	"INC"	"Female"	"Shahana Rizwan Khan"	49	"Seventh"		"Yes"	0		5726132.0		35	70	12	18	13	19	2013			"6596"		"MNS"	"365"	65.576	57.007	59.952	69.357	65.908	77.191	73.172	78.173	75.066	59.153	59.216	64.522	69.954	64.676	67.1	70.0	51.306667	66.1875	66.6	59.3125			0	0	0	0	0	0	0	0	0	0	0	0	0	0	0	0	0	0	0	0	0	0	0	0	0	0	0	0	0	0	0	0	1	0	0	0	0	0	0	0	0	0	0	0	0	0	0	0	0	0	0	0	0	0	0	0	0	0	0	0	0	0	0	0	0	0	0	0	0	0	0	0	0	0	0	0	0	0	0	0	1	0	0	2012.0	368.0	"E"	0.12	1.0	"W"	1.0	"G"	1	0.0	0.0	0.5	0.6666667	0.5940594	0.95435536	0.0	1.0	14.0	0.8143322475570033	0.0	0.0	0.0	0.0	0.0	0.0	0.0	0.0	0.0	0.0	0.0	0.0	0.5	0.0	0.0	0.5	0.0	2.0	"INC"	2	0.0	0.0	0.0	0.0	0.0	0.12
209	"W"	"INC"	"Female"	"Shahana Rizwan Khan"	50	"Seventh"		"Yes"	0		1.0457E7		38	65	10	15	8	14	2014							60.114	62.847	58.363	69.127	65.842	66.247	72.808	74.324	71.871	57.084	56.17	59.959	58.454	60.243	25.9	39.3	53.513332	65.4825	53.1725	55.88			0	0	0	0	0	0	0	0	0	0	0	0	0	0	0	0	0	0	0	0	0	0	0	0	0	0	0	0	0	0	0	0		0	0	0	0	0	0	0	0	0	0	0	0	0	0	0	0	0	0	0	0	0	0	0	0	0	0	0	0	0	0	0	0	0	0	0	0	0	0	0	0	0	0	0	0	0	0	0	3	0	0	2012.0	368.0	"E"	0.12	1.0	"W"	1.0	"G"	1	0.0	0.0	0.5846154	0.6666667	0.6363636	0.8714167	0.0	1.0	6.0	0.0	0.0	0.0	0.0	0.0	0.0	0.0	0.0	0.0	0.0	0.0	0.0	0.0	1.0	0.0	0.0	0.0	0.0	3.0	"INC"	2	0.0	0.0	0.0	0.0	0.0	0.12
209	"W"	"INC"	"Female"	"Shahana Rizwan Khan"	51	"Seventh"		"Yes"	0		3671000.0		53	79	16	22	13	19	2015							55.328	45.398	30.92	48.772	47.023	60.484	63.035	77.377	78.349	48.535	45.303	47.963	61.218	53.201	76.0	82.9	62.34	64.26	60.75	64.1425			0	0	0	0	0	0	0	0	0	1	0	0	1	0	0	0	0	0	0	0	0	0	0	0	0	0	0	0	0	0	0	0		0	0	0	0	0	0	0	0	0	0	0	0	0	0	0	0	0	0	0	0	0	0	0	0	0	0	0	0	0	0	0	0	0	0	0	0	0	0	0	0	0	0	0	0	0	0	0	1	0	0	2012.0	368.0	"E"	0.12	1.0	"W"	1.0	"G"	1	0.0	0.0	0.6708861	0.72727275	0.71929824	0.61183333	0.0	1.0	9.0	0.20117044623262617	0.33333334	0.0	0.0	0.0	0.0	0.0	0.33333334	0.0	0.0	0.0	0.0	0.0	0.33333334	0.0	0.0	0.0	0.0	3.0	"INC"	2	0.0	0.0	0.0	0.0	0.0	0.12
209	"W"	"INC"	"Female"	"Shahana Rizwan Khan"	52	"Seventh"		"Yes"	0		5470464.5		59	74	16	19	10	17	2016							77.135	77.443	80.38	80.609	75.947	80.525	82.332	83.228	82.709	82.023	80.739	80.68	81.423	82.859	1.5	21.8	60.65333	86.9225	89.285	63.91			0	0	0	0	0	0	0	0	0	0	0	0	1	0	0	0	0	0	0	0	0	0	0	0	0	0	0	0	0	0	0	0		0	0	0	0	0	0	0	0	0	0	0	0	0	0	0	0	0	0	0	0	0	0	0	0	0	0	0	0	0	0	0	0	0	0	0	0	0	0	0	0	0	0	0	0	0	0	0	2	0	0	2012.0	368.0	"E"	0.12	1.0	"W"	1.0	"G"	1	0.0	0.0	0.7972973	0.84210527	0.8252427	0.45587203	0.0	1.0	6.0	0.10989010989010989	0.33333334	0.0	0.0	0.0	0.0	0.0	0.0	0.0	0.0	0.0	0.0	0.0	0.6666667	0.0	0.0	0.0	0.0	3.0	"INC"	2	0.0	0.0	0.0	0.0	0.0	0.12
209	"G"	"SS"	"Male"	"Yashwant Kamlakar Jadhav "	55	"HSC"		"Yes"	0		5496297.5		95	102	2	18	163	190	2018		23251	"4884"		"Congress"	"1031"	57.151	58.962	43.324	77.475		78.367	78.318	78.141	81.228	58.566	62.455	70.271	81.442	68.688	9.2	21.6	80.69	71.26	90.4225	81.22		67.397	0	1	0	0	0	0	2	0	0	3	1	1	8	0	0	3	0	4	0	1	0	0	0	0	0	0	2	4	0	7	1	0		1	0	1	0	0	0	0	0	0	0	0	0	0	0	0	0	0	0	0	0	3	0	2	1	3	0	0	3	1	4	0	0	0	0	0	0	0	0	1	0	0	0	0	2	0	1	3	0	1	0	2017.0	369.0	"E"	0.12	0.0		0.0	"G"	1	0.0	0.0	0.9313725	0.11111111	0.91872793	0.9160496	0.0	1.0	15.746307692307692	3.8705281090289607	0.12307692	0.0	0.046153847	0.046153847	0.092307694	0.07692308	0.13846155	0.06153846	0.015384615	0.015384615	0.15384616	0.0	0.0	0.046153847	0.07692308	0.0	0.10769231	65.0	"SS"	5	1.0	0.0	0.0			0.0
210	"W"	"INC"	"Female"	"Anahita Rusi Mehta"									46	51	15	16	21	31	2011			"10232"		"BJP"	"6557"	63.797	62.609	65.078	66.352		76.223	77.18	71.527	66.352	53.753	62.978	56.326	58.499	61.116					58.935		132		0	1	0	0	0	0	2	0	0	0	0	0	0	1	0	0	0	0	0	0	0	0	0	0	0	0	0	1	0	3	0	1	5	0	0	0	0	0	0	0	0	0	0	0	0	0	0	0	0	0	0	0	0	0	0	0	1	1	0	0	0	3	1	0	2	0	0	0	0	0	0	0	0	0	0	0	0	0	1	0	0	0	0	2007.0	373.0	"D"	0.1	1.0		1.0	"G"	1	0.0		0.9019608	0.9375	0.9318182				14.0	4.528554287196783	0.0	0.0	0.0	0.04347826	0.08695652	0.26086956	0.17391305	0.0	0.0	0.0	0.13043478	0.0	0.0	0.0	0.04347826	0.26086956	0.0	23.0	"INC"	2	0.0	1.0	1.0	0.0	0.0	0.1
210		"INC"	"Male"	"Noshir Rusi Mehta"	66	"B.Sc."		"Yes"	0		5104107.0		70	70	17	17	48	48	2013			"12030"		"MNS"	"9624"	65.45	57.099	58.732	64.565	62.541	63.607	67.002	78.214	75.24	64.25	58.733	58.503	62.952	64.003	55.7	56.7	54.36	65.605	61.515	65.44			0	1	0	0	0	0	0	0	0	0	0	0	2	1	1	1	0	0	0	0	0	0	0	0	0	2	0	0	0	2	0	0	5	2	0	0	0	0	0	0	0	0	0	0	0	0	0	0	0	0	0	1	0	0	1	0	0	0	0	0	0	0	0	0	0	0	0	0	0	0	0	0	0	0	0	0	0	0	0	0	0	0	0	2012.0	374.0	"D"	0.1	0.0	"G"	0.0	"G"	1	0.0	0.0	1.0	1.0	1.0	0.8506845	1.0	1.0	15.578947368421053	3.801020408163265	0.10526316	0.05263158	0.0	0.10526316	0.0	0.0	0.21052632	0.0	0.0	0.0	0.21052632	0.05263158	0.0	0.0	0.0	0.2631579	0.0	19.0	"INC"	2	0.0	1.0	0.0	0.0	0.0	0.0
210		"INC"	"Male"	"Noshir Rusi Mehta"	67	"B.Sc."		"Yes"	0		1.1443E7		65	65	13	13	41	41	2014							60.769	56.666	59.426	68.431	58.231	74.698	72.789	81.058	79.097	54.333	55.838	60.613	60.622	67.713	11.1	13.9	51.56	61.295	53.3275	64.8075			0	1	0	0	0	0	0	1	1	0	1	0	1	0	0	0	0	1	0	0	1	0	0	0	0	1	0	0	0	1	1	0	3	0	0	0	0	0	0	0	0	0	0	0	0	0	0	0	0	0	0	0	0	0	0	0	0	0	2	0	0	0	0	0	0	0	0	0	0	0	0	0	0	0	0	0	0	1	0	0	0	0	0	2012.0	374.0	"D"	0.1	0.0	"G"	0.0	"G"	1	0.0	0.0	1.0	1.0	1.0	0.95358336	1.0	1.0	16.25	4.102367830169422	0.0625	0.0625	0.0	0.0	0.0	0.0	0.1875	0.0625	0.0625	0.125	0.1875	0.0	0.0	0.0	0.0	0.1875	0.0625	16.0	"INC"	2	0.0	1.0	0.0	0.0	0.0	0.0
210		"INC"	"Male"	"Noshir Rusi Mehta"	68	"B.Sc."		"Yes"	0		4615000.0		79	79	17	18	76	82	2015							66.891	55.819	43.473	63.966	63.485	75.683	75.271	80.026	81.492	61.839	54.816	61.453	68.784	62.462	18.9	43.5	73.35667	75.4725	78.87	64.2025			0	0	0	0	0	0	0	0	2	1	3	0	0	0	0	0	3	0	0	0	0	0	0	0	0	0	0	3	0	0	2	0	1	0	0	0	0	0	0	0	0	0	0	0	1	0	0	0	0	0	0	0	0	0	0	0	0	0	0	0	0	0	0	0	0	0	0	0	0	0	0	0	0	0	0	0	0	0	0	0	1	0	0	2012.0	374.0	"D"	0.1	0.0	"G"	0.0	"G"	1	0.0	0.0	1.0	0.9444444	0.99421966	0.76916665	1.0	1.0	14.352941176470587	4.625538020086084	0.0	0.0	0.0	0.0	0.0	0.0	0.3529412	0.0	0.1764706	0.0	0.11764706	0.05882353	0.05882353	0.0	0.1764706	0.05882353	0.0	17.0	"INC"	2	0.0	1.0	0.0	0.0	0.0	0.0
210		"INC"	"Male"	"Noshir Rusi Mehta"	69	"B.Sc."		"Yes"	0		7194408.5		74	74	17	17	55	57	2016							61.009	61.665	69.327	72.653	69.224	76.558	73.113	76.989	71.883	72.329	69.554	69.004	71.224	71.557	4.4	47.8	61.113335	72.99	64.0775	70.0			0	1	0	0	0	0	0	1	0	0	2	0	0	0	0	0	1	2	0	0	0	0	0	0	0	0	0	3	0	0	2	0	1	0	0	0	0	0	0	0	0	0	0	0	0	0	0	0	0	0	0	0	0	0	0	0	0	0	0	0	0	0	0	0	0	0	0	0	0	0	0	0	0	0	0	0	0	1	0	0	0	0	0	2012.0	374.0	"D"	0.1	0.0	"G"	0.0	"G"	1	0.0	0.0	1.0	1.0	1.0	0.59953403	1.0	1.0	14.0	4.839907192575406	0.0	0.071428575	0.0	0.0	0.0	0.0	0.21428572	0.14285715	0.14285715	0.0	0.14285715	0.0	0.0	0.0	0.21428572	0.071428575	0.0	14.0	"INC"	2	0.0	1.0	0.0	0.0	0.0	0.0
210	"SC-W"	"INC"	"Female"	"Sonam Manoj Jamsutkar"	49	"SSC"		"Yes"	0		4863098.0		91	102	17	18	17	18	2018		25566	"9589"		"SS"	"2262"	57.705	48.715	53.485	69.341		83.923	78.552	86.673	84.656	49.587	51.078	69.13	75.193	68.454	31.1	17.6	73.01667	46.015	81.305	74.28		61.42	0	0	0	0	0	0	0	0	0	0	1	0	0	0	0	0	0	2	0	0	0	0	0	0	0	0	0	0	0	0	0	0	1	0	0	0	0	0	0	0	0	0	0	0	0	0	0	0	0	0	0	0	0	0	0	1	0	0	0	0	0	0	0	0	0	0	0	0	0	0	0	0	0	0	0	0	0	0	0	0	0	0	0	2017.0	375.0	"E"	0.12	1.0		1.0	"SCST"	3	1.0	0.0	0.89215684	0.9444444	0.91240877	0.81051636	0.0	1.0	6.986	2.237365133446905	0.0	0.0	0.0	0.0	0.2	0.0	0.0	0.4	0.2	0.0	0.0	0.0	0.0	0.0	0.0	0.2	0.0	5.0	"INC"	2	0.0	0.0	0.0			0.12
211		"INC"	"Female"	"Bhavana Dhiraj Koli"									44	51	13	16	37	49	2011			"6047"		"SS"	"1041"	57.485	52.373	52.563	51.391		59.881	55.772	58.228	54.556	52.27	53.358	49.821	50.429	52.059					52.6075		121		0	1	0	0	0	0	0	0	0	0	2	0	0	0	0	0	0	0	0	0	0	0	0	0	0	0	0	1	0	1	0	0		0	0	0	0	0	0	0	0	0	0	0	0	0	0	0	0	0	0	0	0	0	0	0	0	0	0	0	0	0	0	0	0	0	0	0	0	0	0	0	0	0	0	0	0	0	0	0	1	0	0	2007.0	376.0	"D"	0.1	1.0		0.0			1.0		0.8627451	0.8125	0.90384614				12.0	6.077009555930298	0.0	0.0	0.0	0.0	0.0	0.0	0.16666667	0.0	0.33333334	0.0	0.16666667	0.0	0.16666667	0.0	0.16666667	0.0	0.0	6.0	"INC"	2	0.0	1.0	0.0	0.0	0.0	0.0
211		"SS"	"Male"	"Arvind Devji Dudhwadkar"	53	"Upto SSC"		"Yes"	1		5234666.5		60	70	14	17	48	59	2013	1		"9004"		"Congress"	"2279"	66.69	64.902	65.517	70.245	61.104	66.483	67.657	70.658	69.02	64.64	64.13	62.731	61.669	62.752	57.9	68.5	57.216667	65.3425	60.8725	72.5275			0	0	0	0	0	0	0	0	0	0	0	0	0	0	0	0	0	0	0	0	0	0	0	0	0	0	0	0	0	0	0	0		0	0	0	0	0	0	0	0	0	0	0	0	0	0	0	0	0	0	0	0	0	0	0	0	0	0	0	0	0	0	0	0	0	0	0	0	0	0	0	0	0	0	0	0	0	0	0	0	0	0	2012.0	377.0	"D"	0.1	0.0		0.0			1.0	1.0	0.85714287	0.8235294	0.9037037	0.8724444	0.0	1.0	0.0	0.0																		0.0	"SS"	5	1.0	1.0	0.0	0.0	0.0	0.0
211		"SS"	"Male"	"Arvind Devji Dudhwadkar"	54	"Upto SSC"		"Yes"	1		1.1242E7		64	65	13	13	50	53	2014							67.659	67.196	67.794	70.571	65.805	72.113	72.4	84.9	85.999	61.347	65.221	63.339	68.085	68.649	6.2	14.0	46.053333	48.1625	49.3475	69.9075			0	1	0	0	0	0	0	0	0	0	0	0	3	0	0	0	0	2	0	0	0	0	0	0	0	0	0	1	0	0	0	0	2	0	0	1	0	0	0	0	0	0	0	0	0	0	0	0	0	0	0	0	0	0	2	0	1	0	0	0	0	0	0	1	0	1	0	0	0	0	0	0	0	0	0	0	0	0	0	1	3	0	1	2012.0	377.0	"D"	0.1	0.0		0.0			1.0	1.0	0.9846154	1.0	0.9921875	0.9368333	0.0	1.0	11.5	2.393005375246649	0.15	0.1	0.05	0.05	0.05	0.05	0.05	0.1	0.0	0.0	0.0	0.0	0.15	0.0	0.1	0.1	0.05	20.0	"SS"	5	1.0	1.0	0.0	0.0	0.0	0.0
211		"SS"	"Male"	"Arvind Devji Dudhwadkar"	55	"Upto SSC"		"Yes"	1		4726000.0		76	79	13	18	51	76	2015							68.192	65.283	66.53	73.267	65.026	68.085	66.02	67.553	66.18	67.66	65.639	68.57	65.844	69.401	0.0	0.0	48.13	69.515	68.5125	67.5725			0	0	0	0	0	0	0	0	0	0	0	0	1	0	0	0	0	0	0	0	1	1	0	0	0	1	0	0	0	0	0	0		0	0	0	0	0	0	0	0	0	0	0	0	0	0	0	0	0	0	0	0	0	0	0	0	0	0	0	0	0	0	0	4	0	0	0	0	0	0	0	0	0	0	0	0	0	1	1	4	0	0	2012.0	377.0	"D"	0.1	0.0		0.0			1.0	1.0	0.96202534	0.7222222	0.9459459	0.7876667	0.0	1.0	10.857142857142858	1.2625538020086082	0.071428575	0.0	0.071428575	0.071428575	0.0	0.2857143	0.0	0.0	0.0	0.0	0.071428575	0.0	0.2857143	0.0	0.0	0.0	0.14285715	14.0	"SS"	5	1.0	1.0	0.0	0.0	0.0	0.0
211		"SS"	"Male"	"Arvind Devji Dudhwadkar"	56	"Upto SSC"		"Yes"	1		6140833.0		68	74	8	17	53	63	2016							73.409	59.526	64.708	84.359	69.769	77.173	79.3	88.235	81.291	55.416	55.304	60.827	67.639	66.699	34.1	50.6	58.43	97.6475	61.31	73.5275			0	0	0	0	0	0	0	0	0	0	0	2	0	0	0	0	0	2	0	0	0	0	0	0	0	2	1	1	0	0	0	0	4	0	0	0	0	0	0	0	0	0	0	0	0	0	0	0	0	0	0	0	0	0	0	0	0	0	0	0	0	0	1	2	0	0	0	0	0	0	0	0	0	0	0	0	0	0	0	0	5	0	0	2012.0	377.0	"D"	0.1	0.0		0.0			1.0	1.0	0.9189189	0.47058824	0.8958333	0.5117361	0.0	1.0	12.3	2.695633832524784	0.0	0.0	0.0	0.0	0.0	0.15	0.0	0.1	0.0	0.0	0.15	0.0	0.25	0.0	0.05	0.2	0.1	20.0	"SS"	5	1.0	1.0	0.0	0.0	0.0	0.0
211	"OBC"	"SP"	"Male"	"Rais Kasam Shaikh"	44	"Graduate"		"Yes"	0		5252602.5		96	102	14	18	140	171	2018		27181	"9455"		"Congress"	"2374"	83.462	81.681	84.072	84.562		85.391	85.043	80.584	82.927	80.421	73.57	81.166	78.248	73.008	0.4	90.2	95.763336	27.73	91.2575	82.5125		71.46	0	1	0	0	0	0	0	0	0	2	0	0	7	1	0	0	1	7	0	0	0	0	0	0	0	0	0	2	0	2	1	0		0	0	3	0	1	0	0	0	0	0	1	0	0	0	0	0	0	0	0	0	0	0	1	2	1	0	0	0	0	0	1	1	0	0	0	0	0	0	0	0	0	0	0	0	0	0	0	0	0	0	2017.0	378.0	"E"	0.12	0.0		0.0	"OBC"	2	1.0	0.0	0.9411765	0.7777778	0.96153843	0.87543374	1.0	1.0	12.403785714285714	2.57885498941717	0.2	0.0	0.0	0.08571429	0.114285715	0.057142857	0.14285715	0.2	0.0	0.0	0.08571429	0.057142857	0.0	0.0	0.057142857	0.0	0.0	35.0	"_Other"	6	0.0	0.0	0.0			0.0
212		"BJP"	"Male"	"Arvind Jagannath Bane"									46	51	10	16	26	30	2011			"10819"		"INC"	"1774"	58.794	58.904	61.148	61.25		69.822	71.334	62.562	62.962	57.94	60.047	60.075	61.544	62.474					62.43		126		0	0	0	0	0	0	0	1	0	0	1	0	0	0	0	1	0	0	0	0	0	0	0	0	0	0	0	3	0	0	0	0	1	0	0	0	0	0	0	0	0	0	0	0	0	0	0	0	0	0	0	0	0	0	0	0	0	0	0	0	0	0	0	0	0	0	0	0	0	1	0	0	0	0	0	0	0	0	0	0	0	0	0	2007.0	379.0	"D"	0.1	0.0		0.0			1.0		0.9019608	0.625	0.8817204				15.75	5.022484541877459	0.0	0.0	0.0	0.0	0.0	0.0	0.25	0.0	0.125	0.0	0.0	0.0	0.0	0.0	0.375	0.125	0.125	8.0	"BJP"	1	0.0	1.0	0.0	0.0	0.0	0.0
212	"W"	"BJP"	"Female"	"Sarita Ajay Patil"	36	"B.Com"		"Yes"	0		5912832.0		62	70	17	17	20	25	2013			"9771"		"Ind"	"900"	90.428	77.272	80.201	89.694	72.092	86.107	86.139	86.17	85.361	76.748	76.209	76.251	78.042	74.434	52.8	90.9	58.513332	70.8425	69.015	73.43			0	1	0	0	0	0	0	0	0	0	0	0	0	1	0	0	0	0	0	0	0	0	0	0	0	0	0	0	0	1	0	0		0	0	0	0	0	0	0	0	0	0	0	0	0	0	0	0	0	0	0	0	0	0	0	0	0	0	0	0	0	0	0	0	0	0	0	0	0	0	0	0	0	0	0	0	0	0	0	1	0	0	2012.0	380.0	"D"	0.1	1.0	"W"	1.0	"G"	1	0.0	0.0	0.8857143	1.0	0.92523366	0.985472	1.0	1.0	10.5	4.2189952904238615	0.0	0.0	0.0	0.0	0.0	0.0	0.5	0.0	0.0	0.0	0.25	0.0	0.25	0.0	0.0	0.0	0.0	4.0	"BJP"	1	0.0	1.0	1.0	0.0	0.0	0.1
212	"W"	"BJP"	"Female"	"Sarita Ajay Patil"	37	"B.Com"		"Yes"	0		1.1906E7		48	65	13	13	18	22	2014							57.041	56.728	60.764	62.932	58.897	65.69	65.222	69.347	72.06	54.481	56.008	53.623	62.018	57.377	31.7	32.3	61.03	76.3875	63.0625	75.6575			0	1	0	0	0	0	0	0	1	0	0	0	1	0	0	0	0	0	0	0	0	0	0	0	0	1	0	1	0	0	0	1		0	0	0	0	0	0	0	0	0	0	0	0	0	0	0	0	0	0	0	0	0	0	0	0	0	0	0	0	0	0	1	0	0	0	0	0	0	0	0	0	0	0	0	0	0	0	0	0	0	0	2012.0	380.0	"D"	0.1	1.0	"W"	1.0	"G"	1	0.0	0.0	0.73846155	1.0	0.8229167	0.99216664	1.0	1.0	14.0	4.424809727932813	0.14285715	0.0	0.0	0.0	0.0	0.14285715	0.2857143	0.0	0.0	0.0	0.14285715	0.0	0.0	0.0	0.14285715	0.14285715	0.0	7.0	"BJP"	1	0.0	1.0	1.0	0.0	0.0	0.1
212	"W"	"BJP"	"Female"	"Sarita Ajay Patil"	38	"B.Com"		"Yes"	0		4572000.0		54	79	17	18	26	41	2015							60.308	52.833	53.787	65.411	56.549	68.637	72.626	78.914	77.856	48.621	46.039	54.276	58.994	64.86	0.0	48.6	67.886665	67.625	72.64	66.395			0	0	0	0	0	0	0	0	1	0	1	0	0	0	0	0	0	0	0	0	1	0	0	0	0	1	0	2	0	2	0	0		0	0	0	0	0	0	0	0	0	0	0	0	0	0	0	0	0	0	0	0	0	0	0	0	0	0	0	0	0	0	0	0	0	0	0	0	0	0	0	0	0	0	0	0	0	0	0	2	0	0	2012.0	380.0	"D"	0.1	1.0	"W"	1.0	"G"	1	0.0	0.0	0.6835443	0.9444444	0.7886179	0.762	1.0	1.0	13.4	6.714490674318507	0.0	0.0	0.0	0.0	0.0	0.0	0.1	0.0	0.1	0.0	0.3	0.0	0.2	0.0	0.2	0.0	0.1	10.0	"BJP"	1	0.0	1.0	1.0	0.0	0.0	0.1
212	"W"	"BJP"	"Female"	"Sarita Ajay Patil"	39	"B.Com"		"Yes"	0		7295032.0		62	74	16	17	21	27	2016							70.926	65.998	68.907	74.771	66.764	72.776	70.146	75.376	72.16	74.313	74.315	73.384	72.311	71.237	1.5	9.2	57.43667	69.615	68.0225	73.075			0	0	0	0	0	0	0	0	1	0	0	0	0	0	0	0	0	0	0	0	0	1	0	0	0	0	0	0	0	0	0	0		0	0	0	0	0	0	0	0	0	0	0	0	0	0	0	0	0	0	0	0	0	0	0	0	0	2	0	0	0	0	0	0	0	0	0	0	0	0	0	0	0	0	0	0	0	0	0	6	0	0	2012.0	380.0	"D"	0.1	1.0	"W"	1.0	"G"	1	0.0	0.0	0.8378378	0.9411765	0.8839286	0.60791934	1.0	1.0	11.8	1.6415313225058004	0.0	0.0	0.0	0.0	0.0	0.0	0.1	0.0	0.0	0.2	0.0	0.0	0.6	0.0	0.0	0.0	0.1	10.0	"BJP"	1	0.0	1.0	1.0	0.0	0.0	0.1
212	"W"	"ABS"	"Female"	"Geeta Ajay Gavli"	35	"SSC"		"Yes"	0		4769236.5		27	102	18	18	70	168	2018		30517	"9028"		"Congress"	"3319"	66.638	65.122	64.807	71.667		80.745	81.91	76.528	74.921	62.593	62.04	72.95	78.652	70.134	14.6	63.2	79.973335	62.8175	87.6275	82.7425		63.128	0	0	0	0	0	0	0	0	0	0	0	0	0	0	0	0	0	0	0	0	0	0	0	0	0	0	0	0	0	0	0	0		0	0	0	0	0	0	0	0	0	0	0	0	0	0	0	0	0	0	0	0	0	0	0	0	0	0	0	0	2	0	0	0	0	0	0	0	0	0	0	0	0	0	0	0	0	0	0	2	0	0	2017.0	381.0	"E"	0.12	1.0		1.0	"G"	1	0.0	0.0	0.2647059	1.0	0.6052632	0.79487276	0.0	1.0	4.41	0.22146507666098808	0.0	0.0	0.0	0.0	0.0	0.5	0.0	0.0	0.0	0.0	0.0	0.0	0.5	0.0	0.0	0.0	0.0	4.0	"_Other"	6	0.0	0.0	0.0			0.12
213	"W"	"BJP"	"Female"	"Yogeeta Anil Singh"									44	51	9	16	10	15	2011			"3113"		"INC"	"518"	57.58	56.337	57.287	60.081		55.738	55.612	57.462	54.839	52.004	55.499	45.181	46.593	53.173					72.485		119		0	0	0	0	0	0	1	0	1	1	1	0	0	0	0	0	1	1	0	0	0	0	0	0	0	0	0	6	0	1	1	0		0	0	0	0	0	0	0	0	0	0	0	0	0	0	0	0	0	0	0	0	0	0	0	0	0	0	0	0	0	0	0	0	0	0	0	0	0	0	0	0	0	0	0	0	0	1	0	0	0	0	2007.0	382.0	"D"	0.1	1.0		1.0	"G"	1	0.0		0.8627451	0.5625	0.8181818				12.799999999999999	4.821976084623639	0.0	0.0	0.0	0.06666667	0.0	0.0	0.26666668	0.06666667	0.06666667	0.0	0.13333334	0.0	0.0	0.0	0.4	0.0	0.0	15.0	"BJP"	1	0.0	1.0	1.0	0.0	0.0	0.1
213		"SS"	"Male"	"Anil Shamsher Singh"	38	"SSC"		"Yes"	0		5453873.0		56	70	13	17	21	25	2013			"3648"		"Congress"	"695"	69.411	50.868	63.556	68.429	47.851	69.584	74.006	77.533	80.306	58.356	50.231	48.927	60.63	63.308	89.2	92.0	57.1	63.2525	76.01	57.1425			0	0	0	0	0	1	0	0	1	3	2	0	1	0	0	0	0	2	0	0	0	0	0	0	0	0	0	1	0	1	0	0		1	0	0	0	0	0	0	0	0	0	0	0	0	0	0	0	0	0	0	0	0	0	0	0	0	0	0	0	0	0	0	0	0	0	0	0	0	0	0	0	0	0	0	0	0	0	0	0	0	0	2012.0	383.0	"D"	0.1	0.0	"G"	0.0	"G"	1	0.0	0.0	0.8	0.7647059	0.8333333	0.9089788	0.0	1.0	14.538461538461538	3.206872492586778	0.07692308	0.0	0.0	0.07692308	0.0	0.0	0.30769232	0.15384616	0.15384616	0.0	0.07692308	0.0	0.0	0.0	0.07692308	0.0	0.07692308	13.0	"SS"	5	1.0	1.0	0.0	0.0	0.0	0.0
213		"SS"	"Male"	"Anil Shamsher Singh"	39	"SSC"		"Yes"	0		1.1438E7		54	65	10	13	19	22	2014							64.567	60.604	64.496	67.278	60.673	70.493	72.23	80.918	78.844	54.915	55.895	56.503	62.323	61.157	22.5	29.0	58.783333	61.0125	56.21	63.465			0	3	0	0	0	0	1	0	1	2	0	0	3	0	0	0	1	0	0	0	0	3	0	0	0	0	0	3	0	2	0	0		0	0	0	0	0	0	0	0	0	0	0	0	0	0	0	0	1	0	0	0	0	0	1	0	0	0	0	1	0	0	0	0	0	0	0	0	0	0	0	0	0	0	0	0	0	1	0	4	0	0	2012.0	383.0	"D"	0.1	0.0	"G"	0.0	"G"	1	0.0	0.0	0.83076924	0.7692308	0.8556701	0.95316666	0.0	1.0	14.333333333333332	5.429551949377424	0.11111111	0.0	0.0	0.037037037	0.037037037	0.0	0.33333334	0.0	0.0	0.0	0.074074075	0.0	0.14814815	0.0	0.11111111	0.0	0.14814815	27.0	"SS"	5	1.0	1.0	0.0	0.0	0.0	0.0
213		"SS"	"Male"	"Anil Shamsher Singh"	40	"SSC"		"Yes"	0		1785000.0		62	79	12	18	40	41	2015							91.263	75.171	65.693	70.016	62.048	61.895	65.983	62.77	58.629	57.685	65.188	49.545	61.937	67.01	1.8	21.4	59.636665	61.08	44.7775	86.785			0	1	0	0	0	0	0	0	0	0	0	0	2	0	0	0	0	1	0	1	0	0	0	0	0	0	0	1	0	2	0	0		1	0	0	0	0	0	0	0	0	0	0	0	0	0	0	0	0	0	0	0	0	0	0	0	0	0	0	0	0	0	0	0	0	0	0	0	0	0	0	0	0	0	0	0	0	0	1	0	0	0	2012.0	383.0	"D"	0.1	0.0	"G"	0.0	"G"	1	0.0	0.0	0.7848101	0.6666667	0.8321168	0.2975	0.0	1.0	15.0	4.604973696795791	0.2	0.0	0.1	0.1	0.0	0.0	0.1	0.1	0.0	0.1	0.2	0.0	0.0	0.0	0.1	0.0	0.0	10.0	"SS"	5	1.0	1.0	0.0	0.0	0.0	0.0
213		"SS"	"Male"	"Anil Shamsher Singh"	41	"SSC"		"Yes"	0		1.01546E7		42	74	8	17	22	27	2016							75.082	63.997	76.475	80.341	70.087	74.48	73.618	75.441	73.794	73.364	75.682	73.702	75.34	74.995	67.2	78.4	65.80334	78.1225	80.88	62.5			0	0	0	0	0	0	0	0	1	2	1	0	3	0	0	0	0	0	0	0	0	0	0	0	0	0	0	2	0	0	1	0	1	0	0	0	0	0	0	0	0	0	0	0	0	0	0	0	0	0	0	0	0	0	0	0	0	0	0	0	0	0	0	0	0	0	0	0	0	0	0	0	0	0	0	0	0	0	0	0	0	0	0	2012.0	383.0	"D"	0.1	0.0	"G"	0.0	"G"	1	0.0	0.0	0.5675676	0.47058824	0.63716817	0.8462167	0.0	1.0	17.0	3.713615271039865	0.27272728	0.0	0.0	0.0	0.0	0.0	0.27272728	0.0	0.09090909	0.0	0.09090909	0.0	0.0	0.0	0.18181819	0.09090909	0.0	11.0	"SS"	5	1.0	1.0	0.0	0.0	0.0	0.0
213	"G"	"INC"	"Male"	"Javed Ibrahim Juneja"	41	"HSC"		"Yes"	0		4700625.5		98	102	16	18	29	37	2018		28417	"7205"		"SS"	"1282"	64.141	63.482	67.094	63.304		66.104	63.556	65.466	66.426	57.63	62.256	65.442	65.818	59.341	45.8	52.0	60.483334	45.7	52.21	69.5575		67.973	1	0	0	0	0	0	0	0	0	0	1	0	1	0	0	0	0	0	0	0	0	0	0	0	0	0	0	3	1	0	0	0		0	0	0	0	0	0	0	0	0	0	0	0	0	0	0	0	0	0	0	0	0	1	0	1	0	0	0	0	1	1	0	0	0	0	0	0	0	0	0	0	0	0	0	0	0	0	0	1	0	0	2017.0	384.0	"E"	0.12	0.0		0.0	"G"	1	0.0	0.0	0.9607843	0.8888889	0.9597315	0.7834376	0.0	1.0	11.4255	2.2667045239447283	0.083333336	0.083333336	0.0	0.0	0.083333336	0.16666667	0.0	0.0	0.083333336	0.0	0.0	0.0	0.083333336	0.0	0.25	0.0	0.16666667	12.0	"INC"	2	0.0	0.0	0.0			0.0
214		"INC"	"Male"	"Pramod Mahadeo Mandrekar"									42	51	12	16	46	60	2011			"7336"		"SS"	"2064"	73.744	64.021	66.521	67.575		66.761	66.584	65.965	65.967	66.41	65.983	64.319	66.514	66.163					44.04		123		0	0	0	0	0	0	0	0	0	0	0	0	0	0	0	0	0	0	0	0	0	0	0	0	0	0	0	1	0	1	0	0	1	0	0	0	0	0	0	0	0	0	0	0	0	0	0	0	0	0	0	0	0	0	0	0	0	0	0	0	0	0	0	0	0	0	0	0	0	0	0	0	0	0	0	0	0	0	0	0	0	0	0	2007.0	385.0	"D"	0.1	0.0		0.0			1.0		0.8235294	0.75	0.88495576				8.0	4.315275435637998	0.0	0.0	0.0	0.0	0.0	0.0	0.0	0.0	0.0	0.0	0.33333334	0.0	0.0	0.0	0.33333334	0.33333334	0.0	3.0	"INC"	2	0.0	1.0	0.0	0.0	0.0	0.0
214	"W"	"BJP"	"Female"	"Jyotshna Devesh Mehta"	52	"HSC"		"Yes"	0		5632685.5		67	70	16	17	25	25	2013			"8354"		"congress"	"3072"	70.704	67.337	68.023	61.539	61.706	60.163	58.79	62.912	60.276	60.782	56.753	52.957	53.132	51.953	5.4	14.9	57.92	57.44	70.3125	54.785			0	0	0	0	0	0	0	0	0	0	0	0	0	0	0	0	0	0	0	0	0	0	0	0	0	0	0	0	0	0	0	0	1	0	0	0	0	0	0	0	0	0	0	0	0	0	0	0	0	0	0	0	0	0	0	0	1	0	0	0	0	0	0	0	0	0	0	0	0	0	0	0	0	0	0	0	0	0	0	0	0	0	0	2012.0	386.0	"D"	0.1	1.0	"W"	1.0	"G"	1	0.0	0.0	0.95714283	0.9411765	0.96428573	0.9387809	0.0	1.0	8.0	0.6770015698587126	0.0	0.0	0.0	0.0	0.5	0.0	0.0	0.0	0.0	0.0	0.0	0.0	0.0	0.0	0.0	0.5	0.0	2.0	"BJP"	1	0.0	1.0	1.0	0.0	0.0	0.1
214	"W"	"BJP"	"Female"	"Jyotshna Devesh Mehta"	53	"HSC"		"Yes"	0		1.1628E7		52	65	12	13	19	22	2014							57.214	55.207	62.739	68.231	54.953	67.011	69.057	71.648	64.811	47.436	52.089	56.569	60.612	58.87	29.4	32.4	52.9	52.0275	53.955	64.63			0	0	0	0	0	0	0	0	0	1	1	0	1	0	0	0	0	0	0	0	0	0	0	0	0	0	0	0	0	0	0	1		1	0	0	0	0	0	0	0	0	0	0	0	0	0	0	0	0	0	0	0	0	0	0	0	0	0	0	0	0	0	1	0	0	0	0	0	0	0	0	0	0	0	0	0	0	0	1	2	0	0	2012.0	386.0	"D"	0.1	1.0	"W"	1.0	"G"	1	0.0	0.0	0.8	0.9230769	0.8556701	0.969	0.0	1.0	13.0	0.853235354153909	0.11111111	0.0	0.11111111	0.11111111	0.0	0.11111111	0.11111111	0.0	0.11111111	0.0	0.0	0.0	0.22222222	0.0	0.0	0.11111111	0.0	9.0	"BJP"	1	0.0	1.0	1.0	0.0	0.0	0.1
214	"W"	"BJP"	"Female"	"Jyotshna Devesh Mehta"	54	"HSC"		"Yes"	0		856000.0		64	79	18	18	38	41	2015							57.488	59.384	67.147	71.66	70.861	73.43	76.084	75.128	74.284	49.983	53.155	50.922	64.977	63.576	6.4	45.0	45.28	54.7525	55.4875	53.3475			0	0	0	0	0	0	0	0	0	0	0	0	0	0	0	0	0	0	0	0	0	0	0	0	0	0	0	0	0	0	0	0		0	0	0	0	0	0	0	0	0	0	0	0	0	0	0	0	0	0	0	0	3	0	0	0	0	0	0	0	0	0	0	0	0	0	0	0	0	0	0	0	0	0	0	0	0	0	0	1	0	0	2012.0	386.0	"D"	0.1	1.0	"W"	1.0	"G"	1	0.0	0.0	0.8101266	1.0	0.8888889	0.14266667	0.0	1.0	7.5	0.0	0.0	0.0	0.0	0.0	0.0	0.0	0.0	0.0	0.0	0.0	0.0	0.0	0.25	0.0	0.0	0.0	0.75	4.0	"BJP"	1	0.0	1.0	1.0	0.0	0.0	0.1
214	"W"	"BJP"	"Female"	"Jyotshna Devesh Mehta"	55	"HSC"		"Yes"	0		1.1137268E7		68	74	17	17	51	57	2016							80.678	67.693	73.269	77.59	67.597	74.423	73.84	74.513	71.34	73.165	73.262	71.822	72.879	74.705	1.0	9.6	61.22	69.7975	65.3675	60.045			0	0	0	0	0	0	0	0	0	2	1	0	0	0	0	0	0	0	0	0	0	0	0	0	0	0	0	0	0	1	0	0	1	0	0	0	0	0	0	0	0	0	0	0	0	0	0	0	0	0	0	0	0	0	0	0	0	0	0	0	0	0	0	0	0	0	0	0	0	0	0	0	0	0	0	0	0	0	0	0	2	0	0	2012.0	386.0	"D"	0.1	1.0	"W"	1.0	"G"	1	0.0	0.0	0.9189189	1.0	0.9577465	0.92810565	0.0	1.0	14.142857142857142	3.5005800464037122	0.0	0.0	0.0	0.0	0.0	0.0	0.2857143	0.0	0.14285715	0.0	0.14285715	0.0	0.2857143	0.0	0.0	0.14285715	0.0	7.0	"BJP"	1	0.0	1.0	1.0	0.0	0.0	0.1
214	"G"	"BJP"	"Female"	"Sarita Ajay Patil"	42	"Graduate"		"Yes"	0		5852095.5		81	102	15	15	42	75	2018		27983	"13859"		"SS"	"5466"	60.68	59.495	57.228	60.191		63.95	61.781	65.509	65.517	60.384	58.447	61.065	67.172	62.525	100.0	100.0	97.28333	29.7225	98.655	77.66		63.716	0	0	0	0	0	0	0	0	0	0	0	0	0	0	0	0	0	1	0	0	0	0	0	1	0	0	0	2	0	1	0	0		0	0	0	0	0	0	0	0	0	0	0	0	0	0	0	0	0	0	0	0	0	0	0	0	0	0	0	0	0	0	0	0	0	0	0	0	0	0	0	0	0	0	0	0	0	0	0	0	0	0	2017.0	387.0	"D"	0.1	1.0		0.0	"G"	1	0.0	0.0	0.7941176	1.0	0.8679245	0.97534925	1.0	1.0	9.702	2.612895435885052	0.0	0.0	0.0	0.0	0.0	0.0	0.0	0.2	0.0	0.0	0.4	0.0	0.0	0.0	0.4	0.0	0.0	5.0	"BJP"	1	0.0	1.0	0.0			0.0
215	"W"	"SS"	"Female"	"Minal Pravin Juwatkar"									47	51	9	16	16	27	2011			"10117"		"INC"	"6285"	52.53	47.247	62.061	48.861		73.346	80.421	52.735	50.438	49.284	49.895	50.262	53.508	64.852					50.4175		122		0	0	0	0	0	0	0	0	0	0	0	0	0	0	0	0	0	0	0	0	0	0	0	0	0	0	0	0	0	0	0	0		0	0	0	0	0	0	0	0	0	0	0	0	0	0	0	0	0	0	0	0	0	0	0	0	0	0	0	0	0	0	0	0	0	0	0	0	0	0	0	0	0	0	0	0	0	0	0	2	0	0	2007.0	388.0	"D"	0.1	1.0		1.0	"G"	1	0.0		0.92156863	0.5625	0.8674699				6.0	0.0	0.0	0.0	0.0	0.0	0.0	0.0	0.0	0.0	0.0	0.0	0.0	0.0	1.0	0.0	0.0	0.0	0.0	2.0	"SS"	5	1.0	1.0	1.0	0.0	0.0	0.1
215		"SS"	"Male"	"Surendra Ramkrishna Bagalkar"	55	"HSC"		"Yes"	1		5406957.0		68	70	14	17	43	48	2013	1		"13757"		"MNS"	"8423"	61.882	52.005	51.962	61.793	60.481	67.75	66.933	69.149	65.062	58.268	60.799	59.184	60.101	47.463	33.6	50.2	82.90667	79.4375	97.1875	71.42			0	0	0	0	0	0	0	0	0	1	0	0	0	0	0	0	1	1	0	0	0	0	0	0	0	0	0	0	0	0	0	0		0	0	0	0	0	0	0	0	0	0	0	0	0	0	0	0	0	0	0	0	0	0	0	0	0	0	0	0	0	0	0	0	0	0	0	0	0	0	0	0	0	0	0	0	0	0	0	9	0	0	2012.0	389.0	"D"	0.1	0.0	"G"	0.0	"G"	1	0.0	1.0	0.9714286	0.8235294	0.96153843	0.9011595	0.0	1.0	9.0	0.28649921507064363	0.0	0.0	0.0	0.0	0.0	0.0	0.16666667	0.083333336	0.0	0.0	0.0	0.0	0.75	0.0	0.0	0.0	0.0	12.0	"SS"	5	1.0	1.0	0.0	0.0	0.0	0.0
215		"SS"	"Male"	"Surendra Ramkrishna Bagalkar"	56	"HSC"		"Yes"	1		1.1403E7		56	65	12	13	34	41	2014							64.534	60.667	60.869	65.768	54.561	68.439	69.903	77.158	72.037	58.305	59.716	58.868	66.817	61.843	8.4	15.2	51.743332	59.7625	54.57	65.9725			0	0	0	0	0	0	0	0	0	0	0	0	0	0	0	0	0	0	0	0	0	0	0	0	0	0	0	0	0	0	0	0		0	0	0	0	0	1	0	0	0	0	0	0	0	0	0	0	0	0	0	0	0	0	0	0	0	0	0	0	0	0	0	0	1	0	0	0	0	0	0	0	0	0	0	0	0	0	0	2	0	0	2012.0	389.0	"D"	0.1	0.0	"G"	0.0	"G"	1	0.0	1.0	0.86153847	0.9230769	0.91071427	0.95025	0.0	1.0	9.0	0.0	0.0	0.0	0.0	0.0	0.0	0.0	0.0	0.0	0.0	0.0	0.0	0.25	0.5	0.0	0.0	0.0	0.25	4.0	"SS"	5	1.0	1.0	0.0	0.0	0.0	0.0
215		"SS"	"Male"	"Surendra Ramkrishna Bagalkar"	57	"HSC"		"Yes"	1		1597000.0		62	79	17	18	51	82	2015							63.199	49.647	61.301	68.125	51.847	76.228	70.588	82.116	81.674	57.666	52.735	56.482	67.692	65.141	25.7	43.1	69.956665	76.82	80.6325	61.9025			0	1	0	0	0	0	0	0	1	0	0	0	0	1	0	0	1	0	0	0	0	0	0	0	0	0	0	0	0	1	0	0		0	0	0	0	0	0	0	0	0	0	0	0	0	0	0	0	0	0	0	0	0	0	0	0	0	0	0	0	0	0	0	0	0	0	0	0	0	0	0	0	0	0	0	0	0	0	1	2	0	0	2012.0	389.0	"D"	0.1	0.0	"G"	0.0	"G"	1	0.0	1.0	0.7848101	0.9444444	0.8783784	0.26616666	0.0	1.0	15.0	5.753228120516499	0.0	0.0	0.125	0.0	0.0	0.0	0.5	0.0	0.0	0.0	0.125	0.0	0.25	0.0	0.0	0.0	0.0	8.0	"SS"	5	1.0	1.0	0.0	0.0	0.0	0.0
215		"SS"	"Male"	"Surendra Ramkrishna Bagalkar"	58	"HSC"		"Yes"	0		1.0202974E7		61	74	16	17	21	27	2016							82.313	68.684	64.625	83.304	65.38	79.923	81.486	91.834	78.19	68.76	66.271	65.119	73.635	61.817	61.2	88.4	68.05	80.4175	70.475	73.135			0	0	0	0	0	0	0	0	0	0	1	0	0	0	0	0	0	0	0	0	0	0	0	0	0	0	0	0	0	0	0	0		0	0	0	0	0	0	0	0	0	0	0	0	0	0	0	0	0	0	0	0	0	0	0	0	0	0	0	0	0	0	0	0	0	0	0	0	0	0	0	0	0	0	0	0	0	0	0	1	0	0	2012.0	389.0	"D"	0.1	0.0	"G"	0.0	"G"	1	0.0	0.0	0.8243243	0.9411765	0.875	0.85024786	0.0	1.0	6.0	1.2877030162412992	0.0	0.0	0.0	0.0	0.0	0.0	0.0	0.0	0.5	0.0	0.0	0.0	0.5	0.0	0.0	0.0	0.0	2.0	"SS"	5	1.0	1.0	0.0	0.0	0.0	0.0
215	"W"	"SS"	"Female"	"Arundhati Arvind Dudhwadkar"	53	"Upto Ninth"		"Yes"	0		4589194.0		101	102	14	15	35	36	2018		24013	"10215"		"BJP"	"415"	45.345	52.854	57.001	68.092		72.291	71.059	73.161	74.926	46.99	60.438	66.068	71.974	45.265	15.9	61.7	48.91	81.445	50.6575	52.7825		38.663	0	1	0	0	0	0	0	0	0	0	0	0	0	0	0	0	0	0	0	0	0	0	0	0	0	0	0	0	0	1	0	1		0	0	0	0	0	0	0	0	0	0	0	0	0	0	0	0	1	0	0	0	0	0	0	0	0	0	0	0	0	1	0	0	0	0	0	0	0	0	0	0	0	0	0	0	0	0	0	0	0	0	2017.0	390.0	"D"	0.1	1.0		1.0	"G"	1	0.0	0.0	0.99019605	0.93333334	0.9868421	0.7648657	0.0	1.0	11.1555	2.8640425018111566	0.0	0.0	0.0	0.0	0.0	0.2	0.4	0.0	0.0	0.0	0.2	0.0	0.0	0.0	0.0	0.2	0.0	5.0	"SS"	5	1.0	1.0	1.0			0.1
216	"W"	"BJP"	"Female"	"Kokila Arvind Parmar"									46	51	12	16	53	59	2011			"5303"		"INC"	"1353"	52.676	47.295	52.375	49.22		56.263	51.44	54.755	52.09	50.296	52.51	51.421	49.664	49.947					55.3025		130		0	0	0	0	0	0	0	0	0	0	0	0	1	0	0	0	0	0	0	0	0	0	0	0	0	0	0	3	0	0	0	0	1	0	0	0	0	0	0	0	0	0	0	0	0	0	0	0	0	0	0	0	0	0	0	0	0	1	0	0	0	1	0	0	0	0	0	0	0	0	0	0	0	0	0	0	0	0	0	0	1	0	0	2007.0	391.0	"D"	0.1	1.0		1.0	"G"	1	0.0		0.9019608	0.75	0.925				14.0	3.3884907251264753	0.125	0.0	0.0	0.0	0.125	0.125	0.0	0.0	0.0	0.0	0.0	0.0	0.125	0.0	0.375	0.125	0.0	8.0	"BJP"	1	0.0	1.0	1.0	0.0	0.0	0.1
216		"INC"	"Male"	"Shantilal Chogalal Doshi"	52	"Eighth"		"Yes"	0		5033759.0		58	70	15	17	17	25	2013			"5660"		"BSP"	"1451"	83.626	80.027	79.795	77.78	77.281	78.045	76.784	78.92	76.436	73.035	71.781	69.683	73.612	72.357	0.9	12.4	63.083332	62.8925	78.84	64.7675			0	0	0	0	0	0	0	0	0	0	0	0	0	0	0	0	0	0	0	0	0	0	0	0	0	0	0	2	0	0	0	0		0	0	0	0	0	0	0	0	0	0	0	0	0	0	0	0	0	0	0	0	0	0	0	0	0	0	0	0	0	0	0	0	0	0	0	0	0	0	0	0	0	0	0	0	0	0	0	0	0	0	2012.0	392.0	"D"	0.1	0.0	"G"	0.0	"G"	1	0.0	0.0	0.82857144	0.88235295	0.86538464	0.8389598	0.0	1.0	8.0	0.9046310832025117	0.0	0.0	0.0	0.0	0.0	0.0	0.0	0.0	0.0	0.0	0.0	0.0	0.0	0.0	1.0	0.0	0.0	2.0	"INC"	2	0.0	1.0	0.0	0.0	0.0	0.0
216		"INC"	"Male"	"Shantilal Chogalal Doshi"	53	"Eighth"		"Yes"	0		8419000.0		48	65	13	13	16	22	2014							63.282	57.721	56.837	70.677	64.97	70.541	73.619	79.158	78.474	56.348	59.704	68.247	68.079	66.875	19.2	19.2	55.766666	59.2175	53.115	58.985			0	0	0	0	0	0	0	0	0	0	0	0	1	0	0	0	0	0	0	0	0	0	0	0	0	0	0	0	0	1	0	0		0	0	0	0	0	0	0	0	0	0	0	0	0	0	0	0	0	0	0	0	0	0	0	0	0	0	0	0	0	0	0	0	0	0	0	0	0	0	0	0	0	0	0	0	0	0	0	2	0	0	2012.0	392.0	"D"	0.1	0.0	"G"	0.0	"G"	1	0.0	0.0	0.73846155	1.0	0.81914896	0.7015833	0.0	1.0	10.5	1.3227189222290263	0.25	0.0	0.0	0.0	0.0	0.0	0.0	0.0	0.0	0.0	0.25	0.0	0.5	0.0	0.0	0.0	0.0	4.0	"INC"	2	0.0	1.0	0.0	0.0	0.0	0.0
216		"INC"	"Male"	"Shantilal Chogalal Doshi"	54	"Eighth"		"Yes"	0		666000.0		67	79	14	18	37	41	2015							72.954	54.762	45.577	82.936	50.442	70.395	69.705	71.723	67.713	65.541	62.528	63.799	62.162	62.167	15.6	34.4	65.21	79.05	60.9125	80.3925			0	0	0	0	0	0	0	0	0	0	0	0	0	0	0	0	0	0	0	0	0	1	0	0	0	0	0	1	0	1	0	0		0	0	0	0	0	0	0	0	0	0	0	0	0	0	0	0	0	0	0	0	0	0	0	0	0	0	0	0	0	0	0	0	0	0	0	0	0	0	0	0	0	0	0	0	0	0	0	1	0	0	2012.0	392.0	"D"	0.1	0.0	"G"	0.0	"G"	1	0.0	0.0	0.84810126	0.7777778	0.880597	0.111	0.0	1.0	13.5	4.746054519368723	0.0	0.0	0.0	0.0	0.0	0.0	0.0	0.0	0.0	0.0	0.25	0.0	0.25	0.0	0.25	0.0	0.25	4.0	"INC"	2	0.0	1.0	0.0	0.0	0.0	0.0
216		"INC"	"Male"	"Shantilal Chogalal Doshi"	55	"Eighth"		"Yes"	0		1.0651077E7		63	74	16	17	21	27	2016							78.55	73.864	81.877	85.736	74.072	80.619	81.042	80.737	79.167	77.716	73.338	75.53	73.865	76.867	3.1	28.1	63.896667	77.3525	72.5	65.795			0	0	0	0	0	0	2	0	0	0	0	0	0	0	0	0	0	0	0	0	0	1	0	0	0	0	0	4	0	1	0	0		0	0	0	0	0	0	0	0	0	0	0	0	0	0	0	0	0	0	0	0	0	0	0	0	0	0	0	0	0	0	0	0	0	0	0	0	0	0	0	0	0	0	0	0	0	0	0	2	0	0	2012.0	392.0	"D"	0.1	0.0	"G"	0.0	"G"	1	0.0	0.0	0.8513514	0.9411765	0.89285713	0.88758975	0.0	1.0	12.6	5.1624129930394425	0.0	0.0	0.0	0.0	0.0	0.0	0.2	0.0	0.0	0.0	0.1	0.0	0.2	0.0	0.4	0.0	0.1	10.0	"INC"	2	0.0	1.0	0.0	0.0	0.0	0.0
216	"OBC"	"INC"	"Male"	"Rajendra  Dattatraya Narwankar"	63	"B.E (Mech.)"		"Yes"	0		6244382.5		98	102	15	15	40	46	2018		20266	"8541"		"BJP"	"3416"	42.24	33.973	40.686	70.742		78.593	83.595	79.659	79.41	80.513	69.581	75.686	77.585	67.449	55.7	37.2	66.456665	69.02	77.23	55.6975		69.03	0	0	0	0	0	0	1	0	0	0	0	0	3	0	0	0	0	0	0	0	0	0	0	0	0	0	0	1	0	1	0	1		0	0	0	0	0	0	0	0	0	0	0	0	0	0	0	0	0	0	0	0	0	0	0	0	0	0	0	0	0	0	0	0	0	0	0	0	0	0	0	0	0	0	0	0	0	0	0	2	0	1	2017.0	393.0	"D"	0.1	0.0		0.0	"OBC"	2	1.0	0.0	0.9607843	1.0	0.9745223	1.0407304	1.0	1.0	12.4915	4.1911891537585815	0.3	0.0	0.0	0.0	0.0	0.0	0.1	0.0	0.0	0.0	0.1	0.0	0.2	0.0	0.2	0.1	0.0	10.0	"INC"	2	0.0	1.0	0.0			0.0
217		"SS"	"Male"	"Vijay Anant Vashride"									1	51	0	16	2	15	2011			"4417"		"INC"	"567"	69.754	73.373	69.556	71.483		66.841	64.799	68.921	68.754	65.382	68.36	65.806	67.22	65.913					76.24		121		0	0	0	0	0	0	0	0	0	0	0	0	0	0	0	0	0	0	0	0	0	0	0	0	0	0	0	0	0	0	0	0		0	0	0	0	0	0	0	0	0	0	0	0	0	0	0	0	0	0	0	0	0	0	0	0	0	0	0	0	0	0	0	0	0	0	0	0	0	0	0	0	0	0	0	0	0	0	0	0	0	0	2007.0	394.0	"C"	0.0	0.0		0.0			1.0		0.019607844	0.0	0.04347826				0.0	0.0																		0.0	"SS"	5	1.0	1.0	0.0	0.0	0.0	0.0
217	"W"	"SS"	"Female"	"Yugandara Yashwant Salekar"	43	"B.A."		"Yes"	0		5977834.0		68	70	17	17	23	25	2013			"5964"		"Congress"	"1155"	50.833	48.213	46.526	53.879	56.296	63.15	67.148	69.865	73.993	71.401	70.324	58.646	55.715	49.365	29.7	62.7	77.153336	74.5925	91.2925	67.275			0	0	0	0	0	0	0	0	0	0	0	0	0	0	0	0	0	0	0	0	0	0	0	0	0	0	0	2	0	1	1	0	1	0	0	0	0	0	0	0	0	0	0	0	0	0	0	0	0	0	0	0	0	0	0	0	0	0	0	0	0	0	0	0	0	0	0	0	0	0	0	0	0	0	0	0	0	0	0	0	3	0	0	2012.0	395.0	"C"	0.0	1.0	"OBC-W"	1.0	"OBC"	2	1.0	0.0	0.9714286	1.0	0.9818182	0.99630564	1.0	1.0	8.0	3.0958811613774477	0.0	0.0	0.0	0.0	0.0	0.0	0.0	0.0	0.0	0.0	0.25	0.0	0.375	0.0	0.25	0.125	0.0	8.0	"SS"	5	1.0	1.0	1.0	0.0	0.0	0.0
217	"W"	"SS"	"Female"	"Yugandara Yashwant Salekar"	44	"B.A."		"Yes"	0		1.1962E7		56	65	13	13	20	22	2014							62.723	56.942	50.29	69.758	57.344	73.921	71.272	82.199	81.56	55.206	56.471	57.557	65.669	65.873	5.7	19.1	53.2	60.1525	54.495	64.95			0	0	0	0	0	0	0	0	0	0	0	0	0	0	0	0	0	0	0	0	0	0	0	0	0	0	0	0	0	0	1	0		0	0	0	0	0	0	0	0	0	0	0	0	0	0	0	0	0	0	0	0	0	0	0	1	0	0	0	0	0	0	0	0	0	0	0	0	0	0	0	0	0	0	0	0	0	0	0	2	0	0	2012.0	395.0	"C"	0.0	1.0	"OBC-W"	1.0	"OBC"	2	1.0	0.0	0.86153847	1.0	0.90816325	0.9968333	1.0	1.0	10.5	0.07042253521126761	0.0	0.0	0.0	0.0	0.25	0.0	0.0	0.0	0.0	0.0	0.25	0.0	0.5	0.0	0.0	0.0	0.0	4.0	"SS"	5	1.0	1.0	1.0	0.0	0.0	0.0
217	"W"	"SS"	"Female"	"Yugandara Yashwant Salekar"	45	"B.A."		"Yes"	0		3464000.0		71	79	15	18	29	41	2015							51.518	45.877	41.949	65.649	47.949	60.502	70.507	71.47	63.402	51.816	51.374	54.95	67.457	54.176	25.5	53.4	69.85333	65.9975	66.275	64.2675			0	0	0	0	0	0	1	0	0	1	0	0	0	0	0	0	0	1	0	0	0	0	0	0	0	0	0	1	0	0	1	0	1	0	0	0	0	0	0	0	0	0	0	0	0	0	0	0	0	0	0	0	0	0	0	0	0	0	0	0	0	0	0	0	0	0	0	0	0	0	0	0	0	0	0	0	0	0	0	0	1	0	0	2012.0	395.0	"C"	0.0	1.0	"OBC-W"	1.0	"OBC"	2	1.0	0.0	0.89873415	0.8333333	0.9126984	0.57733333	1.0	1.0	15.714285714285714	4.301507537688442	0.0	0.0	0.0	0.0	0.0	0.0	0.2857143	0.14285715	0.0	0.0	0.14285715	0.0	0.14285715	0.0	0.14285715	0.14285715	0.0	7.0	"SS"	5	1.0	1.0	1.0	0.0	0.0	0.0
217	"W"	"SS"	"Female"	"Yugandara Yashwant Salekar"	46	"B.A."		"Yes"	0		7682159.5		63	74	17	17	31	33	2016							67.796	58.133	67.798	76.926	73.184	76.921	78.455	82.64	77.14	71.421	70.33	73.511	75.556	77.36	57.1	76.9	65.94	74.7225	75.9825	71.7025			0	1	0	0	0	0	0	1	0	0	0	0	0	0	0	0	0	0	0	0	0	0	0	0	0	0	0	2	0	0	0	0	2	0	0	0	0	0	0	0	0	0	0	0	0	0	0	0	0	0	0	0	0	0	0	0	0	0	0	0	0	0	0	0	0	0	0	0	0	0	0	0	0	0	0	0	0	0	0	1	1	0	0	2012.0	395.0	"C"	0.0	1.0	"OBC-W"	1.0	"OBC"	2	1.0	0.0	0.8513514	1.0	0.90983605	0.64017993	1.0	1.0	16.25	3.8037383177570088	0.0	0.0	0.125	0.0	0.0	0.0	0.25	0.0	0.0	0.0	0.0	0.0	0.125	0.0	0.25	0.25	0.0	8.0	"SS"	5	1.0	1.0	1.0	0.0	0.0	0.0
217	"OBC-W"	"BJP"	"Female"	"Minal Ruchit Patel"	35	"Post Graduate"		"Yes"	0		5404255.0		82	102	13	15	12	22	2018		30469	"13623"		"SS"	"7341"	72.865	67.233	55.529	69.072		71.754	72.802	80.682	75.544	69.567	66.119	71.317	71.446	69.769	61.6	11.6	62.113335	58.2125	84.725	65.4		60.151	0	0	0	0	0	0	0	0	0	0	0	0	0	0	0	0	0	0	0	0	0	0	0	0	0	0	0	0	0	0	0	0		0	0	0	0	0	0	0	0	0	0	0	0	0	0	0	0	0	0	0	0	0	0	0	0	0	0	0	0	0	0	0	0	0	0	0	0	0	0	0	0	0	0	0	0	0	0	0	1	0	0	2017.0	396.0	"D"	0.1	1.0		1.0	"OBC"	2	1.0	0.0	0.8039216	0.8666667	0.82945734	0.90070915	1.0	1.0	3.432	0.0	0.0	0.0	0.0	0.0	0.0	0.0	0.0	0.0	0.0	0.0	0.0	0.0	1.0	0.0	0.0	0.0	0.0	1.0	"BJP"	1	0.0	1.0	1.0			0.1
218	"W"	"SS"	"Female"	"Vishakha Vilas Pednekar"									50	51	14	16	12	14	2011			"7797"		"INC"	"3651"	74.759	70.374	68.767	69.634		74.855	73.106	71.045	69.595	70.548	70.552	71.002	70.904	70.69					47.0025		121		0	3	0	0	0	0	1	1	0	0	0	0	0	0	0	0	1	0	0	0	0	0	0	0	0	0	0	5	0	1	0	0	4	0	0	0	0	0	0	0	0	0	0	0	0	0	0	0	0	0	0	0	0	0	0	0	0	1	0	0	0	0	0	0	0	0	0	0	0	0	0	0	0	0	0	0	0	0	0	0	8	0	0	2007.0	397.0	"C"	0.0	1.0		1.0	"G"	1	0.0		0.98039216	0.875	0.96202534				14.0	6.480671382477042	0.0	0.0	0.0	0.0	0.04	0.0	0.24	0.0	0.0	0.0	0.04	0.0	0.32	0.0	0.2	0.16	0.0	25.0	"SS"	5	1.0	1.0	1.0	0.0	0.0	0.0
218		"SS"	"Male"	"Sampat Sudam Thakur"	45	"B.A."		"Yes"	0		5986354.5		70	70	17	17	47	48	2013			"6701"		"Ind"	"3211"	52.933	48.86	50.068	65.044	49.994	65.984	69.028	79.043	75.69	63.878	55.607	62.587	65.21	49.694	40.9	64.1	62.44	72.7625	71.715	58.0775			0	1	0	0	0	0	1	0	0	0	0	0	1	0	0	0	0	0	0	0	0	0	0	0	0	0	0	3	0	0	0	0		1	0	0	0	0	0	0	0	0	0	0	0	0	0	0	0	0	0	0	0	0	0	0	0	0	0	0	0	0	0	0	0	0	0	0	0	0	0	0	0	0	0	0	0	0	0	2	0	0	0	2012.0	398.0	"C"	0.0	0.0	"G"	0.0	"G"	1	0.0	0.0	1.0	1.0	1.0	0.9977257	1.0	1.0	8.0	3.785730362367769	0.11111111	0.0	0.22222222	0.11111111	0.0	0.0	0.22222222	0.0	0.0	0.0	0.0	0.0	0.0	0.0	0.33333334	0.0	0.0	9.0	"SS"	5	1.0	1.0	0.0	0.0	0.0	0.0
218		"SS"	"Male"	"Sampat Sudam Thakur"	46	"B.A."		"Yes"	0		1.1982E7		59	65	12	13	37	41	2014							51.245	44.289	30.789	79.152	52.804	80.181	79.354	82.486	80.395	48.076	52.342	54.846	75.934	54.941	24.9	41.1	59.09	55.6325	46.35	62.24			1	0	0	0	0	0	0	0	1	1	0	0	1	0	1	1	0	0	0	0	0	0	0	0	0	0	0	1	0	1	0	0		0	0	0	0	0	0	0	0	0	0	0	0	0	0	0	0	0	0	0	0	0	0	0	0	0	0	0	0	0	2	0	0	1	0	0	0	0	0	0	0	0	0	0	0	0	0	0	0	0	0	2012.0	398.0	"C"	0.0	0.0	"G"	0.0	"G"	1	0.0	0.0	0.9076923	0.9230769	0.9391304	0.9985	1.0	1.0	14.90909090909091	3.970699195171026	0.09090909	0.0	0.0	0.0	0.0	0.18181819	0.36363637	0.0	0.0	0.0	0.09090909	0.0	0.0	0.0	0.09090909	0.0	0.18181819	11.0	"SS"	5	1.0	1.0	0.0	0.0	0.0	0.0
218		"SS"	"Male"	"Sampat Sudam Thakur"	47	"B.A."		"Yes"	0		3562000.0		76	79	18	18	76	82	2015							38.665	37.364	41.142	47.653	39.024	44.482	43.146	45.319	43.501	39.846	38.907	39.742	43.409	41.862	7.9	10.8	63.14	65.3025	60.3625	58.5125			0	0	0	0	0	0	0	0	0	2	0	0	1	0	0	0	0	0	0	0	0	0	0	0	0	0	0	1	0	1	0	0		0	0	1	0	0	0	0	0	0	0	0	0	0	0	0	0	0	0	0	0	0	0	0	0	0	0	0	0	0	0	0	0	0	0	0	0	0	0	0	0	0	0	0	0	0	0	1	1	0	0	2012.0	398.0	"C"	0.0	0.0	"G"	0.0	"G"	1	0.0	0.0	0.96202534	1.0	0.982659	0.5936667	1.0	1.0	13.5	3.6381909547738696	0.125	0.0	0.125	0.125	0.0	0.0	0.25	0.0	0.0	0.0	0.125	0.0	0.125	0.0	0.125	0.0	0.0	8.0	"SS"	5	1.0	1.0	0.0	0.0	0.0	0.0
218		"SS"	"Male"	"Sampat Sudam Thakur"	48	"B.A."		"Yes"	0		6714969.0		72	74	17	17	53	57	2016							96.145	93.121	90.456	93.668	89.809	93.666	93.573	93.383	92.748	86.606	87.698	88.709	89.627	88.708	2.8	52.3	86.53667	93.5725	88.7625	91.0475			0	3	0	0	0	0	0	0	0	0	0	0	0	0	0	0	1	0	0	0	0	0	0	0	0	0	0	4	0	1	0	0	1	0	0	0	0	0	0	0	0	0	0	0	0	0	0	0	0	0	0	0	0	0	0	0	0	0	0	0	0	0	0	0	0	0	0	0	0	0	0	0	0	0	0	0	0	0	0	0	1	0	0	2012.0	398.0	"C"	0.0	0.0	"G"	0.0	"G"	1	0.0	0.0	0.972973	1.0	0.9861111	0.55958074	1.0	1.0	14.0	5.852544132917965	0.0	0.0	0.0	0.0	0.0	0.0	0.36363637	0.0	0.0	0.0	0.09090909	0.0	0.09090909	0.0	0.36363637	0.09090909	0.0	11.0	"SS"	5	1.0	1.0	0.0	0.0	0.0	0.0
218	"OBC-W"	"BJP"	"Female"	"Anuradha Vijay Potdar "	51	"PHD"		"Yes"	0		5477669.5		94	102	15	15	58	75	2018		24544	"15289"		"SS"	"5395"	68.167	61.028	63.144	74.796		78.601	77.569	83.286	78.536	53.624	54.573	48.367	76.77	57.261	70.4	73.4	52.856667	39.7675	68.7025	72.1125		62.401	0	0	0	0	0	0	0	0	0	0	0	0	0	0	0	0	0	0	0	0	0	0	0	0	0	0	0	1	0	0	0	0		0	0	0	0	0	0	0	0	0	0	0	0	0	0	0	0	0	0	0	0	0	0	0	1	0	0	0	0	0	0	0	0	0	0	0	0	0	0	0	0	0	0	0	0	0	0	0	0	0	0	2017.0	399.0	"D"	0.1	1.0		1.0	"OBC"	2	1.0	0.0	0.92156863	1.0	0.95428574	0.9129449	1.0	1.0	8.208	1.2943733397730017	0.0	0.0	0.0	0.0	0.5	0.0	0.0	0.0	0.0	0.0	0.0	0.0	0.0	0.0	0.5	0.0	0.0	2.0	"BJP"	1	0.0	1.0	1.0			0.1
219		"BJP"	"Male"	"Janak Jitendra Sanghvi"									49	51	16	16	30	31	2011			"5791"		"INC"	"1938"	57.74	55.953	58.137	58.535		60.804	55.82	57.113	57.048	57.439	57.926	58.003	55.938	57.656					50.35		122		0	0	0	0	0	0	0	0	0	0	0	1	1	0	0	0	2	0	0	0	0	0	0	0	0	0	0	2	0	0	0	0	4	0	0	0	0	2	0	0	0	0	0	0	0	0	0	0	0	0	0	0	0	0	0	0	0	0	0	0	0	0	0	0	0	0	0	0	0	0	0	0	0	0	0	0	1	0	0	1	5	1	0	2007.0	400.0	"C"	0.0	0.0		0.0			1.0		0.9607843	1.0	0.97938144				15.0	2.877885331347729	0.05	0.0	0.05	0.0	0.0	0.0	0.1	0.0	0.0	0.0	0.0	0.1	0.25	0.05	0.15	0.2	0.05	20.0	"BJP"	1	0.0	1.0	0.0	0.0	0.0	0.0
219	"W"	"BJP"	"Female"	"Veena Madhukant Jain"	50	"Ninth"		"Not Given"	0		5984811.0		60	70	17	17	24	25	2013			"NA"	"yes"	"NA"	"NA"	55.755	57.32	57.409	58.779	60.475	64.969	63.383	65.793	64.687	62.943	65.963	55.865	54.248	54.884	49.7	67.4	72.03667	76.07	83.215	75.4125			0	0	0	0	0	0	1	0	0	0	0	0	0	0	0	0	0	0	0	0	0	0	0	0	0	0	0	1	0	0	0	0	1	0	0	0	0	0	0	0	0	0	0	0	0	0	0	0	0	0	0	0	0	0	0	0	0	0	0	0	0	0	0	0	0	0	0	0	0	0	0	0	0	0	0	0	0	0	0	0	3	0	0	2012.0	401.0	"C"	0.0	1.0	"W"	1.0	"G"	1	0.0	0.0	0.85714287	1.0	0.9099099	0.9974685	0.0	0.0	14.0	5.030384875084403	0.0	0.0	0.0	0.0	0.0	0.0	0.16666667	0.0	0.0	0.0	0.0	0.0	0.5	0.0	0.16666667	0.16666667	0.0	6.0	"BJP"	1	0.0	1.0	1.0	0.0	0.0	0.0
219	"W"	"BJP"	"Female"	"Veena Madhukant Jain"	51	"Ninth"		"Not Given"	0		1.1987E7		43	65	11	13	15	22	2014							57.733	51.88	58.665	80.872	61.266	87.872	84.867	88.446	83.875	65.774	54.888	61.733	81.008	68.532	19.0	31.8	58.763332	59.6775	58.365	70.2225			0	0	0	0	0	0	1	0	0	0	0	0	0	0	0	0	0	0	0	0	0	0	0	0	0	0	0	1	0	1	1	2	1	0	0	0	0	0	0	0	0	0	0	0	0	0	0	0	0	0	0	0	0	0	0	0	0	0	0	0	0	0	0	0	0	0	0	0	0	0	0	0	0	0	0	0	0	1	0	0	0	0	0	2012.0	401.0	"C"	0.0	1.0	"W"	1.0	"G"	1	0.0	0.0	0.6615385	0.84615386	0.7419355	0.9989167	0.0	0.0	10.25	4.192655935613682	0.0	0.125	0.0	0.0	0.0	0.0	0.125	0.0	0.0	0.0	0.25	0.0	0.0	0.0	0.125	0.375	0.0	8.0	"BJP"	1	0.0	1.0	1.0	0.0	0.0	0.0
219	"W"	"BJP"	"Female"	"Veena Madhukant Jain"	52	"Ninth"		"Not Given"	0		2494000.0		52	79	13	18	20	41	2015							57.319	48.301	43.86	55.865	61.72	66.993	68.218	75.857	65.965	44.842	44.597	47.25	51.347	57.768	29.0	97.3	51.613335	56.3875	79.455	47.4075			0	0	0	0	0	0	0	0	1	0	0	0	0	0	0	0	0	0	0	0	0	0	0	0	0	0	0	1	0	0	0	0	2	0	0	1	0	0	0	0	0	0	0	0	0	0	0	0	0	0	0	0	0	0	0	0	0	0	0	0	0	0	0	0	0	0	0	0	0	0	0	0	0	0	0	0	0	0	0	0	0	0	0	2012.0	401.0	"C"	0.0	1.0	"W"	1.0	"G"	1	0.0	0.0	0.65822786	0.7222222	0.72649574	0.41566667	0.0	0.0	11.6	3.3768844221105527	0.0	0.0	0.0	0.2	0.0	0.0	0.2	0.0	0.0	0.0	0.0	0.0	0.0	0.0	0.2	0.4	0.0	5.0	"BJP"	1	0.0	1.0	1.0	0.0	0.0	0.0
219	"W"	"BJP"	"Female"	"Veena Madhukant Jain"	53	"Ninth"		"Not Given"	0		8304459.0		35	74	13	17	18	37	2016							69.151	65.695	70.09	78.122	68.476	74.576	72.132	74.908	72.684	68.617	67.13	69.349	68.885	70.94	54.6	65.7	68.21667	71.705	86.1125	68.755			1	2	0	0	0	0	2	0	0	2	0	0	0	0	0	0	0	1	0	0	0	0	0	0	0	0	0	2	0	0	0	0		0	0	0	0	0	0	0	0	0	0	0	0	0	0	0	0	0	0	0	0	0	0	0	0	0	0	0	0	0	0	0	0	0	0	0	0	0	0	0	0	0	0	0	0	0	0	0	0	0	0	2012.0	401.0	"C"	0.0	1.0	"W"	1.0	"G"	1	0.0	0.0	0.47297296	0.7647059	0.6055046	0.69203824	0.0	0.0	16.6	5.285046728971962	0.0	0.0	0.0	0.0	0.0	0.0	0.6	0.1	0.0	0.0	0.0	0.0	0.0	0.0	0.2	0.0	0.1	10.0	"BJP"	1	0.0	1.0	1.0	0.0	0.0	0.0
219	"W"	"BJP"	"Female"	"Jyotsna Devesh Mehta"	57	"HSC"		"Yes"	0		4839527.0		86	102	15	15	22	24	2018		22491	"15361"		"Congress"	"9905"	56.624	53.958	51.015	59.087		60.467	61.392	61.447	43.094	49.505	53.667	58.114	58.14	58.18	7.7	0.0	79.53	67.4325	87.145	54.2225		52.713	0	0	0	0	0	0	0	0	0	0	2	0	0	0	0	0	0	0	0	0	0	0	0	0	0	0	0	0	0	0	0	0	1	0	0	1	0	0	0	0	0	0	0	0	0	0	0	0	0	0	0	0	0	0	0	0	1	0	0	0	0	0	0	0	0	0	0	0	0	0	0	0	0	0	0	0	0	0	0	1	0	0	0	2017.0	402.0	"D"	0.1	1.0		1.0	"G"	1	0.0	0.0	0.84313726	1.0	0.8848921	0.8065878	0.0	1.0	9.0275	1.8039120985269257	0.0	0.0	0.16666667	0.16666667	0.16666667	0.0	0.0	0.0	0.33333334	0.0	0.0	0.0	0.0	0.0	0.0	0.16666667	0.0	6.0	"BJP"	1	0.0	1.0	1.0			0.1
220	"W"	"NCP"	"Female"	"Gulshan Salim Chauhan"									9	51	0	16	0	15	2011			"4954"		"INC"	"1743"	53.196	50.8	52.695	50.851		57.712	53.472	53.686	51.766	50.726	52.578	51.304	50.876	52.996					36.7075		125		0	0	0	0	0	0	0	0	0	0	0	0	0	0	0	0	0	0	0	0	0	0	0	0	0	0	0	0	0	0	0	0		0	0	0	0	0	0	0	0	0	0	0	0	0	0	0	0	0	0	0	0	0	0	0	0	0	0	0	0	0	0	0	0	0	0	0	0	0	0	0	0	0	0	0	0	0	0	0	0	0	0	2007.0	406.0	"C"	0.0	1.0		1.0	"G"	1	0.0		0.1764706	0.0	0.13432837				0.0	0.0																		0.0	"NCP"	4	0.0	1.0	1.0	0.0	0.0	0.0
220		"SP"	"Male"	"Yaqoob Janmohammed Memon"	61	"F.Y.B.A."		"Yes"	0		5991829.5		69	70	16	17	57	84	2013			"6475"		"NCP"	"142"	52.705	56.856	57.245	58.607	62.142	64.022	61.377	64.281	64.48	70.781	69.325	60.412	55.103	54.506	36.4	36.7	45.483334	82.9375	95.8575	62.965			0	1	0	0	0	0	1	0	0	0	0	0	3	2	0	0	0	2	0	0	0	2	0	0	0	0	0	3	0	0	1	0	2	2	0	0	0	0	0	0	0	0	0	0	0	0	0	0	0	0	0	0	0	0	0	0	0	1	1	0	0	0	0	0	0	0	0	0	0	0	0	0	0	0	0	0	0	0	0	0	2	0	0	2012.0	407.0	"C"	0.0	0.0		0.0			1.0	0.0	0.98571426	0.9411765	0.9861111	0.9986383	1.0	1.0	14.82608695652174	2.471020466561178	0.13043478	0.0	0.0	0.08695652	0.04347826	0.0	0.17391305	0.08695652	0.0	0.04347826	0.04347826	0.0	0.08695652	0.0	0.13043478	0.08695652	0.08695652	23.0	"_Other"	6	0.0	1.0	0.0	0.0	0.0	0.0
220		"SP"	"Male"	"Yaqoob Janmohammed Memon"	62	"F.Y.B.A."		"Yes"	0		1.1991E7		46	65	10	13	36	67	2014							61.87	51.862	51.108	74.311	61.561	82.546	77.832	82.307	81.137	53.867	52.466	53.281	69.094	62.264	0.0	21.7	53.923332	58.5575	55.8125	65.865			0	1	0	1	0	0	0	0	0	0	1	0	1	0	0	0	0	2	0	0	0	0	0	0	0	0	0	2	0	0	2	0	1	0	0	0	0	0	0	0	0	0	0	0	0	0	0	0	0	0	0	0	0	0	0	0	0	0	0	0	0	0	0	0	0	0	0	0	0	0	0	0	0	0	0	0	0	0	1	1	0	0	0	2012.0	407.0	"C"	0.0	0.0		0.0			1.0	0.0	0.7076923	0.7692308	0.80701756	0.99925	1.0	1.0	15.307692307692308	4.907633200151782	0.07692308	0.0	0.07692308	0.07692308	0.0	0.0	0.15384616	0.15384616	0.07692308	0.0	0.15384616	0.0	0.0	0.0	0.15384616	0.07692308	0.0	13.0	"_Other"	6	0.0	1.0	0.0	0.0	0.0	0.0
220		"SP"	"Male"	"Yaqoob Janmohammed Memon"	63	"F.Y.B.A."		"Yes"	0		3606000.0		67	79	9	18	70	110	2015							67.832	61.303	58.389	71.276	67.064	79.532	79.456	80.514	78.807	57.805	60.787	64.219	68.767	63.517	0.0	21.0	59.666668	67.7225	65.385	68.745			0	2	0	0	0	0	0	1	0	0	3	0	2	0	0	0	1	0	0	0	0	0	0	0	0	0	0	3	0	1	0	0	1	0	0	0	0	0	0	0	0	0	0	0	0	0	0	0	0	0	0	0	0	0	0	0	1	0	1	0	0	0	1	0	0	0	0	0	0	0	0	0	0	0	0	0	0	1	0	0	1	2	2	2012.0	407.0	"C"	0.0	0.0		0.0			1.0	0.0	0.84810126	0.5	0.8742515	0.601	1.0	1.0	13.695652173913043	5.78391959798995	0.08695652	0.04347826	0.0	0.0	0.04347826	0.04347826	0.17391305	0.0	0.13043478	0.04347826	0.04347826	0.0	0.04347826	0.0	0.3043478	0.04347826	0.0	23.0	"_Other"	6	0.0	1.0	0.0	0.0	0.0	0.0
220		"SP"	"Male"	"Yaqoob Janmohammed Memon"	64	"F.Y.B.A."		"Yes"	0		7978538.5		59	74	13	17	59	94	2016							79.8	72.3	79.3	81.1	72.6	76.6	78.7	78.5	78.4	76.9	73.4	74.4	72.9	72.4	0.0	16.0	48.666668	71.4575	80.47	62.3675			0	5	0	0	0	0	0	1	0	0	1	0	1	0	0	0	1	2	0	0	0	0	0	0	0	0	0	5	0	1	0	0		0	0	1	0	0	0	0	0	0	0	0	0	0	0	0	0	0	0	0	0	0	0	0	1	0	6	0	0	0	0	0	0	0	0	0	0	0	0	0	0	0	0	0	0	0	0	2	2	1	0	2012.0	407.0	"C"	0.0	0.0		0.0			1.0	0.0	0.7972973	0.7647059	0.87333333	0.6648782	1.0	1.0	13.2	5.414330218068535	0.033333335	0.0	0.06666667	0.033333335	0.033333335	0.0	0.23333333	0.06666667	0.033333335	0.2	0.033333335	0.0	0.06666667	0.0	0.2	0.0	0.0	30.0	"_Other"	6	0.0	1.0	0.0	0.0	0.0	0.0
220	"G"	"BJP"	"Male"	"Atul Hasmukhlal Shah "	62	"Graduate"		"Yes"	0		5030195.0		68	102	7	15	38	81	2018		20802	"5946"		"SS"	"0"	73.061	73.647	74.151	77.447		78.242	74.747	83.462	79.465	70.46	69.303	67.129	73.444	67.87	78.0	46.6	73.223335	41.255	77.495	74.9575		65.174	0	0	0	0	0	0	0	0	0	0	0	0	0	0	0	0	0	0	0	0	0	1	0	0	0	0	0	0	0	0	0	2		0	0	0	0	0	0	0	0	0	0	0	0	0	0	0	0	0	0	0	0	0	0	0	0	0	0	0	0	0	0	0	0	0	0	0	0	0	0	0	0	0	0	0	0	0	0	0	0	1	0	2017.0	408.0	"C"	0.0	0.0		0.0	"G"	1	0.0	0.0	0.6666667	0.46666667	0.7290323	0.83836585	1.0	1.0	8.715	0.01863932898415657	0.0	0.0	0.0	0.0	0.0	0.0	0.0	0.0	0.0	0.0	0.0	0.0	0.0	0.0	0.25	0.5	0.25	4.0	"BJP"	1	0.0	1.0	0.0			0.0
221		"INC"	"Male"	"Dnyanraj Yashvant Nikam"									1	51	1	14	0	15	2011			"4868"		"MNS"	"2390"	73.341	47.986	55.961	52.938		59.852	55.359	53.68	53.518	52.678	53.916	53.577	56.566	55.425					59.225		121		0	0	0	0	0	0	0	0	0	0	0	0	0	0	0	0	0	0	0	0	0	0	0	0	0	0	0	0	0	0	0	0		0	0	0	0	0	0	0	0	0	0	0	0	0	0	0	0	0	0	0	0	0	0	0	0	0	0	0	0	0	0	0	0	0	0	0	0	0	0	0	0	0	0	0	0	0	0	0	0	0	0	2007.0	409.0	"B"	0.13	0.0		0.0			1.0		0.019607844	0.071428575	0.03076923				0.0	0.0																		0.0	"INC"	2	0.0	1.0	0.0	0.0	0.0	0.0
221		"INC"	"Male"	"Dnyanraj Yashvant Nikam"	51	"SSC"		"Yes"	0		4730910.0		67	70	1	18	62	80	2013			"7489"		"SS"	"2113"	68.561	63.645	67.823	78.918	56.846	80.378	75.07	80.305	79.698	67.965	63.135	69.895	68.878	64.247	35.9	50.5	68.92667	75.2425	69.835	76.4075			0	0	0	0	0	0	0	0	0	2	0	1	2	0	0	0	0	0	0	1	0	0	0	0	0	1	0	1	0	0	0	0	2	2	0	1	0	0	0	0	0	0	0	0	0	0	0	0	0	0	0	0	0	0	0	0	0	0	0	0	0	0	0	0	0	0	0	0	0	0	0	0	0	0	0	0	0	0	0	0	1	0	0	2012.0	410.0	"B"	0.13	0.0	"OBC"	0.0	"OBC"	2	1.0	0.0	0.95714283	0.055555556	0.8666667	0.788485	0.0	1.0	16.28571428571429	1.3810854537431976	0.14285715	0.0	0.0	0.21428572	0.0	0.0	0.14285715	0.0	0.0	0.071428575	0.071428575	0.0	0.071428575	0.0	0.071428575	0.14285715	0.071428575	14.0	"INC"	2	0.0	1.0	0.0	0.0	0.0	0.0
221		"INC"	"Male"	"Dnyanraj Yashvant Nikam"	52	"SSC"		"Yes"	0		1.1392E7		22	65	2	15	26	120	2014							60.334	55.17	63.716	71.447	52.39	72.852	77.806	78.507	79.363	60.842	53.657	55.113	68.774	56.939	26.4	31.6	59.65333	57.1325	56.695	65.72			0	0	0	0	0	0	0	0	0	0	0	0	1	0	0	0	0	0	0	0	0	0	0	0	0	0	0	4	0	0	0	0		0	0	0	0	0	0	0	0	0	0	0	0	0	0	0	0	0	0	0	0	0	0	0	0	0	0	0	0	0	0	0	0	0	0	0	0	0	0	0	0	0	0	0	0	0	0	0	1	0	0	2012.0	410.0	"B"	0.13	0.0	"OBC"	0.0	"OBC"	2	1.0	0.0	0.33846155	0.13333334	0.4716981	0.9493333	0.0	1.0	14.0	5.0	0.16666667	0.0	0.0	0.0	0.0	0.0	0.0	0.0	0.0	0.0	0.0	0.0	0.16666667	0.0	0.6666667	0.0	0.0	6.0	"INC"	2	0.0	1.0	0.0	0.0	0.0	0.0
221		"INC"	"Male"	"Dnyanraj Yashvant Nikam"	53	"SSC"		"Yes"	0	1	5109000.0		2	79	2	22	5	164	2015							57.147	37.867	38.333	62.136	41.855	69.703	66.809	77.733	50.235	45.841	33.648	46.16	59.003	49.452	91.0	91.9	64.746666	67.565	69.8175	67.0875			0	0	0	0	0	0	0	0	0	0	0	0	0	0	0	0	0	0	0	0	0	0	0	1	0	0	0	0	0	0	0	0		0	0	0	0	0	0	0	0	0	0	0	0	0	0	0	0	0	0	0	0	0	0	0	0	0	0	0	0	0	0	0	0	0	0	0	0	0	0	0	0	0	0	0	0	0	0	0	4	0	0	2012.0	410.0	"B"	0.13	0.0	"OBC"	0.0	"OBC"	2	1.0	0.0	0.025316456	0.09090909	0.08490566	0.8515	0.0	1.0	6.0	0.0	0.0	0.0	0.0	0.0	0.0	0.0	0.0	0.0	0.0	0.0	0.2	0.0	0.8	0.0	0.0	0.0	0.0	5.0	"INC"	2	0.0	1.0	0.0	0.0	0.0	0.0
221		"INC"	"Male"	"Dnyanraj Yashvant Nikam"	54	"SSC"		"Yes"	0	1	5357114.5		3	74	1	19	0	0	2016							57.257	52.602	56.225	62.891	59.716	65.8	64.501	65.786	68.841	61.015	60.724	58.546	60.58	60.0	7.2	31.9	67.63333	76.12	58.4525	69.4875			0	0	0	0	0	0	0	0	0	0	0	0	0	0	0	0	0	0	0	0	0	0	0	0	0	0	0	0	0	0	0	0		0	0	0	0	0	0	0	0	0	0	0	0	0	0	0	0	0	0	0	0	0	0	0	0	0	0	0	0	0	0	0	0	0	0	0	0	0	0	0	0	0	0	0	0	0	0	0	1	0	0	2012.0	410.0	"B"	0.13	0.0	"OBC"	0.0	"OBC"	2	1.0	0.0	0.04054054	0.05263158	0.043010753	0.4464262	0.0	1.0	6.0	0.0	0.0	0.0	0.0	0.0	0.0	0.0	0.0	0.0	0.0	0.0	0.0	0.0	1.0	0.0	0.0	0.0	0.0	1.0	"INC"	2	0.0	1.0	0.0	0.0	0.0	0.0
221	"G"	"BJP"	"Male"	"Akash Raj Purohit"	36	"Graduate"		"Yes"	0		2979617.8		87	102	13	15	39	60	2018		30257	"6722"		"Congress"	"1869"	66.87	60.646	61.042	65.69		64.44	63.276	63.735	65.178	67.353	62.598	62.64	66.901	67.673	88.7	38.9	56.19	71.095	78.3075	71.61		70.438	0	1	0	0	0	0	0	0	0	0	0	0	0	0	0	0	0	0	0	0	0	0	0	0	0	0	0	1	0	0	0	0		0	0	0	0	0	0	0	0	0	0	0	0	0	0	0	0	0	0	0	0	0	0	0	0	0	0	0	0	0	0	0	0	0	0	0	0	0	0	0	0	0	0	0	0	0	0	0	2	0	0	2017.0	411.0	"C"	0.0	0.0		0.0	"G"	1	0.0	0.0	0.85294116	0.8666667	0.89102566	0.49660295	1.0	1.0	7.07	3.038210624417521	0.0	0.0	0.0	0.0	0.0	0.0	0.25	0.0	0.0	0.0	0.0	0.0	0.5	0.0	0.25	0.0	0.0	4.0	"BJP"	1	0.0	1.0	0.0			0.0
222		"INC"	"Male"	"Mohd. Ikhlaque Ansari"									22	51	4	14	10	26	2011			"4469"		"NCP"	"1999"	70.417	49.91	54.815	52.954		56.757	56.187	53.875	55.114	54.36	54.192	56.452	53.536	57.542					55.655		119		0	0	0	0	0	0	0	0	0	0	0	0	0	0	0	0	0	0	0	0	0	0	0	0	0	0	0	0	0	0	0	0		0	0	0	0	0	0	0	0	0	0	0	0	0	0	0	0	0	0	0	0	0	0	0	0	0	0	0	0	0	0	0	0	0	0	0	0	0	0	0	0	0	0	0	0	0	0	0	1	0	0	2007.0	412.0	"B"	0.13	0.0		0.0			1.0		0.43137255	0.2857143	0.48				6.0	0.0	0.0	0.0	0.0	0.0	0.0	0.0	0.0	0.0	0.0	0.0	0.0	0.0	1.0	0.0	0.0	0.0	0.0	1.0	"INC"	2	0.0	1.0	0.0	0.0	0.0	0.0
222	"W"	"INC"	"Female"	"Waqarunnisa Ansari"	62	"SSC"	"H.T.C."	"Yes"	0		5529858.5		49	70	18	18	19	25	2013			"5166"		"SP"	"2566"	70.76	72.529	77.855	76.738	71.439	73.471	76.1	72.978	70.997	65.835	62.766	62.427	60.553	56.812	24.9	23.9	76.153336	78.03	84.1075	77.71			0	1	0	0	0	0	1	0	0	0	0	0	2	0	1	0	0	3	0	0	0	0	0	0	0	0	0	0	0	0	0	0		1	0	0	0	0	0	0	0	0	0	0	0	0	0	0	0	0	0	0	0	0	0	0	0	0	0	0	0	0	0	0	0	0	0	0	0	0	0	0	0	0	0	0	0	0	0	0	2	0	0	2012.0	413.0	"B"	0.13	1.0	"W"	1.0	"G"	1	0.0	0.0	0.7	1.0	0.8037383	0.9216431	1.0	1.0	9.272727272727273	3.0574349168995445	0.18181819	0.0	0.0	0.09090909	0.0	0.0	0.27272728	0.27272728	0.0	0.0	0.0	0.0	0.18181819	0.0	0.0	0.0	0.0	11.0	"INC"	2	0.0	1.0	1.0	0.0	0.0	0.13
222	"W"	"INC"	"Female"	"Waqarunnisa Ansari"	63	"SSC"	"H.T.C."	"Yes"	0		1.1021E7		48	65	15	15	19	22	2014							59.02	57.096	62.156	60.412	59.493	65.23	65.669	64.119	61.184	51.146	51.788	53.931	53.271	54.732	2.9	19.8	49.293335	65.5475	54.875	58.615			0	0	0	0	0	0	0	0	0	0	0	0	1	0	0	0	0	0	0	0	0	1	0	0	0	1	0	1	0	0	0	0		0	0	0	0	0	0	0	0	0	0	0	0	0	0	0	0	0	0	0	0	0	0	0	0	1	0	0	0	0	0	0	0	0	0	0	0	0	0	0	0	0	0	0	0	0	0	0	2	0	0	2012.0	413.0	"B"	0.13	1.0	"W"	1.0	"G"	1	0.0	0.0	0.73846155	1.0	0.82828283	0.9184167	1.0	1.0	12.142857142857142	2.7852614896988905	0.14285715	0.0	0.0	0.0	0.14285715	0.0	0.0	0.0	0.0	0.0	0.14285715	0.0	0.2857143	0.0	0.14285715	0.0	0.14285715	7.0	"INC"	2	0.0	1.0	1.0	0.0	0.0	0.13
222	"W"	"INC"	"Female"	"Waqarunnisa Ansari"	64	"SSC"	"H.T.C."	"Yes"	0		524000.0		50	79	14	22	26	41	2015							56.616	44.312	50.572	64.357	56.577	71.452	72.6	76.423	69.508	51.684	46.809	55.862	65.452	58.452	16.9	80.7	65.763336	75.9875	79.8575	63.5925			0	1	0	0	0	0	0	0	0	2	0	0	1	0	0	0	0	0	0	0	0	0	0	0	0	0	0	0	0	0	0	0		0	0	0	0	0	0	0	0	0	0	0	0	0	0	0	0	0	0	0	0	0	0	0	1	0	0	0	0	0	0	0	0	0	0	0	0	0	0	0	0	0	0	0	0	0	0	0	2	0	0	2012.0	413.0	"B"	0.13	1.0	"W"	1.0	"G"	1	0.0	0.0	0.6329114	0.6363636	0.70866144	0.08733334	1.0	1.0	9.0	2.088809946714032	0.14285715	0.0	0.0	0.0	0.14285715	0.0	0.42857143	0.0	0.0	0.0	0.0	0.0	0.2857143	0.0	0.0	0.0	0.0	7.0	"INC"	2	0.0	1.0	1.0	0.0	0.0	0.13
222	"W"	"INC"	"Female"	"Waqarunnisa Ansari"	65	"SSC"	"H.T.C."	"Yes"	0		9958593.0		58	74	16	19	115	150	2016							79.826	64.18	63.278	80.572	66.148	75.328	75.006	87.867	77.226	61.392	59.916	63.032	69.269	66.558	41.8	58.2	62.293335	76.6525	65.2025	71.1075			0	0	0	0	0	0	2	0	0	0	0	0	0	0	0	0	0	0	0	0	0	0	0	0	0	0	0	3	0	1	1	1	1	0	0	0	0	0	0	0	0	0	0	0	0	0	0	0	0	0	0	0	0	0	0	0	0	0	0	0	0	0	0	0	0	0	0	0	0	0	0	0	0	0	0	0	0	2	0	1	5	0	0	2012.0	413.0	"B"	0.13	1.0	"W"	1.0	"G"	1	0.0	0.0	0.7837838	0.84210527	0.90865386	0.82988274	1.0	1.0	15.058823529411764	6.007370023231595	0.0	0.11764706	0.05882353	0.0	0.0	0.0	0.11764706	0.0	0.0	0.0	0.11764706	0.0	0.29411766	0.0	0.1764706	0.11764706	0.0	17.0	"INC"	2	0.0	1.0	1.0	0.0	0.0	0.13
222	"OBC-W"	"BJP"	"Female"	"Rita Bharat Makwana"	54	"HSC"		"Yes"	0		3627357.5		96	102	15	15	29	36	2018		23561	"10365"		"SS"	"2003"	50.848	57.204	60.256	71.941		77.008	81.253	85.02	82.923	48.308	73.517	79.728	81.009	64.27	76.0	13.1	55.173332	56.1275	66.475	59.655		46.611	0	1	0	0	0	0	0	0	0	0	0	0	0	1	0	0	0	0	0	0	0	0	0	0	0	0	0	2	0	0	0	0		0	0	2	0	0	0	0	0	0	0	0	0	0	0	0	0	0	0	0	0	0	0	0	0	0	0	0	0	1	0	0	0	0	0	0	0	0	0	0	0	0	0	0	0	0	0	0	0	0	0	2017.0	414.0	"C"	0.0	1.0		1.0	"OBC"	2	1.0	0.0	0.9411765	1.0	0.9589041	0.6045596	0.0	1.0	8.709428571428571	3.146940043491768	0.0	0.0	0.0	0.2857143	0.0	0.14285715	0.2857143	0.0	0.0	0.0	0.0	0.0	0.0	0.0	0.2857143	0.0	0.0	7.0	"BJP"	1	0.0	1.0	1.0			0.0
223	"W"	"INC"	"Female"	"Waqarunnisa Zahid Husain Ansari"									31	51	8	14	38	73	2011			"5395"		"SS"	"2445"	87.408	84.218	83.522	84.21		84.399	83.161	83.818	85.315	82.291	81.994	82.87	83.942	83.561					44.975		123		0	0	0	0	0	0	0	1	0	0	0	0	0	0	0	0	0	0	0	0	0	0	0	0	0	0	0	0	0	2	1	0	1	0	0	1	0	0	0	0	0	0	0	0	0	0	0	0	0	0	0	0	0	0	1	0	1	2	0	0	0	0	0	0	0	0	0	0	0	0	0	0	0	0	0	0	0	0	1	0	2	1	0	2007.0	415.0	"B"	0.13	1.0		1.0	"G"	1	0.0		0.60784316	0.5714286	0.74757284				13.428571428571429	3.099418782502294	0.0	0.071428575	0.0	0.14285715	0.21428572	0.0	0.071428575	0.0	0.0	0.0	0.21428572	0.0	0.14285715	0.0	0.071428575	0.071428575	0.0	14.0	"INC"	2	0.0	1.0	1.0	0.0	0.0	0.13
223		"INC"	"Male"	"Javed Ibrahim Juneja"	36	"HSC"		"Yes"	0		5472596.0		66	70	14	18	25	25	2013			"4884"		"SP"	"1611"	59.667	53.65	53.807	67.078	60.494	73.537	72.22	73.18	65.979	67.75	59.332	66.081	69.896	63.955	79.9	84.5	64.37334	73.655	79.1575	75.745			0	2	0	0	0	0	1	0	0	0	0	0	0	0	0	0	0	0	0	0	0	0	0	0	0	0	0	5	0	0	0	0		2	0	0	0	0	0	0	0	0	0	0	0	0	0	0	0	0	0	0	0	0	0	0	0	0	0	0	0	0	0	0	0	0	0	0	0	0	0	0	0	0	0	0	0	0	0	0	4	0	0	2012.0	416.0	"B"	0.13	0.0	"G"	0.0	"G"	1	0.0	0.0	0.94285715	0.7777778	0.9292035	0.91209936	0.0	1.0	14.0	3.972275334608031	0.0	0.0	0.0	0.14285715	0.0	0.0	0.21428572	0.0	0.0	0.0	0.0	0.0	0.2857143	0.0	0.35714287	0.0	0.0	14.0	"INC"	2	0.0	1.0	0.0	0.0	0.0	0.0
223		"INC"	"Male"	"Javed Ibrahim Juneja"	37	"HSC"		"Yes"	0		1.0998E7		51	65	14	15	20	22	2014							62.229	58.083	60.152	68.704	63.324	70.987	73.304	78.696	79.021	56.73	60.305	63.789	70.927	63.422	3.8	26.4	61.583332	72.1	58.32	65.705			0	2	0	0	0	0	0	0	0	0	1	0	0	0	0	0	0	1	0	0	0	0	0	0	0	0	0	1	0	1	1	0		0	0	0	0	0	0	0	0	0	0	0	0	0	0	0	0	0	0	0	0	0	0	0	0	0	0	0	0	0	0	0	0	0	0	0	0	0	0	0	0	0	0	0	0	1	0	0	6	0	0	2012.0	416.0	"B"	0.13	0.0	"G"	0.0	"G"	1	0.0	0.0	0.7846154	0.93333334	0.85	0.9165	0.0	1.0	9.857142857142858	4.867934495509773	0.0	0.071428575	0.0	0.0	0.0	0.0	0.14285715	0.071428575	0.071428575	0.0	0.14285715	0.0	0.42857143	0.0	0.071428575	0.0	0.0	14.0	"INC"	2	0.0	1.0	0.0	0.0	0.0	0.0
223		"INC"	"Male"	"Javed Ibrahim Juneja"	38	"HSC"		"Yes"	0		5444000.0		67	79	17	22	25	41	2015							65.671	60.934	54.88	61.885	59.567	67.091	67.608	67.556	64.099	53.267	51.932	51.892	52.801	49.91	11.4	16.9	63.953335	78.095	68.7225	68.1425			0	1	0	0	0	0	0	0	0	1	0	0	0	0	0	0	0	1	0	0	0	0	0	0	0	0	0	1	0	0	0	0		0	0	0	0	0	0	0	0	0	0	0	0	0	0	0	0	0	0	0	0	0	0	0	0	0	0	0	0	0	0	0	0	0	0	0	0	0	0	0	0	0	0	0	0	0	0	0	9	0	0	2012.0	416.0	"B"	0.13	0.0	"G"	0.0	"G"	1	0.0	0.0	0.84810126	0.77272725	0.86507934	0.9073333	0.0	1.0	8.76923076923077	4.9970396684428655	0.0	0.0	0.0	0.0	0.0	0.0	0.15384616	0.07692308	0.0	0.0	0.0	0.0	0.6923077	0.0	0.07692308	0.0	0.0	13.0	"INC"	2	0.0	1.0	0.0	0.0	0.0	0.0
223		"INC"	"Male"	"Javed Ibrahim Juneja"	39	"HSC"		"Yes"	0		6209756.0		68	74	19	19	24	27	2016							93.625	80.25	79.125	95.0	83.5	89.75	86.5	90.0	91.0	74.25	73.5	76.875	87.375	80.0	3.8	36.3	73.333336	85.0	94.0625	82.8125			0	2	0	0	0	0	0	0	1	0	0	0	0	0	0	0	0	0	0	1	0	0	0	0	0	1	0	0	0	2	0	1		0	0	0	0	0	0	0	0	0	0	0	0	0	0	0	0	0	0	0	0	0	0	0	0	0	0	0	0	0	0	0	0	0	0	0	0	0	0	0	0	0	0	0	0	0	0	1	7	0	0	2012.0	416.0	"B"	0.13	0.0	"G"	0.0	"G"	1	0.0	0.0	0.9189189	1.0	0.94871795	0.51747966	0.0	1.0	12.75	4.709032856112885	0.0	0.0	0.0625	0.0	0.0	0.0	0.1875	0.0	0.0	0.0625	0.1875	0.0	0.4375	0.0	0.0	0.0625	0.0	16.0	"INC"	2	0.0	1.0	0.0	0.0	0.0	0.0
223	"W"	"INC"	"Female"	"Nikita Dnyanraj Nikam"	28	"Post Graduate"		"Yes"	0		4755863.0		70	102	11	18	25	38	2018		32937	"8634"		"SS"	"3192"	60.799	64.168	66.453	69.985		69.97	70.186	71.426	71.417	71.665	71.567	72.951	71.77	72.379	2.1	27.2	91.44	74.7525	96.8325	53.775		71.903	0	0	0	0	0	0	0	0	0	0	0	0	0	0	0	0	0	0	0	0	0	0	0	0	0	0	0	0	0	0	0	0		0	0	0	0	0	0	0	0	0	0	0	0	0	0	0	0	0	0	0	0	0	0	0	0	0	0	0	0	0	0	0	0	0	0	0	0	0	0	0	0	0	0	0	0	0	0	0	2	0	0	2017.0	417.0	"B"	0.13	1.0		1.0	"G"	1	0.0	0.0	0.6862745	0.6111111	0.73103446	0.79264385	1.0	1.0	3.786	0.0	0.0	0.0	0.0	0.0	0.0	0.0	0.0	0.0	0.0	0.0	0.0	0.0	1.0	0.0	0.0	0.0	0.0	2.0	"INC"	2	0.0	1.0	1.0			0.13
224	"W"	"INC"	"Female"	"Vijaya Kantilal Dhulla"									38	51	4	14	19	26	2011			"5799"		"SS"	"3394"	68.213	50.021	54.847	50.912		54.604	55.526	52.309	54.646	53.649	56.619	55.286	55.081	53.251					44.35		129		0	0	0	0	0	0	0	0	0	0	0	0	0	0	0	0	0	0	0	0	0	0	0	0	0	0	0	0	0	0	0	0		0	0	0	0	0	0	0	0	0	0	0	0	0	0	0	0	0	0	0	0	0	0	0	0	0	0	0	0	0	0	0	0	0	0	0	0	0	0	0	0	0	0	0	0	0	0	0	1	0	0	2007.0	418.0	"A"	0.29	1.0		1.0	"G"	1	0.0		0.74509805	0.2857143	0.72619045				6.0	0.0	0.0	0.0	0.0	0.0	0.0	0.0	0.0	0.0	0.0	0.0	0.0	0.0	1.0	0.0	0.0	0.0	0.0	1.0	"INC"	2	0.0	0.0	0.0	0.0	0.0	0.29
224		"SS"	"Male"	"Ganesh Yashwant Sanap"	33	"Ninth"		"Yes"	1		5682795.5		65	70	13	18	13	17	2013	1		"5870"		"congress"	"1471"	65.576	54.883	50.281	71.504	59.308	73.102	73.407	74.53	67.626	58.206	56.593	62.288	65.28	59.707	29.3	30.8	65.24333	69.4175	69.145	71.675			0	0	0	0	0	0	0	0	0	1	0	0	0	0	0	0	1	0	0	0	0	0	0	0	0	0	0	0	0	0	0	0		0	0	0	0	0	0	0	0	0	0	0	0	0	0	0	0	0	0	0	0	0	0	0	0	0	0	0	0	0	0	0	0	0	0	0	0	0	0	0	0	0	0	0	0	0	0	0	1	0	0	2012.0	419.0	"A"	0.29	0.0	"OBC"	0.0	"OBC"	2	1.0	1.0	0.9285714	0.7222222	0.9009901	0.9471326	0.0	1.0	15.0	0.06504065040650407	0.0	0.0	0.0	0.0	0.0	0.0	0.6666667	0.0	0.0	0.0	0.0	0.0	0.33333334	0.0	0.0	0.0	0.0	3.0	"SS"	5	1.0	0.0	0.0	0.0	0.0	0.0
224		"SS"	"Male"	"Ganesh Yashwant Sanap"	34	"Ninth"		"Yes"	1		1.101E7		65	65	8	15	13	15	2014							83.032	72.677	77.997	82.19	81.086	81.948	83.982	85.831	82.508	72.794	66.654	77.221	77.991	72.917	5.2	25.5	49.706665	68.7175	59.0525	70.11			0	1	0	0	0	0	0	0	1	0	0	0	0	1	0	0	2	0	0	0	0	0	0	0	0	0	0	3	0	0	0	1		1	0	0	0	0	0	0	0	0	0	0	0	0	0	0	0	0	1	0	0	0	0	0	0	0	0	0	0	0	0	0	0	0	0	0	0	0	0	0	0	0	0	0	0	0	0	0	2	0	0	2012.0	419.0	"A"	0.29	0.0	"OBC"	0.0	"OBC"	2	1.0	1.0	1.0	0.53333336	0.9247312	0.9175	0.0	1.0	14.923076923076923	6.585275619681834	0.0	0.0	0.0	0.07692308	0.0	0.0	0.46153846	0.0	0.0	0.0	0.0	0.0	0.15384616	0.0	0.23076923	0.07692308	0.0	13.0	"SS"	5	1.0	0.0	0.0	0.0	0.0	0.0
224		"SS"	"Male"	"Ganesh Yashwant Sanap"	35	"Ninth"		"Yes"	1	2	2431000.0		78	79	10	22	38	56	2015							80.487	74.199	80.529	84.655	74.251	81.268	81.962	84.407	81.987	63.453	65.164	60.511	60.362	61.786	9.6	26.8	77.77333	83.6975	53.455	83.9625			0	0	0	0	0	0	0	0	0	0	0	0	0	0	0	0	1	1	0	0	0	0	0	0	0	0	0	0	0	0	0	0		0	0	0	0	0	0	0	0	0	0	0	0	0	0	0	0	0	0	0	0	0	0	0	0	0	1	0	0	0	0	0	0	0	0	0	0	0	0	0	0	0	0	0	0	0	0	0	0	0	0	2012.0	419.0	"A"	0.29	0.0	"OBC"	0.0	"OBC"	2	1.0	1.0	0.98734176	0.45454547	0.9064748	0.40516666	0.0	1.0	15.0	0.0	0.0	0.0	0.0	0.0	0.0	0.0	0.33333334	0.33333334	0.0	0.33333334	0.0	0.0	0.0	0.0	0.0	0.0	0.0	3.0	"SS"	5	1.0	0.0	0.0	0.0	0.0	0.0
224		"SS"	"Male"	"Ganesh Yashwant Sanap"	36	"Ninth"		"Yes"	1	2	8934304.0		72	74	13	19	43	50	2016	1						77.568	65.751	65.347	81.608	71.508	74.235	78.275	84.436	81.103	55.146	55.348	61.408	65.953	67.569	39.4	60.6	61.28	94.95	65.05	73.4625			0	0	0	0	0	0	0	0	0	1	0	0	0	0	0	0	2	0	0	0	0	0	0	0	0	0	0	1	0	0	0	0		0	0	0	0	0	0	0	0	0	0	0	0	0	0	0	0	0	0	0	0	0	0	0	0	0	0	0	0	0	0	0	0	0	0	0	0	0	0	0	0	0	0	0	0	0	0	1	0	0	0	2012.0	419.0	"A"	0.29	0.0	"OBC"	0.0	"OBC"	2	1.0	1.0	0.972973	0.68421054	0.9411765	0.7445253	0.0	1.0	11.0	3.505291005291005	0.0	0.0	0.2	0.0	0.0	0.0	0.6	0.0	0.0	0.0	0.0	0.0	0.0	0.0	0.2	0.0	0.0	5.0	"SS"	5	1.0	0.0	0.0	0.0	0.0	0.0
224	"OBC-W"	"INC"	"Female"	"Afreen Javed Shaikh"	38	"HSC"		"Yes"	0		4282386.5		69	102	15	18	8	14	2018		29339	"7681"		"AIMIM"	"1827"	74.3	73.561	71.797	79.566		81.851	85.455	87.515	86.143	73.914	71.29	70.496	73.238	73.542	100.0	97.5	72.42	29.3075	82.0375	78.7125		72.044	0	0	0	0	0	0	0	0	0	0	0	0	0	0	0	0	0	0	0	0	0	0	0	0	0	0	0	0	0	0	0	0	2	0	0	0	0	0	0	0	0	0	0	0	0	0	0	0	0	0	0	0	0	0	0	0	0	0	0	0	0	0	0	0	0	0	0	0	0	0	0	0	0	0	0	0	0	0	0	0	1	0	0	2017.0	420.0	"B"	0.13	1.0		1.0	"OBC"	2	1.0	0.0	0.6764706	0.8333333	0.71875	0.7137311	0.0	1.0	8.86	0.6739305891848265	0.0	0.0	0.0	0.0	0.0	0.0	0.0	0.0	0.0	0.0	0.0	0.0	0.33333334	0.0	0.0	0.6666667	0.0	3.0	"INC"	2	0.0	1.0	1.0			0.13
225		"INC"	"Male"	"Vinod Shekhar"									48	51	1	14	27	31	2011			"5644"		"BJP"	"3004"	65.269	63.118	66.255	67.003		66.022	64.665	66.494	65.2	64.02	63.276	61.71	65.401	64.959					77.9425		119		0	1	0	0	0	1	0	0	0	0	0	0	8	0	3	2	1	0	0	0	0	0	0	0	0	0	1	5	0	3	0	1	4	0	0	4	0	0	0	0	0	0	0	0	0	0	0	0	0	0	2	0	0	0	0	1	3	1	0	0	0	0	1	1	4	0	0	0	0	2	0	0	0	0	0	0	0	0	2	0	3	0	1	2007.0	421.0	"A"	0.29	0.0		0.0			1.0		0.9411765	0.071428575	0.82608694				12.872727272727273	4.975950157329546	0.14545454	0.0	0.0	0.10909091	0.09090909	0.10909091	0.16363636	0.0	0.0	0.0	0.07272727	0.0	0.054545455	0.0	0.10909091	0.09090909	0.054545455	55.0	"INC"	2	0.0	0.0	0.0	0.0	0.0	0.0
225	"W"	"INC"	"Female"	"Sushama Appaji Salunkhe"	31	"Upto SSC"		"Not given"	0		4984828.5		69	70	13	18	15	18	2013			"6093"		"MNS"	"240"	57.852	56.775	65.599	74.647	53.552	70.782	74.259	69.235	67.699	54.062	53.786	60.339	64.453	61.597	68.0	68.3	72.01	71.705	76.4525	69.79			0	0	0	0	0	0	0	0	0	0	0	0	0	0	1	0	0	0	0	0	0	0	0	0	0	0	0	0	0	1	0	0		0	0	0	0	0	0	0	0	0	0	0	0	0	0	0	0	0	0	0	0	0	0	0	0	0	0	0	0	0	0	0	0	0	0	0	0	0	0	0	0	0	0	0	0	0	0	0	0	0	0	2012.0	422.0	"A"	0.29	1.0	"OBC-W"	1.0	"OBC"	2	1.0	0.0	0.98571426	0.7222222	0.94174755	0.83080477	0.0	0.0	14.0	1.6097560975609757	0.0	0.0	0.0	0.0	0.0	0.0	0.5	0.0	0.0	0.0	0.5	0.0	0.0	0.0	0.0	0.0	0.0	2.0	"INC"	2	0.0	0.0	0.0	0.0	0.0	0.29
225	"W"	"INC"	"Female"	"Sushama Appaji Salunkhe"	32	"Upto SSC"		"Not given"	0		1.1125E7		62	65	8	15	15	17	2014							56.039	53.256	50.688	59.305	54.406	66.978	70.739	78.231	74.662	50.043	60.79	54.027	55.75	59.218	10.5	15.5	56.24	52.045	57.47	62.7825			0	1	0	0	0	0	0	0	0	0	0	0	0	0	0	0	0	0	0	0	0	0	0	0	0	0	0	0	0	0	0	0		0	0	0	0	0	0	0	0	0	0	0	0	0	0	0	0	0	0	0	0	0	0	0	0	1	0	0	0	0	0	0	0	0	0	0	0	0	0	0	0	0	0	0	0	0	0	0	0	0	0	2012.0	422.0	"A"	0.29	1.0	"OBC-W"	1.0	"OBC"	2	1.0	0.0	0.95384616	0.53333336	0.8947368	0.9270833	0.0	0.0	6.0	0.5697373288938217	0.0	0.0	0.0	0.0	0.5	0.0	0.5	0.0	0.0	0.0	0.0	0.0	0.0	0.0	0.0	0.0	0.0	2.0	"INC"	2	0.0	0.0	0.0	0.0	0.0	0.29
225	"W"	"INC"	"Female"	"Sushama Appaji Salunkhe"	33	"Upto SSC"		"Not given"	0		3783000.0		72	79	12	22	16	24	2015							66.958	52.569	49.631	73.491	66.623	80.967	82.826	78.417	74.61	57.494	57.184	58.782	70.512	69.12	22.0	91.4	75.98	76.125	78.6075	63.18			0	0	0	0	0	0	0	0	0	0	0	1	0	0	0	0	0	0	0	0	0	0	0	1	0	0	0	0	0	1	0	0		2	0	0	0	0	0	0	0	0	0	0	0	0	0	0	0	0	0	0	0	0	0	0	0	0	0	0	0	1	0	0	0	0	0	0	0	0	0	0	0	0	0	0	0	0	3	2	3	1	0	2012.0	422.0	"A"	0.29	1.0	"OBC-W"	1.0	"OBC"	2	1.0	0.0	0.9113924	0.54545456	0.85470086	0.6305	0.0	0.0	12.6	1.4485981308411215	0.0	0.0	0.13333334	0.33333334	0.0	0.06666667	0.0	0.0	0.0	0.0	0.13333334	0.0	0.2	0.0	0.06666667	0.0	0.06666667	15.0	"INC"	2	0.0	0.0	0.0	0.0	0.0	0.29
225	"W"	"INC"	"Female"	"Sushama Appaji Salunkhe"	34	"Upto SSC"		"Not given"	0		7683801.0		74	74	14	19	15	18	2016							77.34	73.577	77.805	80.46	67.979	77.804	77.064	80.648	78.34	78.35	71.466	75.873	72.928	73.752	0.9	11.0	61.16	79.855	73.6	84.405			0	5	0	0	0	0	2	0	1	2	0	0	3	0	0	0	1	1	0	0	0	0	0	0	0	0	0	6	0	0	2	7	7	1	0	0	0	0	0	0	1	0	0	0	0	0	0	0	0	0	0	0	0	1	0	0	0	0	0	0	0	3	2	1	1	0	0	0	0	0	0	0	0	0	0	0	0	1	2	1	2	3	1	2012.0	422.0	"A"	0.29	1.0	"OBC-W"	1.0	"OBC"	2	1.0	0.0	1.0	0.7368421	0.9537037	0.6403167	0.0	0.0	16.842105263157894	4.279100529100528	0.05263158	0.01754386	0.01754386	0.05263158	0.0	0.12280702	0.19298245	0.01754386	0.0	0.0	0.03508772	0.01754386	0.03508772	0.0	0.1754386	0.24561404	0.01754386	57.0	"INC"	2	0.0	0.0	0.0	0.0	0.0	0.29
225	"SC-W"	"SS"	"Female"	"Sujata Digvijay Sanap"	35	"Graduate"		"Yes"	0		4297997.0		98	102	16	18	150	152	2018		30514	"10388"		"BJP"	"3502"	83.17	80.39	77.536	77.83		77.136	75.64	79.765	70.982	78.784	76.524	75.604	76.923	77.084	0.0	34.4	48.216667	44.1875	94.075	74.955		76.505	0	0	0	0	0	0	0	0	0	0	0	0	0	0	0	0	0	0	0	0	0	0	0	0	0	0	0	2	0	0	0	0	1	0	0	0	0	0	0	0	0	0	0	0	0	0	0	0	0	0	0	0	0	0	0	0	0	0	0	0	0	0	0	0	0	0	0	0	0	0	0	0	0	0	0	0	0	1	0	0	4	0	0	2017.0	423.0	"A"	0.29	1.0		1.0	"SCST"	3	1.0	0.0	0.9607843	0.8888889	0.9777778	0.71633285	1.0	1.0	10.001	2.0824634655532357	0.0	0.125	0.0	0.0	0.0	0.0	0.0	0.0	0.0	0.0	0.0	0.0	0.5	0.0	0.25	0.125	0.0	8.0	"SS"	5	1.0	0.0	0.0			0.29
226		"INC"	"Female"	"Geeta Chedilal Kanojia"									40	51	10	14	0	0	2011			"4315"		"BBM"	"601"	78.134	78.091	77.32	77.552		76.256	75.912	76.37	76.62	74.257	75.182	73.476	76.404	76.126					58.045		122		0	0	0	0	0	0	0	0	0	0	0	0	0	0	0	0	0	0	0	0	0	0	0	0	0	0	0	0	0	0	0	0		0	0	0	0	0	0	0	0	0	0	0	0	0	0	0	0	0	0	0	0	0	0	0	0	0	0	0	0	0	0	0	0	0	0	0	0	0	0	0	0	0	0	0	0	0	0	0	1	0	0	2007.0	424.0	"A"	0.29	1.0		0.0			1.0		0.78431374	0.71428573	0.7692308				6.0	0.0	0.0	0.0	0.0	0.0	0.0	0.0	0.0	0.0	0.0	0.0	0.0	0.0	1.0	0.0	0.0	0.0	0.0	1.0	"INC"	2	0.0	0.0	0.0	0.0	0.0	0.0
226	"W"	"INC"	"Female"	"Anita Ramesh Yadav"	44	"HSC"		"Yes"	0		5918997.5		59	70	15	18	21	25	2013			"6568"		"MNS"	"20"	54.719	59.704	36.141	61.446	63.952	71.19	72.631	78.279	74.527	55.507	60.054	48.032	51.092	53.913	34.1	54.4	57.363335	63.0675	64.715	67.0675			0	0	0	0	0	0	0	0	0	0	0	0	0	0	0	0	0	0	0	0	0	0	0	0	0	0	0	0	0	0	0	0		0	0	0	0	0	0	0	0	0	0	0	0	0	0	0	0	0	0	0	0	0	0	0	0	0	0	0	0	0	0	0	0	0	0	0	0	0	0	0	0	0	0	0	0	0	0	0	0	0	0	2012.0	425.0	"A"	0.29	1.0	"W"	1.0	"G"	1	0.0	0.0	0.8428571	0.8333333	0.8715596	0.9864996	0.0	1.0	0.0	0.0																		0.0	"INC"	2	0.0	0.0	0.0	0.0	0.0	0.29
226	"W"	"INC"	"Female"	"Anita Ramesh Yadav"	45	"HSC"		"Yes"	0		1.1919E7		51	65	11	15	16	22	2014							73.832	72.897	69.324	78.202	67.408	80.438	84.514	86.025	82.844	64.799	65.846	69.341	73.497	65.497	17.1	25.1	60.053333	69.5	58.4575	76.8475			0	0	0	0	0	0	0	0	0	0	0	0	0	0	0	0	0	0	0	0	0	0	0	0	0	0	0	0	0	0	0	0		0	0	0	0	0	0	0	0	0	0	0	0	0	0	0	0	0	0	0	0	0	0	0	0	0	0	0	0	0	0	0	0	0	0	0	0	0	0	0	0	0	0	0	0	0	0	0	0	0	0	2012.0	425.0	"A"	0.29	1.0	"W"	1.0	"G"	1	0.0	0.0	0.7846154	0.73333335	0.8125	0.99325	0.0	1.0	0.0	0.0																		0.0	"INC"	2	0.0	0.0	0.0	0.0	0.0	0.29
226	"W"	"INC"	"Female"	"Anita Ramesh Yadav"	46	"HSC"		"Yes"	0		3014000.0		44	79	12	22	30	41	2015							49.831	43.466	35.899	66.491	50.768	70.459	74.207	81.035	79.463	44.63	48.114	48.273	62.39	55.022	5.5	39.5	51.036667	63.14	79.735	54.42			0	0	0	0	0	0	0	0	0	0	0	0	0	0	0	0	0	0	0	0	0	0	0	0	0	0	0	1	0	0	0	0		0	0	0	0	0	0	0	0	0	0	0	0	0	0	0	0	0	0	0	0	0	0	0	0	0	0	0	0	0	0	0	0	0	0	0	0	0	0	0	0	0	0	0	0	0	0	0	0	0	0	2012.0	425.0	"A"	0.29	1.0	"W"	1.0	"G"	1	0.0	0.0	0.556962	0.54545456	0.65648854	0.50233334	0.0	1.0	8.0	2.980269989615784	0.0	0.0	0.0	0.0	0.0	0.0	0.0	0.0	0.0	0.0	0.0	0.0	0.0	0.0	1.0	0.0	0.0	1.0	"INC"	2	0.0	0.0	0.0	0.0	0.0	0.29
226	"W"	"INC"	"Female"	"Anita Ramesh Yadav"	47	"HSC"		"Yes"	0		8939275.0		74	74	19	19	25	27	2016							79.399	73.685	71.596	84.367	76.572	77.576	79.739	84.566	81.739	70.807	71.068	73.9	74.292	76.104	0.7	45.0	66.44	81.515	83.215	75.17			0	0	0	0	0	0	0	0	0	0	1	0	0	0	0	0	0	0	0	0	0	0	0	0	0	0	0	0	0	0	2	0	1	0	0	0	0	0	0	0	0	0	0	0	0	0	0	0	0	0	0	0	0	0	0	0	0	0	0	0	0	0	0	0	0	0	0	0	0	0	0	0	0	0	0	0	0	0	0	0	0	0	0	2012.0	425.0	"A"	0.29	1.0	"W"	1.0	"G"	1	0.0	0.0	1.0	1.0	1.0	0.74493957	0.0	1.0	12.5	1.7923280423280423	0.0	0.0	0.0	0.0	0.0	0.0	0.0	0.0	0.25	0.0	0.5	0.0	0.0	0.0	0.0	0.25	0.0	4.0	"INC"	2	0.0	0.0	0.0	0.0	0.0	0.29
226	"W"	"BJP"	"Female"	"Harshita Ashwin Narwekar"	40	"Post Graduate"		"Yes"	0		5228453.5		86	102	11	18	16	22	2018		28878	"11053"		"SS"	"4201"	68.72	58.09	68.697	74.451		73.325	78.904	80.543	81.019	61.189	62.891	66.142	80.085	62.779	98.3	75.5	51.953335	38.925	72.55	69.6725		52.347	0	0	0	0	0	0	0	0	0	0	0	0	0	0	0	0	0	0	0	0	0	0	0	0	0	0	0	0	0	0	0	0		0	0	0	0	0	0	0	0	0	0	0	0	0	0	0	0	0	0	0	0	0	0	0	0	0	0	0	0	0	0	0	0	0	0	0	0	0	0	0	0	0	0	0	0	0	0	0	2	0	0	2017.0	426.0	"A"	0.29	1.0		1.0	"G"	1	0.0	0.0	0.84313726	0.6111111	0.8308824	0.87140894	1.0	1.0	3.786	0.0	0.0	0.0	0.0	0.0	0.0	0.0	0.0	0.0	0.0	0.0	0.0	0.0	1.0	0.0	0.0	0.0	0.0	2.0	"BJP"	1	0.0	0.0	0.0			0.29
227	"W"	"INC"	"Female"	"Prema Vijay Singh"									49	51	14	14	13	15	2011			"1110"		"SS"	"537"	72.575	71.091	73.328	72.598		74.819	74.869	72.628	71.762	73.232	72.736	73.11	72.512	71.515					48.48		122		0	0	0	0	0	0	0	0	0	0	0	0	0	0	0	0	0	0	0	0	0	0	0	0	0	0	0	0	0	0	0	0		0	0	0	0	0	0	0	0	0	0	0	0	0	0	0	0	0	0	0	0	0	0	0	0	0	0	0	0	0	0	0	0	0	0	0	0	0	0	0	0	0	0	0	0	0	0	0	1	0	0	2007.0	427.0	"A"	0.29	1.0		1.0	"G"	1	0.0		0.9607843	1.0	0.974359				6.0	0.0	0.0	0.0	0.0	0.0	0.0	0.0	0.0	0.0	0.0	0.0	0.0	0.0	1.0	0.0	0.0	0.0	0.0	1.0	"INC"	2	0.0	0.0	0.0	0.0	0.0	0.29
227		"IND"	"Male"	"Makarand Suresh Narvekar"	34	"B.com"	"L.L.B."	"Yes"	0		5155319.5		60	70	15	18	39	47	2013			"2208"		"MNS"	"1293"	67.9	60.305	48.938	75.13	57.961	78.645	82.528	81.696	80.441	62.881	64.856	57.403	61.955	64.288	0.0	70.9	65.13333	67.46	75.0775	69.315			0	1	0	0	0	0	0	0	1	0	0	0	0	0	0	0	0	0	0	0	0	0	0	0	0	0	0	2	0	1	0	0		0	0	0	0	0	0	0	0	0	0	0	0	0	0	0	0	0	0	0	0	0	0	0	1	1	0	0	0	0	0	0	0	0	0	0	0	0	0	0	0	0	0	0	0	0	0	0	1	0	0	2012.0	428.0	"A"	0.29	0.0	"G"	0.0	"G"	1	0.0	0.0	0.85714287	0.8333333	0.8976378	0.8592199	1.0	1.0	14.0	4.179636082075106	0.0	0.0	0.0	0.0	0.25	0.0	0.25	0.0	0.0	0.0	0.125	0.0	0.125	0.0	0.25	0.0	0.0	8.0	"_Other"	6	0.0	0.0	0.0	0.0	0.0	0.0
227		"IND"	"Male"	"Makarand Suresh Narvekar"	35	"B.com"	"L.L.B."	"Yes"	0		1.0154E7		46	65	10	15	20	29	2014							71.626	67.356	65.217	75.079	62.465	77.081	84.233	86.618	82.401	63.956	65.707	67.899	72.805	63.997	8.0	30.9	56.413334	76.0	56.66	68.3725			0	3	0	0	0	0	0	0	0	1	0	0	0	0	0	0	0	0	0	0	0	0	0	0	0	0	0	0	1	0	0	0		0	0	0	0	0	0	0	0	0	0	0	0	0	0	0	0	0	0	1	0	0	0	0	1	0	0	0	0	0	0	1	0	0	0	0	0	0	0	0	0	0	1	0	0	0	0	0	0	0	0	2012.0	428.0	"A"	0.29	0.0	"G"	0.0	"G"	1	0.0	0.0	0.7076923	0.6666667	0.76	0.8461667	1.0	1.0	11.0	0.7140214576396595	0.0	0.0	0.0	0.0	0.11111111	0.11111111	0.44444445	0.0	0.0	0.0	0.0	0.11111111	0.0	0.11111111	0.0	0.0	0.11111111	9.0	"_Other"	6	0.0	0.0	0.0	0.0	0.0	0.0
227		"IND"	"Male"	"Makarand Suresh Narvekar"	36	"B.com"	"L.L.B."	"Yes"	0		2999000.0		46	79	4	22	38	64	2015							52.296	41.265	44.909	60.652	51.431	65.282	68.714	80.276	56.783	45.159	43.501	51.299	67.315	63.582	0.0	83.6	60.316666	61.165	80.1575	57.675			0	4	0	0	0	0	1	0	0	1	0	0	5	0	0	0	2	0	0	0	0	0	0	0	0	0	0	1	1	0	0	0		2	0	0	0	0	0	0	0	0	0	0	0	0	0	0	0	0	0	0	0	0	0	1	2	1	0	0	0	0	0	0	0	0	0	0	0	0	0	0	0	1	0	0	0	0	0	0	0	0	0	2012.0	428.0	"A"	0.29	0.0	"G"	0.0	"G"	1	0.0	0.0	0.5822785	0.18181819	0.63309354	0.49983335	1.0	1.0	12.545454545454545	2.5575713151304136	0.22727273	0.0	0.0	0.09090909	0.18181819	0.0	0.36363637	0.0	0.0	0.0	0.0	0.0	0.0	0.045454547	0.045454547	0.0	0.045454547	22.0	"_Other"	6	0.0	0.0	0.0	0.0	0.0	0.0
227		"IND"	"Male"	"Makarand Suresh Narvekar"	37	"B.com"	"L.L.B."	"Yes"	0		8914474.0		39	74	6	19	32	64	2016							73.656	64.548	72.963	74.349	65.142	73.161	74.943	77.426	77.525	75.834	76.428	78.317	75.05	78.21	1.0	4.0	50.493332	79.285	89.285	58.75			0	2	0	0	0	0	0	1	0	4	0	0	2	0	0	0	0	0	0	0	0	0	0	0	0	0	0	0	0	0	0	0		2	0	1	0	0	0	0	0	0	0	0	0	0	0	0	0	0	0	0	0	0	0	0	0	0	0	0	0	0	0	0	0	5	0	0	0	0	0	4	0	0	0	0	0	0	0	0	0	0	0	2012.0	428.0	"A"	0.29	0.0	"G"	0.0	"G"	1	0.0	0.0	0.527027	0.31578946	0.616	0.74287283	1.0	1.0	10.714285714285715	1.4087301587301586	0.0952381	0.0	0.0	0.14285715	0.0	0.0	0.33333334	0.0	0.0	0.0	0.0	0.0	0.0	0.1904762	0.0	0.0	0.23809524	21.0	"_Other"	6	0.0	0.0	0.0	0.0	0.0	0.0
227	"G"	"BJP"	"Male"	"Makarand Suresh Narwekar"	40	"B.Com, L.L.B."		"Yes"	0		5062240.5		72	102	6	18	144	198	2018		28753	"6987"		"SS"	"5046"	78.803	69.121	72.685	69.023		71.905	66.716	65.568	60.969	65.792	60.781	58.874	56.551	57.407	0.0	84.6	99.43667	51.03	97.245	67.88		56.468	0	0	0	0	0	0	0	0	0	2	0	0	0	0	0	0	0	0	0	0	0	0	0	0	0	0	0	1	0	0	0	0		0	0	0	0	0	0	0	0	0	0	0	0	0	0	0	0	0	0	0	0	0	0	1	1	1	0	0	0	0	0	0	0	0	0	0	0	0	0	0	0	0	0	0	0	0	0	0	1	0	0	2017.0	429.0	"A"	0.29	0.0		0.0	"G"	1	0.0	0.0	0.7058824	0.33333334	0.84090906	0.8437067	1.0	1.0	9.117714285714285	1.534446764091858	0.0	0.0	0.0	0.0	0.42857143	0.0	0.2857143	0.0	0.0	0.0	0.0	0.0	0.14285715	0.0	0.14285715	0.0	0.0	7.0	"BJP"	1	0.0	0.0	0.0			0.0
8																			2014																													0	0	0	0	0	0	0	0	0	0	0	0	0	0	0	0	0	0	0	0	0	0	0	0	0	0	0	0	0	0	0	0		0	0	0	0	0	0	0	0	0	0	0	0	0	0	0	0	0	0	0	0	0	0	0	0	0	0	0	0	0	0	0	0	0	0	0	0	0	0	0	0	0	0	0	0	0	0	0	0	0	0																		10.2	3.4998125234345703																			"_Other"	6	0.0	0.0		0.0		
